004004,Z-WPC,B732,BOEING 737-200,L2J,M
008D04,ZS-EXN,PA25,PIPER PA-25 Pawnee,L1P,L
00A304,ZS-NGD,ST75,STEARMAN Kaydet,L1P,L
00A704,ZS-OTN,E135,EMBRAER ERJ-135,L2J,M
00B104,ZS-SNZ,E135,EMBRAER ERJ-135,L2J,M
010104,SU-GDH,E170,EMBRAER ERJ-170-100,L2J,M
010204,SU-GFJ,A20N,AIRBUS A-320neo,L2J,M
018004,5A-DDT,BE20,BEECH 200 Super King Air,L2T,M
020104,CN-RGM,B738,BOEING 737-800,L2J,M
03E004,TR-KSP,GLF4,GULFSTREAM 4,L2J,M
040104,ET-ASJ,B738,BOEING 737-800,L2J,M
040204,ET-AYN,A359,AIRBUS A-350-900,L2J,H
05A004,8Q-IAP,DH8C,DE HAVILLAND DHC-8-300 Dash 8,L2T,M
06A104,A7-ALP,A359,AIRBUS A-350-900,L2J,H
06A204,QA269,NH90,NHI NH-90,H2T,M
084004,1402,C27J,ALENIA C-27J Spartan,L2T,M
094004,TY-26A,MA60,XIAN MA-60,L2T,M
0A4004,7T-WVB,EH10,AGUSTA WESTLAND EH-101 Merlin,H3T,M
0AA004,8P-MSD,GLF5,GULFSTREAM 5,L2J,M
0AB004,V3-HHL,C208,CESSNA 208 Caravan,L1T,L
0AC204,FAC5766,C25A,CESSNA 525A Citation CJ2,L2J,L
0AC404,HK-5184G,C421,CESSNA 421 Executive Commuter,L2P,L
0AC904,FAC-4106,H60,SIKORSKY UH-60 Black Hawk,H2T,M
0AE004,TI-BCX,C208,CESSNA 208 Caravan,L1T,L
0B4104,TG-EDY,AEST,AEROSTAR 600,L2P,L
0B6004,8R-GHM,BN2P,BRITTEN-NORMAN BN-2 Islander,L2P,L
0C0004,YN-CIU,B06,BELL 206 JetRanger,H1T,L
0C2104,HP-1459,R44,ROBINSON R-44 Raven,H1P,L
0C4304,HI069,MD82,MCDONNELL-DOUGLAS MD-82,L2J,M
0D0804,XA-AML,B738,BOEING 737-800,L2J,M
0D0904,XA-BVM,SU95,SUKHOI Superjet 100-95,L2J,M
0D0A04,XA-VLW,A321,AIRBUS A-321,L2J,M
0D0B04,XA-MAQ,B38M,BOEING 737 MAX 8,L2J,M
0D0D04,XB-OLN,RV10,VANS RV-10,L1P,L
0D0E04,XA-VSB,A21N,AIRBUS A-321neo,L2J,M
0D8204,YV2988,C550,CESSNA 550 Citation S2,L2J,L
141004,RA-04100,AS50,AEROSPATIALE AS-350 Ecureuil,H1T,L
143B04,RA-15108,M101,MYASISHCHEV M-101 Sokol,L1T,L
147B04,RA-31492,AN2,ANTONOV An-2,L1P,L
14FC04,RA-64516,T204,TUPOLEV Tu-204/214/224/234,L2J,M
150604,RA-67076,L410,LET L-410 Turbolet,L2T,L
150704,RA-67332,C172,CESSNA 172 Skyhawk,L1P,L
151D04,RF-72964,,,,
151E04,RA-73220,A319,AIRBUS A-319,L2J,M
152004,RA-73732,A20N,AIRBUS A-320neo,L2J,M
152B04,RF-76548,,,,
152C04,RA-76804,IL76,ILYUSHIN Il-76/82,L4J,H
155C04,RA-89092,SU95,SUKHOI Superjet 100-95,L2J,M
1F7B04,RA-97028,SU95,SUKHOI Superjet 100-95,L2J,M
300704,I-DADT,SR20,CIRRUS SR-20,L1P,L
300804,I-TAIL,M7,MAULE M-7,L1P,L
31D904,I-B437,PISI,PIPSTREL Sinus,L1P,L
31DD04,I-C694,MM16,MAGNI M-16 Tandem Trainer,G1P,L
31FF04,I-PDVR,P180,PIAGGIO P-180 Avanti,L2T,L
320004,MM62249,P180,PIAGGIO P-180 Avanti,L2T,L
33FE04,MM81779,H47,BOEING-VERTOL CH-47 Chinook,H2T,M
342104,EC-JFH,A320,AIRBUS A-320,L2J,M
342304,EC-HRJ,AEST,AEROSTAR 600,L2P,L
343104,EC-ISV,DHC6,DE HAVILLAND DHC-6 Twin Otter,L2T,L
343504,EC-LCU,R22,ROBINSON R-22 Mariner,H1P,L
344304,EC-LUB,A333,AIRBUS A-330-300,L2J,H
344404,EC-LTY,DA42,DIAMOND DA-42 Guardian,L2P,L
345204,EC-MKV,A319,AIRBUS A-319,L2J,M
345304,EC-336,A332,AIRBUS A-330-200,L2J,H
345504,EC-MQV,B412,BELL 412,H2T,L
346204,EC-NDN,A20N,AIRBUS A-320neo,L2J,M
346504,EC-KPO,C172,CESSNA 172 Skyhawk,L1P,L
383404,F-BNAE,C206,CESSNA  206 Stationair,L1P,L
390604,F-GBQE,C152,CESSNA 152,L1P,L
390A04,F-GCQE,P28A,PIPER PA-28-140/150/160/180,L1P,L
391504,F-GFIE,P28A,PIPER PA-28-140/150/160/180,L1P,L
391804,F-GGAE,P28A,PIPER PA-28-140/150/160/180,L1P,L
391F04,F-GHYE,PA32,PIPER PA-32,L1P,L
392404,F-GJAE,BALL,,B0-,-
392604,F-GJQE,DR40,ROBIN DR-400,L1P,L
392904,F-GKIE,BALL,,B0-,-
392A04,F-GKQE,DR40,ROBIN DR-400,L1P,L
392D04,F-GLIE,TB20,SOCATA TB-20 Trinidad,L1P,L
393204,F-GMQE,TB20,SOCATA TB-20 Trinidad,L1P,L
393B04,F-GOYE,PC6T,PILATUS PC-6 Turbo-Porter,L1T,L
394804,F-GSAE,BALL,,B0-,-
394A04,F-GSQE,B77W,BOEING 777-300ER,L2J,H
394C04,F-GTAE,A321,AIRBUS A-321,L2J,M
394D04,F-GTIE,AS50,AEROSPATIALE AS-350 Ecureuil,H1T,L
394F04,F-GTYE,TB20,SOCATA TB-20 Trinidad,L1P,L
395C04,F-GXAE,E55P,EMBRAER EMB-505 Phenom 300,L2J,M
398004,F-HAAE,DR40,ROBIN DR-400,L1P,L
398104,F-HAIE,APM3,ISSOIRE APM-30 Lion,L1P,L
398304,F-HAYE,BR23,BRM AERO Bristell B23,L1P,L
398504,F-HBIE,C172,CESSNA 172 Skyhawk,L1P,L
398704,F-HBYE,AS50,AEROSPATIALE AS-350 Ecureuil,H1T,L
398D04,F-HDIE,DA40,DIAMOND DA-40 Club Star,L1P,L
399004,F-HEAE,SIRA,TECNAM P-2002 Sierra,L1P,L
39A004,F-HIAE,SIRA,TECNAM P-2002 Sierra,L1P,L
39A204,F-HIQE,B738,BOEING 737-800,L2J,M
39A304,F-HIYE,DR40,ROBIN DR-400,L1P,L
39B104,F-HMIE,CRES,PACIFIC AEROSPACE Cresco,L1T,L
39B904,F-HOIE,P180,PIAGGIO P-180 Avanti,L2T,L
39C804,F-HSAE,CRUZ,CSA PS-28 Cruiser,L1P,L
39CF04,F-HTYE,A359,AIRBUS A-350-900,L2J,H
39D304,F-HUYE,B738,BOEING 737-800,L2J,M
3AAC04,F-MJBE,EC45,AIRBUS HELICOPTERS EC-145,H2T,L
3C1204,D-AVVJ,A320,AIRBUS A-320,L2J,M
3C4A04,D-ABPD,B789,BOEING 787-9 Dreamliner,L2J,H
3C6504,D-AIHD,A346,AIRBUS A-340-600,L4J,H
3C6604,D-AIPD,A320,AIRBUS A-320,L2J,M
3C6704,D-AIXD,A359,AIRBUS A-350-900,L2J,H
3CC004,D-CAAE,LJ45,LEARJET 45,L2J,M
3D0504,D-EADO,C172,CESSNA 172 Skyhawk,L1P,L
3D0604,D-EANK,G115,GROB G-115,L1P,L
3D0804,D-EBHC,DO27,DORNIER Do-27,L1P,L
3D0A04,D-ECAU,SR20,CIRRUS SR-20,L1P,L
3D0D04,D-EDEI,PULS,Pulsar,L1P,L
3D1004,D-EEHW,P210,CESSNA P210 Centurion,L1P,L
3D1104,D-EERS,P208,TECNAM P-2008,L1P,L
3D1204,D-EFBO,SR22,CIRRUS SR-22,L1P,L
3D1304,D-EFLK,C182,CESSNA 182 Skylane,L1P,L
3D1704,D-EGYU,RALL,SOCATA Rallye,L1P,L
3D1A04,D-EICI,HUSK,CHRISTEN Husky,L1P,L
3D1B04,D-EIME,A210,AQUILA A-210,L1P,L
3D1E04,D-EJPS,DV20,DIAMOND DA-20,L1P,L
3D2104,D-EKTG,TOBA,SOCATA Tobago,L1P,L
3D2204,D-ELDC,P28A,PIPER PA-28-140/150/160/180,L1P,L
3D2304,D-ELMY,HUSK,CHRISTEN Husky,L1P,L
3D2404,D-ELWU,C150,CESSNA 150,L1P,L
3D2704,D-ENAI,C152,CESSNA 152,L1P,L
3D2804,D-ENKE,IMPU,IMPULSE Xturn,L1P,L
3D2A04,D-EODW,C82R,CESSNA R182 Skylane RG,L1P,L
3D2B04,D-EONS,C172,CESSNA 172 Skyhawk,L1P,L
3D2C04,D-EOXO,C172,CESSNA 172 Skyhawk,L1P,L
3D2D04,D-EPHK,PA46,PIPER PA-46-310/350,L1P,L
3D3704,D-ETBW,PULS,Pulsar,L1P,L
3D3804,D-ETLS,M20T,MOONEY M-20T,L1P,L
3D3A04,D-EUFK,BT36,BEECH B36TC Bonanza,L1P,L
3D3D04,D-EVIY,HUSK,CHRISTEN Husky,L1P,L
3D6004,D-FIPO,P46T,PIPER PA-46-500TP,L1T,L
3D8504,D-FWPW,PC12,PILATUS PC-12,L1T,L
3DD304,D-HADW,EC45,AIRBUS HELICOPTERS EC-145,H2T,L
3DD404,D-HANS,R44,ROBINSON R-44 Raven,H1P,L
3DD804,D-HCBC,EC35,AIRBUS HELICOPTERS EC-135/635,H2T,L
3DDC04,D-HDOM,EC45,AIRBUS HELICOPTERS EC-145,H2T,L
3E0604,D-HTMA,EC35,AIRBUS HELICOPTERS EC-135/635,H2T,L
3E1204,D-HYAE,EC45,AIRBUS HELICOPTERS EC-145,H2T,L
3E1804,D-IAHG,C525,CESSNA 525 CitationJet,L2J,L
3E4704,D-ISCA,C303,CESSNA T303 Crusader,L2P,L
3E5F04,D-KBEI,GLID,,L0-,-
3E6304,D-KCRS,VENT,SCHEMPP-HIRTH Ventus,L1P,L
3E6704,D-KEFC,SF25,SCHEIBE SF-25 Falke,L1P,L
3E6C04,D-KGCI,S10S,STEMME S-10 Chrysalis,L1P,L
3E7204,D-KIJK,LAE1,LANGE E-1 Antares 20E,L1E,L
3E7904,D-KLAI,DIMO,DIAMOND H-36 Dimona,L1P,L
3E7A04,D-KLKE,DIMO,DIAMOND H-36 Dimona,L1P,L
3ECD04,D-KSPG,GLID,,L0-,-
3ECF04,D-KTIY,SF25,SCHEIBE SF-25 Falke,L1P,L
3ED704,D-KWJS,GLID,,L0-,-
3EDB04,D-KXXC,VENT,SCHEMPP-HIRTH Ventus,L1P,L
3EE104,D-0109,GLID,,L0-,-
3EE304,D-0621,GLID,,L0-,-
3EE404,D-0877,GLID,,L0-,-
3EF004,D-3949,GLID,,L0-,-
3EF204,D-4461,GLID,,L0-,-
3EF504,D-5229,GLID,,L0-,-
3F0204,D-8557,GLID,,L0-,-
3FCC04,D-OORS,BALL,,B0-,-
3FEB04,D-MFGO,EFOX,AEROPRO Eurofox,L1P,L
3FEC04,D-MNHP,G3,REMOS Mirage,L1P,L
3FED04,D-MXPR,C42,IKARUS C-42 Bison,L1P,L
3FEE04,D-MCKP,FK9,B&F TECHNIK FK-9,L1P,L
3FEF04,D-MWWM,GOLF,TECNAM P-96 Golf,L1P,L
3FF004,D-MXTA,JK05,EKOLOT JK-05,L1P,L
3FF104,D-MQBR,BREZ,AEROSTYLE Breezer,L1P,L
3FF204,D-MUBS,C42,IKARUS C-42 Bison,L1P,L
3FF304,D-MIRI,C42,IKARUS C-42 Bison,L1P,L
3FF404,D-MBBK,GYRO,,G0-,-
3FF504,D-MCBY,CDUS,AUTOGYRO Calidus,G1P,L
3FF904,D-MLSS,ULAC,,L0-,-
400804,G-EUPD,A319,AIRBUS A-319,L2J,M
400A04,G-CELX,B733,BOEING 737-300,L2J,M
400B04,G-JEDW,DH8D,DE HAVILLAND DHC-8-400 Dash 8,L2T,M
400C04,G-KENZ,VEZE,RUTAN VariEze,L1P,L
400D04,G-JKMI,DA42,DIAMOND DA-42 Guardian,L2P,L
400E04,G-BPKF,G115,GROB G-115,L1P,L
401004,G-BABG,P28A,PIPER PA-28-140/150/160/180,L1P,L
401104,G-GLOC,E200,EXTRA EA-200,L1P,L
401204,G-GAME,C303,CESSNA T303 Crusader,L2P,L
401304,G-CEVB,ULAC,,L0-,-
401804,G-AXDK,DR30,CENTRE EST Prince,L1P,L
401E04,G-BGYH,P28A,PIPER PA-28-140/150/160/180,L1P,L
402204,G-JANS,C172,CESSNA 172 Skyhawk,L1P,L
402604,G-AKTR,CH7A,BELLANCA 7 Champion,L1P,L
402804,G-AWIW,SV4,NORD SV-4,L1P,L
402A04,G-MDPI,A109,AGUSTA AW-109 Grand,H2T,L
402B04,G-BOJI,P28T,PIPER PA-28RT-201,L1P,L
402C04,G-BOWP,D11,JODEL D-11x/12x,L1P,L
402F04,G-BRER,CH7A,BELLANCA 7 Champion,L1P,L
403204,G-BSLW,CH7A,BELLANCA 7 Champion,L1P,L
403704,G-BUTX,BU33,BUCKER Bu-133 Jungmeister,L1P,L
403E04,G-OKEV,EUPA,Europa,L1P,L
404004,G-IVES,EUPA,Europa,L1P,L
404104,G-GFTA,P28A,PIPER PA-28-140/150/160/180,L1P,L
404204,G-BYOJ,XAIR,RAJ HAMSA X-AIR Falcon,L1P,L
404604,G-CBCZ,ULAC,,L0-,-
404704,G-CBMR,ULAC,,L0-,-
404804,G-CBVC,XAIR,RAJ HAMSA X-AIR Falcon,L1P,L
404C04,G-GRPA,C42,IKARUS C-42 Bison,L1P,L
404E04,G-WILT,C42,IKARUS C-42 Bison,L1P,L
404F04,G-OTCZ,VENT,SCHEMPP-HIRTH Ventus,L1P,L
405204,G-RMRV,RV7,VANS RV-7,L1P,L
405404,G-DBSA,GLID,,L0-,-
405704,G-XONE,CL60,BOMBARDIER CL-600 Challenger,L2J,M
405804,G-XERO,CRUZ,CSA PS-28 Cruiser,L1P,L
405904,G-DDND,GLID,,L0-,-
405D04,G-DCTX,GLID,,L0-,-
405E04,G-DCHL,GLID,,L0-,-
405F04,G-CFNZ,ULAC,,L0-,-
406004,G-XXED,S76,SIKORSKY S-76 Spirit,H2T,L
406204,G-LATE,F2TH,DASSAULT Falcon 2000,L2J,M
406304,G-CGLT,CRUZ,CSA PS-28 Cruiser,L1P,L
406404,G-CGPE,ULAC,,L0-,-
406604,G-FBJC,E170,EMBRAER ERJ-170-100,L2J,M
406704,G-MVGI,ULAC,,L0-,-
406804,G-VIKS,M7,MAULE M-7,L1P,L
406904,G-KINL,WCAT,GRUMMAN F4F Wildcat,L1P,L
406A04,G-XLEE,A388,AIRBUS A-380-800,L4J,H
406B04,G-CLME,VENT,SCHEMPP-HIRTH Ventus,L1P,L
406C04,G-CIHD,JS41,BRITISH AEROSPACE Jetstream 41,L2T,M
406F04,G-PPLS,C152,CESSNA 152,L1P,L
407204,G-TAAT,PA32,PIPER PA-32,L1P,L
407304,G-POMP,BALL,,B0-,-
407404,G-SLNG,SLG4,AIRPLANE FACTORY Sling 4,L1P,L
407504,G-CKUZ,B734,BOEING 737-400,L2J,M
407604,G-IPGL,A109,AGUSTA AW-109 Grand,H2T,L
407904,G-OZOE,BALL,,B0-,-
407B04,G-CLSN,E190,EMBRAER ERJ-190-100,L2J,M
407E04,G-YYES,SR20,CIRRUS SR-20,L1P,L
424404,VQ-BLV,GLF6,GULFSTREAM G650,L2J,M
424504,VQ-BIG,A332,AIRBUS A-330-200,L2J,H
424704,VP-CZH,A320,AIRBUS A-320,L2J,M
424B04,M-AGMA,GLEX,BOMBARDIER BD-700 Global 6000/6500,L2J,M
424C04,M-OWEN,AS55,AEROSPATIALE AS-355 Ecureuil 2,H2T,L
43C304,ZH824,EH10,AGUSTA WESTLAND EH-101 Merlin,H3T,M
43EB04,2-RIOH,NAVI,NORTH AMERICAN Navion,L1P,L
440104,OE-XMF,H269,HUGHES Sky Knight,H1P,L
440204,OE-UDR,DA42,DIAMOND DA-42 Guardian,L2P,L
440604,OE-LZE,A320,AIRBUS A-320,L2J,M
440804,OE-KFG,C182,CESSNA 182 Skylane,L1P,L
440A04,OE-ILT,B77W,BOEING 777-300ER,L2J,H
440C04,OE-HZB,AT43,ATR-42-300,L2T,M
447D04,7L-WB,EUFI,EUROFIGHTER 2000,L2J,M
448D04,OO-CHD,C150,CESSNA 150,L1P,L
448E04,OO-CPD,DR40,ROBIN DR-400,L1P,L
44DA04,OO-VPD,PA34,PIPER PA-34 Seneca,L2P,L
44F104,FA-84,F16,GENERAL DYNAMICS F-16 Fighting Falcon,L1J,M
451F04,LZ-LDK,MD82,MCDONNELL-DOUGLAS MD-82,L2J,M
456004,TWR,TWR,,T0-,-
457C04,665,PC9,PILATUS PC-9 Hudournik,L1T,L
45A104,OY-HHD,R44,ROBINSON R-44 Raven,H1P,L
45A204,OY-HPD,R22,ROBINSON R-22 Mariner,H1P,L
45A304,OY-HXD,DUOD,SCHEMPP-HIRTH Duo Discus,L1P,L
45BA04,OY-NPD,SW4,SWEARINGEN Metro,L2T,M
45C104,OY-PHD,P46T,PIPER PA-46-500TP,L1T,L
461404,OH-HPC,R44,ROBINSON R-44 Raven,H1P,L
46A204,SX-HPD,EC35,AIRBUS HELICOPTERS EC-135/635,H2T,L
470404,HA-BNO,C172,CESSNA 172 Skyhawk,L1P,L
473C04,33,SB39,SAAB 39 Gripen,L1J,M
478404,LN-OGE,AS50,AEROSPATIALE AS-350 Ecureuil,H1T,L
47C304,LN-HAU,PA18,PIPER PA-18 Super Cub,L1P,L
47C404,LN-YBO,WT9,AEROSPOOL WT-9 Dynamic,L1P,L
480404,J-004,F16,GENERAL DYNAMICS F-16 Fighting Falcon,L1J,M
480804,S-438,AS3B,AEROSPATIALE AS-332 Super Puma Mk2,H2T,M
480C04,G-275,C130,LOCKHEED C-130 Hercules,L4T,M
484004,PH-BFE,B744,BOEING 747-400,L4J,H
484204,GND,GND,,V0-,-
484604,PH-LCN,PELI,FLYER Pelican,L1P,L
484704,PH-1397,VENT,SCHEMPP-HIRTH Ventus,L1P,L
484804,PH-1197,GLID,,L0-,-
484B04,PH-KZW,F70,FOKKER 70,L2J,M
484D04,PH-4G9,C42,IKARUS C-42 Bison,L1P,L
485004,PH-1BG,ZZZZ,,-0-,-
485404,PH-1SW,ZZZZ,,-0-,-
485504,PH-1ZQ,ZZZZ,,-0-,-
485604,PH-DFK,BALL,,B0-,-
486204,PH-RRV,RV6,VANS RV-6,L1P,L
486404,PH-WTN,EC30,AIRBUS HELICOPTERS EC-130,H1T,L
488204,SP-ARE,P46T,PIPER PA-46-500TP,L1T,L
48AD04,SP-LIE,E170,EMBRAER ERJ-170-100,L2J,M
48AE04,SP-LRE,B788,BOEING 787-8 Dreamliner,L2J,H
48B204,SP-MRE,B762,BOEING 767-200,L2J,H
48BA04,SP-ORE,DA42,DIAMOND DA-42 Guardian,L2P,L
48C004,SP-RAE,M20T,MOONEY M-20T,L1P,L
48C504,SP-SIE,P208,TECNAM P-2008,L1P,L
48D104,SP-WIE,Z42,ZLIN Z-42/142/242,L1P,L
48D904,037,PZ3T,PZL-OKECIE PZL-130 Orlik,L1T,L
48E304,TWR,TWR,,T0-,-
48FE04,SP-SKRE,AP32,AEROPRACT A-32,L1P,L
490D04,CS-CHD,CL35,BOMBARDIER BD-100 Challenger 350,L2J,M
492104,CS-HHD,AS50,AEROSPATIALE AS-350 Ecureuil,H1T,L
494104,CS-PHD,E55P,EMBRAER EMB-505 Phenom 300,L2J,M
495304,CS-TXD,A21N,AIRBUS A-321neo,L2J,M
497C04,19604,EH10,AGUSTA WESTLAND EH-101 Merlin,H3T,M
49C004,OK-JUU20,SIRA,TECNAM P-2002 Sierra,L1P,L
49C104,OK-UUA 95,TL30,TL ULTRALIGHT TL-3000 Sirius,L1P,L
49C204,OK-YAI51,NG5,BRM AERO NG-5/6 Bristell,L1P,L
49D004,OK-DSC,EC35,AIRBUS HELICOPTERS EC-135/635,H2T,L
49D104,OK-BBA,BE9L,BEECH 90 King Air,L2T,L
49D304,OK-RAH,BE40,BEECH 400 Beechjet,L2J,M
49D404,OK-CLO,DV20,DIAMOND DA-20,L1P,L
49F004,GND,GND,,V0-,-
4A3604,201,AS65,AEROSPATIALE AS-365 Dauphin 2,H2T,L
4A8F04,SE-CXD,C172,CESSNA 172 Skyhawk,L1P,L
4A9E04,SE-GPD,P28A,PIPER PA-28-140/150/160/180,L1P,L
4AAB04,SE-JXD,EC45,AIRBUS HELICOPTERS EC-145,H2T,L
4AAF04,SE-KXD,SF34,SAAB 340,L2T,M
4AB504,SE-MHD,ATP,BRITISH AEROSPACE ATP,L2T,M
4ACA04,SE-RPD,B738,BOEING 737-800,L2J,M
4ACB04,SE-RXD,B738,BOEING 737-800,L2J,M
4ADA04,SE-VPD,WT9,AEROSPOOL WT-9 Dynamic,L1P,L
4AE304,SE-XXD,MCR4,DYNAERO MCR-2/4,L1P,L
4B0404,HB-BNO,BALL,,B0-,-
4B0F04,HB-FRW,PC12,PILATUS PC-12,L1T,L
4B1804,HB-JCM,BCS3,AIRBUS A220-300,L2J,M
4B1904,HB-JMI,A343,AIRBUS A-340-300,L4J,H
4B1B04,HB-KGA,DR40,ROBIN DR-400,L1P,L
4B1F04,HB-LTK,DA42,DIAMOND DA-42 Guardian,L2P,L
4B2704,HB-OUE,J3,PIPER J-3 Cub,L1P,L
4B2C04,HB-QRK,BALL,,B0-,-
4B2D04,HB-RBG,ST75,STEARMAN Kaydet,L1P,L
4B3204,HB-SYM,PIVE,PIPSTREL Velis Electro,L1E,L
4B3704,HB-UVS,BU31,BUCKER Bu-131 Jungmann,L1P,L
4B3A04,HB-VZG,PC24,PILATUS PC-24,L2J,M
4B4304,HB-ZJW,R44,ROBINSON R-44 Raven,H1P,L
4B4404,HB-ZTS,R22,ROBINSON R-22 Mariner,H1P,L
4B4B04,HB-1629,GLID,,L0-,-
4B4C04,HB-1885,DISC,SCHEMPP-HIRTH Discus,L1P,L
4B4E04,HB-2397,AS26,SCHLEICHER ASH-26,L1P,L
4B5204,HB-3421,VENT,SCHEMPP-HIRTH Ventus,L1P,L
4B8204,57-2609,K35R,BOEING KC-135R/T Stratotanker,L4J,H
4B8304,93-057,CN35,CASA CN-235 Persuader,L2T,M
4B8E04,TC-CPD,B738,BOEING 737-800,L2J,M
4BA904,TC-JHD,B738,BOEING 737-800,L2J,M
4BCE04,TC-SPD,B738,BOEING 737-800,L2J,M
4CA204,258,LJ45,LEARJET 45,L2J,M
4CA304,EI-DLY,B738,BOEING 737-800,L2J,M
4CA604,EI-LFC,SIRA,TECNAM P-2002 Sierra,L1P,L
4CA704,EI-EBG,B738,BOEING 737-800,L2J,M
4CA804,EI-EKF,B738,BOEING 737-800,L2J,M
4CAC04,EI-KBK,A20N,AIRBUS A-320neo,L2J,M
4CAD04,EI-GYO,B738,BOEING 737-800,L2J,M
4D0104,LX-VCD,B748,BOEING 747-8,L4J,H
4D0204,LX-MOW,GLF6,GULFSTREAM G650,L2J,M
4D2104,9H-BOO,CRJ2,BOMBARDIER Regional Jet CRJ-200,L2J,M
4D2204,9H-JOS,C56X,CESSNA 560XL Citation XLS,L2J,M
4D2304,9H-VUF,B38M,BOEING 737 MAX 8,L2J,M
4D2404,9H-JANE,GLF5,GULFSTREAM 5,L2J,M
500104,T7-CAM,GLEX,BOMBARDIER BD-700 Global 6000/6500,L2J,M
500204,T7-RMH,CL60,BOMBARDIER CL-600 Challenger,L2J,M
505C04,OM-BYD,B429,BELL 429 GlobalRanger,H2T,L
505F04,OM-M618,ZZZZ,,-0-,-
506C04,S5-AAD,CRJ2,BOMBARDIER Regional Jet CRJ-200,L2J,M
506F04,S5-3039,GLID,,L0-,-
508404,UR-SQD,B737,BOEING 737-700,L2J,M
600804,4K-AZ04,A319,AIRBUS A-319,L2J,M
702C04,S3-AGD,C130,LOCKHEED C-130 Hercules,L4T,M
706004,9K-AKA,A320,AIRBUS A-320,L2J,M
70C104,A4O-MJ,B38M,BOEING 737 MAX 8,L2J,M
710104,HZ-AK26,B77W,BOEING 777-300ER,L2J,H
710204,HZ-MS71,B350,BEECHCRAFT Super King Air 350,L2T,M
710304,2205,PC21,PILATUS PC-21,L1T,L
71BA04,HL7204,B77W,BOEING 777-300ER,L2J,H
71BF04,HL7704,B739,BOEING 737-900,L2J,M
71C004,HL8004,A321,AIRBUS A-321,L2J,M
71C304,HL8304,B738,BOEING 737-800,L2J,M
71C504,HL8504,A21N,AIRBUS A-321neo,L2J,M
71CE04,HL9604,S76,SIKORSKY S-76 Spirit,H2T,L
71F904,55-036,C130,LOCKHEED C-130 Hercules,L4T,M
71FC04,65-329,E737,BOEING 737-700 AEWC,L2J,M
730E04,EP-CPD,MD83,MCDONNELL-DOUGLAS MD-83,L2J,M
738604,4X-CVH,G280,GULFSTREAM G280,L2J,M
738A04,859,BE20,BEECH 200 Super King Air,L2T,M
738C04,4X-AOO,B734,BOEING 737-400,L2J,M
739304,4X-AFV,AT8T,AIR TRACTOR AT-802,L1T,M
739404,4X-CCD,PA31,PIPER PA-31-300/310/325/350/425,L2P,L
739504,4X-HTS,TEXA,FLY SYNTHESIS Texan,L1P,L
750004,9M-FYA,AT75,ATR-72-500,L2T,M
750204,9M-MXD,B738,BOEING 737-800,L2J,M
750304,9M-LMK,AT76,ATR-72-600,L2T,M
750504,9M-VVA,A333,AIRBUS A-330-300,L2J,H
758304,RP-C9903,A321,AIRBUS A-321,L2J,M
758404,RP-C9929,A321,AIRBUS A-321,L2J,M
758504,RP-C5606,C25M,CESSNA 525 Citation M2,L2J,L
764104,V-4104,E50P,EMBRAER EMB-500 Phenom 100,L2J,L
76CD04,9V-SHD,A359,AIRBUS A-350-900,L2J,H
76E304,018,GLF5,GULFSTREAM 5,L2J,M
780004,B-7021,C750,CESSNA 750 Citation 10,L2J,M
780204,B-KPD,B77W,BOEING 777-300ER,L2J,H
780304,B-6309,A320,AIRBUS A-320,L2J,M
780404,B-9343,C172,CESSNA 172 Skyhawk,L1P,L
780504,B-2001,B77W,BOEING 777-300ER,L2J,H
780604,B-6638,A320,AIRBUS A-320,L2J,M
780704,B-8132,GLF5,GULFSTREAM 5,L2J,M
780904,B-6943,A320,AIRBUS A-320,L2J,M
780B04,B-5781,B738,BOEING 737-800,L2J,M
780C04,B-1813,A321,AIRBUS A-321,L2J,M
780E04,B-3378,CRJ9,BOMBARDIER Regional Jet CRJ-900,L2J,M
780F04,B-8327,A320,AIRBUS A-320,L2J,M
781004,B-8636,A320,AIRBUS A-320,L2J,M
781104,B-8968,A333,AIRBUS A-330-300,L2J,H
781204,B-10NN,B350,BEECHCRAFT Super King Air 350,L2T,M
781304,B-1040,A320,AIRBUS A-320,L2J,M
781404,B-300A,A321,AIRBUS A-321,L2J,M
781504,B-205M,B38M,BOEING 737 MAX 8,L2J,M
781604,B-305Z,A20N,AIRBUS A-320neo,L2J,M
781704,B-20C6,B789,BOEING 787-9 Dreamliner,L2J,H
781904,B-70P6,C172,CESSNA 172 Skyhawk,L1P,L
781A04,B-099E,AJ27,COMAC ARJ-21-700 Xiangfeng,L2J,M
789204,B-LRX,A359,AIRBUS A-350-900,L2J,H
79A004,B-2343,A320,AIRBUS A-320,L2J,M
79C104,21043,IL76,ILYUSHIN Il-76/82,L4J,H
7B1004,SERV,SERV,,V0-,-
7BB104,B-2630,B733,BOEING 737-300,L2J,M
7BF004,B-2053,B772,BOEING 777-200,L2J,H
7C0204,VH-AOM,C180,CESSNA  180 Skywagon,L1P,L
7C1604,VH-EMU,P28A,PIPER PA-28-140/150/160/180,L1P,L
7C1B04,VH-FME,TOUR,MILLICER Airtourer,L1P,L
7C1C04,VH-FTI,PA38,PIPER PA-38 Tomahawk,L1P,L
7C2704,VH-HZQ,R44,ROBINSON R-44 Raven,H1P,L
7C2F04,VH-JKM,R22,ROBINSON R-22 Mariner,H1P,L
7C3804,VH-LCM,P28R,PIPER PA-28R-180/200/201,L1P,L
7C3904,VH-LJQ,LJ35,LEARJET 35,L2J,M
7C3A04,VH-LQU,R22,ROBINSON R-22 Mariner,H1P,L
7C4304,VH-NIU,C172,CESSNA 172 Skyhawk,L1P,L
7C4704,VH-OBA,R44,ROBINSON R-44 Raven,H1P,L
7C4904,VH-OPI,OPCA,BROOKLANDS OA-7 Optica,L1P,L
7C5304,VH-QOM,DH8D,DE HAVILLAND DHC-8-400 Dash 8,L2T,M
7C5904,VH-RVA,P28A,PIPER PA-28-140/150/160/180,L1P,L
7C5C04,VH-SGM,C182,CESSNA 182 Skylane,L1P,L
7C5E04,VH-SUU,P32R,PIPER PA-32R-300/301/301T,L1P,L
7C6704,VH-UMU,JAB4,JABIRU J200-450,L1P,L
7C6B04,VH-VFA,PA34,PIPER PA-34 Seneca,L2P,L
7C6C04,VH-VME,P68,PARTENAVIA P-68 Observer,L2P,L
7C7004,VH-WEU,BE76,BEECH 76 Duchess,L2P,L
7C7504,VH-XEE,RV6,VANS RV-6,L1P,L
7C7704,VH-XSM,BE55,BEECH 55 Baron,L2P,L
7C8004,VH-ZKM,T18,THORP Tiger,L1P,L
7C8204,VH-ZYU,RV7,VANS RV-7,L1P,L
7CC404,24-8761,NG5,BRM AERO NG-5/6 Bristell,L1P,L
7CFA04,A54-045,PC21,PILATUS PC-21,L1T,L
800204,K2685,AN32,ANTONOV An-32 Sutlej,L2T,M
800604,VT-JPS,A109,AGUSTA AW-109 Grand,H2T,L
800D04,VT-WGW,A20N,AIRBUS A-320neo,L2J,M
800E04,GB8002,GL5T,BOMBARDIER BD-700 Global 5000/5500,L2J,M
801404,VT-ILB,A21N,AIRBUS A-321neo,L2J,M
801504,VT-TEN,E35L,EMBRAER EMB-135 Legacy,L2J,M
845B04,JA109A,EC45,AIRBUS HELICOPTERS EC-145,H2T,L
84C604,JA2548,GLID,,L0-,-
851604,JA32CA,D228,DORNIER 228,L2T,L
85CD04,JA53AN,B738,BOEING 737-800,L2J,M
862204,JA621A,B763,BOEING 767-300,L2J,H
867904,JA717A,B772,BOEING 777-200,L2J,H
87AA04,GND,GND,,V0-,-
87C404,23055,B350,BEECHCRAFT Super King Air 350,L2T,M
87CD04,02-3032,C68A,CESSNA 680 Citation Latitude,L2J,M
880404,16150,C295,CASA C-295 Persuader,L2T,M
884004,33742,F2TH,DASSAULT Falcon 2000,L2J,M
884204,HS-PPD,A320,AIRBUS A-320,L2J,M
885104,HS-THD,A359,AIRBUS A-350-900,L2J,H
885304,HS-TXD,A320,AIRBUS A-320,L2J,M
894004,A9C-BG,GLF2,GULFSTREAM 2,L2J,M
896304,A6-ENB,B77W,BOEING 777-300ER,L2J,H
896404,A6-FHA,R44,ROBINSON R-44 Raven,H1P,L
896504,A6-AOX,A320,AIRBUS A-320,L2J,M
896C04,2270,DHC6,DE HAVILLAND DHC-6 Twin Otter,L2T,L
896F04,GND,GND,,V0-,-
898104,P2-MAI,C208,CESSNA 208 Caravan,L1T,L
899104,B-18718,B744,BOEING 747-400,L4J,H
8A0104,PK-OCU,MD82,MCDONNELL-DOUGLAS MD-82,L2J,M
8A0504,PK-PAV,AT75,ATR-72-500,L2T,M
8A0604,PK-LUJ,A320,AIRBUS A-320,L2J,M
8A0904,PK-MBS,B733,BOEING 737-300,L2J,M
8A2804,PK-UCG,PC12,PILATUS PC-12,L1T,L
8A2904,A-2904,C295,CASA C-295 Persuader,L2T,M
A00204,N1WP,C700,CESSNA 700 Citation Longitude,L2J,M
A00404,N10T,T206,CESSNA T206 Turbo Stationair,L1P,L
A00504,N100DE,B06,BELL 206 JetRanger,H1T,L
A00904,N101GC,SONX,SONEX AIRCRAFT Sonex,L1P,L
A00A04,N101SJ,,,,
A00B04,N10115,,,,
A00C04,N1019F,C172,CESSNA 172 Skyhawk,L1P,L
A01404,N104ER,P28R,PIPER PA-28R-180/200/201,L1P,L
A01604,N10403,C150,CESSNA 150,L1P,L
A01704,N1048D,M20P,MOONEY M-20,L1P,L
A01804,N105HP,P32R,PIPER PA-32R-300/301/301T,L1P,L
A01904,N105TV,C182,CESSNA 182 Skylane,L1P,L
A01A04,N10526,CH7A,BELLANCA 7 Champion,L1P,L
A01B04,N106AF,C72R,CESSNA 172R Cutlass RG,L1P,L
A01D04,N106WT,PA18,PIPER PA-18 Super Cub,L1P,L
A01E04,N10649,C150,CESSNA 150,L1P,L
A01F04,N107DD,RODS,RIHN One Design,L1P,L
A02004,N107PK,,,,
A02204,N1077B,BE35,BEECH 35 Starfire Bonanza,L1P,L
A02304,N108GB,BE35,BEECH 35 Starfire Bonanza,L1P,L
A02404,N108SH,CJ6,NANCHANG CJ-6,L1P,L
A02504,N10814,B06,BELL 206 JetRanger,H1T,L
A02604,N1089E,BE36,BEECH 36 Bonanza,L1P,L
A02704,N109K,TBM,GRUMMAN G-40 Avenger,L1P,M
A02904,N10937,C150,CESSNA 150,L1P,L
A02A04,N11BS,PTS1,PITTS S-1 Special,L1P,L
A02C04,N11YD,TBM7,SOCATA TBM-700A/B/C,L1T,L
A02F04,N1103R,GLF4,GULFSTREAM 4,L2J,M
A03004,N111BA,,,,
A03304,N1115U,C172,CESSNA 172 Skyhawk,L1P,L
A03404,N112DZ,PTMS,PITTS S-12 Super Stinker,L1P,L
A03604,N1120L,LA4,LAKE LA-4/200,A1P,L
A03904,N113TC,,,,
A03A04,N1132P,PA23,PIPER PA-23,L2P,L
A03B04,N11390,COL4,CESSNA 400 Corvalis TT,L1P,L
A03D04,N114WA,BE9L,BEECH 90 King Air,L2T,L
A03F04,N115CM,,,,
A04204,N1156V,L5,STINSON Sentinel,L1P,L
A04404,N116RR,,,,
A04504,N1161M,M20P,MOONEY M-20,L1P,L
A04604,N1168Y,M20P,MOONEY M-20,L1P,L
A04704,N117JH,AVID,AVID Flyer,L1P,L
A04804,N117UP,BK17,EUROCOPTER BK117 C-1/2,H2T,L
A04904,N1173Q,T210,CESSNA T210 Turbo Centurion,L1P,L
A04A04,N118B,BALL,,B0-,-
A04D04,N1185T,C185,CESSNA 185 Skywagon,L1P,L
A05004,N1190K,L8,LUSCOMBE 8,L1P,L
A05204,N12GW,ZZZZ,,-0-,-
A05304,N12TB,COUR,HELIO Courier,L1P,L
A05404,N120DG,P32R,PIPER PA-32R-300/301/301T,L1P,L
A05704,N1207E,BL8,BELLANCA 8 Decathlon,L1P,L
A05904,N121SL,PA23,PIPER PA-23,L2P,L
A05C04,N122KC,LGEZ,RUTAN Long-EZ,L1P,L
A05E04,N1224,BE50,BEECH 50 Excalibur,L2P,L
A05F04,N123BV,PA22,PIPER PA-22,L1P,L
A06004,N123NA,DA40,DIAMOND DA-40 Club Star,L1P,L
A06504,N12405,ULAC,,L0-,-
A06804,N125TX,RF10,FOURNIER RF-10,L1P,L
A06A04,N126AH,,,,
A06D04,N1265A,PA18,PIPER PA-18 Super Cub,L1P,L
A06E04,N127DF,S22T,CIRRUS SR-22T Turbo,L1P,L
A07104,N1277D,C170,CESSNA 170,L1P,L
A07304,N128SK,FA8X,DASSAULT Falcon 8X,L3J,M
A07604,N129KB,SREY,PROGRESSIVE AERODYNE SeaRey,A1P,L
A07804,N12939,CAMP,GREGA GN-1 Aircamper,L1P,L
A07A04,N13N,RBEL,MURPHY Rebel,L1P,L
A07B04,N13YF,PA12,PIPER PA-12 Super Cruiser,L1P,L
A07F04,N131BC,D328,DORNIER 328,L2T,M
A08004,N131MJ,C25B,CESSNA 525B Citation CJ3,L2J,L
A08204,N1315W,M20P,MOONEY M-20,L1P,L
A08D04,N1344U,C182,CESSNA 182 Skylane,L1P,L
A08E04,N135CP,EC35,AIRBUS HELICOPTERS EC-135/635,H2T,L
A09304,N136RT,,,,
A09504,N13680,C172,CESSNA 172 Skyhawk,L1P,L
A09A04,N138MH,EC35,AIRBUS HELICOPTERS EC-135/635,H2T,L
A09C04,N1385V,C303,CESSNA T303 Crusader,L2P,L
A09D04,N139E,WAC9,WACO 9,L1P,L
A0A004,N1397Y,C172,CESSNA 172 Skyhawk,L1P,L
A0A104,N14GY,,,,
A0B104,N1436E,CH7A,BELLANCA 7 Champion,L1P,L
A0B304,N144RA,,,,
A0B404,N14407,C185,CESSNA 185 Skywagon,L1P,L
A0B504,N1448H,AR15,AERONCA 15 Sedan,L1P,L
A0B904,N146AK,RV3,VANS RV-3,L1P,L
A0C004,N1477F,C172,CESSNA 172 Skyhawk,L1P,L
A0C204,N148SM,C82S,CESSNA T182 Turbo Skylane,L1P,L
A0C704,N1494A,PA22,PIPER PA-22,L1P,L
A0C804,N15BW,LGEZ,RUTAN Long-EZ,L1P,L
A0C904,N15NB,AA5,AMERICAN AA-5 Tiger,L1P,L
A0CB04,N150JN,G150,GULFSTREAM G150,L2J,M
A0CC04,N150UU,BE35,BEECH 35 Starfire Bonanza,L1P,L
A0D104,N1515Y,BALL,,B0-,-
A0D404,N1520Q,AT3T,AIR TRACTOR AT-302/402,L1T,L
A0E204,N156RV,RV6,VANS RV-6,L1P,L
A0E304,N1561R,AA5,AMERICAN AA-5 Tiger,L1P,L
A0E404,N15682,P28A,PIPER PA-28-140/150/160/180,L1P,L
A0E504,N157JM,,,,
A0E804,N158BD,BE58,BEECH 58 Baron,L2P,L
A0EE04,N1590P,PA18,PIPER PA-18 Super Cub,L1P,L
A0F804,N1612A,PA18,PIPER PA-18 Super Cub,L1P,L
A0FA04,N162KG,C162,CESSNA 162 Skycatcher,L1P,L
A10104,N164EX,E300,EXTRA EA-300/330/350,L1P,L
A10204,N164RC,RV8,VANS RV-8,L1P,L
A10304,N16409,P28A,PIPER PA-28-140/150/160/180,L1P,L
A10704,N1653B,FB1A,BOWERS Fly Baby 1A,L1P,L
A10804,N166AM,C310,CESSNA 310,L2P,L
A10B04,N1665E,CH7A,BELLANCA 7 Champion,L1P,L
A11004,N168GH,,,,
A11104,N168SP,BE60,BEECH 60 Duke,L2P,L
A11704,N17BY,BL8,BELLANCA 8 Decathlon,L1P,L
A11904,N17YK,YK55,YAKOVLEV Yak-55,L1P,L
A11B04,N170UW,C170,CESSNA 170,L1P,L
A12104,N172EE,BE99,BEECH 99 Airliner,L2T,L
A12704,N1732V,C172,CESSNA 172 Skyhawk,L1P,L
A12804,N17396,O1,CESSNA 305/341 Bird Dog,L1P,L
A12904,N174LA,VAMP,DE HAVILLAND DH-100/115 Vampire,L1J,L
A13604,N1773W,BE35,BEECH 35 Starfire Bonanza,L1P,L
A13704,N178BF,CRUZ,CSA PS-28 Cruiser,L1P,L
A13804,N178MM,LJ60,LEARJET 60,L2J,M
A13D04,N1790R,C185,CESSNA 185 Skywagon,L1P,L
A14104,N180DN,B763,BOEING 767-300,L2J,H
A14404,N1807L,BE36,BEECH 36 Bonanza,L1P,L
A14604,N181SS,P180,PIAGGIO P-180 Avanti,L2T,L
A14704,N1812C,GLEX,BOMBARDIER BD-700 Global 6000/6500,L2J,M
A14A04,N182VQ,C182,CESSNA 182 Skylane,L1P,L
A14C04,N183CA,C82R,CESSNA R182 Skylane RG,L1P,L
A14F04,N1836J,P28A,PIPER PA-28-140/150/160/180,L1P,L
A15604,N1853D,PA18,PIPER PA-18 Super Cub,L1P,L
A15A04,N1865G,CH7A,BELLANCA 7 Champion,L1P,L
A15B04,N187DM,RV6,VANS RV-6,L1P,L
A15F04,N188GK,RV9,VANS RV-9,L1P,L
A16004,N188SR,C340,CESSNA 340 Super,L2P,L
A16404,N189VP,C550,CESSNA 550 Citation S2,L2J,L
A16504,N1894E,C340,CESSNA 340 Super,L2P,L
A16704,N19NF,HUSK,CHRISTEN Husky,L1P,L
A16804,N19YM,O1,CESSNA 305/341 Bird Dog,L1P,L
A16B04,N1903Z,C150,CESSNA 150,L1P,L
A16C04,N191BJ,RV6,VANS RV-6,L1P,L
A16F04,N19152,C150,CESSNA 150,L1P,L
A17604,N1932X,PA18,PIPER PA-18 Super Cub,L1P,L
A17C04,N195PA,GLF2,GULFSTREAM 2,L2J,M
A17E04,N19563,,,,
A17F04,N196FT,UH12,HILLER UH-12,H1P,L
A18204,N19686,C172,CESSNA 172 Skyhawk,L1P,L
A18504,N1973Y,CL60,BOMBARDIER CL-600 Challenger,L2J,M
A18E04,N2HD,RV8,VANS RV-8,L1P,L
A19004,N20DQ,AS20,SCHLEICHER ASW-20,L1P,L
A19104,N20PW,M20P,MOONEY M-20,L1P,L
A19204,N200AA,C208,CESSNA 208 Caravan,L1T,L
A19304,N200LG,S108,STINSON 108 Voyager,L1P,L
A19404,N200WN,B737,BOEING 737-700,L2J,M
A19604,N201CZ,M20P,MOONEY M-20,L1P,L
A19804,N201ZL,M20P,MOONEY M-20,L1P,L
A19B04,N202SC,AS55,AEROSPATIALE AS-355 Ecureuil 2,H2T,L
A19C04,N2021Z,C150,CESSNA 150,L1P,L
A19D04,N2029,PL1,PAZMANY Laminar,L1P,L
A1A004,N20332,C172,CESSNA 172 Skyhawk,L1P,L
A1A104,N204BM,UH1,BELL UH-1 Huey,H1T,L
A1A204,N204MT,SONX,SONEX AIRCRAFT Sonex,L1P,L
A1A404,N20455,C172,CESSNA 172 Skyhawk,L1P,L
A1A704,N2050X,C182,CESSNA 182 Skylane,L1P,L
A1A804,N20578,ULAC,,L0-,-
A1A904,N206HH,T206,CESSNA T206 Turbo Stationair,L1P,L
A1AC04,N207A,RV6,VANS RV-6,L1P,L
A1AE04,N207WM,SR22,CIRRUS SR-22,L1P,L
A1AF04,N20743,C182,CESSNA 182 Skylane,L1P,L
A1B604,N2091Y,C172,CESSNA 172 Skyhawk,L1P,L
A1BC04,N2101G,C82S,CESSNA T182 Turbo Skylane,L1P,L
A1C104,N212AV,,,,
A1C604,N213PZ,MI2,MIL Mi-2,H2T,L
A1C704,N2130E,CH7A,BELLANCA 7 Champion,L1P,L
A1C804,N2137R,C182,CESSNA 182 Skylane,L1P,L
A1CA04,N214SX,SONX,SONEX AIRCRAFT Sonex,L1P,L
A1CD04,N215KP,KP5,JIHLAVAN KP-5 Skyleader,L1P,L
A1D004,N216CF,SF50,CIRRUS SF-50 Vision,L1J,L
A1D404,N217FD,AS50,AEROSPATIALE AS-350 Ecureuil,H1T,L
A1D604,N2171F,C185,CESSNA 185 Skywagon,L1P,L
A1D704,N2178S,C82R,CESSNA R182 Skylane RG,L1P,L
A1D804,N218JB,,,,
A1DA04,N2183J,C172,CESSNA 172 Skyhawk,L1P,L
A1DE04,N2195M,P28B,PIPER PA-28-201T/235/236,L1P,L
A1DF04,N22DS,BE35,BEECH 35 Starfire Bonanza,L1P,L
A1E004,N22PY,B06,BELL 206 JetRanger,H1T,L
A1E104,N220AC,ACAM,LEZA Air Cam,L2P,L
A1E604,N221PG,S22T,CIRRUS SR-22T Turbo,L1P,L
A1E804,N22169,AR65,AERONCA 65 Super Chief,L1P,L
A1EB04,N22211,TAYB,TAYLORCRAFT BC/BF/BL,L1P,L
A1EC04,N2229B,L8,LUSCOMBE 8,L1P,L
A1F104,N224MV,SR22,CIRRUS SR-22,L1P,L
A1FB04,N227AB,KR2,RAND KR-2,L1P,L
A1FE04,N22745,J3,PIPER J-3 Cub,L1P,L
A20404,N229SD,UH1,BELL UH-1 Huey,H1T,L
A20604,N2299A,PA22,PIPER PA-22,L1P,L
A20704,N23JW,TA15,TAYLORCRAFT 15 Foursome,L1P,L
A20904,N230FG,GLID,,L0-,-
A20C04,N2308V,C140,CESSNA 140,L1P,L
A20D04,N231JE,M20P,MOONEY M-20,L1P,L
A21104,N232MC,CL60,BOMBARDIER CL-600 Challenger,L2J,M
A21304,N2325Q,BE23,BEECH 23 Sundowner,L1P,L
A21604,N2330G,C182,CESSNA 182 Skylane,L1P,L
A21704,N2337T,BE36,BEECH 36 Bonanza,L1P,L
A21804,N234GT,C210,CESSNA 201 Centurion,L1P,L
A21A04,N2342K,L8,LUSCOMBE 8,L1P,L
A21B04,N2349W,BE23,BEECH 23 Sundowner,L1P,L
A21F04,N236CH,BE36,BEECH 36 Bonanza,L1P,L
A22504,N2371H,T206,CESSNA T206 Turbo Stationair,L1P,L
A22604,N2378U,P28A,PIPER PA-28-140/150/160/180,L1P,L
A22904,N2383L,T206,CESSNA T206 Turbo Stationair,L1P,L
A22A04,N239AW,,,,
A23404,N241DC,RV6,VANS RV-6,L1P,L
A23704,N2417A,PA22,PIPER PA-22,L1P,L
A23804,N242GA,COL4,CESSNA 400 Corvalis TT,L1P,L
A23904,N242SG,PC12,PILATUS PC-12,L1T,L
A23E04,N24336,C72R,CESSNA 172R Cutlass RG,L1P,L
A23F04,N244BR,PA11,PIPER PA-11 Cub Special,L1P,L
A24504,N24501,C152,CESSNA 152,L1P,L
A24604,N2458B,BE58,BEECH 58 Baron,L2P,L
A24804,N246TT,RV7,VANS RV-7,L1P,L
A24D04,N24747,C82S,CESSNA T182 Turbo Skylane,L1P,L
A24E04,N248DB,R44,ROBINSON R-44 Raven,H1P,L
A24F04,N248PH,BE20,BEECH 200 Super King Air,L2T,M
A25304,N249SF,BL8,BELLANCA 8 Decathlon,L1P,L
A25504,N2499C,PARA,,P0-,-
A25B04,N2508X,C206,CESSNA  206 Stationair,L1P,L
A25E04,N2513P,PA22,PIPER PA-22,L1P,L
A25F04,N252AZ,M20P,MOONEY M-20,L1P,L
A26004,N252ME,M20P,MOONEY M-20,L1P,L
A26604,N2537V,C170,CESSNA 170,L1P,L
A26904,N2542M,PA12,PIPER PA-12 Super Cruiser,L1P,L
A26A04,N2549Y,C172,CESSNA 172 Skyhawk,L1P,L
A26D04,N2554Q,BALL,,B0-,-
A27504,N2578W,M20P,MOONEY M-20,L1P,L
A27C04,N2595R,C182,CESSNA 182 Skylane,L1P,L
A27D04,N26DW,,,,
A28604,N2617C,,,,
A28804,N262SJ,C680,CESSNA 680 Citation Sovereign,L2J,M
A28904,N26215,B738,BOEING 737-800,L2J,M
A28A04,N2629F,C182,CESSNA 182 Skylane,L1P,L
A28D04,N26338,AR65,AERONCA 65 Super Chief,L1P,L
A29204,N265ER,C172,CESSNA 172 Skyhawk,L1P,L
A29904,N267AF,RV12,VANS RV-12,L1P,L
A29A04,N267LM,P210,CESSNA P210 Centurion,L1P,L
A29B04,N267WT,S22T,CIRRUS SR-22T Turbo,L1P,L
A2A104,N269GB,COL3,CESSNA 350 Corvalis,L1P,L
A2A204,N269SH,C82S,CESSNA T182 Turbo Skylane,L1P,L
A2A304,N26914,J4,PIPER J-4 Cub Coupe,L1P,L
A2A504,N27K,T18,THORP Tiger,L1P,L
A2AA04,N2708Z,GLID,,L0-,-
A2AE04,N272BA,GLID,,L0-,-
A2AF04,N272MG,R44,ROBINSON R-44 Raven,H1P,L
A2B504,N2737X,C180,CESSNA  180 Skywagon,L1P,L
A2B704,N274TC,DRON,,D0-,-
A2BC04,N2754S,C150,CESSNA 150,L1P,L
A2BD04,N276CM,M20P,MOONEY M-20,L1P,L
A2BE04,N276NT,,,,
A2C004,N2766V,BE35,BEECH 35 Starfire Bonanza,L1P,L
A2C204,N277RR,BALL,,B0-,-
A2C304,N2771M,P28A,PIPER PA-28-140/150/160/180,L1P,L
A2C504,N278JH,T206,CESSNA T206 Turbo Stationair,L1P,L
A2C604,N278UP,MD11,MCDONNELL-DOUGLAS MD-11,L3J,H
A2D904,N2829H,ERCO,AIR PRODUCTS F-1 Aircoupe,L1P,L
A2E004,N2846C,C170,CESSNA 170,L1P,L
A2E304,N28505,AA5,AMERICAN AA-5 Tiger,L1P,L
A2E404,N2858F,C182,CESSNA 182 Skylane,L1P,L
A2E704,N28628,L8,LUSCOMBE 8,L1P,L
A2EF04,N2887D,P28R,PIPER PA-28R-180/200/201,L1P,L
A2F204,N28916,L8,LUSCOMBE 8,L1P,L
A2F304,N2899G,CH7B,BELLANCA 7 Citabria,L1P,L
A2F804,N2901Q,P28A,PIPER PA-28-140/150/160/180,L1P,L
A2FC04,N2913T,M200,NORTH AMERICAN ROCKWELL Commander 200,L1P,L
A2FD04,N292BC,BL8,BELLANCA 8 Decathlon,L1P,L
A30104,N293EA,MD87,MCDONNELL-DOUGLAS MD-87,L2J,M
A30304,N2930N,C120,CESSNA 120,L1P,L
A30704,N2942R,P28A,PIPER PA-28-140/150/160/180,L1P,L
A30B04,N2954U,C172,CESSNA 172 Skyhawk,L1P,L
A30C04,N296CP,C82T,CESSNA TR182 Turbo Skylane RG,L1P,L
A30D04,N296NV,A320,AIRBUS A-320,L2J,M
A31304,N29780,TAYB,TAYLORCRAFT BC/BF/BL,L1P,L
A31704,N299BB,,,,
A31B04,N3E,B38M,BOEING 737 MAX 8,L2J,M
A31D04,N30AL,CH70,ZENAIR CH-701 Stol,L1P,L
A31F04,N30WY,HUSK,CHRISTEN Husky,L1P,L
A32004,N300HC,T210,CESSNA T210 Turbo Centurion,L1P,L
A32204,N3002V,,,,
A32304,N30096,C177,CESSNA  177 Cardinal,L1P,L
A32604,N3014Y,BALL,,B0-,-
A32B04,N303FR,A20N,AIRBUS A-320neo,L2J,M
A32E04,N30384,C150,CESSNA 150,L1P,L
A32F04,N304JP,B47G,BELL 47G,H1P,L
A33304,N305MM,BT36,BEECH B36TC Bonanza,L1P,L
A33804,N3060R,P28R,PIPER PA-28R-180/200/201,L1P,L
A34004,N3084X,SS2P,ROCKWELL Thrush Commander,L1P,L
A34404,N30960,J3,PIPER J-3 Cub,L1P,L
A34604,N31RW,C172,CESSNA 172 Skyhawk,L1P,L
A35204,N313AP,B06,BELL 206 JetRanger,H1T,L
A35404,N313XA,B734,BOEING 737-400,L2J,M
A35504,N3135G,RV6,VANS RV-6,L1P,L
A35604,N314DM,CASS,NATIONAL AERONAUTICS Cassutt 3M,L1P,L
A35704,N314PT,RV9,VANS RV-9,L1P,L
A35B04,N315SR,SR22,CIRRUS SR-22,L1P,L
A36104,N317C,BT36,BEECH B36TC Bonanza,L1P,L
A36404,N3176H,PA31,PIPER PA-31-300/310/325/350/425,L2P,L
A36704,N3181,BE20,BEECH 200 Super King Air,L2T,M
A36B04,N3193C,,,,
A37504,N32140,CH60,ZENAIR CH-600 Zodiac,L1P,L
A37904,N32263,S10,STINSON 10 Voyager,L1P,L
A37A04,N323FT,SR20,CIRRUS SR-20,L1P,L
A37C04,N3231V,C150,CESSNA 150,L1P,L
A37D04,N32386,P28A,PIPER PA-28-140/150/160/180,L1P,L
A37E04,N324JR,SF50,CIRRUS SF-50 Vision,L1J,L
A38104,N325BH,PA31,PIPER PA-31-300/310/325/350/425,L2P,L
A38404,N32551,P28A,PIPER PA-28-140/150/160/180,L1P,L
A38B04,N3272W,PA32,PIPER PA-32,L1P,L
A38E04,N328WH,S22T,CIRRUS SR-22T Turbo,L1P,L
A39104,N329P,AA5,AMERICAN AA-5 Tiger,L1P,L
A39404,N33FS,BE35,BEECH 35 Starfire Bonanza,L1P,L
A39604,N330CC,BALL,,B0-,-
A39C04,N3311C,BE35,BEECH 35 Starfire Bonanza,L1P,L
A3A004,N3323F,C182,CESSNA 182 Skylane,L1P,L
A3A104,N333AR,SR22,CIRRUS SR-22,L1P,L
A3A204,N333LX,GLF5,GULFSTREAM 5,L2J,M
A3A304,N333XC,COL4,CESSNA 400 Corvalis TT,L1P,L
A3AE04,N336VR,C336,CESSNA 336 Skymaster,L2P,L
A3B004,N337CB,CH7A,BELLANCA 7 Champion,L1P,L
A3B704,N3388N,J3,PIPER J-3 Cub,L1P,L
A3BB04,N34AQ,T34P,BEECH T-34 Mentor,L1P,L
A3BC04,N34LW,T34P,BEECH T-34 Mentor,L1P,L
A3BE04,N340HG,C340,CESSNA 340 Super,L2P,L
A3C104,N341,BE95,BEECH 95 Travel Air,L2P,L
A3C804,N34265,C177,CESSNA  177 Cardinal,L1P,L
A3CA04,N343SA,C172,CESSNA 172 Skyhawk,L1P,L
A3CF04,N34430,C177,CESSNA  177 Cardinal,L1P,L
A3D004,N345BK,C340,CESSNA 340 Super,L2P,L
A3D604,N3460V,C150,CESSNA 150,L1P,L
A3D704,N34676,S10,STINSON 10 Voyager,L1P,L
A3DE04,N34841,,,,
A3DF04,N349CW,RV9,VANS RV-9,L1P,L
A3E204,N34964,C177,CESSNA  177 Cardinal,L1P,L
A3E404,N35S,BE35,BEECH 35 Starfire Bonanza,L1P,L
A3E504,N350CE,E350,CESSNA E350,L1T,L
A3E804,N3506N,M20P,MOONEY M-20,L1P,L
A3EC04,N3518R,BE23,BEECH 23 Sundowner,L1P,L
A3ED04,N352JA,COL3,CESSNA 350 Corvalis,L1P,L
A3EF04,N3523H,M20P,MOONEY M-20,L1P,L
A3F304,N3535L,C150,CESSNA 150,L1P,L
A3FA04,N3552F,C182,CESSNA 182 Skylane,L1P,L
A40204,N3576M,P28A,PIPER PA-28-140/150/160/180,L1P,L
A40504,N3581D,BALL,,B0-,-
A40A04,N36AS,BE36,BEECH 36 Bonanza,L1P,L
A41304,N36144,BALL,,B0-,-
A41704,N36267,CH7B,BELLANCA 7 Citabria,L1P,L
A41904,N363SC,SR22,CIRRUS SR-22,L1P,L
A41E04,N36432,TAYB,TAYLORCRAFT BC/BF/BL,L1P,L
A42004,N365MT,B407,BELL 407,H1T,L
A42204,N36555,P32R,PIPER PA-32R-300/301/301T,L1P,L
A42A04,N368A,MITE,MOONEY M-18,L1P,L
A42D04,N36843,AR6T,AERONCA 65 Tandem,L1P,L
A42F04,N369PD,H500,HUGHES 500,H1T,L
A43104,N36966,AR6T,AERONCA 65 Tandem,L1P,L
A43304,N37SB,AC90,NORTH AMERICAN ROCKWELL Turbo Commander 690/840,L2T,L
A43704,N3706Q,BE35,BEECH 35 Starfire Bonanza,L1P,L
A43804,N371FE,DC10,MCDONNELL DOUGLAS DC-10,L3J,H
A43B04,N3718T,P28R,PIPER PA-28R-180/200/201,L1P,L
A44004,N373MA,T206,CESSNA T206 Turbo Stationair,L1P,L
A44504,N3740E,CH7A,BELLANCA 7 Champion,L1P,L
A44704,N375GR,C25C,CESSNA 525C Citation CJ4,L2J,M
A44E04,N377CF,C207,CESSNA 207 Turbo Stationair,L1P,L
A45404,N3781F,C172,CESSNA 172 Skyhawk,L1P,L
A45504,N3788S,C172,CESSNA 172 Skyhawk,L1P,L
A45804,N3793J,C150,CESSNA 150,L1P,L
A45A04,N38M,C25C,CESSNA 525C Citation CJ4,L2J,M
A45D04,N380TS,ULAC,,L0-,-
A45F04,N381AC,BE36,BEECH 36 Bonanza,L1P,L
A46004,N381LJ,P28A,PIPER PA-28-140/150/160/180,L1P,L
A46204,N38146,P28A,PIPER PA-28-140/150/160/180,L1P,L
A46304,N382DA,B738,BOEING 737-800,L2J,M
A46904,N38311,P28A,PIPER PA-28-140/150/160/180,L1P,L
A46D04,N38434,P28A,PIPER PA-28-140/150/160/180,L1P,L
A47104,N38557,P28R,PIPER PA-28R-180/200/201,L1P,L
A47404,N3860Z,PA18,PIPER PA-18 Super Cub,L1P,L
A47604,N387HK,Q9,GENERAL ATOMICS MQ-9 Reaper,L1T,L
A47704,N387TR,BD4,BEDE BD-4,L1P,L
A47904,N388AB,EPIC,EPIC AIRCRAFT Epic LT,L1T,L
A47D04,N389D,FB1A,BOWERS Fly Baby 1A,L1P,L
A48004,N38968,P28A,PIPER PA-28-140/150/160/180,L1P,L
A49104,N3935Q,C172,CESSNA 172 Skyhawk,L1P,L
A49604,N395GT,GP3,OSPREY GP-3 Osprey 2,A1P,L
A49804,N3952K,P28A,PIPER PA-28-140/150/160/180,L1P,L
A49C04,N3964N,M20P,MOONEY M-20,L1P,L
A4A304,N3981H,G103,GROB G-103 Twin 3SL,L1P,L
A4A404,N3988U,C150,CESSNA 150,L1P,L
A4A504,N399JD,,,,
A4A904,N4MB,S22T,CIRRUS SR-22T Turbo,L1P,L
A4AC04,N40TU,PA18,PIPER PA-18 Super Cub,L1P,L
A4AF04,N4000L,BE36,BEECH 36 Bonanza,L1P,L
A4B204,N401TC,RV6,VANS RV-6,L1P,L
A4B704,N4024S,VAMP,DE HAVILLAND DH-100/115 Vampire,L1J,L
A4B804,N403CM,C510,CESSNA 510 Citation Mustang,L2J,L
A4BD04,N404RR,PARA,,P0-,-
A4BE04,N4041M,PA12,PIPER PA-12 Super Cruiser,L1P,L
A4C004,N405JH,C82R,CESSNA R182 Skylane RG,L1P,L
A4C104,N405UP,B752,BOEING 757-200,L2J,M
A4C304,N406B,BE35,BEECH 35 Starfire Bonanza,L1P,L
A4C604,N4065T,PARA,,P0-,-
A4C904,N4070K,BALL,,B0-,-
A4CA04,N4077W,PA31,PIPER PA-31-300/310/325/350/425,L2P,L
A4CD04,N4082N,C140,CESSNA 140,L1P,L
A4D004,N409W,FDCT,FLIGHT DESIGN CT,L1P,L
A4D104,N4094R,,,,
A4D204,N41CL,RAF2,ROTARY AIR FORCE RAF-2000,G1P,L
A4D404,N41YY,C210,CESSNA 201 Centurion,L1P,L
A4D504,N410KC,C82T,CESSNA TR182 Turbo Skylane RG,L1P,L
A4D704,N4104,MITE,MOONEY M-18,L1P,L
A4DB04,N4116C,S108,STINSON 108 Voyager,L1P,L
A4DF04,N4128F,C172,CESSNA 172 Skyhawk,L1P,L
A4E404,N414LP,C414,CESSNA 414 Chancellor,L2P,L
A4E604,N4145A,P28A,PIPER PA-28-140/150/160/180,L1P,L
A4E704,N415DF,V10,NORTH AMERICAN OV-10 Bronco,L2T,L
A4E804,N415PM,,,,
A4EE04,N4169G,C402,CESSNA 402 Businessliner,L2P,L
A4F104,N41739,P28A,PIPER PA-28-140/150/160/180,L1P,L
A4F304,N418N,TVLB,TRAVEL AIR 2000,L1P,L
A4F804,N41904,P28A,PIPER PA-28-140/150/160/180,L1P,L
A4F904,N4198E,BALL,,B0-,-
A4FC04,N420EA,HDJT,HONDA HondaJet,L2J,L
A50104,N421TE,C421,CESSNA 421 Executive Commuter,L2P,L
A50204,N4212R,PA32,PIPER PA-32,L1P,L
A50304,N42192,J3,PIPER J-3 Cub,L1P,L
A50504,N422WC,,,,
A50604,N4224U,BALL,,B0-,-
A50704,N423CP,SR22,CIRRUS SR-22,L1P,L
A50804,N423NV,MD83,MCDONNELL-DOUGLAS MD-83,L2J,M
A50A04,N4236X,SS2P,ROCKWELL Thrush Commander,L1P,L
A50E04,N42480,J3,PIPER J-3 Cub,L1P,L
A50F04,N425JK,RAF2,ROTARY AIR FORCE RAF-2000,G1P,L
A51204,N426BB,CRER,RANS Courier,L1P,L
A51504,N4265V,C170,CESSNA 170,L1P,L
A51604,N427E,,,,
A51C04,N4282Q,C172,CESSNA 172 Skyhawk,L1P,L
A52004,N4294T,P28A,PIPER PA-28-140/150/160/180,L1P,L
A52A04,N4316E,CH7A,BELLANCA 7 Champion,L1P,L
A52C04,N432RA,C340,CESSNA 340 Super,L2P,L
A52E04,N4328H,M20P,MOONEY M-20,L1P,L
A53104,N4333,LA4,LAKE LA-4/200,A1P,L
A53304,N434LR,PC12,PILATUS PC-12,L1T,L
A53604,N435DH,EC35,AIRBUS HELICOPTERS EC-135/635,H2T,L
A53904,N4357F,P28A,PIPER PA-28-140/150/160/180,L1P,L
A53C04,N43618,PA32,PIPER PA-32,L1P,L
A54004,N4374A,ULAC,,L0-,-
A54D04,N4400Q,P28A,PIPER PA-28-140/150/160/180,L1P,L
A54E04,N44071,RV8,VANS RV-8,L1P,L
A55004,N441TG,C441,CESSNA 441 Conquest,L2T,L
A55204,N44194,TAYB,TAYLORCRAFT BC/BF/BL,L1P,L
A55A04,N444FP,,,,
A55C04,N4441R,C172,CESSNA 172 Skyhawk,L1P,L
A56004,N4453U,C150,CESSNA 150,L1P,L
A56104,N446BD,SR22,CIRRUS SR-22,L1P,L
A56204,N446MK,PA44,PIPER PA-44 Seminole,L2P,L
A56704,N4470P,PA23,PIPER PA-23,L2P,L
A56804,N44770,,,,
A56904,N448H,H25B,HAWKER BEECHCRAFT Hawker 750/850,L2J,M
A57504,N4504D,BE35,BEECH 35 Starfire Bonanza,L1P,L
A57604,N451BZ,RV8,VANS RV-8,L1P,L
A57F04,N453UA,A320,AIRBUS A-320,L2J,M
A58004,N4533B,C180,CESSNA  180 Skywagon,L1P,L
A58404,N4545E,AR11,AERONCA 11 Chief,L1P,L
A58504,N455DK,PC12,PILATUS PC-12,L1T,L
A58804,N4557H,PA15,PIPER PA-15 Vagabond,L1P,L
A58A04,N456SP,C172,CESSNA 172 Skyhawk,L1P,L
A59504,N459RB,M20P,MOONEY M-20,L1P,L
A59704,N4598J,P28R,PIPER PA-28R-180/200/201,L1P,L
A59904,N46U,PA46,PIPER PA-46-310/350,L1P,L
A59C04,N4600S,BE36,BEECH 36 Bonanza,L1P,L
A59F04,N461TJ,C172,CESSNA 172 Skyhawk,L1P,L
A5A404,N4624Y,PA25,PIPER PA-25 Pawnee,L1P,L
A5A504,N463CT,FDCT,FLIGHT DESIGN CT,L1P,L
A5A804,N46361,FOX,KITFOX,L1P,L
A5AC04,N46484,C172,CESSNA 172 Skyhawk,L1P,L
A5AD04,N465JP,PARA,,P0-,-
A5BA04,N4682U,C180,CESSNA  180 Skywagon,L1P,L
A5BB04,N46895,GLID,,L0-,-
A5C504,N471CA,CRJ2,BOMBARDIER Regional Jet CRJ-200,L2J,M
A5CC04,N4728M,BE36,BEECH 36 Bonanza,L1P,L
A5CF04,N4733D,C172,CESSNA 172 Skyhawk,L1P,L
A5D304,N4745G,C195,CESSNA 195,L1P,L
A5D704,N4757K,P210,CESSNA P210 Centurion,L1P,L
A5D904,N476SR,SR22,CIRRUS SR-22,L1P,L
A5DA04,N4762B,C180,CESSNA  180 Skywagon,L1P,L
A5DB04,N4769N,C182,CESSNA 182 Skylane,L1P,L
A5DE04,N4774E,C172,CESSNA 172 Skyhawk,L1P,L
A5DF04,N478C,SR22,CIRRUS SR-22,L1P,L
A5E204,N4786H,M20P,MOONEY M-20,L1P,L
A5E704,N48HW,BE40,BEECH 400 Beechjet,L2J,M
A5EB04,N4800U,C210,CESSNA 201 Centurion,L1P,L
A5F404,N483CV,CAT,CANADAIR Catalina,A2P,M
A5F504,N483PA,,,,
A5FB04,N48486,GLID,,L0-,-
A5FC04,N485JR,C208,CESSNA 208 Caravan,L1T,L
A5FF04,N486BH,SRAI,GREAT PLAINS Sonerai,L1P,L
A60504,N4870T,PA32,PIPER PA-32,L1P,L
A60804,N488TK,HDJT,HONDA HondaJet,L2J,L
A60904,N4882W,AC11,NORTH AMERICAN ROCKWELL Commander 112/114,L1P,L
A60E04,N49CU,H47,BOEING-VERTOL CH-47 Chinook,H2T,M
A60F04,N49P,NAVI,NORTH AMERICAN Navion,L1P,L
A61404,N491CC,C182,CESSNA 182 Skylane,L1P,L
A61704,N4916L,P28A,PIPER PA-28-140/150/160/180,L1P,L
A62204,N4945J,P28R,PIPER PA-28R-180/200/201,L1P,L
A62504,N4950A,C152,CESSNA 152,L1P,L
A62604,N4957M,PA11,PIPER PA-11 Cub Special,L1P,L
A62904,N4962D,C182,CESSNA 182 Skylane,L1P,L
A62D04,N4974G,C172,CESSNA 172 Skyhawk,L1P,L
A63104,N4986K,NAVI,NORTH AMERICAN Navion,L1P,L
A63404,N4991B,C172,CESSNA 172 Skyhawk,L1P,L
A63504,N4998N,ST75,STEARMAN Kaydet,L1P,L
A63604,N5HY,,,,
A63804,N50EJ,EA50,ECLIPSE 550,L2J,L
A63A04,N500AV,PA24,PIPER PA-24 Comanche,L1P,L
A63D04,N5005N,B06,BELL 206 JetRanger,H1T,L
A64104,N5017R,C172,CESSNA 172 Skyhawk,L1P,L
A64304,N502SX,GLF5,GULFSTREAM 5,L2J,M
A64404,N5022H,PA11,PIPER PA-11 Cub Special,L1P,L
A64C04,N5046P,PA24,PIPER PA-24 Comanche,L1P,L
A65104,N506JB,A320,AIRBUS A-320,L2J,M
A65704,N5075M,TAYB,TAYLORCRAFT BC/BF/BL,L1P,L
A65A04,N5080D,C182,CESSNA 182 Skylane,L1P,L
A65E04,N5092G,AT5T,AIR TRACTOR AT-504,L1T,L
A65F04,N5099T,P28A,PIPER PA-28-140/150/160/180,L1P,L
A66304,N510SE,E550,EMBRAER EMB-550 Praetor 600,L2J,M
A66504,N5109B,C152,CESSNA 152,L1P,L
A66804,N51134,C150,CESSNA 150,L1P,L
A66C04,N51257,C150,CESSNA 150,L1P,L
A67004,N5138,SPUP,SOPWITH Pup Replica,L1P,L
A67204,N514TR,SLG4,AIRPLANE FACTORY Sling 4,L1P,L
A67304,N51422,ST75,STEARMAN Kaydet,L1P,L
A67404,N515AB,ULAC,,L0-,-
A67604,N515WP,TBM7,SOCATA TBM-700A/B/C,L1T,L
A67804,N516D,RV6,VANS RV-6,L1P,L
A67E04,N51710,T206,CESSNA T206 Turbo Stationair,L1P,L
A67F04,N5179A,B738,BOEING 737-800,L2J,M
A68204,N51833,,,,
A68504,N519Y,G164,GRUMMAN G-164 Ag-Cat,L1P,L
A68A04,N520MC,BE20,BEECH 200 Super King Air,L2T,M
A68D04,N521DV,CLBR,FISHER AERO Celebrity,L1P,L
A68E04,N521QA,DA42,DIAMOND DA-42 Guardian,L2P,L
A68F04,N5210G,O1,CESSNA 305/341 Bird Dog,L1P,L
A69004,N5217T,P28R,PIPER PA-28R-180/200/201,L1P,L
A69404,N5229W,P28A,PIPER PA-28-140/150/160/180,L1P,L
A69804,N524CH,AS50,AEROSPATIALE AS-350 Ecureuil,H1T,L
A69B04,N5246R,BALL,,B0-,-
A69C04,N525FF,C25A,CESSNA 525A Citation CJ2,L2J,L
A69D04,N525RM,C25A,CESSNA 525A Citation CJ2,L2J,L
A69E04,N5251H,C172,CESSNA 172 Skyhawk,L1P,L
A6A204,N5263L,P28A,PIPER PA-28-140/150/160/180,L1P,L
A6A304,N527AW,SA30,STOLP Starduster Too,L1P,L
A6A904,N5280F,H500,HUGHES 500,H1T,L
A6AA04,N5287S,M20P,MOONEY M-20,L1P,L
A6AE04,N5299V,BALL,,B0-,-
A6B204,N530SG,S22T,CIRRUS SR-22T Turbo,L1P,L
A6B304,N53013,C185,CESSNA 185 Skywagon,L1P,L
A6B804,N532BR,,,,
A6BB04,N53259,P32R,PIPER PA-32R-300/301/301T,L1P,L
A6C204,N53424,P32R,PIPER PA-32R-300/301/301T,L1P,L
A6C604,N53547,RELI,STINSON Reliant,L1P,L
A6C704,N536DB,MR35,MURPHY SR-3500 Super Rebel,L1P,L
A6CD04,N53712,TAYD,TAYLORCRAFT DC/DF/DL,L1P,L
A6D604,N56EN,E545,EMBRAER EMB545 Praetor 500,L2J,M
A6D804,N540AZ,DRON,,D0-,-
A6DA04,N540XL,,,,
A6E804,N544NR,T6,NORTH AMERICAN T-6 Texan,L1P,L
A6EA04,N5446T,ULAC,,L0-,-
A6ED04,N5451K,C172,CESSNA 172 Skyhawk,L1P,L
A6F104,N5463N,C82R,CESSNA R182 Skylane RG,L1P,L
A6F504,N5475R,C172,CESSNA 172 Skyhawk,L1P,L
A6F804,N5480H,PA18,PIPER PA-18 Super Cub,L1P,L
A6F904,N5487U,BE35,BEECH 35 Starfire Bonanza,L1P,L
A6FB04,N549T,BE95,BEECH 95 Travel Air,L2P,L
A6FE04,N55KS,SR22,CIRRUS SR-22,L1P,L
A6FF04,N55VY,PRM1,RAYTHEON 390 Premier 1,L2J,L
A70004,N550GC,AT3T,AIR TRACTOR AT-302/402,L1T,L
A70404,N551KA,C550,CESSNA 550 Citation S2,L2J,L
A70A04,N5526A,,,,
A70D04,N55303,P28A,PIPER PA-28-140/150/160/180,L1P,L
A71304,N555LM,M20P,MOONEY M-20,L1P,L
A71404,N555WT,BE33,BEECH 33 Bonanza,L1P,L
A71904,N5567B,PARA,,P0-,-
A71A04,N557GB,RV14,VANS RV-14,L1P,L
A71B04,N557SH,C150,CESSNA 150,L1P,L
A71D04,N5579E,C150,CESSNA 150,L1P,L
A71E04,N558K,P28A,PIPER PA-28-140/150/160/180,L1P,L
A72004,N55837,P28R,PIPER PA-28R-180/200/201,L1P,L
A72604,N56QW,C150,CESSNA 150,L1P,L
A72704,N560BA,B505,BELL 505 JetRanger X,H1T,L
A72804,N560MG,C560,CESSNA 560 Citation Ultra,L2J,M
A72A04,N5605U,P28A,PIPER PA-28-140/150/160/180,L1P,L
A72E04,N5617X,PARA,,P0-,-
A73004,N562TC,P32R,PIPER PA-32R-300/301/301T,L1P,L
A73104,N5622P,PA24,PIPER PA-24 Comanche,L1P,L
A73204,N56290,M5,MAULE M-5,L1P,L
A73404,N563WA,B763,BOEING 767-300,L2J,H
A73504,N5634S,M5,MAULE M-5,L1P,L
A73E04,N566JH,RV6,VANS RV-6,L1P,L
A73F04,N566UP,SW4,SWEARINGEN Metro,L2T,M
A74004,N5663Q,M20P,MOONEY M-20,L1P,L
A74404,N5675T,C172,CESSNA 172 Skyhawk,L1P,L
A74704,N5680K,BE35,BEECH 35 Starfire Bonanza,L1P,L
A74E04,N57W,PTS1,PITTS S-1 Special,L1P,L
A75204,N5709H,PA16,PIPER PA-16 Clipper,L1P,L
A75904,N5726C,C170,CESSNA 170,L1P,L
A75C04,N57305,P28R,PIPER PA-28R-180/200/201,L1P,L
A76004,N57428,CH7B,BELLANCA 7 Citabria,L1P,L
A76404,N5755A,C172,CESSNA 172 Skyhawk,L1P,L
A76804,N5767D,PA18,PIPER PA-18 Super Cub,L1P,L
A76C04,N5779G,C150,CESSNA 150,L1P,L
A77104,N579N,TBM7,SOCATA TBM-700A/B/C,L1T,L
A77904,N5805W,P28A,PIPER PA-28-140/150/160/180,L1P,L
A77D04,N5817Z,PA22,PIPER PA-22,L1P,L
A78404,N5834U,P28A,PIPER PA-28-140/150/160/180,L1P,L
A78504,N584CP,SR22,CIRRUS SR-22,L1P,L
A78C04,N58580,C182,CESSNA 182 Skylane,L1P,L
A78F04,N5863S,BE35,BEECH 35 Starfire Bonanza,L1P,L
A79104,N587MH,EC45,AIRBUS HELICOPTERS EC-145,H2T,L
A79304,N5875V,P28A,PIPER PA-28-140/150/160/180,L1P,L
A79604,N5880M,C310,CESSNA 310,L2P,L
A79704,N5887Y,PA23,PIPER PA-23,L2P,L
A79D04,N59WB,RV4,VANS RV-4,L1P,L
A79E04,N590GG,R44,ROBINSON R-44 Raven,H1P,L
A7A004,N59019,PA46,PIPER PA-46-310/350,L1P,L
A7A404,N5914B,C182,CESSNA 182 Skylane,L1P,L
A7A804,N5926E,C150,CESSNA 150,L1P,L
A7AA04,N593RA,BE58,BEECH 58 Baron,L2P,L
A7AF04,N5943,YK11,YAKOVLEV Yak-11,L1P,L
A7B004,N595AK,CH65,ZENAIR CH-650 Zodiac,L1P,L
A7BA04,N59718,,,,
A7BC04,N598KD,G150,GULFSTREAM G150,L2J,M
A7BF04,N599BW,GLST,GLASAIR SH-4 GlaStar,L1P,L
A7C304,N6EU,EC45,AIRBUS HELICOPTERS EC-145,H2T,L
A7C404,N6R,RV6,VANS RV-6,L1P,L
A7C504,N60BE,HUSK,CHRISTEN Husky,L1P,L
A7C604,N60ML,BE35,BEECH 35 Starfire Bonanza,L1P,L
A7CB04,N601AP,CH60,ZENAIR CH-600 Zodiac,L1P,L
A7CC04,N601LV,CH60,ZENAIR CH-600 Zodiac,L1P,L
A7CE04,N6015G,C150,CESSNA 150,L1P,L
A7CF04,N602DM,AT6T,AIR TRACTOR AT-602,L1T,L
A7D404,N603SR,SR22,CIRRUS SR-22,L1P,L
A7D604,N6039N,C210,CESSNA 201 Centurion,L1P,L
A7D804,N604VP,GLID,,L0-,-
A7D904,N6044E,BE24,BEECH 24 Sierra,L1P,L
A7DA04,N605C,BE58,BEECH 58 Baron,L2P,L
A7E204,N607HW,SRAI,GREAT PLAINS Sonerai,L1P,L
A7E704,N608X,,,,
A7EC04,N6097J,TRDO,TITAN Tornado SS,L1P,L
A7ED04,N61GJ,MU2,MITSUBISHI MU-2 Marquise,L2T,L
A7EE04,N61SQ,PARA,,P0-,-
A7F204,N61063,VALI,CONVAIR Valiant,L1P,L
A7F304,N611FT,P28A,PIPER PA-28-140/150/160/180,L1P,L
A7F504,N6111V,BE9L,BEECH 90 King Air,L2T,L
A7F604,N61186,C150,CESSNA 150,L1P,L
A7F704,N612JR,C340,CESSNA 340 Super,L2P,L
A7F804,N612UX,E75L,EMBRAER ERJ-170-200 (long wing),L2J,M
A7F904,N6123Y,BALL,,B0-,-
A7FE04,N614EF,RV7,VANS RV-7,L1P,L
A80104,N61474,C82T,CESSNA TR182 Turbo Skylane RG,L1P,L
A80404,N6152W,P28A,PIPER PA-28-140/150/160/180,L1P,L
A80804,N6164Z,BALL,,B0-,-
A80A04,N617P,PISI,PIPSTREL Sinus,L1P,L
A80C04,N61762,AT3P,AIR TRACTOR AT-301/401,L1P,L
A80F04,N6181U,BE36,BEECH 36 Bonanza,L1P,L
A81004,N61885,C185,CESSNA 185 Skywagon,L1P,L
A81404,N62BG,G103,GROB G-103 Twin 3SL,L1P,L
A81A04,N621AR,C212,CESSNA 212 Aviocar,L2T,M
A81D04,N6215J,,,,
A82404,N6232D,C172,CESSNA 172 Skyhawk,L1P,L
A82904,N625CB,SR22,CIRRUS SR-22,L1P,L
A82C04,N6256K,RC3,REPUBLIC RC-3 Seabee,A1P,L
A82D04,N626F,SR22,CIRRUS SR-22,L1P,L
A83004,N6268N,C82R,CESSNA R182 Skylane RG,L1P,L
A83304,N6273E,C172,CESSNA 172 Skyhawk,L1P,L
A83704,N6285H,C207,CESSNA 207 Turbo Stationair,L1P,L
A83B04,N6297L,BE36,BEECH 36 Bonanza,L1P,L
A83C04,N63GL,,,,
A83D04,N63SS,T206,CESSNA T206 Turbo Stationair,L1P,L
A84304,N631SA,BE36,BEECH 36 Bonanza,L1P,L
A84404,N6311X,C340,CESSNA 340 Super,L2P,L
A84804,N63230,ZZZZ,,-0-,-
A84F04,N6340V,COUR,HELIO Courier,L1P,L
A85004,N63476,P51,NORTH AMERICAN P-51 Mustang,L1P,L
A85404,N63599,C150,CESSNA 150,L1P,L
A85704,N63641,C150,CESSNA 150,L1P,L
A85D04,N638S,BE35,BEECH 35 Starfire Bonanza,L1P,L
A86304,N64BJ,BE35,BEECH 35 Starfire Bonanza,L1P,L
A86804,N6403H,J3,PIPER J-3 Cub,L1P,L
A86904,N641AT,PC12,PILATUS PC-12,L1T,L
A86F04,N6420C,CH7A,BELLANCA 7 Champion,L1P,L
A87104,N643GP,MAGN,AVID Magnum,L1P,L
A87304,N6432F,C150,CESSNA 150,L1P,L
A87404,N6439S,C150,CESSNA 150,L1P,L
A87804,N645CD,SR22,CIRRUS SR-22,L1P,L
A87904,N645NK,A320,AIRBUS A-320,L2J,M
A87C04,N646FB,RV9,VANS RV-9,L1P,L
A88604,N6485K,RC3,REPUBLIC RC-3 Seabee,A1P,L
A88904,N6490B,C172,CESSNA 172 Skyhawk,L1P,L
A88C04,N65SU,C172,CESSNA 172 Skyhawk,L1P,L
A88D04,N650CZ,C650,CESSNA 650 Citation,L2J,M
A89104,N651FX,GLF6,GULFSTREAM G650,L2J,M
A89B04,N65355,ST75,STEARMAN Kaydet,L1P,L
A8A204,N65520,B47G,BELL 47G,H1P,L
A8A404,N656LF,A119,AGUSTA AW-119 Koala,H1T,L
A8AE04,N65889,PA18,PIPER PA-18 Super Cub,L1P,L
A8B204,N66BL,L39,LET L-39 Albatros,L1J,L
A8B304,N66MS,P28R,PIPER PA-28R-180/200/201,L1P,L
A8B404,N66XY,PA15,PIPER PA-15 Vagabond,L1P,L
A8B904,N661MA,AT8T,AIR TRACTOR AT-802,L1T,M
A8BB04,N6615N,C82S,CESSNA T182 Turbo Skylane,L1P,L
A8BE04,N6620E,C175,CESSNA 175 Skylark,L1P,L
A8CA04,N6656P,PA24,PIPER PA-24 Comanche,L1P,L
A8CD04,N6661F,C150,CESSNA 150,L1P,L
A8D104,N6673J,P28A,PIPER PA-28-140/150/160/180,L1P,L
A8D304,N668M,H500,HUGHES 500,H1T,L
A8D804,N6690D,PA18,PIPER PA-18 Super Cub,L1P,L
A8D904,N6697Q,G164,GRUMMAN G-164 Ag-Cat,L1P,L
A8DB04,N67SW,RV4,VANS RV-4,L1P,L
A8E304,N6719B,BE24,BEECH 24 Sierra,L1P,L
A8E604,N67234,B06,BELL 206 JetRanger,H1T,L
A8E704,N673BP,ULAC,,L0-,-
A8EB04,N674EM,DRON,,D0-,-
A8F404,N676WP,DRON,,D0-,-
A8FC04,N67810,C152,CESSNA 152,L1P,L
A8FD04,N6789A,C172,CESSNA 172 Skyhawk,L1P,L
A90204,N68MU,BE10,BEECH 100 King Air,L2T,L
A90604,N6803M,C182,CESSNA 182 Skylane,L1P,L
A90C04,N682QA,DRON,,D0-,-
A90D04,N6820G,C150,CESSNA 150,L1P,L
A90E04,N6827T,C310,CESSNA 310,L2P,L
A91104,N6832K,G164,GRUMMAN G-164 Ag-Cat,L1P,L
A91E04,N687JD,CLON,AUTOGYRO Cavalon,G1P,L
A92204,N688MB,PA24,PIPER PA-24 Comanche,L1P,L
A92704,N6890F,PA34,PIPER PA-34 Seneca,L2P,L
A92904,N69GS,P28R,PIPER PA-28R-180/200/201,L1P,L
A92E04,N6907A,AEST,AEROSTAR 600,L2P,L
A92F04,N691GA,GA6C,GULFSTREAM G600,L2J,M
A93104,N69113,UHEL,,H0-,-
A93604,N693BR,CRJ2,BOMBARDIER Regional Jet CRJ-200,L2J,M
A93904,N69359,DHC2,DE HAVILLAND DHC-2 Beaver,L1P,L
A95104,N7MW,BE58,BEECH 58 Baron,L2P,L
A95804,N7008F,PA32,PIPER PA-32,L1P,L
A95904,N701HR,GLID,,L0-,-
A95A04,N701TX,CH70,ZENAIR CH-701 Stol,L1P,L
A96104,N703PM,,,,
A96304,N7037D,PA22,PIPER PA-22,L1P,L
A96404,N704GD,C150,CESSNA 150,L1P,L
A96A04,N70539,J3,PIPER J-3 Cub,L1P,L
A96E04,N7066B,PA18,PIPER PA-18 Super Cub,L1P,L
A96F04,N707ES,EA50,ECLIPSE 550,L2J,L
A97B04,N71PL,C82S,CESSNA T182 Turbo Skylane,L1P,L
A97E04,N710WC,C25B,CESSNA 525B Citation CJ3,L2J,L
A98004,N711CP,PA46,PIPER PA-46-310/350,L1P,L
A98104,N711NV,PC24,PILATUS PC-24,L2J,M
A98304,N7116X,C150,CESSNA 150,L1P,L
A98504,N712RT,M7,MAULE M-7,L1P,L
A98704,N71280,BALL,,B0-,-
A98804,N713JK,C172,CESSNA 172 Skyhawk,L1P,L
A98B04,N714BB,C150,CESSNA 150,L1P,L
A98C04,N714MH,B350,BEECHCRAFT Super King Air 350,L2T,M
A99204,N7157Y,PA30,PIPER PA-30 Twin Comanche,L2P,L
A99504,N7162Q,PARA,,P0-,-
A99604,N71691,L8,LUSCOMBE 8,L1P,L
A99704,N717KW,T206,CESSNA T206 Turbo Stationair,L1P,L
A99804,N717WB,RV8,VANS RV-8,L1P,L
A99904,N7174T,C172,CESSNA 172 Skyhawk,L1P,L
A99D04,N7186W,P28A,PIPER PA-28-140/150/160/180,L1P,L
A99F04,N719RS,VTRA,RANS Venterra,L1P,L
A9A004,N7191N,BE9L,BEECH 90 King Air,L2T,L
A9A104,N7198Z,PA25,PIPER PA-25 Pawnee,L1P,L
A9A204,N72JJ,PA31,PIPER PA-31-300/310/325/350/425,L2P,L
A9A404,N720EV,CRJ7,BOMBARDIER Regional Jet CRJ-700,L2J,M
A9A504,N720RA,LJ45,LEARJET 45,L2J,M
A9A604,N72007,BE36,BEECH 36 Bonanza,L1P,L
A9A804,N721HT,S64,SIKORSKY S-64 Skycrane,H2T,M
A9AA04,N7213,GLID,,L0-,-
A9AB04,N722AK,P28A,PIPER PA-28-140/150/160/180,L1P,L
A9AE04,N7225C,BE36,BEECH 36 Bonanza,L1P,L
A9B404,N724SM,DRON,,D0-,-
A9B504,N72418,,,,
A9B604,N7249J,P28A,PIPER PA-28-140/150/160/180,L1P,L
A9B904,N7254A,C172,CESSNA 172 Skyhawk,L1P,L
A9BA04,N726BW,PA46,PIPER PA-46-310/350,L1P,L
A9BD04,N7266D,C172,CESSNA 172 Skyhawk,L1P,L
A9C204,N728HS,BE58,BEECH 58 Baron,L2P,L
A9C504,N729AJ,SR22,CIRRUS SR-22,L1P,L
A9C804,N7295B,BE35,BEECH 35 Starfire Bonanza,L1P,L
A9C904,N73DG,MONI,MONNETT Moni,L1P,L
A9CE04,N7304W,,,,
A9D004,N731NX,P210,CESSNA P210 Centurion,L1P,L
A9D304,N732FP,C210,CESSNA 201 Centurion,L1P,L
A9D404,N732RV,T210,CESSNA T210 Turbo Centurion,L1P,L
A9D704,N733JM,C172,CESSNA 172 Skyhawk,L1P,L
A9D804,N733UT,C172,CESSNA 172 Skyhawk,L1P,L
A9DB04,N734MK,C172,CESSNA 172 Skyhawk,L1P,L
A9DC04,N734XR,C172,CESSNA 172 Skyhawk,L1P,L
A9DD04,N7345X,C150,CESSNA 150,L1P,L
A9DE04,N735EB,C182,CESSNA 182 Skylane,L1P,L
A9DF04,N735QH,C182,CESSNA 182 Skylane,L1P,L
A9E404,N7362S,C182,CESSNA 182 Skylane,L1P,L
A9EB04,N738ZB,C82R,CESSNA R182 Skylane RG,L1P,L
A9EC04,N7386Y,PA30,PIPER PA-30 Twin Comanche,L2P,L
A9ED04,N739FN,C172,CESSNA 172 Skyhawk,L1P,L
A9F004,N73981,C172,CESSNA 172 Skyhawk,L1P,L
A9F104,N74JL,RV4,VANS RV-4,L1P,L
A9F204,N74US,BE36,BEECH 36 Bonanza,L1P,L
A9F604,N7408K,PA20,PIPER PA-20 Pacer,L1P,L
A9FA04,N742AM,B407,BELL 407,H1T,L
A9FB04,N742LT,PA44,PIPER PA-44 Seminole,L2P,L
A9FD04,N7425E,C210,CESSNA 201 Centurion,L1P,L
A9FF04,N743PR,DRON,,D0-,-
AA0804,N7454C,L37,LOCKHEED L-137 Ventura,L2P,M
AA0A04,N746ND,P28A,PIPER PA-28-140/150/160/180,L1P,L
AA0E04,N747RB,ST75,STEARMAN Kaydet,L1P,L
AA1004,N7478J,P28R,PIPER PA-28R-180/200/201,L1P,L
AA1804,N75DJ,BE35,BEECH 35 Starfire Bonanza,L1P,L
AA2004,N751ZE,CH75,ZENAIR CH-750 Cruzer,L1P,L
AA2404,N7521T,C172,CESSNA 172 Skyhawk,L1P,L
AA2A04,N754MM,F900,DASSAULT Falcon 900,L3J,M
AA2F04,N7550R,P28A,PIPER PA-28-140/150/160/180,L1P,L
AA3004,N75572,C172,CESSNA 172 Skyhawk,L1P,L
AA3204,N756TH,T206,CESSNA T206 Turbo Stationair,L1P,L
AA3304,N7562U,C150,CESSNA 150,L1P,L
AA3504,N757L,RV6,VANS RV-6,L1P,L
AA3704,N7574X,C172,CESSNA 172 Skyhawk,L1P,L
AA3804,N758CS,C172,CESSNA 172 Skyhawk,L1P,L
AA3904,N758NY,C172,CESSNA 172 Skyhawk,L1P,L
AA3B04,N75860,C172,CESSNA 172 Skyhawk,L1P,L
AA3D04,N759RW,C182,CESSNA 182 Skylane,L1P,L
AA3E04,N7591S,C182,CESSNA 182 Skylane,L1P,L
AA4004,N76JN,PA31,PIPER PA-31-300/310/325/350/425,L2P,L
AA4404,N7601A,C180,CESSNA  180 Skywagon,L1P,L
AA4504,N7608M,C175,CESSNA 175 Skylark,L1P,L
AA4804,N7613D,PA22,PIPER PA-22,L1P,L
AA5304,N7642B,,,,
AA5D04,N767RD,M20P,MOONEY M-20,L1P,L
AA6504,N769X,COZY,CO-Z Cozy,L1P,L
AA6804,N77PS,ZZZZ,,-0-,-
AA6A04,N770LC,J3,PIPER J-3 Cub,L1P,L
AA6E04,N771PA,BE9L,BEECH 90 King Air,L2T,L
AA7004,N77163,C140,CESSNA 140,L1P,L
AA7104,N772FT,P28R,PIPER PA-28R-180/200/201,L1P,L
AA7F04,N77574,J3,PIPER J-3 Cub,L1P,L
AA8204,N7762W,P28A,PIPER PA-28-140/150/160/180,L1P,L
AA8304,N77697,FA24,FAIRCHILD F-24 Argus,L1P,L
AA8404,N777LB,C25B,CESSNA 525B Citation CJ3,L2J,L
AA8604,N7774Z,SR22,CIRRUS SR-22,L1P,L
AA8D04,N7791U,C172,CESSNA 172 Skyhawk,L1P,L
AA9104,N780FA,AT8T,AIR TRACTOR AT-802,L1T,M
AA9E04,N7830A,B737,BOEING 737-700,L2J,M
AA9F04,N7837M,M20P,MOONEY M-20,L1P,L
AAA204,N7842D,PA22,PIPER PA-22,L1P,L
AAA604,N7854G,C172,CESSNA 172 Skyhawk,L1P,L
AAAA04,N7866K,LAMA,AEROSPATIALE SA-315 Lama,H1T,L
AAB104,N7883E,C150,CESSNA 150,L1P,L
AAB504,N7895H,PA12,PIPER PA-12 Super Cruiser,L1P,L
AAB604,N79DN,GLID,,L0-,-
AABB04,N79042,C172,CESSNA 172 Skyhawk,L1P,L
AAC104,N792SA,C172,CESSNA 172 Skyhawk,L1P,L
AAC604,N79330,M20P,MOONEY M-20,L1P,L
AAC704,N794BK,P28A,PIPER PA-28-140/150/160/180,L1P,L
AACA04,N79453,C172,CESSNA 172 Skyhawk,L1P,L
AACE04,N79576,C172,CESSNA 172 Skyhawk,L1P,L
AAD004,N796TM,BL8,BELLANCA 8 Decathlon,L1P,L
AAD104,N7962Y,PA30,PIPER PA-30 Twin Comanche,L2P,L
AADB04,N799S,H25B,HAWKER BEECHCRAFT Hawker 750/850,L2J,M
AADC04,N7991W,P28A,PIPER PA-28-140/150/160/180,L1P,L
AADD04,N79987,B06,BELL 206 JetRanger,H1T,L
AADE04,N8JS,PTS1,PITTS S-1 Special,L1P,L
AAE004,N80FC,PA34,PIPER PA-34 Seneca,L2P,L
AAE204,N800BP,R22,ROBINSON R-22 Mariner,H1P,L
AAE404,N800YA,,,,
AAE604,N801EM,,,,
AAE804,N8010Z,T206,CESSNA T206 Turbo Stationair,L1P,L
AAE904,N8018,GLID,,L0-,-
AAEA04,N802HK,E145,EMBRAER ERJ-145,L2J,M
AAEB04,N802TR,AT8T,AIR TRACTOR AT-802,L1T,M
AAEF04,N803WP,PARA,,P0-,-
AAF204,N804PF,C56X,CESSNA 560XL Citation XLS,L2J,M
AAF604,N805SD,BL8,BELLANCA 8 Decathlon,L1P,L
AAF704,N80510,PARA,,P0-,-
AAF804,N8059A,B738,BOEING 737-800,L2J,M
AAFB04,N80633,C185,CESSNA 185 Skywagon,L1P,L
AAFF04,N80756,P28A,PIPER PA-28-140/150/160/180,L1P,L
AB0104,N808QS,C700,CESSNA 700 Citation Longitude,L2J,M
AB0204,N8080Y,R22,ROBINSON R-22 Mariner,H1P,L
AB0604,N80921,C172,CESSNA 172 Skyhawk,L1P,L
AB0704,N81AA,BALL,,B0-,-
AB0A04,N810GT,CL60,BOMBARDIER CL-600 Challenger,L2J,M
AB0C04,N8102K,G164,GRUMMAN G-164 Ag-Cat,L1P,L
AB0D04,N8109W,P28A,PIPER PA-28-140/150/160/180,L1P,L
AB1104,N812CH,M20P,MOONEY M-20,L1P,L
AB1604,N813RM,C337,CESSNA 337 Super Skymaster,L2P,L
AB1704,N8131H,BE36,BEECH 36 Bonanza,L1P,L
AB1804,N8138U,C150,CESSNA 150,L1P,L
AB1C04,N815AW,A319,AIRBUS A-319,L2J,M
AB1F04,N8155P,PA24,PIPER PA-24 Comanche,L1P,L
AB2204,N8160F,C150,CESSNA 150,L1P,L
AB2304,N8167S,C150,CESSNA 150,L1P,L
AB2404,N817GS,GLF6,GULFSTREAM G650,L2J,M
AB2504,N817SY,B738,BOEING 737-800,L2J,M
AB2A04,N8184M,C310,CESSNA 310,L2P,L
AB2C04,N819NN,B738,BOEING 737-800,L2J,M
AB3004,N82RL,CL60,BOMBARDIER CL-600 Challenger,L2J,M
AB3104,N820BR,BE36,BEECH 36 Bonanza,L1P,L
AB3404,N82059,CH7A,BELLANCA 7 Champion,L1P,L
AB3704,N82101,CH7A,BELLANCA 7 Champion,L1P,L
AB3804,N8218B,L8,LUSCOMBE 8,L1P,L
AB3A04,N822TT,CH7B,BELLANCA 7 Citabria,L1P,L
AB4004,N824DB,P32R,PIPER PA-32R-300/301/301T,L1P,L
AB4604,N82512,CH7A,BELLANCA 7 Champion,L1P,L
AB4A04,N82635,PA18,PIPER PA-18 Super Cub,L1P,L
AB4E04,N82758,CH7A,BELLANCA 7 Champion,L1P,L
AB5104,N82800,,,,
AB5204,N8288A,P28A,PIPER PA-28-140/150/160/180,L1P,L
AB5C04,N8309Y,PA30,PIPER PA-30 Twin Comanche,L2P,L
AB5D04,N831KT,BE23,BEECH 23 Sundowner,L1P,L
AB6604,N8331K,G164,GRUMMAN G-164 Ag-Cat,L1P,L
AB6704,N8338W,P28A,PIPER PA-28-140/150/160/180,L1P,L
AB6A04,N8343N,BE35,BEECH 35 Starfire Bonanza,L1P,L
AB6B04,N835AY,CRJ2,BOMBARDIER Regional Jet CRJ-200,L2J,M
AB6C04,N835MD,C182,CESSNA 182 Skylane,L1P,L
AB7104,N8360H,J3,PIPER J-3 Cub,L1P,L
AB7204,N8367U,C172,CESSNA 172 Skyhawk,L1P,L
AB7504,N8372L,C172,CESSNA 172 Skyhawk,L1P,L
AB7704,N838KS,C172,CESSNA 172 Skyhawk,L1P,L
AB7904,N8384P,PA24,PIPER PA-24 Comanche,L1P,L
AB7D04,N8396S,C182,CESSNA 182 Skylane,L1P,L
AB8304,N8406A,P28A,PIPER PA-28-140/150/160/180,L1P,L
AB8404,N841ER,DRON,,D0-,-
AB8704,N8418D,PA22,PIPER PA-22,L1P,L
AB8804,N842HP,DRON,,D0-,-
AB8A04,N84226,C172,CESSNA 172 Skyhawk,L1P,L
AB8D04,N843WT,T206,CESSNA T206 Turbo Stationair,L1P,L
AB8F04,N844DD,PP3,PILATUS P-3,L1P,L
AB9404,N845SH,R22,ROBINSON R-22 Mariner,H1P,L
ABA104,N8488C,ACRO,ACRO SPORT 1,L1P,L
ABA504,N85AE,ULAC,,L0-,-
ABA704,N85WS,PTS1,PITTS S-1 Special,L1P,L
ABA804,N850GX,TBM7,SOCATA TBM-700A/B/C,L1T,L
ABA904,N850TC,F2TH,DASSAULT Falcon 2000,L2J,M
ABB504,N8531M,BE35,BEECH 35 Starfire Bonanza,L1P,L
ABB604,N8538Y,PA30,PIPER PA-30 Twin Comanche,L2P,L
ABB804,N854UP,BE30,BEECH 300 Super King Air,L2T,L
ABC104,N8567W,P28B,PIPER PA-28-201T/235/236,L1P,L
ABC504,N8579Z,B738,BOEING 737-800,L2J,M
ABC704,N858W,BE58,BEECH 58 Baron,L2P,L
ABC804,N8584R,BE33,BEECH 33 Bonanza,L1P,L
ABCC04,N8596U,C172,CESSNA 172 Skyhawk,L1P,L
ABD204,N8606C,B738,BOEING 737-800,L2J,M
ABD504,N86105,,,,
ABD604,N8618F,H500,HUGHES 500,H1T,L
ABDA04,N863AH,A139,AGUSTA AW-139,H2T,L
ABDB04,N863LP,AR11,AERONCA 11 Chief,L1P,L
ABDD04,N8635A,BE35,BEECH 35 Starfire Bonanza,L1P,L
ABE204,N865GD,DRON,,D0-,-
ABE504,N8659G,C150,CESSNA 150,L1P,L
ABF004,N8688E,,,,
ABF404,N87AG,GA8,GIPPSAERO GA-8 Airvan,L1P,L
ABF604,N87WU,C56X,CESSNA 560XL Citation XLS,L2J,M
ABFE04,N872CP,SR22,CIRRUS SR-22,L1P,L
AC0504,N87380,E75L,EMBRAER ERJ-170-200 (long wing),L2J,M
AC0A04,N875MH,EC30,AIRBUS HELICOPTERS EC-130,H1T,L
AC0C04,N8755V,CH7B,BELLANCA 7 Citabria,L1P,L
AC0F04,N8760M,BE23,BEECH 23 Sundowner,L1P,L
AC1404,N87791,J3,PIPER J-3 Cub,L1P,L
AC1704,N8784T,C172,CESSNA 172 Skyhawk,L1P,L
AC1B04,N8796W,P28B,PIPER PA-28-201T/235/236,L1P,L
AC2404,N88107,J3,PIPER J-3 Cub,L1P,L
AC2504,N8818H,NAVI,NORTH AMERICAN Navion,L1P,L
AC3004,N8847F,P28A,PIPER PA-28-140/150/160/180,L1P,L
AC3204,N885SM,RV6,VANS RV-6,L1P,L
AC3B04,N8876D,PA18,PIPER PA-18 Super Cub,L1P,L
AC4304,N89AJ,RV12,VANS RV-12,L1P,L
AC4504,N89WW,C172,CESSNA 172 Skyhawk,L1P,L
AC4704,N890TG,PC12,PILATUS PC-12,L1T,L
AC4804,N8902T,C182,CESSNA 182 Skylane,L1P,L
AC4C04,N8914W,P28B,PIPER PA-28-201T/235/236,L1P,L
AC5404,N89382,C140,CESSNA 140,L1P,L
AC5704,N8943U,BE35,BEECH 35 Starfire Bonanza,L1P,L
AC5B04,N8955X,C182,CESSNA 182 Skylane,L1P,L
AC6104,N897TF,TBM7,SOCATA TBM-700A/B/C,L1T,L
AC6904,N899ZB,AVID,AVID Flyer,L1P,L
AC6A04,N8996Y,PA18,PIPER PA-18 Super Cub,L1P,L
AC6B04,N9FN,P28R,PIPER PA-28R-180/200/201,L1P,L
AC6D04,N90BZ,EN28,ENSTROM F-28,H1P,L
AC7004,N900JR,UH12,HILLER UH-12,H1P,L
AC7304,N901BH,,,,
AC7504,N901XV,B06,BELL 206 JetRanger,H1T,L
AC7604,N90151,BALL,,B0-,-
AC7A04,N90274,GYRO,,G0-,-
AC7E04,N90397,BALL,,B0-,-
AC7F04,N904LB,,,,
AC8604,N906FS,GLF5,GULFSTREAM 5,L2J,M
AC8804,N9061U,BRB2,BRANTLY B-2,H1P,L
AC8904,N90685,SKYR,REARWIN Skyranger,L1P,L
AC8C04,N9073X,C182,CESSNA 182 Skylane,L1P,L
AC8D04,N908BG,GLID,,L0-,-
AC9404,N90973,CH7A,BELLANCA 7 Champion,L1P,L
AC9704,N910DP,C750,CESSNA 750 Citation 10,L2J,M
AC9904,N9100A,C170,CESSNA 170,L1P,L
AC9A04,N9107M,C182,CESSNA 182 Skylane,L1P,L
AC9B04,N911GM,C500,CESSNA 500 Citation 1,L2J,L
AC9E04,N9119Q,BE95,BEECH 95 Travel Air,L2P,L
ACA104,N9124G,BALL,,B0-,-
ACA204,N913CB,,,,
ACA704,N914RF,P32R,PIPER PA-32R-300/301/301T,L1P,L
ACA804,N9141B,C172,CESSNA 172 Skyhawk,L1P,L
ACAB04,N915UD,AN2,ANTONOV An-2,L1P,L
ACAC04,N9153E,AR11,AERONCA 11 Chief,L1P,L
ACAD04,N916AQ,PC6P,PILATUS PC-6 Porter,L1P,L
ACB004,N9165H,FA62,FAIRCHILD M-26 Cornell,L1P,L
ACB104,N917DN,MD90,MCDONNELL-DOUGLAS MD-90,L2J,M
ACB704,N9182C,C180,CESSNA  180 Skywagon,L1P,L
ACB804,N9189P,PA24,PIPER PA-24 Comanche,L1P,L
ACBC04,N92CA,PC12,PILATUS PC-12,L1T,L
ACBD04,N92NG,PC12,PILATUS PC-12,L1T,L
ACC604,N922EH,C551,CESSNA 551 Citation 2SP,L2J,L
ACCD04,N92399,C182,CESSNA 182 Skylane,L1P,L
ACD004,N92441,J3,PIPER J-3 Cub,L1P,L
ACD104,N925CW,SR22,CIRRUS SR-22,L1P,L
ACD204,N925PB,C82R,CESSNA R182 Skylane RG,L1P,L
ACD704,N9261W,P28B,PIPER PA-28-201T/235/236,L1P,L
ACD804,N92687,TRDO,TITAN Tornado SS,L1P,L
ACD904,N927JS,PA18,PIPER PA-18 Super Cub,L1P,L
ACE504,N93TL,FOX,KITFOX,L1P,L
ACED04,N9319S,BE23,BEECH 23 Sundowner,L1P,L
ACF004,N9324J,P28A,PIPER PA-28-140/150/160/180,L1P,L
ACF104,N933CD,SR22,CIRRUS SR-22,L1P,L
ACF204,N933NK,A20N,AIRBUS A-320neo,L2J,M
ACF404,N9336M,M20P,MOONEY M-20,L1P,L
ACFB04,N9353G,C182,CESSNA 182 Skylane,L1P,L
ACFF04,N9365K,P28A,PIPER PA-28-140/150/160/180,L1P,L
AD0A04,N9394H,C172,CESSNA 172 Skyhawk,L1P,L
AD0F04,N940VA,BE40,BEECH 400 Beechjet,L2J,M
AD1104,N941BM,C82S,CESSNA T182 Turbo Skylane,L1P,L
AD1404,N94155,ULAC,,L0-,-
AD1904,N943HH,HURI,HAWKER Hurricane,L1P,L
AD1B04,N94320,ERCO,AIR PRODUCTS F-1 Aircoupe,L1P,L
AD1C04,N944A,PA22,PIPER PA-22,L1P,L
AD1D04,N944LF,BE36,BEECH 36 Bonanza,L1P,L
AD1E04,N944WM,RV9,VANS RV-9,L1P,L
AD2104,N945PD,C82T,CESSNA TR182 Turbo Skylane RG,L1P,L
AD2704,N94689,ULAC,,L0-,-
AD2E04,N94854,C182,CESSNA 182 Skylane,L1P,L
AD3204,N94977,TAYB,TAYLORCRAFT BC/BF/BL,L1P,L
AD3504,N950DT,,,,
AD3704,N9500E,AR11,AERONCA 11 Chief,L1P,L
AD3804,N9507R,BE35,BEECH 35 Starfire Bonanza,L1P,L
AD3B04,N9512H,C172,CESSNA 172 Skyhawk,L1P,L
AD3F04,N9524L,AA5,AMERICAN AA-5 Tiger,L1P,L
AD4304,N9536P,C208,CESSNA 208 Caravan,L1T,L
AD4404,N954FD,B752,BOEING 757-200,L2J,M
AD4804,N955JB,A321,AIRBUS A-321,L2J,M
AD4A04,N9553J,P28A,PIPER PA-28-140/150/160/180,L1P,L
AD4C04,N956M,VELO,Velocity,L1P,L
AD4E04,N9565M,C82S,CESSNA T182 Turbo Skylane,L1P,L
AD5404,N958SW,CRJ2,BOMBARDIER Regional Jet CRJ-200,L2J,M
AD5A04,N96CE,BE20,BEECH 200 Super King Air,L2T,M
AD5F04,N96034,TAYB,TAYLORCRAFT BC/BF/BL,L1P,L
AD6604,N9620Z,HUSK,CHRISTEN Husky,L1P,L
AD6904,N963TR,,,,
AD6B04,N964AB,PTS1,PITTS S-1 Special,L1P,L
AD7204,N96568,C182,CESSNA 182 Skylane,L1P,L
AD7404,N966SD,AS50,AEROSPATIALE AS-350 Ecureuil,H1T,L
AD7604,N9669A,C140,CESSNA 140,L1P,L
AD7904,N96733,C182,CESSNA 182 Skylane,L1P,L
AD7E04,N969EL,ULAC,,L0-,-
AD8104,N96979,TAYB,TAYLORCRAFT BC/BF/BL,L1P,L
AD8A04,N9712K,S108,STINSON 108 Voyager,L1P,L
AD9204,N9736R,BE35,BEECH 35 Starfire Bonanza,L1P,L
AD9604,N9748U,AA5,AMERICAN AA-5 Tiger,L1P,L
AD9904,N9753L,FINC,FLEET Finch,L1P,L
AD9A04,N976AW,C337,CESSNA 337 Super Skymaster,L2P,L
AD9F04,N977Q,BE35,BEECH 35 Starfire Bonanza,L1P,L
ADA804,N9794M,C207,CESSNA 207 Turbo Stationair,L1P,L
ADB204,N98159,J3,PIPER J-3 Cub,L1P,L
ADB904,N98324,J3,PIPER J-3 Cub,L1P,L
ADBE04,N985DB,C180,CESSNA  180 Skywagon,L1P,L
ADC204,N986G,P28A,PIPER PA-28-140/150/160/180,L1P,L
ADC404,N98612,J3,PIPER J-3 Cub,L1P,L
ADC504,N9869C,C82R,CESSNA R182 Skylane RG,L1P,L
ADC804,N98735,J3,PIPER J-3 Cub,L1P,L
ADCF04,N98900,PA12,PIPER PA-12 Super Cruiser,L1P,L
ADD104,N99HL,EAGL,CHRISTEN Eagle,L1P,L
ADD204,N99TS,C172,CESSNA 172 Skyhawk,L1P,L
ADD804,N991TA,P28A,PIPER PA-28-140/150/160/180,L1P,L
ADDD04,N9924Q,C172,CESSNA 172 Skyhawk,L1P,L
ADEF04,N9970H,ST75,STEARMAN Kaydet,L1P,L
ADF004,N9977U,AA5,AMERICAN AA-5 Tiger,L1P,L
ADF204,N998T,BE35,BEECH 35 Starfire Bonanza,L1P,L
ADF304,N9982L,AA1,AMERICAN AA-1,L1P,L
ADF504,N999KS,SR22,CIRRUS SR-22,L1P,L
ADF704,N9994P,LNP4,LANCAIR PropJet 4,L1T,L
ADFD04,95-0056,BE40,BEECH 400 Beechjet,L2J,M
ADFF04,95-3002,TEX2,BEECHCRAFT T-6 Texan 2,L1T,L
AE0004,64-13235,T38,NORTHROP T-38 Talon,L2J,L
AE0104,68-8161,T38,NORTHROP T-38 Talon,L2J,L
AE0204,98-3544,TEX2,BEECHCRAFT T-6 Texan 2,L1T,L
AE0304,79-0474,C130,LOCKHEED C-130 Hercules,L4T,M
AE0404,84-00160,BE20,BEECH 200 Super King Air,L2T,M
AE0504,60-0345,K35R,BOEING KC-135R/T Stratotanker,L4J,H
AE0804,99-0058,C17,BOEING C-17 Globemaster 3,L4J,H
AE0A04,83-23910,H60,SIKORSKY UH-60 Black Hawk,H2T,M
AE0B04,90-26245,H60,SIKORSKY UH-60 Black Hawk,H2T,M
AE0E04,83-23897,H60,SIKORSKY UH-60 Black Hawk,H2T,M
AE0F04,160290,P3,LOCKHEED P-3 Orion,L4T,M
AE1104,01-3616,TEX2,BEECHCRAFT T-6 Texan 2,L1T,L
AE1204,89-00273,BE20,BEECH 200 Super King Air,L2T,M
AE1404,05-3781,TEX2,BEECHCRAFT T-6 Texan 2,L1T,L
AE1704,91-0418,F16,GENERAL DYNAMICS F-16 Fighting Falcon,L1J,M
AE1804,05-20014,H60,SIKORSKY UH-60 Black Hawk,H2T,M
AE1904,79-0139,A10,FAIRCHILD A-10 Thunderbolt II,L2J,M
AE2004,12-72245,EC45,AIRBUS HELICOPTERS EC-145,H2T,L
AE2604,166361,H60,SIKORSKY UH-60 Black Hawk,H2T,M
AE2904,6020,H60,SIKORSKY UH-60 Black Hawk,H2T,M
AE4C04,165944,V22,BELL-BOEING V-22 Osprey,R2T,M
AE5304,12-08855,H47,BOEING-VERTOL CH-47 Chinook,H2T,M
AE5A04,16-08209,H47,BOEING-VERTOL CH-47 Chinook,H2T,M
AE5E04,16-5858,C30J,LOCKHEED MARTIN C-130J Super Hercules,L4T,M
AE5F04,150191,DHC2,DE HAVILLAND DHC-2 Beaver,L1P,L
AE6004,17-20917,H60,SIKORSKY UH-60 Black Hawk,H2T,M
AE6204,17-5892,C30J,LOCKHEED MARTIN C-130J Super Hercules,L4T,M
AE6404,60-0582,T38,NORTHROP T-38 Talon,L2J,L
AE6604,18-03242,H64,MCDONNELL DOUGLAS AH-64 Apache,H2T,M
C00004,C-FAAD,RV6,VANS RV-6,L1P,L
C00104,C-FAJZ,P28R,PIPER PA-28R-180/200/201,L1P,L
C00204,C-FATV,C172,CESSNA 172 Skyhawk,L1P,L
C00304,C-FBDR,RV3,VANS RV-3,L1P,L
C00404,C-FBNN,RV7,VANS RV-7,L1P,L
C00504,C-FBXJ,DHC1,DE HAVILLAND DHC-1 Chipmunk,L1P,L
C00604,C-FCHF,,,,
C00704,C-FCRB,F28,FOKKER F-28,L2J,M
C00804,C-FDAX,ASTR,GULFSTREAM AEROSPACE Gulfstream G100,L2J,M
C00B04,C-FEEL,ZZZZ,,-0-,-
C00C04,C-FEOH,CNUK,FLEET 80 Canuck,L1P,L
C00D04,C-FEYD,S108,STINSON 108 Voyager,L1P,L
C00E04,C-FFHZ,DHC2,DE HAVILLAND DHC-2 Beaver,L1P,L
C00F04,C-FFRV,C172,CESSNA 172 Skyhawk,L1P,L
C01004,C-FGBR,C170,CESSNA 170,L1P,L
C01104,C-FGLN,PA12,PIPER PA-12 Super Cruiser,L1P,L
C01304,C-FHFF,PA12,PIPER PA-12 Super Cruiser,L1P,L
C01404,C-FHPB,B350,BEECHCRAFT Super King Air 350,L2T,M
C01504,C-FHYX,ULAC,,L0-,-
C01604,C-FIIT,M7,MAULE M-7,L1P,L
C01704,C-FISP,C210,CESSNA 201 Centurion,L1P,L
C01804,C-FJCL,C152,CESSNA 152,L1P,L
C01904,C-FJMH,B06,BELL 206 JetRanger,H1T,L
C01A04,C-FJWD,AR11,AERONCA 11 Chief,L1P,L
C01B04,C-FKFZ,CVLT,CANADAIR Cosmopolitan,L2T,M
C01C04,C-FKPV,PA18,PIPER PA-18 Super Cub,L1P,L
C01E04,C-FLJN,ZZZZ,,-0-,-
C01F04,C-FLTJ,C182,CESSNA 182 Skylane,L1P,L
C02004,C-FMDF,PC24,PILATUS PC-24,L2J,M
C02104,C-FMNB,C172,CESSNA 172 Skyhawk,L1P,L
C02204,C-FMWX,RV7,VANS RV-7,L1P,L
C02304,C-FNGT,,,,
C02404,C-FNQP,RV6,VANS RV-6,L1P,L
C02804,C-FPDZ,PA22,PIPER PA-22,L1P,L
C02D04,C-FRBF,GLID,,L0-,-
C02F04,C-FRUX,,,,
C03104,C-FSOP,,,,
C03204,C-FSYL,CH70,ZENAIR CH-701 Stol,L1P,L
C03404,C-FTSD,D5TU,DRUINE D-5 Turbi,L1P,L
C03504,C-FUBZ,P28A,PIPER PA-28-140/150/160/180,L1P,L
C03604,C-FULV,,,,
C03704,C-FUVR,RV4,VANS RV-4,L1P,L
C03804,C-FVFN,BE20,BEECH 200 Super King Air,L2T,M
C03904,C-FVPJ,P28A,PIPER PA-28-140/150/160/180,L1P,L
C03B04,C-FWJB,CRJ2,BOMBARDIER Regional Jet CRJ-200,L2J,M
C03C04,C-FWSX,B737,BOEING 737-700,L2J,M
C03D04,C-FXCT,C182,CESSNA 182 Skylane,L1P,L
C03E04,C-FXMP,ZZZZ,,-0-,-
C03F04,C-FXWL,C150,CESSNA 150,L1P,L
C04104,C-FYQD,RV6,VANS RV-6,L1P,L
C04204,C-FYZZ,,,,
C04404,C-FZTR,COUR,HELIO Courier,L1P,L
C04504,C-GADN,C150,CESSNA 150,L1P,L
C04604,C-GANJ,B735,BOEING 737-500,L2J,M
C04804,C-GBHB,B06,BELL 206 JetRanger,H1T,L
C04904,C-GBQX,CH70,ZENAIR CH-701 Stol,L1P,L
C04A04,C-GCAT,PA18,PIPER PA-18 Super Cub,L1P,L
C04C04,C-GCUL,FA7X,DASSAULT Falcon 7X,L3J,M
C04D04,C-GDEH,AS50,AEROSPATIALE AS-350 Ecureuil,H1T,L
C04E04,C-GDOD,PELI,FLYER Pelican,L1P,L
C04F04,C-GDXZ,P28A,PIPER PA-28-140/150/160/180,L1P,L
C05004,C-GEHV,B38M,BOEING 737 MAX 8,L2J,M
C05104,C-GERR,Z42,ZLIN Z-42/142/242,L1P,L
C05304,C-GFLJ,PA38,PIPER PA-38 Tomahawk,L1P,L
C05404,C-GFVF,,,,
C05604,C-GGOX,GLID,,L0-,-
C05704,C-GGYT,C150,CESSNA 150,L1P,L
C05804,C-GHIP,ERCO,AIR PRODUCTS F-1 Aircoupe,L1P,L
C05904,C-GHSL,AS50,AEROSPATIALE AS-350 Ecureuil,H1T,L
C05A04,C-GICH,R44,ROBINSON R-44 Raven,H1P,L
C05B04,C-GIMD,C172,CESSNA 172 Skyhawk,L1P,L
C05C04,C-GIVZ,PA30,PIPER PA-30 Twin Comanche,L2P,L
C05D04,C-GJFV,CH20,ZENAIR CH-200 Zenith,L1P,L
C05E04,C-GJPR,C172,CESSNA 172 Skyhawk,L1P,L
C05F04,C-GJZN,DH8D,DE HAVILLAND DHC-8-400 Dash 8,L2T,M
C06004,C-GKJJ,C172,CESSNA 172 Skyhawk,L1P,L
C06204,C-GLDB,ZZZZ,,-0-,-
C06304,C-GLMX,B06,BELL 206 JetRanger,H1T,L
C06404,C-GLWT,,,,
C06504,C-GMGP,C185,CESSNA 185 Skywagon,L1P,L
C06704,C-GNAH,JS32,BRITISH AEROSPACE Jetstream Super 31,L2T,M
C06904,C-GNTZ,C510,CESSNA 510 Citation Mustang,L2J,L
C06A04,C-GODV,C182,CESSNA 182 Skylane,L1P,L
C06B04,C-GONR,DH8A,DE HAVILLAND DHC-8-100 Dash 8,L2T,M
C06C04,C-GOXN,GL7T,BOMBARDIER BD-700 Global 7000/7500,L2J,M
C06D04,C-GPHJ,PA44,PIPER PA-44 Seminole,L2P,L
C06E04,C-GPRF,P28A,PIPER PA-28-140/150/160/180,L1P,L
C06F04,C-GQBB,R44,ROBINSON R-44 Raven,H1P,L
C07004,C-GQKX,C150,CESSNA 150,L1P,L
C07104,C-GQUT,P28A,PIPER PA-28-140/150/160/180,L1P,L
C07204,C-GREP,C206,CESSNA  206 Stationair,L1P,L
C07304,C-GROL,ZZZZ,,-0-,-
C07404,C-GRYH,H500,HUGHES 500,H1T,L
C07504,C-GSID,C185,CESSNA 185 Skywagon,L1P,L
C07604,C-GSRZ,EXEC,ROTORWAY Exec,H1P,L
C07704,C-GTBV,DHC2,DE HAVILLAND DHC-2 Beaver,L1P,L
C07804,C-GTLR,C177,CESSNA  177 Cardinal,L1P,L
C07A04,C-GUFJ,C206,CESSNA  206 Stationair,L1P,L
C07B04,C-GUPF,,,,
C07D04,C-GVIX,DHC3,DE HAVILLAND DHC-3 Otter,L1P,L
C07F04,C-GWCP,PA32,PIPER PA-32,L1P,L
C08004,C-GWML,,,,
C08204,C-GXGD,PA27,PIPER PA-23-250 Aztec,L2P,L
C08304,C-GXPZ,,,,
C08404,C-GXZV,GLEX,BOMBARDIER BD-700 Global 6000/6500,L2J,M
C08704,C-GZDJ,C185,CESSNA 185 Skywagon,L1P,L
C08804,C-GZNF,B212,BELL 212,H2T,L
C08A04,C-IAGX,,,,
C08B04,C-IAQT,ULAC,,L0-,-
C08E04,C-IBUH,PARA,,P0-,-
C08F04,C-ICED,RENE,Renegade,L1P,L
C09104,C-ICXV,CHIN,ASAP Chinook,L1P,L
C09204,C-IDHR,,,,
C09304,C-IDRN,ULAC,,L0-,-
C09404,C-IEBJ,CHIN,ASAP Chinook,L1P,L
C09504,C-IELF,,,,
C09604,C-IEVB,ULAC,,L0-,-
C09704,C-IFEX,ULAC,,L0-,-
C09804,C-IFOT,CH60,ZENAIR CH-600 Zodiac,L1P,L
C09904,C-IFYP,ULAC,,L0-,-
C09B04,C-IGSH,ULAC,,L0-,-
C09E04,C-IHVV,CHIN,ASAP Chinook,L1P,L
C09F04,C-IIFR,ULAC,,L0-,-
C0A004,C-IIPN,FOX,KITFOX,L1P,L
C0A404,C-IKCX,PARA,,P0-,-
C0A504,C-IKMT,ULAC,,L0-,-
C0A704,C-ILGL,ULAC,,L0-,-
C0A804,C-ILQH,,,,
C0A904,C-IMAD,,,,
C0AC04,C-INDR,PRIM,BLACKSHAPE Prime,L1P,L
C0B104,C-IPAX,ULAC,,L0-,-
C1E404,SERV,SERV,,V0-,-
C1E504,SERV,SERV,,V0-,-
C1EA04,SERV,SERV,,V0-,-
C80304,ZK-DKM,C172,CESSNA 172 Skyhawk,L1P,L
C80404,ZK-EIF,P28R,PIPER PA-28R-180/200/201,L1P,L
C80504,ZK-CXR,ULAC,,L0-,-
C80604,ZK-MDX,C172,CESSNA 172 Skyhawk,L1P,L
C80D04,ZK-FVE,ULAC,,L0-,-
C80F04,ZK-HIM,H269,HUGHES Sky Knight,H1P,L
C81504,ZK-NOL,GOLF,TECNAM P-96 Golf,L1P,L
C81704,ZK-WAZ,STOR,STORCH AVIATION Super Storch,L1P,L
C81B04,ZK-LUS,ULAC,,L0-,-
C81D04,ZK-HAH,AS50,AEROSPATIALE AS-350 Ecureuil,H1T,L
C81E04,ZK-IPT,BK17,EUROCOPTER BK117 C-1/2,H2T,L
C82104,ZK-HRC,H500,HUGHES 500,H1T,L
C82204,ZK-IJV,EC30,AIRBUS HELICOPTERS EC-130,H1T,L
C82404,ZK-MEB,SASP,SUPERMARINE AIRCRAFT Spitfire Mk25/26,L1P,L
C82504,ZK-IIV,B06,BELL 206 JetRanger,H1T,L
C82804,ZK-IBI,S76,SIKORSKY S-76 Spirit,H2T,L
C82904,ZK-IFP,BK17,EUROCOPTER BK117 C-1/2,H2T,L
C87F04,NZ7003,C130,LOCKHEED C-130 Hercules,L4T,M
C88004,DQ-FJF,B737,BOEING 737-700,L2J,M
E02404,LV-BPD,AT3T,AIR TRACTOR AT-302/402,L1T,L
E02604,LV-BXD,LJ45,LEARJET 45,L2J,M
E06504,LV-FTD,C310,CESSNA 310,L2P,L
E07404,LV-GPD,C182,CESSNA 182 Skylane,L1P,L
E08404,LV-HPD,IA46,DINFIA IA-46 Ranquel,L1P,L
E0B104,LV-KDD,TWEN,TECNAM Twenty-Ten,L1P,L
E19404,LV-YPD,PA11,PIPER PA-11 Cub Special,L1P,L
E20004,TC-52,F28,FOKKER F-28,L2J,M
E48004,PR-GTM,B738,BOEING 737-800,L2J,M
E48104,PR-VBK,B738,BOEING 737-800,L2J,M
E48304,PR-CCF,BE9L,BEECH 90 King Air,L2T,L
E48404,PR-DHC,E50P,EMBRAER EMB-500 Phenom 100,L2J,L
E48504,PR-MEY,S76,SIKORSKY S-76 Spirit,H2T,L
E48C04,PR-GUR,B738,BOEING 737-800,L2J,M
E48E04,PR-DHG,P46T,PIPER PA-46-500TP,L1T,L
E48F04,PR-GXR,B738,BOEING 737-800,L2J,M
E49004,PP-CMD,PC12,PILATUS PC-12,L1T,L
E49104,PR-GXX,B738,BOEING 737-800,L2J,M
E49204,PR-SRK,S22T,CIRRUS SR-22T Turbo,L1P,L
E49404,PR-GVI,GLF6,GULFSTREAM G650,L2J,M
E49804,PS-FFL,SF50,CIRRUS SF-50 Vision,L1J,L
E80204,CC-BFD,A320,AIRBUS A-320,L2J,M
E80604,CC-AWE,A320,AIRBUS A-320,L2J,M
E88004,0250,C208,CESSNA 208 Caravan,L1T,L
E88104,ZP-GPH,PRM1,RAYTHEON 390 Premier 1,L2J,L
E90B04,CX-CAR,B722,BOEING 727-200,L3J,M
E90D04,CX-PGZ,BE58,BEECH 58 Baron,L2P,L
E90F04,CX-SCA,LJ60,LEARJET 60,L2J,M
