008205,ZS-ATG,L410,LET L-410 Turbolet,L2T,L
008305,ZS-BDC,FA10,DASSAULT Falcon 100,L2J,M
008B05,ZS-EDW,C206,CESSNA  206 Stationair,L1P,L
009105,ZS-GKY,GLID,,L0-,-
009705,ZS-ISA,CL60,BOMBARDIER CL-600 Challenger,L2J,M
009905,ZS-JLS,PA32,PIPER PA-32,L1P,L
009B05,ZS-KFK,S22T,CIRRUS SR-22T Turbo,L1P,L
009D05,ZS-KZC,BE58,BEECH 58 Baron,L2P,L
00B405,ZS-TRO,C208,CESSNA 208 Caravan,L1T,L
010105,SU-GDI,E170,EMBRAER ERJ-170-100,L2J,M
010205,SU-GFK,A20N,AIRBUS A-320neo,L2J,M
020105,CN-RGN,B738,BOEING 737-800,L2J,M
040105,ET-ASK,B77W,BOEING 777-300ER,L2J,H
04C105,5Y-ESU,C208,CESSNA 208 Caravan,L1T,L
04C205,5Y-BIX,F406,CESSNA F406 Caravan 2,L2T,L
062F05,5U-MMS,C130,LOCKHEED C-130 Hercules,L4T,M
06A105,A7-ALQ,A359,AIRBUS A-350-900,L2J,H
06E005,9XR-WF,B738,BOEING 737-800,L2J,M
07C005,ST-PSR,FA50,DASSAULT Falcon 50,L3J,M
0A4005,7T-VPR,GLF4,GULFSTREAM 4,L2J,M
0AC005,FAC0002,F28,FOKKER F-28,L2J,M
0AC905,FAC4108,H60,SIKORSKY UH-60 Black Hawk,H2T,M
0B6005,8R-GAD,C208,CESSNA 208 Caravan,L1T,L
0C4205,HI1052,E145,EMBRAER ERJ-145,L2J,M
0D0005,XA-VOC,A319,AIRBUS A-319,L2J,M
0D0205,XA-TVO,BE20,BEECH 200 Super King Air,L2T,M
0D0405,XA-RBV,H25B,HAWKER BEECHCRAFT Hawker 750/850,L2J,M
0D0705,6604,TEX2,BEECHCRAFT T-6 Texan 2,L1T,L
0D0805,XA-AMM,B738,BOEING 737-800,L2J,M
0D0C05,XB-UBA,BE9L,BEECH 90 King Air,L2T,L
0D0E05,XA-DAI,B38M,BOEING 737 MAX 8,L2J,M
0D8205,YV3052,E190,EMBRAER ERJ-190-100,L2J,M
105A05,GND,GND,,V0-,-
144605,RA-17925,AN2,ANTONOV An-2,L1P,L
148305,RA-33541,AN2,ANTONOV An-2,L1P,L
14F105,RA-61701,A148,ANTONOV An-148,L2J,M
14FC05,RA-64517,T204,TUPOLEV Tu-204/214/224/234,L2J,M
150605,RA-67077,L410,LET L-410 Turbolet,L2T,L
150805,RA-67589,C56X,CESSNA 560XL Citation XLS,L2J,M
151D05,RA-72965,,,,
151E05,RA-73221,A319,AIRBUS A-319,L2J,M
151F05,RA-73477,B737,BOEING 737-700,L2J,M
152005,RA-73733,A20N,AIRBUS A-320neo,L2J,M
152B05,RF-76549,,,,
155C05,RA-89093,SU95,SUKHOI Superjet 100-95,L2J,M
1F7B05,97029,SU95,SUKHOI Superjet 100-95,L2J,M
300605,I-CORB,P28R,PIPER PA-28R-180/200/201,L1P,L
300705,I-SAAB,C172,CESSNA 172 Skyhawk,L1P,L
300805,I-BUNN,C172,CESSNA 172 Skyhawk,L1P,L
300905,I-OVER,PIVI,PIPSTREL Virus,L1P,L
31D805,I-6477,ECHO,TECNAM P-92 Echo,L1P,L
31DD05,I-C695,TEXA,FLY SYNTHESIS Texan,L1P,L
31DF05,I-D768,SVNH,AEROTEC Savannah,L1P,L
31FF05,I-PDVS,P180,PIAGGIO P-180 Avanti,L2T,L
320005,I-DVFN,P180,PIAGGIO P-180 Avanti,L2T,L
33FD05,CSX82054,A169,AGUSTA AW-169,H2T,L
342105,EC-JFG,A320,AIRBUS A-320,L2J,M
343105,EC-IQY,C182,CESSNA 182 Skylane,L1P,L
344305,EC-LUK,A333,AIRBUS A-330-300,L2J,H
344405,EC-LTZ,DA42,DIAMOND DA-42 Guardian,L2P,L
344505,EC-MCI,B734,BOEING 737-400,L2J,M
345105,EC-MIF,AT76,ATR-72-600,L2T,M
345205,EC-MKX,A319,AIRBUS A-319,L2J,M
345305,EC-337,A332,AIRBUS A-330-200,L2J,H
345405,EC-MQX,SIRA,TECNAM P-2002 Sierra,L1P,L
345505,EC-GU1,AP22,AEROPRACT A-22,L1P,L
345605,EC-IXS,P28A,PIPER PA-28-140/150/160/180,L1P,L
346105,EC-NAA,EC25,AIRBUS HELICOPTERS EC-225/725,H2T,M
346305,EC-XRK,PNR3,ALPI Pioneer 330,L1P,L
346605,EC-NNH,A332,AIRBUS A-330-200,L2J,H
359405,HE.26-25,EC35,AIRBUS HELICOPTERS EC-135/635,H2T,L
383805,F-BOAF,P28A,PIPER PA-28-140/150/160/180,L1P,L
383A05,F-BOQF,C150,CESSNA 150,L1P,L
383D05,F-BPIF,PA18,PIPER PA-18 Super Cub,L1P,L
384E05,F-BTQF,P28R,PIPER PA-28R-180/200/201,L1P,L
385705,F-BVYF,DR40,ROBIN DR-400,L1P,L
390605,F-GBQF,C152,CESSNA 152,L1P,L
390A05,F-GCQF,C172,CESSNA 172 Skyhawk,L1P,L
390C05,F-GDAF,EN28,ENSTROM F-28,H1P,L
391605,F-GFQF,TB20,SOCATA TB-20 Trinidad,L1P,L
391B05,F-GGYF,CP10,CAP AVIATION CAP-10,L1P,L
391F05,F-GHYF,P28A,PIPER PA-28-140/150/160/180,L1P,L
392505,F-GJIF,BALL,,B0-,-
393005,F-GMAF,DR40,ROBIN DR-400,L1P,L
393105,F-GMIF,C207,CESSNA 207 Turbo Stationair,L1P,L
393205,F-GMQF,TB20,SOCATA TB-20 Trinidad,L1P,L
393B05,F-GOYF,A210,AQUILA A-210,L1P,L
393F05,F-GPYF,AT45,ATR-42-500,L2T,M
394405,F-GRAF,C172,CESSNA 172 Skyhawk,L1P,L
394A05,F-GSQF,B77W,BOEING 777-300ER,L2J,H
394F05,F-GTYF,TB20,SOCATA TB-20 Trinidad,L1P,L
395005,F-GUAF,TB20,SOCATA TB-20 Trinidad,L1P,L
398705,F-HBYF,AS50,AEROSPATIALE AS-350 Ecureuil,H1T,L
398C05,F-HDAF,DA40,DIAMOND DA-40 Club Star,L1P,L
398D05,F-HDIF,DR40,ROBIN DR-400,L1P,L
399305,F-HEYF,TB30,SOCATA TB-30 Epsilon,L1P,L
399805,F-HGAF,DA42,DIAMOND DA-42 Guardian,L2P,L
39A005,F-HIAF,SIRA,TECNAM P-2002 Sierra,L1P,L
39A205,F-HIQF,B738,BOEING 737-800,L2J,M
39A805,F-HKAF,DA42,DIAMOND DA-42 Guardian,L2P,L
39A905,F-HKIF,CP23,MURDY CAP-230/1/2,L1P,L
39AB05,F-HKYF,TB30,SOCATA TB-30 Epsilon,L1P,L
39B405,F-HNAF,R44,ROBINSON R-44 Raven,H1P,L
39BC05,F-HPAF,C172,CESSNA 172 Skyhawk,L1P,L
39C405,F-HRAF,PA44,PIPER PA-44 Seminole,L2P,L
39C805,F-HSAF,CRUZ,CSA PS-28 Cruiser,L1P,L
39C905,F-HSIF,EC45,AIRBUS HELICOPTERS EC-145,H2T,L
39CC05,F-HTAF,TB20,SOCATA TB-20 Trinidad,L1P,L
39CF05,F-HTYF,A359,AIRBUS A-350-900,L2J,H
39D305,F-HUYF,B738,BOEING 737-800,L2J,M
39DC05,F-HXAF,DA40,DIAMOND DA-40 Club Star,L1P,L
39E405,F-HZAF,DR40,ROBIN DR-400,L1P,L
3AAB05,F-MAYO,AS55,AEROSPATIALE AS-355 Ecureuil 2,H2T,L
3AAC05,F-MJBF,EC45,AIRBUS HELICOPTERS EC-145,H2T,L
3C4A05,D-ABPE,B789,BOEING 787-9 Dreamliner,L2J,H
3C6305,D-AHXE,B737,BOEING 737-700,L2J,M
3C6505,D-AIHE,A346,AIRBUS A-340-600,L4J,H
3C6605,D-AIPE,A320,AIRBUS A-320,L2J,M
3C6705,D-AIXE,A359,AIRBUS A-350-900,L2J,H
3CC605,D-CCHH,E55P,EMBRAER EMB-505 Phenom 300,L2J,M
3CE005,D-CMDH,C680,CESSNA 680 Citation Sovereign,L2J,M
3D0505,D-EADP,P149,PIAGGIO P-149,L1P,L
3D0705,D-EAXH,AA1,AMERICAN AA-1,L1P,L
3D0805,D-EBHD,C172,CESSNA 172 Skyhawk,L1P,L
3D0A05,D-ECAV,DA40,DIAMOND DA-40 Club Star,L1P,L
3D0B05,D-ECKR,C172,CESSNA 172 Skyhawk,L1P,L
3D0C05,D-ECUN,ROND,LOMBARDI Rondone,L1P,L
3D0E05,D-EDOF,DR40,ROBIN DR-400,L1P,L
3D1005,D-EEHX,R90R,RUSCHMEYER R-90-230RG,L1P,L
3D1105,D-EERT,C172,CESSNA 172 Skyhawk,L1P,L
3D1305,D-EFLL,C172,CESSNA 172 Skyhawk,L1P,L
3D1405,D-EFVH,BE33,BEECH 33 Bonanza,L1P,L
3D1605,D-EGOZ,BE33,BEECH 33 Bonanza,L1P,L
3D1B05,D-EIMF,BE35,BEECH 35 Starfire Bonanza,L1P,L
3D1C05,D-EIWB,P28A,PIPER PA-28-140/150/160/180,L1P,L
3D1E05,D-EJPT,AA5,AMERICAN AA-5 Tiger,L1P,L
3D2005,D-EKJL,C82R,CESSNA R182 Skylane RG,L1P,L
3D2105,D-EKTH,TAMP,SOCATA TB-9 Tampico,L1P,L
3D2205,D-ELDD,BE33,BEECH 33 Bonanza,L1P,L
3D2905,D-ENUB,C172,CESSNA 172 Skyhawk,L1P,L
3D2A05,D-EODX,C152,CESSNA 152,L1P,L
3D2E05,D-EPRH,C172,CESSNA 172 Skyhawk,L1P,L
3D3205,D-ERER,SR20,CIRRUS SR-20,L1P,L
3D3305,D-ERON,TB20,SOCATA TB-20 Trinidad,L1P,L
3D3605,D-ESSB,C172,CESSNA 172 Skyhawk,L1P,L
3D3705,D-ETBX,C150,CESSNA 150,L1P,L
3D4205,D-EXGF,E300,EXTRA EA-300/330/350,L1P,L
3D5005,D-FCOB,P46T,PIPER PA-46-500TP,L1T,L
3DD305,D-HADX,EC45,AIRBUS HELICOPTERS EC-145,H2T,L
3DD805,D-HCBD,EC35,AIRBUS HELICOPTERS EC-135/635,H2T,L
3DDB05,D-HDER,EC45,AIRBUS HELICOPTERS EC-145,H2T,L
3DE205,D-HFVP,AS65,AEROSPATIALE AS-365 Dauphin 2,H2T,L
3E1205,D-HYAF,EC45,AIRBUS HELICOPTERS EC-145,H2T,L
3E1A05,D-IBAZ,PA27,PIPER PA-23-250 Aztec,L2P,L
3E1C05,D-IBUR,C303,CESSNA T303 Crusader,L2P,L
3E5F05,D-KBEJ,AS26,SCHLEICHER ASH-26,L1P,L
3E6B05,D-KFSN,AV68,M&D FLUGZEUGBAU AVO-68 Samburo,L1P,L
3E6D05,D-KGMF,GLID,,L0-,-
3E6E05,D-KGWB,DG40,DG FLUGZEUGBAU DG-400,L1P,L
3E7005,D-KHPT,AS26,SCHLEICHER ASH-26,L1P,L
3E7205,D-KIJL,GLID,,L0-,-
3ECC05,D-KSFL,VENT,SCHEMPP-HIRTH Ventus,L1P,L
3EDE05,D-KZAR,GLID,,L0-,-
3EE305,D-0622,GLID,,L0-,-
3EE405,D-0878,GLID,,L0-,-
3EE705,D-1646,GLID,,L0-,-
3EEA05,D-2414,GLID,,L0-,-
3EEC05,D-2926,DUOD,SCHEMPP-HIRTH Duo Discus,L1P,L
3EF405,D-4974,GLID,,L0-,-
3EFC05,D-7022,GLID,,L0-,-
3F0005,D-KJMD,GLID,,L0-,-
3F0105,D-8302,NIMB,SCHEMPP-HIRTH Nimbus,L1P,L
3F0205,D-8558,GLID,,L0-,-
3F2A05,D-OBUZ,BALL,,B0-,-
3F6005,60+05,P3,LOCKHEED P-3 Orion,L4T,M
3F8905,77+02,EC45,AIRBUS HELICOPTERS EC-145,H2T,L
3FEB05,D-MISY,PNR3,ALPI Pioneer 330,L1P,L
3FEC05,D-MWFS,C42,IKARUS C-42 Bison,L1P,L
3FEE05,D-MWMF,CH60,ZENAIR CH-600 Zodiac,L1P,L
3FEF05,D-MSVE,C42,IKARUS C-42 Bison,L1P,L
3FF005,D-MJHR,BREZ,AEROSTYLE Breezer,L1P,L
3FF105,D-MHOG,SHRK,SHARK AERO Shark,L1P,L
3FF205,D-MHDH,ULAC,,L0-,-
3FF405,D-MFVE,C42,IKARUS C-42 Bison,L1P,L
400C05,G-OWAL,PA34,PIPER PA-34 Seneca,L2P,L
400F05,G-LOYA,C172,CESSNA 172 Skyhawk,L1P,L
401005,G-TEBZ,P28R,PIPER PA-28R-180/200/201,L1P,L
401305,G-CEWL,PNR2,ALPI Pioneer 200,L1P,L
401405,G-AHHH,J1,AUSTER J-1,L1P,L
401705,G-LTFB,P28A,PIPER PA-28-140/150/160/180,L1P,L
401805,G-AXDV,PUP,BEAGLE Pup,L1P,L
401A05,G-BALG,DR40,ROBIN DR-400,L1P,L
401C05,G-BDNU,C172,CESSNA 172 Skyhawk,L1P,L
401E05,G-BGYN,PA18,PIPER PA-18 Super Cub,L1P,L
402005,G-BKAM,RF6,FOURNIER RF-6,L1P,L
402605,G-AKUE,DH82,DE HAVILLAND DH-82 Tiger Moth,L1P,L
402705,G-BMLX,C150,CESSNA 150,L1P,L
402B05,G-BOLY,C172,CESSNA 172 Skyhawk,L1P,L
403405,G-BXES,PEMB,HUNTING P-66 Pembroke,L2P,L
403505,G-BTXX,BL8,BELLANCA 8 Decathlon,L1P,L
404005,G-BYCT,L29,AERO L-29 Delfin,L1J,L
404205,G-BYNS,JABI,Jabiru J120,L1P,L
404605,G-CBFA,DA40,DIAMOND DA-40 Club Star,L1P,L
404905,G-SULU,SKRA,BEST OFF Sky Ranger,L1P,L
404B05,G-CCRK,L8,LUSCOMBE 8,L1P,L
404C05,G-CTUG,PA25,PIPER PA-25 Pawnee,L1P,L
404E05,G-JBUZ,DR40,ROBIN DR-400,L1P,L
405205,G-CTED,RV7,VANS RV-7,L1P,L
405405,G-SWAK,BLKS,AIRCRAFT SPRUCE Baby Lakes,L1P,L
405605,G-CHKK,GLID,,L0-,-
405905,G-XELL,AS29,SCHLEICHER ASG-29,L1P,L
405C05,G-DEHY,GLID,,L0-,-
405F05,G-SCCZ,CRUZ,CSA PS-28 Cruiser,L1P,L
406105,G-MXPI,R44,ROBINSON R-44 Raven,H1P,L
406205,G-STIN,TL20,TL ULTRALIGHT TL-2000 Sting,L1P,L
406305,G-CGMH,D150,JODEL D-150 Mascaret,L1P,L
406705,G-CHDS,COY2,RANS Coyote 2,L1P,L
406805,G-CHIG,G109,GROB G-109,L1P,L
406905,G-POWI,A320,AIRBUS A-320,L2J,M
406A05,G-XLEF,A388,AIRBUS A-380-800,L4J,H
406B05,G-STBL,B77W,BOEING 777-300ER,L2J,H
406F05,G-CIWI,EV97,EVEKTRO EV-97 EuroStar,L1P,L
407005,G-CIZB,MM24,MAGNI M-24 Orion,G1P,L
407205,G-CJOM,EFOX,AEROPRO Eurofox,L1P,L
407305,G-IPAV,P32R,PIPER PA-32R-300/301/301T,L1P,L
407405,G-DLUT,GLID,,L0-,-
407605,G-CKXJ,C172,CESSNA 172 Skyhawk,L1P,L
407805,G-CLEH,AP32,AEROPRACT A-32,L1P,L
407905,G-CLXW,VENT,SCHEMPP-HIRTH Ventus,L1P,L
407A05,G-UZLL,A20N,AIRBUS A-320neo,L2J,M
407C05,G-LIFB,AP32,AEROPRACT A-32,L1P,L
407E05,G-DKDK,C25M,CESSNA 525 Citation M2,L2J,L
424605,VQ-BLL,AT75,ATR-72-500,L2T,M
424B05,M-AAAL,GLF6,GULFSTREAM G650,L2J,M
43EC05,2-PKSG,AT76,ATR-72-600,L2T,M
43ED05,2-NGUS,DA42,DIAMOND DA-42 Guardian,L2P,L
440005,OE-ING,A320,AIRBUS A-320,L2J,M
440205,OE-UDS,DA42,DIAMOND DA-42 Guardian,L2P,L
440305,OE-XVB,EC35,AIRBUS HELICOPTERS EC-135/635,H2T,L
440405,OE-FPK,C25A,CESSNA 525A Citation CJ2,L2J,L
440605,OE-LZD,A320,AIRBUS A-320,L2J,M
440905,OE-7101,WT9,AEROSPOOL WT-9 Dynamic,L1P,L
440A05,OE-GDS,C56X,CESSNA 560XL Citation XLS,L2J,M
440B05,OE-ITO,B789,BOEING 787-9 Dreamliner,L2J,H
440C05,OE-LLO,GLEX,BOMBARDIER BD-700 Global 6000/6500,L2J,M
440D05,OE-7159,WT9,AEROSPOOL WT-9 Dynamic,L1P,L
447D05,7L-WC,EUFI,EUROFIGHTER 2000,L2J,M
448E05,OO-CPE,DR40,ROBIN DR-400,L1P,L
449705,OO-EXE,TBM8,SOCATA TBM-850,L1T,L
449D05,OO-GHE,F2TH,DASSAULT Falcon 2000,L2J,M
449E05,OO-GPE,F900,DASSAULT Falcon 900,L3J,M
44B205,OO-LPE,AA5,AMERICAN AA-5 Tiger,L1P,L
44CD05,OO-SHE,C182,CESSNA 182 Skylane,L1P,L
44DA05,OO-VPE,DR40,ROBIN DR-400,L1P,L
44F605,LB-05,PA18,PIPER PA-18 Super Cub,L1P,L
44F805,AT-05,AJET,DASSAULT-DORNIER Alpha Jet,L2J,M
457C05,666,PC9,PILATUS PC-9 Hudournik,L1T,L
458705,OY-AXE,GLID,,L0-,-
458F05,OY-CXE,AS31,SCHLEICHER ASH-31,L1P,L
459705,OY-EXE,GLID,,L0-,-
459B05,OY-FXE,DUOD,SCHEMPP-HIRTH Duo Discus,L1P,L
45BA05,OY-NPE,SW4,SWEARINGEN Metro,L2T,M
45C305,OY-PXE,A33P,SCHLEICHER AS-33Es,L1P,L
45CA05,OY-RPE,AR11,AERONCA 11 Chief,L1P,L
45F005,OY-9258,SVNH,AEROTEC Savannah,L1P,L
468505,SX-AHE,P208,TECNAM P-2008,L1P,L
46A205,SX-HPE,EC35,AIRBUS HELICOPTERS EC-135/635,H2T,L
470E05,HA-FIB,PA34,PIPER PA-34 Seneca,L2P,L
473C05,34,SB39,SAAB 39 Gripen,L1J,M
474205,HA-ECD,EC35,AIRBUS HELICOPTERS EC-135/635,H2T,L
478405,LN-OGG,AS50,AEROSPATIALE AS-350 Ecureuil,H1T,L
47C505,LN-YOK,WT9,AEROSPOOL WT-9 Dynamic,L1P,L
480405,J-005,F16,GENERAL DYNAMICS F-16 Fighting Falcon,L1J,M
480805,S-440,AS3B,AEROSPATIALE AS-332 Super Puma Mk2,H2T,M
480C05,G-781,C130,LOCKHEED C-130 Hercules,L4T,M
484005,PH-BFF,B744,BOEING 747-400,L4J,H
484605,PH-JAS,C208,CESSNA 208 Caravan,L1T,L
484705,PH-3X5,TL20,TL ULTRALIGHT TL-2000 Sting,L1P,L
484805,PH-1332,GLID,,L0-,-
484B05,PH-HLI,C172,CESSNA 172 Skyhawk,L1P,L
484C05,PH-YRD,BALL,,B0-,-
484E05,PH-1045,GLID,,L0-,-
484F05,PH-1475,AS25,SCHLEICHER ASH-25,L1P,L
485005,PH-1518,GLID,,L0-,-
485405,PH-1SY,ZZZZ,,-0-,-
485505,PH-2BN,ZZZZ,,-0-,-
485605,PH-1DY,ZZZZ,,-0-,-
485F05,PH-1639,GLID,,L0-,-
48A005,SP-IAF,E50P,EMBRAER EMB-500 Phenom 100,L2J,L
48AD05,SP-LIF,E170,EMBRAER ERJ-170-100,L2J,M
48AE05,SP-LRF,B788,BOEING 787-8 Dreamliner,L2J,H
48AF05,SP-LVF,B38M,BOEING 737 MAX 8,L2J,M
48B205,SP-MRF,B762,BOEING 767-200,L2J,H
48D905,038,PZ3T,PZL-OKECIE PZL-130 Orlik,L1T,L
48E305,TWR,TWR,,T0-,-
48FE05,SP-SKRF,ULAC,,L0-,-
490D05,CS-CHE,CL35,BOMBARDIER BD-100 Challenger 350,L2J,M
494105,CS-PHE,E55P,EMBRAER EMB-505 Phenom 300,L2J,M
495205,CS-TPE,F100,FOKKER 100,L2J,M
495305,CS-TXE,A21N,AIRBUS A-321neo,L2J,M
496105,CS-XHE,EXEC,ROTORWAY Exec,H1P,L
497C05,19605,EH10,AGUSTA WESTLAND EH-101 Merlin,H3T,M
49B605,OK-MPE,Z26,ZLIN Z-26/126/226/326/526/626/726,L1P,L
49C005,OK-DUB01,WAIX,SONEX Waiex,L1P,L
49C105,OK-UUL15,ULAC,,L0-,-
49C305,OK-AUR24,ALTO,DIRECT FLY Alto,L1P,L
49CB05,OK-RXE,BU31,BUCKER Bu-131 Jungmann,L1P,L
49D005,OK-DSD,EC35,AIRBUS HELICOPTERS EC-135/635,H2T,L
49D105,OK-SAK,SIRA,TECNAM P-2002 Sierra,L1P,L
49D205,OK-CWF,C172,CESSNA 172 Skyhawk,L1P,L
49D505,OK-KEV,DA62,DIAMOND DA-62,L2P,L
4A3605,202,AS65,AEROSPATIALE AS-365 Dauphin 2,H2T,L
4A8305,60104,SB05,SAAB 105,L2J,L
4AAA05,SE-JPE,H500,HUGHES 500,H1T,L
4AAB05,SE-JXE,EC45,AIRBUS HELICOPTERS EC-145,H2T,L
4ACA05,SE-RPE,B738,BOEING 737-800,L2J,M
4B0305,HB-BDT,BALL,,B0-,-
4B0705,HB-CRD,C172,CESSNA 172 Skyhawk,L1P,L
4B0B05,HB-EEN,DR10,CENTRE EST Ambassadeur,L1P,L
4B0F05,HB-FRX,PC12,PILATUS PC-12,L1T,L
4B1305,HB-HFH,AS02,FFA AS-202 Bravo,L1P,L
4B1805,HB-JCN,BCS3,AIRBUS A220-300,L2J,M
4B1905,HB-JMJ,A343,AIRBUS A-340-300,L4J,H
4B2905,HB-PNX,P32R,PIPER PA-32R-300/301/301T,L1P,L
4B2B05,HB-QHP,BALL,,B0-,-
4B3205,HB-SYN,PIVI,PIPSTREL Virus,L1P,L
4B3705,HB-UVT,BU31,BUCKER Bu-131 Jungmann,L1P,L
4B3905,HB-VPL,PRM1,RAYTHEON 390 Premier 1,L2J,L
4B3A05,HB-VZH,PC24,PILATUS PC-24,L2J,M
4B4005,HB-YGJ,LNC2,LANCAIR 200-320,L1P,L
4B4405,HB-ZTT,G2CA,GUIMBAL G-2 Cabri,H1P,L
4B4B05,HB-1630,GLID,,L0-,-
4B5105,HB-3166,DUOD,SCHEMPP-HIRTH Duo Discus,L1P,L
4B5205,HB-3422,DUOD,SCHEMPP-HIRTH Duo Discus,L1P,L
4B8205,62-3539,K35R,BOEING KC-135R/T Stratotanker,L4J,H
4B8505,TC-AHE,C55B,CESSNA 550B Citation Bravo,L2J,L
4B8E05,TC-CPE,B738,BOEING 737-800,L2J,M
4BA905,TC-JHE,B738,BOEING 737-800,L2J,M
4BAA05,TC-JPE,A320,AIRBUS A-320,L2J,M
4BCD05,TC-SHE,H25B,HAWKER BEECHCRAFT Hawker 750/850,L2J,M
4BCE05,TC-SPE,B738,BOEING 737-800,L2J,M
4CA705,EI-EBH,B738,BOEING 737-800,L2J,M
4CA805,EI-EKG,B738,BOEING 737-800,L2J,M
4CAC05,EI-KBL,A20N,AIRBUS A-320neo,L2J,M
4CC505,TF-BBK,B734,BOEING 737-400,L2J,M
4D0105,LX-VCE,B748,BOEING 747-8,L4J,H
4D0305,LX-AVO,P28A,PIPER PA-28-140/150/160/180,L1P,L
4D2105,9H-LXR,LJ60,LEARJET 60,L2J,M
4D2205,9H-LIS,A321,AIRBUS A-321,L2J,M
4D2305,9H-RIM,PC24,PILATUS PC-24,L2J,M
4D2405,9H-EUL,A320,AIRBUS A-320,L2J,M
500105,T7-YSV,TWEN,TECNAM Twenty-Ten,L1P,L
500205,T7-ME6,A21N,AIRBUS A-321neo,L2J,M
501C05,9A-DMB,C172,CESSNA 172 Skyhawk,L1P,L
503C05,LY-YJW,YK52,YAKOVLEV Yak-52,L1P,L
505C05,OM-BYM,B429,BELL 429 GlobalRanger,H2T,L
505E05,OM-EXP,PIVI,PIPSTREL Virus,L1P,L
506C05,S5-AAE,CRJ2,BOMBARDIER Regional Jet CRJ-200,L2J,M
506E05,S5-DJD,DA40,DIAMOND DA-40 Club Star,L1P,L
506F05,S5-3069,GLID,,L0-,-
508105,UR-CWA,B350,BEECHCRAFT Super King Air 350,L2T,M
508305,UR-ELJ,SF34,SAAB 340,L2T,M
508405,UR-SQC,B738,BOEING 737-800,L2J,M
511105,ES-MCA,C510,CESSNA 510 Citation Mustang,L2J,L
600005,EK73792,B738,BOEING 737-800,L2J,M
600805,4K-AZ05,A319,AIRBUS A-319,L2J,M
601105,EX-30004,A30B,AIRBUS A-300-200,L2J,H
706005,9K-AKB,A320,AIRBUS A-320,L2J,M
70C105,A4O-SI,B789,BOEING 787-9 Dreamliner,L2J,H
710105,HZ-AK27,B77W,BOEING 777-300ER,L2J,H
710205,HZ-MS72,B350,BEECHCRAFT Super King Air 350,L2T,M
710305,2206,PC21,PILATUS PC-21,L1T,L
711105,HZ-FAS,A20N,AIRBUS A-320neo,L2J,M
71BA05,HL7205,B77W,BOEING 777-300ER,L2J,H
71BE05,HL7605,B744,BOEING 747-400,L4J,H
71BF05,HL7705,B739,BOEING 737-900,L2J,M
71C005,HL8005,B77L,BOEING 777-200LR,L2J,H
71C305,HL8305,B738,BOEING 737-800,L2J,M
71C505,HL8505,A21N,AIRBUS A-321neo,L2J,M
71F905,95-178,C130,LOCKHEED C-130 Hercules,L4T,M
71FA05,20-048,CN35,CASA CN-235 Persuader,L2T,M
738605,4X-CVI,GALX,GULFSTREAM G200,L2J,M
739305,4X-AFW,AT8T,AIR TRACTOR AT-802,L1T,M
739505,4X-HYS,NG5,BRM AERO NG-5/6 Bristell,L1P,L
750205,9M-MXE,B738,BOEING 737-800,L2J,M
750305,9M-LML,AT76,ATR-72-600,L2T,M
758105,RP-C8328,J328,Dornier 328 JET,L2J,M
758305,RP-C9905,A321,AIRBUS A-321,L2J,M
758505,RP-C7934,A320,AIRBUS A-320,L2J,M
76CD05,9V-SHE,A359,AIRBUS A-350-900,L2J,H
76E305,720,C130,LOCKHEED C-130 Hercules,L4T,M
780005,B-6091,A332,AIRBUS A-330-200,L2J,H
780205,B-KPE,B77W,BOEING 777-300ER,L2J,H
780305,B-6310,A320,AIRBUS A-320,L2J,M
780405,B-9345,C172,CESSNA 172 Skyhawk,L1P,L
780505,B-3128,E190,EMBRAER ERJ-190-100,L2J,M
780605,B-6639,A320,AIRBUS A-320,L2J,M
780705,B-8131,GLF5,GULFSTREAM 5,L2J,M
780805,B-6789,A320,AIRBUS A-320,L2J,M
780905,B-5589,B738,BOEING 737-800,L2J,M
780A05,B-LNC,A332,AIRBUS A-330-200,L2J,H
780B05,B-5782,B738,BOEING 737-800,L2J,M
780C05,B-1815,A320,AIRBUS A-320,L2J,M
780E05,B-2029,B77W,BOEING 777-300ER,L2J,H
780F05,B-8336,A320,AIRBUS A-320,L2J,M
781005,B-8635,A320,AIRBUS A-320,L2J,M
781105,B-8972,A333,AIRBUS A-330-300,L2J,H
781305,B-1208,B738,BOEING 737-800,L2J,M
781405,B-8599,A21N,AIRBUS A-321neo,L2J,M
781505,B-205N,B38M,BOEING 737 MAX 8,L2J,M
781605,B-208U,B738,BOEING 737-800,L2J,M
781705,B-309K,A20N,AIRBUS A-320neo,L2J,M
781905,B-70P7,C172,CESSNA 172 Skyhawk,L1P,L
781A05,B-099F,AJ27,COMAC ARJ-21-700 Xiangfeng,L2J,M
781D05,B-327Z,A20N,AIRBUS A-320neo,L2J,M
783605,33005,A139,AGUSTA AW-139,H2T,L
789205,B-LEG,A321,AIRBUS A-321,L2J,M
798005,B-2317,A306,AIRBUS A-300-600,L2J,H
7A4205,20545,IL76,ILYUSHIN Il-76/82,L4J,H
7BB105,B-2169,B737,BOEING 737-700,L2J,M
7BD005,B-2836,B752,BOEING 757-200,L2J,M
7BE005,B-2567,B763,BOEING 767-300,L2J,H
7C0005,VH-AAF,C182,CESSNA 182 Skylane,L1P,L
7C0B05,VH-CGN,P32T,PIPER PA-32RT-300/300T,L1P,L
7C0C05,VH-CNR,BALL,,B0-,-
7C0D05,VH-CUV,P28R,PIPER PA-28R-180/200/201,L1P,L
7C1505,VH-EFR,B763,BOEING 767-300,L2J,H
7C1A05,VH-FFB,AT8T,AIR TRACTOR AT-802,L1T,M
7C1B05,VH-FMF,AS50,AEROSPATIALE AS-350 Ecureuil,H1T,L
7C1F05,VH-GEV,VENT,SCHEMPP-HIRTH Ventus,L1P,L
7C2505,VH-HLJ,BE20,BEECH 200 Super King Air,L2T,M
7C2605,VH-HSN,P28T,PIPER PA-28RT-201,L1P,L
7C2705,VH-HZR,C310,CESSNA 310,L2P,L
7C2905,VH-IDZ,C210,CESSNA 201 Centurion,L1P,L
7C2F05,VH-JKN,C172,CESSNA 172 Skyhawk,L1P,L
7C3905,VH-LJR,P68,PARTENAVIA P-68 Observer,L2P,L
7C3B05,VH-LXZ,E50P,EMBRAER EMB-500 Phenom 100,L2J,L
7C3E05,VH-MJB,C182,CESSNA 182 Skylane,L1P,L
7C3F05,VH-MQF,RV6,VANS RV-6,L1P,L
7C4005,VH-MXJ,F900,DASSAULT Falcon 900,L3J,M
7C4405,VH-NPZ,C208,CESSNA 208 Caravan,L1T,L
7C4905,VH-OPJ,CA25,COMMONWEALTH CA-25 Winjeel,L1P,L
7C4A05,VH-OWN,BE20,BEECH 200 Super King Air,L2T,M
7C4D05,VH-PHZ,B412,BELL 412,H2T,L
7C5305,VH-QON,DH8D,DE HAVILLAND DHC-8-400 Dash 8,L2T,M
7C5C05,VH-SGN,C172,CESSNA 172 Skyhawk,L1P,L
7C5E05,VH-SUV,B429,BELL 429 GlobalRanger,H2T,L
7C6305,VH-TUF,PA24,PIPER PA-24 Comanche,L1P,L
7C6605,VH-UFR,P28A,PIPER PA-28-140/150/160/180,L1P,L
7C6705,VH-UMV,C208,CESSNA 208 Caravan,L1T,L
7C6805,VH-UTZ,B47J,BELL 47J,H1P,L
7C6B05,VH-VFB,RV14,VANS RV-14,L1P,L
7C6C05,VH-VMF,GLID,,L0-,-
7C6D05,VH-VTJ,C172,CESSNA 172 Skyhawk,L1P,L
7C7505,VH-XEF,P28A,PIPER PA-28-140/150/160/180,L1P,L
7C7605,VH-XLJ,EUPA,Europa,L1P,L
7C7A05,VH-YDZ,DA42,DIAMOND DA-42 Guardian,L2P,L
7C7F05,VH-ZDJ,PA46,PIPER PA-46-310/350,L1P,L
7C8105,VH-ZRR,C182,CESSNA 182 Skylane,L1P,L
7CBC05,19-8459,EUPA,Europa,L1P,L
7CC405,24-8762,NG5,BRM AERO NG-5/6 Bristell,L1P,L
7CC505,23-1742,NG5,BRM AERO NG-5/6 Bristell,L1P,L
7CF905,A17-054,B06,BELL 206 JetRanger,H1T,L
7CFA05,A54-046,PC21,PILATUS PC-21,L1T,L
800205,K2699,AN32,ANTONOV An-32 Sutlej,L2T,M
800405,VT-DOV,C25A,CESSNA 525A Citation CJ2,L2J,L
800605,VT-KNH,S76,SIKORSKY S-76 Spirit,H2T,L
800B05,VT-BDQ,B752,BOEING 757-200,L2J,M
800D05,VT-WGX,A20N,AIRBUS A-320neo,L2J,M
801405,VT-ILC,A21N,AIRBUS A-321neo,L2J,M
846705,JA13NP,A139,AGUSTA AW-139,H2T,L
863405,JA6725,AS55,AEROSPATIALE AS-355 Ecureuil 2,H2T,L
87C405,23056,B350,BEECHCRAFT Super King Air 350,L2T,M
87CD05,12-3033,C680,CESSNA 680 Citation Sovereign,L2J,M
880405,19160,C295,CASA C-295 Persuader,L2T,M
884005,3401,A189,AGUSTA AW-189,H2T,M
884205,HS-PPE,A320,AIRBUS A-320,L2J,M
885105,HS-THE,A359,AIRBUS A-350-900,L2J,H
885305,HS-TXE,A320,AIRBUS A-320,L2J,M
896205,A6-AWR,AS50,AEROSPATIALE AS-350 Ecureuil,H1T,L
896305,A6-ENC,B77W,BOEING 777-300ER,L2J,H
896405,A6-APB,A388,AIRBUS A-380-800,L4J,H
896505,A6-AWT,A139,AGUSTA AW-139,H2T,L
896C05,2271,DHC6,DE HAVILLAND DHC-6 Twin Otter,L2T,L
896F05,GND,GND,,V0-,-
898105,P2-MAX,BE20,BEECH 200 Super King Air,L2T,M
899105,B-18719,B744,BOEING 747-400,L4J,H
8A0505,PK-LBZ,B738,BOEING 737-800,L2J,M
8A0605,PK-LUK,A320,AIRBUS A-320,L2J,M
8A0705,LD-1225,G120,GROB G-120,L1P,L
8A0805,PK-LEK,A333,AIRBUS A-330-300,L2J,H
A00005,N1AC,BIPL,EAA Biplane,L1P,L
A00105,N1LJ,BE35,BEECH 35 Starfire Bonanza,L1P,L
A00205,N1WQ,,,,
A00305,N10GV,VENT,SCHEMPP-HIRTH Ventus,L1P,L
A00405,N10TA,PA11,PIPER PA-11 Cub Special,L1P,L
A00505,N100DF,RV4,VANS RV-4,L1P,L
A00605,N100PM,C172,CESSNA 172 Skyhawk,L1P,L
A00705,N100ZT,C25C,CESSNA 525C Citation CJ4,L2J,M
A00905,N101GD,R44,ROBINSON R-44 Raven,H1P,L
A00A05,N101SK,ULAC,,L0-,-
A01005,N103BU,PA31,PIPER PA-31-300/310/325/350/425,L2P,L
A01105,N103N,BU33,BUCKER Bu-133 Jungmeister,L1P,L
A01405,N104ES,ULAC,,L0-,-
A01605,N10404,PA18,PIPER PA-18 Super Cub,L1P,L
A01705,N1048E,CH7B,BELLANCA 7 Citabria,L1P,L
A01805,N105HQ,E75L,EMBRAER ERJ-170-200 (long wing),L2J,M
A01905,N105TW,E190,EMBRAER ERJ-190-100,L2J,M
A01B05,N106AG,B06,BELL 206 JetRanger,H1T,L
A01E05,N1065,DRON,,D0-,-
A02205,N1077C,M20P,MOONEY M-20,L1P,L
A02305,N108GC,YK52,YAKOVLEV Yak-52,L1P,L
A02505,N10815,C150,CESSNA 150,L1P,L
A02605,N1089F,C185,CESSNA 185 Skywagon,L1P,L
A02A05,N11BT,C182,CESSNA 182 Skylane,L1P,L
A02B05,N11MZ,SR22,CIRRUS SR-22,L1P,L
A02C05,N11YE,M20P,MOONEY M-20,L1P,L
A03005,N111BB,C500,CESSNA 500 Citation 1,L2J,L
A03405,N112E,BE36,BEECH 36 Bonanza,L1P,L
A03605,N1120M,BE35,BEECH 35 Starfire Bonanza,L1P,L
A03705,N1127Y,C150,CESSNA 150,L1P,L
A03A05,N1132Q,PA32,PIPER PA-32,L1P,L
A03F05,N115CN,SR22,CIRRUS SR-22,L1P,L
A04105,N115Z,BE20,BEECH 200 Super King Air,L2T,M
A04305,N116FL,PA18,PIPER PA-18 Super Cub,L1P,L
A04405,N116RS,R22,ROBINSON R-22 Mariner,H1P,L
A04A05,N118BA,B06,BELL 206 JetRanger,H1T,L
A04B05,N118MG,T18,THORP Tiger,L1P,L
A05105,N1197X,P28A,PIPER PA-28-140/150/160/180,L1P,L
A05305,N12TC,P28A,PIPER PA-28-140/150/160/180,L1P,L
A05405,N120DH,C172,CESSNA 172 Skyhawk,L1P,L
A05905,N121SM,C182,CESSNA 182 Skylane,L1P,L
A05B05,N1219J,,,,
A05D05,N122VK,C172,CESSNA 172 Skyhawk,L1P,L
A05E05,N1224A,HDJT,HONDA HondaJet,L2J,L
A05F05,N123BW,J3,PIPER J-3 Cub,L1P,L
A06005,N123NB,BALL,,B0-,-
A06405,N124R,PC12,PILATUS PC-12,L1T,L
A06605,N1248G,PA34,PIPER PA-34 Seneca,L2P,L
A06705,N125HS,M7,MAULE M-7,L1P,L
A06805,N125TY,FOX,KITFOX,L1P,L
A06905,N12529,C172,CESSNA 172 Skyhawk,L1P,L
A06C05,N126WW,M20P,MOONEY M-20,L1P,L
A06D05,N1265B,BE30,BEECH 300 Super King Air,L2T,L
A06E05,N127DG,VENT,SCHEMPP-HIRTH Ventus,L1P,L
A07105,N1277E,C25A,CESSNA 525A Citation CJ2,L2J,L
A07405,N12817,,,,
A07505,N1289H,AR15,AERONCA 15 Sedan,L1P,L
A07905,N13BV,RV3,VANS RV-3,L1P,L
A07C05,N130JM,P28A,PIPER PA-28-140/150/160/180,L1P,L
A07E05,N1303U,C172,CESSNA 172 Skyhawk,L1P,L
A08005,N131MK,LEG2,LANCAIR Legacy,L1P,L
A08205,N1315X,B47G,BELL 47G,H1P,L
A08705,N133H,EXEC,ROTORWAY Exec,H1P,L
A08805,N133TF,C510,CESSNA 510 Citation Mustang,L2J,L
A08905,N1332S,C182,CESSNA 182 Skylane,L1P,L
A08C05,N134WD,RV6,VANS RV-6,L1P,L
A08D05,N1344V,ST75,STEARMAN Kaydet,L1P,L
A09105,N1356Y,SA10,STOLP SA-100 Starduster,L1P,L
A09405,N1361Q,C310,CESSNA 310,L2P,L
A09505,N13681,C177,CESSNA  177 Cardinal,L1P,L
A09705,N137US,UH1,BELL UH-1 Huey,H1T,L
A09905,N138BC,P28A,PIPER PA-28-140/150/160/180,L1P,L
A09F05,N1390N,ST75,STEARMAN Kaydet,L1P,L
A0A005,N1397Z,BE35,BEECH 35 Starfire Bonanza,L1P,L
A0A105,N14GZ,,,,
A0A205,N14TE,FOX,KITFOX,L1P,L
A0A305,N140DK,SR20,CIRRUS SR-20,L1P,L
A0A405,N140PR,C140,CESSNA 140,L1P,L
A0A805,N141SP,GYRO,,G0-,-
A0AD05,N1424C,C82T,CESSNA TR182 Turbo Skylane RG,L1P,L
A0B505,N1448J,AC11,NORTH AMERICAN ROCKWELL Commander 112/114,L1P,L
A0B905,N146AL,S22T,CIRRUS SR-22T Turbo,L1P,L
A0BC05,N1465D,C170,CESSNA 170,L1P,L
A0BE05,N147PQ,CRJ9,BOMBARDIER Regional Jet CRJ-900,L2J,M
A0C005,N1477G,BE35,BEECH 35 Starfire Bonanza,L1P,L
A0C905,N15NC,BE35,BEECH 35 Starfire Bonanza,L1P,L
A0CB05,N150JP,PA18,PIPER PA-18 Super Cub,L1P,L
A0CF05,N151MM,P28A,PIPER PA-28-140/150/160/180,L1P,L
A0D105,N1515Z,BE35,BEECH 35 Starfire Bonanza,L1P,L
A0D405,N1520R,AA5,AMERICAN AA-5 Tiger,L1P,L
A0D505,N15272,P28A,PIPER PA-28-140/150/160/180,L1P,L
A0DB05,N154WF,SR20,CIRRUS SR-20,L1P,L
A0DD05,N155CS,AA5,AMERICAN AA-5 Tiger,L1P,L
A0E505,N157JN,ULAC,,L0-,-
A0EB05,N1585Y,C172,CESSNA 172 Skyhawk,L1P,L
A0EC05,N159EC,LJ45,LEARJET 45,L2J,M
A0EE05,N1590Q,C150,CESSNA 150,L1P,L
A0EF05,N15971,J2,PIPER J-2 Cub,L1P,L
A0F105,N16TG,RV6,VANS RV-6,L1P,L
A0F205,N160DM,RV6,VANS RV-6,L1P,L
A0F305,N160PT,PA44,PIPER PA-44 Seminole,L2P,L
A0F505,N1607K,L8,LUSCOMBE 8,L1P,L
A0F705,N161SR,SR22,CIRRUS SR-22,L1P,L
A0FB05,N162VP,T206,CESSNA T206 Turbo Stationair,L1P,L
A0FC05,N1624E,CH7A,BELLANCA 7 Champion,L1P,L
A10005,N1636H,P28A,PIPER PA-28-140/150/160/180,L1P,L
A10705,N1653C,C180,CESSNA  180 Skywagon,L1P,L
A10805,N166AN,PRM1,RAYTHEON 390 Premier 1,L2J,L
A10A05,N166X,M20P,MOONEY M-20,L1P,L
A10F05,N1677J,P28A,PIPER PA-28-140/150/160/180,L1P,L
A11205,N1682A,PA20,PIPER PA-20 Pacer,L1P,L
A11305,N1689M,C182,CESSNA 182 Skylane,L1P,L
A11705,N17BZ,EN28,ENSTROM F-28,H1P,L
A11805,N17NE,PA18,PIPER PA-18 Super Cub,L1P,L
A11A05,N170JR,C170,CESSNA 170,L1P,L
A11D05,N171BH,COZY,CO-Z Cozy,L1P,L
A11E05,N171MP,SR22,CIRRUS SR-22,L1P,L
A12105,N172EF,C72R,CESSNA 172R Cutlass RG,L1P,L
A12305,N1720T,P28A,PIPER PA-28-140/150/160/180,L1P,L
A12405,N17274,C72R,CESSNA 172R Cutlass RG,L1P,L
A12805,N17397,EXEC,ROTORWAY Exec,H1P,L
A12905,N174LB,BALL,,B0-,-
A12B05,N1744Z,C510,CESSNA 510 Citation Mustang,L2J,L
A12D05,N175P,C175,CESSNA 175 Skylark,L1P,L
A13705,N178BG,BE60,BEECH 60 Duke,L2P,L
A13A05,N17850,B58T,BEECH 58TC Baron,L2P,L
A13E05,N17973,GLID,,L0-,-
A13F05,N18HC,C501,CESSNA 501 Citation 1SP,L2J,L
A14105,N180DP,P28A,PIPER PA-28-140/150/160/180,L1P,L
A14605,N181ST,C180,CESSNA  180 Skywagon,L1P,L
A14805,N1819Q,C77R,CESSNA 177RG Cardinal RG,L1P,L
A14905,N182KK,C182,CESSNA 182 Skylane,L1P,L
A14B05,N1824G,C182,CESSNA 182 Skylane,L1P,L
A14C05,N183CB,EC20,AIRBUS HELICOPTERS EC-120,H1T,L
A14F05,N1836K,L8,LUSCOMBE 8,L1P,L
A15005,N184F,,,,
A15105,N184RF,RV8,VANS RV-8,L1P,L
A15305,N1848N,BE77,BEECH 77 Skipper,L1P,L
A15B05,N187DN,B763,BOEING 767-300,L2J,H
A16005,N188SS,T206,CESSNA T206 Turbo Stationair,L1P,L
A16105,N1882C,,,,
A16205,N1889P,PA18,PIPER PA-18 Super Cub,L1P,L
A16605,N19CA,BE36,BEECH 36 Bonanza,L1P,L
A16705,N19NG,B06,BELL 206 JetRanger,H1T,L
A16B05,N19030,C150,CESSNA 150,L1P,L
A16D05,N191MR,KR2,RAND KR-2,L1P,L
A16F05,N19153,C150,CESSNA 150,L1P,L
A17005,N192EH,AS50,AEROSPATIALE AS-350 Ecureuil,H1T,L
A17205,N1920V,C140,CESSNA 140,L1P,L
A17305,N19276,C150,CESSNA 150,L1P,L
A17505,N193TM,LA25,LAKE LA-250,A1P,L
A17605,N1932Y,M20P,MOONEY M-20,L1P,L
A17A05,N19441,C150,CESSNA 150,L1P,L
A17B05,N195CW,C195,CESSNA 195,L1P,L
A17C05,N195PB,RV7,VANS RV-7,L1P,L
A17E05,N19564,C150,CESSNA 150,L1P,L
A18005,N196S,RV6,VANS RV-6,L1P,L
A18105,N1961W,BE19,BEECH 19 Sport,L1P,L
A18205,N19687,C172,CESSNA 172 Skyhawk,L1P,L
A18505,N1973Z,C150,CESSNA 150,L1P,L
A18605,N198BJ,CH7B,BELLANCA 7 Citabria,L1P,L
A18905,N19852,BALL,,B0-,-
A18F05,N2TL,BE95,BEECH 95 Travel Air,L2P,L
A19305,N200LH,C650,CESSNA 650 Citation,L2J,M
A19405,N200WP,BE20,BEECH 200 Super King Air,L2T,M
A19505,N20045,C172,CESSNA 172 Skyhawk,L1P,L
A19605,N201D,B58T,BEECH 58TC Baron,L2P,L
A19705,N201PF,M20P,MOONEY M-20,L1P,L
A19D05,N2029A,L8,LUSCOMBE 8,L1P,L
A1A505,N205EL,GL5T,BOMBARDIER BD-700 Global 5000/5500,L2J,M
A1A605,N205QS,CL60,BOMBARDIER CL-600 Challenger,L2J,M
A1A705,N2050Y,BE33,BEECH 33 Bonanza,L1P,L
A1A805,N20579,RV6,VANS RV-6,L1P,L
A1A905,N206HJ,T206,CESSNA T206 Turbo Stationair,L1P,L
A1AB05,N20621,C172,CESSNA 172 Skyhawk,L1P,L
A1AE05,N207WN,B737,BOEING 737-700,L2J,M
A1B105,N208PE,C208,CESSNA 208 Caravan,L1T,L
A1B305,N20867,C182,CESSNA 182 Skylane,L1P,L
A1B505,N209SC,P28A,PIPER PA-28-140/150/160/180,L1P,L
A1B805,N21JV,PTS1,PITTS S-1 Special,L1P,L
A1B905,N21VA,VELO,Velocity,L1P,L
A1BA05,N210FF,E50P,EMBRAER EMB-500 Phenom 100,L2J,L
A1BD05,N2108U,C172,CESSNA 172 Skyhawk,L1P,L
A1BE05,N211JD,BOLT,STEEN Skybolt,L1P,L
A1C005,N2113L,BE35,BEECH 35 Starfire Bonanza,L1P,L
A1C205,N212MB,C152,CESSNA 152,L1P,L
A1C605,N213Q,BE35,BEECH 35 Starfire Bonanza,L1P,L
A1C705,N2130F,C172,CESSNA 172 Skyhawk,L1P,L
A1C905,N214GS,P28A,PIPER PA-28-140/150/160/180,L1P,L
A1CB05,N2142J,A21N,AIRBUS A-321neo,L2J,M
A1CC05,N2149V,C140,CESSNA 140,L1P,L
A1CF05,N2154M,J3,PIPER J-3 Cub,L1P,L
A1D105,N216NN,E75L,EMBRAER ERJ-170-200 (long wing),L2J,M
A1D305,N2166Q,C77R,CESSNA 177RG Cardinal RG,L1P,L
A1D705,N2178T,P28A,PIPER PA-28-140/150/160/180,L1P,L
A1DA05,N2183K,PA32,PIPER PA-32,L1P,L
A1DC05,N219MA,MU2,MITSUBISHI MU-2 Marquise,L2T,L
A1DE05,N2195N,C140,CESSNA 140,L1P,L
A1DF05,N22DT,PA32,PIPER PA-32,L1P,L
A1E105,N220AD,SR22,CIRRUS SR-22,L1P,L
A1E305,N220WR,BE36,BEECH 36 Bonanza,L1P,L
A1E405,N22047,FA24,FAIRCHILD F-24 Argus,L1P,L
A1E505,N221DB,BE35,BEECH 35 Starfire Bonanza,L1P,L
A1E605,N221PH,SR22,CIRRUS SR-22,L1P,L
A1EB05,N22212,,,,
A1EC05,N2229C,C180,CESSNA  180 Skywagon,L1P,L
A1EF05,N22335,C150,CESSNA 150,L1P,L
A1F605,N22500,PARA,,P0-,-
A1F705,N2258A,PA20,PIPER PA-20 Pacer,L1P,L
A1F905,N226TS,SR20,CIRRUS SR-20,L1P,L
A1FA05,N22623,TAYB,TAYLORCRAFT BC/BF/BL,L1P,L
A1FB05,N227AC,BL8,BELLANCA 8 Decathlon,L1P,L
A1FC05,N227LJ,SW4,SWEARINGEN Metro,L2T,M
A1FF05,N228DA,C208,CESSNA 208 Caravan,L1T,L
A20005,N228PG,C560,CESSNA 560 Citation Ultra,L2J,M
A20605,N2299B,AC11,NORTH AMERICAN ROCKWELL Commander 112/114,L1P,L
A20805,N23VC,RV7,VANS RV-7,L1P,L
A20C05,N2308W,BE23,BEECH 23 Sundowner,L1P,L
A20F05,N2313N,PA38,PIPER PA-38 Tomahawk,L1P,L
A21105,N232MD,GLAS,Glasair,L1P,L
A21405,N233DW,RV6,VANS RV-6,L1P,L
A21605,N2330H,MONI,MONNETT Moni,L1P,L
A21705,N2337U,P28B,PIPER PA-28-201T/235/236,L1P,L
A21905,N234T,PA18,PIPER PA-18 Super Cub,L1P,L
A21A05,N2342L,BE23,BEECH 23 Sundowner,L1P,L
A21B05,N2349X,C82S,CESSNA T182 Turbo Skylane,L1P,L
A21E05,N2354P,PA38,PIPER PA-38 Tomahawk,L1P,L
A21F05,N236CJ,CJ6,NANCHANG CJ-6,L1P,L
A22205,N2366S,C337,CESSNA 337 Super Skymaster,L2P,L
A22A05,N239AX,F900,DASSAULT Falcon 900,L3J,M
A22B05,N239MC,B407,BELL 407,H1T,L
A22F05,N24QA,C560,CESSNA 560 Citation Ultra,L2J,M
A23005,N240AF,COL4,CESSNA 400 Corvalis TT,L1P,L
A23105,N240LM,C182,CESSNA 182 Skylane,L1P,L
A23505,N241PK,SR22,CIRRUS SR-22,L1P,L
A23705,N2417B,,,,
A23905,N242SH,EC30,AIRBUS HELICOPTERS EC-130,H1T,L
A23A05,N24214,C152,CESSNA 152,L1P,L
A23B05,N2429E,C185,CESSNA 185 Skywagon,L1P,L
A23C05,N243K,CH7A,BELLANCA 7 Champion,L1P,L
A23E05,N24337,C82S,CESSNA T182 Turbo Skylane,L1P,L
A24505,N24502,J3,PIPER J-3 Cub,L1P,L
A24605,N2458C,C180,CESSNA  180 Skywagon,L1P,L
A24705,N246HN,RV4,VANS RV-4,L1P,L
A24905,N24625,BE24,BEECH 24 Sierra,L1P,L
A24B05,N247LL,P46T,PIPER PA-46-500TP,L1T,L
A24D05,N24748,C72R,CESSNA 172R Cutlass RG,L1P,L
A24E05,N248DC,ULAC,,L0-,-
A25105,N2487A,PA18,PIPER PA-18 Super Cub,L1P,L
A25705,N25VE,VEZE,RUTAN VariEze,L1P,L
A25905,N250RR,BALL,,B0-,-
A25D05,N251UP,MD11,MCDONNELL-DOUGLAS MD-11,L3J,H
A25E05,N2513Q,BOLT,STEEN Skybolt,L1P,L
A26105,N252XM,M20P,MOONEY M-20,L1P,L
A26205,N2525T,NAVI,NORTH AMERICAN Navion,L1P,L
A26505,N2530K,C180,CESSNA  180 Skywagon,L1P,L
A26805,N254TB,C510,CESSNA 510 Citation Mustang,L2J,L
A26A05,N2549Z,BL8,BELLANCA 8 Decathlon,L1P,L
A26D05,N2554R,C182,CESSNA 182 Skylane,L1P,L
A27105,N2566U,P28A,PIPER PA-28-140/150/160/180,L1P,L
A27405,N2571L,C172,CESSNA 172 Skyhawk,L1P,L
A27805,N2583P,PA18,PIPER PA-18 Super Cub,L1P,L
A27D05,N26DX,AS26,SCHLEICHER ASH-26,L1P,L
A28005,N260LP,ULAC,,L0-,-
A28605,N2617D,C170,CESSNA 170,L1P,L
A28F05,N264N,,,,
A29405,N26504,C72R,CESSNA 172R Cutlass RG,L1P,L
A29905,N267AG,P28A,PIPER PA-28-140/150/160/180,L1P,L
A2A305,N26915,AA5,AMERICAN AA-5 Tiger,L1P,L
A2A405,N2699F,C182,CESSNA 182 Skylane,L1P,L
A2B405,N2730M,C414,CESSNA 414 Chancellor,L2P,L
A2B805,N2742Q,C182,CESSNA 182 Skylane,L1P,L
A2BB05,N275WB,,,,
A2C205,N277RS,H25B,HAWKER BEECHCRAFT Hawker 750/850,L2J,M
A2C305,N2771N,C120,CESSNA 120,L1P,L
A2C405,N2778Z,BL8,BELLANCA 8 Decathlon,L1P,L
A2C705,N2783R,,,,
A2C805,N279BA,GLID,,L0-,-
A2C905,N279MG,P28A,PIPER PA-28-140/150/160/180,L1P,L
A2CB05,N2795U,C172,CESSNA 172 Skyhawk,L1P,L
A2CC05,N28DZ,BE35,BEECH 35 Starfire Bonanza,L1P,L
A2CE05,N280AK,B739,BOEING 737-900,L2J,M
A2D105,N2805C,C170,CESSNA 170,L1P,L
A2D705,N282SM,SONX,SONEX AIRCRAFT Sonex,L1P,L
A2D805,N28218,AA5,AMERICAN AA-5 Tiger,L1P,L
A2D905,N2829J,T206,CESSNA T206 Turbo Stationair,L1P,L
A2DC05,N2834A,C180,CESSNA  180 Skywagon,L1P,L
A2EB05,N2875B,P28A,PIPER PA-28-140/150/160/180,L1P,L
A2EC05,N288DG,GLEX,BOMBARDIER BD-700 Global 6000/6500,L2J,M
A2EF05,N2887E,C172,CESSNA 172 Skyhawk,L1P,L
A2F205,N28917,AA5,AMERICAN AA-5 Tiger,L1P,L
A2F405,N29KC,CH75,ZENAIR CH-750 Cruzer,L1P,L
A2F705,N290RV,DRON,,D0-,-
A2F805,N2901R,C310,CESSNA 310,L2P,L
A2FA05,N291JM,A388,AIRBUS A-380-800,L4J,H
A2FC05,N2913U,PA44,PIPER PA-44 Seminole,L2P,L
A30005,N2925X,C177,CESSNA  177 Cardinal,L1P,L
A30405,N29370,WACC,WACO C/S,L1P,L
A30705,N2942S,C150,CESSNA 150,L1P,L
A30A05,N295WD,DRON,,D0-,-
A30D05,N296NW,C172,CESSNA 172 Skyhawk,L1P,L
A30F05,N2966Y,P32R,PIPER PA-32R-300/301/301T,L1P,L
A31205,N2971Q,C310,CESSNA 310,L2P,L
A31305,N29781,TAYB,TAYLORCRAFT BC/BF/BL,L1P,L
A31605,N2983T,M200,NORTH AMERICAN ROCKWELL Commander 200,L1P,L
A31705,N299BC,BL8,BELLANCA 8 Decathlon,L1P,L
A31A05,N2995W,B06,BELL 206 JetRanger,H1T,L
A31B05,N3EA,BE33,BEECH 33 Bonanza,L1P,L
A31D05,N30AM,SNS7,SORRELL Hiperbipe,L1P,L
A31E05,N30LT,C421,CESSNA 421 Executive Commuter,L2P,L
A32005,N300HD,B350,BEECHCRAFT Super King Air 350,L2T,M
A32105,N300TK,CL60,BOMBARDIER CL-600 Challenger,L2J,M
A32205,N3002W,BE36,BEECH 36 Bonanza,L1P,L
A32505,N301WH,E300,EXTRA EA-300/330/350,L1P,L
A32A05,N30262,J3,PIPER J-3 Cub,L1P,L
A32D05,N3031U,C172,CESSNA 172 Skyhawk,L1P,L
A32E05,N30385,P28A,PIPER PA-28-140/150/160/180,L1P,L
A33105,N3043X,C150,CESSNA 150,L1P,L
A33205,N305BG,GLID,,L0-,-
A33905,N30673,C177,CESSNA  177 Cardinal,L1P,L
A33C05,N3072V,C150,CESSNA 150,L1P,L
A33E05,N308LA,AT5T,AIR TRACTOR AT-504,L1T,L
A34005,N3084Y,C182,CESSNA 182 Skylane,L1P,L
A34105,N309CT,FDCT,FLIGHT DESIGN CT,L1P,L
A34505,N31FR,C182,CESSNA 182 Skylane,L1P,L
A34605,N31RX,EC35,AIRBUS HELICOPTERS EC-135/635,H2T,L
A34705,N310CB,C310,CESSNA 310,L2P,L
A34B05,N311F,B06,BELL 206 JetRanger,H1T,L
A34C05,N311RF,E135,EMBRAER ERJ-135,L2J,M
A35105,N3123E,C172,CESSNA 172 Skyhawk,L1P,L
A35205,N313AQ,C510,CESSNA 510 Citation Mustang,L2J,L
A35605,N314DN,A321,AIRBUS A-321,L2J,M
A35905,N3147L,BE36,BEECH 36 Bonanza,L1P,L
A35B05,N315SS,SSTL,JUST JA30 SuperSTOL,L1P,L
A35D05,N3159P,AT3P,AIR TRACTOR AT-301/401,L1P,L
A36105,N317CA,CRJ7,BOMBARDIER Regional Jet CRJ-700,L2J,M
A36405,N3176J,C150,CESSNA 150,L1P,L
A36805,N3188M,PA12,PIPER PA-12 Super Cruiser,L1P,L
A36B05,N3193D,C180,CESSNA  180 Skywagon,L1P,L
A37005,N320TM,H25B,HAWKER BEECHCRAFT Hawker 750/850,L2J,M
A37105,N3202Y,BALL,,B0-,-
A37205,N32099,P28A,PIPER PA-28-140/150/160/180,L1P,L
A37305,N321LD,TAYB,TAYLORCRAFT BC/BF/BL,L1P,L
A37505,N32141,WACF,WACO F,L1P,L
A37705,N322PB,S22T,CIRRUS SR-22T Turbo,L1P,L
A37905,N32264,,,,
A37C05,N3231W,PA32,PIPER PA-32,L1P,L
A37D05,N32387,P28A,PIPER PA-28-140/150/160/180,L1P,L
A37E05,N324JS,E55P,EMBRAER EMB-505 Phenom 300,L2J,M
A38405,N32552,P28R,PIPER PA-28R-180/200/201,L1P,L
A38A05,N327TL,GLF4,GULFSTREAM 4,L2J,M
A38B05,N3272X,PARA,,P0-,-
A38D05,N328LC,HIGH,JUST JA20 Highlander,L1P,L
A39105,N329PA,P28A,PIPER PA-28-140/150/160/180,L1P,L
A39605,N330CD,SR22,CIRRUS SR-22,L1P,L
A39B05,N331RH,BE33,BEECH 33 Bonanza,L1P,L
A39C05,N3311D,C180,CESSNA  180 Skywagon,L1P,L
A39D05,N3318Q,C320,CESSNA 320 Skyknight,L2P,L
A3A105,N333AS,C421,CESSNA 421 Executive Commuter,L2P,L
A3A605,N334PW,BE33,BEECH 33 Bonanza,L1P,L
A3A705,N3340B,PA22,PIPER PA-22,L1P,L
A3A805,N3347N,J3,PIPER J-3 Cub,L1P,L
A3B005,N337CC,H25B,HAWKER BEECHCRAFT Hawker 750/850,L2J,M
A3B605,N3381C,BE35,BEECH 35 Starfire Bonanza,L1P,L
A3B705,N3388P,PA23,PIPER PA-23,L2P,L
A3BB05,N34AR,T18,THORP Tiger,L1P,L
A3C105,N341A,DC3,DOUGLAS DC-3 Dakota,L2P,M
A3C405,N34143,C177,CESSNA  177 Cardinal,L1P,L
A3CA05,N343SB,,,,
A3CB05,N3431Y,C180,CESSNA  180 Skywagon,L1P,L
A3CE05,N344V,FOX,KITFOX,L1P,L
A3D305,N34554,C177,CESSNA  177 Cardinal,L1P,L
A3D605,N3460W,PA32,PIPER PA-32,L1P,L
A3DA05,N3472Z,PA18,PIPER PA-18 Super Cub,L1P,L
A3DB05,N348,H500,HUGHES 500,H1T,L
A3E605,N350NM,PA46,PIPER PA-46-310/350,L1P,L
A3EB05,N3511F,C82T,CESSNA TR182 Turbo Skylane RG,L1P,L
A3EC05,N3518S,C172,CESSNA 172 Skyhawk,L1P,L
A3EF05,N3523J,AP22,AEROPRACT A-22,L1P,L
A3F405,N354DS,DA40,DIAMOND DA-40 Club Star,L1P,L
A3F605,N3540D,C170,CESSNA 170,L1P,L
A3F905,N355SW,B733,BOEING 737-300,L2J,M
A3FE05,N3564K,J3,PIPER J-3 Cub,L1P,L
A3FF05,N357CE,,,,
A40205,N3576N,J3,PIPER J-3 Cub,L1P,L
A40505,N3581E,AR11,AERONCA 11 Chief,L1P,L
A40905,N3593H,ERCO,AIR PRODUCTS F-1 Aircoupe,L1P,L
A40A05,N36AT,MU2,MITSUBISHI MU-2 Marquise,L2T,L
A41E05,N36433,TAYB,TAYLORCRAFT BC/BF/BL,L1P,L
A42105,N365Y,,,,
A42405,N366QS,E55P,EMBRAER EMB-505 Phenom 300,L2J,M
A42605,N36679,AR6T,AERONCA 65 Tandem,L1P,L
A42905,N36721,S10,STINSON 10 Voyager,L1P,L
A42D05,N36844,AR65,AERONCA 65 Super Chief,L1P,L
A43105,N36967,AR6T,AERONCA 65 Tandem,L1P,L
A43305,N37SC,E300,EXTRA EA-300/330/350,L1P,L
A43905,N371RM,C525,CESSNA 525 CitationJet,L2J,L
A44005,N373MB,E300,EXTRA EA-300/330/350,L1P,L
A44505,N3740F,C172,CESSNA 172 Skyhawk,L1P,L
A44605,N3747S,C172,CESSNA 172 Skyhawk,L1P,L
A44905,N3752J,C150,CESSNA 150,L1P,L
A44A05,N3759V,C140,CESSNA 140,L1P,L
A44D05,N3764M,PA12,PIPER PA-12 Super Cruiser,L1P,L
A45405,N3781G,FH11,FAIRCHILD FH-1100,H1T,L
A45505,N3788T,P28R,PIPER PA-28R-180/200/201,L1P,L
A45805,N3793K,,,,
A45905,N38AV,BALL,,B0-,-
A45A05,N38MA,B06,BELL 206 JetRanger,H1T,L
A45E05,N38024,BE77,BEECH 77 Skipper,L1P,L
A46205,N38147,P28A,PIPER PA-28-140/150/160/180,L1P,L
A46305,N382DB,UH1,BELL UH-1 Huey,H1T,L
A46405,N382PH,EC35,AIRBUS HELICOPTERS EC-135/635,H2T,L
A46705,N383G,P28A,PIPER PA-28-140/150/160/180,L1P,L
A46805,N383SF,ASTR,GULFSTREAM AEROSPACE Gulfstream G100,L2J,M
A47705,N387TS,F900,DASSAULT Falcon 900,L3J,M
A47905,N388AC,GLF5,GULFSTREAM 5,L2J,M
A47D05,N389DA,B738,BOEING 737-800,L2J,M
A48005,N38969,P28A,PIPER PA-28-140/150/160/180,L1P,L
A48105,N39FZ,PA18,PIPER PA-18 Super Cub,L1P,L
A49905,N3959X,P28A,PIPER PA-28-140/150/160/180,L1P,L
A49C05,N3964P,PA22,PIPER PA-22,L1P,L
A4A005,N3976S,C172,CESSNA 172 Skyhawk,L1P,L
A4A305,N3981J,C150,CESSNA 150,L1P,L
A4A405,N3988V,C170,CESSNA 170,L1P,L
A4A905,N4MC,BE58,BEECH 58 Baron,L2P,L
A4AA05,N4XJ,AVTR,AERO ADVENTURE Aventura 2,A1P,L
A4AB05,N40HP,PA46,PIPER PA-46-310/350,L1P,L
A4AD05,N400E,PA24,PIPER PA-24 Comanche,L1P,L
A4AE05,N400QF,E50P,EMBRAER EMB-500 Phenom 100,L2J,L
A4AF05,N4000M,BE23,BEECH 23 Sundowner,L1P,L
A4B205,N401TD,B407,BELL 407,H1T,L
A4B305,N4012Q,,,,
A4B405,N40191,PC12,PILATUS PC-12,L1T,L
A4B605,N402WB,P28A,PIPER PA-28-140/150/160/180,L1P,L
A4BD05,N404RS,GLEX,BOMBARDIER BD-700 Global 6000/6500,L2J,M
A4C205,N4053R,PA32,PIPER PA-32,L1P,L
A4C605,N4065U,ULAC,,L0-,-
A4C905,N4070L,C421,CESSNA 421 Executive Commuter,L2P,L
A4CA05,N4077X,FOX,KITFOX,L1P,L
A4CD05,N4082P,UH1,BELL UH-1 Huey,H1T,L
A4D105,N4094S,BE95,BEECH 95 Travel Air,L2P,L
A4D205,N41CM,BE35,BEECH 35 Starfire Bonanza,L1P,L
A4D905,N411NB,C750,CESSNA 750 Citation 10,L2J,M
A4DB05,N4116D,PA11,PIPER PA-11 Cub Special,L1P,L
A4DE05,N41206,P28A,PIPER PA-28-140/150/160/180,L1P,L
A4DF05,N4128G,,,,
A4E005,N413HS,H25B,HAWKER BEECHCRAFT Hawker 750/850,L2J,M
A4E605,N4145B,PA34,PIPER PA-34 Seneca,L2P,L
A4E705,N415DG,S22T,CIRRUS SR-22T Turbo,L1P,L
A4EA05,N4157E,PA31,PIPER PA-31-300/310/325/350/425,L2P,L
A4EC05,N416SL,RV14,VANS RV-14,L1P,L
A4EF05,N417KC,PC12,PILATUS PC-12,L1T,L
A4F305,N418NA,UH1,BELL UH-1 Huey,H1T,L
A4F805,N41905,P28A,PIPER PA-28-140/150/160/180,L1P,L
A4FA05,N42HR,HROC,HARMON Rocket,L1P,L
A4FB05,N42TX,S22T,CIRRUS SR-22T Turbo,L1P,L
A4FF05,N42070,J3,PIPER J-3 Cub,L1P,L
A50205,N4212S,BE35,BEECH 35 Starfire Bonanza,L1P,L
A50E05,N42481,J3,PIPER J-3 Cub,L1P,L
A50F05,N425JL,,,,
A51105,N4253T,P28A,PIPER PA-28-140/150/160/180,L1P,L
A51205,N426BC,K100,DAHER Kodiak 100,L1T,L
A51305,N426MJ,H25B,HAWKER BEECHCRAFT Hawker 750/850,L2J,M
A51805,N4270N,C140,CESSNA 140,L1P,L
A51905,N4277Z,PA18,PIPER PA-18 Super Cub,L1P,L
A51C05,N4282R,BE36,BEECH 36 Bonanza,L1P,L
A52005,N4294U,,,,
A52105,N43CP,P210,CESSNA P210 Centurion,L1P,L
A52605,N4304C,C340,CESSNA 340 Super,L2P,L
A52A05,N4316F,P32R,PIPER PA-32R-300/301/301T,L1P,L
A52C05,N432RB,PC12,PILATUS PC-12,L1T,L
A52D05,N43208,P28A,PIPER PA-28-140/150/160/180,L1P,L
A52E05,N4328J,P28A,PIPER PA-28-140/150/160/180,L1P,L
A53105,N4333A,P28A,PIPER PA-28-140/150/160/180,L1P,L
A53405,N434WY,HUSK,CHRISTEN Husky,L1P,L
A53505,N4345D,PA12,PIPER PA-12 Super Cruiser,L1P,L
A54605,N439RA,C212,CESSNA 212 Aviocar,L2T,M
A54D05,N4400R,C172,CESSNA 172 Skyhawk,L1P,L
A54E05,N44072,TAYB,TAYLORCRAFT BC/BF/BL,L1P,L
A55005,N441TH,R44,ROBINSON R-44 Raven,H1P,L
A55205,N44195,P28A,PIPER PA-28-140/150/160/180,L1P,L
A55305,N442L,GLID,,L0-,-
A55405,N442WF,RV12,VANS RV-12,L1P,L
A55605,N443CS,C240,CESSNA 240 Corvalis TTx,L1P,L
A55B05,N444RW,T210,CESSNA T210 Turbo Centurion,L1P,L
A56405,N4465Y,P68,PARTENAVIA P-68 Observer,L2P,L
A56505,N447EC,C680,CESSNA 680 Citation Sovereign,L2J,M
A56805,N44771,P28A,PIPER PA-28-140/150/160/180,L1P,L
A56A05,N448TG,RV12,VANS RV-12,L1P,L
A56B05,N4482T,P28A,PIPER PA-28-140/150/160/180,L1P,L
A56F05,N4494W,BE35,BEECH 35 Starfire Bonanza,L1P,L
A57005,N45CR,VEZE,RUTAN VariEze,L1P,L
A57105,N45NX,PC12,PILATUS PC-12,L1T,L
A57505,N4504E,CH7A,BELLANCA 7 Champion,L1P,L
A57C05,N4521,,,,
A57D05,N4528L,AT3T,AIR TRACTOR AT-302/402,L1T,L
A58005,N4533C,C170,CESSNA 170,L1P,L
A58105,N454AN,LJ60,LEARJET 60,L2J,M
A58305,N454X,P28A,PIPER PA-28-140/150/160/180,L1P,L
A58405,N4545F,SA30,STOLP Starduster Too,L1P,L
A58C05,N4569M,PA11,PIPER PA-11 Cub Special,L1P,L
A58F05,N4574D,BE35,BEECH 35 Starfire Bonanza,L1P,L
A59505,N459RC,RV9,VANS RV-9,L1P,L
A59805,N46HV,CRER,RANS Courier,L1P,L
A59C05,N4600T,GLID,,L0-,-
A5A105,N46197,FA62,FAIRCHILD M-26 Cornell,L1P,L
A5A805,N46362,SYMP,OMF Symphony,L1P,L
A5AF05,N4653X,C150,CESSNA 150,L1P,L
A5B305,N46650,TAYD,TAYLORCRAFT DC/DF/DL,L1P,L
A5B605,N4670S,C182,CESSNA 182 Skylane,L1P,L
A5B705,N46773,PA18,PIPER PA-18 Super Cub,L1P,L
A5B805,N468HC,RV8,VANS RV-8,L1P,L
A5B905,N468TJ,GLID,,L0-,-
A5BB05,N46896,AR6T,AERONCA 65 Tandem,L1P,L
A5BC05,N469LA,AT8T,AIR TRACTOR AT-802,L1T,M
A5BE05,N4694Y,T210,CESSNA T210 Turbo Centurion,L1P,L
A5BF05,N47CT,C177,CESSNA  177 Cardinal,L1P,L
A5C405,N4704G,C172,CESSNA 172 Skyhawk,L1P,L
A5C805,N4716K,C182,CESSNA 182 Skylane,L1P,L
A5CB05,N4721B,C152,CESSNA 152,L1P,L
A5CC05,N4728N,C182,CESSNA 182 Skylane,L1P,L
A5CF05,N4733E,CH7A,BELLANCA 7 Champion,L1P,L
A5D305,N4745H,PA11,PIPER PA-11 Cub Special,L1P,L
A5D605,N4750,,,,
A5D705,N4757L,P28A,PIPER PA-28-140/150/160/180,L1P,L
A5D905,N476SS,PC12,PILATUS PC-12,L1T,L
A5DE05,N4774F,C172,CESSNA 172 Skyhawk,L1P,L
A5DF05,N478CA,C172,CESSNA 172 Skyhawk,L1P,L
A5E905,N480EH,EN48,ENSTROM TH-28,H1T,L
A5EA05,N480QP,PARA,,P0-,-
A5EB05,N4800V,C72R,CESSNA 172R Cutlass RG,L1P,L
A5ED05,N481HF,HUCO,BELL AH-1 HueyCobra,H1T,L
A5F005,N48199,ST75,STEARMAN Kaydet,L1P,L
A5F305,N48241,C152,CESSNA 152,L1P,L
A5FC05,N485JS,RV6,VANS RV-6,L1P,L
A5FE05,N4853Z,PA22,PIPER PA-22,L1P,L
A60205,N48652,S1,INTERSTATE S-1 Cadet,L1P,L
A60505,N4870U,P28A,PIPER PA-28-140/150/160/180,L1P,L
A60F05,N49PA,AT6T,AIR TRACTOR AT-602,L1T,L
A61105,N490KM,C414,CESSNA 414 Chancellor,L2P,L
A61A05,N4921D,C182,CESSNA 182 Skylane,L1P,L
A61F05,N494AS,B739,BOEING 737-900,L2J,M
A62205,N4945K,NAVI,NORTH AMERICAN Navion,L1P,L
A62A05,N4969R,C172,CESSNA 172 Skyhawk,L1P,L
A62E05,N498CC,P28R,PIPER PA-28R-180/200/201,L1P,L
A63105,N4986L,P28A,PIPER PA-28-140/150/160/180,L1P,L
A63405,N4991C,,,,
A63505,N4998P,PA23,PIPER PA-23,L2P,L
A63A05,N500AW,C310,CESSNA 310,L2P,L
A63B05,N500MB,RV6,VANS RV-6,L1P,L
A63C05,N500XH,UHEL,,H0-,-
A63D05,N5005P,PA24,PIPER PA-24 Comanche,L1P,L
A63E05,N501DU,BE9T,BEECH F90 King Air,L2T,L
A63F05,N501Q,C501,CESSNA 501 Citation 1SP,L2J,L
A64005,N5010F,BALL,,B0-,-
A64105,N5017S,AT3P,AIR TRACTOR AT-301/401,L1P,L
A64205,N502GS,GA5C,GULFSTREAM G500,L2J,M
A64305,N502SY,E75L,EMBRAER ERJ-170-200 (long wing),L2J,M
A64905,N504CG,DRON,,D0-,-
A64E05,N505RL,B06,BELL 206 JetRanger,H1T,L
A64F05,N5051G,CH7A,BELLANCA 7 Champion,L1P,L
A65005,N5058T,P28A,PIPER PA-28-140/150/160/180,L1P,L
A65505,N507MA,PA32,PIPER PA-32,L1P,L
A65705,N5075N,O1,CESSNA 305/341 Bird Dog,L1P,L
A65A05,N5080E,C180,CESSNA  180 Skywagon,L1P,L
A65D05,N509SX,SONX,SONEX AIRCRAFT Sonex,L1P,L
A65E05,N5092H,PA11,PIPER PA-11 Cub Special,L1P,L
A66005,N51KP,BE60,BEECH 60 Duke,L2P,L
A66105,N51VV,,,,
A66305,N510SF,,,,
A66405,N51012,AA5,AMERICAN AA-5 Tiger,L1P,L
A66505,N5109C,BE35,BEECH 35 Starfire Bonanza,L1P,L
A66805,N51135,C150,CESSNA 150,L1P,L
A66C05,N51258,C150,CESSNA 150,L1P,L
A66F05,N51300,C77R,CESSNA 177RG Cardinal RG,L1P,L
A67105,N514HL,FOX,KITFOX,L1P,L
A67805,N516DA,A21N,AIRBUS A-321neo,L2J,M
A67905,N516PG,SR20,CIRRUS SR-20,L1P,L
A67F05,N5179B,C82S,CESSNA T182 Turbo Skylane,L1P,L
A68305,N519BP,BALL,,B0-,-
A68705,N52EM,M20P,MOONEY M-20,L1P,L
A68A05,N520MD,H500,HUGHES 500,H1T,L
A68C05,N5205R,C172,CESSNA 172 Skyhawk,L1P,L
A68D05,N521DW,LNC2,LANCAIR 200-320,L1P,L
A69005,N5217U,C206,CESSNA  206 Stationair,L1P,L
A69205,N522T,S22T,CIRRUS SR-22T Turbo,L1P,L
A69405,N5229X,CH7A,BELLANCA 7 Champion,L1P,L
A69705,N5234P,PA24,PIPER PA-24 Comanche,L1P,L
A69B05,N5246S,PA32,PIPER PA-32,L1P,L
A69E05,N5251J,C310,CESSNA 310,L2P,L
A6A405,N527MC,SR20,CIRRUS SR-20,L1P,L
A6A605,N5275Q,C150,CESSNA 150,L1P,L
A6A705,N528DV,C25B,CESSNA 525B Citation CJ3,L2J,L
A6AB05,N529GT,GP3,OSPREY GP-3 Osprey 2,A1P,L
A6AD05,N5292K,C172,CESSNA 172 Skyhawk,L1P,L
A6AE05,N5299W,P28A,PIPER PA-28-140/150/160/180,L1P,L
A6AF05,N53KR,KR1,RAND KR-1,L1P,L
A6B305,N53014,,,,
A6B505,N531K,LJ55,LEARJET 55,L2J,M
A6C405,N535LL,EC35,AIRBUS HELICOPTERS EC-135/635,H2T,L
A6C705,N536DC,DV20,DIAMOND DA-20,L1P,L
A6CD05,N53713,CH7B,BELLANCA 7 Citabria,L1P,L
A6D105,N53836,CH7A,BELLANCA 7 Champion,L1P,L
A6D505,N53959,CH7B,BELLANCA 7 Citabria,L1P,L
A6D605,N54EP,LGEZ,RUTAN Long-EZ,L1P,L
A6DB05,N5405T,C172,CESSNA 172 Skyhawk,L1P,L
A6E505,N543W,,,,
A6E605,N5434R,C172,CESSNA 172 Skyhawk,L1P,L
A6ED05,N5451L,AA5,AMERICAN AA-5 Tiger,L1P,L
A6F205,N547AZ,DRON,,D0-,-
A6F405,N547XL,,,,
A6F505,N5475S,C337,CESSNA 337 Super Skymaster,L2P,L
A6FD05,N5499Y,,,,
A6FE05,N55KT,C25A,CESSNA 525A Citation CJ2,L2J,L
A70105,N550SK,C550,CESSNA 550 Citation S2,L2J,L
A70205,N55016,,,,
A70305,N5509G,C150,CESSNA 150,L1P,L
A70605,N55139,P28A,PIPER PA-28-140/150/160/180,L1P,L
A70A05,N5526B,C182,CESSNA 182 Skylane,L1P,L
A70B05,N553ES,H60,SIKORSKY UH-60 Black Hawk,H2T,M
A70D05,N55304,P28A,PIPER PA-28-140/150/160/180,L1P,L
A71205,N555AG,GLID,,L0-,-
A71405,N555WU,RV6,VANS RV-6,L1P,L
A71905,N5567C,C170,CESSNA 170,L1P,L
A71C05,N55715,P28A,PIPER PA-28-140/150/160/180,L1P,L
A72005,N55838,P28A,PIPER PA-28-140/150/160/180,L1P,L
A72505,N56ER,AA5,AMERICAN AA-5 Tiger,L1P,L
A72705,N560BB,BT36,BEECH B36TC Bonanza,L1P,L
A72805,N560MH,C560,CESSNA 560 Citation Ultra,L2J,M
A73B05,N565RS,GL5T,BOMBARDIER BD-700 Global 5000/5500,L2J,M
A73C05,N5651N,M6,MAULE M-6,L1P,L
A73D05,N5658Z,PA22,PIPER PA-22,L1P,L
A74205,N567MG,SR22,CIRRUS SR-22,L1P,L
A74705,N5680L,AA1,AMERICAN AA-1,L1P,L
A74805,N5687X,SS2P,ROCKWELL Thrush Commander,L1P,L
A74A05,N569TC,RV7,VANS RV-7,L1P,L
A74E05,N57WA,C421,CESSNA 421 Executive Commuter,L2P,L
A75505,N5714A,C172,CESSNA 172 Skyhawk,L1P,L
A75D05,N5738G,C150,CESSNA 150,L1P,L
A76405,N5755B,C182,CESSNA 182 Skylane,L1P,L
A76505,N576DG,SR22,CIRRUS SR-22,L1P,L
A76C05,N5779H,PA16,PIPER PA-16 Clipper,L1P,L
A76F05,N5784,WACO,WACO E/O,L1P,L
A77305,N5796C,C170,CESSNA 170,L1P,L
A77605,N580BD,C25A,CESSNA 525A Citation CJ2,L2J,L
A77E05,N582H,ULAC,,L0-,-
A77F05,N582TF,PARA,,P0-,-
A78005,N5822S,BE35,BEECH 35 Starfire Bonanza,L1P,L
A78405,N5834V,GLID,,L0-,-
A78605,N584NW,B753,BOEING 757-300,L2J,M
A79D05,N59WC,COY2,RANS Coyote 2,L1P,L
A79F05,N590SP,C172,CESSNA 172 Skyhawk,L1P,L
A7A805,N5926F,P28A,PIPER PA-28-140/150/160/180,L1P,L
A7C405,N6RA,C425,CESSNA 425 Corsair,L2T,L
A7C505,N60BF,RALL,SOCATA Rallye,L1P,L
A7C605,N60MM,MITE,MOONEY M-18,L1P,L
A7C705,N60XT,TAIL,WITTMAN Tailwind,L1P,L
A7C805,N600HY,HUSK,CHRISTEN Husky,L1P,L
A7CA05,N6003E,BE35,BEECH 35 Starfire Bonanza,L1P,L
A7CF05,N602DN,AT6T,AIR TRACTOR AT-602,L1T,L
A7D205,N6027L,C162,CESSNA 162 Skycatcher,L1P,L
A7D605,N6039P,PA24,PIPER PA-24 Comanche,L1P,L
A7D705,N604KJ,CL60,BOMBARDIER CL-600 Challenger,L2J,M
A7D905,N6044F,,,,
A7DA05,N605CA,DA40,DIAMOND DA-40 Club Star,L1P,L
A7DD05,N6056J,C150,CESSNA 150,L1P,L
A7DF05,N606RE,BE58,BEECH 58 Baron,L2P,L
A7E005,N6061A,C172,CESSNA 172 Skyhawk,L1P,L
A7E405,N6073D,PA22,PIPER PA-22,L1P,L
A7E505,N608AP,,,,
A7E905,N609DM,RV6,VANS RV-6,L1P,L
A7EC05,N6097K,RC3,REPUBLIC RC-3 Seabee,A1P,L
A7ED05,N61GK,C560,CESSNA 560 Citation Ultra,L2J,M
A7EE05,N61SR,M7,MAULE M-7,L1P,L
A7F005,N610PB,AVAM,AVID Amphibian,A1P,L
A7F205,N61064,C150,CESSNA 150,L1P,L
A7F305,N611FU,,,,
A7F405,N611S,RV7,VANS RV-7,L1P,L
A7F505,N6111W,P28A,PIPER PA-28-140/150/160/180,L1P,L
A7F605,N61187,C150,CESSNA 150,L1P,L
A7F705,N612JS,PA32,PIPER PA-32,L1P,L
A7FD05,N61352,AT5T,AIR TRACTOR AT-504,L1T,L
A80105,N61475,,,,
A80405,N6152X,C310,CESSNA 310,L2P,L
A80505,N61598,ULAC,,L0-,-
A80805,N61640,C172,CESSNA 172 Skyhawk,L1P,L
A80A05,N617PA,,,,
A80C05,N61763,C172,CESSNA 172 Skyhawk,L1P,L
A80D05,N618FT,P28A,PIPER PA-28-140/150/160/180,L1P,L
A81005,N61886,B739,BOEING 737-900,L2J,M
A81205,N619UX,E75L,EMBRAER ERJ-170-200 (long wing),L2J,M
A81305,N6193Y,PA23,PIPER PA-23,L2P,L
A81405,N62BH,RV6,VANS RV-6,L1P,L
A81505,N62MP,PA34,PIPER PA-34 Seneca,L2P,L
A81705,N620J,P28A,PIPER PA-28-140/150/160/180,L1P,L
A81A05,N621AS,AS20,SCHLEICHER ASW-20,L1P,L
A82505,N6239R,C150,CESSNA 150,L1P,L
A82905,N625CC,PA11,PIPER PA-11 Cub Special,L1P,L
A82E05,N626RG,SS2P,ROCKWELL Thrush Commander,L1P,L
A82F05,N6261C,UH1,BELL UH-1 Huey,H1T,L
A83405,N628AR,T28,NORTH AMERICAN T-28,L1P,L
A83805,N629DP,PETR,EDRA Super Petrel,A1P,L
A83A05,N6290A,PA38,PIPER PA-38 Tomahawk,L1P,L
A83C05,N63GM,M20P,MOONEY M-20,L1P,L
A83D05,N63ST,,,,
A84105,N63066,C150,CESSNA 150,L1P,L
A84305,N631SB,AS50,AEROSPATIALE AS-350 Ecureuil,H1T,L
A84705,N632V,BE35,BEECH 35 Starfire Bonanza,L1P,L
A84805,N63231,C150,CESSNA 150,L1P,L
A84C05,N63354,DHC3,DE HAVILLAND DHC-3 Otter,L1P,L
A84F05,N6340W,P28A,PIPER PA-28-140/150/160/180,L1P,L
A85005,N63477,BE17,BEECH 17 Staggerwing,L1P,L
A85305,N6352Z,T206,CESSNA T206 Turbo Stationair,L1P,L
A85905,N637PC,PC12,PILATUS PC-12,L1T,L
A85D05,N638SA,,,,
A85F05,N63888,B06,BELL 206 JetRanger,H1T,L
A86405,N64MR,SR22,CIRRUS SR-22,L1P,L
A86605,N640JB,A320,AIRBUS A-320,L2J,M
A86805,N6403J,P28A,PIPER PA-28-140/150/160/180,L1P,L
A86A05,N641M,T210,CESSNA T210 Turbo Centurion,L1P,L
A86C05,N6415M,S108,STINSON 108 Voyager,L1P,L
A86D05,N642DS,P210,CESSNA P210 Centurion,L1P,L
A86F05,N6420D,T6,NORTH AMERICAN T-6 Texan,L1P,L
A87005,N6427Q,C152,CESSNA 152,L1P,L
A87305,N6432G,CH75,ZENAIR CH-750 Cruzer,L1P,L
A87405,N6439T,CASS,NATIONAL AERONAUTICS Cassutt 3M,L1P,L
A87F05,N6468R,P28A,PIPER PA-28-140/150/160/180,L1P,L
A88005,N647JA,VELO,Velocity,L1P,L
A88205,N6473H,J3,PIPER J-3 Cub,L1P,L
A88A05,N6497P,PA24,PIPER PA-24 Comanche,L1P,L
A88B05,N65GP,BE20,BEECH 200 Super King Air,L2T,M
A88C05,N65SV,HUSK,CHRISTEN Husky,L1P,L
A88E05,N650PF,C650,CESSNA 650 Citation,L2J,M
A89005,N65068,O1,CESSNA 305/341 Bird Dog,L1P,L
A89205,N651SD,C208,CESSNA 208 Caravan,L1T,L
A89305,N65110,B06,BELL 206 JetRanger,H1T,L
A89405,N6519A,T210,CESSNA T210 Turbo Centurion,L1P,L
A89505,N652JW,P46T,PIPER PA-46-500TP,L1T,L
A89B05,N65356,ST75,STEARMAN Kaydet,L1P,L
A89D05,N654QS,C56X,CESSNA 560XL Citation XLS,L2J,M
A8AA05,N65767,C172,CESSNA 172 Skyhawk,L1P,L
A8AC05,N658SC,CRUZ,CSA PS-28 Cruiser,L1P,L
A8AD05,N6581Z,PARA,,P0-,-
A8B105,N65932,C82S,CESSNA T182 Turbo Skylane,L1P,L
A8B305,N66MT,LJ45,LEARJET 45,L2J,M
A8B805,N661AW,A320,AIRBUS A-320,L2J,M
A8B905,N661MB,PARA,,P0-,-
A8BE05,N6620F,C150,CESSNA 150,L1P,L
A8C205,N6632J,BE76,BEECH 76 Duchess,L2P,L
A8C305,N6639V,BL17,BELLANCA 17 Viking,L1P,L
A8C605,N6644M,C172,CESSNA 172 Skyhawk,L1P,L
A8CD05,N6661G,C150,CESSNA 150,L1P,L
A8CE05,N6668T,C150,CESSNA 150,L1P,L
A8D305,N668MA,P32R,PIPER PA-32R-300/301/301T,L1P,L
A8D605,N669DT,SREY,PROGRESSIVE AERODYNE SeaRey,A1P,L
A8D905,N6697R,M20P,MOONEY M-20,L1P,L
A8DA05,N67GR,C150,CESSNA 150,L1P,L
A8DB05,N67SX,SX30,SWEARINGEN SX-300,L1P,L
A8E205,N67112,DHC2,DE HAVILLAND DHC-2 Beaver,L1P,L
A8E605,N67235,B06,BELL 206 JetRanger,H1T,L
A8F105,N67523,FA62,FAIRCHILD M-26 Cornell,L1P,L
A8F505,N67646,G44,GRUMMAN G-44 Widgeon,A2P,L
A8F905,N67769,BE17,BEECH 17 Staggerwing,L1P,L
A8FD05,N6789B,PA18,PIPER PA-18 Super Cub,L1P,L
A90405,N680JF,C172,CESSNA 172 Skyhawk,L1P,L
A90605,N6803N,M20P,MOONEY M-20,L1P,L
A90B05,N682DW,C72R,CESSNA 172R Cutlass RG,L1P,L
A90D05,N6820H,J3,PIPER J-3 Cub,L1P,L
A90E05,N6827U,M20P,MOONEY M-20,L1P,L
A91005,N683T,K100,DAHER Kodiak 100,L1T,L
A91205,N6839X,C172,CESSNA 172 Skyhawk,L1P,L
A91C05,N6861J,P28A,PIPER PA-28-140/150/160/180,L1P,L
A91D05,N6868V,M20P,MOONEY M-20,L1P,L
A92205,N688MC,C208,CESSNA 208 Caravan,L1T,L
A92A05,N69SZ,PTS2,PITTS S-2 Special,L1P,L
A92B05,N690DD,AC68,AERO Commander 680,L2P,L
A92C05,N690PK,AC68,AERO Commander 680,L2P,L
A92E05,N6907B,PA22,PIPER PA-22,L1P,L
A93005,N691SH,A119,AGUSTA AW-119 Koala,H1T,L
A93605,N693BS,,,,
A93905,N6936,CAMP,GREGA GN-1 Aircamper,L1P,L
A93D05,N6948C,P28R,PIPER PA-28R-180/200/201,L1P,L
A94105,N696AE,E145,EMBRAER ERJ-145,L2J,M
A94405,N69648,C310,CESSNA 310,L2P,L
A94505,N697DC,SF50,CIRRUS SF-50 Vision,L1J,L
A94805,N6977A,AS50,AEROSPATIALE AS-350 Ecureuil,H1T,L
A94B05,N69813,B739,BOEING 737-900,L2J,M
A95305,N70JH,SA30,STOLP Starduster Too,L1P,L
A95705,N70006,C185,CESSNA 185 Skywagon,L1P,L
A95805,N7008G,PARA,,P0-,-
A95905,N701HS,CH70,ZENAIR CH-701 Stol,L1P,L
A95B05,N70129,J3,PIPER J-3 Cub,L1P,L
A96305,N7037E,C402,CESSNA 402 Businessliner,L2P,L
A96405,N704GE,C150,CESSNA 150,L1P,L
A96505,N704SL,C150,CESSNA 150,L1P,L
A96605,N70417,J3,PIPER J-3 Cub,L1P,L
A96705,N7049H,C82R,CESSNA R182 Skylane RG,L1P,L
A96805,N705KC,PC12,PILATUS PC-12,L1T,L
A96A05,N7054,PA18,PIPER PA-18 Super Cub,L1P,L
A96E05,N7066C,P28A,PIPER PA-28-140/150/160/180,L1P,L
A97105,N70705,J3,PIPER J-3 Cub,L1P,L
A97205,N7078F,AVID,AVID Flyer,L1P,L
A97505,N70828,J3,PIPER J-3 Cub,L1P,L
A97605,N709AH,,,,
A97705,N709LP,H25B,HAWKER BEECHCRAFT Hawker 750/850,L2J,M
A97B05,N71PM,P28A,PIPER PA-28-140/150/160/180,L1P,L
A97F05,N7104V,M20P,MOONEY M-20,L1P,L
A98305,N7116Y,PA30,PIPER PA-30 Twin Comanche,L2P,L
A98705,N71281,L8,LUSCOMBE 8,L1P,L
A98805,N713JL,RV7,VANS RV-7,L1P,L
A98A05,N7133T,C172,CESSNA 172 Skyhawk,L1P,L
A98C05,N714MJ,C150,CESSNA 150,L1P,L
A99105,N7150N,BE33,BEECH 33 Bonanza,L1P,L
A99205,N7157Z,PA18,PIPER PA-18 Super Cub,L1P,L
A99505,N7162R,R44,ROBINSON R-44 Raven,H1P,L
A99605,N71692,L8,LUSCOMBE 8,L1P,L
A99805,N717WC,RS12,RANS S-12 Super Airaile,L1P,L
A99905,N7174U,M20P,MOONEY M-20,L1P,L
A99A05,N718CP,C82T,CESSNA TR182 Turbo Skylane RG,L1P,L
A99D05,N7186X,C150,CESSNA 150,L1P,L
A9A005,N7191P,PA24,PIPER PA-24 Comanche,L1P,L
A9A705,N7208J,P28A,PIPER PA-28-140/150/160/180,L1P,L
A9AF05,N723DJ,C82S,CESSNA T182 Turbo Skylane,L1P,L
A9B205,N7237G,C172,CESSNA 172 Skyhawk,L1P,L
A9BF05,N727RA,GLID,,L0-,-
A9C505,N729AK,BE30,BEECH 300 Super King Air,L2T,L
A9C905,N73DH,DAKH,FISHER Dakota Hawk,L1P,L
A9CA05,N73PP,C172,CESSNA 172 Skyhawk,L1P,L
A9D005,N731NY,P210,CESSNA P210 Centurion,L1P,L
A9D505,N7321S,C182,CESSNA 182 Skylane,L1P,L
A9D605,N73283,B738,BOEING 737-800,L2J,M
A9D905,N7333V,BL17,BELLANCA 17 Viking,L1P,L
A9DC05,N734XS,C172,CESSNA 172 Skyhawk,L1P,L
A9DE05,N735EC,C182,CESSNA 182 Skylane,L1P,L
A9E205,N736HA,C172,CESSNA 172 Skyhawk,L1P,L
A9E405,N7362T,C172,CESSNA 172 Skyhawk,L1P,L
A9E505,N73694,ST75,STEARMAN Kaydet,L1P,L
A9E605,N737KZ,C172,CESSNA 172 Skyhawk,L1P,L
A9E705,N737WE,C172,CESSNA 172 Skyhawk,L1P,L
A9E905,N738CR,C172,CESSNA 172 Skyhawk,L1P,L
A9EA05,N738NX,C172,CESSNA 172 Skyhawk,L1P,L
A9EB05,N738ZC,C172,CESSNA 172 Skyhawk,L1P,L
A9ED05,N739FP,C172,CESSNA 172 Skyhawk,L1P,L
A9EE05,N739RV,RV9,VANS RV-9,L1P,L
A9EF05,N7391R,BE35,BEECH 35 Starfire Bonanza,L1P,L
A9F105,N74JM,FOX,KITFOX,L1P,L
A9F505,N7401,,,,
A9F605,N7408L,BALL,,B0-,-
A9F905,N7413C,T6,NORTH AMERICAN T-6 Texan,L1P,L
AA0105,N7437J,P28R,PIPER PA-28R-180/200/201,L1P,L
AA0E05,N747RC,PA34,PIPER PA-34 Seneca,L2P,L
AA0F05,N74709,R22,ROBINSON R-22 Mariner,H1P,L
AA1005,N7478K,PA20,PIPER PA-20 Pacer,L1P,L
AA1405,N749AM,SF50,CIRRUS SF-50 Vision,L1J,L
AA1805,N75DK,T206,CESSNA T206 Turbo Stationair,L1P,L
AA1905,N75PR,BE35,BEECH 35 Starfire Bonanza,L1P,L
AA1A05,N75ZX,CH75,ZENAIR CH-750 Cruzer,L1P,L
AA1B05,N750LB,BALL,,B0-,-
AA1C05,N750WH,BALL,,B0-,-
AA1D05,N7504Z,H269,HUGHES Sky Knight,H1P,L
AA2105,N75162,P28A,PIPER PA-28-140/150/160/180,L1P,L
AA2805,N7533X,C172,CESSNA 172 Skyhawk,L1P,L
AA2D05,N755EE,S22T,CIRRUS SR-22T Turbo,L1P,L
AA2F05,N7550S,AEST,AEROSTAR 600,L2P,L
AA3105,N756HC,T206,CESSNA T206 Turbo Stationair,L1P,L
AA3405,N75696,ST75,STEARMAN Kaydet,L1P,L
AA3705,N7574Y,PA30,PIPER PA-30 Twin Comanche,L2P,L
AA3B05,N75861,B753,BOEING 757-300,L2J,M
AA3E05,N7591T,C172,CESSNA 172 Skyhawk,L1P,L
AA4005,N76JP,GLID,,L0-,-
AA4805,N7613E,B14A,BELLANCA 14,L1P,L
AA4C05,N7625H,PA12,PIPER PA-12 Super Cruiser,L1P,L
AA5305,N7642C,SREY,PROGRESSIVE AERODYNE SeaRey,A1P,L
AA5405,N7649P,PA24,PIPER PA-24 Comanche,L1P,L
AA5705,N7654F,BALL,,B0-,-
AA5805,N766CA,T6,NORTH AMERICAN T-6 Texan,L1P,L
AA5B05,N7666J,P28R,PIPER PA-28R-180/200/201,L1P,L
AA6205,N7683D,PA18,PIPER PA-18 Super Cub,L1P,L
AA6605,N7695G,C172,CESSNA 172 Skyhawk,L1P,L
AA6805,N77PT,FOX,KITFOX,L1P,L
AA6905,N77ZZ,SONX,SONEX AIRCRAFT Sonex,L1P,L
AA6C05,N77041,C140,CESSNA 140,L1P,L
AA6D05,N771CW,BE10,BEECH 100 King Air,L2T,L
AA7305,N7721W,P28A,PIPER PA-28-140/150/160/180,L1P,L
AA7505,N773JS,PA46,PIPER PA-46-310/350,L1P,L
AA7705,N7733Z,,,,
AA7805,N774BJ,HIGH,JUST JA20 Highlander,L1P,L
AA7B05,N77452,C140,CESSNA 140,L1P,L
AA7E05,N7750U,C172,CESSNA 172 Skyhawk,L1P,L
AA8105,N776TL,ACAM,LEZA Air Cam,L2P,L
AA8305,N77698,FA24,FAIRCHILD F-24 Argus,L1P,L
AA8405,N777LC,BD4,BEDE BD-4,L1P,L
AA8505,N777WJ,RV10,VANS RV-10,L1P,L
AA8A05,N77863,L8,LUSCOMBE 8,L1P,L
AA8E05,N77986,L8,LUSCOMBE 8,L1P,L
AA9305,N7801D,PA22,PIPER PA-22,L1P,L
AA9405,N7808Q,C402,CESSNA 402 Businessliner,L2P,L
AA9505,N781J,JAB4,JABIRU J200-450,L1P,L
AAA205,N7842E,C150,CESSNA 150,L1P,L
AAA705,N786CC,LJ45,LEARJET 45,L2J,M
AAAC05,N787RG,C182,CESSNA 182 Skylane,L1P,L
AAB805,N790A,BE9L,BEECH 90 King Air,L2T,L
AAC505,N793V,,,,
AAC605,N79331,PA34,PIPER PA-34 Seneca,L2P,L
AACA05,N79454,C172,CESSNA 172 Skyhawk,L1P,L
AAD105,N7962Z,C150,CESSNA 150,L1P,L
AAD205,N797,C140,CESSNA 140,L1P,L
AAD905,N79865,M20P,MOONEY M-20,L1P,L
AADE05,N8JT,AA1,AMERICAN AA-1,L1P,L
AADF05,N8UZ,COL3,CESSNA 350 Corvalis,L1P,L
AAE005,N80FD,C56X,CESSNA 560XL Citation XLS,L2J,M
AAE805,N80100,,,,
AAE905,N8018A,C170,CESSNA 170,L1P,L
AAEA05,N802HL,C414,CESSNA 414 Chancellor,L2P,L
AAEB05,N802TS,AT8T,AIR TRACTOR AT-802,L1T,M
AAED05,N803AC,FA50,DASSAULT Falcon 50,L3J,M
AAF405,N80469,C172,CESSNA 172 Skyhawk,L1P,L
AAF605,N805SE,SR22,CIRRUS SR-22,L1P,L
AAF705,N80511,C172,CESSNA 172 Skyhawk,L1P,L
AB0405,N809HK,E145,EMBRAER ERJ-145,L2J,M
AB0605,N80922,GC1,GLOBE Swift,L1P,L
AB0705,N81AB,BE95,BEECH 95 Travel Air,L2P,L
AB0905,N81WP,,,,
AB0B05,N810T,BE95,BEECH 95 Travel Air,L2P,L
AB0E05,N811KS,C72R,CESSNA 172R Cutlass RG,L1P,L
AB1405,N8126S,C150,CESSNA 150,L1P,L
AB1805,N8138V,,,,
AB1905,N814JE,BE50,BEECH 50 Excalibur,L2P,L
AB1D05,N815MC,C25A,CESSNA 525A Citation CJ2,L2J,L
AB2005,N816DV,S22T,CIRRUS SR-22T Turbo,L1P,L
AB2105,N816QA,AT8T,AIR TRACTOR AT-802,L1T,M
AB2305,N8167T,C175,CESSNA 175 Skylark,L1P,L
AB2605,N8172K,G164,GRUMMAN G-164 Ag-Cat,L1P,L
AB2705,N8179W,P28A,PIPER PA-28-140/150/160/180,L1P,L
AB2A05,N8184N,BE36,BEECH 36 Bonanza,L1P,L
AB2E05,N8196R,BE55,BEECH 55 Baron,L2P,L
AB2F05,N82FF,RV10,VANS RV-10,L1P,L
AB3005,N82RM,EAGL,CHRISTEN Eagle,L1P,L
AB3805,N8218C,P28A,PIPER PA-28-140/150/160/180,L1P,L
AB3B05,N82225,PA18,PIPER PA-18 Super Cub,L1P,L
AB3C05,N823AE,E135,EMBRAER ERJ-135,L2J,M
AB3E05,N823WS,C150,CESSNA 150,L1P,L
AB4005,N824DC,GLAS,Glasair,L1P,L
AB4105,N824PJ,BE23,BEECH 23 Sundowner,L1P,L
AB4305,N8247A,BE33,BEECH 33 Bonanza,L1P,L
AB4505,N825SG,CL60,BOMBARDIER CL-600 Challenger,L2J,M
AB5305,N829HM,BE40,BEECH 400 Beechjet,L2J,M
AB5405,N829TT,ULAC,,L0-,-
AB5505,N82924,CH7A,BELLANCA 7 Champion,L1P,L
AB5605,N83AD,VELO,Velocity,L1P,L
AB5705,N83LK,MUS2,BUSHBY M-2 Mustang 2,L1P,L
AB5805,N83WR,DR1,FOKKER Dr-1,L1P,L
AB5C05,N8309Z,C210,CESSNA 201 Centurion,L1P,L
AB6305,N8326U,C150,CESSNA 150,L1P,L
AB6605,N8331L,C172,CESSNA 172 Skyhawk,L1P,L
AB6705,N8338X,C172,CESSNA 172 Skyhawk,L1P,L
AB6E05,N8355S,C182,CESSNA 182 Skylane,L1P,L
AB7405,N837TA,ASTO,TECNAM Astore,L1P,L
AB7505,N8372M,C182,CESSNA 182 Skylane,L1P,L
AB7605,N8379Y,PA30,PIPER PA-30 Twin Comanche,L2P,L
AB7F05,N84RP,RV6,VANS RV-6,L1P,L
AB8305,N8406B,,,,
AB8605,N84104,C172,CESSNA 172 Skyhawk,L1P,L
AB8705,N8418E,P28B,PIPER PA-28-201T/235/236,L1P,L
AB8A05,N84227,P28A,PIPER PA-28-140/150/160/180,L1P,L
AB9605,N8459F,P28A,PIPER PA-28-140/150/160/180,L1P,L
ABA705,N85WT,C650,CESSNA 650 Citation,L2J,M
ABAB05,N85091,CH7A,BELLANCA 7 Champion,L1P,L
ABB205,N8526W,B738,BOEING 737-800,L2J,M
ABB505,N8531N,P28B,PIPER PA-28-201T/235/236,L1P,L
ABB605,N8538Z,PA18,PIPER PA-18 Super Cub,L1P,L
ABB905,N8543R,B14A,BELLANCA 14,L1P,L
ABBA05,N855BA,S58P,SIKORSKY S-58,H1P,L
ABBD05,N8555U,C172,CESSNA 172 Skyhawk,L1P,L
ABC005,N8560L,PA25,PIPER PA-25 Pawnee,L1P,L
ABC405,N8572P,PA24,PIPER PA-24 Comanche,L1P,L
ABC505,N85790,CH7A,BELLANCA 7 Champion,L1P,L
ABC805,N8584S,C182,CESSNA 182 Skylane,L1P,L
ABD405,N861R,BE35,BEECH 35 Starfire Bonanza,L1P,L
ABD505,N86106,C337,CESSNA 337 Super Skymaster,L2P,L
ABD605,N8618G,C340,CESSNA 340 Super,L2P,L
ABDD05,N8635B,C172,CESSNA 172 Skyhawk,L1P,L
ABE105,N8647E,P28A,PIPER PA-28-140/150/160/180,L1P,L
ABE305,N865SL,SLG4,AIRPLANE FACTORY Sling 4,L1P,L
ABE805,N8664,CH7B,BELLANCA 7 Citabria,L1P,L
ABEA05,N867NA,F18H,BOEING FA-18 HORNET,L2J,M
ABEC05,N8676C,PA18,PIPER PA-18 Super Cub,L1P,L
ABF305,N86928,BL8,BELLANCA 8 Decathlon,L1P,L
ABF405,N87AH,HUSK,CHRISTEN Husky,L1P,L
ABF505,N87LP,SR22,CIRRUS SR-22,L1P,L
ABF705,N870H,B06,BELL 206 JetRanger,H1T,L
ABFA05,N87093,ERCO,AIR PRODUCTS F-1 Aircoupe,L1P,L
AC0405,N8731Q,T206,CESSNA T206 Turbo Stationair,L1P,L
AC0C05,N8755W,P28B,PIPER PA-28-201T/235/236,L1P,L
AC1305,N8772R,BE95,BEECH 95 Travel Air,L2P,L
AC1405,N87792,J3,PIPER J-3 Cub,L1P,L
AC1605,N878WC,R66,ROBINSON R-66,H1T,L
AC1705,N8784U,C150,CESSNA 150,L1P,L
AC1805,N879CP,C82T,CESSNA TR182 Turbo Skylane RG,L1P,L
AC1D05,N88RT,T6,NORTH AMERICAN T-6 Texan,L1P,L
AC2405,N88108,DW1,BELLANCA Eagle,L1P,L
AC2905,N883AL,S76,SIKORSKY S-76 Spirit,H2T,L
AC2C05,N8835D,PA22,PIPER PA-22,L1P,L
AC3005,N8847G,C150,CESSNA 150,L1P,L
AC3105,N885GG,FOX,KITFOX,L1P,L
AC3C05,N888EV,H500,HUGHES 500,H1T,L
AC3D05,N888RA,C25A,CESSNA 525A Citation CJ2,L2J,L
AC3F05,N8888H,H25C,RAYTHEON Hawker 1000,L2J,M
AC4005,N889HT,ULAC,,L0-,-
AC4305,N89AK,LNC2,LANCAIR 200-320,L1P,L
AC4405,N89LR,BE36,BEECH 36 Bonanza,L1P,L
AC4805,N8902U,BE35,BEECH 35 Starfire Bonanza,L1P,L
AC4905,N89095,GLEX,BOMBARDIER BD-700 Global 6000/6500,L2J,M
AC4A05,N891L,C208,CESSNA 208 Caravan,L1T,L
AC4C05,N8914X,C182,CESSNA 182 Skylane,L1P,L
AC4D05,N892CS,EC35,AIRBUS HELICOPTERS EC-135/635,H2T,L
AC5005,N89260,C140,CESSNA 140,L1P,L
AC5705,N8943V,C172,CESSNA 172 Skyhawk,L1P,L
AC5B05,N8955Y,PA30,PIPER PA-30 Twin Comanche,L2P,L
AC5E05,N8960Q,SS2P,ROCKWELL Thrush Commander,L1P,L
AC6305,N89794,C140,CESSNA 140,L1P,L
AC6B05,N9FP,,,,
AC6C05,N9RV,C310,CESSNA 310,L2P,L
AC7605,N90152,C140,CESSNA 140,L1P,L
AC7A05,N90275,,,,
AC7D05,N9032X,C182,CESSNA 182 Skylane,L1P,L
AC8305,N905PA,DA40,DIAMOND DA-40 Club Star,L1P,L
AC8805,N9061V,M20P,MOONEY M-20,L1P,L
AC9405,N90974,CH7B,BELLANCA 7 Citabria,L1P,L
AC9905,N9100B,C172,CESSNA 172 Skyhawk,L1P,L
AC9A05,N9107N,BALL,,B0-,-
AC9D05,N9112E,AR11,AERONCA 11 Chief,L1P,L
AC9E05,N9119R,,,,
ACA105,N9124H,C172,CESSNA 172 Skyhawk,L1P,L
ACA205,N913CC,,,,
ACA505,N9136L,CH7A,BELLANCA 7 Champion,L1P,L
ACA705,N914RG,TL20,TL ULTRALIGHT TL-2000 Sting,L1P,L
ACA805,N9141C,C180,CESSNA  180 Skywagon,L1P,L
ACA905,N9148P,PA24,PIPER PA-24 Comanche,L1P,L
ACAD05,N916AR,MUS2,BUSHBY M-2 Mustang 2,L1P,L
ACAF05,N916XC,,,,
ACB105,N917DP,GALX,GULFSTREAM G200,L2J,M
ACB305,N9170A,C170,CESSNA 170,L1P,L
ACB405,N9177M,C207,CESSNA 207 Turbo Stationair,L1P,L
ACB505,N918GM,DRON,,D0-,-
ACB605,N918ST,E55P,EMBRAER EMB-505 Phenom 300,L2J,M
ACB705,N9182D,BALL,,B0-,-
ACBB05,N9194G,T206,CESSNA T206 Turbo Stationair,L1P,L
ACBC05,N92CB,BALL,,B0-,-
ACC105,N92031,J3,PIPER J-3 Cub,L1P,L
ACC205,N921BL,PA30,PIPER PA-30 Twin Comanche,L2P,L
ACC305,N921MS,RV8,VANS RV-8,L1P,L
ACC505,N92154,J3,PIPER J-3 Cub,L1P,L
ACC905,N92277,C182,CESSNA 182 Skylane,L1P,L
ACD005,N92442,J3,PIPER J-3 Cub,L1P,L
ACD205,N925PC,SR22,CIRRUS SR-22,L1P,L
ACD905,N927JT,BE9L,BEECH 90 King Air,L2T,L
ACDC05,N928BK,GLF2,GULFSTREAM 2,L2J,M
ACDF05,N92853,T206,CESSNA T206 Turbo Stationair,L1P,L
ACE005,N929EH,RV10,VANS RV-10,L1P,L
ACE405,N93HF,C172,CESSNA 172 Skyhawk,L1P,L
ACE505,N93TM,VEZE,RUTAN VariEze,L1P,L
ACE605,N930DS,BE30,BEECH 300 Super King Air,L2T,L
ACEC05,N9312G,C182,CESSNA 182 Skylane,L1P,L
ACF005,N9324K,P28A,PIPER PA-28-140/150/160/180,L1P,L
ACFC05,N936AT,B712,BOEING 717-200,L2J,M
ACFF05,N9365L,,,,
AD0005,N937DR,C72R,CESSNA 172R Cutlass RG,L1P,L
AD0205,N9370C,C180,CESSNA  180 Skywagon,L1P,L
AD0305,N9377P,PA18,PIPER PA-18 Super Cub,L1P,L
AD0605,N9382F,PARA,,P0-,-
AD0805,N939KM,GLF2,GULFSTREAM 2,L2J,M
AD0A05,N9394J,P28A,PIPER PA-28-140/150/160/180,L1P,L
AD0B05,N94CD,BE9L,BEECH 90 King Air,L2T,L
AD1305,N941Y,M20P,MOONEY M-20,L1P,L
AD1705,N9420Y,BE95,BEECH 95 Travel Air,L2P,L
AD1805,N94279,,,,
AD1E05,N944WN,B737,BOEING 737-700,L2J,M
AD1F05,N94444,T6,NORTH AMERICAN T-6 Texan,L1P,L
AD2605,N9461Z,T206,CESSNA T206 Turbo Stationair,L1P,L
AD2A05,N94732,ERCO,AIR PRODUCTS F-1 Aircoupe,L1P,L
AD2C05,N948MT,PA31,PIPER PA-31-300/310/325/350/425,L2P,L
AD2E05,N94855,ERCO,AIR PRODUCTS F-1 Aircoupe,L1P,L
AD3105,N9490X,C82R,CESSNA R182 Skylane RG,L1P,L
AD3205,N94978,TAYB,TAYLORCRAFT BC/BF/BL,L1P,L
AD3305,N95HH,RENE,Renegade,L1P,L
AD3405,N95TP,PA18,PIPER PA-18 Super Cub,L1P,L
AD3605,N950Q,BE35,BEECH 35 Starfire Bonanza,L1P,L
AD3705,N9500F,BE30,BEECH 300 Super King Air,L2T,L
AD3805,N9507S,CH7A,BELLANCA 7 Champion,L1P,L
AD3B05,N9512J,P28A,PIPER PA-28-140/150/160/180,L1P,L
AD3C05,N9519V,M10,MOONEY M-10 Cadet,L1P,L
AD4105,N953NN,B738,BOEING 737-800,L2J,M
AD4405,N954FE,C208,CESSNA 208 Caravan,L1T,L
AD4605,N9541G,C188,CESSNA 188 AgTruck,L1P,L
AD4A05,N9553K,S108,STINSON 108 Voyager,L1P,L
AD4B05,N956AV,A320,AIRBUS A-320,L2J,M
AD4C05,N956MA,M20P,MOONEY M-20,L1P,L
AD4F05,N957DT,CL30,BOMBARDIER BD-100 Challenger 300,L2J,M
AD5205,N9577R,BE35,BEECH 35 Starfire Bonanza,L1P,L
AD5505,N9582H,C172,CESSNA 172 Skyhawk,L1P,L
AD5F05,N96035,TAYB,TAYLORCRAFT BC/BF/BL,L1P,L
AD6805,N963HL,C208,CESSNA 208 Caravan,L1T,L
AD6A05,N96323,TAYB,TAYLORCRAFT BC/BF/BL,L1P,L
AD6B05,N964AC,C206,CESSNA  206 Stationair,L1P,L
AD6C05,N964LJ,P32R,PIPER PA-32R-300/301/301T,L1P,L
AD6F05,N965DA,DV20,DIAMOND DA-20,L1P,L
AD7505,N96611,TAYB,TAYLORCRAFT BC/BF/BL,L1P,L
AD7605,N9669B,,,,
AD7905,N96734,T210,CESSNA T210 Turbo Centurion,L1P,L
AD8305,N97TR,T6,NORTH AMERICAN T-6 Texan,L1P,L
AD8605,N9700H,C172,CESSNA 172 Skyhawk,L1P,L
AD8905,N971T,BE35,BEECH 35 Starfire Bonanza,L1P,L
AD8E05,N9724P,PA18,PIPER PA-18 Super Cub,L1P,L
AD9505,N9741J,P28A,PIPER PA-28-140/150/160/180,L1P,L
ADA005,N9770G,C182,CESSNA 182 Skylane,L1P,L
ADA905,N98CH,C25C,CESSNA 525C Citation CJ4,L2J,M
ADAE05,N98037,P28A,PIPER PA-28-140/150/160/180,L1P,L
ADB205,N9816,G164,GRUMMAN G-164 Ag-Cat,L1P,L
ADB505,N98202,J3,PIPER J-3 Cub,L1P,L
ADC105,N9857A,C195,CESSNA 195,L1P,L
ADC405,N98613,C340,CESSNA 340 Super,L2P,L
ADC505,N9869D,PA18,PIPER PA-18 Super Cub,L1P,L
ADCF05,N98901,PA12,PIPER PA-12 Super Cruiser,L1P,L
ADD205,N99TT,M20P,MOONEY M-20,L1P,L
ADD505,N9900K,P28A,PIPER PA-28-140/150/160/180,L1P,L
ADD905,N9912N,C180,CESSNA  180 Skywagon,L1P,L
ADDD05,N9924R,T206,CESSNA T206 Turbo Stationair,L1P,L
ADE105,N9936U,AA5,AMERICAN AA-5 Tiger,L1P,L
ADE405,N9941L,AA1,AMERICAN AA-1,L1P,L
ADE605,N995JG,DHC2,DE HAVILLAND DHC-2 Beaver,L1P,L
ADEE05,N997QC,G164,GRUMMAN G-164 Ag-Cat,L1P,L
ADF005,N9977V,C172,CESSNA 172 Skyhawk,L1P,L
ADF505,N999KT,BE58,BEECH 58 Baron,L2P,L
ADFD05,95-0057,BE40,BEECH 400 Beechjet,L2J,M
ADFF05,95-3003,TEX2,BEECHCRAFT T-6 Texan 2,L1T,L
AE0105,68-8165,T38,NORTHROP T-38 Talon,L2J,L
AE0405,97-01944,GLF5,GULFSTREAM 5,L2J,M
AE0505,60-0366,K35R,BOEING KC-135R/T Stratotanker,L4J,H
AE0605,80-0326,C130,LOCKHEED C-130 Hercules,L4T,M
AE0805,99-0059,C17,BOEING C-17 Globemaster 3,L4J,H
AE0A05,84-24014,H60,SIKORSKY UH-60 Black Hawk,H2T,M
AE0B05,90-26250,H60,SIKORSKY UH-60 Black Hawk,H2T,M
AE0C05,92-26430,H60,SIKORSKY UH-60 Black Hawk,H2T,M
AE1105,01-3617,TEX2,BEECHCRAFT T-6 Texan 2,L1T,L
AE1205,89-00274,BE20,BEECH 200 Super King Air,L2T,M
AE1405,05-3782,TEX2,BEECHCRAFT T-6 Texan 2,L1T,L
AE1805,05-20015,H60,SIKORSKY UH-60 Black Hawk,H2T,M
AE1905,79-0105,A10,FAIRCHILD A-10 Thunderbolt II,L2J,M
AE1A05,81-0962,A10,FAIRCHILD A-10 Thunderbolt II,L2J,M
AE2005,12-72246,EC45,AIRBUS HELICOPTERS EC-145,H2T,L
AE2905,6021,H60,SIKORSKY UH-60 Black Hawk,H2T,M
AE5305,10-08856,H47,BOEING-VERTOL CH-47 Chinook,H2T,M
AE5405,08-0049,V22,BELL-BOEING V-22 Osprey,R2T,M
AE5A05,16-08470,H47,BOEING-VERTOL CH-47 Chinook,H2T,M
AE5E05,17-46024,B762,BOEING 767-200,L2J,H
AE5F05,164525,DHC2,DE HAVILLAND DHC-2 Beaver,L1P,L
AE6005,17-20918,H60,SIKORSKY UH-60 Black Hawk,H2T,M
AE6205,15-5893,C30J,LOCKHEED MARTIN C-130J Super Hercules,L4T,M
AE6405,63-8215,T38,NORTHROP T-38 Talon,L2J,L
AE6605,18-03243,H64,MCDONNELL DOUGLAS AH-64 Apache,H2T,M
C00005,C-FAAE,PA31,PIPER PA-31-300/310/325/350/425,L2P,L
C00105,C-FAKA,AN2,ANTONOV An-2,L1P,L
C00205,C-FATW,DHC6,DE HAVILLAND DHC-6 Twin Otter,L2T,L
C00305,C-FBDS,FA50,DASSAULT Falcon 50,L3J,M
C00605,C-FCHG,ULAC,,L0-,-
C00705,C-FCRC,F28,FOKKER F-28,L2J,M
C00A05,C-FDUQ,PA25,PIPER PA-25 Pawnee,L1P,L
C00B05,C-FEEM,RV8,VANS RV-8,L1P,L
C00C05,C-FEOI,L8,LUSCOMBE 8,L1P,L
C00D05,C-FEYE,C340,CESSNA 340 Super,L2P,L
C00E05,C-FFIA,JS31,BRITISH AEROSPACE Jetstream T.Mk.3,L2T,M
C00F05,C-FFRW,C177,CESSNA  177 Cardinal,L1P,L
C01005,C-FGBS,C185,CESSNA 185 Skywagon,L1P,L
C01105,C-FGLO,B14A,BELLANCA 14,L1P,L
C01305,C-FHFG,CNUK,FLEET 80 Canuck,L1P,L
C01505,C-FHYY,C172,CESSNA 172 Skyhawk,L1P,L
C01605,C-FIIU,C172,CESSNA 172 Skyhawk,L1P,L
C01805,C-FJCM,PA18,PIPER PA-18 Super Cub,L1P,L
C01905,C-FJMI,,,,
C01A05,C-FJWE,DH8D,DE HAVILLAND DHC-8-400 Dash 8,L2T,M
C01D05,C-FKZS,,,,
C01E05,C-FLJO,L188,LOCKHEED L-188 Electra,L4T,M
C01F05,C-FLTK,C172,CESSNA 172 Skyhawk,L1P,L
C02005,C-FMDG,,,,
C02305,C-FNGU,PA38,PIPER PA-38 Tomahawk,L1P,L
C02505,C-FOAM,PELI,FLYER Pelican,L1P,L
C02705,C-FOUE,C172,CESSNA 172 Skyhawk,L1P,L
C02805,C-FPEA,PA18,PIPER PA-18 Super Cub,L1P,L
C02905,C-FPNW,C172,CESSNA 172 Skyhawk,L1P,L
C02B05,C-FQHO,BE23,BEECH 23 Sundowner,L1P,L
C02C05,C-FQRK,CAMP,GREGA GN-1 Aircamper,L1P,L
C02E05,C-FRLC,D11,JODEL D-11x/12x,L1P,L
C02F05,C-FRUY,DHC2,DE HAVILLAND DHC-2 Beaver,L1P,L
C03005,C-FSEU,PA20,PIPER PA-20 Pacer,L1P,L
C03105,C-FSOQ,FBA2,FOUND FB-2 Bush Hawk,L1P,L
C03205,C-FSYM,COY2,RANS Coyote 2,L1P,L
C03305,C-FTII,,,,
C03405,C-FTSE,,,,
C03805,C-FVFO,BE35,BEECH 35 Starfire Bonanza,L1P,L
C03905,C-FVPK,PC12,PILATUS PC-12,L1T,L
C03B05,C-FWJC,C180,CESSNA  180 Skywagon,L1P,L
C03C05,C-FWSY,B737,BOEING 737-700,L2J,M
C03D05,C-FXCU,,,,
C03E05,C-FXMQ,S108,STINSON 108 Voyager,L1P,L
C03F05,C-FXWM,C150,CESSNA 150,L1P,L
C04005,C-FYGI,RV6,VANS RV-6,L1P,L
C04105,C-FYQE,CH7A,BELLANCA 7 Champion,L1P,L
C04205,C-FZAA,S76,SIKORSKY S-76 Spirit,H2T,L
C04405,C-FZTS,CH70,ZENAIR CH-701 Stol,L1P,L
C04605,C-GANK,DH8A,DE HAVILLAND DHC-8-100 Dash 8,L2T,M
C04705,C-GAXG,GLID,,L0-,-
C04805,C-GBHC,PA34,PIPER PA-34 Seneca,L2P,L
C04B05,C-GCKQ,B412,BELL 412,H2T,L
C04C05,C-GCUM,GLID,,L0-,-
C04D05,C-GDEI,SE5R,REPLICA PLANS SE-5A Replica,L1P,L
C04E05,C-GDOE,R44,ROBINSON R-44 Raven,H1P,L
C04F05,C-GDYA,AT3T,AIR TRACTOR AT-302/402,L1T,L
C05005,C-GEHW,TAYA,TAYLORCRAFT A,L1P,L
C05105,C-GERS,GL5T,BOMBARDIER BD-700 Global 5000/5500,L2J,M
C05205,C-GFBO,GLID,,L0-,-
C05305,C-GFLK,SA10,STOLP SA-100 Starduster,L1P,L
C05405,C-GFVG,BE60,BEECH 60 Duke,L2P,L
C05505,C-GGFC,C172,CESSNA 172 Skyhawk,L1P,L
C05605,C-GGOY,DH8D,DE HAVILLAND DHC-8-400 Dash 8,L2T,M
C05705,C-GGYU,C150,CESSNA 150,L1P,L
C05A05,C-GICI,C172,CESSNA 172 Skyhawk,L1P,L
C05B05,C-GIME,RV7,VANS RV-7,L1P,L
C05C05,C-GIWA,C195,CESSNA 195,L1P,L
C05D05,C-GJFW,AT5T,AIR TRACTOR AT-504,L1T,L
C05E05,C-GJPS,M5,MAULE M-5,L1P,L
C05F05,C-GJZO,T206,CESSNA T206 Turbo Stationair,L1P,L
C06105,C-GKTG,PA22,PIPER PA-22,L1P,L
C06205,C-GLDC,C182,CESSNA 182 Skylane,L1P,L
C06305,C-GLMY,BE77,BEECH 77 Skipper,L1P,L
C06405,C-GLWU,C310,CESSNA 310,L2P,L
C06505,C-GMGQ,AT5T,AIR TRACTOR AT-504,L1T,L
C06605,C-GMQM,AS50,AEROSPATIALE AS-350 Ecureuil,H1T,L
C06705,C-GNAI,AS50,AEROSPATIALE AS-350 Ecureuil,H1T,L
C06A05,C-GODW,,,,
C06B05,C-GONS,C152,CESSNA 152,L1P,L
C06C05,C-GOXO,,,,
C06D05,C-GPHK,PA44,PIPER PA-44 Seminole,L2P,L
C06E05,C-GPRG,BALL,,B0-,-
C06F05,C-GQBC,CL2T,CANADAIR CL-415 SuperScooper,A2T,M
C07205,C-GREQ,C680,CESSNA 680 Citation Sovereign,L2J,M
C07305,C-GROM,AA5,AMERICAN AA-5 Tiger,L1P,L
C07505,C-GSIE,M20P,MOONEY M-20,L1P,L
C07705,C-GTBW,TB20,SOCATA TB-20 Trinidad,L1P,L
C07805,C-GTLS,BE10,BEECH 100 King Air,L2T,L
C07905,C-GTVO,B732,BOEING 737-200,L2J,M
C07A05,C-GUFK,BALL,,B0-,-
C07B05,C-GUPG,BCS3,AIRBUS A220-300,L2J,M
C07C05,C-GUZC,C172,CESSNA 172 Skyhawk,L1P,L
C07D05,C-GVIY,,,,
C07F05,C-GWCQ,B736,BOEING 737-600,L2J,M
C08005,C-GWMM,C172,CESSNA 172 Skyhawk,L1P,L
C08105,C-GWWI,,,,
C08205,C-GXGE,CH70,ZENAIR CH-701 Stol,L1P,L
C08305,C-GXQA,BT36,BEECH B36TC Bonanza,L1P,L
C08405,C-GXZW,AS50,AEROSPATIALE AS-350 Ecureuil,H1T,L
C08505,C-GYJS,C188,CESSNA 188 AgTruck,L1P,L
C08605,C-GYTO,AJET,DASSAULT-DORNIER Alpha Jet,L2J,M
C08805,C-GZNG,PA32,PIPER PA-32,L1P,L
C08905,C-GZXC,GLID,,L0-,-
C08E05,C-IBUI,ULAC,,L0-,-
C09105,C-ICXW,ULAC,,L0-,-
C09205,C-IDHS,,,,
C09305,C-IDRO,ULAC,,L0-,-
C09505,C-IELG,ULAC,,L0-,-
C09D05,C-IHMA,PARA,,P0-,-
C09E05,C-IHVW,BISC,BOT AIRCRAFT SC-07 Speed Cruiser,L1P,L
C09F05,C-IIFS,,,,
C0A005,C-IIPO,HIGH,JUST JA20 Highlander,L1P,L
C0A505,C-IKMU,ULAC,,L0-,-
C0A605,C-IKWQ,PARA,,P0-,-
C0A705,C-ILGM,ULAC,,L0-,-
C0A805,C-ILQI,SREY,PROGRESSIVE AERODYNE SeaRey,A1P,L
C0A905,C-IMAE,,,,
C0B105,C-IPAY,BISC,BOT AIRCRAFT SC-07 Speed Cruiser,L1P,L
C0B805,C-IRRW,TNDR,DREAM Tundra,L1P,L
C0BA05,C-ISLO,,,,
C1E405,SERV,SERV,,V0-,-
C1E505,SERV,SERV,,V0-,-
C1EA05,SERV,SERV,,V0-,-
C2BD05,295509,C295,CASA C-295 Persuader,L2T,M
C80305,ZK-DKW,AA5,AMERICAN AA-5 Tiger,L1P,L
C80605,ZK-FLB,C152,CESSNA 152,L1P,L
C80A05,ZK-DLM,AA1,AMERICAN AA-1,L1P,L
C81505,ZK-GCK,VENT,SCHEMPP-HIRTH Ventus,L1P,L
C81705,ZK-JPG,F8L,AEROMERE F-8L Falco,L1P,L
C81905,ZK-PCB,PNR2,ALPI Pioneer 200,L1P,L
C81A05,ZK-ZAK,CH60,ZENAIR CH-600 Zodiac,L1P,L
C81B05,ZK-IWB,R44,ROBINSON R-44 Raven,H1P,L
C81C05,ZK-XRE,AA5,AMERICAN AA-5 Tiger,L1P,L
C81E05,ZK-OKP,B77W,BOEING 777-300ER,L2J,H
C82105,ZK-HGV,AS50,AEROSPATIALE AS-350 Ecureuil,H1T,L
C82205,ZK-HKV,EC30,AIRBUS HELICOPTERS EC-130,H1T,L
C82505,ZK-KHW,C182,CESSNA 182 Skylane,L1P,L
C82805,ZK-NGB,NG5,BRM AERO NG-5/6 Bristell,L1P,L
C82905,ZK-RMA,RV10,VANS RV-10,L1P,L
C87F05,NZ7004,C130,LOCKHEED C-130 Hercules,L4T,M
E01505,LV-ATE,C152,CESSNA 152,L1P,L
E03505,LV-CTE,H25B,HAWKER BEECHCRAFT Hawker 750/850,L2J,M
E07505,LV-GTE,C150,CESSNA 150,L1P,L
E08105,LV-HDE,PA27,PIPER PA-23-250 Aztec,L2P,L
E0C305,LV-LLE,C150,CESSNA 150,L1P,L
E0F205,LV-OHE,C206,CESSNA  206 Stationair,L1P,L
E47E05,PT-FNP,C525,CESSNA 525 CitationJet,L2J,L
E47F05,PT-LHC,C650,CESSNA 650 Citation,L2J,M
E48505,PP-ALS,EC55,AIRBUS HELICOPTERS EC-155,H2T,L
E48605,PR-BAK,BE20,BEECH 200 Super King Air,L2T,M
E48A05,PR-ASM,BE58,BEECH 58 Baron,L2P,L
E48B05,PR-BGI,S76,SIKORSKY S-76 Spirit,H2T,L
E48C05,PR-GUT,B738,BOEING 737-800,L2J,M
E48E05,PR-AXP,E195,EMBRAER ERJ-190-200,L2J,M
E48F05,PR-JUR,PC12,PILATUS PC-12,L1T,L
E49205,PP-JXX,TBM9,SOCATA TBM-900/910/930/940,L1T,L
E49305,PT-FJR,BE9L,BEECH 90 King Air,L2T,L
E49405,PR-XMB,B38M,BOEING 737 MAX 8,L2J,M
E49505,PR-GFT,GLF4,GULFSTREAM 4,L2J,M
E49605,PS-MKT,EC45,AIRBUS HELICOPTERS EC-145,H2T,L
E80205,CC-BFX,A320,AIRBUS A-320,L2J,M
E80605,CC-AWF,A320,AIRBUS A-320,L2J,M
E88005,ZP-BLO,C206,CESSNA  206 Stationair,L1P,L
E88105,ZP-GAM,C25C,CESSNA 525C Citation CJ4,L2J,M
E90D05,CX-MPA,BE58,BEECH 58 Baron,L2P,L
E90E05,CX-BRI,BE58,BEECH 58 Baron,L2P,L
E90F05,34,B212,BELL 212,H2T,L
E94C05,CP-3077,B733,BOEING 737-300,L2J,M
