00600B,C9-AUM,DH8D,DE HAVILLAND DHC-8-400 Dash 8,L2T,M
00820B,ZS-ATM,PC12,PILATUS PC-12,L1T,L
00900B,ZS-GBI,GLID,,L0-,-
00950B,ZS-HYO,R66,ROBINSON R-66,H1T,L
00980B,ZS-JCC,F900,DASSAULT Falcon 900,L3J,M
009C0B,ZS-KPM,C510,CESSNA 510 Citation Mustang,L2J,L
00B60B,ZS-ULM,C208,CESSNA 208 Caravan,L1T,L
01010B,SU-GDC,B738,BOEING 737-800,L2J,M
01020B,SU-GFQ,A20N,AIRBUS A-320neo,L2J,M
04020B,ET-AYU,B738,BOEING 737-800,L2J,M
04C20B,5Y-FDM,C56X,CESSNA 560XL Citation XLS,L2J,M
06A10B,A7-ALW,A359,AIRBUS A-350-900,L2J,H
06A30B,A7-BFX,B77L,BOEING 777-200LR,L2J,H
06E00B,9XR-WJ,B737,BOEING 737-700,L2J,M
0A400B,7T-VPG,GLF5,GULFSTREAM 5,L2J,M
0BA00B,HR-AYJ,AT76,ATR-72-600,L2T,M
0C200B,HP-1377CMP,B737,BOEING 737-700,L2J,M
0D020B,XA-HHH,H25B,HAWKER BEECHCRAFT Hawker 750/850,L2J,M
0D040B,XA-UJA,EC45,AIRBUS HELICOPTERS EC-145,H2T,L
0D070B,XA-WOW,GLF5,GULFSTREAM 5,L2J,M
0D080B,XA-ICY,CL60,BOMBARDIER CL-600 Challenger,L2J,M
0D0B0B,XA-SOL,CL60,BOMBARDIER CL-600 Challenger,L2J,M
0D0C0B,XB-MWT,C414,CESSNA 414 Chancellor,L2P,L
0D0D0B,XA-VFV,E545,EMBRAER EMB545 Praetor 500,L2J,M
0D0E0B,XA-UPZ,E55P,EMBRAER EMB-505 Phenom 300,L2J,M
0D830B,YV3381,BE40,BEECH 400 Beechjet,L2J,M
14F10B,RA-61707,A148,ANTONOV An-148,L2J,M
14FC0B,RA-64523,T204,TUPOLEV Tu-204/214/224/234,L2J,M
15080B,RA-67595,C421,CESSNA 421 Executive Commuter,L2P,L
151D0B,RF-90317,,,,
151E0B,RA-73227,B738,BOEING 737-800,L2J,M
15200B,RA-73739,A320,AIRBUS A-320,L2J,M
15520B,RA-86539,IL62,ILYUSHIN Il-62,L4J,H
155C0B,RA-89099,SU95,SUKHOI Superjet 100-95,L2J,M
30040B,I-PTFR,A139,AGUSTA AW-139,H2T,L
30060B,I-MESS,ME08,MESSERSCHMITT Bf-108 Taifun,L1P,L
30070B,I-LHCA,A169,AGUSTA AW-169,H2T,L
32000B,MM81749,A139,AGUSTA AW-139,H2T,L
33FD0B,MM81618,NH90,NHI NH-90,H2T,M
33FE0B,MM62156,D228,DORNIER 228,L2T,L
34210B,EC-JBA,A346,AIRBUS A-340-600,L4J,H
34340B,EC-DKX,BU31,BUCKER Bu-131 Jungmann,L1P,L
34430B,EC-GJ6,ECHO,TECNAM P-92 Echo,L1P,L
34440B,EC-LVV,A320,AIRBUS A-320,L2J,M
34520B,EC-MLB,A332,AIRBUS A-330-200,L2J,H
34530B,EC-MNT,EC45,AIRBUS HELICOPTERS EC-145,H2T,L
34540B,GND,GND,,V0-,-
34550B,EC-IIK,P28A,PIPER PA-28-140/150/160/180,L1P,L
34560B,EC-ESO,C152,CESSNA 152,L1P,L
34610B,EC-MZJ,AT75,ATR-72-500,L2T,M
34620B,EC-NFI,A20N,AIRBUS A-320neo,L2J,M
34650B,EC-NKB,S22T,CIRRUS SR-22T Turbo,L1P,L
34660B,EC-NTI,A20N,AIRBUS A-320neo,L2J,M
38160B,F-BFQL,J3,PIPER J-3 Cub,L1P,L
38200B,F-BIAL,BE50,BEECH 50 Excalibur,L2P,L
38350B,F-BNIL,D140,JODEL D-140 Mousquetaire,L1P,L
38360B,F-BNQL,GY80,DAHER-SOCATA GY-80 Horizon,L1P,L
383E0B,F-BPQL,RALL,SOCATA Rallye,L1P,L
39080B,F-GCAL,DR40,ROBIN DR-400,L1P,L
39090B,F-GCIL,DR40,ROBIN DR-400,L1P,L
390B0B,F-GCYL,C172,CESSNA 172 Skyhawk,L1P,L
391A0B,F-GGQL,DR40,ROBIN DR-400,L1P,L
391B0B,F-GGYL,CP10,CAP AVIATION CAP-10,L1P,L
39210B,F-GIIL,C172,CESSNA 172 Skyhawk,L1P,L
39230B,F-GIYL,P28A,PIPER PA-28-140/150/160/180,L1P,L
39270B,F-GJYL,PTS2,PITTS S-2 Special,L1P,L
392B0B,F-GKYL,P28U,PIPER PA-28RT-201T Turbo,L1P,L
392C0B,F-GLAL,TAMP,SOCATA TB-9 Tampico,L1P,L
39300B,F-GMAL,R44,ROBINSON R-44 Raven,H1P,L
39320B,F-GMQL,TB20,SOCATA TB-20 Trinidad,L1P,L
39340B,F-GNAL,P32R,PIPER PA-32R-300/301/301T,L1P,L
39450B,F-GRIL,G2CA,GUIMBAL G-2 Cabri,H1P,L
39470B,F-GRYL,B190,BEECH 1900,L2T,M
394A0B,F-GSQL,B77W,BOEING 777-300ER,L2J,H
394B0B,F-GSYL,BALL,,B0-,-
39640B,F-GZAL,DR40,ROBIN DR-400,L1P,L
39850B,F-HBIL,A332,AIRBUS A-330-200,L2J,H
39870B,F-HBYL,WT9,AEROSPOOL WT-9 Dynamic,L1P,L
39880B,F-HCAL,R44,ROBINSON R-44 Raven,H1P,L
398C0B,F-HDAL,DA40,DIAMOND DA-40 Club Star,L1P,L
39940B,F-HFAL,R44,ROBINSON R-44 Raven,H1P,L
39980B,F-HGAL,G2CA,GUIMBAL G-2 Cabri,H1P,L
39A40B,F-HJAL,EC30,AIRBUS HELICOPTERS EC-130,H1T,L
39A90B,F-HKIL,C510,CESSNA 510 Citation Mustang,L2J,L
39AB0B,F-HKYL,TB30,SOCATA TB-30 Epsilon,L1P,L
39B10B,F-HMIL,A35K,AIRBUS A-350-1000,L2J,H
39B30B,F-HMYL,AS50,AEROSPATIALE AS-350 Ecureuil,H1T,L
39BC0B,F-HPAL,SR22,CIRRUS SR-22,L1P,L
39BD0B,F-HPIL,PC12,PILATUS PC-12,L1T,L
39C40B,F-HRAL,CP23,MURDY CAP-230/1/2,L1P,L
39C80B,F-HSAL,TBM9,SOCATA TBM-900/910/930/940,L1T,L
39CD0B,F-HTIL,P68,PARTENAVIA P-68 Observer,L2P,L
39CF0B,F-HTYL,A359,AIRBUS A-350-900,L2J,H
39D00B,F-HUAL,P28R,PIPER PA-28R-180/200/201,L1P,L
39D30B,F-HUYL,B738,BOEING 737-800,L2J,M
39D40B,F-HVAL,M20P,MOONEY M-20,L1P,L
39DC0B,F-HXAL,E300,EXTRA EA-300/330/350,L1P,L
39E00B,F-HYAL,DR40,ROBIN DR-400,L1P,L
3AAB0B,F-MGEC,GAZL,AEROSPATIALE SA-341 Gazelle,H1T,L
3AAC0B,F-MJBJ,EC45,AIRBUS HELICOPTERS EC-145,H2T,L
3C120B,D-AVVQ,A20N,AIRBUS A-320neo,L2J,M
3C650B,D-AIHK,A346,AIRBUS A-340-600,L4J,H
3C660B,D-AIPK,A320,AIRBUS A-320,L2J,M
3C670B,D-AIXK,A359,AIRBUS A-350-900,L2J,H
3CC00B,D-CAAL,D228,DORNIER 228,L2T,L
3CD50B,D-CHZF,C55B,CESSNA 550B Citation Bravo,L2J,L
3D090B,D-EBRF,P28R,PIPER PA-28R-180/200/201,L1P,L
3D0A0B,D-ECBB,M20T,MOONEY M-20T,L1P,L
3D0E0B,D-EDOL,D11,JODEL D-11x/12x,L1P,L
3D0F0B,D-EDYH,PA12,PIPER PA-12 Super Cruiser,L1P,L
3D130B,D-EFLR,C177,CESSNA  177 Cardinal,L1P,L
3D160B,D-EGPF,C150,CESSNA 150,L1P,L
3D170B,D-EGZB,C172,CESSNA 172 Skyhawk,L1P,L
3D180B,D-EHIX,C182,CESSNA 182 Skylane,L1P,L
3D190B,D-EHST,C210,CESSNA 201 Centurion,L1P,L
3D1B0B,D-EIML,C172,CESSNA 172 Skyhawk,L1P,L
3D1D0B,D-EJGD,M20T,MOONEY M-20T,L1P,L
3D230B,D-ELNF,C172,CESSNA 172 Skyhawk,L1P,L
3D250B,D-EMGX,G3,REMOS Mirage,L1P,L
3D280B,D-ENKL,COL4,CESSNA 400 Corvalis TT,L1P,L
3D2E0B,D-EPRN,I16,POLIKARPOV I-16,L1P,L
3D320B,D-EREX,CH7B,BELLANCA 7 Citabria,L1P,L
3D330B,D-EROT,FA24,FAIRCHILD F-24 Argus,L1P,L
3D390B,D-ETVV,RALL,SOCATA Rallye,L1P,L
3D3A0B,D-EUFR,BT36,BEECH B36TC Bonanza,L1P,L
3D400B,D-EWMT,Z42,ZLIN Z-42/142/242,L1P,L
3D410B,D-EWWP,SR22,CIRRUS SR-22,L1P,L
3D900B,D-GAUL,PA34,PIPER PA-34 Seneca,L2P,L
3D9F0B,D-GGMD,MC10,COLOMBAN Cricri,L2P,L
3DB30B,D-GOBB,PA34,PIPER PA-34 Seneca,L2P,L
3DD80B,D-HCBJ,EC35,AIRBUS HELICOPTERS EC-135/635,H2T,L
3DE00B,D-HFCD,R22,ROBINSON R-22 Mariner,H1P,L
3E000B,D-HRFF,R44,ROBINSON R-44 Raven,H1P,L
3E010B,D-HRPB,EC35,AIRBUS HELICOPTERS EC-135/635,H2T,L
3E060B,D-HTMH,EC35,AIRBUS HELICOPTERS EC-135/635,H2T,L
3E120B,D-HYAL,EC45,AIRBUS HELICOPTERS EC-145,H2T,L
3E5C0B,D-KABB,,,,
3E6B0B,D-KFST,RF4,FOURNIER RF-4,L1P,L
3E6C0B,D-KGCP,S10S,STEMME S-10 Chrysalis,L1P,L
3E6E0B,D-KGWH,GLID,,L0-,-
3E7A0B,D-KLKL,AS25,SCHLEICHER ASH-25,L1P,L
3E7C0B,D-KMED,G109,GROB G-109,L1P,L
3EC10B,D-KOBJ,SF25,SCHEIBE SF-25 Falke,L1P,L
3EC20B,D-KOLF,GLID,,L0-,-
3ED00B,D-KBJM,GLID,,L0-,-
3ED20B,D-KUMT,GLID,,L0-,-
3ED60B,D-3395,GLID,,L0-,-
3EDC0B,D-KYHF,NIMB,SCHEMPP-HIRTH Nimbus,L1P,L
3EE10B,D-0116,GLID,,L0-,-
3EE30B,D-0628,GLID,,L0-,-
3EE50B,D-1140,GLID,,L0-,-
3EE70B,D-1652,GLID,,L0-,-
3EE80B,D-1908,DISC,SCHEMPP-HIRTH Discus,L1P,L
3F2C0B,D-OCOX,BALL,,B0-,-
3FD70B,D-OSWH,BALL,,B0-,-
3FEA0B,D-MYBB,C42,IKARUS C-42 Bison,L1P,L
3FEB0B,D-MDTK,CORO,CORVUS Corone,L1P,L
3FED0B,D-MADK,BREZ,AEROSTYLE Breezer,L1P,L
3FEE0B,D-MKAM,FDCT,FLIGHT DESIGN CT,L1P,L
3FF00B,D-MAIO,C42,IKARUS C-42 Bison,L1P,L
3FF10B,D-MOOX,ULAC,,L0-,-
3FF20B,D-MIFS,EFOX,AEROPRO Eurofox,L1P,L
3FF30B,D-MBHP,GYRO,,G0-,-
3FF40B,D-MMCK,C42,IKARUS C-42 Bison,L1P,L
3FF60B,D-MWEC,C42,IKARUS C-42 Bison,L1P,L
3FFA0B,D-MKDY,WT9,AEROSPOOL WT-9 Dynamic,L1P,L
400B0B,G-APUE,L40,ORLICAN L-40 Meta Sokol,L1P,L
400C0B,G-BJVH,C182,CESSNA 182 Skylane,L1P,L
400E0B,G-PGGY,R44,ROBINSON R-44 Raven,H1P,L
400F0B,G-ECLC,A346,AIRBUS A-340-600,L4J,H
40110B,G-BLPF,C172,CESSNA 172 Skyhawk,L1P,L
40120B,G-ORHE,C500,CESSNA 500 Citation 1,L2J,L
40140B,G-AHSD,PLUS,TAYLORCRAFT Plus,L1P,L
40150B,G-APZJ,PA18,PIPER PA-18 Super Cub,L1P,L
40180B,G-AXGE,RALL,SOCATA Rallye,L1P,L
40190B,G-AYXU,CH7B,BELLANCA 7 Citabria,L1P,L
401A0B,G-BAMB,GLID,,L0-,-
401B0B,G-BBRC,SUBA,FUJI FA-200 Aero Subaru,L1P,L
401C0B,G-BDOL,J3,PIPER J-3 Cub,L1P,L
401E0B,G-OCTI,PA32,PIPER PA-32,L1P,L
40200B,G-BKBD,BALL,,B0-,-
40210B,G-BLRL,CP30,PIEL Emeraude,L1P,L
40220B,G-JFWI,C172,CESSNA 172 Skyhawk,L1P,L
40230B,G-SPIT,SPIT,SUPERMARINE Spitfire,L1P,L
40250B,G-BKTZ,RF6,FOURNIER RF-6,L1P,L
40260B,G-AKUN,J3,PIPER J-3 Cub,L1P,L
40290B,G-BNNT,P28A,PIPER PA-28-140/150/160/180,L1P,L
402B0B,G-BOMU,P28A,PIPER PA-28-140/150/160/180,L1P,L
402D0B,G-MVKU,ULAC,,L0-,-
402F0B,G-MVNA,PARA,,P0-,-
40310B,G-BSCY,P28A,PIPER PA-28-140/150/160/180,L1P,L
40340B,G-BTJO,BALL,,B0-,-
403C0B,G-PASH,AS55,AEROSPATIALE AS-355 Ecureuil 2,H2T,L
40410B,G-CSDJ,JABI,Jabiru J120,L1P,L
40430B,G-BZBW,EXEC,ROTORWAY Exec,H1P,L
40480B,G-CBVH,BALL,,B0-,-
40490B,G-CCCJ,HN70,NICOLLIER Menestrel 2,L1P,L
404A0B,G-CCJV,AP22,AEROPRACT A-22,L1P,L
404B0B,G-CCSH,ULAC,,L0-,-
404D0B,G-ORCA,RV4,VANS RV-4,L1P,L
404E0B,G-CKLG,GLID,,L0-,-
404F0B,G-CKHC,GLID,,L0-,-
40530B,G-FELX,CRUZ,CSA PS-28 Cruiser,L1P,L
40540B,G-CJCJ,GLID,,L0-,-
40550B,G-CFFS,GLID,,L0-,-
40560B,G-MEDN,A321,AIRBUS A-321,L2J,M
40580B,G-CJTO,GLID,,L0-,-
405D0B,G-RAEF,GLID,,L0-,-
40600B,G-WASS,EC35,AIRBUS HELICOPTERS EC-135/635,H2T,L
40610B,G-DFBR,GLID,,L0-,-
40640B,G-LAFF,BALL,,B0-,-
40650B,G-LCYO,E190,EMBRAER ERJ-190-100,L2J,M
40660B,G-CGXP,G109,GROB G-109,L1P,L
40670B,G-CHDZ,BALL,,B0-,-
406A0B,G-CHZL,CH60,ZENAIR CH-600 Zodiac,L1P,L
406B0B,G-CLMF,GLID,,L0-,-
406D0B,G-CIKN,BALL,,B0-,-
40710B,G-PRKZ,GLID,,L0-,-
40720B,G-RVTX,RV8,VANS RV-8,L1P,L
40750B,G-IACZ,AT76,ATR-72-600,L2T,M
40760B,G-CKWL,BALL,,B0-,-
40780B,G-GSIX,PA32,PIPER PA-32,L1P,L
40790B,G-TAUT,PIAT,PIPISTREL Alpha Trainer,L1P,L
407B0B,G-TUIP,B789,BOEING 787-9 Dreamliner,L2J,H
407C0B,G-TUMT,B38M,BOEING 737 MAX 8,L2J,M
407D0B,G-OELC,PIVI,PIPSTREL Virus,L1P,L
407E0B,G-KMTE,SR22,CIRRUS SR-22,L1P,L
42430B,VP-BBH,A321,AIRBUS A-321,L2J,M
42440B,VQ-BYC,E170,EMBRAER ERJ-170-100,L2J,M
42470B,VP-CTW,GLF6,GULFSTREAM G650,L2J,M
424B0B,M-GFGC,P180,PIAGGIO P-180 Avanti,L2T,L
43C30B,ZH831,EH10,AGUSTA WESTLAND EH-101 Merlin,H3T,M
43C60B,ZK302,EUFI,EUROFIGHTER 2000,L2J,M
43C70B,ZK349,EUFI,EUROFIGHTER 2000,L2J,M
43C90B,ZH814,B212,BELL 212,H2T,L
43CB0B,ZK382,EUFI,EUROFIGHTER 2000,L2J,M
43ED0B,2-FAST,P180,PIAGGIO P-180 Avanti,L2T,L
44000B,OE-CUC,C150,CESSNA 150,L1P,L
44010B,OE-DAM,PA46,PIPER PA-46-310/350,L1P,L
44070B,OE-ZZF,BALL,,B0-,-
44080B,OE-DTA,C172,CESSNA 172 Skyhawk,L1P,L
44090B,OE-9498,DUOD,SCHEMPP-HIRTH Duo Discus,L1P,L
440B0B,OE-ITU,B38M,BOEING 737 MAX 8,L2J,M
447D0B,7L-WI,EUFI,EUROFIGHTER 2000,L2J,M
449C0B,OO-G79,C42,IKARUS C-42 Bison,L1P,L
44B90B,OO-NHK,EC55,AIRBUS HELICOPTERS EC-155,H2T,L
45AB0B,OY-JXK,DG80,DG FLUGZEUGBAU DG-800,L1P,L
45B10B,OY-LHK,DA42,DIAMOND DA-42 Guardian,L2P,L
45C10B,OY-PHK,P28A,PIPER PA-28-140/150/160/180,L1P,L
45DB0B,OY-VXK,GLID,,L0-,-
45F00B,OY-9303,ALGR,FANTASY AIR Allegro,L1P,L
461F0B,OH-LTR,A333,AIRBUS A-330-300,L2J,H
463C0B,OH-WTF,C182,CESSNA 182 Skylane,L1P,L
46780B,HN-406,F18H,BOEING FA-18 HORNET,L2J,M
47340B,HA-LPK,A320,AIRBUS A-320,L2J,M
47350B,HA-UCH,PIAT,PIPISTREL Alpha Trainer,L1P,L
473C0B,40,SB39,SAAB 39 Gripen,L1J,M
478F0B,LN-AZA,C172,CESSNA 172 Skyhawk,L1P,L
48050B,F-012,F35,LOCKHEED MARTIN F-35 Lightning 2,L1J,M
48450B,PH-HLM,PA34,PIPER PA-34 Seneca,L2P,L
48460B,PH-KPR,BT36,BEECH B36TC Bonanza,L1P,L
484A0B,PH-DWW,R44,ROBINSON R-44 Raven,H1P,L
484B0B,PH-ROS,LNCE,LANCAIR ES,L1P,L
484C0B,PH-MGA,DR10,CENTRE EST Ambassadeur,L1P,L
484D0B,PH-4G5,TL20,TL ULTRALIGHT TL-2000 Sting,L1P,L
484F0B,PH-BLW,KL07,BOLKOW BO-107,L1P,L
48510B,PH-CBP,BALL,,B0-,-
48520B,PH-HXC,B738,BOEING 737-800,L2J,M
48530B,PH-OPL,BALL,,B0-,-
48540B,PH-1SX,ZZZZ,,-0-,-
48550B,PH-2EK,ZZZZ,,-0-,-
485A0B,PH-1595,GLID,,L0-,-
485D0B,PH-BAG,A210,AQUILA A-210,L1P,L
48630B,PH-SHM,SR22,CIRRUS SR-22,L1P,L
48960B,SP-FRL,RALL,SOCATA Rallye,L1P,L
48AD0B,SP-LIL,E75S,EMBRAER ERJ-170-200 (short wing),L2J,M
48AF0B,SP-LVL,B38M,BOEING 737 MAX 8,L2J,M
48B00B,SP-MAL,PA30,PIPER PA-30 Twin Comanche,L2P,L
48B40B,SP-NAL,G2CA,GUIMBAL G-2 Cabri,H1P,L
48C40B,SP-SAL,R44,ROBINSON R-44 Raven,H1P,L
48CA0B,SP-TRL,DA42,DIAMOND DA-42 Guardian,L2P,L
48D90B,047,PZ3T,PZL-OKECIE PZL-130 Orlik,L1T,L
48DF0B,SP-YVL,H60,SIKORSKY UH-60 Black Hawk,H2T,M
48F80B,SP-SZAL,PIAT,PIPISTREL Alpha Trainer,L1P,L
48FD0B,SP-SAIL,TR55,3XTRIM Navigator 600,L1P,L
490D0B,CS-CHK,CL35,BOMBARDIER BD-100 Challenger 350,L2J,M
49130B,CS-DXK,C56X,CESSNA 560XL Citation XLS,L2J,M
49410B,CS-PHK,E55P,EMBRAER EMB-505 Phenom 300,L2J,M
49520B,CS-TPK,E145,EMBRAER ERJ-145,L2J,M
49530B,CS-TXK,A21N,AIRBUS A-321neo,L2J,M
49C10B,OK-PHK,L200,LET L-200 Morava,L2P,L
49C20B,OK-YAI 52,NG5,BRM AERO NG-5/6 Bristell,L1P,L
49D00B,OK-HMP,R66,ROBINSON R-66,H1T,L
49D10B,OK-OFL,L200,LET L-200 Morava,L2P,L
49D20B,OK-DKK,C172,CESSNA 172 Skyhawk,L1P,L
49D30B,OK-SAN,PA34,PIPER PA-34 Seneca,L2P,L
49D40B,OK-TJL,B505,BELL 505 JetRanger X,H1T,L
49F00B,GND,GND,,V0-,-
4A830B,60116,SB05,SAAB 105,L2J,L
4AA20B,SE-HPK,B06,BELL 206 JetRanger,H1T,L
4AAA0B,SE-JPK,B407,BELL 407,H1T,L
4AAD0B,SE-KHK,PA25,PIPER PA-25 Pawnee,L1P,L
4AB50B,SE-MHK,ATP,BRITISH AEROSPACE ATP,L2T,M
4ACA0B,SE-RPK,B738,BOEING 737-800,L2J,M
4AE20B,SE-XPK,RV4,VANS RV-4,L1P,L
4B070B,HB-CRJ,C180,CESSNA  180 Skywagon,L1P,L
4B080B,HB-DBF,R90R,RUSCHMEYER R-90-230RG,L1P,L
4B0A0B,HB-DUX,L8,LUSCOMBE 8,L1P,L
4B0C0B,HB-EOP,AUS5,AUSTER AOP5,L1P,L
4B0F0B,HB-FSD,PC12,PILATUS PC-12,L1T,L
4B140B,HB-HPJ,PC9,PILATUS PC-9 Hudournik,L1T,L
4B160B,HB-IJB,A320,AIRBUS A-320,L2J,M
4B180B,HB-JCT,BCS3,AIRBUS A220-300,L2J,M
4B1B0B,HB-KGH,SLG2,AIRPLANE FACTORY Sling 2,L1P,L
4B260B,HB-OKP,J3,PIPER J-3 Cub,L1P,L
4B280B,HB-PEH,P28A,PIPER PA-28-140/150/160/180,L1P,L
4B290B,HB-POD,PA18,PIPER PA-18 Super Cub,L1P,L
4B2C0B,HB-QRR,BALL,,B0-,-
4B2D0B,HB-RBN,PP3,PILATUS P-3,L1P,L
4B2F0B,HB-RVF,VAMP,DE HAVILLAND DH-100/115 Vampire,L1J,L
4B300B,HB-SFB,D140,JODEL D-140 Mousquetaire,L1P,L
4B350B,HB-UCH,AA5,AMERICAN AA-5 Tiger,L1P,L
4B370B,HB-UVZ,BU31,BUCKER Bu-131 Jungmann,L1P,L
4B390B,HB-VPR,E55P,EMBRAER EMB-505 Phenom 300,L2J,M
4B3A0B,HB-VZN,PC24,PILATUS PC-24,L2J,M
4B440B,HB-ZTZ,R66,ROBINSON R-66,H1T,L
4B470B,HB-612,GLID,,L0-,-
4B4B0B,HB-1636,GLID,,L0-,-
4B4E0B,HB-2404,AS26,SCHLEICHER ASH-26,L1P,L
4B820B,13-0009,A400,AIRBUS A-400M,L4T,H
4B8E0B,TC-CPK,B738,BOEING 737-800,L2J,M
4B990B,TC-FHK,A320,AIRBUS A-320,L2J,M
4BA90B,TC-JHK,B738,BOEING 737-800,L2J,M
4BAA0B,TC-JPK,A320,AIRBUS A-320,L2J,M
4BB50B,TC-MHK,C152,CESSNA 152,L1P,L
4BE50B,TC-YHK,FA7X,DASSAULT Falcon 7X,L3J,M
4CA60B,EI-FXK,AT72,ATR-72-202,L2T,M
4CA80B,EI-EKK,B738,BOEING 737-800,L2J,M
4CAB0B,EI-FCA,UF10,URBAN UFM-10 Samba,L1P,L
4CAC0B,EI-KDD,A21N,AIRBUS A-321neo,L2J,M
4CAD0B,EI-GYW,E295,EMBRAER ERJ-190-400,L2J,M
4D010B,LX-VCV,B744,BOEING 747-400,L4J,H
4D020B,LX-VIP,FA8X,DASSAULT Falcon 8X,L3J,M
4D030B,LX-AIC,C172,CESSNA 172 Skyhawk,L1P,L
4D210B,9H-VJY,GLEX,BOMBARDIER BD-700 Global 6000/6500,L2J,M
4D220B,9H-QCS,B738,BOEING 737-800,L2J,M
4D230B,9H-CGA,A321,AIRBUS A-321,L2J,M
50010B,T7-LKT,GLF6,GULFSTREAM G650,L2J,M
501C0B,9A-LAB,B738,BOEING 737-800,L2J,M
502D0B,YL-AAO,BCS3,AIRBUS A220-300,L2J,M
503E0B,LY-FTS,NG5,BRM AERO NG-5/6 Bristell,L1P,L
505D0B,OM-BHK,H60,SIKORSKY UH-60 Black Hawk,H2T,M
505E0B,OM-FPK,PA34,PIPER PA-34 Seneca,L2P,L
506E0B,S5-DIO,P28A,PIPER PA-28-140/150/160/180,L1P,L
50810B,UR-88310,YK40,YAKOVLEV Yak-40,L3J,M
50820B,UR-HLF,MI8,MIL Mi-8/9/17/19/171/172,H2T,M
51110B,ES-ATI,AT76,ATR-72-600,L2T,M
51300B,E7-SMS,C525,CESSNA 525 CitationJet,L2J,L
60000B,EK32003,A320,AIRBUS A-320,L2J,M
68000B,A5-JNW,AT46,ATR-42-600,L2T,M
70000B,YA-KML,B733,BOEING 737-300,L2J,M
702C0B,S3-AVC,L410,LET L-410 Turbolet,L2T,L
70620B,9K-CAJ,A320,AIRBUS A-320,L2J,M
70C10B,A4O-OVF,A20N,AIRBUS A-320neo,L2J,M
71010B,HZ-124,A342,AIRBUS A-340-200,L4J,H
71030B,2212,PC21,PILATUS PC-21,L1T,L
71040B,HZ-AS63,A320,AIRBUS A-320,L2J,M
71F90B,05-185,C130,LOCKHEED C-130 Hercules,L4T,M
71FA0B,30-082,CN35,CASA CN-235 Persuader,L2T,M
738E0B,4X-CBI,C310,CESSNA 310,L2P,L
73930B,4X-AFH,AT8T,AIR TRACTOR AT-802,L1T,M
73950B,4X-HPD,ECHO,TECNAM P-92 Echo,L1P,L
75010B,9M-AFF,A320,AIRBUS A-320,L2J,M
75020B,9M-MXK,B738,BOEING 737-800,L2J,M
75040B,9M-LMU,AT76,ATR-72-600,L2T,M
75050B,M503-3,A139,AGUSTA AW-139,H2T,L
75840B,RP-C7280,AT76,ATR-72-600,L2T,M
76CD0B,9V-SHK,A359,AIRBUS A-350-900,L2J,H
76E30B,732,C130,LOCKHEED C-130 Hercules,L4T,M
78010B,B-6265,A321,AIRBUS A-321,L2J,M
78030B,B-5315,B738,BOEING 737-800,L2J,M
78040B,B-5347,B738,BOEING 737-800,L2J,M
78050B,B-6550,A320,AIRBUS A-320,L2J,M
78060B,B-6645,A320,AIRBUS A-320,L2J,M
78070B,B-6740,A320,AIRBUS A-320,L2J,M
78080B,B-6838,A321,AIRBUS A-321,L2J,M
78090B,B-9560,DA40,DIAMOND DA-40 Club Star,L1P,L
780A0B,B-LAN,A333,AIRBUS A-330-300,L2J,H
780C0B,B-1810,A320,AIRBUS A-320,L2J,M
780D0B,B-1730,B738,BOEING 737-800,L2J,M
780E0B,B-3281,E35L,EMBRAER EMB-135 Legacy,L2J,M
780F0B,B-7177,B738,BOEING 737-800,L2J,M
78100B,B-7898,B789,BOEING 787-9 Dreamliner,L2J,H
78110B,B-7379,B738,BOEING 737-800,L2J,M
78120B,B-1303,B738,BOEING 737-800,L2J,M
78130B,B-1203,B38M,BOEING 737 MAX 8,L2J,M
78140B,B-1130,B738,BOEING 737-800,L2J,M
78150B,B-302N,A20N,AIRBUS A-320neo,L2J,M
78160B,B-208Z,B738,BOEING 737-800,L2J,M
78170B,B-0501,K100,DAHER Kodiak 100,L1T,L
78180B,B-70A3,C172,CESSNA 172 Skyhawk,L1P,L
78190B,B-70T8,C172,CESSNA 172 Skyhawk,L1P,L
781A0B,B-099M,AJ27,COMAC ARJ-21-700 Xiangfeng,L2J,M
781B0B,B-126N,AURA,SUNWARD Aurora S60/70,L1P,L
781C0B,B-651H,GLEX,BOMBARDIER BD-700 Global 6000/6500,L2J,M
78920B,B-LVG,EC75,AIRBUS HELICOPTERS EC-175,H2T,M
79A00B,B-2350,A320,AIRBUS A-320,L2J,M
7B100B,SERV,SERV,,V0-,-
7BB10B,B-3000,B733,BOEING 737-300,L2J,M
7C070B,VH-BOD,BE55,BEECH 55 Baron,L2P,L
7C0B0B,VH-CGT,DA40,DIAMOND DA-40 Club Star,L1P,L
7C0C0B,VH-CNX,JAB4,JABIRU J200-450,L1P,L
7C100B,VH-DGD,BT36,BEECH B36TC Bonanza,L1P,L
7C1B0B,VH-FML,PA31,PIPER PA-31-300/310/325/350/425,L2P,L
7C250B,VH-HLP,LNCE,LANCAIR ES,L1P,L
7C2B0B,VH-ISD,C172,CESSNA 172 Skyhawk,L1P,L
7C2C0B,VH-IZH,BN2P,BRITTEN-NORMAN BN-2 Islander,L2P,L
7C300B,VH-JRX,B505,BELL 505 JetRanger X,H1T,L
7C340B,VH-KKD,G164,GRUMMAN G-164 Ag-Cat,L1P,L
7C390B,VH-LJX,LJ45,LEARJET 45,L2J,M
7C3D0B,VH-MCD,PA24,PIPER PA-24 Comanche,L1P,L
7C3F0B,VH-MQL,TOUR,MILLICER Airtourer,L1P,L
7C420B,VH-NBX,TOBA,SOCATA Tobago,L1P,L
7C530B,VH-QOT,DH8D,DE HAVILLAND DHC-8-400 Dash 8,L2T,M
7C580B,VH-ROD,C182,CESSNA 182 Skylane,L1P,L
7C5C0B,VH-SGT,R22,ROBINSON R-22 Mariner,H1P,L
7C610B,VH-TGD,SW4,SWEARINGEN Metro,L2T,M
7C660B,VH-UFX,PTS2,PITTS S-2 Special,L1P,L
7C6B0B,VH-VFH,A320,AIRBUS A-320,L2J,M
7C6D0B,VH-VTP,VENT,SCHEMPP-HIRTH Ventus,L1P,L
7C750B,VH-XEL,PA44,PIPER PA-44 Seminole,L2P,L
7C780B,VH-XZX,BE55,BEECH 55 Baron,L2P,L
7C810B,VH-ZRX,R22,ROBINSON R-22 Mariner,H1P,L
7CC40B,23-9610,AP32,AEROPRACT A-32,L1P,L
7CC50B,24-7600,ECHO,TECNAM P-92 Echo,L1P,L
7CFA0B,N52-003,EC35,AIRBUS HELICOPTERS EC-135/635,H2T,L
80030B,HM706,D228,DORNIER 228,L2T,L
80040B,VT-JBB,B738,BOEING 737-800,L2J,M
800B0B,VT-GOQ,A320,AIRBUS A-320,L2J,M
800C0B,VT-TNB,A20N,AIRBUS A-320neo,L2J,M
80140B,VT-ILD,A21N,AIRBUS A-321neo,L2J,M
846C0B,JA152T,B505,BELL 505 JetRanger X,H1T,L
84C20B,JA2419,GLID,,L0-,-
86260B,JA634P,EC45,AIRBUS HELICOPTERS EC-145,H2T,L
87CC0B,87-3601,B762,BOEING 767-200,L2J,H
88040B,41524,A139,AGUSTA AW-139,H2T,L
881C0B,93308,EC55,AIRBUS HELICOPTERS EC-155,H2T,L
88420B,HS-PPK,A320,AIRBUS A-320,L2J,M
88510B,HS-THK,A359,AIRBUS A-350-900,L2J,H
88530B,HS-TXK,A320,AIRBUS A-320,L2J,M
89610B,A6-ECD,B77W,BOEING 777-300ER,L2J,H
89620B,A6-EGJ,B77W,BOEING 777-300ER,L2J,H
89630B,A6-ENI,B77W,BOEING 777-300ER,L2J,H
89640B,A6-FLQ,B06,BELL 206 JetRanger,H1T,L
896C0B,2278,DHC6,DE HAVILLAND DHC-6 Twin Otter,L2T,L
89800B,P2-NAT,DH8A,DE HAVILLAND DHC-8-100 Dash 8,L2T,M
89910B,B-18205,A21N,AIRBUS A-321neo,L2J,M
8A030B,PK-CLC,B735,BOEING 737-500,L2J,M
8A040B,PK-GNC,B738,BOEING 737-800,L2J,M
8A050B,PK-WLY,C402,CESSNA 402 Businessliner,L2P,L
8A060B,PK-CRA,B738,BOEING 737-800,L2J,M
8A080B,PK-LSF,B738,BOEING 737-800,L2J,M
8A090B,PK-SAH,A320,AIRBUS A-320,L2J,M
8A140B,PK-TVK,B190,BEECH 1900,L2T,M
A0000B,N1AJ,PTS1,PITTS S-1 Special,L1P,L
A0010B,N1LQ,T210,CESSNA T210 Turbo Centurion,L1P,L
A0020B,N1WW,GLEX,BOMBARDIER BD-700 Global 6000/6500,L2J,M
A0040B,N10TG,R22,ROBINSON R-22 Mariner,H1P,L
A0060B,N100PT,RV4,VANS RV-4,L1P,L
A0070B,N100ZZ,BE95,BEECH 95 Travel Air,L2P,L
A0090B,N101GK,P28R,PIPER PA-28R-180/200/201,L1P,L
A00B0B,N1012B,AT3T,AIR TRACTOR AT-302/402,L1T,L
A00C0B,N1019N,G21,GRUMMAN G-21A Goose,A2P,L
A00E0B,N102VP,C560,CESSNA 560 Citation Ultra,L2J,M
A0100B,N103C,SR22,CIRRUS SR-22,L1P,L
A0150B,N104RD,F104,LOCKHEED F-104 Starfighter,L1J,M
A0160B,N1041,C337,CESSNA 337 Super Skymaster,L2P,L
A0170B,N1048L,LA4,LAKE LA-4/200,A1P,L
A01C0B,N106LU,SR20,CIRRUS SR-20,L1P,L
A0200B,N107PS,C172,CESSNA 172 Skyhawk,L1P,L
A0220B,N1077J,VO10,NORTH AMERICAN ROCKWELL Commander 100,L1P,L
A0260B,N1089M,C182,CESSNA 182 Skylane,L1P,L
A0290B,N1094D,SR22,CIRRUS SR-22,L1P,L
A02A0B,N11BZ,PA22,PIPER PA-22,L1P,L
A02B0B,N11NE,UH1,BELL UH-1 Huey,H1T,L
A02F0B,N1103Y,SA30,STOLP Starduster Too,L1P,L
A0300B,N111BH,PARA,,P0-,-
A0330B,N11151,PA24,PIPER PA-24 Comanche,L1P,L
A0370B,N11274,WACF,WACO F,L1P,L
A03A0B,N1132W,C172,CESSNA 172 Skyhawk,L1P,L
A03B0B,N11397,C150,CESSNA 150,L1P,L
A03C0B,N114LB,BALL,,B0-,-
A03E0B,N1144Z,P28A,PIPER PA-28-140/150/160/180,L1P,L
A0400B,N115P,DG15,HOWARD Nightingale,L1P,L
A0430B,N116FS,BALL,,B0-,-
A0480B,N117UW,A320,AIRBUS A-320,L2J,M
A0490B,N1173X,C172,CESSNA 172 Skyhawk,L1P,L
A04A0B,N118BG,VALI,CONVAIR Valiant,L1P,L
A04B0B,N118MN,,,,
A04D0B,N11850,,,,
A0500B,N1190S,GLID,,L0-,-
A0520B,N12HC,LA4,LAKE LA-4/200,A1P,L
A0530B,N12TJ,RV8,VANS RV-8,L1P,L
A0540B,N120DP,BALL,,B0-,-
A0550B,N120PV,AS20,SCHLEICHER ASW-20,L1P,L
A0560B,N1200A,PA18,PIPER PA-18 Super Cub,L1P,L
A05A0B,N1212D,C170,CESSNA 170,L1P,L
A05B0B,N1219Q,C150,CESSNA 150,L1P,L
A05D0B,N122VR,F2TH,DASSAULT Falcon 2000,L2J,M
A05E0B,N1224G,GLF4,GULFSTREAM 4,L2J,M
A05F0B,N123CB,C172,CESSNA 172 Skyhawk,L1P,L
A0610B,N123YP,ERCO,AIR PRODUCTS F-1 Aircoupe,L1P,L
A0630B,N124F,RV4,VANS RV-4,L1P,L
A0650B,N1241B,L8,LUSCOMBE 8,L1P,L
A06B0B,N126LW,C56X,CESSNA 560XL Citation XLS,L2J,M
A06E0B,N127DN,A321,AIRBUS A-321,L2J,M
A0730B,N128SS,GLID,,L0-,-
A0740B,N1282C,PA22,PIPER PA-22,L1P,L
A0780B,N1294F,C172,CESSNA 172 Skyhawk,L1P,L
A0790B,N13CA,PA31,PIPER PA-31-300/310/325/350/425,L2P,L
A07E0B,N13030,C172,CESSNA 172 Skyhawk,L1P,L
A07F0B,N131BK,BU31,BUCKER Bu-131 Jungmann,L1P,L
A0800B,N131MR,BU31,BUCKER Bu-131 Jungmann,L1P,L
A0820B,N13153,ULAC,,L0-,-
A0860B,N13276,C172,CESSNA 172 Skyhawk,L1P,L
A0870B,N133HF,AT5T,AIR TRACTOR AT-504,L1T,L
A0880B,N133TM,,,,
A08A0B,N13399,C172,CESSNA 172 Skyhawk,L1P,L
A08F0B,N135PB,PA31,PIPER PA-31-300/310/325/350/425,L2P,L
A0910B,N13564,C177,CESSNA  177 Cardinal,L1P,L
A0960B,N137JS,H269,HUGHES Sky Knight,H1P,L
A0980B,N1373Z,BE95,BEECH 95 Travel Air,L2P,L
A0A00B,N13975,E145,EMBRAER ERJ-145,L2J,M
A0A20B,N14TL,GLAS,Glasair,L1P,L
A0AA0B,N1419S,C182,CESSNA 182 Skylane,L1P,L
A0AB0B,N142KM,COL4,CESSNA 400 Corvalis TT,L1P,L
A0AD0B,N1424J,AC11,NORTH AMERICAN ROCKWELL Commander 112/114,L1P,L
A0B30B,N144RH,R44,ROBINSON R-44 Raven,H1P,L
A0B50B,N1448Q,C150,CESSNA 150,L1P,L
A0B60B,N145J,BE18,BEECH 18 Expetitor,L2P,L
A0BE0B,N147PW,BE36,BEECH 36 Bonanza,L1P,L
A0C40B,N1489R,AA1,AMERICAN AA-1,L1P,L
A0C70B,N1494H,P28R,PIPER PA-28R-180/200/201,L1P,L
A0C80B,N15CC,PC12,PILATUS PC-12,L1T,L
A0CB0B,N150JV,C150,CESSNA 150,L1P,L
A0CD0B,N15032,P28A,PIPER PA-28-140/150/160/180,L1P,L
A0D50B,N15278,BE36,BEECH 36 Bonanza,L1P,L
A0D80B,N15320,P28A,PIPER PA-28-140/150/160/180,L1P,L
A0E10B,N156FW,P149,PIAGGIO P-149,L1P,L
A0E20B,N156SB,PC12,PILATUS PC-12,L1T,L
A0E30B,N1561Y,C172,CESSNA 172 Skyhawk,L1P,L
A0E60B,N157V,SR22,CIRRUS SR-22,L1P,L
A0E70B,N15731,P28A,PIPER PA-28-140/150/160/180,L1P,L
A0E80B,N158BL,FOX,KITFOX,L1P,L
A0E90B,N158MS,BE58,BEECH 58 Baron,L2P,L
A0EE0B,N1590W,C72R,CESSNA 172R Cutlass RG,L1P,L
A0F00B,N16HG,BE20,BEECH 200 Super King Air,L2T,M
A0F40B,N1600E,CH7A,BELLANCA 7 Champion,L1P,L
A0F50B,N1607R,AA1,AMERICAN AA-1,L1P,L
A0F80B,N1612H,J3,PIPER J-3 Cub,L1P,L
A0FC0B,N1624L,BALL,,B0-,-
A1000B,N1636P,P32R,PIPER PA-32R-300/301/301T,L1P,L
A1020B,N164RK,R44,ROBINSON R-44 Raven,H1P,L
A1070B,N1653J,P28A,PIPER PA-28-140/150/160/180,L1P,L
A1080B,N166AU,H60,SIKORSKY UH-60 Black Hawk,H2T,M
A1110B,N168SW,CRJ2,BOMBARDIER Regional Jet CRJ-200,L2J,M
A1120B,N1682G,CH7A,BELLANCA 7 Champion,L1P,L
A1130B,N1689T,P28A,PIPER PA-28-140/150/160/180,L1P,L
A1160B,N1694K,L8,LUSCOMBE 8,L1P,L
A1170B,N17CE,B350,BEECHCRAFT Super King Air 350,L2T,M
A1180B,N17NL,E300,EXTRA EA-300/330/350,L1P,L
A1190B,N17YS,H269,HUGHES Sky Knight,H1P,L
A1210B,N172EM,C172,CESSNA 172 Skyhawk,L1P,L
A1230B,N1720Z,C172,CESSNA 172 Skyhawk,L1P,L
A1260B,N173TR,EVOT,LANCAIR Evolution Turbine,L1T,L
A12B0B,N17445,WACF,WACO F,L1P,L
A12F0B,N17568,BE35,BEECH 35 Starfire Bonanza,L1P,L
A1320B,N17610,GYRO,,G0-,-
A1340B,N177JW,C77R,CESSNA 177RG Cardinal RG,L1P,L
A1350B,N177VB,C77R,CESSNA 177RG Cardinal RG,L1P,L
A13E0B,N17979,BE58,BEECH 58 Baron,L2P,L
A13F0B,N18HJ,C550,CESSNA 550 Citation S2,L2J,L
A1440B,N1807T,P28A,PIPER PA-28-140/150/160/180,L1P,L
A1470B,N1812K,L8,LUSCOMBE 8,L1P,L
A1490B,N182KR,C182,CESSNA 182 Skylane,L1P,L
A14B0B,N1824N,BT36,BEECH B36TC Bonanza,L1P,L
A14F0B,N1836R,C185,CESSNA 185 Skywagon,L1P,L
A1510B,N184RM,RV8,VANS RV-8,L1P,L
A1530B,N1848U,E545,EMBRAER EMB545 Praetor 500,L2J,M
A1540B,N185JD,C185,CESSNA 185 Skywagon,L1P,L
A1570B,N186AW,SH36,SHORT 360,L2T,M
A1580B,N186MB,PARA,,P0-,-
A15D0B,N1870F,C210,CESSNA 201 Centurion,L1P,L
A1600B,N188SY,E75L,EMBRAER ERJ-170-200 (long wing),L2J,M
A1610B,N1882J,AC11,NORTH AMERICAN ROCKWELL Commander 112/114,L1P,L
A1620B,N1889V,C172,CESSNA 172 Skyhawk,L1P,L
A1660B,N19CG,S22T,CIRRUS SR-22T Turbo,L1P,L
A1750B,N193TT,T210,CESSNA T210 Turbo Centurion,L1P,L
A17B0B,N195DB,RLU1,RLU Super Breezy,L1P,L
A17E0B,N1957,C172,CESSNA 172 Skyhawk,L1P,L
A17F0B,N196G,GLAS,Glasair,L1P,L
A1820B,N1969C,GLF5,GULFSTREAM 5,L2J,M
A1870B,N198MW,RV12,VANS RV-12,L1P,L
A1890B,N19858,C172,CESSNA 172 Skyhawk,L1P,L
A18C0B,N19900,C172,CESSNA 172 Skyhawk,L1P,L
A18D0B,N1998A,SBOY,INTERPLANE Skyboy,L1P,L
A18E0B,N2HL,CL35,BOMBARDIER BD-100 Challenger 350,L2J,M
A18F0B,N2TS,SF50,CIRRUS SF-50 Vision,L1J,L
A1900B,N20DX,TB20,SOCATA TB-20 Trinidad,L1P,L
A1910B,N20QC,P28A,PIPER PA-28-140/150/160/180,L1P,L
A1920B,N200AH,BE95,BEECH 95 Travel Air,L2P,L
A1930B,N200LP,MU30,MITSUBISHI MU-300 Diamond,L2J,M
A1960B,N201DF,M20P,MOONEY M-20,L1P,L
A1980B,N201ZT,M20P,MOONEY M-20,L1P,L
A1990B,N2017D,BE35,BEECH 35 Starfire Bonanza,L1P,L
A19C0B,N20216,C172,CESSNA 172 Skyhawk,L1P,L
A19D0B,N2029G,C182,CESSNA 182 Skylane,L1P,L
A1A00B,N20339,C177,CESSNA  177 Cardinal,L1P,L
A1A70B,N20504,C172,CESSNA 172 Skyhawk,L1P,L
A1AA0B,N206TW,B06,BELL 206 JetRanger,H1T,L
A1AC0B,N207AG,MT,ROTORSPORT MTOSport,G1P,L
A1B00B,N208DE,C208,CESSNA 208 Caravan,L1T,L
A1B10B,N208PL,RV6,VANS RV-6,L1P,L
A1B30B,N2087C,PA12,PIPER PA-12 Super Cruiser,L1P,L
A1B60B,N20915,DRTG,CULVER Dart,L1P,L
A1B90B,N21VG,MOR2,MORRISEY Nifty,L1P,L
A1BA0B,N210FM,P210,CESSNA P210 Centurion,L1P,L
A1BB0B,N210RT,T210,CESSNA T210 Turbo Centurion,L1P,L
A1BE0B,N211JK,AA5,AMERICAN AA-5 Tiger,L1P,L
A1C20B,N212MH,BE36,BEECH 36 Bonanza,L1P,L
A1C30B,N212XP,LEG2,LANCAIR Legacy,L1P,L
A1C40B,N2125V,P32R,PIPER PA-32R-300/301/301T,L1P,L
A1C50B,N213E,BE95,BEECH 95 Travel Air,L2P,L
A1C70B,N2130M,J3,PIPER J-3 Cub,L1P,L
A1C80B,N2137Y,C172,CESSNA 172 Skyhawk,L1P,L
A1CA0B,N214TD,H25B,HAWKER BEECHCRAFT Hawker 750/850,L2J,M
A1CB0B,N2142Q,C77R,CESSNA 177RG Cardinal RG,L1P,L
A1D50B,N217RS,EXEC,ROTORWAY Exec,H1P,L
A1D70B,N2178Z,P28B,PIPER PA-28-201T/235/236,L1P,L
A1D80B,N218JJ,GLEX,BOMBARDIER BD-700 Global 6000/6500,L2J,M
A1DB0B,N219BA,A5,ICON A-5,A1P,L
A1DC0B,N219MG,B412,BELL 412,H2T,L
A1DF0B,N22DZ,,,,
A1E10B,N220AK,C25B,CESSNA 525B Citation CJ3,L2J,L
A1E20B,N220LR,BE35,BEECH 35 Starfire Bonanza,L1P,L
A1E60B,N221PP,PA46,PIPER PA-46-310/350,L1P,L
A1E90B,N222GF,DA40,DIAMOND DA-40 Club Star,L1P,L
A1EA0B,N222SM,BE35,BEECH 35 Starfire Bonanza,L1P,L
A1EC0B,N2229J,PA32,PIPER PA-32,L1P,L
A1F00B,N224BW,RV7,VANS RV-7,L1P,L
A1F30B,N2246D,C170,CESSNA 170,L1P,L
A1F50B,N225R,BE95,BEECH 95 Travel Air,L2P,L
A1F80B,N226HS,WACF,WACO F,L1P,L
A1FB0B,N227AJ,H47,BOEING-VERTOL CH-47 Chinook,H2T,M
A1FD0B,N227WW,DHC6,DE HAVILLAND DHC-6 Twin Otter,L2T,L
A1FF0B,N228DG,AT43,ATR-42-300,L2T,M
A2020B,N2287E,CH7A,BELLANCA 7 Champion,L1P,L
A2050B,N22917,BE55,BEECH 55 Baron,L2P,L
A2080B,N23VJ,SF50,CIRRUS SF-50 Vision,L1J,L
A20A0B,N230RV,C172,CESSNA 172 Skyhawk,L1P,L
A2170B,N23370,C150,CESSNA 150,L1P,L
A2180B,N234H,BE50,BEECH 50 Excalibur,L2P,L
A21D0B,N235WD,B752,BOEING 757-200,L2J,M
A2220B,N2366Y,C82S,CESSNA T182 Turbo Skylane,L1P,L
A2250B,N2371Q,BE23,BEECH 23 Sundowner,L1P,L
A2260B,N23781,T206,CESSNA T206 Turbo Stationair,L1P,L
A2280B,N238US,DA42,DIAMOND DA-42 Guardian,L2P,L
A22A0B,N239BC,COL4,CESSNA 400 Corvalis TT,L1P,L
A22D0B,N2395W,BE23,BEECH 23 Sundowner,L1P,L
A2300B,N240AM,,,,
A2330B,N2405E,BALL,,B0-,-
A2370B,N2417H,ERCO,AIR PRODUCTS F-1 Aircoupe,L1P,L
A2390B,N242SP,C172,CESSNA 172 Skyhawk,L1P,L
A23B0B,N2429L,C172,CESSNA 172 Skyhawk,L1P,L
A23C0B,N243KF,PA46,PIPER PA-46-310/350,L1P,L
A23E0B,N2434C,C180,CESSNA  180 Skywagon,L1P,L
A2400B,N244ND,P28A,PIPER PA-28-140/150/160/180,L1P,L
A2480B,N246U,HUSK,CHRISTEN Husky,L1P,L
A2550B,N2499K,L8,LUSCOMBE 8,L1P,L
A25E0B,N2513W,BE24,BEECH 24 Sierra,L1P,L
A2620B,N2525Z,C185,CESSNA 185 Skywagon,L1P,L
A2650B,N2530R,C182,CESSNA 182 Skylane,L1P,L
A2690B,N2542U,C172,CESSNA 172 Skyhawk,L1P,L
A26A0B,N25495,,,,
A26C0B,N255WF,C82R,CESSNA R182 Skylane RG,L1P,L
A26D0B,N2554X,C206,CESSNA  206 Stationair,L1P,L
A26F0B,N256NY,C172,CESSNA 172 Skyhawk,L1P,L
A2730B,N257RW,,,,
A2750B,N25783,J3,PIPER J-3 Cub,L1P,L
A27C0B,N2595Y,C172,CESSNA 172 Skyhawk,L1P,L
A27D0B,N26EC,,,,
A27F0B,N260AP,F260,AERMACCHI SF-260,L1P,L
A2820B,N2605G,C182,CESSNA 182 Skylane,L1P,L
A2880B,N262SR,RV8,VANS RV-8,L1P,L
A28D0B,N2634E,C72R,CESSNA 172R Cutlass RG,L1P,L
A28E0B,N264C,F900,DASSAULT Falcon 900,L3J,M
A29C0B,N2675F,C182,CESSNA 182 Skylane,L1P,L
A29D0B,N268DL,C206,CESSNA  206 Stationair,L1P,L
A2A00B,N2687J,C150,CESSNA 150,L1P,L
A2A10B,N269GJ,LJ60,LEARJET 60,L2J,M
A2A40B,N2699M,PA12,PIPER PA-12 Super Cruiser,L1P,L
A2A50B,N27KG,P46T,PIPER PA-46-500TP,L1T,L
A2AE0B,N272BH,PIVI,PIPSTREL Virus,L1P,L
A2B10B,N27251,B38M,BOEING 737 MAX 8,L2J,M
A2B40B,N2730T,ULAC,,L0-,-
A2B80B,N2742W,M20P,MOONEY M-20,L1P,L
A2C00B,N27662,TAYB,TAYLORCRAFT BC/BF/BL,L1P,L
A2C10B,N277FS,,,,
A2C30B,N2771U,C172,CESSNA 172 Skyhawk,L1P,L
A2CC0B,N28EE,GLST,GLASAIR SH-4 GlaStar,L1P,L
A2CE0B,N280AR,EN28,ENSTROM F-28,H1P,L
A2D10B,N2805J,DC3,DOUGLAS DC-3 Dakota,L2P,M
A2D40B,N2810A,BE35,BEECH 35 Starfire Bonanza,L1P,L
A2D60B,N282GM,BALL,,B0-,-
A2D70B,N282ST,P46T,PIPER PA-46-500TP,L1T,L
A2D90B,N2829Q,C172,CESSNA 172 Skyhawk,L1P,L
A2E70B,N2863E,C172,CESSNA 172 Skyhawk,L1P,L
A2EB0B,N2875H,ERCO,AIR PRODUCTS F-1 Aircoupe,L1P,L
A2EF0B,N2887L,C172,CESSNA 172 Skyhawk,L1P,L
A2F20B,N2892C,C170,CESSNA 170,L1P,L
A2F40B,N29KJ,L29,AERO L-29 Delfin,L1J,L
A2F80B,N2901X,C177,CESSNA  177 Cardinal,L1P,L
A2FC0B,N29130,T206,CESSNA T206 Turbo Stationair,L1P,L
A3030B,N2930V,PA34,PIPER PA-34 Seneca,L2P,L
A3040B,N29376,P28B,PIPER PA-28-201T/235/236,L1P,L
A30D0B,N296PB,T206,CESSNA T206 Turbo Stationair,L1P,L
A30F0B,N29664,C172,CESSNA 172 Skyhawk,L1P,L
A3120B,N2971W,AR11,AERONCA 11 Chief,L1P,L
A3130B,N29787,TAYB,TAYLORCRAFT BC/BF/BL,L1P,L
A3140B,N298JS,RV4,VANS RV-4,L1P,L
A3160B,N2983Z,PA18,PIPER PA-18 Super Cub,L1P,L
A3170B,N299BJ,RV9,VANS RV-9,L1P,L
A31A0B,N29952,WACF,WACO F,L1P,L
A31D0B,N30AT,GLID,,L0-,-
A3220B,N30022,P28A,PIPER PA-28-140/150/160/180,L1P,L
A3230B,N301AB,PA34,PIPER PA-34 Seneca,L2P,L
A3260B,N30145,C177,CESSNA  177 Cardinal,L1P,L
A32A0B,N30268,T210,CESSNA T210 Turbo Centurion,L1P,L
A32C0B,N303SD,C550,CESSNA 550 Citation S2,L2J,L
A32D0B,N30310,BALL,,B0-,-
A3310B,N30433,C177,CESSNA  177 Cardinal,L1P,L
A3340B,N305Y,G2T1,GREAT LAKES 2T-1,L1P,L
A3350B,N30556,C177,CESSNA  177 Cardinal,L1P,L
A3370B,N306QS,C680,CESSNA 680 Citation Sovereign,L2J,M
A3390B,N30679,J5,PIPER J-5 Cub Cruiser,L1P,L
A33C0B,N30721,BALL,,B0-,-
A33D0B,N308AA,,,,
A3440B,N30967,C177,CESSNA  177 Cardinal,L1P,L
A3460B,N31SC,CH7B,BELLANCA 7 Citabria,L1P,L
A3470B,N310CH,C208,CESSNA 208 Caravan,L1T,L
A34C0B,N311RM,EXEC,ROTORWAY Exec,H1P,L
A34D0B,N3111H,BE33,BEECH 33 Bonanza,L1P,L
A34E0B,N3118U,C182,CESSNA 182 Skylane,L1P,L
A34F0B,N312JD,,,,
A3530B,N313MB,B06,BELL 206 JetRanger,H1T,L
A3580B,N3140F,C182,CESSNA 182 Skylane,L1P,L
A35D0B,N3159V,BE35,BEECH 35 Starfire Bonanza,L1P,L
A3600B,N3164M,PA12,PIPER PA-12 Super Cruiser,L1P,L
A3640B,N3176Q,BALL,,B0-,-
A3650B,N318FE,DC10,MCDONNELL DOUGLAS DC-10,L3J,H
A3660B,N318RL,B06,BELL 206 JetRanger,H1T,L
A3670B,N3181G,,,,
A3680B,N3188T,C177,CESSNA  177 Cardinal,L1P,L
A36D0B,N32MA,HUSK,CHRISTEN Husky,L1P,L
A36F0B,N320HM,LNC2,LANCAIR 200-320,L1P,L
A3700B,N320TT,C320,CESSNA 320 Skyknight,L2P,L
A3710B,N32024,WACF,WACO F,L1P,L
A3720B,N321AD,,,,
A3730B,N321LK,AVID,AVID Flyer,L1P,L
A3740B,N321WR,SR22,CIRRUS SR-22,L1P,L
A3750B,N32147,WACF,WACO F,L1P,L
A3760B,N322DB,M20P,MOONEY M-20,L1P,L
A3770B,N322PH,C182,CESSNA 182 Skylane,L1P,L
A37A0B,N323G,GLF3,GULFSTREAM 3,L2J,M
A3820B,N325MW,PC12,PILATUS PC-12,L1T,L
A3870B,N32600,PA32,PIPER PA-32,L1P,L
A3880B,N3268A,,,,
A38A0B,N327TS,DA42,DIAMOND DA-42 Guardian,L2P,L
A38F0B,N32846,P28A,PIPER PA-28-140/150/160/180,L1P,L
A3900B,N329DA,SR20,CIRRUS SR-20,L1P,L
A3930B,N32969,P28A,PIPER PA-28-140/150/160/180,L1P,L
A3950B,N33SE,DG1T,DG FLUGZEUGBAU DG-1001T,L1P,L
A3960B,N330CK,RV7,VANS RV-7,L1P,L
A39C0B,N3311K,GC1,GLOBE Swift,L1P,L
A3A40B,N3335R,P28A,PIPER PA-28-140/150/160/180,L1P,L
A3AA0B,N335T,R44,ROBINSON R-44 Raven,H1P,L
A3BB0B,N34AX,T34P,BEECH T-34 Mentor,L1P,L
A3BC0B,N34MC,RV7,VANS RV-7,L1P,L
A3BE0B,N340HP,C82S,CESSNA T182 Turbo Skylane,L1P,L
A3C40B,N34149,C177,CESSNA  177 Cardinal,L1P,L
A3C80B,N3427B,SR22,CIRRUS SR-22,L1P,L
A3CB0B,N34314,C177,CESSNA  177 Cardinal,L1P,L
A3CC0B,N3439E,CH7A,BELLANCA 7 Champion,L1P,L
A3CD0B,N344K,C182,CESSNA 182 Skylane,L1P,L
A3D60B,N34602,C177,CESSNA  177 Cardinal,L1P,L
A3D70B,N3468C,AN2,ANTONOV An-2,L1P,L
A3DF0B,N349DC,ST75,STEARMAN Kaydet,L1P,L
A3E30B,N35GA,BE30,BEECH 300 Super King Air,L2T,L
A3E40B,N35SG,CH7A,BELLANCA 7 Champion,L1P,L
A3E50B,N350CM,AS50,AEROSPATIALE AS-350 Ecureuil,H1T,L
A3E60B,N350NT,AS50,AEROSPATIALE AS-350 Ecureuil,H1T,L
A3EA0B,N351RR,BE95,BEECH 95 Travel Air,L2P,L
A3EB0B,N3511M,PA12,PIPER PA-12 Super Cruiser,L1P,L
A3EC0B,N3518Y,C182,CESSNA 182 Skylane,L1P,L
A3ED0B,N352JH,RS18,SPORTAVIA-PUTZER RS-180 Sportsman,L1P,L
A3EE0B,N352UP,B763,BOEING 767-300,L2J,H
A3EF0B,N3523Q,C177,CESSNA  177 Cardinal,L1P,L
A3F00B,N353B,BE35,BEECH 35 Starfire Bonanza,L1P,L
A3F30B,N3535T,P208,TECNAM P-2008,L1P,L
A3F60B,N3540K,J3,PIPER J-3 Cub,L1P,L
A3F70B,N3547W,PA32,PIPER PA-32,L1P,L
A3F80B,N355GW,C172,CESSNA 172 Skyhawk,L1P,L
A3FB0B,N3559Z,PA22,PIPER PA-22,L1P,L
A3FD0B,N356W,,,,
A4000B,N357NS,C337,CESSNA 337 Super Skymaster,L2P,L
A4020B,N3576U,C182,CESSNA 182 Skylane,L1P,L
A40A0B,N36AZ,BE36,BEECH 36 Bonanza,L1P,L
A40F0B,N36028,CH7B,BELLANCA 7 Citabria,L1P,L
A4100B,N361AH,BE58,BEECH 58 Baron,L2P,L
A4190B,N363SK,R44,ROBINSON R-44 Raven,H1P,L
A41E0B,N36439,TAYB,TAYLORCRAFT BC/BF/BL,L1P,L
A41F0B,N365BU,C56X,CESSNA 560XL Citation XLS,L2J,M
A4250B,N36604,AR65,AERONCA 65 Super Chief,L1P,L
A4260B,N3668E,AR11,AERONCA 11 Chief,L1P,L
A42A0B,N368AG,GLF4,GULFSTREAM 4,L2J,M
A42F0B,N369PL,FOX,KITFOX,L1P,L
A4320B,N37GC,P32R,PIPER PA-32R-300/301/301T,L1P,L
A4330B,N37SJ,S22T,CIRRUS SR-22T Turbo,L1P,L
A4340B,N370CP,C82T,CESSNA TR182 Turbo Skylane RG,L1P,L
A43F0B,N373BB,SR22,CIRRUS SR-22,L1P,L
A4420B,N3735V,PARA,,P0-,-
A4460B,N3747Y,C210,CESSNA 201 Centurion,L1P,L
A4530B,N378RS,P28R,PIPER PA-28R-180/200/201,L1P,L
A4540B,N3781N,BE35,BEECH 35 Starfire Bonanza,L1P,L
A45A0B,N38MG,LJ31,LEARJET 31,L2J,M
A45F0B,N381AK,AS50,AEROSPATIALE AS-350 Ecureuil,H1T,L
A4620B,N3815C,,,,
A4690B,N38318,J3,PIPER J-3 Cub,L1P,L
A46A0B,N3839J,BE24,BEECH 24 Sierra,L1P,L
A4730B,N386R,BE35,BEECH 35 Starfire Bonanza,L1P,L
A47B0B,N388WW,WW24,IAI 1124 Westwind,L2J,M
A4820B,N39SL,KP5,JIHLAVAN KP-5 Skyleader,L1P,L
A4890B,N3911R,C172,CESSNA 172 Skyhawk,L1P,L
A48A0B,N39182,TAYD,TAYLORCRAFT DC/DF/DL,L1P,L
A4950B,N39470,S108,STINSON 108 Voyager,L1P,L
A4960B,N395H,COUR,HELIO Courier,L1P,L
A4980B,N3952S,C172,CESSNA 172 Skyhawk,L1P,L
A4A00B,N3976Y,C210,CESSNA 201 Centurion,L1P,L
A4A40B,N39881,BL17,BELLANCA 17 Viking,L1P,L
A4A70B,N3993T,P28R,PIPER PA-28R-180/200/201,L1P,L
A4A80B,N4BC,SF50,CIRRUS SF-50 Vision,L1J,L
A4AC0B,N40UA,L39,LET L-39 Albatros,L1J,L
A4AF0B,N4000T,RV14,VANS RV-14,L1P,L
A4B00B,N40074,BE18,BEECH 18 Expetitor,L2P,L
A4B30B,N4012W,,,,
A4B60B,N402WH,P40,CURTISS P-40 Kittyhawk,L1P,L
A4B70B,N4024Z,PA18,PIPER PA-18 Super Cub,L1P,L
A4BE0B,N4041U,C150,CESSNA 150,L1P,L
A4C60B,N40650,M4,MAULE M-4,L1P,L
A4C70B,N407EE,C310,CESSNA 310,L2P,L
A4CD0B,N4082V,T6,NORTH AMERICAN T-6 Texan,L1P,L
A4CE0B,N40896,J5,PIPER J-5 Cub Cruiser,L1P,L
A4D20B,N41CT,PA11,PIPER PA-11 Cub Special,L1P,L
A4D80B,N411CB,M4,MAULE M-4,L1P,L
A4DB0B,N4116K,PA31,PIPER PA-31-300/310/325/350/425,L2P,L
A4DC0B,N412F,B412,BELL 412,H2T,L
A4E20B,N4133E,PA18,PIPER PA-18 Super Cub,L1P,L
A4E30B,N414AQ,C414,CESSNA 414 Chancellor,L2P,L
A4E90B,N4150,MITE,MOONEY M-18,L1P,L
A4EA0B,N4157L,PA18,PIPER PA-18 Super Cub,L1P,L
A4EC0B,N416SS,CH7B,BELLANCA 7 Citabria,L1P,L
A4F10B,N4174F,P28A,PIPER PA-28-140/150/160/180,L1P,L
A4F20B,N418CA,H25B,HAWKER BEECHCRAFT Hawker 750/850,L2J,M
A4FC0B,N420EH,C25A,CESSNA 525A Citation CJ2,L2J,L
A4FF0B,N42076,PA31,PIPER PA-31-300/310/325/350/425,L2P,L
A5000B,N421HF,C421,CESSNA 421 Executive Commuter,L2P,L
A5010B,N421TM,C421,CESSNA 421 Executive Commuter,L2P,L
A5040B,N422LD,SR22,CIRRUS SR-22,L1P,L
A5060B,N42241,P28A,PIPER PA-28-140/150/160/180,L1P,L
A5070B,N423CW,PA44,PIPER PA-44 Seminole,L2P,L
A50A0B,N42364,C182,CESSNA 182 Skylane,L1P,L
A5120B,N426BJ,C172,CESSNA 172 Skyhawk,L1P,L
A5150B,N42652,C182,CESSNA 182 Skylane,L1P,L
A5180B,N4270U,C150,CESSNA 150,L1P,L
A51B0B,N428TL,BE35,BEECH 35 Starfire Bonanza,L1P,L
A51D0B,N42898,C182,CESSNA 182 Skylane,L1P,L
A5200B,N42940,,,,
A5210B,N43CV,E300,EXTRA EA-300/330/350,L1P,L
A5260B,N4304J,P28A,PIPER PA-28-140/150/160/180,L1P,L
A5270B,N431CD,SR22,CIRRUS SR-22,L1P,L
A52A0B,N4316M,PA12,PIPER PA-12 Super Cruiser,L1P,L
A52D0B,N4321D,,,,
A52E0B,N4328Q,C172,CESSNA 172 Skyhawk,L1P,L
A5310B,N4333G,PA34,PIPER PA-34 Seneca,L2P,L
A5320B,N434AS,B739,BOEING 737-900,L2J,M
A5350B,N4345K,P28B,PIPER PA-28-201T/235/236,L1P,L
A5390B,N4357N,C195,CESSNA 195,L1P,L
A53C0B,N4362E,CH7A,BELLANCA 7 Champion,L1P,L
A5400B,N4374H,M20P,MOONEY M-20,L1P,L
A5410B,N438CC,PA11,PIPER PA-11 Cub Special,L1P,L
A5440B,N4386L,RV4,VANS RV-4,L1P,L
A5490B,N44HZ,VENT,SCHEMPP-HIRTH Ventus,L1P,L
A54D0B,N4400X,P28A,PIPER PA-28-140/150/160/180,L1P,L
A5500B,N441TP,C414,CESSNA 414 Chancellor,L2P,L
A5520B,N442A,PA18,PIPER PA-18 Super Cub,L1P,L
A5530B,N442LF,GLEX,BOMBARDIER BD-700 Global 6000/6500,L2J,M
A5540B,N442WM,R44,ROBINSON R-44 Raven,H1P,L
A5550B,N44243,TAYB,TAYLORCRAFT BC/BF/BL,L1P,L
A55A0B,N444FW,P32R,PIPER PA-32R-300/301/301T,L1P,L
A55B0B,N444SB,BE36,BEECH 36 Bonanza,L1P,L
A55D0B,N44489,ULAC,,L0-,-
A5620B,N446MS,,,,
A5640B,N44654,P28A,PIPER PA-28-140/150/160/180,L1P,L
A5680B,N44777,P28B,PIPER PA-28-201T/235/236,L1P,L
A56C0B,N449,C180,CESSNA  180 Skywagon,L1P,L
A5700B,N45CX,SR22,CIRRUS SR-22,L1P,L
A5710B,N45PC,PA22,PIPER PA-22,L1P,L
A57D0B,N4528S,BE35,BEECH 35 Starfire Bonanza,L1P,L
A5800B,N4533J,C188,CESSNA 188 AgTruck,L1P,L
A5820B,N454M,DA40,DIAMOND DA-40 Club Star,L1P,L
A5840B,N4545M,BE58,BEECH 58 Baron,L2P,L
A5850B,N455DS,,,,
A5870B,N4550D,P28A,PIPER PA-28-140/150/160/180,L1P,L
A58F0B,N4574K,NAVI,NORTH AMERICAN Navion,L1P,L
A5930B,N4586N,ST75,STEARMAN Kaydet,L1P,L
A5960B,N4591E,CH7A,BELLANCA 7 Champion,L1P,L
A5980B,N46JA,PA46,PIPER PA-46-310/350,L1P,L
A59A0B,N460EM,BE9L,BEECH 90 King Air,L2T,L
A5A00B,N46122,C172,CESSNA 172 Skyhawk,L1P,L
A5A30B,N462WP,RV7,VANS RV-7,L1P,L
A5A40B,N46245,C172,CESSNA 172 Skyhawk,L1P,L
A5A80B,N46368,NAVI,NORTH AMERICAN Navion,L1P,L
A5AB0B,N46410,C172,CESSNA 172 Skyhawk,L1P,L
A5B70B,N46779,J3,PIPER J-3 Cub,L1P,L
A5BD0B,N469WN,B737,BOEING 737-700,L2J,M
A5C40B,N4704N,C182,CESSNA 182 Skylane,L1P,L
A5C50B,N471CH,B47G,BELL 47G,H1P,L
A5C60B,N471NP,RV6,VANS RV-6,L1P,L
A5D00B,N474AW,P210,CESSNA P210 Centurion,L1P,L
A5D30B,N4745P,C152,CESSNA 152,L1P,L
A5D60B,N4750F,C206,CESSNA  206 Stationair,L1P,L
A5E20B,N4786Q,C185,CESSNA 185 Skywagon,L1P,L
A5E60B,N4798T,P28A,PIPER PA-28-140/150/160/180,L1P,L
A5E70B,N48JC,T6,NORTH AMERICAN T-6 Texan,L1P,L
A5F30B,N48247,TAYD,TAYLORCRAFT DC/DF/DL,L1P,L
A5F40B,N483DB,ULAC,,L0-,-
A6020B,N48658,G164,GRUMMAN G-164 Ag-Cat,L1P,L
A6060B,N4878A,PA18,PIPER PA-18 Super Cub,L1P,L
A6090B,N48823,C152,CESSNA 152,L1P,L
A60A0B,N489AC,CH7B,BELLANCA 7 Citabria,L1P,L
A60F0B,N49PG,BE35,BEECH 35 Starfire Bonanza,L1P,L
A6130B,N4904Q,C188,CESSNA 188 AgTruck,L1P,L
A6170B,N4916T,P28A,PIPER PA-28-140/150/160/180,L1P,L
A61B0B,N4928W,AC11,NORTH AMERICAN ROCKWELL Commander 112/114,L1P,L
A6250B,N4950H,C82R,CESSNA R182 Skylane RG,L1P,L
A6280B,N496T,BE35,BEECH 35 Starfire Bonanza,L1P,L
A6290B,N4962L,C152,CESSNA 152,L1P,L
A6350B,N4998V,HCAT,GRUMMAN F6F Hellcat,L1P,L
A6360B,N5JE,B350,BEECHCRAFT Super King Air 350,L2T,M
A6380B,N50ER,AA5,AMERICAN AA-5 Tiger,L1P,L
A63A0B,N500BB,C172,CESSNA 172 Skyhawk,L1P,L
A63B0B,N500MH,SR20,CIRRUS SR-20,L1P,L
A63C0B,N500XP,H25B,HAWKER BEECHCRAFT Hawker 750/850,L2J,M
A63E0B,N501E,DV20,DIAMOND DA-20,L1P,L
A6450B,N50291,C172,CESSNA 172 Skyhawk,L1P,L
A6460B,N503KW,B763,BOEING 767-300,L2J,H
A6480B,N5034T,ULAC,,L0-,-
A64B0B,N504Z,RV6,VANS RV-6,L1P,L
A64D0B,N505FL,P28A,PIPER PA-28-140/150/160/180,L1P,L
A64E0B,N505RS,B505,BELL 505 JetRanger X,H1T,L
A6500B,N5058Z,AVTR,AERO ADVENTURE Aventura 2,A1P,L
A6540B,N507BA,E550,EMBRAER EMB-550 Praetor 600,L2J,M
A6570B,N5075U,O1,CESSNA 305/341 Bird Dog,L1P,L
A65A0B,N5080L,BE65,BEECH 65 Queen Air,L2P,L
A65B0B,N5087X,CH7A,BELLANCA 7 Champion,L1P,L
A65D0B,N509TC,M7,MAULE M-7,L1P,L
A65F0B,N50990,C150,CESSNA 150,L1P,L
A6610B,N51WA,BE33,BEECH 33 Bonanza,L1P,L
A6630B,N510SM,C421,CESSNA 421 Executive Commuter,L2P,L
A6660B,N511KD,LJ31,LEARJET 31,L2J,M
A6690B,N512BW,AA5,AMERICAN AA-5 Tiger,L1P,L
A66C0B,N5126D,C182,CESSNA 182 Skylane,L1P,L
A66E0B,N513R,BE35,BEECH 35 Starfire Bonanza,L1P,L
A66F0B,N51306,C150,CESSNA 150,L1P,L
A6780B,N516DG,F2TH,DASSAULT Falcon 2000,L2J,M
A67B0B,N5167E,C172,CESSNA 172 Skyhawk,L1P,L
A67D0B,N517SL,PA34,PIPER PA-34 Seneca,L2P,L
A67F0B,N5179H,C172,CESSNA 172 Skyhawk,L1P,L
A6860B,N5196C,BE35,BEECH 35 Starfire Bonanza,L1P,L
A6870B,N52ET,C25B,CESSNA 525B Citation CJ3,L2J,L
A6900B,N52170,C180,CESSNA  180 Skywagon,L1P,L
A6910B,N522H,WAIX,SONEX Waiex,L1P,L
A6940B,N52293,ST75,STEARMAN Kaydet,L1P,L
A69C0B,N525FN,C25A,CESSNA 525A Citation CJ2,L2J,L
A69E0B,N5251Q,BALL,,B0-,-
A6A00B,N526JL,A320,AIRBUS A-320,L2J,M
A6A20B,N5263T,PA32,PIPER PA-32,L1P,L
A6A30B,N527BC,RV6,VANS RV-6,L1P,L
A6A60B,N5275W,C172,CESSNA 172 Skyhawk,L1P,L
A6A70B,N528EA,EA50,ECLIPSE 550,L2J,L
A6A90B,N5280N,ST75,STEARMAN Kaydet,L1P,L
A6AA0B,N5287Z,PA22,PIPER PA-22,L1P,L
A6AD0B,N5292R,C172,CESSNA 172 Skyhawk,L1P,L
A6AE0B,N52992,C182,CESSNA 182 Skylane,L1P,L
A6B00B,N53WC,WACF,WACO F,L1P,L
A6B40B,N5309L,P28A,PIPER PA-28-140/150/160/180,L1P,L
A6B90B,N532ND,C172,CESSNA 172 Skyhawk,L1P,L
A6BD0B,N533RB,P28R,PIPER PA-28R-180/200/201,L1P,L
A6C60B,N5355D,C180,CESSNA  180 Skywagon,L1P,L
A6CD0B,N53719,CH7B,BELLANCA 7 Citabria,L1P,L
A6CE0B,N5379K,NAVI,NORTH AMERICAN Navion,L1P,L
A6D00B,N538VL,A20N,AIRBUS A-320neo,L2J,M
A6D10B,N5384B,C182,CESSNA 182 Skylane,L1P,L
A6D50B,N5396E,C172,CESSNA 172 Skyhawk,L1P,L
A6D70B,N54RA,C182,CESSNA 182 Skylane,L1P,L
A6D80B,N540BF,EDGE,ZIVKO Edge 540,L1P,L
A6D90B,N540MM,,,,
A6DE0B,N5410R,C172,CESSNA 172 Skyhawk,L1P,L
A6E10B,N542TH,C172,CESSNA 172 Skyhawk,L1P,L
A6E20B,N5422U,BE95,BEECH 95 Travel Air,L2P,L
A6EC0B,N545RW,C25A,CESSNA 525A Citation CJ2,L2J,L
A6ED0B,N5451S,C337,CESSNA 337 Super Skymaster,L2P,L
A6EF0B,N546JN,MD11,MCDONNELL-DOUGLAS MD-11,L3J,H
A6F10B,N5463V,P51,NORTH AMERICAN P-51 Mustang,L1P,L
A6F60B,N548EC,C177,CESSNA  177 Cardinal,L1P,L
A6F80B,N5480Q,C150,CESSNA 150,L1P,L
A6FA0B,2610,B412,BELL 412,H2T,L
A6FC0B,N5492T,C172,CESSNA 172 Skyhawk,L1P,L
A6FF0B,N55WE,DHC2,DE HAVILLAND DHC-2 Beaver,L1P,L
A7000B,N550GK,S22T,CIRRUS SR-22T Turbo,L1P,L
A7010B,N550SR,DRON,,D0-,-
A7020B,N5502B,C182,CESSNA 182 Skylane,L1P,L
A7030B,N5509N,CH7A,BELLANCA 7 Champion,L1P,L
A7060B,N5514E,C150,CESSNA 150,L1P,L
A7090B,N552YM,GLEX,BOMBARDIER BD-700 Global 6000/6500,L2J,M
A70C0B,N553RD,A139,AGUSTA AW-139,H2T,L
A7120B,N555AN,MD82,MCDONNELL-DOUGLAS MD-82,L2J,M
A7140B,N555X,,,,
A7170B,N556PS,CHR4,ELMWOOD CH-8 Christavia Mk4,L1P,L
A7190B,N5567J,SR22,CIRRUS SR-22,L1P,L
A71A0B,N557GJ,CRJ7,BOMBARDIER Regional Jet CRJ-700,L2J,M
A71C0B,N5572A,BALL,,B0-,-
A71D0B,N5579M,BE33,BEECH 33 Bonanza,L1P,L
A7200B,N5584D,BE35,BEECH 35 Starfire Bonanza,L1P,L
A7250B,N56EX,PA18,PIPER PA-18 Super Cub,L1P,L
A7260B,N56RC,VP2,EVANS Volksplane,L1P,L
A7270B,N560BH,,,,
A7280B,N560MP,PA46,PIPER PA-46-310/350,L1P,L
A72A0B,N56051,,,,
A7370B,N564P,SF50,CIRRUS SF-50 Vision,L1J,L
A7390B,N56462,M6,MAULE M-6,L1P,L
A73A0B,N565FS,,,,
A7400B,N5663X,SS2P,ROCKWELL Thrush Commander,L1P,L
A7440B,N56750,P28A,PIPER PA-28-140/150/160/180,L1P,L
A74A0B,N569TJ,RBEL,MURPHY Rebel,L1P,L
A74B0B,N5692V,P32R,PIPER PA-32R-300/301/301T,L1P,L
A7530B,N571KK,T33,LOCKHEED T-33,L1J,M
A7590B,N5726K,BE35,BEECH 35 Starfire Bonanza,L1P,L
A75D0B,N5738N,J3,PIPER J-3 Cub,L1P,L
A7600B,N5743E,C150,CESSNA 150,L1P,L
A7640B,N5755H,PA16,PIPER PA-16 Clipper,L1P,L
A76C0B,N5779P,PA24,PIPER PA-24 Comanche,L1P,L
A76F0B,N5784F,P28A,PIPER PA-28-140/150/160/180,L1P,L
A7700B,N579CA,AC11,NORTH AMERICAN ROCKWELL Commander 112/114,L1P,L
A7730B,N5796J,C210,CESSNA 201 Centurion,L1P,L
A7760B,N580BK,BE20,BEECH 200 Super King Air,L2T,M
A7780B,N580XX,C82S,CESSNA T182 Turbo Skylane,L1P,L
A7790B,N58053,J3,PIPER J-3 Cub,L1P,L
A77C0B,N5810V,ST75,STEARMAN Kaydet,L1P,L
A77F0B,N582TM,BE36,BEECH 36 Bonanza,L1P,L
A7840B,N58341,H500,HUGHES 500,H1T,L
A78B0B,N5851W,P28A,PIPER PA-28-140/150/160/180,L1P,L
A78F0B,N5863Z,PA22,PIPER PA-22,L1P,L
A79B0B,N58998,C182,CESSNA 182 Skylane,L1P,L
A7A00B,N5902F,C210,CESSNA 201 Centurion,L1P,L
A7A40B,N5914J,C182,CESSNA 182 Skylane,L1P,L
A7AA0B,N593RH,VAMP,DE HAVILLAND DH-100/115 Vampire,L1J,L
A7AB0B,N5931D,PA22,PIPER PA-22,L1P,L
A7AC0B,N5938Q,M20P,MOONEY M-20,L1P,L
A7AD0B,N594J,JAB4,JABIRU J200-450,L1P,L
A7AF0B,N5943G,C182,CESSNA 182 Skylane,L1P,L
A7B00B,N595AS,SR22,CIRRUS SR-22,L1P,L
A7B30B,N5955K,AC90,NORTH AMERICAN ROCKWELL Turbo Commander 690/840,L2T,L
A7B90B,N597SU,R44,ROBINSON R-44 Raven,H1P,L
A7BA0B,N5972E,C150,CESSNA 150,L1P,L
A7BE0B,N5984H,PA16,PIPER PA-16 Clipper,L1P,L
A7BF0B,N599CC,PA11,PIPER PA-11 Cub Special,L1P,L
A7C30B,N6FA,AA1,AMERICAN AA-1,L1P,L
A7C50B,N60BM,AC68,AERO Commander 680,L2P,L
A7C80B,N600JD,GLF5,GULFSTREAM 5,L2J,M
A7CB0B,N601AW,A320,AIRBUS A-320,L2J,M
A7CC0B,N601MB,C182,CESSNA 182 Skylane,L1P,L
A7CE0B,N6015P,PA24,PIPER PA-24 Comanche,L1P,L
A7D10B,N6020F,C82T,CESSNA TR182 Turbo Skylane RG,L1P,L
A7D90B,N6044M,S108,STINSON 108 Voyager,L1P,L
A7DB0B,N605NN,CRJ9,BOMBARDIER Regional Jet CRJ-900,L2J,M
A7DD0B,N6056Q,BE36,BEECH 36 Bonanza,L1P,L
A7DE0B,N606FE,MD11,MCDONNELL-DOUGLAS MD-11,L3J,H
A7E00B,N6061G,C150,CESSNA 150,L1P,L
A7E60B,N608MA,RV9,VANS RV-9,L1P,L
A7E80B,N6085N,BE23,BEECH 23 Sundowner,L1P,L
A7EC0B,N6097R,C172,CESSNA 172 Skyhawk,L1P,L
A7ED0B,N61GR,B06,BELL 206 JetRanger,H1T,L
A7EF0B,N610DB,C82S,CESSNA T182 Turbo Skylane,L1P,L
A7F20B,N6107,COY2,RANS Coyote 2,L1P,L
A7F30B,N611G,C182,CESSNA 182 Skylane,L1P,L
A7F50B,N61112,C150,CESSNA 150,L1P,L
A7FB0B,N613MW,BE36,BEECH 36 Bonanza,L1P,L
A7FD0B,N61358,ST75,STEARMAN Kaydet,L1P,L
A8030B,N615TS,WAIX,SONEX Waiex,L1P,L
A8080B,N61646,,,,
A8090B,N617DA,SR20,CIRRUS SR-20,L1P,L
A80C0B,N61769,C172,CESSNA 172 Skyhawk,L1P,L
A80F0B,N61811,C185,CESSNA 185 Skywagon,L1P,L
A8140B,N62BP,PA32,PIPER PA-32,L1P,L
A8190B,N6203N,B47G,BELL 47G,H1P,L
A81B0B,N621MD,F900,DASSAULT Falcon 900,L3J,M
A8200B,N6220H,J3,PIPER J-3 Cub,L1P,L
A8210B,N6227U,M20P,MOONEY M-20,L1P,L
A8230B,N623T,BE35,BEECH 35 Starfire Bonanza,L1P,L
A8260B,N624KS,AS50,AEROSPATIALE AS-350 Ecureuil,H1T,L
A8270B,N624VY,,,,
A8280B,N6244P,PA24,PIPER PA-24 Comanche,L1P,L
A82E0B,N626RN,PA32,PIPER PA-32,L1P,L
A8340B,N628AX,MRF1,DASSAULT Mirage F1,L1J,M
A8350B,N628MC,PC12,PILATUS PC-12,L1T,L
A83B0B,N6297T,C150,CESSNA 150,L1P,L
A83C0B,N63GT,C310,CESSNA 310,L2P,L
A83F0B,N630PK,FOX,KITFOX,L1P,L
A8410B,N6307B,C185,CESSNA 185 Skywagon,L1P,L
A8440B,N63114,C150,CESSNA 150,L1P,L
A8460B,N632K,BL8,BELLANCA 8 Decathlon,L1P,L
A8480B,N63237,C150,CESSNA 150,L1P,L
A84C0B,N6336,GLID,,L0-,-
A84F0B,N63402,BALL,,B0-,-
A8530B,N63525,C180,CESSNA  180 Skywagon,L1P,L
A8540B,N636AE,E145,EMBRAER ERJ-145,L2J,M
A8570B,N63648,BALL,,B0-,-
A8620B,N63936,BE36,BEECH 36 Bonanza,L1P,L
A8630B,N64BR,PA31,PIPER PA-31-300/310/325/350/425,L2P,L
A8650B,N64YC,C56X,CESSNA 560XL Citation XLS,L2J,M
A8680B,N6403Q,M20P,MOONEY M-20,L1P,L
A8690B,N641B,RV6,VANS RV-6,L1P,L
A86C0B,N6415T,C150,CESSNA 150,L1P,L
A8750B,N644KU,DRON,,D0-,-
A8760B,N644W,D1,DERRINGER New Derringer,L2P,L
A8770B,N6444R,P28A,PIPER PA-28-140/150/160/180,L1P,L
A87B0B,N6456U,T210,CESSNA T210 Turbo Centurion,L1P,L
A8840B,N648ME,E55P,EMBRAER EMB-505 Phenom 300,L2J,M
A8870B,N649DX,E50P,EMBRAER EMB-500 Phenom 100,L2J,L
A88B0B,N65GV,C172,CESSNA 172 Skyhawk,L1P,L
A88C0B,N65TA,BE9L,BEECH 90 King Air,L2T,L
A88D0B,N650DF,,,,
A89F0B,N6548E,C172,CESSNA 172 Skyhawk,L1P,L
A8A60B,N6565,G164,GRUMMAN G-164 Ag-Cat,L1P,L
A8A80B,N657PL,,,,
A8AD0B,N65815,C172,CESSNA 172 Skyhawk,L1P,L
A8B20B,N66BT,C210,CESSNA 201 Centurion,L1P,L
A8B70B,N6603S,C150,CESSNA 150,L1P,L
A8BE0B,N6620M,S108,STINSON 108 Voyager,L1P,L
A8BF0B,N6627Y,PA23,PIPER PA-23,L2P,L
A8C20B,N6632Q,G164,GRUMMAN G-164 Ag-Cat,L1P,L
A8C60B,N6644T,C150,CESSNA 150,L1P,L
A8CA0B,N6656W,BE36,BEECH 36 Bonanza,L1P,L
A8CB0B,N666FL,P28A,PIPER PA-28-140/150/160/180,L1P,L
A8CC0B,N666RS,BL17,BELLANCA 17 Viking,L1P,L
A8CD0B,N6661N,T210,CESSNA T210 Turbo Centurion,L1P,L
A8D20B,N668BA,A5,ICON A-5,A1P,L
A8D50B,N6685U,M20P,MOONEY M-20,L1P,L
A8DA0B,N67GX,M20P,MOONEY M-20,L1P,L
A8DB0B,N67TC,B738,BOEING 737-800,L2J,M
A8DF0B,N6707F,P32R,PIPER PA-32R-300/301/301T,L1P,L
A8E10B,N671SM,COL4,CESSNA 400 Corvalis TT,L1P,L
A8E60B,N6724A,C172,CESSNA 172 Skyhawk,L1P,L
A8F90B,N6777E,C175,CESSNA 175 Skylark,L1P,L
A8FB0B,N678SL,BE36,BEECH 36 Bonanza,L1P,L
A8FC0B,N67817,B06,BELL 206 JetRanger,H1T,L
A9050B,N680UT,C680,CESSNA 680 Citation Sovereign,L2J,M
A9060B,N6803U,M20P,MOONEY M-20,L1P,L
A90F0B,N683H,C172,CESSNA 172 Skyhawk,L1P,L
A9110B,N6832S,BE95,BEECH 95 Travel Air,L2P,L
A9190B,N6856Y,PA23,PIPER PA-23,L2P,L
A91E0B,N687JL,C25C,CESSNA 525C Citation CJ4,L2J,M
A9210B,N688BC,,,,
A9240B,N6885W,P28A,PIPER PA-28-140/150/160/180,L1P,L
A9290B,LV-COU,BE9L,BEECH 90 King Air,L2T,L
A92E0B,N6907H,J3,PIPER J-3 Cub,L1P,L
A9300B,N691SP,C172,CESSNA 172 Skyhawk,L1P,L
A9320B,N6919L,C310,CESSNA 310,L2P,L
A93F0B,N695U,GLID,,L0-,-
A9400B,N6953A,BALL,,B0-,-
A9410B,N696AL,C172,CESSNA 172 Skyhawk,L1P,L
A9440B,N6965D,PA18,PIPER PA-18 Super Cub,L1P,L
A94B0B,N69819,B739,BOEING 737-900,L2J,M
A94C0B,N6989K,PA20,PIPER PA-20 Pacer,L1P,L
A9500B,N7BX,BE55,BEECH 55 Baron,L2P,L
A9520B,N7YJ,B06,BELL 206 JetRanger,H1T,L
A9550B,N700F,TCAT,GRUMMAN F7F Tigercat,L2P,M
A9580B,N7008N,R44,ROBINSON R-44 Raven,H1P,L
A95B0B,N7013E,C175,CESSNA 175 Skylark,L1P,L
A95F0B,N7025H,J3,PIPER J-3 Cub,L1P,L
A9600B,N703DN,B77L,BOEING 777-200LR,L2J,H
A9650B,N704SS,C150,CESSNA 150,L1P,L
A9660B,N7042C,P28A,PIPER PA-28-140/150/160/180,L1P,L
A9670B,N7049P,,,,
A96B0B,N706CA,C402,CESSNA 402 Businessliner,L2P,L
A96C0B,N706NG,PC12,PILATUS PC-12,L1T,L
A9700B,N707RE,C170,CESSNA 170,L1P,L
A9710B,N7071A,C172,CESSNA 172 Skyhawk,L1P,L
A9790B,N7095G,C172,CESSNA 172 Skyhawk,L1P,L
A97B0B,N71PT,RV7,VANS RV-7,L1P,L
A97C0B,N71ZZ,MUS2,BUSHBY M-2 Mustang 2,L1P,L
A97F0B,N71041,C182,CESSNA 182 Skylane,L1P,L
A9800B,N711CW,LJ24,LEARJET 24,L2J,L
A9810B,N711PB,AC90,NORTH AMERICAN ROCKWELL Turbo Commander 690/840,L2T,L
A9830B,N71164,C182,CESSNA 182 Skylane,L1P,L
A9870B,N71287,C182,CESSNA 182 Skylane,L1P,L
A9880B,N713JS,VENT,SCHEMPP-HIRTH Ventus,L1P,L
A98A0B,N7133Z,ACR2,ACRO SPORT 2,L1P,L
A98B0B,N714BJ,C150,CESSNA 150,L1P,L
A98C0B,N714MQ,UH1,BELL UH-1 Huey,H1T,L
A98E0B,N71452,C182,CESSNA 182 Skylane,L1P,L
A9910B,N7150U,BALL,,B0-,-
A9920B,N71575,L8,LUSCOMBE 8,L1P,L
A9940B,N716TL,AVID,AVID Flyer,L1P,L
A9950B,N7162X,C150,CESSNA 150,L1P,L
A9960B,N71698,L8,LUSCOMBE 8,L1P,L
A9970B,N717LC,B190,BEECH 1900,L2T,M
A9980B,N717WJ,RV8,VANS RV-8,L1P,L
A99B0B,N718PA,BE35,BEECH 35 Starfire Bonanza,L1P,L
A9A10B,N71986,L8,LUSCOMBE 8,L1P,L
A9A60B,N7201D,PA22,PIPER PA-22,L1P,L
A9AB0B,N722AS,CL35,BOMBARDIER BD-100 Challenger 350,L2J,M
A9B10B,N7230B,BE35,BEECH 35 Starfire Bonanza,L1P,L
A9B50B,N7242E,C182,CESSNA 182 Skylane,L1P,L
A9B70B,N725KL,S22T,CIRRUS SR-22T Turbo,L1P,L
A9B90B,N7254H,C206,CESSNA  206 Stationair,L1P,L
A9BA0B,N726CC,SR22,CIRRUS SR-22,L1P,L
A9BE0B,N727FA,T210,CESSNA T210 Turbo Centurion,L1P,L
A9BF0B,N727RG,LA4,LAKE LA-4/200,A1P,L
A9C00B,N7271C,P28R,PIPER PA-28R-180/200/201,L1P,L
A9C10B,N7278P,PA24,PIPER PA-24 Comanche,L1P,L
A9C80B,N7295J,P28A,PIPER PA-28-140/150/160/180,L1P,L
A9CB0B,N730A,P28A,PIPER PA-28-140/150/160/180,L1P,L
A9CD0B,N730WM,C82S,CESSNA T182 Turbo Skylane,L1P,L
A9CE0B,N73043,C172,CESSNA 172 Skyhawk,L1P,L
A9CF0B,N731CY,P210,CESSNA P210 Centurion,L1P,L
A9D00B,N731PD,P210,CESSNA P210 Centurion,L1P,L
A9D40B,N732SB,PC12,PILATUS PC-12,L1T,L
A9D60B,N73289,C172,CESSNA 172 Skyhawk,L1P,L
A9D80B,N733V,,,,
A9D90B,N73331,C172,CESSNA 172 Skyhawk,L1P,L
A9DC0B,N734XY,C172,CESSNA 172 Skyhawk,L1P,L
A9DD0B,N73454,C172,CESSNA 172 Skyhawk,L1P,L
A9DE0B,N735EJ,C182,CESSNA 182 Skylane,L1P,L
A9E00B,N7350W,P28A,PIPER PA-28-140/150/160/180,L1P,L
A9E10B,N73577,C172,CESSNA 172 Skyhawk,L1P,L
A9E20B,N736HG,C172,CESSNA 172 Skyhawk,L1P,L
A9E60B,N737LE,B737,BOEING 737-700,L2J,M
A9E80B,N73742,C207,CESSNA 207 Turbo Stationair,L1P,L
A9E90B,N738CX,C172,CESSNA 172 Skyhawk,L1P,L
A9F30B,N740FD,A30B,AIRBUS A-300-200,L2J,H
A9F70B,N741JB,BE35,BEECH 35 Starfire Bonanza,L1P,L
A9F90B,N7413J,P28A,PIPER PA-28-140/150/160/180,L1P,L
A9FE0B,N743DS,P28A,PIPER PA-28-140/150/160/180,L1P,L
AA030B,N744SW,B737,BOEING 737-700,L2J,M
AA0C0B,N7466N,BE36,BEECH 36 Bonanza,L1P,L
AA0D0B,N747FC,SR20,CIRRUS SR-20,L1P,L
AA0E0B,N747RJ,RV10,VANS RV-10,L1P,L
AA130B,N7483H,J3,PIPER J-3 Cub,L1P,L
AA180B,N75DR,P32R,PIPER PA-32R-300/301/301T,L1P,L
AA190B,N75PX,BE30,BEECH 300 Super King Air,L2T,L
AA1A0B,N750AB,TBM7,SOCATA TBM-700A/B/C,L1T,L
AA1C0B,N750WP,CH75,ZENAIR CH-750 Cruzer,L1P,L
AA1E0B,N751D,BE35,BEECH 35 Starfire Bonanza,L1P,L
AA1F0B,N751PF,M7,MAULE M-7,L1P,L
AA250B,N7529A,BALL,,B0-,-
AA2E0B,N755QS,CL35,BOMBARDIER BD-100 Challenger 350,L2J,M
AA300B,N75579,,,,
AA330B,N75621,C172,CESSNA 172 Skyhawk,L1P,L
AA340B,N757AA,C152,CESSNA 152,L1P,L
AA350B,N757LG,C152,CESSNA 152,L1P,L
AA390B,N758PE,C172,CESSNA 172 Skyhawk,L1P,L
AA400B,N76JV,RV6,VANS RV-6,L1P,L
AA410B,N76VA,BE23,BEECH 23 Sundowner,L1P,L
AA430B,N760RM,C414,CESSNA 414 Chancellor,L2P,L
AA460B,N761JD,T210,CESSNA T210 Turbo Centurion,L1P,L
AA490B,N762AW,CH75,ZENAIR CH-750 Cruzer,L1P,L
AA4C0B,N7625P,PA24,PIPER PA-24 Comanche,L1P,L
AA530B,N7642J,P28R,PIPER PA-28R-180/200/201,L1P,L
AA540B,N7649V,A9,NORTH AMERICAN ROCKWELL A-9 Sparrow Commander,L1P,L
AA5C0B,N767FE,C208,CESSNA 208 Caravan,L1T,L
AA5E0B,N7671G,BE36,BEECH 36 Bonanza,L1P,L
AA620B,N7683K,PA20,PIPER PA-20 Pacer,L1P,L
AA630B,N769AV,A20N,AIRBUS A-320neo,L2J,M
AA660B,N7695N,BE35,BEECH 35 Starfire Bonanza,L1P,L
AA680B,N77PZ,RV7,VANS RV-7,L1P,L
AA6D0B,N771DB,NIMB,SCHEMPP-HIRTH Nimbus,L1P,L
AA720B,N772SF,F8L,AEROMERE F-8L Falco,L1P,L
AA730B,N77212,C120,CESSNA 120,L1P,L
AA740B,N7729C,P28A,PIPER PA-28-140/150/160/180,L1P,L
AA770B,N77335,C120,CESSNA 120,L1P,L
AA790B,N774MW,S22T,CIRRUS SR-22T Turbo,L1P,L
AA7E0B,N77500,J3,PIPER J-3 Cub,L1P,L
AA8A0B,N77869,L8,LUSCOMBE 8,L1P,L
AA900B,N78VC,BE58,BEECH 58 Baron,L2P,L
AA930B,N7801K,C180,CESSNA  180 Skywagon,L1P,L
AA970B,N7813N,C182,CESSNA 182 Skylane,L1P,L
AA9F0B,N7837U,C172,CESSNA 172 Skyhawk,L1P,L
AAA60B,N7854P,PA18,PIPER PA-18 Super Cub,L1P,L
AAAE0B,N7878V,M20P,MOONEY M-20,L1P,L
AAB10B,N7883M,,,,
AAB40B,N789XJ,C750,CESSNA 750 Citation 10,L2J,M
AAB50B,N7895Q,C25A,CESSNA 525A Citation CJ2,L2J,L
AAB60B,N79DV,P210,CESSNA P210 Centurion,L1P,L
AAC60B,N79337,M20P,MOONEY M-20,L1P,L
AACE0B,N7958C,DISC,SCHEMPP-HIRTH Discus,L1P,L
AAD40B,N797WS,B47G,BELL 47G,H1P,L
AADA0B,N799GA,GA7,DAHER-SOCATA TB-360 Tangara,L2P,L
AAE00B,N80FK,C25B,CESSNA 525B Citation CJ3,L2J,L
AAE10B,N80RR,BE65,BEECH 65 Queen Air,L2P,L
AAE30B,N800NB,C25A,CESSNA 525A Citation CJ2,L2J,L
AAE80B,N80106,C172,CESSNA 172 Skyhawk,L1P,L
AAEA0B,N802HS,PC12,PILATUS PC-12,L1T,L
AAEB0B,N802TY,AT8T,AIR TRACTOR AT-802,L1T,M
AAEC0B,N80229,C185,CESSNA 185 Skywagon,L1P,L
AAEF0B,N803WW,P28A,PIPER PA-28-140/150/160/180,L1P,L
AAF10B,N804DG,AT8T,AIR TRACTOR AT-802,L1T,M
AAF40B,N8047E,C82R,CESSNA R182 Skylane RG,L1P,L
AAF60B,N805SL,C82R,CESSNA R182 Skylane RG,L1P,L
AAF70B,N80517,C172,CESSNA 172 Skyhawk,L1P,L
AAFB0B,N8064,PTS1,PITTS S-1 Special,L1P,L
AAFF0B,N8076C,PA18,PIPER PA-18 Super Cub,L1P,L
AB000B,N808ET,DA40,DIAMOND DA-40 Club Star,L1P,L
AB020B,N80805,GC1,GLOBE Swift,L1P,L
AB060B,N80928,C172,CESSNA 172 Skyhawk,L1P,L
AB070B,N81AH,HUCO,BELL AH-1 HueyCobra,H1T,L
AB080B,N81LP,C421,CESSNA 421 Executive Commuter,L2P,L
AB0A0B,N810H,AS50,AEROSPATIALE AS-350 Ecureuil,H1T,L
AB0C0B,N8102S,P28A,PIPER PA-28-140/150/160/180,L1P,L
AB0D0B,N81093,C140,CESSNA 140,L1P,L
AB0F0B,N811WD,BE95,BEECH 95 Travel Air,L2P,L
AB120B,N812NW,A333,AIRBUS A-330-300,L2J,H
AB170B,N8131Q,C414,CESSNA 414 Chancellor,L2P,L
AB1B0B,N8143T,C175,CESSNA 175 Skylark,L1P,L
AB1C0B,N815BC,BL8,BELLANCA 8 Decathlon,L1P,L
AB1D0B,N815MJ,RV10,VANS RV-10,L1P,L
AB1F0B,N8155W,P28A,PIPER PA-28-140/150/160/180,L1P,L
AB220B,N8160N,SR22,CIRRUS SR-22,L1P,L
AB230B,N8167Z,RV6,VANS RV-6,L1P,L
AB260B,N8172R,BE58,BEECH 58 Baron,L2P,L
AB270B,N81792,CH7A,BELLANCA 7 Champion,L1P,L
AB290B,N818WC,PA18,PIPER PA-18 Super Cub,L1P,L
AB2B0B,N819CP,C82T,CESSNA TR182 Turbo Skylane RG,L1P,L
AB2E0B,N8196X,C172,CESSNA 172 Skyhawk,L1P,L
AB2F0B,N82FM,RV8,VANS RV-8,L1P,L
AB300B,N82RT,CRER,RANS Courier,L1P,L
AB320B,N820ND,P28A,PIPER PA-28-140/150/160/180,L1P,L
AB360B,N821RB,GLAS,Glasair,L1P,L
AB3B0B,N8223A,C170,CESSNA 170,L1P,L
AB3F0B,N8235D,P32R,PIPER PA-32R-300/301/301T,L1P,L
AB430B,N8247G,PA23,PIPER PA-23,L2P,L
AB460B,N82519,CH7A,BELLANCA 7 Champion,L1P,L
AB480B,N826KE,S22T,CIRRUS SR-22T Turbo,L1P,L
AB4E0B,N8276E,C172,CESSNA 172 Skyhawk,L1P,L
AB4F0B,N828EV,EVSS,EVEKTOR SportStar,L1P,L
AB530B,N829HT,FOX,KITFOX,L1P,L
AB570B,N83LR,RV12,VANS RV-12,L1P,L
AB5D0B,N831L,,,,
AB5F0B,N8314X,C172,CESSNA 172 Skyhawk,L1P,L
AB600B,N832CS,EC35,AIRBUS HELICOPTERS EC-135/635,H2T,L
AB6F0B,N836EC,GC1,GLOBE Swift,L1P,L
AB710B,N8360Q,C185,CESSNA 185 Skywagon,L1P,L
AB790B,N8384W,P28A,PIPER PA-28-140/150/160/180,L1P,L
AB7D0B,N8396Z,P28A,PIPER PA-28-140/150/160/180,L1P,L
AB7F0B,N84RV,PA15,PIPER PA-15 Vagabond,L1P,L
AB800B,N840C,VENT,SCHEMPP-HIRTH Ventus,L1P,L
AB830B,N8406H,P28A,PIPER PA-28-140/150/160/180,L1P,L
AB8E0B,N8435F,P28A,PIPER PA-28-140/150/160/180,L1P,L
AB900B,N844PS,PA24,PIPER PA-24 Comanche,L1P,L
AB950B,N8452A,BE35,BEECH 35 Starfire Bonanza,L1P,L
AB990B,N8464D,PA18,PIPER PA-18 Super Cub,L1P,L
ABA00B,N84809,C172,CESSNA 172 Skyhawk,L1P,L
ABA30B,N849UA,A319,AIRBUS A-319,L2J,M
ABA50B,N85AM,C414,CESSNA 414 Chancellor,L2P,L
ABA80B,N850HD,TBM7,SOCATA TBM-700A/B/C,L1T,L
ABAA0B,N8502W,P28B,PIPER PA-28-201T/235/236,L1P,L
ABB00B,N852P,P28A,PIPER PA-28-140/150/160/180,L1P,L
ABB20B,N85262,CH7A,BELLANCA 7 Champion,L1P,L
ABB90B,N8543X,PARA,,P0-,-
ABC10B,N85673,CH7A,BELLANCA 7 Champion,L1P,L
ABC40B,N8572V,CH7A,BELLANCA 7 Champion,L1P,L
ABC60B,N858LA,BE58,BEECH 58 Baron,L2P,L
ABCD0B,N86FR,F86,NORTH AMERICAN F-86 Sabre,L1J,M
ABCF0B,N860CB,GALX,GULFSTREAM G200,L2J,M
ABD30B,N861F,S22T,CIRRUS SR-22T Turbo,L1P,L
ABD50B,N8611B,C172,CESSNA 172 Skyhawk,L1P,L
ABD60B,N8618N,B738,BOEING 737-800,L2J,M
ABD90B,N8623E,P28A,PIPER PA-28-140/150/160/180,L1P,L
ABDE0B,N864DN,B739,BOEING 737-900,L2J,M
ABDF0B,N864PU,P28A,PIPER PA-28-140/150/160/180,L1P,L
ABE00B,N8640,ZZZZ,,-0-,-
ABE30B,N865SS,SR22,CIRRUS SR-22,L1P,L
ABE50B,N8659P,PA24,PIPER PA-24 Comanche,L1P,L
ABE80B,N8664F,H269,HUGHES Sky Knight,H1P,L
ABEF0B,N8681A,BE35,BEECH 35 Starfire Bonanza,L1P,L
ABF00B,N8688M,,,,
ABF90B,N8702Y,PA30,PIPER PA-30 Twin Comanche,L2P,L
AC010B,N87264,ERCO,AIR PRODUCTS F-1 Aircoupe,L1P,L
AC060B,N874JS,BE33,BEECH 33 Bonanza,L1P,L
AC080B,N8743Z,C206,CESSNA  206 Stationair,L1P,L
AC0F0B,N8760U,C150,CESSNA 150,L1P,L
AC100B,N87675,RELI,STINSON Reliant,L1P,L
AC130B,N8772X,C180,CESSNA  180 Skywagon,L1P,L
AC170B,N87840,J3,PIPER J-3 Cub,L1P,L
AC200B,N880YR,BALL,,B0-,-
AC250B,N8818Q,B38M,BOEING 737 MAX 8,L2J,M
AC2C0B,N8835K,S108,STINSON 108 Voyager,L1P,L
AC300B,N8847N,P28A,PIPER PA-28-140/150/160/180,L1P,L
AC380B,N887CC,GA7,DAHER-SOCATA TB-360 Tangara,L2P,L
AC3B0B,N8876L,AA1,AMERICAN AA-1,L1P,L
AC3E0B,N8881C,PA22,PIPER PA-22,L1P,L
AC3F0B,N8888P,SR22,CIRRUS SR-22,L1P,L
AC430B,N89AR,BALL,,B0-,-
AC510B,N893FW,UH12,HILLER UH-12,H1P,L
AC540B,N89389,C140,CESSNA 140,L1P,L
AC630B,N898,GLF4,GULFSTREAM 4,L2J,M
AC660B,N89842,C140,CESSNA 140,L1P,L
AC6A0B,N89965,C140,CESSNA 140,L1P,L
AC6B0B,N9FV,C82S,CESSNA T182 Turbo Skylane,L1P,L
AC6E0B,N90NM,A109,AGUSTA AW-109 Grand,H2T,L
AC720B,N90035,C140,CESSNA 140,L1P,L
AC740B,N901MW,,,,
AC790B,N90200,,,,
AC7D0B,N90323,GC1,GLOBE Swift,L1P,L
AC820B,N905DA,MD90,MCDONNELL-DOUGLAS MD-90,L2J,M
AC850B,N90569,PA18,PIPER PA-18 Super Cub,L1P,L
AC890B,N9069B,CH7A,BELLANCA 7 Champion,L1P,L
AC8A0B,N907JX,,,,
AC8D0B,N908BP,,,,
AC900B,N90857,,,,
AC920B,N909QT,R22,ROBINSON R-22 Mariner,H1P,L
AC950B,N91HK,CL60,BOMBARDIER CL-600 Challenger,L2J,M
AC990B,N9100H,C172,CESSNA 172 Skyhawk,L1P,L
AC9A0B,N9107U,C150,CESSNA 150,L1P,L
AC9B0B,N911GU,WW24,IAI 1124 Westwind,L2J,M
AC9C0B,N911T,BE35,BEECH 35 Starfire Bonanza,L1P,L
AC9D0B,N9112L,CH7A,BELLANCA 7 Champion,L1P,L
AC9E0B,N9119X,M20P,MOONEY M-20,L1P,L
AC9F0B,N912KS,,,,
ACA10B,N9124P,M20P,MOONEY M-20,L1P,L
ACA80B,N9141J,P28A,PIPER PA-28-140/150/160/180,L1P,L
ACA90B,N9148V,SREY,PROGRESSIVE AERODYNE SeaRey,A1P,L
ACAF0B,N916XJ,CRJ9,BOMBARDIER Regional Jet CRJ-900,L2J,M
ACB40B,N9177T,C180,CESSNA  180 Skywagon,L1P,L
ACB70B,N9182K,P28A,PIPER PA-28-140/150/160/180,L1P,L
ACBB0B,N9194N,J3,PIPER J-3 Cub,L1P,L
ACC20B,N921BS,B350,BEECHCRAFT Super King Air 350,L2T,M
ACD10B,N925DC,GLF4,GULFSTREAM 4,L2J,M
ACD60B,N926SG,,,,
ACD70B,N92613,J3,PIPER J-3 Cub,L1P,L
ACDB0B,N92736,PA12,PIPER PA-12 Super Cruiser,L1P,L
ACE20B,N92901,SKYR,REARWIN Skyranger,L1P,L
ACE90B,N9307W,P28B,PIPER PA-28-201T/235/236,L1P,L
ACEB0B,N931TB,MD90,MCDONNELL-DOUGLAS MD-90,L2J,M
ACF50B,N934FJ,CRJ9,BOMBARDIER Regional Jet CRJ-900,L2J,M
ACF80B,N9348X,C182,CESSNA 182 Skylane,L1P,L
ACFB0B,N9353P,PA24,PIPER PA-24 Comanche,L1P,L
AD060B,N9382M,M20P,MOONEY M-20,L1P,L
AD0B0B,N94CK,LJ45,LEARJET 45,L2J,M
AD140B,N9416B,C175,CESSNA 175 Skylark,L1P,L
AD180B,N9428E,AR11,AERONCA 11 Chief,L1P,L
AD1B0B,N94327,ERCO,AIR PRODUCTS F-1 Aircoupe,L1P,L
AD1C0B,N944AG,CLON,AUTOGYRO Cavalon,G1P,L
AD210B,N945PL,,,,
AD310B,N94903,TAYB,TAYLORCRAFT BC/BF/BL,L1P,L
AD330B,N95HP,SAKO,RANS S-10 Sakota,L1P,L
AD340B,N95TV,B06,BELL 206 JetRanger,H1T,L
AD350B,N950E,WACO,WACO E/O,L1P,L
AD370B,N9500M,M20P,MOONEY M-20,L1P,L
AD3E0B,N952WB,BE58,BEECH 58 Baron,L2P,L
AD430B,N9536W,P28A,PIPER PA-28-140/150/160/180,L1P,L
AD450B,N954RS,MM16,MAGNI M-16 Tandem Trainer,G1P,L
AD470B,N9548Z,TBM,GRUMMAN G-40 Avenger,L1P,M
AD4A0B,N9553R,BE35,BEECH 35 Starfire Bonanza,L1P,L
AD520B,N9577X,C82R,CESSNA R182 Skylane RG,L1P,L
AD580B,N959WA,PA34,PIPER PA-34 Seneca,L2P,L
AD590B,N9594S,CH7B,BELLANCA 7 Citabria,L1P,L
AD5A0B,N96CM,RV4,VANS RV-4,L1P,L
AD5C0B,N96YZ,SRAI,GREAT PLAINS Sonerai,L1P,L
AD600B,N961BW,,,,
AD660B,N96206,HUSK,CHRISTEN Husky,L1P,L
AD670B,N9628G,C182,CESSNA 182 Skylane,L1P,L
AD7E0B,N969ET,GLID,,L0-,-
AD820B,N97HR,PA32,PIPER PA-32,L1P,L
AD830B,N97TX,BKUT,BERKUT Berkut,L1P,L
AD920B,N9736Y,BE35,BEECH 35 Starfire Bonanza,L1P,L
AD930B,N974FN,ULAC,,L0-,-
AD990B,N9753T,C172,CESSNA 172 Skyhawk,L1P,L
AD9D0B,N9765W,P28A,PIPER PA-28-140/150/160/180,L1P,L
ADA50B,N97892,S108,STINSON 108 Voyager,L1P,L
ADA70B,N979WC,C550,CESSNA 550 Citation S2,L2J,L
ADA80B,N9794U,AA5,AMERICAN AA-5 Tiger,L1P,L
ADA90B,N98CP,H500,HUGHES 500,H1T,L
ADAB0B,N98ZA,B407,BELL 407,H1T,L
ADAE0B,N9804C,T6,NORTH AMERICAN T-6 Texan,L1P,L
ADB50B,N98208,P28A,PIPER PA-28-140/150/160/180,L1P,L
ADB60B,N9828J,C150,CESSNA 150,L1P,L
ADB90B,N9833A,C195,CESSNA 195,L1P,L
ADBB0B,N984LS,C25M,CESSNA 525 Citation M2,L2J,L
ADBD0B,N9845D,PA22,PIPER PA-22,L1P,L
ADC10B,N9857G,C172,CESSNA 172 Skyhawk,L1P,L
ADCA0B,N988NC,GLF6,GULFSTREAM G650,L2J,M
ADCC0B,N9886E,C182,CESSNA 182 Skylane,L1P,L
ADCE0B,N989RA,C82S,CESSNA T182 Turbo Skylane,L1P,L
ADD10B,N99HT,LNC2,LANCAIR 200-320,L1P,L
ADD20B,N99TZ,RV6,VANS RV-6,L1P,L
ADD50B,N9900R,EA50,ECLIPSE 550,L2J,L
ADD70B,N991HB,SVNH,AEROTEC Savannah,L1P,L
ADDE0B,N993CS,T206,CESSNA T206 Turbo Stationair,L1P,L
ADE10B,N99360,ERCO,AIR PRODUCTS F-1 Aircoupe,L1P,L
ADF20B,N998TG,CRER,RANS Courier,L1P,L
ADF30B,N9982T,C182,CESSNA 182 Skylane,L1P,L
ADF40B,N99894,ERCO,AIR PRODUCTS F-1 Aircoupe,L1P,L
ADF60B,N999WE,,,,
ADFD0B,95-0063,BE40,BEECH 400 Beechjet,L2J,M
AE000B,65-10349,T38,NORTHROP T-38 Talon,L2J,L
AE020B,79-1713,DC10,MCDONNELL DOUGLAS DC-10,L3J,H
AE040B,165739,C30J,LOCKHEED MARTIN C-130J Super Hercules,L4T,M
AE080B,99-0165,C17,BOEING C-17 Globemaster 3,L4J,H
AE0B0B,90-26265,H60,SIKORSKY UH-60 Black Hawk,H2T,M
AE0D0B,85-24748,H60,SIKORSKY UH-60 Black Hawk,H2T,M
AE0E0B,83-23921,H60,SIKORSKY UH-60 Black Hawk,H2T,M
AE110B,01-3623,TEX2,BEECHCRAFT T-6 Texan 2,L1T,L
AE120B,93-00699,BE20,BEECH 200 Super King Air,L2T,M
AE140B,05-3788,TEX2,BEECHCRAFT T-6 Texan 2,L1T,L
AE200B,12-72252,EC45,AIRBUS HELICOPTERS EC-145,H2T,L
AE220B,08-8604,C30J,LOCKHEED MARTIN C-130J Super Hercules,L4T,M
AE4A0B,166130,TEX2,BEECHCRAFT T-6 Texan 2,L1T,L
AE4E0B,08-5726,C30J,LOCKHEED MARTIN C-130J Super Hercules,L4T,M
AE510B,10-20240,H60,SIKORSKY UH-60 Black Hawk,H2T,M
AE530B,12-08862,H47,BOEING-VERTOL CH-47 Chinook,H2T,M
AE5A0B,16-08213,H47,BOEING-VERTOL CH-47 Chinook,H2T,M
AE5D0B,90-26229,H60,SIKORSKY UH-60 Black Hawk,H2T,M
AE5E0B,17-46030,B762,BOEING 767-200,L2J,H
AE5F0B,16-5855,C30J,LOCKHEED MARTIN C-130J Super Hercules,L4T,M
AE600B,17-20924,H60,SIKORSKY UH-60 Black Hawk,H2T,M
AE620B,18-20999,H60,SIKORSKY UH-60 Black Hawk,H2T,M
AE640B,11-0059,V22,BELL-BOEING V-22 Osprey,R2T,M
AE690B,710376,B06,BELL 206 JetRanger,H1T,L
C0000B,C-FAAK,,,,
C0010B,C-FAKG,,,,
C0020B,C-FAUC,C185,CESSNA 185 Skywagon,L1P,L
C0040B,C-FBNU,ERCO,AIR PRODUCTS F-1 Aircoupe,L1P,L
C0050B,C-FBXQ,C150,CESSNA 150,L1P,L
C0060B,C-FCHM,CH80,ZENAIR CH-801 Stol,L1P,L
C0070B,C-FCRI,F28,FOKKER F-28,L2J,M
C0080B,C-FDBE,GLID,,L0-,-
C0090B,C-FDLA,C180,CESSNA  180 Skywagon,L1P,L
C00B0B,C-FEES,RV9,VANS RV-9,L1P,L
C00C0B,C-FEOO,C150,CESSNA 150,L1P,L
C00D0B,C-FEYK,S108,STINSON 108 Voyager,L1P,L
C00F0B,C-FFSC,SREY,PROGRESSIVE AERODYNE SeaRey,A1P,L
C0100B,C-FGBY,,,,
C0110B,C-FGLU,C172,CESSNA 172 Skyhawk,L1P,L
C0120B,C-FGVQ,AR11,AERONCA 11 Chief,L1P,L
C0130B,C-FHFM,B14A,BELLANCA 14,L1P,L
C0140B,C-FHPI,GLID,,L0-,-
C0150B,C-FHZE,R44,ROBINSON R-44 Raven,H1P,L
C0160B,C-FIJA,CRJ2,BOMBARDIER Regional Jet CRJ-200,L2J,M
C0180B,C-FJCS,RBEL,MURPHY Rebel,L1P,L
C0190B,C-FJMO,,,,
C01A0B,C-FJWK,,,,
C01B0B,C-FKGG,,,,
C01C0B,C-FKQC,S108,STINSON 108 Voyager,L1P,L
C01D0B,C-FKZY,C150,CESSNA 150,L1P,L
C01E0B,C-FLJU,J3,PIPER J-3 Cub,L1P,L
C01F0B,C-FLTQ,FOX,KITFOX,L1P,L
C0200B,C-FMDM,MR35,MURPHY SR-3500 Super Rebel,L1P,L
C0220B,C-FMXE,C172,CESSNA 172 Skyhawk,L1P,L
C0230B,C-FNHA,ZZZZ,,-0-,-
C0240B,C-FNQW,RENE,Renegade,L1P,L
C0260B,C-FOKO,B412,BELL 412,H2T,L
C0270B,C-FOUK,,,,
C0280B,C-FPEG,C185,CESSNA 185 Skywagon,L1P,L
C0290B,C-FPOC,LARK,NORTH AMERICAN ROCKWELL Lark Commander,L1P,L
C02B0B,C-FQHU,BE35,BEECH 35 Starfire Bonanza,L1P,L
C02D0B,C-FRBM,TAYA,TAYLORCRAFT A,L1P,L
C02F0B,C-FRVE,RV4,VANS RV-4,L1P,L
C0300B,C-FSFA,TAYB,TAYLORCRAFT BC/BF/BL,L1P,L
C0320B,C-FSYS,,,,
C0330B,C-FTIO,GLEX,BOMBARDIER BD-700 Global 6000/6500,L2J,M
C0340B,C-FTSK,SW4,SWEARINGEN Metro,L2T,M
C0350B,C-FUCG,BOLT,STEEN Skybolt,L1P,L
C0360B,C-FUMC,B06,BELL 206 JetRanger,H1T,L
C0380B,C-FVFU,,,,
C0390B,C-FVPQ,C175,CESSNA 175 Skylark,L1P,L
C03A0B,C-FVZM,PA31,PIPER PA-31-300/310/325/350/425,L2P,L
C03C0B,C-FWTE,B412,BELL 412,H2T,L
C03D0B,C-FXDA,C185,CESSNA 185 Skywagon,L1P,L
C03E0B,C-FXMW,,,,
C03F0B,C-FXWS,ULAC,,L0-,-
C0400B,C-FYGO,,,,
C0410B,C-FYQK,C150,CESSNA 150,L1P,L
C0420B,C-FZAG,GLID,,L0-,-
C0430B,C-FZKC,,,,
C0440B,C-FZTY,C208,CESSNA 208 Caravan,L1T,L
C0480B,C-GBHI,B06,BELL 206 JetRanger,H1T,L
C0490B,C-GBRE,C180,CESSNA  180 Skywagon,L1P,L
C04A0B,C-GCBA,P28A,PIPER PA-28-140/150/160/180,L1P,L
C04C0B,C-GCUS,C177,CESSNA  177 Cardinal,L1P,L
C04D0B,C-GDEO,MONI,MONNETT Moni,L1P,L
C04E0B,C-GDOK,W62T,WEATHERLY 620TP,L1T,L
C04F0B,C-GDYG,G164,GRUMMAN G-164 Ag-Cat,L1P,L
C0500B,C-GEIC,C188,CESSNA 188 AgTruck,L1P,L
C0510B,C-GERY,,,,
C0520B,C-GFBU,GLID,,L0-,-
C0540B,C-GFVM,C182,CESSNA 182 Skylane,L1P,L
C0560B,C-GGPE,C152,CESSNA 152,L1P,L
C0570B,C-GGZA,,,,
C0580B,C-GHIW,,,,
C0590B,C-GHSS,,,,
C05A0B,C-GICO,BL8,BELLANCA 8 Decathlon,L1P,L
C05B0B,C-GIMK,DHC6,DE HAVILLAND DHC-6 Twin Otter,L2T,L
C05D0B,C-GJGC,DHC2,DE HAVILLAND DHC-2 Beaver,L1P,L
C05E0B,C-GJPY,AT72,ATR-72-202,L2T,M
C0620B,C-GLDI,BT36,BEECH B36TC Bonanza,L1P,L
C0640B,C-GLXA,BOLT,STEEN Skybolt,L1P,L
C0650B,C-GMGW,C182,CESSNA 182 Skylane,L1P,L
C0680B,C-GNKK,SR20,CIRRUS SR-20,L1P,L
C0690B,C-GNUG,SSTL,JUST JA30 SuperSTOL,L1P,L
C06A0B,C-GOEC,,,,
C06B0B,C-GONY,DH8A,DE HAVILLAND DHC-8-100 Dash 8,L2T,M
C06C0B,C-GOXU,CL35,BOMBARDIER BD-100 Challenger 350,L2J,M
C06D0B,C-GPHQ,AS50,AEROSPATIALE AS-350 Ecureuil,H1T,L
C06F0B,C-GQBI,CL2T,CANADAIR CL-415 SuperScooper,A2T,M
C0720B,C-GREW,C175,CESSNA 175 Skylark,L1P,L
C0750B,C-GSIK,CH7B,BELLANCA 7 Citabria,L1P,L
C0760B,C-GSSG,,,,
C0780B,C-GTLY,C172,CESSNA 172 Skyhawk,L1P,L
C07B0B,C-GUPM,DHC2,DE HAVILLAND DHC-2 Beaver,L1P,L
C07C0B,C-GUZI,C152,CESSNA 152,L1P,L
C07D0B,C-GVJE,C172,CESSNA 172 Skyhawk,L1P,L
C07E0B,C-GVTA,AJET,DASSAULT-DORNIER Alpha Jet,L2J,M
C07F0B,C-GWCW,ST75,STEARMAN Kaydet,L1P,L
C0810B,C-GWWO,C182,CESSNA 182 Skylane,L1P,L
C0820B,C-GXGK,C172,CESSNA 172 Skyhawk,L1P,L
C0830B,C-GXQG,C172,CESSNA 172 Skyhawk,L1P,L
C0840B,C-GYAC,CJ6,NANCHANG CJ-6,L1P,L
C0850B,C-GYJY,C185,CESSNA 185 Skywagon,L1P,L
C0860B,C-GYTU,C172,CESSNA 172 Skyhawk,L1P,L
C0870B,C-GZDQ,M7,MAULE M-7,L1P,L
C0880B,C-GZNM,GLID,,L0-,-
C08A0B,C-IAHE,ULAC,,L0-,-
C08B0B,C-IARA,ULAC,,L0-,-
C08D0B,C-IBKS,ULAC,,L0-,-
C08E0B,C-IBUO,ULAC,,L0-,-
C08F0B,C-ICEK,ULAC,,L0-,-
C0900B,C-ICOG,NDIC,NORMAN Nordic,L1P,L
C0920B,C-IDHY,ULAC,,L0-,-
C0930B,C-IDRU,MAME,BLUE YONDER Merlin,L1P,L
C0940B,C-IEBQ,PARA,,P0-,-
C0950B,C-IELM,BEVR,ASAP Beaver,L1P,L
C0960B,C-IEVI,ULAC,,L0-,-
C0970B,C-IFFE,PARA,,P0-,-
C0980B,C-IFPA,ULAC,,L0-,-
C09A0B,C-IGIS,,,,
C09B0B,C-IGSO,PELI,FLYER Pelican,L1P,L
C09D0B,C-IHMG,BEVR,ASAP Beaver,L1P,L
C09E0B,C-IHWC,TRDO,TITAN Tornado SS,L1P,L
C09F0B,C-IIFY,ULAC,,L0-,-
C0A20B,C-IJJM,PARA,,P0-,-
C0A30B,C-IJTI,PARA,,P0-,-
C0A40B,C-IKDE,ULAC,,L0-,-
C0A60B,C-IKWW,ULAC,,L0-,-
C0A70B,C-ILGS,ULAC,,L0-,-
C0A90B,C-IMAK,,,,
C0AC0B,C-INDY,ULAC,,L0-,-
C0AF0B,C-IOHM,,,,
C1E40B,SERV,SERV,,V0-,-
C1E50B,SERV,SERV,,V0-,-
C2B20B,140111,P3,LOCKHEED P-3 Orion,L4T,M
C8010B,ZK-BQS,PA18,PIPER PA-18 Super Cub,L1P,L
C8080B,ZK-GGH,GLID,,L0-,-
C80A0B,ZK-EMA,FU24,FLETCHER FU-24,L1P,L
C8120B,ZK-XAF,ST75,STEARMAN Kaydet,L1P,L
C8140B,ZK-ULT,STRM,SG AVIATION Storm,L1P,L
C8170B,ZK-HOK,BABY,CANADIAN HOME ROTORS Baby Belle,H1P,L
C8180B,ZK-LPS,PNR3,ALPI Pioneer 330,L1P,L
C8190B,ZK-WMR,COY2,RANS Coyote 2,L1P,L
C81B0B,ZK-VCF,R200,ROBIN Alpha,L1P,L
C8200B,ZK-MVC,AT76,ATR-72-600,L2T,M
C8210B,ZK-TUG,EFOX,AEROPRO Eurofox,L1P,L
C8280B,ZK-IPE,AS50,AEROSPATIALE AS-350 Ecureuil,H1T,L
C8290B,ZK-EBJ,P28A,PIPER PA-28-140/150/160/180,L1P,L
C87F0B,NZ4205,P3,LOCKHEED P-3 Orion,L4T,M
E0330B,LV-CLK,LJ31,LEARJET 31,L2J,M
E0340B,LV-CPK,E190,EMBRAER ERJ-190-100,L2J,M
E0540B,LV-EPK,GLID,,L0-,-
E0650B,LV-FTK,C150,CESSNA 150,L1P,L
E0740B,LV-GPK,SW4,SWEARINGEN Metro,L2T,M
E0840B,LV-HPK,SR22,CIRRUS SR-22,L1P,L
E0850B,LV-HTK,E50P,EMBRAER EMB-500 Phenom 100,L2J,L
E0860B,LV-HXK,LJ60,LEARJET 60,L2J,M
E4010B,5720,E314,EMBRAER EMB-314 Super Tucano,L1T,L
E4800B,PR-GTU,B738,BOEING 737-800,L2J,M
E4840B,PR-XAA,B350,BEECHCRAFT Super King Air 350,L2T,M
E48E0B,PR-GXF,B738,BOEING 737-800,L2J,M
E48F0B,PT-RMI,E50P,EMBRAER EMB-500 Phenom 100,L2J,L
E4910B,PR-AQV,AT76,ATR-72-600,L2T,M
E4930B,PR-LOU,LJ40,LEARJET 40,L2J,M
E4950B,PP-LHG,GLEX,BOMBARDIER BD-700 Global 6000/6500,L2J,M
E4960B,PR-EZZ,DA62,DIAMOND DA-62,L2P,L
E4970B,PS-SCB,C208,CESSNA 208 Caravan,L1T,L
E4980B,PS-CTA,BE20,BEECH 200 Super King Air,L2T,M
E8020B,CC-CQK,A319,AIRBUS A-319,L2J,M
E8040B,CC-CXI,B763,BOEING 767-300,L2J,H
E8060B,CC-AWL,A20N,AIRBUS A-320neo,L2J,M
E8080B,CC-AHL,C182,CESSNA 182 Skylane,L1P,L
E90D0B,CX-SDU,CRJ2,BOMBARDIER Regional Jet CRJ-200,L2J,M
E90E0B,CX-ACT,B505,BELL 505 JetRanger X,H1T,L
