00400C,Z-FAA,B735,BOEING 737-500,L2J,M
00600C,C9-EMA,E190,EMBRAER ERJ-190-100,L2J,M
00A10C,ZS-MMT,P28S,PIPER PA-28R-201T,L1P,L
00A50C,ZS-OAD,C206,CESSNA  206 Stationair,L1P,L
01010C,SU-GDD,B738,BOEING 737-800,L2J,M
03610C,TN-AKH,B735,BOEING 737-500,L2J,M
06A10C,A7-ALX,A359,AIRBUS A-350-900,L2J,H
06A30C,A7-BFY,B77L,BOEING 777-200LR,L2J,H
06E00C,9XR-WK,B737,BOEING 737-700,L2J,M
07C00C,ST-AZM,AN12,ANTONOV An-12,L4T,M
0AC40C,HK-5308,A320,AIRBUS A-320,L2J,M
0BA00C,HR-AYM,AT76,ATR-72-600,L2T,M
0C200C,HP-1378CMP,B737,BOEING 737-700,L2J,M
0C210C,HP-9911CMP,B39M,BOEING 737 MAX 9,L2J,M
0C800C,PZ-TFA,F70,FOKKER 70,L2J,M
0D040C,XA-UJE,EC45,AIRBUS HELICOPTERS EC-145,H2T,L
0D0B0C,XA-SSE,E35L,EMBRAER EMB-135 Legacy,L2J,M
0D0C0C,XB-UNA,SBR1,NORTH AMERICAN Sabre 40/50/60/65,L2J,M
0D0D0C,XB-MND,P32R,PIPER PA-32R-300/301/301T,L1P,L
0D830C,YV3383,H25B,HAWKER BEECHCRAFT Hawker 750/850,L2J,M
14B60C,RA-46604,AN24,ANTONOV An-24,L2T,M
151D0C,RF-46546,,,,
151E0C,RA-73228,B738,BOEING 737-800,L2J,M
15200C,RA-73740,A320,AIRBUS A-320,L2J,M
15520C,RA-86540,IL62,ILYUSHIN Il-62,L4J,H
155C0C,RA-89100,SU95,SUKHOI Superjet 100-95,L2J,M
15770C,RA-96012,IL96,ILYUSHIN Il-96,L4J,H
15FC0C,RA-64524,T204,TUPOLEV Tu-204/214/224/234,L2J,M
20100C,V5-MAC,AC90,NORTH AMERICAN ROCKWELL Turbo Commander 690/840,L2T,L
30040C,I-PTFS,A139,AGUSTA AW-139,H2T,L
30090C,I-FRUS,AS50,AEROSPATIALE AS-350 Ecureuil,H1T,L
31D90C,I-B034,TL30,TL ULTRALIGHT TL-3000 Sirius,L1P,L
32000C,MM62270,AT45,ATR-42-500,L2T,M
33FD0C,CSX62330,C27J,ALENIA C-27J Spartan,L2T,M
33FE0C,MM81824,A139,AGUSTA AW-139,H2T,L
34210C,EC-EDN,C501,CESSNA 501 Citation 1SP,L2J,L
34320C,EC-GRT,C172,CESSNA 172 Skyhawk,L1P,L
34350C,EC-IBY,PC6T,PILATUS PC-6 Turbo-Porter,L1T,L
34430C,EC-LTG,B734,BOEING 737-400,L2J,M
34510C,EC-XOG,TL20,TL ULTRALIGHT TL-2000 Sting,L1P,L
34520C,EC-MLP,A332,AIRBUS A-330-200,L2J,H
34530C,EC-MNS,B788,BOEING 787-8 Dreamliner,L2J,H
34550C,EC-IOS,P28A,PIPER PA-28-140/150/160/180,L1P,L
34620C,EC-NFJ,A20N,AIRBUS A-320neo,L2J,M
34630C,EC-JGJ,C337,CESSNA 337 Super Skymaster,L2P,L
34640C,EC-DNJ,P28A,PIPER PA-28-140/150/160/180,L1P,L
34650C,EC-NLH,SR20,CIRRUS SR-20,L1P,L
35350C,P.3M-9,P3,LOCKHEED P-3 Orion,L4T,M
38140C,F-BFAM,PA24,PIPER PA-24 Comanche,L1P,L
383E0C,F-BPQM,RALL,SOCATA Rallye,L1P,L
384E0C,F-BTQM,BE23,BEECH 23 Sundowner,L1P,L
385C0C,F-BXAM,C206,CESSNA  206 Stationair,L1P,L
385E0C,F-BXQM,C150,CESSNA 150,L1P,L
38650C,F-AZIM,YAK3,YAKOVLEV Yak-3,L1P,L
39050C,F-GBIM,DR40,ROBIN DR-400,L1P,L
39090C,F-GCIM,DR40,ROBIN DR-400,L1P,L
391A0C,F-GGQM,DR40,ROBIN DR-400,L1P,L
39300C,F-GMAM,C172,CESSNA 172 Skyhawk,L1P,L
39320C,F-GMQM,TB20,SOCATA TB-20 Trinidad,L1P,L
39340C,F-GNAM,P28A,PIPER PA-28-140/150/160/180,L1P,L
39380C,F-GOAM,BT36,BEECH B36TC Bonanza,L1P,L
393B0C,F-GOYM,WACF,WACO F,L1P,L
393F0C,F-GPYM,AT45,ATR-42-500,L2T,M
394A0C,F-GSQM,B77W,BOEING 777-300ER,L2J,H
394C0C,F-GTAM,A321,AIRBUS A-321,L2J,M
394D0C,F-GTIM,BALL,,B0-,-
395C0C,F-GXAM,BALL,,B0-,-
39630C,F-GYYM,DA42,DIAMOND DA-42 Guardian,L2P,L
39800C,F-HAAM,C172,CESSNA 172 Skyhawk,L1P,L
39840C,F-HBAM,BALL,,B0-,-
39850C,F-HBIM,AS55,AEROSPATIALE AS-355 Ecureuil 2,H2T,L
39880C,F-HCAM,DR40,ROBIN DR-400,L1P,L
398D0C,F-HDIM,C172,CESSNA 172 Skyhawk,L1P,L
39900C,F-HEAM,TAMP,SOCATA TB-9 Tampico,L1P,L
39910C,F-HEIM,AS50,AEROSPATIALE AS-350 Ecureuil,H1T,L
39990C,F-HGIM,C68A,CESSNA 680 Citation Latitude,L2J,M
399B0C,F-HGYM,E145,EMBRAER ERJ-145,L2J,M
399C0C,F-HHAM,BE9L,BEECH 90 King Air,L2T,L
39A00C,F-HIAM,SIRA,TECNAM P-2002 Sierra,L1P,L
39A50C,F-HJIM,P32R,PIPER PA-32R-300/301/301T,L1P,L
39B80C,F-HOAM,C177,CESSNA  177 Cardinal,L1P,L
39BF0C,F-HPYM,DA62,DIAMOND DA-62,L2P,L
39C40C,F-HRAM,E145,EMBRAER ERJ-145,L2J,M
39CF0C,F-HTYM,A359,AIRBUS A-350-900,L2J,H
39D30C,F-HUYM,B738,BOEING 737-800,L2J,M
39D40C,F-HVAM,SIRA,TECNAM P-2002 Sierra,L1P,L
39DC0C,F-HXAM,CRUZ,CSA PS-28 Cruiser,L1P,L
39E40C,F-HZAM,SIRA,TECNAM P-2002 Sierra,L1P,L
3A1C0C,F-OHAM,AS50,AEROSPATIALE AS-350 Ecureuil,H1T,L
3A330C,F-OMYM,AT76,ATR-72-600,L2T,M
3AAC0C,F-MJBI,EC45,AIRBUS HELICOPTERS EC-145,H2T,L
3C0C0C,D-ATOP,E35L,EMBRAER EMB-135 Legacy,L2J,M
3C0D0C,D-ATYL,B738,BOEING 737-800,L2J,M
3C120C,D-AVVR,A20N,AIRBUS A-320neo,L2J,M
3C650C,D-AIHL,A346,AIRBUS A-340-600,L4J,H
3C660C,D-AIPL,A320,AIRBUS A-320,L2J,M
3C670C,D-AIXL,A359,AIRBUS A-350-900,L2J,H
3CC00C,D-CAAM,D228,DORNIER 228,L2T,L
3D050C,D-EADW,P28A,PIPER PA-28-140/150/160/180,L1P,L
3D060C,D-EANS,M20P,MOONEY M-20,L1P,L
3D0B0C,D-ECKY,RALL,SOCATA Rallye,L1P,L
3D0C0C,D-ECUU,C172,CESSNA 172 Skyhawk,L1P,L
3D0E0C,D-EDOM,HR20,ROBIN HR-200,L1P,L
3D100C,D-EEIE,C177,CESSNA  177 Cardinal,L1P,L
3D120C,D-EFBW,R200,ROBIN Alpha,L1P,L
3D130C,D-EFLS,P28U,PIPER PA-28RT-201T Turbo,L1P,L
3D170C,D-EGZC,C172,CESSNA 172 Skyhawk,L1P,L
3D200C,D-EKJS,C206,CESSNA  206 Stationair,L1P,L
3D210C,D-EKTO,C172,CESSNA 172 Skyhawk,L1P,L
3D230C,D-ELNG,DA40,DIAMOND DA-40 Club Star,L1P,L
3D240C,D-ELXC,C82R,CESSNA R182 Skylane RG,L1P,L
3D290C,D-ENUI,PA18,PIPER PA-18 Super Cub,L1P,L
3D2D0C,D-EPHS,FOX,KITFOX,L1P,L
3D2E0C,D-EPRO,C150,CESSNA 150,L1P,L
3D2F0C,D-EQBK,A210,AQUILA A-210,L1P,L
3D380C,D-ETMA,HUSK,CHRISTEN Husky,L1P,L
3D3E0C,D-EVTC,C172,CESSNA 172 Skyhawk,L1P,L
3D420C,D-EXGM,IMPU,IMPULSE Xturn,L1P,L
3D440C,D-EYAE,DV20,DIAMOND DA-20,L1P,L
3D470C,D-EZDS,Z26,ZLIN Z-26/126/226/326/526/626/726,L1P,L
3DD50C,D-HAXW,PUMA,AEROSPATIALE SA-330 Puma,H2T,L
3DD60C,D-HBHS,EC35,AIRBUS HELICOPTERS EC-135/635,H2T,L
3DD80C,D-HCBK,EC35,AIRBUS HELICOPTERS EC-135/635,H2T,L
3DE00C,D-HFCE,AS50,AEROSPATIALE AS-350 Ecureuil,H1T,L
3DE90C,D-HIMU,BK17,EUROCOPTER BK117 C-1/2,H2T,L
3DF80C,D-HOEM,EC35,AIRBUS HELICOPTERS EC-135/635,H2T,L
3E060C,D-HTMI,EC35,AIRBUS HELICOPTERS EC-135/635,H2T,L
3E120C,D-HYAM,EC45,AIRBUS HELICOPTERS EC-145,H2T,L
3E350C,D-ILHC,C525,CESSNA 525 CitationJet,L2J,L
3E370C,D-IMAU,PRM1,RAYTHEON 390 Premier 1,L2J,L
3E490C,D-ISWA,C525,CESSNA 525 CitationJet,L2J,L
3E5D0C,D-KAKY,AS25,SCHLEICHER ASH-25,L1P,L
3E600C,D-KBOM,DIMO,DIAMOND H-36 Dimona,L1P,L
3E620C,D-KCIE,RF5,FOURNIER RF-5,L1P,L
3E670C,D-KEFK,SF25,SCHEIBE SF-25 Falke,L1P,L
3E680C,D-KEPG,LAE1,LANGE E-1 Antares 20E,L1E,L
3E730C,D-KITO,DG80,DG FLUGZEUGBAU DG-800,L1P,L
3E7C0C,D-KMEE,ARCP,SCHEMPP-HIRTH Arcus M,L1P,L
3EC10C,D-KOBK,SF25,SCHEIBE SF-25 Falke,L1P,L
3EC20C,D-KOLG,AS26,SCHLEICHER ASH-26,L1P,L
3ECC0C,D-KSFS,DUOD,SCHEMPP-HIRTH Duo Discus,L1P,L
3ED00C,D-KTTC,DIMO,DIAMOND H-36 Dimona,L1P,L
3ED70C,D-KWKA,AS25,SCHLEICHER ASH-25,L1P,L
3EDB0C,D-KXXK,DG80,DG FLUGZEUGBAU DG-800,L1P,L
3EE20C,D-0373,GLID,,L0-,-
3EE90C,D-2165,GLID,,L0-,-
3EEF0C,D-3701,DISC,SCHEMPP-HIRTH Discus,L1P,L
3EF50C,D-5237,GLID,,L0-,-
3F060C,D-9589,NIMB,SCHEMPP-HIRTH Nimbus,L1P,L
3F270C,D-OARS,BALL,,B0-,-
3F4D0C,54+18,A400,AIRBUS A-400M,L4T,H
3FA50C,79+33,NH90,NHI NH-90,H2T,M
3FEC0C,D-MZAV,C42,IKARUS C-42 Bison,L1P,L
3FED0C,D-MQXZ,ECHO,TECNAM P-92 Echo,L1P,L
3FF00C,D-MSGM,C42,IKARUS C-42 Bison,L1P,L
3FF10C,D-MVHW,EV97,EVEKTRO EV-97 EuroStar,L1P,L
3FF20C,D-MMEN,CH60,ZENAIR CH-600 Zodiac,L1P,L
3FF40C,D-MAXV,SHRK,SHARK AERO Shark,L1P,L
3FF50C,D-MSDL,C42,IKARUS C-42 Bison,L1P,L
3FF70C,D-MGDB,ULAC,,L0-,-
3FFA0C,D-MRGS,GOLF,TECNAM P-96 Golf,L1P,L
400B0C,G-CCYG,R44,ROBINSON R-44 Raven,H1P,L
400C0C,G-MACA,R22,ROBINSON R-22 Mariner,H1P,L
400D0C,G-DHMM,PA34,PIPER PA-34 Seneca,L2P,L
400E0C,G-CDME,RV7,VANS RV-7,L1P,L
400F0C,G-CCHO,ULAC,,L0-,-
40160C,G-ASXS,DR10,CENTRE EST Ambassadeur,L1P,L
40260C,G-AKUO,AR11,AERONCA 11 Chief,L1P,L
40280C,G-ATIC,DR10,CENTRE EST Ambassadeur,L1P,L
40290C,G-TREE,B06,BELL 206 JetRanger,H1T,L
402A0C,G-LFSN,PA38,PIPER PA-38 Tomahawk,L1P,L
402F0C,G-MVNP,ULAC,,L0-,-
40310C,G-BSCV,P28A,PIPER PA-28-140/150/160/180,L1P,L
40320C,G-BSOO,C172,CESSNA 172 Skyhawk,L1P,L
40350C,G-BZUV,BALL,,B0-,-
403C0C,G-INTV,AS55,AEROSPATIALE AS-355 Ecureuil 2,H2T,L
403F0C,G-MZMH,ULAC,,L0-,-
40420C,G-BYOT,COY2,RANS Coyote 2,L1P,L
40470C,G-EKIR,P28A,PIPER PA-28-140/150/160/180,L1P,L
404C0C,G-IFLE,EV97,EVEKTRO EV-97 EuroStar,L1P,L
404F0C,G-NHAB,AS65,AEROSPATIALE AS-365 Dauphin 2,H2T,L
40500C,G-CKLS,GLID,,L0-,-
40510C,G-CEHR,AUS9,AUSTER AOP9,L1P,L
40520C,G-EGSJ,JAB4,JABIRU J200-450,L1P,L
40540C,G-CHBC,GLID,,L0-,-
40550C,G-CFAX,C42,IKARUS C-42 Bison,L1P,L
40560C,G-CHEO,GLID,,L0-,-
405C0C,G-DCNM,GLID,,L0-,-
405E0C,G-FEVS,GLID,,L0-,-
40600C,G-CGAZ,ULAC,,L0-,-
40610C,G-CIRU,SR20,CIRRUS SR-20,L1P,L
40620C,G-DCVR,GLID,,L0-,-
40630C,G-IBLP,ULAC,,L0-,-
40650C,G-CGTY,BALL,,B0-,-
40660C,G-FDZY,B738,BOEING 737-800,L2J,M
40670C,G-ROFS,ULAC,,L0-,-
406A0C,G-CHZP,C152,CESSNA 152,L1P,L
406B0C,G-MRGT,SKRA,BEST OFF Sky Ranger,L1P,L
406C0C,G-JODB,ZZZZ,,-0-,-
406D0C,G-CIKO,A139,AGUSTA AW-139,H2T,L
40700C,G-CIZD,ULAC,,L0-,-
40730C,G-CJZU,D150,JODEL D-150 Mascaret,L1P,L
40740C,G-ETPE,AS50,AEROSPATIALE AS-350 Ecureuil,H1T,L
40750C,G-WUKC,A321,AIRBUS A-321,L2J,M
40760C,G-LEPR,EFOX,AEROPRO Eurofox,L1P,L
40770C,G-CLBU,PA34,PIPER PA-34 Seneca,L2P,L
40780C,G-HOGC,EC30,AIRBUS HELICOPTERS EC-130,H1T,L
407B0C,G-TTRE,GLID,,L0-,-
42460C,VQ-BJO,B735,BOEING 737-500,L2J,M
42470C,VP-CIR,A20N,AIRBUS A-320neo,L2J,M
424B0C,M-JSWB,GLF6,GULFSTREAM G650,L2J,M
424C0C,M-AMBR,GL5T,BOMBARDIER BD-700 Global 5000/5500,L2J,M
43C20C,ZJ173,H64,MCDONNELL DOUGLAS AH-64 Apache,H2T,M
43C30C,ZH832,EH10,AGUSTA WESTLAND EH-101 Merlin,H3T,M
43C60C,ZK304,EUFI,EUROFIGHTER 2000,L2J,M
43C70C,ZK350,EUFI,EUROFIGHTER 2000,L2J,M
43C90C,ZH816,B212,BELL 212,H2T,L
43EA0C,M-OTOR,BE20,BEECH 200 Super King Air,L2T,M
43EB0C,2-BYDF,S76,SIKORSKY S-76 Spirit,H2T,L
44000C,OE-CSM,C152,CESSNA 152,L1P,L
44040C,OE-VXT,VFHC,,D0-,-
44050C,OE-5711,GLID,,L0-,-
44070C,OE-DJO,P28U,PIPER PA-28RT-201T Turbo,L1P,L
44080C,OE-DMF,BE23,BEECH 23 Sundowner,L1P,L
44090C,OE-KRF,DA40,DIAMOND DA-40 Club Star,L1P,L
440A0C,OE-IRM,GL7T,BOMBARDIER BD-700 Global 7000/7500,L2J,M
440D0C,OE-GPM,C25B,CESSNA 525B Citation CJ3,L2J,L
447D0C,7L-WJ,EUFI,EUROFIGHTER 2000,L2J,M
448A0C,OO-BPL,SV4,NORD SV-4,L1P,L
44900C,OO-D80,IMPU,IMPULSE Xturn,L1P,L
44980C,OO-F80,MCR1,COLOMBAN Ban-Bi,L1P,L
44B20C,OO-LPL,B47G,BELL 47G,H1P,L
44B60C,OO-MPL,DR40,ROBIN DR-400,L1P,L
44B90C,OO-NHL,EXPL,MCDONNELL-DOUGLAS MD-900 Explorer,H2T,L
44D10C,OO-THL,H269,HUGHES Sky Knight,H1P,L
451F0C,LZ-LDG,MD81,MCDONNELL-DOUGLAS MD-81,L2J,M
45210C,LZ-EAC,A320,AIRBUS A-320,L2J,M
457C0C,071,C27J,ALENIA C-27J Spartan,L2T,M
458F0C,OY-CXL,GLID,,L0-,-
45A20C,OY-HPL,R22,ROBINSON R-22 Mariner,H1P,L
45A30C,OY-HXL,GLID,,L0-,-
45B70C,OY-MXL,AS25,SCHLEICHER ASH-25,L1P,L
45CE0C,OY-SPL,P28A,PIPER PA-28-140/150/160/180,L1P,L
45CF0C,OY-SXL,DISC,SCHEMPP-HIRTH Discus,L1P,L
45DD0C,OY-WHL,C82R,CESSNA R182 Skylane RG,L1P,L
45E30C,OY-XXL,NIMB,SCHEMPP-HIRTH Nimbus,L1P,L
46020C,OH-AUE,AUS6,AUSTER AOP6,L1P,L
46140C,OH-HPK,R22,ROBINSON R-22 Mariner,H1P,L
461F0C,OH-LTS,A333,AIRBUS A-330-300,L2J,H
46780C,HN-407,F18H,BOEING FA-18 HORNET,L2J,M
46830C,2780,AS32,AEROSPATIALE AS-332 Super Puma,H2T,M
46870C,SX-AXL,C172,CESSNA 172 Skyhawk,L1P,L
46A20C,SX-HPL,R44,ROBINSON R-44 Raven,H1P,L
47040C,HA-BNW,P06T,TECNAM P-2006T,L2P,L
47340C,HA-LPL,A320,AIRBUS A-320,L2J,M
473C0C,41,SB39,SAAB 39 Gripen,L1J,M
47850C,LN-BEH,C150,CESSNA 150,L1P,L
48040C,J-013,F16,GENERAL DYNAMICS F-16 Fighting Falcon,L1J,M
48050C,F-013,F35,LOCKHEED MARTIN F-35 Lightning 2,L1J,M
48080C,S-453,AS3B,AEROSPATIALE AS-332 Super Puma Mk2,H2T,M
48440C,PH-PBL,C172,CESSNA 172 Skyhawk,L1P,L
48450C,PH-AVB,C172,CESSNA 172 Skyhawk,L1P,L
48470C,PH-3V5,ECHO,TECNAM P-92 Echo,L1P,L
48480C,PH-DKJ,C150,CESSNA 150,L1P,L
48490C,PH-2S7,SKAR,III Sky Arrow,L1P,L
484B0C,PH-AML,C182,CESSNA 182 Skylane,L1P,L
484C0C,PH-378,GLID,,L0-,-
484E0C,PH-RVC,GYRO,,G0-,-
484F0C,PH-CJW,BALL,,B0-,-
48510C,PH-1539,JANU,SCHEMPP-HIRTH Janus,L1P,L
48520C,PH-HXD,B738,BOEING 737-800,L2J,M
48530C,PH-1GN,ZZZZ,,-0-,-
48540C,PH-1TH,ZZZZ,,-0-,-
48550C,PH-1YE,ZZZZ,,-0-,-
485F0C,PH-KEN,BALL,,B0-,-
48810C,SP-AIM,P28R,PIPER PA-28R-180/200/201,L1P,L
488A0C,SP-CRM,P208,TECNAM P-2008,L1P,L
48920C,SP-ERM,RALL,SOCATA Rallye,L1P,L
489A0C,SP-GRM,C152,CESSNA 152,L1P,L
489D0C,SP-HIM,EC35,AIRBUS HELICOPTERS EC-135/635,H2T,L
48A60C,SP-KRM,C182,CESSNA 182 Skylane,L1P,L
48AD0C,SP-LIM,E75S,EMBRAER ERJ-170-200 (short wing),L2J,M
48AF0C,SP-LVM,B38M,BOEING 737 MAX 8,L2J,M
48B10C,SP-MIM,EM11,MARGANSKI EM-11 Orka,L2P,L
48B20C,SP-MRM,EC20,AIRBUS HELICOPTERS EC-120,H1T,L
48B30C,SP-MVM,R66,ROBINSON R-66,H1T,L
48B40C,SP-NAM,B427,BELL 427,H2T,L
48B70C,SP-NVM,G280,GULFSTREAM G280,L2J,M
48B80C,SP-OAM,C206,CESSNA  206 Stationair,L1P,L
48C40C,SP-SAM,R66,ROBINSON R-66,H1T,L
48C50C,SP-SIM,R44,ROBINSON R-44 Raven,H1P,L
48C80C,SP-TAM,C172,CESSNA 172 Skyhawk,L1P,L
48D90C,048,PZ3T,PZL-OKECIE PZL-130 Orlik,L1T,L
48F10C,SP-SMIM,MP02,AERO_KROS Czajka,L1P,L
48F90C,SP-SLIM,,,,
48FA0C,SP-SDRM,PIAT,PIPISTREL Alpha Trainer,L1P,L
48FC0C,SP-SWAM,NG5,BRM AERO NG-5/6 Bristell,L1P,L
48FE0C,SP-SRRM,PISI,PIPSTREL Sinus,L1P,L
490D0C,CS-CHL,CL35,BOMBARDIER BD-100 Challenger 350,L2J,M
49130C,CS-DXL,C56X,CESSNA 560XL Citation XLS,L2J,M
49210C,CS-HHL,B412,BELL 412,H2T,L
49410C,CS-PHL,E55P,EMBRAER EMB-505 Phenom 300,L2J,M
49520C,CS-TPL,E145,EMBRAER ERJ-145,L2J,M
49530C,CS-TXL,A21N,AIRBUS A-321neo,L2J,M
49C10C,OK-UUA89,TL20,TL ULTRALIGHT TL-2000 Sting,L1P,L
49D00C,OK-XAI,C152,CESSNA 152,L1P,L
49D20C,OK-OQF,C172,CESSNA 172 Skyhawk,L1P,L
49D30C,OK-LLL,P46T,PIPER PA-46-500TP,L1T,L
49D40C,OK-OVC,C152,CESSNA 152,L1P,L
4A360C,YR-MPL,EC35,AIRBUS HELICOPTERS EC-135/635,H2T,L
4A830C,60118,SB05,SAAB 105,L2J,L
4A8E0C,SE-CPL,NAVI,NORTH AMERICAN Navion,L1P,L
4A9E0C,SE-GPL,P28A,PIPER PA-28-140/150/160/180,L1P,L
4AAA0C,SE-JPL,B06,BELL 206 JetRanger,H1T,L
4ACA0C,SE-RPL,B738,BOEING 737-800,L2J,M
4ADA0C,SE-VPL,WT9,AEROSPOOL WT-9 Dynamic,L1P,L
4AE30C,SE-XXL,RV6,VANS RV-6,L1P,L
4B040C,HB-BNW,BALL,,B0-,-
4B0F0C,HB-FSE,PC12,PILATUS PC-12,L1T,L
4B180C,HB-JCU,BCS3,AIRBUS A220-300,L2J,M
4B1B0C,HB-KGI,SLG2,AIRPLANE FACTORY Sling 2,L1P,L
4B290C,HB-POE,P28A,PIPER PA-28-140/150/160/180,L1P,L
4B2C0C,HB-QRS,BALL,,B0-,-
4B3A0C,HB-VZO,PC24,PILATUS PC-24,L2J,M
4B4E0C,HB-2405,LAE1,LANGE E-1 Antares 20E,L1E,L
4B510C,HB-3173,GLID,,L0-,-
4B820C,14-0013,A400,AIRBUS A-400M,L4T,H
4B850C,TC-AHL,GLF4,GULFSTREAM 4,L2J,M
4B8A0C,TC-BPL,BALL,,B0-,-
4B8E0C,TC-CPL,B738,BOEING 737-800,L2J,M
4B990C,TC-FHL,A320,AIRBUS A-320,L2J,M
4BA20C,TC-HPL,A109,AGUSTA AW-109 Grand,H2T,L
4BA90C,TC-JHL,B738,BOEING 737-800,L2J,M
4BAA0C,TC-JPL,A320,AIRBUS A-320,L2J,M
4BCE0C,TC-SPL,CL30,BOMBARDIER BD-100 Challenger 300,L2J,M
4CA30C,EI-DNM,B734,BOEING 737-400,L2J,M
4CA50C,EI-DTT,ELA7,ELA AVIACION ELA-7,G1P,L
4CA80C,EI-EKL,B738,BOEING 737-800,L2J,M
4CAC0C,EI-KDE,A21N,AIRBUS A-321neo,L2J,M
4CAD0C,EI-GYY,A320,AIRBUS A-320,L2J,M
4D010C,LX-WCV,B744,BOEING 747-400,L4J,H
4D030C,LX-AID,C172,CESSNA 172 Skyhawk,L1P,L
4D210C,9H-ILA,CRJ2,BOMBARDIER Regional Jet CRJ-200,L2J,M
4D220C,9H-QBP,B738,BOEING 737-800,L2J,M
4D230C,9H-KIM,FA8X,DASSAULT Falcon 8X,L3J,M
50020C,T7-AYA,GL7T,BOMBARDIER BD-700 Global 7000/7500,L2J,M
501C0C,9A-ABC,B738,BOEING 737-800,L2J,M
502D0C,YL-AAP,BCS3,AIRBUS A220-300,L2J,M
503C0C,LY-CCP,Y18T,YAKOVLEV Yak-18T,L1P,L
506C0C,S5-AAK,CRJ9,BOMBARDIER Regional Jet CRJ-900,L2J,M
506E0C,S5-DSW,PIVI,PIPSTREL Virus,L1P,L
50820C,UR-HLG,MI8,MIL Mi-8/9/17/19/171/172,H2T,M
51110C,ES-ATJ,AT76,ATR-72-600,L2T,M
60000C,EK32008,A320,AIRBUS A-320,L2J,M
60080C,4K-AZ12,B752,BOEING 757-200,L2J,M
68000C,A5-JKW,A20N,AIRBUS A-320neo,L2J,M
68270C,JU-1804,AT75,ATR-72-500,L2T,M
70000C,YA-KMD,MD83,MCDONNELL-DOUGLAS MD-83,L2J,M
70400C,XY-ALK,A319,AIRBUS A-319,L2J,M
70620C,9K-CAK,A320,AIRBUS A-320,L2J,M
70C10C,A4O-OVG,A20N,AIRBUS A-320neo,L2J,M
71030C,2213,PC21,PILATUS PC-21,L1T,L
71040C,HZ-AS64,A320,AIRBUS A-320,L2J,M
71F90C,05-186,C130,LOCKHEED C-130 Hercules,L4T,M
73930C,4X-AFL,AT8T,AIR TRACTOR AT-802,L1T,M
73940C,4X-AIJ,BE24,BEECH 24 Sierra,L1P,L
73950C,4X-HSM,TEXA,FLY SYNTHESIS Texan,L1P,L
75020C,9M-MXL,B738,BOEING 737-800,L2J,M
75040C,9M-LMV,AT76,ATR-72-600,L2T,M
76CD0C,9V-SHL,A359,AIRBUS A-350-900,L2J,H
76E30C,733,C130,LOCKHEED C-130 Hercules,L4T,M
77170C,4R-EXO,C208,CESSNA 208 Caravan,L1T,L
78010C,B-6267,A321,AIRBUS A-321,L2J,M
78030C,B-5316,B738,BOEING 737-800,L2J,M
78040C,B-5348,B738,BOEING 737-800,L2J,M
78050C,B-5411,B738,BOEING 737-800,L2J,M
78060C,B-6646,A320,AIRBUS A-320,L2J,M
78090C,B-9561,DA40,DIAMOND DA-40 Club Star,L1P,L
780A0C,B-LAO,A333,AIRBUS A-330-300,L2J,H
780B0C,B-706G,EC25,AIRBUS HELICOPTERS EC-225/725,H2T,M
780C0C,B-1811,A320,AIRBUS A-320,L2J,M
780D0C,B-1717,B738,BOEING 737-800,L2J,M
780E0C,B-3282,E135,EMBRAER ERJ-135,L2J,M
780F0C,B-7176,B738,BOEING 737-800,L2J,M
78110C,B-7400,B738,BOEING 737-800,L2J,M
78120C,B-1305,B738,BOEING 737-800,L2J,M
78130C,B-1205,B38M,BOEING 737 MAX 8,L2J,M
78140C,B-1135,B789,BOEING 787-9 Dreamliner,L2J,H
78150C,B-302P,A20N,AIRBUS A-320neo,L2J,M
78170C,B-0503,K100,DAHER Kodiak 100,L1T,L
78180C,B-70A5,C172,CESSNA 172 Skyhawk,L1P,L
78190C,B-70T9,C172,CESSNA 172 Skyhawk,L1P,L
781A0C,B-099N,AJ27,COMAC ARJ-21-700 Xiangfeng,L2J,M
781C0C,B-324W,A359,AIRBUS A-350-900,L2J,H
781D0C,B-12EY,DA40,DIAMOND DA-40 Club Star,L1P,L
78920C,B-LVH,EC75,AIRBUS HELICOPTERS EC-175,H2T,M
79A00C,B-2351,A320,AIRBUS A-320,L2J,M
7A420C,21146,IL76,ILYUSHIN Il-76/82,L4J,H
7C000C,VH-AAM,P208,TECNAM P-2008,L1P,L
7C060C,VH-BHA,AUS4,AUSTER AOP4,L1P,L
7C100C,VH-DGE,C182,CESSNA 182 Skylane,L1P,L
7C1A0C,VH-FFI,GLEX,BOMBARDIER BD-700 Global 6000/6500,L2J,M
7C1B0C,VH-FMM,PC12,PILATUS PC-12,L1T,L
7C1C0C,VH-FTQ,P28A,PIPER PA-28-140/150/160/180,L1P,L
7C270C,VH-HZY,PA25,PIPER PA-25 Pawnee,L1P,L
7C2C0C,VH-IZI,GLID,,L0-,-
7C2F0C,VH-JKU,PC12,PILATUS PC-12,L1T,L
7C300C,VH-JRY,R44,ROBINSON R-44 Raven,H1P,L
7C380C,VH-LCU,COL3,CESSNA 350 Corvalis,L1P,L
7C390C,VH-LJY,PA34,PIPER PA-34 Seneca,L2P,L
7C3E0C,VH-MJI,B429,BELL 429 GlobalRanger,H2T,L
7C3F0C,VH-MQM,BE58,BEECH 58 Baron,L2P,L
7C420C,VH-NBY,R44,ROBINSON R-44 Raven,H1P,L
7C450C,VH-NXA,C310,CESSNA 310,L2P,L
7C490C,VH-OPQ,R44,ROBINSON R-44 Raven,H1P,L
7C4A0C,VH-OWU,PC12,PILATUS PC-12,L1T,L
7C530C,VH-QOU,DH8D,DE HAVILLAND DHC-8-400 Dash 8,L2T,M
7C620C,VH-TNI,P28A,PIPER PA-28-140/150/160/180,L1P,L
7C660C,VH-UFY,P28A,PIPER PA-28-140/150/160/180,L1P,L
7C6B0C,VH-VFI,A320,AIRBUS A-320,L2J,M
7C6C0C,VH-VMM,C172,CESSNA 172 Skyhawk,L1P,L
7C6D0C,VH-VTQ,BE20,BEECH 200 Super King Air,L2T,M
7C720C,VH-WTA,M20P,MOONEY M-20,L1P,L
7C750C,VH-XEM,PA44,PIPER PA-44 Seminole,L2P,L
7C7B0C,VH-YLA,SR22,CIRRUS SR-22,L1P,L
7C7D0C,VH-YZI,B350,BEECHCRAFT Super King Air 350,L2T,M
7C810C,VH-ZRY,SF34,SAAB 340,L2T,M
7CBC0C,19-7368,ALIG,ARION LS-1 Lightning,L1P,L
7CC50C,24-8078,P208,TECNAM P-2008,L1P,L
7CFA0C,N52-004,EC35,AIRBUS HELICOPTERS EC-135/635,H2T,L
80000C,VT-ESO,B744,BOEING 747-400,L4J,H
80030C,IN320,B738,BOEING 737-800,L2J,M
80040C,VT-JBC,B738,BOEING 737-800,L2J,M
80060C,VT-DIP,BE20,BEECH 200 Super King Air,L2T,M
80070C,VT-VCA,A109,AGUSTA AW-109 Grand,H2T,L
800C0C,VT-TNC,A20N,AIRBUS A-320neo,L2J,M
800E0C,K2679,AN32,ANTONOV An-32 Sutlej,L2T,M
80140C,VT-ILF,A21N,AIRBUS A-321neo,L2J,M
84630C,JA12JJ,A320,AIRBUS A-320,L2J,M
84640C,JA12RK,B738,BOEING 737-800,L2J,M
846D0C,JA15AN,B737,BOEING 737-700,L2J,M
85CA0C,JA52HA,BE58,BEECH 58 Baron,L2P,L
86220C,JA621J,B763,BOEING 767-300,L2J,H
862D0C,JA653J,B763,BOEING 767-300,L2J,H
863B0C,JA6916,EC45,AIRBUS HELICOPTERS EC-145,H2T,L
86960C,JA79AN,B738,BOEING 737-800,L2J,M
86D30C,JA8196,B735,BOEING 737-500,L2J,M
872C0C,JA913A,S76,SIKORSKY S-76 Spirit,H2T,L
87420C,JA977A,A139,AGUSTA AW-139,H2T,L
88040C,41525,A139,AGUSTA AW-139,H2T,L
881C0C,93309,EC55,AIRBUS HELICOPTERS EC-155,H2T,L
88510C,HS-THL,A359,AIRBUS A-350-900,L2J,H
88530C,HS-TXL,A320,AIRBUS A-320,L2J,M
89610C,A6-ECE,B77W,BOEING 777-300ER,L2J,H
89620C,A6-EGK,B77W,BOEING 777-300ER,L2J,H
89630C,A6-ENJ,B77W,BOEING 777-300ER,L2J,H
89640C,A6-FLR,DH8D,DE HAVILLAND DHC-8-400 Dash 8,L2T,M
89650C,A6-KOC,A169,AGUSTA AW-169,H2T,L
896E0C,TWR,TWR,,T0-,-
89900C,3315,P3,LOCKHEED P-3 Orion,L4T,M
89910C,B-18206,B744,BOEING 747-400,L4J,H
8A020C,PK-GMG,B738,BOEING 737-800,L2J,M
8A040C,PK-WGL,AT76,ATR-72-600,L2T,M
8A080C,PK-LQV,B738,BOEING 737-800,L2J,M
A0010C,N1LR,PA24,PIPER PA-24 Comanche,L1P,L
A0020C,N1WX,BE36,BEECH 36 Bonanza,L1P,L
A0040C,N10TH,RV4,VANS RV-4,L1P,L
A0060C,N100PU,E50P,EMBRAER EMB-500 Phenom 100,L2J,L
A0080C,N1007L,P28R,PIPER PA-28R-180/200/201,L1P,L
A0090C,N101GL,G2T1,GREAT LAKES 2T-1,L1P,L
A00A0C,N101SS,LJ60,LEARJET 60,L2J,M
A00B0C,N1012C,M20P,MOONEY M-20,L1P,L
A00F0C,N1024F,A321,AIRBUS A-321,L2J,M
A0160C,N1041A,PA18,PIPER PA-18 Super Cub,L1P,L
A0170C,N1048M,ST75,STEARMAN Kaydet,L1P,L
A0190C,N105UC,C152,CESSNA 152,L1P,L
A01A0C,N1053D,C195,CESSNA 195,L1P,L
A01B0C,N106AP,BALL,,B0-,-
A01F0C,N107DM,CHR1,ELMWOOD CA-05 Christavia Mk1,L1P,L
A0200C,N107PT,C25B,CESSNA 525B Citation CJ3,L2J,L
A0240C,N108SR,SREY,PROGRESSIVE AERODYNE SeaRey,A1P,L
A0290C,N1094E,CH7A,BELLANCA 7 Champion,L1P,L
A02A0C,N11C,C185,CESSNA 185 Skywagon,L1P,L
A02C0C,N11YM,GLST,GLASAIR SH-4 GlaStar,L1P,L
A02D0C,N110JS,B38M,BOEING 737 MAX 8,L2J,M
A0310C,N111MQ,BE20,BEECH 200 Super King Air,L2T,M
A0320C,N111XW,E300,EXTRA EA-300/330/350,L1P,L
A0360C,N1120U,PA18,PIPER PA-18 Super Cub,L1P,L
A0390C,N113TL,C82S,CESSNA T182 Turbo Skylane,L1P,L
A03A0C,N1132X,C172,CESSNA 172 Skyhawk,L1P,L
A03C0C,N114LC,J3,PIPER J-3 Cub,L1P,L
A03E0C,N11440,WACF,WACO F,L1P,L
A0400C,N115PA,BE65,BEECH 65 Queen Air,L2P,L
A0420C,N11563,C150,CESSNA 150,L1P,L
A0430C,N116FT,COL4,CESSNA 400 Corvalis TT,L1P,L
A0450C,N1161V,COL4,CESSNA 400 Corvalis TT,L1P,L
A0460C,N11686,CH7B,BELLANCA 7 Citabria,L1P,L
A0470C,N117JR,BOLT,STEEN Skybolt,L1P,L
A0490C,N1173Y,,,,
A04A0C,N118BH,C340,CESSNA 340 Super,L2P,L
A04D0C,N11851,ACAM,LEZA Air Cam,L2P,L
A0500C,N1190T,AA5,AMERICAN AA-5 Tiger,L1P,L
A0510C,N11974,C150,CESSNA 150,L1P,L
A0550C,N120PW,P28A,PIPER PA-28-140/150/160/180,L1P,L
A0590C,N121SU,B350,BEECHCRAFT Super King Air 350,L2T,M
A05A0C,N1212E,P32R,PIPER PA-32R-300/301/301T,L1P,L
A05D0C,N122VS,SR22,CIRRUS SR-22,L1P,L
A05E0C,N1224H,AR15,AERONCA 15 Sedan,L1P,L
A05F0C,N123CC,M20P,MOONEY M-20,L1P,L
A0640C,N124RG,T210,CESSNA T210 Turbo Centurion,L1P,L
A0650C,N1241C,PA22,PIPER PA-22,L1P,L
A0700C,N1270A,PA18,PIPER PA-18 Super Cub,L1P,L
A0710C,N1277M,C337,CESSNA 337 Super Skymaster,L2P,L
A0730C,N128ST,C208,CESSNA 208 Caravan,L1T,L
A0740C,N1282D,COL4,CESSNA 400 Corvalis TT,L1P,L
A0750C,N1289Q,C150,CESSNA 150,L1P,L
A0790C,N13CB,C172,CESSNA 172 Skyhawk,L1P,L
A07B0C,N13YP,C172,CESSNA 172 Skyhawk,L1P,L
A07D0C,N130V,B47G,BELL 47G,H1P,L
A07E0C,N13031,L39,LET L-39 Albatros,L1J,L
A07F0C,N131BL,BE9L,BEECH 90 King Air,L2T,L
A0800C,N131MS,C25C,CESSNA 525C Citation CJ4,L2J,M
A0820C,N13154,C172,CESSNA 172 Skyhawk,L1P,L
A0850C,N1320W,M20P,MOONEY M-20,L1P,L
A0860C,N13277,C172,CESSNA 172 Skyhawk,L1P,L
A0870C,N133HG,BU33,BUCKER Bu-133 Jungmeister,L1P,L
A0890C,N1332Z,BE95,BEECH 95 Travel Air,L2P,L
A08A0C,N134,T34P,BEECH T-34 Mentor,L1P,L
A08D0C,N13442,WACF,WACO F,L1P,L
A08E0C,N135CX,HDJT,HONDA HondaJet,L2J,L
A08F0C,N135PC,PA18,PIPER PA-18 Super Cub,L1P,L
A0910C,N13565,C177,CESSNA  177 Cardinal,L1P,L
A0930C,N136SA,AA5,AMERICAN AA-5 Tiger,L1P,L
A0960C,N137JT,HDJT,HONDA HondaJet,L2J,L
A09C0C,N13853,RELI,STINSON Reliant,L1P,L
A0A10C,N14HF,M7,MAULE M-7,L1P,L
A0A20C,N14TM,BE33,BEECH 33 Bonanza,L1P,L
A0A30C,N140DS,,,,
A0A80C,N141SW,P28A,PIPER PA-28-140/150/160/180,L1P,L
A0A90C,N1412G,BE35,BEECH 35 Starfire Bonanza,L1P,L
A0AA0C,N1419T,P28R,PIPER PA-28R-180/200/201,L1P,L
A0AE0C,N143CE,B350,BEECHCRAFT Super King Air 350,L2T,M
A0B10C,N1436N,J3,PIPER J-3 Cub,L1P,L
A0B50C,N1448R,AA1,AMERICAN AA-1,L1P,L
A0B60C,N145JA,LJ45,LEARJET 45,L2J,M
A0B90C,N146AT,A4,DOUGLAS A-4 Skyhawk,L1J,M
A0BC0C,N1465L,BE23,BEECH 23 Sundowner,L1P,L
A0BF0C,N1470C,PA18,PIPER PA-18 Super Cub,L1P,L
A0C10C,N148GP,PTS1,PITTS S-1 Special,L1P,L
A0C40C,N1489S,C182,CESSNA 182 Skylane,L1P,L
A0C80C,N15CD,AC68,AERO Commander 680,L2P,L
A0C90C,N15NK,FDCT,FLIGHT DESIGN CT,L1P,L
A0CB0C,N150JW,C150,CESSNA 150,L1P,L
A0CD0C,N15033,P28A,PIPER PA-28-140/150/160/180,L1P,L
A0CE0C,N151BN,C25B,CESSNA 525B Citation CJ3,L2J,L
A0D00C,N151Y,,,,
A0D30C,N152QS,GLEX,BOMBARDIER BD-700 Global 6000/6500,L2J,M
A0D40C,N1520Y,C172,CESSNA 172 Skyhawk,L1P,L
A0D90C,N154AA,A321,AIRBUS A-321,L2J,M
A0DC0C,N15444,,,,
A0E20C,N156SC,PARA,,P0-,-
A0E80C,N158BM,BE58,BEECH 58 Baron,L2P,L
A0EE0C,N1590X,P28R,PIPER PA-28R-180/200/201,L1P,L
A0F10C,N16TP,CH7B,BELLANCA 7 Citabria,L1P,L
A0F20C,N160DU,H60,SIKORSKY UH-60 Black Hawk,H2T,M
A0F70C,N161SY,E75L,EMBRAER ERJ-170-200 (long wing),L2J,M
A0F90C,N1619V,C140,CESSNA 140,L1P,L
A0FA0C,N162KQ,K100,DAHER Kodiak 100,L1T,L
A1010C,N164FE,B763,BOEING 767-300,L2J,H
A1020C,N164RL,B407,BELL 407,H1T,L
A1040C,N1648T,C414,CESSNA 414 Chancellor,L2P,L
A1050C,N165JC,R22,ROBINSON R-22 Mariner,H1P,L
A1090C,N166MA,P46T,PIPER PA-46-500TP,L1T,L
A10F0C,N1677R,C185,CESSNA 185 Skywagon,L1P,L
A1160C,N1694L,T206,CESSNA T206 Turbo Stationair,L1P,L
A1170C,N17CF,PTS2,PITTS S-2 Special,L1P,L
A1180C,N17NM,BE9L,BEECH 90 King Air,L2T,L
A1230C,N17200,C150,CESSNA 150,L1P,L
A12C0C,N175DA,DA40,DIAMOND DA-40 Club Star,L1P,L
A12D0C,N175PG,SR20,CIRRUS SR-20,L1P,L
A12F0C,N17569,J2,PIPER J-2 Cub,L1P,L
A1320C,N17611,B47G,BELL 47G,H1P,L
A1350C,N177VC,C177,CESSNA  177 Cardinal,L1P,L
A1360C,N17734,WACC,WACO C/S,L1P,L
A1410C,N180DW,PA22,PIPER PA-22,L1P,L
A1430C,N1800H,COL3,CESSNA 350 Corvalis,L1P,L
A1440C,N1807U,B38M,BOEING 737 MAX 8,L2J,M
A1460C,N181T,PA18,PIPER PA-18 Super Cub,L1P,L
A1470C,N1812L,BE35,BEECH 35 Starfire Bonanza,L1P,L
A1480C,N1819X,C182,CESSNA 182 Skylane,L1P,L
A1490C,N182KS,C82R,CESSNA R182 Skylane RG,L1P,L
A14B0C,N1824P,BE24,BEECH 24 Sierra,L1P,L
A14F0C,N1836S,F900,DASSAULT Falcon 900,L3J,M
A1530C,N1848V,C140,CESSNA 140,L1P,L
A1540C,N185JE,C185,CESSNA 185 Skywagon,L1P,L
A1560C,N1853M,ST75,STEARMAN Kaydet,L1P,L
A15D0C,N1870G,CL30,BOMBARDIER BD-100 Challenger 300,L2J,M
A15F0C,N188GT,TB20,SOCATA TB-20 Trinidad,L1P,L
A1620C,N1889W,BE58,BEECH 58 Baron,L2P,L
A1650C,N1894N,C120,CESSNA 120,L1P,L
A1690C,N190K,C560,CESSNA 560 Citation Ultra,L2J,M
A16B0C,N19037,C150,CESSNA 150,L1P,L
A16C0C,N191BS,SR22,CIRRUS SR-22,L1P,L
A16F0C,N1916,C182,CESSNA 182 Skylane,L1P,L
A1720C,N19202,J2,PIPER J-2 Cub,L1P,L
A1730C,N1928C,C170,CESSNA 170,L1P,L
A1760C,N19325,C150,CESSNA 150,L1P,L
A1770C,N194AE,AS50,AEROSPATIALE AS-350 Ecureuil,H1T,L
A1780C,N194LL,EC45,AIRBUS HELICOPTERS EC-145,H2T,L
A17B0C,N195DC,C195,CESSNA 195,L1P,L
A17C0C,N195PJ,PA32,PIPER PA-32,L1P,L
A17E0C,N1957A,PA18,PIPER PA-18 Super Cub,L1P,L
A1800C,N196SG,G2GL,SOKO G-2 Galeb,L1J,L
A1850C,N19736,C172,CESSNA 172 Skyhawk,L1P,L
A1890C,N19859,C172,CESSNA 172 Skyhawk,L1P,L
A18D0C,N1998B,AVID,AVID Flyer,L1P,L
A18E0C,N2HM,DEFI,RUTAN 40 Defiant,L2P,L
A18F0C,N2TT,RV4,VANS RV-4,L1P,L
A1900C,N20DY,TB20,SOCATA TB-20 Trinidad,L1P,L
A1970C,N201PN,M20P,MOONEY M-20,L1P,L
A1990C,N2017E,C82S,CESSNA T182 Turbo Skylane,L1P,L
A19A0C,N202GE,M20P,MOONEY M-20,L1P,L
A19B0C,N202SL,H269,HUGHES Sky Knight,H1P,L
A19C0C,N20217,C177,CESSNA  177 Cardinal,L1P,L
A1A40C,N2046C,H269,HUGHES Sky Knight,H1P,L
A1A70C,N20505,C82T,CESSNA TR182 Turbo Skylane RG,L1P,L
A1AA0C,N206TX,C206,CESSNA  206 Stationair,L1P,L
A1AB0C,N20628,FA24,FAIRCHILD F-24 Argus,L1P,L
A1AC0C,N207AH,PRM1,RAYTHEON 390 Premier 1,L2J,L
A1AF0C,N2075A,BE24,BEECH 24 Sierra,L1P,L
A1B10C,N208PM,C208,CESSNA 208 Caravan,L1T,L
A1B30C,N2087D,P28B,PIPER PA-28-201T/235/236,L1P,L
A1B60C,N20916,,,,
A1B70C,N2099G,C182,CESSNA 182 Skylane,L1P,L
A1B80C,N21KB,C310,CESSNA 310,L2P,L
A1BA0C,N210FN,GX,REMOS GX,L1P,L
A1BC0C,N2101Q,S108,STINSON 108 Voyager,L1P,L
A1BF0C,N211US,T211,INDUS T-211,L1P,L
A1C00C,N2113T,P28R,PIPER PA-28R-180/200/201,L1P,L
A1C10C,N212BC,C182,CESSNA 182 Skylane,L1P,L
A1C20C,N212MJ,PULS,Pulsar,L1P,L
A1C40C,N2125W,BE23,BEECH 23 Sundowner,L1P,L
A1C70C,N2130N,C140,CESSNA 140,L1P,L
A1C80C,N2137Z,C180,CESSNA  180 Skywagon,L1P,L
A1C90C,N214GZ,C172,CESSNA 172 Skyhawk,L1P,L
A1CB0C,N2142R,P28A,PIPER PA-28-140/150/160/180,L1P,L
A1CC0C,N21492,P210,CESSNA P210 Centurion,L1P,L
A1CE0C,N215WC,BALL,,B0-,-
A1D00C,N216CP,T206,CESSNA T206 Turbo Stationair,L1P,L
A1D10C,N216NV,A320,AIRBUS A-320,L2J,M
A1DA0C,N2183S,H269,HUGHES Sky Knight,H1P,L
A1DB0C,N219BB,RV3,VANS RV-3,L1P,L
A1DC0C,N219MH,B06,BELL 206 JetRanger,H1T,L
A1E50C,N221DJ,SEAW,Seawind,A1P,L
A1E90C,N222GG,PTS1,PITTS S-1 Special,L1P,L
A1EA0C,N222SN,BL17,BELLANCA 17 Viking,L1P,L
A1EC0C,N2229K,L8,LUSCOMBE 8,L1P,L
A1EF0C,N2234B,PA44,PIPER PA-44 Seminole,L2P,L
A1F10C,N224NC,F2TH,DASSAULT Falcon 2000,L2J,M
A1F30C,N2246E,C172,CESSNA 172 Skyhawk,L1P,L
A1F50C,N225RA,C172,CESSNA 172 Skyhawk,L1P,L
A1F60C,N22507,C150,CESSNA 150,L1P,L
A1FB0C,N227AK,PA31,PIPER PA-31-300/310/325/350/425,L2P,L
A1FE0C,N2275C,C303,CESSNA T303 Crusader,L2P,L
A2050C,N22918,J3,PIPER J-3 Cub,L1P,L
A2070C,N23KD,,,,
A2080C,N23VK,C501,CESSNA 501 Citation 1SP,L2J,L
A20C0C,N23083,C150,CESSNA 150,L1P,L
A20D0C,N231JN,M20P,MOONEY M-20,L1P,L
A2120C,N232XS,CP23,MURDY CAP-230/1/2,L1P,L
A2140C,N233EC,CH70,ZENAIR CH-701 Stol,L1P,L
A21D0C,N235WE,PA25,PIPER PA-25 Pawnee,L1P,L
A2200C,N236NX,PC12,PILATUS PC-12,L1T,L
A2220C,N2366Z,BE23,BEECH 23 Sundowner,L1P,L
A2240C,N237RV,RV7,VANS RV-7,L1P,L
A2250C,N2371R,C182,CESSNA 182 Skylane,L1P,L
A2260C,N23782,C82S,CESSNA T182 Turbo Skylane,L1P,L
A22D0C,N2395X,C182,CESSNA 182 Skylane,L1P,L
A2350C,N241PS,CRJ2,BOMBARDIER Regional Jet CRJ-200,L2J,M
A23A0C,N2422A,AVID,AVID Flyer,L1P,L
A23B0C,N2429M,PA12,PIPER PA-12 Super Cruiser,L1P,L
A23E0C,N2434D,C170,CESSNA 170,L1P,L
A2420C,N2446G,C182,CESSNA 182 Skylane,L1P,L
A2430C,N245EX,E300,EXTRA EA-300/330/350,L1P,L
A2460C,N2458K,L8,LUSCOMBE 8,L1P,L
A2470C,N246HV,,,,
A2480C,N246UA,,,,
A2490C,N2463B,C82T,CESSNA TR182 Turbo Skylane RG,L1P,L
A24B0C,N247LT,GA5C,GULFSTREAM G500,L2J,M
A2510C,N2487H,PA18,PIPER PA-18 Super Cub,L1P,L
A2530C,N249SP,C210,CESSNA 201 Centurion,L1P,L
A2560C,N25KF,LGEZ,RUTAN Long-EZ,L1P,L
A2570C,N25VM,BE36,BEECH 36 Bonanza,L1P,L
A25A0C,N2501U,C172,CESSNA 172 Skyhawk,L1P,L
A25E0C,N2513X,C206,CESSNA  206 Stationair,L1P,L
A2620C,N25250,BALL,,B0-,-
A26A0C,N25496,BE36,BEECH 36 Bonanza,L1P,L
A2760C,N258JP,PA18,PIPER PA-18 Super Cub,L1P,L
A2780C,N2583W,M20P,MOONEY M-20,L1P,L
A27A0C,N259MM,BE36,BEECH 36 Bonanza,L1P,L
A27D0C,N26ED,RV6,VANS RV-6,L1P,L
A28D0C,N2634F,C182,CESSNA 182 Skylane,L1P,L
A28E0C,N264CA,C172,CESSNA 172 Skyhawk,L1P,L
A2910C,N2646J,BALL,,B0-,-
A2980C,N2663D,C170,CESSNA 170,L1P,L
A29D0C,N268DM,HROC,HARMON Rocket,L1P,L
A2A20C,N269SR,H269,HUGHES Sky Knight,H1P,L
A2A50C,N27KH,AS29,SCHLEICHER ASG-29,L1P,L
A2A60C,N27VP,C82R,CESSNA R182 Skylane RG,L1P,L
A2A90C,N2701W,M20P,MOONEY M-20,L1P,L
A2AB0C,N271JS,AS29,SCHLEICHER ASG-29,L1P,L
A2B10C,N27252,B38M,BOEING 737 MAX 8,L2J,M
A2B80C,N2742X,C180,CESSNA  180 Skywagon,L1P,L
A2BC0C,N27540,PA31,PIPER PA-31-300/310/325/350/425,L2P,L
A2BE0C,N276PA,DRON,,D0-,-
A2C00C,N27663,PA31,PIPER PA-31-300/310/325/350/425,L2P,L
A2CC0C,N28EF,RV9,VANS RV-9,L1P,L
A2CE0C,N280AS,P32R,PIPER PA-32R-300/301/301T,L1P,L
A2D10C,N2805K,C180,CESSNA  180 Skywagon,L1P,L
A2D50C,N2817N,C120,CESSNA 120,L1P,L
A2D80C,N2822E,CH7A,BELLANCA 7 Champion,L1P,L
A2DC0C,N2834H,ERCO,AIR PRODUCTS F-1 Aircoupe,L1P,L
A2E10C,N285FA,G280,GULFSTREAM G280,L2J,M
A2E20C,N285RG,R44,ROBINSON R-44 Raven,H1P,L
A2E40C,N2858P,PA22,PIPER PA-22,L1P,L
A2E70C,N2863F,C182,CESSNA 182 Skylane,L1P,L
A2EC0C,N288DP,B736,BOEING 737-600,L2J,M
A2F10C,N289ST,P28A,PIPER PA-28-140/150/160/180,L1P,L
A2F20C,N2892D,ST75,STEARMAN Kaydet,L1P,L
A2F40C,N29KK,COL3,CESSNA 350 Corvalis,L1P,L
A2F70C,N290SB,GLID,,L0-,-
A2FC0C,N29131,HUSK,CHRISTEN Husky,L1P,L
A2FE0C,N292MS,EC35,AIRBUS HELICOPTERS EC-135/635,H2T,L
A3000C,N29254,SS2P,ROCKWELL Thrush Commander,L1P,L
A3040C,N29377,C177,CESSNA  177 Cardinal,L1P,L
A3070C,N2942Z,PA22,PIPER PA-22,L1P,L
A3080C,N295,C25A,CESSNA 525A Citation CJ2,L2J,L
A30B0C,N29542,T210,CESSNA T210 Turbo Centurion,L1P,L
A30C0C,N296CX,HDJT,HONDA HondaJet,L2J,L
A3130C,N29788,CH7B,BELLANCA 7 Citabria,L1P,L
A3140C,N298JT,DRON,,D0-,-
A3180C,N299MR,SR22,CIRRUS SR-22,L1P,L
A31B0C,N3EH,C180,CESSNA  180 Skywagon,L1P,L
A31C0C,N3QP,QIC2,QUICKIE Q2,L1P,L
A3200C,N300HL,C680,CESSNA 680 Citation Sovereign,L2J,M
A3220C,N30023,T50,CESSNA Bobcat,L2P,L
A3230C,N301AC,BL8,BELLANCA 8 Decathlon,L1P,L
A3260C,N30146,WACF,WACO F,L1P,L
A32B0C,N303FZ,FA10,DASSAULT Falcon 100,L2J,M
A32D0C,N30311,C177,CESSNA  177 Cardinal,L1P,L
A3310C,N30434,J4,PIPER J-4 Cub Coupe,L1P,L
A3330C,N305MV,O1,CESSNA 305/341 Bird Dog,L1P,L
A3350C,N30557,C177,CESSNA  177 Cardinal,L1P,L
A33C0C,N30722,BALL,,B0-,-
A33F0C,N308WP,F2TH,DASSAULT Falcon 2000,L2J,M
A3410C,N309D,RBEL,MURPHY Rebel,L1P,L
A3450C,N31FY,FURY,HAWKER Fury,L1P,L
A3460C,N31SD,C152,CESSNA 152,L1P,L
A3470C,N310CJ,C310,CESSNA 310,L2P,L
A34A0C,N3106S,AP22,AEROPRACT A-22,L1P,L
A34D0C,N3111J,BE33,BEECH 33 Bonanza,L1P,L
A34E0C,N3118V,C150,CESSNA 150,L1P,L
A3510C,N3123M,PA12,PIPER PA-12 Super Cruiser,L1P,L
A3530C,N313MC,BE30,BEECH 300 Super King Air,L2T,L
A3550C,N3135Q,C182,CESSNA 182 Skylane,L1P,L
A3580C,N3140G,P32T,PIPER PA-32RT-300/300T,L1P,L
A35A0C,N315GT,S22T,CIRRUS SR-22T Turbo,L1P,L
A35C0C,N3152K,P28A,PIPER PA-28-140/150/160/180,L1P,L
A3610C,N317CH,BE35,BEECH 35 Starfire Bonanza,L1P,L
A3660C,N318RM,,,,
A3670C,N3181H,BALL,,B0-,-
A3680C,N3188U,C182,CESSNA 182 Skylane,L1P,L
A3690C,N319JD,C25A,CESSNA 525A Citation CJ2,L2J,L
A36C0C,N32AW,R66,ROBINSON R-66,H1T,L
A36D0C,N32MB,BE36,BEECH 36 Bonanza,L1P,L
A3710C,N32025,P28B,PIPER PA-28-201T/235/236,L1P,L
A3740C,N321WS,AA5,AMERICAN AA-5 Tiger,L1P,L
A3760C,N322DC,DV20,DIAMOND DA-20,L1P,L
A3790C,N3227A,C310,CESSNA 310,L2P,L
A37B0C,N323SG,B38M,BOEING 737 MAX 8,L2J,M
A37C0C,N32313,F9F,GRUMMAN F9F Panther,L1J,L
A37D0C,N3239D,C180,CESSNA  180 Skywagon,L1P,L
A3840C,N32559,P28A,PIPER PA-28-140/150/160/180,L1P,L
A3880C,N3268B,PA22,PIPER PA-22,L1P,L
A38A0C,N327TT,,,,
A38F0C,N32847,P28A,PIPER PA-28-140/150/160/180,L1P,L
A3910C,N329PH,EC35,AIRBUS HELICOPTERS EC-135/635,H2T,L
A3940C,N33G,PC24,PILATUS PC-24,L2J,M
A3950C,N33SF,BE58,BEECH 58 Baron,L2P,L
A3960C,N330CL,BE35,BEECH 35 Starfire Bonanza,L1P,L
A3990C,N3306U,C182,CESSNA 182 Skylane,L1P,L
A3A10C,N333AZ,M20P,MOONEY M-20,L1P,L
A3A20C,N333ME,SEAW,Seawind,A1P,L
A3A30C,N333XL,UH1,BELL UH-1 Huey,H1T,L
A3A70C,N3340J,C150,CESSNA 150,L1P,L
A3AA0C,N335TA,BE20,BEECH 200 Super King Air,L2T,M
A3AD0C,N336KT,P46T,PIPER PA-46-500TP,L1T,L
A3B70C,N3388W,PA32,PIPER PA-32,L1P,L
A3BA0C,N3393N,J3,PIPER J-3 Cub,L1P,L
A3BC0C,N34MD,BL17,BELLANCA 17 Viking,L1P,L
A3BF0C,N340TW,VENT,SCHEMPP-HIRTH Ventus,L1P,L
A3C10C,N341AG,SF34,SAAB 340,L2T,M
A3C80C,N3427C,C170,CESSNA 170,L1P,L
A3D30C,N3456A,BE60,BEECH 60 Duke,L2P,L
A3DA0C,N34726,,,,
A3E30C,N35GB,BOLT,STEEN Skybolt,L1P,L
A3E40C,N35SH,EAGL,CHRISTEN Eagle,L1P,L
A3E70C,N350Z,BE35,BEECH 35 Starfire Bonanza,L1P,L
A3E90C,N351FL,CVLP,CONVAIR Convairliner,L2P,M
A3EA0C,N351RS,BE35,BEECH 35 Starfire Bonanza,L1P,L
A3EF0C,N3523R,C72R,CESSNA 172R Cutlass RG,L1P,L
A3F40C,N354DZ,BE35,BEECH 35 Starfire Bonanza,L1P,L
A3FB0C,N35590,P32R,PIPER PA-32R-300/301/301T,L1P,L
A3FD0C,N356WA,C680,CESSNA 680 Citation Sovereign,L2J,M
A3FE0C,N3564S,C172,CESSNA 172 Skyhawk,L1P,L
A3FF0C,N357CM,HUSK,CHRISTEN Husky,L1P,L
A4080C,N359UP,B763,BOEING 767-300,L2J,H
A4090C,N3593Q,C172,CESSNA 172 Skyhawk,L1P,L
A40D0C,N360HS,BE30,BEECH 300 Super King Air,L2T,L
A4130C,N3615B,GLID,,L0-,-
A4170C,N3627E,C172,CESSNA 172 Skyhawk,L1P,L
A41B0C,N3639H,M20P,MOONEY M-20,L1P,L
A4260C,N3668F,BALL,,B0-,-
A4270C,N367HR,P32R,PIPER PA-32R-300/301/301T,L1P,L
A42D0C,N3685A,PA18,PIPER PA-18 Super Cub,L1P,L
A42E0C,N369DF,H500,HUGHES 500,H1T,L
A42F0C,N369PM,RC70,ROCKWELL Commander 700/710,L2P,L
A4320C,N37GD,M20P,MOONEY M-20,L1P,L
A4350C,N370NW,A320,AIRBUS A-320,L2J,M
A4370C,N3706Y,C210,CESSNA 201 Centurion,L1P,L
A43B0C,N37181,C414,CESSNA 414 Chancellor,L2P,L
A43F0C,N312JE,CL60,BOMBARDIER CL-600 Challenger,L2J,M
A4450C,N3740N,BE35,BEECH 35 Starfire Bonanza,L1P,L
A4490C,N3752R,C172,CESSNA 172 Skyhawk,L1P,L
A44A0C,N37592,ZZZZ,,-0-,-
A44E0C,N377CP,RV7,VANS RV-7,L1P,L
A4510C,N3776X,VO10,NORTH AMERICAN ROCKWELL Commander 100,L1P,L
A4540C,N3781P,PA18,PIPER PA-18 Super Cub,L1P,L
A4550C,N37880,C310,CESSNA 310,L2P,L
A4580C,N3793S,C172,CESSNA 172 Skyhawk,L1P,L
A4590C,N38BB,L10,LOCKHEED L-10 Electra,L2P,L
A45A0C,N38MH,HUSK,CHRISTEN Husky,L1P,L
A45D0C,N380U,PA44,PIPER PA-44 Seminole,L2P,L
A4620C,N3815D,C182,CESSNA 182 Skylane,L1P,L
A4630C,N382DJ,SR22,CIRRUS SR-22,L1P,L
A4690C,N38319,P28A,PIPER PA-28-140/150/160/180,L1P,L
A46A0C,N3839K,ST75,STEARMAN Kaydet,L1P,L
A4750C,N3868H,ERCO,AIR PRODUCTS F-1 Aircoupe,L1P,L
A4820C,N39SM,DHC2,DE HAVILLAND DHC-2 Beaver,L1P,L
A4830C,N390CS,C240,CESSNA 240 Corvalis TTx,L1P,L
A48B0C,N392JN,RV7,VANS RV-7,L1P,L
A48D0C,N3923V,C170,CESSNA 170,L1P,L
A4910C,N3935Y,PA46,PIPER PA-46-310/350,L1P,L
A4960C,N395HA,A332,AIRBUS A-330-200,L2J,H
A4970C,N395TG,B350,BEECHCRAFT Super King Air 350,L2T,M
A4980C,N3952T,P28R,PIPER PA-28R-180/200/201,L1P,L
A4990C,N39594,PA34,PIPER PA-34 Seneca,L2P,L
A49C0C,N3964W,BEAR,AVIPRO RB-4 Bearhawk,L1P,L
A4A40C,N39882,BL17,BELLANCA 17 Viking,L1P,L
A4A70C,N3993U,C150,CESSNA 150,L1P,L
A4A80C,N4BD,BD4,BEDE BD-4,L1P,L
A4A90C,N4MK,CC19,CUB CRAFTERS CC-19 XCub,L1P,L
A4AB0C,N40HW,GLID,,L0-,-
A4B30C,N4012X,DA40,DIAMOND DA-40 Club Star,L1P,L
A4B50C,N402LC,C130,LOCKHEED C-130 Hercules,L4T,M
A4B80C,N403CV,C82T,CESSNA TR182 Turbo Skylane RG,L1P,L
A4B90C,N403PA,BE58,BEECH 58 Baron,L2P,L
A4BB0C,N40363,R44,ROBINSON R-44 Raven,H1P,L
A4BF0C,N40486,AS28,SCHLEICHER ASW-28,L1P,L
A4C20C,N4053Y,BALL,,B0-,-
A4C40C,N406MP,B06,BELL 206 JetRanger,H1T,L
A4C60C,N40651,J3,PIPER J-3 Cub,L1P,L
A4CA0C,N40774,J3,PIPER J-3 Cub,L1P,L
A4D20C,N41CU,C421,CESSNA 421 Executive Commuter,L2P,L
A4D30C,N41P,GC1,GLOBE Swift,L1P,L
A4D80C,N411CC,BE20,BEECH 200 Super King Air,L2T,M
A4DB0C,N4116L,C172,CESSNA 172 Skyhawk,L1P,L
A4DE0C,N4121C,S108,STINSON 108 Voyager,L1P,L
A4E30C,N414AR,C414,CESSNA 414 Chancellor,L2P,L
A4E60C,N4145J,P28A,PIPER PA-28-140/150/160/180,L1P,L
A4E70C,N415DP,B47G,BELL 47G,H1P,L
A4E90C,N4150A,,,,
A4EA0C,N4157M,PA12,PIPER PA-12 Super Cruiser,L1P,L
A4EE0C,N4169Q,C310,CESSNA 310,L2P,L
A4F20C,N418CB,HUSK,CHRISTEN Husky,L1P,L
A4F50C,N4186K,NAVI,NORTH AMERICAN Navion,L1P,L
A4F60C,N419F,RV6,VANS RV-6,L1P,L
A4F90C,N4198N,C140,CESSNA 140,L1P,L
A4FA0C,N42HY,HUSK,CHRISTEN Husky,L1P,L
A4FE0C,N4200W,PA11,PIPER PA-11 Cub Special,L1P,L
A5000C,N421HG,C421,CESSNA 421 Executive Commuter,L2P,L
A5030C,N422,GLAS,Glasair,L1P,L
A5040C,N422LE,RV7,VANS RV-7,L1P,L
A5050C,N422WL,EXEC,ROTORWAY Exec,H1P,L
A5060C,N42242,C182,CESSNA 182 Skylane,L1P,L
A5080C,N423PC,DV20,DIAMOND DA-20,L1P,L
A50A0C,N42365,MA5,MARQUART MA-5 Charger,L1P,L
A50C0C,N424SA,CH7B,BELLANCA 7 Citabria,L1P,L
A50F0C,N425JT,C425,CESSNA 425 Corsair,L2T,L
A5150C,N42653,C182,CESSNA 182 Skylane,L1P,L
A5190C,N42776,C421,CESSNA 421 Executive Commuter,L2P,L
A51B0C,N428TM,SR22,CIRRUS SR-22,L1P,L
A51D0C,N42899,C182,CESSNA 182 Skylane,L1P,L
A51E0C,N429LD,BE36,BEECH 36 Bonanza,L1P,L
A5200C,N42941,C182,CESSNA 182 Skylane,L1P,L
A5210C,N43CW,C208,CESSNA 208 Caravan,L1T,L
A5220C,N43PB,GLAS,Glasair,L1P,L
A5270C,N431CE,C414,CESSNA 414 Chancellor,L2P,L
A52A0C,N4316N,UH1,BELL UH-1 Huey,H1T,L
A52C0C,N432RJ,C550,CESSNA 550 Citation S2,L2J,L
A5310C,N4333H,PA15,PIPER PA-15 Vagabond,L1P,L
A5360C,N435DR,C172,CESSNA 172 Skyhawk,L1P,L
A5380C,N4350C,,,,
A5390C,N4357P,PA23,PIPER PA-23,L2P,L
A5410C,N438CD,SR22,CIRRUS SR-22,L1P,L
A5440C,N4386M,P28A,PIPER PA-28-140/150/160/180,L1P,L
A5470C,N4391D,SRAI,GREAT PLAINS Sonerai,L1P,L
A5490C,N44J,WAIX,SONEX Waiex,L1P,L
A54C0C,N440QS,GLF4,GULFSTREAM 4,L2J,M
A5520C,N442AA,A21N,AIRBUS A-321neo,L2J,M
A5540C,N442WN,B737,BOEING 737-700,L2J,M
A55A0C,N444FX,E545,EMBRAER EMB545 Praetor 500,L2J,M
A55B0C,N444SC,GLF5,GULFSTREAM 5,L2J,M
A55C0C,N4441Z,PA18,PIPER PA-18 Super Cub,L1P,L
A55D0C,N4449,FOX,KITFOX,L1P,L
A5600C,N44532,SKYR,REARWIN Skyranger,L1P,L
A5640C,N44655,P28A,PIPER PA-28-140/150/160/180,L1P,L
A5680C,N44778,J3,PIPER J-3 Cub,L1P,L
A56B0C,N44820,P28A,PIPER PA-28-140/150/160/180,L1P,L
A56C0C,N449A,P28A,PIPER PA-28-140/150/160/180,L1P,L
A56E0C,N449WM,SR22,CIRRUS SR-22,L1P,L
A56F0C,N44943,N3N,NAVAL AIRCRAFT FACTORY N3N,L1P,L
A5750C,N4504M,PA11,PIPER PA-11 Cub Special,L1P,L
A5790C,N4516Q,P32R,PIPER PA-32R-300/301/301T,L1P,L
A57C0C,N4521G,,,,
A5810C,N454AV,A320,AIRBUS A-320,L2J,M
A5820C,N454MA,C25A,CESSNA 525A Citation CJ2,L2J,L
A5840C,N4545N,ST75,STEARMAN Kaydet,L1P,L
A5870C,N4550E,C172,CESSNA 172 Skyhawk,L1P,L
A5880C,N4557R,P28A,PIPER PA-28-140/150/160/180,L1P,L
A5890C,N456GR,,,,
A58B0C,N4562H,PA15,PIPER PA-15 Vagabond,L1P,L
A58C0C,N4569U,C150,CESSNA 150,L1P,L
A5980C,N46JB,L5,STINSON Sentinel,L1P,L
A5990C,N46UH,EC45,AIRBUS HELICOPTERS EC-145,H2T,L
A59D0C,N4608A,BE36,BEECH 36 Bonanza,L1P,L
A5A40C,N46246,C172,CESSNA 172 Skyhawk,L1P,L
A5AC0C,N4649B,C180,CESSNA  180 Skywagon,L1P,L
A5AF0C,N46534,C172,CESSNA 172 Skyhawk,L1P,L
A5B30C,N46657,C152,CESSNA 152,L1P,L
A5B70C,N4678,,,,
A5BA0C,N46822,ZZZZ,,-0-,-
A5BC0C,N469LH,C25A,CESSNA 525A Citation CJ2,L2J,L
A5BF0C,N47D,BE17,BEECH 17 Staggerwing,L1P,L
A5C00C,N47PF,CJ6,NANCHANG CJ-6,L1P,L
A5C40C,N4704P,PA23,PIPER PA-23,L2P,L
A5CC0C,N4728V,,,,
A5CF0C,N4733M,BE58,BEECH 58 Baron,L2P,L
A5D10C,N474MC,RV8,VANS RV-8,L1P,L
A5D70C,N4757T,C82R,CESSNA R182 Skylane RG,L1P,L
A5DC0C,N477KR,PC12,PILATUS PC-12,L1T,L
A5E50C,N4791H,M20P,MOONEY M-20,L1P,L
A5E70C,N48JD,BALL,,B0-,-
A5E80C,N48UK,,,,
A5F30C,N48248,CAMP,GREGA GN-1 Aircamper,L1P,L
A5F70C,N4837A,C414,CESSNA 414 Chancellor,L2P,L
A5FA0C,N48413,G164,GRUMMAN G-164 Ag-Cat,L1P,L
A5FB0C,N4849D,C172,CESSNA 172 Skyhawk,L1P,L
A5FE0C,N48536,AR6T,AERONCA 65 Tandem,L1P,L
A6020C,N48659,G164,GRUMMAN G-164 Ag-Cat,L1P,L
A6050C,N48701,,,,
A6060C,N4878B,C152,CESSNA 152,L1P,L
A6090C,N48824,AR6T,AERONCA 65 Tandem,L1P,L
A60D0C,N48947,J3,PIPER J-3 Cub,L1P,L
A60E0C,N49DB,RV4,VANS RV-4,L1P,L
A60F0C,N49PH,BE9T,BEECH F90 King Air,L2T,L
A6120C,PR-RAN,BE9L,BEECH 90 King Air,L2T,L
A61A0C,N4921L,P28A,PIPER PA-28-140/150/160/180,L1P,L
A61B0C,N4928X,SS2P,ROCKWELL Thrush Commander,L1P,L
A6280C,N496TA,A320,AIRBUS A-320,L2J,M
A6290C,N4962M,PA11,PIPER PA-11 Cub Special,L1P,L
A6340C,N4991K,NAVI,NORTH AMERICAN Navion,L1P,L
A6360C,N5JF,RLU1,RLU Super Breezy,L1P,L
A6370C,N5UM,TBM7,SOCATA TBM-700A/B/C,L1T,L
A63A0C,N500BC,BL8,BELLANCA 8 Decathlon,L1P,L
A63D0C,N5005W,P28A,PIPER PA-28-140/150/160/180,L1P,L
A6420C,N502GZ,,,,
A6450C,N50292,C150,CESSNA 150,L1P,L
A6490C,N504CP,FA50,DASSAULT Falcon 50,L3J,M
A64C0C,N5046X,SS2P,ROCKWELL Thrush Commander,L1P,L
A64D0C,N505FM,DA42,DIAMOND DA-42 Guardian,L2P,L
A64E0C,N505RT,CL60,BOMBARDIER CL-600 Challenger,L2J,M
A64F0C,N5051P,PA24,PIPER PA-24 Comanche,L1P,L
A6500C,N50580,C150,CESSNA 150,L1P,L
A6530C,N5063S,P28R,PIPER PA-28R-180/200/201,L1P,L
A6540C,N507BB,ULAC,,L0-,-
A6570C,N5075V,,,,
A6580C,N508E,C180,CESSNA  180 Skywagon,L1P,L
A65B0C,N5087Y,PA18,PIPER PA-18 Super Cub,L1P,L
A65D0C,N509TD,ULAC,,L0-,-
A6600C,N51KW,P51,NORTH AMERICAN P-51 Mustang,L1P,L
A6610C,N51WB,P51,NORTH AMERICAN P-51 Mustang,L1P,L
A6620C,N510GG,C510,CESSNA 510 Citation Mustang,L2J,L
A6640C,N51019,P46T,PIPER PA-46-500TP,L1T,L
A6650C,N5109K,NAVI,NORTH AMERICAN Navion,L1P,L
A6670C,N511VL,A320,AIRBUS A-320,L2J,M
A66C0C,N5126E,C172,CESSNA 172 Skyhawk,L1P,L
A6740C,N515AK,M7,MAULE M-7,L1P,L
A6750C,N515LR,H25C,RAYTHEON Hawker 1000,L2J,M
A67D0C,N517SM,C172,CESSNA 172 Skyhawk,L1P,L
A6830C,N519BW,L11,TEMCO Sedan,L1P,L
A6860C,N5196D,C182,CESSNA 182 Skylane,L1P,L
A6890C,N520BE,C510,CESSNA 510 Citation Mustang,L2J,L
A68E0C,N521QJ,,,,
A68F0C,N5210Q,C82T,CESSNA TR182 Turbo Skylane RG,L1P,L
A6920C,N522TG,BE20,BEECH 200 Super King Air,L2T,M
A6930C,N5222T,P337,CESSNA P337 Skymaster,L2P,L
A69D0C,N525RV,RV8,VANS RV-8,L1P,L
A69E0C,N5251R,C172,CESSNA 172 Skyhawk,L1P,L
A69F0C,N52582,C77R,CESSNA 177RG Cardinal RG,L1P,L
A6A00C,N526JM,PA46,PIPER PA-46-310/350,L1P,L
A6A30C,N527BD,BDOG,BRITISH AEROSPACE SA-3 Bulldog,L1P,L
A6A60C,N5275X,CH7A,BELLANCA 7 Champion,L1P,L
A6AB0C,N529H,EN28,ENSTROM F-28,H1P,L
A6AD0C,N5292S,P28A,PIPER PA-28-140/150/160/180,L1P,L
A6AE0C,N52993,C172,CESSNA 172 Skyhawk,L1P,L
A6AF0C,N53KY,,,,
A6B10C,N530GJ,CRJ7,BOMBARDIER Regional Jet CRJ-700,L2J,M
A6B40C,N5309M,C152,CESSNA 152,L1P,L
A6B70C,N5314D,,,,
A6C20C,N5343B,C182,CESSNA 182 Skylane,L1P,L
A6CA0C,N5367H,C172,CESSNA 172 Skyhawk,L1P,L
A6D10C,N5384C,C140,CESSNA 140,L1P,L
A6D30C,N539ND,C172,CESSNA 172 Skyhawk,L1P,L
A6D70C,N54RB,E300,EXTRA EA-300/330/350,L1P,L
A6D80C,N540BG,E300,EXTRA EA-300/330/350,L1P,L
A6DF0C,N54173,ST75,STEARMAN Kaydet,L1P,L
A6E30C,N54296,C172,CESSNA 172 Skyhawk,L1P,L
A6E70C,N544CT,FDCT,FLIGHT DESIGN CT,L1P,L
A6EA0C,N54461,P28A,PIPER PA-28-140/150/160/180,L1P,L
A6EE0C,N54584,C46,CURTISS C-46 Commando,L2P,M
A6F10C,N5463W,P28A,PIPER PA-28-140/150/160/180,L1P,L
A6F50C,N5475Z,PA22,PIPER PA-22,L1P,L
A6FC0C,N5492U,BE35,BEECH 35 Starfire Bonanza,L1P,L
A6FF0C,N55WF,BE9L,BEECH 90 King Air,L2T,L
A7000C,N550GL,BE20,BEECH 200 Super King Air,L2T,M
A7010C,N550SS,C550,CESSNA 550 Citation S2,L2J,L
A7020C,N5502C,CH7A,BELLANCA 7 Champion,L1P,L
A7030C,N5509P,PA24,PIPER PA-24 Comanche,L1P,L
A7060C,N5514F,P28A,PIPER PA-28-140/150/160/180,L1P,L
A70A0C,N5526J,C172,CESSNA 172 Skyhawk,L1P,L
A70D0C,N5531A,T210,CESSNA T210 Turbo Centurion,L1P,L
A7130C,N555LV,B737,BOEING 737-700,L2J,M
A7150C,N5555G,T210,CESSNA T210 Turbo Centurion,L1P,L
A7160C,N556DM,ST75,STEARMAN Kaydet,L1P,L
A7170C,N556PT,ULAC,,L0-,-
A7180C,N556ZZ,DRON,,D0-,-
A71C0C,N5572B,C182,CESSNA 182 Skylane,L1P,L
A7210C,N559C,PA34,PIPER PA-34 Seneca,L2P,L
A7240C,N5596H,PA20,PIPER PA-20 Pacer,L1P,L
A72D0C,N5610U,P28A,PIPER PA-28-140/150/160/180,L1P,L
A7300C,N562TL,C208,CESSNA 208 Caravan,L1T,L
A7320C,N56298,M5,MAULE M-5,L1P,L
A7350C,N56340,PA32,PIPER PA-32,L1P,L
A7390C,N56463,M6,MAULE M-6,L1P,L
A73C0C,N5651V,P32R,PIPER PA-32R-300/301/301T,L1P,L
A7400C,N5663Y,M7,MAULE M-7,L1P,L
A7410C,N567BH,C180,CESSNA  180 Skywagon,L1P,L
A7480C,N56874,EN28,ENSTROM F-28,H1P,L
A74B0C,N5692W,P28A,PIPER PA-28-140/150/160/180,L1P,L
A74C0C,N56997,P28A,PIPER PA-28-140/150/160/180,L1P,L
A74D0C,N57LB,T206,CESSNA T206 Turbo Stationair,L1P,L
A74E0C,N57WH,C172,CESSNA 172 Skyhawk,L1P,L
A7510C,N5702E,C150,CESSNA 150,L1P,L
A7520C,N5709R,C172,CESSNA 172 Skyhawk,L1P,L
A7530C,N571KL,SW4,SWEARINGEN Metro,L2T,M
A75C0C,N5731C,C170,CESSNA 170,L1P,L
A7610C,N575AR,LJ45,LEARJET 45,L2J,M
A7640C,N5755J,C182,CESSNA 182 Skylane,L1P,L
A7660C,N576PV,WW24,IAI 1124 Westwind,L2J,M
A76A0C,N577ST,COL4,CESSNA 400 Corvalis TT,L1P,L
A76B0C,N5772D,PA18,PIPER PA-18 Super Cub,L1P,L
A7700C,N579CB,K100,DAHER Kodiak 100,L1T,L
A7730C,N5796K,BE35,BEECH 35 Starfire Bonanza,L1P,L
A7740C,N58F,C140,CESSNA 140,L1P,L
A7750C,N58RF,DSA1,SMITH DSA-1 Miniplane,L1P,L
A7770C,N580MS,,,,
A77D0C,N58177,PA23,PIPER PA-23,L2P,L
A7800C,N5822Z,PA22,PIPER PA-22,L1P,L
A7860C,N584PC,BE58,BEECH 58 Baron,L2P,L
A7960C,N5880V,P28R,PIPER PA-28R-180/200/201,L1P,L
A7980C,N589HF,HUCO,BELL AH-1 HueyCobra,H1T,L
A79B0C,N58999,C182,CESSNA 182 Skylane,L1P,L
A7A10C,N5909T,CRER,RANS Courier,L1P,L
A7A30C,N591VU,RV10,VANS RV-10,L1P,L
A7AF0C,N5943H,PA16,PIPER PA-16 Clipper,L1P,L
A7B60C,N5960C,BE35,BEECH 35 Starfire Bonanza,L1P,L
A7B70C,N5967P,PA24,PIPER PA-24 Comanche,L1P,L
A7BA0C,N5972F,P28A,PIPER PA-28-140/150/160/180,L1P,L
A7BB0C,N5979S,BE23,BEECH 23 Sundowner,L1P,L
A7BE0C,N5984J,C182,CESSNA 182 Skylane,L1P,L
A7BF0C,N599CD,SR20,CIRRUS SR-20,L1P,L
A7C20C,N5996M,C421,CESSNA 421 Executive Commuter,L2P,L
A7C30C,N6FB,BE36,BEECH 36 Bonanza,L1P,L
A7C40C,N6RH,BE35,BEECH 35 Starfire Bonanza,L1P,L
A7C70C,N60Y,P337,CESSNA P337 Skymaster,L2P,L
A7C80C,N600JE,MU2,MITSUBISHI MU-2 Marquise,L2T,L
A7CA0C,N6003M,SAKO,RANS S-10 Sakota,L1P,L
A7CB0C,N601AX,MRF1,DASSAULT Mirage F1,L1J,M
A7CC0C,N601MC,DRON,,D0-,-
A7CD0C,N601XJ,CRJ2,BOMBARDIER Regional Jet CRJ-200,L2J,M
A7CE0C,N6015Q,BE76,BEECH 76 Duchess,L2P,L
A7D10C,N6020G,C150,CESSNA 150,L1P,L
A7D30C,N603GT,,,,
A7D90C,N6044N,C185,CESSNA 185 Skywagon,L1P,L
A7DD0C,N6056R,C172,CESSNA 172 Skyhawk,L1P,L
A7DF0C,N606RM,GLID,,L0-,-
A7E00C,N6061H,J3,PIPER J-3 Cub,L1P,L
A7E40C,N6073L,,,,
A7E60C,N608MB,C56X,CESSNA 560XL Citation XLS,L2J,M
A7EC0C,N6097S,BE36,BEECH 36 Bonanza,L1P,L
A7ED0C,N61GS,C152,CESSNA 152,L1P,L
A7F20C,N6107A,PA31,PIPER PA-31-300/310/325/350/425,L2P,L
A7F40C,N611SG,PA23,PIPER PA-23,L2P,L
A7F60C,N6119D,PA22,PIPER PA-22,L1P,L
A7FD0C,N61359,ST75,STEARMAN Kaydet,L1P,L
A8040C,N61524,ZZZZ,,-0-,-
A8050C,N616AD,P28A,PIPER PA-28-140/150/160/180,L1P,L
A8060C,N616LK,LJ31,LEARJET 31,L2J,M
A8080C,N61647,FOX,KITFOX,L1P,L
A80C0C,N6177,EFOX,AEROPRO Eurofox,L1P,L
A80F0C,N61812,C172,CESSNA 172 Skyhawk,L1P,L
A8190C,N6203P,PA24,PIPER PA-24 Comanche,L1P,L
A81E0C,N622DX,M20P,MOONEY M-20,L1P,L
A8200C,N6220J,P28B,PIPER PA-28-201T/235/236,L1P,L
A8230C,N623TA,GLF5,GULFSTREAM 5,L2J,M
A8250C,N6239Y,T210,CESSNA T210 Turbo Centurion,L1P,L
A8290C,N625CK,S61,SIKORSKY S-61 Sea King,H2T,M
A82C0C,N6256T,C150,CESSNA 150,L1P,L
A82E0C,N626RP,C180,CESSNA  180 Skywagon,L1P,L
A82F0C,N6261K,BE36,BEECH 36 Bonanza,L1P,L
A8300C,N6268W,P28A,PIPER PA-28-140/150/160/180,L1P,L
A8350C,N628MD,BE58,BEECH 58 Baron,L2P,L
A83B0C,N6297U,M20P,MOONEY M-20,L1P,L
A83D0C,N63T,BE36,BEECH 36 Bonanza,L1P,L
A83F0C,N630PL,C340,CESSNA 340 Super,L2P,L
A8440C,N63115,FA62,FAIRCHILD M-26 Cornell,L1P,L
A8450C,N6319F,C182,CESSNA 182 Skylane,L1P,L
A8480C,N63238,ULAC,,L0-,-
A84C0C,N6336A,C240,CESSNA 240 Corvalis TTx,L1P,L
A84D0C,N634ER,C172,CESSNA 172 Skyhawk,L1P,L
A84E0C,N634QX,E75L,EMBRAER ERJ-170-200 (long wing),L2J,M
A8530C,N63526,C150,CESSNA 150,L1P,L
A8560C,N636WT,A321,AIRBUS A-321,L2J,M
A85B0C,N6377B,C152,CESSNA 152,L1P,L
A85C0C,N638GB,C421,CESSNA 421 Executive Commuter,L2P,L
A85D0C,N638SH,MD83,MCDONNELL-DOUGLAS MD-83,L2J,M
A8700C,N6427X,C180,CESSNA  180 Skywagon,L1P,L
A8730C,N6432P,PA24,PIPER PA-24 Comanche,L1P,L
A8740C,N64390,C172,CESSNA 172 Skyhawk,L1P,L
A8770C,N6444S,C150,CESSNA 150,L1P,L
A87B0C,N6456V,C72R,CESSNA 172R Cutlass RG,L1P,L
A8890C,N6490K,RC3,REPUBLIC RC-3 Seabee,A1P,L
A88B0C,N65GW,J3,PIPER J-3 Cub,L1P,L
A8900C,N6507E,C175,CESSNA 175 Skylark,L1P,L
A8940C,N6519H,DRON,,D0-,-
A89B0C,N6536C,BE24,BEECH 24 Sierra,L1P,L
A8A10C,N655TX,C56X,CESSNA 560XL Citation XLS,L2J,M
A8A20C,N65528,C172,CESSNA 172 Skyhawk,L1P,L
A8AA0C,N6577D,C195,CESSNA 195,L1P,L
A8BB0C,N6615W,P28A,PIPER PA-28-140/150/160/180,L1P,L
A8BE0C,N6620N,O1,CESSNA 305/341 Bird Dog,L1P,L
A8C70C,N665CP,C172,CESSNA 172 Skyhawk,L1P,L
A8D20C,N668BB,GLEX,BOMBARDIER BD-700 Global 6000/6500,L2J,M
A8D50C,N6685V,BL17,BELLANCA 17 Viking,L1P,L
A8D80C,N6690M,C182,CESSNA 182 Skylane,L1P,L
A8DB0C,N67TD,AA5,AMERICAN AA-5 Tiger,L1P,L
A8E20C,N67119,ST75,STEARMAN Kaydet,L1P,L
A8E60C,N6724B,PA22,PIPER PA-22,L1P,L
A8ED0C,N67407,C152,CESSNA 152,L1P,L
A8EE0C,N6748H,C172,CESSNA 172 Skyhawk,L1P,L
A8F10C,N6753,,,,
A8FB0C,N678SM,HUSK,CHRISTEN Husky,L1P,L
A8FC0C,N67818,C152,CESSNA 152,L1P,L
A8FD0C,N6789J,P28A,PIPER PA-28-140/150/160/180,L1P,L
A9010C,N68BW,M20P,MOONEY M-20,L1P,L
A91B0C,N686RV,RV6,VANS RV-6,L1P,L
A91C0C,N6861R,T210,CESSNA T210 Turbo Centurion,L1P,L
A9270C,N6890P,PA24,PIPER PA-24 Comanche,L1P,L
A9280C,N68970,J3,PIPER J-3 Cub,L1P,L
A9290C,N69H,BE17,BEECH 17 Staggerwing,L1P,L
A92A0C,N69TF,BE33,BEECH 33 Bonanza,L1P,L
A92B0C,N690DL,B752,BOEING 757-200,L2J,M
A92E0C,N6907J,P32R,PIPER PA-32R-300/301/301T,L1P,L
A9310C,N6912A,C172,CESSNA 172 Skyhawk,L1P,L
A9320C,N6919M,P28B,PIPER PA-28-201T/235/236,L1P,L
A93D0C,N6948K,PA20,PIPER PA-20 Pacer,L1P,L
A93F0C,N695UA,B735,BOEING 737-500,L2J,M
A9400C,N6953B,BALL,,B0-,-
A9410C,N696AM,B407,BELL 407,H1T,L
A94A0C,N698SP,C172,CESSNA 172 Skyhawk,L1P,L
A9510C,N7ND,DV20,DIAMOND DA-20,L1P,L
A9550C,N700FA,G150,GULFSTREAM G150,L2J,M
A9560C,N700RG,BALL,,B0-,-
A9570C,N7001C,TBM,GRUMMAN G-40 Avenger,L1P,M
A95B0C,N7013F,SS2T,TRUSH Turbo Thrush 500/550,L1T,L
A95C0C,N702AR,TBM7,SOCATA TBM-700A/B/C,L1T,L
A95F0C,N7025J,U16,GRUMMAN Albatross,A2P,M
A9620C,N7030A,C172,CESSNA 172 Skyhawk,L1P,L
A9630C,N7037M,C175,CESSNA 175 Skylark,L1P,L
A9670C,N7049Q,C172,CESSNA 172 Skyhawk,L1P,L
A96A0C,N7054G,H269,HUGHES Sky Knight,H1P,L
A96B0C,N706CB,RV7,VANS RV-7,L1P,L
A9710C,N7071B,PA18,PIPER PA-18 Super Cub,L1P,L
A9720C,N7078N,BALL,,B0-,-
A97C0C,N710,K100,DAHER Kodiak 100,L1T,L
A97D0C,N710LE,RV10,VANS RV-10,L1P,L
A97E0C,N710WL,,,,
A97F0C,N71042,J3,PIPER J-3 Cub,L1P,L
A9800C,N711CX,M5,MAULE M-5,L1P,L
A9810C,N711PC,ULAC,,L0-,-
A9830C,N71165,C182,CESSNA 182 Skylane,L1P,L
A9850C,N712SA,,,,
A9870C,N71288,L8,LUSCOMBE 8,L1P,L
A9880C,N713JT,CORS,CHANCE VOUGHT F4U Corsair,L1P,M
A98A0C,N71330,BALL,,B0-,-
A98D0C,N714XX,C152,CESSNA 152,L1P,L
A98E0C,N71453,,,,
A9960C,N71699,C182,CESSNA 182 Skylane,L1P,L
A9980C,N717WK,RV6,VANS RV-6,L1P,L
A99F0C,N719S,C82T,CESSNA TR182 Turbo Skylane RG,L1P,L
A9A00C,N7191W,FOX,KITFOX,L1P,L
A9A70C,N7208R,BE35,BEECH 35 Starfire Bonanza,L1P,L
A9AB0C,N722AT,R44,ROBINSON R-44 Raven,H1P,L
A9AF0C,N723DR,DHC2,DE HAVILLAND DHC-2 Beaver,L1P,L
A9B30C,N724GP,H25B,HAWKER BEECHCRAFT Hawker 750/850,L2J,M
A9B40C,N724SV,SF50,CIRRUS SF-50 Vision,L1J,L
A9B50C,N7242F,P28A,PIPER PA-28-140/150/160/180,L1P,L
A9B60C,N7249S,C182,CESSNA 182 Skylane,L1P,L
A9B90C,N7254J,P28A,PIPER PA-28-140/150/160/180,L1P,L
A9BD0C,N7266M,C82S,CESSNA T182 Turbo Skylane,L1P,L
A9BE0C,N727FB,RV6,VANS RV-6,L1P,L
A9BF0C,N727RH,MUS2,BUSHBY M-2 Mustang 2,L1P,L
A9C00C,N7271D,PA18,PIPER PA-18 Super Cub,L1P,L
A9C20C,N728J,JAB4,JABIRU J200-450,L1P,L
A9C40C,N7283G,C150,CESSNA 150,L1P,L
A9CA0C,N73PW,C172,CESSNA 172 Skyhawk,L1P,L
A9D30C,N732FX,C210,CESSNA 201 Centurion,L1P,L
A9D40C,N732SC,LJ31,LEARJET 31,L2J,M
A9D80C,N733VA,C172,CESSNA 172 Skyhawk,L1P,L
A9DB0C,N734MT,C172,CESSNA 172 Skyhawk,L1P,L
A9DD0C,N73455,C172,CESSNA 172 Skyhawk,L1P,L
A9DE0C,N735EK,C185,CESSNA 185 Skywagon,L1P,L
A9DF0C,N735QR,C182,CESSNA 182 Skylane,L1P,L
A9E30C,N736TP,C172,CESSNA 172 Skyhawk,L1P,L
A9E50C,N737A,B737,BOEING 737-700,L2J,M
A9E90C,N738CY,C172,CESSNA 172 Skyhawk,L1P,L
A9EA0C,N738PD,C172,CESSNA 172 Skyhawk,L1P,L
A9EC0C,N73866,SA10,STOLP SA-100 Starduster,L1P,L
A9EF0C,N7391Y,PA30,PIPER PA-30 Twin Comanche,L2P,L
A9F20C,N74V,ERCO,AIR PRODUCTS F-1 Aircoupe,L1P,L
A9F90C,N7413K,PA20,PIPER PA-20 Pacer,L1P,L
A9FA0C,N742AV,A320,AIRBUS A-320,L2J,M
A9FB0C,N742MA,PTS1,PITTS S-1 Special,L1P,L
A9FD0C,N7425N,C182,CESSNA 182 Skylane,L1P,L
AA000C,N7430E,C210,CESSNA 201 Centurion,L1P,L
AA060C,N745KP,C207,CESSNA 207 Turbo Stationair,L1P,L
AA0C0C,N7466P,PA24,PIPER PA-24 Comanche,L1P,L
AA110C,N748JB,ULAC,,L0-,-
AA170C,N7495M,C175,CESSNA 175 Skylark,L1P,L
AA1A0C,N750AC,DRON,,D0-,-
AA1D0C,N75046,P28R,PIPER PA-28R-180/200/201,L1P,L
AA210C,N75169,P28A,PIPER PA-28-140/150/160/180,L1P,L
AA230C,N752SE,GA8,GIPPSAERO GA-8 Airvan,L1P,L
AA240C,N75211,P28A,PIPER PA-28-140/150/160/180,L1P,L
AA250C,N7529B,CH7A,BELLANCA 7 Champion,L1P,L
AA290C,N754BP,PA11,PIPER PA-11 Cub Special,L1P,L
AA2D0C,N755EM,PC12,PILATUS PC-12,L1T,L
AA300C,N7558,GLID,,L0-,-
AA320C,N756TR,C82R,CESSNA R182 Skylane RG,L1P,L
AA340C,N757AB,C152,CESSNA 152,L1P,L
AA350C,N757LH,RV8,VANS RV-8,L1P,L
AA360C,N757WP,C152,CESSNA 152,L1P,L
AA3B0C,N75868,ST75,STEARMAN Kaydet,L1P,L
AA3D0C,N759SD,C182,CESSNA 182 Skylane,L1P,L
AA400C,N76JW,,,,
AA4A0C,N762MC,BE20,BEECH 200 Super King Air,L2T,M
AA530C,N7642K,C180,CESSNA  180 Skywagon,L1P,L
AA540C,N7649W,P28A,PIPER PA-28-140/150/160/180,L1P,L
AA570C,N7654N,BE36,BEECH 36 Bonanza,L1P,L
AA590C,N766NP,PARA,,P0-,-
AA5B0C,N7666R,BE23,BEECH 23 Sundowner,L1P,L
AA5E0C,N7671H,PA12,PIPER PA-12 Super Cruiser,L1P,L
AA620C,N7683L,,,,
AA640C,N769MB,C25B,CESSNA 525B Citation CJ3,L2J,L
AA670C,N77DU,P32R,PIPER PA-32R-300/301/301T,L1P,L
AA6A0C,N770LL,WH1,WENDT Traveler,L1P,L
AA6C0C,N77048,C120,CESSNA 120,L1P,L
AA6D0C,N771DC,C185,CESSNA 185 Skywagon,L1P,L
AA700C,N7717A,C150,CESSNA 150,L1P,L
AA730C,N77213,RV4,VANS RV-4,L1P,L
AA7B0C,N77459,RV7,VANS RV-7,L1P,L
AA7E0C,N77501,AR6T,AERONCA 65 Tandem,L1P,L
AA7F0C,N7758B,BE58,BEECH 58 Baron,L2P,L
AA830C,N777AD,C175,CESSNA 175 Skylark,L1P,L
AA840C,N777LK,,,,
AA850C,N777WR,C182,CESSNA 182 Skylane,L1P,L
AA8B0C,N779G,P28A,PIPER PA-28-140/150/160/180,L1P,L
AA930C,N7801L,C185,CESSNA 185 Skywagon,L1P,L
AA950C,N781JG,RV7,VANS RV-7,L1P,L
AA970C,N7813P,B737,BOEING 737-700,L2J,M
AA980C,N782AZ,GB1,GAME COMPOSITES GameBird,L1P,L
AAA10C,N784TA,PA18,PIPER PA-18 Super Cub,L1P,L
AAA70C,N786CK,B744,BOEING 747-400,L4J,H
AAAC0C,N787RP,P28A,PIPER PA-28-140/150/160/180,L1P,L
AAB20C,N789AY,,,,
AAB30C,N789MD,C340,CESSNA 340 Super,L2P,L
AAB50C,N7895R,BE33,BEECH 33 Bonanza,L1P,L
AAB70C,N79QB,CH7B,BELLANCA 7 Citabria,L1P,L
AAC60C,N79338,M20P,MOONEY M-20,L1P,L
AACE0C,N7958D,BE58,BEECH 58 Baron,L2P,L
AAD00C,N796TV,RV12,VANS RV-12,L1P,L
AADE0C,N8K,EC45,AIRBUS HELICOPTERS EC-145,H2T,L
AAE10C,N80RS,C421,CESSNA 421 Executive Commuter,L2P,L
AAE30C,N800NC,AT8T,AIR TRACTOR AT-802,L1T,M
AAE50C,N8006E,LA4,LAKE LA-4/200,A1P,L
AAE70C,N801RA,HUSK,CHRISTEN Husky,L1P,L
AAEC0C,N8023,GLID,,L0-,-
AAF40C,N8047F,C150,CESSNA 150,L1P,L
AAFB0C,N8064A,ULAC,,L0-,-
AAFC0C,N807BW,C560,CESSNA 560 Citation Ultra,L2J,M
AB010C,N808R,BE35,BEECH 35 Starfire Bonanza,L1P,L
AB070C,N81AJ,B58T,BEECH 58TC Baron,L2P,L
AB090C,N81WW,CRER,RANS Courier,L1P,L
AB0D0C,N81094,AA5,AMERICAN AA-5 Tiger,L1P,L
AB0F0C,N811WE,C560,CESSNA 560 Citation Ultra,L2J,M
AB110C,N812CR,BE9L,BEECH 90 King Air,L2T,L
AB140C,N8126Z,C210,CESSNA 201 Centurion,L1P,L
AB160C,N813RV,RV12,VANS RV-12,L1P,L
AB170C,N8131R,P28A,PIPER PA-28-140/150/160/180,L1P,L
AB180C,N81382,AA5,AMERICAN AA-5 Tiger,L1P,L
AB190C,N814JM,PA18,PIPER PA-18 Super Cub,L1P,L
AB1B0C,N8143U,C172,CESSNA 172 Skyhawk,L1P,L
AB1D0C,N815MK,LNCE,LANCAIR ES,L1P,L
AB220C,N8160P,PA24,PIPER PA-24 Comanche,L1P,L
AB230C,N81670,CH7A,BELLANCA 7 Champion,L1P,L
AB240C,N817H,AT8T,AIR TRACTOR AT-802,L1T,M
AB260C,N8172S,C150,CESSNA 150,L1P,L
AB290C,N818WD,BL8,BELLANCA 8 Decathlon,L1P,L
AB2C0C,N819NW,A333,AIRBUS A-330-300,L2J,H
AB360C,N821RC,C240,CESSNA 240 Corvalis TTx,L1P,L
AB370C,N82109,PA18,PIPER PA-18 Super Cub,L1P,L
AB380C,N8218K,P32R,PIPER PA-32R-300/301/301T,L1P,L
AB3A0C,N822UA,A319,AIRBUS A-319,L2J,M
AB3B0C,N8223B,P28R,PIPER PA-28R-180/200/201,L1P,L
AB3C0C,N823AM,H25B,HAWKER BEECHCRAFT Hawker 750/850,L2J,M
AB3D0C,N823LT,LJ45,LEARJET 45,L2J,M
AB3F0C,N8235E,PA34,PIPER PA-34 Seneca,L2P,L
AB400C,N824DK,R44,ROBINSON R-44 Raven,H1P,L
AB450C,N825SP,C441,CESSNA 441 Conquest,L2T,L
AB460C,N8252,YK52,YAKOVLEV Yak-52,L1P,L
AB470C,N8259L,BE33,BEECH 33 Bonanza,L1P,L
AB4C0C,N827ND,P28A,PIPER PA-28-140/150/160/180,L1P,L
AB500C,N828RB,CL30,BOMBARDIER BD-100 Challenger 300,L2J,M
AB510C,N82808,P28B,PIPER PA-28-201T/235/236,L1P,L
AB520C,N8288J,MOR2,MORRISEY Nifty,L1P,L
AB550C,N8293A,C170,CESSNA 170,L1P,L
AB560C,N83AL,T206,CESSNA T206 Turbo Stationair,L1P,L
AB570C,N83LS,EVSS,EVEKTOR SportStar,L1P,L
AB580C,N83WY,HUSK,CHRISTEN Husky,L1P,L
AB5B0C,N8302V,CH7A,BELLANCA 7 Champion,L1P,L
AB5C0C,N83096,CH7A,BELLANCA 7 Champion,L1P,L
AB630C,N83261,CH7A,BELLANCA 7 Champion,L1P,L
AB6A0C,N8343W,P28A,PIPER PA-28-140/150/160/180,L1P,L
AB710C,N8360R,R22,ROBINSON R-22 Mariner,H1P,L
AB720C,N83672,PA18,PIPER PA-18 Super Cub,L1P,L
AB730C,N837HB,PA23,PIPER PA-23,L2P,L
AB750C,N8372U,PA34,PIPER PA-34 Seneca,L2P,L
AB790C,N8384X,C172,CESSNA 172 Skyhawk,L1P,L
AB7A0C,N839CS,EC35,AIRBUS HELICOPTERS EC-135/635,H2T,L
AB7D0C,N83960,P28A,PIPER PA-28-140/150/160/180,L1P,L
AB7F0C,N84RW,LGEZ,RUTAN Long-EZ,L1P,L
AB800C,N840CA,B350,BEECHCRAFT Super King Air 350,L2T,M
AB8A0C,N8423D,PA22,PIPER PA-22,L1P,L
AB8E0C,N8435G,P28A,PIPER PA-28-140/150/160/180,L1P,L
AB900C,N844PT,C172,CESSNA 172 Skyhawk,L1P,L
AB920C,N8447K,S108,STINSON 108 Voyager,L1P,L
AB940C,N845SR,SREY,PROGRESSIVE AERODYNE SeaRey,A1P,L
AB950C,N8452B,P28A,PIPER PA-28-140/150/160/180,L1P,L
AB960C,N8459N,BE35,BEECH 35 Starfire Bonanza,L1P,L
AB9D0C,N8476H,BE18,BEECH 18 Expetitor,L2P,L
ABA10C,N8488L,C172,CESSNA 172 Skyhawk,L1P,L
ABA40C,N8493C,P32R,PIPER PA-32R-300/301/301T,L1P,L
ABB00C,N852PA,C172,CESSNA 172 Skyhawk,L1P,L
ABB10C,N852ZG,PZ04,PZL-OKECIE PZL-104 Wilga,L1P,L
ABBB0C,N855MP,AA1,AMERICAN AA-1,L1P,L
ABBD0C,N85551,CH7B,BELLANCA 7 Citabria,L1P,L
ABBE0C,N856EF,SR20,CIRRUS SR-20,L1P,L
ABC00C,N8560T,C182,CESSNA 182 Skylane,L1P,L
ABC40C,N8572W,P28B,PIPER PA-28-201T/235/236,L1P,L
ABC50C,N85797,CH7A,BELLANCA 7 Champion,L1P,L
ABC80C,N8584Z,B738,BOEING 737-800,L2J,M
ABCC0C,N85962,AR11,AERONCA 11 Chief,L1P,L
ABCD0C,N86FS,RV12,VANS RV-12,L1P,L
ABD50C,N8611C,R44,ROBINSON R-44 Raven,H1P,L
ABD90C,N8623F,B738,BOEING 737-800,L2J,M
ABE10C,N8647M,C337,CESSNA 337 Super Skymaster,L2P,L
ABE20C,N865GM,PA18,PIPER PA-18 Super Cub,L1P,L
ABE50C,N8659Q,C185,CESSNA 185 Skywagon,L1P,L
ABE90C,N867CB,BE36,BEECH 36 Bonanza,L1P,L
ABF00C,N8688N,PA32,PIPER PA-32,L1P,L
ABF30C,N8693E,,,,
ABF40C,N87AQ,S22T,CIRRUS SR-22T Turbo,L1P,L
ABF90C,N8702Z,C185,CESSNA 185 Skywagon,L1P,L
ABFA0C,N871,C310,CESSNA 310,L2P,L
AC010C,N87265,ULAC,,L0-,-
AC040C,N8731X,C182,CESSNA 182 Skylane,L1P,L
AC0C0C,N87553,RC3,REPUBLIC RC-3 Seabee,A1P,L
AC160C,N878WK,S22T,CIRRUS SR-22T Turbo,L1P,L
AC1A0C,N879ZH,DRON,,D0-,-
AC1D0C,N88S,PC12,PILATUS PC-12,L1T,L
AC200C,N880YS,SAKO,RANS S-10 Sakota,L1P,L
AC210C,N8806N,P28A,PIPER PA-28-140/150/160/180,L1P,L
AC230C,N881RJ,PA32,PIPER PA-32,L1P,L
AC250C,N8818R,BE35,BEECH 35 Starfire Bonanza,L1P,L
AC280C,N8823H,T210,CESSNA T210 Turbo Centurion,L1P,L
AC290C,N883AT,PA44,PIPER PA-44 Seminole,L2P,L
AC300C,N8847P,PA24,PIPER PA-24 Comanche,L1P,L
AC3B0C,N8876M,BE23,BEECH 23 Sundowner,L1P,L
AC3E0C,N8881D,PA18,PIPER PA-18 Super Cub,L1P,L
AC400C,N889J,C180,CESSNA  180 Skywagon,L1P,L
AC420C,N8893G,C150,CESSNA 150,L1P,L
AC430C,N89AS,GLID,,L0-,-
AC480C,N89021,C152,CESSNA 152,L1P,L
AC490C,N891AA,BE9L,BEECH 90 King Air,L2T,L
AC520C,N893SC,MU2,MITSUBISHI MU-2 Marquise,L2T,L
AC560C,N894VA,BALL,,B0-,-
AC580C,N895BM,AT8T,AIR TRACTOR AT-802,L1T,M
AC610C,N897TP,PARA,,P0-,-
AC640C,N898LF,M200,NORTH AMERICAN ROCKWELL Commander 200,L1P,L
AC6B0C,N9FW,PA31,PIPER PA-31-300/310/325/350/425,L2P,L
AC6E0C,N90NN,BALL,,B0-,-
AC760C,N90159,,,,
AC7C0C,N903TT,DRON,,D0-,-
AC800C,N904WR,P32R,PIPER PA-32R-300/301/301T,L1P,L
AC830C,N905PH,,,,
AC860C,N906G,P28A,PIPER PA-28-140/150/160/180,L1P,L
AC870C,N906SF,DRON,,D0-,-
AC880C,N90612,,,,
AC910C,N909EN,RV12,VANS RV-12,L1P,L
AC940C,N9098A,C170,CESSNA 170,L1P,L
AC950C,N91HL,C152,CESSNA 152,L1P,L
AC9B0C,N911GV,B06,BELL 206 JetRanger,H1T,L
AC9D0C,N9112M,C182,CESSNA 182 Skylane,L1P,L
AC9E0C,N9119Y,M20P,MOONEY M-20,L1P,L
AC9F0C,N912KT,PRM1,RAYTHEON 390 Premier 1,L2J,L
ACA00C,N912VZ,RV12,VANS RV-12,L1P,L
ACA20C,N913CK,LJ35,LEARJET 35,L2J,M
ACA50C,N9136T,C180,CESSNA  180 Skywagon,L1P,L
ACA70C,N914RP,R44,ROBINSON R-44 Raven,H1P,L
ACA90C,N9148W,M20P,MOONEY M-20,L1P,L
ACAA0C,N915JF,C208,CESSNA 208 Caravan,L1T,L
ACB30C,N9170H,M20P,MOONEY M-20,L1P,L
ACB60C,N918T,BE35,BEECH 35 Starfire Bonanza,L1P,L
ACBB0C,N9194P,AT5T,AIR TRACTOR AT-504,L1T,L
ACBC0C,N92CJ,FA50,DASSAULT Falcon 50,L3J,M
ACC10C,N92038,M7,MAULE M-7,L1P,L
ACC20C,N921BT,RV10,VANS RV-10,L1P,L
ACC60C,N922ER,,,,
ACC80C,N92203,C182,CESSNA 182 Skylane,L1P,L
ACC90C,N9228D,PA22,PIPER PA-22,L1P,L
ACCC0C,N92326,J3,PIPER J-3 Cub,L1P,L
ACCE0C,N924LM,R22,ROBINSON R-22 Mariner,H1P,L
ACD00C,N92449,J3,PIPER J-3 Cub,L1P,L
ACD70C,N92614,J3,PIPER J-3 Cub,L1P,L
ACDC0C,N928BS,,,,
ACE20C,N92902,SKYR,REARWIN Skyranger,L1P,L
ACE60C,N930DZ,B739,BOEING 737-900,L2J,M
ACE80C,N9300L,,,,
ACE90C,N9307X,CH60,ZENAIR CH-600 Zodiac,L1P,L
ACEC0C,N9312P,PA24,PIPER PA-24 Comanche,L1P,L
ACF00C,N9324S,BE24,BEECH 24 Sierra,L1P,L
ACF70C,N9341M,M20P,MOONEY M-20,L1P,L
ACF80C,N9348Y,BE35,BEECH 35 Starfire Bonanza,L1P,L
AD030C,N9377W,P28B,PIPER PA-28-201T/235/236,L1P,L
AD060C,N9382N,P28R,PIPER PA-28R-180/200/201,L1P,L
AD090C,N939W,ST75,STEARMAN Kaydet,L1P,L
AD0B0C,N94CL,AA5,AMERICAN AA-5 Tiger,L1P,L
AD120C,N941NA,SGUP,AERO SPACELINES Super Guppy,L4T,M
AD180C,N9428F,H269,HUGHES Sky Knight,H1P,L
AD1B0C,N94328,C182,CESSNA 182 Skylane,L1P,L
AD1F0C,N9445A,C140,CESSNA 140,L1P,L
AD230C,N9457D,C72R,CESSNA 172R Cutlass RG,L1P,L
AD270C,N9469G,T206,CESSNA T206 Turbo Stationair,L1P,L
AD2E0C,N9486B,C72R,CESSNA 172R Cutlass RG,L1P,L
AD320C,N9498E,C182,CESSNA 182 Skylane,L1P,L
AD340C,N95TW,,,,
AD380C,N9507Z,BALL,,B0-,-
AD3B0C,N9512R,BE35,BEECH 35 Starfire Bonanza,L1P,L
AD3C0C,N95192,P28A,PIPER PA-28-140/150/160/180,L1P,L
AD430C,N9536X,BALL,,B0-,-
AD450C,N954RT,PA11,PIPER PA-11 Cub Special,L1P,L
AD4A0C,N9553S,C82S,CESSNA T182 Turbo Skylane,L1P,L
AD4E0C,N9565V,C172,CESSNA 172 Skyhawk,L1P,L
AD520C,N9577Y,T210,CESSNA T210 Turbo Centurion,L1P,L
AD580C,N959WB,K100,DAHER Kodiak 100,L1T,L
AD590C,N9594T,C210,CESSNA 201 Centurion,L1P,L
AD5A0C,N96CN,C182,CESSNA 182 Skylane,L1P,L
AD5D0C,N960KE,PARA,,P0-,-
AD630C,N9616E,C82R,CESSNA R182 Skylane RG,L1P,L
AD650C,N962RA,C25A,CESSNA 525A Citation CJ2,L2J,L
AD670C,N9628H,C172,CESSNA 172 Skyhawk,L1P,L
AD790C,N9674A,C140,CESSNA 140,L1P,L
AD800C,N96906,C182,CESSNA 182 Skylane,L1P,L
AD810C,N9698G,T206,CESSNA T206 Turbo Stationair,L1P,L
AD870C,N97071,C182,CESSNA 182 Skylane,L1P,L
AD8B0C,N97194,S108,STINSON 108 Voyager,L1P,L
AD950C,N9741R,BE35,BEECH 35 Starfire Bonanza,L1P,L
AD960C,N97482,S108,STINSON 108 Voyager,L1P,L
AD970C,N975JM,CH70,ZENAIR CH-701 Stol,L1P,L
AD990C,N9753U,AA5,AMERICAN AA-5 Tiger,L1P,L
AD9B0C,N976MK,BE95,BEECH 95 Travel Air,L2P,L
ADA10C,N97770,S108,STINSON 108 Voyager,L1P,L
ADA70C,N979WD,C172,CESSNA 172 Skyhawk,L1P,L
ADA80C,N9794V,C172,CESSNA 172 Skyhawk,L1P,L
ADAA0C,N98NW,UH1,BELL UH-1 Huey,H1T,L
ADAE0C,N9804D,PA22,PIPER PA-22,L1P,L
ADB20C,N9816G,C172,CESSNA 172 Skyhawk,L1P,L
ADB50C,N98209,J3,PIPER J-3 Cub,L1P,L
ADB90C,N9833B,B14A,BELLANCA 14,L1P,L
ADC30C,N986SP,GLF4,GULFSTREAM 4,L2J,M
ADC50C,N9869L,AA1,AMERICAN AA-1,L1P,L
ADCC0C,N9886F,C72R,CESSNA 172R Cutlass RG,L1P,L
ADD00C,N9898J,C150,CESSNA 150,L1P,L
ADDA0C,N99196,C172,CESSNA 172 Skyhawk,L1P,L
ADDB0C,N992LA,BE9L,BEECH 90 King Air,L2T,L
ADDE0C,N993CT,,,,
ADE10C,N99361,GLID,,L0-,-
ADE60C,N995JP,C501,CESSNA 501 Citation 1SP,L2J,L
ADF20C,N998TH,LNC4,LANCAIR 4,L1P,L
ADF40C,N99895,M20P,MOONEY M-20,L1P,L
ADF60C,N999WF,,,,
ADFD0C,95-0064,BE40,BEECH 400 Beechjet,L2J,M
ADFF0C,60-0335,K35R,BOEING KC-135R/T Stratotanker,L4J,H
AE000C,65-10358,T38,NORTHROP T-38 Talon,L2J,L
AE020C,79-1946,DC10,MCDONNELL DOUGLAS DC-10,L3J,H
AE030C,74-1669,C130,LOCKHEED C-130 Hercules,L4T,M
AE060C,83-0489,C130,LOCKHEED C-130 Hercules,L4T,M
AE080C,99-0166,C17,BOEING C-17 Globemaster 3,L4J,H
AE0A0C,86-24497,H60,SIKORSKY UH-60 Black Hawk,H2T,M
AE0B0C,90-26271,H60,SIKORSKY UH-60 Black Hawk,H2T,M
AE0C0C,93-26501,H60,SIKORSKY UH-60 Black Hawk,H2T,M
AE0E0C,83-23922,H60,SIKORSKY UH-60 Black Hawk,H2T,M
AE110C,01-3624,TEX2,BEECHCRAFT T-6 Texan 2,L1T,L
AE120C,93-0701,BE20,BEECH 200 Super King Air,L2T,M
AE130C,166513,C30J,LOCKHEED MARTIN C-130J Super Hercules,L4T,M
AE140C,05-3789,TEX2,BEECHCRAFT T-6 Texan 2,L1T,L
AE170C,92-3918,F16,GENERAL DYNAMICS F-16 Fighting Falcon,L1J,M
AE1C0C,05-08011,H47,BOEING-VERTOL CH-47 Chinook,H2T,M
AE1F0C,07-00117,DRON,,D0-,-
AE200C,12-72253,EC45,AIRBUS HELICOPTERS EC-145,H2T,L
AE220C,08-8605,C30J,LOCKHEED MARTIN C-130J Super Hercules,L4T,M
AE290C,6029,H60,SIKORSKY UH-60 Black Hawk,H2T,M
AE4A0C,166131,TEX2,BEECHCRAFT T-6 Texan 2,L1T,L
AE4E0C,10-5728,C30J,LOCKHEED MARTIN C-130J Super Hercules,L4T,M
AE510C,10-20290,H60,SIKORSKY UH-60 Black Hawk,H2T,M
AE530C,12-08863,H47,BOEING-VERTOL CH-47 Chinook,H2T,M
AE540C,11-0060,V22,BELL-BOEING V-22 Osprey,R2T,M
AE5A0C,16-08214,H47,BOEING-VERTOL CH-47 Chinook,H2T,M
AE5D0C,90-26235,H60,SIKORSKY UH-60 Black Hawk,H2T,M
AE5E0C,17-46031,B762,BOEING 767-200,L2J,H
AE5F0C,16-5856,C30J,LOCKHEED MARTIN C-130J Super Hercules,L4T,M
AE600C,17-20925,H60,SIKORSKY UH-60 Black Hawk,H2T,M
AE620C,18-21000,H60,SIKORSKY UH-60 Black Hawk,H2T,M
AE660C,17-01001,H47,BOEING-VERTOL CH-47 Chinook,H2T,M
AE690C,705199,B06,BELL 206 JetRanger,H1T,L
AE6C0C,19-5922,C30J,LOCKHEED MARTIN C-130J Super Hercules,L4T,M
C0000C,C-FAAL,C208,CESSNA 208 Caravan,L1T,L
C0010C,C-FAKH,C172,CESSNA 172 Skyhawk,L1P,L
C0020C,C-FAUD,C185,CESSNA 185 Skywagon,L1P,L
C0040C,C-FBNV,AR11,AERONCA 11 Chief,L1P,L
C0050C,C-FBXR,R22,ROBINSON R-22 Mariner,H1P,L
C0060C,C-FCHN,AS50,AEROSPATIALE AS-350 Ecureuil,H1T,L
C0070C,C-FCRJ,RV8,VANS RV-8,L1P,L
C0080C,C-FDBF,ERCO,AIR PRODUCTS F-1 Aircoupe,L1P,L
C0090C,C-FDLB,SR22,CIRRUS SR-22,L1P,L
C00A0C,C-FDUX,C177,CESSNA  177 Cardinal,L1P,L
C00B0C,C-FEET,J3,PIPER J-3 Cub,L1P,L
C00C0C,C-FEOP,C150,CESSNA 150,L1P,L
C00D0C,C-FEYL,P28A,PIPER PA-28-140/150/160/180,L1P,L
C00F0C,C-FFSD,C150,CESSNA 150,L1P,L
C0100C,C-FGBZ,C170,CESSNA 170,L1P,L
C0120C,C-FGVR,CH7A,BELLANCA 7 Champion,L1P,L
C0140C,C-FHPJ,CH7A,BELLANCA 7 Champion,L1P,L
C0150C,C-FHZF,,,,
C0160C,C-FIJB,MJ7,JURCA MJ-7 Gnatsum,L1P,L
C0170C,C-FISX,C140,CESSNA 140,L1P,L
C0190C,C-FJMP,K100,DAHER Kodiak 100,L1T,L
C01A0C,C-FJWL,BE77,BEECH 77 Skipper,L1P,L
C01B0C,C-FKGH,,,,
C01D0C,C-FKZZ,DA2,DAVIS DA-2,L1P,L
C01E0C,C-FLJV,L8,LUSCOMBE 8,L1P,L
C0200C,C-FMDN,G150,GULFSTREAM G150,L2J,M
C0210C,C-FMNJ,,,,
C0230C,C-FNHB,B06,BELL 206 JetRanger,H1T,L
C0240C,C-FNQX,,,,
C0250C,C-FOAT,CH7B,BELLANCA 7 Citabria,L1P,L
C0270C,C-FOUL,C172,CESSNA 172 Skyhawk,L1P,L
C0280C,C-FPEH,PA22,PIPER PA-22,L1P,L
C0290C,C-FPOD,PA32,PIPER PA-32,L1P,L
C02B0C,C-FQHV,C150,CESSNA 150,L1P,L
C02C0C,C-FQRR,C172,CESSNA 172 Skyhawk,L1P,L
C02D0C,C-FRBN,HROC,HARMON Rocket,L1P,L
C02E0C,C-FRLJ,C180,CESSNA  180 Skywagon,L1P,L
C02F0C,C-FRVF,RV7,VANS RV-7,L1P,L
C0300C,C-FSFB,F900,DASSAULT Falcon 900,L3J,M
C0310C,C-FSOX,DHC3,DE HAVILLAND DHC-3 Otter,L1P,L
C0320C,C-FSYT,R44,ROBINSON R-44 Raven,H1P,L
C0330C,C-FTIP,PA24,PIPER PA-24 Comanche,L1P,L
C0340C,C-FTSL,C182,CESSNA 182 Skylane,L1P,L
C0350C,C-FUCH,PA30,PIPER PA-30 Twin Comanche,L2P,L
C0370C,C-FUVZ,MJ5,JURCA MJ-5 Sirocco,L1P,L
C0380C,C-FVFV,BALL,,B0-,-
C0390C,C-FVPR,ZZZZ,,-0-,-
C03A0C,C-FVZN,C172,CESSNA 172 Skyhawk,L1P,L
C03B0C,C-FWJJ,J3,PIPER J-3 Cub,L1P,L
C03C0C,C-FWTF,E55P,EMBRAER EMB-505 Phenom 300,L2J,M
C03D0C,C-FXDB,GLEX,BOMBARDIER BD-700 Global 6000/6500,L2J,M
C03E0C,C-FXMX,PA22,PIPER PA-22,L1P,L
C03F0C,C-FXWT,CL60,BOMBARDIER CL-600 Challenger,L2J,M
C0400C,C-FYGP,YK50,YAKOVLEV Yak-50,L1P,L
C0410C,C-FYQL,C150,CESSNA 150,L1P,L
C0420C,C-FZAH,C170,CESSNA 170,L1P,L
C0430C,C-FZKD,PTS1,PITTS S-1 Special,L1P,L
C0440C,C-FZTZ,PA30,PIPER PA-30 Twin Comanche,L2P,L
C0450C,C-GADV,RV3,VANS RV-3,L1P,L
C0460C,C-GANR,GLEX,BOMBARDIER BD-700 Global 6000/6500,L2J,M
C0480C,C-GBHJ,S76,SIKORSKY S-76 Spirit,H2T,L
C0490C,C-GBRF,B412,BELL 412,H2T,L
C04A0C,C-GCBB,SR22,CIRRUS SR-22,L1P,L
C04B0C,C-GCKX,AS50,AEROSPATIALE AS-350 Ecureuil,H1T,L
C04C0C,C-GCUT,,,,
C04E0C,C-GDOL,BL8,BELLANCA 8 Decathlon,L1P,L
C04F0C,C-GDYH,GLAS,Glasair,L1P,L
C0500C,C-GEID,C172,CESSNA 172 Skyhawk,L1P,L
C0510C,C-GERZ,RV6,VANS RV-6,L1P,L
C0520C,C-GFBV,,,,
C0530C,C-GFLR,R44,ROBINSON R-44 Raven,H1P,L
C0550C,C-GGFJ,DH8D,DE HAVILLAND DHC-8-400 Dash 8,L2T,M
C0560C,C-GGPF,AS50,AEROSPATIALE AS-350 Ecureuil,H1T,L
C0580C,C-GHIX,PA18,PIPER PA-18 Super Cub,L1P,L
C0590C,C-GHST,C182,CESSNA 182 Skylane,L1P,L
C05C0C,C-GIWH,,,,
C05E0C,C-GJPZ,PA18,PIPER PA-18 Super Cub,L1P,L
C05F0C,C-GJZV,CRJ9,BOMBARDIER Regional Jet CRJ-900,L2J,M
C0600C,C-GKJR,C185,CESSNA 185 Skywagon,L1P,L
C0610C,C-GKTN,B407,BELL 407,H1T,L
C0620C,C-GLDJ,TAYA,TAYLORCRAFT A,L1P,L
C0640C,C-GLXB,,,,
C0650C,C-GMGX,FA7X,DASSAULT Falcon 7X,L3J,M
C0660C,C-GMQT,,,,
C0670C,C-GNAP,PA27,PIPER PA-23-250 Aztec,L2P,L
C0680C,C-GNKL,P32R,PIPER PA-32R-300/301/301T,L1P,L
C0690C,C-GNUH,C185,CESSNA 185 Skywagon,L1P,L
C06A0C,C-GOED,GLID,,L0-,-
C06E0C,C-GPRN,G150,GULFSTREAM G150,L2J,M
C0710C,C-GQVB,PA18,PIPER PA-18 Super Cub,L1P,L
C0720C,C-GREX,ZZZZ,,-0-,-
C0730C,C-GROT,C210,CESSNA 201 Centurion,L1P,L
C0740C,C-GRYP,C172,CESSNA 172 Skyhawk,L1P,L
C0750C,C-GSIL,C188,CESSNA 188 AgTruck,L1P,L
C0760C,C-GSSH,,,,
C0780C,C-GTLZ,C172,CESSNA 172 Skyhawk,L1P,L
C0790C,C-GTVV,M20P,MOONEY M-20,L1P,L
C07A0C,C-GUFR,A332,AIRBUS A-330-200,L2J,H
C07B0C,C-GUPN,UHEL,,H0-,-
C07C0C,C-GUZJ,C152,CESSNA 152,L1P,L
C07D0C,C-GVJF,AA5,AMERICAN AA-5 Tiger,L1P,L
C07E0C,C-GVTB,GA7,DAHER-SOCATA TB-360 Tangara,L2P,L
C07F0C,C-GWCX,ST75,STEARMAN Kaydet,L1P,L
C0800C,C-GWMT,C414,CESSNA 414 Chancellor,L2P,L
C0810C,C-GWWP,UH1,BELL UH-1 Huey,H1T,L
C0820C,C-GXGL,P28A,PIPER PA-28-140/150/160/180,L1P,L
C0840C,C-GYAD,C172,CESSNA 172 Skyhawk,L1P,L
C0850C,C-GYJZ,DH8D,DE HAVILLAND DHC-8-400 Dash 8,L2T,M
C0870C,C-GZDR,FOX,KITFOX,L1P,L
C0880C,C-GZNN,ULAC,,L0-,-
C0890C,C-GZXJ,C152,CESSNA 152,L1P,L
C08B0C,C-IARB,ULAC,,L0-,-
C08D0C,C-IBKT,ULAC,,L0-,-
C08E0C,C-IBUP,ULAC,,L0-,-
C08F0C,C-ICEL,CHIN,ASAP Chinook,L1P,L
C0900C,C-ICOH,,,,
C0910C,C-ICYD,PARA,,P0-,-
C0920C,C-IDHZ,ULAC,,L0-,-
C0940C,C-IEBR,BEVR,ASAP Beaver,L1P,L
C0950C,C-IELN,PARA,,P0-,-
C0960C,C-IEVJ,PARA,,P0-,-
C0970C,C-IFFF,ULAC,,L0-,-
C0980C,C-IFPB,,,,
C09A0C,C-IGIT,ULAC,,L0-,-
C09B0C,C-IGSP,ULAC,,L0-,-
C09C0C,C-IHCL,N3,NOSTALGAIR N-3 Super Pup,L1P,L
C09D0C,C-IHMH,BUCA,ADVANCED AEROMARINE Buccaneer,A1P,L
C09E0C,C-IHWD,,,,
C0A00C,C-IIPV,PARA,,P0-,-
C0A40C,C-IKDF,,,,
C0A50C,C-IKNB,PARA,,P0-,-
C0A60C,C-IKWX,ULAC,,L0-,-
C0A70C,C-ILGT,GLID,,L0-,-
C0A80C,C-ILQP,,,,
C0A90C,C-IMAL,CH70,ZENAIR CH-701 Stol,L1P,L
C0AA0C,C-IMKH,CAD2,DELISLE Cadi,L1P,L
C0C10C,C-IVCT,FDCT,FLIGHT DESIGN CT,L1P,L
C0C40C,C-IWGH,,,,
C1E50C,SERV,SERV,,V0-,-
C8010C,ZK-BQV,PA18,PIPER PA-18 Super Cub,L1P,L
C8020C,ZK-CST,C150,CESSNA 150,L1P,L
C8030C,ZK-DLI,AA5,AMERICAN AA-5 Tiger,L1P,L
C8080C,ZK-GGI,GLID,,L0-,-
C80A0C,ZK-ERR,C170,CESSNA 170,L1P,L
C80B0C,ZK-KDH,ZZZZ,,-0-,-
C80D0C,ZK-FVK,ULAC,,L0-,-
C8110C,ZK-RLG,C182,CESSNA 182 Skylane,L1P,L
C8120C,ZK-ROS,MAME,BLUE YONDER Merlin,L1P,L
C8150C,ZK-GXY,GLID,,L0-,-
C8190C,ZK-IAR,B47G,BELL 47G,H1P,L
C81B0C,ZK-TWM,P28S,PIPER PA-28R-201T,L1P,L
C81C0C,ZK-IGR,R44,ROBINSON R-44 Raven,H1P,L
C81E0C,ZK-IXW,B429,BELL 429 GlobalRanger,H2T,L
C8200C,ZK-KCE,P750,PACIFIC AEROSPACE P-750 XStol,L1T,L
C8230C,ZK-ZOZ,CTAH,RAINBOW SKYREACH Cheetah,L1P,L
C8250C,ZK-KEC,P750,PACIFIC AEROSPACE P-750 XStol,L1T,L
C8290C,ZK-LAQ,XNOS,SONEX Xenos,L1P,L
C87F0C,NZ4206,P3,LOCKHEED P-3 Orion,L4T,M
E0340C,LV-CPL,LJ60,LEARJET 60,L2J,M
E0620C,LV-FHL,BE35,BEECH 35 Starfire Bonanza,L1P,L
E0630C,LV-FLL,CH7A,BELLANCA 7 Champion,L1P,L
E0640C,LV-FPL,R44,ROBINSON R-44 Raven,H1P,L
E0730C,LV-GLL,PA24,PIPER PA-24 Comanche,L1P,L
E0820C,LV-HHL,C320,CESSNA 320 Skyknight,L2P,L
E4010C,5947,E314,EMBRAER EMB-314 Super Tucano,L1T,L
E4800C,PR-GTV,B738,BOEING 737-800,L2J,M
E48C0C,PR-KYY,A109,AGUSTA AW-109 Grand,H2T,L
E48E0C,PT-ZFV,E550,EMBRAER EMB-550 Praetor 600,L2J,M
E4910C,PR-AUI,E195,EMBRAER ERJ-190-200,L2J,M
E4920C,PR-TNZ,BE9L,BEECH 90 King Air,L2T,L
E4930C,PP-UQN,C680,CESSNA 680 Citation Sovereign,L2J,M
E4940C,PR-TST,BE9L,BEECH 90 King Air,L2T,L
E4950C,PR-YLO,A109,AGUSTA AW-109 Grand,H2T,L
E4990C,PT-LXY,BE9T,BEECH F90 King Air,L2T,L
E8020C,CC-CQL,A319,AIRBUS A-319,L2J,M
E8040C,CC-CXJ,B763,BOEING 767-300,L2J,H
E8080C,CC-AHM,C182,CESSNA 182 Skylane,L1P,L
E80B0C,CC-PJV,C210,CESSNA 201 Centurion,L1P,L
E8800C,ZP-BDH,PC12,PILATUS PC-12,L1T,L
E90D0C,CX-PYA,PIVI,PIPSTREL Virus,L1P,L
