009018,ZT-RYD,AS32,AEROSPATIALE AS-332 Super Puma,H2T,M
009618,ZS-IIX,C182,CESSNA 182 Skylane,L1P,L
00A518,ZS-OAP,B734,BOEING 737-400,L2J,M
00A618,ZS-OKL,B190,BEECH 1900,L2T,M
00B218,ZS-SYP,RJ85,AVRO RJ-85 Avroliner,L4J,M
00B318,ZS-TIL,B190,BEECH 1900,L2T,M
00DB18,ZU-ISC,RV7,VANS RV-7,L1P,L
020018,CN-RNK,B738,BOEING 737-800,L2J,M
020118,CN-NMI,A320,AIRBUS A-320,L2J,M
04C118,5Y-KZB,B788,BOEING 787-8 Dreamliner,L2J,H
04C218,5Y-ZBP,C208,CESSNA 208 Caravan,L1T,L
04CE18,5Y-SLN,C208,CESSNA 208 Caravan,L1T,L
05A018,8Q-RAH,DHC6,DE HAVILLAND DHC-6 Twin Otter,L2T,L
064218,5N-ADM,B744,BOEING 747-400,L4J,H
090118,D2-TFB,DH8D,DE HAVILLAND DHC-8-400 Dash 8,L2T,M
0A0018,7T-VJJ,B738,BOEING 737-800,L2J,M
0A4018,7T-WHI,C130,LOCKHEED C-130 Hercules,L4T,M
0A8018,C6-ATI,C208,CESSNA 208 Caravan,L1T,L
0AB018,V3-HIA,C208,CESSNA 208 Caravan,L1T,L
0AC318,FAC1005,C130,LOCKHEED C-130 Hercules,L4T,M
0AC418,HK-5005G,P28A,PIPER PA-28-140/150/160/180,L1P,L
0AC918,PNC-0603,H60,SIKORSKY UH-60 Black Hawk,H2T,M
0B4018,TG-TRD,AT76,ATR-72-600,L2T,M
0B6018,8R-GCB,C208,CESSNA 208 Caravan,L1T,L
0C2018,HP-1526CMP,B738,BOEING 737-800,L2J,M
0C4118,HI-890,C152,CESSNA 152,L1P,L
0C6018,9Y-ANU,B738,BOEING 737-800,L2J,M
0C8018,PZ-TFC,F70,FOKKER 70,L2J,M
0D0518,XA-HVT,C208,CESSNA 208 Caravan,L1T,L
0D0A18,XA-VRC,A321,AIRBUS A-321,L2J,M
0D0C18,XA-VDM,B733,BOEING 737-300,L2J,M
0D0D18,XA-MCU,C25B,CESSNA 525B Citation CJ3,L2J,L
0D8218,1192,AN12,ANTONOV An-12,L4T,M
141E18,RA-07704,A139,AGUSTA AW-139,H2T,L
14B618,RA-46616,AN24,ANTONOV An-24,L2T,M
14F118,RA-61720,A148,ANTONOV An-148,L2J,M
14FA18,RA-64024,T204,TUPOLEV Tu-204/214/224/234,L2J,M
150818,RA-67608,AT45,ATR-42-500,L2T,M
151E18,RA-73240,B738,BOEING 737-800,L2J,M
152018,RA-73752,A320,AIRBUS A-320,L2J,M
152118,RA-74008,AN72,ANTONOV An-74-200,L2J,M
155C18,RA-89112,SU95,SUKHOI Superjet 100-95,L2J,M
157718,RA-96024,IL96,ILYUSHIN Il-96,L4J,H
300418,I-FIPS,A139,AGUSTA AW-139,H2T,L
300518,I-ETOS,P68,PARTENAVIA P-68 Observer,L2P,L
300618,I-TDUE,EC45,AIRBUS HELICOPTERS EC-145,H2T,L
300818,I-ACMQ,C172,CESSNA 172 Skyhawk,L1P,L
31D818,I-6594,PNR2,ALPI Pioneer 200,L1P,L
31DD18,I-C001,SVNH,AEROTEC Savannah,L1P,L
320018,MM62166,AT44,ATR-42-400,L2T,M
33FF18,MM55068,M339,AERMACCHI MB-339,L1J,L
341518,T.21-02,C295,CASA C-295 Persuader,L2T,M
342418,EC-JVE,A319,AIRBUS A-319,L2J,M
343318,EC-KXA,A139,AGUSTA AW-139,H2T,L
343618,EC-LJM,C172,CESSNA 172 Skyhawk,L1P,L
344218,EC-LPN,CRJX,BOMBARDIER Regional Jet CRJ-1000,L2J,M
345218,EC-MKL,B738,BOEING 737-800,L2J,M
345318,EC-MOU,A332,AIRBUS A-330-200,L2J,H
345518,EC-JBR,P28A,PIPER PA-28-140/150/160/180,L1P,L
345618,EC-MUB,B738,BOEING 737-800,L2J,M
346318,EC-NHF,B752,BOEING 757-200,L2J,M
382C18,F-BLAY,DR10,CENTRE EST Ambassadeur,L1P,L
383B18,F-BOYY,WA42,WASSMER WA-421 Prestige,L1P,L
385D18,F-BXIY,C172,CESSNA 172 Skyhawk,L1P,L
386518,F-AZIY,N320,NORD 3202,L1P,L
38EA18,F-PBPC,MCR1,COLOMBAN Ban-Bi,L1P,L
390018,F-GAAY,C150,CESSNA 150,L1P,L
390418,F-GBAY,DR40,ROBIN DR-400,L1P,L
390B18,F-GCYY,C172,CESSNA 172 Skyhawk,L1P,L
390F18,F-GDYY,DR40,ROBIN DR-400,L1P,L
391618,F-GFQY,TB20,SOCATA TB-20 Trinidad,L1P,L
391818,F-GGAY,P28A,PIPER PA-28-140/150/160/180,L1P,L
391918,F-GGIY,TOBA,SOCATA Tobago,L1P,L
391A18,F-GGQY,DR40,ROBIN DR-400,L1P,L
391D18,F-GHIY,P28A,PIPER PA-28-140/150/160/180,L1P,L
391F18,F-GHYY,P28S,PIPER PA-28R-201T,L1P,L
392A18,F-GKQY,DR40,ROBIN DR-400,L1P,L
394418,F-GRAY,C207,CESSNA 207 Turbo Stationair,L1P,L
394A18,F-GSQY,B77W,BOEING 777-300ER,L2J,H
394C18,F-GTAY,A321,AIRBUS A-321,L2J,M
398418,F-HBAY,BALL,,B0-,-
39A418,F-HJAY,DR40,ROBIN DR-400,L1P,L
39AC18,F-HLAY,EC45,AIRBUS HELICOPTERS EC-145,H2T,L
39B318,F-HMYY,DR40,ROBIN DR-400,L1P,L
39E018,F-HYAY,TWEN,TECNAM Twenty-Ten,L1P,L
39E318,F-HYYY,DA40,DIAMOND DA-40 Club Star,L1P,L
3A3718,F-ONYY,C25A,CESSNA 525A Citation CJ2,L2J,L
3AAC18,0772,EC35,AIRBUS HELICOPTERS EC-135/635,H2T,L
3B7718,5142,C130,LOCKHEED C-130 Hercules,L4T,M
3C6518,D-AIHX,A346,AIRBUS A-340-600,L4J,H
3C6618,D-AIPX,A320,AIRBUS A-320,L2J,M
3C7318,D-ALXX,A319,AIRBUS A-319,L2J,M
3CC018,D-CAAY,LJ55,LEARJET 55,L2J,M
3CDD18,D-CLAM,E55P,EMBRAER EMB-505 Phenom 300,L2J,M
3D0518,D-EAEI,C172,CESSNA 172 Skyhawk,L1P,L
3D0618,D-EAOE,C172,CESSNA 172 Skyhawk,L1P,L
3D0A18,D-ECBO,KL07,BOLKOW BO-107,L1P,L
3D0E18,D-EDOY,AC11,NORTH AMERICAN ROCKWELL Commander 112/114,L1P,L
3D1218,D-EFCI,AA5,AMERICAN AA-5 Tiger,L1P,L
3D1318,D-EFME,JUNR,BOLKOW BO-208 Junior,L1P,L
3D1518,D-EGFW,PA38,PIPER PA-38 Tomahawk,L1P,L
3D1618,D-EGPS,C172,CESSNA 172 Skyhawk,L1P,L
3D1718,D-EGZO,JUNR,BOLKOW BO-208 Junior,L1P,L
3D1818,D-EHJK,P149,PIAGGIO P-149,L1P,L
3D1A18,D-EIDC,SUBA,FUJI FA-200 Aero Subaru,L1P,L
3D1B18,D-EIMY,C172,CESSNA 172 Skyhawk,L1P,L
3D1F18,D-EKAI,DR40,ROBIN DR-400,L1P,L
3D2518,D-EMHK,P28A,PIPER PA-28-140/150/160/180,L1P,L
3D2718,D-ENBC,C172,CESSNA 172 Skyhawk,L1P,L
3D2918,D-ENUU,C152,CESSNA 152,L1P,L
3D2B18,D-EOOM,C172,CESSNA 172 Skyhawk,L1P,L
3D2D18,D-EPIE,P28U,PIPER PA-28RT-201T Turbo,L1P,L
3D2E18,D-EPSA,PA18,PIPER PA-18 Super Cub,L1P,L
3D3218,D-ERFK,PA46,PIPER PA-46-310/350,L1P,L
3D3818,D-ETMM,C172,CESSNA 172 Skyhawk,L1P,L
3D4718,D-EZEE,PIVI,PIPSTREL Virus,L1P,L
3D4918,D-EZXW,SV4,NORD SV-4,L1P,L
3D4B18,D-FARO,PC6T,PILATUS PC-6 Turbo-Porter,L1T,L
3D6218,D-FJKA,AN2,ANTONOV An-2,L1P,L
3D7918,D-FSCM,C208,CESSNA 208 Caravan,L1T,L
3DD818,D-HCBW,EC35,AIRBUS HELICOPTERS EC-135/635,H2T,L
3DE318,D-HGGE,H269,HUGHES Sky Knight,H1P,L
3E1A18,D-IBBS,C25A,CESSNA 525A Citation CJ2,L2J,L
3E6018,D-KBOY,GLID,,L0-,-
3E7118,D-KIAI,SF25,SCHEIBE SF-25 Falke,L1P,L
3E7718,D-KKHK,AS31,SCHLEICHER ASH-31,L1P,L
3E7918,D-KLBC,ARCP,SCHEMPP-HIRTH Arcus M,L1P,L
3ECA18,D-KRMM,ARCP,SCHEMPP-HIRTH Arcus M,L1P,L
3ED218,D-KUNG,GLID,,L0-,-
3ED718,D-KWKM,AS29,SCHLEICHER ASG-29,L1P,L
3EE418,D-0897,GLID,,L0-,-
3EE518,D-1153,GLID,,L0-,-
3EF118,D-4225,GLID,,L0-,-
3F0418,D-9089,GLID,,L0-,-
3FCC18,D-OOSM,BALL,,B0-,-
3FEA18,D-MMTM,PNR3,ALPI Pioneer 330,L1P,L
3FED18,D-MHIG,ULAC,,L0-,-
3FF018,D-MERD,FDCT,FLIGHT DESIGN CT,L1P,L
3FF118,D-MBKU,ECHO,TECNAM P-92 Echo,L1P,L
3FF318,D-MRER,FK14,B&F TECHNIK FK-14 Polaris,L1P,L
3FF418,D-MKLU,C42,IKARUS C-42 Bison,L1P,L
3FF618,D-MWRJ,C42,IKARUS C-42 Bison,L1P,L
3FF918,D-MMHI,ULAC,,L0-,-
400A18,G-NWEM,EC35,AIRBUS HELICOPTERS EC-135/635,H2T,L
400C18,G-OTUI,TB20,SOCATA TB-20 Trinidad,L1P,L
400D18,G-PDGN,AS65,AEROSPATIALE AS-365 Dauphin 2,H2T,L
400F18,G-RASA,DA42,DIAMOND DA-42 Guardian,L2P,L
401118,G-TUNL,R44,ROBINSON R-44 Raven,H1P,L
401218,G-BXRT,DR40,ROBIN DR-400,L1P,L
401618,G-ASZV,NIPR,AVIONS FAIREY Nipper,L1P,L
401718,G-AVOO,PA18,PIPER PA-18 Super Cub,L1P,L
401C18,G-BDSB,P28A,PIPER PA-28-140/150/160/180,L1P,L
402018,G-BKCW,D11,JODEL D-11x/12x,L1P,L
402118,G-BLUV,G109,GROB G-109,L1P,L
402A18,G-BNXM,PA18,PIPER PA-18 Super Cub,L1P,L
402D18,G-AGMI,L8,LUSCOMBE 8,L1P,L
403418,G-JGMN,BU31,BUCKER Bu-131 Jungmann,L1P,L
403518,G-BURH,C150,CESSNA 150,L1P,L
403618,G-BUJI,SF25,SCHEIBE SF-25 Falke,L1P,L
403718,G-BUTB,STST,CFM Star Streak,L1P,L
403C18,G-BWRM,BALL,,B0-,-
404018,G-OBDA,DV20,DIAMOND DA-20,L1P,L
404118,G-BYIA,JABI,Jabiru J120,L1P,L
404318,G-LIPS,BALL,,B0-,-
404418,G-ENEE,STST,CFM Star Streak,L1P,L
404618,G-RVII,RV7,VANS RV-7,L1P,L
404918,G-EGCD,C172,CESSNA 172 Skyhawk,L1P,L
404C18,G-DSKI,EV97,EVEKTRO EV-97 EuroStar,L1P,L
404D18,G-CFWR,SKRA,BEST OFF Sky Ranger,L1P,L
404E18,G-CDMN,RV9,VANS RV-9,L1P,L
405618,G-CHNM,GLID,,L0-,-
405918,G-CJYP,GLID,,L0-,-
405B18,G-DCJY,GLID,,L0-,-
405E18,G-JEJH,DR10,CENTRE EST Ambassadeur,L1P,L
406018,G-EZTL,A320,AIRBUS A-320,L2J,M
406118,G-ZPPY,PA18,PIPER PA-18 Super Cub,L1P,L
406318,G-DFJO,VENT,SCHEMPP-HIRTH Ventus,L1P,L
406818,G-CHMR,E145,EMBRAER ERJ-145,L2J,M
406A18,G-LOTY,ULAC,,L0-,-
406B18,G-CIHC,BALL,,B0-,-
406D18,G-CMTO,C25M,CESSNA 525 Citation M2,L2J,L
406E18,G-CISS,C42,IKARUS C-42 Bison,L1P,L
406F18,G-CIXZ,ULAC,,L0-,-
407018,G-POLR,ULAC,,L0-,-
407118,G-RVLY,F406,CESSNA F406 Caravan 2,L2T,L
407318,G-CKDD,EFOX,AEROPRO Eurofox,L1P,L
407618,G-CTSV,DA42,DIAMOND DA-42 Guardian,L2P,L
407718,G-CLEV,C42,IKARUS C-42 Bison,L1P,L
407918,G-TEKV,DRON,,D0-,-
407A18,G-LCTM,P28A,PIPER PA-28-140/150/160/180,L1P,L
407B18,G-JBHL,B505,BELL 505 JetRanger X,H1T,L
424318,VP-BAD,A320,AIRBUS A-320,L2J,M
424418,VQ-BYV,E170,EMBRAER ERJ-170-100,L2J,M
424B18,M-ICRO,C25C,CESSNA 525C Citation CJ4,L2J,M
424C18,M-AHAA,GL7T,BOMBARDIER BD-700 Global 7000/7500,L2J,M
43C218,ZA736,GAZL,AEROSPATIALE SA-341 Gazelle,H1T,L
43C318,ZH846,EH10,AGUSTA WESTLAND EH-101 Merlin,H3T,M
43C618,ZZ500,B350,BEECHCRAFT Super King Air 350,L2T,M
43C718,ZJ273,AS50,AEROSPATIALE AS-350 Ecureuil,H1T,L
43C918,ZP801,P8,BOEING P-8 Poseidon,L2J,M
440018,OE-LKP,A319,AIRBUS A-319,L2J,M
440118,OE-IBO,B734,BOEING 737-400,L2J,M
440218,OE-FMD,C525,CESSNA 525 CitationJet,L2J,L
440518,OE-DZZ,SR22,CIRRUS SR-22,L1P,L
440618,OE-7148,WT9,AEROSPOOL WT-9 Dynamic,L1P,L
440818,OE-XET,EC35,AIRBUS HELICOPTERS EC-135/635,H2T,L
440918,OE-IIX,CL60,BOMBARDIER CL-600 Challenger,L2J,M
440A18,OE-IZY,F900,DASSAULT Falcon 900,L3J,M
440B18,OE-XWY,A109,AGUSTA AW-109 Grand,H2T,L
440D18,OE-HUG,CL35,BOMBARDIER BD-100 Challenger 350,L2J,M
447D18,3H-FD,PC7,PILATUS PC-7 Astra,L1T,L
449018,OO-D92,TEXA,FLY SYNTHESIS Texan,L1P,L
44A018,OO-H92,EFOX,AEROPRO Eurofox,L1P,L
44B918,OO-NHX,AS65,AEROSPATIALE AS-365 Dauphin 2,H2T,L
44CF18,OO-SXX,C680,CESSNA 680 Citation Sovereign,L2J,M
451C18,LZ-CCV,L410,LET L-410 Turbolet,L2T,L
451F18,LZ-LDT,MD82,MCDONNELL-DOUGLAS MD-82,L2J,M
457C18,711,AS32,AEROSPATIALE AS-332 Super Puma,H2T,M
45D118,OY-THX,GLID,,L0-,-
45F018,OY-9354,EV97,EVEKTRO EV-97 EuroStar,L1P,L
460818,OH-DBS,C150,CESSNA 150,L1P,L
461618,OH-IJO,P32R,PIPER PA-32R-300/301/301T,L1P,L
461E18,OH-LKI,E190,EMBRAER ERJ-190-100,L2J,M
462A18,OH-PYM,P28T,PIPER PA-28RT-201,L1P,L
467818,HN-420,F18H,BOEING FA-18 HORNET,L2J,M
468618,SX-APX,B752,BOEING 757-200,L2J,M
471918,HA-JNC,C172,CESSNA 172 Skyhawk,L1P,L
47A218,LN-ENR,B738,BOEING 737-800,L2J,M
47A518,LN-ENL,B738,BOEING 737-800,L2J,M
47C418,LN-YDB,PIAT,PIPISTREL Alpha Trainer,L1P,L
484118,P4-KPA,B06,BELL 206 JetRanger,H1T,L
484718,PH-TTY,PELI,FLYER Pelican,L1P,L
484818,PH-FCH,TAMP,SOCATA TB-9 Tampico,L1P,L
484918,PH-442,GLID,,L0-,-
484B18,PH-SAC,P28R,PIPER PA-28R-180/200/201,L1P,L
484D18,PH-CRT,BALL,,B0-,-
484F18,PH-BCB,B738,BOEING 737-800,L2J,M
485018,PH-1522,NIMB,SCHEMPP-HIRTH Nimbus,L1P,L
485118,PH-1CU,ZZZZ,,-0-,-
485318,PH-DSD,PNR4,ALPI Pioneer 400,L1P,L
485418,PH-1TS,ZZZZ,,-0-,-
485518,PH-2CP,ZZZZ,,-0-,-
485618,PH-2IC,ZZZZ,,-0-,-
485918,PH-VCR,PIVI,PIPSTREL Virus,L1P,L
485A18,PH-KJP,BALL,,B0-,-
489C18,SP-HAV,A321,AIRBUS A-321,L2J,M
48BA18,SP-ORT,PC12,PILATUS PC-12,L1T,L
48C018,SP-RAV,S22T,CIRRUS SR-22T Turbo,L1P,L
48D118,SP-4114,GLID,,L0-,-
48DE18,SP-YRV,RV10,VANS RV-10,L1P,L
490518,CS-AHX,C172,CESSNA 172 Skyhawk,L1P,L
492118,CS-HHX,R44,ROBINSON R-44 Raven,H1P,L
495218,CS-TPX,E190,EMBRAER ERJ-190-100,L2J,M
49C218,OK-YUA93,TL30,TL ULTRALIGHT TL-3000 Sirius,L1P,L
49D018,OK-SLS,C560,CESSNA 560 Citation Ultra,L2J,M
49D118,OK-TAB,C172,CESSNA 172 Skyhawk,L1P,L
49D218,OK-MNA,Z42,ZLIN Z-42/142/242,L1P,L
49D318,OK-ECR,C56X,CESSNA 560XL Citation XLS,L2J,M
49D418,OK-SWF,B38M,BOEING 737 MAX 8,L2J,M
4A0618,YR-APX,AN2,ANTONOV An-2,L1P,L
4A3618,1122,C560,CESSNA 560 Citation Ultra,L2J,M
4A9E18,SE-GPX,PA34,PIPER PA-34 Seneca,L2P,L
4AAA18,SE-JPX,B429,BELL 429 GlobalRanger,H2T,L
4AB218,SE-LPX,ATP,BRITISH AEROSPACE ATP,L2T,M
4AB518,SE-MHX,M20T,MOONEY M-20T,L1P,L
4ACA18,SE-RPX,B738,BOEING 737-800,L2J,M
4AD218,SE-TPX,GLID,,L0-,-
4AD518,SE-UHX,GLID,,L0-,-
4AD718,SE-UXX,AS25,SCHLEICHER ASH-25,L1P,L
4AE218,SE-XPX,LNC2,LANCAIR 200-320,L1P,L
4B0618,HB-CIA,C172,CESSNA 172 Skyhawk,L1P,L
4B0A18,HB-DVK,M20P,MOONEY M-20,L1P,L
4B0F18,HB-FSQ,PC12,PILATUS PC-12,L1T,L
4B1618,HB-IJO,A320,AIRBUS A-320,L2J,M
4B1918,HB-JNC,B77W,BOEING 777-300ER,L2J,H
4B1A18,HB-JWY,GLF5,GULFSTREAM 5,L2J,M
4B1F18,HB-LUE,DHC6,DE HAVILLAND DHC-6 Twin Otter,L2T,L
4B2518,HB-OBG,J3,PIPER J-3 Cub,L1P,L
4B2918,HB-POQ,J3,PIPER J-3 Cub,L1P,L
4B2F18,HB-RVS,HUNT,HAWKER Hunter,L1J,M
4B3118,HB-SPK,DA40,DIAMOND DA-40 Club Star,L1P,L
4B3A18,HB-WAA,C42,IKARUS C-42 Bison,L1P,L
4B4218,HB-ZAU,H269,HUGHES Sky Knight,H1P,L
4B4318,HB-ZKQ,EC20,AIRBUS HELICOPTERS EC-120,H1T,L
4B4418,HB-ZUM,R44,ROBINSON R-44 Raven,H1P,L
4B4718,HB-625,GLID,,L0-,-
4B4B18,HB-1649,GLID,,L0-,-
4B4D18,HB-2161,DG40,DG FLUGZEUGBAU DG-400,L1P,L
4B4F18,HB-2673,GLID,,L0-,-
4B5018,HB-2929,ARCP,SCHEMPP-HIRTH Arcus M,L1P,L
4B5118,HB-3185,GLID,,L0-,-
4B5218,HB-3441,DISC,SCHEMPP-HIRTH Discus,L1P,L
4B8218,TCB-654,CN35,CASA CN-235 Persuader,L2T,M
4CA618,EI-FJO,B738,BOEING 737-800,L2J,M
4CA718,EI-DSV,A320,AIRBUS A-320,L2J,M
4CA818,EI-SLL,AT72,ATR-72-202,L2T,M
4CAC18,EI-KHB,E290,EMBRAER ERJ-190-300,L2J,M
4CAD18,EJ-FLCB,GLEX,BOMBARDIER BD-700 Global 6000/6500,L2J,M
4CC518,TF-ISX,B753,BOEING 757-300,L2J,M
4D0118,LX-VCN,B748,BOEING 747-8,L4J,H
4D0218,LX-MIC,F2TH,DASSAULT Falcon 2000,L2J,M
4D0318,LX-CMN,GLID,,L0-,-
4D2218,9H-QBN,B738,BOEING 737-800,L2J,M
4D2318,9H-SMC,A333,AIRBUS A-330-300,L2J,H
4D2418,9H-EWH,A320,AIRBUS A-320,L2J,M
500218,T7-280,G280,GULFSTREAM G280,L2J,M
501C18,9A-BPR,C172,CESSNA 172 Skyhawk,L1P,L
501D18,9A-CTG,A319,AIRBUS A-319,L2J,M
502D18,YL-ESB,C172,CESSNA 172 Skyhawk,L1P,L
505D18,OM-HEX,B738,BOEING 737-800,L2J,M
510018,EW-85741,T154,TUPOLEV Tu-154,L3J,M
513018,E7-AAL,C172,CESSNA 172 Skyhawk,L1P,L
683318,UP-LA255,DA42,DIAMOND DA-42 Guardian,L2P,L
710118,HZ-AS56,A320,AIRBUS A-320,L2J,M
71BC18,HL7418,B744,BOEING 747-400,L4J,H
71BE18,HL7618,B744,BOEING 747-400,L4J,H
71BF18,HL7718,B739,BOEING 737-900,L2J,M
71C018,HL8018,A321,AIRBUS A-321,L2J,M
71C218,HL8218,B77W,BOEING 777-300ER,L2J,H
71C318,HL8318,B738,BOEING 737-800,L2J,M
71C518,HL8518,B738,BOEING 737-800,L2J,M
71DD18,B518,A139,AGUSTA AW-139,H2T,L
730E18,EP-CPX,MD83,MCDONNELL-DOUGLAS MD-83,L2J,M
738E18,4X-BML,AS50,AEROSPATIALE AS-350 Ecureuil,H1T,L
739218,4X-DAX,C182,CESSNA 182 Skylane,L1P,L
739418,4X-CDG,C210,CESSNA 201 Centurion,L1P,L
739518,4X-HMT,ECHO,TECNAM P-92 Echo,L1P,L
748018,OD-MRS,A320,AIRBUS A-320,L2J,M
750218,9M-MSI,B738,BOEING 737-800,L2J,M
750518,9M-DAB,A320,AIRBUS A-320,L2J,M
760918,AP-BHX,B772,BOEING 777-200,L2J,H
780118,B-5142,B738,BOEING 737-800,L2J,M
780218,B-LIB,B744,BOEING 747-400,L4J,H
780418,B-1592,B738,BOEING 737-800,L2J,M
780518,B-6725,A320,AIRBUS A-320,L2J,M
780618,B-6650,A320,AIRBUS A-320,L2J,M
780818,B-6539,A333,AIRBUS A-330-300,L2J,H
780918,B-5697,B738,BOEING 737-800,L2J,M
780A18,B-KPW,B77W,BOEING 777-300ER,L2J,H
780B18,B-5796,B738,BOEING 737-800,L2J,M
780C18,B-1949,B738,BOEING 737-800,L2J,M
780E18,B-3367,CRJ2,BOMBARDIER Regional Jet CRJ-200,L2J,M
780F18,B-7370,B738,BOEING 737-800,L2J,M
781018,B-7599,B738,BOEING 737-800,L2J,M
781118,B-8980,A320,AIRBUS A-320,L2J,M
781318,B-1048,A333,AIRBUS A-330-300,L2J,H
781418,B-1113,B789,BOEING 787-9 Dreamliner,L2J,H
781518,B-001J,C919,COMAC C-919,L2J,M
781618,B-306E,A20N,AIRBUS A-320neo,L2J,M
781818,B-70H6,C172,CESSNA 172 Skyhawk,L1P,L
781918,B-30ED,A21N,AIRBUS A-321neo,L2J,M
781B18,B-124K,SR20,CIRRUS SR-20,L1P,L
781C18,B-651M,AJ27,COMAC ARJ-21-700 Xiangfeng,L2J,M
789218,B-LXF,A35K,AIRBUS A-350-1000,L2J,H
798018,B-2331,A319,AIRBUS A-319,L2J,M
7A4218,10151,ZZZZ,,-0-,-
7A4418,20242,Y20,XIAN Kunpeng,L4J,H
7BD018,B-2848,B752,BOEING 757-200,L2J,M
7C0318,VH-AWA,DH82,DE HAVILLAND DH-82 Tiger Moth,L1P,L
7C0D18,VH-CVE,PA30,PIPER PA-30 Twin Comanche,L2P,L
7C1018,VH-DGQ,C182,CESSNA 182 Skylane,L1P,L
7C1118,VH-DNU,DH8C,DE HAVILLAND DHC-8-300 Dash 8,L2T,M
7C1518,VH-EGA,PA27,PIPER PA-23-250 Aztec,L2P,L
7C1618,VH-ENE,A109,AGUSTA AW-109 Grand,H2T,L
7C1A18,VH-FFU,AT8T,AIR TRACTOR AT-802,L1T,M
7C1B18,VH-FMY,BT36,BEECH B36TC Bonanza,L1P,L
7C2A18,VH-ILM,P68,PARTENAVIA P-68 Observer,L2P,L
7C2B18,VH-ISQ,RV8,VANS RV-8,L1P,L
7C3118,VH-JZE,LGEZ,RUTAN Long-EZ,L1P,L
7C3F18,VH-MQY,H25B,HAWKER BEECHCRAFT Hawker 750/850,L2J,M
7C4218,VH-NCA,PA46,PIPER PA-46-310/350,L1P,L
7C4318,VH-NJE,RJ1H,AVRO RJ-100 Avroliner,L4J,M
7C4418,VH-NQI,B737,BOEING 737-700,L2J,M
7C4518,VH-NXM,B712,BOEING 717-200,L2J,M
7C4718,VH-OBU,RV7,VANS RV-7,L1P,L
7C4F18,VH-PWQ,PA34,PIPER PA-34 Seneca,L2P,L
7C5718,VH-RHM,C175,CESSNA 175 Skylark,L1P,L
7C6118,VH-TGQ,RV7,VANS RV-7,L1P,L
7C6318,VH-TUY,R22,ROBINSON R-22 Mariner,H1P,L
7C6718,VH-UNE,C152,CESSNA 152,L1P,L
7C6818,VH-UUI,AS50,AEROSPATIALE AS-350 Ecureuil,H1T,L
7C6B18,VH-VFU,A320,AIRBUS A-320,L2J,M
7C6C18,VH-VMY,C172,CESSNA 172 Skyhawk,L1P,L
7C7018,VH-WFE,C560,CESSNA 560 Citation Ultra,L2J,M
7C7218,VH-WTM,DH82,DE HAVILLAND DH-82 Tiger Moth,L1P,L
7C7D18,VH-YZU,PA44,PIPER PA-44 Seminole,L2P,L
7C8218,VH-ZZE,DH8C,DE HAVILLAND DHC-8-300 Dash 8,L2T,M
7CC418,23-8823,ECHO,TECNAM P-92 Echo,L1P,L
7CC518,24-7963,AP22,AEROPRACT A-22,L1P,L
7CFC18,G-2406,GYRO,,G0-,-
800318,K2696,AN32,ANTONOV An-32 Sutlej,L2T,M
800518,VT-CMO,H25B,HAWKER BEECHCRAFT Hawker 750/850,L2J,M
800B18,VT-GOR,A320,AIRBUS A-320,L2J,M
800C18,VT-KJL,E50P,EMBRAER EMB-500 Phenom 100,L2J,L
800D18,VT-SQD,DH8D,DE HAVILLAND DHC-8-400 Dash 8,L2T,M
801418,VT-GSS,E145,EMBRAER ERJ-145,L2J,M
847C18,JA19JJ,A320,AIRBUS A-320,L2J,M
86E518,JA86AN,B738,BOEING 737-800,L2J,M
87C818,5503,P1,KAWASAKI P-1,L4J,M
87CC18,35-1071,C130,LOCKHEED C-130 Hercules,L4T,M
880018,HS-TJC,B772,BOEING 777-200,L2J,H
884018,2614,B412,BELL 412,H2T,L
895018,V8-GAS,S92,SIKORSKY S-92 Helibus,H2T,M
896118,A6-ECQ,B77W,BOEING 777-300ER,L2J,H
896218,A6-EGW,B77W,BOEING 777-300ER,L2J,H
896318,A6-ENV,B77W,BOEING 777-300ER,L2J,H
896518,A6-FMI,B38M,BOEING 737 MAX 8,L2J,M
896C18,942,PC21,PILATUS PC-21,L1T,L
896F18,GND,GND,,V0-,-
899018,B-18052,B77W,BOEING 777-300ER,L2J,H
899118,B-18806,A343,AIRBUS A-340-300,L4J,H
8A0418,PK-AZG,A320,AIRBUS A-320,L2J,M
8A0818,PK-LQS,B739,BOEING 737-900,L2J,M
8A0918,PK-SJR,A320,AIRBUS A-320,L2J,M
A00018,N1AX,C172,CESSNA 172 Skyhawk,L1P,L
A00218,N1XJ,WAIX,SONEX Waiex,L1P,L
A00318,N10HP,C82T,CESSNA TR182 Turbo Skylane RG,L1P,L
A00418,N10TV,B06,BELL 206 JetRanger,H1T,L
A00818,N1007Y,QIC2,QUICKIE Q2,L1P,L
A00A18,N101TD,B737,BOEING 737-700,L2J,M
A00C18,N10191,C150,CESSNA 150,L1P,L
A00D18,N102KW,SR22,CIRRUS SR-22,L1P,L
A00E18,N102WB,C337,CESSNA 337 Super Skymaster,L2P,L
A00F18,N1024T,BE35,BEECH 35 Starfire Bonanza,L1P,L
A01318,N1036W,AT5T,AIR TRACTOR AT-504,L1T,L
A01518,N104RS,WW24,IAI 1124 Westwind,L2J,M
A01B18,N106BA,BE65,BEECH 65 Queen Air,L2P,L
A01C18,N106MG,,,,
A01E18,N1065U,C82T,CESSNA TR182 Turbo Skylane RG,L1P,L
A02118,N1070L,LA4,LAKE LA-4/200,A1P,L
A02218,N1077X,P28R,PIPER PA-28R-180/200/201,L1P,L
A02318,N108GX,GX,REMOS GX,L1P,L
A02418,N108TC,C172,CESSNA 172 Skyhawk,L1P,L
A02518,N1082P,C182,CESSNA 182 Skylane,L1P,L
A02818,N109WA,ST75,STEARMAN Kaydet,L1P,L
A02A18,N11CM,FA62,FAIRCHILD M-26 Cornell,L1P,L
A02B18,N11NT,P28A,PIPER PA-28-140/150/160/180,L1P,L
A02C18,N11YZ,C182,CESSNA 182 Skylane,L1P,L
A02F18,N1104A,PA18,PIPER PA-18 Super Cub,L1P,L
A03018,N111BW,BE35,BEECH 35 Starfire Bonanza,L1P,L
A03118,N111NB,C680,CESSNA 680 Citation Sovereign,L2J,M
A03618,N11206,B738,BOEING 737-800,L2J,M
A03818,N113HS,S22T,CIRRUS SR-22T Turbo,L1P,L
A03A18,N11329,C150,CESSNA 150,L1P,L
A03B18,N114AJ,C421,CESSNA 421 Executive Commuter,L2P,L
A03D18,N114WW,,,,
A03E18,N1145B,C82S,CESSNA T182 Turbo Skylane,L1P,L
A04418,N116SL,C82T,CESSNA TR182 Turbo Skylane RG,L1P,L
A04718,N117KC,SR22,CIRRUS SR-22,L1P,L
A05018,N11905,AA5,AMERICAN AA-5 Tiger,L1P,L
A05118,N1198F,C172,CESSNA 172 Skyhawk,L1P,L
A05218,N12HR,RV4,VANS RV-4,L1P,L
A05418,N120EB,,,,
A05818,N121H,RV12,VANS RV-12,L1P,L
A05918,N121TF,P32R,PIPER PA-32R-300/301/301T,L1P,L
A05A18,N1212S,RS12,RANS S-12 Super Airaile,L1P,L
A05C18,N122KY,PA25,PIPER PA-25 Pawnee,L1P,L
A05D18,N122WD,PA46,PIPER PA-46-310/350,L1P,L
A05E18,N1224V,C170,CESSNA 170,L1P,L
A06318,N124FN,RV12,VANS RV-12,L1P,L
A06518,N1241Q,C150,CESSNA 150,L1P,L
A06718,N125JL,JAB4,JABIRU J200-450,L1P,L
A06918,N1253T,P28R,PIPER PA-28R-180/200/201,L1P,L
A07018,N1270N,FB1A,BOWERS Fly Baby 1A,L1P,L
A07118,N1277Z,BE35,BEECH 35 Starfire Bonanza,L1P,L
A07718,N129WC,,,,
A07A18,N13NV,,,,
A07D18,N130VM,FOX,KITFOX,L1P,L
A07E18,N1304C,BALL,,B0-,-
A08418,N132RB,CH70,ZENAIR CH-701 Stol,L1P,L
A08518,N13208,C172,CESSNA 172 Skyhawk,L1P,L
A08618,N1328J,AC11,NORTH AMERICAN ROCKWELL Commander 112/114,L1P,L
A08818,N133U,AA5,AMERICAN AA-5 Tiger,L1P,L
A08A18,N134AL,CH70,ZENAIR CH-701 Stol,L1P,L
A08B18,N134LS,G3,REMOS Mirage,L1P,L
A08D18,N1345D,C170,CESSNA 170,L1P,L
A09418,N13619,C172,CESSNA 172 Skyhawk,L1P,L
A09C18,N1386E,C82R,CESSNA R182 Skylane RG,L1P,L
A09E18,N139RA,C82S,CESSNA T182 Turbo Skylane,L1P,L
A09F18,N13907,ZZZZ,,-0-,-
A0A018,N1398H,AR15,AERONCA 15 Sedan,L1P,L
A0A118,N14HT,R22,ROBINSON R-22 Mariner,H1P,L
A0A318,N140ED,C140,CESSNA 140,L1P,L
A0A818,N141TH,AS50,AEROSPATIALE AS-350 Ecureuil,H1T,L
A0AB18,N142L,EN28,ENSTROM F-28,H1P,L
A0AC18,N142WF,PA34,PIPER PA-34 Seneca,L2P,L
A0AD18,N1424X,P28A,PIPER PA-28-140/150/160/180,L1P,L
A0AE18,N143CS,P3,LOCKHEED P-3 Orion,L4T,M
A0B318,N144RW,CAMP,GREGA GN-1 Aircamper,L1P,L
A0B418,N1441S,C182,CESSNA 182 Skylane,L1P,L
A0B518,N14483,M20P,MOONEY M-20,L1P,L
A0BD18,N147EC,PA23,PIPER PA-23,L2P,L
A0BF18,N1470Q,C185,CESSNA 185 Skywagon,L1P,L
A0C018,N14771,BL17,BELLANCA 17 Viking,L1P,L
A0C218,N148TG,ULAC,,L0-,-
A0C818,N15CR,SA75,STOLP SA-750 Acroduster Too,L1P,L
A0CE18,N151C,S108,STINSON 108 Voyager,L1P,L
A0D118,N1516H,BALL,,B0-,-
A0D418,N1521,GLID,,L0-,-
A0DD18,N155DL,B763,BOEING 767-300,L2J,H
A0DE18,N155PS,PISI,PIPSTREL Sinus,L1P,L
A0E018,N1557J,P28A,PIPER PA-28-140/150/160/180,L1P,L
A0E418,N1569M,L5,STINSON Sentinel,L1P,L
A0E718,N1574D,C195,CESSNA 195,L1P,L
A0EE18,N15909,P28R,PIPER PA-28R-180/200/201,L1P,L
A0F018,N16HV,ECHO,TECNAM P-92 Echo,L1P,L
A0F118,N16UA,B222,BELL 222,H2T,L
A0F418,N1600T,C414,CESSNA 414 Chancellor,L2P,L
A0F518,N16074,C150,CESSNA 150,L1P,L
A0F818,N1612W,ULAC,,L0-,-
A0FA18,N162LB,BALL,,B0-,-
A0FC18,N1624Z,,,,
A0FE18,N163P,AUS9,AUSTER AOP9,L1P,L
A10018,N16362,P28R,PIPER PA-28R-180/200/201,L1P,L
A10418,N16485,P28A,PIPER PA-28-140/150/160/180,L1P,L
A10718,N1653X,C210,CESSNA 201 Centurion,L1P,L
A11218,N1682V,C120,CESSNA 120,L1P,L
A11418,N169LA,BE58,BEECH 58 Baron,L2P,L
A11718,N17CT,GLAS,Glasair,L1P,L
A11D18,N171CB,DA40,DIAMOND DA-40 Club Star,L1P,L
A12118,N172F,C172,CESSNA 172 Skyhawk,L1P,L
A12218,N172RF,C172,CESSNA 172 Skyhawk,L1P,L
A12318,N1721B,RV8,VANS RV-8,L1P,L
A12C18,N175DN,B763,BOEING 767-300,L2J,H
A13018,N176GL,CH75,ZENAIR CH-750 Cruzer,L1P,L
A13218,N1762C,,,,
A13318,N1769P,PA18,PIPER PA-18 Super Cub,L1P,L
A13418,N177KJ,C77R,CESSNA 177RG Cardinal RG,L1P,L
A13618,N1774F,C172,CESSNA 172 Skyhawk,L1P,L
A13A18,N1786J,P28A,PIPER PA-28-140/150/160/180,L1P,L
A13E18,N1798M,C182,CESSNA 182 Skylane,L1P,L
A14118,N180EH,C180,CESSNA  180 Skywagon,L1P,L
A14318,N1800V,BE36,BEECH 36 Bonanza,L1P,L
A14418,N18076,C150,CESSNA 150,L1P,L
A14618,N181TM,BL8,BELLANCA 8 Decathlon,L1P,L
A14718,N1812Y,C172,CESSNA 172 Skyhawk,L1P,L
A14818,N18199,C150,CESSNA 150,L1P,L
A14918,N182LD,C182,CESSNA 182 Skylane,L1P,L
A14A18,N182WK,C182,CESSNA 182 Skylane,L1P,L
A14F18,N18364,BE58,BEECH 58 Baron,L2P,L
A15218,N1841W,BE33,BEECH 33 Bonanza,L1P,L
A15418,N185JS,C185,CESSNA 185 Skywagon,L1P,L
A15A18,N18652,FA24,FAIRCHILD F-24 Argus,L1P,L
A15B18,N187EG,RV7,VANS RV-7,L1P,L
A15E18,N18775,BE19,BEECH 19 Sport,L1P,L
A16018,N188TL,C680,CESSNA 680 Citation Sovereign,L2J,M
A16118,N1882X,C182,CESSNA 182 Skylane,L1P,L
A16518,N18940,BE24,BEECH 24 Sierra,L1P,L
A16718,N19PA,P28R,PIPER PA-28R-180/200/201,L1P,L
A16918,N190KM,DHC6,DE HAVILLAND DHC-6 Twin Otter,L2T,L
A16A18,N190VT,C190,CESSNA 190,L1P,L
A16C18,N191CD,SR20,CIRRUS SR-20,L1P,L
A17218,N1921D,BE35,BEECH 35 Starfire Bonanza,L1P,L
A17318,N1928Q,C77R,CESSNA 177RG Cardinal RG,L1P,L
A17618,N1933G,FA7X,DASSAULT Falcon 7X,L3J,M
A17C18,N195PW,C190,CESSNA 190,L1P,L
A17D18,N1950B,BE35,BEECH 35 Starfire Bonanza,L1P,L
A18118,N1962E,CH7A,BELLANCA 7 Champion,L1P,L
A18218,N1969R,BALL,,B0-,-
A18618,N198CC,B06,BELL 206 JetRanger,H1T,L
A18918,N1986L,BE23,BEECH 23 Sundowner,L1P,L
A18B18,N199RG,E300,EXTRA EA-300/330/350,L1P,L
A19018,N20EK,,,,
A19518,N2005P,PA23,PIPER PA-23,L2P,L
A19618,N201DU,M20P,MOONEY M-20,L1P,L
A19818,N2010F,C56X,CESSNA 560XL Citation XLS,L2J,M
A19B18,N202SY,E75L,EMBRAER ERJ-170-200 (long wing),L2J,M
A19C18,N2022J,BALL,,B0-,-
A19D18,N2029V,C140,CESSNA 140,L1P,L
A19E18,N203KQ,K100,DAHER Kodiak 100,L1T,L
A1A018,N2034M,,,,
A1A218,N204NN,E75L,EMBRAER ERJ-170-200 (long wing),L2J,M
A1A318,N204YU,TB20,SOCATA TB-20 Trinidad,L1P,L
A1A618,N205RL,M20P,MOONEY M-20,L1P,L
A1A718,N2051G,C182,CESSNA 182 Skylane,L1P,L
A1AD18,N207MA,PA32,PIPER PA-32,L1P,L
A1AF18,N2075N,BALL,,B0-,-
A1B118,N208PZ,TUCA,EMBRAER EMB-312 Tucano,L1T,L
A1B218,N2080E,C172,CESSNA 172 Skyhawk,L1P,L
A1B318,N2087R,C182,CESSNA 182 Skylane,L1P,L
A1B818,N21KP,ULAC,,L0-,-
A1BA18,N210G,GLAS,Glasair,L1P,L
A1C018,N21135,S10,STINSON 10 Voyager,L1P,L
A1C218,N212MW,M20P,MOONEY M-20,L1P,L
A1C818,N2138A,PA18,PIPER PA-18 Super Cub,L1P,L
A1C918,N214HL,COL4,CESSNA 400 Corvalis TT,L1P,L
A1CA18,N214TS,H269,HUGHES Sky Knight,H1P,L
A1CC18,N215AC,A320,AIRBUS A-320,L2J,M
A1CF18,N21546,C185,CESSNA 185 Skywagon,L1P,L
A1D018,N216DA,DA40,DIAMOND DA-40 Club Star,L1P,L
A1D318,N21669,M20P,MOONEY M-20,L1P,L
A1D618,N21711,C172,CESSNA 172 Skyhawk,L1P,L
A1D718,N2179B,ULAC,,L0-,-
A1DA18,N21834,J3,PIPER J-3 Cub,L1P,L
A1DE18,N21957,C150,CESSNA 150,L1P,L
A1DF18,N22EM,C510,CESSNA 510 Citation Mustang,L2J,L
A1E018,N22QT,DA40,DIAMOND DA-40 Club Star,L1P,L
A1E218,N220MD,LJ60,LEARJET 60,L2J,M
A1EA18,N222T,CRER,RANS Courier,L1P,L
A1EB18,N2222L,B407,BELL 407,H1T,L
A1EC18,N2229X,C185,CESSNA 185 Skywagon,L1P,L
A1EF18,N2234P,CH7B,BELLANCA 7 Citabria,L1P,L
A1F018,N224CJ,C25A,CESSNA 525A Citation CJ2,L2J,L
A1F318,N2246S,C210,CESSNA 201 Centurion,L1P,L
A1F718,N2258V,C140,CESSNA 140,L1P,L
A1FA18,N2263M,J3,PIPER J-3 Cub,L1P,L
A1FC18,N227MC,C56X,CESSNA 560XL Citation XLS,L2J,M
A1FE18,N2275Q,B06,BELL 206 JetRanger,H1T,L
A20318,N229GT,,,,
A20518,N2292K,BE18,BEECH 18 Expetitor,L2P,L
A20618,N2299W,P28A,PIPER PA-28-140/150/160/180,L1P,L
A20A18,N230SH,AS50,AEROSPATIALE AS-350 Ecureuil,H1T,L
A20E18,N231VF,M20P,MOONEY M-20,L1P,L
A21318,N2326,PA23,PIPER PA-23,L2P,L
A21618,N23302,C150,CESSNA 150,L1P,L
A21718,N2338C,PARA,,P0-,-
A21918,N234TU,T34P,BEECH T-34 Mentor,L1P,L
A21C18,N235LL,EC35,AIRBUS HELICOPTERS EC-135/635,H2T,L
A21D18,N235WS,P28B,PIPER PA-28-201T/235/236,L1P,L
A21E18,N23548,AR65,AERONCA 65 Super Chief,L1P,L
A21F18,N236DC,SR22,CIRRUS SR-22,L1P,L
A22218,N2367A,PA18,PIPER PA-18 Super Cub,L1P,L
A22318,N237GA,GLF5,GULFSTREAM 5,L2J,M
A22618,N2379D,C170,CESSNA 170,L1P,L
A22918,N23836,TAYB,TAYLORCRAFT BC/BF/BL,L1P,L
A22D18,N23959,C82T,CESSNA TR182 Turbo Skylane RG,L1P,L
A23018,N240B,LJ31,LEARJET 31,L2J,M
A23118,N240MF,SYMP,OMF Symphony,L1P,L
A23618,N2410K,CP30,PIEL Emeraude,L1P,L
A24018,N244NS,BALL,,B0-,-
A24618,N2458X,C182,CESSNA 182 Skylane,L1P,L
A24918,N2463P,PA22,PIPER PA-22,L1P,L
A25018,N2480J,,,,
A25318,N249TA,T206,CESSNA T206 Turbo Stationair,L1P,L
A25418,N2492M,PA12,PIPER PA-12 Super Cruiser,L1P,L
A25518,N2499Y,C172,CESSNA 172 Skyhawk,L1P,L
A25618,N25KT,LGEZ,RUTAN Long-EZ,L1P,L
A25818,N250GD,BE20,BEECH 200 Super King Air,L2T,M
A25C18,N251KB,BE20,BEECH 200 Super King Air,L2T,M
A26018,N252N,,,,
A26118,N252YF,M20P,MOONEY M-20,L1P,L
A26218,N2526B,COL4,CESSNA 400 Corvalis TT,L1P,L
A26A18,N255AG,CLON,AUTOGYRO Cavalon,G1P,L
A26D18,N2555,LEG2,LANCAIR Legacy,L1P,L
A27318,N257SJ,LJ55,LEARJET 55,L2J,M
A27518,N2579F,CH7A,BELLANCA 7 Champion,L1P,L
A27C18,N2596A,PA22,PIPER PA-22,L1P,L
A27D18,N26ER,PTS2,PITTS S-2 Special,L1P,L
A27F18,N260BB,PA32,PIPER PA-32,L1P,L
A28018,N260MH,DRON,,D0-,-
A28118,N260XP,H60,SIKORSKY UH-60 Black Hawk,H2T,M
A29018,N264Z,RV8,VANS RV-8,L1P,L
A29318,N265RS,RV12,VANS RV-12,L1P,L
A29518,N2658Z,C421,CESSNA 421 Executive Commuter,L2P,L
A29918,N267BA,GLID,,L0-,-
A29A18,N267MG,P28A,PIPER PA-28-140/150/160/180,L1P,L
A2A218,N269TC,H269,HUGHES Sky Knight,H1P,L
A2A618,N27WA,AS50,AEROSPATIALE AS-350 Ecureuil,H1T,L
A2AE18,N272BW,NG5,BRM AERO NG-5/6 Bristell,L1P,L
A2B118,N2726D,C170,CESSNA 170,L1P,L
A2B618,N274HS,BE35,BEECH 35 Starfire Bonanza,L1P,L
A2BC18,N2755B,AC80,NORTH AMERICAN ROCKWELL Turbo Commander 680,L2T,L
A2BD18,N276DG,CH70,ZENAIR CH-701 Stol,L1P,L
A2C018,N2767E,CH7A,BELLANCA 7 Champion,L1P,L
A2C118,N277GE,BE20,BEECH 200 Super King Air,L2T,M
A2C218,N277SL,C172,CESSNA 172 Skyhawk,L1P,L
A2C418,N2779H,GLID,,L0-,-
A2C518,N278KC,H500,HUGHES 500,H1T,L
A2CB18,N2796C,BALL,,B0-,-
A2CC18,N28ET,EUPA,Europa,L1P,L
A2CE18,N280BD,FA50,DASSAULT Falcon 50,L3J,M
A2CF18,N280MK,G280,GULFSTREAM G280,L2J,M
A2D218,N281EB,PC24,PILATUS PC-24,L2J,M
A2D518,N28170,TOBA,SOCATA Tobago,L1P,L
A2D818,N2822S,P28A,PIPER PA-28-140/150/160/180,L1P,L
A2DC18,N2834V,BE35,BEECH 35 Starfire Bonanza,L1P,L
A2E018,N2846Y,P28R,PIPER PA-28R-180/200/201,L1P,L
A2EE18,N2880N,P28B,PIPER PA-28-201T/235/236,L1P,L
A2EF18,N2887Z,PA18,PIPER PA-18 Super Cub,L1P,L
A2F218,N2892R,C182,CESSNA 182 Skylane,L1P,L
A2F418,N29KX,SU29,SUKHOI Su-29,L1P,L
A2F518,N29WC,BE36,BEECH 36 Bonanza,L1P,L
A2FA18,N291KF,C172,CESSNA 172 Skyhawk,L1P,L
A2FC18,N2914C,C180,CESSNA  180 Skywagon,L1P,L
A2FE18,N292ND,PA44,PIPER PA-44 Seminole,L2P,L
A30718,N2943A,C180,CESSNA  180 Skywagon,L1P,L
A30918,N295LS,PETR,EDRA Super Petrel,A1P,L
A30A18,N295WY,HUSK,CHRISTEN Husky,L1P,L
A30B18,N2955D,C170,CESSNA 170,L1P,L
A30C18,N296DJ,RV4,VANS RV-4,L1P,L
A30D18,N296PQ,CRJ9,BOMBARDIER Regional Jet CRJ-900,L2J,M
A30F18,N2967G,CH7A,BELLANCA 7 Champion,L1P,L
A31218,N29719,TAYB,TAYLORCRAFT BC/BF/BL,L1P,L
A31B18,N3EV,AR11,AERONCA 11 Chief,L1P,L
A31D18,N30BF,PA11,PIPER PA-11 Cub Special,L1P,L
A31E18,N30MM,BE60,BEECH 60 Duke,L2P,L
A31F18,N30XT,PA30,PIPER PA-30 Twin Comanche,L2P,L
A32218,N3003E,C172,CESSNA 172 Skyhawk,L1P,L
A32718,N302DN,A321,AIRBUS A-321,L2J,M
A32C18,N303SS,GLID,,L0-,-
A32D18,N3032C,BE35,BEECH 35 Starfire Bonanza,L1P,L
A32E18,N3039P,TB20,SOCATA TB-20 Trinidad,L1P,L
A33118,N3044F,AT6T,AIR TRACTOR AT-602,L1T,L
A33218,N305CA,BE95,BEECH 95 Travel Air,L2P,L
A33318,N305NG,EXNG,EXTRA NG,L1P,L
A33518,N3056J,C150,CESSNA 150,L1P,L
A33C18,N3073D,BALL,,B0-,-
A34018,N3085G,CH7B,BELLANCA 7 Citabria,L1P,L
A34118,N309DM,RV9,VANS RV-9,L1P,L
A34218,N309PT,SR22,CIRRUS SR-22,L1P,L
A34418,N3097K,SS2T,TRUSH Turbo Thrush 500/550,L1T,L
A34518,N31GK,C310,CESSNA 310,L2P,L
A34618,N31SR,C180,CESSNA  180 Skywagon,L1P,L
A34718,N310CW,C310,CESSNA 310,L2P,L
A34818,N310PB,R44,ROBINSON R-44 Raven,H1P,L
A34A18,N31064,BALL,,B0-,-
A34C18,N311S,PA30,PIPER PA-30 Twin Comanche,L2P,L
A34D18,N3111W,BE35,BEECH 35 Starfire Bonanza,L1P,L
A34E18,N31187,BALL,,B0-,-
A35118,N3123Z,PA22,PIPER PA-22,L1P,L
A35918,N31475,PTS2,PITTS S-2 Special,L1P,L
A35D18,N31598,S10,STINSON 10 Voyager,L1P,L
A35E18,N316LC,B06,BELL 206 JetRanger,H1T,L
A36018,N31640,PARA,,P0-,-
A36218,N317PA,PA44,PIPER PA-44 Seminole,L2P,L
A36418,N31763,ULAC,,L0-,-
A36518,N318FT,CH60,ZENAIR CH-600 Zodiac,L1P,L
A36718,N3181V,BE35,BEECH 35 Starfire Bonanza,L1P,L
A36818,N31886,AR65,AERONCA 65 Super Chief,L1P,L
A36B18,N3193Y,C182,CESSNA 182 Skylane,L1P,L
A36C18,N32BH,BE35,BEECH 35 Starfire Bonanza,L1P,L
A36D18,N32MP,C72R,CESSNA 172R Cutlass RG,L1P,L
A37118,N3203G,R44,ROBINSON R-44 Raven,H1P,L
A37218,N321AS,AEST,AEROSTAR 600,L2P,L
A37718,N322PW,M28,PZL-MIELEC M-28 Skytruck,L2T,M
A37818,N3220B,BALL,,B0-,-
A37C18,N3232E,AR11,AERONCA 11 Chief,L1P,L
A38018,N3244H,ERCO,AIR PRODUCTS F-1 Aircoupe,L1P,L
A38118,N325CC,PA31,PIPER PA-31-300/310/325/350/425,L2P,L
A38718,N3261C,BE58,BEECH 58 Baron,L2P,L
A38818,N3268P,PA23,PIPER PA-23,L2P,L
A38B18,N3273F,M20P,MOONEY M-20,L1P,L
A39118,N329PV,C560,CESSNA 560 Citation Ultra,L2J,M
A39318,N3297M,PA12,PIPER PA-12 Super Cruiser,L1P,L
A39418,N33GM,B14A,BELLANCA 14,L1P,L
A39718,N330PD,H269,HUGHES Sky Knight,H1P,L
A39C18,N3311Y,C182,CESSNA 182 Skylane,L1P,L
A39D18,N33189,T206,CESSNA T206 Turbo Stationair,L1P,L
A39F18,N332V,LJ31,LEARJET 31,L2J,M
A3AB18,N3352Z,PA22,PIPER PA-22,L1P,L
A3AC18,N336,GLID,,L0-,-
A3AF18,N33642,P28R,PIPER PA-28R-180/200/201,L1P,L
A3B118,N337PC,C210,CESSNA 201 Centurion,L1P,L
A3B518,N338SA,T206,CESSNA T206 Turbo Stationair,L1P,L
A3B618,N3381X,M20P,MOONEY M-20,L1P,L
A3B718,N33888,AR65,AERONCA 65 Super Chief,L1P,L
A3BC18,N34MR,T34P,BEECH T-34 Mentor,L1P,L
A3BD18,N34XX,BE18,BEECH 18 Expetitor,L2P,L
A3C218,N341M,RV6,VANS RV-6,L1P,L
A3CF18,N3444K,J3,PIPER J-3 Cub,L1P,L
A3D018,N345CE,SR20,CIRRUS SR-20,L1P,L
A3D318,N3456N,J3,PIPER J-3 Cub,L1P,L
A3D418,N346FC,,,,
A3D618,N3461E,AR11,AERONCA 11 Chief,L1P,L
A3D718,N3468R,P28A,PIPER PA-28-140/150/160/180,L1P,L
A3D818,N347JA,C340,CESSNA 340 Super,L2P,L
A3DB18,N348AT,S22T,CIRRUS SR-22T Turbo,L1P,L
A3DE18,N3485L,T206,CESSNA T206 Turbo Stationair,L1P,L
A3E218,N3497P,PA23,PIPER PA-23,L2P,L
A3E318,N35GP,BE35,BEECH 35 Starfire Bonanza,L1P,L
A3E418,N35SV,,,,
A3E618,N350PF,PA46,PIPER PA-46-310/350,L1P,L
A3E818,N35068,C177,CESSNA  177 Cardinal,L1P,L
A3EC18,N3519A,PA22,PIPER PA-22,L1P,L
A3EF18,N35233,J3,PIPER J-3 Cub,L1P,L
A3F218,N353Y,,,,
A3F318,N35356,C172,CESSNA 172 Skyhawk,L1P,L
A3F518,N354QS,E55P,EMBRAER EMB-505 Phenom 300,L2J,M
A3F618,N3540Y,C182,CESSNA 182 Skylane,L1P,L
A3FB18,N356AA,H60,SIKORSKY UH-60 Black Hawk,H2T,M
A3FE18,N35644,C172,CESSNA 172 Skyhawk,L1P,L
A40318,N358FX,E55P,EMBRAER EMB-505 Phenom 300,L2J,M
A40418,N358SC,DRON,,D0-,-
A40618,N3589,SA30,STOLP Starduster Too,L1P,L
A40918,N35932,T206,CESSNA T206 Turbo Stationair,L1P,L
A40B18,N36MT,PTS2,PITTS S-2 Special,L1P,L
A40D18,N360JD,LNC2,LANCAIR 200-320,L1P,L
A40F18,N3603L,C172,CESSNA 172 Skyhawk,L1P,L
A41118,N361MB,C25C,CESSNA 525C Citation CJ4,L2J,M
A41718,N3627S,G164,GRUMMAN G-164 Ag-Cat,L1P,L
A41818,N363GS,AT8T,AIR TRACTOR AT-802,L1T,M
A41A18,N3632J,C150,CESSNA 150,L1P,L
A41F18,N365CG,ALIG,ARION LS-1 Lightning,L1P,L
A42318,N366FE,DC10,MCDONNELL DOUGLAS DC-10,L3J,H
A42618,N3668T,TF19,TAYLORCRAFT F-19 Sportsman,L1P,L
A42718,N367JC,C560,CESSNA 560 Citation Ultra,L2J,M
A42918,N3673K,J3,PIPER J-3 Cub,L1P,L
A43018,N3690E,CH7A,BELLANCA 7 Champion,L1P,L
A43318,N37SX,ONEX,SONEX Onex,L1P,L
A43518,N370PH,EC35,AIRBUS HELICOPTERS EC-135/635,H2T,L
A43718,N3707,GLID,,L0-,-
A43818,N371G,CL60,BOMBARDIER CL-600 Challenger,L2J,M
A43918,N371SF,C25C,CESSNA 525C Citation CJ4,L2J,M
A43E18,N37235,S1,INTERSTATE S-1 Cadet,L1P,L
A44518,N37400,S1,INTERSTATE S-1 Cadet,L1P,L
A44818,N375TS,ULAC,,L0-,-
A44918,N37523,B39M,BOEING 737 MAX 9,L2J,M
A44A18,N376AC,SH36,SHORT 360,L2T,M
A44E18,N377DA,B738,BOEING 737-800,L2J,M
A44F18,N377PG,C25M,CESSNA 525 Citation M2,L2J,L
A45A18,N38MV,C25C,CESSNA 525C Citation CJ4,L2J,M
A46018,N381MD,A139,AGUSTA AW-139,H2T,L
A46218,N3815R,,,,
A46818,N383T,GLF5,GULFSTREAM 5,L2J,M
A46918,N3832L,C172,CESSNA 172 Skyhawk,L1P,L
A46A18,N3839X,C310,CESSNA 310,L2P,L
A47118,N3856S,C172,CESSNA 172 Skyhawk,L1P,L
A47518,N3868V,C195,CESSNA 195,L1P,L
A47818,N3873M,P28R,PIPER PA-28R-180/200/201,L1P,L
A48118,N39GT,PA18,PIPER PA-18 Super Cub,L1P,L
A48618,N3907B,GLID,,L0-,-
A48818,N391SH,H60,SIKORSKY UH-60 Black Hawk,H2T,M
A48A18,N3919E,CH7A,BELLANCA 7 Champion,L1P,L
A49818,N39525,P32R,PIPER PA-32R-300/301/301T,L1P,L
A49D18,N397DC,,,,
A4A018,N3977A,ST75,STEARMAN Kaydet,L1P,L
A4A818,N4BR,P28R,PIPER PA-28R-180/200/201,L1P,L
A4A918,N4MX,CL30,BOMBARDIER BD-100 Challenger 300,L2J,M
A4AB18,N40JH,BE36,BEECH 36 Bonanza,L1P,L
A4AE18,N400R,BALL,,B0-,-
A4AF18,N40006,P28A,PIPER PA-28-140/150/160/180,L1P,L
A4B418,N402AJ,C402,CESSNA 402 Businessliner,L2P,L
A4B718,N4025B,BL17,BELLANCA 17 Viking,L1P,L
A4BB18,N4037E,PA18,PIPER PA-18 Super Cub,L1P,L
A4BF18,N4049H,M20P,MOONEY M-20,L1P,L
A4C018,N405KC,PA46,PIPER PA-46-310/350,L1P,L
A4C618,N4066C,S108,STINSON 108 Voyager,L1P,L
A4C918,N40705,PARA,,P0-,-
A4CA18,N4078F,C172,CESSNA 172 Skyhawk,L1P,L
A4CF18,N409LP,C172,CESSNA 172 Skyhawk,L1P,L
A4D118,N4095A,C185,CESSNA 185 Skywagon,L1P,L
A4D318,N41PM,GLF5,GULFSTREAM 5,L2J,M
A4D718,N4104V,C170,CESSNA 170,L1P,L
A4E118,N413US,O1,CESSNA 305/341 Bird Dog,L1P,L
A4E318,N414BC,P28A,PIPER PA-28-140/150/160/180,L1P,L
A4E418,N414MJ,C414,CESSNA 414 Chancellor,L2P,L
A4E918,N4150N,PA18,PIPER PA-18 Super Cub,L1P,L
A4EA18,N4157Z,PA18,PIPER PA-18 Super Cub,L1P,L
A4ED18,N4162R,PA32,PIPER PA-32,L1P,L
A4F018,N417WC,BT36,BEECH B36TC Bonanza,L1P,L
A4F118,N4174U,P32R,PIPER PA-32R-300/301/301T,L1P,L
A4F218,N418CP,SR22,CIRRUS SR-22,L1P,L
A4F318,N418NV,MD83,MCDONNELL-DOUGLAS MD-83,L2J,M
A4F718,N419RT,P32R,PIPER PA-32R-300/301/301T,L1P,L
A4F818,N4191P,PA23,PIPER PA-23,L2P,L
A4F918,N41980,P28A,PIPER PA-28-140/150/160/180,L1P,L
A4FD18,N420RB,CJ6,NANCHANG CJ-6,L1P,L
A50218,N4213A,L39,LET L-39 Albatros,L1J,L
A50418,N422LS,C172,CESSNA 172 Skyhawk,L1P,L
A50F18,N425KE,C425,CESSNA 425 Corsair,L2T,L
A51118,N4254B,BE35,BEECH 35 Starfire Bonanza,L1P,L
A51318,N426NC,RV8,VANS RV-8,L1P,L
A51718,N427RA,R44,ROBINSON R-44 Raven,H1P,L
A51818,N42707,C182,CESSNA 182 Skylane,L1P,L
A51918,N4278H,PA14,PIPER PA-14 Family Cruiser,L1P,L
A52018,N4295C,CJ6,NANCHANG CJ-6,L1P,L
A52418,N430L,ULAC,,L0-,-
A52618,N4304X,PA34,PIPER PA-34 Seneca,L2P,L
A52A18,N43160,P28A,PIPER PA-28-140/150/160/180,L1P,L
A52D18,N4321S,BE35,BEECH 35 Starfire Bonanza,L1P,L
A52E18,N43283,TAYB,TAYLORCRAFT BC/BF/BL,L1P,L
A53518,N4345Y,,,,
A53C18,N4362T,PA32,PIPER PA-32,L1P,L
A53D18,N43694,TAYB,TAYLORCRAFT BC/BF/BL,L1P,L
A54018,N4374W,SNS7,SORRELL Hiperbipe,L1P,L
A54418,N4386Z,PA18,PIPER PA-18 Super Cub,L1P,L
A54618,N439RV,RV8,VANS RV-8,L1P,L
A54718,N4391R,C172,CESSNA 172 Skyhawk,L1P,L
A54C18,N440RD,H25A,HAWKER SIDDELEY HS-125,L2J,M
A55118,N4413C,C190,CESSNA 190,L1P,L
A55218,N442AN,A21N,AIRBUS A-321neo,L2J,M
A55618,N443DL,ULAC,,L0-,-
A55C18,N4442A,PA22,PIPER PA-22,L1P,L
A55D18,N4449M,PA12,PIPER PA-12 Super Cruiser,L1P,L
A56618,N447RC,R44,ROBINSON R-44 Raven,H1P,L
A56A18,N448UA,A320,AIRBUS A-320,L2J,M
A56C18,N449AM,BE9L,BEECH 90 King Air,L2T,L
A57118,N45PR,BE65,BEECH 65 Queen Air,L2P,L
A57318,N450LB,BALL,,B0-,-
A57718,N451P,PARA,,P0-,-
A57918,N45162,AA5,AMERICAN AA-5 Tiger,L1P,L
A57C18,N4521U,C150,CESSNA 150,L1P,L
A57D18,N45285,C150,CESSNA 150,L1P,L
A58018,N4533X,P28A,PIPER PA-28-140/150/160/180,L1P,L
A58518,N455EE,C25B,CESSNA 525B Citation CJ3,L2J,L
A58818,N45573,,,,
A58918,N456HC,C25B,CESSNA 525B Citation CJ3,L2J,L
A59018,N458CT,B36T,BEECH 36 Turbine Bonanza,L1T,L
A59618,N4591T,P28B,PIPER PA-28-201T/235/236,L1P,L
A59718,N45984,L8,LUSCOMBE 8,L1P,L
A59818,N46JP,QIC2,QUICKIE Q2,L1P,L
A59A18,N460F,,,,
A59C18,N4601B,C180,CESSNA  180 Skywagon,L1P,L
A59D18,N4608N,RELI,STINSON Reliant,L1P,L
A5A018,N4613E,AR11,AERONCA 11 Chief,L1P,L
A5A718,N4630,G164,GRUMMAN G-164 Ag-Cat,L1P,L
A5B018,N466CA,C402,CESSNA 402 Businessliner,L2P,L
A5B318,N4666J,P28R,PIPER PA-28R-180/200/201,L1P,L
A5B718,N4678M,PA11,PIPER PA-11 Cub Special,L1P,L
A5BA18,N4683D,BE35,BEECH 35 Starfire Bonanza,L1P,L
A5BF18,N47DM,P47,REPUBLIC F-47 Thunderbolt,L1P,M
A5C018,N47PT,RV7,VANS RV-7,L1P,L
A5C118,N47ZZ,SR20,CIRRUS SR-20,L1P,L
A5C618,N471PB,PA15,PIPER PA-15 Vagabond,L1P,L
A5CC18,N47287,AR6T,AERONCA 65 Tandem,L1P,L
A5D318,N47452,P28A,PIPER PA-28-140/150/160/180,L1P,L
A5D618,N4750U,C180,CESSNA  180 Skywagon,L1P,L
A5D718,N47575,GLID,,L0-,-
A5DA18,N4762X,C150,CESSNA 150,L1P,L
A5DB18,N47698,PA31,PIPER PA-31-300/310/325/350/425,L2P,L
A5DC18,N477LC,C550,CESSNA 550 Citation S2,L2J,L
A5DE18,N47740,P28R,PIPER PA-28R-180/200/201,L1P,L
A5E018,N478PA,C650,CESSNA 650 Citation,L2J,M
A5E518,N4791V,C72R,CESSNA 172R Cutlass RG,L1P,L
A5E618,N47986,FA62,FAIRCHILD M-26 Cornell,L1P,L
A5E718,N48JR,NAVI,NORTH AMERICAN Navion,L1P,L
A5ED18,N481J,C210,CESSNA 201 Centurion,L1P,L
A5EF18,N4813G,C172,CESSNA 172 Skyhawk,L1P,L
A5F018,N482AS,P28A,PIPER PA-28-140/150/160/180,L1P,L
A5F318,N4825K,NAVI,NORTH AMERICAN Navion,L1P,L
A5F618,N4830B,C152,CESSNA 152,L1P,L
A5F718,N4837N,C182,CESSNA 182 Skylane,L1P,L
A5FE18,N4854H,PA17,PIPER PA-17 Vagabond Trainer,L1P,L
A5FF18,N486CC,C25A,CESSNA 525A Citation CJ2,L2J,L
A60518,N4871C,P28A,PIPER PA-28-140/150/160/180,L1P,L
A60618,N4878P,ULAC,,L0-,-
A60918,N4883F,T206,CESSNA T206 Turbo Stationair,L1P,L
A60E18,N49DP,PA18,PIPER PA-18 Super Cub,L1P,L
A61018,N490A,ULAC,,L0-,-
A61218,N490WM,B06,BELL 206 JetRanger,H1T,L
A61318,N49043,C152,CESSNA 152,L1P,L
A61518,N491PD,BE23,BEECH 23 Sundowner,L1P,L
A61E18,N49331,PTS1,PITTS S-1 Special,L1P,L
A62A18,N497,O1,CESSNA 305/341 Bird Dog,L1P,L
A63518,N49988,C152,CESSNA 152,L1P,L
A63618,N5JT,P337,CESSNA P337 Skymaster,L2P,L
A63718,N5UZ,PA44,PIPER PA-44 Seminole,L2P,L
A63918,N50RK,YK50,YAKOVLEV Yak-50,L1P,L
A63A18,N500BQ,BT36,BEECH B36TC Bonanza,L1P,L
A63B18,N500MW,PC12,PILATUS PC-12,L1T,L
A63D18,N50058,ST75,STEARMAN Kaydet,L1P,L
A64118,N5018A,C172,CESSNA 172 Skyhawk,L1P,L
A64818,N50346,C150,CESSNA 150,L1P,L
A64A18,N504PG,SR22,CIRRUS SR-22,L1P,L
A64C18,N50469,ULAC,,L0-,-
A64F18,N50511,,,,
A65018,N5059B,BE35,BEECH 35 Starfire Bonanza,L1P,L
A65418,N507BP,BE20,BEECH 200 Super King Air,L2T,M
A65A18,N5080Z,PA22,PIPER PA-22,L1P,L
A65F18,N51AB,P51,NORTH AMERICAN P-51 Mustang,L1P,L
A66018,N51LH,BL17,BELLANCA 17 Viking,L1P,L
A66118,N51WP,BE36,BEECH 36 Bonanza,L1P,L
A66318,N510T,SS2T,TRUSH Turbo Thrush 500/550,L1T,L
A66418,N5102L,B47G,BELL 47G,H1P,L
A66518,N5109X,CH7A,BELLANCA 7 Champion,L1P,L
A66618,N511KS,E55P,EMBRAER EMB-505 Phenom 300,L2J,M
A66818,N5114P,PA24,PIPER PA-24 Comanche,L1P,L
A66918,N512CJ,CJ6,NANCHANG CJ-6,L1P,L
A66C18,N5126S,P28A,PIPER PA-28-140/150/160/180,L1P,L
A67018,N5138V,C172,CESSNA 172 Skyhawk,L1P,L
A67A18,N5160G,DHC2,DE HAVILLAND DHC-2 Beaver,L1P,L
A68418,N519NP,VTRA,RANS Venterra,L1P,L
A68618,N5196R,C182,CESSNA 182 Skylane,L1P,L
A68718,N52FF,C152,CESSNA 152,L1P,L
A68818,N52RM,M20P,MOONEY M-20,L1P,L
A68918,N520BS,RV8,VANS RV-8,L1P,L
A68F18,N52102,C180,CESSNA  180 Skywagon,L1P,L
A69018,N5218C,BE35,BEECH 35 Starfire Bonanza,L1P,L
A69318,N52225,C182,CESSNA 182 Skylane,L1P,L
A69418,N523AE,CRJ7,BOMBARDIER Regional Jet CRJ-700,L2J,M
A69618,N523WS,,,,
A69818,N524DC,RV8,VANS RV-8,L1P,L
A69918,N524PJ,J3,PIPER J-3 Cub,L1P,L
A69C18,N525GA,BE60,BEECH 60 Duke,L2P,L
A69D18,N525SG,MR35,MURPHY SR-3500 Super Rebel,L1P,L
A6A218,N52636,C77R,CESSNA 177RG Cardinal RG,L1P,L
A6A918,N52801,BALL,,B0-,-
A6AC18,N529TT,C182,CESSNA 182 Skylane,L1P,L
A6AF18,N53LK,DISC,SCHEMPP-HIRTH Discus,L1P,L
A6B218,N530TB,G3,REMOS Mirage,L1P,L
A6B318,N5302N,C182,CESSNA 182 Skylane,L1P,L
A6B418,N5309Z,PA22,PIPER PA-22,L1P,L
A6B718,N5314R,C72R,CESSNA 172R Cutlass RG,L1P,L
A6BB18,N5326U,P28R,PIPER PA-28R-180/200/201,L1P,L
A6BE18,N5331L,P28A,PIPER PA-28-140/150/160/180,L1P,L
A6C318,N535AZ,M26,PZL-MIELEC M-26 Iskierka,L1P,L
A6C618,N5355S,P46T,PIPER PA-46-500TP,L1T,L
A6C918,N5360J,C172,CESSNA 172 Skyhawk,L1P,L
A6CE18,N5379Y,PA18,PIPER PA-18 Super Cub,L1P,L
A6D518,N5396T,C172,CESSNA 172 Skyhawk,L1P,L
A6D618,N54FH,HAHU,SINDLINGER HH-1 Hawker Hurricane,L1P,L
A6DF18,N5418E,C185,CESSNA 185 Skywagon,L1P,L
A6E118,N542TW,CRER,RANS Courier,L1P,L
A6E618,N5435,J3,PIPER J-3 Cub,L1P,L
A6EA18,N5447C,S76,SIKORSKY S-76 Spirit,H2T,L
A6EB18,N545GC,C208,CESSNA 208 Caravan,L1T,L
A6EE18,N5459F,,,,
A6F818,N54803,C172,CESSNA 172 Skyhawk,L1P,L
A6F918,N5488D,C172,CESSNA 172 Skyhawk,L1P,L
A6FD18,N55AF,PA32,PIPER PA-32,L1P,L
A6FE18,N55LM,P28R,PIPER PA-28R-180/200/201,L1P,L
A70218,N5502Q,M20P,MOONEY M-20,L1P,L
A70318,N55091,J3,PIPER J-3 Cub,L1P,L
A70718,N552CN,C560,CESSNA 560 Citation Ultra,L2J,M
A70818,N552NU,,,,
A70B18,N553FL,P28A,PIPER PA-28-140/150/160/180,L1P,L
A70C18,N553RS,,,,
A70E18,N5538Z,PA22,PIPER PA-22,L1P,L
A71318,N555MG,BE36,BEECH 36 Bonanza,L1P,L
A71918,N5567X,SS2P,ROCKWELL Thrush Commander,L1P,L
A71D18,N55790,P28A,PIPER PA-28-140/150/160/180,L1P,L
A72418,N5596V,ULAC,,L0-,-
A72D18,N56106,FA62,FAIRCHILD M-26 Cornell,L1P,L
A73418,N563WW,RV8,VANS RV-8,L1P,L
A73C18,N56517,M6,MAULE M-6,L1P,L
A73D18,N5659H,M7,MAULE M-7,L1P,L
A74218,N567NA,AS50,AEROSPATIALE AS-350 Ecureuil,H1T,L
A74418,N5676C,C140,CESSNA 140,L1P,L
A74B18,N56928,M20P,MOONEY M-20,L1P,L
A74C18,N57AH,HUSK,CHRISTEN Husky,L1P,L
A74F18,N570H,R44,ROBINSON R-44 Raven,H1P,L
A75118,N5702S,GLID,,L0-,-
A75C18,N5731Q,M20P,MOONEY M-20,L1P,L
A75D18,N57381,ST75,STEARMAN Kaydet,L1P,L
A76018,N5743T,C172,CESSNA 172 Skyhawk,L1P,L
A76118,N575BC,PA31,PIPER PA-31-300/310/325/350/425,L2P,L
A76418,N5755W,P28A,PIPER PA-28-140/150/160/180,L1P,L
A76518,N576EA,EA50,ECLIPSE 550,L2J,L
A76818,N5767Z,M20P,MOONEY M-20,L1P,L
A76B18,N5772R,M20P,MOONEY M-20,L1P,L
A76C18,N57792,PA18,PIPER PA-18 Super Cub,L1P,L
A76F18,N5784U,P28A,PIPER PA-28-140/150/160/180,L1P,L
A77018,N579CP,C82T,CESSNA TR182 Turbo Skylane RG,L1P,L
A77518,N58RT,SREY,PROGRESSIVE AERODYNE SeaRey,A1P,L
A77718,N580ND,PA44,PIPER PA-44 Seminole,L2P,L
A77918,N5806F,C210,CESSNA 201 Centurion,L1P,L
A77C18,N58108,FA62,FAIRCHILD M-26 Cornell,L1P,L
A78018,N5823A,PA44,PIPER PA-44 Seminole,L2P,L
A78918,N585GG,R44,ROBINSON R-44 Raven,H1P,L
A78F18,N5864B,C182,CESSNA 182 Skylane,L1P,L
A79318,N5876E,C150,CESSNA 150,L1P,L
A79618,N58807,C182,CESSNA 182 Skylane,L1P,L
A79718,N5888H,PA16,PIPER PA-16 Clipper,L1P,L
A79B18,N59AK,C185,CESSNA 185 Skywagon,L1P,L
A79C18,N59LR,RV7,VANS RV-7,L1P,L
A7A418,N5914X,BRB2,BRANTLY B-2,H1P,L
A7A818,N59260,ST75,STEARMAN Kaydet,L1P,L
A7AB18,N5931S,BE35,BEECH 35 Starfire Bonanza,L1P,L
A7AC18,N59383,B06,BELL 206 JetRanger,H1T,L
A7B018,N595BE,,,,
A7B618,N5960Q,M20P,MOONEY M-20,L1P,L
A7BC18,N598KZ,GLF5,GULFSTREAM 5,L2J,M
A7BE18,N5984W,P28A,PIPER PA-28-140/150/160/180,L1P,L
A7C518,N60C,BE65,BEECH 65 Queen Air,L2P,L
A7C618,N60NF,E55P,EMBRAER EMB-505 Phenom 300,L2J,M
A7C818,N600JS,G164,GRUMMAN G-164 Ag-Cat,L1P,L
A7CA18,N6003Z,BE23,BEECH 23 Sundowner,L1P,L
A7CB18,N601BJ,C25C,CESSNA 525C Citation CJ4,L2J,M
A7CE18,N60152,COY2,RANS Coyote 2,L1P,L
A7D218,N60275,PARA,,P0-,-
A7D518,N6032X,BE58,BEECH 58 Baron,L2P,L
A7D618,N60398,C82T,CESSNA TR182 Turbo Skylane RG,L1P,L
A7D918,N60440,L5,STINSON Sentinel,L1P,L
A7DB18,N605PA,CL60,BOMBARDIER CL-600 Challenger,L2J,M
A7E118,N60686,ST75,STEARMAN Kaydet,L1P,L
A7E318,N607UX,E75L,EMBRAER ERJ-170-200 (long wing),L2J,M
A7EE18,N61TK,SSTL,JUST JA30 SuperSTOL,L1P,L
A7F018,N610PW,EA50,ECLIPSE 550,L2J,L
A7F118,N6100B,C210,CESSNA 201 Centurion,L1P,L
A7F218,N6107N,BE23,BEECH 23 Sundowner,L1P,L
A7F418,N611SU,ULAC,,L0-,-
A7F518,N6112E,C172,CESSNA 172 Skyhawk,L1P,L
A7F618,N6119R,FB1A,BOWERS Fly Baby 1A,L1P,L
A7FD18,N6136L,,,,
A7FE18,N614FA,C172,CESSNA 172 Skyhawk,L1P,L
A7FF18,N614RG,RV4,VANS RV-4,L1P,L
A80018,N6141C,C310,CESSNA 310,L2P,L
A80418,N6153F,R22,ROBINSON R-22 Mariner,H1P,L
A80518,N616AR,P32T,PIPER PA-32RT-300/300T,L1P,L
A80818,N6165J,GLID,,L0-,-
A80918,N617DP,CH75,ZENAIR CH-750 Cruzer,L1P,L
A80C18,N6177M,S108,STINSON 108 Voyager,L1P,L
A80E18,N618ST,P46T,PIPER PA-46-500TP,L1T,L
A80F18,N6182D,PA18,PIPER PA-18 Super Cub,L1P,L
A81018,N6189Q,C172,CESSNA 172 Skyhawk,L1P,L
A81418,N62CB,MA5,MARQUART MA-5 Charger,L1P,L
A81B18,N621MS,PTS1,PITTS S-1 Special,L1P,L
A82018,N6220W,P28A,PIPER PA-28-140/150/160/180,L1P,L
A82518,N624,PIVI,PIPSTREL Virus,L1P,L
A82A18,N625PC,PC9,PILATUS PC-9 Hudournik,L1T,L
A82F18,N6261X,C82S,CESSNA T182 Turbo Skylane,L1P,L
A83018,N62688,PA23,PIPER PA-23,L2P,L
A83518,N628MR,C425,CESSNA 425 Corsair,L2T,L
A83718,N62853,C150,CESSNA 150,L1P,L
A83818,N629EH,G164,GRUMMAN G-164 Ag-Cat,L1P,L
A83A18,N6290V,C72R,CESSNA 172R Cutlass RG,L1P,L
A83B18,N62976,CH7A,BELLANCA 7 Champion,L1P,L
A83D18,N63TM,C680,CESSNA 680 Citation Sovereign,L2J,M
A84118,N6307Q,BALL,,B0-,-
A84418,N6312G,C150,CESSNA 150,L1P,L
A84518,N6319T,C82R,CESSNA R182 Skylane RG,L1P,L
A84818,N6324K,C150,CESSNA 150,L1P,L
A85318,N6353H,J3,PIPER J-3 Cub,L1P,L
A85418,N636AT,DA40,DIAMOND DA-40 Club Star,L1P,L
A86118,N639VT,DRON,,D0-,-
A86218,N6394J,P28A,PIPER PA-28-140/150/160/180,L1P,L
A86318,N64CD,SR20,CIRRUS SR-20,L1P,L
A86B18,N641Y,CRUZ,CSA PS-28 Cruiser,L1P,L
A86E18,N642QS,C56X,CESSNA 560XL Citation XLS,L2J,M
A87918,N645PE,PC12,PILATUS PC-12,L1T,L
A87D18,N646SC,PA31,PIPER PA-31-300/310/325/350/425,L2P,L
A87E18,N6461Z,T206,CESSNA T206 Turbo Stationair,L1P,L
A88218,N64732,H269,HUGHES Sky Knight,H1P,L
A88918,N6490X,C180,CESSNA  180 Skywagon,L1P,L
A88B18,N65HH,SBR1,NORTH AMERICAN Sabre 40/50/60/65,L2J,M
A88C18,N65TP,CL30,BOMBARDIER BD-100 Challenger 300,L2J,M
A88E18,N650Q,BE35,BEECH 35 Starfire Bonanza,L1P,L
A88F18,N6500F,C150,CESSNA 150,L1P,L
A89318,N6512J,P28A,PIPER PA-28-140/150/160/180,L1P,L
A89718,N6524M,S108,STINSON 108 Voyager,L1P,L
A89C18,N654FE,A306,AIRBUS A-300-600,L2J,H
A8A218,N6553K,C172,CESSNA 172 Skyhawk,L1P,L
A8A418,N656MA,C72R,CESSNA 172R Cutlass RG,L1P,L
A8A618,N6565N,B14A,BELLANCA 14,L1P,L
A8AA18,N6577R,C72R,CESSNA 172R Cutlass RG,L1P,L
A8AB18,N658GR,C25C,CESSNA 525C Citation CJ4,L2J,M
A8AD18,N6582H,J3,PIPER J-3 Cub,L1P,L
A8B218,N66CF,RV6,VANS RV-6,L1P,L
A8B318,N66NM,DRON,,D0-,-
A8B418,N66YT,C525,CESSNA 525 CitationJet,L2J,L
A8BB18,N66158,C150,CESSNA 150,L1P,L
A8BF18,N6628A,C172,CESSNA 172 Skyhawk,L1P,L
A8C218,N66323,CH7A,BELLANCA 7 Champion,L1P,L
A8CA18,N66569,DRON,,D0-,-
A8CD18,N66611,C150,CESSNA 150,L1P,L
A8CE18,N6669B,C210,CESSNA 201 Centurion,L1P,L
A8D518,N66857,BE33,BEECH 33 Bonanza,L1P,L
A8DB18,N67TR,TOOT,MEYER Little Toot,L1P,L
A8DE18,N6700H,C172,CESSNA 172 Skyhawk,L1P,L
A8E118,N671T,,,,
A8E218,N6712L,B407,BELL 407,H1T,L
A8E318,N6719X,BE77,BEECH 77 Skipper,L1P,L
A8EA18,N6736S,BE36,BEECH 36 Bonanza,L1P,L
A8EE18,N6748V,B58T,BEECH 58TC Baron,L2P,L
A8F918,N6777T,C177,CESSNA  177 Cardinal,L1P,L
A8FC18,N6782K,G164,GRUMMAN G-164 Ag-Cat,L1P,L
A8FD18,N6789W,CH7A,BELLANCA 7 Champion,L1P,L
A90018,N6794N,M20P,MOONEY M-20,L1P,L
A90118,N68CH,C525,CESSNA 525 CitationJet,L2J,L
A90418,N680K,PA23,PIPER PA-23,L2P,L
A91218,N684AE,B06,BELL 206 JetRanger,H1T,L
A91618,N685DC,FA7X,DASSAULT Falcon 7X,L3J,M
A92018,N68736,C152,CESSNA 152,L1P,L
A92918,N69HM,ONEX,SONEX Onex,L1P,L
A92E18,N6907W,RV7,VANS RV-7,L1P,L
A93218,N6919Z,PA25,PIPER PA-25 Pawnee,L1P,L
A93418,N692W,BE9L,BEECH 90 King Air,L2T,L
A93518,N6924R,T210,CESSNA T210 Turbo Centurion,L1P,L
A94018,N6953P,PA24,PIPER PA-24 Comanche,L1P,L
A94218,N696ME,AEST,AEROSTAR 600,L2P,L
A94A18,N698TA,,,,
A94B18,N6982M,S108,STINSON 108 Voyager,L1P,L
A94F18,N6994Q,BE23,BEECH 23 Sundowner,L1P,L
A95018,N7CK,GLID,,L0-,-
A95118,N7NR,COL4,CESSNA 400 Corvalis TT,L1P,L
A95218,N7YX,C182,CESSNA 182 Skylane,L1P,L
A95418,N70VH,C182,CESSNA 182 Skylane,L1P,L
A95618,N700RU,TBM7,SOCATA TBM-700A/B/C,L1T,L
A95818,N70081,G2T1,GREAT LAKES 2T-1,L1P,L
A95918,N701JL,BALL,,B0-,-
A95B18,N7013T,C172,CESSNA 172 Skyhawk,L1P,L
A95F18,N7025W,P28A,PIPER PA-28-140/150/160/180,L1P,L
A96018,N703EA,P28A,PIPER PA-28-140/150/160/180,L1P,L
A96418,N704GZ,DRON,,D0-,-
A96518,N704TE,S22T,CIRRUS SR-22T Turbo,L1P,L
A96718,N70492,J3,PIPER J-3 Cub,L1P,L
A96B18,N706CP,C82T,CESSNA TR182 Turbo Skylane RG,L1P,L
A96E18,N7066X,BE65,BEECH 65 Queen Air,L2P,L
A97018,N707RT,CH7B,BELLANCA 7 Citabria,L1P,L
A97118,N7071P,PA24,PIPER PA-24 Comanche,L1P,L
A97218,N70780,J3,PIPER J-3 Cub,L1P,L
A97D18,N710LS,EVSS,EVEKTOR SportStar,L1P,L
A97F18,N7105D,BALL,,B0-,-
A98018,N711DJ,BE35,BEECH 35 Starfire Bonanza,L1P,L
A98318,N7117G,C172,CESSNA 172 Skyhawk,L1P,L
A98618,N71219,L8,LUSCOMBE 8,L1P,L
A99018,N715RA,,,,
A99118,N71507,L8,LUSCOMBE 8,L1P,L
A99218,N7158H,J3,PIPER J-3 Cub,L1P,L
A99318,N716HT,S64,SIKORSKY S-64 Skycrane,H2T,M
A99718,N717LR,C421,CESSNA 421 Executive Commuter,L2P,L
A99918,N7175C,BALL,,B0-,-
A99D18,N7187F,C150,CESSNA 150,L1P,L
A99E18,N719GF,EC45,AIRBUS HELICOPTERS EC-145,H2T,L
A9A018,N71918,L8,LUSCOMBE 8,L1P,L
A9A618,N7201S,B37M,BOEING 737 MAX 7,L2J,M
A9AE18,N7225Y,PA30,PIPER PA-30 Twin Comanche,L2P,L
A9B118,N7230Q,C172,CESSNA 172 Skyhawk,L1P,L
A9B218,N72371,C140,CESSNA 140,L1P,L
A9B318,N724HA,P46T,PIPER PA-46-500TP,L1T,L
A9B418,N724TG,,,,
A9B518,N7242T,C172,CESSNA 172 Skyhawk,L1P,L
A9B918,N7254W,P28A,PIPER PA-28-140/150/160/180,L1P,L
A9BD18,N7266Z,C206,CESSNA  206 Stationair,L1P,L
A9C018,N7271R,BE58,BEECH 58 Baron,L2P,L
A9C118,N72782,C140,CESSNA 140,L1P,L
A9CB18,N730AN,B77W,BOEING 777-300ER,L2J,H
A9CD18,N730X,P28R,PIPER PA-28R-180/200/201,L1P,L
A9CE18,N7305F,P28A,PIPER PA-28-140/150/160/180,L1P,L
A9D218,N7317J,P28A,PIPER PA-28-140/150/160/180,L1P,L
A9D518,N7322A,C150,CESSNA 150,L1P,L
A9D718,N733KG,C172,CESSNA 172 Skyhawk,L1P,L
A9DA18,N734BZ,C172,CESSNA 172 Skyhawk,L1P,L
A9DB18,N734NE,C172,CESSNA 172 Skyhawk,L1P,L
A9DC18,N734YL,C172,CESSNA 172 Skyhawk,L1P,L
A9DD18,N7346G,C172,CESSNA 172 Skyhawk,L1P,L
A9DF18,N735RC,PA46,PIPER PA-46-310/350,L1P,L
A9E018,N73509,C172,CESSNA 172 Skyhawk,L1P,L
A9E318,N736UA,C172,CESSNA 172 Skyhawk,L1P,L
A9E418,N7363B,BE35,BEECH 35 Starfire Bonanza,L1P,L
A9E518,N737AM,C172,CESSNA 172 Skyhawk,L1P,L
A9E618,N737LT,C82R,CESSNA R182 Skylane RG,L1P,L
A9E918,N738DK,C172,CESSNA 172 Skyhawk,L1P,L
A9EA18,N738PR,C82R,CESSNA R182 Skylane RG,L1P,L
A9ED18,N739GH,C172,CESSNA 172 Skyhawk,L1P,L
A9F518,N7401U,BALL,,B0-,-
A9F818,N741UW,A319,AIRBUS A-319,L2J,M
AA0618,N745LA,AT8T,AIR TRACTOR AT-802,L1T,M
AA0818,N7454Y,PA30,PIPER PA-30 Twin Comanche,L2P,L
AA0E18,N747RX,C750,CESSNA 750 Citation 10,L2J,M
AA0F18,N7471T,C172,CESSNA 172 Skyhawk,L1P,L
AA1018,N74784,R44,ROBINSON R-44 Raven,H1P,L
AA1318,N7483W,P28A,PIPER PA-28-140/150/160/180,L1P,L
AA1B18,N750LW,CH75,ZENAIR CH-750 Cruzer,L1P,L
AA1D18,N7505H,BALL,,B0-,-
AA2118,N7517L,BALL,,B0-,-
AA2318,N752SS,DRON,,D0-,-
AA2418,N7522C,ERCO,AIR PRODUCTS F-1 Aircoupe,L1P,L
AA2518,N7529P,R22,ROBINSON R-22 Mariner,H1P,L
AA2918,N754CA,BE20,BEECH 200 Super King Air,L2T,M
AA2F18,N7551A,PARA,,P0-,-
AA3018,N7558M,C175,CESSNA 175 Skylark,L1P,L
AA3218,N756UC,C182,CESSNA 182 Skylane,L1P,L
AA3418,N757AP,BE24,BEECH 24 Sierra,L1P,L
AA3518,N757LV,B737,BOEING 737-700,L2J,M
AA3718,N7575G,C172,CESSNA 172 Skyhawk,L1P,L
AA3E18,N7592B,CH7A,BELLANCA 7 Champion,L1P,L
AA3F18,N7599N,T210,CESSNA T210 Turbo Centurion,L1P,L
AA4318,N760S,,,,
AA4418,N7601W,P28A,PIPER PA-28-140/150/160/180,L1P,L
AA4518,N76087,COY2,RANS Coyote 2,L1P,L
AA4618,N761JS,C560,CESSNA 560 Citation Ultra,L2J,M
AA5318,N7642X,C172,CESSNA 172 Skyhawk,L1P,L
AA5418,N76498,BE36,BEECH 36 Bonanza,L1P,L
AA5718,N76540,RV8,VANS RV-8,L1P,L
AA5C18,N767FT,AA5,AMERICAN AA-5 Tiger,L1P,L
AA5F18,N76786,C120,CESSNA 120,L1P,L
AA6618,N76951,C140,CESSNA 140,L1P,L
AA6918,N770AS,M7,MAULE M-7,L1P,L
AA6E18,N771PW,CH75,ZENAIR CH-750 Cruzer,L1P,L
AA7018,N7717N,P28A,PIPER PA-28-140/150/160/180,L1P,L
AA7718,N7734H,B737,BOEING 737-700,L2J,M
AA7818,N774CC,BE40,BEECH 400 Beechjet,L2J,M
AA7D18,N775RG,M5,MAULE M-5,L1P,L
AA7F18,N7758P,PA24,PIPER PA-24 Comanche,L1P,L
AA8218,N7763F,C150,CESSNA 150,L1P,L
AA8318,N777AR,GLID,,L0-,-
AA8418,N777LX,C56X,CESSNA 560XL Citation XLS,L2J,M
AA8518,N777XC,FOX,KITFOX,L1P,L
AA8918,N7780A,C180,CESSNA  180 Skywagon,L1P,L
AA8A18,N7787M,M20P,MOONEY M-20,L1P,L
AA8C18,N779ST,ULAC,,L0-,-
AA8D18,N7792D,PA18,PIPER PA-18 Super Cub,L1P,L
AA8F18,N78KK,BE35,BEECH 35 Starfire Bonanza,L1P,L
AA9318,N7801Y,BE95,BEECH 95 Travel Air,L2P,L
AA9718,N78131,GC1,GLOBE Swift,L1P,L
AA9B18,N78254,C172,CESSNA 172 Skyhawk,L1P,L
AA9E18,N7830W,P28A,PIPER PA-28-140/150/160/180,L1P,L
AAA318,N785,VEZE,RUTAN VariEze,L1P,L
AAA518,N785WL,DRON,,D0-,-
AAA618,N78542,C172,CESSNA 172 Skyhawk,L1P,L
AAA818,N786PC,SR22,CIRRUS SR-22,L1P,L
AAAC18,N787SA,B737,BOEING 737-700,L2J,M
AAB118,N78830,C172,CESSNA 172 Skyhawk,L1P,L
AAB518,N78953,M20P,MOONEY M-20,L1P,L
AABB18,N7905M,BE95,BEECH 95 Travel Air,L2P,L
AABC18,N791DS,PA38,PIPER PA-38 Tomahawk,L1P,L
AAC118,N792SW,B737,BOEING 737-700,L2J,M
AAC318,N7929T,C175,CESSNA 175 Skylark,L1P,L
AACA18,N7946N,P28A,PIPER PA-28-140/150/160/180,L1P,L
AACE18,N7958R,BE55,BEECH 55 Baron,L2P,L
AADE18,N8KM,T210,CESSNA T210 Turbo Centurion,L1P,L
AADF18,N8VT,DA40,DIAMOND DA-40 Club Star,L1P,L
AAE118,N80SD,CH7A,BELLANCA 7 Champion,L1P,L
AAE218,N800CJ,H25B,HAWKER BEECHCRAFT Hawker 750/850,L2J,M
AAE518,N8006S,C150,CESSNA 150,L1P,L
AAE918,N8018V,C188,CESSNA 188 AgTruck,L1P,L
AAEC18,N8023M,AR11,AERONCA 11 Chief,L1P,L
AAF818,N8059W,ULAC,,L0-,-
AAF918,N806KR,B06,BELL 206 JetRanger,H1T,L
AAFB18,N8064N,BE36,BEECH 36 Bonanza,L1P,L
AB0118,N808RM,,,,
AB0218,N8081H,RV4,VANS RV-4,L1P,L
AB0318,N8088U,PARA,,P0-,-
AB0618,N8093L,C172,CESSNA 172 Skyhawk,L1P,L
AB0718,N81AW,PA34,PIPER PA-34 Seneca,L2P,L
AB0818,N81MB,PA11,PIPER PA-11 Cub Special,L1P,L
AB0C18,N81025,B350,BEECHCRAFT Super King Air 350,L2T,M
AB0E18,N811LL,C182,CESSNA 182 Skylane,L1P,L
AB1018,N81148,FNKB,FUNK B,L1P,L
AB1218,N812PJ,C25A,CESSNA 525A Citation CJ2,L2J,L
AB1418,N8127A,SR22,CIRRUS SR-22,L1P,L
AB1518,N813GA,BE95,BEECH 95 Travel Air,L2P,L
AB1718,N81313,FA24,FAIRCHILD F-24 Argus,L1P,L
AB1818,N8139D,SR20,CIRRUS SR-20,L1P,L
AB1B18,N81436,P32R,PIPER PA-32R-300/301/301T,L1P,L
AB2018,N816EP,C172,CESSNA 172 Skyhawk,L1P,L
AB2318,N8168B,C172,CESSNA 172 Skyhawk,L1P,L
AB2618,N81724,CH7A,BELLANCA 7 Champion,L1P,L
AB3318,N820YY,,,,
AB3418,N8206U,C172,CESSNA 172 Skyhawk,L1P,L
AB3518,N821FJ,P28A,PIPER PA-28-140/150/160/180,L1P,L
AB3718,N8211L,C172,CESSNA 172 Skyhawk,L1P,L
AB3F18,N8235S,P28A,PIPER PA-28-140/150/160/180,L1P,L
AB4018,N824DX,P28A,PIPER PA-28-140/150/160/180,L1P,L
AB4318,N8247V,P28B,PIPER PA-28-201T/235/236,L1P,L
AB4618,N8252M,C210,CESSNA 201 Centurion,L1P,L
AB4718,N8259Y,PA30,PIPER PA-30 Twin Comanche,L2P,L
AB4A18,N8264Q,T206,CESSNA T206 Turbo Stationair,L1P,L
AB4E18,N8276T,C175,CESSNA 175 Skylark,L1P,L
AB5518,N8293N,P28A,PIPER PA-28-140/150/160/180,L1P,L
AB5718,N83MD,H25B,HAWKER BEECHCRAFT Hawker 750/850,L2J,M
AB5F18,N8315,RV10,VANS RV-10,L1P,L
AB6418,N833GC,EC30,AIRBUS HELICOPTERS EC-130,H1T,L
AB6E18,N8356A,C170,CESSNA 170,L1P,L
AB7118,N83603,CH7A,BELLANCA 7 Champion,L1P,L
AB7618,N838AF,SW4,SWEARINGEN Metro,L2T,M
AB7818,N838WT,RV7,VANS RV-7,L1P,L
AB7918,N83849,CH7A,BELLANCA 7 Champion,L1P,L
AB7D18,N8397B,C172,CESSNA 172 Skyhawk,L1P,L
AB7E18,N84GB,VEZE,RUTAN VariEze,L1P,L
AB8318,N8406W,P28A,PIPER PA-28-140/150/160/180,L1P,L
AB8418,N841FL,CRJ2,BOMBARDIER Regional Jet CRJ-200,L2J,M
AB8518,N841RS,DO28,DORNIER Do-28B,L2P,L
AB8E18,N8435U,P28A,PIPER PA-28-140/150/160/180,L1P,L
AB9118,N8440L,C172,CESSNA 172 Skyhawk,L1P,L
AB9218,N8447X,C172,CESSNA 172 Skyhawk,L1P,L
AB9518,N8452P,PA24,PIPER PA-24 Comanche,L1P,L
AB9918,N8464S,C182,CESSNA 182 Skylane,L1P,L
AB9F18,N848RR,PA11,PIPER PA-11 Cub Special,L1P,L
ABA118,N8488Y,PA30,PIPER PA-30 Twin Comanche,L2P,L
ABA318,N849UP,B350,BEECHCRAFT Super King Air 350,L2T,M
ABA518,N85B,C182,CESSNA 182 Skylane,L1P,L
ABAA18,N85029,CH7A,BELLANCA 7 Champion,L1P,L
ABB518,N85317,CH7A,BELLANCA 7 Champion,L1P,L
ABBD18,N8556C,,,,
ABC518,N858AH,A139,AGUSTA AW-139,H2T,L
ABC618,N858LP,BE58,BEECH 58 Baron,L2P,L
ABC818,N8585A,BE35,BEECH 35 Starfire Bonanza,L1P,L
ABCC18,N8597D,PA18,PIPER PA-18 Super Cub,L1P,L
ABCE18,N86SK,T206,CESSNA T206 Turbo Stationair,L1P,L
ABD018,N860NW,A332,AIRBUS A-330-200,L2J,H
ABD518,N8611Q,BE35,BEECH 35 Starfire Bonanza,L1P,L
ABD618,N86181,AR11,AERONCA 11 Chief,L1P,L
ABD918,N8623T,EN28,ENSTROM F-28,H1P,L
ABDA18,N863BC,BL8,BELLANCA 8 Decathlon,L1P,L
ABDE18,N864EA,DRON,,D0-,-
ABE418,N8652R,BE36,BEECH 36 Bonanza,L1P,L
ABE518,N86592,CH7A,BELLANCA 7 Champion,L1P,L
ABE918,N867CP,C172,CESSNA 172 Skyhawk,L1P,L
ABEC18,N8676X,C180,CESSNA  180 Skywagon,L1P,L
ABEE18,N868RT,PA18,PIPER PA-18 Super Cub,L1P,L
ABF018,N86880,B14A,BELLANCA 14,L1P,L
ABF318,N8693S,C150,CESSNA 150,L1P,L
ABF418,N87BB,B505,BELL 505 JetRanger X,H1T,L
ABF518,N87MH,FOX,KITFOX,L1P,L
ABF618,N87XP,ULAC,,L0-,-
ABF818,N870U,BE58,BEECH 58 Baron,L2P,L
ABFB18,N871LS,AURA,SUNWARD Aurora S60/70,L1P,L
ABFD18,N8715D,PA22,PIPER PA-22,L1P,L
AC0118,N8727G,C150,CESSNA 150,L1P,L
AC0418,N87319,E75L,EMBRAER ERJ-170-200 (long wing),L2J,M
AC0818,N8744B,B38M,BOEING 737 MAX 8,L2J,M
AC0C18,N8756E,P28A,PIPER PA-28-140/150/160/180,L1P,L
AC0E18,N876RA,C56X,CESSNA 560XL Citation XLS,L2J,M
AC0F18,N87607,S108,STINSON 108 Voyager,L1P,L
AC1718,N8785C,PA18,PIPER PA-18 Super Cub,L1P,L
AC1818,N879DH,,,,
AC1B18,N8797F,DRON,,D0-,-
AC1C18,N88GF,DHC1,DE HAVILLAND DHC-1 Chipmunk,L1P,L
AC2118,N88060,J3,PIPER J-3 Cub,L1P,L
AC2318,N881RW,PA18,PIPER PA-18 Super Cub,L1P,L
AC2518,N88183,J3,PIPER J-3 Cub,L1P,L
AC2F18,N8840Q,B38M,BOEING 737 MAX 8,L2J,M
AC3D18,N888RV,RV7,VANS RV-7,L1P,L
AC3E18,N8881R,B14A,BELLANCA 14,L1P,L
AC4318,N89BD,,,,
AC4418,N89MK,EAGL,CHRISTEN Eagle,L1P,L
AC4718,N890UB,VEZE,RUTAN VariEze,L1P,L
AC4818,N8903C,P28A,PIPER PA-28-140/150/160/180,L1P,L
AC4D18,N892DL,P28A,PIPER PA-28-140/150/160/180,L1P,L
AC4E18,N892PS,M20T,MOONEY M-20T,L1P,L
AC5418,N8939M,BE95,BEECH 95 Travel Air,L2P,L
AC5718,N8944D,BE35,BEECH 35 Starfire Bonanza,L1P,L
AC5E18,N89609,C140,CESSNA 140,L1P,L
AC5F18,N8968K,S108,STINSON 108 Voyager,L1P,L
AC6118,N897UA,A319,AIRBUS A-319,L2J,M
AC6318,N898AM,HUSK,CHRISTEN Husky,L1P,L
AC6C18,N9SP,B430,BELL 430,H2T,L
AC6D18,N90CU,BE40,BEECH 400 Beechjet,L2J,M
AC7318,N901CC,PA18,PIPER PA-18 Super Cub,L1P,L
AC7718,N902FA,C172,CESSNA 172 Skyhawk,L1P,L
AC7A18,N9028P,PA24,PIPER PA-24 Comanche,L1P,L
AC7D18,N9033F,BE33,BEECH 33 Bonanza,L1P,L
AC7E18,N904AR,B744,BOEING 747-400,L4J,H
AC8018,N904XC,CH80,ZENAIR CH-801 Stol,L1P,L
AC8118,N9045J,P28A,PIPER PA-28-140/150/160/180,L1P,L
AC8418,N9050A,,,,
AC8518,N9057M,C182,CESSNA 182 Skylane,L1P,L
AC8618,N906GM,RV7,VANS RV-7,L1P,L
AC8718,N906ST,PC12,PILATUS PC-12,L1T,L
AC8818,N9062D,PA18,PIPER PA-18 Super Cub,L1P,L
AC8C18,N9074G,C182,CESSNA 182 Skylane,L1P,L
AC8D18,N908CB,SR20,CIRRUS SR-20,L1P,L
AC9018,N9086K,P28A,PIPER PA-28-140/150/160/180,L1P,L
AC9218,N909RF,C414,CESSNA 414 Chancellor,L2P,L
AC9518,N91HY,HUSK,CHRISTEN Husky,L1P,L
AC9718,N910EJ,BL17,BELLANCA 17 Viking,L1P,L
AC9918,N9100W,P28B,PIPER PA-28-201T/235/236,L1P,L
AC9A18,N91077,P28A,PIPER PA-28-140/150/160/180,L1P,L
AC9B18,N911HG,,,,
AC9C18,N911TN,B06,BELL 206 JetRanger,H1T,L
AC9D18,N9112Z,P28A,PIPER PA-28-140/150/160/180,L1P,L
AC9E18,N912,CASS,NATIONAL AERONAUTICS Cassutt 3M,L1P,L
ACA118,N91242,M20P,MOONEY M-20,L1P,L
ACA318,N913PC,H269,HUGHES Sky Knight,H1P,L
ACA518,N91365,M20P,MOONEY M-20,L1P,L
ACA718,N914SA,FOX,KITFOX,L1P,L
ACA818,N9141X,C182,CESSNA 182 Skylane,L1P,L
ACAA18,N915JT,C82S,CESSNA T182 Turbo Skylane,L1P,L
ACAC18,N91530,NAVI,NORTH AMERICAN Navion,L1P,L
ACAE18,N916MR,RV7,VANS RV-7,L1P,L
ACB318,N9170V,M20P,MOONEY M-20,L1P,L
ACB418,N91776,NAVI,NORTH AMERICAN Navion,L1P,L
ACB618,N918TM,Y18T,YAKOVLEV Yak-18T,L1P,L
ACBB18,N91941,C182,CESSNA 182 Skylane,L1P,L
ACC518,N9216N,H269,HUGHES Sky Knight,H1P,L
ACC718,N922RJ,EC30,AIRBUS HELICOPTERS EC-130,H1T,L
ACCD18,N924AT,B712,BOEING 717-200,L2J,M
ACD118,N925DR,E50P,EMBRAER EMB-500 Phenom 100,L2J,L
ACD318,N9250C,P28A,PIPER PA-28-140/150/160/180,L1P,L
ACD418,N9257P,PA18,PIPER PA-18 Super Cub,L1P,L
ACDB18,N9274J,P28A,PIPER PA-28-140/150/160/180,L1P,L
ACDD18,N928NK,A20N,AIRBUS A-320neo,L2J,M
ACDF18,N9286M,P28A,PIPER PA-28-140/150/160/180,L1P,L
ACE118,N929RH,C206,CESSNA  206 Stationair,L1P,L
ACE418,N93J,BE65,BEECH 65 Queen Air,L2P,L
ACEF18,N932WN,B737,BOEING 737-700,L2J,M
ACFF18,N93655,ERCO,AIR PRODUCTS F-1 Aircoupe,L1P,L
AD0218,N9370X,C82R,CESSNA R182 Skylane RG,L1P,L
AD0618,N93820,ERCO,AIR PRODUCTS F-1 Aircoupe,L1P,L
AD0A18,N93943,C185,CESSNA 185 Skywagon,L1P,L
AD0C18,N94PD,B06,BELL 206 JetRanger,H1T,L
AD1218,N941NN,B738,BOEING 737-800,L2J,M
AD1B18,N9433K,S108,STINSON 108 Voyager,L1P,L
AD1C18,N944AV,A320,AIRBUS A-320,L2J,M
AD1D18,N944MA,HUSK,CHRISTEN Husky,L1P,L
AD2018,N945DT,M20P,MOONEY M-20,L1P,L
AD2218,N9450E,C82R,CESSNA R182 Skylane RG,L1P,L
AD2718,N9469U,C150,CESSNA 150,L1P,L
AD2F18,N949FD,B752,BOEING 757-200,L2J,M
AD3318,N95JB,P40,CURTISS P-40 Kittyhawk,L1P,L
AD3A18,N951TS,P28B,PIPER PA-28-201T/235/236,L1P,L
AD4018,N953DA,DV20,DIAMOND DA-20,L1P,L
AD4318,N95369,P28A,PIPER PA-28-140/150/160/180,L1P,L
AD4718,N9549B,C180,CESSNA  180 Skywagon,L1P,L
AD4E18,N95657,TAYB,TAYLORCRAFT BC/BF/BL,L1P,L
AD5418,N958TR,B407,BELL 407,H1T,L
AD5918,N95945,C182,CESSNA 182 Skylane,L1P,L
AD5A18,N96D,PA18,PIPER PA-18 Super Cub,L1P,L
AD6618,N9621J,S22T,CIRRUS SR-22T Turbo,L1P,L
AD6A18,N9633M,M20P,MOONEY M-20,L1P,L
AD7F18,N969RM,C182,CESSNA 182 Skylane,L1P,L
AD8018,N9691H,ST75,STEARMAN Kaydet,L1P,L
AD8118,N9698U,AA1,AMERICAN AA-1,L1P,L
AD8218,N97JD,,,,
AD8B18,N972AE,AS50,AEROSPATIALE AS-350 Ecureuil,H1T,L
AD9218,N9737A,FW90,FOCKE-WULF Fw-190 Replica,L1P,L
AD9418,N974SG,C82S,CESSNA T182 Turbo Skylane,L1P,L
AD9518,N97413,C182,CESSNA 182 Skylane,L1P,L
AD9618,N9749D,PA22,PIPER PA-22,L1P,L
ADA018,N97701,C182,CESSNA 182 Skylane,L1P,L
ADA818,N97947,C172,CESSNA 172 Skyhawk,L1P,L
ADAA18,N98PH,B06,BELL 206 JetRanger,H1T,L
ADAD18,N980W,R66,ROBINSON R-66,H1T,L
ADAE18,N9804R,BE35,BEECH 35 Starfire Bonanza,L1P,L
ADB218,N9816U,AA5,AMERICAN AA-5 Tiger,L1P,L
ADB618,N9828X,C185,CESSNA 185 Skywagon,L1P,L
ADBB18,N984ME,EC45,AIRBUS HELICOPTERS EC-145,H2T,L
ADC318,N986TA,E190,EMBRAER ERJ-190-100,L2J,M
ADC518,N9869Y,CH7A,BELLANCA 7 Champion,L1P,L
ADC618,N987KT,,,,
ADC818,N9874Q,C172,CESSNA 172 Skyhawk,L1P,L
ADD118,N99JF,C82T,CESSNA TR182 Turbo Skylane RG,L1P,L
ADD218,N99UM,,,,
ADD618,N9908E,C182,CESSNA 182 Skylane,L1P,L
ADD818,N991TW,CL60,BOMBARDIER CL-600 Challenger,L2J,M
ADE118,N9937C,M20P,MOONEY M-20,L1P,L
ADEF18,N99703,ERCO,AIR PRODUCTS F-1 Aircoupe,L1P,L
ADF318,N99826,C172,CESSNA 172 Skyhawk,L1P,L
ADF418,N999AF,C172,CESSNA 172 Skyhawk,L1P,L
ADF518,N999LM,BE30,BEECH 300 Super King Air,L2T,L
ADF618,N999WT,DG15,HOWARD Nightingale,L1P,L
ADFE18,1712,C130,LOCKHEED C-130 Hercules,L4T,M
AE0018,65-10435,T38,NORTHROP T-38 Talon,L2J,L
AE0418,164406,E6,BOEING E-6 Mercury,L4J,H
AE0618,89-1056,C130,LOCKHEED C-130 Hercules,L4T,M
AE0818,00-0182,C17,BOEING C-17 Globemaster 3,L4J,H
AE0A18,89-26182,H60,SIKORSKY UH-60 Black Hawk,H2T,M
AE0C18,93-26478,H60,SIKORSKY UH-60 Black Hawk,H2T,M
AE0E18,88-26082,H60,SIKORSKY UH-60 Black Hawk,H2T,M
AE1118,02-3636,TEX2,BEECHCRAFT T-6 Texan 2,L1T,L
AE1418,05-3801,TEX2,BEECHCRAFT T-6 Texan 2,L1T,L
AE1718,166515,H60,SIKORSKY UH-60 Black Hawk,H2T,M
AE1818,167807,UH1Y,BELL UH-1Y,H2T,M
AE1C18,06-08024,H47,BOEING-VERTOL CH-47 Chinook,H2T,M
AE2018,12-72265,EC45,AIRBUS HELICOPTERS EC-145,H2T,L
AE2918,6041,H60,SIKORSKY UH-60 Black Hawk,H2T,M
AE2F18,168263,F18S,BOEING FA-18 SUPER HORNET,L2J,M
AE4818,07-20075,H60,SIKORSKY UH-60 Black Hawk,H2T,M
AE4A18,166143,TEX2,BEECHCRAFT T-6 Texan 2,L1T,L
AE4E18,11-5727,C30J,LOCKHEED MARTIN C-130J Super Hercules,L4T,M
AE5318,12-08879,H47,BOEING-VERTOL CH-47 Chinook,H2T,M
AE5718,168980,B737,BOEING 737-700,L2J,M
AE5A18,16-08223,H47,BOEING-VERTOL CH-47 Chinook,H2T,M
AE5B18,07-61017,BE30,BEECH 300 Super King Air,L2T,L
AE5E18,169426,P8,BOEING P-8 Poseidon,L2J,M
AE5F18,10-20323,H60,SIKORSKY UH-60 Black Hawk,H2T,M
AE6018,17-20937,H60,SIKORSKY UH-60 Black Hawk,H2T,M
AE6218,18-21012,H60,SIKORSKY UH-60 Black Hawk,H2T,M
AE6918,18-5920,C30J,LOCKHEED MARTIN C-130J Super Hercules,L4T,M
AE6A18,20-21102,H60,SIKORSKY UH-60 Black Hawk,H2T,M
C00018,C-FAAY,PA22,PIPER PA-22,L1P,L
C00118,C-FAKT,BOLT,STEEN Skybolt,L1P,L
C00318,C-FBEL,CL60,BOMBARDIER CL-600 Challenger,L2J,M
C00418,C-FBOH,,,,
C00518,C-FBYD,B06,BELL 206 JetRanger,H1T,L
C00618,C-FCHZ,S76,SIKORSKY S-76 Spirit,H2T,L
C00718,C-FCRV,RV6,VANS RV-6,L1P,L
C00A18,C-FDVJ,AR11,AERONCA 11 Chief,L1P,L
C00B18,C-FEFF,C170,CESSNA 170,L1P,L
C00D18,C-FEYX,P28A,PIPER PA-28-140/150/160/180,L1P,L
C00F18,C-FFSP,,,,
C01018,C-FGCL,M7,MAULE M-7,L1P,L
C01118,C-FGMH,LA4,LAKE LA-4/200,A1P,L
C01318,C-FHFZ,LA4,LAKE LA-4/200,A1P,L
C01418,C-FHPV,CH7A,BELLANCA 7 Champion,L1P,L
C01518,C-FHZR,C150,CESSNA 150,L1P,L
C01618,C-FIJN,L8,LUSCOMBE 8,L1P,L
C01718,C-FITJ,C180,CESSNA  180 Skywagon,L1P,L
C01B18,C-FKGT,B212,BELL 212,H2T,L
C01D18,C-FLAL,PA23,PIPER PA-23,L2P,L
C01E18,C-FLKH,,,,
C02018,C-FMDZ,PA18,PIPER PA-18 Super Cub,L1P,L
C02118,C-FMNV,PA12,PIPER PA-12 Super Cruiser,L1P,L
C02218,C-FMXR,DHC2,DE HAVILLAND DHC-2 Beaver,L1P,L
C02318,C-FNHN,TNAV,TEMCO Twin Navion,L2P,L
C02418,C-FNRJ,GLID,,L0-,-
C02518,C-FOBF,DHC2,DE HAVILLAND DHC-2 Beaver,L1P,L
C02618,C-FOLB,AS50,AEROSPATIALE AS-350 Ecureuil,H1T,L
C02718,C-FOUX,AR11,AERONCA 11 Chief,L1P,L
C02818,C-FPET,,,,
C02A18,C-FPYL,C180,CESSNA  180 Skywagon,L1P,L
C02D18,C-FRBZ,CHIN,ASAP Chinook,L1P,L
C02E18,C-FRLV,ULAC,,L0-,-
C02F18,C-FRVR,RV7,VANS RV-7,L1P,L
C03018,C-FSFN,Z42,ZLIN Z-42/142/242,L1P,L
C03118,C-FSPJ,CH7A,BELLANCA 7 Champion,L1P,L
C03218,C-FSZF,C150,CESSNA 150,L1P,L
C03318,C-FTJB,CL60,BOMBARDIER CL-600 Challenger,L2J,M
C03418,C-FTSX,GYRO,,G0-,-
C03518,C-FUCT,PA18,PIPER PA-18 Super Cub,L1P,L
C03618,C-FUMP,P28A,PIPER PA-28-140/150/160/180,L1P,L
C03718,C-FUWL,C172,CESSNA 172 Skyhawk,L1P,L
C03818,C-FVGH,C172,CESSNA 172 Skyhawk,L1P,L
C03A18,C-FVZZ,LYSA,WESTLAND Lysander,L1P,L
C03B18,C-FWJV,RV6,VANS RV-6,L1P,L
C03C18,C-FWTR,C182,CESSNA 182 Skylane,L1P,L
C03D18,C-FXDN,C150,CESSNA 150,L1P,L
C03E18,C-FXNJ,C172,CESSNA 172 Skyhawk,L1P,L
C03F18,C-FXXF,C172,CESSNA 172 Skyhawk,L1P,L
C04018,C-FYHB,B06,BELL 206 JetRanger,H1T,L
C04118,C-FYQX,ERCO,AIR PRODUCTS F-1 Aircoupe,L1P,L
C04218,C-FZAT,CJ6,NANCHANG CJ-6,L1P,L
C04318,C-FZKP,C150,CESSNA 150,L1P,L
C04518,C-GAEH,LGEZ,RUTAN Long-EZ,L1P,L
C04718,C-GAXZ,P28A,PIPER PA-28-140/150/160/180,L1P,L
C04818,C-GBHV,BE77,BEECH 77 Skipper,L1P,L
C04918,C-GBRR,BALL,,B0-,-
C04A18,C-GCBN,C172,CESSNA 172 Skyhawk,L1P,L
C04B18,C-GCLJ,,,,
C04C18,C-GCVF,,,,
C04D18,C-GDFB,DV20,DIAMOND DA-20,L1P,L
C04F18,C-GDYT,DHC2,DE HAVILLAND DHC-2 Beaver,L1P,L
C05018,C-GEIP,AA5,AMERICAN AA-5 Tiger,L1P,L
C05118,C-GESL,CH30,ZENAIR CH-300 Tri-Zenith,L1P,L
C05218,C-GFCH,A320,AIRBUS A-320,L2J,M
C05318,C-GFMD,GLID,,L0-,-
C05418,C-GFVZ,SV4,NORD SV-4,L1P,L
C05518,C-GGFV,,,,
C05618,C-GGPR,PA27,PIPER PA-23-250 Aztec,L2P,L
C05718,C-GGZN,ERCO,AIR PRODUCTS F-1 Aircoupe,L1P,L
C05918,C-GHTF,CH60,ZENAIR CH-600 Zodiac,L1P,L
C05A18,C-GIDB,AS50,AEROSPATIALE AS-350 Ecureuil,H1T,L
C05D18,C-GJGP,C185,CESSNA 185 Skywagon,L1P,L
C06018,C-GKKD,,,,
C06118,C-GKTZ,PA31,PIPER PA-31-300/310/325/350/425,L2P,L
C06218,C-GLDV,C172,CESSNA 172 Skyhawk,L1P,L
C06318,C-GLNR,C182,CESSNA 182 Skylane,L1P,L
C06418,C-GLXN,S108,STINSON 108 Voyager,L1P,L
C06518,C-GMHJ,C182,CESSNA 182 Skylane,L1P,L
C06718,C-GNBB,BE20,BEECH 200 Super King Air,L2T,M
C06A18,C-GOEP,S76,SIKORSKY S-76 Spirit,H2T,L
C06C18,C-GOYH,C172,CESSNA 172 Skyhawk,L1P,L
C07118,C-GQVN,C206,CESSNA  206 Stationair,L1P,L
C07418,C-GRZB,EN28,ENSTROM F-28,H1P,L
C07518,C-GSIX,ERCO,AIR PRODUCTS F-1 Aircoupe,L1P,L
C07618,C-GSST,ULAC,,L0-,-
C07718,C-GTCP,B06,BELL 206 JetRanger,H1T,L
C07818,C-GTML,VP2,EVANS Volksplane,L1P,L
C07A18,C-GUGD,C185,CESSNA 185 Skywagon,L1P,L
C07B18,C-GUPZ,MM24,MAGNI M-24 Orion,G1P,L
C07D18,C-GVJR,AS3B,AEROSPATIALE AS-332 Super Puma Mk2,H2T,M
C07F18,C-GWDJ,,,,
C08018,C-GWNF,AT8T,AIR TRACTOR AT-802,L1T,M
C08218,C-GXGX,AS50,AEROSPATIALE AS-350 Ecureuil,H1T,L
C08318,C-GXQT,C172,CESSNA 172 Skyhawk,L1P,L
C08418,C-GYAP,C152,CESSNA 152,L1P,L
C08518,C-GYKL,PA34,PIPER PA-34 Seneca,L2P,L
C08618,C-GYUH,P28A,PIPER PA-28-140/150/160/180,L1P,L
C08818,C-GZNZ,Z42,ZLIN Z-42/142/242,L1P,L
C08918,C-GZXV,DHC2,DE HAVILLAND DHC-2 Beaver,L1P,L
C08A18,C-IAHR,ULAC,,L0-,-
C08B18,C-IARN,ULAC,,L0-,-
C08C18,C-IBBJ,ULAC,,L0-,-
C08F18,C-ICEX,STRA,STRIPLIN Sky Ranger,L1P,L
C09018,C-ICOT,BEVR,ASAP Beaver,L1P,L
C09118,C-ICYP,PARA,,P0-,-
C09318,C-IDSH,ULAC,,L0-,-
C09518,C-IELZ,PARA,,P0-,-
C09718,C-IFFR,GSIS,INNOAVIATION Genesis,L1P,L
C09818,C-IFPN,ULAC,,L0-,-
C09918,C-IFZJ,ULAC,,L0-,-
C09A18,C-IGJF,ULAC,,L0-,-
C09B18,C-IGTB,,,,
C09C18,C-IHCX,PARA,,P0-,-
C09D18,C-IHMT,CRER,RANS Courier,L1P,L
C0A018,C-IIQH,ULAC,,L0-,-
C0A218,C-IJJZ,ULAC,,L0-,-
C0A318,C-IJTV,PARA,,P0-,-
C0A718,C-ILHF,ULAC,,L0-,-
C0A918,C-IMAX,ULAC,,L0-,-
C0AB18,C-IMUP,BEVR,ASAP Beaver,L1P,L
C0AC18,C-INEL,SIRA,TECNAM P-2002 Sierra,L1P,L
C0B818,C-IRSP,ULAC,,L0-,-
C0BB18,C-ISWD,,,,
C1E418,SERV,SERV,,V0-,-
C1E518,SERV,SERV,,V0-,-
C1EA18,SERV,SERV,,V0-,-
C80118,ZK-BRX,PA18,PIPER PA-18 Super Cub,L1P,L
C80318,ZK-DLY,C185,CESSNA 185 Skywagon,L1P,L
C80918,ZK-HHW,FH11,FAIRCHILD FH-1100,H1T,L
C80A18,ZK-FNS,ULAC,,L0-,-
C80C18,ZK-FQG,ULAC,,L0-,-
C81018,ZK-KWE,COY2,RANS Coyote 2,L1P,L
C81118,ZK-CGD,C182,CESSNA 182 Skylane,L1P,L
C81518,ZK-PAB,ECHO,TECNAM P-92 Echo,L1P,L
C81818,ZK-HHS,R44,ROBINSON R-44 Raven,H1P,L
C81918,ZK-ARH,ZZZZ,,-0-,-
C81A18,ZK-KPA,ULAC,,L0-,-
C81B18,ZK-GNR,GLID,,L0-,-
C81D18,ZK-SRF,CH60,ZENAIR CH-600 Zodiac,L1P,L
C81E18,ZK-KIW,MT,ROTORSPORT MTOSport,G1P,L
C82018,ZK-FTZ,ZZZZ,,-0-,-
C82218,ZK-JMP,C208,CESSNA 208 Caravan,L1T,L
C82318,ZK-SML,PNR2,ALPI Pioneer 200,L1P,L
C82518,ZK-ITJ,AS50,AEROSPATIALE AS-350 Ecureuil,H1T,L
C82718,ZK-CCE,COY2,RANS Coyote 2,L1P,L
C82818,ZK-FXC,PA11,PIPER PA-11 Cub Special,L1P,L
C82918,ZK-HNN,G2CA,GUIMBAL G-2 Cabri,H1P,L
C87F18,NZ3403,A109,AGUSTA AW-109 Grand,H2T,L
C88018,DQ-FJT,A332,AIRBUS A-330-200,L2J,H
E02318,LV-BLX,B407,BELL 407,H1T,L
E02418,LV-BPX,P28A,PIPER PA-28-140/150/160/180,L1P,L
E03118,LV-CDX,C150,CESSNA 150,L1P,L
E03618,LV-CXX,G164,GRUMMAN G-164 Ag-Cat,L1P,L
E04418,LV-DPX,GLID,,L0-,-
E06418,LV-FPX,PA22,PIPER PA-22,L1P,L
E06618,LV-FXX,C172,CESSNA 172 Skyhawk,L1P,L
E08418,LV-HPX,PA22,PIPER PA-22,L1P,L
E0D518,LV-MTX,PA36,PIPER PA-36 Pawnee Brave,L1P,L
E19218,LV-YHX,PA11,PIPER PA-11 Cub Special,L1P,L
E1A618,LV-ZXX,B350,BEECHCRAFT Super King Air 350,L2T,M
E20018,T-22,LJ35,LEARJET 35,L2J,M
E47F18,PP-WRV,BE40,BEECH 400 Beechjet,L2J,M
E48418,PR-BBP,C680,CESSNA 680 Citation Sovereign,L2J,M
E48618,PR-GUZ,B738,BOEING 737-800,L2J,M
E48A18,PP-NMA,BE58,BEECH 58 Baron,L2P,L
E48B18,PR-FDA,SR22,CIRRUS SR-22,L1P,L
E48C18,PR-RJR,C182,CESSNA 182 Skylane,L1P,L
E49118,PU-ZFF,RV9,VANS RV-9,L1P,L
E49218,3603,E550,EMBRAER EMB-550 Praetor 600,L2J,M
E49318,PR-VSP,PC12,PILATUS PC-12,L1T,L
E49418,PT-ODZ,C550,CESSNA 550 Citation S2,L2J,L
E49618,PS-GRP,LJ75,LEARJET 75,L2J,M
E80218,CC-CQM,A320,AIRBUS A-320,L2J,M
E80418,CC-BAH,A320,AIRBUS A-320,L2J,M
E80818,CC-ALL,B407,BELL 407,H1T,L
E80B18,CC-DFL,R66,ROBINSON R-66,H1T,L
