006019,C9-MEK,E145,EMBRAER ERJ-145,L2J,M
008119,ZS-PNR,BE20,BEECH 200 Super King Air,L2T,M
008E19,ZS-FIE,C172,CESSNA 172 Skyhawk,L1P,L
009519,ZS-HZC,BALL,,B0-,-
009719,ZS-ISU,SLH4,SLING 4 High Wing,L1P,L
009F19,ZS-RFJ,R66,ROBINSON R-66,H1T,L
00A019,ZS-MDK,PA34,PIPER PA-34 Seneca,L2P,L
00A719,ZS-OUI,BE20,BEECH 200 Super King Air,L2T,M
00E019,ZU-FJF,SLG2,AIRPLANE FACTORY Sling 2,L1P,L
018019,5A-DCN,F900,DASSAULT Falcon 900,L3J,M
03E019,TR-ABJ,AT76,ATR-72-600,L2T,M
040219,ET-AZI,A359,AIRBUS A-350-900,L2J,H
04C119,5Y-KZC,B788,BOEING 787-8 Dreamliner,L2J,H
04C219,5Y-JXI,DH8D,DE HAVILLAND DHC-8-400 Dash 8,L2T,M
060019,3B-NBE,A343,AIRBUS A-340-300,L4J,H
0A0019,7T-VJK,B738,BOEING 737-800,L2J,M
0A4019,7T-WHF,C130,LOCKHEED C-130 Hercules,L4T,M
0A8019,C6-SBI,C208,CESSNA 208 Caravan,L1T,L
0AB019,V3-HIB,C208,CESSNA 208 Caravan,L1T,L
0AC419,HK-2981G,P28A,PIPER PA-28-140/150/160/180,L1P,L
0AC919,PNC-0604,H60,SIKORSKY UH-60 Black Hawk,H2T,M
0ACA19,HK-2963G,PAY2,PIPER PA-31T2-620 Cheyenne 2,L2T,L
0B4019,TG-TRE,AT76,ATR-72-600,L2T,M
0C8019,PZ-TCU,B772,BOEING 777-200,L2J,H
0D0019,XA-ECA,B733,BOEING 737-300,L2J,M
0D0A19,XA-VLY,A321,AIRBUS A-321,L2J,M
0D0B19,XA-DRE,GLF4,GULFSTREAM 4,L2J,M
0D0C19,XA-VDN,SW4,SWEARINGEN Metro,L2T,M
0D0D19,XB-LAT,C150,CESSNA 150,L1P,L
0D8319,YV3390,C525,CESSNA 525 CitationJet,L2J,L
140719,RA-01817,P46T,PIPER PA-46-500TP,L1T,L
141E19,RA-07705,A139,AGUSTA AW-139,H2T,L
147919,RA-31001,KA27,KAMOV Ka-252,H2T,M
14F119,RA-61721,,,,
151E19,RA-73241,B738,BOEING 737-800,L2J,M
152019,RA-73753,A320,AIRBUS A-320,L2J,M
152119,RA-74009,AN72,ANTONOV An-74-200,L2J,M
155C19,RA-89113,SU95,SUKHOI Superjet 100-95,L2J,M
157719,RA-96025,IL96,ILYUSHIN Il-96,L4J,H
201019,V5-RON,LJ75,LEARJET 75,L2J,M
300619,I-PFLY,GLEX,BOMBARDIER BD-700 Global 6000/6500,L2J,M
300719,I-RAMT,P32T,PIPER PA-32RT-300/300T,L1P,L
300919,I-SPAO,C72R,CESSNA 172R Cutlass RG,L1P,L
31D919,I-B780,TL20,TL ULTRALIGHT TL-2000 Sting,L1P,L
31DC19,I-C017,KP5,JIHLAVAN KP-5 Skyleader,L1P,L
320019,MM62230,AT45,ATR-42-500,L2T,M
33FD19,MM55242,M346,AERMACCHI M-346 Master,L2J,M
33FE19,MM81802,A139,AGUSTA AW-139,H2T,L
33FF19,MM55067,M339,AERMACCHI MB-339,L1J,L
341119,EC-FTR,B752,BOEING 757-200,L2J,M
342619,EC-KGI,AT75,ATR-72-500,L2T,M
343619,EC-LJA,A139,AGUSTA AW-139,H2T,L
344519,EC-XLF,RV9,VANS RV-9,L1P,L
345319,EC-MOY,A332,AIRBUS A-330-200,L2J,H
345619,EC-MUS,GLF6,GULFSTREAM G650,L2J,M
346319,EC-NIV,B752,BOEING 757-200,L2J,M
346419,EC-NIS,A359,AIRBUS A-350-900,L2J,H
346519,EC-NPV,AS50,AEROSPATIALE AS-350 Ecureuil,H1T,L
347119,EC-NOX,C525,CESSNA 525 CitationJet,L2J,L
347219,EC-NTA,A20N,AIRBUS A-320neo,L2J,M
347319,EC-NVC,AT76,ATR-72-600,L2T,M
383519,F-BNIZ,D140,JODEL D-140 Mousquetaire,L1P,L
384519,F-BRIZ,BE33,BEECH 33 Bonanza,L1P,L
385019,F-BUAZ,SV4,NORD SV-4,L1P,L
386519,F-AZIZ,L8,LUSCOMBE 8,L1P,L
390219,F-GAQZ,C172,CESSNA 172 Skyhawk,L1P,L
390A19,F-GCQZ,AS50,AEROSPATIALE AS-350 Ecureuil,H1T,L
390D19,F-GDIZ,C152,CESSNA 152,L1P,L
391219,F-GEQZ,RALL,SOCATA Rallye,L1P,L
391A19,F-GGQZ,DR40,ROBIN DR-400,L1P,L
391F19,F-GHYZ,P28A,PIPER PA-28-140/150/160/180,L1P,L
392619,F-GJQZ,DR40,ROBIN DR-400,L1P,L
392A19,F-GKQZ,DR40,ROBIN DR-400,L1P,L
394419,F-GRAZ,F406,CESSNA F406 Caravan 2,L2T,L
394C19,F-GTAZ,A321,AIRBUS A-321,L2J,M
395419,F-GVAZ,P28A,PIPER PA-28-140/150/160/180,L1P,L
395F19,F-GXYZ,DR40,ROBIN DR-400,L1P,L
398519,F-HBIZ,DR40,ROBIN DR-400,L1P,L
398719,F-HBYZ,DR40,ROBIN DR-400,L1P,L
398C19,F-HDAZ,DA40,DIAMOND DA-40 Club Star,L1P,L
399819,F-HGAZ,C206,CESSNA  206 Stationair,L1P,L
39A419,F-HJAZ,A333,AIRBUS A-330-300,L2J,H
39B019,F-HMAZ,R44,ROBINSON R-44 Raven,H1P,L
39B119,F-HMIZ,T206,CESSNA T206 Turbo Stationair,L1P,L
39B519,F-HNIZ,APM3,ISSOIRE APM-30 Lion,L1P,L
39C519,F-HRIZ,BR23,BRM AERO Bristell B23,L1P,L
39DF19,F-HXYZ,P28A,PIPER PA-28-140/150/160/180,L1P,L
3A0A19,F-OCQZ,DHC6,DE HAVILLAND DHC-6 Twin Otter,L2T,L
3A2219,F-OIQZ,P28A,PIPER PA-28-140/150/160/180,L1P,L
3A3D19,F-OPIZ,P32R,PIPER PA-32R-300/301/301T,L1P,L
3A6419,F-OZAZ,FA7X,DASSAULT Falcon 7X,L3J,M
3AAC19,0757,EC35,AIRBUS HELICOPTERS EC-135/635,H2T,L
3B7719,5140,C130,LOCKHEED C-130 Hercules,L4T,M
3C6519,D-AIHY,A346,AIRBUS A-340-600,L4J,H
3C6619,D-AIPY,A320,AIRBUS A-320,L2J,M
3CC319,D-CBEN,C56X,CESSNA 560XL Citation XLS,L2J,M
3CCE19,D-CFIV,LJ35,LEARJET 35,L2J,M
3CE519,D-COBH,C25B,CESSNA 525B Citation CJ3,L2J,L
3CFE19,D-CXNL,H25B,HAWKER BEECHCRAFT Hawker 750/850,L2J,M
3D0919,D-EBRT,C172,CESSNA 172 Skyhawk,L1P,L
3D0A19,D-ECBP,C150,CESSNA 150,L1P,L
3D1019,D-EEIR,DA40,DIAMOND DA-40 Club Star,L1P,L
3D1219,D-EFCJ,P28A,PIPER PA-28-140/150/160/180,L1P,L
3D1419,D-EFWB,C150,CESSNA 150,L1P,L
3D1819,D-EHJL,P149,PIAGGIO P-149,L1P,L
3D1B19,D-EIMZ,C172,CESSNA 172 Skyhawk,L1P,L
3D1D19,D-EJGR,PA18,PIPER PA-18 Super Cub,L1P,L
3D2119,D-EKUB,PA18,PIPER PA-18 Super Cub,L1P,L
3D2419,D-ELXP,C172,CESSNA 172 Skyhawk,L1P,L
3D2519,D-EMHL,AC11,NORTH AMERICAN ROCKWELL Commander 112/114,L1P,L
3D2619,D-EMRH,TOBA,SOCATA Tobago,L1P,L
3D2B19,D-EOON,C172,CESSNA 172 Skyhawk,L1P,L
3D3219,D-ERFL,M20P,MOONEY M-20,L1P,L
3D3319,D-ERPH,C172,CESSNA 172 Skyhawk,L1P,L
3D3619,D-ESSV,BT36,BEECH B36TC Bonanza,L1P,L
3D3719,D-ETCR,C152,CESSNA 152,L1P,L
3D3819,D-ETMN,C172,CESSNA 172 Skyhawk,L1P,L
3D3E19,D-EVTP,P46T,PIPER PA-46-500TP,L1T,L
3D3F19,D-EWDL,Z42,ZLIN Z-42/142/242,L1P,L
3D4419,D-EYAR,C172,CESSNA 172 Skyhawk,L1P,L
3DD819,D-HCBX,EC35,AIRBUS HELICOPTERS EC-135/635,H2T,L
3DE019,D-HFCR,R44,ROBINSON R-44 Raven,H1P,L
3DE719,D-HHTP,B06,BELL 206 JetRanger,H1T,L
3DED19,D-HKAR,R44,ROBINSON R-44 Raven,H1P,L
3E1819,D-IAIB,C525,CESSNA 525 CitationJet,L2J,L
3E4719,D-ISCV,C25A,CESSNA 525A Citation CJ2,L2J,L
3E5E19,D-KAVH,SF25,SCHEIBE SF-25 Falke,L1P,L
3E6819,D-KEPT,DIMO,DIAMOND H-36 Dimona,L1P,L
3E6C19,D-KGDD,S10S,STEMME S-10 Chrysalis,L1P,L
3E6F19,D-KHGR,AS25,SCHLEICHER ASH-25,L1P,L
3E7C19,D-KMER,TFUN,VALENTIN Taifun,L1P,L
3E7F19,D-KNIF,SF25,SCHEIBE SF-25 Falke,L1P,L
3EC219,D-KOLT,SF25,SCHEIBE SF-25 Falke,L1P,L
3ECE19,D-KSZX,AS22,SCHLEICHER ASW-22,L1P,L
3ED119,D-KUDL,DIMO,DIAMOND H-36 Dimona,L1P,L
3EDB19,D-KXXX,NIMB,SCHEMPP-HIRTH Nimbus,L1P,L
3EE819,D-1922,GLID,,L0-,-
3EEB19,D-2690,VENT,SCHEMPP-HIRTH Ventus,L1P,L
3EFA19,D-6530,GLID,,L0-,-
3F3519,D-OGAB,BALL,,B0-,-
3F6219,54+31,A400,AIRBUS A-400M,L4T,H
3F8019,54+28,A400,AIRBUS A-400M,L4T,H
3FEA19,D-MWPK,FK9,B&F TECHNIK FK-9,L1P,L
3FEB19,D-MBSL,C42,IKARUS C-42 Bison,L1P,L
3FEC19,D-MEFF,BREZ,AEROSTYLE Breezer,L1P,L
3FEE19,D-MWCI,G3,REMOS Mirage,L1P,L
3FEF19,D-MUPT,FDCT,FLIGHT DESIGN CT,L1P,L
3FF019,D-MPAH,C42,IKARUS C-42 Bison,L1P,L
3FF219,D-MIRM,ALSL,AIRLONY Skylane,L1P,L
3FF319,D-MBAH,AP22,AEROPRACT A-22,L1P,L
3FF419,D-MERE,FAET,ATEC 321 Faeta,L1P,L
3FF519,D-MSVS,WT9,AEROSPOOL WT-9 Dynamic,L1P,L
3FF619,D-MSZH,MT,ROTORSPORT MTOSport,G1P,L
3FF719,D-MURY,C42,IKARUS C-42 Bison,L1P,L
400C19,G-DMCS,P28R,PIPER PA-28R-180/200/201,L1P,L
401419,G-AIDL,DH89,DE HAVILLAND Dragon Rapide,L2P,L
401719,G-AVOZ,P28A,PIPER PA-28-140/150/160/180,L1P,L
401A19,G-BANX,C172,CESSNA 172 Skyhawk,L1P,L
401E19,G-BHBT,MA5,MARQUART MA-5 Charger,L1P,L
401F19,G-BIMZ,BE76,BEECH 76 Duchess,L2P,L
402319,G-TBIO,TOBA,SOCATA Tobago,L1P,L
402919,G-SMON,C152,CESSNA 152,L1P,L
402C19,G-BRDD,CP10,CAP AVIATION CAP-10,L1P,L
402F19,G-BWMO,BLKS,AIRCRAFT SPRUCE Baby Lakes,L1P,L
403419,G-BTKA,J5,PIPER J-5 Cub Cruiser,L1P,L
403619,G-BUJO,P28A,PIPER PA-28-140/150/160/180,L1P,L
403719,G-BUTM,COY2,RANS Coyote 2,L1P,L
403919,G-BVWZ,PA32,PIPER PA-32,L1P,L
404619,G-CBEN,ULAC,,L0-,-
404719,G-MCVY,FDCT,FLIGHT DESIGN CT,L1P,L
404B19,G-POLL,SKRA,BEST OFF Sky Ranger,L1P,L
404D19,G-CDFK,JABI,Jabiru J120,L1P,L
404E19,G-CDMS,C42,IKARUS C-42 Bison,L1P,L
404F19,G-CDTR,ULAC,,L0-,-
405019,G-CKHK,DUOD,SCHEMPP-HIRTH Duo Discus,L1P,L
405219,G-CTDW,FDCT,FLIGHT DESIGN CT,L1P,L
405319,G-CJOD,GLID,,L0-,-
405519,G-CHKD,GLID,,L0-,-
405619,G-CHTF,GLID,,L0-,-
405819,G-CFVH,GLID,,L0-,-
405A19,G-CKCE,VENT,SCHEMPP-HIRTH Ventus,L1P,L
405B19,G-MOOV,CRUZ,CSA PS-28 Cruiser,L1P,L
405D19,G-DDMU,GLID,,L0-,-
406019,G-JAOC,SKRA,BEST OFF Sky Ranger,L1P,L
406219,G-DLAC,C208,CESSNA 208 Caravan,L1T,L
406319,G-EZFU,A319,AIRBUS A-319,L2J,M
406419,G-EHEM,EXPL,MCDONNELL-DOUGLAS MD-900 Explorer,H2T,L
406519,G-JEMM,DR10,CENTRE EST Ambassadeur,L1P,L
406919,G-MITY,ULAC,,L0-,-
406B19,G-CIHI,BALL,,B0-,-
406C19,G-EFOO,C210,CESSNA 201 Centurion,L1P,L
406E19,G-UISE,RV8,VANS RV-8,L1P,L
406F19,G-CIYZ,ULAC,,L0-,-
407019,G-RVHD,RV7,VANS RV-7,L1P,L
407119,G-FAEJ,C182,CESSNA 182 Skylane,L1P,L
407419,G-GUAR,P28A,PIPER PA-28-140/150/160/180,L1P,L
407519,G-WILI,P32R,PIPER PA-32R-300/301/301T,L1P,L
407719,G-WLKR,E550,EMBRAER EMB-550 Praetor 600,L2J,M
407819,G-LNDA,NG5,BRM AERO NG-5/6 Bristell,L1P,L
407919,G-MOGN,NG5,BRM AERO NG-5/6 Bristell,L1P,L
407A19,G-MDSI,PC12,PILATUS PC-12,L1T,L
407E19,G-EXTB,DH8D,DE HAVILLAND DHC-8-400 Dash 8,L2T,M
424C19,M-JAFR,F900,DASSAULT Falcon 900,L3J,M
43C219,ZA766,GAZL,AEROSPATIALE SA-341 Gazelle,H1T,L
43C319,ZH847,EH10,AGUSTA WESTLAND EH-101 Merlin,H3T,M
43C619,ZZ501,B350,BEECHCRAFT Super King Air 350,L2T,M
43C719,ZJ272,AS50,AEROSPATIALE AS-350 Ecureuil,H1T,L
43C919,ZP802,P8,BOEING P-8 Poseidon,L2J,M
440019,OE-ICF,A320,AIRBUS A-320,L2J,M
440219,OE-IZJ,A320,AIRBUS A-320,L2J,M
440419,OE-LYV,A319,AIRBUS A-319,L2J,M
440719,OE-7150,PIAT,PIPISTREL Alpha Trainer,L1P,L
440819,OE-XEA,EC35,AIRBUS HELICOPTERS EC-135/635,H2T,L
440919,OE-5692,GLID,,L0-,-
440B19,OE-LLC,GL7T,BOMBARDIER BD-700 Global 7000/7500,L2J,M
444A19,OO-2PY,ULAC,,L0-,-
447D19,3H-FE,PC7,PILATUS PC-7 Astra,L1T,L
449819,OO-F93,EFOX,AEROPRO Eurofox,L1P,L
44A019,OO-H93,EFOX,AEROPRO Eurofox,L1P,L
44E219,OO-XPY,R44,ROBINSON R-44 Raven,H1P,L
451C19,LZ-TSA,TL20,TL ULTRALIGHT TL-2000 Sting,L1P,L
451F19,LZ-LDJ,MD82,MCDONNELL-DOUGLAS MD-82,L2J,M
452119,LZ-EAE,A320,AIRBUS A-320,L2J,M
458519,OY-AHY,C172,CESSNA 172 Skyhawk,L1P,L
459119,OY-DHY,KZ3,SAI KZ-3,L1P,L
459B19,OY-FXY,GLID,,L0-,-
45A119,OY-HHY,EC75,AIRBUS HELICOPTERS EC-175,H2T,M
462819,OH-PEV,P28A,PIPER PA-28-140/150/160/180,L1P,L
467819,HN-421,F18H,BOEING FA-18 HORNET,L2J,M
471819,HA-JDH,C150,CESSNA 150,L1P,L
477D19,GND,GND,,V0-,-
478619,LN-ALB,C172,CESSNA 172 Skyhawk,L1P,L
479E19,LN-KPL,PA34,PIPER PA-34 Seneca,L2P,L
47A419,LN-OAF,AS50,AEROSPATIALE AS-350 Ecureuil,H1T,L
480419,J-060,F16,GENERAL DYNAMICS F-16 Fighting Falcon,L1J,M
484419,PH-MSE,M20P,MOONEY M-20,L1P,L
484919,PH-3W5,C42,IKARUS C-42 Bison,L1P,L
484B19,PH-ANJ,C150,CESSNA 150,L1P,L
484C19,PH-MBW,SUBA,FUJI FA-200 Aero Subaru,L1P,L
484F19,PH-IAO,F8L,AEROMERE F-8L Falco,L1P,L
485019,PH-340,GLID,,L0-,-
485219,PH-MAR,BALL,,B0-,-
485319,PH-1KM,ZZZZ,,-0-,-
485419,PH-1TL,ZZZZ,,-0-,-
485519,PH-2ER,ZZZZ,,-0-,-
485619,PH-2JX,ZZZZ,,-0-,-
48AD19,SP-LIQ,E75S,EMBRAER ERJ-170-200 (short wing),L2J,M
495219,CS-TPY,E190,EMBRAER ERJ-190-100,L2J,M
49C019,OK-NUR77,EVSS,EVEKTOR SportStar,L1P,L
49D019,OK-EKI,C150,CESSNA 150,L1P,L
49D119,OK-HLS,R44,ROBINSON R-44 Raven,H1P,L
49D319,OK-SAP,C177,CESSNA  177 Cardinal,L1P,L
4AAA19,SE-JPY,B429,BELL 429 GlobalRanger,H2T,L
4AB219,SE-LPY,C172,CESSNA 172 Skyhawk,L1P,L
4AE319,SE-XXY,EAGL,CHRISTEN Eagle,L1P,L
4B0B19,HB-EFH,BE35,BEECH 35 Starfire Bonanza,L1P,L
4B0F19,HB-FSR,PC12,PILATUS PC-12,L1T,L
4B1619,HB-IJP,A320,AIRBUS A-320,L2J,M
4B1919,HB-JND,B77W,BOEING 777-300ER,L2J,H
4B1F19,HB-LUF,PAY2,PIPER PA-31T2-620 Cheyenne 2,L2T,L
4B2919,HB-POR,P28B,PIPER PA-28-201T/235/236,L1P,L
4B2B19,HB-QIJ,BALL,,B0-,-
4B2C19,HB-QSF,BALL,,B0-,-
4B3419,HB-TSZ,C182,CESSNA 182 Skylane,L1P,L
4B3519,HB-UCV,SC01,FFT Speed Canard,L1P,L
4B3819,HB-VGJ,PC24,PILATUS PC-24,L2J,M
4B3A19,HB-WAB,C42,IKARUS C-42 Bison,L1P,L
4B5219,HB-3442,ARCP,SCHEMPP-HIRTH Arcus M,L1P,L
4B8219,TCB-655,CN35,CASA CN-235 Persuader,L2T,M
4B8E19,TC-CPY,B738,BOEING 737-800,L2J,M
4BA919,TC-JHY,B738,BOEING 737-800,L2J,M
4BAA19,TC-JPY,A320,AIRBUS A-320,L2J,M
4BCD19,TC-SHY,LJ60,LEARJET 60,L2J,M
4CA719,EI-DSW,A320,AIRBUS A-320,L2J,M
4CA819,EI-FWD,B738,BOEING 737-800,L2J,M
4CAC19,EI-KHC,E290,EMBRAER ERJ-190-300,L2J,M
4D0119,LX-JCV,B744,BOEING 747-400,L4J,H
4D0219,LX-SAB,F900,DASSAULT Falcon 900,L3J,M
4D2119,9H-VCK,CL35,BOMBARDIER BD-100 Challenger 350,L2J,M
4D2219,9H-QBW,B738,BOEING 737-800,L2J,M
4D2319,9H-SME,A333,AIRBUS A-330-300,L2J,H
500019,T7-BTM,C206,CESSNA  206 Stationair,L1P,L
500119,T7-DNK,CL35,BOMBARDIER BD-100 Challenger 350,L2J,M
500219,T7-SDF,AS50,AEROSPATIALE AS-350 Ecureuil,H1T,L
506C19,S5-AAN,CRJ9,BOMBARDIER Regional Jet CRJ-900,L2J,M
50FF19,UR-RUB,DA42,DIAMOND DA-42 Guardian,L2P,L
601819,20 BLUE,C27J,ALENIA C-27J Spartan,L2T,M
683319,UP-LA262,DA42,DIAMOND DA-42 Guardian,L2P,L
710119,HZ-AK41,B77W,BOEING 777-300ER,L2J,H
710419,HZ-AS77,A320,AIRBUS A-320,L2J,M
71A919,HL5119,C208,CESSNA 208 Caravan,L1T,L
71BC19,HL7419,B744,BOEING 747-400,L4J,H
71BE19,HL7619,A388,AIRBUS A-380-800,L4J,H
71BF19,HL7719,B739,BOEING 737-900,L2J,M
71C019,HL8019,B738,BOEING 737-800,L2J,M
71C219,HL8219,C25M,CESSNA 525 Citation M2,L2J,L
71C319,HL8319,B738,BOEING 737-800,L2J,M
71CE19,HL9619,EC25,AIRBUS HELICOPTERS EC-225/725,H2T,M
738E19,4X-BMM,AS50,AEROSPATIALE AS-350 Ecureuil,H1T,L
739219,4X-CML,C525,CESSNA 525 CitationJet,L2J,L
739419,4X-CMS,C414,CESSNA 414 Chancellor,L2P,L
739519,4X-HMW,ECHO,TECNAM P-92 Echo,L1P,L
748019,OD-MEB,A332,AIRBUS A-330-200,L2J,H
750319,9M-MLS,B738,BOEING 737-800,L2J,M
750419,9M-AGB,A20N,AIRBUS A-320neo,L2J,M
750519,9M-DAC,A320,AIRBUS A-320,L2J,M
760919,AP-BHY,LJ45,LEARJET 45,L2J,M
76CD19,9V-SHY,A359,AIRBUS A-350-900,L2J,H
780019,B-6092,A332,AIRBUS A-330-200,L2J,H
780219,B-LIC,B744,BOEING 747-400,L4J,H
780519,B-5419,B738,BOEING 737-800,L2J,M
780619,B-2513,B734,BOEING 737-400,L2J,M
780719,B-6749,A320,AIRBUS A-320,L2J,M
780819,B-8196,GLEX,BOMBARDIER BD-700 Global 6000/6500,L2J,M
780919,B-5698,B738,BOEING 737-800,L2J,M
780A19,B-KPX,B77W,BOEING 777-300ER,L2J,H
780D19,B-1607,A320,AIRBUS A-320,L2J,M
780F19,B-7372,B738,BOEING 737-800,L2J,M
781019,B-7600,B738,BOEING 737-800,L2J,M
781119,B-7669,B738,BOEING 737-800,L2J,M
781319,B-1046,A332,AIRBUS A-330-200,L2J,H
781519,B-001K,AJ27,COMAC ARJ-21-700 Xiangfeng,L2J,M
781619,B-306F,A20N,AIRBUS A-320neo,L2J,M
781719,B-309R,A20N,AIRBUS A-320neo,L2J,M
781819,B-70H7,C172,CESSNA 172 Skyhawk,L1P,L
781919,B-30EE,A20N,AIRBUS A-320neo,L2J,M
781B19,B-124L,SR20,CIRRUS SR-20,L1P,L
781C19,B-651P,AJ27,COMAC ARJ-21-700 Xiangfeng,L2J,M
781D19,B-12F8,SR20,CIRRUS SR-20,L1P,L
789219,B-LXG,A35K,AIRBUS A-350-1000,L2J,H
79A019,B-2365,A320,AIRBUS A-320,L2J,M
7A4219,10153,ZZZZ,,-0-,-
7A4419,20243,Y20,XIAN Kunpeng,L4J,H
7C0019,VH-AAZ,BL8,BELLANCA 8 Decathlon,L1P,L
7C0619,VH-BHN,P28A,PIPER PA-28-140/150/160/180,L1P,L
7C0819,VH-BVV,TOUR,MILLICER Airtourer,L1P,L
7C1B19,VH-FMZ,PC12,PILATUS PC-12,L1T,L
7C1F19,VH-GFF,NIMB,SCHEMPP-HIRTH Nimbus,L1P,L
7C2419,VH-HEZ,C152,CESSNA 152,L1P,L
7C2919,VH-IEJ,CL60,BOMBARDIER CL-600 Challenger,L2J,M
7C2A19,VH-ILN,BE9L,BEECH 90 King Air,L2T,L
7C3019,VH-JSB,PA27,PIPER PA-23-250 Aztec,L2P,L
7C3119,VH-JZF,C182,CESSNA 182 Skylane,L1P,L
7C3519,VH-KRV,C182,CESSNA 182 Skylane,L1P,L
7C3619,VH-KYZ,SS2P,ROCKWELL Thrush Commander,L1P,L
7C3D19,VH-MCR,PTS2,PITTS S-2 Special,L1P,L
7C3E19,VH-MJV,UH12,HILLER UH-12,H1P,L
7C3F19,VH-MQZ,BE20,BEECH 200 Super King Air,L2T,M
7C4319,VH-NJF,B463,BRITISH AEROSPACE 146-300,L4J,M
7C4519,VH-NXN,B712,BOEING 717-200,L2J,M
7C4819,VH-OIZ,AS50,AEROSPATIALE AS-350 Ecureuil,H1T,L
7C5619,VH-RAJ,C182,CESSNA 182 Skylane,L1P,L
7C5E19,VH-SVF,PA30,PIPER PA-30 Twin Comanche,L2P,L
7C6319,VH-TUZ,BE60,BEECH 60 Duke,L2P,L
7C6619,VH-TNV,C152,CESSNA 152,L1P,L
7C6719,VH-UNF,DA40,DIAMOND DA-40 Club Star,L1P,L
7C6B19,VH-VFV,A320,AIRBUS A-320,L2J,M
7C7019,VH-WFF,R44,ROBINSON R-44 Raven,H1P,L
7C7119,VH-WMJ,P28R,PIPER PA-28R-180/200/201,L1P,L
7C7B19,VH-YLN,RV9,VANS RV-9,L1P,L
7C7D19,VH-YZV,PA44,PIPER PA-44 Seminole,L2P,L
7C8219,VH-ZZF,DH8C,DE HAVILLAND DHC-8-300 Dash 8,L2T,M
7CBC19,19-1504,ALIG,ARION LS-1 Lightning,L1P,L
7CC419,23-8822,P208,TECNAM P-2008,L1P,L
7CFA19,A38-002,TIGR,AIRBUS HELICOPTERS EC-665 Tiger,H2T,L
800719,VT-IFD,A320,AIRBUS A-320,L2J,M
800C19,VT-RDG,C182,CESSNA 182 Skylane,L1P,L
800D19,VT-WGZ,A20N,AIRBUS A-320neo,L2J,M
800E19,KD717,D228,DORNIER 228,L2T,L
852319,JA3625,SUBA,FUJI FA-200 Aero Subaru,L1P,L
87C819,5504,P1,KAWASAKI P-1,L4J,M
87CC19,35-1072,C130,LOCKHEED C-130 Hercules,L4T,M
87CD19,74-3503,E767,BOEING E-767,L2J,H
880019,HS-TJD,B772,BOEING 777-200,L2J,H
884019,2615,B412,BELL 412,H2T,L
896019,A6-EKU,A332,AIRBUS A-330-200,L2J,H
896119,A6-ECR,B77W,BOEING 777-300ER,L2J,H
896219,A6-EGX,B77W,BOEING 777-300ER,L2J,H
896319,A6-ENW,B77W,BOEING 777-300ER,L2J,H
896419,A6-GAL,H25B,HAWKER BEECHCRAFT Hawker 750/850,L2J,M
896519,A6-CTN,SR22,CIRRUS SR-22,L1P,L
896C19,943,PC21,PILATUS PC-21,L1T,L
896F19,GND,GND,,V0-,-
899019,B-18053,B77W,BOEING 777-300ER,L2J,H
899119,B-18807,A343,AIRBUS A-340-300,L4J,H
8A0219,PK-RSS,E35L,EMBRAER EMB-135 Legacy,L2J,M
8A0419,PK-AZH,A320,AIRBUS A-320,L2J,M
8A0519,PK-LAQ,A320,AIRBUS A-320,L2J,M
8A0919,PK-SAY,A320,AIRBUS A-320,L2J,M
A00019,N1AY,SR22,CIRRUS SR-22,L1P,L
A00119,N1MD,ST75,STEARMAN Kaydet,L1P,L
A00719,N1000N,C310,CESSNA 310,L2P,L
A00C19,N10192,AT3P,AIR TRACTOR AT-301/401,L1P,L
A00E19,N102WC,C340,CESSNA 340 Super,L2P,L
A00F19,N1024U,PA34,PIPER PA-34 Seneca,L2P,L
A01019,N103CP,H269,HUGHES Sky Knight,H1P,L
A01319,N1036X,PA32,PIPER PA-32,L1P,L
A01419,N104FM,BE36,BEECH 36 Bonanza,L1P,L
A01519,N104RT,B06,BELL 206 JetRanger,H1T,L
A01619,N1041P,,,,
A01719,N10480,PA32,PIPER PA-32,L1P,L
A01819,N105JK,C172,CESSNA 172 Skyhawk,L1P,L
A01B19,N106BB,,,,
A01C19,N106MH,H21,VERTOL Work Horse,H1P,L
A01F19,N107E,DA62,DIAMOND DA-62,L2P,L
A02119,N1070M,C210,CESSNA 201 Centurion,L1P,L
A02219,N1077Y,M20P,MOONEY M-20,L1P,L
A02419,N108TD,S108,STINSON 108 Voyager,L1P,L
A02619,N10891,C150,CESSNA 150,L1P,L
A02919,N1094T,P28R,PIPER PA-28R-180/200/201,L1P,L
A02A19,N11CN,GLID,,L0-,-
A02F19,N1104B,L8,LUSCOMBE 8,L1P,L
A03019,N111BX,C414,CESSNA 414 Chancellor,L2P,L
A03119,N111NC,C310,CESSNA 310,L2P,L
A03319,N1116E,CH7B,BELLANCA 7 Citabria,L1P,L
A03419,N112EV,NPOR,REDFERN Nieuport 24,L1P,L
A03519,N112RA,CH7B,BELLANCA 7 Citabria,L1P,L
A03A19,N1133,PA18,PIPER PA-18 Super Cub,L1P,L
A04419,N116SM,C82S,CESSNA T182 Turbo Skylane,L1P,L
A04719,N117KD,SR20,CIRRUS SR-20,L1P,L
A04819,N117VK,PC24,PILATUS PC-24,L2J,M
A04A19,N118BW,,,,
A04F19,N119R,AA1,AMERICAN AA-1,L1P,L
A05019,N11906,C150,CESSNA 150,L1P,L
A05119,N1198G,GAZL,AEROSPATIALE SA-341 Gazelle,H1T,L
A05219,N12HS,SF28,SCHEIBE SF-28 Tandem Falke,L1P,L
A05319,N12TY,C172,CESSNA 172 Skyhawk,L1P,L
A05419,N120EC,EC20,AIRBUS HELICOPTERS EC-120,H1T,L
A05819,N121HA,C208,CESSNA 208 Caravan,L1T,L
A05919,N121TG,C130,LOCKHEED C-130 Hercules,L4T,M
A05A19,N1212T,E545,EMBRAER EMB545 Praetor 500,L2J,M
A05B19,N12194,C172,CESSNA 172 Skyhawk,L1P,L
A05E19,N1224W,AT5T,AIR TRACTOR AT-504,L1T,L
A05F19,N123CR,,,,
A06019,N123NX,PC12,PILATUS PC-12,L1T,L
A06119,N123ZC,TBM7,SOCATA TBM-700A/B/C,L1T,L
A06219,N1236Z,BE35,BEECH 35 Starfire Bonanza,L1P,L
A06719,N125JM,EXEC,ROTORWAY Exec,H1P,L
A06A19,N126BD,,,,
A07219,N128H,,,,
A07419,N1282S,R44,ROBINSON R-44 Raven,H1P,L
A07519,N12893,C172,CESSNA 172 Skyhawk,L1P,L
A07919,N13CQ,L8,LUSCOMBE 8,L1P,L
A07A19,N13NW,C441,CESSNA 441 Conquest,L2T,L
A07E19,N1304D,C170,CESSNA 170,L1P,L
A08A19,N134AM,EC35,AIRBUS HELICOPTERS EC-135/635,H2T,L
A08C19,N134WZ,HIGH,JUST JA20 Highlander,L1P,L
A09119,N1357H,AR15,AERONCA 15 Sedan,L1P,L
A09219,N136GH,BE36,BEECH 36 Bonanza,L1P,L
A09319,N136SP,S108,STINSON 108 Voyager,L1P,L
A09F19,N13908,E145,EMBRAER ERJ-145,L2J,M
A0A019,N1398J,AC11,NORTH AMERICAN ROCKWELL Commander 112/114,L1P,L
A0A119,N14HU,ZZZZ,,-0-,-
A0A219,N14U,DFLY,VIKING Dragonfly,L1P,L
A0A519,N1400S,BE36,BEECH 36 Bonanza,L1P,L
A0A619,N14073,WACC,WACO C/S,L1P,L
A0A719,N141HC,BE35,BEECH 35 Starfire Bonanza,L1P,L
A0A819,N141TJ,GLST,GLASAIR SH-4 GlaStar,L1P,L
A0A919,N1412V,C172,CESSNA 172 Skyhawk,L1P,L
A0AE19,N143CT,FDCT,FLIGHT DESIGN CT,L1P,L
A0B919,N146BF,CRUZ,CSA PS-28 Cruiser,L1P,L
A0BA19,N146MM,C25A,CESSNA 525A Citation CJ2,L2J,L
A0C019,N14772,BL17,BELLANCA 17 Viking,L1P,L
A0C219,N148TH,AS50,AEROSPATIALE AS-350 Ecureuil,H1T,L
A0C819,N15CS,C172,CESSNA 172 Skyhawk,L1P,L
A0CB19,N150KJ,B190,BEECH 1900,L2T,M
A0CE19,N151CA,SH36,SHORT 360,L2T,M
A0D119,N1516J,P28A,PIPER PA-28-140/150/160/180,L1P,L
A0D219,N152EZ,GLF5,GULFSTREAM 5,L2J,M
A0D319,N152RE,C152,CESSNA 152,L1P,L
A0D419,N1521A,BALL,,B0-,-
A0D519,N1528M,BALL,,B0-,-
A0D819,N1533D,C195,CESSNA 195,L1P,L
A0DC19,N1545G,T210,CESSNA T210 Turbo Centurion,L1P,L
A0DD19,N155DM,C340,CESSNA 340 Super,L2P,L
A0DE19,N155PT,C560,CESSNA 560 Citation Ultra,L2J,M
A0E319,N1562B,BE33,BEECH 33 Bonanza,L1P,L
A0E819,N158C,PC12,PILATUS PC-12,L1T,L
A0F019,N16HW,BOLT,STEEN Skybolt,L1P,L
A0F219,N160EG,,,,
A0F419,N1600U,C172,CESSNA 172 Skyhawk,L1P,L
A0FC19,N16240,T6,NORTH AMERICAN T-6 Texan,L1P,L
A0FE19,N163PA,GLF2,GULFSTREAM 2,L2J,M
A10019,N16363,P28B,PIPER PA-28-201T/235/236,L1P,L
A10719,N1653Y,C172,CESSNA 172 Skyhawk,L1P,L
A10819,N166BH,B407,BELL 407,H1T,L
A10B19,N16651,J2,PIPER J-2 Cub,L1P,L
A10E19,N1670T,C414,CESSNA 414 Chancellor,L2P,L
A11219,N1682W,SBOY,INTERPLANE Skyboy,L1P,L
A11419,N169LB,BALL,,B0-,-
A11519,N169WH,TAIL,WITTMAN Tailwind,L1P,L
A11719,N17CU,DRON,,D0-,-
A11D19,N171CC,,,,
A12119,N172FA,C172,CESSNA 172 Skyhawk,L1P,L
A12219,N172RG,C72R,CESSNA 172R Cutlass RG,L1P,L
A12319,N1721C,C180,CESSNA  180 Skywagon,L1P,L
A12419,N1728P,PA22,PIPER PA-22,L1P,L
A12719,N1733F,C172,CESSNA 172 Skyhawk,L1P,L
A12C19,N175DP,CL35,BOMBARDIER BD-100 Challenger 350,L2J,M
A12F19,N1757M,PA18,PIPER PA-18 Super Cub,L1P,L
A13119,N176ST,BE36,BEECH 36 Bonanza,L1P,L
A13319,N1769Q,C150,CESSNA 150,L1P,L
A13719,N178CB,EC20,AIRBUS HELICOPTERS EC-120,H1T,L
A13A19,N1786K,L8,LUSCOMBE 8,L1P,L
A13F19,N18HY,SR22,CIRRUS SR-22,L1P,L
A14019,N18UD,F900,DASSAULT Falcon 900,L3J,M
A14719,N1812Z,BE77,BEECH 77 Skipper,L1P,L
A14919,N182LE,C182,CESSNA 182 Skylane,L1P,L
A14A19,N182WL,C182,CESSNA 182 Skylane,L1P,L
A14B19,N18242,BE77,BEECH 77 Skipper,L1P,L
A14D19,N183PC,PC12,PILATUS PC-12,L1T,L
A14F19,N18365,TAYA,TAYLORCRAFT A,L1P,L
A15119,N184SA,SVNH,AEROTEC Savannah,L1P,L
A15219,N1841X,C182,CESSNA 182 Skylane,L1P,L
A15419,N185JT,C185,CESSNA 185 Skywagon,L1P,L
A15B19,N187EH,AS50,AEROSPATIALE AS-350 Ecureuil,H1T,L
A15D19,N1870V,C172,CESSNA 172 Skyhawk,L1P,L
A16019,N188TM,E50P,EMBRAER EMB-500 Phenom 100,L2J,L
A16119,N1882Y,C172,CESSNA 172 Skyhawk,L1P,L
A16519,N18941,BE76,BEECH 76 Duchess,L2P,L
A16619,N19CW,BL8,BELLANCA 8 Decathlon,L1P,L
A16C19,N191CE,H269,HUGHES Sky Knight,H1P,L
A17019,N192FC,P28A,PIPER PA-28-140/150/160/180,L1P,L
A17219,N1921E,CH7A,BELLANCA 7 Champion,L1P,L
A17619,N1933H,P28A,PIPER PA-28-140/150/160/180,L1P,L
A17A19,N1945L,BE23,BEECH 23 Sundowner,L1P,L
A17B19,N195DR,C195,CESSNA 195,L1P,L
A17D19,N1950C,C195,CESSNA 195,L1P,L
A17E19,N1957P,,,,
A18219,N1969S,SA30,STOLP Starduster Too,L1P,L
A18519,N1974J,C172,CESSNA 172 Skyhawk,L1P,L
A18C19,N1991D,BE35,BEECH 35 Starfire Bonanza,L1P,L
A18E19,N2J,PA12,PIPER PA-12 Super Cruiser,L1P,L
A19019,N20EL,TOBA,SOCATA Tobago,L1P,L
A19119,N20QS,AS20,SCHLEICHER ASW-20,L1P,L
A19319,N200MC,C414,CESSNA 414 Chancellor,L2P,L
A19519,N2005Q,C77R,CESSNA 177RG Cardinal RG,L1P,L
A19619,N201DV,M20P,MOONEY M-20,L1P,L
A19719,N201QA,M20P,MOONEY M-20,L1P,L
A19819,N2010G,C182,CESSNA 182 Skylane,L1P,L
A19A19,N202GT,M7,MAULE M-7,L1P,L
A19D19,N2029W,BE35,BEECH 35 Starfire Bonanza,L1P,L
A1A019,N2034N,C152,CESSNA 152,L1P,L
A1A119,N204CH,AS50,AEROSPATIALE AS-350 Ecureuil,H1T,L
A1A419,N2046R,P28A,PIPER PA-28-140/150/160/180,L1P,L
A1A619,N205RM,AT5T,AIR TRACTOR AT-504,L1T,L
A1A719,N2051H,ERCO,AIR PRODUCTS F-1 Aircoupe,L1P,L
A1A919,N206JD,C206,CESSNA  206 Stationair,L1P,L
A1AA19,N206UK,B06,BELL 206 JetRanger,H1T,L
A1AB19,N2063L,BE19,BEECH 19 Sport,L1P,L
A1AC19,N207AW,LJ60,LEARJET 60,L2J,M
A1AD19,N207MB,SR22,CIRRUS SR-22,L1P,L
A1B119,N208Q,BE95,BEECH 95 Travel Air,L2P,L
A1B419,N209GS,ULAC,,L0-,-
A1B519,N209SY,E75L,EMBRAER ERJ-170-200 (long wing),L2J,M
A1B919,N21VW,M5,MAULE M-5,L1P,L
A1BA19,N210GA,C210,CESSNA 201 Centurion,L1P,L
A1BC19,N21013,C182,CESSNA 182 Skylane,L1P,L
A1C519,N213EP,GALX,GULFSTREAM G200,L2J,M
A1C719,N21301,AR65,AERONCA 65 Super Chief,L1P,L
A1C819,N2138B,T206,CESSNA T206 Turbo Stationair,L1P,L
A1CA19,N214TT,PTS2,PITTS S-2 Special,L1P,L
A1CF19,N21547,C82S,CESSNA T182 Turbo Skylane,L1P,L
A1D019,N216DB,RV8,VANS RV-8,L1P,L
A1D119,N216PH,RV6,VANS RV-6,L1P,L
A1D419,N217G,RC3,REPUBLIC RC-3 Seabee,A1P,L
A1D519,N217SF,T28,NORTH AMERICAN T-28,L1P,L
A1D619,N21712,GLID,,L0-,-
A1DE19,N21958,C185,CESSNA 185 Skywagon,L1P,L
A1DF19,N22EN,PTS1,PITTS S-1 Special,L1P,L
A1E019,N22QU,,,,
A1E219,N220ME,T206,CESSNA T206 Turbo Stationair,L1P,L
A1E719,N2210J,C150,CESSNA 150,L1P,L
A1E819,N2217V,CLON,AUTOGYRO Cavalon,G1P,L
A1E919,N222GV,GLF5,GULFSTREAM 5,L2J,M
A1EA19,N222TA,C150,CESSNA 150,L1P,L
A1EC19,N2229Y,P28A,PIPER PA-28-140/150/160/180,L1P,L
A1EF19,N2234Q,M20P,MOONEY M-20,L1P,L
A1F019,N224CK,S22T,CIRRUS SR-22T Turbo,L1P,L
A1FC19,N227MD,COZY,CO-Z Cozy,L1P,L
A20219,N2287U,C140,CESSNA 140,L1P,L
A20519,N2292L,BE35,BEECH 35 Starfire Bonanza,L1P,L
A20619,N2299X,C337,CESSNA 337 Super Skymaster,L2P,L
A20919,N230GC,PTS1,PITTS S-1 Special,L1P,L
A20B19,N23015,C150,CESSNA 150,L1P,L
A21019,N232BT,C150,CESSNA 150,L1P,L
A21219,N232YE,GLST,GLASAIR SH-4 GlaStar,L1P,L
A21319,N2326A,BE36,BEECH 36 Bonanza,L1P,L
A21619,N23303,C150,CESSNA 150,L1P,L
A21A19,N23426,PA31,PIPER PA-31-300/310/325/350/425,L2P,L
A21B19,N253AF,PC12,PILATUS PC-12,L1T,L
A21E19,N23549,AR65,AERONCA 65 Super Chief,L1P,L
A21F19,N236DD,FOX,KITFOX,L1P,L
A22219,N2367B,,,,
A22419,N237SH,EC30,AIRBUS HELICOPTERS EC-130,H1T,L
A22519,N23714,BE36,BEECH 36 Bonanza,L1P,L
A22619,N2379E,CH7A,BELLANCA 7 Champion,L1P,L
A22B19,N239MY,H500,HUGHES 500,H1T,L
A23119,N240MG,,,,
A23619,N2410L,C172,CESSNA 172 Skyhawk,L1P,L
A23719,N2417X,C182,CESSNA 182 Skylane,L1P,L
A23919,N242TC,T206,CESSNA T206 Turbo Stationair,L1P,L
A23A19,N2422P,PA38,PIPER PA-38 Tomahawk,L1P,L
A24219,N2446V,,,,
A24519,N2451M,PA12,PIPER PA-12 Super Cruiser,L1P,L
A24619,N2458Y,C172,CESSNA 172 Skyhawk,L1P,L
A24B19,N247MI,SF50,CIRRUS SF-50 Vision,L1J,L
A24D19,N2475T,PA38,PIPER PA-38 Tomahawk,L1P,L
A25319,N249TB,BALL,,B0-,-
A25419,N2492N,C120,CESSNA 120,L1P,L
A25719,N25W,PC12,PILATUS PC-12,L1T,L
A25819,N250GE,B738,BOEING 737-800,L2J,M
A25919,N250SL,JAB4,JABIRU J200-450,L1P,L
A25A19,N25017,,,,
A26519,N25305,B14A,BELLANCA 14,L1P,L
A26619,N2538F,CH7A,BELLANCA 7 Champion,L1P,L
A27119,N2567D,C170,CESSNA 170,L1P,L
A27419,N25716,PARA,,P0-,-
A27519,N2579G,C182,CESSNA 182 Skylane,L1P,L
A27619,N258KB,RAF2,ROTARY AIR FORCE RAF-2000,G1P,L
A27C19,N2596B,PA38,PIPER PA-38 Tomahawk,L1P,L
A27F19,N260BC,PA24,PIPER PA-24 Comanche,L1P,L
A28219,N2605W,M20P,MOONEY M-20,L1P,L
A28319,N261EA,BE36,BEECH 36 Bonanza,L1P,L
A28619,N2617Z,LGEZ,RUTAN Long-EZ,L1P,L
A28A19,N26292,AA5,AMERICAN AA-5 Tiger,L1P,L
A28C19,N263WC,C550,CESSNA 550 Citation S2,L2J,L
A28D19,N2634U,C172,CESSNA 172 Skyhawk,L1P,L
A28E19,N264CP,SR22,CIRRUS SR-22,L1P,L
A29119,N2646X,BALL,,B0-,-
A29219,N265FM,T28,NORTH AMERICAN T-28,L1P,L
A29819,N2663S,C337,CESSNA 337 Super Skymaster,L2P,L
A29C19,N2675V,C170,CESSNA 170,L1P,L
A2A219,N269TD,C208,CESSNA 208 Caravan,L1T,L
A2A319,N2692Q,C182,CESSNA 182 Skylane,L1P,L
A2A419,N26991,J3,PIPER J-3 Cub,L1P,L
A2A919,N27019,J3,PIPER J-3 Cub,L1P,L
A2AD19,N2714B,C402,CESSNA 402 Businessliner,L2P,L
A2B319,N273RA,G3,REMOS Mirage,L1P,L
A2B419,N27307,AR6T,AERONCA 65 Tandem,L1P,L
A2B519,N2738H,ERCO,AIR PRODUCTS F-1 Aircoupe,L1P,L
A2B919,N275AK,B739,BOEING 737-900,L2J,M
A2BC19,N2755C,C180,CESSNA  180 Skywagon,L1P,L
A2C019,N2767F,B06,BELL 206 JetRanger,H1T,L
A2C419,N2779J,ERCO,AIR PRODUCTS F-1 Aircoupe,L1P,L
A2C819,N279BW,RV3,VANS RV-3,L1P,L
A2CB19,N2796D,C170,CESSNA 170,L1P,L
A2CD19,N28R,F2TH,DASSAULT Falcon 2000,L2J,M
A2CF19,N280ML,EN28,ENSTROM F-28,H1P,L
A2D119,N2805Y,BALL,,B0-,-
A2D419,N2810Q,C172,CESSNA 172 Skyhawk,L1P,L
A2D519,N28171,J3,PIPER J-3 Cub,L1P,L
A2D919,N28294,J3,PIPER J-3 Cub,L1P,L
A2E319,N2851R,C182,CESSNA 182 Skylane,L1P,L
A2E719,N2863U,P28A,PIPER PA-28-140/150/160/180,L1P,L
A2E919,N287MK,P28A,PIPER PA-28-140/150/160/180,L1P,L
A2EB19,N2875X,P28A,PIPER PA-28-140/150/160/180,L1P,L
A2EE19,N2880P,PA18,PIPER PA-18 Super Cub,L1P,L
A2F019,N289H,ZZZZ,,-0-,-
A2F319,N28993,AA5,AMERICAN AA-5 Tiger,L1P,L
A2F819,N2902A,C180,CESSNA  180 Skywagon,L1P,L
A30219,N293RC,C206,CESSNA  206 Stationair,L1P,L
A30319,N29309,WACF,WACO F,L1P,L
A30819,N295AM,HUSK,CHRISTEN Husky,L1P,L
A30B19,N2955E,CH7A,BELLANCA 7 Champion,L1P,L
A31219,N2972,GLID,,L0-,-
A31619,N2984C,C180,CESSNA  180 Skywagon,L1P,L
A31819,N299ND,PA44,PIPER PA-44 Seminole,L2P,L
A31A19,N2996F,C182,CESSNA 182 Skylane,L1P,L
A31B19,N3EW,C25B,CESSNA 525B Citation CJ3,L2J,L
A31C19,N3RB,C560,CESSNA 560 Citation Ultra,L2J,M
A31D19,N30BG,GLST,GLASAIR SH-4 GlaStar,L1P,L
A32219,N3003F,C182,CESSNA 182 Skylane,L1P,L
A32319,N301AR,,,,
A32619,N3015J,C150,CESSNA 150,L1P,L
A32A19,N3027M,PA12,PIPER PA-12 Super Cruiser,L1P,L
A32C19,N303ST,C56X,CESSNA 560XL Citation XLS,L2J,M
A32D19,N3032D,C162,CESSNA 162 Skycatcher,L1P,L
A33119,N3044G,,,,
A33319,N305NH,M20P,MOONEY M-20,L1P,L
A33519,N3056K,BE33,BEECH 33 Bonanza,L1P,L
A33819,N3061B,C195,CESSNA 195,L1P,L
A33919,N3068N,R22,ROBINSON R-22 Mariner,H1P,L
A33A19,N307HY,S22T,CIRRUS SR-22T Turbo,L1P,L
A34119,N309DN,A321,AIRBUS A-321,L2J,M
A34419,N3097L,SS2T,TRUSH Turbo Thrush 500/550,L1T,L
A34519,N31GL,G2T1,GREAT LAKES 2T-1,L1P,L
A34619,N31SS,E55P,EMBRAER EMB-505 Phenom 300,L2J,M
A34A19,N31065,J3,PIPER J-3 Cub,L1P,L
A34E19,N31188,J3,PIPER J-3 Cub,L1P,L
A34F19,N312JT,PTS2,PITTS S-2 Special,L1P,L
A35219,N313BK,GLEX,BOMBARDIER BD-700 Global 6000/6500,L2J,M
A35819,N3140V,BE35,BEECH 35 Starfire Bonanza,L1P,L
A35A19,N315HF,,,,
A35B19,N315TM,C182,CESSNA 182 Skylane,L1P,L
A36019,N31641,P32R,PIPER PA-32R-300/301/301T,L1P,L
A36119,N317CW,PC12,PILATUS PC-12,L1T,L
A36219,N317PB,BE20,BEECH 200 Super King Air,L2T,M
A36619,N318S,BL17,BELLANCA 17 Viking,L1P,L
A36719,N3181W,BE35,BEECH 35 Starfire Bonanza,L1P,L
A36C19,N32BJ,FOX,KITFOX,L1P,L
A36F19,N320JA,LNC2,LANCAIR 200-320,L1P,L
A37119,N3203H,ERCO,AIR PRODUCTS F-1 Aircoupe,L1P,L
A37219,N321AT,AT5T,AIR TRACTOR AT-504,L1T,L
A37619,N322DR,RV8,VANS RV-8,L1P,L
A37819,N3220C,BE35,BEECH 35 Starfire Bonanza,L1P,L
A37919,N3227P,PA23,PIPER PA-23,L2P,L
A37A19,N323GP,E55P,EMBRAER EMB-505 Phenom 300,L2J,M
A37C19,N3232F,M20P,MOONEY M-20,L1P,L
A38119,N325CD,S22T,CIRRUS SR-22T Turbo,L1P,L
A38219,N325NK,RV12,VANS RV-12,L1P,L
A38619,N326RH,P28A,PIPER PA-28-140/150/160/180,L1P,L
A38719,N3261D,C180,CESSNA  180 Skywagon,L1P,L
A38819,N3268Q,C402,CESSNA 402 Businessliner,L2P,L
A38F19,N3285K,GC1,GLOBE Swift,L1P,L
A39119,N329PW,RV10,VANS RV-10,L1P,L
A39519,N33SU,SR20,CIRRUS SR-20,L1P,L
A39619,N330CZ,E300,EXTRA EA-300/330/350,L1P,L
A39719,N330PE,BE9L,BEECH 90 King Air,L2T,L
A39A19,N331FX,E55P,EMBRAER EMB-505 Phenom 300,L2J,M
A3A119,N333BM,SRAI,GREAT PLAINS Sonerai,L1P,L
A3A219,N333MT,M20P,MOONEY M-20,L1P,L
A3A719,N3340X,C310,CESSNA 310,L2P,L
A3AB19,N33520,P28A,PIPER PA-28-140/150/160/180,L1P,L
A3AF19,N33643,P28B,PIPER PA-28-201T/235/236,L1P,L
A3B319,N33766,AR65,AERONCA 65 Super Chief,L1P,L
A3B519,N338SB,PC6T,PILATUS PC-6 Turbo-Porter,L1T,L
A3B719,N33889,GLID,,L0-,-
A3BA19,N33931,TAYB,TAYLORCRAFT BC/BF/BL,L1P,L
A3BB19,N34BL,C172,CESSNA 172 Skyhawk,L1P,L
A3BC19,N34MS,AS50,AEROSPATIALE AS-350 Ecureuil,H1T,L
A3C019,N3403K,J3,PIPER J-3 Cub,L1P,L
A3C719,N3420E,AR11,AERONCA 11 Chief,L1P,L
A3CC19,N3439U,C182,CESSNA 182 Skylane,L1P,L
A3CF19,N3444L,T206,CESSNA T206 Turbo Stationair,L1P,L
A3D019,N345CF,BE36,BEECH 36 Bonanza,L1P,L
A3D119,N345NM,BALL,,B0-,-
A3D319,N3456P,PA23,PIPER PA-23,L2P,L
A3DF19,N349DS,DA40,DIAMOND DA-40 Club Star,L1P,L
A3E619,N350PG,COL3,CESSNA 350 Corvalis,L1P,L
A3E819,N35069,C177,CESSNA  177 Cardinal,L1P,L
A3EF19,N35234,,,,
A3F119,N353MV,C172,CESSNA 172 Skyhawk,L1P,L
A3FF19,N357D,BE35,BEECH 35 Starfire Bonanza,L1P,L
A40519,N35810,C172,CESSNA 172 Skyhawk,L1P,L
A40819,N359VB,BE35,BEECH 35 Starfire Bonanza,L1P,L
A40A19,N36BN,BE36,BEECH 36 Bonanza,L1P,L
A40D19,N360JE,HA4T,RAYTHEON 4000 Hawker Horizon,L2J,M
A41419,N362DV,ONEX,SONEX Onex,L1P,L
A41A19,N3632K,J3,PIPER J-3 Cub,L1P,L
A41B19,N3639W,PA32,PIPER PA-32,L1P,L
A41C19,N364KR,B36T,BEECH 36 Turbine Bonanza,L1T,L
A41E19,N3644N,J3,PIPER J-3 Cub,L1P,L
A41F19,N365CH,BK17,EUROCOPTER BK117 C-1/2,H2T,L
A42519,N3661H,M20P,MOONEY M-20,L1P,L
A42619,N3668U,BE36,BEECH 36 Bonanza,L1P,L
A42919,N3673L,G2T1,GREAT LAKES 2T-1,L1P,L
A42B19,N368MB,F2TH,DASSAULT Falcon 2000,L2J,M
A42D19,N3685P,BALL,,B0-,-
A43019,N3690F,BE9L,BEECH 90 King Air,L2T,L
A43119,N3697S,C172,CESSNA 172 Skyhawk,L1P,L
A43219,N37GS,GLID,,L0-,-
A43419,N370DC,DA40,DIAMOND DA-40 Club Star,L1P,L
A43719,N3707A,PA18,PIPER PA-18 Super Cub,L1P,L
A43B19,N3719D,C182,CESSNA 182 Skylane,L1P,L
A43E19,N37236,BT36,BEECH B36TC Bonanza,L1P,L
A43F19,N373BR,,,,
A44519,N37401,S1,INTERSTATE S-1 Cadet,L1P,L
A44819,N375TT,SR22,CIRRUS SR-22,L1P,L
A44F19,N377PH,SW4,SWEARINGEN Metro,L2T,M
A45119,N3777,M20P,MOONEY M-20,L1P,L
A45319,N378SF,BE20,BEECH 200 Super King Air,L2T,M
A46219,N3815S,C172,CESSNA 172 Skyhawk,L1P,L
A46619,N3827V,C170,CESSNA 170,L1P,L
A46819,N383TA,C208,CESSNA 208 Caravan,L1T,L
A46A19,N3839Y,,,,
A46D19,N3844Q,C172,CESSNA 172 Skyhawk,L1P,L
A46F19,N385NR,CRUZ,CSA PS-28 Cruiser,L1P,L
A47119,N3856T,P28R,PIPER PA-28R-180/200/201,L1P,L
A47819,N3873N,M20P,MOONEY M-20,L1P,L
A47A19,N388MD,A139,AGUSTA AW-139,H2T,L
A48019,N3897U,B06,BELL 206 JetRanger,H1T,L
A48219,N39T,P28A,PIPER PA-28-140/150/160/180,L1P,L
A48A19,N3919F,C172,CESSNA 172 Skyhawk,L1P,L
A48D19,N39238,TAYB,TAYLORCRAFT BC/BF/BL,L1P,L
A49119,N3936A,CAT,CANADAIR Catalina,A2P,M
A49419,N39403,T6,NORTH AMERICAN T-6 Texan,L1P,L
A49619,N395HP,P32R,PIPER PA-32R-300/301/301T,L1P,L
A49819,N39526,P32R,PIPER PA-32R-300/301/301T,L1P,L
A49919,N396AF,BE9L,BEECH 90 King Air,L2T,L
A49B19,N396WT,UHEL,,H0-,-
A4A019,N3977B,ST75,STEARMAN Kaydet,L1P,L
A4A119,N398GB,C172,CESSNA 172 Skyhawk,L1P,L
A4A519,N399K,C182,CESSNA 182 Skylane,L1P,L
A4A819,N4BS,PTS1,PITTS S-1 Special,L1P,L
A4A919,N4MY,M20P,MOONEY M-20,L1P,L
A4AA19,N4YD,E300,EXTRA EA-300/330/350,L1P,L
A4AB19,N40JJ,MU2,MITSUBISHI MU-2 Marquise,L2T,L
A4AD19,N400EV,EVSS,EVEKTOR SportStar,L1P,L
A4AE19,N400RA,PA31,PIPER PA-31-300/310/325/350/425,L2P,L
A4AF19,N40007,C182,CESSNA 182 Skylane,L1P,L
A4B019,N4008H,FOX,KITFOX,L1P,L
A4B319,N4013,C180,CESSNA  180 Skywagon,L1P,L
A4B919,N403PP,CL60,BOMBARDIER CL-600 Challenger,L2J,M
A4BB19,N4037F,C172,CESSNA 172 Skyhawk,L1P,L
A4BD19,N404SM,C182,CESSNA 182 Skylane,L1P,L
A4BF19,N4049J,C150,CESSNA 150,L1P,L
A4C219,N4054A,BALL,,B0-,-
A4C319,N406BW,GLST,GLASAIR SH-4 GlaStar,L1P,L
A4C619,N4066D,ULAC,,L0-,-
A4C819,N407R,B407,BELL 407,H1T,L
A4C919,N40706,BALL,,B0-,-
A4CD19,N40829,P28A,PIPER PA-28-140/150/160/180,L1P,L
A4D619,N410WE,PA15,PIPER PA-15 Vagabond,L1P,L
A4DB19,N4116Z,PA18,PIPER PA-18 Super Cub,L1P,L
A4DD19,N412RV,RV12,VANS RV-12,L1P,L
A4DE19,N4121R,P28A,PIPER PA-28-140/150/160/180,L1P,L
A4E219,N4133U,C150,CESSNA 150,L1P,L
A4E319,N414BD,C414,CESSNA 414 Chancellor,L2P,L
A4E419,N414MK,C414,CESSNA 414 Chancellor,L2P,L
A4E619,N4145X,P28A,PIPER PA-28-140/150/160/180,L1P,L
A4E919,N4150P,PA23,PIPER PA-23,L2P,L
A4EA19,N41570,P28A,PIPER PA-28-140/150/160/180,L1P,L
A4EB19,N416H,ACRO,ACRO SPORT 1,L1P,L
A4EC19,N416TF,CH70,ZENAIR CH-701 Stol,L1P,L
A4ED19,N4162S,BE33,BEECH 33 Bonanza,L1P,L
A4EE19,N41693,CH7A,BELLANCA 7 Champion,L1P,L
A4F019,N417WD,SR22,CIRRUS SR-22,L1P,L
A4F119,N4174V,P46T,PIPER PA-46-500TP,L1T,L
A4F519,N4186Y,R44,ROBINSON R-44 Raven,H1P,L
A4FC19,N420EX,HDJT,HONDA HondaJet,L2J,L
A4FE19,N42009,J3,PIPER J-3 Cub,L1P,L
A50119,N421UA,A320,AIRBUS A-320,L2J,M
A50419,N422LT,SR22,CIRRUS SR-22,L1P,L
A50719,N423DK,C182,CESSNA 182 Skylane,L1P,L
A50A19,N4237H,PA14,PIPER PA-14 Family Cruiser,L1P,L
A50C19,N424SP,GLAS,Glasair,L1P,L
A50E19,N4249L,C172,CESSNA 172 Skyhawk,L1P,L
A51419,N426YK,YK52,YAKOVLEV Yak-52,L1P,L
A51519,N4266F,C172,CESSNA 172 Skyhawk,L1P,L
A51819,N42708,PARA,,P0-,-
A51C19,N4283A,,,,
A52019,N4295D,BE35,BEECH 35 Starfire Bonanza,L1P,L
A52519,N430WG,DHC1,DE HAVILLAND DHC-1 Chipmunk,L1P,L
A52A19,N43161,P32R,PIPER PA-32R-300/301/301T,L1P,L
A52D19,N4321T,P28R,PIPER PA-28R-180/200/201,L1P,L
A53119,N4333W,J3,PIPER J-3 Cub,L1P,L
A53319,N434MM,SR22,CIRRUS SR-22,L1P,L
A53819,N4350R,C172,CESSNA 172 Skyhawk,L1P,L
A53919,N43572,TAYB,TAYLORCRAFT BC/BF/BL,L1P,L
A53B19,N436TH,C172,CESSNA 172 Skyhawk,L1P,L
A53D19,N43695,P28A,PIPER PA-28-140/150/160/180,L1P,L
A53E19,N437L,FOX,KITFOX,L1P,L
A53F19,N437WF,BE20,BEECH 200 Super King Air,L2T,M
A54019,N4374X,P28R,PIPER PA-28R-180/200/201,L1P,L
A54419,N43860,C172,CESSNA 172 Skyhawk,L1P,L
A54719,N4391S,SREY,PROGRESSIVE AERODYNE SeaRey,A1P,L
A54819,N43983,P28A,PIPER PA-28-140/150/160/180,L1P,L
A54A19,N44UU,DISC,SCHEMPP-HIRTH Discus,L1P,L
A54B19,N440EZ,VEZE,RUTAN VariEze,L1P,L
A54E19,N4408M,PA12,PIPER PA-12 Super Cruiser,L1P,L
A55019,N441UC,C441,CESSNA 441 Conquest,L2T,L
A55119,N4413D,ST75,STEARMAN Kaydet,L1P,L
A55219,N442AP,AEST,AEROSTAR 600,L2P,L
A55319,N442LV,C510,CESSNA 510 Citation Mustang,L2J,L
A55D19,N4449N,,,,
A56019,N4454E,,,,
A56119,N446C,S108,STINSON 108 Voyager,L1P,L
A56919,N448HW,M7,MAULE M-7,L1P,L
A56B19,N4483C,PA24,PIPER PA-24 Comanche,L1P,L
A56C19,N449AN,A21N,AIRBUS A-321neo,L2J,M
A56F19,N4495F,P28A,PIPER PA-28-140/150/160/180,L1P,L
A57019,N45DL,AP22,AEROPRACT A-22,L1P,L
A57119,N45PS,BE35,BEECH 35 Starfire Bonanza,L1P,L
A57219,N45ZY,,,,
A57319,N450LC,E545,EMBRAER EMB545 Praetor 500,L2J,M
A57719,N451PA,B744,BOEING 747-400,L4J,H
A57919,N45163,N3N,NAVAL AIRCRAFT FACTORY N3N,L1P,L
A57C19,N4521V,AA5,AMERICAN AA-5 Tiger,L1P,L
A57D19,N45286,AA5,AMERICAN AA-5 Tiger,L1P,L
A58119,N454BH,,,,
A58A19,N456TK,EC45,AIRBUS HELICOPTERS EC-145,H2T,L
A59619,N4591U,C150,CESSNA 150,L1P,L
A59B19,N460RG,C25C,CESSNA 525C Citation CJ4,L2J,M
A5A419,N4625J,P28R,PIPER PA-28R-180/200/201,L1P,L
A5AC19,N4649Q,C172,CESSNA 172 Skyhawk,L1P,L
A5B619,N4671B,C180,CESSNA  180 Skywagon,L1P,L
A5BA19,N4683E,CH7A,BELLANCA 7 Champion,L1P,L
A5C319,N470WL,,,,
A5CA19,N472SA,R44,ROBINSON R-44 Raven,H1P,L
A5CC19,N47288,B38M,BOEING 737 MAX 8,L2J,M
A5D619,N4750V,ST75,STEARMAN Kaydet,L1P,L
A5DB19,N47699,P28A,PIPER PA-28-140/150/160/180,L1P,L
A5E019,N478PB,,,,
A5E419,N479S,ULAC,,L0-,-
A5E619,N47987,P28R,PIPER PA-28R-180/200/201,L1P,L
A5E719,N48JS,SR20,CIRRUS SR-20,L1P,L
A5F319,N4825L,BD5,BEDE BD-5B/D/G,L1P,L
A5FB19,N4849S,PA32,PIPER PA-32,L1P,L
A5FD19,N485VT,SR22,CIRRUS SR-22,L1P,L
A5FE19,N4854J,P28R,PIPER PA-28R-180/200/201,L1P,L
A60219,N4866M,PA11,PIPER PA-11 Cub Special,L1P,L
A60619,N4878Q,C185,CESSNA 185 Skywagon,L1P,L
A60919,N4883G,C172,CESSNA 172 Skyhawk,L1P,L
A61219,N490WN,B737,BOEING 737-700,L2J,M
A61919,N492SC,CRUZ,CSA PS-28 Cruiser,L1P,L
A61A19,N4921Z,PA22,PIPER PA-22,L1P,L
A61B19,N4929,,,,
A61E19,N49332,PTS1,PITTS S-1 Special,L1P,L
A62219,N49455,C152,CESSNA 152,L1P,L
A62819,N496TP,R22,ROBINSON R-22 Mariner,H1P,L
A62A19,N497A,BE55,BEECH 55 Baron,L2P,L
A62D19,N49743,ST75,STEARMAN Kaydet,L1P,L
A63519,N49989,ST75,STEARMAN Kaydet,L1P,L
A63619,N5JU,B06,BELL 206 JetRanger,H1T,L
A63719,N5V,BE35,BEECH 35 Starfire Bonanza,L1P,L
A63919,N50RL,,,,
A63A19,N500BR,P46T,PIPER PA-46-500TP,L1T,L
A63B19,N500MX,PC12,PILATUS PC-12,L1T,L
A63D19,N50059,C150,CESSNA 150,L1P,L
A64019,N50101,T206,CESSNA T206 Turbo Stationair,L1P,L
A64319,N502TT,CLON,AUTOGYRO Cavalon,G1P,L
A64419,N50224,C150,CESSNA 150,L1P,L
A64819,N50347,C150,CESSNA 150,L1P,L
A64E19,N505SF,C340,CESSNA 340 Super,L2P,L
A65019,N5059C,C72R,CESSNA 172R Cutlass RG,L1P,L
A65719,N50758,,,,
A65F19,N51AC,C25C,CESSNA 525C Citation CJ4,L2J,M
A66019,N51LJ,T51,TITAN T-51 Mustang,L1P,L
A66219,N510GV,GLF5,GULFSTREAM 5,L2J,M
A66319,N510TA,,,,
A66419,N5102M,BE23,BEECH 23 Sundowner,L1P,L
A66819,N5114Q,T210,CESSNA T210 Turbo Centurion,L1P,L
A66C19,N5126T,CH7A,BELLANCA 7 Champion,L1P,L
A66F19,N5131K,NAVI,NORTH AMERICAN Navion,L1P,L
A67319,N5143N,ST75,STEARMAN Kaydet,L1P,L
A67519,N515MD,MUS2,BUSHBY M-2 Mustang 2,L1P,L
A67719,N5155R,BALL,,B0-,-
A67A19,N5160H,PA14,PIPER PA-14 Family Cruiser,L1P,L
A67D19,N517T,EFOX,AEROPRO Eurofox,L1P,L
A67F19,N5179X,CH7A,BELLANCA 7 Champion,L1P,L
A68019,N518KS,,,,
A68219,N5184P,C82T,CESSNA TR182 Turbo Skylane RG,L1P,L
A68919,N520BT,RV7,VANS RV-7,L1P,L
A68C19,N5206A,C310,CESSNA 310,L2P,L
A68D19,N521ER,C172,CESSNA 172 Skyhawk,L1P,L
A69319,N52226,C182,CESSNA 182 Skylane,L1P,L
A69419,N523AF,P28A,PIPER PA-28-140/150/160/180,L1P,L
A69719,N52349,C182,CESSNA 182 Skylane,L1P,L
A69D19,N525SH,C150,CESSNA 150,L1P,L
A69F19,N5259E,C180,CESSNA  180 Skywagon,L1P,L
A6A019,N526K,HIGH,JUST JA20 Highlander,L1P,L
A6A319,N527BS,RV6,VANS RV-6,L1P,L
A6A519,6687,B412,BELL 412,H2T,L
A6A919,N52802,C77R,CESSNA 177RG Cardinal RG,L1P,L
A6AE19,N53AE,B06,BELL 206 JetRanger,H1T,L
A6AF19,N53LL,GLID,,L0-,-
A6B019,N53WS,BE95,BEECH 95 Travel Air,L2P,L
A6B319,N5302P,PA24,PIPER PA-24 Comanche,L1P,L
A6B419,N53090,ST75,STEARMAN Kaydet,L1P,L
A6B619,N531WA,PA11,PIPER PA-11 Cub Special,L1P,L
A6B719,N5314S,PA44,PIPER PA-44 Seminole,L2P,L
A6BB19,N5326V,UH12,HILLER UH-12,H1P,L
A6C919,N5360K,P32R,PIPER PA-32R-300/301/301T,L1P,L
A6CE19,N5379Z,PA22,PIPER PA-22,L1P,L
A6D019,N538W,,,,
A6D119,N5384R,C172,CESSNA 172 Skyhawk,L1P,L
A6D819,N540BV,M7,MAULE M-7,L1P,L
A6DB19,N5406C,C170,CESSNA 170,L1P,L
A6DE19,N54105,SR22,CIRRUS SR-22,L1P,L
A6E319,N543AH,RV6,VANS RV-6,L1P,L
A6E619,N5435A,C310,CESSNA 310,L2P,L
A6EA19,N5447D,BE35,BEECH 35 Starfire Bonanza,L1P,L
A6F919,N5488E,,,,
A6FD19,N55AG,PA30,PIPER PA-30 Twin Comanche,L2P,L
A70019,N550GZ,C550,CESSNA 550 Citation S2,L2J,L
A70119,N550TE,BALL,,B0-,-
A70619,N5514U,P28A,PIPER PA-28-140/150/160/180,L1P,L
A70719,N552CP,B407,BELL 407,H1T,L
A70A19,N5526X,SS2P,ROCKWELL Thrush Commander,L1P,L
A71319,N555MH,PA23,PIPER PA-23,L2P,L
A71519,N5555V,BIPL,EAA Biplane,L1P,L
A71819,N5560M,VO10,NORTH AMERICAN ROCKWELL Commander 100,L1P,L
A71D19,N55791,P337,CESSNA P337 Skymaster,L2P,L
A72019,N5584T,C172,CESSNA 172 Skyhawk,L1P,L
A72219,N559NU,,,,
A72519,N56FL,GLID,,L0-,-
A72B19,N561EV,RV7,VANS RV-7,L1P,L
A73519,N5635C,M20P,MOONEY M-20,L1P,L
A73C19,N56518,M5,MAULE M-5,L1P,L
A73D19,N5659J,C182,CESSNA 182 Skylane,L1P,L
A74019,N5664A,C172,CESSNA 172 Skyhawk,L1P,L
A74119,N567BW,C525,CESSNA 525 CitationJet,L2J,L
A74819,N5688G,C150,CESSNA 150,L1P,L
A74C19,N57AJ,GLST,GLASAIR SH-4 GlaStar,L1P,L
A74D19,N57LQ,GLF4,GULFSTREAM 4,L2J,M
A74E19,N57WW,TRDO,TITAN Tornado SS,L1P,L
A75C19,N5731R,C172,CESSNA 172 Skyhawk,L1P,L
A76719,N5760P,PA24,PIPER PA-24 Comanche,L1P,L
A76B19,N5772S,GLID,,L0-,-
A76C19,N57793,ST75,STEARMAN Kaydet,L1P,L
A77C19,N58109,FA62,FAIRCHILD M-26 Cornell,L1P,L
A78419,N5835E,C150,CESSNA 150,L1P,L
A78A19,N585SP,SR20,CIRRUS SR-20,L1P,L
A78B19,N5852,WACO,WACO E/O,L1P,L
A79119,N587ND,SA30,STOLP Starduster Too,L1P,L
A79D19,N59WY,HUSK,CHRISTEN Husky,L1P,L
A7A519,N592CT,SR20,CIRRUS SR-20,L1P,L
A7AB19,N5931T,C150,CESSNA 150,L1P,L
A7B119,N595MM,,,,
A7B619,N5960R,C172,CESSNA 172 Skyhawk,L1P,L
A7B919,N597TH,LNC4,LANCAIR 4,L1P,L
A7BA19,N5972U,P28A,PIPER PA-28-140/150/160/180,L1P,L
A7BD19,N598WF,TBM9,SOCATA TBM-900/910/930/940,L1T,L
A7C419,N6RW,C310,CESSNA 310,L2P,L
A7C519,N60CA,,,,
A7C619,N60NG,,,,
A7CA19,N60030,C82S,CESSNA T182 Turbo Skylane,L1P,L
A7CB19,N601BK,CH60,ZENAIR CH-600 Zodiac,L1P,L
A7CC19,N601MR,CH60,ZENAIR CH-600 Zodiac,L1P,L
A7CE19,N60153,AT5T,AIR TRACTOR AT-504,L1T,L
A7D119,N6020V,CH7A,BELLANCA 7 Champion,L1P,L
A7D619,N60399,C150,CESSNA 150,L1P,L
A7DD19,N60564,O1,CESSNA 305/341 Bird Dog,L1P,L
A7E119,N60687,C150,CESSNA 150,L1P,L
A7F119,N6100C,BE18,BEECH 18 Expetitor,L2P,L
A7F519,N6112F,C210,CESSNA 201 Centurion,L1P,L
A7F819,N612VT,,,,
A7F919,N6124J,P28A,PIPER PA-28-140/150/160/180,L1P,L
A7FB19,N613NK,A320,AIRBUS A-320,L2J,M
A7FD19,N6136M,AT5T,AIR TRACTOR AT-504,L1T,L
A80519,N616AS,SR22,CIRRUS SR-22,L1P,L
A80619,N616LY,PTS1,PITTS S-1 Special,L1P,L
A80B19,N6170B,C182,CESSNA 182 Skylane,L1P,L
A80C19,N6177N,PA14,PIPER PA-14 Family Cruiser,L1P,L
A81419,N62CC,DC3,DOUGLAS DC-3 Dakota,L2P,M
A81919,N62032,HROC,HARMON Rocket,L1P,L
A82519,N624A,PA22,PIPER PA-22,L1P,L
A82919,N625CY,LJ35,LEARJET 35,L2J,M
A82E19,N626SB,PA31,PIPER PA-31-300/310/325/350/425,L2P,L
A83019,N62689,C172,CESSNA 172 Skyhawk,L1P,L
A83419,N628BL,,,,
A83719,N62854,BE36,BEECH 36 Bonanza,L1P,L
A83A19,N6290W,P210,CESSNA P210 Centurion,L1P,L
A83B19,N62977,CH7A,BELLANCA 7 Champion,L1P,L
A84519,N6319U,BE36,BEECH 36 Bonanza,L1P,L
A84C19,N6336P,PA24,PIPER PA-24 Comanche,L1P,L
A84F19,N6341F,C182,CESSNA 182 Skylane,L1P,L
A85019,N6348S,C150,CESSNA 150,L1P,L
A85119,N635JB,A320,AIRBUS A-320,L2J,M
A85519,N636M,ZZZZ,,-0-,-
A85719,N6365M,S108,STINSON 108 Voyager,L1P,L
A85819,N637DS,DRON,,D0-,-
A85A19,N6370D,C172,CESSNA 172 Skyhawk,L1P,L
A85B19,N6377Q,M20P,MOONEY M-20,L1P,L
A85E19,N6382G,,,,
A86319,N64CE,ZZZZ,,-0-,-
A86819,N64034,C172,CESSNA 172 Skyhawk,L1P,L
A86919,N641BP,FA62,FAIRCHILD M-26 Cornell,L1P,L
A86C19,N64157,C172,CESSNA 172 Skyhawk,L1P,L
A86D19,N642EM,RV6,VANS RV-6,L1P,L
A87519,N644LH,S76,SIKORSKY S-76 Spirit,H2T,L
A87619,N644WP,RV6,VANS RV-6,L1P,L
A87819,N645D,BE35,BEECH 35 Starfire Bonanza,L1P,L
A87D19,N646SD,PA32,PIPER PA-32,L1P,L
A88219,N64733,TAYD,TAYLORCRAFT DC/DF/DL,L1P,L
A88519,N648Y,WACF,WACO F,L1P,L
A88819,N649QS,C68A,CESSNA 680 Citation Latitude,L2J,M
A88919,N6490Y,T210,CESSNA T210 Turbo Centurion,L1P,L
A88F19,N6500G,COL3,CESSNA 350 Corvalis,L1P,L
A89119,N651GT,B762,BOEING 767-200,L2J,H
A89319,N6512K,C172,CESSNA 172 Skyhawk,L1P,L
A89419,N6519W,P28A,PIPER PA-28-140/150/160/180,L1P,L
A89719,N6524N,C82R,CESSNA R182 Skylane RG,L1P,L
A89819,N653CH,H269,HUGHES Sky Knight,H1P,L
A8A319,N656AW,A320,AIRBUS A-320,L2J,M
A8A919,N6570F,C150,CESSNA 150,L1P,L
A8B119,N6594M,C182,CESSNA 182 Skylane,L1P,L
A8B219,N66CG,AEST,AEROSTAR 600,L2P,L
A8BB19,N66159,C150,CESSNA 150,L1P,L
A8C719,N665DB,,,,
A8CE19,N6669C,,,,
A8D119,N66735,C180,CESSNA  180 Skywagon,L1P,L
A8DB19,N67TS,PA32,PIPER PA-32,L1P,L
A8EA19,N6736T,BT36,BEECH B36TC Bonanza,L1P,L
A8EE19,N6748W,P28A,PIPER PA-28-140/150/160/180,L1P,L
A8F119,N6753N,M20P,MOONEY M-20,L1P,L
A8F619,N677DW,,,,
A8FC19,N6782L,DHC2,DE HAVILLAND DHC-2 Beaver,L1P,L
A8FE19,N679KS,RS21,RANS S-21 Outbound,L1P,L
A90019,N6794P,PA24,PIPER PA-24 Comanche,L1P,L
A90119,N68CJ,WAIX,SONEX Waiex,L1P,L
A90219,N68NQ,T206,CESSNA T206 Turbo Stationair,L1P,L
A90A19,N6816A,PA44,PIPER PA-44 Seminole,L2P,L
A91419,N684WT,BE36,BEECH 36 Bonanza,L1P,L
A92719,N68902,,,,
A92819,N6898C,,,,
A92A19,N69TU,RV4,VANS RV-4,L1P,L
A92E19,N6907X,C172,CESSNA 172 Skyhawk,L1P,L
A93019,N691TC,C172,CESSNA 172 Skyhawk,L1P,L
A93119,N6912P,PA24,PIPER PA-24 Comanche,L1P,L
A93419,N692WA,B190,BEECH 1900,L2T,M
A93619,N693CM,DRON,,D0-,-
A93919,N6936V,M20P,MOONEY M-20,L1P,L
A93C19,N6941M,S108,STINSON 108 Voyager,L1P,L
A93E19,N695JH,AC95,NORTH AMERICAN ROCKWELL Jetprop Commander 1000,L2T,L
A94019,N6953Q,BE23,BEECH 23 Sundowner,L1P,L
A94E19,N699W,HROC,HARMON Rocket,L1P,L
A95119,N7NS,BE35,BEECH 35 Starfire Bonanza,L1P,L
A95219,N7YY,BE36,BEECH 36 Bonanza,L1P,L
A95319,N70KC,AEST,AEROSTAR 600,L2P,L
A95519,N700FP,TBM7,SOCATA TBM-700A/B/C,L1T,L
A95619,N700RV,RV6,VANS RV-6,L1P,L
A95A19,N701UT,CH70,ZENAIR CH-701 Stol,L1P,L
A95B19,N7013U,BALL,,B0-,-
A95C19,N702BD,C25A,CESSNA 525A Citation CJ2,L2J,L
A96219,N7030P,PA24,PIPER PA-24 Comanche,L1P,L
A96619,N7042S,C150,CESSNA 150,L1P,L
A96719,N70493,C172,CESSNA 172 Skyhawk,L1P,L
A96919,N705WD,DRON,,D0-,-
A96A19,N7054V,M20P,MOONEY M-20,L1P,L
A96E19,N7066Y,R44,ROBINSON R-44 Raven,H1P,L
A96F19,N707FN,BALL,,B0-,-
A97419,N708US,C56X,CESSNA 560XL Citation XLS,L2J,M
A97619,N709BC,CTAH,RAINBOW SKYREACH Cheetah,L1P,L
A97919,N7095W,P28A,PIPER PA-28-140/150/160/180,L1P,L
A97C19,N710AM,BE35,BEECH 35 Starfire Bonanza,L1P,L
A97F19,N7105E,C182,CESSNA 182 Skylane,L1P,L
A98119,N711PR,BE36,BEECH 36 Bonanza,L1P,L
A98219,N711ZX,B752,BOEING 757-200,L2J,M
A98419,N712GH,RV8,VANS RV-8,L1P,L
A98519,N712SP,C172,CESSNA 172 Skyhawk,L1P,L
A98819,N713KF,,,,
A98A19,N7134C,P28A,PIPER PA-28-140/150/160/180,L1P,L
A98C19,N714ND,P28A,PIPER PA-28-140/150/160/180,L1P,L
A98D19,N714YK,C152,CESSNA 152,L1P,L
A98E19,N7146F,C150,CESSNA 150,L1P,L
A99019,N715RB,PA18,PIPER PA-18 Super Cub,L1P,L
A99519,N7163A,BALL,,B0-,-
A99719,N717LS,GLF4,GULFSTREAM 4,L2J,M
A99919,N7175D,PA18,PIPER PA-18 Super Cub,L1P,L
A9A019,N71919,L8,LUSCOMBE 8,L1P,L
A9A119,N7199K,PA18,PIPER PA-18 Super Cub,L1P,L
A9A419,N720FR,A321,AIRBUS A-321,L2J,M
A9A619,N7201T,C172,CESSNA 172 Skyhawk,L1P,L
A9A819,N721JP,BE36,BEECH 36 Bonanza,L1P,L
A9AA19,N7213W,P28A,PIPER PA-28-140/150/160/180,L1P,L
A9B519,N7242U,B06,BELL 206 JetRanger,H1T,L
A9B619,N72495,C140,CESSNA 140,L1P,L
A9B819,N725WF,BE36,BEECH 36 Bonanza,L1P,L
A9BD19,N72660,C140,CESSNA 140,L1P,L
A9C019,N7271S,C150,CESSNA 150,L1P,L
A9C819,N7295Y,PA30,PIPER PA-30 Twin Comanche,L2P,L
A9C919,N73EC,TAMP,SOCATA TB-9 Tampico,L1P,L
A9CF19,N731DM,RV7,VANS RV-7,L1P,L
A9D319,N732GK,T210,CESSNA T210 Turbo Centurion,L1P,L
A9D419,N732SR,T210,CESSNA T210 Turbo Centurion,L1P,L
A9D519,N7322B,BE35,BEECH 35 Starfire Bonanza,L1P,L
A9D619,N7329N,T210,CESSNA T210 Turbo Centurion,L1P,L
A9DA19,N734C,C182,CESSNA 182 Skylane,L1P,L
A9DC19,N734YM,C172,CESSNA 172 Skyhawk,L1P,L
A9DE19,N735EY,C182,CESSNA 182 Skylane,L1P,L
A9E119,N7358L,,,,
A9E219,N736HW,C172,CESSNA 172 Skyhawk,L1P,L
A9E319,N736UB,C172,CESSNA 172 Skyhawk,L1P,L
A9E619,N737LU,C172,CESSNA 172 Skyhawk,L1P,L
A9E719,N737X,RV7,VANS RV-7,L1P,L
A9E919,N738DL,C172,CESSNA 172 Skyhawk,L1P,L
A9EA19,N738PS,C172,CESSNA 172 Skyhawk,L1P,L
A9EB19,N738ZY,C172,CESSNA 172 Skyhawk,L1P,L
A9EC19,N7387J,P28A,PIPER PA-28-140/150/160/180,L1P,L
A9EE19,N739SQ,C172,CESSNA 172 Skyhawk,L1P,L
A9F119,N74KG,FDCT,FLIGHT DESIGN CT,L1P,L
A9F319,N740FT,PA44,PIPER PA-44 Seminole,L2P,L
A9F619,N74086,AA5,AMERICAN AA-5 Tiger,L1P,L
A9F719,N741JR,BE20,BEECH 200 Super King Air,L2T,M
A9F919,N7413Y,PA30,PIPER PA-30 Twin Comanche,L2P,L
AA0119,N74374,AA5,AMERICAN AA-5 Tiger,L1P,L
AA0219,N744HD,AS50,AEROSPATIALE AS-350 Ecureuil,H1T,L
AA0419,N7442W,P28A,PIPER PA-28-140/150/160/180,L1P,L
AA0519,N74497,B14A,BELLANCA 14,L1P,L
AA0619,N745LB,BALL,,B0-,-
AA0C19,N74662,AA5,AMERICAN AA-5 Tiger,L1P,L
AA0D19,N747FS,RV8,VANS RV-8,L1P,L
AA1019,N74785,M20P,MOONEY M-20,L1P,L
AA1219,N748UW,A319,AIRBUS A-319,L2J,M
AA1319,N7483X,C172,CESSNA 172 Skyhawk,L1P,L
AA1819,N75EE,C210,CESSNA 201 Centurion,L1P,L
AA1D19,N7505J,BALL,,B0-,-
AA2019,N7510A,BALL,,B0-,-
AA2419,N7522D,PA22,PIPER PA-22,L1P,L
AA2C19,N7546K,P210,CESSNA P210 Centurion,L1P,L
AA2F19,N7551B,CH7A,BELLANCA 7 Champion,L1P,L
AA3019,N7558N,C182,CESSNA 182 Skylane,L1P,L
AA3519,N757LW,,,,
AA3719,N7575H,C185,CESSNA 185 Skywagon,L1P,L
AA3A19,N7580,S22T,CIRRUS SR-22T Turbo,L1P,L
AA3C19,N759GL,C182,CESSNA 182 Skylane,L1P,L
AA4019,N76KJ,P46T,PIPER PA-46-500TP,L1T,L
AA4619,N761JT,BE35,BEECH 35 Starfire Bonanza,L1P,L
AA4C19,N76253,C120,CESSNA 120,L1P,L
AA5519,N765LD,C162,CESSNA 162 Skycatcher,L1P,L
AA6019,N768JS,C560,CESSNA 560 Citation Ultra,L2J,M
AA6319,N769BJ,BE30,BEECH 300 Super King Air,L2T,L
AA6619,N76952,C120,CESSNA 120,L1P,L
AA6719,N77EG,M20P,MOONEY M-20,L1P,L
AA7319,N7722F,C182,CESSNA 182 Skylane,L1P,L
AA7819,N774CD,SR22,CIRRUS SR-22,L1P,L
AA7D19,N775RH,PTS1,PITTS S-1 Special,L1P,L
AA8019,N776J,PULS,Pulsar,L1P,L
AA8319,N777AS,B772,BOEING 777-200,L2J,H
AA8419,N777LY,PA32,PIPER PA-32,L1P,L
AA8519,N777XD,BALL,,B0-,-
AA8919,N7780B,DC6,DOUGLAS DC-6 Liftmaster,L4P,M
AA8A19,N7787N,P28A,PIPER PA-28-140/150/160/180,L1P,L
AA8E19,N7799R,LEG2,LANCAIR Legacy,L1P,L
AA8F19,N78KL,BE58,BEECH 58 Baron,L2P,L
AA9319,N7801Z,C150,CESSNA 150,L1P,L
AA9419,N7809,,,,
AA9F19,N78378,T28,NORTH AMERICAN T-28,L1P,L
AAA219,N78420,J3,PIPER J-3 Cub,L1P,L
AAAD19,N7871Y,PA30,PIPER PA-30 Twin Comanche,L2P,L
AAAE19,N78789,C172,CESSNA 172 Skyhawk,L1P,L
AAB019,N788V,FLE7,FLEET 7,L1P,L
AAB119,N78831,PA11,PIPER PA-11 Cub Special,L1P,L
AAB919,N790MA,HUSK,CHRISTEN Husky,L1P,L
AABB19,N7905N,C172,CESSNA 172 Skyhawk,L1P,L
AABE19,N7910E,C150,CESSNA 150,L1P,L
AABF19,N7917R,BE35,BEECH 35 Starfire Bonanza,L1P,L
AAC719,N794CF,UH1,BELL UH-1 Huey,H1T,L
AAC919,N794YT,R44,ROBINSON R-44 Raven,H1P,L
AACA19,N7946P,PA24,PIPER PA-24 Comanche,L1P,L
AACB19,N795FD,B752,BOEING 757-200,L2J,M
AACD19,N7951F,P28A,PIPER PA-28-140/150/160/180,L1P,L
AACF19,N796JB,A320,AIRBUS A-320,L2J,M
AAD119,N7963J,B06,BELL 206 JetRanger,H1T,L
AAD319,N797M,GALX,GULFSTREAM G200,L2J,M
AAD619,N798DS,DA40,DIAMOND DA-40 Club Star,L1P,L
AADB19,N799SW,B737,BOEING 737-700,L2J,M
AADC19,N7992G,C172,CESSNA 172 Skyhawk,L1P,L
AADD19,N7999T,C175,CESSNA 175 Skylark,L1P,L
AADF19,N8VU,B06,BELL 206 JetRanger,H1T,L
AAE119,N80SE,FOX,KITFOX,L1P,L
AAE219,N800CK,LJ31,LEARJET 31,L2J,M
AAEA19,N802JF,AT8T,AIR TRACTOR AT-802,L1T,M
AAEB19,N802UM,P28A,PIPER PA-28-140/150/160/180,L1P,L
AAEC19,N8023N,P28A,PIPER PA-28-140/150/160/180,L1P,L
AAF019,N8035R,BE24,BEECH 24 Sierra,L1P,L
AAF619,N805T,GA6C,GULFSTREAM G600,L2J,M
AAF919,N806KS,EXEC,ROTORWAY Exec,H1P,L
AAFC19,N807CJ,CH75,ZENAIR CH-750 Cruzer,L1P,L
AB0019,N808FG,A139,AGUSTA AW-139,H2T,L
AB0219,N8081J,BALL,,B0-,-
AB0319,N8088V,,,,
AB0A19,N810HP,RV6,VANS RV-6,L1P,L
AB0D19,N811AF,C82T,CESSNA TR182 Turbo Skylane RG,L1P,L
AB0E19,N811LM,PC12,PILATUS PC-12,L1T,L
AB0F19,N811WT,SHEK,RANS S-16 Shekari,L1P,L
AB1019,N81149,P28A,PIPER PA-28-140/150/160/180,L1P,L
AB1119,N812DD,AC11,NORTH AMERICAN ROCKWELL Commander 112/114,L1P,L
AB1519,N813GB,AC80,NORTH AMERICAN ROCKWELL Turbo Commander 680,L2T,L
AB1619,N813SH,C560,CESSNA 560 Citation Ultra,L2J,M
AB1A19,N814VF,DRON,,D0-,-
AB1B19,N81437,BE9L,BEECH 90 King Air,L2T,L
AB2319,N8168C,PA18,PIPER PA-18 Super Cub,L1P,L
AB2719,N818AE,E135,EMBRAER ERJ-135,L2J,M
AB2819,N818LL,SF50,CIRRUS SF-50 Vision,L1J,L
AB2F19,N82GA,SBD,DOUGLAS SBD Dauntless,L1P,L
AB3019,N82SG,LNC4,LANCAIR 4,L1P,L
AB3419,N8206V,C180,CESSNA  180 Skywagon,L1P,L
AB3619,N821RR,BN2P,BRITTEN-NORMAN BN-2 Islander,L2P,L
AB3919,N822JH,BALL,,B0-,-
AB3A19,N822UP,B350,BEECHCRAFT Super King Air 350,L2T,M
AB4319,N8247W,P28A,PIPER PA-28-140/150/160/180,L1P,L
AB4519,N825TB,E550,EMBRAER EMB-550 Praetor 600,L2J,M
AB4619,N8252N,P28A,PIPER PA-28-140/150/160/180,L1P,L
AB4719,N8259Z,C210,CESSNA 201 Centurion,L1P,L
AB4E19,N8276U,C150,CESSNA 150,L1P,L
AB5119,N8281L,C172,CESSNA 172 Skyhawk,L1P,L
AB5219,N8288X,C172,CESSNA 172 Skyhawk,L1P,L
AB5519,N8293P,P28B,PIPER PA-28-201T/235/236,L1P,L
AB5719,N83ME,BEAR,AVIPRO RB-4 Bearhawk,L1P,L
AB5F19,N8315A,PA34,PIPER PA-34 Seneca,L2P,L
AB6319,N8327D,BE35,BEECH 35 Starfire Bonanza,L1P,L
AB6519,N833SK,CRJ9,BOMBARDIER Regional Jet CRJ-900,L2J,M
AB6619,N83316,PA18,PIPER PA-18 Super Cub,L1P,L
AB6719,N8339G,R44,ROBINSON R-44 Raven,H1P,L
AB6819,N834KB,M7,MAULE M-7,L1P,L
AB6A19,N83439,CH7A,BELLANCA 7 Champion,L1P,L
AB6C19,N835N,KR34,KREIDER_REISNER C-4 Challenger,L1P,L
AB7119,N83604,PA18,PIPER PA-18 Super Cub,L1P,L
AB7619,N838AG,BE35,BEECH 35 Starfire Bonanza,L1P,L
AB7D19,N8397C,P28R,PIPER PA-28R-180/200/201,L1P,L
AB7E19,N84GC,C550,CESSNA 550 Citation S2,L2J,L
AB7F19,N84SJ,T210,CESSNA T210 Turbo Centurion,L1P,L
AB8019,N840CP,BE20,BEECH 200 Super King Air,L2T,M
AB8719,N84180,P28R,PIPER PA-28R-180/200/201,L1P,L
AB8A19,N8423S,C182,CESSNA 182 Skylane,L1P,L
AB8C19,N843MH,B764,BOEING 767-400,L2J,H
AB9119,N8440M,P28A,PIPER PA-28-140/150/160/180,L1P,L
AB9619,N84591,CH7A,BELLANCA 7 Champion,L1P,L
AB9919,N8464T,C182,CESSNA 182 Skylane,L1P,L
ABA019,N8481N,BE33,BEECH 33 Bonanza,L1P,L
ABA119,N8488Z,C210,CESSNA 201 Centurion,L1P,L
ABA419,N8493R,P28A,PIPER PA-28-140/150/160/180,L1P,L
ABA519,N85BA,BE35,BEECH 35 Starfire Bonanza,L1P,L
ABAA19,N8503,CH7A,BELLANCA 7 Champion,L1P,L
ABAB19,N851AK,C185,CESSNA 185 Skywagon,L1P,L
ABB019,N852PP,EXEC,ROTORWAY Exec,H1P,L
ABBF19,N856R,BE35,BEECH 35 Starfire Bonanza,L1P,L
ABC019,N85606,CH7A,BELLANCA 7 Champion,L1P,L
ABC119,N8568G,C150,CESSNA 150,L1P,L
ABC419,N85729,CH7A,BELLANCA 7 Champion,L1P,L
ABC719,N858WW,ASTR,GULFSTREAM AEROSPACE Gulfstream G100,L2J,M
ABCC19,N8597E,CH7A,BELLANCA 7 Champion,L1P,L
ABCD19,N86GE,SR22,CIRRUS SR-22,L1P,L
ABCE19,N86SL,R44,ROBINSON R-44 Raven,H1P,L
ABCF19,N860CR,C560,CESSNA 560 Citation Ultra,L2J,M
ABD319,N861FP,C152,CESSNA 152,L1P,L
ABD419,N861RV,CL30,BOMBARDIER BD-100 Challenger 300,L2J,M
ABD519,N8611R,BE20,BEECH 200 Super King Air,L2T,M
ABD919,N8623U,C172,CESSNA 172 Skyhawk,L1P,L
ABDA19,N863BD,RV8,VANS RV-8,L1P,L
ABE819,N8664V,BL8,BELLANCA 8 Decathlon,L1P,L
ABF019,N86881,B14A,BELLANCA 14,L1P,L
ABF219,N869US,,,,
ABF319,N8693T,C182,CESSNA 182 Skylane,L1P,L
ABF419,N87BC,PC12,PILATUS PC-12,L1T,L
ABF519,N87MJ,BE58,BEECH 58 Baron,L2P,L
ABF919,N8703B,B505,BELL 505 JetRanger X,H1T,L
ABFA19,N871AM,M20P,MOONEY M-20,L1P,L
AC0119,N8727H,NAVI,NORTH AMERICAN Navion,L1P,L
AC0319,N873SP,RV4,VANS RV-4,L1P,L
AC0519,N8739L,B38M,BOEING 737 MAX 8,L2J,M
AC0819,N8744C,PA22,PIPER PA-22,L1P,L
AC0F19,N87608,S108,STINSON 108 Voyager,L1P,L
AC1419,N878AL,CH65,ZENAIR CH-650 Zodiac,L1P,L
AC1719,N8785D,PA18,PIPER PA-18 Super Cub,L1P,L
AC1B19,N8797G,C150,CESSNA 150,L1P,L
AC1C19,N88GG,SA30,STOLP Starduster Too,L1P,L
AC1E19,N880CT,FDCT,FLIGHT DESIGN CT,L1P,L
AC2119,N88061,DW1,BELLANCA Eagle,L1P,L
AC2519,N88184,CH7B,BELLANCA 7 Citabria,L1P,L
AC2619,N882JP,BE20,BEECH 200 Super King Air,L2T,M
AC2819,N8823W,P28B,PIPER PA-28-201T/235/236,L1P,L
AC2C19,N8835Z,C172,CESSNA 172 Skyhawk,L1P,L
AC3019,N88472,J3,PIPER J-3 Cub,L1P,L
AC3619,N886WF,PC12,PILATUS PC-12,L1T,L
AC3819,N887CS,C560,CESSNA 560 Citation Ultra,L2J,M
AC3B19,N88760,,,,
AC3D19,N888RW,EXEC,ROTORWAY Exec,H1P,L
AC4219,N8893V,C172,CESSNA 172 Skyhawk,L1P,L
AC4319,N89BE,LGEZ,RUTAN Long-EZ,L1P,L
AC4419,N89ML,WACF,WACO F,L1P,L
AC4519,N89XS,,,,
AC4819,N8903D,PA22,PIPER PA-22,L1P,L
AC4C19,N8915G,C182,CESSNA 182 Skylane,L1P,L
AC4E19,N892PT,RV7,VANS RV-7,L1P,L
AC5219,N893SR,SR22,CIRRUS SR-22,L1P,L
AC5419,N8939N,PA32,PIPER PA-32,L1P,L
AC5819,N895C,S108,STINSON 108 Voyager,L1P,L
AC5E19,N8961,C240,CESSNA 240 Corvalis TTx,L1P,L
AC5F19,N8968L,AA1,AMERICAN AA-1,L1P,L
AC6219,N8973C,PA22,PIPER PA-22,L1P,L
AC6819,N899PS,ZZZZ,,-0-,-
AC6A19,N8997J,P28A,PIPER PA-28-140/150/160/180,L1P,L
AC6B19,N9GJ,,,,
AC6E19,N90PA,PA44,PIPER PA-44 Seminole,L2P,L
AC7019,N900KM,C750,CESSNA 750 Citation 10,L2J,M
AC7219,N9004J,P28A,PIPER PA-28-140/150/160/180,L1P,L
AC7419,N901NK,A20N,AIRBUS A-320neo,L2J,M
AC7619,N9016M,C182,CESSNA 182 Skylane,L1P,L
AC7B19,N903J,BE30,BEECH 300 Super King Air,L2T,L
AC7D19,N9033G,C182,CESSNA 182 Skylane,L1P,L
AC8119,N9045K,P28A,PIPER PA-28-140/150/160/180,L1P,L
AC8519,N9057N,C172,CESSNA 172 Skyhawk,L1P,L
AC8819,N9062E,M5,MAULE M-5,L1P,L
AC8C19,N9074H,AT5T,AIR TRACTOR AT-504,L1T,L
AC8D19,N908CC,GLF4,GULFSTREAM 4,L2J,M
AC9919,N9100X,BALL,,B0-,-
AC9A19,N91078,C182,CESSNA 182 Skylane,L1P,L
AC9B19,N911HH,B06,BELL 206 JetRanger,H1T,L
AC9E19,N912A,CRER,RANS Courier,L1P,L
ACA019,N912WM,KR2,RAND KR-2,L1P,L
ACA519,N91366,,,,
ACA719,N914SB,COY2,RANS Coyote 2,L1P,L
ACA919,N91489,C182,CESSNA 182 Skylane,L1P,L
ACAB19,N915V,BE95,BEECH 95 Travel Air,L2P,L
ACAC19,N91531,NAVI,NORTH AMERICAN Navion,L1P,L
ACAD19,N916BL,M20P,MOONEY M-20,L1P,L
ACB319,N9170W,P28B,PIPER PA-28-201T/235/236,L1P,L
ACB419,N91777,T206,CESSNA T206 Turbo Stationair,L1P,L
ACBD19,N92PC,H269,HUGHES Sky Knight,H1P,L
ACC519,N9216P,PA24,PIPER PA-24 Comanche,L1P,L
ACC619,N922FD,B752,BOEING 757-200,L2J,M
ACCA19,N923JB,A321,AIRBUS A-321,L2J,M
ACCE19,N924M,,,,
ACD019,N9245M,M20P,MOONEY M-20,L1P,L
ACD119,N925DS,DA40,DIAMOND DA-40 Club Star,L1P,L
ACD319,N9250D,PA18,PIPER PA-18 Super Cub,L1P,L
ACD419,N9257Q,BE36,BEECH 36 Bonanza,L1P,L
ACD619,N926SW,CRJ2,BOMBARDIER Regional Jet CRJ-200,L2J,M
ACD719,N9262G,PA46,PIPER PA-46-310/350,L1P,L
ACD819,N9269T,C180,CESSNA  180 Skywagon,L1P,L
ACE119,N929RJ,EUPA,Europa,L1P,L
ACE619,N930EM,DRON,,D0-,-
ACF919,N935JW,BE36,BEECH 36 Bonanza,L1P,L
ACFE19,N936Y,C172,CESSNA 172 Skyhawk,L1P,L
AD0719,N939AA,RV3,VANS RV-3,L1P,L
AD0919,N939WN,B737,BOEING 737-700,L2J,M
AD0C19,N94PE,SS2T,TRUSH Turbo Thrush 500/550,L1T,L
AD0D19,N94ZL,AT5T,AIR TRACTOR AT-504,L1T,L
AD1019,N9404N,P28R,PIPER PA-28R-180/200/201,L1P,L
AD1719,N9421H,B47G,BELL 47G,H1P,L
AD1B19,N9433L,C172,CESSNA 172 Skyhawk,L1P,L
AD2019,N945DU,B739,BOEING 737-900,L2J,M
AD2319,N9457S,BE35,BEECH 35 Starfire Bonanza,L1P,L
AD2419,N946GS,LGEZ,RUTAN Long-EZ,L1P,L
AD2C19,N948NN,B738,BOEING 737-800,L2J,M
AD2E19,N9486Q,SS2P,ROCKWELL Thrush Commander,L1P,L
AD3019,N949RL,T206,CESSNA T206 Turbo Stationair,L1P,L
AD3319,N95JC,PA11,PIPER PA-11 Cub Special,L1P,L
AD3719,N95001,TAYB,TAYLORCRAFT BC/BF/BL,L1P,L
AD3819,N9508B,C72R,CESSNA 172R Cutlass RG,L1P,L
AD3A19,N951TT,CH60,ZENAIR CH-600 Zodiac,L1P,L
AD3B19,N95124,,,,
AD3F19,N95247,TAYB,TAYLORCRAFT BC/BF/BL,L1P,L
AD4419,N954G,P28A,PIPER PA-28-140/150/160/180,L1P,L
AD4E19,N95658,TAYB,TAYLORCRAFT BC/BF/BL,L1P,L
AD5519,N95823,TAYB,TAYLORCRAFT BC/BF/BL,L1P,L
AD5B19,N96PG,PA34,PIPER PA-34 Seneca,L2P,L
AD5F19,N9604Q,HUSK,CHRISTEN Husky,L1P,L
AD6619,N9621K,P32R,PIPER PA-32R-300/301/301T,L1P,L
AD6719,N9628W,MD83,MCDONNELL-DOUGLAS MD-83,L2J,M
AD6819,N963JF,FA50,DASSAULT Falcon 50,L3J,M
AD7219,N9657U,AA5,AMERICAN AA-5 Tiger,L1P,L
AD7619,N9669X,C82R,CESSNA R182 Skylane RG,L1P,L
AD7919,N9674P,PA18,PIPER PA-18 Super Cub,L1P,L
AD7D19,N9686S,CH7B,BELLANCA 7 Citabria,L1P,L
AD7E19,N969FG,C172,CESSNA 172 Skyhawk,L1P,L
AD8019,N9691J,P28A,PIPER PA-28-140/150/160/180,L1P,L
AD8119,N9698V,C172,CESSNA 172 Skyhawk,L1P,L
AD8219,N97JE,RV6,VANS RV-6,L1P,L
AD8B19,N972AF,AS21,SCHLEICHER ASK-21,L1P,L
AD9919,N97537,S108,STINSON 108 Voyager,L1P,L
ADA019,N97702,C172,CESSNA 172 Skyhawk,L1P,L
ADA419,N97825,C182,CESSNA 182 Skylane,L1P,L
ADA919,N98DC,BE55,BEECH 55 Baron,L2P,L
ADAA19,N98PJ,AC90,NORTH AMERICAN ROCKWELL Turbo Commander 690/840,L2T,L
ADAF19,N981CM,CH7B,BELLANCA 7 Citabria,L1P,L
ADB919,N9833Q,PA18,PIPER PA-18 Super Cub,L1P,L
ADBA19,N984B,B47G,BELL 47G,H1P,L
ADBD19,N9845T,C172,CESSNA 172 Skyhawk,L1P,L
ADC019,N9850K,S108,STINSON 108 Voyager,L1P,L
ADC119,N9857W,PARA,,P0-,-
ADC719,N987W,SR22,CIRRUS SR-22,L1P,L
ADC819,N9874R,BE35,BEECH 35 Starfire Bonanza,L1P,L
ADD819,N991TX,C750,CESSNA 750 Citation 10,L2J,M
ADE119,N9937D,PA18,PIPER PA-18 Super Cub,L1P,L
ADE819,N99539,ERCO,AIR PRODUCTS F-1 Aircoupe,L1P,L
ADEA19,N996N,,,,
ADF019,N9978E,C82R,CESSNA R182 Skylane RG,L1P,L
ADF219,N998TW,C560,CESSNA 560 Citation Ultra,L2J,M
ADF419,N999AG,C180,CESSNA  180 Skywagon,L1P,L
ADFE19,1713,C130,LOCKHEED C-130 Hercules,L4T,M
AE0219,84-0185,DC10,MCDONNELL DOUGLAS DC-10,L3J,H
AE0319,74-2061,C130,LOCKHEED C-130 Hercules,L4T,M
AE0419,164407,E6,BOEING E-6 Mercury,L4J,H
AE0619,65-0974,C130,LOCKHEED C-130 Hercules,L4T,M
AE0819,76-0165,BE20,BEECH 200 Super King Air,L2T,M
AE0A19,89-26187,H60,SIKORSKY UH-60 Black Hawk,H2T,M
AE0B19,85-24461,H60,SIKORSKY UH-60 Black Hawk,H2T,M
AE0E19,89-26123,H60,SIKORSKY UH-60 Black Hawk,H2T,M
AE1119,02-3637,TEX2,BEECHCRAFT T-6 Texan 2,L1T,L
AE1419,05-3802,TEX2,BEECHCRAFT T-6 Texan 2,L1T,L
AE1719,166516,H60,SIKORSKY UH-60 Black Hawk,H2T,M
AE1C19,06-08025,H47,BOEING-VERTOL CH-47 Chinook,H2T,M
AE1D19,159326,P3,LOCKHEED P-3 Orion,L4T,M
AE2019,12-72266,EC45,AIRBUS HELICOPTERS EC-145,H2T,L
AE2119,166973,F18S,BOEING FA-18 SUPER HORNET,L2J,M
AE2919,6042,H60,SIKORSKY UH-60 Black Hawk,H2T,M
AE2F19,168264,F18S,BOEING FA-18 SUPER HORNET,L2J,M
AE4819,07-20076,H60,SIKORSKY UH-60 Black Hawk,H2T,M
AE4A19,166144,TEX2,BEECHCRAFT T-6 Texan 2,L1T,L
AE4E19,11-5731,C30J,LOCKHEED MARTIN C-130J Super Hercules,L4T,M
AE5119,10-20303,H60,SIKORSKY UH-60 Black Hawk,H2T,M
AE5319,12-08880,H47,BOEING-VERTOL CH-47 Chinook,H2T,M
AE5719,168981,B737,BOEING 737-700,L2J,M
AE5A19,16-08476,H47,BOEING-VERTOL CH-47 Chinook,H2T,M
AE5B19,07-61018,BE30,BEECH 300 Super King Air,L2T,L
AE5D19,162510,H53,SIKORSKY CH-53,H2T,M
AE5F19,16-00276,DH8C,DE HAVILLAND DHC-8-300 Dash 8,L2T,M
AE6019,17-20938,H60,SIKORSKY UH-60 Black Hawk,H2T,M
AE6219,18-21013,H60,SIKORSKY UH-60 Black Hawk,H2T,M
AE6919,18-5921,C30J,LOCKHEED MARTIN C-130J Super Hercules,L4T,M
AE6A19,20-21103,H60,SIKORSKY UH-60 Black Hawk,H2T,M
C00119,C-FAKU,B06,BELL 206 JetRanger,H1T,L
C00219,C-FAUQ,B407,BELL 407,H1T,L
C00419,C-FBOI,C172,CESSNA 172 Skyhawk,L1P,L
C00519,C-FBYE,C177,CESSNA  177 Cardinal,L1P,L
C00619,C-FCIA,RAF2,ROTARY AIR FORCE RAF-2000,G1P,L
C00719,C-FCRW,F28,FOKKER F-28,L2J,M
C00819,C-FDBS,TAYA,TAYLORCRAFT A,L1P,L
C00919,C-FDLO,SS2T,TRUSH Turbo Thrush 500/550,L1T,L
C00A19,HS-TVB,DA40,DIAMOND DA-40 Club Star,L1P,L
C00B19,C-FEFG,DV20,DIAMOND DA-20,L1P,L
C00C19,C-FEPC,FOX,KITFOX,L1P,L
C00D19,C-FEYY,GLST,GLASAIR SH-4 GlaStar,L1P,L
C00E19,C-FFIU,PA12,PIPER PA-12 Super Cruiser,L1P,L
C00F19,C-FFSQ,S108,STINSON 108 Voyager,L1P,L
C01019,C-FGCM,PA22,PIPER PA-22,L1P,L
C01119,C-FGMI,LA4,LAKE LA-4/200,A1P,L
C01219,C-FGWE,C310,CESSNA 310,L2P,L
C01319,C-FHGA,C208,CESSNA 208 Caravan,L1T,L
C01419,C-FHPW,AS55,AEROSPATIALE AS-355 Ecureuil 2,H2T,L
C01519,C-FHZS,C182,CESSNA 182 Skylane,L1P,L
C01619,C-FIJO,BALL,,B0-,-
C01719,C-FITK,P28U,PIPER PA-28RT-201T Turbo,L1P,L
C01819,C-FJDG,CH30,ZENAIR CH-300 Tri-Zenith,L1P,L
C01A19,C-FJWY,AR11,AERONCA 11 Chief,L1P,L
C01B19,C-FKGU,B47G,BELL 47G,H1P,L
C01D19,C-FLAM,RV7,VANS RV-7,L1P,L
C01E19,C-FLKI,B38M,BOEING 737 MAX 8,L2J,M
C01F19,C-FLUE,CH7A,BELLANCA 7 Champion,L1P,L
C02019,C-FMEA,,,,
C02119,C-FMNW,,,,
C02219,C-FMXS,DHC2,DE HAVILLAND DHC-2 Beaver,L1P,L
C02319,C-FNHO,DV20,DIAMOND DA-20,L1P,L
C02419,C-FNRK,ULAC,,L0-,-
C02519,C-FOBG,NORS,NOORDUYN Norseman,L1P,L
C02619,C-FOLC,C180,CESSNA  180 Skywagon,L1P,L
C02719,C-FOUY,BCS1,AIRBUS A220-100,L2J,M
C02819,C-FPEU,ZZZZ,,-0-,-
C02919,C-FPOQ,B06,BELL 206 JetRanger,H1T,L
C02A19,C-FPYM,TRDO,TITAN Tornado SS,L1P,L
C02B19,C-FQII,C172,CESSNA 172 Skyhawk,L1P,L
C02D19,C-FRCA,SA3,STITS SA-3 Playboy,L1P,L
C02E19,C-FRLW,M20T,MOONEY M-20T,L1P,L
C02F19,C-FRVS,S108,STINSON 108 Voyager,L1P,L
C03019,C-FSFO,C25B,CESSNA 525B Citation CJ3,L2J,L
C03119,C-FSPK,BE76,BEECH 76 Duchess,L2P,L
C03219,C-FSZG,RBEL,MURPHY Rebel,L1P,L
C03319,C-FTJC,C560,CESSNA 560 Citation Ultra,L2J,M
C03419,C-FTSY,PA12,PIPER PA-12 Super Cruiser,L1P,L
C03619,C-FUMQ,P28A,PIPER PA-28-140/150/160/180,L1P,L
C03719,C-FUWM,ST75,STEARMAN Kaydet,L1P,L
C03819,C-FVGI,C337,CESSNA 337 Super Skymaster,L2P,L
C03A19,C-FWAA,UH12,HILLER UH-12,H1P,L
C03B19,C-FWJW,C150,CESSNA 150,L1P,L
C03C19,C-FWTS,C182,CESSNA 182 Skylane,L1P,L
C03D19,C-FXDO,C172,CESSNA 172 Skyhawk,L1P,L
C03E19,C-FXNK,C150,CESSNA 150,L1P,L
C03F19,C-FXXG,,,,
C04019,C-FYHC,C150,CESSNA 150,L1P,L
C04119,C-FYQY,,,,
C04419,C-FZUM,RV7,VANS RV-7,L1P,L
C04519,C-GAEI,C150,CESSNA 150,L1P,L
C04719,C-GAYA,RAF2,ROTARY AIR FORCE RAF-2000,G1P,L
C04819,C-GBHW,GLID,,L0-,-
C04919,C-GBRS,C172,CESSNA 172 Skyhawk,L1P,L
C04A19,C-GCBO,C170,CESSNA 170,L1P,L
C04B19,C-GCLK,GLID,,L0-,-
C04C19,C-GCVG,CAMP,GREGA GN-1 Aircamper,L1P,L
C04D19,C-GDFC,C337,CESSNA 337 Super Skymaster,L2P,L
C04E19,C-GDOY,C172,CESSNA 172 Skyhawk,L1P,L
C04F19,C-GDYU,PA22,PIPER PA-22,L1P,L
C05119,C-GESM,PA30,PIPER PA-30 Twin Comanche,L2P,L
C05219,C-GFCI,A320,AIRBUS A-320,L2J,M
C05319,C-GFME,GLID,,L0-,-
C05419,C-GFWA,PA24,PIPER PA-24 Comanche,L1P,L
C05519,C-GGFW,KR2,RAND KR-2,L1P,L
C05719,C-GGZO,PA22,PIPER PA-22,L1P,L
C05819,C-GHJK,S76,SIKORSKY S-76 Spirit,H2T,L
C05919,C-GHTG,B212,BELL 212,H2T,L
C05A19,C-GIDC,,,,
C05E19,C-GJQM,H269,HUGHES Sky Knight,H1P,L
C06119,C-GKUA,AS50,AEROSPATIALE AS-350 Ecureuil,H1T,L
C06219,C-GLDW,PA22,PIPER PA-22,L1P,L
C06319,C-GLNS,C172,CESSNA 172 Skyhawk,L1P,L
C06419,C-GLXO,,,,
C06519,C-GMHK,B06,BELL 206 JetRanger,H1T,L
C06619,C-GMRG,C150,CESSNA 150,L1P,L
C06719,C-GNBC,C182,CESSNA 182 Skylane,L1P,L
C06919,C-GNUU,,,,
C06B19,C-GOOM,RV7,VANS RV-7,L1P,L
C06C19,C-GOYI,C172,CESSNA 172 Skyhawk,L1P,L
C06D19,C-GPIE,BALL,,B0-,-
C06E19,C-GPSA,C180,CESSNA  180 Skywagon,L1P,L
C07219,C-GRFK,C172,CESSNA 172 Skyhawk,L1P,L
C07319,C-GRPG,,,,
C07419,C-GRZC,SA75,STOLP SA-750 Acroduster Too,L1P,L
C07619,C-GSSU,C172,CESSNA 172 Skyhawk,L1P,L
C07719,C-GTCQ,R44,ROBINSON R-44 Raven,H1P,L
C07819,C-GTMM,PAY1,PIPER PA-31T1-500 Cheyenne 1,L2T,L
C07919,C-GTWI,B412,BELL 412,H2T,L
C07B19,C-GUQA,P28A,PIPER PA-28-140/150/160/180,L1P,L
C07D19,C-GVJS,BE35,BEECH 35 Starfire Bonanza,L1P,L
C07F19,C-GWDK,C150,CESSNA 150,L1P,L
C08019,C-GWNG,AEST,AEROSTAR 600,L2P,L
C08119,C-GWXC,PTMS,PITTS S-12 Super Stinker,L1P,L
C08419,C-GYAQ,C172,CESSNA 172 Skyhawk,L1P,L
C08519,C-GYKM,CH7B,BELLANCA 7 Citabria,L1P,L
C08619,C-GYUI,PA20,PIPER PA-20 Pacer,L1P,L
C08719,C-GZEE,PELI,FLYER Pelican,L1P,L
C08919,C-GZXW,C172,CESSNA 172 Skyhawk,L1P,L
C08A19,C-IAHS,,,,
C08B19,C-IARO,ULAC,,L0-,-
C08E19,C-IBVC,,,,
C08F19,C-ICEY,FDCT,FLIGHT DESIGN CT,L1P,L
C09019,C-ICOU,ULAC,,L0-,-
C09119,C-ICYQ,ULAC,,L0-,-
C09219,C-IDIM,ULAC,,L0-,-
C09319,C-IDSI,BEVR,ASAP Beaver,L1P,L
C09419,C-IECE,ULAC,,L0-,-
C09519,C-IEMA,CHIN,ASAP Chinook,L1P,L
C09819,C-IFPO,ULAC,,L0-,-
C09919,C-IFZK,ULAC,,L0-,-
C09A19,C-IGJG,ULAC,,L0-,-
C09B19,C-IGTC,HUML,Hummel Bird,L1P,L
C09C19,C-IHCY,ULAC,,L0-,-
C09D19,C-IHMU,ULAC,,L0-,-
C09E19,C-IHWQ,PARA,,P0-,-
C09F19,C-IIGM,PARA,,P0-,-
C0A019,C-IIQI,PARA,,P0-,-
C0A219,C-IJKA,PARA,,P0-,-
C0A319,C-IJTW,PARA,,P0-,-
C0A419,C-IKDS,ULAC,,L0-,-
C0A519,C-IKNO,PARA,,P0-,-
C0A719,C-ILHG,ULAC,,L0-,-
C0A819,C-ILRC,,,,
C0A919,C-IMAY,,,,
C0B919,C-ISCM,ULAC,,L0-,-
C1E419,SERV,SERV,,V0-,-
C1E519,SERV,SERV,,V0-,-
C80119,ZK-BRY,PA18,PIPER PA-18 Super Cub,L1P,L
C80819,ZK-GHD,GLID,,L0-,-
C80B19,ZK-KRT,KR2,RAND KR-2,L1P,L
C80F19,ZK-CPG,TOUR,MILLICER Airtourer,L1P,L
C81119,ZK-WAP,C185,CESSNA 185 Skywagon,L1P,L
C81619,ZK-JOI,PARA,,P0-,-
C81819,ZK-HAU,R44,ROBINSON R-44 Raven,H1P,L
C81919,ZK-SWX,C172,CESSNA 172 Skyhawk,L1P,L
C81A19,ZK-ZZZ,ULAC,,L0-,-
C82019,ZK-IOA,R66,ROBINSON R-66,H1T,L
C82119,ZK-ZQN,GA8,GIPPSAERO GA-8 Airvan,L1P,L
C82219,ZK-HUN,MI34,MIL Mi-34,H1P,L
C82319,ZK-PRO,ULAC,,L0-,-
C82519,ZK-HZL,B105,EUROCOPTER BO-105,H2T,L
C82719,ZK-LOP,BALL,,B0-,-
C82919,ZK-JME,DA40,DIAMOND DA-40 Club Star,L1P,L
C87F19,NZ3404,A109,AGUSTA AW-109 Grand,H2T,L
C88019,DQ-FJU,A332,AIRBUS A-330-200,L2J,H
E02219,LV-BHY,W201,WEATHERLY 201/620,L1P,L
E03119,LV-CDY,E190,EMBRAER ERJ-190-100,L2J,M
E03619,LV-CXY,R66,ROBINSON R-66,H1T,L
E06419,LV-FPY,C170,CESSNA 170,L1P,L
E07419,LV-GPY,C172,CESSNA 172 Skyhawk,L1P,L
E47D19,PT-OTS,C560,CESSNA 560 Citation Ultra,L2J,M
E47E19,PP-CRS,C525,CESSNA 525 CitationJet,L2J,L
E47F19,PR-XXI,C750,CESSNA 750 Citation 10,L2J,M
E48219,PR-WNF,BE9L,BEECH 90 King Air,L2T,L
E48319,PP-ACN,PA46,PIPER PA-46-310/350,L1P,L
E48419,PR-AGP,C680,CESSNA 680 Citation Sovereign,L2J,M
E48519,PT-TMB,A319,AIRBUS A-319,L2J,M
E48619,PP-IDB,A109,AGUSTA AW-109 Grand,H2T,L
E48A19,PR-ZGC,RV10,VANS RV-10,L1P,L
E48C19,PR-SET,A139,AGUSTA AW-139,H2T,L
E48D19,PR-OFF,C56X,CESSNA 560XL Citation XLS,L2J,M
E49219,PP-YBA,B734,BOEING 737-400,L2J,M
E49319,PR-SDO,B733,BOEING 737-300,L2J,M
E49519,PR-CND,B734,BOEING 737-400,L2J,M
E49819,PS-TEC,BE40,BEECH 400 Beechjet,L2J,M
E80219,CC-CQN,A320,AIRBUS A-320,L2J,M
E80419,CC-BAI,A320,AIRBUS A-320,L2J,M
E80819,CC-ANR,C510,CESSNA 510 Citation Mustang,L2J,L
E80919,CC-CFG,BE20,BEECH 200 Super King Air,L2T,M
E80B19,CC-DFH,R66,ROBINSON R-66,H1T,L
E84919,AEE488,MI8,MIL Mi-8/9/17/19/171/172,H2T,M
E88019,ZP-CDK,C208,CESSNA 208 Caravan,L1T,L
