00601E,C9-MEL,CRJ2,BOMBARDIER Regional Jet CRJ-200,L2J,M
00891E,ZS-DLD,C208,CESSNA 208 Caravan,L1T,L
008E1E,ZS-FIJ,C182,CESSNA 182 Skylane,L1P,L
009D1E,ZS-LAB,C210,CESSNA 201 Centurion,L1P,L
00A51E,ZS-OAV,B734,BOEING 737-400,L2J,M
00B21E,ZS-SYV,C206,CESSNA  206 Stationair,L1P,L
00B41E,ZS-TSN,CL60,BOMBARDIER CL-600 Challenger,L2J,M
00BB1E,ZS-WJL,BE55,BEECH 55 Baron,L2P,L
01021E,SU-CCJ,A139,AGUSTA AW-139,H2T,L
04021E,ET-AZO,B38M,BOEING 737 MAX 8,L2J,M
04C01E,5Y-KYS,E190,EMBRAER ERJ-190-100,L2J,M
04C11E,5Y-KZX,B773,BOEING 777-300,L2J,H
06001E,3B-NBH,A319,AIRBUS A-319,L2J,M
06421E,5N-BWE,S92,SIKORSKY S-92 Helibus,H2T,M
06A11E,A7-ANB,A35K,AIRBUS A-350-1000,L2J,H
08021E,5H-PWD,AT75,ATR-72-500,L2T,M
08401E,TT-ABG,D328,DORNIER 328,L2T,M
09011E,D2-TFE,DH8D,DE HAVILLAND DHC-8-400 Dash 8,L2T,M
09601E,D4-BFA,AT76,ATR-72-600,L2T,M
0A401E,7T-WHB,C130,LOCKHEED C-130 Hercules,L4T,M
0AC01E,HK-4255,MD81,MCDONNELL-DOUGLAS MD-81,L2J,M
0AC31E,FAC1190,AT45,ATR-42-500,L2T,M
0AC41E,HK-4179,PAY2,PIPER PA-31T2-620 Cheyenne 2,L2T,L
0B601E,8R-GRE,TRIS,BRITTEN-NORMAN Trislander,L3P,L
0C801E,PZ-TSB,C208,CESSNA 208 Caravan,L1T,L
0D001E,XA-ZAM,B738,BOEING 737-800,L2J,M
0D031E,XA-MMI,LJ25,LEARJET 25,L2J,L
0D081E,XA-CTS,A109,AGUSTA AW-109 Grand,H2T,L
0D0B1E,XA-FUD,C680,CESSNA 680 Citation Sovereign,L2J,M
0D0E1E,XA-MKJ,B39M,BOEING 737 MAX 9,L2J,M
10271E,RA-0217G,PA46,PIPER PA-46-310/350,L1P,L
14311E,RA-12574,,,,
144D1E,RA-19742,AN2,ANTONOV An-2,L1P,L
14661E,RA-26142,AN26,ANTONOV An-26,L2T,M
14F11E,61726,A148,ANTONOV An-148,L2J,M
15141E,RA-70686,AN2,ANTONOV An-2,L1P,L
151E1E,RA-73246,B738,BOEING 737-800,L2J,M
15201E,RA-73758,A320,AIRBUS A-320,L2J,M
154E1E,RA-85534,,,,
155C1E,RA-89118,SU95,SUKHOI Superjet 100-95,L2J,M
20101E,V5-JDL,MU2,MITSUBISHI MU-2 Marquise,L2T,L
30031E,I-MAXX,P28U,PIPER PA-28RT-201T Turbo,L1P,L
30041E,I-DOLU,RV10,VANS RV-10,L1P,L
30051E,I-VIEK,AS50,AEROSPATIALE AS-350 Ecureuil,H1T,L
30091E,I-CEIE,AS50,AEROSPATIALE AS-350 Ecureuil,H1T,L
31DD1E,I-B554,ULAC,,L0-,-
31DF1E,I-D813,CH7,HELI-SPORT CH-7 Kompress,H1P,L
32001E,MM81898,A139,AGUSTA AW-139,H2T,L
33FE1E,MM62157,D228,DORNIER 228,L2T,L
33FF1E,MM55062,M339,AERMACCHI MB-339,L1J,L
3AAC1E,2044,AS50,AEROSPATIALE AS-350 Ecureuil,H1T,L
3B771E,F-TGCJ,E300,EXTRA EA-300/330/350,L1P,L
3C121E,D-AVWJ,A319,AIRBUS A-319,L2J,M
3CC21E,D-CAUW,C560,CESSNA 560 Citation Ultra,L2J,M
3D101E,D-EEIW,C172,CESSNA 172 Skyhawk,L1P,L
3D121E,D-EFCO,DA40,DIAMOND DA-40 Club Star,L1P,L
3D131E,D-EFMK,D253,CENTRE EST DR-253 Regent,L1P,L
3D151E,D-EGGC,C172,CESSNA 172 Skyhawk,L1P,L
3D171E,D-EGZU,C210,CESSNA 201 Centurion,L1P,L
3D1A1E,D-EIDI,C182,CESSNA 182 Skylane,L1P,L
3D1C1E,D-EIXA,XA42,XTREMAIR XA-42,L1P,L
3D1F1E,D-EKAO,P28R,PIPER PA-28R-180/200/201,L1P,L
3D201E,D-EKKK,DV20,DIAMOND DA-20,L1P,L
3D221E,D-ELEC,P28A,PIPER PA-28-140/150/160/180,L1P,L
3D231E,D-ELNY,BE33,BEECH 33 Bonanza,L1P,L
3D2D1E,D-EPIK,P32R,PIPER PA-32R-300/301/301T,L1P,L
3D2F1E,D-EQCC,A210,AQUILA A-210,L1P,L
3D331E,D-ERPM,DA40,DIAMOND DA-40 Club Star,L1P,L
3D341E,D-ERZI,T210,CESSNA T210 Turbo Centurion,L1P,L
3D361E,D-ESTA,TB20,SOCATA TB-20 Trinidad,L1P,L
3D371E,D-ETCW,GLST,GLASAIR SH-4 GlaStar,L1P,L
3D381E,D-ETMS,FOX,KITFOX,L1P,L
3D391E,D-ETWO,ULAC,,L0-,-
3D3C1E,D-EVAC,DR40,ROBIN DR-400,L1P,L
3D431E,D-EXRA,E300,EXTRA EA-300/330/350,L1P,L
3D491E,D-EZYC,DA40,DIAMOND DA-40 Club Star,L1P,L
3D511E,D-FCYW,PC12,PILATUS PC-12,L1T,L
3DA51E,D-GITY,P68,PARTENAVIA P-68 Observer,L2P,L
3DAA1E,D-GKRE,P68,PARTENAVIA P-68 Observer,L2P,L
3DAB1E,D-GLBA,DA42,DIAMOND DA-42 Guardian,L2P,L
3DD31E,D-HAEW,EN28,ENSTROM F-28,H1P,L
3DD41E,D-HAOS,BK17,EUROCOPTER BK117 C-1/2,H2T,L
3DD81E,D-HCCC,R44,ROBINSON R-44 Raven,H1P,L
3E171E,D-HZYK,B105,EUROCOPTER BO-105,H2T,L
3E191E,D-IASC,PAY1,PIPER PA-31T1-500 Cheyenne 1,L2T,L
3E1B1E,D-IBLU,C25M,CESSNA 525 Citation M2,L2J,L
3E211E,D-IDSW,CD2,CLAUDIUS DORNIER CD-2 Seastar,A2T,L
3E3F1E,D-IPCG,C425,CESSNA 425 Corsair,L2T,L
3E631E,D-KCSS,AS29,SCHLEICHER ASG-29,L1P,L
3E641E,D-KDCO,SF25,SCHEIBE SF-25 Falke,L1P,L
3E651E,D-KDMK,ARCP,SCHEMPP-HIRTH Arcus M,L1P,L
3E6F1E,D-KHGW,VENT,SCHEMPP-HIRTH Ventus,L1P,L
3E711E,D-KIAO,DG40,DG FLUGZEUGBAU DG-400,L1P,L
3E781E,D-KKRM,DG80,DG FLUGZEUGBAU DG-800,L1P,L
3E7B1E,D-KLVA,DIMO,DIAMOND H-36 Dimona,L1P,L
3E801E,79+18,NH90,NHI NH-90,H2T,M
3EC11E,D-KOCC,G109,GROB G-109,L1P,L
3ECA1E,D-KRMS,DISC,SCHEMPP-HIRTH Discus,L1P,L
3EE51E,D-1159,DUOD,SCHEMPP-HIRTH Duo Discus,L1P,L
3EF01E,D-3975,GLID,,L0-,-
3EF11E,D-4231,DUOD,SCHEMPP-HIRTH Duo Discus,L1P,L
3EF71E,D-5767,GLID,,L0-,-
3F061E,D-9607,GLID,,L0-,-
3FD81E,D-OTGW,BALL,,B0-,-
3FE81E,B-70K1,EC25,AIRBUS HELICOPTERS EC-225/725,H2T,M
3FEA1E,D-MDKE,WT9,AEROSPOOL WT-9 Dynamic,L1P,L
3FEC1E,D-MXRJ,WT9,AEROSPOOL WT-9 Dynamic,L1P,L
3FED1E,D-MOPM,ULAC,,L0-,-
3FEE1E,D-MSCM,C42,IKARUS C-42 Bison,L1P,L
3FEF1E,D-MTYA,SAVG,ZLIN AVIATION Savage,L1P,L
3FF01E,D-MLPL,C42,IKARUS C-42 Bison,L1P,L
3FF11E,D-MBFN,JK05,EKOLOT JK-05,L1P,L
3FF21E,D-MIJK,C42,IKARUS C-42 Bison,L1P,L
3FF51E,D-MLJL,COY2,RANS Coyote 2,L1P,L
3FF91E,D-MFGD,WT9,AEROSPOOL WT-9 Dynamic,L1P,L
400B1E,G-CBHI,EUPA,Europa,L1P,L
400D1E,G-PDGI,AS50,AEROSPATIALE AS-350 Ecureuil,H1T,L
400F1E,G-CDYO,C42,IKARUS C-42 Bison,L1P,L
40111E,G-JBIS,C550,CESSNA 550 Citation S2,L2J,L
40121E,G-STEN,S10S,STEMME S-10 Chrysalis,L1P,L
40131E,G-CJTB,GLID,,L0-,-
40181E,G-AXIR,P28A,PIPER PA-28-140/150/160/180,L1P,L
40191E,G-AZBN,T6,NORTH AMERICAN T-6 Texan,L1P,L
401D1E,G-WNTR,P28A,PIPER PA-28-140/150/160/180,L1P,L
40201E,G-BKDH,DR40,ROBIN DR-400,L1P,L
40271E,G-OFAS,R22,ROBINSON R-22 Mariner,H1P,L
40281E,G-ARHB,ERCO,AIR PRODUCTS F-1 Aircoupe,L1P,L
402A1E,G-BNRX,PA34,PIPER PA-34 Seneca,L2P,L
402B1E,G-BONW,C152,CESSNA 152,L1P,L
40341E,G-RWSS,FOX,KITFOX,L1P,L
403B1E,G-BWHR,NIPR,AVIONS FAIREY Nipper,L1P,L
40411E,G-BYFI,ULAC,,L0-,-
40421E,G-BYOR,ULAC,,L0-,-
40441E,G-BZME,BDOG,BRITISH AEROSPACE SA-3 Bulldog,L1P,L
40461E,G-VGMC,AS55,AEROSPATIALE AS-355 Ecureuil 2,H2T,L
40481E,G-POLG,EC35,AIRBUS HELICOPTERS EC-135/635,H2T,L
40491E,G-STCH,F156,FIESELER Fi-156 Storch,L1P,L
404C1E,G-CCZM,SKRA,BEST OFF Sky Ranger,L1P,L
404E1E,G-ETAT,C172,CESSNA 172 Skyhawk,L1P,L
40501E,G-CECL,C42,IKARUS C-42 Bison,L1P,L
40511E,G-CEIP,BN2P,BRITTEN-NORMAN BN-2 Islander,L2P,L
40541E,G-GBPP,GLID,,L0-,-
405D1E,G-REMH,B06,BELL 206 JetRanger,H1T,L
405E1E,G-CJPW,GLID,,L0-,-
405F1E,G-CFPJ,CRUZ,CSA PS-28 Cruiser,L1P,L
40601E,G-CFVG,MT,ROTORSPORT MTOSport,G1P,L
40631E,G-EZFZ,A319,AIRBUS A-319,L2J,M
40641E,G-EXII,E300,EXTRA EA-300/330/350,L1P,L
40661E,G-JAFT,DA42,DIAMOND DA-42 Guardian,L2P,L
40671E,G-YELP,ULAC,,L0-,-
40681E,G-CHJO,MIMU,BUSHBY Midget Mustang,L1P,L
406B1E,G-CIOS,EXPL,MCDONNELL-DOUGLAS MD-900 Explorer,H2T,L
406D1E,G-CIKW,ULAC,,L0-,-
40711E,G-MIAN,SKRA,BEST OFF Sky Ranger,L1P,L
40721E,G-HITI,AS50,AEROSPATIALE AS-350 Ecureuil,H1T,L
40741E,G-CKMN,BALL,,B0-,-
40761E,G-CTSN,DA40,DIAMOND DA-40 Club Star,L1P,L
40781E,G-TADI,MM24,MAGNI M-24 Orion,G1P,L
40791E,G-TIZY,SLG4,AIRPLANE FACTORY Sling 4,L1P,L
407B1E,G-CLWB,P28A,PIPER PA-28-140/150/160/180,L1P,L
407C1E,G-NHVT,A169,AGUSTA AW-169,H2T,L
407D1E,G-RVSP,RV7,VANS RV-7,L1P,L
42411E,VP-BKU,B735,BOEING 737-500,L2J,M
42461E,VP-BSR,A20N,AIRBUS A-320neo,L2J,M
424C1E,M-ZENG,E55P,EMBRAER EMB-505 Phenom 300,L2J,M
43C11E,XZ334,GAZL,AEROSPATIALE SA-341 Gazelle,H1T,L
43C51E,XZ669,LYNX,AGUSTAWESTLAND AW-159 Super Lynx,H2T,L
43C61E,ZZ505,B350,BEECHCRAFT Super King Air 350,L2T,M
43C71E,ZJ267,AS50,AEROSPATIALE AS-350 Ecureuil,H1T,L
43C91E,ZP807,P8,BOEING P-8 Poseidon,L2J,M
43EA1E,M-ALTI,CL60,BOMBARDIER CL-600 Challenger,L2J,M
44001E,OE-LAY,B763,BOEING 767-300,L2J,H
44021E,OE-XVA,EC35,AIRBUS HELICOPTERS EC-135/635,H2T,L
44031E,OE-AAA,PA12,PIPER PA-12 Super Cruiser,L1P,L
44041E,OE-BXC,EC35,AIRBUS HELICOPTERS EC-135/635,H2T,L
44061E,OE-ZZZ,BALL,,B0-,-
44071E,OE-LJG,A319,AIRBUS A-319,L2J,M
44081E,OE-LWB,E195,EMBRAER ERJ-190-200,L2J,M
440A1E,OE-IDJ,A320,AIRBUS A-320,L2J,M
447D1E,3H-FK,PC7,PILATUS PC-7 Astra,L1T,L
44901E,OO-C98,ULAC,,L0-,-
44981E,OO-F98,STCH,FLY SYNTHESIS Storch,L1P,L
449C1E,OO-G98,FK9,B&F TECHNIK FK-9,L1P,L
451E1E,LZ-BOO,B733,BOEING 737-300,L2J,M
45211E,LZ-LAJ,A320,AIRBUS A-320,L2J,M
46071E,OH-CSC,C195,CESSNA 195,L1P,L
461E1E,OH-LKO,E190,EMBRAER ERJ-190-100,L2J,M
47191E,HA-JNI,PA38,PIPER PA-38 Tomahawk,L1P,L
47811E,3298,P3,LOCKHEED P-3 Orion,L4T,M
479C1E,LN-ORA,A169,AGUSTA AW-169,H2T,L
47C01E,LN-OUD,EC35,AIRBUS HELICOPTERS EC-135/635,H2T,L
48041E,J-065,F16,GENERAL DYNAMICS F-16 Fighting Falcon,L1J,M
48441E,PH-HED,EC20,AIRBUS HELICOPTERS EC-120,H1T,L
48451E,PH-BZN,SUBA,FUJI FA-200 Aero Subaru,L1P,L
48461E,PH-DTR,LNC2,LANCAIR 200-320,L1P,L
48471E,PH-846,GLID,,L0-,-
484B1E,PH-1430,GLID,,L0-,-
484E1E,PH-822,GLID,,L0-,-
484F1E,PH-1479,GLID,,L0-,-
48511E,PH-1CM,ZZZZ,,-0-,-
48521E,PH-LHA,RV7,VANS RV-7,L1P,L
48531E,PH-EHW,DR40,ROBIN DR-400,L1P,L
48541E,PH-1SP,ZZZZ,,-0-,-
48551E,PH-2FM,ZZZZ,,-0-,-
48561E,PH-2NU,ZZZZ,,-0-,-
485A1E,PH-VCC,DA62,DIAMOND DA-62,L2P,L
48641E,PH-IHW,PNR4,ALPI Pioneer 400,L1P,L
49C01E,OK-LUG42,ZEPH,ATEC Zephyr,L1P,L
49C11E,OK-UAU80,,,,
49C21E,OK-YUQ 60,WT9,AEROSPOOL WT-9 Dynamic,L1P,L
49D11E,OK-HEL,EC20,AIRBUS HELICOPTERS EC-120,H1T,L
49D31E,OK-TAV,PAY3,PIPER PA-42-720 Cheyenne 3,L2T,L
49D51E,OK-HHA,G2CA,GUIMBAL G-2 Cabri,H1P,L
49F01E,GND,GND,,V0-,-
49F11E,TWR,TWR,,T0-,-
4B0F1E,HB-FSW,PC12,PILATUS PC-12,L1T,L
4B161E,HB-IJU,A320,AIRBUS A-320,L2J,M
4B191E,HB-JNI,B77W,BOEING 777-300ER,L2J,H
4B1A1E,HB-JXE,A320,AIRBUS A-320,L2J,M
4B271E,HB-OVE,J3,PIPER J-3 Cub,L1P,L
4B281E,HB-PFA,P28A,PIPER PA-28-140/150/160/180,L1P,L
4B301E,HB-SFU,A210,AQUILA A-210,L1P,L
4B311E,HB-SPQ,NIPR,AVIONS FAIREY Nipper,L1P,L
4B3F1E,HB-XXM,ALO3,AEROSPATIALE Alouette 3,H1T,L
4B431E,HB-ZKW,R44,ROBINSON R-44 Raven,H1P,L
4B481E,HB-887,GLID,,L0-,-
4B4B1E,HB-1655,GLID,,L0-,-
4B4D1E,HB-2167,DG40,DG FLUGZEUGBAU DG-400,L1P,L
4B4E1E,HB-2423,AS26,SCHLEICHER ASH-26,L1P,L
4B511E,HB-3191,GLID,,L0-,-
4B521E,HB-3447,DISC,SCHEMPP-HIRTH Discus,L1P,L
4B5E1E,HB-3315,GLID,,L0-,-
4CA31E,274,A139,AGUSTA AW-139,H2T,L
4CA41E,283,PC12,PILATUS PC-12,L1T,L
4CA61E,EI-DWR,B738,BOEING 737-800,L2J,M
4CA81E,EI-KEL,EC35,AIRBUS HELICOPTERS EC-135/635,H2T,L
4CAC1E,EI-HEN,B38M,BOEING 737 MAX 8,L2J,M
4CAD1E,EI-KGH,A21N,AIRBUS A-321neo,L2J,M
4D221E,9H-QEB,B738,BOEING 737-800,L2J,M
4D231E,9H-AIQ,E35L,EMBRAER EMB-135 Legacy,L2J,M
4D241E,9H-WAI,A21N,AIRBUS A-321neo,L2J,M
4D401E,3A-MBD,EC55,AIRBUS HELICOPTERS EC-155,H2T,L
50021E,T7-MYC,C25M,CESSNA 525 Citation M2,L2J,L
50101E,ZA-ALB,B734,BOEING 737-400,L2J,M
501D1E,9A-CTI,A319,AIRBUS A-319,L2J,M
503C1E,LY-MMM,RV8,VANS RV-8,L1P,L
506E1E,S5-DGF,Z42,ZLIN Z-42/142/242,L1P,L
50821E,UR-BXM,MD82,MCDONNELL-DOUGLAS MD-82,L2J,M
50841E,UR-YTT,TB20,SOCATA TB-20 Trinidad,L1P,L
51111E,ES-SAW,A320,AIRBUS A-320,L2J,M
60001E,EK4117,L410,LET L-410 Turbolet,L2T,L
68331E,UP-LA223,DA42,DIAMOND DA-42 Guardian,L2P,L
702C1E,S3-ACA,AN32,ANTONOV An-32 Sutlej,L2T,M
71011E,HZ-ARE,B789,BOEING 787-9 Dreamliner,L2J,H
71021E,HZ-MS1B,LJ60,LEARJET 60,L2J,M
71041E,PSS-69,EC45,AIRBUS HELICOPTERS EC-145,H2T,L
73921E,4X-DAM,C172,CESSNA 172 Skyhawk,L1P,L
73941E,4X-CIG,PA31,PIPER PA-31-300/310/325/350/425,L2P,L
73951E,4X-HZP,TL20,TL ULTRALIGHT TL-2000 Sting,L1P,L
75021E,9M-MXT,B738,BOEING 737-800,L2J,M
75041E,9M-LRC,B38M,BOEING 737 MAX 8,L2J,M
75831E,RP-C8760,A333,AIRBUS A-330-300,L2J,H
78031E,B-5327,B738,BOEING 737-800,L2J,M
78051E,B-5253,B737,BOEING 737-700,L2J,M
78071E,B-6755,A321,AIRBUS A-321,L2J,M
78081E,B-8288,GLF5,GULFSTREAM 5,L2J,M
78091E,B-5692,B738,BOEING 737-800,L2J,M
780A1E,B-LNY,A332,AIRBUS A-330-200,L2J,H
780B1E,B-5772,B738,BOEING 737-800,L2J,M
780D1E,B-1613,A320,AIRBUS A-320,L2J,M
780E1E,B-1527,B738,BOEING 737-800,L2J,M
780F1E,B-8338,A320,AIRBUS A-320,L2J,M
78101E,B-7992,B738,BOEING 737-800,L2J,M
78111E,B-7809,B738,BOEING 737-800,L2J,M
78121E,B-8700,A320,AIRBUS A-320,L2J,M
78131E,B-1043,A332,AIRBUS A-330-200,L2J,H
78141E,B-1119,B789,BOEING 787-9 Dreamliner,L2J,H
78151E,B-206K,B789,BOEING 787-9 Dreamliner,L2J,H
78161E,B-306G,A20N,AIRBUS A-320neo,L2J,M
78181E,B-70J2,C172,CESSNA 172 Skyhawk,L1P,L
78191E,B-605V,AJ27,COMAC ARJ-21-700 Xiangfeng,L2J,M
781B1E,B-127C,SR20,CIRRUS SR-20,L1P,L
781C1E,B-651T,AJ27,COMAC ARJ-21-700 Xiangfeng,L2J,M
781D1E,B-12FH,SR20,CIRRUS SR-20,L1P,L
781E1E,B-32AU,A19N,AIRBUS A-319neo,L2J,M
78921E,B-LGD,A359,AIRBUS A-350-900,L2J,H
79A01E,B-2370,A321,AIRBUS A-321,L2J,M
7BD01E,B-2855,B752,BOEING 757-200,L2J,M
7C021E,VH-APC,A9,NORTH AMERICAN ROCKWELL A-9 Sparrow Commander,L1P,L
7C0B1E,VH-CHC,P28R,PIPER PA-28R-180/200/201,L1P,L
7C0C1E,VH-COG,RV7,VANS RV-7,L1P,L
7C0D1E,VH-CVK,P28B,PIPER PA-28-201T/235/236,L1P,L
7C261E,VH-HTC,PA30,PIPER PA-30 Twin Comanche,L2P,L
7C2A1E,VH-ILS,B06,BELL 206 JetRanger,H1T,L
7C331E,VH-KDS,AT8T,AIR TRACTOR AT-802,L1T,M
7C341E,VH-KKW,K100,DAHER Kodiak 100,L1T,L
7C381E,VH-LDC,RV6,VANS RV-6,L1P,L
7C391E,VH-LKG,LNC4,LANCAIR 4,L1P,L
7C3B1E,VH-LYO,R44,ROBINSON R-44 Raven,H1P,L
7C421E,VH-NCG,T210,CESSNA T210 Turbo Centurion,L1P,L
7C431E,VH-NJK,P28U,PIPER PA-28RT-201T Turbo,L1P,L
7C441E,VH-NQO,GLID,,L0-,-
7C451E,VH-NXS,C310,CESSNA 310,L2P,L
7C4F1E,VH-PWW,P28R,PIPER PA-28R-180/200/201,L1P,L
7C531E,VH-QPC,A333,AIRBUS A-330-300,L2J,H
7C561E,VH-RAO,R66,ROBINSON R-66,H1T,L
7C5D1E,VH-SOG,PA46,PIPER PA-46-310/350,L1P,L
7C5E1E,VH-SVK,P28A,PIPER PA-28-140/150/160/180,L1P,L
7C661E,VH-UGG,PIVI,PIPSTREL Virus,L1P,L
7C701E,VH-WFK,C152,CESSNA 152,L1P,L
7C711E,VH-WMO,P32R,PIPER PA-32R-300/301/301T,L1P,L
7C721E,VH-WTS,AS50,AEROSPATIALE AS-350 Ecureuil,H1T,L
7C7A1E,VH-YEO,V500,REVOLUTION Voyager 500,H1P,L
7C7B1E,VH-YLS,C10T,CESSNA P210 Turbine,L1T,L
7C7C1E,VH-YSW,RV10,VANS RV-10,L1P,L
7C801E,VH-ZLC,SF34,SAAB 340,L2T,M
7C821E,VH-ZZK,C172,CESSNA 172 Skyhawk,L1P,L
7CC41E,23-0799,AP22,AEROPRACT A-22,L1P,L
7CC51E,23-1746,P208,TECNAM P-2008,L1P,L
7CFC1E,G-5070,CLON,AUTOGYRO Cavalon,G1P,L
80021E,K2755,AN32,ANTONOV An-32 Sutlej,L2T,M
80031E,CG780,D228,DORNIER 228,L2T,L
800D1E,VT-MXL,B38M,BOEING 737 MAX 8,L2J,M
800E1E,KC-3807,C30J,LOCKHEED MARTIN C-130J Super Hercules,L4T,M
80141E,VT-TQC,A21N,AIRBUS A-321neo,L2J,M
84611E,JA121C,PA46,PIPER PA-46-310/350,L1P,L
852B1E,JA388N,B350,BEECHCRAFT Super King Air 350,L2T,M
852E1E,JA394A,C172,CESSNA 172 Skyhawk,L1P,L
86781E,JA710J,B772,BOEING 777-200,L2J,H
86831E,JA742J,B77W,BOEING 777-300ER,L2J,H
868E1E,JA774J,T206,CESSNA T206 Turbo Stationair,L1P,L
86DA1E,JA838J,B788,BOEING 787-8 Dreamliner,L2J,H
87411E,JA970A,A139,AGUSTA AW-139,H2T,L
87CC1E,75-1077,C130,LOCKHEED C-130 Hercules,L4T,M
89611E,A6-ECW,B77W,BOEING 777-300ER,L2J,H
89651E,A6-SD2,DHC6,DE HAVILLAND DHC-6 Twin Otter,L2T,L
896C1E,948,PC21,PILATUS PC-21,L1T,L
896E1E,TWR,TWR,,T0-,-
89901E,B-18005,B77W,BOEING 777-300ER,L2J,H
89911E,B-18710,B744,BOEING 747-400,L4J,H
8A021E,PK-GMM,B738,BOEING 737-800,L2J,M
8A031E,PK-LKJ,B738,BOEING 737-800,L2J,M
8A041E,LD-1203,G120,GROB G-120,L1P,L
8A051E,PK-LAV,A320,AIRBUS A-320,L2J,M
8A061E,PK-GQT,A320,AIRBUS A-320,L2J,M
8A081E,PK-LQY,B738,BOEING 737-800,L2J,M
8A181E,PK-LFG,B739,BOEING 737-900,L2J,M
A0001E,N1BC,LJ45,LEARJET 45,L2J,M
A0031E,N10HV,M20P,MOONEY M-20,L1P,L
A0041E,N10UA,S22T,CIRRUS SR-22T Turbo,L1P,L
A0051E,N100EF,FOX,KITFOX,L1P,L
A0071E,N1000T,BE35,BEECH 35 Starfire Bonanza,L1P,L
A0081E,N10074,M20P,MOONEY M-20,L1P,L
A00A1E,N101TK,P32R,PIPER PA-32R-300/301/301T,L1P,L
A00D1E,N102LB,BALL,,B0-,-
A00E1E,N102WH,PA31,PIPER PA-31-300/310/325/350/425,L2P,L
A00F1E,N1024Z,COL4,CESSNA 400 Corvalis TT,L1P,L
A0141E,N104FS,C172,CESSNA 172 Skyhawk,L1P,L
A0161E,N1041U,BU31,BUCKER Bu-131 Jungmann,L1P,L
A0171E,N10485,M7,MAULE M-7,L1P,L
A0191E,N105UW,A320,AIRBUS A-320,L2J,M
A01A1E,N1053X,C172,CESSNA 172 Skyhawk,L1P,L
A01F1E,N107EE,C550,CESSNA 550 Citation S2,L2J,L
A0221E,N10773,C150,CESSNA 150,L1P,L
A0251E,N1082V,C172,CESSNA 172 Skyhawk,L1P,L
A02A1E,N11CT,SR22,CIRRUS SR-22,L1P,L
A02B1E,N11NZ,M20P,MOONEY M-20,L1P,L
A02C1E,N11ZE,LGEZ,RUTAN Long-EZ,L1P,L
A02F1E,N1104G,J3,PIPER J-3 Cub,L1P,L
A0311E,N111NH,E190,EMBRAER ERJ-190-100,L2J,M
A0351E,N112RF,,,,
A0371E,N1128N,BALL,,B0-,-
A0391E,N113UD,RV8,VANS RV-8,L1P,L
A03A1E,N1133E,CH7A,BELLANCA 7 Champion,L1P,L
A03C1E,N114LW,AC11,NORTH AMERICAN ROCKWELL Commander 112/114,L1P,L
A03E1E,N1145H,ZZZZ,,-0-,-
A03F1E,N115DN,A321,AIRBUS A-321,L2J,M
A0411E,N1150,,,,
A0421E,N1157L,M20P,MOONEY M-20,L1P,L
A0451E,N1162C,C177,CESSNA  177 Cardinal,L1P,L
A04A1E,N118CA,PA11,PIPER PA-11 Cub Special,L1P,L
A04B1E,N118NG,PC12,PILATUS PC-12,L1T,L
A0501E,N1191A,BE56,BEECH 56 Turbo Baron,L2P,L
A0511E,N1198M,C172,CESSNA 172 Skyhawk,L1P,L
A0521E,N12HX,B407,BELL 407,H1T,L
A0561E,N1200V,C172,CESSNA 172 Skyhawk,L1P,L
A0571E,N12076,L39,LET L-39 Albatros,L1J,L
A05A1E,N1212Y,C150,CESSNA 150,L1P,L
A05B1E,N12199,,,,
A05C1E,N122LD,RV12,VANS RV-12,L1P,L
A05F1E,N123CW,C310,CESSNA 310,L2P,L
A0641E,N124S,LNC2,LANCAIR 200-320,L1P,L
A0671E,N125JS,RV4,VANS RV-4,L1P,L
A06A1E,N126BJ,RV12,VANS RV-12,L1P,L
A06D1E,N12652,P38,LOCKHEED P-38 Lightning,L2P,M
A0701E,N1270U,C172,CESSNA 172 Skyhawk,L1P,L
A0731E,N128TL,RV12,VANS RV-12,L1P,L
A0751E,N12898,C172,CESSNA 172 Skyhawk,L1P,L
A0761E,N129LC,PA31,PIPER PA-31-300/310/325/350/425,L2P,L
A0781E,N12940,C172,CESSNA 172 Skyhawk,L1P,L
A0791E,N13CV,RV6,VANS RV-6,L1P,L
A07B1E,N13ZG,FOX,KITFOX,L1P,L
A07F1E,N131CD,SR20,CIRRUS SR-20,L1P,L
A0831E,N132FB,BE36,BEECH 36 Bonanza,L1P,L
A08D1E,N1345K,L8,LUSCOMBE 8,L1P,L
A08E1E,N135DQ,BCS1,AIRBUS A220-100,L2J,M
A08F1E,N135PW,ULAC,,L0-,-
A0901E,N1350B,L8,LUSCOMBE 8,L1P,L
A0911E,N1357N,ST75,STEARMAN Kaydet,L1P,L
A0951E,N1369R,AA5,AMERICAN AA-5 Tiger,L1P,L
A0961E,N137KL,BALL,,B0-,-
A0991E,N138CC,PA18,PIPER PA-18 Super Cub,L1P,L
A09F1E,N1391C,PA22,PIPER PA-22,L1P,L
A0A01E,N1398P,PA23,PIPER PA-23,L2P,L
A0A61E,N14078,PA23,PIPER PA-23,L2P,L
A0A91E,N14120,B752,BOEING 757-200,L2J,M
A0AA1E,N142A,GLID,,L0-,-
A0AB1E,N142LF,,,,
A0AD1E,N14243,PA23,PIPER PA-23,L2P,L
A0AF1E,N143PD,T34P,BEECH T-34 Mentor,L1P,L
A0B31E,N144SB,BE33,BEECH 33 Bonanza,L1P,L
A0BA1E,N146MS,PA46,PIPER PA-46-310/350,L1P,L
A0BF1E,N1470W,B47G,BELL 47G,H1P,L
A0C61E,N149WL,BE36,BEECH 36 Bonanza,L1P,L
A0C81E,N15CX,SR22,CIRRUS SR-22,L1P,L
A0C91E,N15PC,RV4,VANS RV-4,L1P,L
A0CB1E,N150KP,C150,CESSNA 150,L1P,L
A0D11E,N1516P,PA22,PIPER PA-22,L1P,L
A0D51E,N1528S,BE35,BEECH 35 Starfire Bonanza,L1P,L
A0D61E,N153JB,J3,PIPER J-3 Cub,L1P,L
A0D81E,N1533J,P28A,PIPER PA-28-140/150/160/180,L1P,L
A0DA1E,N154M,BE36,BEECH 36 Bonanza,L1P,L
A0DD1E,N155DS,M20P,MOONEY M-20,L1P,L
A0DF1E,N1550D,BE33,BEECH 33 Bonanza,L1P,L
A0E21E,N156SW,CL60,BOMBARDIER CL-600 Challenger,L2J,M
A0E71E,N1574K,L8,LUSCOMBE 8,L1P,L
A0EB1E,N1586N,J3,PIPER J-3 Cub,L1P,L
A0EC1E,N159FC,C82T,CESSNA TR182 Turbo Skylane RG,L1P,L
A0ED1E,N159RJ,C177,CESSNA  177 Cardinal,L1P,L
A0EE1E,N1591E,C172,CESSNA 172 Skyhawk,L1P,L
A0EF1E,N1598R,AA5,AMERICAN AA-5 Tiger,L1P,L
A0F01E,N16JA,RV6,VANS RV-6,L1P,L
A0F21E,N160EM,LJ60,LEARJET 60,L2J,M
A0F41E,N1600Z,H269,HUGHES Sky Knight,H1P,L
A0F51E,N1608,B763,BOEING 767-300,L2J,H
A0F71E,N161TR,BE33,BEECH 33 Bonanza,L1P,L
A0F81E,N16122,RELI,STINSON Reliant,L1P,L
A0F91E,N162AB,EXEC,ROTORWAY Exec,H1P,L
A0FA1E,N162LH,P28A,PIPER PA-28-140/150/160/180,L1P,L
A0FD1E,N163D,,,,
A1001E,N16368,P28R,PIPER PA-28R-180/200/201,L1P,L
A1021E,N164SD,RV7,VANS RV-7,L1P,L
A1031E,N16410,P28A,PIPER PA-28-140/150/160/180,L1P,L
A1041E,N1649A,PA22,PIPER PA-22,L1P,L
A1051E,N165JW,PA18,PIPER PA-18 Super Cub,L1P,L
A1071E,N16533,ULAC,,L0-,-
A10A1E,N166Y,P66P,PIAGGIO P-166,L2P,L
A10E1E,N1670Y,C172,CESSNA 172 Skyhawk,L1P,L
A1101E,N168HJ,HDJT,HONDA HondaJet,L2J,L
A1131E,N169AA,B06,BELL 206 JetRanger,H1T,L
A1141E,N169LG,C56X,CESSNA 560XL Citation XLS,L2J,M
A1181E,N17PE,EAGL,CHRISTEN Eagle,L1P,L
A1201E,N1716R,C82R,CESSNA R182 Skylane RG,L1P,L
A1291E,N174MB,RV7,VANS RV-7,L1P,L
A12E1E,N1750F,C172,CESSNA 172 Skyhawk,L1P,L
A1311E,N176SY,E75L,EMBRAER ERJ-170-200 (long wing),L2J,M
A13B1E,N179FE,B763,BOEING 767-300,L2J,H
A13C1E,N179RL,B06,BELL 206 JetRanger,H1T,L
A13D1E,N1791G,BE35,BEECH 35 Starfire Bonanza,L1P,L
A13F1E,N18JC,COUR,HELIO Courier,L1P,L
A1461E,N181TT,C172,CESSNA 172 Skyhawk,L1P,L
A1491E,N182LK,C82S,CESSNA T182 Turbo Skylane,L1P,L
A14A1E,N182WR,C182,CESSNA 182 Skylane,L1P,L
A14C1E,N183DB,,,,
A14D1E,N183PH,S22T,CIRRUS SR-22T Turbo,L1P,L
A14F1E,N1837,O1,CESSNA 305/341 Bird Dog,L1P,L
A1501E,N184G,C25C,CESSNA 525C Citation CJ4,L2J,M
A1511E,N184SF,B407,BELL 407,H1T,L
A15E1E,N1878A,PA18,PIPER PA-18 Super Cub,L1P,L
A15F1E,N188HL,VELO,Velocity,L1P,L
A1601E,N188TS,LJ45,LEARJET 45,L2J,M
A1621E,N189AC,S64,SIKORSKY S-64 Skycrane,H2T,M
A1631E,N189LJ,PA18,PIPER PA-18 Super Cub,L1P,L
A1661E,N19DA,BE10,BEECH 100 King Air,L2T,L
A1671E,N19PG,MA5,MARQUART MA-5 Charger,L1P,L
A1691E,N190KT,FOXT,TEAM TANGO Foxtrot-4,L1P,L
A16C1E,N191CK,,,,
A1721E,N1921K,L8,LUSCOMBE 8,L1P,L
A1741E,N193JF,RV9,VANS RV-9,L1P,L
A17C1E,N195QB,BE35,BEECH 35 Starfire Bonanza,L1P,L
A1811E,N1962L,BE23,BEECH 23 Sundowner,L1P,L
A1821E,N1969X,C182,CESSNA 182 Skylane,L1P,L
A1831E,N197KS,C150,CESSNA 150,L1P,L
A18A1E,N199FG,FA50,DASSAULT Falcon 50,L3J,M
A18B1E,N199RN,C182,CESSNA 182 Skylane,L1P,L
A18D1E,N1998V,T206,CESSNA T206 Turbo Stationair,L1P,L
A18E1E,N2JE,BE60,BEECH 60 Duke,L2P,L
A1921E,N200BB,RV8,VANS RV-8,L1P,L
A1931E,N200MH,SW4,SWEARINGEN Metro,L2T,M
A1961E,N201E,M20P,MOONEY M-20,L1P,L
A1981E,N2010M,J3,PIPER J-3 Cub,L1P,L
A1991E,N2017Y,PARA,,P0-,-
A19B1E,N202TD,MONI,MONNETT Moni,L1P,L
A19C1E,N2022Q,AT8T,AIR TRACTOR AT-802,L1T,M
A19D1E,N20291,C172,CESSNA 172 Skyhawk,L1P,L
A1A31E,N204Z,,,,
A1A41E,N2046W,BE33,BEECH 33 Bonanza,L1P,L
A1A61E,N205RS,M20P,MOONEY M-20,L1P,L
A1A91E,N206JJ,T206,CESSNA T206 Turbo Stationair,L1P,L
A1B01E,N208DZ,C208,CESSNA 208 Caravan,L1T,L
A1B21E,N2080L,BE35,BEECH 35 Starfire Bonanza,L1P,L
A1B41E,N209GX,GX,REMOS GX,L1P,L
A1B51E,N209TC,BALL,,B0-,-
A1B71E,N20990,,,,
A1B81E,N21KV,BALL,,B0-,-
A1BA1E,N210GF,C210,CESSNA 201 Centurion,L1P,L
A1BB1E,N210SM,P210,CESSNA P210 Centurion,L1P,L
A1BC1E,N21018,P32R,PIPER PA-32R-300/301/301T,L1P,L
A1BD1E,N2109J,T206,CESSNA T206 Turbo Stationair,L1P,L
A1BE1E,N211KD,DRON,,D0-,-
A1C11E,N212BW,TBM7,SOCATA TBM-700A/B/C,L1T,L
A1C41E,N2126D,BE35,BEECH 35 Starfire Bonanza,L1P,L
A1C61E,N213R,RV4,VANS RV-4,L1P,L
A1C81E,N2138G,PA44,PIPER PA-44 Seminole,L2P,L
A1C91E,N214HS,PA23,PIPER PA-23,L2P,L
A1D01E,N216DG,DA40,DIAMOND DA-40 Club Star,L1P,L
A1D31E,N2167E,C172,CESSNA 172 Skyhawk,L1P,L
A1D51E,N217SL,SR22,CIRRUS SR-22,L1P,L
A1D61E,N21717,P28A,PIPER PA-28-140/150/160/180,L1P,L
A1D81E,N218KC,JAB4,JABIRU J200-450,L1P,L
A1DE1E,N2196C,C195,CESSNA 195,L1P,L
A1E11E,N220BD,M20P,MOONEY M-20,L1P,L
A1E41E,N2205X,GSIS,INNOAVIATION Genesis,L1P,L
A1E81E,N22170,C150,CESSNA 150,L1P,L
A1E91E,N222H,LNC2,LANCAIR 200-320,L1P,L
A1EA1E,N222TF,M7,MAULE M-7,L1P,L
A1EC1E,N22293,P32R,PIPER PA-32R-300/301/301T,L1P,L
A1EE1E,N223WD,P28A,PIPER PA-28-140/150/160/180,L1P,L
A1F31E,N2246Y,C177,CESSNA  177 Cardinal,L1P,L
A1F61E,N2251Q,B36T,BEECH 36 Turbine Bonanza,L1T,L
A1F71E,N22581,,,,
A1FA1E,N2263T,C82R,CESSNA R182 Skylane RG,L1P,L
A1FB1E,N227BC,L5,STINSON Sentinel,L1P,L
A1FC1E,N227MJ,RV4,VANS RV-4,L1P,L
A2021E,N2287Z,,,,
A2071E,N23KX,PA11,PIPER PA-11 Cub Special,L1P,L
A20B1E,N2302,FA24,FAIRCHILD F-24 Argus,L1P,L
A20E1E,N231VM,M20P,MOONEY M-20,L1P,L
A2111E,N232ND,DV20,DIAMOND DA-20,L1P,L
A2151E,N233RB,RAF2,ROTARY AIR FORCE RAF-2000,G1P,L
A2161E,N23308,C150,CESSNA 150,L1P,L
A2181E,N234HU,HUSK,CHRISTEN Husky,L1P,L
A2191E,N234U,C206,CESSNA  206 Stationair,L1P,L
A21B1E,N235AL,M7,MAULE M-7,L1P,L
A21C1E,N235LS,RV9,VANS RV-9,L1P,L
A21E1E,N2355D,C170,CESSNA 170,L1P,L
A2221E,N2367G,C182,CESSNA 182 Skylane,L1P,L
A2261E,N2379K,PA18,PIPER PA-18 Super Cub,L1P,L
A2291E,N2384B,,,,
A22E1E,N24EV,RV10,VANS RV-10,L1P,L
A22F1E,N24RA,BE33,BEECH 33 Bonanza,L1P,L
A2311E,N240MM,C210,CESSNA 201 Centurion,L1P,L
A2361E,N2410R,P46T,PIPER PA-46-500TP,L1T,L
A2391E,N242TH,Z42,ZLIN Z-42/142/242,L1P,L
A23A1E,N2422U,P32R,PIPER PA-32R-300/301/301T,L1P,L
A23E1E,N2434X,C182,CESSNA 182 Skylane,L1P,L
A23F1E,N244CS,R44,ROBINSON R-44 Raven,H1P,L
A2451E,N2451S,M7,MAULE M-7,L1P,L
A24E1E,N248EC,H25B,HAWKER BEECHCRAFT Hawker 750/850,L2J,M
A2531E,N249TG,C208,CESSNA 208 Caravan,L1T,L
A2541E,N2492T,P28A,PIPER PA-28-140/150/160/180,L1P,L
A2561E,N25KZ,F2TH,DASSAULT Falcon 2000,L2J,M
A2571E,N25WE,P32R,PIPER PA-32R-300/301/301T,L1P,L
A2591E,N250SR,C560,CESSNA 560 Citation Ultra,L2J,M
A25A1E,N2502B,CH7A,BELLANCA 7 Champion,L1P,L
A25B1E,N2509N,C140,CESSNA 140,L1P,L
A25F1E,N252C,P46T,PIPER PA-46-500TP,L1T,L
A2691E,N2543C,C170,CESSNA 170,L1P,L
A26D1E,N2555F,CH7A,BELLANCA 7 Champion,L1P,L
A26F1E,N256PS,CRJ2,BOMBARDIER Regional Jet CRJ-200,L2J,M
A2741E,N2572A,PA20,PIPER PA-20 Pacer,L1P,L
A2751E,N2579M,PA12,PIPER PA-12 Super Cruiser,L1P,L
A27C1E,N2596G,C182,CESSNA 182 Skylane,L1P,L
A27D1E,N26EX,GLAS,Glasair,L1P,L
A27F1E,N260BH,B06,BELL 206 JetRanger,H1T,L
A2801E,N260MP,B06,BELL 206 JetRanger,H1T,L
A2851E,N2610T,ULAC,,L0-,-
A2891E,N2622W,M20P,MOONEY M-20,L1P,L
A28A1E,N26297,AA5,AMERICAN AA-5 Tiger,L1P,L
A28D1E,N2634Z,C185,CESSNA 185 Skywagon,L1P,L
A2911E,N26462,BALL,,B0-,-
A2981E,N2663X,C72R,CESSNA 172R Cutlass RG,L1P,L
A2A21E,N269TJ,H269,HUGHES Sky Knight,H1P,L
A2A31E,N2692V,C77R,CESSNA 177RG Cardinal RG,L1P,L
A2A51E,N27LA,C172,CESSNA 172 Skyhawk,L1P,L
A2A91E,N2702D,,,,
A2AD1E,N2714G,C182,CESSNA 182 Skylane,L1P,L
A2AE1E,N272CB,P28A,PIPER PA-28-140/150/160/180,L1P,L
A2B21E,N273F,PA32,PIPER PA-32,L1P,L
A2C01E,N2767L,C172,CESSNA 172 Skyhawk,L1P,L
A2C41E,N2779P,PA18,PIPER PA-18 Super Cub,L1P,L
A2C81E,N279CA,DA40,DIAMOND DA-40 Club Star,L1P,L
A2CC1E,N28EZ,LGEZ,RUTAN Long-EZ,L1P,L
A2CD1E,N28RE,T28,NORTH AMERICAN T-28,L1P,L
A2D11E,N28053,P28A,PIPER PA-28-140/150/160/180,L1P,L
A2D41E,N2810V,C150,CESSNA 150,L1P,L
A2D71E,N282TM,S22T,CIRRUS SR-22T Turbo,L1P,L
A2D81E,N2822Y,P28A,PIPER PA-28-140/150/160/180,L1P,L
A2DC1E,N28341,DC3,DOUGLAS DC-3 Dakota,L2P,M
A2E01E,N28464,AA5,AMERICAN AA-5 Tiger,L1P,L
A2E51E,N286JS,GL5T,BOMBARDIER BD-700 Global 5000/5500,L2J,M
A2EA1E,N287XW,JPRO,BAC P-84 Jet Provost,L1J,L
A2EB1E,N28752,AA5,AMERICAN AA-5 Tiger,L1P,L
A2F31E,N28998,AA5,AMERICAN AA-5 Tiger,L1P,L
A2F41E,N29LC,SF50,CIRRUS SF-50 Vision,L1J,L
A2F91E,N2909S,C150,CESSNA 150,L1P,L
A2FC1E,N2914J,C150,CESSNA 150,L1P,L
A2FD1E,N292CD,SR22,CIRRUS SR-22,L1P,L
A3001E,N2926M,M20P,MOONEY M-20,L1P,L
A3071E,N2943G,CH7A,BELLANCA 7 Champion,L1P,L
A30B1E,N2955K,L8,LUSCOMBE 8,L1P,L
A3111E,N297SU,R44,ROBINSON R-44 Raven,H1P,L
A3121E,N2972E,CH7A,BELLANCA 7 Champion,L1P,L
A3131E,N2979R,P28R,PIPER PA-28R-180/200/201,L1P,L
A3161E,N2984H,GLID,,L0-,-
A31D1E,N30BM,SASY,PROTECH Sassy,L1P,L
A31E1E,N30MT,T206,CESSNA T206 Turbo Stationair,L1P,L
A3221E,N3003L,C310,CESSNA 310,L2P,L
A3271E,N302DU,BCS3,AIRBUS A220-300,L2J,M
A3291E,N3020F,PA18,PIPER PA-18 Super Cub,L1P,L
A32A1E,N3027S,P28A,PIPER PA-28-140/150/160/180,L1P,L
A32C1E,N303SY,E75L,EMBRAER ERJ-170-200 (long wing),L2J,M
A32E1E,N3039V,C150,CESSNA 150,L1P,L
A3311E,N3044M,PA12,PIPER PA-12 Super Cruiser,L1P,L
A3351E,N3056Q,AT8T,AIR TRACTOR AT-802,L1T,M
A3361E,N306FE,DC10,MCDONNELL DOUGLAS DC-10,L3J,H
A3391E,N3068T,P32R,PIPER PA-32R-300/301/301T,L1P,L
A33C1E,N3073K,CULV,CULVER V,L1P,L
A33E1E,N308MA,M20P,MOONEY M-20,L1P,L
A3401E,N3085N,C120,CESSNA 120,L1P,L
A3441E,N3097R,BALL,,B0-,-
A3451E,N31GR,WAIX,SONEX Waiex,L1P,L
A3461E,N31SX,S22T,CIRRUS SR-22T Turbo,L1P,L
A3471E,N310DB,C310,CESSNA 310,L2P,L
A3481E,N310PH,C310,CESSNA 310,L2P,L
A34B1E,N311G,P28A,PIPER PA-28-140/150/160/180,L1P,L
A34C1E,N311SF,C182,CESSNA 182 Skylane,L1P,L
A3511E,N31235,CAT,CANADAIR Catalina,A2P,M
A3531E,N313MW,PA24,PIPER PA-24 Comanche,L1P,L
A3581E,N31400,P28A,PIPER PA-28-140/150/160/180,L1P,L
A35B1E,N315TS,B737,BOEING 737-700,L2J,M
A35D1E,N316AC,CH7B,BELLANCA 7 Citabria,L1P,L
A35E1E,N316LJ,,,,
A3621E,N317PG,B738,BOEING 737-800,L2J,M
A3661E,N318SE,S22T,CIRRUS SR-22T Turbo,L1P,L
A3671E,N31811,AR6T,AERONCA 65 Tandem,L1P,L
A36C1E,N32BP,ONEX,SONEX Onex,L1P,L
A3721E,N321AY,C182,CESSNA 182 Skylane,L1P,L
A3731E,N321MD,M20P,MOONEY M-20,L1P,L
A3761E,N322DW,RV3,VANS RV-3,L1P,L
A3771E,N322QB,C182,CESSNA 182 Skylane,L1P,L
A37B1E,N323T,PA18,PIPER PA-18 Super Cub,L1P,L
A3811E,N325CJ,C25C,CESSNA 525C Citation CJ4,L2J,M
A3881E,N3268V,BE35,BEECH 35 Starfire Bonanza,L1P,L
A38B1E,N3273M,C185,CESSNA 185 Skywagon,L1P,L
A38C1E,N328AX,HUNT,HAWKER Hunter,L1J,M
A3921E,N3290G,BALL,,B0-,-
A3931E,N3297T,C177,CESSNA  177 Cardinal,L1P,L
A3951E,N33SZ,VENT,SCHEMPP-HIRTH Ventus,L1P,L
A3961E,N330DD,R22,ROBINSON R-22 Mariner,H1P,L
A3971E,N330PK,C25B,CESSNA 525B Citation CJ3,L2J,L
A39C1E,N33114,P28A,PIPER PA-28-140/150/160/180,L1P,L
A3A01E,N33237,J3,PIPER J-3 Cub,L1P,L
A3A81E,N3348C,BE35,BEECH 35 Starfire Bonanza,L1P,L
A3AC1E,N336AE,B06,BELL 206 JetRanger,H1T,L
A3AF1E,N33648,P28A,PIPER PA-28-140/150/160/180,L1P,L
A3B01E,N337DC,C337,CESSNA 337 Super Skymaster,L2P,L
A3B11E,N337PJ,B738,BOEING 737-800,L2J,M
A3B31E,N3377A,PA22,PIPER PA-22,L1P,L
A3B71E,N3389D,C180,CESSNA  180 Skywagon,L1P,L
A3BB1E,N34BR,BE33,BEECH 33 Bonanza,L1P,L
A3BC1E,N34MX,T34P,BEECH T-34 Mentor,L1P,L
A3BD1E,N34YC,T34P,BEECH T-34 Mentor,L1P,L
A3BF1E,N340UP,B763,BOEING 767-300,L2J,H
A3C81E,N3427W,PA32,PIPER PA-32,L1P,L
A3CA1E,N343TB,TB20,SOCATA TB-20 Trinidad,L1P,L
A3CB1E,N3432N,J3,PIPER J-3 Cub,L1P,L
A3CE1E,N344W,PA12,PIPER PA-12 Super Cruiser,L1P,L
A3CF1E,N3444R,C182,CESSNA 182 Skylane,L1P,L
A3D31E,N3456U,C182,CESSNA 182 Skylane,L1P,L
A3DC1E,N348ME,C172,CESSNA 172 Skyhawk,L1P,L
A3DE1E,N3485S,C182,CESSNA 182 Skylane,L1P,L
A3DF1E,N349DX,A321,AIRBUS A-321,L2J,M
A3E31E,N35GV,C182,CESSNA 182 Skylane,L1P,L
A3E51E,N350DF,,,,
A3E61E,N350PM,PA46,PIPER PA-46-310/350,L1P,L
A3EB1E,N35116,J3,PIPER J-3 Cub,L1P,L
A3EE1E,N352VH,AS50,AEROSPATIALE AS-350 Ecureuil,H1T,L
A3F31E,N3536B,PA31,PIPER PA-31-300/310/325/350/425,L2P,L
A3F41E,N354ES,C72R,CESSNA 172R Cutlass RG,L1P,L
A3FF1E,N357DE,RF10,FOURNIER RF-10,L1P,L
A4021E,N3577C,C170,CESSNA 170,L1P,L
A4051E,N35815,C172,CESSNA 172 Skyhawk,L1P,L
A4061E,N3589F,C182,CESSNA 182 Skylane,L1P,L
A4091E,N35938,BALL,,B0-,-
A40A1E,N36BT,BT36,BEECH B36TC Bonanza,L1P,L
A40B1E,N36MZ,BE35,BEECH 35 Starfire Bonanza,L1P,L
A40F1E,N3603S,C172,CESSNA 172 Skyhawk,L1P,L
A4161E,N3620M,BE20,BEECH 200 Super King Air,L2T,M
A41D1E,N364WB,P46T,PIPER PA-46-500TP,L1T,L
A41E1E,N3644T,C172,CESSNA 172 Skyhawk,L1P,L
A4221E,N3656W,PA32,PIPER PA-32,L1P,L
A4291E,N3673R,BE58,BEECH 58 Baron,L2P,L
A4301E,N3690L,C172,CESSNA 172 Skyhawk,L1P,L
A4331E,N37TC,TBM7,SOCATA TBM-700A/B/C,L1T,L
A43B1E,N3719J,C150,CESSNA 150,L1P,L
A43C1E,N372KD,ULAC,,L0-,-
A43E1E,N3724A,PA22,PIPER PA-22,L1P,L
A4421E,N3736D,BE36,BEECH 36 Bonanza,L1P,L
A4441E,N374R,B350,BEECHCRAFT Super King Air 350,L2T,M
A4451E,N37406,S1,INTERSTATE S-1 Cadet,L1P,L
A4471E,N375HS,EC20,AIRBUS HELICOPTERS EC-120,H1T,L
A44C1E,N376WW,,,,
A44E1E,N377DG,RV12,VANS RV-12,L1P,L
A4511E,N3777E,AR11,AERONCA 11 Chief,L1P,L
A4591E,N38BV,ULAC,,L0-,-
A45A1E,N38NA,C550,CESSNA 550 Citation S2,L2J,L
A45C1E,N380JM,ULAC,,L0-,-
A4661E,N38270,J3,PIPER J-3 Cub,L1P,L
A4741E,N3861Q,C172,CESSNA 172 Skyhawk,L1P,L
A4781E,N3873T,P28R,PIPER PA-28R-180/200/201,L1P,L
A4791E,N388BC,BE35,BEECH 35 Starfire Bonanza,L1P,L
A47A1E,N388MJ,R22,ROBINSON R-22 Mariner,H1P,L
A4801E,N3897Z,PA18,PIPER PA-18 Super Cub,L1P,L
A4861E,N3907H,ERCO,AIR PRODUCTS F-1 Aircoupe,L1P,L
A4881E,N391SP,C172,CESSNA 172 Skyhawk,L1P,L
A4891E,N3912,,,,
A48B1E,N392KF,FOX,KITFOX,L1P,L
A4911E,N3936F,C172,CESSNA 172 Skyhawk,L1P,L
A4921E,N394EW,TBM7,SOCATA TBM-700A/B/C,L1T,L
A4931E,N394RB,BL8,BELLANCA 8 Decathlon,L1P,L
A4981E,N3953A,AS50,AEROSPATIALE AS-350 Ecureuil,H1T,L
A49C1E,N3965D,,,,
A49D1E,N397DJ,T206,CESSNA T206 Turbo Stationair,L1P,L
A4A01E,N3977G,RV6,VANS RV-6,L1P,L
A4A41E,N3989K,P28A,PIPER PA-28-140/150/160/180,L1P,L
A4A91E,N4NC,CAT,CANADAIR Catalina,A2P,M
A4AE1E,N400RF,BOLT,STEEN Skybolt,L1P,L
A4AF1E,N4001B,BALL,,B0-,-
A4B31E,N4013E,PA18,PIPER PA-18 Super Cub,L1P,L
A4B51E,N402LW,B407,BELL 407,H1T,L
A4B81E,N403DN,TUCR,FLYING LEGEND Tucano Replica,L1P,L
A4BA1E,N4030,,,,
A4BB1E,N4037L,H500,HUGHES 500,H1T,L
A4BD1E,N404SS,C172,CESSNA 172 Skyhawk,L1P,L
A4C21E,N4054F,C172,CESSNA 172 Skyhawk,L1P,L
A4C71E,N407EZ,TEX2,BEECHCRAFT T-6 Texan 2,L1T,L
A4C81E,N407RE,B407,BELL 407,H1T,L
A4CD1E,N4083D,C182,CESSNA 182 Skylane,L1P,L
A4CE1E,N409AP,B407,BELL 407,H1T,L
A4D21E,N41DM,PA23,PIPER PA-23,L2P,L
A4D41E,N41ZZ,AS24,SCHLEICHER ASW-24,L1P,L
A4D71E,N41041,C421,CESSNA 421 Executive Commuter,L2P,L
A4D91E,N411PB,C82R,CESSNA R182 Skylane RG,L1P,L
A4DB1E,N41164,PA31,PIPER PA-31-300/310/325/350/425,L2P,L
A4DD1E,N412S,GLID,,L0-,-
A4DF1E,N41287,P28A,PIPER PA-28-140/150/160/180,L1P,L
A4E01E,N413JS,M5,MAULE M-5,L1P,L
A4E31E,N414BJ,,,,
A4E91E,N4150U,C150,CESSNA 150,L1P,L
A4ED1E,N4162X,SS2P,ROCKWELL Thrush Commander,L1P,L
A4EE1E,N41698,CH7A,BELLANCA 7 Champion,L1P,L
A4EF1E,N417LC,SR22,CIRRUS SR-22,L1P,L
A4F31E,N418PA,P28A,PIPER PA-28-140/150/160/180,L1P,L
A4FA1E,N42JR,RV6,VANS RV-6,L1P,L
A4FE1E,N4201D,BE35,BEECH 35 Starfire Bonanza,L1P,L
A5031E,N422AS,BE9L,BEECH 90 King Air,L2T,L
A5081E,N423PW,CC19,CUB CRAFTERS CC-19 XCub,L1P,L
A5091E,N4230B,BE35,BEECH 35 Starfire Bonanza,L1P,L
A50D1E,N4242E,AR11,AERONCA 11 Chief,L1P,L
A50E1E,N4249R,,,,
A5111E,N4254H,C123,FAIRCHILD C-123 Provider,L2P,M
A5121E,N426CC,PA11,PIPER PA-11 Cub Special,L1P,L
A5191E,N4278P,PA23,PIPER PA-23,L2P,L
A51C1E,N4283F,C172,CESSNA 172 Skyhawk,L1P,L
A51D1E,N429AR,B429,BELL 429 GlobalRanger,H2T,L
A5211E,N43DP,CB1,HATZ CB-1 Classic,L1P,L
A5241E,N430LF,B429,BELL 429 GlobalRanger,H2T,L
A52A1E,N43166,TAYB,TAYLORCRAFT BC/BF/BL,L1P,L
A52C1E,N432SB,RV12,VANS RV-12,L1P,L
A52D1E,N4321Y,PA23,PIPER PA-23,L2P,L
A52E1E,N43289,P28A,PIPER PA-28-140/150/160/180,L1P,L
A5301E,N433V,CAMP,GREGA GN-1 Aircamper,L1P,L
A5311E,N43331,PA32,PIPER PA-32,L1P,L
A5381E,N4350W,BE24,BEECH 24 Sierra,L1P,L
A5391E,N43577,PA34,PIPER PA-34 Seneca,L2P,L
A53C1E,N4362Z,PA18,PIPER PA-18 Super Cub,L1P,L
A53D1E,N437,C195,CESSNA 195,L1P,L
A5401E,N43742,P28A,PIPER PA-28-140/150/160/180,L1P,L
A5421E,N438PC,SR22,CIRRUS SR-22,L1P,L
A5461E,N439SA,SKAR,III Sky Arrow,L1P,L
A5471E,N4391X,P28A,PIPER PA-28-140/150/160/180,L1P,L
A5491E,N44JT,PTS1,PITTS S-1 Special,L1P,L
A54D1E,N4401F,P28A,PIPER PA-28-140/150/160/180,L1P,L
A54F1E,N441JB,L39,LET L-39 Albatros,L1J,L
A5511E,N4413J,P28A,PIPER PA-28-140/150/160/180,L1P,L
A5531E,N442M,PIVI,PIPSTREL Virus,L1P,L
A5551E,N4425M,PA12,PIPER PA-12 Super Cruiser,L1P,L
A55C1E,N4442G,ULAC,,L0-,-
A5641E,N4466N,DSA1,SMITH DSA-1 Miniplane,L1P,L
A5671E,N4471E,BE36,BEECH 36 Bonanza,L1P,L
A5691E,N448JA,PA44,PIPER PA-44 Seminole,L2P,L
A56C1E,N449AT,SS2T,TRUSH Turbo Thrush 500/550,L1T,L
A56F1E,N4495L,C172,CESSNA 172 Skyhawk,L1P,L
A5721E,N450AB,GLF4,GULFSTREAM 4,L2J,M
A5731E,N450LH,BE95,BEECH 95 Travel Air,L2P,L
A5751E,N45045,C150,CESSNA 150,L1P,L
A5761E,N451D,P51,NORTH AMERICAN P-51 Mustang,L1P,L
A57B1E,N452SD,LJ45,LEARJET 45,L2J,M
A57C1E,N45210,AA5,AMERICAN AA-5 Tiger,L1P,L
A57D1E,N4529A,PA22,PIPER PA-22,L1P,L
A5841E,N45456,C182,CESSNA 182 Skylane,L1P,L
A5861E,N455QS,GLF4,GULFSTREAM 4,L2J,M
A5871E,N4550Y,PA25,PIPER PA-25 Pawnee,L1P,L
A58C1E,N457AA,MD82,MCDONNELL-DOUGLAS MD-82,L2J,M
A58E1E,N457WN,B737,BOEING 737-700,L2J,M
A5941E,N459FX,GLF4,GULFSTREAM 4,L2J,M
A5951E,N459SC,PA44,PIPER PA-44 Seminole,L2P,L
A5961E,N4591Z,PA22,PIPER PA-22,L1P,L
A5991E,N46VA,E145,EMBRAER ERJ-145,L2J,M
A59B1E,N460RM,C525,CESSNA 525 CitationJet,L2J,L
A59C1E,N4601H,PA17,PIPER PA-17 Vagabond Trainer,L1P,L
A5A01E,N4613L,C172,CESSNA 172 Skyhawk,L1P,L
A5A11E,N462AW,CRJ2,BOMBARDIER Regional Jet CRJ-200,L2J,M
A5A91E,N464GS,T206,CESSNA T206 Turbo Stationair,L1P,L
A5AF1E,N4654M,M20P,MOONEY M-20,L1P,L
A5B61E,N4671G,C172,CESSNA 172 Skyhawk,L1P,L
A5B71E,N4678T,C82R,CESSNA R182 Skylane RG,L1P,L
A5BA1E,N4683K,C182,CESSNA 182 Skylane,L1P,L
A5C01E,N47PZ,C180,CESSNA  180 Skywagon,L1P,L
A5C51E,N471DB,,,,
A5CA1E,N472SF,GLAS,Glasair,L1P,L
A5CB1E,N47212,JACE,ACE Junior Ace,L1P,L
A5CC1E,N4729C,T210,CESSNA T210 Turbo Centurion,L1P,L
A5D61E,N47500,AR6T,AERONCA 65 Tandem,L1P,L
A5DA1E,N47623,C152,CESSNA 152,L1P,L
A5DF1E,N478DA,SR20,CIRRUS SR-20,L1P,L
A5E21E,N47869,P28R,PIPER PA-28R-180/200/201,L1P,L
A5E81E,N48VC,E50P,EMBRAER EMB-500 Phenom 100,L2J,L
A5E91E,N480FH,EN48,ENSTROM TH-28,H1T,L
A5EF1E,N4813N,ST75,STEARMAN Kaydet,L1P,L
A5F61E,N4830H,PA17,PIPER PA-17 Vagabond Trainer,L1P,L
A5F71E,N4837U,C210,CESSNA 201 Centurion,L1P,L
A5FB1E,N4849X,C150,CESSNA 150,L1P,L
A6051E,N4871J,BE35,BEECH 35 Starfire Bonanza,L1P,L
A60B1E,N489MC,B744,BOEING 747-400,L4J,H
A6101E,N490AF,C177,CESSNA  177 Cardinal,L1P,L
A6131E,N49049,,,,
A61B1E,N4929E,NAVI,NORTH AMERICAN Navion,L1P,L
A61C1E,N493K,DHC2,DE HAVILLAND DHC-2 Beaver,L1P,L
A61E1E,N49337,PTS1,PITTS S-1 Special,L1P,L
A6241E,N495QW,CDUS,AUTOGYRO Calidus,G1P,L
A62A1E,N497AE,B407,BELL 407,H1T,L
A6351E,N4999D,C182,CESSNA 182 Skylane,L1P,L
A6371E,N5VE,C182,CESSNA 182 Skylane,L1P,L
A6381E,N50FK,,,,
A63A1E,N500BW,C82T,CESSNA TR182 Turbo Skylane RG,L1P,L
A63B1E,N500NB,E545,EMBRAER EMB545 Praetor 500,L2J,M
A63D1E,N5006D,C182,CESSNA 182 Skylane,L1P,L
A6401E,N50106,C150,CESSNA 150,L1P,L
A6471E,N503WW,,,,
A6481E,N5035B,BE35,BEECH 35 Starfire Bonanza,L1P,L
A64C1E,N5047E,CH7B,BELLANCA 7 Citabria,L1P,L
A64D1E,N505GE,BE60,BEECH 60 Duke,L2P,L
A64E1E,N505SL,,,,
A6501E,N5059H,PA11,PIPER PA-11 Cub Special,L1P,L
A6551E,N507NA,COL3,CESSNA 350 Corvalis,L1P,L
A6571E,N5076C,BE35,BEECH 35 Starfire Bonanza,L1P,L
A65A1E,N50805,C150,CESSNA 150,L1P,L
A65F1E,N51AH,P32R,PIPER PA-32R-300/301/301T,L1P,L
A6631E,N510TF,C340,CESSNA 340 Super,L2P,L
A6641E,N5102S,P28A,PIPER PA-28-140/150/160/180,L1P,L
A66F1E,N5131Q,T210,CESSNA T210 Turbo Centurion,L1P,L
A6771E,N5155W,P28A,PIPER PA-28-140/150/160/180,L1P,L
A6781E,N516EA,EA50,ECLIPSE 550,L2J,L
A67B1E,N5167Z,PA22,PIPER PA-22,L1P,L
A67E1E,N5172R,C185,CESSNA 185 Skywagon,L1P,L
A6811E,N518WC,B06,BELL 206 JetRanger,H1T,L
A6821E,N5184U,,,,
A6831E,N519CP,GLEX,BOMBARDIER BD-700 Global 6000/6500,L2J,M
A6881E,N52RT,SE5A,RAF SE-5A Replica,L1P,L
A68F1E,N52108,C180,CESSNA  180 Skywagon,L1P,L
A6931E,N5223A,T210,CESSNA T210 Turbo Centurion,L1P,L
A6971E,N5235D,C180,CESSNA  180 Skywagon,L1P,L
A6981E,N524DJ,,,,
A69B1E,N5247G,O1,CESSNA 305/341 Bird Dog,L1P,L
A69E1E,N52519,C172,CESSNA 172 Skyhawk,L1P,L
A6A11E,N526VL,A320,AIRBUS A-320,L2J,M
A6A61E,N5276E,C82R,CESSNA R182 Skylane RG,L1P,L
A6AF1E,N53LR,R44,ROBINSON R-44 Raven,H1P,L
A6B21E,N530TH,H500,HUGHES 500,H1T,L
A6B41E,N53095,P38,LOCKHEED P-38 Lightning,L2P,M
A6B71E,N5314X,T206,CESSNA T206 Turbo Stationair,L1P,L
A6BB1E,N53260,P28A,PIPER PA-28-140/150/160/180,L1P,L
A6BE1E,N5331S,P28A,PIPER PA-28-140/150/160/180,L1P,L
A6C21E,N5343V,UH12,HILLER UH-12,H1P,L
A6CA1E,N53671,P337,CESSNA P337 Skymaster,L2P,L
A6CE1E,N53794,C172,CESSNA 172 Skyhawk,L1P,L
A6D11E,N5384W,SR22,CIRRUS SR-22,L1P,L
A6D51E,N5396Z,PA22,PIPER PA-22,L1P,L
A6D71E,N54RV,RV4,VANS RV-4,L1P,L
A6D81E,N540C,S108,STINSON 108 Voyager,L1P,L
A6DE1E,N5411,S22T,CIRRUS SR-22T Turbo,L1P,L
A6E51E,N543X,RF10,FOURNIER RF-10,L1P,L
A6E71E,N544DL,R44,ROBINSON R-44 Raven,H1P,L
A6E81E,N544PS,H25B,HAWKER BEECHCRAFT Hawker 750/850,L2J,M
A6EB1E,N545GJ,CRJ7,BOMBARDIER Regional Jet CRJ-700,L2J,M
A6EE1E,N5459M,RV7,VANS RV-7,L1P,L
A6F11E,N5464D,C172,CESSNA 172 Skyhawk,L1P,L
A6F31E,N547NE,PARA,,P0-,-
A6F81E,N54809,PA23,PIPER PA-23,L2P,L
A6FD1E,N55AM,CH7A,BELLANCA 7 Champion,L1P,L
A6FE1E,N55LT,C414,CESSNA 414 Chancellor,L2P,L
A7001E,N550HD,E550,EMBRAER EMB-550 Praetor 600,L2J,M
A7011E,N550TK,RV7,VANS RV-7,L1P,L
A7021E,N5502W,P28A,PIPER PA-28-140/150/160/180,L1P,L
A7031E,N55097,ST75,STEARMAN Kaydet,L1P,L
A7051E,N551WH,C510,CESSNA 510 Citation Mustang,L2J,L
A7061E,N5514Z,PA22,PIPER PA-22,L1P,L
A70A1E,N55262,ST75,STEARMAN Kaydet,L1P,L
A7101E,N554UW,A321,AIRBUS A-321,L2J,M
A7111E,N5543X,SS2P,ROCKWELL Thrush Commander,L1P,L
A7121E,N555BG,C25A,CESSNA 525A Citation CJ2,L2J,L
A7131E,N555MN,SR22,CIRRUS SR-22,L1P,L
A7191E,N55673,P28A,PIPER PA-28-140/150/160/180,L1P,L
A71C1E,N5572V,P28A,PIPER PA-28-140/150/160/180,L1P,L
A71F1E,N558WG,C525,CESSNA 525 CitationJet,L2J,L
A7211E,N559CT,FDCT,FLIGHT DESIGN CT,L1P,L
A7251E,N56FR,AC50,NORTH AMERICAN ROCKWELL Commander 500,L2P,L
A7261E,N56RX,C421,CESSNA 421 Executive Commuter,L2P,L
A72A1E,N5606K,PARA,,P0-,-
A72B1E,N561F,C170,CESSNA 170,L1P,L
A72D1E,N5611B,CH70,ZENAIR CH-701 Stol,L1P,L
A72E1E,N5618N,ULAC,,L0-,-
A7311E,N5623E,C172,CESSNA 172 Skyhawk,L1P,L
A7371E,N564PU,P28A,PIPER PA-28-140/150/160/180,L1P,L
A7391E,N5647L,M5,MAULE M-5,L1P,L
A73C1E,N5652C,M6,MAULE M-6,L1P,L
A73D1E,N5659P,M5,MAULE M-5,L1P,L
A7411E,N567CA,B752,BOEING 757-200,L2J,M
A7441E,N5676J,C182,CESSNA 182 Skylane,L1P,L
A74C1E,N57AP,PA23,PIPER PA-23,L2P,L
A74D1E,N57LV,PTS1,PITTS S-1 Special,L1P,L
A7511E,N5702Y,PA23,PIPER PA-23,L2P,L
A7591E,N57264,,,,
A75B1E,N573S,T18,THORP Tiger,L1P,L
A75C1E,N5731W,P28A,PIPER PA-28-140/150/160/180,L1P,L
A75D1E,N57387,VALI,CONVAIR Valiant,L1P,L
A75E1E,N574JS,E50P,EMBRAER EMB-500 Phenom 100,L2J,L
A7601E,N5743Z,B06,BELL 206 JetRanger,H1T,L
A7641E,N57552,M20P,MOONEY M-20,L1P,L
A7711E,N579PA,DRON,,D0-,-
A7811E,N583AS,B738,BOEING 737-800,L2J,M
A7841E,N5835K,BE35,BEECH 35 Starfire Bonanza,L1P,L
A7971E,N5888P,PA24,PIPER PA-24 Comanche,L1P,L
A79D1E,N59XC,CC19,CUB CRAFTERS CC-19 XCub,L1P,L
A7A11E,N591A,,,,
A7A51E,N592CY,DRON,,D0-,-
A7A61E,N592PD,B407,BELL 407,H1T,L
A7B61E,N5960W,P28A,PIPER PA-28-140/150/160/180,L1P,L
A7BE1E,N59842,VALI,CONVAIR Valiant,L1P,L
A7C31E,N6FV,C77R,CESSNA 177RG Cardinal RG,L1P,L
A7C61E,N60NM,A109,AGUSTA AW-109 Grand,H2T,L
A7C81E,N600JY,C500,CESSNA 500 Citation 1,L2J,L
A7D21E,N6028A,C172,CESSNA 172 Skyhawk,L1P,L
A7D51E,N60323,ST75,STEARMAN Kaydet,L1P,L
A7D61E,N604AC,P28A,PIPER PA-28-140/150/160/180,L1P,L
A7D71E,N604LJ,C25A,CESSNA 525A Citation CJ2,L2J,L
A7D91E,N60446,AT5T,AIR TRACTOR AT-504,L1T,L
A7DA1E,N605DA,CL60,BOMBARDIER CL-600 Challenger,L2J,M
A7DB1E,N605PG,H60,SIKORSKY UH-60 Black Hawk,H2T,M
A7DD1E,N60569,C150,CESSNA 150,L1P,L
A7E01E,N60611,C150,CESSNA 150,L1P,L
A7E11E,N6069B,C182,CESSNA 182 Skylane,L1P,L
A7E41E,N60734,T6,NORTH AMERICAN T-6 Texan,L1P,L
A7F11E,N6100H,J3,PIPER J-3 Cub,L1P,L
A7F51E,N6112L,,,,
A7FE1E,N614FG,DRON,,D0-,-
A8001E,N6141J,P28A,PIPER PA-28-140/150/160/180,L1P,L
A8011E,N6148V,H269,HUGHES Sky Knight,H1P,L
A8041E,N6153M,S108,STINSON 108 Voyager,L1P,L
A8051E,N616AX,MRF1,DASSAULT Mirage F1,L1J,M
A8061E,N616MC,C82T,CESSNA TR182 Turbo Skylane RG,L1P,L
A8091E,N617DV,F900,DASSAULT Falcon 900,L3J,M
A80A1E,N617QA,DRON,,D0-,-
A8141E,N62CH,SR22,CIRRUS SR-22,L1P,L
A8191E,N62037,M5,MAULE M-5,L1P,L
A81A1E,N621BS,RV8,VANS RV-8,L1P,L
A8251E,N624AE,E145,EMBRAER ERJ-145,L2J,M
A8261E,N624LL,TB20,SOCATA TB-20 Trinidad,L1P,L
A8291E,N625DC,DV20,DIAMOND DA-20,L1P,L
A82A1E,N625PJ,DRON,,D0-,-
A82C1E,N6257A,C182,CESSNA 182 Skylane,L1P,L
A8301E,N6269D,C172,CESSNA 172 Skyhawk,L1P,L
A8381E,N629EP,FA50,DASSAULT Falcon 50,L3J,M
A83A1E,N62901,C172,CESSNA 172 Skyhawk,L1P,L
A83C1E,N63HM,BE35,BEECH 35 Starfire Bonanza,L1P,L
A83D1E,N63TT,PA31,PIPER PA-31-300/310/325/350/425,L2P,L
A8401E,N6300K,C150,CESSNA 150,L1P,L
A8441E,N6312N,CH7A,BELLANCA 7 Champion,L1P,L
A8451E,N6319Z,PA25,PIPER PA-25 Pawnee,L1P,L
A84C1E,N6336U,T210,CESSNA T210 Turbo Centurion,L1P,L
A84F1E,N6341L,AA1,AMERICAN AA-1,L1P,L
A8501E,N6348X,BALL,,B0-,-
A8531E,N6353P,PA24,PIPER PA-24 Comanche,L1P,L
A8571E,N6365S,C150,CESSNA 150,L1P,L
A8661E,N640KB,BALL,,B0-,-
A8701E,N6428E,C172,CESSNA 172 Skyhawk,L1P,L
A8771E,N6445,,,,
A87A1E,N645ZS,DRON,,D0-,-
A87E1E,N64615,,,,
A8861E,N6486A,C182,CESSNA 182 Skylane,L1P,L
A8871E,N649ER,C172,CESSNA 172 Skyhawk,L1P,L
A8881E,N649QX,E75L,EMBRAER ERJ-170-200 (long wing),L2J,M
A88B1E,N65HP,GA8,GIPPSAERO GA-8 Airvan,L1P,L
A88C1E,N65TV,CH7A,BELLANCA 7 Champion,L1P,L
A8901E,N6507Y,COL4,CESSNA 400 Corvalis TT,L1P,L
A8931E,N6512Q,ERCO,AIR PRODUCTS F-1 Aircoupe,L1P,L
A8941E,N65191,C172,CESSNA 172 Skyhawk,L1P,L
A8951E,N652KW,C310,CESSNA 310,L2P,L
A8971E,N6524T,C150,CESSNA 150,L1P,L
A89B1E,N6536W,P28A,PIPER PA-28-140/150/160/180,L1P,L
A89C1E,N654FL,P28A,PIPER PA-28-140/150/160/180,L1P,L
A89D1E,N654RS,S22T,CIRRUS SR-22T Turbo,L1P,L
A89F1E,N6548Z,PA25,PIPER PA-25 Pawnee,L1P,L
A8A21E,N6553R,BE19,BEECH 19 Sport,L1P,L
A8A61E,N6565U,M20P,MOONEY M-20,L1P,L
A8A91E,N6570L,BE23,BEECH 23 Sundowner,L1P,L
A8AD1E,N6582P,P210,CESSNA P210 Centurion,L1P,L
A8AE1E,N65890,CH7A,BELLANCA 7 Champion,L1P,L
A8B11E,N6594S,DRON,,D0-,-
A8B21E,N66CM,LGEZ,RUTAN Long-EZ,L1P,L
A8B41E,N66YZ,PA11,PIPER PA-11 Cub Special,L1P,L
A8B51E,N660KD,R66,ROBINSON R-66,H1T,L
A8B71E,N6604A,C172,CESSNA 172 Skyhawk,L1P,L
A8B81E,N661BW,BE35,BEECH 35 Starfire Bonanza,L1P,L
A8BB1E,N6616D,C172,CESSNA 172 Skyhawk,L1P,L
A8BD1E,N662R,C310,CESSNA 310,L2P,L
A8BE1E,N66206,WACC,WACO C/S,L1P,L
A8C21E,N66329,CH7A,BELLANCA 7 Champion,L1P,L
A8C61E,N6645B,BE36,BEECH 36 Bonanza,L1P,L
A8C71E,N665DG,FDCT,FLIGHT DESIGN CT,L1P,L
A8CA1E,N6657E,C175,CESSNA 175 Skylark,L1P,L
A8CE1E,N6669H,J3,PIPER J-3 Cub,L1P,L
A8CF1E,N667KC,P46T,PIPER PA-46-500TP,L1T,L
A8D31E,N668NA,DRON,,D0-,-
A8D91E,N6698F,BE24,BEECH 24 Sierra,L1P,L
A8DA1E,N67HR,M20T,MOONEY M-20T,L1P,L
A8DB1E,N67TX,PA30,PIPER PA-30 Twin Comanche,L2P,L
A8DE1E,N6700P,P210,CESSNA P210 Centurion,L1P,L
A8DF1E,N67070,RELI,STINSON Reliant,L1P,L
A8E01E,N671H,,,,
A8E21E,N6712S,C150,CESSNA 150,L1P,L
A8E31E,N67193,ST75,STEARMAN Kaydet,L1P,L
A8E61E,N6724V,BE36,BEECH 36 Bonanza,L1P,L
A8ED1E,N6741Q,G164,GRUMMAN G-164 Ag-Cat,L1P,L
A8EF1E,N675JL,LGEZ,RUTAN Long-EZ,L1P,L
A8F11E,N6753T,C310,CESSNA 310,L2P,L
A8F51E,N6765W,P28A,PIPER PA-28-140/150/160/180,L1P,L
A8F81E,N6770N,M20P,MOONEY M-20,L1P,L
A8FC1E,N6782R,T210,CESSNA T210 Turbo Centurion,L1P,L
A9011E,N68CP,PA46,PIPER PA-46-310/350,L1P,L
A9021E,N68NV,DRON,,D0-,-
A9051E,N680VM,C680,CESSNA 680 Citation Sovereign,L2J,M
A90A1E,N6816F,P28A,PIPER PA-28-140/150/160/180,L1P,L
A90E1E,N6828J,P28R,PIPER PA-28R-180/200/201,L1P,L
A9101E,N683U,GLID,,L0-,-
A9111E,N6833A,C172,CESSNA 172 Skyhawk,L1P,L
A9181E,N685ZW,RS12,RANS S-12 Super Airaile,L1P,L
A9191E,N6857G,C150,CESSNA 150,L1P,L
A91D1E,N6869K,PA16,PIPER PA-16 Clipper,L1P,L
A9201E,N6874B,PA22,PIPER PA-22,L1P,L
A9281E,N6898H,C172,CESSNA 172 Skyhawk,L1P,L
A9291E,N69HT,R44,ROBINSON R-44 Raven,H1P,L
A92A1E,N69TZ,P28A,PIPER PA-28-140/150/160/180,L1P,L
A92E1E,N69072,T50,CESSNA Bobcat,L2P,L
A9331E,N692L,GL5T,BOMBARDIER BD-700 Global 5000/5500,L2J,M
A9351E,N6924X,C172,CESSNA 172 Skyhawk,L1P,L
A93A1E,N694FQ,FOX,KITFOX,L1P,L
A93B1E,N694RW,,,,
A9421E,N696ML,VELO,Velocity,L1P,L
A9451E,N697EC,C56X,CESSNA 560XL Citation XLS,L2J,M
A9471E,N6970Q,BE19,BEECH 19 Sport,L1P,L
A94F1E,N6994W,P28A,PIPER PA-28-140/150/160/180,L1P,L
A9501E,N7CR,BE60,BEECH 60 Duke,L2P,L
A9531E,N70KH,C560,CESSNA 560 Citation Ultra,L2J,M
A9561E,N700S,TBM7,SOCATA TBM-700A/B/C,L1T,L
A9571E,N7001W,P28A,PIPER PA-28-140/150/160/180,L1P,L
A9591E,N701JS,C25B,CESSNA 525B Citation CJ3,L2J,L
A95B1E,N7013Z,ULAC,,L0-,-
A9621E,N7030U,AVID,AVID Flyer,L1P,L
A9631E,N70375,J3,PIPER J-3 Cub,L1P,L
A9641E,N704HE,C150,CESSNA 150,L1P,L
A9651E,N704TL,C208,CESSNA 208 Caravan,L1T,L
A9661E,N7042X,C150,CESSNA 150,L1P,L
A96C1E,N706PA,P28A,PIPER PA-28-140/150/160/180,L1P,L
A96F1E,N707FT,PA18,PIPER PA-18 Super Cub,L1P,L
A9711E,N7071V,J3,PIPER J-3 Cub,L1P,L
A9731E,N708JR,C560,CESSNA 560 Citation Ultra,L2J,M
A9751E,N7083Y,,,,
A97A1E,N71EF,P28R,PIPER PA-28R-180/200/201,L1P,L
A97F1E,N7105K,BALL,,B0-,-
A9801E,N711DQ,CH7B,BELLANCA 7 Citabria,L1P,L
A9821E,N7110B,PA22,PIPER PA-22,L1P,L
A9861E,N7122E,PA44,PIPER PA-44 Seminole,L2P,L
A9871E,N7129R,P28A,PIPER PA-28-140/150/160/180,L1P,L
A9891E,N713VS,PA23,PIPER PA-23,L2P,L
A98A1E,N7134H,J3,PIPER J-3 Cub,L1P,L
A98B1E,N714CC,C150,CESSNA 150,L1P,L
A98C1E,N714NJ,C150,CESSNA 150,L1P,L
A98F1E,N715FA,DRON,,D0-,-
A9901E,N715RG,BE35,BEECH 35 Starfire Bonanza,L1P,L
A9921E,N7158P,CH7B,BELLANCA 7 Citabria,L1P,L
A9951E,N7163F,C150,CESSNA 150,L1P,L
A9961E,N717AR,P28A,PIPER PA-28-140/150/160/180,L1P,L
A99C1E,N7180A,,,,
A99D1E,N7187M,,,,
A99F1E,N719ST,ULAC,,L0-,-
A9A21E,N72KK,BE36,BEECH 36 Bonanza,L1P,L
A9A31E,N72VR,ULAC,,L0-,-
A9A51E,N720SB,C337,CESSNA 337 Super Skymaster,L2P,L
A9A91E,N721V,GLF5,GULFSTREAM 5,L2J,M
A9AC1E,N722MS,RV8,VANS RV-8,L1P,L
A9AE1E,N72254,C140,CESSNA 140,L1P,L
A9B51E,N7242Z,PA25,PIPER PA-25 Pawnee,L1P,L
A9B61E,N725,C185,CESSNA 185 Skywagon,L1P,L
A9BB1E,N726PC,CH75,ZENAIR CH-750 Cruzer,L1P,L
A9BD1E,N72665,C140,CESSNA 140,L1P,L
A9BF1E,N727SA,BE20,BEECH 200 Super King Air,L2T,M
A9C01E,N7271X,C82S,CESSNA T182 Turbo Skylane,L1P,L
A9C11E,N72788,C72R,CESSNA 172R Cutlass RG,L1P,L
A9C61E,N729MR,M20P,MOONEY M-20,L1P,L
A9C81E,N72953,C140,CESSNA 140,L1P,L
A9CF1E,N731DS,P210,CESSNA P210 Centurion,L1P,L
A9D41E,N732SW,B737,BOEING 737-700,L2J,M
A9D91E,N7334K,C172,CESSNA 172 Skyhawk,L1P,L
A9DE1E,N735FC,C182,CESSNA 182 Skylane,L1P,L
A9DF1E,N735RJ,C182,CESSNA 182 Skylane,L1P,L
A9E31E,N736UG,C172,CESSNA 172 Skyhawk,L1P,L
A9E41E,N7363H,J3,PIPER J-3 Cub,L1P,L
A9E51E,N737AT,B737,BOEING 737-700,L2J,M
A9E61E,N737LZ,C172,CESSNA 172 Skyhawk,L1P,L
A9E71E,N737XE,C172,CESSNA 172 Skyhawk,L1P,L
A9EA1E,N738PX,C172,CESSNA 172 Skyhawk,L1P,L
A9ED1E,N739GP,C172,CESSNA 172 Skyhawk,L1P,L
A9F01E,N7399S,DRON,,D0-,-
A9F11E,N74KM,C25A,CESSNA 525A Citation CJ2,L2J,L
A9F21E,N74VT,C182,CESSNA 182 Skylane,L1P,L
A9F51E,N74010,T34P,BEECH T-34 Mentor,L1P,L
A9FF1E,N743QS,CL35,BOMBARDIER BD-100 Challenger 350,L2J,M
AA001E,N7430Y,PA30,PIPER PA-30 Twin Comanche,L2P,L
AA011E,N74379,R22,ROBINSON R-22 Mariner,H1P,L
AA051E,N745AA,PA32,PIPER PA-32,L1P,L
AA081E,N74544,PA11,PIPER PA-11 Cub Special,L1P,L
AA0D1E,N747FX,C208,CESSNA 208 Caravan,L1T,L
AA0E1E,N747SC,C172,CESSNA 172 Skyhawk,L1P,L
AA151E,N749MT,RV12,VANS RV-12,L1P,L
AA181E,N75EK,F2TH,DASSAULT Falcon 2000,L2J,M
AA1A1E,N750AW,PA32,PIPER PA-32,L1P,L
AA1B1E,N750MB,CH75,ZENAIR CH-750 Cruzer,L1P,L
AA201E,N7510F,CH7A,BELLANCA 7 Champion,L1P,L
AA251E,N7529V,R44,ROBINSON R-44 Raven,H1P,L
AA281E,N7534M,C175,CESSNA 175 Skylark,L1P,L
AA2F1E,N7551G,C172,CESSNA 172 Skyhawk,L1P,L
AA311E,N756JC,T206,CESSNA T206 Turbo Stationair,L1P,L
AA321E,N756UJ,T206,CESSNA T206 Turbo Stationair,L1P,L
AA341E,N757AV,CRJ2,BOMBARDIER Regional Jet CRJ-200,L2J,M
AA351E,N757MA,B752,BOEING 757-200,L2J,M
AA361E,N757XG,C152,CESSNA 152,L1P,L
AA381E,N758DT,C172,CESSNA 172 Skyhawk,L1P,L
AA391E,N758PZ,C172,CESSNA 172 Skyhawk,L1P,L
AA3A1E,N7580E,CH7A,BELLANCA 7 Champion,L1P,L
AA3B1E,N7587R,P28A,PIPER PA-28-140/150/160/180,L1P,L
AA3E1E,N7592H,PA12,PIPER PA-12 Super Cruiser,L1P,L
AA401E,N76KP,B06,BELL 206 JetRanger,H1T,L
AA411E,N76VV,VELO,Velocity,L1P,L
AA441E,N76012,RV12,VANS RV-12,L1P,L
AA451E,N7609C,PA34,PIPER PA-34 Seneca,L2P,L
AA4A1E,N762MW,BE30,BEECH 300 Super King Air,L2T,L
AA4C1E,N76258,C140,CESSNA 140,L1P,L
AA511E,N764HL,,,,
AA531E,N76423,C140,CESSNA 140,L1P,L
AA541E,N765AC,CH7B,BELLANCA 7 Citabria,L1P,L
AA571E,N76546,C120,CESSNA 120,L1P,L
AA5D1E,N767SE,CH7B,BELLANCA 7 Citabria,L1P,L
AA5F1E,N7679B,B14A,BELLANCA 14,L1P,L
AA621E,N76834,C120,CESSNA 120,L1P,L
AA661E,N76957,P28A,PIPER PA-28-140/150/160/180,L1P,L
AA671E,N77EM,FB1A,BOWERS Fly Baby 1A,L1P,L
AA6F1E,N7710H,PA12,PIPER PA-12 Super Cruiser,L1P,L
AA701E,N7717U,C172,CESSNA 172 Skyhawk,L1P,L
AA731E,N7722L,CH70,ZENAIR CH-701 Stol,L1P,L
AA7B1E,N7746S,GLID,,L0-,-
AA821E,N7763M,M20P,MOONEY M-20,L1P,L
AA831E,N777AX,C550,CESSNA 550 Citation S2,L2J,L
AA851E,N777XJ,BE18,BEECH 18 Expetitor,L2P,L
AA891E,N7780G,C172,CESSNA 172 Skyhawk,L1P,L
AA8D1E,N7792K,C180,CESSNA  180 Skywagon,L1P,L
AA8E1E,N7799W,P28A,PIPER PA-28-140/150/160/180,L1P,L
AA921E,N780SH,C310,CESSNA 310,L2P,L
AA931E,N78014,GC1,GLOBE Swift,L1P,L
AA941E,N7809E,C150,CESSNA 150,L1P,L
AA971E,N78137,GC1,GLOBE Swift,L1P,L
AA9E1E,N78302,C172,CESSNA 172 Skyhawk,L1P,L
AAA21E,N78425,J3,PIPER J-3 Cub,L1P,L
AAA31E,N785AE,B06,BELL 206 JetRanger,H1T,L
AAA61E,N78548,C172,CESSNA 172 Skyhawk,L1P,L
AAAA1E,N7867A,B737,BOEING 737-700,L2J,M
AAAB1E,N787GA,GA7,DAHER-SOCATA TB-360 Tangara,L2P,L
AAAC1E,N787SG,PA18,PIPER PA-18 Super Cub,L1P,L
AAAD1E,N78713,,,,
AAB21E,N789BR,RV9,VANS RV-9,L1P,L
AAB51E,N78959,M20P,MOONEY M-20,L1P,L
AABB1E,N7905T,C175,CESSNA 175 Skylark,L1P,L
AABE1E,N7910K,BE35,BEECH 35 Starfire Bonanza,L1P,L
AABF1E,N7917W,P28A,PIPER PA-28-140/150/160/180,L1P,L
AAC01E,N792GW,C82S,CESSNA T182 Turbo Skylane,L1P,L
AAC21E,N7922N,P28A,PIPER PA-28-140/150/160/180,L1P,L
AAC61E,N7934R,BE36,BEECH 36 Bonanza,L1P,L
AACA1E,N7946U,C172,CESSNA 172 Skyhawk,L1P,L
AACE1E,N7958X,RV7,VANS RV-7,L1P,L
AAD11E,N7963P,PA24,PIPER PA-24 Comanche,L1P,L
AAD21E,N797AZ,EC55,AIRBUS HELICOPTERS EC-155,H2T,L
AAD91E,N7987V,C180,CESSNA  180 Skywagon,L1P,L
AADE1E,N8KT,SR22,CIRRUS SR-22,L1P,L
AADF1E,N8VZ,RV8,VANS RV-8,L1P,L
AAE01E,N80GD,SR20,CIRRUS SR-20,L1P,L
AAE11E,N80SK,GLID,,L0-,-
AAE51E,N8006Y,PA30,PIPER PA-30 Twin Comanche,L2P,L
AAE91E,N80181,C172,CESSNA 172 Skyhawk,L1P,L
AAEA1E,N802JL,AT8T,AIR TRACTOR AT-802,L1T,M
AAEC1E,N8023T,C175,CESSNA 175 Skylark,L1P,L
AAED1E,N803BC,C25B,CESSNA 525B Citation CJ3,L2J,L
AAF31E,N8040N,P28A,PIPER PA-28-140/150/160/180,L1P,L
AAF41E,N8047Z,C180,CESSNA  180 Skywagon,L1P,L
AAF71E,N8052R,BE24,BEECH 24 Sierra,L1P,L
AAF81E,N80592,GLST,GLASAIR SH-4 GlaStar,L1P,L
AAFB1E,N8064U,BE33,BEECH 33 Bonanza,L1P,L
AAFC1E,N807CP,C172,CESSNA 172 Skyhawk,L1P,L
AAFD1E,N807NV,R44,ROBINSON R-44 Raven,H1P,L
AAFE1E,N807ZA,BE9L,BEECH 90 King Air,L2T,L
AAFF1E,N8076X,C172,CESSNA 172 Skyhawk,L1P,L
AB011E,N808RT,DHC6,DE HAVILLAND DHC-6 Twin Otter,L2T,L
AB021E,N8081P,P28A,PIPER PA-28-140/150/160/180,L1P,L
AB061E,N8093S,TUCA,EMBRAER EMB-312 Tucano,L1T,L
AB071E,N81BB,BE33,BEECH 33 Bonanza,L1P,L
AB081E,N81MH,P28A,PIPER PA-28-140/150/160/180,L1P,L
AB091E,N81XP,,,,
AB0C1E,N8103A,C170,CESSNA 170,L1P,L
AB0E1E,N811LS,C208,CESSNA 208 Caravan,L1T,L
AB111E,N812DJ,PA32,PIPER PA-32,L1P,L
AB151E,N813GG,TBM7,SOCATA TBM-700A/B/C,L1T,L
AB171E,N81319,AA5,AMERICAN AA-5 Tiger,L1P,L
AB181E,N8139K,SR22,CIRRUS SR-22,L1P,L
AB1B1E,N8144B,C172,CESSNA 172 Skyhawk,L1P,L
AB221E,N81607,CH7A,BELLANCA 7 Champion,L1P,L
AB271E,N818AK,C421,CESSNA 421 Executive Commuter,L2P,L
AB2A1E,N8185C,PA32,PIPER PA-32,L1P,L
AB2E1E,N8197F,C150,CESSNA 150,L1P,L
AB371E,N8211S,P28A,PIPER PA-28-140/150/160/180,L1P,L
AB381E,N82183,CH7A,BELLANCA 7 Champion,L1P,L
AB3C1E,N823BE,C82R,CESSNA R182 Skylane RG,L1P,L
AB3D1E,N823ML,,,,
AB441E,N825HA,SR22,CIRRUS SR-22,L1P,L
AB451E,N825TG,SR22,CIRRUS SR-22,L1P,L
AB461E,N8252T,BE33,BEECH 33 Bonanza,L1P,L
AB471E,N82594,CH7A,BELLANCA 7 Champion,L1P,L
AB4A1E,N8264W,P28A,PIPER PA-28-140/150/160/180,L1P,L
AB4B1E,N827CR,C56X,CESSNA 560XL Citation XLS,L2J,M
AB4E1E,N8276Z,P28A,PIPER PA-28-140/150/160/180,L1P,L
AB501E,N828RV,RV8,VANS RV-8,L1P,L
AB511E,N8281R,BL17,BELLANCA 17 Viking,L1P,L
AB521E,N82882,CH7A,BELLANCA 7 Champion,L1P,L
AB5E1E,N831X,LNP4,LANCAIR PropJet 4,L1T,L
AB631E,N8327J,C150,CESSNA 150,L1P,L
AB6B1E,N835BZ,B737,BOEING 737-700,L2J,M
AB721E,N8368K,S108,STINSON 108 Voyager,L1P,L
AB741E,N837UA,A319,AIRBUS A-319,L2J,M
AB751E,N8373B,C172,CESSNA 172 Skyhawk,L1P,L
AB761E,N838AM,B39M,BOEING 737 MAX 9,L2J,M
AB791E,N8385E,TB30,SOCATA TB-30 Epsilon,L1P,L
AB7D1E,N8397H,TBM,GRUMMAN G-40 Avenger,L1P,M
AB7E1E,N84GH,PC12,PILATUS PC-12,L1T,L
AB7F1E,N84SP,AS31,SCHLEICHER ASH-31,L1P,L
AB811E,N840P,BE35,BEECH 35 Starfire Bonanza,L1P,L
AB831E,N84062,C172,CESSNA 172 Skyhawk,L1P,L
AB861E,N8411U,C172,CESSNA 172 Skyhawk,L1P,L
AB8E1E,N84350,P28A,PIPER PA-28-140/150/160/180,L1P,L
AB8F1E,N844EE,BEAR,AVIPRO RB-4 Bearhawk,L1P,L
AB911E,N8440S,C182,CESSNA 182 Skylane,L1P,L
AB921E,N84473,C172,CESSNA 172 Skyhawk,L1P,L
AB991E,N8464Y,PA18,PIPER PA-18 Super Cub,L1P,L
ABA01E,N8481T,C182,CESSNA 182 Skylane,L1P,L
ABA11E,N84884,CH7A,BELLANCA 7 Champion,L1P,L
ABA61E,N85MM,S22T,CIRRUS SR-22T Turbo,L1P,L
ABA91E,N850UD,DRON,,D0-,-
ABAA1E,N8503E,P28A,PIPER PA-28-140/150/160/180,L1P,L
ABAC1E,N851LW,C172,CESSNA 172 Skyhawk,L1P,L
ABAE1E,N8515H,G164,GRUMMAN G-164 Ag-Cat,L1P,L
ABAF1E,N852DN,B739,BOEING 737-900,L2J,M
ABB01E,N852PU,P28A,PIPER PA-28-140/150/160/180,L1P,L
ABB41E,N853SS,B06,BELL 206 JetRanger,H1T,L
ABC11E,N8568M,BE35,BEECH 35 Starfire Bonanza,L1P,L
ABC81E,N8585G,C150,CESSNA 150,L1P,L
ABD41E,N861S,EFOX,AEROPRO Eurofox,L1P,L
ABD51E,N8611W,P28B,PIPER PA-28-201T/235/236,L1P,L
ABD71E,N862JS,RV8,VANS RV-8,L1P,L
ABD91E,N8623Z,C206,CESSNA  206 Stationair,L1P,L
ABE01E,N8640U,C172,CESSNA 172 Skyhawk,L1P,L
ABEC1E,N86763,B14A,BELLANCA 14,L1P,L
ABF31E,N8693Y,PA30,PIPER PA-30 Twin Comanche,L2P,L
ABFA1E,N871AS,CRJ2,BOMBARDIER Regional Jet CRJ-200,L2J,M
ABFD1E,N8715K,S108,STINSON 108 Voyager,L1P,L
AC011E,N8727N,P28A,PIPER PA-28-140/150/160/180,L1P,L
AC081E,N8744H,NAVI,NORTH AMERICAN Navion,L1P,L
AC0F1E,N8761C,PA18,PIPER PA-18 Super Cub,L1P,L
AC101E,N8768P,PA24,PIPER PA-24 Comanche,L1P,L
AC131E,N8773F,H269,HUGHES Sky Knight,H1P,L
AC1A1E,N8790A,CRJ2,BOMBARDIER Regional Jet CRJ-200,L2J,M
AC1C1E,N88GM,C150,CESSNA 150,L1P,L
AC211E,N88066,CH7A,BELLANCA 7 Champion,L1P,L
AC231E,N881SB,DRON,,D0-,-
AC241E,N8811Y,PA30,PIPER PA-30 Twin Comanche,L2P,L
AC251E,N88189,BL8,BELLANCA 8 Decathlon,L1P,L
AC281E,N88231,J3,PIPER J-3 Cub,L1P,L
AC2C1E,N88354,J3,PIPER J-3 Cub,L1P,L
AC2F1E,N8840W,P28B,PIPER PA-28-201T/235/236,L1P,L
AC391E,N887PC,H25B,HAWKER BEECHCRAFT Hawker 750/850,L2J,M
AC3B1E,N88765,DHC3,DE HAVILLAND DHC-3 Otter,L1P,L
AC3D1E,N888SA,T210,CESSNA T210 Turbo Centurion,L1P,L
AC431E,N89BK,BALL,,B0-,-
AC441E,N89MR,AA5,AMERICAN AA-5 Tiger,L1P,L
AC461E,N890JB,PA18,PIPER PA-18 Super Cub,L1P,L
AC4D1E,N892DS,DA40,DIAMOND DA-40 Club Star,L1P,L
AC4F1E,N8920D,PA22,PIPER PA-22,L1P,L
AC541E,N8939T,C182,CESSNA 182 Skylane,L1P,L
AC6A1E,N8997P,PA24,PIPER PA-24 Comanche,L1P,L
AC6B1E,N9GP,EN28,ENSTROM F-28,H1P,L
AC6C1E,N9SV,RV9,VANS RV-9,L1P,L
AC6D1E,N90D,BE65,BEECH 65 Queen Air,L2P,L
AC6E1E,N90PF,C182,CESSNA 182 Skylane,L1P,L
AC701E,N900KS,GLF6,GULFSTREAM G650,L2J,M
AC721E,N9004P,PA24,PIPER PA-24 Comanche,L1P,L
AC761E,N9016S,BE35,BEECH 35 Starfire Bonanza,L1P,L
AC791E,N9021J,BALL,,B0-,-
AC7D1E,N9033M,C182,CESSNA 182 Skylane,L1P,L
AC7F1E,N904MC,B350,BEECHCRAFT Super King Air 350,L2T,M
AC801E,N904XJ,CRJ9,BOMBARDIER Regional Jet CRJ-900,L2J,M
AC811E,N9045Q,BE36,BEECH 36 Bonanza,L1P,L
AC841E,N9050G,C182,CESSNA 182 Skylane,L1P,L
AC851E,N9057T,,,,
AC861E,N906GT,HUSK,CHRISTEN Husky,L1P,L
AC881E,N9062K,P28A,PIPER PA-28-140/150/160/180,L1P,L
AC891E,N9069W,P28B,PIPER PA-28-201T/235/236,L1P,L
AC8C1E,N9074N,G21,GRUMMAN G-21A Goose,A2P,L
AC8D1E,N908CH,S61,SIKORSKY S-61 Sea King,H2T,M
AC921E,N909RM,M20P,MOONEY M-20,L1P,L
AC931E,N9091H,C172,CESSNA 172 Skyhawk,L1P,L
AC941E,N9098U,PA46,PIPER PA-46-310/350,L1P,L
AC951E,N91JD,BALL,,B0-,-
AC961E,N91UK,RV6,VANS RV-6,L1P,L
AC991E,N91002,C207,CESSNA 207 Turbo Stationair,L1P,L
AC9A1E,N9108C,C82R,CESSNA R182 Skylane RG,L1P,L
AC9B1E,N911HN,UH1,BELL UH-1 Huey,H1T,L
AC9D1E,N91125,NAVI,NORTH AMERICAN Navion,L1P,L
ACA01E,N912WS,AVTR,AERO ADVENTURE Aventura 2,A1P,L
ACA11E,N91248,PA18,PIPER PA-18 Super Cub,L1P,L
ACA21E,N913DC,C25A,CESSNA 525A Citation CJ2,L2J,L
ACAD1E,N916BR,B738,BOEING 737-800,L2J,M
ACB01E,N91659,NAVI,NORTH AMERICAN Navion,L1P,L
ACB31E,N91701,NAVI,NORTH AMERICAN Navion,L1P,L
ACB71E,N91824,GLID,,L0-,-
ACBC1E,N92DB,M20P,MOONEY M-20,L1P,L
ACBD1E,N92PH,B06,BELL 206 JetRanger,H1T,L
ACC01E,N920W,BALL,,B0-,-
ACC61E,N922FJ,CRJ9,BOMBARDIER Regional Jet CRJ-900,L2J,M
ACCC1E,N9233P,PA24,PIPER PA-24 Comanche,L1P,L
ACD01E,N9245S,BE23,BEECH 23 Sundowner,L1P,L
ACD41E,N9257V,M20P,MOONEY M-20,L1P,L
ACD61E,N926TA,F5,NORTHROP F-5 Tiger 2,L2J,M
ACDB1E,N9274Q,P32R,PIPER PA-32R-300/301/301T,L1P,L
ACE01E,N929FH,RV8,VANS RV-8,L1P,L
ACE21E,N9291K,RV6,VANS RV-6,L1P,L
ACE31E,N9298W,P28B,PIPER PA-28-201T/235/236,L1P,L
ACE91E,N9308E,AR11,AERONCA 11 Chief,L1P,L
ACEC1E,N93127,C152,CESSNA 152,L1P,L
ACF41E,N9337C,P28A,PIPER PA-28-140/150/160/180,L1P,L
ACF71E,N93415,ERCO,AIR PRODUCTS F-1 Aircoupe,L1P,L
AD031E,N9378D,C72R,CESSNA 172R Cutlass RG,L1P,L
AD061E,N93826,ERCO,AIR PRODUCTS F-1 Aircoupe,L1P,L
AD081E,N939LM,DRON,,D0-,-
AD091E,N939WT,ULAC,,L0-,-
AD0A1E,N93949,ERCO,AIR PRODUCTS F-1 Aircoupe,L1P,L
AD0C1E,N94PK,RV9,VANS RV-9,L1P,L
AD0F1E,N940WB,TBM7,SOCATA TBM-700A/B/C,L1T,L
AD111E,N941CN,,,,
AD131E,N941Z,FOX,KITFOX,L1P,L
AD141E,N9416W,P28B,PIPER PA-28-201T/235/236,L1P,L
AD151E,N942FL,RV9,VANS RV-9,L1P,L
AD171E,N9421N,P28R,PIPER PA-28R-180/200/201,L1P,L
AD1B1E,N9433R,C206,CESSNA  206 Stationair,L1P,L
AD1C1E,N944BA,R44,ROBINSON R-44 Raven,H1P,L
AD231E,N9457X,C210,CESSNA 201 Centurion,L1P,L
AD251E,N946TC,E550,EMBRAER EMB-550 Praetor 600,L2J,M
AD291E,N947WA,TBM7,SOCATA TBM-700A/B/C,L1T,L
AD301E,N949RR,P2,LOCKHEED Neptune,L2P,M
AD321E,N9498Y,T210,CESSNA T210 Turbo Centurion,L1P,L
AD341E,N95UP,H25B,HAWKER BEECHCRAFT Hawker 750/850,L2J,M
AD371E,N95006,TAYB,TAYLORCRAFT BC/BF/BL,L1P,L
AD3B1E,N95129,C72R,CESSNA 172R Cutlass RG,L1P,L
AD431E,N9537E,AR11,AERONCA 11 Chief,L1P,L
AD471E,N9549H,C172,CESSNA 172 Skyhawk,L1P,L
AD4C1E,N956NA,,,,
AD561E,N959AH,HDJT,HONDA HondaJet,L2J,L
AD571E,N959LP,B407,BELL 407,H1T,L
AD631E,N9616Y,BE50,BEECH 50 Excalibur,L2P,L
AD671E,N96281,TEX2,BEECHCRAFT T-6 Texan 2,L1T,L
AD741E,N966TE,,,,
AD7A1E,N968CP,C82T,CESSNA TR182 Turbo Skylane RG,L1P,L
AD7D1E,N9686X,C210,CESSNA 201 Centurion,L1P,L
AD801E,N9691P,PA18,PIPER PA-18 Super Cub,L1P,L
AD811E,N96980,TAYB,TAYLORCRAFT BC/BF/BL,L1P,L
AD821E,N97JK,C414,CESSNA 414 Chancellor,L2P,L
AD851E,N970RB,C172,CESSNA 172 Skyhawk,L1P,L
AD871E,N9708J,P28A,PIPER PA-28-140/150/160/180,L1P,L
AD8A1E,N9713A,C170,CESSNA 170,L1P,L
AD8E1E,N9725D,PA22,PIPER PA-22,L1P,L
AD921E,N9737G,C180,CESSNA  180 Skywagon,L1P,L
AD9E1E,N977EV,CRJ2,BOMBARDIER Regional Jet CRJ-200,L2J,M
ADA01E,N97707,S108,STINSON 108 Voyager,L1P,L
ADA51E,N979AK,B39M,BOEING 737 MAX 9,L2J,M
ADA81E,N9795C,PA32,PIPER PA-32,L1P,L
ADA91E,N98DH,FA50,DASSAULT Falcon 50,L3J,M
ADAC1E,N980L,C182,CESSNA 182 Skylane,L1P,L
ADB21E,N98160,J3,PIPER J-3 Cub,L1P,L
ADB41E,N982RW,GA6C,GULFSTREAM G600,L2J,M
ADB61E,N98283,PA11,PIPER PA-11 Cub Special,L1P,L
ADB91E,N9833V,C172,CESSNA 172 Skyhawk,L1P,L
ADC21E,N986HA,DH8B,DE HAVILLAND DHC-8-200 Dash 8,L2T,M
ADC41E,N9862T,C172,CESSNA 172 Skyhawk,L1P,L
ADC51E,N98694,C172,CESSNA 172 Skyhawk,L1P,L
ADC81E,N9874W,P28A,PIPER PA-28-140/150/160/180,L1P,L
ADCE1E,N989RV,RV9,VANS RV-9,L1P,L
ADCF1E,N9891R,BE35,BEECH 35 Starfire Bonanza,L1P,L
ADD11E,N99JM,P28A,PIPER PA-28-140/150/160/180,L1P,L
ADD21E,N99UT,FOX,KITFOX,L1P,L
ADD91E,N9913C,L8,LUSCOMBE 8,L1P,L
ADDA1E,N992AN,B738,BOEING 737-800,L2J,M
ADDE1E,N993DL,MD88,MCDONNELL-DOUGLAS MD-88,L2J,M
ADE61E,N995KG,PTS2,PITTS S-2 Special,L1P,L
ADE81E,N9954D,PA22,PIPER PA-22,L1P,L
ADEC1E,N9966G,P32R,PIPER PA-32R-300/301/301T,L1P,L
ADEE1E,N997RC,BE10,BEECH 100 King Air,L2T,L
ADEF1E,N99709,C172,CESSNA 172 Skyhawk,L1P,L
ADF31E,N9983B,C182,CESSNA 182 Skylane,L1P,L
ADF41E,N999AM,C500,CESSNA 500 Citation 1,L2J,L
ADF71E,N9995E,C182,CESSNA 182 Skylane,L1P,L
ADFE1E,1718,C130,LOCKHEED C-130 Hercules,L4T,M
AE001E,67-14851,T38,NORTHROP T-38 Talon,L2J,L
AE021E,84-0191,DC10,MCDONNELL DOUGLAS DC-10,L3J,H
AE041E,57-1487,K35R,BOEING KC-135R/T Stratotanker,L4J,H
AE061E,84-0208,C130,LOCKHEED C-130 Hercules,L4T,M
AE0A1E,90-26219,H60,SIKORSKY UH-60 Black Hawk,H2T,M
AE0B1E,86-24559,H60,SIKORSKY UH-60 Black Hawk,H2T,M
AE0D1E,96-26695,H60,SIKORSKY UH-60 Black Hawk,H2T,M
AE0E1E,84-23970,H60,SIKORSKY UH-60 Black Hawk,H2T,M
AE111E,02-3642,TEX2,BEECHCRAFT T-6 Texan 2,L1T,L
AE141E,05-3807,TEX2,BEECHCRAFT T-6 Texan 2,L1T,L
AE151E,05-27060,H60,SIKORSKY UH-60 Black Hawk,H2T,M
AE171E,166409,H60,SIKORSKY UH-60 Black Hawk,H2T,M
AE201E,12-72271,EC45,AIRBUS HELICOPTERS EC-145,H2T,L
AE211E,166978,F18S,BOEING FA-18 SUPER HORNET,L2J,M
AE291E,08-0376,B350,BEECHCRAFT Super King Air 350,L2T,M
AE481E,07-20081,H60,SIKORSKY UH-60 Black Hawk,H2T,M
AE4A1E,166149,TEX2,BEECHCRAFT T-6 Texan 2,L1T,L
AE4E1E,10-03788,H47,BOEING-VERTOL CH-47 Chinook,H2T,M
AE511E,10-20308,H60,SIKORSKY UH-60 Black Hawk,H2T,M
AE531E,12-08885,H47,BOEING-VERTOL CH-47 Chinook,H2T,M
AE571E,12-0064,V22,BELL-BOEING V-22 Osprey,R2T,M
AE5A1E,17-08227,H47,BOEING-VERTOL CH-47 Chinook,H2T,M
AE601E,17-20943,H60,SIKORSKY UH-60 Black Hawk,H2T,M
AE621E,18-21018,H60,SIKORSKY UH-60 Black Hawk,H2T,M
AE6A1E,20-21108,H60,SIKORSKY UH-60 Black Hawk,H2T,M
C0001E,C-FABD,GLID,,L0-,-
C0011E,C-FAKZ,C208,CESSNA 208 Caravan,L1T,L
C0031E,C-FBER,B06,BELL 206 JetRanger,H1T,L
C0041E,C-FBON,GLID,,L0-,-
C0051E,C-FBYJ,CH70,ZENAIR CH-701 Stol,L1P,L
C0061E,C-FCIF,P28A,PIPER PA-28-140/150/160/180,L1P,L
C0071E,C-FCSB,Z42,ZLIN Z-42/142/242,L1P,L
C0091E,C-FDLT,,,,
C00C1E,C-FEPH,CNUK,FLEET 80 Canuck,L1P,L
C00E1E,C-FFIZ,P28A,PIPER PA-28-140/150/160/180,L1P,L
C00F1E,C-FFSV,ERCO,AIR PRODUCTS F-1 Aircoupe,L1P,L
C0101E,C-FGCR,P28A,PIPER PA-28-140/150/160/180,L1P,L
C0111E,C-FGMN,ERCO,AIR PRODUCTS F-1 Aircoupe,L1P,L
C0121E,C-FGWJ,B737,BOEING 737-700,L2J,M
C0131E,C-FHGF,PA18,PIPER PA-18 Super Cub,L1P,L
C0141E,C-FHQB,UH1,BELL UH-1 Huey,H1T,L
C0161E,C-FIJT,RV7,VANS RV-7,L1P,L
C0171E,C-FITP,ULAC,,L0-,-
C0181E,C-FJDL,B06,BELL 206 JetRanger,H1T,L
C0191E,C-FJNH,,,,
C01A1E,C-FJXD,DV20,DIAMOND DA-20,L1P,L
C01B1E,C-FKGZ,C172,CESSNA 172 Skyhawk,L1P,L
C01C1E,C-FKQV,CH7A,BELLANCA 7 Champion,L1P,L
C01D1E,C-FLAR,PA18,PIPER PA-18 Super Cub,L1P,L
C01E1E,C-FLKN,PA18,PIPER PA-18 Super Cub,L1P,L
C01F1E,C-FLUJ,B738,BOEING 737-800,L2J,M
C0201E,C-FMEF,PA24,PIPER PA-24 Comanche,L1P,L
C0211E,C-FMOB,C140,CESSNA 140,L1P,L
C0221E,C-FMXX,PA18,PIPER PA-18 Super Cub,L1P,L
C0231E,C-FNHT,,,,
C0241E,C-FNRP,AC90,NORTH AMERICAN ROCKWELL Turbo Commander 690/840,L2T,L
C0251E,C-FOBL,AVID,AVID Flyer,L1P,L
C0261E,C-FOLH,PA20,PIPER PA-20 Pacer,L1P,L
C0271E,C-FOVD,BCS3,AIRBUS A220-300,L2J,M
C0291E,C-FPOV,P28A,PIPER PA-28-140/150/160/180,L1P,L
C02A1E,C-FPYR,C170,CESSNA 170,L1P,L
C02B1E,C-FQIN,C150,CESSNA 150,L1P,L
C02D1E,C-FRCF,SAKO,RANS S-10 Sakota,L1P,L
C02F1E,C-FRVX,C172,CESSNA 172 Skyhawk,L1P,L
C0311E,C-FSPP,PA18,PIPER PA-18 Super Cub,L1P,L
C0321E,C-FSZL,C172,CESSNA 172 Skyhawk,L1P,L
C0341E,C-FTTD,,,,
C0391E,C-FVQJ,C150,CESSNA 150,L1P,L
C03B1E,C-FWKB,C172,CESSNA 172 Skyhawk,L1P,L
C03C1E,C-FWTX,SS2T,TRUSH Turbo Thrush 500/550,L1T,L
C03D1E,C-FXDT,C120,CESSNA 120,L1P,L
C03F1E,C-FXXL,C170,CESSNA 170,L1P,L
C0401E,C-FYHH,C150,CESSNA 150,L1P,L
C0411E,C-FYRD,AT3P,AIR TRACTOR AT-301/401,L1P,L
C0431E,C-FZKV,DHC2,DE HAVILLAND DHC-2 Beaver,L1P,L
C0451E,C-GAEN,C172,CESSNA 172 Skyhawk,L1P,L
C0481E,C-GBIB,,,,
C04B1E,C-GCLP,RBEL,MURPHY Rebel,L1P,L
C04C1E,C-GCVL,H269,HUGHES Sky Knight,H1P,L
C04D1E,C-GDFH,T206,CESSNA T206 Turbo Stationair,L1P,L
C04F1E,C-GDYZ,B214,BELL 214,H1T,M
C0501E,C-GEIV,B38M,BOEING 737 MAX 8,L2J,M
C0511E,C-GESR,M20P,MOONEY M-20,L1P,L
C0521E,C-GFCN,,,,
C0531E,C-GFMJ,GYRO,,G0-,-
C0541E,C-GFWF,EXEC,ROTORWAY Exec,H1P,L
C0551E,C-GGGB,C185,CESSNA 185 Skywagon,L1P,L
C0561E,C-GGPX,BE20,BEECH 200 Super King Air,L2T,M
C0571E,C-GGZT,,,,
C0581E,C-GHJP,S76,SIKORSKY S-76 Spirit,H2T,L
C0591E,C-GHTL,B212,BELL 212,H2T,L
C05A1E,C-GIDH,PA22,PIPER PA-22,L1P,L
C05B1E,C-GIND,PA34,PIPER PA-34 Seneca,L2P,L
C05C1E,C-GIWZ,C750,CESSNA 750 Citation 10,L2J,M
C05D1E,C-GJGV,P28B,PIPER PA-28-201T/235/236,L1P,L
C05E1E,C-GJQR,BE24,BEECH 24 Sierra,L1P,L
C0601E,C-GKKJ,GLID,,L0-,-
C0621E,C-GLEB,GLID,,L0-,-
C0631E,C-GLNX,AVID,AVID Flyer,L1P,L
C0641E,C-GLXT,CH70,ZENAIR CH-701 Stol,L1P,L
C0651E,C-GMHP,AS50,AEROSPATIALE AS-350 Ecureuil,H1T,L
C0671E,C-GNBH,C172,CESSNA 172 Skyhawk,L1P,L
C0681E,C-GNLD,B06,BELL 206 JetRanger,H1T,L
C06A1E,C-GOEV,EVOT,LANCAIR Evolution Turbine,L1T,L
C06B1E,C-GOOR,UH12,HILLER UH-12,H1P,L
C06C1E,C-GOYN,P28A,PIPER PA-28-140/150/160/180,L1P,L
C0711E,C-GQVT,C172,CESSNA 172 Skyhawk,L1P,L
C0731E,C-GRPL,FOX,KITFOX,L1P,L
C0741E,C-GRZH,DUOD,SCHEMPP-HIRTH Duo Discus,L1P,L
C0751E,C-GSJD,P28R,PIPER PA-28R-180/200/201,L1P,L
C0761E,C-GSSZ,C172,CESSNA 172 Skyhawk,L1P,L
C0771E,C-GTCV,B06,BELL 206 JetRanger,H1T,L
C0781E,C-GTMR,C182,CESSNA 182 Skylane,L1P,L
C0791E,C-GTWN,AS55,AEROSPATIALE AS-355 Ecureuil 2,H2T,L
C07A1E,C-GUGJ,HUSK,CHRISTEN Husky,L1P,L
C07C1E,C-GVAB,,,,
C07D1E,C-GVJX,,,,
C07E1E,C-GVTT,T206,CESSNA T206 Turbo Stationair,L1P,L
C07F1E,C-GWDP,C150,CESSNA 150,L1P,L
C0801E,C-GWNL,S92,SIKORSKY S-92 Helibus,H2T,M
C0811E,C-GWXH,,,,
C0841E,C-GYAV,AS50,AEROSPATIALE AS-350 Ecureuil,H1T,L
C0851E,C-GYKR,C177,CESSNA  177 Cardinal,L1P,L
C0861E,C-GYUN,,,,
C0881E,C-GZOF,,,,
C0891E,C-GZYB,C185,CESSNA 185 Skywagon,L1P,L
C08B1E,C-IART,ULAC,,L0-,-
C08C1E,C-IBBP,ULAC,,L0-,-
C08D1E,C-IBLL,,,,
C08F1E,C-ICFD,STRA,STRIPLIN Sky Ranger,L1P,L
C0901E,C-ICOZ,PARA,,P0-,-
C0931E,C-IDSN,,,,
C0941E,C-IECJ,ULAC,,L0-,-
C0951E,C-IEMF,,,,
C0961E,C-IEWB,PARA,,P0-,-
C0971E,C-IFFX,PARA,,P0-,-
C0981E,C-IFPT,ULAC,,L0-,-
C0991E,C-IFZP,,,,
C09A1E,C-IGJL,,,,
C09B1E,C-IGTH,ULAC,,L0-,-
C09E1E,C-IHWV,PARA,,P0-,-
C0A11E,C-IJAJ,PARA,,P0-,-
C0A31E,C-IJUB,ZZZZ,,-0-,-
C0A41E,C-IKDX,PARA,,P0-,-
C0A51E,C-IKNT,PARA,,P0-,-
C0A71E,C-ILHL,PARA,,P0-,-
C0A81E,C-ILRH,,,,
C0A91E,C-IMBD,,,,
C0B71E,C-IRIZ,ULAC,,L0-,-
C0BB1E,C-ISWJ,,,,
C1E41E,SERV,SERV,,V0-,-
C1E51E,SERV,SERV,,V0-,-
C8011E,ZK-BSH,PA22,PIPER PA-22,L1P,L
C8021E,ZK-CUE,P28A,PIPER PA-28-140/150/160/180,L1P,L
C8031E,ZK-DMI,C177,CESSNA  177 Cardinal,L1P,L
C8041E,ZK-EJR,C172,CESSNA 172 Skyhawk,L1P,L
C8061E,ZK-FMF,ULAC,,L0-,-
C80B1E,ZK-KVZ,C206,CESSNA  206 Stationair,L1P,L
C80E1E,ZK-NEI,C152,CESSNA 152,L1P,L
C8111E,ZK-MIR,P68,PARTENAVIA P-68 Observer,L2P,L
C8121E,ZK-TRO,T210,CESSNA T210 Turbo Centurion,L1P,L
C8151E,ZK-JMV,CT4,PACIFIC AEROSPACE CT-4 Airtrainer,L1P,L
C8171E,ZK-CJO,PNR3,ALPI Pioneer 330,L1P,L
C8181E,ZK-MVS,SIRA,TECNAM P-2002 Sierra,L1P,L
C81A1E,ZK-SPO,GLST,GLASAIR SH-4 GlaStar,L1P,L
C81B1E,ZK-SAH,SVNH,AEROTEC Savannah,L1P,L
C81E1E,ZK-HQU,SCOU,WESTLAND Scout,H1T,L
C8221E,ZK-GZS,DISC,SCHEMPP-HIRTH Discus,L1P,L
C8231E,ZK-IEW,BABY,CANADIAN HOME ROTORS Baby Belle,H1P,L
C8241E,ZK-EBU,BALL,,B0-,-
C8281E,ZK-POL,PO2,POLIKARPOV Po-2,L1P,L
C8291E,ZK-HYU,G2CA,GUIMBAL G-2 Cabri,H1P,L
E47E1E,PP-JJZ,C525,CESSNA 525 CitationJet,L2J,L
E4811E,PR-JVF,C25A,CESSNA 525A Citation CJ2,L2J,L
E4831E,PR-AYD,E190,EMBRAER ERJ-190-100,L2J,M
E4871E,PR-LTT,PA34,PIPER PA-34 Seneca,L2P,L
E4891E,PP-SCC,B350,BEECHCRAFT Super King Air 350,L2T,M
E48B1E,PR-AXC,E195,EMBRAER ERJ-190-200,L2J,M
E48C1E,PR-CPT,C510,CESSNA 510 Citation Mustang,L2J,L
E4911E,PP-OEG,C25M,CESSNA 525 Citation M2,L2J,L
E4931E,PR-FGO,BE20,BEECH 200 Super King Air,L2T,M
E4981E,PP-SKY,BE20,BEECH 200 Super King Air,L2T,M
E8021E,CC-CQO,A320,AIRBUS A-320,L2J,M
E8031E,CC-AHE,A319,AIRBUS A-319,L2J,M
E8041E,CC-BAL,A320,AIRBUS A-320,L2J,M
E8081E,CC-AOE,C172,CESSNA 172 Skyhawk,L1P,L
E8091E,CC-AAZ,C172,CESSNA 172 Skyhawk,L1P,L
E80B1E,CC-DFM,R44,ROBINSON R-44 Raven,H1P,L
E8801E,ZP-BNM,BE58,BEECH 58 Baron,L2P,L
E8C01E,OB-1877-P,B461,BRITISH AEROSPACE 146-100 Statesman,L4J,M
