00822C,ZS-ALG,E135,EMBRAER ERJ-135,L2J,M
008A2C,ZS-DVN,BE55,BEECH 55 Baron,L2P,L
00922C,ZS-GWH,SF25,SCHEIBE SF-25 Falke,L1P,L
00A72C,ZS-OVB,BE58,BEECH 58 Baron,L2P,L
00AE2C,ZS-YAR,E190,EMBRAER ERJ-190-100,L2J,M
00AF2C,ZS-RVV,H269,HUGHES Sky Knight,H1P,L
00B22C,ZS-SZJ,A320,AIRBUS A-320,L2J,M
00B42C,ZS-TTB,C206,CESSNA  206 Stationair,L1P,L
00E62C,ZU-EVO,EVOT,LANCAIR Evolution Turbine,L1T,L
01002C,SU-GBT,A321,AIRBUS A-321,L2J,M
01012C,SU-BPL,C130,LOCKHEED C-130 Hercules,L4T,M
01022C,SU-BUK,A20N,AIRBUS A-320neo,L2J,M
02012C,CN-RGV,B738,BOEING 737-800,L2J,M
04002C,ET-ANJ,DH8D,DE HAVILLAND DHC-8-400 Dash 8,L2T,M
06A12C,A7-ANP,A35K,AIRBUS A-350-1000,L2J,H
09012C,T-914,IL76,ILYUSHIN Il-76/82,L4J,H
0AC02C,HK-4535,E145,EMBRAER ERJ-145,L2J,M
0AC82C,FAC4531,UH1,BELL UH-1 Huey,H1T,L
0AC92C,PNC-0712,UH1,BELL UH-1 Huey,H1T,L
0ACA2C,HK-4685,BE9L,BEECH 90 King Air,L2T,L
0AE02C,TI-BFH,BE20,BEECH 200 Super King Air,L2T,M
0B402C,TG-ILO,BE58,BEECH 58 Baron,L2P,L
0C202C,HP-1533CMP,B738,BOEING 737-800,L2J,M
0D082C,3616,C130,LOCKHEED C-130 Hercules,L4T,M
0D092C,XA-JAO,LJ45,LEARJET 45,L2J,M
0D0A2C,XA-ALY,E190,EMBRAER ERJ-190-100,L2J,M
0D0B2C,XA-VCY,LJ35,LEARJET 35,L2J,M
0D0C2C,XA-III,B738,BOEING 737-800,L2J,M
0D0E2C,XA-MFN,B38M,BOEING 737 MAX 8,L2J,M
0D812C,YV2477,H25A,HAWKER SIDDELEY HS-125,L2J,M
0D822C,YV1465,BE9L,BEECH 90 King Air,L2T,L
140B2C,RA-02860,E170,EMBRAER ERJ-170-100,L2J,M
14A12C,RA-41260,A140,HESA 140 Faraz,L2T,M
14FA2C,RA-64044,T204,TUPOLEV Tu-204/214/224/234,L2J,M
151D2C,RA-73004,B737,BOEING 737-700,L2J,M
151E2C,RA-73260,B738,BOEING 737-800,L2J,M
15202C,RA-73772,A320,AIRBUS A-320,L2J,M
15522C,RA-86572,IL62,ILYUSHIN Il-62,L4J,H
155C2C,RA-89132,SU95,SUKHOI Superjet 100-95,L2J,M
1F632C,RF-90924,IL18,ILYUSHIN Il-18,L4T,M
30042C,I-RAKE,A109,AGUSTA AW-109 Grand,H2T,L
30072C,I-BGAS,BALL,,B0-,-
31D82C,I-6232,ULAC,,L0-,-
31DD2C,I-C785,PISI,PIPSTREL Sinus,L1P,L
31DF2C,I-D853,SVNH,AEROTEC Savannah,L1P,L
32002C,VF-139,A139,AGUSTA AW-139,H2T,L
33FE2C,MM81681,A109,AGUSTA AW-109 Grand,H2T,L
382D2C,F-BLJM,DR10,CENTRE EST Ambassadeur,L1P,L
382F2C,F-BLZM,DR10,CENTRE EST Ambassadeur,L1P,L
38302C,F-BMBM,D140,JODEL D-140 Mousquetaire,L1P,L
38312C,F-BMJM,CP13,PIEL Super Emeraude,L1P,L
38362C,F-BNRM,C210,CESSNA 201 Centurion,L1P,L
38472C,F-BRZM,DR30,CENTRE EST Prince,L1P,L
38482C,F-BSBM,D253,CENTRE EST DR-253 Regent,L1P,L
384F2C,F-BTZM,DR40,ROBIN DR-400,L1P,L
385E2C,F-BXRM,DR40,ROBIN DR-400,L1P,L
39242C,F-GJBM,TOBA,SOCATA Tobago,L1P,L
39252C,F-GJJM,BROU,MAX HOLSTE Broussard,L1P,L
39302C,F-GMBM,DR40,ROBIN DR-400,L1P,L
39352C,F-GNJM,DA40,DIAMOND DA-40 Club Star,L1P,L
39382C,F-GOBM,C150,CESSNA 150,L1P,L
39392C,F-GOJM,BALL,,B0-,-
393A2C,F-GORM,DR40,ROBIN DR-400,L1P,L
393B2C,F-GOZM,F260,AERMACCHI SF-260,L1P,L
39482C,F-GSBM,DR40,ROBIN DR-400,L1P,L
394C2C,F-GTBM,BALL,,B0-,-
39552C,F-GVJM,P28A,PIPER PA-28-140/150/160/180,L1P,L
39622C,F-GYRM,SR22,CIRRUS SR-22,L1P,L
39802C,F-HABM,DA40,DIAMOND DA-40 Club Star,L1P,L
39822C,F-HARM,A210,AQUILA A-210,L1P,L
39852C,F-HBJM,C172,CESSNA 172 Skyhawk,L1P,L
39862C,F-HBRM,DV20,DIAMOND DA-20,L1P,L
39892C,F-HCJM,DR40,ROBIN DR-400,L1P,L
39962C,F-HFRM,APM3,ISSOIRE APM-30 Lion,L1P,L
399D2C,F-HHJM,A139,AGUSTA AW-139,H2T,L
399F2C,F-HHZM,R44,ROBINSON R-44 Raven,H1P,L
39A42C,F-HJBM,C172,CESSNA 172 Skyhawk,L1P,L
39B52C,F-HNJM,SR22,CIRRUS SR-22,L1P,L
39BC2C,F-HPBM,E50P,EMBRAER EMB-500 Phenom 100,L2J,L
39DF2C,F-HXZM,PTS2,PITTS S-2 Special,L1P,L
3A482C,F-OSBM,C208,CESSNA 208 Caravan,L1T,L
3B762C,E165,AJET,DASSAULT-DORNIER Alpha Jet,L2J,M
3B772C,092,E121,EMBRAER EMB-121 Xingu,L2T,L
3C122C,D-AVWX,A19N,AIRBUS A-319neo,L2J,M
3C152C,D-AXAL,A320,AIRBUS A-320,L2J,M
3C442C,D-AAAL,A345,AIRBUS A-340-500,L4J,H
3C4B2C,D-ABYL,B748,BOEING 747-8,L4J,H
3C542C,D-AEAL,A306,AIRBUS A-300-600,L2J,H
3C662C,D-AIQL,A320,AIRBUS A-320,L2J,M
3C712C,D-ALIL,FA7X,DASSAULT Falcon 7X,L3J,M
3C992C,D-BFIL,E550,EMBRAER EMB-550 Praetor 600,L2J,M
3CC82C,D-CDCM,C56X,CESSNA 560XL Citation XLS,L2J,M
3CE52C,D-COCA,B190,BEECH 1900,L2T,M
3D062C,D-EAOY,TB20,SOCATA TB-20 Trinidad,L1P,L
3D082C,D-EBIQ,C175,CESSNA 175 Skylark,L1P,L
3D0A2C,D-ECCI,KL35,KLEMM Kl-35,L1P,L
3D0D2C,D-EDFW,M20T,MOONEY M-20T,L1P,L
3D0E2C,D-EDPS,C172,CESSNA 172 Skyhawk,L1P,L
3D0F2C,D-EDZO,C182,CESSNA 182 Skylane,L1P,L
3D122C,D-EFDC,RALL,SOCATA Rallye,L1P,L
3D132C,D-EFMY,P28A,PIPER PA-28-140/150/160/180,L1P,L
3D172C,D-EHAI,DR40,ROBIN DR-400,L1P,L
3D182C,D-EHKE,DR40,ROBIN DR-400,L1P,L
3D1B2C,D-EINS,PA46,PIPER PA-46-310/350,L1P,L
3D1D2C,D-EJHK,WA50,WASSMER WA-54 Atlantic,L1P,L
3D1F2C,D-EKBC,C172,CESSNA 172 Skyhawk,L1P,L
3D202C,D-EKKY,LAKR,LASER Akro Z,L1P,L
3D222C,D-ELEQ,KL07,BOLKOW BO-107,L1P,L
3D232C,D-ELOM,TB20,SOCATA TB-20 Trinidad,L1P,L
3D282C,D-ENLS,DR40,ROBIN DR-400,L1P,L
3D2B2C,D-EOPG,P46T,PIPER PA-46-500TP,L1T,L
3D2C2C,D-EOZC,TB21,SOCATA TB-21 Trinidad TC,L1P,L
3D302C,D-EQMM,F260,AERMACCHI SF-260,L1P,L
3D342C,D-ERZW,GLST,GLASAIR SH-4 GlaStar,L1P,L
3D362C,D-ESTO,P28A,PIPER PA-28-140/150/160/180,L1P,L
3D372C,D-ETDK,ULAC,,L0-,-
3D3D2C,D-EVKM,C182,CESSNA 182 Skylane,L1P,L
3D3F2C,D-EWEE,TAMP,SOCATA TB-9 Tampico,L1P,L
3D442C,D-EYBK,SR22,CIRRUS SR-22,L1P,L
3DC82C,D-GWBC,DA42,DIAMOND DA-42 Guardian,L2P,L
3DF32C,D-HMIM,H269,HUGHES Sky Knight,H1P,L
3E252C,D-IFGU,C425,CESSNA 425 Corsair,L2T,L
3E3A2C,D-INFO,PAY1,PIPER PA-31T1-500 Cheyenne 1,L2T,L
3E512C,D-IVYA,C303,CESSNA T303 Crusader,L2P,L
3E5C2C,D-KACI,GLID,,L0-,-
3E5E2C,D-KAWA,SF25,SCHEIBE SF-25 Falke,L1P,L
3E642C,D-KDDC,SF25,SCHEIBE SF-25 Falke,L1P,L
3E692C,D-KFAI,TFUN,VALENTIN Taifun,L1P,L
3E712C,D-KIBC,DIMO,DIAMOND H-36 Dimona,L1P,L
3E722C,D-KIKY,DG1T,DG FLUGZEUGBAU DG-1001T,L1P,L
3E792C,D-KLBW,G109,GROB G-109,L1P,L
3E7A2C,D-KLLS,GLID,,L0-,-
3EA12C,10+01,A359,AIRBUS A-350-900,L2J,H
3EC22C,D-KOMM,GLID,,L0-,-
3ECF2C,D-KTKM,DG60,DG FLUGZEUGBAU DG-600M,L1P,L
3EDC2C,D-KYIM,VENT,SCHEMPP-HIRTH Ventus,L1P,L
3EDD2C,D-KYSI,DIMO,DIAMOND H-36 Dimona,L1P,L
3EDE2C,D-KZCE,S6,STEMME S-6,L1P,L
3EE22C,D-0405,GLID,,L0-,-
3EE32C,D-0661,GLID,,L0-,-
3EEC2C,D-2965,GLID,,L0-,-
3EED2C,D-3221,GLID,,L0-,-
3EEF2C,D-3733,GLID,,L0-,-
3EF02C,D-3989,GLID,,L0-,-
3EFA2C,D-6549,GLID,,L0-,-
3F2A2C,D-OBWM,BALL,,B0-,-
3F532C,79+40,NH90,NHI NH-90,H2T,M
3FC72C,D-OMWA,BALL,,B0-,-
3FEB2C,D-MFSV,TL20,TL ULTRALIGHT TL-2000 Sting,L1P,L
3FEC2C,D-MSBR,C42,IKARUS C-42 Bison,L1P,L
3FED2C,D-MWDE,C42,IKARUS C-42 Bison,L1P,L
3FEE2C,D-MUKA,FDCT,FLIGHT DESIGN CT,L1P,L
3FEF2C,D-MSJL,FDCT,FLIGHT DESIGN CT,L1P,L
3FF02C,D-MJPH,BREZ,AEROSTYLE Breezer,L1P,L
3FF12C,D-MILD,FK9,B&F TECHNIK FK-9,L1P,L
3FF22C,D-MBGE,TRAL,GROPPO Trail,L1P,L
3FF32C,D-MUFM,ECHO,TECNAM P-92 Echo,L1P,L
3FF52C,D-MSRP,NG5,BRM AERO NG-5/6 Bristell,L1P,L
40042C,G-MONR,A30B,AIRBUS A-300-200,L2J,H
400B2C,G-ANNI,DH82,DE HAVILLAND DH-82 Tiger Moth,L1P,L
400C2C,G-CBAL,P28A,PIPER PA-28-140/150/160/180,L1P,L
400E2C,G-EGJA,TB20,SOCATA TB-20 Trinidad,L1P,L
400F2C,G-YEOM,PA31,PIPER PA-31-300/310/325/350/425,L2P,L
40112C,G-FLYI,PA34,PIPER PA-34 Seneca,L2P,L
40122C,G-WALY,M7,MAULE M-7,L1P,L
40132C,G-CKRD,AS29,SCHLEICHER ASG-29,L1P,L
40152C,G-AREO,PA18,PIPER PA-18 Super Cub,L1P,L
40182C,G-AXKO,B47G,BELL 47G,H1P,L
401A2C,G-BARH,BE23,BEECH 23 Sundowner,L1P,L
401B2C,G-BBYB,PA18,PIPER PA-18 Super Cub,L1P,L
401C2C,G-BDVB,PA15,PIPER PA-15 Vagabond,L1P,L
401E2C,G-BHEM,GYRO,,G0-,-
401F2C,G-BIPN,RF3,FOURNIER RF-3,L1P,L
40222C,G-LAKI,DR10,CENTRE EST Ambassadeur,L1P,L
40232C,G-TRUK,GLAS,Glasair,L1P,L
40292C,G-TALA,C152,CESSNA 152,L1P,L
402D2C,G-BPHG,DR40,ROBIN DR-400,L1P,L
40322C,G-BSOX,L8,LUSCOMBE 8,L1P,L
40362C,G-MYCP,ULAC,,L0-,-
403A2C,G-RRGN,SPIT,SUPERMARINE Spitfire,L1P,L
403E2C,G-MZHV,ULAC,,L0-,-
40432C,G-HAPI,BALL,,B0-,-
40482C,G-JAEE,RV6,VANS RV-6,L1P,L
40492C,G-TONN,ULAC,,L0-,-
404A2C,G-SPAT,AAT3,AERO AT-3,L1P,L
404C2C,G-CCZX,DR40,ROBIN DR-400,L1P,L
404E2C,G-GAOM,DR40,ROBIN DR-400,L1P,L
404F2C,G-CDTY,SVNH,AEROTEC Savannah,L1P,L
40502C,G-VDOG,O1,CESSNA 305/341 Bird Dog,L1P,L
40522C,G-CERD,DHC1,DE HAVILLAND DHC-1 Chipmunk,L1P,L
40532C,G-CJCD,GLID,,L0-,-
40562C,G-CEYY,EV97,EVEKTRO EV-97 EuroStar,L1P,L
405A2C,G-BKIY,BALL,,B0-,-
405B2C,G-CFGT,ULAC,,L0-,-
405D2C,G-GTOM,PNR3,ALPI Pioneer 330,L1P,L
40632C,G-DBOD,C172,CESSNA 172 Skyhawk,L1P,L
40642C,G-IMPS,SKRA,BEST OFF Sky Ranger,L1P,L
40652C,G-CGUU,SKRA,BEST OFF Sky Ranger,L1P,L
40662C,G-CGXV,ULAC,,L0-,-
40682C,G-CHJW,ULAC,,L0-,-
40692C,G-RWOD,RODS,RIHN One Design,L1P,L
406A2C,G-VINI,S92,SIKORSKY S-92 Helibus,H2T,M
406B2C,G-ROOG,E300,EXTRA EA-300/330/350,L1P,L
406D2C,G-MCGH,S92,SIKORSKY S-92 Helibus,H2T,M
406F2C,G-CIWC,XA85,RAJ HAMSA XA-85,L1P,L
40702C,G-CJBN,BALL,,B0-,-
40712C,G-OURT,BALL,,B0-,-
40722C,G-CJTG,DIMO,DIAMOND H-36 Dimona,L1P,L
40732C,G-CPMW,P32R,PIPER PA-32R-300/301/301T,L1P,L
40752C,G-CKWR,MM16,MAGNI M-16 Tandem Trainer,G1P,L
40772C,G-AGOY,MESS,MILES Messenger,L1P,L
40792C,G-CLJX,UT66,UTVA 66,L1P,L
407B2C,G-NHVG,EC75,AIRBUS HELICOPTERS EC-175,H2T,M
407C2C,G-MCLE,S22T,CIRRUS SR-22T Turbo,L1P,L
42482C,VP-CJT,F2TH,DASSAULT Falcon 2000,L2J,M
43C72C,ZJ249,AS50,AEROSPATIALE AS-350 Ecureuil,H1T,L
43C92C,ZM498,EC45,AIRBUS HELICOPTERS EC-145,H2T,L
43E92C,M-ABFE,AT75,ATR-72-500,L2T,M
43EA2C,M-ISRK,FA7X,DASSAULT Falcon 7X,L3J,M
43EC2C,2-HAWK,ALO2,SUD Alouette 2,H1T,L
43ED2C,2-CRGD,PA34,PIPER PA-34 Seneca,L2P,L
44002C,OE-XTW,AS50,AEROSPATIALE AS-350 Ecureuil,H1T,L
44012C,OE-KFT,P28U,PIPER PA-28RT-201T Turbo,L1P,L
44022C,OE-GCG,C56X,CESSNA 560XL Citation XLS,L2J,M
44032C,OE-AWG,BU31,BUCKER Bu-131 Jungmann,L1P,L
44042C,OE-EGL,P46T,PIPER PA-46-500TP,L1T,L
44052C,OE-7129,WT9,AEROSPOOL WT-9 Dynamic,L1P,L
44072C,OE-XYN,R44,ROBINSON R-44 Raven,H1P,L
44082C,OE-LWP,E195,EMBRAER ERJ-190-200,L2J,M
440C2C,OE-FXB,C25A,CESSNA 525A Citation CJ2,L2J,L
447D2C,5D-HB,B212,BELL 212,H2T,L
44882C,OO-BAL,BALL,,B0-,-
448A2C,OO-BQL,BALL,,B0-,-
448B2C,OO-BYL,DH82,DE HAVILLAND DH-82 Tiger Moth,L1P,L
448C2C,OO-CAL,C172,CESSNA 172 Skyhawk,L1P,L
449F2C,OO-GYL,M20P,MOONEY M-20,L1P,L
44A82C,OO-JAL,B737,BOEING 737-700,L2J,M
44BB2C,OO-NYL,P28A,PIPER PA-28-140/150/160/180,L1P,L
44C12C,OO-PIL,PP3,PILATUS P-3,L1P,L
44CB2C,OO-RYL,P51,NORTH AMERICAN P-51 Mustang,L1P,L
44CD2C,OO-SIL,C150,CESSNA 150,L1P,L
44DC2C,OO-WAL,C182,CESSNA 182 Skylane,L1P,L
44DD2C,OO-WIL,SV4,NORD SV-4,L1P,L
44E82C,OO-ZAL,GLID,,L0-,-
44F42C,CH-12,C130,LOCKHEED C-130 Hercules,L4T,M
45202C,LZ-LAD,A320,AIRBUS A-320,L2J,M
458C2C,OY-CAL,TAMP,SOCATA TB-9 Tampico,L1P,L
458F2C,OY-CYL,C172,CESSNA 172 Skyhawk,L1P,L
45A12C,OY-HIL,A139,AGUSTA AW-139,H2T,L
45AC2C,OY-KAL,A320,AIRBUS A-320,L2J,M
45B52C,OY-MIL,CRJ2,BOMBARDIER Regional Jet CRJ-200,L2J,M
45C12C,OY-PIL,C77R,CESSNA 177RG Cardinal RG,L1P,L
45F42C,M-502,EH10,AGUSTA WESTLAND EH-101 Merlin,H3T,M
46302C,OH-SGI,GA5C,GULFSTREAM G500,L2J,M
463A2C,OH-WAU,PC12,PILATUS PC-12,L1T,L
46B82C,SX-NAL,A21N,AIRBUS A-321neo,L2J,M
47032C,HA-BFG,P28R,PIPER PA-28R-180/200/201,L1P,L
47352C,HA-UDO,PIAT,PIPISTREL Alpha Trainer,L1P,L
47812C,0278,EH10,AGUSTA WESTLAND EH-101 Merlin,H3T,M
47842C,LN-AAR,RV4,VANS RV-4,L1P,L
47852C,LN-NPR,P28R,PIPER PA-28R-180/200/201,L1P,L
47872C,LN-TVD,C172,CESSNA 172 Skyhawk,L1P,L
47A22C,LN-ENQ,B738,BOEING 737-800,L2J,M
48042C,J-145,F16,GENERAL DYNAMICS F-16 Fighting Falcon,L1J,M
480C2C,L-12,PC7,PILATUS PC-7 Astra,L1T,L
48442C,PH-DGY,M20T,MOONEY M-20T,L1P,L
48452C,PH-GES,EUPA,Europa,L1P,L
48462C,PH-SKC,C172,CESSNA 172 Skyhawk,L1P,L
48472C,PH-JDR,BALL,,B0-,-
48482C,PH-1210,DISC,SCHEMPP-HIRTH Discus,L1P,L
484A2C,PH-1052,GLID,,L0-,-
484C2C,PH-ENP,C206,CESSNA  206 Stationair,L1P,L
484D2C,PH-FEG,BALL,,B0-,-
48502C,PH-1524,VENT,SCHEMPP-HIRTH Ventus,L1P,L
48532C,PH-1KO,ZZZZ,,-0-,-
48542C,PH-1TI,ZZZZ,,-0-,-
48562C,PH-2IU,ZZZZ,,-0-,-
488C2C,SP-DBM,C182,CESSNA 182 Skylane,L1P,L
48982C,SP-GBM,C182,CESSNA 182 Skylane,L1P,L
48992C,SP-GKM,S22T,CIRRUS SR-22T Turbo,L1P,L
489C2C,SP-HBM,R44,ROBINSON R-44 Raven,H1P,L
48B12C,SP-MKM,PC12,PILATUS PC-12,L1T,L
48C12C,SP-RKM,B738,BOEING 737-800,L2J,M
48C22C,SP-RSM,B738,BOEING 737-800,L2J,M
48C42C,SP-TBM,TBM9,SOCATA TBM-900/910/930/940,L1T,L
48D12C,SP-WKM,B407,BELL 407,H1T,L
48D82C,0222,AN28,ANTONOV An-28,L2T,L
48FC2C,SP-SMBM,AP22,AEROPRACT A-22,L1P,L
49212C,CS-HIL,EC30,AIRBUS HELICOPTERS EC-130,H1T,L
497C2C,15113,F16,GENERAL DYNAMICS F-16 Fighting Falcon,L1J,M
49842C,9237,SB39,SAAB 39 Gripen,L1J,M
49B02C,OK-1952,DUOD,SCHEMPP-HIRTH Duo Discus,L1P,L
49C02C,OK-NUU63,WT9,AEROSPOOL WT-9 Dynamic,L1P,L
49C22C,OK-VAI35,NG5,BRM AERO NG-5/6 Bristell,L1P,L
49D02C,OK-PIM,H269,HUGHES Sky Knight,H1P,L
49D12C,OK-PMI,BE40,BEECH 400 Beechjet,L2J,M
4A312C,YR-LIL,A320,AIRBUS A-320,L2J,M
4A482C,YR-RAL,AS50,AEROSPATIALE AS-350 Ecureuil,H1T,L
4AA52C,SE-IIL,SB91,SAAB 91 Safir,L1P,L
4AB12C,SE-LIL,SW4,SWEARINGEN Metro,L2T,M
4AB42C,SE-MAL,ATP,BRITISH AEROSPACE ATP,L2T,M
4AB52C,SE-MIL,C172,CESSNA 172 Skyhawk,L1P,L
4ACB2C,SE-RYL,B38M,BOEING 737 MAX 8,L2J,M
4AD32C,SE-TYL,GLID,,L0-,-
4AD72C,SE-UYL,RF4,FOURNIER RF-4,L1P,L
4B002C,HB-ABS,AT75,ATR-72-500,L2T,M
4B062C,HB-CIU,C172,CESSNA 172 Skyhawk,L1P,L
4B0D2C,HB-EZS,M5,MAULE M-5,L1P,L
4B1B2C,HB-KHO,DR40,ROBIN DR-400,L1P,L
4B262C,HB-OLW,PA18,PIPER PA-18 Super Cub,L1P,L
4B272C,HB-OVS,PA24,PIPER PA-24 Comanche,L1P,L
4B292C,HB-PPK,P28A,PIPER PA-28-140/150/160/180,L1P,L
4B2C2C,HB-QSY,BALL,,B0-,-
4B302C,HB-SGI,DV20,DIAMOND DA-20,L1P,L
4B3A2C,HB-WAU,C42,IKARUS C-42 Bison,L1P,L
4B402C,HB-YHW,PULS,Pulsar,L1P,L
4B432C,HB-ZLK,AS50,AEROSPATIALE AS-350 Ecureuil,H1T,L
4B4A2C,HB-1413,GLID,,L0-,-
4B4B2C,HB-1669,GLID,,L0-,-
4B4D2C,HB-2181,AS24,SCHLEICHER ASW-24,L1P,L
4B4E2C,HB-2437,VENT,SCHEMPP-HIRTH Ventus,L1P,L
4B512C,HB-3205,GLID,,L0-,-
4B822C,TCSG-553,CN35,CASA CN-235 Persuader,L2T,M
4B8B2C,TC-BYL,BALL,,B0-,-
4BA92C,TC-JIL,A332,AIRBUS A-330-200,L2J,H
4BAB2C,TC-JYL,B739,BOEING 737-900,L2J,M
4BBD2C,TC-OIL,FA7X,DASSAULT Falcon 7X,L3J,M
4BD02C,TC-TAL,C172,CESSNA 172 Skyhawk,L1P,L
4C3F2C,YU-PZM,C56X,CESSNA 560XL Citation XLS,L2J,M
4C582C,YU-A045,PIAT,PIPISTREL Alpha Trainer,L1P,L
4CA52C,EI-IAL,A109,AGUSTA AW-109 Grand,H2T,L
4CA62C,EI-CKI,ULAC,,L0-,-
4CC52C,TF-ICN,B38M,BOEING 737 MAX 8,L2J,M
4D012C,LX-ICL,B744,BOEING 747-400,L4J,H
4D022C,LX-GLX,GLEX,BOMBARDIER BD-700 Global 6000/6500,L2J,M
4D212C,9H-YES,B735,BOEING 737-500,L2J,M
4D222C,9H-QCX,B738,BOEING 737-800,L2J,M
4D232C,9H-TJE,B738,BOEING 737-800,L2J,M
501E2C,9A-RPH,P28U,PIPER PA-28RT-201T Turbo,L1P,L
502D2C,YL-PAG,DA40,DIAMOND DA-40 Club Star,L1P,L
505C2C,OM-S177,ULAC,,L0-,-
505D2C,OM-OIL,R44,ROBINSON R-44 Raven,H1P,L
505E2C,OM-M425,NG5,BRM AERO NG-5/6 Bristell,L1P,L
50822C,UR-WRJ,A321,AIRBUS A-321,L2J,M
50FF2C,UR-UTTC,PIVI,PIPSTREL Virus,L1P,L
51102C,ES-PJR,JS32,BRITISH AEROSPACE Jetstream Super 31,L2T,M
51202C,Z3-DAO,P28S,PIPER PA-28R-201T,L1P,L
51402C,4L-TGM,B737,BOEING 737-700,L2J,M
68322C,UP-B6703,B763,BOEING 767-300,L2J,H
702C2C,99-5480,C30J,LOCKHEED MARTIN C-130J Super Hercules,L4T,M
70612C,9K-CBE,A20N,AIRBUS A-320neo,L2J,M
70C12C,A4O-OOB,DA42,DIAMOND DA-42 Guardian,L2P,L
71002C,HZ-ARD,B789,BOEING 787-9 Dreamliner,L2J,H
71012C,PSS-54,EC45,AIRBUS HELICOPTERS EC-145,H2T,L
71032C,HZ-HMED,B752,BOEING 757-200,L2J,M
72862C,YI-AQL,B737,BOEING 737-700,L2J,M
73502C,EP-TAL,MD83,MCDONNELL-DOUGLAS MD-83,L2J,M
73682C,EP-ZAL,A320,AIRBUS A-320,L2J,M
73952C,4X-ONZ,SKRA,BEST OFF Sky Ranger,L1P,L
74082C,JY-BAL,BDOG,BRITISH AEROSPACE SA-3 Bulldog,L1P,L
74282C,JY-JAL,B762,BOEING 767-200,L2J,H
75002C,9M-AHL,A320,AIRBUS A-320,L2J,M
75832C,RP-C8815,EC35,AIRBUS HELICOPTERS EC-135/635,H2T,L
75842C,RP-C3855,B462,BRITISH AEROSPACE 146-200 Quiet Trader,L4J,M
75862C,RP-C4110,A20N,AIRBUS A-320neo,L2J,M
76092C,AP-BIL,MI8,MIL Mi-8/9/17/19/171/172,H2T,M
763B2C,79,AT75,ATR-72-500,L2T,M
76402C,AP-PAL,BE40,BEECH 400 Beechjet,L2J,M
76E72C,9112,PC21,PILATUS PC-21,L1T,L
78002C,B-2825,B752,BOEING 757-200,L2J,M
78012C,B-HLI,A333,AIRBUS A-330-300,L2J,H
78042C,B-5319,B738,BOEING 737-800,L2J,M
78052C,B-2892,B734,BOEING 737-400,L2J,M
78062C,B-6661,A321,AIRBUS A-321,L2J,M
78082C,B-6851,A320,AIRBUS A-320,L2J,M
78092C,B-5701,B738,BOEING 737-800,L2J,M
780B2C,B-5839,B738,BOEING 737-800,L2J,M
780C2C,B-1821,A320,AIRBUS A-320,L2J,M
780D2C,B-2481,B748,BOEING 747-8,L4J,H
780E2C,B-6065,B738,BOEING 737-800,L2J,M
780F2C,B-8371,A320,AIRBUS A-320,L2J,M
78102C,B-7996,B738,BOEING 737-800,L2J,M
78112C,B-8962,A332,AIRBUS A-330-200,L2J,H
78122C,B-8859,A320,AIRBUS A-320,L2J,M
78132C,B-1060,A320,AIRBUS A-320,L2J,M
78142C,B-1143,B38M,BOEING 737 MAX 8,L2J,M
78162C,B-306T,A20N,AIRBUS A-320neo,L2J,M
78182C,B-70N0,C172,CESSNA 172 Skyhawk,L1P,L
781B2C,B-125F,C25M,CESSNA 525 Citation M2,L2J,L
781C2C,B-325H,A21N,AIRBUS A-321neo,L2J,M
781E2C,B-12KU,DA42,DIAMOND DA-42 Guardian,L2P,L
78922C,B-LCR,A20N,AIRBUS A-320neo,L2J,M
79A02C,B-2391,A320,AIRBUS A-320,L2J,M
7BB12C,B-5106,B739,BOEING 737-900,L2J,M
7C022C,VH-APQ,DH82,DE HAVILLAND DH-82 Tiger Moth,L1P,L
7C032C,VH-AWU,AT8T,AIR TRACTOR AT-802,L1T,M
7C072C,VH-BPA,ACAR,AUSTER J-5 Autocar,L1P,L
7C0C2C,VH-COU,PA34,PIPER PA-34 Seneca,L2P,L
7C0D2C,VH-CVY,XL2,LIBERTY XL-2,L1P,L
7C112C,VH-DOE,PA24,PIPER PA-24 Comanche,L1P,L
7C152C,VH-EGU,AS50,AEROSPATIALE AS-350 Ecureuil,H1T,L
7C162C,VH-ENY,C172,CESSNA 172 Skyhawk,L1P,L
7C1A2C,VH-FGE,P28S,PIPER PA-28R-201T,L1P,L
7C1B2C,VH-FNI,C510,CESSNA 510 Citation Mustang,L2J,L
7C1C2C,VH-FUM,C501,CESSNA 501 Citation 1SP,L2J,L
7C252C,VH-HMM,PA30,PIPER PA-30 Twin Comanche,L2P,L
7C302C,VH-JSU,B06,BELL 206 JetRanger,H1T,L
7C312C,VH-JZY,R22,ROBINSON R-22 Mariner,H1P,L
7C342C,VH-KLA,PA25,PIPER PA-25 Pawnee,L1P,L
7C352C,VH-KSE,C210,CESSNA 201 Centurion,L1P,L
7C382C,VH-LDQ,SW3,SWEARINGEN Merlin 3,L2T,L
7C3A2C,VH-LRY,PA30,PIPER PA-30 Twin Comanche,L2P,L
7C402C,VH-MYM,BE55,BEECH 55 Baron,L2P,L
7C422C,VH-NCU,C182,CESSNA 182 Skylane,L1P,L
7C432C,VH-NJY,RJ1H,AVRO RJ-100 Avroliner,L4J,M
7C4C2C,VH-PBY,C210,CESSNA 201 Centurion,L1P,L
7C4F2C,VH-PXA,DA40,DIAMOND DA-40 Club Star,L1P,L
7C582C,VH-RPA,DA40,DIAMOND DA-40 Club Star,L1P,L
7C592C,VH-RWE,P32R,PIPER PA-32R-300/301/301T,L1P,L
7C5B2C,VH-SAM,P28S,PIPER PA-28R-201T,L1P,L
7C5D2C,VH-SOU,C500,CESSNA 500 Citation 1,L2J,L
7C622C,VH-TOE,C182,CESSNA 182 Skylane,L1P,L
7C662C,VH-UGU,C150,CESSNA 150,L1P,L
7C672C,VH-UNY,P28A,PIPER PA-28-140/150/160/180,L1P,L
7C702C,VH-WFY,L39,LET L-39 Albatros,L1J,L
7C752C,VH-XFI,TRF1,TEAM ROCKET F-1,L1P,L
7C762C,VH-XMM,PA31,PIPER PA-31-300/310/325/350/425,L2P,L
7C7C2C,VH-YTA,P28S,PIPER PA-28R-201T,L1P,L
7C802C,VH-ZLQ,SF34,SAAB 340,L2T,M
7C812C,VH-ZSU,BE20,BEECH 200 Super King Air,L2T,M
7C822C,VH-ZZY,B06,BELL 206 JetRanger,H1T,L
7CBC2C,19-1738,JAB4,JABIRU J200-450,L1P,L
7CC42C,23-2008,P208,TECNAM P-2008,L1P,L
7CC52C,24-8665,SLG2,AIRPLANE FACTORY Sling 2,L1P,L
80022C,K3060,AN32,ANTONOV An-32 Sutlej,L2T,M
80052C,VT-SCS,A319,AIRBUS A-319,L2J,M
800B2C,VT-IAY,A320,AIRBUS A-320,L2J,M
800D2C,VT-IZH,A20N,AIRBUS A-320neo,L2J,M
80152C,VT-IMY,A21N,AIRBUS A-321neo,L2J,M
84082C,JA027N,AS50,AEROSPATIALE AS-350 Ecureuil,H1T,L
84B52C,JA20DA,BE20,BEECH 200 Super King Air,L2T,M
851D2C,JA34CA,D228,DORNIER 228,L2T,L
85D42C,JA55AN,B738,BOEING 737-800,L2J,M
863B2C,JA6924,EC45,AIRBUS HELICOPTERS EC-145,H2T,L
86752C,JA705A,B772,BOEING 777-200,L2J,H
88002C,41094,JS41,BRITISH AEROSPACE Jetstream 41,L2T,M
88812C,VN-A398,A321,AIRBUS A-321,L2J,M
89402C,A9C-KD,A332,AIRBUS A-330-200,L2J,H
89612C,A6-ETB,B77W,BOEING 777-300ER,L2J,H
89652C,A6-SED,C208,CESSNA 208 Caravan,L1T,L
896C2C,1224,C17,BOEING C-17 Globemaster 3,L4J,H
896E2C,GND,GND,,V0-,-
89802C,P2-ANE,F100,FOKKER 100,L2J,M
89902C,B-50017,A320,AIRBUS A-320,L2J,M
8A042C,LD-1217,G120,GROB G-120,L1P,L
8A052C,PK-WHL,AT76,ATR-72-600,L2T,M
8A062C,PK-APD,C172,CESSNA 172 Skyhawk,L1P,L
8A082C,PK-LSI,B739,BOEING 737-900,L2J,M
8A092C,PK-SGB,A320,AIRBUS A-320,L2J,M
A0002C,N1BS,C750,CESSNA 750 Citation 10,L2J,M
A0012C,N1MY,RV7,VANS RV-7,L1P,L
A0022C,N1YD,C210,CESSNA 201 Centurion,L1P,L
A0032C,N10JJ,RS12,RANS S-12 Super Airaile,L1P,L
A0052C,N100EV,P180,PIAGGIO P-180 Avanti,L2T,L
A0062C,N100RA,BE60,BEECH 60 Duke,L2P,L
A0072C,N10007,C210,CESSNA 201 Centurion,L1P,L
A0092C,N101HT,BE35,BEECH 35 Starfire Bonanza,L1P,L
A00B2C,N1013,CL30,BOMBARDIER BD-100 Challenger 300,L2J,M
A00C2C,N102AK,C206,CESSNA  206 Stationair,L1P,L
A00F2C,N1025C,M20P,MOONEY M-20,L1P,L
A0112C,N103PP,,,,
A0142C,N104GF,EAGL,CHRISTEN Eagle,L1P,L
A0162C,N10418,BALL,,B0-,-
A0172C,N1049J,VO10,NORTH AMERICAN ROCKWELL Commander 100,L1P,L
A01A2C,N1054A,,,,
A01B2C,N106BW,BALL,,B0-,-
A0232C,N108HS,BL8,BELLANCA 8 Decathlon,L1P,L
A0252C,N10829,C150,CESSNA 150,L1P,L
A0282C,N109WW,HUSK,CHRISTEN Husky,L1P,L
A0292C,N1095B,M20P,MOONEY M-20,L1P,L
A02B2C,N11PN,S22T,CIRRUS SR-22T Turbo,L1P,L
A02E2C,N110WE,,,,
A0302C,N111CR,GLID,,L0-,-
A0312C,N111NX,ONEX,SONEX Onex,L1P,L
A0332C,N1116Z,B36T,BEECH 36 Turbine Bonanza,L1T,L
A0362C,N1121R,JCOM,IAI Commodore Jet,L2J,M
A0382C,N113JM,,,,
A03A2C,N1133U,C172,CESSNA 172 Skyhawk,L1P,L
A03B2C,N114BD,FA7X,DASSAULT Falcon 7X,L3J,M
A03C2C,N114MK,M7,MAULE M-7,L1P,L
A0412C,N1150P,PA23,PIPER PA-23,L2P,L
A0422C,N11570,C150,CESSNA 150,L1P,L
A0432C,N116H,BE95,BEECH 95 Travel Air,L2P,L
A0442C,N116TF,,,,
A0482C,N117WD,,,,
A0492C,N1174V,BE17,BEECH 17 Staggerwing,L1P,L
A0502C,N1191Q,T206,CESSNA T206 Turbo Stationair,L1P,L
A0522C,N12JL,PA23,PIPER PA-23,L2P,L
A0572C,N1208K,L8,LUSCOMBE 8,L1P,L
A05B2C,N122AM,C310,CESSNA 310,L2P,L
A05F2C,N123DK,SA30,STOLP Starduster Too,L1P,L
A0602C,N123PR,LNCE,LANCAIR ES,L1P,L
A0622C,N1237H,P28A,PIPER PA-28-140/150/160/180,L1P,L
A0632C,N124GH,LNC4,LANCAIR 4,L1P,L
A0642C,N124SP,SF50,CIRRUS SF-50 Vision,L1J,L
A0652C,N1242,RV9,VANS RV-9,L1P,L
A0672C,N125KF,FOX,KITFOX,L1P,L
A0692C,N1254C,S22T,CIRRUS SR-22T Turbo,L1P,L
A06B2C,N126ND,,,,
A06F2C,N127RB,RV7,VANS RV-7,L1P,L
A0712C,N1278J,AC11,NORTH AMERICAN ROCKWELL Commander 112/114,L1P,L
A0742C,N1283A,PA18,PIPER PA-18 Super Cub,L1P,L
A0752C,N129AL,,,,
A0762C,N129LS,BRAV,TECNAM P-2004 Bravo,L1P,L
A0772C,N129WY,GLID,,L0-,-
A0782C,N1295D,C170,CESSNA 170,L1P,L
A07A2C,N13PQ,ERCO,AIR PRODUCTS F-1 Aircoupe,L1P,L
A07C2C,N130LA,M20P,MOONEY M-20,L1P,L
A07E2C,N1304Y,C172,CESSNA 172 Skyhawk,L1P,L
A07F2C,N131CT,FDCT,FLIGHT DESIGN CT,L1P,L
A0822C,N13161,E45X,EMBRAER ERJ-145XR,L2J,M
A0842C,N132RX,C402,CESSNA 402 Businessliner,L2P,L
A0862C,N13284,ZZZZ,,-0-,-
A0872C,N133JP,C175,CESSNA 175 Skylark,L1P,L
A0892C,N1333W,M20P,MOONEY M-20,L1P,L
A08A2C,N134BF,CRUZ,CSA PS-28 Cruiser,L1P,L
A08B2C,N134MM,T34P,BEECH T-34 Mentor,L1P,L
A08E2C,N135ED,EC35,AIRBUS HELICOPTERS EC-135/635,H2T,L
A0902C,N1350R,AA1,AMERICAN AA-1,L1P,L
A0912C,N13572,WACC,WACO C/S,L1P,L
A0922C,N136HB,BE36,BEECH 36 Bonanza,L1P,L
A0962C,N137L,,,,
A0982C,N1374X,B47G,BELL 47G,H1P,L
A0992C,N138CS,,,,
A09F2C,N1391S,C182,CESSNA 182 Skylane,L1P,L
A0A12C,N14JN,PA34,PIPER PA-34 Seneca,L2P,L
A0AE2C,N143DM,,,,
A0B12C,N1437K,COL4,CESSNA 400 Corvalis TT,L1P,L
A0B32C,N144SR,R44,ROBINSON R-44 Raven,H1P,L
A0B42C,N1442B,L8,LUSCOMBE 8,L1P,L
A0B92C,N146C,BE95,BEECH 95 Travel Air,L2P,L
A0C02C,N1478L,BE23,BEECH 23 Sundowner,L1P,L
A0C32C,N1483C,C82S,CESSNA T182 Turbo Skylane,L1P,L
A0C42C,N149AN,A321,AIRBUS A-321,L2J,M
A0C62C,N149X,WAIX,SONEX Waiex,L1P,L
A0C82C,N15DL,BE35,BEECH 35 Starfire Bonanza,L1P,L
A0C92C,N15PS,B06,BELL 206 JetRanger,H1T,L
A0CB2C,N150LC,COL4,CESSNA 400 Corvalis TT,L1P,L
A0CC2C,N150WJ,GLF5,GULFSTREAM 5,L2J,M
A0CD2C,N15040,PA32,PIPER PA-32,L1P,L
A0CF2C,N151PA,C82S,CESSNA T182 Turbo Skylane,L1P,L
A0D02C,N151ZG,T206,CESSNA T206 Turbo Stationair,L1P,L
A0D12C,N15163,BALL,,B0-,-
A0D42C,N1521V,C172,CESSNA 172 Skyhawk,L1P,L
A0D52C,N15286,ULAC,,L0-,-
A0D72C,N153UX,DRON,,D0-,-
A0DA2C,N154MP,M20P,MOONEY M-20,L1P,L
A0DF2C,N1550T,BE36,BEECH 36 Bonanza,L1P,L
A0E02C,N15574,E145,EMBRAER ERJ-145,L2J,M
A0E52C,N157LB,BALL,,B0-,-
A0E62C,N157WH,BE40,BEECH 400 Beechjet,L2J,M
A0E72C,N1574Z,BE35,BEECH 35 Starfire Bonanza,L1P,L
A0E92C,N158P,C206,CESSNA  206 Stationair,L1P,L
A0EB2C,N15862,P28R,PIPER PA-28R-180/200/201,L1P,L
A0EC2C,N159FS,C72R,CESSNA 172R Cutlass RG,L1P,L
A0F12C,N16UW,,,,
A0F22C,N160FA,H47,BOEING-VERTOL CH-47 Chinook,H2T,M
A0F42C,N1601C,C180,CESSNA  180 Skywagon,L1P,L
A0F82C,N1613F,C172,CESSNA 172 Skyhawk,L1P,L
A0FC2C,N1625J,P28A,PIPER PA-28-140/150/160/180,L1P,L
A1042C,N1649Q,C150,CESSNA 150,L1P,L
A1052C,N165KK,T33,LOCKHEED T-33,L1J,M
A1062C,N165VR,VR7,VASHON Ranger R7,L1P,L
A1072C,N1654G,CH7B,BELLANCA 7 Citabria,L1P,L
A1082C,N166CB,PA32,PIPER PA-32,L1P,L
A10E2C,N1671B,PTS1,PITTS S-1 Special,L1P,L
A1162C,N1695H,P28A,PIPER PA-28-140/150/160/180,L1P,L
A1172C,N17DN,RV4,VANS RV-4,L1P,L
A1192C,N170,C170,CESSNA 170,L1P,L
A11A2C,N170LE,C170,CESSNA 170,L1P,L
A11B2C,N170WL,P68,PARTENAVIA P-68 Observer,L2P,L
A1222C,N172SA,C172,CESSNA 172 Skyhawk,L1P,L
A1242C,N17288,SACE,ACRO SPORT Super Ace,L1P,L
A1272C,N17330,,,,
A1292C,N174MR,RV7,VANS RV-7,L1P,L
A12B2C,N17453,WACC,WACO C/S,L1P,L
A1362C,N17741,WACC,WACO C/S,L1P,L
A1372C,N178CW,L39,LET L-39 Albatros,L1J,L
A13F2C,N18JS,PA46,PIPER PA-46-310/350,L1P,L
A1412C,N180FC,C180,CESSNA  180 Skywagon,L1P,L
A1422C,N180RJ,C180,CESSNA  180 Skywagon,L1P,L
A1432C,N1801E,BE23,BEECH 23 Sundowner,L1P,L
A1442C,N1808R,BE58,BEECH 58 Baron,L2P,L
A14B2C,N1825L,BE35,BEECH 35 Starfire Bonanza,L1P,L
A14E2C,N1830C,C170,CESSNA 170,L1P,L
A1502C,N184GP,C650,CESSNA 650 Citation,L2J,M
A1532C,N1849S,BE33,BEECH 33 Bonanza,L1P,L
A1542C,N185KM,C185,CESSNA 185 Skywagon,L1P,L
A1562C,N1854J,P28A,PIPER PA-28-140/150/160/180,L1P,L
A1572C,N186CD,SR20,CIRRUS SR-20,L1P,L
A15A2C,N1866M,C680,CESSNA 680 Citation Sovereign,L2J,M
A15D2C,N1871D,BE35,BEECH 35 Starfire Bonanza,L1P,L
A15E2C,N1878Q,C77R,CESSNA 177RG Cardinal RG,L1P,L
A15F2C,N188J,GL5T,BOMBARDIER BD-700 Global 5000/5500,L2J,M
A1622C,N189AS,,,,
A1652C,N1895K,M7,MAULE M-7,L1P,L
A1672C,N19PW,SA30,STOLP Starduster Too,L1P,L
A1682C,N190AA,B752,BOEING 757-200,L2J,M
A16B2C,N19044,C150,CESSNA 150,L1P,L
A16C2C,N191CZ,B190,BEECH 1900,L2T,M
A16D2C,N191PE,PC12,PILATUS PC-12,L1T,L
A16F2C,N19167,C150,CESSNA 150,L1P,L
A1772C,N194BM,AT8T,AIR TRACTOR AT-802,L1T,M
A17A2C,N19455,CMAS,CESSNA C-165 Airmaster,L1P,L
A17C2C,N195QR,NI28,NIEUPORT 28 Replica,L1P,L
A17D2C,N1950X,BE36,BEECH 36 Bonanza,L1P,L
A1812C,N19620,C172,CESSNA 172 Skyhawk,L1P,L
A1822C,N197A,,,,
A1872C,N198PD,B06,BELL 206 JetRanger,H1T,L
A1892C,N19866,C172,CESSNA 172 Skyhawk,L1P,L
A18B2C,N199SB,RV6,VANS RV-6,L1P,L
A18C2C,N1991Y,M20P,MOONEY M-20,L1P,L
A18D2C,N19989,,,,
A18E2C,N2JU,GLST,GLASAIR SH-4 GlaStar,L1P,L
A1912C,N20RL,BE35,BEECH 35 Starfire Bonanza,L1P,L
A1942C,N200YC,C340,CESSNA 340 Super,L2P,L
A1962C,N201EP,M20P,MOONEY M-20,L1P,L
A1972C,N201QV,M20P,MOONEY M-20,L1P,L
A1982C,N20101,J2,PIPER J-2 Cub,L1P,L
A1992C,N2018B,L8,LUSCOMBE 8,L1P,L
A19A2C,N202HM,C500,CESSNA 500 Citation 1,L2J,L
A19C2C,N20224,BE35,BEECH 35 Starfire Bonanza,L1P,L
A1A02C,N20347,C172,CESSNA 172 Skyhawk,L1P,L
A1A42C,N2047,T6,NORTH AMERICAN T-6 Texan,L1P,L
A1A62C,N205SF,P32R,PIPER PA-32R-300/301/301T,L1P,L
A1A72C,N20512,C172,CESSNA 172 Skyhawk,L1P,L
A1A82C,N2059C,AT6T,AIR TRACTOR AT-602,L1T,L
A1AF2C,N20758,CMAS,CESSNA C-165 Airmaster,L1P,L
A1B32C,N2088A,P28A,PIPER PA-28-140/150/160/180,L1P,L
A1B62C,N20923,C182,CESSNA 182 Skylane,L1P,L
A1B72C,N21AC,LJ60,LEARJET 60,L2J,M
A1B82C,N21LJ,E50P,EMBRAER EMB-500 Phenom 100,L2J,L
A1BC2C,N2102M,J3,PIPER J-3 Cub,L1P,L
A1BD2C,N2109Y,C172,CESSNA 172 Skyhawk,L1P,L
A1C02C,N2114Q,C172,CESSNA 172 Skyhawk,L1P,L
A1C12C,N212CK,PA44,PIPER PA-44 Seminole,L2P,L
A1C32C,N212YX,WAIX,SONEX Waiex,L1P,L
A1C42C,N2126T,SS2T,TRUSH Turbo Thrush 500/550,L1T,L
A1C82C,N2138W,C172,CESSNA 172 Skyhawk,L1P,L
A1CB2C,N2143N,C140,CESSNA 140,L1P,L
A1CF2C,N2155R,C182,CESSNA 182 Skylane,L1P,L
A1D02C,N216DW,PARA,,P0-,-
A1DE2C,N2196S,H269,HUGHES Sky Knight,H1P,L
A1DF2C,N22FG,C185,CESSNA 185 Skywagon,L1P,L
A1E02C,N22RN,P28R,PIPER PA-28R-180/200/201,L1P,L
A1E12C,N220BT,,,,
A1E42C,N2206A,P28A,PIPER PA-28-140/150/160/180,L1P,L
A1E92C,N222HP,C82R,CESSNA R182 Skylane RG,L1P,L
A1EA2C,N222TV,DRON,,D0-,-
A1EB2C,N22226,,,,
A1ED2C,N223LM,PC12,PILATUS PC-12,L1T,L
A1EE2C,N223WT,S22T,CIRRUS SR-22T Turbo,L1P,L
A1F02C,N224DD,SR22,CIRRUS SR-22,L1P,L
A1F12C,N224PK,T210,CESSNA T210 Turbo Centurion,L1P,L
A1F32C,N2247B,PA44,PIPER PA-44 Seminole,L2P,L
A1F72C,N2259E,CH7A,BELLANCA 7 Champion,L1P,L
A1FB2C,N227BS,C82T,CESSNA TR182 Turbo Skylane RG,L1P,L
A1FC2C,N227MY,B06,BELL 206 JetRanger,H1T,L
A2012C,N22802,C150,CESSNA 150,L1P,L
A2072C,N23LL,AEST,AEROSTAR 600,L2P,L
A2082C,N23WS,BE20,BEECH 200 Super King Air,L2T,M
A20C2C,N23090,L8,LUSCOMBE 8,L1P,L
A20D2C,N231KV,M20P,MOONEY M-20,L1P,L
A20E2C,N231WA,GYRO,,G0-,-
A2102C,N232CM,PTS2,PITTS S-2 Special,L1P,L
A2112C,N232NT,,,,
A2132C,N2326V,P28A,PIPER PA-28-140/150/160/180,L1P,L
A2162C,N2331M,P28A,PIPER PA-28-140/150/160/180,L1P,L
A2172C,N2338Y,R22,ROBINSON R-22 Mariner,H1P,L
A21E2C,N2355T,BE36,BEECH 36 Bonanza,L1P,L
A2292C,N2384R,P28B,PIPER PA-28-201T/235/236,L1P,L
A22D2C,N2396U,C150,CESSNA 150,L1P,L
A22E2C,N24FJ,F900,DASSAULT Falcon 900,L3J,M
A2332C,N2406C,C180,CESSNA  180 Skywagon,L1P,L
A2372C,N2418F,PARA,,P0-,-
A23A2C,N24228,AR65,AERONCA 65 Super Chief,L1P,L
A23E2C,N2435A,BE35,BEECH 35 Starfire Bonanza,L1P,L
A23F2C,N244DF,P46T,PIPER PA-46-500TP,L1T,L
A2422C,N2447D,C72R,CESSNA 172R Cutlass RG,L1P,L
A2462C,N2459G,PA38,PIPER PA-38 Tomahawk,L1P,L
A24B2C,N247N,PC12,PILATUS PC-12,L1T,L
A24D2C,N2476B,B47G,BELL 47G,H1P,L
A2512C,N2488E,CH7A,BELLANCA 7 Champion,L1P,L
A2542C,N24927,B24,CONSOLIDATED B-24 Liberator,L4P,M
A2552C,N25AG,RV10,VANS RV-10,L1P,L
A2562C,N25LN,BALL,,B0-,-
A2592C,N250TE,BALL,,B0-,-
A25A2C,N2502R,C182,CESSNA 182 Skylane,L1P,L
A25D2C,N251WC,BL8,BELLANCA 8 Decathlon,L1P,L
A25E2C,N2514U,C172,CESSNA 172 Skyhawk,L1P,L
A25F2C,N252CP,T206,CESSNA T206 Turbo Stationair,L1P,L
A2602C,N252NV,A320,AIRBUS A-320,L2J,M
A2612C,N252ZA,M20P,MOONEY M-20,L1P,L
A2622C,N2526X,C206,CESSNA  206 Stationair,L1P,L
A26A2C,N255BB,BE30,BEECH 300 Super King Air,L2T,L
A26B2C,N255MH,DRON,,D0-,-
A26D2C,N2555V,C77R,CESSNA 177RG Cardinal RG,L1P,L
A2702C,N2560M,PA12,PIPER PA-12 Super Cruiser,L1P,L
A2712C,N2567Y,PARA,,P0-,-
A2742C,N2572Q,PARA,,P0-,-
A27C2C,N2596W,M20P,MOONEY M-20,L1P,L
A27E2C,N26RS,P210,CESSNA P210 Centurion,L1P,L
A2802C,N260NC,PA24,PIPER PA-24 Comanche,L1P,L
A2822C,N2606E,CH7A,BELLANCA 7 Champion,L1P,L
A2842C,N261RA,G3,REMOS Mirage,L1P,L
A2852C,N26107,AA5,AMERICAN AA-5 Tiger,L1P,L
A28A2C,N263AK,B739,BOEING 737-900,L2J,M
A28D2C,N2635C,C82R,CESSNA R182 Skylane RG,L1P,L
A28E2C,N264DH,P32R,PIPER PA-32R-300/301/301T,L1P,L
A2912C,N2647F,C182,CESSNA 182 Skylane,L1P,L
A2982C,N2664A,PA18,PIPER PA-18 Super Cub,L1P,L
A29C2C,N2676D,C170,CESSNA 170,L1P,L
A29E2C,N268R,BE36,BEECH 36 Bonanza,L1P,L
A2A72C,N270HA,EN28,ENSTROM F-28,H1P,L
A2A82C,N270TG,UHEL,,H0-,-
A2B12C,N2726Z,GLID,,L0-,-
A2B62C,N274JM,AS29,SCHLEICHER ASG-29,L1P,L
A2B82C,N2743U,C172,CESSNA 172 Skyhawk,L1P,L
A2BC2C,N2755X,C180,CESSNA  180 Skywagon,L1P,L
A2BF2C,N2760P,PA22,PIPER PA-22,L1P,L
A2C62C,N278WD,SR22,CIRRUS SR-22,L1P,L
A2CC2C,N28FN,T28,NORTH AMERICAN T-28,L1P,L
A2CF2C,N280NE,G280,GULFSTREAM G280,L2J,M
A2D12C,N2806G,T6,NORTH AMERICAN T-6 Texan,L1P,L
A2D32C,N281RC,BL17,BELLANCA 17 Viking,L1P,L
A2D62C,N282HV,C560,CESSNA 560 Citation Ultra,L2J,M
A2D82C,N2823B,B47G,BELL 47G,H1P,L
A2DC2C,N2835E,C82R,CESSNA R182 Skylane RG,L1P,L
A2DD2C,N284DK,BALL,,B0-,-
A2E02C,N2847H,GLST,GLASAIR SH-4 GlaStar,L1P,L
A2E32C,N2852,,,,
A2E42C,N2859L,C172,CESSNA 172 Skyhawk,L1P,L
A2E72C,N2864C,C170,CESSNA 170,L1P,L
A2E92C,N287ND,P28R,PIPER PA-28R-180/200/201,L1P,L
A2EB2C,N2876F,C182,CESSNA 182 Skylane,L1P,L
A2ED2C,N288RB,CHR1,ELMWOOD CA-05 Christavia Mk1,L1P,L
A2EE2C,N28808,HUSK,CHRISTEN Husky,L1P,L
A2F52C,N29WY,HUSK,CHRISTEN Husky,L1P,L
A2F82C,N2902V,,,,
A2FA2C,N291LA,P28A,PIPER PA-28-140/150/160/180,L1P,L
A2FC2C,N2914Y,SR22,CIRRUS SR-22,L1P,L
A2FD2C,N292CT,FDCT,FLIGHT DESIGN CT,L1P,L
A3002C,N29261,J3,PIPER J-3 Cub,L1P,L
A3012C,N293FR,,,,
A3022C,N293RX,,,,
A3032C,N2931T,PA44,PIPER PA-44 Seminole,L2P,L
A3082C,N295BF,COUR,HELIO Courier,L1P,L
A30E2C,N2960R,P28B,PIPER PA-28-201T/235/236,L1P,L
A31B2C,N3FQ,,,,
A31C2C,N3RW,C172,CESSNA 172 Skyhawk,L1P,L
A31D2C,N30CA,BE33,BEECH 33 Bonanza,L1P,L
A3202C,N300JT,PA34,PIPER PA-34 Seneca,L2P,L
A3262C,N30153,C177,CESSNA  177 Cardinal,L1P,L
A3292C,N3020V,BALL,,B0-,-
A32B2C,N303HF,H500,HUGHES 500,H1T,L
A32C2C,N303TM,GLID,,L0-,-
A32E2C,N30399,C177,CESSNA  177 Cardinal,L1P,L
A3312C,N30441,C177,CESSNA  177 Cardinal,L1P,L
A3332C,N305PB,GLF4,GULFSTREAM 4,L2J,M
A3372C,N306S,ULAC,,L0-,-
A3382C,N3061W,PA32,PIPER PA-32,L1P,L
A33A2C,N307JS,BE36,BEECH 36 Bonanza,L1P,L
A33C2C,N3073Z,PA22,PIPER PA-22,L1P,L
A3402C,N30852,C177,CESSNA  177 Cardinal,L1P,L
A3432C,N3090U,C172,CESSNA 172 Skyhawk,L1P,L
A3442C,N30975,J4,PIPER J-4 Cub Coupe,L1P,L
A3462C,N31TL,P28R,PIPER PA-28R-180/200/201,L1P,L
A3492C,N3100C,C180,CESSNA  180 Skywagon,L1P,L
A34B2C,N311GP,CAMP,GREGA GN-1 Aircamper,L1P,L
A34C2C,N311SV,RV4,VANS RV-4,L1P,L
A34E2C,N3119S,C182,CESSNA 182 Skylane,L1P,L
A3522C,N313CD,SR22,CIRRUS SR-22,L1P,L
A3552C,N3136M,PA12,PIPER PA-12 Super Cruiser,L1P,L
A3572C,N314RH,B38M,BOEING 737 MAX 8,L2J,M
A3582C,N3141D,C180,CESSNA  180 Skywagon,L1P,L
A35D2C,N316AS,C172,CESSNA 172 Skyhawk,L1P,L
A3602C,N3165K,MITE,MOONEY M-18,L1P,L
A3632C,N3170B,C650,CESSNA 650 Citation,L2J,M
A36B2C,N3194H,ERCO,AIR PRODUCTS F-1 Aircoupe,L1P,L
A3712C,N32032,WACF,WACO F,L1P,L
A3722C,N321BM,C172,CESSNA 172 Skyhawk,L1P,L
A3732C,N321MT,SR22,CIRRUS SR-22,L1P,L
A37B2C,N323TP,RV9,VANS RV-9,L1P,L
A37C2C,N32320,,,,
A37D2C,N324A,PA18,PIPER PA-18 Super Cub,L1P,L
A37F2C,N324WM,PA32,PIPER PA-32,L1P,L
A3802C,N32443,,,,
A3842C,N32566,M7,MAULE M-7,L1P,L
A3852C,N326FW,BE18,BEECH 18 Expetitor,L2P,L
A3862C,N326SB,S22T,CIRRUS SR-22T Turbo,L1P,L
A3872C,N3261Y,LGEZ,RUTAN Long-EZ,L1P,L
A38A2C,N327V,PA23,PIPER PA-23,L2P,L
A38B2C,N32731,P28A,PIPER PA-28-140/150/160/180,L1P,L
A38C2C,N328BL,,,,
A3922C,N3290W,BALL,,B0-,-
A3942C,N33HG,P46T,PIPER PA-46-500TP,L1T,L
A3952C,N33TN,BE33,BEECH 33 Bonanza,L1P,L
A3992C,N3307R,C182,CESSNA 182 Skylane,L1P,L
A39A2C,N331GR,BE30,BEECH 300 Super King Air,L2T,L
A39B2C,N331SX,S92,SIKORSKY S-92 Helibus,H2T,M
A3A12C,N333CF,S22T,CIRRUS SR-22T Turbo,L1P,L
A3A32C,N333YT,C182,CESSNA 182 Skylane,L1P,L
A3A72C,N3341F,C182,CESSNA 182 Skylane,L1P,L
A3A92C,N335JB,PA11,PIPER PA-11 Cub Special,L1P,L
A3AD2C,N336M,BE36,BEECH 36 Bonanza,L1P,L
A3B02C,N337DS,,,,
A3B32C,N3377Q,C421,CESSNA 421 Executive Commuter,L2P,L
A3B72C,N3389T,AC11,NORTH AMERICAN ROCKWELL Commander 112/114,L1P,L
A3BB2C,N34CE,BE9L,BEECH 90 King Air,L2T,L
A3BF2C,N340VC,C340,CESSNA 340 Super,L2P,L
A3C02C,N34034,TAYB,TAYLORCRAFT BC/BF/BL,L1P,L
A3C92C,N343HK,Q9,GENERAL ATOMICS MQ-9 Reaper,L1T,L
A3CC2C,N344AB,DRON,,D0-,-
A3CF2C,N34445,C177,CESSNA  177 Cardinal,L1P,L
A3D02C,N345D,BE36,BEECH 36 Bonanza,L1P,L
A3D12C,N345PF,C56X,CESSNA 560XL Citation XLS,L2J,M
A3D32C,N34568,C177,CESSNA  177 Cardinal,L1P,L
A3D52C,N346SD,RV6,VANS RV-6,L1P,L
A3D62C,N34610,S10,STINSON 10 Voyager,L1P,L
A3DD2C,N348Y,ZZZZ,,-0-,-
A3DE2C,N34856,CUCA,CULVER Cadet,L1P,L
A3E12C,N3490Y,C180,CESSNA  180 Skywagon,L1P,L
A3E22C,N34979,C177,CESSNA  177 Cardinal,L1P,L
A3E92C,N351GT,,,,
A3EB2C,N3512K,J3,PIPER J-3 Cub,L1P,L
A3EF2C,N3524N,M20P,MOONEY M-20,L1P,L
A3F02C,N353CH,GLAS,Glasair,L1P,L
A3F62C,N3541H,M20P,MOONEY M-20,L1P,L
A3F92C,N355UK,DRON,,D0-,-
A3FA2C,N3553L,C150,CESSNA 150,L1P,L
A3FB2C,N356AW,PA18,PIPER PA-18 Super Cub,L1P,L
A3FE2C,N3565P,PA18,PIPER PA-18 Super Cub,L1P,L
A4022C,N3577S,C172,CESSNA 172 Skyhawk,L1P,L
A4052C,N3582J,C150,CESSNA 150,L1P,L
A4092C,N3594M,PA12,PIPER PA-12 Super Cruiser,L1P,L
A40A2C,N36CG,C310,CESSNA 310,L2P,L
A4132C,N36159,TAYB,TAYLORCRAFT BC/BF/BL,L1P,L
A4162C,N36201,P32R,PIPER PA-32R-300/301/301T,L1P,L
A4192C,N363TT,DRON,,D0-,-
A41E2C,N36447,B739,BOEING 737-900,L2J,M
A41F2C,N365DB,LGEZ,RUTAN Long-EZ,L1P,L
A4202C,N365PH,DH8B,DE HAVILLAND DHC-8-200 Dash 8,L2T,M
A4232C,N366G,A139,AGUSTA AW-139,H2T,L
A42B2C,N368MW,S22T,CIRRUS SR-22T Turbo,L1P,L
A4302C,N36900,BE36,BEECH 36 Bonanza,L1P,L
A4312C,N3698A,PA18,PIPER PA-18 Super Cub,L1P,L
A4322C,N37HL,PC12,PILATUS PC-12,L1T,L
A4362C,N3700J,C150,CESSNA 150,L1P,L
A43A2C,N3712M,PA12,PIPER PA-12 Super Cruiser,L1P,L
A43B2C,N3719Y,C210,CESSNA 201 Centurion,L1P,L
A4422C,N3736T,P28R,PIPER PA-28R-180/200/201,L1P,L
A4452C,N3741K,GC1,GLOBE Swift,L1P,L
A4492C,N3753N,DC3,DOUGLAS DC-3 Dakota,L2P,M
A44D2C,N3765R,C172,CESSNA 172 Skyhawk,L1P,L
A44E2C,N377DW,PA23,PIPER PA-23,L2P,L
A4502C,N3770H,M20P,MOONEY M-20,L1P,L
A4532C,N378T,BE35,BEECH 35 Starfire Bonanza,L1P,L
A4542C,N3782L,C172,CESSNA 172 Skyhawk,L1P,L
A4582C,N3794P,PA18,PIPER PA-18 Super Cub,L1P,L
A4592C,N38CJ,C402,CESSNA 402 Businessliner,L2P,L
A45E2C,N38038,D7,FOKKER D-7 Replica,L1P,L
A4622C,N3816A,,,,
A4652C,N38203,P28R,PIPER PA-28R-180/200/201,L1P,L
A4662C,N3828D,C182,CESSNA 182 Skylane,L1P,L
A4692C,N38326,J3,PIPER J-3 Cub,L1P,L
A46D2C,N38449,J3,PIPER J-3 Cub,L1P,L
A4712C,N3857B,BE35,BEECH 35 Starfire Bonanza,L1P,L
A4732C,PR-PMG,A119,AGUSTA AW-119 Koala,H1T,L
A47C2C,N3886,SCTR,FLAGLOR Scooter,L1P,L
A4852C,N3900L,C172,CESSNA 172 Skyhawk,L1P,L
A4892C,N3912P,P210,CESSNA P210 Centurion,L1P,L
A48A2C,N39190,TAYD,TAYLORCRAFT DC/DF/DL,L1P,L
A4912C,N3936V,C150,CESSNA 150,L1P,L
A4942C,N3941M,PA12,PIPER PA-12 Super Cruiser,L1P,L
A4952C,N3948Y,C210,CESSNA 201 Centurion,L1P,L
A4972C,N395UP,B763,BOEING 767-300,L2J,H
A4982C,N3953Q,C185,CESSNA 185 Skywagon,L1P,L
A49A2C,N396MF,BE20,BEECH 200 Super King Air,L2T,M
A49C2C,N3965T,P28R,PIPER PA-28R-180/200/201,L1P,L
A4A62C,N399W,C750,CESSNA 750 Citation 10,L2J,M
A4AA2C,N4YY,T210,CESSNA T210 Turbo Centurion,L1P,L
A4AB2C,N40KC,MU2,MITSUBISHI MU-2 Marquise,L2T,L
A4AE2C,N400RV,BE9L,BEECH 90 King Air,L2T,L
A4AF2C,N4001R,PA32,PIPER PA-32,L1P,L
A4B32C,N4013U,C150,CESSNA 150,L1P,L
A4B42C,N402BD,RV4,VANS RV-4,L1P,L
A4B72C,N4025X,,,,
A4BB2C,N40370,PA23,PIPER PA-23,L2P,L
A4BC2C,N404H,BE18,BEECH 18 Expetitor,L2P,L
A4BE2C,N4042S,BALL,,B0-,-
A4C02C,N405KY,HUSK,CHRISTEN Husky,L1P,L
A4C42C,N406NW,C185,CESSNA 185 Skywagon,L1P,L
A4D52C,N410LT,EPIC,EPIC AIRCRAFT Epic LT,L1T,L
A4D72C,N4105E,AR11,AERONCA 11 Chief,L1P,L
A4D82C,N411DK,C172,CESSNA 172 Skyhawk,L1P,L
A4DB2C,N4117H,DA40,DIAMOND DA-40 Club Star,L1P,L
A4DC2C,N412GH,BE58,BEECH 58 Baron,L2P,L
A4DD2C,N412SP,C172,CESSNA 172 Skyhawk,L1P,L
A4DE2C,N4122,MITE,MOONEY M-18,L1P,L
A4DF2C,N4129L,C172,CESSNA 172 Skyhawk,L1P,L
A4E22C,N4134C,S108,STINSON 108 Voyager,L1P,L
A4E62C,N4146F,C172,CESSNA 172 Skyhawk,L1P,L
A4E82C,N415RB,C25B,CESSNA 525B Citation CJ3,L2J,L
A4E92C,N41508,J3,PIPER J-3 Cub,L1P,L
A4ED2C,N4163A,BE35,BEECH 35 Starfire Bonanza,L1P,L
A4EF2C,N417LS,R22,ROBINSON R-22 Mariner,H1P,L
A4F22C,N418DJ,EXEC,ROTORWAY Exec,H1P,L
A4FF2C,N42084,C180,CESSNA  180 Skywagon,L1P,L
A5002C,N421JP,C421,CESSNA 421 Executive Commuter,L2P,L
A5042C,N422MM,BE36,BEECH 36 Bonanza,L1P,L
A50C2C,N424TH,BU31,BUCKER Bu-131 Jungmann,L1P,L
A5102C,N425WF,C425,CESSNA 425 Corsair,L2T,L
A5152C,N42660,J3,PIPER J-3 Cub,L1P,L
A5172C,N427RW,,,,
A5182C,N4271S,BE36,BEECH 36 Bonanza,L1P,L
A5252C,N430XA,B734,BOEING 737-400,L2J,M
A5272C,N431DM,CJ6,NANCHANG CJ-6,L1P,L
A52A2C,N4317K,NAVI,NORTH AMERICAN Navion,L1P,L
A52D2C,N4322B,,,,
A52E2C,N4329N,C195,CESSNA 195,L1P,L
A52F2C,N433KH,C337,CESSNA 337 Super Skymaster,L2P,L
A5352C,N4346H,M20P,MOONEY M-20,L1P,L
A53C2C,N4363C,CH7A,BELLANCA 7 Champion,L1P,L
A53D2C,N437AN,A21N,AIRBUS A-321neo,L2J,M
A53F2C,N437X,M6,MAULE M-6,L1P,L
A5402C,N4375F,P28A,PIPER PA-28-140/150/160/180,L1P,L
A5412C,N438DL,EVOT,LANCAIR Evolution Turbine,L1T,L
A5442C,N4387J,P28A,PIPER PA-28-140/150/160/180,L1P,L
A5472C,N4392A,PA18,PIPER PA-18 Super Cub,L1P,L
A5482C,N4399M,PA12,PIPER PA-12 Super Cruiser,L1P,L
A5492C,N44KG,M7,MAULE M-7,L1P,L
A54B2C,N440FT,P28A,PIPER PA-28-140/150/160/180,L1P,L
A54D2C,N4401V,C170,CESSNA 170,L1P,L
A54E2C,N44086,TAYB,TAYLORCRAFT BC/BF/BL,L1P,L
A5522C,N442BH,R44,ROBINSON R-44 Raven,H1P,L
A55A2C,N444HD,C421,CESSNA 421 Executive Commuter,L2P,L
A55B2C,N444TK,M20P,MOONEY M-20,L1P,L
A55D2C,N44497,P28A,PIPER PA-28-140/150/160/180,L1P,L
A55E2C,N445LB,BALL,,B0-,-
A55F2C,N445WH,,,,
A5602C,N4454Z,PA18,PIPER PA-18 Super Cub,L1P,L
A5622C,N446P,BE36,BEECH 36 Bonanza,L1P,L
A5672C,N4471U,C150,CESSNA 150,L1P,L
A56B2C,N4483X,P28A,PIPER PA-28-140/150/160/180,L1P,L
A5702C,N45EE,BE58,BEECH 58 Baron,L2P,L
A5722C,N450AR,GLF4,GULFSTREAM 4,L2J,M
A5742C,N450XC,ULAC,,L0-,-
A5782C,N4510A,PA22,PIPER PA-22,L1P,L
A57A2C,N452GM,PC12,PILATUS PC-12,L1T,L
A5882C,N4558N,ST75,STEARMAN Kaydet,L1P,L
A5892C,N456HY,HUSK,CHRISTEN Husky,L1P,L
A58B2C,N4563E,CH7A,BELLANCA 7 Champion,L1P,L
A5922C,N4580,L8,LUSCOMBE 8,L1P,L
A5942C,N459GL,DRON,,D0-,-
A5962C,N4592C,C170,CESSNA 170,L1P,L
A5982C,N46KJ,PA46,PIPER PA-46-310/350,L1P,L
A59B2C,N460SA,R44,ROBINSON R-44 Raven,H1P,L
A59C2C,N4601X,C150,CESSNA 150,L1P,L
A5A02C,N46130,C172,CESSNA 172 Skyhawk,L1P,L
A5A72C,N4630V,MOR2,MORRISEY Nifty,L1P,L
A5AA2C,N464TM,SREY,PROGRESSIVE AERODYNE SeaRey,A1P,L
A5AB2C,N4642Y,PA25,PIPER PA-25 Pawnee,L1P,L
A5AC2C,N46499,FA24,FAIRCHILD F-24 Argus,L1P,L
A5AF2C,N46541,C152,CESSNA 152,L1P,L
A5BA2C,N4683Z,PA22,PIPER PA-22,L1P,L
A5BB2C,N469BJ,PA32,PIPER PA-32,L1P,L
A5BF2C,N47EG,F900,DASSAULT Falcon 900,L3J,M
A5C42C,N4705L,P28A,PIPER PA-28-140/150/160/180,L1P,L
A5C92C,N472GP,ULAC,,L0-,-
A5CB2C,N4722F,T206,CESSNA T206 Turbo Stationair,L1P,L
A5CC2C,N4729S,PA32,PIPER PA-32,L1P,L
A5CD2C,N473KM,,,,
A5CF2C,N4734J,BE23,BEECH 23 Sundowner,L1P,L
A5D02C,N474CD,SR22,CIRRUS SR-22,L1P,L
A5D42C,N475FB,,,,
A5D62C,N4751D,C182,CESSNA 182 Skylane,L1P,L
A5DA2C,N4763G,C414,CESSNA 414 Chancellor,L2P,L
A5DB2C,N477AS,B739,BOEING 737-900,L2J,M
A5DE2C,N4775K,P210,CESSNA P210 Centurion,L1P,L
A5E92C,N480FX,EN48,ENSTROM TH-28,H1T,L
A5EA2C,N480SC,C82R,CESSNA R182 Skylane RG,L1P,L
A5EC2C,N4809,C180,CESSNA  180 Skywagon,L1P,L
A5F92C,N484TP,BE40,BEECH 400 Beechjet,L2J,M
A5FB2C,N485A,P28A,PIPER PA-28-140/150/160/180,L1P,L
A5FC2C,N485LF,EC45,AIRBUS HELICOPTERS EC-145,H2T,L
A60D2C,N48954,AR6T,AERONCA 65 Tandem,L1P,L
A6102C,N490AV,B412,BELL 412,H2T,L
A61A2C,N4922H,C82R,CESSNA R182 Skylane RG,L1P,L
A61C2C,N493KP,BE33,BEECH 33 Bonanza,L1P,L
A61E2C,N4934L,P28A,PIPER PA-28-140/150/160/180,L1P,L
A6252C,N4951F,T206,CESSNA T206 Turbo Stationair,L1P,L
A6262C,N4958S,TAYB,TAYLORCRAFT BC/BF/BL,L1P,L
A6272C,N496JB,AT6T,AIR TRACTOR AT-602,L1T,L
A62B2C,N497M,MITE,MOONEY M-18,L1P,L
A62E2C,N498DS,PA38,PIPER PA-38 Tomahawk,L1P,L
A6352C,N4999T,C185,CESSNA 185 Skywagon,L1P,L
A6392C,N50SE,P28A,PIPER PA-28-140/150/160/180,L1P,L
A63A2C,N500CK,GA5C,GULFSTREAM G500,L2J,M
A63B2C,N500NR,B06,BELL 206 JetRanger,H1T,L
A63D2C,N5006T,BALL,,B0-,-
A63F2C,N501RP,G150,GULFSTREAM G150,L2J,M
A6422C,N502JF,AT5T,AIR TRACTOR AT-504,L1T,L
A6442C,N5023N,TAIL,WITTMAN Tailwind,L1P,L
A6462C,N503MD,C206,CESSNA  206 Stationair,L1P,L
A64C2C,N5047U,CH7A,BELLANCA 7 Champion,L1P,L
A64E2C,N505T,M10,MOONEY M-10 Cadet,L1P,L
A6512C,N506KS,LJ45,LEARJET 45,L2J,M
A6572C,N5076S,C310,CESSNA 310,L2P,L
A6592C,N508RN,PRM1,RAYTHEON 390 Premier 1,L2J,L
A65A2C,N5081J,PARA,,P0-,-
A65B2C,N5088V,L13,CONVAIR L-13 Centaur,L1P,L
A65C2C,N509JE,C208,CESSNA 208 Caravan,L1T,L
A6642C,N51026,RV3,VANS RV-3,L1P,L
A6672C,N511WT,E50P,EMBRAER EMB-500 Phenom 100,L2J,L
A6682C,N51149,COY2,RANS Coyote 2,L1P,L
A6692C,N512DD,,,,
A66A2C,N512PK,,,,
A66B2C,N512ZR,SPHA,AMERICAN AUTOGYRO Spinus,G1P,L
A66C2C,N5127B,AT5T,AIR TRACTOR AT-504,L1T,L
A66F2C,N51314,C150,CESSNA 150,L1P,L
A6702C,N5139E,C172,CESSNA 172 Skyhawk,L1P,L
A6712C,N514K,BE35,BEECH 35 Starfire Bonanza,L1P,L
A67A2C,N51602,M5,MAULE M-5,L1P,L
A67F2C,N518AE,CRJ7,BOMBARDIER Regional Jet CRJ-700,L2J,M
A6832C,N519DC,PTS1,PITTS S-1 Special,L1P,L
A6842C,N519PJ,RV10,VANS RV-10,L1P,L
A6872C,N52GA,H25B,HAWKER BEECHCRAFT Hawker 750/850,L2J,M
A6892C,N520CM,GLF4,GULFSTREAM 4,L2J,M
A68B2C,N520YZ,SR20,CIRRUS SR-20,L1P,L
A68F2C,N5211M,C172,CESSNA 172 Skyhawk,L1P,L
A6902C,N5218Y,C82T,CESSNA TR182 Turbo Skylane RG,L1P,L
A6912C,N522JH,C175,CESSNA 175 Skylark,L1P,L
A6932C,N5223Q,C150,CESSNA 150,L1P,L
A6942C,N523B,BE58,BEECH 58 Baron,L2P,L
A69C2C,N525GW,C525,CESSNA 525 CitationJet,L2J,L
A69D2C,N525TB,,,,
A69E2C,N5252N,C182,CESSNA 182 Skylane,L1P,L
A6A12C,N526W,RV6,VANS RV-6,L1P,L
A6A22C,N5264R,C82S,CESSNA T182 Turbo Skylane,L1P,L
A6A32C,N527CL,,,,
A6A92C,N5281L,P28A,PIPER PA-28-140/150/160/180,L1P,L
A6AA2C,N5288X,H500,HUGHES 500,H1T,L
A6AD2C,N5293P,T206,CESSNA T206 Turbo Stationair,L1P,L
A6B22C,N530TX,E530,CESSNA E530 Scorpion,L2J,M
A6B52C,N531LP,,,,
A6BB2C,N5327D,C180,CESSNA  180 Skywagon,L1P,L
A6BF2C,N5339G,P46T,PIPER PA-46-500TP,L1T,L
A6C42C,N535N,,,,
A6CC2C,N537TW,P06T,TECNAM P-2006T,L2P,L
A6CD2C,N53727,FA62,FAIRCHILD M-26 Cornell,L1P,L
A6D52C,N5397C,C140,CESSNA 140,L1P,L
A6D62C,N54GC,C172,CESSNA 172 Skyhawk,L1P,L
A6D72C,N54SJ,SR20,CIRRUS SR-20,L1P,L
A6D82C,N540CP,T206,CESSNA T206 Turbo Stationair,L1P,L
A6DA2C,N540ZA,EDGT,ZIVKO Edge 540T,L1P,L
A6DF2C,N54180,C172,CESSNA 172 Skyhawk,L1P,L
A6E62C,N5435V,S76,SIKORSKY S-76 Spirit,H2T,L
A6EA2C,N5447Y,PA23,PIPER PA-23,L2P,L
A6ED2C,N5452Q,C150,CESSNA 150,L1P,L
A6F12C,N5464T,C172,CESSNA 172 Skyhawk,L1P,L
A6F32C,N547NU,DRON,,D0-,-
A6F42C,N547Z,,,,
A6F52C,N5476W,P28A,PIPER PA-28-140/150/160/180,L1P,L
A6F82C,N5481N,C82R,CESSNA R182 Skylane RG,L1P,L
A6F92C,N5488Z,PA22,PIPER PA-22,L1P,L
A6FC2C,N5493R,C72R,CESSNA 172R Cutlass RG,L1P,L
A6FD2C,N55BA,H25B,HAWKER BEECHCRAFT Hawker 750/850,L2J,M
A6FE2C,N55MG,BE9L,BEECH 90 King Air,L2T,L
A6FF2C,N55XN,XNOS,SONEX Xenos,L1P,L
A7002C,N550HT,C550,CESSNA 550 Citation S2,L2J,L
A7042C,N551LR,P51,NORTH AMERICAN P-51 Mustang,L1P,L
A7062C,N5515C,C303,CESSNA T303 Crusader,L2P,L
A70A2C,N5527F,P28A,PIPER PA-28-140/150/160/180,L1P,L
A70C2C,N553SM,CH65,ZENAIR CH-650 Zodiac,L1P,L
A70F2C,N554KD,PA31,PIPER PA-31-300/310/325/350/425,L2P,L
A7122C,N555BW,AEST,AEROSTAR 600,L2P,L
A7132C,N555NB,B06,BELL 206 JetRanger,H1T,L
A7152C,N5556D,BE35,BEECH 35 Starfire Bonanza,L1P,L
A7172C,N556R,B06,BELL 206 JetRanger,H1T,L
A7182C,N55606,P28A,PIPER PA-28-140/150/160/180,L1P,L
A7192C,N5568G,C150,CESSNA 150,L1P,L
A71C2C,N55729,T6,NORTH AMERICAN T-6 Texan,L1P,L
A71F2C,N558WW,C560,CESSNA 560 Citation Ultra,L2J,M
A7242C,N5597E,C172,CESSNA 172 Skyhawk,L1P,L
A7262C,N56SL,UHEL,,H0-,-
A72C2C,N561RV,A139,AGUSTA AW-139,H2T,L
A72D2C,N5611R,C172,CESSNA 172 Skyhawk,L1P,L
A72E2C,N56182,P28A,PIPER PA-28-140/150/160/180,L1P,L
A7312C,N5623U,P28A,PIPER PA-28-140/150/160/180,L1P,L
A7402C,N5664V,P28A,PIPER PA-28-140/150/160/180,L1P,L
A7422C,N567NW,,,,
A7472C,N5681Q,M20P,MOONEY M-20,L1P,L
A74C2C,N57BC,PTS2,PITTS S-2 Special,L1P,L
A74D2C,N57MJ,C182,CESSNA 182 Skylane,L1P,L
A7502C,N570UA,C150,CESSNA 150,L1P,L
A75D2C,N5739L,,,,
A7622C,N575ND,C172,CESSNA 172 Skyhawk,L1P,L
A7642C,N5756F,P28A,PIPER PA-28-140/150/160/180,L1P,L
A7682C,N5768J,T210,CESSNA T210 Turbo Centurion,L1P,L
A76A2C,N577U,BE95,BEECH 95 Travel Air,L2P,L
A76B2C,N5773A,C172,CESSNA 172 Skyhawk,L1P,L
A76E2C,N578WY,AC50,NORTH AMERICAN ROCKWELL Commander 500,L2P,L
A7742C,N58GG,F2TH,DASSAULT Falcon 2000,L2J,M
A77C2C,N5811T,C185,CESSNA 185 Skywagon,L1P,L
A7802C,N5823W,P28A,PIPER PA-28-140/150/160/180,L1P,L
A7842C,N5835Z,PA22,PIPER PA-22,L1P,L
A7962C,N5881S,BE35,BEECH 35 Starfire Bonanza,L1P,L
A79B2C,N59BE,BE35,BEECH 35 Starfire Bonanza,L1P,L
A79C2C,N59ML,ULAC,,L0-,-
A7AB2C,N5932B,C182,CESSNA 182 Skylane,L1P,L
A7B02C,N595C,BE95,BEECH 95 Travel Air,L2P,L
A7BB2C,N598AN,DRON,,D0-,-
A7BD2C,N598X,RV8,VANS RV-8,L1P,L
A7BF2C,N599DL,RV6,VANS RV-6,L1P,L
A7C42C,N6SQ,C310,CESSNA 310,L2P,L
A7C62C,N60PA,GLF5,GULFSTREAM 5,L2J,M
A7CC2C,N601NK,A320,AIRBUS A-320,L2J,M
A7CF2C,N602FB,A119,AGUSTA AW-119 Koala,H1T,L
A7D02C,N602RH,AT6T,AIR TRACTOR AT-602,L1T,L
A7D22C,N6028Q,M20P,MOONEY M-20,L1P,L
A7D32C,N603J,JAB4,JABIRU J200-450,L1P,L
A7D52C,N6033G,AC11,NORTH AMERICAN ROCKWELL Commander 112/114,L1P,L
A7DC2C,N6050B,C162,CESSNA 162 Skycatcher,L1P,L
A7EB2C,N6091C,CH7A,BELLANCA 7 Champion,L1P,L
A7EC2C,N6098P,BALL,,B0-,-
A7F22C,N61078,C150,CESSNA 150,L1P,L
A7F52C,N61120,C150,CESSNA 150,L1P,L
A7F62C,N612A,,,,
A7F82C,N612WM,CRER,RANS Courier,L1P,L
A7F92C,N61243,C150,CESSNA 150,L1P,L
A7FD2C,N61366,AT5T,AIR TRACTOR AT-504,L1T,L
A8002C,N6141Y,ULAC,,L0-,-
A8042C,N61531,C172,CESSNA 172 Skyhawk,L1P,L
A80F2C,N6182Z,C82S,CESSNA T182 Turbo Skylane,L1P,L
A8102C,N619,B06,BELL 206 JetRanger,H1T,L
A8132C,N61942,C172,CESSNA 172 Skyhawk,L1P,L
A8142C,N62CX,ZZZZ,,-0-,-
A8152C,N62PC,P337,CESSNA P337 Skymaster,L2P,L
A81A2C,N621CF,SR22,CIRRUS SR-22,L1P,L
A81B2C,N621NM,BE58,BEECH 58 Baron,L2P,L
A81D2C,N6216P,PA24,PIPER PA-24 Comanche,L1P,L
A8212C,N6228S,C150,CESSNA 150,L1P,L
A8222C,N623JB,A320,AIRBUS A-320,L2J,M
A8262C,N624M,C182,CESSNA 182 Skylane,L1P,L
A8292C,N625DS,DA40,DIAMOND DA-40 Club Star,L1P,L
A82E2C,N626SW,B733,BOEING 737-300,L2J,M
A82F2C,N6262G,C150,CESSNA 150,L1P,L
A8302C,N6269T,C82R,CESSNA R182 Skylane RG,L1P,L
A8382C,N629FC,PA32,PIPER PA-32,L1P,L
A83A2C,N6291E,C82R,CESSNA R182 Skylane RG,L1P,L
A83C2C,N63JA,C172,CESSNA 172 Skyhawk,L1P,L
A83E2C,N630EM,DRON,,D0-,-
A8442C,N63122,C150,CESSNA 150,L1P,L
A8492C,N633D,PA31,PIPER PA-31-300/310/325/350/425,L2P,L
A84C2C,N63368,C180,CESSNA  180 Skywagon,L1P,L
A8532C,N63533,C150,CESSNA 150,L1P,L
A8592C,N637QS,C68A,CESSNA 680 Citation Latitude,L2J,M
A85A2C,N6370Y,PA23,PIPER PA-23,L2P,L
A85B2C,N63779,BALL,,B0-,-
A8662C,N640KR,RV7,VANS RV-7,L1P,L
A8682C,N6404N,ULAC,,L0-,-
A8702C,N6428U,M20P,MOONEY M-20,L1P,L
A87E2C,N6462J,P28A,PIPER PA-28-140/150/160/180,L1P,L
A87F2C,N6469V,COUR,HELIO Courier,L1P,L
A8862C,N6486Q,M20P,MOONEY M-20,L1P,L
A8872C,N649FE,MD11,MCDONNELL-DOUGLAS MD-11,L3J,H
A88F2C,N65001,C172,CESSNA 172 Skyhawk,L1P,L
A8902C,N6508B,COL3,CESSNA 350 Corvalis,L1P,L
A8922C,N651TT,ULAC,,L0-,-
A8932C,N65124,ST75,STEARMAN Kaydet,L1P,L
A89D2C,N654SF,,,,
A8A62C,N65658,C172,CESSNA 172 Skyhawk,L1P,L
A8AA2C,N6578A,PA23,PIPER PA-23,L2P,L
A8B22C,N66DA,,,,
A8BB2C,N6616T,C150,CESSNA 150,L1P,L
A8BF2C,N6628W,P28A,PIPER PA-28-140/150/160/180,L1P,L
A8C22C,N6633N,,,,
A8C92C,N6650H,BT36,BEECH B36TC Bonanza,L1P,L
A8CA2C,N6657U,M20P,MOONEY M-20,L1P,L
A8CE2C,N6669X,B58T,BEECH 58TC Baron,L2P,L
A8D52C,N6686S,BE95,BEECH 95 Travel Air,L2P,L
A8D62C,N669FG,C172,CESSNA 172 Skyhawk,L1P,L
A8D92C,N6698V,BL17,BELLANCA 17 Viking,L1P,L
A8DA2C,N67JE,GLF4,GULFSTREAM 4,L2J,M
A8DC2C,N670ER,C172,CESSNA 172 Skyhawk,L1P,L
A8DE2C,N67003,T6,NORTH AMERICAN T-6 Texan,L1P,L
A8DF2C,N6708D,B752,BOEING 757-200,L2J,M
A8E62C,N67249,BE33,BEECH 33 Bonanza,L1P,L
A8ED2C,N67414,BE36,BEECH 36 Bonanza,L1P,L
A8F12C,N67537,C152,CESSNA 152,L1P,L
A8FC2C,N67825,C152,CESSNA 152,L1P,L
A8FD2C,N679AE,E145,EMBRAER ERJ-145,L2J,M
A9022C,N68PJ,BD4,BEDE BD-4,L1P,L
A9052C,N680WA,G280,GULFSTREAM G280,L2J,M
A90A2C,N6816V,M20P,MOONEY M-20,L1P,L
A9112C,N6833Q,BE35,BEECH 35 Starfire Bonanza,L1P,L
A9122C,N684B,BE35,BEECH 35 Starfire Bonanza,L1P,L
A91A2C,N686GW,DRON,,D0-,-
A91C2C,N6862N,M20P,MOONEY M-20,L1P,L
A91D2C,N6869Z,C421,CESSNA 421 Executive Commuter,L2P,L
A91F2C,N687W,PA46,PIPER PA-46-310/350,L1P,L
A9242C,N6886U,M20P,MOONEY M-20,L1P,L
A92E2C,N6908F,C150,CESSNA 150,L1P,L
A9302C,N691TX,SVNH,AEROTEC Savannah,L1P,L
A9312C,N69128,RELI,STINSON Reliant,L1P,L
A93C2C,N69416,RELI,STINSON Reliant,L1P,L
A93D2C,N6949G,C150,CESSNA 150,L1P,L
A9402C,N69539,BALL,,B0-,-
A9422C,N696N,,,,
A9472C,N69704,C310,CESSNA 310,L2P,L
A9522C,N7ZS,EC30,AIRBUS HELICOPTERS EC-130,H1T,L
A9562C,N700SP,TBM7,SOCATA TBM-700A/B/C,L1T,L
A9592C,N701KF,FOX,KITFOX,L1P,L
A95A2C,N701VM,DRON,,D0-,-
A95B2C,N7014C,BE33,BEECH 33 Bonanza,L1P,L
A9602C,N703EW,EAGX,EAGLE AIRCRAFT Eagle X-TS,L1P,L
A9612C,N703RB,SF50,CIRRUS SF-50 Vision,L1J,L
A9632C,N7038J,,,,
A9652C,N704U,BALL,,B0-,-
A9662C,N7043A,,,,
A96E2C,N7067G,C172,CESSNA 172 Skyhawk,L1P,L
A9702C,N707SN,SF50,CIRRUS SF-50 Vision,L1J,L
A9712C,N70719,EN28,ENSTROM F-28,H1P,L
A9722C,N7079K,H500,HUGHES 500,H1T,L
A9772C,N709NC,BE9L,BEECH 90 King Air,L2T,L
A97B2C,N71RA,LJ35,LEARJET 35,L2J,M
A97F2C,N7105Z,,,,
A9802C,N711ED,RV9,VANS RV-9,L1P,L
A9822C,N7110R,P28A,PIPER PA-28-140/150/160/180,L1P,L
A9832C,N71172,L8,LUSCOMBE 8,L1P,L
A9872C,N71295,L8,LUSCOMBE 8,L1P,L
A98A2C,N7134X,TAIL,WITTMAN Tailwind,L1P,L
A98B2C,N714CS,DRON,,D0-,-
A98C2C,N714NY,C150,CESSNA 150,L1P,L
A98E2C,N71460,,,,
A9902C,N715RW,ASTO,TECNAM Astore,L1P,L
A9912C,N7151S,C182,CESSNA 182 Skylane,L1P,L
A9922C,N71583,C182,CESSNA 182 Skylane,L1P,L
A9952C,N7163V,M20P,MOONEY M-20,L1P,L
A9972C,N717ML,J3,PIPER J-3 Cub,L1P,L
A9A12C,N71994,T206,CESSNA T206 Turbo Stationair,L1P,L
A9A52C,N720SR,B06,BELL 206 JetRanger,H1T,L
A9A62C,N7202B,BE35,BEECH 35 Starfire Bonanza,L1P,L
A9A82C,N721KH,BE36,BEECH 36 Bonanza,L1P,L
A9AB2C,N722C,S22T,CIRRUS SR-22T Turbo,L1P,L
A9B22C,N7238L,BE76,BEECH 76 Duchess,L2P,L
A9B52C,N7243C,BE33,BEECH 33 Bonanza,L1P,L
A9B62C,N725AN,B77W,BOEING 777-300ER,L2J,H
A9B82C,N725X,C140,CESSNA 140,L1P,L
A9B92C,N7255F,P28A,PIPER PA-28-140/150/160/180,L1P,L
A9BB2C,N726PS,CRUZ,CSA PS-28 Cruiser,L1P,L
A9BD2C,N7267J,P28A,PIPER PA-28-140/150/160/180,L1P,L
A9BE2C,N727GJ,,,,
A9C02C,N7272A,C172,CESSNA 172 Skyhawk,L1P,L
A9C22C,N728KG,C172,CESSNA 172 Skyhawk,L1P,L
A9C82C,N7296G,C172,CESSNA 172 Skyhawk,L1P,L
A9CA2C,N73RC,AS20,SCHLEICHER ASW-20,L1P,L
A9D12C,N7310T,C172,CESSNA 172 Skyhawk,L1P,L
A9D22C,N73174,C172,CESSNA 172 Skyhawk,L1P,L
A9D32C,N732HD,T210,CESSNA T210 Turbo Centurion,L1P,L
A9D52C,N7322W,P28A,PIPER PA-28-140/150/160/180,L1P,L
A9D72C,N733LB,RV7,VANS RV-7,L1P,L
A9D82C,N733WH,C172,CESSNA 172 Skyhawk,L1P,L
A9DD2C,N73462,C172,CESSNA 172 Skyhawk,L1P,L
A9E02C,N7351U,C207,CESSNA 207 Turbo Stationair,L1P,L
A9E12C,N73585,C172,CESSNA 172 Skyhawk,L1P,L
A9E22C,N736JQ,C172,CESSNA 172 Skyhawk,L1P,L
A9E92C,N738EE,C82R,CESSNA R182 Skylane RG,L1P,L
A9ED2C,N739HC,C172,CESSNA 172 Skyhawk,L1P,L
A9F52C,N7402D,PA22,PIPER PA-22,L1P,L
AA012C,N7438N,C182,CESSNA 182 Skylane,L1P,L
AA0C2C,N7467L,PA18,PIPER PA-18 Super Cub,L1P,L
AA0E2C,N747SS,,,,
AA102C,N7479P,PA24,PIPER PA-24 Comanche,L1P,L
AA142C,N749CA,C421,CESSNA 421 Executive Commuter,L2P,L
AA182C,N75EZ,VEZE,RUTAN VariEze,L1P,L
AA192C,N75RE,PA32,PIPER PA-32,L1P,L
AA1A2C,N750BK,CH75,ZENAIR CH-750 Cruzer,L1P,L
AA1B2C,N750MR,CH75,ZENAIR CH-750 Cruzer,L1P,L
AA202C,N7510V,,,,
AA242C,N7522Y,BALL,,B0-,-
AA252C,N75299,P32R,PIPER PA-32R-300/301/301T,L1P,L
AA2C2C,N75464,PARA,,P0-,-
AA302C,N75587,C172,CESSNA 172 Skyhawk,L1P,L
AA312C,N756JS,C182,CESSNA 182 Skylane,L1P,L
AA362C,N757XW,C152,CESSNA 152,L1P,L
AA372C,N75752,PARA,,P0-,-
AA382C,N758EG,C172,CESSNA 172 Skyhawk,L1P,L
AA392C,N758QN,C172,CESSNA 172 Skyhawk,L1P,L
AA3C2C,N759HE,C182,CESSNA 182 Skylane,L1P,L
AA402C,N76LC,C172,CESSNA 172 Skyhawk,L1P,L
AA442C,N7602F,CH7A,BELLANCA 7 Champion,L1P,L
AA452C,N7609S,C182,CESSNA 182 Skylane,L1P,L
AA472C,N761VT,T210,CESSNA T210 Turbo Centurion,L1P,L
AA482C,N7614J,P28R,PIPER PA-28R-180/200/201,L1P,L
AA4D2C,N763FB,DRON,,D0-,-
AA502C,N7638Q,C310,CESSNA 310,L2P,L
AA512C,N764J,JAB4,JABIRU J200-450,L1P,L
AA532C,N7643G,C172,CESSNA 172 Skyhawk,L1P,L
AA572C,N7655K,PA20,PIPER PA-20 Pacer,L1P,L
AA592C,N766PW,GLID,,L0-,-
AA5A2C,N7660B,DRON,,D0-,-
AA5F2C,N7679R,BE23,BEECH 23 Sundowner,L1P,L
AA622C,N7684H,PA12,PIPER PA-12 Super Cruiser,L1P,L
AA662C,N7696L,PA18,PIPER PA-18 Super Cub,L1P,L
AA672C,N77FA,C310,CESSNA 310,L2P,L
AA682C,N77RG,C310,CESSNA 310,L2P,L
AA6C2C,N77055,T6,NORTH AMERICAN T-6 Texan,L1P,L
AA6F2C,N7710X,C172,CESSNA 172 Skyhawk,L1P,L
AA732C,N77220,C120,CESSNA 120,L1P,L
AA792C,N774PD,C177,CESSNA  177 Cardinal,L1P,L
AA7B2C,N77466,C120,CESSNA 120,L1P,L
AA7F2C,N77589,J3,PIPER J-3 Cub,L1P,L
AA812C,N776V,FLE7,FLEET 7,L1P,L
AA842C,N777MS,CL30,BOMBARDIER BD-100 Challenger 300,L2J,M
AA852C,N777XY,F900,DASSAULT Falcon 900,L3J,M
AA8A2C,N77877,SR22,CIRRUS SR-22,L1P,L
AA8E2C,N78,BE30,BEECH 300 Super King Air,L2T,L
AA8F2C,N78LE,RV6,VANS RV-6,L1P,L
AA942C,N7809U,C172,CESSNA 172 Skyhawk,L1P,L
AA992C,N782NM,DRON,,D0-,-
AA9C2C,N783FD,B752,BOEING 757-200,L2J,M
AA9E2C,N7831F,C150,CESSNA 150,L1P,L
AAA02C,N784JB,A320,AIRBUS A-320,L2J,M
AAAC2C,N787SW,CH7A,BELLANCA 7 Champion,L1P,L
AAB22C,N789CE,C172,CESSNA 172 Skyhawk,L1P,L
AAB62C,N79FC,R22,ROBINSON R-22 Mariner,H1P,L
AAB72C,N79RJ,C310,CESSNA 310,L2P,L
AABA2C,N790YA,P28A,PIPER PA-28-140/150/160/180,L1P,L
AABB2C,N79057,C172,CESSNA 172 Skyhawk,L1P,L
AABE2C,N7910Z,C150,CESSNA 150,L1P,L
AAC22C,N79222,C172,CESSNA 172 Skyhawk,L1P,L
AAC82C,N794PF,C25A,CESSNA 525A Citation CJ2,L2J,L
AACA2C,N79468,C172,CESSNA 172 Skyhawk,L1P,L
AAD72C,N798QS,CL35,BOMBARDIER BD-100 Challenger 350,L2J,M
AAD82C,N7980Y,PA30,PIPER PA-30 Twin Comanche,L2P,L
AAD92C,N79879,C172,CESSNA 172 Skyhawk,L1P,L
AADC2C,N79921,C172,CESSNA 172 Skyhawk,L1P,L
AADD2C,N8AA,C185,CESSNA 185 Skywagon,L1P,L
AADE2C,N8LG,LNC2,LANCAIR 200-320,L1P,L
AADF2C,N8WN,ALIG,ARION LS-1 Lightning,L1P,L
AAE02C,N80GT,AEST,AEROSTAR 600,L2P,L
AAE22C,N800DD,M20P,MOONEY M-20,L1P,L
AAE32C,N800PK,BE20,BEECH 200 Super King Air,L2T,M
AAE52C,N8007B,P32R,PIPER PA-32R-300/301/301T,L1P,L
AAE82C,N80114,,,,
AAF32C,N80402,G2T1,GREAT LAKES 2T-1,L1P,L
AAF42C,N8048C,P28A,PIPER PA-28-140/150/160/180,L1P,L
AAF72C,N80525,C172,CESSNA 172 Skyhawk,L1P,L
AAF82C,N806AE,E135,EMBRAER ERJ-135,L2J,M
AAFB2C,N80648,C172,CESSNA 172 Skyhawk,L1P,L
AAFC2C,N807DC,GLEX,BOMBARDIER BD-700 Global 6000/6500,L2J,M
AAFD2C,N807PJ,M20P,MOONEY M-20,L1P,L
AAFF2C,N8077A,C170,CESSNA 170,L1P,L
AB012C,N808SG,RV10,VANS RV-10,L1P,L
AB0A2C,N810JH,JS32,BRITISH AEROSPACE Jetstream Super 31,L2T,M
AB0D2C,N811B,L8,LUSCOMBE 8,L1P,L
AB102C,N8115T,C175,CESSNA 175 Skylark,L1P,L
AB132C,N8120K,G164,GRUMMAN G-164 Ag-Cat,L1P,L
AB172C,N8132N,BE33,BEECH 33 Bonanza,L1P,L
AB1D2C,N815NS,LNP4,LANCAIR PropJet 4,L1T,L
AB222C,N8161L,C172,CESSNA 172 Skyhawk,L1P,L
AB262C,N8173P,PA32,PIPER PA-32,L1P,L
AB282C,N818ME,GLF4,GULFSTREAM 4,L2J,M
AB2A2C,N8185S,C150,CESSNA 150,L1P,L
AB2B2C,N819DX,B752,BOEING 757-200,L2J,M
AB2F2C,N82GV,RV8,VANS RV-8,L1P,L
AB302C,N82TA,C402,CESSNA 402 Businessliner,L2P,L
AB322C,N820PM,EC20,AIRBUS HELICOPTERS EC-120,H1T,L
AB362C,N821SK,CRJ9,BOMBARDIER Regional Jet CRJ-900,L2J,M
AB372C,N82116,PA18,PIPER PA-18 Super Cub,L1P,L
AB382C,N8219G,C77R,CESSNA 177RG Cardinal RG,L1P,L
AB392C,N822KB,RV12,VANS RV-12,L1P,L
AB3B2C,N82239,PA32,PIPER PA-32,L1P,L
AB3D2C,N823N,,,,
AB402C,N824ES,C25A,CESSNA 525A Citation CJ2,L2J,L
AB472C,N826AG,C510,CESSNA 510 Citation Mustang,L2J,L
AB502C,N828SJ,S22T,CIRRUS SR-22T Turbo,L1P,L
AB522C,N8289F,C150,CESSNA 150,L1P,L
AB532C,N829KA,PA46,PIPER PA-46-310/350,L1P,L
AB552C,N82938,CH7A,BELLANCA 7 Champion,L1P,L
AB562C,N83BT,C208,CESSNA 208 Caravan,L1T,L
AB572C,N83MZ,COZY,CO-Z Cozy,L1P,L
AB5B2C,N8303S,C182,CESSNA 182 Skylane,L1P,L
AB5C2C,N831BB,P32R,PIPER PA-32R-300/301/301T,L1P,L
AB5D2C,N831MH,B764,BOEING 767-400,L2J,H
AB5F2C,N8315V,CH7A,BELLANCA 7 Champion,L1P,L
AB622C,N8320M,C182,CESSNA 182 Skylane,L1P,L
AB632C,N8327Y,PA30,PIPER PA-30 Twin Comanche,L2P,L
AB652C,N833TD,BE33,BEECH 33 Bonanza,L1P,L
AB672C,N83391,CH7A,BELLANCA 7 Champion,L1P,L
AB682C,N834KW,B773,BOEING 777-300,L2J,H
AB6A2C,N8344T,C175,CESSNA 175 Skylark,L1P,L
AB6D2C,N835Z,S22T,CIRRUS SR-22T Turbo,L1P,L
AB6E2C,N8356W,P28A,PIPER PA-28-140/150/160/180,L1P,L
AB702C,N836RS,RV6,VANS RV-6,L1P,L
AB732C,N837JJ,KR2,RAND KR-2,L1P,L
AB762C,N838BA,A5,ICON A-5,A1P,L
AB792C,N8385U,C172,CESSNA 172 Skyhawk,L1P,L
AB7C2C,N8390L,C172,CESSNA 172 Skyhawk,L1P,L
AB7D2C,N8397X,C172,CESSNA 172 Skyhawk,L1P,L
AB7E2C,N84GX,GX,REMOS GX,L1P,L
AB7F2C,N84TC,RV4,VANS RV-4,L1P,L
AB832C,N8407F,PA34,PIPER PA-34 Seneca,L2P,L
AB872C,N8419J,,,,
AB8A2C,N8424A,P32R,PIPER PA-32R-300/301/301T,L1P,L
AB902C,N844R,BE35,BEECH 35 Starfire Bonanza,L1P,L
AB912C,N84406,CH7A,BELLANCA 7 Champion,L1P,L
AB922C,N8448G,C150,CESSNA 150,L1P,L
AB952C,N84529,C172,CESSNA 172 Skyhawk,L1P,L
AB992C,N8465B,PA44,PIPER PA-44 Seminole,L2P,L
AB9D2C,N8477E,C172,CESSNA 172 Skyhawk,L1P,L
ABA52C,N85BV,DRON,,D0-,-
ABA62C,N85NA,P28A,PIPER PA-28-140/150/160/180,L1P,L
ABAA2C,N8503U,C150,CESSNA 150,L1P,L
ABAE2C,N8515X,B738,BOEING 737-800,L2J,M
ABB12C,N8520P,PA24,PIPER PA-24 Comanche,L1P,L
ABB32C,N853H,,,,
ABB52C,N8532S,B738,BOEING 737-800,L2J,M
ABB62C,N85393,CH7A,BELLANCA 7 Champion,L1P,L
ABBB2C,N855NW,A332,AIRBUS A-330-200,L2J,H
ABD52C,N8612,CN12,CIRCA Nieuport 12-7/8,L1P,L
ABD62C,N8619L,PA25,PIPER PA-25 Pawnee,L1P,L
ABD92C,N8624C,PA22,PIPER PA-22,L1P,L
ABE42C,N8653A,B738,BOEING 737-800,L2J,M
ABE52C,N866AL,S76,SIKORSKY S-76 Spirit,H2T,L
ABE82C,N8665D,B738,BOEING 737-800,L2J,M
ABF12C,N869KE,CH60,ZENAIR CH-600 Zodiac,L1P,L
ABF22C,N869VL,,,,
ABF32C,N8694B,C172,CESSNA 172 Skyhawk,L1P,L
ABFD2C,N8715Z,C206,CESSNA  206 Stationair,L1P,L
AC002C,N8720R,BE18,BEECH 18 Expetitor,L2P,L
AC022C,N873HB,,,,
AC042C,N8732U,C172,CESSNA 172 Skyhawk,L1P,L
AC052C,N87395,C310,CESSNA 310,L2P,L
AC1C2C,N88HA,EC20,AIRBUS HELICOPTERS EC-120,H1T,L
AC1D2C,N88TG,PA31,PIPER PA-31-300/310/325/350/425,L2P,L
AC1E2C,N880DM,AA5,AMERICAN AA-5 Tiger,L1P,L
AC232C,N881SR,SR22,CIRRUS SR-22,L1P,L
AC242C,N8812B,DW1,BELLANCA Eagle,L1P,L
AC282C,N8824E,P28R,PIPER PA-28R-180/200/201,L1P,L
AC292C,N883C,P28A,PIPER PA-28-140/150/160/180,L1P,L
AC302C,N8848L,PA25,PIPER PA-25 Pawnee,L1P,L
AC332C,N8853C,P32R,PIPER PA-32R-300/301/301T,L1P,L
AC382C,N887DL,,,,
AC3F2C,N8889M,BE23,BEECH 23 Sundowner,L1P,L
AC422C,N8894D,PA18,PIPER PA-18 Super Cub,L1P,L
AC462C,N890JR,EN28,ENSTROM F-28,H1P,L
AC482C,N8903Y,PA30,PIPER PA-30 Twin Comanche,L2P,L
AC492C,N891BH,B505,BELL 505 JetRanger X,H1T,L
AC4C2C,N89151,C140,CESSNA 140,L1P,L
AC4E2C,N892QM,GLF2,GULFSTREAM 2,L2J,M
AC502C,N89274,C140,CESSNA 140,L1P,L
AC662C,N89850,C140,CESSNA 140,L1P,L
AC672C,N899EE,E55P,EMBRAER EMB-505 Phenom 300,L2J,M
AC6A2C,N89973,C140,CESSNA 140,L1P,L
AC6C2C,N9TJ,GLEX,BOMBARDIER BD-700 Global 6000/6500,L2J,M
AC6E2C,N90PV,C310,CESSNA 310,L2P,L
AC6F2C,N900A,PA22,PIPER PA-22,L1P,L
AC712C,N900WM,PA18,PIPER PA-18 Super Cub,L1P,L
AC722C,N90043,C140,CESSNA 140,L1P,L
AC742C,N901PD,B06,BELL 206 JetRanger,H1T,L
AC7A2C,N90289,PA32,PIPER PA-32,L1P,L
AC7C2C,N903V,BE36,BEECH 36 Bonanza,L1P,L
AC7D2C,N90331,AVID,AVID Flyer,L1P,L
AC7E2C,N904BL,SR22,CIRRUS SR-22,L1P,L
AC7F2C,N904MS,CH75,ZENAIR CH-750 Cruzer,L1P,L
AC842C,N9050W,P28B,PIPER PA-28-201T/235/236,L1P,L
AC8B2C,N907WL,C25A,CESSNA 525A Citation CJ2,L2J,L
AC8E2C,N908PC,PARA,,P0-,-
AC922C,N909SA,P28B,PIPER PA-28-201T/235/236,L1P,L
AC952C,N91JT,BL17,BELLANCA 17 Viking,L1P,L
AC972C,N910FD,B752,BOEING 757-200,L2J,M
AC982C,N910RK,ULAC,,L0-,-
AC992C,N9101F,C185,CESSNA 185 Skywagon,L1P,L
AC9B2C,N911JB,C25B,CESSNA 525B Citation CJ3,L2J,L
AC9C2C,N911UH,UH1,BELL UH-1 Huey,H1T,L
AC9D2C,N9113J,M20P,MOONEY M-20,L1P,L
AC9E2C,N912AU,B06,BELL 206 JetRanger,H1T,L
AC9F2C,N912M,BE36,BEECH 36 Bonanza,L1P,L
ACA12C,N9125M,S64,SIKORSKY S-64 Skycrane,H2T,M
ACA22C,N913DS,BE36,BEECH 36 Bonanza,L1P,L
ACA42C,N9130D,PA18,PIPER PA-18 Super Cub,L1P,L
ACA52C,N9137Q,BE35,BEECH 35 Starfire Bonanza,L1P,L
ACA72C,N914SW,C172,CESSNA 172 Skyhawk,L1P,L
ACA82C,N9142G,C182,CESSNA 182 Skylane,L1P,L
ACA92C,N9149T,,,,
ACB42C,N9178R,BALL,,B0-,-
ACB82C,N919AT,B712,BOEING 717-200,L2J,M
ACBC2C,N92DR,FOX,KITFOX,L1P,L
ACC72C,N922SD,H500,HUGHES 500,H1T,L
ACC82C,N92210,J3,PIPER J-3 Cub,L1P,L
ACC92C,N9229A,C170,CESSNA 170,L1P,L
ACCA2C,N923JW,SR20,CIRRUS SR-20,L1P,L
ACCF2C,N924Y,BE36,BEECH 36 Bonanza,L1P,L
ACD02C,N92456,C182,CESSNA 182 Skylane,L1P,L
ACD22C,N925QS,C680,CESSNA 680 Citation Sovereign,L2J,M
ACD32C,N9250Y,VO10,NORTH AMERICAN ROCKWELL Commander 100,L1P,L
ACD82C,N927AA,F2TH,DASSAULT Falcon 2000,L2J,M
ACDA2C,N927WN,B737,BOEING 737-700,L2J,M
ACE12C,N929SC,PA18,PIPER PA-18 Super Cub,L1P,L
ACE32C,N9299,SA6,STITS SA-6 Flut-R-Bug,L1P,L
ACE82C,N9301H,ST75,STEARMAN Kaydet,L1P,L
ACEC2C,N9313L,,,,
ACF02C,N9325P,PA24,PIPER PA-24 Comanche,L1P,L
ACF22C,N933Q,BE35,BEECH 35 Starfire Bonanza,L1P,L
ACF42C,N9337S,BE23,BEECH 23 Sundowner,L1P,L
ACF72C,N9342J,P28A,PIPER PA-28-140/150/160/180,L1P,L
ACFB2C,N9354M,M20P,MOONEY M-20,L1P,L
ACFD2C,N936NN,B738,BOEING 737-800,L2J,M
AD002C,N937FE,C208,CESSNA 208 Caravan,L1T,L
AD072C,N939AV,A320,AIRBUS A-320,L2J,M
AD0A2C,N9395N,C185,CESSNA 185 Skywagon,L1P,L
AD102C,N94047,ERCO,AIR PRODUCTS F-1 Aircoupe,L1P,L
AD112C,N941DB,B739,BOEING 737-900,L2J,M
AD122C,N941PH,S92,SIKORSKY S-92 Helibus,H2T,M
AD152C,N942G,AS29,SCHLEICHER ASG-29,L1P,L
AD172C,N94212,C210,CESSNA 201 Centurion,L1P,L
AD182C,N9429C,C180,CESSNA  180 Skywagon,L1P,L
AD202C,N945EN,ULAC,,L0-,-
AD222C,N94500,C152,CESSNA 152,L1P,L
AD252C,N946TS,C560,CESSNA 560 Citation Ultra,L2J,M
AD262C,N94623,C182,CESSNA 182 Skylane,L1P,L
AD2A2C,N94746,ERCO,AIR PRODUCTS F-1 Aircoupe,L1P,L
AD2B2C,N948DA,DV20,DIAMOND DA-20,L1P,L
AD302C,N949SE,ULAC,,L0-,-
AD312C,N94911,TAYB,TAYLORCRAFT BC/BF/BL,L1P,L
AD322C,N9499B,RV9,VANS RV-9,L1P,L
AD332C,N95JX,C650,CESSNA 650 Citation,L2J,M
AD342C,N95VC,RV7,VANS RV-7,L1P,L
AD382C,N9508W,C72R,CESSNA 172R Cutlass RG,L1P,L
AD422C,N9530H,C172,CESSNA 172 Skyhawk,L1P,L
AD452C,N954T,PA18,PIPER PA-18 Super Cub,L1P,L
AD462C,N9542L,AA5,AMERICAN AA-5 Tiger,L1P,L
AD512C,N9571J,P28A,PIPER PA-28-140/150/160/180,L1P,L
AD552C,N9583M,T206,CESSNA T206 Turbo Stationair,L1P,L
AD5E2C,N960WT,TBM9,SOCATA TBM-900/910/930/940,L1T,L
AD652C,N962SH,C172,CESSNA 172 Skyhawk,L1P,L
AD672C,N9629E,AR11,AERONCA 11 Chief,L1P,L
AD6A2C,N96337,TAYB,TAYLORCRAFT BC/BF/BL,L1P,L
AD712C,N96502,TAYB,TAYLORCRAFT BC/BF/BL,L1P,L
AD762C,N967AE,C210,CESSNA 201 Centurion,L1P,L
AD7D2C,N9687A,C140,CESSNA 140,L1P,L
AD812C,N9699D,RV8,VANS RV-8,L1P,L
AD832C,N97VE,VELO,Velocity,L1P,L
AD852C,N970RR,,,,
AD872C,N9708Y,BE35,BEECH 35 Starfire Bonanza,L1P,L
AD8B2C,N972B,B47G,BELL 47G,H1P,L
AD922C,N9737W,P28A,PIPER PA-28-140/150/160/180,L1P,L
AD982C,N975W,BE36,BEECH 36 Bonanza,L1P,L
AD992C,N9754R,BE35,BEECH 35 Starfire Bonanza,L1P,L
ADA02C,N9771L,BE23,BEECH 23 Sundowner,L1P,L
ADA42C,N9783P,C172,CESSNA 172 Skyhawk,L1P,L
ADA52C,N979AZ,C56X,CESSNA 560XL Citation XLS,L2J,M
ADAA2C,N98QC,LJ45,LEARJET 45,L2J,M
ADAE2C,N9805A,C195,CESSNA 195,L1P,L
ADB42C,N982SK,C172,CESSNA 172 Skyhawk,L1P,L
ADB52C,N98216,J3,PIPER J-3 Cub,L1P,L
ADB92C,N98339,BE23,BEECH 23 Sundowner,L1P,L
ADBD2C,N9846B,B14A,BELLANCA 14,L1P,L
ADC02C,N98504,J3,PIPER J-3 Cub,L1P,L
ADC42C,N98627,J3,PIPER J-3 Cub,L1P,L
ADCC2C,N9887C,C82R,CESSNA R182 Skylane RG,L1P,L
ADCF2C,N98915,PA12,PIPER PA-12 Super Cruiser,L1P,L
ADD12C,N99KA,C150,CESSNA 150,L1P,L
ADD42C,N990RT,RV6,VANS RV-6,L1P,L
ADD52C,N9901P,PA36,PIPER PA-36 Pawnee Brave,L1P,L
ADDA2C,N992BB,SM19,SIAI-MARCHETTI SM-1019,L1T,L
ADDD2C,N9925V,C172,CESSNA 172 Skyhawk,L1P,L
ADE12C,N9937Y,CH7B,BELLANCA 7 Citabria,L1P,L
ADE42C,N9942Q,C172,CESSNA 172 Skyhawk,L1P,L
ADE82C,N9954T,C182,CESSNA 182 Skylane,L1P,L
ADEE2C,N997RS,BE40,BEECH 400 Beechjet,L2J,M
ADEF2C,N9971N,C180,CESSNA  180 Skywagon,L1P,L
ADF32C,N9983R,T206,CESSNA T206 Turbo Stationair,L1P,L
ADF42C,N999BA,PA18,PIPER PA-18 Super Cub,L1P,L
ADF52C,N999MG,B350,BEECHCRAFT Super King Air 350,L2T,M
ADF72C,N9995U,AA5,AMERICAN AA-5 Tiger,L1P,L
AE002C,67-14958,T38,NORTHROP T-38 Talon,L2J,L
AE022C,86-0035,DC10,MCDONNELL DOUGLAS DC-10,L3J,H
AE042C,64-14828,K35R,BOEING KC-135R/T Stratotanker,L4J,H
AE052C,69-0006,C5M,LOCKHEED C-5 Super Galaxy,L4J,H
AE062C,63-8874,K35R,BOEING KC-135R/T Stratotanker,L4J,H
AE0A2C,90-26302,H60,SIKORSKY UH-60 Black Hawk,H2T,M
AE0C2C,93-26523,H60,SIKORSKY UH-60 Black Hawk,H2T,M
AE0E2C,88-26053,H60,SIKORSKY UH-60 Black Hawk,H2T,M
AE112C,02-3657,TEX2,BEECHCRAFT T-6 Texan 2,L1T,L
AE152C,166378,GLF5,GULFSTREAM 5,L2J,M
AE172C,06-3826,TEX2,BEECHCRAFT T-6 Texan 2,L1T,L
AE182C,01-26891,H60,SIKORSKY UH-60 Black Hawk,H2T,M
AE1C2C,06-72004,EC45,AIRBUS HELICOPTERS EC-145,H2T,L
AE1F2C,07-72029,EC45,AIRBUS HELICOPTERS EC-145,H2T,L
AE202C,13-72285,EC45,AIRBUS HELICOPTERS EC-145,H2T,L
AE212C,05-27072,H60,SIKORSKY UH-60 Black Hawk,H2T,M
AE222C,167951,P8,BOEING P-8 Poseidon,L2J,M
AE272C,96-6042,CN35,CASA CN-235 Persuader,L2T,M
AE4A2C,166163,TEX2,BEECHCRAFT T-6 Texan 2,L1T,L
AE4D2C,168534,H60,SIKORSKY UH-60 Black Hawk,H2T,M
AE502C,168212,DRON,,D0-,-
AE5A2C,17-08241,H47,BOEING-VERTOL CH-47 Chinook,H2T,M
AE602C,17-20957,H60,SIKORSKY UH-60 Black Hawk,H2T,M
AE622C,69-6612,B212,BELL 212,H2T,L
AE632C,19-72437,EC45,AIRBUS HELICOPTERS EC-145,H2T,L
AE6A2C,20-21122,H60,SIKORSKY UH-60 Black Hawk,H2T,M
C0012C,C-FALN,ERCO,AIR PRODUCTS F-1 Aircoupe,L1P,L
C0022C,C-FAVJ,C180,CESSNA  180 Skywagon,L1P,L
C0032C,C-FBFF,BALL,,B0-,-
C0052C,C-FBYX,W11,WOLF Boredom Fighter,L1P,L
C0062C,C-FCIT,BE23,BEECH 23 Sundowner,L1P,L
C0072C,C-FCSP,C172,CESSNA 172 Skyhawk,L1P,L
C0082C,C-FDCL,C206,CESSNA  206 Stationair,L1P,L
C00A2C,C-FDWD,PA14,PIPER PA-14 Family Cruiser,L1P,L
C00B2C,C-FEFZ,DV20,DIAMOND DA-20,L1P,L
C00C2C,C-FEPV,FOX,KITFOX,L1P,L
C00D2C,C-FEZR,,,,
C00E2C,C-FFJN,C170,CESSNA 170,L1P,L
C00F2C,C-FFTJ,RAF2,ROTARY AIR FORCE RAF-2000,G1P,L
C0102C,C-FGDF,CH7A,BELLANCA 7 Champion,L1P,L
C0112C,C-FGNB,CJ6,NANCHANG CJ-6,L1P,L
C0122C,C-FGWX,C150,CESSNA 150,L1P,L
C0132C,C-FHGT,C172,CESSNA 172 Skyhawk,L1P,L
C0152C,C-FIAL,RV14,VANS RV-14,L1P,L
C0172C,C-FIUD,C170,CESSNA 170,L1P,L
C0182C,C-FJDZ,C750,CESSNA 750 Citation 10,L2J,M
C0192C,C-FJNV,,,,
C01E2C,C-FLLB,PA18,PIPER PA-18 Super Cub,L1P,L
C01F2C,C-FLUX,C172,CESSNA 172 Skyhawk,L1P,L
C0202C,C-FMET,C180,CESSNA  180 Skywagon,L1P,L
C0212C,C-FMOP,C172,CESSNA 172 Skyhawk,L1P,L
C0232C,C-FNIH,,,,
C0272C,C-FOVR,PA18,PIPER PA-18 Super Cub,L1P,L
C0282C,C-FPFN,G120,GROB G-120,L1P,L
C0292C,C-FPPJ,C180,CESSNA  180 Skywagon,L1P,L
C02E2C,C-FRMP,C172,CESSNA 172 Skyhawk,L1P,L
C02F2C,C-FRWL,R66,ROBINSON R-66,H1T,L
C0302C,C-FSGH,C150,CESSNA 150,L1P,L
C0312C,C-FSQD,AS50,AEROSPATIALE AS-350 Ecureuil,H1T,L
C0322C,C-FSZZ,C172,CESSNA 172 Skyhawk,L1P,L
C0332C,C-FTJV,B38M,BOEING 737 MAX 8,L2J,M
C0352C,C-FUDN,C150,CESSNA 150,L1P,L
C0362C,C-FUNJ,BE35,BEECH 35 Starfire Bonanza,L1P,L
C0382C,C-FVHB,,,,
C0392C,C-FVQX,,,,
C03A2C,C-FWAT,RBEL,MURPHY Rebel,L1P,L
C03D2C,C-FXEH,C177,CESSNA  177 Cardinal,L1P,L
C03F2C,C-FXXZ,TAYA,TAYLORCRAFT A,L1P,L
C0402C,C-FYHV,P28B,PIPER PA-28-201T/235/236,L1P,L
C0412C,C-FYRR,DHC2,DE HAVILLAND DHC-2 Beaver,L1P,L
C0422C,C-FZBN,CH7A,BELLANCA 7 Champion,L1P,L
C0432C,C-FZLJ,PA44,PIPER PA-44 Seminole,L2P,L
C0452C,C-GAFB,C170,CESSNA 170,L1P,L
C0462C,C-GAOX,CH7A,BELLANCA 7 Champion,L1P,L
C0472C,C-GAYT,C172,CESSNA 172 Skyhawk,L1P,L
C0492C,C-GBSL,C172,CESSNA 172 Skyhawk,L1P,L
C04A2C,C-GCCH,C172,CESSNA 172 Skyhawk,L1P,L
C04B2C,C-GCMD,AS50,AEROSPATIALE AS-350 Ecureuil,H1T,L
C04C2C,C-GCVZ,RV6,VANS RV-6,L1P,L
C04D2C,C-GDFV,C185,CESSNA 185 Skywagon,L1P,L
C04E2C,C-GDPR,ULAC,,L0-,-
C04F2C,C-GDZN,C150,CESSNA 150,L1P,L
C0502C,C-GEJJ,C172,CESSNA 172 Skyhawk,L1P,L
C0522C,C-GFDB,LARK,NORTH AMERICAN ROCKWELL Lark Commander,L1P,L
C0532C,C-GFMX,DH8C,DE HAVILLAND DHC-8-300 Dash 8,L2T,M
C0542C,C-GFWT,PA24,PIPER PA-24 Comanche,L1P,L
C0552C,C-GGGP,C152,CESSNA 152,L1P,L
C0572C,C-GHAH,C205,CESSNA  205,L1P,L
C0592C,C-GHTZ,,,,
C05A2C,C-GIDV,C150,CESSNA 150,L1P,L
C05B2C,C-GINR,C172,CESSNA 172 Skyhawk,L1P,L
C05C2C,C-GIXN,C82R,CESSNA R182 Skylane RG,L1P,L
C05D2C,C-GJHJ,C172,CESSNA 172 Skyhawk,L1P,L
C0622C,C-GLEP,RV14,VANS RV-14,L1P,L
C0652C,C-GMID,C82R,CESSNA R182 Skylane RG,L1P,L
C0672C,C-GNBV,PA22,PIPER PA-22,L1P,L
C0682C,C-GNLR,C172,CESSNA 172 Skyhawk,L1P,L
C0692C,C-GNVN,C177,CESSNA  177 Cardinal,L1P,L
C06A2C,C-GOFJ,FA7X,DASSAULT Falcon 7X,L3J,M
C06B2C,C-GOPF,B06,BELL 206 JetRanger,H1T,L
C06D2C,C-GPIX,P28B,PIPER PA-28-201T/235/236,L1P,L
C06E2C,C-GPST,BALL,,B0-,-
C0702C,C-GQML,AC11,NORTH AMERICAN ROCKWELL Commander 112/114,L1P,L
C0722C,C-GRGD,,,,
C0732C,C-GRPZ,P28A,PIPER PA-28-140/150/160/180,L1P,L
C0752C,C-GSJR,R44,ROBINSON R-44 Raven,H1P,L
C0762C,C-GSTN,C185,CESSNA 185 Skywagon,L1P,L
C0772C,C-GTDJ,GLAS,Glasair,L1P,L
C0782C,C-GTNF,PA34,PIPER PA-34 Seneca,L2P,L
C0792C,C-GTXB,C180,CESSNA  180 Skywagon,L1P,L
C07A2C,C-GUGX,C185,CESSNA 185 Skywagon,L1P,L
C07B2C,C-GUQT,,,,
C07C2C,C-GVAP,BL8,BELLANCA 8 Decathlon,L1P,L
C07D2C,C-GVKL,,,,
C07E2C,C-GVUH,BCS3,AIRBUS A220-300,L2J,M
C07F2C,C-GWED,M20P,MOONEY M-20,L1P,L
C0802C,C-GWNZ,C150,CESSNA 150,L1P,L
C0812C,C-GWXV,C172,CESSNA 172 Skyhawk,L1P,L
C0822C,C-GXHR,BE20,BEECH 200 Super King Air,L2T,M
C0832C,C-GXRN,C180,CESSNA  180 Skywagon,L1P,L
C0842C,C-GYBJ,C185,CESSNA 185 Skywagon,L1P,L
C0852C,C-GYLF,C172,CESSNA 172 Skyhawk,L1P,L
C0862C,C-GYVB,C172,CESSNA 172 Skyhawk,L1P,L
C0872C,C-GZEX,C152,CESSNA 152,L1P,L
C0882C,C-GZOT,,,,
C0892C,C-GZYP,RV12,VANS RV-12,L1P,L
C08A2C,C-IAIL,ULAC,,L0-,-
C08B2C,C-IASH,ULAC,,L0-,-
C08C2C,C-IBCD,ULAC,,L0-,-
C08D2C,C-IBLZ,,,,
C08E2C,C-IBVV,MAME,BLUE YONDER Merlin,L1P,L
C0932C,C-IDTB,PARA,,P0-,-
C0942C,C-IECX,PELI,FLYER Pelican,L1P,L
C0952C,C-IEMT,ULAC,,L0-,-
C0962C,C-IEWP,ULAC,,L0-,-
C0972C,C-IFGL,PARA,,P0-,-
C0992C,C-IGAD,,,,
C09A2C,C-IGJZ,PARA,,P0-,-
C09C2C,C-IHDR,PARA,,P0-,-
C09D2C,C-IHNN,ULAC,,L0-,-
C09E2C,C-IHXJ,,,,
C0A02C,C-IIRB,PARA,,P0-,-
C0A12C,C-IJAX,PARA,,P0-,-
C0A22C,C-IJKT,ULAC,,L0-,-
C0A32C,C-IJUP,PARA,,P0-,-
C0A42C,C-IKEL,ECHO,TECNAM P-92 Echo,L1P,L
C0A52C,C-IKOH,PARA,,P0-,-
C0A82C,C-ILRV,,,,
C0A92C,C-IMBR,,,,
C0C12C,C-IVDZ,ULAC,,L0-,-
C0C92C,C-IYET,PARA,,P0-,-
C1E52C,SERV,SERV,,V0-,-
C1EC2C,SERV,SERV,,V0-,-
C8012C,ZK-BVF,CH7A,BELLANCA 7 Champion,L1P,L
C8022C,ZK-MIT,C185,CESSNA 185 Skywagon,L1P,L
C8062C,ZK-TAC,C152,CESSNA 152,L1P,L
C80C2C,ZK-FQJ,ULAC,,L0-,-
C8122C,ZK-JHC,C172,CESSNA 172 Skyhawk,L1P,L
C8142C,ZK-JLL,ULAC,,L0-,-
C8172C,ZK-THA,ECHO,TECNAM P-92 Echo,L1P,L
C8182C,ZK-CTC,DV20,DIAMOND DA-20,L1P,L
C81A2C,ZK-VAT,C172,CESSNA 172 Skyhawk,L1P,L
C81B2C,ZK-TRS,C172,CESSNA 172 Skyhawk,L1P,L
C81D2C,ZK-SAU,GA8,GIPPSAERO GA-8 Airvan,L1P,L
C81E2C,ZK-OJS,A320,AIRBUS A-320,L2J,M
C8212C,ZK-MUD,CJ6,NANCHANG CJ-6,L1P,L
C8222C,ZK-HNV,MD52,MCDONNELL-DOUGLAS MD-520N,H1T,L
C8282C,ZK-ITN,B06,BELL 206 JetRanger,H1T,L
C8292C,ZK-PBP,PULS,Pulsar,L1P,L
C87F2C,NZ3611,H2,KAMAN Seasprite,H2T,L
C8802C,DQ-CCT,C150,CESSNA 150,L1P,L
E48A2C,PR-OMX,WW24,IAI 1124 Westwind,L2J,M
E48E2C,PR-GRC,SR22,CIRRUS SR-22,L1P,L
E48F2C,PR-RJV,BE36,BEECH 36 Bonanza,L1P,L
E4932C,PR-UDS,BE9L,BEECH 90 King Air,L2T,L
E4942C,PP-ZZX,RV10,VANS RV-10,L1P,L
E4962C,PP-WYD,R66,ROBINSON R-66,H1T,L
E8032C,CC-AZJ,A20N,AIRBUS A-320neo,L2J,M
E8042C,CC-BAV,A320,AIRBUS A-320,L2J,M
E8092C,CC-AEA,A119,AGUSTA AW-119 Koala,H1T,L
