008332,ZS-BEV,FA24,FAIRCHILD F-24 Argus,L1P,L
008A32,ZS-DVT,BE55,BEECH 55 Baron,L2P,L
009132,ZS-YAY,E190,EMBRAER ERJ-190-100,L2J,M
00A032,ZS-MEJ,T210,CESSNA T210 Turbo Centurion,L1P,L
00A832,ZS-PFD,S22T,CIRRUS SR-22T Turbo,L1P,L
00AE32,ZS-RMF,B733,BOEING 737-300,L2J,M
00B432,ZS-TTH,C25M,CESSNA 525 Citation M2,L2J,L
00D932,ZU-PJL,RV10,VANS RV-10,L1P,L
018032,5A-DRK,C56X,CESSNA 560XL Citation XLS,L2J,M
020132,CN-LMH,GLF4,GULFSTREAM 4,L2J,M
030032,A2-OKG,C208,CESSNA 208 Caravan,L1T,L
038432,TU-TSB,A319,AIRBUS A-319,L2J,M
040032,ET-ANQ,B77L,BOEING 777-200LR,L2J,H
040132,ET-AUA,A359,AIRBUS A-350-900,L2J,H
04C132,5Y-SLA,C208,CESSNA 208 Caravan,L1T,L
06A032,A7-AEB,A333,AIRBUS A-330-300,L2J,H
080032,5H-AAA,C208,CESSNA 208 Caravan,L1T,L
0AB032,V3-BZE,B190,BEECH 1900,L2T,M
0AC132,HK-4433G,BE9T,BEECH F90 King Air,L2T,L
0AC332,HK-5129,AT46,ATR-42-600,L2T,M
0AC932,PNC-0720,UH1,BELL UH-1 Huey,H1T,L
0ACA32,HK-4894,PA34,PIPER PA-34 Seneca,L2P,L
0AE032,TI-BJM,L410,LET L-410 Turbolet,L2T,L
0C2132,HP-1878SK,P28A,PIPER PA-28-140/150/160/180,L1P,L
0C6032,9Y-JMF,B738,BOEING 737-800,L2J,M
0D0332,XA-SNI,LJ40,LEARJET 40,L2J,M
0D0932,XA-VLL,A320,AIRBUS A-320,L2J,M
0D0B32,XA-MMX,C680,CESSNA 680 Citation Sovereign,L2J,M
0D0E32,XA-VEG,C550,CESSNA 550 Citation S2,L2J,L
0D8032,0207,B732,BOEING 737-200,L2J,M
140B32,RA-02866,E170,EMBRAER ERJ-170-100,L2J,M
142332,RA-09010,FA7X,DASSAULT Falcon 7X,L3J,M
14FA32,RA-64050,T204,TUPOLEV Tu-204/214/224/234,L2J,M
151632,RA-71218,AN2,ANTONOV An-2,L1P,L
151E32,RA-73266,B738,BOEING 737-800,L2J,M
152032,RA-73778,A320,AIRBUS A-320,L2J,M
154C32,RA-85042,T154,TUPOLEV Tu-154,L3J,M
155C32,RA-89138,SU95,SUKHOI Superjet 100-95,L2J,M
300432,I-LUKE,RV8,VANS RV-8,L1P,L
300732,I-BMBO,AS50,AEROSPATIALE AS-350 Ecureuil,H1T,L
300832,I-MMIK,EC20,AIRBUS HELICOPTERS EC-120,H1T,L
31D832,I-9425,ECHO,TECNAM P-92 Echo,L1P,L
31DE32,I-7396,GOLF,TECNAM P-96 Golf,L1P,L
31DF32,I-D866,ASTO,TECNAM Astore,L1P,L
31FF32,I-PDVM,TWEN,TECNAM Twenty-Ten,L1P,L
320032,I-DVFA,A109,AGUSTA AW-109 Grand,H2T,L
33FD32,MM55250,M345,AERMACCHI M-345,L1J,L
33FE32,MM7052,TOR,PANAVIA Tornado,L2J,M
382F32,F-BLZS,DR10,CENTRE EST Ambassadeur,L1P,L
383032,F-BMBS,D140,JODEL D-140 Mousquetaire,L1P,L
383332,F-BMZS,D250,CENTRE EST DR-250 Capitaine,L1P,L
385032,F-BUBS,C150,CESSNA 150,L1P,L
390832,F-GCBS,P28A,PIPER PA-28-140/150/160/180,L1P,L
390A32,F-GCRS,DR40,ROBIN DR-400,L1P,L
390E32,F-GDRS,C152,CESSNA 152,L1P,L
391032,F-GEBS,PC6T,PILATUS PC-6 Turbo-Porter,L1T,L
391932,F-GGJS,DR40,ROBIN DR-400,L1P,L
391B32,F-GGZS,BALL,,B0-,-
391C32,F-GHBS,M20P,MOONEY M-20,L1P,L
392432,F-GJBS,BE20,BEECH 200 Super King Air,L2T,M
393032,F-GMBS,BALL,,B0-,-
393232,F-GMRS,D140,JODEL D-140 Mousquetaire,L1P,L
393632,F-GNRS,BALL,,B0-,-
393732,F-GNZS,BALL,,B0-,-
393832,F-GOBS,BALL,,B0-,-
393A32,F-GORS,HR20,ROBIN HR-200,L1P,L
394832,F-GSBS,DR40,ROBIN DR-400,L1P,L
394A32,F-GSRS,DR40,ROBIN DR-400,L1P,L
394B32,F-GSZS,TB20,SOCATA TB-20 Trinidad,L1P,L
394F32,F-GTZS,DR40,ROBIN DR-400,L1P,L
395332,F-GUZS,D150,JODEL D-150 Mascaret,L1P,L
395C32,F-GXBS,C206,CESSNA  206 Stationair,L1P,L
396032,F-GYBS,C172,CESSNA 172 Skyhawk,L1P,L
398032,F-HABS,BALL,,B0-,-
398632,F-HBRS,EC35,AIRBUS HELICOPTERS EC-135/635,H2T,L
398E32,F-HDRS,BALL,,B0-,-
39A432,F-HJBS,J3,PIPER J-3 Cub,L1P,L
39AE32,F-HLRS,E55P,EMBRAER EMB-505 Phenom 300,L2J,M
39B032,F-HMBS,TBM8,SOCATA TBM-850,L1T,L
39B832,F-HOBS,SR20,CIRRUS SR-20,L1P,L
39BA32,F-HORS,G2CA,GUIMBAL G-2 Cabri,H1P,L
39BE32,F-HPRS,EC35,AIRBUS HELICOPTERS EC-135/635,H2T,L
39C532,F-HRJS,A109,AGUSTA AW-109 Grand,H2T,L
39CE32,F-HTRS,EC35,AIRBUS HELICOPTERS EC-135/635,H2T,L
3A4832,F-OSBS,C208,CESSNA 208 Caravan,L1T,L
3AAB32,F-MGBF,GAZL,AEROSPATIALE SA-341 Gazelle,H1T,L
3B7532,F-UGBA,D140,JODEL D-140 Mousquetaire,L1P,L
3B7732,083,E121,EMBRAER EMB-121 Xingu,L2T,L
3C1232,D-AVXD,A21N,AIRBUS A-321neo,L2J,M
3C4B32,D-ABYR,B748,BOEING 747-8,L4J,H
3C5432,D-AEAR,A306,AIRBUS A-300-600,L2J,H
3C5B32,D-AFYR,A333,AIRBUS A-330-300,L2J,H
3C6632,D-AIQR,A320,AIRBUS A-320,L2J,M
3C9432,D-BEAR,C750,CESSNA 750 Citation 10,L2J,M
3CC932,D-CDMO,E55P,EMBRAER EMB-505 Phenom 300,L2J,M
3CDD32,D-CLBM,E55P,EMBRAER EMB-505 Phenom 300,L2J,M
3D0532,D-EAFI,SUBA,FUJI FA-200 Aero Subaru,L1P,L
3D0632,D-EAPE,S22T,CIRRUS SR-22T Turbo,L1P,L
3D0832,D-EBIW,T206,CESSNA T206 Turbo Stationair,L1P,L
3D0A32,D-ECCO,P28A,PIPER PA-28-140/150/160/180,L1P,L
3D0F32,D-EDZU,C182,CESSNA 182 Skylane,L1P,L
3D1132,D-EETM,DR40,ROBIN DR-400,L1P,L
3D1432,D-EFXA,XA42,XTREMAIR XA-42,L1P,L
3D1732,D-EHAO,P28A,PIPER PA-28-140/150/160/180,L1P,L
3D1932,D-EHUG,PULS,Pulsar,L1P,L
3D1B32,D-EINY,WA50,WASSMER WA-54 Atlantic,L1P,L
3D2032,D-EKLE,G115,GROB G-115,L1P,L
3D2132,D-EKVA,BT36,BEECH B36TC Bonanza,L1P,L
3D2332,D-ELOS,DV20,DIAMOND DA-20,L1P,L
3D2532,D-EMIK,DR40,ROBIN DR-400,L1P,L
3D2632,D-EMSG,G115,GROB G-115,L1P,L
3D2732,D-ENCC,PA18,PIPER PA-18 Super Cub,L1P,L
3D2832,D-ENLY,P28R,PIPER PA-28R-180/200/201,L1P,L
3D2932,D-ENVU,KL07,BOLKOW BO-107,L1P,L
3D2B32,D-EOPM,P28A,PIPER PA-28-140/150/160/180,L1P,L
3D2C32,D-EOZI,C150,CESSNA 150,L1P,L
3D2E32,D-EPTA,DR40,ROBIN DR-400,L1P,L
3D3432,D-ESAC,C172,CESSNA 172 Skyhawk,L1P,L
3D3632,D-ESTU,S6,STEMME S-6,L1P,L
3D3B32,D-EURA,S22T,CIRRUS SR-22T Turbo,L1P,L
3D3C32,D-EVAW,SR22,CIRRUS SR-22,L1P,L
3D3F32,D-EWEK,PA22,PIPER PA-22,L1P,L
3D4032,D-EWOG,Z42,ZLIN Z-42/142/242,L1P,L
3D4332,D-EXRU,BE23,BEECH 23 Sundowner,L1P,L
3D4832,D-EZPA,PA46,PIPER PA-46-310/350,L1P,L
3DAB32,D-GLBU,P06T,TECNAM P-2006T,L2P,L
3DD332,D-HAFQ,B412,BELL 412,H2T,L
3DD732,D-HBTA,EC45,AIRBUS HELICOPTERS EC-145,H2T,L
3E0332,D-HSKG,R44,ROBINSON R-44 Raven,H1P,L
3E0A32,D-HVBE,EC35,AIRBUS HELICOPTERS EC-135/635,H2T,L
3E5D32,D-KAMK,AS25,SCHLEICHER ASH-25,L1P,L
3E6332,D-KCTM,VENT,SCHEMPP-HIRTH Ventus,L1P,L
3E7232,D-KILE,DG60,DG FLUGZEUGBAU DG-600M,L1P,L
3E7532,D-KJOS,DG80,DG FLUGZEUGBAU DG-800,L1P,L
3E7932,D-KLCC,S10S,STEMME S-10 Chrysalis,L1P,L
3E7D32,D-KMPM,GLID,,L0-,-
3EC232,D-KOMS,G109,GROB G-109,L1P,L
3EE532,D-1179,GLID,,L0-,-
3EEB32,D-2715,GLID,,L0-,-
3EF932,D-6299,GLID,,L0-,-
3EFB32,D-6811,DISC,SCHEMPP-HIRTH Discus,L1P,L
3F6732,78+21,NH90,NHI NH-90,H2T,M
3F8032,79+14,NH90,NHI NH-90,H2T,M
3FEB32,D-MEUD,FK9,B&F TECHNIK FK-9,L1P,L
3FEC32,D-MHHB,FAET,ATEC 321 Faeta,L1P,L
3FED32,D-MYLG,FK12,B&F TECHNIK FK-12 Comet,L1P,L
3FEE32,D-MEMC,FA02,FLAEMING AIR FA-02,L1P,L
3FEF32,D-MNFG,ECHO,TECNAM P-92 Echo,L1P,L
3FF032,D-MBCM,FK9,B&F TECHNIK FK-9,L1P,L
3FF132,D-MCIW,C42,IKARUS C-42 Bison,L1P,L
3FF232,D-MRGP,C42,IKARUS C-42 Bison,L1P,L
3FF532,D-MQZZ,,,,
3FF932,D-MSTH,C42,IKARUS C-42 Bison,L1P,L
400432,G-LSAA,B752,BOEING 757-200,L2J,M
400A32,G-CELZ,B733,BOEING 737-300,L2J,M
400B32,G-GVFR,TB20,SOCATA TB-20 Trinidad,L1P,L
400C32,G-HWAA,EC35,AIRBUS HELICOPTERS EC-135/635,H2T,L
400E32,G-BORW,C172,CESSNA 172 Skyhawk,L1P,L
400F32,G-SAIG,R44,ROBINSON R-44 Raven,H1P,L
401032,G-LSTR,GLST,GLASAIR SH-4 GlaStar,L1P,L
401432,G-AJAM,AUJ2,AUSTER J-2 Arrow,L1P,L
401532,G-ARFO,C150,CESSNA 150,L1P,L
401632,G-ATDO,JUNR,BOLKOW BO-208 Junior,L1P,L
401832,G-AXLZ,PA18,PIPER PA-18 Super Cub,L1P,L
401932,G-AZEW,PUP,BEAGLE Pup,L1P,L
401A32,G-PUPP,PUP,BEAGLE Pup,L1P,L
401B32,G-BBZH,P28R,PIPER PA-28R-180/200/201,L1P,L
401D32,G-EFRP,FB1A,BOWERS Fly Baby 1A,L1P,L
402132,G-IEJH,D150,JODEL D-150 Mascaret,L1P,L
402332,G-DROP,C206,CESSNA  206 Stationair,L1P,L
402532,G-AHIP,J3,PIPER J-3 Cub,L1P,L
402632,G-BMGB,P28R,PIPER PA-28R-180/200/201,L1P,L
402932,G-AOJR,DHC1,DE HAVILLAND DHC-1 Chipmunk,L1P,L
402B32,G-ETDC,C172,CESSNA 172 Skyhawk,L1P,L
403332,G-MWOJ,ULAC,,L0-,-
403632,G-MYCS,ULAC,,L0-,-
403E32,G-HMED,P28A,PIPER PA-28-140/150/160/180,L1P,L
404132,G-BYKF,EN28,ENSTROM F-28,H1P,L
404432,G-RJWX,EUPA,Europa,L1P,L
404532,G-NESA,EUPA,Europa,L1P,L
404632,G-HERC,C172,CESSNA 172 Skyhawk,L1P,L
404832,G-CBWI,ULAC,,L0-,-
404932,G-CCDG,SKRA,BEST OFF Sky Ranger,L1P,L
404C32,G-JIMM,EUPA,Europa,L1P,L
404F32,G-RHAM,SKRA,BEST OFF Sky Ranger,L1P,L
405132,G-CEJC,BALL,,B0-,-
405432,G-CKEV,DUOD,SCHEMPP-HIRTH Duo Discus,L1P,L
405732,G-CFVC,GLID,,L0-,-
405A32,G-CKAR,DUOD,SCHEMPP-HIRTH Duo Discus,L1P,L
405B32,G-DDWS,PK20,PIK 20E,L1P,L
405D32,G-CGEG,GLID,,L0-,-
405E32,G-TBMR,ULAC,,L0-,-
405F32,G-DHLE,B763,BOEING 767-300,L2J,H
406032,G-DFHY,GLID,,L0-,-
406232,G-CGGY,BALL,,B0-,-
406532,G-EUYM,A320,AIRBUS A-320,L2J,M
406632,G-CGYI,RV12,VANS RV-12,L1P,L
406832,G-VWAG,A333,AIRBUS A-330-300,L2J,H
406932,G-CHRU,ULAC,,L0-,-
406B32,G-DDFU,GLID,,L0-,-
406C32,G-CIHH,MT,ROTORSPORT MTOSport,G1P,L
406D32,G-DAMS,SKRA,BEST OFF Sky Ranger,L1P,L
406E32,G-CIPR,SKRA,BEST OFF Sky Ranger,L1P,L
406F32,G-MECK,TL20,TL ULTRALIGHT TL-2000 Sting,L1P,L
407032,G-OGTC,G2CA,GUIMBAL G-2 Cabri,H1P,L
407132,G-CJOT,C42,IKARUS C-42 Bison,L1P,L
407232,G-CLTL,GLID,,L0-,-
407332,G-FRRN,A109,AGUSTA AW-109 Grand,H2T,L
407432,G-IIYI,ST75,STEARMAN Kaydet,L1P,L
407532,G-CKUO,AP22,AEROPRACT A-22,L1P,L
407732,G-WIGI,AP22,AEROPRACT A-22,L1P,L
407932,G-CLJY,SIRA,TECNAM P-2002 Sierra,L1P,L
407A32,G-IMGP,H25B,HAWKER BEECHCRAFT Hawker 750/850,L2J,M
407B32,G-CLVR,SKRA,BEST OFF Sky Ranger,L1P,L
407C32,G-PLOT,EFOX,AEROPRO Eurofox,L1P,L
407E32,G-CMJM,AT76,ATR-72-600,L2T,M
424632,VP-BUU,B738,BOEING 737-800,L2J,M
43C932,ZM704,H64,MCDONNELL DOUGLAS AH-64 Apache,H2T,M
43CF32,ZZ393,LYNX,AGUSTAWESTLAND AW-159 Super Lynx,H2T,L
43ED32,2-RLBM,B773,BOEING 777-300,L2J,H
43EE32,2-COOL,P180,PIAGGIO P-180 Avanti,L2T,L
440132,OE-LQI,A319,AIRBUS A-319,L2J,M
440432,OE-GGG,C56X,CESSNA 560XL Citation XLS,L2J,M
440532,OE-9096,SF25,SCHEIBE SF-25 Falke,L1P,L
440632,OE-DKC,SR22,CIRRUS SR-22,L1P,L
440732,OE-LQE,A319,AIRBUS A-319,L2J,M
440C32,OE-LKV,A319,AIRBUS A-319,L2J,M
444532,OO-1IR,PARA,,P0-,-
444932,OO-2IR,ZZZZ,,-0-,-
447D32,5D-HI,B212,BELL 212,H2T,L
448432,OO-AAR,R44,ROBINSON R-44 Raven,H1P,L
448932,OO-BIR,P28A,PIPER PA-28-140/150/160/180,L1P,L
448C32,OO-CAR,DR10,CENTRE EST Ambassadeur,L1P,L
448D32,OO-CIR,C172,CESSNA 172 Skyhawk,L1P,L
449532,OO-EIR,SV4,NORD SV-4,L1P,L
44A832,OO-JAR,B737,BOEING 737-700,L2J,M
44A932,OO-JIR,WA40,WASSMER WA-40 Super 4,L1P,L
44C032,OO-PAR,C25B,CESSNA 525B Citation CJ3,L2J,L
44CD32,OO-SIR,SLG2,AIRPLANE FACTORY Sling 2,L1P,L
44DC32,OO-WAR,P28A,PIPER PA-28-140/150/160/180,L1P,L
458C32,OY-CAR,TOBA,SOCATA Tobago,L1P,L
458D32,OY-CIR,AT43,ATR-42-300,L2T,M
45A332,OY-HYR,R22,ROBINSON R-22 Mariner,H1P,L
45AC32,OY-KAR,A320,AIRBUS A-320,L2J,M
45B332,OY-LYR,DA40,DIAMOND DA-40 Club Star,L1P,L
45F032,OY-9415,FDCT,FLIGHT DESIGN CT,L1P,L
45F432,M-508,EH10,AGUSTA WESTLAND EH-101 Merlin,H3T,M
467832,HN-447,F18H,BOEING FA-18 HORNET,L2J,M
468932,SX-BIR,DH8A,DE HAVILLAND DHC-8-100 Dash 8,L2T,M
469132,SX-DIR,AT43,ATR-42-300,L2T,M
470332,HA-BFM,C150,CESSNA 150,L1P,L
471932,HA-JOC,DV20,DIAMOND DA-20,L1P,L
471F32,HA-LVE,A21N,AIRBUS A-321neo,L2J,M
473232,HA-TAG,SF34,SAAB 340,L2T,M
478432,LN-OOM,EC45,AIRBUS HELICOPTERS EC-145,H2T,L
478532,LN-OMV,AS50,AEROSPATIALE AS-350 Ecureuil,H1T,L
47A332,LN-TRA,C182,CESSNA 182 Skylane,L1P,L
480432,J-197,F16,GENERAL DYNAMICS F-16 Fighting Falcon,L1J,M
484132,PH-BXC,B738,BOEING 737-800,L2J,M
484332,PH-JXN,F50,FOKKER 50,L2T,M
484532,PH-AFT,TB20,SOCATA TB-20 Trinidad,L1P,L
484632,PH-FLG,PA18,PIPER PA-18 Super Cub,L1P,L
484732,PH-WSF,P28A,PIPER PA-28-140/150/160/180,L1P,L
484832,PH-1006,GLID,,L0-,-
484B32,PH-EZE,E190,EMBRAER ERJ-190-100,L2J,M
484C32,PH-1440,GLID,,L0-,-
484D32,PH-RVK,BALL,,B0-,-
484F32,PH-201,GLID,,L0-,-
485032,PH-DAS,C172,CESSNA 172 Skyhawk,L1P,L
485132,PH-1DR,ZZZZ,,-0-,-
485332,PH-1IP,ZZZZ,,-0-,-
485432,PH-1TZ,ZZZZ,,-0-,-
485532,PH-2GC,ZZZZ,,-0-,-
485632,PH-2PV,ZZZZ,,-0-,-
485A32,PH-BCG,B738,BOEING 737-800,L2J,M
485D32,PH-1630,DISC,SCHEMPP-HIRTH Discus,L1P,L
485E32,PH-GWS,FA7X,DASSAULT Falcon 7X,L3J,M
486432,PH-GDT,BX2,BRANDLI Cherry,L1P,L
489832,SP-GBT,CRUZ,CSA PS-28 Cruiser,L1P,L
48B532,SP-NKT,DV20,DIAMOND DA-20,L1P,L
48B632,SP-NST,PA34,PIPER PA-34 Seneca,L2P,L
48C132,SP-RKT,B738,BOEING 737-800,L2J,M
48C232,SP-RST,B738,BOEING 737-800,L2J,M
48C932,SP-TKT,PA34,PIPER PA-34 Seneca,L2P,L
48E232,SP-VST,L410,LET L-410 Turbolet,L2T,L
490732,CS-AYR,C152,CESSNA 152,L1P,L
491432,CS-EAR,CRES,PACIFIC AEROSPACE Cresco,L1T,L
492132,CS-HIR,AS50,AEROSPATIALE AS-350 Ecureuil,H1T,L
497C32,15119,F16,GENERAL DYNAMICS F-16 Fighting Falcon,L1J,M
498432,9243,SB39,SAAB 39 Gripen,L1J,M
498B32,OK-BYR,B412,BELL 412,H2T,L
49C032,OK-NUU13,GX,REMOS GX,L1P,L
49C232,OK-YUA 17,TL30,TL ULTRALIGHT TL-3000 Sirius,L1P,L
49D032,OK-SKW,CRES,PACIFIC AEROSPACE Cresco,L1T,L
49D132,OK-MIC,COL4,CESSNA 400 Corvalis TT,L1P,L
49D232,OK-TSE,B738,BOEING 737-800,L2J,M
49D332,OK-GUI,G2CA,GUIMBAL G-2 Cabri,H1P,L
49D432,OK-MAX,C172,CESSNA 172 Skyhawk,L1P,L
4A1032,YR-DAR,AN2,ANTONOV An-2,L1P,L
4A5032,YR-TAR,C25M,CESSNA 525 Citation M2,L2J,L
4A7F32,YR-ZCM,Z42,ZLIN Z-42/142/242,L1P,L
4A9D32,SE-GIR,P28R,PIPER PA-28R-180/200/201,L1P,L
4AA532,SE-IIR,BE77,BEECH 77 Skipper,L1P,L
4AA932,SE-JIR,H269,HUGHES Sky Knight,H1P,L
4AAB32,SE-JYR,AS50,AEROSPATIALE AS-350 Ecureuil,H1T,L
4AB032,SE-LAR,SB91,SAAB 91 Safir,L1P,L
4AB432,SE-MAR,ATP,BRITISH AEROSPACE ATP,L2T,M
4AB532,SE-MIR,DA42,DIAMOND DA-42 Guardian,L2P,L
4AE132,SE-XIR,WA40,WASSMER WA-40 Super 4,L1P,L
4B0932,HB-DMO,WACF,WACO F,L1P,L
4B0C32,HB-EQC,DR40,ROBIN DR-400,L1P,L
4B1632,HB-IKO,ZZZZ,,-0-,-
4B1D32,HB-LBM,C310,CESSNA 310,L2P,L
4B2932,HB-PPQ,P28A,PIPER PA-28-140/150/160/180,L1P,L
4B3032,HB-SGO,DA40,DIAMOND DA-40 Club Star,L1P,L
4B3A32,HB-WBA,MCR1,COLOMBAN Ban-Bi,L1P,L
4B4432,HB-ZVM,KMAX,KAMAN K-Max,H1T,L
4B4732,HB-651,GLID,,L0-,-
4B4A32,HB-1419,GLID,,L0-,-
4B4E32,HB-2443,AS26,SCHLEICHER ASH-26,L1P,L
4B5132,HB-3211,GLID,,L0-,-
4B5A32,HB-5515,ULAC,,L0-,-
4B8432,TC-AAR,B738,BOEING 737-800,L2J,M
4B8532,TC-AIR,TAMP,SOCATA TB-9 Tampico,L1P,L
4B8B32,TC-BYR,CL60,BOMBARDIER CL-600 Challenger,L2J,M
4B9432,TC-EAR,CL30,BOMBARDIER BD-100 Challenger 300,L2J,M
4B9832,TC-FAR,LJ60,LEARJET 60,L2J,M
4BA932,TC-JIR,A332,AIRBUS A-330-200,L2J,H
4BAC32,TC-KAR,F2TH,DASSAULT Falcon 2000,L2J,M
4BB432,TC-MAR,C208,CESSNA 208 Caravan,L1T,L
4BD732,TC-UYR,FAET,ATEC 321 Faeta,L1P,L
4CA332,277,A139,AGUSTA AW-139,H2T,L
4CA932,EI-SLY,AT72,ATR-72-202,L2T,M
4CAA32,EI-EJM,A332,AIRBUS A-330-200,L2J,H
4D2032,9H-AFD,DH8C,DE HAVILLAND DHC-8-300 Dash 8,L2T,M
4D2132,9H-VJW,GLEX,BOMBARDIER BD-700 Global 6000/6500,L2J,M
4D2232,9H-QBX,B738,BOEING 737-800,L2J,M
4D2332,9H-VDS,A320,AIRBUS A-320,L2J,M
500132,T7-NWW,AT75,ATR-72-500,L2T,M
500232,T7-AAAA,GLEX,BOMBARDIER BD-700 Global 6000/6500,L2J,M
502D32,YL-LDO,A321,AIRBUS A-321,L2J,M
503D32,LY-COB,A320,AIRBUS A-320,L2J,M
503E32,LY-LID,BALL,,B0-,-
505D32,OM-TRI,CRUZ,CSA PS-28 Cruiser,L1P,L
505E32,OM-M215,ULAC,,L0-,-
506E32,S5-DIT,DA42,DIAMOND DA-42 Guardian,L2P,L
506F32,S5-PID,ECHO,TECNAM P-92 Echo,L1P,L
508232,UR-GEC,B763,BOEING 767-300,L2J,H
511132,ES-NYH,SB20,SAAB 2000,L2T,M
600832,4K-AZ50,S92,SIKORSKY S-92 Helibus,H2T,M
601832,EZ-A020,B738,BOEING 737-800,L2J,M
682332,JU-1802,E145,EMBRAER ERJ-145,L2J,M
702C32,314-03,D228,DORNIER 228,L2T,L
706132,9K-CBK,A20N,AIRBUS A-320neo,L2J,M
710132,HZ-AQ29,A333,AIRBUS A-330-300,L2J,H
710432,HZ-FAK,A320,AIRBUS A-320,L2J,M
718932,HL1132,C172,CESSNA 172 Skyhawk,L1P,L
719032,HL2032,PA44,PIPER PA-44 Seminole,L2P,L
71BD32,HL7532,B773,BOEING 777-300,L2J,H
71BE32,HL7632,B748,BOEING 747-8,L4J,H
71BF32,HL7732,B772,BOEING 777-200,L2J,H
71C032,HL8032,B738,BOEING 737-800,L2J,M
71C332,HL8332,B738,BOEING 737-800,L2J,M
728132,YI-306,C30J,LOCKHEED MARTIN C-130J Super Hercules,L4T,M
728832,YI-BAR,CRJ2,BOMBARDIER Regional Jet CRJ-200,L2J,M
730C32,EP-CAR,B734,BOEING 737-400,L2J,M
731A32,EP-FQR,A320,AIRBUS A-320,L2J,M
734D32,EP-SIR,B733,BOEING 737-300,L2J,M
735032,EP-TAR,MD83,MCDONNELL-DOUGLAS MD-83,L2J,M
735832,EP-VAR,B735,BOEING 737-500,L2J,M
739432,4X-CCT,PA27,PIPER PA-23-250 Aztec,L2P,L
739532,4X-HPM,AP32,AEROPRACT A-32,L1P,L
740732,JY-AYR,A320,AIRBUS A-320,L2J,M
748032,OD-MIG,H25B,HAWKER BEECHCRAFT Hawker 750/850,L2J,M
750232,9M-NKG,P28A,PIPER PA-28-140/150/160/180,L1P,L
758532,RP-C4113,A321,AIRBUS A-321,L2J,M
766832,AP-ZAR,ULAC,,L0-,-
76E732,9118,PC21,PILATUS PC-21,L1T,L
780032,B-2831,B752,BOEING 757-200,L2J,M
780132,B-HNA,B772,BOEING 777-200,L2J,H
780232,B-LJB,B748,BOEING 747-8,L4J,H
780632,B-5508,B738,BOEING 737-800,L2J,M
780732,B-3178,E190,EMBRAER ERJ-190-100,L2J,M
780932,B-5908,A332,AIRBUS A-330-200,L2J,H
780B32,B-9948,A320,AIRBUS A-320,L2J,M
780D32,B-1619,A320,AIRBUS A-320,L2J,M
780E32,B-6016,B738,BOEING 737-800,L2J,M
780F32,B-8376,A321,AIRBUS A-321,L2J,M
781032,B-8641,A321,AIRBUS A-321,L2J,M
781132,B-8985,A320,AIRBUS A-320,L2J,M
781232,B-1317,B738,BOEING 737-800,L2J,M
781332,B-3297,CRJ9,BOMBARDIER Regional Jet CRJ-900,L2J,M
781432,B-300N,A20N,AIRBUS A-320neo,L2J,M
781832,B-10J9,FDCT,FLIGHT DESIGN CT,L1P,L
781C32,B-325L,A20N,AIRBUS A-320neo,L2J,M
781E32,B-32AX,A20N,AIRBUS A-320neo,L2J,M
789232,B-LXL,A35K,AIRBUS A-350-1000,L2J,H
798032,B-6031,A319,AIRBUS A-319,L2J,M
7BB032,B-2954,B733,BOEING 737-300,L2J,M
7BB132,B-5118,B738,BOEING 737-800,L2J,M
7C0232,VH-APW,C180,CESSNA  180 Skywagon,L1P,L
7C1032,VH-DHG,BE23,BEECH 23 Sundowner,L1P,L
7C1132,VH-DOK,C172,CESSNA 172 Skyhawk,L1P,L
7C1A32,VH-FGK,C55B,CESSNA 550B Citation Bravo,L2J,L
7C1B32,VH-FNO,T28,NORTH AMERICAN T-28,L1P,L
7C1C32,VH-FUS,R22,ROBINSON R-22 Mariner,H1P,L
7C2532,VH-HMS,HUNT,HAWKER Hunter,L1J,M
7C2A32,VH-IMC,C182,CESSNA 182 Skylane,L1P,L
7C2E32,VH-JES,C208,CESSNA 208 Caravan,L1T,L
7C3332,VH-KEC,M20P,MOONEY M-20,L1P,L
7C3D32,VH-MDG,C210,CESSNA 201 Centurion,L1P,L
7C3E32,VH-MKK,GA8,GIPPSAERO GA-8 Airvan,L1P,L
7C4032,VH-MYS,C206,CESSNA  206 Stationair,L1P,L
7C4532,VH-NYC,AS50,AEROSPATIALE AS-350 Ecureuil,H1T,L
7C4A32,VH-OXW,PA44,PIPER PA-44 Seminole,L2P,L
7C4E32,VH-PQC,C206,CESSNA  206 Stationair,L1P,L
7C5C32,VH-SHW,C208,CESSNA 208 Caravan,L1T,L
7C6132,VH-THG,C210,CESSNA 201 Centurion,L1P,L
7C6332,VH-TVO,P28A,PIPER PA-28-140/150/160/180,L1P,L
7C6B32,VH-VGK,R22,ROBINSON R-22 Mariner,H1P,L
7C6D32,VH-VUS,B738,BOEING 737-800,L2J,M
7C7532,VH-XFO,PTS2,PITTS S-2 Special,L1P,L
7C7632,VH-XMS,C172,CESSNA 172 Skyhawk,L1P,L
7C7732,VH-XTW,BE33,BEECH 33 Bonanza,L1P,L
7C7C32,VH-YTG,DA40,DIAMOND DA-40 Club Star,L1P,L
7C7F32,VH-ZES,C172,CESSNA 172 Skyhawk,L1P,L
7C8032,VH-ZLW,SF34,SAAB 340,L2T,M
7CC532,23-2014,ULAC,,L0-,-
7CF832,A97-442,C30J,LOCKHEED MARTIN C-130J Super Hercules,L4T,M
7CFA32,A32-003,B350,BEECHCRAFT Super King Air 350,L2T,M
800332,KC-3801,C30J,LOCKHEED MARTIN C-130J Super Hercules,L4T,M
800732,VT-ANL,B788,BOEING 787-8 Dreamliner,L2J,H
800B32,VT-KJG,E35L,EMBRAER EMB-135 Legacy,L2J,M
800C32,VT-BBI,R44,ROBINSON R-44 Raven,H1P,L
800D32,VT-IZI,A20N,AIRBUS A-320neo,L2J,M
800F32,IN754,H60,SIKORSKY UH-60 Black Hawk,H2T,M
801432,VT-IST,A20N,AIRBUS A-320neo,L2J,M
801532,VT-IMZ,A21N,AIRBUS A-321neo,L2J,M
840032,JA001G,GLF4,GULFSTREAM 4,L2J,M
840532,JA01DC,C172,CESSNA 172 Skyhawk,L1P,L
840732,JA020A,SR20,CIRRUS SR-20,L1P,L
846932,JA148A,A21N,AIRBUS A-321neo,L2J,M
861F32,JA6170,B06,BELL 206 JetRanger,H1T,L
863B32,JA692A,EC25,AIRBUS HELICOPTERS EC-225/725,H2T,M
867C32,JA724A,DH8C,DE HAVILLAND DHC-8-300 Dash 8,L2T,M
868732,JA756A,B773,BOEING 777-300,L2J,H
869232,JA788A,B77W,BOEING 777-300ER,L2J,H
87C832,5512,P1,KAWASAKI P-1,L4J,M
87CC32,78-1205,KC2,KAWASAKI C-2,L2J,H
883432,HS-MAR,DA42,DIAMOND DA-42 Guardian,L2P,L
885332,60202,A319,AIRBUS A-319,L2J,M
888132,VN-8635,G2CA,GUIMBAL G-2 Cabri,H1P,L
896332,A6-FEA,B738,BOEING 737-800,L2J,M
896532,A6-FMM,B38M,BOEING 737 MAX 8,L2J,M
896C32,1332,SF34,SAAB 340,L2T,M
899032,B-16729,B77W,BOEING 777-300ER,L2J,H
899132,B-17003,AT76,ATR-72-600,L2T,M
8A0132,LL-0110,KT1,KOREAN AEROSPACE KT-1,L1T,L
8A0432,PK-WTZ,C172,CESSNA 172 Skyhawk,L1P,L
8A0532,PK-GPY,A333,AIRBUS A-330-300,L2J,H
8A0832,PK-LDM,B738,BOEING 737-800,L2J,M
8A0932,A-0808,FA8X,DASSAULT Falcon 8X,L3J,M
A00032,N1BY,HROC,HARMON Rocket,L1P,L
A00532,N100FA,C150,CESSNA 150,L1P,L
A00632,N100RG,BE36,BEECH 36 Bonanza,L1P,L
A00932,N101HZ,F2TH,DASSAULT Falcon 2000,L2J,M
A00A32,N101UE,B190,BEECH 1900,L2T,M
A00B32,N1013F,AT3P,AIR TRACTOR AT-301/401,L1P,L
A00C32,N102AR,S22T,CIRRUS SR-22T Turbo,L1P,L
A01032,N103DP,A660,THRUSH S-2R Turbo 660,L1T,L
A01332,N1037M,C150,CESSNA 150,L1P,L
A01432,N104GM,PA15,PIPER PA-15 Vagabond,L1P,L
A01532,N104ST,RV10,VANS RV-10,L1P,L
A01632,N1042D,RV8,VANS RV-8,L1P,L
A01B32,N106CB,BL17,BELLANCA 17 Viking,L1P,L
A01F32,N107F,TOBA,SOCATA Tobago,L1P,L
A02032,N107RF,C172,CESSNA 172 Skyhawk,L1P,L
A02232,N1078N,B06,BELL 206 JetRanger,H1T,L
A02532,N1083E,BL8,BELLANCA 8 Decathlon,L1P,L
A02C32,N110,ZZZZ,,-0-,-
A02D32,N110LE,C680,CESSNA 680 Citation Sovereign,L2J,M
A02F32,N11042,CH7A,BELLANCA 7 Champion,L1P,L
A03032,N111CX,A319,AIRBUS A-319,L2J,M
A03132,N111PC,B36T,BEECH 36 Turbine Bonanza,L1T,L
A03332,N11165,E45X,EMBRAER ERJ-145XR,L2J,M
A03532,N112SA,L13M,LET L-13 Blanik,L1P,L
A03732,N11288,C650,CESSNA 650 Citation,L2J,M
A03832,N113JT,BE36,BEECH 36 Bonanza,L1P,L
A03A32,N11330,C177,CESSNA  177 Cardinal,L1P,L
A03E32,N11453,WACF,WACO F,L1P,L
A04332,N116HF,CL30,BOMBARDIER BD-100 Challenger 300,L2J,M
A04432,N116TM,,,,
A04532,N1162Y,C150,CESSNA 150,L1P,L
A04932,N11741,,,,
A04A32,N118CW,ULAC,,L0-,-
A04B32,N118PB,,,,
A05432,N120FC,UH1,BELL UH-1 Huey,H1T,L
A05632,N1201E,C172,CESSNA 172 Skyhawk,L1P,L
A05832,N121JA,GLAS,Glasair,L1P,L
A05A32,N1213H,GYRO,,G0-,-
A06032,N123PX,SLG4,AIRPLANE FACTORY Sling 4,L1P,L
A06132,N1230C,PA22,PIPER PA-22,L1P,L
A06332,N124GP,B190,BEECH 1900,L2T,M
A06532,N1242F,BALL,,B0-,-
A06632,N1249S,C182,CESSNA 182 Skylane,L1P,L
A06732,N125KM,ULAC,,L0-,-
A06832,N125VT,ULAC,,L0-,-
A06932,N1254J,VO10,NORTH AMERICAN ROCKWELL Commander 100,L1P,L
A06B32,N126NK,GLID,,L0-,-
A06D32,N1266M,C337,CESSNA 337 Super Skymaster,L2P,L
A07532,N129AS,C310,CESSNA 310,L2P,L
A07A32,N13PW,GLID,,L0-,-
A07B32,N130AA,M600,PIPER PA-46-600TP,L1T,L
A08232,N13167,ZZZZ,,-0-,-
A08432,N132SC,PARA,,P0-,-
A09232,N136HH,SR22,CIRRUS SR-22,L1P,L
A09332,N136TP,BE36,BEECH 36 Bonanza,L1P,L
A09A32,N138PD,B407,BELL 407,H1T,L
A09D32,N139FW,A139,AGUSTA AW-139,H2T,L
A09E32,N139SB,ULAC,,L0-,-
A0A032,N13989,E145,EMBRAER ERJ-145,L2J,M
A0A232,N14V,BE9L,BEECH 90 King Air,L2T,L
A0A332,N140FE,B763,BOEING 767-300,L2J,H
A0A432,N140RL,BE20,BEECH 200 Super King Air,L2T,M
A0A632,N1408T,P28A,PIPER PA-28-140/150/160/180,L1P,L
A0A932,N1413K,L8,LUSCOMBE 8,L1P,L
A0AB32,N142MA,B407,BELL 407,H1T,L
A0AD32,N1425N,J3,PIPER J-3 Cub,L1P,L
A0AE32,N143DT,CH60,ZENAIR CH-600 Zodiac,L1P,L
A0B032,N1430E,CH7A,BELLANCA 7 Champion,L1P,L
A0B132,N1437R,C82S,CESSNA T182 Turbo Skylane,L1P,L
A0B532,N1449U,C172,CESSNA 172 Skyhawk,L1P,L
A0C132,N148JB,C182,CESSNA 182 Skylane,L1P,L
A0C332,N1483J,AC11,NORTH AMERICAN ROCKWELL Commander 112/114,L1P,L
A0C532,N149M,,,,
A0C832,N15DS,C320,CESSNA 320 Skyknight,L2P,L
A0C932,N15PY,TRDO,TITAN Tornado SS,L1P,L
A0CA32,N150AC,SS2T,TRUSH Turbo Thrush 500/550,L1T,L
A0CB32,N150LJ,C150,CESSNA 150,L1P,L
A0CD32,N15046,P28A,PIPER PA-28-140/150/160/180,L1P,L
A0CE32,N151DA,C150,CESSNA 150,L1P,L
A0D132,N15169,P28R,PIPER PA-28R-180/200/201,L1P,L
A0D432,N15211,WACC,WACO C/S,L1P,L
A0D532,N1529B,L8,LUSCOMBE 8,L1P,L
A0D832,N15334,P28R,PIPER PA-28R-180/200/201,L1P,L
A0DC32,N15457,,,,
A0DF32,N1550Z,BE35,BEECH 35 Starfire Bonanza,L1P,L
A0E532,N157LH,P28A,PIPER PA-28-140/150/160/180,L1P,L
A0E632,N157WP,,,,
A0E832,N158D,C185,CESSNA 185 Skywagon,L1P,L
A0EB32,N15868,P28A,PIPER PA-28-140/150/160/180,L1P,L
A0EE32,N15910,E145,EMBRAER ERJ-145,L2J,M
A0EF32,N1599A,PA20,PIPER PA-20 Pacer,L1P,L
A0F832,N1613M,C185,CESSNA 185 Skywagon,L1P,L
A0FC32,N1625Q,C150,CESSNA 150,L1P,L
A10032,N1637T,C414,CESSNA 414 Chancellor,L2P,L
A10732,N1654N,FNKB,FUNK B,L1P,L
A10B32,N1666R,ULAC,,L0-,-
A10D32,N167RM,PA18,PIPER PA-18 Super Cub,L1P,L
A10E32,N1671H,P28R,PIPER PA-28R-180/200/201,L1P,L
A11932,N170AE,B733,BOEING 737-300,L2J,M
A11B32,N170WS,C170,CESSNA 170,L1P,L
A11D32,N171DC,BE20,BEECH 200 Super King Air,L2T,M
A12032,N1717A,PA22,PIPER PA-22,L1P,L
A12132,N172GA,B190,BEECH 1900,L2T,M
A12232,N172SG,C172,CESSNA 172 Skyhawk,L1P,L
A12332,N17213,ST75,STEARMAN Kaydet,L1P,L
A12E32,N17501,,,,
A13332,N177AD,PTMS,PITTS S-12 Super Stinker,L1P,L
A13632,N17747,BE33,BEECH 33 Bonanza,L1P,L
A13732,N178DB,PA46,PIPER PA-46-310/350,L1P,L
A13B32,N179G,ERCO,AIR PRODUCTS F-1 Aircoupe,L1P,L
A13C32,N179SF,B407,BELL 407,H1T,L
A13D32,N17912,GLID,,L0-,-
A14132,N180FJ,C180,CESSNA  180 Skywagon,L1P,L
A14332,N1801L,BE95,BEECH 95 Travel Air,L2P,L
A14432,N1808X,C182,CESSNA 182 Skylane,L1P,L
A14732,N1813P,FOX,KITFOX,L1P,L
A14832,N182AZ,C182,CESSNA 182 Skylane,L1P,L
A14932,N182ME,C82S,CESSNA T182 Turbo Skylane,L1P,L
A14A32,N182XL,C82R,CESSNA R182 Skylane RG,L1P,L
A14B32,N1825S,BE36,BEECH 36 Bonanza,L1P,L
A14E32,N1830J,P28A,PIPER PA-28-140/150/160/180,L1P,L
A15132,N184TA,RV8,VANS RV-8,L1P,L
A15632,N1854Q,C77R,CESSNA 177RG Cardinal RG,L1P,L
A15732,N186CK,SR22,CIRRUS SR-22,L1P,L
A15E32,N1878W,CRER,RANS Courier,L1P,L
A15F32,N188JF,BE40,BEECH 400 Beechjet,L2J,M
A16132,N1883N,C120,CESSNA 120,L1P,L
A16332,N189MD,B350,BEECHCRAFT Super King Air 350,L2T,M
A16632,N19DW,S22T,CIRRUS SR-22T Turbo,L1P,L
A16832,N190AG,AA5,AMERICAN AA-5 Tiger,L1P,L
A16F32,N1917C,C170,CESSNA 170,L1P,L
A17032,N192GC,C208,CESSNA 208 Caravan,L1T,L
A17332,N1929F,ZZZZ,,-0-,-
A17632,N19338,AERK,AERONCA Sea Scout,L1P,L
A17A32,N1946A,PA18,PIPER PA-18 Super Cub,L1P,L
A17F32,N196HP,P32R,PIPER PA-32R-300/301/301T,L1P,L
A18032,N196TV,B06,BELL 206 JetRanger,H1T,L
A18532,N19749,C172,CESSNA 172 Skyhawk,L1P,L
A18932,N1987B,,,,
A18A32,N199GB,VEZE,RUTAN VariEze,L1P,L
A18B32,N199SH,C82T,CESSNA TR182 Turbo Skylane RG,L1P,L
A18C32,N19914,C180,CESSNA  180 Skywagon,L1P,L
A18E32,N2K,ZZZZ,,-0-,-
A19032,N20FL,H500,HUGHES 500,H1T,L
A19132,N20RS,C185,CESSNA 185 Skywagon,L1P,L
A19332,N200NC,C550,CESSNA 550 Citation S2,L2J,L
A19532,N2006E,CH7A,BELLANCA 7 Champion,L1P,L
A19732,N201RA,M20P,MOONEY M-20,L1P,L
A19932,N2018H,ERCO,AIR PRODUCTS F-1 Aircoupe,L1P,L
A19C32,N2023,T6,NORTH AMERICAN T-6 Texan,L1P,L
A19D32,N203AK,C180,CESSNA  180 Skywagon,L1P,L
A1A032,N2035C,CH7A,BELLANCA 7 Champion,L1P,L
A1A132,N204DH,BE40,BEECH 400 Beechjet,L2J,M
A1A732,N20518,C172,CESSNA 172 Skyhawk,L1P,L
A1A832,N2059J,A21N,AIRBUS A-321neo,L2J,M
A1A932,N206KD,T206,CESSNA T206 Turbo Stationair,L1P,L
A1AC32,N207BW,,,,
A1AE32,N207YH,C207,CESSNA 207 Turbo Stationair,L1P,L
A1AF32,N2076D,BE35,BEECH 35 Starfire Bonanza,L1P,L
A1B232,N20806,C182,CESSNA 182 Skylane,L1P,L
A1B632,N20929,C182,CESSNA 182 Skylane,L1P,L
A1B732,N21AJ,TOBA,SOCATA Tobago,L1P,L
A1BB32,N210TG,T210,CESSNA T210 Turbo Centurion,L1P,L
A1C032,N2114W,BE23,BEECH 23 Sundowner,L1P,L
A1C132,N212CR,CL60,BOMBARDIER CL-600 Challenger,L2J,M
A1C632,N213RV,RV10,VANS RV-10,L1P,L
A1C732,N2131R,C182,CESSNA 182 Skylane,L1P,L
A1C832,N21382,PA34,PIPER PA-34 Seneca,L2P,L
A1C932,N214JM,P28R,PIPER PA-28R-180/200/201,L1P,L
A1D332,N21670,C172,CESSNA 172 Skyhawk,L1P,L
A1D532,N217TF,RV12,VANS RV-12,L1P,L
A1D732,N21793,T34P,BEECH T-34 Mentor,L1P,L
A1D932,N218WD,DRON,,D0-,-
A1DA32,N2184V,C140,CESSNA 140,L1P,L
A1DB32,N219CQ,C25A,CESSNA 525A Citation CJ2,L2J,L
A1E432,N2206G,T28,NORTH AMERICAN T-28,L1P,L
A1E832,N2218K,L8,LUSCOMBE 8,L1P,L
A1E932,N222HV,,,,
A1EA32,N222UA,B772,BOEING 777-200,L2J,H
A1EB32,N2223B,P28A,PIPER PA-28-140/150/160/180,L1P,L
A1EC32,N223AM,B407,BELL 407,H1T,L
A1EF32,N2235E,C172,CESSNA 172 Skyhawk,L1P,L
A1F332,N2247H,ERCO,AIR PRODUCTS F-1 Aircoupe,L1P,L
A1F432,N225GH,B06,BELL 206 JetRanger,H1T,L
A1F532,N225SP,BE35,BEECH 35 Starfire Bonanza,L1P,L
A1F732,N2259L,BE23,BEECH 23 Sundowner,L1P,L
A1FA32,N2264C,,,,
A1FB32,N227BY,BE95,BEECH 95 Travel Air,L2P,L
A20632,N23AL,P32R,PIPER PA-32R-300/301/301T,L1P,L
A20A32,N230TJ,EC30,AIRBUS HELICOPTERS EC-130,H1T,L
A20B32,N2302V,PA18,PIPER PA-18 Super Cub,L1P,L
A20C32,N23096,C150,CESSNA 150,L1P,L
A20D32,N231LA,M20P,MOONEY M-20,L1P,L
A20E32,N231WG,M20P,MOONEY M-20,L1P,L
A21032,N232CT,VTRA,RANS Venterra,L1P,L
A21332,N23261,C150,CESSNA 150,L1P,L
A21432,N233FR,A320,AIRBUS A-320,L2J,M
A21832,N234JP,M20P,MOONEY M-20,L1P,L
A21A32,N2343W,BE23,BEECH 23 Sundowner,L1P,L
A22132,N2360R,P28A,PIPER PA-28-140/150/160/180,L1P,L
A22432,N237TH,C172,CESSNA 172 Skyhawk,L1P,L
A22532,N2372U,C172,CESSNA 172 Skyhawk,L1P,L
A22932,N2384X,C182,CESSNA 182 Skylane,L1P,L
A22A32,N239CS,C170,CESSNA 170,L1P,L
A22F32,N24RW,GLAS,Glasair,L1P,L
A23032,N240CA,COL4,CESSNA 400 Corvalis TT,L1P,L
A23332,N2406J,PA18,PIPER PA-18 Super Cub,L1P,L
A23732,N2418M,PA12,PIPER PA-12 Super Cruiser,L1P,L
A23A32,N2423D,C170,CESSNA 170,L1P,L
A23E32,N2435G,C182,CESSNA 182 Skylane,L1P,L
A24232,N2447K,PA38,PIPER PA-38 Tomahawk,L1P,L
A24432,N245SR,SR20,CIRRUS SR-20,L1P,L
A24632,N2459N,C140,CESSNA 140,L1P,L
A24932,N2464E,CH7A,BELLANCA 7 Champion,L1P,L
A24A32,N247C,S108,STINSON 108 Voyager,L1P,L
A25032,N2481,,,,
A25132,N2488L,PARA,,P0-,-
A25432,N2493C,C180,CESSNA  180 Skywagon,L1P,L
A25532,N25AN,LJ35,LEARJET 35,L2J,M
A25B32,N25098,AR6T,AERONCA 65 Tandem,L1P,L
A25E32,N25140,PA38,PIPER PA-38 Tomahawk,L1P,L
A25F32,N252CV,SF50,CIRRUS SF-50 Vision,L1J,L
A26232,N25263,L8,LUSCOMBE 8,L1P,L
A26632,N25386,P28A,PIPER PA-28-140/150/160/180,L1P,L
A26932,N2543Y,,,,
A26A32,N255BH,D228,DORNIER 228,L2T,L
A27432,N2572W,M20P,MOONEY M-20,L1P,L
A27532,N25797,J3,PIPER J-3 Cub,L1P,L
A27D32,N26FS,C150,CESSNA 150,L1P,L
A28232,N2606L,PA38,PIPER PA-38 Tomahawk,L1P,L
A28D32,N2635J,C150,CESSNA 150,L1P,L
A29132,N2647M,,,,
A29432,N2652D,C170,CESSNA 170,L1P,L
A29532,N2659Q,C182,CESSNA 182 Skylane,L1P,L
A29C32,N2676K,C180,CESSNA  180 Skywagon,L1P,L
A2A632,N27XB,BIPL,EAA Biplane,L1P,L
A2AA32,N271,,,,
A2AF32,N272PC,AS29,SCHLEICHER ASG-29,L1P,L
A2B332,N273SA,SKAR,III Sky Arrow,L1P,L
A2BF32,N2760V,C77R,CESSNA 177RG Cardinal RG,L1P,L
A2C032,N27676,J3,PIPER J-3 Cub,L1P,L
A2C232,N277TM,C182,CESSNA 182 Skylane,L1P,L
A2C832,N279CW,S22T,CIRRUS SR-22T Turbo,L1P,L
A2CB32,N27964,B789,BOEING 787-9 Dreamliner,L2J,H
A2CD32,N28S,DHC2,DE HAVILLAND DHC-2 Beaver,L1P,L
A2D332,N281RJ,RV10,VANS RV-10,L1P,L
A2D432,N2811E,CH7A,BELLANCA 7 Champion,L1P,L
A2DC32,N2835L,C172,CESSNA 172 Skyhawk,L1P,L
A2DF32,N2840C,WAIX,SONEX Waiex,L1P,L
A2E332,N2852F,C182,CESSNA 182 Skylane,L1P,L
A2E432,N2859S,C150,CESSNA 150,L1P,L
A2E832,N287CD,C650,CESSNA 650 Citation,L2J,M
A2EB32,N2876M,PA12,PIPER PA-12 Super Cruiser,L1P,L
A2EE32,N2881D,PA32,PIPER PA-32,L1P,L
A2EF32,N2888Q,C172,CESSNA 172 Skyhawk,L1P,L
A2F032,N289J,SONX,SONEX AIRCRAFT Sonex,L1P,L
A2F332,N29AS,GLID,,L0-,-
A2F832,N29021,P28R,PIPER PA-28R-180/200/201,L1P,L
A2FB32,N291WN,B737,BOEING 737-700,L2J,M
A30232,N293SC,FOX,KITFOX,L1P,L
A30732,N29432,C177,CESSNA  177 Cardinal,L1P,L
A30932,N295MT,DRON,,D0-,-
A30F32,N29678,T6,NORTH AMERICAN T-6 Texan,L1P,L
A31132,N297TP,SR20,CIRRUS SR-20,L1P,L
A31632,N29843,TAYB,TAYLORCRAFT BC/BF/BL,L1P,L
A31D32,N30CG,VEZE,RUTAN VariEze,L1P,L
A32032,N300JZ,GLF2,GULFSTREAM 2,L2J,M
A32432,N301MX,HUSK,CHRISTEN Husky,L1P,L
A32532,N301YC,NIMB,SCHEMPP-HIRTH Nimbus,L1P,L
A32932,N30201,,,,
A32A32,N3028B,BALL,,B0-,-
A32B32,N303HM,GLF6,GULFSTREAM G650,L2J,M
A32C32,N303TT,BE36,BEECH 36 Bonanza,L1P,L
A33232,N305DB,,,,
A33332,N305PH,EC35,AIRBUS HELICOPTERS EC-135/635,H2T,L
A33832,N30612,C177,CESSNA  177 Cardinal,L1P,L
A33932,N3069C,P28A,PIPER PA-28-140/150/160/180,L1P,L
A33C32,N30735,J3,PIPER J-3 Cub,L1P,L
A34032,N30858,C177,CESSNA  177 Cardinal,L1P,L
A34332,N30900,C177,CESSNA  177 Cardinal,L1P,L
A34432,N3098A,C170,CESSNA 170,L1P,L
A34632,N31TS,AS20,SCHLEICHER ASW-20,L1P,L
A34A32,N3107V,ULAC,,L0-,-
A34C32,N311TA,AA5,AMERICAN AA-5 Tiger,L1P,L
A35232,N313CK,FOUG,AEROSPATIALE CM-170 Magister,L2J,L
A35832,N3141K,PZ04,PZL-OKECIE PZL-104 Wilga,L1P,L
A35A32,N315JF,R22,ROBINSON R-22 Mariner,H1P,L
A35E32,N316MD,BE9L,BEECH 90 King Air,L2T,L
A36032,N3165R,C182,CESSNA 182 Skylane,L1P,L
A36332,N3170H,ERCO,AIR PRODUCTS F-1 Aircoupe,L1P,L
A36432,N3177U,BALL,,B0-,-
A36732,N3182L,BE58,BEECH 58 Baron,L2P,L
A36932,N319KS,C82T,CESSNA TR182 Turbo Skylane RG,L1P,L
A36B32,N3194P,PA18,PIPER PA-18 Super Cub,L1P,L
A36C32,N32CJ,GLID,,L0-,-
A36F32,N320KA,BE9L,BEECH 90 King Air,L2T,L
A37532,N3216A,BE36,BEECH 36 Bonanza,L1P,L
A37832,N32203,S10,STINSON 10 Voyager,L1P,L
A37932,N3228D,C180,CESSNA  180 Skywagon,L1P,L
A37C32,N32326,P28A,PIPER PA-28-140/150/160/180,L1P,L
A37E32,N324LM,C560,CESSNA 560 Citation Ultra,L2J,M
A38132,N325DD,T210,CESSNA T210 Turbo Centurion,L1P,L
A38432,N3257B,PA18,PIPER PA-18 Super Cub,L1P,L
A38832,N3269E,AR11,AERONCA 11 Chief,L1P,L
A38B32,N32737,J3,PIPER J-3 Cub,L1P,L
A38F32,N3286,T6,NORTH AMERICAN T-6 Texan,L1P,L
A39432,N33HN,BE35,BEECH 35 Starfire Bonanza,L1P,L
A39832,N3300L,SS2T,TRUSH Turbo Thrush 500/550,L1T,L
A39932,N3307X,C310,CESSNA 310,L2P,L
A39B32,N331TC,C414,CESSNA 414 Chancellor,L2P,L
A3A132,N333CM,C120,CESSNA 120,L1P,L
A3A232,N333NT,BE95,BEECH 95 Travel Air,L2P,L
A3A732,N3341M,PA12,PIPER PA-12 Super Cruiser,L1P,L
A3A832,N3348Y,C182,CESSNA 182 Skylane,L1P,L
A3AA32,N335UP,B763,BOEING 767-300,L2J,H
A3AC32,N336B,SR22,CIRRUS SR-22,L1P,L
A3B232,N3370K,GC1,GLOBE Swift,L1P,L
A3B732,N3389Z,PA18,PIPER PA-18 Super Cub,L1P,L
A3B932,N339W,GLST,GLASAIR SH-4 GlaStar,L1P,L
A3BA32,N3394R,C182,CESSNA 182 Skylane,L1P,L
A3BB32,N34CL,C175,CESSNA 175 Skylark,L1P,L
A3BE32,N340KC,C340,CESSNA 340 Super,L2P,L
A3C032,N3404,S22T,CIRRUS SR-22T Turbo,L1P,L
A3C432,N3416C,C170,CESSNA 170,L1P,L
A3C532,N342ET,GAZL,AEROSPATIALE SA-341 Gazelle,H1T,L
A3C732,N34205,C77R,CESSNA 177RG Cardinal RG,L1P,L
A3C832,N3428F,C182,CESSNA 182 Skylane,L1P,L
A3CA32,N343TX,S22T,CIRRUS SR-22T Turbo,L1P,L
A3CC32,N344AH,C310,CESSNA 310,L2P,L
A3CF32,N3445A,PA22,PIPER PA-22,L1P,L
A3D132,N345PM,BE35,BEECH 35 Starfire Bonanza,L1P,L
A3D332,N3457D,C170,CESSNA 170,L1P,L
A3D632,N34616,C177,CESSNA  177 Cardinal,L1P,L
A3DA32,N34739,C177,CESSNA  177 Cardinal,L1P,L
A3DC32,N348N,E50P,EMBRAER EMB-500 Phenom 100,L2J,L
A3DE32,N3486B,BE35,BEECH 35 Starfire Bonanza,L1P,L
A3E132,N34904,C177,CESSNA  177 Cardinal,L1P,L
A3E432,N35TW,BE35,BEECH 35 Starfire Bonanza,L1P,L
A3E732,N3500N,J3,PIPER J-3 Cub,L1P,L
A3E832,N3507Z,PA22,PIPER PA-22,L1P,L
A3EC32,N35192,C177,CESSNA  177 Cardinal,L1P,L
A3EF32,N3524U,C182,CESSNA 182 Skylane,L1P,L
A3F032,N353CP,C82T,CESSNA TR182 Turbo Skylane RG,L1P,L
A3F332,N3536X,M20P,MOONEY M-20,L1P,L
A3F632,N3541P,PA22,PIPER PA-22,L1P,L
A3FB32,N356BB,,,,
A3FE32,N3565V,C140,CESSNA 140,L1P,L
A3FF32,N357E,SR22,CIRRUS SR-22,L1P,L
A40232,N3577Y,C182,CESSNA 182 Skylane,L1P,L
A40432,N358TD,GALX,GULFSTREAM G200,L2J,M
A40832,N359WB,CRER,RANS Courier,L1P,L
A40A32,N36CN,BE36,BEECH 36 Bonanza,L1P,L
A41632,N36207,B738,BOEING 737-800,L2J,M
A41732,N3628H,M20P,MOONEY M-20,L1P,L
A41A32,N3633,,,,
A41B32,N364AK,B412,BELL 412,H2T,L
A42232,N3657F,B47G,BELL 47G,H1P,L
A42432,N366SM,F2TH,DASSAULT Falcon 2000,L2J,M
A42A32,N368BW,BE60,BEECH 60 Duke,L2P,L
A42B32,N368NB,A319,AIRBUS A-319,L2J,M
A42F32,N369R,LGEZ,RUTAN Long-EZ,L1P,L
A43332,N37TY,FA7X,DASSAULT Falcon 7X,L3J,M
A43632,N3700Q,P28R,PIPER PA-28R-180/200/201,L1P,L
A44532,N3741R,C172,CESSNA 172 Skyhawk,L1P,L
A44E32,N377EB,C206,CESSNA  206 Stationair,L1P,L
A45032,N3770P,T6,NORTH AMERICAN T-6 Texan,L1P,L
A45232,N378H,T206,CESSNA T206 Turbo Stationair,L1P,L
A45432,N3782S,C172,CESSNA 172 Skyhawk,L1P,L
A45832,N3794V,C140,CESSNA 140,L1P,L
A45E32,N3804D,C182,CESSNA 182 Skylane,L1P,L
A46A32,N384AM,C421,CESSNA 421 Executive Commuter,L2P,L
A46F32,N385PR,CRUZ,CSA PS-28 Cruiser,L1P,L
A47332,N386SP,C172,CESSNA 172 Skyhawk,L1P,L
A47532,N3869L,EXEC,ROTORWAY Exec,H1P,L
A47C32,N3886F,,,,
A47F32,N38908,P32R,PIPER PA-32R-300/301/301T,L1P,L
A48132,N39HU,HUSK,CHRISTEN Husky,L1P,L
A48532,N3900S,C172,CESSNA 172 Skyhawk,L1P,L
A48732,N391HC,BE30,BEECH 300 Super King Air,L2T,L
A48932,N3912V,PARA,,P0-,-
A49132,N39361,,,,
A49232,N394FR,A20N,AIRBUS A-320neo,L2J,M
A49632,N395JP,DA40,DIAMOND DA-40 Club Star,L1P,L
A49832,N3953W,ULAC,,L0-,-
A49C32,N3965Z,PA18,PIPER PA-18 Super Cub,L1P,L
A49F32,N3970R,P28A,PIPER PA-28-140/150/160/180,L1P,L
A4A032,N39772,SRAI,GREAT PLAINS Sonerai,L1P,L
A4A332,N3982U,C150,CESSNA 150,L1P,L
A4A432,N39895,BL17,BELLANCA 17 Viking,L1P,L
A4A932,N4NY,P46T,PIPER PA-46-500TP,L1T,L
A4AA32,N4ZD,GLID,,L0-,-
A4AF32,N4001X,SS2P,ROCKWELL Thrush Commander,L1P,L
A4B032,N40088,ULAC,,L0-,-
A4B132,N401JT,PAY3,PIPER PA-42-720 Cheyenne 3,L2T,L
A4B432,N402BK,C402,CESSNA 402 Businessliner,L2P,L
A4B632,N402XX,,,,
A4BD32,N404TM,H25B,HAWKER BEECHCRAFT Hawker 750/850,L2J,M
A4C132,N405WK,BE30,BEECH 300 Super King Air,L2T,L
A4C332,N406CW,BN2P,BRITTEN-NORMAN BN-2 Islander,L2P,L
A4C832,N407S,P28A,PIPER PA-28-140/150/160/180,L1P,L
A4C932,N4071W,PARA,,P0-,-
A4CA32,N40787,P28A,PIPER PA-28-140/150/160/180,L1P,L
A4CB32,N408JS,GLF4,GULFSTREAM 4,L2J,M
A4CD32,N4083Z,PA18,PIPER PA-18 Super Cub,L1P,L
A4D232,N41EG,B58T,BEECH 58TC Baron,L2P,L
A4D432,N410AT,GL5T,BOMBARDIER BD-700 Global 5000/5500,L2J,M
A4D832,N411DR,C82S,CESSNA T182 Turbo Skylane,L1P,L
A4DE32,N4122F,AS50,AEROSPATIALE AS-350 Ecureuil,H1T,L
A4E232,N4134J,P28A,PIPER PA-28-140/150/160/180,L1P,L
A4E332,N414CD,C414,CESSNA 414 Chancellor,L2P,L
A4E632,N4146M,PA12,PIPER PA-12 Super Cruiser,L1P,L
A4E832,N415RH,,,,
A4E932,N4151D,P51,NORTH AMERICAN P-51 Mustang,L1P,L
A4EE32,N417AS,T6,NORTH AMERICAN T-6 Texan,L1P,L
A4F132,N4175K,PA46,PIPER PA-46-310/350,L1P,L
A4FC32,N420FX,E545,EMBRAER EMB545 Praetor 500,L2J,M
A4FE32,N4201Z,PA18,PIPER PA-18 Super Cub,L1P,L
A50132,N421VA,C421,CESSNA 421 Executive Commuter,L2P,L
A50232,N42132,C182,CESSNA 182 Skylane,L1P,L
A50432,N422MT,C82T,CESSNA TR182 Turbo Skylane RG,L1P,L
A50932,N4230X,S51,SIKORSKY S-51,H1P,L
A50C32,N424TP,P32R,PIPER PA-32R-300/301/301T,L1P,L
A50E32,N425A,LNC2,LANCAIR 200-320,L1P,L
A51132,N42543,C182,CESSNA 182 Skylane,L1P,L
A51332,N426PD,,,,
A51732,N427SB,RV7,VANS RV-7,L1P,L
A51932,N42789,ULAC,,L0-,-
A51C32,N42831,C182,CESSNA 182 Skylane,L1P,L
A51E32,N429MS,LJ35,LEARJET 35,L2J,M
A52032,N42954,J3,PIPER J-3 Cub,L1P,L
A52332,N430AV,P28R,PIPER PA-28R-180/200/201,L1P,L
A52432,N430MA,SW4,SWEARINGEN Metro,L2T,M
A52632,N4305N,P28B,PIPER PA-28-201T/235/236,L1P,L
A52832,N431PZ,,,,
A52932,N4310E,AR11,AERONCA 11 Chief,L1P,L
A52A32,N4317R,C172,CESSNA 172 Skyhawk,L1P,L
A52C32,N432SX,SONX,SONEX AIRCRAFT Sonex,L1P,L
A52D32,N4322H,M20P,MOONEY M-20,L1P,L
A52E32,N4329U,C150,CESSNA 150,L1P,L
A52F32,N433KP,DRON,,D0-,-
A53132,N4334L,C172,CESSNA 172 Skyhawk,L1P,L
A53232,N434CF,C25A,CESSNA 525A Citation CJ2,L2J,L
A53532,N4346P,PA46,PIPER PA-46-310/350,L1P,L
A53732,N435RK,CB1,HATZ CB-1 Classic,L1P,L
A53932,N4358S,ULAC,,L0-,-
A53A32,N436JB,BE35,BEECH 35 Starfire Bonanza,L1P,L
A53C32,N4363J,P28A,PIPER PA-28-140/150/160/180,L1P,L
A53E32,N437M,NAVI,NORTH AMERICAN Navion,L1P,L
A54032,N4375M,PA12,PIPER PA-12 Super Cruiser,L1P,L
A54332,N4380D,PA46,PIPER PA-46-310/350,L1P,L
A54432,N4387Q,C172,CESSNA 172 Skyhawk,L1P,L
A54632,N439SW,CRJ2,BOMBARDIER Regional Jet CRJ-200,L2J,M
A54A32,N44VU,SR20,CIRRUS SR-20,L1P,L
A54E32,N4409B,C170,CESSNA 170,L1P,L
A55532,N44257,TAYB,TAYLORCRAFT BC/BF/BL,L1P,L
A55832,N4430Z,PA18,PIPER PA-18 Super Cub,L1P,L
A55932,N4438,BN2P,BRITTEN-NORMAN BN-2 Islander,L2P,L
A55A32,N444HK,M20P,MOONEY M-20,L1P,L
A55B32,N444TR,C150,CESSNA 150,L1P,L
A56432,N44668,P28A,PIPER PA-28-140/150/160/180,L1P,L
A56732,N44710,P28A,PIPER PA-28-140/150/160/180,L1P,L
A56932,N448JW,RS12,RANS S-12 Super Airaile,L1P,L
A56B32,N44833,N3N,NAVAL AIRCRAFT FACTORY N3N,L1P,L
A57332,N450MC,R66,ROBINSON R-66,H1T,L
A57932,N4517T,P28A,PIPER PA-28-140/150/160/180,L1P,L
A57C32,N4522K,P210,CESSNA P210 Centurion,L1P,L
A58132,N454CH,RV7,VANS RV-7,L1P,L
A58432,N4546R,P28A,PIPER PA-28-140/150/160/180,L1P,L
A58632,N455RM,S22T,CIRRUS SR-22T Turbo,L1P,L
A58732,N4551H,PA15,PIPER PA-15 Vagabond,L1P,L
A58932,N456JD,RV8,VANS RV-8,L1P,L
A58C32,N457AW,CRJ2,BOMBARDIER Regional Jet CRJ-200,L2J,M
A58D32,N457MB,ULAC,,L0-,-
A58F32,N4575P,PA23,PIPER PA-23,L2P,L
A59232,N4580F,P28A,PIPER PA-28-140/150/160/180,L1P,L
A59332,N4587S,BE36,BEECH 36 Bonanza,L1P,L
A59432,N459GS,RV6,VANS RV-6,L1P,L
A5A432,N46259,C152,CESSNA 152,L1P,L
A5AA32,N464TT,PC12,PILATUS PC-12,L1T,L
A5AF32,N46547,SBOY,INTERPLANE Skyboy,L1P,L
A5B032,N466DB,R66,ROBINSON R-66,H1T,L
A5B732,N4679C,C170,CESSNA 170,L1P,L
A5C832,N4717V,AC90,NORTH AMERICAN ROCKWELL Turbo Commander 690/840,L2T,L
A5CA32,N472TA,P28A,PIPER PA-28-140/150/160/180,L1P,L
A5CB32,N4722M,PA11,PIPER PA-11 Cub Special,L1P,L
A5D732,N4758W,AC11,NORTH AMERICAN ROCKWELL Commander 112/114,L1P,L
A5DA32,N4763N,C182,CESSNA 182 Skylane,L1P,L
A5DC32,N477MD,LJ45,LEARJET 45,L2J,M
A5E232,N4787U,C180,CESSNA  180 Skywagon,L1P,L
A5E432,N479T,BE35,BEECH 35 Starfire Bonanza,L1P,L
A5E532,N4792L,ALGR,FANTASY AIR Allegro,L1P,L
A5E632,N4799X,C150,CESSNA 150,L1P,L
A5E732,N48KS,PTS1,PITTS S-1 Special,L1P,L
A5F432,N483ER,C172,CESSNA 172 Skyhawk,L1P,L
A5F632,N48303,J3,PIPER J-3 Cub,L1P,L
A5F832,N484HP,PA34,PIPER PA-34 Seneca,L2P,L
A5FB32,N485AF,MU2,MITSUBISHI MU-2 Marquise,L2T,L
A5FC32,N485LM,,,,
A5FE32,N48549,C152,CESSNA 152,L1P,L
A60632,N4879E,CH7B,BELLANCA 7 Citabria,L1P,L
A60732,N488K,C421,CESSNA 421 Executive Commuter,L2P,L
A61032,N490BA,GLEX,BOMBARDIER BD-700 Global 6000/6500,L2J,M
A61632,N4910L,P28A,PIPER PA-28-140/150/160/180,L1P,L
A61932,N492TC,BL17,BELLANCA 17 Viking,L1P,L
A61C32,N493KV,ULAC,,L0-,-
A61D32,N493WA,AS50,AEROSPATIALE AS-350 Ecureuil,H1T,L
A61E32,N4934S,C82R,CESSNA R182 Skylane RG,L1P,L
A61F32,N494CM,VELO,Velocity,L1P,L
A62232,N4946V,BL17,BELLANCA 17 Viking,L1P,L
A62532,N4951M,PA11,PIPER PA-11 Cub Special,L1P,L
A62732,N496JH,C560,CESSNA 560 Citation Ultra,L2J,M
A62A32,N497B,BE35,BEECH 35 Starfire Bonanza,L1P,L
A63532,N4999Z,PA22,PIPER PA-22,L1P,L
A63732,N5W,,,,
A63832,N50GE,SF50,CIRRUS SF-50 Vision,L1J,L
A63932,N50SL,R44,ROBINSON R-44 Raven,H1P,L
A63A32,N500CR,BE20,BEECH 200 Super King Air,L2T,M
A63C32,N500ZC,ULAC,,L0-,-
A63D32,N5006Z,PA22,PIPER PA-22,L1P,L
A63F32,N501RV,RV9,VANS RV-9,L1P,L
A64232,N502JM,,,,
A64432,N5023U,BALL,,B0-,-
A64632,N503MK,C208,CESSNA 208 Caravan,L1T,L
A64B32,N5040P,P28A,PIPER PA-28-140/150/160/180,L1P,L
A64D32,N505H,B505,BELL 505 JetRanger X,H1T,L
A64E32,N505TF,RV3,VANS RV-3,L1P,L
A64F32,N5052S,P28R,PIPER PA-28R-180/200/201,L1P,L
A65332,N5064V,MOR2,MORRISEY Nifty,L1P,L
A65A32,N5081Q,C310,CESSNA 310,L2P,L
A65E32,N5093T,BE19,BEECH 19 Sport,L1P,L
A65F32,N51BC,,,,
A66032,N51MJ,RV6,VANS RV-6,L1P,L
A66332,N510UA,B752,BOEING 757-200,L2J,M
A66532,N511AM,MU2,MITSUBISHI MU-2 Marquise,L2T,L
A66632,N511LT,ULAC,,L0-,-
A66832,N5115E,C172,CESSNA 172 Skyhawk,L1P,L
A66C32,N5127H,C172,CESSNA 172 Skyhawk,L1P,L
A66E32,N513SP,C172,CESSNA 172 Skyhawk,L1P,L
A66F32,N5132,WACO,WACO E/O,L1P,L
A67032,N5139L,P28A,PIPER PA-28-140/150/160/180,L1P,L
A67732,N5156F,,,,
A67A32,N51608,C172,CESSNA 172 Skyhawk,L1P,L
A68332,N519DJ,BE95,BEECH 95 Travel Air,L2P,L
A68632,N5197G,T206,CESSNA T206 Turbo Stationair,L1P,L
A68932,N520CT,S22T,CIRRUS SR-22T Turbo,L1P,L
A68C32,N52061,C77R,CESSNA 177RG Cardinal RG,L1P,L
A68F32,N5211T,RV8,VANS RV-8,L1P,L
A69132,N522JP,BE9L,BEECH 90 King Air,L2T,L
A69332,N5223W,P28A,PIPER PA-28-140/150/160/180,L1P,L
A69432,N523BF,AT8T,AIR TRACTOR AT-802,L1T,M
A69532,N523MM,ULAC,,L0-,-
A69A32,N5240R,C172,CESSNA 172 Skyhawk,L1P,L
A69D32,N525TH,C25B,CESSNA 525B Citation CJ3,L2J,L
A69E32,N5252U,M20P,MOONEY M-20,L1P,L
A69F32,N52595,C182,CESSNA 182 Skylane,L1P,L
A6A032,N526L,Z26,ZLIN Z-26/126/226/326/526/626/726,L1P,L
A6A232,N5264X,CH7B,BELLANCA 7 Citabria,L1P,L
A6A632,N52760,M18,PZL-MIELEC M-18 Dromader,L1P,L
A6A832,N528RW,P28B,PIPER PA-28-201T/235/236,L1P,L
A6A932,N5281S,P28A,PIPER PA-28-140/150/160/180,L1P,L
A6AB32,N529JN,,,,
A6B832,N532DM,P28A,PIPER PA-28-140/150/160/180,L1P,L
A6BB32,N5327K,NAVI,NORTH AMERICAN Navion,L1P,L
A6BF32,N5339N,C182,CESSNA 182 Skylane,L1P,L
A6C332,N535C,M20P,MOONEY M-20,L1P,L
A6C632,N5356H,PA16,PIPER PA-16 Clipper,L1P,L
A6D532,N5397J,C421,CESSNA 421 Executive Commuter,L2P,L
A6D632,N54GJ,ULAC,,L0-,-
A6D932,N540PA,LJ35,LEARJET 35,L2J,M
A6E432,N543MP,,,,
A6E932,N5440T,C172,CESSNA 172 Skyhawk,L1P,L
A6EA32,N54474,P28B,PIPER PA-28-201T/235/236,L1P,L
A6ED32,N5452W,BE65,BEECH 65 Queen Air,L2P,L
A6F332,N547P,BE30,BEECH 300 Super King Air,L2T,L
A6FA32,2611,B412,BELL 412,H2T,L
A6FB32,N549UW,A321,AIRBUS A-321,L2J,M
A6FD32,N55BG,,,,
A6FE32,N55MN,BE9L,BEECH 90 King Air,L2T,L
A70032,N550HZ,STLN,HELIO Stallion,L1T,L
A70232,N5503F,P28A,PIPER PA-28-140/150/160/180,L1P,L
A70432,N551LX,E300,EXTRA EA-300/330/350,L1P,L
A70732,N552DP,J5,PIPER J-5 Cub Cruiser,L1P,L
A70E32,N5539Q,M20P,MOONEY M-20,L1P,L
A71032,N554VR,PC12,PILATUS PC-12,L1T,L
A71232,N555CB,SR22,CIRRUS SR-22,L1P,L
A71832,N5561B,C182,CESSNA 182 Skylane,L1P,L
A71C32,N5573E,C150,CESSNA 150,L1P,L
A72232,N559PU,P28A,PIPER PA-28-140/150/160/180,L1P,L
A72532,N56GL,BT36,BEECH B36TC Bonanza,L1P,L
A72632,N56SS,SSTL,JUST JA30 SuperSTOL,L1P,L
A72732,N560CX,C560,CESSNA 560 Citation Ultra,L2J,M
A72832,N560PC,C152,CESSNA 152,L1P,L
A72C32,N561SA,C172,CESSNA 172 Skyhawk,L1P,L
A72D32,N5611X,SS2P,ROCKWELL Thrush Commander,L1P,L
A73132,N56230,,,,
A73532,N56353,P28R,PIPER PA-28R-180/200/201,L1P,L
A73B32,N565TM,DHC2,DE HAVILLAND DHC-2 Beaver,L1P,L
A73D32,N56599,J4,PIPER J-4 Cub Coupe,L1P,L
A74132,N567CW,C340,CESSNA 340 Super,L2P,L
A74832,N56887,P28A,PIPER PA-28-140/150/160/180,L1P,L
A74B32,N5693Z,PA22,PIPER PA-22,L1P,L
A74C32,N57BJ,C550,CESSNA 550 Citation S2,L2J,L
A74D32,N57MQ,BE40,BEECH 400 Beechjet,L2J,M
A74F32,N570JA,C172,CESSNA 172 Skyhawk,L1P,L
A75132,N5703H,PA16,PIPER PA-16 Clipper,L1P,L
A75232,N571AT,PA44,PIPER PA-44 Seminole,L2P,L
A75832,N5720C,C170,CESSNA 170,L1P,L
A75D32,N5739S,GLID,,L0-,-
A76032,N5744J,M20P,MOONEY M-20,L1P,L
A76132,N575CD,SR22,CIRRUS SR-22,L1P,L
A76C32,N578AS,DC6,DOUGLAS DC-6 Liftmaster,L4P,M
A76F32,N5785K,RV8,VANS RV-8,L1P,L
A77A32,N581FX,CL35,BOMBARDIER BD-100 Challenger 350,L2J,M
A77B32,N581SC,B06,BELL 206 JetRanger,H1T,L
A77F32,N582VA,RV12,VANS RV-12,L1P,L
A78232,N583MT,DA40,DIAMOND DA-40 Club Star,L1P,L
A78D32,N586LF,A119,AGUSTA AW-119 Koala,H1T,L
A79132,N587PD,BE33,BEECH 33 Bonanza,L1P,L
A79332,N58766,C182,CESSNA 182 Skylane,L1P,L
A79B32,N59BL,,,,
A79C32,N59MS,BL8,BELLANCA 8 Decathlon,L1P,L
A7A232,N591MA,C56X,CESSNA 560XL Citation XLS,L2J,M
A7A832,N5927R,C172,CESSNA 172 Skyhawk,L1P,L
A7A932,N593GR,SR22,CIRRUS SR-22,L1P,L
A7AA32,N593SX,SONX,SONEX AIRCRAFT Sonex,L1P,L
A7AF32,N5944L,AA1,AMERICAN AA-1,L1P,L
A7B032,N595CF,BE58,BEECH 58 Baron,L2P,L
A7B832,N597JB,A320,AIRBUS A-320,L2J,M
A7BF32,N599DS,BE33,BEECH 33 Bonanza,L1P,L
A7C332,N6GQ,M7,MAULE M-7,L1P,L
A7C532,N60DA,AS20,SCHLEICHER ASW-20,L1P,L
A7C832,N600KT,SR22,CIRRUS SR-22,L1P,L
A7CA32,N6004Q,M20P,MOONEY M-20,L1P,L
A7CC32,N601NR,CH60,ZENAIR CH-600 Zodiac,L1P,L
A7CE32,N6016T,C150,CESSNA 150,L1P,L
A7CF32,N602FH,AT6T,AIR TRACTOR AT-602,L1T,L
A7D132,N6021K,C172,CESSNA 172 Skyhawk,L1P,L
A7D232,N6028W,BALL,,B0-,-
A7D732,N604MD,C208,CESSNA 208 Caravan,L1T,L
A7DC32,N6050H,AT8T,AIR TRACTOR AT-802,L1T,M
A7DD32,N6057U,C162,CESSNA 162 Skycatcher,L1P,L
A7DF32,N606T,BE36,BEECH 36 Bonanza,L1P,L
A7E032,N6062L,AA5,AMERICAN AA-5 Tiger,L1P,L
A7E332,N607VY,,,,
A7E432,N6074P,PA24,PIPER PA-24 Comanche,L1P,L
A7E832,N6086S,C82R,CESSNA R182 Skylane RG,L1P,L
A7ED32,N61JE,F2TH,DASSAULT Falcon 2000,L2J,M
A7EF32,N610ER,C172,CESSNA 172 Skyhawk,L1P,L
A7F332,N611HP,C82T,CESSNA TR182 Turbo Skylane RG,L1P,L
A7F432,N611TV,R66,ROBINSON R-66,H1T,L
A7F532,N61126,C150,CESSNA 150,L1P,L
A7F632,N612AF,GLF4,GULFSTREAM 4,L2J,M
A7F732,N612LM,B350,BEECHCRAFT Super King Air 350,L2T,M
A7F832,N612WT,P28A,PIPER PA-28-140/150/160/180,L1P,L
A7FA32,N613DD,CRUZ,CSA PS-28 Cruiser,L1P,L
A80132,N6149E,C82R,CESSNA R182 Skylane RG,L1P,L
A80432,N61537,C180,CESSNA  180 Skywagon,L1P,L
A80C32,N6178C,TCAT,GRUMMAN F7F Tigercat,L2P,M
A80F32,N61825,C172,CESSNA 172 Skyhawk,L1P,L
A81032,N619AE,E145,EMBRAER ERJ-145,L2J,M
A81332,N61948,T206,CESSNA T206 Turbo Stationair,L1P,L
A81432,N62DC,TTWO,PARKER Teenie Two,L1P,L
A81832,N620WA,PC12,PILATUS PC-12,L1T,L
A81932,N6204S,C150,CESSNA 150,L1P,L
A81A32,N621CM,VELO,Velocity,L1P,L
A81B32,N621NT,SR20,CIRRUS SR-20,L1P,L
A81D32,N6216V,BE35,BEECH 35 Starfire Bonanza,L1P,L
A82032,N6221M,S108,STINSON 108 Voyager,L1P,L
A82232,N623JH,T18,THORP Tiger,L1P,L
A82332,N623UP,B748,BOEING 747-8,L4J,H
A82832,N6245T,C150,CESSNA 150,L1P,L
A82B32,N6250K,C150,CESSNA 150,L1P,L
A83232,N627W,RV6,VANS RV-6,L1P,L
A83A32,N6291L,AA1,AMERICAN AA-1,L1P,L
A83C32,N63JG,C560,CESSNA 560 Citation Ultra,L2J,M
A84032,N63005,C150,CESSNA 150,L1P,L
A84432,N63128,,,,
A84532,N632AH,C182,CESSNA 182 Skylane,L1P,L
A84832,N6325A,C182,CESSNA 182 Skylane,L1P,L
A84C32,N6337D,C172,CESSNA 172 Skyhawk,L1P,L
A85032,N6349G,C150,CESSNA 150,L1P,L
A85332,N63539,ST75,STEARMAN Kaydet,L1P,L
A85532,N636N,C501,CESSNA 501 Citation 1SP,L2J,L
A85B32,N6378E,BALL,,B0-,-
A85D32,N638TW,AT5T,AIR TRACTOR AT-504,L1T,L
A85E32,N63827,AVID,AVID Flyer,L1P,L
A86332,N64DE,PTS1,PITTS S-1 Special,L1P,L
A86432,N64PL,,,,
A86832,N6404U,M20P,MOONEY M-20,L1P,L
A86932,N641CP,C414,CESSNA 414 Chancellor,L2P,L
A86E32,N642RT,G2T1,GREAT LAKES 2T-1,L1P,L
A87032,N64280,C172,CESSNA 172 Skyhawk,L1P,L
A87132,N643JK,CRUZ,CSA PS-28 Cruiser,L1P,L
A87332,N6433S,C150,CESSNA 150,L1P,L
A87432,N644BB,R44,ROBINSON R-44 Raven,H1P,L
A87832,N645E,,,,
A87A32,N6450M,S108,STINSON 108 Voyager,L1P,L
A87E32,N6462Q,M20P,MOONEY M-20,L1P,L
A88632,N6486W,P28A,PIPER PA-28-140/150/160/180,L1P,L
A88832,N649RS,,,,
A88B32,N65JJ,DISC,SCHEMPP-HIRTH Discus,L1P,L
A88E32,N650RA,C650,CESSNA 650 Citation,L2J,M
A88F32,N65007,ZZZZ,,-0-,-
A89032,N6508H,C172,CESSNA 172 Skyhawk,L1P,L
A89332,N6513,WACO,WACO E/O,L1P,L
A89732,N6525C,BE35,BEECH 35 Starfire Bonanza,L1P,L
A89D32,N654SM,CH7B,BELLANCA 7 Citabria,L1P,L
A89F32,N6549J,P28A,PIPER PA-28-140/150/160/180,L1P,L
A8A232,N6554A,,,,
A8AD32,N65829,GLID,,L0-,-
A8B232,N66DG,,,,
A8B332,N66PN,PC7,PILATUS PC-7 Astra,L1T,L
A8B732,N6604W,P28A,PIPER PA-28-140/150/160/180,L1P,L
A8BE32,N6621R,BE23,BEECH 23 Sundowner,L1P,L
A8C032,N663JM,BE58,BEECH 58 Baron,L2P,L
A8C632,N6645X,C210,CESSNA 201 Centurion,L1P,L
A8C932,N6650P,PA24,PIPER PA-24 Comanche,L1P,L
A8CB32,N666H,ZZZZ,,-0-,-
A8D832,N6691Q,G164,GRUMMAN G-164 Ag-Cat,L1P,L
A8E132,N671UA,B763,BOEING 767-300,L2J,H
A8E632,N6725E,C175,CESSNA 175 Skylark,L1P,L
A8E732,N673DK,T210,CESSNA T210 Turbo Centurion,L1P,L
A8EE32,N6749L,BE36,BEECH 36 Bonanza,L1P,L
A8F532,N6766F,C150,CESSNA 150,L1P,L
A8F732,N677RB,EAGL,CHRISTEN Eagle,L1P,L
A8F832,N67708,C152,CESSNA 152,L1P,L
A90132,N68DJ,GLAS,Glasair,L1P,L
A90D32,N6821T,C310,CESSNA 310,L2P,L
A91532,N6845Z,PA18,PIPER PA-18 Super Cub,L1P,L
A91932,N68572,CH7B,BELLANCA 7 Citabria,L1P,L
A91C32,N6862U,M20P,MOONEY M-20,L1P,L
A92132,N688CS,C172,CESSNA 172 Skyhawk,L1P,L
A92832,N68983,ST75,STEARMAN Kaydet,L1P,L
A92D32,N6901A,C172,CESSNA 172 Skyhawk,L1P,L
A92E32,N6908M,C207,CESSNA 207 Turbo Stationair,L1P,L
A93532,N6925G,DRON,,D0-,-
A93632,N693DM,DRON,,D0-,-
A93932,N6937K,PA20,PIPER PA-20 Pacer,L1P,L
A93D32,N6949N,M20P,MOONEY M-20,L1P,L
A94032,N6954E,C175,CESSNA 175 Skylark,L1P,L
A94732,N6971,S22T,CIRRUS SR-22T Turbo,L1P,L
A95032,N7DL,C182,CESSNA 182 Skylane,L1P,L
A95132,N7PS,CL60,BOMBARDIER CL-600 Challenger,L2J,M
A95332,N70LC,PA18,PIPER PA-18 Super Cub,L1P,L
A95432,N70WJ,AVID,AVID Flyer,L1P,L
A95532,N700GP,AEST,AEROSTAR 600,L2P,L
A95632,N700SV,AT75,ATR-72-500,L2T,M
A95732,N7002F,C150,CESSNA 150,L1P,L
A95832,N7009S,,,,
A95A32,N701VT,CH70,ZENAIR CH-701 Stol,L1P,L
A95B32,N7014J,,,,
A95F32,N7026M,C175,CESSNA 175 Skylark,L1P,L
A96332,N7038Q,C172,CESSNA 172 Skyhawk,L1P,L
A96432,N704J,JAB4,JABIRU J200-450,L1P,L
A96532,N704UF,C150,CESSNA 150,L1P,L
A96A32,N7055K,T6,NORTH AMERICAN T-6 Texan,L1P,L
A97232,N7079R,P28A,PIPER PA-28-140/150/160/180,L1P,L
A97632,N709CC,P46T,PIPER PA-46-500TP,L1T,L
A97932,N7096L,R22,ROBINSON R-22 Mariner,H1P,L
A98332,N71178,C182,CESSNA 182 Skylane,L1P,L
A98632,N71220,C182,CESSNA 182 Skylane,L1P,L
A98732,N713A,B350,BEECHCRAFT Super King Air 350,L2T,M
A98A32,N71343,FOX,KITFOX,L1P,L
A98B32,N714CY,C150,CESSNA 150,L1P,L
A98D32,N714ZK,C185,CESSNA 185 Skywagon,L1P,L
A99032,N715SB,HUSK,CHRISTEN Husky,L1P,L
A99232,N71589,C182,CESSNA 182 Skylane,L1P,L
A99432,N716V,FLE7,FLEET 7,L1P,L
A99532,N71631,BALL,,B0-,-
A99632,N717BL,PA46,PIPER PA-46-310/350,L1P,L
A99732,N717MS,S22T,CIRRUS SR-22T Turbo,L1P,L
A99B32,N718QQ,C56X,CESSNA 560XL Citation XLS,L2J,M
A99C32,N7180W,PA11,PIPER PA-11 Cub Special,L1P,L
A99E32,N719HG,H25B,HAWKER BEECHCRAFT Hawker 750/850,L2J,M
A9A032,N7192Z,PA25,PIPER PA-25 Pawnee,L1P,L
A9A132,N72,BE30,BEECH 300 Super King Air,L2T,L
A9A232,N72LE,LEG2,LANCAIR Legacy,L1P,L
A9A332,N72WL,RV6,VANS RV-6,L1P,L
A9A532,N720SX,SONX,SONEX AIRCRAFT Sonex,L1P,L
A9A632,N7202H,BALL,,B0-,-
A9A832,N721KP,PC12,PILATUS PC-12,L1T,L
A9AF32,N723FD,A30B,AIRBUS A-300-200,L2J,H
A9B132,N7231F,P28A,PIPER PA-28-140/150/160/180,L1P,L
A9B232,N7238S,C150,CESSNA 150,L1P,L
A9B532,N7243J,P28A,PIPER PA-28-140/150/160/180,L1P,L
A9B732,N725M,H500,HUGHES 500,H1T,L
A9B932,N7255M,C175,CESSNA 175 Skylark,L1P,L
A9BF32,N727SW,B737,BOEING 737-700,L2J,M
A9CA32,N73RJ,C150,CESSNA 150,L1P,L
A9CC32,N730MV,AC95,NORTH AMERICAN ROCKWELL Jetprop Commander 1000,L2T,L
A9CF32,N731EM,BE36,BEECH 36 Bonanza,L1P,L
A9D332,N732HK,T210,CESSNA T210 Turbo Centurion,L1P,L
A9D632,N733AB,C172,CESSNA 172 Skyhawk,L1P,L
A9D932,N73345,C172,CESSNA 172 Skyhawk,L1P,L
A9DB32,N734PF,C172,CESSNA 172 Skyhawk,L1P,L
A9DD32,N73468,C172,CESSNA 172 Skyhawk,L1P,L
A9DE32,N735FY,C182,CESSNA 182 Skylane,L1P,L
A9E032,N73510,C172,CESSNA 172 Skyhawk,L1P,L
A9E232,N736JW,C172,CESSNA 172 Skyhawk,L1P,L
A9E332,N736VB,C172,CESSNA 172 Skyhawk,L1P,L
A9E632,N737MU,C172,CESSNA 172 Skyhawk,L1P,L
A9E732,N737Y,ZZZZ,,-0-,-
A9EA32,N738QS,CL35,BOMBARDIER BD-100 Challenger 350,L2J,M
A9F132,N74LG,RV7,VANS RV-7,L1P,L
A9F332,N740GT,SR22,CIRRUS SR-22,L1P,L
A9F632,N7409W,P28A,PIPER PA-28-140/150/160/180,L1P,L
A9F832,N741VX,S22T,CIRRUS SR-22T Turbo,L1P,L
A9FA32,N742CH,PA32,PIPER PA-32,L1P,L
AA0032,N7431H,J3,PIPER J-3 Cub,L1P,L
AA0532,N745AW,S61,SIKORSKY S-61 Sea King,H2T,M
AA0632,N745MB,MD60,MCDONNELL-DOUGLAS MD-600N,H1T,L
AA0832,N7455P,PA24,PIPER PA-24 Comanche,L1P,L
AA0D32,N747GS,BL8,BELLANCA 8 Decathlon,L1P,L
AA0E32,N747SY,GLST,GLASAIR SH-4 GlaStar,L1P,L
AA1332,N7484M,C175,CESSNA 175 Skylark,L1P,L
AA1932,N75RL,BE40,BEECH 400 Beechjet,L2J,M
AA1A32,N750BR,CH75,ZENAIR CH-750 Cruzer,L1P,L
AA1D32,N75059,P28A,PIPER PA-28-140/150/160/180,L1P,L
AA2032,N75101,,,,
AA2132,N7518B,CH7A,BELLANCA 7 Champion,L1P,L
AA2C32,N7547,GLID,,L0-,-
AA2D32,N755G,P28A,PIPER PA-28-140/150/160/180,L1P,L
AA2F32,N75512,ULAC,,L0-,-
AA3032,N7559C,ERCO,AIR PRODUCTS F-1 Aircoupe,L1P,L
AA3132,N756JY,C182,CESSNA 182 Skylane,L1P,L
AA3332,N75635,C172,CESSNA 172 Skyhawk,L1P,L
AA3732,N75758,ST75,STEARMAN Kaydet,L1P,L
AA3832,N758EN,C172,CESSNA 172 Skyhawk,L1P,L
AA3A32,N75800,ST75,STEARMAN Kaydet,L1P,L
AA3D32,N759TS,C182,CESSNA 182 Skylane,L1P,L
AA3F32,N76AC,BE36,BEECH 36 Bonanza,L1P,L
AA4032,N76LJ,C180,CESSNA  180 Skywagon,L1P,L
AA4532,N7609Y,PA30,PIPER PA-30 Twin Comanche,L2P,L
AA4932,N762CK,B763,BOEING 767-300,L2J,H
AA4C32,N7626T,C172,CESSNA 172 Skyhawk,L1P,L
AA4F32,N7631K,PA20,PIPER PA-20 Pacer,L1P,L
AA5D32,N767T,RV7,VANS RV-7,L1P,L
AA6232,N7684P,PA24,PIPER PA-24 Comanche,L1P,L
AA6C32,N7706A,B737,BOEING 737-700,L2J,M
AA7032,N7718D,RV7,VANS RV-7,L1P,L
AA7132,N772HP,BE30,BEECH 300 Super King Air,L2T,L
AA7532,N773LM,GLF4,GULFSTREAM 4,L2J,M
AA7832,N774DD,ULAC,,L0-,-
AA7932,N774PK,BPAT,R&B Bearhawk Patrol,L1P,L
AA7B32,N7747B,BE35,BEECH 35 Starfire Bonanza,L1P,L
AA7C32,N775GB,PA14,PIPER PA-14 Family Cruiser,L1P,L
AA7D32,N775SH,H500,HUGHES 500,H1T,L
AA7E32,N77514,J3,PIPER J-3 Cub,L1P,L
AA8332,N777BS,AEST,AEROSTAR 600,L2P,L
AA8432,N777MY,BE36,BEECH 36 Bonanza,L1P,L
AA8D32,N77925,L8,LUSCOMBE 8,L1P,L
AA8E32,N78AE,S22T,CIRRUS SR-22T Turbo,L1P,L
AA9032,N78WS,PA38,PIPER PA-38 Tomahawk,L1P,L
AA9332,N7802P,PA23,PIPER PA-23,L2P,L
AA9632,N781WA,DV20,DIAMOND DA-20,L1P,L
AA9B32,N7826V,M20P,MOONEY M-20,L1P,L
AAAA32,N7867W,P28A,PIPER PA-28-140/150/160/180,L1P,L
AAAC32,N787TB,RV6,VANS RV-6,L1P,L
AAAD32,N7872N,C172,CESSNA 172 Skyhawk,L1P,L
AAB032,N788W,COL3,CESSNA 350 Corvalis,L1P,L
AABE32,N79105,C172,CESSNA 172 Skyhawk,L1P,L
AAC132,N792TX,BT7,BOEING T-7 Red Hawk,L1J,M
AAC232,N79228,C172,CESSNA 172 Skyhawk,L1P,L
AACC32,N795SK,CRJ7,BOMBARDIER Regional Jet CRJ-700,L2J,M
AAD832,N79804,M20P,MOONEY M-20,L1P,L
AADC32,N79927,C182,CESSNA 182 Skylane,L1P,L
AADD32,N8AG,F900,DASSAULT Falcon 900,L3J,M
AADE32,N8LN,EAGL,CHRISTEN Eagle,L1P,L
AAE132,N80TE,GLEX,BOMBARDIER BD-700 Global 6000/6500,L2J,M
AAE232,N800DK,PA31,PIPER PA-31-300/310/325/350/425,L2P,L
AAE332,N800PR,R44,ROBINSON R-44 Raven,H1P,L
AAE532,N8007H,,,,
AAE632,N801GH,ULAC,,L0-,-
AAE932,N8019L,C172,CESSNA 172 Skyhawk,L1P,L
AAEA32,N802KF,AT8T,AIR TRACTOR AT-802,L1T,M
AAEB32,N802VM,AT8T,AIR TRACTOR AT-802,L1T,M
AAF232,N804RB,ST75,STEARMAN Kaydet,L1P,L
AAF632,N805U,CH70,ZENAIR CH-701 Stol,L1P,L
AAF732,N8053A,C170,CESSNA 170,L1P,L
AAFC32,N807DJ,BE36,BEECH 36 Bonanza,L1P,L
AAFF32,N8077G,C77R,CESSNA 177RG Cardinal RG,L1P,L
AB0032,N808GG,C750,CESSNA 750 Citation 10,L2J,M
AB0132,N808SN,DG1T,DG FLUGZEUGBAU DG-1001T,L1P,L
AB0232,N80819,GC1,GLOBE Swift,L1P,L
AB0632,N8094B,C172,CESSNA 172 Skyhawk,L1P,L
AB0732,N81BX,RV7,VANS RV-7,L1P,L
AB0A32,N810JP,PA34,PIPER PA-34 Seneca,L2P,L
AB0F32,N811XT,,,,
AB1632,N813TH,ULAC,,L0-,-
AB1832,N81395,FA24,FAIRCHILD F-24 Argus,L1P,L
AB1B32,N8144X,C172,CESSNA 172 Skyhawk,L1P,L
AB1E32,N815ZD,DRON,,D0-,-
AB2132,N816RW,S22T,CIRRUS SR-22T Turbo,L1P,L
AB2232,N8161S,SR20,CIRRUS SR-20,L1P,L
AB2332,N81683,,,,
AB2732,N818BE,C414,CESSNA 414 Chancellor,L2P,L
AB2A32,N8185Y,PA32,PIPER PA-32,L1P,L
AB2E32,N81971,CH7A,BELLANCA 7 Champion,L1P,L
AB2F32,N82HA,C177,CESSNA  177 Cardinal,L1P,L
AB3232,N820PT,R22,ROBINSON R-22 Mariner,H1P,L
AB3632,N821SR,SR22,CIRRUS SR-22,L1P,L
AB3732,N8212B,C172,CESSNA 172 Skyhawk,L1P,L
AB3832,N8219N,L8,LUSCOMBE 8,L1P,L
AB3A32,N822VP,GLEX,BOMBARDIER BD-700 Global 6000/6500,L2J,M
AB3B32,N8224E,C170,CESSNA 170,L1P,L
AB3C32,N823C,IR23,ICA IAR-823,L1P,L
AB4232,N8241,AS29,SCHLEICHER ASG-29,L1P,L
AB4332,N8248L,C172,CESSNA 172 Skyhawk,L1P,L
AB4432,N825HW,RV9,VANS RV-9,L1P,L
AB4632,N8253C,BE33,BEECH 33 Bonanza,L1P,L
AB4732,N826AN,B789,BOEING 787-9 Dreamliner,L2J,H
AB4932,N826X,DHC6,DE HAVILLAND DHC-6 Twin Otter,L2T,L
AB4B32,N827DL,BE30,BEECH 300 Super King Air,L2T,L
AB5132,N8282A,C170,CESSNA 170,L1P,L
AB5D32,N831MP,PC12,PILATUS PC-12,L1T,L
AB6032,N832EF,SR20,CIRRUS SR-20,L1P,L
AB6232,N8320T,C175,CESSNA 175 Skylark,L1P,L
AB6632,N8332W,P28A,PIPER PA-28-140/150/160/180,L1P,L
AB6732,N83397,PA18,PIPER PA-18 Super Cub,L1P,L
AB6A32,N8344Z,C210,CESSNA 201 Centurion,L1P,L
AB6E32,N83562,PA34,PIPER PA-34 Seneca,L2P,L
AB6F32,N836FS,P28A,PIPER PA-28-140/150/160/180,L1P,L
AB7132,N8361U,C172,CESSNA 172 Skyhawk,L1P,L
AB7232,N83685,P28R,PIPER PA-28R-180/200/201,L1P,L
AB7532,N8373X,C172,CESSNA 172 Skyhawk,L1P,L
AB7E32,N84HC,C340,CESSNA 340 Super,L2P,L
AB7F32,N84TJ,FA10,DASSAULT Falcon 100,L2J,M
AB8032,N840DP,FA20,DASSAULT Falcon 200,L2J,M
AB8332,N8407M,C150,CESSNA 150,L1P,L
AB8532,N841ST,PA46,PIPER PA-46-310/350,L1P,L
AB8E32,N8436K,S108,STINSON 108 Voyager,L1P,L
AB9A32,N847DN,B739,BOEING 737-900,L2J,M
AB9D32,N8477L,C172,CESSNA 172 Skyhawk,L1P,L
ABA432,N8494F,P28A,PIPER PA-28-140/150/160/180,L1P,L
ABA532,N85CA,B06,BELL 206 JetRanger,H1T,L
ABA632,N85NG,PC12,PILATUS PC-12,L1T,L
ABB232,N85276,CH7A,BELLANCA 7 Champion,L1P,L
ABBA32,N855CW,B505,BELL 505 JetRanger X,H1T,L
ABBD32,N85564,CH7A,BELLANCA 7 Champion,L1P,L
ABC032,N8561W,P28B,PIPER PA-28-201T/235/236,L1P,L
ABC232,N857JS,C56X,CESSNA 560XL Citation XLS,L2J,M
ABC432,N8573Z,B738,BOEING 737-800,L2J,M
ABCB32,N8590U,C150,CESSNA 150,L1P,L
ABCE32,N86TL,ULAC,,L0-,-
ABD132,N8600C,PA22,PIPER PA-22,L1P,L
ABD232,N8607P,PA24,PIPER PA-24 Comanche,L1P,L
ABD532,N8612F,H500,HUGHES 500,H1T,L
ABD732,N862KM,BE23,BEECH 23 Sundowner,L1P,L
ABD932,N8624J,B738,BOEING 737-800,L2J,M
ABDA32,N863CD,SR22,CIRRUS SR-22,L1P,L
ABDD32,N8636M,BE35,BEECH 35 Starfire Bonanza,L1P,L
ABE032,N8641D,PA22,PIPER PA-22,L1P,L
ABE232,N865J,PA11,PIPER PA-11 Cub Special,L1P,L
ABE432,N8653G,C150,CESSNA 150,L1P,L
ABE532,N866AS,CRJ2,BOMBARDIER Regional Jet CRJ-200,L2J,M
ABEA32,N867PW,C82T,CESSNA TR182 Turbo Skylane RG,L1P,L
ABEC32,N8677N,PA32,PIPER PA-32,L1P,L
ABF232,N869VS,H500,HUGHES 500,H1T,L
ABF432,N87CC,PA34,PIPER PA-34 Seneca,L2P,L
ABF932,N87032,BL8,BELLANCA 8 Decathlon,L1P,L
ABFB32,N871MT,C172,CESSNA 172 Skyhawk,L1P,L
ABFD32,N87155,ERCO,AIR PRODUCTS F-1 Aircoupe,L1P,L
AC0032,N8720X,C182,CESSNA 182 Skylane,L1P,L
AC0832,N87443,C310,CESSNA 310,L2P,L
AC0A32,N875PD,BE36,BEECH 36 Bonanza,L1P,L
AC0C32,N87566,RC3,REPUBLIC RC-3 Seabee,A1P,L
AC1232,N877V,AS29,SCHLEICHER ASG-29,L1P,L
AC1532,N878MS,C82S,CESSNA T182 Turbo Skylane,L1P,L
AC1932,N879QQ,DRON,,D0-,-
AC1C32,N88HG,HUSK,CHRISTEN Husky,L1P,L
AC1D32,N88TN,P337,CESSNA P337 Skymaster,L2P,L
AC1E32,N880DT,BE9L,BEECH 90 King Air,L2T,L
AC2032,N8800E,FA7X,DASSAULT Falcon 7X,L3J,M
AC2432,N8812H,NAVI,NORTH AMERICAN Navion,L1P,L
AC2532,N8819U,C172,CESSNA 172 Skyhawk,L1P,L
AC2632,N882KP,B06,BELL 206 JetRanger,H1T,L
AC2D32,N884FD,B77L,BOEING 777-200LR,L2J,H
AC3032,N8848S,DRON,,D0-,-
AC3332,N8853J,P28A,PIPER PA-28-140/150/160/180,L1P,L
AC3532,N886M,PA18,PIPER PA-18 Super Cub,L1P,L
AC3832,N887DS,,,,
AC3A32,N8870D,PA22,PIPER PA-22,L1P,L
AC3D32,N888SW,SEAW,Seawind,A1P,L
AC4232,N8894K,S108,STINSON 108 Voyager,L1P,L
AC4332,N89CE,F2TH,DASSAULT Falcon 2000,L2J,M
AC4532,N89YS,RV10,VANS RV-10,L1P,L
AC4C32,N89157,C140,CESSNA 140,L1P,L
AC5032,N8928,CH7B,BELLANCA 7 Citabria,L1P,L
AC5332,N89322,C140,CESSNA 140,L1P,L
AC5632,N894WP,DHC1,DE HAVILLAND DHC-1 Chipmunk,L1P,L
AC5B32,N89568,C140,CESSNA 140,L1P,L
AC5E32,N89610,C140,CESSNA 140,L1P,L
AC5F32,N8969A,CRJ2,BOMBARDIER Regional Jet CRJ-200,L2J,M
AC6032,N897JW,P28A,PIPER PA-28-140/150/160/180,L1P,L
AC6C32,N9TQ,ULAC,,L0-,-
AC6D32,N90DV,VELO,Velocity,L1P,L
AC7032,N900LM,C550,CESSNA 550 Citation S2,L2J,L
AC7132,N900WT,H25B,HAWKER BEECHCRAFT Hawker 750/850,L2J,M
AC7632,N9017B,CH7A,BELLANCA 7 Champion,L1P,L
AC7732,N902GB,EXPL,MCDONNELL-DOUGLAS MD-900 Explorer,H2T,L
AC7932,N90214,RV6,VANS RV-6,L1P,L
AC7A32,N9029E,M5,MAULE M-5,L1P,L
AC7E32,N904BS,,,,
AC8432,N90502,BE18,BEECH 18 Expetitor,L2P,L
AC8932,N907AE,E145,EMBRAER ERJ-145,L2J,M
AC8B32,N907WS,GL5T,BOMBARDIER BD-700 Global 5000/5500,L2J,M
AC8C32,N90748,R22,ROBINSON R-22 Mariner,H1P,L
AC8D32,N908DC,T206,CESSNA T206 Turbo Stationair,L1P,L
AC9032,N9087A,ULAC,,L0-,-
AC9332,N90913,CH7A,BELLANCA 7 Champion,L1P,L
AC9432,N9099D,PA46,PIPER PA-46-310/350,L1P,L
AC9D32,N9113Q,H500,HUGHES 500,H1T,L
AC9E32,N912B,GLID,,L0-,-
AC9F32,N912MF,BE20,BEECH 200 Super King Air,L2T,M
ACA132,N9125T,C180,CESSNA  180 Skywagon,L1P,L
ACA532,N9137W,L29,AERO L-29 Delfin,L1J,L
ACA632,N914GW,C510,CESSNA 510 Citation Mustang,L2J,L
ACAD32,N916CL,C177,CESSNA  177 Cardinal,L1P,L
ACB032,N9166U,C150,CESSNA 150,L1P,L
ACB132,N917FJ,CRJ9,BOMBARDIER Regional Jet CRJ-900,L2J,M
ACB332,N9171L,CH7A,BELLANCA 7 Champion,L1P,L
ACB832,N919AZ,AT75,ATR-72-500,L2T,M
ACBB32,N9195S,BE24,BEECH 24 Sierra,L1P,L
ACC332,N921PM,RV7,VANS RV-7,L1P,L
ACC532,N9217D,PA22,PIPER PA-22,L1P,L
ACC832,N92216,L29,AERO L-29 Delfin,L1J,L
ACC932,N9229G,C182,CESSNA 182 Skylane,L1P,L
ACD032,N9246B,P47,REPUBLIC F-47 Thunderbolt,L1P,M
ACD732,N92627,J3,PIPER J-3 Cub,L1P,L
ACE232,N92915,SKYR,REARWIN Skyranger,L1P,L
ACE432,N93KA,BE9T,BEECH F90 King Air,L2T,L
ACE532,N93VG,SR22,CIRRUS SR-22,L1P,L
ACE732,N930RT,KR2,RAND KR-2,L1P,L
ACEC32,N9313S,BE23,BEECH 23 Sundowner,L1P,L
ACF032,N9325V,M20P,MOONEY M-20,L1P,L
ACF132,N933E,RV7,VANS RV-7,L1P,L
ACFB32,N9354T,M20P,MOONEY M-20,L1P,L
ACFF32,N9366W,P28B,PIPER PA-28-201T/235/236,L1P,L
AD0232,N9371N,P28R,PIPER PA-28R-180/200/201,L1P,L
AD0D32,N940AK,P40,CURTISS P-40 Kittyhawk,L1P,L
AD1032,N9405C,C180,CESSNA  180 Skywagon,L1P,L
AD1632,N942SM,T210,CESSNA T210 Turbo Centurion,L1P,L
AD1732,N94218,PARA,,P0-,-
AD1B32,N9434A,UH1,BELL UH-1 Huey,H1T,L
AD3232,N9499H,J3,PIPER J-3 Cub,L1P,L
AD3332,N95KC,BE95,BEECH 95 Travel Air,L2P,L
AD3632,N950RV,RV8,VANS RV-8,L1P,L
AD3732,N9501R,BE35,BEECH 35 Starfire Bonanza,L1P,L
AD3832,N95082,TAYB,TAYLORCRAFT BC/BF/BL,L1P,L
AD3F32,N9525X,C210,CESSNA 201 Centurion,L1P,L
AD4432,N954H,H25B,HAWKER BEECHCRAFT Hawker 750/850,L2J,M
AD4A32,N9554V,C172,CESSNA 172 Skyhawk,L1P,L
AD4E32,N9566Y,BE35,BEECH 35 Starfire Bonanza,L1P,L
AD5632,N959BC,R66,ROBINSON R-66,H1T,L
AD5732,N959MJ,C414,CESSNA 414 Chancellor,L2P,L
AD5A32,N96EA,CRJ2,BOMBARDIER Regional Jet CRJ-200,L2J,M
AD5F32,N9605E,BL17,BELLANCA 17 Viking,L1P,L
AD6332,N9617H,C172,CESSNA 172 Skyhawk,L1P,L
AD6432,N962GH,,,,
AD6732,N9629L,AA1,AMERICAN AA-1,L1P,L
AD7432,N966U,R22,ROBINSON R-22 Mariner,H1P,L
AD8032,N96919,C182,CESSNA 182 Skylane,L1P,L
AD8132,N9699K,RV8,VANS RV-8,L1P,L
AD8232,N97KE,RV9,VANS RV-9,L1P,L
AD8332,N97VL,RV6,VANS RV-6,L1P,L
AD8732,N97084,C182,CESSNA 182 Skylane,L1P,L
AD8A32,N9713W,P28A,PIPER PA-28-140/150/160/180,L1P,L
AD8C32,N972MM,GALX,GULFSTREAM G200,L2J,M
AD8E32,N9725Z,C185,CESSNA 185 Skywagon,L1P,L
AD9632,N97495,CH7A,BELLANCA 7 Champion,L1P,L
AD9732,N975L,DA40,DIAMOND DA-40 Club Star,L1P,L
ADA832,N9795Y,BE35,BEECH 35 Starfire Bonanza,L1P,L
ADA932,N98EC,CL35,BOMBARDIER BD-100 Challenger 350,L2J,M
ADAE32,N9805G,C172,CESSNA 172 Skyhawk,L1P,L
ADAF32,N981DM,C340,CESSNA 340 Super,L2P,L
ADB232,N9817K,P28R,PIPER PA-28R-180/200/201,L1P,L
ADB432,N982SR,SREY,PROGRESSIVE AERODYNE SeaRey,A1P,L
ADB532,N9822B,B14A,BELLANCA 14,L1P,L
ADC132,N9858L,AA1,AMERICAN AA-1,L1P,L
ADC232,N986HW,DRON,,D0-,-
ADC532,N987AN,B738,BOEING 737-800,L2J,M
ADCA32,N988PS,C182,CESSNA 182 Skylane,L1P,L
ADCF32,N9892A,C190,CESSNA 190,L1P,L
ADD132,N99KG,GLID,,L0-,-
ADD532,N9901V,C180,CESSNA  180 Skywagon,L1P,L
ADDA32,N992BH,DH8A,DE HAVILLAND DHC-8-100 Dash 8,L2T,M
ADDD32,N99251,ERCO,AIR PRODUCTS F-1 Aircoupe,L1P,L
ADE032,N9930T,C182,CESSNA 182 Skylane,L1P,L
ADE132,N99374,P28A,PIPER PA-28-140/150/160/180,L1P,L
ADE432,N9942W,P28A,PIPER PA-28-140/150/160/180,L1P,L
ADE632,N995LB,,,,
ADEC32,N99662,TAYB,TAYLORCRAFT BC/BF/BL,L1P,L
ADEF32,N9971U,AA5,AMERICAN AA-5 Tiger,L1P,L
ADF532,N999MN,,,,
ADF732,N99950,L13M,LET L-13 Blanik,L1P,L
AE0032,68-8144,T38,NORTHROP T-38 Talon,L2J,L
AE0132,97-00101,C560,CESSNA 560 Citation Ultra,L2J,M
AE0232,87-0120,DC10,MCDONNELL DOUGLAS DC-10,L3J,H
AE0532,61-0308,K35R,BOEING KC-135R/T Stratotanker,L4J,H
AE0632,84-00179,BE20,BEECH 200 Super King Air,L2T,M
AE0832,57-2606,K35R,BOEING KC-135R/T Stratotanker,L4J,H
AE0B32,82-23699,H60,SIKORSKY UH-60 Black Hawk,H2T,M
AE0C32,92-26437,H60,SIKORSKY UH-60 Black Hawk,H2T,M
AE0D32,96-26715,H60,SIKORSKY UH-60 Black Hawk,H2T,M
AE0E32,89-26142,H60,SIKORSKY UH-60 Black Hawk,H2T,M
AE1132,02-3663,TEX2,BEECHCRAFT T-6 Texan 2,L1T,L
AE1232,03-3121,C17,BOEING C-17 Globemaster 3,L4J,H
AE1532,06-4634,C30J,LOCKHEED MARTIN C-130J Super Hercules,L4T,M
AE1732,06-3832,TEX2,BEECHCRAFT T-6 Texan 2,L1T,L
AE1932,79-0199,A10,FAIRCHILD A-10 Thunderbolt II,L2J,M
AE1C32,07-72010,EC45,AIRBUS HELICOPTERS EC-145,H2T,L
AE1F32,07-72035,EC45,AIRBUS HELICOPTERS EC-145,H2T,L
AE2032,13-72291,EC45,AIRBUS HELICOPTERS EC-145,H2T,L
AE2132,85-24747,H60,SIKORSKY UH-60 Black Hawk,H2T,M
AE4832,08-20097,H60,SIKORSKY UH-60 Black Hawk,H2T,M
AE4F32,167887,H60,SIKORSKY UH-60 Black Hawk,H2T,M
AE5D32,16-20809,H60,SIKORSKY UH-60 Black Hawk,H2T,M
AE6032,17-20963,H60,SIKORSKY UH-60 Black Hawk,H2T,M
AE6232,69-6630,B212,BELL 212,H2T,L
AE6332,19-72443,EC45,AIRBUS HELICOPTERS EC-145,H2T,L
AE6A32,20-21128,H60,SIKORSKY UH-60 Black Hawk,H2T,M
C00032,C-FABX,C177,CESSNA  177 Cardinal,L1P,L
C00132,C-FALT,GLID,,L0-,-
C00232,C-FAVP,C210,CESSNA 201 Centurion,L1P,L
C00432,C-FBPH,P28A,PIPER PA-28-140/150/160/180,L1P,L
C00532,C-FBZD,C150,CESSNA 150,L1P,L
C00632,C-FCIZ,PA30,PIPER PA-30 Twin Comanche,L2P,L
C00732,C-FCSV,AS50,AEROSPATIALE AS-350 Ecureuil,H1T,L
C00832,C-FDCR,J3,PIPER J-3 Cub,L1P,L
C00932,C-FDMN,C140,CESSNA 140,L1P,L
C00A32,C-FDWJ,PA18,PIPER PA-18 Super Cub,L1P,L
C00B32,C-FEGF,J3,PIPER J-3 Cub,L1P,L
C00D32,C-FEZX,C152,CESSNA 152,L1P,L
C00F32,C-FFTP,GYRO,,G0-,-
C01032,C-FGDL,BE55,BEECH 55 Baron,L2P,L
C01132,C-FGNH,CH7A,BELLANCA 7 Champion,L1P,L
C01232,C-FGXD,PA30,PIPER PA-30 Twin Comanche,L2P,L
C01332,C-FHGZ,DHC2,DE HAVILLAND DHC-2 Beaver,L1P,L
C01532,C-FIAR,RV6,VANS RV-6,L1P,L
C01732,C-FIUJ,B77L,BOEING 777-200LR,L2J,H
C01932,C-FJOB,C172,CESSNA 172 Skyhawk,L1P,L
C01A32,C-FJXX,AS50,AEROSPATIALE AS-350 Ecureuil,H1T,L
C01B32,C-FKHT,,,,
C01C32,C-FKRP,CH7A,BELLANCA 7 Champion,L1P,L
C01D32,C-FLBL,CH7A,BELLANCA 7 Champion,L1P,L
C01E32,C-FLLH,,,,
C01F32,C-FLVD,C172,CESSNA 172 Skyhawk,L1P,L
C02032,C-FMEZ,B752,BOEING 757-200,L2J,M
C02132,C-FMOV,B14A,BELLANCA 14,L1P,L
C02232,C-FMYR,C150,CESSNA 150,L1P,L
C02332,C-FNIN,DV20,DIAMOND DA-20,L1P,L
C02432,C-FNSJ,CL60,BOMBARDIER CL-600 Challenger,L2J,M
C02632,C-FOMB,C170,CESSNA 170,L1P,L
C02732,C-FOVX,BCS3,AIRBUS A220-300,L2J,M
C02832,C-FPFT,RBEL,MURPHY Rebel,L1P,L
C02932,C-FPPP,C210,CESSNA 201 Centurion,L1P,L
C02A32,C-FPZL,C182,CESSNA 182 Skylane,L1P,L
C02F32,C-FRWR,PA22,PIPER PA-22,L1P,L
C03032,C-FSGN,DA42,DIAMOND DA-42 Guardian,L2P,L
C03132,C-FSQJ,B06,BELL 206 JetRanger,H1T,L
C03232,C-FTAF,BE35,BEECH 35 Starfire Bonanza,L1P,L
C03332,C-FTKB,,,,
C03532,C-FUDT,C150,CESSNA 150,L1P,L
C03632,C-FUNP,CH7B,BELLANCA 7 Citabria,L1P,L
C03732,C-FUXL,GLID,,L0-,-
C03A32,C-FWAZ,C172,CESSNA 172 Skyhawk,L1P,L
C03C32,C-FWUR,,,,
C03D32,C-FXEN,CH60,ZENAIR CH-600 Zodiac,L1P,L
C03E32,C-FXOJ,BALL,,B0-,-
C03F32,C-FXYF,B407,BELL 407,H1T,L
C04032,C-FYIB,T18,THORP Tiger,L1P,L
C04232,C-FZBT,GLID,,L0-,-
C04432,C-FZVL,CH7B,BELLANCA 7 Citabria,L1P,L
C04532,C-GAFH,CH7A,BELLANCA 7 Champion,L1P,L
C04632,C-GAPD,PA34,PIPER PA-34 Seneca,L2P,L
C04932,C-GBSR,BE55,BEECH 55 Baron,L2P,L
C04A32,C-GCCN,,,,
C04C32,C-GCWF,C82R,CESSNA R182 Skylane RG,L1P,L
C04D32,C-GDGB,C152,CESSNA 152,L1P,L
C04E32,C-GDPX,P28A,PIPER PA-28-140/150/160/180,L1P,L
C04F32,C-GDZT,P28R,PIPER PA-28R-180/200/201,L1P,L
C05032,C-GEJP,BL17,BELLANCA 17 Viking,L1P,L
C05132,C-GETL,C172,CESSNA 172 Skyhawk,L1P,L
C05232,C-GFDH,C150,CESSNA 150,L1P,L
C05332,C-GFND,C172,CESSNA 172 Skyhawk,L1P,L
C05432,C-GFWZ,B06,BELL 206 JetRanger,H1T,L
C05532,C-GGGV,C172,CESSNA 172 Skyhawk,L1P,L
C05732,C-GHAN,C172,CESSNA 172 Skyhawk,L1P,L
C05832,C-GHKJ,C172,CESSNA 172 Skyhawk,L1P,L
C05932,C-GHUF,UH1,BELL UH-1 Huey,H1T,L
C05B32,C-GINX,BALL,,B0-,-
C05C32,C-GIXT,CRJ2,BOMBARDIER Regional Jet CRJ-200,L2J,M
C05D32,C-GJHP,BE58,BEECH 58 Baron,L2P,L
C05E32,C-GJRL,,,,
C05F32,C-GKBH,DHC6,DE HAVILLAND DHC-6 Twin Otter,L2T,L
C06032,C-GKLD,,,,
C06232,C-GLEV,C185,CESSNA 185 Skywagon,L1P,L
C06332,C-GLOR,PELI,FLYER Pelican,L1P,L
C06432,C-GLYN,GC1,GLOBE Swift,L1P,L
C06532,C-GMIJ,SE5R,REPLICA PLANS SE-5A Replica,L1P,L
C06632,C-GMSF,PA34,PIPER PA-34 Seneca,L2P,L
C06732,C-GNCB,GLEX,BOMBARDIER BD-700 Global 6000/6500,L2J,M
C06A32,C-GOFP,AEST,AEROSTAR 600,L2P,L
C06C32,C-GOZH,P28A,PIPER PA-28-140/150/160/180,L1P,L
C06D32,C-GPJD,PA23,PIPER PA-23,L2P,L
C07032,C-GQMR,B407,BELL 407,H1T,L
C07132,C-GQWN,PA18,PIPER PA-18 Super Cub,L1P,L
C07232,C-GRGJ,AS50,AEROSPATIALE AS-350 Ecureuil,H1T,L
C07332,C-GRQF,PA18,PIPER PA-18 Super Cub,L1P,L
C07432,C-GSAB,C510,CESSNA 510 Citation Mustang,L2J,L
C07532,C-GSJX,P28A,PIPER PA-28-140/150/160/180,L1P,L
C07632,C-GSTT,RV9,VANS RV-9,L1P,L
C07732,C-GTDP,RV9,VANS RV-9,L1P,L
C07932,C-GTXH,SONX,SONEX AIRCRAFT Sonex,L1P,L
C07A32,C-GUHD,AA5,AMERICAN AA-5 Tiger,L1P,L
C07B32,C-GUQZ,CH7B,BELLANCA 7 Citabria,L1P,L
C07C32,C-GVAV,AS50,AEROSPATIALE AS-350 Ecureuil,H1T,L
C07D32,C-GVKR,C172,CESSNA 172 Skyhawk,L1P,L
C07E32,C-GVUN,BCS3,AIRBUS A220-300,L2J,M
C07F32,C-GWEJ,DH8D,DE HAVILLAND DHC-8-400 Dash 8,L2T,M
C08032,C-GWOF,C150,CESSNA 150,L1P,L
C08132,C-GWYB,LJ45,LEARJET 45,L2J,M
C08232,C-GXHX,MONI,MONNETT Moni,L1P,L
C08332,C-GXRT,RV6,VANS RV-6,L1P,L
C08432,C-GYBP,C180,CESSNA  180 Skywagon,L1P,L
C08532,C-GYLL,C172,CESSNA 172 Skyhawk,L1P,L
C08632,C-GYVH,,,,
C08732,C-GZFD,M20P,MOONEY M-20,L1P,L
C08832,C-GZOZ,G202,AKROTECH G-202,L1P,L
C08932,C-GZYV,,,,
C08A32,C-IAIR,ULAC,,L0-,-
C08B32,C-IASN,,,,
C08C32,C-IBCJ,,,,
C08D32,C-IBMF,ULAC,,L0-,-
C08E32,C-IBWB,ULAC,,L0-,-
C09132,C-ICZP,NDAC,NORMAND DUBE Aerocruiser,L1P,L
C09232,C-IDJL,PARA,,P0-,-
C09332,C-IDTH,COY2,RANS Coyote 2,L1P,L
C09432,C-IEDD,,,,
C09532,C-IEMZ,STST,CFM Star Streak,L1P,L
C09632,C-IEWV,PARA,,P0-,-
C09832,C-IFQN,ULAC,,L0-,-
C09932,C-IGAJ,ULAC,,L0-,-
C09A32,C-IGKF,PARA,,P0-,-
C09B32,C-IGUB,ULAC,,L0-,-
C09C32,C-IHDX,ULAC,,L0-,-
C09D32,C-IHNT,ULAC,,L0-,-
C09E32,C-IHXP,ULAC,,L0-,-
C09F32,C-IIHL,PARA,,P0-,-
C0A032,C-IIRH,EVSS,EVEKTOR SportStar,L1P,L
C0A132,C-IJBD,ULAC,,L0-,-
C0A232,C-IJKZ,PARA,,P0-,-
C0A332,C-IJUV,PARA,,P0-,-
C0A432,C-IKER,ULAC,,L0-,-
C0A532,C-IKON,ULAC,,L0-,-
C0A632,C-IKYJ,ULAC,,L0-,-
C0A732,C-ILIF,ULAC,,L0-,-
C0A832,C-ILSB,,,,
C0A932,C-IMBX,,,,
C0AC32,C-INFL,ULAC,,L0-,-
C0BF32,C-IUKN,ULAC,,L0-,-
C0C532,C-IWRP,PARA,,P0-,-
C1E432,SERV,SERV,,V0-,-
C1E532,SERV,SERV,,V0-,-
C1EA32,SERV,SERV,,V0-,-
C80132,ZK-BVV,C180,CESSNA  180 Skywagon,L1P,L
C80332,ZK-DNO,C150,CESSNA 150,L1P,L
C80632,ZK-FNB,PA34,PIPER PA-34 Seneca,L2P,L
C80832,ZK-GIJ,GLID,,L0-,-
C80B32,ZK-PRM,C185,CESSNA 185 Skywagon,L1P,L
C80F32,ZK-IOR,AS50,AEROSPATIALE AS-350 Ecureuil,H1T,L
C81032,ZK-PAV,ULAC,,L0-,-
C81132,ZK-ZAY,YK52,YAKOVLEV Yak-52,L1P,L
C81232,ZK-MNY,M20P,MOONEY M-20,L1P,L
C81332,ZK-GSD,GLID,,L0-,-
C81532,ZK-HFA,AS50,AEROSPATIALE AS-350 Ecureuil,H1T,L
C81932,ZK-MBY,T18,THORP Tiger,L1P,L
C81B32,ZK-MIS,RV7,VANS RV-7,L1P,L
C81C32,ZK-WTF,ECHO,TECNAM P-92 Echo,L1P,L
C81D32,ZK-MTR,DA42,DIAMOND DA-42 Guardian,L2P,L
C82232,ZK-ZUB,CH70,ZENAIR CH-701 Stol,L1P,L
C82332,ZK-WRV,RV7,VANS RV-7,L1P,L
C82432,ZK-HUU,B429,BELL 429 GlobalRanger,H2T,L
C82732,ZK-GST,GLID,,L0-,-
C82832,ZK-IEY,AS50,AEROSPATIALE AS-350 Ecureuil,H1T,L
C82932,ZK-GOD,DUOD,SCHEMPP-HIRTH Duo Discus,L1P,L
C87F32,NZ3617,H2,KAMAN Seasprite,H2T,L
C90232,YJ-AV73,AT76,ATR-72-600,L2T,M
E14C32,T-02,F28,FOKKER F-28,L2J,M
E40132,PP-XVL,E55P,EMBRAER EMB-505 Phenom 300,L2J,M
E47F32,PR-ONE,LJ40,LEARJET 40,L2J,M
E48232,PR-VBU,B737,BOEING 737-700,L2J,M
E48432,PR-BIC,PA46,PIPER PA-46-310/350,L1P,L
E48532,PT-TIO,C208,CESSNA 208 Caravan,L1T,L
E48832,PP-BED,LJ60,LEARJET 60,L2J,M
E48932,PR-SPK,AS50,AEROSPATIALE AS-350 Ecureuil,H1T,L
E48A32,PR-ZDA,RV8,VANS RV-8,L1P,L
E48B32,PR-LDV,S76,SIKORSKY S-76 Spirit,H2T,L
E48C32,PR-ZBA,RV10,VANS RV-10,L1P,L
E48D32,PT-OUR,B429,BELL 429 GlobalRanger,H2T,L
E48F32,PR-BSB,BE20,BEECH 200 Super King Air,L2T,M
E49232,PR-AUO,E195,EMBRAER ERJ-190-200,L2J,M
E49332,PR-BHR,BE58,BEECH 58 Baron,L2P,L
E49432,PT-OTV,PAY1,PIPER PA-31T1-500 Cheyenne 1,L2T,L
E49532,N-7090,EC35,AIRBUS HELICOPTERS EC-135/635,H2T,L
E49632,PS-TAR,GLF5,GULFSTREAM 5,L2J,M
E49732,PS-PAS,BE9L,BEECH 90 King Air,L2T,L
E49932,FAB1444,TUCA,EMBRAER EMB-312 Tucano,L1T,L
E49A32,PS-JLR,TBM9,SOCATA TBM-900/910/930/940,L1T,L
E80332,CC-AZO,A20N,AIRBUS A-320neo,L2J,M
E80432,CC-BCF,A319,AIRBUS A-319,L2J,M
E80832,CC-ABB,C182,CESSNA 182 Skylane,L1P,L
E84032,HC-CGO,E145,EMBRAER ERJ-145,L2J,M
