009035,ZS-GCY,GLID,,L0-,-
009A35,ZS-JXK,PA31,PIPER PA-31-300/310/325/350/425,L2P,L
00A735,ZS-OVK,BE9T,BEECH F90 King Air,L2T,L
010235,SU-TMO,B738,BOEING 737-800,L2J,M
018035,5A-OND,A319,AIRBUS A-319,L2J,M
020035,CN-AOE,C130,LOCKHEED C-130 Hercules,L4T,M
020135,CN-GMT,GLF4,GULFSTREAM 4,L2J,M
030035,A2-OKA,C208,CESSNA 208 Caravan,L1T,L
040035,ET-ANV,DH8D,DE HAVILLAND DHC-8-400 Dash 8,L2T,M
040135,ET-AUD,DH8D,DE HAVILLAND DHC-8-400 Dash 8,L2T,M
044035,9G-SAG,PAY4,PIPER PA-42-1000 Cheyenne 400,L2T,L
05A035,8Q-TAB,DHC6,DE HAVILLAND DHC-6 Twin Otter,L2T,L
060035,3B-NBU,A339,AIRBUS A-330-900,L2J,H
06A135,A7-FSB,PA34,PIPER PA-34 Seneca,L2P,L
080035,5H-TMS,C208,CESSNA 208 Caravan,L1T,L
09A035,C5-BDV,B735,BOEING 737-500,L2J,M
09C035,XT-ABV,E190,EMBRAER ERJ-190-100,L2J,M
0A4035,MS-24,EH10,AGUSTA WESTLAND EH-101 Merlin,H3T,M
0AC335,FAC5761,C560,CESSNA 560 Citation Ultra,L2J,M
0AC935,PNC-0723,UH1,BELL UH-1 Huey,H1T,L
0B4135,TG-KOG,P28B,PIPER PA-28-201T/235/236,L1P,L
0C2135,HP-12BLM,BE9L,BEECH 90 King Air,L2T,L
0D0735,XA-QUI,K100,DAHER Kodiak 100,L1T,L
0D0B35,XA-VRF,A20N,AIRBUS A-320neo,L2J,M
0D0D35,XA-MBN,LJ75,LEARJET 75,L2J,M
0D8135,YV2088,CRJ7,BOMBARDIER Regional Jet CRJ-700,L2J,M
0D8335,YV3415,LJ55,LEARJET 55,L2J,M
0D8435,YV2982,C500,CESSNA 500 Citation 1,L2J,L
140B35,RA-02869,E170,EMBRAER ERJ-170-100,L2J,M
142635,09781,,,,
14FA35,RA-64053,T204,TUPOLEV Tu-204/214/224/234,L2J,M
151E35,RA-73269,B738,BOEING 737-800,L2J,M
152035,RA-73781,A320,AIRBUS A-320,L2J,M
154E35,RA-85555,,,,
155335,RF-86837,,,,
155C35,RA-89141,SU95,SUKHOI Superjet 100-95,L2J,M
201035,V5-PJM,GLF3,GULFSTREAM 3,L2J,M
300235,I-KEON,EC30,AIRBUS HELICOPTERS EC-130,H1T,L
300335,I-APCE,P28A,PIPER PA-28-140/150/160/180,L1P,L
300535,I-CCAP,C172,CESSNA 172 Skyhawk,L1P,L
300635,I-DELO,GLF5,GULFSTREAM 5,L2J,M
300735,I-CNTA,P208,TECNAM P-2008,L1P,L
31DE35,I-8742,STRM,SG AVIATION Storm,L1P,L
320035,I-DVFE,A109,AGUSTA AW-109 Grand,H2T,L
33FD35,MM81632,NH90,NHI NH-90,H2T,M
382C35,F-BLBV,RALL,SOCATA Rallye,L1P,L
382D35,F-BLJV,DR10,CENTRE EST Ambassadeur,L1P,L
383035,F-BMBV,D140,JODEL D-140 Mousquetaire,L1P,L
383135,F-BMJV,PA18,PIPER PA-18 Super Cub,L1P,L
383235,F-BMRV,M20P,MOONEY M-20,L1P,L
383735,F-BNZV,WA41,WASSMER WA-41 Baladou,L1P,L
383835,F-BOBV,WA41,WASSMER WA-41 Baladou,L1P,L
384435,F-BRBV,C172,CESSNA 172 Skyhawk,L1P,L
385235,F-BURV,C172,CESSNA 172 Skyhawk,L1P,L
390E35,F-GDRV,B47G,BELL 47G,H1P,L
391035,F-GEBV,D140,JODEL D-140 Mousquetaire,L1P,L
391735,F-GFZV,P28A,PIPER PA-28-140/150/160/180,L1P,L
391935,F-GGJV,DR40,ROBIN DR-400,L1P,L
391C35,F-GHBV,AS50,AEROSPATIALE AS-350 Ecureuil,H1T,L
392035,F-GIBV,PC6T,PILATUS PC-6 Turbo-Porter,L1T,L
392235,F-GIRV,P28A,PIPER PA-28-140/150/160/180,L1P,L
392735,F-GJZV,DR40,ROBIN DR-400,L1P,L
392E35,F-GLRV,J3,PIPER J-3 Cub,L1P,L
393235,F-GMRV,DR40,ROBIN DR-400,L1P,L
393435,F-GNBV,BALL,,B0-,-
393535,F-GNJV,DA40,DIAMOND DA-40 Club Star,L1P,L
393635,F-GNRV,BALL,,B0-,-
393D35,F-GPJV,P28A,PIPER PA-28-140/150/160/180,L1P,L
394635,F-GRRV,APM3,ISSOIRE APM-30 Lion,L1P,L
394835,F-GSBV,DR40,ROBIN DR-400,L1P,L
395435,F-GVBV,C172,CESSNA 172 Skyhawk,L1P,L
396235,F-GYRV,SR20,CIRRUS SR-20,L1P,L
396435,F-GZBV,C172,CESSNA 172 Skyhawk,L1P,L
398035,F-HABV,DR40,ROBIN DR-400,L1P,L
398235,F-HARV,DR40,ROBIN DR-400,L1P,L
398435,F-HBBV,FDCT,FLIGHT DESIGN CT,L1P,L
398535,F-HBJV,M20P,MOONEY M-20,L1P,L
398C35,F-HDBV,E300,EXTRA EA-300/330/350,L1P,L
399235,F-HERV,BALL,,B0-,-
399C35,F-HHBV,AS50,AEROSPATIALE AS-350 Ecureuil,H1T,L
39A535,F-HJJV,C25A,CESSNA 525A Citation CJ2,L2J,L
39AE35,F-HLRV,PC12,PILATUS PC-12,L1T,L
39CA35,F-HSRV,EC35,AIRBUS HELICOPTERS EC-135/635,H2T,L
39CE35,F-HTRV,EC35,AIRBUS HELICOPTERS EC-135/635,H2T,L
3A3A35,F-OORV,C172,CESSNA 172 Skyhawk,L1P,L
3AAB35,F-MGBC,GAZL,AEROSPATIALE SA-341 Gazelle,H1T,L
3B7635,E153,AJET,DASSAULT-DORNIER Alpha Jet,L2J,M
3B7735,078,E121,EMBRAER EMB-121 Xingu,L2T,L
3C1235,D-AVXG,A321,AIRBUS A-321,L2J,M
3C4435,D-AAAU,A320,AIRBUS A-320,L2J,M
3C4B35,D-ABYU,B748,BOEING 747-8,L4J,H
3C5835,D-AFAU,GLEX,BOMBARDIER BD-700 Global 6000/6500,L2J,M
3C6635,D-AIQU,A320,AIRBUS A-320,L2J,M
3D0535,D-EAFL,A210,AQUILA A-210,L1P,L
3D0835,D-EBIZ,DA40,DIAMOND DA-40 Club Star,L1P,L
3D0A35,D-ECCR,SR20,CIRRUS SR-20,L1P,L
3D0B35,D-ECMN,C172,CESSNA 172 Skyhawk,L1P,L
3D0C35,D-ECWJ,B36T,BEECH 36 Turbine Bonanza,L1T,L
3D0E35,D-EDQB,P28A,PIPER PA-28-140/150/160/180,L1P,L
3D1035,D-EEJT,FOX,KITFOX,L1P,L
3D1435,D-EFXD,A210,AQUILA A-210,L1P,L
3D1C35,D-EIXX,HUSK,CHRISTEN Husky,L1P,L
3D1E35,D-EJRP,BL17,BELLANCA 17 Viking,L1P,L
3D1F35,D-EKBL,TOBA,SOCATA Tobago,L1P,L
3D2035,D-EKLH,P28A,PIPER PA-28-140/150/160/180,L1P,L
3D2335,D-ELOV,P32T,PIPER PA-32RT-300/300T,L1P,L
3D2535,D-EMIN,A210,AQUILA A-210,L1P,L
3D2735,D-ENCF,R300,ROBIN R-3000/3100/3120/3140,L1P,L
3D3235,D-ERGN,A210,AQUILA A-210,L1P,L
3D3535,D-ESKB,ZZZZ,,-0-,-
3D3735,D-ETDT,M20T,MOONEY M-20T,L1P,L
3D3D35,D-EVKV,DA40,DIAMOND DA-40 Club Star,L1P,L
3D4235,D-EXIB,C182,CESSNA 182 Skylane,L1P,L
3D4735,D-EZFH,C182,CESSNA 182 Skylane,L1P,L
3D5535,D-FEND,PC12,PILATUS PC-12,L1T,L
3DD335,D-HAFT,EC25,AIRBUS HELICOPTERS EC-225/725,H2T,M
3DD735,D-HJLA,EC45,AIRBUS HELICOPTERS EC-145,H2T,L
3E0235,D-HSAN,EC35,AIRBUS HELICOPTERS EC-135/635,H2T,L
3E0A35,D-HVBH,EC35,AIRBUS HELICOPTERS EC-135/635,H2T,L
3E2535,D-IFHD,C25M,CESSNA 525 Citation M2,L2J,L
3E3735,D-IMCJ,C525,CESSNA 525 CitationJet,L2J,L
3E4535,D-IRKF,DA62,DIAMOND DA-62,L2P,L
3E5C35,D-KACR,ARCP,SCHEMPP-HIRTH Arcus M,L1P,L
3E5D35,D-KAMN,SF25,SCHEIBE SF-25 Falke,L1P,L
3E6235,D-KCJT,VENT,SCHEMPP-HIRTH Ventus,L1P,L
3E6335,D-KCTP,GLID,,L0-,-
3E8B35,76+13,EC45,AIRBUS HELICOPTERS EC-145,H2T,L
3ECD35,D-KSRD,DUOD,SCHEMPP-HIRTH Duo Discus,L1P,L
3EDB35,D-KXYZ,VENT,SCHEMPP-HIRTH Ventus,L1P,L
3EE835,D-1950,GLID,,L0-,-
3EED35,D-3230,GLID,,L0-,-
3EEE35,D-3486,GLID,,L0-,-
3EF035,D-3998,GLID,,L0-,-
3EF335,D-4766,PK20,PIK 20E,L1P,L
3EF735,D-5790,GLID,,L0-,-
3F2835,D-OBDD,BALL,,B0-,-
3F8935,79+30,NH90,NHI NH-90,H2T,M
3FA935,82+53,EC35,AIRBUS HELICOPTERS EC-135/635,H2T,L
3FEA35,D-MAHR,FDCT,FLIGHT DESIGN CT,L1P,L
3FEB35,D-MVOF,FDCT,FLIGHT DESIGN CT,L1P,L
3FEC35,D-MPJA,G3,REMOS Mirage,L1P,L
3FEE35,D-MSHM,ECHO,TECNAM P-92 Echo,L1P,L
3FEF35,D-MYBR,BREZ,AEROSTYLE Breezer,L1P,L
3FF035,D-MTAO,CDUS,AUTOGYRO Calidus,G1P,L
3FF135,D-MYWT,WT9,AEROSPOOL WT-9 Dynamic,L1P,L
3FF335,D-MEHW,ALSL,AIRLONY Skylane,L1P,L
3FF435,D-MDWB,GLID,,L0-,-
3FF535,D-MRTV,GYRO,,G0-,-
400935,G-EUPZ,A319,AIRBUS A-319,L2J,M
400A35,G-CELE,B733,BOEING 737-300,L2J,M
400C35,G-SAPM,TB20,SOCATA TB-20 Trinidad,L1P,L
400E35,G-JHAC,C150,CESSNA 150,L1P,L
401135,G-BOFE,PA34,PIPER PA-34 Seneca,L2P,L
401335,G-DDWU,GLID,,L0-,-
401435,G-AJEE,J1,AUSTER J-1,L1P,L
401735,G-AVTP,C172,CESSNA 172 Skyhawk,L1P,L
401A35,G-BASJ,P28A,PIPER PA-28-140/150/160/180,L1P,L
401B35,G-HECB,SUBA,FUJI FA-200 Aero Subaru,L1P,L
401D35,G-BFRS,C172,CESSNA 172 Skyhawk,L1P,L
402335,G-OMDR,B06,BELL 206 JetRanger,H1T,L
402D35,G-RFSB,RF5,FOURNIER RF-5,L1P,L
403135,G-EROS,BALL,,B0-,-
403535,G-SATL,BALL,,B0-,-
403735,G-GKKI,CP23,MURDY CAP-230/1/2,L1P,L
403835,G-BVFB,BALL,,B0-,-
403B35,G-VOAR,P28A,PIPER PA-28-140/150/160/180,L1P,L
403F35,G-BXSI,JABI,Jabiru J120,L1P,L
404035,G-FBRN,P28A,PIPER PA-28-140/150/160/180,L1P,L
404135,G-BYHL,DHC1,DE HAVILLAND DHC-1 Chipmunk,L1P,L
404235,G-BYPR,CH60,ZENAIR CH-600 Zodiac,L1P,L
404435,G-SETI,BALL,,B0-,-
404535,G-BZXY,R44,ROBINSON R-44 Raven,H1P,L
404935,G-CCDL,XAIR,RAJ HAMSA X-AIR Falcon,L1P,L
404B35,G-HIJN,C42,IKARUS C-42 Bison,L1P,L
404C35,G-CCYM,SKRA,BEST OFF Sky Ranger,L1P,L
404D35,G-PIGI,EV97,EVEKTRO EV-97 EuroStar,L1P,L
404E35,G-OZIE,JAB4,JABIRU J200-450,L1P,L
405135,G-CEKW,JAB4,JABIRU J200-450,L1P,L
405535,G-KUPP,FDCT,FLIGHT DESIGN CT,L1P,L
405635,G-EZDF,A319,AIRBUS A-319,L2J,M
405835,G-DCZJ,GLID,,L0-,-
405935,G-CJTU,DUOD,SCHEMPP-HIRTH Duo Discus,L1P,L
405A35,G-GRSR,DISC,SCHEMPP-HIRTH Discus,L1P,L
405E35,G-GMIB,DR40,ROBIN DR-400,L1P,L
405F35,ZR325,A109,AGUSTA AW-109 Grand,H2T,L
406035,G-CFVR,EUPA,Europa,L1P,L
406135,G-EZFT,A319,AIRBUS A-319,L2J,M
406235,G-IIFM,EDGE,ZIVKO Edge 540,L1P,L
406335,G-CGLG,ULAC,,L0-,-
406435,G-NDAD,ULAC,,L0-,-
406535,G-KMFW,DG80,DG FLUGZEUGBAU DG-800,L1P,L
406635,G-ENTL,ULAC,,L0-,-
406735,G-LSAN,B752,BOEING 757-200,L2J,M
406935,G-DADD,ESCP,REALITY Escapade,L1P,L
406A35,G-STBJ,B77W,BOEING 777-300ER,L2J,H
406B35,G-CIEJ,MT,ROTORSPORT MTOSport,G1P,L
406D35,G-RHML,R22,ROBINSON R-22 Mariner,H1P,L
406F35,G-CIWB,RV6,VANS RV-6,L1P,L
407035,G-CIYC,ULAC,,L0-,-
407135,G-LOUS,EV97,EVEKTRO EV-97 EuroStar,L1P,L
407235,G-MUDX,CLON,AUTOGYRO Cavalon,G1P,L
407335,G-GRLS,SKRA,BEST OFF Sky Ranger,L1P,L
407535,G-TTNE,A20N,AIRBUS A-320neo,L2J,M
407635,G-MAMZ,C42,IKARUS C-42 Bison,L1P,L
407735,G-CLDN,SKRA,BEST OFF Sky Ranger,L1P,L
407935,G-CLKB,C172,CESSNA 172 Skyhawk,L1P,L
407B35,G-CLWG,ULAC,,L0-,-
424035,VP-BPN,SB20,SAAB 2000,L2T,M
424135,VP-COO,CL60,BOMBARDIER CL-600 Challenger,L2J,M
424235,VP-BMX,H25C,RAYTHEON Hawker 1000,L2J,M
424435,VQ-BCE,A321,AIRBUS A-321,L2J,M
424835,VP-CFG,GLEX,BOMBARDIER BD-700 Global 6000/6500,L2J,M
424B35,M-PTGG,FA8X,DASSAULT Falcon 8X,L3J,M
43C235,ZB689,GAZL,AEROSPATIALE SA-341 Gazelle,H1T,L
43C435,XX280,HAWK,BRITISH AEROSPACE T-45 Goshawk,L1J,M
43C935,ZM707,H64,MCDONNELL DOUGLAS AH-64 Apache,H2T,M
43E835,M-CICO,FA50,DASSAULT Falcon 50,L3J,M
43ED35,2-AVLB,B739,BOEING 737-900,L2J,M
440135,OE-GMM,C680,CESSNA 680 Citation Sovereign,L2J,M
440235,OE-XYZ,R66,ROBINSON R-66,H1T,L
440335,OE-9441,DIMO,DIAMOND H-36 Dimona,L1P,L
440635,OE-CHB,DV20,DIAMOND DA-20,L1P,L
440735,OE-LQS,A319,AIRBUS A-319,L2J,M
440835,OE-5473,GLID,,L0-,-
440A35,OE-IMO,DH8D,DE HAVILLAND DHC-8-400 Dash 8,L2T,M
440B35,OE-0950,GLID,,L0-,-
440C35,OE-LSA,A20N,AIRBUS A-320neo,L2J,M
440D35,OE-LCS,GLEX,BOMBARDIER BD-700 Global 6000/6500,L2J,M
448A35,OO-BQU,BALL,,B0-,-
448B35,OO-BYU,BALL,,B0-,-
44DD35,OO-WIU,C172,CESSNA 172 Skyhawk,L1P,L
44E835,OO-ZAU,GLID,,L0-,-
44F635,H-21,A109,AGUSTA AW-109 Grand,H2T,L
458935,OY-BIU,C172,CESSNA 172 Skyhawk,L1P,L
458D35,OY-CIU,AT43,ATR-42-300,L2T,M
45A835,OY-JAU,PA34,PIPER PA-34 Seneca,L2P,L
45AC35,OY-KAU,A320,AIRBUS A-320,L2J,M
45B035,OY-LAU,DR10,CENTRE EST Ambassadeur,L1P,L
45CB35,OY-RYU,C172,CESSNA 172 Skyhawk,L1P,L
45F435,M-520,EH10,AGUSTA WESTLAND EH-101 Merlin,H3T,M
461F35,OH-LVH,A319,AIRBUS A-319,L2J,M
467835,HN-450,F18H,BOEING FA-18 HORNET,L2J,M
470335,HA-BFP,C172,CESSNA 172 Skyhawk,L1P,L
471F35,HA-LVH,A21N,AIRBUS A-321neo,L2J,M
473B35,HA-WKZ,ALO2,SUD Alouette 2,H1T,L
478735,LN-OTE,R22,ROBINSON R-22 Mariner,H1P,L
480435,J-201,F16,GENERAL DYNAMICS F-16 Fighting Falcon,L1J,M
484135,PH-HZE,B738,BOEING 737-800,L2J,M
484235,GND,GND,,V0-,-
484535,PH-MLL,TB20,SOCATA TB-20 Trinidad,L1P,L
484635,PH-EVE,BALL,,B0-,-
484735,PH-ACH,C152,CESSNA 152,L1P,L
484935,PH-FDT,BALL,,B0-,-
484A35,PH-1338,GLID,,L0-,-
484B35,PH-4E2,WT9,AEROSPOOL WT-9 Dynamic,L1P,L
484F35,PH-WBD,BALL,,B0-,-
485035,PH-VMR,BALL,,B0-,-
485135,PH-MAP,C190,CESSNA 190,L1P,L
485335,PH-1KH,ZZZZ,,-0-,-
485435,PH-1QZ,ZZZZ,,-0-,-
485535,PH-2EE,ZZZZ,,-0-,-
485635,PH-2PN,ZZZZ,,-0-,-
485835,PH-TOT,ZZZZ,,-0-,-
485A35,PH-BCL,B738,BOEING 737-800,L2J,M
485E35,PH-7P5,ZZZZ,,-0-,-
486435,PH-EUL,A189,AGUSTA AW-189,H2T,M
489935,SP-GKZ,C152,CESSNA 152,L1P,L
48BA35,SP-OSZ,GA8,GIPPSAERO GA-8 Airvan,L1P,L
48C235,SP-RSZ,B738,BOEING 737-800,L2J,M
48D135,SP-WKZ,R44,ROBINSON R-44 Raven,H1P,L
48D635,SP-ZSZ,CL30,BOMBARDIER BD-100 Challenger 300,L2J,M
491435,CS-EAU,C150,CESSNA 150,L1P,L
492135,CS-HIU,AS50,AEROSPATIALE AS-350 Ecureuil,H1T,L
493035,CS-LAU,C68A,CESSNA 680 Citation Latitude,L2J,M
495435,CS-UAU,ULAC,,L0-,-
497C35,15122,F16,GENERAL DYNAMICS F-16 Fighting Falcon,L1J,M
498435,9819,SB39,SAAB 39 Gripen,L1J,M
49D035,OK-AAV,C414,CESSNA 414 Chancellor,L2P,L
49D135,OK-WAY,CL60,BOMBARDIER CL-600 Challenger,L2J,M
49D335,OK-OKV,PAY3,PIPER PA-42-720 Cheyenne 3,L2T,L
4A0835,YR-BAU,B734,BOEING 737-400,L2J,M
4A8135,SE-LEB,F50,FOKKER 50,L2T,M
4AA435,SE-IAU,P28U,PIPER PA-28RT-201T Turbo,L1P,L
4AAD35,SE-KIU,P28A,PIPER PA-28-140/150/160/180,L1P,L
4AD935,SE-VIU,SMAX,AIRMAX M-22 SeaMax,A1P,L
4B0335,HB-BFP,BALL,,B0-,-
4B0735,HB-CSZ,C150,CESSNA 150,L1P,L
4B1C35,HB-KRT,HUSK,CHRISTEN Husky,L1P,L
4B2635,HB-OMF,PA32,PIPER PA-32,L1P,L
4B2935,HB-PPT,P28A,PIPER PA-28-140/150/160/180,L1P,L
4B2C35,HB-QTH,BALL,,B0-,-
4B3035,HB-SGR,DA40,DIAMOND DA-40 Club Star,L1P,L
4B4035,HB-YIF,BREZ,AEROSTYLE Breezer,L1P,L
4B4335,HB-ZLT,EC30,AIRBUS HELICOPTERS EC-130,H1T,L
4B4435,HB-ZVP,AS50,AEROSPATIALE AS-350 Ecureuil,H1T,L
4B4935,HB-1166,GLID,,L0-,-
4B4A35,HB-1422,GLID,,L0-,-
4B4C35,HB-1934,GLID,,L0-,-
4B4E35,HB-2446,DG80,DG FLUGZEUGBAU DG-800,L1P,L
4B5135,HB-3214,DUOD,SCHEMPP-HIRTH Duo Discus,L1P,L
4B8C35,TC-CAU,C208,CESSNA 208 Caravan,L1T,L
4C0735,YU-BZV,T206,CESSNA T206 Turbo Stationair,L1P,L
4CA335,278,A139,AGUSTA AW-139,H2T,L
4CA935,EI-DVL,A320,AIRBUS A-320,L2J,M
4CAD35,EI-EJW,A109,AGUSTA AW-109 Grand,H2T,L
4CC535,TF-KRI,GLSP,NEW GLASTAR Sportsman 2+2,L1P,L
4D2135,9H-YOU,CRJ2,BOMBARDIER Regional Jet CRJ-200,L2J,M
4D2235,9H-QDC,B738,BOEING 737-800,L2J,M
4D2335,9H-CCH,CL60,BOMBARDIER CL-600 Challenger,L2J,M
500035,T7-RAR,PA34,PIPER PA-34 Seneca,L2P,L
500235,T7-TDL,P46T,PIPER PA-46-500TP,L1T,L
502D35,YL-LDF,A320,AIRBUS A-320,L2J,M
505C35,OM-5219,GLID,,L0-,-
506E35,S5-DKP,PA38,PIPER PA-38 Tomahawk,L1P,L
507C35,UK-91107,I114,ILYUSHIN Il-114,L2T,M
510035,EW-100PJ,CRJ1,BOMBARDIER Regional Jet CRJ-100,L2J,M
511035,ES-YLX,L39,LET L-39 Albatros,L1J,L
600035,EK74779,B742,BOEING 747-200,L4J,H
683035,UP-AN205,AN12,ANTONOV An-12,L4T,M
70C135,A4O-OXD,A21N,AIRBUS A-321neo,L2J,M
710135,PSS-57,EC45,AIRBUS HELICOPTERS EC-145,H2T,L
710435,HZ-NS23,A20N,AIRBUS A-320neo,L2J,M
718935,HL1135,C172,CESSNA 172 Skyhawk,L1P,L
71BE35,HL7635,A388,AIRBUS A-380-800,L4J,H
71BF35,HL7735,A321,AIRBUS A-321,L2J,M
71C235,HL8235,B738,BOEING 737-800,L2J,M
71C335,HL8335,B738,BOEING 737-800,L2J,M
71CE35,HL9635,S76,SIKORSKY S-76 Spirit,H2T,L
728135,YI-309,C30J,LOCKHEED MARTIN C-130J Super Hercules,L4T,M
728635,YI-AQU,A321,AIRBUS A-321,L2J,M
728835,YI-BAU,B733,BOEING 737-300,L2J,M
731A35,EP-FQU,RJ1H,AVRO RJ-100 Avroliner,L4J,M
739435,4X-CZL,C208,CESSNA 208 Caravan,L1T,L
739535,4X-HLE,TL20,TL ULTRALIGHT TL-2000 Sting,L1P,L
740735,JY-AYU,A320,AIRBUS A-320,L2J,M
742835,JY-JAU,A320,AIRBUS A-320,L2J,M
748035,OD-TAL,CRJ1,BOMBARDIER Regional Jet CRJ-100,L2J,M
750435,M103-05,EC20,AIRBUS HELICOPTERS EC-120,H1T,L
758335,RP-C9909,A321,AIRBUS A-321,L2J,M
76D035,9V-TAU,A320,AIRBUS A-320,L2J,M
780035,B-1960,B738,BOEING 737-800,L2J,M
780135,B-HND,B772,BOEING 777-200,L2J,H
780235,B-LAJ,A333,AIRBUS A-330-300,L2J,H
780435,B-9313,C172,CESSNA 172 Skyhawk,L1P,L
780535,B-3451,MA60,XIAN MA-60,L2T,M
780635,B-6665,A321,AIRBUS A-321,L2J,M
780735,B-6772,A320,AIRBUS A-320,L2J,M
780935,B-6951,A320,AIRBUS A-320,L2J,M
780A35,B-KQC,B77W,BOEING 777-300ER,L2J,H
780B35,B-9947,A321,AIRBUS A-321,L2J,M
780C35,B-1950,B738,BOEING 737-800,L2J,M
780F35,B-8407,A321,AIRBUS A-321,L2J,M
781035,B-1559,B738,BOEING 737-800,L2J,M
781235,B-1320,B738,BOEING 737-800,L2J,M
781335,B-1041,A333,AIRBUS A-330-300,L2J,H
781435,B-10WC,C172,CESSNA 172 Skyhawk,L1P,L
781535,B-206M,B38M,BOEING 737 MAX 8,L2J,M
781835,B-10E6,B350,BEECHCRAFT Super King Air 350,L2T,M
781935,B-30EV,A21N,AIRBUS A-321neo,L2J,M
789235,B-HNV,B773,BOEING 777-300,L2J,H
798035,B-6034,A319,AIRBUS A-319,L2J,M
79A035,B-2208,A320,AIRBUS A-320,L2J,M
7BB135,B-5206,B737,BOEING 737-700,L2J,M
7C0035,VH-ABR,DC3,DOUGLAS DC-3 Dakota,L2P,M
7C0635,VH-BIF,BK17,EUROCOPTER BK117 C-1/2,H2T,L
7C0735,VH-BPJ,C172,CESSNA 172 Skyhawk,L1P,L
7C0835,VH-BWN,R44,ROBINSON R-44 Raven,H1P,L
7C0A35,VH-CAV,P28S,PIPER PA-28R-201T,L1P,L
7C0F35,VH-DAF,RV8,VANS RV-8,L1P,L
7C1235,VH-DVR,PA31,PIPER PA-31-300/310/325/350/425,L2P,L
7C1735,VH-EVB,C207,CESSNA 207 Turbo Stationair,L1P,L
7C1A35,VH-FGN,GA8,GIPPSAERO GA-8 Airvan,L1P,L
7C1B35,VH-FNR,F100,FOKKER 100,L2J,M
7C2535,VH-HMV,AEST,AEROSTAR 600,L2P,L
7C2B35,VH-ITJ,P32R,PIPER PA-32R-300/301/301T,L1P,L
7C2E35,VH-JEV,JABI,Jabiru J120,L1P,L
7C3535,VH-KSN,ADVE,AUSTER J-5 Adventurer,L1P,L
7C3635,VH-KZR,C172,CESSNA 172 Skyhawk,L1P,L
7C3B35,VH-LZB,SR22,CIRRUS SR-22,L1P,L
7C3E35,VH-MKN,C206,CESSNA  206 Stationair,L1P,L
7C4035,VH-MYV,M20T,MOONEY M-20T,L1P,L
7C4435,VH-NRB,P28A,PIPER PA-28-140/150/160/180,L1P,L
7C4535,VH-NYF,RV7,VANS RV-7,L1P,L
7C4735,VH-OCN,C172,CESSNA 172 Skyhawk,L1P,L
7C4E35,VH-PQF,RV10,VANS RV-10,L1P,L
7C5635,VH-RBB,C172,CESSNA 172 Skyhawk,L1P,L
7C5835,VH-RPJ,R66,ROBINSON R-66,H1T,L
7C5935,VH-RWN,PA32,PIPER PA-32,L1P,L
7C6235,VH-TON,RV9,VANS RV-9,L1P,L
7C6B35,VH-VGN,A320,AIRBUS A-320,L2J,M
7C6C35,VH-VNR,A320,AIRBUS A-320,L2J,M
7C6D35,VH-VUV,B738,BOEING 737-800,L2J,M
7C7135,VH-WNB,BALL,,B0-,-
7C7635,VH-XMV,EC35,AIRBUS HELICOPTERS EC-135/635,H2T,L
7C7735,VH-XTZ,LEG2,LANCAIR Legacy,L1P,L
7C7C35,VH-YTJ,DA40,DIAMOND DA-40 Club Star,L1P,L
7C7F35,VH-ZEV,C337,CESSNA 337 Super Skymaster,L2P,L
7CBC35,19-2060,RV12,VANS RV-12,L1P,L
7CCF35,32-9120,EDGE,ZIVKO Edge 540,L1P,L
7CF835,A97-449,C30J,LOCKHEED MARTIN C-130J Super Hercules,L4T,M
800235,K3069,AN32,ANTONOV An-32 Sutlej,L2T,M
800335,KC-3804,C30J,LOCKHEED MARTIN C-130J Super Hercules,L4T,M
800735,VT-ANO,B788,BOEING 787-8 Dreamliner,L2J,H
800C35,VT-KNP,D228,DORNIER 228,L2T,L
800D35,VT-IZL,A20N,AIRBUS A-320neo,L2J,M
801435,VT-ATH,A20N,AIRBUS A-320neo,L2J,M
841035,JA04GB,K100,DAHER Kodiak 100,L1T,L
868735,JA756D,S76,SIKORSKY S-76 Spirit,H2T,L
86D035,JA80GT,A109,AGUSTA AW-109 Grand,H2T,L
87C835,5513,P1,KAWASAKI P-1,L4J,M
888135,VN-A640,A321,AIRBUS A-321,L2J,M
896335,A6-FED,B738,BOEING 737-800,L2J,M
896535,A6-BLX,B789,BOEING 787-9 Dreamliner,L2J,H
898035,P2-ANQ,F100,FOKKER 100,L2J,M
899035,B-16730,B77W,BOEING 777-300ER,L2J,H
899135,B-16789,B77L,BOEING 777-200LR,L2J,H
8A0235,PK-LHI,B739,BOEING 737-900,L2J,M
8A0535,PK-GNV,B738,BOEING 737-800,L2J,M
8A0635,PK-LUQ,A320,AIRBUS A-320,L2J,M
8A0835,PK-LSG,B739,BOEING 737-900,L2J,M
A00035,N1CA,CL30,BOMBARDIER BD-100 Challenger 300,L2J,M
A00135,N1NG,PC7,PILATUS PC-7 Astra,L1T,L
A00635,N100RK,C172,CESSNA 172 Skyhawk,L1P,L
A00735,N1001F,B47G,BELL 47G,H1P,L
A00B35,N1013J,VO10,NORTH AMERICAN ROCKWELL Commander 100,L1P,L
A00D35,N102M,LNC2,LANCAIR 200-320,L1P,L
A00F35,N1025M,C182,CESSNA 182 Skylane,L1P,L
A01035,N103DS,C25B,CESSNA 525B Citation CJ3,L2J,L
A01335,N1037Q,C310,CESSNA 310,L2P,L
A01535,N104SW,FDCT,FLIGHT DESIGN CT,L1P,L
A01635,N1042G,C172,CESSNA 172 Skyhawk,L1P,L
A01735,N1049T,M20P,MOONEY M-20,L1P,L
A01935,N105VU,EC35,AIRBUS HELICOPTERS EC-135/635,H2T,L
A01A35,N1054K,M20P,MOONEY M-20,L1P,L
A01E35,N1066N,ST75,STEARMAN Kaydet,L1P,L
A01F35,N107FC,PA31,PIPER PA-31-300/310/325/350/425,L2P,L
A02135,N1071E,CH7A,BELLANCA 7 Champion,L1P,L
A02335,N108JA,E50P,EMBRAER EMB-500 Phenom 100,L2J,L
A02535,N1083H,AR15,AERONCA 15 Sedan,L1P,L
A02635,N109AT,PA32,PIPER PA-32,L1P,L
A02B35,N11PX,ULAC,,L0-,-
A02E35,N110WP,,,,
A03035,N111D,HDJT,HONDA HondaJet,L2J,L
A03135,N111PF,BE35,BEECH 35 Starfire Bonanza,L1P,L
A03235,N111ZM,A321,AIRBUS A-321,L2J,M
A03335,N11168,ZZZZ,,-0-,-
A03635,N11210,WACF,WACO F,L1P,L
A03735,N1129A,PA18,PIPER PA-18 Super Cub,L1P,L
A03835,N113JW,RV6,VANS RV-6,L1P,L
A03A35,N11333,G2T1,GREAT LAKES 2T-1,L1P,L
A03F35,N115EL,T206,CESSNA T206 Turbo Stationair,L1P,L
A04035,N115QS,GL5T,BOMBARDIER BD-700 Global 5000/5500,L2J,M
A04135,N1150Y,C150,CESSNA 150,L1P,L
A04535,N11621,C150,CESSNA 150,L1P,L
A04635,N117AA,CL60,BOMBARDIER CL-600 Challenger,L2J,M
A05035,N1191Z,AA5,AMERICAN AA-5 Tiger,L1P,L
A05135,N1199,AT75,ATR-72-500,L2T,M
A05235,N12JV,RV3,VANS RV-3,L1P,L
A05335,N12VA,AC95,NORTH AMERICAN ROCKWELL Jetprop Commander 1000,L2T,L
A05535,N120RM,PTMS,PITTS S-12 Super Stinker,L1P,L
A05735,N1208U,NAVI,NORTH AMERICAN Navion,L1P,L
A05A35,N1213L,C182,CESSNA 182 Skylane,L1P,L
A05B35,N122AW,PA31,PIPER PA-31-300/310/325/350/425,L2P,L
A05E35,N1225P,SR22,CIRRUS SR-22,L1P,L
A06035,N123Q,CL35,BOMBARDIER BD-100 Challenger 350,L2J,M
A06235,N1237S,GLID,,L0-,-
A06335,N124GS,PA18,PIPER PA-18 Super Cub,L1P,L
A06435,N124SY,E75L,EMBRAER ERJ-170-200 (long wing),L2J,M
A06535,N1242J,VO10,NORTH AMERICAN ROCKWELL Commander 100,L1P,L
A06635,N1249V,PA23,PIPER PA-23,L2P,L
A06A35,N126CG,A109,AGUSTA AW-109 Grand,H2T,L
A06E35,N127FE,B763,BOEING 767-300,L2J,H
A06F35,N127RL,C182,CESSNA 182 Skylane,L1P,L
A07035,N1271G,C310,CESSNA 310,L2P,L
A07135,N1278T,P28A,PIPER PA-28-140/150/160/180,L1P,L
A07235,N128JC,T28,NORTH AMERICAN T-28,L1P,L
A07535,N129AV,PA34,PIPER PA-34 Seneca,L2P,L
A07635,N129MA,P28A,PIPER PA-28-140/150/160/180,L1P,L
A07A35,N13PZ,M7,MAULE M-7,L1P,L
A07B35,N130AD,EC30,AIRBUS HELICOPTERS EC-130,H1T,L
A07C35,N130LK,SREY,PROGRESSIVE AERODYNE SeaRey,A1P,L
A07F35,N131DB,LGEZ,RUTAN Long-EZ,L1P,L
A08035,N131PH,M7,MAULE M-7,L1P,L
A08235,N1317,,,,
A08535,N13212,C172,CESSNA 172 Skyhawk,L1P,L
A08635,N1329C,PA22,PIPER PA-22,L1P,L
A09035,N13500,C180,CESSNA  180 Skywagon,L1P,L
A09135,N1358A,PA18,PIPER PA-18 Super Cub,L1P,L
A09435,N13623,C172,CESSNA 172 Skyhawk,L1P,L
A09535,N137AC,BL8,BELLANCA 8 Decathlon,L1P,L
A09A35,N138PG,S22T,CIRRUS SR-22T Turbo,L1P,L
A09E35,N139SE,PARA,,P0-,-
A09F35,N13911,PA18,PIPER PA-18 Super Cub,L1P,L
A0A235,N14VC,C182,CESSNA 182 Skylane,L1P,L
A0A635,N1408W,SR22,CIRRUS SR-22,L1P,L
A0AD35,N1425R,AA1,AMERICAN AA-1,L1P,L
A0AE35,N143DW,PA32,PIPER PA-32,L1P,L
A0B035,N1430H,AR15,AERONCA 15 Sedan,L1P,L
A0B335,N144T,DISC,SCHEMPP-HIRTH Discus,L1P,L
A0B835,N1454P,PA23,PIPER PA-23,L2P,L
A0BC35,N1466S,C182,CESSNA 182 Skylane,L1P,L
A0BD35,N147FG,T6,NORTH AMERICAN T-6 Texan,L1P,L
A0C335,N1483M,C182,CESSNA 182 Skylane,L1P,L
A0C835,N15DV,WAIX,SONEX Waiex,L1P,L
A0C935,N15QA,PA24,PIPER PA-24 Comanche,L1P,L
A0CB35,N150LM,RV7,VANS RV-7,L1P,L
A0CC35,N150WT,C150,CESSNA 150,L1P,L
A0CD35,N15049,BALL,,B0-,-
A0CF35,N151PK,,,,
A0D135,N1517B,SVNH,AEROTEC Savannah,L1P,L
A0D235,N152GB,C152,CESSNA 152,L1P,L
A0D535,N1529E,AT5T,AIR TRACTOR AT-504,L1T,L
A0D635,N153K,,,,
A0E435,N157AE,AS50,AEROSPATIALE AS-350 Ecureuil,H1T,L
A0E835,N158DC,CH75,ZENAIR CH-750 Cruzer,L1P,L
A0F135,N16VE,,,,
A0F335,N160RR,,,,
A0F535,N1608Y,C172,CESSNA 172 Skyhawk,L1P,L
A0F635,N161JH,PTS2,PITTS S-2 Special,L1P,L
A0F735,N161UP,A306,AIRBUS A-300-600,L2J,H
A10135,N164GW,ULAC,,L0-,-
A10335,N1642N,FNKB,FUNK B,L1P,L
A10835,N166CL,BE30,BEECH 300 Super King Air,L2T,L
A10F35,N1678X,T210,CESSNA T210 Turbo Centurion,L1P,L
A11035,N168JG,BE36,BEECH 36 Bonanza,L1P,L
A11435,N169ME,C172,CESSNA 172 Skyhawk,L1P,L
A11535,N169XL,ALIG,ARION LS-1 Lightning,L1P,L
A11835,N17QC,C25B,CESSNA 525B Citation CJ3,L2J,L
A11D35,N171DF,BE58,BEECH 58 Baron,L2P,L
A12235,N172SK,C172,CESSNA 172 Skyhawk,L1P,L
A12335,N17216,,,,
A13135,N176TW,BE9L,BEECH 90 King Air,L2T,L
A13335,N177AG,GLST,GLASAIR SH-4 GlaStar,L1P,L
A13435,N177LN,SF50,CIRRUS SF-50 Vision,L1J,L
A13A35,N1787C,C180,CESSNA  180 Skywagon,L1P,L
A13B35,N179GC,HROC,HARMON Rocket,L1P,L
A13D35,N17915,H269,HUGHES Sky Knight,H1P,L
A13F35,N18KA,BE20,BEECH 200 Super King Air,L2T,M
A14035,N18VG,BE36,BEECH 36 Bonanza,L1P,L
A14135,N180FM,C180,CESSNA  180 Skywagon,L1P,L
A14235,N180RT,C180,CESSNA  180 Skywagon,L1P,L
A14335,N1801P,PA22,PIPER PA-22,L1P,L
A14835,N182BB,C182,CESSNA 182 Skylane,L1P,L
A14A35,N182XP,C182,CESSNA 182 Skylane,L1P,L
A14C35,N183E,BE36,BEECH 36 Bonanza,L1P,L
A15135,N184TD,RV8,VANS RV-8,L1P,L
A15235,N1842Q,C77R,CESSNA 177RG Cardinal RG,L1P,L
A15435,N185KW,C185,CESSNA 185 Skywagon,L1P,L
A15535,N185WB,C185,CESSNA 185 Skywagon,L1P,L
A15E35,N1878Z,C210,CESSNA 201 Centurion,L1P,L
A16235,N189BA,A5,ICON A-5,A1P,L
A16B35,N1905C,,,,
A16C35,N191DH,HUSK,CHRISTEN Husky,L1P,L
A17335,N1929J,CAMP,GREGA GN-1 Aircamper,L1P,L
A17635,N1934A,PA18,PIPER PA-18 Super Cub,L1P,L
A17735,N194BW,AC11,NORTH AMERICAN ROCKWELL Commander 112/114,L1P,L
A17A35,N1946D,PA23,PIPER PA-23,L2P,L
A17C35,N195R,ZZZZ,,-0-,-
A18135,N19629,C172,CESSNA 172 Skyhawk,L1P,L
A18435,N197WW,SC7,SHORT Skyvan,L2T,L
A18535,N1975B,L8,LUSCOMBE 8,L1P,L
A18635,N198DG,RV6,VANS RV-6,L1P,L
A18E35,N2KC,C25C,CESSNA 525C Citation CJ4,L2J,M
A19535,N2006H,ERCO,AIR PRODUCTS F-1 Aircoupe,L1P,L
A19835,N2011,M20P,MOONEY M-20,L1P,L
A19935,N2018L,B58T,BEECH 58TC Baron,L2P,L
A19A35,N202HW,RV8,VANS RV-8,L1P,L
A19C35,N2023C,BE58,BEECH 58 Baron,L2P,L
A1A135,N204DL,SR20,CIRRUS SR-20,L1P,L
A1A435,N2047J,A21N,AIRBUS A-321neo,L2J,M
A1A835,N2059M,J3,PIPER J-3 Cub,L1P,L
A1AB35,N2064D,BE35,BEECH 35 Starfire Bonanza,L1P,L
A1AD35,N207NE,C180,CESSNA  180 Skywagon,L1P,L
A1AF35,N2076G,C182,CESSNA 182 Skylane,L1P,L
A1B135,N208RC,C208,CESSNA 208 Caravan,L1T,L
A1B335,N2088K,PA44,PIPER PA-44 Seminole,L2P,L
A1B435,N209HV,C172,CESSNA 172 Skyhawk,L1P,L
A1B535,N209UA,B772,BOEING 777-200,L2J,H
A1B635,N2093B,C82S,CESSNA T182 Turbo Skylane,L1P,L
A1B735,N21AM,,,,
A1B835,N21LT,P210,CESSNA P210 Centurion,L1P,L
A1B935,N21WZ,RV4,VANS RV-4,L1P,L
A1BA35,N210HD,AC50,NORTH AMERICAN ROCKWELL Commander 500,L2P,L
A1BD35,N21097,C182,CESSNA 182 Skylane,L1P,L
A1C035,N2114Z,IR23,ICA IAR-823,L1P,L
A1C235,N212P,,,,
A1C435,N21262,CH7B,BELLANCA 7 Citabria,L1P,L
A1C735,N2131U,C82T,CESSNA TR182 Turbo Skylane RG,L1P,L
A1C835,N21385,H269,HUGHES Sky Knight,H1P,L
A1C935,N214JQ,E75L,EMBRAER ERJ-170-200 (long wing),L2J,M
A1CF35,N21550,C182,CESSNA 182 Skylane,L1P,L
A1D035,N216EE,RV9,VANS RV-9,L1P,L
A1D235,N2160S,C210,CESSNA 201 Centurion,L1P,L
A1D335,N21673,C188,CESSNA 188 AgTruck,L1P,L
A1D435,N217HC,PA30,PIPER PA-30 Twin Comanche,L2P,L
A1D535,N217TJ,SR22,CIRRUS SR-22,L1P,L
A1D735,N21796,C82S,CESSNA T182 Turbo Skylane,L1P,L
A1D935,N218WG,P28R,PIPER PA-28R-180/200/201,L1P,L
A1DB35,N219CT,S22T,CIRRUS SR-22T Turbo,L1P,L
A1DE35,N21961,BALL,,B0-,-
A1E135,N220CB,RV6,VANS RV-6,L1P,L
A1E235,N220NH,DV20,DIAMOND DA-20,L1P,L
A1E535,N221F,C150,CESSNA 150,L1P,L
A1E635,N221RF,BE35,BEECH 35 Starfire Bonanza,L1P,L
A1E735,N2211B,VP2,EVANS Volksplane,L1P,L
A1E935,N222HY,HUSK,CHRISTEN Husky,L1P,L
A1F235,N2240,BE50,BEECH 50 Excalibur,L2P,L
A1F335,N2247L,BE23,BEECH 23 Sundowner,L1P,L
A1F535,N225SS,ULAC,,L0-,-
A1F635,N2252C,C180,CESSNA  180 Skywagon,L1P,L
A1FB35,N227CA,PA23,PIPER PA-23,L2P,L
A1FC35,N227NG,AS29,SCHLEICHER ASG-29,L1P,L
A20035,N228RE,GLF4,GULFSTREAM 4,L2J,M
A20135,N2281A,SS2T,TRUSH Turbo Thrush 500/550,L1T,L
A20635,N23AP,WAIX,SONEX Waiex,L1P,L
A20A35,N230TM,CH60,ZENAIR CH-600 Zodiac,L1P,L
A20B35,N2302Y,C172,CESSNA 172 Skyhawk,L1P,L
A20D35,N231LD,RV10,VANS RV-10,L1P,L
A21035,N232CW,C550,CESSNA 550 Citation S2,L2J,L
A21135,N232PB,J3,PIPER J-3 Cub,L1P,L
A21735,N23387,C150,CESSNA 150,L1P,L
A21835,N234JS,C185,CESSNA 185 Skywagon,L1P,L
A22235,N23675,C72R,CESSNA 172R Cutlass RG,L1P,L
A22535,N2372X,C182,CESSNA 182 Skylane,L1P,L
A22635,N23798,C72R,CESSNA 172R Cutlass RG,L1P,L
A22B35,N239PA,DRON,,D0-,-
A22D35,N23963,BE19,BEECH 19 Sport,L1P,L
A22E35,N24FT,R44,ROBINSON R-44 Raven,H1P,L
A22F35,N24RZ,GLAS,Glasair,L1P,L
A23635,N2411D,C170,CESSNA 170,L1P,L
A23835,N242J,T28,NORTH AMERICAN T-28,L1P,L
A24135,N2440B,GC1,GLOBE Swift,L1P,L
A24535,N2452E,CH7A,BELLANCA 7 Champion,L1P,L
A24635,N2459R,C182,CESSNA 182 Skylane,L1P,L
A24935,N2464H,C172,CESSNA 172 Skyhawk,L1P,L
A24A35,N247CC,PA18,PIPER PA-18 Super Cub,L1P,L
A24F35,N248RG,SR20,CIRRUS SR-20,L1P,L
A25035,N2481C,C180,CESSNA  180 Skywagon,L1P,L
A25135,N2488P,P28A,PIPER PA-28-140/150/160/180,L1P,L
A25535,N25AR,BE95,BEECH 95 Travel Air,L2P,L
A25735,N25XC,HROC,HARMON Rocket,L1P,L
A25A35,N25020,PARA,,P0-,-
A25B35,N251A,P51,NORTH AMERICAN P-51 Mustang,L1P,L
A25C35,N251LF,R44,ROBINSON R-44 Raven,H1P,L
A26435,N253SB,C441,CESSNA 441 Conquest,L2T,L
A26535,N2531Y,P28A,PIPER PA-28-140/150/160/180,L1P,L
A26935,N25431,,,,
A26B35,N255MS,CB1,HATZ CB-1 Classic,L1P,L
A26D35,N25554,,,,
A27135,N25677,SW3,SWEARINGEN Merlin 3,L2T,L
A27435,N2572Z,CH7B,BELLANCA 7 Citabria,L1P,L
A27635,N258LE,B06,BELL 206 JetRanger,H1T,L
A27A35,N259PC,PC12,PILATUS PC-12,L1T,L
A27F35,N260CF,T6,NORTH AMERICAN T-6 Texan,L1P,L
A28335,N261FD,P28B,PIPER PA-28-201T/235/236,L1P,L
A28535,N2611F,C182,CESSNA 182 Skylane,L1P,L
A28635,N2618S,C337,CESSNA 337 Super Skymaster,L2P,L
A28735,N262JB,RV6,VANS RV-6,L1P,L
A28B35,N263M,ZZZZ,,-0-,-
A28D35,N2635M,ULAC,,L0-,-
A28E35,N264DS,DA40,DIAMOND DA-40 Club Star,L1P,L
A29535,N2659T,PA32,PIPER PA-32,L1P,L
A29835,N2664K,L8,LUSCOMBE 8,L1P,L
A29C35,N2676N,PARA,,P0-,-
A29E35,N268RJ,ALBU,AVIATION DEVELOPMENT Alaskan Bushmaster,L1P,L
A29F35,N2681E,,,,
A2A035,N2688R,C182,CESSNA 182 Skylane,L1P,L
A2A135,N269JA,H269,HUGHES Sky Knight,H1P,L
A2A335,N2693H,GLID,,L0-,-
A2A535,N27LZ,LGEZ,RUTAN Long-EZ,L1P,L
A2AB35,N271LH,SM19,SIAI-MARCHETTI SM-1019,L1T,L
A2AD35,N27145,J3,PIPER J-3 Cub,L1P,L
A2AE35,N272D,SR22,CIRRUS SR-22,L1P,L
A2B135,N27268,B38M,BOEING 737 MAX 8,L2J,M
A2B835,N27433,TAYB,TAYLORCRAFT BC/BF/BL,L1P,L
A2BB35,N275Y,ZZZZ,,-0-,-
A2BF35,N2760Y,BE95,BEECH 95 Travel Air,L2P,L
A2C635,N278WN,B737,BOEING 737-700,L2J,M
A2C735,N27844,J4,PIPER J-4 Cub Coupe,L1P,L
A2CB35,N27967,J3,PIPER J-3 Cub,L1P,L
A2CC35,N28FX,BE58,BEECH 58 Baron,L2P,L
A2CD35,N28SC,SR20,CIRRUS SR-20,L1P,L
A2D335,N281RM,M20P,MOONEY M-20,L1P,L
A2D435,N2811H,GLID,,L0-,-
A2D535,N2818U,C172,CESSNA 172 Skyhawk,L1P,L
A2D635,N282JD,G280,GULFSTREAM G280,L2J,M
A2DA35,N283MB,CH7B,BELLANCA 7 Citabria,L1P,L
A2DF35,N2840F,C182,CESSNA 182 Skylane,L1P,L
A2E235,N285SY,E75L,EMBRAER ERJ-170-200 (long wing),L2J,M
A2E435,N2859V,P28B,PIPER PA-28-201T/235/236,L1P,L
A2E935,N287NN,E75L,EMBRAER ERJ-170-200 (long wing),L2J,M
A2EC35,N288FE,B763,BOEING 767-300,L2J,H
A2EE35,N2881G,PA32,PIPER PA-32,L1P,L
A2EF35,N2888T,P28R,PIPER PA-28R-180/200/201,L1P,L
A2F235,N2893K,L8,LUSCOMBE 8,L1P,L
A2F435,N29MA,S22T,CIRRUS SR-22T Turbo,L1P,L
A2FD35,N292DB,ECHO,TECNAM P-92 Echo,L1P,L
A30235,N293SF,P46T,PIPER PA-46-500TP,L1T,L
A30335,N29312,WACF,WACO F,L1P,L
A30735,N29435,PA34,PIPER PA-34 Seneca,L2P,L
A30F35,N2968A,C180,CESSNA  180 Skywagon,L1P,L
A31335,N298AC,CH7B,BELLANCA 7 Citabria,L1P,L
A31635,N29846,L5,STINSON Sentinel,L1P,L
A31735,N299DA,DA40,DIAMOND DA-40 Club Star,L1P,L
A31A35,N29969,WACF,WACO F,L1P,L
A31D35,N30CK,,,,
A32035,N300KB,C150,CESSNA 150,L1P,L
A32135,N300VH,O1,CESSNA 305/341 Bird Dog,L1P,L
A32435,N301N,GLID,,L0-,-
A32635,N3016B,BALL,,B0-,-
A32A35,N3028E,P28A,PIPER PA-28-140/150/160/180,L1P,L
A32B35,N303HQ,BALL,,B0-,-
A32C35,N303TW,B742,BOEING 747-200,L4J,H
A33335,N305PL,E50P,EMBRAER EMB-500 Phenom 100,L2J,L
A33535,N3057C,BE35,BEECH 35 Starfire Bonanza,L1P,L
A33835,N30615,C177,CESSNA  177 Cardinal,L1P,L
A33935,N3069F,C182,CESSNA 182 Skylane,L1P,L
A33C35,N30738,H269,HUGHES Sky Knight,H1P,L
A34035,N3086A,AT8T,AIR TRACTOR AT-802,L1T,M
A34135,N309ER,DA42,DIAMOND DA-42 Guardian,L2P,L
A34535,N31HP,HDJT,HONDA HondaJet,L2J,L
A34635,N31TV,PA23,PIPER PA-23,L2P,L
A34935,N3100M,PA12,PIPER PA-12 Super Cruiser,L1P,L
A34A35,N3107Y,C182,CESSNA 182 Skylane,L1P,L
A34C35,N311TD,SR22,CIRRUS SR-22,L1P,L
A34D35,N3112Q,P28B,PIPER PA-28-201T/235/236,L1P,L
A35735,N314RS,C172,CESSNA 172 Skyhawk,L1P,L
A35835,N3141N,C120,CESSNA 120,L1P,L
A35D35,N316BA,GLID,,L0-,-
A35E35,N316MG,MM16,MAGNI M-16 Tandem Trainer,G1P,L
A36035,N3165U,C182,CESSNA 182 Skylane,L1P,L
A36335,N3170L,RV8,VANS RV-8,L1P,L
A36435,N3177X,C150,CESSNA 150,L1P,L
A36635,N318TC,AEST,AEROSTAR 600,L2P,L
A36A35,N319WA,KMAX,KAMAN K-Max,H1T,L
A36C35,N32CM,BABY,CANADIAN HOME ROTORS Baby Belle,H1P,L
A37235,N321BW,BE35,BEECH 35 Starfire Bonanza,L1P,L
A37335,N321NB,A319,AIRBUS A-319,L2J,M
A37435,N321YH,P32R,PIPER PA-32R-300/301/301T,L1P,L
A37535,N3216D,BE36,BEECH 36 Bonanza,L1P,L
A37735,N322R,BE9L,BEECH 90 King Air,L2T,L
A37835,N32206,P28A,PIPER PA-28-140/150/160/180,L1P,L
A38135,N325DG,NPOR,REDFERN Nieuport 24,L1P,L
A38435,N3257E,C172,CESSNA 172 Skyhawk,L1P,L
A38835,N3269H,BE36,BEECH 36 Bonanza,L1P,L
A38935,N327KC,,,,
A38B35,N3274,PA32,PIPER PA-32,L1P,L
A38D35,N328NA,C501,CESSNA 501 Citation 1SP,L2J,L
A39235,N32905,J3,PIPER J-3 Cub,L1P,L
A39435,N33HR,HROC,HARMON Rocket,L1P,L
A39535,N33TX,BE95,BEECH 95 Travel Air,L2P,L
A39835,N3300P,RV9,VANS RV-9,L1P,L
A39C35,N3312S,C210,CESSNA 201 Centurion,L1P,L
A39D35,N33193,J4,PIPER J-4 Cub Coupe,L1P,L
A3A235,N333NW,A320,AIRBUS A-320,L2J,M
A3A835,N33481,J3,PIPER J-3 Cub,L1P,L
A3AB35,N3353T,C177,CESSNA  177 Cardinal,L1P,L
A3AD35,N336MJ,M28,PZL-MIELEC M-28 Skytruck,L2T,M
A3B335,N3377Z,PA18,PIPER PA-18 Super Cub,L1P,L
A3B635,N3382R,C182,CESSNA 182 Skylane,L1P,L
A3B735,N33892,AR65,AERONCA 65 Super Chief,L1P,L
A3BD35,N34ZA,CH2T,ZENAIR CH-2000 Zenith,L1P,L
A3BE35,N340KF,FOX,KITFOX,L1P,L
A3C735,N34208,C77R,CESSNA 177RG Cardinal RG,L1P,L
A3CA35,N343U,BE35,BEECH 35 Starfire Bonanza,L1P,L
A3CC35,N344AL,,,,
A3D035,N345DJ,R66,ROBINSON R-66,H1T,L
A3D635,N34619,S10,STINSON 10 Voyager,L1P,L
A3D735,N3469K,J3,PIPER J-3 Cub,L1P,L
A3DA35,N3474B,BE35,BEECH 35 Starfire Bonanza,L1P,L
A3E035,N349RA,RALL,SOCATA Rallye,L1P,L
A3E735,N3500R,C82S,CESSNA T182 Turbo Skylane,L1P,L
A3EB35,N3512U,C182,CESSNA 182 Skylane,L1P,L
A3EC35,N35195,C177,CESSNA  177 Cardinal,L1P,L
A3ED35,N352L,C310,CESSNA 310,L2P,L
A3EF35,N3524X,M20P,MOONEY M-20,L1P,L
A3F735,N35483,J3,PIPER J-3 Cub,L1P,L
A3FA35,N3553V,C140,CESSNA 140,L1P,L
A3FC35,N356ML,CL30,BOMBARDIER BD-100 Challenger 300,L2J,M
A40335,N358HA,C25A,CESSNA 525A Citation CJ2,L2J,L
A40535,N3582T,TF19,TAYLORCRAFT F-19 Sportsman,L1P,L
A40A35,N36CR,HROC,HARMON Rocket,L1P,L
A40F35,N3604E,AR11,AERONCA 11 Chief,L1P,L
A41035,N361C,S108,STINSON 108 Voyager,L1P,L
A41735,N3628L,C172,CESSNA 172 Skyhawk,L1P,L
A41A35,N3633C,G164,GRUMMAN G-164 Ag-Cat,L1P,L
A41E35,N3645F,T6,NORTH AMERICAN T-6 Texan,L1P,L
A42035,N365PS,AA5,AMERICAN AA-5 Tiger,L1P,L
A42635,N3669M,PA12,PIPER PA-12 Super Cruiser,L1P,L
A42935,N3674D,C310,CESSNA 310,L2P,L
A42F35,N369RC,,,,
A43035,N36909,AR6T,AERONCA 65 Tandem,L1P,L
A43635,N3700T,P28R,PIPER PA-28R-180/200/201,L1P,L
A43B35,N37197,,,,
A44035,N373P,,,,
A44235,N37362,C340,CESSNA 340 Super,L2P,L
A44335,N374FS,GLF6,GULFSTREAM G650,L2J,M
A45635,N379LA,P28A,PIPER PA-28-140/150/160/180,L1P,L
A45935,N38CT,P28A,PIPER PA-28-140/150/160/180,L1P,L
A45F35,N381CB,P32R,PIPER PA-32R-300/301/301T,L1P,L
A46635,N3828N,BE36,BEECH 36 Bonanza,L1P,L
A46935,N3833E,PA36,PIPER PA-36 Pawnee Brave,L1P,L
A46E35,N385DN,B738,BOEING 737-800,L2J,M
A47935,N388CA,GLF4,GULFSTREAM 4,L2J,M
A47E35,N389RE,,,,
A48135,N39HX,KMAX,KAMAN K-Max,H1T,L
A48535,N3900V,C170,CESSNA 170,L1P,L
A48E35,N393CW,GA6C,GULFSTREAM G600,L2J,M
A49835,N3953Z,PA18,PIPER PA-18 Super Cub,L1P,L
A49F35,N3970U,C150,CESSNA 150,L1P,L
A4A335,N3982X,P28R,PIPER PA-28R-180/200/201,L1P,L
A4A535,N399LC,FOX,KITFOX,L1P,L
A4AA35,N4ZG,GLST,GLASAIR SH-4 GlaStar,L1P,L
A4AB35,N40KM,M7,MAULE M-7,L1P,L
A4AC35,N40VT,,,,
A4AE35,N400SD,RV4,VANS RV-4,L1P,L
A4AF35,N40010,P28R,PIPER PA-28R-180/200/201,L1P,L
A4B035,N4009A,N3N,NAVAL AIRCRAFT FACTORY N3N,L1P,L
A4B135,N401JW,FA10,DASSAULT Falcon 100,L2J,M
A4B435,N402BN,DRON,,D0-,-
A4B635,N402Y,AT3T,AIR TRACTOR AT-302/402,L1T,L
A4C135,N405WN,B737,BOEING 737-700,L2J,M
A4C235,N40544,R44,ROBINSON R-44 Raven,H1P,L
A4C435,N406PE,PARA,,P0-,-
A4C635,N40667,M4,MAULE M-4,L1P,L
A4C735,N407FX,E545,EMBRAER EMB545 Praetor 500,L2J,M
A4C835,N407SC,C172,CESSNA 172 Skyhawk,L1P,L
A4CC35,N408VA,D228,DORNIER 228,L2T,L
A4CD35,N40832,PA18,PIPER PA-18 Super Cub,L1P,L
A4CE35,N409BM,GALX,GULFSTREAM G200,L2J,M
A4D235,N41EK,P32R,PIPER PA-32R-300/301/301T,L1P,L
A4D435,N410AW,CRJ2,BOMBARDIER Regional Jet CRJ-200,L2J,M
A4D535,N410MB,M20P,MOONEY M-20,L1P,L
A4DD35,N412SY,E75L,EMBRAER ERJ-170-200 (long wing),L2J,M
A4DE35,N4122J,P28A,PIPER PA-28-140/150/160/180,L1P,L
A4DF35,N4129V,C170,CESSNA 170,L1P,L
A4E235,N4134M,P32R,PIPER PA-32R-300/301/301T,L1P,L
A4E335,N414CG,FOX,KITFOX,L1P,L
A4E935,N4151G,C340,CESSNA 340 Super,L2P,L
A4EE35,N417AV,A320,AIRBUS A-320,L2J,M
A4EF35,N417MA,PA46,PIPER PA-46-310/350,L1P,L
A4F435,N4180E,AR11,AERONCA 11 Chief,L1P,L
A4F535,N4187R,PA32,PIPER PA-32,L1P,L
A4F835,N4192H,M20P,MOONEY M-20,L1P,L
A4F935,N4199U,C150,CESSNA 150,L1P,L
A4FB35,N42VV,C72R,CESSNA 172R Cutlass RG,L1P,L
A4FE35,N42012,J3,PIPER J-3 Cub,L1P,L
A4FF35,N4209C,BALL,,B0-,-
A50935,N42300,C182,CESSNA 182 Skylane,L1P,L
A50A35,N4238A,NAVI,NORTH AMERICAN Navion,L1P,L
A50D35,N42423,J3,PIPER J-3 Cub,L1P,L
A51135,N42546,C182,CESSNA 182 Skylane,L1P,L
A51535,N42669,J3,PIPER J-3 Cub,L1P,L
A51735,N427SE,BE9L,BEECH 90 King Air,L2T,L
A51E35,N429MV,PA18,PIPER PA-18 Super Cub,L1P,L
A52035,N42957,GYRO,,G0-,-
A52435,N430MD,,,,
A52C35,N432T,BE35,BEECH 35 Starfire Bonanza,L1P,L
A52D35,N4322L,C172,CESSNA 172 Skyhawk,L1P,L
A52E35,N4329X,P28R,PIPER PA-28R-180/200/201,L1P,L
A53135,N4334P,PA23,PIPER PA-23,L2P,L
A53835,N4351J,L39,LET L-39 Albatros,L1J,L
A53935,N4358V,C195,CESSNA 195,L1P,L
A53A35,N436JE,RV6,VANS RV-6,L1P,L
A53C35,N4363M,PA46,PIPER PA-46-310/350,L1P,L
A53E35,N437MC,CL60,BOMBARDIER CL-600 Challenger,L2J,M
A54035,N4375Q,P32R,PIPER PA-32R-300/301/301T,L1P,L
A54235,N438QA,GLID,,L0-,-
A54435,N4387T,P28A,PIPER PA-28-140/150/160/180,L1P,L
A54935,N44KR,BT36,BEECH B36TC Bonanza,L1P,L
A54C35,N440SH,R44,ROBINSON R-44 Raven,H1P,L
A54D35,N44014,P28A,PIPER PA-28-140/150/160/180,L1P,L
A54F35,N441K,RV7,VANS RV-7,L1P,L
A55235,N442BS,RV7,VANS RV-7,L1P,L
A55935,N4438C,C195,CESSNA 195,L1P,L
A55C35,N44425,TAYB,TAYLORCRAFT BC/BF/BL,L1P,L
A55D35,N445AE,B06,BELL 206 JetRanger,H1T,L
A55F35,N445WS,,,,
A56135,N446DC,DA40,DIAMOND DA-40 Club Star,L1P,L
A56435,N4467A,BE36,BEECH 36 Bonanza,L1P,L
A56735,N44713,N3N,NAVAL AIRCRAFT FACTORY N3N,L1P,L
A56B35,N44836,P28A,PIPER PA-28-140/150/160/180,L1P,L
A56F35,N44959,P68,PARTENAVIA P-68 Observer,L2P,L
A57335,N450MF,ST75,STEARMAN Kaydet,L1P,L
A57535,N4505T,BALL,,B0-,-
A57835,N4510K,BALL,,B0-,-
A57C35,N4522N,AA5,AMERICAN AA-5 Tiger,L1P,L
A57D35,N4529Z,PA22,PIPER PA-22,L1P,L
A57F35,N453W,J4,PIPER J-4 Cub Coupe,L1P,L
A58035,N4534R,P28A,PIPER PA-28-140/150/160/180,L1P,L
A58235,N454NS,SONX,SONEX AIRCRAFT Sonex,L1P,L
A58435,N4546U,C150,CESSNA 150,L1P,L
A58C35,N457AZ,B763,BOEING 767-300,L2J,H
A59235,N4580J,C180,CESSNA  180 Skywagon,L1P,L
A59335,N4587V,BE35,BEECH 35 Starfire Bonanza,L1P,L
A59835,N46KT,,,,
A59E35,N461KB,,,,
A5A335,N462YF,SONX,SONEX AIRCRAFT Sonex,L1P,L
A5A435,N4626B,C180,CESSNA  180 Skywagon,L1P,L
A5A735,N46304,J3,PIPER J-3 Cub,L1P,L
A5A835,N4638E,C185,CESSNA 185 Skywagon,L1P,L
A5AA35,N464TW,CJ6,NANCHANG CJ-6,L1P,L
A5B235,N466ZS,RV6,VANS RV-6,L1P,L
A5B335,N4667C,C170,CESSNA 170,L1P,L
A5B635,N46715,C172,CESSNA 172 Skyhawk,L1P,L
A5BE35,N4696A,C180,CESSNA  180 Skywagon,L1P,L
A5BF35,N47ER,PA46,PIPER PA-46-310/350,L1P,L
A5C335,N470XP,C182,CESSNA 182 Skylane,L1P,L
A5CD35,N473KW,E35L,EMBRAER EMB-135 Legacy,L2J,M
A5CE35,N473WB,S76,SIKORSKY S-76 Spirit,H2T,L
A5CF35,N4734T,M4,MAULE M-4,L1P,L
A5D235,N474Z,BE35,BEECH 35 Starfire Bonanza,L1P,L
A5D535,N475RS,H25B,HAWKER BEECHCRAFT Hawker 750/850,L2J,M
A5DC35,N477MG,C421,CESSNA 421 Executive Commuter,L2P,L
A5DE35,N4775U,C180,CESSNA  180 Skywagon,L1P,L
A5E135,N4780L,P28A,PIPER PA-28-140/150/160/180,L1P,L
A5E635,N47990,PA34,PIPER PA-34 Seneca,L2P,L
A5EC35,N4809J,BE35,BEECH 35 Starfire Bonanza,L1P,L
A5F335,N4826D,C182,CESSNA 182 Skylane,L1P,L
A5F635,N48306,C152,CESSNA 152,L1P,L
A60635,N4879H,PA17,PIPER PA-17 Vagabond Trainer,L1P,L
A60935,N4884,EN28,ENSTROM F-28,H1P,L
A60D35,N4896C,C185,CESSNA 185 Skywagon,L1P,L
A61635,N4910P,PA18,PIPER PA-18 Super Cub,L1P,L
A61735,N49170,TAYD,TAYLORCRAFT DC/DF/DL,L1P,L
A61A35,N4922S,C182,CESSNA 182 Skylane,L1P,L
A62A35,N497BC,COL4,CESSNA 400 Corvalis TT,L1P,L
A63735,N5WC,C560,CESSNA 560 Citation Ultra,L2J,M
A63B35,N500P,PA24,PIPER PA-24 Comanche,L1P,L
A64035,N5011U,C172,CESSNA 172 Skyhawk,L1P,L
A64435,N5023X,SS2P,ROCKWELL Thrush Commander,L1P,L
A64835,N50350,BL8,BELLANCA 8 Decathlon,L1P,L
A64C35,N50473,C150,CESSNA 150,L1P,L
A64D35,N505HC,C441,CESSNA 441 Conquest,L2T,L
A64E35,N505TJ,B429,BELL 429 GlobalRanger,H2T,L
A65035,N50596,C150,CESSNA 150,L1P,L
A65435,N507CT,FDCT,FLIGHT DESIGN CT,L1P,L
A65735,N50761,AT3T,AIR TRACTOR AT-302/402,L1T,L
A65835,N508FR,SB20,SAAB 2000,L2T,M
A65935,N508RX,LJ45,LEARJET 45,L2J,M
A65B35,N50884,,,,
A65F35,N51BF,,,,
A66435,N5103E,C180,CESSNA  180 Skywagon,L1P,L
A66835,N5115H,BE9L,BEECH 90 King Air,L2T,L
A66935,N512DN,A359,AIRBUS A-350-900,L2J,H
A66F35,N5132C,T210,CESSNA T210 Turbo Centurion,L1P,L
A67435,N515CA,AC11,NORTH AMERICAN ROCKWELL Commander 112/114,L1P,L
A67535,N515NG,DA40,DIAMOND DA-40 Club Star,L1P,L
A67735,N5156J,C172,CESSNA 172 Skyhawk,L1P,L
A67A35,N5161A,C172,CESSNA 172 Skyhawk,L1P,L
A67B35,N5168M,RS12,RANS S-12 Super Airaile,L1P,L
A67F35,N518AP,BE23,BEECH 23 Sundowner,L1P,L
A68235,N5185G,H500,HUGHES 500,H1T,L
A68335,N519DM,PA46,PIPER PA-46-310/350,L1P,L
A68635,N5197K,C172,CESSNA 172 Skyhawk,L1P,L
A68735,N52GK,M7,MAULE M-7,L1P,L
A68935,N520CW,P28A,PIPER PA-28-140/150/160/180,L1P,L
A68B35,N520ZH,C172,CESSNA 172 Skyhawk,L1P,L
A68E35,N521S,,,,
A68F35,N5211W,P28A,PIPER PA-28-140/150/160/180,L1P,L
A69035,N52187,C180,CESSNA  180 Skywagon,L1P,L
A69335,N5223Z,PA22,PIPER PA-22,L1P,L
A69A35,N5240U,M20P,MOONEY M-20,L1P,L
A69C35,N525HE,C25B,CESSNA 525B Citation CJ3,L2J,L
A69E35,N5252X,CH7B,BELLANCA 7 Citabria,L1P,L
A6A235,N52640,C77R,CESSNA 177RG Cardinal RG,L1P,L
A6A435,N527PA,LJ35,LEARJET 35,L2J,M
A6A935,N5281V,C210,CESSNA 201 Centurion,L1P,L
A6AA35,N52886,C182,CESSNA 182 Skylane,L1P,L
A6AF35,N53MP,C182,CESSNA 182 Skylane,L1P,L
A6B335,N5303G,O1,CESSNA 305/341 Bird Dog,L1P,L
A6B435,N531AS,B738,BOEING 737-800,L2J,M
A6B735,N5315K,NAVI,NORTH AMERICAN Navion,L1P,L
A6BA35,N5320B,C182,CESSNA 182 Skylane,L1P,L
A6C235,N5344H,C172,CESSNA 172 Skyhawk,L1P,L
A6C335,N535CC,S22T,CIRRUS SR-22T Turbo,L1P,L
A6C635,N5356L,P28A,PIPER PA-28-140/150/160/180,L1P,L
A6CA35,N5368P,PA24,PIPER PA-24 Comanche,L1P,L
A6D035,N538XC,,,,
A6D135,N5385J,C172,CESSNA 172 Skyhawk,L1P,L
A6D635,N54GM,SA30,STOLP Starduster Too,L1P,L
A6D735,N54ST,PA23,PIPER PA-23,L2P,L
A6DF35,N54189,TAYD,TAYLORCRAFT DC/DF/DL,L1P,L
A6E935,N5440W,T28,NORTH AMERICAN T-28,L1P,L
A6EA35,N54477,C172,CESSNA 172 Skyhawk,L1P,L
A6EE35,N546,H500,HUGHES 500,H1T,L
A6F335,N547PC,TAMP,SOCATA TB-9 Tampico,L1P,L
A6FA35,N549JT,GLST,GLASAIR SH-4 GlaStar,L1P,L
A6FD35,N55BK,PC12,PILATUS PC-12,L1T,L
A70035,N550JB,C182,CESSNA 182 Skylane,L1P,L
A70235,N5503J,BL8,BELLANCA 8 Decathlon,L1P,L
A70435,N551M,,,,
A70635,N5515M,VO10,NORTH AMERICAN ROCKWELL Commander 100,L1P,L
A70735,N552DS,RV10,VANS RV-10,L1P,L
A70935,N5520D,C172,CESSNA 172 Skyhawk,L1P,L
A70C35,N553SW,C414,CESSNA 414 Chancellor,L2P,L
A71135,N5544K,BL8,BELLANCA 8 Decathlon,L1P,L
A71435,N555YS,C172,CESSNA 172 Skyhawk,L1P,L
A71935,N5568R,C172,CESSNA 172 Skyhawk,L1P,L
A71C35,N5573H,PA11,PIPER PA-11 Cub Special,L1P,L
A71D35,N558AT,SR22,CIRRUS SR-22,L1P,L
A72535,N56GP,GLID,,L0-,-
A72735,N560D,BE35,BEECH 35 Starfire Bonanza,L1P,L
A72A35,N56068,,,,
A72C35,N561SD,BL8,BELLANCA 8 Decathlon,L1P,L
A73135,N56233,ST75,STEARMAN Kaydet,L1P,L
A73435,N563Y,GLID,,L0-,-
A73735,N564QS,C68A,CESSNA 680 Citation Latitude,L2J,M
A73C35,N56521,P28A,PIPER PA-28-140/150/160/180,L1P,L
A73D35,N566AA,MD83,MCDONNELL-DOUGLAS MD-83,L2J,M
A73F35,N566WN,B737,BOEING 737-700,L2J,M
A74635,N568SC,CRUZ,CSA PS-28 Cruiser,L1P,L
A74735,N5681Z,PA22,PIPER PA-22,L1P,L
A74B35,N56932,PARA,,P0-,-
A74C35,N57BM,C172,CESSNA 172 Skyhawk,L1P,L
A74D35,N57MT,C210,CESSNA 201 Centurion,L1P,L
A74F35,N570JD,EAGL,CHRISTEN Eagle,L1P,L
A75235,N571AW,BE30,BEECH 300 Super King Air,L2T,L
A75835,N5720F,P28A,PIPER PA-28-140/150/160/180,L1P,L
A75935,N5727S,GLID,,L0-,-
A76135,N575CG,A21N,AIRBUS A-321neo,L2J,M
A76235,N575NN,CRJ9,BOMBARDIER Regional Jet CRJ-900,L2J,M
A76435,N5756Q,M20P,MOONEY M-20,L1P,L
A76535,N576FE,MD11,MCDONNELL-DOUGLAS MD-11,L3J,H
A76735,N5761G,G2T1,GREAT LAKES 2T-1,L1P,L
A76835,N5768T,C172,CESSNA 172 Skyhawk,L1P,L
A76935,N577JC,C750,CESSNA 750 Citation 10,L2J,M
A76D35,N578MA,C150,CESSNA 150,L1P,L
A77235,N5790E,C150,CESSNA 150,L1P,L
A77335,N5797R,C172,CESSNA 172 Skyhawk,L1P,L
A77435,N58GR,BE58,BEECH 58 Baron,L2P,L
A77535,N58SX,SX30,SWEARINGEN SX-300,L1P,L
A77A35,N581G,BE58,BEECH 58 Baron,L2P,L
A77B35,N581SF,G150,GULFSTREAM G150,L2J,M
A78035,N58235,C188,CESSNA 188 AgTruck,L1P,L
A78835,N5848A,,,,
A78C35,N586AC,EC25,AIRBUS HELICOPTERS EC-225/725,H2T,M
A78F35,N58646,C182,CESSNA 182 Skylane,L1P,L
A79135,N587PG,SR20,CIRRUS SR-20,L1P,L
A79535,N588SE,GLF6,GULFSTREAM G650,L2J,M
A79735,N5889B,C182,CESSNA 182 Skylane,L1P,L
A79B35,N59BP,ULAC,,L0-,-
A79C35,N59MV,FOX,KITFOX,L1P,L
A7A035,N5903N,AC11,NORTH AMERICAN ROCKWELL Commander 112/114,L1P,L
A7A735,N5920H,PA16,PIPER PA-16 Clipper,L1P,L
A7AD35,N594KS,AS21,SCHLEICHER ASK-21,L1P,L
A7AF35,N5944P,PA24,PIPER PA-24 Comanche,L1P,L
A7BC35,N598MC,C82S,CESSNA T182 Turbo Skylane,L1P,L
A7BE35,N5985Q,M20P,MOONEY M-20,L1P,L
A7C335,N6GT,RV3,VANS RV-3,L1P,L
A7C535,N60DD,,,,
A7C635,N60PK,T210,CESSNA T210 Turbo Centurion,L1P,L
A7C735,N60ZR,BALL,,B0-,-
A7C935,N600WB,E35L,EMBRAER EMB-135 Legacy,L2J,M
A7CA35,N6004T,C150,CESSNA 150,L1P,L
A7CB35,N601CN,LJ60,LEARJET 60,L2J,M
A7CD35,N601Z,CH60,ZENAIR CH-600 Zodiac,L1P,L
A7CF35,N602FL,P28A,PIPER PA-28-140/150/160/180,L1P,L
A7D035,N602RS,AT6T,AIR TRACTOR AT-602,L1T,L
A7D635,N604BA,CL60,BOMBARDIER CL-600 Challenger,L2J,M
A7D735,N604MG,AT6T,AIR TRACTOR AT-602,L1T,L
A7D935,N6045U,T206,CESSNA T206 Turbo Stationair,L1P,L
A7DC35,N6050L,AA5,AMERICAN AA-5 Tiger,L1P,L
A7DF35,N606TC,C72R,CESSNA 172R Cutlass RG,L1P,L
A7E035,N6062P,PA24,PIPER PA-24 Comanche,L1P,L
A7E435,N6074S,BE36,BEECH 36 Bonanza,L1P,L
A7EB35,N6091M,J3,PIPER J-3 Cub,L1P,L
A7ED35,N61JH,R22,ROBINSON R-22 Mariner,H1P,L
A7EE35,N61UP,EC45,AIRBUS HELICOPTERS EC-145,H2T,L
A7F235,N6108G,C150,CESSNA 150,L1P,L
A7F535,N61129,C150,CESSNA 150,L1P,L
A7F835,N612WW,PA23,PIPER PA-23,L2P,L
A7F935,N6125B,C152,CESSNA 152,L1P,L
A7FD35,N6137E,C172,CESSNA 172 Skyhawk,L1P,L
A80135,N6149H,,,,
A80835,N6166C,PARA,,P0-,-
A80935,N617ET,PA32,PIPER PA-32,L1P,L
A80B35,N61705,C182,CESSNA 182 Skylane,L1P,L
A81135,N619LP,PARA,,P0-,-
A81435,N62DF,HUSK,CHRISTEN Husky,L1P,L
A81535,N62PM,M20P,MOONEY M-20,L1P,L
A81935,N6204V,BE35,BEECH 35 Starfire Bonanza,L1P,L
A82135,N62281,C172,CESSNA 172 Skyhawk,L1P,L
A82535,N624BC,C337,CESSNA 337 Super Skymaster,L2P,L
A82B35,N6250N,B47G,BELL 47G,H1P,L
A83335,N6274U,M20P,MOONEY M-20,L1P,L
A83435,N628CP,,,,
A83C35,N63JK,C680,CESSNA 680 Citation Sovereign,L2J,M
A83F35,N630RB,B407,BELL 407,H1T,L
A84035,N63008,C150,CESSNA 150,L1P,L
A84135,N6308J,C172,CESSNA 172 Skyhawk,L1P,L
A84435,N6313A,BALL,,B0-,-
A84835,N6325D,C172,CESSNA 172 Skyhawk,L1P,L
A84F35,N63419,C72R,CESSNA 172R Cutlass RG,L1P,L
A85035,N6349K,C150,CESSNA 150,L1P,L
A85335,N6354B,C182,CESSNA 182 Skylane,L1P,L
A85935,N637RA,B06,BELL 206 JetRanger,H1T,L
A85A35,N63707,ST75,STEARMAN Kaydet,L1P,L
A85B35,N6378H,TERM,SMITH Termite,L1P,L
A85F35,N639AK,PA11,PIPER PA-11 Cub Special,L1P,L
A86235,N6395C,P28A,PIPER PA-28-140/150/160/180,L1P,L
A86335,N64DH,SBR1,NORTH AMERICAN Sabre 40/50/60/65,L2J,M
A86435,N64PP,RV6,VANS RV-6,L1P,L
A86C35,N64160,C172,CESSNA 172 Skyhawk,L1P,L
A86E35,N642RW,E170,EMBRAER ERJ-170-100,L2J,M
A86F35,N6421S,C150,CESSNA 150,L1P,L
A87735,N6445Y,T210,CESSNA T210 Turbo Centurion,L1P,L
A87E35,N6462T,C150,CESSNA 150,L1P,L
A88335,N648CR,CL60,BOMBARDIER CL-600 Challenger,L2J,M
A88635,N6486Z,PA25,PIPER PA-25 Pawnee,L1P,L
A88835,N649RV,RV6,VANS RV-6,L1P,L
A88935,N6491R,P28A,PIPER PA-28-140/150/160/180,L1P,L
A88B35,N65JM,BE55,BEECH 55 Baron,L2P,L
A88E35,N650RD,FOX,KITFOX,L1P,L
A89035,N6508L,PARA,,P0-,-
A89335,N6513C,S1,INTERSTATE S-1 Cadet,L1P,L
A89935,N653PS,RV7,VANS RV-7,L1P,L
A89B35,N6537J,P28A,PIPER PA-28-140/150/160/180,L1P,L
A89F35,N6549M,C182,CESSNA 182 Skylane,L1P,L
A8A235,N6554D,C172,CESSNA 172 Skyhawk,L1P,L
A8A635,N6566G,C150,CESSNA 150,L1P,L
A8A935,N65709,C172,CESSNA 172 Skyhawk,L1P,L
A8AC35,N658UA,B763,BOEING 767-300,L2J,H
A8AE35,N659AM,A109,AGUSTA AW-109 Grand,H2T,L
A8B235,N66DK,COZY,CO-Z Cozy,L1P,L
A8B335,N66PR,C172,CESSNA 172 Skyhawk,L1P,L
A8B935,N661P,P32R,PIPER PA-32R-300/301/301T,L1P,L
A8CC35,N666TJ,PARA,,P0-,-
A8CD35,N6662V,BL17,BELLANCA 17 Viking,L1P,L
A8D835,N6691T,C150,CESSNA 150,L1P,L
A8DA35,N67JP,NIMB,SCHEMPP-HIRTH Nimbus,L1P,L
A8DE35,N6701B,PA22,PIPER PA-22,L1P,L
A8DF35,N6708N,BE23,BEECH 23 Sundowner,L1P,L
A8E235,N6713E,C175,CESSNA 175 Skylark,L1P,L
A8F135,N6754F,C150,CESSNA 150,L1P,L
A8F235,N676CA,CRJ9,BOMBARDIER Regional Jet CRJ-900,L2J,M
A8F335,N676NG,DRON,,D0-,-
A8F935,N6778M,C210,CESSNA 201 Centurion,L1P,L
A8FD35,N679AP,BE36,BEECH 36 Bonanza,L1P,L
A90135,N68DM,RV12,VANS RV-12,L1P,L
A90235,N68PT,WW24,IAI 1124 Westwind,L2J,M
A90D35,N6821W,BLKS,AIRCRAFT SPRUCE Baby Lakes,L1P,L
A90E35,N68287,J5,PIPER J-5 Cub Cruiser,L1P,L
A91535,N68452,B739,BOEING 737-900,L2J,M
A91835,N6850U,M20P,MOONEY M-20,L1P,L
A91935,N68575,CH7A,BELLANCA 7 Champion,L1P,L
A91E35,N687LC,RV7,VANS RV-7,L1P,L
A92235,N688PA,C170,CESSNA 170,L1P,L
A92935,N69JR,GC1,GLOBE Swift,L1P,L
A92C35,N690RH,KMAX,KAMAN K-Max,H1T,L
A92D35,N6901D,BALL,,B0-,-
A92F35,N691J,P28R,PIPER PA-28R-180/200/201,L1P,L
A93135,N6913G,C150,CESSNA 150,L1P,L
A93235,N692AS,MC45,MEYERS MAC-145,L1P,L
A93935,N6937N,M20P,MOONEY M-20,L1P,L
A93C35,N6942E,C175,CESSNA 175 Skylark,L1P,L
A93D35,N6949R,T210,CESSNA T210 Turbo Centurion,L1P,L
A94035,N6954H,J3,PIPER J-3 Cub,L1P,L
A94135,N696CC,S22T,CIRRUS SR-22T Turbo,L1P,L
A94635,N697RG,,,,
A94735,N6971C,T6,NORTH AMERICAN T-6 Texan,L1P,L
A94835,N6978P,PA24,PIPER PA-24 Comanche,L1P,L
A95035,N7DP,BE58,BEECH 58 Baron,L2P,L
A95135,N7PV,PA30,PIPER PA-30 Twin Comanche,L2P,L
A95335,N70LF,F900,DASSAULT Falcon 900,L3J,M
A95435,N70WM,C172,CESSNA 172 Skyhawk,L1P,L
A95535,N700GS,B737,BOEING 737-700,L2J,M
A95635,N700SY,TBM7,SOCATA TBM-700A/B/C,L1T,L
A95735,N7002J,BALL,,B0-,-
A95A35,N701VW,CH70,ZENAIR CH-701 Stol,L1P,L
A95C35,N702CG,B105,EUROCOPTER BO-105,H2T,L
A96035,N703FE,AT75,ATR-72-500,L2T,M
A96235,N7031G,R22,ROBINSON R-22 Mariner,H1P,L
A96335,N7038T,C175,CESSNA 175 Skylark,L1P,L
A96435,N704JC,C150,CESSNA 150,L1P,L
A96635,N7043K,PA20,PIPER PA-20 Pacer,L1P,L
A96835,N705MA,P46T,PIPER PA-46-500TP,L1T,L
A96A35,N7055N,T28,NORTH AMERICAN T-28,L1P,L
A96D35,N7060E,C175,CESSNA 175 Skylark,L1P,L
A97035,N707SX,CRUZ,CSA PS-28 Cruiser,L1P,L
A97135,N7072H,J3,PIPER J-3 Cub,L1P,L
A97535,N7084L,PARA,,P0-,-
A97935,N7096P,ULAC,,L0-,-
A97A35,N71FD,F260,AERMACCHI SF-260,L1P,L
A97D35,N710MW,BALL,,B0-,-
A97E35,N710YB,DRON,,D0-,-
A98335,N7118A,BALL,,B0-,-
A98A35,N71346,L8,LUSCOMBE 8,L1P,L
A98C35,N714PG,C150,CESSNA 150,L1P,L
A99135,N71511,C182,CESSNA 182 Skylane,L1P,L
A99535,N71634,C182,CESSNA 182 Skylane,L1P,L
A99A35,N718EM,S22T,CIRRUS SR-22T Turbo,L1P,L
A99D35,N7188,FINC,FLEET Finch,L1P,L
A9A135,N72AB,PA25,PIPER PA-25 Pawnee,L1P,L
A9A235,N72LH,,,,
A9A335,N72WP,BE36,BEECH 36 Bonanza,L1P,L
A9A535,N720T,BE35,BEECH 35 Starfire Bonanza,L1P,L
A9A735,N7209X,C150,CESSNA 150,L1P,L
A9AA35,N7214P,PA24,PIPER PA-24 Comanche,L1P,L
A9AE35,N7226S,C150,CESSNA 150,L1P,L
A9B135,N7231J,P28A,PIPER PA-28-140/150/160/180,L1P,L
A9B235,N7238V,,,,
A9B935,N7255Q,C172,CESSNA 172 Skyhawk,L1P,L
A9BD35,N7267T,C82S,CESSNA T182 Turbo Skylane,L1P,L
A9C035,N7272K,C170,CESSNA 170,L1P,L
A9C135,N7279W,C82S,CESSNA T182 Turbo Skylane,L1P,L
A9C435,N7284N,C182,CESSNA 182 Skylane,L1P,L
A9CA35,N73RM,RV10,VANS RV-10,L1P,L
A9CF35,N731EQ,C188,CESSNA 188 AgTruck,L1P,L
A9D635,N733AE,C172,CESSNA 172 Skyhawk,L1P,L
A9D735,N733LL,C172,CESSNA 172 Skyhawk,L1P,L
A9D835,N733WS,C172,CESSNA 172 Skyhawk,L1P,L
A9DA35,N734DC,C172,CESSNA 172 Skyhawk,L1P,L
A9DC35,N734ZQ,C172,CESSNA 172 Skyhawk,L1P,L
A9DD35,N7347A,C172,CESSNA 172 Skyhawk,L1P,L
A9DF35,N735SG,C182,CESSNA 182 Skylane,L1P,L
A9E035,N73513,C172,CESSNA 172 Skyhawk,L1P,L
A9E635,N737MX,C182,CESSNA 182 Skylane,L1P,L
A9E935,N738EP,C172,CESSNA 172 Skyhawk,L1P,L
A9EA35,N738QV,C182,CESSNA 182 Skylane,L1P,L
A9EB35,N73801,SKYR,REARWIN Skyranger,L1P,L
A9EE35,N739TT,C172,CESSNA 172 Skyhawk,L1P,L
A9EF35,N73924,C172,CESSNA 172 Skyhawk,L1P,L
A9F035,N74AD,C25C,CESSNA 525C Citation CJ4,L2J,M
A9F135,N74LK,PA31,PIPER PA-31-300/310/325/350/425,L2P,L
A9F235,N74WR,P28A,PIPER PA-28-140/150/160/180,L1P,L
A9F635,N7409Z,PA25,PIPER PA-25 Pawnee,L1P,L
A9F835,N741W,,,,
A9F935,N7414R,P28A,PIPER PA-28-140/150/160/180,L1P,L
AA0835,N7455S,AA5,AMERICAN AA-5 Tiger,L1P,L
AA0C35,N7467V,FOX,KITFOX,L1P,L
AA1335,N7484Q,C182,CESSNA 182 Skylane,L1P,L
AA1535,N749NR,,,,
AA1635,N749YX,E75L,EMBRAER ERJ-170-200 (long wing),L2J,M
AA1835,N75FH,RV7,VANS RV-7,L1P,L
AA1935,N75RP,GLF5,GULFSTREAM 5,L2J,M
AA1B35,N750N,,,,
AA1E35,N751ES,C82T,CESSNA TR182 Turbo Skylane RG,L1P,L
AA2035,N75104,,,,
AA2135,N7518E,BALL,,B0-,-
AA2335,N752TW,YK52,YAKOVLEV Yak-52,L1P,L
AA2435,N75227,ST75,STEARMAN Kaydet,L1P,L
AA2D35,N755GC,PA11,PIPER PA-11 Cub Special,L1P,L
AA2F35,N75515,C172,CESSNA 172 Skyhawk,L1P,L
AA3335,N75638,ST75,STEARMAN Kaydet,L1P,L
AA3435,N757BT,PC12,PILATUS PC-12,L1T,L
AA3735,N7576A,,,,
AA3835,N758ER,B06,BELL 206 JetRanger,H1T,L
AA3935,N758QX,C172,CESSNA 172 Skyhawk,L1P,L
AA3A35,N75803,C172,CESSNA 172 Skyhawk,L1P,L
AA3C35,N759HP,C182,CESSNA 182 Skylane,L1P,L
AA3D35,N759TV,C182,CESSNA 182 Skylane,L1P,L
AA3E35,N75926,C172,CESSNA 172 Skyhawk,L1P,L
AA4035,N76LM,RV6,VANS RV-6,L1P,L
AA4135,N76WT,ZZZZ,,-0-,-
AA4435,N7602Q,C310,CESSNA 310,L2P,L
AA4535,N76091,C172,CESSNA 172 Skyhawk,L1P,L
AA4735,N761WB,BALL,,B0-,-
AA4C35,N7626W,P28A,PIPER PA-28-140/150/160/180,L1P,L
AA4E35,N763RS,ACAM,LEZA Air Cam,L2P,L
AA5035,N7638Z,PA18,PIPER PA-18 Super Cub,L1P,L
AA5435,N765BA,A5,ICON A-5,A1P,L
AA5535,N765MG,DHC7,DE HAVILLAND DHC-7 Dash 7,L4T,M
AA5735,N7655U,C150,CESSNA 150,L1P,L
AA5B35,N7667X,C172,CESSNA 172 Skyhawk,L1P,L
AA5E35,N7672P,PA24,PIPER PA-24 Comanche,L1P,L
AA5F35,N76790,C120,CESSNA 120,L1P,L
AA6635,N7696V,A9,NORTH AMERICAN ROCKWELL A-9 Sparrow Commander,L1P,L
AA6735,N77FK,GLF4,GULFSTREAM 4,L2J,M
AA6835,N77RR,BE95,BEECH 95 Travel Air,L2P,L
AA7035,N7718G,C172,CESSNA 172 Skyhawk,L1P,L
AA7735,N7735B,R44,ROBINSON R-44 Raven,H1P,L
AA7D35,N775SL,BE36,BEECH 36 Bonanza,L1P,L
AA7E35,N77517,J3,PIPER J-3 Cub,L1P,L
AA8235,N7764,B47G,BELL 47G,H1P,L
AA8335,N777BV,BE55,BEECH 55 Baron,L2P,L
AA8935,N77805,L8,LUSCOMBE 8,L1P,L
AA8A35,N7788F,C150,CESSNA 150,L1P,L
AA8E35,N78AH,HUSK,CHRISTEN Husky,L1P,L
AA9035,N78WV,T210,CESSNA T210 Turbo Centurion,L1P,L
AA9135,N780H,C182,CESSNA 182 Skylane,L1P,L
AA9735,N7814V,M20P,MOONEY M-20,L1P,L
AA9B35,N7826Y,PA30,PIPER PA-30 Twin Comanche,L2P,L
AAA335,N785BC,B772,BOEING 777-200,L2J,H
AAA935,N7860N,P28A,PIPER PA-28-140/150/160/180,L1P,L
AAB235,N789CP,FOX,KITFOX,L1P,L
AAB635,N79FM,M20P,MOONEY M-20,L1P,L
AAB735,N79RT,CRER,RANS Courier,L1P,L
AAB935,N790ND,PA44,PIPER PA-44 Seminole,L2P,L
AABE35,N79108,,,,
AAC735,N794DJ,SRAI,GREAT PLAINS Sonerai,L1P,L
AACA35,N7947G,C172,CESSNA 172 Skyhawk,L1P,L
AACE35,N7959K,BE35,BEECH 35 Starfire Bonanza,L1P,L
AAD835,N79807,M20P,MOONEY M-20,L1P,L
AADE35,N8LR,KR1,RAND KR-1,L1P,L
AADF35,N8WX,SNS7,SORRELL Hiperbipe,L1P,L
AAE035,N80HB,C25C,CESSNA 525C Citation CJ4,L2J,M
AAE135,N80TH,COUR,HELIO Courier,L1P,L
AAE435,N8000,PA30,PIPER PA-30 Twin Comanche,L2P,L
AAE735,N801SS,H25B,HAWKER BEECHCRAFT Hawker 750/850,L2J,M
AAEE35,N803NG,C140,CESSNA 140,L1P,L
AAF035,N8036J,BE9L,BEECH 90 King Air,L2T,L
AAF235,N804RE,EDGE,ZIVKO Edge 540,L1P,L
AAF435,N8048M,C182,CESSNA 182 Skylane,L1P,L
AAF835,N806AP,S92,SIKORSKY S-92 Helibus,H2T,M
AAFA35,N806XA,B738,BOEING 737-800,L2J,M
AAFC35,N807DM,PARA,,P0-,-
AB0135,N808SR,KR2,RAND KR-2,L1P,L
AB0235,N8082B,,,,
AB0735,N81C,P337,CESSNA P337 Skymaster,L2P,L
AB0A35,N810JS,C56X,CESSNA 560XL Citation XLS,L2J,M
AB0C35,N8103Z,C210,CESSNA 201 Centurion,L1P,L
AB1335,N8120U,C150,CESSNA 150,L1P,L
AB1435,N81275,FA24,FAIRCHILD F-24 Argus,L1P,L
AB1635,N813TL,DC91,MCDONNELL DOUGLAS DC-9-10,L2J,M
AB1835,N81398,RV6,VANS RV-6,L1P,L
AB1D35,N815PA,GL5T,BOMBARDIER BD-700 Global 5000/5500,L2J,M
AB1F35,N81563,,,,
AB2335,N81686,CH7A,BELLANCA 7 Champion,L1P,L
AB2635,N8173Y,PA30,PIPER PA-30 Twin Comanche,L2P,L
AB2D35,N8190T,C175,CESSNA 175 Skylark,L1P,L
AB3035,N82TK,GYRO,,G0-,-
AB3435,N8207N,P28A,PIPER PA-28-140/150/160/180,L1P,L
AB3735,N8212E,T6,NORTH AMERICAN T-6 Texan,L1P,L
AB3B35,N8224H,PA32,PIPER PA-32,L1P,L
AB3C35,N823CC,PARA,,P0-,-
AB3F35,N8236L,C172,CESSNA 172 Skyhawk,L1P,L
AB4135,N824RG,,,,
AB4235,N8241C,P28A,PIPER PA-28-140/150/160/180,L1P,L
AB4335,N8248P,PA24,PIPER PA-24 Comanche,L1P,L
AB4635,N8253F,C150,CESSNA 150,L1P,L
AB4A35,N8265J,,,,
AB4B35,N827DP,C56X,CESSNA 560XL Citation XLS,L2J,M
AB4E35,N8277M,T210,CESSNA T210 Turbo Centurion,L1P,L
AB5135,N8282D,BE35,BEECH 35 Starfire Bonanza,L1P,L
AB5335,N829KK,BE40,BEECH 400 Beechjet,L2J,M
AB5635,N83CB,C180,CESSNA  180 Skywagon,L1P,L
AB5B35,N83031,CH7A,BELLANCA 7 Champion,L1P,L
AB5F35,N83154,,,,
AB6235,N8320W,P28A,PIPER PA-28-140/150/160/180,L1P,L
AB6335,N83277,CH7A,BELLANCA 7 Champion,L1P,L
AB6635,N8332Z,C210,CESSNA 201 Centurion,L1P,L
AB6735,N834,T34P,BEECH T-34 Mentor,L1P,L
AB6A35,N83442,PA18,PIPER PA-18 Super Cub,L1P,L
AB7135,N8361X,R44,ROBINSON R-44 Raven,H1P,L
AB7235,N83688,CH7A,BELLANCA 7 Champion,L1P,L
AB7335,N837JT,SREY,PROGRESSIVE AERODYNE SeaRey,A1P,L
AB7C35,N8390V,CH7A,BELLANCA 7 Champion,L1P,L
AB7D35,N83976,CH7A,BELLANCA 7 Champion,L1P,L
AB7F35,N84TM,C185,CESSNA 185 Skywagon,L1P,L
AB8635,N8412G,C150,CESSNA 150,L1P,L
AB8735,N8419T,C182,CESSNA 182 Skylane,L1P,L
AB9135,N8441E,B47G,BELL 47G,H1P,L
AB9235,N8448R,P28A,PIPER PA-28-140/150/160/180,L1P,L
AB9D35,N8477P,PA24,PIPER PA-24 Comanche,L1P,L
ABA135,N8489S,C182,CESSNA 182 Skylane,L1P,L
ABA735,N85YR,P46T,PIPER PA-46-500TP,L1T,L
ABAA35,N85033,CH7A,BELLANCA 7 Champion,L1P,L
ABB235,N85279,CH7A,BELLANCA 7 Champion,L1P,L
ABBF35,N856SC,P32R,PIPER PA-32R-300/301/301T,L1P,L
ABC035,N8561Z,B738,BOEING 737-800,L2J,M
ABC135,N8569,WACO,WACO E/O,L1P,L
ABC535,N858BM,T206,CESSNA T206 Turbo Stationair,L1P,L
ABC835,N85855,AR11,AERONCA 11 Chief,L1P,L
ABC935,N859EK,DRON,,D0-,-
ABD135,N8600F,B738,BOEING 737-800,L2J,M
ABD535,N8612J,C150,CESSNA 150,L1P,L
ABD635,N8619V,CH7B,BELLANCA 7 Citabria,L1P,L
ABDB35,N863NN,B738,BOEING 737-800,L2J,M
ABDD35,N8636Q,BE35,BEECH 35 Starfire Bonanza,L1P,L
ABDE35,N864FE,C208,CESSNA 208 Caravan,L1T,L
ABEB35,N8670E,,,,
ABEC35,N8677R,GLID,,L0-,-
ABEE35,N868SX,SONX,SONEX AIRCRAFT Sonex,L1P,L
ABF435,N87CF,BE20,BEECH 200 Super King Air,L2T,M
ABF535,N87NM,PA22,PIPER PA-22,L1P,L
ABF835,N870VD,,,,
AC0135,N8728A,SPHA,AMERICAN AUTOGYRO Spinus,G1P,L
AC0235,N873HL,B212,BELL 212,H2T,L
AC0435,N87323,ERCO,AIR PRODUCTS F-1 Aircoupe,L1P,L
AC0535,N874AC,P28A,PIPER PA-28-140/150/160/180,L1P,L
AC1335,N87734,J3,PIPER J-3 Cub,L1P,L
AC2135,N8807U,C150,CESSNA 150,L1P,L
AC2335,N881T,RAF2,ROTARY AIR FORCE RAF-2000,G1P,L
AC2835,N8824P,PA24,PIPER PA-24 Comanche,L1P,L
AC2C35,N8836S,DRON,,D0-,-
AC2F35,N8841J,P28A,PIPER PA-28-140/150/160/180,L1P,L
AC3335,N8853M,BE35,BEECH 35 Starfire Bonanza,L1P,L
AC3535,N886MC,T206,CESSNA T206 Turbo Stationair,L1P,L
AC3735,N8865Q,SS2P,ROCKWELL Thrush Commander,L1P,L
AC3B35,N8877T,C182,CESSNA 182 Skylane,L1P,L
AC3C35,N888GT,C182,CESSNA 182 Skylane,L1P,L
AC3D35,N888SZ,S22T,CIRRUS SR-22T Turbo,L1P,L
AC3F35,N8889W,P28B,PIPER PA-28-201T/235/236,L1P,L
AC4335,N89CH,P28B,PIPER PA-28-201T/235/236,L1P,L
AC4F35,N89202,C140,CESSNA 140,L1P,L
AC5035,N8928C,PA22,PIPER PA-22,L1P,L
AC5435,N894AE,CL35,BOMBARDIER BD-100 Challenger 350,L2J,M
AC5E35,N89613,C140,CESSNA 140,L1P,L
AC6335,N898BR,BE20,BEECH 200 Super King Air,L2T,M
AC6435,N898MX,C82S,CESSNA T182 Turbo Skylane,L1P,L
AC6635,N89859,C152,CESSNA 152,L1P,L
AC6B35,N9HM,C180,CESSNA  180 Skywagon,L1P,L
AC6C35,N9TT,BE35,BEECH 35 Starfire Bonanza,L1P,L
AC6F35,N900AJ,PA34,PIPER PA-34 Seneca,L2P,L
AC7135,N900WW,PA23,PIPER PA-23,L2P,L
AC7235,N9005B,CH7A,BELLANCA 7 Champion,L1P,L
AC7335,N901DG,AVAM,AVID Amphibian,A1P,L
AC7435,N901PN,S22T,CIRRUS SR-22T Turbo,L1P,L
AC7635,N9017E,RV9,VANS RV-9,L1P,L
AC7835,N902SL,EXPL,MCDONNELL-DOUGLAS MD-900 Explorer,H2T,L
AC7B35,N903KC,R22,ROBINSON R-22 Mariner,H1P,L
AC7F35,N904NA,T38,NORTHROP T-38 Talon,L2J,L
AC8135,N9046C,C180,CESSNA  180 Skywagon,L1P,L
AC8735,N906TX,C750,CESSNA 750 Citation 10,L2J,M
AC8A35,N907LP,C172,CESSNA 172 Skyhawk,L1P,L
AC8C35,N9075A,C170,CESSNA 170,L1P,L
AC8E35,N908PM,,,,
AC9435,N9099G,C182,CESSNA 182 Skylane,L1P,L
AC9935,N9101Q,PA46,PIPER PA-46-310/350,L1P,L
AC9A35,N91081,BALL,,B0-,-
AC9C35,N911US,AS50,AEROSPATIALE AS-350 Ecureuil,H1T,L
AC9D35,N9113T,,,,
ACA535,N9137Z,PA32,PIPER PA-32,L1P,L
ACAB35,N915WC,T206,CESSNA T206 Turbo Stationair,L1P,L
ACAD35,N916CP,C172,CESSNA 172 Skyhawk,L1P,L
ACB235,N917RT,SR20,CIRRUS SR-20,L1P,L
ACB335,N9171P,PA24,PIPER PA-24 Comanche,L1P,L
ACB535,N918JK,HROC,HARMON Rocket,L1P,L
ACB735,N9183S,BE23,BEECH 23 Sundowner,L1P,L
ACBB35,N9195V,M20P,MOONEY M-20,L1P,L
ACBC35,N92E,FA24,FAIRCHILD F-24 Argus,L1P,L
ACC135,N9205D,PA22,PIPER PA-22,L1P,L
ACC235,N921DJ,CH70,ZENAIR CH-701 Stol,L1P,L
ACC535,N9217G,C182,CESSNA 182 Skylane,L1P,L
ACC935,N9229K,S108,STINSON 108 Voyager,L1P,L
ACCC35,N9234B,RV6,VANS RV-6,L1P,L
ACD035,N9246E,AR11,AERONCA 11 Chief,L1P,L
ACD135,N925EV,CRJ2,BOMBARDIER Regional Jet CRJ-200,L2J,M
ACD235,N925RA,T206,CESSNA T206 Turbo Stationair,L1P,L
ACD435,N9258H,HIGH,JUST JA20 Highlander,L1P,L
ACD835,N927AK,FOX,KITFOX,L1P,L
ACD935,N927LR,CRJ9,BOMBARDIER Regional Jet CRJ-900,L2J,M
ACDF35,N9287F,ZZZZ,,-0-,-
ACE135,N929SM,P28B,PIPER PA-28-201T/235/236,L1P,L
ACE235,N92918,SKYR,REARWIN Skyranger,L1P,L
ACE335,N9299J,P28A,PIPER PA-28-140/150/160/180,L1P,L
ACF035,N9325Y,BE35,BEECH 35 Starfire Bonanza,L1P,L
ACF735,N9342T,C172,CESSNA 172 Skyhawk,L1P,L
ACF835,N93494,ERCO,AIR PRODUCTS F-1 Aircoupe,L1P,L
ACFB35,N9354W,P28B,PIPER PA-28-201T/235/236,L1P,L
AD0135,N937RV,BE40,BEECH 400 Beechjet,L2J,M
AD0635,N9383U,C150,CESSNA 150,L1P,L
AD0A35,N9395X,C82R,CESSNA R182 Skylane RG,L1P,L
AD0B35,N94EB,SR22,CIRRUS SR-22,L1P,L
AD0D35,N940AN,B738,BOEING 737-800,L2J,M
AD1935,N943KG,,,,
AD1F35,N9446G,T206,CESSNA T206 Turbo Stationair,L1P,L
AD2135,N945RC,P210,CESSNA P210 Centurion,L1P,L
AD2535,N946UA,,,,
AD2635,N9463B,C175,CESSNA 175 Skylark,L1P,L
AD2735,N947AM,BE9L,BEECH 90 King Air,L2T,L
AD2A35,N9475E,C172,CESSNA 172 Skyhawk,L1P,L
AD3035,N949SP,C172,CESSNA 172 Skyhawk,L1P,L
AD3235,N9499L,AA1,AMERICAN AA-1,L1P,L
AD3335,N95KF,FOX,KITFOX,L1P,L
AD3435,N95VM,C25B,CESSNA 525B Citation CJ3,L2J,L
AD3535,N950FS,AS50,AEROSPATIALE AS-350 Ecureuil,H1T,L
AD3835,N95085,TAYB,TAYLORCRAFT BC/BF/BL,L1P,L
AD3A35,N951UW,E190,EMBRAER ERJ-190-100,L2J,M
AD3F35,N95250,TAYB,TAYLORCRAFT BC/BF/BL,L1P,L
AD4335,N95373,TAYB,TAYLORCRAFT BC/BF/BL,L1P,L
AD4535,N954TJ,B06,BELL 206 JetRanger,H1T,L
AD4835,N955LA,AS50,AEROSPATIALE AS-350 Ecureuil,H1T,L
AD4935,N955WG,P210,CESSNA P210 Centurion,L1P,L
AD4A35,N9554Y,BE35,BEECH 35 Starfire Bonanza,L1P,L
AD4B35,N956CT,DV20,DIAMOND DA-20,L1P,L
AD4E35,N95661,C182,CESSNA 182 Skylane,L1P,L
AD5235,N95784,TAYB,TAYLORCRAFT BC/BF/BL,L1P,L
AD5735,N959MM,P32R,PIPER PA-32R-300/301/301T,L1P,L
AD5A35,N96ED,RV6,VANS RV-6,L1P,L
AD5B35,N96QK,WAIX,SONEX Waiex,L1P,L
AD5F35,N9605H,C172,CESSNA 172 Skyhawk,L1P,L
AD6235,N9610,,,,
AD6635,N9622C,P28A,PIPER PA-28-140/150/160/180,L1P,L
AD7235,N9658M,M20P,MOONEY M-20,L1P,L
AD7535,N9663D,PA22,PIPER PA-22,L1P,L
AD7735,N967LV,P32T,PIPER PA-32RT-300/300T,L1P,L
AD7D35,N9687K,P32R,PIPER PA-32R-300/301/301T,L1P,L
AD7F35,N969SR,SR22,CIRRUS SR-22,L1P,L
AD8035,N9692B,C72R,CESSNA 172R Cutlass RG,L1P,L
AD8335,N97VP,PA30,PIPER PA-30 Twin Comanche,L2P,L
AD8535,N970S,S22T,CIRRUS SR-22T Turbo,L1P,L
AD8635,N9701W,P28A,PIPER PA-28-140/150/160/180,L1P,L
AD8835,N971JS,C750,CESSNA 750 Citation 10,L2J,M
AD8935,N971UY,A321,AIRBUS A-321,L2J,M
AD8B35,N972BJ,B737,BOEING 737-700,L2J,M
AD9135,N9730U,AA5,AMERICAN AA-5 Tiger,L1P,L
AD9935,N97540,C182,CESSNA 182 Skylane,L1P,L
AD9B35,N976PA,DV20,DIAMOND DA-20,L1P,L
AD9D35,N97663,S108,STINSON 108 Voyager,L1P,L
ADA135,N97786,S108,STINSON 108 Voyager,L1P,L
ADA435,N9783Y,BE95,BEECH 95 Travel Air,L2P,L
ADAE35,N9805K,S108,STINSON 108 Voyager,L1P,L
ADB135,N9810B,B14A,BELLANCA 14,L1P,L
ADB535,N9822E,C182,CESSNA 182 Skylane,L1P,L
ADBD35,N9846L,C172,CESSNA 172 Skyhawk,L1P,L
ADBE35,N985FA,C172,CESSNA 172 Skyhawk,L1P,L
ADC035,N9851C,C82R,CESSNA R182 Skylane RG,L1P,L
ADC135,N9858P,PA18,PIPER PA-18 Super Cub,L1P,L
ADC835,N9875J,C150,CESSNA 150,L1P,L
ADCE35,N989ST,H25B,HAWKER BEECHCRAFT Hawker 750/850,L2J,M
ADD035,N9899Q,C172,CESSNA 172 Skyhawk,L1P,L
ADD135,N99KK,,,,
ADD235,N99VR,SHEK,RANS S-16 Shekari,L1P,L
ADD635,N99089,ERCO,AIR PRODUCTS F-1 Aircoupe,L1P,L
ADDB35,N992MS,GLF4,GULFSTREAM 4,L2J,M
ADE135,N99377,C172,CESSNA 172 Skyhawk,L1P,L
ADF535,N999MR,RV4,VANS RV-4,L1P,L
ADF635,N999XX,ZZZZ,,-0-,-
AE0035,68-8171,T38,NORTHROP T-38 Talon,L2J,L
AE0635,73-3300,C130,LOCKHEED C-130 Hercules,L4T,M
AE0A35,92-26421,H60,SIKORSKY UH-60 Black Hawk,H2T,M
AE0B35,85-24402,H60,SIKORSKY UH-60 Black Hawk,H2T,M
AE0E35,89-26164,H60,SIKORSKY UH-60 Black Hawk,H2T,M
AE1135,02-3666,TEX2,BEECHCRAFT T-6 Texan 2,L1T,L
AE1235,03-3124,C17,BOEING C-17 Globemaster 3,L4J,H
AE1535,06-1467,C30J,LOCKHEED MARTIN C-130J Super Hercules,L4T,M
AE1735,06-3835,TEX2,BEECHCRAFT T-6 Texan 2,L1T,L
AE1935,79-0175,A10,FAIRCHILD A-10 Thunderbolt II,L2J,M
AE1C35,07-72013,EC45,AIRBUS HELICOPTERS EC-145,H2T,L
AE1F35,07-72038,EC45,AIRBUS HELICOPTERS EC-145,H2T,L
AE2035,13-72294,EC45,AIRBUS HELICOPTERS EC-145,H2T,L
AE4835,08-20100,H60,SIKORSKY UH-60 Black Hawk,H2T,M
AE4B35,161381,H53,SIKORSKY CH-53,H2T,M
AE5735,169018,C30J,LOCKHEED MARTIN C-130J Super Hercules,L4T,M
AE5B35,169140,F18S,BOEING FA-18 SUPER HORNET,L2J,M
AE5D35,16-20812,H60,SIKORSKY UH-60 Black Hawk,H2T,M
AE6035,17-20966,H60,SIKORSKY UH-60 Black Hawk,H2T,M
AE6235,69-6637,B212,BELL 212,H2T,L
AE6335,19-72446,EC45,AIRBUS HELICOPTERS EC-145,H2T,L
AE6A35,20-21131,H60,SIKORSKY UH-60 Black Hawk,H2T,M
C00035,C-FACA,CH7B,BELLANCA 7 Citabria,L1P,L
C00135,C-FALW,ERCO,AIR PRODUCTS F-1 Aircoupe,L1P,L
C00435,C-FBPK,,,,
C00535,C-FBZG,C150,CESSNA 150,L1P,L
C00635,C-FCJC,R44,ROBINSON R-44 Raven,H1P,L
C00735,C-FCSY,C206,CESSNA  206 Stationair,L1P,L
C00835,C-FDCU,RBEL,MURPHY Rebel,L1P,L
C00A35,C-FDWM,BE20,BEECH 200 Super King Air,L2T,M
C00C35,C-FEQE,BE23,BEECH 23 Sundowner,L1P,L
C00E35,C-FFJW,PA31,PIPER PA-31-300/310/325/350/425,L2P,L
C00F35,C-FFTS,M4,MAULE M-4,L1P,L
C01035,C-FGDO,WAIX,SONEX Waiex,L1P,L
C01135,C-FGNK,,,,
C01235,C-FGXG,BE9L,BEECH 90 King Air,L2T,L
C01335,C-FHHC,AS50,AEROSPATIALE AS-350 Ecureuil,H1T,L
C01535,C-FIAU,C150,CESSNA 150,L1P,L
C01635,C-FIKQ,,,,
C01835,C-FJEI,DHC2,DE HAVILLAND DHC-2 Beaver,L1P,L
C01935,C-FJOE,C208,CESSNA 208 Caravan,L1T,L
C01B35,C-FKHW,C172,CESSNA 172 Skyhawk,L1P,L
C01C35,C-FKRS,PA18,PIPER PA-18 Super Cub,L1P,L
C02035,C-FMFC,M20P,MOONEY M-20,L1P,L
C02135,C-FMOY,GLID,,L0-,-
C02235,C-FMYU,BALL,,B0-,-
C02335,C-FNIQ,C172,CESSNA 172 Skyhawk,L1P,L
C02435,C-FNSM,CH70,ZENAIR CH-701 Stol,L1P,L
C02535,C-FOCI,CL35,BOMBARDIER BD-100 Challenger 350,L2J,M
C02635,C-FOME,A600,ROTORWAY A-600 Talon,H1P,L
C02735,C-FOWA,,,,
C02835,C-FPFW,G120,GROB G-120,L1P,L
C02935,C-FPPS,C185,CESSNA 185 Skywagon,L1P,L
C02A35,C-FPZO,PA14,PIPER PA-14 Family Cruiser,L1P,L
C02B35,C-FQJK,PA24,PIPER PA-24 Comanche,L1P,L
C02D35,C-FRDC,J4,PIPER J-4 Cub Coupe,L1P,L
C02E35,C-FRMY,C180,CESSNA  180 Skywagon,L1P,L
C02F35,C-FRWU,BALL,,B0-,-
C03035,C-FSGQ,C180,CESSNA  180 Skywagon,L1P,L
C03135,C-FSQM,RV6,VANS RV-6,L1P,L
C03235,C-FTAI,PA18,PIPER PA-18 Super Cub,L1P,L
C03535,C-FUDW,C150,CESSNA 150,L1P,L
C03635,C-FUNS,,,,
C03835,C-FVHK,GLID,,L0-,-
C03935,C-FVRG,C150,CESSNA 150,L1P,L
C03A35,C-FWBC,C185,CESSNA 185 Skywagon,L1P,L
C03B35,C-FWKY,C170,CESSNA 170,L1P,L
C03C35,C-FWUU,,,,
C03E35,C-FXOM,,,,
C03F35,C-FXYI,PA22,PIPER PA-22,L1P,L
C04135,C-FYSA,PA44,PIPER PA-44 Seminole,L2P,L
C04235,C-FZBW,C337,CESSNA 337 Super Skymaster,L2P,L
C04435,C-FZVO,C182,CESSNA 182 Skylane,L1P,L
C04535,C-GAFK,C185,CESSNA 185 Skywagon,L1P,L
C04635,C-GAPG,P28A,PIPER PA-28-140/150/160/180,L1P,L
C04735,C-GAZC,C185,CESSNA 185 Skywagon,L1P,L
C04835,C-GBIY,BL8,BELLANCA 8 Decathlon,L1P,L
C04935,C-GBSU,AS50,AEROSPATIALE AS-350 Ecureuil,H1T,L
C04A35,C-GCCQ,C185,CESSNA 185 Skywagon,L1P,L
C04B35,C-GCMM,FOX,KITFOX,L1P,L
C04C35,C-GCWI,M5,MAULE M-5,L1P,L
C04D35,C-GDGE,C172,CESSNA 172 Skyhawk,L1P,L
C04E35,C-GDQA,,,,
C04F35,C-GDZW,P28A,PIPER PA-28-140/150/160/180,L1P,L
C05035,C-GEJS,PA11,PIPER PA-11 Cub Special,L1P,L
C05135,C-GETO,C180,CESSNA  180 Skywagon,L1P,L
C05235,C-GFDK,C172,CESSNA 172 Skyhawk,L1P,L
C05335,C-GFNG,LNCE,LANCAIR ES,L1P,L
C05435,C-GFXC,C172,CESSNA 172 Skyhawk,L1P,L
C05535,C-GGGY,P28R,PIPER PA-28R-180/200/201,L1P,L
C05635,C-GGQU,PA31,PIPER PA-31-300/310/325/350/425,L2P,L
C05735,C-GHAQ,DH3T,DE HAVILLAND DHC-3 Turbo Otter,L1T,L
C05835,C-GHKM,AS50,AEROSPATIALE AS-350 Ecureuil,H1T,L
C05935,C-GHUI,RBEL,MURPHY Rebel,L1P,L
C05B35,C-GIOA,C170,CESSNA 170,L1P,L
C05C35,C-GIXW,C182,CESSNA 182 Skylane,L1P,L
C05D35,C-GJHS,C150,CESSNA 150,L1P,L
C05E35,C-GJRO,C172,CESSNA 172 Skyhawk,L1P,L
C05F35,C-GKBK,PA18,PIPER PA-18 Super Cub,L1P,L
C06035,C-GKLG,P28A,PIPER PA-28-140/150/160/180,L1P,L
C06235,C-GLEY,R44,ROBINSON R-44 Raven,H1P,L
C06335,C-GLOU,,,,
C06535,C-GMIM,AS50,AEROSPATIALE AS-350 Ecureuil,H1T,L
C06635,C-GMSI,T206,CESSNA T206 Turbo Stationair,L1P,L
C06735,C-GNCE,B190,BEECH 1900,L2T,M
C06835,C-GNMA,PA23,PIPER PA-23,L2P,L
C06935,C-GNVW,P28A,PIPER PA-28-140/150/160/180,L1P,L
C06A35,C-GOFS,PC12,PILATUS PC-12,L1T,L
C06D35,C-GPJG,,,,
C06E35,C-GPTC,C10T,CESSNA P210 Turbine,L1T,L
C07035,C-GQMU,P28A,PIPER PA-28-140/150/160/180,L1P,L
C07135,C-GQWQ,GLID,,L0-,-
C07235,C-GRGM,FA7X,DASSAULT Falcon 7X,L3J,M
C07435,C-GSAE,BE20,BEECH 200 Super King Air,L2T,M
C07535,C-GSKA,B190,BEECH 1900,L2T,M
C07635,C-GSTW,CH64,ZENAIR CH-640 Zodiac,L1P,L
C07735,C-GTDS,P32T,PIPER PA-32RT-300/300T,L1P,L
C07835,C-GTNO,P46T,PIPER PA-46-500TP,L1T,L
C07935,C-GTXK,AS50,AEROSPATIALE AS-350 Ecureuil,H1T,L
C07A35,C-GUHG,AA5,AMERICAN AA-5 Tiger,L1P,L
C07C35,C-GVAY,C172,CESSNA 172 Skyhawk,L1P,L
C07D35,C-GVKU,C172,CESSNA 172 Skyhawk,L1P,L
C07E35,C-GVUQ,,,,
C08235,C-GXIA,C172,CESSNA 172 Skyhawk,L1P,L
C08335,C-GXRW,B738,BOEING 737-800,L2J,M
C08635,C-GYVK,C185,CESSNA 185 Skywagon,L1P,L
C08735,C-GZFG,AA5,AMERICAN AA-5 Tiger,L1P,L
C08835,C-GZPC,RV4,VANS RV-4,L1P,L
C08935,C-GZYY,C185,CESSNA 185 Skywagon,L1P,L
C08A35,C-IAIU,CUB2,ACES HIGH Cuby 2,L1P,L
C08D35,C-IBMI,ULAC,,L0-,-
C08E35,C-IBWE,ULAC,,L0-,-
C08F35,C-ICGA,CHIN,ASAP Chinook,L1P,L
C09035,C-ICPW,CHIN,ASAP Chinook,L1P,L
C09135,C-ICZS,CHIN,ASAP Chinook,L1P,L
C09235,C-IDJO,ULAC,,L0-,-
C09335,C-IDTK,ULAC,,L0-,-
C09435,C-IEDG,CHIN,ASAP Chinook,L1P,L
C09535,C-IENC,ULAC,,L0-,-
C09635,C-IEWY,ULAC,,L0-,-
C09735,C-IFGU,ULAC,,L0-,-
C09835,C-IFQQ,PARA,,P0-,-
C09935,C-IGAM,TRDO,TITAN Tornado SS,L1P,L
C09A35,C-IGKI,ULAC,,L0-,-
C09C35,C-IHEA,ULAC,,L0-,-
C09E35,C-IHXS,PARA,,P0-,-
C0A035,C-IIRK,ULAC,,L0-,-
C0A135,C-IJBG,FDCT,FLIGHT DESIGN CT,L1P,L
C0A235,C-IJLC,PARA,,P0-,-
C0A535,C-IKOQ,ULAC,,L0-,-
C0A635,C-IKYM,CRER,RANS Courier,L1P,L
C0A735,C-ILII,ULAC,,L0-,-
C0A835,C-ILSE,GSIS,INNOAVIATION Genesis,L1P,L
C0A935,C-IMCA,,,,
C0C535,C-IWRS,CH70,ZENAIR CH-701 Stol,L1P,L
C1E435,SERV,SERV,,V0-,-
C1E535,SERV,SERV,,V0-,-
C1EA35,SERV,SERV,,V0-,-
C2B035,156111,TEX2,BEECHCRAFT T-6 Texan 2,L1T,L
C2B535,130602,C30J,LOCKHEED MARTIN C-130J Super Hercules,L4T,M
C80035,ZK-DNK,LA4,LAKE LA-4/200,A1P,L
C80335,ZK-DNS,C172,CESSNA 172 Skyhawk,L1P,L
C80435,ZK-EKS,PA32,PIPER PA-32,L1P,L
C80F35,ZK-KBJ,COY2,RANS Coyote 2,L1P,L
C81135,ZK-PNN,YK52,YAKOVLEV Yak-52,L1P,L
C81235,ZK-TOR,C172,CESSNA 172 Skyhawk,L1P,L
C81735,ZK-GTK,GLID,,L0-,-
C81A35,ZK-WCD,R200,ROBIN Alpha,L1P,L
C81C35,ZK-LLS,ULAC,,L0-,-
C81D35,ZK-DVA,ULAC,,L0-,-
C82035,ZK-YPM,PISI,PIPSTREL Sinus,L1P,L
C82235,ZK-AMC,CH70,ZENAIR CH-701 Stol,L1P,L
C82335,ZK-MVK,AT76,ATR-72-600,L2T,M
C82435,ZK-IAZ,R44,ROBINSON R-44 Raven,H1P,L
C82735,ZK-OAD,C182,CESSNA 182 Skylane,L1P,L
C82835,ZK-MZA,AT76,ATR-72-600,L2T,M
C82935,ZK-MBB,RV12,VANS RV-12,L1P,L
E40135,2520,E145,EMBRAER ERJ-145,L2J,M
E48035,PR-ALC,C25B,CESSNA 525B Citation CJ3,L2J,L
E48135,PR-MHU,A320,AIRBUS A-320,L2J,M
E48235,PR-BED,BE40,BEECH 400 Beechjet,L2J,M
E48435,PR-JOM,A109,AGUSTA AW-109 Grand,H2T,L
E48935,PR-JBZ,BE9L,BEECH 90 King Air,L2T,L
E48C35,PR-LJP,PA34,PIPER PA-34 Seneca,L2P,L
E49035,PR-BPT,GLEX,BOMBARDIER BD-700 Global 6000/6500,L2J,M
E49235,PR-XTA,A359,AIRBUS A-350-900,L2J,H
E49335,PP-FBR,PA34,PIPER PA-34 Seneca,L2P,L
E49635,PS-GSV,BE9L,BEECH 90 King Air,L2T,L
E49835,PS-ELO,E55P,EMBRAER EMB-505 Phenom 300,L2J,M
E80335,CC-AZR,A20N,AIRBUS A-320neo,L2J,M
E80435,CC-BAW,A320,AIRBUS A-320,L2J,M
E80835,CC-ACP,C210,CESSNA 201 Centurion,L1P,L
E80935,CC-AFS,BE9L,BEECH 90 King Air,L2T,L
E84035,FAE-051,E135,EMBRAER ERJ-135,L2J,M
E88435,ZP-BMH,BE58,BEECH 58 Baron,L2P,L
E88F35,ZP-EPG,C206,CESSNA  206 Stationair,L1P,L
E8C235,AE-565,F50,FOKKER 50,L2T,M
