009036,ZS-GCZ,GLID,,L0-,-
009836,ZS-JDT,C182,CESSNA 182 Skylane,L1P,L
00A336,ZS-NIB,C180,CESSNA  180 Skywagon,L1P,L
00AF36,ZS-RWF,B06,BELL 206 JetRanger,H1T,L
010236,SU-NMG,A320,AIRBUS A-320,L2J,M
020036,CN-AOF,C130,LOCKHEED C-130 Hercules,L4T,M
020136,CN-MMH,GLF6,GULFSTREAM G650,L2J,M
030036,A2-OKB,C208,CESSNA 208 Caravan,L1T,L
03E636,TR-ABW,AT76,ATR-72-600,L2T,M
040036,ET-ANW,DH8D,DE HAVILLAND DHC-8-400 Dash 8,L2T,M
040136,ET-AUE,DH8D,DE HAVILLAND DHC-8-400 Dash 8,L2T,M
05A036,8Q-TAC,DHC6,DE HAVILLAND DHC-6 Twin Otter,L2T,L
060036,3B-NBV,A339,AIRBUS A-330-900,L2J,H
06A136,A7-BAT,B77W,BOEING 777-300ER,L2J,H
0AC336,FAC5762,C560,CESSNA 560 Citation Ultra,L2J,M
0AC436,HK-2752G,C182,CESSNA 182 Skylane,L1P,L
0AC936,PNC-0724,UH1,BELL UH-1 Huey,H1T,L
0AE036,TI-BGT,C208,CESSNA 208 Caravan,L1T,L
0B4136,TG-AMT,C172,CESSNA 172 Skyhawk,L1P,L
0C6036,9Y-TTA,AT76,ATR-72-600,L2T,M
0D0236,XA-TWQ,A30B,AIRBUS A-300-200,L2J,H
0D0836,XA-GMO,F2TH,DASSAULT Falcon 2000,L2J,M
0D0B36,XA-VII,A20N,AIRBUS A-320neo,L2J,M
0D0C36,XB-LVL,C501,CESSNA 501 Citation 1SP,L2J,L
0D0D36,XA-VRY,A20N,AIRBUS A-320neo,L2J,M
0D0E36,XB-NUO,C182,CESSNA 182 Skylane,L1P,L
140B36,RA-02870,E170,EMBRAER ERJ-170-100,L2J,M
147036,RA-28726,AN28,ANTONOV An-28,L2T,L
151E36,RA-73270,A332,AIRBUS A-330-200,L2J,H
151F36,RA-73526,GLEX,BOMBARDIER BD-700 Global 6000/6500,L2J,M
152036,RA-73782,A333,AIRBUS A-330-300,L2J,H
155C36,RA-89142,SU95,SUKHOI Superjet 100-95,L2J,M
201036,V5-WEC,E145,EMBRAER ERJ-145,L2J,M
202036,E3-AAS,PC6T,PILATUS PC-6 Turbo-Porter,L1T,L
300636,I-SBAY,ECHO,TECNAM P-92 Echo,L1P,L
300736,I-CNTG,P208,TECNAM P-2008,L1P,L
31D836,I-6361,GOLF,TECNAM P-96 Golf,L1P,L
31DE36,I-8567,MX1T,WORLD AIRCRAFT Sentinel,L1P,L
320036,VF-141,A139,AGUSTA AW-139,H2T,L
33FD36,MM82026,A139,AGUSTA AW-139,H2T,L
394436,F-GRBW,TB20,SOCATA TB-20 Trinidad,L1P,L
3B7636,E152,AJET,DASSAULT-DORNIER Alpha Jet,L2J,M
3C0936,D-ASMR,A320,AIRBUS A-320,L2J,M
3C1236,D-AVXH,A321,AIRBUS A-321,L2J,M
3C4436,D-AAAV,A333,AIRBUS A-330-300,L2J,H
3C4B36,D-ABYV,B748,BOEING 747-8,L4J,H
3CD436,D-CHRA,C25C,CESSNA 525C Citation CJ4,L2J,M
3CD636,D-CIKS,E55P,EMBRAER EMB-505 Phenom 300,L2J,M
3D0536,D-EAFM,P28A,PIPER PA-28-140/150/160/180,L1P,L
3D0836,D-EBJA,C172,CESSNA 172 Skyhawk,L1P,L
3D0A36,D-ECCS,RALL,SOCATA Rallye,L1P,L
3D0D36,D-EDGG,C152,CESSNA 152,L1P,L
3D0E36,D-EDQC,C182,CESSNA 182 Skylane,L1P,L
3D1336,D-EFNI,JB15,OBERLECHNER JOB-15,L1P,L
3D1436,D-EFXE,P28A,PIPER PA-28-140/150/160/180,L1P,L
3D1536,D-EGHA,P28S,PIPER PA-28R-201T,L1P,L
3D1736,D-EHAS,PA22,PIPER PA-22,L1P,L
3D1B36,D-EIOC,SR22,CIRRUS SR-22,L1P,L
3D1C36,D-EIXY,HUSK,CHRISTEN Husky,L1P,L
3D2036,D-EKLI,DV20,DIAMOND DA-20,L1P,L
3D2336,D-ELOW,PA18,PIPER PA-18 Super Cub,L1P,L
3D2436,D-ELYS,C172,CESSNA 172 Skyhawk,L1P,L
3D2636,D-EMSK,C172,CESSNA 172 Skyhawk,L1P,L
3D2736,D-ENCG,C172,CESSNA 172 Skyhawk,L1P,L
3D2836,D-ENMC,M20T,MOONEY M-20T,L1P,L
3D2936,D-ENVY,E300,EXTRA EA-300/330/350,L1P,L
3D3436,D-ESAG,A210,AQUILA A-210,L1P,L
3D3636,D-ESTY,ZZZZ,,-0-,-
3D3C36,D-EVBA,BREZ,AEROSTYLE Breezer,L1P,L
3D4B36,D-FASS,T6,NORTH AMERICAN T-6 Texan,L1P,L
3DB036,D-GMZE,PA34,PIPER PA-34 Seneca,L2P,L
3DD336,D-HAFU,AS50,AEROSPATIALE AS-350 Ecureuil,H1T,L
3E0A36,D-HVBI,EC35,AIRBUS HELICOPTERS EC-135/635,H2T,L
3E1936,D-IATA,C425,CESSNA 425 Corsair,L2T,L
3E5E36,D-KAWK,GLID,,L0-,-
3E6436,D-KDDM,GLID,,L0-,-
3E6D36,D-KGOC,DG40,DG FLUGZEUGBAU DG-400,L1P,L
3E6F36,D-KHHU,GLID,,L0-,-
3E7136,D-KIBM,GLID,,L0-,-
3E7236,D-KILI,ARCP,SCHEMPP-HIRTH Arcus M,L1P,L
3E7336,D-KIVE,AS16,SCHLEICHER ASK-16,L1P,L
3E7536,D-KJOW,AS31,SCHLEICHER ASH-31,L1P,L
3E7A36,D-KLMC,DG60,DG FLUGZEUGBAU DG-600M,L1P,L
3EC136,D-KODA,SF25,SCHEIBE SF-25 Falke,L1P,L
3ECC36,D-KSHI,GLID,,L0-,-
3EDD36,D-KYSS,GLID,,L0-,-
3EE136,D-0159,GLID,,L0-,-
3EE436,D-0927,GLID,,L0-,-
3EE936,D-2207,GLID,,L0-,-
3EED36,D-3231,GLID,,L0-,-
3EF036,D-3999,GLID,,L0-,-
3EFC36,D-7071,GLID,,L0-,-
3F0136,D-8351,GLID,,L0-,-
3F3636,D-OGLA,BALL,,B0-,-
3FA936,82+54,EC35,AIRBUS HELICOPTERS EC-135/635,H2T,L
3FC336,D-OLJA,BALL,,B0-,-
3FEB36,D-MDLH,C42,IKARUS C-42 Bison,L1P,L
3FED36,D-MPGE,G3,REMOS Mirage,L1P,L
3FEE36,D-MFNY,FK9,B&F TECHNIK FK-9,L1P,L
3FF136,D-MCIM,MM24,MAGNI M-24 Orion,G1P,L
3FF336,D-MVCH,ECHO,TECNAM P-92 Echo,L1P,L
3FF436,D-MLGC,,,,
3FF536,D-MJIC,GLID,,L0-,-
3FF936,D-MXIY,ULAC,,L0-,-
400936,G-EUOA,A319,AIRBUS A-319,L2J,M
400B36,G-STUY,R44,ROBINSON R-44 Raven,H1P,L
401136,G-MAPR,BE36,BEECH 36 Bonanza,L1P,L
401536,G-ARGV,PA18,PIPER PA-18 Super Cub,L1P,L
401636,G-ATEW,PA30,PIPER PA-30 Twin Comanche,L2P,L
401936,G-AZFI,P28R,PIPER PA-28R-180/200/201,L1P,L
401A36,G-KALI,P28A,PIPER PA-28-140/150/160/180,L1P,L
401B36,G-BBZV,P28R,PIPER PA-28R-180/200/201,L1P,L
401D36,G-BFRV,C152,CESSNA 152,L1P,L
401E36,G-BHFI,C152,CESSNA 152,L1P,L
402136,G-BPUF,BALL,,B0-,-
402236,G-LFIX,SPIT,SUPERMARINE Spitfire,L1P,L
402336,G-VARG,MOR2,MORRISEY Nifty,L1P,L
403036,G-PEGI,PA34,PIPER PA-34 Seneca,L2P,L
403536,G-SEAI,C206,CESSNA  206 Stationair,L1P,L
403836,G-MYMI,ULAC,,L0-,-
403D36,G-BXCA,SF2,VIKING SF-2 Cygnet,L1P,L
403E36,G-BXJM,C152,CESSNA 152,L1P,L
403F36,G-WOOF,EN48,ENSTROM TH-28,H1T,L
404436,G-MFEF,C172,CESSNA 172 Skyhawk,L1P,L
404636,G-CBEV,ULAC,,L0-,-
404736,G-HRLI,HURI,HAWKER Hurricane,L1P,L
404A36,G-CCMR,R22,ROBINSON R-22 Mariner,H1P,L
404D36,G-CDGH,COY2,RANS Coyote 2,L1P,L
404E36,G-CDMF,RV9,VANS RV-9,L1P,L
405136,G-CEJE,TAIL,WITTMAN Tailwind,L1P,L
405236,G-CESW,FDCT,FLIGHT DESIGN CT,L1P,L
405336,G-LLLL,GLID,,L0-,-
405436,G-DCNW,GLID,,L0-,-
405536,G-CHHT,GLID,,L0-,-
405636,G-EZDH,A319,AIRBUS A-319,L2J,M
405736,G-CGBD,GLID,,L0-,-
405836,G-KNCG,PA32,PIPER PA-32,L1P,L
405D36,G-RFLY,E300,EXTRA EA-300/330/350,L1P,L
405F36,G-PICX,ULAC,,L0-,-
406436,G-RVIW,RV9,VANS RV-9,L1P,L
406536,G-FFBG,C182,CESSNA 182 Skylane,L1P,L
406636,G-CGXW,G109,GROB G-109,L1P,L
406736,G-OPPO,TRAL,GROPPO Trail,L1P,L
406936,G-CVLN,CLON,AUTOGYRO Cavalon,G1P,L
406B36,G-TANO,GLID,,L0-,-
406D36,G-YCMI,SONX,SONEX AIRCRAFT Sonex,L1P,L
406E36,G-CIOR,HN70,NICOLLIER Menestrel 2,L1P,L
406F36,G-OFES,GLID,,L0-,-
407136,G-BFKR,PA24,PIPER PA-24 Comanche,L1P,L
407236,G-FEED,BALL,,B0-,-
407336,G-RHOD,SSTL,JUST JA30 SuperSTOL,L1P,L
407436,G-HUME,ACR2,ACRO SPORT 2,L1P,L
407536,G-TTNF,A20N,AIRBUS A-320neo,L2J,M
407636,G-CLAP,C152,CESSNA 152,L1P,L
407736,G-DTPC,RV9,VANS RV-9,L1P,L
407936,G-LHXA,DA42,DIAMOND DA-42 Guardian,L2P,L
407A36,G-CLNF,EC35,AIRBUS HELICOPTERS EC-135/635,H2T,L
407B36,G-CLUH,P28A,PIPER PA-28-140/150/160/180,L1P,L
407D36,G-NICU,A169,AGUSTA AW-169,H2T,L
407E36,G-KANF,B505,BELL 505 JetRanger X,H1T,L
424236,VP-BDB,B737,BOEING 737-700,L2J,M
424836,VP-CGR,A320,AIRBUS A-320,L2J,M
424936,VQ-BDS,GALX,GULFSTREAM G200,L2J,M
424B36,M-CLHL,CL60,BOMBARDIER CL-600 Challenger,L2J,M
43C136,ZH877,C30J,LOCKHEED MARTIN C-130J Super Hercules,L4T,M
43C436,XX281,HAWK,BRITISH AEROSPACE T-45 Goshawk,L1J,M
43C936,ZM708,H64,MCDONNELL DOUGLAS AH-64 Apache,H2T,M
43E936,M-ABFI,AT75,ATR-72-500,L2T,M
43EA36,M-INSK,GLF6,GULFSTREAM G650,L2J,M
43EC36,2-STEV,ALO2,SUD Alouette 2,H1T,L
43EE36,2-WEBS,EA50,ECLIPSE 550,L2J,L
440036,OE-ICP,A320,AIRBUS A-320,L2J,M
440136,OE-EMD,PC6T,PILATUS PC-6 Turbo-Porter,L1T,L
440336,OE-KRH,BE33,BEECH 33 Bonanza,L1P,L
440436,OE-9381,SF25,SCHEIBE SF-25 Falke,L1P,L
440536,OE-GIE,C25B,CESSNA 525B Citation CJ3,L2J,L
440636,OE-XYH,R44,ROBINSON R-44 Raven,H1P,L
440736,OE-KSV,C182,CESSNA 182 Skylane,L1P,L
440936,OE-COY,RV9,VANS RV-9,L1P,L
440C36,OE-LKX,A319,AIRBUS A-319,L2J,M
440D36,OE-HER,F2TH,DASSAULT Falcon 2000,L2J,M
447D36,5D-HN,B212,BELL 212,H2T,L
448D36,OO-CIV,C25A,CESSNA 525A Citation CJ2,L2J,L
44A836,OO-JAV,B738,BOEING 737-800,L2J,M
44B136,OO-LIV,PA38,PIPER PA-38 Tomahawk,L1P,L
44CD36,OO-SIV,SLG2,AIRPLANE FACTORY Sling 2,L1P,L
44E836,OO-ZAV,GLID,,L0-,-
44F636,H-22,A109,AGUSTA AW-109 Grand,H2T,L
452036,LZ-DBJ,,,,
458F36,OY-CYV,C550,CESSNA 550 Citation S2,L2J,L
45E336,OY-XYV,GLID,,L0-,-
45F036,OY-9426,ULAC,,L0-,-
45F436,M-512,EH10,AGUSTA WESTLAND EH-101 Merlin,H3T,M
461F36,OH-LVI,A319,AIRBUS A-319,L2J,M
462636,OH-OMG,C182,CESSNA 182 Skylane,L1P,L
463036,OH-SGS,FA8X,DASSAULT Falcon 8X,L3J,M
467836,HN-451,F18H,BOEING FA-18 HORNET,L2J,M
469936,SX-FIV,AT75,ATR-72-500,L2T,M
469C36,SX-GAV,P28A,PIPER PA-28-140/150/160/180,L1P,L
46B936,SX-NIV,AT75,ATR-72-500,L2T,M
470336,HA-BFQ,C172,CESSNA 172 Skyhawk,L1P,L
471F36,HA-LVI,A21N,AIRBUS A-321neo,L2J,M
478736,LN-AKC,RV7,VANS RV-7,L1P,L
480436,J-202,F16,GENERAL DYNAMICS F-16 Fighting Falcon,L1J,M
480836,D-661,H47,BOEING-VERTOL CH-47 Chinook,H2T,M
484336,P4-FUN,C182,CESSNA 182 Skylane,L1P,L
484436,PH-TVB,PA31,PIPER PA-31-300/310/325/350/425,L2P,L
484536,PH-MLO,TOBA,SOCATA Tobago,L1P,L
484636,PH-LLP,BALL,,B0-,-
484736,PH-RCF,C172,CESSNA 172 Skyhawk,L1P,L
484836,PH-1357,GLID,,L0-,-
484E36,PH-1223,GLID,,L0-,-
484F36,PH-JLJ,BALL,,B0-,-
485036,PH-EPE,BALL,,B0-,-
485336,PH-1LF,ZZZZ,,-0-,-
485436,PH-1QM,ZZZZ,,-0-,-
485536,PH-1WO,ZZZZ,,-0-,-
485636,PH-2OD,ZZZZ,,-0-,-
486236,PH-MLY,TB20,SOCATA TB-20 Trinidad,L1P,L
486436,PH-0A4,ECHO,TECNAM P-92 Echo,L1P,L
48C236,SP-RSX,B738,BOEING 737-800,L2J,M
48D136,SP-WKX,M20P,MOONEY M-20,L1P,L
490036,TWR,TWR,,T0-,-
492136,CS-HIV,AS50,AEROSPATIALE AS-350 Ecureuil,H1T,L
498436,9820,SB39,SAAB 39 Gripen,L1J,M
49C036,OK-OUU50,ECHO,TECNAM P-92 Echo,L1P,L
49C136,OK-VUU83,SIRA,TECNAM P-2002 Sierra,L1P,L
49D036,OK-ONP,Z42,ZLIN Z-42/142/242,L1P,L
49D136,OK-HWL,H25B,HAWKER BEECHCRAFT Hawker 750/850,L2J,M
49D236,OK-AKY,R22,ROBINSON R-22 Mariner,H1P,L
49D336,OK-OWN,R66,ROBINSON R-66,H1T,L
49D436,OK-CMR,BE55,BEECH 55 Baron,L2P,L
4A1036,YR-DAV,AN2,ANTONOV An-2,L1P,L
4A2836,YR-JAV,P208,TECNAM P-2008,L1P,L
4AAC36,SE-KAV,TAMP,SOCATA TB-9 Tampico,L1P,L
4AC936,SE-RIV,C56X,CESSNA 560XL Citation XLS,L2J,M
4AE336,SE-XYV,WT9,AEROSPOOL WT-9 Dynamic,L1P,L
4B0036,HB-ACC,AT75,ATR-72-500,L2T,M
4B0336,HB-BFQ,BALL,,B0-,-
4B0936,HB-DMS,DA50,DIAMOND DA-50 Magnum,L1P,L
4B0C36,HB-EQG,DR40,ROBIN DR-400,L1P,L
4B1536,HB-IAW,F2TH,DASSAULT Falcon 2000,L2J,M
4B1636,HB-IKS,CL60,BOMBARDIER CL-600 Challenger,L2J,M
4B1936,HB-JOG,A319,AIRBUS A-319,L2J,M
4B1E36,HB-LLM,PA34,PIPER PA-34 Seneca,L2P,L
4B2C36,HB-QTI,BALL,,B0-,-
4B2E36,HB-RNA,ZZZZ,,-0-,-
4B3036,HB-SGS,DA40,DIAMOND DA-40 Club Star,L1P,L
4B3D36,HB-XES,EN28,ENSTROM F-28,H1P,L
4B4036,HB-YIG,MCR1,COLOMBAN Ban-Bi,L1P,L
4B4136,HB-YSC,RV12,VANS RV-12,L1P,L
4B4436,HB-ZVQ,AS50,AEROSPATIALE AS-350 Ecureuil,H1T,L
4B4E36,HB-2447,AS29,SCHLEICHER ASG-29,L1P,L
4B5836,HB-5007,PISI,PIPSTREL Sinus,L1P,L
4B8836,TC-BAV,BALL,,B0-,-
4B9836,TC-FAV,PA34,PIPER PA-34 Seneca,L2P,L
4BAC36,TC-KAV,C56X,CESSNA 560XL Citation XLS,L2J,M
4BD436,TC-UAV,TL30,TL ULTRALIGHT TL-3000 Sirius,L1P,L
4CA336,279,A139,AGUSTA AW-139,H2T,L
4CA736,EI-EBM,B738,BOEING 737-800,L2J,M
4CA836,EI-GAL,A320,AIRBUS A-320,L2J,M
4CA936,EI-EJI,A332,AIRBUS A-330-200,L2J,H
4CAA36,EI-GPH,B06,BELL 206 JetRanger,H1T,L
4CAB36,EI-FDC,RALL,SOCATA Rallye,L1P,L
4CAC36,EI-RZD,B38M,BOEING 737 MAX 8,L2J,M
4D2036,9H-AFI,B190,BEECH 1900,L2T,M
4D2136,9H-FCA,GLEX,BOMBARDIER BD-700 Global 6000/6500,L2J,M
4D2236,9H-QDT,B738,BOEING 737-800,L2J,M
4D2336,9H-AML,A320,AIRBUS A-320,L2J,M
500036,T7-GCA,BE55,BEECH 55 Baron,L2P,L
500236,T7-818,GLF6,GULFSTREAM G650,L2J,M
501E36,9A-HRP,A139,AGUSTA AW-139,H2T,L
502C36,YL-RAG,SF34,SAAB 340,L2T,M
502D36,YL-LDI,A320,AIRBUS A-320,L2J,M
503C36,LY-JGT,TL30,TL ULTRALIGHT TL-3000 Sirius,L1P,L
503E36,LY-FJI,A320,AIRBUS A-320,L2J,M
504E36,ER-JAI,B744,BOEING 747-400,L4J,H
505D36,OM-LIV,EFOX,AEROPRO Eurofox,L1P,L
506E36,S5-DLI,C182,CESSNA 182 Skylane,L1P,L
506F36,S5-MML,ONE,GOGETAIR One,L1P,L
507C36,UK-91108,I114,ILYUSHIN Il-114,L2T,M
508036,UR-ELI,AN26,ANTONOV An-26,L2T,M
508236,UR-CJE,MD83,MCDONNELL-DOUGLAS MD-83,L2J,M
510136,EW-500LL,PC12,PILATUS PC-12,L1T,L
511036,ES-TLB,L39,LET L-39 Albatros,L1J,L
70C136,A4O-OCA,A321,AIRBUS A-321,L2J,M
710036,HZ-AKD,B772,BOEING 777-200,L2J,H
710136,PSS-53,EC45,AIRBUS HELICOPTERS EC-145,H2T,L
710336,HZ-HM1C,B74S,BOEING 747SP,L4J,H
710436,HZ-A24,AT76,ATR-72-600,L2T,M
718936,HL1136,C172,CESSNA 172 Skyhawk,L1P,L
71BC36,HL7436,B744,BOEING 747-400,L4J,H
71BE36,HL7636,B748,BOEING 747-8,L4J,H
71BF36,HL7736,A333,AIRBUS A-330-300,L2J,H
71C336,HL8336,B738,BOEING 737-800,L2J,M
728836,YI-BAV,B738,BOEING 737-800,L2J,M
731A36,EP-FQV,RJ1H,AVRO RJ-100 Avroliner,L4J,M
736836,EP-ZAV,A320,AIRBUS A-320,L2J,M
739436,4X-CWJ,C206,CESSNA  206 Stationair,L1P,L
740736,JY-AYV,A321,AIRBUS A-321,L2J,M
748036,OD-MIK,F900,DASSAULT Falcon 900,L3J,M
750236,9M-MLG,B738,BOEING 737-800,L2J,M
750436,9M-AGC,A320,AIRBUS A-320,L2J,M
76D036,9V-TAV,A320,AIRBUS A-320,L2J,M
780236,B-LAK,A333,AIRBUS A-330-300,L2J,H
780436,B-9315,C172,CESSNA 172 Skyhawk,L1P,L
780536,B-3452,MA60,XIAN MA-60,L2T,M
780636,B-3455,MA60,XIAN MA-60,L2T,M
780936,B-6428,A319,AIRBUS A-319,L2J,M
780A36,B-KQD,B77W,BOEING 777-300ER,L2J,H
780B36,B-9941,A320,AIRBUS A-320,L2J,M
780C36,B-1951,B738,BOEING 737-800,L2J,M
780E36,B-MCB,A320,AIRBUS A-320,L2J,M
781036,B-1560,B738,BOEING 737-800,L2J,M
781236,B-1321,B738,BOEING 737-800,L2J,M
781336,B-1049,A333,AIRBUS A-330-300,L2J,H
781536,B-206N,B38M,BOEING 737 MAX 8,L2J,M
781636,B-707T,B505,BELL 505 JetRanger X,H1T,L
781736,B-309X,A20N,AIRBUS A-320neo,L2J,M
781836,B-30CK,A20N,AIRBUS A-320neo,L2J,M
781936,B-30EW,A21N,AIRBUS A-321neo,L2J,M
781D36,B-328E,A20N,AIRBUS A-320neo,L2J,M
789236,B-HNW,B773,BOEING 777-300,L2J,H
798036,B-6035,A319,AIRBUS A-319,L2J,M
79A036,B-2209,A320,AIRBUS A-320,L2J,M
7BB036,B-2958,B733,BOEING 737-300,L2J,M
7BB136,B-5212,B737,BOEING 737-700,L2J,M
7BE036,LH993729,MI8,MIL Mi-8/9/17/19/171/172,H2T,M
7C0636,VH-BIG,BE36,BEECH 36 Bonanza,L1P,L
7C0A36,VH-CAW,S22T,CIRRUS SR-22T Turbo,L1P,L
7C1236,VH-DVS,C208,CESSNA 208 Caravan,L1T,L
7C1A36,VH-FGO,AT8T,AIR TRACTOR AT-802,L1T,M
7C1C36,VH-FUW,R22,ROBINSON R-22 Mariner,H1P,L
7C2936,VH-IFC,RV14,VANS RV-14,L1P,L
7C2A36,VH-IMG,C182,CESSNA 182 Skylane,L1P,L
7C2B36,VH-ITK,P28A,PIPER PA-28-140/150/160/180,L1P,L
7C3336,VH-KEG,BE55,BEECH 55 Baron,L2P,L
7C3D36,VH-MDK,BE58,BEECH 58 Baron,L2P,L
7C4536,VH-NYG,PA46,PIPER PA-46-310/350,L1P,L
7C4836,VH-OJS,B744,BOEING 747-400,L4J,H
7C4D36,VH-PJC,SR20,CIRRUS SR-20,L1P,L
7C4E36,VH-PQG,DA40,DIAMOND DA-40 Club Star,L1P,L
7C4F36,VH-PXK,C10T,CESSNA P210 Turbine,L1T,L
7C6136,VH-THK,GLAS,Glasair,L1P,L
7C6336,VH-TVS,R44,ROBINSON R-44 Raven,H1P,L
7C6836,VH-UVC,UH1,BELL UH-1 Huey,H1T,L
7C6B36,VH-VGO,A320,AIRBUS A-320,L2J,M
7C6C36,VH-VNS,RV6,VANS RV-6,L1P,L
7C6D36,VH-VUW,B738,BOEING 737-800,L2J,M
7C7136,VH-WNC,PA31,PIPER PA-31-300/310/325/350/425,L2P,L
7C7536,VH-XFS,BT36,BEECH B36TC Bonanza,L1P,L
7C7636,VH-XMW,RV6,VANS RV-6,L1P,L
7C7A36,VH-YFC,B738,BOEING 737-800,L2J,M
7C7B36,VH-YMG,RV7,VANS RV-7,L1P,L
7C7C36,VH-YTK,DA40,DIAMOND DA-40 Club Star,L1P,L
7C7F36,VH-ZEW,C172,CESSNA 172 Skyhawk,L1P,L
7CF836,A97-450,C30J,LOCKHEED MARTIN C-130J Super Hercules,L4T,M
800336,KC-3805,C30J,LOCKHEED MARTIN C-130J Super Hercules,L4T,M
800436,VT-VRL,PRM1,RAYTHEON 390 Premier 1,L2J,L
800536,VT-UPM,H25B,HAWKER BEECHCRAFT Hawker 750/850,L2J,M
800736,VT-ANP,B788,BOEING 787-8 Dreamliner,L2J,H
800C36,VT-IHE,A320,AIRBUS A-320,L2J,M
800D36,VT-IZM,A20N,AIRBUS A-320neo,L2J,M
801536,VT-IPH,A20N,AIRBUS A-320neo,L2J,M
84C236,JA242J,E190,EMBRAER ERJ-190-100,L2J,M
850E36,JA306J,B738,BOEING 737-800,L2J,M
851936,JA338J,B738,BOEING 737-800,L2J,M
867736,JA70RC,A109,AGUSTA AW-109 Grand,H2T,L
86E036,JA850J,B788,BOEING 787-8 Dreamliner,L2J,H
86EB36,JA882J,B789,BOEING 787-9 Dreamliner,L2J,H
87C836,5514,P1,KAWASAKI P-1,L4J,M
883436,HS-MAV,HDJT,HONDA HondaJet,L2J,L
885336,HS-TYV,A345,AIRBUS A-340-500,L4J,H
888136,VN-A641,A321,AIRBUS A-321,L2J,M
896436,A6-SHJ,A320,AIRBUS A-320,L2J,M
896536,A6-BLY,B789,BOEING 787-9 Dreamliner,L2J,H
898036,P2-BWC,P750,PACIFIC AEROSPACE P-750 XStol,L1T,L
899036,B-16731,B77W,BOEING 777-300ER,L2J,H
8A0236,PK-WFL,AT75,ATR-72-500,L2T,M
8A0336,PK-GRA,CRJX,BOMBARDIER Regional Jet CRJ-1000,L2J,M
8A0536,PK-GII,B77W,BOEING 777-300ER,L2J,H
8A0636,PK-LUR,A320,AIRBUS A-320,L2J,M
A00136,N1NH,RLU1,RLU Super Breezy,L1P,L
A00236,N1YP,NAVI,NORTH AMERICAN Navion,L1P,L
A00436,N10V,B25,CONSOLIDATED B-25 Mitchell,L2P,M
A00636,N100RL,O1,CESSNA 305/341 Bird Dog,L1P,L
A00936,N101JC,RV6,VANS RV-6,L1P,L
A00B36,N1013K,L8,LUSCOMBE 8,L1P,L
A00D36,N102MA,C82S,CESSNA T182 Turbo Skylane,L1P,L
A00F36,N1025N,M7,MAULE M-7,L1P,L
A01036,N103DT,C320,CESSNA 320 Skyknight,L2P,L
A01136,N103PZ,M7,MAULE M-7,L1P,L
A01436,N104GR,RV10,VANS RV-10,L1P,L
A01536,N104SX,,,,
A01936,N105VV,UH1,BELL UH-1 Huey,H1T,L
A01E36,N1066P,BE36,BEECH 36 Bonanza,L1P,L
A02236,N1078S,BE58,BEECH 58 Baron,L2P,L
A02336,N108JB,PA11,PIPER PA-11 Cub Special,L1P,L
A02536,N1083J,S108,STINSON 108 Voyager,L1P,L
A02A36,N11DS,H269,HUGHES Sky Knight,H1P,L
A02B36,N11PY,PA30,PIPER PA-30 Twin Comanche,L2P,L
A02C36,N110AC,DUCE,BAKENG Duce,L1P,L
A03336,N11169,C150,CESSNA 150,L1P,L
A03636,N11211,WACO,WACO E/O,L1P,L
A03936,N113VC,DRON,,D0-,-
A03A36,N11334,G2T1,GREAT LAKES 2T-1,L1P,L
A03B36,N114BP,,,,
A03C36,N114MV,VELO,Velocity,L1P,L
A03E36,N11457,WACF,WACO F,L1P,L
A04136,N1150Z,BE19,BEECH 19 Sport,L1P,L
A04236,N1158,SC7,SHORT Skyvan,L2T,L
A04636,N117AB,C172,CESSNA 172 Skyhawk,L1P,L
A04736,N117LH,LNP4,LANCAIR PropJet 4,L1T,L
A04836,N117WP,COY2,RANS Coyote 2,L1P,L
A04A36,N118D,,,,
A04D36,N11868,CH7B,BELLANCA 7 Citabria,L1P,L
A05236,N12JW,B06,BELL 206 JetRanger,H1T,L
A05336,N12VB,C501,CESSNA 501 Citation 1SP,L2J,L
A05636,N1201J,M20P,MOONEY M-20,L1P,L
A05A36,N1213M,COL4,CESSNA 400 Corvalis TT,L1P,L
A05C36,N122MC,P28R,PIPER PA-28R-180/200/201,L1P,L
A05E36,N1225Q,C185,CESSNA 185 Skywagon,L1P,L
A06136,N1230G,C172,CESSNA 172 Skyhawk,L1P,L
A06D36,N1266R,BL17,BELLANCA 17 Viking,L1P,L
A06F36,N127RM,LNC2,LANCAIR 200-320,L1P,L
A07036,N1271H,AR15,AERONCA 15 Sedan,L1P,L
A07236,N128JD,RV6,VANS RV-6,L1P,L
A07636,N129MB,AC50,NORTH AMERICAN ROCKWELL Commander 500,L2P,L
A07B36,N130AE,B06,BELL 206 JetRanger,H1T,L
A07C36,N130LL,EC30,AIRBUS HELICOPTERS EC-130,H1T,L
A07D36,N130WS,EC30,AIRBUS HELICOPTERS EC-130,H1T,L
A07E36,N13048,GLAS,Glasair,L1P,L
A08236,N1317A,PA18,PIPER PA-18 Super Cub,L1P,L
A08336,N132GA,RF6,FOURNIER RF-6,L1P,L
A08436,N132SG,SAKO,RANS S-10 Sakota,L1P,L
A08636,N1329D,C82S,CESSNA T182 Turbo Skylane,L1P,L
A08D36,N13459,ZZZZ,,-0-,-
A09336,N136TT,COL4,CESSNA 400 Corvalis TT,L1P,L
A09836,N13747,C177,CESSNA  177 Cardinal,L1P,L
A09A36,N138PH,EC30,AIRBUS HELICOPTERS EC-130,H1T,L
A09D36,N139G,T18,THORP Tiger,L1P,L
A09E36,N139SF,F8L,AEROMERE F-8L Falco,L1P,L
A0A036,N1399C,PA22,PIPER PA-22,L1P,L
A0A136,N14JY,PA11,PIPER PA-11 Cub Special,L1P,L
A0A336,N140FJ,F900,DASSAULT Falcon 900,L3J,M
A0A536,N1401L,C56X,CESSNA 560XL Citation XLS,L2J,M
A0A636,N1408X,SF50,CIRRUS SF-50 Vision,L1J,L
A0A736,N141JG,C177,CESSNA  177 Cardinal,L1P,L
A0AA36,N142AZ,VELO,Velocity,L1P,L
A0AD36,N1425S,,,,
A0AF36,N143QC,PRM1,RAYTHEON 390 Premier 1,L2J,L
A0B136,N1437V,C172,CESSNA 172 Skyhawk,L1P,L
A0B436,N1442M,C182,CESSNA 182 Skylane,L1P,L
A0B836,N1454Q,T206,CESSNA T206 Turbo Stationair,L1P,L
A0BB36,N146YX,WAIX,SONEX Waiex,L1P,L
A0BE36,N147RP,RV7,VANS RV-7,L1P,L
A0BF36,N1471K,L8,LUSCOMBE 8,L1P,L
A0C236,N148UM,TBM7,SOCATA TBM-700A/B/C,L1T,L
A0C936,N15QB,C750,CESSNA 750 Citation 10,L2J,M
A0CA36,N150AG,H500,HUGHES 500,H1T,L
A0D236,N152GC,EC30,AIRBUS HELICOPTERS EC-130,H1T,L
A0D336,N152SJ,C152,CESSNA 152,L1P,L
A0D436,N15215,PA34,PIPER PA-34 Seneca,L2P,L
A0D536,N1529F,C185,CESSNA 185 Skywagon,L1P,L
A0D936,N154BT,CH60,ZENAIR CH-600 Zodiac,L1P,L
A0DD36,N155ER,LJ55,LEARJET 55,L2J,M
A0E036,N1558D,C195,CESSNA 195,L1P,L
A0E136,N156HP,GA8,GIPPSAERO GA-8 Airvan,L1P,L
A0E336,N15626,P28A,PIPER PA-28-140/150/160/180,L1P,L
A0E536,N157LM,C210,CESSNA 201 Centurion,L1P,L
A0EB36,N1587B,,,,
A0ED36,N159SH,R22,ROBINSON R-22 Mariner,H1P,L
A0EE36,N15914,P28A,PIPER PA-28-140/150/160/180,L1P,L
A0F436,N1601N,FNKB,FUNK B,L1P,L
A0F836,N1613R,AA5,AMERICAN AA-5 Tiger,L1P,L
A0F936,N162BA,A5,ICON A-5,A1P,L
A0FC36,N1625U,T210,CESSNA T210 Turbo Centurion,L1P,L
A10336,N1642P,PA22,PIPER PA-22,L1P,L
A10436,N16490,P28A,PIPER PA-28-140/150/160/180,L1P,L
A10836,N166CM,RS12,RANS S-12 Super Airaile,L1P,L
A10B36,N1666V,C172,CESSNA 172 Skyhawk,L1P,L
A11136,N168UP,A306,AIRBUS A-300-600,L2J,H
A11336,N169B,,,,
A11436,N169MF,C441,CESSNA 441 Conquest,L2T,L
A11736,N17DY,E300,EXTRA EA-300/330/350,L1P,L
A11836,N17QD,VELO,Velocity,L1P,L
A11B36,N170WW,,,,
A11C36,N1705B,ST75,STEARMAN Kaydet,L1P,L
A11D36,N171DG,TAIL,WITTMAN Tailwind,L1P,L
A12436,N1729H,C172,CESSNA 172 Skyhawk,L1P,L
A12536,N173KC,R66,ROBINSON R-66,H1T,L
A12B36,N1746C,C180,CESSNA  180 Skywagon,L1P,L
A12E36,N17505,BE35,BEECH 35 Starfire Bonanza,L1P,L
A13236,N17628,BE36,BEECH 36 Bonanza,L1P,L
A13336,N177AH,EC45,AIRBUS HELICOPTERS EC-145,H2T,L
A13636,N1775A,PA20,PIPER PA-20 Pacer,L1P,L
A13736,N178DF,R44,ROBINSON R-44 Raven,H1P,L
A13A36,N1787D,C170,CESSNA 170,L1P,L
A13D36,N17916,GLID,,L0-,-
A13F36,N18KB,RV8,VANS RV-8,L1P,L
A14136,N180FN,C180,CESSNA  180 Skywagon,L1P,L
A14236,N180RU,C180,CESSNA  180 Skywagon,L1P,L
A14436,N18081,C150,CESSNA 150,L1P,L
A14836,N182BC,C182,CESSNA 182 Skylane,L1P,L
A14936,N182MJ,C82R,CESSNA R182 Skylane RG,L1P,L
A14F36,N1837Z,BE35,BEECH 35 Starfire Bonanza,L1P,L
A15336,N18492,S10,STINSON 10 Voyager,L1P,L
A15536,N185WC,C185,CESSNA 185 Skywagon,L1P,L
A16336,N189MH,PA46,PIPER PA-46-310/350,L1P,L
A16536,N1895V,C140,CESSNA 140,L1P,L
A16636,N19E,S10,STINSON 10 Voyager,L1P,L
A16936,N190LS,C190,CESSNA 190,L1P,L
A16C36,N191DJ,M20P,MOONEY M-20,L1P,L
A17236,N19219,C150,CESSNA 150,L1P,L
A17336,N1929K,L8,LUSCOMBE 8,L1P,L
A17636,N1934B,L8,LUSCOMBE 8,L1P,L
A17A36,N1946E,CH7A,BELLANCA 7 Champion,L1P,L
A17C36,N195RA,C195,CESSNA 195,L1P,L
A18136,N1963,RV4,VANS RV-4,L1P,L
A18536,N1975C,RV12,VANS RV-12,L1P,L
A18636,N198DH,,,,
A18B36,N199SM,AS65,AEROSPATIALE AS-365 Dauphin 2,H2T,L
A18D36,N1999J,BE95,BEECH 95 Travel Air,L2P,L
A18E36,N2KD,T210,CESSNA T210 Turbo Centurion,L1P,L
A18F36,N2VK,AEST,AEROSTAR 600,L2P,L
A19036,N20FQ,TB21,SOCATA TB-21 Trinidad TC,L1P,L
A19236,N200CA,PA32,PIPER PA-32,L1P,L
A19536,N2006J,TF21,TAYLORCRAFT F-21,L1P,L
A19736,N201RE,M20P,MOONEY M-20,L1P,L
A19936,N2018M,P28R,PIPER PA-28R-180/200/201,L1P,L
A19D36,N203AP,P46T,PIPER PA-46-500TP,L1T,L
A1A036,N2035G,C182,CESSNA 182 Skylane,L1P,L
A1A136,N204DM,,,,
A1A436,N2047K,L8,LUSCOMBE 8,L1P,L
A1A636,N205SR,SR22,CIRRUS SR-22,L1P,L
A1A736,N2052B,BALL,,B0-,-
A1A836,N2059N,C140,CESSNA 140,L1P,L
A1AB36,N2064E,CH7A,BELLANCA 7 Champion,L1P,L
A1B136,N208RD,RV9,VANS RV-9,L1P,L
A1B436,N209HW,M20P,MOONEY M-20,L1P,L
A1B636,N2093C,P32R,PIPER PA-32R-300/301/301T,L1P,L
A1B736,N21AN,T210,CESSNA T210 Turbo Centurion,L1P,L
A1BE36,N211LC,T210,CESSNA T210 Turbo Centurion,L1P,L
A1C036,N21140,C182,CESSNA 182 Skylane,L1P,L
A1C136,N212CV,EXEC,ROTORWAY Exec,H1P,L
A1C436,N21263,C172,CESSNA 172 Skyhawk,L1P,L
A1C536,N213FT,RBEL,MURPHY Rebel,L1P,L
A1C936,N214JR,PA32,PIPER PA-32,L1P,L
A1CB36,N2143Y,P28A,PIPER PA-28-140/150/160/180,L1P,L
A1CD36,N215MP,C421,CESSNA 421 Executive Commuter,L2P,L
A1D236,N2160T,P28A,PIPER PA-28-140/150/160/180,L1P,L
A1D636,N2172W,C82S,CESSNA T182 Turbo Skylane,L1P,L
A1DA36,N2184Z,CJ6,NANCHANG CJ-6,L1P,L
A1DE36,N21962,,,,
A1DF36,N22FS,BE9L,BEECH 90 King Air,L2T,L
A1E136,N220CC,A109,AGUSTA AW-109 Grand,H2T,L
A1E536,N221FA,,,,
A1E636,N221RG,M20P,MOONEY M-20,L1P,L
A1E736,N2211C,P28A,PIPER PA-28-140/150/160/180,L1P,L
A1EB36,N2223F,P28A,PIPER PA-28-140/150/160/180,L1P,L
A1EC36,N223AR,SREY,PROGRESSIVE AERODYNE SeaRey,A1P,L
A1EF36,N2235J,C150,CESSNA 150,L1P,L
A1F036,N224DP,BE36,BEECH 36 Bonanza,L1P,L
A1F136,N224PV,S22T,CIRRUS SR-22T Turbo,L1P,L
A1F336,N2247M,P28R,PIPER PA-28R-180/200/201,L1P,L
A1FA36,N2264G,C182,CESSNA 182 Skylane,L1P,L
A1FB36,N227CB,BALL,,B0-,-
A1FC36,N227NH,DV20,DIAMOND DA-20,L1P,L
A1FF36,N228F,EN28,ENSTROM F-28,H1P,L
A20236,N2288N,C140,CESSNA 140,L1P,L
A20736,N23LW,SR22,CIRRUS SR-22,L1P,L
A20B36,N2302Z,BE23,BEECH 23 Sundowner,L1P,L
A20D36,N231LE,M20P,MOONEY M-20,L1P,L
A20E36,N231WL,M20P,MOONEY M-20,L1P,L
A21136,N232PC,GLID,,L0-,-
A21636,N2331X,R22,ROBINSON R-22 Mariner,H1P,L
A21836,N234JT,ULAC,,L0-,-
A21B36,N235BK,,,,
A21E36,N23553,BE60,BEECH 60 Duke,L2P,L
A22136,N2360V,C140,CESSNA 140,L1P,L
A22236,N23676,C82S,CESSNA T182 Turbo Skylane,L1P,L
A22636,N23799,,,,
A22936,N23841,C72R,CESSNA 172R Cutlass RG,L1P,L
A22E36,N24FU,GLF2,GULFSTREAM 2,L2J,M
A22F36,N24S,LJ24,LEARJET 24,L2J,L
A23336,N2406N,C120,CESSNA 120,L1P,L
A23636,N2411E,CH7A,BELLANCA 7 Champion,L1P,L
A23736,N2418R,P28A,PIPER PA-28-140/150/160/180,L1P,L
A23B36,N243AT,PA44,PIPER PA-44 Seminole,L2P,L
A23E36,N2435L,C172,CESSNA 172 Skyhawk,L1P,L
A23F36,N244DR,P28A,PIPER PA-28-140/150/160/180,L1P,L
A24136,N2440C,PA38,PIPER PA-38 Tomahawk,L1P,L
A24536,N2452F,C180,CESSNA  180 Skywagon,L1P,L
A24636,N2459S,C172,CESSNA 172 Skyhawk,L1P,L
A24836,N246VT,T206,CESSNA T206 Turbo Stationair,L1P,L
A24A36,N247CD,DA40,DIAMOND DA-40 Club Star,L1P,L
A24D36,N2476M,P28A,PIPER PA-28-140/150/160/180,L1P,L
A25036,N2481D,C170,CESSNA 170,L1P,L
A25236,N249J,E300,EXTRA EA-300/330/350,L1P,L
A25436,N2493G,ULAC,,L0-,-
A25536,N25AS,HUSK,CHRISTEN Husky,L1P,L
A25A36,N25021,,,,
A25D36,N251WN,B737,BOEING 737-700,L2J,M
A25E36,N25144,L8,LUSCOMBE 8,L1P,L
A26236,N25267,L8,LUSCOMBE 8,L1P,L
A26936,N25432,,,,
A26D36,N25555,,,,
A27036,N2560X,C206,CESSNA  206 Stationair,L1P,L
A27436,N25720,BE36,BEECH 36 Bonanza,L1P,L
A27C36,N25966,BALL,,B0-,-
A27E36,N26SB,LGEZ,RUTAN Long-EZ,L1P,L
A27F36,N260CG,RV14,VANS RV-14,L1P,L
A28036,N260NN,E75L,EMBRAER ERJ-170-200 (long wing),L2J,M
A28236,N2606Q,C182,CESSNA 182 Skylane,L1P,L
A28636,N2618T,PARA,,P0-,-
A28936,N2623K,L8,LUSCOMBE 8,L1P,L
A28B36,N263MA,BL8,BELLANCA 8 Decathlon,L1P,L
A28D36,N2635N,C140,CESSNA 140,L1P,L
A28E36,N264DT,NIMB,SCHEMPP-HIRTH Nimbus,L1P,L
A29036,N2640E,PARA,,P0-,-
A29136,N2647R,C182,CESSNA 182 Skylane,L1P,L
A29336,N265SX,SONX,SONEX AIRCRAFT Sonex,L1P,L
A29536,N2659U,BE36,BEECH 36 Bonanza,L1P,L
A29836,N2664L,C414,CESSNA 414 Chancellor,L2P,L
A29936,N267CF,BE35,BEECH 35 Starfire Bonanza,L1P,L
A29A36,N267NM,VEZE,RUTAN VariEze,L1P,L
A29C36,N2676P,T6,NORTH AMERICAN T-6 Texan,L1P,L
A2A436,N27AU,P28A,PIPER PA-28-140/150/160/180,L1P,L
A2A536,N27M,B06,BELL 206 JetRanger,H1T,L
A2A936,N27023,J3,PIPER J-3 Cub,L1P,L
A2AA36,N271AC,F900,DASSAULT Falcon 900,L3J,M
A2B136,N27269,B38M,BOEING 737 MAX 8,L2J,M
A2BD36,N276EM,RV14,VANS RV-14,L1P,L
A2C036,N2768,,,,
A2C336,N27722,B737,BOEING 737-700,L2J,M
A2C836,N279D,C25B,CESSNA 525B Citation CJ3,L2J,L
A2CB36,N27968,J3,PIPER J-3 Cub,L1P,L
A2CC36,N28FY,M20P,MOONEY M-20,L1P,L
A2D836,N2823M,PA12,PIPER PA-12 Super Cruiser,L1P,L
A2DC36,N2835Q,C172,CESSNA 172 Skyhawk,L1P,L
A2DF36,N2840G,P28B,PIPER PA-28-201T/235/236,L1P,L
A2E436,N2859W,BE36,BEECH 36 Bonanza,L1P,L
A2EB36,N2876R,P28R,PIPER PA-28R-180/200/201,L1P,L
A2EE36,N2881H,ERCO,AIR PRODUCTS F-1 Aircoupe,L1P,L
A2EF36,N2888U,C172,CESSNA 172 Skyhawk,L1P,L
A2F236,N2893L,P28A,PIPER PA-28-140/150/160/180,L1P,L
A30036,N2927A,,,,
A30436,N2939D,C170,CESSNA 170,L1P,L
A30736,N29436,C177,CESSNA  177 Cardinal,L1P,L
A30B36,N29559,TAYB,TAYLORCRAFT BC/BF/BL,L1P,L
A31236,N29724,ST75,STEARMAN Kaydet,L1P,L
A31636,N29847,TAYB,TAYLORCRAFT BC/BF/BL,L1P,L
A31736,N299DB,C56X,CESSNA 560XL Citation XLS,L2J,M
A31A36,N2997,RV9,VANS RV-9,L1P,L
A31B36,N3G,BU31,BUCKER Bu-131 Jungmann,L1P,L
A31C36,N3SF,C172,CESSNA 172 Skyhawk,L1P,L
A31E36,N30NS,C25A,CESSNA 525A Citation CJ2,L2J,L
A32036,N300KC,CL30,BOMBARDIER BD-100 Challenger 300,L2J,M
A32236,N3004,SIDE,SMYTH Sidewinder,L1P,L
A32636,N3016C,BE35,BEECH 35 Starfire Bonanza,L1P,L
A32A36,N3028F,BALL,,B0-,-
A32D36,N30328,C177,CESSNA  177 Cardinal,L1P,L
A33036,N304WV,TS11,PZL-MIELEC TS-11 Iskra,L1J,L
A33136,N3045A,P28A,PIPER PA-28-140/150/160/180,L1P,L
A33236,N305DF,O1,CESSNA 305/341 Bird Dog,L1P,L
A33336,N305PM,P51,NORTH AMERICAN P-51 Mustang,L1P,L
A33836,N30616,J3,PIPER J-3 Cub,L1P,L
A33C36,N30739,P28A,PIPER PA-28-140/150/160/180,L1P,L
A34A36,N3107Z,PA22,PIPER PA-22,L1P,L
A35036,N312WC,SR20,CIRRUS SR-20,L1P,L
A35236,N313CP,C82T,CESSNA TR182 Turbo Skylane RG,L1P,L
A35336,N313NV,A319,AIRBUS A-319,L2J,M
A35536,N3136X,B36T,BEECH 36 Turbine Bonanza,L1T,L
A35836,N3141P,PA23,PIPER PA-23,L2P,L
A35A36,N315JK,RV6,VANS RV-6,L1P,L
A35E36,N316MH,B06,BELL 206 JetRanger,H1T,L
A36036,N3165V,RS12,RANS S-12 Super Airaile,L1P,L
A36436,N3177Y,C182,CESSNA 182 Skylane,L1P,L
A36736,N3182Q,C182,CESSNA 182 Skylane,L1P,L
A36A36,N319WB,GLST,GLASAIR SH-4 GlaStar,L1P,L
A36E36,N32Z,PTS2,PITTS S-2 Special,L1P,L
A37236,N321BX,COL4,CESSNA 400 Corvalis TT,L1P,L
A37336,N321NC,PA23,PIPER PA-23,L2P,L
A37536,N3216E,C172,CESSNA 172 Skyhawk,L1P,L
A37736,N322RA,RALL,SOCATA Rallye,L1P,L
A37836,N32207,S10,STINSON 10 Voyager,L1P,L
A37B36,N323TZ,B738,BOEING 737-800,L2J,M
A37D36,N324AK,CC19,CUB CRAFTERS CC-19 XCub,L1P,L
A38036,N3245C,PA15,PIPER PA-15 Vagabond,L1P,L
A38136,N325DH,GLST,GLASAIR SH-4 GlaStar,L1P,L
A38436,N3257F,M20P,MOONEY M-20,L1P,L
A38736,N32618,LGEZ,RUTAN Long-EZ,L1P,L
A38D36,N328NB,A319,AIRBUS A-319,L2J,M
A38F36,N3286D,BALL,,B0-,-
A39136,N329R,AT5T,AIR TRACTOR AT-504,L1T,L
A39236,N32906,P28A,PIPER PA-28-140/150/160/180,L1P,L
A39436,N33HS,PTS1,PITTS S-1 Special,L1P,L
A39936,N33071,PA34,PIPER PA-34 Seneca,L2P,L
A39A36,N331HA,F2TH,DASSAULT Falcon 2000,L2J,M
A3A036,N3324W,PA32,PIPER PA-32,L1P,L
A3A136,N333CR,PA30,PIPER PA-30 Twin Comanche,L2P,L
A3A436,N3336Z,PA22,PIPER PA-22,L1P,L
A3A536,N334FP,RV7,VANS RV-7,L1P,L
A3A636,N334RV,RV4,VANS RV-4,L1P,L
A3A736,N3341R,C182,CESSNA 182 Skylane,L1P,L
A3A836,N33482,P28A,PIPER PA-28-140/150/160/180,L1P,L
A3AB36,N3353U,C182,CESSNA 182 Skylane,L1P,L
A3AD36,N336MK,P28A,PIPER PA-28-140/150/160/180,L1P,L
A3B336,N33770,P28R,PIPER PA-28R-180/200/201,L1P,L
A3B436,N338H,C185,CESSNA 185 Skywagon,L1P,L
A3B636,N3382S,C185,CESSNA 185 Skywagon,L1P,L
A3BA36,N3394V,BE35,BEECH 35 Starfire Bonanza,L1P,L
A3BB36,N34CQ,T34P,BEECH T-34 Mentor,L1P,L
A3BC36,N34NW,L8,LUSCOMBE 8,L1P,L
A3BE36,N340KG,C340,CESSNA 340 Super,L2P,L
A3C036,N3404D,C170,CESSNA 170,L1P,L
A3C636,N342RC,C421,CESSNA 421 Executive Commuter,L2P,L
A3C736,N34209,C177,CESSNA  177 Cardinal,L1P,L
A3C836,N3428K,J3,PIPER J-3 Cub,L1P,L
A3CC36,N344AM,EC30,AIRBUS HELICOPTERS EC-130,H1T,L
A3CF36,N3445E,C172,CESSNA 172 Skyhawk,L1P,L
A3D136,N345PR,GLST,GLASAIR SH-4 GlaStar,L1P,L
A3D536,N346SP,C172,CESSNA 172 Skyhawk,L1P,L
A3D836,N347KF,ST75,STEARMAN Kaydet,L1P,L
A3DA36,N3474C,C170,CESSNA 170,L1P,L
A3E136,N34908,C177,CESSNA  177 Cardinal,L1P,L
A3E236,N3498J,C150,CESSNA 150,L1P,L
A3E336,N35HU,HUSK,CHRISTEN Husky,L1P,L
A3E736,N3500S,C172,CESSNA 172 Skyhawk,L1P,L
A3E936,N351HC,C414,CESSNA 414 Chancellor,L2P,L
A3EC36,N35196,C177,CESSNA  177 Cardinal,L1P,L
A3F436,N354FR,A20N,AIRBUS A-320neo,L2J,M
A3F536,N354RX,E50P,EMBRAER EMB-500 Phenom 100,L2J,L
A3F636,N3541T,TF19,TAYLORCRAFT F-19 Sportsman,L1P,L
A3F736,N35484,J3,PIPER J-3 Cub,L1P,L
A3F836,N355JP,PA22,PIPER PA-22,L1P,L
A3FA36,N3553W,PA32,PIPER PA-32,L1P,L
A3FB36,N356BF,C82T,CESSNA TR182 Turbo Skylane RG,L1P,L
A3FE36,N3565Z,PA22,PIPER PA-22,L1P,L
A40136,N3570R,BE23,BEECH 23 Sundowner,L1P,L
A40536,N3582U,C182,CESSNA 182 Skylane,L1P,L
A40A36,N36CS,BE36,BEECH 36 Bonanza,L1P,L
A41036,N361CA,H25B,HAWKER BEECHCRAFT Hawker 750/850,L2J,M
A41336,N3616J,C150,CESSNA 150,L1P,L
A41B36,N364AP,C310,CESSNA 310,L2P,L
A42036,N365PT,BE30,BEECH 300 Super King Air,L2T,L
A42236,N3657K,J3,PIPER J-3 Cub,L1P,L
A42436,N366SR,AS65,AEROSPATIALE AS-365 Dauphin 2,H2T,L
A42636,N3669N,PA12,PIPER PA-12 Super Cruiser,L1P,L
A42D36,N3686H,ERCO,AIR PRODUCTS F-1 Aircoupe,L1P,L
A43636,N3700U,C182,CESSNA 182 Skylane,L1P,L
A43736,N37075,L8,LUSCOMBE 8,L1P,L
A43E36,N37240,BE23,BEECH 23 Sundowner,L1P,L
A44036,N373PA,B212,BELL 212,H2T,L
A44336,N374FT,P28A,PIPER PA-28-140/150/160/180,L1P,L
A44536,N3741V,C150,CESSNA 150,L1P,L
A44736,N375JR,SREY,PROGRESSIVE AERODYNE SeaRey,A1P,L
A44936,N3753Y,C210,CESSNA 201 Centurion,L1P,L
A44A36,N376BH,R22,ROBINSON R-22 Mariner,H1P,L
A44E36,N377EF,FA7X,DASSAULT Falcon 7X,L3J,M
A45036,N3770T,P28R,PIPER PA-28R-180/200/201,L1P,L
A45636,N379LB,BALL,,B0-,-
A45E36,N3804H,ERCO,AIR PRODUCTS F-1 Aircoupe,L1P,L
A45F36,N381CC,PA18,PIPER PA-18 Super Cub,L1P,L
A46636,N3828P,PA22,PIPER PA-22,L1P,L
A47136,N3857M,PA12,PIPER PA-12 Super Cruiser,L1P,L
A47436,N3862D,C182,CESSNA 182 Skylane,L1P,L
A47536,N3869Q,C172,CESSNA 172 Skyhawk,L1P,L
A47836,N3874G,T206,CESSNA T206 Turbo Stationair,L1P,L
A47C36,N3886K,GC1,GLOBE Swift,L1P,L
A48136,N39HY,HUSK,CHRISTEN Husky,L1P,L
A48536,N3900W,PA32,PIPER PA-32,L1P,L
A48636,N39077,L8,LUSCOMBE 8,L1P,L
A48A36,N392,SA3,STITS SA-3 Playboy,L1P,L
A48D36,N39242,TAYB,TAYLORCRAFT BC/BF/BL,L1P,L
A49436,N3941X,PA32,PIPER PA-32,L1P,L
A49836,N39530,PA34,PIPER PA-34 Seneca,L2P,L
A49F36,N3970V,C170,CESSNA 170,L1P,L
A4A336,N3982Y,BALL,,B0-,-
A4A436,N39899,BL17,BELLANCA 17 Viking,L1P,L
A4A736,N39941,PA32,PIPER PA-32,L1P,L
A4A836,N4CW,PTS1,PITTS S-1 Special,L1P,L
A4A936,N4PB,T35,TEMCO Buckaroo,L1P,L
A4B036,N4009B,CH7A,BELLANCA 7 Champion,L1P,L
A4B836,N403EM,BE9L,BEECH 90 King Air,L2T,L
A4BC36,N404HK,Q9,GENERAL ATOMICS MQ-9 Reaper,L1T,L
A4BF36,N405AB,BALL,,B0-,-
A4C036,N405LH,B407,BELL 407,H1T,L
A4C836,N407SD,B407,BELL 407,H1T,L
A4C936,N40710,R22,ROBINSON R-22 Mariner,H1P,L
A4CA36,N4079A,BE36,BEECH 36 Bonanza,L1P,L
A4D236,N41EL,GLF6,GULFSTREAM G650,L2J,M
A4D536,N410MC,BE9L,BEECH 90 King Air,L2T,L
A4DE36,N4122K,P32R,PIPER PA-32R-300/301/301T,L1P,L
A4DF36,N4129W,PA32,PIPER PA-32,L1P,L
A4E636,N4146R,P28A,PIPER PA-28-140/150/160/180,L1P,L
A4E936,N4151H,PA18,PIPER PA-18 Super Cub,L1P,L
A4ED36,N4163L,C172,CESSNA 172 Skyhawk,L1P,L
A4EE36,N417AW,CRJ2,BOMBARDIER Regional Jet CRJ-200,L2J,M
A4F136,N4175P,R44,ROBINSON R-44 Raven,H1P,L
A4F436,N4180F,B06,BELL 206 JetRanger,H1T,L
A4F536,N4187S,BE35,BEECH 35 Starfire Bonanza,L1P,L
A4FC36,N420GA,B407,BELL 407,H1T,L
A4FE36,N42013,COUR,HELIO Courier,L1P,L
A50936,N42301,CH20,ZENAIR CH-200 Zenith,L1P,L
A50C36,N424TT,BE20,BEECH 200 Super King Air,L2T,M
A50D36,N42424,C182,CESSNA 182 Skylane,L1P,L
A50E36,N425AD,C425,CESSNA 425 Corsair,L2T,L
A51236,N426DB,R44,ROBINSON R-44 Raven,H1P,L
A51336,N426PH,B407,BELL 407,H1T,L
A51536,N4267,RLU1,RLU Super Breezy,L1P,L
A51636,N427G,AC11,NORTH AMERICAN ROCKWELL Commander 112/114,L1P,L
A51836,N42712,C182,CESSNA 182 Skylane,L1P,L
A51C36,N42835,J3,PIPER J-3 Cub,L1P,L
A52036,N42958,C180,CESSNA  180 Skywagon,L1P,L
A52636,N4305S,M18,PZL-MIELEC M-18 Dromader,L1P,L
A52936,N4310J,P28R,PIPER PA-28R-180/200/201,L1P,L
A52D36,N4322M,PA12,PIPER PA-12 Super Cruiser,L1P,L
A52E36,N4329Y,PA23,PIPER PA-23,L2P,L
A53136,N4334Q,C172,CESSNA 172 Skyhawk,L1P,L
A53436,N434YX,E75L,EMBRAER ERJ-170-200 (long wing),L2J,M
A53836,N4351K,P32R,PIPER PA-32R-300/301/301T,L1P,L
A53936,N4358W,BE19,BEECH 19 Sport,L1P,L
A53C36,N4363N,C195,CESSNA 195,L1P,L
A53E36,N437MD,CH75,ZENAIR CH-750 Cruzer,L1P,L
A54036,N4375R,PA46,PIPER PA-46-310/350,L1P,L
A54336,N4380H,PA15,PIPER PA-15 Vagabond,L1P,L
A54436,N4387U,C150,CESSNA 150,L1P,L
A54636,N439T,BE35,BEECH 35 Starfire Bonanza,L1P,L
A54836,N4399X,P28A,PIPER PA-28-140/150/160/180,L1P,L
A54936,N44KS,SF34,SAAB 340,L2T,M
A54A36,N44VY,,,,
A54B36,N440GC,RV6,VANS RV-6,L1P,L
A54D36,N44015,P28A,PIPER PA-28-140/150/160/180,L1P,L
A55536,N4426A,PA22,PIPER PA-22,L1P,L
A55636,N443ER,C172,CESSNA 172 Skyhawk,L1P,L
A55736,N443QX,DH8D,DE HAVILLAND DHC-8-400 Dash 8,L2T,M
A55836,N44303,TAYB,TAYLORCRAFT BC/BF/BL,L1P,L
A55936,N4438D,P28R,PIPER PA-28R-180/200/201,L1P,L
A55A36,N444HP,P28R,PIPER PA-28R-180/200/201,L1P,L
A55B36,N444TV,B06,BELL 206 JetRanger,H1T,L
A55C36,N44426,P28A,PIPER PA-28-140/150/160/180,L1P,L
A55D36,N445AF,C72R,CESSNA 172R Cutlass RG,L1P,L
A55E36,N445LM,NG5,BRM AERO NG-5/6 Bristell,L1P,L
A55F36,N445WT,M20P,MOONEY M-20,L1P,L
A56736,N44714,P28A,PIPER PA-28-140/150/160/180,L1P,L
A56836,N4479E,CH7A,BELLANCA 7 Champion,L1P,L
A56936,N448K,FLE2,FLEET 2,L1P,L
A56B36,N44837,N3N,NAVAL AIRCRAFT FACTORY N3N,L1P,L
A57236,N450BA,BE23,BEECH 23 Sundowner,L1P,L
A57536,N4505U,C150,CESSNA 150,L1P,L
A57836,N4510L,BALL,,B0-,-
A58036,N4534S,BE36,BEECH 36 Bonanza,L1P,L
A58136,N454CM,C72R,CESSNA 172R Cutlass RG,L1P,L
A58436,N4546V,BE35,BEECH 35 Starfire Bonanza,L1P,L
A58736,N4551M,AT5T,AIR TRACTOR AT-504,L1T,L
A58A36,N456UP,B752,BOEING 757-200,L2J,M
A59236,N4580K,P210,CESSNA P210 Centurion,L1P,L
A59936,N46W,,,,
A59C36,N46017,C172,CESSNA 172 Skyhawk,L1P,L
A5A236,N462NA,T28,NORTH AMERICAN T-28,L1P,L
A5A836,N4638F,C206,CESSNA  206 Stationair,L1P,L
A5AF36,N4655A,C180,CESSNA  180 Skywagon,L1P,L
A5BC36,N469N,,,,
A5BF36,N47ES,LNCE,LANCAIR ES,L1P,L
A5C136,N470BC,C414,CESSNA 414 Chancellor,L2P,L
A5C236,N470MJ,RV8,VANS RV-8,L1P,L
A5C436,N4705W,AC11,NORTH AMERICAN ROCKWELL Commander 112/114,L1P,L
A5C536,N471EA,COY2,RANS Coyote 2,L1P,L
A5D036,N474CP,GA8,GIPPSAERO GA-8 Airvan,L1P,L
A5D536,N475RT,PA32,PIPER PA-32,L1P,L
A5D736,N47580,P28A,PIPER PA-28-140/150/160/180,L1P,L
A5DA36,N4763S,C182,CESSNA 182 Skylane,L1P,L
A5DC36,N477MH,RC70,ROCKWELL Commander 700/710,L2P,L
A5DD36,N477XP,C208,CESSNA 208 Caravan,L1T,L
A5E636,N47991,CORS,CHANCE VOUGHT F4U Corsair,L1P,M
A5E736,N48KW,C82R,CESSNA R182 Skylane RG,L1P,L
A5F536,N483RA,GLF4,GULFSTREAM 4,L2J,M
A5F636,N48307,,,,
A5FE36,N4855C,C185,CESSNA 185 Skywagon,L1P,L
A5FF36,N486DH,KR2,RAND KR-2,L1P,L
A60936,N4884A,PA18,PIPER PA-18 Super Cub,L1P,L
A60D36,N4896D,C182,CESSNA 182 Skylane,L1P,L
A60F36,N49R,BE20,BEECH 200 Super King Air,L2T,M
A61836,N492HA,B712,BOEING 717-200,L2J,M
A61A36,N4922T,P28R,PIPER PA-28R-180/200/201,L1P,L
A61E36,N4934W,AC11,NORTH AMERICAN ROCKWELL Commander 112/114,L1P,L
A62436,N495RV,RV8,VANS RV-8,L1P,L
A62936,N4963U,C210,CESSNA 201 Centurion,L1P,L
A63036,N4980P,PA23,PIPER PA-23,L2P,L
A63236,N499H,,,,
A63536,N49993,C152,CESSNA 152,L1P,L
A63636,N5KY,G164,GRUMMAN G-164 Ag-Cat,L1P,L
A63736,N5WD,PTS1,PITTS S-1 Special,L1P,L
A63836,N50GJ,LJ60,LEARJET 60,L2J,M
A63936,N50SQ,FA50,DASSAULT Falcon 50,L3J,M
A63A36,N500CV,H500,HUGHES 500,H1T,L
A64236,N502JR,AT5T,AIR TRACTOR AT-504,L1T,L
A64436,N5023Y,PA23,PIPER PA-23,L2P,L
A64536,N503BH,,,,
A64936,N504EF,H500,HUGHES 500,H1T,L
A64B36,N5040T,P28A,PIPER PA-28-140/150/160/180,L1P,L
A64C36,N50474,C150,CESSNA 150,L1P,L
A64F36,N5052W,BL8,BELLANCA 8 Decathlon,L1P,L
A65036,N50597,TAYD,TAYLORCRAFT DC/DF/DL,L1P,L
A65336,N5064Z,PA22,PIPER PA-22,L1P,L
A65736,N50762,C172,CESSNA 172 Skyhawk,L1P,L
A65A36,N5081U,C172,CESSNA 172 Skyhawk,L1P,L
A66936,N512DP,C82S,CESSNA T182 Turbo Skylane,L1P,L
A66A36,N512PV,J3,PIPER J-3 Cub,L1P,L
A66B36,N5120A,C172,CESSNA 172 Skyhawk,L1P,L
A66C36,N5127M,A660,THRUSH S-2R Turbo 660,L1T,L
A66E36,N513ST,COL3,CESSNA 350 Corvalis,L1P,L
A66F36,N5132D,ULAC,,L0-,-
A67036,N5139Q,C210,CESSNA 201 Centurion,L1P,L
A67436,N515CB,CH7A,BELLANCA 7 Champion,L1P,L
A67736,N5156K,NAVI,NORTH AMERICAN Navion,L1P,L
A67B36,N5168N,C182,CESSNA 182 Skylane,L1P,L
A67E36,N5173E,C180,CESSNA  180 Skywagon,L1P,L
A68336,N519DN,A359,AIRBUS A-350-900,L2J,H
A68636,N5197L,P28A,PIPER PA-28-140/150/160/180,L1P,L
A68936,N520CX,C750,CESSNA 750 Citation 10,L2J,M
A68A36,N520PC,GLST,GLASAIR SH-4 GlaStar,L1P,L
A68C36,N52065,C180,CESSNA  180 Skywagon,L1P,L
A69036,N52188,C172,CESSNA 172 Skyhawk,L1P,L
A69136,N522JT,HDJT,HONDA HondaJet,L2J,L
A69436,N523BK,FOX,KITFOX,L1P,L
A69B36,N52476,C77R,CESSNA 177RG Cardinal RG,L1P,L
A69C36,N525HF,C152,CESSNA 152,L1P,L
A69D36,N525TM,BE58,BEECH 58 Baron,L2P,L
A6A236,N52641,M20P,MOONEY M-20,L1P,L
A6A436,N527PB,PC12,PILATUS PC-12,L1T,L
A6A636,N52764,C182,CESSNA 182 Skylane,L1P,L
A6A836,N528S,BOLT,STEEN Skybolt,L1P,L
A6A936,N5281W,P28A,PIPER PA-28-140/150/160/180,L1P,L
A6AB36,N529JS,RV8,VANS RV-8,L1P,L
A6B136,N530JA,NPOR,REDFERN Nieuport 24,L1P,L
A6B336,N5303H,BALL,,B0-,-
A6B436,N531AT,R44,ROBINSON R-44 Raven,H1P,L
A6B736,N5315L,P28A,PIPER PA-28-140/150/160/180,L1P,L
A6B836,N532DR,P32R,PIPER PA-32R-300/301/301T,L1P,L
A6BA36,N5320C,C310,CESSNA 310,L2P,L
A6BB36,N5327P,PA24,PIPER PA-24 Comanche,L1P,L
A6BF36,N5339S,P28A,PIPER PA-28-140/150/160/180,L1P,L
A6C236,N5344J,,,,
A6C336,N535CD,PRM1,RAYTHEON 390 Premier 1,L2J,L
A6C436,N535NK,A319,AIRBUS A-319,L2J,M
A6C936,N5361D,C180,CESSNA  180 Skywagon,L1P,L
A6CA36,N5368Q,C150,CESSNA 150,L1P,L
A6CE36,N538AS,B738,BOEING 737-800,L2J,M
A6D836,N540CZ,COZY,CO-Z Cozy,L1P,L
A6DB36,N54067,C172,CESSNA 172 Skyhawk,L1P,L
A6DC36,N541FX,CL30,BOMBARDIER BD-100 Challenger 300,L2J,M
A6DD36,N541SC,BE30,BEECH 300 Super King Air,L2T,L
A6E036,N542JV,RV4,VANS RV-4,L1P,L
A6E436,N543MT,B407,BELL 407,H1T,L
A6E636,N54355,C172,CESSNA 172 Skyhawk,L1P,L
A6EE36,N546A,C72R,CESSNA 172R Cutlass RG,L1P,L
A6EF36,N546LF,A119,AGUSTA AW-119 Koala,H1T,L
A6F036,N546WM,RV6,VANS RV-6,L1P,L
A6F536,N54766,ST75,STEARMAN Kaydet,L1P,L
A6FB36,N549V,HIGH,JUST JA20 Highlander,L1P,L
A6FD36,N55BL,B06,BELL 206 JetRanger,H1T,L
A70336,N551AV,GLF5,GULFSTREAM 5,L2J,M
A70436,N551MA,TBM7,SOCATA TBM-700A/B/C,L1T,L
A70636,N5515N,C82R,CESSNA R182 Skylane RG,L1P,L
A70836,N552PZ,PZ3T,PZL-OKECIE PZL-130 Orlik,L1T,L
A70936,N5520E,C150,CESSNA 150,L1P,L
A70A36,N5527R,C172,CESSNA 172 Skyhawk,L1P,L
A70B36,N553GR,F2TH,DASSAULT Falcon 2000,L2J,M
A70C36,N553SX,A319,AIRBUS A-319,L2J,M
A70D36,N5532H,PA11,PIPER PA-11 Cub Special,L1P,L
A70E36,N5539U,P28A,PIPER PA-28-140/150/160/180,L1P,L
A71136,N5544L,C152,CESSNA 152,L1P,L
A71236,N555CF,GLID,,L0-,-
A71436,N555YT,C82R,CESSNA R182 Skylane RG,L1P,L
A71536,N5556P,PA24,PIPER PA-24 Comanche,L1P,L
A71A36,N557JB,RV6,VANS RV-6,L1P,L
A71C36,N5573J,PARA,,P0-,-
A71E36,N558M,M20P,MOONEY M-20,L1P,L
A72136,N559DS,DA40,DIAMOND DA-40 Club Star,L1P,L
A72636,N56SW,GLST,GLASAIR SH-4 GlaStar,L1P,L
A72736,N560DA,C56X,CESSNA 560XL Citation XLS,L2J,M
A72836,N560PG,C56X,CESSNA 560XL Citation XLS,L2J,M
A73636,N564EM,MRF1,DASSAULT Mirage F1,L1J,M
A73D36,N566AB,JAB4,JABIRU J200-450,L1P,L
A74136,N567D,P210,CESSNA P210 Centurion,L1P,L
A74236,N567PF,S22T,CIRRUS SR-22T Turbo,L1P,L
A74836,N5689A,C172,CESSNA 172 Skyhawk,L1P,L
A74E36,N57Y,DG40,DG FLUGZEUGBAU DG-400,L1P,L
A75336,N571MC,C82T,CESSNA TR182 Turbo Skylane RG,L1P,L
A75C36,N5732K,BE35,BEECH 35 Starfire Bonanza,L1P,L
A75D36,N5739W,P28A,PIPER PA-28-140/150/160/180,L1P,L
A75E36,N574KR,PA22,PIPER PA-22,L1P,L
A76436,N5756R,C172,CESSNA 172 Skyhawk,L1P,L
A76F36,N5785P,PA24,PIPER PA-24 Comanche,L1P,L
A77236,N5790F,P28A,PIPER PA-28-140/150/160/180,L1P,L
A77436,N58GS,C82R,CESSNA R182 Skylane RG,L1P,L
A77636,N580DC,ULAC,,L0-,-
A77D36,N5819D,PA22,PIPER PA-22,L1P,L
A78436,N58359,H269,HUGHES Sky Knight,H1P,L
A78836,N5848B,C182,CESSNA 182 Skylane,L1P,L
A78C36,N586AD,DRON,,D0-,-
A78F36,N58647,C180,CESSNA  180 Skywagon,L1P,L
A79436,N588G,GLF5,GULFSTREAM 5,L2J,M
A79636,N58812,C182,CESSNA 182 Skylane,L1P,L
A79736,N5889C,BE35,BEECH 35 Starfire Bonanza,L1P,L
A79A36,N58935,C182,CESSNA 182 Skylane,L1P,L
A79E36,N590JG,COL3,CESSNA 350 Corvalis,L1P,L
A7A036,N5903P,PA24,PIPER PA-24 Comanche,L1P,L
A7A336,N591XL,XL2,LIBERTY XL-2,L1P,L
A7A436,N5915S,BE35,BEECH 35 Starfire Bonanza,L1P,L
A7A836,N5927V,,,,
A7AA36,N593TA,CRUZ,CSA PS-28 Cruiser,L1P,L
A7AE36,N594VZ,ULAC,,L0-,-
A7B336,N5956T,C150,CESSNA 150,L1P,L
A7B736,N5968W,P28A,PIPER PA-28-140/150/160/180,L1P,L
A7B836,N597JF,P28A,PIPER PA-28-140/150/160/180,L1P,L
A7C336,N6GU,C680,CESSNA 680 Citation Sovereign,L2J,M
A7C536,N60DE,,,,
A7C636,N60PL,PA32,PIPER PA-32,L1P,L
A7CB36,N601CP,CH60,ZENAIR CH-600 Zodiac,L1P,L
A7CD36,N601ZA,CH60,ZENAIR CH-600 Zodiac,L1P,L
A7CE36,N6016X,M20P,MOONEY M-20,L1P,L
A7D136,N6021P,BE24,BEECH 24 Sierra,L1P,L
A7D536,N6033S,C172,CESSNA 172 Skyhawk,L1P,L
A7D636,N604BB,CL60,BOMBARDIER CL-600 Challenger,L2J,M
A7D736,N604MH,CL60,BOMBARDIER CL-600 Challenger,L2J,M
A7D936,N6045V,CH7A,BELLANCA 7 Champion,L1P,L
A7DC36,N6050M,BE36,BEECH 36 Bonanza,L1P,L
A7DF36,N606TD,GLEX,BOMBARDIER BD-700 Global 6000/6500,L2J,M
A7E236,N607KW,P32R,PIPER PA-32R-300/301/301T,L1P,L
A7E436,N6074T,C150,CESSNA 150,L1P,L
A7E836,N6086W,P28A,PIPER PA-28-140/150/160/180,L1P,L
A7EA36,N609RS,COL4,CESSNA 400 Corvalis TT,L1P,L
A7ED36,N61JJ,GLID,,L0-,-
A7F136,N61007,BALL,,B0-,-
A7F236,N6108H,J3,PIPER J-3 Cub,L1P,L
A7F536,N6113,RV7,VANS RV-7,L1P,L
A7FD36,N6137F,C210,CESSNA 201 Centurion,L1P,L
A80036,N61418,KR2,RAND KR-2,L1P,L
A80136,N6149J,P28A,PIPER PA-28-140/150/160/180,L1P,L
A80836,N6166D,PA22,PIPER PA-22,L1P,L
A81036,N619AJ,P28A,PIPER PA-28-140/150/160/180,L1P,L
A81336,N6195B,T210,CESSNA T210 Turbo Centurion,L1P,L
A81436,N62DG,AEST,AEROSTAR 600,L2P,L
A81836,N620WE,BE9L,BEECH 90 King Air,L2T,L
A81936,N6204W,P28A,PIPER PA-28-140/150/160/180,L1P,L
A81C36,N621ZC,DA42,DIAMOND DA-42 Guardian,L2P,L
A82536,N624BD,,,,
A82836,N6245X,C82T,CESSNA TR182 Turbo Skylane RG,L1P,L
A82D36,N626H,BE95,BEECH 95 Travel Air,L2P,L
A82E36,N626TF,RV12,VANS RV-12,L1P,L
A82F36,N6262S,C150,CESSNA 150,L1P,L
A83036,N62693,ULAC,,L0-,-
A83336,N6274V,C72R,CESSNA 172R Cutlass RG,L1P,L
A83C36,N63JL,BE55,BEECH 55 Baron,L2P,L
A84436,N6313B,C182,CESSNA 182 Skylane,L1P,L
A84536,N632AM,,,,
A84836,N6325E,C185,CESSNA 185 Skywagon,L1P,L
A84C36,N6337H,J3,PIPER J-3 Cub,L1P,L
A85036,N6349L,,,,
A85536,N636ND,P28A,PIPER PA-28-140/150/160/180,L1P,L
A85736,N6366F,C172,CESSNA 172 Skyhawk,L1P,L
A85B36,N6378J,P28A,PIPER PA-28-140/150/160/180,L1P,L
A85E36,N6383A,C182,CESSNA 182 Skylane,L1P,L
A86036,N639LS,CH65,ZENAIR CH-650 Zodiac,L1P,L
A86236,N6395D,C172,CESSNA 172 Skyhawk,L1P,L
A86336,N64DJ,BL8,BELLANCA 8 Decathlon,L1P,L
A86836,N6404Y,PA23,PIPER PA-23,L2P,L
A86C36,N64161,C172,CESSNA 172 Skyhawk,L1P,L
A86F36,N6421T,C150,CESSNA 150,L1P,L
A87336,N6433W,P28A,PIPER PA-28-140/150/160/180,L1P,L
A87836,N645ED,PA11,PIPER PA-11 Cub Special,L1P,L
A87A36,N6450R,P28A,PIPER PA-28-140/150/160/180,L1P,L
A87E36,N6462U,M20P,MOONEY M-20,L1P,L
A88236,N6474X,C180,CESSNA  180 Skywagon,L1P,L
A88836,N649RW,E170,EMBRAER ERJ-170-100,L2J,M
A88E36,N650RE,,,,
A89036,N6508M,S108,STINSON 108 Voyager,L1P,L
A89336,N6513D,C172,CESSNA 172 Skyhawk,L1P,L
A8A336,N656C,NAVI,NORTH AMERICAN Navion,L1P,L
A8A936,N6571,G164,GRUMMAN G-164 Ag-Cat,L1P,L
A8B136,N6595F,C150,CESSNA 150,L1P,L
A8B236,N66DL,DHC1,DE HAVILLAND DHC-1 Chipmunk,L1P,L
A8B336,N66PS,PTS1,PITTS S-1 Special,L1P,L
A8B736,N66040,C180,CESSNA  180 Skywagon,L1P,L
A8B836,N661CV,SF50,CIRRUS SF-50 Vision,L1J,L
A8B936,N661PA,R66,ROBINSON R-66,H1T,L
A8BD36,N662RZ,DRON,,D0-,-
A8C436,N664MP,R66,ROBINSON R-66,H1T,L
A8C936,N6650T,C150,CESSNA 150,L1P,L
A8CA36,N66574,C150,CESSNA 150,L1P,L
A8CB36,N666HD,GLF6,GULFSTREAM G650,L2J,M
A8CD36,N6662W,CH70,ZENAIR CH-701 Stol,L1P,L
A8CF36,N667LB,P28A,PIPER PA-28-140/150/160/180,L1P,L
A8D836,N6691U,M20P,MOONEY M-20,L1P,L
A8D936,N66985,J3,PIPER J-3 Cub,L1P,L
A8DF36,N6708P,PA24,PIPER PA-24 Comanche,L1P,L
A8E236,N6713F,BE24,BEECH 24 Sierra,L1P,L
A8E336,N672AR,PC12,PILATUS PC-12,L1T,L
A8F236,N676CB,C172,CESSNA 172 Skyhawk,L1P,L
A8F636,N677F,GLF5,GULFSTREAM 5,L2J,M
A8F936,N6778N,BE36,BEECH 36 Bonanza,L1P,L
A90036,N6795H,J3,PIPER J-3 Cub,L1P,L
A90836,N681PC,,,,
A90A36,N68165,C152,CESSNA 152,L1P,L
A90D36,N6821X,C172,CESSNA 172 Skyhawk,L1P,L
A90E36,N68288,C152,CESSNA 152,L1P,L
A91536,N68453,B739,BOEING 737-900,L2J,M
A91836,N6850V,M20P,MOONEY M-20,L1P,L
A91936,N68576,CH7B,BELLANCA 7 Citabria,L1P,L
A92836,N68987,ST75,STEARMAN Kaydet,L1P,L
A92C36,N690RJ,AC90,NORTH AMERICAN ROCKWELL Turbo Commander 690/840,L2T,L
A92D36,N6901E,C175,CESSNA 175 Skylark,L1P,L
A93836,N6930C,BT36,BEECH B36TC Bonanza,L1P,L
A93B36,N694SV,AT5T,AIR TRACTOR AT-504,L1T,L
A93C36,N6942F,C185,CESSNA 185 Skywagon,L1P,L
A94036,N6954J,P32R,PIPER PA-32R-300/301/301T,L1P,L
A94236,N696NK,A320,AIRBUS A-320,L2J,M
A94436,N6966M,S108,STINSON 108 Voyager,L1P,L
A94736,N6971D,PA18,PIPER PA-18 Super Cub,L1P,L
A94936,N698J,JAB4,JABIRU J200-450,L1P,L
A94B36,N6983G,C150,CESSNA 150,L1P,L
A94F36,N6995K,PA20,PIPER PA-20 Pacer,L1P,L
A95036,N7DQ,B06,BELL 206 JetRanger,H1T,L
A95136,N7PW,CL30,BOMBARDIER BD-100 Challenger 300,L2J,M
A95336,N70LG,PA11,PIPER PA-11 Cub Special,L1P,L
A95536,N700GT,TBM7,SOCATA TBM-700A/B/C,L1T,L
A95636,N700SZ,TBM7,SOCATA TBM-700A/B/C,L1T,L
A95736,N7002K,PA20,PIPER PA-20 Pacer,L1P,L
A95836,N7009W,RV6,VANS RV-6,L1P,L
A95A36,N701VX,CH70,ZENAIR CH-701 Stol,L1P,L
A95B36,N7014N,,,,
A95F36,N7026R,P28A,PIPER PA-28-140/150/160/180,L1P,L
A96136,N703RM,BE20,BEECH 200 Super King Air,L2T,M
A96336,N7038U,T28,NORTH AMERICAN T-28,L1P,L
A96736,N705AW,T6,NORTH AMERICAN T-6 Texan,L1P,L
A96A36,N7055P,PA24,PIPER PA-24 Comanche,L1P,L
A96C36,N706Q,RV8,VANS RV-8,L1P,L
A96E36,N7067S,BE65,BEECH 65 Queen Air,L2P,L
A96F36,N707GS,C152,CESSNA 152,L1P,L
A97136,N7072J,,,,
A97236,N7079V,M20P,MOONEY M-20,L1P,L
A97536,N7084M,C175,CESSNA 175 Skylark,L1P,L
A97636,N709CG,A119,AGUSTA AW-119 Koala,H1T,L
A97A36,N71FE,EA50,ECLIPSE 550,L2J,L
A97B36,N71RL,P32R,PIPER PA-32R-300/301/301T,L1P,L
A98236,N71101,L8,LUSCOMBE 8,L1P,L
A98536,N712TT,C172,CESSNA 172 Skyhawk,L1P,L
A98736,N713AD,C182,CESSNA 182 Skylane,L1P,L
A98A36,N71347,BE65,BEECH 65 Queen Air,L2P,L
A98B36,N714DB,BT36,BEECH B36TC Bonanza,L1P,L
A98C36,N714PH,C150,CESSNA 150,L1P,L
A98D36,N714ZP,C152,CESSNA 152,L1P,L
A98F36,N715G,C72R,CESSNA 172R Cutlass RG,L1P,L
A99136,N71512,L8,LUSCOMBE 8,L1P,L
A99C36,N71800,L8,LUSCOMBE 8,L1P,L
A99F36,N719TS,S22T,CIRRUS SR-22T Turbo,L1P,L
A9A036,N71923,L8,LUSCOMBE 8,L1P,L
A9A136,N72AC,C25A,CESSNA 525A Citation CJ2,L2J,L
A9A736,N7209Y,PA30,PIPER PA-30 Twin Comanche,L2P,L
A9AB36,N722CK,B722,BOEING 727-200,L3J,M
A9AD36,N722YX,E75L,EMBRAER ERJ-170-200 (long wing),L2J,M
A9AE36,N7226T,C172,CESSNA 172 Skyhawk,L1P,L
A9AF36,N723FH,P51,NORTH AMERICAN P-51 Mustang,L1P,L
A9B136,N7231K,PA18,PIPER PA-18 Super Cub,L1P,L
A9B236,N7238W,P28A,PIPER PA-28-140/150/160/180,L1P,L
A9B336,N724JF,MT,ROTORSPORT MTOSport,G1P,L
A9B536,N7243N,C140,CESSNA 140,L1P,L
A9B736,N725MD,,,,
A9B936,N7255R,BE58,BEECH 58 Baron,L2P,L
A9BA36,N726DW,LEG2,LANCAIR Legacy,L1P,L
A9BC36,N7260H,C82S,CESSNA T182 Turbo Skylane,L1P,L
A9BF36,N727T,BE95,BEECH 95 Travel Air,L2P,L
A9C536,N729CJ,,,,
A9CE36,N7306A,C172,CESSNA 172 Skyhawk,L1P,L
A9D136,N73103,C172,CESSNA 172 Skyhawk,L1P,L
A9D236,N7318D,PA22,PIPER PA-22,L1P,L
A9D736,N733LM,C172,CESSNA 172 Skyhawk,L1P,L
A9D836,N733WT,C172,CESSNA 172 Skyhawk,L1P,L
A9DA36,N734DD,RV12,VANS RV-12,L1P,L
A9DB36,N734PK,C172,CESSNA 172 Skyhawk,L1P,L
A9DE36,N735GB,C182,CESSNA 182 Skylane,L1P,L
A9DF36,N735SH,AS50,AEROSPATIALE AS-350 Ecureuil,H1T,L
A9E136,N7359E,C82R,CESSNA R182 Skylane RG,L1P,L
A9E236,N736K,LJ45,LEARJET 45,L2J,M
A9E336,N736VF,C182,CESSNA 182 Skylane,L1P,L
A9E536,N737BS,SR20,CIRRUS SR-20,L1P,L
A9E636,N737MY,C172,CESSNA 172 Skyhawk,L1P,L
A9E936,N738EQ,C82R,CESSNA R182 Skylane RG,L1P,L
A9EB36,N73802,SKYR,REARWIN Skyranger,L1P,L
A9EE36,N739TU,C172,CESSNA 172 Skyhawk,L1P,L
A9F136,N74LL,C500,CESSNA 500 Citation 1,L2J,L
A9F236,N74WS,PA11,PIPER PA-11 Cub Special,L1P,L
A9F436,N740TC,BALL,,B0-,-
A9F636,N74090,AA5,AMERICAN AA-5 Tiger,L1P,L
AA0836,N7455T,C172,CESSNA 172 Skyhawk,L1P,L
AA0C36,N7467W,P28A,PIPER PA-28-140/150/160/180,L1P,L
AA1236,N748W,C56X,CESSNA 560XL Citation XLS,L2J,M
AA1B36,N750NA,C750,CESSNA 750 Citation 10,L2J,M
AA2036,N75105,H269,HUGHES Sky Knight,H1P,L
AA2136,N7518F,CH7B,BELLANCA 7 Citabria,L1P,L
AA2C36,N7547D,PA22,PIPER PA-22,L1P,L
AA2E36,N755SK,CRJ7,BOMBARDIER Regional Jet CRJ-700,L2J,M
AA2F36,N75516,C172,CESSNA 172 Skyhawk,L1P,L
AA3036,N7559G,C172,CESSNA 172 Skyhawk,L1P,L
AA3236,N756VH,C82R,CESSNA R182 Skylane RG,L1P,L
AA3336,N75639,ST75,STEARMAN Kaydet,L1P,L
AA3536,N757N,GLID,,L0-,-
AA3736,N7576B,CH7A,BELLANCA 7 Champion,L1P,L
AA3836,N758ES,C172,CESSNA 172 Skyhawk,L1P,L
AA3936,N758QY,C172,CESSNA 172 Skyhawk,L1P,L
AA3A36,N75804,ST75,STEARMAN Kaydet,L1P,L
AA3B36,N7588E,PA18,PIPER PA-18 Super Cub,L1P,L
AA3C36,N759HQ,C182,CESSNA 182 Skylane,L1P,L
AA3F36,N76AG,C188,CESSNA 188 AgTruck,L1P,L
AA4536,N76092,C140,CESSNA 140,L1P,L
AA4936,N762CP,C172,CESSNA 172 Skyhawk,L1P,L
AA5036,N76380,C140,CESSNA 140,L1P,L
AA5536,N765MH,S76,SIKORSKY S-76 Spirit,H2T,L
AA6636,N7696W,P28A,PIPER PA-28-140/150/160/180,L1P,L
AA6D36,N771EV,RV7,VANS RV-7,L1P,L
AA7336,N7723,,,,
AA7B36,N7747F,SREY,PROGRESSIVE AERODYNE SeaRey,A1P,L
AA7C36,N775GF,BALL,,B0-,-
AA7D36,N775SM,BE30,BEECH 300 Super King Air,L2T,L
AA7E36,N77518,B738,BOEING 737-800,L2J,M
AA8336,N777BW,C310,CESSNA 310,L2P,L
AA8536,N777YH,DA40,DIAMOND DA-40 Club Star,L1P,L
AA8636,N7776D,PA18,PIPER PA-18 Super Cub,L1P,L
AA8936,N77806,L8,LUSCOMBE 8,L1P,L
AA8D36,N77929,L8,LUSCOMBE 8,L1P,L
AA8E36,N78AJ,PA18,PIPER PA-18 Super Cub,L1P,L
AA9136,N780HA,B789,BOEING 787-9 Dreamliner,L2J,H
AA9D36,N783RV,RV7,VANS RV-7,L1P,L
AAA236,N7843U,C172,CESSNA 172 Skyhawk,L1P,L
AAA636,N7855X,C172,CESSNA 172 Skyhawk,L1P,L
AAA936,N7860P,PA24,PIPER PA-24 Comanche,L1P,L
AAAB36,N787H,,,,
AAB736,N79RU,YK50,YAKOVLEV Yak-50,L1P,L
AABE36,N79109,FA62,FAIRCHILD M-26 Cornell,L1P,L
AABF36,N7918K,BE35,BEECH 35 Starfire Bonanza,L1P,L
AAC136,N792UA,B772,BOEING 777-200,L2J,H
AAC236,N7923B,C172,CESSNA 172 Skyhawk,L1P,L
AAC336,N793AM,AS50,AEROSPATIALE AS-350 Ecureuil,H1T,L
AAC636,N7935E,C150,CESSNA 150,L1P,L
AACC36,N795SP,GLF5,GULFSTREAM 5,L2J,M
AACD36,N7952,G164,GRUMMAN G-164 Ag-Cat,L1P,L
AAD336,N797ND,PA44,PIPER PA-44 Seminole,L2P,L
AAD836,N79808,M20P,MOONEY M-20,L1P,L
AADD36,N8AL,GLF6,GULFSTREAM G650,L2J,M
AADF36,N8WY,COL3,CESSNA 350 Corvalis,L1P,L
AAE136,N80TJ,,,,
AAE236,N800DP,M20P,MOONEY M-20,L1P,L
AAE336,N800PV,T206,CESSNA T206 Turbo Stationair,L1P,L
AAE436,N8000A,C170,CESSNA 170,L1P,L
AAEA36,N802KK,AT8T,AIR TRACTOR AT-802,L1T,M
AAEC36,N8024G,C77R,CESSNA 177RG Cardinal RG,L1P,L
AAED36,N803CB,ULAC,,L0-,-
AAEE36,N803NH,BE36,BEECH 36 Bonanza,L1P,L
AAF336,N8041B,P32R,PIPER PA-32R-300/301/301T,L1P,L
AAF736,N8053E,ULAC,,L0-,-
AAF936,N806LW,BE20,BEECH 200 Super King Air,L2T,M
AAFB36,N8065H,RLU1,RLU Super Breezy,L1P,L
AAFC36,N807DN,B739,BOEING 737-900,L2J,M
AAFE36,N8070,M5,MAULE M-5,L1P,L
AB0036,N808GL,SR22,CIRRUS SR-22,L1P,L
AB0136,N808SS,,,,
AB0236,N8082C,PA18,PIPER PA-18 Super Cub,L1P,L
AB0336,N8089P,PA24,PIPER PA-24 Comanche,L1P,L
AB0736,N81CA,TOBA,SOCATA Tobago,L1P,L
AB0836,N81NG,PC12,PILATUS PC-12,L1T,L
AB0C36,N81030,C140,CESSNA 140,L1P,L
AB0F36,N811XX,PA11,PIPER PA-11 Cub Special,L1P,L
AB1036,N81153,FNKB,FUNK B,L1P,L
AB1436,N81276,FA24,FAIRCHILD F-24 Argus,L1P,L
AB1736,N8132Y,PA30,PIPER PA-30 Twin Comanche,L2P,L
AB1836,N81399,J3,PIPER J-3 Cub,L1P,L
AB1B36,N81441,P28A,PIPER PA-28-140/150/160/180,L1P,L
AB1C36,N815CW,SR22,CIRRUS SR-22,L1P,L
AB1D36,N815PB,CH7A,BELLANCA 7 Champion,L1P,L
AB2136,N816S,GLID,,L0-,-
AB2236,N8161W,P28A,PIPER PA-28-140/150/160/180,L1P,L
AB2436,N817JS,NIMB,SCHEMPP-HIRTH Nimbus,L1P,L
AB2A36,N81852,,,,
AB2E36,N81975,CH7A,BELLANCA 7 Champion,L1P,L
AB2F36,N82HE,C56X,CESSNA 560XL Citation XLS,L2J,M
AB3036,N82TL,C182,CESSNA 182 Skylane,L1P,L
AB3436,N8207P,PA24,PIPER PA-24 Comanche,L1P,L
AB3A36,N822VT,S22T,CIRRUS SR-22T Turbo,L1P,L
AB3B36,N8224J,BE33,BEECH 33 Bonanza,L1P,L
AB3C36,N823CD,SR22,CIRRUS SR-22,L1P,L
AB3F36,N8236M,C182,CESSNA 182 Skylane,L1P,L
AB4236,N8241D,BE35,BEECH 35 Starfire Bonanza,L1P,L
AB4336,N8248Q,P32R,PIPER PA-32R-300/301/301T,L1P,L
AB4436,N825J,MIMU,BUSHBY Midget Mustang,L1P,L
AB5136,N8282E,BALL,,B0-,-
AB5236,N8289R,BL17,BELLANCA 17 Viking,L1P,L
AB5536,N8294H,,,,
AB5636,N83CC,S22T,CIRRUS SR-22T Turbo,L1P,L
AB5B36,N83032,CH7A,BELLANCA 7 Champion,L1P,L
AB5C36,N831BM,C414,CESSNA 414 Chancellor,L2P,L
AB5D36,N831MT,G280,GULFSTREAM G280,L2J,M
AB6236,N8320X,C172,CESSNA 172 Skyhawk,L1P,L
AB6336,N83278,PA18,PIPER PA-18 Super Cub,L1P,L
AB6636,N83320,CH7A,BELLANCA 7 Champion,L1P,L
AB6A36,N83443,PA18,PIPER PA-18 Super Cub,L1P,L
AB6E36,N83566,PA18,PIPER PA-18 Super Cub,L1P,L
AB7036,N836SB,AS50,AEROSPATIALE AS-350 Ecureuil,H1T,L
AB7436,N837V,WACO,WACO E/O,L1P,L
AB7936,N83854,CH7A,BELLANCA 7 Champion,L1P,L
AB7C36,N8390W,P28A,PIPER PA-28-140/150/160/180,L1P,L
AB7D36,N83977,CH7A,BELLANCA 7 Champion,L1P,L
AB8236,N8400E,FA50,DASSAULT Falcon 50,L3J,M
AB8336,N8407R,PA34,PIPER PA-34 Seneca,L2P,L
AB8836,N842KP,C172,CESSNA 172 Skyhawk,L1P,L
AB8936,N842VV,S22T,CIRRUS SR-22T Turbo,L1P,L
AB8A36,N8424L,C172,CESSNA 172 Skyhawk,L1P,L
AB8D36,N843YT,T210,CESSNA T210 Turbo Centurion,L1P,L
AB8F36,N844FD,B77L,BOEING 777-200LR,L2J,H
AB9336,N845JB,BE33,BEECH 33 Bonanza,L1P,L
AB9636,N846AU,B763,BOEING 767-300,L2J,H
AB9736,N846M,B47G,BELL 47G,H1P,L
AB9C36,N8470D,PA18,PIPER PA-18 Super Cub,L1P,L
AB9D36,N8477Q,T206,CESSNA T206 Turbo Stationair,L1P,L
ABA136,N8489T,C182,CESSNA 182 Skylane,L1P,L
ABA436,N8494K,G164,GRUMMAN G-164 Ag-Cat,L1P,L
ABA536,N85CE,GLAS,Glasair,L1P,L
ABB136,N8520Z,AT8T,AIR TRACTOR AT-802,L1T,M
ABB236,N8528,BL8,BELLANCA 8 Decathlon,L1P,L
ABB336,N853HK,E145,EMBRAER ERJ-145,L2J,M
ABBA36,N855D,BE55,BEECH 55 Baron,L2P,L
ABBD36,N85568,CH7A,BELLANCA 7 Champion,L1P,L
ABC236,N857JW,M20P,MOONEY M-20,L1P,L
ABC836,N85856,AR11,AERONCA 11 Chief,L1P,L
ABCB36,N8590Y,PA30,PIPER PA-30 Twin Comanche,L2P,L
ABCD36,N86HJ,C180,CESSNA  180 Skywagon,L1P,L
ABD136,N8600G,C150,CESSNA 150,L1P,L
ABD236,N8607T,C182,CESSNA 182 Skylane,L1P,L
ABD336,N861GT,B748,BOEING 747-8,L4J,H
ABD536,N8612K,B738,BOEING 737-800,L2J,M
ABDD36,N8636R,GLID,,L0-,-
ABDE36,N864FF,DRON,,D0-,-
ABE636,N866MB,AS50,AEROSPATIALE AS-350 Ecureuil,H1T,L
ABE836,N8665P,PA24,PIPER PA-24 Comanche,L1P,L
ABEC36,N8677S,C150,CESSNA 150,L1P,L
ABF036,N8689V,CH7B,BELLANCA 7 Citabria,L1P,L
ABF436,N87CG,C402,CESSNA 402 Businessliner,L2P,L
ABF936,N87036,CH7B,BELLANCA 7 Citabria,L1P,L
ABFA36,N871BR,DA40,DIAMOND DA-40 Club Star,L1P,L
AC0036,N87201,ERCO,AIR PRODUCTS F-1 Aircoupe,L1P,L
AC0936,N875DB,BE58,BEECH 58 Baron,L2P,L
AC0D36,N876G,C650,CESSNA 650 Citation,L2J,M
AC0E36,N876SF,LJ60,LEARJET 60,L2J,M
AC0F36,N87612,,,,
AC1A36,N87900,J3,PIPER J-3 Cub,L1P,L
AC1C36,N88HL,C82S,CESSNA T182 Turbo Skylane,L1P,L
AC1D36,N88TS,BE36,BEECH 36 Bonanza,L1P,L
AC2036,N8800J,P28A,PIPER PA-28-140/150/160/180,L1P,L
AC2136,N8807V,BL17,BELLANCA 17 Viking,L1P,L
AC2336,N881TA,P28A,PIPER PA-28-140/150/160/180,L1P,L
AC2436,N8812M,BE35,BEECH 35 Starfire Bonanza,L1P,L
AC2836,N8824Q,B38M,BOEING 737 MAX 8,L2J,M
AC2C36,N8836T,GLST,GLASAIR SH-4 GlaStar,L1P,L
AC2F36,N8841K,S108,STINSON 108 Voyager,L1P,L
AC3036,N8848W,P28B,PIPER PA-28-201T/235/236,L1P,L
AC3136,N885JF,C25B,CESSNA 525B Citation CJ3,L2J,L
AC3336,N8853N,P28A,PIPER PA-28-140/150/160/180,L1P,L
AC3A36,N8870H,NAVI,NORTH AMERICAN Navion,L1P,L
AC3B36,N8877U,C172,CESSNA 172 Skyhawk,L1P,L
AC3D36,N888T,C310,CESSNA 310,L2P,L
AC3E36,N8882L,AA1,AMERICAN AA-1,L1P,L
AC4236,N8894P,PA24,PIPER PA-24 Comanche,L1P,L
AC4836,N89038,C152,CESSNA 152,L1P,L
AC4D36,N892ER,C172,CESSNA 172 Skyhawk,L1P,L
AC5436,N894AF,PC12,PILATUS PC-12,L1T,L
AC6936,N89902,C140,CESSNA 140,L1P,L
AC6C36,N9TU,S05F,SIAI-MARCHETTI S-205-20F,L1P,L
AC6F36,N900AK,AEST,AEROSTAR 600,L2P,L
AC7036,N900LR,,,,
AC7236,N9005C,C180,CESSNA  180 Skywagon,L1P,L
AC7836,N902SM,PC12,PILATUS PC-12,L1T,L
AC7936,N90218,BALL,,B0-,-
AC7E36,N904BW,H25B,HAWKER BEECHCRAFT Hawker 750/850,L2J,M
AC7F36,N904NB,F900,DASSAULT Falcon 900,L3J,M
AC8536,N9058G,PA18,PIPER PA-18 Super Cub,L1P,L
AC8C36,N9075B,CH7A,BELLANCA 7 Champion,L1P,L
AC8D36,N908DG,CL60,BOMBARDIER CL-600 Challenger,L2J,M
AC8F36,N908ZU,SR22,CIRRUS SR-22,L1P,L
AC9536,N91KC,PC12,PILATUS PC-12,L1T,L
AC9636,N91VJ,MAGN,AVID Magnum,L1P,L
AC9936,N9101R,C172,CESSNA 172 Skyhawk,L1P,L
AC9A36,N91082,BALL,,B0-,-
AC9B36,N911JM,UH1,BELL UH-1 Huey,H1T,L
AC9C36,N911UT,BE95,BEECH 95 Travel Air,L2P,L
AC9D36,N9113U,,,,
ACA436,N9130P,PA24,PIPER PA-24 Comanche,L1P,L
ACA636,N914H,RV6,VANS RV-6,L1P,L
ACA736,N914TF,FOX,KITFOX,L1P,L
ACAB36,N915WD,CH60,ZENAIR CH-600 Zodiac,L1P,L
ACB336,N9171Q,BE35,BEECH 35 Starfire Bonanza,L1P,L
ACB436,N91781,NAVI,NORTH AMERICAN Navion,L1P,L
ACB536,N918JL,H25B,HAWKER BEECHCRAFT Hawker 750/850,L2J,M
ACB636,N918US,A321,AIRBUS A-321,L2J,M
ACB736,N9183T,C180,CESSNA  180 Skywagon,L1P,L
ACBB36,N9195W,P28B,PIPER PA-28-201T/235/236,L1P,L
ACBC36,N92EA,CRJ2,BOMBARDIER Regional Jet CRJ-200,L2J,M
ACBE36,N920AM,S22T,CIRRUS SR-22T Turbo,L1P,L
ACC036,N920WZ,FDCT,FLIGHT DESIGN CT,L1P,L
ACC136,N9205E,M5,MAULE M-5,L1P,L
ACC236,N921DK,FOX,KITFOX,L1P,L
ACC536,N9217H,J3,PIPER J-3 Cub,L1P,L
ACC736,N922SP,B407,BELL 407,H1T,L
ACC836,N9222,C182,CESSNA 182 Skylane,L1P,L
ACCA36,N923KF,DRON,,D0-,-
ACD036,N9246F,P28A,PIPER PA-28-140/150/160/180,L1P,L
ACD236,N925RB,,,,
ACD336,N92508,PA12,PIPER PA-12 Super Cruiser,L1P,L
ACD436,N9258J,P28A,PIPER PA-28-140/150/160/180,L1P,L
ACD836,N927AL,M20P,MOONEY M-20,L1P,L
ACDF36,N9287G,C182,CESSNA 182 Skylane,L1P,L
ACE336,N9299K,S108,STINSON 108 Voyager,L1P,L
ACE636,N930FR,TBM7,SOCATA TBM-700A/B/C,L1T,L
ACE836,N9301T,RV8,VANS RV-8,L1P,L
ACEC36,N9313W,P28B,PIPER PA-28-201T/235/236,L1P,L
AD0236,N9371S,BE24,BEECH 24 Sierra,L1P,L
AD0736,N939BE,RV6,VANS RV-6,L1P,L
AD0B36,N94EC,B06,BELL 206 JetRanger,H1T,L
AD1136,N941DM,PA11,PIPER PA-11 Cub Special,L1P,L
AD1436,N9417K,P28R,PIPER PA-28R-180/200/201,L1P,L
AD1636,N942SR,SR22,CIRRUS SR-22,L1P,L
AD1736,N9422B,C175,CESSNA 175 Skylark,L1P,L
AD1C36,N944C,BE20,BEECH 200 Super King Air,L2T,M
AD2636,N9463C,C180,CESSNA  180 Skywagon,L1P,L
AD2736,N947AN,B738,BOEING 737-800,L2J,M
AD2A36,N9475F,C82S,CESSNA T182 Turbo Skylane,L1P,L
AD2E36,N9487J,P28A,PIPER PA-28-140/150/160/180,L1P,L
AD3336,N95KG,GLID,,L0-,-
AD3836,N95086,P28A,PIPER PA-28-140/150/160/180,L1P,L
AD3B36,N9513Y,BE35,BEECH 35 Starfire Bonanza,L1P,L
AD3F36,N95251,TAYB,TAYLORCRAFT BC/BF/BL,L1P,L
AD4036,N953EF,D328,DORNIER 328,L2T,M
AD4236,N9530T,C210,CESSNA 201 Centurion,L1P,L
AD4336,N95374,C152,CESSNA 152,L1P,L
AD4636,N9542W,C82S,CESSNA T182 Turbo Skylane,L1P,L
AD4836,N955LB,DFLY,VIKING Dragonfly,L1P,L
AD4A36,N9554Z,CH60,ZENAIR CH-600 Zodiac,L1P,L
AD4E36,N95662,M20P,MOONEY M-20,L1P,L
AD5236,N95785,C182,CESSNA 182 Skylane,L1P,L
AD5436,N958UW,E190,EMBRAER ERJ-190-100,L2J,M
AD5936,N95950,RV6,VANS RV-6,L1P,L
AD5F36,N9605J,C188,CESSNA 188 AgTruck,L1P,L
AD6336,N9617M,M20P,MOONEY M-20,L1P,L
AD6536,N962ST,A119,AGUSTA AW-119 Koala,H1T,L
AD6E36,N9646K,P32R,PIPER PA-32R-300/301/301T,L1P,L
AD7E36,N969GL,DA40,DIAMOND DA-40 Club Star,L1P,L
AD7F36,N969SS,SR22,CIRRUS SR-22,L1P,L
AD8736,N97088,S108,STINSON 108 Voyager,L1P,L
AD8836,N971JT,A321,AIRBUS A-321,L2J,M
AD9136,N9730V,C172,CESSNA 172 Skyhawk,L1P,L
AD9536,N9742Y,BE35,BEECH 35 Starfire Bonanza,L1P,L
AD9A36,N976CW,AT3T,AIR TRACTOR AT-302/402,L1T,L
ADA336,N978UY,A321,AIRBUS A-321,L2J,M
ADAB36,N980AT,B712,BOEING 717-200,L2J,M
ADBD36,N9846M,M4,MAULE M-4,L1P,L
ADC036,N9851D,PA18,PIPER PA-18 Super Cub,L1P,L
ADC436,N9863G,C172,CESSNA 172 Skyhawk,L1P,L
ADCA36,N988PW,C172,CESSNA 172 Skyhawk,L1P,L
ADD036,N9899R,BE35,BEECH 35 Starfire Bonanza,L1P,L
ADD236,N99VS,BE40,BEECH 400 Beechjet,L2J,M
ADD336,N990FX,C208,CESSNA 208 Caravan,L1T,L
ADE036,N9930X,C185,CESSNA 185 Skywagon,L1P,L
ADE436,N99420,B26,DOUGLAS A-26 Invader,L2P,M
ADE736,N995WM,BL8,BELLANCA 8 Decathlon,L1P,L
ADE836,N99543,ERCO,AIR PRODUCTS F-1 Aircoupe,L1P,L
ADEA36,N996PD,AS50,AEROSPATIALE AS-350 Ecureuil,H1T,L
ADEC36,N99666,ERCO,AIR PRODUCTS F-1 Aircoupe,L1P,L
ADEE36,N997SB,BE99,BEECH 99 Airliner,L2T,L
ADEF36,N9971Y,CH7B,BELLANCA 7 Citabria,L1P,L
ADF536,N999MS,C501,CESSNA 501 Citation 1SP,L2J,L
AE0036,68-8173,T38,NORTHROP T-38 Talon,L2J,L
AE0136,97-00105,C560,CESSNA 560 Citation Ultra,L2J,M
AE0236,87-0124,DC10,MCDONNELL DOUGLAS DC-10,L3J,H
AE0436,98-6027,CN35,CASA CN-235 Persuader,L2T,M
AE0B36,85-24425,H60,SIKORSKY UH-60 Black Hawk,H2T,M
AE0C36,93-26479,H60,SIKORSKY UH-60 Black Hawk,H2T,M
AE0D36,96-26719,H60,SIKORSKY UH-60 Black Hawk,H2T,M
AE0E36,95-26641,H60,SIKORSKY UH-60 Black Hawk,H2T,M
AE1136,02-3667,TEX2,BEECHCRAFT T-6 Texan 2,L1T,L
AE1236,03-3125,C17,BOEING C-17 Globemaster 3,L4J,H
AE1536,06-8159,C30J,LOCKHEED MARTIN C-130J Super Hercules,L4T,M
AE1736,06-3836,TEX2,BEECHCRAFT T-6 Texan 2,L1T,L
AE1836,166519,H60,SIKORSKY UH-60 Black Hawk,H2T,M
AE1936,79-0177,A10,FAIRCHILD A-10 Thunderbolt II,L2J,M
AE1C36,07-72014,EC45,AIRBUS HELICOPTERS EC-145,H2T,L
AE1F36,07-72039,EC45,AIRBUS HELICOPTERS EC-145,H2T,L
AE2036,13-72295,EC45,AIRBUS HELICOPTERS EC-145,H2T,L
AE2136,06-27086,H60,SIKORSKY UH-60 Black Hawk,H2T,M
AE4836,08-20101,H60,SIKORSKY UH-60 Black Hawk,H2T,M
AE4D36,168544,H60,SIKORSKY UH-60 Black Hawk,H2T,M
AE5B36,169141,F18S,BOEING FA-18 SUPER HORNET,L2J,M
AE5D36,16-20813,H60,SIKORSKY UH-60 Black Hawk,H2T,M
AE6036,17-20967,H60,SIKORSKY UH-60 Black Hawk,H2T,M
AE6236,69-6639,B212,BELL 212,H2T,L
AE6A36,20-21132,H60,SIKORSKY UH-60 Black Hawk,H2T,M
C00136,C-FALX,BE35,BEECH 35 Starfire Bonanza,L1P,L
C00236,C-FAVT,B407,BELL 407,H1T,L
C00436,C-FBPL,PRM1,RAYTHEON 390 Premier 1,L2J,L
C00536,C-FBZH,,,,
C00636,C-FCJD,DH8A,DE HAVILLAND DHC-8-100 Dash 8,L2T,M
C00836,C-FDCV,C172,CESSNA 172 Skyhawk,L1P,L
C00936,C-FDMR,R44,ROBINSON R-44 Raven,H1P,L
C00A36,C-FDWN,C140,CESSNA 140,L1P,L
C00B36,C-FEGJ,J3,PIPER J-3 Cub,L1P,L
C00C36,C-FEQF,C185,CESSNA 185 Skywagon,L1P,L
C00D36,C-FFAB,EC20,AIRBUS HELICOPTERS EC-120,H1T,L
C00E36,C-FFJX,C170,CESSNA 170,L1P,L
C00F36,C-FFTT,P28A,PIPER PA-28-140/150/160/180,L1P,L
C01036,C-FGDP,VP2,EVANS Volksplane,L1P,L
C01136,C-FGNL,BE23,BEECH 23 Sundowner,L1P,L
C01236,C-FGXH,BE9L,BEECH 90 King Air,L2T,L
C01436,C-FHQZ,,,,
C01536,C-FIAV,C185,CESSNA 185 Skywagon,L1P,L
C01736,C-FIUN,PA18,PIPER PA-18 Super Cub,L1P,L
C01836,C-FJEJ,D11,JODEL D-11x/12x,L1P,L
C01936,C-FJOF,DHC2,DE HAVILLAND DHC-2 Beaver,L1P,L
C01A36,C-FJYB,R66,ROBINSON R-66,H1T,L
C01B36,C-FKHX,GLID,,L0-,-
C01C36,C-FKRT,C172,CESSNA 172 Skyhawk,L1P,L
C01D36,C-FLBP,J3,PIPER J-3 Cub,L1P,L
C01F36,C-FLVH,C175,CESSNA 175 Skylark,L1P,L
C02036,C-FMFD,,,,
C02136,C-FMOZ,AS50,AEROSPATIALE AS-350 Ecureuil,H1T,L
C02436,C-FNSN,B190,BEECH 1900,L2T,M
C02636,C-FOMF,C185,CESSNA 185 Skywagon,L1P,L
C02936,C-FPPT,PA12,PIPER PA-12 Super Cruiser,L1P,L
C02A36,C-FPZP,,,,
C02D36,C-FRDD,,,,
C02E36,C-FRMZ,LGEZ,RUTAN Long-EZ,L1P,L
C02F36,C-FRWV,T206,CESSNA T206 Turbo Stationair,L1P,L
C03036,C-FSGR,C182,CESSNA 182 Skylane,L1P,L
C03136,C-FSQN,DV20,DIAMOND DA-20,L1P,L
C03236,C-FTAJ,PA11,PIPER PA-11 Cub Special,L1P,L
C03336,C-FTKF,B190,BEECH 1900,L2T,M
C03436,C-FTUB,GLID,,L0-,-
C03536,C-FUDX,C150,CESSNA 150,L1P,L
C03636,C-FUNT,SSTL,JUST JA30 SuperSTOL,L1P,L
C03836,C-FVHL,C150,CESSNA 150,L1P,L
C03936,C-FVRH,,,,
C03A36,C-FWBD,C150,CESSNA 150,L1P,L
C03C36,C-FWUV,PA22,PIPER PA-22,L1P,L
C03D36,C-FXER,C172,CESSNA 172 Skyhawk,L1P,L
C03F36,C-FXYJ,C172,CESSNA 172 Skyhawk,L1P,L
C04036,C-FYIF,C185,CESSNA 185 Skywagon,L1P,L
C04236,C-FZBX,LA4,LAKE LA-4/200,A1P,L
C04436,C-FZVP,DHC2,DE HAVILLAND DHC-2 Beaver,L1P,L
C04736,C-GAZD,C185,CESSNA 185 Skywagon,L1P,L
C04836,C-GBIZ,CUB2,ACES HIGH Cuby 2,L1P,L
C04936,C-GBSV,BE23,BEECH 23 Sundowner,L1P,L
C04A36,C-GCCR,,,,
C04B36,C-GCMN,PA15,PIPER PA-15 Vagabond,L1P,L
C04C36,C-GCWJ,B737,BOEING 737-700,L2J,M
C04D36,C-GDGF,,,,
C04E36,C-GDQB,P28A,PIPER PA-28-140/150/160/180,L1P,L
C04F36,C-GDZX,PTMS,PITTS S-12 Super Stinker,L1P,L
C05036,C-GEJT,C150,CESSNA 150,L1P,L
C05136,C-GETP,,,,
C05236,C-GFDL,P28A,PIPER PA-28-140/150/160/180,L1P,L
C05336,C-GFNH,BALL,,B0-,-
C05536,C-GGGZ,SR22,CIRRUS SR-22,L1P,L
C05636,C-GGQV,HUSK,CHRISTEN Husky,L1P,L
C05736,C-GHAR,DH3T,DE HAVILLAND DHC-3 Turbo Otter,L1T,L
C05836,C-GHKN,GLAS,Glasair,L1P,L
C05936,C-GHUJ,C172,CESSNA 172 Skyhawk,L1P,L
C05A36,C-GIEF,VVIG,RUTAN VariViggen,L1P,L
C05B36,C-GIOB,B06,BELL 206 JetRanger,H1T,L
C05C36,C-GIXX,C172,CESSNA 172 Skyhawk,L1P,L
C05D36,C-GJHT,COUR,HELIO Courier,L1P,L
C05E36,C-GJRP,BALL,,B0-,-
C05F36,C-GKBL,C310,CESSNA 310,L2P,L
C06036,C-GKLH,WACF,WACO F,L1P,L
C06236,C-GLEZ,AA5,AMERICAN AA-5 Tiger,L1P,L
C06336,C-GLOV,RV8,VANS RV-8,L1P,L
C06536,C-GMIN,C185,CESSNA 185 Skywagon,L1P,L
C06636,C-GMSJ,RV10,VANS RV-10,L1P,L
C06736,C-GNCF,DH8C,DE HAVILLAND DHC-8-300 Dash 8,L2T,M
C06836,C-GNMB,B06,BELL 206 JetRanger,H1T,L
C06A36,C-GOFT,RV14,VANS RV-14,L1P,L
C06B36,C-GOPP,DH3T,DE HAVILLAND DHC-3 Turbo Otter,L1T,L
C06C36,C-GOZL,C150,CESSNA 150,L1P,L
C06D36,C-GPJH,BCS3,AIRBUS A220-300,L2J,M
C06E36,C-GPTD,M20P,MOONEY M-20,L1P,L
C07236,C-GRGN,B06,BELL 206 JetRanger,H1T,L
C07336,C-GRQJ,PIVI,PIPSTREL Virus,L1P,L
C07436,C-GSAF,SW4,SWEARINGEN Metro,L2T,M
C07536,C-GSKB,B190,BEECH 1900,L2T,M
C07636,C-GSTX,AS50,AEROSPATIALE AS-350 Ecureuil,H1T,L
C07736,C-GTDT,C152,CESSNA 152,L1P,L
C07836,C-GTNP,UH1,BELL UH-1 Huey,H1T,L
C07936,C-GTXL,,,,
C07A36,C-GUHH,,,,
C07B36,C-GURD,,,,
C07C36,C-GVAZ,BL8,BELLANCA 8 Decathlon,L1P,L
C07D36,C-GVKV,AA5,AMERICAN AA-5 Tiger,L1P,L
C07E36,C-GVUR,C172,CESSNA 172 Skyhawk,L1P,L
C07F36,C-GWEN,DH8D,DE HAVILLAND DHC-8-400 Dash 8,L2T,M
C08036,C-GWOJ,GLID,,L0-,-
C08136,C-GWYF,C206,CESSNA  206 Stationair,L1P,L
C08236,C-GXIB,CH7A,BELLANCA 7 Champion,L1P,L
C08436,C-GYBT,,,,
C08536,C-GYLP,B38M,BOEING 737 MAX 8,L2J,M
C08636,C-GYVL,F2TH,DASSAULT Falcon 2000,L2J,M
C08936,C-GZYZ,C152,CESSNA 152,L1P,L
C08C36,C-IBCN,ULAC,,L0-,-
C08D36,C-IBMJ,ULAC,,L0-,-
C08E36,C-IBWF,ULAC,,L0-,-
C08F36,C-ICGB,,,,
C09036,C-ICPX,ULAC,,L0-,-
C09136,C-ICZT,PARA,,P0-,-
C09236,C-IDJP,CHIN,ASAP Chinook,L1P,L
C09336,C-IDTL,ULAC,,L0-,-
C09436,C-IEDH,PARA,,P0-,-
C09536,C-IEND,ULAC,,L0-,-
C09636,C-IEWZ,PARA,,P0-,-
C09836,C-IFQR,,,,
C09A36,C-IGKJ,,,,
C09C36,C-IHEB,ULAC,,L0-,-
C09E36,C-IHXT,PARA,,P0-,-
C09F36,C-IIHP,PARA,,P0-,-
C0A036,C-IIRL,ULAC,,L0-,-
C0A136,C-IJBH,PARA,,P0-,-
C0A236,C-IJLD,,,,
C0A336,C-IJUZ,,,,
C0A436,C-IKEV,CH70,ZENAIR CH-701 Stol,L1P,L
C0A536,C-IKOR,PARA,,P0-,-
C0A636,C-IKYN,PARA,,P0-,-
C0A736,C-ILIJ,CHIN,ASAP Chinook,L1P,L
C0A836,C-ILSF,,,,
C0A936,C-IMCB,ULAC,,L0-,-
C0B936,C-ISDP,BEVR,ASAP Beaver,L1P,L
C1E436,SERV,SERV,,V0-,-
C1E536,SERV,SERV,,V0-,-
C1EA36,SERV,SERV,,V0-,-
C80136,ZK-BWE,D31,ROLLASON D-31 Turbulent,L1P,L
C80336,ZK-DNT,C172,CESSNA 172 Skyhawk,L1P,L
C80736,ZK-TEO,C150,CESSNA 150,L1P,L
C81136,ZK-LYC,P28B,PIPER PA-28-201T/235/236,L1P,L
C81236,ZK-KAM,DRIF,AUSTFLIGHT Drifter,L1P,L
C81636,ZK-ICU,AS50,AEROSPATIALE AS-350 Ecureuil,H1T,L
C81E36,ZK-RGZ,C182,CESSNA 182 Skylane,L1P,L
C82036,ZK-LHC,ZZZZ,,-0-,-
C82136,ZK-GKL,GLID,,L0-,-
C82236,ZK-HKE,B06,BELL 206 JetRanger,H1T,L
C82336,ZK-MVJ,AT76,ATR-72-600,L2T,M
C82436,ZK-GSM,ARCP,SCHEMPP-HIRTH Arcus M,L1P,L
C82736,ZK-GXB,GLID,,L0-,-
C82836,ZK-MZB,AT76,ATR-72-600,L2T,M
C82936,ZK-IMC,B06,BELL 206 JetRanger,H1T,L
C87F36,NZ2350,B350,BEECHCRAFT Super King Air 350,L2T,M
E20036,LV-S016,ASTO,TECNAM Astore,L1P,L
E48136,PR-TRD,BE20,BEECH 200 Super King Air,L2T,M
E48236,PR-ODF,E35L,EMBRAER EMB-135 Legacy,L2J,M
E48736,PR-OMH,EC55,AIRBUS HELICOPTERS EC-155,H2T,L
E48A36,PP-FUL,PA46,PIPER PA-46-310/350,L1P,L
E48C36,PR-BNV,BE35,BEECH 35 Starfire Bonanza,L1P,L
E48E36,PR-AQH,AT76,ATR-72-600,L2T,M
E49236,PP-OTO,SR22,CIRRUS SR-22,L1P,L
E49736,PS-CEM,EC45,AIRBUS HELICOPTERS EC-145,H2T,L
E49836,PP-JJW,BE20,BEECH 200 Super King Air,L2T,M
E49936,FAB1372,TUCA,EMBRAER EMB-312 Tucano,L1T,L
E80236,CC-COG,A320,AIRBUS A-320,L2J,M
E80336,CC-AZS,A20N,AIRBUS A-320neo,L2J,M
E80436,CC-BAX,A320,AIRBUS A-320,L2J,M
E80836,CC-ADF,C172,CESSNA 172 Skyhawk,L1P,L
E80936,CC-AEV,PAY2,PIPER PA-31T2-620 Cheyenne 2,L2T,L
E88036,ZP-BGB,BE58,BEECH 58 Baron,L2P,L
