008149,ZS-AMA,C208,CESSNA 208 Caravan,L1T,L
009049,ZS-GDS,GLID,,L0-,-
009649,ZS-IKU,PA25,PIPER PA-25 Pawnee,L1P,L
009849,ZS-JEM,C208,CESSNA 208 Caravan,L1T,L
00B049,ZS-SGU,LJ45,LEARJET 45,L2J,M
00B349,ZS-TKI,BE20,BEECH 200 Super King Air,L2T,M
010049,SU-EAF,T204,TUPOLEV Tu-204/214/224/234,L2J,M
020149,CN-TCP,C152,CESSNA 152,L1P,L
040049,ET-AOS,B788,BOEING 787-8 Dreamliner,L2J,H
040149,ET-AUZ,DH8D,DE HAVILLAND DHC-8-400 Dash 8,L2T,M
04C149,5Y-CYC,B738,BOEING 737-800,L2J,M
04C249,5Y-MHT,F50,FOKKER 50,L2T,M
05A049,8Q-TMI,DHC6,DE HAVILLAND DHC-6 Twin Otter,L2T,L
064249,5N-BYX,E145,EMBRAER ERJ-145,L2J,M
06A049,A7-ACK,A332,AIRBUS A-330-200,L2J,H
06A149,A7-APH,A388,AIRBUS A-380-800,L4J,H
06A249,A7-MAB,C17,BOEING C-17 Globemaster 3,L4J,H
074049,S7-SEA,PC24,PILATUS PC-24,L2J,M
080049,5H-AAC,C208,CESSNA 208 Caravan,L1T,L
0A0049,7T-VKA,B738,BOEING 737-800,L2J,M
0AC749,EJC1147,AN32,ANTONOV An-32 Sutlej,L2T,M
0AC949,PNC-0254,C208,CESSNA 208 Caravan,L1T,L
0ACA49,EJC1129,C212,CESSNA 212 Aviocar,L2T,M
0B4049,TG-MOR,B58T,BEECH 58TC Baron,L2P,L
0C0249,YN-CHU,C208,CESSNA 208 Caravan,L1T,L
0C4049,3076,UH1,BELL UH-1 Huey,H1T,L
0C4349,HI1074,E190,EMBRAER ERJ-190-100,L2J,M
0C6049,9Y-TKB,A139,AGUSTA AW-139,H2T,L
0D0649,XA-BIO,A320,AIRBUS A-320,L2J,M
0D0749,XA-ASS,E50P,EMBRAER EMB-500 Phenom 100,L2J,L
0D0C49,XB-FBE,T206,CESSNA T206 Turbo Stationair,L1P,L
0D0D49,XA-HVH,PC12,PILATUS PC-12,L1T,L
145E49,RA-24137,MI8,MIL Mi-8/9/17/19/171/172,H2T,M
146849,RF-46543,,,,
14B649,RA-46665,AN24,ANTONOV An-24,L2T,M
150649,RA-67145,CRJ2,BOMBARDIER Regional Jet CRJ-200,L2J,M
151E49,RA-73289,B744,BOEING 747-400,L4J,H
151F49,RA-73545,GL5T,BOMBARDIER BD-700 Global 5000/5500,L2J,M
152049,RA-73801,A21N,AIRBUS A-321neo,L2J,M
155349,RA-86857,,,,
1D3349,78665,IL76,ILYUSHIN Il-76/82,L4J,H
300249,I-DPCI,CL2T,CANADAIR CL-415 SuperScooper,A2T,M
300349,I-EASY,A139,AGUSTA AW-139,H2T,L
300449,I-ACTD,PA34,PIPER PA-34 Seneca,L2P,L
300549,I-PAAA,A139,AGUSTA AW-139,H2T,L
300749,I-CGAD,P28A,PIPER PA-28-140/150/160/180,L1P,L
300D49,I-WARP,RV7,VANS RV-7,L1P,L
301749,I-MLSA,BALL,,B0-,-
31D849,I-5407,GOLF,TECNAM P-96 Golf,L1P,L
320049,MM82000,A169,AGUSTA AW-169,H2T,L
33FD49,MM81991,A139,AGUSTA AW-139,H2T,L
33FF49,MM881472,B412,BELL 412,H2T,L
341649,EC-IJS,CRJ2,BOMBARDIER Regional Jet CRJ-200,L2J,M
342149,EC-JAD,AT43,ATR-42-300,L2T,M
342549,EC-FCY,P28S,PIPER PA-28R-201T,L1P,L
344449,EC-LVD,A320,AIRBUS A-320,L2J,M
344649,EC-MEY,B734,BOEING 737-400,L2J,M
345249,EC-MMU,A321,AIRBUS A-321,L2J,M
345349,EC-MUL,EC35,AIRBUS HELICOPTERS EC-135/635,H2T,L
345549,EC-MRQ,DV20,DIAMOND DA-20,L1P,L
346149,EC-NAO,CRUZ,CSA PS-28 Cruiser,L1P,L
346349,EC-NGE,SR20,CIRRUS SR-20,L1P,L
346449,EC-NII,P06T,TECNAM P-2006T,L2P,L
346649,EC-NPB,A320,AIRBUS A-320,L2J,M
347349,EC-NXA,B788,BOEING 787-8 Dreamliner,L2J,H
383949,F-BOKJ,DR22,CENTRE EST Dauphin,L1P,L
391D49,F-GHKJ,P28A,PIPER PA-28-140/150/160/180,L1P,L
392049,F-GICJ,C10T,CESSNA P210 Turbine,L1T,L
392149,F-GIKJ,DR40,ROBIN DR-400,L1P,L
393149,F-GMKJ,DR40,ROBIN DR-400,L1P,L
393649,F-GNSJ,BE58,BEECH 58 Baron,L2P,L
393C49,F-GPCJ,FOUG,AEROSPATIALE CM-170 Magister,L2J,L
394A49,F-GSSJ,DA40,DIAMOND DA-40 Club Star,L1P,L
394D49,F-GTKJ,B190,BEECH 1900,L2T,M
395149,F-GUKJ,G120,GROB G-120,L1P,L
396449,F-GZCJ,A332,AIRBUS A-330-200,L2J,H
398249,F-HASJ,C510,CESSNA 510 Citation Mustang,L2J,L
398449,F-HBCJ,B190,BEECH 1900,L2T,M
398549,F-HBKJ,EC20,AIRBUS HELICOPTERS EC-120,H1T,L
398A49,F-HCSJ,BALL,,B0-,-
398E49,F-HDSJ,A319,AIRBUS A-319,L2J,M
399049,F-HECJ,S22T,CIRRUS SR-22T Turbo,L1P,L
399849,F-HGCJ,DR40,ROBIN DR-400,L1P,L
399E49,F-HHSJ,R44,ROBINSON R-44 Raven,H1P,L
39A849,F-HKCJ,SR20,CIRRUS SR-20,L1P,L
39AC49,F-HLCJ,EC35,AIRBUS HELICOPTERS EC-135/635,H2T,L
39B049,F-HMCJ,SR22,CIRRUS SR-22,L1P,L
39B449,F-HNCJ,PC6T,PILATUS PC-6 Turbo-Porter,L1T,L
39C949,F-HSKJ,VTOR,VULCANAIR Viator,L2T,L
39DD49,F-HXKJ,A20N,AIRBUS A-320neo,L2J,M
3AAB49,F-MGAH,GAZL,AEROSPATIALE SA-341 Gazelle,H1T,L
3B7649,E128,AJET,DASSAULT-DORNIER Alpha Jet,L2J,M
3B7B49,F-ZBQL,EC45,AIRBUS HELICOPTERS EC-145,H2T,L
3C0D49,D-AUAU,A320,AIRBUS A-320,L2J,M
3C1249,D-AVYA,A319,AIRBUS A-319,L2J,M
3C4B49,D-ABZI,A320,AIRBUS A-320,L2J,M
3C5449,D-AEBI,E190,EMBRAER ERJ-190-100,L2J,M
3C5C49,D-AGBI,FA7X,DASSAULT Falcon 7X,L3J,M
3C6449,D-AIBI,A319,AIRBUS A-319,L2J,M
3C6549,D-AIJI,A20N,AIRBUS A-320neo,L2J,M
3C6749,D-AIZI,A320,AIRBUS A-320,L2J,M
3C7A49,D-ANRI,A339,AIRBUS A-330-900,L2J,H
3CBC49,D-BOBI,F2TH,DASSAULT Falcon 2000,L2J,M
3CC249,D-CAWN,C68A,CESSNA 680 Citation Latitude,L2J,M
3CD449,D-CHRT,E55P,EMBRAER EMB-505 Phenom 300,L2J,M
3CEA49,D-CQAJ,LJ35,LEARJET 35,L2J,M
3D0549,D-EAGF,C150,CESSNA 150,L1P,L
3D0649,D-EAQB,A210,AQUILA A-210,L1P,L
3D0A49,D-ECDL,NAVI,NORTH AMERICAN Navion,L1P,L
3D0C49,D-ECXD,C182,CESSNA 182 Skylane,L1P,L
3D0E49,D-EDQV,DR30,CENTRE EST Prince,L1P,L
3D0F49,D-EEAR,D140,JODEL D-140 Mousquetaire,L1P,L
3D1049,D-EEKN,C172,CESSNA 172 Skyhawk,L1P,L
3D1249,D-EFEF,A210,AQUILA A-210,L1P,L
3D1349,D-EFOB,DO27,DORNIER Do-27,L1P,L
3D1449,D-EFXX,A210,AQUILA A-210,L1P,L
3D1549,D-EGHT,BE33,BEECH 33 Bonanza,L1P,L
3D1649,D-EGRP,P28A,PIPER PA-28-140/150/160/180,L1P,L
3D1849,D-EHLH,C182,CESSNA 182 Skylane,L1P,L
3D1949,D-EHVD,S223,MBB 223 Flamingo,L1P,L
3D1C49,D-EIYR,C172,CESSNA 172 Skyhawk,L1P,L
3D1D49,D-EJIN,J3,PIPER J-3 Cub,L1P,L
3D2049,D-EKMB,TOBA,SOCATA Tobago,L1P,L
3D2249,D-ELFT,P28A,PIPER PA-28-140/150/160/180,L1P,L
3D2349,D-ELPP,DV20,DIAMOND DA-20,L1P,L
3D2549,D-EMJH,DR40,ROBIN DR-400,L1P,L
3D2649,D-EMTD,M20P,MOONEY M-20,L1P,L
3D2949,D-ENWR,DA40,DIAMOND DA-40 Club Star,L1P,L
3D3149,D-EQXL,ST75,STEARMAN Kaydet,L1P,L
3D3249,D-ERHH,J3,PIPER J-3 Cub,L1P,L
3D3349,D-ERRD,CH7B,BELLANCA 7 Citabria,L1P,L
3D3749,D-ETEN,TB21,SOCATA TB-21 Trinidad TC,L1P,L
3D3F49,D-EWFH,Z43,ZLIN Z-43/143,L1P,L
3D4349,D-EXSR,A210,AQUILA A-210,L1P,L
3D6E49,D-FOAB,PZ06,PZL-OKECIE PZL-106 Kruk,L1P,L
3DA249,D-GHSB,PA34,PIPER PA-34 Seneca,L2P,L
3DD649,D-HBKB,EC45,AIRBUS HELICOPTERS EC-145,H2T,L
3DF049,D-HLGB,EC35,AIRBUS HELICOPTERS EC-135/635,H2T,L
3E0649,D-HTOR,H269,HUGHES Sky Knight,H1P,L
3E1749,D-IAAB,E50P,EMBRAER EMB-500 Phenom 100,L2J,L
3E2649,D-IFRT,C25A,CESSNA 525A Citation CJ2,L2J,L
3E6149,D-KCAR,DIMO,DIAMOND H-36 Dimona,L1P,L
3EC249,D-KONP,GLID,,L0-,-
3EC549,D-KPRD,ARCP,SCHEMPP-HIRTH Arcus M,L1P,L
3EC949,D-KREN,GLID,,L0-,-
3ED849,D-KWWF,DIMO,DIAMOND H-36 Dimona,L1P,L
3EED49,D-3250,GLID,,L0-,-
3EF449,D-5042,GLID,,L0-,-
3F3049,D-OEER,BALL,,B0-,-
3F8249,74+35,TIGR,AIRBUS HELICOPTERS EC-665 Tiger,H2T,L
3FEA49,D-MECG,EV97,EVEKTRO EV-97 EuroStar,L1P,L
3FEB49,D-MGOL,C42,IKARUS C-42 Bison,L1P,L
3FEC49,D-MSGE,C42,IKARUS C-42 Bison,L1P,L
3FED49,D-MWOI,FK9,B&F TECHNIK FK-9,L1P,L
3FEE49,D-MGBI,PISI,PIPSTREL Sinus,L1P,L
3FEF49,D-MZSY,BREZ,AEROSTYLE Breezer,L1P,L
3FF049,D-MDMY,FDCT,FLIGHT DESIGN CT,L1P,L
3FF349,D-MKTS,FM25,FLYING MACHINES FM-250 Vampire,L1P,L
3FF449,D-MJXC,BREZ,AEROSTYLE Breezer,L1P,L
3FF849,D-MCRF,MCR1,COLOMBAN Ban-Bi,L1P,L
400B49,G-FLOW,C172,CESSNA 172 Skyhawk,L1P,L
400D49,G-TDRA,C172,CESSNA 172 Skyhawk,L1P,L
401149,G-BTGZ,P28A,PIPER PA-28-140/150/160/180,L1P,L
401349,G-GSYS,PA34,PIPER PA-34 Seneca,L2P,L
401749,G-AVWO,P28R,PIPER PA-28R-180/200/201,L1P,L
401A49,G-AANI,ZZZZ,,-0-,-
401C49,G-BEBZ,P28A,PIPER PA-28-140/150/160/180,L1P,L
401D49,G-BFWB,P28A,PIPER PA-28-140/150/160/180,L1P,L
401E49,G-ROLY,C172,CESSNA 172 Skyhawk,L1P,L
402049,G-BKIS,TOBA,SOCATA Tobago,L1P,L
402149,G-BTFC,C152,CESSNA 152,L1P,L
402349,G-WOLF,P28A,PIPER PA-28-140/150/160/180,L1P,L
402649,G-ORJW,F8L,AEROMERE F-8L Falco,L1P,L
402749,G-BMXC,C152,CESSNA 152,L1P,L
402949,G-BNRA,TOBA,SOCATA Tobago,L1P,L
402B49,G-WYSZ,DR40,ROBIN DR-400,L1P,L
402C49,G-BOZZ,AA5,AMERICAN AA-5 Tiger,L1P,L
402E49,G-BPWP,LGEZ,RUTAN Long-EZ,L1P,L
403149,G-BSEV,BALL,,B0-,-
403549,G-MWYA,ULAC,,L0-,-
403649,G-BUKY,T6,NORTH AMERICAN T-6 Texan,L1P,L
403C49,G-EGPG,PA18,PIPER PA-18 Super Cub,L1P,L
403E49,G-TERN,EUPA,Europa,L1P,L
404049,G-MZNV,COY2,RANS Coyote 2,L1P,L
404349,G-CBKA,GAZL,AEROSPATIALE SA-341 Gazelle,H1T,L
404549,G-BZWC,ULAC,,L0-,-
404A49,G-KETH,B06,BELL 206 JetRanger,H1T,L
404D49,G-UHIH,UH1,BELL UH-1 Huey,H1T,L
404F49,G-CDUU,ULAC,,L0-,-
405149,G-CSPR,RV6,VANS RV-6,L1P,L
405349,G-AIDN,SPIT,SUPERMARINE Spitfire,L1P,L
405449,G-CHPD,GLID,,L0-,-
405849,G-CKPN,GLID,,L0-,-
405A49,G-EUYA,A320,AIRBUS A-320,L2J,M
405B49,G-DDOU,PK20,PIK 20E,L1P,L
405D49,G-CORL,AS50,AEROSPATIALE AS-350 Ecureuil,H1T,L
405F49,G-CFOW,SKRA,BEST OFF Sky Ranger,L1P,L
406049,G-DFKA,GLID,,L0-,-
406249,G-CGIN,PARA,,P0-,-
406349,G-TSIM,T51,TITAN T-51 Mustang,L1P,L
406449,G-FLIS,MM16,MAGNI M-16 Tandem Trainer,G1P,L
406749,G-DAYI,EUPA,Europa,L1P,L
406849,G-VFDS,RV8,VANS RV-8,L1P,L
406A49,G-CIBI,BALL,,B0-,-
406B49,G-VNEW,B789,BOEING 787-9 Dreamliner,L2J,H
406C49,G-CIHS,D7,FOKKER D-7 Replica,L1P,L
406D49,G-PICO,BALL,,B0-,-
406E49,G-CITE,GLID,,L0-,-
407149,G-ISOB,BALL,,B0-,-
407349,G-IPII,BOLT,STEEN Skybolt,L1P,L
407549,G-CLBZ,C172,CESSNA 172 Skyhawk,L1P,L
407649,G-CTSS,DA40,DIAMOND DA-40 Club Star,L1P,L
407B49,G-FRSB,FA20,DASSAULT Falcon 200,L2J,M
407D49,G-CMEI,AT76,ATR-72-600,L2T,M
424049,VP-BTN,A319,AIRBUS A-319,L2J,M
424149,VP-CXQ,A320,AIRBUS A-320,L2J,M
424349,VP-BFE,A320,AIRBUS A-320,L2J,M
424549,VQ-BOA,A320,AIRBUS A-320,L2J,M
424649,VP-BDU,B738,BOEING 737-800,L2J,M
424749,VP-CNP,GLF5,GULFSTREAM 5,L2J,M
43C749,ZK338,EUFI,EUROFIGHTER 2000,L2J,M
43E749,M-USCA,TBM8,SOCATA TBM-850,L1T,L
43E949,M-OLLY,C525,CESSNA 525 CitationJet,L2J,L
43EE49,2-PUBS,A109,AGUSTA AW-109 Grand,H2T,L
440349,OE-AFG,DV20,DIAMOND DA-20,L1P,L
440449,OE-9432,DIMO,DIAMOND H-36 Dimona,L1P,L
440549,OE-LBV,A320,AIRBUS A-320,L2J,M
440649,OE-LAA,GL5T,BOMBARDIER BD-700 Global 5000/5500,L2J,M
440749,OE-EPM,PC12,PILATUS PC-12,L1T,L
440A49,OE-DAF,DA40,DIAMOND DA-40 Club Star,L1P,L
440B49,OE-HCU,CL35,BOMBARDIER BD-100 Challenger 350,L2J,M
440C49,OE-IGB,A320,AIRBUS A-320,L2J,M
447D49,3C-OK,B06,BELL 206 JetRanger,H1T,L
448649,OO-ARI,EC30,AIRBUS HELICOPTERS EC-130,H1T,L
449249,OO-DRI,C152,CESSNA 152,L1P,L
449849,OO-FBI,DR40,ROBIN DR-400,L1P,L
44A049,OO-HBI,C150,CESSNA 150,L1P,L
44E949,OO-ZJI,GLID,,L0-,-
44F149,FA-109,F16,GENERAL DYNAMICS F-16 Fighting Falcon,L1J,M
44F649,H-35,A109,AGUSTA AW-109 Grand,H2T,L
458849,OY-BBI,P28A,PIPER PA-28-140/150/160/180,L1P,L
459C49,OY-GBI,SIRA,TECNAM P-2002 Sierra,L1P,L
45A949,OY-JJI,HA4T,RAYTHEON 4000 Hawker Horizon,L2J,M
45AB49,OY-JZI,B738,BOEING 737-800,L2J,M
45AC49,OY-KBI,A343,AIRBUS A-340-300,L4J,H
45C049,OY-PBI,L410,LET L-410 Turbolet,L2T,L
45C249,OY-PRI,RALL,SOCATA Rallye,L1P,L
45CE49,OY-SRI,B762,BOEING 767-200,L2J,H
45D049,OY-TBI,P28A,PIPER PA-28-140/150/160/180,L1P,L
45E049,OY-XBI,GLID,,L0-,-
45FE49,TWR,TWR,,T0-,-
461F49,OH-LWB,A359,AIRBUS A-350-900,L2J,H
463149,OH-SRH,C172,CESSNA 172 Skyhawk,L1P,L
468449,SX-ABI,C182,CESSNA 182 Skylane,L1P,L
468649,SX-ARI,P28A,PIPER PA-28-140/150/160/180,L1P,L
469E49,SX-GRI,AT45,ATR-42-500,L2T,M
46BC49,SX-OBI,AT76,ATR-72-600,L2T,M
471B49,HA-KIR,C172,CESSNA 172 Skyhawk,L1P,L
473249,HA-TBD,PIVI,PIPSTREL Virus,L1P,L
478449,LN-PMN,DV20,DIAMOND DA-20,L1P,L
47A249,LN-PFG,DA42,DIAMOND DA-42 Guardian,L2P,L
47A349,LN-WIX,DH8A,DE HAVILLAND DHC-8-100 Dash 8,L2T,M
480849,D-472,H47,BOEING-VERTOL CH-47 Chinook,H2T,M
481049,N-233,NH90,NHI NH-90,H2T,M
484349,P4-WWS,GLEX,BOMBARDIER BD-700 Global 6000/6500,L2J,M
484549,PH-VLK,P28A,PIPER PA-28-140/150/160/180,L1P,L
484649,PH-1277,GLID,,L0-,-
484A49,PH-USG,BALL,,B0-,-
484C49,PH-1311,GLID,,L0-,-
484E49,PH-2D1,ULAC,,L0-,-
484F49,PH-ONK,S22T,CIRRUS SR-22T Turbo,L1P,L
485149,PH-1EQ,ZZZZ,,-0-,-
485349,PH-1KT,ZZZZ,,-0-,-
485449,PH-1VI,ZZZZ,,-0-,-
485549,PH-2GN,ZZZZ,,-0-,-
485649,PH-BUS,BALL,,B0-,-
485E49,PH-DOC,EC35,AIRBUS HELICOPTERS EC-135/635,H2T,L
486349,PH-COB,TWEN,TECNAM Twenty-Ten,L1P,L
486449,PH-SAR,A189,AGUSTA AW-189,H2T,M
48A449,SP-KCK,C25A,CESSNA 525A Citation CJ2,L2J,L
48C649,SP-STK,R44,ROBINSON R-44 Raven,H1P,L
48D849,020,C295,CASA C-295 Persuader,L2T,M
491049,CS-DBI,DV20,DIAMOND DA-20,L1P,L
495149,CS-TJI,A21N,AIRBUS A-321neo,L2J,M
497C49,15142,F16,GENERAL DYNAMICS F-16 Fighting Falcon,L1J,M
498449,2710,L410,LET L-410 Turbolet,L2T,L
49B049,OK-7393,GLID,,L0-,-
49C049,OK-PUU67,CRUZ,CSA PS-28 Cruiser,L1P,L
49D049,OK-DSG,C172,CESSNA 172 Skyhawk,L1P,L
49D149,OK-RHH,L200,LET L-200 Morava,L2P,L
49D249,OK-YAK,Y18T,YAKOVLEV Yak-18T,L1P,L
49D449,OK-MSA,P06T,TECNAM P-2006T,L2P,L
4A4049,YR-PBI,AN2,ANTONOV An-2,L1P,L
4A5049,YR-TBI,TB21,SOCATA TB-21 Trinidad TC,L1P,L
4A6849,YR-ZBI,Z26,ZLIN Z-26/126/226/326/526/626/726,L1P,L
4A9149,SE-DJI,FA7X,DASSAULT Falcon 7X,L3J,M
4AA749,SE-IZI,P28A,PIPER PA-28-140/150/160/180,L1P,L
4AAA49,SE-JRI,A139,AGUSTA AW-139,H2T,L
4AAF49,SE-KZI,HR20,ROBIN HR-200,L1P,L
4AB349,SE-LZI,C172,CESSNA 172 Skyhawk,L1P,L
4AB549,SE-MJI,BE20,BEECH 200 Super King Air,L2T,M
4ACA49,SE-RRI,B738,BOEING 737-800,L2J,M
4ADA49,SE-VRI,MT,ROTORSPORT MTOSport,G1P,L
4AE249,SE-XRI,P149,PIAGGIO P-149,L1P,L
4B0549,HB-CAB,C140,CESSNA 140,L1P,L
4B0F49,HB-FUN,PC12,PILATUS PC-12,L1T,L
4B1F49,HB-LWB,DHC6,DE HAVILLAND DHC-6 Twin Otter,L2T,L
4B2949,HB-PQN,P32R,PIPER PA-32R-300/301/301T,L1P,L
4B2B49,HB-QKF,BALL,,B0-,-
4B2C49,HB-QUB,BALL,,B0-,-
4B3049,HB-SHL,DA40,DIAMOND DA-40 Club Star,L1P,L
4B3249,HB-TBD,ZZZZ,,-0-,-
4B3949,HB-VSB,PC24,PILATUS PC-24,L2J,M
4B4449,HB-ZWJ,R44,ROBINSON R-44 Raven,H1P,L
4B4E49,HB-2466,DISC,SCHEMPP-HIRTH Discus,L1P,L
4B5149,HB-3234,VENT,SCHEMPP-HIRTH Ventus,L1P,L
4B8549,TC-AJI,DV20,DIAMOND DA-20,L1P,L
4BA049,TC-HBI,B429,BELL 429 GlobalRanger,H2T,L
4BA149,TC-HJI,EC35,AIRBUS HELICOPTERS EC-135/635,H2T,L
4BA749,TC-IZI,B738,BOEING 737-800,L2J,M
4BA949,TC-JJI,B77W,BOEING 777-300ER,L2J,H
4BAA49,TC-JRI,A321,AIRBUS A-321,L2J,M
4BB149,TC-LJI,B77W,BOEING 777-300ER,L2J,H
4BB849,TC-NBI,A20N,AIRBUS A-320neo,L2J,M
4BC849,TC-RBI,A21N,AIRBUS A-321neo,L2J,M
4BCC49,TC-SBI,B738,BOEING 737-800,L2J,M
4BD049,TC-TBI,C172,CESSNA 172 Skyhawk,L1P,L
4BD149,TC-TJI,B738,BOEING 737-800,L2J,M
4C0649,YU-BSJ,PA34,PIPER PA-34 Seneca,L2P,L
4C4849,YU-SCJ,C525,CESSNA 525 CitationJet,L2J,L
4CA349,EI-STH,B734,BOEING 737-400,L2J,M
4CA749,EI-EDI,C42,IKARUS C-42 Bison,L1P,L
4CA849,EI-EMA,B738,BOEING 737-800,L2J,M
4CAB49,EI-TAT,CL60,BOMBARDIER CL-600 Challenger,L2J,M
4CAD49,EI-IFF,A359,AIRBUS A-350-900,L2J,H
4CC549,TF-ICS,B38M,BOEING 737 MAX 8,L2J,M
4D2149,9H-VCO,CL35,BOMBARDIER BD-100 Challenger 350,L2J,M
4D2249,9H-SSU,GLEX,BOMBARDIER BD-700 Global 6000/6500,L2J,M
4D2349,9H-VUJ,B38M,BOEING 737 MAX 8,L2J,M
4D2449,9H-VVE,B38M,BOEING 737 MAX 8,L2J,M
500249,T7-SRC,CL60,BOMBARDIER CL-600 Challenger,L2J,M
503C49,LY-ASF,,,,
503E49,LY-WVW,NG5,BRM AERO NG-5/6 Bristell,L1P,L
505C49,OM-M302,NG5,BRM AERO NG-5/6 Bristell,L1P,L
505D49,OM-CJI,C525,CESSNA 525 CitationJet,L2J,L
507C49,UK-67006,B763,BOEING 767-300,L2J,H
508249,UR-DAH,A320,AIRBUS A-320,L2J,M
508449,UR-HOE,P28A,PIPER PA-28-140/150/160/180,L1P,L
510049,EW-283PA,B733,BOEING 737-300,L2J,M
511049,ES-YLR,L39,LET L-39 Albatros,L1J,L
601849,EZ-A014,B752,BOEING 757-200,L2J,M
683249,35001,B350,BEECHCRAFT Super King Air 350,L2T,M
702049,S2-AGB,B407,BELL 407,H1T,L
702C49,S3-BRR,C295,CASA C-295 Persuader,L2T,M
706049,9K-GBA,A345,AIRBUS A-340-500,L4J,H
70E049,XU-356,A320,AIRBUS A-320,L2J,M
710049,HZ-AKW,B772,BOEING 777-200,L2J,H
710149,HZ-NS22,A20N,AIRBUS A-320neo,L2J,M
71C249,HL8249,B739,BOEING 737-900,L2J,M
71C349,HL8349,B38M,BOEING 737 MAX 8,L2J,M
71CE49,HL9649,A169,AGUSTA AW-169,H2T,L
71E249,HL-C249,AP32,AEROPRACT A-32,L1P,L
728649,YI-ARI,BCS3,AIRBUS A220-300,L2J,M
730549,EP-AJI,A320,AIRBUS A-320,L2J,M
732449,EP-IBI,A30B,AIRBUS A-300-200,L2J,H
738A49,676,GLF5,GULFSTREAM 5,L2J,M
738B49,662,C30J,LOCKHEED MARTIN C-130J Super Hercules,L4T,M
739449,4X-BDW,BK17,EUROCOPTER BK117 C-1/2,H2T,L
739549,4X-AIW,C152,CESSNA 152,L1P,L
744949,JY-RJI,P28A,PIPER PA-28-140/150/160/180,L1P,L
748049,OD-EKF,H25B,HAWKER BEECHCRAFT Hawker 750/850,L2J,M
750149,9M-AFW,A320,AIRBUS A-320,L2J,M
750449,9M-MAB,A359,AIRBUS A-350-900,L2J,H
76B449,9V-MBI,B38M,BOEING 737 MAX 8,L2J,M
76BD49,9V-OJI,B789,BOEING 787-9 Dreamliner,L2J,H
76D249,9V-TRI,A320,AIRBUS A-320,L2J,M
780049,B-7926,C172,CESSNA 172 Skyhawk,L1P,L
780549,B-000Q,A20N,AIRBUS A-320neo,L2J,M
780649,B-6675,A321,AIRBUS A-321,L2J,M
780749,B-6775,A320,AIRBUS A-320,L2J,M
780849,B-7761,CL60,BOMBARDIER CL-600 Challenger,L2J,M
780A49,B-LAR,A333,AIRBUS A-330-300,L2J,H
780C49,B-8300,GLF4,GULFSTREAM 4,L2J,M
780D49,B-7169,EC35,AIRBUS HELICOPTERS EC-135/635,H2T,L
780E49,B-6489,B738,BOEING 737-800,L2J,M
780F49,B-8379,A319,AIRBUS A-319,L2J,M
781049,B-1532,B738,BOEING 737-800,L2J,M
781149,B-8363,A333,AIRBUS A-330-300,L2J,H
781349,B-1067,A21N,AIRBUS A-321neo,L2J,M
781549,B-206T,B738,BOEING 737-800,L2J,M
781649,B-MCK,A20N,AIRBUS A-320neo,L2J,M
781849,B-30CS,A21N,AIRBUS A-321neo,L2J,M
781949,B-30F9,A359,AIRBUS A-350-900,L2J,H
781D49,B-328P,A20N,AIRBUS A-320neo,L2J,M
781E49,B-32CA,A359,AIRBUS A-350-900,L2J,H
789249,B-HPD,A21N,AIRBUS A-321neo,L2J,M
7A4249,10251,ZZZZ,,-0-,-
7B0949,B-4065,CRJ7,BOMBARDIER Regional Jet CRJ-700,L2J,M
7C0049,VH-ACB,T18,THORP Tiger,L1P,L
7C0149,VH-AJF,C182,CESSNA 182 Skylane,L1P,L
7C0649,VH-BIZ,C402,CESSNA 402 Businessliner,L2P,L
7C0C49,VH-CPN,C172,CESSNA 172 Skyhawk,L1P,L
7C1449,VH-EAJ,LNP4,LANCAIR PropJet 4,L1T,L
7C1549,VH-EHN,BE55,BEECH 55 Baron,L2P,L
7C1649,VH-EOR,C172,CESSNA 172 Skyhawk,L1P,L
7C1C49,VH-FVF,PC12,PILATUS PC-12,L1T,L
7C2549,VH-HNF,R44,ROBINSON R-44 Raven,H1P,L
7C2A49,VH-IMZ,RV10,VANS RV-10,L1P,L
7C2F49,VH-JMJ,C182,CESSNA 182 Skylane,L1P,L
7C3049,VH-JTN,TB20,SOCATA TB-20 Trinidad,L1P,L
7C3349,VH-KEZ,C402,CESSNA 402 Businessliner,L2P,L
7C3F49,VH-MSB,BT36,BEECH B36TC Bonanza,L1P,L
7C4049,VH-MZF,PA31,PIPER PA-31-300/310/325/350/425,L2P,L
7C4449,VH-NRV,RV4,VANS RV-4,L1P,L
7C4849,VH-OKB,BE58,BEECH 58 Baron,L2P,L
7C4949,VH-ORF,RV7,VANS RV-7,L1P,L
7C4A49,VH-OYJ,C180,CESSNA  180 Skywagon,L1P,L
7C4D49,VH-PJV,C182,CESSNA 182 Skylane,L1P,L
7C4E49,VH-PQZ,B412,BELL 412,H2T,L
7C5749,VH-RIZ,R44,ROBINSON R-44 Raven,H1P,L
7C5B49,VH-SBF,P28A,PIPER PA-28-140/150/160/180,L1P,L
7C6049,VH-TAZ,C441,CESSNA 441 Conquest,L2T,L
7C6349,VH-TWB,C172,CESSNA 172 Skyhawk,L1P,L
7C6549,VH-UAJ,BE95,BEECH 95 Travel Air,L2P,L
7C6D49,VH-VVF,RV7,VANS RV-7,L1P,L
7C7049,VH-WGR,R44,ROBINSON R-44 Raven,H1P,L
7C7649,VH-XNF,CL60,BOMBARDIER CL-600 Challenger,L2J,M
7C7749,VH-XUJ,BE20,BEECH 200 Super King Air,L2T,M
7C7A49,VH-YFV,B738,BOEING 737-800,L2J,M
7C8049,VH-ZMJ,PA31,PIPER PA-31-300/310/325/350/425,L2P,L
7CC449,23-1314,AP32,AEROPRACT A-32,L1P,L
7CF849,A27-015,HAWK,BRITISH AEROSPACE T-45 Goshawk,L1J,M
7CFA49,A23-019,PC9,PILATUS PC-9 Hudournik,L1T,L
800449,VT-AXX,B738,BOEING 737-800,L2J,M
801549,VT-YAO,B38M,BOEING 737 MAX 8,L2J,M
846549,JA135T,EC35,AIRBUS HELICOPTERS EC-135/635,H2T,L
847049,JA167T,A119,AGUSTA AW-119 Koala,H1T,L
851F49,JA350D,AS50,AEROSPATIALE AS-350 Ecureuil,H1T,L
852249,JA35UK,C172,CESSNA 172 Skyhawk,L1P,L
867A49,JA71KT,EC25,AIRBUS HELICOPTERS EC-225/725,H2T,M
87C849,5526,P1,KAWASAKI P-1,L4J,M
87CC49,18-1213,KC2,KAWASAKI C-2,L2J,H
880449,HS-ABI,A320,AIRBUS A-320,L2J,M
880849,HS-BBI,A320,AIRBUS A-320,L2J,M
880C49,HS-CBI,A320,AIRBUS A-320,L2J,M
888149,VN-A573,A320,AIRBUS A-320,L2J,M
896449,A6-RJV,B737,BOEING 737-700,L2J,M
896C49,2252,C208,CESSNA 208 Caravan,L1T,L
899049,B-16203,A321,AIRBUS A-321,L2J,M
899149,B-16853,AT76,ATR-72-600,L2T,M
8A0449,PK-GNH,B738,BOEING 737-800,L2J,M
8A0649,PK-YGO,BE40,BEECH 400 Beechjet,L2J,M
8A0749,PK-PDC,S76,SIKORSKY S-76 Spirit,H2T,L
8A0849,PK-WJT,AT76,ATR-72-600,L2T,M
8A0949,PK-SJP,A320,AIRBUS A-320,L2J,M
A00049,N1CW,PC12,PILATUS PC-12,L1T,L
A00449,N10VU,MU2,MITSUBISHI MU-2 Marquise,L2T,L
A00549,N100FZ,E50P,EMBRAER EMB-500 Phenom 100,L2J,L
A00649,N100SE,,,,
A00749,N10011,GLID,,L0-,-
A00B49,N10134,C150,CESSNA 150,L1P,L
A01049,N103EM,C310,CESSNA 310,L2P,L
A01249,N1030Z,M7,MAULE M-7,L1P,L
A01549,N104TR,C185,CESSNA 185 Skywagon,L1P,L
A01649,N10422,M20P,MOONEY M-20,L1P,L
A01749,N105AB,PARA,,P0-,-
A01949,N105WP,VELO,Velocity,L1P,L
A01C49,N106PF,DFLY,VIKING Dragonfly,L1P,L
A02049,N107SD,LNC2,LANCAIR 200-320,L1P,L
A02249,N1079A,B06,BELL 206 JetRanger,H1T,L
A02349,N108JW,ZZZZ,,-0-,-
A02649,N109BN,DRON,,D0-,-
A02949,N10956,C150,CESSNA 150,L1P,L
A02B49,N11QS,GLID,,L0-,-
A02C49,N110AX,B190,BEECH 1900,L2T,M
A02D49,N110MC,,,,
A02F49,N1105Q,C310,CESSNA 310,L2P,L
A03049,N111DV,PA46,PIPER PA-46-310/350,L1P,L
A03349,N1117T,C172,CESSNA 172 Skyhawk,L1P,L
A03449,N112GT,VO10,NORTH AMERICAN ROCKWELL Commander 100,L1P,L
A03749,N1129W,BE58,BEECH 58 Baron,L2P,L
A03A49,N1134N,COL4,CESSNA 400 Corvalis TT,L1P,L
A03B49,N114CH,,,,
A04149,N1151H,M20P,MOONEY M-20,L1P,L
A04649,N117AW,RV7,VANS RV-7,L1P,L
A04A49,N118DU,BCS1,AIRBUS A220-100,L2J,M
A04C49,N1180F,C172,CESSNA 172 Skyhawk,L1P,L
A04D49,N1187S,GLID,,L0-,-
A04E49,N119GS,P32R,PIPER PA-32R-300/301/301T,L1P,L
A04F49,N119SY,E75L,EMBRAER ERJ-170-200 (long wing),L2J,M
A05049,N1192J,AA5,AMERICAN AA-5 Tiger,L1P,L
A05549,N120SG,CH7A,BELLANCA 7 Champion,L1P,L
A05849,N121JZ,MAGN,AVID Magnum,L1P,L
A05A49,N12136,E45X,EMBRAER ERJ-145XR,L2J,M
A05B49,N122BR,BE95,BEECH 95 Travel Air,L2P,L
A05F49,N123EP,C185,CESSNA 185 Skywagon,L1P,L
A06249,N1238B,DHC2,DE HAVILLAND DHC-2 Beaver,L1P,L
A06449,N124TT,RV4,VANS RV-4,L1P,L
A06549,N12424,R22,ROBINSON R-22 Mariner,H1P,L
A06A49,N126DB,GLID,,L0-,-
A06D49,N1267,E55P,EMBRAER EMB-505 Phenom 300,L2J,M
A06E49,N127G,ERCO,AIR PRODUCTS F-1 Aircoupe,L1P,L
A06F49,N127SF,G280,GULFSTREAM G280,L2J,M
A07949,N13EN,RV6,VANS RV-6,L1P,L
A07B49,N130AZ,BE50,BEECH 50 Excalibur,L2P,L
A07C49,N130ME,C82S,CESSNA T182 Turbo Skylane,L1P,L
A07E49,N1305S,RV4,VANS RV-4,L1P,L
A07F49,N131DX,S22T,CIRRUS SR-22T Turbo,L1P,L
A08149,N1310J,AC11,NORTH AMERICAN ROCKWELL Commander 112/114,L1P,L
A08449,N132TA,VELO,Velocity,L1P,L
A08A49,N134CK,SR22,CIRRUS SR-22,L1P,L
A08D49,N1346T,P28A,PIPER PA-28-140/150/160/180,L1P,L
A08F49,N135RP,SR22,CIRRUS SR-22,L1P,L
A09149,N1358W,M20P,MOONEY M-20,L1P,L
A09749,N137XK,XA42,XTREMAIR XA-42,L1P,L
A09949,N138DW,RV6,VANS RV-6,L1P,L
A09B49,N1380H,AR15,AERONCA 15 Sedan,L1P,L
A09C49,N1387U,C172,CESSNA 172 Skyhawk,L1P,L
A09E49,N139T,ULAC,,L0-,-
A0A549,N14015,WACC,WACO C/S,L1P,L
A0A849,N141VG,GLID,,L0-,-
A0B049,N14303,PA18,PIPER PA-18 Super Cub,L1P,L
A0B149,N1438D,C170,CESSNA 170,L1P,L
A0B249,N144HP,P46T,PIPER PA-46-500TP,L1T,L
A0B349,N144TV,B06,BELL 206 JetRanger,H1T,L
A0B549,N145AF,BE9L,BEECH 90 King Air,L2T,L
A0B649,N145LM,,,,
A0B749,N145WT,CH75,ZENAIR CH-750 Cruzer,L1P,L
A0BA49,N146PK,EUPA,Europa,L1P,L
A0BC49,N1467B,L8,LUSCOMBE 8,L1P,L
A0BE49,N147SH,C185,CESSNA 185 Skywagon,L1P,L
A0BF49,N14714,BL17,BELLANCA 17 Viking,L1P,L
A0C049,N1479E,C172,CESSNA 172 Skyhawk,L1P,L
A0C149,N148K,EFOX,AEROPRO Eurofox,L1P,L
A0C349,N14837,B06,BELL 206 JetRanger,H1T,L
A0C449,N149BS,,,,
A0CA49,N150BA,DHC3,DE HAVILLAND DHC-3 Otter,L1P,L
A0CB49,N150MG,MG15,MIKOYAN MiG-15,L1J,L
A0D049,N1510L,B06,BELL 206 JetRanger,H1T,L
A0D149,N1517X,P28R,PIPER PA-28R-180/200/201,L1P,L
A0D449,N1522P,BALL,,B0-,-
A0D849,N1534S,SONX,SONEX AIRCRAFT Sonex,L1P,L
A0DC49,N1546V,C172,CESSNA 172 Skyhawk,L1P,L
A0DE49,N155RR,S76,SIKORSKY S-76 Spirit,H2T,L
A0DF49,N1551M,C188,CESSNA 188 AgTruck,L1P,L
A0E249,N156UP,A306,AIRBUS A-300-600,L2J,H
A0E449,N157B,B47G,BELL 47G,H1P,L
A0ED49,N159TB,BRAV,TECNAM P-2004 Bravo,L1P,L
A0EE49,N1592N,J3,PIPER J-3 Cub,L1P,L
A0EF49,N1599Z,BE95,BEECH 95 Travel Air,L2P,L
A0F149,N16W,CL60,BOMBARDIER CL-600 Challenger,L2J,M
A0F349,N160SL,,,,
A0F449,N16017,C150,CESSNA 150,L1P,L
A0F649,N161KC,BE36,BEECH 36 Bonanza,L1P,L
A0F849,N1614,GLID,,L0-,-
A0FC49,N1626C,C180,CESSNA  180 Skywagon,L1P,L
A0FD49,N163ET,CL60,BOMBARDIER CL-600 Challenger,L2J,M
A0FF49,N16305,P28A,PIPER PA-28-140/150/160/180,L1P,L
A10049,N1638F,C172,CESSNA 172 Skyhawk,L1P,L
A10849,N166DF,H60,SIKORSKY UH-60 Black Hawk,H2T,M
A11449,N169N,C180,CESSNA  180 Skywagon,L1P,L
A11749,N17ES,BE58,BEECH 58 Baron,L2P,L
A11849,N17QY,PA34,PIPER PA-34 Seneca,L2P,L
A11949,N170BC,,,,
A12349,N1722R,C82R,CESSNA R182 Skylane RG,L1P,L
A12749,N1734U,T210,CESSNA T210 Turbo Centurion,L1P,L
A12849,N174CP,PA18,PIPER PA-18 Super Cub,L1P,L
A12C49,N175FM,,,,
A13349,N177BB,GLF4,GULFSTREAM 4,L2J,M
A13449,N177MH,C177,CESSNA  177 Cardinal,L1P,L
A13549,N177XP,C177,CESSNA  177 Cardinal,L1P,L
A13749,N178E,PA30,PIPER PA-30 Twin Comanche,L2P,L
A13949,N1780M,C182,CESSNA 182 Skylane,L1P,L
A13C49,N179TD,EA50,ECLIPSE 550,L2J,L
A13F49,N18KW,GLF2,GULFSTREAM 2,L2J,M
A14149,N180GG,GLAS,Glasair,L1P,L
A14249,N180SN,C180,CESSNA  180 Skywagon,L1P,L
A14949,N182NC,C82R,CESSNA R182 Skylane RG,L1P,L
A14D49,N183RA,CH7B,BELLANCA 7 Citabria,L1P,L
A14E49,N18307,BE35,BEECH 35 Starfire Bonanza,L1P,L
A15349,N185AK,C185,CESSNA 185 Skywagon,L1P,L
A15549,N185WX,C185,CESSNA 185 Skywagon,L1P,L
A15649,N1855C,C170,CESSNA 170,L1P,L
A15A49,N1867F,C210,CESSNA 201 Centurion,L1P,L
A15D49,N18718,C150,CESSNA 150,L1P,L
A15E49,N1879J,P28A,PIPER PA-28-140/150/160/180,L1P,L
A16549,N1896D,BE35,BEECH 35 Starfire Bonanza,L1P,L
A16849,N190BE,BE9L,BEECH 90 King Air,L2T,L
A16949,N190ML,,,,
A17049,N192HA,F2TH,DASSAULT Falcon 2000,L2J,M
A17149,N192TG,C82T,CESSNA TR182 Turbo Skylane RG,L1P,L
A17249,N1922T,T210,CESSNA T210 Turbo Centurion,L1P,L
A17349,N19294,C150,CESSNA 150,L1P,L
A17749,N194CR,RV9,VANS RV-9,L1P,L
A17A49,N1946Z,CH7A,BELLANCA 7 Champion,L1P,L
A17C49,N195RV,RV4,VANS RV-4,L1P,L
A17D49,N1951R,RV12,VANS RV-12,L1P,L
A17E49,N19582,C150,CESSNA 150,L1P,L
A17F49,N196JM,COZY,CO-Z Cozy,L1P,L
A18249,N197BD,GLF4,GULFSTREAM 4,L2J,M
A18549,N1975X,C182,CESSNA 182 Skylane,L1P,L
A18849,N1980P,PTS1,PITTS S-1 Special,L1P,L
A18D49,N19993,,,,
A18F49,N2WD,NAVI,NORTH AMERICAN Navion,L1P,L
A19249,N200CV,C750,CESSNA 750 Citation 10,L2J,M
A19349,N200PA,BALL,,B0-,-
A19549,N20063,C172,CESSNA 172 Skyhawk,L1P,L
A19649,N201FT,M20P,MOONEY M-20,L1P,L
A19749,N201RZ,M20P,MOONEY M-20,L1P,L
A19849,N2011V,SSAB,NORTH AMERICAN F-100 Super Sabre,L1J,M
A19A49,N202JR,T51,TITAN T-51 Mustang,L1P,L
A19B49,N202UX,B190,BEECH 1900,L2T,M
A19C49,N2023Y,C172,CESSNA 172 Skyhawk,L1P,L
A19E49,N203MP,DRON,,D0-,-
A1A349,N2040T,BALL,,B0-,-
A1A449,N20474,C172,CESSNA 172 Skyhawk,L1P,L
A1A649,N205TK,UH1,BELL UH-1 Huey,H1T,L
A1A849,N20597,C172,CESSNA 172 Skyhawk,L1P,L
A1A949,N206LB,C206,CESSNA  206 Stationair,L1P,L
A1AD49,N207P,BE9L,BEECH 90 King Air,L2T,L
A1B349,N20885,P32R,PIPER PA-32R-300/301/301T,L1P,L
A1B449,N209JQ,E75L,EMBRAER ERJ-170-200 (long wing),L2J,M
A1B649,N2093X,P28B,PIPER PA-28-201T/235/236,L1P,L
A1BC49,N2103F,BALL,,B0-,-
A1BD49,N211AR,HUCO,BELL AH-1 HueyCobra,H1T,L
A1BF49,N211XC,,,,
A1C049,N2115J,P28A,PIPER PA-28-140/150/160/180,L1P,L
A1C149,N212DP,T28,NORTH AMERICAN T-28,L1P,L
A1CC49,N215CB,C340,CESSNA 340 Super,L2P,L
A1D349,N2168N,C140,CESSNA 140,L1P,L
A1D649,N2173E,C82T,CESSNA TR182 Turbo Skylane RG,L1P,L
A1DA49,N2185H,ERCO,AIR PRODUCTS F-1 Aircoupe,L1P,L
A1DE49,N2197L,BE95,BEECH 95 Travel Air,L2P,L
A1DF49,N22GL,BOLT,STEEN Skybolt,L1P,L
A1E149,N220CX,ZZZZ,,-0-,-
A1E649,N221SA,RV6,VANS RV-6,L1P,L
A1EB49,N22230,C172,CESSNA 172 Skyhawk,L1P,L
A1ED49,N223MR,SR22,CIRRUS SR-22,L1P,L
A1EF49,N22353,B47G,BELL 47G,H1P,L
A1F349,N22476,AR65,AERONCA 65 Super Chief,L1P,L
A1F649,N2252Y,C177,CESSNA  177 Cardinal,L1P,L
A1FE49,N22764,J4,PIPER J-4 Cub Coupe,L1P,L
A20049,N228S,,,,
A20349,N229JS,C560,CESSNA 560 Citation Ultra,L2J,M
A20849,N23XW,,,,
A20C49,N231AT,M20P,MOONEY M-20,L1P,L
A21049,N232DR,CLON,AUTOGYRO Cavalon,G1P,L
A21349,N2327P,PA22,PIPER PA-22,L1P,L
A21849,N234KM,P28A,PIPER PA-28-140/150/160/180,L1P,L
A21E49,N2356M,R22,ROBINSON R-22 Mariner,H1P,L
A21F49,N236FB,ERCO,AIR PRODUCTS F-1 Aircoupe,L1P,L
A22049,N236RH,SA75,STOLP SA-750 Acroduster Too,L1P,L
A22249,N2368Q,BE23,BEECH 23 Sundowner,L1P,L
A22549,N2373G,C172,CESSNA 172 Skyhawk,L1P,L
A22949,N2385K,PA38,PIPER PA-38 Tomahawk,L1P,L
A22B49,N239PW,L39,LET L-39 Albatros,L1J,L
A22C49,N2390B,,,,
A22E49,N24GN,BE20,BEECH 200 Super King Air,L2T,M
A22F49,N24SU,SU26,SUKHOI Su-26,L1P,L
A23349,N24067,B47G,BELL 47G,H1P,L
A23549,N241SC,CRUZ,CSA PS-28 Cruiser,L1P,L
A23649,N2411Z,YK52,YAKOVLEV Yak-52,L1P,L
A23949,N242VA,RV12,VANS RV-12,L1P,L
A23A49,N24232,AR50,AERONCA 50 Chief,L1P,L
A23E49,N24355,DRON,,D0-,-
A24449,N245TP,P28A,PIPER PA-28-140/150/160/180,L1P,L
A24549,N24520,J4,PIPER J-4 Cub Coupe,L1P,L
A24949,N24643,J3,PIPER J-3 Cub,L1P,L
A24D49,N24766,C152,CESSNA 152,L1P,L
A25049,N2481Y,C172,CESSNA 172 Skyhawk,L1P,L
A25149,N24889,J3,PIPER J-3 Cub,L1P,L
A25349,N249V,RV6,VANS RV-6,L1P,L
A25649,N25MS,,,,
A25849,N250JC,F900,DASSAULT Falcon 900,L3J,M
A25A49,N2503K,L8,LUSCOMBE 8,L1P,L
A25C49,N251MA,CH7B,BELLANCA 7 Citabria,L1P,L
A26049,N252PZ,SREY,PROGRESSIVE AERODYNE SeaRey,A1P,L
A26149,N2520E,CH7A,BELLANCA 7 Champion,L1P,L
A26249,N2527R,PARA,,P0-,-
A26649,N2539U,C172,CESSNA 172 Skyhawk,L1P,L
A26A49,N255CF,,,,
A27049,N2561F,CH7A,BELLANCA 7 Champion,L1P,L
A27149,N2568S,BALL,,B0-,-
A27449,N2573J,PA18,PIPER PA-18 Super Cub,L1P,L
A27949,N259DS,D328,DORNIER 328,L2T,M
A27B49,N2590D,C170,CESSNA 170,L1P,L
A27C49,N2597Q,C182,CESSNA 182 Skylane,L1P,L
A28049,N260PG,PTS2,PITTS S-2 Special,L1P,L
A28249,N26069,AA5,AMERICAN AA-5 Tiger,L1P,L
A28449,N261SE,C172,CESSNA 172 Skyhawk,L1P,L
A28749,N262JX,E135,EMBRAER ERJ-135,L2J,M
A28949,N26234,AA5,AMERICAN AA-5 Tiger,L1P,L
A28E49,N264EM,L159,AERO L-159 Albatros 2,L1J,M
A29149,N2648,C195,CESSNA 195,L1P,L
A29849,N26645,TAYB,TAYLORCRAFT BC/BF/BL,L1P,L
A29C49,N26768,AA5,AMERICAN AA-5 Tiger,L1P,L
A29F49,N26810,J3,PIPER J-3 Cub,L1P,L
A2A049,N2689A,PA18,PIPER PA-18 Super Cub,L1P,L
A2AB49,N271MC,PA31,PIPER PA-31-300/310/325/350/425,L2P,L
A2B049,N2720G,C182,CESSNA 182 Skylane,L1P,L
A2B449,N2732K,C180,CESSNA  180 Skywagon,L1P,L
A2B549,N2739W,M20P,MOONEY M-20,L1P,L
A2B949,N275CH,,,,
A2BB49,N275YV,BALL,,B0-,-
A2C149,N277JD,SR22,CIRRUS SR-22,L1P,L
A2CA49,N2790F,EC25,AIRBUS HELICOPTERS EC-225/725,H2T,M
A2CE49,N280DC,GLAS,Glasair,L1P,L
A2D149,N2807A,C180,CESSNA  180 Skywagon,L1P,L
A2D449,N28113,J3,PIPER J-3 Cub,L1P,L
A2D549,N2819D,P28A,PIPER PA-28-140/150/160/180,L1P,L
A2D849,N28236,AA5,AMERICAN AA-5 Tiger,L1P,L
A2E249,N285TT,B47G,BELL 47G,H1P,L
A2E349,N28524,,,,
A2EB49,N2877,PTS1,PITTS S-1 Special,L1P,L
A2EC49,N288G,C25A,CESSNA 525A Citation CJ2,L2J,L
A2ED49,N288SF,E550,EMBRAER EMB-550 Praetor 600,L2J,M
A2EF49,N2889C,C170,CESSNA 170,L1P,L
A2F249,N28935,PA32,PIPER PA-32,L1P,L
A2F449,N29MW,PC24,PILATUS PC-24,L2J,M
A2F949,N291AZ,DRON,,D0-,-
A2FA49,N291ME,C172,CESSNA 172 Skyhawk,L1P,L
A2FC49,N2915S,C150,CESSNA 150,L1P,L
A30049,N2927V,BE35,BEECH 35 Starfire Bonanza,L1P,L
A30449,N2939Y,C182,CESSNA 182 Skylane,L1P,L
A30849,N295CK,LJ35,LEARJET 35,L2J,M
A30B49,N2956T,M200,NORTH AMERICAN ROCKWELL Commander 200,L1P,L
A31749,N299DW,ERCO,AIR PRODUCTS F-1 Aircoupe,L1P,L
A31949,N2990H,GLID,,L0-,-
A31A49,N2997U,C172,CESSNA 172 Skyhawk,L1P,L
A31C49,N3T,RV14,VANS RV-14,L1P,L
A31D49,N30DE,C25B,CESSNA 525B Citation CJ3,L2J,L
A31E49,N30PL,DHC2,DE HAVILLAND DHC-2 Beaver,L1P,L
A32149,N300WC,BE20,BEECH 200 Super King Air,L2T,M
A32349,N301CP,C414,CESSNA 414 Chancellor,L2P,L
A32449,N301NV,A319,AIRBUS A-319,L2J,M
A32649,N3016X,BALL,,B0-,-
A32849,N302RT,P32R,PIPER PA-32R-300/301/301T,L1P,L
A32A49,N30280,T210,CESSNA T210 Turbo Centurion,L1P,L
A32D49,N3033S,C150,CESSNA 150,L1P,L
A32E49,N304BB,BALL,,B0-,-
A32F49,N304MH,B06,BELL 206 JetRanger,H1T,L
A33149,N3045V,C150,CESSNA 150,L1P,L
A33549,N3057Y,C182,CESSNA 182 Skylane,L1P,L
A33949,N30691,C177,CESSNA  177 Cardinal,L1P,L
A33F49,N308Z,BE35,BEECH 35 Starfire Bonanza,L1P,L
A34049,N3086W,C185,CESSNA 185 Skywagon,L1P,L
A34349,N3091N,C120,CESSNA 120,L1P,L
A34449,N3098Z,PA18,PIPER PA-18 Super Cub,L1P,L
A34749,N310EV,PA32,PIPER PA-32,L1P,L
A34949,N31007,M20P,MOONEY M-20,L1P,L
A34E49,N312AK,PA31,PIPER PA-31-300/310/325/350/425,L2P,L
A35249,N313DH,B06,BELL 206 JetRanger,H1T,L
A35349,N313PP,PA32,PIPER PA-32,L1P,L
A35549,N3137F,C182,CESSNA 182 Skylane,L1P,L
A35649,N314GF,P46T,PIPER PA-46-500TP,L1T,L
A35E49,N316NB,A319,AIRBUS A-319,L2J,M
A36049,N3166D,R44,ROBINSON R-44 Raven,H1P,L
A36249,N317R,SR22,CIRRUS SR-22,L1P,L
A36449,N3178G,NAVI,NORTH AMERICAN Navion,L1P,L
A36549,N318HS,CL60,BOMBARDIER CL-600 Challenger,L2J,M
A36A49,N319WW,SH36,SHORT 360,L2T,M
A36C49,N32DG,M20P,MOONEY M-20,L1P,L
A37249,N321CR,PA46,PIPER PA-46-310/350,L1P,L
A37349,N321NX,ONEX,SONEX Onex,L1P,L
A37549,N3216Z,BE36,BEECH 36 Bonanza,L1P,L
A37749,N322RV,RV9,VANS RV-9,L1P,L
A37849,N3221R,BE56,BEECH 56 Turbo Baron,L2P,L
A37949,N32282,C182,CESSNA 182 Skylane,L1P,L
A37A49,N323JM,P28A,PIPER PA-28-140/150/160/180,L1P,L
A37D49,N324BD,C25A,CESSNA 525A Citation CJ2,L2J,L
A38049,N3245X,C150,CESSNA 150,L1P,L
A38349,N3250P,PA23,PIPER PA-23,L2P,L
A38449,N32570,PA32,PIPER PA-32,L1P,L
A38749,N3262S,C182,CESSNA 182 Skylane,L1P,L
A38849,N32693,P28R,PIPER PA-28R-180/200/201,L1P,L
A38A49,N327WD,,,,
A38D49,N328NW,A320,AIRBUS A-320,L2J,M
A39249,N3291Q,BALL,,B0-,-
A39449,N33JL,BE35,BEECH 35 Starfire Bonanza,L1P,L
A39649,N330EX,E300,EXTRA EA-300/330/350,L1P,L
A39849,N33009,PA32,PIPER PA-32,L1P,L
A39949,N3308K,GC1,GLOBE Swift,L1P,L
A39C49,N3313B,PA22,PIPER PA-22,L1P,L
A39D49,N332AM,EC30,AIRBUS HELICOPTERS EC-130,H1T,L
A3A049,N3325E,CH7A,BELLANCA 7 Champion,L1P,L
A3A149,N333DK,GC1,GLOBE Swift,L1P,L
A3A249,N333PR,PA31,PIPER PA-31-300/310/325/350/425,L2P,L
A3A349,N333ZX,BE58,BEECH 58 Baron,L2P,L
A3A649,N334SP,C172,CESSNA 172 Skyhawk,L1P,L
A3A749,N3342,,,,
A3B049,N337EW,C337,CESSNA 337 Super Skymaster,L2P,L
A3B149,N337RB,SR22,CIRRUS SR-22,L1P,L
A3B249,N33708,AR65,AERONCA 65 Super Chief,L1P,L
A3B649,N3383A,PA22,PIPER PA-22,L1P,L
A3B749,N339AL,,,,
A3B849,N339LS,GLF5,GULFSTREAM 5,L2J,M
A3BA49,N3395D,C180,CESSNA  180 Skywagon,L1P,L
A3BB49,N34DJ,BE33,BEECH 33 Bonanza,L1P,L
A3BE49,N340LA,AT8T,AIR TRACTOR AT-802,L1T,M
A3BF49,N340WG,C340,CESSNA 340 Super,L2P,L
A3C449,N34161,C77R,CESSNA 177RG Cardinal RG,L1P,L
A3C549,N342FR,A20N,AIRBUS A-320neo,L2J,M
A3C649,N342RX,B38M,BOEING 737 MAX 8,L2J,M
A3C849,N34284,C177,CESSNA  177 Cardinal,L1P,L
A3D349,N34572,AR65,AERONCA 65 Super Chief,L1P,L
A3D749,N34695,C177,CESSNA  177 Cardinal,L1P,L
A3DE49,N34860,C177,CESSNA  177 Cardinal,L1P,L
A3E149,N3491S,C182,CESSNA 182 Skylane,L1P,L
A3EB49,N3513D,PARA,,P0-,-
A3EF49,N3525G,PA31,PIPER PA-31-300/310/325/350/425,L2P,L
A3F149,N353PT,PC12,PILATUS PC-12,L1T,L
A3F349,N3537K,P28A,PIPER PA-28-140/150/160/180,L1P,L
A3F549,N354SR,,,,
A3F649,N3542B,C82T,CESSNA TR182 Turbo Skylane RG,L1P,L
A3FA49,N3554E,C172,CESSNA 172 Skyhawk,L1P,L
A3FB49,N356C,P28A,PIPER PA-28-140/150/160/180,L1P,L
A3FE49,N3566H,ERCO,AIR PRODUCTS F-1 Aircoupe,L1P,L
A40049,N357RD,GLAS,Glasair,L1P,L
A40849,N359X,M5,MAULE M-5,L1P,L
A40A49,N36DL,C310,CESSNA 310,L2P,L
A40D49,N360LC,LNC2,LANCAIR 200-320,L1P,L
A41849,N363JR,P46T,PIPER PA-46-500TP,L1T,L
A41A49,N3633Y,BALL,,B0-,-
A42249,N36574,P28R,PIPER PA-28R-180/200/201,L1P,L
A42749,N367LB,BALL,,B0-,-
A42949,N3674Z,PA18,PIPER PA-18 Super Cub,L1P,L
A42B49,N368P,BE36,BEECH 36 Bonanza,L1P,L
A42D49,N36862,C310,CESSNA 310,L2P,L
A42E49,N369FS,RV9,VANS RV-9,L1P,L
A43649,N3701C,CH70,ZENAIR CH-701 Stol,L1P,L
A43749,N3708P,PA22,PIPER PA-22,L1P,L
A43A49,N3713F,C172,CESSNA 172 Skyhawk,L1P,L
A44249,N3737M,PA32,PIPER PA-32,L1P,L
A44349,N374GM,S22T,CIRRUS SR-22T Turbo,L1P,L
A44A49,N376CB,DRON,,D0-,-
A45149,N3778N,BE35,BEECH 35 Starfire Bonanza,L1P,L
A45849,N3795H,M20P,MOONEY M-20,L1P,L
A46049,N381PC,J3,PIPER J-3 Cub,L1P,L
A46649,N38288,P28A,PIPER PA-28-140/150/160/180,L1P,L
A46749,N383JT,SR20,CIRRUS SR-20,L1P,L
A46D49,N38453,F86,NORTH AMERICAN F-86 Sabre,L1J,M
A47049,N3850V,C170,CESSNA 170,L1P,L
A47849,N38741,P28R,PIPER PA-28R-180/200/201,L1P,L
A47E49,N389S,BE35,BEECH 35 Starfire Bonanza,L1P,L
A48049,N38987,P28A,PIPER PA-28-140/150/160/180,L1P,L
A48549,N3901E,CH7A,BELLANCA 7 Champion,L1P,L
A48649,N3908R,C172,CESSNA 172 Skyhawk,L1P,L
A48949,N3913H,ERCO,AIR PRODUCTS F-1 Aircoupe,L1P,L
A48F49,N393PX,SREY,PROGRESSIVE AERODYNE SeaRey,A1P,L
A49449,N3942F,C172,CESSNA 172 Skyhawk,L1P,L
A49549,N3949S,C172,CESSNA 172 Skyhawk,L1P,L
A49849,N3954J,C150,CESSNA 150,L1P,L
A49F49,N3971D,C182,CESSNA 182 Skylane,L1P,L
A4A149,N398J,PC12,PILATUS PC-12,L1T,L
A4A349,N3983G,C340,CESSNA 340 Super,L2P,L
A4A849,N4DQ,ULAC,,L0-,-
A4A949,N4PW,L8,LUSCOMBE 8,L1P,L
A4AB49,N40LG,CL35,BOMBARDIER BD-100 Challenger 350,L2J,M
A4AC49,N40WN,C177,CESSNA  177 Cardinal,L1P,L
A4AD49,N400GT,C210,CESSNA 201 Centurion,L1P,L
A4AF49,N4002K,R22,ROBINSON R-22 Mariner,H1P,L
A4B149,N401KR,AT3P,AIR TRACTOR AT-301/401,L1P,L
A4B349,N4014N,C140,CESSNA 140,L1P,L
A4B449,N402CH,C130,LOCKHEED C-130 Hercules,L4T,M
A4BA49,N4031H,R44,ROBINSON R-44 Raven,H1P,L
A4BB49,N4038U,BALL,,B0-,-
A4BC49,N404JD,C402,CESSNA 402 Businessliner,L2P,L
A4BE49,N4043L,AS50,AEROSPATIALE AS-350 Ecureuil,H1T,L
A4BF49,N405AW,CRJ2,BOMBARDIER Regional Jet CRJ-200,L2J,M
A4C549,N4060F,P28A,PIPER PA-28-140/150/160/180,L1P,L
A4C749,N407GS,B407,BELL 407,H1T,L
A4CA49,N4079V,C170,CESSNA 170,L1P,L
A4CD49,N4084M,PA12,PIPER PA-12 Super Cruiser,L1P,L
A4D149,N4096Q,GLF6,GULFSTREAM G650,L2J,M
A4DA49,N41101,PA31,PIPER PA-31-300/310/325/350/425,L2P,L
A4DB49,N4118B,PA31,PIPER PA-31-300/310/325/350/425,L2P,L
A4DC49,N412HM,M20P,MOONEY M-20,L1P,L
A4E349,N414DB,C414,CESSNA 414 Chancellor,L2P,L
A4E449,N414PH,C414,CESSNA 414 Chancellor,L2P,L
A4E749,N415G,ERCO,AIR PRODUCTS F-1 Aircoupe,L1P,L
A4E849,N415SF,,,,
A4E949,N41512,P28R,PIPER PA-28R-180/200/201,L1P,L
A4EA49,N4159C,M4,MAULE M-4,L1P,L
A4EF49,N417MW,COL4,CESSNA 400 Corvalis TT,L1P,L
A4F049,N417YB,BEAR,AVIPRO RB-4 Bearhawk,L1P,L
A4F149,N41758,,,,
A4F449,N41800,CH7A,BELLANCA 7 Champion,L1P,L
A4F549,N4188A,PA46,PIPER PA-46-310/350,L1P,L
A4FD49,N420TA,BE20,BEECH 200 Super King Air,L2T,M
A4FF49,N4209Y,CH7A,BELLANCA 7 Champion,L1P,L
A50049,N421KT,C421,CESSNA 421 Executive Commuter,L2P,L
A50249,N4214Q,C172,CESSNA 172 Skyhawk,L1P,L
A50549,N422YX,E75L,EMBRAER ERJ-170-200 (long wing),L2J,M
A50649,N4226T,P28A,PIPER PA-28-140/150/160/180,L1P,L
A51449,N4260H,PA14,PIPER PA-14 Family Cruiser,L1P,L
A51549,N4267U,C150,CESSNA 150,L1P,L
A51749,N427T,BE35,BEECH 35 Starfire Bonanza,L1P,L
A51849,N4272L,C172,CESSNA 172 Skyhawk,L1P,L
A51A49,N428KS,GLF4,GULFSTREAM 4,L2J,M
A51C49,N4284P,C172,CESSNA 172 Skyhawk,L1P,L
A52049,N4296S,PA32,PIPER PA-32,L1P,L
A52149,N43FG,ZZZZ,,-0-,-
A52249,N43RN,FOX,KITFOX,L1P,L
A52349,N430BT,C25A,CESSNA 525A Citation CJ2,L2J,L
A52649,N4306A,BE55,BEECH 55 Baron,L2P,L
A52749,N431ER,C172,CESSNA 172 Skyhawk,L1P,L
A52B49,N432HP,P28A,PIPER PA-28-140/150/160/180,L1P,L
A52C49,N432TV,B06,BELL 206 JetRanger,H1T,L
A52E49,N433AF,,,,
A53149,N43349,TAYB,TAYLORCRAFT BC/BF/BL,L1P,L
A53249,N434DD,R22,ROBINSON R-22 Mariner,H1P,L
A53849,N43514,TAYB,TAYLORCRAFT BC/BF/BL,L1P,L
A53A49,N436K,FLE2,FLEET 2,L1P,L
A53C49,N43637,TAYB,TAYLORCRAFT BC/BF/BL,L1P,L
A53E49,N437MY,B407,BELL 407,H1T,L
A54349,N43802,P28A,PIPER PA-28-140/150/160/180,L1P,L
A54449,N4388C,P28A,PIPER PA-28-140/150/160/180,L1P,L
A54849,N44AE,PA34,PIPER PA-34 Seneca,L2P,L
A54E49,N44090,TAYB,TAYLORCRAFT BC/BF/BL,L1P,L
A55149,N4414S,TAYB,TAYLORCRAFT BC/BF/BL,L1P,L
A55249,N442CM,RV4,VANS RV-4,L1P,L
A55849,N4431M,PA12,PIPER PA-12 Super Cruiser,L1P,L
A55A49,N444JH,EA50,ECLIPSE 550,L2J,L
A55B49,N444UP,B752,BOEING 757-200,L2J,M
A55C49,N4443Q,P28A,PIPER PA-28-140/150/160/180,L1P,L
A56049,N4455T,P28A,PIPER PA-28-140/150/160/180,L1P,L
A56749,N4472N,ZZZZ,,-0-,-
A56849,N4479Z,PA18,PIPER PA-18 Super Cub,L1P,L
A56F49,N4496U,C150,CESSNA 150,L1P,L
A57249,N450BV,C25B,CESSNA 525B Citation CJ3,L2J,L
A57349,N450NA,BE99,BEECH 99 Airliner,L2T,L
A57B49,N452TX,SR22,CIRRUS SR-22,L1P,L
A57C49,N45228,N3N,NAVAL AIRCRAFT FACTORY N3N,L1P,L
A57E49,N453LP,C82S,CESSNA T182 Turbo Skylane,L1P,L
A58949,N456KB,B407,BELL 407,H1T,L
A59049,N458ES,C82S,CESSNA T182 Turbo Skylane,L1P,L
A59549,N459TW,GLID,,L0-,-
A59D49,N46092,C172,CESSNA 172 Skyhawk,L1P,L
A59F49,N461WC,TBM7,SOCATA TBM-700A/B/C,L1T,L
A5A149,N462CP,SR22,CIRRUS SR-22,L1P,L
A5A849,N46380,NAVI,NORTH AMERICAN Navion,L1P,L
A5B649,N4672Q,C172,CESSNA 172 Skyhawk,L1P,L
A5B849,N468KW,C310,CESSNA 310,L2P,L
A5BA49,N4684T,C182,CESSNA 182 Skylane,L1P,L
A5C449,N4706E,CH7A,BELLANCA 7 Champion,L1P,L
A5C549,N471EV,B742,BOEING 747-200,L4J,H
A5CC49,N473AK,PA18,PIPER PA-18 Super Cub,L1P,L
A5CD49,N473LR,ULAC,,L0-,-
A5D049,N474DH,FOX,KITFOX,L1P,L
A5D749,N4759J,BE23,BEECH 23 Sundowner,L1P,L
A5DA49,N4764A,,,,
A5E049,N478R,ULAC,,L0-,-
A5E549,N47929,P28A,PIPER PA-28-140/150/160/180,L1P,L
A5E849,N48WW,BE36,BEECH 36 Bonanza,L1P,L
A5E949,N480HA,B712,BOEING 717-200,L2J,M
A5EB49,N4802T,P28R,PIPER PA-28R-180/200/201,L1P,L
A5EC49,N48094,AR6T,AERONCA 65 Tandem,L1P,L
A5F549,N483RV,RV7,VANS RV-7,L1P,L
A5F849,N484JM,CL60,BOMBARDIER CL-600 Challenger,L2J,M
A60549,N4872S,PA32,PIPER PA-32,L1P,L
A61649,N49109,C152,CESSNA 152,L1P,L
A61949,N492UA,A320,AIRBUS A-320,L2J,M
A62449,N495SP,C172,CESSNA 172 Skyhawk,L1P,L
A62549,N4952,ZZZZ,,-0-,-
A62649,N4959L,P28A,PIPER PA-28-140/150/160/180,L1P,L
A62D49,N4976F,C172,CESSNA 172 Skyhawk,L1P,L
A63049,N49808,C152,CESSNA 152,L1P,L
A63449,N4993A,C180,CESSNA  180 Skywagon,L1P,L
A63549,N5AL,BE58,BEECH 58 Baron,L2P,L
A63649,N5LS,C182,CESSNA 182 Skylane,L1P,L
A63749,N5WY,RV6,VANS RV-6,L1P,L
A63949,N50TJ,E300,EXTRA EA-300/330/350,L1P,L
A63A49,N500DP,P28R,PIPER PA-28R-180/200/201,L1P,L
A63B49,N500PV,CL60,BOMBARDIER CL-600 Challenger,L2J,M
A63C49,N5000A,C172,CESSNA 172 Skyhawk,L1P,L
A63E49,N501GM,GLF5,GULFSTREAM 5,L2J,M
A63F49,N501ST,C501,CESSNA 501 Citation 1SP,L2J,L
A64549,N503CB,BE9L,BEECH 90 King Air,L2T,L
A64C49,N5048N,CH7B,BELLANCA 7 Citabria,L1P,L
A64D49,N505HY,,,,
A64F49,N5053E,BL8,BELLANCA 8 Decathlon,L1P,L
A65349,N5065H,PA11,PIPER PA-11 Cub Special,L1P,L
A65449,N507DN,A359,AIRBUS A-350-900,L2J,H
A65649,N5070,TL20,TL ULTRALIGHT TL-2000 Sting,L1P,L
A65849,N508GL,G2T1,GREAT LAKES 2T-1,L1P,L
A65A49,N5082C,BE35,BEECH 35 Starfire Bonanza,L1P,L
A65B49,N5089P,C152,CESSNA 152,L1P,L
A66049,N51NG,,,,
A66549,N511BK,,,,
A66749,N511XX,,,,
A66B49,N5120V,C210,CESSNA 201 Centurion,L1P,L
A66E49,N513TM,LEG2,LANCAIR Legacy,L1P,L
A66F49,N5132Y,H500,HUGHES 500,H1T,L
A67949,N516S,SHEK,RANS S-16 Shekari,L1P,L
A67B49,N51687,AA5,AMERICAN AA-5 Tiger,L1P,L
A67C49,N517JS,E300,EXTRA EA-300/330/350,L1P,L
A67E49,N5173Z,PA22,PIPER PA-22,L1P,L
A68249,N51852,B47G,BELL 47G,H1P,L
A68649,N51975,VEZE,RUTAN VariEze,L1P,L
A68749,N52HE,RV8,VANS RV-8,L1P,L
A68949,N520DR,AC50,NORTH AMERICAN ROCKWELL Commander 500,L2P,L
A68D49,N521GP,DRON,,D0-,-
A69449,N523CD,PA32,PIPER PA-32,L1P,L
A69549,N523NK,A319,AIRBUS A-319,L2J,M
A69749,N5236M,BE76,BEECH 76 Duchess,L2P,L
A69849,XC-DSA,B407,BELL 407,H1T,L
A69A49,N5241D,C172,CESSNA 172 Skyhawk,L1P,L
A69B49,N5248Q,C150,CESSNA 150,L1P,L
A69C49,N525J,C25A,CESSNA 525A Citation CJ2,L2J,L
A69E49,N5253G,M20P,MOONEY M-20,L1P,L
A69F49,N526AS,B738,BOEING 737-800,L2J,M
A6A449,N527PW,MR35,MURPHY SR-3500 Super Rebel,L1P,L
A6AD49,N5294H,PA16,PIPER PA-16 Clipper,L1P,L
A6AE49,N53CC,BL8,BELLANCA 8 Decathlon,L1P,L
A6AF49,N53NJ,F2TH,DASSAULT Falcon 2000,L2J,M
A6B249,N530VA,A319,AIRBUS A-319,L2J,M
A6B349,N53032,C185,CESSNA 185 Skywagon,L1P,L
A6B449,N531BM,P28A,PIPER PA-28-140/150/160/180,L1P,L
A6B549,N531MT,EC35,AIRBUS HELICOPTERS EC-135/635,H2T,L
A6B749,N53155,ST75,STEARMAN Kaydet,L1P,L
A6BD49,N533TP,DRON,,D0-,-
A6BF49,N534A,P28A,PIPER PA-28-140/150/160/180,L1P,L
A6C049,N534LF,,,,
A6C449,N535PD,SONX,SONEX AIRCRAFT Sonex,L1P,L
A6C849,N536SB,PA46,PIPER PA-46-310/350,L1P,L
A6CC49,N537V,SR22,CIRRUS SR-22,L1P,L
A6D549,N53977,CH7B,BELLANCA 7 Citabria,L1P,L
A6D649,N54HG,F900,DASSAULT Falcon 900,L3J,M
A6DA49,N5400E,,,,
A6DB49,N5407R,C172,CESSNA 172 Skyhawk,L1P,L
A6DD49,N541SX,SONX,SONEX AIRCRAFT Sonex,L1P,L
A6E149,N542VV,,,,
A6EB49,N545JB,FOX,KITFOX,L1P,L
A6ED49,N5453J,C340,CESSNA 340 Super,L2P,L
A6F149,N5465M,GLF5,GULFSTREAM 5,L2J,M
A6F449,N5470D,BE35,BEECH 35 Starfire Bonanza,L1P,L
A6F949,N5489T,C172,CESSNA 172 Skyhawk,L1P,L
A6FD49,N55CE,SW4,SWEARINGEN Metro,L2T,M
A6FE49,N55NL,E300,EXTRA EA-300/330/350,L1P,L
A70049,N550JX,C550,CESSNA 550 Citation S2,L2J,L
A70249,N55034,BL8,BELLANCA 8 Decathlon,L1P,L
A70349,N551BP,SR22,CIRRUS SR-22,L1P,L
A70749,N552EM,MRF1,DASSAULT Mirage F1,L1J,M
A70E49,N554AB,BALL,,B0-,-
A71049,N554WP,PARA,,P0-,-
A71149,N55445,P28A,PIPER PA-28-140/150/160/180,L1P,L
A71249,N555D,B47G,BELL 47G,H1P,L
A71349,N555PF,T28,NORTH AMERICAN T-28,L1P,L
A71449,N555ZM,CC19,CUB CRAFTERS CC-19 XCub,L1P,L
A71549,N55568,ST75,STEARMAN Kaydet,L1P,L
A71849,N55610,P28R,PIPER PA-28R-180/200/201,L1P,L
A72049,N55856,PA32,PIPER PA-32,L1P,L
A72249,N559QS,C68A,CESSNA 680 Citation Latitude,L2J,M
A72449,N55979,P28R,PIPER PA-28R-180/200/201,L1P,L
A72549,N56HJ,RV6,VANS RV-6,L1P,L
A72949,N5600G,C150,CESSNA 150,L1P,L
A72D49,N5612K,BE95,BEECH 95 Travel Air,L2P,L
A72E49,N5619W,P28A,PIPER PA-28-140/150/160/180,L1P,L
A73149,N5624N,PARA,,P0-,-
A73549,N5636R,C172,CESSNA 172 Skyhawk,L1P,L
A73C49,N5653L,AA1,AMERICAN AA-1,L1P,L
A73D49,N566AW,PARA,,P0-,-
A73E49,N566MB,R66,ROBINSON R-66,H1T,L
A74849,N5689V,P28A,PIPER PA-28-140/150/160/180,L1P,L
A74C49,N57CG,DUOD,SCHEMPP-HIRTH Duo Discus,L1P,L
A75949,N5728B,C182,CESSNA 182 Skylane,L1P,L
A75B49,N573TT,SR22,CIRRUS SR-22,L1P,L
A75C49,N57324,P28R,PIPER PA-28R-180/200/201,L1P,L
A76449,N5757,PA46,PIPER PA-46-310/350,L1P,L
A76B49,N57735,TAYD,TAYLORCRAFT DC/DF/DL,L1P,L
A77349,N5798A,C172,CESSNA 172 Skyhawk,L1P,L
A77449,N58HL,FA50,DASSAULT Falcon 50,L3J,M
A77549,N58TS,L29B,LOCKHEED L-1329 Jetstar 731,L4J,M
A77949,N5807V,M20P,MOONEY M-20,L1P,L
A78049,N5824Q,M20P,MOONEY M-20,L1P,L
A78149,N583CK,BE58,BEECH 58 Baron,L2P,L
A78749,N5841K,BE35,BEECH 35 Starfire Bonanza,L1P,L
A78849,N5848W,P28A,PIPER PA-28-140/150/160/180,L1P,L
A79549,N588T,BE58,BEECH 58 Baron,L2P,L
A79649,N5882L,,,,
A79B49,N59CJ,FA50,DASSAULT Falcon 50,L3J,M
A7A049,N59038,J3,PIPER J-3 Cub,L1P,L
A7A549,N592ER,DA42,DIAMOND DA-42 Guardian,L2P,L
A7B349,N5957B,C182,CESSNA 182 Skylane,L1P,L
A7B749,N5969E,C150,CESSNA 150,L1P,L
A7B849,N597K,C195,CESSNA 195,L1P,L
A7B949,N597VF,BE20,BEECH 200 Super King Air,L2T,M
A7C249,N5998C,BE35,BEECH 35 Starfire Bonanza,L1P,L
A7C349,N6HN,C172,CESSNA 172 Skyhawk,L1P,L
A7C849,N600LR,CRJ9,BOMBARDIER Regional Jet CRJ-900,L2J,M
A7CA49,N6005C,SR22,CIRRUS SR-22,L1P,L
A7CB49,N601DH,CH60,ZENAIR CH-600 Zodiac,L1P,L
A7CE49,N6017F,BE35,BEECH 35 Starfire Bonanza,L1P,L
A7D249,N6029J,C150,CESSNA 150,L1P,L
A7D549,N6034A,C172,CESSNA 172 Skyhawk,L1P,L
A7D949,N6046D,PA22,PIPER PA-22,L1P,L
A7DB49,N605R,PUMA,AEROSPATIALE SA-330 Puma,H2T,L
A7DD49,N6058G,C150,CESSNA 150,L1P,L
A7DE49,N606HS,,,,
A7E049,N60629,FA62,FAIRCHILD M-26 Cornell,L1P,L
A7E849,N6087E,PTS2,PITTS S-2 Special,L1P,L
A7EA49,N609SL,,,,
A7EC49,N6099H,J3,PIPER J-3 Cub,L1P,L
A7EF49,N610FP,LJ60,LEARJET 60,L2J,M
A7F049,N610RV,RV10,VANS RV-10,L1P,L
A7F349,N611JM,GLF4,GULFSTREAM 4,L2J,M
A7F649,N612BD,BD5,BEDE BD-5B/D/G,L1P,L
A7FC49,N6130P,PA24,PIPER PA-24 Comanche,L1P,L
A7FD49,N61370,SS2P,ROCKWELL Thrush Commander,L1P,L
A7FE49,N614H,,,,
A7FF49,N614TF,M20P,MOONEY M-20,L1P,L
A80049,N6142S,,,,
A80349,N615WD,CL30,BOMBARDIER BD-100 Challenger 300,L2J,M
A80449,N6154V,LA4,LAKE LA-4/200,A1P,L
A80849,N6166Y,,,,
A80B49,N6171Q,ULAC,,L0-,-
A80C49,N61781,C180,CESSNA  180 Skywagon,L1P,L
A80D49,N618JL,SR22,CIRRUS SR-22,L1P,L
A80E49,N618US,B742,BOEING 747-200,L4J,H
A81349,N6195W,P28A,PIPER PA-28-140/150/160/180,L1P,L
A81449,N62EA,GLST,GLASAIR SH-4 GlaStar,L1P,L
A81649,N620AM,WACF,WACO F,L1P,L
A81949,N6205E,C172,CESSNA 172 Skyhawk,L1P,L
A81B49,N621PR,C25C,CESSNA 525C Citation CJ4,L2J,M
A81D49,N6217H,P28A,PIPER PA-28-140/150/160/180,L1P,L
A82449,N6234C,P28A,PIPER PA-28-140/150/160/180,L1P,L
A82649,N624ND,RV6,VANS RV-6,L1P,L
A82849,N6246F,C337,CESSNA 337 Super Skymaster,L2P,L
A82B49,N62508,PA23,PIPER PA-23,L2P,L
A82F49,N6263A,C182,CESSNA 182 Skylane,L1P,L
A83149,N627LS,PARA,,P0-,-
A83749,N6287G,C150,CESSNA 150,L1P,L
A83B49,N6299K,C150,CESSNA 150,L1P,L
A83D49,N63VL,RV9,VANS RV-9,L1P,L
A84449,N6313W,P28A,PIPER PA-28-140/150/160/180,L1P,L
A84849,N6325Z,BALL,,B0-,-
A84B49,N6330R,P28A,PIPER PA-28-140/150/160/180,L1P,L
A85049,N63495,ST75,STEARMAN Kaydet,L1P,L
A85449,N636CS,C240,CESSNA 240 Corvalis TTx,L1P,L
A85949,N637RW,E170,EMBRAER ERJ-170-100,L2J,M
A85A49,N6371S,RV8,VANS RV-8,L1P,L
A86349,N64EC,ULAC,,L0-,-
A86849,N6405G,C150,CESSNA 150,L1P,L
A86A49,N641PT,GLAS,Glasair,L1P,L
A86C49,N6417K,C172,CESSNA 172 Skyhawk,L1P,L
A86E49,N642SR,SR22,CIRRUS SR-22,L1P,L
A87749,N6446H,J3,PIPER J-3 Cub,L1P,L
A87949,N645RD,RV9,VANS RV-9,L1P,L
A87B49,N6458L,C152,CESSNA 152,L1P,L
A87E49,N6463C,T6,NORTH AMERICAN T-6 Texan,L1P,L
A88149,N647X,RV7,VANS RV-7,L1P,L
A88D49,N650FT,P28A,PIPER PA-28-140/150/160/180,L1P,L
A89049,N65086,DFLY,VIKING Dragonfly,L1P,L
A89149,N651JR,SR22,CIRRUS SR-22,L1P,L
A89449,N652BH,BEAR,AVIPRO RB-4 Bearhawk,L1P,L
A89549,N652MP,GLF6,GULFSTREAM G650,L2J,M
A89749,N65251,C172,CESSNA 172 Skyhawk,L1P,L
A89B49,N65374,PARA,,P0-,-
A89E49,N6542W,P28A,PIPER PA-28-140/150/160/180,L1P,L
A89F49,N65497,C172,CESSNA 172 Skyhawk,L1P,L
A8A049,N655LB,BALL,,B0-,-
A8A649,N65662,LA4,LAKE LA-4/200,A1P,L
A8A949,N6571U,M20P,MOONEY M-20,L1P,L
A8B149,N65950,GLID,,L0-,-
A8B249,N66EE,BE33,BEECH 33 Bonanza,L1P,L
A8B749,N6605J,P28A,PIPER PA-28-140/150/160/180,L1P,L
A8B849,N661DP,MU2,MITSUBISHI MU-2 Marquise,L2T,L
A8BA49,N6610A,C172,CESSNA 172 Skyhawk,L1P,L
A8BC49,N662GM,PA46,PIPER PA-46-310/350,L1P,L
A8BE49,N6622D,C172,CESSNA 172 Skyhawk,L1P,L
A8C049,N663KK,SR22,CIRRUS SR-22,L1P,L
A8C649,N6646K,BE55,BEECH 55 Baron,L2P,L
A8C949,N6651B,DRON,,D0-,-
A8CA49,N6658N,TA15,TAYLORCRAFT 15 Foursome,L1P,L
A8D249,N668DN,B752,BOEING 757-200,L2J,M
A8D749,N669SS,A119,AGUSTA AW-119 Koala,H1T,L
A8DA49,N67KJ,CH7A,BELLANCA 7 Champion,L1P,L
A8DE49,N6701X,C310,CESSNA 310,L2P,L
A8E049,N671JT,DHC2,DE HAVILLAND DHC-2 Beaver,L1P,L
A8E249,N67130,B06,BELL 206 JetRanger,H1T,L
A8E449,N672MR,PARA,,P0-,-
A8F149,N67541,C152,CESSNA 152,L1P,L
A8F249,N676CW,DG1T,DG FLUGZEUGBAU DG-1001T,L1P,L
A8F549,N67664,C340,CESSNA 340 Super,L2P,L
A8F949,N67787,C152,CESSNA 152,L1P,L
A8FA49,N678JS,C414,CESSNA 414 Chancellor,L2P,L
A90049,N67952,B06,BELL 206 JetRanger,H1T,L
A90349,N680AT,C680,CESSNA 680 Citation Sovereign,L2J,M
A90A49,N6817P,PA24,PIPER PA-24 Comanche,L1P,L
A90B49,N682GP,C172,CESSNA 172 Skyhawk,L1P,L
A91349,N684NK,A321,AIRBUS A-321,L2J,M
A91A49,N686J,P28A,PIPER PA-28-140/150/160/180,L1P,L
A91D49,N687AS,ULAC,,L0-,-
A92349,N6880B,PA18,PIPER PA-18 Super Cub,L1P,L
A92449,N6887N,M20P,MOONEY M-20,L1P,L
A92849,N6899R,AEST,AEROSTAR 600,L2P,L
A92949,N69KL,SU29,SUKHOI Su-29,L1P,L
A92A49,N69VS,MD60,MCDONNELL-DOUGLAS MD-600N,H1T,L
A92C49,N690SC,BE20,BEECH 200 Super King Air,L2T,M
A93149,N69132,C152,CESSNA 152,L1P,L
A93249,N692BM,PA46,PIPER PA-46-310/350,L1P,L
A93849,N6930X,BE33,BEECH 33 Bonanza,L1P,L
A93D49,N695A,P28A,PIPER PA-28-140/150/160/180,L1P,L
A94449,N69666,ST75,STEARMAN Kaydet,L1P,L
A94749,N6971Y,PA23,PIPER PA-23,L2P,L
A94A49,N698V,A139,AGUSTA AW-139,H2T,L
A94B49,N69831,C310,CESSNA 310,L2P,L
A94D49,N699MS,TB20,SOCATA TB-20 Trinidad,L1P,L
A95349,N70MA,HUSK,CHRISTEN Husky,L1P,L
A95549,N700HM,GL5T,BOMBARDIER BD-700 Global 5000/5500,L2J,M
A95849,N701AD,CH70,ZENAIR CH-701 Stol,L1P,L
A95949,N701LK,CH70,ZENAIR CH-701 Stol,L1P,L
A95A49,N701WR,CH70,ZENAIR CH-701 Stol,L1P,L
A95B49,N70147,BALL,,B0-,-
A95C49,N702DB,GLST,GLASAIR SH-4 GlaStar,L1P,L
A96049,N703G,P28A,PIPER PA-28-140/150/160/180,L1P,L
A96249,N70312,DG15,HOWARD Nightingale,L1P,L
A96349,N7039C,PA32,PIPER PA-32,L1P,L
A96A49,N70558,PA18,PIPER PA-18 Super Cub,L1P,L
A96E49,N7068A,C172,CESSNA 172 Skyhawk,L1P,L
A97049,N707TS,BE60,BEECH 60 Duke,L2P,L
A97149,N70723,RV7,VANS RV-7,L1P,L
A97549,N70846,PA23,PIPER PA-23,L2P,L
A97949,N70969,J3,PIPER J-3 Cub,L1P,L
A97B49,N71SE,R44,ROBINSON R-44 Raven,H1P,L
A97C49,N710CK,B744,BOEING 747-400,L4J,H
A98049,N711FH,C185,CESSNA 185 Skywagon,L1P,L
A98149,N711RP,TB20,SOCATA TB-20 Trinidad,L1P,L
A98449,N712JF,C337,CESSNA 337 Super Skymaster,L2P,L
A98549,N712UM,,,,
A98649,N7123N,BE95,BEECH 95 Travel Air,L2P,L
A98849,N713MD,BE30,BEECH 300 Super King Air,L2T,L
A98B49,N714DW,C150,CESSNA 150,L1P,L
A98E49,N7147U,M20P,MOONEY M-20,L1P,L
A99049,N715T,C152,CESSNA 152,L1P,L
A99149,N7152L,AA5,AMERICAN AA-5 Tiger,L1P,L
A99249,N7159X,C150,CESSNA 150,L1P,L
A99349,N716KS,,,,
A99549,N7164P,BALL,,B0-,-
A99949,N7176S,GLF4,GULFSTREAM 4,L2J,M
A99A49,N718FG,BE36,BEECH 36 Bonanza,L1P,L
A99C49,N7181J,BE65,BEECH 65 Queen Air,L2P,L
A99D49,N7188V,M20P,MOONEY M-20,L1P,L
A9A049,N7193M,BE65,BEECH 65 Queen Air,L2P,L
A9A249,N72MC,C82T,CESSNA TR182 Turbo Skylane RG,L1P,L
A9A749,N721AF,PC12,PILATUS PC-12,L1T,L
A9A949,N721WT,SR22,CIRRUS SR-22,L1P,L
A9AA49,N72149,,,,
A9AE49,N7227B,BE35,BEECH 35 Starfire Bonanza,L1P,L
A9AF49,N723GB,E50P,EMBRAER EMB-500 Phenom 100,L2J,L
A9B049,N723SH,MD83,MCDONNELL-DOUGLAS MD-83,L2J,M
A9B349,N724K,,,,
A9B649,N725BS,E55P,EMBRAER EMB-505 Phenom 300,L2J,M
A9BD49,N7268C,L37,LOCKHEED L-137 Ventura,L2P,M
A9C449,N72848,C140,CESSNA 140,L1P,L
A9C849,N7297A,C172,CESSNA 172 Skyhawk,L1P,L
A9CA49,PR-WIW,BE36,BEECH 36 Bonanza,L1P,L
A9CF49,N731FK,P210,CESSNA P210 Centurion,L1P,L
A9D049,N731RR,P210,CESSNA P210 Centurion,L1P,L
A9D249,N7318Y,PA30,PIPER PA-30 Twin Comanche,L2P,L
A9D549,N7323Q,C182,CESSNA 182 Skylane,L1P,L
A9D949,N7335T,C82R,CESSNA R182 Skylane RG,L1P,L
A9DA49,N734DY,C172,CESSNA 172 Skyhawk,L1P,L
A9DD49,N7347W,P28A,PIPER PA-28-140/150/160/180,L1P,L
A9DF49,N735TB,C182,CESSNA 182 Skylane,L1P,L
A9E349,N736W,S05R,SIAI-MARCHETTI S-205-22R,L1P,L
A9E449,N7364R,C82R,CESSNA R182 Skylane RG,L1P,L
A9ED49,N739JG,C82R,CESSNA R182 Skylane RG,L1P,L
A9EE49,N739UN,C172,CESSNA 172 Skyhawk,L1P,L
A9EF49,N7393P,PA24,PIPER PA-24 Comanche,L1P,L
A9F149,N74ME,DRON,,D0-,-
A9F249,N74XL,B222,BELL 222,H2T,L
A9F949,N7415A,C172,CESSNA 172 Skyhawk,L1P,L
A9FF49,N743SK,CRJ7,BOMBARDIER Regional Jet CRJ-700,L2J,M
AA0149,N7439G,C172,CESSNA 172 Skyhawk,L1P,L
AA0449,N74439,AA5,AMERICAN AA-5 Tiger,L1P,L
AA0F49,N74727,M20P,MOONEY M-20,L1P,L
AA1349,N7485,ULAC,,L0-,-
AA1749,N7497C,T28,NORTH AMERICAN T-28,L1P,L
AA1949,N75SJ,FA7X,DASSAULT Falcon 7X,L3J,M
AA1A49,N750CP,C172,CESSNA 172 Skyhawk,L1P,L
AA1D49,N7506X,C172,CESSNA 172 Skyhawk,L1P,L
AA2149,N75180,BALL,,B0-,-
AA2849,N7535V,C77R,CESSNA 177RG Cardinal RG,L1P,L
AA2B49,N7540M,,,,
AA2F49,N7552Q,C310,CESSNA 310,L2P,L
AA3049,N75591,C172,CESSNA 172 Skyhawk,L1P,L
AA3249,N756WB,C82R,CESSNA R182 Skylane RG,L1P,L
AA3349,N7564T,C172,CESSNA 172 Skyhawk,L1P,L
AA3649,N757Z,TAIL,WITTMAN Tailwind,L1P,L
AA3749,N7576W,P28A,PIPER PA-28-140/150/160/180,L1P,L
AA3949,N758RS,C172,CESSNA 172 Skyhawk,L1P,L
AA3D49,N759UQ,C182,CESSNA 182 Skylane,L1P,L
AA3E49,N7593R,P28A,PIPER PA-28-140/150/160/180,L1P,L
AA3F49,N76BA,BE36,BEECH 36 Bonanza,L1P,L
AA4049,N76MG,P46T,PIPER PA-46-500TP,L1T,L
AA4249,N760HT,S61,SIKORSKY S-61 Sea King,H2T,M
AA4549,N761AK,C210,CESSNA 201 Centurion,L1P,L
AA4949,N762DH,RV4,VANS RV-4,L1P,L
AA4A49,N762PP,BE20,BEECH 200 Super King Air,L2T,M
AA5049,N7639J,P28R,PIPER PA-28R-180/200/201,L1P,L
AA5749,N7656D,PA22,PIPER PA-22,L1P,L
AA6249,N7685B,B14A,BELLANCA 14,L1P,L
AA6749,N77GE,TAIL,WITTMAN Tailwind,L1P,L
AA6849,N77SL,PA30,PIPER PA-30 Twin Comanche,L2P,L
AA6E49,N771RV,,,,
AA7049,N77182,C182,CESSNA 182 Skylane,L1P,L
AA7249,N772UT,B429,BELL 429 GlobalRanger,H2T,L
AA7349,N7723U,C172,CESSNA 172 Skyhawk,L1P,L
AA7C49,N775H,RV6,VANS RV-6,L1P,L
AA7D49,N775TF,C25A,CESSNA 525A Citation CJ2,L2J,L
AA7E49,N7752S,GLID,,L0-,-
AA8349,N777CQ,PC12,PILATUS PC-12,L1T,L
AA8549,N777ZB,FBA2,FOUND FB-2 Bush Hawk,L1P,L
AA8A49,N77881,L8,LUSCOMBE 8,L1P,L
AA8C49,N779US,DA40,DIAMOND DA-40 Club Star,L1P,L
AA8E49,N78BC,BT36,BEECH B36TC Bonanza,L1P,L
AA8F49,N78MJ,P28A,PIPER PA-28-140/150/160/180,L1P,L
AA9249,N780UA,B772,BOEING 777-200,L2J,H
AA9349,N7803B,NAVI,NORTH AMERICAN Navion,L1P,L
AA9449,N781AM,RV6,VANS RV-6,L1P,L
AA9749,N7815E,GLST,GLASAIR SH-4 GlaStar,L1P,L
AA9949,N782PR,,,,
AAA449,N785ND,PA44,PIPER PA-44 Seminole,L2P,L
AAA649,N7856F,C150,CESSNA 150,L1P,L
AAA949,N78608,PA11,PIPER PA-11 Cub Special,L1P,L
AAAD49,N7873A,B737,BOEING 737-700,L2J,M
AAAF49,N788LS,B733,BOEING 737-300,L2J,M
AAB149,N7885D,PA18,PIPER PA-18 Super Cub,L1P,L
AAB849,N790CT,FDCT,FLIGHT DESIGN CT,L1P,L
AABC49,N791FR,M20P,MOONEY M-20,L1P,L
AABF49,N79184,C172,CESSNA 172 Skyhawk,L1P,L
AAC249,N7923W,P28A,PIPER PA-28-140/150/160/180,L1P,L
AAC649,N7935Z,C150,CESSNA 150,L1P,L
AAC949,N7940R,DRON,,D0-,-
AACA49,N79472,C172,CESSNA 172 Skyhawk,L1P,L
AACC49,N795TH,C172,CESSNA 172 Skyhawk,L1P,L
AACD49,N7952U,C172,CESSNA 172 Skyhawk,L1P,L
AACF49,N796L,EAGL,CHRISTEN Eagle,L1P,L
AAD149,N7964X,C172,CESSNA 172 Skyhawk,L1P,L
AAD249,N797CS,CL30,BOMBARDIER BD-100 Challenger 300,L2J,M
AADA49,N799JN,MD11,MCDONNELL-DOUGLAS MD-11,L3J,H
AADD49,N8BE,LGEZ,RUTAN Long-EZ,L1P,L
AADE49,N8ML,P28A,PIPER PA-28-140/150/160/180,L1P,L
AAE449,N8000V,C188,CESSNA 188 AgTruck,L1P,L
AAE649,N801HF,AT8T,AIR TRACTOR AT-802,L1T,M
AAE849,N8012Y,PA30,PIPER PA-30 Twin Comanche,L2P,L
AAEA49,N802LD,AT8T,AIR TRACTOR AT-802,L1T,M
AAF349,N8041W,P28A,PIPER PA-28-140/150/160/180,L1P,L
AAF449,N80487,C172,CESSNA 172 Skyhawk,L1P,L
AAF549,N805JS,RLU1,RLU Super Breezy,L1P,L
AAFE49,N8070U,RV9,VANS RV-9,L1P,L
AAFF49,N80775,GC1,GLOBE Swift,L1P,L
AB0149,N808TL,TL20,TL ULTRALIGHT TL-2000 Sting,L1P,L
AB0249,N8082X,C172,CESSNA 172 Skyhawk,L1P,L
AB0649,N80940,BALL,,B0-,-
AB0749,N81CV,SREY,PROGRESSIVE AERODYNE SeaRey,A1P,L
AB0849,N81PA,BE30,BEECH 300 Super King Air,L2T,L
AB1049,N8116M,C310,CESSNA 310,L2P,L
AB1149,N812FB,,,,
AB1449,N8128Q,PA32,PIPER PA-32,L1P,L
AB1549,N813J,RV12,VANS RV-12,L1P,L
AB1E49,N8150B,C172,CESSNA 172 Skyhawk,L1P,L
AB1F49,N8157N,P28A,PIPER PA-28-140/150/160/180,L1P,L
AB2249,N8162E,M20P,MOONEY M-20,L1P,L
AB2349,N8169R,BE35,BEECH 35 Starfire Bonanza,L1P,L
AB2649,N8174H,PA34,PIPER PA-34 Seneca,L2P,L
AB2749,N818CC,PA23,PIPER PA-23,L2P,L
AB2D49,N8191C,PA20,PIPER PA-20 Pacer,L1P,L
AB3349,N8200X,C172,CESSNA 172 Skyhawk,L1P,L
AB3A49,N822WM,SR22,CIRRUS SR-22,L1P,L
AB3D49,N823PD,FOX,KITFOX,L1P,L
AB3F49,N82366,E75L,EMBRAER ERJ-170-200 (long wing),L2J,M
AB4149,N824SB,BE55,BEECH 55 Baron,L2P,L
AB4249,N8241Y,P28R,PIPER PA-28R-180/200/201,L1P,L
AB4349,N82489,CH7A,BELLANCA 7 Champion,L1P,L
AB4549,N825V,BE36,BEECH 36 Bonanza,L1P,L
AB4849,N826MS,SR20,CIRRUS SR-20,L1P,L
AB4A49,N82654,PA32,PIPER PA-32,L1P,L
AB4D49,N8270W,P28A,PIPER PA-28-140/150/160/180,L1P,L
AB4E49,N82777,CH7A,BELLANCA 7 Champion,L1P,L
AB5249,N829,RV4,VANS RV-4,L1P,L
AB5549,N82942,PA18,PIPER PA-18 Super Cub,L1P,L
AB5749,N83PC,COZY,CO-Z Cozy,L1P,L
AB5B49,N8304L,P28A,PIPER PA-28-140/150/160/180,L1P,L
AB5C49,N831CF,S22T,CIRRUS SR-22T Turbo,L1P,L
AB5F49,N8316P,PA24,PIPER PA-24 Comanche,L1P,L
AB6349,N8328S,C182,CESSNA 182 Skylane,L1P,L
AB6449,N833JB,F2TH,DASSAULT Falcon 2000,L2J,M
AB6A49,N8345M,C150,CESSNA 150,L1P,L
AB6B49,N835DS,DA40,DIAMOND DA-40 Club Star,L1P,L
AB7549,N8374K,S108,STINSON 108 Voyager,L1P,L
AB7B49,N839RJ,FOX,KITFOX,L1P,L
AB7D49,N8398R,P28A,PIPER PA-28-140/150/160/180,L1P,L
AB7E49,N84JA,RV8,VANS RV-8,L1P,L
AB8449,N841HK,E145,EMBRAER ERJ-145,L2J,M
AB8649,N84122,C172,CESSNA 172 Skyhawk,L1P,L
AB8E49,N84368,P32R,PIPER PA-32R-300/301/301T,L1P,L
AB9949,N84656,C172,CESSNA 172 Skyhawk,L1P,L
AB9B49,N847QS,C700,CESSNA 700 Citation Longitude,L2J,M
AB9C49,N8470Y,PA32,PIPER PA-32,L1P,L
AB9D49,N84779,CH7A,BELLANCA 7 Champion,L1P,L
ABA049,N84821,CH7A,BELLANCA 7 Champion,L1P,L
ABA649,N85PE,T206,CESSNA T206 Turbo Stationair,L1P,L
ABAA49,N8504N,P28B,PIPER PA-28-201T/235/236,L1P,L
ABB149,N8521H,NAVI,NORTH AMERICAN Navion,L1P,L
ABB249,N8528U,C150,CESSNA 150,L1P,L
ABB749,N854MB,AS50,AEROSPATIALE AS-350 Ecureuil,H1T,L
ABBD49,N8557S,C182,CESSNA 182 Skylane,L1P,L
ABC149,N8569V,CH7B,BELLANCA 7 Citabria,L1P,L
ABC449,N8574M,BE35,BEECH 35 Starfire Bonanza,L1P,L
ABC549,N858CG,GLF6,GULFSTREAM G650,L2J,M
ABC649,N858NN,B738,BOEING 737-800,L2J,M
ABC949,N859FE,C208,CESSNA 208 Caravan,L1T,L
ABCC49,N8598T,C182,CESSNA 182 Skylane,L1P,L
ABD149,N86001,AR11,AERONCA 11 Chief,L1P,L
ABDB49,N863PH,H500,HUGHES 500,H1T,L
ABDE49,N864G,CC19,CUB CRAFTERS CC-19 XCub,L1P,L
ABDF49,N864SF,C208,CESSNA 208 Caravan,L1T,L
ABEB49,N86700,B14A,BELLANCA 14,L1P,L
ABF449,N87DA,DA62,DIAMOND DA-62,L2P,L
ABF949,N8704Q,B38M,BOEING 737 MAX 8,L2J,M
ABFD49,N8716T,C182,CESSNA 182 Skylane,L1P,L
AC0949,N875DW,CH60,ZENAIR CH-600 Zodiac,L1P,L
AC0E49,N876T,BE35,BEECH 35 Starfire Bonanza,L1P,L
AC1049,N8769X,C182,CESSNA 182 Skylane,L1P,L
AC1749,N8786S,C150,CESSNA 150,L1P,L
AC1B49,N8798V,BL17,BELLANCA 17 Viking,L1P,L
AC2149,N8808D,PA22,PIPER PA-22,L1P,L
AC2249,N881HP,T206,CESSNA T206 Turbo Stationair,L1P,L
AC2549,N882AF,PC12,PILATUS PC-12,L1T,L
AC2849,N88249,J3,PIPER J-3 Cub,L1P,L
AC2949,N883DD,C182,CESSNA 182 Skylane,L1P,L
AC2C49,N8837B,CRJ2,BOMBARDIER Regional Jet CRJ-200,L2J,M
AC3349,N88537,C421,CESSNA 421 Executive Commuter,L2P,L
AC3B49,N8878C,PA22,PIPER PA-22,L1P,L
AC3C49,N888HN,PC24,PILATUS PC-24,L2J,M
AC3E49,N88825,,,,
AC3F49,N889AE,AS50,AEROSPATIALE AS-350 Ecureuil,H1T,L
AC4749,N890WA,PC12,PILATUS PC-12,L1T,L
AC4C49,N8916V,C172,CESSNA 172 Skyhawk,L1P,L
AC5249,N893UP,BE30,BEECH 300 Super King Air,L2T,L
AC5749,N8945T,C182,CESSNA 182 Skylane,L1P,L
AC5B49,N8957W,P28B,PIPER PA-28-201T/235/236,L1P,L
AC5D49,N896TB,H60,SIKORSKY UH-60 Black Hawk,H2T,M
AC5E49,N8962N,PA32,PIPER PA-32,L1P,L
AC6149,N897W,GLID,,L0-,-
AC6649,N8986U,C150,CESSNA 150,L1P,L
AC6949,N8991L,AA1,AMERICAN AA-1,L1P,L
AC6B49,N9JG,T18,THORP Tiger,L1P,L
AC6D49,N90ET,C240,CESSNA 240 Corvalis TTx,L1P,L
AC7049,N900MK,F900,DASSAULT Falcon 900,L3J,M
AC7749,N902H,C172,CESSNA 172 Skyhawk,L1P,L
AC7849,N902TF,F2TH,DASSAULT Falcon 2000,L2J,M
AC7949,N9022S,BE35,BEECH 35 Starfire Bonanza,L1P,L
AC7A49,N90293,,,,
AC7D49,N9034V,BE36,BEECH 36 Bonanza,L1P,L
AC8049,N904ZB,B429,BELL 429 GlobalRanger,H2T,L
AC8149,N9046Y,ST75,STEARMAN Kaydet,L1P,L
AC8449,N9051Q,PA12,PIPER PA-12 Super Cruiser,L1P,L
AC8849,N9063T,AS20,SCHLEICHER ASW-20,L1P,L
AC8949,N907BC,PA18,PIPER PA-18 Super Cub,L1P,L
AC8A49,N907MJ,,,,
AC8C49,N9075W,,,,
AC8F49,N9080N,AC50,NORTH AMERICAN ROCKWELL Commander 500,L2P,L
AC9349,N9092R,,,,
AC9449,N90992,CH7A,BELLANCA 7 Champion,L1P,L
AC9549,N91KX,CH75,ZENAIR CH-750 Cruzer,L1P,L
AC9849,N910SP,COUR,HELIO Courier,L1P,L
AC9949,N9102,GLF5,GULFSTREAM 5,L2J,M
AC9A49,N9109L,CH7B,BELLANCA 7 Citabria,L1P,L
AC9B49,N911KF,FOX,KITFOX,L1P,L
AC9C49,N911VM,PC12,PILATUS PC-12,L1T,L
ACA849,N9143A,C170,CESSNA 170,L1P,L
ACAC49,N9155D,PA22,PIPER PA-22,L1P,L
ACAD49,N916DJ,C500,CESSNA 500 Citation 1,L2J,L
ACB049,N9167G,C182,CESSNA 182 Skylane,L1P,L
ACB549,N918KE,MT,ROTORSPORT MTOSport,G1P,L
ACBC49,N92EV,PAY4,PIPER PA-42-1000 Cheyenne 400,L2T,L
ACBF49,N920MM,COL4,CESSNA 400 Corvalis TT,L1P,L
ACC249,N921ED,FA50,DASSAULT Falcon 50,L3J,M
ACC549,N92172,C182,CESSNA 182 Skylane,L1P,L
ACC649,N922HB,BE58,BEECH 58 Baron,L2P,L
ACC849,N9222U,C150,CESSNA 150,L1P,L
ACCD49,N924CS,,,,
ACD049,N92460,C182,CESSNA 182 Skylane,L1P,L
ACD349,N9251S,BE24,BEECH 24 Sierra,L1P,L
ACD449,N92583,PA12,PIPER PA-12 Super Cruiser,L1P,L
ACD549,N926JN,S22T,CIRRUS SR-22T Turbo,L1P,L
ACD749,N9263V,M20P,MOONEY M-20,L1P,L
ACDB49,N9275Y,PA46,PIPER PA-46-310/350,L1P,L
ACE049,N929HA,ECHO,TECNAM P-92 Echo,L1P,L
ACE149,N929TG,C208,CESSNA 208 Caravan,L1T,L
ACE549,N93WE,BL8,BELLANCA 8 Decathlon,L1P,L
ACE649,N930GK,PA23,PIPER PA-23,L2P,L
ACE749,N930SR,TBM7,SOCATA TBM-700A/B/C,L1T,L
ACEC49,N9314E,C172,CESSNA 172 Skyhawk,L1P,L
ACED49,N932C,C208,CESSNA 208 Caravan,L1T,L
ACF149,N933EY,GLEX,BOMBARDIER BD-700 Global 6000/6500,L2J,M
ACF849,N935AN,B738,BOEING 737-800,L2J,M
ACFD49,N936PS,B407,BELL 407,H1T,L
AD0649,N9384D,PA18,PIPER PA-18 Super Cub,L1P,L
AD0B49,N94EX,E300,EXTRA EA-300/330/350,L1P,L
AD1149,N941EF,D328,DORNIER 328,L2T,M
AD1449,N94174,ERCO,AIR PRODUCTS F-1 Aircoupe,L1P,L
AD1749,N9422W,P28B,PIPER PA-28-201T/235/236,L1P,L
AD2049,N945FS,CL60,BOMBARDIER CL-600 Challenger,L2J,M
AD2249,N9451U,C150,CESSNA 150,L1P,L
AD2349,N94585,C152,CESSNA 152,L1P,L
AD2649,N9463X,C210,CESSNA 201 Centurion,L1P,L
AD2D49,N9480S,BE35,BEECH 35 Starfire Bonanza,L1P,L
AD3149,N9492V,M20P,MOONEY M-20,L1P,L
AD3B49,N9514G,T206,CESSNA T206 Turbo Stationair,L1P,L
AD3C49,N952CB,C210,CESSNA 201 Centurion,L1P,L
AD3F49,N9526K,P28A,PIPER PA-28-140/150/160/180,L1P,L
AD4049,N953F,C560,CESSNA 560 Citation Ultra,L2J,M
AD4249,N9531B,T210,CESSNA T210 Turbo Centurion,L1P,L
AD4649,N9543E,AR11,AERONCA 11 Chief,L1P,L
AD4A49,N9555H,C172,CESSNA 172 Skyhawk,L1P,L
AD4D49,N9560,BE18,BEECH 18 Expetitor,L2P,L
AD4E49,N9567L,C172,CESSNA 172 Skyhawk,L1P,L
AD5149,N9572C,P32R,PIPER PA-32R-300/301/301T,L1P,L
AD5949,N9596J,P28A,PIPER PA-28-140/150/160/180,L1P,L
AD5A49,N96EZ,LGEZ,RUTAN Long-EZ,L1P,L
AD5D49,N960MR,TBM9,SOCATA TBM-900/910/930/940,L1T,L
AD6649,N9622Y,BE35,BEECH 35 Starfire Bonanza,L1P,L
AD6749,N96299,C172,CESSNA 172 Skyhawk,L1P,L
AD7049,N965S,C182,CESSNA 182 Skylane,L1P,L
AD7249,N96587,TAYB,TAYLORCRAFT BC/BF/BL,L1P,L
AD7949,N96752,TAYB,TAYLORCRAFT BC/BF/BL,L1P,L
AD7D49,N96875,TAYB,TAYLORCRAFT BC/BF/BL,L1P,L
AD8B49,N972CD,SR22,CIRRUS SR-22,L1P,L
AD9049,N973RH,B06,BELL 206 JetRanger,H1T,L
AD9349,N974J,RAF2,ROTARY AIR FORCE RAF-2000,G1P,L
AD9949,N9755K,S108,STINSON 108 Voyager,L1P,L
AD9C49,N9760B,C208,CESSNA 208 Caravan,L1T,L
ADA149,N9779R,BE35,BEECH 35 Starfire Bonanza,L1P,L
ADA449,N9784H,C82R,CESSNA R182 Skylane RG,L1P,L
ADA949,N98FA,PA31,PIPER PA-31-300/310/325/350/425,L2P,L
ADAE49,N98055,P28A,PIPER PA-28-140/150/160/180,L1P,L
ADB249,N98178,J3,PIPER J-3 Cub,L1P,L
ADB449,N982TP,C208,CESSNA 208 Caravan,L1T,L
ADBB49,N984PD,C82S,CESSNA T182 Turbo Skylane,L1P,L
ADBF49,N985SB,,,,
ADC049,N9851Y,CH7A,BELLANCA 7 Champion,L1P,L
ADCB49,N9880W,P28A,PIPER PA-28-140/150/160/180,L1P,L
ADCC49,N98877,J3,PIPER J-3 Cub,L1P,L
ADD149,N99LE,GLEX,BOMBARDIER BD-700 Global 6000/6500,L2J,M
ADD349,N990GR,B350,BEECHCRAFT Super King Air 350,L2T,M
ADD649,N9909U,AA5,AMERICAN AA-5 Tiger,L1P,L
ADD749,N991KP,P46T,PIPER PA-46-500TP,L1T,L
ADD949,N9914L,C172,CESSNA 172 Skyhawk,L1P,L
ADDE49,N993FD,B752,BOEING 757-200,L2J,M
ADE249,N994JB,C82S,CESSNA T182 Turbo Skylane,L1P,L
ADE449,N9943J,GLID,,L0-,-
ADE549,N995AU,C510,CESSNA 510 Citation Mustang,L2J,L
ADE849,N9955M,BE58,BEECH 58 Baron,L2P,L
ADEC49,N9967Q,PA18,PIPER PA-18 Super Cub,L1P,L
ADF049,N9979T,C182,CESSNA 182 Skylane,L1P,L
ADF349,N9984K,B06,BELL 206 JetRanger,H1T,L
ADF449,N999CE,BT36,BEECH B36TC Bonanza,L1P,L
ADF749,N9996N,C180,CESSNA  180 Skywagon,L1P,L
ADFE49,94-00317,BE20,BEECH 200 Super King Air,L2T,M
ADFF49,66-4328,T38,NORTHROP T-38 Talon,L2J,L
AE0049,64-13224,T38,NORTHROP T-38 Talon,L2J,L
AE0149,57-1468,K35R,BOEING KC-135R/T Stratotanker,L4J,H
AE0449,02-4452,B752,BOEING 757-200,L2J,M
AE0649,57-1494,K35R,BOEING KC-135R/T Stratotanker,L4J,H
AE0949,68-10329,U2,LOCKHEED U-2,L1J,M
AE0A49,94-26591,H60,SIKORSKY UH-60 Black Hawk,H2T,M
AE0C49,85-24457,H60,SIKORSKY UH-60 Black Hawk,H2T,M
AE0E49,96-26682,H60,SIKORSKY UH-60 Black Hawk,H2T,M
AE1149,165983,TEX2,BEECHCRAFT T-6 Texan 2,L1T,L
AE1449,05-5139,C17,BOEING C-17 Globemaster 3,L4J,H
AE1749,06-3855,TEX2,BEECHCRAFT T-6 Texan 2,L1T,L
AE1949,80-0153,A10,FAIRCHILD A-10 Thunderbolt II,L2J,M
AE1E49,07-3873,TEX2,BEECHCRAFT T-6 Texan 2,L1T,L
AE1F49,08-72058,EC45,AIRBUS HELICOPTERS EC-145,H2T,L
AE2049,14-72314,EC45,AIRBUS HELICOPTERS EC-145,H2T,L
AE4849,08-20120,H60,SIKORSKY UH-60 Black Hawk,H2T,M
AE4B49,161988,H53,SIKORSKY CH-53,H2T,M
AE4D49,168563,H60,SIKORSKY UH-60 Black Hawk,H2T,M
AE5649,12-20521,H60,SIKORSKY UH-60 Black Hawk,H2T,M
AE5749,13-2019,E314,EMBRAER EMB-314 Super Tucano,L1T,L
AE5A49,14-72349,EC45,AIRBUS HELICOPTERS EC-145,H2T,L
AE5B49,14-20715,H60,SIKORSKY UH-60 Black Hawk,H2T,M
AE5D49,16-20832,H60,SIKORSKY UH-60 Black Hawk,H2T,M
AE5F49,169560,P8,BOEING P-8 Poseidon,L2J,M
AE6249,69-6667,B212,BELL 212,H2T,L
AE6349,19-72465,EC45,AIRBUS HELICOPTERS EC-145,H2T,L
AE6A49,19-03258,H64,MCDONNELL DOUGLAS AH-64 Apache,H2T,M
C00149,C-FAMQ,PTS2,PITTS S-2 Special,L1P,L
C00249,C-FAWM,PA18,PIPER PA-18 Super Cub,L1P,L
C00349,C-FBGI,C185,CESSNA 185 Skywagon,L1P,L
C00449,C-FBQE,C172,CESSNA 172 Skyhawk,L1P,L
C00549,C-FCAA,BE55,BEECH 55 Baron,L2P,L
C00749,C-FCTS,,,,
C00849,C-FDDO,GA20,GIPPSLAND GA-200 Fatman,L1P,L
C00949,C-FDNK,EC20,AIRBUS HELICOPTERS EC-120,H1T,L
C00A49,C-FDXG,SIDE,SMYTH Sidewinder,L1P,L
C00B49,C-FEHC,C140,CESSNA 140,L1P,L
C00E49,C-FFKQ,GLID,,L0-,-
C00F49,C-FFUM,C150,CESSNA 150,L1P,L
C01049,C-FGEI,B789,BOEING 787-9 Dreamliner,L2J,H
C01149,C-FGOE,PA20,PIPER PA-20 Pacer,L1P,L
C01349,C-FHHW,CH7B,BELLANCA 7 Citabria,L1P,L
C01549,C-FIBO,DHC6,DE HAVILLAND DHC-6 Twin Otter,L2T,L
C01749,C-FIVG,C172,CESSNA 172 Skyhawk,L1P,L
C01849,C-FJFC,R66,ROBINSON R-66,H1T,L
C01949,C-FJOY,CH7A,BELLANCA 7 Champion,L1P,L
C01A49,C-FJYU,NAVI,NORTH AMERICAN Navion,L1P,L
C01B49,C-FKIQ,,,,
C01D49,C-FLCI,EC45,AIRBUS HELICOPTERS EC-145,H2T,L
C01E49,C-FLME,AS50,AEROSPATIALE AS-350 Ecureuil,H1T,L
C01F49,C-FLWA,AUS6,AUSTER AOP6,L1P,L
C02049,C-FMFW,B412,BELL 412,H2T,L
C02149,C-FMPS,DHC2,DE HAVILLAND DHC-2 Beaver,L1P,L
C02249,C-FMZO,CH7A,BELLANCA 7 Champion,L1P,L
C02349,C-FNJK,,,,
C02449,C-FNTG,BE35,BEECH 35 Starfire Bonanza,L1P,L
C02549,C-FODC,BE10,BEECH 100 King Air,L2T,L
C02649,C-FOMY,CH7B,BELLANCA 7 Citabria,L1P,L
C02749,C-FOWU,BCS3,AIRBUS A220-300,L2J,M
C02949,C-FPQM,CAT,CANADAIR Catalina,A2P,M
C02D49,C-FRDW,CH7A,BELLANCA 7 Champion,L1P,L
C02F49,C-FRXO,BE55,BEECH 55 Baron,L2P,L
C03049,C-FSHK,MITE,MOONEY M-18,L1P,L
C03149,C-FSRG,ZZZZ,,-0-,-
C03249,C-FTBC,C206,CESSNA  206 Stationair,L1P,L
C03449,C-FTUU,PA44,PIPER PA-44 Seminole,L2P,L
C03549,C-FUEQ,B06,BELL 206 JetRanger,H1T,L
C03749,C-FUYI,C185,CESSNA 185 Skywagon,L1P,L
C03849,C-FVIE,,,,
C03949,C-FVSA,SYMP,OMF Symphony,L1P,L
C03A49,C-FWBW,B212,BELL 212,H2T,L
C03B49,C-FWLS,B430,BELL 430,H2T,L
C03C49,C-FWVO,AT5T,AIR TRACTOR AT-504,L1T,L
C03E49,C-FXPG,P28A,PIPER PA-28-140/150/160/180,L1P,L
C03F49,C-FXZC,,,,
C04049,C-FYIY,A319,AIRBUS A-319,L2J,M
C04249,C-FZCQ,RV10,VANS RV-10,L1P,L
C04349,C-FZMM,RV9,VANS RV-9,L1P,L
C04449,C-FZWI,GYRO,,G0-,-
C04549,C-GAGE,C441,CESSNA 441 Conquest,L2T,L
C04649,C-GAQA,,,,
C04749,C-GAZW,C172,CESSNA 172 Skyhawk,L1P,L
C04849,C-GBJS,FINC,FLEET Finch,L1P,L
C04949,C-GBTO,,,,
C04A49,C-GCDK,M4,MAULE M-4,L1P,L
C04B49,C-GCNG,CH7A,BELLANCA 7 Champion,L1P,L
C04C49,C-GCXC,BALL,,B0-,-
C04E49,C-GDQU,C337,CESSNA 337 Super Skymaster,L2P,L
C05049,C-GEKM,BK17,EUROCOPTER BK117 C-1/2,H2T,L
C05149,C-GEUI,C150,CESSNA 150,L1P,L
C05249,C-GFEE,R44,ROBINSON R-44 Raven,H1P,L
C05349,C-GFOA,C172,CESSNA 172 Skyhawk,L1P,L
C05449,C-GFXW,EXEC,ROTORWAY Exec,H1P,L
C05549,C-GGHS,AT5T,AIR TRACTOR AT-504,L1T,L
C05649,C-GGRO,C172,CESSNA 172 Skyhawk,L1P,L
C05849,C-GHLG,C150,CESSNA 150,L1P,L
C05949,C-GHVC,C82R,CESSNA R182 Skylane RG,L1P,L
C05A49,C-GIEY,,,,
C05C49,C-GIYQ,C185,CESSNA 185 Skywagon,L1P,L
C05D49,C-GJIM,C172,CESSNA 172 Skyhawk,L1P,L
C05E49,C-GJSI,S22T,CIRRUS SR-22T Turbo,L1P,L
C05F49,C-GKCE,C310,CESSNA 310,L2P,L
C06049,C-GKMA,DA40,DIAMOND DA-40 Club Star,L1P,L
C06149,C-GKVW,DA40,DIAMOND DA-40 Club Star,L1P,L
C06349,C-GLPO,PA44,PIPER PA-44 Seminole,L2P,L
C06549,C-GMJG,SRAI,GREAT PLAINS Sonerai,L1P,L
C06649,C-GMTC,B36T,BEECH 36 Turbine Bonanza,L1T,L
C06749,C-GNCY,C172,CESSNA 172 Skyhawk,L1P,L
C06849,C-GNMU,B06,BELL 206 JetRanger,H1T,L
C06949,C-GNWQ,CH7A,BELLANCA 7 Champion,L1P,L
C06A49,C-GOGM,B505,BELL 505 JetRanger X,H1T,L
C06B49,C-GOQI,LA4,LAKE LA-4/200,A1P,L
C06C49,C-GPAE,C182,CESSNA 182 Skylane,L1P,L
C06D49,C-GPKA,C172,CESSNA 172 Skyhawk,L1P,L
C06E49,C-GPTW,C172,CESSNA 172 Skyhawk,L1P,L
C06F49,C-GQDS,C185,CESSNA 185 Skywagon,L1P,L
C07049,C-GQNO,C172,CESSNA 172 Skyhawk,L1P,L
C07349,C-GRRC,AA5,AMERICAN AA-5 Tiger,L1P,L
C07449,C-GSAY,C150,CESSNA 150,L1P,L
C07549,C-GSKU,B190,BEECH 1900,L2T,M
C07649,C-GSUQ,C421,CESSNA 421 Executive Commuter,L2P,L
C07749,C-GTEM,B350,BEECHCRAFT Super King Air 350,L2T,M
C07849,C-GTOI,,,,
C07949,C-GTYE,DHC2,DE HAVILLAND DHC-2 Beaver,L1P,L
C07B49,C-GURW,PA34,PIPER PA-34 Seneca,L2P,L
C07C49,C-GVBS,C82R,CESSNA R182 Skylane RG,L1P,L
C07D49,C-GVLO,CH70,ZENAIR CH-701 Stol,L1P,L
C07F49,C-GWFG,LJ35,LEARJET 35,L2J,M
C08049,C-GWPC,,,,
C08149,C-GWYY,C182,CESSNA 182 Skylane,L1P,L
C08249,C-GXIU,GLEX,BOMBARDIER BD-700 Global 6000/6500,L2J,M
C08349,C-GXSQ,,,,
C08449,C-GYCM,DV20,DIAMOND DA-20,L1P,L
C08549,C-GYMI,EXEC,ROTORWAY Exec,H1P,L
C08649,C-GYWE,PA32,PIPER PA-32,L1P,L
C08749,C-GZGA,B190,BEECH 1900,L2T,M
C08B49,C-IATK,,,,
C08D49,C-IBNC,,,,
C08E49,C-IBWY,PARA,,P0-,-
C09149,C-IDAM,PARA,,P0-,-
C09249,C-IDKI,BEVR,ASAP Beaver,L1P,L
C09349,C-IDUE,ULAC,,L0-,-
C09449,C-IEEA,ULAC,,L0-,-
C09849,C-IFRK,,,,
C09949,C-IGBG,PARA,,P0-,-
C09A49,C-IGLC,PARA,,P0-,-
C09B49,C-IGUY,BEVR,ASAP Beaver,L1P,L
C09C49,C-IHEU,ULAC,,L0-,-
C09D49,C-IHOQ,,,,
C09E49,C-IHYM,ULAC,,L0-,-
C09F49,C-IIII,ULAC,,L0-,-
C0A049,C-IISE,PARA,,P0-,-
C0A449,C-IKFO,PARA,,P0-,-
C0A549,C-IKPK,PARA,,P0-,-
C0A749,C-ILJC,,,,
C0A949,C-IMCU,,,,
C0B749,C-IRKQ,ULAC,,L0-,-
C1E549,SERV,SERV,,V0-,-
C2B049,156113,TEX2,BEECHCRAFT T-6 Texan 2,L1T,L
C2B549,130604,C30J,LOCKHEED MARTIN C-130J Super Hercules,L4T,M
C80149,ZK-BXO,AUS9,AUSTER AOP9,L1P,L
C80249,ZK-CXK,C150,CESSNA 150,L1P,L
C80449,ZK-ELT,C172,CESSNA 172 Skyhawk,L1P,L
C80849,ZK-GJL,GLID,,L0-,-
C80E49,ZK-CCK,KR2,RAND KR-2,L1P,L
C80F49,ZK-SPW,RS12,RANS S-12 Super Airaile,L1P,L
C81049,ZK-ROG,C182,CESSNA 182 Skylane,L1P,L
C81149,ZK-JFZ,C152,CESSNA 152,L1P,L
C81349,ZK-JIZ,COY2,RANS Coyote 2,L1P,L
C81649,ZK-GEE,DISC,SCHEMPP-HIRTH Discus,L1P,L
C81749,ZK-ROR,ZZZZ,,-0-,-
C81949,ZK-CIF,CVLT,CANADAIR Cosmopolitan,L2T,M
C81A49,ZK-WEM,RBEL,MURPHY Rebel,L1P,L
C81C49,ZK-WBL,C185,CESSNA 185 Skywagon,L1P,L
C81D49,ZK-NJV,JAB2,JABIRU J160/170,L1P,L
C81E49,ZK-FPC,C180,CESSNA  180 Skywagon,L1P,L
C82249,ZK-CCM,ULAC,,L0-,-
C82349,ZK-MVL,AT76,ATR-72-600,L2T,M
C82449,ZK-CIA,PA18,PIPER PA-18 Super Cub,L1P,L
C82949,ZK-SVK,SVNH,AEROTEC Savannah,L1P,L
E03049,LV-CAI,C182,CESSNA 182 Skylane,L1P,L
E0A149,LV-JEI,C182,CESSNA 182 Skylane,L1P,L
E0B049,LV-KAI,B412,BELL 412,H2T,L
E0B149,LV-KEI,B38M,BOEING 737 MAX 8,L2J,M
E20049,TC-70,C130,LOCKHEED C-130 Hercules,L4T,M
E47F49,PT-WHB,BE40,BEECH 400 Beechjet,L2J,M
E48149,PT-WVN,C172,CESSNA 172 Skyhawk,L1P,L
E48249,PR-JHS,BE36,BEECH 36 Bonanza,L1P,L
E48549,PP-JAG,BE20,BEECH 200 Super King Air,L2T,M
E48A49,PP-UTI,E55P,EMBRAER EMB-505 Phenom 300,L2J,M
E48D49,PP-ESV,G150,GULFSTREAM G150,L2J,M
E48E49,PR-AXR,E195,EMBRAER ERJ-190-200,L2J,M
E48F49,PP-PES,P46T,PIPER PA-46-500TP,L1T,L
E49149,PR-FTB,BE58,BEECH 58 Baron,L2P,L
E49249,PR-XTC,A359,AIRBUS A-350-900,L2J,H
E49449,PR-UJM,P46T,PIPER PA-46-500TP,L1T,L
E49649,PT-MMJ,EC45,AIRBUS HELICOPTERS EC-145,H2T,L
E49849,PS-LAA,B789,BOEING 787-9 Dreamliner,L2J,H
E49949,FAB1357,TUCA,EMBRAER EMB-312 Tucano,L1T,L
E80249,CC-COO,A320,AIRBUS A-320,L2J,M
E80449,CC-BEF,A321,AIRBUS A-321,L2J,M
E80849,CC-AJJ,C172,CESSNA 172 Skyhawk,L1P,L
E80949,CC-AJW,B407,BELL 407,H1T,L
E88049,ZP-BKM,BE58,BEECH 58 Baron,L2P,L
