00814C,ZS-XCL,AT72,ATR-72-202,L2T,M
00834C,ZS-YAF,E190,EMBRAER ERJ-190-100,L2J,M
008E4C,ZS-FKD,M20P,MOONEY M-20,L1P,L
00934C,ZS-HHJ,UH1,BELL UH-1 Huey,H1T,L
00A14C,ZS-MPF,C172,CESSNA 172 Skyhawk,L1P,L
00A54C,ZS-OCP,SS2T,TRUSH Turbo Thrush 500/550,L1T,L
00B24C,ZS-TAP,C208,CESSNA 208 Caravan,L1T,L
01024C,SU-BUY,A20N,AIRBUS A-320neo,L2J,M
02004C,CN-ANU,GLF3,GULFSTREAM 3,L2J,M
04004C,ET-AOV,B788,BOEING 787-8 Dreamliner,L2J,H
04014C,ET-AVC,A359,AIRBUS A-350-900,L2J,H
04404C,9G-AGL,B734,BOEING 737-400,L2J,M
05A04C,8Q-TML,DHC6,DE HAVILLAND DHC-6 Twin Otter,L2T,L
06414C,5N-EMS,C680,CESSNA 680 Citation Sovereign,L2J,M
06A04C,A7-AEJ,A333,AIRBUS A-330-300,L2J,H
06A24C,A7-MAJ,C30J,LOCKHEED MARTIN C-130J Super Hercules,L4T,M
07C04C,ST-PRK,AN72,ANTONOV An-74-200,L2J,M
09A04C,C5-BDC,B735,BOEING 737-500,L2J,M
0A004C,7T-VNB,B190,BEECH 1900,L2T,M
0A404C,7T-VPE,AT76,ATR-72-600,L2T,M
0AC74C,EJC1138,C208,CESSNA 208 Caravan,L1T,L
0ACA4C,EJC1124,BE20,BEECH 200 Super King Air,L2T,M
0B404C,TG-CDG,B06,BELL 206 JetRanger,H1T,L
0C204C,HP-1539CMP,B738,BOEING 737-800,L2J,M
0C404C,3074,UH1,BELL UH-1 Huey,H1T,L
0C414C,HI1010,C750,CESSNA 750 Citation 10,L2J,M
0D004C,XB-GSI,T206,CESSNA T206 Turbo Stationair,L1P,L
0D074C,XA-UPE,H25B,HAWKER BEECHCRAFT Hawker 750/850,L2J,M
0D094C,XA-VAQ,A320,AIRBUS A-320,L2J,M
0D0A4C,XA-AEC,E190,EMBRAER ERJ-190-100,L2J,M
0D0C4C,XA-VDA,H25B,HAWKER BEECHCRAFT Hawker 750/850,L2J,M
0D0D4C,XB-IPU,C206,CESSNA  206 Stationair,L1P,L
141C4C,RA-07244,,,,
141D4C,RA-07500,EC25,AIRBUS HELICOPTERS EC-225/725,H2T,M
14464C,RA-17996,AN2,ANTONOV An-2,L1P,L
151D4C,RA-73036,B735,BOEING 737-500,L2J,M
151E4C,RA-73292,B773,BOEING 777-300,L2J,H
15204C,RA-73804,A320,AIRBUS A-320,L2J,M
30024C,I-DPCH,CL2T,CANADAIR CL-415 SuperScooper,A2T,M
30044C,I-ENKY,AS50,AEROSPATIALE AS-350 Ecureuil,H1T,L
30054C,I-LASH,EC35,AIRBUS HELICOPTERS EC-135/635,H2T,L
30074C,I-LUMM,C172,CESSNA 172 Skyhawk,L1P,L
30084C,I-SSRR,A109,AGUSTA AW-109 Grand,H2T,L
31DF4C,I-6145,GOLF,TECNAM P-96 Golf,L1P,L
32004C,MM82004,A169,AGUSTA AW-169,H2T,L
33FD4C,MM81986,A139,AGUSTA AW-139,H2T,L
34164C,EC-IQR,A346,AIRBUS A-340-600,L4J,H
34264C,EC-JXC,C500,CESSNA 500 Citation 1,L2J,L
34314C,EC-404,A400,AIRBUS A-400M,L4T,H
34334C,EC-IFL,P68,PARTENAVIA P-68 Observer,L2P,L
34444C,EC-LUC,A320,AIRBUS A-320,L2J,M
34464C,EC-MFB,A343,AIRBUS A-340-300,L4J,H
34524C,EC-MLH,A109,AGUSTA AW-109 Grand,H2T,L
34534C,EC-MOH,SIRA,TECNAM P-2002 Sierra,L1P,L
34554C,EC-HMH,P28A,PIPER PA-28-140/150/160/180,L1P,L
34604C,EC-MXA,CRJX,BOMBARDIER Regional Jet CRJ-1000,L2J,M
34614C,EC-NBV,B38M,BOEING 737 MAX 8,L2J,M
34634C,EC-NGF,AT76,ATR-72-600,L2T,M
34644C,EC-NIA,A21N,AIRBUS A-321neo,L2J,M
34654C,EC-NGA,TWEN,TECNAM Twenty-Ten,L1P,L
38344C,F-BNCM,D11,JODEL D-11x/12x,L1P,L
383C4C,F-BPCM,DR22,CENTRE EST Dauphin,L1P,L
385E4C,F-BXSM,P32R,PIPER PA-32R-300/301/301T,L1P,L
390A4C,F-GCSM,C172,CESSNA 172 Skyhawk,L1P,L
390D4C,F-GDKM,DR40,ROBIN DR-400,L1P,L
39284C,F-GKCM,BALL,,B0-,-
39304C,F-GMCM,P28U,PIPER PA-28RT-201T Turbo,L1P,L
39314C,F-GMKM,DR40,ROBIN DR-400,L1P,L
39344C,F-GNCM,P28A,PIPER PA-28-140/150/160/180,L1P,L
39364C,F-GNSM,BE58,BEECH 58 Baron,L2P,L
39464C,F-GRSM,BALL,,B0-,-
39484C,F-GSCM,BE33,BEECH 33 Bonanza,L1P,L
39514C,F-GUKM,G120,GROB G-120,L1P,L
39554C,F-GVKM,DA42,DIAMOND DA-42 Guardian,L2P,L
395C4C,F-GXCM,CP23,MURDY CAP-230/1/2,L1P,L
39614C,F-GYKM,DR40,ROBIN DR-400,L1P,L
39644C,F-GZCM,A332,AIRBUS A-330-200,L2J,H
39854C,F-HBKM,EC20,AIRBUS HELICOPTERS EC-120,H1T,L
39884C,F-HCCM,M20P,MOONEY M-20,L1P,L
399A4C,F-HGSM,DR40,ROBIN DR-400,L1P,L
39A04C,F-HICM,C510,CESSNA 510 Citation Mustang,L2J,L
39A84C,F-HKCM,SR20,CIRRUS SR-20,L1P,L
39B14C,F-HMKM,BE55,BEECH 55 Baron,L2P,L
39B44C,F-HNCM,C206,CESSNA  206 Stationair,L1P,L
39BD4C,F-HPKM,AS50,AEROSPATIALE AS-350 Ecureuil,H1T,L
39E44C,F-HZCM,P28A,PIPER PA-28-140/150/160/180,L1P,L
3B764C,E124,AJET,DASSAULT-DORNIER Alpha Jet,L2J,M
3B7B4C,F-ZBCF,F406,CESSNA F406 Caravan 2,L2T,L
3C0A4C,D-ASXJ,B738,BOEING 737-800,L2J,M
3C124C,D-AVYD,A319,AIRBUS A-319,L2J,M
3C4B4C,D-ABZL,A320,AIRBUS A-320,L2J,M
3C644C,D-AIBL,A319,AIRBUS A-319,L2J,M
3C664C,D-AIRL,A321,AIRBUS A-321,L2J,M
3D054C,D-EAGI,RALL,SOCATA Rallye,L1P,L
3D084C,D-EBJW,ULAC,,L0-,-
3D094C,D-EBTS,SR20,CIRRUS SR-20,L1P,L
3D0F4C,D-EEAU,HR20,ROBIN HR-200,L1P,L
3D124C,D-EFEI,DA40,DIAMOND DA-40 Club Star,L1P,L
3D144C,D-EFYA,C182,CESSNA 182 Skylane,L1P,L
3D174C,D-EHBO,CP30,PIEL Emeraude,L1P,L
3D194C,D-EHVG,DR40,ROBIN DR-400,L1P,L
3D1A4C,D-EIFC,C82R,CESSNA R182 Skylane RG,L1P,L
3D1E4C,D-EJSM,P28U,PIPER PA-28RT-201T Turbo,L1P,L
3D1F4C,D-EKCI,JB15,OBERLECHNER JOB-15,L1P,L
3D204C,D-EKME,TOBA,SOCATA Tobago,L1P,L
3D214C,D-EKWA,C182,CESSNA 182 Skylane,L1P,L
3D234C,D-ELPS,LNC2,LANCAIR 200-320,L1P,L
3D284C,D-ENMY,ZZZZ,,-0-,-
3D294C,D-ENWU,M20P,MOONEY M-20,L1P,L
3D2B4C,D-EOQM,C172,CESSNA 172 Skyhawk,L1P,L
3D2C4C,D-EPAI,PA46,PIPER PA-46-310/350,L1P,L
3D324C,D-ERHK,BE33,BEECH 33 Bonanza,L1P,L
3D344C,D-ESBC,P28S,PIPER PA-28R-201T,L1P,L
3D354C,D-ESKY,C82R,CESSNA R182 Skylane RG,L1P,L
3D384C,D-ETOM,C152,CESSNA 152,L1P,L
3D3B4C,D-EUSA,C150,CESSNA 150,L1P,L
3D3D4C,D-EVLS,DV20,DIAMOND DA-20,L1P,L
3D404C,D-EWPG,R300,ROBIN R-3000/3100/3120/3140,L1P,L
3D4D4C,D-FBNG,P46T,PIPER PA-46-500TP,L1T,L
3DEE4C,D-HKMM,EC20,AIRBUS HELICOPTERS EC-120,H1T,L
3E174C,D-IAAE,PAY3,PIPER PA-42-720 Cheyenne 3,L2T,L
3E1D4C,D-ICHG,BE20,BEECH 200 Super King Air,L2T,M
3E634C,D-KCUM,S10S,STEMME S-10 Chrysalis,L1P,L
3E714C,D-KICI,DIMO,DIAMOND H-36 Dimona,L1P,L
3E734C,D-KIWA,DG80,DG FLUGZEUGBAU DG-800,L1P,L
3E744C,D-KJFW,GLID,,L0-,-
3E774C,D-KKJK,GLID,,L0-,-
3ECA4C,D-KROM,GLID,,L0-,-
3ECC4C,D-KSIE,S10S,STEMME S-10 Chrysalis,L1P,L
3EED4C,D-3253,GLID,,L0-,-
3EF64C,D-5557,GLID,,L0-,-
3FC64C,D-OMNK,BALL,,B0-,-
3FD94C,D-OTSM,BALL,,B0-,-
3FEA4C,D-MMCT,FDCT,FLIGHT DESIGN CT,L1P,L
3FEB4C,D-MDCT,FDCT,FLIGHT DESIGN CT,L1P,L
3FEC4C,D-MLFM,CH60,ZENAIR CH-600 Zodiac,L1P,L
3FEF4C,D-MBCC,SAVG,ZLIN AVIATION Savage,L1P,L
3FF14C,D-MMMY,CLON,AUTOGYRO Cavalon,G1P,L
3FF24C,D-MOSA,ULAC,,L0-,-
3FF54C,D-MZDI,MM24,MAGNI M-24 Orion,G1P,L
3FF74C,D-MCTE,FDCT,FLIGHT DESIGN CT,L1P,L
40064C,G-BTPL,ATP,BRITISH AEROSPACE ATP,L2T,M
400A4C,G-BJJO,B212,BELL 212,H2T,L
400E4C,G-ERFS,P28A,PIPER PA-28-140/150/160/180,L1P,L
400F4C,G-LSAE,B752,BOEING 757-200,L2J,M
40104C,G-OHMS,AS55,AEROSPATIALE AS-355 Ecureuil 2,H2T,L
40124C,G-JJFB,EC20,AIRBUS HELICOPTERS EC-120,H1T,L
40164C,G-ATIR,SV4,NORD SV-4,L1P,L
40174C,G-AVWU,P28R,PIPER PA-28R-180/200/201,L1P,L
40194C,G-AZJC,RF5,FOURNIER RF-5,L1P,L
401A4C,G-AAUP,KL25,KLEMM L-25,L1P,L
40214C,G-BTUG,RALL,SOCATA Rallye,L1P,L
40264C,G-BMIX,TB20,SOCATA TB-20 Trinidad,L1P,L
402C4C,G-BOYC,R22,ROBINSON R-22 Mariner,H1P,L
403B4C,G-BWJH,EUPA,Europa,L1P,L
403E4C,G-BXLN,RF4,FOURNIER RF-4,L1P,L
40404C,G-MZNX,ULAC,,L0-,-
40434C,G-SKOT,BALL,,B0-,-
40454C,G-CBEE,P28R,PIPER PA-28R-180/200/201,L1P,L
40464C,G-CBFP,BDOG,BRITISH AEROSPACE SA-3 Bulldog,L1P,L
40474C,G-CBOZ,YK52,YAKOVLEV Yak-52,L1P,L
40494C,G-CCGC,ULAC,,L0-,-
404A4C,G-RPRV,RV9,VANS RV-9,L1P,L
404B4C,G-CCXX,AA5,AMERICAN AA-5 Tiger,L1P,L
404C4C,G-MHRV,RV6,VANS RV-6,L1P,L
404E4C,G-CKLT,NIMB,SCHEMPP-HIRTH Nimbus,L1P,L
40504C,G-CEEP,RV9,VANS RV-9,L1P,L
40514C,G-NWFS,C172,CESSNA 172 Skyhawk,L1P,L
40524C,G-CERV,ULAC,,L0-,-
40534C,G-CJPO,GLID,,L0-,-
40554C,G-DKEN,GLID,,L0-,-
40564C,G-CFVM,GLID,,L0-,-
40574C,G-CHJP,GLID,,L0-,-
405C4C,G-ODDZ,DUOD,SCHEMPP-HIRTH Duo Discus,L1P,L
405D4C,G-CFJG,SKRA,BEST OFF Sky Ranger,L1P,L
40604C,G-CFXF,MM16,MAGNI M-16 Tandem Trainer,G1P,L
40624C,G-CLEU,GLID,,L0-,-
40634C,G-CGMC,E135,EMBRAER ERJ-135,L2J,M
40644C,G-ARCT,PA18,PIPER PA-18 Super Cub,L1P,L
40654C,G-WCKM,SKRA,BEST OFF Sky Ranger,L1P,L
40664C,G-OFJC,PK20,PIK 20E,L1P,L
40684C,G-OWBA,PNR3,ALPI Pioneer 330,L1P,L
40694C,G-IAHS,EV97,EVEKTRO EV-97 EuroStar,L1P,L
406A4C,G-CIBF,EFOX,AEROPRO Eurofox,L1P,L
406B4C,G-WANA,ULAC,,L0-,-
406C4C,G-LOMN,C152,CESSNA 152,L1P,L
406D4C,G-VCRU,B789,BOEING 787-9 Dreamliner,L2J,H
406E4C,G-GCRT,DR40,ROBIN DR-400,L1P,L
406F4C,G-TGLG,CDUS,AUTOGYRO Calidus,G1P,L
40704C,G-LAUD,C208,CESSNA 208 Caravan,L1T,L
40714C,G-CJII,ULAC,,L0-,-
40724C,G-HBEE,BALL,,B0-,-
40734C,G-SAUL,HR20,ROBIN HR-200,L1P,L
40754C,G-CKUX,ULAC,,L0-,-
40764C,G-CKYF,EFOX,AEROPRO Eurofox,L1P,L
40774C,G-KLUB,SF25,SCHEIBE SF-25 Falke,L1P,L
407B4C,G-JUNR,JUNR,BOLKOW BO-208 Junior,L1P,L
407C4C,G-PKUP,C42,IKARUS C-42 Bison,L1P,L
407D4C,G-TUMW,B38M,BOEING 737 MAX 8,L2J,M
407E4C,G-NHHG,E55P,EMBRAER EMB-505 Phenom 300,L2J,M
42404C,VP-BTQ,A319,AIRBUS A-319,L2J,M
42424C,VP-BPY,B738,BOEING 737-800,L2J,M
42444C,VQ-BGX,A321,AIRBUS A-321,L2J,M
42474C,VP-CMM,GLEX,BOMBARDIER BD-700 Global 6000/6500,L2J,M
42584C,TWR,TWR,,T0-,-
43C04C,ZH870,C30J,LOCKHEED MARTIN C-130J Super Hercules,L4T,M
43C14C,ZA585,TOR,PANAVIA Tornado,L2J,M
43EE4C,2-JDEJ,A109,AGUSTA AW-109 Grand,H2T,L
44004C,OE-KMA,P28A,PIPER PA-28-140/150/160/180,L1P,L
44014C,OE-FJJ,DA42,DIAMOND DA-42 Guardian,L2P,L
44034C,OE-AMB,DV20,DIAMOND DA-20,L1P,L
44044C,OE-DVW,DR40,ROBIN DR-400,L1P,L
44054C,OE-IZK,GLF4,GULFSTREAM 4,L2J,M
44064C,OE-DOE,JB15,OBERLECHNER JOB-15,L1P,L
44074C,OE-9111,AV68,M&D FLUGZEUGBAU AVO-68 Samburo,L1P,L
44094C,OE-9299,SF28,SCHEIBE SF-28 Tandem Falke,L1P,L
440A4C,OE-FFC,DA42,DIAMOND DA-42 Guardian,L2P,L
44894C,OO-BJL,BALL,,B0-,-
44B24C,OO-LRL,B47G,BELL 47G,H1P,L
44C24C,OO-PRL,C150,CESSNA 150,L1P,L
44E44C,OO-YBL,GLID,,L0-,-
44EB4C,OO-ZZL,GLID,,L0-,-
44F64C,H-38,A109,AGUSTA AW-109 Grand,H2T,L
45A14C,OY-HJL,A139,AGUSTA AW-139,H2T,L
45AC4C,OY-KBL,A321,AIRBUS A-321,L2J,M
45CE4C,OY-SRL,B762,BOEING 767-200,L2J,H
45E34C,OY-XZL,SF25,SCHEIBE SF-25 Falke,L1P,L
460D4C,OH-FAY,PC12,PILATUS PC-12,L1T,L
46144C,OH-HRW,R44,ROBINSON R-44 Raven,H1P,L
461F4C,OH-LWE,A359,AIRBUS A-350-900,L2J,H
46324C,OH-TBG,TOBA,SOCATA Tobago,L1P,L
46BC4C,SX-OBL,AT76,ATR-72-600,L2T,M
47064C,HA-CKA,C182,CESSNA 182 Skylane,L1P,L
47804C,LN-OLF,A139,AGUSTA AW-139,H2T,L
47834C,LN-RPS,B736,BOEING 737-600,L2J,M
48084C,D-475,H47,BOEING-VERTOL CH-47 Chinook,H2T,M
48104C,N-277,NH90,NHI NH-90,H2T,M
48414C,PH-HZG,B738,BOEING 737-800,L2J,M
48434C,P4-MGU,A319,AIRBUS A-319,L2J,M
48444C,PH-3Y1,G3,REMOS Mirage,L1P,L
48454C,PH-OLL,TB20,SOCATA TB-20 Trinidad,L1P,L
48474C,PH-OLE,BALL,,B0-,-
48484C,PH-GYS,C172,CESSNA 172 Skyhawk,L1P,L
48494C,PH-1416,DG1T,DG FLUGZEUGBAU DG-1001T,L1P,L
484B4C,PH-STN,C172,CESSNA 172 Skyhawk,L1P,L
484C4C,PH-CBX,BX2,BRANDLI Cherry,L1P,L
484E4C,PH-2Z1,ULAC,,L0-,-
48504C,PH-SUA,BALL,,B0-,-
48514C,PH-1DG,ZZZZ,,-0-,-
48534C,PH-ROA,WFOC,WAR Focke-Wulf 190,L1P,L
48544C,PH-1XA,ZZZZ,,-0-,-
48554C,PH-2HC,ZZZZ,,-0-,-
48564C,PH-2PA,ZZZZ,,-0-,-
48594C,PH-MUG,EUPA,Europa,L1P,L
48644C,PH-GTT,P28A,PIPER PA-28-140/150/160/180,L1P,L
48804C,SP-ACM,E300,EXTRA EA-300/330/350,L1P,L
488C4C,SP-DCM,C152,CESSNA 152,L1P,L
489E4C,SP-HTM,R44,ROBINSON R-44 Raven,H1P,L
48B24C,SP-MTM,C182,CESSNA 182 Skylane,L1P,L
48B44C,SP-NCM,B105,EUROCOPTER BO-105,H2T,L
48C64C,SP-STM,S22T,CIRRUS SR-22T Turbo,L1P,L
48CE4C,SP-UTM,PA44,PIPER PA-44 Seminole,L2P,L
48D84C,022,C295,CASA C-295 Persuader,L2T,M
48FE4C,SP-SATM,PIVI,PIPSTREL Virus,L1P,L
49144C,CS-EBL,C152,CESSNA 152,L1P,L
49204C,CS-HBL,H500,HUGHES 500,H1T,L
49514C,CS-TJL,A21N,AIRBUS A-321neo,L2J,M
49B04C,OK-1885,VENT,SCHEMPP-HIRTH Ventus,L1P,L
49C04C,OK-NUO68,ALSL,AIRLONY Skylane,L1P,L
49C14C,OK-HUG01,ZEPH,ATEC Zephyr,L1P,L
49D04C,OK-KOD,C172,CESSNA 172 Skyhawk,L1P,L
49D14C,OK-FAJ,C152,CESSNA 152,L1P,L
49D34C,OK-PLP,R44,ROBINSON R-44 Raven,H1P,L
49D44C,OK-ATW,P28A,PIPER PA-28-140/150/160/180,L1P,L
49D54C,OK-UJL,Z37T,MORAVAN Z-137 Agro Turbo,L1T,L
4A814C,SE-ISG,SF34,SAAB 340,L2T,M
4A914C,SE-DJL,FA7X,DASSAULT Falcon 7X,L3J,M
4A9B4C,SE-FZL,C414,CESSNA 414 Chancellor,L2P,L
4A9C4C,SE-GBL,PA34,PIPER PA-34 Seneca,L2P,L
4AA94C,SE-JJL,B212,BELL 212,H2T,L
4AAA4C,SE-JRL,A139,AGUSTA AW-139,H2T,L
4AAC4C,SE-KBL,TAMP,SOCATA TB-9 Tampico,L1P,L
4AB14C,SE-LJL,SF34,SAAB 340,L2T,M
4AB24C,SE-LRL,P28A,PIPER PA-28-140/150/160/180,L1P,L
4AD34C,SE-TZL,GLID,,L0-,-
4ADA4C,SE-VRL,MT,ROTORSPORT MTOSport,G1P,L
4B064C,HB-CKA,C170,CESSNA 170,L1P,L
4B1B4C,HB-KIU,P149,PIAGGIO P-149,L1P,L
4B1F4C,HB-LWE,C340,CESSNA 340 Super,L2P,L
4B294C,HB-PQQ,P28R,PIPER PA-28R-180/200/201,L1P,L
4B2B4C,HB-QKI,BALL,,B0-,-
4B2C4C,HB-QUE,BALL,,B0-,-
4B394C,HB-VSE,PC24,PILATUS PC-24,L2J,M
4B444C,HB-ZWM,B407,BELL 407,H1T,L
4B4B4C,HB-1701,GLID,,L0-,-
4B4E4C,HB-2469,AS26,SCHLEICHER ASH-26,L1P,L
4B514C,HB-3237,GLID,,L0-,-
4B7F4C,T-785,F900,DASSAULT Falcon 900,L3J,M
4B844C,TC-ABL,A320,AIRBUS A-320,L2J,M
4B854C,TC-AJL,DV20,DIAMOND DA-20,L1P,L
4B8C4C,TC-CBL,RF6,FOURNIER RF-6,L1P,L
4BA14C,TC-HJL,EC35,AIRBUS HELICOPTERS EC-135/635,H2T,L
4BA94C,TC-JJL,B77W,BOEING 777-300ER,L2J,H
4BAA4C,TC-JRL,A321,AIRBUS A-321,L2J,M
4BAB4C,TC-JZL,B738,BOEING 737-800,L2J,M
4BB14C,TC-LJL,B77L,BOEING 777-200LR,L2J,H
4BB84C,TC-NBL,A20N,AIRBUS A-320neo,L2J,M
4BBC4C,TC-OBL,A320,AIRBUS A-320,L2J,M
4BC84C,TC-RBL,A21N,AIRBUS A-321neo,L2J,M
4BCC4C,TC-SBL,H25B,HAWKER BEECHCRAFT Hawker 750/850,L2J,M
4C0E4C,YU-DSM,C172,CESSNA 172 Skyhawk,L1P,L
4CA24C,EI-DCZ,B738,BOEING 737-800,L2J,M
4CA34C,EI-FGH,B712,BOEING 717-200,L2J,M
4CA74C,EI-UNW,B772,BOEING 777-200,L2J,H
4CA84C,EI-EMD,B738,BOEING 737-800,L2J,M
4CAD4C,EI-AZG,B738,BOEING 737-800,L2J,M
4CC54C,TF-LFC,A346,AIRBUS A-340-600,L4J,H
4D024C,LX-FPF,C25B,CESSNA 525B Citation CJ3,L2J,L
4D034C,LX-ART,M20T,MOONEY M-20T,L1P,L
4D224C,9H-QAT,B738,BOEING 737-800,L2J,M
4D234C,9H-VUM,B38M,BOEING 737 MAX 8,L2J,M
4D244C,9H-VVH,B38M,BOEING 737 MAX 8,L2J,M
4D404C,3A-MIG,PC12,PILATUS PC-12,L1T,L
50014C,T7-HDJ,HDJT,HONDA HondaJet,L2J,L
501E4C,9A-EEE,C182,CESSNA 182 Skylane,L1P,L
505D4C,OM-KLL,DV20,DIAMOND DA-20,L1P,L
507C4C,UK-78701,B788,BOEING 787-8 Dreamliner,L2J,H
50824C,UR-AID,MI8,MIL Mi-8/9/17/19/171/172,H2T,M
50844C,UR-UZG,AN26,ANTONOV An-26,L2T,M
51004C,EW-74957,AN72,ANTONOV An-74-200,L2J,M
51104C,ES-PWB,A139,AGUSTA AW-139,H2T,L
51404C,4L-TGN,B737,BOEING 737-700,L2J,M
68304C,ST-MRL,YK42,YAKOVLEV Yak-142,L3J,M
68324C,65001,E35L,EMBRAER EMB-135 Legacy,L2J,M
70204C,S2-AHC,B737,BOEING 737-700,L2J,M
70604C,9K-GCC,B737,BOEING 737-700,L2J,M
70A04C,NA-058,A139,AGUSTA AW-139,H2T,L
71004C,HZ-AQC,A333,AIRBUS A-330-300,L2J,H
738A4C,537,GLF5,GULFSTREAM 5,L2J,M
738B4C,668,C30J,LOCKHEED MARTIN C-130J Super Hercules,L4T,M
73924C,4X-BHV,R44,ROBINSON R-44 Raven,H1P,L
75044C,9M-MAE,A359,AIRBUS A-350-900,L2J,H
75824C,RP-C8398,A320,AIRBUS A-320,L2J,M
75854C,RP-C118,C68A,CESSNA 680 Citation Latitude,L2J,M
76B44C,9V-MBL,B38M,BOEING 737 MAX 8,L2J,M
76D24C,9V-TRL,A320,AIRBUS A-320,L2J,M
77044C,4R-ABL,A320,AIRBUS A-320,L2J,M
78044C,B-5539,B738,BOEING 737-800,L2J,M
78054C,B-000T,A20N,AIRBUS A-320neo,L2J,M
78064C,B-6671,A320,AIRBUS A-320,L2J,M
78074C,B-5587,B738,BOEING 737-800,L2J,M
78084C,B-6877,A320,AIRBUS A-320,L2J,M
78094C,B-7760,CRJ9,BOMBARDIER Regional Jet CRJ-900,L2J,M
780B4C,B-7759,BE9L,BEECH 90 King Air,L2T,L
780C4C,B-1933,B738,BOEING 737-800,L2J,M
780D4C,B-5829,B737,BOEING 737-700,L2J,M
780F4C,B-8415,A320,AIRBUS A-320,L2J,M
78114C,B-8367,A21N,AIRBUS A-321neo,L2J,M
78124C,B-1336,B738,BOEING 737-800,L2J,M
78134C,B-1211,A20N,AIRBUS A-320neo,L2J,M
78164C,B-307J,A20N,AIRBUS A-320neo,L2J,M
78174C,B-20CM,B38M,BOEING 737 MAX 8,L2J,M
78184C,B-30CT,A20N,AIRBUS A-320neo,L2J,M
78194C,B-30FD,A20N,AIRBUS A-320neo,L2J,M
781B4C,B-9427,C208,CESSNA 208 Caravan,L1T,L
781E4C,B-33CD,A21N,AIRBUS A-321neo,L2J,M
78924C,B-HPG,A21N,AIRBUS A-321neo,L2J,M
78C74C,B-4186,LJ35,LEARJET 35,L2J,M
79A04C,B-6002,A320,AIRBUS A-320,L2J,M
7A424C,10253,ZZZZ,,-0-,-
7C084C,VH-BXA,TOBA,SOCATA Tobago,L1P,L
7C0C4C,VH-CPQ,C172,CESSNA 172 Skyhawk,L1P,L
7C144C,VH-EAM,C182,CESSNA 182 Skylane,L1P,L
7C154C,VH-EHQ,BK17,EUROCOPTER BK117 C-1/2,H2T,L
7C164C,VH-EOU,C172,CESSNA 172 Skyhawk,L1P,L
7C1B4C,VH-FOE,SR20,CIRRUS SR-20,L1P,L
7C1C4C,VH-FVI,AT75,ATR-72-500,L2T,M
7C1F4C,VH-GGU,GLID,,L0-,-
7C264C,VH-HUM,C210,CESSNA 201 Centurion,L1P,L
7C294C,VH-IFY,AA5,AMERICAN AA-5 Tiger,L1P,L
7C384C,VH-LEM,C441,CESSNA 441 Conquest,L2T,L
7C394C,VH-LLQ,LEG2,LANCAIR Legacy,L1P,L
7C3A4C,VH-LSU,BALL,,B0-,-
7C404C,VH-MZI,PA31,PIPER PA-31-300/310/325/350/425,L2P,L
7C424C,VH-NDQ,DG1T,DG FLUGZEUGBAU DG-1001T,L1P,L
7C434C,VH-NKU,F70,FOKKER 70,L2J,M
7C474C,VH-ODA,BE76,BEECH 76 Duchess,L2P,L
7C494C,VH-ORI,P3,LOCKHEED P-3 Orion,L4T,M
7C4A4C,VH-OYM,PA31,PIPER PA-31-300/310/325/350/425,L2P,L
7C4D4C,VH-PJY,C550,CESSNA 550 Citation S2,L2J,L
7C594C,VH-RXA,P28A,PIPER PA-28-140/150/160/180,L1P,L
7C5B4C,VH-SBI,DH8C,DE HAVILLAND DHC-8-300 Dash 8,L2T,M
7C634C,VH-TWE,TOUR,MILLICER Airtourer,L1P,L
7C654C,VH-UAM,P32R,PIPER PA-32R-300/301/301T,L1P,L
7C664C,VH-UHQ,R44,ROBINSON R-44 Raven,H1P,L
7C674C,VH-UOU,P28T,PIPER PA-28RT-201,L1P,L
7C6B4C,VH-VHA,C212,CESSNA 212 Aviocar,L2T,M
7C6C4C,VH-VOE,C404,CESSNA 404 Titan,L2P,L
7C6D4C,VH-VVI,LJ45,LEARJET 45,L2J,M
7C704C,VH-WGU,BE58,BEECH 58 Baron,L2P,L
7C714C,VH-WNY,M20P,MOONEY M-20,L1P,L
7C764C,VH-XNI,A320,AIRBUS A-320,L2J,M
7C774C,VH-XUM,A109,AGUSTA AW-109 Grand,H2T,L
7C7A4C,VH-YFY,B738,BOEING 737-800,L2J,M
7C7F4C,VH-ZFI,C172,CESSNA 172 Skyhawk,L1P,L
7C804C,VH-ZMM,PA46,PIPER PA-46-310/350,L1P,L
7CC44C,23-5584,AP32,AEROPRACT A-32,L1P,L
7CC54C,23-2055,PIAE,PIPISTREL Alpha Electro,L1E,L
7CF84C,A27-018,HAWK,BRITISH AEROSPACE T-45 Goshawk,L1J,M
80024C,K3071,AN32,ANTONOV An-32 Sutlej,L2T,M
80044C,VT-AYB,B738,BOEING 737-800,L2J,M
80074C,VT-AJM,H25B,HAWKER BEECHCRAFT Hawker 750/850,L2J,M
800C4C,VT-DEL,A320,AIRBUS A-320,L2J,M
800D4C,VT-IZQ,A20N,AIRBUS A-320neo,L2J,M
84054C,JA01EE,A139,AGUSTA AW-139,H2T,L
84174C,JA06FJ,E75S,EMBRAER ERJ-170-200 (short wing),L2J,M
84624C,JA12AJ,C208,CESSNA 208 Caravan,L1T,L
85154C,JA3260,C172,CESSNA 172 Skyhawk,L1P,L
85694C,JA40KA,C206,CESSNA  206 Stationair,L1P,L
856F4C,JA427N,B427,BELL 427,H2T,L
857D4C,JA465A,DH8D,DE HAVILLAND DHC-8-400 Dash 8,L2T,M
863B4C,JA6932,EC45,AIRBUS HELICOPTERS EC-145,H2T,L
86DD4C,JA845J,B788,BOEING 787-8 Dreamliner,L2J,H
86E84C,JA877J,B789,BOEING 787-9 Dreamliner,L2J,H
87C84C,5529,P1,KAWASAKI P-1,L4J,M
88044C,HS-ABL,A320,AIRBUS A-320,L2J,M
88084C,HS-BBL,A320,AIRBUS A-320,L2J,M
88804C,VN-A351,A321,AIRBUS A-321,L2J,M
89644C,A6-EPW,B77W,BOEING 777-300ER,L2J,H
896C4C,2257,C208,CESSNA 208 Caravan,L1T,L
896E4C,GND,GND,,V0-,-
89804C,P2-ANW,F900,DASSAULT Falcon 900,L3J,M
89814C,P2-NTM,R66,ROBINSON R-66,H1T,L
89904C,B-16206,A321,AIRBUS A-321,L2J,M
89914C,B-16857,AT76,ATR-72-600,L2T,M
8A024C,PK-LHL,B739,BOEING 737-900,L2J,M
8A064C,PK-GTA,A20N,AIRBUS A-320neo,L2J,M
8A074C,PK-GTH,A20N,AIRBUS A-320neo,L2J,M
8A084C,PK-DJS,B733,BOEING 737-300,L2J,M
A0004C,N1CZ,C190,CESSNA 190,L1P,L
A0024C,N1ZL,M20P,MOONEY M-20,L1P,L
A0034C,N10KR,KR2,RAND KR-2,L1P,L
A0044C,N10VX,COY2,RANS Coyote 2,L1P,L
A0054C,N100GB,,,,
A0074C,N10014,O1,CESSNA 305/341 Bird Dog,L1P,L
A0084C,N1009E,CH7B,BELLANCA 7 Citabria,L1P,L
A0094C,N101K,PZ01,PZL-OKECIE PZL-101 Gawron,L1P,L
A00C4C,N102BS,ULAC,,L0-,-
A00F4C,N1026,ZZZZ,,-0-,-
A0124C,N10302,ULAC,,L0-,-
A0164C,N10425,C150,CESSNA 150,L1P,L
A0194C,N105WS,GLID,,L0-,-
A01A4C,N10548,C150,CESSNA 150,L1P,L
A01B4C,N106DC,,,,
A01F4C,N107GA,RF6,FOURNIER RF-6,L1P,L
A0224C,N1079D,BE9L,BEECH 90 King Air,L2T,L
A0254C,N10836,C150,CESSNA 150,L1P,L
A0264C,N109BR,G109,GROB G-109,L1P,L
A02A4C,N11EP,,,,
A02B4C,N11QV,VTUR,QUESTAIR Venture,L1P,L
A02D4C,N110MF,SYMP,OMF Symphony,L1P,L
A0304C,N111DY,EPIC,EPIC AIRCRAFT Epic LT,L1T,L
A0324C,N1110K,BE9L,BEECH 90 King Air,L2T,L
A0334C,N1117W,AS14,SCHLEICHER ASK-14,L1P,L
A0344C,N112GW,E55P,EMBRAER EMB-505 Phenom 300,L2J,M
A0354C,N112TB,J3,PIPER J-3 Cub,L1P,L
A0374C,N1129Z,FA62,FAIRCHILD M-26 Cornell,L1P,L
A03C4C,N114NS,AS50,AEROSPATIALE AS-350 Ecureuil,H1T,L
A03F4C,N115FJ,C172,CESSNA 172 Skyhawk,L1P,L
A0414C,N1151L,UH12,HILLER UH-12,H1P,L
A04C4C,N1180J,VO10,NORTH AMERICAN ROCKWELL Commander 100,L1P,L
A04D4C,N1187V,RELI,STINSON Reliant,L1P,L
A0504C,N1192M,C172,CESSNA 172 Skyhawk,L1P,L
A0524C,N12KT,RV7,VANS RV-7,L1P,L
A0544C,N120GD,BALL,,B0-,-
A0554C,PR-FUZ,PAY2,PIPER PA-31T2-620 Cheyenne 2,L2T,L
A0564C,N12016,M4,MAULE M-4,L1P,L
A05E4C,N1226B,RV6,VANS RV-6,L1P,L
A05F4C,N123ES,AA5,AMERICAN AA-5 Tiger,L1P,L
A0634C,N124HQ,E75L,EMBRAER ERJ-170-200 (long wing),L2J,M
A0644C,N124TW,C172,CESSNA 172 Skyhawk,L1P,L
A0664C,N125AG,MT,ROTORSPORT MTOSport,G1P,L
A0674C,N125LN,AS50,AEROSPATIALE AS-350 Ecureuil,H1T,L
A0694C,N1255,T18,THORP Tiger,L1P,L
A06D4C,N1267C,PA22,PIPER PA-22,L1P,L
A06E4C,N127GC,Z42,ZLIN Z-42/142/242,L1P,L
A0704C,N12715,R22,ROBINSON R-22 Mariner,H1P,L
A0724C,N128KA,T28,NORTH AMERICAN T-28,L1P,L
A0774C,N129YE,R22,ROBINSON R-22 Mariner,H1P,L
A0784C,N1296A,BE35,BEECH 35 Starfire Bonanza,L1P,L
A07B4C,N130BB,BOLT,STEEN Skybolt,L1P,L
A07C4C,N130MH,SF50,CIRRUS SF-50 Vision,L1J,L
A07F4C,N131E,C180,CESSNA  180 Skywagon,L1P,L
A0814C,N1310M,COL4,CESSNA 400 Corvalis TT,L1P,L
A0854C,N1322Q,C150,CESSNA 150,L1P,L
A0864C,N13291,T206,CESSNA T206 Turbo Stationair,L1P,L
A0894C,N1334T,P28R,PIPER PA-28R-180/200/201,L1P,L
A08A4C,N134CN,RV9,VANS RV-9,L1P,L
A08D4C,N1346W,M20P,MOONEY M-20,L1P,L
A08E4C,N135FL,P46T,PIPER PA-46-500TP,L1T,L
A0924C,N136JJ,BE18,BEECH 18 Expetitor,L2P,L
A0954C,N137BA,BE99,BEECH 99 Airliner,L2T,L
A09D4C,N139GX,L39,LET L-39 Albatros,L1J,L
A0A14C,N14KV,HIGH,JUST JA20 Highlander,L1P,L
A0A24C,N14WA,C172,CESSNA 172 Skyhawk,L1P,L
A0A44C,N140SM,RV6,VANS RV-6,L1P,L
A0A64C,N1409J,AC11,NORTH AMERICAN ROCKWELL Commander 112/114,L1P,L
A0A94C,N1414A,RV14,VANS RV-14,L1P,L
A0AA4C,N142BW,SEAW,Seawind,A1P,L
A0AF4C,N143R,PA11,PIPER PA-11 Cub Special,L1P,L
A0B04C,N14306,C82S,CESSNA T182 Turbo Skylane,L1P,L
A0B44C,N14429,T6,NORTH AMERICAN T-6 Texan,L1P,L
A0B54C,N145AJ,SR22,CIRRUS SR-22,L1P,L
A0B74C,N145WW,PA44,PIPER PA-44 Seminole,L2P,L
A0B84C,N1455B,L8,LUSCOMBE 8,L1P,L
A0B94C,N146DG,PA46,PIPER PA-46-310/350,L1P,L
A0BF4C,N14717,GLF4,GULFSTREAM 4,L2J,M
A0C74C,N1496C,C82T,CESSNA TR182 Turbo Skylane RG,L1P,L
A0CA4C,N150BD,C150,CESSNA 150,L1P,L
A0CB4C,N150MK,C150,CESSNA 150,L1P,L
A0CD4C,N1505X,P28R,PIPER PA-28R-180/200/201,L1P,L
A0D14C,N15170,RELI,STINSON Reliant,L1P,L
A0D44C,N1522S,BE35,BEECH 35 Starfire Bonanza,L1P,L
A0D54C,N15293,PA32,PIPER PA-32,L1P,L
A0DC4C,N1546Y,BE33,BEECH 33 Bonanza,L1P,L
A0DF4C,N1551Q,C185,CESSNA 185 Skywagon,L1P,L
A0E34C,N1563T,C414,CESSNA 414 Chancellor,L2P,L
A0EB4C,N1587Z,BE35,BEECH 35 Starfire Bonanza,L1P,L
A0EE4C,N1592R,AA5,AMERICAN AA-5 Tiger,L1P,L
A0F34C,N160SP,BE35,BEECH 35 Starfire Bonanza,L1P,L
A0F44C,N1602,B763,BOEING 767-300,L2J,H
A0F84C,N1614C,C180,CESSNA  180 Skywagon,L1P,L
A0FC4C,N1626F,C172,CESSNA 172 Skyhawk,L1P,L
A0FE4C,N163RB,,,,
A1004C,N1638J,P28A,PIPER PA-28-140/150/160/180,L1P,L
A1024C,N164U,PA32,PIPER PA-32,L1P,L
A1044C,N165AL,LJ31,LEARJET 31,L2J,M
A1054C,N165LS,RS12,RANS S-12 Super Airaile,L1P,L
A1074C,N1655D,C170,CESSNA 170,L1P,L
A1094C,N166PQ,CRJ9,BOMBARDIER Regional Jet CRJ-900,L2J,M
A10B4C,N1667G,CH7A,BELLANCA 7 Champion,L1P,L
A1124C,N1684B,L11,TEMCO Sedan,L1P,L
A1174C,N17EV,,,,
A1184C,N17RA,M20P,MOONEY M-20,L1P,L
A11A4C,N170MM,MIMU,BUSHBY Midget Mustang,L1P,L
A11C4C,N1705Z,CH7B,BELLANCA 7 Citabria,L1P,L
A1204C,N17172,C177,CESSNA  177 Cardinal,L1P,L
A1224C,N172TH,C172,CESSNA 172 Skyhawk,L1P,L
A1244C,N17295,C150,CESSNA 150,L1P,L
A1254C,N173L,SA10,STOLP SA-100 Starduster,L1P,L
A1274C,N1734X,C210,CESSNA 201 Centurion,L1P,L
A1284C,N174CS,RV7,VANS RV-7,L1P,L
A12D4C,N175RW,,,,
A1354C,N177XS,C177,CESSNA  177 Cardinal,L1P,L
A1394C,N1780Q,C150,CESSNA 150,L1P,L
A1404C,N18WE,C680,CESSNA 680 Citation Sovereign,L2J,M
A1424C,N180SR,C180,CESSNA  180 Skywagon,L1P,L
A1434C,N1802B,L8,LUSCOMBE 8,L1P,L
A1474C,N1814E,BT36,BEECH B36TC Bonanza,L1P,L
A1484C,N182C,C182,CESSNA 182 Skylane,L1P,L
A14F4C,N1838L,BE95,BEECH 95 Travel Air,L2P,L
A1524C,N1843C,ULAC,,L0-,-
A1534C,N185AN,B752,BOEING 757-200,L2J,M
A1574C,N186DL,C25A,CESSNA 525A Citation CJ2,L2J,L
A1584C,N186PS,P46T,PIPER PA-46-500TP,L1T,L
A15B4C,N187GJ,CRJ9,BOMBARDIER Regional Jet CRJ-900,L2J,M
A1674C,N19RC,C525,CESSNA 525 CitationJet,L2J,L
A1684C,N190BH,BE20,BEECH 200 Super King Air,L2T,M
A16E4C,N1910T,P28A,PIPER PA-28-140/150/160/180,L1P,L
A1744C,N193LB,C207,CESSNA 207 Turbo Stationair,L1P,L
A1764C,N1934Z,C150,CESSNA 150,L1P,L
A1784C,N194P,GLID,,L0-,-
A1804C,N196UW,A321,AIRBUS A-321,L2J,M
A1884C,N1980S,DRON,,D0-,-
A18D4C,N19996,C172,CESSNA 172 Skyhawk,L1P,L
A18E4C,N2LA,GLF6,GULFSTREAM G650,L2J,M
A18F4C,N2WG,C510,CESSNA 510 Citation Mustang,L2J,L
A1904C,N20GM,P337,CESSNA P337 Skymaster,L2P,L
A1914C,N20ST,SAKO,RANS S-10 Sakota,L1P,L
A1934C,N200PD,G200,AKROTECH G-200,L1P,L
A1944C,N200ZK,C172,CESSNA 172 Skyhawk,L1P,L
A1964C,N201FW,T210,CESSNA T210 Turbo Centurion,L1P,L
A1974C,N201SB,M20P,MOONEY M-20,L1P,L
A1984C,N2011Y,BALL,,B0-,-
A1994C,N20189,C172,CESSNA 172 Skyhawk,L1P,L
A19B4C,N202V,KR2,RAND KR-2,L1P,L
A19C4C,N20231,J3,PIPER J-3 Cub,L1P,L
A19D4C,N203BL,DV20,DIAMOND DA-20,L1P,L
A1A74C,N2052Z,C150,CESSNA 150,L1P,L
A1A84C,N206,TNAV,TEMCO Twin Navion,L2P,L
A1A94C,N206LE,T206,CESSNA T206 Turbo Stationair,L1P,L
A1AA4C,N206WL,B06,BELL 206 JetRanger,H1T,L
A1AB4C,N20642,GLID,,L0-,-
A1AF4C,N20765,CMAS,CESSNA C-165 Airmaster,L1P,L
A1B14C,N208SA,C208,CESSNA 208 Caravan,L1T,L
A1B34C,N20888,C182,CESSNA 182 Skylane,L1P,L
A1B64C,N20930,,,,
A1B74C,N21BK,LJ35,LEARJET 35,L2J,M
A1B84C,N21MR,B06,BELL 206 JetRanger,H1T,L
A1B94C,N21XX,GLID,,L0-,-
A1BA4C,N210JB,,,,
A1BC4C,N2103J,P28B,PIPER PA-28-201T/235/236,L1P,L
A1BE4C,N211M,K100,DAHER Kodiak 100,L1T,L
A1C04C,N2115M,C177,CESSNA  177 Cardinal,L1P,L
A1C34C,N2120D,BE35,BEECH 35 Starfire Bonanza,L1P,L
A1C64C,N213SW,C560,CESSNA 560 Citation Ultra,L2J,M
A1C84C,N2139T,P28R,PIPER PA-28R-180/200/201,L1P,L
A1CF4C,N2156N,T206,CESSNA T206 Turbo Stationair,L1P,L
A1D04C,N216FC,SR22,CIRRUS SR-22,L1P,L
A1D24C,N2161E,C172,CESSNA 172 Skyhawk,L1P,L
A1D34C,N2168R,C182,CESSNA 182 Skylane,L1P,L
A1D44C,N217JA,C172,CESSNA 172 Skyhawk,L1P,L
A1D74C,N218AT,A4,DOUGLAS A-4 Skyhawk,L1J,M
A1DB4C,N219DR,DRON,,D0-,-
A1DD4C,N2190C,C195,CESSNA 195,L1P,L
A1DF4C,N22GP,C210,CESSNA 201 Centurion,L1P,L
A1E04C,N22SV,AA5,AMERICAN AA-5 Tiger,L1P,L
A1E14C,N220D,BE35,BEECH 35 Starfire Bonanza,L1P,L
A1E24C,N220PF,H25B,HAWKER BEECHCRAFT Hawker 750/850,L2J,M
A1E64C,N221SD,P28R,PIPER PA-28R-180/200/201,L1P,L
A1E94C,N222JW,BE33,BEECH 33 Bonanza,L1P,L
A1EA4C,N222VB,R44,ROBINSON R-44 Raven,H1P,L
A1EB4C,N22233,TAYB,TAYLORCRAFT BC/BF/BL,L1P,L
A1EF4C,N22356,AR50,AERONCA 50 Chief,L1P,L
A1F34C,N22479,C172,CESSNA 172 Skyhawk,L1P,L
A1F44C,N225HJ,NAVI,NORTH AMERICAN Navion,L1P,L
A1F74C,N226AA,PC12,PILATUS PC-12,L1T,L
A1F94C,N226WN,B737,BOEING 737-700,L2J,M
A2044C,N229VA,,,,
A2054C,N22932,G21,GRUMMAN G-21A Goose,A2P,L
A2074C,N23MT,LGEZ,RUTAN Long-EZ,L1P,L
A20D4C,N231MB,PA22,PIPER PA-22,L1P,L
A20F4C,N2315P,PA22,PIPER PA-22,L1P,L
A2124C,N2320F,R22,ROBINSON R-22 Mariner,H1P,L
A2144C,N233GS,C182,CESSNA 182 Skylane,L1P,L
A2164C,N2332J,BE36,BEECH 36 Bonanza,L1P,L
A2174C,N2339V,P28B,PIPER PA-28-201T/235/236,L1P,L
A2184C,N234KQ,K100,DAHER Kodiak 100,L1T,L
A21A4C,N2344M,PA12,PIPER PA-12 Super Cruiser,L1P,L
A21C4C,N235NN,E75L,EMBRAER ERJ-170-200 (long wing),L2J,M
A2214C,N2361G,C182,CESSNA 182 Skylane,L1P,L
A2234C,N237JC,RV6,VANS RV-6,L1P,L
A2254C,N2373K,C172,CESSNA 172 Skyhawk,L1P,L
A2274C,N238MA,GLST,GLASAIR SH-4 GlaStar,L1P,L
A22D4C,N2397R,C182,CESSNA 182 Skylane,L1P,L
A22E4C,N24GR,MR35,MURPHY SR-3500 Super Rebel,L1P,L
A22F4C,N24SX,PTS1,PITTS S-1 Special,L1P,L
A2304C,N240DB,GLAS,Glasair,L1P,L
A2314C,N240PH,RV8,VANS RV-8,L1P,L
A2344C,N241G,AC11,NORTH AMERICAN ROCKWELL Commander 112/114,L1P,L
A2354C,N241SF,FOX,KITFOX,L1P,L
A2414C,N24400,C152,CESSNA 152,L1P,L
A2444C,N245TS,BE36,BEECH 36 Bonanza,L1P,L
A2454C,N24523,J4,PIPER J-4 Cub Coupe,L1P,L
A2464C,N246AC,PA12,PIPER PA-12 Super Cruiser,L1P,L
A2494C,N24646,BE19,BEECH 19 Sport,L1P,L
A24F4C,N248SE,C25B,CESSNA 525B Citation CJ3,L2J,L
A2514C,N2489B,PA38,PIPER PA-38 Tomahawk,L1P,L
A2534C,N249VC,K100,DAHER Kodiak 100,L1T,L
A2544C,N24934,J3,PIPER J-3 Cub,L1P,L
A2554C,N25BP,,,,
A2564C,N25MV,SR22,CIRRUS SR-22,L1P,L
A2574C,N25YA,ULAC,,L0-,-
A2584C,N250JF,LNC2,LANCAIR 200-320,L1P,L
A25A4C,N2503N,MG17,MIKOYAN MiG-17,L1J,L
A25C4C,N251MD,COY2,RANS Coyote 2,L1P,L
A25F4C,N252DW,,,,
A2614C,N2520H,GLID,,L0-,-
A2624C,N2527U,P28A,PIPER PA-28-140/150/160/180,L1P,L
A2644C,N253T,C56X,CESSNA 560XL Citation XLS,L2J,M
A2664C,N2539X,COL4,CESSNA 400 Corvalis TT,L1P,L
A2694C,N2544P,PA22,PIPER PA-22,L1P,L
A2714C,N2568V,C170,CESSNA 170,L1P,L
A27B4C,N2590G,PA38,PIPER PA-38 Tomahawk,L1P,L
A2834C,N261GB,BE9L,BEECH 90 King Air,L2T,L
A2854C,N26114,AA5,AMERICAN AA-5 Tiger,L1P,L
A2864C,N2619E,CH7A,BELLANCA 7 Champion,L1P,L
A2874C,N262K,DSA1,SMITH DSA-1 Miniplane,L1P,L
A2884C,N262VF,M20P,MOONEY M-20,L1P,L
A2894C,N26237,AA5,AMERICAN AA-5 Tiger,L1P,L
A2944C,N26525,FOX,KITFOX,L1P,L
A2954C,N266AE,SF34,SAAB 340,L2T,M
A2984C,N26648,C82S,CESSNA T182 Turbo Skylane,L1P,L
A2994C,N267DC,DV20,DIAMOND DA-20,L1P,L
A29F4C,N26813,AA5,AMERICAN AA-5 Tiger,L1P,L
A2A44C,N27BR,PA24,PIPER PA-24 Comanche,L1P,L
A2A74C,N270JH,CL30,BOMBARDIER BD-100 Challenger 300,L2J,M
A2A84C,N270UP,MD11,MCDONNELL-DOUGLAS MD-11,L3J,H
A2A94C,N2703Q,C182,CESSNA 182 Skylane,L1P,L
A2AA4C,N271B,SKIM,COLONIAL Skimmer,A1P,L
A2AD4C,N2715T,C402,CESSNA 402 Businessliner,L2P,L
A2B44C,N2732N,ULAC,,L0-,-
A2BA4C,N275NS,BALL,,B0-,-
A2BF4C,N2761L,C172,CESSNA 172 Skyhawk,L1P,L
A2C04C,N2768X,C180,CESSNA  180 Skywagon,L1P,L
A2C34C,N2773P,PA18,PIPER PA-18 Super Cub,L1P,L
A2C64C,N278XL,C56X,CESSNA 560XL Citation XLS,L2J,M
A2CA4C,N2790J,C150,CESSNA 150,L1P,L
A2CD4C,N28TA,RAF2,ROTARY AIR FORCE RAF-2000,G1P,L
A2CF4C,N280PM,C550,CESSNA 550 Citation S2,L2J,L
A2D44C,N28116,J3,PIPER J-3 Cub,L1P,L
A2DF4C,N28404,L8,LUSCOMBE 8,L1P,L
A2E04C,N2848E,CH7A,BELLANCA 7 Champion,L1P,L
A2E24C,N285TW,FA20,DASSAULT Falcon 200,L2J,M
A2E44C,N286AG,TRDO,TITAN Tornado SS,L1P,L
A2E74C,N2865,VP2,EVANS Volksplane,L1P,L
A2E84C,N287DE,B742,BOEING 747-200,L4J,H
A2EB4C,N2877C,C170,CESSNA 170,L1P,L
A2EE4C,N28815,AA5,AMERICAN AA-5 Tiger,L1P,L
A2EF4C,N2889F,C182,CESSNA 182 Skylane,L1P,L
A2F34C,N29BT,FOX,KITFOX,L1P,L
A2FC4C,N2915V,,,,
A2FD4C,N292E,CRBN,CURTISS-ROBERTSON Robin,L1P,L
A2FF4C,N2920M,PA12,PIPER PA-12 Super Cruiser,L1P,L
A3004C,N2927Y,C182,CESSNA 182 Skylane,L1P,L
A3034C,N2932Q,PA32,PIPER PA-32,L1P,L
A3074C,N2944T,VO10,NORTH AMERICAN ROCKWELL Commander 100,L1P,L
A30A4C,N295Z,,,,
A30D4C,N269RS,LJ40,LEARJET 40,L2J,M
A30F4C,N2968Z,PA22,PIPER PA-22,L1P,L
A3124C,N2973R,P28R,PIPER PA-28R-180/200/201,L1P,L
A3134C,N298BA,GLID,,L0-,-
A3144C,N298MG,P28A,PIPER PA-28-140/150/160/180,L1P,L
A3164C,N2985U,C172,CESSNA 172 Skyhawk,L1P,L
A31B4C,N3GX,C82R,CESSNA R182 Skylane RG,L1P,L
A31C4C,N3TC,C208,CESSNA 208 Caravan,L1T,L
A31E4C,N30PP,CAMP,GREGA GN-1 Aircamper,L1P,L
A3204C,N300L,E300,EXTRA EA-300/330/350,L1P,L
A3214C,N300WF,C82S,CESSNA T182 Turbo Skylane,L1P,L
A3224C,N3004X,R22,ROBINSON R-22 Mariner,H1P,L
A3294C,N3021S,C150,CESSNA 150,L1P,L
A3304C,N304XS,GLID,,L0-,-
A3314C,N3045Y,B36T,BEECH 36 Turbine Bonanza,L1T,L
A3344C,N3050Q,GLST,GLASAIR SH-4 GlaStar,L1P,L
A3354C,N30571,C177,CESSNA  177 Cardinal,L1P,L
A33C4C,N3074W,BALL,,B0-,-
A3404C,N3086Z,PA18,PIPER PA-18 Super Cub,L1P,L
A3424C,N309RV,RV9,VANS RV-9,L1P,L
A3434C,N3091R,SS2T,TRUSH Turbo Thrush 500/550,L1T,L
A3444C,N30982,SPHA,AMERICAN AUTOGYRO Spinus,G1P,L
A3454C,N31JM,RV7,VANS RV-7,L1P,L
A3484C,N310RD,C310,CESSNA 310,L2P,L
A34A4C,N3108L,BE33,BEECH 33 Bonanza,L1P,L
A3514C,N3125F,C182,CESSNA 182 Skylane,L1P,L
A3534C,N313PS,SA30,STOLP Starduster Too,L1P,L
A3584C,N3142A,C170,CESSNA 170,L1P,L
A3604C,N3166G,,,,
A3614C,N317EX,AS50,AEROSPATIALE AS-350 Ecureuil,H1T,L
A3634C,N31709,P32R,PIPER PA-32R-300/301/301T,L1P,L
A3684C,N319AM,HUSK,CHRISTEN Husky,L1P,L
A36B4C,N3195E,C82R,CESSNA R182 Skylane RG,L1P,L
A36C4C,N32DK,QIC2,QUICKIE Q2,L1P,L
A36E4C,N32ZX,BALL,,B0-,-
A3724C,N321CU,HROC,HARMON Rocket,L1P,L
A3734C,N321P,BE20,BEECH 200 Super King Air,L2T,M
A3754C,N32162,WACF,WACO F,L1P,L
A37C4C,N3233X,C150,CESSNA 150,L1P,L
A37E4C,N324MN,A5,ICON A-5,A1P,L
A3804C,N32450,CMAS,CESSNA C-165 Airmaster,L1P,L
A3844C,N32573,P28A,PIPER PA-28-140/150/160/180,L1P,L
A3864C,N326TJ,M20P,MOONEY M-20,L1P,L
A3874C,N3262V,BE35,BEECH 35 Starfire Bonanza,L1P,L
A38C4C,N328CT,EAGL,CHRISTEN Eagle,L1P,L
A38F4C,N32861,P28R,PIPER PA-28R-180/200/201,L1P,L
A3904C,N329FR,A20N,AIRBUS A-320neo,L2J,M
A3934C,N32984,SS2T,TRUSH Turbo Thrush 500/550,L1T,L
A3944C,N33JP,BE18,BEECH 18 Expetitor,L2P,L
A3964C,N330F,C182,CESSNA 182 Skylane,L1P,L
A3974C,N330RF,E300,EXTRA EA-300/330/350,L1P,L
A3984C,N3301B,PA22,PIPER PA-22,L1P,L
A3994C,N3308N,J3,PIPER J-3 Cub,L1P,L
A3A14C,N333DN,RV8,VANS RV-8,L1P,L
A3A74C,N3342C,BE35,BEECH 35 Starfire Bonanza,L1P,L
A3B14C,N337RE,H25B,HAWKER BEECHCRAFT Hawker 750/850,L2J,M
A3B64C,N3383D,C180,CESSNA  180 Skywagon,L1P,L
A3B74C,N339AP,S22T,CIRRUS SR-22T Turbo,L1P,L
A3BA4C,N3395G,P47,REPUBLIC F-47 Thunderbolt,L1P,M
A3BB4C,N34DM,C182,CESSNA 182 Skylane,L1P,L
A3BC4C,N34PT,P28R,PIPER PA-28R-180/200/201,L1P,L
A3BD4C,N34ZZ,CH7B,BELLANCA 7 Citabria,L1P,L
A3BE4C,N340LD,E55P,EMBRAER EMB-505 Phenom 300,L2J,M
A3C04C,N34041,C177,CESSNA  177 Cardinal,L1P,L
A3C14C,N341CW,H25B,HAWKER BEECHCRAFT Hawker 750/850,L2J,M
A3C44C,N34164,C177,CESSNA  177 Cardinal,L1P,L
A3C64C,N342S,BE36,BEECH 36 Bonanza,L1P,L
A3C84C,N34287,C177,CESSNA  177 Cardinal,L1P,L
A3CB4C,N3433Z,PA22,PIPER PA-22,L1P,L
A3D64C,N3462X,M20P,MOONEY M-20,L1P,L
A3DA4C,N34740,,,,
A3E14C,N3491V,C195,CESSNA 195,L1P,L
A3E64C,N350RH,ULAC,,L0-,-
A3E94C,N351J,C188,CESSNA 188 AgTruck,L1P,L
A3F24C,N3530B,PA31,PIPER PA-31-300/310/325/350/425,L2P,L
A3F74C,N3549R,BE23,BEECH 23 Sundowner,L1P,L
A4014C,N3571C,P28A,PIPER PA-28-140/150/160/180,L1P,L
A4024C,N3578P,PA18,PIPER PA-18 Super Cub,L1P,L
A4064C,N359AR,DHC6,DE HAVILLAND DHC-6 Twin Otter,L2T,L
A4094C,N3595J,C150,CESSNA 150,L1P,L
A40B4C,N36PV,B36T,BEECH 36 Turbine Bonanza,L1T,L
A40C4C,N360A,BE36,BEECH 36 Bonanza,L1P,L
A40D4C,N360LF,GLF5,GULFSTREAM 5,L2J,M
A4134C,N36166,GLID,,L0-,-
A4154C,N362SB,BE36,BEECH 36 Bonanza,L1P,L
A4164C,N3621Y,C210,CESSNA 201 Centurion,L1P,L
A41C4C,N364MS,C72R,CESSNA 172R Cutlass RG,L1P,L
A4224C,N36577,AR65,AERONCA 65 Super Chief,L1P,L
A4234C,N366HG,SONX,SONEX AIRCRAFT Sonex,L1P,L
A4254C,N3662Z,PA22,PIPER PA-22,L1P,L
A42B4C,N368PC,PC12,PILATUS PC-12,L1T,L
A42D4C,N36865,AR65,AERONCA 65 Super Chief,L1P,L
A42F4C,N369SA,BE36,BEECH 36 Bonanza,L1P,L
A4314C,N36988,BE30,BEECH 300 Super King Air,L2T,L
A4374C,N3708S,C172,CESSNA 172 Skyhawk,L1P,L
A43E4C,N3725M,PA12,PIPER PA-12 Super Cruiser,L1P,L
A43F4C,N373DS,SR22,CIRRUS SR-22,L1P,L
A4414C,N3730D,C182,CESSNA 182 Skylane,L1P,L
A4424C,N3737Q,BE35,BEECH 35 Starfire Bonanza,L1P,L
A4444C,N374SW,B733,BOEING 737-300,L2J,M
A4464C,N3749T,TAIL,WITTMAN Tailwind,L1P,L
A4484C,N375VU,BE18,BEECH 18 Expetitor,L2P,L
A4514C,N3778R,C172,CESSNA 172 Skyhawk,L1P,L
A4564C,N379LZ,SONX,SONEX AIRCRAFT Sonex,L1P,L
A4584C,N3795L,C172,CESSNA 172 Skyhawk,L1P,L
A4594C,N38DR,RV12,VANS RV-12,L1P,L
A45E4C,N38045,J5,PIPER J-5 Cub Cruiser,L1P,L
A45F4C,N381D,P28A,PIPER PA-28-140/150/160/180,L1P,L
A4624C,N38168,BE36,BEECH 36 Bonanza,L1P,L
A4694C,N38333,J3,PIPER J-3 Cub,L1P,L
A46D4C,N38456,J3,PIPER J-3 Cub,L1P,L
A46F4C,N385QS,C680,CESSNA 680 Citation Sovereign,L2J,M
A4704C,N3850Y,C210,CESSNA 201 Centurion,L1P,L
A4714C,N38579,J5,PIPER J-5 Cub Cruiser,L1P,L
A47D4C,N389FX,E55P,EMBRAER EMB-505 Phenom 300,L2J,M
A47F4C,N3891Z,PA18,PIPER PA-18 Super Cub,L1P,L
A4814C,N39JV,L39,LET L-39 Albatros,L1J,L
A4824C,N39VA,EC45,AIRBUS HELICOPTERS EC-145,H2T,L
A4854C,N3901H,M20P,MOONEY M-20,L1P,L
A4954C,N3949V,C170,CESSNA 170,L1P,L
A49D4C,N397FE,DC10,MCDONNELL DOUGLAS DC-10,L3J,H
A49E4C,N397RL,B06,BELL 206 JetRanger,H1T,L
A4A44C,N399AV,PA18,PIPER PA-18 Super Cub,L1P,L
A4A54C,N399MA,P28A,PIPER PA-28-140/150/160/180,L1P,L
A4A84C,N4DT,UH12,HILLER UH-12,H1P,L
A4A94C,N4PZ,AC90,NORTH AMERICAN ROCKWELL Turbo Commander 690/840,L2T,L
A4AB4C,N40LK,,,,
A4AD4C,N400GW,BE20,BEECH 200 Super King Air,L2T,M
A4AE4C,N400TB,BE40,BEECH 400 Beechjet,L2J,M
A4AF4C,N4002N,C140,CESSNA 140,L1P,L
A4B04C,N4009Z,PA18,PIPER PA-18 Super Cub,L1P,L
A4B24C,N401W,SSTL,JUST JA30 SuperSTOL,L1P,L
A4B34C,N4014R,BALL,,B0-,-
A4B44C,N402CL,RV7,VANS RV-7,L1P,L
A4B74C,N4026U,PA18,PIPER PA-18 Super Cub,L1P,L
A4BC4C,N404JG,A139,AGUSTA AW-139,H2T,L
A4BE4C,N4043P,R44,ROBINSON R-44 Raven,H1P,L
A4C24C,N4055S,J3,PIPER J-3 Cub,L1P,L
A4C34C,N406DX,A339,AIRBUS A-330-900,L2J,H
A4C54C,N4060J,C150,CESSNA 150,L1P,L
A4C74C,N407GV,C208,CESSNA 208 Caravan,L1T,L
A4C94C,N4072M,PA12,PIPER PA-12 Super Cruiser,L1P,L
A4CB4C,N408KT,LJ45,LEARJET 45,L2J,M
A4D04C,N409YX,E75L,EMBRAER ERJ-170-200 (long wing),L2J,M
A4D34C,N41RP,S22T,CIRRUS SR-22T Turbo,L1P,L
A4D84C,N411ES,C72R,CESSNA 172R Cutlass RG,L1P,L
A4DA4C,N41104,E45X,EMBRAER ERJ-145XR,L2J,M
A4DD4C,N412TW,,,,
A4DF4C,N413AG,C25B,CESSNA 525B Citation CJ3,L2J,L
A4E44C,N414PL,C414,CESSNA 414 Chancellor,L2P,L
A4E64C,N4147C,S108,STINSON 108 Voyager,L1P,L
A4E74C,N415GC,,,,
A4EA4C,N4159F,PA34,PIPER PA-34 Seneca,L2P,L
A4EE4C,N417BT,CL2T,CANADAIR CL-415 SuperScooper,A2T,M
A4F44C,N41803,CH7B,BELLANCA 7 Citabria,L1P,L
A4F54C,N4188D,PA46,PIPER PA-46-310/350,L1P,L
A4F94C,N42AF,MU2,MITSUBISHI MU-2 Marquise,L2T,L
A4FA4C,N42LM,WAIX,SONEX Waiex,L1P,L
A4FD4C,N420TD,DHC1,DE HAVILLAND DHC-1 Chipmunk,L1P,L
A4FE4C,N4202Q,C172,CESSNA 172 Skyhawk,L1P,L
A4FF4C,N42091,J3,PIPER J-3 Cub,L1P,L
A5054C,N422Z,BE9T,BEECH F90 King Air,L2T,L
A5074C,N423FL,P28A,PIPER PA-28-140/150/160/180,L1P,L
A5084C,N423RS,CAT,CANADAIR Catalina,A2P,M
A5094C,N4231N,C120,CESSNA 120,L1P,L
A50E4C,N425BA,C425,CESSNA 425 Corsair,L2T,L
A50F4C,N425MG,BE35,BEECH 35 Starfire Bonanza,L1P,L
A5144C,N4260L,C172,CESSNA 172 Skyhawk,L1P,L
A5184C,N4272P,M7,MAULE M-7,L1P,L
A51B4C,N428WA,EAGL,CHRISTEN Eagle,L1P,L
A51D4C,N429CM,B429,BELL 429 GlobalRanger,H2T,L
A5214C,N43FK,H43B,KAMAN K-600-5 Huskie,H1T,L
A5264C,N4306D,BE50,BEECH 50 Excalibur,L2P,L
A5284C,N431R,BE10,BEECH 100 King Air,L2T,L
A52D4C,N43229,SPHA,AMERICAN AUTOGYRO Spinus,G1P,L
A5304C,N433WW,WAIX,SONEX Waiex,L1P,L
A5354C,N4347E,PA38,PIPER PA-38 Tomahawk,L1P,L
A53A4C,N436KC,P32R,PIPER PA-32R-300/301/301T,L1P,L
A53E4C,N437NA,P28B,PIPER PA-28-201T/235/236,L1P,L
A5474C,N43928,TAYB,TAYLORCRAFT BC/BF/BL,L1P,L
A5484C,N44AH,SS2P,ROCKWELL Thrush Commander,L1P,L
A54E4C,N44093,TRDO,TITAN Tornado SS,L1P,L
A5504C,N441WD,C441,CESSNA 441 Conquest,L2T,L
A5514C,N4414V,C170,CESSNA 170,L1P,L
A5554C,N4426Y,PA23,PIPER PA-23,L2P,L
A5584C,N4431Q,C172,CESSNA 172 Skyhawk,L1P,L
A5594C,N44381,TAYB,TAYLORCRAFT BC/BF/BL,L1P,L
A55A4C,N444JL,P28A,PIPER PA-28-140/150/160/180,L1P,L
A55C4C,N4443T,P28A,PIPER PA-28-140/150/160/180,L1P,L
A55D4C,N445BC,,,,
A5674C,N4472R,C172,CESSNA 172 Skyhawk,L1P,L
A5684C,N44792,P28A,PIPER PA-28-140/150/160/180,L1P,L
A56B4C,N4484U,C150,CESSNA 150,L1P,L
A56F4C,N4496X,P28A,PIPER PA-28-140/150/160/180,L1P,L
A5704C,N45FM,BE58,BEECH 58 Baron,L2P,L
A5774C,N451RB,,,,
A5784C,N45108,N3N,NAVAL AIRCRAFT FACTORY N3N,L1P,L
A5794C,N4518J,P28R,PIPER PA-28R-180/200/201,L1P,L
A5804C,N4535D,AA5,AMERICAN AA-5 Tiger,L1P,L
A5874C,N45519,L8,LUSCOMBE 8,L1P,L
A5884C,N4559K,NAVI,NORTH AMERICAN Navion,L1P,L
A58B4C,N4564B,M6,MAULE M-6,L1P,L
A58E4C,N457YJ,,,,
A5974C,N46AK,MU2,MITSUBISHI MU-2 Marquise,L2T,L
A5984C,N46LR,,,,
A5A04C,N4614X,C150,CESSNA 150,L1P,L
A5A74C,N4631S,C182,CESSNA 182 Skylane,L1P,L
A5AF4C,N4655Y,DSA1,SMITH DSA-1 Miniplane,L1P,L
A5B44C,N467HA,R44,ROBINSON R-44 Raven,H1P,L
A5B64C,N4672T,,,,
A5C14C,N470C,RV4,VANS RV-4,L1P,L
A5C44C,N4706H,PA11,PIPER PA-11 Cub Special,L1P,L
A5C84C,N4718L,P28A,PIPER PA-28-140/150/160/180,L1P,L
A5CF4C,N4735F,PARA,,P0-,-
A5D04C,N474DL,C310,CESSNA 310,L2P,L
A5D34C,N4747J,BE23,BEECH 23 Sundowner,L1P,L
A5D74C,N4759M,BE36,BEECH 36 Bonanza,L1P,L
A5DA4C,N4764D,C172,CESSNA 172 Skyhawk,L1P,L
A5E04C,N478RC,,,,
A5E44C,N479UA,A320,AIRBUS A-320,L2J,M
A5E64C,N48AM,C414,CESSNA 414 Chancellor,L2P,L
A5E74C,N48LT,E50P,EMBRAER EMB-500 Phenom 100,L2J,L
A5F14C,N482P,P28A,PIPER PA-28-140/150/160/180,L1P,L
A5F34C,N48262,DHC1,DE HAVILLAND DHC-1 Chipmunk,L1P,L
A60D4C,N48961,C152,CESSNA 152,L1P,L
A6104C,N490CB,CL30,BOMBARDIER BD-100 Challenger 300,L2J,M
A6224C,N4947L,P28A,PIPER PA-28-140/150/160/180,L1P,L
A6244C,N495SS,SVNH,AEROTEC Savannah,L1P,L
A6294C,N4964F,T206,CESSNA T206 Turbo Stationair,L1P,L
A62A4C,N497CA,C212,CESSNA 212 Aviocar,L2T,M
A62B4C,N497NG,PC12,PILATUS PC-12,L1T,L
A62D4C,N4976J,P28R,PIPER PA-28R-180/200/201,L1P,L
A6304C,N4981A,C180,CESSNA  180 Skywagon,L1P,L
A6314C,N4988M,PA11,PIPER PA-11 Cub Special,L1P,L
A6344C,N4993D,C182,CESSNA 182 Skylane,L1P,L
A6354C,N5AP,S22T,CIRRUS SR-22T Turbo,L1P,L
A6374C,N5XA,HUSK,CHRISTEN Husky,L1P,L
A6394C,N50TM,BE19,BEECH 19 Sport,L1P,L
A63A4C,N500DS,AC11,NORTH AMERICAN ROCKWELL Commander 112/114,L1P,L
A63F4C,N501SW,C501,CESSNA 501 Citation 1SP,L2J,L
A6484C,N5036N,CH7A,BELLANCA 7 Champion,L1P,L
A64B4C,N5041E,C172,CESSNA 172 Skyhawk,L1P,L
A64C4C,N5048R,C172,CESSNA 172 Skyhawk,L1P,L
A6544C,N507DR,C172,CESSNA 172 Skyhawk,L1P,L
A6594C,N508SV,,,,
A65B4C,N5089S,P28R,PIPER PA-28R-180/200/201,L1P,L
A65C4C,N509KM,R44,ROBINSON R-44 Raven,H1P,L
A6674C,N511Y,GLID,,L0-,-
A6684C,N51156,C150,CESSNA 150,L1P,L
A66A4C,N512QS,C68A,CESSNA 680 Citation Latitude,L2J,M
A66C4C,N51279,RV10,VANS RV-10,L1P,L
A66F4C,N51321,PARA,,P0-,-
A6754C,N515PE,C208,CESSNA 208 Caravan,L1T,L
A6794C,N516SC,GLST,GLASAIR SH-4 GlaStar,L1P,L
A67B4C,N5169,,,,
A67C4C,N517JV,DRON,,D0-,-
A67D4C,N517VA,PARA,,P0-,-
A67E4C,N51732,C82T,CESSNA TR182 Turbo Skylane RG,L1P,L
A6804C,N518MT,B407,BELL 407,H1T,L
A6854C,N5190X,CH7A,BELLANCA 7 Champion,L1P,L
A6864C,N51978,SA3,STITS SA-3 Playboy,L1P,L
A6884C,N52TP,TAIL,WITTMAN Tailwind,L1P,L
A68B4C,N5200F,C172,CESSNA 172 Skyhawk,L1P,L
A68C4C,N5207S,PA32,PIPER PA-32,L1P,L
A68D4C,N521GS,COL4,CESSNA 400 Corvalis TT,L1P,L
A68F4C,N5212J,C172,CESSNA 172 Skyhawk,L1P,L
A6904C,N5219V,C172,CESSNA 172 Skyhawk,L1P,L
A6974C,N5236Q,C150,CESSNA 150,L1P,L
A6984C,N524FE,MD11,MCDONNELL-DOUGLAS MD-11,L3J,H
A69B4C,N5248T,P28A,PIPER PA-28-140/150/160/180,L1P,L
A69C4C,N525JC,B06,BELL 206 JetRanger,H1T,L
A6A04C,N526MA,HUSK,CHRISTEN Husky,L1P,L
A6AD4C,N5294L,P28A,PIPER PA-28-140/150/160/180,L1P,L
A6AE4C,N53CF,,,,
A6AF4C,N53NM,SONX,SONEX AIRCRAFT Sonex,L1P,L
A6B54C,N531MW,RV7,VANS RV-7,L1P,L
A6B74C,N53158,C77R,CESSNA 177RG Cardinal RG,L1P,L
A6BE4C,N53323,C172,CESSNA 172 Skyhawk,L1P,L
A6BF4C,N534AC,ULAC,,L0-,-
A6C44C,N535PG,SR22,CIRRUS SR-22,L1P,L
A6C64C,N53569,C172,CESSNA 172 Skyhawk,L1P,L
A6C94C,N53611,C172,CESSNA 172 Skyhawk,L1P,L
A6D74C,N54TR,R22,ROBINSON R-22 Mariner,H1P,L
A6DA4C,N5400H,C172,CESSNA 172 Skyhawk,L1P,L
A6DE4C,N5412L,AA5,AMERICAN AA-5 Tiger,L1P,L
A6E24C,N5424P,PA24,PIPER PA-24 Comanche,L1P,L
A6ED4C,N5453M,C152,CESSNA 152,L1P,L
A6EF4C,N546MC,C172,CESSNA 172 Skyhawk,L1P,L
A6F04C,N546XJ,CL30,BOMBARDIER BD-100 Challenger 300,L2J,M
A6F14C,N5465Q,C150,CESSNA 150,L1P,L
A6F54C,N5477T,C172,CESSNA 172 Skyhawk,L1P,L
A6F64C,N548GT,DHC2,DE HAVILLAND DHC-2 Beaver,L1P,L
A6FD4C,N55CH,PC12,PILATUS PC-12,L1T,L
A7054C,N551YD,ULAC,,L0-,-
A70A4C,N5528C,C170,CESSNA 170,L1P,L
A70D4C,N55325,C172,CESSNA 172 Skyhawk,L1P,L
A7114C,N55448,,,,
A7134C,N555PJ,PC24,PILATUS PC-24,L2J,M
A7164C,N556GA,CRUZ,CSA PS-28 Cruiser,L1P,L
A7184C,N55613,P28B,PIPER PA-28-201T/235/236,L1P,L
A7194C,N5569D,BE35,BEECH 35 Starfire Bonanza,L1P,L
A71C4C,N55736,P28A,PIPER PA-28-140/150/160/180,L1P,L
A7244C,N5598B,,,,
A7254C,N56HM,BE58,BEECH 58 Baron,L2P,L
A7264C,N56TT,ULAC,,L0-,-
A7294C,N5600K,BE35,BEECH 35 Starfire Bonanza,L1P,L
A72A4C,N5607W,P28A,PIPER PA-28-140/150/160/180,L1P,L
A72C4C,N561TB,TBM7,SOCATA TBM-700A/B/C,L1T,L
A7314C,N5624R,,,,
A7354C,N5636U,P28A,PIPER PA-28-140/150/160/180,L1P,L
A73C4C,N5653P,PA24,PIPER PA-24 Comanche,L1P,L
A73E4C,N566ME,T206,CESSNA T206 Turbo Stationair,L1P,L
A73F4C,N566XL,,,,
A7434C,N5670J,C188,CESSNA 188 AgTruck,L1P,L
A7444C,N5677V,P32R,PIPER PA-32R-300/301/301T,L1P,L
A74C4C,N57CK,P28R,PIPER PA-28R-180/200/201,L1P,L
A7514C,N57039,M20P,MOONEY M-20,L1P,L
A7554C,N5716B,C182,CESSNA 182 Skylane,L1P,L
A7594C,N5728E,C150,CESSNA 150,L1P,L
A75D4C,N574AG,MT,ROTORSPORT MTOSport,G1P,L
A7604C,N5745,,,,
A7644C,N5757C,C340,CESSNA 340 Super,L2P,L
A7674C,N57615,PA36,PIPER PA-36 Pawnee Brave,L1P,L
A76B4C,N57738,PA36,PIPER PA-36 Pawnee Brave,L1P,L
A76F4C,N5786A,C172,CESSNA 172 Skyhawk,L1P,L
A7704C,N579ER,C82T,CESSNA TR182 Turbo Skylane RG,L1P,L
A7744C,N58HP,TBM7,SOCATA TBM-700A/B/C,L1T,L
A7754C,N58TV,RV14,VANS RV-14,L1P,L
A7764C,N580E,BE58,BEECH 58 Baron,L2P,L
A7784C,N5800M,C310,CESSNA 310,L2P,L
A77D4C,N58191,H500,HUGHES 500,H1T,L
A77F4C,N582WB,FOX,KITFOX,L1P,L
A7854C,N584FL,P28A,PIPER PA-28-140/150/160/180,L1P,L
A78B4C,N5853R,C172,CESSNA 172 Skyhawk,L1P,L
A78C4C,N586BA,ULAC,,L0-,-
A78F4C,N5865U,P28A,PIPER PA-28-140/150/160/180,L1P,L
A7964C,N5882P,PA24,PIPER PA-24 Comanche,L1P,L
A79A4C,N5894S,BE35,BEECH 35 Starfire Bonanza,L1P,L
A79B4C,N59CM,BE36,BEECH 36 Bonanza,L1P,L
A7A04C,N5904A,PC12,PILATUS PC-12,L1T,L
A7B34C,N5957E,C150,CESSNA 150,L1P,L
A7B74C,N5969H,COL4,CESSNA 400 Corvalis TT,L1P,L
A7B84C,N597KC,PA46,PIPER PA-46-310/350,L1P,L
A7BE4C,N5986C,BE35,BEECH 35 Starfire Bonanza,L1P,L
A7C34C,N6HR,C182,CESSNA 182 Skylane,L1P,L
A7C44C,N6TX,BE95,BEECH 95 Travel Air,L2P,L
A7C54C,N60EB,,,,
A7C74C,N600AN,,,,
A7CC4C,N601PS,RV6,VANS RV-6,L1P,L
A7CD4C,N601ZY,CH60,ZENAIR CH-600 Zodiac,L1P,L
A7D04C,N602SQ,AT6T,AIR TRACTOR AT-602,L1T,L
A7D24C,N6029M,C162,CESSNA 162 Skycatcher,L1P,L
A7D54C,N6034D,C172,CESSNA 172 Skyhawk,L1P,L
A7D94C,N6046G,C82S,CESSNA T182 Turbo Skylane,L1P,L
A7DC4C,N60509,C150,CESSNA 150,L1P,L
A7E04C,N6063B,PULS,Pulsar,L1P,L
A7E14C,N607AM,B752,BOEING 757-200,L2J,M
A7E24C,N607LT,SONX,SONEX AIRCRAFT Sonex,L1P,L
A7E44C,N6075E,BE35,BEECH 35 Starfire Bonanza,L1P,L
A7EB4C,N6092,,,,
A7ED4C,N61KF,FOX,KITFOX,L1P,L
A7EE4C,N61VM,RV12,VANS RV-12,L1P,L
A7F04C,N610RY,,,,
A7F94C,N61250,ST75,STEARMAN Kaydet,L1P,L
A7FA4C,N613EE,H25B,HAWKER BEECHCRAFT Hawker 750/850,L2J,M
A7FD4C,N61373,SS2T,TRUSH Turbo Thrush 500/550,L1T,L
A8004C,N6142V,BE35,BEECH 35 Starfire Bonanza,L1P,L
A8014C,N61496,ST75,STEARMAN Kaydet,L1P,L
A8044C,N6154Y,GLID,,L0-,-
A8094C,N617FR,DFLY,VIKING Dragonfly,L1P,L
A80F4C,N6183W,P28A,PIPER PA-28-140/150/160/180,L1P,L
A8174C,N620LW,DRON,,D0-,-
A8194C,N6205H,C82R,CESSNA R182 Skylane RG,L1P,L
A81D4C,N6217L,,,,
A8204C,N6222C,J3,PIPER J-3 Cub,L1P,L
A8214C,N6229P,PA24,PIPER PA-24 Comanche,L1P,L
A8254C,N624CA,C402,CESSNA 402 Businessliner,L2P,L
A82A4C,N625RE,,,,
A82B4C,N6251A,C82S,CESSNA T182 Turbo Skylane,L1P,L
A82C4C,N6258M,M5,MAULE M-5,L1P,L
A8304C,N627AP,BL8,BELLANCA 8 Decathlon,L1P,L
A8374C,N6287K,C150,CESSNA 150,L1P,L
A8384C,N629GK,,,,
A83B4C,N6299N,C82S,CESSNA T182 Turbo Skylane,L1P,L
A83D4C,N63VP,EN28,ENSTROM F-28,H1P,L
A8404C,N6301W,P28A,PIPER PA-28-140/150/160/180,L1P,L
A8424C,N631JS,E55P,EMBRAER EMB-505 Phenom 300,L2J,M
A8484C,N63252,C150,CESSNA 150,L1P,L
A84C4C,N63375,C150,CESSNA 150,L1P,L
A84F4C,N6342X,C172,CESSNA 172 Skyhawk,L1P,L
A8504C,N63498,BALL,,B0-,-
A8574C,N63663,C172,CESSNA 172 Skyhawk,L1P,L
A8584C,N637FT,P28A,PIPER PA-28-140/150/160/180,L1P,L
A85D4C,N638UX,B212,BELL 212,H2T,L
A8624C,N63951,PA23,PIPER PA-23,L2P,L
A8634C,N64EF,C172,CESSNA 172 Skyhawk,L1P,L
A86C4C,N6417N,T210,CESSNA T210 Turbo Centurion,L1P,L
A8744C,N644CC,AS26,SCHLEICHER ASH-26,L1P,L
A8754C,N644NJ,ULAC,,L0-,-
A8774C,N6446L,,,,
A87A4C,N6451C,CH7A,BELLANCA 7 Champion,L1P,L
A87B4C,N6458P,PA24,PIPER PA-24 Comanche,L1P,L
A8864C,N6487M,BALL,,B0-,-
A8894C,N6492D,C195,CESSNA 195,L1P,L
A88A4C,N6499Q,M20P,MOONEY M-20,L1P,L
A88B4C,N65KK,RV4,VANS RV-4,L1P,L
A88C4C,N65VR,M7,MAULE M-7,L1P,L
A88F4C,N6501Y,C210,CESSNA 201 Centurion,L1P,L
A8934C,N65131,COL3,CESSNA 350 Corvalis,L1P,L
A8974C,N65254,T206,CESSNA T206 Turbo Stationair,L1P,L
A89E4C,N6542Z,PA25,PIPER PA-25 Pawnee,L1P,L
A8A64C,N65665,C172,CESSNA 172 Skyhawk,L1P,L
A8A84C,N657SA,SREY,PROGRESSIVE AERODYNE SeaRey,A1P,L
A8B24C,N66EH,R66,ROBINSON R-66,H1T,L
A8B84C,N661DS,DA40,DIAMOND DA-40 Club Star,L1P,L
A8BE4C,N6622G,C150,CESSNA 150,L1P,L
A8BF4C,N6629T,C150,CESSNA 150,L1P,L
A8C34C,N664CE,C560,CESSNA 560 Citation Ultra,L2J,M
A8C94C,N6651E,C175,CESSNA 175 Skylark,L1P,L
A8CB4C,N666JA,M7,MAULE M-7,L1P,L
A8D14C,N6675L,BE33,BEECH 33 Bonanza,L1P,L
A8D54C,N6687P,PA24,PIPER PA-24 Comanche,L1P,L
A8DD4C,N670SD,B06,BELL 206 JetRanger,H1T,L
A8DE4C,N67010,R22,ROBINSON R-22 Mariner,H1P,L
A8DF4C,N6709A,C172,CESSNA 172 Skyhawk,L1P,L
A8E04C,N671JW,ZZZZ,,-0-,-
A8E84C,N673QS,C56X,CESSNA 560XL Citation XLS,L2J,M
A8F74C,N677SC,HIGH,JUST JA20 Highlander,L1P,L
A8FC4C,N67832,T50,CESSNA Bobcat,L2P,L
A9034C,N680AW,A320,AIRBUS A-320,L2J,M
A9044C,N680MB,C680,CESSNA 680 Citation Sovereign,L2J,M
A9064C,N6805P,PA24,PIPER PA-24 Comanche,L1P,L
A9094C,N6810F,C150,CESSNA 150,L1P,L
A90E4C,N6829V,M20P,MOONEY M-20,L1P,L
A9114C,N6834M,S108,STINSON 108 Voyager,L1P,L
A9164C,N685FE,A306,AIRBUS A-300-600,L2J,H
A91A4C,N686JC,RV6,VANS RV-6,L1P,L
A91C4C,N6863K,PA16,PIPER PA-16 Clipper,L1P,L
A91D4C,N687AV,PA34,PIPER PA-34 Seneca,L2P,L
A9204C,N6875N,M20P,MOONEY M-20,L1P,L
A9234C,N6880E,C175,CESSNA 175 Skylark,L1P,L
A9284C,N6899U,M20P,MOONEY M-20,L1P,L
A9294C,N69KP,HUSK,CHRISTEN Husky,L1P,L
A92A4C,N69VV,EAGL,CHRISTEN Eagle,L1P,L
A92B4C,N690G,BE9L,BEECH 90 King Air,L2T,L
A92D4C,N69012,C152,CESSNA 152,L1P,L
A9354C,N69258,C152,CESSNA 152,L1P,L
A93A4C,N694HL,BE35,BEECH 35 Starfire Bonanza,L1P,L
A93D4C,N695AC,BL8,BELLANCA 8 Decathlon,L1P,L
A9424C,N696PG,SR22,CIRRUS SR-22,L1P,L
A9484C,N6979B,C210,CESSNA 201 Centurion,L1P,L
A9504C,N7EM,ZZZZ,,-0-,-
A9524C,N70AY,LJ31,LEARJET 31,L2J,M
A9534C,N70MD,FDCT,FLIGHT DESIGN CT,L1P,L
A9574C,N70027,,,,
A9584C,N701AG,CH70,ZENAIR CH-701 Stol,L1P,L
A95B4C,N7015,RV4,VANS RV-4,L1P,L
A95C4C,N702DE,C172,CESSNA 172 Skyhawk,L1P,L
A95D4C,N702PL,RV7,VANS RV-7,L1P,L
A9614C,N703SJ,SF50,CIRRUS SF-50 Vision,L1J,L
A9634C,N7039F,C150,CESSNA 150,L1P,L
A9644C,N704KA,C150,CESSNA 150,L1P,L
A9664C,N70438,C185,CESSNA 185 Skywagon,L1P,L
A9674C,N705BT,,,,
A96D4C,N70603,CH7A,BELLANCA 7 Champion,L1P,L
A96E4C,N7068D,PA18,PIPER PA-18 Super Cub,L1P,L
A96F4C,N707HP,B738,BOEING 737-800,L2J,M
A9704C,N707TV,DG1T,DG FLUGZEUGBAU DG-1001T,L1P,L
A9714C,N70726,PARA,,P0-,-
A9754C,N70849,C182,CESSNA 182 Skylane,L1P,L
A9794C,N7097B,BALL,,B0-,-
A97A4C,N71GB,FURY,HAWKER Fury,L1P,L
A97B4C,N71SH,P28A,PIPER PA-28-140/150/160/180,L1P,L
A97E4C,N710Z,DC3,DOUGLAS DC-3 Dakota,L2P,M
A97F4C,N7106W,P28A,PIPER PA-28-140/150/160/180,L1P,L
A9804C,N711FL,P28A,PIPER PA-28-140/150/160/180,L1P,L
A9814C,N711RS,ST75,STEARMAN Kaydet,L1P,L
A9824C,N7111N,C172,CESSNA 172 Skyhawk,L1P,L
A98B4C,N714DZ,C150,CESSNA 150,L1P,L
A98D4C,N7140L,AA5,AMERICAN AA-5 Tiger,L1P,L
A98E4C,N7147X,C150,CESSNA 150,L1P,L
A9914C,N7152P,FOX,KITFOX,L1P,L
A9954C,N7164S,C150,CESSNA 150,L1P,L
A9974C,N717NT,GLEX,BOMBARDIER BD-700 Global 6000/6500,L2J,M
A9994C,N7176V,M20P,MOONEY M-20,L1P,L
A99B4C,N718RR,H25B,HAWKER BEECHCRAFT Hawker 750/850,L2J,M
A99C4C,N7181M,C175,CESSNA 175 Skylark,L1P,L
A99D4C,N7188Y,PA30,PIPER PA-30 Twin Comanche,L2P,L
A9A24C,N72MF,BE36,BEECH 36 Bonanza,L1P,L
A9A64C,N72029,L8,LUSCOMBE 8,L1P,L
A9A94C,N721WW,T206,CESSNA T206 Turbo Stationair,L1P,L
A9AA4C,N7215B,BE35,BEECH 35 Starfire Bonanza,L1P,L
A9B14C,N72317,C140,CESSNA 140,L1P,L
A9B24C,N7239H,J3,PIPER J-3 Cub,L1P,L
A9B54C,N7244,ZZZZ,,-0-,-
A9B84C,N725YG,BE36,BEECH 36 Bonanza,L1P,L
A9BC4C,N72605,C140,CESSNA 140,L1P,L
A9BD4C,N7268F,C82S,CESSNA T182 Turbo Skylane,L1P,L
A9BF4C,N727TX,C650,CESSNA 650 Citation,L2J,M
A9C04C,N72728,C140,CESSNA 140,L1P,L
A9C24C,N728LP,,,,
A9C84C,N7297D,PA18,PIPER PA-18 Super Cub,L1P,L
A9D24C,N73181,C172,CESSNA 172 Skyhawk,L1P,L
A9D44C,N732US,A319,AIRBUS A-319,L2J,M
A9D64C,N733BC,C172,CESSNA 172 Skyhawk,L1P,L
A9D74C,N733MJ,E50P,EMBRAER EMB-500 Phenom 100,L2J,L
A9D94C,N7335W,P28A,PIPER PA-28-140/150/160/180,L1P,L
A9DA4C,N734EA,C172,CESSNA 172 Skyhawk,L1P,L
A9DF4C,N735TE,C182,CESSNA 182 Skylane,L1P,L
A9E34C,N736WC,C172,CESSNA 172 Skyhawk,L1P,L
A9E54C,N737CP,C172,CESSNA 172 Skyhawk,L1P,L
A9E64C,N737NV,C172,CESSNA 172 Skyhawk,L1P,L
A9E74C,N737ZA,C172,CESSNA 172 Skyhawk,L1P,L
A9E84C,N7376X,C150,CESSNA 150,L1P,L
A9E94C,N738FM,C172,CESSNA 172 Skyhawk,L1P,L
A9EB4C,N7381P,PA24,PIPER PA-24 Comanche,L1P,L
A9F04C,N74BB,PA23,PIPER PA-23,L2P,L
A9F14C,N74MH,P28A,PIPER PA-28-140/150/160/180,L1P,L
A9F24C,N74XP,F2TH,DASSAULT Falcon 2000,L2J,M
A9F44C,N740U,P28A,PIPER PA-28-140/150/160/180,L1P,L
A9F54C,N7403A,BALL,,B0-,-
A9F74C,N741LS,R44,ROBINSON R-44 Raven,H1P,L
A9F84C,N741WY,C525,CESSNA 525 CitationJet,L2J,L
A9FD4C,N7427G,C172,CESSNA 172 Skyhawk,L1P,L
AA004C,N74319,AA5,AMERICAN AA-5 Tiger,L1P,L
AA104C,N748AK,RV8,VANS RV-8,L1P,L
AA134C,N7485C,C185,CESSNA 185 Skywagon,L1P,L
AA194C,N75SM,C182,CESSNA 182 Skylane,L1P,L
AA1C4C,N750ZD,CH75,ZENAIR CH-750 Cruzer,L1P,L
AA1D4C,N75060,L5,STINSON Sentinel,L1P,L
AA244C,N7523V,C77R,CESSNA 177RG Cardinal RG,L1P,L
AA284C,N7535Y,PA30,PIPER PA-30 Twin Comanche,L2P,L
AA2E4C,N755TG,C182,CESSNA 182 Skylane,L1P,L
AA2F4C,N7552T,C172,CESSNA 172 Skyhawk,L1P,L
AA314C,N756KZ,C82R,CESSNA R182 Skylane RG,L1P,L
AA324C,N756WE,C182,CESSNA 182 Skylane,L1P,L
AA344C,N757CR,C182,CESSNA 182 Skylane,L1P,L
AA394C,N758RV,C172,CESSNA 172 Skyhawk,L1P,L
AA3C4C,N759JM,C182,CESSNA 182 Skylane,L1P,L
AA3F4C,N76BD,EAGL,CHRISTEN Eagle,L1P,L
AA444C,N7603C,BE76,BEECH 76 Duchess,L2P,L
AA454C,N761AN,C210,CESSNA 201 Centurion,L1P,L
AA464C,N761LU,T210,CESSNA T210 Turbo Centurion,L1P,L
AA494C,N762DL,EA50,ECLIPSE 550,L2J,L
AA4A4C,N762PS,ZZZZ,,-0-,-
AA534C,N7644D,PA22,PIPER PA-22,L1P,L
AA5B4C,N7668K,C180,CESSNA  180 Skywagon,L1P,L
AA5F4C,N768AM,S76,SIKORSKY S-76 Spirit,H2T,L
AA624C,N7685E,CH7A,BELLANCA 7 Champion,L1P,L
AA674C,N77GH,PTS1,PITTS S-1 Special,L1P,L
AA6A4C,N770P,BE36,BEECH 36 Bonanza,L1P,L
AA6F4C,N7711U,C172,CESSNA 172 Skyhawk,L1P,L
AA704C,N77185,C182,CESSNA 182 Skylane,L1P,L
AA774C,N77350,COL3,CESSNA 350 Corvalis,L1P,L
AA7A4C,N7740S,GLID,,L0-,-
AA7B4C,N77473,C120,CESSNA 120,L1P,L
AA7F4C,N77596,J3,PIPER J-3 Cub,L1P,L
AA804C,N776LA,,,,
AA834C,N777CT,AS50,AEROSPATIALE AS-350 Ecureuil,H1T,L
AA844C,N777NZ,DRON,,D0-,-
AA874C,N778FR,DRON,,D0-,-
AA894C,N7781T,C172,CESSNA 172 Skyhawk,L1P,L
AA8D4C,N7793W,P28A,PIPER PA-28-140/150/160/180,L1P,L
AA8E4C,N78BF,BE36,BEECH 36 Bonanza,L1P,L
AA934C,N7803E,PA38,PIPER PA-38 Tomahawk,L1P,L
AAA24C,N7844F,C150,CESSNA 150,L1P,L
AAA34C,N785CA,P212,TECNAM P-2012 Traveller,L2P,L
AAB04C,N788XA,B737,BOEING 737-700,L2J,M
AAB14C,N7885G,C172,CESSNA 172 Skyhawk,L1P,L
AAB24C,N789DM,C182,CESSNA 182 Skylane,L1P,L
AAB34C,N789PT,C414,CESSNA 414 Chancellor,L2P,L
AAB74C,N79SR,AEST,AEROSTAR 600,L2P,L
AABD4C,N791S,,,,
AABE4C,N7911W,P28A,PIPER PA-28-140/150/160/180,L1P,L
AABF4C,N79187,C172,CESSNA 172 Skyhawk,L1P,L
AAC04C,N792JS,C560,CESSNA 560 Citation Ultra,L2J,M
AAC94C,N7940U,C172,CESSNA 172 Skyhawk,L1P,L
AACA4C,N79475,C172,CESSNA 172 Skyhawk,L1P,L
AACE4C,N79598,C182,CESSNA 182 Skylane,L1P,L
AADA4C,N799JR,GLEX,BOMBARDIER BD-700 Global 6000/6500,L2J,M
AADD4C,N8BH,KR2,RAND KR-2,L1P,L
AADE4C,N8MP,BE35,BEECH 35 Starfire Bonanza,L1P,L
AADF4C,N8XV,RV6,VANS RV-6,L1P,L
AAE04C,N80J,H25B,HAWKER BEECHCRAFT Hawker 750/850,L2J,M
AAE34C,N800QS,C700,CESSNA 700 Citation Longitude,L2J,M
AAE44C,N8000Y,C180,CESSNA  180 Skywagon,L1P,L
AAE54C,N80079,C172,CESSNA 172 Skyhawk,L1P,L
AAE84C,N80121,C172,CESSNA 172 Skyhawk,L1P,L
AAE94C,N802AA,C208,CESSNA 208 Caravan,L1T,L
AAF14C,N804FX,AT73,ATR-72-212,L2T,M
AAF24C,N804SC,DRON,,D0-,-
AAF84C,N806BM,SR22,CIRRUS SR-22,L1P,L
AAFE4C,N8070X,C172,CESSNA 172 Skyhawk,L1P,L
AAFF4C,N80778,CH70,ZENAIR CH-701 Stol,L1P,L
AB004C,N808HH,S22T,CIRRUS SR-22T Turbo,L1P,L
AB014C,N808TP,C72R,CESSNA 172R Cutlass RG,L1P,L
AB024C,N80820,GC1,GLOBE Swift,L1P,L
AB034C,N809A,PA22,PIPER PA-22,L1P,L
AB064C,N80943,BALL,,B0-,-
AB074C,N81CY,,,,
AB084C,N81PD,RV8,VANS RV-8,L1P,L
AB0C4C,N8104M,C182,CESSNA 182 Skylane,L1P,L
AB0E4C,N811NN,B738,BOEING 737-800,L2J,M
AB0F4C,N811YU,,,,
AB104C,N8116Q,P28R,PIPER PA-28R-180/200/201,L1P,L
AB124C,N812RL,FOX,KITFOX,L1P,L
AB134C,N8121G,C210,CESSNA 201 Centurion,L1P,L
AB144C,N8128T,C175,CESSNA 175 Skylark,L1P,L
AB154C,N813JC,RV12,VANS RV-12,L1P,L
AB174C,N8133K,G164,GRUMMAN G-164 Ag-Cat,L1P,L
AB194C,N814MA,PA32,PIPER PA-32,L1P,L
AB1B4C,N8145N,,,,
AB214C,N816SX,BALL,,B0-,-
AB224C,N8162H,GLAS,Glasair,L1P,L
AB234C,N8169U,C172,CESSNA 172 Skyhawk,L1P,L
AB2C4C,N819RK,PA34,PIPER PA-34 Seneca,L2P,L
AB2D4C,N8191F,C150,CESSNA 150,L1P,L
AB2E4C,N8198S,C150,CESSNA 150,L1P,L
AB2F4C,N82JB,,,,
AB374C,N82123,GLF6,GULFSTREAM G650,L2J,M
AB384C,N822AC,SR20,CIRRUS SR-20,L1P,L
AB394C,N822LJ,,,,
AB424C,N82411,CH7A,BELLANCA 7 Champion,L1P,L
AB434C,N8249B,P28A,PIPER PA-28-140/150/160/180,L1P,L
AB474C,N826BP,,,,
AB4A4C,N82657,CH7A,BELLANCA 7 Champion,L1P,L
AB504C,N828TR,E55P,EMBRAER EMB-505 Phenom 300,L2J,M
AB544C,N829WP,DHC1,DE HAVILLAND DHC-1 Chipmunk,L1P,L
AB554C,N82945,PA18,PIPER PA-18 Super Cub,L1P,L
AB564C,N83D,C414,CESSNA 414 Chancellor,L2P,L
AB594C,N830KS,C172,CESSNA 172 Skyhawk,L1P,L
AB5B4C,N8304P,PA24,PIPER PA-24 Comanche,L1P,L
AB5D4C,N831NQ,,,,
AB5F4C,N8316S,P28A,PIPER PA-28-140/150/160/180,L1P,L
AB634C,N8328V,PA34,PIPER PA-34 Seneca,L2P,L
AB6A4C,N8345Q,T206,CESSNA T206 Turbo Stationair,L1P,L
AB724C,N8369W,P28A,PIPER PA-28-140/150/160/180,L1P,L
AB794C,N8386R,P28A,PIPER PA-28-140/150/160/180,L1P,L
AB7B4C,N839RM,R44,ROBINSON R-44 Raven,H1P,L
AB7D4C,N8398U,C172,CESSNA 172 Skyhawk,L1P,L
AB7E4C,N84JD,BL8,BELLANCA 8 Decathlon,L1P,L
AB824C,N84002,CH7A,BELLANCA 7 Champion,L1P,L
AB834C,N8408C,P28A,PIPER PA-28-140/150/160/180,L1P,L
AB864C,N84125,C172,CESSNA 172 Skyhawk,L1P,L
AB874C,N842AE,E135,EMBRAER ERJ-135,L2J,M
AB8B4C,N843DC,PA30,PIPER PA-30 Twin Comanche,L2P,L
AB904C,N844SG,,,,
AB994C,N84659,C172,CESSNA 172 Skyhawk,L1P,L
AB9C4C,N84701,CH7A,BELLANCA 7 Champion,L1P,L
ABA44C,N84947,CH7A,BELLANCA 7 Champion,L1P,L
ABA54C,N85DB,ULAC,,L0-,-
ABA64C,N85PH,BE9L,BEECH 90 King Air,L2T,L
ABA94C,N850W,,,,
ABAA4C,N8504R,AT8T,AIR TRACTOR AT-802,L1T,M
ABB24C,N8528X,C172,CESSNA 172 Skyhawk,L1P,L
ABB84C,N854XL,DRON,,D0-,-
ABB94C,N8545S,C182,CESSNA 182 Skylane,L1P,L
ABBD4C,N8557V,CH7B,BELLANCA 7 Citabria,L1P,L
ABBF4C,N856TA,F16,GENERAL DYNAMICS F-16 Fighting Falcon,L1J,M
ABC04C,N8562M,BE35,BEECH 35 Starfire Bonanza,L1P,L
ABC84C,N8586T,C182,CESSNA 182 Skylane,L1P,L
ABCD4C,N86JF,VJ22,VOLMER Sportsman,A1P,L
ABCE4C,N86UM,M20P,MOONEY M-20,L1P,L
ABD14C,N86004,AR11,AERONCA 11 Chief,L1P,L
ABDA4C,N863DE,PA11,PIPER PA-11 Cub Special,L1P,L
ABDD4C,N8637C,PA22,PIPER PA-22,L1P,L
ABE24C,N865KA,SR22,CIRRUS SR-22,L1P,L
ABE94C,N867ER,C172,CESSNA 172 Skyhawk,L1P,L
ABEB4C,N86703,B14A,BELLANCA 14,L1P,L
ABEC4C,N8678D,PA18,PIPER PA-18 Super Cub,L1P,L
ABEF4C,N86826,B14A,BELLANCA 14,L1P,L
ABF34C,N86949,B14A,BELLANCA 14,L1P,L
ABF44C,N87DD,ZZZZ,,-0-,-
ABF54C,N87PK,H25B,HAWKER BEECHCRAFT Hawker 750/850,L2J,M
ABF94C,N8704T,C182,CESSNA 182 Skylane,L1P,L
ABFD4C,N8716W,P28B,PIPER PA-28-201T/235/236,L1P,L
AC004C,N8721N,P28A,PIPER PA-28-140/150/160/180,L1P,L
AC064C,N874MG,FOX,KITFOX,L1P,L
AC0B4C,N8750L,PA25,PIPER PA-25 Pawnee,L1P,L
AC104C,N87690,BE18,BEECH 18 Expetitor,L2P,L
AC134C,N8774S,AT3P,AIR TRACTOR AT-301/401,L1P,L
AC1C4C,N88JH,BE20,BEECH 200 Super King Air,L2T,M
AC1F4C,N880R,BE35,BEECH 35 Starfire Bonanza,L1P,L
AC204C,N88006,J3,PIPER J-3 Cub,L1P,L
AC224C,N881HS,GLF5,GULFSTREAM 5,L2J,M
AC244C,N88129,J3,PIPER J-3 Cub,L1P,L
AC274C,N882WW,AVTR,AERO ADVENTURE Aventura 2,A1P,L
AC2C4C,N8837E,DRON,,D0-,-
AC2F4C,N88417,BL8,BELLANCA 8 Decathlon,L1P,L
AC374C,N8866C,PA20,PIPER PA-20 Pacer,L1P,L
AC3D4C,N888TX,C650,CESSNA 650 Citation,L2J,M
AC3E4C,N88828,,,,
AC444C,N89PM,PA46,PIPER PA-46-310/350,L1P,L
AC464C,N890KY,DRON,,D0-,-
AC484C,N8904V,C172,CESSNA 172 Skyhawk,L1P,L
AC4C4C,N8916Y,PA18,PIPER PA-18 Super Cub,L1P,L
AC504C,N89281,C140,CESSNA 140,L1P,L
AC554C,N894MJ,PA18,PIPER PA-18 Super Cub,L1P,L
AC634C,N898CP,PA32,PIPER PA-32,L1P,L
AC664C,N8986X,C182,CESSNA 182 Skylane,L1P,L
AC684C,N899RT,EN48,ENSTROM TH-28,H1T,L
AC694C,N8991P,PA24,PIPER PA-24 Comanche,L1P,L
AC6A4C,N89980,C152,CESSNA 152,L1P,L
AC6B4C,N9JK,GLID,,L0-,-
AC6C4C,N9UR,ULAC,,L0-,-
AC6D4C,N90EW,GLEX,BOMBARDIER BD-700 Global 6000/6500,L2J,M
AC6F4C,N900BG,G109,GROB G-109,L1P,L
AC724C,N90050,BALL,,B0-,-
AC734C,N901EE,,,,
AC754C,N9010S,BE35,BEECH 35 Starfire Bonanza,L1P,L
AC794C,N9022V,BE36,BEECH 36 Bonanza,L1P,L
AC7B4C,N903LA,EVSS,EVEKTOR SportStar,L1P,L
AC7E4C,N904CT,DV20,DIAMOND DA-20,L1P,L
AC854C,N90584,H269,HUGHES Sky Knight,H1P,L
AC864C,N906JP,PARA,,P0-,-
AC8A4C,N907MM,SR20,CIRRUS SR-20,L1P,L
AC8C4C,N9075Z,R22,ROBINSON R-22 Mariner,H1P,L
AC8F4C,N9080R,TRDO,TITAN Tornado SS,L1P,L
AC914C,N909HB,,,,
AC924C,N909TH,SU29,SUKHOI Su-29,L1P,L
AC944C,N90995,PA18,PIPER PA-18 Super Cub,L1P,L
AC954C,N91L,LA4,LAKE LA-4/200,A1P,L
AC984C,N910SS,C68A,CESSNA 680 Citation Latitude,L2J,M
AC9A4C,N9109P,PA24,PIPER PA-24 Comanche,L1P,L
AC9B4C,N911KJ,S22T,CIRRUS SR-22T Turbo,L1P,L
ACA44C,N9131A,C170,CESSNA 170,L1P,L
ACA84C,N9143D,PA18,PIPER PA-18 Super Cub,L1P,L
ACA94C,N915AP,H25B,HAWKER BEECHCRAFT Hawker 750/850,L2J,M
ACAD4C,N916DM,RV8,VANS RV-8,L1P,L
ACAF4C,N916ZZ,,,,
ACB44C,N9179N,AT3P,AIR TRACTOR AT-301/401,L1P,L
ACB84C,N919C,BE36,BEECH 36 Bonanza,L1P,L
ACBB4C,N9196H,C172,CESSNA 172 Skyhawk,L1P,L
ACBD4C,N92RD,GLAS,Glasair,L1P,L
ACC44C,N9210U,C150,CESSNA 150,L1P,L
ACC54C,N92175,C182,CESSNA 182 Skylane,L1P,L
ACC84C,N9222X,C182,CESSNA 182 Skylane,L1P,L
ACC94C,N92298,C182,CESSNA 182 Skylane,L1P,L
ACCC4C,N92340,C182,CESSNA 182 Skylane,L1P,L
ACD04C,N92463,C182,CESSNA 182 Skylane,L1P,L
ACD54C,N926JR,CL30,BOMBARDIER BD-100 Challenger 300,L2J,M
ACD84C,N927BH,,,,
ACDB4C,N92751,PA12,PIPER PA-12 Super Cruiser,L1P,L
ACDC4C,N928EF,BE76,BEECH 76 Duchess,L2P,L
ACDE4C,N9280T,C172,CESSNA 172 Skyhawk,L1P,L
ACE24C,N9292W,P28B,PIPER PA-28-201T/235/236,L1P,L
ACE34C,N92997,SKYR,REARWIN Skyranger,L1P,L
ACE44C,N93LB,RV4,VANS RV-4,L1P,L
ACE54C,N93WH,E300,EXTRA EA-300/330/350,L1P,L
ACEC4C,N9314H,C82S,CESSNA T182 Turbo Skylane,L1P,L
ACF24C,N933RG,C525,CESSNA 525 CitationJet,L2J,L
ACF44C,N9338P,PA24,PIPER PA-24 Comanche,L1P,L
ACFF4C,N9367M,M20P,MOONEY M-20,L1P,L
AD034C,N9379Q,BE36,BEECH 36 Bonanza,L1P,L
AD074C,N939CB,BL8,BELLANCA 8 Decathlon,L1P,L
AD0C4C,N94RF,SRAI,GREAT PLAINS Sonerai,L1P,L
AD0E4C,N940MS,TBM7,SOCATA TBM-700A/B/C,L1T,L
AD184C,N943,B25,CONSOLIDATED B-25 Mitchell,L2P,M
AD1B4C,N94342,ERCO,AIR PRODUCTS F-1 Aircoupe,L1P,L
AD1D4C,N944PC,R44,ROBINSON R-44 Raven,H1P,L
AD1F4C,N94465,PARA,,P0-,-
AD214C,N945SA,C172,CESSNA 172 Skyhawk,L1P,L
AD234C,N94588,C182,CESSNA 182 Skylane,L1P,L
AD264C,N94630,ULAC,,L0-,-
AD284C,N947MR,L8,LUSCOMBE 8,L1P,L
AD2A4C,N94753,C182,CESSNA 182 Skylane,L1P,L
AD304C,N949TM,AT8T,AIR TRACTOR AT-802,L1T,M
AD334C,N95LD,RV9,VANS RV-9,L1P,L
AD344C,N95WK,LJ55,LEARJET 55,L2J,M
AD374C,N9502G,BALL,,B0-,-
AD384C,N9509T,C210,CESSNA 201 Centurion,L1P,L
AD424C,N9531E,BL17,BELLANCA 17 Viking,L1P,L
AD434C,N9538R,BE35,BEECH 35 Starfire Bonanza,L1P,L
AD444C,N954JA,C172,CESSNA 172 Skyhawk,L1P,L
AD464C,N9543H,C172,CESSNA 172 Skyhawk,L1P,L
AD474C,N955AT,B712,BOEING 717-200,L2J,M
AD4A4C,N9555L,AA5,AMERICAN AA-5 Tiger,L1P,L
AD4B4C,N956DR,,,,
AD4D4C,N9560C,T6,NORTH AMERICAN T-6 Texan,L1P,L
AD524C,N9579S,,,,
AD534C,N958KM,BN2P,BRITTEN-NORMAN BN-2 Islander,L2P,L
AD544C,N958VT,ULAC,,L0-,-
AD554C,N9584J,P28A,PIPER PA-28-140/150/160/180,L1P,L
AD564C,N959CD,SR22,CIRRUS SR-22,L1P,L
AD574C,N959NK,A20N,AIRBUS A-320neo,L2J,M
AD5A4C,N96FB,C500,CESSNA 500 Citation 1,L2J,L
AD5B4C,N96RH,P210,CESSNA P210 Centurion,L1P,L
AD634C,N96179,TAYB,TAYLORCRAFT BC/BF/BL,L1P,L
AD694C,N963WN,B737,BOEING 737-700,L2J,M
AD754C,N96632,TAYB,TAYLORCRAFT BC/BF/BL,L1P,L
AD774C,N967MT,FOX,KITFOX,L1P,L
AD794C,N96755,TAYB,TAYLORCRAFT BC/BF/BL,L1P,L
AD824C,N97LF,C72R,CESSNA 172R Cutlass RG,L1P,L
AD8B4C,N972CG,GLID,,L0-,-
AD8C4C,N972NN,B738,BOEING 737-800,L2J,M
AD8F4C,N973FE,C208,CESSNA 208 Caravan,L1T,L
AD904C,N973RL,B407,BELL 407,H1T,L
AD964C,N975AV,A332,AIRBUS A-330-200,L2J,H
AD974C,N975MA,PA46,PIPER PA-46-310/350,L1P,L
AD9D4C,N9767R,BE35,BEECH 35 Starfire Bonanza,L1P,L
ADA04C,N9772H,C82R,CESSNA R182 Skylane RG,L1P,L
ADA14C,N9779U,AA5,AMERICAN AA-5 Tiger,L1P,L
ADA54C,N979CF,H25B,HAWKER BEECHCRAFT Hawker 750/850,L2J,M
ADB14C,N98100,P28A,PIPER PA-28-140/150/160/180,L1P,L
ADB54C,N98223,P28A,PIPER PA-28-140/150/160/180,L1P,L
ADBA4C,N984DA,DV20,DIAMOND DA-20,L1P,L
ADBB4C,N984PG,SR20,CIRRUS SR-20,L1P,L
ADC14C,N9859B,CH7A,BELLANCA 7 Champion,L1P,L
ADC94C,N988EM,T206,CESSNA T206 Turbo Stationair,L1P,L
ADCD4C,N989HK,SR22,CIRRUS SR-22,L1P,L
ADCF4C,N98922,PA12,PIPER PA-12 Super Cruiser,L1P,L
ADD04C,N99AB,ULAC,,L0-,-
ADD24C,N99WP,BE58,BEECH 58 Baron,L2P,L
ADD44C,N990T,BE35,BEECH 35 Starfire Bonanza,L1P,L
ADD64C,N9909X,C185,CESSNA 185 Skywagon,L1P,L
ADD94C,N9914P,PA36,PIPER PA-36 Pawnee Brave,L1P,L
ADE44C,N9943M,C207,CESSNA 207 Turbo Stationair,L1P,L
ADE64C,N995MC,SS2T,TRUSH Turbo Thrush 500/550,L1T,L
ADE84C,N9955Q,PA18,PIPER PA-18 Super Cub,L1P,L
ADF44C,N999CH,C172,CESSNA 172 Skyhawk,L1P,L
ADF64C,N999YV,B762,BOEING 767-200,L2J,H
ADF74C,N9996R,BE35,BEECH 35 Starfire Bonanza,L1P,L
ADFE4C,94-00320,BE20,BEECH 200 Super King Air,L2T,M
ADFF4C,66-4382,T38,NORTHROP T-38 Talon,L2J,L
AE004C,64-13266,T38,NORTHROP T-38 Talon,L2J,L
AE014C,63-8025,K35R,BOEING KC-135R/T Stratotanker,L4J,H
AE044C,162144,C2,GRUMMAN C-2 Greyhound,L2T,M
AE094C,68-10337,U2,LOCKHEED U-2,L1J,M
AE0C4C,87-24606,H60,SIKORSKY UH-60 Black Hawk,H2T,M
AE0E4C,96-26685,H60,SIKORSKY UH-60 Black Hawk,H2T,M
AE114C,165986,TEX2,BEECHCRAFT T-6 Texan 2,L1T,L
AE144C,05-5142,C17,BOEING C-17 Globemaster 3,L4J,H
AE154C,02-05305,H64,MCDONNELL DOUGLAS AH-64 Apache,H2T,M
AE174C,06-3858,TEX2,BEECHCRAFT T-6 Texan 2,L1T,L
AE1E4C,07-3876,TEX2,BEECHCRAFT T-6 Texan 2,L1T,L
AE1F4C,08-72061,EC45,AIRBUS HELICOPTERS EC-145,H2T,L
AE204C,14-72317,EC45,AIRBUS HELICOPTERS EC-145,H2T,L
AE214C,06-27093,H60,SIKORSKY UH-60 Black Hawk,H2T,M
AE4A4C,6045,H60,SIKORSKY UH-60 Black Hawk,H2T,M
AE4B4C,161991,H53,SIKORSKY CH-53,H2T,M
AE564C,12-20435,H60,SIKORSKY UH-60 Black Hawk,H2T,M
AE5A4C,14-72352,EC45,AIRBUS HELICOPTERS EC-145,H2T,L
AE5D4C,16-20835,H60,SIKORSKY UH-60 Black Hawk,H2T,M
AE5F4C,169563,P8,BOEING P-8 Poseidon,L2J,M
AE624C,69-7536,B212,BELL 212,H2T,L
AE634C,20-72468,EC45,AIRBUS HELICOPTERS EC-145,H2T,L
AE6A4C,19-03259,H64,MCDONNELL DOUGLAS AH-64 Apache,H2T,M
AE6C4C,21-21211,H60,SIKORSKY UH-60 Black Hawk,H2T,M
AE6D4C,170154,A119,AGUSTA AW-119 Koala,H1T,L
C0014C,C-FAMT,RV8,VANS RV-8,L1P,L
C0024C,C-FAWP,RBEL,MURPHY Rebel,L1P,L
C0034C,C-FBGL,NDIC,NORMAN Nordic,L1P,L
C0054C,C-FCAD,B212,BELL 212,H2T,L
C0064C,C-FCJZ,CRJ7,BOMBARDIER Regional Jet CRJ-700,L2J,M
C0074C,C-FCTV,B06,BELL 206 JetRanger,H1T,L
C0084C,C-FDDR,CNUK,FLEET 80 Canuck,L1P,L
C0094C,C-FDNN,,,,
C00A4C,C-FDXJ,C182,CESSNA 182 Skylane,L1P,L
C00E4C,C-FFKT,MIMU,BUSHBY Midget Mustang,L1P,L
C00F4C,C-FFUP,P28A,PIPER PA-28-140/150/160/180,L1P,L
C0104C,C-FGEL,RBEL,MURPHY Rebel,L1P,L
C0114C,C-FGOH,PA18,PIPER PA-18 Super Cub,L1P,L
C0134C,C-FHHZ,,,,
C0144C,C-FHRV,RV4,VANS RV-4,L1P,L
C0154C,C-FIBR,B350,BEECHCRAFT Super King Air 350,L2T,M
C0164C,C-FILN,ULAC,,L0-,-
C0184C,C-FJFF,C150,CESSNA 150,L1P,L
C0194C,C-FJPB,DHC2,DE HAVILLAND DHC-2 Beaver,L1P,L
C01A4C,C-FJYX,C180,CESSNA  180 Skywagon,L1P,L
C01B4C,C-FKIT,C175,CESSNA 175 Skylark,L1P,L
C01C4C,C-FKSP,L8,LUSCOMBE 8,L1P,L
C01D4C,C-FLCL,R44,ROBINSON R-44 Raven,H1P,L
C01E4C,C-FLMH,C180,CESSNA  180 Skywagon,L1P,L
C01F4C,C-FLWD,CH20,ZENAIR CH-200 Zenith,L1P,L
C0204C,C-FMFZ,BE9L,BEECH 90 King Air,L2T,L
C0224C,C-FMZR,E190,EMBRAER ERJ-190-100,L2J,M
C0234C,C-FNJN,RAF2,ROTARY AIR FORCE RAF-2000,G1P,L
C0244C,C-FNTJ,DV20,DIAMOND DA-20,L1P,L
C0254C,C-FODF,DHC2,DE HAVILLAND DHC-2 Beaver,L1P,L
C0264C,C-FONB,PA22,PIPER PA-22,L1P,L
C0274C,C-FOWX,C172,CESSNA 172 Skyhawk,L1P,L
C0284C,C-FPGT,PA32,PIPER PA-32,L1P,L
C0294C,C-FPQP,,,,
C02E4C,C-FRNV,DUOD,SCHEMPP-HIRTH Duo Discus,L1P,L
C0314C,C-FSRJ,DH8D,DE HAVILLAND DHC-8-400 Dash 8,L2T,M
C0324C,C-FTBF,PA12,PIPER PA-12 Super Cruiser,L1P,L
C0354C,C-FUET,C180,CESSNA  180 Skywagon,L1P,L
C0364C,C-FUOP,,,,
C0374C,C-FUYL,P28A,PIPER PA-28-140/150/160/180,L1P,L
C0384C,C-FVIH,AT5T,AIR TRACTOR AT-504,L1T,L
C0394C,C-FVSD,BALL,,B0-,-
C03B4C,C-FWLV,C172,CESSNA 172 Skyhawk,L1P,L
C03C4C,C-FWVR,C208,CESSNA 208 Caravan,L1T,L
C03D4C,C-FXFN,C172,CESSNA 172 Skyhawk,L1P,L
C03E4C,C-FXPJ,AT5T,AIR TRACTOR AT-504,L1T,L
C03F4C,C-FXZF,P28A,PIPER PA-28-140/150/160/180,L1P,L
C0404C,C-FYJB,AS50,AEROSPATIALE AS-350 Ecureuil,H1T,L
C0414C,C-FYSX,C150,CESSNA 150,L1P,L
C0424C,C-FZCT,C185,CESSNA 185 Skywagon,L1P,L
C0434C,C-FZMP,TAYA,TAYLORCRAFT A,L1P,L
C0444C,C-FZWL,,,,
C0454C,C-GAGH,TNDR,DREAM Tundra,L1P,L
C0464C,C-GAQD,C172,CESSNA 172 Skyhawk,L1P,L
C0474C,C-GAZZ,C180,CESSNA  180 Skywagon,L1P,L
C0484C,C-GBJV,PC12,PILATUS PC-12,L1T,L
C0494C,C-GBTR,RAF2,ROTARY AIR FORCE RAF-2000,G1P,L
C04A4C,C-GCDN,PA24,PIPER PA-24 Comanche,L1P,L
C04B4C,C-GCNJ,P28A,PIPER PA-28-140/150/160/180,L1P,L
C04D4C,C-GDHB,M6,MAULE M-6,L1P,L
C04E4C,C-GDQX,PEGZ,PEGASE AERO Pegazair,L1P,L
C04F4C,C-GEAT,R44,ROBINSON R-44 Raven,H1P,L
C0504C,C-GEKP,AA5,AMERICAN AA-5 Tiger,L1P,L
C0514C,C-GEUL,C182,CESSNA 182 Skylane,L1P,L
C0524C,C-GFEH,B738,BOEING 737-800,L2J,M
C0544C,C-GFXZ,P28A,PIPER PA-28-140/150/160/180,L1P,L
C0554C,C-GGHV,GLID,,L0-,-
C0564C,C-GGRR,BALL,,B0-,-
C0574C,C-GHBN,LA4,LAKE LA-4/200,A1P,L
C0584C,C-GHLJ,B06,BELL 206 JetRanger,H1T,L
C0594C,C-GHVF,ULAC,,L0-,-
C05A4C,C-GIFB,PA30,PIPER PA-30 Twin Comanche,L2P,L
C05B4C,C-GIOX,PC12,PILATUS PC-12,L1T,L
C05C4C,C-GIYT,C172,CESSNA 172 Skyhawk,L1P,L
C05D4C,C-GJIP,RV4,VANS RV-4,L1P,L
C05E4C,C-GJSL,B38M,BOEING 737 MAX 8,L2J,M
C05F4C,C-GKCH,B212,BELL 212,H2T,L
C0604C,C-GKMD,C182,CESSNA 182 Skylane,L1P,L
C0624C,C-GLFV,GLF5,GULFSTREAM 5,L2J,M
C0634C,C-GLPR,CH60,ZENAIR CH-600 Zodiac,L1P,L
C0644C,C-GLZN,S108,STINSON 108 Voyager,L1P,L
C0654C,C-GMJJ,PRM1,RAYTHEON 390 Premier 1,L2J,L
C0664C,C-GMTF,PELI,FLYER Pelican,L1P,L
C0674C,C-GNDB,B36T,BEECH 36 Turbine Bonanza,L1T,L
C0684C,C-GNMX,,,,
C0694C,C-GNWT,BE20,BEECH 200 Super King Air,L2T,M
C06C4C,C-GPAH,,,,
C06D4C,C-GPKD,,,,
C06E4C,C-GPTZ,PTS2,PITTS S-2 Special,L1P,L
C06F4C,C-GQDV,C188,CESSNA 188 AgTruck,L1P,L
C0714C,C-GQXN,C150,CESSNA 150,L1P,L
C0724C,C-GRHJ,AS50,AEROSPATIALE AS-350 Ecureuil,H1T,L
C0734C,C-GRRF,RBEL,MURPHY Rebel,L1P,L
C0744C,C-GSBB,EAGL,CHRISTEN Eagle,L1P,L
C0754C,C-GSKX,B06,BELL 206 JetRanger,H1T,L
C0774C,C-GTEP,PA44,PIPER PA-44 Seminole,L2P,L
C0784C,C-GTOL,C501,CESSNA 501 Citation 1SP,L2J,L
C0794C,C-GTYH,PA34,PIPER PA-34 Seneca,L2P,L
C07C4C,C-GVBV,C172,CESSNA 172 Skyhawk,L1P,L
C07D4C,C-GVLR,C185,CESSNA 185 Skywagon,L1P,L
C07E4C,C-GVVN,,,,
C07F4C,C-GWFJ,M20T,MOONEY M-20T,L1P,L
C0814C,C-GWZB,C172,CESSNA 172 Skyhawk,L1P,L
C0834C,C-GXST,M5,MAULE M-5,L1P,L
C0844C,C-GYCP,C172,CESSNA 172 Skyhawk,L1P,L
C0854C,C-GYML,CH20,ZENAIR CH-200 Zenith,L1P,L
C0864C,C-GYWH,C172,CESSNA 172 Skyhawk,L1P,L
C0884C,C-GZPZ,RV3,VANS RV-3,L1P,L
C0894C,C-GZZV,,,,
C08B4C,C-IATN,ULAC,,L0-,-
C08C4C,C-IBDJ,ULAC,,L0-,-
C08E4C,C-IBXB,ULAC,,L0-,-
C08F4C,C-ICGX,PARA,,P0-,-
C0904C,C-ICQT,BEVR,ASAP Beaver,L1P,L
C0914C,C-IDAP,CHIN,ASAP Chinook,L1P,L
C0924C,C-IDKL,ULAC,,L0-,-
C0934C,C-IDUH,PELI,FLYER Pelican,L1P,L
C0944C,C-IEED,,,,
C0954C,C-IENZ,ULAC,,L0-,-
C0964C,C-IEXV,PARA,,P0-,-
C0974C,C-IFHR,CHIN,ASAP Chinook,L1P,L
C0984C,C-IFRN,CHIN,ASAP Chinook,L1P,L
C0994C,C-IGBJ,ULAC,,L0-,-
C09A4C,C-IGLF,ULAC,,L0-,-
C09B4C,C-IGVB,ULAC,,L0-,-
C09C4C,C-IHEX,ULAC,,L0-,-
C09D4C,C-IHOT,PARA,,P0-,-
C09F4C,C-IIIL,PARA,,P0-,-
C0A04C,C-IISH,PARA,,P0-,-
C0A14C,C-IJCD,PARA,,P0-,-
C0A24C,C-IJLZ,PARA,,P0-,-
C0A44C,C-IKFR,ULAC,,L0-,-
C0A84C,C-ILTB,,,,
C1E44C,SERV,SERV,,V0-,-
C1E54C,SERV,SERV,,V0-,-
C8024C,ZK-CXN,C172,CESSNA 172 Skyhawk,L1P,L
C8044C,ZK-ELX,P28A,PIPER PA-28-140/150/160/180,L1P,L
C8064C,ZK-JAB,FU24,FLETCHER FU-24,L1P,L
C8084C,ZK-GJP,GLID,,L0-,-
C80E4C,ZK-GOX,GLID,,L0-,-
C80F4C,ZK-OLD,ULAC,,L0-,-
C8104C,ZK-GRS,GLID,,L0-,-
C8154C,ZK-PNB,FOX,KITFOX,L1P,L
C8164C,ZK-TRI,ULAC,,L0-,-
C8174C,ZK-GZM,GLID,,L0-,-
C8184C,ZK-FBA,BALL,,B0-,-
C81A4C,ZK-HGE,AS50,AEROSPATIALE AS-350 Ecureuil,H1T,L
C81B4C,ZK-VCC,R200,ROBIN Alpha,L1P,L
C81C4C,ZK-TZR,C172,CESSNA 172 Skyhawk,L1P,L
C81E4C,ZK-CBF,C185,CESSNA 185 Skywagon,L1P,L
C8224C,ZK-IFY,BK17,EUROCOPTER BK117 C-1/2,H2T,L
C8234C,ZK-LSD,T51,TITAN T-51 Mustang,L1P,L
C8244C,ZK-MVQ,AT76,ATR-72-600,L2T,M
C8294C,ZK-ICE,AS55,AEROSPATIALE AS-355 Ecureuil 2,H2T,L
E0214C,LQ-BEL,AS50,AEROSPATIALE AS-350 Ecureuil,H1T,L
E0304C,LV-CAL,EC30,AIRBUS HELICOPTERS EC-130,H1T,L
E0634C,LV-FML,R44,ROBINSON R-44 Raven,H1P,L
E0654C,LV-FUL,SR22,CIRRUS SR-22,L1P,L
E0744C,LV-GQL,BE20,BEECH 200 Super King Air,L2T,M
E0754C,LV-GUL,C25M,CESSNA 525 Citation M2,L2J,L
E0A34C,LV-JML,C188,CESSNA 188 AgTruck,L1P,L
E0A54C,LV-JUL,R66,ROBINSON R-66,H1T,L
E0B14C,LV-KEL,LJ31,LEARJET 31,L2J,M
E0D64C,LV-MYL,C210,CESSNA 201 Centurion,L1P,L
E0E54C,LV-NUL,ERCO,AIR PRODUCTS F-1 Aircoupe,L1P,L
E0F34C,LV-OML,PA38,PIPER PA-38 Tomahawk,L1P,L
E4054C,PR-WBA,A109,AGUSTA AW-109 Grand,H2T,L
E4844C,PR-FBS,E50P,EMBRAER EMB-500 Phenom 100,L2J,L
E48B4C,PP-AHB,B407,BELL 407,H1T,L
E48C4C,PR-MYW,A320,AIRBUS A-320,L2J,M
E48D4C,PP-VVL,PA34,PIPER PA-34 Seneca,L2P,L
E48F4C,PR-PMJ,P46T,PIPER PA-46-500TP,L1T,L
E4904C,PR-AIZ,A332,AIRBUS A-330-200,L2J,H
E4914C,PR-VTO,C56X,CESSNA 560XL Citation XLS,L2J,M
E4934C,PP-CPR,LJ40,LEARJET 40,L2J,M
E4954C,PR-PIH,SR22,CIRRUS SR-22,L1P,L
E4974C,PS-RTR,BE20,BEECH 200 Super King Air,L2T,M
E8024C,CC-COQ,A320,AIRBUS A-320,L2J,M
E8044C,CC-BEH,A321,AIRBUS A-321,L2J,M
E8084C,CC-APV,R66,ROBINSON R-66,H1T,L
E8094C,CC-AKW,A119,AGUSTA AW-119 Koala,H1T,L
E8804C,ZP-CRR,CRJ2,BOMBARDIER Regional Jet CRJ-200,L2J,M
