00904F,ZS-GDY,GLID,,L0-,-
00A04F,ZS-MFM,P28S,PIPER PA-28R-201T,L1P,L
00A14F,ZS-MPI,B350,BEECHCRAFT Super King Air 350,L2T,M
00AF4F,ZS-RXE,B407,BELL 407,H1T,L
00BA4F,ZS-WBM,PA24,PIPER PA-24 Comanche,L1P,L
00BB4F,ZS-WLI,CH7A,BELLANCA 7 Champion,L1P,L
01804F,5A-GHV,BE30,BEECH 300 Super King Air,L2T,L
04004F,ET-AOY,DA40,DIAMOND DA-40 Club Star,L1P,L
04C14F,5Y-CEW,C208,CESSNA 208 Caravan,L1T,L
04C24F,5Y-FOR,C208,CESSNA 208 Caravan,L1T,L
05A04F,8Q-TMO,DHC6,DE HAVILLAND DHC-6 Twin Otter,L2T,L
06A04F,A7-HHT,S92,SIKORSKY S-92 Helibus,H2T,M
06A24F,QA61,A139,AGUSTA AW-139,H2T,L
07C04F,ST-MRA,B735,BOEING 737-500,L2J,M
08004F,5H-TCE,DH8D,DE HAVILLAND DHC-8-400 Dash 8,L2T,M
0A004F,7T-VNE,DHC6,DE HAVILLAND DHC-6 Twin Otter,L2T,L
0A404F,7T-WRG,BE20,BEECH 200 Super King Air,L2T,M
0AC74F,EJC1134,C208,CESSNA 208 Caravan,L1T,L
0AE04F,TI-BHM,C208,CESSNA 208 Caravan,L1T,L
0B214F,YS-243P,PA27,PIPER PA-23-250 Aztec,L2P,L
0C204F,HP-1711CMP,B738,BOEING 737-800,L2J,M
0C214F,HP-1953,C206,CESSNA  206 Stationair,L1P,L
0C414F,HI1025,GLF4,GULFSTREAM 4,L2J,M
0D014F,XA-TLN,AT45,ATR-42-500,L2T,M
0D064F,3401,C27J,ALENIA C-27J Spartan,L2T,M
0D074F,XA-USE,B350,BEECHCRAFT Super King Air 350,L2T,M
0D094F,XA-ALN,LJ45,LEARJET 45,L2J,M
0D0B4F,XA-OVA,GLF4,GULFSTREAM 4,L2J,M
0D0C4F,XB-OTZ,LJ35,LEARJET 35,L2J,M
0D0E4F,XA-VFA,DC93,MCDONNELL DOUGLAS DC-9-30,L2J,M
0D104F,XB-RYQ,C510,CESSNA 510 Citation Mustang,L2J,L
141D4F,RA-07503,EC30,AIRBUS HELICOPTERS EC-130,H1T,L
142C4F,RA-11343,,,,
142F4F,RA-12111,,,,
14664F,RA-26191,AN24,ANTONOV An-24,L2T,M
151D4F,RA-73039,B735,BOEING 737-500,L2J,M
15204F,RA-73807,B735,BOEING 737-500,L2J,M
15534F,RA-86863,,,,
20104F,V5-WEN,E145,EMBRAER ERJ-145,L2J,M
30044F,I-KARM,RV7,VANS RV-7,L1P,L
30054F,I-DPRA,A139,AGUSTA AW-139,H2T,L
30074F,I-TIKE,A139,AGUSTA AW-139,H2T,L
30084F,I-LARG,AS50,AEROSPATIALE AS-350 Ecureuil,H1T,L
31D84F,I-6110,ECHO,TECNAM P-92 Echo,L1P,L
31DE4F,I-7779,ECHO,TECNAM P-92 Echo,L1P,L
32004F,VF-148,A139,AGUSTA AW-139,H2T,L
33FD4F,MM81875,EH10,AGUSTA WESTLAND EH-101 Merlin,H3T,M
33FF4F,MM81450,B412,BELL 412,H2T,L
34254F,EC-JZU,CRJ9,BOMBARDIER Regional Jet CRJ-900,L2J,M
34264F,T.21-11,C295,CASA C-295 Persuader,L2T,M
34304F,EC-KJQ,B350,BEECHCRAFT Super King Air 350,L2T,M
34314F,EC-JYM,SR22,CIRRUS SR-22,L1P,L
34324F,EC-LEI,A319,AIRBUS A-319,L2J,M
34334F,EC-KYI,AT75,ATR-72-500,L2T,M
34354F,EC-LFP,A139,AGUSTA AW-139,H2T,L
34364F,EC-LJS,CRJX,BOMBARDIER Regional Jet CRJ-1000,L2J,M
34404F,SERV,SERV,,V0-,-
34444F,EC-LXR,A333,AIRBUS A-330-300,L2J,H
34464F,EC-XMG,RV12,VANS RV-12,L1P,L
34504F,EC-MEZ,B712,BOEING 717-200,L2J,M
34524F,EC-MLG,B412,BELL 412,H2T,L
34554F,EC-HOM,P28A,PIPER PA-28-140/150/160/180,L1P,L
34564F,EC-IIS,DV20,DIAMOND DA-20,L1P,L
34604F,EC-MVA,DA42,DIAMOND DA-42 Guardian,L2P,L
34614F,EC-NAK,C172,CESSNA 172 Skyhawk,L1P,L
34634F,EC-IEK,C152,CESSNA 152,L1P,L
34644F,EC-NIB,BE20,BEECH 200 Super King Air,L2T,M
38314F,F-BMKP,P28R,PIPER PA-28R-180/200/201,L1P,L
383D4F,F-BPKP,DR22,CENTRE EST Dauphin,L1P,L
384D4F,F-BTKP,HR10,ROBIN HR-100,L1P,L
38654F,F-AZKP,SV4,NORD SV-4,L1P,L
38664F,F-AZSP,MS73,MORANE-SAULNIER MS-733 Alcyon,L1P,L
390A4F,F-GCSP,C172,CESSNA 172 Skyhawk,L1P,L
39114F,F-GEKP,DR40,ROBIN DR-400,L1P,L
391A4F,F-GGSP,TOBA,SOCATA Tobago,L1P,L
39204F,F-GICP,P28U,PIPER PA-28RT-201T Turbo,L1P,L
39214F,F-GIKP,DR40,ROBIN DR-400,L1P,L
39314F,F-GMKP,DR40,ROBIN DR-400,L1P,L
39384F,F-GOCP,BALL,,B0-,-
393A4F,F-GOSP,PC6T,PILATUS PC-6 Turbo-Porter,L1T,L
39444F,F-GRCP,PC6T,PILATUS PC-6 Turbo-Porter,L1T,L
39464F,F-GRSP,D250,CENTRE EST DR-250 Capitaine,L1P,L
39484F,F-GSCP,C172,CESSNA 172 Skyhawk,L1P,L
39504F,F-GUCP,R22,ROBINSON R-22 Mariner,H1P,L
39514F,F-GUKP,G120,GROB G-120,L1P,L
39564F,F-GVSP,SR20,CIRRUS SR-20,L1P,L
395E4F,F-GXSP,BALL,,B0-,-
39824F,F-HASP,DA40,DIAMOND DA-40 Club Star,L1P,L
39854F,F-HBKP,EC20,AIRBUS HELICOPTERS EC-120,H1T,L
39944F,F-HFCP,SLG2,AIRPLANE FACTORY Sling 2,L1P,L
39984F,F-HGCP,PC24,PILATUS PC-24,L2J,M
39A44F,F-HJCP,FA7X,DASSAULT Falcon 7X,L3J,M
39A64F,F-HJSP,BE33,BEECH 33 Bonanza,L1P,L
39A84F,F-HKCP,SR20,CIRRUS SR-20,L1P,L
39A94F,F-HKKP,DR40,ROBIN DR-400,L1P,L
39BA4F,F-HOSP,H25C,RAYTHEON Hawker 1000,L2J,M
3A284F,F-OKCP,R44,ROBINSON R-44 Raven,H1P,L
3A444F,F-ORCP,P06T,TECNAM P-2006T,L2P,L
3AAB4F,F-MGAB,GAZL,AEROSPATIALE SA-341 Gazelle,H1T,L
3C124F,D-AVYG,A21N,AIRBUS A-321neo,L2J,M
3C564F,D-AERO,E35L,EMBRAER EMB-135 Legacy,L2J,M
3C5E4F,D-AGRO,GLEX,BOMBARDIER BD-700 Global 6000/6500,L2J,M
3C644F,D-AIBO,A319,AIRBUS A-319,L2J,M
3C664F,D-AIRO,A321,AIRBUS A-321,L2J,M
3C674F,D-AIZO,A320,AIRBUS A-320,L2J,M
3CD04F,D-CGEP,G150,GULFSTREAM G150,L2J,M
3D064F,D-EAQH,P28A,PIPER PA-28-140/150/160/180,L1P,L
3D074F,D-EBAD,PA18,PIPER PA-18 Super Cub,L1P,L
3D0C4F,D-ECXJ,C172,CESSNA 172 Skyhawk,L1P,L
3D0D4F,D-EDHF,M20P,MOONEY M-20,L1P,L
3D0E4F,D-EDRB,C177,CESSNA  177 Cardinal,L1P,L
3D0F4F,D-EEAX,SR20,CIRRUS SR-20,L1P,L
3D104F,D-EEKT,RV7,VANS RV-7,L1P,L
3D114F,D-EEUP,RALL,SOCATA Rallye,L1P,L
3D134F,D-EFOH,KL07,BOLKOW BO-107,L1P,L
3D144F,D-EFYD,C170,CESSNA 170,L1P,L
3D154F,D-EGHZ,BE35,BEECH 35 Starfire Bonanza,L1P,L
3D1E4F,D-EJSP,M20T,MOONEY M-20T,L1P,L
3D224F,D-ELFZ,TAMP,SOCATA TB-9 Tampico,L1P,L
3D234F,D-ELPV,P28A,PIPER PA-28-140/150/160/180,L1P,L
3D284F,D-ENNB,T206,CESSNA T206 Turbo Stationair,L1P,L
3D2A4F,D-EOGT,SR20,CIRRUS SR-20,L1P,L
3D2B4F,D-EOQP,C182,CESSNA 182 Skylane,L1P,L
3D2C4F,D-EPAL,P28A,PIPER PA-28-140/150/160/180,L1P,L
3D2E4F,D-EPUD,B209,MBB BO-209 Monsun,L1P,L
3D324F,D-ERHN,P28T,PIPER PA-28RT-201,L1P,L
3D374F,D-ETET,C150,CESSNA 150,L1P,L
3D3D4F,D-EVLV,SD4,TOMARK Viper,L1P,L
3DDC4F,D-HDRJ,BK17,EUROCOPTER BK117 C-1/2,H2T,L
3E5F4F,D-KBHF,AS26,SCHLEICHER ASH-26,L1P,L
3E644F,D-KDEL,GLID,,L0-,-
3E6D4F,D-KGPB,DIMO,DIAMOND H-36 Dimona,L1P,L
3E714F,D-KICK,AS26,SCHLEICHER ASH-26,L1P,L
3E7E4F,D-KNAL,SF25,SCHEIBE SF-25 Falke,L1P,L
3E854F,10+03,A359,AIRBUS A-350-900,L2J,H
3ECA4F,D-KROP,G109,GROB G-109,L1P,L
3EE34F,D-0696,GLID,,L0-,-
3EF44F,D-5048,GLID,,L0-,-
3EF94F,D-6328,GLID,,L0-,-
3F004F,D-8120,VENT,SCHEMPP-HIRTH Ventus,L1P,L
3F024F,D-8632,GLID,,L0-,-
3F074F,D-9912,GLID,,L0-,-
3F984F,77+05,EC45,AIRBUS HELICOPTERS EC-145,H2T,L
3FEC4F,D-MIOL,MT,ROTORSPORT MTOSport,G1P,L
3FED4F,D-MAPN,CH70,ZENAIR CH-701 Stol,L1P,L
3FEE4F,D-MGFB,MT,ROTORSPORT MTOSport,G1P,L
3FEF4F,D-MLMG,DV1,DOVA Skylark,L1P,L
3FF04F,D-MMJK,C42,IKARUS C-42 Bison,L1P,L
3FF14F,D-MEGE,WT9,AEROSPOOL WT-9 Dynamic,L1P,L
3FF34F,D-MWEG,DAL4,DALLACH D-4 Fascination,L1P,L
3FF54F,D-MKWA,WT9,AEROSPOOL WT-9 Dynamic,L1P,L
3FF74F,D-MLWO,FK14,B&F TECHNIK FK-14 Polaris,L1P,L
40054F,G-BNWX,B763,BOEING 767-300,L2J,H
400B4F,G-SALA,PA32,PIPER PA-32,L1P,L
400D4F,G-BSRR,C182,CESSNA 182 Skylane,L1P,L
400E4F,G-OEMT,BK17,EUROCOPTER BK117 C-1/2,H2T,L
40104F,G-GDFO,B733,BOEING 737-300,L2J,M
40124F,G-BERI,AC11,NORTH AMERICAN ROCKWELL Commander 112/114,L1P,L
40144F,G-AKIB,J3,PIPER J-3 Cub,L1P,L
40164F,G-ATJA,DR10,CENTRE EST Ambassadeur,L1P,L
40194F,G-PPFS,C150,CESSNA 150,L1P,L
401A4F,G-ABAG,DH60,DE HAVILLAND DH-60 Moth,L1P,L
401B4F,G-BCEF,AA5,AMERICAN AA-5 Tiger,L1P,L
401C4F,G-CTAB,CH7B,BELLANCA 7 Citabria,L1P,L
401D4F,G-BFXK,P28A,PIPER PA-28-140/150/160/180,L1P,L
401F4F,G-BIVB,D11,JODEL D-11x/12x,L1P,L
40204F,G-BKJS,D11,JODEL D-11x/12x,L1P,L
40224F,G-MANX,ZZZZ,,-0-,-
402D4F,G-TRAN,BE76,BEECH 76 Duchess,L2P,L
402E4F,G-MVSE,ULAC,,L0-,-
402F4F,G-BRHX,L8,LUSCOMBE 8,L1P,L
40384F,G-BVGA,B06,BELL 206 JetRanger,H1T,L
403C4F,G-SKYT,SKAR,III Sky Arrow,L1P,L
40424F,G-BYSG,HR20,ROBIN HR-200,L1P,L
40434F,G-XRAF,XAIR,RAJ HAMSA X-AIR Falcon,L1P,L
40444F,G-MULE,CH70,ZENAIR CH-701 Stol,L1P,L
40464F,G-CBFN,HR10,ROBIN HR-100,L1P,L
404A4F,G-XYJY,SKRA,BEST OFF Sky Ranger,L1P,L
404C4F,G-CDBM,DR40,ROBIN DR-400,L1P,L
404D4F,G-CKKB,GLID,,L0-,-
404E4F,G-CDMO,BALL,,B0-,-
40504F,G-CEGI,RV8,VANS RV-8,L1P,L
40524F,G-CERK,RV9,VANS RV-9,L1P,L
40544F,G-DHGL,DISC,SCHEMPP-HIRTH Discus,L1P,L
40554F,G-DDJN,GLID,,L0-,-
40564F,G-CJVL,GLID,,L0-,-
40574F,G-DDAC,GLID,,L0-,-
405A4F,G-CHSZ,GLID,,L0-,-
405D4F,G-CFIH,SAPH,PIEL Saphir,L1P,L
405E4F,G-CFTX,JAB2,JABIRU J160/170,L1P,L
40604F,G-CFWO,ULAC,,L0-,-
40614F,G-NFON,RV8,VANS RV-8,L1P,L
40624F,G-EUYH,A320,AIRBUS A-320,L2J,M
40644F,G-CGSH,EV97,EVEKTRO EV-97 EuroStar,L1P,L
40654F,G-CGWZ,ULAC,,L0-,-
40664F,G-PURP,BALL,,B0-,-
40684F,G-MFOX,EFOX,AEROPRO Eurofox,L1P,L
40694F,G-MACI,RV7,VANS RV-7,L1P,L
406A4F,G-FBJJ,E170,EMBRAER ERJ-170-100,L2J,M
406C4F,G-PWAL,EFOX,AEROPRO Eurofox,L1P,L
406D4F,G-XIFR,ULAC,,L0-,-
406E4F,G-CISC,BALL,,B0-,-
406F4F,G-FSAR,A189,AGUSTA AW-189,H2T,M
40704F,G-CIYE,EC25,AIRBUS HELICOPTERS EC-225/725,H2T,M
40714F,G-DRDR,S22T,CIRRUS SR-22T Turbo,L1P,L
40724F,G-CLTO,GLID,,L0-,-
40754F,G-CKUT,EC55,AIRBUS HELICOPTERS EC-155,H2T,L
40764F,G-FLXI,PC12,PILATUS PC-12,L1T,L
40774F,G-SHAZ,G2CA,GUIMBAL G-2 Cabri,H1P,L
40784F,G-LUSO,PC12,PILATUS PC-12,L1T,L
40794F,G-FITC,PC12,PILATUS PC-12,L1T,L
407A4F,G-SGWA,C42,IKARUS C-42 Bison,L1P,L
407B4F,G-CLZK,GLID,,L0-,-
407D4F,G-MDEM,E300,EXTRA EA-300/330/350,L1P,L
42474F,VP-CAF,GLEX,BOMBARDIER BD-700 Global 6000/6500,L2J,M
424B4F,M-REEM,AS55,AEROSPATIALE AS-355 Ecureuil 2,H2T,L
43C54F,ZK012,HAWK,BRITISH AEROSPACE T-45 Goshawk,L1J,M
43EE4F,2-GGGG,CL60,BOMBARDIER CL-600 Challenger,L2J,M
44004F,OE-LBQ,A320,AIRBUS A-320,L2J,M
44024F,OE-5166,GLID,,L0-,-
44044F,OE-ATS,SIRA,TECNAM P-2002 Sierra,L1P,L
44074F,OE-XCT,R22,ROBINSON R-22 Mariner,H1P,L
440D4F,OE-IEH,B738,BOEING 737-800,L2J,M
44A84F,OO-JBO,HR20,ROBIN HR-200,L1P,L
44CC4F,OO-SBO,FA8X,DASSAULT Falcon 8X,L3J,M
44F04F,287,ZZZZ,,-0-,-
459E4F,OY-GRO,DH8B,DE HAVILLAND DHC-8-200 Dash 8,L2T,M
45A04F,OY-HBO,B105,EUROCOPTER BO-105,H2T,L
45A24F,OY-HRO,R44,ROBINSON R-44 Raven,H1P,L
45AB4F,OY-JZO,B738,BOEING 737-800,L2J,M
45AC4F,OY-KBO,A319,AIRBUS A-319,L2J,M
45CE4F,OY-SRO,B762,BOEING 767-200,L2J,H
45E44F,OY-YBO,AT75,ATR-72-500,L2T,M
461F4F,OH-LWH,A359,AIRBUS A-350-900,L2J,H
46594F,OH-383,RF5,FOURNIER RF-5,L1P,L
46BC4F,SX-OBO,AT76,ATR-72-600,L2T,M
47344F,HA-TVB,BDOG,BRITISH AEROSPACE SA-3 Bulldog,L1P,L
47834F,LN-RPM,B738,BOEING 737-800,L2J,M
47844F,LN-OSK,H500,HUGHES 500,H1T,L
47854F,LN-AAI,C206,CESSNA  206 Stationair,L1P,L
47954F,LN-OSD,AS50,AEROSPATIALE AS-350 Ecureuil,H1T,L
48084F,D-478,H47,BOEING-VERTOL CH-47 Chinook,H2T,M
48104F,N-318,NH90,NHI NH-90,H2T,M
48414F,PH-HZK,B738,BOEING 737-800,L2J,M
48434F,P4-MES,B763,BOEING 767-300,L2J,H
48464F,PH-1328,DISC,SCHEMPP-HIRTH Discus,L1P,L
48494F,PH-BRT,TAMP,SOCATA TB-9 Tampico,L1P,L
484E4F,PH-104,GLID,,L0-,-
484F4F,PH-NIN,RV3,VANS RV-3,L1P,L
48504F,PH-SUB,BALL,,B0-,-
48534F,PH-1JR,ZZZZ,,-0-,-
48544F,PH-1XG,ZZZZ,,-0-,-
48554F,PH-1SN,ZZZZ,,-0-,-
48564F,PH-2RE,ZZZZ,,-0-,-
48574F,PH-SFH,PC12,PILATUS PC-12,L1T,L
485B4F,PH-1621,GLID,,L0-,-
48DC4F,SP-YCP,YK52,YAKOVLEV Yak-52,L1P,L
48FE4F,SP-SATP,PNR3,ALPI Pioneer 330,L1P,L
49514F,CS-TJO,A21N,AIRBUS A-321neo,L2J,M
49524F,CS-TRO,A320,AIRBUS A-320,L2J,M
49554F,CS-UJO,XAIR,RAJ HAMSA X-AIR Falcon,L1P,L
49994F,OK-FJO,Z37P,LET Z-37 Cmelak,L1P,L
49C14F,OK-VAS09,,,,
49D14F,OK-DWX,R44,ROBINSON R-44 Raven,H1P,L
49D34F,OK-STK,R44,ROBINSON R-44 Raven,H1P,L
49D44F,OK-FLN,FA7X,DASSAULT Falcon 7X,L3J,M
4A524F,YR-TRO,E35L,EMBRAER EMB-135 Legacy,L2J,M
4A814F,SE-LEP,SF34,SAAB 340,L2T,M
4AAA4F,SE-JRO,EC45,AIRBUS HELICOPTERS EC-145,H2T,L
4AB14F,SE-LJO,SIRA,TECNAM P-2002 Sierra,L1P,L
4AB24F,SE-LRO,SIRA,TECNAM P-2002 Sierra,L1P,L
4AB34F,SE-LZO,C172,CESSNA 172 Skyhawk,L1P,L
4AB54F,SE-MJO,S22T,CIRRUS SR-22T Turbo,L1P,L
4ACA4F,SE-RRO,B738,BOEING 737-800,L2J,M
4AD54F,SE-UJO,RF10,FOURNIER RF-10,L1P,L
4AE14F,SE-XJO,RV7,VANS RV-7,L1P,L
4AE34F,SE-XZO,RV6,VANS RV-6,L1P,L
4B0B4F,HB-EHJ,F156,FIESELER Fi-156 Storch,L1P,L
4B1E4F,HB-LML,PA34,PIPER PA-34 Seneca,L2P,L
4B284F,HB-PGX,P28A,PIPER PA-28-140/150/160/180,L1P,L
4B2C4F,HB-QUH,BALL,,B0-,-
4B334F,HB-TLF,C172,CESSNA 172 Skyhawk,L1P,L
4B394F,HB-VSH,PC24,PILATUS PC-24,L2J,M
4B404F,HB-YJF,EUPA,Europa,L1P,L
4B414F,HB-YTB,RV7,VANS RV-7,L1P,L
4B424F,HB-ZCX,AS50,AEROSPATIALE AS-350 Ecureuil,H1T,L
4B434F,HB-ZMT,LAMA,AEROSPATIALE SA-315 Lama,H1T,L
4B444F,HB-ZWP,R22,ROBINSON R-22 Mariner,H1P,L
4B494F,HB-1192,GLID,,L0-,-
4B4E4F,HB-2472,AS31,SCHLEICHER ASH-31,L1P,L
4B514F,HB-3240,GLID,,L0-,-
4B8C4F,TC-CBO,C172,CESSNA 172 Skyhawk,L1P,L
4B964F,TC-ERO,C172,CESSNA 172 Skyhawk,L1P,L
4B984F,TC-FBO,A320,AIRBUS A-320,L2J,M
4BA14F,TC-HJO,A109,AGUSTA AW-109 Grand,H2T,L
4BA94F,TC-JJO,B77W,BOEING 777-300ER,L2J,H
4BAA4F,TC-JRO,A321,AIRBUS A-321,L2J,M
4BAB4F,TC-JZO,B738,BOEING 737-800,L2J,M
4BB14F,TC-LJO,B77L,BOEING 777-200LR,L2J,H
4BB84F,TC-NBO,A20N,AIRBUS A-320neo,L2J,M
4BC84F,TC-RBO,A21N,AIRBUS A-321neo,L2J,M
4BD14F,TC-TJO,B738,BOEING 737-800,L2J,M
4C0E4F,YU-DSP,C172,CESSNA 172 Skyhawk,L1P,L
4C804F,5B-CLP,A210,AQUILA A-210,L1P,L
4CA04F,EI-FEU,A890,OSKBES-MAI 890,L1P,L
4CA24F,EI-DCW,B738,BOEING 737-800,L2J,M
4CA64F,EI-DYM,B738,BOEING 737-800,L2J,M
4CA74F,EI-EDJ,CRUZ,CSA PS-28 Cruiser,L1P,L
4CA84F,EI-EMH,B738,BOEING 737-800,L2J,M
4CA94F,EI-IGU,B737,BOEING 737-700,L2J,M
4CAA4F,EI-STS,B734,BOEING 737-400,L2J,M
4CAB4F,EJ-KGRP,GLF5,GULFSTREAM 5,L2J,M
4CAD4F,EI-HGE,B38M,BOEING 737 MAX 8,L2J,M
4CC54F,TF-NFC,A343,AIRBUS A-340-300,L4J,H
4D214F,9H-ALJ,F900,DASSAULT Falcon 900,L3J,M
4D224F,9H-QED,B738,BOEING 737-800,L2J,M
4D234F,9H-VUP,B38M,BOEING 737 MAX 8,L2J,M
4D244F,9H-MLW,A320,AIRBUS A-320,L2J,M
4D404F,3A-MFM,EC30,AIRBUS HELICOPTERS EC-130,H1T,L
50024F,T7-SLK,H25B,HAWKER BEECHCRAFT Hawker 750/850,L2J,M
505F4F,OM-M206,CRUZ,CSA PS-28 Cruiser,L1P,L
507C4F,UK-001,B788,BOEING 787-8 Dreamliner,L2J,H
50824F,UR-GEB,B763,BOEING 767-300,L2J,H
60084F,4K-AZ79,A320,AIRBUS A-320,L2J,M
60184F,EZ-F426,IL76,ILYUSHIN Il-76/82,L4J,H
70204F,S2-AEJ,MD83,MCDONNELL-DOUGLAS MD-83,L2J,M
70604F,9K-APC,A332,AIRBUS A-330-200,L2J,H
70E04F,XU-997,A320,AIRBUS A-320,L2J,M
71004F,HZ-FM2,GLF4,GULFSTREAM 4,L2J,M
71034F,PSS-65,EC45,AIRBUS HELICOPTERS EC-145,H2T,L
71044F,HZ-NJ5,C182,CESSNA 182 Skylane,L1P,L
73924F,4X-BIJ,R44,ROBINSON R-44 Raven,H1P,L
74494F,JY-RJO,P28A,PIPER PA-28-140/150/160/180,L1P,L
75044F,9M-TMJ,GLF6,GULFSTREAM G650,L2J,M
75864F,RP-3486,AS50,AEROSPATIALE AS-350 Ecureuil,H1T,L
76B44F,9V-MBO,B38M,BOEING 737 MAX 8,L2J,M
76D24F,9V-TRO,A320,AIRBUS A-320,L2J,M
77044F,4R-ABO,A320,AIRBUS A-320,L2J,M
78004F,B-6197,A319,AIRBUS A-319,L2J,M
78024F,B-5400,B738,BOEING 737-800,L2J,M
78034F,B-3667,C56X,CESSNA 560XL Citation XLS,L2J,M
78044F,B-6117,A332,AIRBUS A-330-200,L2J,H
78054F,B-000W,A20N,AIRBUS A-320neo,L2J,M
78064F,B-5267,B737,BOEING 737-700,L2J,M
78074F,B-5595,B738,BOEING 737-800,L2J,M
78084F,B-6880,A320,AIRBUS A-320,L2J,M
780B4F,B-5842,B738,BOEING 737-800,L2J,M
780C4F,B-1836,A320,AIRBUS A-320,L2J,M
780D4F,B-3368,CRJ9,BOMBARDIER Regional Jet CRJ-900,L2J,M
780E4F,B-8326,A320,AIRBUS A-320,L2J,M
780F4F,B-7373,B738,BOEING 737-800,L2J,M
78104F,B-1569,B738,BOEING 737-800,L2J,M
78114F,B-8380,A21N,AIRBUS A-321neo,L2J,M
78124F,B-1002,A321,AIRBUS A-321,L2J,M
78134F,B-1227,B738,BOEING 737-800,L2J,M
78144F,B-1156,B734,BOEING 737-400,L2J,M
78154F,B-303H,A21N,AIRBUS A-321neo,L2J,M
78164F,B-603M,AJ27,COMAC ARJ-21-700 Xiangfeng,L2J,M
78184F,B-20E0,B38M,BOEING 737 MAX 8,L2J,M
78194F,B-10U0,AURA,SUNWARD Aurora S60/70,L1P,L
781C4F,B-325S,A20N,AIRBUS A-320neo,L2J,M
781E4F,B-32C9,A21N,AIRBUS A-321neo,L2J,M
78924F,B-LCU,A20N,AIRBUS A-320neo,L2J,M
79A04F,B-6006,A320,AIRBUS A-320,L2J,M
7A424F,10651,ZZZZ,,-0-,-
7C004F,VH-ACH,C510,CESSNA 510 Citation Mustang,L2J,L
7C084F,VH-BXD,TOUR,MILLICER Airtourer,L1P,L
7C0A4F,VH-CBL,S211,SIAI-MARCHETTI S-211,L1J,L
7C0D4F,VH-CWX,P28R,PIPER PA-28R-180/200/201,L1P,L
7C124F,VH-DWH,P32R,PIPER PA-32R-300/301/301T,L1P,L
7C164F,VH-EOX,C172,CESSNA 172 Skyhawk,L1P,L
7C1A4F,VH-FHD,BK17,EUROCOPTER BK117 C-1/2,H2T,L
7C1B4F,VH-FOH,SR20,CIRRUS SR-20,L1P,L
7C1C4F,VH-FVL,AT75,ATR-72-500,L2T,M
7C2F4F,VH-JMP,C310,CESSNA 310,L2P,L
7C354F,VH-KTD,RV7,VANS RV-7,L1P,L
7C384F,VH-LEP,GLEX,BOMBARDIER BD-700 Global 6000/6500,L2J,M
7C394F,VH-LLT,BE33,BEECH 33 Bonanza,L1P,L
7C3E4F,VH-MLD,C182,CESSNA 182 Skylane,L1P,L
7C3F4F,VH-MSH,BE20,BEECH 200 Super King Air,L2T,M
7C404F,VH-MZL,C206,CESSNA  206 Stationair,L1P,L
7C434F,VH-NKX,C182,CESSNA 182 Skylane,L1P,L
7C534F,VH-QQP,DH8C,DE HAVILLAND DHC-8-300 Dash 8,L2T,M
7C5E4F,VH-SWX,AS50,AEROSPATIALE AS-350 Ecureuil,H1T,L
7C664F,VH-UHT,BE33,BEECH 33 Bonanza,L1P,L
7C6B4F,VH-VHD,A319,AIRBUS A-319,L2J,M
7C6C4F,VH-VOH,B06,BELL 206 JetRanger,H1T,L
7C6D4F,VH-VVL,BE36,BEECH 36 Bonanza,L1P,L
7C704F,VH-WGX,R22,ROBINSON R-22 Mariner,H1P,L
7C754F,VH-XGH,C340,CESSNA 340 Super,L2P,L
7C764F,VH-XNL,R22,ROBINSON R-22 Mariner,H1P,L
7C804F,VH-ZMP,BE20,BEECH 200 Super King Air,L2T,M
7C814F,VH-ZTT,G115,GROB G-115,L1P,L
7CC44F,23-9747,FDCT,FLIGHT DESIGN CT,L1P,L
7CF84F,A27-021,HAWK,BRITISH AEROSPACE T-45 Goshawk,L1J,M
7CFA4F,A23-025,PC9,PILATUS PC-9 Hudournik,L1T,L
80004F,VT-UPA,BE30,BEECH 300 Super King Air,L2T,L
80024F,K3063,AN32,ANTONOV An-32 Sutlej,L2T,M
80034F,P107,PC7,PILATUS PC-7 Astra,L1T,L
800D4F,VT-IUB,A21N,AIRBUS A-321neo,L2J,M
84114F,JA04TV,B430,BELL 430,H2T,L
84654F,JA135Z,R66,ROBINSON R-66,H1T,L
85124F,JA31AR,A139,AGUSTA AW-139,H2T,L
863B4F,JA6935,A109,AGUSTA AW-109 Grand,H2T,L
86E74F,JA8703,SF34,SAAB 340,L2T,M
88044F,HS-ABO,A320,AIRBUS A-320,L2J,M
88084F,HS-BBO,A320,AIRBUS A-320,L2J,M
88104F,HS-DBO,B738,BOEING 737-800,L2J,M
88434F,HS-PZO,AT76,ATR-72-600,L2T,M
88814F,VN-A637,A321,AIRBUS A-321,L2J,M
89644F,A6-EPZ,B77W,BOEING 777-300ER,L2J,H
896C4F,2008,A139,AGUSTA AW-139,H2T,L
89904F,B-16209,A321,AIRBUS A-321,L2J,M
89914F,B-16860,AT76,ATR-72-600,L2T,M
8A044F,PK-GNN,B738,BOEING 737-800,L2J,M
8A054F,PK-NAQ,B735,BOEING 737-500,L2J,M
8A064F,PK-GTD,A20N,AIRBUS A-320neo,L2J,M
A0004F,N1DB,BE40,BEECH 400 Beechjet,L2J,M
A0014F,N1PH,BE33,BEECH 33 Bonanza,L1P,L
A0024F,N1ZP,BE36,BEECH 36 Bonanza,L1P,L
A0064F,N100SL,C182,CESSNA 182 Skylane,L1P,L
A0084F,N1009H,AR15,AERONCA 15 Sedan,L1P,L
A0094F,N101KC,PA18,PIPER PA-18 Super Cub,L1P,L
A00F4F,N1026C,M20P,MOONEY M-20,L1P,L
A0124F,N10305,C177,CESSNA  177 Cardinal,L1P,L
A0134F,N1038F,P28A,PIPER PA-28-140/150/160/180,L1P,L
A0174F,N105AH,,,,
A0184F,N105LP,B06,BELL 206 JetRanger,H1T,L
A01A4F,N1055A,KR2,RAND KR-2,L1P,L
A0204F,N107SK,C177,CESSNA  177 Cardinal,L1P,L
A0234F,N108KB,GLST,GLASAIR SH-4 GlaStar,L1P,L
A0254F,N10839,C150,CESSNA 150,L1P,L
A0274F,N109N,J4,PIPER J-4 Cub Coupe,L1P,L
A02B4F,N11QY,EC30,AIRBUS HELICOPTERS EC-130,H1T,L
A02C4F,N110BC,C310,CESSNA 310,L2P,L
A0304F,N111EA,C310,CESSNA 310,L2P,L
A0364F,N1122R,AT8T,AIR TRACTOR AT-802,L1T,M
A03A4F,N1134U,C172,CESSNA 172 Skyhawk,L1P,L
A03B4F,N114CP,,,,
A03E4F,N1146X,GLID,,L0-,-
A03F4F,N115FM,HROC,HARMON Rocket,L1P,L
A0414F,N1151P,,,,
A0434F,N116JK,ERCO,AIR PRODUCTS F-1 Aircoupe,L1P,L
A0464F,N117BB,DHC2,DE HAVILLAND DHC-2 Beaver,L1P,L
A04C4F,N1180M,C172,CESSNA 172 Skyhawk,L1P,L
A04F4F,N119TD,DRON,,D0-,-
A0524F,N12KW,PA46,PIPER PA-46-310/350,L1P,L
A05E4F,N1226E,CH7A,BELLANCA 7 Champion,L1P,L
A05F4F,N123EV,BALL,,B0-,-
A0604F,N123RA,FA20,DASSAULT Falcon 200,L2J,M
A0654F,N1243,,,,
A0664F,N125AK,C82S,CESSNA T182 Turbo Skylane,L1P,L
A0694F,N1255C,C177,CESSNA  177 Cardinal,L1P,L
A06F4F,N127SM,AS29,SCHLEICHER ASG-29,L1P,L
A0704F,N12718,BE18,BEECH 18 Expetitor,L2P,L
A0764F,N129NB,AS50,AEROSPATIALE AS-350 Ecureuil,H1T,L
A07C4F,N130ML,CTAH,RAINBOW SKYREACH Cheetah,L1P,L
A07E4F,N1305Y,C172,CESSNA 172 Skyhawk,L1P,L
A07F4F,N131EC,C130,LOCKHEED C-130 Hercules,L4T,M
A0824F,N13171,C172,CESSNA 172 Skyhawk,L1P,L
A0834F,N132HA,UH12,HILLER UH-12,H1P,L
A0854F,N1322T,K100,DAHER Kodiak 100,L1T,L
A0864F,N13294,C172,CESSNA 172 Skyhawk,L1P,L
A0894F,N1334W,M20P,MOONEY M-20,L1P,L
A08D4F,N1346Z,RV7,VANS RV-7,L1P,L
A0904F,N1351R,BT36,BEECH B36TC Bonanza,L1P,L
A0924F,N136JM,PA22,PIPER PA-22,L1P,L
A0934F,N136UT,EC35,AIRBUS HELICOPTERS EC-135/635,H2T,L
A09B4F,N1380P,KR1,RAND KR-1,L1P,L
A09D4F,N139H,A139,AGUSTA AW-139,H2T,L
A09E4F,N139TF,RV8,VANS RV-8,L1P,L
A09F4F,N1392S,C182,CESSNA 182 Skylane,L1P,L
A0A04F,N13993,,,,
A0A24F,N14WD,RV14,VANS RV-14,L1P,L
A0AF4F,N143RC,AC11,NORTH AMERICAN ROCKWELL Commander 112/114,L1P,L
A0B04F,N14309,PA18,PIPER PA-18 Super Cub,L1P,L
A0B24F,N144HV,,,,
A0B94F,N146DK,DHC1,DE HAVILLAND DHC-1 Chipmunk,L1P,L
A0BE4F,N147SP,AN2,ANTONOV An-2,L1P,L
A0C74F,N1496F,C172,CESSNA 172 Skyhawk,L1P,L
A0CA4F,N150BG,C310,CESSNA 310,L2P,L
A0CD4F,N15050,P28A,PIPER PA-28-140/150/160/180,L1P,L
A0D04F,N1510S,BE35,BEECH 35 Starfire Bonanza,L1P,L
A0D14F,N15173,RELI,STINSON Reliant,L1P,L
A0D34F,N152TJ,CH60,ZENAIR CH-600 Zodiac,L1P,L
A0D44F,N1522V,C172,CESSNA 172 Skyhawk,L1P,L
A0D64F,N153LA,R44,ROBINSON R-44 Raven,H1P,L
A0D84F,N1534Y,C172,CESSNA 172 Skyhawk,L1P,L
A0D94F,N154CT,FDCT,FLIGHT DESIGN CT,L1P,L
A0DD4F,N155FR,BE55,BEECH 55 Baron,L2P,L
A0E34F,N1563W,BE35,BEECH 35 Starfire Bonanza,L1P,L
A0EC4F,N159HB,,,,
A0ED4F,N159TH,BE58,BEECH 58 Baron,L2P,L
A0EF4F,N15995,P28A,PIPER PA-28-140/150/160/180,L1P,L
A0F14F,N16WF,LGEZ,RUTAN Long-EZ,L1P,L
A0F34F,N160SS,G103,GROB G-103 Twin 3SL,L1P,L
A0F44F,N1602C,BALL,,B0-,-
A0F84F,N1614F,C172,CESSNA 172 Skyhawk,L1P,L
A0F94F,N162CA,COL4,CESSNA 400 Corvalis TT,L1P,L
A0FC4F,N1626J,P28A,PIPER PA-28-140/150/160/180,L1P,L
A0FF4F,N1631A,BALL,,B0-,-
A1024F,N164UC,NORS,NOORDUYN Norseman,L1P,L
A1034F,N1643D,C170,CESSNA 170,L1P,L
A1094F,N166PT,COZY,CO-Z Cozy,L1P,L
A10D4F,N167SR,SREY,PROGRESSIVE AERODYNE SeaRey,A1P,L
A1194F,N170BJ,C170,CESSNA 170,L1P,L
A11C4F,N17052,C177,CESSNA  177 Cardinal,L1P,L
A1224F,N172TL,C172,CESSNA 172 Skyhawk,L1P,L
A1244F,N17298,C150,CESSNA 150,L1P,L
A1264F,N173WJ,VELO,Velocity,L1P,L
A12E4F,N1751V,C120,CESSNA 120,L1P,L
A1304F,N176JR,BE9L,BEECH 90 King Air,L2T,L
A1334F,N177BH,C177,CESSNA  177 Cardinal,L1P,L
A1344F,N177MP,C177,CESSNA  177 Cardinal,L1P,L
A1364F,N17751,BE35,BEECH 35 Starfire Bonanza,L1P,L
A13F4F,N18LB,,,,
A1424F,N180SU,C172,CESSNA 172 Skyhawk,L1P,L
A1434F,N1802E,CH7A,BELLANCA 7 Champion,L1P,L
A1484F,N182CC,C182,CESSNA 182 Skylane,L1P,L
A1494F,N182NJ,C82S,CESSNA T182 Turbo Skylane,L1P,L
A14B4F,N1826L,BE36,BEECH 36 Bonanza,L1P,L
A14E4F,N1831C,C170,CESSNA 170,L1P,L
A14F4F,N1838P,PA22,PIPER PA-22,L1P,L
A1524F,N1843F,C210,CESSNA 201 Centurion,L1P,L
A1534F,N185AR,C185,CESSNA 185 Skywagon,L1P,L
A1564F,N1855J,P28A,PIPER PA-28-140/150/160/180,L1P,L
A1594F,N1860A,BE36,BEECH 36 Bonanza,L1P,L
A15A4F,N1867M,C56X,CESSNA 560XL Citation XLS,L2J,M
A1624F,N189CB,T206,CESSNA T206 Turbo Stationair,L1P,L
A1674F,N19RF,BE36,BEECH 36 Bonanza,L1P,L
A16B4F,N19054,C150,CESSNA 150,L1P,L
A16F4F,N19177,FA24,FAIRCHILD F-24 Argus,L1P,L
A1764F,N19342,C150,CESSNA 150,L1P,L
A17D4F,N1951X,C182,CESSNA 182 Skylane,L1P,L
A1814F,N19630,C172,CESSNA 172 Skyhawk,L1P,L
A1854F,N19753,C172,CESSNA 172 Skyhawk,L1P,L
A18A4F,N199HF,G280,GULFSTREAM G280,L2J,M
A18D4F,N19999,C172,CESSNA 172 Skyhawk,L1P,L
A1914F,N20SW,AS31,SCHLEICHER ASH-31,L1P,L
A1924F,N200DA,BE20,BEECH 200 Super King Air,L2T,M
A1934F,N200PG,PA31,PIPER PA-31-300/310/325/350/425,L2P,L
A1954F,N20069,C172,CESSNA 172 Skyhawk,L1P,L
A1974F,N201SE,M20P,MOONEY M-20,L1P,L
A1984F,N20111,C172,CESSNA 172 Skyhawk,L1P,L
A1994F,N2019B,L8,LUSCOMBE 8,L1P,L
A19C4F,N20234,BE33,BEECH 33 Bonanza,L1P,L
A19D4F,N203BP,PRM1,RAYTHEON 390 Premier 1,L2J,L
A19F4F,N203YA,YK55,YAKOVLEV Yak-55,L1P,L
A1A04F,N20357,C172,CESSNA 172 Skyhawk,L1P,L
A1A14F,N204EM,GDUK,ELLISON-MAHON Gweduck,A2P,L
A1A34F,N2040Z,C150,CESSNA 150,L1P,L
A1A84F,N206AB,,,,
A1AA4F,N206WP,T206,CESSNA T206 Turbo Stationair,L1P,L
A1AC4F,N207D,BE35,BEECH 35 Starfire Bonanza,L1P,L
A1AE4F,N207ZM,BE58,BEECH 58 Baron,L2P,L
A1B24F,N20810,BALL,,B0-,-
A1B44F,N209JW,RV8,VANS RV-8,L1P,L
A1B64F,N20933,,,,
A1B94F,N21Y,C180,CESSNA  180 Skywagon,L1P,L
A1BA4F,N210JE,SR22,CIRRUS SR-22,L1P,L
A1BC4F,N2103M,P28R,PIPER PA-28R-180/200/201,L1P,L
A1BE4F,N211MC,U16,GRUMMAN Albatross,A2P,M
A1C04F,N2115Q,C310,CESSNA 310,L2P,L
A1C14F,N212DV,RV12,VANS RV-12,L1P,L
A1C34F,N2120G,C182,CESSNA 182 Skylane,L1P,L
A1C44F,N2127T,P28R,PIPER PA-28R-180/200/201,L1P,L
A1C84F,N2139W,BE23,BEECH 23 Sundowner,L1P,L
A1C94F,N214KR,P46T,PIPER PA-46-500TP,L1T,L
A1CB4F,N2144N,P28B,PIPER PA-28-201T/235/236,L1P,L
A1CC4F,N215CH,BE55,BEECH 55 Baron,L2P,L
A1D14F,N216RM,GLST,GLASAIR SH-4 GlaStar,L1P,L
A1D34F,N2168U,P28B,PIPER PA-28-201T/235/236,L1P,L
A1D64F,N2173L,BE33,BEECH 33 Bonanza,L1P,L
A1D84F,N218MB,C25C,CESSNA 525C Citation CJ4,L2J,M
A1DC4F,N219Q,BE35,BEECH 35 Starfire Bonanza,L1P,L
A1DD4F,N2190F,T206,CESSNA T206 Turbo Stationair,L1P,L
A1E04F,N22SY,PA46,PIPER PA-46-310/350,L1P,L
A1E44F,N2207A,PA18,PIPER PA-18 Super Cub,L1P,L
A1E54F,N221GA,G280,GULFSTREAM G280,L2J,M
A1E84F,N2219D,C170,CESSNA 170,L1P,L
A1EF4F,N22359,AR65,AERONCA 65 Super Chief,L1P,L
A1F24F,N22401,C150,CESSNA 150,L1P,L
A1F34F,N2248B,L8,LUSCOMBE 8,L1P,L
A1F44F,N225HM,PA23,PIPER PA-23,L2P,L
A1F54F,N225TT,V1,GRUMMAN Mohawk,L2T,M
A1F64F,N22524,BALL,,B0-,-
A1FB4F,N227DB,RV7,VANS RV-7,L1P,L
A1FE4F,N2277,WACC,WACO C/S,L1P,L
A1FF4F,N228G,TB21,SOCATA TB-21 Trinidad TC,L1P,L
A2004F,N228SF,SF28,SCHEIBE SF-28 Tandem Falke,L1P,L
A2054F,N22935,C150,CESSNA 150,L1P,L
A2064F,N23BQ,AC50,NORTH AMERICAN ROCKWELL Commander 500,L2P,L
A2074F,N23MW,P68,PARTENAVIA P-68 Observer,L2P,L
A2084F,N23YB,ST75,STEARMAN Kaydet,L1P,L
A20B4F,N2303P,SW4,SWEARINGEN Metro,L2T,M
A20C4F,N231AZ,M20P,MOONEY M-20,L1P,L
A20D4F,N231ME,M20P,MOONEY M-20,L1P,L
A2174F,N2339Y,C177,CESSNA  177 Cardinal,L1P,L
A2184F,N234KT,COL4,CESSNA 400 Corvalis TT,L1P,L
A21B4F,N235CK,,,,
A2204F,N236RP,E55P,EMBRAER EMB-505 Phenom 300,L2J,M
A2254F,N2373N,C140,CESSNA 140,L1P,L
A2294F,N2385R,BALL,,B0-,-
A22A4F,N239DW,FDCT,FLIGHT DESIGN CT,L1P,L
A22C4F,N2390H,PA18,PIPER PA-18 Super Cub,L1P,L
A22E4F,N24GU,LJ60,LEARJET 60,L2J,M
A22F4F,N24T,TAYB,TAYLORCRAFT BC/BF/BL,L1P,L
A2354F,N241SJ,,,,
A2364F,N24115,FNKB,FUNK B,L1P,L
A2374F,N2419F,C180,CESSNA  180 Skywagon,L1P,L
A2384F,N242KA,C340,CESSNA 340 Super,L2P,L
A23E4F,N2436A,PA22,PIPER PA-22,L1P,L
A23F4F,N244ER,AA5,AMERICAN AA-5 Tiger,L1P,L
A2414F,N24403,C152,CESSNA 152,L1P,L
A2424F,N2448D,C170,CESSNA 170,L1P,L
A2464F,N246AF,AVID,AVID Flyer,L1P,L
A2484F,N246WT,S22T,CIRRUS SR-22T Turbo,L1P,L
A2494F,N24649,J3,PIPER J-3 Cub,L1P,L
A24B4F,N247PK,C182,CESSNA 182 Skylane,L1P,L
A24F4F,N248SH,SR22,CIRRUS SR-22,L1P,L
A2514F,N2489E,CH7A,BELLANCA 7 Champion,L1P,L
A2544F,N24937,J3,PIPER J-3 Cub,L1P,L
A25A4F,N2503R,C182,CESSNA 182 Skylane,L1P,L
A25B4F,N251BA,GLID,,L0-,-
A25C4F,N251MG,P28A,PIPER PA-28-140/150/160/180,L1P,L
A25E4F,N2515U,P28A,PIPER PA-28-140/150/160/180,L1P,L
A25F4F,N252DZ,AA5,AMERICAN AA-5 Tiger,L1P,L
A2614F,N2520L,C172,CESSNA 172 Skyhawk,L1P,L
A2654F,N2532P,PA22,PIPER PA-22,L1P,L
A2694F,N2544S,PA18,PIPER PA-18 Super Cub,L1P,L
A26A4F,N255CM,B762,BOEING 767-200,L2J,H
A26D4F,N2556V,C170,CESSNA 170,L1P,L
A26F4F,N256RR,,,,
A2714F,N2568Y,,,,
A2734F,N257UP,MD11,MCDONNELL-DOUGLAS MD-11,L3J,H
A2744F,N2573Q,C210,CESSNA 201 Centurion,L1P,L
A2754F,N258B,RV7,VANS RV-7,L1P,L
A2764F,N258MF,,,,
A2784F,N2585T,,,,
A27B4F,N2590K,C180,CESSNA  180 Skywagon,L1P,L
A27C4F,N2597W,BALL,,B0-,-
A27D4F,N26GW,,,,
A27E4F,N26TB,TB20,SOCATA TB-20 Trinidad,L1P,L
A2834F,N261GE,B77W,BOEING 777-300ER,L2J,H
A28D4F,N2636C,C82R,CESSNA R182 Skylane RG,L1P,L
A2914F,N2648F,C182,CESSNA 182 Skylane,L1P,L
A2944F,N26528,TAYB,TAYLORCRAFT BC/BF/BL,L1P,L
A2994F,N267DF,CL60,BOMBARDIER CL-600 Challenger,L2J,M
A29F4F,N26816,J4,PIPER J-4 Cub Coupe,L1P,L
A2A04F,N2689G,C414,CESSNA 414 Chancellor,L2P,L
A2A34F,N26939,AA5,AMERICAN AA-5 Tiger,L1P,L
A2A44F,N27BU,AS29,SCHLEICHER ASG-29,L1P,L
A2A94F,N2703T,BE95,BEECH 95 Travel Air,L2P,L
A2AB4F,N271MJ,M20P,MOONEY M-20,L1P,L
A2AE4F,N272EA,BE9L,BEECH 90 King Air,L2T,L
A2B14F,N2727Z,GLID,,L0-,-
A2B84F,N2744U,C172,CESSNA 172 Skyhawk,L1P,L
A2B94F,N275CP,,,,
A2BA4F,N275NV,A320,AIRBUS A-320,L2J,M
A2BB4F,N275ZA,CRJ7,BOMBARDIER Regional Jet CRJ-700,L2J,M
A2BF4F,N2761P,PA22,PIPER PA-22,L1P,L
A2C14F,N277JK,LNP4,LANCAIR PropJet 4,L1T,L
A2C44F,N278BB,RV8,VANS RV-8,L1P,L
A2C74F,N2785V,BE35,BEECH 35 Starfire Bonanza,L1P,L
A2C84F,N279E,EA50,ECLIPSE 550,L2J,L
A2CC4F,N28GY,AS28,SCHLEICHER ASW-28,L1P,L
A2D24F,N281GG,H47,BOEING-VERTOL CH-47 Chinook,H2T,M
A2D44F,N28119,BL17,BELLANCA 17 Viking,L1P,L
A2DE4F,N284RA,C172,CESSNA 172 Skyhawk,L1P,L
A2E04F,N2848H,GLID,,L0-,-
A2E34F,N2853,ZZZZ,,-0-,-
A2E44F,N286AK,SR22,CIRRUS SR-22,L1P,L
A2EC4F,N288GF,C182,CESSNA 182 Skylane,L1P,L
A2F34F,N29BW,GLID,,L0-,-
A2F44F,N29NB,ASTR,GULFSTREAM AEROSPACE Gulfstream G100,L2J,M
A2F84F,N2903V,,,,
A2FD4F,N292EC,PA11,PIPER PA-11 Cub Special,L1P,L
A3044F,N29394,P28B,PIPER PA-28-201T/235/236,L1P,L
A3074F,N2944W,B06,BELL 206 JetRanger,H1T,L
A30B4F,N2956Z,CH7A,BELLANCA 7 Champion,L1P,L
A30D4F,N296RV,RV6,VANS RV-6,L1P,L
A30F4F,N29682,TAYB,TAYLORCRAFT BC/BF/BL,L1P,L
A3124F,N2973U,P28A,PIPER PA-28-140/150/160/180,L1P,L
A3164F,N2985X,C177,CESSNA  177 Cardinal,L1P,L
A3194F,N2990P,LA4,LAKE LA-4/200,A1P,L
A31A4F,N29970,C185,CESSNA 185 Skywagon,L1P,L
A31C4F,N3TF,H269,HUGHES Sky Knight,H1P,L
A31E4F,N30PS,PTS1,PITTS S-1 Special,L1P,L
A3204F,N300LC,C172,CESSNA 172 Skyhawk,L1P,L
A3214F,N300WJ,BE20,BEECH 200 Super King Air,L2T,M
A3224F,N30040,C177,CESSNA  177 Cardinal,L1P,L
A3234F,N301CV,S76,SIKORSKY S-76 Spirit,H2T,L
A3244F,N301PA,B738,BOEING 737-800,L2J,M
A3294F,N3021V,BE35,BEECH 35 Starfire Bonanza,L1P,L
A32A4F,N30286,T210,CESSNA T210 Turbo Centurion,L1P,L
A3314F,N30451,J3,PIPER J-3 Cub,L1P,L
A3324F,N305EF,O1,CESSNA 305/341 Bird Dog,L1P,L
A3344F,N3050T,C320,CESSNA 320 Skyknight,L2P,L
A3354F,N30574,C177,CESSNA  177 Cardinal,L1P,L
A3384F,N3062W,PA32,PIPER PA-32,L1P,L
A3394F,N30697,PA32,PIPER PA-32,L1P,L
A33E4F,N308P,BE55,BEECH 55 Baron,L2P,L
A3404F,N30862,J3,PIPER J-3 Cub,L1P,L
A3414F,N309FS,RV9,VANS RV-9,L1P,L
A3434F,N3091U,LNC2,LANCAIR 200-320,L1P,L
A3444F,N30985,J4,PIPER J-4 Cub Coupe,L1P,L
A3474F,N310FA,C310,CESSNA 310,L2P,L
A3484F,N310RG,C310,CESSNA 310,L2P,L
A3494F,N3101C,C180,CESSNA  180 Skywagon,L1P,L
A34E4F,N312AR,SR20,CIRRUS SR-20,L1P,L
A3524F,N313DP,B407,BELL 407,H1T,L
A3544F,N3130A,PARA,,P0-,-
A3574F,N314ST,B752,BOEING 757-200,L2J,M
A3594F,N3149Q,P28A,PIPER PA-28-140/150/160/180,L1P,L
A35B4F,N315VR,VR7,VASHON Ranger R7,L1P,L
A35D4F,N316CB,FOX,KITFOX,L1P,L
A3604F,N3166K,,,,
A3674F,N3183E,AR11,AERONCA 11 Chief,L1P,L
A3704F,N320WL,M20P,MOONEY M-20,L1P,L
A3714F,N32042,P28A,PIPER PA-28-140/150/160/180,L1P,L
A3734F,N321PC,T210,CESSNA T210 Turbo Centurion,L1P,L
A3754F,N32165,P28A,PIPER PA-28-140/150/160/180,L1P,L
A3774F,N322SA,BE58,BEECH 58 Baron,L2P,L
A3794F,N32288,P28A,PIPER PA-28-140/150/160/180,L1P,L
A37A4F,N323JT,DA40,DIAMOND DA-40 Club Star,L1P,L
A37D4F,N324BK,PC12,PILATUS PC-12,L1T,L
A3834F,N3250V,BE20,BEECH 200 Super King Air,L2T,M
A3874F,N3262Y,ULAC,,L0-,-
A38B4F,N32741,UH1,BELL UH-1 Huey,H1T,L
A38D4F,N328PB,C150,CESSNA 150,L1P,L
A3944F,N33JS,BE33,BEECH 33 Bonanza,L1P,L
A3984F,N3301E,AR11,AERONCA 11 Chief,L1P,L
A3994F,N3308R,C182,CESSNA 182 Skylane,L1P,L
A39A4F,N331JA,LJ31,LEARJET 31,L2J,M
A39C4F,N3313H,S22T,CIRRUS SR-22T Turbo,L1P,L
A39D4F,N332AT,AT8T,AIR TRACTOR AT-802,L1T,M
A3A24F,N333PX,SR22,CIRRUS SR-22,L1P,L
A3A34F,N3330C,PARA,,P0-,-
A3A64F,N334SV,CH7A,BELLANCA 7 Champion,L1P,L
A3A74F,N3342F,C182,CESSNA 182 Skylane,L1P,L
A3A84F,N3349S,C172,CESSNA 172 Skyhawk,L1P,L
A3AC4F,N336CD,,,,
A3B04F,N337FB,P28A,PIPER PA-28-140/150/160/180,L1P,L
A3B34F,N3378Q,C402,CESSNA 402 Businessliner,L2P,L
A3B74F,N339AS,RV6,VANS RV-6,L1P,L
A3BA4F,N3395K,GC1,GLOBE Swift,L1P,L
A3BC4F,N34PW,M20P,MOONEY M-20,L1P,L
A3BF4F,N340WN,UH1,BELL UH-1 Huey,H1T,L
A3C34F,N341ZL,GAZL,AEROSPATIALE SA-341 Gazelle,H1T,L
A3C44F,N34167,C177,CESSNA  177 Cardinal,L1P,L
A3C64F,N342SC,HIGH,JUST JA20 Highlander,L1P,L
A3CB4F,N34332,,,,
A3CD4F,N344MT,R44,ROBINSON R-44 Raven,H1P,L
A3CF4F,N34455,B739,BOEING 737-900,L2J,M
A3D24F,N3450X,M20P,MOONEY M-20,L1P,L
A3D64F,N34620,C177,CESSNA  177 Cardinal,L1P,L
A3D74F,N347A,S22T,CIRRUS SR-22T Turbo,L1P,L
A3D94F,N347WM,B47G,BELL 47G,H1P,L
A3DA4F,N34743,C177,CESSNA  177 Cardinal,L1P,L
A3DE4F,N34866,C77R,CESSNA 177RG Cardinal RG,L1P,L
A3E04F,N349SB,P32R,PIPER PA-32R-300/301/301T,L1P,L
A3E14F,N3491Y,C180,CESSNA  180 Skywagon,L1P,L
A3E24F,N34989,C177,CESSNA  177 Cardinal,L1P,L
A3E44F,N35V,ERCO,AIR PRODUCTS F-1 Aircoupe,L1P,L
A3ED4F,N352MA,HUSK,CHRISTEN Husky,L1P,L
A3F74F,N3549U,C182,CESSNA 182 Skylane,L1P,L
A3FA4F,N3554L,G2T1,GREAT LAKES 2T-1,L1P,L
A3FB4F,N356CF,PA44,PIPER PA-44 Seminole,L2P,L
A3FE4F,N3566P,P32R,PIPER PA-32R-300/301/301T,L1P,L
A3FF4F,N357FD,RV7,VANS RV-7,L1P,L
A4024F,N3578S,C172,CESSNA 172 Skyhawk,L1P,L
A4034F,N358JB,E190,EMBRAER ERJ-190-100,L2J,M
A4054F,N3583J,C150,CESSNA 150,L1P,L
A40A4F,N36DS,C172,CESSNA 172 Skyhawk,L1P,L
A40B4F,N36PY,BE36,BEECH 36 Bonanza,L1P,L
A40C4F,N360AC,C182,CESSNA 182 Skylane,L1P,L
A40F4F,N36046,TAYB,TAYLORCRAFT BC/BF/BL,L1P,L
A41B4F,N364BP,GP3,OSPREY GP-3 Osprey 2,A1P,L
A4214F,N3650Z,AT3P,AIR TRACTOR AT-301/401,L1P,L
A4254F,N36622,AR6T,AERONCA 65 Tandem,L1P,L
A4264F,N367AB,RV12,VANS RV-12,L1P,L
A42F4F,N369SD,H500,HUGHES 500,H1T,L
A4314F,N3699A,BE36,BEECH 36 Bonanza,L1P,L
A4324F,N37JW,C208,CESSNA 208 Caravan,L1T,L
A4334F,N37VB,C421,CESSNA 421 Executive Commuter,L2P,L
A4344F,N370FG,UH1,BELL UH-1 Huey,H1T,L
A4354F,N370RN,C172,CESSNA 172 Skyhawk,L1P,L
A43A4F,N3713M,PA12,PIPER PA-12 Super Cruiser,L1P,L
A43C4F,N372MC,B350,BEECHCRAFT Super King Air 350,L2T,M
A43E4F,N3725Q,BE35,BEECH 35 Starfire Bonanza,L1P,L
A4424F,N3737T,P28R,PIPER PA-28R-180/200/201,L1P,L
A4474F,N375KR,E550,EMBRAER EMB-550 Praetor 600,L2J,M
A4494F,N3754N,BE35,BEECH 35 Starfire Bonanza,L1P,L
A44D4F,N3766R,C337,CESSNA 337 Super Skymaster,L2P,L
A44F4F,N377RM,C175,CESSNA 175 Skylark,L1P,L
A4504F,N3771H,ERCO,AIR PRODUCTS F-1 Aircoupe,L1P,L
A4514F,N3778U,C182,CESSNA 182 Skylane,L1P,L
A4564F,N379MB,C150,CESSNA 150,L1P,L
A45A4F,N38Q,B06,BELL 206 JetRanger,H1T,L
A45D4F,N380WS,B738,BOEING 737-800,L2J,M
A45E4F,N38048,J5,PIPER J-5 Cub Cruiser,L1P,L
A45F4F,N381DC,RV6,VANS RV-6,L1P,L
A4624F,N3817A,GLID,,L0-,-
A4654F,N38213,P28A,PIPER PA-28-140/150/160/180,L1P,L
A46D4F,N38459,B739,BOEING 737-900,L2J,M
A4704F,N38501,J3,PIPER J-3 Cub,L1P,L
A4714F,N3858B,BE35,BEECH 35 Starfire Bonanza,L1P,L
A4784F,N38747,J3,PIPER J-3 Cub,L1P,L
A47A4F,N388PH,EC35,AIRBUS HELICOPTERS EC-135/635,H2T,L
A47D4F,N389G,P28A,PIPER PA-28-140/150/160/180,L1P,L
A47F4F,N38912,P32R,PIPER PA-32R-300/301/301T,L1P,L
A4854F,N3901L,C172,CESSNA 172 Skyhawk,L1P,L
A48B4F,N392ME,C82S,CESSNA T182 Turbo Skylane,L1P,L
A48D4F,N3925S,C172,CESSNA 172 Skyhawk,L1P,L
A4944F,N3942M,PA12,PIPER PA-12 Super Cruiser,L1P,L
A49F4F,N3971K,P28A,PIPER PA-28-140/150/160/180,L1P,L
A4A04F,N3978W,,,,
A4A14F,N398JF,M20P,MOONEY M-20,L1P,L
A4A34F,N3983N,BALL,,B0-,-
A4A54F,N399MD,COUR,HELIO Courier,L1P,L
A4AA4F,N40AG,H25B,HAWKER BEECHCRAFT Hawker 750/850,L2J,M
A4AE4F,N400TE,E55P,EMBRAER EMB-505 Phenom 300,L2J,M
A4AF4F,N4002R,SS2P,ROCKWELL Thrush Commander,L1P,L
A4B24F,N401WC,C185,CESSNA 185 Skywagon,L1P,L
A4B44F,N402CP,T206,CESSNA T206 Turbo Stationair,L1P,L
A4B64F,N402ZA,L39,LET L-39 Albatros,L1J,L
A4B74F,N4026X,VO10,NORTH AMERICAN ROCKWELL Commander 100,L1P,L
A4BA4F,N4031P,RV6,VANS RV-6,L1P,L
A4BB4F,N40380,SPHA,AMERICAN AUTOGYRO Spinus,G1P,L
A4BF4F,N405BB,TRDO,TITAN Tornado SS,L1P,L
A4C54F,N4060M,PA12,PIPER PA-12 Super Cruiser,L1P,L
A4C84F,N407TD,B407,BELL 407,H1T,L
A4CA4F,N40791,J5,PIPER J-5 Cub Cruiser,L1P,L
A4CC4F,N408WB,PA32,PIPER PA-32,L1P,L
A4CD4F,N4084T,R22,ROBINSON R-22 Mariner,H1P,L
A4D04F,N409Z,A4,DOUGLAS A-4 Skyhawk,L1J,M
A4D14F,N4096W,PA32,PIPER PA-32,L1P,L
A4D24F,N41FL,GLID,,L0-,-
A4D84F,N411EV,EVSS,EVEKTOR SportStar,L1P,L
A4DB4F,N4118H,PTS2,PITTS S-2 Special,L1P,L
A4DE4F,N4123,MITE,MOONEY M-18,L1P,L
A4DF4F,N413AK,SR22,CIRRUS SR-22,L1P,L
A4E34F,N414DH,CL35,BOMBARDIER BD-100 Challenger 350,L2J,M
A4E64F,N4147F,C172,CESSNA 172 Skyhawk,L1P,L
A4E74F,N415GF,SR22,CIRRUS SR-22,L1P,L
A4E84F,N415SM,RV7,VANS RV-7,L1P,L
A4E94F,N41518,PA46,PIPER PA-46-310/350,L1P,L
A4EE4F,N417BW,,,,
A4F34F,N418R,BALL,,B0-,-
A4F44F,N41806,ST75,STEARMAN Kaydet,L1P,L
A4FE4F,N4202T,P28A,PIPER PA-28-140/150/160/180,L1P,L
A4FF4F,N42094,C180,CESSNA  180 Skywagon,L1P,L
A5014F,N421WE,C421,CESSNA 421 Executive Commuter,L2P,L
A5024F,N4214W,ST75,STEARMAN Kaydet,L1P,L
A5074F,N423FP,DA40,DIAMOND DA-40 Club Star,L1P,L
A5084F,N423RV,RV4,VANS RV-4,L1P,L
A5094F,N4231R,PA32,PIPER PA-32,L1P,L
A50A4F,N42382,C182,CESSNA 182 Skylane,L1P,L
A50D4F,N4243U,C150,CESSNA 150,L1P,L
A50F4F,N425MK,C152,CESSNA 152,L1P,L
A5154F,N42670,J3,PIPER J-3 Cub,L1P,L
A5184F,N4272S,BE35,BEECH 35 Starfire Bonanza,L1P,L
A5204F,N4296Y,ST75,STEARMAN Kaydet,L1P,L
A5234F,N430BZ,RV4,VANS RV-4,L1P,L
A5294F,N43109,CJ6,NANCHANG CJ-6,L1P,L
A52C4F,N432UA,A320,AIRBUS A-320,L2J,M
A52D4F,N4323B,PA46,PIPER PA-46-310/350,L1P,L
A52E4F,N433AM,PC12,PILATUS PC-12,L1T,L
A5324F,N434DK,LNP4,LANCAIR PropJet 4,L1T,L
A5354F,N4347H,P28A,PIPER PA-28-140/150/160/180,L1P,L
A5374F,N435SP,C172,CESSNA 172 Skyhawk,L1P,L
A5384F,N4352,BIPL,EAA Biplane,L1P,L
A5394F,N4359L,C172,CESSNA 172 Skyhawk,L1P,L
A53C4F,N4364C,PA34,PIPER PA-34 Seneca,L2P,L
A5434F,N43808,P28A,PIPER PA-28-140/150/160/180,L1P,L
A5444F,N4388J,P28A,PIPER PA-28-140/150/160/180,L1P,L
A5474F,N4393A,BE33,BEECH 33 Bonanza,L1P,L
A5484F,N44AL,MT,ROTORSPORT MTOSport,G1P,L
A5494F,N44LS,SF50,CIRRUS SF-50 Vision,L1J,L
A54F4F,N441LA,C441,CESSNA 441 Conquest,L2T,L
A5584F,N4431T,P28A,PIPER PA-28-140/150/160/180,L1P,L
A5594F,N44384,TAYB,TAYLORCRAFT BC/BF/BL,L1P,L
A5604F,N4455Z,PA18,PIPER PA-18 Super Cub,L1P,L
A5664F,N447TH,,,,
A5684F,N44795,T50,CESSNA Bobcat,L2P,L
A5694F,N448L,BE36,BEECH 36 Bonanza,L1P,L
A56B4F,N4484X,P28R,PIPER PA-28R-180/200/201,L1P,L
A56C4F,N449CS,C172,CESSNA 172 Skyhawk,L1P,L
A56F4F,N44960,P28A,PIPER PA-28-140/150/160/180,L1P,L
A5724F,N450CA,P28A,PIPER PA-28-140/150/160/180,L1P,L
A5794F,N4518M,BE35,BEECH 35 Starfire Bonanza,L1P,L
A57C4F,N4523D,AA5,AMERICAN AA-5 Tiger,L1P,L
A5804F,N4535G,T210,CESSNA T210 Turbo Centurion,L1P,L
A5814F,N454DM,C182,CESSNA 182 Skylane,L1P,L
A5844F,N4547K,AA5,AMERICAN AA-5 Tiger,L1P,L
A5864F,N455SR,SR22,CIRRUS SR-22,L1P,L
A5874F,N4552B,AA5,AMERICAN AA-5 Tiger,L1P,L
A5884F,N4559N,BALL,,B0-,-
A58B4F,N4564E,CH7A,BELLANCA 7 Champion,L1P,L
A5904F,N458EY,TUCA,EMBRAER EMB-312 Tucano,L1T,L
A5934F,N4588L,RV4,VANS RV-4,L1P,L
A5974F,N46AN,,,,
A5984F,N46LU,PA44,PIPER PA-44 Seminole,L2P,L
A5994F,N46X,BE20,BEECH 200 Super King Air,L2T,M
A5A24F,N462PA,SB20,SAAB 2000,L2T,M
A5A54F,N463FT,B762,BOEING 767-200,L2J,H
A5A74F,N4631V,,,,
A5AF4F,N46551,C172,CESSNA 172 Skyhawk,L1P,L
A5B24F,N4660T,BIPL,EAA Biplane,L1P,L
A5BA4F,N4684Z,PA22,PIPER PA-22,L1P,L
A5BC4F,N469P,BE33,BEECH 33 Bonanza,L1P,L
A5BE4F,N46962,S1,INTERSTATE S-1 Cadet,L1P,L
A5BF4F,N47FS,PA11,PIPER PA-11 Cub Special,L1P,L
A5C44F,N4706L,P28A,PIPER PA-28-140/150/160/180,L1P,L
A5C74F,N4711C,C172,CESSNA 172 Skyhawk,L1P,L
A5CB4F,N4723F,C206,CESSNA  206 Stationair,L1P,L
A5D34F,N4747M,P28A,PIPER PA-28-140/150/160/180,L1P,L
A5D74F,N4759Q,C185,CESSNA 185 Skywagon,L1P,L
A5DD4F,N477YP,LJ55,LEARJET 55,L2J,M
A5DF4F,N478F,EA50,ECLIPSE 550,L2J,L
A5E54F,N4793E,C172,CESSNA 172 Skyhawk,L1P,L
A5E74F,N48LW,M20P,MOONEY M-20,L1P,L
A5E84F,N48XB,PC12,PILATUS PC-12,L1T,L
A5EB4F,N4802Z,PA18,PIPER PA-18 Super Cub,L1P,L
A5F64F,N4831X,C150,CESSNA 150,L1P,L
A6044F,N487TM,BE40,BEECH 400 Beechjet,L2J,M
A6094F,N48841,FA62,FAIRCHILD M-26 Cornell,L1P,L
A60E4F,N49FU,ULAC,,L0-,-
A60F4F,N49S,WAIX,SONEX Waiex,L1P,L
A6134F,N4906N,C182,CESSNA 182 Skylane,L1P,L
A6164F,N4911E,C185,CESSNA 185 Skywagon,L1P,L
A61A4F,N4923H,PA11,PIPER PA-11 Cub Special,L1P,L
A6264F,N4959S,RV10,VANS RV-10,L1P,L
A6294F,N4964J,P28R,PIPER PA-28R-180/200/201,L1P,L
A6304F,N4981D,C182,CESSNA 182 Skylane,L1P,L
A6364F,N5LY,LA4,LAKE LA-4/200,A1P,L
A6384F,N50HJ,CH7A,BELLANCA 7 Champion,L1P,L
A63A4F,N500DV,P46T,PIPER PA-46-500TP,L1T,L
A63C4F,N5000G,B06,BELL 206 JetRanger,H1T,L
A63D4F,N5007T,P28A,PIPER PA-28-140/150/160/180,L1P,L
A63E4F,N501GT,R44,ROBINSON R-44 Raven,H1P,L
A6414F,N5019W,P28A,PIPER PA-28-140/150/160/180,L1P,L
A6484F,N5036R,C182,CESSNA 182 Skylane,L1P,L
A64B4F,N5041H,C172,CESSNA 172 Skyhawk,L1P,L
A64D4F,N505JD,A600,ROTORWAY A-600 Talon,H1P,L
A64F4F,N5053L,CH7B,BELLANCA 7 Citabria,L1P,L
A6514F,N506MB,BE36,BEECH 36 Bonanza,L1P,L
A6534F,N5065P,PA24,PIPER PA-24 Comanche,L1P,L
A6594F,N508SY,E75L,EMBRAER ERJ-170-200 (long wing),L2J,M
A65B4F,N5089V,C182,CESSNA 182 Skylane,L1P,L
A65E4F,N5094M,TAYB,TAYLORCRAFT BC/BF/BL,L1P,L
A6604F,N51NN,FDCT,FLIGHT DESIGN CT,L1P,L
A6644F,N51036,AVID,AVID Flyer,L1P,L
A66C4F,N5128B,C72R,CESSNA 172R Cutlass RG,L1P,L
A66F4F,N51324,,,,
A6744F,N515DB,RV6,VANS RV-6,L1P,L
A6754F,N515PH,H269,HUGHES Sky Knight,H1P,L
A6774F,N5157,RLU1,RLU Super Breezy,L1P,L
A67E4F,N51735,EN28,ENSTROM F-28,H1P,L
A6804F,N518MW,P28R,PIPER PA-28R-180/200/201,L1P,L
A6864F,N5198A,BALL,,B0-,-
A6874F,N52HL,PA31,PIPER PA-31-300/310/325/350/425,L2P,L
A6884F,N52TS,PA12,PIPER PA-12 Super Cruiser,L1P,L
A68D4F,N521GV,GLF5,GULFSTREAM 5,L2J,M
A68E4F,N521TA,A319,AIRBUS A-319,L2J,M
A6914F,N522KT,C25A,CESSNA 525A Citation CJ2,L2J,L
A6934F,N5224Q,C150,CESSNA 150,L1P,L
A6944F,N523CK,RV9,VANS RV-9,L1P,L
A69B4F,N5248W,P28A,PIPER PA-28-140/150/160/180,L1P,L
A69C4F,N525JF,PA24,PIPER PA-24 Comanche,L1P,L
A69E4F,N5253N,C182,CESSNA 182 Skylane,L1P,L
A6A24F,N5265R,C172,CESSNA 172 Skyhawk,L1P,L
A6A34F,N527DW,FLSS,FLYER NG/SS,L1P,L
A6A54F,N5270H,C172,CESSNA 172 Skyhawk,L1P,L
A6A84F,N528T,BE95,BEECH 95 Travel Air,L2P,L
A6A94F,N5282L,P28A,PIPER PA-28-140/150/160/180,L1P,L
A6AA4F,N5289X,J3,PIPER J-3 Cub,L1P,L
A6AB4F,N529KS,P32R,PIPER PA-32R-300/301/301T,L1P,L
A6AE4F,N53CJ,CJ6,NANCHANG CJ-6,L1P,L
A6B14F,N530KA,C680,CESSNA 680 Citation Sovereign,L2J,M
A6BB4F,N5328D,C180,CESSNA  180 Skywagon,L1P,L
A6C24F,N53449,P337,CESSNA P337 Skymaster,L2P,L
A6C64F,N5357B,C182,CESSNA 182 Skylane,L1P,L
A6C84F,N536SH,R44,ROBINSON R-44 Raven,H1P,L
A6C94F,N53614,C172,CESSNA 172 Skyhawk,L1P,L
A6CA4F,N5369E,BE35,BEECH 35 Starfire Bonanza,L1P,L
A6CB4F,N537K,ULAC,,L0-,-
A6CD4F,N53737,BL8,BELLANCA 8 Decathlon,L1P,L
A6D44F,N53902,BL8,BELLANCA 8 Decathlon,L1P,L
A6D54F,N5398C,C140,CESSNA 140,L1P,L
A6DA4F,N5400L,AA5,AMERICAN AA-5 Tiger,L1P,L
A6DF4F,N54190,PA18,PIPER PA-18 Super Cub,L1P,L
A6E24F,N5424S,P28A,PIPER PA-28-140/150/160/180,L1P,L
A6E34F,N543CM,LJ45,LEARJET 45,L2J,M
A6E64F,N5436V,DRON,,D0-,-
A6E94F,N5441M,SW3,SWEARINGEN Merlin 3,L2T,L
A6EE4F,N546B,P28A,PIPER PA-28-140/150/160/180,L1P,L
A6F44F,N5470K,C172,CESSNA 172 Skyhawk,L1P,L
A6F54F,N5477W,P28A,PIPER PA-28-140/150/160/180,L1P,L
A6F74F,N548TB,SONX,SONEX AIRCRAFT Sonex,L1P,L
A6FB4F,N549W,PISI,PIPSTREL Sinus,L1P,L
A6FD4F,N55CL,BE60,BEECH 60 Duke,L2P,L
A6FE4F,N55NS,C180,CESSNA  180 Skywagon,L1P,L
A7004F,N550KC,LEG2,LANCAIR Legacy,L1P,L
A7044F,N551NA,DRON,,D0-,-
A7064F,N5516C,T210,CESSNA T210 Turbo Centurion,L1P,L
A70C4F,N553TX,C56X,CESSNA 560XL Citation XLS,L2J,M
A7114F,N5545A,P210,CESSNA P210 Centurion,L1P,L
A7124F,N555DF,CL60,BOMBARDIER CL-600 Challenger,L2J,M
A7134F,N555PM,PA31,PIPER PA-31-300/310/325/350/425,L2P,L
A71C4F,N55739,P28A,PIPER PA-28-140/150/160/180,L1P,L
A7264F,N56TW,H500,HUGHES 500,H1T,L
A72A4F,N5607Z,PA22,PIPER PA-22,L1P,L
A72D4F,N5612R,C172,CESSNA 172 Skyhawk,L1P,L
A7314F,N5624U,,,,
A7324F,N563CP,SR22,CIRRUS SR-22,L1P,L
A73C4F,N5653S,BE23,BEECH 23 Sundowner,L1P,L
A7404F,N5665V,P28A,PIPER PA-28-140/150/160/180,L1P,L
A7474F,N5682Q,M20P,MOONEY M-20,L1P,L
A7484F,N56891,ST75,STEARMAN Kaydet,L1P,L
A74C4F,N57CN,FOX,KITFOX,L1P,L
A74E4F,N57Z,B06,BELL 206 JetRanger,H1T,L
A7514F,N5704B,C182,CESSNA 182 Skylane,L1P,L
A7554F,N5716E,C150,CESSNA 150,L1P,L
A7594F,N5728H,PA16,PIPER PA-16 Clipper,L1P,L
A75D4F,N574AK,,,,
A7604F,N5745C,C170,CESSNA 170,L1P,L
A7624F,N575PP,C82S,CESSNA T182 Turbo Skylane,L1P,L
A7644F,N5757F,P28A,PIPER PA-28-140/150/160/180,L1P,L
A7684F,N5769J,C182,CESSNA 182 Skylane,L1P,L
A76B4F,N5774A,C172,CESSNA 172 Skyhawk,L1P,L
A7754F,N58TY,C172,CESSNA 172 Skyhawk,L1P,L
A7784F,N5800Q,M20P,MOONEY M-20,L1P,L
A77B4F,N581TG,H500,HUGHES 500,H1T,L
A77C4F,N5812T,M20P,MOONEY M-20,L1P,L
A7804F,N5824W,P28A,PIPER PA-28-140/150/160/180,L1P,L
A7844F,N5836Z,PA22,PIPER PA-22,L1P,L
A7864F,N584RV,RV4,VANS RV-4,L1P,L
A7894F,N585JM,DRON,,D0-,-
A78B4F,N5853U,P28A,PIPER PA-28-140/150/160/180,L1P,L
A7924F,N5870P,PA24,PIPER PA-24 Comanche,L1P,L
A7954F,N588TF,SREY,PROGRESSIVE AERODYNE SeaRey,A1P,L
A7964F,N5882S,BE35,BEECH 35 Starfire Bonanza,L1P,L
A79C4F,N59NW,C208,CESSNA 208 Caravan,L1T,L
A7A64F,N592RC,SLG4,AIRPLANE FACTORY Sling 4,L1P,L
A7AB4F,N5933B,C182,CESSNA 182 Skylane,L1P,L
A7AC4F,N594AM,BL8,BELLANCA 8 Decathlon,L1P,L
A7AF4F,N5945E,C150,CESSNA 150,L1P,L
A7BA4F,N5974C,BE35,BEECH 35 Starfire Bonanza,L1P,L
A7BC4F,N598ND,PA44,PIPER PA-44 Seminole,L2P,L
A7BE4F,N5986F,C210,CESSNA 201 Centurion,L1P,L
A7C34F,N6HU,BE30,BEECH 300 Super King Air,L2T,L
A7C44F,N6U,RV7,VANS RV-7,L1P,L
A7C54F,N60EE,,,,
A7C74F,N600AR,GLF4,GULFSTREAM 4,L2J,M
A7CB4F,N601DP,AEST,AEROSTAR 600,L2P,L
A7CD4F,N6010A,C150,CESSNA 150,L1P,L
A7CF4F,N602GM,AT6T,AIR TRACTOR AT-602,L1T,L
A7D04F,N602ST,AT6T,AIR TRACTOR AT-602,L1T,L
A7D24F,N6029Q,M20P,MOONEY M-20,L1P,L
A7D94F,N6046K,C150,CESSNA 150,L1P,L
A7DC4F,N6051B,C182,CESSNA 182 Skylane,L1P,L
A7E04F,N6063E,C172,CESSNA 172 Skyhawk,L1P,L
A7E44F,N6075H,BALL,,B0-,-
A7E74F,N6080,DHC4,DE HAVILLAND DHC-4 Caribou,L2P,M
A7E84F,N6087L,,,,
A7EC4F,N6099P,PA46,PIPER PA-46-310/350,L1P,L
A7ED4F,N61KJ,B06,BELL 206 JetRanger,H1T,L
A7F34F,N611JT,HDJT,HONDA HondaJet,L2J,L
A7F54F,N61130,C150,CESSNA 150,L1P,L
A7F64F,N612BK,C206,CESSNA  206 Stationair,L1P,L
A7F74F,N612MR,PA23,PIPER PA-23,L2P,L
A7F94F,N61253,C150,CESSNA 150,L1P,L
A7FC4F,N6130V,BE35,BEECH 35 Starfire Bonanza,L1P,L
A8054F,N616CW,SR22,CIRRUS SR-22,L1P,L
A8084F,N61664,AT5T,AIR TRACTOR AT-504,L1T,L
A80A4F,N617S,BE17,BEECH 17 Staggerwing,L1P,L
A80C4F,N61787,J3,PIPER J-3 Cub,L1P,L
A80D4F,N618JS,ULAC,,L0-,-
A8194F,N6205L,,,,
A81D4F,N6217P,PA24,PIPER PA-24 Comanche,L1P,L
A8204F,N6222F,C182,CESSNA 182 Skylane,L1P,L
A8224F,N623KM,LJ35,LEARJET 35,L2J,M
A8244F,N6234J,P28A,PIPER PA-28-140/150/160/180,L1P,L
A8254F,N624CD,SR22,CIRRUS SR-22,L1P,L
A8264F,N624NK,A320,AIRBUS A-320,L2J,M
A82C4F,N6258Q,C310,CESSNA 310,L2P,L
A82F4F,N6263G,C172,CESSNA 172 Skyhawk,L1P,L
A8304F,N627AS,B737,BOEING 737-700,L2J,M
A83B4F,N6299R,C150,CESSNA 150,L1P,L
A83C4F,N63KL,SF50,CIRRUS SF-50 Vision,L1J,L
A83F4F,N630SC,,,,
A8444F,N63132,C150,CESSNA 150,L1P,L
A84C4F,N63378,ST75,STEARMAN Kaydet,L1P,L
A84E4F,N634TP,,,,
A84F4F,N63420,C150,CESSNA 150,L1P,L
A8534F,N63543,C150,CESSNA 150,L1P,L
A85D4F,N638V,BE35,BEECH 35 Starfire Bonanza,L1P,L
A8604F,N639MS,SMAX,AIRMAX M-22 SeaMax,A1P,L
A8634F,N64EJ,BE60,BEECH 60 Duke,L2P,L
A8664F,N640MA,B407,BELL 407,H1T,L
A86B4F,N6410E,C172,CESSNA 172 Skyhawk,L1P,L
A86C4F,N6417R,P28A,PIPER PA-28-140/150/160/180,L1P,L
A8734F,N6434L,,,,
A8784F,N645FD,LJ45,LEARJET 45,L2J,M
A87A4F,N6451F,C150,CESSNA 150,L1P,L
A87C4F,N646JB,A320,AIRBUS A-320,L2J,M
A87E4F,N6463J,P28A,PIPER PA-28-140/150/160/180,L1P,L
A8804F,N647M,RV6,VANS RV-6,L1P,L
A8824F,N6475M,S108,STINSON 108 Voyager,L1P,L
A8834F,N648DS,DA40,DIAMOND DA-40 Club Star,L1P,L
A8854F,N6480D,C172,CESSNA 172 Skyhawk,L1P,L
A8864F,N6487Q,M20P,MOONEY M-20,L1P,L
A8894F,N6492G,C82T,CESSNA TR182 Turbo Skylane RG,L1P,L
A88E4F,N650SE,P28A,PIPER PA-28-140/150/160/180,L1P,L
A88F4F,N65011,ST75,STEARMAN Kaydet,L1P,L
A89A4F,N6530Z,PA25,PIPER PA-25 Pawnee,L1P,L
A89B4F,N6538,G164,GRUMMAN G-164 Ag-Cat,L1P,L
A89D4F,N654TR,SR20,CIRRUS SR-20,L1P,L
A8A34F,N656D,BE35,BEECH 35 Starfire Bonanza,L1P,L
A8A54F,N656ZM,C25B,CESSNA 525B Citation CJ3,L2J,L
A8A94F,N65710,C172,CESSNA 172 Skyhawk,L1P,L
A8AD4F,N65833,GLID,,L0-,-
A8B14F,N65956,C172,CESSNA 172 Skyhawk,L1P,L
A8B24F,N66EL,LEG2,LANCAIR Legacy,L1P,L
A8BA4F,N6610G,C150,CESSNA 150,L1P,L
A8BB4F,N6617T,C150,CESSNA 150,L1P,L
A8BC4F,N662GT,B763,BOEING 767-300,L2J,H
A8BF4F,N6629W,P28A,PIPER PA-28-140/150/160/180,L1P,L
A8C24F,N6634N,,,,
A8C84F,N665RM,BD4,BEDE BD-4,L1P,L
A8C94F,N6651H,B06,BELL 206 JetRanger,H1T,L
A8CE4F,N667AW,A320,AIRBUS A-320,L2J,M
A8CF4F,N667MB,LJ55,LEARJET 55,L2J,M
A8D34F,N668Q,BE95,BEECH 95 Travel Air,L2P,L
A8D54F,N6687S,C150,CESSNA 150,L1P,L
A8DC4F,N670GA,GA6C,GULFSTREAM G600,L2J,M
A8DE4F,N67013,BE23,BEECH 23 Sundowner,L1P,L
A8E94F,N67301,B06,BELL 206 JetRanger,H1T,L
A8F64F,N677G,SREY,PROGRESSIVE AERODYNE SeaRey,A1P,L
A9004F,N67958,C152,CESSNA 152,L1P,L
A9044F,N680ME,C680,CESSNA 680 Citation Sovereign,L2J,M
A90A4F,N6817V,M20P,MOONEY M-20,L1P,L
A90D4F,N6822M,C182,CESSNA 182 Skylane,L1P,L
A9114F,N6834Q,BE95,BEECH 95 Travel Air,L2P,L
A9184F,N6851K,G164,GRUMMAN G-164 Ag-Cat,L1P,L
A9214F,N688DW,C72R,CESSNA 172R Cutlass RG,L1P,L
A9234F,N6880H,J3,PIPER J-3 Cub,L1P,L
A9244F,N6887U,M20P,MOONEY M-20,L1P,L
A9264F,N689T,BE35,BEECH 35 Starfire Bonanza,L1P,L
A9294F,N69KS,AR65,AERONCA 65 Super Chief,L1P,L
A92A4F,N69VY,LA4,LAKE LA-4/200,A1P,L
A92B4F,N690GC,BE58,BEECH 58 Baron,L2P,L
A92E4F,N6909F,C150,CESSNA 150,L1P,L
A9394F,N6938D,PA22,PIPER PA-22,L1P,L
A93E4F,N695LM,R44,ROBINSON R-44 Raven,H1P,L
A9404F,N69549,B190,BEECH 1900,L2T,M
A9444F,N6967B,C210,CESSNA 201 Centurion,L1P,L
A9464F,N697SH,SONX,SONEX AIRCRAFT Sonex,L1P,L
A94D4F,N699MY,DRON,,D0-,-
A9504F,N7EQ,DHC2,DE HAVILLAND DHC-2 Beaver,L1P,L
A9574F,N7003,GLID,,L0-,-
A9584F,N701AK,CH70,ZENAIR CH-701 Stol,L1P,L
A9594F,N701LR,CH70,ZENAIR CH-701 Stol,L1P,L
A95A4F,N701WX,CH70,ZENAIR CH-701 Stol,L1P,L
A95F4F,N7027F,C162,CESSNA 162 Skycatcher,L1P,L
A9644F,N704KD,C150,CESSNA 150,L1P,L
A9664F,N7044A,C172,CESSNA 172 Skyhawk,L1P,L
A96C4F,N706R,RV12,VANS RV-12,L1P,L
A96D4F,N70606,B06,BELL 206 JetRanger,H1T,L
A9714F,N70729,J3,PIPER J-3 Cub,L1P,L
A9754F,N7085B,R66,ROBINSON R-66,H1T,L
A9794F,N7097E,BALL,,B0-,-
A97B4F,N71SL,H269,HUGHES Sky Knight,H1P,L
A97C4F,N710CR,C68A,CESSNA 680 Citation Latitude,L2J,M
A97F4F,N7106Z,R44,ROBINSON R-44 Raven,H1P,L
A9814F,N711RV,RV4,VANS RV-4,L1P,L
A9824F,N7111R,P28A,PIPER PA-28-140/150/160/180,L1P,L
A9844F,N712JM,B737,BOEING 737-700,L2J,M
A9864F,N7123U,M20P,MOONEY M-20,L1P,L
A9874F,N713BD,RV4,VANS RV-4,L1P,L
A98C4F,N714QH,CRER,RANS Courier,L1P,L
A98D4F,N7140P,FOX,KITFOX,L1P,L
A98E4F,N71470,L8,LUSCOMBE 8,L1P,L
A9954F,N7164V,M20P,MOONEY M-20,L1P,L
A9A04F,N7193T,C172,CESSNA 172 Skyhawk,L1P,L
A9A64F,N7203B,BE35,BEECH 35 Starfire Bonanza,L1P,L
A9A74F,N721AM,RV7,VANS RV-7,L1P,L
A9A84F,N721LT,BE58,BEECH 58 Baron,L2P,L
A9AB4F,N722DK,RV6,VANS RV-6,L1P,L
A9AF4F,N723GH,CL60,BOMBARDIER CL-600 Challenger,L2J,M
A9B04F,N723SP,C172,CESSNA 172 Skyhawk,L1P,L
A9B24F,N7239L,HUCO,BELL AH-1 HueyCobra,H1T,L
A9B54F,N7244C,R44,ROBINSON R-44 Raven,H1P,L
A9B94F,N7256F,P28A,PIPER PA-28-140/150/160/180,L1P,L
A9BC4F,N72608,T206,CESSNA T206 Turbo Stationair,L1P,L
A9BD4F,N7268J,PC12,PILATUS PC-12,L1T,L
A9C04F,N7273A,C172,CESSNA 172 Skyhawk,L1P,L
A9D14F,N7311T,C172,CESSNA 172 Skyhawk,L1P,L
A9D54F,N7323W,P28A,PIPER PA-28-140/150/160/180,L1P,L
A9DA4F,N734ED,C172,CESSNA 172 Skyhawk,L1P,L
A9DD4F,N73472,C172,CESSNA 172 Skyhawk,L1P,L
A9DE4F,N735HB,C185,CESSNA 185 Skywagon,L1P,L
A9DF4F,N735TH,DRON,,D0-,-
A9E24F,N736L,CH7A,BELLANCA 7 Champion,L1P,L
A9E34F,N736WF,SR22,CIRRUS SR-22,L1P,L
A9E54F,N737CS,B732,BOEING 737-200,L2J,M
A9E64F,N737NY,C182,CESSNA 182 Skylane,L1P,L
A9E74F,N737ZD,C172,CESSNA 172 Skyhawk,L1P,L
A9E94F,N738FQ,C172,CESSNA 172 Skyhawk,L1P,L
A9EB4F,N7381S,RV4,VANS RV-4,L1P,L
A9F14F,N74ML,SR22,CIRRUS SR-22,L1P,L
A9F94F,N7415G,C172,CESSNA 172 Skyhawk,L1P,L
A9FA4F,N742DM,RV7,VANS RV-7,L1P,L
A9FD4F,N7427K,RV8,VANS RV-8,L1P,L
AA004F,N7432B,CH7A,BELLANCA 7 Champion,L1P,L
AA054F,N745C,S108,STINSON 108 Voyager,L1P,L
AA084F,N7456H,J3,PIPER J-3 Cub,L1P,L
AA0C4F,N7468L,PA18,PIPER PA-18 Super Cub,L1P,L
AA124F,N748X,C337,CESSNA 337 Super Skymaster,L2P,L
AA184F,N75GJ,BE18,BEECH 18 Expetitor,L2P,L
AA204F,N7511V,,,,
AA214F,N75186,P28A,PIPER PA-28-140/150/160/180,L1P,L
AA224F,N752JR,RV7,VANS RV-7,L1P,L
AA244F,N7523Y,PA30,PIPER PA-30 Twin Comanche,L2P,L
AA254F,N753BH,,,,
AA2F4F,N7552W,P28A,PIPER PA-28-140/150/160/180,L1P,L
AA324F,N756WH,,,,
AA354F,N757P,PA24,PIPER PA-24 Comanche,L1P,L
AA364F,N757ZF,C152,CESSNA 152,L1P,L
AA374F,N75762,C172,CESSNA 172 Skyhawk,L1P,L
AA384F,N758FS,DRON,,D0-,-
AA3B4F,N75885,C172,CESSNA 172 Skyhawk,L1P,L
AA3E4F,N7593X,C172,CESSNA 172 Skyhawk,L1P,L
AA444F,N7603F,CH7A,BELLANCA 7 Champion,L1P,L
AA484F,N7615J,P28R,PIPER PA-28R-180/200/201,L1P,L
AA534F,N7644G,C172,CESSNA 172 Skyhawk,L1P,L
AA544F,N765CB,P28R,PIPER PA-28R-180/200/201,L1P,L
AA574F,N7656K,PA20,PIPER PA-20 Pacer,L1P,L
AA584F,N766F,,,,
AA5A4F,N7661B,B14A,BELLANCA 14,L1P,L
AA5B4F,N7668N,BE35,BEECH 35 Starfire Bonanza,L1P,L
AA654F,N7690,G164,GRUMMAN G-164 Ag-Cat,L1P,L
AA674F,N77GL,BD4,BEDE BD-4,L1P,L
AA6E4F,N771SA,B737,BOEING 737-700,L2J,M
AA714F,N772JT,RV6,VANS RV-6,L1P,L
AA734F,N77230,C120,CESSNA 120,L1P,L
AA7F4F,N77599,J3,PIPER J-3 Cub,L1P,L
AA834F,N777CW,P28A,PIPER PA-28-140/150/160/180,L1P,L
AA844F,N777PB,BE36,BEECH 36 Bonanza,L1P,L
AA854F,N777ZH,GLF6,GULFSTREAM G650,L2J,M
AA884F,N778S,AT5T,AIR TRACTOR AT-504,L1T,L
AA8A4F,N77887,L8,LUSCOMBE 8,L1P,L
AA8E4F,N78BJ,HIGH,JUST JA20 Highlander,L1P,L
AA914F,N780JA,C172,CESSNA 172 Skyhawk,L1P,L
AA944F,N781AT,SRAI,GREAT PLAINS Sonerai,L1P,L
AA974F,N7815L,B737,BOEING 737-700,L2J,M
AA9A4F,N7820C,P28A,PIPER PA-28-140/150/160/180,L1P,L
AA9B4F,N7827P,PA24,PIPER PA-24 Comanche,L1P,L
AAA04F,N784KM,DA62,DIAMOND DA-62,L2P,L
AAA34F,N785CD,SR22,CIRRUS SR-22,L1P,L
AAA94F,N7861D,PA18,PIPER PA-18 Super Cub,L1P,L
AAB34F,N789PW,SR22,CIRRUS SR-22,L1P,L
AABD4F,N791SC,AS21,SCHLEICHER ASK-21,L1P,L
AABF4F,N7919,,,,
AACA4F,N79478,C172,CESSNA 172 Skyhawk,L1P,L
AAD04F,N796WM,T6,NORTH AMERICAN T-6 Texan,L1P,L
AADD4F,N8BL,C414,CESSNA 414 Chancellor,L2P,L
AADE4F,N8MS,PA23,PIPER PA-23,L2P,L
AADF4F,N8XY,RV8,VANS RV-8,L1P,L
AAE04F,N80JC,BE55,BEECH 55 Baron,L2P,L
AAE24F,N800EP,H25B,HAWKER BEECHCRAFT Hawker 750/850,L2J,M
AAE54F,N8008B,C172,CESSNA 172 Skyhawk,L1P,L
AAE84F,N80124,C185,CESSNA 185 Skywagon,L1P,L
AAED4F,N803DB,S22T,CIRRUS SR-22T Turbo,L1P,L
AAEF4F,N803ZP,PARA,,P0-,-
AAF04F,N8037,P28A,PIPER PA-28-140/150/160/180,L1P,L
AAF34F,N80412,BE35,BEECH 35 Starfire Bonanza,L1P,L
AAF74F,N80535,C172,CESSNA 172 Skyhawk,L1P,L
AAF94F,N806MW,DRON,,D0-,-
AAFB4F,N80658,GC1,GLOBE Swift,L1P,L
AAFE4F,N80700,C172,CESSNA 172 Skyhawk,L1P,L
AAFF4F,N8078A,C170,CESSNA 170,L1P,L
AB014F,N808TS,BE33,BEECH 33 Bonanza,L1P,L
AB084F,N81PG,J3,PIPER J-3 Cub,L1P,L
AB0A4F,N810KT,C150,CESSNA 150,L1P,L
AB124F,N812RP,LJ60,LEARJET 60,L2J,M
AB134F,N8121K,P28A,PIPER PA-28-140/150/160/180,L1P,L
AB144F,N8128W,P28A,PIPER PA-28-140/150/160/180,L1P,L
AB1B4F,N8145R,BE95,BEECH 95 Travel Air,L2P,L
AB1F4F,N8157U,C172,CESSNA 172 Skyhawk,L1P,L
AB214F,N816T,EFOX,AEROPRO Eurofox,L1P,L
AB234F,N8169X,C172,CESSNA 172 Skyhawk,L1P,L
AB264F,N8174P,PA24,PIPER PA-24 Comanche,L1P,L
AB2A4F,N8186S,LS8,ROLLADEN-SCHNEIDER LS-8T,L1P,L
AB2D4F,N8191J,BALL,,B0-,-
AB2E4F,N8198V,P28A,PIPER PA-28-140/150/160/180,L1P,L
AB314F,N820ER,C172,CESSNA 172 Skyhawk,L1P,L
AB334F,N82003,CH7A,BELLANCA 7 Champion,L1P,L
AB354F,N821HP,C25A,CESSNA 525A Citation CJ2,L2J,L
AB394F,N822LM,C82R,CESSNA R182 Skylane RG,L1P,L
AB3F4F,N8237B,P28A,PIPER PA-28-140/150/160/180,L1P,L
AB404F,N824GB,HDJT,HONDA HondaJet,L2J,L
AB424F,N82414,CH7A,BELLANCA 7 Champion,L1P,L
AB434F,N8249E,BE18,BEECH 18 Expetitor,L2P,L
AB514F,N82825,CH7A,BELLANCA 7 Champion,L1P,L
AB524F,N829AE,E135,EMBRAER ERJ-135,L2J,M
AB564F,N83DC,BALL,,B0-,-
AB574F,N83PJ,LGEZ,RUTAN Long-EZ,L1P,L
AB614F,N832RR,,,,
AB624F,N8321M,P28A,PIPER PA-28-140/150/160/180,L1P,L
AB634F,N8328Y,PA30,PIPER PA-30 Twin Comanche,L2P,L
AB644F,N833JH,RS12,RANS S-12 Super Airaile,L1P,L
AB654F,N833UP,B350,BEECHCRAFT Super King Air 350,L2T,M
AB6D4F,N8350K,S108,STINSON 108 Voyager,L1P,L
AB704F,N836TB,C82S,CESSNA T182 Turbo Skylane,L1P,L
AB714F,N8362N,R44,ROBINSON R-44 Raven,H1P,L
AB724F,N8369Z,P28A,PIPER PA-28-140/150/160/180,L1P,L
AB7D4F,N8398X,C172,CESSNA 172 Skyhawk,L1P,L
AB7F4F,N84UN,RV8,VANS RV-8,L1P,L
AB884F,N842LP,C172,CESSNA 172 Skyhawk,L1P,L
AB8A4F,N8425A,BE35,BEECH 35 Starfire Bonanza,L1P,L
AB8E4F,N8437D,PA22,PIPER PA-22,L1P,L
AB954F,N84539,CH7A,BELLANCA 7 Champion,L1P,L
AB994F,N8466B,P28A,PIPER PA-28-140/150/160/180,L1P,L
AB9F4F,N848TW,PC12,PILATUS PC-12,L1T,L
ABA04F,N84827,C172,CESSNA 172 Skyhawk,L1P,L
ABA64F,N85PL,PRM1,RAYTHEON 390 Premier 1,L2J,L
ABA94F,N850WC,TBM7,SOCATA TBM-700A/B/C,L1T,L
ABAA4F,N8504U,C172,CESSNA 172 Skyhawk,L1P,L
ABAB4F,N851CP,C172,CESSNA 172 Skyhawk,L1P,L
ABB14F,N8521P,AT3T,AIR TRACTOR AT-302/402,L1T,L
ABB54F,N8533S,B738,BOEING 737-800,L2J,M
ABB74F,N854MH,EC30,AIRBUS HELICOPTERS EC-130,H1T,L
ABB94F,N8545V,B738,BOEING 737-800,L2J,M
ABBA4F,N855E,B47G,BELL 47G,H1P,L
ABBC4F,N8550M,BE35,BEECH 35 Starfire Bonanza,L1P,L
ABC14F,N85691,CH7A,BELLANCA 7 Champion,L1P,L
ABC74F,N858Z,R44,ROBINSON R-44 Raven,H1P,L
ABCD4F,N86JJ,RV4,VANS RV-4,L1P,L
ABD14F,N86007,AR11,AERONCA 11 Chief,L1P,L
ABD24F,N8608H,NAVI,NORTH AMERICAN Navion,L1P,L
ABD54F,N8613,,,,
ABE44F,N8654A,BE35,BEECH 35 Starfire Bonanza,L1P,L
ABEA4F,N867R,BE35,BEECH 35 Starfire Bonanza,L1P,L
ABF44F,N87DG,BE35,BEECH 35 Starfire Bonanza,L1P,L
ABFF4F,N872RV,RV9,VANS RV-9,L1P,L
AC084F,N8745X,C182,CESSNA 182 Skylane,L1P,L
AC0F4F,N8762S,DRON,,D0-,-
AC104F,N87693,BE18,BEECH 18 Expetitor,L2P,L
AC1F4F,N880RC,PA31,PIPER PA-31-300/310/325/350/425,L2P,L
AC214F,N8808K,S108,STINSON 108 Voyager,L1P,L
AC234F,N881UA,A319,AIRBUS A-319,L2J,M
AC264F,N882LT,G280,GULFSTREAM G280,L2J,M
AC2C4F,N8837H,NAVI,NORTH AMERICAN Navion,L1P,L
AC2E4F,N884SP,DRON,,D0-,-
AC2F4F,N8842,ZZZZ,,-0-,-
AC334F,N8854C,PA18,PIPER PA-18 Super Cub,L1P,L
AC374F,N8866F,H269,HUGHES Sky Knight,H1P,L
AC394F,N887RB,C25B,CESSNA 525B Citation CJ3,L2J,L
AC3C4F,N888HU,HUSK,CHRISTEN Husky,L1P,L
AC3D4F,N888U,,,,
AC3E4F,N8883A,BE35,BEECH 35 Starfire Bonanza,L1P,L
AC404F,N889LS,B737,BOEING 737-700,L2J,M
AC424F,N8895D,PA18,PIPER PA-18 Super Cub,L1P,L
AC434F,N89DJ,CH70,ZENAIR CH-701 Stol,L1P,L
AC454F,N89ZW,PA18,PIPER PA-18 Super Cub,L1P,L
AC4F4F,N8921T,C182,CESSNA 182 Skylane,L1P,L
AC504F,N89284,C140,CESSNA 140,L1P,L
AC534F,N8933W,P28B,PIPER PA-28-201T/235/236,L1P,L
AC5B4F,N89572,C140,CESSNA 140,L1P,L
AC5F4F,N89695,C140,CESSNA 140,L1P,L
AC624F,N8974X,C182,CESSNA 182 Skylane,L1P,L
AC664F,N89860,C140,CESSNA 140,L1P,L
AC684F,N899RW,BE35,BEECH 35 Starfire Bonanza,L1P,L
AC6F4F,N900BK,F900,DASSAULT Falcon 900,L3J,M
AC724F,N90053,C140,CESSNA 140,L1P,L
AC784F,N902TM,TBM7,SOCATA TBM-700A/B/C,L1T,L
AC794F,N9022Y,,,,
AC7D4F,N90341,GC1,GLOBE Swift,L1P,L
AC7E4F,N904CW,AT8T,AIR TRACTOR AT-802,L1T,M
AC7F4F,N904PB,BE9L,BEECH 90 King Air,L2T,L
AC834F,N905S,TL20,TL ULTRALIGHT TL-2000 Sting,L1P,L
AC844F,N9051W,P28B,PIPER PA-28-201T/235/236,L1P,L
AC864F,N906JS,DHC2,DE HAVILLAND DHC-2 Beaver,L1P,L
AC8F4F,N9080U,PARA,,P0-,-
AC904F,N90875,AT6T,AIR TRACTOR AT-602,L1T,L
AC934F,N9092X,C182,CESSNA 182 Skylane,L1P,L
AC944F,N90998,CH7B,BELLANCA 7 Citabria,L1P,L
AC954F,N91LC,DA40,DIAMOND DA-40 Club Star,L1P,L
AC984F,N910SV,B06,BELL 206 JetRanger,H1T,L
AC9A4F,N9109S,BE36,BEECH 36 Bonanza,L1P,L
AC9B4F,N911KM,M20P,MOONEY M-20,L1P,L
AC9D4F,N9114J,P28A,PIPER PA-28-140/150/160/180,L1P,L
AC9E4F,N912CD,,,,
AC9F4F,N912NK,A20N,AIRBUS A-320neo,L2J,M
ACA24F,N913FB,B429,BELL 429 GlobalRanger,H2T,L
ACA34F,N913RH,MT,ROTORSPORT MTOSport,G1P,L
ACA44F,N9131D,PA18,PIPER PA-18 Super Cub,L1P,L
ACA54F,N9138Q,PA46,PIPER PA-46-310/350,L1P,L
ACA64F,N914J,RV14,VANS RV-14,L1P,L
ACA74F,N914UF,B407,BELL 407,H1T,L
ACA94F,N915AS,SR22,CIRRUS SR-22,L1P,L
ACAF4F,N9160B,C172,CESSNA 172 Skyhawk,L1P,L
ACB24F,N917SU,B06,BELL 206 JetRanger,H1T,L
ACB34F,N9172E,AR11,AERONCA 11 Chief,L1P,L
ACB64F,N918VS,BE9L,BEECH 90 King Air,L2T,L
ACB74F,N9184H,RELI,STINSON Reliant,L1P,L
ACB84F,N919CC,PA11,PIPER PA-11 Cub Special,L1P,L
ACBB4F,N9196L,CH7B,BELLANCA 7 Citabria,L1P,L
ACBD4F,N92RG,FOX,KITFOX,L1P,L
ACBE4F,N920BM,GA6C,GULFSTREAM G600,L2J,M
ACC14F,N92055,J3,PIPER J-3 Cub,L1P,L
ACC44F,N9210X,P32R,PIPER PA-32R-300/301/301T,L1P,L
ACC54F,N92178,J3,PIPER J-3 Cub,L1P,L
ACC74F,N922TP,PTMS,PITTS S-12 Super Stinker,L1P,L
ACCA4F,N923LF,A109,AGUSTA AW-109 Grand,H2T,L
ACCB4F,N923WM,B407,BELL 407,H1T,L
ACCC4F,N92343,J3,PIPER J-3 Cub,L1P,L
ACD04F,N92466,C182,CESSNA 182 Skylane,L1P,L
ACD74F,N92631,J3,PIPER J-3 Cub,L1P,L
ACD84F,N927BL,WAIX,SONEX Waiex,L1P,L
ACD94F,N927MS,S76,SIKORSKY S-76 Spirit,H2T,L
ACDB4F,N92754,PA12,PIPER PA-12 Super Cruiser,L1P,L
ACDC4F,N928EJ,ULAC,,L0-,-
ACDE4F,N9280W,P28B,PIPER PA-28-201T/235/236,L1P,L
ACDF4F,N92877,P32R,PIPER PA-32R-300/301/301T,L1P,L
ACE04F,N929HG,SR20,CIRRUS SR-20,L1P,L
ACE34F,N93,VALI,CONVAIR Valiant,L1P,L
ACE44F,N93LE,LJ35,LEARJET 35,L2J,M
ACE54F,N93WL,RV10,VANS RV-10,L1P,L
ACEC4F,N9314L,,,,
ACF14F,N933FD,B752,BOEING 757-200,L2J,M
ACF44F,N9338S,BE23,BEECH 23 Sundowner,L1P,L
ACF54F,N934JB,A321,AIRBUS A-321,L2J,M
ACF94F,N935M,H500,HUGHES 500,H1T,L
AD014F,N937SW,CRJ2,BOMBARDIER Regional Jet CRJ-200,L2J,M
AD024F,N9372G,C182,CESSNA 182 Skylane,L1P,L
AD034F,N9379T,C180,CESSNA  180 Skywagon,L1P,L
AD064F,N9384K,S108,STINSON 108 Voyager,L1P,L
AD0E4F,N940MV,TBM7,SOCATA TBM-700A/B/C,L1T,L
AD104F,N94057,ERCO,AIR PRODUCTS F-1 Aircoupe,L1P,L
AD114F,N941EM,AS50,AEROSPATIALE AS-350 Ecureuil,H1T,L
AD1B4F,N94345,C182,CESSNA 182 Skylane,L1P,L
AD264F,N94633,ERCO,AIR PRODUCTS F-1 Aircoupe,L1P,L
AD2A4F,N94756,,,,
AD314F,N94921,TAYB,TAYLORCRAFT BC/BF/BL,L1P,L
AD324F,N95AA,BE95,BEECH 95 Travel Air,L2P,L
AD374F,N9502K,S108,STINSON 108 Voyager,L1P,L
AD394F,N951KR,RV7,VANS RV-7,L1P,L
AD3C4F,N952CH,,,,
AD3F4F,N9526R,BE35,BEECH 35 Starfire Bonanza,L1P,L
AD404F,N953FF,C25C,CESSNA 525C Citation CJ4,L2J,M
AD434F,N9538U,AA1,AMERICAN AA-1,L1P,L
AD444F,N954JD,WACF,WACO F,L1P,L
AD464F,N9543L,AA5,AMERICAN AA-5 Tiger,L1P,L
AD484F,N955MB,GLF4,GULFSTREAM 4,L2J,M
AD4C4F,N956Q,BE35,BEECH 35 Starfire Bonanza,L1P,L
AD524F,N9579V,C72R,CESSNA 172R Cutlass RG,L1P,L
AD554F,N9584M,M20P,MOONEY M-20,L1P,L
AD574F,N959NN,B738,BOEING 737-800,L2J,M
AD5A4F,N96FE,F900,DASSAULT Falcon 900,L3J,M
AD674F,N963AD,C56X,CESSNA 560XL Citation XLS,L2J,M
AD714F,N96512,TAYB,TAYLORCRAFT BC/BF/BL,L1P,L
AD7D4F,N9688A,C140,CESSNA 140,L1P,L
AD804F,N96923,C182,CESSNA 182 Skylane,L1P,L
AD824F,N97LJ,LJ60,LEARJET 60,L2J,M
AD844F,N970GV,P06T,TECNAM P-2006T,L2P,L
AD864F,N9702M,M20P,MOONEY M-20,L1P,L
AD874F,N9709Y,BE35,BEECH 35 Starfire Bonanza,L1P,L
AD8E4F,N9726T,C172,CESSNA 172 Skyhawk,L1P,L
AD914F,N9731K,PA34,PIPER PA-34 Seneca,L2P,L
AD924F,N9738W,P28A,PIPER PA-28-140/150/160/180,L1P,L
AD954F,N9743N,VALI,CONVAIR Valiant,L1P,L
AD974F,N975MD,C56X,CESSNA 560XL Citation XLS,L2J,M
AD994F,N9755R,BE35,BEECH 35 Starfire Bonanza,L1P,L
AD9D4F,N9767U,AA5,AMERICAN AA-5 Tiger,L1P,L
AD9F4F,N977T,BE50,BEECH 50 Excalibur,L2P,L
ADAE4F,N9806A,RV6,VANS RV-6,L1P,L
ADAF4F,N981ER,,,,
ADB14F,N98103,P28A,PIPER PA-28-140/150/160/180,L1P,L
ADB24F,N9818D,RV8,VANS RV-8,L1P,L
ADB34F,N982HP,AS50,AEROSPATIALE AS-350 Ecureuil,H1T,L
ADB94F,N98349,J3,PIPER J-3 Cub,L1P,L
ADBD4F,N9847B,B14A,BELLANCA 14,L1P,L
ADBF4F,N985SH,R22,ROBINSON R-22 Mariner,H1P,L
ADC44F,N98637,C172,CESSNA 172 Skyhawk,L1P,L
ADCB4F,N98802,J3,PIPER J-3 Cub,L1P,L
ADCC4F,N9888C,C82R,CESSNA R182 Skylane RG,L1P,L
ADD24F,N99WS,UHEL,,H0-,-
ADD44F,N990TC,C550,CESSNA 550 Citation S2,L2J,L
ADD64F,N99090,UH12,HILLER UH-12,H1P,L
ADD94F,N9914S,P28A,PIPER PA-28-140/150/160/180,L1P,L
ADDA4F,N992CM,GLST,GLASAIR SH-4 GlaStar,L1P,L
ADDD4F,N9926V,C180,CESSNA  180 Skywagon,L1P,L
ADE14F,N9938Y,CH7B,BELLANCA 7 Citabria,L1P,L
ADE44F,N9943Q,C172,CESSNA 172 Skyhawk,L1P,L
ADE54F,N995B,H60,SIKORSKY UH-60 Black Hawk,H2T,M
ADE84F,N9955T,C182,CESSNA 182 Skylane,L1P,L
ADED4F,N997GW,C82T,CESSNA TR182 Turbo Skylane RG,L1P,L
ADEF4F,N9972N,C180,CESSNA  180 Skywagon,L1P,L
ADF24F,N998W,RV8,VANS RV-8,L1P,L
ADF44F,N999CL,P28A,PIPER PA-28-140/150/160/180,L1P,L
ADF54F,N999NS,EA50,ECLIPSE 550,L2J,L
ADF64F,N999YY,GLF6,GULFSTREAM G650,L2J,M
ADF74F,N9996U,AA5,AMERICAN AA-5 Tiger,L1P,L
ADFF4F,66-8403,T38,NORTHROP T-38 Talon,L2J,L
AE004F,65-10322,T38,NORTHROP T-38 Talon,L2J,L
AE014F,63-8036,K35R,BOEING KC-135R/T Stratotanker,L4J,H
AE024F,97-1352,C30J,LOCKHEED MARTIN C-130J Super Hercules,L4T,M
AE044F,162152,C2,GRUMMAN C-2 Greyhound,L2T,M
AE074F,163843,BE20,BEECH 200 Super King Air,L2T,M
AE094F,80-1066,U2,LOCKHEED U-2,L1J,M
AE0C4F,89-26160,H60,SIKORSKY UH-60 Black Hawk,H2T,M
AE0D4F,81-23624,H60,SIKORSKY UH-60 Black Hawk,H2T,M
AE0E4F,96-26688,H60,SIKORSKY UH-60 Black Hawk,H2T,M
AE114F,165989,TEX2,BEECHCRAFT T-6 Texan 2,L1T,L
AE144F,05-5145,C17,BOEING C-17 Globemaster 3,L4J,H
AE174F,06-3861,TEX2,BEECHCRAFT T-6 Texan 2,L1T,L
AE194F,79-0210,A10,FAIRCHILD A-10 Thunderbolt II,L2J,M
AE1D4F,161337,P3,LOCKHEED P-3 Orion,L4T,M
AE1E4F,07-3879,TEX2,BEECHCRAFT T-6 Texan 2,L1T,L
AE1F4F,08-72064,EC45,AIRBUS HELICOPTERS EC-145,H2T,L
AE204F,14-72320,EC45,AIRBUS HELICOPTERS EC-145,H2T,L
AE264F,73-1215,BE20,BEECH 200 Super King Air,L2T,M
AE524F,07-08736,H47,BOEING-VERTOL CH-47 Chinook,H2T,M
AE564F,12-20438,H60,SIKORSKY UH-60 Black Hawk,H2T,M
AE574F,15-46009,B762,BOEING 767-200,L2J,H
AE5A4F,14-72355,EC45,AIRBUS HELICOPTERS EC-145,H2T,L
AE5D4F,16-20838,H60,SIKORSKY UH-60 Black Hawk,H2T,M
AE5F4F,169566,P8,BOEING P-8 Poseidon,L2J,M
AE634F,20-72471,EC45,AIRBUS HELICOPTERS EC-145,H2T,L
AE6A4F,19-03262,H64,MCDONNELL DOUGLAS AH-64 Apache,H2T,M
C0004F,C-FADA,PA11,PIPER PA-11 Cub Special,L1P,L
C0014F,C-FAMW,C182,CESSNA 182 Skylane,L1P,L
C0024F,C-FAWS,J4,PIPER J-4 Cub Coupe,L1P,L
C0034F,C-FBGO,R66,ROBINSON R-66,H1T,L
C0044F,C-FBQK,C172,CESSNA 172 Skyhawk,L1P,L
C0054F,C-FCAG,C560,CESSNA 560 Citation Ultra,L2J,M
C0084F,C-FDDU,,,,
C00A4F,C-FDXM,RV8,VANS RV-8,L1P,L
C00B4F,C-FEHI,ULAC,,L0-,-
C00C4F,C-FERE,PA34,PIPER PA-34 Seneca,L2P,L
C00D4F,C-FFBA,,,,
C00E4F,C-FFKW,C150,CESSNA 150,L1P,L
C00F4F,C-FFUS,PA11,PIPER PA-11 Cub Special,L1P,L
C0104F,C-FGEO,B789,BOEING 787-9 Dreamliner,L2J,H
C0114F,C-FGOK,R22,ROBINSON R-22 Mariner,H1P,L
C0124F,C-FGYG,PA18,PIPER PA-18 Super Cub,L1P,L
C0134F,C-FHIC,ERCO,AIR PRODUCTS F-1 Aircoupe,L1P,L
C0144F,C-FHRY,RV8,VANS RV-8,L1P,L
C0154F,C-FIBU,S108,STINSON 108 Voyager,L1P,L
C0164F,C-FILQ,C150,CESSNA 150,L1P,L
C0174F,C-FIVM,B77W,BOEING 777-300ER,L2J,H
C0184F,C-FJFI,PA22,PIPER PA-22,L1P,L
C0194F,C-FJPE,B47G,BELL 47G,H1P,L
C01A4F,C-FJZA,C140,CESSNA 140,L1P,L
C01B4F,C-FKIW,B737,BOEING 737-700,L2J,M
C01C4F,C-FKSS,,,,
C01D4F,C-FLCO,C180,CESSNA  180 Skywagon,L1P,L
C01E4F,C-FLMK,GLEX,BOMBARDIER BD-700 Global 6000/6500,L2J,M
C01F4F,C-FLWG,CH7A,BELLANCA 7 Champion,L1P,L
C0204F,C-FMGC,BE20,BEECH 200 Super King Air,L2T,M
C0214F,C-FMPY,DHC3,DE HAVILLAND DHC-3 Otter,L1P,L
C0244F,C-FNTM,B06,BELL 206 JetRanger,H1T,L
C0254F,C-FODI,AS50,AEROSPATIALE AS-350 Ecureuil,H1T,L
C0264F,C-FONE,LNC2,LANCAIR 200-320,L1P,L
C0274F,C-FOXA,B06,BELL 206 JetRanger,H1T,L
C0284F,C-FPGW,MIMU,BUSHBY Midget Mustang,L1P,L
C02B4F,C-FQKK,M20P,MOONEY M-20,L1P,L
C02D4F,C-FREC,C150,CESSNA 150,L1P,L
C02E4F,C-FRNY,CH7A,BELLANCA 7 Champion,L1P,L
C0304F,C-FSHQ,,,,
C0314F,C-FSRM,,,,
C0324F,C-FTBI,SC7,SHORT Skyvan,L2T,L
C0334F,C-FTLE,,,,
C0344F,C-FTVA,L8,LUSCOMBE 8,L1P,L
C0354F,C-FUEW,C172,CESSNA 172 Skyhawk,L1P,L
C0374F,C-FUYO,AR11,AERONCA 11 Chief,L1P,L
C0384F,C-FVIK,DHC6,DE HAVILLAND DHC-6 Twin Otter,L2T,L
C0394F,C-FVSG,C152,CESSNA 152,L1P,L
C03A4F,C-FWCC,GLEX,BOMBARDIER BD-700 Global 6000/6500,L2J,M
C03B4F,C-FWLY,C170,CESSNA 170,L1P,L
C03E4F,C-FXPM,AS50,AEROSPATIALE AS-350 Ecureuil,H1T,L
C03F4F,C-FXZI,,,,
C0404F,C-FYJE,A319,AIRBUS A-319,L2J,M
C0414F,C-FYTA,PA34,PIPER PA-34 Seneca,L2P,L
C0424F,C-FZCW,GLID,,L0-,-
C0434F,C-FZMS,,,,
C0444F,C-FZWO,GLID,,L0-,-
C0464F,C-GAQG,C172,CESSNA 172 Skyhawk,L1P,L
C0474F,C-GBAC,,,,
C0484F,C-GBJY,GLID,,L0-,-
C04A4F,C-GCDQ,CH7B,BELLANCA 7 Citabria,L1P,L
C04B4F,C-GCNM,PA12,PIPER PA-12 Super Cruiser,L1P,L
C04C4F,C-GCXI,GLID,,L0-,-
C04F4F,C-GEAW,FOX,KITFOX,L1P,L
C0504F,C-GEKS,,,,
C0514F,C-GEUO,,,,
C0524F,C-GFEK,BALL,,B0-,-
C0534F,C-GFOG,C152,CESSNA 152,L1P,L
C0544F,C-GFYC,C182,CESSNA 182 Skylane,L1P,L
C0564F,C-GGRU,C206,CESSNA  206 Stationair,L1P,L
C0574F,C-GHBQ,CH20,ZENAIR CH-200 Zenith,L1P,L
C0584F,C-GHLM,A333,AIRBUS A-330-300,L2J,H
C05B4F,C-GIPA,C172,CESSNA 172 Skyhawk,L1P,L
C05D4F,C-GJIS,RS12,RANS S-12 Super Airaile,L1P,L
C05E4F,C-GJSO,DV20,DIAMOND DA-20,L1P,L
C0614F,C-GKWC,C310,CESSNA 310,L2P,L
C0654F,C-GMJM,ULAC,,L0-,-
C0664F,C-GMTI,C25A,CESSNA 525A Citation CJ2,L2J,L
C0694F,C-GNWW,P28A,PIPER PA-28-140/150/160/180,L1P,L
C06B4F,C-GOQO,,,,
C06C4F,C-GPAK,PA31,PIPER PA-31-300/310/325/350/425,L2P,L
C06D4F,C-GPKG,P28R,PIPER PA-28R-180/200/201,L1P,L
C06E4F,C-GPUC,TBM8,SOCATA TBM-850,L1T,L
C0714F,C-GQXQ,P28A,PIPER PA-28-140/150/160/180,L1P,L
C0724F,C-GRHM,R44,ROBINSON R-44 Raven,H1P,L
C0744F,C-GSBE,C172,CESSNA 172 Skyhawk,L1P,L
C0754F,C-GSLA,T28,NORTH AMERICAN T-28,L1P,L
C0774F,C-GTES,S22T,CIRRUS SR-22T Turbo,L1P,L
C0784F,C-GTOO,SA30,STOLP Starduster Too,L1P,L
C0794F,C-GTYK,BALL,,B0-,-
C07A4F,C-GUIG,R44,ROBINSON R-44 Raven,H1P,L
C07B4F,C-GUSC,JS32,BRITISH AEROSPACE Jetstream Super 31,L2T,M
C07C4F,C-GVBY,R66,ROBINSON R-66,H1T,L
C07D4F,C-GVLU,B38M,BOEING 737 MAX 8,L2J,M
C07E4F,C-GVVQ,CL60,BOMBARDIER CL-600 Challenger,L2J,M
C07F4F,C-GWFM,F900,DASSAULT Falcon 900,L3J,M
C0804F,C-GWPI,M20T,MOONEY M-20T,L1P,L
C0814F,C-GWZE,RV7,VANS RV-7,L1P,L
C0824F,C-GXJA,CRJ2,BOMBARDIER Regional Jet CRJ-200,L2J,M
C0834F,C-GXSW,AA5,AMERICAN AA-5 Tiger,L1P,L
C0844F,C-GYCS,DA40,DIAMOND DA-40 Club Star,L1P,L
C0854F,C-GYMO,BALL,,B0-,-
C0874F,C-GZGG,H269,HUGHES Sky Knight,H1P,L
C0894F,C-GZZY,,,,
C08A4F,C-IAJU,PARA,,P0-,-
C08B4F,C-IATQ,ULAC,,L0-,-
C08D4F,C-IBNI,,,,
C08E4F,C-IBXE,ULAC,,L0-,-
C08F4F,C-ICHA,ZZZZ,,-0-,-
C0914F,C-IDAS,,,,
C0924F,C-IDKO,ULAC,,L0-,-
C0934F,C-IDUK,TNDR,DREAM Tundra,L1P,L
C0944F,C-IEEG,,,,
C0954F,C-IEOC,,,,
C0964F,C-IEXY,ULAC,,L0-,-
C0984F,C-IFRQ,PARA,,P0-,-
C0994F,C-IGBM,ULAC,,L0-,-
C09A4F,C-IGLI,ULAC,,L0-,-
C09B4F,C-IGVE,KTOO,AMAX Karatoo,L1P,L
C09D4F,C-IHOW,,,,
C09E4F,C-IHYS,HORZ,FISHER Horizon,L1P,L
C09F4F,C-IIIO,ULAC,,L0-,-
C0A04F,C-IISK,ULAC,,L0-,-
C0A14F,C-IJCG,TRDO,TITAN Tornado SS,L1P,L
C0A24F,C-IJMC,PARA,,P0-,-
C0A34F,C-IJVY,PARA,,P0-,-
C0A44F,C-IKFU,ULAC,,L0-,-
C0A54F,C-IKPQ,PARA,,P0-,-
C0A64F,C-IKZM,ULAC,,L0-,-
C0A84F,C-ILTE,,,,
C0A94F,C-IMDA,PIVI,PIPSTREL Virus,L1P,L
C0B84F,C-IRUS,,,,
C0BB4F,C-ISYG,PIAT,PIPISTREL Alpha Trainer,L1P,L
C0BD4F,C-ITRY,PARA,,P0-,-
C1E44F,SERV,SERV,,V0-,-
C1E54F,SERV,SERV,,V0-,-
C2AF4F,130332,C130,LOCKHEED C-130 Hercules,L4T,M
C2B44F,148809,S92,SIKORSKY S-92 Helibus,H2T,M
C8004F,ZK-AJP,DH82,DE HAVILLAND DH-82 Tiger Moth,L1P,L
C8014F,ZK-BYG,C172,CESSNA 172 Skyhawk,L1P,L
C8024F,ZK-CXU,TOUR,MILLICER Airtourer,L1P,L
C8034F,ZK-DPF,C185,CESSNA 185 Skywagon,L1P,L
C8084F,ZK-GJT,GLID,,L0-,-
C80F4F,ZK-TIG,ULAC,,L0-,-
C8114F,ZK-ZSP,P68,PARTENAVIA P-68 Observer,L2P,L
C8124F,ZK-JSB,C182,CESSNA 182 Skylane,L1P,L
C8154F,ZK-ZBD,BD5,BEDE BD-5B/D/G,L1P,L
C81A4F,ZK-DPP,PPRO,HUNTING P-56 Provost,L1P,L
C81E4F,ZK-FMN,SR22,CIRRUS SR-22,L1P,L
C8224F,ZK-RTZ,ULAC,,L0-,-
C8234F,ZK-NZJ,B789,BOEING 787-9 Dreamliner,L2J,H
C8274F,ZK-NNB,A21N,AIRBUS A-321neo,L2J,M
C8294F,ZK-KOA,PNR3,ALPI Pioneer 330,L1P,L
E0224F,LQ-BIO,AS50,AEROSPATIALE AS-350 Ecureuil,H1T,L
E0234F,LV-BMO,BE20,BEECH 200 Super King Air,L2T,M
E0304F,LV-CAO,EC45,AIRBUS HELICOPTERS EC-145,H2T,L
E0324F,LV-CIO,LJ60,LEARJET 60,L2J,M
E0334F,LV-CMO,LJ35,LEARJET 35,L2J,M
E0644F,LV-FQO,EN48,ENSTROM TH-28,H1T,L
E0654F,LV-FUO,R44,ROBINSON R-44 Raven,H1P,L
E0744F,LV-GQO,R44,ROBINSON R-44 Raven,H1P,L
E0754F,LV-GUO,R44,ROBINSON R-44 Raven,H1P,L
E0844F,LV-HQO,SIRA,TECNAM P-2002 Sierra,L1P,L
E0A44F,LV-JQO,R66,ROBINSON R-66,H1T,L
E0A54F,LV-JUO,C501,CESSNA 501 Citation 1SP,L2J,L
E0B04F,LV-KAO,A332,AIRBUS A-330-200,L2J,H
E0B14F,LV-KEO,C501,CESSNA 501 Citation 1SP,L2J,L
E0E24F,LV-NIO,J3,PIPER J-3 Cub,L1P,L
E1724F,LV-WIO,BE20,BEECH 200 Super King Air,L2T,M
E2004F,E-556,SIRA,TECNAM P-2002 Sierra,L1P,L
E47D4F,PT-WJS,BE40,BEECH 400 Beechjet,L2J,M
E47F4F,PR-GTC,B738,BOEING 737-800,L2J,M
E4834F,PR-SDA,BE9L,BEECH 90 King Air,L2T,L
E4894F,PR-MYM,A319,AIRBUS A-319,L2J,M
E48B4F,PR-TKK,AT76,ATR-72-600,L2T,M
E4904F,PR-AQQ,AT76,ATR-72-600,L2T,M
E4944F,PR-XBB,A20N,AIRBUS A-320neo,L2J,M
E4954F,PR-NMB,PA34,PIPER PA-34 Seneca,L2P,L
E4964F,PS-GAR,BE9L,BEECH 90 King Air,L2T,L
E4974F,PS-ANV,B505,BELL 505 JetRanger X,H1T,L
E8024F,CC-COX,A319,AIRBUS A-319,L2J,M
E8044F,CC-BGI,B789,BOEING 787-9 Dreamliner,L2J,H
E8084F,CC-PZV,BE58,BEECH 58 Baron,L2P,L
E8804F,ZP-BMB,BE36,BEECH 36 Bonanza,L1P,L
E8C04F,OB-2037-P,B733,BOEING 737-300,L2J,M
E94C4F,CP-3151,B738,BOEING 737-800,L2J,M
