008351,ZS-BGA,CL60,BOMBARDIER CL-600 Challenger,L2J,M
008D51,ZS-FAM,BE20,BEECH 200 Super King Air,L2T,M
009751,ZS-IUY,C182,CESSNA 182 Skylane,L1P,L
00C451,ZS-ZWA,B738,BOEING 737-800,L2J,M
020151,CN-TOP,P46T,PIPER PA-46-500TP,L1T,L
038451,TU-TSQ,DH8D,DE HAVILLAND DHC-8-400 Dash 8,L2T,M
040051,ET-APA,DA40,DIAMOND DA-40 Club Star,L1P,L
040151,ET-AVI,B38M,BOEING 737 MAX 8,L2J,M
044051,GHF552,C295,CASA C-295 Persuader,L2T,M
05A051,8Q-TMP,DHC6,DE HAVILLAND DHC-6 Twin Otter,L2T,L
05E051,5T-CLC,B737,BOEING 737-700,L2J,M
064051,5N-FGT,B737,BOEING 737-700,L2J,M
064151,5N-SPL,H25B,HAWKER BEECHCRAFT Hawker 750/850,L2J,M
06A251,QA63,A139,AGUSTA AW-139,H2T,L
090051,D2-EXV,AS3B,AEROSPATIALE AS-332 Super Puma Mk2,H2T,M
09A051,C5-MIA,A343,AIRBUS A-340-300,L4J,H
0A0051,7T-VCM,DH8D,DE HAVILLAND DHC-8-400 Dash 8,L2T,M
0AC151,HK-4861,A320,AIRBUS A-320,L2J,M
0AC751,FAC2353,TEX2,BEECHCRAFT T-6 Texan 2,L1T,L
0B4151,607,C208,CESSNA 208 Caravan,L1T,L
0C2051,HP-1713CMP,B738,BOEING 737-800,L2J,M
0C2151,HP-1508PA,H500,HUGHES 500,H1T,L
0D0451,XA-CHD,F2TH,DASSAULT Falcon 2000,L2J,M
0D0C51,XB-AKY,PA31,PIPER PA-31-300/310/325/350/425,L2P,L
142D51,RA-11601,,,,
150651,RA-67153,CRJ2,BOMBARDIER Regional Jet CRJ-200,L2J,M
151D51,RA-73041,B735,BOEING 737-500,L2J,M
151E51,RA-73297,B738,BOEING 737-800,L2J,M
152051,RA-73809,A320,AIRBUS A-320,L2J,M
155C51,RA-89169,SU95,SUKHOI Superjet 100-95,L2J,M
300651,I-NHCO,F2TH,DASSAULT Falcon 2000,L2J,M
300751,I-KONA,A169,AGUSTA AW-169,H2T,L
300851,I-PELE,P28R,PIPER PA-28R-180/200/201,L1P,L
31D851,I-9283,SIRA,TECNAM P-2002 Sierra,L1P,L
31DE51,I-8939,EV97,EVEKTRO EV-97 EuroStar,L1P,L
31DF51,I-9158,SIRA,TECNAM P-2002 Sierra,L1P,L
320051,CSX82014,A169,AGUSTA AW-169,H2T,L
33FD51,CSX55169,EUFI,EUROFIGHTER 2000,L2J,M
33FF51,MM81447,B412,BELL 412,H2T,L
342551,EC-KAI,AT43,ATR-42-300,L2T,M
343151,EC-KIH,SR22,CIRRUS SR-22,L1P,L
343251,EC-DTS,P68,PARTENAVIA P-68 Observer,L2P,L
343551,EC-LFS,A346,AIRBUS A-340-600,L4J,H
344051,GND,GND,,V0-,-
344451,EC-LYC,AS50,AEROSPATIALE AS-350 Ecureuil,H1T,L
345051,EC-MEG,A320,AIRBUS A-320,L2J,M
345251,EC-MLT,B788,BOEING 787-8 Dreamliner,L2J,H
346051,EC-MXJ,A320,AIRBUS A-320,L2J,M
346151,EC-NAN,SIRA,TECNAM P-2002 Sierra,L1P,L
347151,EC-NMO,A319,AIRBUS A-319,L2J,M
384D51,F-BTKR,DR40,ROBIN DR-400,L1P,L
392051,F-GICR,BE36,BEECH 36 Bonanza,L1P,L
392251,F-GISR,C337,CESSNA 337 Super Skymaster,L2P,L
392451,F-GJCR,BE9L,BEECH 90 King Air,L2T,L
392651,F-GJSR,EC35,AIRBUS HELICOPTERS EC-135/635,H2T,L
392851,F-GKCR,P28T,PIPER PA-28RT-201,L1P,L
392D51,F-GLKR,DR40,ROBIN DR-400,L1P,L
392E51,F-GLSR,BT36,BEECH B36TC Bonanza,L1P,L
395151,F-GUKR,G120,GROB G-120,L1P,L
396151,F-GYKR,CP10,CAP AVIATION CAP-10,L1P,L
398051,F-HACR,C172,CESSNA 172 Skyhawk,L1P,L
398551,F-HBKR,EC20,AIRBUS HELICOPTERS EC-120,H1T,L
398851,F-HCCR,R44,ROBINSON R-44 Raven,H1P,L
398E51,F-HDSR,DA40,DIAMOND DA-40 Club Star,L1P,L
399251,F-HESR,E145,EMBRAER ERJ-145,L2J,M
39A451,F-HJCR,C172,CESSNA 172 Skyhawk,L1P,L
39AD51,F-HLKR,SD4,TOMARK Viper,L1P,L
39B851,F-HOCR,PIVI,PIPSTREL Virus,L1P,L
39C451,F-HRCR,G2CA,GUIMBAL G-2 Cabri,H1P,L
3B7B51,F-ZBQH,EC45,AIRBUS HELICOPTERS EC-145,H2T,L
3C0D51,D-AUBC,A320,AIRBUS A-320,L2J,M
3C1251,D-AVYI,A319,AIRBUS A-319,L2J,M
3C6451,D-AIBQ,A319,AIRBUS A-319,L2J,M
3C6751,D-AIZQ,A320,AIRBUS A-320,L2J,M
3CD051,D-CGER,C25B,CESSNA 525B Citation CJ3,L2J,L
3D0651,D-EAQJ,A210,AQUILA A-210,L1P,L
3D0A51,D-ECDT,P28S,PIPER PA-28R-201T,L1P,L
3D0B51,D-ECNP,C210,CESSNA 201 Centurion,L1P,L
3D0D51,D-EDHH,P28R,PIPER PA-28R-180/200/201,L1P,L
3D0E51,D-EDRD,RALL,SOCATA Rallye,L1P,L
3D0F51,D-EEAZ,P149,PIAGGIO P-149,L1P,L
3D1351,D-EFOJ,DR40,ROBIN DR-400,L1P,L
3D1451,D-EFYF,P28T,PIPER PA-28RT-201,L1P,L
3D1651,D-EGRX,TOBA,SOCATA Tobago,L1P,L
3D1751,D-EHBT,EUPA,Europa,L1P,L
3D1A51,D-EIFH,PA38,PIPER PA-38 Tomahawk,L1P,L
3D1E51,D-EJSR,DR40,ROBIN DR-400,L1P,L
3D2051,D-EKMJ,Z43,ZLIN Z-43/143,L1P,L
3D2151,D-EKWF,P28A,PIPER PA-28-140/150/160/180,L1P,L
3D2351,D-ELPX,P28A,PIPER PA-28-140/150/160/180,L1P,L
3D2551,D-EMJP,PA18,PIPER PA-18 Super Cub,L1P,L
3D2C51,D-EPAN,C172,CESSNA 172 Skyhawk,L1P,L
3D3351,D-ERRL,A210,AQUILA A-210,L1P,L
3D3451,D-ESBH,ME08,MESSERSCHMITT Bf-108 Taifun,L1P,L
3D3551,D-ESLD,P28U,PIPER PA-28RT-201T Turbo,L1P,L
3D3851,D-ETOR,BE33,BEECH 33 Bonanza,L1P,L
3D3C51,D-EVCB,DV20,DIAMOND DA-20,L1P,L
3D3D51,D-EVLX,C172,CESSNA 172 Skyhawk,L1P,L
3D3E51,D-EVVT,R90R,RUSCHMEYER R-90-230RG,L1P,L
3D4051,D-EWPL,TB21,SOCATA TB-21 Trinidad TC,L1P,L
3D4251,D-EXJD,ACR2,ACRO SPORT 2,L1P,L
3D9A51,D-GERP,P68,PARTENAVIA P-68 Observer,L2P,L
3DDC51,D-HDRL,EC35,AIRBUS HELICOPTERS EC-135/635,H2T,L
3E5C51,D-KADT,GLID,,L0-,-
3E5E51,D-KAXL,AS25,SCHLEICHER ASH-25,L1P,L
3E5F51,D-KBHH,GLID,,L0-,-
3E6051,D-KBRD,DISC,SCHEMPP-HIRTH Discus,L1P,L
3E6151,D-KCAZ,GLID,,L0-,-
3E6C51,D-KGFH,G109,GROB G-109,L1P,L
3E7051,D-KHSR,DG60,DG FLUGZEUGBAU DG-600M,L1P,L
3E7851,D-KKTL,VENT,SCHEMPP-HIRTH Ventus,L1P,L
3E7951,D-KLDH,GLID,,L0-,-
3E7F51,D-KNKJ,GLID,,L0-,-
3EC251,D-KONX,GLID,,L0-,-
3EC951,D-KREV,GLID,,L0-,-
3ECF51,D-KTLX,DUOD,SCHEMPP-HIRTH Duo Discus,L1P,L
3ED151,D-KUFP,DIMO,DIAMOND H-36 Dimona,L1P,L
3ED751,D-KWMR,GLID,,L0-,-
3EDB51,D-KYAB,GLID,,L0-,-
3EE251,D-0442,GLID,,L0-,-
3EEC51,D-3002,GLID,,L0-,-
3EEF51,D-3770,DISC,SCHEMPP-HIRTH Discus,L1P,L
3EF151,D-4282,GLID,,L0-,-
3EF551,D-5306,DISC,SCHEMPP-HIRTH Discus,L1P,L
3EF951,D-6330,GLID,,L0-,-
3EFC51,D-7098,GLID,,L0-,-
3F0351,D-8890,DISC,SCHEMPP-HIRTH Discus,L1P,L
3FD651,D-OSPD,BALL,,B0-,-
3FEA51,D-MTKK,WT9,AEROSPOOL WT-9 Dynamic,L1P,L
3FEB51,D-MAOG,ECHO,TECNAM P-92 Echo,L1P,L
3FEC51,D-MOMF,DAL4,DALLACH D-4 Fascination,L1P,L
3FED51,D-MOMU,FK9,B&F TECHNIK FK-9,L1P,L
3FEE51,D-MSWH,FK12,B&F TECHNIK FK-12 Comet,L1P,L
3FEF51,D-MCSL,ULAC,,L0-,-
3FF151,D-MBFI,FDCT,FLIGHT DESIGN CT,L1P,L
3FF251,D-MPHT,C42,IKARUS C-42 Bison,L1P,L
3FF451,D-MVLI,VL3,AVEKO Flamingo,L1P,L
3FF651,D-MYPT,FM25,FLYING MACHINES FM-250 Vampire,L1P,L
3FF851,D-MMEH,WT9,AEROSPOOL WT-9 Dynamic,L1P,L
3FF951,D-MYIG,ULAC,,L0-,-
400551,G-CIVB,B744,BOEING 747-400,L4J,H
400C51,G-AVNU,P28A,PIPER PA-28-140/150/160/180,L1P,L
400E51,G-MEDM,A321,AIRBUS A-321,L2J,M
400F51,G-NESE,SIRA,TECNAM P-2002 Sierra,L1P,L
401051,G-ROCH,C303,CESSNA T303 Crusader,L2P,L
401151,G-ETPJ,A109,AGUSTA AW-109 Grand,H2T,L
401551,G-ARKP,PA22,PIPER PA-22,L1P,L
401751,G-AVXD,NIPR,AVIONS FAIREY Nipper,L1P,L
401A51,G-ABEV,DH60,DE HAVILLAND DH-60 Moth,L1P,L
401B51,G-BCEP,AA5,AMERICAN AA-5 Tiger,L1P,L
401D51,G-BFXS,AC11,NORTH AMERICAN ROCKWELL Commander 112/114,L1P,L
401E51,G-BHJF,TOBA,SOCATA Tobago,L1P,L
401F51,G-BIVF,CP30,PIEL Emeraude,L1P,L
402051,G-BKKN,C182,CESSNA 182 Skylane,L1P,L
402151,G-NWFT,C172,CESSNA 172 Skyhawk,L1P,L
402551,G-MNCV,ULAC,,L0-,-
402651,G-BMIW,P28A,PIPER PA-28-140/150/160/180,L1P,L
402951,G-JHEW,R22,ROBINSON R-22 Mariner,H1P,L
403051,G-MWCG,ULAC,,L0-,-
403351,G-BTBA,R22,ROBINSON R-22 Mariner,H1P,L
403551,G-MWYD,ULAC,,L0-,-
403751,G-BUYY,P28A,PIPER PA-28-140/150/160/180,L1P,L
403851,G-SPUT,YK52,YAKOVLEV Yak-52,L1P,L
403951,G-BVOW,EUPA,Europa,L1P,L
403C51,G-CLAY,B06,BELL 206 JetRanger,H1T,L
403D51,G-ONTV,B06,BELL 206 JetRanger,H1T,L
403F51,G-BXTD,EUPA,Europa,L1P,L
404151,G-BYHT,DR40,ROBIN DR-400,L1P,L
404251,G-BYTL,ULAC,,L0-,-
404551,G-BZWJ,ULAC,,L0-,-
404A51,G-CCOC,ULAC,,L0-,-
404D51,G-EEWZ,ULAC,,L0-,-
404E51,G-CDMV,SKRA,BEST OFF Sky Ranger,L1P,L
404F51,G-CDUL,SKRA,BEST OFF Sky Ranger,L1P,L
405051,G-HAMR,P28A,PIPER PA-28-140/150/160/180,L1P,L
405151,G-CEMT,ULAC,,L0-,-
405651,G-CFVW,VENT,SCHEMPP-HIRTH Ventus,L1P,L
405751,G-EEBR,GLID,,L0-,-
405851,G-CHDX,GLID,,L0-,-
405C51,G-TIPR,AS50,AEROSPATIALE AS-350 Ecureuil,H1T,L
406151,G-CGDW,CRUZ,CSA PS-28 Cruiser,L1P,L
406251,G-CGLF,MM16,MAGNI M-16 Tandem Trainer,G1P,L
406751,G-DGPS,DA42,DIAMOND DA-42 Guardian,L2P,L
406951,G-STIR,BALL,,B0-,-
406A51,G-UFCN,C152,CESSNA 152,L1P,L
406B51,G-HTEC,BALL,,B0-,-
406C51,G-CIIB,PARA,,P0-,-
406D51,G-DHHD,GLID,,L0-,-
406E51,G-ZOOB,P208,TECNAM P-2008,L1P,L
406F51,G-CIUH,C152,CESSNA 152,L1P,L
407051,G-RVLZ,C310,CESSNA 310,L2P,L
407151,G-USHA,LJ75,LEARJET 75,L2J,M
407351,G-CKDM,CH75,ZENAIR CH-750 Cruzer,L1P,L
407551,G-CKVB,EC55,AIRBUS HELICOPTERS EC-155,H2T,L
407651,G-CTST,DA40,DIAMOND DA-40 Club Star,L1P,L
407851,G-SXII,ZZZZ,,-0-,-
407951,G-UASA,VFHC,,D0-,-
407B51,G-KARL,G2CA,GUIMBAL G-2 Cabri,H1P,L
407C51,G-CMDL,ULAC,,L0-,-
424251,VP-BQF,B738,BOEING 737-800,L2J,M
424651,VP-BDP,B738,BOEING 737-800,L2J,M
424B51,M-ABMC,AT75,ATR-72-500,L2T,M
425851,TWR,TWR,,T0-,-
43C151,ZA554,TOR,PANAVIA Tornado,L2J,M
43C251,ZJ189,H64,MCDONNELL DOUGLAS AH-64 Apache,H2T,M
43C451,XX317,HAWK,BRITISH AEROSPACE T-45 Goshawk,L1J,M
43C551,ZK014,HAWK,BRITISH AEROSPACE T-45 Goshawk,L1J,M
43EA51,M-ABCC,GLEX,BOMBARDIER BD-700 Global 6000/6500,L2J,M
43ED51,2-EMBR,E55P,EMBRAER EMB-505 Phenom 300,L2J,M
43EE51,2-GATE,B738,BOEING 737-800,L2J,M
440051,OE-IVD,A320,AIRBUS A-320,L2J,M
440351,OE-FKV,PA27,PIPER PA-23-250 Aztec,L2P,L
440451,OE-XPK,AS50,AEROSPATIALE AS-350 Ecureuil,H1T,L
440851,OE-XMI,H269,HUGHES Sky Knight,H1P,L
447D51,5M-IB,A169,AGUSTA AW-169,H2T,L
448851,OO-BBQ,BALL,,B0-,-
44A051,OO-HBQ,PA18,PIPER PA-18 Super Cub,L1P,L
452051,LZ-CGX,B734,BOEING 737-400,L2J,M
45F051,OY-9444,ZEPH,ATEC Zephyr,L1P,L
45FE51,TWR,TWR,,T0-,-
460651,OH-CKF,C152,CESSNA 152,L1P,L
460751,OH-CUB,J3,PIPER J-3 Cub,L1P,L
463051,OH-SHT,DA42,DIAMOND DA-42 Guardian,L2P,L
468151,337,SIRA,TECNAM P-2002 Sierra,L1P,L
468451,SX-ABQ,A321,AIRBUS A-321,L2J,M
46BC51,SX-OBQ,AT76,ATR-72-600,L2T,M
46D451,SX-UBQ,PIVI,PIPSTREL Virus,L1P,L
470351,HA-BGR,C172,CESSNA 172 Skyhawk,L1P,L
471651,HA-ILT,E300,EXTRA EA-300/330/350,L1P,L
471F51,HA-LWJ,A320,AIRBUS A-320,L2J,M
478551,LN-AWE,LJ45,LEARJET 45,L2J,M
478E51,LN-AZD,C172,CESSNA 172 Skyhawk,L1P,L
481051,N-324,NH90,NHI NH-90,H2T,M
484351,P4-AND,C750,CESSNA 750 Citation 10,L2J,M
484551,PH-1263,DIMO,DIAMOND H-36 Dimona,L1P,L
484751,PH-1112,GLID,,L0-,-
484C51,PH-EZM,E190,EMBRAER ERJ-190-100,L2J,M
484D51,PH-DWB,BALL,,B0-,-
484F51,PH-AIR,BALL,,B0-,-
485151,PH-TOX,ST75,STEARMAN Kaydet,L1P,L
485351,PH-1LL,ZZZZ,,-0-,-
485451,PH-1TX,ZZZZ,,-0-,-
485551,PH-2DD,ZZZZ,,-0-,-
485651,PH-2OQ,ZZZZ,,-0-,-
485D51,PH-OOS,BALL,,B0-,-
486251,PH-NLX,PIVE,PIPSTREL Velis Electro,L1E,L
488051,SP-ACS,DV20,DIAMOND DA-20,L1P,L
489051,SP-ECS,S22T,CIRRUS SR-22T Turbo,L1P,L
489451,SP-FCS,SIRA,TECNAM P-2002 Sierra,L1P,L
489A51,SP-GTS,R44,ROBINSON R-44 Raven,H1P,L
495151,CS-TJQ,A21N,AIRBUS A-321neo,L2J,M
49C151,OK-VUA14,TL30,TL ULTRALIGHT TL-3000 Sirius,L1P,L
49D051,OK-VFR,C172,CESSNA 172 Skyhawk,L1P,L
49D151,OK-MGI,DA42,DIAMOND DA-42 Guardian,L2P,L
49D251,OK-TRQ,Z50,ZLIN Z-50,L1P,L
49D351,OK-GTM,B06,BELL 206 JetRanger,H1T,L
49D451,OK-ACC,R66,ROBINSON R-66,H1T,L
4B0551,HB-CAJ,C140,CESSNA 140,L1P,L
4B0C51,HB-ERH,ERCO,AIR PRODUCTS F-1 Aircoupe,L1P,L
4B0D51,HB-FBD,PC6T,PILATUS PC-6 Turbo-Porter,L1T,L
4B0F51,HB-FUV,PC12,PILATUS PC-12,L1T,L
4B2551,HB-ODL,PA22,PIPER PA-22,L1P,L
4B2651,HB-ONH,J3,PIPER J-3 Cub,L1P,L
4B2751,HB-OXD,J3,PIPER J-3 Cub,L1P,L
4B2B51,HB-QKN,BALL,,B0-,-
4B2C51,HB-QUJ,BALL,,B0-,-
4B3951,HB-VSJ,PC24,PILATUS PC-24,L2J,M
4B4251,HB-ZCZ,AS50,AEROSPATIALE AS-350 Ecureuil,H1T,L
4B4451,HB-ZWR,B505,BELL 505 JetRanger X,H1T,L
4B4C51,HB-1962,GLID,,L0-,-
4B4E51,HB-2474,DG80,DG FLUGZEUGBAU DG-800,L1P,L
4C0C51,YU-DCR,C172,CESSNA 172 Skyhawk,L1P,L
4C0E51,YU-DSR,C172,CESSNA 172 Skyhawk,L1P,L
4CA251,EI-DCR,B738,BOEING 737-800,L2J,M
4CA351,EI-FHA,B738,BOEING 737-800,L2J,M
4CA851,EI-SLU,AT72,ATR-72-202,L2T,M
4CA951,EI-ERM,C42,IKARUS C-42 Bison,L1P,L
4CAA51,EI-EWC,BE76,BEECH 76 Duchess,L2P,L
4CAC51,EI-MAE,A333,AIRBUS A-330-300,L2J,H
4CAD51,EI-HDK,AT76,ATR-72-600,L2T,M
4D0351,LX-ATT,P28A,PIPER PA-28-140/150/160/180,L1P,L
4D2251,9H-QCK,B738,BOEING 737-800,L2J,M
4D2351,9H-AMK,A320,AIRBUS A-320,L2J,M
500251,T7-LBH,E55P,EMBRAER EMB-505 Phenom 300,L2J,M
502D51,YL-VIP,P06T,TECNAM P-2006T,L2P,L
504D51,ER-AXV,A320,AIRBUS A-320,L2J,M
505D51,OM-KLS,DV20,DIAMOND DA-20,L1P,L
505E51,OM-S243,NG5,BRM AERO NG-5/6 Bristell,L1P,L
507C51,UK-75703,B752,BOEING 757-200,L2J,M
508151,UR-CDK,MI8,MIL Mi-8/9/17/19/171/172,H2T,M
510051,EW-294PA,B735,BOEING 737-500,L2J,M
600851,4K-AZ81,B763,BOEING 767-300,L2J,H
706051,9K-APE,A332,AIRBUS A-330-200,L2J,H
710051,HZ-AQH,A333,AIRBUS A-330-300,L2J,H
710251,HZ-A10,AT45,ATR-42-500,L2T,M
71BD51,HL7551,A333,AIRBUS A-330-300,L2J,H
71BF51,HL7751,B772,BOEING 777-200,L2J,H
71C051,HL8051,B738,BOEING 737-800,L2J,M
71C251,HL8251,B77L,BOEING 777-200LR,L2J,H
71C351,HL8351,B38M,BOEING 737 MAX 8,L2J,M
71CE51,HL9651,S61,SIKORSKY S-61 Sea King,H2T,M
738051,4X-EHB,B739,BOEING 737-900,L2J,M
739451,4X-BDY,AS55,AEROSPATIALE AS-355 Ecureuil 2,H2T,L
748051,OD-MEE,A332,AIRBUS A-330-200,L2J,H
750051,9M-FYJ,AT75,ATR-72-500,L2T,M
750451,9M-AGI,A20N,AIRBUS A-320neo,L2J,M
758651,RP-C5276,B350,BEECHCRAFT Super King Air 350,L2T,M
761051,4177,C130,LOCKHEED C-130 Hercules,L4T,M
76CE51,9V-SRQ,B772,BOEING 777-200,L2J,H
76D251,9V-TRQ,A320,AIRBUS A-320,L2J,M
770451,4R-ABQ,A321,AIRBUS A-321,L2J,M
780051,B-5152,B738,BOEING 737-800,L2J,M
780251,B-6221,A319,AIRBUS A-319,L2J,M
780351,B-6236,A319,AIRBUS A-319,L2J,M
780551,B-6561,A320,AIRBUS A-320,L2J,M
780651,B-5516,B738,BOEING 737-800,L2J,M
780751,B-6781,A320,AIRBUS A-320,L2J,M
780851,B-6546,A332,AIRBUS A-330-200,L2J,H
780C51,B-1838,A321,AIRBUS A-321,L2J,M
780D51,B-1626,A321,AIRBUS A-321,L2J,M
780E51,B-8331,A320,AIRBUS A-320,L2J,M
780F51,B-8422,A320,AIRBUS A-320,L2J,M
781051,B-8445,A320,AIRBUS A-320,L2J,M
781151,B-8989,A320,AIRBUS A-320,L2J,M
781251,B-1005,A321,AIRBUS A-321,L2J,M
781551,B-303L,A21N,AIRBUS A-321neo,L2J,M
781651,B-603P,AJ27,COMAC ARJ-21-700 Xiangfeng,L2J,M
781851,B-30CU,A20N,AIRBUS A-320neo,L2J,M
781B51,B-721N,C172,CESSNA 172 Skyhawk,L1P,L
781C51,B-325U,A20N,AIRBUS A-320neo,L2J,M
781E51,B-32CF,A21N,AIRBUS A-321neo,L2J,M
789251,B-LDS,A332,AIRBUS A-330-200,L2J,H
79A051,B-6008,A320,AIRBUS A-320,L2J,M
7BB051,B-2981,B733,BOEING 737-300,L2J,M
7C0251,VH-AQR,C172,CESSNA 172 Skyhawk,L1P,L
7C0D51,VH-CWZ,C310,CESSNA 310,L2P,L
7C1451,VH-EAR,R44,ROBINSON R-44 Raven,H1P,L
7C1651,VH-EOZ,C172,CESSNA 172 Skyhawk,L1P,L
7C1B51,VH-FOJ,SR22,CIRRUS SR-22,L1P,L
7C1C51,VH-FVN,AT76,ATR-72-600,L2T,M
7C2451,VH-HGJ,RV7,VANS RV-7,L1P,L
7C2E51,VH-JFN,AS50,AEROSPATIALE AS-350 Ecureuil,H1T,L
7C2F51,VH-JMR,M20T,MOONEY M-20T,L1P,L
7C3051,VH-JTV,C310,CESSNA 310,L2P,L
7C3951,VH-LLV,PA30,PIPER PA-30 Twin Comanche,L2P,L
7C3A51,VH-LSZ,C337,CESSNA 337 Super Skymaster,L2P,L
7C3F51,VH-MSJ,C172,CESSNA 172 Skyhawk,L1P,L
7C4351,VH-NKZ,C172,CESSNA 172 Skyhawk,L1P,L
7C4751,VH-ODF,C72R,CESSNA 172R Cutlass RG,L1P,L
7C4951,VH-ORN,RV10,VANS RV-10,L1P,L
7C4C51,VH-PCZ,M20P,MOONEY M-20,L1P,L
7C4F51,VH-PYB,P28B,PIPER PA-28-201T/235/236,L1P,L
7C5351,VH-QQR,F28,FOKKER F-28,L2J,M
7C5B51,VH-SBN,PA31,PIPER PA-31-300/310/325/350/425,L2P,L
7C5D51,VH-SPV,C182,CESSNA 182 Skylane,L1P,L
7C6351,VH-TWJ,PA30,PIPER PA-30 Twin Comanche,L2P,L
7C6551,VH-UAR,C82R,CESSNA R182 Skylane RG,L1P,L
7C6651,VH-UHV,B06,BELL 206 JetRanger,H1T,L
7C6751,VH-UOZ,BALL,,B0-,-
7C6A51,VH-VAB,B412,BELL 412,H2T,L
7C6B51,VH-VHF,RV7,VANS RV-7,L1P,L
7C6D51,VH-VVN,R66,ROBINSON R-66,H1T,L
7C7651,VH-XNN,A320,AIRBUS A-320,L2J,M
7C7751,VH-XUR,B350,BEECHCRAFT Super King Air 350,L2T,M
7C7F51,VH-ZFN,A139,AGUSTA AW-139,H2T,L
7C8051,VH-ZMR,C210,CESSNA 201 Centurion,L1P,L
7CC451,23-8842,AP22,AEROPRACT A-22,L1P,L
7CF851,A27-023,HAWK,BRITISH AEROSPACE T-45 Goshawk,L1J,M
7CFA51,A23-027,PC9,PILATUS PC-9 Hudournik,L1T,L
800C51,VT-TSJ,B429,BELL 429 GlobalRanger,H2T,L
801551,VT-IBE,A21N,AIRBUS A-321neo,L2J,M
841E51,JA08DX,A139,AGUSTA AW-139,H2T,L
846A51,JA14KP,A109,AGUSTA AW-109 Grand,H2T,L
84B451,JA205P,A20N,AIRBUS A-320neo,L2J,M
84C051,JA23HK,SR22,CIRRUS SR-22,L1P,L
863B51,JA6937,A109,AGUSTA AW-109 Grand,H2T,L
868C51,JA76MF,SR22,CIRRUS SR-22,L1P,L
880051,HS-TGB,B744,BOEING 747-400,L4J,H
880451,HS-ABQ,A320,AIRBUS A-320,L2J,M
880851,HS-BBQ,A320,AIRBUS A-320,L2J,M
881051,HS-DBQ,B738,BOEING 737-800,L2J,M
888051,VN-A354,A321,AIRBUS A-321,L2J,M
888151,VN-A639,A321,AIRBUS A-321,L2J,M
896251,A6-FTJ,B06,BELL 206 JetRanger,H1T,L
896451,A6-EQB,B77W,BOEING 777-300ER,L2J,H
899051,B-18666,B738,BOEING 737-800,L2J,M
8A0251,PK-MZJ,MA60,XIAN MA-60,L2T,M
8A0451,PK-GIF,B77W,BOEING 777-300ER,L2J,H
8A0551,PK-YSH,B733,BOEING 737-300,L2J,M
8A0751,PK-LPU,B738,BOEING 737-800,L2J,M
8A0951,PK-STG,A320,AIRBUS A-320,L2J,M
A00251,N1ZR,P337,CESSNA P337 Skymaster,L2P,L
A00451,N10WB,SAKO,RANS S-10 Sakota,L1P,L
A00551,N100GG,C501,CESSNA 501 Citation 1SP,L2J,L
A00751,N10019,U16,GRUMMAN Albatross,A2P,M
A00F51,N1026E,CH7A,BELLANCA 7 Champion,L1P,L
A01151,N103RA,T206,CESSNA T206 Turbo Stationair,L1P,L
A01351,N1038H,P28A,PIPER PA-28-140/150/160/180,L1P,L
A01451,N104HT,ULAC,,L0-,-
A01651,N1043,ZZZZ,,-0-,-
A01A51,N1055C,M7,MAULE M-7,L1P,L
A02051,N107SM,,,,
A02251,N1079J,VO10,NORTH AMERICAN ROCKWELL Commander 100,L1P,L
A02351,N108KD,S108,STINSON 108 Voyager,L1P,L
A02651,N109BW,G109,GROB G-109,L1P,L
A02A51,N11EU,EUPA,Europa,L1P,L
A02B51,N11R,C195,CESSNA 195,L1P,L
A02C51,N110BE,FA7X,DASSAULT Falcon 7X,L3J,M
A03051,N111EC,BE35,BEECH 35 Starfire Bonanza,L1P,L
A03251,N1110Q,H500,HUGHES 500,H1T,L
A03351,N11171,T6,NORTH AMERICAN T-6 Texan,L1P,L
A03551,N112TG,LGEZ,RUTAN Long-EZ,L1P,L
A03651,N1122T,C172,CESSNA 172 Skyhawk,L1P,L
A03A51,N1134W,BE36,BEECH 36 Bonanza,L1P,L
A03F51,N115FP,COL4,CESSNA 400 Corvalis TT,L1P,L
A04051,N115RV,RV6,VANS RV-6,L1P,L
A04251,N11582,ULAC,,L0-,-
A04351,N116JM,RV6,VANS RV-6,L1P,L
A04551,N1163U,M20P,MOONEY M-20,L1P,L
A04751,N117MK,BK17,EUROCOPTER BK117 C-1/2,H2T,L
A04A51,N118EB,S22T,CIRRUS SR-22T Turbo,L1P,L
A04D51,N11870,BL8,BELLANCA 8 Decathlon,L1P,L
A04E51,N119H,P51,NORTH AMERICAN P-51 Mustang,L1P,L
A05051,N1192S,C82T,CESSNA TR182 Turbo Skylane RG,L1P,L
A05151,N11993,,,,
A05251,N12KY,T6,NORTH AMERICAN T-6 Texan,L1P,L
A05351,N12WD,C210,CESSNA 201 Centurion,L1P,L
A05651,N1202A,PA18,PIPER PA-18 Super Cub,L1P,L
A05751,N1209M,C182,CESSNA 182 Skylane,L1P,L
A05B51,N122BZ,RV7,VANS RV-7,L1P,L
A05F51,N123EX,,,,
A06051,N123RC,WW24,IAI 1124 Westwind,L2J,M
A06151,N12309,,,,
A06351,N124HV,RV12,VANS RV-12,L1P,L
A06451,N124UA,C185,CESSNA 185 Skywagon,L1P,L
A06651,N125AM,RV10,VANS RV-10,L1P,L
A06751,N125LT,,,,
A06951,N1255E,CH7A,BELLANCA 7 Champion,L1P,L
A06B51,N126PR,DRON,,D0-,-
A06C51,N126ZX,PARA,,P0-,-
A06D51,N1267H,AR15,AERONCA 15 Sedan,L1P,L
A07051,N1272,E55P,EMBRAER EMB-505 Phenom 300,L2J,M
A07351,N128VM,BL8,BELLANCA 8 Decathlon,L1P,L
A07451,N1284C,SR20,CIRRUS SR-20,L1P,L
A07851,N1296F,C185,CESSNA 185 Skywagon,L1P,L
A07E51,N13050,WACC,WACO C/S,L1P,L
A08451,N132TJ,CRES,PACIFIC AEROSPACE Cresco,L1T,L
A08651,N13296,C172,CESSNA 172 Skyhawk,L1P,L
A08951,N1334Y,C172,CESSNA 172 Skyhawk,L1P,L
A08A51,N134CT,FDCT,FLIGHT DESIGN CT,L1P,L
A08D51,N13461,C172,CESSNA 172 Skyhawk,L1P,L
A09251,N136JP,LJ35,LEARJET 35,L2J,M
A09451,N1363W,UH1,BELL UH-1 Huey,H1T,L
A09551,N137BF,BE36,BEECH 36 Bonanza,L1P,L
A09651,N137MM,B06,BELL 206 JetRanger,H1T,L
A09B51,N1380R,AA1,AMERICAN AA-1,L1P,L
A09C51,N13872,RELI,STINSON Reliant,L1P,L
A0A051,N13995,E145,EMBRAER ERJ-145,L2J,M
A0A251,N14WF,BL8,BELLANCA 8 Decathlon,L1P,L
A0A451,N140SS,GLID,,L0-,-
A0A551,N1402C,LA4,LAKE LA-4/200,A1P,L
A0A751,N141KJ,S22T,CIRRUS SR-22T Turbo,L1P,L
A0A951,N1414F,C172,CESSNA 172 Skyhawk,L1P,L
A0AA51,N142CA,PA24,PIPER PA-24 Comanche,L1P,L
A0AB51,N142NG,DA42,DIAMOND DA-42 Guardian,L2P,L
A0AD51,N1426J,AC11,NORTH AMERICAN ROCKWELL Commander 112/114,L1P,L
A0AF51,N143RE,FA7X,DASSAULT Falcon 7X,L3J,M
A0B051,N1431A,PA22,PIPER PA-22,L1P,L
A0B451,N1443D,F8L,AEROMERE F-8L Falco,L1P,L
A0B551,N145AP,LJ45,LEARJET 45,L2J,M
A0B851,N1455G,BE35,BEECH 35 Starfire Bonanza,L1P,L
A0BA51,N146PT,P28A,PIPER PA-28-140/150/160/180,L1P,L
A0BE51,N147SR,SREY,PROGRESSIVE AERODYNE SeaRey,A1P,L
A0C251,N148VP,PA23,PIPER PA-23,L2P,L
A0C451,N149C,P46T,PIPER PA-46-500TP,L1T,L
A0C751,N1496H,P32R,PIPER PA-32R-300/301/301T,L1P,L
A0C951,N15RD,BE36,BEECH 36 Bonanza,L1P,L
A0CA51,N150BJ,P28B,PIPER PA-28-201T/235/236,L1P,L
A0D451,N1522X,P28R,PIPER PA-28R-180/200/201,L1P,L
A0D551,N15298,P28A,PIPER PA-28-140/150/160/180,L1P,L
A0D851,N15340,PA34,PIPER PA-34 Seneca,L2P,L
A0DA51,N154PA,P28A,PIPER PA-28-140/150/160/180,L1P,L
A0DF51,N1551V,C172,CESSNA 172 Skyhawk,L1P,L
A0E351,N1563Y,C172,CESSNA 172 Skyhawk,L1P,L
A0E551,N157MP,M20P,MOONEY M-20,L1P,L
A0E751,N15751,B737,BOEING 737-700,L2J,M
A0EE51,N1592W,BE33,BEECH 33 Bonanza,L1P,L
A0EF51,N15997,P28A,PIPER PA-28-140/150/160/180,L1P,L
A0F051,N16LB,BALL,,B0-,-
A0F151,N16WH,BOLT,STEEN Skybolt,L1P,L
A0F451,N1602E,CH7A,BELLANCA 7 Champion,L1P,L
A0F551,N1609R,AA1,AMERICAN AA-1,L1P,L
A0F651,N161KL,DA62,DIAMOND DA-62,L2P,L
A0F951,N162CC,C162,CESSNA 162 Skycatcher,L1P,L
A10451,N165AR,C172,CESSNA 172 Skyhawk,L1P,L
A10751,N1655J,P28A,PIPER PA-28-140/150/160/180,L1P,L
A10851,N166DP,H60,SIKORSKY UH-60 Black Hawk,H2T,M
A10B51,N1667M,C185,CESSNA 185 Skywagon,L1P,L
A10D51,N167ST,,,,
A10F51,N1679Q,C150,CESSNA 150,L1P,L
A11251,N1684G,CH7A,BELLANCA 7 Champion,L1P,L
A11351,N169CB,C172,CESSNA 172 Skyhawk,L1P,L
A11751,N17F,PA23,PIPER PA-23,L2P,L
A11851,N17RF,,,,
A11951,N170BL,C172,CESSNA 172 Skyhawk,L1P,L
A11A51,N170MS,C170,CESSNA 170,L1P,L
A11D51,N171EJ,RV6,VANS RV-6,L1P,L
A12051,N17177,C177,CESSNA  177 Cardinal,L1P,L
A12151,N172HG,C172,CESSNA 172 Skyhawk,L1P,L
A12251,N172TN,C172,CESSNA 172 Skyhawk,L1P,L
A12451,N173,EN28,ENSTROM F-28,H1P,L
A12751,N17342,C150,CESSNA 150,L1P,L
A12951,N174PC,P28A,PIPER PA-28-140/150/160/180,L1P,L
A12D51,N175SA,BE20,BEECH 200 Super King Air,L2T,M
A12E51,N1751X,,,,
A13251,N17630,P38,LOCKHEED P-38 Lightning,L2P,M
A13351,N177BK,SREY,PROGRESSIVE AERODYNE SeaRey,A1P,L
A13451,N177MR,C77R,CESSNA 177RG Cardinal RG,L1P,L
A13551,N177XX,EXEC,ROTORWAY Exec,H1P,L
A13651,N17753,B737,BOEING 737-700,L2J,M
A13751,N178EH,AS50,AEROSPATIALE AS-350 Ecureuil,H1T,L
A13A51,N17876,J2,PIPER J-2 Cub,L1P,L
A13F51,N18LD,RV8,VANS RV-8,L1P,L
A14251,N180SW,C180,CESSNA  180 Skywagon,L1P,L
A14451,N1809T,P28A,PIPER PA-28-140/150/160/180,L1P,L
A14A51,N182YS,C182,CESSNA 182 Skylane,L1P,L
A14B51,N1826N,C120,CESSNA 120,L1P,L
A14C51,N183FC,RV9,VANS RV-9,L1P,L
A14E51,N1831E,CH7A,BELLANCA 7 Champion,L1P,L
A14F51,N1838R,BE36,BEECH 36 Bonanza,L1P,L
A15F51,N188KM,BE36,BEECH 36 Bonanza,L1P,L
A16651,N19FB,T210,CESSNA T210 Turbo Centurion,L1P,L
A16751,N19RH,FA62,FAIRCHILD M-26 Cornell,L1P,L
A16A51,N190Y,M7,MAULE M-7,L1P,L
A16E51,N1910Y,M20P,MOONEY M-20,L1P,L
A17251,N19221,C150,CESSNA 150,L1P,L
A17351,N193AA,MU2,MITSUBISHI MU-2 Marquise,L2T,L
A17A51,N19467,BE17,BEECH 17 Staggerwing,L1P,L
A17C51,N195SC,C195,CESSNA 195,L1P,L
A17D51,N1951Z,C150,CESSNA 150,L1P,L
A17E51,N1959,C175,CESSNA 175 Skylark,L1P,L
A18051,N196VA,RV7,VANS RV-7,L1P,L
A18351,N197MT,COY2,RANS Coyote 2,L1P,L
A18951,N19878,C172,CESSNA 172 Skyhawk,L1P,L
A18B51,N199TP,P28A,PIPER PA-28-140/150/160/180,L1P,L
A18D51,N2A,SHIP,,B0-,-
A18F51,N2WM,PA31,PIPER PA-31-300/310/325/350/425,L2P,L
A19251,N200DC,C421,CESSNA 421 Executive Commuter,L2P,L
A19351,N200PJ,G200,AKROTECH G-200,L1P,L
A19551,N2007A,AT6T,AIR TRACTOR AT-602,L1T,L
A19751,N201SG,M20P,MOONEY M-20,L1P,L
A19C51,N20236,C172,CESSNA 172 Skyhawk,L1P,L
A1A051,N20359,VJ22,VOLMER Sportsman,A1P,L
A1A351,N20401,C172,CESSNA 172 Skyhawk,L1P,L
A1A451,N2048B,BE36,BEECH 36 Bonanza,L1P,L
A1A751,N20524,TAYA,TAYLORCRAFT A,L1P,L
A1AB51,N20647,RV3,VANS RV-3,L1P,L
A1B051,N208G,C208,CESSNA 208 Caravan,L1T,L
A1B651,N20935,C182,CESSNA 182 Skylane,L1P,L
A1B751,N21BQ,S22T,CIRRUS SR-22T Turbo,L1P,L
A1B851,N21MW,B06,BELL 206 JetRanger,H1T,L
A1B951,N21YB,RS12,RANS S-12 Super Airaile,L1P,L
A1BD51,N211AZ,H269,HUGHES Sky Knight,H1P,L
A1BE51,N211ME,M20P,MOONEY M-20,L1P,L
A1C351,N2120J,P28A,PIPER PA-28-140/150/160/180,L1P,L
A1C951,N214KT,RV8,VANS RV-8,L1P,L
A1CF51,N2156T,P28A,PIPER PA-28-140/150/160/180,L1P,L
A1D151,N216RP,BE20,BEECH 200 Super King Air,L2T,M
A1D351,N2168W,BE19,BEECH 19 Sport,L1P,L
A1D451,N217JF,S22T,CIRRUS SR-22T Turbo,L1P,L
A1D851,N218MD,GLF4,GULFSTREAM 4,L2J,M
A1E051,N22T,GLF6,GULFSTREAM G650,L2J,M
A1E151,N220DE,C206,CESSNA  206 Stationair,L1P,L
A1E451,N2207C,C180,CESSNA  180 Skywagon,L1P,L
A1E751,N22115,C150,CESSNA 150,L1P,L
A1EC51,N223BT,C82R,CESSNA R182 Skylane RG,L1P,L
A1F051,N224ER,,,,
A1F451,N225HP,EAGL,CHRISTEN Eagle,L1P,L
A1F551,N225TV,R44,ROBINSON R-44 Raven,H1P,L
A1F651,N22526,C150,CESSNA 150,L1P,L
A1F851,N226LM,PA34,PIPER PA-34 Seneca,L2P,L
A1F951,N226WT,C182,CESSNA 182 Skylane,L1P,L
A1FE51,N2277B,,,,
A20051,N228SH,R22,ROBINSON R-22 Mariner,H1P,L
A20151,N22814,C150,CESSNA 150,L1P,L
A20251,N2289E,BE58,BEECH 58 Baron,L2P,L
A20351,N229K,ULAC,,L0-,-
A20751,N23MY,TBM7,SOCATA TBM-700A/B/C,L1T,L
A20B51,N2303R,C182,CESSNA 182 Skylane,L1P,L
A20C51,N231BA,M20P,MOONEY M-20,L1P,L
A20D51,N231MG,M20P,MOONEY M-20,L1P,L
A21451,N233GX,PC12,PILATUS PC-12,L1T,L
A21751,N23390,C150,CESSNA 150,L1P,L
A21951,N234WA,C172,CESSNA 172 Skyhawk,L1P,L
A21A51,N2344S,C337,CESSNA 337 Super Skymaster,L2P,L
A21B51,N235CM,PA32,PIPER PA-32,L1P,L
A22051,N236RR,BALL,,B0-,-
A22151,N2361M,PA12,PIPER PA-12 Super Cruiser,L1P,L
A22951,N2385T,P28A,PIPER PA-28-140/150/160/180,L1P,L
A22D51,N2397W,BE23,BEECH 23 Sundowner,L1P,L
A22E51,N24GW,G280,GULFSTREAM G280,L2J,M
A22F51,N24TB,P210,CESSNA P210 Centurion,L1P,L
A23051,N240DG,G2T1,GREAT LAKES 2T-1,L1P,L
A23351,N2407E,,,,
A23551,N241SL,SR22,CIRRUS SR-22,L1P,L
A23751,N2419H,ERCO,AIR PRODUCTS F-1 Aircoupe,L1P,L
A23851,N242KC,UH1,BELL UH-1 Huey,H1T,L
A23A51,N2424,M7,MAULE M-7,L1P,L
A24251,N2448F,C180,CESSNA  180 Skywagon,L1P,L
A24451,N245TX,LJ45,LEARJET 45,L2J,M
A24651,N246AH,SA30,STOLP Starduster Too,L1P,L
A24F51,N248SK,SONX,SONEX AIRCRAFT Sonex,L1P,L
A25051,N24816,C152,CESSNA 152,L1P,L
A25151,N2489G,C182,CESSNA 182 Skylane,L1P,L
A25451,N24939,C152,CESSNA 152,L1P,L
A25A51,N2503T,NAVI,NORTH AMERICAN Navion,L1P,L
A25B51,N251BC,P28R,PIPER PA-28R-180/200/201,L1P,L
A25E51,N2515W,BE24,BEECH 24 Sierra,L1P,L
A26151,N2520N,C140,CESSNA 140,L1P,L
A26251,N2527Z,COL4,CESSNA 400 Corvalis TT,L1P,L
A26551,N2532R,C182,CESSNA 182 Skylane,L1P,L
A26651,N25392,FA24,FAIRCHILD F-24 Argus,L1P,L
A26951,N2544U,BALL,,B0-,-
A26A51,N255CP,RV10,VANS RV-10,L1P,L
A26B51,N255NV,A320,AIRBUS A-320,L2J,M
A26D51,N2556X,C206,CESSNA  206 Stationair,L1P,L
A27051,N2561P,,,,
A27551,N258BB,BE58,BEECH 58 Baron,L2P,L
A27651,N258MH,,,,
A27951,N259E,S22T,CIRRUS SR-22T Turbo,L1P,L
A27C51,N2597Y,BALL,,B0-,-
A27E51,N26TD,BE23,BEECH 23 Sundowner,L1P,L
A27F51,N260DJ,CRUZ,CSA PS-28 Cruiser,L1P,L
A28251,N2607G,C182,CESSNA 182 Skylane,L1P,L
A28651,N2619K,L8,LUSCOMBE 8,L1P,L
A28F51,N264RA,G3,REMOS Mirage,L1P,L
A29051,N26407,AA5,AMERICAN AA-5 Tiger,L1P,L
A29151,N2648H,ERCO,AIR PRODUCTS F-1 Aircoupe,L1P,L
A29251,N265HT,GLEX,BOMBARDIER BD-700 Global 6000/6500,L2J,M
A29451,N2653,C82R,CESSNA R182 Skylane RG,L1P,L
A29551,N266AK,B739,BOEING 737-900,L2J,M
A29851,N2665C,C82R,CESSNA R182 Skylane RG,L1P,L
A29951,N267DH,P28A,PIPER PA-28-140/150/160/180,L1P,L
A29C51,N2677F,C182,CESSNA 182 Skylane,L1P,L
A29F51,N26818,J3,PIPER J-3 Cub,L1P,L
A2A051,N2689J,C188,CESSNA 188 AgTruck,L1P,L
A2A151,N269KD,E300,EXTRA EA-300/330/350,L1P,L
A2A951,N2703V,C77R,CESSNA 177RG Cardinal RG,L1P,L
A2AD51,N2715Y,BE95,BEECH 95 Travel Air,L2P,L
A2AE51,N272EC,P28B,PIPER PA-28-201T/235/236,L1P,L
A2B051,N2720Q,C182,CESSNA 182 Skylane,L1P,L
A2B151,N27271,B38M,BOEING 737 MAX 8,L2J,M
A2B451,N2732T,C414,CESSNA 414 Chancellor,L2P,L
A2B751,N274WE,PA18,PIPER PA-18 Super Cub,L1P,L
A2B851,N2744W,C172,CESSNA 172 Skyhawk,L1P,L
A2BE51,N276RV,RV6,VANS RV-6,L1P,L
A2BF51,N2761R,GLID,,L0-,-
A2C051,N27682,PA31,PIPER PA-31-300/310/325/350/425,L2P,L
A2C151,N277JM,C551,CESSNA 551 Citation 2SP,L2J,L
A2C451,N278BD,C172,CESSNA 172 Skyhawk,L1P,L
A2CF51,N280PS,,,,
A2D251,N281GJ,CAMP,GREGA GN-1 Aircamper,L1P,L
A2D451,N2812A,BE33,BEECH 33 Bonanza,L1P,L
A2D551,N2819M,PA12,PIPER PA-12 Super Cruiser,L1P,L
A2D851,N2824D,P28R,PIPER PA-28R-180/200/201,L1P,L
A2DC51,N2836G,P28A,PIPER PA-28-140/150/160/180,L1P,L
A2DD51,N284EX,C208,CESSNA 208 Caravan,L1T,L
A2DF51,N28409,C310,CESSNA 310,L2P,L
A2E051,N2848K,C180,CESSNA  180 Skywagon,L1P,L
A2E451,N286AM,HUSK,CHRISTEN Husky,L1P,L
A2E751,N2865E,C172,CESSNA 172 Skyhawk,L1P,L
A2EB51,N2877H,ERCO,AIR PRODUCTS F-1 Aircoupe,L1P,L
A2EC51,N288GH,P28A,PIPER PA-28-140/150/160/180,L1P,L
A2ED51,N288SP,C206,CESSNA  206 Stationair,L1P,L
A2EF51,N2889L,C172,CESSNA 172 Skyhawk,L1P,L
A2F351,N29BY,PC12,PILATUS PC-12,L1T,L
A2F451,N29ND,C150,CESSNA 150,L1P,L
A2F851,N2903X,C177,CESSNA  177 Cardinal,L1P,L
A2F951,N291BG,S92,SIKORSKY S-92 Helibus,H2T,M
A2FF51,N2920S,C150,CESSNA 150,L1P,L
A30051,N29273,CUCA,CULVER Cadet,L1P,L
A30151,N293HC,CL30,BOMBARDIER BD-100 Challenger 300,L2J,M
A30451,N29396,CUCA,CULVER Cadet,L1P,L
A30551,N294LA,AT8T,AIR TRACTOR AT-802,L1T,M
A30751,N2944Y,P28B,PIPER PA-28-201T/235/236,L1P,L
A30851,N295CT,FDCT,FLIGHT DESIGN CT,L1P,L
A30B51,N29561,HUSK,CHRISTEN Husky,L1P,L
A30E51,N2961T,M200,NORTH AMERICAN ROCKWELL Commander 200,L1P,L
A30F51,N29684,TAYB,TAYLORCRAFT BC/BF/BL,L1P,L
A31251,N2973W,P28A,PIPER PA-28-140/150/160/180,L1P,L
A31A51,N29972,C185,CESSNA 185 Skywagon,L1P,L
A31C51,N3TH,BE95,BEECH 95 Travel Air,L2P,L
A31D51,N30DN,AS31,SCHLEICHER ASH-31,L1P,L
A31F51,N300,P337,CESSNA P337 Skymaster,L2P,L
A32151,N300WL,P32R,PIPER PA-32R-300/301/301T,L1P,L
A32651,N30165,WACF,WACO F,L1P,L
A32851,N302SA,B38M,BOEING 737 MAX 8,L2J,M
A32F51,N304MR,C56X,CESSNA 560XL Citation XLS,L2J,M
A33151,N30453,T210,CESSNA T210 Turbo Centurion,L1P,L
A33551,N30576,J3,PIPER J-3 Cub,L1P,L
A33751,N306TM,GLID,,L0-,-
A33851,N3062Y,P28A,PIPER PA-28-140/150/160/180,L1P,L
A33A51,N307LD,S92,SIKORSKY S-92 Helibus,H2T,M
A33C51,N30741,C177,CESSNA  177 Cardinal,L1P,L
A33D51,N308CW,H269,HUGHES Sky Knight,H1P,L
A34051,N30864,J3,PIPER J-3 Cub,L1P,L
A34351,N3091W,BE35,BEECH 35 Starfire Bonanza,L1P,L
A34451,N30987,,,,
A34751,N310FC,C310,CESSNA 310,L2P,L
A34951,N3101E,CH7A,BELLANCA 7 Champion,L1P,L
A34A51,N3108R,C182,CESSNA 182 Skylane,L1P,L
A34B51,N311JA,F900,DASSAULT Falcon 900,L3J,M
A34D51,N3113H,WACF,WACO F,L1P,L
A34E51,N312AT,GLF6,GULFSTREAM G650,L2J,M
A35151,N3125L,C310,CESSNA 310,L2P,L
A35251,N313DR,ULAC,,L0-,-
A35451,N3130C,C180,CESSNA  180 Skywagon,L1P,L
A35A51,N315KM,,,,
A35D51,N316CD,SR22,CIRRUS SR-22,L1P,L
A36051,N3166M,PA12,PIPER PA-12 Super Cruiser,L1P,L
A36351,N3171D,C180,CESSNA  180 Skywagon,L1P,L
A36551,N318J,BE36,BEECH 36 Bonanza,L1P,L
A36851,N319AS,B739,BOEING 737-900,L2J,M
A36B51,N3195K,BE58,BEECH 58 Baron,L2P,L
A36C51,N32DQ,LA4,LAKE LA-4/200,A1P,L
A36D51,N32PW,GLID,,L0-,-
A36F51,N320LG,RV6,VANS RV-6,L1P,L
A37351,N321PE,H500,HUGHES 500,H1T,L
A37751,N322SC,BE35,BEECH 35 Starfire Bonanza,L1P,L
A37951,N3229,,,,
A37C51,N32332,P28A,PIPER PA-28-140/150/160/180,L1P,L
A38051,N32455,CMAS,CESSNA C-165 Airmaster,L1P,L
A38451,N32578,J5,PIPER J-5 Cub Cruiser,L1P,L
A38851,N327A,P180,PIAGGIO P-180 Avanti,L2T,L
A38B51,N32743,J3,PIPER J-3 Cub,L1P,L
A39351,N32989,J5,PIPER J-5 Cub Cruiser,L1P,L
A39551,N33V,C195,CESSNA 195,L1P,L
A39751,N330RL,HUSK,CHRISTEN Husky,L1P,L
A39A51,N331JC,C150,CESSNA 150,L1P,L
A39C51,N3313K,GC1,GLOBE Swift,L1P,L
A39D51,N332AV,BE40,BEECH 400 Beechjet,L2J,M
A3A151,N333DT,ULAC,,L0-,-
A3A351,N3330E,C172,CESSNA 172 Skyhawk,L1P,L
A3A451,N3337R,RV4,VANS RV-4,L1P,L
A3A651,N334SX,SONX,SONEX AIRCRAFT Sonex,L1P,L
A3AC51,N336CF,C336,CESSNA 336 Skymaster,L2P,L
A3AF51,N3366P,C182,CESSNA 182 Skylane,L1P,L
A3B051,N337FD,S92,SIKORSKY S-92 Helibus,H2T,M
A3B251,N3371F,C182,CESSNA 182 Skylane,L1P,L
A3B351,N3378S,C185,CESSNA 185 Skywagon,L1P,L
A3B451,N338JB,,,,
A3B851,N339M,MITE,MOONEY M-18,L1P,L
A3BB51,N34DS,P28R,PIPER PA-28R-180/200/201,L1P,L
A3BD51,N340AC,CH7B,BELLANCA 7 Citabria,L1P,L
A3C851,N3429B,BE35,BEECH 35 Starfire Bonanza,L1P,L
A3CB51,N34334,,,,
A3D051,N345EM,R44,ROBINSON R-44 Raven,H1P,L
A3D351,N3458,R22,ROBINSON R-22 Mariner,H1P,L
A3D751,N347AB,C402,CESSNA 402 Businessliner,L2P,L
A3DB51,N348D,P28A,PIPER PA-28-140/150/160/180,L1P,L
A3DE51,N34868,C177,CESSNA  177 Cardinal,L1P,L
A3E151,N34910,C177,CESSNA  177 Cardinal,L1P,L
A3E351,N35JW,BE35,BEECH 35 Starfire Bonanza,L1P,L
A3E451,N35VB,BE35,BEECH 35 Starfire Bonanza,L1P,L
A3E551,N350FG,PA46,PIPER PA-46-310/350,L1P,L
A3F251,N3530G,L8,LUSCOMBE 8,L1P,L
A3F651,N3542K,P28A,PIPER PA-28-140/150/160/180,L1P,L
A3F751,N3549W,J3,PIPER J-3 Cub,L1P,L
A3FA51,N3554N,M20P,MOONEY M-20,L1P,L
A40151,N3571H,ERCO,AIR PRODUCTS F-1 Aircoupe,L1P,L
A40751,N359MB,BE30,BEECH 300 Super King Air,L2T,L
A40951,N3595P,PA18,PIPER PA-18 Super Cub,L1P,L
A40B51,N36Q,T18,THORP Tiger,L1P,L
A40C51,N360AE,SW4,SWEARINGEN Metro,L2T,M
A40D51,N360LL,A119,AGUSTA AW-119 Koala,H1T,L
A40E51,N360WS,,,,
A40F51,N36048,TAYB,TAYLORCRAFT BC/BF/BL,L1P,L
A41151,N361PJ,LJ35,LEARJET 35,L2J,M
A41651,N36213,C177,CESSNA  177 Cardinal,L1P,L
A41751,N3629D,G164,GRUMMAN G-164 Ag-Cat,L1P,L
A41A51,N36336,CH7A,BELLANCA 7 Champion,L1P,L
A41E51,N36459,TAYB,TAYLORCRAFT BC/BF/BL,L1P,L
A42451,N366TT,LJ35,LEARJET 35,L2J,M
A42951,N36747,S10,STINSON 10 Voyager,L1P,L
A42A51,N368DB,ULAC,,L0-,-
A42B51,N368PH,DH8B,DE HAVILLAND DHC-8-200 Dash 8,L2T,M
A42E51,N369G,BE36,BEECH 36 Bonanza,L1P,L
A42F51,N369SF,SR22,CIRRUS SR-22,L1P,L
A43751,N3708X,VO10,NORTH AMERICAN ROCKWELL Commander 100,L1P,L
A43C51,N372ME,C206,CESSNA  206 Stationair,L1P,L
A43E51,N3725S,C172,CESSNA 172 Skyhawk,L1P,L
A43F51,N373DX,A321,AIRBUS A-321,L2J,M
A44251,N3737V,C150,CESSNA 150,L1P,L
A44451,N374TA,C310,CESSNA 310,L2P,L
A44651,N3749Y,C210,CESSNA 201 Centurion,L1P,L
A44D51,N3766T,P28R,PIPER PA-28R-180/200/201,L1P,L
A45051,N3771K,B738,BOEING 737-800,L2J,M
A45851,N3795R,C172,CESSNA 172 Skyhawk,L1P,L
A45951,N38DW,EAGL,CHRISTEN Eagle,L1P,L
A45B51,N380AG,C25A,CESSNA 525A Citation CJ2,L2J,L
A46351,N382GC,C182,CESSNA 182 Skylane,L1P,L
A46451,N382SJ,PTS1,PITTS S-1 Special,L1P,L
A46951,N38338,P32R,PIPER PA-32R-300/301/301T,L1P,L
A47551,N387AF,C172,CESSNA 172 Skyhawk,L1P,L
A47851,N38749,P32R,PIPER PA-32R-300/301/301T,L1P,L
A47951,N388DD,CL60,BOMBARDIER CL-600 Challenger,L2J,M
A47C51,N3887B,BE35,BEECH 35 Starfire Bonanza,L1P,L
A47F51,N38914,P28A,PIPER PA-28-140/150/160/180,L1P,L
A48051,N3899E,ULAC,,L0-,-
A48151,N39K,E50P,EMBRAER EMB-500 Phenom 100,L2J,L
A48451,N390RS,T210,CESSNA T210 Turbo Centurion,L1P,L
A48551,N3901N,M20P,MOONEY M-20,L1P,L
A48651,N3908Z,PA18,PIPER PA-18 Super Cub,L1P,L
A48951,N3913R,C172,CESSNA 172 Skyhawk,L1P,L
A48B51,N392MG,C25B,CESSNA 525B Citation CJ3,L2J,L
A48D51,N3925U,C150,CESSNA 150,L1P,L
A49051,N3930L,PA18,PIPER PA-18 Super Cub,L1P,L
A49851,N3954S,C172,CESSNA 172 Skyhawk,L1P,L
A49951,N396CM,B763,BOEING 767-300,L2J,H
A49F51,N3971M,PA12,PIPER PA-12 Super Cruiser,L1P,L
A4A451,N399B,BE35,BEECH 35 Starfire Bonanza,L1P,L
A4A551,N399MF,PA11,PIPER PA-11 Cub Special,L1P,L
A4A751,N3995T,TF19,TAYLORCRAFT F-19 Sportsman,L1P,L
A4A851,N4DY,P337,CESSNA P337 Skymaster,L2P,L
A4A951,N4QD,G103,GROB G-103 Twin 3SL,L1P,L
A4AA51,N40AJ,C180,CESSNA  180 Skywagon,L1P,L
A4AC51,N40WW,,,,
A4AD51,N400HA,C177,CESSNA  177 Cardinal,L1P,L
A4AE51,N400TG,C25B,CESSNA 525B Citation CJ3,L2J,L
A4B551,N402NX,C402,CESSNA 402 Businessliner,L2P,L
A4BB51,N40382,TTWO,PARKER Teenie Two,L1P,L
A4BC51,N404JM,PRM1,RAYTHEON 390 Premier 1,L2J,L
A4BE51,N4043U,C150,CESSNA 150,L1P,L
A4C051,N405MK,S22T,CIRRUS SR-22T Turbo,L1P,L
A4C251,N4055X,M6,MAULE M-6,L1P,L
A4C651,N40670,P28A,PIPER PA-28-140/150/160/180,L1P,L
A4C851,N407TF,B407,BELL 407,H1T,L
A4CE51,N409CQ,C82T,CESSNA TR182 Turbo Skylane RG,L1P,L
A4D551,N410NE,,,,
A4D751,N4106G,DA40,DIAMOND DA-40 Club Star,L1P,L
A4DA51,N41109,UH1,BELL UH-1 Huey,H1T,L
A4DB51,N4118K,C208,CESSNA 208 Caravan,L1T,L
A4DD51,N412UA,A320,AIRBUS A-320,L2J,M
A4DF51,N413AM,HUSK,CHRISTEN Husky,L1P,L
A4E351,N414DK,C414,CESSNA 414 Chancellor,L2P,L
A4E851,N415SP,C172,CESSNA 172 Skyhawk,L1P,L
A4E951,N4152,MITE,MOONEY M-18,L1P,L
A4EA51,N4159L,C172,CESSNA 172 Skyhawk,L1P,L
A4ED51,N4164C,C82R,CESSNA R182 Skylane RG,L1P,L
A4F151,N4176F,C172,CESSNA 172 Skyhawk,L1P,L
A4F451,N41808,CH7B,BELLANCA 7 Citabria,L1P,L
A4F551,N4188J,RV6,VANS RV-6,L1P,L
A4F851,N4193A,BALL,,B0-,-
A4F951,N42AL,C25A,CESSNA 525A Citation CJ2,L2J,L
A4FA51,N42LS,GLID,,L0-,-
A4FB51,N42WY,HUSK,CHRISTEN Husky,L1P,L
A4FC51,N420HC,SONX,SONEX AIRCRAFT Sonex,L1P,L
A4FD51,N420TJ,E55P,EMBRAER EMB-505 Phenom 300,L2J,M
A50051,N421LA,C421,CESSNA 421 Executive Commuter,L2P,L
A50251,N4214Y,CH7A,BELLANCA 7 Champion,L1P,L
A50651,N42261,C182,CESSNA 182 Skylane,L1P,L
A50A51,N42384,J3,PIPER J-3 Cub,L1P,L
A50D51,N4243W,BALL,,B0-,-
A50E51,N425BF,AT5T,AIR TRACTOR AT-504,L1T,L
A51151,N4255Z,PA18,PIPER PA-18 Super Cub,L1P,L
A51251,N426ED,C25A,CESSNA 525A Citation CJ2,L2J,L
A51451,N4260R,PA32,PIPER PA-32,L1P,L
A51551,N42672,C182,CESSNA 182 Skylane,L1P,L
A51D51,N429CS,C25B,CESSNA 525B Citation CJ3,L2J,L
A52051,N42960,J3,PIPER J-3 Cub,L1P,L
A52251,N43RW,CORS,CHANCE VOUGHT F4U Corsair,L1P,M
A52451,N430NG,PC12,PILATUS PC-12,L1T,L
A52951,N4311A,P28A,PIPER PA-28-140/150/160/180,L1P,L
A52A51,N4318M,P28R,PIPER PA-28R-180/200/201,L1P,L
A52F51,N433LV,B737,BOEING 737-700,L2J,M
A53251,N434DM,PTS2,PITTS S-2 Special,L1P,L
A53551,N4347K,P28A,PIPER PA-28-140/150/160/180,L1P,L
A53751,N435SR,SR22,CIRRUS SR-22,L1P,L
A53C51,N4364E,CH7A,BELLANCA 7 Champion,L1P,L
A53D51,N437C,SR22,CIRRUS SR-22,L1P,L
A54051,N4376H,P28A,PIPER PA-28-140/150/160/180,L1P,L
A54351,N4381,,,,
A54751,N4393C,CH7A,BELLANCA 7 Champion,L1P,L
A54951,N44LU,C182,CESSNA 182 Skylane,L1P,L
A54D51,N4402X,P28A,PIPER PA-28-140/150/160/180,L1P,L
A54E51,N44098,TAYB,TAYLORCRAFT BC/BF/BL,L1P,L
A55051,N441WJ,C441,CESSNA 441 Conquest,L2T,L
A55151,N44140,P28R,PIPER PA-28R-180/200/201,L1P,L
A55351,N442PA,P28A,PIPER PA-28-140/150/160/180,L1P,L
A55551,N44263,TAYB,TAYLORCRAFT BC/BF/BL,L1P,L
A55851,N4431V,C182,CESSNA 182 Skylane,L1P,L
A55A51,N444JR,BE24,BEECH 24 Sierra,L1P,L
A56051,N44551,,,,
A56351,N4460T,P28A,PIPER PA-28-140/150/160/180,L1P,L
A56951,N448LB,BALL,,B0-,-
A56A51,N448WH,MA5,MARQUART MA-5 Charger,L1P,L
A56B51,N4484Z,ST75,STEARMAN Kaydet,L1P,L
A56D51,N449P,B407,BELL 407,H1T,L
A56F51,N44962,P28R,PIPER PA-28R-180/200/201,L1P,L
A57051,N45FS,C550,CESSNA 550 Citation S2,L2J,L
A57251,N450CC,AS50,AEROSPATIALE AS-350 Ecureuil,H1T,L
A57651,N451FA,C510,CESSNA 510 Citation Mustang,L2J,L
A58051,N4535J,P28R,PIPER PA-28R-180/200/201,L1P,L
A58151,N454DP,FA10,DASSAULT Falcon 100,L2J,M
A58351,N4540A,PA22,PIPER PA-22,L1P,L
A58451,N4547M,BE58,BEECH 58 Baron,L2P,L
A58C51,N457CB,SR22,CIRRUS SR-22,L1P,L
A58F51,N4576K,P210,CESSNA P210 Centurion,L1P,L
A59C51,N4602Z,PA22,PIPER PA-22,L1P,L
A59D51,N461,BE35,BEECH 35 Starfire Bonanza,L1P,L
A5A251,N462PC,PC12,PILATUS PC-12,L1T,L
A5A451,N46265,C172,CESSNA 172 Skyhawk,L1P,L
A5AB51,N46430,C172,CESSNA 172 Skyhawk,L1P,L
A5AC51,N465BK,BE20,BEECH 200 Super King Air,L2T,M
A5AF51,N46553,C152,CESSNA 152,L1P,L
A5BE51,N46964,C152,CESSNA 152,L1P,L
A5C051,N47S,P28R,PIPER PA-28R-180/200/201,L1P,L
A5C451,N4706N,C182,CESSNA 182 Skylane,L1P,L
A5C751,N4711E,C185,CESSNA 185 Skywagon,L1P,L
A5CB51,N4723H,C152,CESSNA 152,L1P,L
A5CC51,N473AT,R22,ROBINSON R-22 Mariner,H1P,L
A5CF51,N4735L,P28A,PIPER PA-28-140/150/160/180,L1P,L
A5D351,N4747P,P47,REPUBLIC F-47 Thunderbolt,L1P,M
A5D451,N475GP,HUSK,CHRISTEN Husky,L1P,L
A5D651,N4752F,,,,
A5D751,N4759S,GLID,,L0-,-
A5D951,N476VT,RV12,VANS RV-12,L1P,L
A5DE51,N4776M,BE9L,BEECH 90 King Air,L2T,L
A5E151,N4781D,C182,CESSNA 182 Skylane,L1P,L
A5E651,N48AS,,,,
A5E751,N48LY,PARA,,P0-,-
A5EB51,N48021,C170,CESSNA 170,L1P,L
A5EE51,N481WN,B737,BOEING 737-700,L2J,M
A5F351,N48267,SCOR,ROTORWAY Scorpion,H1P,L
A5F551,N483SC,LJ45,LEARJET 45,L2J,M
A5FE51,N48555,G164,GRUMMAN G-164 Ag-Cat,L1P,L
A60451,N487TP,PARA,,P0-,-
A60651,N488A,PARA,,P0-,-
A60751,N488LF,EC45,AIRBUS HELICOPTERS EC-145,H2T,L
A60A51,N489CY,P28B,PIPER PA-28-201T/235/236,L1P,L
A60D51,N48966,S1,INTERSTATE S-1 Cadet,L1P,L
A60F51,N49SB,BE36,BEECH 36 Bonanza,L1P,L
A61051,N490CG,ONEX,SONEX Onex,L1P,L
A61A51,N4923K,NAVI,NORTH AMERICAN Navion,L1P,L
A61C51,N493MA,P28A,PIPER PA-28-140/150/160/180,L1P,L
A61E51,N4935N,ST75,STEARMAN Kaydet,L1P,L
A62151,N4940E,C172,CESSNA 172 Skyhawk,L1P,L
A62551,N4952H,PA11,PIPER PA-11 Cub Special,L1P,L
A62751,N496KP,,,,
A62951,N4964L,P28A,PIPER PA-28-140/150/160/180,L1P,L
A62D51,N4976P,C152,CESSNA 152,L1P,L
A63251,N499JB,GA5C,GULFSTREAM G500,L2J,M
A63551,N5AU,P28A,PIPER PA-28-140/150/160/180,L1P,L
A63751,N5XF,UHEL,,H0-,-
A63851,N50HL,M20P,MOONEY M-20,L1P,L
A63951,N50TS,,,,
A63C51,N5000J,S22T,CIRRUS SR-22T Turbo,L1P,L
A63F51,N501TA,B06,BELL 206 JetRanger,H1T,L
A64051,N5012M,BE19,BEECH 19 Sport,L1P,L
A64A51,N504RP,G280,GULFSTREAM G280,L2J,M
A64B51,N5041K,NAVI,NORTH AMERICAN Navion,L1P,L
A64D51,N505JF,DA40,DIAMOND DA-40 Club Star,L1P,L
A64F51,N5053N,BL8,BELLANCA 8 Decathlon,L1P,L
A65351,N5065R,BE58,BEECH 58 Baron,L2P,L
A65651,N5070H,AT6T,AIR TRACTOR AT-602,L1T,L
A65951,N508T,CH7A,BELLANCA 7 Champion,L1P,L
A65B51,N5089X,CH7A,BELLANCA 7 Champion,L1P,L
A66851,N5116A,C172,CESSNA 172 Skyhawk,L1P,L
A66C51,N5128D,C172,CESSNA 172 Skyhawk,L1P,L
A66D51,N513HP,T206,CESSNA T206 Turbo Stationair,L1P,L
A66F51,N51326,C150,CESSNA 150,L1P,L
A67051,N514AF,E50P,EMBRAER EMB-500 Phenom 100,L2J,L
A67151,N514LM,E550,EMBRAER EMB-550 Praetor 600,L2J,M
A67451,N515DD,GLID,,L0-,-
A67A51,N51614,C172,CESSNA 172 Skyhawk,L1P,L
A67B51,N5169E,C172,CESSNA 172 Skyhawk,L1P,L
A67C51,N517K,BE30,BEECH 300 Super King Air,L2T,L
A68551,N51902,ST75,STEARMAN Kaydet,L1P,L
A68651,N5198C,BE35,BEECH 35 Starfire Bonanza,L1P,L
A68B51,N5200L,P28A,PIPER PA-28-140/150/160/180,L1P,L
A68C51,N5207X,C320,CESSNA 320 Skyknight,L2P,L
A68E51,N521TC,H500,HUGHES 500,H1T,L
A69051,N52190,C77R,CESSNA 177RG Cardinal RG,L1P,L
A69251,N522WA,PC12,PILATUS PC-12,L1T,L
A69451,N523CM,SR22,CIRRUS SR-22,L1P,L
A69751,N5236V,C82S,CESSNA T182 Turbo Skylane,L1P,L
A69951,N524RR,GLF6,GULFSTREAM G650,L2J,M
A69A51,N5241M,PP2,PILATUS P-2,L1P,L
A69C51,N525JH,RV8,VANS RV-8,L1P,L
A69F51,N526B,BE35,BEECH 35 Starfire Bonanza,L1P,L
A6A651,N5277W,P28A,PIPER PA-28-140/150/160/180,L1P,L
A6A751,N528GW,RV8,VANS RV-8,L1P,L
A6AA51,N5289Z,PA22,PIPER PA-22,L1P,L
A6AC51,N529W,RV10,VANS RV-10,L1P,L
A6AD51,N5294R,C172,CESSNA 172 Skyhawk,L1P,L
A6B151,N530KC,GL5T,BOMBARDIER BD-700 Global 5000/5500,L2J,M
A6B551,N531NA,P28A,PIPER PA-28-140/150/160/180,L1P,L
A6B751,N5316C,BALL,,B0-,-
A6BA51,N53205,C172,CESSNA 172 Skyhawk,L1P,L
A6BD51,N533TX,C25B,CESSNA 525B Citation CJ3,L2J,L
A6C451,N535PM,ULAC,,L0-,-
A6C651,N5357D,P28A,PIPER PA-28-140/150/160/180,L1P,L
A6CF51,N538N,SR22,CIRRUS SR-22,L1P,L
A6D151,N5386B,C182,CESSNA 182 Skylane,L1P,L
A6D451,N53904,CH7B,BELLANCA 7 Citabria,L1P,L
A6D751,N54TW,TB21,SOCATA TB-21 Trinidad TC,L1P,L
A6DE51,N5412R,C172,CESSNA 172 Skyhawk,L1P,L
A6E151,N542WC,ASTR,GULFSTREAM AEROSPACE Gulfstream G100,L2J,M
A6E251,N5424U,T206,CESSNA T206 Turbo Stationair,L1P,L
A6E351,N543CP,RV4,VANS RV-4,L1P,L
A6E851,N544RT,R44,ROBINSON R-44 Raven,H1P,L
A6E951,N5441P,PA24,PIPER PA-24 Comanche,L1P,L
A6EA51,N54480,,,,
A6F251,N547E,C72R,CESSNA 172R Cutlass RG,L1P,L
A6FB51,N549WB,SC7,SHORT Skyvan,L2T,L
A6FC51,N5494T,C182,CESSNA 182 Skylane,L1P,L
A6FD51,N55CN,BE95,BEECH 95 Travel Air,L2P,L
A70451,N551NC,C551,CESSNA 551 Citation 2SP,L2J,L
A70851,N552RA,C150,CESSNA 150,L1P,L
A70A51,N5528H,PA11,PIPER PA-11 Cub Special,L1P,L
A70D51,N5533,WACO,WACO E/O,L1P,L
A70F51,N554LR,BE55,BEECH 55 Baron,L2P,L
A71151,N5545C,C170,CESSNA 170,L1P,L
A71251,N555DH,C25A,CESSNA 525A Citation CJ2,L2J,L
A71351,N555PP,B06,BELL 206 JetRanger,H1T,L
A71851,N55618,P28A,PIPER PA-28-140/150/160/180,L1P,L
A71951,N5569J,ULAC,,L0-,-
A71B51,N557VK,BE36,BEECH 36 Bonanza,L1P,L
A72051,N5586D,P28R,PIPER PA-28R-180/200/201,L1P,L
A72351,N55906,P28R,PIPER PA-28R-180/200/201,L1P,L
A72451,N5598G,BT36,BEECH B36TC Bonanza,L1P,L
A72951,N5600Q,M20P,MOONEY M-20,L1P,L
A72D51,N5612T,C172,CESSNA 172 Skyhawk,L1P,L
A72E51,N56194,PA32,PIPER PA-32,L1P,L
A73551,N5636Z,PA22,PIPER PA-22,L1P,L
A73851,N5641R,C172,CESSNA 172 Skyhawk,L1P,L
A73A51,N565JM,GLF5,GULFSTREAM 5,L2J,M
A73C51,N5653U,P28A,PIPER PA-28-140/150/160/180,L1P,L
A74151,N567EB,BE36,BEECH 36 Bonanza,L1P,L
A74351,N5670P,PA24,PIPER PA-24 Comanche,L1P,L
A74C51,N57CQ,SRAI,GREAT PLAINS Sonerai,L1P,L
A75B51,N573UA,B763,BOEING 767-300,L2J,H
A75C51,N5733B,C182,CESSNA 182 Skylane,L1P,L
A75D51,N574AM,AS50,AEROSPATIALE AS-350 Ecureuil,H1T,L
A75E51,N574LT,ULAC,,L0-,-
A76051,N5745E,C150,CESSNA 150,L1P,L
A76451,N5757H,PA16,PIPER PA-16 Clipper,L1P,L
A76651,N576SP,C172,CESSNA 172 Skyhawk,L1P,L
A76A51,N577VM,C550,CESSNA 550 Citation S2,L2J,L
A76F51,N5786F,P28A,PIPER PA-28-140/150/160/180,L1P,L
A77451,N58HU,S58P,SIKORSKY S-58,H1P,L
A77551,N58U,BE35,BEECH 35 Starfire Bonanza,L1P,L
A77651,N580EE,C56X,CESSNA 560XL Citation XLS,L2J,M
A77851,N5800S,BE95,BEECH 95 Travel Air,L2P,L
A77951,N58073,ST75,STEARMAN Kaydet,L1P,L
A77A51,N581HC,C25C,CESSNA 525C Citation CJ4,L2J,M
A77B51,N581TJ,,,,
A77C51,N5812V,P28A,PIPER PA-28-140/150/160/180,L1P,L
A77E51,N582LA,AT6T,AIR TRACTOR AT-602,L1T,L
A78051,N5824Y,PA23,PIPER PA-23,L2P,L
A78151,N583CT,R44,ROBINSON R-44 Raven,H1P,L
A78851,N58484,C182,CESSNA 182 Skylane,L1P,L
A78B51,N5853W,P28A,PIPER PA-28-140/150/160/180,L1P,L
A79351,N58772,C182,CESSNA 182 Skylane,L1P,L
A79451,N588HB,DRON,,D0-,-
A79B51,N59CS,SRAI,GREAT PLAINS Sonerai,L1P,L
A7A051,N5904F,C210,CESSNA 201 Centurion,L1P,L
A7A151,N591CA,DA40,DIAMOND DA-40 Club Star,L1P,L
A7A451,N5916J,C172,CESSNA 172 Skyhawk,L1P,L
A7B051,N595DM,C25A,CESSNA 525A Citation CJ2,L2J,L
A7B551,N596SR,SR22,CIRRUS SR-22,L1P,L
A7BA51,N5974E,C150,CESSNA 150,L1P,L
A7C451,N6UB,C25A,CESSNA 525A Citation CJ2,L2J,L
A7C751,N600AT,C550,CESSNA 550 Citation S2,L2J,L
A7CA51,N6005L,SR22,CIRRUS SR-22,L1P,L
A7CB51,N601DR,CH60,ZENAIR CH-600 Zodiac,L1P,L
A7CD51,N6010C,BE19,BEECH 19 Sport,L1P,L
A7D151,N6022F,BE35,BEECH 35 Starfire Bonanza,L1P,L
A7D351,N603KM,LGEZ,RUTAN Long-EZ,L1P,L
A7D551,N6034J,C162,CESSNA 162 Skycatcher,L1P,L
A7D751,N604NK,A320,AIRBUS A-320,L2J,M
A7D951,N6046M,BALL,,B0-,-
A7E151,N607AS,B737,BOEING 737-700,L2J,M
A7E451,N6075K,C172,CESSNA 172 Skyhawk,L1P,L
A7EB51,N6092E,BE35,BEECH 35 Starfire Bonanza,L1P,L
A7ED51,N61KL,GLID,,L0-,-
A7EE51,N61VS,EC35,AIRBUS HELICOPTERS EC-135/635,H2T,L
A7F051,XA-VFR,BE9L,BEECH 90 King Air,L2T,L
A7F451,N611VA,SR20,CIRRUS SR-20,L1P,L
A7F551,N61132,C150,CESSNA 150,L1P,L
A7F751,N612MT,S22T,CIRRUS SR-22T Turbo,L1P,L
A7FC51,N6130X,M6,MAULE M-6,L1P,L
A7FE51,N614HH,AS50,AEROSPATIALE AS-350 Ecureuil,H1T,L
A80151,N615A,PA22,PIPER PA-22,L1P,L
A80251,N615LF,EC35,AIRBUS HELICOPTERS EC-135/635,H2T,L
A81051,N619BL,PA23,PIPER PA-23,L2P,L
A81151,N619MS,BEAR,AVIPRO RB-4 Bearhawk,L1P,L
A81451,N62EJ,,,,
A81751,N620MA,C560,CESSNA 560 Citation Ultra,L2J,M
A81C51,N6210E,C172,CESSNA 172 Skyhawk,L1P,L
A81D51,N6217R,C150,CESSNA 150,L1P,L
A82051,N6222H,P28R,PIPER PA-28R-180/200/201,L1P,L
A82151,N6229U,M20P,MOONEY M-20,L1P,L
A82451,N6234L,RV4,VANS RV-4,L1P,L
A82551,N624CF,C82T,CESSNA TR182 Turbo Skylane RG,L1P,L
A82851,N6246P,C152,CESSNA 152,L1P,L
A82A51,N625RK,RV6,VANS RV-6,L1P,L
A82F51,N6263J,P32R,PIPER PA-32R-300/301/301T,L1P,L
A83151,N627M,C150,CESSNA 150,L1P,L
A83351,N6275M,S108,STINSON 108 Voyager,L1P,L
A83451,N628DS,E55P,EMBRAER EMB-505 Phenom 300,L2J,M
A83951,N629SW,B733,BOEING 737-300,L2J,M
A83A51,N6292G,SEAW,Seawind,A1P,L
A84051,N63011,RS21,RANS S-21 Outbound,L1P,L
A84151,N6309B,C182,CESSNA 182 Skylane,L1P,L
A84451,N63134,T206,CESSNA T206 Turbo Stationair,L1P,L
A85451,N636D,BE35,BEECH 35 Starfire Bonanza,L1P,L
A85B51,N6379A,C182,CESSNA 182 Skylane,L1P,L
A85E51,N63833,SA50,STOLP Starlet,L1P,L
A86351,N64EL,BE23,BEECH 23 Sundowner,L1P,L
A86551,N640AX,B190,BEECH 1900,L2T,M
A86651,N640MC,B36T,BEECH 36 Turbine Bonanza,L1T,L
A86C51,N6417T,C150,CESSNA 150,L1P,L
A86D51,N642GT,B763,BOEING 767-300,L2J,H
A86F51,N6422K,C150,CESSNA 150,L1P,L
A87051,N6429W,P28A,PIPER PA-28-140/150/160/180,L1P,L
A87351,N6434N,C210,CESSNA 201 Centurion,L1P,L
A87451,N644CH,R44,ROBINSON R-44 Raven,H1P,L
A87751,N6446R,P28A,PIPER PA-28-140/150/160/180,L1P,L
A87F51,N647AW,A320,AIRBUS A-320,L2J,M
A88451,N648Q,BE35,BEECH 35 Starfire Bonanza,L1P,L
A88551,N6480F,C150,CESSNA 150,L1P,L
A88651,N6487S,C150,CESSNA 150,L1P,L
A88C51,N65VW,,,,
A88E51,N650SG,C650,CESSNA 650 Citation,L2J,M
A88F51,N65013,,,,
A89451,N652BR,CRJ2,BOMBARDIER Regional Jet CRJ-200,L2J,M
A89751,N65259,C172,CESSNA 172 Skyhawk,L1P,L
A8A251,N65547,ST75,STEARMAN Kaydet,L1P,L
A8A751,N657G,SREY,PROGRESSIVE AERODYNE SeaRey,A1P,L
A8AF51,N659MW,BE36,BEECH 36 Bonanza,L1P,L
A8B551,N660ME,R66,ROBINSON R-66,H1T,L
A8BA51,N6610J,P28A,PIPER PA-28-140/150/160/180,L1P,L
A8C651,N6646T,C150,CESSNA 150,L1P,L
A8CA51,N6658W,P28A,PIPER PA-28-140/150/160/180,L1P,L
A8D751,N669T,GLF4,GULFSTREAM 4,L2J,M
A8D951,N6699X,BE23,BEECH 23 Sundowner,L1P,L
A8DC51,N670GC,BE58,BEECH 58 Baron,L2P,L
A8E751,N673ER,C172,CESSNA 172 Skyhawk,L1P,L
A8E951,N67303,C152,CESSNA 152,L1P,L
A8EA51,N6738D,B47G,BELL 47G,H1P,L
A8ED51,N67426,DG15,HOWARD Nightingale,L1P,L
A8F151,N67549,C152,CESSNA 152,L1P,L
A8F551,N6767B,PA18,PIPER PA-18 Super Cub,L1P,L
A8F751,N677SH,A139,AGUSTA AW-139,H2T,L
A8FA51,N678K,C172,CESSNA 172 Skyhawk,L1P,L
A90451,N680MG,IR23,ICA IAR-823,L1P,L
A91051,N683WA,BE20,BEECH 200 Super King Air,L2T,M
A91251,N684CM,Z42,ZLIN Z-42/142/242,L1P,L
A91851,N6851M,S108,STINSON 108 Voyager,L1P,L
A91A51,N686JH,C25A,CESSNA 525A Citation CJ2,L2J,L
A92051,N6875T,RV9,VANS RV-9,L1P,L
A92251,N688QD,DRON,,D0-,-
A92351,N6880K,G164,GRUMMAN G-164 Ag-Cat,L1P,L
A92751,N6892N,M20P,MOONEY M-20,L1P,L
A92A51,N69W,C182,CESSNA 182 Skylane,L1P,L
A92C51,N690SL,SVNH,AEROTEC Savannah,L1P,L
A92E51,N6909H,J3,PIPER J-3 Cub,L1P,L
A93651,N693ET,DRON,,D0-,-
A93D51,N695AH,DRON,,D0-,-
A94051,N6955A,C172,CESSNA 172 Skyhawk,L1P,L
A94451,N6967D,PA18,PIPER PA-18 Super Cub,L1P,L
A94851,N6979G,C150,CESSNA 150,L1P,L
A94B51,N69839,B739,BOEING 737-900,L2J,M
A94D51,N699N,WACF,WACO F,L1P,L
A94F51,N6996B,PA18,PIPER PA-18 Super Cub,L1P,L
A95151,N7QY,AS50,AEROSPATIALE AS-350 Ecureuil,H1T,L
A95751,N7003B,PA22,PIPER PA-22,L1P,L
A95851,N701AM,C421,CESSNA 421 Executive Commuter,L2P,L
A95D51,N702PR,DV20,DIAMOND DA-20,L1P,L
A96151,N703SP,C172,CESSNA 172 Skyhawk,L1P,L
A96251,N7032,BE18,BEECH 18 Expetitor,L2P,L
A96551,N704VM,C150,CESSNA 150,L1P,L
A96651,N7044C,P28R,PIPER PA-28R-180/200/201,L1P,L
A96851,N705ND,P28A,PIPER PA-28-140/150/160/180,L1P,L
A96A51,N7056F,,,,
A96C51,N706RB,DRON,,D0-,-
A97351,N708LS,RV7,VANS RV-7,L1P,L
A97951,N7097G,C172,CESSNA 172 Skyhawk,L1P,L
A97A51,N71GG,BE55,BEECH 55 Baron,L2P,L
A97B51,N71SN,,,,
A97C51,N710CT,RV8,VANS RV-8,L1P,L
A97F51,N71061,J3,PIPER J-3 Cub,L1P,L
A98051,N711FR,A321,AIRBUS A-321,L2J,M
A98251,N7111T,C172,CESSNA 172 Skyhawk,L1P,L
A98351,N71184,CH60,ZENAIR CH-600 Zodiac,L1P,L
A98651,N7123W,P28A,PIPER PA-28-140/150/160/180,L1P,L
A98751,N713BF,PARA,,P0-,-
A98851,N713MM,HUSK,CHRISTEN Husky,L1P,L
A98B51,N714ED,P32R,PIPER PA-32R-300/301/301T,L1P,L
A98C51,N714QK,C185,CESSNA 185 Skywagon,L1P,L
A98D51,N7140R,P28A,PIPER PA-28-140/150/160/180,L1P,L
A98E51,N71472,L8,LUSCOMBE 8,L1P,L
A99251,N71595,C182,CESSNA 182 Skylane,L1P,L
A99351,N716L,ZZZZ,,-0-,-
A99551,N7164X,BALL,,B0-,-
A99651,N717CS,RV8,VANS RV-8,L1P,L
A99951,N71760,L8,LUSCOMBE 8,L1P,L
A99D51,N71883,L8,LUSCOMBE 8,L1P,L
A9A051,N7193V,M20P,MOONEY M-20,L1P,L
A9A251,N72ML,RV7,VANS RV-7,L1P,L
A9A751,N721AP,SR22,CIRRUS SR-22,L1P,L
A9AB51,N722DM,C82S,CESSNA T182 Turbo Skylane,L1P,L
A9AC51,N722PT,RV6,VANS RV-6,L1P,L
A9AE51,N7227K,PA18,PIPER PA-18 Super Cub,L1P,L
A9B051,N723SR,WACF,WACO F,L1P,L
A9B151,N7232B,BE35,BEECH 35 Starfire Bonanza,L1P,L
A9B251,N7239N,C182,CESSNA 182 Skylane,L1P,L
A9B351,N724KH,BE9L,BEECH 90 King Air,L2T,L
A9B551,N7244E,C182,CESSNA 182 Skylane,L1P,L
A9B651,N725C,S108,STINSON 108 Voyager,L1P,L
A9B951,N7256H,C82S,CESSNA T182 Turbo Skylane,L1P,L
A9C051,N7273C,L37,LOCKHEED L-137 Ventura,L2P,M
A9C151,N728AN,B77W,BOEING 777-300ER,L2J,H
A9C451,N7285F,P28A,PIPER PA-28-140/150/160/180,L1P,L
A9C551,N729DL,SAKO,RANS S-10 Sakota,L1P,L
A9C851,N7297J,P28A,PIPER PA-28-140/150/160/180,L1P,L
A9C951,N73GJ,C182,CESSNA 182 Skylane,L1P,L
A9CC51,N730PA,DRON,,D0-,-
A9CE51,N73063,C172,CESSNA 172 Skyhawk,L1P,L
A9D151,N7311V,C172,CESSNA 172 Skyhawk,L1P,L
A9D351,N732JR,C56X,CESSNA 560XL Citation XLS,L2J,M
A9D551,N7323Y,PA30,PIPER PA-30 Twin Comanche,L2P,L
A9D651,N733BH,SW4,SWEARINGEN Metro,L2T,M
A9D751,N733MP,C172,CESSNA 172 Skyhawk,L1P,L
A9D951,N73351,J3,PIPER J-3 Cub,L1P,L
A9DB51,N734QM,C172,CESSNA 172 Skyhawk,L1P,L
A9DC51,N7340T,BE23,BEECH 23 Sundowner,L1P,L
A9DE51,N735HD,C182,CESSNA 182 Skylane,L1P,L
A9DF51,N735TK,C182,CESSNA 182 Skylane,L1P,L
A9E251,N736LB,C177,CESSNA  177 Cardinal,L1P,L
A9E351,N736WH,C182,CESSNA 182 Skylane,L1P,L
A9E551,N737CU,C172,CESSNA 172 Skyhawk,L1P,L
A9E651,N737P,BE36,BEECH 36 Bonanza,L1P,L
A9EF51,N7393X,C150,CESSNA 150,L1P,L
A9F051,N74BG,C82S,CESSNA T182 Turbo Skylane,L1P,L
AA0051,N7432D,PA22,PIPER PA-22,L1P,L
AA0151,N7439Q,C182,CESSNA 182 Skylane,L1P,L
AA0351,N744VR,,,,
AA0C51,N7468N,BE36,BEECH 36 Bonanza,L1P,L
AA1851,N75GL,T210,CESSNA T210 Turbo Centurion,L1P,L
AA1951,N75SS,BE35,BEECH 35 Starfire Bonanza,L1P,L
AA1A51,N750CX,C750,CESSNA 750 Citation 10,L2J,M
AA1B51,N750PC,C340,CESSNA 340 Super,L2P,L
AA1D51,N75065,BALL,,B0-,-
AA2051,N7511X,,,,
AA2151,N75188,BALL,,B0-,-
AA2C51,N75476,,,,
AA2D51,N755HF,PC12,PILATUS PC-12,L1T,L
AA3051,N75599,DG15,HOWARD Nightingale,L1P,L
AA3851,N758FU,C172,CESSNA 172 Skyhawk,L1P,L
AA3A51,N7581W,P28A,PIPER PA-28-140/150/160/180,L1P,L
AA3B51,N75887,,,,
AA3C51,N759JS,C414,CESSNA 414 Chancellor,L2P,L
AA3E51,N7593Z,CH75,ZENAIR CH-750 Cruzer,L1P,L
AA3F51,N76BJ,PA18,PIPER PA-18 Super Cub,L1P,L
AA4051,N76MQ,B06,BELL 206 JetRanger,H1T,L
AA4751,N761XE,T210,CESSNA T210 Turbo Centurion,L1P,L
AA4851,N7615L,LA4,LAKE LA-4/200,A1P,L
AA4F51,N7632F,P28A,PIPER PA-28-140/150/160/180,L1P,L
AA5751,N7656M,C175,CESSNA 175 Skylark,L1P,L
AA5A51,N7661D,PA18,PIPER PA-18 Super Cub,L1P,L
AA5B51,N7668Q,C310,CESSNA 310,L2P,L
AA5C51,N767J,S76,SIKORSKY S-76 Spirit,H2T,L
AA5E51,N7673G,C172,CESSNA 172 Skyhawk,L1P,L
AA5F51,N768AS,B734,BOEING 737-400,L2J,M
AA6451,N769PW,,,,
AA6651,N7697N,BE33,BEECH 33 Bonanza,L1P,L
AA6E51,N771SC,CRUZ,CSA PS-28 Cruiser,L1P,L
AA6F51,N7711Z,,,,
AA7A51,N7740X,C172,CESSNA 172 Skyhawk,L1P,L
AA7D51,N775TP,,,,
AA7E51,N77520,B738,BOEING 737-800,L2J,M
AA8051,N776LF,A119,AGUSTA AW-119 Koala,H1T,L
AA8351,N777CY,RV6,VANS RV-6,L1P,L
AA8451,N777PD,BE35,BEECH 35 Starfire Bonanza,L1P,L
AA8551,N777ZK,,,,
AA8651,N77766,B06,BELL 206 JetRanger,H1T,L
AA8851,N778SB,DRON,,D0-,-
AA8D51,N77931,L8,LUSCOMBE 8,L1P,L
AA8E51,N78BL,C185,CESSNA 185 Skywagon,L1P,L
AA8F51,N78MS,PA31,PIPER PA-31-300/310/325/350/425,L2P,L
AA9151,N780JC,C421,CESSNA 421 Executive Commuter,L2P,L
AA9451,N781AV,B788,BOEING 787-8 Dreamliner,L2J,H
AA9751,N7815N,P28A,PIPER PA-28-140/150/160/180,L1P,L
AA9851,N782DT,,,,
AAA751,N786FD,B752,BOEING 757-200,L2J,M
AAA951,N7861F,C150,CESSNA 150,L1P,L
AAAA51,N7868S,BL8,BELLANCA 8 Decathlon,L1P,L
AAAF51,N788M,PA46,PIPER PA-46-310/350,L1P,L
AABF51,N7919B,DRON,,D0-,-
AAC251,N79234,C172,CESSNA 172 Skyhawk,L1P,L
AAC351,N793BP,B407,BELL 407,H1T,L
AAC551,N793YA,Q9,GENERAL ATOMICS MQ-9 Reaper,L1T,L
AAC651,N79357,M20P,MOONEY M-20,L1P,L
AACD51,N79522,C182,CESSNA 182 Skylane,L1P,L
AACE51,N796AB,PA18,PIPER PA-18 Super Cub,L1P,L
AAD851,N79810,M20P,MOONEY M-20,L1P,L
AADA51,N799JW,C240,CESSNA 240 Corvalis TTx,L1P,L
AADD51,N8BN,BE35,BEECH 35 Starfire Bonanza,L1P,L
AADF51,N8Y,,,,
AAE451,N80003,PTS2,PITTS S-2 Special,L1P,L
AAE751,N801TV,R44,ROBINSON R-44 Raven,H1P,L
AAE851,N80126,LA4,LAKE LA-4/200,A1P,L
AAEA51,N802LM,AT8T,AIR TRACTOR AT-802,L1T,M
AAEE51,N803PK,SR22,CIRRUS SR-22,L1P,L
AAF051,N8037B,C172,CESSNA 172 Skyhawk,L1P,L
AAF251,N804SH,PC12,PILATUS PC-12,L1T,L
AAF351,N80414,C172,CESSNA 172 Skyhawk,L1P,L
AAF451,N8049E,CH60,ZENAIR CH-600 Zodiac,L1P,L
AAF551,N805K,RV8,VANS RV-8,L1P,L
AAF751,N80537,C172,CESSNA 172 Skyhawk,L1P,L
AAFE51,N80702,P32R,PIPER PA-32R-300/301/301T,L1P,L
AB0351,N809AE,E135,EMBRAER ERJ-135,L2J,M
AB0C51,N8104S,C150,CESSNA 150,L1P,L
AB1251,N812RR,M7,MAULE M-7,L1P,L
AB1551,N813JH,T206,CESSNA T206 Turbo Stationair,L1P,L
AB1751,N8133Q,C310,CESSNA 310,L2P,L
AB1851,N814B,ZZZZ,,-0-,-
AB1B51,N8145T,C175,CESSNA 175 Skylark,L1P,L
AB1E51,N8150K,G164,GRUMMAN G-164 Ag-Cat,L1P,L
AB1F51,N8157W,P28A,PIPER PA-28-140/150/160/180,L1P,L
AB2151,N816TB,PTS1,PITTS S-1 Special,L1P,L
AB2351,N8169Z,PA32,PIPER PA-32,L1P,L
AB2551,N817W,PRM1,RAYTHEON 390 Premier 1,L2J,L
AB2651,N8174R,PA34,PIPER PA-34 Seneca,L2P,L
AB2751,N818CL,XNON,CELIER Xenon,G1P,L
AB2A51,N8186U,C172,CESSNA 172 Skyhawk,L1P,L
AB2D51,N8191L,PA34,PIPER PA-34 Seneca,L2P,L
AB2F51,N82JG,BE55,BEECH 55 Baron,L2P,L
AB3351,N82005,P28A,PIPER PA-28-140/150/160/180,L1P,L
AB3651,N821TX,H25B,HAWKER BEECHCRAFT Hawker 750/850,L2J,M
AB3851,N822AH,FDCT,FLIGHT DESIGN CT,L1P,L
AB3A51,N822WV,PARA,,P0-,-
AB3B51,N8225A,C170,CESSNA 170,L1P,L
AB3D51,N823PM,C550,CESSNA 550 Citation S2,L2J,L
AB3F51,N8237D,BE35,BEECH 35 Starfire Bonanza,L1P,L
AB4151,N824SK,CRJ9,BOMBARDIER Regional Jet CRJ-900,L2J,M
AB4251,N82416,CH7A,BELLANCA 7 Champion,L1P,L
AB4351,N8249G,C182,CESSNA 182 Skylane,L1P,L
AB4A51,N8266B,C172,CESSNA 172 Skyhawk,L1P,L
AB4D51,N82704,CH7A,BELLANCA 7 Champion,L1P,L
AB4E51,N8278E,C172,CESSNA 172 Skyhawk,L1P,L
AB5551,N8295,BALL,,B0-,-
AB5651,N83DE,VEZE,RUTAN VariEze,L1P,L
AB6251,N8321P,R22,ROBINSON R-22 Mariner,H1P,L
AB6351,N83280,CH7A,BELLANCA 7 Champion,L1P,L
AB6851,N834MH,B764,BOEING 767-400,L2J,H
AB6D51,N8350M,R22,ROBINSON R-22 Mariner,H1P,L
AB6E51,N8357Y,PA30,PIPER PA-30 Twin Comanche,L2P,L
AB7551,N8374T,PA32,PIPER PA-32,L1P,L
AB7B51,N839RS,L39,LET L-39 Albatros,L1J,L
AB7C51,N8391N,BE55,BEECH 55 Baron,L2P,L
AB8251,N84007,P28A,PIPER PA-28-140/150/160/180,L1P,L
AB8F51,N844GF,GLF4,GULFSTREAM 4,L2J,M
AB9151,N84418,CH7A,BELLANCA 7 Champion,L1P,L
AB9251,N8449J,C150,CESSNA 150,L1P,L
AB9D51,N8478G,C150,CESSNA 150,L1P,L
ABA451,N8495B,CRJ2,BOMBARDIER Regional Jet CRJ-200,L2J,M
ABA551,N85DG,CB1,HATZ CB-1 Classic,L1P,L
ABA951,N850WE,TBM7,SOCATA TBM-700A/B/C,L1T,L
ABB051,N852RV,RV8,VANS RV-8,L1P,L
ABB351,N853JM,SR22,CIRRUS SR-22,L1P,L
ABB551,N8533U,C172,CESSNA 172 Skyhawk,L1P,L
ABB951,N8545X,PARA,,P0-,-
ABBC51,N8550P,PA24,PIPER PA-24 Comanche,L1P,L
ABBE51,N856H,P68,PARTENAVIA P-68 Observer,L2P,L
ABC351,N857WD,P46T,PIPER PA-46-500TP,L1T,L
ABC651,N858NW,A332,AIRBUS A-330-200,L2J,H
ABC851,N8586Y,PA30,PIPER PA-30 Twin Comanche,L2P,L
ABCC51,N85981,AR11,AERONCA 11 Chief,L1P,L
ABCD51,N86JL,EVOP,LANCAIR Evolution Piston,L1P,L
ABCE51,N86US,,,,
ABD051,N860RC,C421,CESSNA 421 Executive Commuter,L2P,L
ABD551,N8613B,C172,CESSNA 172 Skyhawk,L1P,L
ABDD51,N8637H,NAVI,NORTH AMERICAN Navion,L1P,L
ABDF51,N864SP,C172,CESSNA 172 Skyhawk,L1P,L
ABE051,N8642,GLID,,L0-,-
ABEC51,N8678J,C150,CESSNA 150,L1P,L
ABF351,N8695D,B738,BOEING 737-800,L2J,M
ABF451,N87DJ,GLAS,Glasair,L1P,L
ABF751,N870LA,AT8T,AIR TRACTOR AT-802,L1T,M
ABFD51,N87161,ERCO,AIR PRODUCTS F-1 Aircoupe,L1P,L
AC0151,N87284,ERCO,AIR PRODUCTS F-1 Aircoupe,L1P,L
AC0651,N874MM,AT8T,AIR TRACTOR AT-802,L1T,M
AC0951,N875ED,GLST,GLASAIR SH-4 GlaStar,L1P,L
AC0B51,N8750R,COUR,HELIO Courier,L1P,L
AC0F51,N8762U,C172,CESSNA 172 Skyhawk,L1P,L
AC1051,N87695,,,,
AC1451,N878CS,LJ60,LEARJET 60,L2J,M
AC1951,N879RW,E170,EMBRAER ERJ-170-100,L2J,M
AC1A51,N8791S,AT3T,AIR TRACTOR AT-302/402,L1T,L
AC1C51,N88JN,KR2,RAND KR-2,L1P,L
AC2151,N8808M,J3,PIPER J-3 Cub,L1P,L
AC2851,N8825G,C404,CESSNA 404 Titan,L2P,L
AC2E51,N884SR,SR22,CIRRUS SR-22,L1P,L
AC3051,N8849N,P28A,PIPER PA-28-140/150/160/180,L1P,L
AC3A51,N8871,CASS,NATIONAL AERONAUTICS Cassutt 3M,L1P,L
AC3C51,N888HW,M20P,MOONEY M-20,L1P,L
AC3D51,N888UB,DA42,DIAMOND DA-42 Guardian,L2P,L
AC3E51,N8883C,PA22,PIPER PA-22,L1P,L
AC4451,N89PS,PTS2,PITTS S-2 Special,L1P,L
AC4A51,N891PA,AS50,AEROSPATIALE AS-350 Ecureuil,H1T,L
AC5A51,N8950T,C182,CESSNA 182 Skylane,L1P,L
AC6351,N898CU,B763,BOEING 767-300,L2J,H
AC6451,N898P,P28A,PIPER PA-28-140/150/160/180,L1P,L
AC6751,N899FS,GLF4,GULFSTREAM 4,L2J,M
AC6D51,N90FA,BE65,BEECH 65 Queen Air,L2P,L
AC6E51,N90RG,GLF4,GULFSTREAM 4,L2J,M
AC7051,N900MT,BE9L,BEECH 90 King Air,L2T,L
AC7251,N90055,C140,CESSNA 140,L1P,L
AC7551,N9010X,BALL,,B0-,-
AC7D51,N90343,,,,
AC8151,N90466,BALL,,B0-,-
AC8451,N9051Y,BALL,,B0-,-
AC8751,N906V,BE55,BEECH 55 Baron,L2P,L
AC9451,N91,CL60,BOMBARDIER CL-600 Challenger,L2J,M
AC9551,N91LE,RV6,VANS RV-6,L1P,L
AC9651,N91WL,RV7,VANS RV-7,L1P,L
AC9951,N9102H,PA46,PIPER PA-46-310/350,L1P,L
AC9A51,N9109U,C150,CESSNA 150,L1P,L
AC9B51,N911KP,UH1,BELL UH-1 Huey,H1T,L
AC9C51,N911VV,DRON,,D0-,-
AC9F51,N912NM,PC12,PILATUS PC-12,L1T,L
ACA151,N9126P,PA24,PIPER PA-24 Comanche,L1P,L
ACA251,N913FD,B752,BOEING 757-200,L2J,M
ACA551,N9138S,BE35,BEECH 35 Starfire Bonanza,L1P,L
ACA651,N914JB,C82S,CESSNA T182 Turbo Skylane,L1P,L
ACA851,N9143J,P28A,PIPER PA-28-140/150/160/180,L1P,L
ACAA51,N915M,AS50,AEROSPATIALE AS-350 Ecureuil,H1T,L
ACAC51,N9155M,C182,CESSNA 182 Skylane,L1P,L
ACAD51,N916DS,PA34,PIPER PA-34 Seneca,L2P,L
ACAE51,N916PY,C172,CESSNA 172 Skyhawk,L1P,L
ACAF51,N9160D,PA22,PIPER PA-22,L1P,L
ACB051,N9167Q,PA46,PIPER PA-46-310/350,L1P,L
ACB251,N917SW,CRJ2,BOMBARDIER Regional Jet CRJ-200,L2J,M
ACB351,N9172G,C188,CESSNA 188 AgTruck,L1P,L
ACB751,N9184K,T206,CESSNA T206 Turbo Stationair,L1P,L
ACB851,N919CE,RS21,RANS S-21 Outbound,L1P,L
ACBB51,N9196N,L29,AERO L-29 Delfin,L1J,L
ACBC51,N92FC,BE9L,BEECH 90 King Air,L2T,L
ACBD51,N92RJ,RV9,VANS RV-9,L1P,L
ACC151,N92057,J3,PIPER J-3 Cub,L1P,L
ACC751,N922TR,BE40,BEECH 400 Beechjet,L2J,M
ACCA51,N923LH,AT5T,AIR TRACTOR AT-504,L1T,L
ACCD51,N924D,RV6,VANS RV-6,L1P,L
ACD851,N927BN,,,,
ACDB51,N92756,BE18,BEECH 18 Expetitor,L2P,L
ACDD51,N928QS,C680,CESSNA 680 Citation Sovereign,L2J,M
ACDF51,N92879,ZZZZ,,-0-,-
ACE251,N92921,SKYR,REARWIN Skyranger,L1P,L
ACE951,N9309W,P28B,PIPER PA-28-201T/235/236,L1P,L
ACF551,N934JD,C310,CESSNA 310,L2P,L
ACF951,N935MB,RV7,VANS RV-7,L1P,L
ACFC51,N936DU,B739,BOEING 737-900,L2J,M
ACFD51,N936Q,BE35,BEECH 35 Starfire Bonanza,L1P,L
AD0251,N9372J,P28A,PIPER PA-28-140/150/160/180,L1P,L
AD0651,N9384M,M20P,MOONEY M-20,L1P,L
AD0751,N939CG,R44,ROBINSON R-44 Raven,H1P,L
AD0851,N939NN,B738,BOEING 737-800,L2J,M
AD0A51,N9396Q,BE33,BEECH 33 Bonanza,L1P,L
AD1051,N94059,C185,CESSNA 185 Skywagon,L1P,L
AD1C51,N944DB,P28R,PIPER PA-28R-180/200/201,L1P,L
AD1D51,N944PH,S92,SIKORSKY S-92 Helibus,H2T,M
AD2051,N945G,C82T,CESSNA TR182 Turbo Skylane RG,L1P,L
AD2351,N9459C,C172,CESSNA 172 Skyhawk,L1P,L
AD2651,N94635,ERCO,AIR PRODUCTS F-1 Aircoupe,L1P,L
AD2A51,N94758,ERCO,AIR PRODUCTS F-1 Aircoupe,L1P,L
AD2D51,N94800,C182,CESSNA 182 Skylane,L1P,L
AD2E51,N9488A,C140,CESSNA 140,L1P,L
AD3051,N949TS,,,,
AD3251,N95AC,K100,DAHER Kodiak 100,L1T,L
AD3351,N95LJ,LGEZ,RUTAN Long-EZ,L1P,L
AD3551,N950GV,P06T,TECNAM P-2006T,L2P,L
AD3751,N9502M,M20P,MOONEY M-20,L1P,L
AD4251,N9531K,P28B,PIPER PA-28-201T/235/236,L1P,L
AD4351,N9538W,P28A,PIPER PA-28-140/150/160/180,L1P,L
AD4E51,N9567U,AA1,AMERICAN AA-1,L1P,L
AD5051,N957T,P32R,PIPER PA-32R-300/301/301T,L1P,L
AD5151,N9572L,C172,CESSNA 172 Skyhawk,L1P,L
AD5251,N9579X,C82R,CESSNA R182 Skylane RG,L1P,L
AD5551,N9584P,PA25,PIPER PA-25 Pawnee,L1P,L
AD5C51,N960BT,DC3,DOUGLAS DC-3 Dakota,L2P,M
AD6051,N961ER,C182,CESSNA 182 Skylane,L1P,L
AD6351,N9618D,PA22,PIPER PA-22,L1P,L
AD6651,N96226,TAYB,TAYLORCRAFT BC/BF/BL,L1P,L
AD6B51,N964DD,R44,ROBINSON R-44 Raven,H1P,L
AD6E51,N9647B,C72R,CESSNA 172R Cutlass RG,L1P,L
AD7351,N966K,T6,NORTH AMERICAN T-6 Texan,L1P,L
AD7F51,N969TU,,,,
AD8251,N97LL,CC19,CUB CRAFTERS CC-19 XCub,L1P,L
AD8351,N97WS,BE36,BEECH 36 Bonanza,L1P,L
AD8651,N9702P,PA18,PIPER PA-18 Super Cub,L1P,L
AD9151,N9731M,M20P,MOONEY M-20,L1P,L
AD9651,N975B,BE35,BEECH 35 Starfire Bonanza,L1P,L
AD9D51,N9767W,P28A,PIPER PA-28-140/150/160/180,L1P,L
ADAE51,N9806C,T6,NORTH AMERICAN T-6 Texan,L1P,L
ADB951,N9835A,C195,CESSNA 195,L1P,L
ADC151,N9859G,C172,CESSNA 172 Skyhawk,L1P,L
ADC851,N9876B,CH7A,BELLANCA 7 Champion,L1P,L
ADCC51,N9888E,C182,CESSNA 182 Skylane,L1P,L
ADCF51,N98927,PA12,PIPER PA-12 Super Cruiser,L1P,L
ADD051,N99AG,C25B,CESSNA 525B Citation CJ3,L2J,L
ADD251,N99WU,,,,
ADD651,N99092,ERCO,AIR PRODUCTS F-1 Aircoupe,L1P,L
ADD951,N9914U,AA5,AMERICAN AA-5 Tiger,L1P,L
ADDA51,N992CP,C72R,CESSNA 172R Cutlass RG,L1P,L
ADDD51,N9926X,C185,CESSNA 185 Skywagon,L1P,L
ADE751,N995XP,PARA,,P0-,-
ADE951,N996E,,,,
ADEC51,N9967Y,CH7B,BELLANCA 7 Citabria,L1P,L
ADF551,N999NU,PARA,,P0-,-
ADFE51,94-00322,BE20,BEECH 200 Super King Air,L2T,M
ADFF51,67-14829,T38,NORTHROP T-38 Talon,L2J,L
AE0051,65-10336,T38,NORTHROP T-38 Talon,L2J,L
AE0151,57-1493,K35R,BOEING KC-135R/T Stratotanker,L4J,H
AE0251,97-1354,C30J,LOCKHEED MARTIN C-130J Super Hercules,L4T,M
AE0451,162157,C2,GRUMMAN C-2 Greyhound,L2T,M
AE0651,58-0057,K35R,BOEING KC-135R/T Stratotanker,L4J,H
AE0751,163842,BE20,BEECH 200 Super King Air,L2T,M
AE0C51,86-24460,H60,SIKORSKY UH-60 Black Hawk,H2T,M
AE0D51,82-23690,H60,SIKORSKY UH-60 Black Hawk,H2T,M
AE0E51,96-26690,H60,SIKORSKY UH-60 Black Hawk,H2T,M
AE1151,165991,TEX2,BEECHCRAFT T-6 Texan 2,L1T,L
AE1251,165835,B737,BOEING 737-700,L2J,M
AE1451,05-5147,C17,BOEING C-17 Globemaster 3,L4J,H
AE1551,02-05311,H64,MCDONNELL DOUGLAS AH-64 Apache,H2T,M
AE1751,06-3863,TEX2,BEECHCRAFT T-6 Texan 2,L1T,L
AE1851,03-03727,H47,BOEING-VERTOL CH-47 Chinook,H2T,M
AE1951,80-0166,A10,FAIRCHILD A-10 Thunderbolt II,L2J,M
AE1E51,07-3881,TEX2,BEECHCRAFT T-6 Texan 2,L1T,L
AE1F51,08-72066,EC45,AIRBUS HELICOPTERS EC-145,H2T,L
AE2051,14-72322,EC45,AIRBUS HELICOPTERS EC-145,H2T,L
AE2151,04-27011,H60,SIKORSKY UH-60 Black Hawk,H2T,M
AE2651,76-0166,BE20,BEECH 200 Super King Air,L2T,M
AE4A51,09-03785,H47,BOEING-VERTOL CH-47 Chinook,H2T,M
AE5251,07-08738,H47,BOEING-VERTOL CH-47 Chinook,H2T,M
AE5651,12-20440,H60,SIKORSKY UH-60 Black Hawk,H2T,M
AE5751,15-46011,B762,BOEING 767-200,L2J,H
AE5A51,14-72357,EC45,AIRBUS HELICOPTERS EC-145,H2T,L
AE5D51,16-20840,H60,SIKORSKY UH-60 Black Hawk,H2T,M
AE5F51,169568,P8,BOEING P-8 Poseidon,L2J,M
AE6251,74-59188,B212,BELL 212,H2T,L
AE6351,20-72473,EC45,AIRBUS HELICOPTERS EC-145,H2T,L
C00051,C-FADC,RV6,VANS RV-6,L1P,L
C00151,C-FAMY,SPIT,SUPERMARINE Spitfire,L1P,L
C00351,C-FBGQ,,,,
C00451,C-FBQM,CL60,BOMBARDIER CL-600 Challenger,L2J,M
C00551,C-FCAI,PA30,PIPER PA-30 Twin Comanche,L2P,L
C00651,C-FCKE,ZZZZ,,-0-,-
C00851,C-FDDW,CNUK,FLEET 80 Canuck,L1P,L
C00951,C-FDNS,RV6,VANS RV-6,L1P,L
C00A51,C-FDXO,BALL,,B0-,-
C00B51,C-FEHK,AEST,AEROSTAR 600,L2P,L
C00C51,C-FERG,CH7A,BELLANCA 7 Champion,L1P,L
C00D51,C-FFBC,B38M,BOEING 737 MAX 8,L2J,M
C00E51,C-FFKY,,,,
C00F51,C-FFUU,,,,
C01151,C-FGOM,CH7B,BELLANCA 7 Citabria,L1P,L
C01351,C-FHIE,BALL,,B0-,-
C01551,C-FIBW,B737,BOEING 737-700,L2J,M
C01651,C-FILS,RAF2,ROTARY AIR FORCE RAF-2000,G1P,L
C01751,C-FIVO,AS50,AEROSPATIALE AS-350 Ecureuil,H1T,L
C01951,C-FJPG,C172,CESSNA 172 Skyhawk,L1P,L
C01A51,C-FJZC,DV20,DIAMOND DA-20,L1P,L
C01C51,C-FKSU,,,,
C01D51,C-FLCQ,P28A,PIPER PA-28-140/150/160/180,L1P,L
C01E51,C-FLMM,HROC,HARMON Rocket,L1P,L
C01F51,C-FLWI,S108,STINSON 108 Voyager,L1P,L
C02051,C-FMGE,,,,
C02251,C-FMZW,GLID,,L0-,-
C02351,C-FNJS,L8,LUSCOMBE 8,L1P,L
C02451,C-FNTO,BALL,,B0-,-
C02551,C-FODK,DHC3,DE HAVILLAND DHC-3 Otter,L1P,L
C02651,C-FONG,P337,CESSNA P337 Skymaster,L2P,L
C02751,C-FOXC,C180,CESSNA  180 Skywagon,L1P,L
C02851,C-FPGY,C172,CESSNA 172 Skyhawk,L1P,L
C02B51,C-FQKM,M20P,MOONEY M-20,L1P,L
C02D51,C-FREE,G150,GULFSTREAM G150,L2J,M
C02E51,C-FROA,T6,NORTH AMERICAN T-6 Texan,L1P,L
C03051,C-FSHS,L8,LUSCOMBE 8,L1P,L
C03251,C-FTBK,L8,LUSCOMBE 8,L1P,L
C03351,C-FTLG,CRER,RANS Courier,L1P,L
C03451,C-FTVC,COL3,CESSNA 350 Corvalis,L1P,L
C03551,C-FUEY,C180,CESSNA  180 Skywagon,L1P,L
C03651,C-FUOU,GYRO,,G0-,-
C03751,C-FUYQ,C150,CESSNA 150,L1P,L
C03951,C-FVSI,,,,
C03A51,C-FWCE,B06,BELL 206 JetRanger,H1T,L
C03C51,C-FWVW,C180,CESSNA  180 Skywagon,L1P,L
C03D51,C-FXFS,,,,
C03E51,C-FXPO,PA25,PIPER PA-25 Pawnee,L1P,L
C03F51,C-FXZK,C185,CESSNA 185 Skywagon,L1P,L
C04051,C-FYJG,A319,AIRBUS A-319,L2J,M
C04151,C-FYTC,NAVI,NORTH AMERICAN Navion,L1P,L
C04451,C-FZWQ,R22,ROBINSON R-22 Mariner,H1P,L
C04551,C-GAGM,AT5T,AIR TRACTOR AT-504,L1T,L
C04851,C-GBKA,C185,CESSNA 185 Skywagon,L1P,L
C04951,C-GBTW,C172,CESSNA 172 Skyhawk,L1P,L
C04A51,C-GCDS,GLEX,BOMBARDIER BD-700 Global 6000/6500,L2J,M
C04B51,C-GCNO,B733,BOEING 737-300,L2J,M
C04E51,C-GDRC,,,,
C04F51,C-GEAY,,,,
C05051,C-GEKU,C172,CESSNA 172 Skyhawk,L1P,L
C05151,C-GEUQ,,,,
C05251,C-GFEM,C182,CESSNA 182 Skylane,L1P,L
C05551,C-GGIA,JS31,BRITISH AEROSPACE Jetstream T.Mk.3,L2T,M
C05651,C-GGRW,C206,CESSNA  206 Stationair,L1P,L
C05751,C-GHBS,CL60,BOMBARDIER CL-600 Challenger,L2J,M
C05851,C-GHLO,C182,CESSNA 182 Skylane,L1P,L
C05951,C-GHVK,EC20,AIRBUS HELICOPTERS EC-120,H1T,L
C05C51,C-GIYY,C150,CESSNA 150,L1P,L
C05E51,C-GJSQ,C172,CESSNA 172 Skyhawk,L1P,L
C05F51,C-GKCM,PA30,PIPER PA-30 Twin Comanche,L2P,L
C06051,C-GKMI,C182,CESSNA 182 Skylane,L1P,L
C06151,C-GKWE,DH8D,DE HAVILLAND DHC-8-400 Dash 8,L2T,M
C06251,C-GLGA,C208,CESSNA 208 Caravan,L1T,L
C06351,C-GLPW,ZZZZ,,-0-,-
C06551,C-GMJO,C206,CESSNA  206 Stationair,L1P,L
C06651,C-GMTK,,,,
C06751,C-GNDG,B738,BOEING 737-800,L2J,M
C06951,C-GNWY,BE23,BEECH 23 Sundowner,L1P,L
C06B51,C-GOQQ,GLID,,L0-,-
C06C51,C-GPAM,DHC2,DE HAVILLAND DHC-2 Beaver,L1P,L
C06D51,C-GPKI,SR20,CIRRUS SR-20,L1P,L
C07051,C-GQNW,PL2,PAZMANY PL-2,L1P,L
C07151,C-GQXS,C172,CESSNA 172 Skyhawk,L1P,L
C07251,C-GRHO,C150,CESSNA 150,L1P,L
C07351,C-GRRK,DA40,DIAMOND DA-40 Club Star,L1P,L
C07451,C-GSBG,PA31,PIPER PA-31-300/310/325/350/425,L2P,L
C07551,C-GSLC,C56X,CESSNA 560XL Citation XLS,L2J,M
C07851,C-GTOQ,C172,CESSNA 172 Skyhawk,L1P,L
C07951,C-GTYM,C172,CESSNA 172 Skyhawk,L1P,L
C07A51,C-GUII,C180,CESSNA  180 Skywagon,L1P,L
C07B51,C-GUSE,C172,CESSNA 172 Skyhawk,L1P,L
C07C51,C-GVCA,C172,CESSNA 172 Skyhawk,L1P,L
C07D51,C-GVLW,,,,
C08151,C-GWZG,C170,CESSNA 170,L1P,L
C08251,C-GXJC,C182,CESSNA 182 Skylane,L1P,L
C08351,C-GXSY,BALL,,B0-,-
C08451,C-GYCU,GLST,GLASAIR SH-4 GlaStar,L1P,L
C08651,C-GYWM,ULAC,,L0-,-
C08751,C-GZGI,PTS1,PITTS S-1 Special,L1P,L
C08951,C-IAAA,ECHO,TECNAM P-92 Echo,L1P,L
C08A51,C-IAJW,ULAC,,L0-,-
C08C51,C-IBDO,PARA,,P0-,-
C08D51,C-IBNK,ULAC,,L0-,-
C08E51,C-IBXG,ULAC,,L0-,-
C08F51,C-ICHC,ULAC,,L0-,-
C09151,C-IDAU,ULAC,,L0-,-
C09251,C-IDKQ,ULAC,,L0-,-
C09351,C-IDUM,ULAC,,L0-,-
C09451,C-IEEI,ULAC,,L0-,-
C09551,C-IEOE,CUB2,ACES HIGH Cuby 2,L1P,L
C09651,C-IEYA,,,,
C09751,C-IFHW,PARA,,P0-,-
C09851,C-IFRS,PARA,,P0-,-
C09951,C-IGBO,ULAC,,L0-,-
C09A51,C-IGLK,ULAC,,L0-,-
C09E51,C-IHYU,ULAC,,L0-,-
C09F51,C-IIIQ,PARA,,P0-,-
C0A351,C-IJWA,,,,
C0A551,C-IKPS,ULAC,,L0-,-
C0A751,C-ILJK,ULAC,,L0-,-
C0A951,C-IMDC,BUCA,ADVANCED AEROMARINE Buccaneer,A1P,L
C0AA51,C-IMMY,TRDO,TITAN Tornado SS,L1P,L
C0B651,C-IRBC,ULAC,,L0-,-
C0BD51,C-ITSA,FDCT,FLIGHT DESIGN CT,L1P,L
C1E451,SERV,SERV,,V0-,-
C2B251,140118,P3,LOCKHEED P-3 Orion,L4T,M
C80051,ZK-AKC,DH82,DE HAVILLAND DH-82 Tiger Moth,L1P,L
C80151,ZK-BYJ,C180,CESSNA  180 Skywagon,L1P,L
C80251,ZK-CYA,C185,CESSNA 185 Skywagon,L1P,L
C80351,ZK-DPJ,C180,CESSNA  180 Skywagon,L1P,L
C80451,ZK-EME,FU24,FLETCHER FU-24,L1P,L
C80851,ZK-GJW,GLID,,L0-,-
C80A51,ZK-HKO,B06,BELL 206 JetRanger,H1T,L
C80F51,ZK-SIO,SAKO,RANS S-10 Sakota,L1P,L
C81051,ZK-HRL,H269,HUGHES Sky Knight,H1P,L
C81451,ZK-WKK,C182,CESSNA 182 Skylane,L1P,L
C81851,ZK-SAS,P51,NORTH AMERICAN P-51 Mustang,L1P,L
C81A51,ZK-HEO,R44,ROBINSON R-44 Raven,H1P,L
C81B51,ZK-KMA,ECHO,TECNAM P-92 Echo,L1P,L
C81C51,ZK-RTE,P28R,PIPER PA-28R-180/200/201,L1P,L
C81D51,ZK-GDR,VENT,SCHEMPP-HIRTH Ventus,L1P,L
C81E51,ZK-MLY,C172,CESSNA 172 Skyhawk,L1P,L
C82051,ZK-WRM,RBEL,MURPHY Rebel,L1P,L
C82151,ZK-EAY,ZZZZ,,-0-,-
C82251,ZK-CVK,SVNH,AEROTEC Savannah,L1P,L
C82351,ZK-LFK,AP22,AEROPRACT A-22,L1P,L
C82451,ZK-HWL,B06,BELL 206 JetRanger,H1T,L
C82751,ZK-GUS,ARCP,SCHEMPP-HIRTH Arcus M,L1P,L
E03051,LV-CAQ,BE9L,BEECH 90 King Air,L2T,L
E03251,LV-CIQ,C680,CESSNA 680 Citation Sovereign,L2J,M
E03351,LV-CMQ,BE35,BEECH 35 Starfire Bonanza,L1P,L
E03651,LV-CYQ,LJ45,LEARJET 45,L2J,M
E06451,LV-FQQ,SR22,CIRRUS SR-22,L1P,L
E07051,LV-GAQ,E190,EMBRAER ERJ-190-100,L2J,M
E07151,LV-GEQ,PA34,PIPER PA-34 Seneca,L2P,L
E07251,LV-GIQ,E190,EMBRAER ERJ-190-100,L2J,M
E07351,LV-GMQ,C25M,CESSNA 525 Citation M2,L2J,L
E08151,LV-HEQ,TWEN,TECNAM Twenty-Ten,L1P,L
E08251,LV-HIQ,P46T,PIPER PA-46-500TP,L1T,L
E08351,LV-HMQ,R66,ROBINSON R-66,H1T,L
E08651,LQ-HYQ,S22T,CIRRUS SR-22T Turbo,L1P,L
E09051,LV-IAQ,LJ31,LEARJET 31,L2J,M
E09251,LV-IIQ,C180,CESSNA  180 Skywagon,L1P,L
E09551,LV-IUQ,B505,BELL 505 JetRanger X,H1T,L
E09651,LV-IYQ,LJ35,LEARJET 35,L2J,M
E0A251,LV-JIQ,C56X,CESSNA 560XL Citation XLS,L2J,M
E0A451,LV-JQQ,LJ60,LEARJET 60,L2J,M
E0A551,LV-JUQ,AT8T,AIR TRACTOR AT-802,L1T,M
E0B051,LV-KAQ,P212,TECNAM P-2012 Traveller,L2P,L
E20051,LV-S042,ECHO,TECNAM P-92 Echo,L1P,L
E47E51,PT-MZL,A320,AIRBUS A-320,L2J,M
E47F51,PR-GTG,B738,BOEING 737-800,L2J,M
E48051,PR-BZE,PC12,PILATUS PC-12,L1T,L
E48D51,PP-DLA,P180,PIAGGIO P-180 Avanti,L2T,L
E48E51,FAB5001,EC25,AIRBUS HELICOPTERS EC-225/725,H2T,M
E49151,PR-DRJ,E55P,EMBRAER EMB-505 Phenom 300,L2J,M
E49351,PR-EAK,BE20,BEECH 200 Super King Air,L2T,M
E49651,PS-ASL,C25M,CESSNA 525 Citation M2,L2J,L
E80251,CC-COY,A319,AIRBUS A-319,L2J,M
E80451,CC-BGK,B789,BOEING 787-9 Dreamliner,L2J,H
E80651,452,E314,EMBRAER EMB-314 Super Tucano,L1T,L
E80851,CC-PGG,R44,ROBINSON R-44 Raven,H1P,L
E88051,ZP-BTI,BE58,BEECH 58 Baron,L2P,L
