008759,ZS-CTS,DH82,DE HAVILLAND DH-82 Tiger Moth,L1P,L
00AF59,ZS-RXO,B407,BELL 407,H1T,L
00B259,ZS-TBC,C206,CESSNA  206 Stationair,L1P,L
00BF59,ZS-XZC,AT76,ATR-72-600,L2T,M
00C459,ZS-ZWI,B738,BOEING 737-800,L2J,M
010059,SU-EAJ,T204,TUPOLEV Tu-204/214/224/234,L2J,M
010259,SU-BVI,E190,EMBRAER ERJ-190-100,L2J,M
020059,CN-ANJ,B350,BEECHCRAFT Super King Air 350,L2T,M
038259,TU-TSZ,A319,AIRBUS A-319,L2J,M
040159,ET-AVQ,B77L,BOEING 777-200LR,L2J,H
04C159,5Y-KZG,B788,BOEING 787-8 Dreamliner,L2J,H
05A059,8Q-IAL,DHC6,DE HAVILLAND DHC-6 Twin Otter,L2T,L
06A059,A7-MBN,S92,SIKORSKY S-92 Helibus,H2T,M
06A159,A7-AJF,A320,AIRBUS A-320,L2J,M
06A259,QA69,A139,AGUSTA AW-139,H2T,L
07C059,ST-TAH,B734,BOEING 737-400,L2J,M
090059,D2-TEE,B772,BOEING 777-200,L2J,H
0A0059,7T-VAF,L410,LET L-410 Turbolet,L2T,L
0AC159,HK-4877,B350,BEECHCRAFT Super King Air 350,L2T,M
0AC759,EJC5431,UH1,BELL UH-1 Huey,H1T,L
0AC959,HK-5322,AT76,ATR-72-600,L2T,M
0C2059,HP-1715CMP,B738,BOEING 737-800,L2J,M
0D0859,XA-CHY,G150,GULFSTREAM G150,L2J,M
0D0959,2018,TEX2,BEECHCRAFT T-6 Texan 2,L1T,L
0D0A59,XA-VID,BE9L,BEECH 90 King Air,L2T,L
0D0B59,XA-PTS,PC12,PILATUS PC-12,L1T,L
0D0C59,XB-ILU,PC12,PILATUS PC-12,L1T,L
0D8159,YV480T,MD81,MCDONNELL-DOUGLAS MD-81,L2J,M
109859,TWR,TWR,,T0-,-
151D59,RA-73049,B735,BOEING 737-500,L2J,M
151E59,RA-73305,B738,BOEING 737-800,L2J,M
152059,RA-73817,A320,AIRBUS A-320,L2J,M
155C59,RA-89177,SU95,SUKHOI Superjet 100-95,L2J,M
300459,I-SSAM,AS50,AEROSPATIALE AS-350 Ecureuil,H1T,L
300759,I-HELJ,AS50,AEROSPATIALE AS-350 Ecureuil,H1T,L
320059,CSX82048,A169,AGUSTA AW-169,H2T,L
342059,EC-ILP,A321,AIRBUS A-321,L2J,M
342559,EC-KCA,G200,AKROTECH G-200,L1P,L
343059,EC-KJT,A139,AGUSTA AW-139,H2T,L
343159,EC-KNI,C172,CESSNA 172 Skyhawk,L1P,L
343359,EC-LBB,GALX,GULFSTREAM G200,L2J,M
343459,EC-LBM,A139,AGUSTA AW-139,H2T,L
344459,EC-LVR,B738,BOEING 737-800,L2J,M
345259,EC-MMJ,EC30,AIRBUS HELICOPTERS EC-130,H1T,L
345359,EC-MPV,A321,AIRBUS A-321,L2J,M
345559,EC-MRL,GLF5,GULFSTREAM 5,L2J,M
345659,EC-MUC,A319,AIRBUS A-319,L2J,M
347159,EC-NQR,AT76,ATR-72-600,L2T,M
347259,EC-NTX,A333,AIRBUS A-330-300,L2J,H
383259,F-BMSZ,PA18,PIPER PA-18 Super Cub,L1P,L
383959,F-BOKZ,DR22,CENTRE EST Dauphin,L1P,L
384C59,F-BTCZ,C182,CESSNA 182 Skylane,L1P,L
390D59,F-GDKZ,DR40,ROBIN DR-400,L1P,L
391059,F-GECZ,BALL,,B0-,-
391859,F-GGCZ,C172,CESSNA 172 Skyhawk,L1P,L
391D59,F-GHKZ,DR40,ROBIN DR-400,L1P,L
391E59,F-GHSZ,P28A,PIPER PA-28-140/150/160/180,L1P,L
392059,F-GICZ,M7,MAULE M-7,L1P,L
392159,F-GIKZ,DR40,ROBIN DR-400,L1P,L
395659,F-GVSZ,C206,CESSNA  206 Stationair,L1P,L
398559,F-HBKZ,EC20,AIRBUS HELICOPTERS EC-120,H1T,L
39A859,F-HKCZ,SR22,CIRRUS SR-22,L1P,L
39B259,F-HMSZ,TWEN,TECNAM Twenty-Ten,L1P,L
3AAB59,F-MBKE,TIGR,AIRBUS HELICOPTERS EC-665 Tiger,H2T,L
3B7659,E109,AJET,DASSAULT-DORNIER Alpha Jet,L2J,M
3B7B59,F-ZBGG,EC35,AIRBUS HELICOPTERS EC-135/635,H2T,L
3C0D59,D-AUBK,A20N,AIRBUS A-320neo,L2J,M
3C1259,D-AVYQ,A319,AIRBUS A-319,L2J,M
3C1459,D-AWSI,E190,EMBRAER ERJ-190-100,L2J,M
3C6659,D-AIRY,A321,AIRBUS A-321,L2J,M
3C6759,D-AIZY,A320,AIRBUS A-320,L2J,M
3CE259,D-CNAF,SW4,SWEARINGEN Metro,L2T,M
3D0559,D-EAGV,AC11,NORTH AMERICAN ROCKWELL Commander 112/114,L1P,L
3D0659,D-EAQR,A210,AQUILA A-210,L1P,L
3D0859,D-EBKJ,DA40,DIAMOND DA-40 Club Star,L1P,L
3D0959,D-EBUF,P28A,PIPER PA-28-140/150/160/180,L1P,L
3D0B59,D-ECNX,C77R,CESSNA 177RG Cardinal RG,L1P,L
3D0C59,D-ECXT,C182,CESSNA 182 Skylane,L1P,L
3D0D59,D-EDHP,BE35,BEECH 35 Starfire Bonanza,L1P,L
3D0E59,D-EDRL,DR40,ROBIN DR-400,L1P,L
3D1359,D-EFOR,CP30,PIEL Emeraude,L1P,L
3D1459,D-EFYN,C172,CESSNA 172 Skyhawk,L1P,L
3D1659,D-EGSF,C172,CESSNA 172 Skyhawk,L1P,L
3D1759,D-EHCB,PA18,PIPER PA-18 Super Cub,L1P,L
3D1959,D-EHVT,C172,CESSNA 172 Skyhawk,L1P,L
3D1A59,D-EIFP,C152,CESSNA 152,L1P,L
3D1B59,D-EIPL,P149,PIAGGIO P-149,L1P,L
3D2459,D-EMAB,C172,CESSNA 172 Skyhawk,L1P,L
3D2659,D-EMTT,SUBA,FUJI FA-200 Aero Subaru,L1P,L
3D2A59,D-EOHD,P28A,PIPER PA-28-140/150/160/180,L1P,L
3D2C59,D-EPAV,C182,CESSNA 182 Skylane,L1P,L
3D2D59,D-EPKR,C182,CESSNA 182 Skylane,L1P,L
3D3759,D-ETFD,BE33,BEECH 33 Bonanza,L1P,L
3D4259,D-EXJL,PA18,PIPER PA-18 Super Cub,L1P,L
3D8459,D-FWJH,AN2,ANTONOV An-2,L1P,L
3DDC59,D-HDRT,EC35,AIRBUS HELICOPTERS EC-135/635,H2T,L
3DDE59,D-HELL,R44,ROBINSON R-44 Raven,H1P,L
3E1759,D-IAAR,E50P,EMBRAER EMB-500 Phenom 100,L2J,L
3E1859,D-IAKN,C25A,CESSNA 525A Citation CJ2,L2J,L
3E5C59,D-KAEB,GLID,,L0-,-
3E6759,D-KEIJ,SF25,SCHEIBE SF-25 Falke,L1P,L
3E6859,D-KESF,GLID,,L0-,-
3E6959,D-KFCB,DG80,DG FLUGZEUGBAU DG-800,L1P,L
3E7659,D-KKAB,GLID,,L0-,-
3E7B59,D-KLXH,VENT,SCHEMPP-HIRTH Ventus,L1P,L
3EC259,D-KOOF,GLID,,L0-,-
3ECE59,D-KTCJ,GLID,,L0-,-
3EE359,D-0706,GLID,,L0-,-
3EE559,D-1218,GLID,,L0-,-
3EE659,D-1474,GLID,,L0-,-
3EE959,D-2242,GLID,,L0-,-
3EEA59,D-2498,GLID,,L0-,-
3EF059,D-4034,DISC,SCHEMPP-HIRTH Discus,L1P,L
3EF759,D-5826,GLID,,L0-,-
3EFC59,D-7106,GLID,,L0-,-
3EFE59,D-7618,GLID,,L0-,-
3F0759,D-KAPP,GLID,,L0-,-
3F9359,74+65,TIGR,AIRBUS HELICOPTERS EC-665 Tiger,H2T,L
3FDF59,D-OWAB,BALL,,B0-,-
3FEA59,D-MNNN,FDCT,FLIGHT DESIGN CT,L1P,L
3FEB59,D-MREA,G3,REMOS Mirage,L1P,L
3FEC59,D-MXTC,EV97,EVEKTRO EV-97 EuroStar,L1P,L
3FED59,D-MMMG,PNR3,ALPI Pioneer 330,L1P,L
3FEE59,D-MGZZ,C42,IKARUS C-42 Bison,L1P,L
3FEF59,D-MURJ,C42,IKARUS C-42 Bison,L1P,L
3FF159,D-MPRD,C42,IKARUS C-42 Bison,L1P,L
3FF459,D-MGKL,ULAC,,L0-,-
3FF559,D-MEAD,FK9,B&F TECHNIK FK-9,L1P,L
3FF759,D-MIAY,PNR3,ALPI Pioneer 330,L1P,L
400159,VP-BWH,A320,AIRBUS A-320,L2J,M
400759,G-OBYK,B763,BOEING 767-300,L2J,H
400C59,G-ETNT,R44,ROBINSON R-44 Raven,H1P,L
400D59,G-SVPN,P32R,PIPER PA-32R-300/301/301T,L1P,L
400E59,G-EZAW,A319,AIRBUS A-319,L2J,M
400F59,G-TIGJ,AS32,AEROSPATIALE AS-332 Super Puma,H2T,M
401059,G-LLOY,PNR3,ALPI Pioneer 330,L1P,L
401159,G-SYDH,B06,BELL 206 JetRanger,H1T,L
401259,G-HEHE,EC20,AIRBUS HELICOPTERS EC-120,H1T,L
401659,G-ATKI,J3,PIPER J-3 Cub,L1P,L
401759,G-AVYT,P28R,PIPER PA-28R-180/200/201,L1P,L
401A59,G-ABYA,DH60,DE HAVILLAND DH-60 Moth,L1P,L
401B59,G-BCFO,PA18,PIPER PA-18 Super Cub,L1P,L
401D59,G-BFZH,P28R,PIPER PA-28R-180/200/201,L1P,L
402759,G-ULHI,BDOG,BRITISH AEROSPACE SA-3 Bulldog,L1P,L
402959,G-MTKA,ULAC,,L0-,-
402E59,G-BPTI,TB20,SOCATA TB-20 Trinidad,L1P,L
403059,G-ROTS,STST,CFM Star Streak,L1P,L
403459,G-BTNH,P28A,PIPER PA-28-140/150/160/180,L1P,L
403C59,G-BWTJ,BALL,,B0-,-
403E59,G-VALS,CAMP,GREGA GN-1 Aircamper,L1P,L
404259,G-BYTS,GYRO,,G0-,-
404559,G-BZYG,DG50,DG FLUGZEUGBAU DG-500M,L1P,L
404659,G-IZZI,C182,CESSNA 182 Skylane,L1P,L
404759,G-EZZA,EUPA,Europa,L1P,L
404859,G-CBXJ,C172,CESSNA 172 Skyhawk,L1P,L
404A59,G-LGCA,DR40,ROBIN DR-400,L1P,L
404B59,G-WWAY,P28A,PIPER PA-28-140/150/160/180,L1P,L
404C59,G-CCZJ,XAIR,RAJ HAMSA X-AIR Falcon,L1P,L
404F59,G-CDUT,JAB4,JABIRU J200-450,L1P,L
405059,G-CKNE,GLID,,L0-,-
405159,G-CHPA,R22,ROBINSON R-22 Mariner,H1P,L
405259,G-CETR,C42,IKARUS C-42 Bison,L1P,L
405459,G-LSFR,GLID,,L0-,-
405659,G-CHXT,GLID,,L0-,-
405859,G-CFCM,R44,ROBINSON R-44 Raven,H1P,L
405A59,G-DBYC,GLID,,L0-,-
405D59,G-CFKB,CRUZ,CSA PS-28 Cruiser,L1P,L
406159,G-CGCN,MCR1,COLOMBAN Ban-Bi,L1P,L
406259,G-HAVI,EC30,AIRBUS HELICOPTERS EC-130,H1T,L
406559,G-CGUV,BALL,,B0-,-
406659,G-CGYO,RV6,VANS RV-6,L1P,L
406759,G-MUPP,BALL,,B0-,-
406859,G-CHMI,BALL,,B0-,-
406959,G-CHTH,CH70,ZENAIR CH-701 Stol,L1P,L
406A59,G-GDFS,B738,BOEING 737-800,L2J,M
406B59,G-GATJ,A320,AIRBUS A-320,L2J,M
406C59,G-BHSL,BU31,BUCKER Bu-131 Jungmann,L1P,L
406D59,G-SCCA,C510,CESSNA 510 Citation Mustang,L2J,L
406E59,G-SADD,EV97,EVEKTRO EV-97 EuroStar,L1P,L
406F59,G-HEVR,C42,IKARUS C-42 Bison,L1P,L
407059,G-CIYL,EFOX,AEROPRO Eurofox,L1P,L
407159,G-CJIA,BALL,,B0-,-
407459,G-WJSG,ULAC,,L0-,-
407659,G-CLCO,ULAC,,L0-,-
407759,G-CLDT,EFOX,AEROPRO Eurofox,L1P,L
407859,G-RVFT,RV8,VANS RV-8,L1P,L
407959,G-UZLK,A20N,AIRBUS A-320neo,L2J,M
407C59,G-CMCB,EFOX,AEROPRO Eurofox,L1P,L
407D59,G-WKTL,BE20,BEECH 200 Super King Air,L2T,M
407E59,G-CMJZ,DA50,DIAMOND DA-50 Magnum,L1P,L
410E59,G-BHLE,DR40,ROBIN DR-400,L1P,L
424059,VP-BNZ,B737,BOEING 737-700,L2J,M
424159,VP-CIG,FA7X,DASSAULT Falcon 7X,L3J,M
424559,VQ-BRD,A320,AIRBUS A-320,L2J,M
424959,VQ-BFA,CRJ2,BOMBARDIER Regional Jet CRJ-200,L2J,M
43C559,ZK022,HAWK,BRITISH AEROSPACE T-45 Goshawk,L1J,M
43C759,ZZ512,LYNX,AGUSTAWESTLAND AW-159 Super Lynx,H2T,L
43E859,M-SPOR,BE20,BEECH 200 Super King Air,L2T,M
440059,OE-LGB,DH8D,DE HAVILLAND DHC-8-400 Dash 8,L2T,M
440159,OE-INA,A320,AIRBUS A-320,L2J,M
440259,OE-FPV,DA42,DIAMOND DA-42 Guardian,L2P,L
440359,OE-FFY,PA27,PIPER PA-23-250 Aztec,L2P,L
440559,OE-ABV,HUSK,CHRISTEN Husky,L1P,L
440659,OE-FVI,DA42,DIAMOND DA-42 Guardian,L2P,L
440A59,OE-XYK,R44,ROBINSON R-44 Raven,H1P,L
448859,OO-BBY,BALL,,B0-,-
44A059,OO-HBY,C172,CESSNA 172 Skyhawk,L1P,L
44CB59,OO-RZY,R44,ROBINSON R-44 Raven,H1P,L
458A59,OY-BRY,P28A,PIPER PA-28-140/150/160/180,L1P,L
458D59,OY-CJY,DH8C,DE HAVILLAND DHC-8-300 Dash 8,L2T,M
459659,OY-ERY,C550,CESSNA 550 Citation S2,L2J,L
45A159,OY-HJY,B505,BELL 505 JetRanger X,H1T,L
45A359,OY-HZY,AS50,AEROSPATIALE AS-350 Ecureuil,H1T,L
45AA59,OY-JRY,AT43,ATR-42-300,L2T,M
45AB59,OY-JZY,AT72,ATR-72-202,L2T,M
45D259,OY-TRY,P28R,PIPER PA-28R-180/200/201,L1P,L
45E459,OY-YBY,DH8D,DE HAVILLAND DHC-8-400 Dash 8,L2T,M
461459,OH-HSJ,R22,ROBINSON R-22 Mariner,H1P,L
461F59,OH-LWR,A359,AIRBUS A-350-900,L2J,H
468159,345,SIRA,TECNAM P-2002 Sierra,L1P,L
468459,SX-ABY,A321,AIRBUS A-321,L2J,M
468559,SX-AJY,PA18,PIPER PA-18 Super Cub,L1P,L
470D59,HA-FBL,Z43,ZLIN Z-43/143,L1P,L
471F59,HA-LWR,A320,AIRBUS A-320,L2J,M
472259,HA-NAF,AAT3,AERO AT-3,L1P,L
478759,LN-ONX,S92,SIKORSKY S-92 Helibus,H2T,M
480859,Q-10,H64,MCDONNELL DOUGLAS AH-64 Apache,H2T,M
484159,PH-DMD,F50,FOKKER 50,L2T,M
484559,PH-BGB,B738,BOEING 737-800,L2J,M
484659,PH-DZB,BALL,,B0-,-
484759,PH-443,GLID,,L0-,-
484859,PH-1341,VENT,SCHEMPP-HIRTH Ventus,L1P,L
484B59,PH-721,GLID,,L0-,-
484C59,PH-HSB,B738,BOEING 737-800,L2J,M
484D59,PH-MME,BALL,,B0-,-
484E59,PH-2X8,ULAC,,L0-,-
485159,PH-1FC,ZZZZ,,-0-,-
485359,PH-1LT,ZZZZ,,-0-,-
485459,PH-1XS,ZZZZ,,-0-,-
485659,PH-2QI,ZZZZ,,-0-,-
485F59,PH-JRC,E35L,EMBRAER EMB-135 Legacy,L2J,M
488E59,SP-DTQ,C182,CESSNA 182 Skylane,L1P,L
491459,CS-EBY,TWEN,TECNAM Twenty-Ten,L1P,L
498459,0716,W3,PZL-SWIDNIK W-3,H2T,L
49C059,OK-PUS22,FDCT,FLIGHT DESIGN CT,L1P,L
49C259,OK-ZWC73,GYRO,,G0-,-
49D059,OK-RAF,VUT1,EVEKTOR Cobra,L1P,L
49D159,OK-PHR,BE58,BEECH 58 Baron,L2P,L
49D259,OK-EJH,PRM1,RAYTHEON 390 Premier 1,L2J,L
49D459,OK-HCF,H500,HUGHES 500,H1T,L
4A8159,C-FACZ,RJ1H,AVRO RJ-100 Avroliner,L4J,M
4A9B59,SE-FZY,C172,CESSNA 172 Skyhawk,L1P,L
4AA659,SE-IRY,SB91,SAAB 91 Safir,L1P,L
4AB159,SE-LJY,F50,FOKKER 50,L2T,M
4AB359,SE-LZY,C208,CESSNA 208 Caravan,L1T,L
4AB459,SE-MBY,DA42,DIAMOND DA-42 Guardian,L2P,L
4AC859,SE-RBY,C55B,CESSNA 550B Citation Bravo,L2J,L
4AD259,SE-TRY,GLID,,L0-,-
4B0C59,HB-ERP,RALL,SOCATA Rallye,L1P,L
4B0E59,HB-FLH,PC6T,PILATUS PC-6 Turbo-Porter,L1T,L
4B0F59,HB-FVD,PC12,PILATUS PC-12,L1T,L
4B2059,HB-MGN,EXNG,EXTRA NG,L1P,L
4B2759,HB-OXL,J3,PIPER J-3 Cub,L1P,L
4B2959,HB-PRD,P32R,PIPER PA-32R-300/301/301T,L1P,L
4B2A59,HB-QAZ,BALL,,B0-,-
4B2C59,HB-QUR,BALL,,B0-,-
4B3659,HB-UPD,JUNR,BOLKOW BO-208 Junior,L1P,L
4B3959,HB-VSR,PC24,PILATUS PC-24,L2J,M
4B4059,HB-YJP,FOX,KITFOX,L1P,L
4B4359,HB-ZND,AS50,AEROSPATIALE AS-350 Ecureuil,H1T,L
4B4459,HB-ZWZ,B407,BELL 407,H1T,L
4B4E59,HB-2482,ARCP,SCHEMPP-HIRTH Arcus M,L1P,L
4B8259,69-021,C160,TRANSALL C-160,L2T,M
4BA959,TC-JJY,B77W,BOEING 777-300ER,L2J,H
4BAA59,TC-JRY,A321,AIRBUS A-321,L2J,M
4BB859,TC-NBY,A20N,AIRBUS A-320neo,L2J,M
4BBC59,TC-OBY,A321,AIRBUS A-321,L2J,M
4BC859,TC-RBY,A21N,AIRBUS A-321neo,L2J,M
4BD159,TC-TJY,B738,BOEING 737-800,L2J,M
4BD759,TC-UZY,P208,TECNAM P-2008,L1P,L
4CA259,EI-DHD,B738,BOEING 737-800,L2J,M
4CA759,EI-DTA,A320,AIRBUS A-320,L2J,M
4CA859,EI-EMR,B738,BOEING 737-800,L2J,M
4CAA59,EI-EVT,B738,BOEING 737-800,L2J,M
4CAC59,EI-GXR,A169,AGUSTA AW-169,H2T,L
4D0359,LX-FLO,P28A,PIPER PA-28-140/150/160/180,L1P,L
4D2259,9H-QBB,B738,BOEING 737-800,L2J,M
4D2359,9H-ELF,B737,BOEING 737-700,L2J,M
500259,T7-AFS,HDJT,HONDA HondaJet,L2J,L
502D59,YL-ABH,BCS3,AIRBUS A220-300,L2J,M
504E59,ER-BAG,B744,BOEING 747-400,L4J,H
505C59,OM-0410,VENT,SCHEMPP-HIRTH Ventus,L1P,L
505E59,OM-OYR,DA40,DIAMOND DA-40 Club Star,L1P,L
506E59,S5-HPB,B212,BELL 212,H2T,L
507C59,UK-78706,B788,BOEING 787-8 Dreamliner,L2J,H
508059,UR-ZAR,IL76,ILYUSHIN Il-76/82,L4J,H
508159,UR-CGF,DA42,DIAMOND DA-42 Guardian,L2P,L
508259,UR-ARO,SF34,SAAB 340,L2T,M
508359,UR-FSA,IL76,ILYUSHIN Il-76/82,L4J,H
508459,UR-JEM,C172,CESSNA 172 Skyhawk,L1P,L
511159,ES-SAB,A320,AIRBUS A-320,L2J,M
601859,EZ-A005,B738,BOEING 737-800,L2J,M
702059,S2-AHK,B772,BOEING 777-200,L2J,H
706059,9K-AOF,B77W,BOEING 777-300ER,L2J,H
710059,HZ-AK17,B77W,BOEING 777-300ER,L2J,H
710259,1630,C130,LOCKHEED C-130 Hercules,L4T,M
71BD59,HL7559,B738,BOEING 737-800,L2J,M
71C059,HL8059,A321,AIRBUS A-321,L2J,M
71C259,HL8259,A333,AIRBUS A-330-300,L2J,H
71C359,HL8359,A359,AIRBUS A-350-900,L2J,H
738059,4X-EKK,B738,BOEING 737-800,L2J,M
738A59,478,TEX2,BEECHCRAFT T-6 Texan 2,L1T,L
739559,4X-CBQ,P337,CESSNA P337 Skymaster,L2P,L
744959,JY-RJY,P28A,PIPER PA-28-140/150/160/180,L1P,L
748059,OD-BWT,P208,TECNAM P-2008,L1P,L
750259,9M-MTF,A333,AIRBUS A-330-300,L2J,H
750459,9M-AGO,A20N,AIRBUS A-320neo,L2J,M
758059,RP-C2282,D228,DORNIER 228,L2T,L
760759,AP-AZY,FU24,FLETCHER FU-24,L1P,L
780059,B-5225,B737,BOEING 737-700,L2J,M
780259,B-5162,B738,BOEING 737-800,L2J,M
780459,B-7399,B738,BOEING 737-800,L2J,M
780559,B-5255,B737,BOEING 737-700,L2J,M
780659,B-6668,A321,AIRBUS A-321,L2J,M
780959,B-6956,A320,AIRBUS A-320,L2J,M
780A59,B-LBC,A333,AIRBUS A-330-300,L2J,H
780C59,B-8210,F2TH,DASSAULT Falcon 2000,L2J,M
780D59,B-1743,B738,BOEING 737-800,L2J,M
780E59,B-6987,B738,BOEING 737-800,L2J,M
780F59,B-7560,B738,BOEING 737-800,L2J,M
781059,B-1538,B738,BOEING 737-800,L2J,M
781159,B-8583,A321,AIRBUS A-321,L2J,M
781259,B-8895,A320,AIRBUS A-320,L2J,M
781459,B-1157,B38M,BOEING 737 MAX 8,L2J,M
781859,B-30CX,A20N,AIRBUS A-320neo,L2J,M
781959,B-10XT,C56X,CESSNA 560XL Citation XLS,L2J,M
781B59,B-322W,A21N,AIRBUS A-321neo,L2J,M
781C59,B-12DA,SR20,CIRRUS SR-20,L1P,L
781D59,B-12HF,HDJT,HONDA HondaJet,L2J,L
79A059,B-2288,A321,AIRBUS A-321,L2J,M
7AA759,B-4188,LJ35,LEARJET 35,L2J,M
7C0059,VH-ACR,P28A,PIPER PA-28-140/150/160/180,L1P,L
7C0159,VH-AJV,WW24,IAI 1124 Westwind,L2J,M
7C0559,VH-BCB,G115,GROB G-115,L1P,L
7C0759,VH-BQJ,L29,AERO L-29 Delfin,L1J,L
7C0859,VH-BXN,RV4,VANS RV-4,L1P,L
7C0B59,VH-CIZ,E300,EXTRA EA-300/330/350,L1P,L
7C0F59,VH-DBF,R44,ROBINSON R-44 Raven,H1P,L
7C1459,VH-EAZ,O1,CESSNA 305/341 Bird Dog,L1P,L
7C1759,VH-EWB,F2TH,DASSAULT Falcon 2000,L2J,M
7C1A59,VH-FHN,B06,BELL 206 JetRanger,H1T,L
7C2959,VH-IGB,BE55,BEECH 55 Baron,L2P,L
7C2E59,VH-JFV,EC45,AIRBUS HELICOPTERS EC-145,H2T,L
7C3359,VH-KFF,PA31,PIPER PA-31-300/310/325/350/425,L2P,L
7C3559,VH-KTN,P28A,PIPER PA-28-140/150/160/180,L1P,L
7C3859,VH-LEZ,LGEZ,RUTAN Long-EZ,L1P,L
7C4059,VH-MZV,PA31,PIPER PA-31-300/310/325/350/425,L2P,L
7C4559,VH-NZF,C182,CESSNA 182 Skylane,L1P,L
7C4A59,VH-OYZ,AP32,AEROPRACT A-32,L1P,L
7C4E59,VH-PRF,P28R,PIPER PA-28R-180/200/201,L1P,L
7C4F59,VH-PYJ,RV7,VANS RV-7,L1P,L
7C5359,VH-QQZ,C550,CESSNA 550 Citation S2,L2J,L
7C5959,VH-RXN,SF34,SAAB 340,L2T,M
7C5B59,VH-SBV,DH8C,DE HAVILLAND DHC-8-300 Dash 8,L2T,M
7C5C59,VH-SIZ,C172,CESSNA 172 Skyhawk,L1P,L
7C6159,VH-TIJ,GLAS,Glasair,L1P,L
7C6359,VH-TWR,PA31,PIPER PA-31-300/310/325/350/425,L2P,L
7C6A59,VH-VAJ,R22,ROBINSON R-22 Mariner,H1P,L
7C6C59,VH-VOR,SLG4,AIRPLANE FACTORY Sling 4,L1P,L
7C6D59,VH-VVV,M20P,MOONEY M-20,L1P,L
7C7559,VH-XGR,SR22,CIRRUS SR-22,L1P,L
7C7B59,VH-YNF,GLAS,Glasair,L1P,L
7C7F59,VH-ZFV,A139,AGUSTA AW-139,H2T,L
7CC459,23-8217,ULAC,,L0-,-
7CF859,A27-032,HAWK,BRITISH AEROSPACE T-45 Goshawk,L1J,M
800159,VT-CSP,C56X,CESSNA 560XL Citation XLS,L2J,M
800359,P117,PC7,PILATUS PC-7 Astra,L1T,L
800659,VT-LTC,H25B,HAWKER BEECHCRAFT Hawker 750/850,L2J,M
801459,VT-RGP,EC45,AIRBUS HELICOPTERS EC-145,H2T,L
840659,JA01RK,B738,BOEING 737-800,L2J,M
840959,JA02KF,AS65,AEROSPATIALE AS-365 Dauphin 2,H2T,L
841059,JA04HP,A139,AGUSTA AW-139,H2T,L
846359,JA12MP,A139,AGUSTA AW-139,H2T,L
846B59,JA14WP,E300,EXTRA EA-300/330/350,L1P,L
84C459,JA24NF,R22,ROBINSON R-22 Mariner,H1P,L
850E59,JA307K,B735,BOEING 737-500,L2J,M
86D259,JA813X,B738,BOEING 737-800,L2J,M
880459,HS-ABY,A320,AIRBUS A-320,L2J,M
880859,HS-BBY,A20N,AIRBUS A-320neo,L2J,M
881059,HS-DBY,B738,BOEING 737-800,L2J,M
888059,VN-A375,A332,AIRBUS A-330-200,L2J,H
888159,VN-A654,A21N,AIRBUS A-321neo,L2J,M
894059,A9C-AB,A320,AIRBUS A-320,L2J,M
895059,V8-RBD,A20N,AIRBUS A-320neo,L2J,M
896459,A6-EUD,A388,AIRBUS A-380-800,L4J,H
896559,A6-ATC,A21N,AIRBUS A-321neo,L2J,M
898059,P2-HCB,B407,BELL 407,H1T,L
899059,B-50023,A20N,AIRBUS A-320neo,L2J,M
A00059,N1DM,GA5C,GULFSTREAM G500,L2J,M
A00159,N1PT,BE30,BEECH 300 Super King Air,L2T,L
A00259,N1ZZ,CH7A,BELLANCA 7 Champion,L1P,L
A00359,N10LD,PTS1,PITTS S-1 Special,L1P,L
A00459,N10WK,GLID,,L0-,-
A00559,N100GQ,,,,
A00659,N100SW,,,,
A00759,N1002G,M20P,MOONEY M-20,L1P,L
A00A59,N101VU,EC45,AIRBUS HELICOPTERS EC-145,H2T,L
A00C59,N102CE,CL35,BOMBARDIER BD-100 Challenger 350,L2J,M
A00F59,N1026N,M20P,MOONEY M-20,L1P,L
A01159,N103RJ,PA18,PIPER PA-18 Super Cub,L1P,L
A01459,N104JA,DA40,DIAMOND DA-40 Club Star,L1P,L
A01659,N1043H,M20T,MOONEY M-20T,L1P,L
A01759,N105AT,B06,BELL 206 JetRanger,H1T,L
A01B59,N106DR,,,,
A01E59,N1067P,,,,
A02159,N1072F,BE36,BEECH 36 Bonanza,L1P,L
A02259,N1079S,M20P,MOONEY M-20,L1P,L
A02C59,N110BN,DRON,,D0-,-
A02E59,N110Y,WACF,WACO F,L1P,L
A02F59,N11056,H500,HUGHES 500,H1T,L
A03159,N111QS,GL5T,BOMBARDIER BD-700 Global 5000/5500,L2J,M
A03359,N11179,C185,CESSNA 185 Skywagon,L1P,L
A03659,N11221,WACF,WACO F,L1P,L
A04059,N115SC,AR11,AERONCA 11 Chief,L1P,L
A04159,N1151Z,AC50,NORTH AMERICAN ROCKWELL Commander 500,L2P,L
A04659,N117BM,PA46,PIPER PA-46-310/350,L1P,L
A04759,N117MT,P28A,PIPER PA-28-140/150/160/180,L1P,L
A04A59,N118EK,T18,THORP Tiger,L1P,L
A04C59,N1180X,PA32,PIPER PA-32,L1P,L
A04D59,N11878,,,,
A04F59,N119TP,P46T,PIPER PA-46-500TP,L1T,L
A05159,N12A,SF50,CIRRUS SF-50 Vision,L1J,L
A05559,N120SY,E75L,EMBRAER ERJ-170-200 (long wing),L2J,M
A05659,N1202J,VO10,NORTH AMERICAN ROCKWELL Commander 100,L1P,L
A05A59,N1214M,SONX,SONEX AIRCRAFT Sonex,L1P,L
A05B59,N122CG,SR22,CIRRUS SR-22,L1P,L
A05C59,N122NN,A321,AIRBUS A-321,L2J,M
A05F59,N123FE,B763,BOEING 767-300,L2J,H
A06059,N123RL,M200,NORTH AMERICAN ROCKWELL Commander 200,L1P,L
A06359,N124JC,P28A,PIPER PA-28-140/150/160/180,L1P,L
A06D59,N1267R,BL17,BELLANCA 17 Viking,L1P,L
A07559,N129CF,GLAS,Glasair,L1P,L
A07959,N13FD,F260,AERMACCHI SF-260,L1P,L
A07A59,N13RK,BE36,BEECH 36 Bonanza,L1P,L
A07D59,N130YB,H25B,HAWKER BEECHCRAFT Hawker 750/850,L2J,M
A07E59,N13058,C172,CESSNA 172 Skyhawk,L1P,L
A08159,N13100,C172,CESSNA 172 Skyhawk,L1P,L
A08459,N132TS,DA42,DIAMOND DA-42 Guardian,L2P,L
A08659,N133AC,,,,
A08959,N13346,C172,CESSNA 172 Skyhawk,L1P,L
A08B59,N134PG,SR20,CIRRUS SR-20,L1P,L
A08D59,N13469,C172,CESSNA 172 Skyhawk,L1P,L
A09059,N13511,C177,CESSNA  177 Cardinal,L1P,L
A09159,N1359B,C82T,CESSNA TR182 Turbo Skylane RG,L1P,L
A09259,N136JX,LJ60,LEARJET 60,L2J,M
A09859,N13757,C177,CESSNA  177 Cardinal,L1P,L
A09959,N138EM,L39,LET L-39 Albatros,L1J,L
A09C59,N1388,MUS2,BUSHBY M-2 Mustang 2,L1P,L
A09E59,N139TR,,,,
A09F59,N13922,EXEC,ROTORWAY Exec,H1P,L
A0A059,N14AB,RV14,VANS RV-14,L1P,L
A0A159,N14LH,GLID,,L0-,-
A0A459,N140T,RV14,VANS RV-14,L1P,L
A0A559,N1402L,BE23,BEECH 23 Sundowner,L1P,L
A0A659,N1409X,PA32,PIPER PA-32,L1P,L
A0A959,N1414P,C25A,CESSNA 525A Citation CJ2,L2J,L
A0AA59,N142CJ,RV9,VANS RV-9,L1P,L
A0AD59,N1426S,PA23,PIPER PA-23,L2P,L
A0AF59,N143RN,RV6,VANS RV-6,L1P,L
A0B459,N1443M,C182,CESSNA 182 Skylane,L1P,L
A0B659,N145MC,EC45,AIRBUS HELICOPTERS EC-145,H2T,L
A0B859,N1455Q,C150,CESSNA 150,L1P,L
A0BC59,N1467T,P28A,PIPER PA-28-140/150/160/180,L1P,L
A0BD59,N147GT,SR22,CIRRUS SR-22,L1P,L
A0C859,N15FF,F5,NORTHROP F-5 Tiger 2,L2J,M
A0C959,N15RM,PA18,PIPER PA-18 Super Cub,L1P,L
A0CA59,N150BS,AR15,AERONCA 15 Sedan,L1P,L
A0CC59,N150YD,BE20,BEECH 200 Super King Air,L2T,M
A0CD59,N1506,MIMU,BUSHBY Midget Mustang,L1P,L
A0D059,N15102,AT5T,AIR TRACTOR AT-504,L1T,L
A0D359,N152TU,ASTO,TECNAM Astore,L1P,L
A0D559,N153AE,AS50,AEROSPATIALE AS-350 Ecureuil,H1T,L
A0D659,N153LL,B505,BELL 505 JetRanger X,H1T,L
A0D759,N153WS,C170,CESSNA 170,L1P,L
A0D959,N154DC,PA32,PIPER PA-32,L1P,L
A0DE59,N155SG,SF50,CIRRUS SF-50 Vision,L1J,L
A0E059,N1559D,C195,CESSNA 195,L1P,L
A0E459,N157BR,S22T,CIRRUS SR-22T Turbo,L1P,L
A0E759,N15759,P28A,PIPER PA-28-140/150/160/180,L1P,L
A0EF59,N16AD,RV6,VANS RV-6,L1P,L
A0F059,N16LK,LA4,LAKE LA-4/200,A1P,L
A0F359,N160TB,BRAV,TECNAM P-2004 Bravo,L1P,L
A0F759,N161W,BE35,BEECH 35 Starfire Bonanza,L1P,L
A10359,N1643P,PA22,PIPER PA-22,L1P,L
A10459,N165AZ,M20P,MOONEY M-20,L1P,L
A10A59,N1660J,P28A,PIPER PA-28-140/150/160/180,L1P,L
A11059,N168KT,A109,AGUSTA AW-109 Grand,H2T,L
A11659,N1696T,P28A,PIPER PA-28-140/150/160/180,L1P,L
A11759,N17FH,H60,SIKORSKY UH-60 Black Hawk,H2T,M
A11859,N17RP,C510,CESSNA 510 Citation Mustang,L2J,L
A11A59,N170N,C170,CESSNA 170,L1P,L
A11C59,N1706B,PA12,PIPER PA-12 Super Cruiser,L1P,L
A11D59,N171ES,C182,CESSNA 182 Skylane,L1P,L
A11F59,N17104,B752,BOEING 757-200,L2J,M
A12059,N1718E,C310,CESSNA 310,L2P,L
A12259,N172TW,C172,CESSNA 172 Skyhawk,L1P,L
A12B59,N1747C,C180,CESSNA  180 Skywagon,L1P,L
A12F59,N1759F,C172,CESSNA 172 Skyhawk,L1P,L
A13359,N177BT,C77R,CESSNA 177RG Cardinal RG,L1P,L
A13759,N178ER,TAMP,SOCATA TB-9 Tampico,L1P,L
A13D59,N17926,GLID,,L0-,-
A13E59,N18AF,BE20,BEECH 200 Super King Air,L2T,M
A13F59,N18LM,RV4,VANS RV-4,L1P,L
A14059,N18WT,SR22,CIRRUS SR-22,L1P,L
A14259,N180TD,M7,MAULE M-7,L1P,L
A14359,N1802Q,AT8T,AIR TRACTOR AT-802,L1T,M
A14B59,N1826W,BE95,BEECH 95 Travel Air,L2P,L
A14E59,N1831N,BE24,BEECH 24 Sierra,L1P,L
A14F59,N1838Z,C210,CESSNA 201 Centurion,L1P,L
A15359,N185BA,C185,CESSNA 185 Skywagon,L1P,L
A15459,N185MG,C185,CESSNA 185 Skywagon,L1P,L
A15659,N1855U,SREY,PROGRESSIVE AERODYNE SeaRey,A1P,L
A15A59,N1867X,C182,CESSNA 182 Skylane,L1P,L
A15C59,N187TC,P32R,PIPER PA-32R-300/301/301T,L1P,L
A16059,N188WA,G3,REMOS Mirage,L1P,L
A16859,N190BW,E50P,EMBRAER EMB-500 Phenom 100,L2J,L
A16B59,N1906D,BE35,BEECH 35 Starfire Bonanza,L1P,L
A16D59,N191R,C310,CESSNA 310,L2P,L
A17559,N193WW,SC7,SHORT Skyvan,L2T,L
A17659,N1935B,WACF,WACO F,L1P,L
A17B59,N195GE,C190,CESSNA 190,L1P,L
A17E59,N1959H,P28A,PIPER PA-28-140/150/160/180,L1P,L
A18859,N19805,C172,CESSNA 172 Skyhawk,L1P,L
A18C59,N19928,C172,CESSNA 172 Skyhawk,L1P,L
A18D59,N2AH,,,,
A18E59,N2LP,C680,CESSNA 680 Citation Sovereign,L2J,M
A19059,N20H,C680,CESSNA 680 Citation Sovereign,L2J,M
A19159,N20TF,P51,NORTH AMERICAN P-51 Mustang,L1P,L
A19359,N200PS,C172,CESSNA 172 Skyhawk,L1P,L
A19659,N201GJ,M20P,MOONEY M-20,L1P,L
A19759,N201SQ,M20P,MOONEY M-20,L1P,L
A19859,N2012A,BE24,BEECH 24 Sierra,L1P,L
A19959,N2019M,J3,PIPER J-3 Cub,L1P,L
A19D59,N203BZ,BCS3,AIRBUS A220-300,L2J,M
A1A059,N2036G,MA5,MARQUART MA-5 Charger,L1P,L
A1A859,N206AM,T206,CESSNA T206 Turbo Stationair,L1P,L
A1AC59,N207DK,VELO,Velocity,L1P,L
A1AF59,N2077H,ERCO,AIR PRODUCTS F-1 Aircoupe,L1P,L
A1B159,N208SP,C172,CESSNA 172 Skyhawk,L1P,L
A1B359,N2089L,,,,
A1B659,N2094C,PA44,PIPER PA-44 Seminole,L2P,L
A1BA59,N210JQ,E75L,EMBRAER ERJ-170-200 (long wing),L2J,M
A1BC59,N2103X,PA32,PIPER PA-32,L1P,L
A1BE59,N211MN,RV6,VANS RV-6,L1P,L
A1C059,N21150,C182,CESSNA 182 Skylane,L1P,L
A1C159,N212EE,SIRA,TECNAM P-2002 Sierra,L1P,L
A1C659,N213TJ,BEAR,AVIPRO RB-4 Bearhawk,L1P,L
A1C759,N2132V,C120,CESSNA 120,L1P,L
A1C859,N21396,C182,CESSNA 182 Skylane,L1P,L
A1C959,N214LA,RV12,VANS RV-12,L1P,L
A1CC59,N215CT,COL4,CESSNA 400 Corvalis TT,L1P,L
A1CF59,N21561,J3,PIPER J-3 Cub,L1P,L
A1D059,N216FR,A320,AIRBUS A-320,L2J,M
A1D259,N2161T,BALL,,B0-,-
A1D859,N218MM,M20P,MOONEY M-20,L1P,L
A1DA59,N2185Z,BALL,,B0-,-
A1DE59,N21972,C150,CESSNA 150,L1P,L
A1DF59,N22HB,C310,CESSNA 310,L2P,L
A1E059,N22TH,BE35,BEECH 35 Starfire Bonanza,L1P,L
A1E359,N2200,GLID,,L0-,-
A1E459,N2207L,BE36,BEECH 36 Bonanza,L1P,L
A1E659,N221SS,STOR,STORCH AVIATION Super Storch,L1P,L
A1E759,N2212C,BALL,,B0-,-
A1E959,N222KJ,L29,AERO L-29 Delfin,L1J,L
A1EB59,N2224F,M20P,MOONEY M-20,L1P,L
A1EC59,N223CA,BE99,BEECH 99 Airliner,L2T,L
A1F059,N224EZ,AC95,NORTH AMERICAN ROCKWELL Jetprop Commander 1000,L2T,L
A1F359,N2248M,J3,PIPER J-3 Cub,L1P,L
A1FA59,N2265G,C182,CESSNA 182 Skylane,L1P,L
A20059,N228SR,SREY,PROGRESSIVE AERODYNE SeaRey,A1P,L
A20659,N23C,C182,CESSNA 182 Skylane,L1P,L
A20759,N23NF,HUSK,CHRISTEN Husky,L1P,L
A20B59,N2303Z,BE23,BEECH 23 Sundowner,L1P,L
A20D59,N231MQ,M20P,MOONEY M-20,L1P,L
A21359,N23275,C150,CESSNA 150,L1P,L
A21759,N23398,C150,CESSNA 150,L1P,L
A21859,N234LC,K100,DAHER Kodiak 100,L1T,L
A21B59,N235CV,RALL,SOCATA Rallye,L1P,L
A21C59,N235PA,P28A,PIPER PA-28-140/150/160/180,L1P,L
A21E59,N23563,C82S,CESSNA T182 Turbo Skylane,L1P,L
A22259,N23686,TAYB,TAYLORCRAFT BC/BF/BL,L1P,L
A22759,N238MP,S22T,CIRRUS SR-22T Turbo,L1P,L
A22959,N23851,BE23,BEECH 23 Sundowner,L1P,L
A22D59,N23974,AR65,AERONCA 65 Super Chief,L1P,L
A22E59,N24HD,BE20,BEECH 200 Super King Air,L2T,M
A23359,N2407N,C172,CESSNA 172 Skyhawk,L1P,L
A23759,N2419R,C82S,CESSNA T182 Turbo Skylane,L1P,L
A23B59,N243CC,T6,NORTH AMERICAN T-6 Texan,L1P,L
A24059,N244RG,LJ35,LEARJET 35,L2J,M
A24259,N2448P,,,,
A24559,N2453F,C180,CESSNA  180 Skywagon,L1P,L
A24959,N2465J,C150,CESSNA 150,L1P,L
A24A59,N247DP,J3,PIPER J-3 Cub,L1P,L
A24B59,N247PV,UH1,BELL UH-1 Huey,H1T,L
A24D59,N2477M,PA12,PIPER PA-12 Super Cruiser,L1P,L
A25059,N2482D,C170,CESSNA 170,L1P,L
A25659,N25NH,COL4,CESSNA 400 Corvalis TT,L1P,L
A25E59,N25154,L8,LUSCOMBE 8,L1P,L
A26559,N2532Z,C185,CESSNA 185 Skywagon,L1P,L
A26659,N254,AA5,AMERICAN AA-5 Tiger,L1P,L
A26B59,N255PC,GLST,GLASAIR SH-4 GlaStar,L1P,L
A26F59,N256SA,C82R,CESSNA R182 Skylane RG,L1P,L
A27059,N2561X,C206,CESSNA  206 Stationair,L1P,L
A27159,N25688,BALL,,B0-,-
A27459,N25730,J3,PIPER J-3 Cub,L1P,L
A27659,N258MR,H25B,HAWKER BEECHCRAFT Hawker 750/850,L2J,M
A27859,N25853,,,,
A27C59,N25976,C152,CESSNA 152,L1P,L
A27D59,N26HF,S76,SIKORSKY S-76 Spirit,H2T,L
A27E59,N26TM,BE24,BEECH 24 Sierra,L1P,L
A28159,N2600D,C170,CESSNA 170,L1P,L
A28459,N261SW,BE99,BEECH 99 Airliner,L2T,L
A29559,N266AT,PA44,PIPER PA-44 Seminole,L2P,L
A29859,N2665L,C172,CESSNA 172 Skyhawk,L1P,L
A29C59,N2677P,LA4,LAKE LA-4/200,A1P,L
A2A259,N269VT,H269,HUGHES Sky Knight,H1P,L
A2A459,N27CD,DA40,DIAMOND DA-40 Club Star,L1P,L
A2A959,N27033,J3,PIPER J-3 Cub,L1P,L
A2AC59,N271Y,,,,
A2AD59,N27156,AA5,AMERICAN AA-5 Tiger,L1P,L
A2B159,N27279,,,,
A2B759,N274WN,B737,BOEING 737-700,L2J,M
A2BC59,N27567,PA31,PIPER PA-31-300/310/325/350/425,L2P,L
A2BE59,N276SC,CRUZ,CSA PS-28 Cruiser,L1P,L
A2C259,N277VA,RV12,VANS RV-12,L1P,L
A2C359,N27732,S10,STINSON 10 Voyager,L1P,L
A2CC59,N28HH,R44,ROBINSON R-44 Raven,H1P,L
A2CD59,N28TP,SONX,SONEX AIRCRAFT Sonex,L1P,L
A2D059,N2800F,C182,CESSNA 182 Skylane,L1P,L
A2D359,N281SY,E75L,EMBRAER ERJ-170-200 (long wing),L2J,M
A2D559,N2819V,BE35,BEECH 35 Starfire Bonanza,L1P,L
A2D659,N282KQ,K100,DAHER Kodiak 100,L1T,L
A2D859,N2824M,SR22,CIRRUS SR-22,L1P,L
A2DA59,N283NN,E75L,EMBRAER ERJ-170-200 (long wing),L2J,M
A2DD59,N284FE,B763,BOEING 767-300,L2J,H
A2E059,N2848T,P28A,PIPER PA-28-140/150/160/180,L1P,L
A2E159,N285JC,BE36,BEECH 36 Bonanza,L1P,L
A2E559,N286MA,B505,BELL 505 JetRanger X,H1T,L
A2F259,N2894L,C172,CESSNA 172 Skyhawk,L1P,L
A2F459,N29NM,RV7,VANS RV-7,L1P,L
A2FA59,N291MW,T206,CESSNA T206 Turbo Stationair,L1P,L
A2FF59,N29200,BD4,BEDE BD-4,L1P,L
A30059,N2928A,PA32,PIPER PA-32,L1P,L
A30359,N29323,WACF,WACO F,L1P,L
A30859,N295DA,P28A,PIPER PA-28-140/150/160/180,L1P,L
A30F59,N2969B,BE35,BEECH 35 Starfire Bonanza,L1P,L
A31259,N29734,TAYB,TAYLORCRAFT BC/BF/BL,L1P,L
A31359,N298BP,GLAS,Glasair,L1P,L
A31A59,N2998,L29,AERO L-29 Delfin,L1J,L
A31B59,N3HK,C340,CESSNA 340 Super,L2P,L
A31D59,N30DW,P28R,PIPER PA-28R-180/200/201,L1P,L
A31F59,N300AG,GLID,,L0-,-
A32359,N301DE,E300,EXTRA EA-300/330/350,L1P,L
A32459,N301PL,C206,CESSNA  206 Stationair,L1P,L
A32659,N3017C,C177,CESSNA  177 Cardinal,L1P,L
A32859,N302SJ,C550,CESSNA 550 Citation S2,L2J,L
A32A59,N3029F,C162,CESSNA 162 Skycatcher,L1P,L
A32B59,N303KA,C82S,CESSNA T182 Turbo Skylane,L1P,L
A33159,N3046A,C170,CESSNA 170,L1P,L
A33259,N305ER,DA42,DIAMOND DA-42 Guardian,L2P,L
A33859,N30626,C177,CESSNA  177 Cardinal,L1P,L
A33959,N307AF,DA40,DIAMOND DA-40 Club Star,L1P,L
A33C59,N30749,P28A,PIPER PA-28-140/150/160/180,L1P,L
A34059,N3087B,C190,CESSNA 190,L1P,L
A34459,N3099E,P32R,PIPER PA-32R-300/301/301T,L1P,L
A34559,N31K,D25,NEW STANDART D-25,L1P,L
A34659,N31VF,CH75,ZENAIR CH-750 Cruzer,L1P,L
A34759,N310FL,SR22,CIRRUS SR-22,L1P,L
A34859,N310RS,C310,CESSNA 310,L2P,L
A34A59,N3108Z,PA22,PIPER PA-22,L1P,L
A34E59,N312BA,SR20,CIRRUS SR-20,L1P,L
A35159,N3125U,R44,ROBINSON R-44 Raven,H1P,L
A35759,N314TC,H25B,HAWKER BEECHCRAFT Hawker 750/850,L2J,M
A35B59,N315WA,RV6,VANS RV-6,L1P,L
A35C59,N3154S,B17,BOEING B-17 Flying Fortress,L4P,M
A35D59,N316CM,B763,BOEING 767-300,L2J,H
A36259,N317RR,BALL,,B0-,-
A36359,N3171M,PA12,PIPER PA-12 Super Cruiser,L1P,L
A36459,N3178Y,C182,CESSNA 182 Skylane,L1P,L
A36559,N318JH,C25A,CESSNA 525A Citation CJ2,L2J,L
A36659,N318UP,B763,BOEING 767-300,L2J,H
A36759,N3183Q,C182,CESSNA 182 Skylane,L1P,L
A36E59,N320AJ,LNC2,LANCAIR 200-320,L1P,L
A37059,N320WW,M20P,MOONEY M-20,L1P,L
A37159,N3205B,PA22,PIPER PA-22,L1P,L
A37259,N321DG,C210,CESSNA 201 Centurion,L1P,L
A37559,N3217E,BE36,BEECH 36 Bonanza,L1P,L
A37659,N322GE,R22,ROBINSON R-22 Mariner,H1P,L
A37759,N322SL,,,,
A37A59,N323KC,SR22,CIRRUS SR-22,L1P,L
A38059,N3246C,BE35,BEECH 35 Starfire Bonanza,L1P,L
A38359,N32505,P28A,PIPER PA-28-140/150/160/180,L1P,L
A38D59,N328PM,VELO,Velocity,L1P,L
A38F59,N3287D,BALL,,B0-,-
A39159,N329SK,PC12,PILATUS PC-12,L1T,L
A39459,N33KB,S22T,CIRRUS SR-22T Turbo,L1P,L
A39559,N33VH,BE35,BEECH 35 Starfire Bonanza,L1P,L
A39959,N33081,P28A,PIPER PA-28-140/150/160/180,L1P,L
A39B59,N331US,LJ31,LEARJET 31,L2J,M
A39D59,N332BC,T51,TITAN T-51 Mustang,L1P,L
A3A059,N3325W,PA32,PIPER PA-32,L1P,L
A3A359,N3330N,J3,PIPER J-3 Cub,L1P,L
A3AC59,N336CP,C82S,CESSNA T182 Turbo Skylane,L1P,L
A3AD59,N336NV,A319,AIRBUS A-319,L2J,M
A3B059,N337FM,PA34,PIPER PA-34 Seneca,L2P,L
A3B159,N337RT,C337,CESSNA 337 Super Skymaster,L2P,L
A3B359,N33780,AR6T,AERONCA 65 Tandem,L1P,L
A3B659,N3383S,C210,CESSNA 201 Centurion,L1P,L
A3BD59,N340AL,C340,CESSNA 340 Super,L2P,L
A3BE59,N340LS,D328,DORNIER 328,L2T,M
A3C259,N341PQ,CRJ9,BOMBARDIER Regional Jet CRJ-900,L2J,M
A3C459,N3417G,C310,CESSNA 310,L2P,L
A3C859,N3429K,J3,PIPER J-3 Cub,L1P,L
A3CB59,N3434B,T34P,BEECH T-34 Mentor,L1P,L
A3CF59,N3446E,CH7A,BELLANCA 7 Champion,L1P,L
A3D159,N345RA,BL8,BELLANCA 8 Decathlon,L1P,L
A3E759,N3501S,COL4,CESSNA 400 Corvalis TT,L1P,L
A3F359,N35371,C172,CESSNA 172 Skyhawk,L1P,L
A3FF59,N357FP,PA22,PIPER PA-22,L1P,L
A40059,N357RV,RV7,VANS RV-7,L1P,L
A40159,N3571R,BE23,BEECH 23 Sundowner,L1P,L
A40259,N35782,J3,PIPER J-3 Cub,L1P,L
A40759,N359MK,RV14,VANS RV-14,L1P,L
A40A59,N36EB,BE58,BEECH 58 Baron,L2P,L
A40D59,N360LU,PA44,PIPER PA-44 Seminole,L2P,L
A40E59,N360X,BE20,BEECH 200 Super King Air,L2T,M
A41359,N3617J,C150,CESSNA 150,L1P,L
A41659,N3622A,BE55,BEECH 55 Baron,L2P,L
A41759,N3629M,PA12,PIPER PA-12 Super Cruiser,L1P,L
A41E59,N3646G,T6,NORTH AMERICAN T-6 Texan,L1P,L
A42259,N3658K,BALL,,B0-,-
A42959,N3675E,CH7A,BELLANCA 7 Champion,L1P,L
A42D59,N3687H,M20P,MOONEY M-20,L1P,L
A42E59,N369GH,ULAC,,L0-,-
A42F59,N369SP,C172,CESSNA 172 Skyhawk,L1P,L
A43059,N3692,BIPL,EAA Biplane,L1P,L
A43359,N37VM,PA46,PIPER PA-46-310/350,L1P,L
A43659,N3701U,C182,CESSNA 182 Skylane,L1P,L
A43B59,N372BG,GA6C,GULFSTREAM G600,L2J,M
A44159,N3730S,BE77,BEECH 77 Skipper,L1P,L
A44259,N37373,S1,INTERSTATE S-1 Cadet,L1P,L
A44559,N3742V,C140,CESSNA 140,L1P,L
A44759,N375LA,C172,CESSNA 172 Skyhawk,L1P,L
A44959,N3754Y,C210,CESSNA 201 Centurion,L1P,L
A44A59,N376CT,FDCT,FLIGHT DESIGN CT,L1P,L
A44D59,N37661,,,,
A44E59,N377FR,A20N,AIRBUS A-320neo,L2J,M
A45559,N379BF,C82S,CESSNA T182 Turbo Skylane,L1P,L
A45659,N379MM,,,,
A45859,N3795Z,PA18,PIPER PA-18 Super Cub,L1P,L
A45E59,N3805H,ERCO,AIR PRODUCTS F-1 Aircoupe,L1P,L
A45F59,N381DN,B738,BOEING 737-800,L2J,M
A46359,N382GL,A320,AIRBUS A-320,L2J,M
A46659,N3829P,P210,CESSNA P210 Centurion,L1P,L
A46A59,N384CA,DA40,DIAMOND DA-40 Club Star,L1P,L
A47059,N3851A,GLID,,L0-,-
A47159,N3858M,P28A,PIPER PA-28-140/150/160/180,L1P,L
A47459,N3863D,C182,CESSNA 182 Skylane,L1P,L
A47859,N3875G,T206,CESSNA T206 Turbo Stationair,L1P,L
A47959,N388DM,GLAS,Glasair,L1P,L
A47C59,N3887K,GC1,GLOBE Swift,L1P,L
A47E59,N389SR,H25B,HAWKER BEECHCRAFT Hawker 750/850,L2J,M
A47F59,N3892B,BE35,BEECH 35 Starfire Bonanza,L1P,L
A48059,N3899N,BE35,BEECH 35 Starfire Bonanza,L1P,L
A48259,N39VP,S22T,CIRRUS SR-22T Turbo,L1P,L
A48659,N39087,L8,LUSCOMBE 8,L1P,L
A48D59,N39252,M20P,MOONEY M-20,L1P,L
A49559,N39498,S108,STINSON 108 Voyager,L1P,L
A49659,N395LC,P180,PIAGGIO P-180 Avanti,L2T,L
A49759,N395WJ,C56X,CESSNA 560XL Citation XLS,L2J,M
A49859,N39540,P32R,PIPER PA-32R-300/301/301T,L1P,L
A49959,N396CV,C82T,CESSNA TR182 Turbo Skylane RG,L1P,L
A49A59,N396PA,,,,
A4A359,N3983Y,C210,CESSNA 201 Centurion,L1P,L
A4AA59,N40AS,C82S,CESSNA T182 Turbo Skylane,L1P,L
A4AB59,N40LY,C172,CESSNA 172 Skyhawk,L1P,L
A4AF59,N40021,P28A,PIPER PA-28-140/150/160/180,L1P,L
A4B159,N401LG,C25A,CESSNA 525A Citation CJ2,L2J,L
A4B259,N401WN,B737,BOEING 737-700,L2J,M
A4B459,N402CZ,C402,CESSNA 402 Businessliner,L2P,L
A4B559,N402PE,C72R,CESSNA 172R Cutlass RG,L1P,L
A4B759,N40267,PA23,PIPER PA-23,L2P,L
A4B859,N403FX,E545,EMBRAER EMB545 Praetor 500,L2J,M
A4B959,N403SC,,,,
A4BD59,N404VA,D228,DORNIER 228,L2T,L
A4C559,N4060X,VO10,NORTH AMERICAN ROCKWELL Commander 100,L1P,L
A4C659,N40678,J5,PIPER J-5 Cub Cruiser,L1P,L
A4C959,N40720,J5,PIPER J-5 Cub Cruiser,L1P,L
A4CB59,N408LF,B407,BELL 407,H1T,L
A4CF59,N409PD,BE33,BEECH 33 Bonanza,L1P,L
A4D159,N40966,P28A,PIPER PA-28-140/150/160/180,L1P,L
A4D359,N41SB,BE35,BEECH 35 Starfire Bonanza,L1P,L
A4D759,N4106Q,P28R,PIPER PA-28R-180/200/201,L1P,L
A4DB59,N4118T,SHEK,RANS S-16 Shekari,L1P,L
A4DC59,N412JC,PTMS,PITTS S-12 Super Stinker,L1P,L
A4E059,N413MA,C172,CESSNA 172 Skyhawk,L1P,L
A4E259,N4135N,C140,CESSNA 140,L1P,L
A4E459,N414PZ,CH60,ZENAIR CH-600 Zodiac,L1P,L
A4E659,N4147R,PA32,PIPER PA-32,L1P,L
A4E959,N4152H,M20P,MOONEY M-20,L1P,L
A4EA59,N4159U,C150,CESSNA 150,L1P,L
A4ED59,N4164L,C172,CESSNA 172 Skyhawk,L1P,L
A4EE59,N417CF,B407,BELL 407,H1T,L
A4F559,N4188S,BE58,BEECH 58 Baron,L2P,L
A4F859,N4193J,BALL,,B0-,-
A4FB59,N42XF,RV9,VANS RV-9,L1P,L
A4FF59,N421AC,M20P,MOONEY M-20,L1P,L
A50059,N421LJ,BL8,BELLANCA 8 Decathlon,L1P,L
A50259,N42146,J3,PIPER J-3 Cub,L1P,L
A50659,N42269,M7,MAULE M-7,L1P,L
A50959,N42311,C182,CESSNA 182 Skylane,L1P,L
A50E59,N425BP,BE20,BEECH 200 Super King Air,L2T,M
A51159,N42557,J3,PIPER J-3 Cub,L1P,L
A51259,N426EM,BE9L,BEECH 90 King Air,L2T,L
A51459,N4260Z,PARA,,P0-,-
A51859,N42722,WAIX,SONEX Waiex,L1P,L
A51C59,N42845,CH60,ZENAIR CH-600 Zodiac,L1P,L
A51D59,N429D,CH70,ZENAIR CH-701 Stol,L1P,L
A52059,N42968,C180,CESSNA  180 Skywagon,L1P,L
A52259,N43SD,AS50,AEROSPATIALE AS-350 Ecureuil,H1T,L
A52659,N4306S,,,,
A52959,N4311J,P28A,PIPER PA-28-140/150/160/180,L1P,L
A52F59,N433MC,PA46,PIPER PA-46-310/350,L1P,L
A53459,N4340G,P28R,PIPER PA-28R-180/200/201,L1P,L
A53659,N435GT,DRON,,D0-,-
A53859,N4352K,NAVI,NORTH AMERICAN Navion,L1P,L
A53959,N4359W,BE19,BEECH 19 Sport,L1P,L
A53F59,N437YV,DH8B,DE HAVILLAND DHC-8-200 Dash 8,L2T,M
A54059,N4376R,BE33,BEECH 33 Bonanza,L1P,L
A54259,N438RM,P28A,PIPER PA-28-140/150/160/180,L1P,L
A54359,N4381H,PA15,PIPER PA-15 Vagabond,L1P,L
A54859,N44AW,BE35,BEECH 35 Starfire Bonanza,L1P,L
A54959,N44MB,H25B,HAWKER BEECHCRAFT Hawker 750/850,L2J,M
A54A59,N44XH,R44,ROBINSON R-44 Raven,H1P,L
A54E59,N441AE,C441,CESSNA 441 Conquest,L2T,L
A55059,N441WS,M20P,MOONEY M-20,L1P,L
A55159,N44148,TAYB,TAYLORCRAFT BC/BF/BL,L1P,L
A55259,N442DC,GLST,GLASAIR SH-4 GlaStar,L1P,L
A55559,N4427A,PA22,PIPER PA-22,L1P,L
A55859,N44313,ULAC,,L0-,-
A55C59,N44436,TAYB,TAYLORCRAFT BC/BF/BL,L1P,L
A56359,N44601,PA32,PIPER PA-32,L1P,L
A56459,N4468B,C170,CESSNA 170,L1P,L
A56559,N447LA,LJ60,LEARJET 60,L2J,M
A56B59,N44847,P28A,PIPER PA-28-140/150/160/180,L1P,L
A56D59,N449PH,B407,BELL 407,H1T,L
A57159,N45SF,FURY,HAWKER Fury,L1P,L
A57559,N4506U,C150,CESSNA 150,L1P,L
A57A59,N452JG,SR22,CIRRUS SR-22,L1P,L
A58059,N4535S,BE60,BEECH 60 Duke,L2P,L
A58359,N4540J,P28R,PIPER PA-28R-180/200/201,L1P,L
A58659,N455TA,AA5,AMERICAN AA-5 Tiger,L1P,L
A59259,N4581K,NAVI,NORTH AMERICAN Navion,L1P,L
A59859,N46MD,P28A,PIPER PA-28-140/150/160/180,L1P,L
A59C59,N46027,C172,CESSNA 172 Skyhawk,L1P,L
A5A059,N4615,,,,
A5A759,N46315,C172,CESSNA 172 Skyhawk,L1P,L
A5B059,N466ER,C172,CESSNA 172 Skyhawk,L1P,L
A5B659,N46726,C172,CESSNA 172 Skyhawk,L1P,L
A5B759,N468AF,PARA,,P0-,-
A5B859,N468LM,PA11,PIPER PA-11 Cub Special,L1P,L
A5BC59,N469PK,BALL,,B0-,-
A5C059,N47SH,C25A,CESSNA 525A Citation CJ2,L2J,L
A5C359,N470Z,SM19,SIAI-MARCHETTI SM-1019,L1T,L
A5C459,N4706W,AC11,NORTH AMERICAN ROCKWELL Commander 112/114,L1P,L
A5C559,N471FL,FA20,DASSAULT Falcon 200,L2J,M
A5C959,N472JJ,S22T,CIRRUS SR-22T Turbo,L1P,L
A5CB59,N4723R,C72R,CESSNA 172R Cutlass RG,L1P,L
A5CC59,N473BA,,,,
A5D559,N475TC,BE40,BEECH 400 Beechjet,L2J,M
A5DB59,N477CM,,,,
A5E659,N48B,AS50,AEROSPATIALE AS-350 Ecureuil,H1T,L
A5E759,N48MF,F2TH,DASSAULT Falcon 2000,L2J,M
A5EF59,N4815B,C310,CESSNA 310,L2P,L
A5F159,N482PN,P28A,PIPER PA-28-140/150/160/180,L1P,L
A5F659,N48317,C172,CESSNA 172 Skyhawk,L1P,L
A5F859,N484KC,SR22,CIRRUS SR-22,L1P,L
A60A59,N489DF,UH1,BELL UH-1 Huey,H1T,L
A60D59,N4897D,C182,CESSNA 182 Skylane,L1P,L
A60E59,N49GD,DSA1,SMITH DSA-1 Miniplane,L1P,L
A60F59,N49SK,CL35,BOMBARDIER BD-100 Challenger 350,L2J,M
A61159,N490NW,C172,CESSNA 172 Skyhawk,L1P,L
A61759,N49181,TAYD,TAYLORCRAFT DC/DF/DL,L1P,L
A62159,N4940N,C182,CESSNA 182 Skylane,L1P,L
A62259,N4947Z,PA22,PIPER PA-22,L1P,L
A62A59,N497CP,SR22,CIRRUS SR-22,L1P,L
A63059,N4981P,PA23,PIPER PA-23,L2P,L
A63559,N5BB,E55P,EMBRAER EMB-505 Phenom 300,L2J,M
A63659,N5MH,PA32,PIPER PA-32,L1P,L
A63859,N50HU,HUSK,CHRISTEN Husky,L1P,L
A64259,N502LA,DA62,DIAMOND DA-62,L2P,L
A64859,N50361,BL8,BELLANCA 8 Decathlon,L1P,L
A64B59,N5041T,PARA,,P0-,-
A64C59,N50484,C172,CESSNA 172 Skyhawk,L1P,L
A64D59,N505JP,DA40,DIAMOND DA-40 Club Star,L1P,L
A64F59,N5053W,P28A,PIPER PA-28-140/150/160/180,L1P,L
A65359,N5065Z,CH7B,BELLANCA 7 Citabria,L1P,L
A65759,N50772,C172,CESSNA 172 Skyhawk,L1P,L
A65859,N508HB,AT5T,AIR TRACTOR AT-504,L1T,L
A65959,N508TH,P28A,PIPER PA-28-140/150/160/180,L1P,L
A66159,N51ZD,U16,GRUMMAN Albatross,A2P,M
A66559,N511CA,AC11,NORTH AMERICAN ROCKWELL Commander 112/114,L1P,L
A66859,N5116J,C172,CESSNA 172 Skyhawk,L1P,L
A66959,N512EZ,P32R,PIPER PA-32R-300/301/301T,L1P,L
A66C59,N5128M,,,,
A66F59,N5133D,C182,CESSNA 182 Skylane,L1P,L
A67459,N515DM,PA46,PIPER PA-46-310/350,L1P,L
A67759,N5157K,C172,CESSNA 172 Skyhawk,L1P,L
A67959,N516SR,SR22,CIRRUS SR-22,L1P,L
A67A59,N5162B,B47G,BELL 47G,H1P,L
A67E59,N5174E,C172,CESSNA 172 Skyhawk,L1P,L
A67F59,N518C,PA46,PIPER PA-46-310/350,L1P,L
A68259,N5186H,C172,CESSNA 172 Skyhawk,L1P,L
A68559,N5191,PTS1,PITTS S-1 Special,L1P,L
A68759,N52HW,P28A,PIPER PA-28-140/150/160/180,L1P,L
A68959,N520EG,EGRT,GROB G-520 Strato 1,L1T,L
A68C59,N52075,ST75,STEARMAN Kaydet,L1P,L
A68F59,N5212X,C172,CESSNA 172 Skyhawk,L1P,L
A69159,N522LC,BABY,CANADIAN HOME ROTORS Baby Belle,H1P,L
A69559,N523PA,,,,
A69B59,N52486,J3,PIPER J-3 Cub,L1P,L
A69C59,N525JR,BE33,BEECH 33 Bonanza,L1P,L
A6A059,N526MP,C210,CESSNA 201 Centurion,L1P,L
A6A759,N528HD,SR22,CIRRUS SR-22,L1P,L
A6A959,N5282W,P28A,PIPER PA-28-140/150/160/180,L1P,L
A6AB59,N529LB,PA46,PIPER PA-46-310/350,L1P,L
A6AD59,N5294Z,PA22,PIPER PA-22,L1P,L
A6B359,N5304H,PA16,PIPER PA-16 Clipper,L1P,L
A6B459,N531CC,SR22,CIRRUS SR-22,L1P,L
A6BB59,N5328P,P32R,PIPER PA-32R-300/301/301T,L1P,L
A6CA59,N5369Q,C150,CESSNA 150,L1P,L
A6D359,N539RF,L39,LET L-39 Albatros,L1J,L
A6D659,N54HY,HUSK,CHRISTEN Husky,L1P,L
A6DA59,N5400W,P28A,PIPER PA-28-140/150/160/180,L1P,L
A6DB59,N54077,PA23,PIPER PA-23,L2P,L
A6E459,N543PC,TAMP,SOCATA TB-9 Tampico,L1P,L
A6E859,N544SA,R44,ROBINSON R-44 Raven,H1P,L
A6F159,N54653,ST75,STEARMAN Kaydet,L1P,L
A6F959,N54899,ST75,STEARMAN Kaydet,L1P,L
A6FC59,N54941,ST75,STEARMAN Kaydet,L1P,L
A6FD59,N55CW,DC4,DOUGLAS DC-4 Skymaster,L4P,M
A6FE59,N55PB,PA23,PIPER PA-23,L2P,L
A70259,N5504K,CH7B,BELLANCA 7 Citabria,L1P,L
A70359,N551CE,DC6,DOUGLAS DC-6 Liftmaster,L4P,M
A70B59,N553JA,CH7A,BELLANCA 7 Champion,L1P,L
A70D59,N5533H,PA11,PIPER PA-11 Cub Special,L1P,L
A71159,N5545L,TB20,SOCATA TB-20 Trinidad,L1P,L
A71259,N555DR,,,,
A71359,N555PX,AEST,AEROSTAR 600,L2P,L
A71459,N5550C,C170,CESSNA 170,L1P,L
A71559,N5557P,PA24,PIPER PA-24 Comanche,L1P,L
A71859,N5562F,P28A,PIPER PA-28-140/150/160/180,L1P,L
A71A59,N557KM,,,,
A71B59,N557VT,BE36,BEECH 36 Bonanza,L1P,L
A71D59,N558CD,SR22,CIRRUS SR-22,L1P,L
A71F59,N558YR,,,,
A72359,N5591D,BE35,BEECH 35 Starfire Bonanza,L1P,L
A72559,N56J,MOSP,MONG Sport,L1P,L
A72859,N560QS,C68A,CESSNA 680 Citation Latitude,L2J,M
A72959,N5600Y,,,,
A73059,N562WN,B737,BOEING 737-700,L2J,M
A73559,N56367,PA32,PIPER PA-32,L1P,L
A73659,N564FX,CL35,BOMBARDIER BD-100 Challenger 350,L2J,M
A73859,N5641Z,PA22,PIPER PA-22,L1P,L
A73B59,N565VA,B06,BELL 206 JetRanger,H1T,L
A73E59,N566MT,DA40,DIAMOND DA-40 Club Star,L1P,L
A74059,N56655,PA32,PIPER PA-32,L1P,L
A74159,N567EK,BE35,BEECH 35 Starfire Bonanza,L1P,L
A74859,N569A,C150,CESSNA 150,L1P,L
A74B59,N56943,P28A,PIPER PA-28-140/150/160/180,L1P,L
A74D59,N57PD,UH12,HILLER UH-12,H1P,L
A75359,N571NN,CRJ9,BOMBARDIER Regional Jet CRJ-900,L2J,M
A75559,N5716Q,M20P,MOONEY M-20,L1P,L
A75659,N572FE,MD11,MCDONNELL-DOUGLAS MD-11,L3J,H
A75A59,N573JC,C185,CESSNA 185 Skywagon,L1P,L
A75C59,N5733K,B06,BELL 206 JetRanger,H1T,L
A75E59,N574MA,P46T,PIPER PA-46-500TP,L1T,L
A76359,N5750E,C150,CESSNA 150,L1P,L
A76759,N5762H,M20P,MOONEY M-20,L1P,L
A76859,N5769U,P28A,PIPER PA-28-140/150/160/180,L1P,L
A77259,N5791F,P28A,PIPER PA-28-140/150/160/180,L1P,L
A77459,N58JB,LGEZ,RUTAN Long-EZ,L1P,L
A77559,N58UH,R44,ROBINSON R-44 Raven,H1P,L
A77859,N58000,LAMA,AEROSPATIALE SA-315 Lama,H1T,L
A77959,N5808A,M20P,MOONEY M-20,L1P,L
A77B59,N581TS,CL60,BOMBARDIER CL-600 Challenger,L2J,M
A77D59,N582AC,EC25,AIRBUS HELICOPTERS EC-225/725,H2T,M
A78A59,N585VC,H25B,HAWKER BEECHCRAFT Hawker 750/850,L2J,M
A7A459,N5916S,BE35,BEECH 35 Starfire Bonanza,L1P,L
A7AB59,N5933M,C310,CESSNA 310,L2P,L
A7B159,N595QA,CN35,CASA CN-235 Persuader,L2T,M
A7B259,N5950G,C182,CESSNA 182 Skylane,L1P,L
A7BB59,N598CH,GLEX,BOMBARDIER BD-700 Global 6000/6500,L2J,M
A7C059,N599RM,C501,CESSNA 501 Citation 1SP,L2J,L
A7C159,N5991H,PA16,PIPER PA-16 Clipper,L1P,L
A7C459,N6UK,PA32,PIPER PA-32,L1P,L
A7C759,N600BA,AEST,AEROSTAR 600,L2P,L
A7CA59,N6005U,P28A,PIPER PA-28-140/150/160/180,L1P,L
A7CD59,N6010L,,,,
A7D059,N602TC,C172,CESSNA 172 Skyhawk,L1P,L
A7D159,N6022P,PA24,PIPER PA-24 Comanche,L1P,L
A7D259,N60290,C150,CESSNA 150,L1P,L
A7D459,N603WA,M600,PIPER PA-46-600TP,L1T,L
A7D559,N6034S,PTS2,PITTS S-2 Special,L1P,L
A7D659,N604CM,SONX,SONEX AIRCRAFT Sonex,L1P,L
A7DC59,N6051M,BE36,BEECH 36 Bonanza,L1P,L
A7DD59,N6058Y,PA23,PIPER PA-23,L2P,L
A7DE59,N606JH,BALL,,B0-,-
A7DF59,N606UP,B748,BOEING 747-8,L4J,H
A7E059,N6063Q,M20P,MOONEY M-20,L1P,L
A7E159,N607B,BE35,BEECH 35 Starfire Bonanza,L1P,L
A7EC59,N6099Z,SR22,CIRRUS SR-22,L1P,L
A7EE59,N61W,ST75,STEARMAN Kaydet,L1P,L
A7F259,N6109H,J3,PIPER J-3 Cub,L1P,L
A7F359,N611KC,P46T,PIPER PA-46-500TP,L1T,L
A7F559,N6114,LNC2,LANCAIR 200-320,L1P,L
A7F959,N6126C,C310,CESSNA 310,L2P,L
A7FD59,N6138F,C210,CESSNA 201 Centurion,L1P,L
A7FF59,N614TX,C56X,CESSNA 560XL Citation XLS,L2J,M
A80659,N616PM,RBEL,MURPHY Rebel,L1P,L
A80859,N6167D,DFLY,VIKING Dragonfly,L1P,L
A80D59,N618KB,,,,
A80F59,N61839,C172,CESSNA 172 Skyhawk,L1P,L
A81159,N619N,BU31,BUCKER Bu-131 Jungmann,L1P,L
A81659,N620BC,PA32,PIPER PA-32,L1P,L
A81959,N6205W,P28A,PIPER PA-28-140/150/160/180,L1P,L
A81A59,N621EA,,,,
A82059,N6222R,C150,CESSNA 150,L1P,L
A82159,N62292,S58P,SIKORSKY S-58,H1P,L
A82359,N623WC,P28R,PIPER PA-28R-180/200/201,L1P,L
A82459,N6234U,M20P,MOONEY M-20,L1P,L
A82559,N624CP,SR20,CIRRUS SR-20,L1P,L
A82B59,N6251P,PA24,PIPER PA-24 Comanche,L1P,L
A83659,N6280M,S108,STINSON 108 Voyager,L1P,L
A83C59,N63KW,RV7,VANS RV-7,L1P,L
A83E59,N630GG,R44,ROBINSON R-44 Raven,H1P,L
A83F59,N630SN,MD11,MCDONNELL-DOUGLAS MD-11,L3J,H
A84059,N63019,C172,CESSNA 172 Skyhawk,L1P,L
A84159,N6309K,T206,CESSNA T206 Turbo Stationair,L1P,L
A84259,N631KE,COUR,HELIO Courier,L1P,L
A84459,N6314B,C182,CESSNA 182 Skylane,L1P,L
A84F59,N6343,ULAC,,L0-,-
A85359,N6355C,T210,CESSNA T210 Turbo Centurion,L1P,L
A85A59,N63718,C172,CESSNA 172 Skyhawk,L1P,L
A85B59,N6379J,P28A,PIPER PA-28-140/150/160/180,L1P,L
A86259,N6396D,C172,CESSNA 172 Skyhawk,L1P,L
A86959,N641EC,EC35,AIRBUS HELICOPTERS EC-135/635,H2T,L
A86B59,N6410Q,M20P,MOONEY M-20,L1P,L
A86F59,N6422T,C150,CESSNA 150,L1P,L
A87059,N64294,C172,CESSNA 172 Skyhawk,L1P,L
A87359,N6434W,P28A,PIPER PA-28-140/150/160/180,L1P,L
A87A59,N6451R,P28A,PIPER PA-28-140/150/160/180,L1P,L
A87C59,N646JM,RV6,VANS RV-6,L1P,L
A87E59,N6463U,T206,CESSNA T206 Turbo Stationair,L1P,L
A88059,N647MK,C56X,CESSNA 560XL Citation XLS,L2J,M
A88259,N6475X,C180,CESSNA  180 Skywagon,L1P,L
A88559,N6480P,PA24,PIPER PA-24 Comanche,L1P,L
A88C59,N65WD,R44,ROBINSON R-44 Raven,H1P,L
A88F59,N6502A,COL3,CESSNA 350 Corvalis,L1P,L
A89A59,N65309,T206,CESSNA T206 Turbo Stationair,L1P,L
A89B59,N6538K,RC3,REPUBLIC RC-3 Seabee,A1P,L
A89D59,N654UA,B763,BOEING 767-300,L2J,H
A8A859,N657SP,C172,CESSNA 172 Skyhawk,L1P,L
A8AD59,N6584C,BALL,,B0-,-
A8AF59,N659ND,P28A,PIPER PA-28-140/150/160/180,L1P,L
A8B159,N6596F,C150,CESSNA 150,L1P,L
A8B259,N66EW,FA20,DASSAULT Falcon 200,L2J,M
A8B759,N66050,,,,
A8BB59,N66173,C150,CESSNA 150,L1P,L
A8BE59,N6622V,BL17,BELLANCA 17 Viking,L1P,L
A8C059,N663LA,AT5T,AIR TRACTOR AT-504,L1T,L
A8C359,N664CT,FDCT,FLIGHT DESIGN CT,L1P,L
A8C659,N66461,ST75,STEARMAN Kaydet,L1P,L
A8C959,N6651T,BE24,BEECH 24 Sierra,L1P,L
A8CB59,N666JP,C421,CESSNA 421 Executive Commuter,L2P,L
A8D159,N6675Z,PA25,PIPER PA-25 Pawnee,L1P,L
A8D459,N6680R,M20P,MOONEY M-20,L1P,L
A8DA59,N67L,BE55,BEECH 55 Baron,L2P,L
A8DE59,N6702C,CH7A,BELLANCA 7 Champion,L1P,L
A8DF59,N6709P,PA24,PIPER PA-24 Comanche,L1P,L
A8E259,N6714F,C150,CESSNA 150,L1P,L
A8E359,N672CA,ECHO,TECNAM P-92 Echo,L1P,L
A8EC59,N674UC,,,,
A8F159,N6755G,C150,CESSNA 150,L1P,L
A8F559,N6767K,RC3,REPUBLIC RC-3 Seabee,A1P,L
A8F959,N6779N,M20P,MOONEY M-20,L1P,L
A90059,N6796H,C172,CESSNA 172 Skyhawk,L1P,L
A90259,N68RD,C320,CESSNA 320 Skyknight,L2P,L
A90659,N68052,DC10,MCDONNELL DOUGLAS DC-10,L3J,H
A91359,N684PA,BE33,BEECH 33 Bonanza,L1P,L
A91859,N6851V,M20P,MOONEY M-20,L1P,L
A91C59,N6863Y,PA23,PIPER PA-23,L2P,L
A92459,N68874,COUR,HELIO Courier,L1P,L
A92759,N6892W,P28A,PIPER PA-28-140/150/160/180,L1P,L
A92859,N68997,ST75,STEARMAN Kaydet,L1P,L
A92959,N69LB,R44,ROBINSON R-44 Raven,H1P,L
A92E59,N6909R,T210,CESSNA T210 Turbo Centurion,L1P,L
A93159,N6914H,J3,PIPER J-3 Cub,L1P,L
A93259,N692CC,S61,SIKORSKY S-61 Sea King,H2T,M
A93959,N6938P,PA24,PIPER PA-24 Comanche,L1P,L
A94859,N6979Q,BE19,BEECH 19 Sport,L1P,L
A94B59,N6984G,C150,CESSNA 150,L1P,L
A94C59,N699CB,C82T,CESSNA TR182 Turbo Skylane RG,L1P,L
A94F59,N6996K,PA20,PIPER PA-20 Pacer,L1P,L
A95259,N70BL,TA15,TAYLORCRAFT 15 Foursome,L1P,L
A95359,N70MS,RLU1,RLU Super Breezy,L1P,L
A95559,N700JC,SBR1,NORTH AMERICAN Sabre 40/50/60/65,L2J,M
A95759,N7003K,C182,CESSNA 182 Skylane,L1P,L
A95859,N701AV,TBM7,SOCATA TBM-700A/B/C,L1T,L
A95959,N701MA,C208,CESSNA 208 Caravan,L1T,L
A95B59,N7015N,G164,GRUMMAN G-164 Ag-Cat,L1P,L
A96059,N703GR,B47G,BELL 47G,H1P,L
A96459,N704KP,C150,CESSNA 150,L1P,L
A96759,N705CF,P28A,PIPER PA-28-140/150/160/180,L1P,L
A96A59,N7056P,PA24,PIPER PA-24 Comanche,L1P,L
A96F59,N707JB,AS24,SCHLEICHER ASW-24,L1P,L
A97159,N7073J,,,,
A97359,N708M,C56X,CESSNA 560XL Citation XLS,L2J,M
A97659,N709DS,GLF6,GULFSTREAM G650,L2J,M
A97F59,N71069,C182,CESSNA 182 Skylane,L1P,L
A98159,N711SE,LJ60,LEARJET 60,L2J,M
A98359,N7119B,PA22,PIPER PA-22,L1P,L
A98759,N713BP,ST75,STEARMAN Kaydet,L1P,L
A98B59,N714EM,C150,CESSNA 150,L1P,L
A98E59,N7148,MA5,MARQUART MA-5 Charger,L1P,L
A99259,N716AB,HUSK,CHRISTEN Husky,L1P,L
A99559,N71645,L8,LUSCOMBE 8,L1P,L
A99659,N717D,C560,CESSNA 560 Citation Ultra,L2J,M
A99959,N71768,L8,LUSCOMBE 8,L1P,L
A99C59,N71810,,,,
A99D59,N7189A,C172,CESSNA 172 Skyhawk,L1P,L
A9A159,N72BN,PTS1,PITTS S-1 Special,L1P,L
A9A759,N721AX,B412,BELL 412,H2T,L
A9A859,N721MC,GLF5,GULFSTREAM 5,L2J,M
A9AA59,N7215Q,C172,CESSNA 172 Skyhawk,L1P,L
A9AD59,N7220G,C172,CESSNA 172 Skyhawk,L1P,L
A9B259,N7239W,P28A,PIPER PA-28-140/150/160/180,L1P,L
A9B359,N724KR,C172,CESSNA 172 Skyhawk,L1P,L
A9B659,N725CH,DRON,,D0-,-
A9B959,N7256R,ULAC,,L0-,-
A9BB59,N726RM,EN28,ENSTROM F-28,H1P,L
A9BC59,N7261H,C206,CESSNA  206 Stationair,L1P,L
A9C159,N728AW,DRON,,D0-,-
A9C259,N728MB,WW24,IAI 1124 Westwind,L2J,M
A9C859,N7297S,C150,CESSNA 150,L1P,L
A9C959,N73GS,P28A,PIPER PA-28-140/150/160/180,L1P,L
A9CE59,N7307A,C172,CESSNA 172 Skyhawk,L1P,L
A9CF59,N731GA,LJ31,LEARJET 31,L2J,M
A9D159,N73113,C172,CESSNA 172 Skyhawk,L1P,L
A9D259,N7319D,C172,CESSNA 172 Skyhawk,L1P,L
A9D359,N732JZ,C210,CESSNA 201 Centurion,L1P,L
A9D659,N733BR,C172,CESSNA 172 Skyhawk,L1P,L
A9D759,N733MX,C172,CESSNA 172 Skyhawk,L1P,L
A9D859,N733YC,C172,CESSNA 172 Skyhawk,L1P,L
A9DB59,N734QV,C172,CESSNA 172 Skyhawk,L1P,L
A9DC59,N73401,C172,CESSNA 172 Skyhawk,L1P,L
A9DD59,N7348B,C152,CESSNA 152,L1P,L
A9DE59,N735HM,C182,CESSNA 182 Skylane,L1P,L
A9DF59,N735TT,C182,CESSNA 182 Skylane,L1P,L
A9E159,N736AD,C172,CESSNA 172 Skyhawk,L1P,L
A9E559,N737DB,AEST,AEROSTAR 600,L2P,L
A9E659,N737PH,C172,CESSNA 172 Skyhawk,L1P,L
A9E759,N737ZP,C172,CESSNA 172 Skyhawk,L1P,L
A9E959,N738G,GA7,DAHER-SOCATA TB-360 Tangara,L2P,L
A9F159,N74MW,COUR,HELIO Courier,L1P,L
A9F259,N74YB,PA18,PIPER PA-18 Super Cub,L1P,L
A9F559,N7403P,PA24,PIPER PA-24 Comanche,L1P,L
A9F959,N7415S,BALL,,B0-,-
A9FD59,N7427V,M20P,MOONEY M-20,L1P,L
AA0159,N7439Y,PA30,PIPER PA-30 Twin Comanche,L2P,L
AA0459,N7444Q,C182,CESSNA 182 Skylane,L1P,L
AA0559,N745CK,B744,BOEING 747-400,L4J,H
AA0759,N745YX,E75L,EMBRAER ERJ-170-200 (long wing),L2J,M
AA0859,N7456T,C172,CESSNA 172 Skyhawk,L1P,L
AA1359,N7485R,P28A,PIPER PA-28-140/150/160/180,L1P,L
AA1459,N749DW,PA12,PIPER PA-12 Super Cruiser,L1P,L
AA1A59,N750DE,CH75,ZENAIR CH-750 Cruzer,L1P,L
AA1B59,N750PL,,,,
AA1D59,N7507C,H269,HUGHES Sky Knight,H1P,L
AA1F59,N751SJ,C750,CESSNA 750 Citation 10,L2J,M
AA2159,N7519F,CH7B,BELLANCA 7 Citabria,L1P,L
AA3059,N756AF,AVID,AVID Flyer,L1P,L
AA3259,N756WT,BE35,BEECH 35 Starfire Bonanza,L1P,L
AA3359,N75649,C172,CESSNA 172 Skyhawk,L1P,L
AA3459,N757DD,AC50,NORTH AMERICAN ROCKWELL Commander 500,L2P,L
AA3659,N757ZR,C152,CESSNA 152,L1P,L
AA3759,N7577B,CH7A,BELLANCA 7 Champion,L1P,L
AA3859,N758GB,C172,CESSNA 172 Skyhawk,L1P,L
AA3C59,N759K,R44,ROBINSON R-44 Raven,H1P,L
AA3E59,N75937,ST75,STEARMAN Kaydet,L1P,L
AA3F59,N76BS,TTWO,PARKER Teenie Two,L1P,L
AA4159,N76YD,BL8,BELLANCA 8 Decathlon,L1P,L
AA4259,N760JJ,ULAC,,L0-,-
AA4C59,N7627X,C172,CESSNA 172 Skyhawk,L1P,L
AA4E59,N763TC,T210,CESSNA T210 Turbo Centurion,L1P,L
AA5259,N764WA,PA46,PIPER PA-46-310/350,L1P,L
AA5359,N7644S,S76,SIKORSKY S-76 Spirit,H2T,L
AA5459,N765CM,R44,ROBINSON R-44 Raven,H1P,L
AA5A59,N7661M,C175,CESSNA 175 Skylark,L1P,L
AA6259,N7685T,DRON,,D0-,-
AA6659,N7697W,P28A,PIPER PA-28-140/150/160/180,L1P,L
AA6759,N77GW,C337,CESSNA 337 Super Skymaster,L2P,L
AA6859,N77TB,P28A,PIPER PA-28-140/150/160/180,L1P,L
AA6E59,N771SL,SR22,CIRRUS SR-22,L1P,L
AA7059,N7719H,PA12,PIPER PA-12 Super Cruiser,L1P,L
AA7359,N7724,,,,
AA7759,N7736C,P28R,PIPER PA-28R-180/200/201,L1P,L
AA7A59,N77405,C140,CESSNA 140,L1P,L
AA7E59,N77528,J3,PIPER J-3 Cub,L1P,L
AA8359,N777DF,PA24,PIPER PA-24 Comanche,L1P,L
AA8459,N777PM,C310,CESSNA 310,L2P,L
AA8559,N777ZT,C320,CESSNA 320 Skyknight,L2P,L
AA8659,N7777D,PA18,PIPER PA-18 Super Cub,L1P,L
AA8859,N778SK,CRJ7,BOMBARDIER Regional Jet CRJ-700,L2J,M
AA8D59,N77939,L8,LUSCOMBE 8,L1P,L
AA8F59,N78N,AS29,SCHLEICHER ASG-29,L1P,L
AA9A59,N7820N,P28A,PIPER PA-28-140/150/160/180,L1P,L
AA9E59,N7832R,BE35,BEECH 35 Starfire Bonanza,L1P,L
AAA259,N7844U,C172,CESSNA 172 Skyhawk,L1P,L
AAA659,N7856X,C172,CESSNA 172 Skyhawk,L1P,L
AAA759,N786FM,C152,CESSNA 152,L1P,L
AAA959,N7861P,PA24,PIPER PA-24 Comanche,L1P,L
AAAE59,N788BB,PA31,PIPER PA-31-300/310/325/350/425,L2P,L
AAB259,N789E,RV4,VANS RV-4,L1P,L
AAB759,N79TD,C421,CESSNA 421 Executive Commuter,L2P,L
AABE59,N79119,C172,CESSNA 172 Skyhawk,L1P,L
AACB59,N795HT,S64,SIKORSKY S-64 Skycrane,H2T,M
AAD259,N797DH,VELO,Velocity,L1P,L
AAD359,N797PP,RF10,FOURNIER RF-10,L1P,L
AAD559,N7977F,C150,CESSNA 150,L1P,L
AAD759,N798SM,C82S,CESSNA T182 Turbo Skylane,L1P,L
AAD859,N79818,M20P,MOONEY M-20,L1P,L
AADD59,N8BW,FOX,KITFOX,L1P,L
AADF59,N8YH,LNC2,LANCAIR 200-320,L1P,L
AAE459,N8001A,LA4,LAKE LA-4/200,A1P,L
AAE859,N8013D,PA22,PIPER PA-22,L1P,L
AAE959,N802AP,AT8T,AIR TRACTOR AT-802,L1T,M
AAEB59,N802XA,B738,BOEING 737-800,L2J,M
AAEC59,N8025G,C77R,CESSNA 177RG Cardinal RG,L1P,L
AAED59,N803DM,PARA,,P0-,-
AAEE59,N803PT,R44,ROBINSON R-44 Raven,H1P,L
AAF359,N8042B,R22,ROBINSON R-22 Mariner,H1P,L
AAF459,N8049N,P28A,PIPER PA-28-140/150/160/180,L1P,L
AAF859,N806C,BL8,BELLANCA 8 Decathlon,L1P,L
AAFE59,N8071,L5,STINSON Sentinel,L1P,L
AAFF59,N8078L,C172,CESSNA 172 Skyhawk,L1P,L
AB0059,N808HW,SR22,CIRRUS SR-22,L1P,L
AB0659,N8095F,BE36,BEECH 36 Bonanza,L1P,L
AB0759,N81DL,BE36,BEECH 36 Bonanza,L1P,L
AB0859,N81PS,PTS2,PITTS S-2 Special,L1P,L
AB1159,N812FT,GALX,GULFSTREAM G200,L2J,M
AB1359,N8121V,C150,CESSNA 150,L1P,L
AB1459,N81286,AA5,AMERICAN AA-5 Tiger,L1P,L
AB1759,N8133Y,PA30,PIPER PA-30 Twin Comanche,L2P,L
AB1859,N814BH,S22T,CIRRUS SR-22T Turbo,L1P,L
AB1B59,N81451,CH7A,BELLANCA 7 Champion,L1P,L
AB1E59,N8150T,C175,CESSNA 175 Skylark,L1P,L
AB1F59,N81574,CH7A,BELLANCA 7 Champion,L1P,L
AB2259,N8162W,P28A,PIPER PA-28-140/150/160/180,L1P,L
AB2659,N8174Z,C210,CESSNA 201 Centurion,L1P,L
AB2859,N818P,BE36,BEECH 36 Bonanza,L1P,L
AB2D59,N8191U,C172,CESSNA 172 Skyhawk,L1P,L
AB2E59,N81985,CH7A,BELLANCA 7 Champion,L1P,L
AB3259,N820RG,AT3T,AIR TRACTOR AT-302/402,L1T,L
AB3459,N8208P,PA24,PIPER PA-24 Comanche,L1P,L
AB3859,N822AR,RV6,VANS RV-6,L1P,L
AB3D59,N823PV,SR22,CIRRUS SR-22,L1P,L
AB3F59,N8237M,T210,CESSNA T210 Turbo Centurion,L1P,L
AB4259,N8242D,BE35,BEECH 35 Starfire Bonanza,L1P,L
AB4759,N826CB,R44,ROBINSON R-44 Raven,H1P,L
AB4959,N826YP,ULAC,,L0-,-
AB4A59,N8266K,S108,STINSON 108 Voyager,L1P,L
AB4E59,N8278N,P28A,PIPER PA-28-140/150/160/180,L1P,L
AB5559,N8295H,P28A,PIPER PA-28-140/150/160/180,L1P,L
AB5859,N830,H25B,HAWKER BEECHCRAFT Hawker 750/850,L2J,M
AB6259,N8321X,P28R,PIPER PA-28R-180/200/201,L1P,L
AB6659,N83330,PA18,PIPER PA-18 Super Cub,L1P,L
AB6D59,N8350V,CH7A,BELLANCA 7 Champion,L1P,L
AB7159,N8362Y,PA34,PIPER PA-34 Seneca,L2P,L
AB7559,N83741,P28B,PIPER PA-28-201T/235/236,L1P,L
AB7B59,N839S,RV6,VANS RV-6,L1P,L
AB7C59,N8391W,P28A,PIPER PA-28-140/150/160/180,L1P,L
AB7D59,N83987,CH7A,BELLANCA 7 Champion,L1P,L
AB7E59,N84JS,PA30,PIPER PA-30 Twin Comanche,L2P,L
AB8459,N841JA,C172,CESSNA 172 Skyhawk,L1P,L
AB9259,N8449S,C182,CESSNA 182 Skylane,L1P,L
AB9659,N846CD,SR22,CIRRUS SR-22,L1P,L
AB9C59,N8471D,P32R,PIPER PA-32R-300/301/301T,L1P,L
ABA159,N849AS,CRJ2,BOMBARDIER Regional Jet CRJ-200,L2J,M
ABA459,N8495K,S108,STINSON 108 Voyager,L1P,L
ABA659,N85PW,RV4,VANS RV-4,L1P,L
ABA759,N850AA,TBM7,SOCATA TBM-700A/B/C,L1T,L
ABA859,N850LG,GLF4,GULFSTREAM 4,L2J,M
ABB159,N8521Z,AT5T,AIR TRACTOR AT-504,L1T,L
ABB259,N8529,WACO,WACO E/O,L1P,L
ABB459,N853VA,A320,AIRBUS A-320,L2J,M
ABB959,N85455,CH7A,BELLANCA 7 Champion,L1P,L
ABC459,N85743,CH7A,BELLANCA 7 Champion,L1P,L
ABC559,N858CY,JS32,BRITISH AEROSPACE Jetstream Super 31,L2T,M
ABC759,N858ZK,C172,CESSNA 172 Skyhawk,L1P,L
ABCE59,N86V,FLE7,FLEET 7,L1P,L
ABD159,N8601G,C150,CESSNA 150,L1P,L
ABD559,N8613K,B738,BOEING 737-800,L2J,M
ABD659,N862AV,A320,AIRBUS A-320,L2J,M
ABD959,N8625N,PA32,PIPER PA-32,L1P,L
ABDD59,N8637R,GLID,,L0-,-
ABE059,N8642H,NAVI,NORTH AMERICAN Navion,L1P,L
ABE959,N867FD,B77L,BOEING 777-200LR,L2J,H
ABED59,N868JB,B06,BELL 206 JetRanger,H1T,L
ABF159,N869M,PA46,PIPER PA-46-310/350,L1P,L
ABF359,N8695M,BE35,BEECH 35 Starfire Bonanza,L1P,L
ABF459,N87DS,SR22,CIRRUS SR-22,L1P,L
ABF659,N870AC,BL8,BELLANCA 8 Decathlon,L1P,L
ABF959,N87046,ERCO,AIR PRODUCTS F-1 Aircoupe,L1P,L
ABFE59,N872FZ,DRON,,D0-,-
AC0159,N8729B,C172,CESSNA 172 Skyhawk,L1P,L
AC0B59,N8750Z,C185,CESSNA 185 Skywagon,L1P,L
AC1359,N87745,DC3,DOUGLAS DC-3 Dakota,L2P,M
AC1759,N87868,J3,PIPER J-3 Cub,L1P,L
AC1C59,N88JW,BE35,BEECH 35 Starfire Bonanza,L1P,L
AC1D59,N88VB,PA23,PIPER PA-23,L2P,L
AC2459,N8813M,BE95,BEECH 95 Travel Air,L2P,L
AC2859,N8825Q,B38M,BOEING 737 MAX 8,L2J,M
AC2A59,N883QA,CN35,CASA CN-235 Persuader,L2T,M
AC2B59,N8830G,C150,CESSNA 150,L1P,L
AC2C59,N8837T,C182,CESSNA 182 Skylane,L1P,L
AC2D59,N884GT,AS50,AEROSPATIALE AS-350 Ecureuil,H1T,L
AC3059,N8849W,P28B,PIPER PA-28-201T/235/236,L1P,L
AC3A59,N8871H,NAVI,NORTH AMERICAN Navion,L1P,L
AC3B59,N8878U,C150,CESSNA 150,L1P,L
AC3C59,N888JD,BE95,BEECH 95 Travel Air,L2P,L
AC4C59,N8917A,BE35,BEECH 35 Starfire Bonanza,L1P,L
AC4E59,N892SG,M20P,MOONEY M-20,L1P,L
AC4F59,N89213,C140,CESSNA 140,L1P,L
AC5B59,N8958B,C172,CESSNA 172 Skyhawk,L1P,L
AC6359,N898DB,RV8,VANS RV-8,L1P,L
AC6C59,N9VD,BE35,BEECH 35 Starfire Bonanza,L1P,L
AC6F59,N900BV,ECHO,TECNAM P-92 Echo,L1P,L
AC7159,N900YG,F900,DASSAULT Falcon 900,L3J,M
AC7859,N902TX,EXPL,MCDONNELL-DOUGLAS MD-900 Explorer,H2T,L
AC7F59,N904PM,M5,MAULE M-5,L1P,L
AC8159,N9047D,PA22,PIPER PA-22,L1P,L
AC8259,N905GD,BN2P,BRITTEN-NORMAN BN-2 Islander,L2P,L
AC8559,N9059G,C182,CESSNA 182 Skylane,L1P,L
AC8659,N906KB,E50P,EMBRAER EMB-500 Phenom 100,L2J,L
AC8C59,N9076B,CH7A,BELLANCA 7 Champion,L1P,L
AC9059,N9088E,M5,MAULE M-5,L1P,L
AC9459,N91AG,MUS2,BUSHBY M-2 Mustang 2,L1P,L
AC9759,N910GZ,BALL,,B0-,-
AC9859,N910TE,L101,LOCKHEED L-1011 TriStar,L3J,H
AC9A59,N91092,AT8T,AIR TRACTOR AT-802,L1T,M
AC9B59,N911KX,B429,BELL 429 GlobalRanger,H2T,L
AC9D59,N9114U,C150,CESSNA 150,L1P,L
AC9E59,N912CP,CH7B,BELLANCA 7 Citabria,L1P,L
ACA159,N9126X,C182,CESSNA 182 Skylane,L1P,L
ACA459,N9131P,PA24,PIPER PA-24 Comanche,L1P,L
ACA859,N9143S,BE24,BEECH 24 Sierra,L1P,L
ACA959,N915BB,PA11,PIPER PA-11 Cub Special,L1P,L
ACAA59,N915MH,UH12,HILLER UH-12,H1P,L
ACAC59,N9155V,M20P,MOONEY M-20,L1P,L
ACB059,N9167Y,PA31,PIPER PA-31-300/310/325/350/425,L2P,L
ACB659,N918WB,GLF5,GULFSTREAM 5,L2J,M
ACBA59,N919Z,WAIX,SONEX Waiex,L1P,L
ACBB59,N9196W,C72R,CESSNA 172R Cutlass RG,L1P,L
ACBF59,N920NC,C82S,CESSNA T182 Turbo Skylane,L1P,L
ACC259,N921EV,CRJ2,BOMBARDIER Regional Jet CRJ-200,L2J,M
ACC359,N921RA,,,,
ACC459,N92107,J3,PIPER J-3 Cub,L1P,L
ACC659,N922HT,FDCT,FLIGHT DESIGN CT,L1P,L
ACC959,N923AK,BE36,BEECH 36 Bonanza,L1P,L
ACCC59,N9235C,P28A,PIPER PA-28-140/150/160/180,L1P,L
ACD259,N925SM,GLST,GLASAIR SH-4 GlaStar,L1P,L
ACD459,N9259J,P28A,PIPER PA-28-140/150/160/180,L1P,L
ACD759,N9264A,P32R,PIPER PA-32R-300/301/301T,L1P,L
ACD859,N927BW,BE95,BEECH 95 Travel Air,L2P,L
ACDB59,N9276D,PA18,PIPER PA-18 Super Cub,L1P,L
ACDF59,N9288G,C182,CESSNA 182 Skylane,L1P,L
ACE359,N93AJ,C550,CESSNA 550 Citation S2,L2J,L
ACE559,N93WW,ST75,STEARMAN Kaydet,L1P,L
ACF259,N933RV,RV7,VANS RV-7,L1P,L
ACF559,N934JM,GL5T,BOMBARDIER BD-700 Global 5000/5500,L2J,M
ACF759,N9343U,C150,CESSNA 150,L1P,L
ACFB59,N9355X,C82R,CESSNA R182 Skylane RG,L1P,L
AD0059,N937H,EFOX,AEROPRO Eurofox,L1P,L
AD0259,N9372S,BE24,BEECH 24 Sierra,L1P,L
AD1359,N94109,ERCO,AIR PRODUCTS F-1 Aircoupe,L1P,L
AD1459,N9418K,S108,STINSON 108 Voyager,L1P,L
AD1759,N9423B,C175,CESSNA 175 Skylark,L1P,L
AD1C59,N944DK,R44,ROBINSON R-44 Raven,H1P,L
AD1F59,N9447H,C172,CESSNA 172 Skyhawk,L1P,L
AD2159,N945SP,,,,
AD2359,N9459L,AA1,AMERICAN AA-1,L1P,L
AD2459,N946KF,PA11,PIPER PA-11 Cub Special,L1P,L
AD2659,N9464C,C180,CESSNA  180 Skywagon,L1P,L
AD2E59,N9488J,P28A,PIPER PA-28-140/150/160/180,L1P,L
AD3159,N9493A,C140,CESSNA 140,L1P,L
AD3259,N95AL,B06,BELL 206 JetRanger,H1T,L
AD3359,N95LS,BE95,BEECH 95 Travel Air,L2P,L
AD3459,N95WY,HUSK,CHRISTEN Husky,L1P,L
AD3559,N950HC,AT8T,AIR TRACTOR AT-802,L1T,M
AD3859,N95096,TAYB,TAYLORCRAFT BC/BF/BL,L1P,L
AD3959,N951LA,AS50,AEROSPATIALE AS-350 Ecureuil,H1T,L
AD4559,N954UV,DRON,,D0-,-
AD4659,N9543W,P28A,PIPER PA-28-140/150/160/180,L1P,L
AD4D59,N9560R,BE35,BEECH 35 Starfire Bonanza,L1P,L
AD5359,N958L,RV6,VANS RV-6,L1P,L
AD5B59,N96RW,HAHU,SINDLINGER HH-1 Hawker Hurricane,L1P,L
AD6359,N9618M,M20P,MOONEY M-20,L1P,L
AD6E59,N9647K,S108,STINSON 108 Voyager,L1P,L
AD7059,N965SR,SREY,PROGRESSIVE AERODYNE SeaRey,A1P,L
AD7659,N967C,SR22,CIRRUS SR-22,L1P,L
AD7959,N9676H,C185,CESSNA 185 Skywagon,L1P,L
AD7C59,N9681,C82S,CESSNA T182 Turbo Skylane,L1P,L
AD7E59,N969HW,A5,ICON A-5,A1P,L
AD8159,N97AN,VJ22,VOLMER Sportsman,A1P,L
AD8359,N97X,ST75,STEARMAN Kaydet,L1P,L
AD8659,N9702X,C210,CESSNA 201 Centurion,L1P,L
AD8A59,N97140,S108,STINSON 108 Voyager,L1P,L
AD8C59,N972PA,SR20,CIRRUS SR-20,L1P,L
AD9259,N97386,C182,CESSNA 182 Skylane,L1P,L
AD9359,N974JR,,,,
AD9659,N975BH,B47G,BELL 47G,H1P,L
AD9D59,N97674,C172,CESSNA 172 Skyhawk,L1P,L
ADA059,N9772W,P28A,PIPER PA-28-140/150/160/180,L1P,L
ADA959,N98FS,,,,
ADAB59,N980CC,GLEX,BOMBARDIER BD-700 Global 6000/6500,L2J,M
ADB659,N983AR,BE30,BEECH 300 Super King Air,L2T,L
ADB959,N9835J,C150,CESSNA 150,L1P,L
ADBC59,N9840A,C82R,CESSNA R182 Skylane RG,L1P,L
ADBF59,N985ST,A119,AGUSTA AW-119 Koala,H1T,L
ADC459,N9864G,C172,CESSNA 172 Skyhawk,L1P,L
ADC559,N987CB,H500,HUGHES 500,H1T,L
ADC859,N9876K,P32R,PIPER PA-32R-300/301/301T,L1P,L
ADC959,N988F,GLF6,GULFSTREAM G650,L2J,M
ADD159,N99LW,M20P,MOONEY M-20,L1P,L
ADD559,N9902Z,PARA,,P0-,-
ADDB59,N992PC,VELO,Velocity,L1P,L
ADDD59,N99265,C172,CESSNA 172 Skyhawk,L1P,L
ADDF59,N993SA,CL60,BOMBARDIER CL-600 Challenger,L2J,M
ADE159,N99388,ERCO,AIR PRODUCTS F-1 Aircoupe,L1P,L
ADE459,N99430,ERCO,AIR PRODUCTS F-1 Aircoupe,L1P,L
ADE859,N99553,C172,CESSNA 172 Skyhawk,L1P,L
ADEC59,N99676,AS50,AEROSPATIALE AS-350 Ecureuil,H1T,L
ADF059,N99799,BE18,BEECH 18 Expetitor,L2P,L
ADF459,N999CW,BE58,BEECH 58 Baron,L2P,L
ADF559,N999PB,C172,CESSNA 172 Skyhawk,L1P,L
ADFE59,90-2103,C130,LOCKHEED C-130 Hercules,L4T,M
ADFF59,68-8132,T38,NORTHROP T-38 Talon,L2J,L
AE0059,66-4321,T38,NORTHROP T-38 Talon,L2J,L
AE0159,57-1512,K35R,BOEING KC-135R/T Stratotanker,L4J,H
AE0259,98-5308,C30J,LOCKHEED MARTIN C-130J Super Hercules,L4T,M
AE0359,57-1439,K35R,BOEING KC-135R/T Stratotanker,L4J,H
AE0459,162178,C2,GRUMMAN C-2 Greyhound,L2T,M
AE0559,83-1285,C5M,LOCKHEED C-5 Super Galaxy,L4J,H
AE0659,59-1464,K35R,BOEING KC-135R/T Stratotanker,L4J,H
AE0859,59-1506,K35R,BOEING KC-135R/T Stratotanker,L4J,H
AE0959,80-1078,U2,LOCKHEED U-2,L1J,M
AE0B59,85-24445,H60,SIKORSKY UH-60 Black Hawk,H2T,M
AE0C59,92-26435,H60,SIKORSKY UH-60 Black Hawk,H2T,M
AE0E59,88-26075,H60,SIKORSKY UH-60 Black Hawk,H2T,M
AE1159,165999,TEX2,BEECHCRAFT T-6 Texan 2,L1T,L
AE1259,89-0280,C130,LOCKHEED C-130 Hercules,L4T,M
AE1459,06-6155,C17,BOEING C-17 Globemaster 3,L4J,H
AE1859,04-03739,H47,BOEING-VERTOL CH-47 Chinook,H2T,M
AE1959,80-0176,A10,FAIRCHILD A-10 Thunderbolt II,L2J,M
AE1E59,07-3889,TEX2,BEECHCRAFT T-6 Texan 2,L1T,L
AE1F59,08-72074,EC45,AIRBUS HELICOPTERS EC-145,H2T,L
AE2059,14-72330,EC45,AIRBUS HELICOPTERS EC-145,H2T,L
AE2659,08-03780,H47,BOEING-VERTOL CH-47 Chinook,H2T,M
AE2F59,09-0625,B350,BEECHCRAFT Super King Air 350,L2T,M
AE4859,08-20147,H60,SIKORSKY UH-60 Black Hawk,H2T,M
AE4B59,162009,H53,SIKORSKY CH-53,H2T,M
AE5659,12-20475,H60,SIKORSKY UH-60 Black Hawk,H2T,M
AE5A59,15-72365,EC45,AIRBUS HELICOPTERS EC-145,H2T,L
AE5C59,169327,P8,BOEING P-8 Poseidon,L2J,M
AE5D59,16-20848,H60,SIKORSKY UH-60 Black Hawk,H2T,M
AE6959,19-5927,C30J,LOCKHEED MARTIN C-130J Super Hercules,L4T,M
AE6C59,20-03315,H64,MCDONNELL DOUGLAS AH-64 Apache,H2T,M
AE6D59,170167,A119,AGUSTA AW-119 Koala,H1T,L
C00059,C-FADK,HROC,HARMON Rocket,L1P,L
C00159,C-FANG,C150,CESSNA 150,L1P,L
C00259,C-FAXC,DHC2,DE HAVILLAND DHC-2 Beaver,L1P,L
C00359,C-FBGY,,,,
C00559,C-FCAQ,HROC,HARMON Rocket,L1P,L
C00659,C-FCKM,MIMU,BUSHBY Midget Mustang,L1P,L
C00759,C-FCUI,B26,DOUGLAS A-26 Invader,L2P,M
C00859,C-FDEE,CNUK,FLEET 80 Canuck,L1P,L
C00A59,C-FDXW,,,,
C00B59,C-FEHS,ERCO,AIR PRODUCTS F-1 Aircoupe,L1P,L
C00C59,C-FERO,,,,
C00D59,C-FFBK,,,,
C00E59,C-FFLG,C172,CESSNA 172 Skyhawk,L1P,L
C00F59,C-FFVC,MR35,MURPHY SR-3500 Super Rebel,L1P,L
C01059,C-FGEY,C172,CESSNA 172 Skyhawk,L1P,L
C01159,C-FGOU,CH7B,BELLANCA 7 Citabria,L1P,L
C01359,C-FHIM,C170,CESSNA 170,L1P,L
C01559,C-FICE,C180,CESSNA  180 Skywagon,L1P,L
C01659,C-FIMA,GLID,,L0-,-
C01759,C-FIVW,B77W,BOEING 777-300ER,L2J,H
C01859,C-FJFS,,,,
C01959,C-FJPO,JD2,DYKE JD-2 Delta,L1P,L
C01A59,C-FJZK,B763,BOEING 767-300,L2J,H
C01C59,C-FKTC,C172,CESSNA 172 Skyhawk,L1P,L
C01D59,C-FLCY,LEG2,LANCAIR Legacy,L1P,L
C01E59,C-FLMU,PA12,PIPER PA-12 Super Cruiser,L1P,L
C01F59,C-FLWQ,C170,CESSNA 170,L1P,L
C02059,C-FMGM,KMAX,KAMAN K-Max,H1T,L
C02259,C-FNAE,JS32,BRITISH AEROSPACE Jetstream Super 31,L2T,M
C02359,C-FNKA,C172,CESSNA 172 Skyhawk,L1P,L
C02459,C-FNTW,,,,
C02759,C-FOXK,,,,
C02859,C-FPHG,H269,HUGHES Sky Knight,H1P,L
C02959,C-FPRC,CH7A,BELLANCA 7 Champion,L1P,L
C02D59,C-FREM,B06,BELL 206 JetRanger,H1T,L
C02E59,C-FROI,C172,CESSNA 172 Skyhawk,L1P,L
C03059,C-FSIA,CH7A,BELLANCA 7 Champion,L1P,L
C03159,C-FSRW,DH8D,DE HAVILLAND DHC-8-400 Dash 8,L2T,M
C03259,C-FTBS,DH82,DE HAVILLAND DH-82 Tiger Moth,L1P,L
C03459,C-FTVK,AR11,AERONCA 11 Chief,L1P,L
C03559,C-FUFG,RA14,MARANDA BM-1,L1P,L
C03659,C-FUPC,C150,CESSNA 150,L1P,L
C03759,C-FUYY,,,,
C03859,C-FVIU,CH7A,BELLANCA 7 Champion,L1P,L
C03A59,C-FWCM,T206,CESSNA T206 Turbo Stationair,L1P,L
C03B59,C-FWMI,PA18,PIPER PA-18 Super Cub,L1P,L
C03C59,C-FWWE,TAYA,TAYLORCRAFT A,L1P,L
C03E59,C-FXPW,C172,CESSNA 172 Skyhawk,L1P,L
C04059,C-FYJO,B38M,BOEING 737 MAX 8,L2J,M
C04159,C-FYTK,EXEC,ROTORWAY Exec,H1P,L
C04259,C-FZDG,,,,
C04659,C-GAQQ,,,,
C04859,C-GBKI,HUSK,CHRISTEN Husky,L1P,L
C04B59,C-GCNW,B733,BOEING 737-300,L2J,M
C04C59,C-GCXS,VP2,EVANS Volksplane,L1P,L
C04D59,C-GDHO,C172,CESSNA 172 Skyhawk,L1P,L
C04E59,C-GDRK,EAGL,CHRISTEN Eagle,L1P,L
C04F59,C-GEBG,P28A,PIPER PA-28-140/150/160/180,L1P,L
C05059,C-GELC,AS50,AEROSPATIALE AS-350 Ecureuil,H1T,L
C05259,C-GFEU,CH70,ZENAIR CH-701 Stol,L1P,L
C05459,C-GFYM,GLST,GLASAIR SH-4 GlaStar,L1P,L
C05559,C-GGII,,,,
C05659,C-GGSE,PA18,PIPER PA-18 Super Cub,L1P,L
C05759,C-GHCA,AA5,AMERICAN AA-5 Tiger,L1P,L
C05859,C-GHLW,PA34,PIPER PA-34 Seneca,L2P,L
C05959,C-GHVS,TBM9,SOCATA TBM-900/910/930/940,L1T,L
C05A59,C-GIFO,C150,CESSNA 150,L1P,L
C05B59,C-GIPK,RV6,VANS RV-6,L1P,L
C05D59,C-GJJC,RV8,VANS RV-8,L1P,L
C05E59,C-GJSY,RV10,VANS RV-10,L1P,L
C06059,C-GKMQ,C182,CESSNA 182 Skylane,L1P,L
C06159,C-GKWM,C172,CESSNA 172 Skyhawk,L1P,L
C06359,C-GLQE,DH8D,DE HAVILLAND DHC-8-400 Dash 8,L2T,M
C06459,C-GMAA,,,,
C06559,C-GMJW,C182,CESSNA 182 Skylane,L1P,L
C06759,C-GNDO,DHC6,DE HAVILLAND DHC-6 Twin Otter,L2T,L
C06C59,C-GPAU,DH8A,DE HAVILLAND DHC-8-100 Dash 8,L2T,M
C06D59,C-GPKQ,PA22,PIPER PA-22,L1P,L
C07059,C-GQOE,C172,CESSNA 172 Skyhawk,L1P,L
C07259,C-GRHW,UH1,BELL UH-1 Huey,H1T,L
C07359,C-GRRS,AEST,AEROSTAR 600,L2P,L
C07459,C-GSBO,C172,CESSNA 172 Skyhawk,L1P,L
C07559,C-GSLK,AT5T,AIR TRACTOR AT-504,L1T,L
C07659,C-GSVG,S108,STINSON 108 Voyager,L1P,L
C07759,C-GTFC,CVLP,CONVAIR Convairliner,L2P,M
C07859,C-GTOY,C182,CESSNA 182 Skylane,L1P,L
C07959,C-GTYU,B06,BELL 206 JetRanger,H1T,L
C07B59,C-GUSM,LJ45,LEARJET 45,L2J,M
C07C59,C-GVCI,C425,CESSNA 425 Corsair,L2T,L
C07D59,C-GVME,DHC1,DE HAVILLAND DHC-1 Chipmunk,L1P,L
C07E59,C-GVWA,B738,BOEING 737-800,L2J,M
C07F59,C-GWFW,B06,BELL 206 JetRanger,H1T,L
C08059,C-GWPS,DH8A,DE HAVILLAND DHC-8-100 Dash 8,L2T,M
C08159,C-GWZO,B06,BELL 206 JetRanger,H1T,L
C08359,C-GXTG,BALL,,B0-,-
C08459,C-GYDC,EC20,AIRBUS HELICOPTERS EC-120,H1T,L
C08559,C-GYMY,ULAC,,L0-,-
C08759,C-GZGQ,CH60,ZENAIR CH-600 Zodiac,L1P,L
C08959,C-IAAI,ULAC,,L0-,-
C08A59,C-IAKE,ULAC,,L0-,-
C08B59,C-IAUA,ULAC,,L0-,-
C08C59,C-IBDW,ULAC,,L0-,-
C08D59,C-IBNS,PARA,,P0-,-
C08E59,C-IBXO,ULAC,,L0-,-
C08F59,C-ICHK,ULAC,,L0-,-
C09159,C-IDBC,ULAC,,L0-,-
C09259,C-IDKY,ULAC,,L0-,-
C09359,C-IDUU,BEVR,ASAP Beaver,L1P,L
C09459,C-IEEQ,ULAC,,L0-,-
C09559,C-IEOM,ULAC,,L0-,-
C09659,C-IEYI,ULAC,,L0-,-
C09759,C-IFIE,PARA,,P0-,-
C09959,C-IGBW,ULAC,,L0-,-
C09A59,C-IGLS,ULAC,,L0-,-
C09C59,C-IHFK,PARA,,P0-,-
C09F59,C-IIIY,ULAC,,L0-,-
C0A059,C-IISU,ULAC,,L0-,-
C0A259,C-IJMM,PARA,,P0-,-
C0A459,C-IKGE,PARA,,P0-,-
C0A559,C-IKQA,PARA,,P0-,-
C0A659,C-IKZW,ULAC,,L0-,-
C0A759,C-ILJS,DSA1,SMITH DSA-1 Miniplane,L1P,L
C0A859,C-ILTO,,,,
C0A959,C-IMDK,,,,
C0B659,C-IRBK,ULAC,,L0-,-
C0BC59,C-ITIM,,,,
C0BF59,C-IUMA,ULAC,,L0-,-
C0CD59,C-IZTW,ULAC,,L0-,-
C1E459,SERV,SERV,,V0-,-
C1E559,SERV,SERV,,V0-,-
C1EA59,SERV,SERV,,V0-,-
C2AF59,130333,C130,LOCKHEED C-130 Hercules,L4T,M
C2B459,148810,S92,SIKORSKY S-92 Helibus,H2T,M
C80259,ZK-CYT,PA24,PIPER PA-24 Comanche,L1P,L
C80859,ZK-GKI,NIMB,SCHEMPP-HIRTH Nimbus,L1P,L
C80959,ZK-HXZ,H500,HUGHES 500,H1T,L
C80C59,ZK-FRH,ULAC,,L0-,-
C80D59,ZK-JFH,ZZZZ,,-0-,-
C81659,ZK-EHB,ZZZZ,,-0-,-
C81759,ZK-MAI,SKRA,BEST OFF Sky Ranger,L1P,L
C81959,ZK-NEE,DH8C,DE HAVILLAND DHC-8-300 Dash 8,L2T,M
C81A59,ZK-GZB,GLID,,L0-,-
C81F59,ZK-HAY,H500,HUGHES 500,H1T,L
C82059,ZK-STK,CH70,ZENAIR CH-701 Stol,L1P,L
C82159,ZK-LFD,AP22,AEROPRACT A-22,L1P,L
C82359,ZK-GBZ,VENT,SCHEMPP-HIRTH Ventus,L1P,L
C82759,ZK-NND,A21N,AIRBUS A-321neo,L2J,M
C82959,ZK-XGO,C560,CESSNA 560 Citation Ultra,L2J,M
E02659,LV-BYY,B737,BOEING 737-700,L2J,M
E03059,LV-CAY,LJ60,LEARJET 60,L2J,M
E06459,LV-FQY,B738,BOEING 737-800,L2J,M
E07459,LV-GQY,S22T,CIRRUS SR-22T Turbo,L1P,L
E08159,LV-HEY,PA25,PIPER PA-25 Pawnee,L1P,L
E08559,LV-HUY,C182,CESSNA 182 Skylane,L1P,L
E0B059,LV-KAY,B738,BOEING 737-800,L2J,M
E0C259,LV-LIY,P28A,PIPER PA-28-140/150/160/180,L1P,L
E20059,E-306,TEX2,BEECHCRAFT T-6 Texan 2,L1T,L
E48659,PR-SND,BE9L,BEECH 90 King Air,L2T,L
E48959,PR-LBJ,BE20,BEECH 200 Super King Air,L2T,M
E48D59,PR-AXJ,E195,EMBRAER ERJ-190-200,L2J,M
E48F59,PT-OSO,BE9L,BEECH 90 King Air,L2T,L
E49059,PR-OVZ,PA46,PIPER PA-46-310/350,L1P,L
E49559,PT-TBM,TBM9,SOCATA TBM-900/910/930/940,L1T,L
E49759,PS-TLA,B734,BOEING 737-400,L2J,M
E49859,PT-JJP,C310,CESSNA 310,L2P,L
E49959,PS-CND,C208,CESSNA 208 Caravan,L1T,L
E80259,CC-CPI,A319,AIRBUS A-319,L2J,M
E80459,CC-BGM,B789,BOEING 787-9 Dreamliner,L2J,H
E80859,CC-AHB,KP5,JIHLAVAN KP-5 Skyleader,L1P,L
E80959,CC-CBI,B407,BELL 407,H1T,L
