00415C,Z-WPE,B762,BOEING 767-200,L2J,H
00935C,ZS-HHZ,B06,BELL 206 JetRanger,H1T,L
00985C,ZS-JFF,BE55,BEECH 55 Baron,L2P,L
00A75C,ZS-OWX,AN32,ANTONOV An-32 Sutlej,L2T,M
00EE5C,ZU-STF,SLG2,AIRPLANE FACTORY Sling 2,L1P,L
01015C,SU-GDT,A333,AIRBUS A-330-300,L2J,H
04005C,ET-APL,B738,BOEING 737-800,L2J,M
04015C,ET-AVT,B77L,BOEING 777-200LR,L2J,H
04C15C,5Y-CCW,C175,CESSNA 175 Skylark,L1P,L
05E05C,5T-CLL,E75L,EMBRAER ERJ-170-200 (long wing),L2J,M
06425C,5N-DAB,B733,BOEING 737-300,L2J,M
06A25C,QA72,A139,AGUSTA AW-139,H2T,L
07C05C,ST-GFL,B734,BOEING 737-400,L2J,M
0A805C,C6-BFW,AT76,ATR-72-600,L2T,M
0AC75C,EJC5428,UH1,BELL UH-1 Huey,H1T,L
0B405C,TG-COC,BE20,BEECH 200 Super King Air,L2T,M
0C205C,HP-1717CMP,B738,BOEING 737-800,L2J,M
0C605C,9Y-GUY,B38M,BOEING 737 MAX 8,L2J,M
0D055C,XA-SAA,LJ45,LEARJET 45,L2J,M
0D065C,XB-DBT,C55B,CESSNA 550B Citation Bravo,L2J,L
0D075C,XA-URM,DC93,MCDONNELL DOUGLAS DC-9-30,L2J,M
0D085C,XA-AMX,B788,BOEING 787-8 Dreamliner,L2J,H
0D095C,XA-MAF,E145,EMBRAER ERJ-145,L2J,M
0D0A5C,XB-PMN,C82R,CESSNA R182 Skylane RG,L1P,L
0D0B5C,XB-BAY,PA32,PIPER PA-32,L1P,L
0D0C5C,XB-ODN,C550,CESSNA 550 Citation S2,L2J,L
0D805C,YV1603,BE20,BEECH 200 Super King Air,L2T,M
0D835C,YV2854,BE36,BEECH 36 Bonanza,L1P,L
0D845C,YV3531,B743,BOEING 747-300,L4J,H
142E5C,11868,AN12,ANTONOV An-12,L4T,M
142F5C,RA-12124,,,,
15085C,RA-67676,L410,LET L-410 Turbolet,L2T,L
151E5C,RA-73308,B738,BOEING 737-800,L2J,M
15205C,RA-73820,A20N,AIRBUS A-320neo,L2J,M
154C5C,RA-85084,T154,TUPOLEV Tu-154,L3J,M
155C5C,RA-89180,SU95,SUKHOI Superjet 100-95,L2J,M
30025C,I-KREM,H25B,HAWKER BEECHCRAFT Hawker 750/850,L2J,M
30035C,I-COLK,A139,AGUSTA AW-139,H2T,L
30055C,I-AWCF,A169,AGUSTA AW-169,H2T,L
30085C,I-PIKI,A109,AGUSTA AW-109 Grand,H2T,L
32005C,MM82053,A169,AGUSTA AW-169,H2T,L
38045C,F-JXRX,DV1,DOVA Skylark,L1P,L
38065C,01WE,SIRA,TECNAM P-2002 Sierra,L1P,L
380C5C,F-JWUA,ULAC,,L0-,-
380E5C,63ASZ,M106,LAMBERT M-106,L1P,L
380F5C,F-JRKK,ECHO,TECNAM P-92 Echo,L1P,L
38125C,F-JRJA,PNR3,ALPI Pioneer 330,L1P,L
38135C,01AAN,FDCT,FLIGHT DESIGN CT,L1P,L
38175C,F-JSVM,ULAC,,L0-,-
38205C,F-JUAQ,SVNH,AEROTEC Savannah,L1P,L
38245C,F-JILV,WT9,AEROSPOOL WT-9 Dynamic,L1P,L
38255C,F-JWHW,ULAC,,L0-,-
382B5C,F-JVNZ,C42,IKARUS C-42 Bison,L1P,L
382F5C,F-JVZR,ULAC,,L0-,-
38315C,F-JVEL,TTRS,HUMBERT Tetras,L1P,L
38325C,F-JTQA,ULAC,,L0-,-
38345C,F-JVRZ,SVNH,AEROTEC Savannah,L1P,L
383D5C,F-JUAY,ECHO,TECNAM P-92 Echo,L1P,L
38435C,F-JZJP,ULAC,,L0-,-
38465C,F-JSZP,ULAC,,L0-,-
38485C,F-JDJK,ULAC,,L0-,-
384F5C,F-JEHW,ULAC,,L0-,-
38505C,F-JFHW,ULAC,,L0-,-
38545C,F-JXEP,ULAC,,L0-,-
38565C,F-JELS,GOLF,TECNAM P-96 Golf,L1P,L
385B5C,F-JHOF,ULAC,,L0-,-
385E5C,F-JIOZ,ULAC,,L0-,-
38605C,F-JGFR,WT9,AEROSPOOL WT-9 Dynamic,L1P,L
38615C,F-JIXW,ULAC,,L0-,-
38635C,F-JBBI,ULAC,,L0-,-
38855C,F-JCMS,ULAC,,L0-,-
388C5C,F-JXUT,ULAC,,L0-,-
388F5C,68XV,ECHO,TECNAM P-92 Echo,L1P,L
38915C,F-JFMO,ULAC,,L0-,-
38925C,F-JJJF,ULAC,,L0-,-
38975C,F-JWCV,FDCT,FLIGHT DESIGN CT,L1P,L
38995C,F-JWMG,VL3,AVEKO Flamingo,L1P,L
389B5C,F-JWTV,ULAC,,L0-,-
389D5C,F-JYRU,VL3,AVEKO Flamingo,L1P,L
38AD5C,F-JDBC,ULAC,,L0-,-
38B05C,F-JTKM,EV97,EVEKTRO EV-97 EuroStar,L1P,L
38B25C,F-JXYF,B06,BELL 206 JetRanger,H1T,L
38B55C,F-JGRY,VL3,AVEKO Flamingo,L1P,L
38B65C,F-JHFL,ULAC,,L0-,-
38B85C,F-JGBQ,ULAC,,L0-,-
38C25C,F-JVNS,ULAC,,L0-,-
38C45C,F-JVWA,ULAC,,L0-,-
38C95C,F-JZTE,VL3,AVEKO Flamingo,L1P,L
38CA5C,F-JRJZ,ULAC,,L0-,-
38CC5C,F-JXWG,MCR1,COLOMBAN Ban-Bi,L1P,L
38CD5C,F-JFJO,ULAC,,L0-,-
38D25C,F-JAOJ,ULAC,,L0-,-
38D35C,F-JAOT,MCR1,COLOMBAN Ban-Bi,L1P,L
38D55C,F-JAVN,ULAC,,L0-,-
38DA5C,F-JBRN,GUEP,AERO SERVICE Super Guepard,L1P,L
38DB5C,F-JBZD,EL10,ELA AVIACION ELA-10,G1P,L
38DC5C,F-JCCL,ULAC,,L0-,-
38E05C,F-JCZV,ULAC,,L0-,-
38E15C,F-JYRS,COY2,RANS Coyote 2,L1P,L
38E35C,F-JDNB,VL3,AVEKO Flamingo,L1P,L
38E65C,F-JDTA,ULAC,,L0-,-
38EA5C,F-JFAV,PNR3,ALPI Pioneer 330,L1P,L
38ED5C,F-JFVB,VL3,AVEKO Flamingo,L1P,L
38EE5C,F-JFYM,ULAC,,L0-,-
38EF5C,F-JGBZ,ULAC,,L0-,-
38F15C,F-JGJS,ULAC,,L0-,-
38F35C,F-JGOQ,ULAC,,L0-,-
38F75C,F-JHPQ,ULAC,,L0-,-
38F85C,F-JYOR,ULAC,,L0-,-
38FC5C,F-JIVD,ULAC,,L0-,-
38FD5C,F-JIUS,ULAC,,L0-,-
38FF5C,F-JAJP,SHRK,SHARK AERO Shark,L1P,L
39035C,F-JZOT,ULAC,,L0-,-
39055C,F-JGTO,PNR3,ALPI Pioneer 330,L1P,L
39095C,57AMS,FK9,B&F TECHNIK FK-9,L1P,L
390C5C,51QW,FDCT,FLIGHT DESIGN CT,L1P,L
390E5C,F-JYCF,D18,JODEL D-18/19/20,L1P,L
39135C,F-JHQG,ULAC,,L0-,-
39165C,F-JWWE,PIVI,PIPSTREL Virus,L1P,L
39185C,F-JXLT,PISI,PIPSTREL Sinus,L1P,L
391A5C,F-JGVI,FK14,B&F TECHNIK FK-14 Polaris,L1P,L
39205C,F-JIMX,ULAC,,L0-,-
39225C,21ABF,SKRA,BEST OFF Sky Ranger,L1P,L
39235C,F-JSUI,VL3,AVEKO Flamingo,L1P,L
39265C,F-JWDS,STRM,SG AVIATION Storm,L1P,L
392C5C,F-JTOD,ULAC,,L0-,-
392D5C,F-JTNX,EV97,EVEKTRO EV-97 EuroStar,L1P,L
39305C,F-JTYL,EV97,EVEKTRO EV-97 EuroStar,L1P,L
39345C,F-JUJA,SHRK,SHARK AERO Shark,L1P,L
39395C,F-JUSV,WT9,AEROSPOOL WT-9 Dynamic,L1P,L
393B5C,F-JUXT,ULAC,,L0-,-
393C5C,F-JVCX,ULAC,,L0-,-
393F5C,F-JVMJ,ULAC,,L0-,-
39415C,F-JAPJ,PNR3,ALPI Pioneer 330,L1P,L
39455C,F-JBFV,ULAC,,L0-,-
39475C,F-JZUU,WT9,AEROSPOOL WT-9 Dynamic,L1P,L
394E5C,F-JZPL,SKRA,BEST OFF Sky Ranger,L1P,L
394F5C,F-JVZC,WT9,AEROSPOOL WT-9 Dynamic,L1P,L
39505C,F-JRYL,ULAC,,L0-,-
39515C,F-JAAU,WT9,AEROSPOOL WT-9 Dynamic,L1P,L
39545C,F-JAIU,PNR3,ALPI Pioneer 330,L1P,L
39565C,F-JAOD,ULAC,,L0-,-
39575C,F-JAQH,VL3,AVEKO Flamingo,L1P,L
395B5C,F-JBCU,WT9,AEROSPOOL WT-9 Dynamic,L1P,L
395E5C,F-JBPD,SVNH,AEROTEC Savannah,L1P,L
39615C,F-JBWY,WT9,AEROSPOOL WT-9 Dynamic,L1P,L
39635C,F-JCFL,TRAL,GROPPO Trail,L1P,L
39655C,F-JCLQ,ULAC,,L0-,-
39685C,F-JBDH,ULAC,,L0-,-
396B5C,F-JTBM,ULAC,,L0-,-
396C5C,F-JDNH,VL3,AVEKO Flamingo,L1P,L
39705C,F-JDTF,VL3,AVEKO Flamingo,L1P,L
39715C,F-JDTW,ULAC,,L0-,-
39735C,F-JUCM,ULAC,,L0-,-
39745C,F-JGQM,VG3T,AVIAKIT Vega 3000,L1P,L
39755C,F-JEHC,ULAC,,L0-,-
39765C,F-JEQL,ALSL,AIRLONY Skylane,L1P,L
397B5C,F-JGDC,ULAC,,L0-,-
39805C,F-JHXD,EFOX,AEROPRO Eurofox,L1P,L
39825C,F-JZCI,WT9,AEROSPOOL WT-9 Dynamic,L1P,L
39845C,44ALO,FDCT,FLIGHT DESIGN CT,L1P,L
398A5C,F-JWPD,SVNH,AEROTEC Savannah,L1P,L
398B5C,F-JWWC,FK9,B&F TECHNIK FK-9,L1P,L
398F5C,F-JRIE,WT9,AEROSPOOL WT-9 Dynamic,L1P,L
39925C,F-JRZK,ULAC,,L0-,-
399E5C,F-JZPJ,EVSS,EVEKTOR SportStar,L1P,L
399F5C,F-JSOA,WT9,AEROSPOOL WT-9 Dynamic,L1P,L
39A45C,F-JSWL,ULAC,,L0-,-
39B55C,F-JGRY,ULAC,,L0-,-
39BE5C,F-JUXL,TRAL,GROPPO Trail,L1P,L
39BF5C,F-JRDT,ULAC,,L0-,-
39C35C,F-JVJC,FDCT,FLIGHT DESIGN CT,L1P,L
39C85C,F-JVXA,TEXA,FLY SYNTHESIS Texan,L1P,L
39CE5C,F-JTOZ,ULAC,,L0-,-
39D35C,F-JAEP,ULAC,,L0-,-
39D65C,F-JAMR,NG5,BRM AERO NG-5/6 Bristell,L1P,L
39DA5C,F-JAZU,FDCT,FLIGHT DESIGN CT,L1P,L
39DB5C,F-JVXG,SD4,TOMARK Viper,L1P,L
39DD5C,F-JBKC,ULAC,,L0-,-
39DE5C,F-JBNI,SVNH,AEROTEC Savannah,L1P,L
39DF5C,F-JBPY,NG5,BRM AERO NG-5/6 Bristell,L1P,L
39E45C,F-JCLZ,WT9,AEROSPOOL WT-9 Dynamic,L1P,L
39E55C,F-JCOV,ULAC,,L0-,-
39EA5C,F-JDHK,ULAC,,L0-,-
39F05C,F-JDPY,WT9,AEROSPOOL WT-9 Dynamic,L1P,L
39F25C,F-JDVC,ULAC,,L0-,-
39F45C,F-JEAX,ULAC,,L0-,-
39F75C,F-JFEE,ULAC,,L0-,-
3A015C,06AAM,FK9,B&F TECHNIK FK-9,L1P,L
3A0C5C,F-JIDM,ULAC,,L0-,-
3A0E5C,F-JTCY,WT9,AEROSPOOL WT-9 Dynamic,L1P,L
3A0F5C,81KM,VL3,AVEKO Flamingo,L1P,L
3A1C5C,F-JVDU,FK12,B&F TECHNIK FK-12 Comet,L1P,L
3A285C,F-JCKT,CA41,CORVUS CA-41 Racer,L1P,L
3A2A5C,F-JCVE,FDCT,FLIGHT DESIGN CT,L1P,L
3A2D5C,F-JDLT,FDCT,FLIGHT DESIGN CT,L1P,L
3A2F5C,F-JDRL,AP32,AEROPRACT A-32,L1P,L
3A305C,F-JDUJ,ULAC,,L0-,-
3AAB5C,F-MBKB,TIGR,AIRBUS HELICOPTERS EC-665 Tiger,H2T,L
3B765C,E105,AJET,DASSAULT-DORNIER Alpha Jet,L2J,M
3B7B5C,F-ZBAP,S2P,GRUMMAN S-2 Tracker,L2P,M
3B9B5C,27,FA50,DASSAULT Falcon 50,L3J,M
3CD05C,D-CGFC,LJ35,LEARJET 35,L2J,M
3D065C,D-EAQU,A210,AQUILA A-210,L1P,L
3D085C,D-EBKM,C172,CESSNA 172 Skyhawk,L1P,L
3D0A5C,D-ECEE,C150,CESSNA 150,L1P,L
3D0D5C,D-EDHS,TB20,SOCATA TB-20 Trinidad,L1P,L
3D0E5C,D-EDRO,P28T,PIPER PA-28RT-201,L1P,L
3D0F5C,D-EEBK,P28R,PIPER PA-28R-180/200/201,L1P,L
3D115C,D-EEVC,A210,AQUILA A-210,L1P,L
3D125C,D-EFEY,P28R,PIPER PA-28R-180/200/201,L1P,L
3D145C,D-EFYQ,C172,CESSNA 172 Skyhawk,L1P,L
3D155C,D-EGIM,P28R,PIPER PA-28R-180/200/201,L1P,L
3D165C,D-EGSI,C210,CESSNA 201 Centurion,L1P,L
3D175C,D-EHCE,HUSK,CHRISTEN Husky,L1P,L
3D185C,D-EHMA,DO27,DORNIER Do-27,L1P,L
3D1B5C,D-EIPO,C152,CESSNA 152,L1P,L
3D1C5C,D-EIZK,BE33,BEECH 33 Bonanza,L1P,L
3D1D5C,D-EJJG,EUPA,Europa,L1P,L
3D1E5C,D-EJTC,C182,CESSNA 182 Skylane,L1P,L
3D205C,D-EKMU,C82R,CESSNA R182 Skylane RG,L1P,L
3D225C,D-ELGM,PA24,PIPER PA-24 Comanche,L1P,L
3D235C,D-ELQI,C172,CESSNA 172 Skyhawk,L1P,L
3D245C,D-EMAE,M20P,MOONEY M-20,L1P,L
3D275C,D-ENDS,C206,CESSNA  206 Stationair,L1P,L
3D285C,D-ENNO,P28R,PIPER PA-28R-180/200/201,L1P,L
3D2A5C,D-EOHG,DR40,ROBIN DR-400,L1P,L
3D2B5C,D-EORC,P28A,PIPER PA-28-140/150/160/180,L1P,L
3D2C5C,D-EPAY,F260,AERMACCHI SF-260,L1P,L
3D325C,D-ERIA,DR40,ROBIN DR-400,L1P,L
3D335C,D-ERRW,C172,CESSNA 172 Skyhawk,L1P,L
3D345C,D-ESBS,TB20,SOCATA TB-20 Trinidad,L1P,L
3D355C,D-ESLO,SR22,CIRRUS SR-22,L1P,L
3D3C5C,D-EVCM,C172,CESSNA 172 Skyhawk,L1P,L
3D3D5C,D-EVMI,P28R,PIPER PA-28R-180/200/201,L1P,L
3D3F5C,D-EWGA,FDCT,FLIGHT DESIGN CT,L1P,L
3D405C,D-EWPW,SR22,CIRRUS SR-22,L1P,L
3D445C,D-EYDG,BE24,BEECH 24 Sierra,L1P,L
3D645C,D-FKGI,PC12,PILATUS PC-12,L1T,L
3D845C,D-FWJK,AN2,ANTONOV An-2,L1P,L
3DDC5C,D-HDRW,EC35,AIRBUS HELICOPTERS EC-135/635,H2T,L
3DDE5C,D-HELO,B47G,BELL 47G,H1P,L
3DF35C,D-HMKI,EC20,AIRBUS HELICOPTERS EC-120,H1T,L
3DF85C,D-HOHO,H500,HUGHES 500,H1T,L
3E605C,D-KBRO,GLID,,L0-,-
3E675C,D-KEIM,DIMO,DIAMOND H-36 Dimona,L1P,L
3E695C,D-KFCE,SF25,SCHEIBE SF-25 Falke,L1P,L
3E725C,D-KIMU,DISC,SCHEMPP-HIRTH Discus,L1P,L
3E765C,D-KKAE,VENT,SCHEMPP-HIRTH Ventus,L1P,L
3E785C,D-KKTW,VENT,SCHEMPP-HIRTH Ventus,L1P,L
3E7C5C,D-KMHG,GLID,,L0-,-
3EC25C,D-KOOI,GLID,,L0-,-
3EC45C,D-KPIA,DG1T,DG FLUGZEUGBAU DG-1001T,L1P,L
3EC55C,D-KPRW,AS25,SCHLEICHER ASH-25,L1P,L
3ED65C,D-KWDG,GLID,,L0-,-
3EE35C,D-0709,GLID,,L0-,-
3EE45C,D-0965,GLID,,L0-,-
3EE65C,D-1477,GLID,,L0-,-
3EE95C,D-2245,GLID,,L0-,-
3EF65C,D-5573,GLID,,L0-,-
3EF85C,D-6085,GLID,,L0-,-
3EF95C,D-6341,GLID,,L0-,-
3EFB5C,D-6853,GLID,,L0-,-
3FCA5C,D-OOBK,BALL,,B0-,-
3FEA5C,D-MOFG,EV97,EVEKTRO EV-97 EuroStar,L1P,L
3FEB5C,D-MUSW,ULAC,,L0-,-
3FEC5C,D-MMEC,G3,REMOS Mirage,L1P,L
3FED5C,D-MAKD,GX,REMOS GX,L1P,L
3FEF5C,D-MDID,MT,ROTORSPORT MTOSport,G1P,L
3FF05C,D-MMKM,MT,ROTORSPORT MTOSport,G1P,L
3FF25C,D-MUTI,FK9,B&F TECHNIK FK-9,L1P,L
3FF45C,D-MLKW,NG5,BRM AERO NG-5/6 Bristell,L1P,L
40065C,G-BIKR,B752,BOEING 757-200,L2J,M
400A5C,G-BHZR,BDOG,BRITISH AEROSPACE SA-3 Bulldog,L1P,L
40105C,G-AVGA,PA24,PIPER PA-24 Comanche,L1P,L
40125C,G-BNNO,P28A,PIPER PA-28-140/150/160/180,L1P,L
40165C,G-ATLA,C182,CESSNA 182 Skylane,L1P,L
40185C,G-AXTO,PA24,PIPER PA-24 Comanche,L1P,L
401C5C,G-BEER,IFUR,ISAACS Fury,L1P,L
40275C,G-AZCV,PUP,BEAGLE Pup,L1P,L
40295C,G-BNSM,C152,CESSNA 152,L1P,L
402B5C,G-BOPH,C82R,CESSNA R182 Skylane RG,L1P,L
40375C,G-MGCK,ULAC,,L0-,-
40385C,G-BVGY,L8,LUSCOMBE 8,L1P,L
403E5C,G-BXKL,B06,BELL 206 JetRanger,H1T,L
40425C,G-BYSP,P28A,PIPER PA-28-140/150/160/180,L1P,L
40435C,G-BZFB,HR20,ROBIN HR-200,L1P,L
40455C,G-BZXI,ZZZZ,,-0-,-
40495C,G-ONIG,RBEL,MURPHY Rebel,L1P,L
404D5C,G-CDHR,C42,IKARUS C-42 Bison,L1P,L
40505C,G-STUE,EUPA,Europa,L1P,L
40515C,G-CEJY,WT9,AEROSPOOL WT-9 Dynamic,L1P,L
40555C,G-CHMU,GLID,,L0-,-
40565C,G-CFTR,GLID,,L0-,-
40585C,G-ECPA,GLID,,L0-,-
405B5C,G-CFEO,EV97,EVEKTRO EV-97 EuroStar,L1P,L
405E5C,G-REGC,CH60,ZENAIR CH-600 Zodiac,L1P,L
405F5C,G-LEEK,ESCP,REALITY Escapade,L1P,L
40615C,G-EFVS,WA50,WASSMER WA-54 Atlantic,L1P,L
40625C,G-YRRO,CDUS,AUTOGYRO Calidus,G1P,L
40665C,G-MRSS,C42,IKARUS C-42 Bison,L1P,L
40675C,G-TIDY,SKRA,BEST OFF Sky Ranger,L1P,L
40695C,G-CJLX,GLID,,L0-,-
406A5C,G-COPP,GLID,,L0-,-
406B5C,G-GATM,A320,AIRBUS A-320,L2J,M
406D5C,G-CILJ,B06,BELL 206 JetRanger,H1T,L
406E5C,G-CIOX,ULAC,,L0-,-
406F5C,G-EEKI,LK17,SPORTINE AVIACIJA LAK-17AT,L1P,L
40705C,G-GSFS,C152,CESSNA 152,L1P,L
40725C,G-PORG,GLID,,L0-,-
40735C,G-CKEH,ULAC,,L0-,-
40745C,G-UNAC,P32R,PIPER PA-32R-300/301/301T,L1P,L
40755C,G-KOKO,S22T,CIRRUS SR-22T Turbo,L1P,L
40775C,G-RUKA,B738,BOEING 737-800,L2J,M
40785C,G-MSPR,R66,ROBINSON R-66,H1T,L
407A5C,G-COBN,C525,CESSNA 525 CitationJet,L2J,L
407D5C,G-WUKT,A21N,AIRBUS A-321neo,L2J,M
42425C,VP-BXO,B735,BOEING 737-500,L2J,M
42435C,VP-BIB,C25C,CESSNA 525C Citation CJ4,L2J,M
42445C,VQ-BUO,B763,BOEING 767-300,L2J,H
42455C,VQ-BPO,B735,BOEING 737-500,L2J,M
42475C,VP-CIM,G200,AKROTECH G-200,L1P,L
424B5C,M-VLCC,C25A,CESSNA 525A Citation CJ2,L2J,L
43C25C,ZJ208,H64,MCDONNELL DOUGLAS AH-64 Apache,H2T,M
43C45C,XX329,HAWK,BRITISH AEROSPACE T-45 Goshawk,L1J,M
43C55C,ZK025,HAWK,BRITISH AEROSPACE T-45 Goshawk,L1J,M
43C75C,ZZ515,LYNX,AGUSTAWESTLAND AW-159 Super Lynx,H2T,L
43EA5C,M-ABKU,E190,EMBRAER ERJ-190-100,L2J,M
43EB5C,2-GJSA,AT45,ATR-42-500,L2T,M
44005C,OE-KRI,C206,CESSNA  206 Stationair,L1P,L
44035C,OE-LOZ,A320,AIRBUS A-320,L2J,M
44045C,OE-RBS,BALL,,B0-,-
44065C,OE-LBX,A320,AIRBUS A-320,L2J,M
44075C,OE-AFZ,WT9,AEROSPOOL WT-9 Dynamic,L1P,L
440A5C,OE-IRX,GL7T,BOMBARDIER BD-700 Global 7000/7500,L2J,M
440C5C,OE-LFC,B748,BOEING 747-8,L4J,H
440D5C,OE-LIZ,CRJX,BOMBARDIER Regional Jet CRJ-1000,L2J,M
464A5C,OH-U556,EV97,EVEKTRO EV-97 EuroStar,L1P,L
46815C,348,SIRA,TECNAM P-2002 Sierra,L1P,L
471F5C,HA-LWU,A320,AIRBUS A-320,L2J,M
47225C,HA-NAI,TL20,TL ULTRALIGHT TL-2000 Sting,L1P,L
47835C,LN-RCU,B736,BOEING 737-600,L2J,M
47855C,LN-STE,EUPA,Europa,L1P,L
47875C,LN-DYR,B738,BOEING 737-800,L2J,M
478F5C,LN-RKM,A333,AIRBUS A-330-300,L2J,H
47945C,LN-NII,B738,BOEING 737-800,L2J,M
48085C,Q-13,H64,MCDONNELL DOUGLAS AH-64 Apache,H2T,M
48445C,PH-577,GLID,,L0-,-
48455C,PH-BGE,B737,BOEING 737-700,L2J,M
48475C,PH-PLG,P28A,PIPER PA-28-140/150/160/180,L1P,L
48485C,PH-698,GLID,,L0-,-
484C5C,PH-4F2,WT9,AEROSPOOL WT-9 Dynamic,L1P,L
484D5C,PH-BOE,BALL,,B0-,-
484E5C,PH-3S8,ULAC,,L0-,-
484F5C,PH-1487,DUOD,SCHEMPP-HIRTH Duo Discus,L1P,L
48515C,PH-1EN,ZZZZ,,-0-,-
48535C,PH-GJV,BALL,,B0-,-
48545C,PH-1XL,ZZZZ,,-0-,-
48555C,PH-2DW,ZZZZ,,-0-,-
48565C,PH-2QV,ZZZZ,,-0-,-
485C5C,PH-TBB,BALL,,B0-,-
485E5C,PH-1633,GLID,,L0-,-
48605C,PH-UMC,EC35,AIRBUS HELICOPTERS EC-135/635,H2T,L
49B05C,OK-2212,GLID,,L0-,-
49C05C,OK-PUU72,WT9,AEROSPOOL WT-9 Dynamic,L1P,L
49C25C,OK-ZUR 11,NG5,BRM AERO NG-5/6 Bristell,L1P,L
49D05C,OK-DSY,C25A,CESSNA 525A Citation CJ2,L2J,L
49D15C,OK-MOO,MU2,MITSUBISHI MU-2 Marquise,L2T,L
49D35C,OK-PIF,H269,HUGHES Sky Knight,H1P,L
4B035C,HB-BHC,BALL,,B0-,-
4B0B5C,HB-EHW,BE23,BEECH 23 Sundowner,L1P,L
4B1C5C,HB-KTG,F260,AERMACCHI SF-260,L1P,L
4B255C,HB-ODW,J3,PIPER J-3 Cub,L1P,L
4B395C,HB-VSU,PC24,PILATUS PC-24,L2J,M
4B445C,HB-ZXC,SH09,KOPTER SH-09,H1T,L
4B465C,HB-437,GLID,,L0-,-
4B475C,HB-693,GLID,,L0-,-
4B485C,HB-949,GLID,,L0-,-
4C805C,5B-DCR,A320,AIRBUS A-320,L2J,M
4CA15C,EI-CVC,A320,AIRBUS A-320,L2J,M
4CA35C,EI-CRV,DIMO,DIAMOND H-36 Dimona,L1P,L
4CA85C,EI-EIB,A320,AIRBUS A-320,L2J,M
4CA95C,EI-EPK,ULAC,,L0-,-
4CAA5C,EI-EVX,B738,BOEING 737-800,L2J,M
4D215C,9H-SKI,P180,PIAGGIO P-180 Avanti,L2T,L
4D225C,9H-QDD,B738,BOEING 737-800,L2J,M
4D235C,9H-VIH,GL7T,BOMBARDIER BD-700 Global 7000/7500,L2J,M
50005C,T7-TUN,H25B,HAWKER BEECHCRAFT Hawker 750/850,L2J,M
50025C,T7-168SE,EC30,AIRBUS HELICOPTERS EC-130,H1T,L
502C5C,YL-KSH,L39,LET L-39 Albatros,L1J,L
502D5C,YL-ABK,BCS3,AIRBUS A220-300,L2J,M
507C5C,UK-12505,AS50,AEROSPATIALE AS-350 Ecureuil,H1T,L
50835C,UR-COC,MD83,MCDONNELL-DOUGLAS MD-83,L2J,M
51405C,4L-BIC,A306,AIRBUS A-300-600,L2J,H
60185C,EZ-B023,CL60,BOMBARDIER CL-600 Challenger,L2J,M
68325C,UP-B3719,B733,BOEING 737-300,L2J,M
70605C,9K-AOJ,B77W,BOEING 777-300ER,L2J,H
70625C,602,EC25,AIRBUS HELICOPTERS EC-225/725,H2T,M
70C05C,A4O-HD,EC25,AIRBUS HELICOPTERS EC-225/725,H2T,M
70E05C,XU-709,A320,AIRBUS A-320,L2J,M
71005C,HZ-AQJ,A333,AIRBUS A-330-300,L2J,H
71025C,1622,C130,LOCKHEED C-130 Hercules,L4T,M
71FE5C,05050,S92,SIKORSKY S-92 Helibus,H2T,M
738A5C,484,TEX2,BEECHCRAFT T-6 Texan 2,L1T,L
73945C,4X-BEN,AS50,AEROSPATIALE AS-350 Ecureuil,H1T,L
73955C,4X-APX,P32T,PIPER PA-32RT-300/300T,L1P,L
75005C,9M-MWA,AT75,ATR-72-500,L2T,M
75025C,9M-MTI,A333,AIRBUS A-330-300,L2J,H
75835C,15-395,H500,HUGHES 500,H1T,L
78005C,B-8303,G280,GULFSTREAM G280,L2J,M
78035C,B-5332,B738,BOEING 737-800,L2J,M
78045C,B-5369,B738,BOEING 737-800,L2J,M
78055C,B-5258,B737,BOEING 737-700,L2J,M
78075C,B-9189,DA42,DIAMOND DA-42 Guardian,L2P,L
78085C,B-6859,A320,AIRBUS A-320,L2J,M
78095C,B-6959,A320,AIRBUS A-320,L2J,M
780A5C,B-KQL,B77W,BOEING 777-300ER,L2J,H
780B5C,B-5850,B738,BOEING 737-800,L2J,M
780C5C,B-2092,B77L,BOEING 777-200LR,L2J,H
780D5C,B-1966,B738,BOEING 737-800,L2J,M
780E5C,B-6985,B738,BOEING 737-800,L2J,M
78105C,B-1541,B738,BOEING 737-800,L2J,M
78115C,B-8385,A333,AIRBUS A-330-300,L2J,H
78125C,B-8868,A320,AIRBUS A-320,L2J,M
78135C,B-1238,B38M,BOEING 737 MAX 8,L2J,M
78145C,B-1162,B738,BOEING 737-800,L2J,M
78155C,B-206Z,B38M,BOEING 737 MAX 8,L2J,M
78175C,B-109M,DHC6,DE HAVILLAND DHC-6 Twin Otter,L2T,L
78185C,B-30D0,A20N,AIRBUS A-320neo,L2J,M
781B5C,B-322Z,A359,AIRBUS A-350-900,L2J,H
7A425C,11151,Y20,XIAN Kunpeng,L4J,H
7C065C,VH-BJI,PA44,PIPER PA-44 Seminole,L2P,L
7C0A5C,VH-CBY,P28A,PIPER PA-28-140/150/160/180,L1P,L
7C105C,VH-DIM,C150,CESSNA 150,L1P,L
7C175C,VH-EWE,C172,CESSNA 172 Skyhawk,L1P,L
7C195C,VH-FAM,C152,CESSNA 152,L1P,L
7C1A5C,VH-FHQ,PA31,PIPER PA-31-300/310/325/350/425,L2P,L
7C1C5C,VH-FVY,AT76,ATR-72-600,L2T,M
7C245C,VH-HGU,R44,ROBINSON R-44 Raven,H1P,L
7C335C,VH-KFI,C206,CESSNA  206 Stationair,L1P,L
7C355C,VH-KTQ,PA34,PIPER PA-34 Seneca,L2P,L
7C3F5C,VH-MSU,C510,CESSNA 510 Citation Mustang,L2J,L
7C405C,VH-MZY,M20T,MOONEY M-20T,L1P,L
7C435C,VH-NLA,PA22,PIPER PA-22,L1P,L
7C445C,VH-NSE,GLID,,L0-,-
7C475C,VH-ODQ,AT8T,AIR TRACTOR AT-802,L1T,M
7C4D5C,VH-PKE,C182,CESSNA 182 Skylane,L1P,L
7C4E5C,VH-PRI,BE36,BEECH 36 Bonanza,L1P,L
7C585C,VH-RQM,P28A,PIPER PA-28-140/150/160/180,L1P,L
7C595C,VH-RXQ,SF34,SAAB 340,L2T,M
7C625C,VH-TPQ,A109,AGUSTA AW-109 Grand,H2T,L
7C635C,VH-TWU,PA31,PIPER PA-31-300/310/325/350/425,L2P,L
7C6C5C,VH-VOU,P28A,PIPER PA-28-140/150/160/180,L1P,L
7C6D5C,VH-VVY,R44,ROBINSON R-44 Raven,H1P,L
7C715C,VH-WOE,A139,AGUSTA AW-139,H2T,L
7C765C,VH-XNY,GLID,,L0-,-
7C7B5C,VH-YNI,DA40,DIAMOND DA-40 Club Star,L1P,L
7C7F5C,VH-ZFY,P28A,PIPER PA-28-140/150/160/180,L1P,L
7CC45C,23-9081,AP22,AEROPRACT A-22,L1P,L
7CF85C,A36-001,B737,BOEING 737-700,L2J,M
80065C,VT-TAX,C25A,CESSNA 525A Citation CJ2,L2J,L
800D5C,VT-MXY,B38M,BOEING 737 MAX 8,L2J,M
80145C,VT-IIB,A20N,AIRBUS A-320neo,L2J,M
80155C,VT-IBH,A21N,AIRBUS A-321neo,L2J,M
84045C,JA015W,EC45,AIRBUS HELICOPTERS EC-145,H2T,L
84715C,JA16JJ,A320,AIRBUS A-320,L2J,M
851F5C,JA350Y,AS50,AEROSPATIALE AS-350 Ecureuil,H1T,L
85205C,JA358G,B505,BELL 505 JetRanger X,H1T,L
86375C,JA680C,C680,CESSNA 680 Citation Sovereign,L2J,M
86DA5C,JA83AN,B738,BOEING 737-800,L2J,M
872F5C,JA921A,B789,BOEING 787-9 Dreamliner,L2J,H
873A5C,JA953A,SF34,SAAB 340,L2T,M
88005C,HS-PGG,AT75,ATR-72-500,L2T,M
88805C,VN-A362,A321,AIRBUS A-321,L2J,M
88815C,VN-A693,A21N,AIRBUS A-321neo,L2J,M
89405C,A9C-AE,A320,AIRBUS A-320,L2J,M
89505C,V8-RBE,A20N,AIRBUS A-320neo,L2J,M
89625C,A6-EIN,A320,AIRBUS A-320,L2J,M
89645C,A6-XTR,E300,EXTRA EA-300/330/350,L1P,L
89655C,A6-EVP,A388,AIRBUS A-380-800,L4J,H
896C5C,1214,C130,LOCKHEED C-130 Hercules,L4T,M
89915C,B-95119,E55P,EMBRAER EMB-505 Phenom 300,L2J,M
8A055C,LD-1220,G120,GROB G-120,L1P,L
8A065C,PK-ARM,P28A,PIPER PA-28-140/150/160/180,L1P,L
8A075C,PK-LRV,BE58,BEECH 58 Baron,L2P,L
8A085C,PK-AXG,A320,AIRBUS A-320,L2J,M
A0015C,N1PW,PTS2,PITTS S-2 Special,L1P,L
A0025C,N10AA,C320,CESSNA 320 Skyknight,L2P,L
A0045C,N10WN,M20P,MOONEY M-20,L1P,L
A0095C,N101KR,PA12,PIPER PA-12 Super Cruiser,L1P,L
A00B5C,N1014N,AT3P,AIR TRACTOR AT-301/401,L1P,L
A0105C,N103FF,TAIL,WITTMAN Tailwind,L1P,L
A0115C,N103RM,C310,CESSNA 310,L2P,L
A0125C,N1031H,AR15,AERONCA 15 Sedan,L1P,L
A0145C,N104JD,PA18,PIPER PA-18 Super Cub,L1P,L
A0175C,N105AW,,,,
A01B5C,N106DU,BCS1,AIRBUS A220-100,L2J,M
A01C5C,N106Q,M20P,MOONEY M-20,L1P,L
A01D5C,N1060F,C185,CESSNA 185 Skywagon,L1P,L
A01E5C,N1067S,RV6,VANS RV-6,L1P,L
A01F5C,N107GS,,,,
A0205C,N107SY,E75L,EMBRAER ERJ-170-200 (long wing),L2J,M
A0215C,N1072J,VO10,NORTH AMERICAN ROCKWELL Commander 100,L1P,L
A0225C,N1079V,M20P,MOONEY M-20,L1P,L
A0255C,N1084M,SONX,SONEX AIRCRAFT Sonex,L1P,L
A0265C,N109CG,A109,AGUSTA AW-109 Grand,H2T,L
A0275C,N109NN,A321,AIRBUS A-321,L2J,M
A02A5C,N11FE,,,,
A02B5C,N11RL,BT36,BEECH B36TC Bonanza,L1P,L
A02D5C,N110MX,S22T,CIRRUS SR-22T Turbo,L1P,L
A02F5C,N11059,CH7A,BELLANCA 7 Champion,L1P,L
A0305C,N111EP,RV7,VANS RV-7,L1P,L
A0335C,N1118B,L8,LUSCOMBE 8,L1P,L
A0355C,N112TT,RV4,VANS RV-4,L1P,L
A0365C,N11224,,,,
A0375C,N113AD,AS20,SCHLEICHER ASW-20,L1P,L
A03B5C,N114DB,S22T,CIRRUS SR-22T Turbo,L1P,L
A03C5C,N114PH,C208,CESSNA 208 Caravan,L1T,L
A03F5C,N115G,BE35,BEECH 35 Starfire Bonanza,L1P,L
A0405C,N115SF,B407,BELL 407,H1T,L
A04A5C,N118EN,,,,
A04E5C,N119HL,PULS,Pulsar,L1P,L
A04F5C,N119TS,PTS1,PITTS S-1 Special,L1P,L
A0515C,N12AC,RV8,VANS RV-8,L1P,L
A0555C,N120TA,DISC,SCHEMPP-HIRTH Discus,L1P,L
A0585C,N121KT,DHC2,DE HAVILLAND DHC-2 Beaver,L1P,L
A05A5C,N1214Q,C150,CESSNA 150,L1P,L
A05B5C,N122CK,MU2,MITSUBISHI MU-2 Marquise,L2T,L
A05E5C,N1226T,P28A,PIPER PA-28-140/150/160/180,L1P,L
A0615C,N1231K,L8,LUSCOMBE 8,L1P,L
A0635C,N124JF,SR22,CIRRUS SR-22,L1P,L
A0655C,N1243N,C82S,CESSNA T182 Turbo Skylane,L1P,L
A0675C,N125MD,C206,CESSNA  206 Stationair,L1P,L
A06D5C,N1267U,C172,CESSNA 172 Skyhawk,L1P,L
A06F5C,N127T,PA18,PIPER PA-18 Super Cub,L1P,L
A0715C,N1279X,M20P,MOONEY M-20,L1P,L
A0725C,N128KS,AS21,SCHLEICHER ASK-21,L1P,L
A0745C,N1284P,BE36,BEECH 36 Bonanza,L1P,L
A0755C,N129CJ,C25C,CESSNA 525C Citation CJ4,L2J,M
A0785C,N1296S,C182,CESSNA 182 Skylane,L1P,L
A0795C,N13FG,C182,CESSNA 182 Skylane,L1P,L
A07A5C,N13RN,J2,PIPER J-2 Cub,L1P,L
A07B5C,N130BT,VALI,CONVAIR Valiant,L1P,L
A0825C,N1318D,C170,CESSNA 170,L1P,L
A0845C,N132TV,,,,
A0855C,N13226,C172,CESSNA 172 Skyhawk,L1P,L
A0875C,N133LM,RV3,VANS RV-3,L1P,L
A0885C,N133WT,,,,
A08A5C,N134DD,HUSK,CHRISTEN Husky,L1P,L
A08D5C,N1347B,L8,LUSCOMBE 8,L1P,L
A08F5C,N135SH,LJ35,LEARJET 35,L2J,M
A0925C,N136K,BE36,BEECH 36 Bonanza,L1P,L
A0945C,N13637,SACE,ACRO SPORT Super Ace,L1P,L
A09B5C,N13802,,,,
A09C5C,N1388C,,,,
A09D5C,N139HN,EC30,AIRBUS HELICOPTERS EC-130,H1T,L
A09E5C,N139TU,P208,TECNAM P-2008,L1P,L
A09F5C,N13925,PA18,PIPER PA-18 Super Cub,L1P,L
A0A05C,N14AE,M7,MAULE M-7,L1P,L
A0A45C,N140TC,PA18,PIPER PA-18 Super Cub,L1P,L
A0A85C,N141WA,P28A,PIPER PA-28-140/150/160/180,L1P,L
A0AA5C,N142CM,RV4,VANS RV-4,L1P,L
A0AF5C,N143RR,,,,
A0B05C,N1431M,C182,CESSNA 182 Skylane,L1P,L
A0B15C,N1438Y,C172,CESSNA 172 Skyhawk,L1P,L
A0B25C,N144JH,C180,CESSNA  180 Skywagon,L1P,L
A0B35C,N144UP,A306,AIRBUS A-300-600,L2J,H
A0B45C,N1443Q,C150,CESSNA 150,L1P,L
A0B55C,N145B,BL17,BELLANCA 17 Viking,L1P,L
A0B85C,N1455T,DHC2,DE HAVILLAND DHC-2 Beaver,L1P,L
A0BD5C,N147GW,T206,CESSNA T206 Turbo Stationair,L1P,L
A0BE5C,N147TB,BL17,BELLANCA 17 Viking,L1P,L
A0BF5C,N1472N,J3,PIPER J-3 Cub,L1P,L
A0C35C,N1484R,AA1,AMERICAN AA-1,L1P,L
A0D05C,N15105,P28A,PIPER PA-28-140/150/160/180,L1P,L
A0D15C,N1518F,BALL,,B0-,-
A0D25C,N152HR,C152,CESSNA 152,L1P,L
A0D45C,N15228,P28R,PIPER PA-28R-180/200/201,L1P,L
A0D85C,N1535A,PA20,PIPER PA-20 Pacer,L1P,L
A0DA5C,N154PM,,,,
A0DE5C,N155SK,C152,CESSNA 152,L1P,L
A0E55C,N157N,BE58,BEECH 58 Baron,L2P,L
A0E75C,N1576B,L8,LUSCOMBE 8,L1P,L
A0EA5C,N15804,P28A,PIPER PA-28-140/150/160/180,L1P,L
A0EB5C,N1588E,C172,CESSNA 172 Skyhawk,L1P,L
A0EE5C,N15927,P28A,PIPER PA-28-140/150/160/180,L1P,L
A0F75C,N161WC,EC35,AIRBUS HELICOPTERS EC-135/635,H2T,L
A1015C,N164JK,,,,
A1045C,N165BB,,,,
A1055C,N165MH,C310,CESSNA 310,L2P,L
A1085C,N166E,GLID,,L0-,-
A10E5C,N1672Q,C150,CESSNA 150,L1P,L
A1105C,N168KW,P28A,PIPER PA-28-140/150/160/180,L1P,L
A1165C,N1696W,BE33,BEECH 33 Bonanza,L1P,L
A1185C,N17RS,ULAC,,L0-,-
A11C5C,N1706E,CH7A,BELLANCA 7 Champion,L1P,L
A11E5C,N171RA,C172,CESSNA 172 Skyhawk,L1P,L
A11F5C,N17107,RELI,STINSON Reliant,L1P,L
A1205C,N1718H,C310,CESSNA 310,L2P,L
A12B5C,N1747F,C172,CESSNA 172 Skyhawk,L1P,L
A12D5C,N175SM,C175,CESSNA 175 Skylark,L1P,L
A12F5C,N1759J,P28A,PIPER PA-28-140/150/160/180,L1P,L
A1325C,N1764A,PA22,PIPER PA-22,L1P,L
A1335C,N177BW,C177,CESSNA  177 Cardinal,L1P,L
A1365C,N1776D,C170,CESSNA 170,L1P,L
A13A5C,N1788G,BE35,BEECH 35 Starfire Bonanza,L1P,L
A13E5C,N18AJ,PA18,PIPER PA-18 Super Cub,L1P,L
A1405C,N18WW,BE36,BEECH 36 Bonanza,L1P,L
A1415C,N180HA,UH12,HILLER UH-12,H1P,L
A1435C,N1802T,P28A,PIPER PA-28-140/150/160/180,L1P,L
A1465C,N181WE,C25B,CESSNA 525B Citation CJ3,L2J,L
A1475C,N1814W,BE58,BEECH 58 Baron,L2P,L
A1485C,N182CR,C82S,CESSNA T182 Turbo Skylane,L1P,L
A14D5C,N183RV,RV8,VANS RV-8,L1P,L
A14E5C,N1831R,C185,CESSNA 185 Skywagon,L1P,L
A1505C,N184JM,RV10,VANS RV-10,L1P,L
A1545C,N185MK,C185,CESSNA 185 Skywagon,L1P,L
A15E5C,N18793,BE24,BEECH 24 Sierra,L1P,L
A1655C,N1896Y,C172,CESSNA 172 Skyhawk,L1P,L
A1665C,N19FN,PA22,PIPER PA-22,L1P,L
A1685C,N190BZ,E195,EMBRAER ERJ-190-200,L2J,M
A16E5C,N19109,FA24,FAIRCHILD F-24 Argus,L1P,L
A16F5C,N1918K,L8,LUSCOMBE 8,L1P,L
A1725C,N1923B,,,,
A1735C,N193AM,B407,BELL 407,H1T,L
A1785C,N194PR,,,,
A17A5C,N1947H,,,,
A17D5C,N1952,BE36,BEECH 36 Bonanza,L1P,L
A1815C,N1964C,,,,
A1835C,N197ND,CH7B,BELLANCA 7 Citabria,L1P,L
A1875C,N198RB,L5,STINSON Sentinel,L1P,L
A18C5C,N1993A,GLID,,L0-,-
A18D5C,N2AL,M20P,MOONEY M-20,L1P,L
A18E5C,N2LS,SA30,STOLP Starduster Too,L1P,L
A1915C,N20TJ,GLID,,L0-,-
A1925C,N200DP,M20P,MOONEY M-20,L1P,L
A1935C,N200PV,PA31,PIPER PA-31-300/310/325/350/425,L2P,L
A1955C,N2007M,P28R,PIPER PA-28R-180/200/201,L1P,L
A1965C,N201GM,M200,NORTH AMERICAN ROCKWELL Commander 200,L1P,L
A1975C,N201ST,M20P,MOONEY M-20,L1P,L
A19C5C,N2024G,BE35,BEECH 35 Starfire Bonanza,L1P,L
A1A15C,N204F,GLID,,L0-,-
A1A35C,N2041B,L8,LUSCOMBE 8,L1P,L
A1A75C,N2053E,CH7A,BELLANCA 7 Champion,L1P,L
A1A95C,N206LW,B06,BELL 206 JetRanger,H1T,L
A1B05C,N208GL,B190,BEECH 1900,L2T,M
A1B15C,N208SS,C185,CESSNA 185 Skywagon,L1P,L
A1B75C,N21CA,BE18,BEECH 18 Expetitor,L2P,L
A1BA5C,N210JT,P210,CESSNA P210 Centurion,L1P,L
A1BC5C,N21030,P28A,PIPER PA-28-140/150/160/180,L1P,L
A1BE5C,N211MR,C82S,CESSNA T182 Turbo Skylane,L1P,L
A1BF5C,N211XX,,,,
A1C35C,N2120V,RV7,VANS RV-7,L1P,L
A1C45C,N21276,C172,CESSNA 172 Skyhawk,L1P,L
A1C65C,N213TM,CLON,AUTOGYRO Cavalon,G1P,L
A1C85C,N21399,M20P,MOONEY M-20,L1P,L
A1C95C,N214LD,F2TH,DASSAULT Falcon 2000,L2J,M
A1CA5C,N214WK,C182,CESSNA 182 Skylane,L1P,L
A1CB5C,N21441,P28A,PIPER PA-28-140/150/160/180,L1P,L
A1CD5C,N215PB,FOX,KITFOX,L1P,L
A1CF5C,N21564,C172,CESSNA 172 Skyhawk,L1P,L
A1D25C,N2161W,BE23,BEECH 23 Sundowner,L1P,L
A1D35C,N21687,J3,PIPER J-3 Cub,L1P,L
A1D65C,N2173Z,C72R,CESSNA 172R Cutlass RG,L1P,L
A1D75C,N218BJ,S22T,CIRRUS SR-22T Turbo,L1P,L
A1DA5C,N21852,C188,CESSNA 188 AgTruck,L1P,L
A1DE5C,N21975,C150,CESSNA 150,L1P,L
A1E05C,N22TL,S22T,CIRRUS SR-22T Turbo,L1P,L
A1E15C,N220DR,RV6,VANS RV-6,L1P,L
A1E55C,N221GP,B06,BELL 206 JetRanger,H1T,L
A1E65C,N221SV,CL30,BOMBARDIER BD-100 Challenger 300,L2J,M
A1E95C,N222KM,RV4,VANS RV-4,L1P,L
A1EA5C,N222VT,PA31,PIPER PA-31-300/310/325/350/425,L2P,L
A1EB5C,N2224J,C150,CESSNA 150,L1P,L
A1EF5C,N2236M,P32R,PIPER PA-32R-300/301/301T,L1P,L
A1F15C,N224RH,R44,ROBINSON R-44 Raven,H1P,L
A1F45C,N225J,PA18,PIPER PA-18 Super Cub,L1P,L
A1FA5C,N2265K,L8,LUSCOMBE 8,L1P,L
A1FE5C,N2277N,C140,CESSNA 140,L1P,L
A2055C,N2294H,BALL,,B0-,-
A2065C,N23CC,C185,CESSNA 185 Skywagon,L1P,L
A2075C,N23NJ,C172,CESSNA 172 Skyhawk,L1P,L
A20C5C,N231BM,M20P,MOONEY M-20,L1P,L
A20D5C,N231MT,M20P,MOONEY M-20,L1P,L
A2145C,N233HH,GLID,,L0-,-
A2175C,N234A,BE95,BEECH 95 Travel Air,L2P,L
A2195C,N234WM,AC50,NORTH AMERICAN ROCKWELL Commander 500,L2P,L
A21A5C,N23443,C150,CESSNA 150,L1P,L
A21E5C,N23566,C172,CESSNA 172 Skyhawk,L1P,L
A21F5C,N236FW,B06,BELL 206 JetRanger,H1T,L
A2275C,N238MS,S22T,CIRRUS SR-22T Turbo,L1P,L
A22C5C,N2390W,BE23,BEECH 23 Sundowner,L1P,L
A22D5C,N23977,AR65,AERONCA 65 Super Chief,L1P,L
A22E5C,N24HG,T6,NORTH AMERICAN T-6 Texan,L1P,L
A2335C,N2407R,C170,CESSNA 170,L1P,L
A23A5C,N2424L,C172,CESSNA 172 Skyhawk,L1P,L
A2405C,N244RK,PIVI,PIPSTREL Virus,L1P,L
A2415C,N2441F,PA38,PIPER PA-38 Tomahawk,L1P,L
A2435C,N245JB,HIGH,JUST JA20 Highlander,L1P,L
A2455C,N2453J,C206,CESSNA  206 Stationair,L1P,L
A2475C,N246M,RV9,VANS RV-9,L1P,L
A24A5C,N247DS,DA40,DIAMOND DA-40 Club Star,L1P,L
A24F5C,N248SW,COZY,CO-Z Cozy,L1P,L
A2515C,N2489T,NAVI,NORTH AMERICAN Navion,L1P,L
A2545C,N2494K,L8,LUSCOMBE 8,L1P,L
A2555C,N25CE,AC90,NORTH AMERICAN ROCKWELL Turbo Commander 690/840,L2T,L
A2565C,N25NL,LNC2,LANCAIR 200-320,L1P,L
A25B5C,N251BP,P51,NORTH AMERICAN P-51 Mustang,L1P,L
A25F5C,N252EM,M20P,MOONEY M-20,L1P,L
A2615C,N2520Z,PARA,,P0-,-
A2625C,N2528,GLAS,Glasair,L1P,L
A2705C,N25610,C152,CESSNA 152,L1P,L
A2715C,N2569A,PA22,PIPER PA-22,L1P,L
A2775C,N258Y,FOX,KITFOX,L1P,L
A27B5C,N2590Y,BALL,,B0-,-
A27C5C,N25979,C152,CESSNA 152,L1P,L
A2815C,N2600G,C182,CESSNA 182 Skylane,L1P,L
A2835C,N261GT,VIX,SKYSTAR Kitfox Voyager,L1P,L
A2895C,N2624N,R22,ROBINSON R-22 Mariner,H1P,L
A28A5C,N263CH,B06,BELL 206 JetRanger,H1T,L
A28D5C,N2636R,ULAC,,L0-,-
A2915C,N2648U,C172,CESSNA 172 Skyhawk,L1P,L
A29C5C,N2677S,BL17,BELLANCA 17 Viking,L1P,L
A29E5C,N268SY,E75L,EMBRAER ERJ-170-200 (long wing),L2J,M
A29F5C,N2682J,C150,CESSNA 150,L1P,L
A2A05C,N2689V,C170,CESSNA 170,L1P,L
A2A35C,N2694M,PA12,PIPER PA-12 Super Cruiser,L1P,L
A2A95C,N27036,PA18,PIPER PA-18 Super Cub,L1P,L
A2AD5C,N27159,J5,PIPER J-5 Cub Cruiser,L1P,L
A2B15C,N2728B,C182,CESSNA 182 Skylane,L1P,L
A2B75C,N274WR,FOX,KITFOX,L1P,L
A2B85C,N27447,PA31,PIPER PA-31-300/310/325/350/425,L2P,L
A2B95C,N275DB,CB1,HATZ CB-1 Classic,L1P,L
A2BC5C,N2757,T6,NORTH AMERICAN T-6 Texan,L1P,L
A2C35C,N27735,PA31,PIPER PA-31-300/310/325/350/425,L2P,L
A2C75C,N27858,J4,PIPER J-4 Cub Coupe,L1P,L
A2CA5C,N27900,J3,PIPER J-3 Cub,L1P,L
A2CE5C,N280DX,G280,GULFSTREAM G280,L2J,M
A2D35C,N281TA,A4,DOUGLAS A-4 Skyhawk,L1J,M
A2D85C,N2824Q,C172,CESSNA 172 Skyhawk,L1P,L
A2DC5C,N2836T,P28A,PIPER PA-28-140/150/160/180,L1P,L
A2DE5C,3930,C680,CESSNA 680 Citation Sovereign,L2J,M
A2E05C,N2848W,BE35,BEECH 35 Starfire Bonanza,L1P,L
A2E35C,N2853N,P28R,PIPER PA-28R-180/200/201,L1P,L
A2E45C,N286AY,A332,AIRBUS A-330-200,L2J,H
A2E75C,N2865R,P28R,PIPER PA-28R-180/200/201,L1P,L
A2EA5C,N2870H,ERCO,AIR PRODUCTS F-1 Aircoupe,L1P,L
A2EB5C,N2877U,C172,CESSNA 172 Skyhawk,L1P,L
A2ED5C,N288T,PA18,PIPER PA-18 Super Cub,L1P,L
A2EF5C,N2889X,C177,CESSNA  177 Cardinal,L1P,L
A2F25C,N2894P,PA18,PIPER PA-18 Super Cub,L1P,L
A2F35C,N29CJ,T18,THORP Tiger,L1P,L
A2F65C,N290KA,BE9L,BEECH 90 King Air,L2T,L
A2F95C,N291BT,B39M,BOEING 737 MAX 9,L2J,M
A2FC5C,N2916A,C180,CESSNA  180 Skywagon,L1P,L
A3005C,N2928D,C170,CESSNA 170,L1P,L
A3015C,N293HP,P28A,PIPER PA-28-140/150/160/180,L1P,L
A3035C,N29326,C177,CESSNA  177 Cardinal,L1P,L
A3045C,N294AF,PC24,PILATUS PC-24,L2J,M
A3075C,N29449,C177,CESSNA  177 Cardinal,L1P,L
A3085C,N295DD,AT6T,AIR TRACTOR AT-602,L1T,L
A3105C,N297K,S108,STINSON 108 Voyager,L1P,L
A3195C,N29902,WACF,WACO F,L1P,L
A31B5C,N3HN,C310,CESSNA 310,L2P,L
A31C5C,N3TU,RV8,VANS RV-8,L1P,L
A31F5C,N300AK,C56X,CESSNA 560XL Citation XLS,L2J,M
A3215C,N300WX,DRON,,D0-,-
A3225C,N3005C,BE35,BEECH 35 Starfire Bonanza,L1P,L
A3235C,N301DH,ULAC,,L0-,-
A3265C,N3017F,BALL,,B0-,-
A3295C,N30218,C177,CESSNA  177 Cardinal,L1P,L
A32A5C,N3029J,C150,CESSNA 150,L1P,L
A3315C,N3046D,BE36,BEECH 36 Bonanza,L1P,L
A3335C,N305R,M20P,MOONEY M-20,L1P,L
A3385C,N30629,J3,PIPER J-3 Cub,L1P,L
A3395C,N307AJ,UH12,HILLER UH-12,H1P,L
A33D5C,N308DG,DG1T,DG FLUGZEUGBAU DG-1001T,L1P,L
A3445C,N3099H,ERCO,AIR PRODUCTS F-1 Aircoupe,L1P,L
A3455C,N31KC,C421,CESSNA 421 Executive Commuter,L2P,L
A3465C,N31VJ,SF50,CIRRUS SF-50 Vision,L1J,L
A3475C,N310FP,C310,CESSNA 310,L2P,L
A34A5C,N31082,P28A,PIPER PA-28-140/150/160/180,L1P,L
A34D5C,N3113U,C182,CESSNA 182 Skylane,L1P,L
A34E5C,N312BD,AC11,NORTH AMERICAN ROCKWELL Commander 112/114,L1P,L
A34F5C,N312MK,RV12,VANS RV-12,L1P,L
A3555C,N31370,M7,MAULE M-7,L1P,L
A3585C,N3142S,C182,CESSNA 182 Skylane,L1P,L
A3595C,N31493,AR6T,AERONCA 65 Tandem,L1P,L
A3605C,N3166Y,AT3T,AIR TRACTOR AT-302/402,L1T,L
A3635C,N3171Q,P28A,PIPER PA-28-140/150/160/180,L1P,L
A3685C,N319BC,RV10,VANS RV-10,L1P,L
A36C5C,N32EA,BE20,BEECH 200 Super King Air,L2T,M
A36E5C,N320AM,AS50,AEROSPATIALE AS-350 Ecureuil,H1T,L
A3725C,N321DK,C82S,CESSNA T182 Turbo Skylane,L1P,L
A3735C,N321PR,R44,ROBINSON R-44 Raven,H1P,L
A3775C,N322SP,BE55,BEECH 55 Baron,L2P,L
A3795C,N3229L,C172,CESSNA 172 Skyhawk,L1P,L
A3885C,N327AL,,,,
A3895C,N327LS,C182,CESSNA 182 Skylane,L1P,L
A38B5C,N3275D,C180,CESSNA  180 Skywagon,L1P,L
A38F5C,N3287G,BALL,,B0-,-
A3925C,N32919,PA32,PIPER PA-32,L1P,L
A3935C,N3299K,SS2T,TRUSH Turbo Thrush 500/550,L1T,L
A3945C,N33KE,VELO,Velocity,L1P,L
A3955C,N33VL,RV3,VANS RV-3,L1P,L
A3965C,N330FR,A20N,AIRBUS A-320neo,L2J,M
A39A5C,N331JP,BE9L,BEECH 90 King Air,L2T,L
A39D5C,N332BF,SS2T,TRUSH Turbo Thrush 500/550,L1T,L
A3A05C,N3325Z,PA22,PIPER PA-22,L1P,L
A3A35C,N3330R,P28A,PIPER PA-28-140/150/160/180,L1P,L
A3A45C,N33372,P28R,PIPER PA-28R-180/200/201,L1P,L
A3A75C,N3342U,C182,CESSNA 182 Skylane,L1P,L
A3A85C,N33495,J3,PIPER J-3 Cub,L1P,L
A3AB5C,N3354X,M20P,MOONEY M-20,L1P,L
A3B15C,N337RW,P337,CESSNA P337 Skymaster,L2P,L
A3B35C,N33783,AR65,AERONCA 65 Super Chief,L1P,L
A3B75C,N339BE,TWEN,TECNAM Twenty-Ten,L1P,L
A3BA5C,N3395Y,C182,CESSNA 182 Skylane,L1P,L
A3BB5C,N34EC,P337,CESSNA P337 Skymaster,L2P,L
A3BD5C,N340AP,C340,CESSNA 340 Super,L2P,L
A3BE5C,N340LV,B733,BOEING 737-300,L2J,M
A3C65C,N342SR,SR22,CIRRUS SR-22,L1P,L
A3C75C,N3422B,BE35,BEECH 35 Starfire Bonanza,L1P,L
A3CB5C,N3434E,AR11,AERONCA 11 Chief,L1P,L
A3CC5C,N344C,,,,
A3D15C,N345RD,RV10,VANS RV-10,L1P,L
A3D25C,N3451,VJ22,VOLMER Sportsman,A1P,L
A3D35C,N3458L,COY2,RANS Coyote 2,L1P,L
A3D65C,N3463C,C170,CESSNA 170,L1P,L
A3DA5C,N3475F,C182,CESSNA 182 Skylane,L1P,L
A3DC5C,N348PS,M20P,MOONEY M-20,L1P,L
A3E15C,N3492A,PA22,PIPER PA-22,L1P,L
A3E35C,N35KG,P46T,PIPER PA-46-500TP,L1T,L
A3E55C,N350FT,ULAC,,L0-,-
A3E85C,N35086,C177,CESSNA  177 Cardinal,L1P,L
A3EC5C,N352BH,GLF4,GULFSTREAM 4,L2J,M
A3EF5C,N35251,PARA,,P0-,-
A3F25C,N3530T,,,,
A3F35C,N35374,J5,PIPER J-5 Cub Cruiser,L1P,L
A3F65C,N3542W,PA32,PIPER PA-32,L1P,L
A3F75C,N35497,PA31,PIPER PA-31-300/310/325/350/425,L2P,L
A3F85C,N355LB,BALL,,B0-,-
A3FA5C,N3554Z,PA22,PIPER PA-22,L1P,L
A3FC5C,N356P,AS50,AEROSPATIALE AS-350 Ecureuil,H1T,L
A3FE5C,N35662,C172,CESSNA 172 Skyhawk,L1P,L
A3FF5C,N357FS,ULAC,,L0-,-
A4095C,N35950,T206,CESSNA T206 Turbo Stationair,L1P,L
A40A5C,N36EE,BE36,BEECH 36 Bonanza,L1P,L
A40C5C,N360AR,GYRO,,G0-,-
A40F5C,N3605J,C150,CESSNA 150,L1P,L
A4125C,N3610A,PA22,PIPER PA-22,L1P,L
A4185C,N363KK,SR22,CIRRUS SR-22,L1P,L
A41E5C,N3646K,AEST,AEROSTAR 600,L2P,L
A41F5C,N365F,C421,CESSNA 421 Executive Commuter,L2P,L
A4225C,N3658N,PA12,PIPER PA-12 Super Cruiser,L1P,L
A4295C,N3675H,ERCO,AIR PRODUCTS F-1 Aircoupe,L1P,L
A42A5C,N368DN,A321,AIRBUS A-321,L2J,M
A42C5C,N3680,SA30,STOLP Starduster Too,L1P,L
A42D5C,N3687L,C172,CESSNA 172 Skyhawk,L1P,L
A42F5C,N369SS,BOLT,STEEN Skybolt,L1P,L
A4305C,N3692C,C180,CESSNA  180 Skywagon,L1P,L
A4325C,N37KJ,FA50,DASSAULT Falcon 50,L3J,M
A4355C,N370SA,PA23,PIPER PA-23,L2P,L
A43A5C,N37130,ERCO,AIR PRODUCTS F-1 Aircoupe,L1P,L
A43E5C,N37253,B738,BOEING 737-800,L2J,M
A4415C,N3730V,C140,CESSNA 140,L1P,L
A4425C,N37376,C340,CESSNA 340 Super,L2P,L
A4445C,N374TM,FOX,KITFOX,L1P,L
A4495C,N37541,B39M,BOEING 737 MAX 9,L2J,M
A44F5C,N377S,CB1,HATZ CB-1 Classic,L1P,L
A4515C,N37787,,,,
A4545C,N3783Z,PA18,PIPER PA-18 Super Cub,L1P,L
A45E5C,N3805L,C172,CESSNA 172 Skyhawk,L1P,L
A4615C,N3810C,BE58,BEECH 58 Baron,L2P,L
A4625C,N3817P,PA22,PIPER PA-22,L1P,L
A4655C,N3822F,G2T1,GREAT LAKES 2T-1,L1P,L
A4665C,N3829S,C172,CESSNA 172 Skyhawk,L1P,L
A4675C,N383KM,ULAC,,L0-,-
A4695C,N3834J,C150,CESSNA 150,L1P,L
A46A5C,N384CD,PARA,,P0-,-
A46D5C,N3846M,PA12,PIPER PA-12 Super Cruiser,L1P,L
A4705C,N3851D,C182,CESSNA 182 Skylane,L1P,L
A4715C,N3858Q,C172,CESSNA 172 Skyhawk,L1P,L
A4755C,N387AS,BE9L,BEECH 90 King Air,L2T,L
A4785C,N3875K,,,,
A47F5C,N3892E,CH7A,BELLANCA 7 Champion,L1P,L
A4835C,N390FX,E55P,EMBRAER EMB-505 Phenom 300,L2J,M
A4845C,N390SC,PA18,PIPER PA-18 Super Cub,L1P,L
A48D5C,N39255,TAYB,TAYLORCRAFT BC/BF/BL,L1P,L
A4905C,N3930X,PA34,PIPER PA-34 Seneca,L2P,L
A4915C,N39378,HIGH,JUST JA20 Highlander,L1P,L
A4925C,N394HH,GL5T,BOMBARDIER BD-700 Global 5000/5500,L2J,M
A4945C,N39420,C172,CESSNA 172 Skyhawk,L1P,L
A4975C,N395WM,ULAC,,L0-,-
A49F5C,N3971Y,C210,CESSNA 201 Centurion,L1P,L
A4A25C,N398V,ULAC,,L0-,-
A4A75C,N39954,P28A,PIPER PA-28-140/150/160/180,L1P,L
A4A85C,N4EJ,GLAS,Glasair,L1P,L
A4AB5C,N40MA,P46T,PIPER PA-46-500TP,L1T,L
A4AD5C,N400HM,PA31,PIPER PA-31-300/310/325/350/425,L2P,L
A4AF5C,N40024,P28R,PIPER PA-28R-180/200/201,L1P,L
A4B05C,N401AD,BL8,BELLANCA 8 Decathlon,L1P,L
A4B25C,N401WR,S108,STINSON 108 Voyager,L1P,L
A4B35C,N40147,S108,STINSON 108 Voyager,L1P,L
A4B55C,N402PH,B407,BELL 407,H1T,L
A4BA5C,N40312,M4,MAULE M-4,L1P,L
A4BE5C,N40435,BALL,,B0-,-
A4C05C,N405MW,C172,CESSNA 172 Skyhawk,L1P,L
A4C25C,N40558,PA18,PIPER PA-18 Super Cub,L1P,L
A4C65C,N4068A,,,,
A4C85C,N407TS,SREY,PROGRESSIVE AERODYNE SeaRey,A1P,L
A4C95C,N40723,J5,PIPER J-5 Cub Cruiser,L1P,L
A4CA5C,N408AC,AT3P,AIR TRACTOR AT-301/401,L1P,L
A4CB5C,N408LJ,C182,CESSNA 182 Skylane,L1P,L
A4D15C,N40969,P28B,PIPER PA-28-201T/235/236,L1P,L
A4D35C,N41SE,DV20,DIAMOND DA-20,L1P,L
A4D45C,N410CK,AS50,AEROSPATIALE AS-350 Ecureuil,H1T,L
A4D55C,N410NR,UH12,HILLER UH-12,H1P,L
A4D65C,N410YX,E75L,EMBRAER ERJ-170-200 (long wing),L2J,M
A4DA5C,N4111K,NAVI,NORTH AMERICAN Navion,L1P,L
A4DB5C,N4118W,PA32,PIPER PA-32,L1P,L
A4E05C,N413MD,GLID,,L0-,-
A4E25C,N4135R,PA32,PIPER PA-32,L1P,L
A4E55C,N4140H,PA15,PIPER PA-15 Vagabond,L1P,L
A4E95C,N4152L,C172,CESSNA 172 Skyhawk,L1P,L
A4EA5C,N4159X,VO10,NORTH AMERICAN ROCKWELL Commander 100,L1P,L
A4ED5C,N4164P,PA23,PIPER PA-23,L2P,L
A4F15C,N4176S,BE95,BEECH 95 Travel Air,L2P,L
A4F95C,N42AX,,,,
A4FA5C,N42MC,B06,BELL 206 JetRanger,H1T,L
A4FC5C,N420HP,C82T,CESSNA TR182 Turbo Skylane RG,L1P,L
A4FE5C,N42026,C180,CESSNA  180 Skywagon,L1P,L
A5015C,N421WT,C421,CESSNA 421 Executive Commuter,L2P,L
A5045C,N422PK,RV10,VANS RV-10,L1P,L
A5065C,N4227B,,,,
A5075C,N423GB,,,,
A5095C,N42314,C182,CESSNA 182 Skylane,L1P,L
A50B5C,N424K,FLE7,FLEET 7,L1P,L
A50E5C,N425BS,C425,CESSNA 425 Corsair,L2T,L
A5145C,N42602,J3,PIPER J-3 Cub,L1P,L
A51B5C,N428WS,S22T,CIRRUS SR-22T Turbo,L1P,L
A51D5C,N429DC,BLKS,AIRCRAFT SPRUCE Baby Lakes,L1P,L
A5205C,N4297A,PA30,PIPER PA-30 Twin Comanche,L2P,L
A5225C,N43SG,DISC,SCHEMPP-HIRTH Discus,L1P,L
A5235C,N430CM,B430,BELL 430,H2T,L
A5255C,N430YZ,PARA,,P0-,-
A5265C,N4306V,P32R,PIPER PA-32R-300/301/301T,L1P,L
A5295C,N4311M,,,,
A52A5C,N4318Y,P28A,PIPER PA-28-140/150/160/180,L1P,L
A52B5C,N432JH,ALIG,ARION LS-1 Lightning,L1P,L
A52C5C,N432UP,B752,BOEING 757-200,L2J,M
A52D5C,N4323Q,C172,CESSNA 172 Skyhawk,L1P,L
A52E5C,N433B,BE35,BEECH 35 Starfire Bonanza,L1P,L
A5345C,N4340K,SS2P,ROCKWELL Thrush Commander,L1P,L
A5385C,N4352N,C195,CESSNA 195,L1P,L
A5395C,N4359Z,PA18,PIPER PA-18 Super Cub,L1P,L
A53B5C,N436W,,,,
A5435C,N4381L,P28A,PIPER PA-28-140/150/160/180,L1P,L
A54A5C,N44XL,R44,ROBINSON R-44 Raven,H1P,L
A54C5C,N440TX,J3,PIPER J-3 Cub,L1P,L
A54F5C,N441LP,RV6,VANS RV-6,L1P,L
A5515C,N4415A,PA22,PIPER PA-22,L1P,L
A5525C,N442DF,S2P,GRUMMAN S-2 Tracker,L2P,M
A5535C,N442PM,RV10,VANS RV-10,L1P,L
A5555C,N4427D,BE35,BEECH 35 Starfire Bonanza,L1P,L
A55B5C,N444VH,R44,ROBINSON R-44 Raven,H1P,L
A55E5C,N445N,LJ45,LEARJET 45,L2J,M
A5605C,N4456B,,,,
A5635C,N44604,P28A,PIPER PA-28-140/150/160/180,L1P,L
A5675C,N44727,P51,NORTH AMERICAN P-51 Mustang,L1P,L
A56B5C,N4485,T6,NORTH AMERICAN T-6 Texan,L1P,L
A5705C,N45GC,BE18,BEECH 18 Expetitor,L2P,L
A57C5C,N4523S,BE55,BEECH 55 Baron,L2P,L
A57D5C,N453BB,BE58,BEECH 58 Baron,L2P,L
A57E5C,N453MH,EC45,AIRBUS HELICOPTERS EC-145,H2T,L
A5805C,N4535V,AA5,AMERICAN AA-5 Tiger,L1P,L
A5835C,N4540M,PA11,PIPER PA-11 Cub Special,L1P,L
A5875C,N4552Q,P28R,PIPER PA-28R-180/200/201,L1P,L
A5895C,N456KW,BE58,BEECH 58 Baron,L2P,L
A58A5C,N456WB,HIGH,JUST JA20 Highlander,L1P,L
A5905C,N458FL,P28A,PIPER PA-28-140/150/160/180,L1P,L
A5915C,N458RS,PA18,PIPER PA-18 Super Cub,L1P,L
A5925C,N4581N,ST75,STEARMAN Kaydet,L1P,L
A5935C,N4588Z,PA22,PIPER PA-22,L1P,L
A5975C,N46BA,M20P,MOONEY M-20,L1P,L
A5985C,N46MG,PA46,PIPER PA-46-310/350,L1P,L
A5A05C,N4615C,BE9L,BEECH 90 King Air,L2T,L
A5A15C,N462DH,PA31,PIPER PA-31-300/310/325/350/425,L2P,L
A5A45C,N4627F,P28A,PIPER PA-28-140/150/160/180,L1P,L
A5AA5C,N464VK,TUCA,EMBRAER EMB-312 Tucano,L1T,L
A5AB5C,N4644A,C180,CESSNA  180 Skywagon,L1P,L
A5AC5C,N465BW,D7,FOKKER D-7 Replica,L1P,L
A5AF5C,N4656D,BE35,BEECH 35 Starfire Bonanza,L1P,L
A5B15C,N466R,R66,ROBINSON R-66,H1T,L
A5B65C,N46729,C172,CESSNA 172 Skyhawk,L1P,L
A5BE5C,N4697E,CH7A,BELLANCA 7 Champion,L1P,L
A5BF5C,N47GE,C182,CESSNA 182 Skylane,L1P,L
A5C05C,N47SL,LNC4,LANCAIR 4,L1P,L
A5C85C,N47182,AR6T,AERONCA 65 Tandem,L1P,L
A5D65C,N4752S,C82R,CESSNA R182 Skylane RG,L1P,L
A5D75C,N47593,PA32,PIPER PA-32,L1P,L
A5E15C,N4781Q,C188,CESSNA 188 AgTruck,L1P,L
A5E25C,N47881,P28A,PIPER PA-28-140/150/160/180,L1P,L
A5E55C,N4793T,GLID,,L0-,-
A5E65C,N48BC,T6,NORTH AMERICAN T-6 Texan,L1P,L
A5EA5C,N480UA,A320,AIRBUS A-320,L2J,M
A5EC5C,N481AM,C25C,CESSNA 525C Citation CJ4,L2J,M
A5F55C,N483SP,C172,CESSNA 172 Skyhawk,L1P,L
A5F75C,N4839L,P28A,PIPER PA-28-140/150/160/180,L1P,L
A5F95C,N484VM,WAIX,SONEX Waiex,L1P,L
A6015C,N48608,,,,
A6025C,N4868J,BE95,BEECH 95 Travel Air,L2P,L
A6055C,N4873A,PA18,PIPER PA-18 Super Cub,L1P,L
A6085C,N488WY,PC6T,PILATUS PC-6 Turbo-Porter,L1T,L
A6095C,N4885D,C172,CESSNA 172 Skyhawk,L1P,L
A60D5C,N4897G,C172,CESSNA 172 Skyhawk,L1P,L
A6135C,N49061,S1,INTERSTATE S-1 Cadet,L1P,L
A61C5C,N493MM,B763,BOEING 767-300,L2J,H
A6265C,N49595,J3,PIPER J-3 Cub,L1P,L
A62D5C,N49760,ST75,STEARMAN Kaydet,L1P,L
A6305C,N4981S,P28R,PIPER PA-28R-180/200/201,L1P,L
A6355C,N5BE,BD5,BEDE BD-5B/D/G,L1P,L
A63A5C,N500EH,B212,BELL 212,H2T,L
A63C5C,N5000V,ST75,STEARMAN Kaydet,L1P,L
A63D5C,N50076,ST75,STEARMAN Kaydet,L1P,L
A6425C,N502LD,AT5T,AIR TRACTOR AT-504,L1T,L
A6445C,N50241,PARA,,P0-,-
A6455C,N503CW,AS29,SCHLEICHER ASG-29,L1P,L
A6485C,N50364,J3,PIPER J-3 Cub,L1P,L
A64A5C,N504S,SA3,STITS SA-3 Playboy,L1P,L
A64C5C,N50487,CH7A,BELLANCA 7 Champion,L1P,L
A6535C,N50652,C150,CESSNA 150,L1P,L
A6565C,N5070U,BL8,BELLANCA 8 Decathlon,L1P,L
A65A5C,N5082X,,,,
A65F5C,N51CV,C180,CESSNA  180 Skywagon,L1P,L
A6605C,N51PA,,,,
A6625C,N510KM,C510,CESSNA 510 Citation Mustang,L2J,L
A6635C,N510VT,SAKO,RANS S-10 Sakota,L1P,L
A6645C,N5104J,C172,CESSNA 172 Skyhawk,L1P,L
A6655C,N511CD,SR22,CIRRUS SR-22,L1P,L
A6685C,N5116M,BE76,BEECH 76 Duchess,L2P,L
A66A5C,N512RH,RV10,VANS RV-10,L1P,L
A66B5C,N5121D,,,,
A66D5C,N513J,RV4,VANS RV-4,L1P,L
A6705C,N514AS,B738,BOEING 737-800,L2J,M
A6735C,N5145K,C172,CESSNA 172 Skyhawk,L1P,L
A6775C,N5157N,C182,CESSNA 182 Skylane,L1P,L
A67B5C,N5169R,C172,CESSNA 172 Skyhawk,L1P,L
A67E5C,N5174H,C172,CESSNA 172 Skyhawk,L1P,L
A67F5C,N518CC,CRER,RANS Courier,L1P,L
A6825C,N5186L,C152,CESSNA 152,L1P,L
A6845C,N519RG,P28R,PIPER PA-28R-180/200/201,L1P,L
A6855C,N5191C,BE35,BEECH 35 Starfire Bonanza,L1P,L
A6865C,N5198P,PA24,PIPER PA-24 Comanche,L1P,L
A68B5C,N5200X,T206,CESSNA T206 Turbo Stationair,L1P,L
A68C5C,N52078,BALL,,B0-,-
A68D5C,N521HH,AS21,SCHLEICHER ASK-21,L1P,L
A68F5C,N52120,C77R,CESSNA 177RG Cardinal RG,L1P,L
A6925C,N522WM,SR22,CIRRUS SR-22,L1P,L
A6935C,N52243,C172,CESSNA 172 Skyhawk,L1P,L
A6955C,N523PD,PA31,PIPER PA-31-300/310/325/350/425,L2P,L
A6975C,N52366,C182,CESSNA 182 Skylane,L1P,L
A69B5C,N52489,C77R,CESSNA 177RG Cardinal RG,L1P,L
A69D5C,N525V,C25M,CESSNA 525 Citation M2,L2J,L
A69E5C,N52531,C172,CESSNA 172 Skyhawk,L1P,L
A69F5C,N526BL,C82S,CESSNA T182 Turbo Skylane,L1P,L
A6A25C,N52654,C172,CESSNA 172 Skyhawk,L1P,L
A6A55C,N5270W,M20P,MOONEY M-20,L1P,L
A6A65C,N52777,L5,STINSON Sentinel,L1P,L
A6AA5C,N529,VELO,Velocity,L1P,L
A6AB5C,N529LE,B429,BELL 429 GlobalRanger,H2T,L
A6AD5C,N52942,C182,CESSNA 182 Skylane,L1P,L
A6AF5C,N53PC,EN28,ENSTROM F-28,H1P,L
A6B35C,N5304L,P28A,PIPER PA-28-140/150/160/180,L1P,L
A6B75C,N5316P,PA24,PIPER PA-24 Comanche,L1P,L
A6BB5C,N5328S,P28A,PIPER PA-28-140/150/160/180,L1P,L
A6C25C,N5345M,C152,CESSNA 152,L1P,L
A6C95C,N5362G,GLID,,L0-,-
A6CD5C,N5374K,C172,CESSNA 172 Skyhawk,L1P,L
A6D45C,N5391E,BE35,BEECH 35 Starfire Bonanza,L1P,L
A6D65C,N54JA,C72R,CESSNA 172R Cutlass RG,L1P,L
A6E25C,N54245,PA23,PIPER PA-23,L2P,L
A6E35C,N543D,C340,CESSNA 340 Super,L2P,L
A6E95C,N54410,P28A,PIPER PA-28-140/150/160/180,L1P,L
A6EB5C,N545JW,PA46,PIPER PA-46-310/350,L1P,L
A6F25C,N547EL,RV6,VANS RV-6,L1P,L
A6F35C,N547QS,C68A,CESSNA 680 Citation Latitude,L2J,M
A6F45C,N5470Y,PA23,PIPER PA-23,L2P,L
A6FD5C,N55CZ,BE95,BEECH 95 Travel Air,L2P,L
A6FE5C,N55PE,M20P,MOONEY M-20,L1P,L
A7005C,N550KR,GLF5,GULFSTREAM 5,L2J,M
A7025C,N5504N,CH7A,BELLANCA 7 Champion,L1P,L
A7085C,N552RM,DISC,SCHEMPP-HIRTH Discus,L1P,L
A70F5C,N554MB,C550,CESSNA 550 Citation S2,L2J,L
A7115C,N5545P,PA24,PIPER PA-24 Comanche,L1P,L
A7135C,N555Q,T6,NORTH AMERICAN T-6 Texan,L1P,L
A7165C,N556GS,FB1A,BOWERS Fly Baby 1A,L1P,L
A71C5C,N5574M,VO10,NORTH AMERICAN ROCKWELL Commander 100,L1P,L
A71E5C,N558NN,CRJ9,BOMBARDIER Regional Jet CRJ-900,L2J,M
A7215C,N559FE,DC10,MCDONNELL DOUGLAS DC-10,L3J,H
A7255C,N56JC,KR2,RAND KR-2,L1P,L
A7295C,N56001,MOR2,MORRISEY Nifty,L1P,L
A72B5C,N561HM,C208,CESSNA 208 Caravan,L1T,L
A7315C,N56247,P28R,PIPER PA-28R-180/200/201,L1P,L
A7325C,N563DB,BE35,BEECH 35 Starfire Bonanza,L1P,L
A7355C,N5637,GLID,,L0-,-
A7365C,N564G,C150,CESSNA 150,L1P,L
A7395C,N5649C,C140,CESSNA 140,L1P,L
A73C5C,N56535,,,,
A7405C,N56658,PA34,PIPER PA-34 Seneca,L2P,L
A7445C,N5678A,C172,CESSNA 172 Skyhawk,L1P,L
A7475C,N56823,P28R,PIPER PA-28R-180/200/201,L1P,L
A74C5C,N57DA,C208,CESSNA 208 Caravan,L1T,L
A74D5C,N57PG,SR22,CIRRUS SR-22,L1P,L
A7595C,N5728W,P28A,PIPER PA-28-140/150/160/180,L1P,L
A75A5C,N573JF,C180,CESSNA  180 Skywagon,L1P,L
A7615C,N575DW,L8,LUSCOMBE 8,L1P,L
A7685C,N5769X,C320,CESSNA 320 Skyknight,L2P,L
A76C5C,N578CJ,C25B,CESSNA 525B Citation CJ3,L2J,L
A76F5C,N5786S,GLID,,L0-,-
A7735C,N5798V,BE23,BEECH 23 Sundowner,L1P,L
A7785C,N58003,B06,BELL 206 JetRanger,H1T,L
A77D5C,N582AF,AVID,AVID Flyer,L1P,L
A78E5C,N586YD,BE9L,BEECH 90 King Air,L2T,L
A7975C,N589AE,B06,BELL 206 JetRanger,H1T,L
A79C5C,N59PJ,BE36,BEECH 36 Bonanza,L1P,L
A79F5C,N590WA,P68,PARTENAVIA P-68 Observer,L2P,L
A7AC5C,N594B,BE35,BEECH 35 Starfire Bonanza,L1P,L
A7B05C,N595DY,WT9,AEROSPOOL WT-9 Dynamic,L1P,L
A7B25C,N5950K,P28A,PIPER PA-28-140/150/160/180,L1P,L
A7B75C,N5969Z,PA22,PIPER PA-22,L1P,L
A7B95C,N597W,P28A,PIPER PA-28-140/150/160/180,L1P,L
A7BC5C,N598NS,DRON,,D0-,-
A7BE5C,N5986U,P28A,PIPER PA-28-140/150/160/180,L1P,L
A7C15C,N5991L,AA1,AMERICAN AA-1,L1P,L
A7C85C,N600MK,M600,PIPER PA-46-600TP,L1T,L
A7C95C,N600XR,LJ60,LEARJET 60,L2J,M
A7CB5C,N601EB,CH60,ZENAIR CH-600 Zodiac,L1P,L
A7CD5C,N6010P,PA24,PIPER PA-24 Comanche,L1P,L
A7CE5C,N60170,,,,
A7CF5C,N602H,EN28,ENSTROM F-28,H1P,L
A7D15C,N6022S,BE23,BEECH 23 Sundowner,L1P,L
A7D95C,N6046Y,PA23,PIPER PA-23,L2P,L
A7DC5C,N6051Q,M20P,MOONEY M-20,L1P,L
A7DE5C,N606JL,CL60,BOMBARDIER CL-600 Challenger,L2J,M
A7E05C,N6063T,C150,CESSNA 150,L1P,L
A7E45C,N6075W,P28A,PIPER PA-28-140/150/160/180,L1P,L
A7E55C,N608EA,C152,CESSNA 152,L1P,L
A7E75C,N6080N,BE23,BEECH 23 Sundowner,L1P,L
A7EB5C,N6092R,C172,CESSNA 172 Skyhawk,L1P,L
A7EE5C,N61WC,P180,PIAGGIO P-180 Avanti,L2T,L
A7EF5C,N610GH,PC12,PILATUS PC-12,L1T,L
A7F05C,N610SP,C172,CESSNA 172 Skyhawk,L1P,L
A7F25C,N6109L,AA1,AMERICAN AA-1,L1P,L
A7F45C,N611VM,P28A,PIPER PA-28-140/150/160/180,L1P,L
A7F95C,N6126F,C210,CESSNA 201 Centurion,L1P,L
A7FB5C,N613RB,LA25,LAKE LA-250,A1P,L
A7FD5C,N6138J,P32R,PIPER PA-32R-300/301/301T,L1P,L
A8005C,N6143A,PARA,,P0-,-
A8045C,N6155D,PA22,PIPER PA-22,L1P,L
A8075C,N616ZW,SR22,CIRRUS SR-22,L1P,L
A8135C,N6196E,C172,CESSNA 172 Skyhawk,L1P,L
A8155C,N62RA,LJ35,LEARJET 35,L2J,M
A8175C,N620MM,C180,CESSNA  180 Skywagon,L1P,L
A81A5C,N621ED,PA34,PIPER PA-34 Seneca,L2P,L
A81F5C,N622TH,EXEC,ROTORWAY Exec,H1P,L
A8245C,N6234X,BOLT,STEEN Skybolt,L1P,L
A8255C,N624CS,S22T,CIRRUS SR-22T Turbo,L1P,L
A82A5C,N625RW,PA32,PIPER PA-32,L1P,L
A82F5C,N6263V,BE35,BEECH 35 Starfire Bonanza,L1P,L
A8335C,N6275Y,P28R,PIPER PA-28R-180/200/201,L1P,L
A8345C,N628EC,SR22,CIRRUS SR-22,L1P,L
A8395C,N629TG,F2TH,DASSAULT Falcon 2000,L2J,M
A83A5C,N6292T,C150,CESSNA 150,L1P,L
A8415C,N6309N,CH7A,BELLANCA 7 Champion,L1P,L
A8425C,N631KH,DRON,,D0-,-
A8445C,N6314E,C172,CESSNA 172 Skyhawk,L1P,L
A85B5C,N6379M,C152,CESSNA 152,L1P,L
A85E5C,N6384D,C172,CESSNA 172 Skyhawk,L1P,L
A8645C,N64RC,,,,
A86C5C,N64174,C172,CESSNA 172 Skyhawk,L1P,L
A86E5C,N642TK,E35L,EMBRAER EMB-135 Legacy,L2J,M
A86F5C,N6422W,P28A,PIPER PA-28-140/150/160/180,L1P,L
A8705C,N64297,C172,CESSNA 172 Skyhawk,L1P,L
A87A5C,N6451U,M20P,MOONEY M-20,L1P,L
A87B5C,N64585,PTS1,PITTS S-1 Special,L1P,L
A8825C,N64750,DHC1,DE HAVILLAND DHC-1 Chipmunk,L1P,L
A8855C,N6480S,C150,CESSNA 150,L1P,L
A88C5C,N65WG,DHC2,DE HAVILLAND DHC-2 Beaver,L1P,L
A8955C,N652NH,H60,SIKORSKY UH-60 Black Hawk,H2T,M
A8975C,N6526K,S108,STINSON 108 Voyager,L1P,L
A89B5C,N6538N,T210,CESSNA T210 Turbo Centurion,L1P,L
A89E5C,N6543E,C172,CESSNA 172 Skyhawk,L1P,L
A8A25C,N6555H,ULAC,,L0-,-
A8AA5C,N6579P,PA24,PIPER PA-24 Comanche,L1P,L
A8AE5C,N659CA,CRJ7,BOMBARDIER Regional Jet CRJ-700,L2J,M
A8B25C,N66EZ,VEZE,RUTAN VariEze,L1P,L
A8B55C,N660MR,C182,CESSNA 182 Skylane,L1P,L
A8B75C,N66053,ST75,STEARMAN Kaydet,L1P,L
A8BD5C,N662TM,C82S,CESSNA T182 Turbo Skylane,L1P,L
A8BE5C,N6622Y,T210,CESSNA T210 Turbo Centurion,L1P,L
A8BF5C,N66299,ST75,STEARMAN Kaydet,L1P,L
A8C45C,N664PB,C82S,CESSNA T182 Turbo Skylane,L1P,L
A8C95C,N6651W,P28A,PIPER PA-28-140/150/160/180,L1P,L
A8CB5C,N666JS,BABY,CANADIAN HOME ROTORS Baby Belle,H1P,L
A8D75C,N669TL,R66,ROBINSON R-66,H1T,L
A8DB5C,N67WJ,C150,CESSNA 150,L1P,L
A8DE5C,N6702F,C150,CESSNA 150,L1P,L
A8E35C,N672CD,SR22,CIRRUS SR-22,L1P,L
A8E45C,N672NK,A321,AIRBUS A-321,L2J,M
A8EA5C,N6738Q,G164,GRUMMAN G-164 Ag-Cat,L1P,L
A8EE5C,N675AS,BE35,BEECH 35 Starfire Bonanza,L1P,L
A8F15C,N6755K,RC3,REPUBLIC RC-3 Seabee,A1P,L
A8F45C,N6760B,PA18,PIPER PA-18 Super Cub,L1P,L
A8F55C,N6767N,M20P,MOONEY M-20,L1P,L
A8FC5C,N6784H,J3,PIPER J-3 Cub,L1P,L
A9025C,N68RG,T40,TURNER T-40,L1P,L
A9035C,N680BM,DRON,,D0-,-
A9095C,N6810X,C172,CESSNA 172 Skyhawk,L1P,L
A90A5C,N68178,VALI,CONVAIR Valiant,L1P,L
A90D5C,N68220,C152,CESSNA 152,L1P,L
A9195C,N68589,L5,STINSON Sentinel,L1P,L
A91E5C,N687MS,RV8,VANS RV-8,L1P,L
A9205C,N68754,C152,CESSNA 152,L1P,L
A9235C,N6880W,P28A,PIPER PA-28-140/150/160/180,L1P,L
A9285C,N69,BE30,BEECH 300 Super King Air,L2T,L
A9295C,N69LE,T210,CESSNA T210 Turbo Centurion,L1P,L
A92A5C,N69WL,RV4,VANS RV-4,L1P,L
A92D5C,N6902H,J3,PIPER J-3 Cub,L1P,L
A9315C,N6914L,C310,CESSNA 310,L2P,L
A9325C,N692CF,PA44,PIPER PA-44 Seminole,L2P,L
A93E5C,N695M,N3N,NAVAL AIRCRAFT FACTORY N3N,L1P,L
A9405C,N6955M,HIGH,JUST JA20 Highlander,L1P,L
A9415C,N696DS,RV6,VANS RV-6,L1P,L
A94B5C,N6984K,PA20,PIPER PA-20 Pacer,L1P,L
A94F5C,N6996N,O1,CESSNA 305/341 Bird Dog,L1P,L
A9505C,N7FC,LGEZ,RUTAN Long-EZ,L1P,L
A9535C,N70MV,BE35,BEECH 35 Starfire Bonanza,L1P,L
A9555C,N700JF,AVID,AVID Flyer,L1P,L
A9595C,N701MD,T210,CESSNA T210 Turbo Centurion,L1P,L
A95C5C,N702DW,,,,
A95E5C,N7020H,J3,PIPER J-3 Cub,L1P,L
A95F5C,N7027U,R44,ROBINSON R-44 Raven,H1P,L
A9615C,N703T,BE35,BEECH 35 Starfire Bonanza,L1P,L
A9625C,N7032L,C310,CESSNA 310,L2P,L
A9635C,N7039X,C150,CESSNA 150,L1P,L
A9645C,N704KS,C150,CESSNA 150,L1P,L
A9655C,N704VY,C150,CESSNA 150,L1P,L
A9675C,N705CJ,DRON,,D0-,-
A9695C,N705YW,DRON,,D0-,-
A96E5C,N7068V,RS18,SPORTAVIA-PUTZER RS-180 Sportsman,L1P,L
A96F5C,N707JE,GLID,,L0-,-
A9755C,N7085Q,C182,CESSNA 182 Skylane,L1P,L
A97B5C,N71SZ,AS31,SCHLEICHER ASH-31,L1P,L
A9805C,N711GB,,,,
A9815C,N711SH,T18,THORP Tiger,L1P,L
A9825C,N71114,C182,CESSNA 182 Skylane,L1P,L
A9835C,N7119E,C182,CESSNA 182 Skylane,L1P,L
A9845C,N712K,BL8,BELLANCA 8 Decathlon,L1P,L
A9875C,N713BS,BE35,BEECH 35 Starfire Bonanza,L1P,L
A98C5C,N714QW,C150,CESSNA 150,L1P,L
A98D5C,N71402,L8,LUSCOMBE 8,L1P,L
A9915C,N71525,,,,
A9935C,N716LL,E55P,EMBRAER EMB-505 Phenom 300,L2J,M
A9965C,N717DC,BE20,BEECH 200 Super King Air,L2T,M
A99A5C,N718GA,GA7C,GULFSTREAM G700,L2J,M
A99C5C,N71813,L8,LUSCOMBE 8,L1P,L
A99D5C,N7189D,R22,ROBINSON R-22 Mariner,H1P,L
A9A05C,N71936,L8,LUSCOMBE 8,L1P,L
A9A15C,N72BR,BE36,BEECH 36 Bonanza,L1P,L
A9A25C,N72MX,SRAI,GREAT PLAINS Sonerai,L1P,L
A9A45C,N720JH,RV10,VANS RV-10,L1P,L
A9A75C,N721B,BE50,BEECH 50 Excalibur,L2P,L
A9AA5C,N7215T,C172,CESSNA 172 Skyhawk,L1P,L
A9AC5C,N722QD,ULAC,,L0-,-
A9AE5C,N7227W,BE36,BEECH 36 Bonanza,L1P,L
A9B15C,N7232N,C182,CESSNA 182 Skylane,L1P,L
A9B25C,N7239Z,PA25,PIPER PA-25 Pawnee,L1P,L
A9B55C,N7244R,BE58,BEECH 58 Baron,L2P,L
A9C05C,N7273P,PA24,PIPER PA-24 Comanche,L1P,L
A9C25C,N728ME,MT,ROTORSPORT MTOSport,G1P,L
A9C45C,N7285S,C150,CESSNA 150,L1P,L
A9C75C,N7290J,P28A,PIPER PA-28-140/150/160/180,L1P,L
A9CA5C,N73TA,C82T,CESSNA TR182 Turbo Skylane RG,L1P,L
A9CB5C,N730DF,ASTR,GULFSTREAM AEROSPACE Gulfstream G100,L2J,M
A9CE5C,N7307D,PA22,PIPER PA-22,L1P,L
A9CF5C,N731GD,C188,CESSNA 188 AgTruck,L1P,L
A9D05C,N731SK,BE95,BEECH 95 Travel Air,L2P,L
A9D15C,N73116,C172,CESSNA 172 Skyhawk,L1P,L
A9D25C,N7319G,C172,CESSNA 172 Skyhawk,L1P,L
A9D35C,N732KB,T210,CESSNA T210 Turbo Centurion,L1P,L
A9D95C,N7336B,C152,CESSNA 152,L1P,L
A9DA5C,N734ES,C172,CESSNA 172 Skyhawk,L1P,L
A9E55C,N737DE,C172,CESSNA 172 Skyhawk,L1P,L
A9EA5C,N738SJ,C172,CESSNA 172 Skyhawk,L1P,L
A9EE5C,N739VG,C172,CESSNA 172 Skyhawk,L1P,L
A9EF5C,N73938,C172,CESSNA 172 Skyhawk,L1P,L
A9F05C,N74BT,BE36,BEECH 36 Bonanza,L1P,L
A9F95C,N7415V,M20P,MOONEY M-20,L1P,L
A9FA5C,N742E,CL30,BOMBARDIER BD-100 Challenger 300,L2J,M
A9FC5C,N7420M,C175,CESSNA 175 Skylark,L1P,L
AA005C,N7432Q,C182,CESSNA 182 Skylane,L1P,L
AA045C,N7444T,C172,CESSNA 172 Skyhawk,L1P,L
AA095C,N746FL,ULAC,,L0-,-
AA0A5C,N746RS,SREY,PROGRESSIVE AERODYNE SeaRey,A1P,L
AA0B5C,N7461N,BE35,BEECH 35 Starfire Bonanza,L1P,L
AA0C5C,N7468Z,PA25,PIPER PA-25 Pawnee,L1P,L
AA0D5C,N747JJ,C25A,CESSNA 525A Citation CJ2,L2J,L
AA0F5C,N7473R,P28A,PIPER PA-28-140/150/160/180,L1P,L
AA105C,N748BA,L39,LET L-39 Albatros,L1J,L
AA115C,N748MG,C310,CESSNA 310,L2P,L
AA175C,N7497X,C172,CESSNA 172 Skyhawk,L1P,L
AA195C,N75TC,C172,CESSNA 172 Skyhawk,L1P,L
AA1A5C,N750DH,CH75,ZENAIR CH-750 Cruzer,L1P,L
AA1B5C,N750PP,CH75,ZENAIR CH-750 Cruzer,L1P,L
AA1C5C,N750ZV,CH75,ZENAIR CH-750 Cruzer,L1P,L
AA1D5C,N7507F,CH7A,BELLANCA 7 Champion,L1P,L
AA215C,N7519J,BALL,,B0-,-
AA245C,N7524A,BALL,,B0-,-
AA2A5C,N754R,R44,ROBINSON R-44 Raven,H1P,L
AA2C5C,N7548G,C172,CESSNA 172 Skyhawk,L1P,L
AA2D5C,N755HS,SR22,CIRRUS SR-22,L1P,L
AA2F5C,N75529,C172,CESSNA 172 Skyhawk,L1P,L
AA315C,N756LQ,C182,CESSNA 182 Skylane,L1P,L
AA325C,N756WW,C182,CESSNA 182 Skylane,L1P,L
AA345C,N757DG,C82R,CESSNA R182 Skylane RG,L1P,L
AA365C,N757ZU,C152,CESSNA 152,L1P,L
AA375C,N7577E,CH7A,BELLANCA 7 Champion,L1P,L
AA395C,N758SL,C550,CESSNA 550 Citation S2,L2J,L
AA3A5C,N75817,ST75,STEARMAN Kaydet,L1P,L
AA3C5C,N759KC,C182,CESSNA 182 Skylane,L1P,L
AA3D5C,N759VJ,C182,CESSNA 182 Skylane,L1P,L
AA405C,N76NA,PA23,PIPER PA-23,L2P,L
AA425C,N760JM,M7,MAULE M-7,L1P,L
AA455C,N761BD,T210,CESSNA T210 Turbo Centurion,L1P,L
AA485C,N7615X,C172,CESSNA 172 Skyhawk,L1P,L
AA4B5C,N7620P,PA18,PIPER PA-18 Super Cub,L1P,L
AA4F5C,N7632S,CH7B,BELLANCA 7 Citabria,L1P,L
AA505C,N76393,C140,CESSNA 140,L1P,L
AA5A5C,N7661Q,C310,CESSNA 310,L2P,L
AA5E5C,N7673T,C172,CESSNA 172 Skyhawk,L1P,L
AA635C,N769EA,C402,CESSNA 402 Businessliner,L2P,L
AA655C,N7690N,BE36,BEECH 36 Bonanza,L1P,L
AA675C,N77GZ,C182,CESSNA 182 Skylane,L1P,L
AA685C,N77TE,EA50,ECLIPSE 550,L2J,L
AA695C,N770DK,M20P,MOONEY M-20,L1P,L
AA6A5C,N770PR,P28A,PIPER PA-28-140/150/160/180,L1P,L
AA6E5C,N771SP,C82S,CESSNA T182 Turbo Skylane,L1P,L
AA6F5C,N7712,ULAC,,L0-,-
AA735C,N7724C,PA34,PIPER PA-34 Seneca,L2P,L
AA755C,N773ND,P28A,PIPER PA-28-140/150/160/180,L1P,L
AA795C,N774RB,DSA1,SMITH DSA-1 Miniplane,L1P,L
AA7B5C,N7748J,PA32,PIPER PA-32,L1P,L
AA7E5C,N7753A,A5,ICON A-5,A1P,L
AA7F5C,N776AL,B407,BELL 407,H1T,L
AA835C,N777DJ,LGEZ,RUTAN Long-EZ,L1P,L
AA855C,N777ZW,DA40,DIAMOND DA-40 Club Star,L1P,L
AA865C,N7777G,PA46,PIPER PA-46-310/350,L1P,L
AA895C,N77819,L8,LUSCOMBE 8,L1P,L
AA8F5C,N78NC,EC45,AIRBUS HELICOPTERS EC-145,H2T,L
AA955C,N781MM,E550,EMBRAER EMB-550 Praetor 600,L2J,M
AA9A5C,N7820R,BE35,BEECH 35 Starfire Bonanza,L1P,L
AA9D5C,N783TH,PISI,PIPSTREL Sinus,L1P,L
AA9E5C,N7832U,C172,CESSNA 172 Skyhawk,L1P,L
AA9F5C,N78395,C172,CESSNA 172 Skyhawk,L1P,L
AAA25C,N7844X,C172,CESSNA 172 Skyhawk,L1P,L
AAA35C,N785CS,DRON,,D0-,-
AAA95C,N7861S,B47G,BELL 47G,H1P,L
AAAD5C,N7873V,M20P,MOONEY M-20,L1P,L
AAB15C,N7885Y,PA30,PIPER PA-30 Twin Comanche,L2P,L
AAB65C,N79HA,P28A,PIPER PA-28-140/150/160/180,L1P,L
AAB85C,N790DM,C310,CESSNA 310,L2P,L
AABF5C,N7919N,P28A,PIPER PA-28-140/150/160/180,L1P,L
AACD5C,N7953C,P28A,PIPER PA-28-140/150/160/180,L1P,L
AACE5C,N796AN,B772,BOEING 777-200,L2J,H
AAD15C,N7965F,P28A,PIPER PA-28-140/150/160/180,L1P,L
AAD25C,N797DL,COZY,CO-Z Cozy,L1P,L
AAD85C,N7982A,RV9,VANS RV-9,L1P,L
AADD5C,N8BZ,LA4,LAKE LA-4/200,A1P,L
AADF5C,N8YL,R44,ROBINSON R-44 Raven,H1P,L
AAE25C,N800FB,P28A,PIPER PA-28-140/150/160/180,L1P,L
AAE35C,N800RH,,,,
AAE45C,N8001D,PA22,PIPER PA-22,L1P,L
AAE65C,N801J,PC12,PILATUS PC-12,L1T,L
AAEB5C,N802XD,RV8,VANS RV-8,L1P,L
AAF85C,N806CC,DRON,,D0-,-
AAFE5C,N8071C,,,,
AAFF5C,N8078P,PA24,PIPER PA-24 Comanche,L1P,L
AB025C,N8083F,BE36,BEECH 36 Bonanza,L1P,L
AB065C,N8095J,BE33,BEECH 33 Bonanza,L1P,L
AB075C,N81DP,ST75,STEARMAN Kaydet,L1P,L
AB0A5C,N810LF,AS50,AEROSPATIALE AS-350 Ecureuil,H1T,L
AB105C,N81166,AA5,AMERICAN AA-5 Tiger,L1P,L
AB125C,N812SB,UH1,BELL UH-1 Huey,H1T,L
AB145C,N81289,AA5,AMERICAN AA-5 Tiger,L1P,L
AB165C,N813V,F2TH,DASSAULT Falcon 2000,L2J,M
AB175C,N81331,FA24,FAIRCHILD F-24 Argus,L1P,L
AB185C,N814BL,TAYB,TAYLORCRAFT BC/BF/BL,L1P,L
AB195C,N814MS,P28A,PIPER PA-28-140/150/160/180,L1P,L
AB1E5C,N8150W,P28A,PIPER PA-28-140/150/160/180,L1P,L
AB1F5C,N81577,CH7A,BELLANCA 7 Champion,L1P,L
AB235C,N817,C180,CESSNA  180 Skywagon,L1P,L
AB265C,N81742,CH7A,BELLANCA 7 Champion,L1P,L
AB285C,N818PC,P210,CESSNA P210 Centurion,L1P,L
AB2A5C,N81865,TBM,GRUMMAN G-40 Avenger,L1P,M
AB2C5C,N819SA,PC12,PILATUS PC-12,L1T,L
AB2D5C,N8191X,P28A,PIPER PA-28-140/150/160/180,L1P,L
AB2E5C,N81988,P28A,PIPER PA-28-140/150/160/180,L1P,L
AB2F5C,N82JT,BE35,BEECH 35 Starfire Bonanza,L1P,L
AB335C,N8201F,C150,CESSNA 150,L1P,L
AB355C,N821JB,A320,AIRBUS A-320,L2J,M
AB375C,N8213J,PTS2,PITTS S-2 Special,L1P,L
AB395C,N822M,BE35,BEECH 35 Starfire Bonanza,L1P,L
AB3B5C,N8225M,C210,CESSNA 201 Centurion,L1P,L
AB3E5C,N8230D,BE35,BEECH 35 Starfire Bonanza,L1P,L
AB3F5C,N8237Q,C340,CESSNA 340 Super,L2P,L
AB415C,N824SW,RV4,VANS RV-4,L1P,L
AB425C,N8242G,C77R,CESSNA 177RG Cardinal RG,L1P,L
AB435C,N8249T,C175,CESSNA 175 Skylark,L1P,L
AB475C,N826CE,R66,ROBINSON R-66,H1T,L
AB4C5C,N827RJ,PA46,PIPER PA-46-310/350,L1P,L
AB4E5C,N8278R,BL17,BELLANCA 17 Viking,L1P,L
AB565C,N83DR,SRAI,GREAT PLAINS Sonerai,L1P,L
AB5A5C,N830WP,AT8T,AIR TRACTOR AT-802,L1T,M
AB5C5C,N831D,EFOX,AEROPRO Eurofox,L1P,L
AB5F5C,N83168,CH7A,BELLANCA 7 Champion,L1P,L
AB625C,N83210,PA32,PIPER PA-32,L1P,L
AB635C,N8329A,C170,CESSNA 170,L1P,L
AB695C,N834Y,SKRA,BEST OFF Sky Ranger,L1P,L
AB6C5C,N835QS,C700,CESSNA 700 Citation Longitude,L2J,M
AB6D5C,N8350Y,PA30,PIPER PA-30 Twin Comanche,L2P,L
AB6E5C,N83579,PA18,PIPER PA-18 Super Cub,L1P,L
AB7C5C,N8391Z,C210,CESSNA 201 Centurion,L1P,L
AB7F5C,N84VA,PRM1,RAYTHEON 390 Premier 1,L2J,L
AB835C,N8408U,C172,CESSNA 172 Skyhawk,L1P,L
AB865C,N8413L,C172,CESSNA 172 Skyhawk,L1P,L
AB875C,N842AW,C700,CESSNA 700 Citation Longitude,L2J,M
AB885C,N842MB,LJ45,LEARJET 45,L2J,M
AB8A5C,N8425P,P32R,PIPER PA-32R-300/301/301T,L1P,L
AB8E5C,N8437S,C182,CESSNA 182 Skylane,L1P,L
AB905C,N844SY,B738,BOEING 737-800,L2J,M
AB955C,N8454M,C182,CESSNA 182 Skylane,L1P,L
AB975C,N846NN,B738,BOEING 737-800,L2J,M
AB995C,N8466Q,C185,CESSNA 185 Skywagon,L1P,L
AB9A5C,N847FE,C208,CESSNA 208 Caravan,L1T,L
AB9D5C,N8478T,B47G,BELL 47G,H1P,L
ABA05C,N8483K,G164,GRUMMAN G-164 Ag-Cat,L1P,L
ABA45C,N8495N,,,,
ABA55C,N85DT,C185,CESSNA 185 Skywagon,L1P,L
ABA65C,N85PZ,,,,
ABA75C,N850AD,TBM7,SOCATA TBM-700A/B/C,L1T,L
ABA95C,N850WR,AT5T,AIR TRACTOR AT-504,L1T,L
ABAB5C,N851DB,C25A,CESSNA 525A Citation CJ2,L2J,L
ABAE5C,N8517,,,,
ABB05C,N852SF,,,,
ABB55C,N85335,CH7A,BELLANCA 7 Champion,L1P,L
ABBB5C,N855QU,,,,
ABBC5C,N85500,ULAC,,L0-,-
ABBD5C,N8558A,BE35,BEECH 35 Starfire Bonanza,L1P,L
ABC15C,N857AC,CH7A,BELLANCA 7 Champion,L1P,L
ABC55C,N858DA,SR20,CIRRUS SR-20,L1P,L
ABC65C,N858PG,S22T,CIRRUS SR-22T Turbo,L1P,L
ABCC5C,N8599B,C172,CESSNA 172 Skyhawk,L1P,L
ABD15C,N8601K,S108,STINSON 108 Voyager,L1P,L
ABE05C,N8642L,PA25,PIPER PA-25 Pawnee,L1P,L
ABE45C,N8654P,PA24,PIPER PA-24 Comanche,L1P,L
ABE85C,N8666S,C150,CESSNA 150,L1P,L
ABEB5C,N8671J,C150,CESSNA 150,L1P,L
ABF25C,N869XJ,DRON,,D0-,-
ABF85C,N870WT,BL8,BELLANCA 8 Decathlon,L1P,L
ABFA5C,N871DD,DRON,,D0-,-
ABFD5C,N8717B,C172,CESSNA 172 Skyhawk,L1P,L
ABFF5C,N872SH,AS50,AEROSPATIALE AS-350 Ecureuil,H1T,L
AC045C,N87337,E75L,EMBRAER ERJ-170-200 (long wing),L2J,M
AC085C,N8746,GLID,,L0-,-
AC0C5C,N8758C,PA18,PIPER PA-18 Super Cub,L1P,L
AC0D5C,N876HN,DRON,,D0-,-
AC0E5C,N876TU,GLSP,NEW GLASTAR Sportsman 2+2,L1P,L
AC145C,N878DC,CH75,ZENAIR CH-750 Cruzer,L1P,L
AC175C,N8787A,BE35,BEECH 35 Starfire Bonanza,L1P,L
AC195C,N879SG,S108,STINSON 108 Voyager,L1P,L
AC1A5C,N87913,J3,PIPER J-3 Cub,L1P,L
AC1B5C,N8799D,PA18,PIPER PA-18 Super Cub,L1P,L
AC1D5C,N88VE,VEZE,RUTAN VariEze,L1P,L
AC1F5C,N880RR,C25C,CESSNA 525C Citation CJ4,L2J,M
AC205C,N8801M,BE95,BEECH 95 Travel Air,L2P,L
AC215C,N8808Y,PA30,PIPER PA-30 Twin Comanche,L2P,L
AC235C,N881UP,BE30,BEECH 300 Super King Air,L2T,L
AC245C,N8813Q,B38M,BOEING 737 MAX 8,L2J,M
AC305C,N8849Z,C172,CESSNA 172 Skyhawk,L1P,L
AC375C,N8866U,C172,CESSNA 172 Skyhawk,L1P,L
AC3C5C,N888JG,GC1,GLOBE Swift,L1P,L
AC3E5C,N8883P,PA24,PIPER PA-24 Comanche,L1P,L
AC445C,N89QC,PA18,PIPER PA-18 Super Cub,L1P,L
AC485C,N8905A,BE35,BEECH 35 Starfire Bonanza,L1P,L
AC495C,N891DF,C208,CESSNA 208 Caravan,L1T,L
AC4A5C,N891PM,UH1,BELL UH-1 Huey,H1T,L
AC515C,N893KB,MU2,MITSUBISHI MU-2 Marquise,L2T,L
AC575C,N8946B,C172,CESSNA 172 Skyhawk,L1P,L
AC5A5C,N89504,C140,CESSNA 140,L1P,L
AC5D5C,N896TW,C525,CESSNA 525 CitationJet,L2J,L
AC625C,N8975,B47G,BELL 47G,H1P,L
AC665C,N8987C,P32R,PIPER PA-32R-300/301/301T,L1P,L
AC675C,N899GC,GB1,GAME COMPOSITES GameBird,L1P,L
AC6C5C,N9VG,GLAS,Glasair,L1P,L
AC6D5C,N90FM,BE30,BEECH 300 Super King Air,L2T,L
AC6E5C,N90RT,BE9T,BEECH F90 King Air,L2T,L
AC725C,N9006F,P32R,PIPER PA-32R-300/301/301T,L1P,L
AC735C,N901EW,DRON,,D0-,-
AC755C,N90108,AT3T,AIR TRACTOR AT-302/402,L1T,L
AC795C,N9023A,BALL,,B0-,-
AC7E5C,N904DJ,BE9L,BEECH 90 King Air,L2T,L
AC815C,N9047G,C150,CESSNA 150,L1P,L
AC855C,N9059K,SPST,REARWIN Sportster,L1P,L
AC885C,N9064B,CH7A,BELLANCA 7 Champion,L1P,L
AC8D5C,N908EV,CRJ2,BOMBARDIER Regional Jet CRJ-200,L2J,M
AC8E5C,N908RA,BALL,,B0-,-
AC915C,N909HT,C25A,CESSNA 525A Citation CJ2,L2J,L
AC935C,N9093,EN28,ENSTROM F-28,H1P,L
AC955C,N91LR,AVID,AVID Flyer,L1P,L
AC995C,N9102U,BALL,,B0-,-
AC9B5C,N911L,C140,CESSNA 140,L1P,L
AC9C5C,N911WF,EN48,ENSTROM TH-28,H1T,L
AC9D5C,N9114X,C182,CESSNA 182 Skylane,L1P,L
AC9E5C,N912CS,ULAC,,L0-,-
ACA15C,N91260,PA18,PIPER PA-18 Super Cub,L1P,L
ACA55C,N91383,PA38,PIPER PA-38 Tomahawk,L1P,L
ACA85C,N9143V,PA18,PIPER PA-18 Super Cub,L1P,L
ACA95C,N915BE,A119,AGUSTA AW-119 Koala,H1T,L
ACAA5C,N915ML,COL4,CESSNA 400 Corvalis TT,L1P,L
ACAC5C,N9155Y,M20P,MOONEY M-20,L1P,L
ACB05C,N91671,NAVI,NORTH AMERICAN Navion,L1P,L
ACB15C,N917HA,,,,
ACB35C,N9172T,GLID,,L0-,-
ACB45C,N91794,PARA,,P0-,-
ACBA5C,N919ZC,,,,
ACBB5C,N9196Z,AT5T,AIR TRACTOR AT-504,L1T,L
ACBC5C,N92FP,ULAC,,L0-,-
ACBD5C,N92RV,RV12,VANS RV-12,L1P,L
ACBE5C,N920C,PA46,PIPER PA-46-310/350,L1P,L
ACC05C,N920YM,DRON,,D0-,-
ACC45C,N9211,,,,
ACC55C,N9218L,AA1,AMERICAN AA-1,L1P,L
ACC85C,N9223C,C172,CESSNA 172 Skyhawk,L1P,L
ACC95C,N923AN,B738,BOEING 737-800,L2J,M
ACCB5C,N923X,GLID,,L0-,-
ACCE5C,N924PS,LJ60,LEARJET 60,L2J,M
ACD05C,N9247J,P28A,PIPER PA-28-140/150/160/180,L1P,L
ACD35C,N9252A,,,,
ACD45C,N9259M,FOX,KITFOX,L1P,L
ACD75C,N9264D,PA18,PIPER PA-18 Super Cub,L1P,L
ACDF5C,N9288K,P28A,PIPER PA-28-140/150/160/180,L1P,L
ACE25C,N9293B,P28A,PIPER PA-28-140/150/160/180,L1P,L
ACE35C,N93AM,BE9T,BEECH F90 King Air,L2T,L
ACE95C,N93097,,,,
ACEE5C,N932P,RV4,VANS RV-4,L1P,L
ACF05C,N93262,T210,CESSNA T210 Turbo Centurion,L1P,L
ACF75C,N9343X,C182,CESSNA 182 Skylane,L1P,L
ACFB5C,N93550,C152,CESSNA 152,L1P,L
ACFF5C,N93673,C172,CESSNA 172 Skyhawk,L1P,L
AD025C,N9372V,M20P,MOONEY M-20,L1P,L
AD0A5C,N93961,ERCO,AIR PRODUCTS F-1 Aircoupe,L1P,L
AD0B5C,N94FR,RLU1,RLU Super Breezy,L1P,L
AD0D5C,N940CB,AS24,SCHLEICHER ASW-24,L1P,L
AD105C,N9406K,S108,STINSON 108 Voyager,L1P,L
AD165C,N942UD,,,,
AD175C,N9423E,AR11,AERONCA 11 Chief,L1P,L
AD1C5C,N944DN,MD90,MCDONNELL-DOUGLAS MD-90,L2J,M
AD1E5C,N9440,BE18,BEECH 18 Expetitor,L2P,L
AD1F5C,N9447L,C172,CESSNA 172 Skyhawk,L1P,L
AD225C,N9452C,P32R,PIPER PA-32R-300/301/301T,L1P,L
AD235C,N9459P,PA24,PIPER PA-24 Comanche,L1P,L
AD2A5C,N9476J,P28A,PIPER PA-28-140/150/160/180,L1P,L
AD2D5C,N9481A,C140,CESSNA 140,L1P,L
AD2E5C,N9488M,C182,CESSNA 182 Skylane,L1P,L
AD315C,N9493D,PA18,PIPER PA-18 Super Cub,L1P,L
AD325C,N95AP,P32R,PIPER PA-32R-300/301/301T,L1P,L
AD365C,N950TM,B350,BEECHCRAFT Super King Air 350,L2T,M
AD375C,N9502Y,T210,CESSNA T210 Turbo Centurion,L1P,L
AD3F5C,N95264,P28A,PIPER PA-28-140/150/160/180,L1P,L
AD445C,N954JS,C750,CESSNA 750 Citation 10,L2J,M
AD475C,N955BJ,RV6,VANS RV-6,L1P,L
AD4A5C,N95552,,,,
AD4D5C,N9560U,AA1,AMERICAN AA-1,L1P,L
AD515C,N9572X,C210,CESSNA 201 Centurion,L1P,L
AD555C,N95840,C152,CESSNA 152,L1P,L
AD595C,N95963,C182,CESSNA 182 Skylane,L1P,L
AD5A5C,N96FT,G280,GULFSTREAM G280,L2J,M
AD5D5C,N960NK,A20N,AIRBUS A-320neo,L2J,M
AD645C,N962J,C550,CESSNA 550 Citation S2,L2J,L
AD665C,N9623G,C188,CESSNA 188 AgTruck,L1P,L
AD6A5C,N9635K,P28B,PIPER PA-28-201T/235/236,L1P,L
AD6D5C,N9640B,C180,CESSNA  180 Skywagon,L1P,L
AD715C,N9652E,BL17,BELLANCA 17 Viking,L1P,L
AD795C,N9676L,AA1,AMERICAN AA-1,L1P,L
AD7A5C,N968FA,GLF6,GULFSTREAM G650,L2J,M
AD7D5C,N9688P,PA18,PIPER PA-18 Super Cub,L1P,L
AD825C,N97LX,S22T,CIRRUS SR-22T Turbo,L1P,L
AD835C,N97XC,CC19,CUB CRAFTERS CC-19 XCub,L1P,L
AD8E5C,N97266,C172,CESSNA 172 Skyhawk,L1P,L
AD905C,N973SB,GLF5,GULFSTREAM 5,L2J,M
AD915C,N9731Y,BE35,BEECH 35 Starfire Bonanza,L1P,L
AD925C,N97389,S108,STINSON 108 Voyager,L1P,L
AD955C,N97431,S108,STINSON 108 Voyager,L1P,L
AD995C,N97554,S108,STINSON 108 Voyager,L1P,L
AD9C5C,N9760W,P28A,PIPER PA-28-140/150/160/180,L1P,L
AD9E5C,N977HG,H25B,HAWKER BEECHCRAFT Hawker 750/850,L2J,M
ADA05C,N9772Z,BE18,BEECH 18 Expetitor,L2P,L
ADA15C,N978,C310,CESSNA 310,L2P,L
ADA45C,N97842,S108,STINSON 108 Voyager,L1P,L
ADA65C,N979PC,C510,CESSNA 510 Citation Mustang,L2J,L
ADAA5C,N98SA,PA18,PIPER PA-18 Super Cub,L1P,L
ADAE5C,N9806P,PA25,PIPER PA-25 Pawnee,L1P,L
ADB35C,N982JB,A321,AIRBUS A-321,L2J,M
ADBA5C,N984DS,C310,CESSNA 310,L2P,L
ADBC5C,N9840D,PA22,PIPER PA-22,L1P,L
ADBF5C,N985SW,BE17,BEECH 17 Staggerwing,L1P,L
ADC15C,N9859T,C172,CESSNA 172 Skyhawk,L1P,L
ADC55C,N987CE,H25B,HAWKER BEECHCRAFT Hawker 750/850,L2J,M
ADCB5C,N9881E,C182,CESSNA 182 Skylane,L1P,L
ADCF5C,N9893H,C82R,CESSNA R182 Skylane RG,L1P,L
ADD05C,N99AT,LJ31,LEARJET 31,L2J,M
ADD45C,N990TR,RV10,VANS RV-10,L1P,L
ADD65C,N991AB,BE77,BEECH 77 Skipper,L1P,L
ADDD5C,N99268,ST75,STEARMAN Kaydet,L1P,L
ADDF5C,N993SD,AS50,AEROSPATIALE AS-350 Ecureuil,H1T,L
ADE05C,N99310,ERCO,AIR PRODUCTS F-1 Aircoupe,L1P,L
ADE45C,N99433,ERCO,AIR PRODUCTS F-1 Aircoupe,L1P,L
ADEB5C,N9960Y,,,,
ADEF5C,N99721,ERCO,AIR PRODUCTS F-1 Aircoupe,L1P,L
ADF05C,N998AA,DRON,,D0-,-
ADF45C,N999CZ,BE99,BEECH 99 Airliner,L2T,L
ADF55C,N999PE,MAGN,AVID Magnum,L1P,L
ADFE5C,90-1793,C130,LOCKHEED C-130 Hercules,L4T,M
ADFF5C,68-8136,T38,NORTHROP T-38 Talon,L2J,L
AE005C,66-4325,T38,NORTHROP T-38 Talon,L2J,L
AE025C,58-0034,K35R,BOEING KC-135R/T Stratotanker,L4J,H
AE035C,58-0062,K35R,BOEING KC-135R/T Stratotanker,L4J,H
AE045C,162168,C2,GRUMMAN C-2 Greyhound,L2T,M
AE055C,84-0061,C5M,LOCKHEED C-5 Super Galaxy,L4J,H
AE065C,59-1507,K35R,BOEING KC-135R/T Stratotanker,L4J,H
AE075C,84-0147,BE20,BEECH 200 Super King Air,L2T,M
AE095C,80-1081,U2,LOCKHEED U-2,L1J,M
AE0A5C,95-26647,H60,SIKORSKY UH-60 Black Hawk,H2T,M
AE0C5C,92-26449,H60,SIKORSKY UH-60 Black Hawk,H2T,M
AE0D5C,78-22982,H60,SIKORSKY UH-60 Black Hawk,H2T,M
AE0E5C,97-26762,H60,SIKORSKY UH-60 Black Hawk,H2T,M
AE145C,06-6158,C17,BOEING C-17 Globemaster 3,L4J,H
AE155C,02-05323,H64,MCDONNELL DOUGLAS AH-64 Apache,H2T,M
AE1E5C,07-3892,TEX2,BEECHCRAFT T-6 Texan 2,L1T,L
AE1F5C,08-72077,EC45,AIRBUS HELICOPTERS EC-145,H2T,L
AE205C,14-72333,EC45,AIRBUS HELICOPTERS EC-145,H2T,L
AE215C,04-27008,H60,SIKORSKY UH-60 Black Hawk,H2T,M
AE265C,6502,AS65,AEROSPATIALE AS-365 Dauphin 2,H2T,L
AE2F5C,09-0635,B350,BEECHCRAFT Super King Air 350,L2T,M
AE485C,08-20150,H60,SIKORSKY UH-60 Black Hawk,H2T,M
AE4B5C,162012,H53,SIKORSKY CH-53,H2T,M
AE565C,12-20478,H60,SIKORSKY UH-60 Black Hawk,H2T,M
AE595C,14-5788,C30J,LOCKHEED MARTIN C-130J Super Hercules,L4T,M
AE5A5C,15-72368,EC45,AIRBUS HELICOPTERS EC-145,H2T,L
AE5C5C,169330,P8,BOEING P-8 Poseidon,L2J,M
AE5D5C,16-20851,H60,SIKORSKY UH-60 Black Hawk,H2T,M
AE5E5C,16-20916,H60,SIKORSKY UH-60 Black Hawk,H2T,M
AE695C,19-5934,C30J,LOCKHEED MARTIN C-130J Super Hercules,L4T,M
AE6C5C,20-03318,H64,MCDONNELL DOUGLAS AH-64 Apache,H2T,M
C0005C,C-FADN,GLID,,L0-,-
C0015C,C-FANJ,PC12,PILATUS PC-12,L1T,L
C0025C,C-FAXF,D11,JODEL D-11x/12x,L1P,L
C0035C,C-FBHB,AS55,AEROSPATIALE AS-355 Ecureuil 2,H2T,L
C0045C,C-FBQX,C172,CESSNA 172 Skyhawk,L1P,L
C0055C,C-FCAT,DHC2,DE HAVILLAND DHC-2 Beaver,L1P,L
C0065C,C-FCKP,C150,CESSNA 150,L1P,L
C0075C,C-FCUL,C206,CESSNA  206 Stationair,L1P,L
C0085C,C-FDEH,C150,CESSNA 150,L1P,L
C0095C,C-FDOD,B412,BELL 412,H2T,L
C00B5C,C-FEHV,,,,
C00C5C,C-FERR,PA12,PIPER PA-12 Super Cruiser,L1P,L
C00D5C,C-FFBN,C170,CESSNA 170,L1P,L
C00E5C,C-FFLJ,B738,BOEING 737-800,L2J,M
C00F5C,C-FFVF,C120,CESSNA 120,L1P,L
C0105C,C-FGFB,RV7,VANS RV-7,L1P,L
C0115C,C-FGOX,C170,CESSNA 170,L1P,L
C0125C,C-FGYT,DHC2,DE HAVILLAND DHC-2 Beaver,L1P,L
C0145C,C-FHSL,C140,CESSNA 140,L1P,L
C0155C,C-FICH,C170,CESSNA 170,L1P,L
C0165C,C-FIMD,C172,CESSNA 172 Skyhawk,L1P,L
C0175C,C-FIVZ,PA24,PIPER PA-24 Comanche,L1P,L
C0195C,C-FJPR,PA12,PIPER PA-12 Super Cruiser,L1P,L
C01A5C,C-FJZN,CRJ9,BOMBARDIER Regional Jet CRJ-900,L2J,M
C01B5C,C-FKJJ,C172,CESSNA 172 Skyhawk,L1P,L
C01C5C,C-FKTF,,,,
C01D5C,C-FLDB,PA22,PIPER PA-22,L1P,L
C01E5C,C-FLMX,,,,
C01F5C,C-FLWT,C180,CESSNA  180 Skywagon,L1P,L
C0205C,C-FMGP,B350,BEECHCRAFT Super King Air 350,L2T,M
C0215C,C-FMQL,C172,CESSNA 172 Skyhawk,L1P,L
C0225C,C-FNAH,T6,NORTH AMERICAN T-6 Texan,L1P,L
C0235C,C-FNKD,C175,CESSNA 175 Skylark,L1P,L
C0245C,C-FNTZ,CH7A,BELLANCA 7 Champion,L1P,L
C0265C,C-FONR,BE35,BEECH 35 Starfire Bonanza,L1P,L
C0275C,C-FOXN,ULAC,,L0-,-
C0285C,C-FPHJ,PA34,PIPER PA-34 Seneca,L2P,L
C0295C,C-FPRF,C180,CESSNA  180 Skywagon,L1P,L
C02B5C,C-FQKX,,,,
C02D5C,C-FREP,,,,
C02E5C,C-FROL,PA30,PIPER PA-30 Twin Comanche,L2P,L
C0305C,C-FSID,R22,ROBINSON R-22 Mariner,H1P,L
C0315C,C-FSRZ,DH8D,DE HAVILLAND DHC-8-400 Dash 8,L2T,M
C0325C,C-FTBV,J3,PIPER J-3 Cub,L1P,L
C0365C,C-FUPF,C150,CESSNA 150,L1P,L
C0375C,C-FUZB,ERCO,AIR PRODUCTS F-1 Aircoupe,L1P,L
C0395C,C-FVST,ULAC,,L0-,-
C03A5C,C-FWCP,,,,
C03B5C,C-FWML,C172,CESSNA 172 Skyhawk,L1P,L
C03C5C,C-FWWH,C188,CESSNA 188 AgTruck,L1P,L
C03D5C,C-FXGD,PA24,PIPER PA-24 Comanche,L1P,L
C03E5C,C-FXPZ,M20P,MOONEY M-20,L1P,L
C03F5C,C-FXZV,C150,CESSNA 150,L1P,L
C0405C,C-FYJR,,,,
C0415C,C-FYTN,P28A,PIPER PA-28-140/150/160/180,L1P,L
C0425C,C-FZDJ,GLID,,L0-,-
C0445C,C-FZXB,AVID,AVID Flyer,L1P,L
C0455C,C-GAGX,CH60,ZENAIR CH-600 Zodiac,L1P,L
C0465C,C-GAQT,B407,BELL 407,H1T,L
C0475C,C-GBAP,PC12,PILATUS PC-12,L1T,L
C04A5C,C-GCED,C185,CESSNA 185 Skywagon,L1P,L
C04B5C,C-GCNZ,B733,BOEING 737-300,L2J,M
C04C5C,C-GCXV,C172,CESSNA 172 Skyhawk,L1P,L
C04D5C,C-GDHR,C172,CESSNA 172 Skyhawk,L1P,L
C04E5C,C-GDRN,M20P,MOONEY M-20,L1P,L
C04F5C,C-GEBJ,UHEL,,H0-,-
C0505C,C-GELF,CH25,ZENAIR CH-250 Zenith,L1P,L
C0515C,C-GEVB,MIMU,BUSHBY Midget Mustang,L1P,L
C0525C,C-GFEX,CH65,ZENAIR CH-650 Zodiac,L1P,L
C0535C,C-GFOT,BALL,,B0-,-
C0545C,C-GFYP,BALL,,B0-,-
C0555C,C-GGIL,,,,
C0565C,C-GGSH,C140,CESSNA 140,L1P,L
C0575C,C-GHCD,AS55,AEROSPATIALE AS-355 Ecureuil 2,H2T,L
C0585C,C-GHLZ,R22,ROBINSON R-22 Mariner,H1P,L
C0595C,C-GHVV,DHC6,DE HAVILLAND DHC-6 Twin Otter,L2T,L
C05B5C,C-GIPN,TNDR,DREAM Tundra,L1P,L
C05C5C,C-GIZJ,,,,
C05D5C,C-GJJF,BE10,BEECH 100 King Air,L2T,L
C05E5C,C-GJTB,AT5T,AIR TRACTOR AT-504,L1T,L
C0605C,C-GKMT,C425,CESSNA 425 Corsair,L2T,L
C0615C,C-GKWP,SVNH,AEROTEC Savannah,L1P,L
C0625C,C-GLGL,PA18,PIPER PA-18 Super Cub,L1P,L
C0635C,C-GLQH,DH8D,DE HAVILLAND DHC-8-400 Dash 8,L2T,M
C0645C,C-GMAD,,,,
C0655C,C-GMJZ,HUSK,CHRISTEN Husky,L1P,L
C0665C,C-GMTV,M7,MAULE M-7,L1P,L
C0675C,C-GNDR,TBM9,SOCATA TBM-900/910/930/940,L1T,L
C0695C,C-GNXJ,C150,CESSNA 150,L1P,L
C06B5C,C-GORB,CH70,ZENAIR CH-701 Stol,L1P,L
C06C5C,C-GPAX,ZZZZ,,-0-,-
C06E5C,C-GPUP,ULAC,,L0-,-
C06F5C,C-GQEL,CAMP,GREGA GN-1 Aircamper,L1P,L
C0715C,C-GQYD,PA18,PIPER PA-18 Super Cub,L1P,L
C0725C,C-GRHZ,B06,BELL 206 JetRanger,H1T,L
C0735C,C-GRRV,RV4,VANS RV-4,L1P,L
C0745C,C-GSBR,EC30,AIRBUS HELICOPTERS EC-130,H1T,L
C0755C,C-GSLN,,,,
C0775C,C-GTFF,B74S,BOEING 747SP,L4J,H
C0795C,C-GTYX,DHC6,DE HAVILLAND DHC-6 Twin Otter,L2T,L
C07A5C,C-GUIT,,,,
C07B5C,C-GUSP,B36T,BEECH 36 Turbine Bonanza,L1T,L
C07C5C,C-GVCL,G164,GRUMMAN G-164 Ag-Cat,L1P,L
C07F5C,C-GWFZ,PA31,PIPER PA-31-300/310/325/350/425,L2P,L
C0815C,C-GWZR,GLEX,BOMBARDIER BD-700 Global 6000/6500,L2J,M
C0825C,C-GXJN,GLEX,BOMBARDIER BD-700 Global 6000/6500,L2J,M
C0835C,C-GXTJ,P28A,PIPER PA-28-140/150/160/180,L1P,L
C0845C,C-GYDF,C172,CESSNA 172 Skyhawk,L1P,L
C0855C,C-GYNB,RV4,VANS RV-4,L1P,L
C0865C,C-GYWX,DH8A,DE HAVILLAND DHC-8-100 Dash 8,L2T,M
C0875C,C-GZGT,LGEZ,RUTAN Long-EZ,L1P,L
C0895C,C-IAAL,ULAC,,L0-,-
C08A5C,C-IAKH,ULAC,,L0-,-
C08B5C,C-IAUD,ZZZZ,,-0-,-
C08C5C,C-IBDZ,ULAC,,L0-,-
C08D5C,C-IBNV,ULAC,,L0-,-
C08F5C,C-ICHN,ULAC,,L0-,-
C0905C,C-ICRJ,CHIN,ASAP Chinook,L1P,L
C0925C,C-IDLB,PARA,,P0-,-
C0945C,C-IEET,,,,
C0955C,C-IEOP,BEVR,ASAP Beaver,L1P,L
C0965C,C-IEYL,,,,
C0985C,C-IFSD,,,,
C0995C,C-IGBZ,PARA,,P0-,-
C09A5C,C-IGLV,BEVR,ASAP Beaver,L1P,L
C09B5C,C-IGVR,ULAC,,L0-,-
C09D5C,C-IHPJ,,,,
C09E5C,C-IHZF,PARA,,P0-,-
C0A15C,C-IJCT,,,,
C0A25C,C-IJMP,PARA,,P0-,-
C0A45C,C-IKGH,,,,
C0A65C,C-IKZZ,PARA,,P0-,-
C0A75C,C-ILJV,ULAC,,L0-,-
C0A85C,C-ILTR,,,,
C0B25C,C-IPOD,ZZZZ,,-0-,-
C0C55C,C-IWTF,ULAC,,L0-,-
C1E45C,SERV,SERV,,V0-,-
C8005C,ZK-ALK,DH82,DE HAVILLAND DH-82 Tiger Moth,L1P,L
C8015C,ZK-BZU,C172,CESSNA 172 Skyhawk,L1P,L
C8035C,ZK-DPY,C185,CESSNA 185 Skywagon,L1P,L
C8045C,ZK-EMW,FU24,FLETCHER FU-24,L1P,L
C80E5C,ZK-HFN,H269,HUGHES Sky Knight,H1P,L
C80F5C,ZK-HUE,UH1,BELL UH-1 Huey,H1T,L
C8125C,ZK-DBM,ULAC,,L0-,-
C8145C,ZK-JSP,C172,CESSNA 172 Skyhawk,L1P,L
C8175C,ZK-SFJ,DV20,DIAMOND DA-20,L1P,L
C8185C,ZK-VAS,DHC3,DE HAVILLAND DHC-3 Otter,L1P,L
C8195C,ZK-NEH,DH8C,DE HAVILLAND DHC-8-300 Dash 8,L2T,M
C81B5C,ZK-HAV,R22,ROBINSON R-22 Mariner,H1P,L
C81C5C,ZK-IGE,EC20,AIRBUS HELICOPTERS EC-120,H1T,L
C81D5C,ZK-LED,CRUZ,CSA PS-28 Cruiser,L1P,L
C8215C,ZK-HTD,AS50,AEROSPATIALE AS-350 Ecureuil,H1T,L
C8275C,ZK-NRH,AP22,AEROPRACT A-22,L1P,L
C8285C,ZK-FXK,B733,BOEING 737-300,L2J,M
C8805C,DQ-FTA,C172,CESSNA 172 Skyhawk,L1P,L
E2005C,E-309,TEX2,BEECHCRAFT T-6 Texan 2,L1T,L
E47E5C,PR-ABV,C525,CESSNA 525 CitationJet,L2J,L
E4845C,PP-ELE,E50P,EMBRAER EMB-500 Phenom 100,L2J,L
E48A5C,PP-RZN,BE20,BEECH 200 Super King Air,L2T,M
E48B5C,PR-ISO,BE20,BEECH 200 Super King Air,L2T,M
E48D5C,PR-AQA,AT76,ATR-72-600,L2T,M
E48E5C,PR-WGV,C208,CESSNA 208 Caravan,L1T,L
E48F5C,PR-CBF,PA46,PIPER PA-46-310/350,L1P,L
E4905C,PP-NBB,E55P,EMBRAER EMB-505 Phenom 300,L2J,M
E4915C,PR-OHQ,A139,AGUSTA AW-139,H2T,L
E4925C,PR-AUP,E195,EMBRAER ERJ-190-200,L2J,M
E4955C,6551,C295,CASA C-295 Persuader,L2T,M
E4995C,PS-MAC,C172,CESSNA 172 Skyhawk,L1P,L
E49A5C,PR-JGG,G280,GULFSTREAM G280,L2J,M
E8045C,CC-BHA,A20N,AIRBUS A-320neo,L2J,M
E8065C,C-52,BE20,BEECH 200 Super King Air,L2T,M
E8085C,CC-ARD,NG5,BRM AERO NG-5/6 Bristell,L1P,L
E8405C,HC-CLF,A319,AIRBUS A-319,L2J,M
E8805C,ZP-BMZ,BE9L,BEECH 90 King Air,L2T,L
