00B063,ZS-SHU,PA46,PIPER PA-46-310/350,L1P,L
00C463,ZS-ZWS,B738,BOEING 737-800,L2J,M
010063,SU-CBG,DH8C,DE HAVILLAND DHC-8-300 Dash 8,L2T,M
010163,SU-GEE,B738,BOEING 737-800,L2J,M
020063,CN-AMG,CN35,CASA CN-235 Persuader,L2T,M
020163,CN-TMB,H25B,HAWKER BEECHCRAFT Hawker 750/850,L2J,M
04C063,5Y-BVZ,E135,EMBRAER ERJ-135,L2J,M
05A063,8Q-TAE,DHC6,DE HAVILLAND DHC-6 Twin Otter,L2T,L
05E063,5T-CSD,AT75,ATR-72-500,L2T,M
064163,5N-JRT,B734,BOEING 737-400,L2J,M
06A063,A7-BAI,B77W,BOEING 777-300ER,L2J,H
06A263,QA351,PC21,PILATUS PC-21,L1T,L
06A363,A7-GHW,A139,AGUSTA AW-139,H2T,L
0A0063,7T-VUS,AT75,ATR-72-500,L2T,M
0A8063,C6-AVA,PA27,PIPER PA-23-250 Aztec,L2P,L
0AC163,HK-4303,PA34,PIPER PA-34 Seneca,L2P,L
0AC763,EJC5419,UH1,BELL UH-1 Huey,H1T,L
0AC863,FAC1256,C212,CESSNA 212 Aviocar,L2T,M
0ACA63,HK-5385,B734,BOEING 737-400,L2J,M
0B4063,TG-BEA,C25A,CESSNA 525A Citation CJ2,L2J,L
0C2063,HP-1723CMP,B738,BOEING 737-800,L2J,M
0C6063,9Y-GRN,B38M,BOEING 737 MAX 8,L2J,M
0D0363,XB-TMG,C501,CESSNA 501 Citation 1SP,L2J,L
0D0963,XA-VAP,A320,AIRBUS A-320,L2J,M
0D0A63,XA-UQB,SW4,SWEARINGEN Metro,L2T,M
0D0E63,XA-LEY,C25B,CESSNA 525B Citation CJ3,L2J,L
0D8163,YV2716,LJ45,LEARJET 45,L2J,M
113463,RAUL,GLID,,L0-,-
148963,RA-35171,AN2,ANTONOV An-2,L1P,L
150763,RA-67427,C172,CESSNA 172 Skyhawk,L1P,L
150863,RA-67683,AT75,ATR-72-500,L2T,M
151E63,RA-73315,B738,BOEING 737-800,L2J,M
152063,RA-73827,A320,AIRBUS A-320,L2J,M
152B63,RF-76643,IL76,ILYUSHIN Il-76/82,L4J,H
155563,RA-87395,YK40,YAKOVLEV Yak-40,L3J,M
155C63,RA-89187,SU95,SUKHOI Superjet 100-95,L2J,M
180763,RA-01891,B407,BELL 407,H1T,L
300363,I-AFOI,PRM1,RAYTHEON 390 Premier 1,L2J,L
300463,I-RAMM,A109,AGUSTA AW-109 Grand,H2T,L
300563,I-AFAF,C172,CESSNA 172 Skyhawk,L1P,L
300663,I-RFSZ,P28A,PIPER PA-28-140/150/160/180,L1P,L
300763,I-MIKI,F8L,AEROMERE F-8L Falco,L1P,L
300863,I-RMCM,EC20,AIRBUS HELICOPTERS EC-120,H1T,L
31D863,I-A006,ECHO,TECNAM P-92 Echo,L1P,L
31DD63,I-C917,VNTR,ICP Ventura,L1P,L
320063,MM82071,A169,AGUSTA AW-169,H2T,L
33FD63,MM81968,A139,AGUSTA AW-139,H2T,L
383463,F-BNDD,BROU,MAX HOLSTE Broussard,L1P,L
384663,F-BRTD,DR30,CENTRE EST Prince,L1P,L
384863,F-BSDD,RALL,SOCATA Rallye,L1P,L
384D63,F-BTLD,WA50,WASSMER WA-54 Atlantic,L1P,L
385463,F-BVDD,DR40,ROBIN DR-400,L1P,L
390C63,F-GDDD,C152,CESSNA 152,L1P,L
391C63,F-GHDD,P28A,PIPER PA-28-140/150/160/180,L1P,L
392063,F-GIDD,P28R,PIPER PA-28R-180/200/201,L1P,L
392463,F-GJDD,M20T,MOONEY M-20T,L1P,L
394463,F-GRDD,BALL,,B0-,-
394A63,F-GSTD,A3ST,AIRBUS A-300ST Beluga Super Transporter,L2J,H
394C63,F-GTDD,DR40,ROBIN DR-400,L1P,L
395563,F-GVLD,TB20,SOCATA TB-20 Trinidad,L1P,L
396063,F-GYDD,DR40,ROBIN DR-400,L1P,L
396163,F-GYLD,DR10,CENTRE EST Ambassadeur,L1P,L
398163,F-HALD,R22,ROBINSON R-22 Mariner,H1P,L
398563,F-HBLD,E190,EMBRAER ERJ-190-100,L2J,M
398A63,F-HCTD,DA42,DIAMOND DA-42 Guardian,L2P,L
399063,F-HEDD,C182,CESSNA 182 Skylane,L1P,L
39A563,F-HJLD,AS55,AEROSPATIALE AS-355 Ecureuil 2,H2T,L
39A663,F-HJTD,EC30,AIRBUS HELICOPTERS EC-130,H1T,L
39A863,F-HKDD,DA42,DIAMOND DA-42 Guardian,L2P,L
39A963,F-HKLD,SR20,CIRRUS SR-20,L1P,L
39AD63,F-HLLD,DR40,ROBIN DR-400,L1P,L
39B163,F-HMLD,CRJX,BOMBARDIER Regional Jet CRJ-1000,L2J,M
39D263,F-HUTD,G2CA,GUIMBAL G-2 Cabri,H1P,L
39D563,F-HVLD,R66,ROBINSON R-66,H1T,L
3AAB63,F-MBJU,TIGR,AIRBUS HELICOPTERS EC-665 Tiger,H2T,L
3B7763,0095,A400,AIRBUS A-400M,L4T,H
3B7B63,F-ZBMH,DH8D,DE HAVILLAND DHC-8-400 Dash 8,L2T,M
3C1263,D-AVZA,A321,AIRBUS A-321,L2J,M
3C4C63,D-ACCC,GLEX,BOMBARDIER BD-700 Global 6000/6500,L2J,M
3C4D63,D-ACKC,CRJ9,BOMBARDIER Regional Jet CRJ-900,L2J,M
3C6463,D-AICC,A320,AIRBUS A-320,L2J,M
3C6563,D-AIKC,A333,AIRBUS A-330-300,L2J,H
3C6663,D-AISC,A321,AIRBUS A-321,L2J,M
3C7663,D-AMSC,CL60,BOMBARDIER CL-600 Challenger,L2J,M
3CD063,D-CGFJ,LJ35,LEARJET 35,L2J,M
3CFC63,D-CWWP,E55P,EMBRAER EMB-505 Phenom 300,L2J,M
3D0663,D-EARB,M20P,MOONEY M-20,L1P,L
3D0763,D-EBAX,AA5,AMERICAN AA-5 Tiger,L1P,L
3D0A63,D-ECEL,C182,CESSNA 182 Skylane,L1P,L
3D0B63,D-ECOH,M20P,MOONEY M-20,L1P,L
3D0D63,D-EDHZ,PA18,PIPER PA-18 Super Cub,L1P,L
3D0E63,D-EDRV,DR40,ROBIN DR-400,L1P,L
3D1063,D-EELN,RALL,SOCATA Rallye,L1P,L
3D1263,D-EFFF,DR40,ROBIN DR-400,L1P,L
3D1363,D-EFPB,C172,CESSNA 172 Skyhawk,L1P,L
3D1463,D-EFYX,NAVI,NORTH AMERICAN Navion,L1P,L
3D1663,D-EGSP,P28R,PIPER PA-28R-180/200/201,L1P,L
3D1863,D-EHMH,P28A,PIPER PA-28-140/150/160/180,L1P,L
3D1963,D-EHWD,BE33,BEECH 33 Bonanza,L1P,L
3D1B63,D-EIPV,TB20,SOCATA TB-20 Trinidad,L1P,L
3D1C63,D-EIZR,BE33,BEECH 33 Bonanza,L1P,L
3D1F63,D-EKDF,GLID,,L0-,-
3D2263,D-ELGT,C182,CESSNA 182 Skylane,L1P,L
3D2463,D-EMAL,PA18,PIPER PA-18 Super Cub,L1P,L
3D2663,D-EMUD,PA18,PIPER PA-18 Super Cub,L1P,L
3D3363,D-ERSD,P28A,PIPER PA-28-140/150/160/180,L1P,L
3D3563,D-ESLV,A210,AQUILA A-210,L1P,L
3D3C63,D-EVCT,R90R,RUSCHMEYER R-90-230RG,L1P,L
3D3D63,D-EVMP,S22T,CIRRUS SR-22T Turbo,L1P,L
3D4363,D-EXTR,SR22,CIRRUS SR-22,L1P,L
3D4763,D-EZHB,DR40,ROBIN DR-400,L1P,L
3D7263,D-FPOL,PC12,PILATUS PC-12,L1T,L
3D9963,D-GEIL,PA34,PIPER PA-34 Seneca,L2P,L
3DB363,D-GOEL,DA42,DIAMOND DA-42 Guardian,L2P,L
3DD363,D-HAHN,AS50,AEROSPATIALE AS-350 Ecureuil,H1T,L
3DDC63,D-HDSD,EC45,AIRBUS HELICOPTERS EC-145,H2T,L
3DE663,D-HHMP,B06,BELL 206 JetRanger,H1T,L
3DE863,D-HIGH,AS50,AEROSPATIALE AS-350 Ecureuil,H1T,L
3E1763,D-IABB,AC68,AERO Commander 680,L2P,L
3E3463,D-ILAP,E50P,EMBRAER EMB-500 Phenom 100,L2J,L
3E5E63,D-KAYD,S10S,STEMME S-10 Chrysalis,L1P,L
3E6163,D-KCBR,VENT,SCHEMPP-HIRTH Ventus,L1P,L
3E6463,D-KDFF,S10S,STEMME S-10 Chrysalis,L1P,L
3E6963,D-KFCL,DUOD,SCHEMPP-HIRTH Duo Discus,L1P,L
3E6A63,D-KFMH,AS26,SCHLEICHER ASH-26,L1P,L
3E6B63,D-KFWD,DG80,DG FLUGZEUGBAU DG-800,L1P,L
3E6C63,D-KGFZ,G109,GROB G-109,L1P,L
3E7163,D-KIDF,GLID,,L0-,-
3E7663,D-KKAL,VENT,SCHEMPP-HIRTH Ventus,L1P,L
3E7763,D-KKKH,DISC,SCHEMPP-HIRTH Discus,L1P,L
3E7F63,D-KNLB,AS31,SCHLEICHER ASH-31,L1P,L
3EAD63,54+39,A400,AIRBUS A-400M,L4T,H
3EC163,D-KOET,SF25,SCHEIBE SF-25 Falke,L1P,L
3ED963,D-KXHB,AS29,SCHLEICHER ASG-29,L1P,L
3EE263,D-0460,GLID,,L0-,-
3EF163,D-4300,DG50,DG FLUGZEUGBAU DG-500M,L1P,L
3F2663,D-OALF,BALL,,B0-,-
3FC563,D-OMEL,BALL,,B0-,-
3FEA63,D-MCFF,C42,IKARUS C-42 Bison,L1P,L
3FEB63,D-MISU,FDCT,FLIGHT DESIGN CT,L1P,L
3FED63,D-MKOC,FDCT,FLIGHT DESIGN CT,L1P,L
3FEE63,D-MRAI,FOX,KITFOX,L1P,L
3FEF63,D-MXRO,PNR2,ALPI Pioneer 200,L1P,L
3FF063,D-MHPJ,CLON,AUTOGYRO Cavalon,G1P,L
3FF163,D-MTVA,MT,ROTORSPORT MTOSport,G1P,L
3FF463,D-MZBE,C42,IKARUS C-42 Bison,L1P,L
3FF563,D-MZTA,ULAC,,L0-,-
400663,G-BMRA,B752,BOEING 757-200,L2J,M
400A63,G-NWAE,EC35,AIRBUS HELICOPTERS EC-135/635,H2T,L
400E63,G-DAYD,A109,AGUSTA AW-109 Grand,H2T,L
401163,G-BMUT,PA34,PIPER PA-34 Seneca,L2P,L
401263,G-DOVS,R44,ROBINSON R-44 Raven,H1P,L
401563,G-ARNJ,PA22,PIPER PA-22,L1P,L
401863,G-AXUK,DR10,CENTRE EST Ambassadeur,L1P,L
401A63,G-ACUS,DH85,DE HAVILLAND DH-85 Leopard Moth,L1P,L
401B63,G-BCGM,D11,JODEL D-11x/12x,L1P,L
401F63,G-BIXB,TAMP,SOCATA TB-9 Tampico,L1P,L
402063,G-BKPA,DIMO,DIAMOND H-36 Dimona,L1P,L
402463,G-MMNN,ULAC,,L0-,-
402563,G-WAVE,G109,GROB G-109,L1P,L
402663,G-BMKC,J3,PIPER J-3 Cub,L1P,L
402863,G-BNEE,P28R,PIPER PA-28R-180/200/201,L1P,L
402E63,G-BPVI,P32R,PIPER PA-32R-300/301/301T,L1P,L
402F63,G-BRJC,C120,CESSNA 120,L1P,L
403163,G-BSEU,P28A,PIPER PA-28-140/150/160/180,L1P,L
403463,G-BTNR,FOX,KITFOX,L1P,L
403563,G-BUCH,RELI,STINSON Reliant,L1P,L
403963,G-BVRH,TAYB,TAYLORCRAFT BC/BF/BL,L1P,L
404263,G-NHRJ,EUPA,Europa,L1P,L
404363,G-BZMB,P28R,PIPER PA-28R-180/200/201,L1P,L
404563,G-XXTB,TB20,SOCATA TB-20 Trinidad,L1P,L
404663,G-CBGP,C42,IKARUS C-42 Bison,L1P,L
404763,G-OTUN,EV97,EVEKTRO EV-97 EuroStar,L1P,L
404963,G-CCEZ,ZZZZ,,-0-,-
404C63,G-CCZL,C42,IKARUS C-42 Bison,L1P,L
404D63,G-RTMY,C42,IKARUS C-42 Bison,L1P,L
405363,G-CEUZ,ULAC,,L0-,-
405463,G-DDUR,GLID,,L0-,-
405B63,G-CKFR,GLID,,L0-,-
405D63,G-CFKW,PNR2,ALPI Pioneer 200,L1P,L
405E63,G-CHJX,GLID,,L0-,-
405F63,G-BURR,AUS9,AUSTER AOP9,L1P,L
406063,G-CFWV,RV7,VANS RV-7,L1P,L
406363,G-BYFK,BALL,,B0-,-
406663,G-CRSR,CRUZ,CSA PS-28 Cruiser,L1P,L
406763,G-RVNP,P68,PARTENAVIA P-68 Observer,L2P,L
406863,G-FBJI,E170,EMBRAER ERJ-170-100,L2J,M
406A63,G-GDFW,B738,BOEING 737-800,L2J,M
406B63,G-CIGA,BALL,,B0-,-
406C63,G-JVET,EFOX,AEROPRO Eurofox,L1P,L
406D63,G-CINX,RV7,VANS RV-7,L1P,L
406F63,G-IIDD,RV8,VANS RV-8,L1P,L
407063,G-CODA,H500,HUGHES 500,H1T,L
407163,G-CJIC,RV12,VANS RV-12,L1P,L
407263,G-CJTD,ULAC,,L0-,-
407363,G-LOLZ,R22,ROBINSON R-22 Mariner,H1P,L
407463,G-TTNB,A20N,AIRBUS A-320neo,L2J,M
407563,G-CKXI,M20P,MOONEY M-20,L1P,L
407663,G-ERGP,PC12,PILATUS PC-12,L1T,L
407763,G-RNTB,HAR,BRITISH AEROSPACE Harrier,L1J,M
407963,G-LCTJ,P28A,PIPER PA-28-140/150/160/180,L1P,L
407B63,G-OVLX,PIVI,PIPSTREL Virus,L1P,L
407C63,G-CMBG,C42,IKARUS C-42 Bison,L1P,L
424063,VP-BEX,A319,AIRBUS A-319,L2J,M
424563,VQ-BRH,B748,BOEING 747-8,L4J,H
424663,VP-BJT,B738,BOEING 737-800,L2J,M
424A63,LDR9,SERV,,V0-,-
43C163,ZD741,TOR,PANAVIA Tornado,L2J,M
43C463,XX339,HAWK,BRITISH AEROSPACE T-45 Goshawk,L1J,M
43C563,ZK032,HAWK,BRITISH AEROSPACE T-45 Goshawk,L1J,M
43C763,ZZ522,LYNX,AGUSTAWESTLAND AW-159 Super Lynx,H2T,L
43C963,ZB134,HAWK,BRITISH AEROSPACE T-45 Goshawk,L1J,M
43E863,M-YSKY,GLEX,BOMBARDIER BD-700 Global 6000/6500,L2J,M
43EB63,2-SALA,PA32,PIPER PA-32,L1P,L
43ED63,2-HEVE,MD87,MCDONNELL-DOUGLAS MD-87,L2J,M
440163,OE-DLR,C172,CESSNA 172 Skyhawk,L1P,L
440263,OE-CFA,SIRA,TECNAM P-2002 Sierra,L1P,L
440463,OE-9262,GLID,,L0-,-
440663,OE-HXX,E550,EMBRAER EMB-550 Praetor 600,L2J,M
440763,OE-9492,DIMO,DIAMOND H-36 Dimona,L1P,L
448163,GND,GND,,V0-,-
448463,OO-ACC,C25A,CESSNA 525A Citation CJ2,L2J,L
449163,OO-DKC,C172,CESSNA 172 Skyhawk,L1P,L
44B663,OO-MSC,DA42,DIAMOND DA-42 Guardian,L2P,L
44B863,OO-NCC,SLG2,AIRPLANE FACTORY Sling 2,L1P,L
44CC63,OO-SCC,CRUZ,CSA PS-28 Cruiser,L1P,L
44CE63,OO-SSC,A319,AIRBUS A-319,L2J,M
44D863,OO-VCC,B06,BELL 206 JetRanger,H1T,L
44E863,OO-ZCC,GLID,,L0-,-
44F663,ST-06,F260,AERMACCHI SF-260,L1P,L
44F863,AT-33,AJET,DASSAULT-DORNIER Alpha Jet,L2J,M
458663,OY-ASC,B734,BOEING 737-400,L2J,M
458E63,OY-CSC,P28T,PIPER PA-28RT-201,L1P,L
459463,OY-ECC,P28B,PIPER PA-28-201T/235/236,L1P,L
459563,OY-EKC,FA7X,DASSAULT Falcon 7X,L3J,M
459C63,OY-GCC,BN2P,BRITTEN-NORMAN BN-2 Islander,L2P,L
459E63,OY-GSC,AC11,NORTH AMERICAN ROCKWELL Commander 112/114,L1P,L
45BD63,OY-OKC,C177,CESSNA  177 Cardinal,L1P,L
45C063,OY-PCC,C172,CESSNA 172 Skyhawk,L1P,L
45CA63,OY-RSC,C82R,CESSNA R182 Skylane RG,L1P,L
45D963,OY-VKC,A321,AIRBUS A-321,L2J,M
461F63,OH-LXB,A320,AIRBUS A-320,L2J,M
470363,HA-BHJ,BDOG,BRITISH AEROSPACE SA-3 Bulldog,L1P,L
471F63,HA-LXB,A321,AIRBUS A-321,L2J,M
478363,LN-RDZ,DH8D,DE HAVILLAND DHC-8-400 Dash 8,L2T,M
478563,LN-FIX,BE20,BEECH 200 Super King Air,L2T,M
484163,PH-BXK,B738,BOEING 737-800,L2J,M
484563,PH-CCA,TB20,SOCATA TB-20 Trinidad,L1P,L
484663,PH-WBZ,BALL,,B0-,-
484763,PH-TGC,C182,CESSNA 182 Skylane,L1P,L
484863,PH-1245,GLID,,L0-,-
484963,PH-1285,GLID,,L0-,-
484A63,PH-IBF,BALL,,B0-,-
484D63,PH-BPR,BALL,,B0-,-
484E63,PH-463,GLID,,L0-,-
484F63,PH-4J9,SIRA,TECNAM P-2002 Sierra,L1P,L
485063,PH-MIK,C182,CESSNA 182 Skylane,L1P,L
485163,PH-1FN,ZZZZ,,-0-,-
485363,PH-1LU,ZZZZ,,-0-,-
485463,PH-1WN,ZZZZ,,-0-,-
485563,PH-APL,SF50,CIRRUS SF-50 Vision,L1J,L
485663,PH-2QP,ZZZZ,,-0-,-
486363,PH-HLC,DA40,DIAMOND DA-40 Club Star,L1P,L
486463,PH-JET,HDJT,HONDA HondaJet,L2J,L
488963,SP-CLD,AAT3,AERO AT-3,L1P,L
488A63,SP-CUD,LJ75,LEARJET 75,L2J,M
489963,SP-GLD,DV20,DIAMOND DA-20,L1P,L
48A563,SP-KLD,TOBA,SOCATA Tobago,L1P,L
48CA63,SP-TUD,PA34,PIPER PA-34 Seneca,L2P,L
48D163,SP-WLD,C152,CESSNA 152,L1P,L
48FD63,SP-SALD,KP5,JIHLAVAN KP-5 Skyleader,L1P,L
48FE63,SP-SBUD,NG5,BRM AERO NG-5/6 Bristell,L1P,L
491463,CS-ECC,P208,TECNAM P-2008,L1P,L
49A563,OK-IKC,C152,CESSNA 152,L1P,L
49B063,OK-2304,GLID,,L0-,-
49C263,OK-RUV 38,ECHO,TECNAM P-92 Echo,L1P,L
49D063,OK-KKK,C182,CESSNA 182 Skylane,L1P,L
49D163,OK-RTA,SR22,CIRRUS SR-22,L1P,L
49D263,OK-PSR,DR40,ROBIN DR-400,L1P,L
49D363,OK-KAL,C152,CESSNA 152,L1P,L
49D463,OK-FAL,C152,CESSNA 152,L1P,L
4A0663,YR-ASC,A318,AIRBUS A-318,L2J,M
4A4C63,YR-SCC,DV20,DIAMOND DA-20,L1P,L
4A6863,YR-ZCC,Z42,ZLIN Z-42/142/242,L1P,L
4A9663,SE-ESC,C140,CESSNA 140,L1P,L
4AA163,SE-HKC,B06,BELL 206 JetRanger,H1T,L
4AB463,SE-MCC,DA40,DIAMOND DA-40 Club Star,L1P,L
4AB563,SE-MKC,AT76,ATR-72-600,L2T,M
4ACA63,SE-RSC,A359,AIRBUS A-350-900,L2J,H
4AE163,SE-XKC,CP30,PIEL Emeraude,L1P,L
4B1863,HB-JGD,F2TH,DASSAULT Falcon 2000,L2J,M
4B1B63,HB-KJR,HUSK,CHRISTEN Husky,L1P,L
4B2C63,HB-QVB,BALL,,B0-,-
4B3263,HB-TCD,Z43,ZLIN Z-43/143,L1P,L
4B3363,HB-TLZ,C172,CESSNA 172 Skyhawk,L1P,L
4B3963,HB-VTB,C525,CESSNA 525 CitationJet,L2J,L
4B4263,HB-ZDR,AS65,AEROSPATIALE AS-365 Dauphin 2,H2T,L
4B4663,HB-444,GLID,,L0-,-
4B4D63,HB-2236,DG50,DG FLUGZEUGBAU DG-500M,L1P,L
4B4E63,HB-2492,DUOD,SCHEMPP-HIRTH Duo Discus,L1P,L
4B4F63,HB-2748,GLID,,L0-,-
4B7F63,V-623,PC6T,PILATUS PC-6 Turbo-Porter,L1T,L
4B8863,TC-BCC,BALL,,B0-,-
4B8A63,TC-BSC,BALL,,B0-,-
4BA163,TC-HKC,B407,BELL 407,H1T,L
4BAA63,TC-JSC,A321,AIRBUS A-321,L2J,M
4BB063,TC-LCC,B38M,BOEING 737 MAX 8,L2J,M
4BB163,TC-LKC,B77W,BOEING 777-300ER,L2J,H
4BB263,TC-LSC,A21N,AIRBUS A-321neo,L2J,M
4BB463,TC-MCC,A306,AIRBUS A-300-600,L2J,H
4BB563,TC-MKC,B38M,BOEING 737 MAX 8,L2J,M
4BB863,TC-NCC,A20N,AIRBUS A-320neo,L2J,M
4BBC63,TC-OCC,A333,AIRBUS A-330-300,L2J,H
4BCA63,TC-RSC,LJ45,LEARJET 45,L2J,M
4C3C63,YU-PDD,C56X,CESSNA 560XL Citation XLS,L2J,M
4CA263,EI-DHG,B738,BOEING 737-800,L2J,M
4CA363,EI-BJB,CH7A,BELLANCA 7 Champion,L1P,L
4CA663,EI-SKC,PA44,PIPER PA-44 Seminole,L2P,L
4CA763,EI-EFH,B738,BOEING 737-800,L2J,M
4CA863,EI-FPI,CRJ9,BOMBARDIER Regional Jet CRJ-900,L2J,M
4CA963,EI-EPR,A319,AIRBUS A-319,L2J,M
4CAC63,EI-AZB,B738,BOEING 737-800,L2J,M
4D0263,LX-FMA,F900,DASSAULT Falcon 900,L3J,M
4D2263,9H-QDZ,B738,BOEING 737-800,L2J,M
4D2363,9H-POP,A333,AIRBUS A-330-300,L2J,H
4D2463,9H-VIQ,GL7T,BOMBARDIER BD-700 Global 7000/7500,L2J,M
500263,T7-ALX,H25B,HAWKER BEECHCRAFT Hawker 750/850,L2J,M
502C63,YL-BBS,B733,BOEING 737-300,L2J,M
503D63,LY-BLC,A320,AIRBUS A-320,L2J,M
505D63,OM-SKC,P46T,PIPER PA-46-500TP,L1T,L
506F63,L9-67,PC9,PILATUS PC-9 Hudournik,L1T,L
508463,UR-JULY,TL20,TL ULTRALIGHT TL-2000 Sting,L1P,L
511063,ES-PHR,H25B,HAWKER BEECHCRAFT Hawker 750/850,L2J,M
511163,ES-SAG,A320,AIRBUS A-320,L2J,M
683063,UP-42721,YK42,YAKOVLEV Yak-142,L3J,M
683263,UP-CJ015,CRJ2,BOMBARDIER Regional Jet CRJ-200,L2J,M
702063,S2-AGQ,DH8D,DE HAVILLAND DHC-8-400 Dash 8,L2T,M
710063,HZ-AK23,B77W,BOEING 777-300ER,L2J,H
710263,755,TOR,PANAVIA Tornado,L2J,M
71BF63,HL7763,A321,AIRBUS A-321,L2J,M
71C063,HL8063,B738,BOEING 737-800,L2J,M
71C363,HL8363,B738,BOEING 737-800,L2J,M
71CC63,HL9463,AS65,AEROSPATIALE AS-365 Dauphin 2,H2T,L
738063,4X-EKA,B738,BOEING 737-800,L2J,M
738A63,494,TEX2,BEECHCRAFT T-6 Texan 2,L1T,L
744A63,EMS-2,A139,AGUSTA AW-139,H2T,L
750263,9M-MUA,A332,AIRBUS A-330-200,L2J,H
750463,9M-AGQ,A20N,AIRBUS A-320neo,L2J,M
76B863,9V-NCC,A21N,AIRBUS A-321neo,L2J,M
76CC63,9V-SCC,B78X,BOEING 787-10 Dreamliner,L2J,H
76CD63,9V-SKC,A388,AIRBUS A-380-800,L4J,H
778663,YK-ASC,F900,DASSAULT Falcon 900,L3J,M
780063,B-2364,A319,AIRBUS A-319,L2J,M
780263,B-5163,B738,BOEING 737-800,L2J,M
780363,B-3009,CRJ2,BOMBARDIER Regional Jet CRJ-200,L2J,M
780463,B-6089,A332,AIRBUS A-330-200,L2J,H
780663,B-5529,B738,BOEING 737-800,L2J,M
780763,B-6790,A320,AIRBUS A-320,L2J,M
780863,B-6766,A320,AIRBUS A-320,L2J,M
780963,B-2887,B734,BOEING 737-400,L2J,M
780A63,B-KQO,B77W,BOEING 777-300ER,L2J,H
780B63,B-5846,B738,BOEING 737-800,L2J,M
780C63,B-8211,FA7X,DASSAULT Falcon 7X,L3J,M
780D63,B-5979,A332,AIRBUS A-330-200,L2J,H
780E63,B-6983,B738,BOEING 737-800,L2J,M
780F63,B-7597,B738,BOEING 737-800,L2J,M
781063,B-1549,B738,BOEING 737-800,L2J,M
781163,B-1426,B738,BOEING 737-800,L2J,M
781363,B-1063,A333,AIRBUS A-330-300,L2J,H
781463,B-300Q,A333,AIRBUS A-330-300,L2J,H
781563,B-207D,B38M,BOEING 737 MAX 8,L2J,M
781763,B-7901,C172,CESSNA 172 Skyhawk,L1P,L
781863,B-30DA,A21N,AIRBUS A-321neo,L2J,M
781A63,B-720R,C172,CESSNA 172 Skyhawk,L1P,L
781C63,B-12DF,AURA,SUNWARD Aurora S60/70,L1P,L
781D63,B-652K,AJ27,COMAC ARJ-21-700 Xiangfeng,L2J,M
781E63,B-72AU,C172,CESSNA 172 Skyhawk,L1P,L
789263,B-HPI,A21N,AIRBUS A-321neo,L2J,M
7C0563,VH-BCL,G115,GROB G-115,L1P,L
7C0663,VH-BJP,C210,CESSNA 201 Centurion,L1P,L
7C0763,VH-BQT,B06,BELL 206 JetRanger,H1T,L
7C0D63,VH-CXH,P28A,PIPER PA-28-140/150/160/180,L1P,L
7C1563,VH-EID,B350,BEECHCRAFT Super King Air 350,L2T,M
7C1663,VH-EPH,B412,BELL 412,H2T,L
7C1763,VH-EWL,BE76,BEECH 76 Duchess,L2P,L
7C2963,VH-IGL,P28R,PIPER PA-28R-180/200/201,L1P,L
7C2A63,VH-INP,BE55,BEECH 55 Baron,L2P,L
7C3463,VH-KMT,BT36,BEECH B36TC Bonanza,L1P,L
7C3963,VH-LMD,C208,CESSNA 208 Caravan,L1T,L
7C3E63,VH-MLX,WACF,WACO F,L1P,L
7C4263,VH-NED,P32R,PIPER PA-32R-300/301/301T,L1P,L
7C4463,VH-NSL,C182,CESSNA 182 Skylane,L1P,L
7C4563,VH-NZP,CT4,PACIFIC AEROSPACE CT-4 Airtrainer,L1P,L
7C4763,VH-ODX,AT8T,AIR TRACTOR AT-802,L1T,M
7C5763,VH-RJP,ADVE,AUSTER J-5 Adventurer,L1P,L
7C5963,VH-RXX,SF34,SAAB 340,L2T,M
7C6163,VH-TIT,C160,TRANSALL C-160,L2T,M
7C6763,VH-UPH,GLEX,BOMBARDIER BD-700 Global 6000/6500,L2J,M
7C6A63,VH-VAT,PC12,PILATUS PC-12,L1T,L
7C6B63,VH-VHX,RV10,VANS RV-10,L1P,L
7C6F63,VH-WAD,PA31,PIPER PA-31-300/310/325/350/425,L2P,L
7C7063,VH-WHH,BT36,BEECH B36TC Bonanza,L1P,L
7C7163,VH-WOL,P28A,PIPER PA-28-140/150/160/180,L1P,L
7C7A63,VH-YGL,NIMB,SCHEMPP-HIRTH Nimbus,L1P,L
7C7B63,VH-YNP,DA40,DIAMOND DA-40 Club Star,L1P,L
7C8163,VH-ZUD,PA44,PIPER PA-44 Seminole,L2P,L
800463,VT-ALN,B77W,BOEING 777-300ER,L2J,H
800B63,VT-EXE,A320,AIRBUS A-320,L2J,M
800C63,VT-ITZ,A20N,AIRBUS A-320neo,L2J,M
800E63,CB-8011,C17,BOEING C-17 Globemaster 3,L4J,H
840563,JA01FD,AS65,AEROSPATIALE AS-365 Dauphin 2,H2T,L
841A63,JA07AD,PA46,PIPER PA-46-310/350,L1P,L
845E63,JA117R,EC45,AIRBUS HELICOPTERS EC-145,H2T,L
86EF63,JA8971,B763,BOEING 767-300,L2J,H
872863,JA902P,A21N,AIRBUS A-321neo,L2J,M
880863,HS-BCC,C172,CESSNA 172 Skyhawk,L1P,L
881B63,60103,C130,LOCKHEED C-130 Hercules,L4T,M
885963,HS-VKC,A320,AIRBUS A-320,L2J,M
888163,VN-A268,E35L,EMBRAER EMB-135 Legacy,L2J,M
896063,A6-ESH,A319,AIRBUS A-319,L2J,M
896363,A6-RRJ,A319,AIRBUS A-319,L2J,M
896463,A6-APH,A388,AIRBUS A-380-800,L4J,H
899063,B-16338,A333,AIRBUS A-330-300,L2J,H
8A0263,PK-TZF,AT43,ATR-42-300,L2T,M
8A0363,PK-CLF,B735,BOEING 737-500,L2J,M
8A0663,PK-ART,P28A,PIPER PA-28-140/150/160/180,L1P,L
8A0963,PK-MBM,B733,BOEING 737-300,L2J,M
A00063,N1DX,R66,ROBINSON R-66,H1T,L
A00663,N100TF,F3F,GRUMMAN F3F Replica,L1P,L
A00763,N1002S,M7,MAULE M-7,L1P,L
A00A63,N101WD,C56X,CESSNA 560XL Citation XLS,L2J,M
A00C63,N102CQ,H500,HUGHES 500,H1T,L
A00F63,N1026Y,B412,BELL 412,H2T,L
A01563,N104US,PTS1,PITTS S-1 Special,L1P,L
A01663,N1043T,S61,SIKORSKY S-61 Sea King,H2T,M
A01763,N105BC,C310,CESSNA 310,L2P,L
A01A63,N1055W,GLID,,L0-,-
A01E63,N1067Z,,,,
A02263,N10792,,,,
A02563,N1084U,M20P,MOONEY M-20,L1P,L
A02863,N109ZA,L39,LET L-39 Albatros,L1J,L
A02B63,N11RT,BE35,BEECH 35 Starfire Bonanza,L1P,L
A02E63,N110YK,YK52,YAKOVLEV Yak-52,L1P,L
A03163,N111RB,C340,CESSNA 340 Super,L2P,L
A03663,N1123A,PA18,PIPER PA-18 Super Cub,L1P,L
A03763,N113AL,CH75,ZENAIR CH-750 Cruzer,L1P,L
A03863,N113LS,BE58,BEECH 58 Baron,L2P,L
A03963,N113WY,P28R,PIPER PA-28R-180/200/201,L1P,L
A03A63,N1135D,C140,CESSNA 140,L1P,L
A03B63,N114DJ,ACR2,ACRO SPORT 2,L1P,L
A03E63,N1147G,M20P,MOONEY M-20,L1P,L
A04163,N11519,C150,CESSNA 150,L1P,L
A04263,N1159K,C172,CESSNA 172 Skyhawk,L1P,L
A04763,N117NC,BK17,EUROCOPTER BK117 C-1/2,H2T,L
A04963,N1176E,CH7B,BELLANCA 7 Citabria,L1P,L
A04A63,N118EV,S22T,CIRRUS SR-22T Turbo,L1P,L
A04B63,N118RA,C180,CESSNA  180 Skywagon,L1P,L
A04D63,N1188H,AR15,AERONCA 15 Sedan,L1P,L
A05063,N1193,,,,
A05163,N12AK,GLST,GLASAIR SH-4 GlaStar,L1P,L
A05263,N12LR,C182,CESSNA 182 Skylane,L1P,L
A05463,N120HB,RV12,VANS RV-12,L1P,L
A05763,N12095,C177,CESSNA  177 Cardinal,L1P,L
A05863,N121L,,,,
A05A63,N1214X,M20P,MOONEY M-20,L1P,L
A05E63,N12260,WCAT,GRUMMAN F4F Wildcat,L1P,L
A06063,N123RW,J3,PIPER J-3 Cub,L1P,L
A06563,N1243V,C172,CESSNA 172 Skyhawk,L1P,L
A06763,N125ML,PA44,PIPER PA-44 Seminole,L2P,L
A06A63,N126EC,LJ45,LEARJET 45,L2J,M
A06D63,N12671,C172,CESSNA 172 Skyhawk,L1P,L
A06F63,N127TG,RV6,VANS RV-6,L1P,L
A07063,N1272T,P28R,PIPER PA-28R-180/200/201,L1P,L
A07163,N12794,C172,CESSNA 172 Skyhawk,L1P,L
A07A63,N13RV,RV3,VANS RV-3,L1P,L
A08063,N131RD,,,,
A08163,N1311,EC35,AIRBUS HELICOPTERS EC-135/635,H2T,L
A08663,N133AN,A321,AIRBUS A-321,L2J,M
A08B63,N134PS,DA40,DIAMOND DA-40 Club Star,L1P,L
A09163,N1359M,C182,CESSNA 182 Skylane,L1P,L
A09463,N1364D,C170,CESSNA 170,L1P,L
A09563,N137BZ,E195,EMBRAER ERJ-190-200,L2J,M
A09A63,N138RC,C77R,CESSNA 177RG Cardinal RG,L1P,L
A0A163,N14LT,GLID,,L0-,-
A0A263,N14WZ,UHEL,,H0-,-
A0B063,N1431U,C172,CESSNA 172 Skyhawk,L1P,L
A0B863,N14550,ULAC,,L0-,-
A0BD63,N147HC,B47G,BELL 47G,H1P,L
A0C363,N1484Y,C172,CESSNA 172 Skyhawk,L1P,L
A0C463,N149CT,FDCT,FLIGHT DESIGN CT,L1P,L
A0C763,N14961,CAMP,GREGA GN-1 Aircamper,L1P,L
A0C863,N15FR,C172,CESSNA 172 Skyhawk,L1P,L
A0C963,N15RX,SR22,CIRRUS SR-22,L1P,L
A0CB63,N150NH,PA18,PIPER PA-18 Super Cub,L1P,L
A0CE63,N151F,BE95,BEECH 95 Travel Air,L2P,L
A0CF63,N151RF,,,,
A0D063,N1511B,BALL,,B0-,-
A0D463,N1523E,CH7A,BELLANCA 7 Champion,L1P,L
A0D863,N1535H,C77R,CESSNA 177RG Cardinal RG,L1P,L
A0DB63,N1540,G280,GULFSTREAM G280,L2J,M
A0DE63,N155SS,GLID,,L0-,-
A0E763,N1576J,P28A,PIPER PA-28-140/150/160/180,L1P,L
A0EB63,N1588M,C188,CESSNA 188 AgTruck,L1P,L
A0F163,N16XA,,,,
A0F263,N160HF,BALL,,B0-,-
A0F363,N160TM,TBM7,SOCATA TBM-700A/B/C,L1T,L
A0F563,N16099,ZZZZ,,-0-,-
A0FA63,N162PB,PC12,PILATUS PC-12,L1T,L
A0FE63,N163S,BL8,BELLANCA 8 Decathlon,L1P,L
A10063,N16387,P28B,PIPER PA-28-201T/235/236,L1P,L
A10863,N166EG,CH75,ZENAIR CH-750 Cruzer,L1P,L
A11763,N17FT,RV6,VANS RV-6,L1P,L
A11963,N170CD,SR20,CIRRUS SR-20,L1P,L
A11C63,N1706M,C337,CESSNA 337 Super Skymaster,L2P,L
A11D63,N171FB,BE95,BEECH 95 Travel Air,L2P,L
A11F63,N1711D,,,,
A12063,N1718Q,C150,CESSNA 150,L1P,L
A12163,N172J,SA30,STOLP Starduster Too,L1P,L
A12263,N172UF,C172,CESSNA 172 Skyhawk,L1P,L
A12363,N1723G,BE35,BEECH 35 Starfire Bonanza,L1P,L
A12863,N174DQ,BE23,BEECH 23 Sundowner,L1P,L
A12E63,N1752E,CH7A,BELLANCA 7 Champion,L1P,L
A13063,N176KL,C550,CESSNA 550 Citation S2,L2J,L
A13363,N177CC,C177,CESSNA  177 Cardinal,L1P,L
A13663,N1776L,ASTR,GULFSTREAM AEROSPACE Gulfstream G100,L2J,M
A13763,N178FA,SF50,CIRRUS SF-50 Vision,L1J,L
A13963,N1781C,C180,CESSNA  180 Skywagon,L1P,L
A13A63,N1788P,PA22,PIPER PA-22,L1P,L
A13E63,N18AR,BE35,BEECH 35 Starfire Bonanza,L1P,L
A14063,N18XC,,,,
A14263,N180TP,C180,CESSNA  180 Skywagon,L1P,L
A14363,N18020,C150,CESSNA 150,L1P,L
A14463,N181A,RV6,VANS RV-6,L1P,L
A14663,N181WM,P28A,PIPER PA-28-140/150/160/180,L1P,L
A14963,N182PD,C182,CESSNA 182 Skylane,L1P,L
A14B63,N18266,C182,CESSNA 182 Skylane,L1P,L
A14C63,N183FW,,,,
A14D63,N183SB,WAIX,SONEX Waiex,L1P,L
A15263,N18431,BE36,BEECH 36 Bonanza,L1P,L
A15363,N185BL,C185,CESSNA 185 Skywagon,L1P,L
A15663,N18554,C150,CESSNA 150,L1P,L
A15963,N1860W,BE35,BEECH 35 Starfire Bonanza,L1P,L
A15E63,N188,BE65,BEECH 65 Queen Air,L2P,L
A16363,N189PC,BL8,BELLANCA 8 Decathlon,L1P,L
A16763,N19SA,BE36,BEECH 36 Bonanza,L1P,L
A16863,N190CF,,,,
A16E63,N1911F,C150,CESSNA 150,L1P,L
A17063,N192JB,E190,EMBRAER ERJ-190-100,L2J,M
A17763,N194DS,ULAC,,L0-,-
A17963,N1940D,BE35,BEECH 35 Starfire Bonanza,L1P,L
A17A63,N1947Q,C77R,CESSNA 177RG Cardinal RG,L1P,L
A17E63,N1959T,BE50,BEECH 50 Excalibur,L2P,L
A18C63,N1993H,P28A,PIPER PA-28-140/150/160/180,L1P,L
A18F63,N2XE,CP30,PIEL Emeraude,L1P,L
A19063,N20HK,C414,CESSNA 414 Chancellor,L2P,L
A19163,N20TR,R44,ROBINSON R-44 Raven,H1P,L
A19463,N2000H,AA5,AMERICAN AA-5 Tiger,L1P,L
A19763,N201T,TAIL,WITTMAN Tailwind,L1P,L
A19863,N2012L,LA4,LAKE LA-4/200,A1P,L
A19C63,N2024P,PA24,PIPER PA-24 Comanche,L1P,L
A1A063,N2036S,C210,CESSNA 201 Centurion,L1P,L
A1A463,N2048V,BE36,BEECH 36 Bonanza,L1P,L
A1A763,N2053M,J3,PIPER J-3 Cub,L1P,L
A1A963,N206MC,C172,CESSNA 172 Skyhawk,L1P,L
A1AB63,N2065Q,BE36,BEECH 36 Bonanza,L1P,L
A1AC63,N207DV,SR22,CIRRUS SR-22,L1P,L
A1AE63,N2070G,C182,CESSNA 182 Skylane,L1P,L
A1AF63,N2077T,P28R,PIPER PA-28R-180/200/201,L1P,L
A1B063,N208GT,SR20,CIRRUS SR-20,L1P,L
A1B263,N2082K,PA34,PIPER PA-34 Seneca,L2P,L
A1B363,N2089W,BE95,BEECH 95 Travel Air,L2P,L
A1B663,N2094N,C140,CESSNA 140,L1P,L
A1B763,N21CH,BE35,BEECH 35 Starfire Bonanza,L1P,L
A1B863,N21NP,B58T,BEECH 58TC Baron,L2P,L
A1BA63,N210K,C210,CESSNA 201 Centurion,L1P,L
A1BC63,N21037,C182,CESSNA 182 Skylane,L1P,L
A1BE63,N211MY,T211,INDUS T-211,L1P,L
A1BF63,N211YD,,,,
A1C363,N21202,C182,CESSNA 182 Skylane,L1P,L
A1CB63,N21448,M20P,MOONEY M-20,L1P,L
A1CC63,N215DC,R44,ROBINSON R-44 Raven,H1P,L
A1CD63,N215PJ,C172,CESSNA 172 Skyhawk,L1P,L
A1CF63,N2157A,RV7,VANS RV-7,L1P,L
A1D363,N2169D,RV6,VANS RV-6,L1P,L
A1DB63,N219EP,PA44,PIPER PA-44 Seminole,L2P,L
A1DE63,N2198B,GYRO,,G0-,-
A1DF63,N22HM,M20P,MOONEY M-20,L1P,L
A1E363,N2200K,M20P,MOONEY M-20,L1P,L
A1E563,N221GW,SR22,CIRRUS SR-22,L1P,L
A1E663,N221TB,PA46,PIPER PA-46-310/350,L1P,L
A1E863,N2219Z,P28R,PIPER PA-28R-180/200/201,L1P,L
A1E963,N222KU,H25B,HAWKER BEECHCRAFT Hawker 750/850,L2J,M
A1EF63,N2236U,BRB2,BRANTLY B-2,H1P,L
A1F263,N2241L,BE23,BEECH 23 Sundowner,L1P,L
A1F363,N2248X,P28R,PIPER PA-28R-180/200/201,L1P,L
A1F663,N2253P,PA23,PIPER PA-23,L2P,L
A1F863,N226ME,T206,CESSNA T206 Turbo Stationair,L1P,L
A1FD63,N2270J,C150,CESSNA 150,L1P,L
A1FE63,N2277V,P28A,PIPER PA-28-140/150/160/180,L1P,L
A20063,N228TA,TWEN,TECNAM Twenty-Ten,L1P,L
A20563,N2294Q,P28R,PIPER PA-28R-180/200/201,L1P,L
A20663,N23CK,WAIX,SONEX Waiex,L1P,L
A20763,N23NR,VEZE,RUTAN VariEze,L1P,L
A20C63,N231BU,M20P,MOONEY M-20,L1P,L
A21263,N23204,J3,PIPER J-3 Cub,L1P,L
A21663,N23327,,,,
A21763,N234AG,PA46,PIPER PA-46-310/350,L1P,L
A21A63,N2345,C172,CESSNA 172 Skyhawk,L1P,L
A21B63,N235DE,S108,STINSON 108 Voyager,L1P,L
A21C63,N235PL,M7,MAULE M-7,L1P,L
A21E63,N2357C,R22,ROBINSON R-22 Mariner,H1P,L
A21F63,N236GC,B06,BELL 206 JetRanger,H1T,L
A22563,N23738,PA38,PIPER PA-38 Tomahawk,L1P,L
A22D63,N2398D,C170,CESSNA 170,L1P,L
A22E63,N24HP,C182,CESSNA 182 Skylane,L1P,L
A22F63,N24TV,B06,BELL 206 JetRanger,H1T,L
A23463,N241GY,,,,
A23663,N2412Q,C182,CESSNA 182 Skylane,L1P,L
A23763,N24191,B06,BELL 206 JetRanger,H1T,L
A23963,N242WB,T206,CESSNA T206 Turbo Stationair,L1P,L
A23A63,N2424T,NAVI,NORTH AMERICAN Navion,L1P,L
A23D63,N243Z,,,,
A23E63,N2436W,C72R,CESSNA 172R Cutlass RG,L1P,L
A23F63,N244FL,H25B,HAWKER BEECHCRAFT Hawker 750/850,L2J,M
A24163,N2441N,BIPL,EAA Biplane,L1P,L
A24563,N2453R,P28A,PIPER PA-28-140/150/160/180,L1P,L
A24963,N2465U,C72R,CESSNA 172R Cutlass RG,L1P,L
A24C63,N2470L,C172,CESSNA 172 Skyhawk,L1P,L
A24D63,N2477X,T206,CESSNA T206 Turbo Stationair,L1P,L
A25363,N249WA,C82S,CESSNA T182 Turbo Skylane,L1P,L
A25463,N2494S,,,,
A25563,N25CM,RV10,VANS RV-10,L1P,L
A25763,N25YZ,PA11,PIPER PA-11 Cub Special,L1P,L
A25B63,N251BW,M20P,MOONEY M-20,L1P,L
A26063,N252R,P32R,PIPER PA-32R-300/301/301T,L1P,L
A26263,N2528G,BALL,,B0-,-
A26563,N25329,FA24,FAIRCHILD F-24 Argus,L1P,L
A26963,N2545B,COL4,CESSNA 400 Corvalis TT,L1P,L
A26D63,N2557E,CH7A,BELLANCA 7 Champion,L1P,L
A27163,N2569H,ERCO,AIR PRODUCTS F-1 Aircoupe,L1P,L
A27463,N2574,WAC9,WACO 9,L1P,L
A27C63,N2598F,CH7A,BELLANCA 7 Champion,L1P,L
A27E63,N26TX,RV6,VANS RV-6,L1P,L
A28363,N261H,,,,
A28963,N2624V,C170,CESSNA 170,L1P,L
A29163,N26481,C72R,CESSNA 172R Cutlass RG,L1P,L
A29463,N2653T,P28B,PIPER PA-28-201T/235/236,L1P,L
A29563,N266BC,BE9L,BEECH 90 King Air,L2T,L
A29F63,N2682R,C182,CESSNA 182 Skylane,L1P,L
A2A963,N2704C,C170,CESSNA 170,L1P,L
A2B163,N2728J,C150,CESSNA 150,L1P,L
A2B663,N274LS,RV8,VANS RV-8,L1P,L
A2B963,N275DJ,GLF4,GULFSTREAM 4,L2J,M
A2BD63,N276GG,H47,BOEING-VERTOL CH-47 Chinook,H2T,M
A2BF63,N27619,TAYB,TAYLORCRAFT BC/BF/BL,L1P,L
A2C063,N2769K,C180,CESSNA  180 Skywagon,L1P,L
A2C163,N277KE,PC24,PILATUS PC-24,L2J,M
A2C763,N2786E,CH7A,BELLANCA 7 Champion,L1P,L
A2C963,N279RA,CH7B,BELLANCA 7 Citabria,L1P,L
A2CA63,N27907,EXEC,ROTORWAY Exec,H1P,L
A2CC63,N28HT,B06,BELL 206 JetRanger,H1T,L
A2D163,N28072,,,,
A2D463,N2812U,C172,CESSNA 172 Skyhawk,L1P,L
A2D563,N28195,BL17,BELLANCA 17 Viking,L1P,L
A2DC63,N28360,P28A,PIPER PA-28-140/150/160/180,L1P,L
A2E063,N28483,AA5,AMERICAN AA-5 Tiger,L1P,L
A2E763,N2865Y,C182,CESSNA 182 Skylane,L1P,L
A2E863,N287EC,G280,GULFSTREAM G280,L2J,M
A2EB63,N28771,AA5,AMERICAN AA-5 Tiger,L1P,L
A2EE63,N2882T,PA34,PIPER PA-34 Seneca,L2P,L
A2F263,N2894W,BE35,BEECH 35 Starfire Bonanza,L1P,L
A2F363,N29CR,RV4,VANS RV-4,L1P,L
A2F463,N29NX,CAMP,GREGA GN-1 Aircamper,L1P,L
A2F863,N2904E,CH7A,BELLANCA 7 Champion,L1P,L
A2F963,N291C,S108,STINSON 108 Voyager,L1P,L
A2FF63,N2921,VJ22,VOLMER Sportsman,A1P,L
A30063,N2928L,M20P,MOONEY M-20,L1P,L
A30363,N2933C,C180,CESSNA  180 Skywagon,L1P,L
A30663,N294X,FA7X,DASSAULT Falcon 7X,L3J,M
A30863,N295DL,SR22,CIRRUS SR-22,L1P,L
A30B63,N2957J,C150,CESSNA 150,L1P,L
A30E63,N2962A,C180,CESSNA  180 Skywagon,L1P,L
A30F63,N2969M,PA12,PIPER PA-12 Super Cruiser,L1P,L
A31263,N2974D,C170,CESSNA 170,L1P,L
A31963,N29909,WACF,WACO F,L1P,L
A31A63,N2998K,C180,CESSNA  180 Skywagon,L1P,L
A31B63,N3HV,GLAS,Glasair,L1P,L
A31C63,N3UA,YAK3,YAKOVLEV Yak-3,L1P,L
A31D63,N30EF,C172,CESSNA 172 Skyhawk,L1P,L
A31F63,N300AS,BE55,BEECH 55 Baron,L2P,L
A32263,N3005K,P28A,PIPER PA-28-140/150/160/180,L1P,L
A32563,N3010B,C195,CESSNA 195,L1P,L
A32663,N3017N,C120,CESSNA 120,L1P,L
A32963,N3022E,C82R,CESSNA R182 Skylane RG,L1P,L
A32C63,N303VS,B212,BELL 212,H2T,L
A32D63,N3034H,ERCO,AIR PRODUCTS F-1 Aircoupe,L1P,L
A33363,N305RG,MR35,MURPHY SR-3500 Super Rebel,L1P,L
A33463,N3051C,BE35,BEECH 35 Starfire Bonanza,L1P,L
A33863,N3063F,C182,CESSNA 182 Skylane,L1P,L
A33C63,N3075J,RS12,RANS S-12 Super Airaile,L1P,L
A33F63,N3080A,BALL,,B0-,-
A34263,N309ST,MT,ROTORSPORT MTOSport,G1P,L
A34563,N31KK,RV9,VANS RV-9,L1P,L
A34663,N31VR,P337,CESSNA P337 Skymaster,L2P,L
A34763,N310FW,M20P,MOONEY M-20,L1P,L
A34963,N3101Y,C182,CESSNA 182 Skylane,L1P,L
A34A63,N31089,J3,PIPER J-3 Cub,L1P,L
A34D63,N31131,E45X,EMBRAER ERJ-145XR,L2J,M
A35263,N313EJ,RV10,VANS RV-10,L1P,L
A35463,N3130W,BE95,BEECH 95 Travel Air,L2P,L
A35563,N31377,PA32,PIPER PA-32,L1P,L
A35963,N315,AA5,AMERICAN AA-5 Tiger,L1P,L
A35A63,N315LE,,,,
A35E63,N316PC,C150,CESSNA 150,L1P,L
A36263,N317SA,EA50,ECLIPSE 550,L2J,L
A36363,N3171X,C150,CESSNA 150,L1P,L
A36463,N31788,,,,
A36E63,N320AU,PA44,PIPER PA-44 Seminole,L2P,L
A36F63,N320M,LNC2,LANCAIR 200-320,L1P,L
A37263,N321DS,BE35,BEECH 35 Starfire Bonanza,L1P,L
A38063,N3246N,J3,PIPER J-3 Cub,L1P,L
A38363,N3251E,ACAM,LEZA Air Cam,L2P,L
A38763,N3263H,ERCO,AIR PRODUCTS F-1 Aircoupe,L1P,L
A38B63,N3275L,C172,CESSNA 172 Skyhawk,L1P,L
A38E63,N3280C,BE35,BEECH 35 Starfire Bonanza,L1P,L
A39263,N3292F,M20P,MOONEY M-20,L1P,L
A39363,N3299S,C182,CESSNA 182 Skylane,L1P,L
A39463,N33KM,BE18,BEECH 18 Expetitor,L2P,L
A39563,N33VT,C310,CESSNA 310,L2P,L
A39863,N33010,J3,PIPER J-3 Cub,L1P,L
A39C63,N33133,PA32,PIPER PA-32,L1P,L
A3A063,N33256,J3,PIPER J-3 Cub,L1P,L
A3A263,N333QS,E55P,EMBRAER EMB-505 Phenom 300,L2J,M
A3A363,N3330Y,C182,CESSNA 182 Skylane,L1P,L
A3A463,N33379,P28R,PIPER PA-28R-180/200/201,L1P,L
A3A763,N33421,J5,PIPER J-5 Cub Cruiser,L1P,L
A3AF63,N33667,P28A,PIPER PA-28-140/150/160/180,L1P,L
A3B563,N338VA,,,,
A3B663,N33832,PA34,PIPER PA-34 Seneca,L2P,L
A3BB63,N34EK,CH75,ZENAIR CH-750 Cruzer,L1P,L
A3BE63,N340MB,C340,CESSNA 340 Super,L2P,L
A3C363,N3410F,C182,CESSNA 182 Skylane,L1P,L
A3C563,N342GS,CVLP,CONVAIR Convairliner,L2P,M
A3C763,N3422J,C150,CESSNA 150,L1P,L
A3C863,N3429V,C150,CESSNA 150,L1P,L
A3CB63,N3434M,CL35,BOMBARDIER BD-100 Challenger 350,L2J,M
A3D163,N345RL,LJ45,LEARJET 45,L2J,M
A3D363,N3458T,C177,CESSNA  177 Cardinal,L1P,L
A3D663,N3463K,J3,PIPER J-3 Cub,L1P,L
A3D763,N347AV,AVID,AVID Flyer,L1P,L
A3D863,N347MA,BL8,BELLANCA 8 Decathlon,L1P,L
A3E563,N350G,SX30,SWEARINGEN SX-300,L1P,L
A3E663,N350SF,COL3,CESSNA 350 Corvalis,L1P,L
A3E763,N35012,C177,CESSNA  177 Cardinal,L1P,L
A3E863,N3509C,C170,CESSNA 170,L1P,L
A3EB63,N35135,ULAC,,L0-,-
A3EF63,N35258,J3,PIPER J-3 Cub,L1P,L
A3F663,N35423,C172,CESSNA 172 Skyhawk,L1P,L
A3F763,N355AC,RJ85,AVRO RJ-85 Avroliner,L4J,M
A3FA63,N35546,C172,CESSNA 172 Skyhawk,L1P,L
A3FB63,N356DA,DA40,DIAMOND DA-40 Club Star,L1P,L
A3FE63,N35669,C172,CESSNA 172 Skyhawk,L1P,L
A40163,N35711,C172,CESSNA 172 Skyhawk,L1P,L
A40263,N3579B,PA18,PIPER PA-18 Super Cub,L1P,L
A40563,N35834,PA31,PIPER PA-31-300/310/325/350/425,L2P,L
A40963,N35957,T206,CESSNA T206 Turbo Stationair,L1P,L
A40A63,N36EM,ULAC,,L0-,-
A40C63,N360AY,LJ35,LEARJET 35,L2J,M
A40D63,N360MD,SREY,PROGRESSIVE AERODYNE SeaRey,A1P,L
A41263,N3610H,M20P,MOONEY M-20,L1P,L
A41563,N362T,BE35,BEECH 35 Starfire Bonanza,L1P,L
A41663,N3622L,C172,CESSNA 172 Skyhawk,L1P,L
A41863,N363KS,AS21,SCHLEICHER ASK-21,L1P,L
A41E63,N3646S,C172,CESSNA 172 Skyhawk,L1P,L
A42963,N3675Q,BE23,BEECH 23 Sundowner,L1P,L
A42C63,N3680G,B25,CONSOLIDATED B-25 Mitchell,L2P,M
A42E63,N369GT,C182,CESSNA 182 Skylane,L1P,L
A43063,N3692K,J3,PIPER J-3 Cub,L1P,L
A43663,N37014,L8,LUSCOMBE 8,L1P,L
A43763,N3709E,AR11,AERONCA 11 Chief,L1P,L
A43E63,N3726,CL60,BOMBARDIER CL-600 Challenger,L2J,M
A44163,N37302,C340,CESSNA 340 Super,L2P,L
A44563,N37425,FA62,FAIRCHILD M-26 Cornell,L1P,L
A44663,N375AE,EC30,AIRBUS HELICOPTERS EC-130,H1T,L
A44963,N37548,B39M,BOEING 737 MAX 9,L2J,M
A44F63,N377SG,PARA,,P0-,-
A45163,N3779D,C182,CESSNA 182 Skylane,L1P,L
A45863,N37959,J5,PIPER J-5 Cub Cruiser,L1P,L
A45963,N38EP,SR22,CIRRUS SR-22,L1P,L
A45C63,N380MF,SYMP,OMF Symphony,L1P,L
A45E63,N3805T,P28R,PIPER PA-28R-180/200/201,L1P,L
A46163,N3810K,GC1,GLOBE Swift,L1P,L
A46463,N382TB,RV7,VANS RV-7,L1P,L
A46563,N3822N,BE35,BEECH 35 Starfire Bonanza,L1P,L
A46B63,N384NS,GLAS,Glasair,L1P,L
A46D63,N3846U,BE77,BEECH 77 Skipper,L1P,L
A47063,N3851L,BE36,BEECH 36 Bonanza,L1P,L
A47863,N3875S,C172,CESSNA 172 Skyhawk,L1P,L
A48163,N39KT,BE58,BEECH 58 Baron,L2P,L
A48563,N39016,AA1,AMERICAN AA-1,L1P,L
A48E63,N393ES,C72R,CESSNA 172R Cutlass RG,L1P,L
A49363,N394TW,CH65,ZENAIR CH-650 Zodiac,L1P,L
A49863,N3955,FH11,FAIRCHILD FH-1100,H1T,L
A49F63,N39715,P28A,PIPER PA-28-140/150/160/180,L1P,L
A4A063,N3979F,C172,CESSNA 172 Skyhawk,L1P,L
A4A363,N39838,BL17,BELLANCA 17 Viking,L1P,L
A4A863,N4ER,BE35,BEECH 35 Starfire Bonanza,L1P,L
A4AA63,N40BB,C182,CESSNA 182 Skylane,L1P,L
A4AB63,N40MH,RV12,VANS RV-12,L1P,L
A4AC63,N40XP,PTS1,PITTS S-1 Special,L1P,L
A4AF63,N4003A,M7,MAULE M-7,L1P,L
A4B163,N401LS,C172,CESSNA 172 Skyhawk,L1P,L
A4B263,N401WY,PA18,PIPER PA-18 Super Cub,L1P,L
A4B363,N4015D,C182,CESSNA 182 Skylane,L1P,L
A4B463,N402DJ,C172,CESSNA 172 Skyhawk,L1P,L
A4BA63,N40319,M4,MAULE M-4,L1P,L
A4BE63,N4044B,BALL,,B0-,-
A4C063,N405NC,B407,BELL 407,H1T,L
A4C463,N406RA,G3,REMOS Mirage,L1P,L
A4C563,N40607,J3,PIPER J-3 Cub,L1P,L
A4C963,N4073,MITE,MOONEY M-18,L1P,L
A4CF63,N409PP,,,,
A4D163,N4097F,C172,CESSNA 172 Skyhawk,L1P,L
A4D263,N41GF,P28R,PIPER PA-28R-180/200/201,L1P,L
A4D363,N41SM,SR22,CIRRUS SR-22,L1P,L
A4D963,N411RW,RV8,VANS RV-8,L1P,L
A4DA63,N4111S,BE58,BEECH 58 Baron,L2P,L
A4DC63,N412JN,RV12,VANS RV-12,L1P,L
A4E263,N4135Y,CH7B,BELLANCA 7 Citabria,L1P,L
A4E563,N4140Q,C310,CESSNA 310,L2P,L
A4E863,N415TG,C208,CESSNA 208 Caravan,L1T,L
A4EA63,N41594,PA18,PIPER PA-18 Super Cub,L1P,L
A4EF63,N417NX,NPOR,REDFERN Nieuport 24,L1P,L
A4F163,N4176Z,P32R,PIPER PA-32R-300/301/301T,L1P,L
A4F263,N418FP,DA40,DIAMOND DA-40 Club Star,L1P,L
A4F363,N418RV,RV8,VANS RV-8,L1P,L
A4F563,N41882,P28A,PIPER PA-28-140/150/160/180,L1P,L
A4F663,N419JM,SREY,PROGRESSIVE AERODYNE SeaRey,A1P,L
A4F963,N42BD,PA46,PIPER PA-46-310/350,L1P,L
A4FA63,N42MK,COY2,RANS Coyote 2,L1P,L
A4FB63,N42XR,RS12,RANS S-12 Super Airaile,L1P,L
A4FE63,N4203C,PA12,PIPER PA-12 Super Cruiser,L1P,L
A4FF63,N421AN,C421,CESSNA 421 Executive Commuter,L2P,L
A50663,N4227J,P28A,PIPER PA-28-140/150/160/180,L1P,L
A50D63,N4244D,BE35,BEECH 35 Starfire Bonanza,L1P,L
A51063,N425YL,YL15,BOEING 451 Scout,L1P,L
A51363,N426RC,RV4,VANS RV-4,L1P,L
A51463,N42609,C188,CESSNA 188 AgTruck,L1P,L
A51763,N427UA,A320,AIRBUS A-320,L2J,M
A51963,N428AM,SR22,CIRRUS SR-22,L1P,L
A52063,N4297H,M20P,MOONEY M-20,L1P,L
A52163,N43GH,GLID,,L0-,-
A52263,N43SP,DHC3,DE HAVILLAND DHC-3 Otter,L1P,L
A52663,N43062,P28R,PIPER PA-28R-180/200/201,L1P,L
A52963,N4311U,C337,CESSNA 337 Super Skymaster,L2P,L
A52D63,N4323X,P28A,PIPER PA-28-140/150/160/180,L1P,L
A53663,N435HC,GLF4,GULFSTREAM 4,L2J,M
A53863,N4352V,C195,CESSNA 195,L1P,L
A54063,N43761,P28R,PIPER PA-28R-180/200/201,L1P,L
A54363,N4381T,RS12,RANS S-12 Super Airaile,L1P,L
A54463,N43884,T6,NORTH AMERICAN T-6 Texan,L1P,L
A54863,N44BF,,,,
A54963,N44MM,MU30,MITSUBISHI MU-300 Diamond,L2J,M
A54A63,N44XT,L39,LET L-39 Albatros,L1J,L
A54E63,N441AQ,C441,CESSNA 441 Conquest,L2T,L
A55163,N4415H,PA15,PIPER PA-15 Vagabond,L1P,L
A55563,N4427L,C172,CESSNA 172 Skyhawk,L1P,L
A55863,N4432C,C195,CESSNA 195,L1P,L
A55E63,N445NG,PC12,PILATUS PC-12,L1T,L
A56363,N4461A,PA22,PIPER PA-22,L1P,L
A56C63,N449DM,ACR2,ACRO SPORT 2,L1P,L
A56F63,N4497K,NAVI,NORTH AMERICAN Navion,L1P,L
A57063,N45GK,RV6,VANS RV-6,L1P,L
A57163,N45SR,PA31,PIPER PA-31-300/310/325/350/425,L2P,L
A57563,N45064,N3N,NAVAL AIRCRAFT FACTORY N3N,L1P,L
A57763,N451S,BE36,BEECH 36 Bonanza,L1P,L
A57963,N45187,AA5,AMERICAN AA-5 Tiger,L1P,L
A57A63,N452JS,C182,CESSNA 182 Skylane,L1P,L
A58463,N45475,L8,LUSCOMBE 8,L1P,L
A58663,N455TL,,,,
A58763,N4552X,P32R,PIPER PA-32R-300/301/301T,L1P,L
A58863,N45598,L8,LUSCOMBE 8,L1P,L
A58963,N456LC,DHC2,DE HAVILLAND DHC-2 Beaver,L1P,L
A58D63,N457PA,G2CA,GUIMBAL G-2 Cabri,H1P,L
A59363,N45886,L8,LUSCOMBE 8,L1P,L
A59663,N4593Y,PA25,PIPER PA-25 Pawnee,L1P,L
A59763,N46BH,CASS,NATIONAL AERONAUTICS Cassutt 3M,L1P,L
A59863,N46MP,C72R,CESSNA 172R Cutlass RG,L1P,L
A59D63,N461AS,B739,BOEING 737-900,L2J,M
A5A363,N4620B,C180,CESSNA  180 Skywagon,L1P,L
A5A863,N4639R,P28A,PIPER PA-28-140/150/160/180,L1P,L
A5AB63,N4644H,M20P,MOONEY M-20,L1P,L
A5AC63,N465CC,PA11,PIPER PA-11 Cub Special,L1P,L
A5AF63,N4656L,C172,CESSNA 172 Skyhawk,L1P,L
A5B263,N4661C,C185,CESSNA 185 Skywagon,L1P,L
A5B663,N4673F,C206,CESSNA  206 Stationair,L1P,L
A5BA63,N4685J,P28R,PIPER PA-28R-180/200/201,L1P,L
A5C063,N47ST,RV4,VANS RV-4,L1P,L
A5C763,N4711Y,P28R,PIPER PA-28R-180/200/201,L1P,L
A5C863,N47189,C152,CESSNA 152,L1P,L
A5CC63,N473BL,DA40,DIAMOND DA-40 Club Star,L1P,L
A5CF63,N47354,C152,CESSNA 152,L1P,L
A5D263,N4740W,AC11,NORTH AMERICAN ROCKWELL Commander 112/114,L1P,L
A5D763,N476,J3,PIPER J-3 Cub,L1P,L
A5DA63,N47642,P28R,PIPER PA-28R-180/200/201,L1P,L
A5DC63,N477PC,P28A,PIPER PA-28-140/150/160/180,L1P,L
A5DE63,N47765,TAYD,TAYLORCRAFT DC/DF/DL,L1P,L
A5E163,N4781X,C150,CESSNA 150,L1P,L
A5E563,N47930,C152,CESSNA 152,L1P,L
A5E663,N48BK,RV8,VANS RV-8,L1P,L
A5E763,N48MR,PA12,PIPER PA-12 Super Cruiser,L1P,L
A5E963,N480JB,EN48,ENSTROM TH-28,H1T,L
A5EB63,N4803J,FOX,KITFOX,L1P,L
A5EF63,N4815M,BE36,BEECH 36 Bonanza,L1P,L
A5F063,N482DS,B738,BOEING 737-800,L2J,M
A5F263,N4820D,C172,CESSNA 172 Skyhawk,L1P,L
A5F763,N4839T,C82S,CESSNA T182 Turbo Skylane,L1P,L
A5FA63,N4844K,P210,CESSNA P210 Centurion,L1P,L
A5FF63,N486FC,ULAC,,L0-,-
A60663,N488AT,M20P,MOONEY M-20,L1P,L
A60963,N4885L,P28A,PIPER PA-28-140/150/160/180,L1P,L
A60E63,N49GP,C182,CESSNA 182 Skylane,L1P,L
A61563,N491SD,SR22,CIRRUS SR-22,L1P,L
A61663,N49110,AR6T,AERONCA 65 Tandem,L1P,L
A61A63,N49233,C152,CESSNA 152,L1P,L
A61B63,N493BN,UH12,HILLER UH-12,H1P,L
A62763,N496LG,AS50,AEROSPATIALE AS-350 Ecureuil,H1T,L
A62863,N496WN,B737,BOEING 737-700,L2J,M
A63063,N4981Z,PA22,PIPER PA-22,L1P,L
A63163,N4989,S76,SIKORSKY S-76 Spirit,H2T,L
A63363,N499VA,SR22,CIRRUS SR-22,L1P,L
A63563,N5BM,P28A,PIPER PA-28-140/150/160/180,L1P,L
A63663,N5MT,T34P,BEECH T-34 Mentor,L1P,L
A63863,N50JD,BE30,BEECH 300 Super King Air,L2T,L
A63A63,N500EQ,BE9L,BEECH 90 King Air,L2T,L
A63D63,N5008C,BE35,BEECH 35 Starfire Bonanza,L1P,L
A64063,N50125,BALL,,B0-,-
A64163,N502AE,CRJ7,BOMBARDIER Regional Jet CRJ-700,L2J,M
A64363,N502WS,SF50,CIRRUS SF-50 Vision,L1J,L
A64563,N503DC,ULAC,,L0-,-
A64B63,N50413,C150,CESSNA 150,L1P,L
A64F63,N50536,ST75,STEARMAN Kaydet,L1P,L
A65763,N5078B,RV4,VANS RV-4,L1P,L
A65E63,N50947,C172,CESSNA 172 Skyhawk,L1P,L
A65F63,N51DB,PA34,PIPER PA-34 Seneca,L2P,L
A66063,N51PH,C180,CESSNA  180 Skywagon,L1P,L
A66C63,N5128X,PARA,,P0-,-
A66D63,N513JG,VR7,VASHON Ranger R7,L1P,L
A66F63,N5133P,PA24,PIPER PA-24 Comanche,L1P,L
A67363,N5145S,P28R,PIPER PA-28R-180/200/201,L1P,L
A67763,N5157V,C172,CESSNA 172 Skyhawk,L1P,L
A67A63,N5162M,BE23,BEECH 23 Sundowner,L1P,L
A67C63,N517KT,R44,ROBINSON R-44 Raven,H1P,L
A68563,N5191K,NAVI,NORTH AMERICAN Navion,L1P,L
A68B63,N52004,C180,CESSNA  180 Skywagon,L1P,L
A68C63,N5208E,C180,CESSNA  180 Skywagon,L1P,L
A68F63,N52127,ST75,STEARMAN Kaydet,L1P,L
A69063,N522AG,R22,ROBINSON R-22 Mariner,H1P,L
A69963,N524SJ,RV9,VANS RV-9,L1P,L
A69A63,N52415,C182,CESSNA 182 Skylane,L1P,L
A69B63,N5249F,C172,CESSNA 172 Skyhawk,L1P,L
A69C63,N525KA,C25A,CESSNA 525A Citation CJ2,L2J,L
A69F63,N526BT,MUS2,BUSHBY M-2 Mustang 2,L1P,L
A6A263,N5266A,C310,CESSNA 310,L2P,L
A6A563,N52703,T50,CESSNA Bobcat,L2P,L
A6A663,N5278D,C172,CESSNA 172 Skyhawk,L1P,L
A6A763,N528HP,B06,BELL 206 JetRanger,H1T,L
A6A963,N52826,BALL,,B0-,-
A6AA63,N529AF,SW4,SWEARINGEN Metro,L2T,M
A6AE63,N53DD,C550,CESSNA 550 Citation S2,L2J,L
A6AF63,N53PK,P46T,PIPER PA-46-500TP,L1T,L
A6B163,N530KW,,,,
A6B263,N530WB,C172,CESSNA 172 Skyhawk,L1P,L
A6B363,N5304T,C172,CESSNA 172 Skyhawk,L1P,L
A6B563,N531NU,YK52,YAKOVLEV Yak-52,L1P,L
A6B763,N5316W,,,,
A6B863,N532FL,P28A,PIPER PA-28-140/150/160/180,L1P,L
A6B963,N532RS,C152,CESSNA 152,L1P,L
A6BA63,N5321N,ST75,STEARMAN Kaydet,L1P,L
A6BB63,N5328Z,C172,CESSNA 172 Skyhawk,L1P,L
A6BF63,N534BA,A5,ICON A-5,A1P,L
A6C263,N5345U,C82T,CESSNA TR182 Turbo Skylane RG,L1P,L
A6C563,N5350L,P28A,PIPER PA-28-140/150/160/180,L1P,L
A6C663,N5357X,PA18,PIPER PA-18 Super Cub,L1P,L
A6C863,N536TC,BT36,BEECH B36TC Bonanza,L1P,L
A6C963,N5362P,CH65,ZENAIR CH-650 Zodiac,L1P,L
A6D463,N5391M,KR2,RAND KR-2,L1P,L
A6D563,N5398Y,PA18,PIPER PA-18 Super Cub,L1P,L
A6D763,N54UP,J3,PIPER J-3 Cub,L1P,L
A6D963,N540R,RV4,VANS RV-4,L1P,L
A6DF63,N542AJ,,,,
A6E263,N5425B,C182,CESSNA 182 Skylane,L1P,L
A6E363,N543DG,C185,CESSNA 185 Skywagon,L1P,L
A6E963,N54417,PA32,PIPER PA-32,L1P,L
A6F163,N5466C,C170,CESSNA 170,L1P,L
A6F263,N547ET,C120,CESSNA 120,L1P,L
A6F563,N5478F,ERCO,AIR PRODUCTS F-1 Aircoupe,L1P,L
A6FC63,N5495A,T210,CESSNA T210 Turbo Centurion,L1P,L
A6FE63,N55PM,LGEZ,RUTAN Long-EZ,L1P,L
A6FF63,N55ZT,ULAC,,L0-,-
A70163,N550WD,C550,CESSNA 550 Citation S2,L2J,L
A70463,N551NW,B752,BOEING 757-200,L2J,M
A70963,N5521Q,C172,CESSNA 172 Skyhawk,L1P,L
A70D63,N5533T,C172,CESSNA 172 Skyhawk,L1P,L
A70E63,N554BC,S22T,CIRRUS SR-22T Turbo,L1P,L
A71263,N555EA,VP2,EVANS Volksplane,L1P,L
A71863,N5562R,BALL,,B0-,-
A71C63,N5574U,P28A,PIPER PA-28-140/150/160/180,L1P,L
A71D63,N558CP,H500,HUGHES 500,H1T,L
A72563,N56JK,BE95,BEECH 95 Travel Air,L2P,L
A72963,N56008,P28A,PIPER PA-28-140/150/160/180,L1P,L
A72D63,N5613A,ULAC,,L0-,-
A73263,N563DJ,H60,SIKORSKY UH-60 Black Hawk,H2T,M
A73563,N5637G,C182,CESSNA 182 Skylane,L1P,L
A73863,N56419,ULAC,,L0-,-
A73963,N5649K,BE35,BEECH 35 Starfire Bonanza,L1P,L
A73A63,N565KE,ASTR,GULFSTREAM AEROSPACE Gulfstream G100,L2J,M
A73C63,N5654B,M5,MAULE M-5,L1P,L
A74063,N5666E,C150,CESSNA 150,L1P,L
A74263,N567RA,FA10,DASSAULT Falcon 100,L2J,M
A74763,N5683,WAIX,SONEX Waiex,L1P,L
A74B63,N5695C,M20P,MOONEY M-20,L1P,L
A74C63,N57DH,ZZZZ,,-0-,-
A74D63,N57PP,DISC,SCHEMPP-HIRTH Discus,L1P,L
A75963,N57283,M20P,MOONEY M-20,L1P,L
A76063,N5745Y,B06,BELL 206 JetRanger,H1T,L
A76363,N5750Q,M20P,MOONEY M-20,L1P,L
A76863,N57694,CH7A,BELLANCA 7 Champion,L1P,L
A76B63,N5774W,AS50,AEROSPATIALE AS-350 Ecureuil,H1T,L
A76C63,N578CR,ULAC,,L0-,-
A76F63,N5786Z,M20P,MOONEY M-20,L1P,L
A77163,N579RV,RV7,VANS RV-7,L1P,L
A77463,N58JM,B58T,BEECH 58TC Baron,L2P,L
A77963,N5808L,,,,
A77F63,N582X,,,,
A78263,N583PS,LJ45,LEARJET 45,L2J,M
A78963,N585KG,BE36,BEECH 36 Bonanza,L1P,L
A79363,N5878K,AC90,NORTH AMERICAN ROCKWELL Turbo Commander 690/840,L2T,L
A79563,N588UA,B752,BOEING 757-200,L2J,M
A7B663,N5962V,BIPL,EAA Biplane,L1P,L
A7C263,N59984,PA31,PIPER PA-31-300/310/325/350/425,L2P,L
A7C563,N60F,S108,STINSON 108 Voyager,L1P,L
A7C863,N600MS,BE36,BEECH 36 Bonanza,L1P,L
A7CE63,N60177,C150,CESSNA 150,L1P,L
A7D563,N60342,C150,CESSNA 150,L1P,L
A7DD63,N60588,C150,CESSNA 150,L1P,L
A7E063,N60630,C150,CESSNA 150,L1P,L
A7EB63,N6092Y,PA23,PIPER PA-23,L2P,L
A7ED63,N61LD,RV9,VANS RV-9,L1P,L
A7F063,N610SW,GLEX,BOMBARDIER BD-700 Global 6000/6500,L2J,M
A7F263,N6109T,C150,CESSNA 150,L1P,L
A7F963,N6126N,C82R,CESSNA R182 Skylane RG,L1P,L
A7FC63,N6131E,C172,CESSNA 172 Skyhawk,L1P,L
A80463,N6155L,,,,
A80563,N616DR,ULAC,,L0-,-
A80863,N6167P,PA24,PIPER PA-24 Comanche,L1P,L
A80E63,N618VT,DRON,,D0-,-
A80F63,N6184J,P28A,PIPER PA-28-140/150/160/180,L1P,L
A81063,N619CD,SR22,CIRRUS SR-22,L1P,L
A81163,N619NK,A320,AIRBUS A-320,L2J,M
A81563,N62RH,CH7A,BELLANCA 7 Champion,L1P,L
A81663,N620BN,DRON,,D0-,-
A81863,N620Y,PA11,PIPER PA-11 Cub Special,L1P,L
A81B63,N621QS,C68A,CESSNA 680 Citation Latitude,L2J,M
A81C63,N6210Y,T206,CESSNA T206 Turbo Stationair,L1P,L
A81D63,N62179,J3,PIPER J-3 Cub,L1P,L
A81E63,N622HJ,SR20,CIRRUS SR-20,L1P,L
A82063,N62221,B47G,BELL 47G,H1P,L
A82A63,N625SC,GL5T,BOMBARDIER BD-700 Global 5000/5500,L2J,M
A82E63,N626VA,A320,AIRBUS A-320,L2J,M
A82F63,N62632,RV4,VANS RV-4,L1P,L
A83463,N628EK,LJ55,LEARJET 55,L2J,M
A83B63,N63A,MUS2,BUSHBY M-2 Mustang 2,L1P,L
A83C63,N63LF,BE35,BEECH 35 Starfire Bonanza,L1P,L
A83D63,N63WM,GP3,OSPREY GP-3 Osprey 2,A1P,L
A83E63,N630GS,H25B,HAWKER BEECHCRAFT Hawker 750/850,L2J,M
A84063,N6302J,P28A,PIPER PA-28-140/150/160/180,L1P,L
A84163,N6309V,C72R,CESSNA 172R Cutlass RG,L1P,L
A84363,N631VW,,,,
A84463,N6314M,C152,CESSNA 152,L1P,L
A84863,N6326Q,M20P,MOONEY M-20,L1P,L
A84F63,N6343K,C150,CESSNA 150,L1P,L
A85163,N635MA,C402,CESSNA 402 Businessliner,L2P,L
A85E63,N6384L,AA1,AMERICAN AA-1,L1P,L
A86263,N6396P,,,,
A86463,N64RK,C182,CESSNA 182 Skylane,L1P,L
A86E63,N642TS,L8,LUSCOMBE 8,L1P,L
A88A63,N65AB,BALL,,B0-,-
A88B63,N65LH,B06,BELL 206 JetRanger,H1T,L
A88C63,N65WP,C172,CESSNA 172 Skyhawk,L1P,L
A88D63,N650GU,GLF6,GULFSTREAM G650,L2J,M
A88E63,N650T,BE95,BEECH 95 Travel Air,L2P,L
A89763,N6526S,BALL,,B0-,-
A89A63,N6531J,P28A,PIPER PA-28-140/150/160/180,L1P,L
A89B63,N6538V,C72R,CESSNA 172R Cutlass RG,L1P,L
A89E63,N6543M,S108,STINSON 108 Voyager,L1P,L
A8A063,N655MC,E550,EMBRAER EMB-550 Praetor 600,L2J,M
A8A263,N6555Q,,,,
A8A763,N657GT,B762,BOEING 767-200,L2J,H
A8AD63,N6584N,T210,CESSNA T210 Turbo Centurion,L1P,L
A8B263,N66FF,MU2,MITSUBISHI MU-2 Marquise,L2T,L
A8B363,N66RM,EXEC,ROTORWAY Exec,H1P,L
A8C363,N664DC,R66,ROBINSON R-66,H1T,L
A8C763,N665GA,C172,CESSNA 172 Skyhawk,L1P,L
A8CD63,N66636,C150,CESSNA 150,L1P,L
A8D463,N66801,BE36,BEECH 36 Bonanza,L1P,L
A8D963,N67AD,C182,CESSNA 182 Skylane,L1P,L
A8ED63,N6743P,PA24,PIPER PA-24 Comanche,L1P,L
A8F163,N6755S,C150,CESSNA 150,L1P,L
A8F563,N6767V,M20P,MOONEY M-20,L1P,L
A8FD63,N679CK,DRON,,D0-,-
A90263,N68RP,,,,
A90663,N6806B,PA22,PIPER PA-22,L1P,L
A90A63,N6818E,C175,CESSNA 175 Skylark,L1P,L
A91863,N68515,CH7A,BELLANCA 7 Champion,L1P,L
A92163,N688ER,S22T,CIRRUS SR-22T Turbo,L1P,L
A92363,N68803,T28,NORTH AMERICAN T-28,L1P,L
A92463,N6888D,,,,
A92763,N68926,C152,CESSNA 152,L1P,L
A92963,N69LM,RV8,VANS RV-8,L1P,L
A92A63,N69WT,BE95,BEECH 95 Travel Air,L2P,L
A92F63,N691KW,RV6,VANS RV-6,L1P,L
A93563,N6926W,P28A,PIPER PA-28-140/150/160/180,L1P,L
A93663,N693FL,P28A,PIPER PA-28-140/150/160/180,L1P,L
A93963,N6938Z,PA25,PIPER PA-25 Pawnee,L1P,L
A93D63,N695BA,CL30,BOMBARDIER BD-100 Challenger 300,L2J,M
A94663,N697TC,PARA,,P0-,-
A94A63,N698WA,P46T,PIPER PA-46-500TP,L1T,L
A94E63,N699YZ,SR20,CIRRUS SR-20,L1P,L
A94F63,N6996V,M20P,MOONEY M-20,L1P,L
A95063,N7FK,C172,CESSNA 172 Skyhawk,L1P,L
A95163,N7RR,T210,CESSNA T210 Turbo Centurion,L1P,L
A95363,N70NB,C501,CESSNA 501 Citation 1SP,L2J,L
A95763,N7003V,JUNR,BOLKOW BO-208 Junior,L1P,L
A95963,N701ML,CH70,ZENAIR CH-701 Stol,L1P,L
A95A63,N701XS,CH70,ZENAIR CH-701 Stol,L1P,L
A95C63,N702EC,S22T,CIRRUS SR-22T Turbo,L1P,L
A95E63,N7020Q,C172,CESSNA 172 Skyhawk,L1P,L
A96163,N703TG,AC11,NORTH AMERICAN ROCKWELL Commander 112/114,L1P,L
A96363,N70394,C185,CESSNA 185 Skywagon,L1P,L
A96C63,N706RV,RV10,VANS RV-10,L1P,L
A96E63,N70682,J3,PIPER J-3 Cub,L1P,L
A97163,N7073U,R22,ROBINSON R-22 Mariner,H1P,L
A97263,N708BD,BDOG,BRITISH AEROSPACE SA-3 Bulldog,L1P,L
A97563,N7085X,C150,CESSNA 150,L1P,L
A97A63,N71H,ERCO,AIR PRODUCTS F-1 Aircoupe,L1P,L
A97B63,N71TF,C180,CESSNA  180 Skywagon,L1P,L
A97C63,N710DL,CL30,BOMBARDIER BD-100 Challenger 300,L2J,M
A97D63,N710PS,CRJ7,BOMBARDIER Regional Jet CRJ-700,L2J,M
A97F63,N7107J,PARA,,P0-,-
A98163,N711SQ,FOX,KITFOX,L1P,L
A98263,N7112A,RV12,VANS RV-12,L1P,L
A98363,N7119M,C175,CESSNA 175 Skylark,L1P,L
A98A63,N7136G,C150,CESSNA 150,L1P,L
A98C63,N714RC,C150,CESSNA 150,L1P,L
A98D63,N71409,C172,CESSNA 172 Skyhawk,L1P,L
A98E63,N7148K,PA18,PIPER PA-18 Super Cub,L1P,L
A99263,N716AM,A109,AGUSTA AW-109 Grand,H2T,L
A99363,N716LT,C500,CESSNA 500 Citation 1,L2J,L
A99663,N717DK,T210,CESSNA T210 Turbo Centurion,L1P,L
A99763,N717PR,GLAS,Glasair,L1P,L
A99963,N7177H,J3,PIPER J-3 Cub,L1P,L
A99A63,N718GH,AS50,AEROSPATIALE AS-350 Ecureuil,H1T,L
A99B63,N718SP,SR22,CIRRUS SR-22,L1P,L
A99D63,N7189L,AA5,AMERICAN AA-5 Tiger,L1P,L
A9A063,N7194C,P28R,PIPER PA-28R-180/200/201,L1P,L
A9A763,N721BG,S76,SIKORSKY S-76 Spirit,H2T,L
A9AA63,N72150,C140,CESSNA 140,L1P,L
A9AB63,N722EE,C182,CESSNA 182 Skylane,L1P,L
A9AE63,N72273,C120,CESSNA 120,L1P,L
A9AF63,N723HC,LJ60,LEARJET 60,L2J,M
A9B163,N7232V,,,,
A9B563,N7244Y,PA30,PIPER PA-30 Twin Comanche,L2P,L
A9BB63,N726RX,AS26,SCHLEICHER ASH-26,L1P,L
A9BE63,N727JP,CH70,ZENAIR CH-701 Stol,L1P,L
A9C963,N73HB,,,,
A9D663,N733CA,C172,CESSNA 172 Skyhawk,L1P,L
A9D963,N7336J,P28A,PIPER PA-28-140/150/160/180,L1P,L
A9DA63,N734EZ,C172,CESSNA 172 Skyhawk,L1P,L
A9DB63,N734RE,C172,CESSNA 172 Skyhawk,L1P,L
A9DD63,N7348M,C175,CESSNA 175 Skylark,L1P,L
A9E163,N736AP,C172,CESSNA 172 Skyhawk,L1P,L
A9E263,N736LV,C172,CESSNA 172 Skyhawk,L1P,L
A9E363,N736XA,C172,CESSNA 172 Skyhawk,L1P,L
A9E463,N7365G,C172,CESSNA 172 Skyhawk,L1P,L
A9E563,N737DM,C185,CESSNA 185 Skywagon,L1P,L
A9E763,N737ZZ,C82R,CESSNA R182 Skylane RG,L1P,L
A9EA63,N738SR,C172,CESSNA 172 Skyhawk,L1P,L
A9EC63,N7389N,T210,CESSNA T210 Turbo Centurion,L1P,L
A9EE63,N739VP,C172,CESSNA 172 Skyhawk,L1P,L
A9F063,N74C,C172,CESSNA 172 Skyhawk,L1P,L
A9F363,N740JS,C25A,CESSNA 525A Citation CJ2,L2J,L
A9F663,N741BJ,ST75,STEARMAN Kaydet,L1P,L
A9FD63,N74275,AA5,AMERICAN AA-5 Tiger,L1P,L
AA0663,N745PA,P28A,PIPER PA-28-140/150/160/180,L1P,L
AA0863,N74563,R44,ROBINSON R-44 Raven,H1P,L
AA0B63,N7461V,M20P,MOONEY M-20,L1P,L
AA0C63,N74686,R44,ROBINSON R-44 Raven,H1P,L
AA0F63,N7473Y,PA30,PIPER PA-30 Twin Comanche,L2P,L
AA1363,N74851,R44,ROBINSON R-44 Raven,H1P,L
AA1863,N75HD,PA30,PIPER PA-30 Twin Comanche,L2P,L
AA1963,N75TK,PARA,,P0-,-
AA1B63,N750PW,CH75,ZENAIR CH-750 Cruzer,L1P,L
AA1D63,N7507N,R22,ROBINSON R-22 Mariner,H1P,L
AA2463,N7524H,PA12,PIPER PA-12 Super Cruiser,L1P,L
AA2B63,N7541C,ERCO,AIR PRODUCTS F-1 Aircoupe,L1P,L
AA2C63,N7548P,PA24,PIPER PA-24 Comanche,L1P,L
AA3063,N756AR,C82R,CESSNA R182 Skylane RG,L1P,L
AA3363,N7565J,P28R,PIPER PA-28R-180/200/201,L1P,L
AA3663,N7570A,C152,CESSNA 152,L1P,L
AA3763,N7577M,C175,CESSNA 175 Skylark,L1P,L
AA3B63,N7589Q,C310,CESSNA 310,L2P,L
AA3C63,N759KK,C182,CESSNA 182 Skylane,L1P,L
AA4563,N761BL,T210,CESSNA T210 Turbo Centurion,L1P,L
AA4663,N761MS,T210,CESSNA T210 Turbo Centurion,L1P,L
AA4763,N761XY,T210,CESSNA T210 Turbo Centurion,L1P,L
AA4863,N76154,C140,CESSNA 140,L1P,L
AA4B63,N7620W,P28A,PIPER PA-28-140/150/160/180,L1P,L
AA4C63,N76277,C140,CESSNA 140,L1P,L
AA5063,N764,T206,CESSNA T206 Turbo Stationair,L1P,L
AA5163,N764LE,EPIC,EPIC AIRCRAFT Epic LT,L1T,L
AA5763,N76565,C140,CESSNA 140,L1P,L
AA5963,N766SA,SR20,CIRRUS SR-20,L1P,L
AA6763,N77HF,C650,CESSNA 650 Citation,L2J,M
AA6963,N770DS,C550,CESSNA 550 Citation S2,L2J,L
AA6B63,N7700D,,,,
AA6E63,N771SW,PA31,PIPER PA-31-300/310/325/350/425,L2P,L
AA6F63,N7712G,B737,BOEING 737-700,L2J,M
AA7063,N7719T,C172,CESSNA 172 Skyhawk,L1P,L
AA7363,N7724K,C180,CESSNA  180 Skywagon,L1P,L
AA7663,N773YS,DRON,,D0-,-
AA7863,N774FC,,,,
AA7E63,N7753H,PA12,PIPER PA-12 Super Cruiser,L1P,L
AA8363,N777DR,C310,CESSNA 310,L2P,L
AA8463,N777PX,RV7,VANS RV-7,L1P,L
AA8563,N7770C,P28A,PIPER PA-28-140/150/160/180,L1P,L
AA8663,N7777P,PA24,PIPER PA-24 Comanche,L1P,L
AA8963,N7782F,C150,CESSNA 150,L1P,L
AA8E63,N78CD,SR22,CIRRUS SR-22,L1P,L
AA9663,N781Y,BE24,BEECH 24 Sierra,L1P,L
AA9963,N782QS,CL35,BOMBARDIER BD-100 Challenger 350,L2J,M
AA9A63,N7820Y,PA30,PIPER PA-30 Twin Comanche,L2P,L
AA9B63,N78279,GC1,GLOBE Swift,L1P,L
AA9E63,N78321,GC1,GLOBE Swift,L1P,L
AA9F63,N784AA,BE35,BEECH 35 Starfire Bonanza,L1P,L
AAA263,N78444,C172,CESSNA 172 Skyhawk,L1P,L
AAA663,N78567,PA12,PIPER PA-12 Super Cruiser,L1P,L
AAA863,N786SC,BE30,BEECH 300 Super King Air,L2T,L
AAA963,N7861Z,C150,CESSNA 150,L1P,L
AAAD63,N78732,PA11,PIPER PA-11 Cub Special,L1P,L
AAAF63,N788MT,RV8,VANS RV-8,L1P,L
AAB563,N78978,C172,CESSNA 172 Skyhawk,L1P,L
AAB663,N79HH,SR22,CIRRUS SR-22,L1P,L
AAB763,N79TP,GLAS,Glasair,L1P,L
AABA63,N7900F,C150,CESSNA 150,L1P,L
AAC363,N793CG,F2TH,DASSAULT Falcon 2000,L2J,M
AAC763,N794FE,C208,CESSNA 208 Caravan,L1T,L
AAC963,N7941G,C172,CESSNA 172 Skyhawk,L1P,L
AACA63,N7948T,C175,CESSNA 175 Skylark,L1P,L
AACB63,N795JC,RV4,VANS RV-4,L1P,L
AACD63,N7953K,BE35,BEECH 35 Starfire Bonanza,L1P,L
AACE63,N796AV,B788,BOEING 787-8 Dreamliner,L2J,H
AACF63,N796MA,C550,CESSNA 550 Citation S2,L2J,L
AAD163,N7965N,P28A,PIPER PA-28-140/150/160/180,L1P,L
AAD263,N797DT,C172,CESSNA 172 Skyhawk,L1P,L
AAD463,N7970E,C150,CESSNA 150,L1P,L
AAD863,N7982H,PA12,PIPER PA-12 Super Cruiser,L1P,L
AAD963,N7989U,C172,CESSNA 172 Skyhawk,L1P,L
AADC63,N7994L,BE23,BEECH 23 Sundowner,L1P,L
AADD63,PS-CIO,PAY2,PIPER PA-31T2-620 Cheyenne 2,L2T,L
AAE263,N800FJ,H25B,HAWKER BEECHCRAFT Hawker 750/850,L2J,M
AAE463,N8001L,C172,CESSNA 172 Skyhawk,L1P,L
AAE863,N8013P,PA24,PIPER PA-24 Comanche,L1P,L
AAE963,N802AZ,AT8T,AIR TRACTOR AT-802,L1T,M
AAEC63,N8025S,C150,CESSNA 150,L1P,L
AAEF63,N8030J,AEST,AEROSTAR 600,L2P,L
AAF263,N804TA,P208,TECNAM P-2008,L1P,L
AAF663,N805VZ,GLF4,GULFSTREAM 4,L2J,M
AAF763,N8054Q,,,,
AAFB63,N8066T,ZZZZ,,-0-,-
AAFE63,N8071K,S108,STINSON 108 Voyager,L1P,L
AAFF63,N8078W,,,,
AB0063,N808JF,DG80,DG FLUGZEUGBAU DG-800,L1P,L
AB0463,N809MD,E170,EMBRAER ERJ-170-100,L2J,M
AB0763,N81DW,PC12,PILATUS PC-12,L1T,L
AB1463,N8129F,C150,CESSNA 150,L1P,L
AB1763,N81338,FA24,FAIRCHILD F-24 Argus,L1P,L
AB1B63,N8146A,P28A,PIPER PA-28-140/150/160/180,L1P,L
AB1C63,N815ER,C172,CESSNA 172 Skyhawk,L1P,L
AB2363,N817AF,GLF4,GULFSTREAM 4,L2J,M
AB2563,N817WT,SR22,CIRRUS SR-22,L1P,L
AB2663,N81749,P28A,PIPER PA-28-140/150/160/180,L1P,L
AB2A63,N8187B,C172,CESSNA 172 Skyhawk,L1P,L
AB2C63,N819SH,C560,CESSNA 560 Citation Ultra,L2J,M
AB2F63,N82K,,,,
AB3363,N8201N,P28A,PIPER PA-28-140/150/160/180,L1P,L
AB3763,N8213R,BL17,BELLANCA 17 Viking,L1P,L
AB3963,N822MG,EDGE,ZIVKO Edge 540,L1P,L
AB3B63,N8225U,P28A,PIPER PA-28-140/150/160/180,L1P,L
AB3E63,N8230L,C172,CESSNA 172 Skyhawk,L1P,L
AB4263,N8242P,PA24,PIPER PA-24 Comanche,L1P,L
AB4363,N82490,CH7A,BELLANCA 7 Champion,L1P,L
AB4763,N826CM,C421,CESSNA 421 Executive Commuter,L2P,L
AB4D63,N8271M,T210,CESSNA T210 Turbo Centurion,L1P,L
AB5063,N828UP,B350,BEECHCRAFT Super King Air 350,L2T,M
AB5263,N829B,L8,LUSCOMBE 8,L1P,L
AB5563,N8295T,P28A,PIPER PA-28-140/150/160/180,L1P,L
AB5B63,N8305B,C172,CESSNA 172 Skyhawk,L1P,L
AB5F63,N8317E,P32R,PIPER PA-32R-300/301/301T,L1P,L
AB6263,N83217,CH7A,BELLANCA 7 Champion,L1P,L
AB6A63,N8346C,P28A,PIPER PA-28-140/150/160/180,L1P,L
AB6E63,N8358F,R22,ROBINSON R-22 Mariner,H1P,L
AB7963,N8387D,P32R,PIPER PA-32R-300/301/301T,L1P,L
AB7B63,N839SK,CRJ9,BOMBARDIER Regional Jet CRJ-900,L2J,M
AB7C63,N83916,CH7A,BELLANCA 7 Champion,L1P,L
AB7E63,N84KB,DC3,DOUGLAS DC-3 Dakota,L2P,M
AB8263,N8401Q,C185,CESSNA 185 Skywagon,L1P,L
AB8363,N84081,CH7A,BELLANCA 7 Champion,L1P,L
AB8463,N841JL,T210,CESSNA T210 Turbo Centurion,L1P,L
AB8663,N8413T,PA34,PIPER PA-34 Seneca,L2P,L
AB8A63,N8425W,P28A,PIPER PA-28-140/150/160/180,L1P,L
AB8D63,N8430N,C421,CESSNA 421 Executive Commuter,L2P,L
AB9163,N8442R,P28A,PIPER PA-28-140/150/160/180,L1P,L
AB9263,N84492,C182,CESSNA 182 Skylane,L1P,L
ABA063,N8483S,C182,CESSNA 182 Skylane,L1P,L
ABA263,N849MH,EC30,AIRBUS HELICOPTERS EC-130,H1T,L
ABAA63,N8505D,PA22,PIPER PA-22,L1P,L
ABB963,N8546E,,,,
ABBB63,N855RA,BE40,BEECH 400 Beechjet,L2J,M
ABBD63,N8558H,NAVI,NORTH AMERICAN Navion,L1P,L
ABC463,N8575C,KR2,RAND KR-2,L1P,L
ABCB63,N85918,C337,CESSNA 337 Super Skymaster,L2P,L
ABCD63,N86KD,,,,
ABD063,N860RW,E170,EMBRAER ERJ-170-100,L2J,M
ABD563,N8613V,CH7B,BELLANCA 7 Citabria,L1P,L
ABDD63,N86371,E75L,EMBRAER ERJ-170-200 (long wing),L2J,M
ABE463,N8654W,P28B,PIPER PA-28-201T/235/236,L1P,L
ABEB63,N8671R,GLID,,L0-,-
ABED63,N868JM,RV8,VANS RV-8,L1P,L
ABEF63,N8683U,C172,CESSNA 172 Skyhawk,L1P,L
ABF463,N87EB,S22T,CIRRUS SR-22T Turbo,L1P,L
ABFA63,N871DL,S22T,CIRRUS SR-22T Turbo,L1P,L
AC0163,N8729M,RV9,VANS RV-9,L1P,L
AC0463,N8734D,PA22,PIPER PA-22,L1P,L
AC0C63,N8758K,S108,STINSON 108 Voyager,L1P,L
AC0E63,N876UA,A319,AIRBUS A-319,L2J,M
AC0F63,N8763B,C172,CESSNA 172 Skyhawk,L1P,L
AC1063,N877AM,,,,
AC1563,N878PR,C510,CESSNA 510 Citation Mustang,L2J,L
AC1763,N8787H,NAVI,NORTH AMERICAN Navion,L1P,L
AC1963,N879SP,RV10,VANS RV-10,L1P,L
AC1C63,N88KF,M5,MAULE M-5,L1P,L
AC2063,N8801U,C172,CESSNA 172 Skyhawk,L1P,L
AC2163,N88085,CH7B,BELLANCA 7 Citabria,L1P,L
AC2463,N8813X,C182,CESSNA 182 Skylane,L1P,L
AC3263,N885WG,,,,
AC3363,N8854Y,PA30,PIPER PA-30 Twin Comanche,L2P,L
AC3463,N886CT,C72R,CESSNA 172R Cutlass RG,L1P,L
AC3763,N88661,J3,PIPER J-3 Cub,L1P,L
AC4363,N89ED,BE36,BEECH 36 Bonanza,L1P,L
AC4963,N891DN,B739,BOEING 737-900,L2J,M
AC4B63,N8910,,,,
AC4D63,N892GL,A320,AIRBUS A-320,L2J,M
AC4E63,N892SS,GLF6,GULFSTREAM G650,L2J,M
AC5763,N8946J,P28A,PIPER PA-28-140/150/160/180,L1P,L
AC5E63,N8963D,PA22,PIPER PA-22,L1P,L
AC6363,N898DM,BE36,BEECH 36 Bonanza,L1P,L
AC7063,N900NL,DHC2,DE HAVILLAND DHC-2 Beaver,L1P,L
AC7163,N900YS,,,,
AC7363,N901FC,P28A,PIPER PA-28-140/150/160/180,L1P,L
AC7463,N901RJ,C172,CESSNA 172 Skyhawk,L1P,L
AC7563,N9011E,AR11,AERONCA 11 Chief,L1P,L
AC7663,N9018R,,,,
AC7A63,N903AT,BE36,BEECH 36 Bonanza,L1P,L
AC7E63,N904DR,C172,CESSNA 172 Skyhawk,L1P,L
AC8063,N9040C,C82R,CESSNA R182 Skylane RG,L1P,L
AC8263,N905GP,BE20,BEECH 200 Super King Air,L2T,M
AC8463,N9052F,H500,HUGHES 500,H1T,L
AC8563,N9059S,BE9L,BEECH 90 King Air,L2T,L
AC8763,N906VT,ULAC,,L0-,-
AC8863,N9064J,P28A,PIPER PA-28-140/150/160/180,L1P,L
AC8963,N907CD,SR22,CIRRUS SR-22,L1P,L
AC8A63,N907NK,A20N,AIRBUS A-320neo,L2J,M
AC8C63,N9076M,C180,CESSNA  180 Skywagon,L1P,L
AC9063,N9088Q,P28A,PIPER PA-28-140/150/160/180,L1P,L
AC9163,N909J,CL60,BOMBARDIER CL-600 Challenger,L2J,M
AC9363,N9093G,C182,CESSNA 182 Skylane,L1P,L
AC9463,N91AS,DV20,DIAMOND DA-20,L1P,L
AC9A63,N911AA,AS50,AEROSPATIALE AS-350 Ecureuil,H1T,L
AC9B63,N911LG,B407,BELL 407,H1T,L
AC9C63,N911WN,PC12,PILATUS PC-12,L1T,L
AC9D63,N91144,PA18,PIPER PA-18 Super Cub,L1P,L
ACA263,N913FX,AT43,ATR-42-300,L2T,M
ACA363,N913SC,H25B,HAWKER BEECHCRAFT Hawker 750/850,L2J,M
ACA463,N9131Z,PA46,PIPER PA-46-310/350,L1P,L
ACA763,N914VA,RV14,VANS RV-14,L1P,L
ACA863,N91432,ULAC,,L0-,-
ACAF63,N9160X,PA46,PIPER PA-46-310/350,L1P,L
ACB063,N91678,M20P,MOONEY M-20,L1P,L
ACB263,N917TP,PA31,PIPER PA-31-300/310/325/350/425,L2P,L
ACB363,N91720,NAVI,NORTH AMERICAN Navion,L1P,L
ACB463,N918A,HDJT,HONDA HondaJet,L2J,L
ACB563,N918LF,C25C,CESSNA 525C Citation CJ4,L2J,M
ACB663,N918WM,C82T,CESSNA TR182 Turbo Skylane RG,L1P,L
ACB763,N91843,GLID,,L0-,-
ACB963,N919PD,B429,BELL 429 GlobalRanger,H2T,L
ACBB63,N91966,C72R,CESSNA 172R Cutlass RG,L1P,L
ACBE63,N920CG,A20N,AIRBUS A-320neo,L2J,M
ACBF63,N920NN,B738,BOEING 737-800,L2J,M
ACC263,N921FE,C208,CESSNA 208 Caravan,L1T,L
ACC563,N9218T,Y18T,YAKOVLEV Yak-18T,L1P,L
ACC663,N922JC,BE9L,BEECH 90 King Air,L2T,L
ACD363,N9252H,C172,CESSNA 172 Skyhawk,L1P,L
ACD463,N9259U,C150,CESSNA 150,L1P,L
ACDC63,N928FD,B752,BOEING 757-200,L2J,M
ACE063,N929JB,A321,AIRBUS A-321,L2J,M
ACE263,N9293J,P28A,PIPER PA-28-140/150/160/180,L1P,L
ACE463,N93M,GLF6,GULFSTREAM G650,L2J,M
ACE763,N930TS,TBM7,SOCATA TBM-700A/B/C,L1T,L
ACE863,N93023,T206,CESSNA T206 Turbo Stationair,L1P,L
ACE963,N931AC,M20T,MOONEY M-20T,L1P,L
ACED63,N932DA,DV20,DIAMOND DA-20,L1P,L
ACF763,N93434,C152,CESSNA 152,L1P,L
AD0263,N93722,M20P,MOONEY M-20,L1P,L
AD0663,N93845,C210,CESSNA 201 Centurion,L1P,L
AD0A63,N93968,ERCO,AIR PRODUCTS F-1 Aircoupe,L1P,L
AD0C63,N94SD,PA12,PIPER PA-12 Super Cruiser,L1P,L
AD1063,N9406S,BE35,BEECH 35 Starfire Bonanza,L1P,L
AD1363,N9411J,P28A,PIPER PA-28-140/150/160/180,L1P,L
AD1763,N9423M,C182,CESSNA 182 Skylane,L1P,L
AD2663,N9464N,P28R,PIPER PA-28R-180/200/201,L1P,L
AD2763,N947CH,H47,BOEING-VERTOL CH-47 Chinook,H2T,M
AD2C63,N948RM,C25B,CESSNA 525B Citation CJ3,L2J,L
AD2E63,N9488U,C150,CESSNA 150,L1P,L
AD3263,N95AW,RV6,VANS RV-6,L1P,L
AD3363,N95MB,C182,CESSNA 182 Skylane,L1P,L
AD3763,N95025,TAYB,TAYLORCRAFT BC/BF/BL,L1P,L
AD3A63,N951WS,RV8,VANS RV-8,L1P,L
AD3B63,N95148,TAYB,TAYLORCRAFT BC/BF/BL,L1P,L
AD3D63,N952PJ,C68A,CESSNA 680 Citation Latitude,L2J,M
AD4263,N95313,TAYB,TAYLORCRAFT BC/BF/BL,L1P,L
AD4363,N9539D,C82S,CESSNA T182 Turbo Skylane,L1P,L
AD4663,N95436,P28A,PIPER PA-28-140/150/160/180,L1P,L
AD4A63,N95559,TAYB,TAYLORCRAFT BC/BF/BL,L1P,L
AD4D63,N95601,TAYB,TAYLORCRAFT BC/BF/BL,L1P,L
AD5063,N957TT,CRER,RANS Courier,L1P,L
AD5663,N959DB,M7,MAULE M-7,L1P,L
AD5A63,N96G,C25B,CESSNA 525B Citation CJ3,L2J,L
AD5C63,N960CL,F900,DASSAULT Falcon 900,L3J,M
AD6463,N962JG,RV7,VANS RV-7,L1P,L
AD6A63,N9635S,CH7A,BELLANCA 7 Champion,L1P,L
AD6F63,N965GV,P06T,TECNAM P-2006T,L2P,L
AD7163,N9652M,M20P,MOONEY M-20,L1P,L
AD7263,N9659Y,BE35,BEECH 35 Starfire Bonanza,L1P,L
AD7963,N9676T,P28R,PIPER PA-28R-180/200/201,L1P,L
AD8263,N97MD,AS65,AEROSPATIALE AS-365 Dauphin 2,H2T,L
AD8563,N970TW,MD83,MCDONNELL-DOUGLAS MD-83,L2J,M
AD9563,N97438,S108,STINSON 108 Voyager,L1P,L
AD9C63,N97603,S108,STINSON 108 Voyager,L1P,L
ADA163,N978AF,PC12,PILATUS PC-12,L1T,L
ADA963,N98GB,RV4,VANS RV-4,L1P,L
ADB163,N9811N,,,,
ADB563,N9823R,BE35,BEECH 35 Starfire Bonanza,L1P,L
ADB663,N983BA,B38M,BOEING 737 MAX 8,L2J,M
ADC163,N98590,C340,CESSNA 340 Super,L2P,L
ADC363,N986WA,S05R,SIAI-MARCHETTI S-205-22R,L1P,L
ADC563,N987CM,C510,CESSNA 510 Citation Mustang,L2J,L
ADC863,N9876V,C172,CESSNA 172 Skyhawk,L1P,L
ADCB63,N9881M,C182,CESSNA 182 Skylane,L1P,L
ADCF63,N9893Q,C172,CESSNA 172 Skyhawk,L1P,L
ADD063,N99B,GC1,GLOBE Swift,L1P,L
ADD163,N99MF,PTS2,PITTS S-2 Special,L1P,L
ADD663,N991AJ,COL4,CESSNA 400 Corvalis TT,L1P,L
ADD863,N991WW,BE20,BEECH 200 Super King Air,L2T,M
ADD963,N9915B,C72R,CESSNA 172R Cutlass RG,L1P,L
ADE063,N99317,ERCO,AIR PRODUCTS F-1 Aircoupe,L1P,L
ADE163,N9939H,C82S,CESSNA T182 Turbo Skylane,L1P,L
ADE263,N994KC,R44,ROBINSON R-44 Raven,H1P,L
ADE463,N9944,,,,
ADE563,N995BV,DRON,,D0-,-
ADE663,N995NA,C172,CESSNA 172 Skyhawk,L1P,L
ADEB63,N99605,R44,ROBINSON R-44 Raven,H1P,L
ADEC63,N9968F,C72R,CESSNA 172R Cutlass RG,L1P,L
ADEE63,N997TX,C182,CESSNA 182 Skylane,L1P,L
ADF463,N999DF,P46T,PIPER PA-46-500TP,L1T,L
ADF563,N999PM,F900,DASSAULT Falcon 900,L3J,M
ADF663,N999ZT,ULAC,,L0-,-
ADFC63,90-0405,BE40,BEECH 400 Beechjet,L2J,M
ADFE63,91-1232,C130,LOCKHEED C-130 Hercules,L4T,M
ADFF63,69-7085,T38,NORTHROP T-38 Talon,L2J,L
AE0063,66-4345,T38,NORTHROP T-38 Talon,L2J,L
AE0163,58-0052,K35R,BOEING KC-135R/T Stratotanker,L4J,H
AE0263,61-0324,K35R,BOEING KC-135R/T Stratotanker,L4J,H
AE0363,60-0341,K35R,BOEING KC-135R/T Stratotanker,L4J,H
AE0463,162148,C2,GRUMMAN C-2 Greyhound,L2T,M
AE0563,85-0006,C5M,LOCKHEED C-5 Super Galaxy,L4J,H
AE0663,60-0364,K35R,BOEING KC-135R/T Stratotanker,L4J,H
AE0863,159351,S61,SIKORSKY S-61 Sea King,H2T,M
AE0C63,93-26515,H60,SIKORSKY UH-60 Black Hawk,H2T,M
AE0E63,98-26796,H60,SIKORSKY UH-60 Black Hawk,H2T,M
AE1163,02-8155,C30J,LOCKHEED MARTIN C-130J Super Hercules,L4T,M
AE1463,06-6165,C17,BOEING C-17 Globemaster 3,L4J,H
AE1E63,07-3899,TEX2,BEECHCRAFT T-6 Texan 2,L1T,L
AE1F63,08-72084,EC45,AIRBUS HELICOPTERS EC-145,H2T,L
AE2063,14-72340,EC45,AIRBUS HELICOPTERS EC-145,H2T,L
AE2663,6509,AS65,AEROSPATIALE AS-365 Dauphin 2,H2T,L
AE2863,86-0162,F15,MCDONNELL-DOUGLAS F-15 Eagle,L2J,M
AE2F63,09-00646,B350,BEECHCRAFT Super King Air 350,L2T,M
AE4863,09-20181,H60,SIKORSKY UH-60 Black Hawk,H2T,M
AE4C63,11-00289,B350,BEECHCRAFT Super King Air 350,L2T,M
AE5263,08-08054,H47,BOEING-VERTOL CH-47 Chinook,H2T,M
AE5363,12-20462,H60,SIKORSKY UH-60 Black Hawk,H2T,M
AE5663,12-20485,H60,SIKORSKY UH-60 Black Hawk,H2T,M
AE5963,13-5786,C30J,LOCKHEED MARTIN C-130J Super Hercules,L4T,M
AE5A63,15-72375,EC45,AIRBUS HELICOPTERS EC-145,H2T,L
AE5C63,169337,P8,BOEING P-8 Poseidon,L2J,M
AE5D63,16-20858,H60,SIKORSKY UH-60 Black Hawk,H2T,M
AE6963,170000,C30J,LOCKHEED MARTIN C-130J Super Hercules,L4T,M
AE6C63,20-03325,H64,MCDONNELL DOUGLAS AH-64 Apache,H2T,M
AE6D63,08-07051,H64,MCDONNELL DOUGLAS AH-64 Apache,H2T,M
C00063,C-FADU,ULAC,,L0-,-
C00163,C-FANQ,ULAC,,L0-,-
C00263,C-FAXM,C172,CESSNA 172 Skyhawk,L1P,L
C00463,C-FBRE,D11,JODEL D-11x/12x,L1P,L
C00663,C-FCKW,DH2T,DE HAVILLAND DHC-2 Turbo Beaver,L1T,L
C00763,C-FCUS,DV20,DIAMOND DA-20,L1P,L
C00863,C-FDEO,PAY1,PIPER PA-31T1-500 Cheyenne 1,L2T,L
C00963,C-FDOK,,,,
C00B63,C-FEIC,,,,
C00C63,C-FERY,CH7A,BELLANCA 7 Champion,L1P,L
C00D63,C-FFBU,AS50,AEROSPATIALE AS-350 Ecureuil,H1T,L
C01163,C-FGPE,GLID,,L0-,-
C01263,C-FGZA,,,,
C01363,C-FHIW,C182,CESSNA 182 Skylane,L1P,L
C01463,C-FHSS,O1,CESSNA 305/341 Bird Dog,L1P,L
C01563,C-FICO,,,,
C01863,C-FJGC,PA18,PIPER PA-18 Super Cub,L1P,L
C01963,C-FJPY,C180,CESSNA  180 Skywagon,L1P,L
C01C63,C-FKTM,R66,ROBINSON R-66,H1T,L
C01D63,C-FLDI,P28U,PIPER PA-28RT-201T Turbo,L1P,L
C01E63,C-FLNE,C140,CESSNA 140,L1P,L
C01F63,C-FLXA,PA24,PIPER PA-24 Comanche,L1P,L
C02063,C-FMGW,,,,
C02163,C-FMQS,BE18,BEECH 18 Expetitor,L2P,L
C02263,C-FNAO,AC90,NORTH AMERICAN ROCKWELL Turbo Commander 690/840,L2T,L
C02363,C-FNKK,ZZZZ,,-0-,-
C02463,C-FNUG,,,,
C02563,C-FOEC,P28A,PIPER PA-28-140/150/160/180,L1P,L
C02663,C-FONY,,,,
C02763,C-FOXU,ST75,STEARMAN Kaydet,L1P,L
C02963,C-FPRM,C172,CESSNA 172 Skyhawk,L1P,L
C02C63,C-FQVA,ULAC,,L0-,-
C02D63,C-FREW,AS50,AEROSPATIALE AS-350 Ecureuil,H1T,L
C02E63,C-FROS,S108,STINSON 108 Voyager,L1P,L
C03063,C-FSIK,AS50,AEROSPATIALE AS-350 Ecureuil,H1T,L
C03163,C-FSSG,,,,
C03263,C-FTCC,L10,LOCKHEED L-10 Electra,L2P,L
C03463,C-FTVU,P28A,PIPER PA-28-140/150/160/180,L1P,L
C03563,C-FUFQ,C172,CESSNA 172 Skyhawk,L1P,L
C03663,C-FUPM,T33,LOCKHEED T-33,L1J,M
C03763,C-FUZI,BE35,BEECH 35 Starfire Bonanza,L1P,L
C03963,C-FVTA,C170,CESSNA 170,L1P,L
C03B63,C-FWMS,C185,CESSNA 185 Skywagon,L1P,L
C03C63,C-FWWO,T6,NORTH AMERICAN T-6 Texan,L1P,L
C03D63,C-FXGK,PA18,PIPER PA-18 Super Cub,L1P,L
C03F63,C-FYAC,CJ6,NANCHANG CJ-6,L1P,L
C04063,C-FYJY,,,,
C04163,C-FYTU,PEGZ,PEGASE AERO Pegazair,L1P,L
C04363,C-FZNM,C185,CESSNA 185 Skywagon,L1P,L
C04563,C-GAHE,R44,ROBINSON R-44 Raven,H1P,L
C04663,C-GARA,RV6,VANS RV-6,L1P,L
C04863,C-GBKS,,,,
C04963,C-GBUO,ULAC,,L0-,-
C04B63,C-GCOG,C172,CESSNA 172 Skyhawk,L1P,L
C04C63,C-GCYC,C172,CESSNA 172 Skyhawk,L1P,L
C04D63,C-GDHY,AR11,AERONCA 11 Chief,L1P,L
C04F63,C-GEBQ,C172,CESSNA 172 Skyhawk,L1P,L
C05063,C-GELM,C182,CESSNA 182 Skylane,L1P,L
C05163,C-GEVI,TFUN,VALENTIN Taifun,L1P,L
C05263,C-GFFE,M6,MAULE M-6,L1P,L
C05363,C-GFPA,C152,CESSNA 152,L1P,L
C05463,C-GFYW,C172,CESSNA 172 Skyhawk,L1P,L
C05563,C-GGIS,AS50,AEROSPATIALE AS-350 Ecureuil,H1T,L
C05663,C-GGSO,B212,BELL 212,H2T,L
C05763,C-GHCK,C150,CESSNA 150,L1P,L
C05863,C-GHMG,AT5T,AIR TRACTOR AT-504,L1T,L
C05963,C-GHWC,B06,BELL 206 JetRanger,H1T,L
C05B63,C-GIPU,GA8,GIPPSAERO GA-8 Airvan,L1P,L
C05C63,C-GIZQ,,,,
C05D63,C-GJJM,C208,CESSNA 208 Caravan,L1T,L
C05E63,C-GJTI,B407,BELL 407,H1T,L
C05F63,C-GKDE,AT5T,AIR TRACTOR AT-504,L1T,L
C06063,C-GKNA,EN28,ENSTROM F-28,H1P,L
C06163,C-GKWW,B105,EUROCOPTER BO-105,H2T,L
C06363,C-GLQO,DH8D,DE HAVILLAND DHC-8-400 Dash 8,L2T,M
C06463,C-GMAK,,,,
C06563,C-GMKG,C172,CESSNA 172 Skyhawk,L1P,L
C06663,C-GMUC,C185,CESSNA 185 Skywagon,L1P,L
C06863,C-GNNU,C172,CESSNA 172 Skyhawk,L1P,L
C06A63,C-GOHM,RV9,VANS RV-9,L1P,L
C06B63,C-GORI,B190,BEECH 1900,L2T,M
C06D63,C-GPLA,BE23,BEECH 23 Sundowner,L1P,L
C06E63,C-GPUW,,,,
C07163,C-GQYK,,,,
C07263,C-GRIG,,,,
C07363,C-GRSC,CVLT,CANADAIR Cosmopolitan,L2T,M
C07463,C-GSBY,CH30,ZENAIR CH-300 Tri-Zenith,L1P,L
C07563,C-GSLU,GL5T,BOMBARDIER BD-700 Global 5000/5500,L2J,M
C07763,C-GTFM,PA34,PIPER PA-34 Seneca,L2P,L
C07863,C-GTPI,C172,CESSNA 172 Skyhawk,L1P,L
C07963,C-GTZE,CH7B,BELLANCA 7 Citabria,L1P,L
C07A63,C-GUJA,CRJ2,BOMBARDIER Regional Jet CRJ-200,L2J,M
C07B63,C-GUSW,B06,BELL 206 JetRanger,H1T,L
C07C63,C-GVCS,AS32,AEROSPATIALE AS-332 Super Puma,H2T,M
C07D63,C-GVMO,AEST,AEROSTAR 600,L2P,L
C07E63,C-GVWK,P28A,PIPER PA-28-140/150/160/180,L1P,L
C07F63,C-GWGG,C172,CESSNA 172 Skyhawk,L1P,L
C08063,C-GWQC,DHC6,DE HAVILLAND DHC-6 Twin Otter,L2T,L
C08163,C-GWZY,AJET,DASSAULT-DORNIER Alpha Jet,L2J,M
C08263,C-GXJU,C172,CESSNA 172 Skyhawk,L1P,L
C08363,C-GXTQ,P28A,PIPER PA-28-140/150/160/180,L1P,L
C08463,C-GYDM,C421,CESSNA 421 Executive Commuter,L2P,L
C08563,C-GYNI,P28A,PIPER PA-28-140/150/160/180,L1P,L
C08663,C-GYXE,C206,CESSNA  206 Stationair,L1P,L
C08763,C-GZHA,RV6,VANS RV-6,L1P,L
C08963,C-IAAS,ULAC,,L0-,-
C08B63,C-IAUK,MAME,BLUE YONDER Merlin,L1P,L
C08D63,C-IBOC,,,,
C08E63,C-IBXY,ULAC,,L0-,-
C08F63,C-ICHU,PARA,,P0-,-
C09063,C-ICRQ,ULAC,,L0-,-
C09263,C-IDLI,,,,
C09363,C-IDVE,DRIF,AUSTFLIGHT Drifter,L1P,L
C09463,C-IEFA,ULAC,,L0-,-
C09563,C-IEOW,DSA1,SMITH DSA-1 Miniplane,L1P,L
C09663,C-IEYS,ULAC,,L0-,-
C09763,C-IFIO,,,,
C09863,C-IFSK,ULAC,,L0-,-
C09963,C-IGCG,PELI,FLYER Pelican,L1P,L
C09A63,C-IGMC,PARA,,P0-,-
C09B63,C-IGVY,ULAC,,L0-,-
C09C63,C-IHFU,NDAC,NORMAND DUBE Aerocruiser,L1P,L
C09D63,C-IHPQ,ULAC,,L0-,-
C09F63,C-IIJI,PARA,,P0-,-
C0A163,C-IJDA,AVTR,AERO ADVENTURE Aventura 2,A1P,L
C0A263,C-IJMW,PARA,,P0-,-
C0A363,C-IJWS,PARA,,P0-,-
C0A463,C-IKGO,ULAC,,L0-,-
C0A563,C-IKQK,ULAC,,L0-,-
C0A663,C-ILAG,PARA,,P0-,-
C0A763,C-ILKC,,,,
C0A863,C-ILTY,,,,
C0A963,C-IMDU,,,,
C0B663,C-IRBU,,,,
C1E463,SERV,SERV,,V0-,-
C1E563,SERV,SERV,,V0-,-
C2AF63,130334,C130,LOCKHEED C-130 Hercules,L4T,M
C2B463,148811,S92,SIKORSKY S-92 Helibus,H2T,M
C80263,ZK-DAA,PA24,PIPER PA-24 Comanche,L1P,L
C80463,ZK-END,T6,NORTH AMERICAN T-6 Texan,L1P,L
C80863,ZK-GKU,NIMB,SCHEMPP-HIRTH Nimbus,L1P,L
C80963,ZK-HQR,B06,BELL 206 JetRanger,H1T,L
C80D63,ZK-MBE,P28A,PIPER PA-28-140/150/160/180,L1P,L
C80E63,ZK-CZH,ZZZZ,,-0-,-
C81063,ZK-PWE,BALL,,B0-,-
C81463,ZK-MCO,AT75,ATR-72-500,L2T,M
C81563,ZK-COW,STRM,SG AVIATION Storm,L1P,L
C81663,ZK-HFM,R22,ROBINSON R-22 Mariner,H1P,L
C81A63,ZK-FOC,DR1,FOKKER Dr-1,L1P,L
C81B63,ZK-JMG,C172,CESSNA 172 Skyhawk,L1P,L
C81C63,ZK-IHP,A139,AGUSTA AW-139,H2T,L
C81D63,ZK-RBG,MT,ROTORSPORT MTOSport,G1P,L
C82063,ZK-PEE,PA18,PIPER PA-18 Super Cub,L1P,L
C82363,ZK-DSW,TMOT,FISHER R-80 Tiger Moth,L1P,L
C82463,ZK-REK,ZZZZ,,-0-,-
C82763,ZK-LJX,P28A,PIPER PA-28-140/150/160/180,L1P,L
C82863,ZK-MBN,P208,TECNAM P-2008,L1P,L
C82963,ZK-LCW,RV14,VANS RV-14,L1P,L
C88063,DQ-FJY,AT45,ATR-42-500,L2T,M
E20063,LV-S048,ASTO,TECNAM Astore,L1P,L
E47E63,PR-ARA,C525,CESSNA 525 CitationJet,L2J,L
E47F63,PT-GAF,H25B,HAWKER BEECHCRAFT Hawker 750/850,L2J,M
E48763,PR-AYO,E195,EMBRAER ERJ-190-200,L2J,M
E48863,PR-MDT,SR22,CIRRUS SR-22,L1P,L
E48963,PR-AYV,E195,EMBRAER ERJ-190-200,L2J,M
E48A63,PR-OPF,LJ45,LEARJET 45,L2J,M
E48B63,PP-MDA,E55P,EMBRAER EMB-505 Phenom 300,L2J,M
E48D63,PP-EPS,BE9L,BEECH 90 King Air,L2T,L
E48E63,PR-HGD,S76,SIKORSKY S-76 Spirit,H2T,L
E48F63,PP-LEG,E35L,EMBRAER EMB-135 Legacy,L2J,M
E49063,FAB2335,E110,EMBRAER EMB-110 Bandeirante,L2T,L
E49163,PR-AIU,A332,AIRBUS A-330-200,L2J,H
E49363,PR-VHA,BE58,BEECH 58 Baron,L2P,L
E49563,PP-INA,E55P,EMBRAER EMB-505 Phenom 300,L2J,M
E49763,PR-TQC,A320,AIRBUS A-320,L2J,M
E49A63,PS-NCM,BE9L,BEECH 90 King Air,L2T,L
E80463,CC-BHF,A20N,AIRBUS A-320neo,L2J,M
E80863,CC-ASC,BE36,BEECH 36 Bonanza,L1P,L
E80963,CC-ANT,C650,CESSNA 650 Citation,L2J,M
FAA663,TWR,TWR,,T0-,-
