008568,ZS-CAP,SR20,CIRRUS SR-20,L1P,L
009368,ZS-HIL,B47G,BELL 47G,H1P,L
009868,ZS-KCZ,C172,CESSNA 172 Skyhawk,L1P,L
009A68,ZS-JZJ,PA31,PIPER PA-31-300/310/325/350/425,L2P,L
009F68,ZS-LWP,M20P,MOONEY M-20,L1P,L
040068,ET-AQA,C172,CESSNA 172 Skyhawk,L1P,L
040168,ET-AWE,B77L,BOEING 777-200LR,L2J,H
044068,9G-VRA,EC55,AIRBUS HELICOPTERS EC-155,H2T,L
064068,5N-FLY,B350,BEECHCRAFT Super King Air 350,L2T,M
064168,5N-JEE,CRJX,BOMBARDIER Regional Jet CRJ-1000,L2J,M
06A068,A7-BBB,B77L,BOEING 777-200LR,L2J,H
06A268,QA356,PC21,PILATUS PC-21,L1T,L
06A368,A7-ACR,A332,AIRBUS A-330-200,L2J,H
07C068,ST-TAA,B738,BOEING 737-800,L2J,M
0A8068,C6-REX,E145,EMBRAER ERJ-145,L2J,M
0AC168,HK-4907,GALX,GULFSTREAM G200,L2J,M
0AC768,EJC5410,UH1,BELL UH-1 Huey,H1T,L
0AC968,HK-778G,PA18,PIPER PA-18 Super Cub,L1P,L
0ACA68,HK-5395,A320,AIRBUS A-320,L2J,M
0C2068,HP-1726CMP,B738,BOEING 737-800,L2J,M
0C2168,HP-9920CMP,B39M,BOEING 737 MAX 9,L2J,M
0D0468,XA-SPO,CRJ1,BOMBARDIER Regional Jet CRJ-100,L2J,M
0D0568,ANX-1120,CN35,CASA CN-235 Persuader,L2T,M
0D0668,XA-LEX,H25B,HAWKER BEECHCRAFT Hawker 750/850,L2J,M
0D0868,XA-FJM,C750,CESSNA 750 Citation 10,L2J,M
0D0C68,XB-KGX,C182,CESSNA 182 Skylane,L1P,L
0D0D68,XA-BCR,C680,CESSNA 680 Citation Sovereign,L2J,M
0D0E68,XA-VYD,A320,AIRBUS A-320,L2J,M
132768,RF-31370,BER2,BERIEV Be-200 Altair,A2J,M
140668,RA-01640,B429,BELL 429 GlobalRanger,H2T,L
150868,RA-67688,AT75,ATR-72-500,L2T,M
151D68,RA-73064,B734,BOEING 737-400,L2J,M
151E68,RA-73320,A320,AIRBUS A-320,L2J,M
152068,RA-73832,A320,AIRBUS A-320,L2J,M
152B68,RA-76648,,,,
157768,RA-96104,IL96,ILYUSHIN Il-96,L4J,H
300068,I-BIXQ,A321,AIRBUS A-321,L2J,M
300568,I-AWCM,A169,AGUSTA AW-169,H2T,L
300668,I-GGMS,PA34,PIPER PA-34 Seneca,L2P,L
300768,I-RICI,C182,CESSNA 182 Skylane,L1P,L
33FD68,MM81563,NH90,NHI NH-90,H2T,M
380E68,F-BDTI,J3,PIPER J-3 Cub,L1P,L
383A68,F-BOTI,RALL,SOCATA Rallye,L1P,L
384468,F-BRDI,GY80,DAHER-SOCATA GY-80 Horizon,L1P,L
385468,F-BVDI,DR40,ROBIN DR-400,L1P,L
390968,F-GCLI,P28A,PIPER PA-28-140/150/160/180,L1P,L
390D68,F-GDLI,DR22,CENTRE EST Dauphin,L1P,L
391268,F-GETI,BE9T,BEECH F90 King Air,L2T,L
392C68,F-GLDI,DR40,ROBIN DR-400,L1P,L
392E68,F-GLTI,BALL,,B0-,-
393D68,F-GPLI,ALO2,SUD Alouette 2,H1T,L
395068,F-GUDI,R44,ROBINSON R-44 Raven,H1P,L
395468,F-GVDI,R22,ROBINSON R-22 Mariner,H1P,L
395568,F-GVLI,R44,ROBINSON R-44 Raven,H1P,L
395D68,F-GXLI,A337,AIRBUS A-330-700 Beluga XL,L2J,H
396668,F-GZTI,B734,BOEING 737-400,L2J,M
398068,F-HADI,SR20,CIRRUS SR-20,L1P,L
398168,F-HALI,BALL,,B0-,-
398268,F-HATI,PIVI,PIPSTREL Virus,L1P,L
398568,F-HBLI,E190,EMBRAER ERJ-190-100,L2J,M
398668,F-HBTI,BR23,BRM AERO Bristell B23,L1P,L
398868,F-HCDI,DR40,ROBIN DR-400,L1P,L
398D68,F-HDLI,EVSS,EVEKTOR SportStar,L1P,L
399168,F-HELI,R44,ROBINSON R-44 Raven,H1P,L
399A68,F-HGTI,P28R,PIPER PA-28R-180/200/201,L1P,L
39A268,F-HITI,BALL,,B0-,-
39B168,F-HMLI,CRJX,BOMBARDIER Regional Jet CRJ-1000,L2J,M
39B468,F-HNDI,DR40,ROBIN DR-400,L1P,L
39B968,F-HOLI,PC12,PILATUS PC-12,L1T,L
39BE68,F-HPTI,G2CA,GUIMBAL G-2 Cabri,H1P,L
39C568,F-HRLI,EC25,AIRBUS HELICOPTERS EC-225/725,H2T,M
39C968,F-HSLI,BE20,BEECH 200 Super King Air,L2T,M
39CA68,F-HSTI,PAY1,PIPER PA-31T1-500 Cheyenne 1,L2T,L
39CD68,F-HTLI,P68,PARTENAVIA P-68 Observer,L2P,L
3A2E68,F-OLTI,FA8X,DASSAULT Falcon 8X,L3J,M
3A6568,F-OZLI,AT76,ATR-72-600,L2T,M
3AAB68,F-MBJP,TIGR,AIRBUS HELICOPTERS EC-665 Tiger,H2T,L
3B7568,F-UJCM,A332,AIRBUS A-330-200,L2J,H
3B7668,E90,AJET,DASSAULT-DORNIER Alpha Jet,L2J,M
3B7768,F-RBAK,A400,AIRBUS A-400M,L4T,H
3B7B68,F-ZBCZ,S2P,GRUMMAN S-2 Tracker,L2P,M
3B7F68,F-ZCPN,TBM9,SOCATA TBM-900/910/930/940,L1T,L
3C0D68,D-AUBZ,A20N,AIRBUS A-320neo,L2J,M
3C1268,D-AVZF,A21N,AIRBUS A-321neo,L2J,M
3C4668,D-AASH,DH8D,DE HAVILLAND DHC-8-400 Dash 8,L2T,M
3C4D68,D-ACKH,CRJ9,BOMBARDIER Regional Jet CRJ-900,L2J,M
3C5468,D-AECH,E190,EMBRAER ERJ-190-100,L2J,M
3C6468,D-AICH,A320,AIRBUS A-320,L2J,M
3C6568,D-AIKH,A333,AIRBUS A-330-300,L2J,H
3C6668,D-AISH,A321,AIRBUS A-321,L2J,M
3CD068,D-CGFO,LJ35,LEARJET 35,L2J,M
3CD568,D-CICU,LJ45,LEARJET 45,L2J,M
3D0568,D-EAHK,DR40,ROBIN DR-400,L1P,L
3D0768,D-EBBC,TAMP,SOCATA TB-9 Tampico,L1P,L
3D0868,D-EBKY,KL07,BOLKOW BO-107,L1P,L
3D0968,D-EBUU,RALL,SOCATA Rallye,L1P,L
3D0D68,D-EDIE,C172,CESSNA 172 Skyhawk,L1P,L
3D0E68,D-EDSA,C180,CESSNA  180 Skywagon,L1P,L
3D0F68,D-EEBW,M20P,MOONEY M-20,L1P,L
3D1068,D-EELS,C152,CESSNA 152,L1P,L
3D1168,D-EEVO,M20P,MOONEY M-20,L1P,L
3D1468,D-EFZC,S208,SIAI-MARCHETTI S-208,L1P,L
3D1668,D-EGSU,DR10,CENTRE EST Ambassadeur,L1P,L
3D1768,D-EHCQ,M20T,MOONEY M-20T,L1P,L
3D1868,D-EHMM,G2T1,GREAT LAKES 2T-1,L1P,L
3D1968,D-EHWI,M20T,MOONEY M-20T,L1P,L
3D1A68,D-EIGE,C172,CESSNA 172 Skyhawk,L1P,L
3D1C68,D-EIZW,C152,CESSNA 152,L1P,L
3D2068,D-EKNG,P28A,PIPER PA-28-140/150/160/180,L1P,L
3D2168,D-EKXC,D253,CENTRE EST DR-253 Regent,L1P,L
3D2268,D-ELGY,C182,CESSNA 182 Skylane,L1P,L
3D2368,D-ELQU,M20P,MOONEY M-20,L1P,L
3D2568,D-EMKM,C182,CESSNA 182 Skylane,L1P,L
3D2868,D-ENOA,EV97,EVEKTRO EV-97 EuroStar,L1P,L
3D2A68,D-EOHS,PULS,Pulsar,L1P,L
3D2B68,D-EORO,P28R,PIPER PA-28R-180/200/201,L1P,L
3D2C68,D-EPBK,P28U,PIPER PA-28RT-201T Turbo,L1P,L
3D2D68,D-EPLG,A210,AQUILA A-210,L1P,L
3D3368,D-ERSI,P208,TECNAM P-2008,L1P,L
3D3468,D-ESCE,T210,CESSNA T210 Turbo Centurion,L1P,L
3D3868,D-ETPO,C182,CESSNA 182 Skylane,L1P,L
3D3B68,D-EUTC,C172,CESSNA 172 Skyhawk,L1P,L
3D3D68,D-EVMU,A210,AQUILA A-210,L1P,L
3D3F68,D-EWGM,S22T,CIRRUS SR-22T Turbo,L1P,L
3D4268,D-EXKA,P28A,PIPER PA-28-140/150/160/180,L1P,L
3D4468,D-EYDS,RV7,VANS RV-7,L1P,L
3D9268,D-GBRS,P68,PARTENAVIA P-68 Observer,L2P,L
3DD468,D-HARO,B105,EUROCOPTER BO-105,H2T,L
3DDD68,D-HECE,BK17,EUROCOPTER BK117 C-1/2,H2T,L
3E0F68,D-HXAM,EC20,AIRBUS HELICOPTERS EC-120,H1T,L
3E1F68,D-IDCA,BE55,BEECH 55 Baron,L2P,L
3E2E68,D-IITS,C340,CESSNA 340 Super,L2P,L
3E3C68,D-IOBO,C25A,CESSNA 525A Citation CJ2,L2J,L
3E3D68,D-IOLK,BN2P,BRITTEN-NORMAN BN-2 Islander,L2P,L
3E6468,D-KDFK,GLID,,L0-,-
3E6B68,D-KFWI,DIMO,DIAMOND H-36 Dimona,L1P,L
3E6F68,D-KHJS,GLID,,L0-,-
3E7268,D-KING,DIMO,DIAMOND H-36 Dimona,L1P,L
3E7968,D-KLEE,RF5,FOURNIER RF-5,L1P,L
3EC768,D-KQMA,ARCP,SCHEMPP-HIRTH Arcus M,L1P,L
3ECC68,D-KSJG,AS25,SCHLEICHER ASH-25,L1P,L
3EDE68,D-KZEM,DIMO,DIAMOND H-36 Dimona,L1P,L
3EE568,D-1233,GLID,,L0-,-
3EE968,D-2257,GLID,,L0-,-
3EEA68,D-2513,GLID,,L0-,-
3EF668,D-5585,GLID,,L0-,-
3F0068,D-8145,GLID,,L0-,-
3F4368,54+01,A400,AIRBUS A-400M,L4T,H
3FEC68,D-MXUR,AVID,AVID Flyer,L1P,L
3FED68,D-MHOS,ULAC,,L0-,-
3FEE68,D-MFSH,C42,IKARUS C-42 Bison,L1P,L
3FF168,D-MTGN,WT9,AEROSPOOL WT-9 Dynamic,L1P,L
3FF268,D-MSDA,WT9,AEROSPOOL WT-9 Dynamic,L1P,L
3FF468,D-MCCF,SKRA,BEST OFF Sky Ranger,L1P,L
3FF568,D-MBJO,C42,IKARUS C-42 Bison,L1P,L
3FF668,D-MOLE,C42,IKARUS C-42 Bison,L1P,L
3FF768,D-MOIN,CH60,ZENAIR CH-600 Zodiac,L1P,L
400668,G-BMRF,B752,BOEING 757-200,L2J,M
400868,G-NIKO,A321,AIRBUS A-321,L2J,M
400B68,G-NATT,AC11,NORTH AMERICAN ROCKWELL Commander 112/114,L1P,L
400D68,G-RVNO,PA34,PIPER PA-34 Seneca,L2P,L
400F68,G-MOOR,TOBA,SOCATA Tobago,L1P,L
401068,G-ZAZU,DA42,DIAMOND DA-42 Guardian,L2P,L
401168,G-ZVIP,BE20,BEECH 200 Super King Air,L2T,M
401268,G-BUUJ,RF6,FOURNIER RF-6,L1P,L
401568,G-ARNP,AIRD,BEAGLE A-109 Airedale,L1P,L
401768,G-AWAZ,P28R,PIPER PA-28R-180/200/201,L1P,L
401868,G-SPOG,DR10,CENTRE EST Ambassadeur,L1P,L
401968,G-AZNK,SV4,NORD SV-4,L1P,L
401E68,G-BHNK,D11,JODEL D-11x/12x,L1P,L
401F68,G-IRIS,AA5,AMERICAN AA-5 Tiger,L1P,L
402168,G-CHIK,C152,CESSNA 152,L1P,L
402C68,G-BOYV,P28S,PIPER PA-28R-201T,L1P,L
402D68,G-BPCI,C172,CESSNA 172 Skyhawk,L1P,L
403468,G-TXAS,C150,CESSNA 150,L1P,L
403968,G-OIIO,R22,ROBINSON R-22 Mariner,H1P,L
403A68,G-ORAR,P28A,PIPER PA-28-140/150/160/180,L1P,L
403D68,G-MIKI,COY2,RANS Coyote 2,L1P,L
404068,G-MZPH,ULAC,,L0-,-
404168,G-HKHM,H500,HUGHES 500,H1T,L
404268,G-PUGS,C182,CESSNA 182 Skylane,L1P,L
404368,G-ODEE,RV6,VANS RV-6,L1P,L
404668,G-CBGW,ULAC,,L0-,-
404A68,G-CCLU,SKRA,BEST OFF Sky Ranger,L1P,L
404E68,G-CDNY,JAB4,JABIRU J200-450,L1P,L
404F68,G-CDVI,C42,IKARUS C-42 Bison,L1P,L
405268,G-CWAY,C42,IKARUS C-42 Bison,L1P,L
405D68,G-LDVO,EUPA,Europa,L1P,L
405E68,G-DEDG,GLID,,L0-,-
406368,G-OOEY,BALL,,B0-,-
406668,G-EZUN,A320,AIRBUS A-320,L2J,M
406768,G-CHLE,BALL,,B0-,-
406968,G-SMAR,ARCP,SCHEMPP-HIRTH Arcus M,L1P,L
406A68,G-WCMO,WCAT,GRUMMAN F4F Wildcat,L1P,L
406B68,G-ANJK,DH82,DE HAVILLAND DH-82 Tiger Moth,L1P,L
406D68,G-SASN,EC45,AIRBUS HELICOPTERS EC-145,H2T,L
407068,G-CIZT,ULAC,,L0-,-
407168,G-WMBL,ULAC,,L0-,-
407368,G-GNSS,DA62,DIAMOND DA-62,L2P,L
407468,G-NJCZ,CRUZ,CSA PS-28 Cruiser,L1P,L
407568,G-UZHI,A20N,AIRBUS A-320neo,L2J,M
407668,G-HENZ,CLON,AUTOGYRO Cavalon,G1P,L
407768,G-CLCF,EC45,AIRBUS HELICOPTERS EC-145,H2T,L
407968,G-HCNX,EC55,AIRBUS HELICOPTERS EC-155,H2T,L
407A68,G-CMGU,G109,GROB G-109,L1P,L
407B68,G-CLVH,E75S,EMBRAER ERJ-170-200 (short wing),L2J,M
407C68,G-MCSP,EC75,AIRBUS HELICOPTERS EC-175,H2T,M
424468,VQ-BOK,GL7T,BOMBARDIER BD-700 Global 7000/7500,L2J,M
424768,VP-CYB,A318,AIRBUS A-318,L2J,M
424A68,LDR4,SERV,,V0-,-
424B68,M-PORT,GL5T,BOMBARDIER BD-700 Global 5000/5500,L2J,M
43C168,ZA606,TOR,PANAVIA Tornado,L2J,M
43C568,ZK037,HAWK,BRITISH AEROSPACE T-45 Goshawk,L1J,M
43C768,ZZ527,LYNX,AGUSTAWESTLAND AW-159 Super Lynx,H2T,L
440068,OE-LGD,DH8D,DE HAVILLAND DHC-8-400 Dash 8,L2T,M
440268,OE-XWS,AS55,AEROSPATIALE AS-355 Ecureuil 2,H2T,L
440368,OE-DMG,P46T,PIPER PA-46-500TP,L1T,L
440468,OE-9471,DIMO,DIAMOND H-36 Dimona,L1P,L
440568,OE-XHH,EC35,AIRBUS HELICOPTERS EC-135/635,H2T,L
440668,OE-LBL,A320,AIRBUS A-320,L2J,M
440768,OE-7134,WT9,AEROSPOOL WT-9 Dynamic,L1P,L
440968,OE-7071,C42,IKARUS C-42 Bison,L1P,L
440B68,OE-KAR,PA46,PIPER PA-46-310/350,L1P,L
440C68,OE-ALP,C150,CESSNA 150,L1P,L
44B668,OO-MSH,S11,FOKKER S-11 Instructor,L1P,L
44CE68,OO-SSH,A319,AIRBUS A-319,L2J,M
44D068,OO-TCH,A320,AIRBUS A-320,L2J,M
44E568,OO-YKH,GLID,,L0-,-
44F168,FA-118,F16,GENERAL DYNAMICS F-16 Fighting Falcon,L1J,M
44F668,ST-18,F260,AERMACCHI SF-260,L1P,L
458568,OY-AKH,C172,CESSNA 172 Skyhawk,L1P,L
458C68,OY-CCH,CL60,BOMBARDIER CL-600 Challenger,L2J,M
458E68,OY-CSH,PA34,PIPER PA-34 Seneca,L2P,L
45BA68,OY-NSH,EXNG,EXTRA NG,L1P,L
45C868,OY-RCH,A319,AIRBUS A-319,L2J,M
45D068,OY-TCH,A321,AIRBUS A-321,L2J,M
45D168,OY-TKH,C182,CESSNA 182 Skylane,L1P,L
471F68,HA-LXG,A321,AIRBUS A-321,L2J,M
478368,LN-RCX,B738,BOEING 737-800,L2J,M
480868,Q-25,H64,MCDONNELL DOUGLAS AH-64 Apache,H2T,M
484368,PH-BQA,B772,BOEING 777-200,L2J,H
484568,PH-JFH,C10T,CESSNA P210 Turbine,L1T,L
484968,PH-HCV,BALL,,B0-,-
484A68,PH-TOH,BALL,,B0-,-
484B68,PH-1432,GLID,,L0-,-
484D68,PH-AYF,BALL,,B0-,-
484E68,PH-412,GLID,,L0-,-
484F68,PH-1491,GLID,,L0-,-
485068,PH-WAV,BALL,,B0-,-
485168,PH-4L9,ULAC,,L0-,-
485368,PH-TVC,PA18,PIPER PA-18 Super Cub,L1P,L
485468,PH-1NH,ZZZZ,,-0-,-
485568,PH-2EP,ZZZZ,,-0-,-
485668,PH-2UM,ZZZZ,,-0-,-
486468,PH-4V3,TL30,TL ULTRALIGHT TL-3000 Sirius,L1P,L
488068,SP-0064,AS25,SCHLEICHER ASH-25,L1P,L
489568,SP-FLI,C172,CESSNA 172 Skyhawk,L1P,L
48A568,SP-KLI,C152,CESSNA 152,L1P,L
48B468,SP-NDI,DV20,DIAMOND DA-20,L1P,L
48B568,SP-NLI,P32R,PIPER PA-32R-300/301/301T,L1P,L
495168,CS-TKH,A339,AIRBUS A-330-900,L2J,H
495268,CS-TSH,A21N,AIRBUS A-321neo,L2J,M
49C068,OK-HUU46,ZEPH,ATEC Zephyr,L1P,L
49C168,OK-WUS12,WT9,AEROSPOOL WT-9 Dynamic,L1P,L
49D068,OK-WEL,Z43,ZLIN Z-43/143,L1P,L
49D168,OK-VHC,AN2,ANTONOV An-2,L1P,L
49D268,OK-CFB,P46T,PIPER PA-46-500TP,L1T,L
49D468,OK-AIM,SIRA,TECNAM P-2002 Sierra,L1P,L
4A9868,SE-FCH,P28A,PIPER PA-28-140/150/160/180,L1P,L
4A9C68,SE-GCH,PA18,PIPER PA-18 Super Cub,L1P,L
4AAA68,SE-JSH,A169,AGUSTA AW-169,H2T,L
4AAC68,SE-KCH,SF34,SAAB 340,L2T,M
4AB568,SE-MKH,AT76,ATR-72-600,L2T,M
4B2568,HB-OEI,J3,PIPER J-3 Cub,L1P,L
4B2968,HB-PRS,PA18,PIPER PA-18 Super Cub,L1P,L
4B2B68,HB-QLK,BALL,,B0-,-
4B2C68,HB-QVG,BALL,,B0-,-
4B3668,HB-UPS,SV4,NORD SV-4,L1P,L
4B4068,HB-YKE,PT80,POTTIER P-180,L1P,L
4B4168,HB-YUA,RV8,VANS RV-8,L1P,L
4B4268,HB-ZDW,R44,ROBINSON R-44 Raven,H1P,L
4B4668,HB-449,GLID,,L0-,-
4B4E68,HB-2497,ARCP,SCHEMPP-HIRTH Arcus M,L1P,L
4B7F68,V-617,PC6T,PILATUS PC-6 Turbo-Porter,L1T,L
4B8268,101XX,C82,FAIRCHILD C-82 Packet,L2P,M
4B8A68,TC-BSH,BALL,,B0-,-
4B8C68,TC-CCH,T34P,BEECH T-34 Mentor,L1P,L
4B9068,TC-DCH,A320,AIRBUS A-320,L2J,M
4BAA68,TC-JSH,A321,AIRBUS A-321,L2J,M
4BB068,TC-LCH,B38M,BOEING 737 MAX 8,L2J,M
4BB268,TC-LSH,A21N,AIRBUS A-321neo,L2J,M
4BB868,TC-NCH,A20N,AIRBUS A-320neo,L2J,M
4BBC68,TC-OCH,A332,AIRBUS A-330-200,L2J,H
4CA068,EI-CJX,B752,BOEING 757-200,L2J,M
4CA368,EI-ABI,DH83,DE HAVILLAND DH-83 Fox Moth,L1P,L
4CA568,EI-DWC,B738,BOEING 737-800,L2J,M
4CA668,EI-RJG,RJ85,AVRO RJ-85 Avroliner,L4J,M
4CA768,EI-EFM,B738,BOEING 737-800,L2J,M
4CC268,TF-FIC,B752,BOEING 757-200,L2J,M
4CC468,TF-SIF,DH8C,DE HAVILLAND DHC-8-300 Dash 8,L2T,M
4D0268,LX-HML,B212,BELL 212,H2T,L
4D2168,9H-RSS,GLEX,BOMBARDIER BD-700 Global 6000/6500,L2J,M
4D2268,9H-QDX,B738,BOEING 737-800,L2J,M
4D2368,9H-VUR,B38M,BOEING 737 MAX 8,L2J,M
4D2468,9H-IMP,E35L,EMBRAER EMB-135 Legacy,L2J,M
500168,T7-ARN,GLF6,GULFSTREAM G650,L2J,M
500268,T7-ACAM,BE40,BEECH 400 Beechjet,L2J,M
502D68,YL-LDN,A320,AIRBUS A-320,L2J,M
503E68,LY-MLG,A320,AIRBUS A-320,L2J,M
504E68,ER-AXA,A320,AIRBUS A-320,L2J,M
505E68,OM-TSA,PA34,PIPER PA-34 Seneca,L2P,L
505F68,2721,L410,LET L-410 Turbolet,L2T,L
506E68,S5-HCK,AS65,AEROSPATIALE AS-365 Dauphin 2,H2T,L
506F68,H3-72,AS32,AEROSPATIALE AS-332 Super Puma,H2T,M
508068,UR-LMI,AN12,ANTONOV An-12,L4T,M
508268,UR-EMB,E190,EMBRAER ERJ-190-100,L2J,M
683268,UP-B5705,B752,BOEING 757-200,L2J,M
702C68,219,MI8,MIL Mi-8/9/17/19/171/172,H2T,M
706068,9K-AKO,A20N,AIRBUS A-320neo,L2J,M
718A68,HL1268,C172,CESSNA 172 Skyhawk,L1P,L
71C068,HL8068,GLF6,GULFSTREAM G650,L2J,M
71C268,HL8268,B738,BOEING 737-800,L2J,M
71C368,HL8368,B38M,BOEING 737 MAX 8,L2J,M
728668,YI-ASH,B738,BOEING 737-800,L2J,M
735168,EP-TKH,D228,DORNIER 228,L2T,L
738068,4X-EKI,B738,BOEING 737-800,L2J,M
750068,9M-MWE,AT75,ATR-72-500,L2T,M
758368,RP-C9912,A321,AIRBUS A-321,L2J,M
758568,RP-C5258,GLF4,GULFSTREAM 4,L2J,M
76AA68,9V-JSH,A320,AIRBUS A-320,L2J,M
76B868,9V-NCH,A21N,AIRBUS A-321neo,L2J,M
76CC68,9V-SCH,B78X,BOEING 787-10 Dreamliner,L2J,H
76CD68,9V-SKH,A388,AIRBUS A-380-800,L4J,H
76CE68,9V-SSH,A333,AIRBUS A-330-300,L2J,H
778568,YK-AKA,A320,AIRBUS A-320,L2J,M
780068,B-6046,A319,AIRBUS A-319,L2J,M
780268,B-5157,B738,BOEING 737-800,L2J,M
780368,B-MCA,A321,AIRBUS A-321,L2J,M
780468,B-6348,A320,AIRBUS A-320,L2J,M
780568,B-6569,A320,AIRBUS A-320,L2J,M
780668,B-6693,A320,AIRBUS A-320,L2J,M
780768,B-6783,A320,AIRBUS A-320,L2J,M
780868,B-6882,A320,AIRBUS A-320,L2J,M
780968,B-8319,A319,AIRBUS A-319,L2J,M
780A68,B-LVC,DA42,DIAMOND DA-42 Guardian,L2P,L
780B68,B-9936,A321,AIRBUS A-321,L2J,M
780C68,B-1841,A320,AIRBUS A-320,L2J,M
780D68,B-1757,B738,BOEING 737-800,L2J,M
780E68,B-6299,B738,BOEING 737-800,L2J,M
780F68,B-7567,B738,BOEING 737-800,L2J,M
781168,B-3239,GLF5,GULFSTREAM 5,L2J,M
781368,B-1253,B738,BOEING 737-800,L2J,M
781568,B-207F,B38M,BOEING 737 MAX 8,L2J,M
781668,B-107A,DA40,DIAMOND DA-40 Club Star,L1P,L
781768,B-7907,C172,CESSNA 172 Skyhawk,L1P,L
781D68,B-328U,A20N,AIRBUS A-320neo,L2J,M
781E68,B-12L5,DA40,DIAMOND DA-40 Club Star,L1P,L
7BB068,B-2501,B734,BOEING 737-400,L2J,M
7C0568,VH-BCQ,PA31,PIPER PA-31-300/310/325/350/425,L2P,L
7C1468,VH-EBE,A332,AIRBUS A-330-200,L2J,H
7C1768,VH-EWQ,B350,BEECHCRAFT Super King Air 350,L2T,M
7C1968,VH-FAY,C208,CESSNA 208 Caravan,L1T,L
7C1C68,VH-FWA,B190,BEECH 1900,L2T,M
7C1F68,VH-GHM,DIMO,DIAMOND H-36 Dimona,L1P,L
7C2968,VH-IGQ,PA27,PIPER PA-23-250 Aztec,L2P,L
7C2A68,VH-INU,B737,BOEING 737-700,L2J,M
7C2E68,VH-JGA,C210,CESSNA 201 Centurion,L1P,L
7C2F68,VH-JNE,C182,CESSNA 182 Skylane,L1P,L
7C3368,VH-KFU,PA31,PIPER PA-31-300/310/325/350/425,L2P,L
7C3868,VH-LFE,BE76,BEECH 76 Duchess,L2P,L
7C3968,VH-LMI,PA34,PIPER PA-34 Seneca,L2P,L
7C3A68,VH-LTM,P210,CESSNA P210 Centurion,L1P,L
7C4468,VH-NSQ,E55P,EMBRAER EMB-505 Phenom 300,L2J,M
7C4568,VH-NZU,A109,AGUSTA AW-109 Grand,H2T,L
7C4968,VH-OSA,EC30,AIRBUS HELICOPTERS EC-130,H1T,L
7C4A68,VH-OZE,C206,CESSNA  206 Stationair,L1P,L
7C4C68,VH-PDM,RV7,VANS RV-7,L1P,L
7C5768,VH-RJU,BE60,BEECH 60 Duke,L2P,L
7C5868,VH-RQY,A139,AGUSTA AW-139,H2T,L
7C5C68,VH-SJE,C206,CESSNA  206 Stationair,L1P,L
7C6168,VH-TIY,C208,CESSNA 208 Caravan,L1T,L
7C6568,VH-UBE,C207,CESSNA 207 Turbo Stationair,L1P,L
7C6668,VH-UII,GLID,,L0-,-
7C6768,VH-UPM,PA31,PIPER PA-31-300/310/325/350/425,L2P,L
7C6868,VH-UWQ,RV7,VANS RV-7,L1P,L
7C6F68,VH-WAI,SW4,SWEARINGEN Metro,L2T,M
7C7168,VH-WOQ,PTMS,PITTS S-12 Super Stinker,L1P,L
7C7268,VH-WVU,C182,CESSNA 182 Skylane,L1P,L
7C7A68,VH-YGQ,C172,CESSNA 172 Skyhawk,L1P,L
7C7B68,VH-YNU,B733,BOEING 737-300,L2J,M
7C7C68,VH-YUY,RV6,VANS RV-6,L1P,L
7C7F68,VH-ZGA,S22T,CIRRUS SR-22T Turbo,L1P,L
7C8068,VH-ZNE,B789,BOEING 787-9 Dreamliner,L2J,H
7C8168,VH-ZUI,PA44,PIPER PA-44 Seminole,L2P,L
7CC568,23-1720,EVSS,EVEKTOR SportStar,L1P,L
7CF868,A39-005,A332,AIRBUS A-330-200,L2J,H
800068,VT-EHL,A748,AVRO 748,L2T,M
800168,VT-AEL,BE20,BEECH 200 Super King Air,L2T,M
800268,K3058,AN32,ANTONOV An-32 Sutlej,L2T,M
800668,VT-PEC,EC35,AIRBUS HELICOPTERS EC-135/635,H2T,L
800B68,VT-TMK,AT75,ATR-72-500,L2T,M
800C68,VT-WGI,A20N,AIRBUS A-320neo,L2J,M
800D68,VT-CDP,GLEX,BOMBARDIER BD-700 Global 6000/6500,L2J,M
840568,JA01FJ,E170,EMBRAER ERJ-170-100,L2J,M
840868,JA029E,R66,ROBINSON R-66,H1T,L
84B868,JA219J,E170,EMBRAER ERJ-170-100,L2J,M
84C268,JA2440,GLID,,L0-,-
852A68,JA383A,A388,AIRBUS A-380-800,L4J,H
85D468,JA55DA,DA42,DIAMOND DA-42 Guardian,L2P,L
867A68,JA71MA,SR22,CIRRUS SR-22,L1P,L
867F68,JA731J,B77W,BOEING 777-300ER,L2J,H
86D668,JA827J,B788,BOEING 787-8 Dreamliner,L2J,H
872968,JA90AN,B738,BOEING 737-800,L2J,M
881B68,60108,C130,LOCKHEED C-130 Hercules,L4T,M
883268,HS-LSH,B39M,BOEING 737 MAX 9,L2J,M
885968,HS-VKH,A321,AIRBUS A-321,L2J,M
888168,VN-A899,A359,AIRBUS A-350-900,L2J,H
896168,A6-EWH,B77L,BOEING 777-200LR,L2J,H
896268,A6-FLH,GLF4,GULFSTREAM 4,L2J,M
896468,A6-FGA,B738,BOEING 737-800,L2J,M
896C68,2022,A139,AGUSTA AW-139,H2T,L
899068,B-95995,BE40,BEECH 400 Beechjet,L2J,M
8A0768,PK-TNK,AT76,ATR-72-600,L2T,M
8A0868,HA-5226,B412,BELL 412,H2T,L
A00068,N1EB,GLF5,GULFSTREAM 5,L2J,M
A00268,N10AN,CH7A,BELLANCA 7 Champion,L1P,L
A00468,N10X,F900,DASSAULT Falcon 900,L3J,M
A00668,N100TL,SF50,CIRRUS SF-50 Vision,L1J,L
A00868,N10098,C150,CESSNA 150,L1P,L
A00968,N101LC,BL17,BELLANCA 17 Viking,L1P,L
A00B68,N10140,C82T,CESSNA TR182 Turbo Skylane RG,L1P,L
A00C68,N102CV,R44,ROBINSON R-44 Raven,H1P,L
A00D68,N102PA,M20P,MOONEY M-20,L1P,L
A01268,N1031V,T206,CESSNA T206 Turbo Stationair,L1P,L
A01468,N104JR,,,,
A01668,N1043Y,C414,CESSNA 414 Chancellor,L2P,L
A01768,N105BH,BL8,BELLANCA 8 Decathlon,L1P,L
A01A68,N10551,G2T1,GREAT LAKES 2T-1,L1P,L
A01D68,N1060T,P28A,PIPER PA-28-140/150/160/180,L1P,L
A01E68,N10674,J3,PIPER J-3 Cub,L1P,L
A02268,N10797,T206,CESSNA T206 Turbo Stationair,L1P,L
A02368,N108LB,S108,STINSON 108 Voyager,L1P,L
A02468,N108WH,S108,STINSON 108 Voyager,L1P,L
A02968,N10962,,,,
A02B68,N11RY,M20P,MOONEY M-20,L1P,L
A02C68,N110CC,BE35,BEECH 35 Starfire Bonanza,L1P,L
A02D68,N110NJ,T206,CESSNA T206 Turbo Stationair,L1P,L
A02F68,N1106L,DRON,,D0-,-
A03068,N111FA,,,,
A03168,N111RG,BALL,,B0-,-
A03268,N1111C,PA18,PIPER PA-18 Super Cub,L1P,L
A03368,N1118P,T206,CESSNA T206 Turbo Stationair,L1P,L
A03668,N1123F,C206,CESSNA  206 Stationair,L1P,L
A03768,N113AR,GYRO,,G0-,-
A03B68,N114DP,AC11,NORTH AMERICAN ROCKWELL Commander 112/114,L1P,L
A03D68,N1140A,LJ35,LEARJET 35,L2J,M
A04068,N115ST,,,,
A04268,N1159Q,COL4,CESSNA 400 Corvalis TT,L1P,L
A04568,N1164G,M20P,MOONEY M-20,L1P,L
A04A68,N118F,C170,CESSNA 170,L1P,L
A04B68,N118RF,C208,CESSNA 208 Caravan,L1T,L
A04D68,N1188N,C82R,CESSNA R182 Skylane RG,L1P,L
A05068,N1193E,AA5,AMERICAN AA-5 Tiger,L1P,L
A05368,N12XB,RV12,VANS RV-12,L1P,L
A05668,N1202Z,G103,GROB G-103 Twin 3SL,L1P,L
A05768,N121,COZY,CO-Z Cozy,L1P,L
A05A68,N12142,E45X,EMBRAER ERJ-145XR,L2J,M
A06068,N123SA,PA18,PIPER PA-18 Super Cub,L1P,L
A06168,N1231X,ONEX,SONEX Onex,L1P,L
A06268,N12388,C172,CESSNA 172 Skyhawk,L1P,L
A06368,N124JT,RV12,VANS RV-12,L1P,L
A06568,N12430,WACF,WACO F,L1P,L
A06668,N125BK,BE20,BEECH 200 Super King Air,L2T,M
A06768,N125MR,B47G,BELL 47G,H1P,L
A06D68,N12676,C172,CESSNA 172 Skyhawk,L1P,L
A06E68,N127HF,C172,CESSNA 172 Skyhawk,L1P,L
A06F68,N127TM,BL8,BELLANCA 8 Decathlon,L1P,L
A07368,N128WK,T6,NORTH AMERICAN T-6 Texan,L1P,L
A07668,N129PB,C550,CESSNA 550 Citation S2,L2J,L
A07868,N12964,H500,HUGHES 500,H1T,L
A07D68,N130YS,RV8,VANS RV-8,L1P,L
A07E68,N1306N,ST75,STEARMAN Kaydet,L1P,L
A08068,N131RJ,P28A,PIPER PA-28-140/150/160/180,L1P,L
A08168,N1311E,CH7A,BELLANCA 7 Champion,L1P,L
A08268,N1318R,AA5,AMERICAN AA-5 Tiger,L1P,L
A08568,N1323H,AR15,AERONCA 15 Sedan,L1P,L
A08668,N133AT,T33,LOCKHEED T-33,L1J,M
A08A68,N134DR,BE18,BEECH 18 Expetitor,L2P,L
A09068,N1352F,C172,CESSNA 172 Skyhawk,L1P,L
A09468,N1364J,T6,NORTH AMERICAN T-6 Texan,L1P,L
A09568,N137CD,C425,CESSNA 425 Corsair,L2T,L
A09868,N1376M,C182,CESSNA 182 Skylane,L1P,L
A09C68,N1388Q,,,,
A0A268,N14XD,BL8,BELLANCA 8 Decathlon,L1P,L
A0A668,N141AA,C172,CESSNA 172 Skyhawk,L1P,L
A0AF68,N143SC,,,,
A0B368,N144VA,RV14,VANS RV-14,L1P,L
A0B868,N14555,ULAC,,L0-,-
A0BB68,N1460X,P28A,PIPER PA-28-140/150/160/180,L1P,L
A0BE68,N147TP,BL8,BELLANCA 8 Decathlon,L1P,L
A0C368,N14843,,,,
A0C568,N149PD,B407,BELL 407,H1T,L
A0C968,N15SB,TBM7,SOCATA TBM-700A/B/C,L1T,L
A0CA68,N150CG,C150,CESSNA 150,L1P,L
A0CB68,N150NN,A321,AIRBUS A-321,L2J,M
A0CD68,N1506Q,C150,CESSNA 150,L1P,L
A0CE68,N151FE,B763,BOEING 767-300,L2J,H
A0D668,N153MA,DV20,DIAMOND DA-20,L1P,L
A0DF68,N1552H,C77R,CESSNA 177RG Cardinal RG,L1P,L
A0E068,N1559U,BT36,BEECH B36TC Bonanza,L1P,L
A0E368,N1564L,BE58,BEECH 58 Baron,L2P,L
A0EB68,N1588S,BE35,BEECH 35 Starfire Bonanza,L1P,L
A0EC68,N159JB,B350,BEECHCRAFT Super King Air 350,L2T,M
A0F068,N16M,BE17,BEECH 17 Staggerwing,L1P,L
A0F268,N160HL,PA12,PIPER PA-12 Super Cruiser,L1P,L
A0F468,N16023,C177,CESSNA  177 Cardinal,L1P,L
A0F568,N161AC,B06,BELL 206 JetRanger,H1T,L
A0F968,N162DA,,,,
A0FA68,N162PG,C162,CESSNA 162 Skycatcher,L1P,L
A0FC68,N16269,PA32,PIPER PA-32,L1P,L
A0FF68,N16311,P28R,PIPER PA-28R-180/200/201,L1P,L
A10068,N1639B,L11,TEMCO Sedan,L1P,L
A10768,N16557,ULAC,,L0-,-
A10868,N166EM,A4,DOUGLAS A-4 Skyhawk,L1J,M
A10D68,N167TR,BE58,BEECH 58 Baron,L2P,L
A11068,N168LH,P28A,PIPER PA-28-140/150/160/180,L1P,L
A11368,N169D,T6,NORTH AMERICAN T-6 Texan,L1P,L
A11768,N17FY,WAIX,SONEX Waiex,L1P,L
A12168,N172JE,C72R,CESSNA 172R Cutlass RG,L1P,L
A12368,N1723M,C337,CESSNA 337 Super Skymaster,L2P,L
A12568,N173MC,C210,CESSNA 201 Centurion,L1P,L
A12768,N1735Q,C150,CESSNA 150,L1P,L
A12868,N174DV,C77R,CESSNA 177RG Cardinal RG,L1P,L
A12A68,N1740G,BE35,BEECH 35 Starfire Bonanza,L1P,L
A12B68,N1747T,P28A,PIPER PA-28-140/150/160/180,L1P,L
A13868,N178RM,DHC2,DE HAVILLAND DHC-2 Beaver,L1P,L
A13B68,N179JD,S22T,CIRRUS SR-22T Turbo,L1P,L
A13E68,N18AW,YK11,YAKOVLEV Yak-11,L1P,L
A14468,N181AE,P28A,PIPER PA-28-140/150/160/180,L1P,L
A14568,N181LL,AVID,AVID Flyer,L1P,L
A14868,N182DC,C82R,CESSNA R182 Skylane RG,L1P,L
A14968,N182PJ,C82S,CESSNA T182 Turbo Skylane,L1P,L
A14B68,N1827A,C82T,CESSNA TR182 Turbo Skylane RG,L1P,L
A15368,N185BR,C185,CESSNA 185 Skywagon,L1P,L
A15A68,N1868B,C172,CESSNA 172 Skyhawk,L1P,L
A15D68,N18724,C150,CESSNA 150,L1P,L
A15E68,N188AD,DRON,,D0-,-
A16068,N188WR,GLF6,GULFSTREAM G650,L2J,M
A16668,N19G,C182,CESSNA 182 Skylane,L1P,L
A16768,N19SF,FURY,HAWKER Fury,L1P,L
A16968,N190NS,DRON,,D0-,-
A16F68,N1918X,C182,CESSNA 182 Skylane,L1P,L
A17068,N192JG,CRUZ,CSA PS-28 Cruiser,L1P,L
A17268,N1923P,SR22,CIRRUS SR-22,L1P,L
A17368,N193AZ,EXEC,ROTORWAY Exec,H1P,L
A17468,N193ME,C172,CESSNA 172 Skyhawk,L1P,L
A17C68,N195TA,BE95,BEECH 95 Travel Air,L2P,L
A17D68,N1952M,P337,CESSNA P337 Skymaster,L2P,L
A17E68,N1959Y,M20P,MOONEY M-20,L1P,L
A18168,N1964Q,C77R,CESSNA 177RG Cardinal RG,L1P,L
A18568,N1976T,AA5,AMERICAN AA-5 Tiger,L1P,L
A18768,N198RP,C210,CESSNA 201 Centurion,L1P,L
A18A68,N199JF,SA10,STOLP SA-100 Starduster,L1P,L
A18D68,N2AY,PA12,PIPER PA-12 Super Cruiser,L1P,L
A18E68,N2MD,TBM7,SOCATA TBM-700A/B/C,L1T,L
A19068,N20HQ,GLEX,BOMBARDIER BD-700 Global 6000/6500,L2J,M
A19268,N200EA,BE20,BEECH 200 Super King Air,L2T,M
A19568,N2007Z,C150,CESSNA 150,L1P,L
A19668,N201GZ,M20P,MOONEY M-20,L1P,L
A19768,N201TE,M20P,MOONEY M-20,L1P,L
A19868,N2012R,C182,CESSNA 182 Skylane,L1P,L
A19968,N20192,C177,CESSNA  177 Cardinal,L1P,L
A19B68,N202WC,M7,MAULE M-7,L1P,L
A19C68,N2024U,M4,MAULE M-4,L1P,L
A19D68,N203CP,C172,CESSNA 172 Skyhawk,L1P,L
A19E68,N203NV,A320,AIRBUS A-320,L2J,M
A1A268,N204RT,LJ31,LEARJET 31,L2J,M
A1A368,N2041P,BE33,BEECH 33 Bonanza,L1P,L
A1A868,N206BB,B06,BELL 206 JetRanger,H1T,L
A1A968,N206MH,B06,BELL 206 JetRanger,H1T,L
A1AA68,N206XP,T206,CESSNA T206 Turbo Stationair,L1P,L
A1AB68,N2065V,C140,CESSNA 140,L1P,L
A1AC68,N207E,CH7A,BELLANCA 7 Champion,L1P,L
A1AE68,N2070M,P28A,PIPER PA-28-140/150/160/180,L1P,L
A1B068,N208GY,C208,CESSNA 208 Caravan,L1T,L
A1B368,N20891,C172,CESSNA 172 Skyhawk,L1P,L
A1B668,N2094T,P28R,PIPER PA-28R-180/200/201,L1P,L
A1B768,N21CN,BE35,BEECH 35 Starfire Bonanza,L1P,L
A1B968,N21Z,COUG,ACRO SPORT Cougar,L1P,L
A1BA68,N210KE,C210,CESSNA 201 Centurion,L1P,L
A1C268,N212RA,PA31,PIPER PA-31-300/310/325/350/425,L2P,L
A1C368,N21207,C182,CESSNA 182 Skylane,L1P,L
A1C468,N2128H,ERCO,AIR PRODUCTS F-1 Aircoupe,L1P,L
A1C568,N213HT,H269,HUGHES Sky Knight,H1P,L
A1C668,N213TZ,EPIC,EPIC AIRCRAFT Epic LT,L1T,L
A1C868,N214AK,B739,BOEING 737-900,L2J,M
A1CF68,N2157F,P28B,PIPER PA-28-201T/235/236,L1P,L
A1D168,N216SM,RV9,VANS RV-9,L1P,L
A1D268,N21618,C188,CESSNA 188 AgTruck,L1P,L
A1D768,N218BW,IR23,ICA IAR-823,L1P,L
A1D868,N218NB,LJ31,LEARJET 31,L2J,M
A1DA68,N2186D,BE35,BEECH 35 Starfire Bonanza,L1P,L
A1DC68,N219R,P28B,PIPER PA-28-201T/235/236,L1P,L
A1DD68,N21906,BALL,,B0-,-
A1DE68,N2198G,C182,CESSNA 182 Skylane,L1P,L
A1E068,N22TY,BE58,BEECH 58 Baron,L2P,L
A1E368,N2200Q,SS2T,TRUSH Turbo Thrush 500/550,L1T,L
A1E668,N221TG,H500,HUGHES 500,H1T,L
A1E868,N22194,C150,CESSNA 150,L1P,L
A1EB68,N2224W,P28B,PIPER PA-28-201T/235/236,L1P,L
A1EF68,N2236Z,P28B,PIPER PA-28-201T/235/236,L1P,L
A1F068,N224FP,PC24,PILATUS PC-24,L2J,M
A1F168,N224RV,RV4,VANS RV-4,L1P,L
A1F268,N2241R,T210,CESSNA T210 Turbo Centurion,L1P,L
A1F468,N225JM,R44,ROBINSON R-44 Raven,H1P,L
A1F768,N226BD,,,,
A1F868,N226MK,C441,CESSNA 441 Conquest,L2T,L
A1FD68,N2270P,PA23,PIPER PA-23,L2P,L
A20268,N22893,C150,CESSNA 150,L1P,L
A20568,N2294V,C140,CESSNA 140,L1P,L
A20768,N23NW,C441,CESSNA 441 Conquest,L2T,L
A20B68,N2304D,P46T,PIPER PA-46-500TP,L1T,L
A20C68,N231BZ,M20P,MOONEY M-20,L1P,L
A20D68,N231NE,M20P,MOONEY M-20,L1P,L
A21168,N232RC,PA18,PIPER PA-18 Super Cub,L1P,L
A21268,N23209,J3,PIPER J-3 Cub,L1P,L
A21368,N2328K,PA38,PIPER PA-38 Tomahawk,L1P,L
A21468,N233HV,BE20,BEECH 200 Super King Air,L2T,M
A21668,N2333B,BE58,BEECH 58 Baron,L2P,L
A21768,N234AM,,,,
A21868,N234LT,A4,DOUGLAS A-4 Skyhawk,L1J,M
A21C68,N235PR,M7,MAULE M-7,L1P,L
A21E68,N2357H,ERCO,AIR PRODUCTS F-1 Aircoupe,L1P,L
A22068,N236SP,C172,CESSNA 172 Skyhawk,L1P,L
A22568,N2374C,C82R,CESSNA R182 Skylane RG,L1P,L
A22768,N238ND,P28A,PIPER PA-28-140/150/160/180,L1P,L
A22968,N2386F,C210,CESSNA 201 Centurion,L1P,L
A22B68,N239RB,RV6,VANS RV-6,L1P,L
A22E68,N24HU,HUSK,CHRISTEN Husky,L1P,L
A23268,N2400S,PA18,PIPER PA-18 Super Cub,L1P,L
A23368,N24073,TAYB,TAYLORCRAFT BC/BF/BL,L1P,L
A23468,N241HC,RV8,VANS RV-8,L1P,L
A23668,N2412V,C140,CESSNA 140,L1P,L
A23A68,N2424Y,C172,CESSNA 172 Skyhawk,L1P,L
A23B68,N243CT,FDCT,FLIGHT DESIGN CT,L1P,L
A23F68,N244FR,C172,CESSNA 172 Skyhawk,L1P,L
A24168,N2441T,NAVI,NORTH AMERICAN Navion,L1P,L
A24368,N245JP,DV20,DIAMOND DA-20,L1P,L
A24568,N2453W,GLID,,L0-,-
A24768,N246MM,MITE,MOONEY M-18,L1P,L
A24C68,N2470R,C182,CESSNA 182 Skylane,L1P,L
A25068,N2482U,PARA,,P0-,-
A25468,N2494X,,,,
A25568,N25CS,BE20,BEECH 200 Super King Air,L2T,M
A25668,N25NY,LJ25,LEARJET 25,L2J,L
A25A68,N2504F,CH7B,BELLANCA 7 Citabria,L1P,L
A25C68,N251NG,PC12,PILATUS PC-12,L1T,L
A26268,N2528M,PA12,PIPER PA-12 Super Cruiser,L1P,L
A26568,N2533D,C170,CESSNA 170,L1P,L
A26968,N2545G,C182,CESSNA 182 Skylane,L1P,L
A26A68,N255DM,VELO,Velocity,L1P,L
A26B68,N255PT,SASY,PROTECH Sassy,L1P,L
A26D68,N2557K,BALL,,B0-,-
A26F68,N256SR,SR22,CIRRUS SR-22,L1P,L
A27168,N2569N,C120,CESSNA 120,L1P,L
A27568,N258C,HUSK,CHRISTEN Husky,L1P,L
A27868,N2586H,ERCO,AIR PRODUCTS F-1 Aircoupe,L1P,L
A27A68,N259RD,RV4,VANS RV-4,L1P,L
A28568,N2612X,C206,CESSNA  206 Stationair,L1P,L
A28968,N26240,AA5,AMERICAN AA-5 Tiger,L1P,L
A28B68,N263PA,DRON,,D0-,-
A29868,N26651,TAYB,TAYLORCRAFT BC/BF/BL,L1P,L
A2A468,N27CU,AS29,SCHLEICHER ASG-29,L1P,L
A2A568,N27P,GLID,,L0-,-
A2A968,N2704H,ERCO,AIR PRODUCTS F-1 Aircoupe,L1P,L
A2AA68,N271CC,PA18,PIPER PA-18 Super Cub,L1P,L
A2B168,N2728P,PA22,PIPER PA-22,L1P,L
A2B468,N2733F,C182,CESSNA 182 Skylane,L1P,L
A2B868,N2745J,C150,CESSNA 150,L1P,L
A2BC68,N2757M,PA12,PIPER PA-12 Super Cruiser,L1P,L
A2C068,N2769Q,C182,CESSNA 182 Skylane,L1P,L
A2CB68,N2798N,ULAC,,L0-,-
A2CC68,N28HY,HUSK,CHRISTEN Husky,L1P,L
A2D068,N2800W,TAMP,SOCATA TB-9 Tampico,L1P,L
A2D168,N28077,P28A,PIPER PA-28-140/150/160/180,L1P,L
A2D268,N281HG,P28A,PIPER PA-28-140/150/160/180,L1P,L
A2D468,N2812Z,PA22,PIPER PA-22,L1P,L
A2D868,N28242,AA5,AMERICAN AA-5 Tiger,L1P,L
A2DA68,N283PC,C240,CESSNA 240 Corvalis TTx,L1P,L
A2DE68,N284SA,ULAC,,L0-,-
A2DF68,N2841X,C177,CESSNA  177 Cardinal,L1P,L
A2E068,N28488,L8,LUSCOMBE 8,L1P,L
A2EA68,N2870V,BE35,BEECH 35 Starfire Bonanza,L1P,L
A2ED68,N288TM,C182,CESSNA 182 Skylane,L1P,L
A2EE68,N2882Y,C182,CESSNA 182 Skylane,L1P,L
A2F268,N28941,T28,NORTH AMERICAN T-28,L1P,L
A2F368,N29CW,PA34,PIPER PA-34 Seneca,L2P,L
A2F868,N2904K,P28B,PIPER PA-28-201T/235/236,L1P,L
A2FE68,N292RJ,,,,
A30068,N2928R,C310,CESSNA 310,L2P,L
A30768,N2945L,M20P,MOONEY M-20,L1P,L
A30A68,N2950C,C180,CESSNA  180 Skywagon,L1P,L
A30B68,N2957P,PA22,PIPER PA-22,L1P,L
A30E68,N2962F,C182,CESSNA 182 Skylane,L1P,L
A30F68,N2969S,P28A,PIPER PA-28-140/150/160/180,L1P,L
A31368,N298CD,SR20,CIRRUS SR-20,L1P,L
A31668,N2986M,PA12,PIPER PA-12 Super Cruiser,L1P,L
A31968,N2991D,BL8,BELLANCA 8 Decathlon,L1P,L
A31C68,N3UF,C210,CESSNA 201 Centurion,L1P,L
A31D68,N30EL,SEAW,Seawind,A1P,L
A31F68,N300AX,BE99,BEECH 99 Airliner,L2T,L
A32068,N300MC,BE30,BEECH 300 Super King Air,L2T,L
A32268,N3005Q,P28R,PIPER PA-28R-180/200/201,L1P,L
A32368,N301DV,A321,AIRBUS A-321,L2J,M
A32568,N3010G,M7,MAULE M-7,L1P,L
A32A68,N3029W,P28R,PIPER PA-28R-180/200/201,L1P,L
A32D68,N3034N,C120,CESSNA 120,L1P,L
A32E68,N304CH,B06,BELL 206 JetRanger,H1T,L
A33368,N305RM,M20P,MOONEY M-20,L1P,L
A33C68,N3075P,BE58,BEECH 58 Baron,L2P,L
A33D68,N308DU,BCS3,AIRBUS A220-300,L2J,M
A33F68,N3080F,BE30,BEECH 300 Super King Air,L2T,L
A34068,N3087S,SS2P,ROCKWELL Thrush Commander,L1P,L
A34368,N3092J,P32T,PIPER PA-32RT-300/300T,L1P,L
A34868,N310SG,C310,CESSNA 310,L2P,L
A34A68,N3109D,BT36,BEECH B36TC Bonanza,L1P,L
A34D68,N31136,R44,ROBINSON R-44 Raven,H1P,L
A34F68,N312MX,C310,CESSNA 310,L2P,L
A35168,N31259,CH7A,BELLANCA 7 Champion,L1P,L
A35568,N3138B,PA32,PIPER PA-32,L1P,L
A35768,N314TT,C182,CESSNA 182 Skylane,L1P,L
A35D68,N316DB,,,,
A35E68,N316PH,SR22,CIRRUS SR-22,L1P,L
A36168,N317G,SR22,CIRRUS SR-22,L1P,L
A36268,N317SF,PA31,PIPER PA-31-300/310/325/350/425,L2P,L
A36368,N31712,PARA,,P0-,-
A36468,N3179C,C180,CESSNA  180 Skywagon,L1P,L
A36968,N319MW,B407,BELL 407,H1T,L
A36F68,N320ME,C172,CESSNA 172 Skyhawk,L1P,L
A37368,N321QC,M20P,MOONEY M-20,L1P,L
A37568,N3217V,M7,MAULE M-7,L1P,L
A37768,N322TA,MU2,MITSUBISHI MU-2 Marquise,L2T,L
A37868,N3222M,PA12,PIPER PA-12 Super Cruiser,L1P,L
A38068,N3246T,C177,CESSNA  177 Cardinal,L1P,L
A38268,N325RP,P210,CESSNA P210 Centurion,L1P,L
A38468,N3258W,PA32,PIPER PA-32,L1P,L
A38768,N3263N,BE9L,BEECH 90 King Air,L2T,L
A38F68,N3287U,BALL,,B0-,-
A39168,N329T,PA18,PIPER PA-18 Super Cub,L1P,L
A39468,N33KS,BE33,BEECH 33 Bonanza,L1P,L
A39668,N330GC,C56X,CESSNA 560XL Citation XLS,L2J,M
A39C68,N33138,P28A,PIPER PA-28-140/150/160/180,L1P,L
A3A168,N333ER,B06,BELL 206 JetRanger,H1T,L
A3A368,N33303,PA34,PIPER PA-34 Seneca,L2P,L
A3A568,N334HP,BE33,BEECH 33 Bonanza,L1P,L
A3A868,N335AF,CL30,BOMBARDIER BD-100 Challenger 300,L2J,M
A3AC68,N336DD,C172,CESSNA 172 Skyhawk,L1P,L
A3B268,N33714,B737,BOEING 737-700,L2J,M
A3B768,N339BS,AT8T,AIR TRACTOR AT-802,L1T,M
A3BD68,N340BA,C340,CESSNA 340 Super,L2P,L
A3BE68,N340MG,C340,CESSNA 340 Super,L2P,L
A3C468,N3417X,M20P,MOONEY M-20,L1P,L
A3CA68,N343WA,P28A,PIPER PA-28-140/150/160/180,L1P,L
A3CB68,N3434S,C182,CESSNA 182 Skylane,L1P,L
A3CF68,N3446V,C195,CESSNA 195,L1P,L
A3D168,N345RR,B06,BELL 206 JetRanger,H1T,L
A3D268,N3451M,PA12,PIPER PA-12 Super Cruiser,L1P,L
A3D368,N3458Y,C180,CESSNA  180 Skywagon,L1P,L
A3D468,N346JH,T206,CESSNA T206 Turbo Stationair,L1P,L
A3D568,N346UP,B763,BOEING 767-300,L2J,H
A3DA68,N3475T,C177,CESSNA  177 Cardinal,L1P,L
A3DD68,N3480K,P28A,PIPER PA-28-140/150/160/180,L1P,L
A3E268,N3499Z,PA18,PIPER PA-18 Super Cub,L1P,L
A3E668,N350SL,COL4,CESSNA 400 Corvalis TT,L1P,L
A3E868,N3509H,M20P,MOONEY M-20,L1P,L
A3EA68,N351VJ,CL35,BOMBARDIER BD-100 Challenger 350,L2J,M
A3F268,N35305,J3,PIPER J-3 Cub,L1P,L
A3F368,N3538F,C182,CESSNA 182 Skylane,L1P,L
A3F668,N35428,J4,PIPER J-4 Cub Coupe,L1P,L
A40168,N35716,C172,CESSNA 172 Skyhawk,L1P,L
A40568,N35839,J3,PIPER J-3 Cub,L1P,L
A40A68,N36ES,BE36,BEECH 36 Bonanza,L1P,L
A40D68,N360MJ,F2TH,DASSAULT Falcon 2000,L2J,M
A41068,N361EA,BE20,BEECH 200 Super King Air,L2T,M
A41668,N3622R,P28A,PIPER PA-28-140/150/160/180,L1P,L
A41768,N36292,P32R,PIPER PA-32R-300/301/301T,L1P,L
A41B68,N364CP,C172,CESSNA 172 Skyhawk,L1P,L
A42068,N365RT,AS65,AEROSPATIALE AS-365 Dauphin 2,H2T,L
A42168,N3651P,PA22,PIPER PA-22,L1P,L
A42268,N36580,AR65,AERONCA 65 Super Chief,L1P,L
A42568,N3663S,C172,CESSNA 172 Skyhawk,L1P,L
A42C68,N3680M,PA12,PIPER PA-12 Super Cruiser,L1P,L
A43268,N37KW,PAY4,PIPER PA-42-1000 Cheyenne 400,L2T,L
A43368,N37WB,BE50,BEECH 50 Excalibur,L2P,L
A43768,N3709K,GC1,GLOBE Swift,L1P,L
A44268,N3738H,BALL,,B0-,-
A44F68,N377SM,P32R,PIPER PA-32R-300/301/301T,L1P,L
A45068,N37718,C172,CESSNA 172 Skyhawk,L1P,L
A45A68,N38R,BE95,BEECH 95 Travel Air,L2P,L
A45E68,N3805Y,C210,CESSNA 201 Centurion,L1P,L
A46368,N382HA,A332,AIRBUS A-330-200,L2J,H
A46568,N3822T,P28R,PIPER PA-28R-180/200/201,L1P,L
A47068,N3851R,P28A,PIPER PA-28-140/150/160/180,L1P,L
A47868,N3875X,VO10,NORTH AMERICAN ROCKWELL Commander 100,L1P,L
A47B68,N3880P,,,,
A47D68,N389H,PC12,PILATUS PC-12,L1T,L
A47E68,N389TF,,,,
A47F68,N3892S,C172,CESSNA 172 Skyhawk,L1P,L
A48168,N39KY,L39,LET L-39 Albatros,L1J,L
A48268,N39WD,,,,
A48568,N3902A,BE55,BEECH 55 Baron,L2P,L
A48668,N3909M,PA12,PIPER PA-12 Super Cruiser,L1P,L
A48968,N3914D,C182,CESSNA 182 Skylane,L1P,L
A48D68,N3926G,C340,CESSNA 340 Super,L2P,L
A48E68,N393EX,WAIX,SONEX Waiex,L1P,L
A48F68,N393RC,TAIL,WITTMAN Tailwind,L1P,L
A49068,N39309,AR6T,AERONCA 65 Tandem,L1P,L
A49168,N3938K,P28A,PIPER PA-28-140/150/160/180,L1P,L
A49568,N395AM,BE20,BEECH 200 Super King Air,L2T,M
A49868,N3955E,AR11,AERONCA 11 Chief,L1P,L
A4A068,N3979L,C172,CESSNA 172 Skyhawk,L1P,L
A4A768,N3996F,P28R,PIPER PA-28R-180/200/201,L1P,L
A4A868,N4EW,RV7,VANS RV-7,L1P,L
A4A968,N4RB,BE33,BEECH 33 Bonanza,L1P,L
A4AA68,N40BG,LJ45,LEARJET 45,L2J,M
A4AF68,N4003F,C172,CESSNA 172 Skyhawk,L1P,L
A4B068,N401AR,UH1,BELL UH-1 Huey,H1T,L
A4B168,N401LX,PC12,PILATUS PC-12,L1T,L
A4B368,N4015J,P28A,PIPER PA-28-140/150/160/180,L1P,L
A4B468,N402DP,PARA,,P0-,-
A4B668,N4020A,BALL,,B0-,-
A4B768,N4027M,PA12,PIPER PA-12 Super Cruiser,L1P,L
A4BA68,N4032D,C182,CESSNA 182 Skylane,L1P,L
A4BB68,N4039Q,BALL,,B0-,-
A4BE68,N4044G,PA18,PIPER PA-18 Super Cub,L1P,L
A4BF68,N405CB,GLF5,GULFSTREAM 5,L2J,M
A4C668,N4068N,M20P,MOONEY M-20,L1P,L
A4C968,N4073E,PA18,PIPER PA-18 Super Cub,L1P,L
A4CB68,N408LW,P28A,PIPER PA-28-140/150/160/180,L1P,L
A4CD68,N4085H,,,,
A4D168,N4097L,R44,ROBINSON R-44 Raven,H1P,L
A4D268,N41GL,RV6,VANS RV-6,L1P,L
A4D468,N410CX,ZZZZ,,-0-,-
A4D568,N410PC,BE58,BEECH 58 Baron,L2P,L
A4D768,N41065,J4,PIPER J-4 Cub Coupe,L1P,L
A4D968,N411SA,SR22,CIRRUS SR-22,L1P,L
A4DC68,N412JT,HDJT,HONDA HondaJet,L2J,L
A4DE68,N41230,P28R,PIPER PA-28R-180/200/201,L1P,L
A4DF68,N413BK,DRON,,D0-,-
A4E068,N413MR,SR20,CIRRUS SR-20,L1P,L
A4E168,N413XX,,,,
A4E368,N414EH,C414,CESSNA 414 Chancellor,L2P,L
A4E568,N4140V,C170,CESSNA 170,L1P,L
A4E668,N41476,HCAT,GRUMMAN F6F Hellcat,L1P,L
A4E868,N415TM,BE20,BEECH 200 Super King Air,L2T,M
A4EA68,N41599,PA46,PIPER PA-46-310/350,L1P,L
A4EB68,N416LD,R44,ROBINSON R-44 Raven,H1P,L
A4ED68,N41641,P28A,PIPER PA-28-140/150/160/180,L1P,L
A4F168,N41764,P28A,PIPER PA-28-140/150/160/180,L1P,L
A4F368,N418S,RV6,VANS RV-6,L1P,L
A4F468,N4181W,PA32,PIPER PA-32,L1P,L
A4F668,N419JS,DA40,DIAMOND DA-40 Club Star,L1P,L
A4F968,N42BJ,C421,CESSNA 421 Executive Commuter,L2P,L
A4FC68,N420JA,AS50,AEROSPATIALE AS-350 Ecureuil,H1T,L
A4FE68,N4203H,PA14,PIPER PA-14 Family Cruiser,L1P,L
A4FF68,N421AT,C421,CESSNA 421 Executive Commuter,L2P,L
A50268,N4215L,C172,CESSNA 172 Skyhawk,L1P,L
A50368,N422DR,SR22,CIRRUS SR-22,L1P,L
A50968,N4232F,P28A,PIPER PA-28-140/150/160/180,L1P,L
A50A68,N4239S,,,,
A50E68,N425CD,SR22,CIRRUS SR-22,L1P,L
A51168,N4256M,PA12,PIPER PA-12 Super Cruiser,L1P,L
A51968,N428AS,B739,BOEING 737-900,L2J,M
A51C68,N4285K,,,,
A51F68,N4290B,BE35,BEECH 35 Starfire Bonanza,L1P,L
A52168,N43GN,BE9L,BEECH 90 King Air,L2T,L
A52668,N43067,TAYB,TAYLORCRAFT BC/BF/BL,L1P,L
A52768,N431FX,E545,EMBRAER EMB545 Praetor 500,L2J,M
A52868,N431SC,BE20,BEECH 200 Super King Air,L2T,M
A52968,N4311Z,,,,
A52A68,N4319,ZZZZ,,-0-,-
A52D68,N43232,P28A,PIPER PA-28-140/150/160/180,L1P,L
A53168,N43355,PA32,PIPER PA-32,L1P,L
A53568,N43478,TAYB,TAYLORCRAFT BC/BF/BL,L1P,L
A53668,N435HH,LJ45,LEARJET 45,L2J,M
A53868,N43520,COY2,RANS Coyote 2,L1P,L
A53E68,N437PD,PARA,,P0-,-
A54368,N4381Y,BE99,BEECH 99 Airliner,L2T,L
A54468,N43889,T51,TITAN T-51 Mustang,L1P,L
A54668,N439V,,,,
A54868,N44BL,C172,CESSNA 172 Skyhawk,L1P,L
A54D68,N4403K,NAVI,NORTH AMERICAN Navion,L1P,L
A54F68,N441MA,PA44,PIPER PA-44 Seminole,L2P,L
A55468,N4420E,C150,CESSNA 150,L1P,L
A55568,N4427R,C172,CESSNA 172 Skyhawk,L1P,L
A55668,N443GR,T206,CESSNA T206 Turbo Stationair,L1P,L
A55868,N4432H,PA15,PIPER PA-15 Vagabond,L1P,L
A55968,N4439U,R44,ROBINSON R-44 Raven,H1P,L
A55A68,N444KP,RV9,VANS RV-9,L1P,L
A55B68,N444VV,,,,
A56068,N4456P,,,,
A56468,N4468S,BE36,BEECH 36 Bonanza,L1P,L
A56768,N4473J,P28A,PIPER PA-28-140/150/160/180,L1P,L
A56968,N448M,RV8,VANS RV-8,L1P,L
A56B68,N4485M,PA12,PIPER PA-12 Super Cruiser,L1P,L
A56C68,N449DS,DA42,DIAMOND DA-42 Guardian,L2P,L
A56E68,N4490D,BE35,BEECH 35 Starfire Bonanza,L1P,L
A57168,N45SW,,,,
A57268,N450DA,P210,CESSNA P210 Centurion,L1P,L
A57568,N45069,C150,CESSNA 150,L1P,L
A57968,N4519B,AA5,AMERICAN AA-5 Tiger,L1P,L
A57B68,N452VC,CH65,ZENAIR CH-650 Zodiac,L1P,L
A57C68,N45234,N3N,NAVAL AIRCRAFT FACTORY N3N,L1P,L
A58368,N4540Z,PA22,PIPER PA-22,L1P,L
A58868,N456AB,PARA,,P0-,-
A58A68,N456WP,C340,CESSNA 340 Super,L2P,L
A58B68,N45645,SPHA,AMERICAN AUTOGYRO Spinus,G1P,L
A58F68,N45768,L8,LUSCOMBE 8,L1P,L
A59868,N46MU,EN28,ENSTROM F-28,H1P,L
A59968,N46Y,ST75,STEARMAN Kaydet,L1P,L
A59C68,N4603M,,,,
A59E68,N461MC,LJ60,LEARJET 60,L2J,M
A5A868,N4639W,AC11,NORTH AMERICAN ROCKWELL Commander 112/114,L1P,L
A5AC68,N465CH,ULAC,,L0-,-
A5AF68,N4656R,P28A,PIPER PA-28-140/150/160/180,L1P,L
A5B268,N4661H,PA17,PIPER PA-17 Vagabond Trainer,L1P,L
A5B768,N468AW,CRJ2,BOMBARDIER Regional Jet CRJ-200,L2J,M
A5B868,N468MB,SR22,CIRRUS SR-22,L1P,L
A5BC68,N469Q,VELO,Velocity,L1P,L
A5BF68,N47GS,FOX,KITFOX,L1P,L
A5C168,N470DC,E35L,EMBRAER EMB-135 Legacy,L2J,M
A5C268,N470PJ,RV12,VANS RV-12,L1P,L
A5C468,N4707A,PA18,PIPER PA-18 Super Cub,L1P,L
A5CE68,N473YC,C206,CESSNA  206 Stationair,L1P,L
A5CF68,N47359,P28R,PIPER PA-28R-180/200/201,L1P,L
A5D068,N474EP,C72R,CESSNA 172R Cutlass RG,L1P,L
A5D468,N475HM,H25B,HAWKER BEECHCRAFT Hawker 750/850,L2J,M
A5D668,N47524,B39M,BOEING 737 MAX 9,L2J,M
A5DE68,N4777,WACO,WACO E/O,L1P,L
A5DF68,N478G,SR22,CIRRUS SR-22,L1P,L
A5E768,N48MW,BE58,BEECH 58 Baron,L2P,L
A5EB68,N4803P,BE35,BEECH 35 Starfire Bonanza,L1P,L
A5EC68,N481AZ,DRON,,D0-,-
A5F268,N4820J,T206,CESSNA T206 Turbo Stationair,L1P,L
A5FE68,N4856T,C82R,CESSNA R182 Skylane RG,L1P,L
A60F68,N49T,AA5,AMERICAN AA-5 Tiger,L1P,L
A61768,N4919F,C172,CESSNA 172 Skyhawk,L1P,L
A61A68,N49238,FA62,FAIRCHILD M-26 Cornell,L1P,L
A61B68,N493BT,C177,CESSNA  177 Cardinal,L1P,L
A61E68,N4936A,C180,CESSNA  180 Skywagon,L1P,L
A61F68,N494ER,C172,CESSNA 172 Skyhawk,L1P,L
A62268,N4948D,C182,CESSNA 182 Skylane,L1P,L
A62968,N49649,C152,CESSNA 152,L1P,L
A63268,N499K,C207,CESSNA 207 Turbo Stationair,L1P,L
A63568,N5BS,BE35,BEECH 35 Starfire Bonanza,L1P,L
A63768,N5YD,C25A,CESSNA 525A Citation CJ2,L2J,L
A63868,N50JJ,P180,PIAGGIO P-180 Avanti,L2T,L
A63A68,N500EV,H500,HUGHES 500,H1T,L
A64068,N5013,WACO,WACO E/O,L1P,L
A64168,N502AK,S55P,SIKORSKY S-55 Chickasaw,H1P,L
A64468,N5025C,CH7B,BELLANCA 7 Citabria,L1P,L
A64968,N504GF,BE20,BEECH 200 Super King Air,L2T,M
A64A68,N504SM,EPIC,EPIC AIRCRAFT Epic LT,L1T,L
A64B68,N50418,C150,CESSNA 150,L1P,L
A64F68,N5054A,C172,CESSNA 172 Skyhawk,L1P,L
A65068,N506BW,L11,TEMCO Sedan,L1P,L
A65168,N506NB,ULAC,,L0-,-
A65368,N5066D,C182,CESSNA 182 Skylane,L1P,L
A65668,N50706,C150,CESSNA 150,L1P,L
A65768,N5078G,BE65,BEECH 65 Queen Air,L2P,L
A65868,N508HS,R44,ROBINSON R-44 Raven,H1P,L
A65E68,N5095B,BE35,BEECH 35 Starfire Bonanza,L1P,L
A65F68,N51DG,HUSK,CHRISTEN Husky,L1P,L
A66268,N510KZ,C510,CESSNA 510 Citation Mustang,L2J,L
A66568,N511CR,EPIC,EPIC AIRCRAFT Epic LT,L1T,L
A66868,N5116Z,ULAC,,L0-,-
A66A68,N512RV,RV12,VANS RV-12,L1P,L
A66C68,N51282,T206,CESSNA T206 Turbo Stationair,L1P,L
A66D68,N513JM,BE9L,BEECH 90 King Air,L2T,L
A66F68,N5133U,H500,HUGHES 500,H1T,L
A67068,N514BD,PTS2,PITTS S-2 Special,L1P,L
A67368,N5145X,CH7A,BELLANCA 7 Champion,L1P,L
A67468,N515EB,,,,
A67668,N5150P,PA24,PIPER PA-24 Comanche,L1P,L
A67768,N51570,J3,PIPER J-3 Cub,L1P,L
A67A68,N5162S,P28A,PIPER PA-28-140/150/160/180,L1P,L
A67B68,N51693,EN28,ENSTROM F-28,H1P,L
A68768,N52JL,BE33,BEECH 33 Bonanza,L1P,L
A68A68,N520RC,LNCE,LANCAIR ES,L1P,L
A68B68,N52009,C180,CESSNA  180 Skywagon,L1P,L
A68C68,N5208K,C172,CESSNA 172 Skyhawk,L1P,L
A68F68,N5213B,BALL,,B0-,-
A69068,N522AM,C56X,CESSNA 560XL Citation XLS,L2J,M
A69168,N522LT,BE9L,BEECH 90 King Air,L2T,L
A69368,N5225E,C180,CESSNA  180 Skywagon,L1P,L
A69768,N5237H,C172,CESSNA 172 Skyhawk,L1P,L
A69968,N524SP,B407,BELL 407,H1T,L
A69C68,N525KF,GLF5,GULFSTREAM 5,L2J,M
A69D68,N525VM,AVID,AVID Flyer,L1P,L
A6A068,N526ND,C172,CESSNA 172 Skyhawk,L1P,L
A6AB68,N529LS,CH7A,BELLANCA 7 Champion,L1P,L
A6AD68,N5295D,ULAC,,L0-,-
A6B468,N531CT,FDCT,FLIGHT DESIGN CT,L1P,L
A6B868,N532FR,SB20,SAAB 2000,L2T,M
A6BA68,N5321T,C172,CESSNA 172 Skyhawk,L1P,L
A6BE68,N5333W,P28A,PIPER PA-28-140/150/160/180,L1P,L
A6C568,N5350R,C172,CESSNA 172 Skyhawk,L1P,L
A6C668,N53572,P32R,PIPER PA-32R-300/301/301T,L1P,L
A6C868,N536TH,C172,CESSNA 172 Skyhawk,L1P,L
A6C968,N5362U,P28A,PIPER PA-28-140/150/160/180,L1P,L
A6CA68,N53695,P68,PARTENAVIA P-68 Observer,L2P,L
A6D368,N539RW,,,,
A6D568,N53983,CH7A,BELLANCA 7 Champion,L1P,L
A6D668,N54JN,BE36,BEECH 36 Bonanza,L1P,L
A6D868,N540EZ,COZY,CO-Z Cozy,L1P,L
A6DA68,N5401A,T210,CESSNA T210 Turbo Centurion,L1P,L
A6DE68,N5413D,RS12,RANS S-12 Super Airaile,L1P,L
A6DF68,N542AP,GA5C,GULFSTREAM G500,L2J,M
A6E368,N543DM,,,,
A6E968,N5442B,C152,CESSNA 152,L1P,L
A6EB68,N545KH,DFLY,VIKING Dragonfly,L1P,L
A6ED68,N5454E,C185,CESSNA 185 Skywagon,L1P,L
A6F168,N5466H,PA18,PIPER PA-18 Super Cub,L1P,L
A6F368,N547RD,FOX,KITFOX,L1P,L
A6F468,N5471,,,,
A6FC68,N5495F,ERCO,AIR PRODUCTS F-1 Aircoupe,L1P,L
A6FD68,N55DL,C180,CESSNA  180 Skywagon,L1P,L
A6FE68,N55PS,GLID,,L0-,-
A70068,N550LC,E550,EMBRAER EMB-550 Praetor 600,L2J,M
A70168,N550WJ,C550,CESSNA 550 Citation S2,L2J,L
A70468,N551PA,P28A,PIPER PA-28-140/150/160/180,L1P,L
A70668,N55163,P28A,PIPER PA-28-140/150/160/180,L1P,L
A70968,N5521V,P28A,PIPER PA-28-140/150/160/180,L1P,L
A70D68,N5533Y,PA23,PIPER PA-23,L2P,L
A71468,N5550T,C172,CESSNA 172 Skyhawk,L1P,L
A71668,N556HD,FA50,DASSAULT Falcon 50,L3J,M
A71E68,N558P,BE58,BEECH 58 Baron,L2P,L
A72768,N560FA,C172,CESSNA 172 Skyhawk,L1P,L
A72868,N560RG,S22T,CIRRUS SR-22T Turbo,L1P,L
A72A68,N5608P,PARA,,P0-,-
A72D68,N5613F,,,,
A72E68,N562AR,,,,
A73168,N5625J,MONI,MONNETT Moni,L1P,L
A73268,N563DP,T34P,BEECH T-34 Mentor,L1P,L
A73468,N5630A,C172,CESSNA 172 Skyhawk,L1P,L
A73568,N5637M,M5,MAULE M-5,L1P,L
A73868,N5642D,BE35,BEECH 35 Starfire Bonanza,L1P,L
A73968,N5649Q,M20P,MOONEY M-20,L1P,L
A73C68,N5654G,C150,CESSNA 150,L1P,L
A73D68,N566CB,DA42,DIAMOND DA-42 Guardian,L2P,L
A73E68,N566NH,R44,ROBINSON R-44 Raven,H1P,L
A74368,N5671B,C182,CESSNA 182 Skylane,L1P,L
A74468,N5678N,C172,CESSNA 172 Skyhawk,L1P,L
A74D68,N57PU,DA40,DIAMOND DA-40 Club Star,L1P,L
A74E68,N570,VELO,Velocity,L1P,L
A74F68,N570LE,B06,BELL 206 JetRanger,H1T,L
A75368,N571PC,PC12,PILATUS PC-12,L1T,L
A75568,N57165,B06,BELL 206 JetRanger,H1T,L
A76868,N57699,TAYD,TAYLORCRAFT DC/DF/DL,L1P,L
A76F68,N57864,B753,BOEING 757-300,L2J,M
A77168,N579S,RV9,VANS RV-9,L1P,L
A77268,N5791W,P28A,PIPER PA-28-140/150/160/180,L1P,L
A77468,N58JS,MIMU,BUSHBY Midget Mustang,L1P,L
A77C68,N5813H,PA16,PIPER PA-16 Clipper,L1P,L
A77D68,N582AT,AVID,AVID Flyer,L1P,L
A78068,N5825L,,,,
A78368,N5830C,PA18,PIPER PA-18 Super Cub,L1P,L
A78468,N5837P,PA24,PIPER PA-24 Comanche,L1P,L
A78768,N5842F,C210,CESSNA 201 Centurion,L1P,L
A78B68,N5854J,BE35,BEECH 35 Starfire Bonanza,L1P,L
A79668,N5883G,C150,CESSNA 150,L1P,L
A79768,N589AS,B738,BOEING 737-800,L2J,M
A79A68,N5895K,BE40,BEECH 400 Beechjet,L2J,M
A79C68,N59PW,E50P,EMBRAER EMB-500 Phenom 100,L2J,L
A79D68,N590AA,MD83,MCDONNELL-DOUGLAS MD-83,L2J,M
A7A068,N59044,ST75,STEARMAN Kaydet,L1P,L
A7A568,N592FX,CL35,BOMBARDIER BD-100 Challenger 350,L2J,M
A7A668,N592SC,RV4,VANS RV-4,L1P,L
A7A868,N5929,RV7,VANS RV-7,L1P,L
A7AD68,N594MT,DA40,DIAMOND DA-40 Club Star,L1P,L
A7B268,N5950X,BRB2,BRANTLY B-2,H1P,L
A7B368,N59578,B06,BELL 206 JetRanger,H1T,L
A7C468,N6V,,,,
A7C668,N60RL,LJ60,LEARJET 60,L2J,M
A7CD68,N60101,,,,
A7CE68,N6018B,C182,CESSNA 182 Skylane,L1P,L
A7D068,N602TT,RV12,VANS RV-12,L1P,L
A7D168,N60224,C150,CESSNA 150,L1P,L
A7D668,N604DB,AS29,SCHLEICHER ASG-29,L1P,L
A7DA68,N605G,P28A,PIPER PA-28-140/150/160/180,L1P,L
A7DC68,N60512,IR23,ICA IAR-823,L1P,L
A7E468,N60758,C162,CESSNA 162 Skycatcher,L1P,L
A7E768,N60800,C150,CESSNA 150,L1P,L
A7E868,N6088A,C172,CESSNA 172 Skyhawk,L1P,L
A7EC68,N61AC,ULAC,,L0-,-
A7ED68,N61LJ,RV6,VANS RV-6,L1P,L
A7F068,N610TA,BE20,BEECH 200 Super King Air,L2T,M
A7F168,N6102M,S108,STINSON 108 Voyager,L1P,L
A7F568,N6114Q,C152,CESSNA 152,L1P,L
A7F668,N612CK,S61R,SIKORSKY S-61R,H2T,M
A7F968,N6126T,H269,HUGHES Sky Knight,H1P,L
A7FC68,N6131K,AT8T,AIR TRACTOR AT-802,L1T,M
A80068,N6143N,BE19,BEECH 19 Sport,L1P,L
A80268,N615MD,,,,
A80468,N6155R,C210,CESSNA 201 Centurion,L1P,L
A80568,N616DW,ALIG,ARION LS-1 Lightning,L1P,L
A80868,N6167U,RS12,RANS S-12 Super Airaile,L1P,L
A80A68,N617T,DUOD,SCHEMPP-HIRTH Duo Discus,L1P,L
A80B68,N6172L,AA1,AMERICAN AA-1,L1P,L
A80C68,N6179X,PARA,,P0-,-
A80D68,N618KS,PC12,PILATUS PC-12,L1T,L
A80E68,N618VY,,,,
A80F68,N6184P,PA24,PIPER PA-24 Comanche,L1P,L
A81968,N6206A,C182,CESSNA 182 Skylane,L1P,L
A82168,N623AF,C152,CESSNA 152,L1P,L
A82368,N623WT,C210,CESSNA 201 Centurion,L1P,L
A82568,N624DD,J3,PIPER J-3 Cub,L1P,L
A82668,N624PK,C421,CESSNA 421 Executive Commuter,L2P,L
A82968,N625GB,FOX,KITFOX,L1P,L
A82A68,N625SH,RV7,VANS RV-7,L1P,L
A82C68,N6259E,C82R,CESSNA R182 Skylane RG,L1P,L
A82D68,N626K,FB1A,BOWERS Fly Baby 1A,L1P,L
A83668,N62802,PA23,PIPER PA-23,L2P,L
A83768,N6288C,RC3,REPUBLIC RC-3 Seabee,A1P,L
A83A68,N62925,L8,LUSCOMBE 8,L1P,L
A83B68,N63AE,B06,BELL 206 JetRanger,H1T,L
A83C68,N63LL,,,,
A83D68,N63WS,C210,CESSNA 201 Centurion,L1P,L
A83F68,N630TC,C172,CESSNA 172 Skyhawk,L1P,L
A84068,N6302P,PA24,PIPER PA-24 Comanche,L1P,L
A84368,N631WA,P46T,PIPER PA-46-500TP,L1T,L
A84568,N632CM,BE95,BEECH 95 Travel Air,L2P,L
A84F68,N6343Q,M20P,MOONEY M-20,L1P,L
A85068,N635B,BE20,BEECH 200 Super King Air,L2T,M
A85368,N6355T,C82R,CESSNA R182 Skylane RG,L1P,L
A85968,N637TB,PA23,PIPER PA-23,L2P,L
A86868,N6406C,L5,STINSON Sentinel,L1P,L
A86E68,N642TX,RV6,VANS RV-6,L1P,L
A86F68,N64228,C172,CESSNA 172 Skyhawk,L1P,L
A87968,N645SK,BE58,BEECH 58 Baron,L2P,L
A88068,N647N,,,,
A88368,N648ES,DRON,,D0-,-
A88868,N649TW,R44,ROBINSON R-44 Raven,H1P,L
A88A68,N65AG,O1,CESSNA 305/341 Bird Dog,L1P,L
A88E68,N650TE,BALL,,B0-,-
A88F68,N6502R,BE24,BEECH 24 Sierra,L1P,L
A89068,N65092,ULAC,,L0-,-
A89468,N652CP,C82S,CESSNA T182 Turbo Skylane,L1P,L
A89F68,N655BB,RV4,VANS RV-4,L1P,L
A8A568,N6560M,C182,CESSNA 182 Skylane,L1P,L
A8A668,N6567Y,T210,CESSNA T210 Turbo Centurion,L1P,L
A8A968,N6572Q,,,,
A8AE68,N659CN,DRON,,D0-,-
A8B168,N6596W,P28A,PIPER PA-28-140/150/160/180,L1P,L
A8BB68,N6618H,J3,PIPER J-3 Cub,L1P,L
A8BE68,N6623,BE18,BEECH 18 Expetitor,L2P,L
A8BF68,N663AK,,,,
A8C968,N66518,BE58,BEECH 58 Baron,L2P,L
A8CA68,N6659J,P28A,PIPER PA-28-140/150/160/180,L1P,L
A8CB68,N666KD,SR22,CIRRUS SR-22,L1P,L
A8CD68,N6664A,C172,CESSNA 172 Skyhawk,L1P,L
A8D168,N6676D,H46,BOEING-VERTOL CH-46 Sea Knight,H2T,M
A8D368,N668R,M7,MAULE M-7,L1P,L
A8D468,N66806,BE55,BEECH 55 Baron,L2P,L
A8DB68,N67WW,C180,CESSNA  180 Skywagon,L1P,L
A8DE68,N6702T,C310,CESSNA 310,L2P,L
A8E268,N6714W,P28A,PIPER PA-28-140/150/160/180,L1P,L
A8E968,N6731R,BE35,BEECH 35 Starfire Bonanza,L1P,L
A8F568,N67670,B06,BELL 206 JetRanger,H1T,L
A8FC68,N6784V,M20P,MOONEY M-20,L1P,L
A90168,N68FN,C240,CESSNA 240 Corvalis TTx,L1P,L
A90668,N6806G,C150,CESSNA 150,L1P,L
A90868,N681RC,C402,CESSNA 402 Businessliner,L2P,L
A90A68,N6818K,PA16,PIPER PA-16 Clipper,L1P,L
A90C68,N682UA,,,,
A91268,N684DK,H25B,HAWKER BEECHCRAFT Hawker 750/850,L2J,M
A91768,N685SP,C172,CESSNA 172 Skyhawk,L1P,L
A91E68,N687ND,PA44,PIPER PA-44 Seminole,L2P,L
A92068,N6876F,C150,CESSNA 150,L1P,L
A92268,N688RB,BALL,,B0-,-
A92368,N68808,C152,CESSNA 152,L1P,L
A92468,N6888J,P32R,PIPER PA-32R-300/301/301T,L1P,L
A92668,N689U,GLID,,L0-,-
A92768,N6893A,C172,CESSNA 172 Skyhawk,L1P,L
A92A68,N69WY,R44,ROBINSON R-44 Raven,H1P,L
A92D68,N6902V,M20P,MOONEY M-20,L1P,L
A93168,N6914Y,PA46,PIPER PA-46-310/350,L1P,L
A93868,N6931T,BE36,BEECH 36 Bonanza,L1P,L
A93E68,N695MM,AC95,NORTH AMERICAN ROCKWELL Jetprop Commander 1000,L2T,L
A94768,N6972U,M20P,MOONEY M-20,L1P,L
A94B68,N6984X,C172,CESSNA 172 Skyhawk,L1P,L
A95168,N7RW,C182,CESSNA 182 Skylane,L1P,L
A95368,N70NG,,,,
A95768,N70030,VALI,CONVAIR Valiant,L1P,L
A95868,N701BK,CH70,ZENAIR CH-701 Stol,L1P,L
A95968,N701MR,CH70,ZENAIR CH-701 Stol,L1P,L
A95B68,N70153,J3,PIPER J-3 Cub,L1P,L
A95E68,N7020V,M20P,MOONEY M-20,L1P,L
A95F68,N70276,,,,
A96268,N7032Y,PA30,PIPER PA-30 Twin Comanche,L2P,L
A96468,N704LD,C150,CESSNA 150,L1P,L
A96568,N704WK,S61,SIKORSKY S-61 Sea King,H2T,M
A96668,N70441,J3,PIPER J-3 Cub,L1P,L
A96868,N705PB,,,,
A96968,N705ZH,DRON,,D0-,-
A96A68,N70564,J3,PIPER J-3 Cub,L1P,L
A96E68,N70687,BALL,,B0-,-
A97168,N7073Z,PA25,PIPER PA-25 Pawnee,L1P,L
A97568,N70852,J3,PIPER J-3 Cub,L1P,L
A97868,N7090U,BALL,,B0-,-
A97968,N70975,J3,PIPER J-3 Cub,L1P,L
A97A68,N71HE,C425,CESSNA 425 Corsair,L2T,L
A97B68,N71TL,RV7,VANS RV-7,L1P,L
A97C68,N710DR,BE95,BEECH 95 Travel Air,L2P,L
A97D68,N710PX,RV8,VANS RV-8,L1P,L
A98068,N711GP,P28R,PIPER PA-28R-180/200/201,L1P,L
A98168,N711SV,,,,
A98268,N7112F,C150,CESSNA 150,L1P,L
A98468,N712KM,C500,CESSNA 500 Citation 1,L2J,L
A98568,N712VT,T206,CESSNA T206 Turbo Stationair,L1P,L
A98A68,N7136M,PARA,,P0-,-
A98D68,N7141D,S2P,GRUMMAN S-2 Tracker,L2P,M
A98E68,N7148Q,C82S,CESSNA T182 Turbo Skylane,L1P,L
A98F68,N715J,GLAS,Glasair,L1P,L
A99168,N7153G,C150,CESSNA 150,L1P,L
A99268,N716AS,GLF5,GULFSTREAM 5,L2J,M
A99368,N716LY,EC30,AIRBUS HELICOPTERS EC-130,H1T,L
A99768,N717PW,GLID,,L0-,-
A99868,N7170B,PA18,PIPER PA-18 Super Cub,L1P,L
A99968,N7177N,BE35,BEECH 35 Starfire Bonanza,L1P,L
A99C68,N7182E,C182,CESSNA 182 Skylane,L1P,L
A99D68,N7189R,P28A,PIPER PA-28-140/150/160/180,L1P,L
A9A168,N72CC,C172,CESSNA 172 Skyhawk,L1P,L
A9A268,N72NJ,RV9,VANS RV-9,L1P,L
A9A668,N72032,L8,LUSCOMBE 8,L1P,L
A9A868,N721MT,P46T,PIPER PA-46-500TP,L1T,L
A9AA68,N72155,C120,CESSNA 120,L1P,L
A9AD68,N7220X,C150,CESSNA 150,L1P,L
A9AE68,N72278,C140,CESSNA 140,L1P,L
A9B168,N72320,C140,CESSNA 140,L1P,L
A9B268,N724A,P28A,PIPER PA-28-140/150/160/180,L1P,L
A9B768,N725PD,RV10,VANS RV-10,L1P,L
A9BC68,N7261Y,PA30,PIPER PA-30 Twin Comanche,L2P,L
A9BD68,N72689,C82S,CESSNA T182 Turbo Skylane,L1P,L
A9BF68,N727V,BE35,BEECH 35 Starfire Bonanza,L1P,L
A9C168,N728BL,P28B,PIPER PA-28-201T/235/236,L1P,L
A9C468,N72854,C140,CESSNA 140,L1P,L
A9C868,N72977,C120,CESSNA 120,L1P,L
A9CD68,N7300E,AT3T,AIR TRACTOR AT-302/402,L1T,L
A9D168,N7312H,J3,PIPER J-3 Cub,L1P,L
A9D368,N732KP,T210,CESSNA T210 Turbo Centurion,L1P,L
A9D668,N733CF,C510,CESSNA 510 Citation Mustang,L2J,L
A9D868,N733YT,C172,CESSNA 172 Skyhawk,L1P,L
A9DA68,N734FD,C172,CESSNA 172 Skyhawk,L1P,L
A9DB68,N734RK,C172,CESSNA 172 Skyhawk,L1P,L
A9E168,N736AU,C172,CESSNA 172 Skyhawk,L1P,L
A9E468,N7365M,C175,CESSNA 175 Skylark,L1P,L
A9E568,N737DS,C172,CESSNA 172 Skyhawk,L1P,L
A9E668,N737PY,C172,CESSNA 172 Skyhawk,L1P,L
A9E868,N7377Q,C182,CESSNA 182 Skylane,L1P,L
A9EC68,N7389T,C82R,CESSNA R182 Skylane RG,L1P,L
A9F068,N74CE,PA31,PIPER PA-31-300/310/325/350/425,L2P,L
AA0568,N745D,BE35,BEECH 35 Starfire Bonanza,L1P,L
AA0868,N74568,M20P,MOONEY M-20,L1P,L
AA0D68,N747JW,EAGL,CHRISTEN Eagle,L1P,L
AA0F68,N74733,AA5,AMERICAN AA-5 Tiger,L1P,L
AA1368,N74856,B753,BOEING 757-300,L2J,M
AA1568,N749QS,CL35,BOMBARDIER BD-100 Challenger 350,L2J,M
AA1768,N74979,PA18,PIPER PA-18 Super Cub,L1P,L
AA1968,N75TQ,ST75,STEARMAN Kaydet,L1P,L
AA1A68,N750DV,CRES,PACIFIC AEROSPACE Cresco,L1T,L
AA1C68,N7500G,BALL,,B0-,-
AA2068,N7512K,PA18,PIPER PA-18 Super Cub,L1P,L
AA2568,N753CH,AS50,AEROSPATIALE AS-350 Ecureuil,H1T,L
AA2F68,N7553L,PA31,PIPER PA-31-300/310/325/350/425,L2P,L
AA3068,N756AW,C172,CESSNA 172 Skyhawk,L1P,L
AA3368,N7565P,PA24,PIPER PA-24 Comanche,L1P,L
AA3668,N7570F,CH7A,BELLANCA 7 Champion,L1P,L
AA3768,N7577S,C182,CESSNA 182 Skylane,L1P,L
AA3968,N758SY,C172,CESSNA 172 Skyhawk,L1P,L
AA3B68,N7589V,C77R,CESSNA 177RG Cardinal RG,L1P,L
AA3C68,N759KQ,C182,CESSNA 182 Skylane,L1P,L
AA3E68,N7594M,T210,CESSNA T210 Turbo Centurion,L1P,L
AA4568,N761BR,T210,CESSNA T210 Turbo Centurion,L1P,L
AA4F68,N76324,C120,CESSNA 120,L1P,L
AA5368,N76447,C140,CESSNA 140,L1P,L
AA5868,N766G,P28A,PIPER PA-28-140/150/160/180,L1P,L
AA5E68,N76735,C140,CESSNA 140,L1P,L
AA6668,N7698A,C180,CESSNA  180 Skywagon,L1P,L
AA6768,N77HL,B14A,BELLANCA 14,L1P,L
AA6B68,N7700J,PA32,PIPER PA-32,L1P,L
AA6E68,N771TA,E300,EXTRA EA-300/330/350,L1P,L
AA6F68,N7712M,M22,MOONEY M-22 Mustang,L1P,L
AA7368,N7724Q,C310,CESSNA 310,L2P,L
AA7468,N773CK,B77L,BOEING 777-200LR,L2J,H
AA7968,N774RP,RV6,VANS RV-6,L1P,L
AA7E68,N7753N,P28A,PIPER PA-28-140/150/160/180,L1P,L
AA8268,N7765R,BE35,BEECH 35 Starfire Bonanza,L1P,L
AA8368,N777DW,BL8,BELLANCA 8 Decathlon,L1P,L
AA8468,N777QB,SKYR,REARWIN Skyranger,L1P,L
AA8568,N7770H,PA12,PIPER PA-12 Super Cruiser,L1P,L
AA8668,N7777U,GLEX,BOMBARDIER BD-700 Global 6000/6500,L2J,M
AA8868,N778T,S76,SIKORSKY S-76 Spirit,H2T,L
AA8968,N7782L,DRON,,D0-,-
AA8B68,N779KS,BN2P,BRITTEN-NORMAN BN-2 Islander,L2P,L
AA9368,N78038,GC1,GLOBE Swift,L1P,L
AA9B68,N7828D,PA22,PIPER PA-22,L1P,L
AA9E68,N78326,,,,
AAA068,N784LM,C182,CESSNA 182 Skylane,L1P,L
AAA268,N78449,PA12,PIPER PA-12 Super Cruiser,L1P,L
AAA368,N785DD,MM16,MAGNI M-16 Tandem Trainer,G1P,L
AAA668,N7857B,B737,BOEING 737-700,L2J,M
AAA868,N786SH,R22,ROBINSON R-22 Mariner,H1P,L
AAAD68,N78737,C182,CESSNA 182 Skylane,L1P,L
AAB168,N7886,CL60,BOMBARDIER CL-600 Challenger,L2J,M
AAB568,N7898C,T34P,BEECH T-34 Mentor,L1P,L
AAC168,N792WA,DRON,,D0-,-
AAC668,N7936V,C180,CESSNA  180 Skywagon,L1P,L
AACD68,N7953Q,C310,CESSNA 310,L2P,L
AACE68,N796B,BE35,BEECH 35 Starfire Bonanza,L1P,L
AAD468,N7970K,KR2,RAND KR-2,L1P,L
AAD568,N7977W,P28A,PIPER PA-28-140/150/160/180,L1P,L
AAD868,N7982N,P28A,PIPER PA-28-140/150/160/180,L1P,L
AAD968,N7989Z,C150,CESSNA 150,L1P,L
AADC68,N7994R,BE99,BEECH 99 Airliner,L2T,L
AAE168,N80VJ,SR20,CIRRUS SR-20,L1P,L
AAE368,N800RV,RV8,VANS RV-8,L1P,L
AAE568,N80082,CULV,CULVER V,L1P,L
AAE768,N801UT,EXEJ,ROTORWAY JetExec,H1T,L
AAEC68,N8025X,R22,ROBINSON R-22 Mariner,H1P,L
AAF268,N804TF,LJ35,LEARJET 35,L2J,M
AAF368,N8042S,C150,CESSNA 150,L1P,L
AAF668,N805WD,H25A,HAWKER SIDDELEY HS-125,L2J,M
AAF968,N806NW,A333,AIRBUS A-330-300,L2J,H
AAFF68,N80781,C172,CESSNA 172 Skyhawk,L1P,L
AB0068,N808JL,SAVG,ZLIN AVIATION Savage,L1P,L
AB0668,N8095W,P28A,PIPER PA-28-140/150/160/180,L1P,L
AB0C68,N8105E,PA22,PIPER PA-22,L1P,L
AB0D68,N811DK,S22T,CIRRUS SR-22T Turbo,L1P,L
AB1068,N8117H,UH12,HILLER UH-12,H1P,L
AB1168,N812GH,CL35,BOMBARDIER BD-100 Challenger 350,L2J,M
AB1268,N812SP,LGEZ,RUTAN Long-EZ,L1P,L
AB1768,N8134C,PA22,PIPER PA-22,L1P,L
AB1968,N814ND,P28R,PIPER PA-28R-180/200/201,L1P,L
AB1B68,N8146F,ULAC,,L0-,-
AB1D68,N815RB,C750,CESSNA 750 Citation 10,L2J,M
AB1E68,N81508,CH7A,BELLANCA 7 Champion,L1P,L
AB2168,N816U,BE35,BEECH 35 Starfire Bonanza,L1P,L
AB2268,N8163A,C170,CESSNA 170,L1P,L
AB2668,N8175D,PA18,PIPER PA-18 Super Cub,L1P,L
AB2D68,N81919,P28A,PIPER PA-28-140/150/160/180,L1P,L
AB3468,N82084,PA18,PIPER PA-18 Super Cub,L1P,L
AB3568,N821JP,R44,ROBINSON R-44 Raven,H1P,L
AB3968,N822MM,A119,AGUSTA AW-119 Koala,H1T,L
AB3E68,N8230R,FOX,KITFOX,L1P,L
AB3F68,N82372,P32R,PIPER PA-32R-300/301/301T,L1P,L
AB4068,N824HB,RV7,VANS RV-7,L1P,L
AB4468,N825L,SONX,SONEX AIRCRAFT Sonex,L1P,L
AB4668,N8254X,C172,CESSNA 172 Skyhawk,L1P,L
AB4768,N826CS,C25B,CESSNA 525B Citation CJ3,L2J,L
AB4A68,N82660,CH7A,BELLANCA 7 Champion,L1P,L
AB4D68,N8271S,C150,CESSNA 150,L1P,L
AB4E68,N82783,P28A,PIPER PA-28-140/150/160/180,L1P,L
AB4F68,N828JN,DISC,SCHEMPP-HIRTH Discus,L1P,L
AB5168,N8283V,P28A,PIPER PA-28-140/150/160/180,L1P,L
AB5568,N8295Y,BE36,BEECH 36 Bonanza,L1P,L
AB5668,N83EC,PA46,PIPER PA-46-310/350,L1P,L
AB5D68,N831PT,BE30,BEECH 300 Super King Air,L2T,L
AB5F68,N8317K,G164,GRUMMAN G-164 Ag-Cat,L1P,L
AB6368,N8329N,BE33,BEECH 33 Bonanza,L1P,L
AB6768,N834C,S108,STINSON 108 Voyager,L1P,L
AB6D68,N8351,PTS1,PITTS S-1 Special,L1P,L
AB6E68,N8358L,C172,CESSNA 172 Skyhawk,L1P,L
AB7168,N8363C,H269,HUGHES Sky Knight,H1P,L
AB7268,N837AN,B789,BOEING 787-9 Dreamliner,L2J,H
AB7768,N838PS,BE20,BEECH 200 Super King Air,L2T,M
AB7968,N8387J,MOR2,MORRISEY Nifty,L1P,L
AB8268,N8401V,A9,NORTH AMERICAN ROCKWELL A-9 Sparrow Commander,L1P,L
AB8368,N84086,C172,CESSNA 172 Skyhawk,L1P,L
AB8668,N8413Y,PA18,PIPER PA-18 Super Cub,L1P,L
AB8768,N842BH,FOX,KITFOX,L1P,L
AB8B68,N843EF,SR20,CIRRUS SR-20,L1P,L
AB8D68,N8430T,C182,CESSNA 182 Skylane,L1P,L
AB8E68,N84374,CH7A,BELLANCA 7 Champion,L1P,L
AB9168,N8442W,P28A,PIPER PA-28-140/150/160/180,L1P,L
AB9268,N84497,C188,CESSNA 188 AgTruck,L1P,L
AB9368,N845LB,C525,CESSNA 525 CitationJet,L2J,L
AB9568,N8454Z,C210,CESSNA 201 Centurion,L1P,L
AB9768,N846P,PA24,PIPER PA-24 Comanche,L1P,L
AB9968,N84662,C172,CESSNA 172 Skyhawk,L1P,L
ABA768,N850AR,S92,SIKORSKY S-92 Helibus,H2T,M
ABAA68,N8505J,C150,CESSNA 150,L1P,L
ABB168,N8522D,PA22,PIPER PA-22,L1P,L
ABB268,N8529Q,UH1,BELL UH-1 Huey,H1T,L
ABB568,N8534G,C150,CESSNA 150,L1P,L
ABBA68,N855F,S108,STINSON 108 Voyager,L1P,L
ABC068,N8563E,TRDO,TITAN Tornado SS,L1P,L
ABC668,N858PU,P28A,PIPER PA-28-140/150/160/180,L1P,L
ABC768,N8580,VP2,EVANS Volksplane,L1P,L
ABD068,N860SA,C172,CESSNA 172 Skyhawk,L1P,L
ABD168,N8601X,D1,DERRINGER New Derringer,L2P,L
ABD768,N862MR,R44,ROBINSON R-44 Raven,H1P,L
ABE468,N86541,C182,CESSNA 182 Skylane,L1P,L
ABEA68,N867S,BE35,BEECH 35 Starfire Bonanza,L1P,L
ABEB68,N8671W,P28B,PIPER PA-28-201T/235/236,L1P,L
ABEC68,N86787,B14A,BELLANCA 14,L1P,L
ABED68,N868JS,C56X,CESSNA 560XL Citation XLS,L2J,M
ABFC68,N8710C,PA22,PIPER PA-22,L1P,L
AC0568,N874CD,SR22,CIRRUS SR-22,L1P,L
AC0A68,N875RH,C172,CESSNA 172 Skyhawk,L1P,L
AC0B68,N8751D,CRJ2,BOMBARDIER Regional Jet CRJ-200,L2J,M
AC0C68,N8758Q,T206,CESSNA T206 Turbo Stationair,L1P,L
AC0F68,N8763G,C150,CESSNA 150,L1P,L
AC1068,N877AS,CRJ2,BOMBARDIER Regional Jet CRJ-200,L2J,M
AC1568,N878PW,,,,
AC1668,N8780B,C172,CESSNA 172 Skyhawk,L1P,L
AC1A68,N8792E,P32R,PIPER PA-32R-300/301/301T,L1P,L
AC1C68,N88KL,VEZE,RUTAN VariEze,L1P,L
AC1D68,N88VS,AS20,SCHLEICHER ASW-20,L1P,L
AC1F68,N880SC,P32R,PIPER PA-32R-300/301/301T,L1P,L
AC2168,N8809,CH7A,BELLANCA 7 Champion,L1P,L
AC2268,N881JV,SR22,CIRRUS SR-22,L1P,L
AC2468,N88132,J3,PIPER J-3 Cub,L1P,L
AC2668,N882MT,BE58,BEECH 58 Baron,L2P,L
AC3068,N885A,F2TH,DASSAULT Falcon 2000,L2J,M
AC3768,N88666,C180,CESSNA  180 Skywagon,L1P,L
AC3968,N887SB,C525,CESSNA 525 CitationJet,L2J,L
AC3F68,N889BL,P46T,PIPER PA-46-500TP,L1T,L
AC4868,N8905N,PA32,PIPER PA-32,L1P,L
AC4C68,N8917R,CH7A,BELLANCA 7 Champion,L1P,L
AC5068,N8929U,C150,CESSNA 150,L1P,L
AC5368,N8934L,SONX,SONEX AIRCRAFT Sonex,L1P,L
AC5768,N8946P,PA24,PIPER PA-24 Comanche,L1P,L
AC5868,N895FD,B77L,BOEING 777-200LR,L2J,H
AC5B68,N8958S,C150,CESSNA 150,L1P,L
AC6068,N897M,M7,MAULE M-7,L1P,L
AC6368,N898DS,P32R,PIPER PA-32R-300/301/301T,L1P,L
AC6968,N8992G,C182,CESSNA 182 Skylane,L1P,L
AC6C68,N9VU,C172,CESSNA 172 Skyhawk,L1P,L
AC6E68,N90SE,PA46,PIPER PA-46-310/350,L1P,L
AC7368,N901FH,F2TH,DASSAULT Falcon 2000,L2J,M
AC7468,N901RP,BE9T,BEECH F90 King Air,L2T,L
AC7668,N9018W,P28B,PIPER PA-28-201T/235/236,L1P,L
AC7968,N9023N,A319,AIRBUS A-319,L2J,M
AC7B68,N903MD,BE65,BEECH 65 Queen Air,L2P,L
AC7E68,N904DW,,,,
AC8068,N9040H,ST75,STEARMAN Kaydet,L1P,L
AC8468,N9052L,CH7B,BELLANCA 7 Citabria,L1P,L
AC8568,N9059X,C182,CESSNA 182 Skylane,L1P,L
AC8D68,N908FG,C172,CESSNA 172 Skyhawk,L1P,L
AC8F68,N9081J,P28A,PIPER PA-28-140/150/160/180,L1P,L
AC9068,N9088V,,,,
AC9668,N91XJ,P28B,PIPER PA-28-201T/235/236,L1P,L
AC9768,N910HP,C82T,CESSNA TR182 Turbo Skylane RG,L1P,L
AC9968,N91026,,,,
AC9A68,N911AF,B06,BELL 206 JetRanger,H1T,L
AC9B68,N911LM,CL60,BOMBARDIER CL-600 Challenger,L2J,M
AC9C68,N911WT,BE36,BEECH 36 Bonanza,L1P,L
AC9D68,N91149,NAVI,NORTH AMERICAN Navion,L1P,L
AC9E68,N912DD,,,,
AC9F68,N912PK,,,,
ACA168,N9127B,C172,CESSNA 172 Skyhawk,L1P,L
ACA268,N913GB,CLON,AUTOGYRO Cavalon,G1P,L
ACA368,N913SH,FA20,DASSAULT Falcon 200,L2J,M
ACA468,N91314,DC3,DOUGLAS DC-3 Dakota,L2P,M
ACA568,N9139E,BALL,,B0-,-
ACA668,N914K,PARA,,P0-,-
ACA968,N915BS,RS21,RANS S-21 Outbound,L1P,L
ACAB68,N915YD,,,,
ACAF68,N91602,C182,CESSNA 182 Skylane,L1P,L
ACB468,N918AE,E145,EMBRAER ERJ-145,L2J,M
ACB568,N918LL,GLF4,GULFSTREAM 4,L2J,M
ACB768,N91848,C150,CESSNA 150,L1P,L
ACB868,N919DC,C77R,CESSNA 177RG Cardinal RG,L1P,L
ACB968,N919PJ,B58T,BEECH 58TC Baron,L2P,L
ACBB68,N9197A,C170,CESSNA 170,L1P,L
ACBD68,N92SG,BL8,BELLANCA 8 Decathlon,L1P,L
ACBE68,N920CM,PTS1,PITTS S-1 Special,L1P,L
ACC168,N9206V,M20P,MOONEY M-20,L1P,L
ACC468,N9211M,M20P,MOONEY M-20,L1P,L
ACC568,N9218Y,PA31,PIPER PA-31-300/310/325/350/425,L2P,L
ACC868,N9223Q,BE33,BEECH 33 Bonanza,L1P,L
ACCC68,N9235T,M7,MAULE M-7,L1P,L
ACCF68,N9240K,P28A,PIPER PA-28-140/150/160/180,L1P,L
ACD768,N9264R,C188,CESSNA 188 AgTruck,L1P,L
ACD868,N927CL,RV6,VANS RV-6,L1P,L
ACDF68,N9288X,T206,CESSNA T206 Turbo Stationair,L1P,L
ACE068,N929JG,LJ25,LEARJET 25,L2J,L
ACE268,N9293P,PA24,PIPER PA-24 Comanche,L1P,L
ACE368,N93AZ,RV9,VANS RV-9,L1P,L
ACE468,N93ME,AC90,NORTH AMERICAN ROCKWELL Turbo Commander 690/840,L2T,L
ACE568,N93XL,FOX,KITFOX,L1P,L
ACED68,N932DF,RV9,VANS RV-9,L1P,L
ACF468,N9339G,PARA,,P0-,-
ACF768,N93439,ERCO,AIR PRODUCTS F-1 Aircoupe,L1P,L
ACFB68,N9356B,C175,CESSNA 175 Skylark,L1P,L
AD0268,N93727,ERCO,AIR PRODUCTS F-1 Aircoupe,L1P,L
AD0368,N938AG,RV9,VANS RV-9,L1P,L
AD0A68,N9397C,P28A,PIPER PA-28-140/150/160/180,L1P,L
AD0B68,N94GC,M7,MAULE M-7,L1P,L
AD0C68,N94SJ,RV4,VANS RV-4,L1P,L
AD0D68,N940CP,C82T,CESSNA TR182 Turbo Skylane RG,L1P,L
AD0F68,N940ZA,TBM7,SOCATA TBM-700A/B/C,L1T,L
AD1368,N9411P,PA24,PIPER PA-24 Comanche,L1P,L
AD1768,N9423S,BE35,BEECH 35 Starfire Bonanza,L1P,L
AD1C68,N944E,R44,ROBINSON R-44 Raven,H1P,L
AD1F68,N9447Y,T210,CESSNA T210 Turbo Centurion,L1P,L
AD2668,N9464T,C210,CESSNA 201 Centurion,L1P,L
AD2968,N947Z,RV9,VANS RV-9,L1P,L
AD2D68,N9481N,P28R,PIPER PA-28R-180/200/201,L1P,L
AD3268,N95BA,BE55,BEECH 55 Baron,L2P,L
AD3368,N95MG,MM16,MAGNI M-16 Tandem Trainer,G1P,L
AD3768,N9503,WACO,WACO E/O,L1P,L
AD3868,N951AK,AS26,SCHLEICHER ASH-26,L1P,L
AD3968,N951LR,CRJ9,BOMBARDIER Regional Jet CRJ-900,L2J,M
AD4168,N953SM,C72R,CESSNA 172R Cutlass RG,L1P,L
AD4A68,N9556D,PA22,PIPER PA-22,L1P,L
AD4D68,N95606,C152,CESSNA 152,L1P,L
AD4E68,N9568G,C172,CESSNA 172 Skyhawk,L1P,L
AD5168,N95729,TAYB,TAYLORCRAFT BC/BF/BL,L1P,L
AD5968,N9597E,BL17,BELLANCA 17 Viking,L1P,L
AD5B68,N96SL,M7,MAULE M-7,L1P,L
AD5C68,N960CR,CL35,BOMBARDIER BD-100 Challenger 350,L2J,M
AD6668,N9623U,AA5,AMERICAN AA-5 Tiger,L1P,L
AD6E68,N96470,TAYB,TAYLORCRAFT BC/BF/BL,L1P,L
AD6F68,N965H,,,,
AD8168,N97BC,BL8,BELLANCA 8 Decathlon,L1P,L
AD8668,N9703B,C180,CESSNA  180 Skywagon,L1P,L
AD8768,N971AM,BE9L,BEECH 90 King Air,L2T,L
AD9D68,N9768J,P28A,PIPER PA-28-140/150/160/180,L1P,L
ADA068,N9773A,C170,CESSNA 170,L1P,L
ADA868,N9797G,C180,CESSNA  180 Skywagon,L1P,L
ADAB68,N980CT,DV20,DIAMOND DA-20,L1P,L
ADAE68,N98061,P28A,PIPER PA-28-140/150/160/180,L1P,L
ADB168,N9811T,PA38,PIPER PA-38 Tomahawk,L1P,L
ADB268,N98184,M20P,MOONEY M-20,L1P,L
ADBD68,N98472,J3,PIPER J-3 Cub,L1P,L
ADBE68,N985HB,,,,
ADC068,N9852U,AA5,AMERICAN AA-5 Tiger,L1P,L
ADC568,N987CS,DRON,,D0-,-
ADCC68,N98883,J3,PIPER J-3 Cub,L1P,L
ADD168,N99ML,BE20,BEECH 200 Super King Air,L2T,M
ADD268,N99XS,CH70,ZENAIR CH-701 Stol,L1P,L
ADD668,N991AP,SLG4,AIRPLANE FACTORY Sling 4,L1P,L
ADDF68,N993SR,P210,CESSNA P210 Centurion,L1P,L
ADE168,N9939N,C180,CESSNA  180 Skywagon,L1P,L
ADE468,N9944E,C182,CESSNA 182 Skylane,L1P,L
ADE868,N9956H,C82R,CESSNA R182 Skylane RG,L1P,L
ADEA68,N996RD,,,,
ADEB68,N9961,EFOX,AEROPRO Eurofox,L1P,L
ADEC68,N9968L,C172,CESSNA 172 Skyhawk,L1P,L
ADF068,N998AN,A321,AIRBUS A-321,L2J,M
ADF468,N999DL,QIC2,QUICKIE Q2,L1P,L
ADF668,N999ZY,AS50,AEROSPATIALE AS-350 Ecureuil,H1T,L
ADFC68,90-0403,BE40,BEECH 400 Beechjet,L2J,M
ADFE68,91-1237,C130,LOCKHEED C-130 Hercules,L4T,M
ADFF68,70-1951,T38,NORTHROP T-38 Talon,L2J,L
AE0068,66-4350,T38,NORTHROP T-38 Talon,L2J,L
AE0168,86-0203,GLF3,GULFSTREAM 3,L2J,M
AE0268,59-1523,K35R,BOEING KC-135R/T Stratotanker,L4J,H
AE0368,63-8013,K35R,BOEING KC-135R/T Stratotanker,L4J,H
AE0468,162162,C2,GRUMMAN C-2 Greyhound,L2T,M
AE0568,86-0011,C5M,LOCKHEED C-5 Super Galaxy,L4J,H
AE0668,62-3523,K35R,BOEING KC-135R/T Stratotanker,L4J,H
AE0968,80-1094,U2,LOCKHEED U-2,L1J,M
AE0B68,84-24015,H60,SIKORSKY UH-60 Black Hawk,H2T,M
AE0C68,92-26438,H60,SIKORSKY UH-60 Black Hawk,H2T,M
AE0D68,96-26668,H60,SIKORSKY UH-60 Black Hawk,H2T,M
AE0E68,98-26801,H60,SIKORSKY UH-60 Black Hawk,H2T,M
AE1468,07-7170,C17,BOEING C-17 Globemaster 3,L4J,H
AE1568,02-05335,H64,MCDONNELL DOUGLAS AH-64 Apache,H2T,M
AE1868,05-03754,H47,BOEING-VERTOL CH-47 Chinook,H2T,M
AE1E68,07-3904,TEX2,BEECHCRAFT T-6 Texan 2,L1T,L
AE1F68,09-72089,EC45,AIRBUS HELICOPTERS EC-145,H2T,L
AE2068,14-72345,EC45,AIRBUS HELICOPTERS EC-145,H2T,L
AE2668,6514,AS65,AEROSPATIALE AS-365 Dauphin 2,H2T,L
AE2768,166299,H60,SIKORSKY UH-60 Black Hawk,H2T,M
AE2F68,09-0655,B350,BEECHCRAFT Super King Air 350,L2T,M
AE4D68,10-0215,C17,BOEING C-17 Globemaster 3,L4J,H
AE5268,08-08752,H47,BOEING-VERTOL CH-47 Chinook,H2T,M
AE5368,10-20464,H60,SIKORSKY UH-60 Black Hawk,H2T,M
AE5668,12-20490,H60,SIKORSKY UH-60 Black Hawk,H2T,M
AE5968,14-5809,C30J,LOCKHEED MARTIN C-130J Super Hercules,L4T,M
AE5A68,15-72380,EC45,AIRBUS HELICOPTERS EC-145,H2T,L
AE5B68,169226,C30J,LOCKHEED MARTIN C-130J Super Hercules,L4T,M
AE5C68,169342,P8,BOEING P-8 Poseidon,L2J,M
AE5D68,16-20863,H60,SIKORSKY UH-60 Black Hawk,H2T,M
AE6C68,20-21177,H60,SIKORSKY UH-60 Black Hawk,H2T,M
C00068,C-FADZ,AA5,AMERICAN AA-5 Tiger,L1P,L
C00168,C-FANV,B06,BELL 206 JetRanger,H1T,L
C00268,C-FAXR,CH7B,BELLANCA 7 Citabria,L1P,L
C00368,C-FBHN,RV8,VANS RV-8,L1P,L
C00468,C-FBRJ,C180,CESSNA  180 Skywagon,L1P,L
C00568,C-FCBF,,,,
C00668,C-FCLB,PC12,PILATUS PC-12,L1T,L
C00768,C-FCUX,ULAC,,L0-,-
C00968,C-FDOP,B212,BELL 212,H2T,L
C00C68,C-FESD,C150,CESSNA 150,L1P,L
C00E68,C-FFLV,BE35,BEECH 35 Starfire Bonanza,L1P,L
C00F68,C-FFVR,FA24,FAIRCHILD F-24 Argus,L1P,L
C01168,C-FGPJ,CH60,ZENAIR CH-600 Zodiac,L1P,L
C01268,C-FGZF,C172,CESSNA 172 Skyhawk,L1P,L
C01368,C-FHJB,C172,CESSNA 172 Skyhawk,L1P,L
C01568,C-FICT,TAYA,TAYLORCRAFT A,L1P,L
C01768,C-FIWL,ULAC,,L0-,-
C01868,C-FJGH,BALL,,B0-,-
C01968,C-FJQD,A321,AIRBUS A-321,L2J,M
C01A68,C-FJZZ,PA22,PIPER PA-22,L1P,L
C01B68,C-FKJV,,,,
C01C68,C-FKTR,PA24,PIPER PA-24 Comanche,L1P,L
C01E68,C-FLNJ,,,,
C01F68,C-FLXF,PA18,PIPER PA-18 Super Cub,L1P,L
C02068,C-FMHB,P28A,PIPER PA-28-140/150/160/180,L1P,L
C02268,C-FNAT,C180,CESSNA  180 Skywagon,L1P,L
C02368,C-FNKP,BALL,,B0-,-
C02468,C-FNUL,C130,LOCKHEED C-130 Hercules,L4T,M
C02568,C-FOEH,DHC2,DE HAVILLAND DHC-2 Beaver,L1P,L
C02668,C-FOOD,,,,
C02768,C-FOXZ,C205,CESSNA  205,L1P,L
C02868,C-FPHV,C182,CESSNA 182 Skylane,L1P,L
C02968,C-FPRR,C172,CESSNA 172 Skyhawk,L1P,L
C02C68,C-FQVF,C170,CESSNA 170,L1P,L
C02D68,C-FRFB,C150,CESSNA 150,L1P,L
C02E68,C-FROX,PA24,PIPER PA-24 Comanche,L1P,L
C02F68,C-FRYT,C140,CESSNA 140,L1P,L
C03068,C-FSIP,B38M,BOEING 737 MAX 8,L2J,M
C03168,C-FSSL,C172,CESSNA 172 Skyhawk,L1P,L
C03268,C-FTCH,R44,ROBINSON R-44 Raven,H1P,L
C03368,C-FTMD,RV10,VANS RV-10,L1P,L
C03468,C-FTVZ,C170,CESSNA 170,L1P,L
C03568,C-FUFV,BALL,,B0-,-
C03768,C-FUZN,CH7A,BELLANCA 7 Champion,L1P,L
C03868,C-FVJJ,RBEL,MURPHY Rebel,L1P,L
C03968,C-FVTF,C150,CESSNA 150,L1P,L
C03A68,C-FWDB,C185,CESSNA 185 Skywagon,L1P,L
C03B68,C-FWMX,C150,CESSNA 150,L1P,L
C03C68,C-FWWT,C188,CESSNA 188 AgTruck,L1P,L
C03D68,C-FXGP,WAIX,SONEX Waiex,L1P,L
C03E68,C-FXQL,C175,CESSNA 175 Skylark,L1P,L
C03F68,C-FYAH,C172,CESSNA 172 Skyhawk,L1P,L
C04368,C-FZNR,PA22,PIPER PA-22,L1P,L
C04468,C-FZXN,BALL,,B0-,-
C04668,C-GARF,C150,CESSNA 150,L1P,L
C04768,C-GBBB,CL60,BOMBARDIER CL-600 Challenger,L2J,M
C04868,C-GBKX,AS50,AEROSPATIALE AS-350 Ecureuil,H1T,L
C04968,C-GBUT,C170,CESSNA 170,L1P,L
C04A68,C-GCEP,P28A,PIPER PA-28-140/150/160/180,L1P,L
C04B68,C-GCOL,P28A,PIPER PA-28-140/150/160/180,L1P,L
C04C68,C-GCYH,PELI,FLYER Pelican,L1P,L
C04D68,C-GDID,RBEL,MURPHY Rebel,L1P,L
C04E68,C-GDRZ,C150,CESSNA 150,L1P,L
C04F68,C-GEBV,,,,
C05068,C-GELR,GLID,,L0-,-
C05168,C-GEVN,,,,
C05368,C-GFPF,DA40,DIAMOND DA-40 Club Star,L1P,L
C05468,C-GFZB,C180,CESSNA  180 Skywagon,L1P,L
C05568,C-GGIX,GLID,,L0-,-
C05668,C-GGST,C172,CESSNA 172 Skyhawk,L1P,L
C05768,C-GHCP,AT43,ATR-42-300,L2T,M
C05A68,C-GIGD,CH30,ZENAIR CH-300 Tri-Zenith,L1P,L
C05B68,C-GIPZ,CL30,BOMBARDIER BD-100 Challenger 300,L2J,M
C05C68,C-GIZV,AC50,NORTH AMERICAN ROCKWELL Commander 500,L2P,L
C05D68,C-GJJR,GLID,,L0-,-
C05E68,C-GJTN,C172,CESSNA 172 Skyhawk,L1P,L
C05F68,C-GKDJ,C150,CESSNA 150,L1P,L
C06168,C-GKXB,CRJ2,BOMBARDIER Regional Jet CRJ-200,L2J,M
C06268,C-GLGX,C82R,CESSNA R182 Skylane RG,L1P,L
C06468,C-GMAP,C152,CESSNA 152,L1P,L
C06568,C-GMKL,P28R,PIPER PA-28R-180/200/201,L1P,L
C06668,C-GMUH,TL20,TL ULTRALIGHT TL-2000 Sting,L1P,L
C06768,C-GNED,C172,CESSNA 172 Skyhawk,L1P,L
C06868,C-GNNZ,C150,CESSNA 150,L1P,L
C06A68,C-GOHR,M20P,MOONEY M-20,L1P,L
C06B68,C-GORN,B190,BEECH 1900,L2T,M
C06D68,C-GPLF,,,,
C06F68,C-GQEX,,,,
C07068,C-GQOT,M20P,MOONEY M-20,L1P,L
C07268,C-GRIL,B212,BELL 212,H2T,L
C07368,C-GRSH,AR11,AERONCA 11 Chief,L1P,L
C07468,C-GSCD,C82R,CESSNA R182 Skylane RG,L1P,L
C07568,C-GSLZ,B212,BELL 212,H2T,L
C07668,C-GSVV,T206,CESSNA T206 Turbo Stationair,L1P,L
C07868,C-GTPN,P28A,PIPER PA-28-140/150/160/180,L1P,L
C07968,C-GTZJ,,,,
C07A68,C-GUJF,GLID,,L0-,-
C07B68,C-GUTB,,,,
C07C68,C-GVCX,AS50,AEROSPATIALE AS-350 Ecureuil,H1T,L
C07D68,C-GVMT,RV4,VANS RV-4,L1P,L
C07E68,C-GVWP,AC11,NORTH AMERICAN ROCKWELL Commander 112/114,L1P,L
C07F68,C-GWGL,PA20,PIPER PA-20 Pacer,L1P,L
C08068,C-GWQH,,,,
C08168,C-GXAD,CAMP,GREGA GN-1 Aircamper,L1P,L
C08268,C-GXJZ,DH8D,DE HAVILLAND DHC-8-400 Dash 8,L2T,M
C08368,C-GXTV,C170,CESSNA 170,L1P,L
C08568,C-GYNN,A139,AGUSTA AW-139,H2T,L
C08668,C-GYXJ,TOBA,SOCATA Tobago,L1P,L
C08768,C-GZHF,C152,CESSNA 152,L1P,L
C08868,C-GZRB,C150,CESSNA 150,L1P,L
C08B68,C-IAUP,ULAC,,L0-,-
C08E68,C-IBYD,ULAC,,L0-,-
C08F68,C-ICHZ,PARA,,P0-,-
C09168,C-IDBR,ULAC,,L0-,-
C09268,C-IDLN,PARA,,P0-,-
C09568,C-IEPB,ULAC,,L0-,-
C09668,C-IEYX,ULAC,,L0-,-
C09768,C-IFIT,,,,
C09868,C-IFSP,ULAC,,L0-,-
C09A68,C-IGMH,ULAC,,L0-,-
C09B68,C-IGWD,XAIR,RAJ HAMSA X-AIR Falcon,L1P,L
C09C68,C-IHFZ,PARA,,P0-,-
C09D68,C-IHPV,PARA,,P0-,-
C09F68,C-IIJN,ULAC,,L0-,-
C0A068,C-IITJ,CHIN,ASAP Chinook,L1P,L
C0A168,C-IJDF,ULAC,,L0-,-
C0A268,C-IJNB,ULAC,,L0-,-
C0A368,C-IJWX,PARA,,P0-,-
C0A468,C-IKGT,PARA,,P0-,-
C0A568,C-IKQP,ULAC,,L0-,-
C0A668,C-ILAL,PARA,,P0-,-
C0A768,C-ILKH,PARA,,P0-,-
C0A868,C-ILUD,,,,
C0A968,C-IMDZ,,,,
C0AB68,C-IMXR,,,,
C0B168,C-IPET,ULAC,,L0-,-
C1E468,SERV,SERV,,V0-,-
C1E968,SERV,SERV,,V0-,-
C80068,ZK-ANQ,DH82,DE HAVILLAND DH-82 Tiger Moth,L1P,L
C80268,ZK-DAL,C150,CESSNA 150,L1P,L
C80368,ZK-DRG,C180,CESSNA  180 Skywagon,L1P,L
C80768,ZK-VNE,C182,CESSNA 182 Skylane,L1P,L
C80868,ZK-GEW,NIMB,SCHEMPP-HIRTH Nimbus,L1P,L
C80B68,ZK-GON,GLID,,L0-,-
C80C68,ZK-LXB,SF2,VIKING SF-2 Cygnet,L1P,L
C80F68,ZK-JHS,C185,CESSNA 185 Skywagon,L1P,L
C81068,ZK-EVD,PA38,PIPER PA-38 Tomahawk,L1P,L
C81168,ZK-HMB,AS55,AEROSPATIALE AS-355 Ecureuil 2,H2T,L
C81368,ZK-LOK,CH70,ZENAIR CH-701 Stol,L1P,L
C81468,ZK-NTO,GA20,GIPPSLAND GA-200 Fatman,L1P,L
C81668,ZK-CWE,D31,ROLLASON D-31 Turbulent,L1P,L
C81A68,ZK-KAL,C172,CESSNA 172 Skyhawk,L1P,L
C81D68,ZK-JLT,RV7,VANS RV-7,L1P,L
C81F68,ZK-DUH,ULAC,,L0-,-
C82068,ZK-ZST,CH70,ZENAIR CH-701 Stol,L1P,L
C82168,ZK-CTV,C172,CESSNA 172 Skyhawk,L1P,L
C82268,ZK-OXJ,A320,AIRBUS A-320,L2J,M
C82368,ZK-MDC,BE20,BEECH 200 Super King Air,L2T,M
C82468,ZK-HQD,AS50,AEROSPATIALE AS-350 Ecureuil,H1T,L
C82768,ZK-HNC,AS50,AEROSPATIALE AS-350 Ecureuil,H1T,L
C82868,ZK-CUA,WAIX,SONEX Waiex,L1P,L
C82968,ZK-MMG,T206,CESSNA T206 Turbo Stationair,L1P,L
C88068,DQ-FJX,AT76,ATR-72-600,L2T,M
E40168,FAB5960,E314,EMBRAER EMB-314 Super Tucano,L1T,L
E47E68,PT-MZW,A320,AIRBUS A-320,L2J,M
E48768,PR-OTG,B350,BEECHCRAFT Super King Air 350,L2T,M
E49068,PR-GRT,SR22,CIRRUS SR-22,L1P,L
E49268,PP-SJJ,BE40,BEECH 400 Beechjet,L2J,M
E49368,PR-YRJ,A20N,AIRBUS A-320neo,L2J,M
E49468,PR-DDN,S22T,CIRRUS SR-22T Turbo,L1P,L
E49968,PS-UNI,BE9L,BEECH 90 King Air,L2T,L
E80268,CC-BFH,A320,AIRBUS A-320,L2J,M
E80468,CC-BGP,B789,BOEING 787-9 Dreamliner,L2J,H
E80868,CC-ATE,B505,BELL 505 JetRanger X,H1T,L
E80968,CC-AQO,G2CA,GUIMBAL G-2 Cabri,H1P,L
E84068,HC-COF,A319,AIRBUS A-319,L2J,M
E8C068,OB-2108-P,ASTR,GULFSTREAM AEROSPACE Gulfstream G100,L2J,M
E94B68,CP-2920,B733,BOEING 737-300,L2J,M
