00996D,ZS-JPS,BE40,BEECH 400 Beechjet,L2J,M
00A36D,ZS-NKE,E120,EMBRAER EMB-120 Brasilia,L2T,M
00A96D,ZS-PRG,B190,BEECH 1900,L2T,M
00AF6D,ZS-RYI,R44,ROBINSON R-44 Raven,H1P,L
00B36D,ZS-TLS,M20T,MOONEY M-20T,L1P,L
00D36D,ZU-JTA,RV10,VANS RV-10,L1P,L
01006D,SU-AXN,FA20,DASSAULT Falcon 200,L2J,M
02006D,CN-TSA,DA42,DIAMOND DA-42 Guardian,L2P,L
02B26D,Z21014,C130,LOCKHEED C-130 Hercules,L4T,M
04006D,ET-AQF,DH8D,DE HAVILLAND DHC-8-400 Dash 8,L2T,M
04016D,ET-AWJ,B38M,BOEING 737 MAX 8,L2J,M
05A06D,8Q-ISD,DHC6,DE HAVILLAND DHC-6 Twin Otter,L2T,L
06416D,5N-CHM,A139,AGUSTA AW-139,H2T,L
06A26D,QA361,PC21,PILATUS PC-21,L1T,L
08006D,5H-TCH,BCS3,AIRBUS A220-300,L2J,M
09006D,D2-GES,C55B,CESSNA 550B Citation Bravo,L2J,L
0A806D,C6-CAL,PA27,PIPER PA-23-250 Aztec,L2P,L
0AC16D,HK-4499,B190,BEECH 1900,L2T,M
0AC36D,HK-5209,C208,CESSNA 208 Caravan,L1T,L
0AC76D,EJC4231,UH1,BELL UH-1 Huey,H1T,L
0D076D,XA-STS,GLF4,GULFSTREAM 4,L2J,M
0D086D,XA-PAZ,G280,GULFSTREAM G280,L2J,M
0D0A6D,XA-BJA,LA25,LAKE LA-250,A1P,L
0D0B6D,XA-UKJ,SW4,SWEARINGEN Metro,L2T,M
0D0C6D,XB-KNY,T206,CESSNA T206 Turbo Stationair,L1P,L
0D0D6D,XA-VSA,A20N,AIRBUS A-320neo,L2J,M
15076D,RA-67437,C172,CESSNA 172 Skyhawk,L1P,L
15086D,RA-67693,L410,LET L-410 Turbolet,L2T,L
151D6D,RA-73069,B734,BOEING 737-400,L2J,M
151E6D,RA-73325,A321,AIRBUS A-321,L2J,M
15206D,RA-73837,A21N,AIRBUS A-321neo,L2J,M
1B266D,RF-75353,IL76,ILYUSHIN Il-76/82,L4J,H
30056D,I-WING,RV9,VANS RV-9,L1P,L
30066D,I-AMDO,C172,CESSNA 172 Skyhawk,L1P,L
30086D,I-MIAY,AS50,AEROSPATIALE AS-350 Ecureuil,H1T,L
31DD6D,I-C942,FAET,ATEC 321 Faeta,L1P,L
31DF6D,I-D964,MM24,MAGNI M-24 Orion,G1P,L
33FD6D,MM55230,M346,AERMACCHI M-346 Master,L2J,M
383D6D,F-BPLN,RF4,FOURNIER RF-4,L1P,L
383E6D,F-BPTN,WA42,WASSMER WA-421 Prestige,L1P,L
384C6D,F-BTDN,CP10,CAP AVIATION CAP-10,L1P,L
38556D,F-BVLN,D253,CENTRE EST DR-253 Regent,L1P,L
39006D,F-GADN,RF6,FOURNIER RF-6,L1P,L
39016D,F-GALN,BE20,BEECH 200 Super King Air,L2T,M
39066D,F-GBTN,C172,CESSNA 172 Skyhawk,L1P,L
390C6D,F-GDDN,C172,CESSNA 172 Skyhawk,L1P,L
390D6D,F-GDLN,P28T,PIPER PA-28RT-201,L1P,L
390E6D,F-GDTN,CP10,CAP AVIATION CAP-10,L1P,L
39166D,F-GFTN,P28U,PIPER PA-28RT-201T Turbo,L1P,L
39226D,F-GITN,RALL,SOCATA Rallye,L1P,L
39246D,F-GJDN,DR40,ROBIN DR-400,L1P,L
392D6D,F-GLLN,PA18,PIPER PA-18 Super Cub,L1P,L
39316D,F-GMLN,BALL,,B0-,-
39446D,F-GRDN,B06,BELL 206 JetRanger,H1T,L
395C6D,F-GXDN,WA50,WASSMER WA-54 Atlantic,L1P,L
395D6D,F-GXLN,A337,AIRBUS A-330-700 Beluga XL,L2J,H
39816D,F-HALN,BALL,,B0-,-
39826D,F-HATN,A210,AQUILA A-210,L1P,L
39856D,F-HBLN,E190,EMBRAER ERJ-190-100,L2J,M
39866D,F-HBTN,EC35,AIRBUS HELICOPTERS EC-135/635,H2T,L
398D6D,F-HDLN,BE20,BEECH 200 Super King Air,L2T,M
39926D,F-HETN,PA18,PIPER PA-18 Super Cub,L1P,L
39A96D,F-HKLN,C172,CESSNA 172 Skyhawk,L1P,L
39CD6D,F-HTLN,EC35,AIRBUS HELICOPTERS EC-135/635,H2T,L
39D56D,F-HVLN,C182,CESSNA 182 Skylane,L1P,L
39DE6D,F-HXTN,S22T,CIRRUS SR-22T Turbo,L1P,L
3AAB6D,F-MBJK,TIGR,AIRBUS HELICOPTERS EC-665 Tiger,H2T,L
3B766D,E85,AJET,DASSAULT-DORNIER Alpha Jet,L2J,M
3B776D,0014,A400,AIRBUS A-400M,L4T,H
3B7B6D,F-ZBFN,CL2T,CANADAIR CL-415 SuperScooper,A2T,M
3B7F6D,F-ZAJC,EC25,AIRBUS HELICOPTERS EC-225/725,H2T,M
3C126D,D-AVZK,A21N,AIRBUS A-321neo,L2J,M
3C1A6D,D-AZAE,A321,AIRBUS A-321,L2J,M
3C486D,D-ABCM,A321,AIRBUS A-321,L2J,M
3C496D,D-ABKM,B738,BOEING 737-800,L2J,M
3C656D,D-AIKM,A333,AIRBUS A-330-300,L2J,H
3CC76D,D-CCVD,C56X,CESSNA 560XL Citation XLS,L2J,M
3CCD6D,D-CFCF,LJ35,LEARJET 35,L2J,M
3CE06D,D-CMHH,PC24,PILATUS PC-24,L2J,M
3D056D,D-EAHP,M7,MAULE M-7,L1P,L
3D066D,D-EARL,T210,CESSNA T210 Turbo Centurion,L1P,L
3D086D,D-EBLD,C150,CESSNA 150,L1P,L
3D096D,D-EBUZ,PA18,PIPER PA-18 Super Cub,L1P,L
3D0A6D,D-ECEV,C150,CESSNA 150,L1P,L
3D0B6D,D-ECOR,DA40,DIAMOND DA-40 Club Star,L1P,L
3D0D6D,D-EDIJ,C172,CESSNA 172 Skyhawk,L1P,L
3D0E6D,D-EDSF,P149,PIAGGIO P-149,L1P,L
3D0F6D,D-EECB,PA46,PIPER PA-46-310/350,L1P,L
3D106D,D-EELX,S22T,CIRRUS SR-22T Turbo,L1P,L
3D126D,D-EFFP,PA32,PIPER PA-32,L1P,L
3D146D,D-EFZH,C172,CESSNA 172 Skyhawk,L1P,L
3D156D,D-EGJD,C172,CESSNA 172 Skyhawk,L1P,L
3D186D,D-EHMR,P28R,PIPER PA-28R-180/200/201,L1P,L
3D196D,D-EHWN,P28A,PIPER PA-28-140/150/160/180,L1P,L
3D1C6D,D-EJAB,JAB4,JABIRU J200-450,L1P,L
3D1E6D,D-EJTT,G3,REMOS Mirage,L1P,L
3D256D,D-EMKR,WA50,WASSMER WA-54 Atlantic,L1P,L
3D276D,D-ENEJ,RALL,SOCATA Rallye,L1P,L
3D296D,D-ENYB,SR20,CIRRUS SR-20,L1P,L
3D2B6D,D-EORT,C172,CESSNA 172 Skyhawk,L1P,L
3D2D6D,D-EPLL,P28A,PIPER PA-28-140/150/160/180,L1P,L
3D2E6D,D-EPVH,PA32,PIPER PA-32,L1P,L
3D326D,D-ERIR,IMPU,IMPULSE Xturn,L1P,L
3D356D,D-ESMF,DA40,DIAMOND DA-40 Club Star,L1P,L
3D366D,D-ESWB,SR22,CIRRUS SR-22,L1P,L
3D476D,D-EZHL,DR40,ROBIN DR-400,L1P,L
3DDC6D,D-HDSN,EC45,AIRBUS HELICOPTERS EC-145,H2T,L
3E5D6D,D-KAOR,SF25,SCHEIBE SF-25 Falke,L1P,L
3E616D,D-KCCB,TFUN,VALENTIN Taifun,L1P,L
3EC16D,D-KOFD,GLID,,L0-,-
3EC46D,D-KPIR,DIMO,DIAMOND H-36 Dimona,L1P,L
3EC56D,D-KPSN,SF25,SCHEIBE SF-25 Falke,L1P,L
3EC86D,D-KQWB,AS25,SCHLEICHER ASH-25,L1P,L
3ECE6D,D-KTDD,DG80,DG FLUGZEUGBAU DG-800,L1P,L
3EE66D,D-1494,GLID,,L0-,-
3EEC6D,D-3030,GLID,,L0-,-
3EF56D,D-5334,GLID,,L0-,-
3F2A6D,D-OBYZ,BALL,,B0-,-
3FC26D,D-OLBH,BALL,,B0-,-
3FEA6D,D-MSEB,ULAC,,L0-,-
3FEB6D,D-MWJZ,MM24,MAGNI M-24 Orion,G1P,L
3FEC6D,D-MRGE,ZEPH,ATEC Zephyr,L1P,L
3FED6D,D-MTTL,G3,REMOS Mirage,L1P,L
3FEF6D,D-MSRV,ZEPH,ATEC Zephyr,L1P,L
3FF16D,D-MEZE,ULAC,,L0-,-
3FF26D,GND,GND,,V0-,-
3FF56D,D-MINW,SHRK,SHARK AERO Shark,L1P,L
3FF66D,D-MVLW,VL3,AVEKO Flamingo,L1P,L
400A6D,G-CHCH,AS3B,AEROSPATIALE AS-332 Super Puma Mk2,H2T,M
400B6D,G-VGAS,A346,AIRBUS A-340-600,L4J,H
400D6D,G-HSTI,R44,ROBINSON R-44 Raven,H1P,L
400E6D,G-XARV,ARV1,ARV Super 2,L1P,L
400F6D,G-CBMP,C82R,CESSNA R182 Skylane RG,L1P,L
40116D,G-AZJN,DR30,CENTRE EST Prince,L1P,L
40186D,G-AXWZ,P28R,PIPER PA-28R-180/200/201,L1P,L
401D6D,G-BGBK,PA38,PIPER PA-38 Tomahawk,L1P,L
40216D,G-CLEA,P28A,PIPER PA-28-140/150/160/180,L1P,L
40226D,G-NORD,NC85,NORD NC-858,L1P,L
40266D,G-MNKP,ULAC,,L0-,-
402D6D,G-AJKB,L8,LUSCOMBE 8,L1P,L
402E6D,G-XXIV,B06,BELL 206 JetRanger,H1T,L
40356D,G-MWYU,ULAC,,L0-,-
40366D,G-BUPP,BALL,,B0-,-
403D6D,G-BXCV,DHC1,DE HAVILLAND DHC-1 Chipmunk,L1P,L
40406D,G-SBOY,P28A,PIPER PA-28-140/150/160/180,L1P,L
40426D,G-EOFW,ULAC,,L0-,-
40436D,G-XXHP,E300,EXTRA EA-300/330/350,L1P,L
40486D,G-PROW,EV97,EVEKTRO EV-97 EuroStar,L1P,L
40496D,G-LBUK,BALL,,B0-,-
404D6D,G-CDJF,FDCT,FLIGHT DESIGN CT,L1P,L
404E6D,G-TSUE,EUPA,Europa,L1P,L
40506D,G-SUTD,JABI,Jabiru J120,L1P,L
40556D,G-CFZO,NIMB,SCHEMPP-HIRTH Nimbus,L1P,L
40576D,G-CJMK,GLID,,L0-,-
40596D,G-CHLM,GLID,,L0-,-
405B6D,G-CGEH,GLID,,L0-,-
405D6D,G-ZENY,CH60,ZENAIR CH-600 Zodiac,L1P,L
405E6D,G-LEZE,LGEZ,RUTAN Long-EZ,L1P,L
405F6D,G-CFSF,ULAC,,L0-,-
40626D,G-CGHW,CRUZ,CSA PS-28 Cruiser,L1P,L
40656D,G-OCDC,SKRA,BEST OFF Sky Ranger,L1P,L
40666D,G-EZUT,A320,AIRBUS A-320,L2J,M
40686D,G-NTVE,AUS6,AUSTER AOP6,L1P,L
40696D,G-JODE,D150,JODEL D-150 Mascaret,L1P,L
406A6D,G-CIBU,JAB2,JABIRU J160/170,L1P,L
406B6D,G-LCYT,E190,EMBRAER ERJ-190-100,L2J,M
406D6D,G-ISAC,ISPT,ISAACS Spitfire,L1P,L
406E6D,G-ORSE,C42,IKARUS C-42 Bison,L1P,L
40706D,G-CJAJ,ULAC,,L0-,-
40716D,G-DFXE,GLID,,L0-,-
40736D,G-CKFI,BALL,,B0-,-
40756D,G-UZHO,A20N,AIRBUS A-320neo,L2J,M
40766D,G-DRTN,B738,BOEING 737-800,L2J,M
40776D,G-OFLX,E145,EMBRAER ERJ-145,L2J,M
40786D,G-CMDO,S61R,SIKORSKY S-61R,H2T,M
407C6D,G-DRTJ,B738,BOEING 737-800,L2J,M
42436D,VP-BWZ,A320,AIRBUS A-320,L2J,M
42486D,VP-CTI,B738,BOEING 737-800,L2J,M
42496D,VQ-BFW,A320,AIRBUS A-320,L2J,M
424B6D,M-YIGO,H25B,HAWKER BEECHCRAFT Hawker 750/850,L2J,M
43C06D,ZJ118,EH10,AGUSTA WESTLAND EH-101 Merlin,H3T,M
43C66D,ZF135,TUCA,EMBRAER EMB-312 Tucano,L1T,L
43C76D,ZZ532,LYNX,AGUSTAWESTLAND AW-159 Super Lynx,H2T,L
43E86D,M-OUSE,C510,CESSNA 510 Citation Mustang,L2J,L
43EA6D,M-NTOS,C25C,CESSNA 525C Citation CJ4,L2J,M
43EB6D,2-MUST,C510,CESSNA 510 Citation Mustang,L2J,L
43EC6D,2-GGGT,C560,CESSNA 560 Citation Ultra,L2J,M
43ED6D,2-CSBJ,B738,BOEING 737-800,L2J,M
44006D,OE-LBF,A321,AIRBUS A-321,L2J,M
44016D,OE-CGK,VL3,AVEKO Flamingo,L1P,L
44026D,OE-FMH,C340,CESSNA 340 Super,L2P,L
44046D,OE-ICI,A320,AIRBUS A-320,L2J,M
44076D,OE-KBW,P28A,PIPER PA-28-140/150/160/180,L1P,L
440A6D,OE-XFX,R44,ROBINSON R-44 Raven,H1P,L
44886D,OO-BCM,BALL,,B0-,-
44896D,OO-BKM,BALL,,B0-,-
449E6D,OO-GSM,C82R,CESSNA R182 Skylane RG,L1P,L
44A26D,OO-HSM,AS55,AEROSPATIALE AS-355 Ecureuil 2,H2T,L
44A86D,OO-JCM,P28A,PIPER PA-28-140/150/160/180,L1P,L
44A96D,OO-JKM,BE33,BEECH 33 Bonanza,L1P,L
44B66D,OO-MSM,DR22,CENTRE EST Dauphin,L1P,L
44BA6D,OO-NSM,EC45,AIRBUS HELICOPTERS EC-145,H2T,L
44C06D,OO-PCM,PC12,PILATUS PC-12,L1T,L
44C46D,LGGRU1,TWR,,T0-,-
44CE6D,OO-SSM,A319,AIRBUS A-319,L2J,M
44D26D,OO-TSM,S10S,STEMME S-10 Chrysalis,L1P,L
44D86D,OO-VCM,C152,CESSNA 152,L1P,L
44F66D,ST-24,F260,AERMACCHI SF-260,L1P,L
45206D,LZ-BVS,B733,BOEING 737-300,L2J,M
45856D,OY-AKM,PA16,PIPER PA-16 Clipper,L1P,L
45866D,OY-ASM,C172,CESSNA 172 Skyhawk,L1P,L
45896D,OY-BKM,P28A,PIPER PA-28-140/150/160/180,L1P,L
459C6D,OY-GCM,P68,PARTENAVIA P-68 Observer,L2P,L
45B86D,OY-NCM,J328,Dornier 328 JET,L2J,M
45F06D,OY-9468,AP22,AEROPRACT A-22,L1P,L
46136D,OH-HJH,H500,HUGHES 500,H1T,L
461F6D,OH-LXL,A320,AIRBUS A-320,L2J,M
46A06D,SX-HCM,H500,HUGHES 500,H1T,L
46A16D,SX-HKM,AS55,AEROSPATIALE AS-355 Ecureuil 2,H2T,L
46A26D,SX-HSM,EC35,AIRBUS HELICOPTERS EC-135/635,H2T,L
471F6D,HA-LXL,A321,AIRBUS A-321,L2J,M
47836D,LN-RRX,B736,BOEING 737-600,L2J,M
47866D,LN-NAE,C177,CESSNA  177 Cardinal,L1P,L
47876D,LN-OYO,AS50,AEROSPATIALE AS-350 Ecureuil,H1T,L
48086D,Q-30,H64,MCDONNELL DOUGLAS AH-64 Apache,H2T,M
48436D,PH-BQF,B772,BOEING 777-200,L2J,H
48456D,PH-HLE,C152,CESSNA 152,L1P,L
48466D,PH-KAI,RF6,FOURNIER RF-6,L1P,L
48476D,PH-SPC,G115,GROB G-115,L1P,L
48486D,PH-RAY,FOX,KITFOX,L1P,L
484C6D,PH-810,GLID,,L0-,-
484D6D,PH-ESV,BALL,,B0-,-
484F6D,PH-HSG,B738,BOEING 737-800,L2J,M
48506D,PH-TFM,B788,BOEING 787-8 Dreamliner,L2J,H
48516D,PH-1FO,ZZZZ,,-0-,-
48536D,PH-HNE,C150,CESSNA 150,L1P,L
48546D,PH-1SE,ZZZZ,,-0-,-
48556D,PH-1YS,ZZZZ,,-0-,-
48566D,PH-2TF,ZZZZ,,-0-,-
48A56D,SP-KLN,C55B,CESSNA 550B Citation Bravo,L2J,L
48B56D,SP-NLN,DV20,DIAMOND DA-20,L1P,L
48C66D,SP-SUN,A139,AGUSTA AW-139,H2T,L
48CA6D,SP-TUN,TAMP,SOCATA TB-9 Tampico,L1P,L
49C06D,OK-JUR03,EV97,EVEKTRO EV-97 EuroStar,L1P,L
49D06D,OK-PDX,P28A,PIPER PA-28-140/150/160/180,L1P,L
49D16D,OK-RED,P32R,PIPER PA-32R-300/301/301T,L1P,L
49D36D,OK-RHA,G2CA,GUIMBAL G-2 Cabri,H1P,L
49D46D,OK-BAL,S22T,CIRRUS SR-22T Turbo,L1P,L
4AA46D,SE-ICM,P28A,PIPER PA-28-140/150/160/180,L1P,L
4AAA6D,SE-JSM,EC45,AIRBUS HELICOPTERS EC-145,H2T,L
4AAE6D,SE-KSM,P28A,PIPER PA-28-140/150/160/180,L1P,L
4AB46D,SE-MCM,SB91,SAAB 91 Safir,L1P,L
4AB56D,SE-MKM,AT76,ATR-72-600,L2T,M
4ACA6D,SE-RSM,E195,EMBRAER ERJ-190-200,L2J,M
4AD66D,SE-USM,G109,GROB G-109,L1P,L
4ADA6D,SE-VSM,C42,IKARUS C-42 Bison,L1P,L
4B066D,HB-CLH,C172,CESSNA 172 Skyhawk,L1P,L
4B086D,HB-DEZ,M20P,MOONEY M-20,L1P,L
4B0D6D,HB-FCF,PC6T,PILATUS PC-6 Turbo-Porter,L1T,L
4B256D,HB-OEN,J3,PIPER J-3 Cub,L1P,L
4B266D,HB-OOJ,PA16,PIPER PA-16 Clipper,L1P,L
4B2B6D,HB-QLP,BALL,,B0-,-
4B2C6D,HB-QVL,BALL,,B0-,-
4B326D,HB-TCN,C152,CESSNA 152,L1P,L
4B386D,HB-VJP,C550,CESSNA 550 Citation S2,L2J,L
4B406D,HB-YKJ,EXEC,ROTORWAY Exec,H1P,L
4B426D,HB-ZEB,B06,BELL 206 JetRanger,H1T,L
4B436D,HB-ZNX,B407,BELL 407,H1T,L
4B4A6D,HB-1478,GLID,,L0-,-
4B4C6D,HB-1990,DISC,SCHEMPP-HIRTH Discus,L1P,L
4B4E6D,HB-2502,DUOD,SCHEMPP-HIRTH Duo Discus,L1P,L
4B7F6D,A-923,PC7,PILATUS PC-7 Astra,L1T,L
4B846D,TC-ACM,B744,BOEING 747-400,L4J,H
4B8C6D,TC-CCM,GLF6,GULFSTREAM G650,L2J,M
4B906D,TC-DCM,A320,AIRBUS A-320,L2J,M
4BA06D,TC-HCM,B430,BELL 430,H2T,L
4BA26D,TC-HSM,B429,BELL 429 GlobalRanger,H2T,L
4BAA6D,TC-JSM,A321,AIRBUS A-321,L2J,M
4BB06D,TC-LCM,B38M,BOEING 737 MAX 8,L2J,M
4BB26D,TC-LSM,A21N,AIRBUS A-321neo,L2J,M
4BB46D,TC-MCM,A333,AIRBUS A-330-300,L2J,H
4BB56D,TC-MKM,C185,CESSNA 185 Skywagon,L1P,L
4BB66D,TC-MSM,C182,CESSNA 182 Skylane,L1P,L
4BB86D,TC-NCM,A20N,AIRBUS A-320neo,L2J,M
4BBC6D,TC-OCM,A332,AIRBUS A-330-200,L2J,H
4BD46D,TC-UCM,P208,TECNAM P-2008,L1P,L
4C016D,YU-ALN,AT72,ATR-72-202,L2T,M
4C066D,YU-BTN,C25B,CESSNA 525B Citation CJ3,L2J,L
4C806D,5B-DDB,F70,FOKKER 70,L2J,M
4CA56D,EI-DWH,B738,BOEING 737-800,L2J,M
4CA66D,EI-DZE,UF10,URBAN UFM-10 Samba,L1P,L
4CAA6D,EI-EJO,A332,AIRBUS A-330-200,L2J,H
4CAC6D,EI-STW,B734,BOEING 737-400,L2J,M
4CAD6D,EI-HDH,AT76,ATR-72-600,L2T,M
4CC46D,TF-FGA,DV20,DIAMOND DA-20,L1P,L
4D026D,LX-HNK,B505,BELL 505 JetRanger X,H1T,L
4D036D,LX-AIM,PA44,PIPER PA-44 Seminole,L2P,L
4D206D,9H-AMF,GLEX,BOMBARDIER BD-700 Global 6000/6500,L2J,M
4D216D,9H-NOA,B733,BOEING 737-300,L2J,M
4D226D,9H-QBR,B738,BOEING 737-800,L2J,M
4D246D,9H-VDL,A320,AIRBUS A-320,L2J,M
50006D,T7-AEB,EA50,ECLIPSE 550,L2J,L
502C6D,YL-HMN,MI8,MIL Mi-8/9/17/19/171/172,H2T,M
502D6D,YL-VCR,GLEX,BOMBARDIER BD-700 Global 6000/6500,L2J,M
503D6D,LY-TKL,B737,BOEING 737-700,L2J,M
504E6D,ER-77739,B773,BOEING 777-300,L2J,H
505C6D,OM-RTC,ULAC,,L0-,-
505F6D,1931,C27J,ALENIA C-27J Spartan,L2T,M
507C6D,UK-47088,B742,BOEING 747-200,L4J,H
68326D,UP-B3724,B735,BOEING 737-500,L2J,M
70206D,S2-AHH,AT75,ATR-72-500,L2T,M
70606D,9K-API,A338,AIRBUS A-330-800,L2J,H
70E06D,XU-762,A320,AIRBUS A-320,L2J,M
71026D,770,TOR,PANAVIA Tornado,L2J,M
72866D,YI-ASM,B38M,BOEING 737 MAX 8,L2J,M
73306D,EP-LCM,MD82,MCDONNELL-DOUGLAS MD-82,L2J,M
733A6D,EP-NSM,B734,BOEING 737-400,L2J,M
734E6D,EP-SSM,A321,AIRBUS A-321,L2J,M
73806D,4X-EKH,B738,BOEING 737-800,L2J,M
73946D,4X-BID,R44,ROBINSON R-44 Raven,H1P,L
73956D,4X-CAS,C152,CESSNA 152,L1P,L
75006D,9M-MWJ,AT75,ATR-72-500,L2T,M
75026D,9M-NAB,A320,AIRBUS A-320,L2J,M
75856D,RP-C9935,A21N,AIRBUS A-321neo,L2J,M
75866D,CGH-1452,EC45,AIRBUS HELICOPTERS EC-145,H2T,L
76AA6D,9V-JSM,A320,AIRBUS A-320,L2J,M
76CC6D,9V-SCM,B78X,BOEING 787-10 Dreamliner,L2J,H
76CD6D,9V-SKM,A388,AIRBUS A-380-800,L4J,H
78016D,B-HNE,B773,BOEING 777-300,L2J,H
78026D,B-7932,C172,CESSNA 172 Skyhawk,L1P,L
78036D,B-6317,A321,AIRBUS A-321,L2J,M
78056D,B-6568,A320,AIRBUS A-320,L2J,M
78066D,B-5530,B738,BOEING 737-800,L2J,M
78076D,B-2087,B77W,BOEING 777-300ER,L2J,H
78086D,B-6890,A320,AIRBUS A-320,L2J,M
78096D,B-6961,A321,AIRBUS A-321,L2J,M
780A6D,B-LNP,A333,AIRBUS A-330-300,L2J,H
780C6D,B-1849,A320,AIRBUS A-320,L2J,M
780D6D,B-0408,C510,CESSNA 510 Citation Mustang,L2J,L
780E6D,B-3382,CRJ9,BOMBARDIER Regional Jet CRJ-900,L2J,M
780F6D,B-7591,B738,BOEING 737-800,L2J,M
78116D,B-1437,B738,BOEING 737-800,L2J,M
78136D,B-1252,B752,BOEING 757-200,L2J,M
78156D,B-303T,A319,AIRBUS A-319,L2J,M
78166D,B-602K,MA60,XIAN MA-60,L2T,M
78176D,B-7912,C172,CESSNA 172 Skyhawk,L1P,L
78186D,B-9156,DA42,DIAMOND DA-42 Guardian,L2P,L
781B6D,B-9425,C208,CESSNA 208 Caravan,L1T,L
781C6D,B-325Z,A20N,AIRBUS A-320neo,L2J,M
781D6D,B-221S,B77L,BOEING 777-200LR,L2J,H
781E6D,B-32CK,A320,AIRBUS A-320,L2J,M
78926D,B-LDV,A333,AIRBUS A-330-300,L2J,H
79A06D,B-2408,A320,AIRBUS A-320,L2J,M
7A426D,11158,Y20,XIAN Kunpeng,L4J,H
7BB06D,B-2572,B733,BOEING 737-300,L2J,M
7C006D,VH-ADB,G164,GRUMMAN G-164 Ag-Cat,L1P,L
7C016D,VH-AKF,M20P,MOONEY M-20,L1P,L
7C026D,VH-ARJ,C402,CESSNA 402 Businessliner,L2P,L
7C066D,VH-BJZ,PA44,PIPER PA-44 Seminole,L2P,L
7C0B6D,VH-CJJ,P68T,PARTENAVIA AP-68 Spartacus,L2T,L
7C0F6D,VH-DBZ,BE55,BEECH 55 Baron,L2P,L
7C146D,VH-EBJ,A332,AIRBUS A-330-200,L2J,H
7C166D,VH-EPR,B412,BELL 412,H2T,L
7C176D,VH-EWV,BL8,BELLANCA 8 Decathlon,L1P,L
7C1C6D,VH-FWF,BE35,BEECH 35 Starfire Bonanza,L1P,L
7C266D,VH-HVJ,RV7,VANS RV-7,L1P,L
7C2A6D,VH-INZ,R22,ROBINSON R-22 Mariner,H1P,L
7C306D,VH-JUN,P28U,PIPER PA-28RT-201T Turbo,L1P,L
7C396D,VH-LMN,C303,CESSNA T303 Crusader,L2P,L
7C3A6D,VH-LTR,C172,CESSNA 172 Skyhawk,L1P,L
7C3F6D,VH-MTB,P28A,PIPER PA-28-140/150/160/180,L1P,L
7C426D,VH-NEN,B212,BELL 212,H2T,L
7C446D,VH-NSV,B06,BELL 206 JetRanger,H1T,L
7C456D,VH-NZZ,RV8,VANS RV-8,L1P,L
7C4C6D,VH-PDR,FOX,KITFOX,L1P,L
7C4E6D,VH-PRZ,C172,CESSNA 172 Skyhawk,L1P,L
7C576D,VH-RJZ,P28A,PIPER PA-28-140/150/160/180,L1P,L
7C5B6D,VH-SCF,P28A,PIPER PA-28-140/150/160/180,L1P,L
7C5C6D,VH-SJJ,C208,CESSNA 208 Caravan,L1T,L
7C5D6D,VH-SQN,PA31,PIPER PA-31-300/310/325/350/425,L2P,L
7C5E6D,VH-SXR,SR22,CIRRUS SR-22,L1P,L
7C606D,VH-TBZ,TB20,SOCATA TB-20 Trinidad,L1P,L
7C656D,VH-UBJ,C177,CESSNA  177 Cardinal,L1P,L
7C686D,VH-UWV,B429,BELL 429 GlobalRanger,H2T,L
7C6C6D,VH-VPB,GLID,,L0-,-
7C7A6D,VH-YGV,YK52,YAKOVLEV Yak-52,L1P,L
7C7B6D,VH-YNZ,CT4,PACIFIC AEROSPACE CT-4 Airtrainer,L1P,L
7C7F6D,VH-ZGF,R44,ROBINSON R-44 Raven,H1P,L
7C806D,VH-ZNJ,B789,BOEING 787-9 Dreamliner,L2J,H
7CF86D,A32-426,B350,BEECHCRAFT Super King Air 350,L2T,M
80026D,HM671,D228,DORNIER 228,L2T,L
800C6D,VT-IYB,AT76,ATR-72-600,L2T,M
800D6D,VT-IZZ,A20N,AIRBUS A-320neo,L2J,M
80146D,VT-IXZ,AT76,ATR-72-600,L2T,M
80156D,VT-IPN,A20N,AIRBUS A-320neo,L2J,M
845D6D,JA110H,A109,AGUSTA AW-109 Grand,H2T,L
84616D,JA123P,HDJT,HONDA HondaJet,L2J,L
84B46D,JA206H,T206,CESSNA T206 Turbo Stationair,L1P,L
856E6D,JA4213,BT36,BEECH B36TC Bonanza,L1P,L
85DF6D,JA58GB,BE58,BEECH 58 Baron,L2P,L
86CE6D,JA801B,DH8B,DE HAVILLAND DHC-8-200 Dash 8,L2T,M
86D66D,JA827P,A320,AIRBUS A-320,L2J,M
88006D,HS-TGF,B744,BOEING 747-400,L4J,H
881B6D,60313,AT75,ATR-72-500,L2T,M
88516D,HS-TKM,B77W,BOEING 777-300ER,L2J,H
88596D,HS-VKM,A321,AIRBUS A-321,L2J,M
88816D,VN-A622,A21N,AIRBUS A-321neo,L2J,M
89406D,A9C-AL,A320,AIRBUS A-320,L2J,M
89636D,A6-SSV,E35L,EMBRAER EMB-135 Legacy,L2J,M
89656D,A6-BMH,B78X,BOEING 787-10 Dreamliner,L2J,H
89806D,P2-ASZ,P750,PACIFIC AEROSPACE P-750 XStol,L1T,L
89906D,B-16221,A321,AIRBUS A-321,L2J,M
89916D,B-18916,A359,AIRBUS A-350-900,L2J,H
8A026D,PK-GPM,A332,AIRBUS A-330-200,L2J,H
8A036D,PK-LJJ,B739,BOEING 737-900,L2J,M
8A076D,PK-WJL,AT76,ATR-72-600,L2T,M
8A096D,PK-BGO,B738,BOEING 737-800,L2J,M
A0006D,N1EG,PRM1,RAYTHEON 390 Premier 1,L2J,L
A0036D,N10LZ,LGEZ,RUTAN Long-EZ,L1P,L
A0046D,N10XE,C340,CESSNA 340 Super,L2P,L
A0056D,N100HK,DFLY,VIKING Dragonfly,L1P,L
A0086D,N101AB,ULAC,,L0-,-
A00A6D,N101WP,C182,CESSNA 182 Skylane,L1P,L
A00B6D,N10145,NAVI,NORTH AMERICAN Navion,L1P,L
A00C6D,N102D,,,,
A00D6D,N102PF,P28A,PIPER PA-28-140/150/160/180,L1P,L
A0126D,N10310,C150,CESSNA 150,L1P,L
A0136D,N1039A,BE35,BEECH 35 Starfire Bonanza,L1P,L
A0146D,N104JW,BL8,BELLANCA 8 Decathlon,L1P,L
A0166D,N10433,C170,CESSNA 170,L1P,L
A0186D,N105MU,SR20,CIRRUS SR-20,L1P,L
A01B6D,N106EL,,,,
A01F6D,N107HJ,FOX,KITFOX,L1P,L
A0206D,N107TQ,SR22,CIRRUS SR-22,L1P,L
A0216D,N10721,,,,
A0236D,N108LG,B505,BELL 505 JetRanger X,H1T,L
A0256D,N10844,C150,CESSNA 150,L1P,L
A0266D,N109CZ,BE99,BEECH 99 Airliner,L2T,L
A0296D,N10967,,,,
A02A6D,N11FX,HUCO,BELL AH-1 HueyCobra,H1T,L
A02B6D,N11SC,BE95,BEECH 95 Travel Air,L2P,L
A02D6D,N110NP,P337,CESSNA P337 Skymaster,L2P,L
A0306D,N111FF,C182,CESSNA 182 Skylane,L1P,L
A0316D,N111RM,BE33,BEECH 33 Bonanza,L1P,L
A0376D,N113AW,BT36,BEECH B36TC Bonanza,L1P,L
A03B6D,N114DU,BCS1,AIRBUS A220-100,L2J,M
A0426D,N1159V,C172,CESSNA 172 Skyhawk,L1P,L
A0456D,N1164M,ULAC,,L0-,-
A04A6D,N118FE,B763,BOEING 767-300,L2J,H
A04C6D,N1181G,,,,
A04D6D,N1188T,P28A,PIPER PA-28-140/150/160/180,L1P,L
A04E6D,N119JC,,,,
A0516D,N12AV,BE33,BEECH 33 Bonanza,L1P,L
A0526D,N12MA,TBM7,SOCATA TBM-700A/B/C,L1T,L
A0536D,N12XG,AC11,NORTH AMERICAN ROCKWELL Commander 112/114,L1P,L
A05A6D,N12147,C172,CESSNA 172 Skyhawk,L1P,L
A05B6D,N122DB,ACR2,ACRO SPORT 2,L1P,L
A05C6D,N122PH,C680,CESSNA 680 Citation Sovereign,L2J,M
A05E6D,N1227,DG15,HOWARD Nightingale,L1P,L
A0606D,N123SF,CH7B,BELLANCA 7 Citabria,L1P,L
A0616D,N12312,DSA1,SMITH DSA-1 Miniplane,L1P,L
A0656D,N12435,RV12,VANS RV-12,L1P,L
A0676D,N125MW,C182,CESSNA 182 Skylane,L1P,L
A0696D,N12558,TAIL,WITTMAN Tailwind,L1P,L
A06C6D,N12600,C172,CESSNA 172 Skyhawk,L1P,L
A06D6D,N1268A,PA18,PIPER PA-18 Super Cub,L1P,L
A06F6D,N127TS,S22T,CIRRUS SR-22T Turbo,L1P,L
A0716D,N128AC,AEST,AEROSTAR 600,L2P,L
A0726D,N128LJ,EUPA,Europa,L1P,L
A0766D,N129PG,VENT,SCHEMPP-HIRTH Ventus,L1P,L
A0786D,N12969,CAMP,GREGA GN-1 Aircamper,L1P,L
A07F6D,N131FH,BU31,BUCKER Bu-131 Jungmann,L1P,L
A0836D,N132JF,GLST,GLASAIR SH-4 GlaStar,L1P,L
A0856D,N1323N,C82S,CESSNA T182 Turbo Skylane,L1P,L
A0876D,N133MD,BE33,BEECH 33 Bonanza,L1P,L
A0896D,N1335R,AA5,AMERICAN AA-5 Tiger,L1P,L
A08A6D,N134DW,PA44,PIPER PA-44 Seminole,L2P,L
A08C6D,N1340H,AR15,AERONCA 15 Sedan,L1P,L
A08F6D,N135T,HROC,HARMON Rocket,L1P,L
A0946D,N1364P,PA18,PIPER PA-18 Super Cub,L1P,L
A0986D,N1376S,C182,CESSNA 182 Skylane,L1P,L
A0A06D,N14AX,,,,
A0A16D,N14MC,C320,CESSNA 320 Skyknight,L2P,L
A0A36D,N140HP,GA8,GIPPSAERO GA-8 Airvan,L1P,L
A0A66D,N141AF,H269,HUGHES Sky Knight,H1P,L
A0A76D,N141LM,CRER,RANS Courier,L1P,L
A0A96D,N14149,PA23,PIPER PA-23,L2P,L
A0AE6D,N143GB,T206,CESSNA T206 Turbo Stationair,L1P,L
A0AF6D,N143SH,R22,ROBINSON R-22 Mariner,H1P,L
A0B06D,N14314,PA18,PIPER PA-18 Super Cub,L1P,L
A0B26D,N144K,BE36,BEECH 36 Bonanza,L1P,L
A0B86D,N1456,SA30,STOLP Starduster Too,L1P,L
A0BC6D,N1468C,SR22,CIRRUS SR-22,L1P,L
A0BF6D,N14725,FA24,FAIRCHILD F-24 Argus,L1P,L
A0C46D,N149DC,P28A,PIPER PA-28-140/150/160/180,L1P,L
A0C76D,N1497A,PA22,PIPER PA-22,L1P,L
A0C86D,N15GA,B190,BEECH 1900,L2T,M
A0C96D,N15SG,BLKS,AIRCRAFT SPRUCE Baby Lakes,L1P,L
A0CA6D,N150CM,C150,CESSNA 150,L1P,L
A0CB6D,N150NT,C150,CESSNA 150,L1P,L
A0CD6D,N1506V,C172,CESSNA 172 Skyhawk,L1P,L
A0D06D,N1511M,BALL,,B0-,-
A0D26D,N152JH,C560,CESSNA 560 Citation Ultra,L2J,M
A0D36D,N152UP,A306,AIRBUS A-300-600,L2J,H
A0D46D,N1523Q,C150,CESSNA 150,L1P,L
A0D56D,N153B,B47G,BELL 47G,H1P,L
A0DD6D,N155GW,S55P,SIKORSKY S-55 Chickasaw,H1P,L
A0E36D,N1564R,BT36,BEECH B36TC Bonanza,L1P,L
A0E46D,N157CL,K100,DAHER Kodiak 100,L1T,L
A0E56D,N157NS,CL60,BOMBARDIER CL-600 Challenger,L2J,M
A0E86D,N158FJ,PA18,PIPER PA-18 Super Cub,L1P,L
A0EB6D,N1588X,P28B,PIPER PA-28-201T/235/236,L1P,L
A0F06D,N16ME,GLAS,Glasair,L1P,L
A0F16D,N16XL,CH60,ZENAIR CH-600 Zodiac,L1P,L
A0F36D,N160TX,AA5,AMERICAN AA-5 Tiger,L1P,L
A0F56D,N161AH,,,,
A0F86D,N1615A,C172,CESSNA 172 Skyhawk,L1P,L
A0F96D,N162DF,BE58,BEECH 58 Baron,L2P,L
A0FA6D,N162PM,PA30,PIPER PA-30 Twin Comanche,L2P,L
A0FD6D,N163GD,PULS,Pulsar,L1P,L
A1006D,N1639G,CH7A,BELLANCA 7 Champion,L1P,L
A1056D,N165N,EFOX,AEROPRO Eurofox,L1P,L
A10B6D,N1668E,CH7A,BELLANCA 7 Champion,L1P,L
A10D6D,N167TW,DC3,DOUGLAS DC-3 Dakota,L2P,M
A10E6D,N16727,BE19,BEECH 19 Sport,L1P,L
A1126D,N1685,BEAR,AVIPRO RB-4 Bearhawk,L1P,L
A1176D,N17GC,PTS1,PITTS S-1 Special,L1P,L
A1186D,N17SJ,C172,CESSNA 172 Skyhawk,L1P,L
A1196D,N170CP,C170,CESSNA 170,L1P,L
A1206D,N17180,C180,CESSNA  180 Skywagon,L1P,L
A1216D,N172JK,C172,CESSNA 172 Skyhawk,L1P,L
A1286D,N174E,RV6,VANS RV-6,L1P,L
A1316D,N176WB,PA32,PIPER PA-32,L1P,L
A1326D,N1764T,P28A,PIPER PA-28-140/150/160/180,L1P,L
A1336D,N177CN,BE20,BEECH 200 Super King Air,L2T,M
A1386D,N178RS,C172,CESSNA 172 Skyhawk,L1P,L
A13E6D,N18BA,H25B,HAWKER BEECHCRAFT Hawker 750/850,L2J,M
A13F6D,N18MG,DISC,SCHEMPP-HIRTH Discus,L1P,L
A1446D,N181AK,PA18,PIPER PA-18 Super Cub,L1P,L
A1486D,N182DH,C182,CESSNA 182 Skylane,L1P,L
A1496D,N182PP,C82S,CESSNA T182 Turbo Skylane,L1P,L
A14E6D,N18318,BE35,BEECH 35 Starfire Bonanza,L1P,L
A1536D,N185BW,C185,CESSNA 185 Skywagon,L1P,L
A1556D,N185YH,C185,CESSNA 185 Skywagon,L1P,L
A1566D,N1856D,BE35,BEECH 35 Starfire Bonanza,L1P,L
A1586D,N186R,,,,
A15A6D,N1868G,CH7B,BELLANCA 7 Citabria,L1P,L
A15B6D,N187HS,C172,CESSNA 172 Skyhawk,L1P,L
A15C6D,N187TY,M20P,MOONEY M-20,L1P,L
A1606D,N188WW,BE58,BEECH 58 Baron,L2P,L
A1616D,N1885B,L8,LUSCOMBE 8,L1P,L
A1656D,N1897E,BE35,BEECH 35 Starfire Bonanza,L1P,L
A1676D,N19SL,BE35,BEECH 35 Starfire Bonanza,L1P,L
A16B6D,N1906Z,C150,CESSNA 150,L1P,L
A16C6D,N191FP,Q9,GENERAL ATOMICS MQ-9 Reaper,L1T,L
A16D6D,N191RV,P32R,PIPER PA-32R-300/301/301T,L1P,L
A16E6D,N1911R,BALL,,B0-,-
A16F6D,N19182,FA24,FAIRCHILD F-24 Argus,L1P,L
A1706D,N192JM,M20P,MOONEY M-20,L1P,L
A1796D,N1940P,PA22,PIPER PA-22,L1P,L
A17B6D,N195H,C195,CESSNA 195,L1P,L
A1896D,N19881,C172,CESSNA 172 Skyhawk,L1P,L
A18C6D,N1993T,P28R,PIPER PA-28R-180/200/201,L1P,L
A1906D,N20HV,,,,
A1926D,N200EF,P28R,PIPER PA-28R-180/200/201,L1P,L
A1946D,N2000T,BALL,,B0-,-
A1956D,N20074,C172,CESSNA 172 Skyhawk,L1P,L
A1966D,N201HD,WAIX,SONEX Waiex,L1P,L
A1976D,N201TK,M20P,MOONEY M-20,L1P,L
A1986D,N2012W,BE35,BEECH 35 Starfire Bonanza,L1P,L
A1996D,N20197,C172,CESSNA 172 Skyhawk,L1P,L
A19A6D,N202LB,COUG,ACRO SPORT Cougar,L1P,L
A1A46D,N20485,C172,CESSNA 172 Skyhawk,L1P,L
A1A56D,N205JQ,E75L,EMBRAER ERJ-170-200 (long wing),L2J,M
A1A66D,N205UW,B752,BOEING 757-200,L2J,M
A1A76D,N2053X,C182,CESSNA 182 Skylane,L1P,L
A1A86D,N206BG,B06,BELL 206 JetRanger,H1T,L
A1A96D,N206MN,T206,CESSNA T206 Turbo Stationair,L1P,L
A1AE6D,N2070S,T210,CESSNA T210 Turbo Centurion,L1P,L
A1AF6D,N20773,C172,CESSNA 172 Skyhawk,L1P,L
A1B06D,N208HC,H25B,HAWKER BEECHCRAFT Hawker 750/850,L2J,M
A1B36D,N20896,BE36,BEECH 36 Bonanza,L1P,L
A1B46D,N209LA,AT8T,AIR TRACTOR AT-802,L1T,M
A1B66D,N2094Y,C172,CESSNA 172 Skyhawk,L1P,L
A1B76D,N21CT,P210,CESSNA P210 Centurion,L1P,L
A1B96D,N21ZE,SR20,CIRRUS SR-20,L1P,L
A1BA6D,N210KK,P210,CESSNA P210 Centurion,L1P,L
A1BD6D,N211CB,RV9,VANS RV-9,L1P,L
A1BF6D,N211YP,GLAS,Glasair,L1P,L
A1C06D,N2116K,PARA,,P0-,-
A1C16D,N212F,P28A,PIPER PA-28-140/150/160/180,L1P,L
A1C46D,N2128N,C140,CESSNA 140,L1P,L
A1C66D,N213UD,RV12,VANS RV-12,L1P,L
A1C76D,N2133E,CH7A,BELLANCA 7 Champion,L1P,L
A1CB6D,N2145H,BALL,,B0-,-
A1CE6D,N2150,C208,CESSNA 208 Caravan,L1T,L
A1CF6D,N2157L,M20P,MOONEY M-20,L1P,L
A1D06D,N216GL,S22T,CIRRUS SR-22T Turbo,L1P,L
A1D76D,N218CA,FA20,DASSAULT Falcon 200,L2J,M
A1DA6D,N2186J,M20P,MOONEY M-20,L1P,L
A1DE6D,N2198M,J3,PIPER J-3 Cub,L1P,L
A1E46D,N22076,C150,CESSNA 150,L1P,L
A1E56D,N221HF,UH1,BELL UH-1 Huey,H1T,L
A1E66D,N221TM,RV4,VANS RV-4,L1P,L
A1E76D,N2212Y,C177,CESSNA  177 Cardinal,L1P,L
A1E86D,N22199,P28A,PIPER PA-28-140/150/160/180,L1P,L
A1E96D,N222LD,SR22,CIRRUS SR-22,L1P,L
A1EA6D,N222WK,C337,CESSNA 337 Super Skymaster,L2P,L
A1EC6D,N223CW,S22T,CIRRUS SR-22T Turbo,L1P,L
A1ED6D,N223PB,C402,CESSNA 402 Businessliner,L2P,L
A1EF6D,N22364,AR50,AERONCA 50 Chief,L1P,L
A1F16D,N224S,BE95,BEECH 95 Travel Air,L2P,L
A1F26D,N2241W,P28A,PIPER PA-28-140/150/160/180,L1P,L
A1F36D,N22487,C150,CESSNA 150,L1P,L
A1F46D,N225JS,C172,CESSNA 172 Skyhawk,L1P,L
A1F76D,N226BJ,RV6,VANS RV-6,L1P,L
A1FA6D,N22652,TAYB,TAYLORCRAFT BC/BF/BL,L1P,L
A1FD6D,N2270U,BRB2,BRANTLY B-2,H1P,L
A2066D,N23CV,EAGL,CHRISTEN Eagle,L1P,L
A2076D,N23PA,GA6C,GULFSTREAM G600,L2J,M
A20B6D,N2304J,BALL,,B0-,-
A20C6D,N231CD,SR20,CIRRUS SR-20,L1P,L
A20F6D,N2316M,PA12,PIPER PA-12 Super Cruiser,L1P,L
A2126D,N2321D,BALL,,B0-,-
A2146D,N233J,,,,
A2176D,N234AS,RV7,VANS RV-7,L1P,L
A21D6D,N2350B,,,,
A21E6D,N2357N,BE36,BEECH 36 Bonanza,L1P,L
A2256D,N2374H,ERCO,AIR PRODUCTS F-1 Aircoupe,L1P,L
A2346D,N241HH,BE36,BEECH 36 Bonanza,L1P,L
A2366D,N24120,FNKB,FUNK B,L1P,L
A2376D,N242A,AS50,AEROSPATIALE AS-350 Ecureuil,H1T,L
A2386D,N242LF,BE9T,BEECH F90 King Air,L2T,L
A2416D,N2441Y,T206,CESSNA T206 Turbo Stationair,L1P,L
A2496D,N24654,J3,PIPER J-3 Cub,L1P,L
A24A6D,N247EJ,C560,CESSNA 560 Citation Ultra,L2J,M
A24D6D,N24777,J3,PIPER J-3 Cub,L1P,L
A2516D,N249,WAIX,SONEX Waiex,L1P,L
A2536D,N249WL,BE33,BEECH 33 Bonanza,L1P,L
A2556D,N25CX,PA46,PIPER PA-46-310/350,L1P,L
A2566D,N25PC,C240,CESSNA 240 Corvalis TTx,L1P,L
A25A6D,N2504L,C172,CESSNA 172 Skyhawk,L1P,L
A25B6D,N251CF,BE20,BEECH 200 Super King Air,L2T,M
A25E6D,N2516P,PA22,PIPER PA-22,L1P,L
A2606D,N252RK,M20P,MOONEY M-20,L1P,L
A2616D,N2521F,,,,
A2626D,N2528S,PA18,PIPER PA-18 Super Cub,L1P,L
A2636D,N253JB,,,,
A2696D,N2545M,PA12,PIPER PA-12 Super Cruiser,L1P,L
A26A6D,N255DS,PA32,PIPER PA-32,L1P,L
A26F6D,N256SW,B47G,BELL 47G,H1P,L
A2716D,N2569T,ULAC,,L0-,-
A2746D,N2574K,,,,
A2786D,N2586N,C120,CESSNA 120,L1P,L
A27B6D,N2591E,CH7A,BELLANCA 7 Champion,L1P,L
A27C6D,N2598R,P28A,PIPER PA-28-140/150/160/180,L1P,L
A27F6D,N260EM,T18,THORP Tiger,L1P,L
A2816D,N2600Z,PA18,PIPER PA-18 Super Cub,L1P,L
A2856D,N26122,AA5,AMERICAN AA-5 Tiger,L1P,L
A2866D,N262AB,GLAS,Glasair,L1P,L
A2876D,N262LH,H269,HUGHES Sky Knight,H1P,L
A28D6D,N26368,AA5,AMERICAN AA-5 Tiger,L1P,L
A2906D,N26410,AA5,AMERICAN AA-5 Tiger,L1P,L
A2926D,N265JW,ULAC,,L0-,-
A2946D,N26533,C421,CESSNA 421 Executive Commuter,L2P,L
A2956D,N266BN,BL17,BELLANCA 17 Viking,L1P,L
A2976D,N266Y,PTS1,PITTS S-1 Special,L1P,L
A29B6D,N2670Y,C180,CESSNA  180 Skywagon,L1P,L
A29F6D,N26821,AA5,AMERICAN AA-5 Tiger,L1P,L
A2A06D,N269AA,H25B,HAWKER BEECHCRAFT Hawker 750/850,L2J,M
A2A16D,N269LG,PC12,PILATUS PC-12,L1T,L
A2A26D,N269WN,B737,BOEING 737-700,L2J,M
A2A36D,N26944,AA5,AMERICAN AA-5 Tiger,L1P,L
A2A56D,N27PE,BE24,BEECH 24 Sierra,L1P,L
A2A66D,N27ZL,AS29,SCHLEICHER ASG-29,L1P,L
A2A96D,N2704N,C335,CESSNA 335,L2P,L
A2AF6D,N272RM,GLST,GLASAIR SH-4 GlaStar,L1P,L
A2B06D,N2721H,GLID,,L0-,-
A2B16D,N2728U,C172,CESSNA 172 Skyhawk,L1P,L
A2B46D,N2733L,C172,CESSNA 172 Skyhawk,L1P,L
A2B56D,N274AW,B212,BELL 212,H2T,L
A2B66D,N274MB,C421,CESSNA 421 Executive Commuter,L2P,L
A2B86D,N2745P,RV9,VANS RV-9,L1P,L
A2BE6D,N276SY,E75L,EMBRAER ERJ-170-200 (long wing),L2J,M
A2C56D,N278NN,E75L,EMBRAER ERJ-170-200 (long wing),L2J,M
A2C86D,N279FE,B763,BOEING 767-300,L2J,H
A2CA6D,N2791G,C182,CESSNA 182 Skylane,L1P,L
A2CB6D,N2798T,BE35,BEECH 35 Starfire Bonanza,L1P,L
A2D06D,N28001,J3,PIPER J-3 Cub,L1P,L
A2D36D,N281TT,T28,NORTH AMERICAN T-28,L1P,L
A2D46D,N28124,J5,PIPER J-5 Cub Cruiser,L1P,L
A2D56D,N282AD,B738,BOEING 737-800,L2J,M
A2D86D,N28247,AA5,AMERICAN AA-5 Tiger,L1P,L
A2DA6D,N283PH,GLF5,GULFSTREAM 5,L2J,M
A2DC6D,N2837,SA7,STITS Sky-Coupe,L1P,L
A2DD6D,N284G,PC12,PILATUS PC-12,L1T,L
A2DF6D,N28412,L8,LUSCOMBE 8,L1P,L
A2E06D,N2849C,CH70,ZENAIR CH-701 Stol,L1P,L
A2E76D,N28658,AA5,AMERICAN AA-5 Tiger,L1P,L
A2EA6D,N28700,,,,
A2EC6D,N288HL,C560,CESSNA 560 Citation Ultra,L2J,M
A2ED6D,N288TS,SR20,CIRRUS SR-20,L1P,L
A2EE6D,N28823,L8,LUSCOMBE 8,L1P,L
A2F36D,N29DA,BE58,BEECH 58 Baron,L2P,L
A2F46D,N29PG,DA40,DIAMOND DA-40 Club Star,L1P,L
A2F86D,N2904Q,C185,CESSNA 185 Skywagon,L1P,L
A2FC6D,N2916T,M200,NORTH AMERICAN ROCKWELL Commander 200,L1P,L
A2FF6D,N2921K,L8,LUSCOMBE 8,L1P,L
A3006D,N2928W,B06,BELL 206 JetRanger,H1T,L
A3016D,N293JF,SREY,PROGRESSIVE AERODYNE SeaRey,A1P,L
A3036D,N2933N,C140,CESSNA 140,L1P,L
A3076D,N2945R,P28R,PIPER PA-28R-180/200/201,L1P,L
A30D6D,N296T,PA18,PIPER PA-18 Super Cub,L1P,L
A30E6D,N2962L,M20P,MOONEY M-20,L1P,L
A3106D,N297KS,DRON,,D0-,-
A3126D,N2974P,PA22,PIPER PA-22,L1P,L
A3136D,N298CJ,C25B,CESSNA 525B Citation CJ3,L2J,L
A3166D,N2986S,C150,CESSNA 150,L1P,L
A3176D,N299FG,F900,DASSAULT Falcon 900,L3J,M
A3196D,N2991J,C150,CESSNA 150,L1P,L
A31C6D,N3UL,CH60,ZENAIR CH-600 Zodiac,L1P,L
A31D6D,N30ER,,,,
A31F6D,N300BB,C25C,CESSNA 525C Citation CJ4,L2J,M
A3206D,N300MH,GLID,,L0-,-
A3236D,N301E,SX30,SWEARINGEN SX-300,L1P,L
A3256D,N3010M,PA12,PIPER PA-12 Super Cruiser,L1P,L
A3286D,N302TD,SR22,CIRRUS SR-22,L1P,L
A32C6D,N303WB,,,,
A32D6D,N3034T,C320,CESSNA 320 Skyknight,L2P,L
A3306D,N304Z,BE35,BEECH 35 Starfire Bonanza,L1P,L
A3326D,N305FL,,,,
A3336D,N305RS,C172,CESSNA 172 Skyhawk,L1P,L
A3346D,N3051N,P28A,PIPER PA-28-140/150/160/180,L1P,L
A3356D,N3058Z,PA22,PIPER PA-22,L1P,L
A3386D,N3063R,P28R,PIPER PA-28R-180/200/201,L1P,L
A3396D,N307BA,CH60,ZENAIR CH-600 Zodiac,L1P,L
A33A6D,N307MG,E55P,EMBRAER EMB-505 Phenom 300,L2J,M
A33C6D,N3075U,H269,HUGHES Sky Knight,H1P,L
A3406D,N3087X,BALL,,B0-,-
A3426D,N309TC,A169,AGUSTA AW-169,H2T,L
A3446D,N30990,C177,CESSNA  177 Cardinal,L1P,L
A3466D,N31WA,,,,
A3486D,N310SM,SR22,CIRRUS SR-22,L1P,L
A34A6D,N3109J,C150,CESSNA 150,L1P,L
A34D6D,N3114A,P32T,PIPER PA-32RT-300/300T,L1P,L
A34E6D,N312BW,,,,
A3516D,N3126D,C180,CESSNA  180 Skywagon,L1P,L
A3586D,N31429,RV6,VANS RV-6,L1P,L
A35B6D,N315WW,SH36,SHORT 360,L2T,M
A35C6D,N3155B,M7,MAULE M-7,L1P,L
A35D6D,N316DG,P32R,PIPER PA-32R-300/301/301T,L1P,L
A36B6D,N3196C,C180,CESSNA  180 Skywagon,L1P,L
A36C6D,N32ET,S22T,CIRRUS SR-22T Turbo,L1P,L
A36F6D,N320MK,GLF2,GULFSTREAM 2,L2J,M
A3716D,N3205X,C150,CESSNA 150,L1P,L
A3726D,N321EB,RV8,VANS RV-8,L1P,L
A3756D,N32170,P28A,PIPER PA-28-140/150/160/180,L1P,L
A3766D,N322H,BE17,BEECH 17 Staggerwing,L1P,L
A3796D,N32293,P28A,PIPER PA-28-140/150/160/180,L1P,L
A37B6D,N323WD,SR22,CIRRUS SR-22,L1P,L
A3846D,N32581,J3,PIPER J-3 Cub,L1P,L
A3856D,N326JL,RV10,VANS RV-10,L1P,L
A3866D,N326US,A320,AIRBUS A-320,L2J,M
A3886D,N327BC,,,,
A3896D,N327MJ,,,,
A38E6D,N3280N,J3,PIPER J-3 Cub,L1P,L
A38F6D,N3287Z,PA18,PIPER PA-18 Super Cub,L1P,L
A3976D,N330SP,G280,GULFSTREAM G280,L2J,M
A39E6D,N332ND,P28A,PIPER PA-28-140/150/160/180,L1P,L
A3A06D,N3326F,C182,CESSNA 182 Skylane,L1P,L
A3A16D,N333EW,P28R,PIPER PA-28R-180/200/201,L1P,L
A3A26D,N333RB,BE50,BEECH 50 Excalibur,L2P,L
A3A66D,N334U,BE33,BEECH 33 Bonanza,L1P,L
A3A86D,N335AL,ALIG,ARION LS-1 Lightning,L1P,L
A3AD6D,N336PQ,CRJ9,BOMBARDIER Regional Jet CRJ-900,L2J,M
A3B06D,N337GG,C337,CESSNA 337 Super Skymaster,L2P,L
A3B26D,N33719,AR65,AERONCA 65 Super Chief,L1P,L
A3BA6D,N3396E,AR11,AERONCA 11 Chief,L1P,L
A3BB6D,N34EV,T34P,BEECH T-34 Mentor,L1P,L
A3BC6D,N34RA,PA30,PIPER PA-30 Twin Comanche,L2P,L
A3BD6D,N340BF,PTS2,PITTS S-2 Special,L1P,L
A3BF6D,N340XT,PA11,PIPER PA-11 Cub Special,L1P,L
A3C06D,N3405Z,PA22,PIPER PA-22,L1P,L
A3C36D,N3410R,C182,CESSNA 182 Skylane,L1P,L
A3C66D,N342TH,T34T,BEECH T-34C Turbo Mentor,L1T,L
A3C76D,N3422U,C182,CESSNA 182 Skylane,L1P,L
A3CB6D,N3434X,M20P,MOONEY M-20,L1P,L
A3CC6D,N344CS,DHC6,DE HAVILLAND DHC-6 Twin Otter,L2T,L
A3CF6D,N34460,B739,BOEING 737-900,L2J,M
A3D16D,N345RW,ZZZZ,,-0-,-
A3D26D,N3451S,C182,CESSNA 182 Skylane,L1P,L
A3D66D,N3463V,M7,MAULE M-7,L1P,L
A3DA6D,N3475Y,C180,CESSNA  180 Skywagon,L1P,L
A3DD6D,N3480Q,P28A,PIPER PA-28-140/150/160/180,L1P,L
A3E06D,N349TG,MONI,MONNETT Moni,L1P,L
A3E16D,N3492T,C177,CESSNA  177 Cardinal,L1P,L
A3E46D,N35WE,RV7,VANS RV-7,L1P,L
A3E76D,N3502B,BE35,BEECH 35 Starfire Bonanza,L1P,L
A3E86D,N3509N,,,,
A3EB6D,N3514E,AR11,AERONCA 11 Chief,L1P,L
A3EC6D,N352C,PA11,PIPER PA-11 Cub Special,L1P,L
A3EF6D,N3526H,M20P,MOONEY M-20,L1P,L
A3F16D,N353RD,LNC2,LANCAIR 200-320,L1P,L
A3F26D,N3531,SA30,STOLP Starduster Too,L1P,L
A3F36D,N3538L,C172,CESSNA 172 Skyhawk,L1P,L
A3F66D,N3543C,C170,CESSNA 170,L1P,L
A3F96D,N355X,M5,MAULE M-5,L1P,L
A3FA6D,N3555F,C182,CESSNA 182 Skylane,L1P,L
A3FE6D,N3567J,C150,CESSNA 150,L1P,L
A4016D,N3572A,BE95,BEECH 95 Travel Air,L2P,L
A40B6D,N36RC,C182,CESSNA 182 Skylane,L1P,L
A40C6D,N360BH,LNC2,LANCAIR 200-320,L1P,L
A40D6D,N360MP,B350,BEECHCRAFT Super King Air 350,L2T,M
A4136D,N36174,CH7A,BELLANCA 7 Champion,L1P,L
A4166D,N3622W,GLID,,L0-,-
A4176D,N36297,P32R,PIPER PA-32R-300/301/301T,L1P,L
A4196D,N363WH,S22T,CIRRUS SR-22T Turbo,L1P,L
A41C6D,N364P,BT36,BEECH B36TC Bonanza,L1P,L
A41E6D,N36462,PA32,PIPER PA-32,L1P,L
A4216D,N3651U,C182,CESSNA 182 Skylane,L1P,L
A4256D,N3663X,SS2P,ROCKWELL Thrush Commander,L1P,L
A4266D,N367BG,RV7,VANS RV-7,L1P,L
A4296D,N36750,S10,STINSON 10 Voyager,L1P,L
A42C6D,N3680S,C172,CESSNA 172 Skyhawk,L1P,L
A42E6D,N369HC,T210,CESSNA T210 Turbo Centurion,L1P,L
A42F6D,N369TJ,H500,HUGHES 500,H1T,L
A4316D,N36996,AR6T,AERONCA 65 Tandem,L1P,L
A4356D,N370ST,SONX,SONEX AIRCRAFT Sonex,L1P,L
A4406D,N373RF,ULAC,,L0-,-
A4416D,N3731B,BE77,BEECH 77 Skipper,L1P,L
A4426D,N3738N,BE35,BEECH 35 Starfire Bonanza,L1P,L
A4456D,N3743E,CH7A,BELLANCA 7 Champion,L1P,L
A4496D,N3755H,M20P,MOONEY M-20,L1P,L
A44A6D,N376DN,A321,AIRBUS A-321,L2J,M
A44E6D,N377GL,C425,CESSNA 425 Corsair,L2T,L
A4506D,N3772C,AA5,AMERICAN AA-5 Tiger,L1P,L
A4556D,N379CA,CRJ7,BOMBARDIER Regional Jet CRJ-700,L2J,M
A45A6D,N38RE,PA31,PIPER PA-31-300/310/325/350/425,L2P,L
A4636D,N382HF,CRUZ,CSA PS-28 Cruiser,L1P,L
A46B6D,N384PB,FA20,DASSAULT Falcon 200,L2J,M
A46D6D,N38464,J3,PIPER J-3 Cub,L1P,L
A4716D,N38587,P28R,PIPER PA-28R-180/200/201,L1P,L
A4746D,N3863Z,EXEC,ROTORWAY Exec,H1P,L
A4786D,N38752,P32R,PIPER PA-32R-300/301/301T,L1P,L
A47C6D,N38875,P28R,PIPER PA-28R-180/200/201,L1P,L
A4856D,N3902F,C172,CESSNA 172 Skyhawk,L1P,L
A4866D,N3909S,C172,CESSNA 172 Skyhawk,L1P,L
A48E6D,N393FB,BE58,BEECH 58 Baron,L2P,L
A4906D,N3931D,C182,CESSNA 182 Skylane,L1P,L
A4916D,N3938Q,C172,CESSNA 172 Skyhawk,L1P,L
A49E6D,N397SU,R44,ROBINSON R-44 Raven,H1P,L
A49F6D,N3972E,T6,NORTH AMERICAN T-6 Texan,L1P,L
A4A06D,N3979R,P28A,PIPER PA-28-140/150/160/180,L1P,L
A4A16D,N398KL,SW4,SWEARINGEN Metro,L2T,M
A4A36D,N3984H,ERCO,AIR PRODUCTS F-1 Aircoupe,L1P,L
A4A46D,N399CC,PA11,PIPER PA-11 Cub Special,L1P,L
A4A76D,N3996L,PARA,,P0-,-
A4A86D,N4FA,C310,CESSNA 310,L2P,L
A4A96D,N4RG,C82T,CESSNA TR182 Turbo Skylane RG,L1P,L
A4AA6D,N40BM,MG15,MIKOYAN MiG-15,L1J,L
A4AB6D,N40MT,C180,CESSNA  180 Skywagon,L1P,L
A4AD6D,N400JD,BE40,BEECH 400 Beechjet,L2J,M
A4AE6D,N400UK,COL4,CESSNA 400 Corvalis TT,L1P,L
A4B16D,N401MB,PA23,PIPER PA-23,L2P,L
A4B56D,N402Q,AT3T,AIR TRACTOR AT-302/402,L1T,L
A4B66D,N4020F,C172,CESSNA 172 Skyhawk,L1P,L
A4B96D,N403SY,E75L,EMBRAER ERJ-170-200 (long wing),L2J,M
A4BB6D,N4039V,C170,CESSNA 170,L1P,L
A4BE6D,N4044M,PA12,PIPER PA-12 Super Cruiser,L1P,L
A4BF6D,N405CG,M20P,MOONEY M-20,L1P,L
A4C26D,N4056Q,ULAC,,L0-,-
A4C46D,N406RL,BE9L,BEECH 90 King Air,L2T,L
A4C56D,N4061G,AS50,AEROSPATIALE AS-350 Ecureuil,H1T,L
A4C76D,N407JC,BE36,BEECH 36 Bonanza,L1P,L
A4C96D,N4073K,,,,
A4D06D,N4090E,PA18,PIPER PA-18 Super Cub,L1P,L
A4D46D,N410DB,PULS,Pulsar,L1P,L
A4D56D,N410PH,B407,BELL 407,H1T,L
A4D86D,N411G,C310,CESSNA 310,L2P,L
A4D96D,N411SF,P32R,PIPER PA-32R-300/301/301T,L1P,L
A4DA6D,N41112,J3,PIPER J-3 Cub,L1P,L
A4DE6D,N41235,J3,PIPER J-3 Cub,L1P,L
A4E86D,N415TS,DA42,DIAMOND DA-42 Guardian,L2P,L
A4E96D,N41523,P28A,PIPER PA-28-140/150/160/180,L1P,L
A4EA6D,N416AC,RJ85,AVRO RJ-85 Avroliner,L4J,M
A4F16D,N41769,PA32,PIPER PA-32,L1P,L
A4F46D,N41811,CH7B,BELLANCA 7 Citabria,L1P,L
A4F56D,N4189B,AC50,NORTH AMERICAN ROCKWELL Commander 500,L2P,L
A4F96D,N42BP,,,,
A4FA6D,N42MV,DA42,DIAMOND DA-42 Guardian,L2P,L
A4FE6D,N4203N,C140,CESSNA 140,L1P,L
A5006D,N421MD,C421,CESSNA 421 Executive Commuter,L2P,L
A5036D,N422DW,BE55,BEECH 55 Baron,L2P,L
A5056D,N4220H,M20P,MOONEY M-20,L1P,L
A5066D,N4227U,BLKS,AIRCRAFT SPRUCE Baby Lakes,L1P,L
A5086D,N423T,FBA2,FOUND FB-2 Bush Hawk,L1P,L
A50A6D,N4239X,SS2P,ROCKWELL Thrush Commander,L1P,L
A50D6D,N4244P,AT8T,AIR TRACTOR AT-802,L1T,M
A5146D,N4261J,P28A,PIPER PA-28-140/150/160/180,L1P,L
A51C6D,N4285Q,C172,CESSNA 172 Skyhawk,L1P,L
A5216D,N43GT,C441,CESSNA 441 Conquest,L2T,L
A5236D,N430DD,BE20,BEECH 200 Super King Air,L2T,M
A5296D,N43114,TAYB,TAYLORCRAFT BC/BF/BL,L1P,L
A52A6D,N4319E,PA38,PIPER PA-38 Tomahawk,L1P,L
A52D6D,N43237,P28A,PIPER PA-28-140/150/160/180,L1P,L
A5356D,N4348C,CH7A,BELLANCA 7 Champion,L1P,L
A5396D,N436AE,B06,BELL 206 JetRanger,H1T,L
A53C6D,N43648,P28A,PIPER PA-28-140/150/160/180,L1P,L
A53D6D,N437DC,RV4,VANS RV-4,L1P,L
A53E6D,N437PJ,LJ45,LEARJET 45,L2J,M
A5406D,N4377A,PA46,PIPER PA-46-310/350,L1P,L
A5436D,N43813,P28A,PIPER PA-28-140/150/160/180,L1P,L
A5446D,N4389D,PA46,PIPER PA-46-310/350,L1P,L
A5496D,N44MX,MU2,MITSUBISHI MU-2 Marquise,L2T,L
A54C6D,N440UP,B752,BOEING 757-200,L2J,M
A5516D,N4415T,KR2,RAND KR-2,L1P,L
A5546D,N4420K,P40,CURTISS P-40 Kittyhawk,L1P,L
A5556D,N4427W,BE35,BEECH 35 Starfire Bonanza,L1P,L
A55E6D,N445NS,,,,
A5636D,N4461L,C172,CESSNA 172 Skyhawk,L1P,L
A5676D,N4473P,PA23,PIPER PA-23,L2P,L
A5696D,N448ME,EC35,AIRBUS HELICOPTERS EC-135/635,H2T,L
A56B6D,N4485S,BE35,BEECH 35 Starfire Bonanza,L1P,L
A56E6D,N4490J,P28A,PIPER PA-28-140/150/160/180,L1P,L
A56F6D,N4497V,R44,ROBINSON R-44 Raven,H1P,L
A5706D,N45GV,C172,CESSNA 172 Skyhawk,L1P,L
A5716D,N45TA,BE35,BEECH 35 Starfire Bonanza,L1P,L
A5726D,N450DF,S2P,GRUMMAN S-2 Tracker,L2P,M
A5736D,N450PM,PA22,PIPER PA-22,L1P,L
A5756D,N4507D,BE35,BEECH 35 Starfire Bonanza,L1P,L
A5786D,N45116,AT3P,AIR TRACTOR AT-301/401,L1P,L
A57C6D,N45239,N3N,NAVAL AIRCRAFT FACTORY N3N,L1P,L
A5806D,N4536B,AA5,AMERICAN AA-5 Tiger,L1P,L
A5836D,N45404,L8,LUSCOMBE 8,L1P,L
A5846D,N4548E,CH7A,BELLANCA 7 Champion,L1P,L
A5866D,N455TW,PA46,PIPER PA-46-310/350,L1P,L
A5876D,N45527,L8,LUSCOMBE 8,L1P,L
A58B6D,N4565,SE5A,RAF SE-5A Replica,L1P,L
A58F6D,N4577C,C170,CESSNA 170,L1P,L
A5926D,N45815,L8,LUSCOMBE 8,L1P,L
A5976D,N46BT,RAF2,ROTARY AIR FORCE RAF-2000,G1P,L
A59D6D,N461BB,P46T,PIPER PA-46-500TP,L1T,L
A5A36D,N4620M,PA11,PIPER PA-11 Cub Special,L1P,L
A5A46D,N4627Y,PA18,PIPER PA-18 Super Cub,L1P,L
A5A86D,N46391,C172,CESSNA 172 Skyhawk,L1P,L
A5AA6D,N464WB,RV4,VANS RV-4,L1P,L
A5AB6D,N4644T,,,,
A5AF6D,N4656W,AC11,NORTH AMERICAN ROCKWELL Commander 112/114,L1P,L
A5B46D,N467JJ,CH7A,BELLANCA 7 Champion,L1P,L
A5B66D,N4673R,P28A,PIPER PA-28-140/150/160/180,L1P,L
A5B76D,N468BA,A5,ICON A-5,A1P,L
A5C06D,N47TC,C210,CESSNA 201 Centurion,L1P,L
A5CB6D,N4724A,F86,NORTH AMERICAN F-86 Sabre,L1J,M
A5D26D,N47406,P28A,PIPER PA-28-140/150/160/180,L1P,L
A5D66D,N47529,,,,
A5E26D,N4789H,M20P,MOONEY M-20,L1P,L
A5E66D,N48BV,C550,CESSNA 550 Citation S2,L2J,L
A5EF6D,N4815X,C150,CESSNA 150,L1P,L
A5F36D,N48270,C152,CESSNA 152,L1P,L
A5F76D,N48393,TAYD,TAYLORCRAFT DC/DF/DL,L1P,L
A5FA6D,N4844V,C72R,CESSNA 172R Cutlass RG,L1P,L
A5FE6D,N4856Y,PA25,PIPER PA-25 Pawnee,L1P,L
A6006D,N486RU,ULAC,,L0-,-
A6066D,N488BC,B06,BELL 206 JetRanger,H1T,L
A6156D,N491SP,C172,CESSNA 172 Skyhawk,L1P,L
A6166D,N4912,F86,NORTH AMERICAN F-86 Sabre,L1J,M
A6176D,N4919L,P28A,PIPER PA-28-140/150/160/180,L1P,L
A6186D,N492KF,R66,ROBINSON R-66,H1T,L
A61A6D,N4924C,B47G,BELL 47G,H1P,L
A6256D,N4953A,C180,CESSNA  180 Skywagon,L1P,L
A6266D,N496AL,S22T,CIRRUS SR-22T Turbo,L1P,L
A62D6D,N4977G,C172,CESSNA 172 Skyhawk,L1P,L
A62E6D,N498GG,C208,CESSNA 208 Caravan,L1T,L
A6366D,N5NC,C525,CESSNA 525 CitationJet,L2J,L
A6386D,N50JP,RV6,VANS RV-6,L1P,L
A63A6D,N500F,FB1A,BOWERS Fly Baby 1A,L1P,L
A63B6D,N500RF,C310,CESSNA 310,L2P,L
A6446D,N5025H,PA11,PIPER PA-11 Cub Special,L1P,L
A6456D,N503DN,A359,AIRBUS A-350-900,L2J,H
A6486D,N5037L,,,,
A6496D,N504GL,BE58,BEECH 58 Baron,L2P,L
A64B6D,N5042C,BE35,BEECH 35 Starfire Bonanza,L1P,L
A64C6D,N5049P,PA24,PIPER PA-24 Comanche,L1P,L
A64F6D,N5054F,COY2,RANS Coyote 2,L1P,L
A6506D,N506CA,CRJ2,BOMBARDIER Regional Jet CRJ-200,L2J,M
A6566D,N5071A,C172,CESSNA 172 Skyhawk,L1P,L
A6576D,N5078M,P28B,PIPER PA-28-201T/235/236,L1P,L
A65F6D,N51DM,AC95,NORTH AMERICAN ROCKWELL Jetprop Commander 1000,L2T,L
A6606D,N51PT,P51,NORTH AMERICAN P-51 Mustang,L1P,L
A6656D,N511CW,C180,CESSNA  180 Skywagon,L1P,L
A6666D,N511PB,PA18,PIPER PA-18 Super Cub,L1P,L
A66A6D,N512S,T18,THORP Tiger,L1P,L
A66B6D,N5121W,P28A,PIPER PA-28-140/150/160/180,L1P,L
A66C6D,N51287,C150,CESSNA 150,L1P,L
A66D6D,N513JS,,,,
A6716D,N514MQ,A320,AIRBUS A-320,L2J,M
A6766D,N5150U,C72R,CESSNA 172R Cutlass RG,L1P,L
A6796D,N516TL,RV7,VANS RV-7,L1P,L
A67E6D,N51740,M20P,MOONEY M-20,L1P,L
A6806D,N518PA,H500,HUGHES 500,H1T,L
A6826D,N51863,T18,THORP Tiger,L1P,L
A6856D,N5191V,T210,CESSNA T210 Turbo Centurion,L1P,L
A6866D,N51986,C162,CESSNA 162 Skycatcher,L1P,L
A6876D,N52JR,C421,CESSNA 421 Executive Commuter,L2P,L
A6896D,N520FB,E550,EMBRAER EMB-550 Praetor 600,L2J,M
A68A6D,N520RH,DRON,,D0-,-
A68B6D,N5201D,M20P,MOONEY M-20,L1P,L
A68C6D,N5208Q,C150,CESSNA 150,L1P,L
A68F6D,N5213G,O1,CESSNA 305/341 Bird Dog,L1P,L
A69A6D,N5242E,C180,CESSNA  180 Skywagon,L1P,L
A69B6D,N5249R,C172,CESSNA 172 Skyhawk,L1P,L
A69F6D,N526CC,PA11,PIPER PA-11 Cub Special,L1P,L
A6A26D,N5266L,C152,CESSNA 152,L1P,L
A6A56D,N5271C,BE35,BEECH 35 Starfire Bonanza,L1P,L
A6A66D,N5278P,PA24,PIPER PA-24 Comanche,L1P,L
A6B06D,N530A,,,,
A6B36D,N53043,,,,
A6B96D,N532SB,,,,
A6BB6D,N53289,C172,CESSNA 172 Skyhawk,L1P,L
A6C66D,N53577,C172,CESSNA 172 Skyhawk,L1P,L
A6CD6D,N53742,C172,CESSNA 172 Skyhawk,L1P,L
A6CF6D,N538PC,C180,CESSNA  180 Skywagon,L1P,L
A6D16D,N53865,CH7B,BELLANCA 7 Citabria,L1P,L
A6D56D,N53988,CH7A,BELLANCA 7 Champion,L1P,L
A6D66D,N54JT,,,,
A6DC6D,N541JB,C82R,CESSNA R182 Skylane RG,L1P,L
A6E06D,N542M,H25B,HAWKER BEECHCRAFT Hawker 750/850,L2J,M
A6E26D,N5425M,BE23,BEECH 23 Sundowner,L1P,L
A6E56D,N5430D,BE35,BEECH 35 Starfire Bonanza,L1P,L
A6E66D,N5437Q,C150,CESSNA 150,L1P,L
A6E86D,N544SW,P28A,PIPER PA-28-140/150/160/180,L1P,L
A6EA6D,N5449T,C172,CESSNA 172 Skyhawk,L1P,L
A6ED6D,N5454K,C172,CESSNA 172 Skyhawk,L1P,L
A6F86D,N5483H,PA18,PIPER PA-18 Super Cub,L1P,L
A6FD6D,N55DR,CH75,ZENAIR CH-750 Cruzer,L1P,L
A6FF6D,N550AB,C550,CESSNA 550 Citation S2,L2J,L
A7016D,N550WP,C182,CESSNA 182 Skylane,L1P,L
A7036D,N551D,P51,NORTH AMERICAN P-51 Mustang,L1P,L
A7126D,N555EL,R44,ROBINSON R-44 Raven,H1P,L
A7136D,N555QS,C56X,CESSNA 560XL Citation XLS,L2J,M
A7146D,N5550Y,T210,CESSNA T210 Turbo Centurion,L1P,L
A7156D,N55579,VALI,CONVAIR Valiant,L1P,L
A7186D,N55621,P28A,PIPER PA-28-140/150/160/180,L1P,L
A71B6D,N557WN,B737,BOEING 737-700,L2J,M
A7226D,N559SC,CRUZ,CSA PS-28 Cruiser,L1P,L
A7246D,N5599,,,,
A7256D,N56JV,,,,
A7266D,N56VA,RV10,VANS RV-10,L1P,L
A7276D,N560FF,C560,CESSNA 560 Citation Ultra,L2J,M
A7286D,N560RM,C560,CESSNA 560 Citation Ultra,L2J,M
A7296D,N5601H,PA16,PIPER PA-16 Clipper,L1P,L
A72A6D,N5608U,P28A,PIPER PA-28-140/150/160/180,L1P,L
A72D6D,N5613L,G2T1,GREAT LAKES 2T-1,L1P,L
A72E6D,N562AW,TBM7,SOCATA TBM-700A/B/C,L1T,L
A7346D,N5630F,P28A,PIPER PA-28-140/150/160/180,L1P,L
A7356D,N5637S,BE35,BEECH 35 Starfire Bonanza,L1P,L
A7386D,N5642J,C188,CESSNA 188 AgTruck,L1P,L
A73E6D,N566NN,CRJ9,BOMBARDIER Regional Jet CRJ-900,L2J,M
A7416D,N567FE,DC10,MCDONNELL DOUGLAS DC-10,L3J,H
A7426D,N567RL,,,,
A7436D,N5671G,M5,MAULE M-5,L1P,L
A7456D,N568JC,C560,CESSNA 560 Citation Ultra,L2J,M
A7496D,N569MA,K35R,BOEING KC-135R/T Stratotanker,L4J,H
A74C6D,N57DT,T206,CESSNA T206 Turbo Stationair,L1P,L
A7566D,N572G,C182,CESSNA 182 Skylane,L1P,L
A75C6D,N57335,P28A,PIPER PA-28-140/150/160/180,L1P,L
A7606D,N57458,CH7B,BELLANCA 7 Citabria,L1P,L
A76B6D,N57746,PA36,PIPER PA-36 Pawnee Brave,L1P,L
A76F6D,N57869,B753,BOEING 757-300,L2J,M
A7726D,N57911,,,,
A7796D,N5808W,P28A,PIPER PA-28-140/150/160/180,L1P,L
A77E6D,N582MD,,,,
A7816D,N583DW,C421,CESSNA 421 Executive Commuter,L2P,L
A7836D,N5830H,S2P,GRUMMAN S-2 Tracker,L2P,M
A7846D,N5837U,P28A,PIPER PA-28-140/150/160/180,L1P,L
A7866D,N584T,GLID,,L0-,-
A7876D,N5842L,AA5,AMERICAN AA-5 Tiger,L1P,L
A7896D,N585KS,C550,CESSNA 550 Citation S2,L2J,L
A7936D,N5878V,P28A,PIPER PA-28-140/150/160/180,L1P,L
A7986D,N589MC,CL30,BOMBARDIER BD-100 Challenger 300,L2J,M
A79A6D,N5895Q,M20P,MOONEY M-20,L1P,L
A79E6D,N590LM,DRON,,D0-,-
A7A06D,N59049,T210,CESSNA T210 Turbo Centurion,L1P,L
A7A46D,N5917B,C182,CESSNA 182 Skylane,L1P,L
A7A56D,N592GB,C25B,CESSNA 525B Citation CJ3,L2J,L
A7A86D,N5929E,C150,CESSNA 150,L1P,L
A7B26D,N59502,,,,
A7B66D,N59625,J3,PIPER J-3 Cub,L1P,L
A7BE6D,N5987A,C172,CESSNA 172 Skyhawk,L1P,L
A7C36D,N6JZ,PA32,PIPER PA-32,L1P,L
A7C76D,N600BW,C560,CESSNA 560 Citation Ultra,L2J,M
A7C86D,N600NB,GLEX,BOMBARDIER BD-700 Global 6000/6500,L2J,M
A7CA6D,N6006D,BE76,BEECH 76 Duchess,L2P,L
A7CD6D,N60106,BE23,BEECH 23 Sundowner,L1P,L
A7D16D,N60229,C150,CESSNA 150,L1P,L
A7D56D,N6035B,BE35,BEECH 35 Starfire Bonanza,L1P,L
A7D96D,N6047E,BE35,BEECH 35 Starfire Bonanza,L1P,L
A7DB6D,N605SL,,,,
A7DD6D,N6059H,P28A,PIPER PA-28-140/150/160/180,L1P,L
A7E26D,N607NA,DHC6,DE HAVILLAND DHC-6 Twin Otter,L2T,L
A7E46D,N6076C,C162,CESSNA 162 Skycatcher,L1P,L
A7E76D,N60805,,,,
A7E86D,N6088F,AC11,NORTH AMERICAN ROCKWELL Commander 112/114,L1P,L
A7EA6D,N609TX,AS50,AEROSPATIALE AS-350 Ecureuil,H1T,L
A7EC6D,N61AH,HUSK,CHRISTEN Husky,L1P,L
A7ED6D,N61LP,BE36,BEECH 36 Bonanza,L1P,L
A7F56D,N6114V,BE35,BEECH 35 Starfire Bonanza,L1P,L
A7F96D,N6126Y,T210,CESSNA T210 Turbo Centurion,L1P,L
A7FF6D,N614US,RV14,VANS RV-14,L1P,L
A8006D,N6143T,C182,CESSNA 182 Skylane,L1P,L
A8046D,N6155W,VEZE,RUTAN VariEze,L1P,L
A8076D,N6160N,C210,CESSNA 201 Centurion,L1P,L
A8086D,N6167Z,PARA,,P0-,-
A8106D,N619CP,DRON,,D0-,-
A8136D,N6196X,C82S,CESSNA T182 Turbo Skylane,L1P,L
A8146D,N62FM,B06,BELL 206 JetRanger,H1T,L
A8156D,N62RT,PA18,PIPER PA-18 Super Cub,L1P,L
A81A6D,N621EW,C172,CESSNA 172 Skyhawk,L1P,L
A81D6D,N6218J,P28A,PIPER PA-28-140/150/160/180,L1P,L
A8286D,N6247G,C150,CESSNA 150,L1P,L
A82F6D,N6264B,BE33,BEECH 33 Bonanza,L1P,L
A8356D,N628RA,HUSK,CHRISTEN Husky,L1P,L
A8366D,N62807,PA23,PIPER PA-23,L2P,L
A8376D,N6288H,J3,PIPER J-3 Cub,L1P,L
A83B6D,N63AK,BL8,BELLANCA 8 Decathlon,L1P,L
A8416D,N63095,C150,CESSNA 150,L1P,L
A8426D,N631L,B350,BEECHCRAFT Super King Air 350,L2T,M
A8486D,N63260,C150,CESSNA 150,L1P,L
A84A6D,N633RW,E170,EMBRAER ERJ-170-100,L2J,M
A84B6D,N6331S,BE33,BEECH 33 Bonanza,L1P,L
A8536D,N6355Y,PA23,PIPER PA-23,L2P,L
A8576D,N63671,C150,CESSNA 150,L1P,L
A8586D,N637HA,B06,BELL 206 JetRanger,H1T,L
A85A6D,N6372T,,,,
A85B6D,N63794,ST75,STEARMAN Kaydet,L1P,L
A85E6D,N6384W,P28A,PIPER PA-28-140/150/160/180,L1P,L
A8646D,N64RV,RV4,VANS RV-4,L1P,L
A8686D,N6406H,J3,PIPER J-3 Cub,L1P,L
A86F6D,PR-BSO,P28R,PIPER PA-28R-180/200/201,L1P,L
A8776D,N6447J,P28A,PIPER PA-28-140/150/160/180,L1P,L
A87A6D,N6452A,C182,CESSNA 182 Skylane,L1P,L
A8826D,N6476G,C172,CESSNA 172 Skyhawk,L1P,L
A8856D,N64809,B739,BOEING 737-900,L2J,M
A8866D,N6488K,RC3,REPUBLIC RC-3 Seabee,A1P,L
A8886D,N649UA,B763,BOEING 767-300,L2J,H
A8896D,N6493B,C172,CESSNA 172 Skyhawk,L1P,L
A88A6D,N65AM,C182,CESSNA 182 Skylane,L1P,L
A88B6D,N65LT,,,,
A88E6D,N650TK,SONX,SONEX AIRCRAFT Sonex,L1P,L
A88F6D,N6502W,P28A,PIPER PA-28-140/150/160/180,L1P,L
A8956D,N652P,PA18,PIPER PA-18 Super Cub,L1P,L
A89B6D,N65385,PARA,,P0-,-
A89E6D,N6543X,C210,CESSNA 201 Centurion,L1P,L
A8A26D,N65550,C152,CESSNA 152,L1P,L
A8A56D,N6560S,C150,CESSNA 150,L1P,L
A8A66D,N65673,C172,CESSNA 172 Skyhawk,L1P,L
A8AA6D,N65796,PARA,,P0-,-
A8AE6D,N659CT,S22T,CIRRUS SR-22T Turbo,L1P,L
A8B36D,N66RX,C182,CESSNA 182 Skylane,L1P,L
A8C36D,N664DN,B752,BOEING 757-200,L2J,M
A8CA6D,N6659P,PA24,PIPER PA-24 Comanche,L1P,L
A8CD6D,N6664F,C150,CESSNA 150,L1P,L
A8D16D,N6676J,P28A,PIPER PA-28-140/150/160/180,L1P,L
A8D36D,N668RE,,,,
A8D46D,N6681A,C172,CESSNA 172 Skyhawk,L1P,L
A8D56D,N6688M,S108,STINSON 108 Voyager,L1P,L
A8DF6D,N67099,B06,BELL 206 JetRanger,H1T,L
A8E36D,N672CW,,,,
A8E46D,N672PB,PC12,PILATUS PC-12,L1T,L
A8EA6D,N67387,C152,CESSNA 152,L1P,L
A8F86D,N6772X,C310,CESSNA 310,L2P,L
A8FC6D,N67840,C152,CESSNA 152,L1P,L
A8FE6D,N679PA,SF34,SAAB 340,L2T,M
A9036D,N680CD,P28A,PIPER PA-28-140/150/160/180,L1P,L
A9046D,N680NK,A321,AIRBUS A-321,L2J,M
A9066D,N6806M,S108,STINSON 108 Voyager,L1P,L
A90B6D,N682J,JAB2,JABIRU J160/170,L1P,L
A90D6D,N6823G,C150,CESSNA 150,L1P,L
A90E6D,N683AS,RV12,VANS RV-12,L1P,L
A9116D,N6835K,PA16,PIPER PA-16 Clipper,L1P,L
A9196D,N6859R,T210,CESSNA T210 Turbo Centurion,L1P,L
A91C6D,N6864H,C172,CESSNA 172 Skyhawk,L1P,L
A9216D,N688FA,C208,CESSNA 208 Caravan,L1T,L
A9246D,N6888P,PA24,PIPER PA-24 Comanche,L1P,L
A9276D,N6893F,P28A,PIPER PA-28-140/150/160/180,L1P,L
A9286D,N69AR,S22T,CIRRUS SR-22T Turbo,L1P,L
A92D6D,N69020,B772,BOEING 777-200,L2J,H
A9306D,N691WM,,,,
A9336D,N692PD,H500,HUGHES 500,H1T,L
A9396D,N69389,ST75,STEARMAN Kaydet,L1P,L
A93B6D,N694V,RV8,VANS RV-8,L1P,L
A94B6D,N69842,C310,CESSNA 310,L2P,L
A9506D,N7FV,RV7,VANS RV-7,L1P,L
A9516D,N7SA,TBM7,SOCATA TBM-700A/B/C,L1T,L
A9526D,N70CF,,,,
A9596D,N701MW,CH70,ZENAIR CH-701 Stol,L1P,L
A95E6D,N70200,C185,CESSNA 185 Skywagon,L1P,L
A95F6D,N7028A,C172,CESSNA 172 Skyhawk,L1P,L
A9626D,N70323,C172,CESSNA 172 Skyhawk,L1P,L
A9636D,N704AC,C150,CESSNA 150,L1P,L
A9646D,N704LJ,C150,CESSNA 150,L1P,L
A9666D,N70446,J3,PIPER J-3 Cub,L1P,L
A9676D,N705DA,SIRA,TECNAM P-2002 Sierra,L1P,L
A96E6D,N7069B,PA18,PIPER PA-18 Super Cub,L1P,L
A9756D,N70857,J3,PIPER J-3 Cub,L1P,L
A9786D,N7090Z,PA25,PIPER PA-25 Pawnee,L1P,L
A97E6D,N7100H,J3,PIPER J-3 Cub,L1P,L
A97F6D,N7107U,M20P,MOONEY M-20,L1P,L
A9826D,N7112L,AA5,AMERICAN AA-5 Tiger,L1P,L
A9846D,N712KS,ULAC,,L0-,-
A9866D,N7124P,PA24,PIPER PA-24 Comanche,L1P,L
A98A6D,N7136S,C150,CESSNA 150,L1P,L
A98B6D,N714FG,C150,CESSNA 150,L1P,L
A98C6D,N714RN,C150,CESSNA 150,L1P,L
A9916D,N7153M,C175,CESSNA 175 Skylark,L1P,L
A9936D,N716MC,C82T,CESSNA TR182 Turbo Skylane RG,L1P,L
A9946D,N716XJ,C750,CESSNA 750 Citation 10,L2J,M
A9986D,N7170G,C172,CESSNA 172 Skyhawk,L1P,L
A9A06D,N7194N,BE35,BEECH 35 Starfire Bonanza,L1P,L
A9A66D,N72037,L8,LUSCOMBE 8,L1P,L
A9A76D,N721BS,GLF4,GULFSTREAM 4,L2J,M
A9AA6D,N7216,,,,
A9AD6D,N72202,C140,CESSNA 140,L1P,L
A9AE6D,N7228C,,,,
A9B56D,N72448,PA18,PIPER PA-18 Super Cub,L1P,L
A9B96D,N7257A,C172,CESSNA 172 Skyhawk,L1P,L
A9BA6D,N726GA,GA7,DAHER-SOCATA TB-360 Tangara,L2P,L
A9C96D,N73HM,C421,CESSNA 421 Executive Commuter,L2P,L
A9CF6D,N731GW,BE40,BEECH 400 Beechjet,L2J,M
A9D06D,N731TB,C188,CESSNA 188 AgTruck,L1P,L
A9D16D,N7312N,C182,CESSNA 182 Skylane,L1P,L
A9D46D,N732W,RV8,VANS RV-8,L1P,L
A9D66D,N733CL,C172,CESSNA 172 Skyhawk,L1P,L
A9D86D,N733YY,C172,CESSNA 172 Skyhawk,L1P,L
A9DA6D,N734FJ,C172,CESSNA 172 Skyhawk,L1P,L
A9DB6D,N734RQ,C172,CESSNA 172 Skyhawk,L1P,L
A9DD6D,N7348X,C82R,CESSNA R182 Skylane RG,L1P,L
A9DE6D,N735JG,C182,CESSNA 182 Skylane,L1P,L
A9E16D,N736AZ,C172,CESSNA 172 Skyhawk,L1P,L
A9E46D,N7365S,C182,CESSNA 182 Skylane,L1P,L
A9E66D,N737QC,C172,CESSNA 172 Skyhawk,L1P,L
A9E76D,N7370J,P28A,PIPER PA-28-140/150/160/180,L1P,L
A9E86D,N7377V,RV7,VANS RV-7,L1P,L
A9E96D,N738GV,C172,CESSNA 172 Skyhawk,L1P,L
A9EB6D,N7382M,C175,CESSNA 175 Skylark,L1P,L
A9EC6D,N7389Y,PA30,PIPER PA-30 Twin Comanche,L2P,L
A9F76D,N741N,ZZZZ,,-0-,-
A9F96D,N7416B,BALL,,B0-,-
A9FF6D,N743TW,C172,CESSNA 172 Skyhawk,L1P,L
AA056D,N745DE,,,,
AA0B6D,N74615,AA5,AMERICAN AA-5 Tiger,L1P,L
AA0D6D,N747KA,C150,CESSNA 150,L1P,L
AA0E6D,N747VG,SRAI,GREAT PLAINS Sonerai,L1P,L
AA0F6D,N74738,M20P,MOONEY M-20,L1P,L
AA146D,N749ER,RV7,VANS RV-7,L1P,L
AA186D,N75HP,BT36,BEECH B36TC Bonanza,L1P,L
AA196D,N75TV,B06,BELL 206 JetRanger,H1T,L
AA1A6D,N750E,,,,
AA1C6D,N7500M,C175,CESSNA 175 Skylark,L1P,L
AA206D,N7512Q,C310,CESSNA 310,L2P,L
AA236D,N752WB,ULAC,,L0-,-
AA246D,N7524T,C172,CESSNA 172 Skyhawk,L1P,L
AA2F6D,N7553R,P28A,PIPER PA-28-140/150/160/180,L1P,L
AA376D,N7577X,C172,CESSNA 172 Skyhawk,L1P,L
AA3B6D,N75890,C172,CESSNA 172 Skyhawk,L1P,L
AA3C6D,N759KV,C182,CESSNA 182 Skylane,L1P,L
AA3E6D,N7594S,C182,CESSNA 182 Skylane,L1P,L
AA3F6D,N76CM,PA38,PIPER PA-38 Tomahawk,L1P,L
AA406D,N76NT,,,,
AA4A6D,N762R,CAMP,GREGA GN-1 Aircamper,L1P,L
AA4B6D,N76206,C140,CESSNA 140,L1P,L
AA5C6D,N767KC,C560,CESSNA 560 Citation Ultra,L2J,M
AA656D,N76905,C140,CESSNA 140,L1P,L
AA666D,N7698F,P28A,PIPER PA-28-140/150/160/180,L1P,L
AA686D,N77TX,T6,NORTH AMERICAN T-6 Texan,L1P,L
AA6B6D,N7700P,PA24,PIPER PA-24 Comanche,L1P,L
AA6D6D,N771H,GLID,,L0-,-
AA6F6D,N7712S,GLID,,L0-,-
AA7E6D,N7753T,C172,CESSNA 172 Skyhawk,L1P,L
AA7F6D,N776BC,HUSK,CHRISTEN Husky,L1P,L
AA826D,N7765W,P28A,PIPER PA-28-140/150/160/180,L1P,L
AA836D,N777EA,DC7,DOUGLAS DC-7 Seven Seas,L4P,M
AA856D,N7770N,P28A,PIPER PA-28-140/150/160/180,L1P,L
AA896D,N7782R,BE35,BEECH 35 Starfire Bonanza,L1P,L
AA8C6D,N779WC,SR22,CIRRUS SR-22,L1P,L
AA8D6D,N7794U,C150,CESSNA 150,L1P,L
AA956D,N781ND,PA44,PIPER PA-44 Seminole,L2P,L
AA966D,N781YK,DRON,,D0-,-
AA996D,N782RB,S22T,CIRRUS SR-22T Turbo,L1P,L
AA9E6D,N7833A,B737,BOEING 737-700,L2J,M
AAA26D,N7845D,PA22,PIPER PA-22,L1P,L
AAA66D,N7857G,C172,CESSNA 172 Skyhawk,L1P,L
AAA96D,N78619,PA11,PIPER PA-11 Cub Special,L1P,L
AAAD6D,N7874B,B737,BOEING 737-700,L2J,M
AAAE6D,N788BX,DRON,,D0-,-
AAB36D,N789RA,C172,CESSNA 172 Skyhawk,L1P,L
AAB46D,N78907,M20P,MOONEY M-20,L1P,L
AAB56D,N7898H,PA12,PIPER PA-12 Super Cruiser,L1P,L
AABB6D,N79072,C172,CESSNA 172 Skyhawk,L1P,L
AABE6D,N7912U,C172,CESSNA 172 Skyhawk,L1P,L
AABF6D,N79195,C172,CESSNA 172 Skyhawk,L1P,L
AAC06D,N792L,HUSK,CHRISTEN Husky,L1P,L
AAC66D,N79360,M20P,MOONEY M-20,L1P,L
AAC86D,N794RW,DRON,,D0-,-
AACD6D,N7953V,C180,CESSNA  180 Skywagon,L1P,L
AAD96D,N79894,C172,CESSNA 172 Skyhawk,L1P,L
AADC6D,N7994W,P28A,PIPER PA-28-140/150/160/180,L1P,L
AADD6D,N8CR,C182,CESSNA 182 Skylane,L1P,L
AADE6D,N8NX,BE20,BEECH 200 Super King Air,L2T,M
AAE16D,N80VP,LNCE,LANCAIR ES,L1P,L
AAE26D,N800FU,T210,CESSNA T210 Turbo Centurion,L1P,L
AAE46D,N8001W,P28A,PIPER PA-28-140/150/160/180,L1P,L
AAE56D,N80087,C172,CESSNA 172 Skyhawk,L1P,L
AAE66D,N801JS,C56X,CESSNA 560XL Citation XLS,L2J,M
AAEF6D,N8030U,,,,
AAF56D,N805LC,C550,CESSNA 550 Citation S2,L2J,L
AAFF6D,N80786,GC1,GLOBE Swift,L1P,L
AB006D,N808JR,SA50,STOLP Starlet,L1P,L
AB026D,N8083Y,P28B,PIPER PA-28-201T/235/236,L1P,L
AB046D,N809MP,S22T,CIRRUS SR-22T Turbo,L1P,L
AB066D,N80951,J3,PIPER J-3 Cub,L1P,L
AB0C6D,N8105K,G164,GRUMMAN G-164 Ag-Cat,L1P,L
AB0F6D,N8110B,P28B,PIPER PA-28-201T/235/236,L1P,L
AB136D,N8122E,UH1,BELL UH-1 Huey,H1T,L
AB186D,N814CC,CH75,ZENAIR CH-750 Cruzer,L1P,L
AB1B6D,N8146L,SR22,CIRRUS SR-22,L1P,L
AB1F6D,N8158P,P28R,PIPER PA-28R-180/200/201,L1P,L
AB226D,N8163F,BE36,BEECH 36 Bonanza,L1P,L
AB266D,N8175J,P28R,PIPER PA-28R-180/200/201,L1P,L
AB296D,N8180A,C170,CESSNA 170,L1P,L
AB2A6D,N8187M,C182,CESSNA 182 Skylane,L1P,L
AB2D6D,N8192D,PA18,PIPER PA-18 Super Cub,L1P,L
AB2E6D,N8199Q,C182,CESSNA 182 Skylane,L1P,L
AB316D,N820FW,SR22,CIRRUS SR-22,L1P,L
AB326D,N820SB,BALL,,B0-,-
AB336D,N8201Y,PA30,PIPER PA-30 Twin Comanche,L2P,L
AB366D,N821V,BE36,BEECH 36 Bonanza,L1P,L
AB376D,N82131,PA32,PIPER PA-32,L1P,L
AB396D,N822MS,SR22,CIRRUS SR-22,L1P,L
AB3E6D,N8230W,P28A,PIPER PA-28-140/150/160/180,L1P,L
AB3F6D,N82377,P28A,PIPER PA-28-140/150/160/180,L1P,L
AB406D,N824HG,BE40,BEECH 400 Beechjet,L2J,M
AB456D,N825WL,S61,SIKORSKY S-61 Sea King,H2T,M
AB466D,N82542,P32R,PIPER PA-32R-300/301/301T,L1P,L
AB4A6D,N82665,PA18,PIPER PA-18 Super Cub,L1P,L
AB4D6D,N8271X,C172,CESSNA 172 Skyhawk,L1P,L
AB4E6D,N82788,CH7A,BELLANCA 7 Champion,L1P,L
AB4F6D,N828JT,C77R,CESSNA 177RG Cardinal RG,L1P,L
AB516D,N82830,CH7A,BELLANCA 7 Champion,L1P,L
AB536D,N829MR,BE58,BEECH 58 Baron,L2P,L
AB556D,N82953,P28A,PIPER PA-28-140/150/160/180,L1P,L
AB596D,N830M,PA46,PIPER PA-46-310/350,L1P,L
AB5B6D,N8305M,C150,CESSNA 150,L1P,L
AB6A6D,N8346N,P28A,PIPER PA-28-140/150/160/180,L1P,L
AB6E6D,N8358R,P28A,PIPER PA-28-140/150/160/180,L1P,L
AB716D,N8363H,P28A,PIPER PA-28-140/150/160/180,L1P,L
AB766D,N838DR,FOX,KITFOX,L1P,L
AB786D,N8380C,P28A,PIPER PA-28-140/150/160/180,L1P,L
AB816D,N840SD,B06,BELL 206 JetRanger,H1T,L
AB836D,N8409A,P32R,PIPER PA-32R-300/301/301T,L1P,L
AB846D,N841JW,C172,CESSNA 172 Skyhawk,L1P,L
AB8A6D,N84256,C172,CESSNA 172 Skyhawk,L1P,L
AB8C6D,N843QS,C700,CESSNA 700 Citation Longitude,L2J,M
AB8D6D,N8430Y,PA30,PIPER PA-30 Twin Comanche,L2P,L
AB8E6D,N84379,C182,CESSNA 182 Skylane,L1P,L
AB916D,N84421,CH7A,BELLANCA 7 Champion,L1P,L
AB956D,N84544,C172,CESSNA 172 Skyhawk,L1P,L
AB996D,N84667,CH7A,BELLANCA 7 Champion,L1P,L
AB9D6D,N8479,SA7,STITS Sky-Coupe,L1P,L
AB9F6D,N848VA,A320,AIRBUS A-320,L2J,M
ABA06D,N84832,C172,CESSNA 172 Skyhawk,L1P,L
ABA86D,N850MB,TBM7,SOCATA TBM-700A/B/C,L1T,L
ABAD6D,N8510F,PA34,PIPER PA-34 Seneca,L2P,L
ABAE6D,N8517S,C182,CESSNA 182 Skylane,L1P,L
ABB16D,N8522J,C150,CESSNA 150,L1P,L
ABB56D,N8534M,BE35,BEECH 35 Starfire Bonanza,L1P,L
ABB76D,N854NN,B738,BOEING 737-800,L2J,M
ABB96D,N8546Q,T206,CESSNA T206 Turbo Stationair,L1P,L
ABBA6D,N855FE,C208,CESSNA 208 Caravan,L1T,L
ABBC6D,N8551G,,,,
ABC06D,N8563K,S108,STINSON 108 Voyager,L1P,L
ABC26D,N857MA,C208,CESSNA 208 Caravan,L1T,L
ABC76D,N8580E,P28A,PIPER PA-28-140/150/160/180,L1P,L
ABCF6D,N860G,SNS7,SORRELL Hiperbipe,L1P,L
ABD16D,N86012,AR11,AERONCA 11 Chief,L1P,L
ABD56D,N86135,AR11,AERONCA 11 Chief,L1P,L
ABD86D,N862YB,B407,BELL 407,H1T,L
ABDC6D,N86300,AR11,AERONCA 11 Chief,L1P,L
ABDD6D,N8638A,B738,BOEING 737-800,L2J,M
ABE16D,N865AC,P28A,PIPER PA-28-140/150/160/180,L1P,L
ABE56D,N866DA,B772,BOEING 777-200,L2J,H
ABE86D,N86669,SA3,STITS SA-3 Playboy,L1P,L
ABEB6D,N86711,CH7B,BELLANCA 7 Citabria,L1P,L
ABEF6D,N86834,CH7B,BELLANCA 7 Citabria,L1P,L
ABF36D,N86957,CH7B,BELLANCA 7 Citabria,L1P,L
ABF46D,N87EM,RV7,VANS RV-7,L1P,L
ABF96D,N8705R,GLID,,L0-,-
ABFD6D,N8717U,DRON,,D0-,-
ABFF6D,N872T,BE35,BEECH 35 Starfire Bonanza,L1P,L
AC006D,N8722L,B38M,BOEING 737 MAX 8,L2J,M
AC0F6D,N8763M,BE23,BEECH 23 Sundowner,L1P,L
AC136D,N8775Q,B38M,BOEING 737 MAX 8,L2J,M
AC176D,N8787T,C182,CESSNA 182 Skylane,L1P,L
AC186D,N879GT,C172,CESSNA 172 Skyhawk,L1P,L
AC1A6D,N8792K,C340,CESSNA 340 Super,L2P,L
AC1B6D,N8799W,P28B,PIPER PA-28-201T/235/236,L1P,L
AC206D,N88014,J3,PIPER J-3 Cub,L1P,L
AC226D,N881K,ULAC,,L0-,-
AC246D,N88137,J3,PIPER J-3 Cub,L1P,L
AC276D,N882YD,FA10,DASSAULT Falcon 100,L2J,M
AC2B6D,N88302,J3,PIPER J-3 Cub,L1P,L
AC2C6D,N8838C,PA22,PIPER PA-22,L1P,L
AC2F6D,N88425,CH7B,BELLANCA 7 Citabria,L1P,L
AC336D,N88548,J3,PIPER J-3 Cub,L1P,L
AC346D,N886DC,F900,DASSAULT Falcon 900,L3J,M
AC376D,N8867A,BE35,BEECH 35 Starfire Bonanza,L1P,L
AC386D,N887GA,MD83,MCDONNELL-DOUGLAS MD-83,L2J,M
AC396D,N887SG,LJ45,LEARJET 45,L2J,M
AC3B6D,N8879D,,,,
AC3C6D,N888JZ,T6,NORTH AMERICAN T-6 Texan,L1P,L
AC3D6D,N888VE,S22T,CIRRUS SR-22T Turbo,L1P,L
AC416D,N889YC,,,,
AC426D,N88959,GL7T,BOMBARDIER BD-700 Global 7000/7500,L2J,M
AC436D,N89EP,T210,CESSNA T210 Turbo Centurion,L1P,L
AC4B6D,N8910K,PA32,PIPER PA-32,L1P,L
AC4F6D,N8922N,PA32,PIPER PA-32,L1P,L
AC576D,N8946U,BE35,BEECH 35 Starfire Bonanza,L1P,L
AC5A6D,N8951L,AA1,AMERICAN AA-1,L1P,L
AC666D,N8987V,C172,CESSNA 172 Skyhawk,L1P,L
AC6B6D,N9KT,PA12,PIPER PA-12 Super Cruiser,L1P,L
AC6E6D,N90SK,RV7,VANS RV-7,L1P,L
AC6F6D,N900CQ,F900,DASSAULT Falcon 900,L3J,M
AC706D,N900NW,,,,
AC726D,N9006Y,BALL,,B0-,-
AC766D,N90181,,,,
AC796D,N9023T,C182,CESSNA 182 Skylane,L1P,L
AC7E6D,N904EA,TBM7,SOCATA TBM-700A/B/C,L1T,L
AC806D,N9040N,CAMP,GREGA GN-1 Aircamper,L1P,L
AC846D,N9052R,BALL,,B0-,-
AC896D,N907CP,C172,CESSNA 172 Skyhawk,L1P,L
AC8F6D,N9081P,PA24,PIPER PA-24 Comanche,L1P,L
AC936D,N9093S,P28A,PIPER PA-28-140/150/160/180,L1P,L
AC946D,N91BB,C25A,CESSNA 525A Citation CJ2,L2J,L
AC956D,N91MH,RV9,VANS RV-9,L1P,L
AC966D,N91XP,RV4,VANS RV-4,L1P,L
AC986D,N910U,EC30,AIRBUS HELICOPTERS EC-130,H1T,L
AC9A6D,N911AL,B407,BELL 407,H1T,L
AC9B6D,N911LS,B407,BELL 407,H1T,L
AC9C6D,N911WY,H500,HUGHES 500,H1T,L
AC9D6D,N9115D,PA18,PIPER PA-18 Super Cub,L1P,L
ACA26D,N913GG,,,,
ACA46D,N91319,PA38,PIPER PA-38 Tomahawk,L1P,L
ACA56D,N9139K,PA34,PIPER PA-34 Seneca,L2P,L
ACA86D,N9144B,C172,CESSNA 172 Skyhawk,L1P,L
ACAA6D,N915NC,RV9,VANS RV-9,L1P,L
ACAC6D,N9156E,AR11,AERONCA 11 Chief,L1P,L
ACAD6D,N916EV,CRJ2,BOMBARDIER Regional Jet CRJ-200,L2J,M
ACAE6D,N916RA,AT8T,AIR TRACTOR AT-802,L1T,M
ACAF6D,N91607,C182,CESSNA 182 Skylane,L1P,L
ACB46D,N918AK,B39M,BOEING 737 MAX 9,L2J,M
ACB76D,N9185C,PARA,,P0-,-
ACB86D,N919DH,,,,
ACBB6D,N9197F,AT8T,AIR TRACTOR AT-802,L1T,M
ACBC6D,N92GF,GYRO,,G0-,-
ACBD6D,N92SM,C500,CESSNA 500 Citation 1,L2J,L
ACC16D,N92060,J3,PIPER J-3 Cub,L1P,L
ACC56D,N92183,C182,CESSNA 182 Skylane,L1P,L
ACC86D,N9223V,M20P,MOONEY M-20,L1P,L
ACCA6D,N923ML,MM16,MAGNI M-16 Tandem Trainer,G1P,L
ACCC6D,N9235Y,PA31,PIPER PA-31-300/310/325/350/425,L2P,L
ACCF6D,N9240Q,PAY3,PIPER PA-42-720 Cheyenne 3,L2T,L
ACD36D,N9252T,,,,
ACD76D,N9264W,,,,
ACD86D,N927CR,S22T,CIRRUS SR-22T Turbo,L1P,L
ACDE6D,N9281R,C182,CESSNA 182 Skylane,L1P,L
ACE36D,N93BD,PA30,PIPER PA-30 Twin Comanche,L2P,L
ACE46D,N93MK,B06,BELL 206 JetRanger,H1T,L
ACE96D,N931AN,B738,BOEING 737-800,L2J,M
ACF46D,N9339M,M20P,MOONEY M-20,L1P,L
ACFE6D,N93609,ERCO,AIR PRODUCTS F-1 Aircoupe,L1P,L
ACFF6D,N9368K,S108,STINSON 108 Voyager,L1P,L
AD016D,N937UA,,,,
AD036D,N938AM,C550,CESSNA 550 Citation S2,L2J,L
AD046D,N938LT,PA44,PIPER PA-44 Seminole,L2P,L
AD0A6D,N9397H,C172,CESSNA 172 Skyhawk,L1P,L
AD0C6D,N94SP,CH70,ZENAIR CH-701 Stol,L1P,L
AD1B6D,N94350,PARA,,P0-,-
AD1F6D,N94473,PARA,,P0-,-
AD206D,N945HC,LJ45,LEARJET 45,L2J,M
AD226D,N9452V,M20P,MOONEY M-20,L1P,L
AD2A6D,N94761,ERCO,AIR PRODUCTS F-1 Aircoupe,L1P,L
AD2D6D,N9481T,T206,CESSNA T206 Turbo Stationair,L1P,L
AD326D,N95BF,RV9,VANS RV-9,L1P,L
AD336D,N95MM,RV6,VANS RV-6,L1P,L
AD436D,N9539P,C82S,CESSNA T182 Turbo Skylane,L1P,L
AD476D,N955CA,BE95,BEECH 95 Travel Air,L2P,L
AD4A6D,N9556J,C188,CESSNA 188 AgTruck,L1P,L
AD4E6D,N9568M,M20P,MOONEY M-20,L1P,L
AD556D,N9585G,T206,CESSNA T206 Turbo Stationair,L1P,L
AD596D,N9597K,S108,STINSON 108 Voyager,L1P,L
AD5B6D,N96SR,,,,
AD666D,N9623Z,HUSK,CHRISTEN Husky,L1P,L
AD6A6D,N96352,TAYB,TAYLORCRAFT BC/BF/BL,L1P,L
AD6D6D,N9640U,AA5,AMERICAN AA-5 Tiger,L1P,L
AD6E6D,N96475,C182,CESSNA 182 Skylane,L1P,L
AD726D,N96598,C182,CESSNA 182 Skylane,L1P,L
AD796D,N96763,TAYB,TAYLORCRAFT BC/BF/BL,L1P,L
AD7C6D,N9681V,C172,CESSNA 172 Skyhawk,L1P,L
AD806D,N9693Y,BE35,BEECH 35 Starfire Bonanza,L1P,L
AD816D,N97BH,C560,CESSNA 560 Citation Ultra,L2J,M
AD846D,N970J,C210,CESSNA 201 Centurion,L1P,L
AD916D,N9732E,BL17,BELLANCA 17 Viking,L1P,L
AD926D,N9739R,BE35,BEECH 35 Starfire Bonanza,L1P,L
AD956D,N9744H,ST75,STEARMAN Kaydet,L1P,L
AD966D,N975CC,PA11,PIPER PA-11 Cub Special,L1P,L
ADA16D,N978AR,CL60,BOMBARDIER CL-600 Challenger,L2J,M
ADA46D,N9785J,P28A,PIPER PA-28-140/150/160/180,L1P,L
ADA96D,N98GM,BE35,BEECH 35 Starfire Bonanza,L1P,L
ADB26D,N98189,C172,CESSNA 172 Skyhawk,L1P,L
ADB46D,N982V,,,,
ADB96D,N98354,C172,CESSNA 172 Skyhawk,L1P,L
ADBC6D,N9840W,P28A,PIPER PA-28-140/150/160/180,L1P,L
ADBD6D,N98477,C172,CESSNA 172 Skyhawk,L1P,L
ADC16D,N986,MIMU,BUSHBY Midget Mustang,L1P,L
ADC46D,N98642,J3,PIPER J-3 Cub,L1P,L
ADC86D,N98765,J3,PIPER J-3 Cub,L1P,L
ADCD6D,N989JT,A321,AIRBUS A-321,L2J,M
ADD06D,N99BK,AVID,AVID Flyer,L1P,L
ADD36D,N990JB,C340,CESSNA 340 Super,L2P,L
ADD46D,N990UH,R44,ROBINSON R-44 Raven,H1P,L
ADD56D,N9903J,GLID,,L0-,-
ADD66D,N991AU,A321,AIRBUS A-321,L2J,M
ADD96D,N9915M,C182,CESSNA 182 Skylane,L1P,L
ADDA6D,N992DS,OSCR,PARTENAVIA Oscar Charlie,L1P,L
ADDD6D,N9927Q,C172,CESSNA 172 Skyhawk,L1P,L
ADE16D,N9939T,GLF4,GULFSTREAM 4,L2J,M
ADE46D,N9944K,B06,BELL 206 JetRanger,H1T,L
ADEB6D,N9961E,C172,CESSNA 172 Skyhawk,L1P,L
ADF06D,N998AT,B712,BOEING 717-200,L2J,M
ADF56D,N999PX,CL60,BOMBARDIER CL-600 Challenger,L2J,M
ADF66D,N9990C,,,,
ADF76D,N9997P,C182,CESSNA 182 Skylane,L1P,L
ADFC6D,90-0410,BE40,BEECH 400 Beechjet,L2J,M
ADFD6D,900528,SW4,SWEARINGEN Metro,L2T,M
ADFE6D,91-1653,C130,LOCKHEED C-130 Hercules,L4T,M
AE006D,66-4367,T38,NORTHROP T-38 Talon,L2J,L
AE016D,84-0075,LJ35,LEARJET 35,L2J,M
AE026D,62-3576,K35R,BOEING KC-135R/T Stratotanker,L4J,H
AE036D,98-00007,C560,CESSNA 560 Citation Ultra,L2J,M
AE046D,162171,C2,GRUMMAN C-2 Greyhound,L2T,M
AE056D,86-0016,C5M,LOCKHEED C-5 Super Galaxy,L4J,H
AE066D,62-3565,K35R,BOEING KC-135R/T Stratotanker,L4J,H
AE0B6D,85-24416,H60,SIKORSKY UH-60 Black Hawk,H2T,M
AE0D6D,96-26724,H60,SIKORSKY UH-60 Black Hawk,H2T,M
AE0E6D,83-23855,H60,SIKORSKY UH-60 Black Hawk,H2T,M
AE146D,07-7175,C17,BOEING C-17 Globemaster 3,L4J,H
AE156D,02-05340,H64,MCDONNELL DOUGLAS AH-64 Apache,H2T,M
AE186D,05-03759,H47,BOEING-VERTOL CH-47 Chinook,H2T,M
AE196D,80-0201,A10,FAIRCHILD A-10 Thunderbolt II,L2J,M
AE1B6D,166848,F18S,BOEING FA-18 SUPER HORNET,L2J,M
AE1E6D,166015,TEX2,BEECHCRAFT T-6 Texan 2,L1T,L
AE1F6D,09-72094,EC45,AIRBUS HELICOPTERS EC-145,H2T,L
AE206D,06-0500,GLF5,GULFSTREAM 5,L2J,M
AE266D,6519,AS65,AEROSPATIALE AS-365 Dauphin 2,H2T,L
AE2F6D,09-0662,B350,BEECHCRAFT Super King Air 350,L2T,M
AE486D,09-20191,H60,SIKORSKY UH-60 Black Hawk,H2T,M
AE4B6D,162499,H53,SIKORSKY CH-53,H2T,M
AE536D,11-20385,H60,SIKORSKY UH-60 Black Hawk,H2T,M
AE566D,12-20510,H60,SIKORSKY UH-60 Black Hawk,H2T,M
AE586D,60-0002,B52,BOEING B-52 Stratofortress,L8J,H
AE596D,13-5782,C30J,LOCKHEED MARTIN C-130J Super Hercules,L4T,M
AE5A6D,15-72385,EC45,AIRBUS HELICOPTERS EC-145,H2T,L
AE5B6D,05-0409,PC12,PILATUS PC-12,L1T,L
AE5C6D,169347,P8,BOEING P-8 Poseidon,L2J,M
AE5D6D,16-20868,H60,SIKORSKY UH-60 Black Hawk,H2T,M
AE636D,18-21029,H60,SIKORSKY UH-60 Black Hawk,H2T,M
AE6A6D,79-1711,DC10,MCDONNELL DOUGLAS DC-10,L3J,H
AE6C6D,20-21182,H60,SIKORSKY UH-60 Black Hawk,H2T,M
AE746D,18-1002,A139,AGUSTA AW-139,H2T,L
C0006D,C-FAEE,CH7A,BELLANCA 7 Champion,L1P,L
C0036D,C-FBHS,BK17,EUROCOPTER BK117 C-1/2,H2T,L
C0046D,C-FBRO,ZZZZ,,-0-,-
C0056D,C-FCBK,SS2T,TRUSH Turbo Thrush 500/550,L1T,L
C0066D,C-FCLG,VP2,EVANS Volksplane,L1P,L
C0076D,C-FCVC,TAYA,TAYLORCRAFT A,L1P,L
C0086D,C-FDEY,BALL,,B0-,-
C0096D,C-FDOU,BE10,BEECH 100 King Air,L2T,L
C00B6D,C-FEIM,C172,CESSNA 172 Skyhawk,L1P,L
C00C6D,C-FESI,C152,CESSNA 152,L1P,L
C00D6D,C-FFCE,SR22,CIRRUS SR-22,L1P,L
C00E6D,C-FFMA,C185,CESSNA 185 Skywagon,L1P,L
C0106D,C-FGFS,RAF2,ROTARY AIR FORCE RAF-2000,G1P,L
C0116D,C-FGPO,P28A,PIPER PA-28-140/150/160/180,L1P,L
C0136D,C-FHJG,PA18,PIPER PA-18 Super Cub,L1P,L
C0146D,C-FHTC,C172,CESSNA 172 Skyhawk,L1P,L
C0156D,C-FICY,C185,CESSNA 185 Skywagon,L1P,L
C0166D,C-FIMU,,,,
C0176D,C-FIWQ,S108,STINSON 108 Voyager,L1P,L
C0186D,C-FJGM,B14A,BELLANCA 14,L1P,L
C0196D,C-FJQI,PA31,PIPER PA-31-300/310/325/350/425,L2P,L
C01A6D,C-FKAE,C208,CESSNA 208 Caravan,L1T,L
C01B6D,C-FKKA,R44,ROBINSON R-44 Raven,H1P,L
C01C6D,C-FKTW,PA18,PIPER PA-18 Super Cub,L1P,L
C01D6D,C-FLDS,J3,PIPER J-3 Cub,L1P,L
C01E6D,C-FLNO,C172,CESSNA 172 Skyhawk,L1P,L
C01F6D,C-FLXK,,,,
C0206D,C-FMHG,R44,ROBINSON R-44 Raven,H1P,L
C0216D,C-FMRC,C180,CESSNA  180 Skywagon,L1P,L
C0236D,C-FNKU,C150,CESSNA 150,L1P,L
C0246D,C-FNUQ,ULAC,,L0-,-
C0266D,C-FOOI,C182,CESSNA 182 Skylane,L1P,L
C0296D,C-FPRW,C172,CESSNA 172 Skyhawk,L1P,L
C02B6D,C-FQLO,C150,CESSNA 150,L1P,L
C02C6D,C-FQVK,C172,CESSNA 172 Skyhawk,L1P,L
C02D6D,C-FRFG,JACE,ACE Junior Ace,L1P,L
C02E6D,C-FRPC,ULAC,,L0-,-
C02F6D,C-FRYY,C172,CESSNA 172 Skyhawk,L1P,L
C0306D,C-FSIU,NAVI,NORTH AMERICAN Navion,L1P,L
C0316D,C-FSSQ,,,,
C0326D,C-FTCM,P28R,PIPER PA-28R-180/200/201,L1P,L
C0336D,C-FTMI,F2TH,DASSAULT Falcon 2000,L2J,M
C0346D,C-FTWE,C172,CESSNA 172 Skyhawk,L1P,L
C0356D,C-FUGA,C150,CESSNA 150,L1P,L
C0366D,C-FUPW,C172,CESSNA 172 Skyhawk,L1P,L
C0376D,C-FUZS,GLID,,L0-,-
C0396D,C-FVTK,B06,BELL 206 JetRanger,H1T,L
C03A6D,C-FWDG,RBEL,MURPHY Rebel,L1P,L
C03B6D,C-FWNC,GYRO,,G0-,-
C03C6D,C-FWWY,PA18,PIPER PA-18 Super Cub,L1P,L
C03E6D,C-FXQQ,P28A,PIPER PA-28-140/150/160/180,L1P,L
C03F6D,C-FYAM,,,,
C0406D,C-FYKI,P28A,PIPER PA-28-140/150/160/180,L1P,L
C0416D,C-FYUE,P28A,PIPER PA-28-140/150/160/180,L1P,L
C0436D,C-FZNW,GOOS,QUIKKIT Glass Goose,A1P,L
C0456D,C-GAHO,B212,BELL 212,H2T,L
C0466D,C-GARK,CH7A,BELLANCA 7 Champion,L1P,L
C0476D,C-GBBG,SR22,CIRRUS SR-22,L1P,L
C0486D,C-GBLC,S22T,CIRRUS SR-22T Turbo,L1P,L
C04A6D,C-GCEU,B350,BEECHCRAFT Super King Air 350,L2T,M
C04B6D,C-GCOQ,PA18,PIPER PA-18 Super Cub,L1P,L
C04C6D,C-GCYM,DHC2,DE HAVILLAND DHC-2 Beaver,L1P,L
C04E6D,C-GDSE,C177,CESSNA  177 Cardinal,L1P,L
C04F6D,C-GECA,C172,CESSNA 172 Skyhawk,L1P,L
C0506D,C-GELW,,,,
C0516D,C-GEVS,SWOR,FAIREY Swordfish,L1P,L
C0526D,C-GFFO,MR35,MURPHY SR-3500 Super Rebel,L1P,L
C0536D,C-GFPK,RV6,VANS RV-6,L1P,L
C0556D,C-GGJC,P28A,PIPER PA-28-140/150/160/180,L1P,L
C0576D,C-GHCU,LA4,LAKE LA-4/200,A1P,L
C0596D,C-GHWM,ERCO,AIR PRODUCTS F-1 Aircoupe,L1P,L
C05A6D,C-GIGI,CAMP,GREGA GN-1 Aircamper,L1P,L
C05C6D,C-GJAA,M20P,MOONEY M-20,L1P,L
C05E6D,C-GJTS,FB1A,BOWERS Fly Baby 1A,L1P,L
C05F6D,C-GKDO,PA18,PIPER PA-18 Super Cub,L1P,L
C0606D,C-GKNK,O1,CESSNA 305/341 Bird Dog,L1P,L
C0616D,C-GKXG,C150,CESSNA 150,L1P,L
C0626D,C-GLHC,C182,CESSNA 182 Skylane,L1P,L
C0636D,C-GLQY,B06,BELL 206 JetRanger,H1T,L
C0646D,C-GMAU,DHC2,DE HAVILLAND DHC-2 Beaver,L1P,L
C0656D,C-GMKQ,P28A,PIPER PA-28-140/150/160/180,L1P,L
C0666D,C-GMUM,C172,CESSNA 172 Skyhawk,L1P,L
C0696D,C-GNYA,M20P,MOONEY M-20,L1P,L
C06B6D,C-GORS,M20P,MOONEY M-20,L1P,L
C06C6D,C-GPBO,C172,CESSNA 172 Skyhawk,L1P,L
C06D6D,C-GPLK,DA40,DIAMOND DA-40 Club Star,L1P,L
C06E6D,C-GPVG,,,,
C06F6D,C-GQFC,TAYA,TAYLORCRAFT A,L1P,L
C0726D,C-GRIQ,AS50,AEROSPATIALE AS-350 Ecureuil,H1T,L
C0746D,C-GSCI,C82R,CESSNA R182 Skylane RG,L1P,L
C0756D,C-GSME,M20P,MOONEY M-20,L1P,L
C0776D,C-GTFW,PA25,PIPER PA-25 Pawnee,L1P,L
C0786D,C-GTPS,PTS2,PITTS S-2 Special,L1P,L
C0796D,C-GTZO,EC30,AIRBUS HELICOPTERS EC-130,H1T,L
C07A6D,C-GUJK,DH8D,DE HAVILLAND DHC-8-400 Dash 8,L2T,M
C07C6D,C-GVDC,PA22,PIPER PA-22,L1P,L
C07D6D,C-GVMY,BE58,BEECH 58 Baron,L2P,L
C07F6D,C-GWGQ,,,,
C0806D,C-GWQM,G150,GULFSTREAM G150,L2J,M
C0816D,C-GXAI,DH8C,DE HAVILLAND DHC-8-300 Dash 8,L2T,M
C0836D,C-GXUA,PA18,PIPER PA-18 Super Cub,L1P,L
C0846D,C-GYDW,C172,CESSNA 172 Skyhawk,L1P,L
C0856D,C-GYNS,C340,CESSNA 340 Super,L2P,L
C0866D,C-GYXO,SONX,SONEX AIRCRAFT Sonex,L1P,L
C0876D,C-GZHK,C180,CESSNA  180 Skywagon,L1P,L
C0886D,C-GZRG,C172,CESSNA 172 Skyhawk,L1P,L
C0896D,C-IABC,,,,
C08C6D,C-IBEQ,ULAC,,L0-,-
C08D6D,C-IBOM,ULAC,,L0-,-
C08F6D,C-ICIE,ULAC,,L0-,-
C0906D,C-ICSA,ULAC,,L0-,-
C0916D,C-IDBW,ULAC,,L0-,-
C0926D,C-IDLS,ULAC,,L0-,-
C0936D,C-IDVO,ULAC,,L0-,-
C0946D,C-IEFK,ULAC,,L0-,-
C0956D,C-IEPG,,,,
C0966D,C-IEZC,PARA,,P0-,-
C0986D,C-IFSU,,,,
C0996D,C-IGCQ,,,,
C09A6D,C-IGMM,,,,
C09C6D,C-IHGE,,,,
C09E6D,C-IHZW,BEVR,ASAP Beaver,L1P,L
C0A06D,C-IITO,ULAC,,L0-,-
C0A16D,C-IJDK,BEVR,ASAP Beaver,L1P,L
C0A26D,C-IJNG,PARA,,P0-,-
C0A36D,C-IJXC,PARA,,P0-,-
C0A46D,C-IKGY,CH70,ZENAIR CH-701 Stol,L1P,L
C0A66D,C-ILAQ,PARA,,P0-,-
C0A76D,C-ILKM,PARA,,P0-,-
C0A86D,C-ILUI,,,,
C0A96D,C-IMEE,,,,
C0B06D,C-IOVC,CAMP,GREGA GN-1 Aircamper,L1P,L
C0B36D,C-IPYQ,,,,
C0B76D,C-IRMA,ULAC,,L0-,-
C0B86D,C-IRVW,MAME,BLUE YONDER Merlin,L1P,L
C0C36D,C-IWAE,ULAC,,L0-,-
C1E56D,SERV,SERV,,V0-,-
C2AF6D,130335,C130,LOCKHEED C-130 Hercules,L4T,M
C2B46D,148812,S92,SIKORSKY S-92 Helibus,H2T,M
C8006D,ZK-APT,DH83,DE HAVILLAND DH-83 Fox Moth,L1P,L
C8026D,ZK-DAT,C172,CESSNA 172 Skyhawk,L1P,L
C8036D,ZK-DRP,C172,CESSNA 172 Skyhawk,L1P,L
C8046D,ZK-ENV,P28A,PIPER PA-28-140/150/160/180,L1P,L
C8076D,ZK-WAB,PA38,PIPER PA-38 Tomahawk,L1P,L
C80F6D,ZK-DMF,PA38,PIPER PA-38 Tomahawk,L1P,L
C8136D,ZK-CVI,CJ6,NANCHANG CJ-6,L1P,L
C8146D,ZK-SER,ULAC,,L0-,-
C8156D,ZK-HTT,H500,HUGHES 500,H1T,L
C8166D,ZK-PCF,TERR,FOXCON Terrier,L1P,L
C8176D,ZK-HZX,UH1,BELL UH-1 Huey,H1T,L
C81A6D,ZK-EHA,C172,CESSNA 172 Skyhawk,L1P,L
C81B6D,ZK-VMA,SR22,CIRRUS SR-22,L1P,L
C81C6D,ZK-VVV,I16,POLIKARPOV I-16,L1P,L
C8206D,ZK-CWX,ULAC,,L0-,-
C8216D,ZK-FDE,FDCT,FLIGHT DESIGN CT,L1P,L
C8226D,ZK-MFD,ULAC,,L0-,-
C8236D,ZK-IIX,BK17,EUROCOPTER BK117 C-1/2,H2T,L
C8246D,ZK-FXB,AP22,AEROPRACT A-22,L1P,L
C8276D,ZK-CIM,GLST,GLASAIR SH-4 GlaStar,L1P,L
C8286D,ZK-SJL,PNR3,ALPI Pioneer 330,L1P,L
E4806D,PT-MBF,BE9L,BEECH 90 King Air,L2T,L
E4836D,PP-VVV,E35L,EMBRAER EMB-135 Legacy,L2J,M
E4866D,PP-CNP,BE9L,BEECH 90 King Air,L2T,L
E4886D,PR-JTP,SR22,CIRRUS SR-22,L1P,L
E4916D,FAB2286,E110,EMBRAER EMB-110 Bandeirante,L2T,L
E4926D,PR-CAZ,BE58,BEECH 58 Baron,L2P,L
E4936D,PT-SUS,AS50,AEROSPATIALE AS-350 Ecureuil,H1T,L
E4956D,PP-MSP,DA62,DIAMOND DA-62,L2P,L
E4966D,PS-AEH,E295,EMBRAER ERJ-190-400,L2J,M
E4976D,PS-OJA,BE9L,BEECH 90 King Air,L2T,L
E4996D,PS-MAM,GLF5,GULFSTREAM 5,L2J,M
E8026D,CC-BFK,A320,AIRBUS A-320,L2J,M
E8086D,CC-ATQ,C210,CESSNA 201 Centurion,L1P,L
E8096D,CC-DAZ,C25C,CESSNA 525C Citation CJ4,L2J,M
E94B6D,CP-2925,B738,BOEING 737-800,L2J,M
