008B6F,ZS-EHY,C182,CESSNA 182 Skylane,L1P,L
00906F,ZS-GFE,GLID,,L0-,-
00946F,ZS-HSO,R66,ROBINSON R-66,H1T,L
00966F,ZS-IMG,C182,CESSNA 182 Skylane,L1P,L
00A06F,ZS-MGS,FA50,DASSAULT Falcon 50,L3J,M
00B16F,ZS-SSC,F406,CESSNA F406 Caravan 2,L2T,L
01006F,SU-BGV,GLF3,GULFSTREAM 3,L2J,M
02006F,CN-ROH,B738,BOEING 737-800,L2J,M
04C06F,5Y-BVT,B190,BEECH 1900,L2T,M
06416F,5N-BQR,B735,BOEING 737-500,L2J,M
06426F,5N-BYI,E295,EMBRAER ERJ-190-400,L2J,M
06A26F,QA363,PC21,PILATUS PC-21,L1T,L
0A806F,C6-BFX,B737,BOEING 737-700,L2J,M
0AC16F,HK-4537,B190,BEECH 1900,L2T,M
0AC36F,HK-5212-G,C208,CESSNA 208 Caravan,L1T,L
0AC76F,EJC4224,B212,BELL 212,H2T,L
0AC96F,PNC-0926,B407,BELL 407,H1T,L
0D0A6F,XA-AUT,B429,BELL 429 GlobalRanger,H2T,L
0D0B6F,XB-SGT,C550,CESSNA 550 Citation S2,L2J,L
0D0C6F,XB-EGD,CRJ1,BOMBARDIER Regional Jet CRJ-100,L2J,M
0D0D6F,XA-OCC,B738,BOEING 737-800,L2J,M
0D816F,YV484T,ASTR,GULFSTREAM AEROSPACE Gulfstream G100,L2J,M
0D826F,YV3231,C550,CESSNA 550 Citation S2,L2J,L
141C6F,RA-07279,EC30,AIRBUS HELICOPTERS EC-130,H1T,L
15076F,RA-67439,C172,CESSNA 172 Skyhawk,L1P,L
15086F,RA-67695,AT75,ATR-72-500,L2T,M
151D6F,RA-73071,B752,BOEING 757-200,L2J,M
15206F,RA-73839,A21N,AIRBUS A-321neo,L2J,M
153E6F,RA-81519,AN2,ANTONOV An-2,L1P,L
30036F,I-LIDF,A109,AGUSTA AW-109 Grand,H2T,L
30086F,I-MIAW,AS50,AEROSPATIALE AS-350 Ecureuil,H1T,L
31DD6F,I-8272,ECHO,TECNAM P-92 Echo,L1P,L
33FD6F,MM81562,NH90,NHI NH-90,H2T,M
381E6F,F-BHTP,D11,JODEL D-11x/12x,L1P,L
383C6F,F-BPDP,RALL,SOCATA Rallye,L1P,L
38466F,F-BRTP,DR30,CENTRE EST Prince,L1P,L
38566F,F-BVTP,PA27,PIPER PA-23-250 Aztec,L2P,L
39016F,F-GALP,BE20,BEECH 200 Super King Air,L2T,M
39066F,F-GBTP,PA34,PIPER PA-34 Seneca,L2P,L
39196F,F-GGLP,BE36,BEECH 36 Bonanza,L1P,L
39256F,F-GJLP,BROU,MAX HOLSTE Broussard,L1P,L
392A6F,F-GKTP,BALL,,B0-,-
392C6F,F-GLDP,DR40,ROBIN DR-400,L1P,L
39346F,F-GNDP,DR40,ROBIN DR-400,L1P,L
39356F,F-GNLP,AS50,AEROSPATIALE AS-350 Ecureuil,H1T,L
39666F,F-GZTP,B737,BOEING 737-700,L2J,M
39806F,F-HADP,DR40,ROBIN DR-400,L1P,L
39826F,F-HATP,EVSS,EVEKTOR SportStar,L1P,L
39856F,F-HBLP,E190,EMBRAER ERJ-190-100,L2J,M
39896F,F-HCLP,AS50,AEROSPATIALE AS-350 Ecureuil,H1T,L
399A6F,F-HGTP,BALL,,B0-,-
39A26F,F-HITP,AA1,AMERICAN AA-1,L1P,L
39A56F,F-HJLP,E550,EMBRAER EMB-550 Praetor 600,L2J,M
39AE6F,F-HLTP,DA40,DIAMOND DA-40 Club Star,L1P,L
39D46F,F-HVDP,DR40,ROBIN DR-400,L1P,L
39E46F,F-HZDP,A320,AIRBUS A-320,L2J,M
3AAB6F,F-MBJI,TIGR,AIRBUS HELICOPTERS EC-665 Tiger,H2T,L
3B766F,E83,AJET,DASSAULT-DORNIER Alpha Jet,L2J,M
3B776F,0011,A400,AIRBUS A-400M,L4T,H
3B7B6F,F-ZBFP,CL2T,CANADAIR CL-415 SuperScooper,A2T,M
3C126F,D-AVZM,A21N,AIRBUS A-321neo,L2J,M
3C1A6F,D-AZAG,A321,AIRBUS A-321,L2J,M
3C656F,D-AIKO,A333,AIRBUS A-330-300,L2J,H
3C666F,D-AISO,A321,AIRBUS A-321,L2J,M
3CE66F,D-COOL,LJ55,LEARJET 55,L2J,M
3CF06F,D-CSIX,LJ60,LEARJET 60,L2J,M
3CF16F,D-CSST,GSPN,GROB G-180 SPn Utility Jet,L2J,L
3D056F,D-EAHR,DR10,CENTRE EST Ambassadeur,L1P,L
3D066F,D-EARN,P28A,PIPER PA-28-140/150/160/180,L1P,L
3D076F,D-EBBJ,C172,CESSNA 172 Skyhawk,L1P,L
3D096F,D-EBVB,C180,CESSNA  180 Skywagon,L1P,L
3D0B6F,D-ECOT,BE33,BEECH 33 Bonanza,L1P,L
3D0D6F,D-EDIL,C172,CESSNA 172 Skyhawk,L1P,L
3D106F,D-EELZ,DR40,ROBIN DR-400,L1P,L
3D116F,D-EEVV,BU31,BUCKER Bu-131 Jungmann,L1P,L
3D136F,D-EFPN,P28T,PIPER PA-28RT-201,L1P,L
3D146F,D-EFZJ,C72R,CESSNA 172R Cutlass RG,L1P,L
3D156F,D-EGJF,P32R,PIPER PA-32R-300/301/301T,L1P,L
3D166F,D-EGTB,ZZZZ,,-0-,-
3D186F,D-EHMT,E300,EXTRA EA-300/330/350,L1P,L
3D1A6F,D-EIGL,P28A,PIPER PA-28-140/150/160/180,L1P,L
3D1C6F,D-EJAD,C182,CESSNA 182 Skylane,L1P,L
3D206F,D-EKNN,P28A,PIPER PA-28-140/150/160/180,L1P,L
3D226F,D-ELHF,M20P,MOONEY M-20,L1P,L
3D236F,D-ELRB,C172,CESSNA 172 Skyhawk,L1P,L
3D266F,D-EMUP,P28A,PIPER PA-28-140/150/160/180,L1P,L
3D2B6F,D-EORV,RV12,VANS RV-12,L1P,L
3D326F,D-ERIT,C150,CESSNA 150,L1P,L
3D336F,D-ERSP,C172,CESSNA 172 Skyhawk,L1P,L
3D356F,D-ESMH,P28U,PIPER PA-28RT-201T Turbo,L1P,L
3D416F,D-EXAL,P28A,PIPER PA-28-140/150/160/180,L1P,L
3D426F,D-EXKH,E300,EXTRA EA-300/330/350,L1P,L
3D476F,D-EZHN,Z50,ZLIN Z-50,L1P,L
3D4A6F,D-FALB,C208,CESSNA 208 Caravan,L1T,L
3D666F,D-FLAT,PC12,PILATUS PC-12,L1T,L
3D9A6F,D-GEST,GA7,DAHER-SOCATA TB-360 Tangara,L2P,L
3D9E6F,D-GGGD,P68,PARTENAVIA P-68 Observer,L2P,L
3DD66F,D-HBLN,EC35,AIRBUS HELICOPTERS EC-135/635,H2T,L
3DDC6F,D-HDSP,EC45,AIRBUS HELICOPTERS EC-145,H2T,L
3DDD6F,D-HECL,EC35,AIRBUS HELICOPTERS EC-135/635,H2T,L
3E296F,D-IGWT,C25A,CESSNA 525A Citation CJ2,L2J,L
3E376F,D-IMEP,BE9L,BEECH 90 King Air,L2T,L
3E446F,D-IRCP,BE9L,BEECH 90 King Air,L2T,L
3E476F,D-ISGD,BE9L,BEECH 90 King Air,L2T,L
3E5D6F,D-KAOT,RF3,FOURNIER RF-3,L1P,L
3E606F,D-KBSH,DIMO,DIAMOND H-36 Dimona,L1P,L
3E636F,D-KCVV,DIMO,DIAMOND H-36 Dimona,L1P,L
3E686F,D-KETB,G109,GROB G-109,L1P,L
3E6A6F,D-KFMT,GLID,,L0-,-
3E766F,D-KKAX,VENT,SCHEMPP-HIRTH Ventus,L1P,L
3E826F,54+15,A400,AIRBUS A-400M,L4T,H
3EC46F,D-KPIT,VENT,SCHEMPP-HIRTH Ventus,L1P,L
3EC56F,D-KPSP,GLID,,L0-,-
3ED36F,D-KVBB,GLID,,L0-,-
3EE56F,D-1240,GLID,,L0-,-
3EEB6F,D-2776,GLID,,L0-,-
3EF76F,D-3183,GLID,,L0-,-
3EF86F,D-6104,GLID,,L0-,-
3EF96F,D-6360,GLID,,L0-,-
3F056F,D-9432,GLID,,L0-,-
3F2F6F,D-ODWH,BALL,,B0-,-
3FC86F,D-ONIL,BALL,,B0-,-
3FEA6F,D-MVEE,ULAC,,L0-,-
3FEB6F,D-MKKP,EV97,EVEKTRO EV-97 EuroStar,L1P,L
3FEC6F,D-MYGX,G3,REMOS Mirage,L1P,L
3FED6F,D-MOMA,MCR1,COLOMBAN Ban-Bi,L1P,L
3FEE6F,D-MLOV,MT,ROTORSPORT MTOSport,G1P,L
3FEF6F,D-MHON,EFOX,AEROPRO Eurofox,L1P,L
3FF06F,D-MCIO,MM24,MAGNI M-24 Orion,G1P,L
3FF26F,D-MIAP,AP22,AEROPRACT A-22,L1P,L
3FF36F,D-MGEF,FAET,ATEC 321 Faeta,L1P,L
3FF46F,D-MYMU,FDCT,FLIGHT DESIGN CT,L1P,L
3FF56F,D-MONX,ULAC,,L0-,-
3FF66F,D-MUSJ,ULAC,,L0-,-
3FF96F,D-MDLT,ULAC,,L0-,-
400B6F,G-CPMS,TB20,SOCATA TB-20 Trinidad,L1P,L
400C6F,G-LINN,EUPA,Europa,L1P,L
400F6F,G-BPGU,P28A,PIPER PA-28-140/150/160/180,L1P,L
40106F,G-CEFV,C182,CESSNA 182 Skylane,L1P,L
40116F,G-DOLS,P28B,PIPER PA-28-201T/235/236,L1P,L
40136F,G-OFDT,ULAC,,L0-,-
40186F,G-AXXV,DH82,DE HAVILLAND DH-82 Tiger Moth,L1P,L
401A6F,G-ADLY,DH87,DE HAVILLAND DH-87 Hornet Moth,L1P,L
401B6F,G-BCIJ,AA5,AMERICAN AA-5 Tiger,L1P,L
401C6F,G-BEKN,C150,CESSNA 150,L1P,L
401E6F,G-BHOA,DR40,ROBIN DR-400,L1P,L
40216F,G-BVIE,PA18,PIPER PA-18 Super Cub,L1P,L
40226F,G-TOTO,C177,CESSNA  177 Cardinal,L1P,L
40246F,G-MMRH,ULAC,,L0-,-
40296F,G-BNTD,P28A,PIPER PA-28-140/150/160/180,L1P,L
402A6F,G-AJJT,C120,CESSNA 120,L1P,L
402F6F,G-BRLI,J5,PIPER J-5 Cub Cruiser,L1P,L
40316F,G-BSFR,C152,CESSNA 152,L1P,L
40396F,G-OGAN,EUPA,Europa,L1P,L
403B6F,G-SCTA,SCOU,WESTLAND Scout,H1T,L
403F6F,G-KVBF,BALL,,B0-,-
40416F,G-BYJF,T211,INDUS T-211,L1P,L
40436F,G-JJEN,P28A,PIPER PA-28-140/150/160/180,L1P,L
404B6F,G-CCUA,ULAC,,L0-,-
404D6F,G-OSTL,C42,IKARUS C-42 Bison,L1P,L
40506F,G-CHPK,RV8,VANS RV-8,L1P,L
40526F,G-PAWZ,SKRA,BEST OFF Sky Ranger,L1P,L
40556F,G-CEZI,P28A,PIPER PA-28-140/150/160/180,L1P,L
405A6F,G-CFYY,GLID,,L0-,-
405B6F,G-IKAH,GLID,,L0-,-
405D6F,G-DOSB,DA42,DIAMOND DA-42 Guardian,L2P,L
405F6F,G-SCPI,CRUZ,CSA PS-28 Cruiser,L1P,L
40616F,G-TTAT,SVNH,AEROTEC Savannah,L1P,L
40636F,G-OESP,R44,ROBINSON R-44 Raven,H1P,L
40646F,G-CGPZ,COY2,RANS Coyote 2,L1P,L
40676F,G-JMCM,B733,BOEING 737-300,L2J,M
40686F,G-YDEA,DA42,DIAMOND DA-42 Guardian,L2P,L
406B6F,G-EEKZ,ULAC,,L0-,-
406D6F,G-TUIH,B788,BOEING 787-8 Dreamliner,L2J,H
406E6F,G-TIBF,BALL,,B0-,-
406F6F,G-UYAK,Y18T,YAKOVLEV Yak-18T,L1P,L
40716F,G-KYTT,PA18,PIPER PA-18 Super Cub,L1P,L
40736F,G-CKHI,ULAC,,L0-,-
40746F,G-CKSE,C208,CESSNA 208 Caravan,L1T,L
40756F,G-EZGY,A320,AIRBUS A-320,L2J,M
40776F,G-OGOL,P06T,TECNAM P-2006T,L2P,L
40786F,G-CLJT,BALL,,B0-,-
40796F,G-HLYG,A321,AIRBUS A-321,L2J,M
407B6F,G-SMBA,P210,CESSNA P210 Centurion,L1P,L
407E6F,G-RNDX,E550,EMBRAER EMB-550 Praetor 600,L2J,M
42426F,VP-BWX,A320,AIRBUS A-320,L2J,M
42456F,VQ-BQH,A321,AIRBUS A-321,L2J,M
43C06F,ZJ120,EH10,AGUSTA WESTLAND EH-101 Merlin,H3T,M
43C16F,ZD792,TOR,PANAVIA Tornado,L2J,M
43C26F,ZJ220,H64,MCDONNELL DOUGLAS AH-64 Apache,H2T,M
43C66F,ZF139,TUCA,EMBRAER EMB-312 Tucano,L1T,L
43C76F,ZZ534,LYNX,AGUSTAWESTLAND AW-159 Super Lynx,H2T,L
43E96F,M-YBLS,PC12,PILATUS PC-12,L1T,L
43EC6F,2-RLBC,A345,AIRBUS A-340-500,L4J,H
43ED6F,2-EALL,A346,AIRBUS A-340-600,L4J,H
44026F,OE-CRS,C152,CESSNA 152,L1P,L
44036F,RA-02589,DA40,DIAMOND DA-40 Club Star,L1P,L
44046F,OE-IIK,A320,AIRBUS A-320,L2J,M
44056F,OE-XTM,AS50,AEROSPATIALE AS-350 Ecureuil,H1T,L
44066F,OE-CLD,DV20,DIAMOND DA-20,L1P,L
44096F,OE-RAT,BALL,,B0-,-
44846F,OO-ACO,C510,CESSNA 510 Citation Mustang,L2J,L
44896F,OO-BKO,BALL,,B0-,-
44C46F,LGGRU10,TWR,,T0-,-
44CE6F,OO-SSO,A319,AIRBUS A-319,L2J,M
44F66F,ST-26,F260,AERMACCHI SF-260,L1P,L
451C6F,LZ-ASH,DA42,DIAMOND DA-42 Guardian,L2P,L
458A6F,OY-BSO,C340,CESSNA 340 Super,L2P,L
45B86F,OY-NCO,J328,Dornier 328 JET,L2J,M
45D96F,OY-VKO,A339,AIRBUS A-330-900,L2J,H
45E26F,OY-XSO,VENT,SCHEMPP-HIRTH Ventus,L1P,L
45E46F,OY-YCO,AT76,ATR-72-600,L2T,M
46846F,SX-ACO,C172,CESSNA 172 Skyhawk,L1P,L
47036F,HA-BHV,PA44,PIPER PA-44 Seminole,L2P,L
471F6F,HA-LXN,A321,AIRBUS A-321,L2J,M
47806F,LN-OMI,S92,SIKORSKY S-92 Helibus,H2T,M
47846F,LN-KAB,C172,CESSNA 172 Skyhawk,L1P,L
48406F,PH-LAB,C550,CESSNA 550 Citation S2,L2J,L
48436F,PH-BQH,B772,BOEING 777-200,L2J,H
48456F,PH-ABM,C172,CESSNA 172 Skyhawk,L1P,L
484A6F,PH-LIM,BALL,,B0-,-
484B6F,PH-BVM,BALL,,B0-,-
484C6F,PH-699,GLID,,L0-,-
484D6F,PH-RDA,BALL,,B0-,-
484E6F,PH-1091,GLID,,L0-,-
484F6F,PH-832,GLID,,L0-,-
48516F,PH-1557,GLID,,L0-,-
48536F,PH-1MX,ZZZZ,,-0-,-
48546F,PH-1YJ,ZZZZ,,-0-,-
48566F,PH-2UA,ZZZZ,,-0-,-
48606F,PH-3Y3,EFOX,AEROPRO Eurofox,L1P,L
48646F,PH-ACP,PC12,PILATUS PC-12,L1T,L
48826F,SP-AUP,E300,EXTRA EA-300/330/350,L1P,L
48D06F,SP-OOO,R44,ROBINSON R-44 Raven,H1P,L
49106F,CS-DCO,C152,CESSNA 152,L1P,L
49146F,CS-ECO,SIRA,TECNAM P-2002 Sierra,L1P,L
49846F,6059,L159,AERO L-159 Albatros 2,L1J,M
49C06F,OK-PUR11,NG4,BRM AERO NG-4,L1P,L
49D06F,OK-KHB,C172,CESSNA 172 Skyhawk,L1P,L
49D16F,OK-DSN,AS55,AEROSPATIALE AS-355 Ecureuil 2,H2T,L
49D26F,RF-67752,L410,LET L-410 Turbolet,L2T,L
49D36F,OK-JRU,EV55,EVEKTOR EV-55 Outback,L2P,L
49F06F,GND,GND,,V0-,-
4A986F,SE-FCO,P28A,PIPER PA-28-140/150/160/180,L1P,L
4A9A6F,SE-FSO,RALL,SOCATA Rallye,L1P,L
4AB06F,SE-LCO,C185,CESSNA 185 Skywagon,L1P,L
4AB16F,SE-LKO,C72R,CESSNA 172R Cutlass RG,L1P,L
4AB46F,SE-MCO,AC11,NORTH AMERICAN ROCKWELL Commander 112/114,L1P,L
4AB56F,SE-MKO,AT76,ATR-72-600,L2T,M
4ACA6F,SE-RSO,E190,EMBRAER ERJ-190-100,L2J,M
4AD46F,SE-UCO,SF25,SCHEIBE SF-25 Falke,L1P,L
4AD66F,SE-USO,AV68,M&D FLUGZEUGBAU AVO-68 Samburo,L1P,L
4B066F,HB-CLJ,C77R,CESSNA 177RG Cardinal RG,L1P,L
4B1A6F,HB-KAH,TB20,SOCATA TB-20 Trinidad,L1P,L
4B226F,HB-NBB,RF6,FOURNIER RF-6,L1P,L
4B276F,HB-OYH,P28A,PIPER PA-28-140/150/160/180,L1P,L
4B2C6F,HB-QVN,BALL,,B0-,-
4B326F,HB-TCP,P750,PACIFIC AEROSPACE P-750 XStol,L1T,L
4B366F,HB-UPZ,WACF,WACO F,L1P,L
4B3E6F,HB-XQT,ALO2,SUD Alouette 2,H1T,L
4B436F,HB-ZNZ,AS50,AEROSPATIALE AS-350 Ecureuil,H1T,L
4B4A6F,HB-1480,GLID,,L0-,-
4B4B6F,HB-1736,GLID,,L0-,-
4B4E6F,HB-2504,ARCP,SCHEMPP-HIRTH Arcus M,L1P,L
4B7F6F,A-919,PC7,PILATUS PC-7 Astra,L1T,L
4B846F,TC-ACO,P28A,PIPER PA-28-140/150/160/180,L1P,L
4BA96F,TC-JKO,B737,BOEING 737-700,L2J,M
4BAA6F,TC-JSO,A321,AIRBUS A-321,L2J,M
4BB06F,TC-LCO,B38M,BOEING 737 MAX 8,L2J,M
4BB26F,TC-LSO,A21N,AIRBUS A-321neo,L2J,M
4BB86F,TC-NCO,A20N,AIRBUS A-320neo,L2J,M
4BBC6F,TC-OCO,A332,AIRBUS A-330-200,L2J,H
4BCD6F,TC-SKO,F2TH,DASSAULT Falcon 2000,L2J,M
4BD16F,TC-TKO,C172,CESSNA 172 Skyhawk,L1P,L
4C016F,YU-ALP,AT72,ATR-72-202,L2T,M
4C806F,5B-DDG,F70,FOKKER 70,L2J,M
4CA56F,EI-DWJ,B738,BOEING 737-800,L2J,M
4CA66F,EI-FPD,CRJ9,BOMBARDIER Regional Jet CRJ-900,L2J,M
4CA76F,EI-EDP,A320,AIRBUS A-320,L2J,M
4CA86F,EI-IGR,B733,BOEING 737-300,L2J,M
4CAA6F,EI-LSA,PA11,PIPER PA-11 Cub Special,L1P,L
4CAD6F,EI-HDZ,E190,EMBRAER ERJ-190-100,L2J,M
4CC26F,TF-FIW,B752,BOEING 757-200,L2J,M
4D036F,LX-ZAZ,BU31,BUCKER Bu-131 Jungmann,L1P,L
4D206F,9H-FLY,P28A,PIPER PA-28-140/150/160/180,L1P,L
4D216F,9H-GIO,C525,CESSNA 525 CitationJet,L2J,L
4D226F,9H-QBG,B738,BOEING 737-800,L2J,M
4D236F,9H-SMI,A333,AIRBUS A-330-300,L2J,H
4D246F,9H-WDA,A320,AIRBUS A-320,L2J,M
50026F,T7-7AA,GL7T,BOMBARDIER BD-700 Global 7000/7500,L2J,M
502C6F,YL-LCX,A321,AIRBUS A-321,L2J,M
503D6F,LY-HMD,A320,AIRBUS A-320,L2J,M
503E6F,LY-LGB,A320,AIRBUS A-320,L2J,M
505D6F,OM-AKO,C152,CESSNA 152,L1P,L
505F6F,7639,H60,SIKORSKY UH-60 Black Hawk,H2T,M
506E6F,S5-HCU,EN28,ENSTROM F-28,H1P,L
507C6F,UK32104,A21N,AIRBUS A-321neo,L2J,M
50816F,UR-DNB,E145,EMBRAER ERJ-145,L2J,M
50826F,UR-CIF,IL76,ILYUSHIN Il-76/82,L4J,H
50846F,UR-IPZ,B505,BELL 505 JetRanger X,H1T,L
70A96F,9N-AHV,JS41,BRITISH AEROSPACE Jetstream 41,L2T,M
70AA6F,9N-ALV,A320,AIRBUS A-320,L2J,M
71026F,6601,TOR,PANAVIA Tornado,L2J,M
73306F,EP-LCO,MD83,MCDONNELL-DOUGLAS MD-83,L2J,M
73806F,4X-EKL,B738,BOEING 737-800,L2J,M
73946F,4X-BEM,BK17,EUROCOPTER BK117 C-1/2,H2T,L
73956F,4X-CXR,DA62,DIAMOND DA-62,L2P,L
75006F,9M-XXV,A333,AIRBUS A-330-300,L2J,H
75046F,9M-MTZ,A332,AIRBUS A-330-200,L2J,H
76AA6F,9V-JSO,A320,AIRBUS A-320,L2J,M
76CC6F,9V-SCO,B78X,BOEING 787-10 Dreamliner,L2J,H
78006F,B-7022,C650,CESSNA 650 Citation,L2J,M
78016F,B-HNG,B773,BOEING 777-300,L2J,H
78036F,B-6318,A321,AIRBUS A-321,L2J,M
78046F,B-6358,A320,AIRBUS A-320,L2J,M
78056F,B-6563,A320,AIRBUS A-320,L2J,M
78066F,B-6679,A320,AIRBUS A-320,L2J,M
78076F,B-6767,A320,AIRBUS A-320,L2J,M
78086F,B-6892,A320,AIRBUS A-320,L2J,M
78096F,B-5297,B737,BOEING 737-700,L2J,M
780A6F,B-LJL,B748,BOEING 747-8,L4J,H
780B6F,B-9962,A320,AIRBUS A-320,L2J,M
780C6F,B-1851,A320,AIRBUS A-320,L2J,M
780E6F,B-6108,B738,BOEING 737-800,L2J,M
78106F,B-1562,B738,BOEING 737-800,L2J,M
78116F,B-1439,B738,BOEING 737-800,L2J,M
78136F,B-1259,B38M,BOEING 737 MAX 8,L2J,M
78156F,B-303W,A21N,AIRBUS A-321neo,L2J,M
78166F,B-108K,OSCR,PARTENAVIA Oscar Charlie,L1P,L
78176F,B-7915,C172,CESSNA 172 Skyhawk,L1P,L
78186F,B-30DE,A20N,AIRBUS A-320neo,L2J,M
781B6F,B-323F,A21N,AIRBUS A-321neo,L2J,M
781C6F,B-326C,A21N,AIRBUS A-321neo,L2J,M
79A06F,B-6057,A332,AIRBUS A-330-200,L2J,H
7A426F,11250,Y20,XIAN Kunpeng,L4J,H
7BB06F,B-2574,B733,BOEING 737-300,L2J,M
7C016F,VH-AKH,BE58,BEECH 58 Baron,L2P,L
7C0A6F,VH-CCH,P28A,PIPER PA-28-140/150/160/180,L1P,L
7C0C6F,VH-CQP,GLID,,L0-,-
7C146F,VH-EBL,A332,AIRBUS A-330-200,L2J,H
7C156F,VH-EIP,C182,CESSNA 182 Skylane,L1P,L
7C166F,VH-EPT,GLID,,L0-,-
7C176F,VH-EWX,C172,CESSNA 172 Skyhawk,L1P,L
7C1C6F,VH-FWH,F100,FOKKER 100,L2J,M
7C386F,VH-LFL,R44,ROBINSON R-44 Raven,H1P,L
7C3F6F,VH-MTD,TB21,SOCATA TB-21 Trinidad TC,L1P,L
7C436F,VH-NLT,R22,ROBINSON R-22 Mariner,H1P,L
7C446F,VH-NSX,R44,ROBINSON R-44 Raven,H1P,L
7C486F,VH-OLD,PA22,PIPER PA-22,L1P,L
7C496F,VH-OSH,RV10,VANS RV-10,L1P,L
7C4D6F,VH-PKX,GLST,GLASAIR SH-4 GlaStar,L1P,L
7C5B6F,VH-SCH,C185,CESSNA 185 Skywagon,L1P,L
7C656F,VH-UBL,C210,CESSNA 201 Centurion,L1P,L
7C676F,VH-UPT,C182,CESSNA 182 Skylane,L1P,L
7C6C6F,VH-VPD,B77W,BOEING 777-300ER,L2J,H
7C6D6F,VH-VWH,R44,ROBINSON R-44 Raven,H1P,L
7C756F,VH-XHD,SLG2,AIRPLANE FACTORY Sling 2,L1P,L
7C776F,VH-XVL,E190,EMBRAER ERJ-190-100,L2J,M
7C7F6F,VH-ZGH,EC35,AIRBUS HELICOPTERS EC-135/635,H2T,L
7C806F,VH-ZNL,B789,BOEING 787-9 Dreamliner,L2J,H
7CC46F,23-1560,P208,TECNAM P-2008,L1P,L
7CF86F,A32-439,B350,BEECHCRAFT Super King Air 350,L2T,M
80026F,HM672,D228,DORNIER 228,L2T,L
800B6F,VT-TTH,A320,AIRBUS A-320,L2J,M
800C6F,VT-TMT,AT76,ATR-72-600,L2T,M
80146F,VT-ILU,A21N,AIRBUS A-321neo,L2J,M
84136F,JA05CH,B430,BELL 430,H2T,L
841A6F,JA07AR,A139,AGUSTA AW-139,H2T,L
845D6F,JA110K,EC35,AIRBUS HELICOPTERS EC-135/635,H2T,L
85C86F,JA522T,R44,ROBINSON R-44 Raven,H1P,L
86CF6F,JA808X,B738,BOEING 737-800,L2J,M
88086F,HS-BCO,C172,CESSNA 172 Skyhawk,L1P,L
881B6F,60316,AT75,ATR-72-500,L2T,M
88516F,HS-TKO,B77W,BOEING 777-300ER,L2J,H
88596F,HS-VKO,A320,AIRBUS A-320,L2J,M
88806F,VN-8614,AS3B,AEROSPATIALE AS-332 Super Puma Mk2,H2T,M
88816F,VN-A624,A21N,AIRBUS A-321neo,L2J,M
89616F,A6-EFI,B77L,BOEING 777-200LR,L2J,H
89646F,A6-GIA,PC12,PILATUS PC-12,L1T,L
89656F,A6-BMJ,B78X,BOEING 787-10 Dreamliner,L2J,H
89906F,B-28025,MD83,MCDONNELL-DOUGLAS MD-83,L2J,M
8A056F,PK-GRS,CRJX,BOMBARDIER Regional Jet CRJ-1000,L2J,M
8A096F,PK-SJM,A320,AIRBUS A-320,L2J,M
A0016F,N1QQ,BOLT,STEEN Skybolt,L1P,L
A0046F,N10XG,GLF5,GULFSTREAM 5,L2J,M
A0056F,N100HM,C340,CESSNA 340 Super,L2P,L
A00A6F,N101WR,BE40,BEECH 400 Beechjet,L2J,M
A00B6F,N10147,,,,
A00C6F,N102DB,BE20,BEECH 200 Super King Air,L2T,M
A00D6F,N102PH,CH70,ZENAIR CH-701 Stol,L1P,L
A00F6F,N1027,SASY,PROTECH Sassy,L1P,L
A0106F,N103G,BE18,BEECH 18 Expetitor,L2P,L
A0116F,N103SF,B190,BEECH 1900,L2T,M
A0126F,N10312,C150,CESSNA 150,L1P,L
A0146F,N104JY,ULAC,,L0-,-
A01E6F,N1068A,M20P,MOONEY M-20,L1P,L
A0206F,N107TS,C72R,CESSNA 172R Cutlass RG,L1P,L
A0226F,N108AC,PA31,PIPER PA-31-300/310/325/350/425,L2P,L
A0236F,N108LJ,C560,CESSNA 560 Citation Ultra,L2J,M
A0256F,N10846,C150,CESSNA 150,L1P,L
A0266F,N109DA,SONX,SONEX AIRCRAFT Sonex,L1P,L
A0276F,N109PG,PARA,,P0-,-
A02A6F,N11FZ,NAVI,NORTH AMERICAN Navion,L1P,L
A02B6F,N11SE,PTS2,PITTS S-2 Special,L1P,L
A02E6F,N110YX,WAIX,SONEX Waiex,L1P,L
A02F6F,N1106T,PA11,PIPER PA-11 Cub Special,L1P,L
A0316F,N111RP,GLID,,L0-,-
A0366F,N1123N,,,,
A03A6F,N1135R,FOX,KITFOX,L1P,L
A03B6F,N114DW,AC11,NORTH AMERICAN ROCKWELL Commander 112/114,L1P,L
A0406F,N115T,AC11,NORTH AMERICAN ROCKWELL Commander 112/114,L1P,L
A0416F,N1152L,M20P,MOONEY M-20,L1P,L
A0436F,N116KS,C72R,CESSNA 172R Cutlass RG,L1P,L
A0496F,N1176S,GLID,,L0-,-
A04C6F,N1181J,VO10,NORTH AMERICAN ROCKWELL Commander 100,L1P,L
A04E6F,N119JE,GLF4,GULFSTREAM 4,L2J,M
A0506F,N1193M,C172,CESSNA 172 Skyhawk,L1P,L
A0516F,N12AX,BE9L,BEECH 90 King Air,L2T,L
A0526F,N12MC,DHC2,DE HAVILLAND DHC-2 Beaver,L1P,L
A0546F,N120HP,C82T,CESSNA TR182 Turbo Skylane RG,L1P,L
A0566F,N12026,M4,MAULE M-4,L1P,L
A0576F,N121AF,BE58,BEECH 58 Baron,L2P,L
A0596F,N121WT,AS21,SCHLEICHER ASK-21,L1P,L
A05B6F,N122DD,PA23,PIPER PA-23,L2P,L
A05F6F,N123GB,BE55,BEECH 55 Baron,L2P,L
A0606F,N123SH,BK17,EUROCOPTER BK117 C-1/2,H2T,L
A0616F,N12314,,,,
A0626F,N1239E,,,,
A0636F,N124K,C182,CESSNA 182 Skylane,L1P,L
A0696F,N1256,SR22,CIRRUS SR-22,L1P,L
A06C6F,N12602,C172,CESSNA 172 Skyhawk,L1P,L
A06D6F,N1268C,SR20,CIRRUS SR-20,L1P,L
A0706F,N12725,C172,CESSNA 172 Skyhawk,L1P,L
A0716F,N128AE,BE36,BEECH 36 Bonanza,L1P,L
A0726F,N128LL,AVID,AVID Flyer,L1P,L
A0736F,N128WS,BE58,BEECH 58 Baron,L2P,L
A0756F,N129DC,SREY,PROGRESSIVE AERODYNE SeaRey,A1P,L
A0766F,N129PJ,FDCT,FLIGHT DESIGN CT,L1P,L
A0786F,N1297A,PA18,PIPER PA-18 Super Cub,L1P,L
A07A6F,N13SG,DISC,SCHEMPP-HIRTH Discus,L1P,L
A0806F,N131RR,C560,CESSNA 560 Citation Ultra,L2J,M
A0816F,N1311M,DG15,HOWARD Nightingale,L1P,L
A0866F,N133B,EFOX,AEROPRO Eurofox,L1P,L
A08F6F,N135TB,BE35,BEECH 35 Starfire Bonanza,L1P,L
A0906F,N1352N,,,,
A0936F,N136W,,,,
A0996F,N138FJ,F2TH,DASSAULT Falcon 2000,L2J,M
A09F6F,N1393P,PA23,PIPER PA-23,L2P,L
A0A06F,N14AZ,C172,CESSNA 172 Skyhawk,L1P,L
A0A16F,N14ME,BIPL,EAA Biplane,L1P,L
A0A46F,N140TX,AS50,AEROSPATIALE AS-350 Ecureuil,H1T,L
A0A56F,N14028,PA23,PIPER PA-23,L2P,L
A0A66F,N141AH,R44,ROBINSON R-44 Raven,H1P,L
A0A96F,N1415A,PA22,PIPER PA-22,L1P,L
A0AD6F,N1427D,C170,CESSNA 170,L1P,L
A0B06F,N14316,PA18,PIPER PA-18 Super Cub,L1P,L
A0B36F,N144VH,COZY,CO-Z Cozy,L1P,L
A0B66F,N145N,ST75,STEARMAN Kaydet,L1P,L
A0B86F,N1456B,L8,LUSCOMBE 8,L1P,L
A0BC6F,N1468E,C172,CESSNA 172 Skyhawk,L1P,L
A0BF6F,N14727,FA24,FAIRCHILD F-24 Argus,L1P,L
A0C46F,N149DE,RV9,VANS RV-9,L1P,L
A0C86F,N15GC,ST75,STEARMAN Kaydet,L1P,L
A0C96F,N15SJ,DC3,DOUGLAS DC-3 Dakota,L2P,M
A0CA6F,N150CP,RV10,VANS RV-10,L1P,L
A0CB6F,N150NV,C150,CESSNA 150,L1P,L
A0CD6F,N1506X,,,,
A0D16F,N15180,T51,TITAN T-51 Mustang,L1P,L
A0D46F,N1523S,BE35,BEECH 35 Starfire Bonanza,L1P,L
A0D56F,N153BB,GYRO,,G0-,-
A0D76F,N153XP,ULAC,,L0-,-
A0D96F,N154E,C150,CESSNA 150,L1P,L
A0DB6F,N1540M,C182,CESSNA 182 Skylane,L1P,L
A0DC6F,N1547Y,C172,CESSNA 172 Skyhawk,L1P,L
A0DE6F,N155TD,EC55,AIRBUS HELICOPTERS EC-155,H2T,L
A0E76F,N1576W,BE35,BEECH 35 Starfire Bonanza,L1P,L
A0EB6F,N1588Z,BE35,BEECH 35 Starfire Bonanza,L1P,L
A0EE6F,N1593R,F8L,AEROMERE F-8L Falco,L1P,L
A0EF6F,N16BA,,,,
A0F06F,N16MG,NIMB,SCHEMPP-HIRTH Nimbus,L1P,L
A0F46F,N1603,B763,BOEING 767-300,L2J,H
A0F96F,N162DH,,,,
A0FA6F,N162PP,EXEC,ROTORWAY Exec,H1P,L
A0FC6F,N1627F,C172,CESSNA 172 Skyhawk,L1P,L
A0FF6F,N16318,P28A,PIPER PA-28-140/150/160/180,L1P,L
A1006F,N1639J,P28A,PIPER PA-28-140/150/160/180,L1P,L
A1016F,N164KD,,,,
A1176F,N17GE,RV6,VANS RV-6,L1P,L
A1186F,N17SL,HUSK,CHRISTEN Husky,L1P,L
A11A6F,N170NX,ONEX,SONEX Onex,L1P,L
A11F6F,N1711R,TS11,PZL-MIELEC TS-11 Iskra,L1J,L
A1216F,N172JM,C172,CESSNA 172 Skyhawk,L1P,L
A1246F,N173BD,,,,
A1276F,N1735X,C172,CESSNA 172 Skyhawk,L1P,L
A12B6F,N17470,WACF,WACO F,L1P,L
A12C6F,N175H,,,,
A1326F,N1764V,C172,CESSNA 172 Skyhawk,L1P,L
A1346F,N177NW,C177,CESSNA  177 Cardinal,L1P,L
A1366F,N1776Y,BALL,,B0-,-
A13F6F,N18MJ,BE36,BEECH 36 Bonanza,L1P,L
A1416F,N180HV,C180,CESSNA  180 Skywagon,L1P,L
A1436F,N1803B,L8,LUSCOMBE 8,L1P,L
A1446F,N181AM,LEG2,LANCAIR Legacy,L1P,L
A1456F,N181LT,EPIC,EPIC AIRCRAFT Epic LT,L1T,L
A1486F,N182DK,C182,CESSNA 182 Skylane,L1P,L
A1496F,N182PR,C182,CESSNA 182 Skylane,L1P,L
A14A6F,N182ZX,C182,CESSNA 182 Skylane,L1P,L
A14B6F,N1827H,C310,CESSNA 310,L2P,L
A14D6F,N183SP,C172,CESSNA 172 Skyhawk,L1P,L
A1546F,N185ND,C185,CESSNA 185 Skywagon,L1P,L
A1556F,N185YK,YK52,YAKOVLEV Yak-52,L1P,L
A1566F,N1856F,BE36,BEECH 36 Bonanza,L1P,L
A1586F,N186RB,WAIX,SONEX Waiex,L1P,L
A1596F,N18608,BE24,BEECH 24 Sierra,L1P,L
A15A6F,N1868J,P28A,PIPER PA-28-140/150/160/180,L1P,L
A15E6F,N188AL,BE20,BEECH 200 Super King Air,L2T,M
A1666F,N19GG,FB1A,BOWERS Fly Baby 1A,L1P,L
A16B6F,N19061,C150,CESSNA 150,L1P,L
A16C6F,N191FR,C240,CESSNA 240 Corvalis TTx,L1P,L
A16E6F,N1911T,P28A,PIPER PA-28-140/150/160/180,L1P,L
A16F6F,N19184,FA24,FAIRCHILD F-24 Argus,L1P,L
A1706F,N192JP,C172,CESSNA 172 Skyhawk,L1P,L
A1736F,N193BF,FOX,KITFOX,L1P,L
A1746F,N193MM,PA46,PIPER PA-46-310/350,L1P,L
A1776F,N194ED,P46T,PIPER PA-46-500TP,L1T,L
A1796F,N1940R,,,,
A17C6F,N195TH,C172,CESSNA 172 Skyhawk,L1P,L
A17F6F,N196L,VJ22,VOLMER Sportsman,A1P,L
A1826F,N197CS,COY2,RANS Coyote 2,L1P,L
A1856F,N19760,C172,CESSNA 172 Skyhawk,L1P,L
A18D6F,N2BE,PA15,PIPER PA-15 Vagabond,L1P,L
A18E6F,N2ML,BE36,BEECH 36 Bonanza,L1P,L
A18F6F,N2XS,BL17,BELLANCA 17 Viking,L1P,L
A1906F,N20HX,AS50,AEROSPATIALE AS-350 Ecureuil,H1T,L
A1916F,N20UC,LNC2,LANCAIR 200-320,L1P,L
A1926F,N200EH,EN28,ENSTROM F-28,H1P,L
A1946F,N2000V,TF19,TAYLORCRAFT F-19 Sportsman,L1P,L
A1976F,N201TM,M20P,MOONEY M-20,L1P,L
A1986F,N2012Y,C82T,CESSNA TR182 Turbo Skylane RG,L1P,L
A1996F,N20199,C172,CESSNA 172 Skyhawk,L1P,L
A19C6F,N20241,C172,CESSNA 172 Skyhawk,L1P,L
A19E6F,N203PB,RV8,VANS RV-8,L1P,L
A1A06F,N20364,C172,CESSNA 172 Skyhawk,L1P,L
A1A26F,N204S,B06,BELL 206 JetRanger,H1T,L
A1A36F,N2041W,BE35,BEECH 35 Starfire Bonanza,L1P,L
A1A46F,N20487,C172,CESSNA 172 Skyhawk,L1P,L
A1A56F,N205JS,M20P,MOONEY M-20,L1P,L
A1A76F,N2053Z,C150,CESSNA 150,L1P,L
A1AB6F,N20652,C172,CESSNA 172 Skyhawk,L1P,L
A1AE6F,N2070U,B06,BELL 206 JetRanger,H1T,L
A1B36F,2203,AT8T,AIR TRACTOR AT-802,L1T,M
A1B66F,N20940,C172,CESSNA 172 Skyhawk,L1P,L
A1B76F,N21CV,C560,CESSNA 560 Citation Ultra,L2J,M
A1B86F,N21PA,PA30,PIPER PA-30 Twin Comanche,L2P,L
A1BB6F,N210VT,P210,CESSNA P210 Centurion,L1P,L
A1BC6F,N2104J,PA32,PIPER PA-32,L1P,L
A1C06F,N2116M,,,,
A1C16F,N212FB,AT8T,AIR TRACTOR AT-802,L1T,M
A1C26F,N212RH,C25A,CESSNA 525A Citation CJ2,L2J,L
A1C36F,N2121D,BE35,BEECH 35 Starfire Bonanza,L1P,L
A1C56F,N213J,GLID,,L0-,-
A1C76F,N2133G,C182,CESSNA 182 Skylane,L1P,L
A1CB6F,N2145K,L8,LUSCOMBE 8,L1P,L
A1CE6F,N2150B,P32R,PIPER PA-32R-300/301/301T,L1P,L
A1CF6F,N2157N,P32R,PIPER PA-32R-300/301/301T,L1P,L
A1D26F,N2162E,CH7A,BELLANCA 7 Champion,L1P,L
A1D76F,N218CC,T210,CESSNA T210 Turbo Centurion,L1P,L
A1DE6F,N2198P,PA23,PIPER PA-23,L2P,L
A1DF6F,N22HZ,,,,
A1E36F,N2200X,C337,CESSNA 337 Super Skymaster,L2P,L
A1E46F,N22078,C150,CESSNA 150,L1P,L
A1E76F,N22120,G200,AKROTECH G-200,L1P,L
A1EB6F,N22243,C150,CESSNA 150,L1P,L
A1EF6F,N22366,AR65,AERONCA 65 Super Chief,L1P,L
A1F16F,N224SB,LJ45,LEARJET 45,L2J,M
A1F26F,N2241Y,P28A,PIPER PA-28-140/150/160/180,L1P,L
A1F36F,N22489,C150,CESSNA 150,L1P,L
A1F56F,N225V,BE95,BEECH 95 Travel Air,L2P,L
A1F66F,N22531,S10,STINSON 10 Voyager,L1P,L
A1F76F,N226BL,CRER,RANS Courier,L1P,L
A1F96F,N226XY,SR22,CIRRUS SR-22,L1P,L
A1FE6F,N22777,DHC1,DE HAVILLAND DHC-1 Chipmunk,L1P,L
A2076F,N23PC,BE58,BEECH 58 Baron,L2P,L
A20B6F,N2304L,BE23,BEECH 23 Sundowner,L1P,L
A20C6F,N231CF,M20P,MOONEY M-20,L1P,L
A2126F,N2321F,C210,CESSNA 201 Centurion,L1P,L
A2146F,N233JB,M20P,MOONEY M-20,L1P,L
A2186F,N234M,BE95,BEECH 95 Travel Air,L2P,L
A2226F,N2369T,NAVI,NORTH AMERICAN Navion,L1P,L
A22B6F,N239RJ,ULAC,,L0-,-
A22C6F,N2391E,T206,CESSNA T206 Turbo Stationair,L1P,L
A22F6F,N24UG,C25B,CESSNA 525B Citation CJ3,L2J,L
A2326F,N2400Z,BE50,BEECH 50 Excalibur,L2P,L
A2376F,N242AB,Z42,ZLIN Z-42/142/242,L1P,L
A2386F,N242LH,Z42,ZLIN Z-42/142/242,L1P,L
A2396F,N242WP,COY2,RANS Coyote 2,L1P,L
A2416F,N24410,PA36,PIPER PA-36 Pawnee Brave,L1P,L
A2426F,N2449A,C82S,CESSNA T182 Turbo Skylane,L1P,L
A2446F,N245VB,C240,CESSNA 240 Corvalis TTx,L1P,L
A2456F,N24533,J4,PIPER J-4 Cub Coupe,L1P,L
A2486F,N246Y,SF50,CIRRUS SF-50 Vision,L1J,L
A24B6F,N247QS,CL60,BOMBARDIER CL-600 Challenger,L2J,M
A2536F,N249WN,B737,BOEING 737-700,L2J,M
A2606F,N252RM,M20P,MOONEY M-20,L1P,L
A2616F,N2521H,ULAC,,L0-,-
A2626F,N2528U,P28A,PIPER PA-28-140/150/160/180,L1P,L
A2666F,N254AW,DHC3,DE HAVILLAND DHC-3 Otter,L1P,L
A2676F,N254MB,C680,CESSNA 680 Citation Sovereign,L2J,M
A2696F,N2545P,PA22,PIPER PA-22,L1P,L
A26C6F,N2550F,CH7A,BELLANCA 7 Champion,L1P,L
A26D6F,N2557S,C82R,CESSNA R182 Skylane RG,L1P,L
A26E6F,N256GS,DRON,,D0-,-
A26F6F,N256SY,E75L,EMBRAER ERJ-170-200 (long wing),L2J,M
A2716F,N2569V,,,,
A2766F,N258NN,E75L,EMBRAER ERJ-170-200 (long wing),L2J,M
A2786F,N2586Q,C182,CESSNA 182 Skylane,L1P,L
A27B6F,N2591G,PA38,PIPER PA-38 Tomahawk,L1P,L
A27D6F,N26JC,,,,
A27F6F,N260EP,PTS2,PITTS S-2 Special,L1P,L
A2816F,N26001,DRON,,D0-,-
A2826F,N2608B,BE95,BEECH 95 Travel Air,L2P,L
A2856F,N26124,AA5,AMERICAN AA-5 Tiger,L1P,L
A2896F,N26247,AA5,AMERICAN AA-5 Tiger,L1P,L
A28A6F,N263DB,M20P,MOONEY M-20,L1P,L
A2906F,N26412,AA5,AMERICAN AA-5 Tiger,L1P,L
A2986F,N26658,TAYB,TAYLORCRAFT BC/BF/BL,L1P,L
A29B6F,N26700,J4,PIPER J-4 Cub Coupe,L1P,L
A29E6F,N268TS,FA50,DASSAULT Falcon 50,L3J,M
A2A06F,N269AC,CH7A,BELLANCA 7 Champion,L1P,L
A2A36F,N26946,J5,PIPER J-5 Cub Cruiser,L1P,L
A2A46F,N27DA,PA32,PIPER PA-32,L1P,L
A2A96F,N2704Q,C182,CESSNA 182 Skylane,L1P,L
A2B06F,N2721K,L8,LUSCOMBE 8,L1P,L
A2B16F,N2728W,M20P,MOONEY M-20,L1P,L
A2B26F,N273JF,C172,CESSNA 172 Skyhawk,L1P,L
A2B56F,N274AY,A333,AIRBUS A-330-300,L2J,H
A2B66F,N274MD,C180,CESSNA  180 Skywagon,L1P,L
A2B86F,N2745R,PARA,,P0-,-
A2BB6F,N2750H,GLID,,L0-,-
A2BC6F,N2757U,C172,CESSNA 172 Skyhawk,L1P,L
A2BE6F,N276T,PA18,PIPER PA-18 Super Cub,L1P,L
A2BF6F,N2762L,C172,CESSNA 172 Skyhawk,L1P,L
A2C36F,N2774P,PA18,PIPER PA-18 Super Cub,L1P,L
A2C76F,N2786S,S22T,CIRRUS SR-22T Turbo,L1P,L
A2CA6F,N2791J,C150,CESSNA 150,L1P,L
A2CB6F,N2798V,BE35,BEECH 35 Starfire Bonanza,L1P,L
A2CC6F,N28JE,C185,CESSNA 185 Skywagon,L1P,L
A2CE6F,N280ER,EN28,ENSTROM F-28,H1P,L
A2D06F,N28003,AA5,AMERICAN AA-5 Tiger,L1P,L
A2D26F,N281HP,P28A,PIPER PA-28-140/150/160/180,L1P,L
A2D86F,N28249,AA5,AMERICAN AA-5 Tiger,L1P,L
A2D96F,N283DD,SR22,CIRRUS SR-22,L1P,L
A2DF6F,N28414,AA5,AMERICAN AA-5 Tiger,L1P,L
A2E16F,N285K,R66,ROBINSON R-66,H1T,L
A2E36F,N28537,AA5,AMERICAN AA-5 Tiger,L1P,L
A2E76F,N2866,GLID,,L0-,-
A2EB6F,N2878C,C170,CESSNA 170,L1P,L
A2EE6F,N28825,L8,LUSCOMBE 8,L1P,L
A2F26F,N28948,AA5,AMERICAN AA-5 Tiger,L1P,L
A2F36F,N29DC,BE35,BEECH 35 Starfire Bonanza,L1P,L
A2F46F,N29PJ,H269,HUGHES Sky Knight,H1P,L
A2F56F,N29ZQ,LA25,LAKE LA-250,A1P,L
A2F76F,N290WA,SR22,CIRRUS SR-22,L1P,L
A2F96F,N291CM,BE58,BEECH 58 Baron,L2P,L
A2FC6F,N2916V,,,,
A3026F,N293UP,MD11,MCDONNELL-DOUGLAS MD-11,L3J,H
A3036F,N2933Q,PA34,PIPER PA-34 Seneca,L2P,L
A3046F,N294B,RV9,VANS RV-9,L1P,L
A3076F,N2945T,P28B,PIPER PA-28-201T/235/236,L1P,L
A30F6F,N2969Z,P28R,PIPER PA-28R-180/200/201,L1P,L
A3166F,N2986U,C172,CESSNA 172 Skyhawk,L1P,L
A3186F,N299RQ,C77R,CESSNA 177RG Cardinal RG,L1P,L
A3196F,N2991L,M20P,MOONEY M-20,L1P,L
A31C6F,N3UN,PA24,PIPER PA-24 Comanche,L1P,L
A31D6F,N30ET,C310,CESSNA 310,L2P,L
A31F6F,N300BD,C310,CESSNA 310,L2P,L
A3226F,N3005X,C150,CESSNA 150,L1P,L
A3236F,N301EB,T210,CESSNA T210 Turbo Centurion,L1P,L
A3266F,N30170,BALL,,B0-,-
A3286F,N302TF,,,,
A3296F,N3022S,C150,CESSNA 150,L1P,L
A32A6F,N30293,C177,CESSNA  177 Cardinal,L1P,L
A32D6F,N3034V,M7,MAULE M-7,L1P,L
A3346F,N3051Q,H500,HUGHES 500,H1T,L
A3356F,N30581,ACAM,LEZA Air Cam,L2P,L
A3396F,N307BC,,,,
A33C6F,N3075W,LNC2,LANCAIR 200-320,L1P,L
A33F6F,N3080N,C120,CESSNA 120,L1P,L
A3446F,N30992,J4,PIPER J-4 Cub Coupe,L1P,L
A3456F,N31KX,SU31,SUKHOI Su-31,L1P,L
A3466F,N31WC,BE20,BEECH 200 Super King Air,L2T,M
A3486F,N310SP,B06,BELL 206 JetRanger,H1T,L
A34B6F,N311KF,PA46,PIPER PA-46-310/350,L1P,L
A34C6F,N311VM,PC12,PILATUS PC-12,L1T,L
A34D6F,N3114C,M7,MAULE M-7,L1P,L
A3516F,N3126F,BALL,,B0-,-
A3536F,N313RB,P32R,PIPER PA-32R-300/301/301T,L1P,L
A3546F,N31308,AR6T,AERONCA 65 Tandem,L1P,L
A3576F,N314U,C310,CESSNA 310,L2P,L
A3586F,N3143A,C170,CESSNA 170,L1P,L
A35C6F,N3155D,C180,CESSNA  180 Skywagon,L1P,L
A35D6F,N316DJ,LAMA,AEROSPATIALE SA-315 Lama,H1T,L
A35E6F,N316PQ,CRJ9,BOMBARDIER Regional Jet CRJ-900,L2J,M
A3606F,N3167G,T6,NORTH AMERICAN T-6 Texan,L1P,L
A3676F,N3184B,C170,CESSNA 170,L1P,L
A36D6F,N32RA,G164,GRUMMAN G-164 Ag-Cat,L1P,L
A36F6F,N320MM,CH7B,BELLANCA 7 Citabria,L1P,L
A3746F,N3210R,BALL,,B0-,-
A3756F,N32172,P28R,PIPER PA-28R-180/200/201,L1P,L
A3786F,N3222U,BE36,BEECH 36 Bonanza,L1P,L
A3796F,N32295,S10,STINSON 10 Voyager,L1P,L
A37D6F,N324CS,R44,ROBINSON R-44 Raven,H1P,L
A3806F,N32460,,,,
A3886F,N327BE,CH7B,BELLANCA 7 Citabria,L1P,L
A38E6F,N3280Q,PA32,PIPER PA-32,L1P,L
A38F6F,N32871,P28B,PIPER PA-28-201T/235/236,L1P,L
A3926F,N3292T,C177,CESSNA  177 Cardinal,L1P,L
A3936F,N32994,P28R,PIPER PA-28R-180/200/201,L1P,L
A3956F,N33WE,RV7,VANS RV-7,L1P,L
A3976F,N330SR,SR22,CIRRUS SR-22,L1P,L
A3986F,N3302B,PA22,PIPER PA-22,L1P,L
A39C6F,N3314E,C172,CESSNA 172 Skyhawk,L1P,L
A39D6F,N332C,S108,STINSON 108 Voyager,L1P,L
A3A16F,N333EY,TBM7,SOCATA TBM-700A/B/C,L1T,L
A3A26F,N333RD,S22T,CIRRUS SR-22T Turbo,L1P,L
A3A36F,N3331,A319,AIRBUS A-319,L2J,M
A3A76F,N3343C,BE35,BEECH 35 Starfire Bonanza,L1P,L
A3AA6F,N335X,P208,TECNAM P-2008,L1P,L
A3AD6F,N336PS,PA11,PIPER PA-11 Cub Special,L1P,L
A3B06F,N337GJ,BE30,BEECH 300 Super King Air,L2T,L
A3B26F,N3372A,PA22,PIPER PA-22,L1P,L
A3BB6F,N34EX,E300,EXTRA EA-300/330/350,L1P,L
A3BC6F,N34RC,KR2,RAND KR-2,L1P,L
A3BE6F,N340MP,C340,CESSNA 340 Super,L2P,L
A3C06F,N34051,TAYB,TAYLORCRAFT BC/BF/BL,L1P,L
A3C36F,N3410T,C177,CESSNA  177 Cardinal,L1P,L
A3C46F,N34174,GLID,,L0-,-
A3C86F,N34297,J3,PIPER J-3 Cub,L1P,L
A3D26F,N3451U,C182,CESSNA 182 Skylane,L1P,L
A3D36F,N34585,AR65,AERONCA 65 Super Chief,L1P,L
A3DE6F,N34873,C177,CESSNA  177 Cardinal,L1P,L
A3E26F,N34996,C177,CESSNA  177 Cardinal,L1P,L
A3E36F,N35LA,M20P,MOONEY M-20,L1P,L
A3E46F,N35WG,PZ04,PZL-OKECIE PZL-104 Wilga,L1P,L
A3E56F,N350GM,C414,CESSNA 414 Chancellor,L2P,L
A3E76F,N3502D,C170,CESSNA 170,L1P,L
A3E86F,N3509Q,C172,CESSNA 172 Skyhawk,L1P,L
A3EF6F,N3526K,P28A,PIPER PA-28-140/150/160/180,L1P,L
A3F36F,N3538N,M20P,MOONEY M-20,L1P,L
A3FA6F,N3555H,ERCO,AIR PRODUCTS F-1 Aircoupe,L1P,L
A3FB6F,N356DN,A321,AIRBUS A-321,L2J,M
A3FE6F,N3567L,G2T1,GREAT LAKES 2T-1,L1P,L
A4006F,N357SS,GLAS,Glasair,L1P,L
A4016F,N3572C,C170,CESSNA 170,L1P,L
A4066F,N359CA,BL8,BELLANCA 8 Decathlon,L1P,L
A4096F,N3596J,C150,CESSNA 150,L1P,L
A40B6F,N36RE,PA46,PIPER PA-46-310/350,L1P,L
A40C6F,N360BK,BKUT,BERKUT Berkut,L1P,L
A40E6F,N360XX,,,,
A4136F,N36176,BL8,BELLANCA 8 Decathlon,L1P,L
A4176F,N36299,RV6,VANS RV-6,L1P,L
A41E6F,N36464,TAYB,TAYLORCRAFT BC/BF/BL,L1P,L
A4216F,N3651W,PA32,PIPER PA-32,L1P,L
A4276F,N367MQ,SH36,SHORT 360,L2T,M
A42C6F,N3680U,BE36,BEECH 36 Bonanza,L1P,L
A42E6F,N369HE,H500,HUGHES 500,H1T,L
A4306F,N3692X,BE76,BEECH 76 Duchess,L2P,L
A4326F,N37LC,TL30,TL ULTRALIGHT TL-3000 Sirius,L1P,L
A4336F,N37WJ,EPIC,EPIC AIRCRAFT Epic LT,L1T,L
A4366F,N3702F,G2T1,GREAT LAKES 2T-1,L1P,L
A43B6F,N372CD,SR22,CIRRUS SR-22,L1P,L
A43C6F,N372NK,,,,
A43E6F,N3726M,RV10,VANS RV-10,L1P,L
A4426F,N3738Q,BE95,BEECH 95 Travel Air,L2P,L
A4456F,N3743G,C170,CESSNA 170,L1P,L
A44C6F,N3760B,BE95,BEECH 95 Travel Air,L2P,L
A4506F,N3772E,CH7A,BELLANCA 7 Champion,L1P,L
A4556F,N379CC,R44,ROBINSON R-44 Raven,H1P,L
A4596F,N38FA,B06,BELL 206 JetRanger,H1T,L
A45A6F,N38RG,RV7,VANS RV-7,L1P,L
A45E6F,N38055,J5,PIPER J-5 Cub Cruiser,L1P,L
A4626F,N38178,P28A,PIPER PA-28-140/150/160/180,L1P,L
A4646F,N382TP,,,,
A4686F,N383WM,RV14,VANS RV-14,L1P,L
A4706F,N3851Y,C210,CESSNA 201 Centurion,L1P,L
A4746F,N38631,J3,PIPER J-3 Cub,L1P,L
A4786F,N38754,J3,PIPER J-3 Cub,L1P,L
A47B6F,N3880W,PA32,PIPER PA-32,L1P,L
A47F6F,N3892Z,PA18,PIPER PA-18 Super Cub,L1P,L
A4826F,N39WL,B47G,BELL 47G,H1P,L
A4866F,N3909U,C150,CESSNA 150,L1P,L
A4966F,N395M,UH1,BELL UH-1 Huey,H1T,L
A4996F,N396DS,RV6,VANS RV-6,L1P,L
A49C6F,N3967Q,C172,CESSNA 172 Skyhawk,L1P,L
A49E6F,N397SW,B733,BOEING 737-300,L2J,M
A49F6F,N3972G,T206,CESSNA T206 Turbo Stationair,L1P,L
A4A76F,N3996N,M20P,MOONEY M-20,L1P,L
A4A86F,N4FC,F2TH,DASSAULT Falcon 2000,L2J,M
A4A96F,N4RJ,JD2,DYKE JD-2 Delta,L1P,L
A4AD6F,N400JF,,,,
A4B46F,N402DW,G109,GROB G-109,L1P,L
A4B66F,N4020H,ULAC,,L0-,-
A4B76F,N4027U,C150,CESSNA 150,L1P,L
A4BA6F,N4032L,SS2T,TRUSH Turbo Thrush 500/550,L1T,L
A4BE6F,N4044P,PA31,PIPER PA-31-300/310/325/350/425,L2P,L
A4C26F,N4056S,BE36,BEECH 36 Bonanza,L1P,L
A4C56F,N4061J,C150,CESSNA 150,L1P,L
A4CB6F,N408MC,B744,BOEING 747-400,L4J,H
A4CD6F,N4085Q,P28A,PIPER PA-28-140/150/160/180,L1P,L
A4D26F,N41GT,C501,CESSNA 501 Citation 1SP,L2J,L
A4D36F,N41SZ,SF50,CIRRUS SF-50 Vision,L1J,L
A4D56F,N410PK,C185,CESSNA 185 Skywagon,L1P,L
A4D76F,N4107B,C182,CESSNA 182 Skylane,L1P,L
A4D96F,N411SH,C180,CESSNA  180 Skywagon,L1P,L
A4DA6F,N41114,C421,CESSNA 421 Executive Commuter,L2P,L
A4DB6F,N4119E,PA18,PIPER PA-18 Super Cub,L1P,L
A4DC6F,N412K,BE18,BEECH 18 Expetitor,L2P,L
A4DF6F,N413BS,RV10,VANS RV-10,L1P,L
A4E26F,N4136,,,,
A4E56F,N41402,R44,ROBINSON R-44 Raven,H1P,L
A4E66F,N4148C,C82R,CESSNA R182 Skylane RG,L1P,L
A4E96F,N41525,AT8T,AIR TRACTOR AT-802,L1T,M
A4EA6F,N416AE,B06,BELL 206 JetRanger,H1T,L
A4ED6F,N41648,P28A,PIPER PA-28-140/150/160/180,L1P,L
A4EE6F,N417DC,PA32,PIPER PA-32,L1P,L
A4F16F,N4177A,CH7B,BELLANCA 7 Citabria,L1P,L
A4F46F,N41813,CH7B,BELLANCA 7 Citabria,L1P,L
A4FB6F,N42YC,PA31,PIPER PA-31-300/310/325/350/425,L2P,L
A4FC6F,N420JH,BE33,BEECH 33 Bonanza,L1P,L
A4FD6F,N420UP,B752,BOEING 757-200,L2J,M
A4FE6F,N4203Q,C172,CESSNA 172 Skyhawk,L1P,L
A4FF6F,N421B,BE30,BEECH 300 Super King Air,L2T,L
A5026F,N4215T,PA32,PIPER PA-32,L1P,L
A5096F,N4232N,C120,CESSNA 120,L1P,L
A50A6F,N4239Z,PA18,PIPER PA-18 Super Cub,L1P,L
A50C6F,N424W,C172,CESSNA 172 Skyhawk,L1P,L
A50E6F,N425CL,C425,CESSNA 425 Corsair,L2T,L
A5116F,N4256U,C150,CESSNA 150,L1P,L
A5146F,N4261L,C172,CESSNA 172 Skyhawk,L1P,L
A5166F,N427JG,C172,CESSNA 172 Skyhawk,L1P,L
A5216F,N43GV,GLF5,GULFSTREAM 5,L2J,M
A5226F,N43TA,BE20,BEECH 200 Super King Air,L2T,M
A5236F,N430DF,V10,NORTH AMERICAN OV-10 Bronco,L2T,L
A5246F,N430PM,RV7,VANS RV-7,L1P,L
A5286F,N431SK,P3,LOCKHEED P-3 Orion,L4T,M
A5316F,N4336B,C170,CESSNA 170,L1P,L
A5356F,N4348E,CH7A,BELLANCA 7 Champion,L1P,L
A5386F,N43527,PA32,PIPER PA-32,L1P,L
A53C6F,N4365,PTS1,PITTS S-1 Special,L1P,L
A53D6F,N437DE,R44,ROBINSON R-44 Raven,H1P,L
A5406F,N4377C,CH7A,BELLANCA 7 Champion,L1P,L
A5426F,N438SJ,FA20,DASSAULT Falcon 200,L2J,M
A5446F,N4389F,P28A,PIPER PA-28-140/150/160/180,L1P,L
A5486F,N44BT,GLID,,L0-,-
A54D6F,N4403S,AT3P,AIR TRACTOR AT-301/401,L1P,L
A54E6F,N441BB,C441,CESSNA 441 Conquest,L2T,L
A5526F,N442E,P32R,PIPER PA-32R-300/301/301T,L1P,L
A5546F,N4420M,C310,CESSNA 310,L2P,L
A5586F,N4432Q,ST75,STEARMAN Kaydet,L1P,L
A5596F,N44391,TAYB,TAYLORCRAFT BC/BF/BL,L1P,L
A55A6F,N444KW,C340,CESSNA 340 Super,L2P,L
A55C6F,N4444T,C206,CESSNA  206 Stationair,L1P,L
A5606F,N4456W,BE36,BEECH 36 Bonanza,L1P,L
A5676F,N4473R,C172,CESSNA 172 Skyhawk,L1P,L
A5686F,N448BA,R44,ROBINSON R-44 Raven,H1P,L
A56B6F,N4485U,C150,CESSNA 150,L1P,L
A56F6F,N4497X,P28A,PIPER PA-28-140/150/160/180,L1P,L
A5706F,N45GX,GLEX,BOMBARDIER BD-700 Global 6000/6500,L2J,M
A5716F,N45TC,BE55,BEECH 55 Baron,L2P,L
A5726F,N450DH,C210,CESSNA 201 Centurion,L1P,L
A5756F,N4507F,C185,CESSNA 185 Skywagon,L1P,L
A5826F,N454R,COY2,RANS Coyote 2,L1P,L
A5836F,N45406,AA5,AMERICAN AA-5 Tiger,L1P,L
A5856F,N455HS,C82T,CESSNA TR182 Turbo Skylane RG,L1P,L
A5886F,N456AJ,R66,ROBINSON R-66,H1T,L
A58A6F,N456WW,BE58,BEECH 58 Baron,L2P,L
A5976F,N46BV,RV8,VANS RV-8,L1P,L
A5986F,N46NA,NAVI,NORTH AMERICAN Navion,L1P,L
A5A06F,N4615X,T206,CESSNA T206 Turbo Stationair,L1P,L
A5A46F,N46270,TAYD,TAYLORCRAFT DC/DF/DL,L1P,L
A5AB6F,N4644V,MOR2,MORRISEY Nifty,L1P,L
A5B26F,N4661Q,C152,CESSNA 152,L1P,L
A5B56F,N467US,BALL,,B0-,-
A5B66F,N4673T,SA3,STITS SA-3 Playboy,L1P,L
A5B76F,N468BC,AA5,AMERICAN AA-5 Tiger,L1P,L
A5BD6F,N4690N,C182,CESSNA 182 Skylane,L1P,L
A5BE6F,N4697Z,PA22,PIPER PA-22,L1P,L
A5C26F,N470PR,BE10,BEECH 100 King Air,L2T,L
A5C46F,N4707H,PA11,PIPER PA-11 Cub Special,L1P,L
A5C66F,N471SP,C172,CESSNA 172 Skyhawk,L1P,L
A5C86F,N4719L,P28A,PIPER PA-28-140/150/160/180,L1P,L
A5CB6F,N4724C,C140,CESSNA 140,L1P,L
A5D36F,N4748J,C172,CESSNA 172 Skyhawk,L1P,L
A5D86F,N476LS,T206,CESSNA T206 Turbo Stationair,L1P,L
A5DB6F,N477DJ,,,,
A5E16F,N47819,P28A,PIPER PA-28-140/150/160/180,L1P,L
A5E26F,N4789K,P210,CESSNA P210 Centurion,L1P,L
A5E76F,N48NC,AS31,SCHLEICHER ASH-31,L1P,L
A5E96F,N480JP,DA40,DIAMOND DA-40 Club Star,L1P,L
A5EB6F,N4803W,C82R,CESSNA R182 Skylane RG,L1P,L
A5ED6F,N481MM,BE40,BEECH 400 Beechjet,L2J,M
A5EF6F,N4815Z,PA22,PIPER PA-22,L1P,L
A5F66F,N4832U,C210,CESSNA 201 Centurion,L1P,L
A5F86F,N484L,LNP4,LANCAIR PropJet 4,L1T,L
A6016F,N4861S,C82R,CESSNA R182 Skylane RG,L1P,L
A60A6F,N489EC,C172,CESSNA 172 Skyhawk,L1P,L
A60C6F,N4890Q,C188,CESSNA 188 AgTruck,L1P,L
A60E6F,N49HA,PTS2,PITTS S-2 Special,L1P,L
A6106F,N490DM,BE9L,BEECH 90 King Air,L2T,L
A6136F,N4907K,CH75,ZENAIR CH-750 Cruzer,L1P,L
A6166F,N4912B,Z42,ZLIN Z-42/142/242,L1P,L
A6176F,N4919N,C182,CESSNA 182 Skylane,L1P,L
A61A6F,N4924E,C185,CESSNA 185 Skywagon,L1P,L
A61B6F,N493C,SR22,CIRRUS SR-22,L1P,L
A6226F,N4948L,P28A,PIPER PA-28-140/150/160/180,L1P,L
A6286F,N496X,GLEX,BOMBARDIER BD-700 Global 6000/6500,L2J,M
A62A6F,N497DL,BALL,,B0-,-
A62D6F,N4977J,P28R,PIPER PA-28R-180/200/201,L1P,L
A6316F,N4989M,BE35,BEECH 35 Starfire Bonanza,L1P,L
A6356F,N5BZ,BE58,BEECH 58 Baron,L2P,L
A6366F,N5NE,TL20,TL ULTRALIGHT TL-2000 Sting,L1P,L
A6376F,N5YL,RC3,REPUBLIC RC-3 Seabee,A1P,L
A6386F,N50JR,BE60,BEECH 60 Duke,L2P,L
A63A6F,N500FB,EA50,ECLIPSE 550,L2J,L
A63C6F,N5001D,C182,CESSNA 182 Skylane,L1P,L
A63D6F,PP-VRO,BE58,BEECH 58 Baron,L2P,L
A63E6F,N501J,DHC2,DE HAVILLAND DHC-2 Beaver,L1P,L
A6406F,N5013G,B06,BELL 206 JetRanger,H1T,L
A6426F,N502LY,AT5T,AIR TRACTOR AT-504,L1T,L
A6446F,N5025K,BALL,,B0-,-
A6476F,N5030B,C172,CESSNA 172 Skyhawk,L1P,L
A6486F,N5037N,BL8,BELLANCA 8 Decathlon,L1P,L
A64B6F,N5042E,CH7A,BELLANCA 7 Champion,L1P,L
A64C6F,N5049R,C172,CESSNA 172 Skyhawk,L1P,L
A64F6F,N5054H,C172,CESSNA 172 Skyhawk,L1P,L
A6506F,N506CC,PA11,PIPER PA-11 Cub Special,L1P,L
A6536F,N5066L,BL8,BELLANCA 8 Decathlon,L1P,L
A6546F,N507FA,AT6T,AIR TRACTOR AT-602,L1T,L
A6556F,N507RG,SA30,STOLP Starduster Too,L1P,L
A6566F,N5071C,BE35,BEECH 35 Starfire Bonanza,L1P,L
A6576F,N5078P,PA24,PIPER PA-24 Comanche,L1P,L
A65A6F,N5083F,EFOX,AEROPRO Eurofox,L1P,L
A6606F,N51PV,BE33,BEECH 33 Bonanza,L1P,L
A6616F,N510A,B14A,BELLANCA 14,L1P,L
A6636F,N510WM,RV9,VANS RV-9,L1P,L
A66A6F,N512SB,P210,CESSNA P210 Centurion,L1P,L
A66B6F,N5121Y,SBOY,INTERPLANE Skyboy,L1P,L
A6736F,N51454,J3,PIPER J-3 Cub,L1P,L
A6766F,N5150W,P28A,PIPER PA-28-140/150/160/180,L1P,L
A6776F,N51577,C172,CESSNA 172 Skyhawk,L1P,L
A6796F,N516TN,CH60,ZENAIR CH-600 Zodiac,L1P,L
A67A6F,N5162Z,L5,STINSON Sentinel,L1P,L
A67C6F,N517LE,EAGL,CHRISTEN Eagle,L1P,L
A6806F,N518PC,C340,CESSNA 340 Super,L2P,L
A6826F,N51865,C172,CESSNA 172 Skyhawk,L1P,L
A6876F,N52JT,CL30,BOMBARDIER BD-100 Challenger 300,L2J,M
A68C6F,N5208S,C82T,CESSNA TR182 Turbo Skylane RG,L1P,L
A68D6F,N521JB,A320,AIRBUS A-320,L2J,M
A6916F,N522M,,,,
A6946F,N523DS,FOX,KITFOX,L1P,L
A6976F,N5237Q,C150,CESSNA 150,L1P,L
A69A6F,N5242G,O1,CESSNA 305/341 Bird Dog,L1P,L
A69B6F,N5249T,P28R,PIPER PA-28R-180/200/201,L1P,L
A69C6F,N525KN,C25A,CESSNA 525A Citation CJ2,L2J,L
A69E6F,N5254K,C172,CESSNA 172 Skyhawk,L1P,L
A6A46F,N527RJ,M20P,MOONEY M-20,L1P,L
A6A56F,N5271E,BALL,,B0-,-
A6A66F,N5278R,C172,CESSNA 172 Skyhawk,L1P,L
A6B36F,N53045,C172,CESSNA 172 Skyhawk,L1P,L
A6B96F,N532SD,DRON,,D0-,-
A6C26F,N53456,C172,CESSNA 172 Skyhawk,L1P,L
A6C46F,N535QS,C68A,CESSNA 680 Citation Latitude,L2J,M
A6CC6F,N537WN,DRON,,D0-,-
A6CD6F,N53744,CH7B,BELLANCA 7 Citabria,L1P,L
A6D16F,N53867,CH7B,BELLANCA 7 Citabria,L1P,L
A6D36F,N539SC,CRUZ,CSA PS-28 Cruiser,L1P,L
A6D56F,N5399,GLST,GLASAIR SH-4 GlaStar,L1P,L
A6D66F,N54JV,C500,CESSNA 500 Citation 1,L2J,L
A6D76F,N54VA,C172,CESSNA 172 Skyhawk,L1P,L
A6D96F,N540RM,HROC,HARMON Rocket,L1P,L
A6DA6F,N5401H,C172,CESSNA 172 Skyhawk,L1P,L
A6DB6F,N5408U,BE95,BEECH 95 Travel Air,L2P,L
A6DC6F,N541JD,SR22,CIRRUS SR-22,L1P,L
A6DE6F,N5413L,,,,
A6E06F,N542MB,HDJT,HONDA HondaJet,L2J,L
A6E56F,N5430F,P28A,PIPER PA-28-140/150/160/180,L1P,L
A6ED6F,N5454M,SR20,CIRRUS SR-20,L1P,L
A6F16F,N5466Q,C150,CESSNA 150,L1P,L
A6F46F,N5471G,BE36,BEECH 36 Bonanza,L1P,L
A6F56F,N5478T,C172,CESSNA 172 Skyhawk,L1P,L
A6F86F,N5483K,C172,CESSNA 172 Skyhawk,L1P,L
A6FA6F,N549MA,CH7B,BELLANCA 7 Citabria,L1P,L
A6FE6F,N55PZ,PA18,PIPER PA-18 Super Cub,L1P,L
A7006F,N550LK,GLF5,GULFSTREAM 5,L2J,M
A7016F,N550WR,C550,CESSNA 550 Citation S2,L2J,L
A7036F,N551DB,BE36,BEECH 36 Bonanza,L1P,L
A70A6F,N5529C,C170,CESSNA 170,L1P,L
A7116F,N55458,P28A,PIPER PA-28-140/150/160/180,L1P,L
A7126F,N555EN,B47G,BELL 47G,H1P,L
A7186F,N55623,P28A,PIPER PA-28-140/150/160/180,L1P,L
A7196F,N557AC,EC25,AIRBUS HELICOPTERS EC-225/725,H2T,M
A71C6F,N55746,P28A,PIPER PA-28-140/150/160/180,L1P,L
A71E6F,N558PG,SR22,CIRRUS SR-22,L1P,L
A7276F,N560FH,C56X,CESSNA 560XL Citation XLS,L2J,M
A7286F,N560RP,C560,CESSNA 560 Citation Ultra,L2J,M
A72D6F,N5613N,PARA,,P0-,-
A7356F,N5637U,P28A,PIPER PA-28-140/150/160/180,L1P,L
A7376F,N564T,BE35,BEECH 35 Starfire Bonanza,L1P,L
A73C6F,N5654P,PA24,PIPER PA-24 Comanche,L1P,L
A74B6F,N5695Q,M20P,MOONEY M-20,L1P,L
A74C6F,N57DV,P28R,PIPER PA-28R-180/200/201,L1P,L
A7526F,N571DD,HUSK,CHRISTEN Husky,L1P,L
A7596F,N5729E,C150,CESSNA 150,L1P,L
A75A6F,N573K,,,,
A7646F,N5758C,C170,CESSNA 170,L1P,L
A7676F,N57625,PA36,PIPER PA-36 Pawnee Brave,L1P,L
A7706F,N579GA,GLF5,GULFSTREAM 5,L2J,M
A7716F,N579SG,MM16,MAGNI M-16 Tandem Trainer,G1P,L
A7736F,N5799D,PA22,PIPER PA-22,L1P,L
A77B6F,N581UP,B744,BOEING 747-400,L4J,H
A77C6F,N5813Q,M20P,MOONEY M-20,L1P,L
A77D6F,N582B,BE35,BEECH 35 Starfire Bonanza,L1P,L
A7806F,N5825T,P28A,PIPER PA-28-140/150/160/180,L1P,L
A7836F,N5830K,BE35,BEECH 35 Starfire Bonanza,L1P,L
A7866F,N584TB,BE58,BEECH 58 Baron,L2P,L
A7876F,N5842N,AC11,NORTH AMERICAN ROCKWELL Commander 112/114,L1P,L
A7886F,N5849Z,PA22,PIPER PA-22,L1P,L
A78B6F,N5854R,P180,PIAGGIO P-180 Avanti,L2T,L
A78F6F,N5866U,P28A,PIPER PA-28-140/150/160/180,L1P,L
A7926F,N5871L,AA5,AMERICAN AA-5 Tiger,L1P,L
A79A6F,N5895S,BE35,BEECH 35 Starfire Bonanza,L1P,L
A7A26F,N591PM,PA46,PIPER PA-46-310/350,L1P,L
A7B36F,N5958E,C150,CESSNA 150,L1P,L
A7C56F,N60FM,R44,ROBINSON R-44 Raven,H1P,L
A7C66F,N60RT,LNC2,LANCAIR 200-320,L1P,L
A7C96F,N600YK,CJ6,NANCHANG CJ-6,L1P,L
A7CC6F,N601RB,AEST,AEROSTAR 600,L2P,L
A7CD6F,N60108,C150,CESSNA 150,L1P,L
A7CE6F,N6018J,C150,CESSNA 150,L1P,L
A7D16F,N6023A,AC11,NORTH AMERICAN ROCKWELL Commander 112/114,L1P,L
A7DB6F,N605SN,C25M,CESSNA 525 Citation M2,L2J,L
A7DC6F,N60519,BE36,BEECH 36 Bonanza,L1P,L
A7DD6F,N6059K,BALL,,B0-,-
A7E66F,N608RA,B06,BELL 206 JetRanger,H1T,L
A7E86F,N6088H,C152,CESSNA 152,L1P,L
A7EB6F,N6093,,,,
A7EC6F,N61AK,BEAR,AVIPRO RB-4 Bearhawk,L1P,L
A7ED6F,N61LR,CH75,ZENAIR CH-750 Cruzer,L1P,L
A7F16F,N6102U,AT5T,AIR TRACTOR AT-504,L1T,L
A7F36F,N611L,C208,CESSNA 208 Caravan,L1T,L
A7F56F,N6114X,AC50,NORTH AMERICAN ROCKWELL Commander 500,L2P,L
A7F96F,N61260,P28R,PIPER PA-28R-180/200/201,L1P,L
A7FB6F,N613RW,P32R,PIPER PA-32R-300/301/301T,L1P,L
A7FC6F,N6131S,,,,
A8006F,N6143V,BE35,BEECH 35 Starfire Bonanza,L1P,L
A8026F,N615ML,RV8,VANS RV-8,L1P,L
A8046F,N6155Y,T210,CESSNA T210 Turbo Centurion,L1P,L
A8086F,N61671,C172,CESSNA 172 Skyhawk,L1P,L
A80B6F,N6172T,C150,CESSNA 150,L1P,L
A80C6F,N61794,C172,CESSNA 172 Skyhawk,L1P,L
A8136F,N6196Z,PA25,PIPER PA-25 Pawnee,L1P,L
A8156F,N62RV,RV10,VANS RV-10,L1P,L
A8166F,N620C,AS20,SCHLEICHER ASW-20,L1P,L
A8196F,N6206H,PA34,PIPER PA-34 Seneca,L2P,L
A81C6F,N6211,AS50,AEROSPATIALE AS-350 Ecureuil,H1T,L
A8206F,N6223C,MIMU,BUSHBY Midget Mustang,L1P,L
A8236F,N623X,GLID,,L0-,-
A8376F,N6288K,C150,CESSNA 150,L1P,L
A83B6F,N63AM,C172,CESSNA 172 Skyhawk,L1P,L
A83C6F,N63LT,PA23,PIPER PA-23,L2P,L
A83F6F,N630TK,C560,CESSNA 560 Citation Ultra,L2J,M
A8416F,N63097,B06,BELL 206 JetRanger,H1T,L
A8446F,N6314Z,BL17,BELLANCA 17 Viking,L1P,L
A8466F,N632P,ZZZZ,,-0-,-
A8536F,N63550,C150,CESSNA 150,L1P,L
A8576F,N63673,C150,CESSNA 150,L1P,L
A85B6F,N63796,PA23,PIPER PA-23,L2P,L
A85E6F,N6384Y,PA23,PIPER PA-23,L2P,L
A8646F,N64RX,AS50,AEROSPATIALE AS-350 Ecureuil,H1T,L
A8686F,N6406K,C150,CESSNA 150,L1P,L
A8736F,N6435H,J3,PIPER J-3 Cub,L1P,L
A8766F,N6440,AS29,SCHLEICHER ASG-29,L1P,L
A87B6F,N6459P,PA24,PIPER PA-24 Comanche,L1P,L
A8846F,N648RE,,,,
A8866F,N6488M,S108,STINSON 108 Voyager,L1P,L
A88A6F,N65AP,PA23,PIPER PA-23,L2P,L
A88B6F,N65LV,BE35,BEECH 35 Starfire Bonanza,L1P,L
A88E6F,N650TM,C82S,CESSNA T182 Turbo Skylane,L1P,L
A8906F,N65099,COL3,CESSNA 350 Corvalis,L1P,L
A8936F,N65141,L13M,LET L-13 Blanik,L1P,L
A8956F,N652PB,H60,SIKORSKY UH-60 Black Hawk,H2T,M
A8996F,N653S,RV7,VANS RV-7,L1P,L
A89A6F,N6531W,P210,CESSNA P210 Centurion,L1P,L
A89B6F,N65387,BALL,,B0-,-
A89C6F,N654JS,CH7A,BELLANCA 7 Champion,L1P,L
A8A56F,N6560U,M20P,MOONEY M-20,L1P,L
A8AA6F,N65798,C172,CESSNA 172 Skyhawk,L1P,L
A8AD6F,N65840,GLID,,L0-,-
A8AF6F,N659PA,,,,
A8B26F,N66FT,RV8,VANS RV-8,L1P,L
A8B56F,N660NK,A321,AIRBUS A-321,L2J,M
A8BA6F,N6611D,C172,CESSNA 172 Skyhawk,L1P,L
A8BC6F,N662J,JAB2,JABIRU J160/170,L1P,L
A8BE6F,N6623G,C188,CESSNA 188 AgTruck,L1P,L
A8C66F,N6647N,TA15,TAYLORCRAFT 15 Foursome,L1P,L
A8CA6F,N6659R,BE19,BEECH 19 Sport,L1P,L
A8CB6F,N666KL,ASTR,GULFSTREAM AEROSPACE Gulfstream G100,L2J,M
A8CD6F,N6664H,J3,PIPER J-3 Cub,L1P,L
A8CE6F,N667CC,BE20,BEECH 200 Super King Air,L2T,M
A8D56F,N6688P,PA24,PIPER PA-24 Comanche,L1P,L
A8DA6F,N67LX,E300,EXTRA EA-300/330/350,L1P,L
A8EC6F,N674V,BE35,BEECH 35 Starfire Bonanza,L1P,L
A8ED6F,N67431,C152,CESSNA 152,L1P,L
A8EF6F,N675MS,C208,CESSNA 208 Caravan,L1T,L
A8F16F,N67554,B06,BELL 206 JetRanger,H1T,L
A8F46F,N6760W,P28A,PIPER PA-28-140/150/160/180,L1P,L
A8F56F,N67677,BE17,BEECH 17 Staggerwing,L1P,L
A8F96F,N678,MG15,MIKOYAN MiG-15,L1J,L
A8FC6F,N67842,C152,CESSNA 152,L1P,L
A8FE6F,N679PC,,,,
A9036F,N680CF,C680,CESSNA 680 Citation Sovereign,L2J,M
A9076F,N681FD,B412,BELL 412,H2T,L
A90F6F,N683M,PA11,PIPER PA-11 Cub Special,L1P,L
A9116F,N6835M,C182,CESSNA 182 Skylane,L1P,L
A9126F,N684DS,B738,BOEING 737-800,L2J,M
A9146F,N6840D,B26,DOUGLAS A-26 Invader,L2P,M
A9206F,N6876N,M20P,MOONEY M-20,L1P,L
A9236F,N6881E,C175,CESSNA 175 Skylark,L1P,L
A92C6F,N690TR,AC68,AERO Commander 680,L2P,L
A93C6F,N69433,C340,CESSNA 340 Super,L2P,L
A9426F,N696QS,C68A,CESSNA 680 Citation Latitude,L2J,M
A9476F,N69721,RELI,STINSON Reliant,L1P,L
A94C6F,N699CZ,BE99,BEECH 99 Airliner,L2T,L
A9536F,N70NP,BE99,BEECH 99 Airliner,L2T,L
A9556F,N700K,BE58,BEECH 58 Baron,L2P,L
A9576F,N70037,C185,CESSNA 185 Skywagon,L1P,L
A9586F,N701BS,CH70,ZENAIR CH-701 Stol,L1P,L
A9636F,N704AE,C150,CESSNA 150,L1P,L
A9676F,N705DC,,,,
A96E6F,N7069D,PA31,PIPER PA-31-300/310/325/350/425,L2P,L
A9716F,N70736,J3,PIPER J-3 Cub,L1P,L
A9756F,N70859,J3,PIPER J-3 Cub,L1P,L
A97A6F,N71HM,B06,BELL 206 JetRanger,H1T,L
A97B6F,N71TT,NIMB,SCHEMPP-HIRTH Nimbus,L1P,L
A97F6F,N7107W,P28A,PIPER PA-28-140/150/160/180,L1P,L
A9806F,N711GW,C182,CESSNA 182 Skylane,L1P,L
A9856F,N712W,,,,
A9866F,N7124R,P28A,PIPER PA-28-140/150/160/180,L1P,L
A98D6F,N7141L,AA5,AMERICAN AA-5 Tiger,L1P,L
A98E6F,N7148X,C150,CESSNA 150,L1P,L
A98F6F,N715JG,SR22,CIRRUS SR-22,L1P,L
A9916F,N7153P,PA24,PIPER PA-24 Comanche,L1P,L
A9956F,N7165S,C150,CESSNA 150,L1P,L
A9966F,N717DX,GLF4,GULFSTREAM 4,L2J,M
A9986F,N7170J,BALL,,B0-,-
A99B6F,N718TA,SR20,CIRRUS SR-20,L1P,L
A99C6F,N7182M,C175,CESSNA 175 Skylark,L1P,L
A99D6F,N7189Y,PA30,PIPER PA-30 Twin Comanche,L2P,L
A9A06F,N7194Q,C172,CESSNA 172 Skyhawk,L1P,L
A9A36F,N72YX,PA18,PIPER PA-18 Super Cub,L1P,L
A9AA6F,N7216B,BE35,BEECH 35 Starfire Bonanza,L1P,L
A9B06F,N723TW,B752,BOEING 757-200,L2J,M
A9B26F,N724AG,GLF6,GULFSTREAM G650,L2J,M
A9B56F,N7245,G164,GRUMMAN G-164 Ag-Cat,L1P,L
A9B96F,N7257C,L37,LOCKHEED L-137 Ventura,L2P,M
A9BD6F,N7269F,P28A,PIPER PA-28-140/150/160/180,L1P,L
A9BF6F,N727VG,S22T,CIRRUS SR-22T Turbo,L1P,L
A9C46F,N7286A,C172,CESSNA 172 Skyhawk,L1P,L
A9C96F,N73HP,AS50,AEROSPATIALE AS-350 Ecureuil,H1T,L
A9CE6F,N7307Y,AT3P,AIR TRACTOR AT-301/401,L1P,L
A9D06F,N731TD,CH65,ZENAIR CH-650 Zodiac,L1P,L
A9D16F,N7312Q,C182,CESSNA 182 Skylane,L1P,L
A9D46F,N732WB,BE40,BEECH 400 Beechjet,L2J,M
A9D66F,N733CN,C172,CESSNA 172 Skyhawk,L1P,L
A9D76F,N733NU,C172,CESSNA 172 Skyhawk,L1P,L
A9D86F,N733Z,GLAS,Glasair,L1P,L
A9D96F,N7336W,P28A,PIPER PA-28-140/150/160/180,L1P,L
A9DB6F,N734RS,C172,CESSNA 172 Skyhawk,L1P,L
A9DD6F,N7348Z,PA25,PIPER PA-25 Pawnee,L1P,L
A9DF6F,N735UQ,C182,CESSNA 182 Skylane,L1P,L
A9E16F,N736BA,C182,CESSNA 182 Skylane,L1P,L
A9E26F,N736MG,CL60,BOMBARDIER CL-600 Challenger,L2J,M
A9E36F,N736XN,C172,CESSNA 172 Skyhawk,L1P,L
A9E56F,N737DZ,C172,CESSNA 172 Skyhawk,L1P,L
A9EB6F,N7382P,PA24,PIPER PA-24 Comanche,L1P,L
A9EE6F,N739WA,C172,CESSNA 172 Skyhawk,L1P,L
A9EF6F,N7394S,C182,CESSNA 182 Skylane,L1P,L
A9F26F,N74YZ,LNCE,LANCAIR ES,L1P,L
A9F36F,N740KD,LJ45,LEARJET 45,L2J,M
A9FB6F,N742R,PC12,PILATUS PC-12,L1T,L
A9FC6F,N74206,T206,CESSNA T206 Turbo Stationair,L1P,L
AA006F,N74329,R44,ROBINSON R-44 Raven,H1P,L
AA076F,N745ZU,DRON,,D0-,-
AA0D6F,N747KC,GLAS,Glasair,L1P,L
AA186F,N75HR,HROC,HARMON Rocket,L1P,L
AA196F,N75TX,C750,CESSNA 750 Citation 10,L2J,M
AA1A6F,N750EB,CH75,ZENAIR CH-750 Cruzer,L1P,L
AA1C6F,N7500P,PA24,PIPER PA-24 Comanche,L1P,L
AA1D6F,N75070,H269,HUGHES Sky Knight,H1P,L
AA1E6F,N751H,AS50,AEROSPATIALE AS-350 Ecureuil,H1T,L
AA1F6F,N751TF,,,,
AA216F,N75193,P28A,PIPER PA-28-140/150/160/180,L1P,L
AA2C6F,N75481,CJ6,NANCHANG CJ-6,L1P,L
AA2D6F,N755JL,SR22,CIRRUS SR-22,L1P,L
AA2E6F,N755US,A319,AIRBUS A-319,L2J,M
AA306F,N756BC,C82R,CESSNA R182 Skylane RG,L1P,L
AA336F,N7565W,P28A,PIPER PA-28-140/150/160/180,L1P,L
AA366F,N7570N,C182,CESSNA 182 Skylane,L1P,L
AA416F,N76ZA,S76,SIKORSKY S-76 Spirit,H2T,L
AA436F,N760VM,AS31,SCHLEICHER ASH-31,L1P,L
AA456F,N761BY,T210,CESSNA T210 Turbo Centurion,L1P,L
AA466F,N761ND,CRJ7,BOMBARDIER Regional Jet CRJ-700,L2J,M
AA476F,N761YK,T210,CESSNA T210 Turbo Centurion,L1P,L
AA486F,N7616F,P28A,PIPER PA-28-140/150/160/180,L1P,L
AA4B6F,N76208,C140,CESSNA 140,L1P,L
AA576F,N7657G,C150,CESSNA 150,L1P,L
AA5A6F,N76619,C140,CESSNA 140,L1P,L
AA5C6F,N767KE,GLST,GLASAIR SH-4 GlaStar,L1P,L
AA5E6F,N7674B,B14A,BELLANCA 14,L1P,L
AA626F,N7686E,CH7A,BELLANCA 7 Champion,L1P,L
AA646F,N769RA,P28A,PIPER PA-28-140/150/160/180,L1P,L
AA676F,N77HT,BE36,BEECH 36 Bonanza,L1P,L
AA686F,N77TZ,C510,CESSNA 510 Citation Mustang,L2J,L
AA696F,N770ED,BALL,,B0-,-
AA6B6F,N7700R,BALL,,B0-,-
AA6F6F,N7712U,C172,CESSNA 172 Skyhawk,L1P,L
AA736F,N7724X,C172,CESSNA 172 Skyhawk,L1P,L
AA7A6F,N7741S,GLID,,L0-,-
AA7B6F,N77483,C120,CESSNA 120,L1P,L
AA826F,N7765Y,PA30,PIPER PA-30 Twin Comanche,L2P,L
AA836F,N777EC,M20P,MOONEY M-20,L1P,L
AA846F,N777QJ,DRON,,D0-,-
AA866F,N77771,ULAC,,L0-,-
AA876F,N778HA,P46T,PIPER PA-46-500TP,L1T,L
AA896F,N7782T,C172,CESSNA 172 Skyhawk,L1P,L
AA9A6F,N7821,G21,GRUMMAN G-21A Goose,A2P,L
AA9E6F,N7833C,CH70,ZENAIR CH-701 Stol,L1P,L
AA9F6F,N784AN,B772,BOEING 777-200,L2J,H
AAA06F,N784LU,PA44,PIPER PA-44 Seminole,L2P,L
AAA16F,N784X,RV4,VANS RV-4,L1P,L
AAA96F,N7862A,B737,BOEING 737-700,L2J,M
AAAB6F,N787KG,DRON,,D0-,-
AAAD6F,N7874D,PA18,PIPER PA-18 Super Cub,L1P,L
AAB16F,N7886G,C172,CESSNA 172 Skyhawk,L1P,L
AAB46F,N78909,M20P,MOONEY M-20,L1P,L
AAB86F,N790EF,WAIX,SONEX Waiex,L1P,L
AABB6F,N79074,C182,CESSNA 182 Skylane,L1P,L
AABE6F,N7912W,P28A,PIPER PA-28-140/150/160/180,L1P,L
AABF6F,N79197,C172,CESSNA 172 Skyhawk,L1P,L
AAC26F,N7924Z,C150,CESSNA 150,L1P,L
AAC46F,N793P,BE9L,BEECH 90 King Air,L2T,L
AACE6F,N796BG,C152,CESSNA 152,L1P,L
AAD16F,N79650,ST75,STEARMAN Kaydet,L1P,L
AAD26F,N797EE,S22T,CIRRUS SR-22T Turbo,L1P,L
AAD46F,N7970S,,,,
AAD96F,N79896,C172,CESSNA 172 Skyhawk,L1P,L
AADA6F,N799LA,PC12,PILATUS PC-12,L1T,L
AADD6F,N8CT,PA23,PIPER PA-23,L2P,L
AADE6F,N8NZ,C207,CESSNA 207 Turbo Stationair,L1P,L
AADF6F,N8ZE,RV8,VANS RV-8,L1P,L
AAE26F,N800FW,P28A,PIPER PA-28-140/150/160/180,L1P,L
AAE46F,N8001Y,PA30,PIPER PA-30 Twin Comanche,L2P,L
AAE56F,N80089,C172,CESSNA 172 Skyhawk,L1P,L
AAE76F,N801V,RV4,VANS RV-4,L1P,L
AAE86F,N80131,C172,CESSNA 172 Skyhawk,L1P,L
AAE96F,N802BL,AT8T,AIR TRACTOR AT-802,L1T,M
AAEA6F,N802MS,T210,CESSNA T210 Turbo Centurion,L1P,L
AAEC6F,N80254,C172,CESSNA 172 Skyhawk,L1P,L
AAEF6F,N8030W,P28A,PIPER PA-28-140/150/160/180,L1P,L
AAF06F,N80377,C172,CESSNA 172 Skyhawk,L1P,L
AAF66F,N805WL,,,,
AAFB6F,N80665,GC1,GLOBE Swift,L1P,L
AAFE6F,N8071X,P28A,PIPER PA-28-140/150/160/180,L1P,L
AAFF6F,N80788,C172,CESSNA 172 Skyhawk,L1P,L
AB006F,N808JT,R44,ROBINSON R-44 Raven,H1P,L
AB026F,N80830,C172,CESSNA 172 Skyhawk,L1P,L
AB066F,N80953,GC1,GLOBE Swift,L1P,L
AB0D6F,N811DS,,,,
AB0F6F,N8110D,PA34,PIPER PA-34 Seneca,L2P,L
AB126F,N812SW,R66,ROBINSON R-66,H1T,L
AB146F,N8129T,,,,
AB176F,N8134K,PA34,PIPER PA-34 Seneca,L2P,L
AB1D6F,N815RJ,DRON,,D0-,-
AB1F6F,N8158R,BE35,BEECH 35 Starfire Bonanza,L1P,L
AB206F,N816JA,E550,EMBRAER EMB-550 Praetor 600,L2J,M
AB226F,N8163H,B25,CONSOLIDATED B-25 Mitchell,L2P,M
AB276F,N818DR,SR20,CIRRUS SR-20,L1P,L
AB296F,N8180C,PA18,PIPER PA-18 Super Cub,L1P,L
AB2A6F,N8187P,PA24,PIPER PA-24 Comanche,L1P,L
AB2F6F,N82KM,PTS2,PITTS S-2 Special,L1P,L
AB306F,N82VT,S22T,CIRRUS SR-22T Turbo,L1P,L
AB326F,N820SD,BL8,BELLANCA 8 Decathlon,L1P,L
AB346F,N8209A,BE36,BEECH 36 Bonanza,L1P,L
AB366F,N821VB,RV8,VANS RV-8,L1P,L
AB3D6F,N823QS,C700,CESSNA 700 Citation Longitude,L2J,M
AB3E6F,N8230Y,BE33,BEECH 33 Bonanza,L1P,L
AB3F6F,N82379,CH7A,BELLANCA 7 Champion,L1P,L
AB406F,N824HJ,SR22,CIRRUS SR-22,L1P,L
AB426F,N82421,CH7A,BELLANCA 7 Champion,L1P,L
AB436F,N825AA,B789,BOEING 787-9 Dreamliner,L2J,H
AB466F,N82544,PA18,PIPER PA-18 Super Cub,L1P,L
AB4A6F,N82667,PA18,PIPER PA-18 Super Cub,L1P,L
AB4D6F,N8271Z,P28R,PIPER PA-28R-180/200/201,L1P,L
AB4E6F,N8279,,,,
AB516F,N82832,P28A,PIPER PA-28-140/150/160/180,L1P,L
AB526F,N829BM,RV12,VANS RV-12,L1P,L
AB586F,N830AW,A319,AIRBUS A-319,L2J,M
AB616F,N832SY,B738,BOEING 737-800,L2J,M
AB626F,N8322J,C150,CESSNA 150,L1P,L
AB686F,N834NN,B738,BOEING 737-800,L2J,M
AB6E6F,N8358T,C175,CESSNA 175 Skylark,L1P,L
AB716F,N8363K,G164,GRUMMAN G-164 Ag-Cat,L1P,L
AB756F,N8375N,PA34,PIPER PA-34 Seneca,L2P,L
AB796F,N8387R,P28A,PIPER PA-28-140/150/160/180,L1P,L
AB7F6F,N84VV,DV20,DIAMOND DA-20,L1P,L
AB806F,N840G,AC90,NORTH AMERICAN ROCKWELL Turbo Commander 690/840,L2T,L
AB826F,N84012,CH7A,BELLANCA 7 Champion,L1P,L
AB866F,N84135,L8,LUSCOMBE 8,L1P,L
AB906F,N844TS,,,,
AB916F,N84423,CH7A,BELLANCA 7 Champion,L1P,L
AB926F,N845AC,A319,AIRBUS A-319,L2J,M
AB966F,N846DA,AT8T,AIR TRACTOR AT-802,L1T,M
AB996F,N84669,CH7A,BELLANCA 7 Champion,L1P,L
AB9E6F,N848JX,DRON,,D0-,-
ABA16F,N849BP,AS50,AEROSPATIALE AS-350 Ecureuil,H1T,L
ABA56F,N85EM,S22T,CIRRUS SR-22T Turbo,L1P,L
ABAA6F,N8505R,B14A,BELLANCA 14,L1P,L
ABAD6F,N8510H,NAVI,NORTH AMERICAN Navion,L1P,L
ABAE6F,N8517U,C172,CESSNA 172 Skyhawk,L1P,L
ABB06F,N852T,BE23,BEECH 23 Sundowner,L1P,L
ABB26F,N8529X,C172,CESSNA 172 Skyhawk,L1P,L
ABC56F,N858DV,,,,
ABC76F,N8580G,C150,CESSNA 150,L1P,L
ABC86F,N8587T,PA32,PIPER PA-32,L1P,L
ABC96F,N859GT,B748,BOEING 747-8,L4J,H
ABCC6F,N8599W,P28B,PIPER PA-28-201T/235/236,L1P,L
ABD16F,N86014,AR11,AERONCA 11 Chief,L1P,L
ABD96F,N8626,ZZZZ,,-0-,-
ABE56F,N866DC,BE33,BEECH 33 Bonanza,L1P,L
ABE86F,N8667A,BE35,BEECH 35 Starfire Bonanza,L1P,L
ABEB6F,N86713,CH7B,BELLANCA 7 Citabria,L1P,L
ABF06F,N869BR,DV20,DIAMOND DA-20,L1P,L
ABF36F,N86959,CH7A,BELLANCA 7 Champion,L1P,L
ABF66F,N870B,C550,CESSNA 550 Citation S2,L2J,L
ABFC6F,N8710K,S108,STINSON 108 Voyager,L1P,L
AC006F,N8722N,P28A,PIPER PA-28-140/150/160/180,L1P,L
AC116F,N877ME,SONX,SONEX AIRCRAFT Sonex,L1P,L
AC126F,N877XL,AS50,AEROSPATIALE AS-350 Ecureuil,H1T,L
AC1A6F,N8792M,BE23,BEECH 23 Sundowner,L1P,L
AC1D6F,N88VZ,PA46,PIPER PA-46-310/350,L1P,L
AC206F,N88016,C185,CESSNA 185 Skywagon,L1P,L
AC216F,N8809G,C150,CESSNA 150,L1P,L
AC266F,N882N,ST75,STEARMAN Kaydet,L1P,L
AC296F,N883ES,SR22,CIRRUS SR-22,L1P,L
AC2B6F,N88304,J3,PIPER J-3 Cub,L1P,L
AC2E6F,N884TW,T206,CESSNA T206 Turbo Stationair,L1P,L
AC2F6F,N88427,J3,PIPER J-3 Cub,L1P,L
AC3C6F,N888KA,T210,CESSNA T210 Turbo Centurion,L1P,L
AC3D6F,N888VG,EDGT,ZIVKO Edge 540T,L1P,L
AC3E6F,N88838,RV8,VANS RV-8,L1P,L
AC426F,N8896A,CRJ2,BOMBARDIER Regional Jet CRJ-200,L2J,M
AC456F,N890BB,F900,DASSAULT Falcon 900,L3J,M
AC4C6F,N8917Y,PA30,PIPER PA-30 Twin Comanche,L2P,L
AC526F,N893WB,PC12,PILATUS PC-12,L1T,L
AC566F,N894Z,YK52,YAKOVLEV Yak-52,L1P,L
AC576F,N8946W,P28B,PIPER PA-28-201T/235/236,L1P,L
AC596F,N895RS,LJ55,LEARJET 55,L2J,M
AC606F,N897MG,,,,
AC686F,N899TC,CAMP,GREGA GN-1 Aircamper,L1P,L
AC696F,N8992P,PA24,PIPER PA-24 Comanche,L1P,L
AC6A6F,N89990,C120,CESSNA 120,L1P,L
AC6B6F,N9KV,M7,MAULE M-7,L1P,L
AC6D6F,N90GF,ULAC,,L0-,-
AC6E6F,N90SM,YK52,YAKOVLEV Yak-52,L1P,L
AC6F6F,N900CS,CH75,ZENAIR CH-750 Cruzer,L1P,L
AC726F,N90060,C140,CESSNA 140,L1P,L
AC806F,N9040Q,BE56,BEECH 56 Turbo Baron,L2P,L
AC856F,N90594,C180,CESSNA  180 Skywagon,L1P,L
AC886F,N9064W,P28B,PIPER PA-28-201T/235/236,L1P,L
AC906F,N90882,,,,
AC916F,N909JM,FA50,DASSAULT Falcon 50,L3J,M
AC9A6F,N911AN,B105,EUROCOPTER BO-105,H2T,L
AC9D6F,N9115F,PA18,PIPER PA-18 Super Cub,L1P,L
AC9E6F,N912DL,MD88,MCDONNELL-DOUGLAS MD-88,L2J,M
AC9F6F,N912PS,RV8,VANS RV-8,L1P,L
ACA16F,N9127J,P28A,PIPER PA-28-140/150/160/180,L1P,L
ACA26F,N913GJ,,,,
ACAC6F,N9156G,M20P,MOONEY M-20,L1P,L
ACAE6F,N916RC,BE35,BEECH 35 Starfire Bonanza,L1P,L
ACAF6F,N91609,NAVI,NORTH AMERICAN Navion,L1P,L
ACB36F,N9173B,C172,CESSNA 172 Skyhawk,L1P,L
ACB46F,N918AM,C25A,CESSNA 525A Citation CJ2,L2J,L
ACB56F,N918LT,C25C,CESSNA 525C Citation CJ4,L2J,M
ACC16F,N92062,H269,HUGHES Sky Knight,H1P,L
ACC46F,N9211U,C150,CESSNA 150,L1P,L
ACC86F,N9223X,C172,CESSNA 172 Skyhawk,L1P,L
ACC96F,N923BG,G103,GROB G-103 Twin 3SL,L1P,L
ACCC6F,N92350,J3,PIPER J-3 Cub,L1P,L
ACD56F,N926LA,AT3T,AIR TRACTOR AT-302/402,L1T,L
ACDB6F,N92761,T6,NORTH AMERICAN T-6 Texan,L1P,L
ACDF6F,N92884,PA46,PIPER PA-46-310/350,L1P,L
ACE36F,N93BF,BOLT,STEEN Skybolt,L1P,L
ACE56F,N93XT,E300,EXTRA EA-300/330/350,L1P,L
ACEC6F,N9315H,L5,STINSON Sentinel,L1P,L
ACF46F,N9339P,PA24,PIPER PA-24 Comanche,L1P,L
ACF76F,N9344F,C72R,CESSNA 172R Cutlass RG,L1P,L
ACF86F,N935CA,JACE,ACE Junior Ace,L1P,L
ACFB6F,N9356J,P28A,PIPER PA-28-140/150/160/180,L1P,L
AD026F,N9373D,PA18,PIPER PA-18 Super Cub,L1P,L
AD066F,N9385G,C188,CESSNA 188 AgTruck,L1P,L
AD076F,N939DM,RV10,VANS RV-10,L1P,L
AD0C6F,N94SR,PA11,PIPER PA-11 Cub Special,L1P,L
AD0D6F,N940CW,TBM7,SOCATA TBM-700A/B/C,L1T,L
AD0E6F,N940PB,AS21,SCHLEICHER ASK-21,L1P,L
AD126F,N941S,H25B,HAWKER BEECHCRAFT Hawker 750/850,L2J,M
AD156F,N942JS,C680,CESSNA 680 Citation Sovereign,L2J,M
AD1B6F,N94352,ERCO,AIR PRODUCTS F-1 Aircoupe,L1P,L
AD1E6F,N9440U,C150,CESSNA 150,L1P,L
AD1F6F,N94475,S55P,SIKORSKY S-55 Chickasaw,H1P,L
AD216F,N945TL,DA40,DIAMOND DA-40 Club Star,L1P,L
AD236F,N94598,C182,CESSNA 182 Skylane,L1P,L
AD246F,N946LC,PRM1,RAYTHEON 390 Premier 1,L2J,L
AD2D6F,N9481V,M20P,MOONEY M-20,L1P,L
AD2E6F,N94886,ERCO,AIR PRODUCTS F-1 Aircoupe,L1P,L
AD2F6F,N949JR,B350,BEECHCRAFT Super King Air 350,L2T,M
AD306F,N949UX,ULAC,,L0-,-
AD326F,N95BH,BE58,BEECH 58 Baron,L2P,L
AD3B6F,N9515K,P28A,PIPER PA-28-140/150/160/180,L1P,L
AD3D6F,N952PW,ULAC,,L0-,-
AD426F,N9532E,AR11,AERONCA 11 Chief,L1P,L
AD466F,N9544H,C172,CESSNA 172 Skyhawk,L1P,L
AD476F,N955CC,C172,CESSNA 172 Skyhawk,L1P,L
AD4D6F,N9561C,P28A,PIPER PA-28-140/150/160/180,L1P,L
AD526F,N958AR,C240,CESSNA 240 Corvalis TTx,L1P,L
AD586F,N9590A,C170,CESSNA 170,L1P,L
AD596F,N9597M,M20P,MOONEY M-20,L1P,L
AD5A6F,N96GM,HUSK,CHRISTEN Husky,L1P,L
AD5F6F,N96066,TAYB,TAYLORCRAFT BC/BF/BL,L1P,L
AD606F,N961FW,C25A,CESSNA 525A Citation CJ2,L2J,L
AD626F,N9611Y,BE95,BEECH 95 Travel Air,L2P,L
AD656F,N962V,KR2,RAND KR-2,L1P,L
AD686F,N963MS,C152,CESSNA 152,L1P,L
AD726F,N966,FB1A,BOWERS Fly Baby 1A,L1P,L
AD756F,N96642,C182,CESSNA 182 Skylane,L1P,L
AD7B6F,N968SA,P32R,PIPER PA-32R-300/301/301T,L1P,L
AD7C6F,N9681X,C210,CESSNA 201 Centurion,L1P,L
AD7E6F,N969JT,A321,AIRBUS A-321,L2J,M
AD816F,N97BK,BE36,BEECH 36 Bonanza,L1P,L
AD826F,N97MR,,,,
AD836F,N97XX,C208,CESSNA 208 Caravan,L1T,L
AD846F,N970JB,A321,AIRBUS A-321,L2J,M
AD866F,N9703J,C188,CESSNA 188 AgTruck,L1P,L
AD8B6F,N972DS,ULAC,,L0-,-
AD8D6F,N9720D,PA22,PIPER PA-22,L1P,L
AD906F,N973SW,CRJ2,BOMBARDIER Regional Jet CRJ-200,L2J,M
AD916F,N9732G,C180,CESSNA  180 Skywagon,L1P,L
AD9B6F,N976RJ,PARA,,P0-,-
AD9C6F,N9761E,AR11,AERONCA 11 Chief,L1P,L
AD9D6F,N9768R,BE35,BEECH 35 Starfire Bonanza,L1P,L
ADA06F,N9773H,C82R,CESSNA R182 Skylane RG,L1P,L
ADA16F,N978AT,B712,BOEING 717-200,L2J,M
ADA56F,N979DR,LJ45,LEARJET 45,L2J,M
ADA96F,N98GP,C82R,CESSNA R182 Skylane RG,L1P,L
ADAB6F,N980D,S108,STINSON 108 Voyager,L1P,L
ADB16F,N98110,J3,PIPER J-3 Cub,L1P,L
ADB56F,N98233,J3,PIPER J-3 Cub,L1P,L
ADBC6F,N9840Y,CH7A,BELLANCA 7 Champion,L1P,L
ADBD6F,N98479,J3,PIPER J-3 Cub,L1P,L
ADC06F,N98521,J3,PIPER J-3 Cub,L1P,L
ADC16F,N986AA,H60,SIKORSKY UH-60 Black Hawk,H2T,M
ADC56F,N987CZ,C182,CESSNA 182 Skylane,L1P,L
ADC86F,N98767,,,,
ADC96F,N988FX,C208,CESSNA 208 Caravan,L1T,L
ADCA6F,N988SC,BE30,BEECH 300 Super King Air,L2T,L
ADCF6F,N98932,PA12,PIPER PA-12 Super Cruiser,L1P,L
ADD06F,N99BM,ULAC,,L0-,-
ADD16F,N99MT,PA24,PIPER PA-24 Comanche,L1P,L
ADD26F,N99XZ,ULAC,,L0-,-
ADD36F,N990JD,M20P,MOONEY M-20,L1P,L
ADD56F,N9903L,AA1,AMERICAN AA-1,L1P,L
ADD76F,N991MB,,,,
ADDB6F,N992Q,BE35,BEECH 35 Starfire Bonanza,L1P,L
ADDC6F,N9920F,C310,CESSNA 310,L2P,L
ADE16F,N9939V,C180,CESSNA  180 Skywagon,L1P,L
ADE66F,N995NN,B738,BOEING 737-800,L2J,M
ADE96F,N996FE,C208,CESSNA 208 Caravan,L1T,L
ADEC6F,N9968T,C182,CESSNA 182 Skylane,L1P,L
ADED6F,N997JC,,,,
ADF16F,N998MA,P32R,PIPER PA-32R-300/301/301T,L1P,L
ADF36F,N9985N,C180,CESSNA  180 Skywagon,L1P,L
ADF46F,N999DT,BE20,BEECH 200 Super King Air,L2T,M
ADF56F,N999PZ,BE36,BEECH 36 Bonanza,L1P,L
ADF66F,N9990E,C182,CESSNA 182 Skylane,L1P,L
ADFC6F,91-0413,BE40,BEECH 400 Beechjet,L2J,M
ADFD6F,900530,SW4,SWEARINGEN Metro,L2T,M
ADFE6F,92-1532,C130,LOCKHEED C-130 Hercules,L4T,M
ADFF6F,65-10417,T38,NORTHROP T-38 Talon,L2J,L
AE006F,66-4369,T38,NORTHROP T-38 Talon,L2J,L
AE026F,63-8012,K35R,BOEING KC-135R/T Stratotanker,L4J,H
AE036F,98-00009,C560,CESSNA 560 Citation Ultra,L2J,M
AE056F,86-0018,C5M,LOCKHEED C-5 Super Galaxy,L4J,H
AE066F,62-3580,K35R,BOEING KC-135R/T Stratotanker,L4J,H
AE086F,163261,H60,SIKORSKY UH-60 Black Hawk,H2T,M
AE0B6F,85-24418,H60,SIKORSKY UH-60 Black Hawk,H2T,M
AE0D6F,96-26726,H60,SIKORSKY UH-60 Black Hawk,H2T,M
AE0E6F,86-24538,H60,SIKORSKY UH-60 Black Hawk,H2T,M
AE116F,84-00180,BE20,BEECH 200 Super King Air,L2T,M
AE146F,07-7177,C17,BOEING C-17 Globemaster 3,L4J,H
AE186F,05-03761,H47,BOEING-VERTOL CH-47 Chinook,H2T,M
AE196F,80-0204,A10,FAIRCHILD A-10 Thunderbolt II,L2J,M
AE1D6F,162316,P3,LOCKHEED P-3 Orion,L4T,M
AE1E6F,166017,TEX2,BEECHCRAFT T-6 Texan 2,L1T,L
AE1F6F,09-72096,EC45,AIRBUS HELICOPTERS EC-145,H2T,L
AE216F,88-26015,H60,SIKORSKY UH-60 Black Hawk,H2T,M
AE266F,6521,AS65,AEROSPATIALE AS-365 Dauphin 2,H2T,L
AE276F,166306,H60,SIKORSKY UH-60 Black Hawk,H2T,M
AE2F6F,09-0678,B350,BEECHCRAFT Super King Air 350,L2T,M
AE4F6F,167029,H60,SIKORSKY UH-60 Black Hawk,H2T,M
AE526F,08-08759,H47,BOEING-VERTOL CH-47 Chinook,H2T,M
AE536F,11-20432,H60,SIKORSKY UH-60 Black Hawk,H2T,M
AE566F,12-20512,H60,SIKORSKY UH-60 Black Hawk,H2T,M
AE596F,13-5790,C30J,LOCKHEED MARTIN C-130J Super Hercules,L4T,M
AE5A6F,15-72387,EC45,AIRBUS HELICOPTERS EC-145,H2T,L
AE5B6F,05-0419,PC12,PILATUS PC-12,L1T,L
AE5D6F,16-20870,H60,SIKORSKY UH-60 Black Hawk,H2T,M
AE636F,18-21031,H60,SIKORSKY UH-60 Black Hawk,H2T,M
AE6A6F,20-1102,TEX2,BEECHCRAFT T-6 Texan 2,L1T,L
AE6C6F,20-21184,H60,SIKORSKY UH-60 Black Hawk,H2T,M
C0006F,C-FAEG,,,,
C0016F,C-FAOC,FINC,FLEET Finch,L1P,L
C0026F,C-FAXY,PC12,PILATUS PC-12,L1T,L
C0036F,C-FBHU,,,,
C0046F,C-FBRQ,ZZZZ,,-0-,-
C0056F,C-FCBM,,,,
C0066F,C-FCLI,R22,ROBINSON R-22 Mariner,H1P,L
C0076F,C-FCVE,,,,
C0086F,C-FDFA,TAYA,TAYLORCRAFT A,L1P,L
C0096F,C-FDOW,CRJ1,BOMBARDIER Regional Jet CRJ-100,L2J,M
C00A6F,C-FDYS,AS50,AEROSPATIALE AS-350 Ecureuil,H1T,L
C00B6F,C-FEIO,PA31,PIPER PA-31-300/310/325/350/425,L2P,L
C00E6F,C-FFMC,CH7A,BELLANCA 7 Champion,L1P,L
C00F6F,C-FFVY,C150,CESSNA 150,L1P,L
C0106F,C-FGFU,ERCO,AIR PRODUCTS F-1 Aircoupe,L1P,L
C0116F,C-FGPQ,C172,CESSNA 172 Skyhawk,L1P,L
C0126F,C-FGZM,H21,VERTOL Work Horse,H1P,L
C0136F,C-FHJI,NAVI,NORTH AMERICAN Navion,L1P,L
C0146F,C-FHTE,PA20,PIPER PA-20 Pacer,L1P,L
C0156F,C-FIDA,AS50,AEROSPATIALE AS-350 Ecureuil,H1T,L
C0166F,C-FIMW,C170,CESSNA 170,L1P,L
C0176F,C-FIWS,,,,
C0186F,C-FJGO,TAYA,TAYLORCRAFT A,L1P,L
C0196F,C-FJQK,,,,
C01A6F,C-FKAG,P28A,PIPER PA-28-140/150/160/180,L1P,L
C01C6F,C-FKTY,,,,
C01D6F,C-FLDU,C172,CESSNA 172 Skyhawk,L1P,L
C0206F,C-FMHI,AS50,AEROSPATIALE AS-350 Ecureuil,H1T,L
C0216F,C-FMRE,TAYA,TAYLORCRAFT A,L1P,L
C0236F,C-FNKW,S108,STINSON 108 Voyager,L1P,L
C0266F,C-FOOK,AR11,AERONCA 11 Chief,L1P,L
C0276F,C-FOYG,C172,CESSNA 172 Skyhawk,L1P,L
C0286F,C-FPIC,PA22,PIPER PA-22,L1P,L
C02B6F,C-FQLQ,C172,CESSNA 172 Skyhawk,L1P,L
C02C6F,C-FQVM,BE23,BEECH 23 Sundowner,L1P,L
C02E6F,C-FRPE,CH7B,BELLANCA 7 Citabria,L1P,L
C02F6F,C-FRZA,LNCE,LANCAIR ES,L1P,L
C0306F,C-FSIW,C337,CESSNA 337 Super Skymaster,L2P,L
C0316F,C-FSSS,,,,
C0326F,C-FTCO,PA27,PIPER PA-23-250 Aztec,L2P,L
C0336F,C-FTMK,PA38,PIPER PA-38 Tomahawk,L1P,L
C0346F,C-FTWG,,,,
C0356F,C-FUGC,,,,
C0386F,C-FVJQ,,,,
C0396F,C-FVTM,AS50,AEROSPATIALE AS-350 Ecureuil,H1T,L
C03A6F,C-FWDI,PA23,PIPER PA-23,L2P,L
C03B6F,C-FWNE,PA31,PIPER PA-31-300/310/325/350/425,L2P,L
C03C6F,C-FWXA,C150,CESSNA 150,L1P,L
C03E6F,C-FXQS,PA12,PIPER PA-12 Super Cruiser,L1P,L
C0406F,C-FYKK,S108,STINSON 108 Voyager,L1P,L
C0416F,C-FYUG,M20P,MOONEY M-20,L1P,L
C0426F,C-FZEC,GLID,,L0-,-
C0436F,C-FZNY,C206,CESSNA  206 Stationair,L1P,L
C0456F,C-GAHQ,DV20,DIAMOND DA-20,L1P,L
C0466F,C-GARM,C172,CESSNA 172 Skyhawk,L1P,L
C0476F,C-GBBI,,,,
C0486F,C-GBLE,PEGZ,PEGASE AERO Pegazair,L1P,L
C0496F,C-GBVA,C172,CESSNA 172 Skyhawk,L1P,L
C04A6F,C-GCEW,C421,CESSNA 421 Executive Commuter,L2P,L
C04B6F,C-GCOS,C150,CESSNA 150,L1P,L
C04C6F,C-GCYO,TAYA,TAYLORCRAFT A,L1P,L
C04F6F,C-GECC,P28R,PIPER PA-28R-180/200/201,L1P,L
C0506F,C-GELY,EAGL,CHRISTEN Eagle,L1P,L
C0526F,C-GFFQ,C172,CESSNA 172 Skyhawk,L1P,L
C0536F,C-GFPM,C180,CESSNA  180 Skywagon,L1P,L
C0546F,C-GFZI,C150,CESSNA 150,L1P,L
C0556F,C-GGJE,P28A,PIPER PA-28-140/150/160/180,L1P,L
C0566F,C-GGTA,GA8,GIPPSAERO GA-8 Airvan,L1P,L
C0576F,C-GHCW,C560,CESSNA 560 Citation Ultra,L2J,M
C0586F,C-GHMS,DHC2,DE HAVILLAND DHC-2 Beaver,L1P,L
C0596F,C-GHWO,C185,CESSNA 185 Skywagon,L1P,L
C05A6F,C-GIGK,DHC6,DE HAVILLAND DHC-6 Twin Otter,L2T,L
C05B6F,C-GIQG,SW4,SWEARINGEN Metro,L2T,M
C05C6F,C-GJAC,RBEL,MURPHY Rebel,L1P,L
C05D6F,C-GJJY,C210,CESSNA 201 Centurion,L1P,L
C05E6F,C-GJTU,BALL,,B0-,-
C05F6F,C-GKDQ,R44,ROBINSON R-44 Raven,H1P,L
C0606F,C-GKNM,,,,
C0626F,C-GLHE,UH1,BELL UH-1 Huey,H1T,L
C0636F,C-GLRA,HUSK,CHRISTEN Husky,L1P,L
C0646F,C-GMAW,C172,CESSNA 172 Skyhawk,L1P,L
C0656F,C-GMKS,B789,BOEING 787-9 Dreamliner,L2J,H
C0666F,C-GMUO,T206,CESSNA T206 Turbo Stationair,L1P,L
C0676F,C-GNEK,PA16,PIPER PA-16 Clipper,L1P,L
C0686F,C-GNOG,PA22,PIPER PA-22,L1P,L
C0696F,C-GNYC,C150,CESSNA 150,L1P,L
C06A6F,C-GOHY,AS50,AEROSPATIALE AS-350 Ecureuil,H1T,L
C06B6F,C-GORU,ULAC,,L0-,-
C06C6F,C-GPBQ,,,,
C06E6F,C-GPVI,C172,CESSNA 172 Skyhawk,L1P,L
C0706F,C-GQPA,CL60,BOMBARDIER CL-600 Challenger,L2J,M
C0716F,C-GQYW,,,,
C0726F,C-GRIS,DA40,DIAMOND DA-40 Club Star,L1P,L
C0736F,C-GRSO,ULAC,,L0-,-
C0746F,C-GSCK,GLID,,L0-,-
C0756F,C-GSMG,DHC3,DE HAVILLAND DHC-3 Otter,L1P,L
C0766F,C-GSWC,C185,CESSNA 185 Skywagon,L1P,L
C0786F,C-GTPU,C206,CESSNA  206 Stationair,L1P,L
C0796F,C-GTZQ,AS50,AEROSPATIALE AS-350 Ecureuil,H1T,L
C07A6F,C-GUJM,C185,CESSNA 185 Skywagon,L1P,L
C07B6F,C-GUTI,AS50,AEROSPATIALE AS-350 Ecureuil,H1T,L
C07C6F,C-GVDE,AS50,AEROSPATIALE AS-350 Ecureuil,H1T,L
C07D6F,C-GVNA,C175,CESSNA 175 Skylark,L1P,L
C07E6F,C-GVWW,EN28,ENSTROM F-28,H1P,L
C0806F,C-GWQO,C172,CESSNA 172 Skyhawk,L1P,L
C0816F,C-GXAK,ULAC,,L0-,-
C0836F,C-GXUC,C182,CESSNA 182 Skylane,L1P,L
C0846F,C-GYDY,CH7A,BELLANCA 7 Champion,L1P,L
C0866F,C-GYXQ,CH60,ZENAIR CH-600 Zodiac,L1P,L
C0876F,C-GZHM,ULAC,,L0-,-
C0896F,C-IABE,EVSS,EVEKTOR SportStar,L1P,L
C08A6F,C-IALA,ULAC,,L0-,-
C08D6F,C-IBOO,ULAC,,L0-,-
C08F6F,C-ICIG,,,,
C0906F,C-ICSC,,,,
C0916F,C-IDBY,ULAC,,L0-,-
C0936F,C-IDVQ,ULAC,,L0-,-
C0966F,C-IEZE,PARA,,P0-,-
C0976F,C-IFJA,PARA,,P0-,-
C0986F,C-IFSW,PARA,,P0-,-
C0996F,C-IGCS,BEVR,ASAP Beaver,L1P,L
C09A6F,C-IGMO,BEVR,ASAP Beaver,L1P,L
C09C6F,C-IHGG,PARA,,P0-,-
C09D6F,C-IHQC,PARA,,P0-,-
C09F6F,C-IIJU,ULAC,,L0-,-
C0A16F,C-IJDM,PARA,,P0-,-
C0A26F,C-IJNI,PARA,,P0-,-
C0A46F,C-IKHA,PARA,,P0-,-
C0A56F,C-IKQW,PARA,,P0-,-
C0A86F,C-ILUK,,,,
C0AF6F,C-IOLI,PARA,,P0-,-
C0B36F,C-IPYS,,,,
C0B76F,C-IRMC,CHIN,ASAP Chinook,L1P,L
C1E46F,SERV,SERV,,V0-,-
C1E56F,SERV,SERV,,V0-,-
C8006F,ZK-AQB,DH83,DE HAVILLAND DH-83 Fox Moth,L1P,L
C8026F,ZK-DAW,C172,CESSNA 172 Skyhawk,L1P,L
C8036F,ZK-DRS,C172,CESSNA 172 Skyhawk,L1P,L
C8086F,ZK-GLI,GLID,,L0-,-
C80B6F,ZK-RTP,PTS1,PITTS S-1 Special,L1P,L
C80C6F,ZK-FRL,P28A,PIPER PA-28-140/150/160/180,L1P,L
C80F6F,ZK-HIO,R22,ROBINSON R-22 Mariner,H1P,L
C8156F,ZK-WTA,G164,GRUMMAN G-164 Ag-Cat,L1P,L
C8166F,ZK-CAR,MIMU,BUSHBY Midget Mustang,L1P,L
C8196F,ZK-LAS,TMOT,FISHER R-80 Tiger Moth,L1P,L
C81A6F,ZK-WGT,C180,CESSNA  180 Skywagon,L1P,L
C81C6F,ZK-SPI,SPIT,SUPERMARINE Spitfire,L1P,L
C81E6F,ZK-HAR,R44,ROBINSON R-44 Raven,H1P,L
C8206F,ZK-JUG,CH70,ZENAIR CH-701 Stol,L1P,L
C8226F,ZK-IZM,G2CA,GUIMBAL G-2 Cabri,H1P,L
C8246F,ZK-IWL,BK17,EUROCOPTER BK117 C-1/2,H2T,L
C8276F,ZK-HQZ,BK17,EUROCOPTER BK117 C-1/2,H2T,L
C8286F,ZK-DUX,CH70,ZENAIR CH-701 Stol,L1P,L
C8296F,ZK-IWR,H500,HUGHES 500,H1T,L
C8806F,DQ-FJW,A333,AIRBUS A-330-300,L2J,H
E2006F,LV-S060,SIRA,TECNAM P-2002 Sierra,L1P,L
E4836F,PT-LUE,C650,CESSNA 650 Citation,L2J,M
E4896F,PR-IUH,E35L,EMBRAER EMB-135 Legacy,L2J,M
E48D6F,PR-EBR,AS50,AEROSPATIALE AS-350 Ecureuil,H1T,L
E48E6F,PT-MSW,B763,BOEING 767-300,L2J,H
E4906F,PR-GRX,SR22,CIRRUS SR-22,L1P,L
E4926F,PR-GEK,B737,BOEING 737-700,L2J,M
E4956F,PR-GZI,B738,BOEING 737-800,L2J,M
E4976F,PS-CTX,C208,CESSNA 208 Caravan,L1T,L
E4996F,PS-CCB,BE40,BEECH 400 Beechjet,L2J,M
E8026F,CC-BFM,A320,AIRBUS A-320,L2J,M
E8086F,CC-ATC,C182,CESSNA 182 Skylane,L1P,L
E8406F,HC-CPB,A320,AIRBUS A-320,L2J,M
