009172,ZS-GPD,GLID,,L0-,-
009272,ZS-GYZ,DG60,DG FLUGZEUGBAU DG-600M,L1P,L
009672,ZS-IMJ,P46T,PIPER PA-46-500TP,L1T,L
009E72,ZS-LND,PA34,PIPER PA-34 Seneca,L2P,L
00A272,ZS-NAN,F900,DASSAULT Falcon 900,L3J,M
00A672,ZS-ONX,PA24,PIPER PA-24 Comanche,L1P,L
00A872,ZS-PHP,C501,CESSNA 501 Citation 1SP,L2J,L
00AE72,ZS-ROR,R44,ROBINSON R-44 Raven,H1P,L
00B272,ZS-TCB,E135,EMBRAER ERJ-135,L2J,M
010072,SU-BKW,B190,BEECH 1900,L2T,M
020072,CN-ROL,B738,BOEING 737-800,L2J,M
040072,ET-AMV,C208,CESSNA 208 Caravan,L1T,L
040172,ET-AWO,A359,AIRBUS A-350-900,L2J,H
04C072,5Y-GSU,C208,CESSNA 208 Caravan,L1T,L
064272,5N-GAE,AT76,ATR-72-600,L2T,M
06A072,A7-BAH,B77W,BOEING 777-300ER,L2J,H
06A272,QA367,PC21,PILATUS PC-21,L1T,L
06A372,A7-BOA,B77W,BOEING 777-300ER,L2J,H
0AC372,HK-1771G,AC90,NORTH AMERICAN ROCKWELL Turbo Commander 690/840,L2T,L
0AC772,EJC4212,B212,BELL 212,H2T,L
0AC972,PNC-0929,B407,BELL 407,H1T,L
0AE072,TI-BJB,C208,CESSNA 208 Caravan,L1T,L
0D0572,XA-ACB,E145,EMBRAER ERJ-145,L2J,M
0D0672,XA-RAA,H25B,HAWKER BEECHCRAFT Hawker 750/850,L2J,M
0D0772,XA-BAL,GLF6,GULFSTREAM G650,L2J,M
0D0872,3911,CL60,BOMBARDIER CL-600 Challenger,L2J,M
0D0972,XA-POS,G200,AKROTECH G-200,L1P,L
0D0A72,XA-HEL,H25B,HAWKER BEECHCRAFT Hawker 750/850,L2J,M
0D0B72,XA-VCU,MD83,MCDONNELL-DOUGLAS MD-83,L2J,M
0D0C72,XB-FEB,C206,CESSNA  206 Stationair,L1P,L
0D0D72,XA-OOO,B738,BOEING 737-800,L2J,M
0D8372,YV3440,WW24,IAI 1124 Westwind,L2J,M
140672,RA-01650,B505,BELL 505 JetRanger X,H1T,L
141672,RA-05746,LAMA,AEROSPATIALE SA-315 Lama,H1T,L
141772,RA-06002,MI26,MIL Mi-26,H2T,M
146672,RA-26226,,,,
150772,RA-67442,C172,CESSNA 172 Skyhawk,L1P,L
150872,RA-67698,AT75,ATR-72-500,L2T,M
151D72,RA-73074,B752,BOEING 757-200,L2J,M
151E72,RA-73330,B772,BOEING 777-200,L2J,H
152072,RA-73842,A321,AIRBUS A-321,L2J,M
152A72,RA-76402,IL76,ILYUSHIN Il-76/82,L4J,H
300272,I-PVLF,DV20,DIAMOND DA-20,L1P,L
300472,I-STDI,C172,CESSNA 172 Skyhawk,L1P,L
300572,I-MEJO,P68,PARTENAVIA P-68 Observer,L2P,L
300772,I-CLIC,R22,ROBINSON R-22 Mariner,H1P,L
31D972,I-A560,FDCT,FLIGHT DESIGN CT,L1P,L
31DE72,I-D498,MM22,MAGNI M-22 Voyager,G1P,L
31DF72,I-7134,FB5,EURO-FLY FB-5 Star Light,L1P,L
33FE72,MM81540,NH90,NHI NH-90,H2T,M
383072,F-BMDS,RF3,FOURNIER RF-3,L1P,L
390672,F-GBTS,C182,CESSNA 182 Skylane,L1P,L
390872,F-GCDS,C77R,CESSNA 177RG Cardinal RG,L1P,L
390C72,F-GDDS,C152,CESSNA 152,L1P,L
390D72,F-GDLS,PA38,PIPER PA-38 Tomahawk,L1P,L
391A72,F-GGTS,BALL,,B0-,-
391D72,F-GHLS,AS55,AEROSPATIALE AS-355 Ecureuil 2,H2T,L
392072,F-GIDS,PC6T,PILATUS PC-6 Turbo-Porter,L1T,L
392972,F-GKLS,B06,BELL 206 JetRanger,H1T,L
392A72,F-GKTS,AS55,AEROSPATIALE AS-355 Ecureuil 2,H2T,L
392C72,F-GLDS,DR40,ROBIN DR-400,L1P,L
393672,F-GNTS,DA42,DIAMOND DA-42 Guardian,L2P,L
393972,F-GOLS,SR22,CIRRUS SR-22,L1P,L
393D72,F-GPLS,BALL,,B0-,-
394D72,F-GTLS,C421,CESSNA 421 Executive Commuter,L2P,L
395272,F-GUTS,C208,CESSNA 208 Caravan,L1T,L
395D72,F-GXLS,BALL,,B0-,-
396072,F-GYDS,C172,CESSNA 172 Skyhawk,L1P,L
396472,F-GZDS,BALL,,B0-,-
398572,F-HBLS,E190,EMBRAER ERJ-190-100,L2J,M
399272,F-HETS,B190,BEECH 1900,L2T,M
399672,F-HFTS,C208,CESSNA 208 Caravan,L1T,L
39B472,F-HNDS,R44,ROBINSON R-44 Raven,H1P,L
39BA72,F-HOTS,M20P,MOONEY M-20,L1P,L
39C572,F-HRLS,TB20,SOCATA TB-20 Trinidad,L1P,L
39C672,F-HRTS,AS32,AEROSPATIALE AS-332 Super Puma,H2T,M
39CA72,F-HSTS,EC30,AIRBUS HELICOPTERS EC-130,H1T,L
3AAB72,F-MBJF,TIGR,AIRBUS HELICOPTERS EC-665 Tiger,H2T,L
3B7672,E80,AJET,DASSAULT-DORNIER Alpha Jet,L2J,M
3B7772,0007,A400,AIRBUS A-400M,L4T,H
3B7B72,F-ZBEU,CL2T,CANADAIR CL-415 SuperScooper,A2T,M
3B7F72,F-ZAFT,F100,FOKKER 100,L2J,M
3C1272,D-AVZP,A321,AIRBUS A-321,L2J,M
3C1A72,D-AZAJ,A21N,AIRBUS A-321neo,L2J,M
3C1C72,D-AZUB,B763,BOEING 767-300,L2J,H
3C6472,D-AICR,A320,AIRBUS A-320,L2J,M
3C6572,D-AIKR,A333,AIRBUS A-330-300,L2J,H
3C6672,D-AISR,A321,AIRBUS A-321,L2J,M
3CCB72,D-CEIS,C680,CESSNA 680 Citation Sovereign,L2J,M
3D0572,D-EAHU,P28A,PIPER PA-28-140/150/160/180,L1P,L
3D0772,D-EBBM,C172,CESSNA 172 Skyhawk,L1P,L
3D0972,D-EBVE,A210,AQUILA A-210,L1P,L
3D0A72,D-ECFA,C210,CESSNA 201 Centurion,L1P,L
3D0C72,D-ECYS,SF23,SCHEIBE SF-23 Sperling,L1P,L
3D0D72,D-EDIO,TOBA,SOCATA Tobago,L1P,L
3D0E72,D-EDSK,C172,CESSNA 172 Skyhawk,L1P,L
3D0F72,D-EECG,Z26,ZLIN Z-26/126/226/326/526/626/726,L1P,L
3D1272,D-EFFU,CP30,PIEL Emeraude,L1P,L
3D1372,D-EFPQ,DR40,ROBIN DR-400,L1P,L
3D1672,D-EGTE,DR40,ROBIN DR-400,L1P,L
3D1772,D-EHDA,F8L,AEROMERE F-8L Falco,L1P,L
3D1872,D-EHMW,M20P,MOONEY M-20,L1P,L
3D1972,D-EHWS,DR40,ROBIN DR-400,L1P,L
3D1A72,D-EIGO,BE33,BEECH 33 Bonanza,L1P,L
3D1B72,D-EIQK,C172,CESSNA 172 Skyhawk,L1P,L
3D1C72,D-EJAG,H207,HB-FLUGTECHNIK 207 Alfa,L1P,L
3D1D72,D-EJKC,TAMP,SOCATA TB-9 Tampico,L1P,L
3D1F72,D-EKDU,JUNR,BOLKOW BO-208 Junior,L1P,L
3D2272,D-ELHI,P28A,PIPER PA-28-140/150/160/180,L1P,L
3D2372,D-ELRE,C152,CESSNA 152,L1P,L
3D2472,D-EMBA,P149,PIAGGIO P-149,L1P,L
3D2A72,D-EOIC,P28A,PIPER PA-28-140/150/160/180,L1P,L
3D3372,D-ERSS,P28A,PIPER PA-28-140/150/160/180,L1P,L
3D3472,D-ESCO,C172,CESSNA 172 Skyhawk,L1P,L
3D3572,D-ESMK,M20T,MOONEY M-20T,L1P,L
3D3872,D-ETPY,P28A,PIPER PA-28-140/150/160/180,L1P,L
3D3B72,D-EUTM,S22T,CIRRUS SR-22T Turbo,L1P,L
3D3D72,D-EVNE,C150,CESSNA 150,L1P,L
3D4172,D-EXAO,C182,CESSNA 182 Skylane,L1P,L
3D4272,D-EXKK,DA40,DIAMOND DA-40 Club Star,L1P,L
3D4372,D-EXUG,E300,EXTRA EA-300/330/350,L1P,L
3D5C72,D-FHGK,T6,NORTH AMERICAN T-6 Texan,L1P,L
3D9172,D-GBIG,PA34,PIPER PA-34 Seneca,L2P,L
3D9E72,D-GGGG,PA23,PIPER PA-23,L2P,L
3DD372,D-HAIC,R44,ROBINSON R-44 Raven,H1P,L
3DF472,D-HMVA,EC35,AIRBUS HELICOPTERS EC-135/635,H2T,L
3DFA72,D-HPCC,R44,ROBINSON R-44 Raven,H1P,L
3E0172,D-HRTA,EC35,AIRBUS HELICOPTERS EC-135/635,H2T,L
3E2172,D-IDWC,C25A,CESSNA 525A Citation CJ2,L2J,L
3E2672,D-IFTI,BN2P,BRITTEN-NORMAN BN-2 Islander,L2P,L
3E5172,D-IWAS,C303,CESSNA T303 Crusader,L2P,L
3E6072,D-KBSK,SF25,SCHEIBE SF-25 Falke,L1P,L
3E6472,D-KDFU,SF25,SCHEIBE SF-25 Falke,L1P,L
3E6872,D-KETE,GLID,,L0-,-
3E6A72,D-KFMW,ARCP,SCHEMPP-HIRTH Arcus M,L1P,L
3E7672,D-KKBA,DG40,DG FLUGZEUGBAU DG-400,L1P,L
3E7772,D-KKKW,VENT,SCHEMPP-HIRTH Ventus,L1P,L
3E7872,D-KKUS,GLID,,L0-,-
3E7972,D-KLEO,GLID,,L0-,-
3E7A72,D-KLOK,GLID,,L0-,-
3EC872,D-KQWG,QINT,SCHEMPP-HIRTH Quintus,L1P,L
3ECD72,D-KSTM,GLID,,L0-,-
3EE872,D-2011,GLID,,L0-,-
3EEE72,D-3547,GLID,,L0-,-
3F0472,D-9179,ARCP,SCHEMPP-HIRTH Arcus M,L1P,L
3F5572,54+33,A400,AIRBUS A-400M,L4T,H
3FC472,D-OLVE,BALL,,B0-,-
3FDF72,D-OWBA,BALL,,B0-,-
3FE072,D-OWKW,BALL,,B0-,-
3FE172,D-OWUS,BALL,,B0-,-
3FEA72,D-MKKT,MT,ROTORSPORT MTOSport,G1P,L
3FEB72,D-MNCW,ECHO,TECNAM P-92 Echo,L1P,L
3FEC72,D-MHJA,G3,REMOS Mirage,L1P,L
3FED72,D-MTTW,FDCT,FLIGHT DESIGN CT,L1P,L
3FEE72,D-MTIM,C42,IKARUS C-42 Bison,L1P,L
3FEF72,D-MBIO,CH70,ZENAIR CH-701 Stol,L1P,L
3FF072,D-MKCH,ULAC,,L0-,-
3FF372,D-MBCK,PNR2,ALPI Pioneer 200,L1P,L
3FF472,D-MQKA,PISI,PIPSTREL Sinus,L1P,L
3FF572,D-MXGQ,ULAC,,L0-,-
3FF772,D-MTLC,ULAC,,L0-,-
3FF872,D-MLNM,,,,
400772,G-VIIU,B772,BOEING 777-200,L2J,H
400B72,G-BYZA,AS55,AEROSPATIALE AS-355 Ecureuil 2,H2T,L
400C72,G-BAVL,PA27,PIPER PA-23-250 Aztec,L2P,L
400D72,G-SEEK,C210,CESSNA 201 Centurion,L1P,L
400F72,G-DASS,C42,IKARUS C-42 Bison,L1P,L
401272,G-ROWA,A210,AQUILA A-210,L1P,L
401372,G-OMJA,P28A,PIPER PA-28-140/150/160/180,L1P,L
401572,G-LIZI,P28A,PIPER PA-28-140/150/160/180,L1P,L
401972,G-AZOU,DR10,CENTRE EST Ambassadeur,L1P,L
401C72,G-BELT,C150,CESSNA 150,L1P,L
402D72,G-BPKM,P28A,PIPER PA-28-140/150/160/180,L1P,L
402F72,G-BTIM,P28A,PIPER PA-28-140/150/160/180,L1P,L
403772,G-MYJK,ULAC,,L0-,-
403872,G-RIZE,BALL,,B0-,-
403972,G-TOYZ,B06,BELL 206 JetRanger,H1T,L
403F72,G-DNWH,H500,HUGHES 500,H1T,L
404172,G-OSAI,P28A,PIPER PA-28-140/150/160/180,L1P,L
404372,G-BZHF,C152,CESSNA 152,L1P,L
404772,G-ZZLE,GAZL,AEROSPATIALE SA-341 Gazelle,H1T,L
404C72,G-CDJB,RV4,VANS RV-4,L1P,L
404E72,G-EDGA,P28A,PIPER PA-28-140/150/160/180,L1P,L
404F72,G-CKKV,DG1T,DG FLUGZEUGBAU DG-1001T,L1P,L
405272,G-LREE,G109,GROB G-109,L1P,L
405372,G-CHRC,GLID,,L0-,-
405472,G-EVII,VENT,SCHEMPP-HIRTH Ventus,L1P,L
405572,G-CEZO,P28A,PIPER PA-28-140/150/160/180,L1P,L
405872,G-DCMS,GLID,,L0-,-
405A72,G-CJJD,DISC,SCHEMPP-HIRTH Discus,L1P,L
405D72,G-DGDJ,GLID,,L0-,-
406472,G-UPID,FB1A,BOWERS Fly Baby 1A,L1P,L
406572,G-CGWT,SKRA,BEST OFF Sky Ranger,L1P,L
406A72,G-WTSN,RV8,VANS RV-8,L1P,L
406B72,G-UINS,BALL,,B0-,-
406C72,G-EZWZ,A320,AIRBUS A-320,L2J,M
406D72,G-SAWG,SF25,SCHEIBE SF-25 Falke,L1P,L
406F72,G-ZBKF,B789,BOEING 787-9 Dreamliner,L2J,H
407072,G-DIGZ,H500,HUGHES 500,H1T,L
407172,G-CJIK,BALL,,B0-,-
407272,G-BDAM,T6,NORTH AMERICAN T-6 Texan,L1P,L
407372,G-CKIP,C172,CESSNA 172 Skyhawk,L1P,L
407472,G-UKPB,C208,CESSNA 208 Caravan,L1T,L
407672,G-CKYP,A139,AGUSTA AW-139,H2T,L
407772,G-IGET,SKRA,BEST OFF Sky Ranger,L1P,L
407872,G-ROMK,MM16,MAGNI M-16 Tandem Trainer,G1P,L
407C72,G-FEMC,LJ45,LEARJET 45,L2J,M
407E72,G-PNZE,S76,SIKORSKY S-76 Spirit,H2T,L
424172,VP-CSA,GALX,GULFSTREAM G200,L2J,M
424272,VP-BBK,GLEX,BOMBARDIER BD-700 Global 6000/6500,L2J,M
424772,VP-CLJ,A318,AIRBUS A-318,L2J,M
424872,VP-CLT,GL7T,BOMBARDIER BD-700 Global 7000/7500,L2J,M
424B72,M-OUNT,FA8X,DASSAULT Falcon 8X,L3J,M
43C072,ZJ123,EH10,AGUSTA WESTLAND EH-101 Merlin,H3T,M
43C172,ZZ172,C17,BOEING C-17 Globemaster 3,L4J,H
43C272,ZJ223,H64,MCDONNELL DOUGLAS AH-64 Apache,H2T,M
43C672,ZF143,TUCA,EMBRAER EMB-312 Tucano,L1T,L
43EA72,M-OCNY,CL35,BOMBARDIER BD-100 Challenger 350,L2J,M
440172,OE-LQX,A319,AIRBUS A-319,L2J,M
440872,OE-9287,GLID,,L0-,-
440972,OE-XFR,EC45,AIRBUS HELICOPTERS EC-145,H2T,L
440C72,OE-AMZ,P208,TECNAM P-2008,L1P,L
44CC72,OO-SCR,F900,DASSAULT Falcon 900,L3J,M
44CE72,OO-SSR,A319,AIRBUS A-319,L2J,M
44D872,OO-VCR,C152,CESSNA 152,L1P,L
44F672,ST-31,F260,AERMACCHI SF-260,L1P,L
459472,OY-ECR,KZ3,SAI KZ-3,L1P,L
45F072,OY-9360,STCH,FLY SYNTHESIS Storch,L1P,L
468472,SX-ACR,C150,CESSNA 150,L1P,L
471F72,HA-LXQ,A321,AIRBUS A-321,L2J,M
478672,LN-GPS,DISC,SCHEMPP-HIRTH Discus,L1P,L
478772,LN-DYU,B738,BOEING 737-800,L2J,M
47A472,LN-NGT,B738,BOEING 737-800,L2J,M
47B372,LN-IKL,SR22,CIRRUS SR-22,L1P,L
47C272,LN-OEC,S92,SIKORSKY S-92 Helibus,H2T,M
484472,PH-TRG,C172,CESSNA 172 Skyhawk,L1P,L
484672,PH-745,G109,GROB G-109,L1P,L
484772,PH-1080,GLID,,L0-,-
484872,PH-3N1,COY2,RANS Coyote 2,L1P,L
484A72,PH-1028,GLID,,L0-,-
484B72,PH-ENR,BALL,,B0-,-
484C72,PH-1456,DISC,SCHEMPP-HIRTH Discus,L1P,L
484D72,PH-JBA,BALL,,B0-,-
484F72,PH-AKB,A333,AIRBUS A-330-300,L2J,H
485072,PH-1AE,ZZZZ,,-0-,-
485172,PH-IXI,RV7,VANS RV-7,L1P,L
485372,PH-4P4,ULAC,,L0-,-
485472,PH-252,GLID,,L0-,-
485572,PH-2BZ,ZZZZ,,-0-,-
485672,PH-2SV,ZZZZ,,-0-,-
485872,PH-FTW,C208,CESSNA 208 Caravan,L1T,L
485A72,PH-4R8,VL3,AVEKO Flamingo,L1P,L
488A72,SP-CUT,C182,CESSNA 182 Skylane,L1P,L
489172,SP-ELT,P208,TECNAM P-2008,L1P,L
48B672,SP-NUT,PC12,PILATUS PC-12,L1T,L
48CA72,SP-TUT,P28R,PIPER PA-28R-180/200/201,L1P,L
48FA72,SP-SMUT,PIVI,PIPSTREL Virus,L1P,L
48FD72,SP-SVLT,VL3,AVEKO Flamingo,L1P,L
48FE72,SP-SKUT,NG5,BRM AERO NG-5/6 Bristell,L1P,L
490672,CS-ASR,C152,CESSNA 152,L1P,L
491472,CS-ECR,SIRA,TECNAM P-2002 Sierra,L1P,L
495172,CS-TKR,B763,BOEING 767-300,L2J,H
497C72,17402,FA50,DASSAULT Falcon 50,L3J,M
498472,6062,L159,AERO L-159 Albatros 2,L1J,M
49C172,OK-WAR77,NG4,BRM AERO NG-4,L1P,L
49C272,OK-ZUG 04,VL3,AVEKO Flamingo,L1P,L
49D072,OK-VYA,DR40,ROBIN DR-400,L1P,L
49D172,OK-CAR,C182,CESSNA 182 Skylane,L1P,L
49D272,OK-WIB,C177,CESSNA  177 Cardinal,L1P,L
49D372,OK-EFX,EN28,ENSTROM F-28,H1P,L
49D472,OK-DEN,B06,BELL 206 JetRanger,H1T,L
49F072,GND,GND,,V0-,-
4A0972,YR-BKR,R44,ROBINSON R-44 Raven,H1P,L
4A1972,YR-FKR,B733,BOEING 737-300,L2J,M
4AAA72,SE-JSR,EC45,AIRBUS HELICOPTERS EC-145,H2T,L
4AB572,SE-MKR,DA42,DIAMOND DA-42 Guardian,L2P,L
4AE072,SE-XCR,ZZZZ,,-0-,-
4B0772,HB-CVI,C77R,CESSNA 177RG Cardinal RG,L1P,L
4B0C72,HB-ESO,NAVI,NORTH AMERICAN Navion,L1P,L
4B2272,HB-NBE,RF6,FOURNIER RF-6,L1P,L
4B2872,HB-PIG,P28R,PIPER PA-28R-180/200/201,L1P,L
4B2A72,HB-QBY,BALL,,B0-,-
4B2B72,HB-QLU,BALL,,B0-,-
4B2C72,HB-QVQ,BALL,,B0-,-
4B3272,HB-TCS,P210,CESSNA P210 Centurion,L1P,L
4B3E72,HB-XQW,AS65,AEROSPATIALE AS-365 Dauphin 2,H2T,L
4B4372,HB-ZOC,R44,ROBINSON R-44 Raven,H1P,L
4B4972,HB-1227,GLID,,L0-,-
4B4C72,HB-1995,GLID,,L0-,-
4B4D72,HB-2251,VENT,SCHEMPP-HIRTH Ventus,L1P,L
4B5172,HB-3275,GLID,,L0-,-
4B7F72,A-916,PC7,PILATUS PC-7 Astra,L1T,L
4B8472,TC-ACR,B744,BOEING 747-400,L4J,H
4BAA72,TC-JSR,A321,AIRBUS A-321,L2J,M
4BB072,TC-LCR,B38M,BOEING 737 MAX 8,L2J,M
4BB272,TC-LSR,A21N,AIRBUS A-321neo,L2J,M
4BB872,TC-NCR,A20N,AIRBUS A-320neo,L2J,M
4BD172,TC-TKR,C172,CESSNA 172 Skyhawk,L1P,L
4BEA72,TC-ZSR,PA25,PIPER PA-25 Pawnee,L1P,L
4CA772,EI-PRO,AS65,AEROSPATIALE AS-365 Dauphin 2,H2T,L
4CAD72,EI-KBP,A20N,AIRBUS A-320neo,L2J,M
4CC272,TF-ISD,B752,BOEING 757-200,L2J,M
4D0372,LX-XHT,TR55,3XTRIM Navigator 600,L1P,L
4D2072,9H-FAM,E50P,EMBRAER EMB-500 Phenom 100,L2J,L
4D2172,9H-PIC,SIRA,TECNAM P-2002 Sierra,L1P,L
4D2272,9H-QDH,B738,BOEING 737-800,L2J,M
4D2372,9H-TQP,A332,AIRBUS A-330-200,L2J,H
500172,T7-HGW,SF50,CIRRUS SF-50 Vision,L1J,L
500272,T7-BAT,E35L,EMBRAER EMB-135 Legacy,L2J,M
502D72,YL-LDQ,A321,AIRBUS A-321,L2J,M
503C72,LY-SPA,A320,AIRBUS A-320,L2J,M
505C72,OM-DCR,P28U,PIPER PA-28RT-201T Turbo,L1P,L
505D72,OM-SKA,C150,CESSNA 150,L1P,L
505E72,OM-S443,SHRK,SHARK AERO Shark,L1P,L
505F72,7642,H60,SIKORSKY UH-60 Black Hawk,H2T,M
507C72,UK32111,A21N,AIRBUS A-321neo,L2J,M
508072,UR-AWB,AN72,ANTONOV An-74-200,L2J,M
508472,UR-PAPD,AP20,AEROPRACT A-20,L1P,L
70E072,XU-901,A320,AIRBUS A-320,L2J,M
718972,HL1172,C172,CESSNA 172 Skyhawk,L1P,L
718A72,HL1272,C172,CESSNA 172 Skyhawk,L1P,L
71BF72,HL7772,A320,AIRBUS A-320,L2J,M
71C072,HL8072,A321,AIRBUS A-321,L2J,M
71C272,HL8272,B739,BOEING 737-900,L2J,M
71C372,HL8372,GLF6,GULFSTREAM G650,L2J,M
71CC72,HL9472,EC25,AIRBUS HELICOPTERS EC-225/725,H2T,M
728672,YI-ASR,B738,BOEING 737-800,L2J,M
730672,EP-ASR,F100,FOKKER 100,L2J,M
733072,EP-LCR,F100,FOKKER 100,L2J,M
733A72,EP-NSR,B734,BOEING 737-400,L2J,M
738072,4X-ECB,B772,BOEING 777-200,L2J,H
739572,4X-CMC,C560,CESSNA 560 Citation Ultra,L2J,M
750272,9M-AQE,A320,AIRBUS A-320,L2J,M
750472,9M-RZA,B734,BOEING 737-400,L2J,M
76AA72,9V-JSR,A320,AIRBUS A-320,L2J,M
76CC72,9V-SCR,B78X,BOEING 787-10 Dreamliner,L2J,H
76CD72,9V-SKR,A388,AIRBUS A-380-800,L4J,H
780072,B-2300,A319,AIRBUS A-319,L2J,M
780172,B-HNJ,B773,BOEING 777-300,L2J,H
780372,B-5337,B738,BOEING 737-800,L2J,M
780472,B-5379,B738,BOEING 737-800,L2J,M
780572,B-6246,A319,AIRBUS A-319,L2J,M
780672,B-6682,A320,AIRBUS A-320,L2J,M
780772,B-5597,B738,BOEING 737-800,L2J,M
780872,B-5639,B738,BOEING 737-800,L2J,M
780972,B-9629,C525,CESSNA 525 CitationJet,L2J,L
780A72,B-LCF,A320,AIRBUS A-320,L2J,M
780B72,B-9958,A320,AIRBUS A-320,L2J,M
780C72,B-5823,B737,BOEING 737-700,L2J,M
780D72,B-3435,MA60,XIAN MA-60,L2T,M
780F72,B-3118,CRJ9,BOMBARDIER Regional Jet CRJ-900,L2J,M
781072,B-8432,A320,AIRBUS A-320,L2J,M
781172,B-1442,B738,BOEING 737-800,L2J,M
781372,B-1262,B738,BOEING 737-800,L2J,M
781672,B-307N,A20N,AIRBUS A-320neo,L2J,M
781772,B-7919,C172,CESSNA 172 Skyhawk,L1P,L
781872,B-20E6,B738,BOEING 737-800,L2J,M
781D72,B-729G,C172,CESSNA 172 Skyhawk,L1P,L
79A072,B-2410,A320,AIRBUS A-320,L2J,M
7C0872,VH-BYC,C182,CESSNA 182 Skylane,L1P,L
7C1172,VH-DQC,C206,CESSNA  206 Stationair,L1P,L
7C1472,VH-EBO,A332,AIRBUS A-330-200,L2J,H
7C1C72,VH-FWK,BE23,BEECH 23 Sundowner,L1P,L
7C2572,VH-HOK,AS50,AEROSPATIALE AS-350 Ecureuil,H1T,L
7C2672,VH-HVO,R22,ROBINSON R-22 Mariner,H1P,L
7C2E72,VH-JGK,C152,CESSNA 152,L1P,L
7C3972,VH-LMS,C303,CESSNA T303 Crusader,L2P,L
7C3E72,VH-MMC,C680,CESSNA 680 Citation Sovereign,L2J,M
7C4972,VH-OSK,RV10,VANS RV-10,L1P,L
7C4A72,VH-OZO,C404,CESSNA 404 Titan,L2P,L
7C5972,VH-RYC,C172,CESSNA 172 Skyhawk,L1P,L
7C5B72,VH-SCK,E300,EXTRA EA-300/330/350,L1P,L
7C5D72,VH-SQS,AT8T,AIR TRACTOR AT-802,L1T,M
7C6572,VH-UBO,GA8,GIPPSAERO GA-8 Airvan,L1P,L
7C6B72,VH-VIC,R44,ROBINSON R-44 Raven,H1P,L
7C6C72,VH-VPG,AS31,SCHLEICHER ASH-31,L1P,L
7C6D72,VH-VWK,DA42,DIAMOND DA-42 Guardian,L2P,L
7C7072,VH-WHW,AS50,AEROSPATIALE AS-350 Ecureuil,H1T,L
7C7772,VH-XVO,E190,EMBRAER ERJ-190-100,L2J,M
7C7F72,VH-ZGK,R44,ROBINSON R-44 Raven,H1P,L
7CFA72,A56-002,FA7X,DASSAULT Falcon 7X,L3J,M
800672,VT-SUG,DH8D,DE HAVILLAND DHC-8-400 Dash 8,L2T,M
800B72,VT-ITA,A20N,AIRBUS A-320neo,L2J,M
800C72,VT-IVC,A20N,AIRBUS A-320neo,L2J,M
845F72,JA11JC,AT46,ATR-42-600,L2T,M
84B772,JA212A,A20N,AIRBUS A-320neo,L2J,M
856E72,JA4218,BE36,BEECH 36 Bonanza,L1P,L
862D72,JA656J,B763,BOEING 767-300,L2J,H
86D572,JA820A,B788,BOEING 787-8 Dreamliner,L2J,H
86E072,JA852A,DH8D,DE HAVILLAND DHC-8-400 Dash 8,L2T,M
86EB72,JA884A,B789,BOEING 787-9 Dreamliner,L2J,H
872C72,JA916A,S76,SIKORSKY S-76 Spirit,H2T,L
880872,HS-BCR,C172,CESSNA 172 Skyhawk,L1P,L
881B72,B.L18-3/61,SU95,SUKHOI Superjet 100-95,L2J,M
885172,HS-TKR,B77W,BOEING 777-300ER,L2J,H
885972,HS-VKR,A321,AIRBUS A-321,L2J,M
888172,VN-A628,A321,AIRBUS A-321,L2J,M
896172,A6-EFL,B77L,BOEING 777-200LR,L2J,H
896272,A6-GGP,B744,BOEING 747-400,L4J,H
896372,A6-ANQ,A320,AIRBUS A-320,L2J,M
896472,A6-EUH,A388,AIRBUS A-380-800,L4J,H
896572,A6-PFH,B789,BOEING 787-9 Dreamliner,L2J,H
899072,B-16226,A321,AIRBUS A-321,L2J,M
A00072,N1EM,ULAC,,L0-,-
A00372,N10MD,C525,CESSNA 525 CitationJet,L2J,L
A00672,N100TW,BE10,BEECH 100 King Air,L2T,L
A00772,N10027,ULAC,,L0-,-
A00872,N101AG,VENT,SCHEMPP-HIRTH Ventus,L1P,L
A00C72,N102DE,P28A,PIPER PA-28-140/150/160/180,L1P,L
A00D72,N102PL,M20P,MOONEY M-20,L1P,L
A00F72,N1027C,BE36,BEECH 36 Bonanza,L1P,L
A01072,N103GC,SPHA,AMERICAN AUTOGYRO Spinus,G1P,L
A01172,N103SJ,C206,CESSNA  206 Stationair,L1P,L
A01272,N10315,,,,
A01672,N10438,M7,MAULE M-7,L1P,L
A01E72,N1068D,C195,CESSNA 195,L1P,L
A01F72,N107HP,SNS7,SORRELL Hiperbipe,L1P,L
A02272,N108AF,R44,ROBINSON R-44 Raven,H1P,L
A02B72,N11SH,T6,NORTH AMERICAN T-6 Texan,L1P,L
A02C72,N110CN,BE20,BEECH 200 Super King Air,L2T,M
A02E72,N110Z,SH36,SHORT 360,L2T,M
A03372,N1118Z,P28A,PIPER PA-28-140/150/160/180,L1P,L
A03472,N112JJ,R44,ROBINSON R-44 Raven,H1P,L
A03772,N113BA,C172,CESSNA 172 Skyhawk,L1P,L
A03872,N113MG,L13M,LET L-13 Blanik,L1P,L
A03B72,N114DZ,CJ6,NANCHANG CJ-6,L1P,L
A03D72,N1140L,M20P,MOONEY M-20,L1P,L
A03E72,N1147X,P28R,PIPER PA-28R-180/200/201,L1P,L
A03F72,N115GX,GX,REMOS GX,L1P,L
A04072,N115TC,BALL,,B0-,-
A04472,N116WA,E110,EMBRAER EMB-110 Bandeirante,L2T,L
A04572,N1164S,GLID,,L0-,-
A04672,N117CM,RV4,VANS RV-4,L1P,L
A04872,N117YZ,RS12,RANS S-12 Super Airaile,L1P,L
A04C72,N1181M,C172,CESSNA 172 Skyhawk,L1P,L
A04D72,N1188Y,PA30,PIPER PA-30 Twin Comanche,L2P,L
A05172,N12B,BE36,BEECH 36 Bonanza,L1P,L
A05272,N12MF,SW3,SWEARINGEN Merlin 3,L2T,L
A05372,N12XM,,,,
A05672,N12029,M4,MAULE M-4,L1P,L
A05972,N121WW,SA30,STOLP Starduster Too,L1P,L
A05A72,N1215B,LGEZ,RUTAN Long-EZ,L1P,L
A05B72,N122DG,,,,
A05E72,N1227E,CH7A,BELLANCA 7 Champion,L1P,L
A05F72,N123GE,P28A,PIPER PA-28-140/150/160/180,L1P,L
A06572,N1244,GLEX,BOMBARDIER BD-700 Global 6000/6500,L2J,M
A06972,N1256C,C177,CESSNA  177 Cardinal,L1P,L
A06D72,N1268F,COL4,CESSNA 400 Corvalis TT,L1P,L
A06F72,N127TX,BE10,BEECH 100 King Air,L2T,L
A07072,N12728,C172,CESSNA 172 Skyhawk,L1P,L
A07172,N128AH,AS50,AEROSPATIALE AS-350 Ecureuil,H1T,L
A07672,N129PM,DHC6,DE HAVILLAND DHC-6 Twin Otter,L2T,L
A07872,N1297D,C170,CESSNA 170,L1P,L
A07A72,N13SK,C172,CESSNA 172 Skyhawk,L1P,L
A07C72,N130NW,EC30,AIRBUS HELICOPTERS EC-130,H1T,L
A07E72,N1306Y,C172,CESSNA 172 Skyhawk,L1P,L
A08972,N1335W,M20P,MOONEY M-20,L1P,L
A09172,N13592,C172,CESSNA 172 Skyhawk,L1P,L
A09472,N1364U,C172,CESSNA 172 Skyhawk,L1P,L
A09B72,N1381P,PA23,PIPER PA-23,L2P,L
A09C72,N13880,PA18,PIPER PA-18 Super Cub,L1P,L
A09D72,N139JK,L39,LET L-39 Albatros,L1J,L
A0A172,N14MH,UH1,BELL UH-1 Huey,H1T,L
A0A272,N14XP,,,,
A0A472,N140U,C56X,CESSNA 560XL Citation XLS,L2J,M
A0A672,N141AL,H25B,HAWKER BEECHCRAFT Hawker 750/850,L2J,M
A0A772,N141LS,R44,ROBINSON R-44 Raven,H1P,L
A0A972,N1415D,C170,CESSNA 170,L1P,L
A0AD72,N1427G,BE35,BEECH 35 Starfire Bonanza,L1P,L
A0B072,N14319,PA18,PIPER PA-18 Super Cub,L1P,L
A0B172,N1439K,L8,LUSCOMBE 8,L1P,L
A0B672,N145NC,EC45,AIRBUS HELICOPTERS EC-145,H2T,L
A0BB72,N14607,WACF,WACO F,L1P,L
A0BF72,N1473,ZZZZ,,-0-,-
A0C072,N148AK,BL8,BELLANCA 8 Decathlon,L1P,L
A0C372,N1485C,C82S,CESSNA T182 Turbo Skylane,L1P,L
A0C772,N1497F,C172,CESSNA 172 Skyhawk,L1P,L
A0C872,N15GF,HUSK,CHRISTEN Husky,L1P,L
A0C972,N15SM,GYRO,,G0-,-
A0CD72,N15060,C150,CESSNA 150,L1P,L
A0CF72,N151RW,FOX,KITFOX,L1P,L
A0D072,N1511S,BALL,,B0-,-
A0D472,N1523V,C172,CESSNA 172 Skyhawk,L1P,L
A0D872,N1535Y,C172,CESSNA 172 Skyhawk,L1P,L
A0DC72,N15471,P28A,PIPER PA-28-140/150/160/180,L1P,L
A0E772,N1576Z,BE95,BEECH 95 Travel Air,L2P,L
A0E972,N158RV,RV8,VANS RV-8,L1P,L
A0EB72,N15882,P28A,PIPER PA-28-140/150/160/180,L1P,L
A0EC72,N159JM,C172,CESSNA 172 Skyhawk,L1P,L
A0EF72,N16BD,BE19,BEECH 19 Sport,L1P,L
A0F372,N160UB,H60,SIKORSKY UH-60 Black Hawk,H2T,M
A0F472,N1603C,C180,CESSNA  180 Skywagon,L1P,L
A0F872,N1615F,C172,CESSNA 172 Skyhawk,L1P,L
A0F972,N162DL,UH12,HILLER UH-12,H1P,L
A10172,N164KG,RV6,VANS RV-6,L1P,L
A11372,N169DK,C310,CESSNA 310,L2P,L
A11472,N169PR,J3,PIPER J-3 Cub,L1P,L
A11672,N1697H,P28A,PIPER PA-28-140/150/160/180,L1P,L
A11772,N17GH,GLID,,L0-,-
A11872,N17SP,B407,BELL 407,H1T,L
A11A72,N170P,,,,
A11D72,N171FS,SONX,SONEX AIRCRAFT Sonex,L1P,L
A12072,N17185,E45X,EMBRAER ERJ-145XR,L2J,M
A12472,N173BG,VELO,Velocity,L1P,L
A12772,N17350,,,,
A12B72,N17473,WACC,WACO C/S,L1P,L
A12D72,N175TJ,RV7,VANS RV-7,L1P,L
A13072,N176LA,BE9T,BEECH F90 King Air,L2T,L
A13372,N177CT,AA1,AMERICAN AA-1,L1P,L
A13972,N1781T,C172,CESSNA 172 Skyhawk,L1P,L
A13B72,N179JP,,,,
A13E72,N18BF,MU2,MITSUBISHI MU-2 Marquise,L2T,L
A13F72,N18MM,C25C,CESSNA 525C Citation CJ4,L2J,M
A14172,N180HY,HUSK,CHRISTEN Husky,L1P,L
A14772,N1815H,T210,CESSNA T210 Turbo Centurion,L1P,L
A14872,N182DN,B763,BOEING 767-300,L2J,H
A14972,N182PU,C182,CESSNA 182 Skylane,L1P,L
A14A72,N1820,GYRO,,G0-,-
A14B72,N1827L,BE58,BEECH 58 Baron,L2P,L
A14E72,N1832C,C170,CESSNA 170,L1P,L
A15372,N185CA,C185,CESSNA 185 Skywagon,L1P,L
A15672,N1856J,P28A,PIPER PA-28-140/150/160/180,L1P,L
A15972,N1861A,PA18,PIPER PA-18 Super Cub,L1P,L
A15A72,N1868M,GL5T,BOMBARDIER BD-700 Global 5000/5500,L2J,M
A16172,N1885G,CH7A,BELLANCA 7 Champion,L1P,L
A16272,N189DM,RV4,VANS RV-4,L1P,L
A16372,N189PT,EAGL,CHRISTEN Eagle,L1P,L
A16672,N19GK,DFLY,VIKING Dragonfly,L1P,L
A16772,N19SR,DRON,,D0-,-
A16D72,N191S,,,,
A16E72,N1911W,GA6C,GULFSTREAM G600,L2J,M
A16F72,N19187,C150,CESSNA 150,L1P,L
A17272,N1923Z,C150,CESSNA 150,L1P,L
A18172,N19640,C172,CESSNA 172 Skyhawk,L1P,L
A18272,N197CV,M20P,MOONEY M-20,L1P,L
A18372,N197PA,GLF2,GULFSTREAM 2,L2J,M
A18572,N19763,C177,CESSNA  177 Cardinal,L1P,L
A18972,N19886,C172,CESSNA 172 Skyhawk,L1P,L
A18D72,N2BH,BE36,BEECH 36 Bonanza,L1P,L
A18F72,N2XV,QUIC,Quickie,L1P,L
A19372,N200QS,CL60,BOMBARDIER CL-600 Challenger,L2J,M
A19472,N2000Y,T206,CESSNA T206 Turbo Stationair,L1P,L
A19572,N20079,C172,CESSNA 172 Skyhawk,L1P,L
A19772,N201TQ,M20P,MOONEY M-20,L1P,L
A19872,N20121,C172,CESSNA 172 Skyhawk,L1P,L
A19972,N202AA,C421,CESSNA 421 Executive Commuter,L2P,L
A19B72,N202WN,B737,BOEING 737-700,L2J,M
A1A072,N20367,AA5,AMERICAN AA-5 Tiger,L1P,L
A1A272,N204SC,PA23,PIPER PA-23,L2P,L
A1A372,N2041Z,BE55,BEECH 55 Baron,L2P,L
A1A772,N20532,C172,CESSNA 172 Skyhawk,L1P,L
A1A872,N206BM,B06,BELL 206 JetRanger,H1T,L
A1AE72,N2070X,C182,CESSNA 182 Skylane,L1P,L
A1AF72,N20778,BE17,BEECH 17 Staggerwing,L1P,L
A1B172,N208TP,C208,CESSNA 208 Caravan,L1T,L
A1B272,N20820,C182,CESSNA 182 Skylane,L1P,L
A1B372,N209A,C140,CESSNA 140,L1P,L
A1B472,N209LF,EC30,AIRBUS HELICOPTERS EC-130,H1T,L
A1B772,N21CY,YK52,YAKOVLEV Yak-52,L1P,L
A1BC72,N2104M,J3,PIPER J-3 Cub,L1P,L
A1BD72,N211CG,BE9L,BEECH 90 King Air,L2T,L
A1BE72,N211NN,E75L,EMBRAER ERJ-170-200 (long wing),L2J,M
A1C272,N212RL,ULAC,,L0-,-
A1C372,N2121G,C182,CESSNA 182 Skylane,L1P,L
A1C572,N213JC,LNP4,LANCAIR PropJet 4,L1T,L
A1C772,N2133K,L8,LUSCOMBE 8,L1P,L
A1C972,N214MA,E145,EMBRAER ERJ-145,L2J,M
A1CB72,N2145N,PA32,PIPER PA-32,L1P,L
A1CE72,N2150E,C172,CESSNA 172 Skyhawk,L1P,L
A1D772,N218CF,C340,CESSNA 340 Super,L2P,L
A1DD72,N2191F,T206,CESSNA T206 Turbo Stationair,L1P,L
A1DE72,N2198S,C182,CESSNA 182 Skylane,L1P,L
A1DF72,N22JB,SA30,STOLP Starduster Too,L1P,L
A1E372,N22000,,,,
A1E472,N2208A,P32R,PIPER PA-32R-300/301/301T,L1P,L
A1E672,N221TS,YK52,YAKOVLEV Yak-52,L1P,L
A1E772,N22123,C150,CESSNA 150,L1P,L
A1E872,N222AC,BE36,BEECH 36 Bonanza,L1P,L
A1E972,N222LJ,P337,CESSNA P337 Skymaster,L2P,L
A1EB72,N22246,TAYB,TAYLORCRAFT BC/BF/BL,L1P,L
A1EC72,N223DA,PA23,PIPER PA-23,L2P,L
A1ED72,N223PG,L39,LET L-39 Albatros,L1J,L
A1F172,N224SE,,,,
A1FA72,N22657,TAYB,TAYLORCRAFT BC/BF/BL,L1P,L
A1FB72,N227EM,P32R,PIPER PA-32R-300/301/301T,L1P,L
A1FE72,N2278,CJ6,NANCHANG CJ-6,L1P,L
A20072,N228TR,SR20,CIRRUS SR-20,L1P,L
A20372,N229LH,C208,CESSNA 208 Caravan,L1T,L
A20672,N23D,NAVI,NORTH AMERICAN Navion,L1P,L
A20772,N23PF,C310,CESSNA 310,L2P,L
A20872,N23ZM,,,,
A20B72,N2304P,ALO3,AEROSPATIALE Alouette 3,H1T,L
A20C72,N231CJ,M20P,MOONEY M-20,L1P,L
A21072,N232FG,AS29,SCHLEICHER ASG-29,L1P,L
A21772,N234AX,B762,BOEING 767-200,L2J,H
A21872,N234MC,BE18,BEECH 18 Expetitor,L2P,L
A21A72,N2345Q,BE23,BEECH 23 Sundowner,L1P,L
A21E72,N2357T,NAVI,NORTH AMERICAN Navion,L1P,L
A22272,N2369W,P32R,PIPER PA-32R-300/301/301T,L1P,L
A22572,N2374N,C120,CESSNA 120,L1P,L
A22972,N2386R,P28A,PIPER PA-28-140/150/160/180,L1P,L
A22E72,N24JD,BE9T,BEECH F90 King Air,L2T,L
A23372,N2408C,C180,CESSNA  180 Skywagon,L1P,L
A23972,N242WS,C172,CESSNA 172 Skyhawk,L1P,L
A23A72,N24248,AR65,AERONCA 65 Super Chief,L1P,L
A23B72,N243DC,DC3,DOUGLAS DC-3 Dakota,L2P,M
A23F72,N244GA,FA24,FAIRCHILD F-24 Argus,L1P,L
A24272,N2449D,C170,CESSNA 170,L1P,L
A24572,N24536,J4,PIPER J-4 Cub Coupe,L1P,L
A24672,N246BR,AT5T,AIR TRACTOR AT-504,L1T,L
A24C72,N24701,J4,PIPER J-4 Cub Coupe,L1P,L
A24F72,N248TT,RV6,VANS RV-6,L1P,L
A25472,N24947,C152,CESSNA 152,L1P,L
A25572,N25DB,LNC2,LANCAIR 200-320,L1P,L
A25A72,N2504R,C182,CESSNA 182 Skylane,L1P,L
A25B72,N251CL,CH7A,BELLANCA 7 Champion,L1P,L
A25E72,N2516U,C172,CESSNA 172 Skyhawk,L1P,L
A26172,N2521L,C172,CESSNA 172 Skyhawk,L1P,L
A26272,N2528X,C206,CESSNA  206 Stationair,L1P,L
A26672,N254AZ,RV7,VANS RV-7,L1P,L
A26772,N254ME,C82S,CESSNA T182 Turbo Skylane,L1P,L
A26C72,N2550J,C150,CESSNA 150,L1P,L
A27072,N2562M,PA23,PIPER PA-23,L2P,L
A27172,N2569Y,PA46,PIPER PA-46-310/350,L1P,L
A27472,N2574Q,ULAC,,L0-,-
A27872,N2586T,,,,
A27A72,N259RP,CH7B,BELLANCA 7 Citabria,L1P,L
A27B72,N2591K,L8,LUSCOMBE 8,L1P,L
A27C72,N2598W,M20P,MOONEY M-20,L1P,L
A28572,N26127,AA5,AMERICAN AA-5 Tiger,L1P,L
A28672,N262AG,SH36,SHORT 360,L2T,M
A28972,N2625,BE18,BEECH 18 Expetitor,L2P,L
A28D72,N2637C,C82R,CESSNA R182 Skylane RG,L1P,L
A29072,N26415,AA5,AMERICAN AA-5 Tiger,L1P,L
A29172,N2649F,C182,CESSNA 182 Skylane,L1P,L
A29472,N26538,TAYB,TAYLORCRAFT BC/BF/BL,L1P,L
A29872,N2666A,,,,
A2A072,N269AF,PC24,PILATUS PC-24,L2J,M
A2A272,N269WT,C340,CESSNA 340 Super,L2P,L
A2A372,N26949,AA5,AMERICAN AA-5 Tiger,L1P,L
A2A572,N27PK,BE58,BEECH 58 Baron,L2P,L
A2A872,N270WB,,,,
A2AD72,N2716W,M20P,MOONEY M-20,L1P,L
A2B472,N2733R,P28R,PIPER PA-28R-180/200/201,L1P,L
A2B572,N274BA,GLID,,L0-,-
A2B872,N2745U,C172,CESSNA 172 Skyhawk,L1P,L
A2BD72,N276GX,A320,AIRBUS A-320,L2J,M
A2BE72,N276TC,S76,SIKORSKY S-76 Spirit,H2T,L
A2C372,N2774S,C150,CESSNA 150,L1P,L
A2C472,N278CM,DA40,DIAMOND DA-40 Club Star,L1P,L
A2C572,N278NT,,,,
A2C772,N2786V,BE35,BEECH 35 Starfire Bonanza,L1P,L
A2CC72,N28JH,,,,
A2CD72,N28UP,P28R,PIPER PA-28R-180/200/201,L1P,L
A2D072,N28006,AA5,AMERICAN AA-5 Tiger,L1P,L
A2D472,N28129,BL17,BELLANCA 17 Viking,L1P,L
A2DC72,N2837E,P28B,PIPER PA-28-201T/235/236,L1P,L
A2DF72,N28417,AA5,AMERICAN AA-5 Tiger,L1P,L
A2E072,N2849H,ERCO,AIR PRODUCTS F-1 Aircoupe,L1P,L
A2EA72,N28705,AA5,AMERICAN AA-5 Tiger,L1P,L
A2F272,N2895A,C180,CESSNA  180 Skywagon,L1P,L
A2F372,N29DF,,,,
A2F472,N29PM,T206,CESSNA T206 Turbo Stationair,L1P,L
A2F772,N290WD,DRON,,D0-,-
A2F872,N2904V,,,,
A2FF72,N2921Q,P32R,PIPER PA-32R-300/301/301T,L1P,L
A30772,N2945W,HUSK,CHRISTEN Husky,L1P,L
A30872,N295EA,MD87,MCDONNELL-DOUGLAS MD-87,L2J,M
A30F72,N29692,TAYB,TAYLORCRAFT BC/BF/BL,L1P,L
A31272,N2974U,C150,CESSNA 150,L1P,L
A31372,N298CP,C82T,CESSNA TR182 Turbo Skylane RG,L1P,L
A31472,N298NV,A320,AIRBUS A-320,L2J,M
A31772,N299FM,T6,NORTH AMERICAN T-6 Texan,L1P,L
A31972,N2991P,PA18,PIPER PA-18 Super Cub,L1P,L
A31B72,N3JK,CH7B,BELLANCA 7 Citabria,L1P,L
A31C72,N3UR,C310,CESSNA 310,L2P,L
A31D72,N30EW,C210,CESSNA 201 Centurion,L1P,L
A31E72,N30RB,,,,
A31F72,N300BG,G109,GROB G-109,L1P,L
A32072,N300MN,E300,EXTRA EA-300/330/350,L1P,L
A32272,N30050,BALL,,B0-,-
A32372,N301EE,P32R,PIPER PA-32R-300/301/301T,L1P,L
A32672,N30173,P32R,PIPER PA-32R-300/301/301T,L1P,L
A32972,N3022V,C150,CESSNA 150,L1P,L
A32A72,N30296,C162,CESSNA 162 Skycatcher,L1P,L
A32D72,N3034Y,C162,CESSNA 162 Skycatcher,L1P,L
A32E72,N304CT,CL60,BOMBARDIER CL-600 Challenger,L2J,M
A33272,N305FR,A20N,AIRBUS A-320neo,L2J,M
A33472,N3051T,C320,CESSNA 320 Skyknight,L2P,L
A33572,N30584,C177,CESSNA  177 Cardinal,L1P,L
A33872,N3063W,B36T,BEECH 36 Turbine Bonanza,L1T,L
A33A72,N307MM,RV7,VANS RV-7,L1P,L
A33D72,N308ED,CH7A,BELLANCA 7 Champion,L1P,L
A33F72,N3080R,BE36,BEECH 36 Bonanza,L1P,L
A34172,N309HB,B06,BELL 206 JetRanger,H1T,L
A34472,N30995,J4,PIPER J-4 Cub Coupe,L1P,L
A34572,N31L,GLID,,L0-,-
A34672,N31WF,HUSK,CHRISTEN Husky,L1P,L
A34972,N3102C,BE33,BEECH 33 Bonanza,L1P,L
A34A72,N3109P,P28R,PIPER PA-28R-180/200/201,L1P,L
A34D72,N3114F,PA22,PIPER PA-22,L1P,L
A34E72,N312CA,P28R,PIPER PA-28R-180/200/201,L1P,L
A34F72,N312NG,SR22,CIRRUS SR-22,L1P,L
A35172,N3126J,TAYD,TAYLORCRAFT DC/DF/DL,L1P,L
A35572,N3138M,PA12,PIPER PA-12 Super Cruiser,L1P,L
A35872,N3143D,,,,
A35C72,N3155G,B25,CONSOLIDATED B-25 Mitchell,L2P,M
A35E72,N316PT,,,,
A36172,N317GK,HUSK,CHRISTEN Husky,L1P,L
A36272,N317SR,S22T,CIRRUS SR-22T Turbo,L1P,L
A36372,N3172B,C170,CESSNA 170,L1P,L
A36672,N318VP,M20P,MOONEY M-20,L1P,L
A37172,N32052,P28A,PIPER PA-28-140/150/160/180,L1P,L
A37472,N3210U,C182,CESSNA 182 Skylane,L1P,L
A37772,N322TL,M20P,MOONEY M-20,L1P,L
A37A72,N323LC,J3,PIPER J-3 Cub,L1P,L
A37C72,N32340,,,,
A37E72,N324PA,P32R,PIPER PA-32R-300/301/301T,L1P,L
A38972,N327MP,H25B,HAWKER BEECHCRAFT Hawker 750/850,L2J,M
A38E72,N3280T,PARA,,P0-,-
A38F72,N32874,P28A,PIPER PA-28-140/150/160/180,L1P,L
A39472,N33LB,BE60,BEECH 60 Duke,L2P,L
A39572,N33WH,BE36,BEECH 36 Bonanza,L1P,L
A39772,N330SU,SR20,CIRRUS SR-20,L1P,L
A39872,N3302E,AR11,AERONCA 11 Chief,L1P,L
A3A172,N333FA,P28A,PIPER PA-28-140/150/160/180,L1P,L
A3A272,N333RG,,,,
A3A772,N3343F,C182,CESSNA 182 Skylane,L1P,L
A3B172,N337ST,ULAC,,L0-,-
A3B272,N3372D,C180,CESSNA  180 Skywagon,L1P,L
A3B572,N338VR,VR7,VASHON Ranger R7,L1P,L
A3BB72,N34F,FH11,FAIRCHILD FH-1100,H1T,L
A3BC72,N34RF,P46T,PIPER PA-46-500TP,L1T,L
A3BE72,N340MS,C340,CESSNA 340 Super,L2P,L
A3C872,N343,WAIX,SONEX Waiex,L1P,L
A3CB72,N34342,,,,
A3CF72,N34465,C177,CESSNA  177 Cardinal,L1P,L
A3DA72,N34753,C177,CESSNA  177 Cardinal,L1P,L
A3DE72,N34876,C177,CESSNA  177 Cardinal,L1P,L
A3E072,N349TM,DRON,,D0-,-
A3E372,N35LD,B06,BELL 206 JetRanger,H1T,L
A3E472,N35WK,BE35,BEECH 35 Starfire Bonanza,L1P,L
A3EB72,N3514K,P28A,PIPER PA-28-140/150/160/180,L1P,L
A3EF72,N3526N,M20P,MOONEY M-20,L1P,L
A3F272,N3531E,C172,CESSNA 172 Skyhawk,L1P,L
A3F372,N3538R,T206,CESSNA T206 Turbo Stationair,L1P,L
A3F672,N3543H,C82T,CESSNA TR182 Turbo Skylane RG,L1P,L
A3FA72,N3555L,C172,CESSNA 172 Skyhawk,L1P,L
A3FD72,N3560C,C170,CESSNA 170,L1P,L
A3FE72,N3567P,PA18,PIPER PA-18 Super Cub,L1P,L
A40172,N3572F,PARA,,P0-,-
A40372,N358KM,SREY,PROGRESSIVE AERODYNE SeaRey,A1P,L
A40672,N359CD,SR22,CIRRUS SR-22,L1P,L
A40A72,N36FB,L8,LUSCOMBE 8,L1P,L
A40B72,N36RH,T206,CESSNA T206 Turbo Stationair,L1P,L
A40E72,N360Y,YK52,YAKOVLEV Yak-52,L1P,L
A40F72,N36056,P28A,PIPER PA-28-140/150/160/180,L1P,L
A41172,N361QS,C680,CESSNA 680 Citation Sovereign,L2J,M
A41272,N3610Y,C210,CESSNA 201 Centurion,L1P,L
A41E72,N36467,BALL,,B0-,-
A41F72,N365FX,E55P,EMBRAER EMB-505 Phenom 300,L2J,M
A42072,N365SC,G280,GULFSTREAM G280,L2J,M
A42172,N3651Z,PA22,PIPER PA-22,L1P,L
A42672,N367BM,SR22,CIRRUS SR-22,L1P,L
A42972,N36755,S10,STINSON 10 Voyager,L1P,L
A42F72,N369TP,CRER,RANS Courier,L1P,L
A43172,N37A,ERCO,AIR PRODUCTS F-1 Aircoupe,L1P,L
A43272,N37LF,C172,CESSNA 172 Skyhawk,L1P,L
A43372,N37WM,O1,CESSNA 305/341 Bird Dog,L1P,L
A43672,N3702J,C150,CESSNA 150,L1P,L
A43772,N3709V,C140,CESSNA 140,L1P,L
A43F72,N373FE,DC10,MCDONNELL DOUGLAS DC-10,L3J,H
A44072,N373RL,B407,BELL 407,H1T,L
A44172,N3731G,C310,CESSNA 310,L2P,L
A44772,N375MA,C172,CESSNA 172 Skyhawk,L1P,L
A44C72,N3760E,PA36,PIPER PA-36 Pawnee Brave,L1P,L
A44F72,N377SX,SX30,SWEARINGEN SX-300,L1P,L
A45072,N3772H,B738,BOEING 737-800,L2J,M
A45172,N3779U,C182,CESSNA 182 Skylane,L1P,L
A45A72,N38RK,M20P,MOONEY M-20,L1P,L
A45E72,N38058,BE23,BEECH 23 Sundowner,L1P,L
A46272,N3818A,PARA,,P0-,-
A46472,N382TS,PA11,PIPER PA-11 Cub Special,L1P,L
A46572,N38223,J3,PIPER J-3 Cub,L1P,L
A46672,N383AC,CH7A,BELLANCA 7 Champion,L1P,L
A46972,N38346,J3,PIPER J-3 Cub,L1P,L
A46A72,N384DA,B738,BOEING 737-800,L2J,M
A46D72,N38469,P28B,PIPER PA-28-201T/235/236,L1P,L
A46F72,N385SE,C152,CESSNA 152,L1P,L
A47072,N38511,J3,PIPER J-3 Cub,L1P,L
A47372,N386VC,B06,BELL 206 JetRanger,H1T,L
A47472,N38634,J5,PIPER J-5 Cub Cruiser,L1P,L
A47872,N38757,J3,PIPER J-3 Cub,L1P,L
A47F72,N38922,,,,
A48072,N39AB,GLID,,L0-,-
A48172,N39LH,SC7,SHORT Skyvan,L2T,L
A48672,N3909X,PA34,PIPER PA-34 Seneca,L2P,L
A48772,N391KS,ACR2,ACRO SPORT 2,L1P,L
A48972,N3914P,PA22,PIPER PA-22,L1P,L
A48D72,N3926S,C172,CESSNA 172 Skyhawk,L1P,L
A49B72,N3960G,C340,CESSNA 340 Super,L2P,L
A49D72,N397GT,GP3,OSPREY GP-3 Osprey 2,A1P,L
A49F72,N3972K,P28A,PIPER PA-28-140/150/160/180,L1P,L
A4A372,N3984N,M20P,MOONEY M-20,L1P,L
A4A772,N3996R,P28A,PIPER PA-28-140/150/160/180,L1P,L
A4A872,N4FF,C510,CESSNA 510 Citation Mustang,L2J,L
A4A972,N4RM,T206,CESSNA T206 Turbo Stationair,L1P,L
A4AD72,N400JJ,SW3,SWEARINGEN Merlin 3,L2T,L
A4AF72,N4003R,PA32,PIPER PA-32,L1P,L
A4B172,N401MG,AC80,NORTH AMERICAN ROCKWELL Turbo Commander 680,L2T,L
A4B472,N402DZ,C402,CESSNA 402 Businessliner,L2P,L
A4B672,N4020L,BALL,,B0-,-
A4B772,N4027X,VO10,NORTH AMERICAN ROCKWELL Commander 100,L1P,L
A4B972,N403TC,BALL,,B0-,-
A4BA72,N4032P,PA23,PIPER PA-23,L2P,L
A4BD72,N404WA,B06,BELL 206 JetRanger,H1T,L
A4BE72,N4044S,BALL,,B0-,-
A4BF72,N405CM,R22,ROBINSON R-22 Mariner,H1P,L
A4C572,N4061M,PA12,PIPER PA-12 Super Cruiser,L1P,L
A4C672,N4068Y,C185,CESSNA 185 Skywagon,L1P,L
A4C772,N407JH,B407,BELL 407,H1T,L
A4C872,N407UP,B752,BOEING 757-200,L2J,M
A4D072,N4090K,TAIL,WITTMAN Tailwind,L1P,L
A4D272,N41GW,G44,GRUMMAN G-44 Widgeon,A2P,L
A4D372,N41TB,TB20,SOCATA TB-20 Trinidad,L1P,L
A4D872,N411GE,FOX,KITFOX,L1P,L
A4DA72,N41117,BALL,,B0-,-
A4DE72,N4124,MITE,MOONEY M-18,L1P,L
A4E272,N4136C,S108,STINSON 108 Voyager,L1P,L
A4E572,N41405,J5,PIPER J-5 Cub Cruiser,L1P,L
A4E672,N4148F,C172,CESSNA 172 Skyhawk,L1P,L
A4EF72,N417PM,PA31,PIPER PA-31-300/310/325/350/425,L2P,L
A4F472,N41816,CH7B,BELLANCA 7 Citabria,L1P,L
A4F672,N419KB,FOX,KITFOX,L1P,L
A4F972,N42BU,RV10,VANS RV-10,L1P,L
A4FD72,N420US,B734,BOEING 737-400,L2J,M
A4FF72,N421BC,C421,CESSNA 421 Executive Commuter,L2P,L
A50072,N421MJ,P28A,PIPER PA-28-140/150/160/180,L1P,L
A50272,N4215W,AT3T,AIR TRACTOR AT-302/402,L1T,L
A50572,N4220N,C140,CESSNA 140,L1P,L
A50672,N4227Z,PA18,PIPER PA-18 Super Cub,L1P,L
A50A72,N42392,J3,PIPER J-3 Cub,L1P,L
A50C72,N424WC,H500,HUGHES 500,H1T,L
A50E72,N425CP,C172,CESSNA 172 Skyhawk,L1P,L
A51472,N4261P,FOX,KITFOX,L1P,L
A51572,N42680,J3,PIPER J-3 Cub,L1P,L
A51672,N427JK,P32R,PIPER PA-32R-300/301/301T,L1P,L
A51872,N4273S,PA18,PIPER PA-18 Super Cub,L1P,L
A51D72,N429E,CMDE,AIR COMMAND Commander Elite,G1P,L
A51F72,N4290M,PARA,,P0-,-
A52072,N4297Y,P28R,PIPER PA-28R-180/200/201,L1P,L
A52272,N43TD,DFLY,VIKING Dragonfly,L1P,L
A52672,N4307G,P28B,PIPER PA-28-201T/235/236,L1P,L
A52972,N43119,TAYB,TAYLORCRAFT BC/BF/BL,L1P,L
A52A72,N4319K,NAVI,NORTH AMERICAN Navion,L1P,L
A53472,N43407,TAYB,TAYLORCRAFT BC/BF/BL,L1P,L
A53C72,N4365C,CH7A,BELLANCA 7 Champion,L1P,L
A54372,N43818,TAYB,TAYLORCRAFT BC/BF/BL,L1P,L
A54872,N44BW,CP10,CAP AVIATION CAP-10,L1P,L
A54A72,N44YH,RV10,VANS RV-10,L1P,L
A54D72,N4403V,C170,CESSNA 170,L1P,L
A54E72,N441BE,LNCE,LANCAIR ES,L1P,L
A54F72,N441ML,R44,ROBINSON R-44 Raven,H1P,L
A55572,N44271,TAYB,TAYLORCRAFT BC/BF/BL,L1P,L
A55972,N44394,TAYB,TAYLORCRAFT BC/BF/BL,L1P,L
A55B72,N444WE,BE36,BEECH 36 Bonanza,L1P,L
A55C72,N4444W,C182,CESSNA 182 Skylane,L1P,L
A55D72,N445CR,BE9L,BEECH 90 King Air,L2T,L
A55E72,N445NX,PC12,PILATUS PC-12,L1T,L
A56072,N4456Z,PA18,PIPER PA-18 Super Cub,L1P,L
A56272,N446RV,RV9,VANS RV-9,L1P,L
A56472,N44682,P28A,PIPER PA-28-140/150/160/180,L1P,L
A56772,N4473U,C150,CESSNA 150,L1P,L
A56972,N448MK,PA44,PIPER PA-44 Seminole,L2P,L
A56B72,N4485X,PA32,PIPER PA-32,L1P,L
A56C72,N449EB,ESCP,REALITY Escapade,L1P,L
A56E72,N4490P,PA23,PIPER PA-23,L2P,L
A56F72,N44970,N3N,NAVAL AIRCRAFT FACTORY N3N,L1P,L
A57172,N45TF,C340,CESSNA 340 Super,L2P,L
A57272,N450DL,R44,ROBINSON R-44 Raven,H1P,L
A57372,N450PS,,,,
A57572,N4507J,P28R,PIPER PA-28R-180/200/201,L1P,L
A58272,N454RC,S22T,CIRRUS SR-22T Turbo,L1P,L
A58372,N45409,AA5,AMERICAN AA-5 Tiger,L1P,L
A58672,N455UA,A320,AIRBUS A-320,L2J,M
A58772,N4553B,AA5,AMERICAN AA-5 Tiger,L1P,L
A58872,N456AM,HUSK,CHRISTEN Husky,L1P,L
A58C72,N457DK,M20P,MOONEY M-20,L1P,L
A58F72,N4577H,PA15,PIPER PA-15 Vagabond,L1P,L
A59172,N458SP,C172,CESSNA 172 Skyhawk,L1P,L
A59672,N4594C,T210,CESSNA T210 Turbo Centurion,L1P,L
A59972,N46YK,YK18,YAKOVLEV Yak-18U,L1P,L
A59C72,N4603X,RV9,VANS RV-9,L1P,L
A59D72,N461BG,CH7B,BELLANCA 7 Citabria,L1P,L
A5A472,N46273,T28,NORTH AMERICAN T-28,L1P,L
A5A772,N4632V,,,,
A5A872,N46396,C172,CESSNA 172 Skyhawk,L1P,L
A5AB72,N4644Y,PA18,PIPER PA-18 Super Cub,L1P,L
A5AC72,N465CT,C182,CESSNA 182 Skylane,L1P,L
A5AF72,N46561,C172,CESSNA 172 Skyhawk,L1P,L
A5B272,N4661T,C82R,CESSNA R182 Skylane RG,L1P,L
A5B372,N46684,CH70,ZENAIR CH-701 Stol,L1P,L
A5B472,N467JP,PARA,,P0-,-
A5BB72,N469ED,CL60,BOMBARDIER CL-600 Challenger,L2J,M
A5BF72,N47HB,BE35,BEECH 35 Starfire Bonanza,L1P,L
A5C472,N4707L,C152,CESSNA 152,L1P,L
A5C672,N471SS,PC12,PILATUS PC-12,L1T,L
A5C772,N4712C,PA12,PIPER PA-12 Super Cruiser,L1P,L
A5CC72,N473CA,C172,CESSNA 172 Skyhawk,L1P,L
A5CF72,N4736J,BE23,BEECH 23 Sundowner,L1P,L
A5D672,N4753D,C172,CESSNA 172 Skyhawk,L1P,L
A5DA72,N4765G,C414,CESSNA 414 Chancellor,L2P,L
A5DC72,N477PT,BE9L,BEECH 90 King Air,L2T,L
A5E072,N478SR,SR22,CIRRUS SR-22,L1P,L
A5E272,N4789N,C182,CESSNA 182 Skylane,L1P,L
A5E572,N4794E,G103,GROB G-103 Twin 3SL,L1P,L
A5E972,N480JS,EN48,ENSTROM TH-28,H1T,L
A5EB72,N4803Z,PA22,PIPER PA-22,L1P,L
A5F672,N4832X,C150,CESSNA 150,L1P,L
A5FA72,N48440,C152,CESSNA 152,L1P,L
A5FC72,N485PA,ULAC,,L0-,-
A60172,N4861V,C72R,CESSNA 172R Cutlass RG,L1P,L
A60272,N48686,J3,PIPER J-3 Cub,L1P,L
A60572,N4873Y,PA25,PIPER PA-25 Pawnee,L1P,L
A60D72,N48974,DRON,,D0-,-
A60E72,N49HD,P28R,PIPER PA-28R-180/200/201,L1P,L
A61672,N4912E,C82R,CESSNA R182 Skylane RG,L1P,L
A61E72,N4936L,P28A,PIPER PA-28-140/150/160/180,L1P,L
A62572,N4953F,P28A,PIPER PA-28-140/150/160/180,L1P,L
A62C72,N4970A,C180,CESSNA  180 Skywagon,L1P,L
A63072,N4982D,C182,CESSNA 182 Skylane,L1P,L
A63672,N5NH,B47G,BELL 47G,H1P,L
A63772,N5YP,PA32,PIPER PA-32,L1P,L
A63972,N50V,S39,SIKORSKY S-39,A1P,L
A63A72,N500FE,BE20,BEECH 200 Super King Air,L2T,M
A63B72,N500RL,GLF4,GULFSTREAM 4,L2J,M
A63D72,N5008T,P28A,PIPER PA-28-140/150/160/180,L1P,L
A63E72,N501JC,AT8T,AIR TRACTOR AT-802,L1T,M
A64472,N5025N,BL8,BELLANCA 8 Decathlon,L1P,L
A64872,N5037R,C172,CESSNA 172 Skyhawk,L1P,L
A64B72,N5042H,PA11,PIPER PA-11 Cub Special,L1P,L
A64F72,N5054L,BL8,BELLANCA 8 Decathlon,L1P,L
A65372,N5066P,PA24,PIPER PA-24 Comanche,L1P,L
A65672,N5071F,FH11,FAIRCHILD FH-1100,H1T,L
A65872,N508JB,SR22,CIRRUS SR-22,L1P,L
A65E72,N5095M,,,,
A65F72,N51DS,PA24,PIPER PA-24 Comanche,L1P,L
A66172,N510AC,EC25,AIRBUS HELICOPTERS EC-225/725,H2T,M
A66272,N510LJ,SS2T,TRUSH Turbo Thrush 500/550,L1T,L
A66372,N510WQ,,,,
A66472,N51046,C150,CESSNA 150,L1P,L
A66672,N511PG,SR20,CIRRUS SR-20,L1P,L
A66872,N51169,Y18T,YAKOVLEV Yak-18T,L1P,L
A66A72,N512SE,T6,NORTH AMERICAN T-6 Texan,L1P,L
A66B72,N51211,CVLP,CONVAIR Convairliner,L2P,M
A66F72,N51334,C150,CESSNA 150,L1P,L
A67472,N515EM,CH70,ZENAIR CH-701 Stol,L1P,L
A67672,N5150Z,PA22,PIPER PA-22,L1P,L
A67C72,N517LH,PC24,PILATUS PC-24,L2J,M
A67F72,N518D,RS12,RANS S-12 Super Airaile,L1P,L
A68772,N52JW,AC90,NORTH AMERICAN ROCKWELL Turbo Commander 690/840,L2T,L
A68872,N52VB,BE95,BEECH 95 Travel Air,L2P,L
A68A72,N520RN,AC50,NORTH AMERICAN ROCKWELL Commander 500,L2P,L
A68C72,N5208V,C162,CESSNA 162 Skycatcher,L1P,L
A68F72,N5213M,C172,CESSNA 172 Skyhawk,L1P,L
A69072,N522AX,DC10,MCDONNELL DOUGLAS DC-10,L3J,H
A69172,N522MC,T206,CESSNA T206 Turbo Stationair,L1P,L
A69372,N5225Q,C150,CESSNA 150,L1P,L
A69472,N523DV,C25B,CESSNA 525B Citation CJ3,L2J,L
A69772,N5237T,P28A,PIPER PA-28-140/150/160/180,L1P,L
A69872,N524GT,PC12,PILATUS PC-12,L1T,L
A69A72,N5242K,NAVI,NORTH AMERICAN Navion,L1P,L
A69C72,N525KR,C25C,CESSNA 525C Citation CJ4,L2J,M
A69E72,N5254N,M20P,MOONEY M-20,L1P,L
A69F72,N526CH,P210,CESSNA P210 Centurion,L1P,L
A6AF72,N53Q,B06,BELL 206 JetRanger,H1T,L
A6B472,N531DC,RV7,VANS RV-7,L1P,L
A6B572,N531PJ,H500,HUGHES 500,H1T,L
A6B772,N5317A,T210,CESSNA T210 Turbo Centurion,L1P,L
A6BB72,N5329D,C180,CESSNA  180 Skywagon,L1P,L
A6BD72,N533VE,VEZE,RUTAN VariEze,L1P,L
A6C272,N53459,ST75,STEARMAN Kaydet,L1P,L
A6C672,N5358B,C182,CESSNA 182 Skylane,L1P,L
A6CD72,N53747,BL8,BELLANCA 8 Decathlon,L1P,L
A6D172,N5387,,,,
A6D472,N53912,CH7B,BELLANCA 7 Citabria,L1P,L
A6D572,N5399C,C140,CESSNA 140,L1P,L
A6DC72,N541JG,BE20,BEECH 200 Super King Air,L2T,M
A6DE72,N5413P,PA44,PIPER PA-44 Seminole,L2P,L
A6DF72,N542AZ,DRON,,D0-,-
A6E272,N5425S,C82R,CESSNA R182 Skylane RG,L1P,L
A6E872,N544TA,P28A,PIPER PA-28-140/150/160/180,L1P,L
A6ED72,N5454Q,C150,CESSNA 150,L1P,L
A6F172,N5466T,C172,CESSNA 172 Skyhawk,L1P,L
A6F872,N5483N,J3,PIPER J-3 Cub,L1P,L
A6FC72,N5495R,C172,CESSNA 172 Skyhawk,L1P,L
A6FD72,N55DW,PC12,PILATUS PC-12,L1T,L
A6FE72,N55QB,C172,CESSNA 172 Skyhawk,L1P,L
A70272,N5505,,,,
A70772,N552GC,GLST,GLASAIR SH-4 GlaStar,L1P,L
A70972,N55215,P28A,PIPER PA-28-140/150/160/180,L1P,L
A70A72,N5529F,P28A,PIPER PA-28-140/150/160/180,L1P,L
A70D72,N55338,P28A,PIPER PA-28-140/150/160/180,L1P,L
A71272,N555ER,C82S,CESSNA T182 Turbo Skylane,L1P,L
A71572,N5558D,BE35,BEECH 35 Starfire Bonanza,L1P,L
A71972,N557AF,DA40,DIAMOND DA-40 Club Star,L1P,L
A71A72,N557LM,LJ45,LEARJET 45,L2J,M
A72272,N559SH,AS50,AEROSPATIALE AS-350 Ecureuil,H1T,L
A72772,N560FL,P28A,PIPER PA-28-140/150/160/180,L1P,L
A72A72,N5608Z,PA22,PIPER PA-22,L1P,L
A72E72,N562BA,BL8,BELLANCA 8 Decathlon,L1P,L
A73172,N5625U,P28A,PIPER PA-28-140/150/160/180,L1P,L
A73772,N564TC,PARA,,P0-,-
A73C72,N5654S,BE23,BEECH 23 Sundowner,L1P,L
A74072,N5666V,P28R,PIPER PA-28R-180/200/201,L1P,L
A74472,N5678Y,PA18,PIPER PA-18 Super Cub,L1P,L
A74872,N569B,,,,
A74B72,N5695T,C172,CESSNA 172 Skyhawk,L1P,L
A74C72,N57DY,BL17,BELLANCA 17 Viking,L1P,L
A75572,N5717E,C150,CESSNA 150,L1P,L
A75972,N5729H,PA16,PIPER PA-16 Clipper,L1P,L
A75C72,N5734,H25B,HAWKER BEECHCRAFT Hawker 750/850,L2J,M
A76072,N5746C,C170,CESSNA 170,L1P,L
A76372,N57505,CH7B,BELLANCA 7 Citabria,L1P,L
A76772,N57628,CH7B,BELLANCA 7 Citabria,L1P,L
A76B72,N5775A,C172,CESSNA 172 Skyhawk,L1P,L
A76F72,N5787D,M20P,MOONEY M-20,L1P,L
A77372,N5799G,C150,CESSNA 150,L1P,L
A77472,N58KB,GC1,GLOBE Swift,L1P,L
A77572,N58VH,,,,
A77C72,N5813T,C185,CESSNA 185 Skywagon,L1P,L
A78072,N5825W,P28A,PIPER PA-28-140/150/160/180,L1P,L
A78B72,N5854U,P28A,PIPER PA-28-140/150/160/180,L1P,L
A78C72,N586CP,C172,CESSNA 172 Skyhawk,L1P,L
A79272,N5871P,PA24,PIPER PA-24 Comanche,L1P,L
A79372,N58780,C182,CESSNA 182 Skylane,L1P,L
A79772,N589BB,J3,PIPER J-3 Cub,L1P,L
A79B72,N59E,BE18,BEECH 18 Expetitor,L2P,L
A7AB72,N5934B,C182,CESSNA 182 Skylane,L1P,L
A7B372,N5958H,PA16,PIPER PA-16 Clipper,L1P,L
A7B672,N5963,DRON,,D0-,-
A7BA72,N5975C,BE35,BEECH 35 Starfire Bonanza,L1P,L
A7C472,N6VK,VELO,Velocity,L1P,L
A7C772,N600CA,BE30,BEECH 300 Super King Air,L2T,L
A7C872,N600NG,P46T,PIPER PA-46-500TP,L1T,L
A7CD72,N6011A,C172,CESSNA 172 Skyhawk,L1P,L
A7CE72,N6018M,S108,STINSON 108 Voyager,L1P,L
A7D172,N6023D,PA22,PIPER PA-22,L1P,L
A7D272,N603AP,SF50,CIRRUS SF-50 Vision,L1J,L
A7D772,N604PT,FA20,DASSAULT Falcon 200,L2J,M
A7D972,N6047K,RC3,REPUBLIC RC-3 Seabee,A1P,L
A7DB72,N605SR,C421,CESSNA 421 Executive Commuter,L2P,L
A7DC72,N6052B,SS2T,TRUSH Turbo Thrush 500/550,L1T,L
A7DE72,N606KH,SR22,CIRRUS SR-22,L1P,L
A7E072,N6064E,BE35,BEECH 35 Starfire Bonanza,L1P,L
A7E172,N607C,PA46,PIPER PA-46-310/350,L1P,L
A7E872,N6088L,AA5,AMERICAN AA-5 Tiger,L1P,L
A7EB72,N6093C,CH7A,BELLANCA 7 Champion,L1P,L
A7F272,N61098,C150,CESSNA 150,L1P,L
A7F372,N611LC,AEST,AEROSTAR 600,L2P,L
A7F472,N611WJ,C182,CESSNA 182 Skylane,L1P,L
A7F572,N61140,C150,CESSNA 150,L1P,L
A7F772,N612PA,P28A,PIPER PA-28-140/150/160/180,L1P,L
A7FA72,N613FT,P28A,PIPER PA-28-140/150/160/180,L1P,L
A7FE72,N614JR,BALL,,B0-,-
A7FF72,N614UX,E75L,EMBRAER ERJ-170-200 (long wing),L2J,M
A80272,N615MP,COL3,CESSNA 350 Corvalis,L1P,L
A81372,N61962,C172,CESSNA 172 Skyhawk,L1P,L
A81672,N620CC,PA11,PIPER PA-11 Cub Special,L1P,L
A81D72,N6218P,PA24,PIPER PA-24 Comanche,L1P,L
A82372,N623XC,DRON,,D0-,-
A82472,N6235J,P28A,PIPER PA-28-140/150/160/180,L1P,L
A82572,N624DP,PA32,PIPER PA-32,L1P,L
A82B72,N6252D,C172,CESSNA 172 Skyhawk,L1P,L
A82F72,N6264G,C150,CESSNA 150,L1P,L
A83572,N628RF,S22T,CIRRUS SR-22T Turbo,L1P,L
A83772,N6288N,B47G,BELL 47G,H1P,L
A83A72,N6293E,C172,CESSNA 172 Skyhawk,L1P,L
A84872,N63265,C150,CESSNA 150,L1P,L
A84F72,N63430,C180,CESSNA  180 Skywagon,L1P,L
A85072,N635BK,C172,CESSNA 172 Skyhawk,L1P,L
A85272,N635XX,BDOG,BRITISH AEROSPACE SA-3 Bulldog,L1P,L
A85672,N6360V,,,,
A85A72,N6372Y,BALL,,B0-,-
A85C72,N638LD,BE58,BEECH 58 Baron,L2P,L
A85F72,N639CW,TBM7,SOCATA TBM-700A/B/C,L1T,L
A86272,N63964,PA18,PIPER PA-18 Super Cub,L1P,L
A86472,N64S,P337,CESSNA P337 Skymaster,L2P,L
A86F72,N6423H,J3,PIPER J-3 Cub,L1P,L
A87372,N6435L,,,,
A87472,N644DR,PA18,PIPER PA-18 Super Cub,L1P,L
A87572,N644PX,DRON,,D0-,-
A87772,N6447P,PA24,PIPER PA-24 Comanche,L1P,L
A87A72,N6452F,C150,CESSNA 150,L1P,L
A87F72,N647CD,SR22,CIRRUS SR-22,L1P,L
A88072,N647NK,A320,AIRBUS A-320,L2J,M
A88272,N6476M,S108,STINSON 108 Voyager,L1P,L
A88672,N6488Q,M20P,MOONEY M-20,L1P,L
A88772,N649J,JAB4,JABIRU J200-450,L1P,L
A88B72,N65LY,DA40,DIAMOND DA-40 Club Star,L1P,L
A88D72,N650HJ,CL60,BOMBARDIER CL-600 Challenger,L2J,M
A88F72,N65021,C172,CESSNA 172 Skyhawk,L1P,L
A89372,N65144,B06,BELL 206 JetRanger,H1T,L
A89872,N653FX,GLF6,GULFSTREAM G650,L2J,M
A89972,N653SC,PA31,PIPER PA-31-300/310/325/350/425,L2P,L
A8A572,N6560X,PARA,,P0-,-
A8A672,N65678,,,,
A8A872,N657TP,C82T,CESSNA TR182 Turbo Skylane RG,L1P,L
A8AA72,N658A,P28A,PIPER PA-28-140/150/160/180,L1P,L
A8AC72,N658WM,S22T,CIRRUS SR-22T Turbo,L1P,L
A8AD72,N65843,GLID,,L0-,-
A8B172,N65966,,,,
A8B272,N66FW,BOLT,STEEN Skybolt,L1P,L
A8B772,N6606Q,C188,CESSNA 188 AgTruck,L1P,L
A8B872,N661FE,A306,AIRBUS A-300-600,L2J,H
A8B972,N661RL,B407,BELL 407,H1T,L
A8C072,N663MA,AT8T,AIR TRACTOR AT-802,L1T,M
A8C572,N6640E,C175,CESSNA 175 Skylark,L1P,L
A8C672,N6647R,BE36,BEECH 36 Bonanza,L1P,L
A8CA72,N6659U,M20P,MOONEY M-20,L1P,L
A8CD72,N6664L,BT36,BEECH B36TC Bonanza,L1P,L
A8D572,N6688S,ALIG,ARION LS-1 Lightning,L1P,L
A8D672,N669JB,AS29,SCHLEICHER ASG-29,L1P,L
A8D872,N6693J,P28A,PIPER PA-28-140/150/160/180,L1P,L
A8D972,N67AU,C30J,LOCKHEED MARTIN C-130J Super Hercules,L4T,M
A8DA72,N67M,ERCO,AIR PRODUCTS F-1 Aircoupe,L1P,L
A8E272,N67146,B06,BELL 206 JetRanger,H1T,L
A8E672,N67269,B06,BELL 206 JetRanger,H1T,L
A8EA72,N6739B,PA22,PIPER PA-22,L1P,L
A8EF72,N675MV,RV7,VANS RV-7,L1P,L
A8F172,N67557,C152,CESSNA 152,L1P,L
A8F972,N678AB,P46T,PIPER PA-46-500TP,L1T,L
A8FA72,N678LH,P28A,PIPER PA-28-140/150/160/180,L1P,L
A8FC72,N67845,B739,BOEING 737-900,L2J,M
A90072,N67968,B06,BELL 206 JetRanger,H1T,L
A90272,N68SD,PA32,PIPER PA-32,L1P,L
A90972,N6811J,P28A,PIPER PA-28-140/150/160/180,L1P,L
A91472,N6840G,C150,CESSNA 150,L1P,L
A91872,N6852K,GLST,GLASAIR SH-4 GlaStar,L1P,L
A91C72,N6864N,M20P,MOONEY M-20,L1P,L
A92272,N688RM,M20P,MOONEY M-20,L1P,L
A92372,N6881H,J3,PIPER J-3 Cub,L1P,L
A92872,N69AW,BE35,BEECH 35 Starfire Bonanza,L1P,L
A92E72,N691AE,E145,EMBRAER ERJ-145,L2J,M
A93272,N692DC,RV7,VANS RV-7,L1P,L
A93572,N6927A,C172,CESSNA 172 Skyhawk,L1P,L
A94372,N69601,CH60,ZENAIR CH-600 Zodiac,L1P,L
A94B72,N69847,B739,BOEING 737-900,L2J,M
A94C72,N699DB,GALX,GULFSTREAM G200,L2J,M
A94F72,N6997,,,,
A95172,N7SF,LNC4,LANCAIR 4,L1P,L
A95372,N70NS,,,,
A95872,N701BV,CH70,ZENAIR CH-701 Stol,L1P,L
A95972,N701NA,DRON,,D0-,-
A95F72,N7028F,C162,CESSNA 162 Skycatcher,L1P,L
A96172,N703TX,C750,CESSNA 750 Citation 10,L2J,M
A96372,N704AH,C150,CESSNA 150,L1P,L
A96B72,N706GD,GA7C,GULFSTREAM G700,L2J,M
A96C72,N706SK,CRJ7,BOMBARDIER Regional Jet CRJ-700,L2J,M
A96D72,N70616,C182,CESSNA 182 Skylane,L1P,L
A96E72,N7069G,C172,CESSNA 172 Skyhawk,L1P,L
A96F72,N707KB,PA32,PIPER PA-32,L1P,L
A97172,N70739,C152,CESSNA 152,L1P,L
A97572,N7086B,PA18,PIPER PA-18 Super Cub,L1P,L
A97872,N70904,UH12,HILLER UH-12,H1P,L
A97972,N7098E,C175,CESSNA 175 Skylark,L1P,L
A97B72,N71TW,SR22,CIRRUS SR-22,L1P,L
A98172,N711TE,,,,
A98272,N7112R,P28A,PIPER PA-28-140/150/160/180,L1P,L
A98372,N71192,BALL,,B0-,-
A98672,N7124U,M20P,MOONEY M-20,L1P,L
A98772,N713CP,C172,CESSNA 172 Skyhawk,L1P,L
A98A72,N7136X,C177,CESSNA  177 Cardinal,L1P,L
A98B72,N714FM,C150,CESSNA 150,L1P,L
A98D72,N7141P,PA24,PIPER PA-24 Comanche,L1P,L
A98E72,N71480,L8,LUSCOMBE 8,L1P,L
A98F72,N715JK,EA50,ECLIPSE 550,L2J,L
A99672,N717E,M7,MAULE M-7,L1P,L
A99872,N7170M,BALL,,B0-,-
A99D72,N71891,L8,LUSCOMBE 8,L1P,L
A99F72,N719WB,RV7,VANS RV-7,L1P,L
A9A072,N7194T,C172,CESSNA 172 Skyhawk,L1P,L
A9A172,N72CN,EAGL,CHRISTEN Eagle,L1P,L
A9AB72,N722EV,CRJ7,BOMBARDIER Regional Jet CRJ-700,L2J,M
A9AC72,N722RA,PA34,PIPER PA-34 Seneca,L2P,L
A9B172,N7233,G164,GRUMMAN G-164 Ag-Cat,L1P,L
A9B972,N7257F,P28A,PIPER PA-28-140/150/160/180,L1P,L
A9BB72,N726SM,,,,
A9BE72,N727KD,C172,CESSNA 172 Skyhawk,L1P,L
A9C472,N7286D,,,,
A9C672,N729R,RV6,VANS RV-6,L1P,L
A9C972,N73HS,RV12,VANS RV-12,L1P,L
A9CD72,N7300Q,C182,CESSNA 182 Skylane,L1P,L
A9CF72,N731HA,C188,CESSNA 188 AgTruck,L1P,L
A9D172,N7312T,C172,CESSNA 172 Skyhawk,L1P,L
A9D272,N73194,AT5T,AIR TRACTOR AT-504,L1T,L
A9D572,N7324W,P28A,PIPER PA-28-140/150/160/180,L1P,L
A9D672,N733CR,C172,CESSNA 172 Skyhawk,L1P,L
A9D972,N7336Z,PA25,PIPER PA-25 Pawnee,L1P,L
A9DB72,N734RV,C172,CESSNA 172 Skyhawk,L1P,L
A9E172,N736BD,C172,CESSNA 172 Skyhawk,L1P,L
A9E272,N736MK,C172,CESSNA 172 Skyhawk,L1P,L
A9E472,N7365X,C82R,CESSNA R182 Skylane RG,L1P,L
A9E572,N737EB,C82S,CESSNA T182 Turbo Skylane,L1P,L
A9E672,N737QH,C182,CESSNA 182 Skylane,L1P,L
A9E772,N7370P,PA24,PIPER PA-24 Comanche,L1P,L
A9EA72,N738TF,C82R,CESSNA R182 Skylane RG,L1P,L
A9ED72,N739KY,C172,CESSNA 172 Skyhawk,L1P,L
A9F972,N7416G,C172,CESSNA 172 Skyhawk,L1P,L
AA0072,N7433B,CH7A,BELLANCA 7 Champion,L1P,L
AA0172,N744AM,TBM7,SOCATA TBM-700A/B/C,L1T,L
AA0472,N7445E,C210,CESSNA 201 Centurion,L1P,L
AA0C72,N7469L,PA18,PIPER PA-18 Super Cub,L1P,L
AA0F72,N7474C,B744,BOEING 747-400,L4J,H
AA1572,N749RB,S22T,CIRRUS SR-22T Turbo,L1P,L
AA1772,N7498J,P28R,PIPER PA-28R-180/200/201,L1P,L
AA1872,N75HU,C56X,CESSNA 560XL Citation XLS,L2J,M
AA1972,N75U,AC68,AERO Commander 680,L2P,L
AA1C72,N7500S,G64T,GRUMMAN G-164 Turbo Ag-Cat,L1T,L
AA1E72,N751HC,B407,BELL 407,H1T,L
AA2172,N75196,P32R,PIPER PA-32R-300/301/301T,L1P,L
AA2B72,N7541T,C172,CESSNA 172 Skyhawk,L1P,L
AA2C72,N75484,CJ6,NANCHANG CJ-6,L1P,L
AA2D72,N755JP,ST75,STEARMAN Kaydet,L1P,L
AA2F72,N7553W,P28A,PIPER PA-28-140/150/160/180,L1P,L
AA3772,N75772,J3,PIPER J-3 Cub,L1P,L
AA4472,N7604F,C172,CESSNA 172 Skyhawk,L1P,L
AA4872,N7616J,P28R,PIPER PA-28R-180/200/201,L1P,L
AA4C72,N7628M,C175,CESSNA 175 Skylark,L1P,L
AA5072,N764AP,PA38,PIPER PA-38 Tomahawk,L1P,L
AA5572,N765PT,GLST,GLASAIR SH-4 GlaStar,L1P,L
AA5A72,N7662B,B14A,BELLANCA 14,L1P,L
AA5F72,N768C,BL8,BELLANCA 8 Decathlon,L1P,L
AA6772,N77HW,C172,CESSNA 172 Skyhawk,L1P,L
AA6B72,N7700U,C172,CESSNA 172 Skyhawk,L1P,L
AA6D72,N771HE,BE36,BEECH 36 Bonanza,L1P,L
AA7472,N773CV,SR22,CIRRUS SR-22,L1P,L
AA7572,N773PA,EC30,AIRBUS HELICOPTERS EC-130,H1T,L
AA7772,N77363,C120,CESSNA 120,L1P,L
AA7B72,N77486,C120,CESSNA 120,L1P,L
AA7F72,N776BH,R44,ROBINSON R-44 Raven,H1P,L
AA8472,N777QM,DRON,,D0-,-
AA8572,N7770T,C172,CESSNA 172 Skyhawk,L1P,L
AA8972,N7782W,P28A,PIPER PA-28-140/150/160/180,L1P,L
AA9872,N782FA,AT8T,AIR TRACTOR AT-802,L1T,M
AA9972,N782RG,C82R,CESSNA R182 Skylane RG,L1P,L
AA9A72,N7821C,P28A,PIPER PA-28-140/150/160/180,L1P,L
AA9B72,N7828P,PA24,PIPER PA-24 Comanche,L1P,L
AAA572,N7850A,GLID,,L0-,-
AAA772,N786GM,ULAC,,L0-,-
AAA872,N786ST,M4,MAULE M-4,L1P,L
AAAD72,N7874G,C172,CESSNA 172 Skyhawk,L1P,L
AAAE72,N788CB,B14A,BELLANCA 14,L1P,L
AAB372,N789RF,CH60,ZENAIR CH-600 Zodiac,L1P,L
AAB672,N79HY,HUSK,CHRISTEN Husky,L1P,L
AABA72,N7900W,P28A,PIPER PA-28-140/150/160/180,L1P,L
AABB72,N79077,C172,CESSNA 172 Skyhawk,L1P,L
AAC672,N79365,M20P,MOONEY M-20,L1P,L
AAC872,N794SA,C82S,CESSNA T182 Turbo Skylane,L1P,L
AAC972,N7941X,C172,CESSNA 172 Skyhawk,L1P,L
AACA72,N79488,C172,CESSNA 172 Skyhawk,L1P,L
AADC72,N79941,C172,CESSNA 172 Skyhawk,L1P,L
AADE72,N8PB,PTS2,PITTS S-2 Special,L1P,L
AAE372,N800SE,H25B,HAWKER BEECHCRAFT Hawker 750/850,L2J,M
AAE572,N8009B,C172,CESSNA 172 Skyhawk,L1P,L
AAF072,N8038,DUCE,BAKENG Duce,L1P,L
AAF372,N80422,GSIS,INNOAVIATION Genesis,L1P,L
AAF672,N805WP,DH8A,DE HAVILLAND DHC-8-100 Dash 8,L2T,M
AAF772,N80545,GC1,GLOBE Swift,L1P,L
AAFE72,N80710,GC1,GLOBE Swift,L1P,L
AAFF72,N8079A,C170,CESSNA 170,L1P,L
AB0072,N808JW,TBM7,SOCATA TBM-700A/B/C,L1T,L
AB0272,N80833,GC1,GLOBE Swift,L1P,L
AB0672,N80956,GC1,GLOBE Swift,L1P,L
AB1372,N8122K,S108,STINSON 108 Voyager,L1P,L
AB1772,N8134N,,,,
AB1872,N814CH,PA34,PIPER PA-34 Seneca,L2P,L
AB1F72,N8158U,T210,CESSNA T210 Turbo Centurion,L1P,L
AB2072,N816JD,HDJT,HONDA HondaJet,L2J,L
AB2372,N817AW,A319,AIRBUS A-319,L2J,M
AB2672,N8175P,PA24,PIPER PA-24 Comanche,L1P,L
AB2772,N818DU,C82S,CESSNA T182 Turbo Skylane,L1P,L
AB2972,N8180F,P32R,PIPER PA-32R-300/301/301T,L1P,L
AB2A72,N8187S,C150,CESSNA 150,L1P,L
AB2C72,N819SY,B738,BOEING 737-800,L2J,M
AB3072,N82VW,RV6,VANS RV-6,L1P,L
AB3272,N820SG,,,,
AB3472,N8209D,BE35,BEECH 35 Starfire Bonanza,L1P,L
AB3772,N82136,P28R,PIPER PA-28R-180/200/201,L1P,L
AB3B72,N82259,PA18,PIPER PA-18 Super Cub,L1P,L
AB3E72,N82301,P28R,PIPER PA-28R-180/200/201,L1P,L
AB3F72,N8238B,DRON,,D0-,-
AB4272,N82424,PA18,PIPER PA-18 Super Cub,L1P,L
AB4372,N825AD,P46T,PIPER PA-46-500TP,L1T,L
AB4672,N82547,PA18,PIPER PA-18 Super Cub,L1P,L
AB4A72,N8267,FOX,KITFOX,L1P,L
AB4D72,N82712,PA18,PIPER PA-18 Super Cub,L1P,L
AB5572,N82958,CH7A,BELLANCA 7 Champion,L1P,L
AB5872,N830AZ,CH75,ZENAIR CH-750 Cruzer,L1P,L
AB5B72,N8305S,C182,CESSNA 182 Skylane,L1P,L
AB5C72,N831DX,SF50,CIRRUS SF-50 Vision,L1J,L
AB5E72,N8310J,C150,CESSNA 150,L1P,L
AB5F72,N8317V,CH7B,BELLANCA 7 Citabria,L1P,L
AB6172,N832TA,SF50,CIRRUS SF-50 Vision,L1J,L
AB6272,N8322M,C150,CESSNA 150,L1P,L
AB6372,N8329Y,PA30,PIPER PA-30 Twin Comanche,L2P,L
AB6672,N8334Q,T206,CESSNA T206 Turbo Stationair,L1P,L
AB6A72,N8346T,P28A,PIPER PA-28-140/150/160/180,L1P,L
AB6D72,N8351K,G164,GRUMMAN G-164 Ag-Cat,L1P,L
AB6E72,N8358W,P28A,PIPER PA-28-140/150/160/180,L1P,L
AB7172,N8363N,R44,ROBINSON R-44 Raven,H1P,L
AB7572,N8375R,P28A,PIPER PA-28-140/150/160/180,L1P,L
AB7972,N8387U,C172,CESSNA 172 Skyhawk,L1P,L
AB7D72,N8399X,C172,CESSNA 172 Skyhawk,L1P,L
AB7E72,N84KS,G109,GROB G-109,L1P,L
AB8272,N84015,P28A,PIPER PA-28-140/150/160/180,L1P,L
AB8372,N8409F,C402,CESSNA 402 Businessliner,L2P,L
AB8472,N841KA,B350,BEECHCRAFT Super King Air 350,L2T,M
AB8D72,N84303,CH7A,BELLANCA 7 Champion,L1P,L
AB9172,N84426,CH7A,BELLANCA 7 Champion,L1P,L
AB9972,N8467B,P28A,PIPER PA-28-140/150/160/180,L1P,L
AB9C72,N84714,CH7A,BELLANCA 7 Champion,L1P,L
ABA072,N84837,CH7A,BELLANCA 7 Champion,L1P,L
ABA772,N850BA,TBM7,SOCATA TBM-700A/B/C,L1T,L
ABA872,N850MG,C185,CESSNA 185 Skywagon,L1P,L
ABAA72,N8505U,C172,CESSNA 172 Skyhawk,L1P,L
ABAD72,N8510L,PA25,PIPER PA-25 Pawnee,L1P,L
ABB072,N852TC,,,,
ABB172,N8522P,B738,BOEING 737-800,L2J,M
ABB272,N85290,CH7A,BELLANCA 7 Champion,L1P,L
ABB572,N8534S,C182,CESSNA 182 Skylane,L1P,L
ABB672,N854CM,C208,CESSNA 208 Caravan,L1T,L
ABB972,N8546V,B738,BOEING 737-800,L2J,M
ABBD72,N8558Y,PA30,PIPER PA-30 Twin Comanche,L2P,L
ABBF72,N856UP,BE30,BEECH 300 Super King Air,L2T,L
ABC472,N8575T,C182,CESSNA 182 Skylane,L1P,L
ABCB72,N8592N,P28A,PIPER PA-28-140/150/160/180,L1P,L
ABE072,N86428,CH7A,BELLANCA 7 Champion,L1P,L
ABE672,N866PM,C421,CESSNA 421 Executive Commuter,L2P,L
ABE872,N8667D,B738,BOEING 737-800,L2J,M
ABEA72,N867SK,ESCP,REALITY Escapade,L1P,L
ABEB72,N86716,B14A,BELLANCA 14,L1P,L
ABF472,N87ES,BOLT,STEEN Skybolt,L1P,L
ABF972,N8705W,P28B,PIPER PA-28-201T/235/236,L1P,L
ABFD72,N8717Z,C185,CESSNA 185 Skywagon,L1P,L
AC0472,N8734U,C172,CESSNA 172 Skyhawk,L1P,L
AC0572,N874CP,SR22,CIRRUS SR-22,L1P,L
AC0872,N8746X,C182,CESSNA 182 Skylane,L1P,L
AC0F72,N8763S,C150,CESSNA 150,L1P,L
AC1172,N877MH,EC30,AIRBUS HELICOPTERS EC-130,H1T,L
AC1672,N8780M,BE23,BEECH 23 Sundowner,L1P,L
AC1C72,N88KW,C172,CESSNA 172 Skyhawk,L1P,L
AC1D72,N88WB,PA24,PIPER PA-24 Comanche,L1P,L
AC2272,N881KE,R44,ROBINSON R-44 Raven,H1P,L
AC2372,N881VL,DRON,,D0-,-
AC2472,N8814B,C172,CESSNA 172 Skyhawk,L1P,L
AC2672,N882NC,B06,BELL 206 JetRanger,H1T,L
AC2A72,N883RA,F900,DASSAULT Falcon 900,L3J,M
AC2B72,N88307,CH7B,BELLANCA 7 Citabria,L1P,L
AC3872,N887GF,DRON,,D0-,-
AC3B72,N8879J,P28A,PIPER PA-28-140/150/160/180,L1P,L
AC3E72,N8884A,ULAC,,L0-,-
AC4272,N8896D,PA18,PIPER PA-18 Super Cub,L1P,L
AC4972,N891EC,RS21,RANS S-21 Outbound,L1P,L
AC4C72,N89171,C140,CESSNA 140,L1P,L
AC4D72,N892HA,C150,CESSNA 150,L1P,L
AC5372,N8934W,P28B,PIPER PA-28-201T/235/236,L1P,L
AC5A72,N8951R,CH7A,BELLANCA 7 Champion,L1P,L
AC5C72,N896JM,,,,
AC5D72,N896UT,RAF2,ROTARY AIR FORCE RAF-2000,G1P,L
AC5E72,N8963U,C150,CESSNA 150,L1P,L
AC5F72,N897BD,BE36,BEECH 36 Bonanza,L1P,L
AC6072,N897MK,,,,
AC6572,N8980P,PA24,PIPER PA-24 Comanche,L1P,L
AC6772,N899H,CAMP,GREGA GN-1 Aircamper,L1P,L
AC6872,N899TF,CAMP,GREGA GN-1 Aircamper,L1P,L
AC6A72,N89993,C140,CESSNA 140,L1P,L
AC6B72,N9KY,P337,CESSNA P337 Skymaster,L2P,L
AC6C72,N9WD,PTS1,PITTS S-1 Special,L1P,L
AC6E72,N90SQ,ZZZZ,,-0-,-
AC7072,N900PA,PA12,PIPER PA-12 Super Cruiser,L1P,L
AC7572,N9011V,BE95,BEECH 95 Travel Air,L2P,L
AC7772,N902JR,,,,
AC8172,N90474,GYRO,,G0-,-
AC8872,N9064Z,C180,CESSNA  180 Skywagon,L1P,L
AC8972,N907CU,,,,
AC8A72,N907P,,,,
AC8C72,N90762,BALL,,B0-,-
AC9472,N91BG,GLID,,L0-,-
AC9A72,N911AR,A139,AGUSTA AW-139,H2T,L
AC9C72,N911XC,EC35,AIRBUS HELICOPTERS EC-135/635,H2T,L
AC9E72,N912DP,C560,CESSNA 560 Citation Ultra,L2J,M
AC9F72,N912PV,EVSS,EVEKTOR SportStar,L1P,L
ACA172,N9127M,M20P,MOONEY M-20,L1P,L
ACA272,N913GM,COL3,CESSNA 350 Corvalis,L1P,L
ACA372,N913ST,PTS2,PITTS S-2 Special,L1P,L
ACA472,N9132D,PA18,PIPER PA-18 Super Cub,L1P,L
ACA572,N9139Q,BE36,BEECH 36 Bonanza,L1P,L
ACA872,N9144G,C182,CESSNA 182 Skylane,L1P,L
ACA972,N915CB,S22T,CIRRUS SR-22T Turbo,L1P,L
ACAF72,N9161B,C172,CESSNA 172 Skyhawk,L1P,L
ACB772,N9185H,C172,CESSNA 172 Skyhawk,L1P,L
ACB872,N919DN,MD90,MCDONNELL-DOUGLAS MD-90,L2J,M
ACBB72,N9197L,CH7B,BELLANCA 7 Citabria,L1P,L
ACBC72,N92GL,GLAS,Glasair,L1P,L
ACBD72,N92SS,C560,CESSNA 560 Citation Ultra,L2J,M
ACC172,N92065,C182,CESSNA 182 Skylane,L1P,L
ACC372,N921SA,F2TH,DASSAULT Falcon 2000,L2J,M
ACC472,N9211X,C182,CESSNA 182 Skylane,L1P,L
ACC572,N92188,J3,PIPER J-3 Cub,L1P,L
ACC872,N92230,J3,PIPER J-3 Cub,L1P,L
ACCC72,N92353,C182,CESSNA 182 Skylane,L1P,L
ACCE72,N924QP,,,,
ACD072,N92476,J3,PIPER J-3 Cub,L1P,L
ACD272,N925TM,WAIX,SONEX Waiex,L1P,L
ACD572,N926LD,PA31,PIPER PA-31-300/310/325/350/425,L2P,L
ACD772,N92641,ULAC,,L0-,-
ACDB72,N92764,C182,CESSNA 182 Skylane,L1P,L
ACDF72,N92887,C182,CESSNA 182 Skylane,L1P,L
ACE072,N929JS,WACF,WACO F,L1P,L
ACE972,N931AT,DRON,,D0-,-
ACEC72,N9315L,,,,
ACED72,N932DR,SR20,CIRRUS SR-20,L1P,L
ACEF72,N9320C,C180,CESSNA  180 Skywagon,L1P,L
ACF072,N9327P,PA24,PIPER PA-24 Comanche,L1P,L
ACF772,N9344J,P28A,PIPER PA-28-140/150/160/180,L1P,L
ACF872,N935CD,SR22,CIRRUS SR-22,L1P,L
ACF972,N935NK,A20N,AIRBUS A-320neo,L2J,M
ACFB72,N9356M,M20P,MOONEY M-20,L1P,L
AD0972,N9390B,C72R,CESSNA 172R Cutlass RG,L1P,L
AD1272,N941SC,B06,BELL 206 JetRanger,H1T,L
AD1B72,N94355,ERCO,AIR PRODUCTS F-1 Aircoupe,L1P,L
AD1E72,N9440X,C82R,CESSNA R182 Skylane RG,L1P,L
AD1F72,N94478,PARA,,P0-,-
AD2372,N946A,PA22,PIPER PA-22,L1P,L
AD2672,N94643,C182,CESSNA 182 Skylane,L1P,L
AD2D72,N9481Y,BE35,BEECH 35 Starfire Bonanza,L1P,L
AD2E72,N94889,ERCO,AIR PRODUCTS F-1 Aircoupe,L1P,L
AD3272,N95BL,LJ45,LEARJET 45,L2J,M
AD3572,N950JC,LGEZ,RUTAN Long-EZ,L1P,L
AD3772,N9503K,S108,STINSON 108 Voyager,L1P,L
AD3872,N951AV,A320,AIRBUS A-320,L2J,M
AD3B72,PR-HSD,PA34,PIPER PA-34 Seneca,L2P,L
AD4172,N953SX,SONX,SONEX AIRCRAFT Sonex,L1P,L
AD4372,N9539U,AA1,AMERICAN AA-1,L1P,L
AD4672,N9544L,AA5,AMERICAN AA-5 Tiger,L1P,L
AD4B72,N956FD,B752,BOEING 757-200,L2J,M
AD4D72,N9561F,H269,HUGHES Sky Knight,H1P,L
AD4F72,N957JB,A321,AIRBUS A-321,L2J,M
AD5572,N9585M,M20P,MOONEY M-20,L1P,L
AD5B72,N96SW,C25A,CESSNA 525A Citation CJ2,L2J,L
AD5C72,N960DA,DV20,DIAMOND DA-20,L1P,L
AD6272,N96111,TAYB,TAYLORCRAFT BC/BF/BL,L1P,L
AD6372,N9619B,C72R,CESSNA 172R Cutlass RG,L1P,L
AD6672,N96234,TAYB,TAYLORCRAFT BC/BF/BL,L1P,L
AD7572,N96645,TAYB,TAYLORCRAFT BC/BF/BL,L1P,L
AD7672,N967D,S108,STINSON 108 Voyager,L1P,L
AD7C72,N96810,C182,CESSNA 182 Skylane,L1P,L
AD8372,N97Y,,,,
AD8672,N9703M,M20P,MOONEY M-20,L1P,L
AD8872,N971MC,CL30,BOMBARDIER BD-100 Challenger 300,L2J,M
AD8D72,N9720G,C180,CESSNA  180 Skywagon,L1P,L
AD8E72,N9727T,C172,CESSNA 172 Skyhawk,L1P,L
AD9972,N9756R,BE35,BEECH 35 Starfire Bonanza,L1P,L
AD9C72,N9761H,C82R,CESSNA R182 Skylane RG,L1P,L
ADA272,N978MB,R66,ROBINSON R-66,H1T,L
ADA472,N9785P,PA25,PIPER PA-25 Pawnee,L1P,L
ADA672,N979Q,BE35,BEECH 35 Starfire Bonanza,L1P,L
ADA972,N98GS,CJ6,NANCHANG CJ-6,L1P,L
ADAB72,N980DC,RV7,VANS RV-7,L1P,L
ADB272,N9819D,PA22,PIPER PA-22,L1P,L
ADB572,N98236,J3,PIPER J-3 Cub,L1P,L
ADB972,N98359,J3,PIPER J-3 Cub,L1P,L
ADC072,N98524,J3,PIPER J-3 Cub,L1P,L
ADC572,N987DB,AS29,SCHLEICHER ASG-29,L1P,L
ADC672,N987PH,COUR,HELIO Courier,L1P,L
ADC972,N988G,P28A,PIPER PA-28-140/150/160/180,L1P,L
ADCF72,N98935,PA12,PIPER PA-12 Super Cruiser,L1P,L
ADD272,N99YB,CJ1,CORBY CJ-1 Starlet,L1P,L
ADD372,N990JG,J3,PIPER J-3 Cub,L1P,L
ADDB72,N992QC,G164,GRUMMAN G-164 Ag-Cat,L1P,L
ADDD72,N9927V,C172,CESSNA 172 Skyhawk,L1P,L
ADE172,N9939Y,CH7B,BELLANCA 7 Citabria,L1P,L
ADE472,N9944Q,C172,CESSNA 172 Skyhawk,L1P,L
ADE672,N995NR,R22,ROBINSON R-22 Mariner,H1P,L
ADEC72,N9968W,P28A,PIPER PA-28-140/150/160/180,L1P,L
ADF472,N999DW,B47G,BELL 47G,H1P,L
ADF772,N9997U,AA5,AMERICAN AA-5 Tiger,L1P,L
ADFC72,91-0078,BE40,BEECH 400 Beechjet,L2J,M
ADFD72,910502,SW4,SWEARINGEN Metro,L2T,M
ADFE72,92-1535,C130,LOCKHEED C-130 Hercules,L4T,M
ADFF72,66-4339,T38,NORTHROP T-38 Talon,L2J,L
AE0072,66-4375,T38,NORTHROP T-38 Talon,L2J,L
AE0272,64-14840,K35R,BOEING KC-135R/T Stratotanker,L4J,H
AE0372,60-0367,K35R,BOEING KC-135R/T Stratotanker,L4J,H
AE0472,57-1459,K35R,BOEING KC-135R/T Stratotanker,L4J,H
AE0572,86-0021,C5M,LOCKHEED C-5 Super Galaxy,L4J,H
AE0672,63-8014,K35R,BOEING KC-135R/T Stratotanker,L4J,H
AE0A72,86-24533,H60,SIKORSKY UH-60 Black Hawk,H2T,M
AE0B72,86-24527,H60,SIKORSKY UH-60 Black Hawk,H2T,M
AE0C72,93-26530,H60,SIKORSKY UH-60 Black Hawk,H2T,M
AE0E72,87-24642,H60,SIKORSKY UH-60 Black Hawk,H2T,M
AE1172,02-1100,C17,BOEING C-17 Globemaster 3,L4J,H
AE1472,07-7180,C17,BOEING C-17 Globemaster 3,L4J,H
AE1872,06-03764,H47,BOEING-VERTOL CH-47 Chinook,H2T,M
AE1972,80-0207,A10,FAIRCHILD A-10 Thunderbolt II,L2J,M
AE1E72,166020,TEX2,BEECHCRAFT T-6 Texan 2,L1T,L
AE1F72,09-72099,EC45,AIRBUS HELICOPTERS EC-145,H2T,L
AE2672,6524,AS65,AEROSPATIALE AS-365 Dauphin 2,H2T,L
AE2772,166311,H60,SIKORSKY UH-60 Black Hawk,H2T,M
AE2F72,09-0685,B350,BEECHCRAFT Super King Air 350,L2T,M
AE4872,09-20196,H60,SIKORSKY UH-60 Black Hawk,H2T,M
AE5272,08-08762,H47,BOEING-VERTOL CH-47 Chinook,H2T,M
AE5372,12-20461,H60,SIKORSKY UH-60 Black Hawk,H2T,M
AE5772,10-00256,BE20,BEECH 200 Super King Air,L2T,M
AE5872,60-0008,B52,BOEING B-52 Stratofortress,L8J,H
AE5A72,15-72390,EC45,AIRBUS HELICOPTERS EC-145,H2T,L
AE5B72,05-0447,PC12,PILATUS PC-12,L1T,L
AE5C72,168458,Q4,NORTHROP GRUMMAN RQ-4 Global Hawk,L1J,M
AE5D72,16-20873,H60,SIKORSKY UH-60 Black Hawk,H2T,M
AE6372,18-03198,H64,MCDONNELL DOUGLAS AH-64 Apache,H2T,M
AE6472,17-5898,C30J,LOCKHEED MARTIN C-130J Super Hercules,L4T,M
AE6A72,19-21096,H60,SIKORSKY UH-60 Black Hawk,H2T,M
AE6C72,20-21187,H60,SIKORSKY UH-60 Black Hawk,H2T,M
C00072,C-FAEJ,C150,CESSNA 150,L1P,L
C00172,C-FAOF,CL60,BOMBARDIER CL-600 Challenger,L2J,M
C00272,C-FAYB,GLID,,L0-,-
C00372,C-FBHX,WAIX,SONEX Waiex,L1P,L
C00472,C-FBRT,C550,CESSNA 550 Citation S2,L2J,L
C00572,C-FCBP,PA24,PIPER PA-24 Comanche,L1P,L
C00672,C-FCLL,PA18,PIPER PA-18 Super Cub,L1P,L
C00772,C-FCVH,,,,
C00872,C-FDFD,HIGH,JUST JA20 Highlander,L1P,L
C00972,C-FDOZ,,,,
C00A72,C-FDYV,CNUK,FLEET 80 Canuck,L1P,L
C00D72,C-FFCJ,ZZZZ,,-0-,-
C00F72,C-FFWB,CH7B,BELLANCA 7 Citabria,L1P,L
C01072,C-FGFX,TAYA,TAYLORCRAFT A,L1P,L
C01172,C-FGPT,C170,CESSNA 170,L1P,L
C01272,C-FGZP,BE35,BEECH 35 Starfire Bonanza,L1P,L
C01372,C-FHJL,SR22,CIRRUS SR-22,L1P,L
C01472,C-FHTH,TBM9,SOCATA TBM-900/910/930/940,L1T,L
C01572,C-FIDD,AA1,AMERICAN AA-1,L1P,L
C01672,C-FIMZ,RV4,VANS RV-4,L1P,L
C01772,C-FIWV,PA18,PIPER PA-18 Super Cub,L1P,L
C01972,C-FJQN,C180,CESSNA  180 Skywagon,L1P,L
C01A72,C-FKAJ,B752,BOEING 757-200,L2J,M
C01B72,C-FKKF,,,,
C01C72,C-FKUB,C150,CESSNA 150,L1P,L
C01D72,C-FLDX,B38M,BOEING 737 MAX 8,L2J,M
C01E72,C-FLNT,AT8T,AIR TRACTOR AT-802,L1T,M
C01F72,C-FLXP,DHC6,DE HAVILLAND DHC-6 Twin Otter,L2T,L
C02072,C-FMHL,GLEX,BOMBARDIER BD-700 Global 6000/6500,L2J,M
C02172,C-FMRH,,,,
C02272,C-FNBD,PA23,PIPER PA-23,L2P,L
C02472,C-FNUV,,,,
C02572,C-FOER,DH2T,DE HAVILLAND DHC-2 Turbo Beaver,L1T,L
C02672,C-FOON,C175,CESSNA 175 Skylark,L1P,L
C02872,C-FPIF,P28A,PIPER PA-28-140/150/160/180,L1P,L
C02972,C-FPSB,R44,ROBINSON R-44 Raven,H1P,L
C02B72,C-FQLT,C182,CESSNA 182 Skylane,L1P,L
C02C72,C-FQVP,PA20,PIPER PA-20 Pacer,L1P,L
C02D72,C-FRFL,J3,PIPER J-3 Cub,L1P,L
C02E72,C-FRPH,,,,
C02F72,C-FRZD,,,,
C03072,C-FSIZ,C337,CESSNA 337 Super Skymaster,L2P,L
C03372,C-FTMN,AT72,ATR-72-202,L2T,M
C03472,C-FTWJ,B738,BOEING 737-800,L2J,M
C03772,C-FUZX,CH7A,BELLANCA 7 Champion,L1P,L
C03872,C-FVJT,GYRO,,G0-,-
C03972,C-FVTP,PTS1,PITTS S-1 Special,L1P,L
C03C72,C-FWXD,C206,CESSNA  206 Stationair,L1P,L
C03E72,C-FXQV,C150,CESSNA 150,L1P,L
C03F72,C-FYAR,EXEC,ROTORWAY Exec,H1P,L
C04072,C-FYKN,B350,BEECHCRAFT Super King Air 350,L2T,M
C04272,C-FZEF,CAD2,DELISLE Cadi,L1P,L
C04372,C-FZOB,C150,CESSNA 150,L1P,L
C04472,C-FZXX,BALL,,B0-,-
C04672,C-GARP,P28U,PIPER PA-28RT-201T Turbo,L1P,L
C04772,C-GBBL,C182,CESSNA 182 Skylane,L1P,L
C04872,C-GBLH,DHC2,DE HAVILLAND DHC-2 Beaver,L1P,L
C04972,C-GBVD,R44,ROBINSON R-44 Raven,H1P,L
C04A72,C-GCEZ,P28A,PIPER PA-28-140/150/160/180,L1P,L
C04B72,C-GCOV,AR11,AERONCA 11 Chief,L1P,L
C04C72,C-GCYR,C172,CESSNA 172 Skyhawk,L1P,L
C04D72,C-GDIN,RBEL,MURPHY Rebel,L1P,L
C04E72,C-GDSJ,C182,CESSNA 182 Skylane,L1P,L
C04F72,C-GECF,TAYA,TAYLORCRAFT A,L1P,L
C05072,C-GEMB,E55P,EMBRAER EMB-505 Phenom 300,L2J,M
C05272,C-GFFT,LJ70,LEARJET 70,L2J,M
C05372,C-GFPP,AC90,NORTH AMERICAN ROCKWELL Turbo Commander 690/840,L2T,L
C05472,C-GFZL,CH7A,BELLANCA 7 Champion,L1P,L
C05572,C-GGJH,PA31,PIPER PA-31-300/310/325/350/425,L2P,L
C05672,C-GGTD,,,,
C05772,C-GHCZ,,,,
C05872,C-GHMV,DHC6,DE HAVILLAND DHC-6 Twin Otter,L2T,L
C05B72,C-GIQJ,C172,CESSNA 172 Skyhawk,L1P,L
C05D72,C-GJKB,DC3T,DOUGLAS DC-3 Turbine Dakota,L2T,M
C05E72,C-GJTX,A321,AIRBUS A-321,L2J,M
C05F72,C-GKDT,R44,ROBINSON R-44 Raven,H1P,L
C06072,C-GKNP,R44,ROBINSON R-44 Raven,H1P,L
C06172,C-GKXL,AT8T,AIR TRACTOR AT-802,L1T,M
C06272,C-GLHH,UH1,BELL UH-1 Huey,H1T,L
C06372,C-GLRD,CAD2,DELISLE Cadi,L1P,L
C06472,C-GMAZ,C172,CESSNA 172 Skyhawk,L1P,L
C06572,C-GMKV,M7,MAULE M-7,L1P,L
C06672,C-GMUR,EC20,AIRBUS HELICOPTERS EC-120,H1T,L
C06772,C-GNEN,CH7A,BELLANCA 7 Champion,L1P,L
C06872,C-GNOJ,BL8,BELLANCA 8 Decathlon,L1P,L
C06972,C-GNYF,BE35,BEECH 35 Starfire Bonanza,L1P,L
C06A72,C-GOIB,CH70,ZENAIR CH-701 Stol,L1P,L
C06B72,C-GORX,P28A,PIPER PA-28-140/150/160/180,L1P,L
C06C72,C-GPBT,C182,CESSNA 182 Skylane,L1P,L
C06D72,C-GPLP,P28B,PIPER PA-28-201T/235/236,L1P,L
C06E72,C-GPVL,R44,ROBINSON R-44 Raven,H1P,L
C06F72,C-GQFH,,,,
C07072,C-GQPD,P28A,PIPER PA-28-140/150/160/180,L1P,L
C07172,C-GQYZ,C185,CESSNA 185 Skywagon,L1P,L
C07272,C-GRIV,RV6,VANS RV-6,L1P,L
C07372,C-GRSR,ULAC,,L0-,-
C07472,C-GSCN,ULAC,,L0-,-
C07572,C-GSMJ,PC12,PILATUS PC-12,L1T,L
C07772,C-GTGB,GLID,,L0-,-
C07872,C-GTPX,ULAC,,L0-,-
C07B72,C-GUTL,,,,
C07C72,C-GVDH,DHC6,DE HAVILLAND DHC-6 Twin Otter,L2T,L
C07D72,C-GVND,C185,CESSNA 185 Skywagon,L1P,L
C07E72,C-GVWZ,B212,BELL 212,H2T,L
C07F72,C-GWGV,GLID,,L0-,-
C08172,C-GXAN,GL5T,BOMBARDIER BD-700 Global 5000/5500,L2J,M
C08372,C-GXUF,GLEX,BOMBARDIER BD-700 Global 6000/6500,L2J,M
C08472,C-GYEB,C185,CESSNA 185 Skywagon,L1P,L
C08672,C-GYXT,C180,CESSNA  180 Skywagon,L1P,L
C08772,C-GZHP,,,,
C08872,C-GZRL,AA5,AMERICAN AA-5 Tiger,L1P,L
C08972,C-IABH,ULAC,,L0-,-
C08A72,C-IALD,,,,
C08B72,C-IAUZ,CHIN,ASAP Chinook,L1P,L
C08C72,C-IBEV,BUCA,ADVANCED AEROMARINE Buccaneer,A1P,L
C08E72,C-IBYN,EVSS,EVEKTOR SportStar,L1P,L
C08F72,C-ICIJ,BEVR,ASAP Beaver,L1P,L
C09172,C-IDCB,,,,
C09272,C-IDLX,ULAC,,L0-,-
C09372,C-IDVT,STRA,STRIPLIN Sky Ranger,L1P,L
C09472,C-IEFP,CHIN,ASAP Chinook,L1P,L
C09572,C-IEPL,ULAC,,L0-,-
C09672,C-IEZH,ULAC,,L0-,-
C09772,C-IFJD,,,,
C09872,C-IFSZ,PARA,,P0-,-
C09972,C-IGCV,ULAC,,L0-,-
C09A72,C-IGMR,PARA,,P0-,-
C09B72,C-IGWN,HEAD,STEWART SAC-1 Headwind,L1P,L
C09C72,C-IHGJ,,,,
C09D72,C-IHQF,ULAC,,L0-,-
C09E72,C-IIAB,PARA,,P0-,-
C09F72,C-IIJX,CAD2,DELISLE Cadi,L1P,L
C0A272,C-IJNL,PARA,,P0-,-
C0A472,C-IKHD,PARA,,P0-,-
C0A572,C-IKQZ,ULAC,,L0-,-
C0A672,C-ILAV,PARA,,P0-,-
C0A772,C-ILKR,PARA,,P0-,-
C0A872,C-ILUN,,,,
C0A972,C-IMEJ,,,,
C0AB72,C-IMYB,BEVR,ASAP Beaver,L1P,L
C0BA72,C-ISPT,CAD2,DELISLE Cadi,L1P,L
C1E472,SERV,SERV,,V0-,-
C1E572,SERV,SERV,,V0-,-
C1E972,SERV,SERV,,V0-,-
C80072,ZK-AQX,ERCO,AIR PRODUCTS F-1 Aircoupe,L1P,L
C80172,ZK-CBP,CP30,PIEL Emeraude,L1P,L
C80272,ZK-DAZ,C172,CESSNA 172 Skyhawk,L1P,L
C80372,ZK-KMC,C172,CESSNA 172 Skyhawk,L1P,L
C80672,ZK-MCN,PC6T,PILATUS PC-6 Turbo-Porter,L1T,L
C80772,ZK-WAR,T6,NORTH AMERICAN T-6 Texan,L1P,L
C80872,ZK-GLL,GLID,,L0-,-
C80A72,ZK-HWM,B06,BELL 206 JetRanger,H1T,L
C80D72,ZK-MBG,P28A,PIPER PA-28-140/150/160/180,L1P,L
C81172,ZK-TFS,C172,CESSNA 172 Skyhawk,L1P,L
C81272,ZK-HQW,H500,HUGHES 500,H1T,L
C81A72,ZK-SKE,SKRA,BEST OFF Sky Ranger,L1P,L
C81C72,ZK-ISR,A119,AGUSTA AW-119 Koala,H1T,L
C81E72,ZK-RGD,RV4,VANS RV-4,L1P,L
C82072,ZK-ZGG,CLON,AUTOGYRO Cavalon,G1P,L
C82172,ZK-IMJ,AS50,AEROSPATIALE AS-350 Ecureuil,H1T,L
C82272,ZK-PLS,PC12,PILATUS PC-12,L1T,L
C82472,ZK-IWD,EC45,AIRBUS HELICOPTERS EC-145,H2T,L
C82772,ZK-IZO,EC20,AIRBUS HELICOPTERS EC-120,H1T,L
C82872,ZK-JCG,C170,CESSNA 170,L1P,L
E20072,LV-S054,SIRA,TECNAM P-2002 Sierra,L1P,L
E48072,PR-DHD,BE9L,BEECH 90 King Air,L2T,L
E48272,PR-MBT,A320,AIRBUS A-320,L2J,M
E48772,PR-CRF,C208,CESSNA 208 Caravan,L1T,L
E48E72,PT-MSO,B763,BOEING 767-300,L2J,H
E48F72,PR-NGM,E55P,EMBRAER EMB-505 Phenom 300,L2J,M
E49072,PR-BCC,LJ40,LEARJET 40,L2J,M
E49472,PR-FJB,LJ75,LEARJET 75,L2J,M
E49872,PP-LIS,SR22,CIRRUS SR-22,L1P,L
E49A72,PS-EMT,C55B,CESSNA 550B Citation Bravo,L2J,L
E49B72,PP-AFG,P46T,PIPER PA-46-500TP,L1T,L
E80272,CC-BFO,A320,AIRBUS A-320,L2J,M
E80672,C-03,EC35,AIRBUS HELICOPTERS EC-135/635,H2T,L
E80872,CC-AUD,RV10,VANS RV-10,L1P,L
E84072,HC-CPY,A319,AIRBUS A-319,L2J,M
E88072,ZP-CHD,BE9L,BEECH 90 King Air,L2T,L
E88F72,ZP-TYH,C303,CESSNA T303 Crusader,L2P,L
E8C072,OB-2123-P,B350,BEECHCRAFT Super King Air 350,L2T,M
