009F79,ZS-LXG,C421,CESSNA 421 Executive Commuter,L2P,L
00A279,ZS-NAU,BE58,BEECH 58 Baron,L2P,L
010079,SU-BAF,C130,LOCKHEED C-130 Hercules,L4T,M
040079,ET-AQP,B738,BOEING 737-800,L2J,M
05A079,8Q-IAA,DH8C,DE HAVILLAND DHC-8-300 Dash 8,L2T,M
064179,5N-BQM,B735,BOEING 737-500,L2J,M
068079,5X-BIL,C208,CESSNA 208 Caravan,L1T,L
06A079,A7-BAL,B77W,BOEING 777-300ER,L2J,H
090079,D2-EVW,B737,BOEING 737-700,L2J,M
0A0079,7T-VKI,B738,BOEING 737-800,L2J,M
0AC379,HK-5186,CL30,BOMBARDIER BD-100 Challenger 300,L2J,M
0AC779,EJC3397,MI8,MIL Mi-8/9/17/19/171/172,H2T,M
0ACA79,FAC1220,B737,BOEING 737-700,L2J,M
0AE079,TI-AHN,P28B,PIPER PA-28-201T/235/236,L1P,L
0AE879,TI-AFQ,P28A,PIPER PA-28-140/150/160/180,L1P,L
0D0579,XA-FGP,LJ60,LEARJET 60,L2J,M
0D0679,XA-EYR,PA34,PIPER PA-34 Seneca,L2P,L
0D0879,ANX-1192,B350,BEECHCRAFT Super King Air 350,L2T,M
0D0979,XA-MBS,LJ75,LEARJET 75,L2J,M
0D0B79,XC-HHS,AC90,NORTH AMERICAN ROCKWELL Turbo Commander 690/840,L2T,L
0D0D79,XB-CDW,C182,CESSNA 182 Skylane,L1P,L
0D8279,YV3229,C550,CESSNA 550 Citation S2,L2J,L
141D79,RA-07545,EC45,AIRBUS HELICOPTERS EC-145,H2T,L
14A579,RA-42361,YK42,YAKOVLEV Yak-142,L3J,M
150879,RA-67705,C525,CESSNA 525 CitationJet,L2J,L
151D79,RA-73081,B762,BOEING 767-200,L2J,H
154079,RF-82041,A124,ANTONOV An-124 Ruslan,L4J,H
300279,I-LUXO,GLF5,GULFSTREAM 5,L2J,M
300779,I-FELC,SR22,CIRRUS SR-22,L1P,L
31DE79,I-D507,TUCR,FLYING LEGEND Tucano Replica,L1P,L
33FE79,MM62167,P180,PIAGGIO P-180 Avanti,L2T,L
385D79,F-BXLZ,PA34,PIPER PA-34 Seneca,L2P,L
390579,F-GBLZ,T206,CESSNA T206 Turbo Stationair,L1P,L
390679,F-GBTZ,DR40,ROBIN DR-400,L1P,L
390D79,F-GDLZ,P28T,PIPER PA-28RT-201,L1P,L
391679,F-GFTZ,P28A,PIPER PA-28-140/150/160/180,L1P,L
392279,F-GITZ,AA5,AMERICAN AA-5 Tiger,L1P,L
392579,F-GJLZ,C10T,CESSNA P210 Turbine,L1T,L
392679,F-GJTZ,C172,CESSNA 172 Skyhawk,L1P,L
392C79,F-GLDZ,DR40,ROBIN DR-400,L1P,L
392E79,F-GLTZ,PA18,PIPER PA-18 Super Cub,L1P,L
393879,F-GODZ,PC6T,PILATUS PC-6 Turbo-Porter,L1T,L
394C79,F-GTDZ,PC6T,PILATUS PC-6 Turbo-Porter,L1T,L
398D79,F-HDLZ,EVSS,EVEKTOR SportStar,L1P,L
399479,F-HFDZ,C208,CESSNA 208 Caravan,L1T,L
39A079,F-HIDZ,C206,CESSNA  206 Stationair,L1P,L
39AD79,F-HLLZ,R44,ROBINSON R-44 Raven,H1P,L
39C679,F-HRTZ,PIVI,PIPSTREL Virus,L1P,L
39DD79,F-HXLZ,LXR,ELIXIR,L1P,L
3AAB79,F-MBIM,TIGR,AIRBUS HELICOPTERS EC-665 Tiger,H2T,L
3B7779,737,K35R,BOEING KC-135R/T Stratotanker,L4J,H
3C1279,D-AVZW,A321,AIRBUS A-321,L2J,M
3C1779,D-AXXC,A21N,AIRBUS A-321neo,L2J,M
3C1A79,D-AZAQ,A321,AIRBUS A-321,L2J,M
3C9579,D-BEKY,F2TH,DASSAULT Falcon 2000,L2J,M
3D0979,D-EBVL,BREZ,AEROSTYLE Breezer,L1P,L
3D0A79,D-ECFH,SR20,CIRRUS SR-20,L1P,L
3D0B79,D-ECPD,P28R,PIPER PA-28R-180/200/201,L1P,L
3D0C79,D-ECYZ,E300,EXTRA EA-300/330/350,L1P,L
3D0E79,D-EDSR,C172,CESSNA 172 Skyhawk,L1P,L
3D0F79,D-EECN,C172,CESSNA 172 Skyhawk,L1P,L
3D1179,D-EEWF,C172,CESSNA 172 Skyhawk,L1P,L
3D1279,D-EFGB,C150,CESSNA 150,L1P,L
3D1479,D-EFZT,C182,CESSNA 182 Skylane,L1P,L
3D1579,D-EGJP,C172,CESSNA 172 Skyhawk,L1P,L
3D1679,D-EGTL,AA5,AMERICAN AA-5 Tiger,L1P,L
3D1879,D-EHND,C152,CESSNA 152,L1P,L
3D1979,D-EHWZ,C82R,CESSNA R182 Skylane RG,L1P,L
3D1C79,D-EJAN,TOBA,SOCATA Tobago,L1P,L
3D1E79,D-EJUF,BE33,BEECH 33 Bonanza,L1P,L
3D1F79,D-EKEB,M20P,MOONEY M-20,L1P,L
3D2279,D-ELHP,RV7,VANS RV-7,L1P,L
3D2579,D-EMLD,DR40,ROBIN DR-400,L1P,L
3D2879,D-ENOR,C140,CESSNA 140,L1P,L
3D2C79,D-EPCB,DV20,DIAMOND DA-20,L1P,L
3D3579,D-ESMR,R100,ROBIN Aiglon,L1P,L
3D3679,D-ESWN,SR22,CIRRUS SR-22,L1P,L
3D3979,D-EUAB,BR23,BRM AERO Bristell B23,L1P,L
3D3B79,D-EUTT,DV20,DIAMOND DA-20,L1P,L
3D4179,D-EXAV,C172,CESSNA 172 Skyhawk,L1P,L
3D4A79,D-FALL,C208,CESSNA 208 Caravan,L1T,L
3D8879,D-FXXX,T6,NORTH AMERICAN T-6 Texan,L1P,L
3DD379,D-HAIJ,R44,ROBINSON R-44 Raven,H1P,L
3DDC79,D-HDSZ,EC45,AIRBUS HELICOPTERS EC-145,H2T,L
3E0179,D-HRTH,EC35,AIRBUS HELICOPTERS EC-135/635,H2T,L
3E1679,D-HZSB,EC35,AIRBUS HELICOPTERS EC-135/635,H2T,L
3E5F79,D-KBIV,DUOD,SCHEMPP-HIRTH Duo Discus,L1P,L
3E6179,D-KCCN,AS26,SCHLEICHER ASH-26,L1P,L
3E6979,D-KFDH,DG40,DG FLUGZEUGBAU DG-400,L1P,L
3E6A79,D-KFND,DUOD,SCHEMPP-HIRTH Duo Discus,L1P,L
3E7179,D-KIEB,VENT,SCHEMPP-HIRTH Ventus,L1P,L
3E7279,D-KINX,GLID,,L0-,-
3E7979,D-KLEV,DUOD,SCHEMPP-HIRTH Duo Discus,L1P,L
3E7A79,D-KLOR,RF5,FOURNIER RF-5,L1P,L
3ECB79,D-KSAB,S10S,STEMME S-10 Chrysalis,L1P,L
3ECC79,D-KSJX,VENT,SCHEMPP-HIRTH Ventus,L1P,L
3EE779,D-1762,GLID,,L0-,-
3EE879,D-2018,GLID,,L0-,-
3EEC79,D-3042,GLID,,L0-,-
3EF079,D-4066,DISC,SCHEMPP-HIRTH Discus,L1P,L
3F0379,D-8930,GLID,,L0-,-
3F3979,D-OHRD,BALL,,B0-,-
3FB179,79+34,NH90,NHI NH-90,H2T,M
3FEC79,D-MRMG,ULAC,,L0-,-
3FED79,D-MDTM,C42,IKARUS C-42 Bison,L1P,L
3FEE79,D-MRLE,C42,IKARUS C-42 Bison,L1P,L
3FEF79,D-MGMA,SAVG,ZLIN AVIATION Savage,L1P,L
3FF279,D-MAGJ,MM24,MAGNI M-24 Orion,G1P,L
3FF379,D-MJBV,VL3,AVEKO Flamingo,L1P,L
3FF479,D-MAVU,CH60,ZENAIR CH-600 Zodiac,L1P,L
3FF579,D-MYBH,TL20,TL ULTRALIGHT TL-2000 Sting,L1P,L
400079,VP-CLR,B737,BOEING 737-700,L2J,M
400879,G-EUPJ,A319,AIRBUS A-319,L2J,M
400979,G-CHCF,AS3B,AEROSPATIALE AS-332 Super Puma Mk2,H2T,M
400A79,G-JEDT,DH8D,DE HAVILLAND DHC-8-400 Dash 8,L2T,M
400C79,G-BTFT,BE58,BEECH 58 Baron,L2P,L
401079,G-LSAI,B752,BOEING 757-200,L2J,M
401179,G-DHLN,B763,BOEING 767-300,L2J,H
401279,G-WARP,C182,CESSNA 182 Skylane,L1P,L
401479,G-AMTM,J1,AUSTER J-1,L1P,L
401679,G-ATOR,P28A,PIPER PA-28-140/150/160/180,L1P,L
401879,G-LFSG,P28A,PIPER PA-28-140/150/160/180,L1P,L
401979,G-AZRA,B209,MBB BO-209 Monsun,L1P,L
401C79,G-ECAK,C172,CESSNA 172 Skyhawk,L1P,L
401D79,G-BGCY,ZZZZ,,-0-,-
402179,G-COPS,J3,PIPER J-3 Cub,L1P,L
402279,G-OGOS,GYRO,,G0-,-
402579,G-ERNI,P28A,PIPER PA-28-140/150/160/180,L1P,L
402779,G-AZHX,BDOG,BRITISH AEROSPACE SA-3 Bulldog,L1P,L
402F79,G-MVXJ,ULAC,,L0-,-
403079,G-MWDI,ULAC,,L0-,-
403479,G-KART,P28A,PIPER PA-28-140/150/160/180,L1P,L
403679,G-BUNB,SF25,SCHEIBE SF-25 Falke,L1P,L
403879,G-BVHG,G115,GROB G-115,L1P,L
403A79,G-CKCK,EN28,ENSTROM F-28,H1P,L
403D79,G-ILDA,SPIT,SUPERMARINE Spitfire,L1P,L
404079,G-PHYL,FOX,KITFOX,L1P,L
404279,G-TRCY,R44,ROBINSON R-44 Raven,H1P,L
404379,G-BZFU,SHIP,,B0-,-
404479,G-BZTA,R44,ROBINSON R-44 Raven,H1P,L
404579,G-UWAS,BDOG,BRITISH AEROSPACE SA-3 Bulldog,L1P,L
404679,G-CBHN,ULAC,,L0-,-
404879,G-CBXS,SKRA,BEST OFF Sky Ranger,L1P,L
404A79,G-CZMI,SKRA,BEST OFF Sky Ranger,L1P,L
404B79,G-JEZZ,SKRA,BEST OFF Sky Ranger,L1P,L
404E79,G-WIGY,PTS1,PITTS S-1 Special,L1P,L
404F79,G-CKML,DUOD,SCHEMPP-HIRTH Duo Discus,L1P,L
405179,G-IRAR,RV9,VANS RV-9,L1P,L
405879,G-CHDE,GLID,,L0-,-
405979,G-DCLT,GLID,,L0-,-
405B79,G-DDNU,GLID,,L0-,-
405C79,G-DDYH,GLID,,L0-,-
405F79,G-ECOP,DH8D,DE HAVILLAND DHC-8-400 Dash 8,L2T,M
406079,G-CFXP,BALL,,B0-,-
406279,G-LCYM,E190,EMBRAER ERJ-190-100,L2J,M
406379,G-RMMA,F900,DASSAULT Falcon 900,L3J,M
406679,G-MBSJ,ULAC,,L0-,-
406779,G-MPLD,C182,CESSNA 182 Skylane,L1P,L
406879,G-CHLU,GAZL,AEROSPATIALE SA-341 Gazelle,H1T,L
406979,G-CLAD,BALL,,B0-,-
406A79,G-CICH,S92,SIKORSKY S-92 Helibus,H2T,M
406B79,G-VYGJ,A332,AIRBUS A-330-200,L2J,H
406C79,G-MCGE,S92,SIKORSKY S-92 Helibus,H2T,M
406D79,G-ZBKC,B789,BOEING 787-9 Dreamliner,L2J,H
406E79,G-CIPF,GLID,,L0-,-
406F79,G-ZBKM,B789,BOEING 787-9 Dreamliner,L2J,H
407179,G-JZBL,B738,BOEING 737-800,L2J,M
407279,G-DENY,R44,ROBINSON R-44 Raven,H1P,L
407479,G-SWAI,ZZZZ,,-0-,-
407679,G-CLAJ,DR40,ROBIN DR-400,L1P,L
407879,G-JIMA,BALL,,B0-,-
407979,G-ZBLC,B78X,BOEING 787-10 Dreamliner,L2J,H
407E79,G-ECLF,A345,AIRBUS A-340-500,L4J,H
424379,VP-BBY,B748,BOEING 747-8,L4J,H
424B79,M-AMBA,GA6C,GULFSTREAM G600,L2J,M
43C279,ZJ230,H64,MCDONNELL DOUGLAS AH-64 Apache,H2T,M
43C679,ZF204,TUCA,EMBRAER EMB-312 Tucano,L1T,L
43C879,WK035,DRON,,D0-,-
440079,OE-XEN,EC35,AIRBUS HELICOPTERS EC-135/635,H2T,L
440179,OE-LQJ,A319,AIRBUS A-319,L2J,M
440279,OE-CTA,DV20,DIAMOND DA-20,L1P,L
440379,OE-UDH,DA42,DIAMOND DA-42 Guardian,L2P,L
440479,OE-FCT,DA42,DIAMOND DA-42 Guardian,L2P,L
440679,OE-GSX,C25C,CESSNA 525C Citation CJ4,L2J,M
440779,OE-LGQ,DH8D,DE HAVILLAND DHC-8-400 Dash 8,L2T,M
44A079,OO-HCY,R44,ROBINSON R-44 Raven,H1P,L
44CD79,OO-SKY,C25A,CESSNA 525A Citation CJ2,L2J,L
44CE79,OO-SSY,A319,AIRBUS A-319,L2J,M
44E279,OO-XYX,SLG2,AIRPLANE FACTORY Sling 2,L1P,L
44F679,ST-42,F260,AERMACCHI SF-260,L1P,L
458579,OY-AKY,C172,CESSNA 172 Skyhawk,L1P,L
468079,4121,C27J,ALENIA C-27J Spartan,L2T,M
468979,SX-BKY,BE9L,BEECH 90 King Air,L2T,L
470379,HA-BIF,C172,CESSNA 172 Skyhawk,L1P,L
471A79,HA-KAR,C525,CESSNA 525 CitationJet,L2J,L
474979,HA-1234,SF25,SCHEIBE SF-25 Falke,L1P,L
478079,LN-TUD,B737,BOEING 737-700,L2J,M
478379,LN-RKG,A343,AIRBUS A-340-300,L4J,H
478779,LN-ELG,SR22,CIRRUS SR-22,L1P,L
480479,J-368,F16,GENERAL DYNAMICS F-16 Fighting Falcon,L1J,M
480879,R-02,B412,BELL 412,H2T,L
484479,PH-3Z5,KP2,JIHLAVAN KP-2 Sova,L1P,L
484579,PH-3E9,KP2,JIHLAVAN KP-2 Sova,L1P,L
484679,PH-PVG,C172,CESSNA 172 Skyhawk,L1P,L
484779,PH-LFA,C172,CESSNA 172 Skyhawk,L1P,L
484879,PH-1273,GLID,,L0-,-
484979,PH-ACV,MCR1,COLOMBAN Ban-Bi,L1P,L
484B79,PH-OEV,BALL,,B0-,-
485079,PH-1BQ,ZZZZ,,-0-,-
485179,PH-9M8,PARA,,P0-,-
485479,PH-1UJ,ZZZZ,,-0-,-
485579,PH-2HF,ZZZZ,,-0-,-
485679,PH-2OH,ZZZZ,,-0-,-
485779,PH-EXS,E75L,EMBRAER ERJ-170-200 (long wing),L2J,M
485979,PH-RMX,BALL,,B0-,-
490579,CS-AKY,C206,CESSNA  206 Stationair,L1P,L
49B079,OK-0800,DG80,DG FLUGZEUGBAU DG-800,L1P,L
49C079,OK-QWA11,CDUS,AUTOGYRO Calidus,G1P,L
49C179,OK-WUR34,NG5,BRM AERO NG-5/6 Bristell,L1P,L
49D079,OK-IBA,SR22,CIRRUS SR-22,L1P,L
49D179,OK-RMI,C152,CESSNA 152,L1P,L
49D279,OK-AAF,Z43,ZLIN Z-43/143,L1P,L
49D379,OK-IFO,Z26,ZLIN Z-26/126/226/326/526/626/726,L1P,L
49D479,OK-RUM,C172,CESSNA 172 Skyhawk,L1P,L
4A4D79,YR-SKY,A320,AIRBUS A-320,L2J,M
4A8D79,SE-CKY,PA18,PIPER PA-18 Super Cub,L1P,L
4AAC79,SE-KCY,PA31,PIPER PA-31-300/310/325/350/425,L2P,L
4AB079,SE-LCY,PA46,PIPER PA-46-310/350,L1P,L
4AB179,SE-LKY,BE20,BEECH 200 Super King Air,L2T,M
4ACD79,SE-SKY,VENT,SCHEMPP-HIRTH Ventus,L1P,L
4AD679,SE-USY,TFUN,VALENTIN Taifun,L1P,L
4AD979,SE-VKY,C42,IKARUS C-42 Bison,L1P,L
4ADA79,SE-VSY,TL30,TL ULTRALIGHT TL-3000 Sirius,L1P,L
4B0579,HB-CBX,C150,CESSNA 150,L1P,L
4B0B79,HB-EIZ,BE35,BEECH 35 Starfire Bonanza,L1P,L
4B2879,HB-PIN,P28T,PIPER PA-28RT-201,L1P,L
4B2A79,HB-QCF,BALL,,B0-,-
4B2C79,HB-QVX,BALL,,B0-,-
4B3E79,HB-XRD,LAMA,AEROSPATIALE SA-315 Lama,H1T,L
4B4279,HB-ZEN,EC35,AIRBUS HELICOPTERS EC-135/635,H2T,L
4B4379,HB-ZOJ,AS50,AEROSPATIALE AS-350 Ecureuil,H1T,L
4B4479,HB-ZYF,AS50,AEROSPATIALE AS-350 Ecureuil,H1T,L
4B4A79,HB-1490,GLID,,L0-,-
4B4D79,HB-2258,VENT,SCHEMPP-HIRTH Ventus,L1P,L
4B4E79,HB-2514,VENT,SCHEMPP-HIRTH Ventus,L1P,L
4B5079,HB-3026,GLID,,L0-,-
4B5179,HB-3282,GLID,,L0-,-
4B7F79,J-5238,F18H,BOEING FA-18 HORNET,L2J,M
4B8C79,TC-CCY,C172,CESSNA 172 Skyhawk,L1P,L
4BA279,TC-HSY,B407,BELL 407,H1T,L
4BAA79,TC-JSY,A321,AIRBUS A-321,L2J,M
4BB279,TC-LSY,A21N,AIRBUS A-321neo,L2J,M
4BB879,TC-NCY,A20N,AIRBUS A-320neo,L2J,M
4C0179,YU-ALZ,AT76,ATR-72-600,L2T,M
4CA379,EI-LNH,B788,BOEING 787-8 Dreamliner,L2J,H
4CA579,EI-GLG,GLID,,L0-,-
4CA879,EI-FPM,CRJ9,BOMBARDIER Regional Jet CRJ-900,L2J,M
4CA979,EI-ESR,B738,BOEING 737-800,L2J,M
4CAC79,EI-SIJ,A20N,AIRBUS A-320neo,L2J,M
4CC279,TF-ISO,B763,BOEING 767-300,L2J,H
4D2079,9H-AJJ,C500,CESSNA 500 Citation 1,L2J,L
4D2279,9H-QBH,B738,BOEING 737-800,L2J,M
4D2379,9H-AMX,A320,AIRBUS A-320,L2J,M
4D2479,9H-WBY,A20N,AIRBUS A-320neo,L2J,M
500179,T7-DYN,CL60,BOMBARDIER CL-600 Challenger,L2J,M
505C79,OM-XYC,MI8,MIL Mi-8/9/17/19/171/172,H2T,M
505D79,OM-SKY,P210,CESSNA P210 Centurion,L1P,L
508079,UR-ELL,AN24,ANTONOV An-24,L2T,M
508179,UR-CJN,AN12,ANTONOV An-12,L4T,M
508279,UR-PSF,B738,BOEING 737-800,L2J,M
508379,UR-PSS,B738,BOEING 737-800,L2J,M
600879,4K-AZ121,A139,AGUSTA AW-139,H2T,L
70AA79,9N-ALW,A320,AIRBUS A-320,L2J,M
70C079,502,C130,LOCKHEED C-130 Hercules,L4T,M
71BD79,HL7579,A359,AIRBUS A-350-900,L2J,H
71C079,HL8079,A359,AIRBUS A-350-900,L2J,H
71C279,HL8279,A321,AIRBUS A-321,L2J,M
71C379,HL8379,B738,BOEING 737-800,L2J,M
739479,4X-BIO,H269,HUGHES Sky Knight,H1P,L
740479,JY-ACY,P28A,PIPER PA-28-140/150/160/180,L1P,L
750279,9M-FYL,AT75,ATR-72-500,L2T,M
750479,9M-XBF,A333,AIRBUS A-330-300,L2J,H
758479,RP-C7284,AT76,ATR-72-600,L2T,M
760979,AP-BKY,AT75,ATR-72-500,L2T,M
76CD79,9V-SKY,A388,AIRBUS A-380-800,L4J,H
780079,B-5113,B738,BOEING 737-800,L2J,M
780179,B-HLL,A333,AIRBUS A-330-300,L2J,H
780279,B-6226,A319,AIRBUS A-319,L2J,M
780379,B-5340,B738,BOEING 737-800,L2J,M
780479,B-5386,B738,BOEING 737-800,L2J,M
780779,B-6795,A320,AIRBUS A-320,L2J,M
780879,B-3190,E190,EMBRAER ERJ-190-100,L2J,M
780979,B-8259,GLF5,GULFSTREAM 5,L2J,M
780B79,B-9972,A320,AIRBUS A-320,L2J,M
780C79,B-1847,A321,AIRBUS A-321,L2J,M
780D79,B-1636,A320,AIRBUS A-320,L2J,M
780E79,B-8068,A321,AIRBUS A-321,L2J,M
780F79,B-8423,A321,AIRBUS A-321,L2J,M
781079,B-8438,A321,AIRBUS A-321,L2J,M
781179,B-70QN,A119,AGUSTA AW-119 Koala,H1T,L
781279,B-1011,A319,AIRBUS A-319,L2J,M
781379,B-1070,A359,AIRBUS A-350-900,L2J,H
781479,B-300V,A333,AIRBUS A-330-300,L2J,H
781579,B-303Z,A333,AIRBUS A-330-300,L2J,H
781679,B-307U,A20N,AIRBUS A-320neo,L2J,M
781779,B-3608,PA44,PIPER PA-44 Seminole,L2P,L
781879,B-20E7,B77W,BOEING 777-300ER,L2J,H
781B79,B-323L,A20N,AIRBUS A-320neo,L2J,M
781D79,B-652L,FA7X,DASSAULT Falcon 7X,L3J,M
7A4279,B-4085,B738,BOEING 737-800,L2J,M
7C0179,VH-AKR,C182,CESSNA 182 Skylane,L1P,L
7C0F79,VH-DCB,SR22,CIRRUS SR-22,L1P,L
7C1179,VH-DQJ,S211,SIAI-MARCHETTI S-211,L1J,L
7C1479,VH-EBV,A332,AIRBUS A-330-200,L2J,H
7C1C79,VH-FWR,LNC2,LANCAIR 200-320,L1P,L
7C2179,VH-GWB,GLID,,L0-,-
7C2479,VH-HHN,R22,ROBINSON R-22 Mariner,H1P,L
7C2579,VH-HOR,C402,CESSNA 402 Businessliner,L2P,L
7C2E79,VH-JGR,E145,EMBRAER ERJ-145,L2J,M
7C2F79,VH-JNV,P32R,PIPER PA-32R-300/301/301T,L1P,L
7C3079,VH-JUZ,P28B,PIPER PA-28-201T/235/236,L1P,L
7C3979,VH-LMZ,C208,CESSNA 208 Caravan,L1T,L
7C3D79,VH-MFF,GA8,GIPPSAERO GA-8 Airvan,L1P,L
7C4879,VH-OLN,T210,CESSNA T210 Turbo Centurion,L1P,L
7C4979,VH-OSR,DHC1,DE HAVILLAND DHC-1 Chipmunk,L1P,L
7C4A79,VH-OZV,SW4,SWEARINGEN Metro,L2T,M
7C4E79,VH-PSB,C310,CESSNA 310,L2P,L
7C4F79,VH-PZF,P28A,PIPER PA-28-140/150/160/180,L1P,L
7C5B79,VH-SCR,CL60,BOMBARDIER CL-600 Challenger,L2J,M
7C5D79,VH-SQZ,C182,CESSNA 182 Skylane,L1P,L
7C6079,VH-TCB,C172,CESSNA 172 Skyhawk,L1P,L
7C6179,VH-TJF,A139,AGUSTA AW-139,H2T,L
7C6279,VH-TQJ,BE33,BEECH 33 Bonanza,L1P,L
7C6B79,VH-VIJ,RV3,VANS RV-3,L1P,L
7C6C79,VH-VPN,P28A,PIPER PA-28-140/150/160/180,L1P,L
7C7479,VH-XAJ,AT8T,AIR TRACTOR AT-802,L1T,M
7C7579,VH-XHN,DA42,DIAMOND DA-42 Guardian,L2P,L
7C7679,VH-XOR,GLID,,L0-,-
7C7B79,VH-YOB,G202,AKROTECH G-202,L1P,L
7C7C79,VH-YVF,NG5,BRM AERO NG-5/6 Bristell,L1P,L
7CF879,A40-002,NH90,NHI NH-90,H2T,M
800079,K2413,B732,BOEING 737-200,L2J,M
800279,HM683,D228,DORNIER 228,L2T,L
800579,VT-PPV,A321,AIRBUS A-321,L2J,M
800B79,VT-CLF,F2TH,DASSAULT Falcon 2000,L2J,M
800C79,VT-WGK,A20N,AIRBUS A-320neo,L2J,M
800D79,VT-SYI,B738,BOEING 737-800,L2J,M
845E79,JA118D,EC35,AIRBUS HELICOPTERS EC-135/635,H2T,L
847179,JA16KP,EC45,AIRBUS HELICOPTERS EC-145,H2T,L
84B779,JA212H,BE58,BEECH 58 Baron,L2P,L
861F79,JA6193,B06,BELL 206 JetRanger,H1T,L
863779,JA6817,B412,BELL 412,H2T,L
86E779,JA871B,B350,BEECHCRAFT Super King Air 350,L2T,M
86EC79,JA88CX,B430,BELL 430,H2T,L
885179,HS-TKY,B77W,BOEING 777-300ER,L2J,H
888179,VN-A586,A320,AIRBUS A-320,L2J,M
896179,A6-EWG,B77L,BOEING 777-200LR,L2J,H
896479,A6-EUO,A388,AIRBUS A-380-800,L4J,H
896579,A6-HFG,B505,BELL 505 JetRanger X,H1T,L
8A0479,PK-GPU,A333,AIRBUS A-330-300,L2J,H
8A0579,PK-GIK,B77W,BOEING 777-300ER,L2J,H
8A0679,PK-AVR,EC35,AIRBUS HELICOPTERS EC-135/635,H2T,L
8A0779,PK-LPY,B739,BOEING 737-900,L2J,M
8A0879,PK-RDA,H25B,HAWKER BEECHCRAFT Hawker 750/850,L2J,M
A00179,N1R,AEST,AEROSTAR 600,L2P,L
A00279,N10BE,GLID,,L0-,-
A00479,N10XS,J3,PIPER J-3 Cub,L1P,L
A00579,N100HX,C82T,CESSNA TR182 Turbo Skylane RG,L1P,L
A00779,N1003D,C195,CESSNA 195,L1P,L
A00879,N101AP,H269,HUGHES Sky Knight,H1P,L
A00979,N101LV,GLID,,L0-,-
A00C79,N102DM,TAIL,WITTMAN Tailwind,L1P,L
A00E79,N102ZZ,,,,
A01579,N104VP,C560,CESSNA 560 Citation Ultra,L2J,M
A01679,N1044E,CH7A,BELLANCA 7 Champion,L1P,L
A01879,N105NF,BALL,,B0-,-
A01A79,N1056H,P28R,PIPER PA-28R-180/200/201,L1P,L
A01C79,N106RD,R22,ROBINSON R-22 Mariner,H1P,L
A01E79,N1068L,LA4,LAKE LA-4/200,A1P,L
A02179,N1073C,M20P,MOONEY M-20,L1P,L
A02279,N108AN,C208,CESSNA 208 Caravan,L1T,L
A02379,N108LU,DA42,DIAMOND DA-42 Guardian,L2P,L
A02579,N1085F,C172,CESSNA 172 Skyhawk,L1P,L
A02679,N109DL,C82S,CESSNA T182 Turbo Skylane,L1P,L
A02779,N109PS,,,,
A02979,N1097J,H500,HUGHES 500,H1T,L
A02A79,N11GJ,LJ35,LEARJET 35,L2J,M
A02F79,N11063,CH7A,BELLANCA 7 Champion,L1P,L
A03379,N11186,C150,CESSNA 150,L1P,L
A03479,N112JR,P28R,PIPER PA-28R-180/200/201,L1P,L
A03779,N113BH,C180,CESSNA  180 Skywagon,L1P,L
A03879,N113MP,C421,CESSNA 421 Executive Commuter,L2P,L
A03A79,N11351,C150,CESSNA 150,L1P,L
A03D79,N1140T,M20P,MOONEY M-20,L1P,L
A03F79,N115HD,H500,HUGHES 500,H1T,L
A04379,N116LB,BALL,,B0-,-
A04779,N117P,T210,CESSNA T210 Turbo Centurion,L1P,L
A04A79,N118FS,C72R,CESSNA 172R Cutlass RG,L1P,L
A04C79,N1181U,C172,CESSNA 172 Skyhawk,L1P,L
A05679,N1203F,C172,CESSNA 172 Skyhawk,L1P,L
A05779,N121AR,IR23,ICA IAR-823,L1P,L
A05879,N121LX,F900,DASSAULT Falcon 900,L3J,M
A05A79,N1215J,VO10,NORTH AMERICAN ROCKWELL Commander 100,L1P,L
A05B79,N122DP,FOX,KITFOX,L1P,L
A05D79,N1220A,PC12,PILATUS PC-12,L1T,L
A06279,N1239Q,C150,CESSNA 150,L1P,L
A06379,N124KK,EA50,ECLIPSE 550,L2J,L
A06579,N1244G,WACF,WACO F,L1P,L
A06A79,N126F,,,,
A06B79,N126RF,C208,CESSNA 208 Caravan,L1T,L
A07479,N1285H,AR15,AERONCA 15 Sedan,L1P,L
A07579,N129DN,A321,AIRBUS A-321,L2J,M
A07779,N1290,,,,
A07879,N1297L,SR22,CIRRUS SR-22,L1P,L
A07979,N13GL,MUS2,BUSHBY M-2 Mustang 2,L1P,L
A07A79,N13SS,ST75,STEARMAN Kaydet,L1P,L
A07C79,N130PC,BN2P,BRITTEN-NORMAN BN-2 Islander,L2P,L
A07E79,N13065,C172,CESSNA 172 Skyhawk,L1P,L
A08179,N1311X,B47G,BELL 47G,H1P,L
A08279,N13188,C172,CESSNA 172 Skyhawk,L1P,L
A08379,N132JT,VEZE,RUTAN VariEze,L1P,L
A08779,N133MR,BE95,BEECH 95 Travel Air,L2P,L
A08979,N13353,C172,CESSNA 172 Skyhawk,L1P,L
A08C79,N1340V,G44,GRUMMAN G-44 Widgeon,A2P,L
A08F79,N135TM,CH7A,BELLANCA 7 Champion,L1P,L
A09079,N1352Y,C172,CESSNA 172 Skyhawk,L1P,L
A09679,N137PB,DC3,DOUGLAS DC-3 Dakota,L2P,M
A09B79,N1381W,M20P,MOONEY M-20,L1P,L
A09C79,N13887,C172,CESSNA 172 Skyhawk,L1P,L
A09F79,N1393Z,BE35,BEECH 35 Starfire Bonanza,L1P,L
A0A079,N14BJ,,,,
A0A179,N14MQ,UH12,HILLER UH-12,H1P,L
A0A379,N140JA,CP10,CAP AVIATION CAP-10,L1P,L
A0A579,N1403H,AR15,AERONCA 15 Sedan,L1P,L
A0A679,N141AT,,,,
A0AA79,N142DR,BE58,BEECH 58 Baron,L2P,L
A0B379,N144VT,RV14,VANS RV-14,L1P,L
A0B479,N1444J,AC11,NORTH AMERICAN ROCKWELL Commander 112/114,L1P,L
A0B579,N145CD,SR20,CIRRUS SR-20,L1P,L
A0B679,N145NK,EC45,AIRBUS HELICOPTERS EC-145,H2T,L
A0BD79,N147J,C172,CESSNA 172 Skyhawk,L1P,L
A0C679,N1490B,L8,LUSCOMBE 8,L1P,L
A0C979,N15SU,SR20,CIRRUS SR-20,L1P,L
A0CB79,N150PE,C150,CESSNA 150,L1P,L
A0CF79,N151SC,ARES,RUTAN Ares,L1J,L
A0D479,N15232,WACC,WACO C/S,L1P,L
A0D679,N153MT,C152,CESSNA 152,L1P,L
A0D879,N15355,P28B,PIPER PA-28-201T/235/236,L1P,L
A0E079,N156A,B58T,BEECH 58TC Baron,L2P,L
A0E279,N156WM,PA44,PIPER PA-44 Seminole,L2P,L
A0E379,N15643,P28R,PIPER PA-28R-180/200/201,L1P,L
A0E879,N158FW,PARA,,P0-,-
A0E979,N158SB,CH7B,BELLANCA 7 Citabria,L1P,L
A0EA79,N1581Y,C172,CESSNA 172 Skyhawk,L1P,L
A0EE79,N15931,P28R,PIPER PA-28R-180/200/201,L1P,L
A0EF79,N16BL,RV9,VANS RV-9,L1P,L
A0F079,N16MS,C182,CESSNA 182 Skylane,L1P,L
A0F179,N16XY,F2TH,DASSAULT Falcon 2000,L2J,M
A0F279,N160JC,L39,LET L-39 Albatros,L1J,L
A0F679,N161MA,P32R,PIPER PA-32R-300/301/301T,L1P,L
A0FB79,N1620E,AR11,AERONCA 11 Chief,L1P,L
A0FC79,N1627R,AA1,AMERICAN AA-1,L1P,L
A0FF79,N1632H,P28A,PIPER PA-28-140/150/160/180,L1P,L
A10379,N1644L,BALL,,B0-,-
A10979,N166RK,R66,ROBINSON R-66,H1T,L
A10C79,N167JB,WW24,IAI 1124 Westwind,L2J,M
A10E79,N1673J,P28A,PIPER PA-28-140/150/160/180,L1P,L
A10F79,N168AU,,,,
A11079,N168M,BE35,BEECH 35 Starfire Bonanza,L1P,L
A11379,N169DS,MT,ROTORSPORT MTOSport,G1P,L
A11679,N1697Q,C150,CESSNA 150,L1P,L
A11879,N17SW,BE17,BEECH 17 Staggerwing,L1P,L
A11A79,N170PG,SR20,CIRRUS SR-20,L1P,L
A11C79,N17069,C150,CESSNA 150,L1P,L
A12079,N1719B,ST75,STEARMAN Kaydet,L1P,L
A12379,N17234,J2,PIPER J-2 Cub,L1P,L
A12679,N173YA,C172,CESSNA 172 Skyhawk,L1P,L
A12779,N17357,,,,
A12879,N174EM,B429,BELL 429 GlobalRanger,H2T,L
A12E79,N17522,BE33,BEECH 33 Bonanza,L1P,L
A13C79,N179VB,C82S,CESSNA T182 Turbo Skylane,L1P,L
A13D79,N17933,GLID,,L0-,-
A13E79,N18BN,GLF5,GULFSTREAM 5,L2J,M
A14179,N180JE,C180,CESSNA  180 Skywagon,L1P,L
A14579,N181MC,SR22,CIRRUS SR-22,L1P,L
A14879,N182DV,C182,CESSNA 182 Skylane,L1P,L
A14979,N182QA,C82S,CESSNA T182 Turbo Skylane,L1P,L
A14A79,N1820G,BE24,BEECH 24 Sierra,L1P,L
A14F79,N1839W,BE95,BEECH 95 Travel Air,L2P,L
A15279,N1844N,C120,CESSNA 120,L1P,L
A15379,N185CH,H46,BOEING-VERTOL CH-46 Sea Knight,H2T,M
A15479,N185NP,C185,CESSNA 185 Skywagon,L1P,L
A15579,N185YV,C185,CESSNA 185 Skywagon,L1P,L
A15679,N1856R,C185,CESSNA 185 Skywagon,L1P,L
A15879,N186RM,C182,CESSNA 182 Skylane,L1P,L
A15979,N1861H,P32R,PIPER PA-32R-300/301/301T,L1P,L
A15B79,N187JD,P46T,PIPER PA-46-500TP,L1T,L
A15D79,N1873L,BE35,BEECH 35 Starfire Bonanza,L1P,L
A15F79,N188MB,PARA,,P0-,-
A16379,N189Q,BE95,BEECH 95 Travel Air,L2P,L
A16479,N1890F,C210,CESSNA 201 Centurion,L1P,L
A16579,N1897S,F2TH,DASSAULT Falcon 2000,L2J,M
A16879,N190DC,PA44,PIPER PA-44 Seminole,L2P,L
A16B79,N1907A,PA18,PIPER PA-18 Super Cub,L1P,L
A16C79,N191GA,BE35,BEECH 35 Starfire Bonanza,L1P,L
A16D79,N191SG,B06,BELL 206 JetRanger,H1T,L
A16F79,N1919D,BE35,BEECH 35 Starfire Bonanza,L1P,L
A17279,N19236,J2,PIPER J-2 Cub,L1P,L
A17A79,N1948B,C77R,CESSNA 177RG Cardinal RG,L1P,L
A17D79,N19524,C150,CESSNA 150,L1P,L
A18079,N196WR,DFLY,VIKING Dragonfly,L1P,L
A18279,N197DB,C310,CESSNA 310,L2P,L
A18579,N1977,,,,
A18679,N198G,RV6,VANS RV-6,L1P,L
A18979,N1989C,C170,CESSNA 170,L1P,L
A18D79,N2BQ,B06,BELL 206 JetRanger,H1T,L
A18E79,N2MW,SA30,STOLP Starduster Too,L1P,L
A18F79,N2YB,GLID,,L0-,-
A19479,N20005,C172,CESSNA 172 Skyhawk,L1P,L
A19679,N201HR,C750,CESSNA 750 Citation 10,L2J,M
A19879,N20128,BALL,,B0-,-
A19A79,N202LP,KR2,RAND KR-2,L1P,L
A19C79,N2025A,SONX,SONEX AIRCRAFT Sonex,L1P,L
A19D79,N203DF,BE40,BEECH 400 Beechjet,L2J,M
A1A379,N20416,C82T,CESSNA TR182 Turbo Skylane RG,L1P,L
A1A979,N206N,T206,CESSNA T206 Turbo Stationair,L1P,L
A1AB79,N2066B,L8,LUSCOMBE 8,L1P,L
A1AE79,N20704,C172,CESSNA 172 Skyhawk,L1P,L
A1B179,N208TW,C208,CESSNA 208 Caravan,L1T,L
A1B779,N21DE,BE20,BEECH 200 Super King Air,L2T,M
A1B879,N21PL,C82R,CESSNA R182 Skylane RG,L1P,L
A1BB79,N210WC,T210,CESSNA T210 Turbo Centurion,L1P,L
A1BC79,N2104U,P28A,PIPER PA-28-140/150/160/180,L1P,L
A1BD79,N211CP,BE58,BEECH 58 Baron,L2P,L
A1C379,N2121P,LJ45,LEARJET 45,L2J,M
A1C879,N214BB,SR22,CIRRUS SR-22,L1P,L
A1C979,N214MH,T206,CESSNA T206 Turbo Stationair,L1P,L
A1CB79,N2145V,,,,
A1CC79,N215E,DA62,DIAMOND DA-62,L2P,L
A1CE79,N2150M,B06,BELL 206 JetRanger,H1T,L
A1CF79,N2157Y,P28A,PIPER PA-28-140/150/160/180,L1P,L
A1D679,N2174T,P28A,PIPER PA-28-140/150/160/180,L1P,L
A1DA79,N2186W,BALL,,B0-,-
A1DC79,N219RS,S22T,CIRRUS SR-22T Turbo,L1P,L
A1DD79,N2191N,T34P,BEECH T-34 Mentor,L1P,L
A1E279,N220RA,BE20,BEECH 200 Super King Air,L2T,M
A1E779,N2213,WACC,WACO C/S,L1P,L
A1E879,N222AK,C180,CESSNA  180 Skywagon,L1P,L
A1EC79,N223DH,MR35,MURPHY SR-3500 Super Rebel,L1P,L
A1ED79,N223PP,BALL,,B0-,-
A1F079,N224GF,WW24,IAI 1124 Westwind,L2J,M
A1F179,N224SM,VELO,Velocity,L1P,L
A1F279,N22418,DG15,HOWARD Nightingale,L1P,L
A1F679,N2254A,PA20,PIPER PA-20 Pacer,L1P,L
A1FA79,N2266D,C170,CESSNA 170,L1P,L
A1FC79,N227R,,,,
A1FD79,N22706,C150,CESSNA 150,L1P,L
A1FE79,N2278G,SRAI,GREAT PLAINS Sonerai,L1P,L
A1FF79,N228HS,T206,CESSNA T206 Turbo Stationair,L1P,L
A20179,N22829,C150,CESSNA 150,L1P,L
A20679,N23DG,PTS2,PITTS S-2 Special,L1P,L
A20B79,N2304W,R22,ROBINSON R-22 Mariner,H1P,L
A20C79,N231CR,M20P,MOONEY M-20,L1P,L
A21179,N232RV,RV8,VANS RV-8,L1P,L
A21379,N23282,C150,CESSNA 150,L1P,L
A21679,N2333U,B77W,BOEING 777-300ER,L2J,H
A21779,N234BD,PULS,Pulsar,L1P,L
A21879,N234MK,PA22,PIPER PA-22,L1P,L
A21F79,N236H,FLE2,FLEET 2,L1P,L
A22179,N2362S,C337,CESSNA 337 Super Skymaster,L2P,L
A22579,N2374V,C140,CESSNA 140,L1P,L
A22C79,N2391Q,P28A,PIPER PA-28-140/150/160/180,L1P,L
A22D79,N23981,AR65,AERONCA 65 Super Chief,L1P,L
A22E79,N24JL,PTS2,PITTS S-2 Special,L1P,L
A22F79,N24US,PC24,PILATUS PC-24,L2J,M
A23179,N240RC,C310,CESSNA 310,L2P,L
A23279,N24009,BE24,BEECH 24 Sierra,L1P,L
A23379,N2408K,L8,LUSCOMBE 8,L1P,L
A23479,N241HV,,,,
A23579,N241UA,,,,
A23679,N2413B,,,,
A23779,N242AM,HUSK,CHRISTEN Husky,L1P,L
A23A79,N2425E,CH7A,BELLANCA 7 Champion,L1P,L
A23F79,N244GH,R44,ROBINSON R-44 Raven,H1P,L
A24079,N244SP,C210,CESSNA 201 Centurion,L1P,L
A24279,N2449L,C172,CESSNA 172 Skyhawk,L1P,L
A24779,N246ND,P28A,PIPER PA-28-140/150/160/180,L1P,L
A24B79,N247RB,SR22,CIRRUS SR-22,L1P,L
A24C79,N24708,C152,CESSNA 152,L1P,L
A24D79,N2478J,SF50,CIRRUS SF-50 Vision,L1J,L
A25179,N249AL,C750,CESSNA 750 Citation 10,L2J,M
A25479,N2495D,PA38,PIPER PA-38 Tomahawk,L1P,L
A25879,N250LA,BE20,BEECH 200 Super King Air,L2T,M
A25979,N250WG,BE20,BEECH 200 Super King Air,L2T,M
A26179,N2521T,NAVI,NORTH AMERICAN Navion,L1P,L
A26279,N25284,C152,CESSNA 152,L1P,L
A26379,N253JP,DV20,DIAMOND DA-20,L1P,L
A26579,N2533W,BE24,BEECH 24 Sierra,L1P,L
A26779,N254MM,RV4,VANS RV-4,L1P,L
A26979,N2545Z,C185,CESSNA 185 Skywagon,L1P,L
A26C79,N2550R,C182,CESSNA 182 Skylane,L1P,L
A26D79,N25572,C152,CESSNA 152,L1P,L
A27079,N2562U,P28A,PIPER PA-28-140/150/160/180,L1P,L
A27479,N2574X,P28A,PIPER PA-28-140/150/160/180,L1P,L
A27579,N258CS,,,,
A27879,N25860,C152,CESSNA 152,L1P,L
A27C79,N25983,C152,CESSNA 152,L1P,L
A27D79,N26JN,,,,
A27F79,N260EZ,LGEZ,RUTAN Long-EZ,L1P,L
A28279,N2608M,PA12,PIPER PA-12 Super Cruiser,L1P,L
A28579,N2613D,C170,CESSNA 170,L1P,L
A28679,N262AP,C185,CESSNA 185 Skywagon,L1P,L
A28D79,N2637K,L8,LUSCOMBE 8,L1P,L
A28F79,N264SR,SR22,CIRRUS SR-22,L1P,L
A29179,N2649N,C140,CESSNA 140,L1P,L
A29479,N2654E,PA30,PIPER PA-30 Twin Comanche,L2P,L
A29579,N266C,T50,CESSNA Bobcat,L2P,L
A29A79,N267RD,AC90,NORTH AMERICAN ROCKWELL Turbo Commander 690/840,L2T,L
A29F79,N2683C,C82R,CESSNA R182 Skylane RG,L1P,L
A2A279,N269X,S108,STINSON 108 Voyager,L1P,L
A2A579,N27PS,BEAR,AVIPRO RB-4 Bearhawk,L1P,L
A2A779,N270LC,WW24,IAI 1124 Westwind,L2J,M
A2AB79,N271PA,XNON,CELIER Xenon,G1P,L
A2B279,N273JR,C25B,CESSNA 525B Citation CJ3,L2J,L
A2B879,N27451,TAYB,TAYLORCRAFT BC/BF/BL,L1P,L
A2BC79,N27574,B06,BELL 206 JetRanger,H1T,L
A2BF79,N2762W,M20P,MOONEY M-20,L1P,L
A2C179,N277LB,BALL,,B0-,-
A2C279,N277WH,ULAC,,L0-,-
A2C379,N2774Z,GLID,,L0-,-
A2CF79,N280RG,G280,GULFSTREAM G280,L2J,M
A2D079,N2801C,C170,CESSNA 170,L1P,L
A2D179,N2808P,PA22,PIPER PA-22,L1P,L
A2D479,N2813F,C182,CESSNA 182 Skylane,L1P,L
A2DB79,N2830A,BE36,BEECH 36 Bonanza,L1P,L
A2DF79,N2842D,P28A,PIPER PA-28-140/150/160/180,L1P,L
A2E079,N2849Q,C172,CESSNA 172 Skyhawk,L1P,L
A2E779,N2866K,C180,CESSNA  180 Skywagon,L1P,L
A2EB79,N2878N,P28R,PIPER PA-28R-180/200/201,L1P,L
A2F279,N2895H,GLID,,L0-,-
A2F379,N29DN,XNOS,SONEX Xenos,L1P,L
A2F879,N29042,J3,PIPER J-3 Cub,L1P,L
A2FA79,N291PC,HUSK,CHRISTEN Husky,L1P,L
A30079,N29288,CUCA,CULVER Cadet,L1P,L
A30379,N29330,C177,CESSNA  177 Cardinal,L1P,L
A30A79,N2950V,C150,CESSNA 150,L1P,L
A30E79,N2962Y,P28R,PIPER PA-28R-180/200/201,L1P,L
A30F79,N29699,GLID,,L0-,-
A31679,N29864,TAYB,TAYLORCRAFT BC/BF/BL,L1P,L
A31B79,N3JS,C525,CESSNA 525 CitationJet,L2J,L
A31D79,N30FC,C82R,CESSNA R182 Skylane RG,L1P,L
A31E79,N30RJ,C175,CESSNA 175 Skylark,L1P,L
A32079,N300MV,C25B,CESSNA 525B Citation CJ3,L2J,L
A32379,N301EM,PA30,PIPER PA-30 Twin Comanche,L2P,L
A32579,N3010Z,PA22,PIPER PA-22,L1P,L
A32679,N3018,,,,
A32879,N302TR,GLF6,GULFSTREAM G650,L2J,M
A32979,N30222,P28A,PIPER PA-28-140/150/160/180,L1P,L
A32A79,N303AB,C303,CESSNA T303 Crusader,L2P,L
A32E79,N304D,,,,
A33879,N30633,J3,PIPER J-3 Cub,L1P,L
A33C79,N30756,J3,PIPER J-3 Cub,L1P,L
A33D79,N308EL,GA5C,GULFSTREAM G500,L2J,M
A33E79,N308QS,C680,CESSNA 680 Citation Sovereign,L2J,M
A33F79,N3080Y,C182,CESSNA 182 Skylane,L1P,L
A34979,N3102K,BALL,,B0-,-
A34D79,N3114N,C120,CESSNA 120,L1P,L
A35179,N3126R,,,,
A35379,N313RM,C82S,CESSNA T182 Turbo Skylane,L1P,L
A35579,N3138U,C182,CESSNA 182 Skylane,L1P,L
A35A79,N315MB,,,,
A35F79,N3160F,C182,CESSNA 182 Skylane,L1P,L
A36179,N317GS,LJ45,LEARJET 45,L2J,M
A36279,N317SY,E75L,EMBRAER ERJ-170-200 (long wing),L2J,M
A36779,N3184M,FA62,FAIRCHILD M-26 Cornell,L1P,L
A36C79,N32FE,B429,BELL 429 GlobalRanger,H2T,L
A36D79,N32RL,T206,CESSNA T206 Turbo Stationair,L1P,L
A37179,N32059,P28A,PIPER PA-28-140/150/160/180,L1P,L
A37279,N321EP,C172,CESSNA 172 Skyhawk,L1P,L
A37479,N32101,P28A,PIPER PA-28-140/150/160/180,L1P,L
A37579,N3218B,BALL,,B0-,-
A37979,N323AD,C25A,CESSNA 525A Citation CJ2,L2J,L
A37C79,N32347,,,,
A37D79,N324DB,BU31,BUCKER Bu-131 Jungmann,L1P,L
A37E79,N324PH,EC35,AIRBUS HELICOPTERS EC-135/635,H2T,L
A38079,N3247,GLID,,L0-,-
A38179,N325G,PA18,PIPER PA-18 Super Cub,L1P,L
A38379,N32512,PA32,PIPER PA-32,L1P,L
A38479,N3259C,BE35,BEECH 35 Starfire Bonanza,L1P,L
A38779,N32635,J3,PIPER J-3 Cub,L1P,L
A38B79,N32758,J3,PIPER J-3 Cub,L1P,L
A38C79,N328EN,DH8C,DE HAVILLAND DHC-8-300 Dash 8,L2T,M
A38F79,N3288A,C170,CESSNA 170,L1P,L
A39179,N329TS,PC12,PILATUS PC-12,L1T,L
A39479,N33LJ,C152,CESSNA 152,L1P,L
A39679,N330GV,E55P,EMBRAER EMB-505 Phenom 300,L2J,M
A39779,N330TA,,,,
A39879,N3302M,PA12,PIPER PA-12 Super Cruiser,L1P,L
A39979,N3309Y,C182,CESSNA 182 Skylane,L1P,L
A39D79,N332CK,B733,BOEING 737-300,L2J,M
A3A079,N3326T,C177,CESSNA  177 Cardinal,L1P,L
A3A179,N333FH,BE95,BEECH 95 Travel Air,L2P,L
A3A279,N333RP,MIMU,BUSHBY Midget Mustang,L1P,L
A3A379,N3331K,GC1,GLOBE Swift,L1P,L
A3A479,N3338W,PA32,PIPER PA-32,L1P,L
A3A779,N3343N,J3,PIPER J-3 Cub,L1P,L
A3A979,N335MD,PA32,PIPER PA-32,L1P,L
A3AB79,N3355R,C182,CESSNA 182 Skylane,L1P,L
A3AC79,N336DW,RV10,VANS RV-10,L1P,L
A3B079,N337GU,M28,PZL-MIELEC M-28 Skytruck,L2T,M
A3B179,N337T,PA18,PIPER PA-18 Super Cub,L1P,L
A3BB79,N34FG,PA18,PIPER PA-18 Super Cub,L1P,L
A3C079,N3406A,P32R,PIPER PA-32R-300/301/301T,L1P,L
A3C579,N342HP,PA34,PIPER PA-34 Seneca,L2P,L
A3C779,N34226,C77R,CESSNA 177RG Cardinal RG,L1P,L
A3C979,N343LM,,,,
A3CA79,N343WT,L39,LET L-39 Albatros,L1J,L
A3CB79,N34349,ZZZZ,,-0-,-
A3CC79,N344DD,SR20,CIRRUS SR-20,L1P,L
A3CF79,N3447B,BE35,BEECH 35 Starfire Bonanza,L1P,L
A3D179,N345SH,AS50,AEROSPATIALE AS-350 Ecureuil,H1T,L
A3D279,N34514,AR65,AERONCA 65 Super Chief,L1P,L
A3D479,N346K,C72R,CESSNA 172R Cutlass RG,L1P,L
A3DE79,N3488C,C170,CESSNA 170,L1P,L
A3E379,N35LL,AEST,AEROSTAR 600,L2P,L
A3E479,N35WS,C82R,CESSNA R182 Skylane RG,L1P,L
A3E679,N350TC,BE10,BEECH 100 King Air,L2T,L
A3E879,N35090,C177,CESSNA  177 Cardinal,L1P,L
A3EC79,N352CM,PA46,PIPER PA-46-310/350,L1P,L
A3F479,N354JH,P28R,PIPER PA-28R-180/200/201,L1P,L
A3F579,N354UP,B763,BOEING 767-300,L2J,H
A3F779,N355B,J3,PIPER J-3 Cub,L1P,L
A3FA79,N3555T,TF19,TAYLORCRAFT F-19 Sportsman,L1P,L
A40179,N3572N,J3,PIPER J-3 Cub,L1P,L
A40279,N3579Z,PA18,PIPER PA-18 Super Cub,L1P,L
A40479,N358W,M20P,MOONEY M-20,L1P,L
A40F79,N3606C,C180,CESSNA  180 Skywagon,L1P,L
A41079,N361ET,EAGL,CHRISTEN Eagle,L1P,L
A41379,N3618F,A319,AIRBUS A-319,L2J,M
A41A79,N3635A,AEST,AEROSTAR 600,L2P,L
A41B79,N364DF,BE36,BEECH 36 Bonanza,L1P,L
A41E79,N3647D,C310,CESSNA 310,L2P,L
A42179,N36516,P32R,PIPER PA-32R-300/301/301T,L1P,L
A42379,N366KB,RV4,VANS RV-4,L1P,L
A42979,N3676B,CH75,ZENAIR CH-750 Cruzer,L1P,L
A42A79,N368ES,C72R,CESSNA 172R Cutlass RG,L1P,L
A42C79,N36804,P28R,PIPER PA-28R-180/200/201,L1P,L
A42D79,N3688E,AR11,AERONCA 11 Chief,L1P,L
A42F79,N369TW,C172,CESSNA 172 Skyhawk,L1P,L
A43079,N36927,AR6T,AERONCA 65 Tandem,L1P,L
A43179,N37AG,PTS1,PITTS S-1 Special,L1P,L
A43679,N3702R,C172,CESSNA 172 Skyhawk,L1P,L
A43979,N371WC,PULS,Pulsar,L1P,L
A43A79,N3714U,C182,CESSNA 182 Skylane,L1P,L
A43B79,N372CP,C82T,CESSNA TR182 Turbo Skylane RG,L1P,L
A44A79,N376E,RV9,VANS RV-9,L1P,L
A45079,N3772Q,BE35,BEECH 35 Starfire Bonanza,L1P,L
A45779,N379Z,,,,
A45A79,N38RS,R66,ROBINSON R-66,H1T,L
A45E79,N3806E,AR11,AERONCA 11 Chief,L1P,L
A46179,N38107,J3,PIPER J-3 Cub,L1P,L
A46479,N382TZ,RV6,VANS RV-6,L1P,L
A46579,N3823,ZZZZ,,-0-,-
A46679,N383AK,AS50,AEROSPATIALE AS-350 Ecureuil,H1T,L
A46979,N3835C,C310,CESSNA 310,L2P,L
A47179,N3859J,C150,CESSNA 150,L1P,L
A47479,N3864A,GLID,,L0-,-
A47879,N3876D,C182,CESSNA 182 Skylane,L1P,L
A47A79,N388R,TRDO,TITAN Tornado SS,L1P,L
A48279,N39WW,GLID,,L0-,-
A48379,N390HA,A332,AIRBUS A-330-200,L2J,H
A48979,N3914W,PA32,PIPER PA-32,L1P,L
A48D79,N3926Z,PA18,PIPER PA-18 Super Cub,L1P,L
A48F79,N393RV,,,,
A49079,N3931R,T6,NORTH AMERICAN T-6 Texan,L1P,L
A49279,N394JM,SR22,CIRRUS SR-22,L1P,L
A49679,N395MK,L39,LET L-39 Albatros,L1J,L
A4A379,N3984V,C150,CESSNA 150,L1P,L
A4AA79,N40BZ,COL4,CESSNA 400 Corvalis TT,L1P,L
A4AB79,N40NE,C208,CESSNA 208 Caravan,L1T,L
A4AD79,N400JR,P28A,PIPER PA-28-140/150/160/180,L1P,L
A4AF79,N4003Y,SS2P,ROCKWELL Thrush Commander,L1P,L
A4B079,N401BH,COL4,CESSNA 400 Corvalis TT,L1P,L
A4B179,N401MP,P210,CESSNA P210 Centurion,L1P,L
A4B479,N402EF,CL30,BOMBARDIER BD-100 Challenger 300,L2J,M
A4B679,N4020T,BALL,,B0-,-
A4BA79,N4032W,PA32,PIPER PA-32,L1P,L
A4BB79,N40397,BALL,,B0-,-
A4BC79,N404LB,BALL,,B0-,-
A4BD79,N404WH,PA22,PIPER PA-22,L1P,L
A4BE79,N4044Z,PA18,PIPER PA-18 Super Cub,L1P,L
A4BF79,N405CU,P40,CURTISS P-40 Kittyhawk,L1P,L
A4C279,N40562,BALL,,B0-,-
A4C579,N4061U,C150,CESSNA 150,L1P,L
A4C679,N40685,J5,PIPER J-5 Cub Cruiser,L1P,L
A4CD79,N40850,P28A,PIPER PA-28-140/150/160/180,L1P,L
A4D079,N4090S,BE36,BEECH 36 Bonanza,L1P,L
A4D179,N40973,L29,AERO L-29 Delfin,L1J,L
A4D279,N41HC,BE36,BEECH 36 Bonanza,L1P,L
A4D379,N41TJ,P46T,PIPER PA-46-500TP,L1T,L
A4D479,N410DP,RV10,VANS RV-10,L1P,L
A4D679,N4100A,CH7A,BELLANCA 7 Champion,L1P,L
A4D779,N4107M,PA12,PIPER PA-12 Super Cruiser,L1P,L
A4D879,N411GM,C25B,CESSNA 525B Citation CJ3,L2J,L
A4D979,N411ST,CL35,BOMBARDIER BD-100 Challenger 350,L2J,M
A4DA79,N4112D,PA31,PIPER PA-31-300/310/325/350/425,L2P,L
A4DC79,N412KK,B06,BELL 206 JetRanger,H1T,L
A4DE79,N4124G,SONX,SONEX AIRCRAFT Sonex,L1P,L
A4DF79,N413CB,BALL,,B0-,-
A4E579,N4141B,BL17,BELLANCA 17 Viking,L1P,L
A4E979,N4153E,PA36,PIPER PA-36 Pawnee Brave,L1P,L
A4ED79,N4165H,PA15,PIPER PA-15 Vagabond,L1P,L
A4F079,N4170,T34P,BEECH T-34 Mentor,L1P,L
A4F179,N4177L,P28A,PIPER PA-28-140/150/160/180,L1P,L
A4F479,N4182C,CJ6,NANCHANG CJ-6,L1P,L
A4F979,N42CA,DISC,SCHEMPP-HIRTH Discus,L1P,L
A50079,N421MR,C421,CESSNA 421 Executive Commuter,L2P,L
A50179,N421XX,C421,CESSNA 421 Executive Commuter,L2P,L
A50579,N4220V,C170,CESSNA 170,L1P,L
A50879,N423TM,C421,CESSNA 421 Executive Commuter,L2P,L
A50A79,N42399,J3,PIPER J-3 Cub,L1P,L
A50D79,N42441,C182,CESSNA 182 Skylane,L1P,L
A51179,N42564,C182,CESSNA 182 Skylane,L1P,L
A51379,N426S,PA31,PIPER PA-31-300/310/325/350/425,L2P,L
A51579,N42687,C182,CESSNA 182 Skylane,L1P,L
A51679,N427JS,BE30,BEECH 300 Super King Air,L2T,L
A51879,N4273Z,PA18,PIPER PA-18 Super Cub,L1P,L
A51A79,N428MQ,C82S,CESSNA T182 Turbo Skylane,L1P,L
A51C79,N42852,C182,CESSNA 182 Skylane,L1P,L
A51D79,N429EG,P28A,PIPER PA-28-140/150/160/180,L1P,L
A52079,N42975,C182,CESSNA 182 Skylane,L1P,L
A52279,N43TL,PA24,PIPER PA-24 Comanche,L1P,L
A52479,N430PX,,,,
A52579,N4300C,CH7A,BELLANCA 7 Champion,L1P,L
A52679,N4307P,PA23,PIPER PA-23,L2P,L
A52979,N4312F,P28A,PIPER PA-28-140/150/160/180,L1P,L
A52A79,N4319S,BE95,BEECH 95 Travel Air,L2P,L
A52D79,N4324J,P28A,PIPER PA-28-140/150/160/180,L1P,L
A53179,N4336M,C188,CESSNA 188 AgTruck,L1P,L
A53479,N4341D,P32R,PIPER PA-32R-300/301/301T,L1P,L
A53579,N4348Q,RV6,VANS RV-6,L1P,L
A54779,N4394H,M20P,MOONEY M-20,L1P,L
A54979,N44NJ,LJ45,LEARJET 45,L2J,M
A54F79,N441MT,BALL,,B0-,-
A55279,N442EK,R44,ROBINSON R-44 Raven,H1P,L
A55579,N44278,CH7A,BELLANCA 7 Champion,L1P,L
A55679,N443HH,R44,ROBINSON R-44 Raven,H1P,L
A55979,N444A,C68A,CESSNA 680 Citation Latitude,L2J,M
A55A79,N444LF,LNC4,LANCAIR 4,L1P,L
A55C79,N44443,P28R,PIPER PA-28R-180/200/201,L1P,L
A56079,N44566,P28A,PIPER PA-28-140/150/160/180,L1P,L
A56279,N446SB,DA40,DIAMOND DA-40 Club Star,L1P,L
A56379,N4461Y,PA25,PIPER PA-25 Pawnee,L1P,L
A56679,N447V,RV10,VANS RV-10,L1P,L
A56E79,N4490W,BE95,BEECH 95 Travel Air,L2P,L
A57079,N45HG,LJ45,LEARJET 45,L2J,M
A57279,N450DT,GLF4,GULFSTREAM 4,L2J,M
A57479,N4500E,AS26,SCHLEICHER ASH-26,L1P,L
A57579,N4507R,P28R,PIPER PA-28R-180/200/201,L1P,L
A57979,N4519U,BALL,,B0-,-
A58079,N4536P,AA5,AMERICAN AA-5 Tiger,L1P,L
A58279,N454RK,SR22,CIRRUS SR-22,L1P,L
A58379,N4541F,C185,CESSNA 185 Skywagon,L1P,L
A58B79,N4565M,PA11,PIPER PA-11 Cub Special,L1P,L
A58C79,N457DS,GLF4,GULFSTREAM 4,L2J,M
A58E79,N4570D,BE35,BEECH 35 Starfire Bonanza,L1P,L
A59779,N46CE,BE20,BEECH 200 Super King Air,L2T,M
A59C79,N46034,C152,CESSNA 152,L1P,L
A5A079,N46157,C172,CESSNA 172 Skyhawk,L1P,L
A5A779,N46322,C172,CESSNA 172 Skyhawk,L1P,L
A5A879,N464AB,DRON,,D0-,-
A5AD79,N465PF,PA18,PIPER PA-18 Super Cub,L1P,L
A5B379,N4669A,C152,CESSNA 152,L1P,L
A5B679,N46733,C152,CESSNA 152,L1P,L
A5BE79,N46979,BALL,,B0-,-
A5BF79,N47HJ,TAIL,WITTMAN Tailwind,L1P,L
A5C379,N4700G,GLID,,L0-,-
A5C479,N4707T,C82R,CESSNA R182 Skylane RG,L1P,L
A5C579,N471GT,ULAC,,L0-,-
A5C779,N4712K,P210,CESSNA P210 Centurion,L1P,L
A5C879,N4719W,AC11,NORTH AMERICAN ROCKWELL Commander 112/114,L1P,L
A5CC79,N473CH,H47,BOEING-VERTOL CH-47 Chinook,H2T,M
A5D279,N4741H,PA11,PIPER PA-11 Cub Special,L1P,L
A5D379,N4748U,C180,CESSNA  180 Skywagon,L1P,L
A5D479,N475JD,T206,CESSNA T206 Turbo Stationair,L1P,L
A5D779,N476AW,S61,SIKORSKY S-61 Sea King,H2T,M
A5DD79,N4770F,P28A,PIPER PA-28-140/150/160/180,L1P,L
A5DE79,N4777S,C182,CESSNA 182 Skylane,L1P,L
A5DF79,N478GS,GLF4,GULFSTREAM 4,L2J,M
A5E579,N4794M,BE95,BEECH 95 Travel Air,L2P,L
A5E679,N48CG,F900,DASSAULT Falcon 900,L3J,M
A5EA79,N480VE,DRON,,D0-,-
A5EC79,N481BR,P180,PIAGGIO P-180 Avanti,L2T,L
A5F379,N4828B,C152,CESSNA 152,L1P,L
A5FE79,N4857,,,,
A60179,N48612,J3,PIPER J-3 Cub,L1P,L
A60279,N4869C,C185,CESSNA 185 Skywagon,L1P,L
A60C79,N48900,C152,CESSNA 152,L1P,L
A60F79,N49TS,SRAI,GREAT PLAINS Sonerai,L1P,L
A61279,N4900J,P28R,PIPER PA-28R-180/200/201,L1P,L
A61579,N491TA,A320,AIRBUS A-320,L2J,M
A61B79,N493CK,CB1,HATZ CB-1 Classic,L1P,L
A61E79,N4936T,C82R,CESSNA R182 Skylane RG,L1P,L
A62579,N4953N,C182,CESSNA 182 Skylane,L1P,L
A62C79,N4970H,PA11,PIPER PA-11 Cub Special,L1P,L
A62D79,N4977U,C210,CESSNA 201 Centurion,L1P,L
A62F79,N498T,BE35,BEECH 35 Starfire Bonanza,L1P,L
A63579,N5CJ,KR2,RAND KR-2,L1P,L
A63779,N5YW,BALL,,B0-,-
A63879,N50KA,DHC3,DE HAVILLAND DHC-3 Otter,L1P,L
A63979,N50VG,SF50,CIRRUS SF-50 Vision,L1J,L
A63B79,N500RT,H500,HUGHES 500,H1T,L
A63E79,N501JK,AT3T,AIR TRACTOR AT-302/402,L1T,L
A64079,N5013S,P28R,PIPER PA-28R-180/200/201,L1P,L
A64179,N502BB,AT5T,AIR TRACTOR AT-504,L1T,L
A64279,N502MH,AT5T,AIR TRACTOR AT-504,L1T,L
A64379,N502XP,AT5T,AIR TRACTOR AT-504,L1T,L
A64479,N5025V,ULAC,,L0-,-
A64579,N503E,C172,CESSNA 172 Skyhawk,L1P,L
A64679,N503QF,C56X,CESSNA 560XL Citation XLS,L2J,M
A64779,N5030M,TAYB,TAYLORCRAFT BC/BF/BL,L1P,L
A64B79,N5042Q,BL8,BELLANCA 8 Decathlon,L1P,L
A64F79,N5054T,T206,CESSNA T206 Turbo Stationair,L1P,L
A65179,N506NU,,,,
A65479,N507FL,P28A,PIPER PA-28-140/150/160/180,L1P,L
A65579,N507RS,RV8,VANS RV-8,L1P,L
A65779,N5078Z,PA22,PIPER PA-22,L1P,L
A65A79,N5083R,C185,CESSNA 185 Skywagon,L1P,L
A65B79,N509BA,A5,ICON A-5,A1P,L
A66479,N5105C,BE35,BEECH 35 Starfire Bonanza,L1P,L
A66C79,N5129J,SR20,CIRRUS SR-20,L1P,L
A66D79,N513KD,F2TH,DASSAULT Falcon 2000,L2J,M
A67079,N514BW,L11,TEMCO Sedan,L1P,L
A67379,N5146D,C182,CESSNA 182 Skylane,L1P,L
A67579,N515R,QIC2,QUICKIE Q2,L1P,L
A67879,N516HS,,,,
A67A79,N51629,M5,MAULE M-5,L1P,L
A67E79,N5175B,AT3T,AIR TRACTOR AT-302/402,L1T,L
A68279,N5187E,C172,CESSNA 172 Skyhawk,L1P,L
A68379,N519GE,LJ35,LEARJET 35,L2J,M
A68779,N52KC,P28R,PIPER PA-28R-180/200/201,L1P,L
A68A79,N520RV,RV14,VANS RV-14,L1P,L
A68B79,N5201R,C172,CESSNA 172 Skyhawk,L1P,L
A68C79,N52082,C172,CESSNA 172 Skyhawk,L1P,L
A68D79,N521JM,PA31,PIPER PA-31-300/310/325/350/425,L2P,L
A68F79,N5213U,C162,CESSNA 162 Skycatcher,L1P,L
A69079,N522BD,F2TH,DASSAULT Falcon 2000,L2J,M
A69179,N522MK,PA46,PIPER PA-46-310/350,L1P,L
A69479,N523EB,,,,
A69679,N5230P,PA24,PIPER PA-24 Comanche,L1P,L
A69879,N524H,ULAC,,L0-,-
A69979,N525TF,C25M,CESSNA 525 Citation M2,L2J,L
A69A79,N5242S,PA32,PIPER PA-32,L1P,L
A69B79,N52493,C77R,CESSNA 177RG Cardinal RG,L1P,L
A69C79,N525KY,C25A,CESSNA 525A Citation CJ2,L2J,L
A69D79,N525WD,C25A,CESSNA 525A Citation CJ2,L2J,L
A69E79,N5254V,C72R,CESSNA 172R Cutlass RG,L1P,L
A6A579,N5271Q,C150,CESSNA 150,L1P,L
A6A679,N52781,C182,CESSNA 182 Skylane,L1P,L
A6A779,N528JL,FA10,DASSAULT Falcon 100,L2J,M
A6A979,N5283T,P28R,PIPER PA-28R-180/200/201,L1P,L
A6B079,N530AM,C150,CESSNA 150,L1P,L
A6B379,N5305E,BALL,,B0-,-
A6B779,N5317H,C172,CESSNA 172 Skyhawk,L1P,L
A6B979,N532SP,GLF5,GULFSTREAM 5,L2J,M
A6BA79,N5322,FA50,DASSAULT Falcon 50,L3J,M
A6BE79,N5334C,C140,CESSNA 140,L1P,L
A6C479,N535RB,AEST,AEROSTAR 600,L2P,L
A6C679,N5358J,P46T,PIPER PA-46-500TP,L1T,L
A6CD79,N5375D,C180,CESSNA  180 Skywagon,L1P,L
A6D179,N5387G,COUR,HELIO Courier,L1P,L
A6D479,N53919,CH7B,BELLANCA 7 Citabria,L1P,L
A6D579,N5399K,C172,CESSNA 172 Skyhawk,L1P,L
A6D779,N54VL,SR22,CIRRUS SR-22,L1P,L
A6DC79,N541JP,RV8,VANS RV-8,L1P,L
A6E779,N544HB,FOX,KITFOX,L1P,L
A6E879,N544TH,C172,CESSNA 172 Skyhawk,L1P,L
A6E979,N5442U,BE35,BEECH 35 Starfire Bonanza,L1P,L
A6EB79,N545L,TAIL,WITTMAN Tailwind,L1P,L
A6EE79,N546CS,C56X,CESSNA 560XL Citation XLS,L2J,M
A6F579,N54783,PA18,PIPER PA-18 Super Cub,L1P,L
A6F879,N5483V,P51,NORTH AMERICAN P-51 Mustang,L1P,L
A6FC79,N5495Y,PA23,PIPER PA-23,L2P,L
A70079,N550LV,C68A,CESSNA 680 Citation Latitude,L2J,M
A70279,N5505G,C150,CESSNA 150,L1P,L
A70679,N5517K,CH7A,BELLANCA 7 Champion,L1P,L
A70879,N552SR,SR22,CIRRUS SR-22,L1P,L
A70979,N5522B,C182,CESSNA 182 Skylane,L1P,L
A70A79,N5529N,C82R,CESSNA R182 Skylane RG,L1P,L
A70E79,N554C,S108,STINSON 108 Voyager,L1P,L
A71179,N5546H,C82S,CESSNA T182 Turbo Skylane,L1P,L
A71379,N555RD,BE95,BEECH 95 Travel Air,L2P,L
A71479,N5551,RV8,VANS RV-8,L1P,L
A71979,N557AN,MD82,MCDONNELL-DOUGLAS MD-82,L2J,M
A71B79,N557X,RV6,VANS RV-6,L1P,L
A71C79,N5575F,P28A,PIPER PA-28-140/150/160/180,L1P,L
A72179,N559GJ,CRJ7,BOMBARDIER Regional Jet CRJ-700,L2J,M
A72479,N5599M,TAYB,TAYLORCRAFT BC/BF/BL,L1P,L
A72579,N56KG,C560,CESSNA 560 Citation Ultra,L2J,M
A72779,N560FT,C560,CESSNA 560 Citation Ultra,L2J,M
A72A79,N56086,P28R,PIPER PA-28R-180/200/201,L1P,L
A72D79,N5613Y,PARA,,P0-,-
A72E79,N562BH,,,,
A73479,N5630T,C172,CESSNA 172 Skyhawk,L1P,L
A73579,N56374,L5,STINSON Sentinel,L1P,L
A73879,N5642W,BE33,BEECH 33 Bonanza,L1P,L
A73A79,N565LB,BALL,,B0-,-
A74679,N568UW,A321,AIRBUS A-321,L2J,M
A74B79,N56950,P28A,PIPER PA-28-140/150/160/180,L1P,L
A74C79,N57EE,RV4,VANS RV-4,L1P,L
A76179,N575F,B190,BEECH 1900,L2T,M
A76379,N5751B,C182,CESSNA 182 Skylane,L1P,L
A76779,N5763E,C172,CESSNA 172 Skyhawk,L1P,L
A76B79,N5775H,PA18,PIPER PA-18 Super Cub,L1P,L
A77379,N5799P,PA24,PIPER PA-24 Comanche,L1P,L
A77479,N58KJ,,,,
A77A79,N581JT,C185,CESSNA 185 Skywagon,L1P,L
A78479,N58376,J3,PIPER J-3 Cub,L1P,L
A78F79,N58664,C182,CESSNA 182 Skylane,L1P,L
A79179,N587S,BL8,BELLANCA 8 Decathlon,L1P,L
A79679,N5883Z,PA22,PIPER PA-22,L1P,L
A7A479,N5917P,PA24,PIPER PA-24 Comanche,L1P,L
A7A779,N5922F,P28A,PIPER PA-28-140/150/160/180,L1P,L
A7A879,N5929S,BE35,BEECH 35 Starfire Bonanza,L1P,L
A7A979,N593KM,R66,ROBINSON R-66,H1T,L
A7AC79,N594CD,SR20,CIRRUS SR-20,L1P,L
A7B179,N595RH,C56X,CESSNA 560XL Citation XLS,L2J,M
A7B279,N5951D,PA22,PIPER PA-22,L1P,L
A7B379,N5958Q,M20P,MOONEY M-20,L1P,L
A7B479,N596J,JAB4,JABIRU J200-450,L1P,L
A7B679,N5963G,C150,CESSNA 150,L1P,L
A7B779,N597AS,B738,BOEING 737-800,L2J,M
A7BC79,N598PW,GLID,,L0-,-
A7C479,N6VS,GLID,,L0-,-
A7C579,N60FX,BE65,BEECH 65 Queen Air,L2P,L
A7C679,N60SC,CRUZ,CSA PS-28 Cruiser,L1P,L
A7C779,N600CH,E545,EMBRAER EMB545 Praetor 500,L2J,M
A7CA79,N6006R,C172,CESSNA 172 Skyhawk,L1P,L
A7CC79,N601RM,ULAC,,L0-,-
A7D079,N602UK,SR22,CIRRUS SR-22,L1P,L
A7D179,N6023L,,,,
A7D279,N603AW,SBR1,NORTH AMERICAN Sabre 40/50/60/65,L2J,M
A7D579,N6035P,PA24,PIPER PA-24 Comanche,L1P,L
A7D779,N604Q,BE35,BEECH 35 Starfire Bonanza,L1P,L
A7D879,N6040F,BE35,BEECH 35 Starfire Bonanza,L1P,L
A7D979,N6047S,BE58,BEECH 58 Baron,L2P,L
A7DC79,N6052J,C82S,CESSNA T182 Turbo Skylane,L1P,L
A7DD79,N6059V,CH7A,BELLANCA 7 Champion,L1P,L
A7DF79,N606VW,,,,
A7E079,N6064M,C82S,CESSNA T182 Turbo Skylane,L1P,L
A7E279,N607NN,CRJ9,BOMBARDIER Regional Jet CRJ-900,L2J,M
A7E579,N608FE,MD11,MCDONNELL-DOUGLAS MD-11,L3J,H
A7E779,N6081G,AEST,AEROSTAR 600,L2P,L
A7EB79,N6093K,AS50,AEROSPATIALE AS-350 Ecureuil,H1T,L
A7EF79,N610HM,C182,CESSNA 182 Skylane,L1P,L
A7F279,N611AD,C82S,CESSNA T182 Turbo Skylane,L1P,L
A7FA79,N613G,RV6,VANS RV-6,L1P,L
A7FD79,N6139C,ERCO,AIR PRODUCTS F-1 Aircoupe,L1P,L
A80279,N615MW,MT,ROTORSPORT MTOSport,G1P,L
A80779,N61600,ST75,STEARMAN Kaydet,L1P,L
A80D79,N618LJ,DRON,,D0-,-
A80F79,N61846,C172,CESSNA 172 Skyhawk,L1P,L
A81379,N61969,C172,CESSNA 172 Skyhawk,L1P,L
A81679,N620CK,S61,SIKORSKY S-61 Sea King,H2T,M
A81979,N6206T,,,,
A81C79,N6211K,C150,CESSNA 150,L1P,L
A82779,N6240H,P28A,PIPER PA-28-140/150/160/180,L1P,L
A82879,N6247U,M20P,MOONEY M-20,L1P,L
A82A79,N625T,BL8,BELLANCA 8 Decathlon,L1P,L
A82B79,N6252L,,,,
A82D79,N626KS,CL60,BOMBARDIER CL-600 Challenger,L2J,M
A82E79,N626VY,,,,
A83779,N6288V,BE55,BEECH 55 Baron,L2P,L
A83C79,N63MC,AS50,AEROSPATIALE AS-350 Ecureuil,H1T,L
A84079,N63026,BL17,BELLANCA 17 Viking,L1P,L
A84179,N631AF,C206,CESSNA  206 Stationair,L1P,L
A84479,N63149,C150,CESSNA 150,L1P,L
A84879,N6327B,C182,CESSNA 182 Skylane,L1P,L
A84C79,N6339E,C172,CESSNA 172 Skyhawk,L1P,L
A84D79,N634K,COL4,CESSNA 400 Corvalis TT,L1P,L
A84F79,N63437,C150,CESSNA 150,L1P,L
A85079,N635BS,DRON,,D0-,-
A85379,N6356,B47G,BELL 47G,H1P,L
A85779,N6368C,BT36,BEECH B36TC Bonanza,L1P,L
A85B79,N638AE,E145,EMBRAER ERJ-145,L2J,M
A85C79,N638LL,T34P,BEECH T-34 Mentor,L1P,L
A85E79,N63848,PA18,PIPER PA-18 Super Cub,L1P,L
A86079,N639PJ,L39,LET L-39 Albatros,L1J,L
A86279,N6397A,PA38,PIPER PA-38 Tomahawk,L1P,L
A86379,N64GA,S22T,CIRRUS SR-22T Turbo,L1P,L
A86479,N64SG,COL4,CESSNA 400 Corvalis TT,L1P,L
A86B79,N6411M,S108,STINSON 108 Voyager,L1P,L
A86C79,N6418Y,PA23,PIPER PA-23,L2P,L
A86F79,N6423Q,M20P,MOONEY M-20,L1P,L
A87679,N6440K,RC3,REPUBLIC RC-3 Seabee,A1P,L
A87779,N6447W,P28A,PIPER PA-28-140/150/160/180,L1P,L
A87E79,N6464R,C72R,CESSNA 172R Cutlass RG,L1P,L
A88279,N6476U,M20P,MOONEY M-20,L1P,L
A88379,N648FJ,F2TH,DASSAULT Falcon 2000,L2J,M
A88979,N6493P,PA24,PIPER PA-24 Comanche,L1P,L
A88C79,N65XL,,,,
A88F79,N65028,,,,
A89079,N651AH,DRON,,D0-,-
A89479,N652DF,RS21,RANS S-21 Outbound,L1P,L
A89B79,N6539G,C150,CESSNA 150,L1P,L
A89E79,N65439,C152,CESSNA 152,L1P,L
A8A079,N655N,WACO,WACO E/O,L1P,L
A8A279,N6556B,M20P,MOONEY M-20,L1P,L
A8A679,N6568E,C172,CESSNA 172 Skyhawk,L1P,L
A8A979,N65727,ST75,STEARMAN Kaydet,L1P,L
A8AA79,N658AG,C25C,CESSNA 525C Citation CJ4,L2J,M
A8B179,N6597C,C414,CESSNA 414 Chancellor,L2P,L
A8B279,N66GC,AEST,AEROSTAR 600,L2P,L
A8B379,N66SJ,SA30,STOLP Starduster Too,L1P,L
A8B479,N660CP,B737,BOEING 737-700,L2J,M
A8BA79,N6611P,PA24,PIPER PA-24 Comanche,L1P,L
A8BB79,N66180,FOX,KITFOX,L1P,L
A8BC79,N662JK,AT5T,AIR TRACTOR AT-504,L1T,L
A8BE79,N6623S,C150,CESSNA 150,L1P,L
A8C379,N664E,BE35,BEECH 35 Starfire Bonanza,L1P,L
A8C679,N6647Y,PA23,PIPER PA-23,L2P,L
A8C979,N6652Q,G164,GRUMMAN G-164 Ag-Cat,L1P,L
A8CA79,N66591,C150,CESSNA 150,L1P,L
A8CB79,N666KW,PA23,PIPER PA-23,L2P,L
A8CD79,N6664T,C150,CESSNA 150,L1P,L
A8D079,N667Z,PIVI,PIPSTREL Virus,L1P,L
A8D179,N6676W,P28A,PIPER PA-28-140/150/160/180,L1P,L
A8D979,N67BA,C425,CESSNA 425 Corsair,L2T,L
A8E279,N6715C,B752,BOEING 757-200,L2J,M
A8E479,N672PP,E550,EMBRAER EMB-550 Praetor 600,L2J,M
A8EA79,N6739J,P28A,PIPER PA-28-140/150/160/180,L1P,L
A8EB79,N674KD,DRON,,D0-,-
A8ED79,N6744A,C172,CESSNA 172 Skyhawk,L1P,L
A8EE79,N675BW,BE35,BEECH 35 Starfire Bonanza,L1P,L
A8F179,N6756D,BE55,BEECH 55 Baron,L2P,L
A8F479,N67606,B06,BELL 206 JetRanger,H1T,L
A8FB79,N678WW,C172,CESSNA 172 Skyhawk,L1P,L
A90279,N68SL,C680,CESSNA 680 Citation Sovereign,L2J,M
A90879,N681RV,P46T,PIPER PA-46-500TP,L1T,L
A90D79,N6823U,M20P,MOONEY M-20,L1P,L
A91779,N685TF,A4,DOUGLAS A-4 Skyhawk,L1J,M
A91979,N68593,CH7A,BELLANCA 7 Champion,L1P,L
A92579,N689JL,RV7,VANS RV-7,L1P,L
A92879,N69BC,GLAS,Glasair,L1P,L
A92979,N69MJ,PTS1,PITTS S-1 Special,L1P,L
A92C79,N690UA,DH8D,DE HAVILLAND DHC-8-400 Dash 8,L2T,M
A92D79,N6903B,PA22,PIPER PA-22,L1P,L
A93C79,N6944C,P28A,PIPER PA-28-140/150/160/180,L1P,L
A93E79,N695ND,PA44,PIPER PA-44 Seminole,L2P,L
A94279,N696RB,LJ60,LEARJET 60,L2J,M
A94679,N697U,GLID,,L0-,-
A94779,N6973A,C172,CESSNA 172 Skyhawk,L1P,L
A94B79,N6985D,PA18,PIPER PA-18 Super Cub,L1P,L
A95179,N7SN,LJ45,LEARJET 45,L2J,M
A95279,N70CT,BALL,,B0-,-
A95679,N700VR,BE58,BEECH 58 Baron,L2P,L
A95779,N7004G,C172,CESSNA 172 Skyhawk,L1P,L
A95979,N701NH,CH70,ZENAIR CH-701 Stol,L1P,L
A95A79,N701YP,CH70,ZENAIR CH-701 Stol,L1P,L
A95C79,N702F,B38M,BOEING 737 MAX 8,L2J,M
A95F79,N7028N,,,,
A96279,N7033E,R44,ROBINSON R-44 Raven,H1P,L
A96579,N704XB,C150,CESSNA 150,L1P,L
A96679,N7045H,J3,PIPER J-3 Cub,L1P,L
A96779,N705DN,B77L,BOEING 777-200LR,L2J,H
A96A79,N7057L,H269,HUGHES Sky Knight,H1P,L
A96D79,N7062C,T6,NORTH AMERICAN T-6 Texan,L1P,L
A96E79,N7069P,PA24,PIPER PA-24 Comanche,L1P,L
A97679,N709EZ,RV8,VANS RV-8,L1P,L
A97779,N709RE,RV7,VANS RV-7,L1P,L
A97879,N7091A,C172,CESSNA 172 Skyhawk,L1P,L
A97C79,N710EH,RV6,VANS RV-6,L1P,L
A97F79,N71076,C182,CESSNA 182 Skylane,L1P,L
A98179,N711TM,C210,CESSNA 201 Centurion,L1P,L
A98279,N7112Y,BALL,,B0-,-
A98379,N71199,BALL,,B0-,-
A98479,N712LD,PA32,PIPER PA-32,L1P,L
A98779,N713CW,BU31,BUCKER Bu-131 Jungmann,L1P,L
A98A79,N71364,L8,LUSCOMBE 8,L1P,L
A98D79,N7141W,P28A,PIPER PA-28-140/150/160/180,L1P,L
A99179,N7153Z,PA18,PIPER PA-18 Super Cub,L1P,L
A99579,N71652,C182,CESSNA 182 Skylane,L1P,L
A99679,N717EG,SR22,CIRRUS SR-22,L1P,L
A99879,N7170U,M20P,MOONEY M-20,L1P,L
A99B79,N718TL,SR22,CIRRUS SR-22,L1P,L
A9A179,N72CV,PA22,PIPER PA-22,L1P,L
A9A379,N72ZG,T206,CESSNA T206 Turbo Stationair,L1P,L
A9A479,N720KM,P32R,PIPER PA-32R-300/301/301T,L1P,L
A9A779,N721CD,S22T,CIRRUS SR-22T Turbo,L1P,L
A9AA79,N7216M,C175,CESSNA 175 Skylark,L1P,L
A9AB79,N722FB,SR22,CIRRUS SR-22,L1P,L
A9AC79,N722RH,R22,ROBINSON R-22 Mariner,H1P,L
A9AE79,N7228Q,C182,CESSNA 182 Skylane,L1P,L
A9B279,N724AS,CL35,BOMBARDIER BD-100 Challenger 350,L2J,M
A9B579,N7245K,PA18,PIPER PA-18 Super Cub,L1P,L
A9B779,N725PW,CRER,RANS Courier,L1P,L
A9B879,N7250B,BE35,BEECH 35 Starfire Bonanza,L1P,L
A9B979,N7257N,T206,CESSNA T206 Turbo Stationair,L1P,L
A9BC79,N7262E,C182,CESSNA 182 Skylane,L1P,L
A9BE79,N727KL,PIVI,PIPSTREL Virus,L1P,L
A9C179,N728CC,G280,GULFSTREAM G280,L2J,M
A9C479,N7286L,AA5,AMERICAN AA-5 Tiger,L1P,L
A9C679,N729RG,PA32,PIPER PA-32,L1P,L
A9D079,N731TP,P210,CESSNA P210 Centurion,L1P,L
A9D279,N732A,RV6,VANS RV-6,L1P,L
A9D379,N732LF,C210,CESSNA 201 Centurion,L1P,L
A9D779,N733PD,C172,CESSNA 172 Skyhawk,L1P,L
A9D879,N733ZK,C172,CESSNA 172 Skyhawk,L1P,L
A9DB79,N734SB,C172,CESSNA 172 Skyhawk,L1P,L
A9DC79,N7341Y,C82R,CESSNA R182 Skylane RG,L1P,L
A9DD79,N73489,C172,CESSNA 172 Skyhawk,L1P,L
A9DF79,N735V,BE35,BEECH 35 Starfire Bonanza,L1P,L
A9E079,N73531,C172,CESSNA 172 Skyhawk,L1P,L
A9E479,N73654,C172,CESSNA 172 Skyhawk,L1P,L
A9E779,N7370W,P28A,PIPER PA-28-140/150/160/180,L1P,L
A9EA79,N738TN,C172,CESSNA 172 Skyhawk,L1P,L
A9EE79,N739WL,C172,CESSNA 172 Skyhawk,L1P,L
A9F079,N74CX,ZZZZ,,-0-,-
A9F979,N7416P,PA24,PIPER PA-24 Comanche,L1P,L
A9FA79,N742FD,A30B,AIRBUS A-300-200,L2J,H
A9FE79,N743JB,BL8,BELLANCA 8 Decathlon,L1P,L
AA0079,N7433J,P28R,PIPER PA-28R-180/200/201,L1P,L
AA0579,N745DS,DA40,DIAMOND DA-40 Club Star,L1P,L
AA0879,N7457Q,C182,CESSNA 182 Skylane,L1P,L
AA0A79,N746SW,B737,BOEING 737-700,L2J,M
AA0C79,N7469T,C172,CESSNA 172 Skyhawk,L1P,L
AA1079,N748CE,PA31,PIPER PA-31-300/310/325/350/425,L2P,L
AA1679,N7491E,C210,CESSNA 201 Centurion,L1P,L
AA1879,N75JA,RV6,VANS RV-6,L1P,L
AA1A79,N750EM,,,,
AA1B79,N750QT,CH75,ZENAIR CH-750 Cruzer,L1P,L
AA1E79,N751HK,RV8,VANS RV-8,L1P,L
AA1F79,N751TR,SW4,SWEARINGEN Metro,L2T,M
AA2479,N75245,BALL,,B0-,-
AA2B79,N75410,B739,BOEING 737-900,L2J,M
AA3079,N756BN,T206,CESSNA T206 Turbo Stationair,L1P,L
AA3379,N75656,,,,
AA3579,N757QS,CL35,BOMBARDIER BD-100 Challenger 350,L2J,M
AA3679,N7570Y,C82R,CESSNA R182 Skylane RG,L1P,L
AA3B79,N759AA,C182,CESSNA 182 Skylane,L1P,L
AA3C79,N759LG,C182,CESSNA 182 Skylane,L1P,L
AA3D79,N759WN,C182,CESSNA 182 Skylane,L1P,L
AA3E79,N75944,C172,CESSNA 172 Skyhawk,L1P,L
AA4079,N76PE,B06,BELL 206 JetRanger,H1T,L
AA4479,N7604N,BE36,BEECH 36 Bonanza,L1P,L
AA4579,N761CH,T210,CESSNA T210 Turbo Centurion,L1P,L
AA4879,N7616R,BE23,BEECH 23 Sundowner,L1P,L
AA4979,N762FF,DRON,,D0-,-
AA4B79,N7621H,PA12,PIPER PA-12 Super Cruiser,L1P,L
AA5679,N7650F,PA34,PIPER PA-34 Seneca,L2P,L
AA5A79,N7662J,P28R,PIPER PA-28R-180/200/201,L1P,L
AA5B79,N7669V,A9,NORTH AMERICAN ROCKWELL A-9 Sparrow Commander,L1P,L
AA5E79,N7674M,C175,CESSNA 175 Skylark,L1P,L
AA5F79,N768CG,C182,CESSNA 182 Skylane,L1P,L
AA6279,N7686Q,S76,SIKORSKY S-76 Spirit,H2T,L
AA6579,N7691G,C182,CESSNA 182 Skylane,L1P,L
AA6679,N7698T,C172,CESSNA 172 Skyhawk,L1P,L
AA6779,N77JC,PTS1,PITTS S-1 Special,L1P,L
AA6C79,N7708B,J3,PIPER J-3 Cub,L1P,L
AA6D79,N771HM,F2TH,DASSAULT Falcon 2000,L2J,M
AA7979,N774SF,P210,CESSNA P210 Centurion,L1P,L
AA7A79,N77412,C120,CESSNA 120,L1P,L
AA7E79,N77535,B738,BOEING 737-800,L2J,M
AA8279,N77658,FA24,FAIRCHILD F-24 Argus,L1P,L
AA8379,N777EN,EAGL,CHRISTEN Eagle,L1P,L
AA8A79,N779AC,RV6,VANS RV-6,L1P,L
AA8D79,N77946,L8,LUSCOMBE 8,L1P,L
AA8E79,N78DA,BE10,BEECH 100 King Air,L2T,L
AA8F79,N78PG,PC12,PILATUS PC-12,L1T,L
AA9479,N781CK,PA31,PIPER PA-31-300/310/325/350/425,L2P,L
AA9779,N7816T,,,,
AA9979,N782RP,F900,DASSAULT Falcon 900,L3J,M
AA9A79,N7821K,C180,CESSNA  180 Skywagon,L1P,L
AA9B79,N7828W,P28A,PIPER PA-28-140/150/160/180,L1P,L
AA9E79,N7833N,P28A,PIPER PA-28-140/150/160/180,L1P,L
AAA279,N7845R,BE35,BEECH 35 Starfire Bonanza,L1P,L
AAA579,N7850H,PA12,PIPER PA-12 Super Cruiser,L1P,L
AAA679,N7857U,C172,CESSNA 172 Skyhawk,L1P,L
AAAB79,N787KS,PA24,PIPER PA-24 Comanche,L1P,L
AAB279,N789FG,PA18,PIPER PA-18 Super Cub,L1P,L
AAB579,N7898V,M20P,MOONEY M-20,L1P,L
AAB879,N790ER,DA42,DIAMOND DA-42 Guardian,L2P,L
AABE79,N79126,C172,CESSNA 172 Skyhawk,L1P,L
AABF79,N792AF,,,,
AAC079,N792LM,,,,
AAC279,N79249,C172,CESSNA 172 Skyhawk,L1P,L
AACA79,N7949E,C150,CESSNA 150,L1P,L
AAD579,N7978C,P28B,PIPER PA-28-201T/235/236,L1P,L
AAD879,N79825,M20P,MOONEY M-20,L1P,L
AADC79,N79948,C172,CESSNA 172 Skyhawk,L1P,L
AADE79,N8PJ,PRM1,RAYTHEON 390 Premier 1,L2J,L
AADF79,N8ZQ,PTS2,PITTS S-2 Special,L1P,L
AAE279,N800GF,C25A,CESSNA 525A Citation CJ2,L2J,L
AAE379,N800SM,C421,CESSNA 421 Executive Commuter,L2P,L
AAE479,N80018,P28R,PIPER PA-28R-180/200/201,L1P,L
AAE879,N8014A,C170,CESSNA 170,L1P,L
AAE979,N802BW,AT8T,AIR TRACTOR AT-802,L1T,M
AAEA79,N802NB,AT8T,AIR TRACTOR AT-802,L1T,M
AAEF79,N80306,BE17,BEECH 17 Staggerwing,L1P,L
AAF079,N8038G,GSIS,INNOAVIATION Genesis,L1P,L
AAF179,N804HS,S22T,CIRRUS SR-22T Turbo,L1P,L
AAF379,N80429,BE35,BEECH 35 Starfire Bonanza,L1P,L
AAF479,N805AJ,T206,CESSNA T206 Turbo Stationair,L1P,L
AAF779,N8055B,C172,CESSNA 172 Skyhawk,L1P,L
AAFB79,N8067E,,,,
AAFE79,N80717,GC1,GLOBE Swift,L1P,L
AB0479,N809NA,U2,LOCKHEED U-2,L1J,M
AB0979,N810BD,DUCE,BAKENG Duce,L1P,L
AB0D79,N811EB,RV7,VANS RV-7,L1P,L
AB0F79,N8110P,PA24,PIPER PA-24 Comanche,L1P,L
AB1179,N812H,RV14,VANS RV-14,L1P,L
AB1379,N8122S,C150,CESSNA 150,L1P,L
AB1979,N814NW,A333,AIRBUS A-330-300,L2J,H
AB1B79,N8146Y,P32R,PIPER PA-32R-300/301/301T,L1P,L
AB1E79,N8151Q,C414,CESSNA 414 Chancellor,L2P,L
AB1F79,N81581,PP3,PILATUS P-3,L1P,L
AB2279,N8163T,P28A,PIPER PA-28-140/150/160/180,L1P,L
AB2379,N817BC,B712,BOEING 717-200,L2J,M
AB2479,N817MJ,PA46,PIPER PA-46-310/350,L1P,L
AB2779,N818EA,DRON,,D0-,-
AB2D79,N8192R,BE36,BEECH 36 Bonanza,L1P,L
AB3079,N82WC,MU2,MITSUBISHI MU-2 Marquise,L2T,L
AB3179,N820GH,BE36,BEECH 36 Bonanza,L1P,L
AB3279,N820SP,MC45,MEYERS MAC-145,L1P,L
AB3479,N8209L,C172,CESSNA 172 Skyhawk,L1P,L
AB3779,N8214C,PA18,PIPER PA-18 Super Cub,L1P,L
AB3B79,N8226F,C150,CESSNA 150,L1P,L
AB4279,N8243A,PA32,PIPER PA-32,L1P,L
AB4379,N825AL,BE23,BEECH 23 Sundowner,L1P,L
AB4D79,N82719,PA18,PIPER PA-18 Super Cub,L1P,L
AB5179,N8284B,P28R,PIPER PA-28R-180/200/201,L1P,L
AB5579,N8296E,C172,CESSNA 172 Skyhawk,L1P,L
AB5779,N83RA,PA31,PIPER PA-31-300/310/325/350/425,L2P,L
AB5B79,N8305Z,C210,CESSNA 201 Centurion,L1P,L
AB5C79,N831ED,SR22,CIRRUS SR-22,L1P,L
AB6279,N8322U,C172,CESSNA 172 Skyhawk,L1P,L
AB6379,N83295,CH7A,BELLANCA 7 Champion,L1P,L
AB6479,N833L,BE95,BEECH 95 Travel Air,L2P,L
AB6679,N8334X,C172,CESSNA 172 Skyhawk,L1P,L
AB6779,N834CS,EC35,AIRBUS HELICOPTERS EC-135/635,H2T,L
AB6A79,N83460,CH7A,BELLANCA 7 Champion,L1P,L
AB6E79,N83583,CH7A,BELLANCA 7 Champion,L1P,L
AB7379,N837ML,BT36,BEECH B36TC Bonanza,L1P,L
AB7579,N8375Y,PA30,PIPER PA-30 Twin Comanche,L2P,L
AB7979,N83871,CH7A,BELLANCA 7 Champion,L1P,L
AB7C79,N8392T,P28R,PIPER PA-28R-180/200/201,L1P,L
AB7D79,N83994,CH7A,BELLANCA 7 Champion,L1P,L
AB7F79,N84WE,C82S,CESSNA T182 Turbo Skylane,L1P,L
AB8179,N840SR,SREY,PROGRESSIVE AERODYNE SeaRey,A1P,L
AB8279,N8402B,P28B,PIPER PA-28-201T/235/236,L1P,L
AB8379,N8409N,CRJ2,BOMBARDIER Regional Jet CRJ-200,L2J,M
AB8779,N842C,S108,STINSON 108 Voyager,L1P,L
AB8D79,N8431,ZZZZ,,-0-,-
AB9579,N8455F,P32R,PIPER PA-32R-300/301/301T,L1P,L
AB9679,N846DL,C172,CESSNA 172 Skyhawk,L1P,L
AB9779,N846PS,F5,NORTHROP F-5 Tiger 2,L2J,M
AB9D79,N8479M,C182,CESSNA 182 Skylane,L1P,L
ABA579,N85EX,,,,
ABA679,N85RC,SA30,STOLP Starduster Too,L1P,L
ABAB79,N851EF,SR20,CIRRUS SR-20,L1P,L
ABAD79,N8510T,DHC3,DE HAVILLAND DHC-3 Otter,L1P,L
ABB179,N8522W,P28B,PIPER PA-28-201T/235/236,L1P,L
ABB379,N853LB,SR20,CIRRUS SR-20,L1P,L
ABB579,N8534Z,B738,BOEING 737-800,L2J,M
ABB779,N854P,BE33,BEECH 33 Bonanza,L1P,L
ABB979,N85462,CH7A,BELLANCA 7 Champion,L1P,L
ABBC79,N8551U,C172,CESSNA 172 Skyhawk,L1P,L
ABBD79,N85585,CH7A,BELLANCA 7 Champion,L1P,L
ABC179,N857BG,G109,GROB G-109,L1P,L
ABC479,N85750,CH7A,BELLANCA 7 Champion,L1P,L
ABC579,N858EE,E55P,EMBRAER EMB-505 Phenom 300,L2J,M
ABCB79,N8592V,BL8,BELLANCA 8 Decathlon,L1P,L
ABCC79,N85996,DH82,DE HAVILLAND DH-82 Tiger Moth,L1P,L
ABCD79,N86LA,C25A,CESSNA 525A Citation CJ2,L2J,L
ABD179,N8602D,PA22,PIPER PA-22,L1P,L
ABD579,N8614G,C150,CESSNA 150,L1P,L
ABD679,N862CB,C210,CESSNA 201 Centurion,L1P,L
ABE579,N866DN,B739,BOEING 737-900,L2J,M
ABE679,N866PU,P28A,PIPER PA-28-140/150/160/180,L1P,L
ABEA79,N867SS,SRAI,GREAT PLAINS Sonerai,L1P,L
ABEF79,N8684F,B738,BOEING 737-800,L2J,M
ABF079,N869CA,EC20,AIRBUS HELICOPTERS EC-120,H1T,L
AC0479,N87341,C310,CESSNA 310,L2P,L
AC0879,N87464,C310,CESSNA 310,L2P,L
AC0F79,N8763Z,C206,CESSNA  206 Stationair,L1P,L
AC1379,N87752,J3,PIPER J-3 Cub,L1P,L
AC1679,N8780U,C150,CESSNA 150,L1P,L
AC1779,N87875,PA18,PIPER PA-18 Super Cub,L1P,L
AC1A79,N8792X,C182,CESSNA 182 Skylane,L1P,L
AC1D79,N88WJ,AVID,AVID Flyer,L1P,L
AC1E79,N880GP,ASTR,GULFSTREAM AEROSPACE Gulfstream G100,L2J,M
AC2179,N8809S,C150,CESSNA 150,L1P,L
AC2479,N8814J,P28A,PIPER PA-28-140/150/160/180,L1P,L
AC2579,N882CD,SR22,CIRRUS SR-22,L1P,L
AC2879,N8826M,BE35,BEECH 35 Starfire Bonanza,L1P,L
AC2C79,N8838Q,B38M,BOEING 737 MAX 8,L2J,M
AC2F79,N8843G,C150,CESSNA 150,L1P,L
AC3079,N885AS,CRJ2,BOMBARDIER Regional Jet CRJ-200,L2J,M
AC3679,N8860B,C172,CESSNA 172 Skyhawk,L1P,L
AC3779,N8867N,P28A,PIPER PA-28-140/150/160/180,L1P,L
AC3B79,N8879R,B14A,BELLANCA 14,L1P,L
AC3F79,N889CC,C421,CESSNA 421 Executive Commuter,L2P,L
AC4379,N89FA,DC4,DOUGLAS DC-4 Skymaster,L4P,M
AC4679,N890MT,C525,CESSNA 525 CitationJet,L2J,L
AC4879,N89055,C152,CESSNA 152,L1P,L
AC4B79,N8910X,C182,CESSNA 182 Skylane,L1P,L
AC5379,N89343,C140,CESSNA 140,L1P,L
AC5779,N89466,C140,CESSNA 140,L1P,L
AC5D79,N896V,ZZZZ,,-0-,-
AC5E79,N89631,C120,CESSNA 120,L1P,L
AC5F79,N897BL,ULAC,,L0-,-
AC6279,N89754,C140,CESSNA 140,L1P,L
AC6579,N8980W,P28B,PIPER PA-28-201T/235/236,L1P,L
AC6679,N89877,C152,CESSNA 152,L1P,L
AC6A79,EC-JZR,DA42,DIAMOND DA-42 Guardian,L2P,L
AC6D79,N90GR,RV4,VANS RV-4,L1P,L
AC6E79,N90SX,,,,
AC6F79,N900DB,L29B,LOCKHEED L-1329 Jetstar 731,L4J,M
AC7079,N900PH,P28R,PIPER PA-28R-180/200/201,L1P,L
AC7179,N900ZP,TBM7,SOCATA TBM-700A/B/C,L1T,L
AC7479,N901SF,BE20,BEECH 200 Super King Air,L2T,M
AC7579,N90112,C140,CESSNA 140,L1P,L
AC7679,N9019C,C180,CESSNA  180 Skywagon,L1P,L
AC7879,N902VD,BE10,BEECH 100 King Air,L2T,L
AC7D79,N90358,P51,NORTH AMERICAN P-51 Mustang,L1P,L
AC7E79,N904EN,RV12,VANS RV-12,L1P,L
AC8179,N9048A,C170,CESSNA 170,L1P,L
AC8479,N90523,BALL,,B0-,-
AC8579,N906AC,C56X,CESSNA 560XL Citation XLS,L2J,M
AC8E79,N908SE,SR22,CIRRUS SR-22,L1P,L
AC8F79,N90811,,,,
AC9079,N9089B,CH7A,BELLANCA 7 Champion,L1P,L
AC9479,N91BP,PA31,PIPER PA-31-300/310/325/350/425,L2P,L
AC9579,N91MV,,,,
AC9A79,N911AY,EC35,AIRBUS HELICOPTERS EC-135/635,H2T,L
AC9B79,N911MD,C182,CESSNA 182 Skylane,L1P,L
AC9C79,N911XK,EC35,AIRBUS HELICOPTERS EC-135/635,H2T,L
AC9D79,N9115R,B47G,BELL 47G,H1P,L
AC9E79,N912DW,COY2,RANS Coyote 2,L1P,L
ACA179,N9127U,,,,
ACA379,N913T,BE35,BEECH 35 Starfire Bonanza,L1P,L
ACA579,N9139X,M20P,MOONEY M-20,L1P,L
ACA679,N914KS,RV9,VANS RV-9,L1P,L
ACA879,N9144P,PA24,PIPER PA-24 Comanche,L1P,L
ACA979,N915CJ,P46T,PIPER PA-46-500TP,L1T,L
ACAC79,N9156S,BE24,BEECH 24 Sierra,L1P,L
ACAF79,N9161J,P28A,PIPER PA-28-140/150/160/180,L1P,L
ACB079,N9168V,M20P,MOONEY M-20,L1P,L
ACB679,N918XJ,CRJ9,BOMBARDIER Regional Jet CRJ-900,L2J,M
ACB979,N919QA,,,,
ACBA79,N9190G,AT8T,AIR TRACTOR AT-802,L1T,M
ACBB79,N9197T,C180,CESSNA  180 Skywagon,L1P,L
ACBC79,N92GT,TB21,SOCATA TB-21 Trinidad TC,L1P,L
ACBE79,N920DD,,,,
ACC279,N921GB,COL4,CESSNA 400 Corvalis TT,L1P,L
ACC479,N92114,C182,CESSNA 182 Skylane,L1P,L
ACC579,N9219E,M5,MAULE M-5,L1P,L
ACC679,N922K,CRBN,CURTISS-ROBERTSON Robin,L1P,L
ACCF79,N92402,PAY3,PIPER PA-42-720 Cheyenne 3,L2T,L
ACD079,N9248C,C180,CESSNA  180 Skywagon,L1P,L
ACD279,N925TU,,,,
ACD379,N92525,MUS2,BUSHBY M-2 Mustang 2,L1P,L
ACD579,N926LL,C180,CESSNA  180 Skywagon,L1P,L
ACD779,N92648,C182,CESSNA 182 Skylane,L1P,L
ACD879,N927DC,BE35,BEECH 35 Starfire Bonanza,L1P,L
ACDB79,N9277A,C170,CESSNA 170,L1P,L
ACE679,N930JH,C25A,CESSNA 525A Citation CJ2,L2J,L
ACE979,N931B,BE35,BEECH 35 Starfire Bonanza,L1P,L
ACF379,N9332N,P28R,PIPER PA-28R-180/200/201,L1P,L
ACFE79,N9361L,,,,
ACFF79,N9368X,C182,CESSNA 182 Skylane,L1P,L
AD0279,N9373P,PA24,PIPER PA-24 Comanche,L1P,L
AD0979,N9390J,P28A,PIPER PA-28-140/150/160/180,L1P,L
AD0D79,N940DF,TBM7,SOCATA TBM-700A/B/C,L1T,L
AD1079,N9407D,PA22,PIPER PA-22,L1P,L
AD1379,N94116,ERCO,AIR PRODUCTS F-1 Aircoupe,L1P,L
AD1479,N9419G,SREY,PROGRESSIVE AERODYNE SeaRey,A1P,L
AD1B79,N9436B,C175,CESSNA 175 Skylark,L1P,L
AD1F79,N9448E,AR11,AERONCA 11 Chief,L1P,L
AD2279,N94527,C182,CESSNA 182 Skylane,L1P,L
AD2D79,N94815,ERCO,AIR PRODUCTS F-1 Aircoupe,L1P,L
AD2E79,N9489F,H269,HUGHES Sky Knight,H1P,L
AD3279,N95BT,MIMU,BUSHBY Midget Mustang,L1P,L
AD3579,N950JK,PRM1,RAYTHEON 390 Premier 1,L2J,L
AD3E79,N9520M,M20P,MOONEY M-20,L1P,L
AD3F79,N9527Y,BALL,,B0-,-
AD4179,N953TD,H25B,HAWKER BEECHCRAFT Hawker 750/850,L2J,M
AD4379,N95391,C152,CESSNA 152,L1P,L
AD4979,N955Z,MIMU,BUSHBY Midget Mustang,L1P,L
AD4A79,N9556W,P28A,PIPER PA-28-140/150/160/180,L1P,L
AD5379,N958MG,C25A,CESSNA 525A Citation CJ2,L2J,L
AD5579,N9585U,AA1,AMERICAN AA-1,L1P,L
AD5679,N959DZ,B739,BOEING 737-900,L2J,M
AD5979,N9597X,C210,CESSNA 201 Centurion,L1P,L
AD5B79,N96TC,BALL,,B0-,-
AD6379,N9619J,P28A,PIPER PA-28-140/150/160/180,L1P,L
AD6679,N9624A,C140,CESSNA 140,L1P,L
AD6D79,N96406,TAYB,TAYLORCRAFT BC/BF/BL,L1P,L
AD7179,N96529,TAYB,TAYLORCRAFT BC/BF/BL,L1P,L
AD7279,N966AJ,R66,ROBINSON R-66,H1T,L
AD7479,N966WW,DA42,DIAMOND DA-42 Guardian,L2P,L
AD7579,N9665B,C180,CESSNA  180 Skywagon,L1P,L
AD7679,N967DG,C182,CESSNA 182 Skylane,L1P,L
AD7979,N9677E,AR11,AERONCA 11 Chief,L1P,L
AD8079,N9694,G164,GRUMMAN G-164 Ag-Cat,L1P,L
AD8279,N97NA,NAVI,NORTH AMERICAN Navion,L1P,L
AD8B79,N972EB,BE36,BEECH 36 Bonanza,L1P,L
AD8D79,N9720P,PA18,PIPER PA-18 Super Cub,L1P,L
AD9979,N9756Y,BE35,BEECH 35 Starfire Bonanza,L1P,L
AD9D79,N97681,C172,CESSNA 172 Skyhawk,L1P,L
AD9E79,N977JL,BE33,BEECH 33 Bonanza,L1P,L
ADAA79,N98TE,AS50,AEROSPATIALE AS-350 Ecureuil,H1T,L
ADAE79,N9807H,C82R,CESSNA R182 Skylane RG,L1P,L
ADB079,N981SP,C172,CESSNA 172 Skyhawk,L1P,L
ADBD79,N9848J,C172,CESSNA 172 Skyhawk,L1P,L
ADC479,N9865D,PA18,PIPER PA-18 Super Cub,L1P,L
ADC579,N987DJ,DFLY,VIKING Dragonfly,L1P,L
ADC879,N9877G,C172,CESSNA 172 Skyhawk,L1P,L
ADC979,N988GG,GLEX,BOMBARDIER BD-700 Global 6000/6500,L2J,M
ADCB79,N98819,C172,CESSNA 172 Skyhawk,L1P,L
ADCF79,N9894B,CH7A,BELLANCA 7 Champion,L1P,L
ADD079,N99BX,LGEZ,RUTAN Long-EZ,L1P,L
ADD179,N99NC,P28A,PIPER PA-28-140/150/160/180,L1P,L
ADD779,N991MM,P46T,PIPER PA-46-500TP,L1T,L
ADD979,N9915Z,C25A,CESSNA 525A Citation CJ2,L2J,L
ADE179,N99395,T28,NORTH AMERICAN T-28,L1P,L
ADE379,N994WF,BALL,,B0-,-
ADE479,N9944X,C185,CESSNA 185 Skywagon,L1P,L
ADE579,N995CS,C82S,CESSNA T182 Turbo Skylane,L1P,L
ADF479,N999EC,T206,CESSNA T206 Turbo Stationair,L1P,L
ADFC79,91-0085,BE40,BEECH 400 Beechjet,L2J,M
ADFD79,91-0509,SW4,SWEARINGEN Metro,L2T,M
ADFE79,92-1454,C130,LOCKHEED C-130 Hercules,L4T,M
ADFF79,67-14850,T38,NORTHROP T-38 Talon,L2J,L
AE0079,66-8357,T38,NORTHROP T-38 Talon,L2J,L
AE0179,84-0140,LJ35,LEARJET 35,L2J,M
AE0379,63-7992,K35R,BOEING KC-135R/T Stratotanker,L4J,H
AE0479,58-0061,K35R,BOEING KC-135R/T Stratotanker,L4J,H
AE0579,87-0028,C5M,LOCKHEED C-5 Super Galaxy,L4J,H
AE0679,00-0174,C17,BOEING C-17 Globemaster 3,L4J,H
AE0A79,90-26249,H60,SIKORSKY UH-60 Black Hawk,H2T,M
AE0B79,86-24485,H60,SIKORSKY UH-60 Black Hawk,H2T,M
AE1179,02-1107,C17,BOEING C-17 Globemaster 3,L4J,H
AE1279,73-1588,C130,LOCKHEED C-130 Hercules,L4T,M
AE1479,166767,C560,CESSNA 560 Citation Ultra,L2J,M
AE1579,03-05352,H64,MCDONNELL DOUGLAS AH-64 Apache,H2T,M
AE1D79,162777,P3,LOCKHEED P-3 Orion,L4T,M
AE1E79,166027,TEX2,BEECHCRAFT T-6 Texan 2,L1T,L
AE1F79,09-72106,EC45,AIRBUS HELICOPTERS EC-145,H2T,L
AE2679,6531,AS65,AEROSPATIALE AS-365 Dauphin 2,H2T,L
AE4A79,168206,BE20,BEECH 200 Super King Air,L2T,M
AE5379,12-20468,H60,SIKORSKY UH-60 Black Hawk,H2T,M
AE5679,12-20526,H60,SIKORSKY UH-60 Black Hawk,H2T,M
AE5779,14-20649,H60,SIKORSKY UH-60 Black Hawk,H2T,M
AE5879,60-0018,B52,BOEING B-52 Stratofortress,L8J,H
AE5A79,15-72397,EC45,AIRBUS HELICOPTERS EC-145,H2T,L
AE5B79,05-0597,PC12,PILATUS PC-12,L1T,L
AE5D79,16-20879,H60,SIKORSKY UH-60 Black Hawk,H2T,M
AE6479,19-21039,H60,SIKORSKY UH-60 Black Hawk,H2T,M
AE6A79,20-21139,H60,SIKORSKY UH-60 Black Hawk,H2T,M
AE6C79,21-21194,H60,SIKORSKY UH-60 Black Hawk,H2T,M
AE6D79,20-5939,C30J,LOCKHEED MARTIN C-130J Super Hercules,L4T,M
AE6E79,20-14505,H60,SIKORSKY UH-60 Black Hawk,H2T,M
AE7479,21-03396,H64,MCDONNELL DOUGLAS AH-64 Apache,H2T,M
C00079,C-FAEQ,C180,CESSNA  180 Skywagon,L1P,L
C00279,C-FAYI,C150,CESSNA 150,L1P,L
C00379,C-FBIE,C82R,CESSNA R182 Skylane RG,L1P,L
C00479,C-FBSA,C172,CESSNA 172 Skyhawk,L1P,L
C00579,C-FCBW,P28A,PIPER PA-28-140/150/160/180,L1P,L
C00679,C-FCLS,DH8A,DE HAVILLAND DHC-8-100 Dash 8,L2T,M
C00779,C-FCVO,FA62,FAIRCHILD M-26 Cornell,L1P,L
C00879,C-FDFK,,,,
C00979,C-FDPG,,,,
C00A79,C-FDZC,C172,CESSNA 172 Skyhawk,L1P,L
C00B79,C-FEIY,ZZZZ,,-0-,-
C00D79,C-FFCQ,C172,CESSNA 172 Skyhawk,L1P,L
C01079,C-FGGE,B350,BEECHCRAFT Super King Air 350,L2T,M
C01179,C-FGQA,DHC2,DE HAVILLAND DHC-2 Beaver,L1P,L
C01279,C-FGZW,C150,CESSNA 150,L1P,L
C01379,C-FHJS,C150,CESSNA 150,L1P,L
C01479,C-FHTO,AJET,DASSAULT-DORNIER Alpha Jet,L2J,M
C01579,C-FIDK,C170,CESSNA 170,L1P,L
C01779,C-FIXC,TAYA,TAYLORCRAFT A,L1P,L
C01879,C-FJGY,BALL,,B0-,-
C01979,C-FJQU,SS2P,ROCKWELL Thrush Commander,L1P,L
C01A79,C-FKAQ,,,,
C01B79,C-FKKM,B36T,BEECH 36 Turbine Bonanza,L1T,L
C01C79,C-FKUI,C172,CESSNA 172 Skyhawk,L1P,L
C01D79,C-FLEE,CH7B,BELLANCA 7 Citabria,L1P,L
C01E79,C-FLOA,C180,CESSNA  180 Skywagon,L1P,L
C02079,C-FMHS,,,,
C02179,C-FMRO,CH7A,BELLANCA 7 Champion,L1P,L
C02279,C-FNBK,C172,CESSNA 172 Skyhawk,L1P,L
C02379,C-FNLG,L8,LUSCOMBE 8,L1P,L
C02579,C-FOEY,NSTR,CUSTOM FLIGHT North Star,L1P,L
C02679,C-FOOU,C152,CESSNA 152,L1P,L
C02879,C-FPIM,ERCO,AIR PRODUCTS F-1 Aircoupe,L1P,L
C02979,C-FPSI,JS32,BRITISH AEROSPACE Jetstream Super 31,L2T,M
C02A79,C-FQCE,,,,
C02B79,C-FQMA,C150,CESSNA 150,L1P,L
C02C79,C-FQVW,GYRO,,G0-,-
C02D79,C-FRFS,,,,
C02F79,C-FRZK,PA18,PIPER PA-18 Super Cub,L1P,L
C03079,C-FSJG,P28A,PIPER PA-28-140/150/160/180,L1P,L
C03179,C-FSTC,PA22,PIPER PA-22,L1P,L
C03279,C-FTCY,PA18,PIPER PA-18 Super Cub,L1P,L
C03379,C-FTMU,DHC6,DE HAVILLAND DHC-6 Twin Otter,L2T,L
C03479,C-FTWQ,,,,
C03579,C-FUGM,C180,CESSNA  180 Skywagon,L1P,L
C03679,C-FUQI,C150,CESSNA 150,L1P,L
C03779,C-FVAE,R44,ROBINSON R-44 Raven,H1P,L
C03879,C-FVKA,GLID,,L0-,-
C03979,C-FVTW,C150,CESSNA 150,L1P,L
C03B79,C-FWNO,TAYA,TAYLORCRAFT A,L1P,L
C03C79,C-FWXK,C150,CESSNA 150,L1P,L
C03D79,C-FXHG,CH7A,BELLANCA 7 Champion,L1P,L
C03E79,C-FXRC,AR11,AERONCA 11 Chief,L1P,L
C03F79,C-FYAY,PA24,PIPER PA-24 Comanche,L1P,L
C04079,C-FYKU,C185,CESSNA 185 Skywagon,L1P,L
C04279,C-FZEM,C185,CESSNA 185 Skywagon,L1P,L
C04479,C-FZYE,DHC2,DE HAVILLAND DHC-2 Beaver,L1P,L
C04579,C-GAIA,C152,CESSNA 152,L1P,L
C04679,C-GARW,R66,ROBINSON R-66,H1T,L
C04779,C-GBBS,BE20,BEECH 200 Super King Air,L2T,M
C04879,C-GBLO,GLID,,L0-,-
C04979,C-GBVK,D11,JODEL D-11x/12x,L1P,L
C04C79,C-GCYY,S108,STINSON 108 Voyager,L1P,L
C04E79,C-GDSQ,AS50,AEROSPATIALE AS-350 Ecureuil,H1T,L
C04F79,C-GECM,T206,CESSNA T206 Turbo Stationair,L1P,L
C05079,C-GEMI,C152,CESSNA 152,L1P,L
C05179,C-GEWE,,,,
C05279,C-GFGA,C188,CESSNA 188 AgTruck,L1P,L
C05379,C-GFPW,,,,
C05479,C-GFZS,C172,CESSNA 172 Skyhawk,L1P,L
C05579,C-GGJO,P28A,PIPER PA-28-140/150/160/180,L1P,L
C05679,C-GGTK,BALL,,B0-,-
C05879,C-GHNC,C172,CESSNA 172 Skyhawk,L1P,L
C05979,C-GHWY,P28B,PIPER PA-28-201T/235/236,L1P,L
C05A79,C-GIGU,C172,CESSNA 172 Skyhawk,L1P,L
C05B79,C-GIQQ,B412,BELL 412,H2T,L
C05C79,C-GJAM,AA5,AMERICAN AA-5 Tiger,L1P,L
C05D79,C-GJKI,F2TH,DASSAULT Falcon 2000,L2J,M
C05E79,C-GJUE,T206,CESSNA T206 Turbo Stationair,L1P,L
C05F79,C-GKEA,AA5,AMERICAN AA-5 Tiger,L1P,L
C06079,C-GKNW,PC12,PILATUS PC-12,L1T,L
C06179,C-GKXS,C56X,CESSNA 560XL Citation XLS,L2J,M
C06279,C-GLHO,B190,BEECH 1900,L2T,M
C06379,C-GLRK,C172,CESSNA 172 Skyhawk,L1P,L
C06479,C-GMBG,C170,CESSNA 170,L1P,L
C06579,C-GMLC,SR22,CIRRUS SR-22,L1P,L
C06679,C-GMUY,M20T,MOONEY M-20T,L1P,L
C06779,C-GNEU,C185,CESSNA 185 Skywagon,L1P,L
C06979,C-GNYM,CH10,ZENAIR CH-100 Mono-Zenith,L1P,L
C06A79,C-GOII,COUR,HELIO Courier,L1P,L
C06C79,C-GPCA,PA31,PIPER PA-31-300/310/325/350/425,L2P,L
C06D79,C-GPLW,C182,CESSNA 182 Skylane,L1P,L
C06F79,C-GQFO,,,,
C07279,C-GRJC,SE5R,REPLICA PLANS SE-5A Replica,L1P,L
C07479,C-GSCU,BE33,BEECH 33 Bonanza,L1P,L
C07579,C-GSMQ,C185,CESSNA 185 Skywagon,L1P,L
C07679,C-GSWM,C150,CESSNA 150,L1P,L
C07779,C-GTGI,,,,
C07979,C-GUAA,E300,EXTRA EA-300/330/350,L1P,L
C07A79,C-GUJW,DHC2,DE HAVILLAND DHC-2 Beaver,L1P,L
C07B79,C-GUTS,,,,
C07D79,C-GVNK,C172,CESSNA 172 Skyhawk,L1P,L
C07F79,C-GWHC,C172,CESSNA 172 Skyhawk,L1P,L
C08079,C-GWQY,B505,BELL 505 JetRanger X,H1T,L
C08179,C-GXAU,SS2P,ROCKWELL Thrush Commander,L1P,L
C08279,C-GXKQ,C182,CESSNA 182 Skylane,L1P,L
C08379,C-GXUM,PA32,PIPER PA-32,L1P,L
C08779,C-GZHW,PA22,PIPER PA-22,L1P,L
C08879,C-GZRS,B06,BELL 206 JetRanger,H1T,L
C08A79,C-IALK,,,,
C08B79,C-IAVG,ULAC,,L0-,-
C08C79,C-IBFC,ULAC,,L0-,-
C08D79,C-IBOY,,,,
C08F79,C-ICIQ,ULAC,,L0-,-
C09079,C-ICSM,ULAC,,L0-,-
C09179,C-IDCI,,,,
C09279,C-IDME,ULAC,,L0-,-
C09379,C-IDWA,PELI,FLYER Pelican,L1P,L
C09479,C-IEFW,MAME,BLUE YONDER Merlin,L1P,L
C09579,C-IEPS,ULAC,,L0-,-
C09779,C-IFJK,PARA,,P0-,-
C09879,C-IFTG,PARA,,P0-,-
C09979,C-IGDC,ULAC,,L0-,-
C09A79,C-IGMY,BUCA,ADVANCED AEROMARINE Buccaneer,A1P,L
C09B79,C-IGWU,ZZZZ,,-0-,-
C09C79,C-IHGQ,ULAC,,L0-,-
C09D79,C-IHQM,PARA,,P0-,-
C09E79,C-IIAI,,,,
C09F79,C-IIKE,,,,
C0A179,C-IJDW,PARA,,P0-,-
C0A279,C-IJNS,PARA,,P0-,-
C0A479,C-IKHK,,,,
C0A679,C-ILBC,PARA,,P0-,-
C0A779,C-ILKY,ULAC,,L0-,-
C0A879,C-ILUU,,,,
C0A979,C-IMEQ,,,,
C0AA79,C-IMOM,ULAC,,L0-,-
C0AC79,C-INIE,NPOR,REDFERN Nieuport 24,L1P,L
C0B279,C-IPPG,PARA,,P0-,-
C1E479,SERV,SERV,,V0-,-
C1E579,SERV,SERV,,V0-,-
C1E979,SERV,SERV,,V0-,-
C80379,ZK-PVC,C402,CESSNA 402 Businessliner,L2P,L
C80479,ZK-EOK,C172,CESSNA 172 Skyhawk,L1P,L
C80679,ZK-DWW,C185,CESSNA 185 Skywagon,L1P,L
C80879,ZK-GLS,GLID,,L0-,-
C80B79,ZK-MJN,T6,NORTH AMERICAN T-6 Texan,L1P,L
C80E79,ZK-HFZ,AS50,AEROSPATIALE AS-350 Ecureuil,H1T,L
C80F79,ZK-DIR,PA27,PIPER PA-23-250 Aztec,L2P,L
C81179,ZK-TEC,C177,CESSNA  177 Cardinal,L1P,L
C81379,ZK-LTB,CRES,PACIFIC AEROSPACE Cresco,L1T,L
C81479,ZK-GZA,GLID,,L0-,-
C81579,ZK-GPT,GLID,,L0-,-
C81679,ZK-UAT,C172,CESSNA 172 Skyhawk,L1P,L
C81779,ZK-OWL,ZZZZ,,-0-,-
C81879,ZK-PJM,PNR3,ALPI Pioneer 330,L1P,L
C81A79,ZK-HTY,R44,ROBINSON R-44 Raven,H1P,L
C81B79,ZK-HGM,R44,ROBINSON R-44 Raven,H1P,L
C81C79,ZK-CKE,WAIX,SONEX Waiex,L1P,L
C81D79,ZK-OTM,CDUS,AUTOGYRO Calidus,G1P,L
C81E79,ZK-SKL,BE9L,BEECH 90 King Air,L2T,L
C82079,ZK-KCG,P750,PACIFIC AEROSPACE P-750 XStol,L1T,L
C82379,ZK-MVM,AT76,ATR-72-600,L2T,M
C82479,ZK-RJN,P208,TECNAM P-2008,L1P,L
C82779,ZK-CCR,SVNH,AEROTEC Savannah,L1P,L
C82879,ZK-ACO,BT36,BEECH B36TC Bonanza,L1P,L
C82979,ZK-WAT,M7,MAULE M-7,L1P,L
E20079,LV-S069,SIRA,TECNAM P-2002 Sierra,L1P,L
E40179,PR-REV,E50P,EMBRAER EMB-500 Phenom 100,L2J,L
E47D79,FAB2164,E110,EMBRAER EMB-110 Bandeirante,L2T,L
E48A79,PR-JAR,S92,SIKORSKY S-92 Helibus,H2T,M
E48D79,PP-NPC,C650,CESSNA 650 Citation,L2J,M
E49079,PR-GJR,B429,BELL 429 GlobalRanger,H2T,L
E49279,PR-HRO,E55P,EMBRAER EMB-505 Phenom 300,L2J,M
E49479,PR-CGJ,A139,AGUSTA AW-139,H2T,L
E49579,PR-FMY,A109,AGUSTA AW-109 Grand,H2T,L
E49679,PR-PDM,P28A,PIPER PA-28-140/150/160/180,L1P,L
E49779,PS-RJJ,M600,PIPER PA-46-600TP,L1T,L
E49879,PR-STD,MU2,MITSUBISHI MU-2 Marquise,L2T,L
E80279,CC-BFV,A320,AIRBUS A-320,L2J,M
E80979,CC-AQV,BE40,BEECH 400 Beechjet,L2J,M
E84079,HC-CRU,A320,AIRBUS A-320,L2J,M
E88079,ZP-BRY,C182,CESSNA 182 Skylane,L1P,L
E8C079,OB-2135-P,B735,BOEING 737-500,L2J,M
