00817C,ZS-ANZ,CL60,BOMBARDIER CL-600 Challenger,L2J,M
008F7C,ZS-FVV,P28B,PIPER PA-28-201T/235/236,L1P,L
00967C,ZS-IMT,BE36,BEECH 36 Bonanza,L1P,L
00A77C,ZS-OYD,B190,BEECH 1900,L2T,M
00B27C,ZS-TCL,C182,CESSNA 182 Skylane,L1P,L
00F97C,ZU-OTW,RV7,VANS RV-7,L1P,L
01007C,SU-BAK,C130,LOCKHEED C-130 Hercules,L4T,M
02007C,CN-CEC,DA40,DIAMOND DA-40 Club Star,L1P,L
05A07C,8Q-ISK,DHC6,DE HAVILLAND DHC-6 Twin Otter,L2T,L
06427C,312,A139,AGUSTA AW-139,H2T,L
06A07C,A7-BAP,B77W,BOEING 777-300ER,L2J,H
06A27C,A7-MAO,C17,BOEING C-17 Globemaster 3,L4J,H
07007C,6V-HAG,A139,AGUSTA AW-139,H2T,L
0A007C,7T-VCB,B738,BOEING 737-800,L2J,M
0AC37C,PNC-0612,H60,SIKORSKY UH-60 Black Hawk,H2T,M
0AC97C,HK-1861G,P28A,PIPER PA-28-140/150/160/180,L1P,L
0D057C,XA-CDF,C680,CESSNA 680 Citation Sovereign,L2J,M
0D087C,XA-GAW,E190,EMBRAER ERJ-190-100,L2J,M
0D097C,XA-VAS,SU95,SUKHOI Superjet 100-95,L2J,M
0D0A7C,XA-MJS,H25B,HAWKER BEECHCRAFT Hawker 750/850,L2J,M
0D0B7C,XA-VIH,A20N,AIRBUS A-320neo,L2J,M
0D0C7C,XA-CCM,B38M,BOEING 737 MAX 8,L2J,M
0D817C,YV2770,LJ55,LEARJET 55,L2J,M
14107C,RA-04220,R44,ROBINSON R-44 Raven,H1P,L
141C7C,RA-07292,AS50,AEROSPATIALE AS-350 Ecureuil,H1T,L
14D67C,RA-54908,AN2,ANTONOV An-2,L1P,L
151D7C,RA-73084,B738,BOEING 737-800,L2J,M
151E7C,RA-73340,B772,BOEING 777-200,L2J,H
15287C,RF-75317,IL18,ILYUSHIN Il-18,L4T,M
152B7C,RF-76668,,,,
15407C,RA-82044,A124,ANTONOV An-124 Ruslan,L4J,H
15537C,RA-86908,,,,
15587C,RA-88188,YK40,YAKOVLEV Yak-40,L3J,M
30017C,I-DEUM,C25A,CESSNA 525A Citation CJ2,L2J,L
30037C,I-DCEC,AS65,AEROSPATIALE AS-365 Dauphin 2,H2T,L
30057C,I-KILL,RV8,VANS RV-8,L1P,L
30077C,I-LTRY,P28A,PIPER PA-28-140/150/160/180,L1P,L
31D97C,I-5657,GOLF,TECNAM P-96 Golf,L1P,L
31DE7C,I-C496,UHEL,,H0-,-
33FE7C,MM62266,P66T,PIAGGIO P-166DP1,L2T,L
33FF7C,MM55044,AMX,AERITALIA-AERMACCHI AMX Ghibli,L1J,M
38017C,F-JYGG,WT9,AEROSPOOL WT-9 Dynamic,L1P,L
380A7C,F-JXSO,TS14,TEST TST-14 Bonus,L1P,L
380B7C,F-JWOF,WT9,AEROSPOOL WT-9 Dynamic,L1P,L
380C7C,F-JWTY,ECHO,TECNAM P-92 Echo,L1P,L
380D7C,F-JXPA,ULAC,,L0-,-
380F7C,F-JRNU,MM24,MAGNI M-24 Orion,G1P,L
38107C,01YY,SIRA,TECNAM P-2002 Sierra,L1P,L
38187C,F-JTCU,ULAC,,L0-,-
381A7C,F-JTIW,GLID,,L0-,-
381E7C,F-JTWH,C42,IKARUS C-42 Bison,L1P,L
38217C,F-JRZQ,PISI,PIPSTREL Sinus,L1P,L
38247C,F-JUPJ,PNR3,ALPI Pioneer 330,L1P,L
382D7C,F-JVSW,ULAC,,L0-,-
382E7C,F-JVPF,ULAC,,L0-,-
382F7C,F-JIVG,WT9,AEROSPOOL WT-9 Dynamic,L1P,L
38327C,F-JUDI,VL3,AVEKO Flamingo,L1P,L
38347C,F-JJAH,WT9,AEROSPOOL WT-9 Dynamic,L1P,L
38377C,F-JALF,GYRO,,G0-,-
38387C,F-JJDI,ULAC,,L0-,-
383B7C,F-JAYS,ECHO,TECNAM P-92 Echo,L1P,L
383C7C,F-JBGF,ULAC,,L0-,-
383D7C,F-JBOJ,ULAC,,L0-,-
383F7C,F-JBXL,GYRO,,G0-,-
38437C,F-JTON,SVNH,AEROTEC Savannah,L1P,L
38457C,F-JDBL,ULAC,,L0-,-
38467C,F-JDHA,G1,G1 AVIATION G-1,L1P,L
38497C,F-JDLX,ULAC,,L0-,-
384C7C,F-JDRS,AP32,AEROPRACT A-32,L1P,L
384D7C,F-JCAK,ULAC,,L0-,-
384E7C,F-JUGL,ULAC,,L0-,-
38547C,F-JGGD,ULAC,,L0-,-
38567C,F-JGLF,NG5,BRM AERO NG-5/6 Bristell,L1P,L
38577C,F-JGRK,WT9,AEROSPOOL WT-9 Dynamic,L1P,L
38587C,F-JGVA,ULAC,,L0-,-
38637C,F-JBHA,TRAL,GROPPO Trail,L1P,L
38657C,F-JDKR,ULAC,,L0-,-
38837C,59CRG,EFOX,AEROPRO Eurofox,L1P,L
38857C,F-JZRC,WT9,AEROSPOOL WT-9 Dynamic,L1P,L
38897C,28ABB,PNR3,ALPI Pioneer 330,L1P,L
388B7C,F-JYWG,ULAC,,L0-,-
388C7C,F-JFIB,NG5,BRM AERO NG-5/6 Bristell,L1P,L
388F7C,60OB,ECHO,TECNAM P-92 Echo,L1P,L
38947C,F-JXYR,FDCT,FLIGHT DESIGN CT,L1P,L
38977C,28-AIZ,FDCT,FLIGHT DESIGN CT,L1P,L
38997C,F-JWMI,ULAC,,L0-,-
389A7C,F-JWQX,JAB2,JABIRU J160/170,L1P,L
389F7C,F-JRIH,WT9,AEROSPOOL WT-9 Dynamic,L1P,L
38A07C,F-JGJY,ULAC,,L0-,-
38A17C,F-JROP,WT9,AEROSPOOL WT-9 Dynamic,L1P,L
38A27C,F-JRSQ,PNR2,ALPI Pioneer 200,L1P,L
38A47C,F-JYOD,ULAC,,L0-,-
38AE7C,F-JXFP,COY2,RANS Coyote 2,L1P,L
38AF7C,F-JTGH,VL3,AVEKO Flamingo,L1P,L
38B17C,F-JDXC,ULAC,,L0-,-
38B67C,F-JUJZ,PNR2,ALPI Pioneer 200,L1P,L
38BC7C,F-JUZA,M106,LAMBERT M-106,L1P,L
38BD7C,F-JKEA,VM1,VOL MEDITERRANI VM-1 Esqual,L1P,L
38C37C,02AGZ,VL3,AVEKO Flamingo,L1P,L
38C47C,F-JZYG,ULAC,,L0-,-
38CB7C,F-JXTB,MM16,MAGNI M-16 Tandem Trainer,G1P,L
38CE7C,F-JVXS,MM22,MAGNI M-22 Voyager,G1P,L
38D17C,F-JAHU,ULAC,,L0-,-
38D37C,F-JARG,SD4,TOMARK Viper,L1P,L
38D87C,F-JBKP,VL3,AVEKO Flamingo,L1P,L
38D97C,F-JBMW,ULAC,,L0-,-
38DA7C,F-JBRY,ULAC,,L0-,-
38DB7C,F-JBZS,VL3,AVEKO Flamingo,L1P,L
38DC7C,F-JCCN,VL3,AVEKO Flamingo,L1P,L
38DD7C,F-JCJD,ULAC,,L0-,-
38DF7C,F-JCUI,ULAC,,L0-,-
38E07C,F-JWYD,FAET,ATEC 321 Faeta,L1P,L
38E57C,F-JEVC,SVNH,AEROTEC Savannah,L1P,L
38E67C,F-JDTK,ULAC,,L0-,-
38E87C,F-JDZF,VL3,AVEKO Flamingo,L1P,L
38E97C,F-JEHO,FK9,B&F TECHNIK FK-9,L1P,L
38EA7C,F-JFBU,ULAC,,L0-,-
38EB7C,F-JJUH,EV97,EVEKTRO EV-97 EuroStar,L1P,L
38EF7C,F-JGCM,PNR3,ALPI Pioneer 330,L1P,L
38F37C,F-JGQD,ULAC,,L0-,-
38F47C,F-JGXJ,PNR2,ALPI Pioneer 200,L1P,L
38F57C,F-JHGJ,ULAC,,L0-,-
38F67C,F-JHKQ,WT9,AEROSPOOL WT-9 Dynamic,L1P,L
38F87C,F-JICZ,CH60,ZENAIR CH-600 Zodiac,L1P,L
38F97C,F-JIKZ,COY2,RANS Coyote 2,L1P,L
38FC7C,F-JIWF,WT9,AEROSPOOL WT-9 Dynamic,L1P,L
38FE7C,F-JJBN,ULAC,,L0-,-
39017C,F-JZJR,ULAC,,L0-,-
39027C,F-JZLX,ULAC,,L0-,-
39037C,F-JZYM,FK9,B&F TECHNIK FK-9,L1P,L
39057C,67BAC,WT9,AEROSPOOL WT-9 Dynamic,L1P,L
39077C,F-JGWM,AP32,AEROPRACT A-32,L1P,L
390A7C,54AHT,WT9,AEROSPOOL WT-9 Dynamic,L1P,L
390D7C,F-JHKT,ULAC,,L0-,-
390E7C,F-JXYL,WT9,AEROSPOOL WT-9 Dynamic,L1P,L
390F7C,F-JHLK,ALSL,AIRLONY Skylane,L1P,L
39107C,F-JHLU,SAVG,ZLIN AVIATION Savage,L1P,L
39127C,F-JHPU,ULAC,,L0-,-
39137C,F-JHSB,WT9,AEROSPOOL WT-9 Dynamic,L1P,L
39177C,F-JXDG,ULAC,,L0-,-
39187C,F-JRAS,XNON,CELIER Xenon,G1P,L
39197C,21-AEM,CH60,ZENAIR CH-600 Zodiac,L1P,L
391A7C,54AMC,C42,IKARUS C-42 Bison,L1P,L
39247C,F-JIQU,PNR3,ALPI Pioneer 330,L1P,L
39267C,F-JXRJ,CH60,ZENAIR CH-600 Zodiac,L1P,L
39287C,F-JTEZ,TTRS,HUMBERT Tetras,L1P,L
39297C,F-JDEN,SVNH,AEROTEC Savannah,L1P,L
392D7C,F-JTRW,PIVI,PIPSTREL Virus,L1P,L
393A7C,F-JUVY,CH60,ZENAIR CH-600 Zodiac,L1P,L
393B7C,F-JAFF,WT9,AEROSPOOL WT-9 Dynamic,L1P,L
393D7C,F-JGWE,ULAC,,L0-,-
39427C,F-JVQU,PIVI,PIPSTREL Virus,L1P,L
39447C,F-JVWN,S450,AERO-EAST-EUROPE SILA-450,L1P,L
39497C,F-JSKA,PNR3,ALPI Pioneer 330,L1P,L
394F7C,F-JSMD,SVNH,AEROTEC Savannah,L1P,L
39517C,F-JAAY,WT9,AEROSPOOL WT-9 Dynamic,L1P,L
39557C,F-JDLB,PNR2,ALPI Pioneer 200,L1P,L
39567C,F-JAOE,WT9,AEROSPOOL WT-9 Dynamic,L1P,L
39597C,F-JBVV,ULAC,,L0-,-
395A7C,F-JBAD,ULAC,,L0-,-
395C7C,F-JBIK,PNR3,ALPI Pioneer 330,L1P,L
39617C,F-JBYE,MCR1,COLOMBAN Ban-Bi,L1P,L
39627C,F-JCAJ,VL3,AVEKO Flamingo,L1P,L
39657C,F-JGZO,ULAC,,L0-,-
396C7C,F-JDNT,TTRS,HUMBERT Tetras,L1P,L
396D7C,F-JDPD,ULAC,,L0-,-
396E7C,F-JHLB,ULAC,,L0-,-
396F7C,F-JDSF,ULAC,,L0-,-
39717C,F-JDTZ,KR30,EKOLOT Topaz,L1P,L
39767C,F-JEQO,WT9,AEROSPOOL WT-9 Dynamic,L1P,L
39797C,F-JFVO,WT9,AEROSPOOL WT-9 Dynamic,L1P,L
397C7C,F-JXJS,ULAC,,L0-,-
397E7C,F-JYPX,C42,IKARUS C-42 Bison,L1P,L
397F7C,F-JGLU,ULAC,,L0-,-
39857C,56IO,PNR3,ALPI Pioneer 330,L1P,L
39887C,F-JXXY,WT9,AEROSPOOL WT-9 Dynamic,L1P,L
39907C,F-JRRP,WT9,AEROSPOOL WT-9 Dynamic,L1P,L
39AA7C,F-JHYE,MCR1,COLOMBAN Ban-Bi,L1P,L
39B07C,F-JEZG,VG3T,AVIAKIT Vega 3000,L1P,L
39B47C,F-JWIL,STCH,FLY SYNTHESIS Storch,L1P,L
39C37C,F-JVKK,ULAC,,L0-,-
39C97C,F-JUWC,GYRO,,G0-,-
39CE7C,F-JXZL,COY2,RANS Coyote 2,L1P,L
39D67C,F-JAMT,ULAC,,L0-,-
39D77C,F-JAOS,CA41,CORVUS CA-41 Racer,L1P,L
39DD7C,F-JSVC,CH60,ZENAIR CH-600 Zodiac,L1P,L
39E37C,F-PHON,RV8,VANS RV-8,L1P,L
39E47C,F-JCMC,TTRS,HUMBERT Tetras,L1P,L
39F27C,F-JDWN,ULAC,,L0-,-
39F47C,F-JEBG,NNJA,BEST OFF Nynja,L1P,L
39F57C,F-JVTL,ULAC,,L0-,-
39F67C,F-JEKZ,XAIR,RAJ HAMSA X-AIR Falcon,L1P,L
3A007C,F-JIJH,FK14,B&F TECHNIK FK-14 Polaris,L1P,L
3A027C,F-JYNU,PISI,PIPSTREL Sinus,L1P,L
3A057C,31VE,FK9,B&F TECHNIK FK-9,L1P,L
3A097C,65NY,ULAC,,L0-,-
3A0A7C,F-JRQO,NNJA,BEST OFF Nynja,L1P,L
3A137C,F-JTPX,ULAC,,L0-,-
3A147C,F-JUMW,FK14,B&F TECHNIK FK-14 Polaris,L1P,L
3A197C,F-JYVN,FAET,ATEC 321 Faeta,L1P,L
3A227C,F-JBFB,ULAC,,L0-,-
3A247C,F-JBUS,GUEP,AERO SERVICE Super Guepard,L1P,L
3A267C,F-JCDN,AP22,AEROPRACT A-22,L1P,L
3A2C7C,F-JDGM,ULAC,,L0-,-
3A2D7C,F-JDMM,ULAC,,L0-,-
3A317C,F-JXET,ELA7,ELA AVIACION ELA-7,G1P,L
3A357C,F-JGEB,SVNH,AEROTEC Savannah,L1P,L
3A367C,F-JGJB,ULAC,,L0-,-
3B777C,475,C135,BOEING NC-135,L4J,H
3B7B7C,F-ZWTF,NH90,NHI NH-90,H2T,M
3C127C,D-AVZZ,A321,AIRBUS A-321,L2J,M
3C177C,D-AXXF,A21N,AIRBUS A-321neo,L2J,M
3C1A7C,D-AZAT,A321,AIRBUS A-321,L2J,M
3CC57C,D-CCCA,LJ35,LEARJET 35,L2J,M
3D067C,D-EASA,DR30,CENTRE EST Prince,L1P,L
3D087C,D-EBLS,C172,CESSNA 172 Skyhawk,L1P,L
3D097C,D-EBVO,C152,CESSNA 152,L1P,L
3D0A7C,D-ECFK,DR40,ROBIN DR-400,L1P,L
3D0E7C,D-EDSU,C182,CESSNA 182 Skylane,L1P,L
3D107C,D-EEMM,EAGL,CHRISTEN Eagle,L1P,L
3D117C,D-EEWI,BE33,BEECH 33 Bonanza,L1P,L
3D137C,D-EFQA,KL07,BOLKOW BO-107,L1P,L
3D147C,D-EFZW,DV20,DIAMOND DA-20,L1P,L
3D187C,D-EHNG,C152,CESSNA 152,L1P,L
3D1D7C,D-EJKM,P28A,PIPER PA-28-140/150/160/180,L1P,L
3D207C,D-EKOA,P28T,PIPER PA-28RT-201,L1P,L
3D227C,D-ELHS,SUBA,FUJI FA-200 Aero Subaru,L1P,L
3D237C,D-ELRO,B36T,BEECH 36 Turbine Bonanza,L1T,L
3D247C,D-EMBK,C150,CESSNA 150,L1P,L
3D257C,D-EMLG,C172,CESSNA 172 Skyhawk,L1P,L
3D267C,D-EMVC,F260,AERMACCHI SF-260,L1P,L
3D2B7C,D-EOSI,WA40,WASSMER WA-40 Super 4,L1P,L
3D2C7C,D-EPCE,C172,CESSNA 172 Skyhawk,L1P,L
3D2D7C,D-EPMA,M20T,MOONEY M-20T,L1P,L
3D337C,D-ERTC,EVSS,EVEKTOR SportStar,L1P,L
3D347C,D-ESCY,SR22,CIRRUS SR-22,L1P,L
3D3C7C,D-EVDS,C182,CESSNA 182 Skylane,L1P,L
3D477C,D-EZIA,DR40,ROBIN DR-400,L1P,L
3D7F7C,D-FUNK,C208,CESSNA 208 Caravan,L1T,L
3D8E7C,D-GAFC,PA44,PIPER PA-44 Seminole,L2P,L
3DD37C,D-HAIM,R66,ROBINSON R-66,H1T,L
3DD67C,D-HBMA,A109,AGUSTA AW-109 Grand,H2T,L
3DDC7C,D-HDTC,R44,ROBINSON R-44 Raven,H1P,L
3DDD7C,D-HECY,EC35,AIRBUS HELICOPTERS EC-135/635,H2T,L
3DE37C,D-HGKA,B06,BELL 206 JetRanger,H1T,L
3E037C,D-HSNC,EC35,AIRBUS HELICOPTERS EC-135/635,H2T,L
3E167C,D-HZSE,EC35,AIRBUS HELICOPTERS EC-135/635,H2T,L
3E3E7C,D-IOWA,C525,CESSNA 525 CitationJet,L2J,L
3E5D7C,D-KAPG,DIMO,DIAMOND H-36 Dimona,L1P,L
3E647C,D-KDGE,DG1T,DG FLUGZEUGBAU DG-1001T,L1P,L
3E6C7C,D-KGGY,VENT,SCHEMPP-HIRTH Ventus,L1P,L
3E717C,D-KIEE,SF25,SCHEIBE SF-25 Falke,L1P,L
3E747C,D-KJHS,GLID,,L0-,-
3E777C,D-KKLG,NIMB,SCHEMPP-HIRTH Nimbus,L1P,L
3E797C,D-KLEY,GLID,,L0-,-
3E7A7C,D-KLOU,SF25,SCHEIBE SF-25 Falke,L1P,L
3E7C7C,D-KMIM,GLID,,L0-,-
3E7D7C,D-KMSI,GLID,,L0-,-
3E7F7C,D-KNMA,S10S,STEMME S-10 Chrysalis,L1P,L
3ECC7C,D-KSKA,DG80,DG FLUGZEUGBAU DG-800,L1P,L
3ED67C,D-KWEM,DIMO,DIAMOND H-36 Dimona,L1P,L
3EDC7C,D-KYLO,VENT,SCHEMPP-HIRTH Ventus,L1P,L
3EE27C,D-0485,DUOD,SCHEMPP-HIRTH Duo Discus,L1P,L
3EEC7C,D-3045,GLID,,L0-,-
3EF07C,D-4069,GLID,,L0-,-
3EF37C,D-4837,DISC,SCHEMPP-HIRTH Discus,L1P,L
3EF57C,D-5349,GLID,,L0-,-
3EF77C,D-5861,GLID,,L0-,-
3EFB7C,D-6885,GLID,,L0-,-
3F017C,D-8421,GLID,,L0-,-
3F057C,D-9445,GLID,,L0-,-
3F397C,D-OHRG,BALL,,B0-,-
3F727C,54+08,A400,AIRBUS A-400M,L4T,H
3F927C,89+68,S61,SIKORSKY S-61 Sea King,H2T,M
3FD37C,D-ORNG,BALL,,B0-,-
3FEA7C,D-MPMR,PNR3,ALPI Pioneer 330,L1P,L
3FEC7C,D-MWBT,ECHO,TECNAM P-92 Echo,L1P,L
3FEE7C,D-MFDX,FDCT,FLIGHT DESIGN CT,L1P,L
3FEF7C,D-MSNG,FDCT,FLIGHT DESIGN CT,L1P,L
3FF27C,D-MVMA,G3,REMOS Mirage,L1P,L
3FF47C,D-MYRL,G3,REMOS Mirage,L1P,L
3FF57C,D-MWGH,FK9,B&F TECHNIK FK-9,L1P,L
40087C,G-EUPM,A319,AIRBUS A-319,L2J,M
40097C,G-EUUA,A320,AIRBUS A-320,L2J,M
400A7C,G-DBCC,A319,AIRBUS A-319,L2J,M
40107C,G-GTTP,ULAC,,L0-,-
40127C,G-BZDV,GAZL,AEROSPATIALE SA-341 Gazelle,H1T,L
40137C,G-RBRI,R44,ROBINSON R-44 Raven,H1P,L
40157C,G-ARTH,PA12,PIPER PA-12 Super Cruiser,L1P,L
40177C,G-AWDR,C172,CESSNA 172 Skyhawk,L1P,L
40187C,G-AYAN,GLID,,L0-,-
40197C,G-AZRI,BALL,,B0-,-
401C7C,G-BEOE,C150,CESSNA 150,L1P,L
401D7C,G-RVRM,PA38,PIPER PA-38 Tomahawk,L1P,L
401F7C,G-BIZR,TAMP,SOCATA TB-9 Tampico,L1P,L
40277C,G-BMTA,C152,CESSNA 152,L1P,L
40287C,G-MTFB,ULAC,,L0-,-
40297C,G-MTMA,ULAC,,L0-,-
402C7C,G-TSGJ,P28A,PIPER PA-28-140/150/160/180,L1P,L
40317C,G-MASS,C152,CESSNA 152,L1P,L
40337C,G-WAIR,PA32,PIPER PA-32,L1P,L
403C7C,G-HAPY,DHC1,DE HAVILLAND DHC-1 Chipmunk,L1P,L
403E7C,G-OBHE,R44,ROBINSON R-44 Raven,H1P,L
40417C,G-ICBM,GLAS,Glasair,L1P,L
40427C,G-DBDB,GYRO,,G0-,-
40467C,G-CBID,BDOG,BRITISH AEROSPACE SA-3 Bulldog,L1P,L
40477C,G-ELUN,DR40,ROBIN DR-400,L1P,L
40487C,G-CCAZ,ULAC,,L0-,-
40497C,G-CCFI,PA32,PIPER PA-32,L1P,L
404A7C,G-ORBK,R44,ROBINSON R-44 Raven,H1P,L
404D7C,G-CDJJ,YK52,YAKOVLEV Yak-52,L1P,L
40507C,G-DFUN,RV6,VANS RV-6,L1P,L
40547C,G-DSPL,DA40,DIAMOND DA-40 Club Star,L1P,L
40597C,G-CFCW,MT,ROTORSPORT MTOSport,G1P,L
405E7C,G-CKAC,GLID,,L0-,-
405F7C,G-WGSI,ULAC,,L0-,-
40617C,G-CGER,BALL,,B0-,-
40627C,G-CGIB,ULAC,,L0-,-
40647C,G-CGRM,SPIT,SUPERMARINE Spitfire,L1P,L
40667C,G-EMAC,R22,ROBINSON R-22 Mariner,H1P,L
40677C,G-CHJS,AS29,SCHLEICHER ASG-29,L1P,L
40687C,G-CMDK,P51,NORTH AMERICAN P-51 Mustang,L1P,L
40697C,G-EUYR,A320,AIRBUS A-320,L2J,M
406A7C,G-STEL,NG5,BRM AERO NG-5/6 Bristell,L1P,L
406B7C,G-VINL,S92,SIKORSKY S-92 Helibus,H2T,M
406C7C,G-CILL,NG5,BRM AERO NG-5/6 Bristell,L1P,L
406D7C,G-CIPS,EFOX,AEROPRO Eurofox,L1P,L
406F7C,G-ZBKP,B789,BOEING 787-9 Dreamliner,L2J,H
40707C,G-EENO,T210,CESSNA T210 Turbo Centurion,L1P,L
40717C,G-JZBH,B738,BOEING 737-800,L2J,M
40737C,G-CKID,G120,GROB G-120,L1P,L
40757C,G-HEAL,BALL,,B0-,-
40767C,G-ISLM,AT75,ATR-72-500,L2T,M
40777C,G-DRTI,B738,BOEING 737-800,L2J,M
40787C,G-MDAM,SUBA,FUJI FA-200 Aero Subaru,L1P,L
40797C,G-ZBLE,B78X,BOEING 787-10 Dreamliner,L2J,H
407C7C,G-MIIL,EXNG,EXTRA NG,L1P,L
42417C,VP-CKW,B733,BOEING 737-300,L2J,M
42457C,VQ-BQE,B77W,BOEING 777-300ER,L2J,H
42477C,VP-CFZ,CRJ2,BOMBARDIER Regional Jet CRJ-200,L2J,M
43C07C,XW846,GAZL,AEROSPATIALE SA-341 Gazelle,H1T,L
43C17C,ZA601,TOR,PANAVIA Tornado,L2J,M
43C27C,ZJ211,H64,MCDONNELL DOUGLAS AH-64 Apache,H2T,M
43C67C,ZF239,TUCA,EMBRAER EMB-312 Tucano,L1T,L
43C77C,ZK353,EUFI,EUROFIGHTER 2000,L2J,M
43C87C,WK038,DRON,,D0-,-
43E77C,M-JETT,FA20,DASSAULT Falcon 200,L2J,M
43E97C,M-USIC,GLF5,GULFSTREAM 5,L2J,M
43EA7C,M-SHRM,A139,AGUSTA AW-139,H2T,L
43EE7C,2-MXBA,A333,AIRBUS A-330-300,L2J,H
44007C,OE-LPC,B772,BOEING 777-200,L2J,H
44017C,OE-IJH,A320,AIRBUS A-320,L2J,M
44027C,OE-DGE,DA40,DIAMOND DA-40 Club Star,L1P,L
44037C,OE-UDL,DA42,DIAMOND DA-42 Guardian,L2P,L
44047C,OE-DRN,P28T,PIPER PA-28RT-201,L1P,L
44057C,OE-SOE,BALL,,B0-,-
44067C,OE-GXT,C25C,CESSNA 525C Citation CJ4,L2J,M
44097C,OE-SGK,BALL,,B0-,-
440A7C,OE-IPF,A320,AIRBUS A-320,L2J,M
44F67C,ST-45,F260,AERMACCHI SF-260,L1P,L
451C7C,LZ-CCT,L410,LET L-410 Turbolet,L2T,L
461A7C,OH-KAU,DV20,DIAMOND DA-20,L1P,L
465A7C,OH-684,GLID,,L0-,-
46807C,4124,C27J,ALENIA C-27J Spartan,L2T,M
471A7C,HA-KAU,AT72,ATR-72-202,L2T,M
471F7C,HA-LYA,A320,AIRBUS A-320,L2J,M
47857C,LN-BDL,C172,CESSNA 172 Skyhawk,L1P,L
47877C,LN-RFK,C172,CESSNA 172 Skyhawk,L1P,L
47917C,LN-LAW,SR20,CIRRUS SR-20,L1P,L
47947C,LN-NIH,B738,BOEING 737-800,L2J,M
47C37C,LN-GAL,GLID,,L0-,-
47C67C,LN-UPT,Z42,ZLIN Z-42/142/242,L1P,L
48047C,J-509,F16,GENERAL DYNAMICS F-16 Fighting Falcon,L1J,M
48457C,PH-1381,VENT,SCHEMPP-HIRTH Ventus,L1P,L
48467C,PH-KAC,C172,CESSNA 172 Skyhawk,L1P,L
48477C,PH-PPP,P28U,PIPER PA-28RT-201T Turbo,L1P,L
48487C,PH-4C6,EV97,EVEKTRO EV-97 EuroStar,L1P,L
48497C,PH-GZC,BL8,BELLANCA 8 Decathlon,L1P,L
484A7C,PH-1216,GLID,,L0-,-
484B7C,PH-SCC,BALL,,B0-,-
484D7C,PH-JON,BALL,,B0-,-
484F7C,PH-EZT,E190,EMBRAER ERJ-190-100,L2J,M
48507C,PH-EUJ,A139,AGUSTA AW-139,H2T,L
48517C,PH-1554,DISC,SCHEMPP-HIRTH Discus,L1P,L
48537C,PH-LFG,BALL,,B0-,-
48547C,PH-1UQ,ZZZZ,,-0-,-
48557C,PH-2FY,ZZZZ,,-0-,-
48567C,PH-2SQ,ZZZZ,,-0-,-
485B7C,PH-ABS,BALL,,B0-,-
485C7C,PH-CEO,SR22,CIRRUS SR-22,L1P,L
49B07C,OK-9102,GLID,,L0-,-
49C07C,OK-QUU90,ECHO,TECNAM P-92 Echo,L1P,L
49C27C,OK-VUA 19,TL20,TL ULTRALIGHT TL-2000 Sting,L1P,L
49D07C,OK-ELO,C303,CESSNA T303 Crusader,L2P,L
49D17C,OK-DOD,Z43,ZLIN Z-43/143,L1P,L
49D27C,OK-GTP,R44,ROBINSON R-44 Raven,H1P,L
49D37C,OK-USD,C172,CESSNA 172 Skyhawk,L1P,L
4B027C,HB-AYM,A20N,AIRBUS A-320neo,L2J,M
4B057C,HB-CCA,C172,CESSNA 172 Skyhawk,L1P,L
4B087C,HB-DFO,M20T,MOONEY M-20T,L1P,L
4B187C,HB-JHC,A333,AIRBUS A-330-300,L2J,H
4B1A7C,HB-KAU,TOBA,SOCATA Tobago,L1P,L
4B207C,HB-MHW,E300,EXTRA EA-300/330/350,L1P,L
4B257C,HB-OFC,J3,PIPER J-3 Cub,L1P,L
4B2C7C,HB-QWA,BALL,,B0-,-
4B327C,HB-TDC,C172,CESSNA 172 Skyhawk,L1P,L
4B397C,HB-VUA,PC24,PILATUS PC-24,L2J,M
4B437C,HB-ZOM,G2CA,GUIMBAL G-2 Cabri,H1P,L
4B447C,HB-ZYI,B429,BELL 429 GlobalRanger,H2T,L
4B4D7C,HB-2261,SF25,SCHEIBE SF-25 Falke,L1P,L
4B4E7C,HB-2517,GLID,,L0-,-
4B507C,HB-3029,GLID,,L0-,-
4C807C,5B-CMD,P208,TECNAM P-2008,L1P,L
4CA27C,EI-DHO,B738,BOEING 737-800,L2J,M
4CA57C,EI-GLL,GLID,,L0-,-
4CA87C,EI-EJG,A332,AIRBUS A-330-200,L2J,H
4CA97C,EI-ESV,B738,BOEING 737-800,L2J,M
4CC27C,TF-ISR,B752,BOEING 757-200,L2J,M
4D207C,9H-CFD,SIRA,TECNAM P-2002 Sierra,L1P,L
4D227C,9H-QAV,B738,BOEING 737-800,L2J,M
4D237C,9H-SMH,A333,AIRBUS A-330-300,L2J,H
4D247C,9H-NCD,AT76,ATR-72-600,L2T,M
50017C,T7-LAM,GL5T,BOMBARDIER BD-700 Global 5000/5500,L2J,M
50027C,T7-VKR,F2TH,DASSAULT Falcon 2000,L2J,M
501D7C,9A-BTD,F100,FOKKER 100,L2J,M
502C7C,YL-BAQ,DH8D,DE HAVILLAND DHC-8-400 Dash 8,L2T,M
503E7C,LY-NVO,A320,AIRBUS A-320,L2J,M
507C7C,UK888,A319,AIRBUS A-319,L2J,M
50827C,UR-LDB,C680,CESSNA 680 Citation Sovereign,L2J,M
70207C,S2-AIO,B738,BOEING 737-800,L2J,M
70C07C,555,A320,AIRBUS A-320,L2J,M
71007C,HZ-ASC,A320,AIRBUS A-320,L2J,M
71027C,6615,TOR,PANAVIA Tornado,L2J,M
73947C,4X-BIZ,H269,HUGHES Sky Knight,H1P,L
73957C,4X-CUT,H25B,HAWKER BEECHCRAFT Hawker 750/850,L2J,M
75047C,9M-RAA,A320,AIRBUS A-320,L2J,M
75827C,RP-C7772,B77W,BOEING 777-300ER,L2J,H
75837C,RP-C8686,EC30,AIRBUS HELICOPTERS EC-130,H1T,L
75857C,RP-3086,B429,BELL 429 GlobalRanger,H2T,L
78007C,B-6200,A319,AIRBUS A-319,L2J,M
78017C,B-HSD,A320,AIRBUS A-320,L2J,M
78027C,B-6711,A321,AIRBUS A-321,L2J,M
78037C,B-2426,B744,BOEING 747-400,L4J,H
78047C,B-5349,B738,BOEING 737-800,L2J,M
78057C,B-5458,B738,BOEING 737-800,L2J,M
78067C,B-5537,B738,BOEING 737-800,L2J,M
78077C,B-5448,B738,BOEING 737-800,L2J,M
78087C,B-6865,A320,AIRBUS A-320,L2J,M
78097C,B-5710,B738,BOEING 737-800,L2J,M
780A7C,B-HTJ,A321,AIRBUS A-321,L2J,M
780B7C,B-9973,A320,AIRBUS A-320,L2J,M
780D7C,B-5827,B737,BOEING 737-700,L2J,M
780E7C,B-6268,B738,BOEING 737-800,L2J,M
78107C,B-3232,E195,EMBRAER ERJ-190-200,L2J,M
78127C,B-1338,B738,BOEING 737-800,L2J,M
78137C,B-1247,A20N,AIRBUS A-320neo,L2J,M
78147C,B-1155,B738,BOEING 737-800,L2J,M
78157C,B-207G,B738,BOEING 737-800,L2J,M
78187C,B-70Q8,B429,BELL 429 GlobalRanger,H2T,L
78197C,B-30FR,A21N,AIRBUS A-321neo,L2J,M
781B7C,B-724F,B412,BELL 412,H2T,L
7A427C,30270,ZZZZ,,-0-,-
7A437C,30270,AN12,ANTONOV An-12,L4T,M
7C007C,VH-ADQ,J1,AUSTER J-1,L1P,L
7C077C,VH-BRI,C182,CESSNA 182 Skylane,L1P,L
7C087C,VH-BYM,AUS5,AUSTER AOP5,L1P,L
7C0A7C,VH-CCU,C172,CESSNA 172 Skyhawk,L1P,L
7C117C,VH-DQM,BT36,BEECH B36TC Bonanza,L1P,L
7C177C,VH-EXA,A139,AGUSTA AW-139,H2T,L
7C1A7C,VH-FIM,BT36,BEECH B36TC Bonanza,L1P,L
7C1C7C,VH-FWU,BE23,BEECH 23 Sundowner,L1P,L
7C237C,VH-HAM,C208,CESSNA 208 Caravan,L1T,L
7C267C,VH-HVY,AS50,AEROSPATIALE AS-350 Ecureuil,H1T,L
7C2A7C,VH-IOE,AC50,NORTH AMERICAN ROCKWELL Commander 500,L2P,L
7C2E7C,VH-JGU,C210,CESSNA 201 Centurion,L1P,L
7C337C,VH-KGE,PA31,PIPER PA-31-300/310/325/350/425,L2P,L
7C3D7C,VH-MFI,GA8,GIPPSAERO GA-8 Airvan,L1P,L
7C477C,VH-OEM,RV9,VANS RV-9,L1P,L
7C4A7C,VH-OZY,C172,CESSNA 172 Skyhawk,L1P,L
7C567C,VH-RDA,AS50,AEROSPATIALE AS-350 Ecureuil,H1T,L
7C5B7C,VH-SCU,C172,CESSNA 172 Skyhawk,L1P,L
7C607C,VH-TCE,PA31,PIPER PA-31-300/310/325/350/425,L2P,L
7C617C,VH-TJI,A139,AGUSTA AW-139,H2T,L
7C627C,VH-TQM,DH8C,DE HAVILLAND DHC-8-300 Dash 8,L2T,M
7C657C,VH-UBY,R22,ROBINSON R-22 Mariner,H1P,L
7C6B7C,VH-VIM,AS50,AEROSPATIALE AS-350 Ecureuil,H1T,L
7C6C7C,VH-VPQ,B350,BEECHCRAFT Super King Air 350,L2T,M
7C6D7C,VH-VWU,A321,AIRBUS A-321,L2J,M
7C717C,VH-WPA,C182,CESSNA 182 Skylane,L1P,L
7C747C,VH-XAM,C210,CESSNA 201 Centurion,L1P,L
7C777C,VH-XVY,R44,ROBINSON R-44 Raven,H1P,L
7C7A7C,VH-YHA,Y18T,YAKOVLEV Yak-18T,L1P,L
7C7B7C,VH-YOE,R44,ROBINSON R-44 Raven,H1P,L
7C7F7C,VH-ZGU,C172,CESSNA 172 Skyhawk,L1P,L
7CF87C,A40-013,NH90,NHI NH-90,H2T,M
80027C,HM686,D228,DORNIER 228,L2T,L
80047C,VT-PPI,A321,AIRBUS A-321,L2J,M
80057C,VT-EDD,A320,AIRBUS A-320,L2J,M
800B7C,VT-GVR,A139,AGUSTA AW-139,H2T,L
800C7C,VT-IHK,A320,AIRBUS A-320,L2J,M
800D7C,VT-SYL,B739,BOEING 737-900,L2J,M
80157C,VT-YAR,B38M,BOEING 737 MAX 8,L2J,M
840A7C,JA02XJ,A359,AIRBUS A-350-900,L2J,H
845D7C,JA110Y,B412,BELL 412,H2T,L
84657C,JA137A,A21N,AIRBUS A-321neo,L2J,M
85167C,JA32HA,C172,CESSNA 172 Skyhawk,L1P,L
85E27C,JA59AN,B738,BOEING 737-800,L2J,M
861F7C,JA6196,A139,AGUSTA AW-139,H2T,L
86787C,JA713A,B772,BOEING 777-200,L2J,H
86837C,JA745A,B772,BOEING 777-200,L2J,H
868E7C,JA777A,B77W,BOEING 777-300ER,L2J,H
86CF7C,JA809A,B788,BOEING 787-8 Dreamliner,L2J,H
88817C,VN-A607,A21N,AIRBUS A-321neo,L2J,M
89407C,A9C-CF,A321,AIRBUS A-321,L2J,M
89617C,A6-EGD,B77W,BOEING 777-300ER,L2J,H
89637C,A6-EIS,A320,AIRBUS A-320,L2J,M
89647C,A6-EUR,A388,AIRBUS A-380-800,L4J,H
89657C,A6-HFJ,B505,BELL 505 JetRanger X,H1T,L
89907C,B-17882,B789,BOEING 787-9 Dreamliner,L2J,H
8A017C,PK-AXD,A320,AIRBUS A-320,L2J,M
8A027C,PK-WFP,AT75,ATR-72-500,L2T,M
8A037C,PK-TWY,GLF4,GULFSTREAM 4,L2J,M
8A047C,PK-GRP,CRJX,BOMBARDIER Regional Jet CRJ-1000,L2J,M
8A077C,PK-WJM,AT76,ATR-72-600,L2T,M
8A087C,P-3301,A169,AGUSTA AW-169,H2T,L
A0007C,N1EX,BOLT,STEEN Skybolt,L1P,L
A0017C,N1RC,CL35,BOMBARDIER BD-100 Challenger 350,L2J,M
A0027C,N10BH,GLID,,L0-,-
A0047C,N10XV,B06,BELL 206 JetRanger,H1T,L
A0057C,N100J,PC24,PILATUS PC-24,L2J,M
A0087C,N101AS,L13M,LET L-13 Blanik,L1P,L
A00B7C,N1015K,L8,LUSCOMBE 8,L1P,L
A0117C,N103SU,H500,HUGHES 500,H1T,L
A0127C,N1032E,CH7A,BELLANCA 7 Champion,L1P,L
A0167C,N1044H,PA34,PIPER PA-34 Seneca,L2P,L
A0177C,N105CC,PA18,PIPER PA-18 Super Cub,L1P,L
A0187C,N105NJ,UH1,BELL UH-1 Huey,H1T,L
A01A7C,N1056L,LA4,LAKE LA-4/200,A1P,L
A01C7C,N106RG,C182,CESSNA 182 Skylane,L1P,L
A0217C,N1073F,C172,CESSNA 172 Skyhawk,L1P,L
A0257C,N1085J,VO10,NORTH AMERICAN ROCKWELL Commander 100,L1P,L
A0297C,N1097M,C172,CESSNA 172 Skyhawk,L1P,L
A02A7C,N11GM,BE35,BEECH 35 Starfire Bonanza,L1P,L
A02B7C,N11ST,SONX,SONEX AIRCRAFT Sonex,L1P,L
A02D7C,N110PD,EN28,ENSTROM F-28,H1P,L
A02F7C,N11066,CH7A,BELLANCA 7 Champion,L1P,L
A0307C,N111FW,BE40,BEECH 400 Beechjet,L2J,M
A0327C,N1111Y,C150,CESSNA 150,L1P,L
A0337C,N11189,E45X,EMBRAER ERJ-145XR,L2J,M
A0357C,N112V,TOBA,SOCATA Tobago,L1P,L
A0367C,N11231,C150,CESSNA 150,L1P,L
A0387C,N113MS,CH7B,BELLANCA 7 Citabria,L1P,L
A0417C,N1152Z,C172,CESSNA 172 Skyhawk,L1P,L
A0427C,N116,KMAX,KAMAN K-Max,H1T,L
A0457C,N11642,CH7A,BELLANCA 7 Champion,L1P,L
A0467C,N117CX,ZZZZ,,-0-,-
A0477C,N117PC,B407,BELL 407,H1T,L
A04B7C,N118SA,BE18,BEECH 18 Expetitor,L2P,L
A04E7C,N119JT,SRAI,GREAT PLAINS Sonerai,L1P,L
A0527C,N12MR,,,,
A0537C,N12XX,YK52,YAKOVLEV Yak-52,L1P,L
A0587C,N121M,C182,CESSNA 182 Skylane,L1P,L
A05A7C,N1215M,T210,CESSNA T210 Turbo Centurion,L1P,L
A05B7C,N122DS,PRM1,RAYTHEON 390 Premier 1,L2J,L
A0607C,N123SW,P28A,PIPER PA-28-140/150/160/180,L1P,L
A0617C,N1232G,C172,CESSNA 172 Skyhawk,L1P,L
A0627C,N1239T,PA34,PIPER PA-34 Seneca,L2P,L
A0647C,N124VU,AA5,AMERICAN AA-5 Tiger,L1P,L
A0667C,N125CE,C550,CESSNA 550 Citation S2,L2J,L
A0687C,N125YS,SONX,SONEX AIRCRAFT Sonex,L1P,L
A06D7C,N1268R,COL4,CESSNA 400 Corvalis TT,L1P,L
A0707C,N1273H,P28R,PIPER PA-28R-180/200/201,L1P,L
A0717C,N128AT,,,,
A0777C,N1290C,SR22,CIRRUS SR-22,L1P,L
A0797C,N13GP,PA30,PIPER PA-30 Twin Comanche,L2P,L
A07A7C,N13SV,,,,
A07B7C,N130D,DC3,DOUGLAS DC-3 Dakota,L2P,M
A07C7C,N130PF,EC30,AIRBUS HELICOPTERS EC-130,H1T,L
A0807C,N131SD,B06,BELL 206 JetRanger,H1T,L
A0817C,N13110,B752,BOEING 757-200,L2J,M
A0837C,N132JW,AT6T,AIR TRACTOR AT-602,L1T,L
A0857C,N13233,GLID,,L0-,-
A0897C,N13356,C172,CESSNA 172 Skyhawk,L1P,L
A08C7C,N1340Y,C172,CESSNA 172 Skyhawk,L1P,L
A08D7C,N13479,C172,CESSNA 172 Skyhawk,L1P,L
A08E7C,N135HJ,BEAR,AVIPRO RB-4 Bearhawk,L1P,L
A0907C,N13521,C172,CESSNA 172 Skyhawk,L1P,L
A0917C,N136AA,BE36,BEECH 36 Bonanza,L1P,L
A0947C,N13644,C172,CESSNA 172 Skyhawk,L1P,L
A0967C,N137PE,SR22,CIRRUS SR-22,L1P,L
A0A07C,N14BM,C425,CESSNA 425 Corsair,L2T,L
A0A17C,N14MT,C182,CESSNA 182 Skylane,L1P,L
A0AA7C,N142DU,BCS1,AIRBUS A220-100,L2J,M
A0AC7C,N1420F,C172,CESSNA 172 Skyhawk,L1P,L
A0AD7C,N1427S,PA23,PIPER PA-23,L2P,L
A0AE7C,N143GS,T206,CESSNA T206 Turbo Stationair,L1P,L
A0AF7C,N143SY,E75L,EMBRAER ERJ-170-200 (long wing),L2J,M
A0B07C,N1432J,AC11,NORTH AMERICAN ROCKWELL Commander 112/114,L1P,L
A0B47C,N1444M,BE35,BEECH 35 Starfire Bonanza,L1P,L
A0B57C,N145CG,C25B,CESSNA 525B Citation CJ3,L2J,L
A0B97C,N146FE,B763,BOEING 767-300,L2J,H
A0BC7C,N1468T,P28R,PIPER PA-28R-180/200/201,L1P,L
A0BF7C,N1473K,COL4,CESSNA 400 Corvalis TT,L1P,L
A0C47C,N149DT,P28R,PIPER PA-28R-180/200/201,L1P,L
A0C67C,N1490E,C172,CESSNA 172 Skyhawk,L1P,L
A0C77C,N1497R,AA1,AMERICAN AA-1,L1P,L
A0C87C,N15GR,T34T,BEECH T-34C Turbo Mentor,L1T,L
A0C97C,N15SX,SONX,SONEX AIRCRAFT Sonex,L1P,L
A0CA7C,N150DB,C150,CESSNA 150,L1P,L
A0CB7C,N150PH,C150,CESSNA 150,L1P,L
A0CE7C,N151G,P28A,PIPER PA-28-140/150/160/180,L1P,L
A0CF7C,N151SF,P28A,PIPER PA-28-140/150/160/180,L1P,L
A0D07C,N15112,RELI,STINSON Reliant,L1P,L
A0D17C,N1519C,C180,CESSNA  180 Skywagon,L1P,L
A0D47C,N15235,P28A,PIPER PA-28-140/150/160/180,L1P,L
A0D67C,N153MW,GLID,,L0-,-
A0D87C,N15358,P28B,PIPER PA-28-201T/235/236,L1P,L
A0DF7C,N15523,P28R,PIPER PA-28R-180/200/201,L1P,L
A0E37C,N15646,PA32,PIPER PA-32,L1P,L
A0E47C,N157DA,DA62,DIAMOND DA-62,L2P,L
A0EB7C,N1589B,L8,LUSCOMBE 8,L1P,L
A0F47C,N1603N,FNKB,FUNK B,L1P,L
A0FE7C,N163T,PA18,PIPER PA-18 Super Cub,L1P,L
A10E7C,N1673M,C185,CESSNA 185 Skywagon,L1P,L
A1127C,N1685Q,C150,CESSNA 150,L1P,L
A1177C,N17GT,AA5,AMERICAN AA-5 Tiger,L1P,L
A1187C,N17SZ,GLID,,L0-,-
A11A7C,N170PK,GLST,GLASAIR SH-4 GlaStar,L1P,L
A11D7C,N171GB,GB1,GAME COMPOSITES GameBird,L1P,L
A11E7C,N171SH,R44,ROBINSON R-44 Raven,H1P,L
A1217C,N172K,C172,CESSNA 172 Skyhawk,L1P,L
A12F7C,N176AE,B06,BELL 206 JetRanger,H1T,L
A1307C,N176LL,C210,CESSNA 201 Centurion,L1P,L
A1317C,N176WS,WAIX,SONEX Waiex,L1P,L
A1337C,N177DC,C77R,CESSNA 177RG Cardinal RG,L1P,L
A1367C,N1777A,P28B,PIPER PA-28-201T/235/236,L1P,L
A1387C,N178SG,PA31,PIPER PA-31-300/310/325/350/425,L2P,L
A13D7C,N17936,GLID,,L0-,-
A13E7C,N18BR,PA32,PIPER PA-32,L1P,L
A1417C,N180JH,C180,CESSNA  180 Skywagon,L1P,L
A1447C,N181B,EFOX,AEROPRO Eurofox,L1P,L
A1477C,N1815T,T51,TITAN T-51 Mustang,L1P,L
A1487C,N182DY,C182,CESSNA 182 Skylane,L1P,L
A14A7C,N1820K,C182,CESSNA 182 Skylane,L1P,L
A14D7C,N183TB,TBM7,SOCATA TBM-700A/B/C,L1T,L
A1537C,N185CL,C185,CESSNA 185 Skywagon,L1P,L
A1557C,N185YY,C185,CESSNA 185 Skywagon,L1P,L
A1597C,N1861L,BE95,BEECH 95 Travel Air,L2P,L
A15B7C,N187JG,GLID,,L0-,-
A15F7C,N188ME,C206,CESSNA  206 Stationair,L1P,L
A1657C,N1897V,C172,CESSNA 172 Skyhawk,L1P,L
A1677C,N19TA,C177,CESSNA  177 Cardinal,L1P,L
A1687C,N190DF,C190,CESSNA 190,L1P,L
A1697C,N190PM,B190,BEECH 1900,L2T,M
A16D7C,N191SK,PARA,,P0-,-
A1747C,N193N,GLID,,L0-,-
A1767C,N1936B,L8,LUSCOMBE 8,L1P,L
A1797C,N19404,C150,CESSNA 150,L1P,L
A17A7C,N1948E,CH7A,BELLANCA 7 Champion,L1P,L
A17C7C,N195TW,C195,CESSNA 195,L1P,L
A17E7C,N196AG,PA31,PIPER PA-31-300/310/325/350/425,L2P,L
A1857C,N1977C,C170,CESSNA 170,L1P,L
A1897C,N1989F,FA50,DASSAULT Falcon 50,L3J,M
A18A7C,N199KA,,,,
A18C7C,N19938,C172,CESSNA 172 Skyhawk,L1P,L
A18F7C,N2YE,C310,CESSNA 310,L2P,L
A1907C,N20JK,C25A,CESSNA 525A Citation CJ2,L2J,L
A1937C,N200RB,WAIX,SONEX Waiex,L1P,L
A1947C,N20008,C177,CESSNA  177 Cardinal,L1P,L
A1957C,N2008J,BALL,,B0-,-
A1967C,N201HU,M20P,MOONEY M-20,L1P,L
A1987C,N2013A,BE19,BEECH 19 Sport,L1P,L
A19A7C,N202LS,DA40,DIAMOND DA-40 Club Star,L1P,L
A1A07C,N2037G,C182,CESSNA 182 Skylane,L1P,L
A1A37C,N20419,PARA,,P0-,-
A1A47C,N2049K,B190,BEECH 1900,L2T,M
A1A77C,N2054B,L8,LUSCOMBE 8,L1P,L
A1A87C,N206BX,B06,BELL 206 JetRanger,H1T,L
A1AB7C,N2066E,AT5T,AIR TRACTOR AT-504,L1T,L
A1AC7C,N207EV,B17,BOEING B-17 Flying Fortress,L4P,M
A1AE7C,N20707,C172,CESSNA 172 Skyhawk,L1P,L
A1AF7C,N2078H,ERCO,AIR PRODUCTS F-1 Aircoupe,L1P,L
A1B77C,N21DH,GLF4,GULFSTREAM 4,L2J,M
A1B87C,N21PP,,,,
A1BD7C,N211CS,B06,BELL 206 JetRanger,H1T,L
A1BE7C,N211NY,,,,
A1C07C,N21160,PA34,PIPER PA-34 Seneca,L2P,L
A1C37C,N2121S,M20P,MOONEY M-20,L1P,L
A1C97C,N214ML,BE30,BEECH 300 Super King Air,L2T,L
A1CB7C,N2145Y,C172,CESSNA 172 Skyhawk,L1P,L
A1CF7C,N21571,C172,CESSNA 172 Skyhawk,L1P,L
A1D07C,N216HA,A21N,AIRBUS A-321neo,L2J,M
A1D27C,N2162T,P28A,PIPER PA-28-140/150/160/180,L1P,L
A1D67C,N2174W,BE23,BEECH 23 Sundowner,L1P,L
A1DA7C,N2186Z,T206,CESSNA T206 Turbo Stationair,L1P,L
A1DC7C,N219RV,RV9,VANS RV-9,L1P,L
A1DD7C,N2191R,C182,CESSNA 182 Skylane,L1P,L
A1DF7C,N22JM,SA75,STOLP SA-750 Acroduster Too,L1P,L
A1E07C,N22UT,PA32,PIPER PA-32,L1P,L
A1E37C,N2201,M20P,MOONEY M-20,L1P,L
A1E77C,N2213C,C180,CESSNA  180 Skywagon,L1P,L
A1EB7C,N2225F,C172,CESSNA 172 Skyhawk,L1P,L
A1EC7C,N223DL,FOX,KITFOX,L1P,L
A1ED7C,N223PS,RV6,VANS RV-6,L1P,L
A1EF7C,N2237J,C150,CESSNA 150,L1P,L
A1F37C,N2249M,C310,CESSNA 310,L2P,L
A1FA7C,N2266G,R66,ROBINSON R-66,H1T,L
A1FB7C,N227EX,RV6,VANS RV-6,L1P,L
A1FD7C,N22709,C150,CESSNA 150,L1P,L
A2007C,N228UA,B772,BOEING 777-200,L2J,H
A2027C,N229AM,B407,BELL 407,H1T,L
A2057C,N2295E,CH7A,BELLANCA 7 Champion,L1P,L
A2067C,N23DK,PA46,PIPER PA-46-310/350,L1P,L
A2077C,N23PR,BE58,BEECH 58 Baron,L2P,L
A2097C,N230LB,BALL,,B0-,-
A20D7C,N231P,M20P,MOONEY M-20,L1P,L
A20F7C,N23162,C150,CESSNA 150,L1P,L
A2147C,N233JQ,E75L,EMBRAER ERJ-170-200 (long wing),L2J,M
A2167C,N2333X,C182,CESSNA 182 Skylane,L1P,L
A2177C,N234BG,PA30,PIPER PA-30 Twin Comanche,L2P,L
A21B7C,N235EE,E55P,EMBRAER EMB-505 Phenom 300,L2J,M
A21E7C,N23573,BE95,BEECH 95 Travel Air,L2P,L
A2227C,N23696,TAYB,TAYLORCRAFT BC/BF/BL,L1P,L
A2267C,N238CT,FDCT,FLIGHT DESIGN CT,L1P,L
A22C7C,N2391T,P28A,PIPER PA-28-140/150/160/180,L1P,L
A22E7C,N24JP,RLU1,RLU Super Breezy,L1P,L
A2307C,N240F,PA38,PIPER PA-38 Tomahawk,L1P,L
A2327C,N2401B,PA38,PIPER PA-38 Tomahawk,L1P,L
A23A7C,N2425H,ERCO,AIR PRODUCTS F-1 Aircoupe,L1P,L
A23D7C,N2430,BLKS,AIRCRAFT SPRUCE Baby Lakes,L1P,L
A23E7C,N2437L,C82T,CESSNA TR182 Turbo Skylane RG,L1P,L
A2417C,N2442C,C180,CESSNA  180 Skywagon,L1P,L
A2427C,N2449P,PA22,PIPER PA-22,L1P,L
A2457C,N2454F,PA23,PIPER PA-23,L2P,L
A24C7C,N2471A,PA22,PIPER PA-22,L1P,L
A2507C,N2483D,C170,CESSNA 170,L1P,L
A2517C,N249AP,FA50,DASSAULT Falcon 50,L3J,M
A2537C,N249XA,DISC,SCHEMPP-HIRTH Discus,L1P,L
A2547C,N2495G,C182,CESSNA 182 Skylane,L1P,L
A2567C,N25PT,AA5,AMERICAN AA-5 Tiger,L1P,L
A2577C,N25ZZ,C182,CESSNA 182 Skylane,L1P,L
A25E7C,N25164,L8,LUSCOMBE 8,L1P,L
A2607C,N252S,C340,CESSNA 340 Super,L2P,L
A2617C,N2521W,COL4,CESSNA 400 Corvalis TT,L1P,L
A2627C,N25287,PA38,PIPER PA-38 Tomahawk,L1P,L
A2637C,N253JS,SR22,CIRRUS SR-22,L1P,L
A26C7C,N2550U,,,,
A26D7C,N25575,C152,CESSNA 152,L1P,L
A2717C,N25698,BE95,BEECH 95 Travel Air,L2P,L
A2757C,N258CV,GLF5,GULFSTREAM 5,L2J,M
A2767C,N258PA,DHC2,DE HAVILLAND DHC-2 Beaver,L1P,L
A2787C,N25863,J3,PIPER J-3 Cub,L1P,L
A27B7C,N2591V,C77R,CESSNA 177RG Cardinal RG,L1P,L
A27C7C,N25986,J3,PIPER J-3 Cub,L1P,L
A27D7C,N26JR,M20P,MOONEY M-20,L1P,L
A2807C,N260RH,M7,MAULE M-7,L1P,L
A2817C,N2601D,C170,CESSNA 170,L1P,L
A2827C,N2608Q,C182,CESSNA 182 Skylane,L1P,L
A2837C,N261J,C172,CESSNA 172 Skyhawk,L1P,L
A2867C,N262AS,PA31,PIPER PA-31-300/310/325/350/425,L2P,L
A28D7C,N2637N,C140,CESSNA 140,L1P,L
A2917C,N2649R,C182,CESSNA 182 Skylane,L1P,L
A2947C,N2654H,ERCO,AIR PRODUCTS F-1 Aircoupe,L1P,L
A2957C,N266CC,PA11,PIPER PA-11 Cub Special,L1P,L
A29B7C,N2671C,C310,CESSNA 310,L2P,L
A29C7C,N2678P,ULAC,,L0-,-
A2A07C,N269AR,H269,HUGHES Sky Knight,H1P,L
A2A67C,N270A,C82R,CESSNA R182 Skylane RG,L1P,L
A2A87C,N270WM,,,,
A2AF7C,N272SB,C172,CESSNA 172 Skyhawk,L1P,L
A2BB7C,N2750W,M20P,MOONEY M-20,L1P,L
A2C57C,N278PC,CL30,BOMBARDIER BD-100 Challenger 300,L2J,M
A2C87C,N279FV,HDJT,HONDA HondaJet,L2J,L
A2C97C,N279SA,H269,HUGHES Sky Knight,H1P,L
A2CC7C,N28JT,,,,
A2D17C,N2808S,PARA,,P0-,-
A2D27C,N281JB,E190,EMBRAER ERJ-190-100,L2J,M
A2D57C,N282AU,C82S,CESSNA T182 Turbo Skylane,L1P,L
A2D67C,N282M,TAIL,WITTMAN Tailwind,L1P,L
A2D87C,N2825M,P28A,PIPER PA-28-140/150/160/180,L1P,L
A2D97C,N283DS,DA40,DIAMOND DA-40 Club Star,L1P,L
A2DB7C,N2830D,AR11,AERONCA 11 Chief,L1P,L
A2DC7C,N2837Q,C172,CESSNA 172 Skyhawk,L1P,L
A2DE7C,N284SW,R44,ROBINSON R-44 Raven,H1P,L
A2EA7C,N2871E,CH7A,BELLANCA 7 Champion,L1P,L
A2EE7C,N2883H,GLID,,L0-,-
A2F67C,N290LH,B06,BELL 206 JetRanger,H1T,L
A2FC7C,N29168,C172,CESSNA 172 Skyhawk,L1P,L
A2FF7C,N29210,T206,CESSNA T206 Turbo Stationair,L1P,L
A3077C,N29456,AR6T,AERONCA 65 Tandem,L1P,L
A30A7C,N2950Y,C182,CESSNA 182 Skylane,L1P,L
A3117C,N297WN,B737,BOEING 737-700,L2J,M
A3127C,N29744,TAYB,TAYLORCRAFT BC/BF/BL,L1P,L
A3167C,N29867,TAYB,TAYLORCRAFT BC/BF/BL,L1P,L
A31A7C,N2999,PTS1,PITTS S-1 Special,L1P,L
A31B7C,N3JV,NIMB,SCHEMPP-HIRTH Nimbus,L1P,L
A31C7C,N3VA,C414,CESSNA 414 Chancellor,L2P,L
A31D7C,N30FF,,,,
A3227C,N3006,DC3,DOUGLAS DC-3 Dakota,L2P,M
A3257C,N30102,WACF,WACO F,L1P,L
A3267C,N3018C,BALL,,B0-,-
A3297C,N30225,C177,CESSNA  177 Cardinal,L1P,L
A32A7C,N303AE,B06,BELL 206 JetRanger,H1T,L
A32D7C,N30348,J4,PIPER J-4 Cub Coupe,L1P,L
A32E7C,N304DC,RV10,VANS RV-10,L1P,L
A32F7C,N304PJ,GLID,,L0-,-
A3347C,N30513,J3,PIPER J-3 Cub,L1P,L
A3357C,N3059D,TOBA,SOCATA Tobago,L1P,L
A3387C,N30636,C177,CESSNA  177 Cardinal,L1P,L
A3397C,N307BR,AT8T,AIR TRACTOR AT-802,L1T,M
A33F7C,N30801,B25,CONSOLIDATED B-25 Mitchell,L2P,M
A3407C,N3088B,J3,PIPER J-3 Cub,L1P,L
A3437C,N30924,J5,PIPER J-5 Cub Cruiser,L1P,L
A3477C,N310GW,C310,CESSNA 310,L2P,L
A3487C,N310TB,C310,CESSNA 310,L2P,L
A3497C,N3102N,C120,CESSNA 120,L1P,L
A34A7C,N3109Z,PA22,PIPER PA-22,L1P,L
A34D7C,N3114R,C182,CESSNA 182 Skylane,L1P,L
A34E7C,N312CL,C172,CESSNA 172 Skyhawk,L1P,L
A3547C,N3131L,ULAC,,L0-,-
A3557C,N3138X,C150,CESSNA 150,L1P,L
A3587C,N3143P,,,,
A35A7C,N315ME,C172,CESSNA 172 Skyhawk,L1P,L
A35C7C,N3155S,P28A,PIPER PA-28-140/150/160/180,L1P,L
A3627C,N317TA,PA11,PIPER PA-11 Cub Special,L1P,L
A3647C,N3179Y,C182,CESSNA 182 Skylane,L1P,L
A3677C,N3184Q,C182,CESSNA 182 Skylane,L1P,L
A36B7C,N3196T,C177,CESSNA  177 Cardinal,L1P,L
A36D7C,N32RP,GLF5,GULFSTREAM 5,L2J,M
A36F7C,N320N,,,,
A3717C,N3206B,PA22,PIPER PA-22,L1P,L
A3727C,N321ES,AA5,AMERICAN AA-5 Tiger,L1P,L
A3747C,N32104,BALL,,B0-,-
A3777C,N322TW,SR22,CIRRUS SR-22,L1P,L
A3797C,N323AG,CLON,AUTOGYRO Cavalon,G1P,L
A37E7C,N324PL,COY2,RANS Coyote 2,L1P,L
A3807C,N3247C,BE35,BEECH 35 Starfire Bonanza,L1P,L
A3837C,N32515,J5,PIPER J-5 Cub Cruiser,L1P,L
A3847C,N3259F,M20P,MOONEY M-20,L1P,L
A3877C,N32638,J3,PIPER J-3 Cub,L1P,L
A38F7C,N3288D,C180,CESSNA  180 Skywagon,L1P,L
A3907C,N329HP,P32R,PIPER PA-32R-300/301/301T,L1P,L
A3937C,N33AF,AVID,AVID Flyer,L1P,L
A3947C,N33LM,PA46,PIPER PA-46-310/350,L1P,L
A39B7C,N331WB,P28A,PIPER PA-28-140/150/160/180,L1P,L
A39F7C,N332Z,BE35,BEECH 35 Starfire Bonanza,L1P,L
A3A07C,N3326W,PA32,PIPER PA-32,L1P,L
A3A17C,N333FL,,,,
A3A37C,N3331N,J3,PIPER J-3 Cub,L1P,L
A3A47C,N3338Z,PA22,PIPER PA-22,L1P,L
A3A87C,N335BA,GLID,,L0-,-
A3B37C,N33790,AR65,AERONCA 65 Super Chief,L1P,L
A3B77C,N339CM,E55P,EMBRAER EMB-505 Phenom 300,L2J,M
A3BA7C,N3396V,C150,CESSNA 150,L1P,L
A3BC7C,N34RR,PIAT,PIPISTREL Alpha Trainer,L1P,L
A3BD7C,N340BW,C340,CESSNA 340 Super,L2P,L
A3BE7C,N340NB,A319,AIRBUS A-319,L2J,M
A3C37C,N34106,C177,CESSNA  177 Cardinal,L1P,L
A3C47C,N3418G,C310,CESSNA 310,L2P,L
A3C77C,N34229,C177,CESSNA  177 Cardinal,L1P,L
A3CB7C,N3435B,BE35,BEECH 35 Starfire Bonanza,L1P,L
A3CF7C,N3447E,CH7A,BELLANCA 7 Champion,L1P,L
A3D17C,N345SL,RV4,VANS RV-4,L1P,L
A3D67C,N3464,ULAC,,L0-,-
A3D87C,N347NA,G280,GULFSTREAM G280,L2J,M
A3DA7C,N3476C,C170,CESSNA 170,L1P,L
A3E27C,N35AH,HUSK,CHRISTEN Husky,L1P,L
A3E37C,N35LP,GLID,,L0-,-
A3E47C,N35WV,BE35,BEECH 35 Starfire Bonanza,L1P,L
A3E57C,N350H,BE35,BEECH 35 Starfire Bonanza,L1P,L
A3E67C,N350TF,BE30,BEECH 300 Super King Air,L2T,L
A3E87C,N35093,C177,CESSNA  177 Cardinal,L1P,L
A3EB7C,N3514V,C140,CESSNA 140,L1P,L
A3ED7C,N352NW,A320,AIRBUS A-320,L2J,M
A3F27C,N3531Q,SW4,SWEARINGEN Metro,L2T,M
A3F37C,N35381,J5,PIPER J-5 Cub Cruiser,L1P,L
A3F67C,N3543T,TF19,TAYLORCRAFT F-19 Sportsman,L1P,L
A3F87C,N355MJ,SR22,CIRRUS SR-22,L1P,L
A3FA7C,N3555W,PA32,PIPER PA-32,L1P,L
A3FD7C,N3560N,J3,PIPER J-3 Cub,L1P,L
A4027C,N35792,C172,CESSNA 172 Skyhawk,L1P,L
A4047C,N358WC,C25A,CESSNA 525A Citation CJ2,L2J,L
A4057C,N3584U,C182,CESSNA 182 Skylane,L1P,L
A4067C,N359CP,C82T,CESSNA TR182 Turbo Skylane RG,L1P,L
A40A7C,N36FM,,,,
A40B7C,N36RT,CL60,BOMBARDIER CL-600 Challenger,L2J,M
A4137C,N3618J,C150,CESSNA 150,L1P,L
A4177C,N363AL,C25B,CESSNA 525B Citation CJ3,L2J,L
A41E7C,N3647G,T6,NORTH AMERICAN T-6 Texan,L1P,L
A4217C,N36519,AR65,AERONCA 65 Super Chief,L1P,L
A4227C,N3659K,P28A,PIPER PA-28-140/150/160/180,L1P,L
A4297C,N3676E,PA36,PIPER PA-36 Pawnee Brave,L1P,L
A42A7C,N368EV,AS32,AEROSPATIALE AS-332 Super Puma,H2T,M
A42D7C,N3688H,ERCO,AIR PRODUCTS F-1 Aircoupe,L1P,L
A4317C,N37AK,UHEL,,H0-,-
A4337C,N37WX,FA50,DASSAULT Falcon 50,L3J,M
A4357C,N370TH,GLID,,L0-,-
A4367C,N3702U,C182,CESSNA 182 Skylane,L1P,L
A4387C,N371L,C177,CESSNA  177 Cardinal,L1P,L
A43A7C,N3714X,BE23,BEECH 23 Sundowner,L1P,L
A4407C,N373RW,S22T,CIRRUS SR-22T Turbo,L1P,L
A4417C,N3731S,C172,CESSNA 172 Skyhawk,L1P,L
A4427C,N37383,S1,INTERSTATE S-1 Cadet,L1P,L
A4457C,N3743V,C140,CESSNA 140,L1P,L
A4497C,N3755Y,C210,CESSNA 201 Centurion,L1P,L
A44E7C,N377HA,T206,CESSNA T206 Turbo Stationair,L1P,L
A4547C,N3784W,PA32,PIPER PA-32,L1P,L
A45A7C,N38RV,RV4,VANS RV-4,L1P,L
A4607C,N381RD,B212,BELL 212,H2T,L
A4687C,N383X,M5,MAULE M-5,L1P,L
A46D7C,N3847J,C150,CESSNA 150,L1P,L
A4707C,N3852A,GLID,,L0-,-
A4717C,N3859M,P28A,PIPER PA-28-140/150/160/180,L1P,L
A47A7C,N388RC,CAMP,GREGA GN-1 Aircamper,L1P,L
A47B7C,N38809,P28A,PIPER PA-28-140/150/160/180,L1P,L
A47F7C,N3893B,BE35,BEECH 35 Starfire Bonanza,L1P,L
A4817C,N39LT,BL8,BELLANCA 8 Decathlon,L1P,L
A4887C,N391WH,P28R,PIPER PA-28R-180/200/201,L1P,L
A4897C,N3914Z,PA18,PIPER PA-18 Super Cub,L1P,L
A48B7C,N392P,AS50,AEROSPATIALE AS-350 Ecureuil,H1T,L
A4947C,N3943X,P28R,PIPER PA-28R-180/200/201,L1P,L
A49B7C,N3960S,C172,CESSNA 172 Skyhawk,L1P,L
A49C7C,N39673,P32R,PIPER PA-32R-300/301/301T,L1P,L
A49F7C,N3972V,C170,CESSNA 170,L1P,L
A4A17C,N398LA,AT8T,AIR TRACTOR AT-802,L1T,M
A4A37C,N3984Y,C210,CESSNA 201 Centurion,L1P,L
A4A87C,N4FR,CH7B,BELLANCA 7 Citabria,L1P,L
A4A97C,N4RX,C208,CESSNA 208 Caravan,L1T,L
A4AA7C,N40CB,RV6,VANS RV-6,L1P,L
A4AC7C,N40YP,ACAM,LEZA Air Cam,L2P,L
A4AE7C,N400V,BE35,BEECH 35 Starfire Bonanza,L1P,L
A4AF7C,N40031,,,,
A4B07C,N401BL,DA40,DIAMOND DA-40 Club Star,L1P,L
A4B17C,N401MS,PTS1,PITTS S-1 Special,L1P,L
A4B67C,N4020W,PA32,PIPER PA-32,L1P,L
A4B77C,N40277,UH12,HILLER UH-12,H1P,L
A4BB7C,N404,FA24,FAIRCHILD F-24 Argus,L1P,L
A4C57C,N4061X,VO10,NORTH AMERICAN ROCKWELL Commander 100,L1P,L
A4C77C,N407JT,B407,BELL 407,H1T,L
A4C97C,N40730,J3,PIPER J-3 Cub,L1P,L
A4CB7C,N408MR,B06,BELL 206 JetRanger,H1T,L
A4D17C,N40976,BALL,,B0-,-
A4D27C,N41HF,CL60,BOMBARDIER CL-600 Challenger,L2J,M
A4D77C,N4107Q,PA31,PIPER PA-31-300/310/325/350/425,L2P,L
A4DA7C,N4112G,CAMP,GREGA GN-1 Aircamper,L1P,L
A4DE7C,N4124K,NAVI,NORTH AMERICAN Navion,L1P,L
A4DF7C,N413CE,B429,BELL 429 GlobalRanger,H2T,L
A4E37C,N414FC,C414,CESSNA 414 Chancellor,L2P,L
A4E47C,N414RJ,C414,CESSNA 414 Chancellor,L2P,L
A4E57C,N4141E,CH7A,BELLANCA 7 Champion,L1P,L
A4E77C,N415JA,CL60,BOMBARDIER CL-600 Challenger,L2J,M
A4E97C,N4153H,PA18,PIPER PA-18 Super Cub,L1P,L
A4EA7C,N416AT,BE20,BEECH 200 Super King Air,L2T,M
A4ED7C,N4165L,P32R,PIPER PA-32R-300/301/301T,L1P,L
A4F17C,N4177P,P28A,PIPER PA-28-140/150/160/180,L1P,L
A4F37C,N418SV,B06,BELL 206 JetRanger,H1T,L
A4F47C,N4182F,C172,CESSNA 172 Skyhawk,L1P,L
A4F57C,N4189S,BE36,BEECH 36 Bonanza,L1P,L
A4F77C,N419VT,S22T,CIRRUS SR-22T Turbo,L1P,L
A4F97C,N42CD,VEZE,RUTAN VariEze,L1P,L
A4FE7C,N42033,C172,CESSNA 172 Skyhawk,L1P,L
A4FF7C,N421BN,C421,CESSNA 421 Executive Commuter,L2P,L
A5007C,N421MU,C421,CESSNA 421 Executive Commuter,L2P,L
A5017C,N421Y,C182,CESSNA 182 Skylane,L1P,L
A5027C,N42156,J3,PIPER J-3 Cub,L1P,L
A5037C,N422EL,RV8,VANS RV-8,L1P,L
A5047C,N422QS,E55P,EMBRAER EMB-505 Phenom 300,L2J,M
A5067C,N42279,C182,CESSNA 182 Skylane,L1P,L
A5097C,N42321,RV4,VANS RV-4,L1P,L
A50A7C,N424AA,MD82,MCDONNELL-DOUGLAS MD-82,L2J,M
A50C7C,N424WN,B737,BOEING 737-700,L2J,M
A5117C,N42567,C182,CESSNA 182 Skylane,L1P,L
A5127C,N426FX,E545,EMBRAER EMB545 Praetor 500,L2J,M
A5167C,N427JV,CH60,ZENAIR CH-600 Zodiac,L1P,L
A5177C,N427VA,VELO,Velocity,L1P,L
A5187C,N42732,C182,CESSNA 182 Skylane,L1P,L
A51A7C,N428MT,C82T,CESSNA TR182 Turbo Skylane RG,L1P,L
A51C7C,N42855,C182,CESSNA 182 Skylane,L1P,L
A5217C,N43HH,B06,BELL 206 JetRanger,H1T,L
A5227C,N43TP,H25B,HAWKER BEECHCRAFT Hawker 750/850,L2J,M
A5297C,N4312J,GLST,GLASAIR SH-4 GlaStar,L1P,L
A52A7C,N4319V,C195,CESSNA 195,L1P,L
A52D7C,N4324M,PA12,PIPER PA-12 Super Cruiser,L1P,L
A5317C,N4336Q,COY2,RANS Coyote 2,L1P,L
A5347C,N4341G,SA75,STOLP SA-750 Acroduster Too,L1P,L
A53A7C,N436MA,P32T,PIPER PA-32RT-300/300T,L1P,L
A5407C,N4377R,C172,CESSNA 172 Skyhawk,L1P,L
A5437C,N4382H,PA15,PIPER PA-15 Vagabond,L1P,L
A5447C,N4389U,C150,CESSNA 150,L1P,L
A5457C,N439KP,PARA,,P0-,-
A5477C,N4394L,C172,CESSNA 172 Skyhawk,L1P,L
A5487C,N44CF,C210,CESSNA 201 Centurion,L1P,L
A54A7C,N44YT,RV4,VANS RV-4,L1P,L
A54D7C,N44035,TAYB,TAYLORCRAFT BC/BF/BL,L1P,L
A54F7C,N441MW,C441,CESSNA 441 Conquest,L2T,L
A5517C,N44158,TAYB,TAYLORCRAFT BC/BF/BL,L1P,L
A5547C,N44200,C172,CESSNA 172 Skyhawk,L1P,L
A5577C,N443TS,R44,ROBINSON R-44 Raven,H1P,L
A5587C,N44323,PARA,,P0-,-
A5597C,N444AC,NAVI,NORTH AMERICAN Navion,L1P,L
A55A7C,N444LJ,C310,CESSNA 310,L2P,L
A55C7C,N44446,TAYB,TAYLORCRAFT BC/BF/BL,L1P,L
A5627C,N446SE,P32T,PIPER PA-32RT-300/300T,L1P,L
A5637C,N44611,BALL,,B0-,-
A5677C,N44734,P28A,PIPER PA-28-140/150/160/180,L1P,L
A56F7C,N4498,,,,
A5707C,N45HK,LJ45,LEARJET 45,L2J,M
A5777C,N451T,PA18,PIPER PA-18 Super Cub,L1P,L
A5787C,N4512L,P28A,PIPER PA-28-140/150/160/180,L1P,L
A57C7C,N4524P,AA5,AMERICAN AA-5 Tiger,L1P,L
A5877C,N4553M,PA11,PIPER PA-11 Cub Special,L1P,L
A5897C,N456MC,RV4,VANS RV-4,L1P,L
A58E7C,N4570G,,,,
A5907C,N458GT,BE76,BEECH 76 Duchess,L2P,L
A5937C,N4589W,AC11,NORTH AMERICAN ROCKWELL Commander 112/114,L1P,L
A5967C,N4594N,ST75,STEARMAN Kaydet,L1P,L
A5987C,N46NP,PA11,PIPER PA-11 Cub Special,L1P,L
A59A7C,N460K,BEAR,AVIPRO RB-4 Bearhawk,L1P,L
A5A37C,N46202,C172,CESSNA 172 Skyhawk,L1P,L
A5A47C,N4628C,C170,CESSNA 170,L1P,L
A5A77C,N46325,C172,CESSNA 172 Skyhawk,L1P,L
A5A87C,N464AE,B06,BELL 206 JetRanger,H1T,L
A5A97C,N464LL,HIGH,JUST JA20 Highlander,L1P,L
A5AC7C,N465DC,CJ6,NANCHANG CJ-6,L1P,L
A5AF7C,N4657A,BE58,BEECH 58 Baron,L2P,L
A5B07C,N466GA,GLF4,GULFSTREAM 4,L2J,M
A5B17C,N466SG,C550,CESSNA 550 Citation S2,L2J,L
A5B27C,N46613,C172,CESSNA 172 Skyhawk,L1P,L
A5B37C,N4669D,C172,CESSNA 172 Skyhawk,L1P,L
A5B67C,N46736,C172,CESSNA 172 Skyhawk,L1P,L
A5BB7C,N469EP,B407,BELL 407,H1T,L
A5BE7C,N4698B,C208,CESSNA 208 Caravan,L1T,L
A5BF7C,N47HM,RV7,VANS RV-7,L1P,L
A5C07C,N47TT,AC90,NORTH AMERICAN ROCKWELL Turbo Commander 690/840,L2T,L
A5C47C,N4707W,CH70,ZENAIR CH-701 Stol,L1P,L
A5C77C,N4712N,C82S,CESSNA T182 Turbo Skylane,L1P,L
A5C87C,N4719Z,PA22,PIPER PA-22,L1P,L
A5D27C,N4741L,P28A,PIPER PA-28-140/150/160/180,L1P,L
A5E17C,N4782M,PA11,PIPER PA-11 Cub Special,L1P,L
A5EB7C,N48039,L13M,LET L-13 Blanik,L1P,L
A5EF7C,N4816B,,,,
A5F27C,N48204,C152,CESSNA 152,L1P,L
A5F57C,N483TW,C680,CESSNA 680 Citation Sovereign,L2J,M
A5F77C,N484AG,C25A,CESSNA 525A Citation CJ2,L2J,L
A6067C,N488BT,TBM9,SOCATA TBM-900/910/930/940,L1T,L
A6097C,N4886A,PA18,PIPER PA-18 Super Cub,L1P,L
A60A7C,N489ER,C172,CESSNA 172 Skyhawk,L1P,L
A60D7C,N4898D,C182,CESSNA 182 Skylane,L1P,L
A60E7C,N49HP,HUSK,CHRISTEN Husky,L1P,L
A60F7C,N49TV,B06,BELL 206 JetRanger,H1T,L
A6127C,N4900M,PA11,PIPER PA-11 Cub Special,L1P,L
A6167C,N4912Q,C188,CESSNA 188 AgTruck,L1P,L
A6177C,N49191,C152,CESSNA 152,L1P,L
A6227C,N4948Z,PA22,PIPER PA-22,L1P,L
A6237C,N495JJ,EPIC,EPIC AIRCRAFT Epic LT,L1T,L
A6277C,N496MG,HUSK,CHRISTEN Husky,L1P,L
A62C7C,N4970L,P28A,PIPER PA-28-140/150/160/180,L1P,L
A6347C,N4994S,P28R,PIPER PA-28R-180/200/201,L1P,L
A6357C,N5CM,C172,CESSNA 172 Skyhawk,L1P,L
A6367C,N5NT,VEZE,RUTAN VariEze,L1P,L
A6387C,N50KD,FA50,DASSAULT Falcon 50,L3J,M
A63B7C,N500RW,TBM7,SOCATA TBM-700A/B/C,L1T,L
A63E7C,N501JN,,,,
A6447C,N5025Y,MJ5,JURCA MJ-5 Sirocco,L1P,L
A6487C,N50371,BL8,BELLANCA 8 Decathlon,L1P,L
A6497C,N504HA,UH12,HILLER UH-12,H1P,L
A64B7C,N5042T,P28R,PIPER PA-28R-180/200/201,L1P,L
A64F7C,N5054W,P28A,PIPER PA-28-140/150/160/180,L1P,L
A6537C,N5066Z,ULAC,,L0-,-
A6567C,N5071R,ULAC,,L0-,-
A6587C,N508JM,C120,CESSNA 120,L1P,L
A65A7C,N5083U,T34P,BEECH T-34 Mentor,L1P,L
A65F7C,N51EB,BE40,BEECH 400 Beechjet,L2J,M
A6617C,N510AN,FA7X,DASSAULT Falcon 7X,L3J,M
A6637C,N510X,P28A,PIPER PA-28-140/150/160/180,L1P,L
A6667C,N511PS,BE30,BEECH 300 Super King Air,L2T,L
A66C7C,N5129M,TAYB,TAYLORCRAFT BC/BF/BL,L1P,L
A66F7C,N5134D,C182,CESSNA 182 Skylane,L1P,L
A6767C,N51509,J3,PIPER J-3 Cub,L1P,L
A67A7C,N5163B,ULAC,,L0-,-
A67E7C,N5175E,C172,CESSNA 172 Skyhawk,L1P,L
A6807C,N518PR,,,,
A6827C,N5187H,PA14,PIPER PA-14 Family Cruiser,L1P,L
A6847C,N519SP,UHEL,,H0-,-
A6857C,N5192,,,,
A6867C,N5199L,P28A,PIPER PA-28-140/150/160/180,L1P,L
A6877C,N52KF,YK52,YAKOVLEV Yak-52,L1P,L
A6897C,N520FS,C82T,CESSNA TR182 Turbo Skylane RG,L1P,L
A68B7C,N5201U,M20P,MOONEY M-20,L1P,L
A68E7C,N521UW,A321,AIRBUS A-321,L2J,M
A68F7C,N5213X,CH7B,BELLANCA 7 Citabria,L1P,L
A6907C,N522BG,EXEC,ROTORWAY Exec,H1P,L
A6937C,N52250,C172,CESSNA 172 Skyhawk,L1P,L
A6977C,N52373,C182,CESSNA 182 Skylane,L1P,L
A6987C,N524HC,LJ31,LEARJET 31,L2J,M
A69C7C,N525LA,C25A,CESSNA 525A Citation CJ2,L2J,L
A69D7C,N525WG,TBM7,SOCATA TBM-700A/B/C,L1T,L
A6A37C,N527FR,AT8T,AIR TRACTOR AT-802,L1T,M
A6A57C,N5271T,P28R,PIPER PA-28R-180/200/201,L1P,L
A6A97C,N5283W,P28A,PIPER PA-28-140/150/160/180,L1P,L
A6AD7C,N5295Z,PA22,PIPER PA-22,L1P,L
A6B37C,N5305H,PA16,PIPER PA-16 Clipper,L1P,L
A6B57C,N531PU,P28R,PIPER PA-28R-180/200/201,L1P,L
A6B77C,N5317L,BALL,,B0-,-
A6BB7C,N5329P,PA24,PIPER PA-24 Comanche,L1P,L
A6BF7C,N534CA,P28A,PIPER PA-28-140/150/160/180,L1P,L
A6C27C,N5346J,C340,CESSNA 340 Super,L2P,L
A6C47C,N535RE,BALL,,B0-,-
A6D17C,N5387K,C172,CESSNA 172 Skyhawk,L1P,L
A6D37C,N539SR,SR22,CIRRUS SR-22,L1P,L
A6D67C,N54KH,C172,CESSNA 172 Skyhawk,L1P,L
A6D77C,N54VP,B742,BOEING 747-200,L4J,H
A6D87C,N540FU,UH1,BELL UH-1 Huey,H1T,L
A6D97C,N540S,PTS2,PITTS S-2 Special,L1P,L
A6DA7C,N5401W,P28A,PIPER PA-28-140/150/160/180,L1P,L
A6DB7C,N54087,ST75,STEARMAN Kaydet,L1P,L
A6DE7C,N5413Z,PA22,PIPER PA-22,L1P,L
A6DF7C,N542BJ,,,,
A6E67C,N54375,FA62,FAIRCHILD M-26 Cornell,L1P,L
A6EF7C,N546PA,S22T,CIRRUS SR-22T Turbo,L1P,L
A6F17C,N54663,C172,CESSNA 172 Skyhawk,L1P,L
A6F67C,N548JR,,,,
A6FC7C,N54951,C172,CESSNA 172 Skyhawk,L1P,L
A6FD7C,N55EF,AS31,SCHLEICHER ASH-31,L1P,L
A6FF7C,N550AS,C550,CESSNA 550 Citation S2,L2J,L
A7067C,N5517N,UH1,BELL UH-1 Huey,H1T,L
A7097C,N5522E,C150,CESSNA 150,L1P,L
A70A7C,N5529R,C172,CESSNA 172 Skyhawk,L1P,L
A70E7C,N554CC,C421,CESSNA 421 Executive Commuter,L2P,L
A7127C,N555FA,FOUG,AEROSPATIALE CM-170 Magister,L2J,L
A7147C,N5551C,C170,CESSNA 170,L1P,L
A71C7C,N5575J,PA32,PIPER PA-32,L1P,L
A7247C,N5599Q,M20P,MOONEY M-20,L1P,L
A7257C,N56KK,DG1T,DG FLUGZEUGBAU DG-1001T,L1P,L
A72D7C,N56131,PA32,PIPER PA-32,L1P,L
A72E7C,N562BL,GLID,,L0-,-
A7437C,N5671X,SS2P,ROCKWELL Thrush Commander,L1P,L
A7447C,N56788,P28A,PIPER PA-28-140/150/160/180,L1P,L
A74B7C,N56953,PARA,,P0-,-
A74C7C,N57EH,CC19,CUB CRAFTERS CC-19 XCub,L1P,L
A7527C,N571DS,DA40,DIAMOND DA-40 Club Star,L1P,L
A7587C,N5722G,C150,CESSNA 150,L1P,L
A7597C,N5729T,C172,CESSNA 172 Skyhawk,L1P,L
A7637C,N5751E,C172,CESSNA 172 Skyhawk,L1P,L
A76B7C,N5775L,,,,
A7717C,N579SV,BL17,BELLANCA 17 Viking,L1P,L
A7737C,N5799S,GLID,,L0-,-
A7747C,N58KM,PA23,PIPER PA-23,L2P,L
A7757C,N58VT,BE35,BEECH 35 Starfire Bonanza,L1P,L
A77A7C,N581JW,SONX,SONEX AIRCRAFT Sonex,L1P,L
A77C7C,N58133,B47G,BELL 47G,H1P,L
A7827C,N583QS,C56X,CESSNA 560XL Citation XLS,L2J,M
A7837C,N5830Y,PA18,PIPER PA-18 Super Cub,L1P,L
A7887C,N585AA,MD82,MCDONNELL-DOUGLAS MD-82,L2J,M
A7907C,N587FX,CL35,BOMBARDIER BD-100 Challenger 350,L2J,M
A7917C,N587SC,CRUZ,CSA PS-28 Cruiser,L1P,L
A7927C,N5871Z,PA22,PIPER PA-22,L1P,L
A7967C,N58832,C182,CESSNA 182 Skylane,L1P,L
A7987C,N589MT,DA40,DIAMOND DA-40 Club Star,L1P,L
A79B7C,N59EK,BE9T,BEECH F90 King Air,L2T,L
A7A77C,N5922J,C182,CESSNA 182 Skylane,L1P,L
A7AB7C,N5934M,C310,CESSNA 310,L2P,L
A7AD7C,N594NN,CRJ9,BOMBARDIER Regional Jet CRJ-900,L2J,M
A7B07C,N595FE,MD11,MCDONNELL-DOUGLAS MD-11,L3J,H
A7B17C,N595RL,B407,BELL 407,H1T,L
A7B27C,N5951G,C150,CESSNA 150,L1P,L
A7BD7C,N5980E,C150,CESSNA 150,L1P,L
A7BF7C,N599GR,TB30,SOCATA TB-30 Epsilon,L1P,L
A7C07C,N599SX,SONX,SONEX AIRCRAFT Sonex,L1P,L
A7C37C,N6KP,PTS1,PITTS S-1 Special,L1P,L
A7C67C,N60SF,FURY,HAWKER Fury,L1P,L
A7C77C,N600CL,LJ60,LEARJET 60,L2J,M
A7CA7C,N6006U,P28A,PIPER PA-28-140/150/160/180,L1P,L
A7CD7C,N6011L,,,,
A7D97C,N6047V,BE18,BEECH 18 Expetitor,L2P,L
A7DB7C,N605TA,AT6T,AIR TRACTOR AT-602,L1T,L
A7DC7C,N6052M,BALL,,B0-,-
A7DD7C,N6059Y,C82S,CESSNA T182 Turbo Skylane,L1P,L
A7E07C,N6064Q,M20P,MOONEY M-20,L1P,L
A7E47C,N6076T,C82S,CESSNA T182 Turbo Skylane,L1P,L
A7E67C,N608RP,CL30,BOMBARDIER BD-100 Challenger 300,L2J,M
A7EB7C,N6093N,BALL,,B0-,-
A7EC7C,N61AY,BE20,BEECH 200 Super King Air,L2T,M
A7ED7C,N61MD,AS65,AEROSPATIALE AS-365 Dauphin 2,H2T,L
A7F07C,N610TW,RV8,VANS RV-8,L1P,L
A7F27C,N611AG,BE36,BEECH 36 Bonanza,L1P,L
A7F57C,N6115,,,,
A7FC7C,N61315,AT5T,AIR TRACTOR AT-504,L1T,L
A7FE7C,N614KA,J3,PIPER J-3 Cub,L1P,L
A8007C,N61438,C185,CESSNA 185 Skywagon,L1P,L
A8047C,N6156A,ULAC,,L0-,-
A8077C,N61603,ST75,STEARMAN Kaydet,L1P,L
A8087C,N6168D,PA22,PIPER PA-22,L1P,L
A8097C,N617HP,AS50,AEROSPATIALE AS-350 Ecureuil,H1T,L
A8107C,N619DD,BE10,BEECH 100 King Air,L2T,L
A8137C,N6197B,C182,CESSNA 182 Skylane,L1P,L
A8147C,N62GB,BE35,BEECH 35 Starfire Bonanza,L1P,L
A8157C,N62SH,C25B,CESSNA 525B Citation CJ3,L2J,L
A8187C,N620Z,BE58,BEECH 58 Baron,L2P,L
A81A7C,N621FL,P28A,PIPER PA-28-140/150/160/180,L1P,L
A81D7C,N6218Z,PA25,PIPER PA-25 Pawnee,L1P,L
A8207C,N6223R,C150,CESSNA 150,L1P,L
A8217C,N623BA,PC12,PILATUS PC-12,L1T,L
A8277C,N6240L,,,,
A82C7C,N62590,C172,CESSNA 172 Skyhawk,L1P,L
A82E7C,N626WA,PA34,PIPER PA-34 Seneca,L2P,L
A82F7C,N6264S,C150,CESSNA 150,L1P,L
A8307C,N627CM,,,,
A8337C,N6276V,BE35,BEECH 35 Starfire Bonanza,L1P,L
A8367C,N6281M,S108,STINSON 108 Voyager,L1P,L
A8387C,N629JH,,,,
A8397C,N629UP,B748,BOEING 747-8,L4J,H
A83B7C,N63B,BE35,BEECH 35 Starfire Bonanza,L1P,L
A8437C,N631WW,,,,
A8447C,N6315B,C182,CESSNA 182 Skylane,L1P,L
A8487C,N6327E,C172,CESSNA 172 Skyhawk,L1P,L
A8497C,N633GE,SR22,CIRRUS SR-22,L1P,L
A8567C,N63605,C150,CESSNA 150,L1P,L
A85A7C,N63728,,,,
A85B7C,N638AH,C510,CESSNA 510 Citation Mustang,L2J,L
A8627C,N6397D,C172,CESSNA 172 Skyhawk,L1P,L
A8637C,N64GD,EC20,AIRBUS HELICOPTERS EC-120,H1T,L
A8647C,N64SK,,,,
A86C7C,N64181,C172,CESSNA 172 Skyhawk,L1P,L
A8777C,N6447Z,PA25,PIPER PA-25 Pawnee,L1P,L
A87A7C,N6452R,P28A,PIPER PA-28-140/150/160/180,L1P,L
A87E7C,N6464U,M20P,MOONEY M-20,L1P,L
A87F7C,N647CP,M20P,MOONEY M-20,L1P,L
A88A7C,N65BB,C170,CESSNA 170,L1P,L
A88B7C,N65MH,BE58,BEECH 58 Baron,L2P,L
A88C7C,N65XP,SR22,CIRRUS SR-22,L1P,L
A88F7C,N6503A,C180,CESSNA  180 Skywagon,L1P,L
A8A47C,N656RA,RV4,VANS RV-4,L1P,L
A8A97C,N6573,ZZZZ,,-0-,-
A8AA7C,N658AK,C82S,CESSNA T182 Turbo Skylane,L1P,L
A8BC7C,N662JN,H25B,HAWKER BEECHCRAFT Hawker 750/850,L2J,M
A8C67C,N66471,C180,CESSNA  180 Skywagon,L1P,L
A8CD7C,N6664W,P28A,PIPER PA-28-140/150/160/180,L1P,L
A8CE7C,N667CR,RV6,VANS RV-6,L1P,L
A8D37C,N668RV,RV8,VANS RV-8,L1P,L
A8D57C,N66882,BE95,BEECH 95 Travel Air,L2P,L
A8D67C,N669JM,C340,CESSNA 340 Super,L2P,L
A8D87C,N6693U,M20P,MOONEY M-20,L1P,L
A8D97C,N67BD,C560,CESSNA 560 Citation Ultra,L2J,M
A8DA7C,N67MK,RV6,VANS RV-6,L1P,L
A8E37C,N672DL,B752,BOEING 757-200,L2J,M
A8E47C,N672PS,GALX,GULFSTREAM G200,L2J,M
A8E97C,N6732A,C172,CESSNA 172 Skyhawk,L1P,L
A8EB7C,N674KG,,,,
A8F77C,N677UA,B763,BOEING 767-300,L2J,H
A8F97C,N678AM,PRM1,RAYTHEON 390 Premier 1,L2J,L
A9017C,N68GH,GLID,,L0-,-
A9047C,N680P,SR22,CIRRUS SR-22,L1P,L
A9077C,N681FS,AA5,AMERICAN AA-5 Tiger,L1P,L
A9097C,N6811U,M20P,MOONEY M-20,L1P,L
A90A7C,N68185,ST75,STEARMAN Kaydet,L1P,L
A90D7C,N6823X,C172,CESSNA 172 Skyhawk,L1P,L
A90F7C,N683MN,EC30,AIRBUS HELICOPTERS EC-130,H1T,L
A91A7C,N686LA,AT6T,AIR TRACTOR AT-602,L1T,L
A9247C,N68884,COUR,HELIO Courier,L1P,L
A9287C,N69BF,,,,
A9297C,N69MM,,,,
A92A7C,N69XT,E300,EXTRA EA-300/330/350,L1P,L
A9317C,N6915H,C172,CESSNA 172 Skyhawk,L1P,L
A93D7C,N695CA,CRJ9,BOMBARDIER Regional Jet CRJ-900,L2J,M
A9407C,N6956J,P28A,PIPER PA-28-140/150/160/180,L1P,L
A9427C,N696RE,T6,NORTH AMERICAN T-6 Texan,L1P,L
A9437C,N6961A,C172,CESSNA 172 Skyhawk,L1P,L
A9447C,N6968M,S108,STINSON 108 Voyager,L1P,L
A94B7C,N6985G,C150,CESSNA 150,L1P,L
A94C7C,N699DM,CH7B,BELLANCA 7 Citabria,L1P,L
A9527C,N70CW,C206,CESSNA  206 Stationair,L1P,L
A9537C,N70PB,PA23,PIPER PA-23,L2P,L
A9587C,N701CE,CH70,ZENAIR CH-701 Stol,L1P,L
A95B7C,N7016N,BE35,BEECH 35 Starfire Bonanza,L1P,L
A95C7C,N702FC,SR22,CIRRUS SR-22,L1P,L
A95D7C,N702RJ,AEST,AEROSTAR 600,L2P,L
A95E7C,N7021E,C175,CESSNA 175 Skylark,L1P,L
A95F7C,N7028R,P28A,PIPER PA-28-140/150/160/180,L1P,L
A9607C,N706JA,CL35,BOMBARDIER BD-100 Challenger 350,L2J,M
A9637C,N704AT,C150,CESSNA 150,L1P,L
A96B7C,N706GP,M20P,MOONEY M-20,L1P,L
A96D7C,N7062F,R22,ROBINSON R-22 Mariner,H1P,L
A9707C,N707VT,T206,CESSNA T206 Turbo Stationair,L1P,L
A9777C,N709RH,C182,CESSNA 182 Skylane,L1P,L
A9787C,N7091D,BALL,,B0-,-
A97A7C,N71J,GLID,,L0-,-
A97F7C,N71079,J3,PIPER J-3 Cub,L1P,L
A9817C,N711TQ,F900,DASSAULT Falcon 900,L3J,M
A9827C,N71121,C182,CESSNA 182 Skylane,L1P,L
A9887C,N713PE,PC12,PILATUS PC-12,L1T,L
A98C7C,N714SC,C172,CESSNA 172 Skyhawk,L1P,L
A98F7C,N715JV,S22T,CIRRUS SR-22T Turbo,L1P,L
A9917C,N71532,L8,LUSCOMBE 8,L1P,L
A9927C,N716BM,B350,BEECHCRAFT Super King Air 350,L2T,M
A9937C,N716MT,C82T,CESSNA TR182 Turbo Skylane RG,L1P,L
A9957C,N71655,C182,CESSNA 182 Skylane,L1P,L
A9987C,N7170X,C150,CESSNA 150,L1P,L
A99F7C,N719WM,M7,MAULE M-7,L1P,L
A9A77C,N721CG,BE35,BEECH 35 Starfire Bonanza,L1P,L
A9AA7C,N7216Q,C172,CESSNA 172 Skyhawk,L1P,L
A9AF7C,N723JC,BE36,BEECH 36 Bonanza,L1P,L
A9B17C,N7233K,PA18,PIPER PA-18 Super Cub,L1P,L
A9B27C,N724AV,A320,AIRBUS A-320,L2J,M
A9B37C,N724MA,S2P,GRUMMAN S-2 Tracker,L2P,M
A9B67C,N725DT,C750,CESSNA 750 Citation 10,L2J,M
A9B87C,N7250E,B06,BELL 206 JetRanger,H1T,L
A9BE7C,N727KP,R44,ROBINSON R-44 Raven,H1P,L
A9C07C,N7274L,PC12,PILATUS PC-12,L1T,L
A9C57C,N729FD,A30B,AIRBUS A-300-200,L2J,H
A9C77C,N7291F,P28A,PIPER PA-28-140/150/160/180,L1P,L
A9CE7C,N7308A,AT3T,AIR TRACTOR AT-302/402,L1T,L
A9D07C,N731TS,C188,CESSNA 188 AgTruck,L1P,L
A9D17C,N73123,C207,CESSNA 207 Turbo Stationair,L1P,L
A9D27C,N732AC,E55P,EMBRAER EMB-505 Phenom 300,L2J,M
A9D47C,N732WQ,T210,CESSNA T210 Turbo Centurion,L1P,L
A9D67C,N733DA,C172,CESSNA 172 Skyhawk,L1P,L
A9D77C,N733PG,C172,CESSNA 172 Skyhawk,L1P,L
A9D87C,N733ZN,C172,CESSNA 172 Skyhawk,L1P,L
A9DA7C,N734FZ,C172,CESSNA 172 Skyhawk,L1P,L
A9DB7C,N734SE,C172,CESSNA 172 Skyhawk,L1P,L
A9DC7C,N73411,C172,CESSNA 172 Skyhawk,L1P,L
A9DD7C,N7349B,C152,CESSNA 152,L1P,L
A9DE7C,N735JX,C182,CESSNA 182 Skylane,L1P,L
A9DF7C,N735VC,C182,CESSNA 182 Skylane,L1P,L
A9E27C,N736MV,C172,CESSNA 172 Skyhawk,L1P,L
A9E47C,N73657,C172,CESSNA 172 Skyhawk,L1P,L
A9E57C,N737EM,C172,CESSNA 172 Skyhawk,L1P,L
A9E77C,N7370Z,PA25,PIPER PA-25 Pawnee,L1P,L
A9E97C,N738HK,C172,CESSNA 172 Skyhawk,L1P,L
A9F17C,N74PF,CA4,COM AIR 4,L1P,L
A9F57C,N7404P,PA24,PIPER PA-24 Comanche,L1P,L
A9F97C,N7416S,BALL,,B0-,-
A9FC7C,N7421J,P28R,PIPER PA-28R-180/200/201,L1P,L
AA017C,N744AX,B762,BOEING 767-200,L2J,H
AA047C,N7445Q,C182,CESSNA 182 Skylane,L1P,L
AA077C,N7450G,C172,CESSNA 172 Skyhawk,L1P,L
AA0B7C,N7462K,PA20,PIPER PA-20 Pacer,L1P,L
AA0C7C,N7469W,P28A,PIPER PA-28-140/150/160/180,L1P,L
AA117C,N748NP,PA31,PIPER PA-31-300/310/325/350/425,L2P,L
AA147C,N749FF,B06,BELL 206 JetRanger,H1T,L
AA1C7C,N75002,G164,GRUMMAN G-164 Ag-Cat,L1P,L
AA207C,N75125,,,,
AA247C,N75248,P28A,PIPER PA-28-140/150/160/180,L1P,L
AA2E7C,N755VE,GLF5,GULFSTREAM 5,L2J,M
AA2F7C,N75536,C172,CESSNA 172 Skyhawk,L1P,L
AA327C,N756YC,T206,CESSNA T206 Turbo Stationair,L1P,L
AA357C,N757QV,C152,CESSNA 152,L1P,L
AA367C,N75701,C172,CESSNA 172 Skyhawk,L1P,L
AA377C,N7578B,SR22,CIRRUS SR-22,L1P,L
AA387C,N758HM,C172,CESSNA 172 Skyhawk,L1P,L
AA397C,N758TT,C172,CESSNA 172 Skyhawk,L1P,L
AA3A7C,N75824,C172,CESSNA 172 Skyhawk,L1P,L
AA3C7C,N759LK,C182,CESSNA 182 Skylane,L1P,L
AA3D7C,N759WR,C182,CESSNA 182 Skylane,L1P,L
AA3E7C,N75947,T28,NORTH AMERICAN T-28,L1P,L
AA3F7C,N76DB,BE33,BEECH 33 Bonanza,L1P,L
AA457C,N761CL,T210,CESSNA T210 Turbo Centurion,L1P,L
AA487C,N7616U,C150,CESSNA 150,L1P,L
AA4C7C,N7628X,C172,CESSNA 172 Skyhawk,L1P,L
AA567C,N7650J,P28R,PIPER PA-28R-180/200/201,L1P,L
AA5B7C,N7669Y,PA30,PIPER PA-30 Twin Comanche,L2P,L
AA5C7C,N767KT,C82S,CESSNA T182 Turbo Skylane,L1P,L
AA647C,N769RP,,,,
AA667C,N7698W,P28A,PIPER PA-28-140/150/160/180,L1P,L
AA677C,N77JF,C172,CESSNA 172 Skyhawk,L1P,L
AA687C,N77UM,,,,
AA6C7C,N7708E,B737,BOEING 737-700,L2J,M
AA6E7C,N771TW,SA30,STOLP Starduster Too,L1P,L
AA6F7C,N77127,KR1,RAND KR-1,L1P,L
AA737C,N7725,,,,
AA787C,N774GC,PARA,,P0-,-
AA7A7C,N77415,C120,CESSNA 120,L1P,L
AA7B7C,N7749F,P28A,PIPER PA-28-140/150/160/180,L1P,L
AA7E7C,N77538,B738,BOEING 737-800,L2J,M
AA7F7C,N776BT,GLF4,GULFSTREAM 4,L2J,M
AA837C,N777ER,LNC4,LANCAIR 4,L1P,L
AA847C,N777QX,CL60,BOMBARDIER CL-600 Challenger,L2J,M
AA8A7C,N779AF,BE9L,BEECH 90 King Air,L2T,L
AA8C7C,N779WT,RV12,VANS RV-12,L1P,L
AA8E7C,N78DD,BE95,BEECH 95 Travel Air,L2P,L
AA8F7C,N78PK,MU2,MITSUBISHI MU-2 Marquise,L2T,L
AA967C,N781Z,BE35,BEECH 35 Starfire Bonanza,L1P,L
AA9A7C,N7821N,P28A,PIPER PA-28-140/150/160/180,L1P,L
AA9B7C,N7828Z,C150,CESSNA 150,L1P,L
AAA87C,N786TC,,,,
AAA97C,N7862P,PA18,PIPER PA-18 Super Cub,L1P,L
AAAC7C,N787WA,PA34,PIPER PA-34 Seneca,L2P,L
AAAE7C,N788CM,SF50,CIRRUS SF-50 Vision,L1J,L
AAB17C,N7886V,M20P,MOONEY M-20,L1P,L
AAB57C,N7898Y,PA30,PIPER PA-30 Twin Comanche,L2P,L
AAB77C,N79UP,BALL,,B0-,-
AAB97C,N790R,F2TH,DASSAULT Falcon 2000,L2J,M
AABB7C,N7908G,C172,CESSNA 172 Skyhawk,L1P,L
AAC27C,N7925B,C172,CESSNA 172 Skyhawk,L1P,L
AAC97C,N79417,C172,CESSNA 172 Skyhawk,L1P,L
AACF7C,N796NA,,,,
AADE7C,N8PM,BL8,BELLANCA 8 Decathlon,L1P,L
AADF7C,N8ZT,PTS2,PITTS S-2 Special,L1P,L
AAE07C,N80KY,BE95,BEECH 95 Travel Air,L2P,L
AAE17C,N80WD,RV8,VANS RV-8,L1P,L
AAE57C,N8009M,PARA,,P0-,-
AAE87C,N8014D,LA4,LAKE LA-4/200,A1P,L
AAE97C,N802BZ,C82S,CESSNA T182 Turbo Skylane,L1P,L
AAEF7C,N80309,BE17,BEECH 17 Staggerwing,L1P,L
AAF27C,N804UA,A319,AIRBUS A-319,L2J,M
AAF47C,N805AM,P28A,PIPER PA-28-140/150/160/180,L1P,L
AAFD7C,N807SP,C172,CESSNA 172 Skyhawk,L1P,L
AB047C,N809ND,C206,CESSNA  206 Stationair,L1P,L
AB087C,N81RB,RV4,VANS RV-4,L1P,L
AB0D7C,N811EE,,,,
AB0F7C,N8110S,C150,CESSNA 150,L1P,L
AB107C,N81173,FNKB,FUNK B,L1P,L
AB137C,N8122V,L39,LET L-39 Albatros,L1J,L
AB1E7C,N8151T,C175,CESSNA 175 Skylark,L1P,L
AB207C,N816JP,PA18,PIPER PA-18 Super Cub,L1P,L
AB227C,N8163W,P28A,PIPER PA-28-140/150/160/180,L1P,L
AB237C,N817BF,C25A,CESSNA 525A Citation CJ2,L2J,L
AB2D7C,N8192U,C172,CESSNA 172 Skyhawk,L1P,L
AB2F7C,N82L,CH7A,BELLANCA 7 Champion,L1P,L
AB307C,N82WF,SF50,CIRRUS SF-50 Vision,L1J,L
AB317C,N820GL,M20P,MOONEY M-20,L1P,L
AB327C,N820SS,C82S,CESSNA T182 Turbo Skylane,L1P,L
AB337C,N8202C,PA22,PIPER PA-22,L1P,L
AB347C,N8209P,PA24,PIPER PA-24 Comanche,L1P,L
AB377C,N8214F,C150,CESSNA 150,L1P,L
AB397C,N822NG,PC12,PILATUS PC-12,L1T,L
AB3E7C,N8231A,P28A,PIPER PA-28-140/150/160/180,L1P,L
AB427C,N8243D,BE35,BEECH 35 Starfire Bonanza,L1P,L
AB467C,N8255G,C77R,CESSNA 177RG Cardinal RG,L1P,L
AB477C,N826DM,FOX,KITFOX,L1P,L
AB4D7C,N8272B,BE58,BEECH 58 Baron,L2P,L
AB4E7C,N8279N,P28A,PIPER PA-28-140/150/160/180,L1P,L
AB527C,N829C,PA32,PIPER PA-32,L1P,L
AB587C,N830BJ,C340,CESSNA 340 Super,L2P,L
AB5B7C,N83052,PA32,PIPER PA-32,L1P,L
AB5E7C,N8310U,C172,CESSNA 172 Skyhawk,L1P,L
AB5F7C,N83175,CH7A,BELLANCA 7 Champion,L1P,L
AB627C,N8322X,B738,BOEING 737-800,L2J,M
AB647C,N833LC,E55P,EMBRAER EMB-505 Phenom 300,L2J,M
AB667C,N83340,CH7A,BELLANCA 7 Champion,L1P,L
AB687C,N834PA,AS50,AEROSPATIALE AS-350 Ecureuil,H1T,L
AB757C,N83751,CH7A,BELLANCA 7 Champion,L1P,L
AB767C,N838EF,SR20,CIRRUS SR-20,L1P,L
AB7D7C,N83997,CH7A,BELLANCA 7 Champion,L1P,L
AB7E7C,N84LB,BE55,BEECH 55 Baron,L2P,L
AB7F7C,N84WH,BE35,BEECH 35 Starfire Bonanza,L1P,L
AB817C,N840SU,C172,CESSNA 172 Skyhawk,L1P,L
AB837C,N8409R,P28A,PIPER PA-28-140/150/160/180,L1P,L
AB877C,N842CC,GLID,,L0-,-
AB8E7C,N8438P,PA24,PIPER PA-24 Comanche,L1P,L
AB957C,N8455J,C150,CESSNA 150,L1P,L
AB987C,N8460A,PA34,PIPER PA-34 Seneca,L2P,L
AB9C7C,N8472D,PA18,PIPER PA-18 Super Cub,L1P,L
AB9D7C,N8479Q,T206,CESSNA T206 Turbo Stationair,L1P,L
ABA07C,N8484G,C172,CESSNA 172 Skyhawk,L1P,L
ABA67C,N85RF,DSA1,SMITH DSA-1 Miniplane,L1P,L
ABA77C,N850BL,TBM7,SOCATA TBM-700A/B/C,L1T,L
ABAB7C,N851EJ,M18,PZL-MIELEC M-18 Dromader,L1P,L
ABAD7C,N8510W,P28B,PIPER PA-28-201T/235/236,L1P,L
ABB17C,N8522Z,T28,NORTH AMERICAN T-28,L1P,L
ABB27C,N853,BE35,BEECH 35 Starfire Bonanza,L1P,L
ABC47C,N85753,CH7A,BELLANCA 7 Champion,L1P,L
ABCC7C,N85999,AR11,AERONCA 11 Chief,L1P,L
ABCE7C,N86WK,LGEZ,RUTAN Long-EZ,L1P,L
ABD57C,N8614K,S108,STINSON 108 Voyager,L1P,L
ABD97C,N8626N,PA32,PIPER PA-32,L1P,L
ABDC7C,N8631E,CRJ2,BOMBARDIER Regional Jet CRJ-200,L2J,M
ABE07C,N8643H,NAVI,NORTH AMERICAN Navion,L1P,L
ABE17C,N865AT,DRON,,D0-,-
ABE87C,N8667P,PA24,PIPER PA-24 Comanche,L1P,L
ABEB7C,N8672F,B738,BOEING 737-800,L2J,M
ABF37C,N8696M,BE35,BEECH 35 Starfire Bonanza,L1P,L
ABF57C,N87RH,GLAS,Glasair,L1P,L
ABFC7C,N8710Y,PA30,PIPER PA-30 Twin Comanche,L2P,L
AC007C,N87221,C310,CESSNA 310,L2P,L
AC047C,N87344,ERCO,AIR PRODUCTS F-1 Aircoupe,L1P,L
AC1A7C,N87920,J3,PIPER J-3 Cub,L1P,L
AC1B7C,N88A,CH7A,BELLANCA 7 Champion,L1P,L
AC1C7C,N88LF,VEZE,RUTAN VariEze,L1P,L
AC1D7C,N88WM,BE35,BEECH 35 Starfire Bonanza,L1P,L
AC207C,N8802J,P28A,PIPER PA-28-140/150/160/180,L1P,L
AC217C,N8809V,BL17,BELLANCA 17 Viking,L1P,L
AC267C,N882NN,B738,BOEING 737-800,L2J,M
AC287C,N8826Q,B38M,BOEING 737 MAX 8,L2J,M
AC297C,N883FE,C208,CESSNA 208 Caravan,L1T,L
AC317C,N885MA,RV8,VANS RV-8,L1P,L
AC337C,N8855N,P28A,PIPER PA-28-140/150/160/180,L1P,L
AC347C,N886DT,ARCP,SCHEMPP-HIRTH Arcus M,L1P,L
AC377C,N8867R,BL17,BELLANCA 17 Viking,L1P,L
AC3C7C,N888KP,C310,CESSNA 310,L2P,L
AC3D7C,N888VV,C421,CESSNA 421 Executive Commuter,L2P,L
AC477C,N890YB,FDCT,FLIGHT DESIGN CT,L1P,L
AC4F7C,N89223,C152,CESSNA 152,L1P,L
AC507C,N893AC,P28A,PIPER PA-28-140/150/160/180,L1P,L
AC577C,N89469,C152,CESSNA 152,L1P,L
AC5A7C,N89511,C140,CESSNA 140,L1P,L
AC657C,N8980Z,C310,CESSNA 310,L2P,L
AC667C,N8988,GLF5,GULFSTREAM 5,L2J,M
AC687C,N899TR,GLST,GLASAIR SH-4 GlaStar,L1P,L
AC6A7C,N9AB,BE35,BEECH 35 Starfire Bonanza,L1P,L
AC6C7C,N9WP,PTS1,PITTS S-1 Special,L1P,L
AC6F7C,N900DE,MD88,MCDONNELL-DOUGLAS MD-88,L2J,M
AC767C,N9019F,A319,AIRBUS A-319,L2J,M
AC7D7C,N9036A,BALL,,B0-,-
AC7E7C,N904ER,DA42,DIAMOND DA-42 Guardian,L2P,L
AC807C,N90403,,,,
AC857C,N906AF,EXPL,MCDONNELL-DOUGLAS MD-900 Explorer,H2T,L
AC887C,N90649,TAIL,WITTMAN Tailwind,L1P,L
AC8A7C,N907PK,RV9,VANS RV-9,L1P,L
AC8C7C,N9077B,CH7A,BELLANCA 7 Champion,L1P,L
AC8E7C,N908SH,EC45,AIRBUS HELICOPTERS EC-145,H2T,L
AC917C,N909K,B06,BELL 206 JetRanger,H1T,L
AC947C,N91BS,GLAS,Glasair,L1P,L
AC9A7C,N911BA,B06,BELL 206 JetRanger,H1T,L
AC9B7C,N911MG,B06,BELL 206 JetRanger,H1T,L
AC9D7C,N9115U,C150,CESSNA 150,L1P,L
ACA07C,N9120L,CH7A,BELLANCA 7 Champion,L1P,L
ACA37C,N913TC,P32R,PIPER PA-32R-300/301/301T,L1P,L
ACA47C,N9132P,PA24,PIPER PA-24 Comanche,L1P,L
ACA57C,N91390,C180,CESSNA  180 Skywagon,L1P,L
ACA97C,N915CM,C172,CESSNA 172 Skyhawk,L1P,L
ACAE7C,N916RR,C172,CESSNA 172 Skyhawk,L1P,L
ACAF7C,N9161M,SONX,SONEX AIRCRAFT Sonex,L1P,L
ACB47C,N918B,BE35,BEECH 35 Starfire Bonanza,L1P,L
ACB77C,N9185T,C180,CESSNA  180 Skywagon,L1P,L
ACBC7C,N92GW,GLID,,L0-,-
ACC17C,N9207E,M5,MAULE M-5,L1P,L
ACC37C,N921SL,,,,
ACC57C,N9219H,C172,CESSNA 172 Skyhawk,L1P,L
ACCA7C,N923NA,T38,NORTHROP T-38 Talon,L2J,L
ACCC7C,N9236C,P28R,PIPER PA-28R-180/200/201,L1P,L
ACCF7C,N92405,C182,CESSNA 182 Skylane,L1P,L
ACD77C,N9265A,HCAT,GRUMMAN F6F Hellcat,L1P,L
ACD97C,N927PM,SREY,PROGRESSIVE AERODYNE SeaRey,A1P,L
ACDB7C,N9277D,P28A,PIPER PA-28-140/150/160/180,L1P,L
ACDD7C,N928SK,S22T,CIRRUS SR-22T Turbo,L1P,L
ACDE7C,N92816,C182,CESSNA 182 Skylane,L1P,L
ACDF7C,N9289G,C182,CESSNA 182 Skylane,L1P,L
ACE07C,N929KB,,,,
ACE27C,N92939,SONX,SONEX AIRCRAFT Sonex,L1P,L
ACE47C,N93N,VENT,SCHEMPP-HIRTH Ventus,L1P,L
ACE87C,N9303T,C180,CESSNA  180 Skywagon,L1P,L
ACED7C,N932EA,BE40,BEECH 400 Beechjet,L2J,M
ACEF7C,N9320N,P28R,PIPER PA-28R-180/200/201,L1P,L
ACF27C,N933TE,,,,
ACF77C,N9344U,C150,CESSNA 150,L1P,L
ACF87C,N935CP,C82T,CESSNA TR182 Turbo Skylane RG,L1P,L
ACFB7C,N9356X,C182,CESSNA 182 Skylane,L1P,L
AD027C,N9373S,BE24,BEECH 24 Sierra,L1P,L
AD077C,N939E,,,,
AD097C,N9390M,M20P,MOONEY M-20,L1P,L
AD0C7C,N94TD,RV7,VANS RV-7,L1P,L
AD0D7C,N940DJ,B739,BOEING 737-900,L2J,M
AD147C,N9419K,S108,STINSON 108 Voyager,L1P,L
AD1E7C,N94407,ERCO,AIR PRODUCTS F-1 Aircoupe,L1P,L
AD247C,N946LR,CRJ9,BOMBARDIER Regional Jet CRJ-900,L2J,M
AD267C,N9465C,C180,CESSNA  180 Skywagon,L1P,L
AD2C7C,N948SM,C72R,CESSNA 172R Cutlass RG,L1P,L
AD2E7C,N9489J,P28A,PIPER PA-28-140/150/160/180,L1P,L
AD317C,N9494A,C140,CESSNA 140,L1P,L
AD327C,N95BW,C180,CESSNA  180 Skywagon,L1P,L
AD337C,N95NB,C56X,CESSNA 560XL Citation XLS,L2J,M
AD377C,N9503V,M10,MOONEY M-10 Cadet,L1P,L
AD3E7C,N9520Q,BE35,BEECH 35 Starfire Bonanza,L1P,L
AD3F7C,N95271,P28A,PIPER PA-28-140/150/160/180,L1P,L
AD407C,N953HA,C170,CESSNA 170,L1P,L
AD467C,N9544W,P28A,PIPER PA-28-140/150/160/180,L1P,L
AD4A7C,N9556Z,T206,CESSNA T206 Turbo Stationair,L1P,L
AD4C7C,N956RV,RV9,VANS RV-9,L1P,L
AD4D7C,N9561R,BE35,BEECH 35 Starfire Bonanza,L1P,L
AD4E7C,N95682,C182,CESSNA 182 Skylane,L1P,L
AD4F7C,N957JM,COL4,CESSNA 400 Corvalis TT,L1P,L
AD537C,N958MK,CRUZ,CSA PS-28 Cruiser,L1P,L
AD5B7C,N96TF,FOX,KITFOX,L1P,L
AD5C7C,N960DL,MD88,MCDONNELL-DOUGLAS MD-88,L2J,M
AD627C,N9612A,C140,CESSNA 140,L1P,L
AD717C,N9653B,C72R,CESSNA 172R Cutlass RG,L1P,L
AD727C,N966AM,B788,BOEING 787-8 Dreamliner,L2J,H
AD737C,N966LT,C172,CESSNA 172 Skyhawk,L1P,L
AD757C,N9665E,AR11,AERONCA 11 Chief,L1P,L
AD7B7C,N968SP,C172,CESSNA 172 Skyhawk,L1P,L
AD7D7C,N9689L,AA1,AMERICAN AA-1,L1P,L
AD837C,N97YK,YK52,YAKOVLEV Yak-52,L1P,L
AD867C,N9703X,C210,CESSNA 201 Centurion,L1P,L
AD877C,N971BG,BE33,BEECH 33 Bonanza,L1P,L
AD917C,N9732V,C172,CESSNA 172 Skyhawk,L1P,L
AD927C,N97396,C182,CESSNA 182 Skylane,L1P,L
AD957C,N9744Y,BE35,BEECH 35 Starfire Bonanza,L1P,L
AD9E7C,N977JP,LJ31,LEARJET 31,L2J,M
ADA77C,N9790R,BE35,BEECH 35 Starfire Bonanza,L1P,L
ADA87C,N97972,S108,STINSON 108 Voyager,L1P,L
ADB17C,N9812C,P28A,PIPER PA-28-140/150/160/180,L1P,L
ADB27C,N9819P,PA25,PIPER PA-25 Pawnee,L1P,L
ADBD7C,N9848M,T206,CESSNA T206 Turbo Stationair,L1P,L
ADC47C,N9865G,C172,CESSNA 172 Skyhawk,L1P,L
ADC57C,N987DM,GLID,,L0-,-
ADCA7C,N988SR,SR22,CIRRUS SR-22,L1P,L
ADCF7C,N9894E,C182,CESSNA 182 Skylane,L1P,L
ADD17C,N99NF,PTS2,PITTS S-2 Special,L1P,L
ADD27C,N99YM,RV14,VANS RV-14,L1P,L
ADD67C,N991BJ,P28A,PIPER PA-28-140/150/160/180,L1P,L
ADDC7C,N9920U,AA5,AMERICAN AA-5 Tiger,L1P,L
ADE17C,N99398,ERCO,AIR PRODUCTS F-1 Aircoupe,L1P,L
ADEB7C,N9961V,C172,CESSNA 172 Skyhawk,L1P,L
ADEC7C,N99686,ERCO,AIR PRODUCTS F-1 Aircoupe,L1P,L
ADF07C,N998BH,BALL,,B0-,-
ADF47C,N999EF,BL8,BELLANCA 8 Decathlon,L1P,L
ADF77C,N99974,GLID,,L0-,-
ADFC7C,91-0088,BE40,BEECH 400 Beechjet,L2J,M
ADFE7C,92-3283,C130,LOCKHEED C-130 Hercules,L4T,M
ADFF7C,67-14930,T38,NORTHROP T-38 Talon,L2J,L
AE007C,66-8361,T38,NORTHROP T-38 Talon,L2J,L
AE037C,63-8026,K35R,BOEING KC-135R/T Stratotanker,L4J,H
AE047C,59-1448,K35R,BOEING KC-135R/T Stratotanker,L4J,H
AE057C,87-0031,C5M,LOCKHEED C-5 Super Galaxy,L4J,H
AE0A7C,90-26255,H60,SIKORSKY UH-60 Black Hawk,H2T,M
AE0B7C,94-26565,H60,SIKORSKY UH-60 Black Hawk,H2T,M
AE0D7C,77-22718,H60,SIKORSKY UH-60 Black Hawk,H2T,M
AE0E7C,82-23754,H60,SIKORSKY UH-60 Black Hawk,H2T,M
AE117C,02-1110,C17,BOEING C-17 Globemaster 3,L4J,H
AE127C,73-1583,C130,LOCKHEED C-130 Hercules,L4T,M
AE137C,163529,A6,GRUMMAN A-6 Prowler,L2J,M
AE197C,80-0218,A10,FAIRCHILD A-10 Thunderbolt II,L2J,M
AE1D7C,162999,P3,LOCKHEED P-3 Orion,L4T,M
AE1E7C,166030,TEX2,BEECHCRAFT T-6 Texan 2,L1T,L
AE1F7C,09-72109,EC45,AIRBUS HELICOPTERS EC-145,H2T,L
AE267C,6534,AS65,AEROSPATIALE AS-365 Dauphin 2,H2T,L
AE4A7C,168208,B350,BEECHCRAFT Super King Air 350,L2T,M
AE527C,08-08772,H47,BOEING-VERTOL CH-47 Chinook,H2T,M
AE567C,12-20529,H60,SIKORSKY UH-60 Black Hawk,H2T,M
AE577C,14-20652,H60,SIKORSKY UH-60 Black Hawk,H2T,M
AE587C,60-0023,B52,BOEING B-52 Stratofortress,L8J,H
AE597C,14-03044,H64,MCDONNELL DOUGLAS AH-64 Apache,H2T,M
AE5A7C,15-72400,EC45,AIRBUS HELICOPTERS EC-145,H2T,L
AE5B7C,07-0691,PC12,PILATUS PC-12,L1T,L
AE5D7C,16-20882,H60,SIKORSKY UH-60 Black Hawk,H2T,M
AE647C,19-21042,H60,SIKORSKY UH-60 Black Hawk,H2T,M
AE6A7C,20-21142,H60,SIKORSKY UH-60 Black Hawk,H2T,M
AE6B7C,19-03274,H64,MCDONNELL DOUGLAS AH-64 Apache,H2T,M
AE6C7C,21-21197,H60,SIKORSKY UH-60 Black Hawk,H2T,M
AE6D7C,20-5946,C30J,LOCKHEED MARTIN C-130J Super Hercules,L4T,M
AE6E7C,20-14508,H60,SIKORSKY UH-60 Black Hawk,H2T,M
C0007C,C-FAET,BE58,BEECH 58 Baron,L2P,L
C0017C,C-FAOP,DHC2,DE HAVILLAND DHC-2 Beaver,L1P,L
C0027C,C-FAYL,CAMP,GREGA GN-1 Aircamper,L1P,L
C0037C,C-FBIH,S108,STINSON 108 Voyager,L1P,L
C0057C,C-FCBZ,BE10,BEECH 100 King Air,L2T,L
C0067C,C-FCLV,PZ04,PZL-OKECIE PZL-104 Wilga,L1P,L
C0077C,C-FCVR,C172,CESSNA 172 Skyhawk,L1P,L
C0087C,C-FDFN,,,,
C0097C,C-FDPJ,C172,CESSNA 172 Skyhawk,L1P,L
C00A7C,C-FDZF,CNUK,FLEET 80 Canuck,L1P,L
C00B7C,C-FEJB,E75S,EMBRAER ERJ-170-200 (short wing),L2J,M
C00C7C,C-FESX,,,,
C00D7C,C-FFCT,C172,CESSNA 172 Skyhawk,L1P,L
C00E7C,C-FFMP,,,,
C00F7C,C-FFWL,C180,CESSNA  180 Skywagon,L1P,L
C0117C,C-FGQD,,,,
C0127C,C-FGZZ,C140,CESSNA 140,L1P,L
C0137C,C-FHJV,CH7A,BELLANCA 7 Champion,L1P,L
C0147C,C-FHTR,B06,BELL 206 JetRanger,H1T,L
C0167C,C-FINJ,C180,CESSNA  180 Skywagon,L1P,L
C0177C,C-FIXF,PA14,PIPER PA-14 Family Cruiser,L1P,L
C0187C,C-FJHB,DA2,DAVIS DA-2,L1P,L
C01A7C,C-FKAT,C172,CESSNA 172 Skyhawk,L1P,L
C01B7C,C-FKKP,PA18,PIPER PA-18 Super Cub,L1P,L
C01C7C,C-FKUL,PA44,PIPER PA-44 Seminole,L2P,L
C01D7C,C-FLEH,J3,PIPER J-3 Cub,L1P,L
C01E7C,C-FLOD,C170,CESSNA 170,L1P,L
C01F7C,C-FLXZ,,,,
C0207C,C-FMHV,ERCO,AIR PRODUCTS F-1 Aircoupe,L1P,L
C0227C,C-FNBN,C182,CESSNA 182 Skylane,L1P,L
C0237C,C-FNLJ,H269,HUGHES Sky Knight,H1P,L
C0247C,C-FNVF,CH7A,BELLANCA 7 Champion,L1P,L
C0257C,C-FOFB,B505,BELL 505 JetRanger X,H1T,L
C0267C,C-FOOX,ASTR,GULFSTREAM AEROSPACE Gulfstream G100,L2J,M
C0297C,C-FPSL,PA23,PIPER PA-23,L2P,L
C02B7C,C-FQMD,C150,CESSNA 150,L1P,L
C02C7C,C-FQVZ,C150,CESSNA 150,L1P,L
C02D7C,C-FRFV,C172,CESSNA 172 Skyhawk,L1P,L
C02E7C,C-FRPR,C172,CESSNA 172 Skyhawk,L1P,L
C02F7C,C-FRZN,LNCE,LANCAIR ES,L1P,L
C0307C,C-FSJJ,B38M,BOEING 737 MAX 8,L2J,M
C0317C,C-FSTF,P28A,PIPER PA-28-140/150/160/180,L1P,L
C0327C,C-FTDB,RV6,VANS RV-6,L1P,L
C0337C,C-FTMX,GLAS,Glasair,L1P,L
C0347C,C-FTWT,PA18,PIPER PA-18 Super Cub,L1P,L
C0367C,C-FUQL,C185,CESSNA 185 Skywagon,L1P,L
C0387C,C-FVKD,PA18,PIPER PA-18 Super Cub,L1P,L
C0397C,C-FVTZ,CH60,ZENAIR CH-600 Zodiac,L1P,L
C03A7C,C-FWDV,DHC2,DE HAVILLAND DHC-2 Beaver,L1P,L
C03B7C,C-FWNR,C140,CESSNA 140,L1P,L
C03C7C,C-FWXN,C150,CESSNA 150,L1P,L
C03F7C,C-FYBB,,,,
C0417C,C-FYUT,PC12,PILATUS PC-12,L1T,L
C0427C,C-FZEP,PA22,PIPER PA-22,L1P,L
C0437C,C-FZOL,C170,CESSNA 170,L1P,L
C0457C,C-GAID,C182,CESSNA 182 Skylane,L1P,L
C0477C,C-GBBV,NDAC,NORMAND DUBE Aerocruiser,L1P,L
C0487C,C-GBLR,C152,CESSNA 152,L1P,L
C0497C,C-GBVN,GLID,,L0-,-
C04A7C,C-GCFJ,DH8A,DE HAVILLAND DHC-8-100 Dash 8,L2T,M
C04B7C,C-GCPF,,,,
C04C7C,C-GCZB,P28A,PIPER PA-28-140/150/160/180,L1P,L
C04D7C,C-GDIX,P28A,PIPER PA-28-140/150/160/180,L1P,L
C04E7C,C-GDST,PA31,PIPER PA-31-300/310/325/350/425,L2P,L
C04F7C,C-GECP,CH7B,BELLANCA 7 Citabria,L1P,L
C0507C,C-GEML,DV20,DIAMOND DA-20,L1P,L
C0517C,C-GEWH,,,,
C0527C,C-GFGD,GLST,GLASAIR SH-4 GlaStar,L1P,L
C0547C,C-GFZV,C182,CESSNA 182 Skylane,L1P,L
C0557C,C-GGJR,,,,
C0567C,C-GGTN,P28A,PIPER PA-28-140/150/160/180,L1P,L
C0577C,C-GHDJ,,,,
C0587C,C-GHNF,H500,HUGHES 500,H1T,L
C05B7C,C-GIQT,C172,CESSNA 172 Skyhawk,L1P,L
C05C7C,C-GJAP,C150,CESSNA 150,L1P,L
C05E7C,C-GJUH,,,,
C05F7C,C-GKED,GLID,,L0-,-
C0607C,C-GKNZ,T206,CESSNA T206 Turbo Stationair,L1P,L
C0637C,C-GLRN,B738,BOEING 737-800,L2J,M
C0647C,C-GMBJ,P28A,PIPER PA-28-140/150/160/180,L1P,L
C0657C,C-GMLF,PC12,PILATUS PC-12,L1T,L
C0667C,C-GMVB,C208,CESSNA 208 Caravan,L1T,L
C0677C,C-GNEX,BE10,BEECH 100 King Air,L2T,L
C0687C,C-GNOT,R44,ROBINSON R-44 Raven,H1P,L
C0697C,C-GNYP,C172,CESSNA 172 Skyhawk,L1P,L
C06A7C,C-GOIL,F900,DASSAULT Falcon 900,L3J,M
C06B7C,C-GOSH,BALL,,B0-,-
C06C7C,C-GPCD,B47G,BELL 47G,H1P,L
C0707C,C-GQPN,P28A,PIPER PA-28-140/150/160/180,L1P,L
C0717C,C-GQZJ,PA25,PIPER PA-25 Pawnee,L1P,L
C0727C,C-GRJF,ZZZZ,,-0-,-
C0737C,C-GRTB,B738,BOEING 737-800,L2J,M
C0747C,C-GSCX,C172,CESSNA 172 Skyhawk,L1P,L
C0757C,C-GSMT,DV20,DIAMOND DA-20,L1P,L
C0777C,C-GTGL,C172,CESSNA 172 Skyhawk,L1P,L
C0787C,C-GTQH,AS50,AEROSPATIALE AS-350 Ecureuil,H1T,L
C0797C,C-GUAD,C182,CESSNA 182 Skylane,L1P,L
C07A7C,C-GUJZ,DH8D,DE HAVILLAND DHC-8-400 Dash 8,L2T,M
C07C7C,C-GVDR,PA24,PIPER PA-24 Comanche,L1P,L
C07D7C,C-GVNN,M10,MOONEY M-10 Cadet,L1P,L
C07E7C,C-GVXJ,,,,
C07F7C,C-GWHF,GLEX,BOMBARDIER BD-700 Global 6000/6500,L2J,M
C0807C,C-GWRB,R66,ROBINSON R-66,H1T,L
C0817C,C-GXAX,B38M,BOEING 737 MAX 8,L2J,M
C0827C,C-GXKT,LA4,LAKE LA-4/200,A1P,L
C0837C,C-GXUP,RC3,REPUBLIC RC-3 Seabee,A1P,L
C0847C,C-GYEL,P28A,PIPER PA-28-140/150/160/180,L1P,L
C0867C,C-GYYD,C172,CESSNA 172 Skyhawk,L1P,L
C0877C,C-GZHZ,B212,BELL 212,H2T,L
C0887C,C-GZRV,RV6,VANS RV-6,L1P,L
C08A7C,C-IALN,ULAC,,L0-,-
C08E7C,C-IBYX,ULAC,,L0-,-
C08F7C,C-ICIT,ULAC,,L0-,-
C0907C,C-ICSP,PELI,FLYER Pelican,L1P,L
C0917C,C-IDCL,ULAC,,L0-,-
C0927C,C-IDMH,ULAC,,L0-,-
C0937C,C-IDWD,BEVR,ASAP Beaver,L1P,L
C0947C,C-IEFZ,ULAC,,L0-,-
C0967C,C-IEZR,PARA,,P0-,-
C0977C,C-IFJN,PARA,,P0-,-
C0987C,C-IFTJ,PARA,,P0-,-
C0997C,C-IGDF,CAD2,DELISLE Cadi,L1P,L
C09C7C,C-IHGT,PARA,,P0-,-
C09E7C,C-IIAL,PARA,,P0-,-
C09F7C,C-IIKH,ULAC,,L0-,-
C0A27C,C-IJNV,PARA,,P0-,-
C0A37C,C-IJXR,PARA,,P0-,-
C0A47C,C-IKHN,PARA,,P0-,-
C0A57C,C-IKRJ,PARA,,P0-,-
C0A67C,C-ILBF,ULAC,,L0-,-
C0A77C,C-ILLB,PARA,,P0-,-
C0A97C,C-IMET,,,,
C0B77C,C-IRMP,ULAC,,L0-,-
C0C37C,C-IWAT,ULAC,,L0-,-
C1E17C,TWR,TWR,,T0-,-
C1E47C,SERV,SERV,,V0-,-
C1E57C,SERV,SERV,,V0-,-
C8017C,ZK-CCQ,DH82,DE HAVILLAND DH-82 Tiger Moth,L1P,L
C8047C,ZK-EOP,T206,CESSNA T206 Turbo Stationair,L1P,L
C8087C,ZK-GLV,GLID,,L0-,-
C80F7C,ZK-SUG,PA25,PIPER PA-25 Pawnee,L1P,L
C8127C,ZK-IGP,R22,ROBINSON R-22 Mariner,H1P,L
C8137C,ZK-JBI,JABI,Jabiru J120,L1P,L
C8147C,ZK-HOC,B06,BELL 206 JetRanger,H1T,L
C8177C,ZK-MPL,IMPU,IMPULSE Xturn,L1P,L
C8187C,ZK-KOF,BALL,,B0-,-
C8197C,ZK-HXT,R44,ROBINSON R-44 Raven,H1P,L
C81A7C,ZK-CTO,DA42,DIAMOND DA-42 Guardian,L2P,L
C81B7C,ZK-DAR,CRUZ,CSA PS-28 Cruiser,L1P,L
C81D7C,ZK-SCT,SKRA,BEST OFF Sky Ranger,L1P,L
C81E7C,ZK-IEG,MD52,MCDONNELL-DOUGLAS MD-520N,H1T,L
C8207C,ZK-RHR,COY2,RANS Coyote 2,L1P,L
C8247C,ZK-IGF,EC30,AIRBUS HELICOPTERS EC-130,H1T,L
C8277C,ZK-VGT,RV12,VANS RV-12,L1P,L
C8287C,ZK-GGS,LK17,SPORTINE AVIACIJA LAK-17AT,L1P,L
C8297C,ZK-MGO,BEAR,AVIPRO RB-4 Bearhawk,L1P,L
E2007C,PG-446,P28B,PIPER PA-28-201T/235/236,L1P,L
E4007C,6701,E145,EMBRAER ERJ-145,L2J,M
E47E7C,PR-VBQ,B737,BOEING 737-700,L2J,M
E4827C,PR-MBW,A319,AIRBUS A-319,L2J,M
E4887C,PT-LBL,E50P,EMBRAER EMB-500 Phenom 100,L2J,L
E48C7C,PP-FFA,A109,AGUSTA AW-109 Grand,H2T,L
E48D7C,PR-MCP,BT36,BEECH B36TC Bonanza,L1P,L
E48F7C,PP-MPJ,LJ45,LEARJET 45,L2J,M
E4917C,PR-GNU,B429,BELL 429 GlobalRanger,H2T,L
E4937C,PR-ZHZ,RV10,VANS RV-10,L1P,L
E4947C,PR-DBS,E50P,EMBRAER EMB-500 Phenom 100,L2J,L
E4957C,PT-EHV,PA34,PIPER PA-34 Seneca,L2P,L
E4967C,PT-OGH,C208,CESSNA 208 Caravan,L1T,L
E4977C,PS-CFA,BE20,BEECH 200 Super King Air,L2T,M
E4987C,PR-FHC,C210,CESSNA 201 Centurion,L1P,L
E4997C,PR-XBI,A20N,AIRBUS A-320neo,L2J,M
E8027C,CC-BJD,A320,AIRBUS A-320,L2J,M
E94C7C,CP-3196,B738,BOEING 737-800,L2J,M
