008686,ZS-CLP,S22T,CIRRUS SR-22T Turbo,L1P,L
00A286,ZS-NBH,P28R,PIPER PA-28R-180/200/201,L1P,L
00B086,ZS-SJD,B738,BOEING 737-800,L2J,M
00B386,ZS-TMR,B350,BEECHCRAFT Super King Air 350,L2T,M
00BA86,ZS-WDP,C210,CESSNA 201 Centurion,L1P,L
010086,SU-BAV,C130,LOCKHEED C-130 Hercules,L4T,M
018086,5A-WLA,A319,AIRBUS A-319,L2J,M
02A186,TS-IMG,A320,AIRBUS A-320,L2J,M
040086,ET-ARD,B737,BOEING 737-700,L2J,M
04C086,5Y-BWG,DH8C,DE HAVILLAND DHC-8-300 Dash 8,L2T,M
04C286,5Y-EXZ,BE20,BEECH 200 Super King Air,L2T,M
05A086,8Q-RAD,DHC6,DE HAVILLAND DHC-6 Twin Otter,L2T,L
064186,5N-BRN,B735,BOEING 737-500,L2J,M
06A186,A7-FSK,P28A,PIPER PA-28-140/150/160/180,L1P,L
0A0086,7T-VJB,A332,AIRBUS A-330-200,L2J,H
0A8086,C6-TJJ,PA27,PIPER PA-23-250 Aztec,L2P,L
0AC386,HK-4998G,P28A,PIPER PA-28-140/150/160/180,L1P,L
0AC786,EJC3383,MI8,MIL Mi-8/9/17/19/171/172,H2T,M
0AC986,FAC1016,C130,LOCKHEED C-130 Hercules,L4T,M
0ACA86,HK-5042G,SR22,CIRRUS SR-22,L1P,L
0AE086,TI-BDD,C82S,CESSNA T182 Turbo Skylane,L1P,L
0B4086,TG-MRP,BE9L,BEECH 90 King Air,L2T,L
0C2086,HP-1764PST,F100,FOKKER 100,L2J,M
0C2186,HP-1891PST,F50,FOKKER 50,L2T,M
0C4186,HI-1082,B38M,BOEING 737 MAX 8,L2J,M
0D0286,XA-UAU,AT45,ATR-42-500,L2T,M
0D0686,XA-FTG,C208,CESSNA 208 Caravan,L1T,L
0D0786,XA-ACF,E170,EMBRAER ERJ-170-100,L2J,M
0D0886,XB-DMT,AC90,NORTH AMERICAN ROCKWELL Turbo Commander 690/840,L2T,L
0D0B86,XA-TVG,E550,EMBRAER EMB-550 Praetor 600,L2J,M
0D0C86,XA-VRN,A20N,AIRBUS A-320neo,L2J,M
0D0D86,XA-VBP,A321,AIRBUS A-321,L2J,M
0D8186,YV2794,B732,BOEING 737-200,L2J,M
0D8286,YV3245,C550,CESSNA 550 Citation S2,L2J,L
140786,RA-01926,B407,BELL 407,H1T,L
142586,RA-09606,FA8X,DASSAULT Falcon 8X,L3J,M
142D86,RA-11654,,,,
150186,RA-65926,T134,TUPOLEV Tu-134,L2J,M
150886,RA-67718,C182,CESSNA 182 Skylane,L1P,L
151686,RA-71302,AN2,ANTONOV An-2,L1P,L
151D86,RA-73094,B738,BOEING 737-800,L2J,M
152886,RF-94417,IL18,ILYUSHIN Il-18,L4T,M
16A786,RA-42374,YK42,YAKOVLEV Yak-142,L3J,M
31DC86,I-8437,ZZZZ,,-0-,-
341686,EC-INS,LJ55,LEARJET 55,L2J,M
342086,EC-ISY,B752,BOEING 757-200,L2J,M
342486,EC-KAQ,EC35,AIRBUS HELICOPTERS EC-135/635,H2T,L
343086,TK.10-06,C130,LOCKHEED C-130 Hercules,L4T,M
343186,EC-JJP,BE20,BEECH 200 Super King Air,L2T,M
343386,EC-LAB,A320,AIRBUS A-320,L2J,M
343586,EC-IKR,EC35,AIRBUS HELICOPTERS EC-135/635,H2T,L
344186,HU.26-17,EC35,AIRBUS HELICOPTERS EC-135/635,H2T,L
344286,EC-LQL,A320,AIRBUS A-320,L2J,M
344486,EC-LUH,BALL,,B0-,-
345386,EC-MFY,P68,PARTENAVIA P-68 Observer,L2P,L
345686,EC-MUK,A320,AIRBUS A-320,L2J,M
346086,EC-JTD,B412,BELL 412,H2T,L
346186,EC-NFH,A20N,AIRBUS A-320neo,L2J,M
346386,EC-NGT,A359,AIRBUS A-350-900,L2J,H
346486,EC-NKE,P208,TECNAM P-2008,L1P,L
346686,EC-IHF,C172,CESSNA 172 Skyhawk,L1P,L
347386,EC-NXC,A359,AIRBUS A-350-900,L2J,H
381586,F-BFMG,PA11,PIPER PA-11 Cub Special,L1P,L
381C86,F-BHEG,BE35,BEECH 35 Starfire Bonanza,L1P,L
383586,F-BNMG,C172,CESSNA 172 Skyhawk,L1P,L
385086,F-BUEG,C77R,CESSNA 177RG Cardinal RG,L1P,L
390086,F-GAEG,DR40,ROBIN DR-400,L1P,L
390D86,F-GDMG,B47G,BELL 47G,H1P,L
392086,F-GIEG,P28A,PIPER PA-28-140/150/160/180,L1P,L
392886,F-GKEF,P28A,PIPER PA-28-140/150/160/180,L1P,L
392A86,F-GKUG,TAMP,SOCATA TB-9 Tampico,L1P,L
398086,F-HAEG,A210,AQUILA A-210,L1P,L
398186,F-HAMG,C25A,CESSNA 525A Citation CJ2,L2J,L
398486,F-HBEG,DR40,ROBIN DR-400,L1P,L
398986,F-HCMG,DA40,DIAMOND DA-40 Club Star,L1P,L
399286,F-HEUG,EC30,AIRBUS HELICOPTERS EC-130,H1T,L
399C86,F-HHEG,CE43,CERVA CE-43 Guepard,L1P,L
399E86,F-HHUG,A339,AIRBUS A-330-900,L2J,H
39B086,F-HMEG,AS50,AEROSPATIALE AS-350 Ecureuil,H1T,L
39B486,F-HNEG,C172,CESSNA 172 Skyhawk,L1P,L
39B986,F-HOMG,EC35,AIRBUS HELICOPTERS EC-135/635,H2T,L
39C486,F-HREG,F900,DASSAULT Falcon 900,L3J,M
39C986,F-HSMG,R44,ROBINSON R-44 Raven,H1P,L
39CA86,F-HSUG,EC45,AIRBUS HELICOPTERS EC-145,H2T,L
39E686,F-HZUG,BCS3,AIRBUS A220-300,L2J,M
3B7686,E38,AJET,DASSAULT-DORNIER Alpha Jet,L2J,M
3B7786,R201,C160,TRANSALL C-160,L2T,M
3B7B86,F-ZBMC,DH8D,DE HAVILLAND DHC-8-400 Dash 8,L2T,M
3C1786,D-AXXP,A21N,AIRBUS A-321neo,L2J,M
3C4586,D-AALF,B77L,BOEING 777-200LR,L2J,H
3C4A86,D-ABTF,B744,BOEING 747-400,L4J,H
3C4C86,D-ACDF,GLEX,BOMBARDIER BD-700 Global 6000/6500,L2J,M
3C6486,D-AIDF,A321,AIRBUS A-321,L2J,M
3C6586,D-AILF,A319,AIRBUS A-319,L2J,M
3CE986,D-CPSW,SW4,SWEARINGEN Metro,L2T,M
3D0586,D-EAIO,DR30,CENTRE EST Prince,L1P,L
3D0886,D-EBMC,C172,CESSNA 172 Skyhawk,L1P,L
3D0B86,D-ECPQ,C150,CESSNA 150,L1P,L
3D0E86,D-EDTE,PA18,PIPER PA-18 Super Cub,L1P,L
3D0F86,D-EEDA,DA40,DIAMOND DA-40 Club Star,L1P,L
3D1086,D-EEMW,B36T,BEECH 36 Turbine Bonanza,L1T,L
3D1186,D-EEWS,C182,CESSNA 182 Skylane,L1P,L
3D1286,D-EFGO,C150,CESSNA 150,L1P,L
3D1486,D-EGAG,C206,CESSNA  206 Stationair,L1P,L
3D1986,D-EHXM,AC11,NORTH AMERICAN ROCKWELL Commander 112/114,L1P,L
3D1A86,D-EIHI,C152,CESSNA 152,L1P,L
3D1B86,D-EIRE,BE35,BEECH 35 Starfire Bonanza,L1P,L
3D1C86,D-EJBA,DR30,CENTRE EST Prince,L1P,L
3D1D86,D-EJKW,P28T,PIPER PA-28RT-201,L1P,L
3D1E86,D-EJUS,C182,CESSNA 182 Skylane,L1P,L
3D2286,D-ELIC,C82R,CESSNA R182 Skylane RG,L1P,L
3D2486,D-EMBU,P28U,PIPER PA-28RT-201T Turbo,L1P,L
3D2886,D-ENPE,DR40,ROBIN DR-400,L1P,L
3D2986,D-ENZA,C150,CESSNA 150,L1P,L
3D2C86,D-EPCO,C172,CESSNA 172 Skyhawk,L1P,L
3D2D86,D-EPMK,A210,AQUILA A-210,L1P,L
3D2E86,D-EPWG,RV9,VANS RV-9,L1P,L
3D3686,D-ESXA,XA41,XTREMAIR XA-41,L1P,L
3D3C86,D-EVEC,PA46,PIPER PA-46-310/350,L1P,L
3D4486,D-EYEW,M7,MAULE M-7,L1P,L
3D9086,D-GAZE,PA30,PIPER PA-30 Twin Comanche,L2P,L
3DD386,D-HAIW,R44,ROBINSON R-44 Raven,H1P,L
3DE586,D-HHEC,EC45,AIRBUS HELICOPTERS EC-145,H2T,L
3DFF86,D-HRAC,EC35,AIRBUS HELICOPTERS EC-135/635,H2T,L
3E1686,D-HZSO,EC35,AIRBUS HELICOPTERS EC-135/635,H2T,L
3E6C86,D-KGHI,GLID,,L0-,-
3E6E86,D-KHBA,G109,GROB G-109,L1P,L
3E6F86,D-KHKW,GLID,,L0-,-
3E7186,D-KIEO,SF25,SCHEIBE SF-25 Falke,L1P,L
3EC986,D-KRGW,VENT,SCHEMPP-HIRTH Ventus,L1P,L
3EE386,D-0751,GLID,,L0-,-
3EE786,D-1775,DG50,DG FLUGZEUGBAU DG-500M,L1P,L
3EEA86,D-2543,GLID,,L0-,-
3F8086,78+24,NH90,NHI NH-90,H2T,M
3F8686,74+61,TIGR,AIRBUS HELICOPTERS EC-665 Tiger,H2T,L
3FCC86,D-OOWS,BALL,,B0-,-
3FD586,D-OSHI,BALL,,B0-,-
3FEA86,D-MROW,C42,IKARUS C-42 Bison,L1P,L
3FEC86,D-MNRT,C42,IKARUS C-42 Bison,L1P,L
3FED86,D-MORH,C42,IKARUS C-42 Bison,L1P,L
3FEF86,D-MFWI,MT,ROTORSPORT MTOSport,G1P,L
3FF086,D-MKKV,EV97,EVEKTRO EV-97 EuroStar,L1P,L
3FF186,D-MXGS,GYRO,,G0-,-
3FF286,D-MYAK,AP22,AEROPRACT A-22,L1P,L
3FF386,D-MECM,WT9,AEROSPOOL WT-9 Dynamic,L1P,L
3FF886,D-MEFP,C42,IKARUS C-42 Bison,L1P,L
400386,VQ-TTL,B190,BEECH 1900,L2T,M
400986,G-MAJD,JS41,BRITISH AEROSPACE Jetstream 41,L2T,M
400A86,G-OLIV,BE20,BEECH 200 Super King Air,L2T,M
400B86,G-RACO,P28R,PIPER PA-28R-180/200/201,L1P,L
400C86,G-UMMI,PA31,PIPER PA-31-300/310/325/350/425,L2P,L
400D86,G-CCVM,RV7,VANS RV-7,L1P,L
400E86,G-OFZY,AS55,AEROSPATIALE AS-355 Ecureuil 2,H2T,L
400F86,G-WOFM,A109,AGUSTA AW-109 Grand,H2T,L
401586,G-JAKS,P28A,PIPER PA-28-140/150/160/180,L1P,L
401686,G-ATRX,PA32,PIPER PA-32,L1P,L
401986,G-AZSF,P28R,PIPER PA-28R-180/200/201,L1P,L
401A86,G-BAVB,C172,CESSNA 172 Skyhawk,L1P,L
401C86,G-BEPY,AC11,NORTH AMERICAN ROCKWELL Commander 112/114,L1P,L
401D86,G-BGGB,CH7B,BELLANCA 7 Citabria,L1P,L
402086,G-BKVF,ZZZZ,,-0-,-
402186,G-CTKL,T6,NORTH AMERICAN T-6 Texan,L1P,L
402286,G-OMNI,P28R,PIPER PA-28R-180/200/201,L1P,L
402586,G-TSGA,P28R,PIPER PA-28R-180/200/201,L1P,L
402886,G-OPAG,PA34,PIPER PA-34 Seneca,L2P,L
402B86,G-OOLE,C172,CESSNA 172 Skyhawk,L1P,L
402C86,G-BPCL,BDOG,BRITISH AEROSPACE SA-3 Bulldog,L1P,L
403086,G-BRWX,C172,CESSNA 172 Skyhawk,L1P,L
403186,G-BSEY,BE36,BEECH 36 Bonanza,L1P,L
403386,G-BVER,DHC2,DE HAVILLAND DHC-2 Beaver,L1P,L
403886,G-SENA,LGEZ,RUTAN Long-EZ,L1P,L
403986,2-BVSD,ALO2,SUD Alouette 2,H1T,L
403E86,G-BXLF,BALL,,B0-,-
404186,G-LEAS,BALL,,B0-,-
404286,G-TBBC,ULAC,,L0-,-
404486,G-TECM,ECHO,TECNAM P-92 Echo,L1P,L
404586,G-IHCI,EUPA,Europa,L1P,L
404986,G-TRIG,BALL,,B0-,-
404C86,G-ZIII,PTS2,PITTS S-2 Special,L1P,L
404D86,G-CDKK,ULAC,,L0-,-
404E86,G-HHII,HURI,HAWKER Hurricane,L1P,L
404F86,G-CDWP,ULAC,,L0-,-
405086,G-REJP,EUPA,Europa,L1P,L
405386,G-CHUD,GLID,,L0-,-
405486,G-CFVU,GLID,,L0-,-
405686,G-CFWS,GLID,,L0-,-
405A86,G-DDXG,GLID,,L0-,-
406086,G-LEDE,CH60,ZENAIR CH-600 Zodiac,L1P,L
406286,G-IROS,CDUS,AUTOGYRO Calidus,G1P,L
406686,G-XASH,AS31,SCHLEICHER ASH-31,L1P,L
406986,G-CHXG,CRUZ,CSA PS-28 Cruiser,L1P,L
406A86,G-SNCA,PA34,PIPER PA-34 Seneca,L2P,L
406B86,G-TFSI,P51,NORTH AMERICAN P-51 Mustang,L1P,L
406C86,G-CIIR,C150,CESSNA 150,L1P,L
406D86,G-PLJR,CAMP,GREGA GN-1 Aircamper,L1P,L
406F86,G-JZHE,B738,BOEING 737-800,L2J,M
407186,G-BKCJ,BLKS,AIRCRAFT SPRUCE Baby Lakes,L1P,L
407286,G-CLTX,LK17,SPORTINE AVIACIJA LAK-17AT,L1P,L
407386,G-PICU,A169,AGUSTA AW-169,H2T,L
407486,G-VBAW,BALL,,B0-,-
407686,G-UZHR,A20N,AIRBUS A-320neo,L2J,M
407786,G-DBIT,BALL,,B0-,-
407886,G-RGAL,DA40,DIAMOND DA-40 Club Star,L1P,L
407986,G-SVAN,C208,CESSNA 208 Caravan,L1T,L
407B86,G-DVII,A139,AGUSTA AW-139,H2T,L
407E86,G-CMKI,C152,CESSNA 152,L1P,L
424186,VP-CSG,GLF5,GULFSTREAM 5,L2J,M
424286,VP-BDH,B738,BOEING 737-800,L2J,M
424786,VP-COR,GLF6,GULFSTREAM G650,L2J,M
43C186,ZA612,TOR,PANAVIA Tornado,L2J,M
43C386,ZG846,BN2T,BRITTEN-NORMAN BN-2T Turbine Islander,L2T,L
43C486,ZJ806,EUFI,EUROFIGHTER 2000,L2J,M
43C886,WK048,DRON,,D0-,-
43EA86,M-ABJA,LJ45,LEARJET 45,L2J,M
440086,OE-XFG,AS55,AEROSPATIALE AS-355 Ecureuil 2,H2T,L
440286,OE-DVL,C206,CESSNA  206 Stationair,L1P,L
440386,OE-DUY,TOBA,SOCATA Tobago,L1P,L
440486,OE-IZV,A320,AIRBUS A-320,L2J,M
440686,OE-ALU,C150,CESSNA 150,L1P,L
440886,OE-XTV,AS50,AEROSPATIALE AS-350 Ecureuil,H1T,L
440B86,OE-KDM,P28S,PIPER PA-28R-201T,L1P,L
440C86,OE-XXH,R66,ROBINSON R-66,H1T,L
448586,OO-ALF,A109,AGUSTA AW-109 Grand,H2T,L
448A86,OO-BTF,BALL,,B0-,-
449586,OO-ELF,DA42,DIAMOND DA-42 Guardian,L2P,L
44B486,OO-MDF,C172,CESSNA 172 Skyhawk,L1P,L
44CE86,OO-STF,R44,ROBINSON R-44 Raven,H1P,L
44D086,OO-TDF,RALL,SOCATA Rallye,L1P,L
44EA86,OO-ZTF,GLID,,L0-,-
44F186,FA-126,F16,GENERAL DYNAMICS F-16 Fighting Falcon,L1J,M
44F686,CT-06,A400,AIRBUS A-400M,L4T,H
451D86,LZ-VAR,E190,EMBRAER ERJ-190-100,L2J,M
452086,LZ-BHL,A320,AIRBUS A-320,L2J,M
458686,OY-ATF,DHC1,DE HAVILLAND DHC-1 Chipmunk,L1P,L
458A86,OY-BTF,P28A,PIPER PA-28-140/150/160/180,L1P,L
459086,OY-DDF,GY80,DAHER-SOCATA GY-80 Horizon,L1P,L
468686,SX-ATF,B734,BOEING 737-400,L2J,M
471B86,HA-KLA,C210,CESSNA 201 Centurion,L1P,L
471F86,HA-LYK,A320,AIRBUS A-320,L2J,M
473186,HA-STQ,DV20,DIAMOND DA-20,L1P,L
473986,HA-VUK,BDOG,BRITISH AEROSPACE SA-3 Bulldog,L1P,L
478386,LN-RKH,A333,AIRBUS A-330-300,L2J,H
478586,LN-KCA,C185,CESSNA 185 Skywagon,L1P,L
478786,LN-YVC,AP22,AEROPRACT A-22,L1P,L
484186,PH-HZL,B738,BOEING 737-800,L2J,M
484586,PH-631,GLID,,L0-,-
484786,PH-1057,DUOD,SCHEMPP-HIRTH Duo Discus,L1P,L
484986,PH-AUL,EUPA,Europa,L1P,L
484A86,PH-AHW,BALL,,B0-,-
484B86,PH-DJB,BALL,,B0-,-
484C86,PH-1367,GLID,,L0-,-
484D86,PH-4D8,ULAC,,L0-,-
484E86,PH-XXV,B25,CONSOLIDATED B-25 Mitchell,L2P,M
485086,PH-EXD,E190,EMBRAER ERJ-190-100,L2J,M
485486,PH-1ZS,ZZZZ,,-0-,-
485586,PH-JBR,C208,CESSNA 208 Caravan,L1T,L
485686,PH-2UP,ZZZZ,,-0-,-
485A86,PH-TFU,B38M,BOEING 737 MAX 8,L2J,M
489086,SP-EEG,C172,CESSNA 172 Skyhawk,L1P,L
489586,SP-FMG,E35L,EMBRAER EMB-135 Legacy,L2J,M
489786,SP-LDF,E170,EMBRAER ERJ-170-100,L2J,M
48A586,SP-KMG,C152,CESSNA 152,L1P,L
48A686,SP-KWG,DV20,DIAMOND DA-20,L1P,L
48AD86,SP-MLG,E190,EMBRAER ERJ-190-100,L2J,M
48AE86,SP-LWG,B738,BOEING 737-800,L2J,M
48C286,SP-RWG,AAT3,AERO AT-3,L1P,L
48C586,SP-SMG,P208,TECNAM P-2008,L1P,L
48C986,SP-TMG,B505,BELL 505 JetRanger X,H1T,L
48D886,4046,F16,GENERAL DYNAMICS F-16 Fighting Falcon,L1J,M
48DA86,1018,TS11,PZL-MIELEC TS-11 Iskra,L1J,L
48DC86,SP-YEG,YK50,YAKOVLEV Yak-50,L1P,L
48DD86,SP-YMG,YK52,YAKOVLEV Yak-52,L1P,L
48FC86,SP-SVEG,PIVI,PIPSTREL Virus,L1P,L
48FD86,SP-SAMG,PIVI,PIPSTREL Virus,L1P,L
490486,CS-ADF,C150,CESSNA 150,L1P,L
491186,CS-DLF,F2TH,DASSAULT Falcon 2000,L2J,M
491D86,CS-GLF,GLEX,BOMBARDIER BD-700 Global 6000/6500,L2J,M
493286,CS-LTF,C68A,CESSNA 680 Citation Latitude,L2J,M
495286,CS-TTF,A319,AIRBUS A-319,L2J,M
498486,0452,C295,CASA C-295 Persuader,L2T,M
49B086,OK-0318,GLID,,L0-,-
49C186,OK-WUR16,NG5,BRM AERO NG-5/6 Bristell,L1P,L
49D086,OK-KIN,C25B,CESSNA 525B Citation CJ3,L2J,L
49D186,OK-KLN,Z37P,LET Z-37 Cmelak,L1P,L
49D386,OK-IMO,BE40,BEECH 400 Beechjet,L2J,M
4A0686,YR-ATF,AT45,ATR-42-500,L2T,M
4A5D86,YR-WLF,PC12,PILATUS PC-12,L1T,L
4A8186,84006,C130,LOCKHEED C-130 Hercules,L4T,M
4AAA86,SE-JTF,AS50,AEROSPATIALE AS-350 Ecureuil,H1T,L
4AB586,SE-MLF,C172,CESSNA 172 Skyhawk,L1P,L
4ACA86,SE-RTF,B38M,BOEING 737 MAX 8,L2J,M
4AE286,SE-XTF,NG5,BRM AERO NG-5/6 Bristell,L1P,L
4B0086,HB-AFE,BU31,BUCKER Bu-131 Jungmann,L1P,L
4B0C86,HB-ETI,ZZZZ,,-0-,-
4B1886,HB-JHM,A333,AIRBUS A-330-300,L2J,H
4B1B86,HB-KLA,DR40,ROBIN DR-400,L1P,L
4B2886,HB-PJA,P28R,PIPER PA-28R-180/200/201,L1P,L
4B2C86,HB-QWK,BALL,,B0-,-
4B3286,HB-TDM,C182,CESSNA 182 Skylane,L1P,L
4B3986,HB-VUK,PC24,PILATUS PC-24,L2J,M
4B4086,HB-YLI,GLAS,Glasair,L1P,L
4B4286,HB-ZFA,AS50,AEROSPATIALE AS-350 Ecureuil,H1T,L
4B4386,HB-ZOW,G2CA,GUIMBAL G-2 Cabri,H1P,L
4B4486,HB-ZYS,R66,ROBINSON R-66,H1T,L
4B4E86,HB-2527,VENT,SCHEMPP-HIRTH Ventus,L1P,L
4B5086,HB-3039,GLID,,L0-,-
4B5186,HB-3295,GLID,,L0-,-
4B7F86,J-5020,F18H,BOEING FA-18 HORNET,L2J,M
4B8686,TC-ATF,A321,AIRBUS A-321,L2J,M
4B9C86,TC-GDF,PA44,PIPER PA-44 Seminole,L2P,L
4BA186,TC-HLF,KA27,KAMOV Ka-252,H2T,M
4BAA86,TC-JTF,A321,AIRBUS A-321,L2J,M
4BB186,TC-LLF,B789,BOEING 787-9 Dreamliner,L2J,H
4BB286,TC-LTF,A21N,AIRBUS A-321neo,L2J,M
4BD086,TC-TDF,DA42,DIAMOND DA-42 Guardian,L2P,L
4C1C86,YU-HEG,S76,SIKORSKY S-76 Spirit,H2T,L
4C8086,5B-CMB,P06T,TECNAM P-2006T,L2P,L
4CA286,EI-FXE,AT43,ATR-42-300,L2T,M
4CA586,EI-DOB,CH70,ZENAIR CH-701 Stol,L1P,L
4CA886,EI-UNV,B772,BOEING 777-200,L2J,H
4CA986,EI-ESF,PA22,PIPER PA-22,L1P,L
4CAA86,EI-HBB,CRJX,BOMBARDIER Regional Jet CRJ-1000,L2J,M
4CAC86,EI-HMZ,B38M,BOEING 737 MAX 8,L2J,M
4CAD86,EI-SIR,A20N,AIRBUS A-320neo,L2J,M
4CAF86,EI-GEU,B77W,BOEING 777-300ER,L2J,H
4CC086,TWR,TWR,,T0-,-
4CC386,TF-SAL,GLID,,L0-,-
4D2286,9H-QDP,B738,BOEING 737-800,L2J,M
4D2386,9H-VUY,B38M,BOEING 737 MAX 8,L2J,M
4D2486,9H-VCV,CL35,BOMBARDIER BD-100 Challenger 350,L2J,M
500086,T7-OSB,F900,DASSAULT Falcon 900,L3J,M
500186,T7-GEM,GLF6,GULFSTREAM G650,L2J,M
500286,T7-GRD,E35L,EMBRAER EMB-135 Legacy,L2J,M
501D86,9A-DMJ,C172,CESSNA 172 Skyhawk,L1P,L
502C86,YL-ATB,PA34,PIPER PA-34 Seneca,L2P,L
505D86,OM-HLF,DA42,DIAMOND DA-42 Guardian,L2P,L
505E86,OM-ATF,A109,AGUSTA AW-109 Grand,H2T,L
507F86,UK-76426,IL76,ILYUSHIN Il-76/82,L4J,H
508486,UR-RAH,B429,BELL 429 GlobalRanger,H2T,L
511086,ES-RAZ,L39,LET L-39 Albatros,L1J,L
683086,UN-C8502,CRJ2,BOMBARDIER Regional Jet CRJ-200,L2J,M
683286,UP-A2002,A20N,AIRBUS A-320neo,L2J,M
702086,S2-AJS,B788,BOEING 787-8 Dreamliner,L2J,H
704E86,XY-AJE,AT76,ATR-72-600,L2T,M
710386,HZ-128,C130,LOCKHEED C-130 Hercules,L4T,M
718986,HL1186,C172,CESSNA 172 Skyhawk,L1P,L
71BD86,HL7586,A333,AIRBUS A-330-300,L2J,H
71BF86,HL7786,B738,BOEING 737-800,L2J,M
71C086,HL8086,B738,BOEING 737-800,L2J,M
71C286,HL8286,A333,AIRBUS A-330-300,L2J,H
71D186,HL9186,B06,BELL 206 JetRanger,H1T,L
730686,EP-ATF,F100,FOKKER 100,L2J,M
732486,EP-IDF,F100,FOKKER 100,L2J,M
732686,EP-ITF,AT76,ATR-72-600,L2T,M
733486,EP-MDF,MD83,MCDONNELL-DOUGLAS MD-83,L2J,M
738286,4X-ABI,A320,AIRBUS A-320,L2J,M
739586,4X-OTL,PA18,PIPER PA-18 Super Cub,L1P,L
750286,9M-AQG,A320,AIRBUS A-320,L2J,M
780086,B-6251,A320,AIRBUS A-320,L2J,M
780286,B-7940,C172,CESSNA 172 Skyhawk,L1P,L
780386,B-9350,C172,CESSNA 172 Skyhawk,L1P,L
780486,B-6353,A321,AIRBUS A-321,L2J,M
780586,B-5465,B738,BOEING 737-800,L2J,M
780686,B-5541,B738,BOEING 737-800,L2J,M
780786,B-5606,B738,BOEING 737-800,L2J,M
780986,B-9735,SR20,CIRRUS SR-20,L1P,L
780B86,B-6448,A319,AIRBUS A-319,L2J,M
780C86,B-1989,B738,BOEING 737-800,L2J,M
780D86,B-1767,B738,BOEING 737-800,L2J,M
780E86,B-8102,A320,AIRBUS A-320,L2J,M
780F86,B-8417,A320,AIRBUS A-320,L2J,M
781086,B-8647,A320,AIRBUS A-320,L2J,M
781186,B-3691,PA44,PIPER PA-44 Seminole,L2P,L
781286,B-70VG,AS50,AEROSPATIALE AS-350 Ecureuil,H1T,L
781386,B-1276,B738,BOEING 737-800,L2J,M
781586,B-304H,A320,AIRBUS A-320,L2J,M
781686,B-308A,A20N,AIRBUS A-320neo,L2J,M
781786,B-10JN,DA40,DIAMOND DA-40 Club Star,L1P,L
781A86,B-3761,Y12,HARBIN Y-12E Harbinger,L2T,L
781C86,B-326H,A20N,AIRBUS A-320neo,L2J,M
781D86,B-221V,B738,BOEING 737-800,L2J,M
781E86,B-653E,AJ27,COMAC ARJ-21-700 Xiangfeng,L2J,M
7A4286,20046,Y20,XIAN Kunpeng,L4J,H
7C0586,VH-BDK,LA4,LAKE LA-4/200,A1P,L
7C0686,VH-BKO,C172,CESSNA 172 Skyhawk,L1P,L
7C1086,VH-DJS,C206,CESSNA  206 Stationair,L1P,L
7C1786,VH-EXK,A139,AGUSTA AW-139,H2T,L
7C1986,VH-FBS,A9,NORTH AMERICAN ROCKWELL A-9 Sparrow Commander,L1P,L
7C1A86,VH-FIW,DHC6,DE HAVILLAND DHC-6 Twin Otter,L2T,L
7C2386,VH-HAW,PA38,PIPER PA-38 Tomahawk,L1P,L
7C2886,VH-IAG,BT36,BEECH B36TC Bonanza,L1P,L
7C2986,VH-IHK,C172,CESSNA 172 Skyhawk,L1P,L
7C3086,VH-JVC,AS50,AEROSPATIALE AS-350 Ecureuil,H1T,L
7C3386,VH-KGO,K100,DAHER Kodiak 100,L1T,L
7C3486,VH-KNS,WW24,IAI 1124 Westwind,L2J,M
7C3986,VH-LNC,R22,ROBINSON R-22 Mariner,H1P,L
7C3D86,VH-MFS,P28A,PIPER PA-28-140/150/160/180,L1P,L
7C4286,VH-NFC,C206,CESSNA  206 Stationair,L1P,L
7C4386,VH-NMG,RV7,VANS RV-7,L1P,L
7C4F86,VH-PZS,P28A,PIPER PA-28-140/150/160/180,L1P,L
7C5E86,VH-SYG,R22,ROBINSON R-22 Mariner,H1P,L
7C6286,VH-TQW,C208,CESSNA 208 Caravan,L1T,L
7C6786,VH-UQG,F100,FOKKER 100,L2J,M
7C6F86,VH-WBC,C82R,CESSNA R182 Skylane RG,L1P,L
7C7A86,VH-YHK,GLID,,L0-,-
7C8186,VH-ZVC,EC30,AIRBUS HELICOPTERS EC-130,H1T,L
7CC486,23-8989,AP32,AEROPRACT A-32,L1P,L
7CF886,A40-023,NH90,NHI NH-90,H2T,M
800386,VT-JEG,B77W,BOEING 777-300ER,L2J,H
800586,VT-GVG,A139,AGUSTA AW-139,H2T,L
800C86,VT-CIN,A20N,AIRBUS A-320neo,L2J,M
800D86,VT-IZY,A20N,AIRBUS A-320neo,L2J,M
840886,JA02AL,C172,CESSNA 172 Skyhawk,L1P,L
84C586,JA250J,E190,EMBRAER ERJ-190-100,L2J,M
84D086,JA282J,C208,CESSNA 208 Caravan,L1T,L
851186,JA314J,B738,BOEING 737-800,L2J,M
851C86,JA346J,B738,BOEING 737-800,L2J,M
85DA86,JA574A,F2TH,DASSAULT Falcon 2000,L2J,M
86D986,JA8342,B763,BOEING 767-300,L2J,H
881B86,TF20-8/53,DA42,DIAMOND DA-42 Guardian,L2P,L
883B86,1114,D228,DORNIER 228,L2T,L
886286,HS-XTF,A333,AIRBUS A-330-300,L2J,H
896186,A6-EEG,A388,AIRBUS A-380-800,L4J,H
896486,A6-AOO,A320,AIRBUS A-320,L2J,M
896586,A6-AUB,A320,AIRBUS A-320,L2J,M
8A0286,PK-LHT,B739,BOEING 737-900,L2J,M
8A0386,PK-CLS,B738,BOEING 737-800,L2J,M
8A0486,PK-LOQ,B738,BOEING 737-800,L2J,M
8A0686,PK-NYU,AT76,ATR-72-600,L2T,M
8A0886,P-7002,A189,AGUSTA AW-189,H2T,M
A00086,N1FG,G280,GULFSTREAM G280,L2J,M
A00186,N1RN,DG1T,DG FLUGZEUGBAU DG-1001T,L1P,L
A00286,N10BT,SA30,STOLP Starduster Too,L1P,L
A00886,N101BB,BE35,BEECH 35 Starfire Bonanza,L1P,L
A00986,N101MH,GA6C,GULFSTREAM G600,L2J,M
A00A86,N101XP,PULS,Pulsar,L1P,L
A00B86,N1015V,C172,CESSNA 172 Skyhawk,L1P,L
A00E86,N1020M,C182,CESSNA 182 Skylane,L1P,L
A00F86,N1027Y,,,,
A01186,N103TD,LJ31,LEARJET 31,L2J,M
A01586,N104WB,DHC2,DE HAVILLAND DHC-2 Beaver,L1P,L
A01686,N1044T,J5,PIPER J-5 Cub Cruiser,L1P,L
A01786,N105CN,BALL,,B0-,-
A01C86,N106,BE30,BEECH 300 Super King Air,L2T,L
A02286,N108BA,BE99,BEECH 99 Airliner,L2T,L
A02886,N1090L,M20P,MOONEY M-20,L1P,L
A02A86,N11GX,C310,CESSNA 310,L2P,L
A02B86,N11TC,T210,CESSNA T210 Turbo Centurion,L1P,L
A02C86,N110DH,C421,CESSNA 421 Executive Commuter,L2P,L
A02F86,N1107F,C172,CESSNA 172 Skyhawk,L1P,L
A03086,N111GF,C182,CESSNA 182 Skylane,L1P,L
A03186,N111SM,PA34,PIPER PA-34 Seneca,L2P,L
A03286,N11118,C180,CESSNA  180 Skywagon,L1P,L
A03486,N112KD,BE36,BEECH 36 Bonanza,L1P,L
A03686,N1124A,BE36,BEECH 36 Bonanza,L1P,L
A03A86,N1136D,C140,CESSNA 140,L1P,L
A03C86,N114R,BE95,BEECH 95 Travel Air,L2P,L
A03E86,N1148G,M20P,MOONEY M-20,L1P,L
A04186,N11529,C150,CESSNA 150,L1P,L
A04286,N116AJ,ZZZZ,,-0-,-
A04486,N116WW,,,,
A04586,N1165B,L8,LUSCOMBE 8,L1P,L
A04986,N1177E,BL8,BELLANCA 8 Decathlon,L1P,L
A04B86,N118SL,C82T,CESSNA TR182 Turbo Skylane RG,L1P,L
A05086,N1194,GLID,,L0-,-
A05686,N1203U,C210,CESSNA 201 Centurion,L1P,L
A05786,N121BD,C414,CESSNA 414 Chancellor,L2P,L
A05A86,N1215X,M20P,MOONEY M-20,L1P,L
A05B86,N122EB,FOX,KITFOX,L1P,L
A06186,N1232S,GLID,,L0-,-
A06386,N124KY,C82S,CESSNA T182 Turbo Skylane,L1P,L
A06486,N124WD,CH7B,BELLANCA 7 Citabria,L1P,L
A06C86,N1261Q,C150,CESSNA 150,L1P,L
A06E86,N127JL,EC35,AIRBUS HELICOPTERS EC-135/635,H2T,L
A06F86,N127US,DA42,DIAMOND DA-42 Guardian,L2P,L
A07086,N1273T,P28A,PIPER PA-28-140/150/160/180,L1P,L
A07186,N128BC,T28,NORTH AMERICAN T-28,L1P,L
A07486,N1285W,M20T,MOONEY M-20T,L1P,L
A07986,N13GZ,BE9L,BEECH 90 King Air,L2T,L
A07A86,N13TE,M20P,MOONEY M-20,L1P,L
A07C86,N130PR,BE58,BEECH 58 Baron,L2P,L
A07D86,N130ZX,PARA,,P0-,-
A07E86,N1307H,P28A,PIPER PA-28-140/150/160/180,L1P,L
A08086,N131SP,BE9T,BEECH F90 King Air,L2T,L
A08286,N1319L,P337,CESSNA P337 Skymaster,L2P,L
A08386,N132KF,FOX,KITFOX,L1P,L
A08586,N1324C,PA22,PIPER PA-22,L1P,L
A08786,N133ND,P337,CESSNA P337 Skymaster,L2P,L
A08986,N1336F,C172,CESSNA 172 Skyhawk,L1P,L
A08B86,N134RB,,,,
A08C86,N13408,WACC,WACO C/S,L1P,L
A08F86,N135U,PA44,PIPER PA-44 Seminole,L2P,L
A09586,N137DJ,,,,
A09B86,N13819,C177,CESSNA  177 Cardinal,L1P,L
A0A686,N141BF,CRUZ,CSA PS-28 Cruiser,L1P,L
A0A786,N141MM,SRAI,GREAT PLAINS Sonerai,L1P,L
A0AF86,N143TH,AS50,AEROSPATIALE AS-350 Ecureuil,H1T,L
A0B186,N14395,PA18,PIPER PA-18 Super Cub,L1P,L
A0B486,N1444X,P28R,PIPER PA-28R-180/200/201,L1P,L
A0B586,N145CS,P3,LOCKHEED P-3 Orion,L4T,M
A0BF86,N1473V,ZZZZ,,-0-,-
A0C886,N15HA,,,,
A0CB86,N150PT,DA40,DIAMOND DA-40 Club Star,L1P,L
A0CC86,N150ZZ,SR22,CIRRUS SR-22,L1P,L
A0CD86,N1507K,AT5T,AIR TRACTOR AT-504,L1T,L
A0CF86,N151SR,SR22,CIRRUS SR-22,L1P,L
A0D086,N1512B,L8,LUSCOMBE 8,L1P,L
A0D486,N1524E,CH7A,BELLANCA 7 Champion,L1P,L
A0D586,N153C,HUSK,CHRISTEN Husky,L1P,L
A0DC86,N1548L,AT3P,AIR TRACTOR AT-301/401,L1P,L
A0E086,N156AN,A321,AIRBUS A-321,L2J,M
A0E286,N156X,PA32,PIPER PA-32,L1P,L
A0E486,N157DL,RV6,VANS RV-6,L1P,L
A0E586,N157PS,M20P,MOONEY M-20,L1P,L
A0E986,N158SQ,BE76,BEECH 76 Duchess,L2P,L
A0EF86,N16BZ,CH60,ZENAIR CH-600 Zodiac,L1P,L
A0F186,N16YL,S58P,SIKORSKY S-58,H1P,L
A0F286,N160JR,SA30,STOLP Starduster Too,L1P,L
A0F686,N161MP,M20P,MOONEY M-20,L1P,L
A0F886,N16151,E45X,EMBRAER ERJ-145XR,L2J,M
A0FC86,N16274,AR6T,AERONCA 65 Tandem,L1P,L
A0FF86,N1632W,BE35,BEECH 35 Starfire Bonanza,L1P,L
A10186,N164LB,BALL,,B0-,-
A10586,N165P,A119,AGUSTA AW-119 Koala,H1T,L
A10786,N16562,ULAC,,L0-,-
A10886,N166FS,R66,ROBINSON R-66,H1T,L
A10F86,N168BG,C560,CESSNA 560 Citation Ultra,L2J,M
A11886,N17TJ,C441,CESSNA 441 Conquest,L2T,L
A11986,N170DP,C170,CESSNA 170,L1P,L
A11C86,N1707M,ST75,STEARMAN Kaydet,L1P,L
A11E86,N171ST,C82S,CESSNA T182 Turbo Skylane,L1P,L
A11F86,N1712D,C170,CESSNA 170,L1P,L
A12086,N1719Q,C150,CESSNA 150,L1P,L
A12186,N172KK,C72R,CESSNA 172R Cutlass RG,L1P,L
A12286,N172VR,,,,
A12386,N1724G,BE35,BEECH 35 Starfire Bonanza,L1P,L
A12486,N173CB,SR22,CIRRUS SR-22,L1P,L
A12886,N174F,P28A,PIPER PA-28-140/150/160/180,L1P,L
A12A86,N1741B,,,,
A12B86,N1748N,C120,CESSNA 120,L1P,L
A13286,N1765H,P28R,PIPER PA-28R-180/200/201,L1P,L
A13386,N177DN,B763,BOEING 767-300,L2J,H
A13586,N1770,,,,
A13F86,N18NG,BOLT,STEEN Skybolt,L1P,L
A14186,N180JT,C180,CESSNA  180 Skywagon,L1P,L
A14586,N181MR,P28A,PIPER PA-28-140/150/160/180,L1P,L
A14786,N18153,,,,
A14A86,N1820V,C172,CESSNA 172 Skyhawk,L1P,L
A14E86,N1832Y,C172,CESSNA 172 Skyhawk,L1P,L
A15186,N184WK,EC45,AIRBUS HELICOPTERS EC-145,H2T,L
A15386,N185CW,C185,CESSNA 185 Skywagon,L1P,L
A15486,N185PB,PC12,PILATUS PC-12,L1T,L
A16186,N18852,D7,FOKKER D-7 Replica,L1P,L
A16786,N19TL,T206,CESSNA T206 Turbo Stationair,L1P,L
A16886,N190DR,M20P,MOONEY M-20,L1P,L
A16B86,N1907P,PA22,PIPER PA-22,L1P,L
A16E86,N1912F,C150,CESSNA 150,L1P,L
A16F86,N1919S,C172,CESSNA 172 Skyhawk,L1P,L
A17186,N192VT,COY2,RANS Coyote 2,L1P,L
A17686,N1936M,C182,CESSNA 182 Skylane,L1P,L
A17A86,N1948Q,C77R,CESSNA 177RG Cardinal RG,L1P,L
A17B86,N195J,C195,CESSNA 195,L1P,L
A17D86,N1953G,C421,CESSNA 421 Executive Commuter,L2P,L
A18386,N197PW,GLID,,L0-,-
A18486,N1970B,L8,LUSCOMBE 8,L1P,L
A18586,N1977N,C140,CESSNA 140,L1P,L
A18A86,N199KL,B14A,BELLANCA 14,L1P,L
A18E86,N2NJ,B06,BELL 206 JetRanger,H1T,L
A18F86,N2YQ,PA11,PIPER PA-11 Cub Special,L1P,L
A19086,N20JV,,,,
A19186,N20VA,PRM1,RAYTHEON 390 Premier 1,L2J,L
A19286,N200FF,AEST,AEROSTAR 600,L2P,L
A19386,N200RM,BE9L,BEECH 90 King Air,L2T,L
A19686,N201JD,M20P,MOONEY M-20,L1P,L
A19786,N201UK,M20P,MOONEY M-20,L1P,L
A19A86,N202MB,PA18,PIPER PA-18 Super Cub,L1P,L
A19C86,N2025P,BE60,BEECH 60 Duke,L2P,L
A1A086,N2037S,T210,CESSNA T210 Turbo Centurion,L1P,L
A1A186,N204GS,RV10,VANS RV-10,L1P,L
A1A286,N204SY,E75L,EMBRAER ERJ-170-200 (long wing),L2J,M
A1A386,N2042J,CAMP,GREGA GN-1 Aircamper,L1P,L
A1A786,N2054M,P28A,PIPER PA-28-140/150/160/180,L1P,L
A1A886,N206CG,C206,CESSNA  206 Stationair,L1P,L
A1A986,N206NN,E75L,EMBRAER ERJ-170-200 (long wing),L2J,M
A1AE86,N2071G,C182,CESSNA 182 Skylane,L1P,L
A1AF86,N2078T,P28R,PIPER PA-28R-180/200/201,L1P,L
A1B286,N2083K,BALL,,B0-,-
A1B886,N21PZ,BL8,BELLANCA 8 Decathlon,L1P,L
A1B986,N210AD,C210,CESSNA 201 Centurion,L1P,L
A1BC86,N21047,C182,CESSNA 182 Skylane,L1P,L
A1BD86,N211DB,C25B,CESSNA 525B Citation CJ3,L2J,L
A1BE86,N211PH,,,,
A1C186,N212G,BE50,BEECH 50 Excalibur,L2P,L
A1C286,N212SF,F8L,AEROMERE F-8L Falco,L1P,L
A1C386,N21212,C172,CESSNA 172 Skyhawk,L1P,L
A1C486,N2129C,C172,CESSNA 172 Skyhawk,L1P,L
A1C986,N214MW,S22T,CIRRUS SR-22T Turbo,L1P,L
A1CE86,N21500,PA44,PIPER PA-44 Seminole,L2P,L
A1CF86,N2158A,PA18,PIPER PA-18 Super Cub,L1P,L
A1D186,N216TS,C172,CESSNA 172 Skyhawk,L1P,L
A1D386,N217AC,S64,SIKORSKY S-64 Skycrane,H2T,M
A1D486,N217LJ,BE36,BEECH 36 Bonanza,L1P,L
A1D686,N21746,C82S,CESSNA T182 Turbo Skylane,L1P,L
A1DC86,N219SE,S22T,CIRRUS SR-22T Turbo,L1P,L
A1DF86,N22JX,GLAS,Glasair,L1P,L
A1E086,N22VC,SR22,CIRRUS SR-22,L1P,L
A1E286,N220RP,BE36,BEECH 36 Bonanza,L1P,L
A1E386,N2201K,L8,LUSCOMBE 8,L1P,L
A1E486,N2208W,M20P,MOONEY M-20,L1P,L
A1E686,N221UM,MG21,MIKOYAN MiG-21,L1J,M
A1E786,N2213N,M20P,MOONEY M-20,L1P,L
A1E886,N222AY,AEST,AEROSTAR 600,L2P,L
A1E986,N222MD,C310,CESSNA 310,L2P,L
A1EB86,N2225R,T210,CESSNA T210 Turbo Centurion,L1P,L
A1EC86,N223DW,BE35,BEECH 35 Starfire Bonanza,L1P,L
A1F186,N224T,PA18,PIPER PA-18 Super Cub,L1P,L
A1F286,N2242L,BE23,BEECH 23 Sundowner,L1P,L
A1F386,N2249X,P28R,PIPER PA-28R-180/200/201,L1P,L
A1F686,N2254P,PA23,PIPER PA-23,L2P,L
A1F786,N226CJ,B752,BOEING 757-200,L2J,M
A1FA86,N2266S,T210,CESSNA T210 Turbo Centurion,L1P,L
A20C86,N231DD,M20P,MOONEY M-20,L1P,L
A21386,N2329E,C172,CESSNA 172 Skyhawk,L1P,L
A21686,N23337,C150,CESSNA 150,L1P,L
A21D86,N23502,C150,CESSNA 150,L1P,L
A22286,N237AE,FOX,KITFOX,L1P,L
A22386,N237LL,RV14,VANS RV-14,L1P,L
A22686,N238DC,DA40,DIAMOND DA-40 Club Star,L1P,L
A22A86,N239GA,GLF5,GULFSTREAM 5,L2J,M
A22C86,N23913,PA38,PIPER PA-38 Tomahawk,L1P,L
A22D86,N2399D,C170,CESSNA 170,L1P,L
A22F86,N24VE,C182,CESSNA 182 Skylane,L1P,L
A23286,N2401M,,,,
A23486,N241JH,H500,HUGHES 500,H1T,L
A23686,N2413Q,,,,
A23786,N242B,COUR,HELIO Courier,L1P,L
A23886,N242MF,BE60,BEECH 60 Duke,L2P,L
A23A86,N2425T,NAVI,NORTH AMERICAN Navion,L1P,L
A23D86,N2430K,RV6,VANS RV-6,L1P,L
A23E86,N2437W,C82S,CESSNA T182 Turbo Skylane,L1P,L
A23F86,N244GW,G44,GRUMMAN G-44 Widgeon,A2P,L
A24086,N244TB,R44,ROBINSON R-44 Raven,H1P,L
A24186,N2442N,C120,CESSNA 120,L1P,L
A24486,N245W,ZZZZ,,-0-,-
A24586,N2454R,C182,CESSNA 182 Skylane,L1P,L
A24786,N246NS,BALL,,B0-,-
A24986,N2466U,C172,CESSNA 172 Skyhawk,L1P,L
A24B86,N247RQ,RV12,VANS RV-12,L1P,L
A24C86,N2471L,PA38,PIPER PA-38 Tomahawk,L1P,L
A24D86,N2478X,C182,CESSNA 182 Skylane,L1P,L
A25286,N249ME,M20P,MOONEY M-20,L1P,L
A25A86,N2505A,PA22,PIPER PA-22,L1P,L
A26186,N25216,C152,CESSNA 152,L1P,L
A26D86,N2558E,CH7A,BELLANCA 7 Champion,L1P,L
A27086,N25627,BE58,BEECH 58 Baron,L2P,L
A27886,N2587C,PA38,PIPER PA-38 Tomahawk,L1P,L
A27C86,N2599F,CH7A,BELLANCA 7 Champion,L1P,L
A27D86,N26KA,P28A,PIPER PA-28-140/150/160/180,L1P,L
A27E86,N26VG,GLST,GLASAIR SH-4 GlaStar,L1P,L
A28586,N2613S,C210,CESSNA 201 Centurion,L1P,L
A28686,N262BB,M20P,MOONEY M-20,L1P,L
A28786,N262MH,EC45,AIRBUS HELICOPTERS EC-145,H2T,L
A28A86,N263E,CRBN,CURTISS-ROBERTSON Robin,L1P,L
A28C86,N2630M,C172,CESSNA 172 Skyhawk,L1P,L
A29086,N2642Q,C172,CESSNA 172 Skyhawk,L1P,L
A29186,N26491,,,,
A29886,N2666W,M20P,MOONEY M-20,L1P,L
A29B86,N2671N,C140,CESSNA 140,L1P,L
A29C86,N2678Z,BL17,BELLANCA 17 Viking,L1P,L
A29D86,N268JJ,TBM7,SOCATA TBM-700A/B/C,L1T,L
A29F86,N2683R,C182,CESSNA 182 Skylane,L1P,L
A2A086,N269BA,BE35,BEECH 35 Starfire Bonanza,L1P,L
A2A186,N269MG,P28A,PIPER PA-28-140/150/160/180,L1P,L
A2A486,N27DZ,SR22,CIRRUS SR-22,L1P,L
A2A686,N270AK,B739,BOEING 737-900,L2J,M
A2A986,N2705C,GLID,,L0-,-
A2AF86,N272SM,A109,AGUSTA AW-109 Grand,H2T,L
A2B186,N2729J,J3,PIPER J-3 Cub,L1P,L
A2B486,N2734A,,,,
A2B886,N2746D,C170,CESSNA 170,L1P,L
A2BA86,N275R,BE95,BEECH 95 Travel Air,L2P,L
A2BD86,N276HS,A139,AGUSTA AW-139,H2T,L
A2C786,N2787E,CH7A,BELLANCA 7 Champion,L1P,L
A2CA86,N27917,PA31,PIPER PA-31-300/310/325/350/425,L2P,L
A2CC86,N28KC,RV10,VANS RV-10,L1P,L
A2CD86,N28VJ,SF50,CIRRUS SF-50 Vision,L1J,L
A2D086,N2801R,P28R,PIPER PA-28R-180/200/201,L1P,L
A2D186,N28082,BL17,BELLANCA 17 Viking,L1P,L
A2D686,N282MK,P28A,PIPER PA-28-140/150/160/180,L1P,L
A2DB86,N2830P,C72R,CESSNA 172R Cutlass RG,L1P,L
A2DD86,N284H,P28A,PIPER PA-28-140/150/160/180,L1P,L
A2DF86,N2842S,C150,CESSNA 150,L1P,L
A2E186,N285KY,HUSK,CHRISTEN Husky,L1P,L
A2E586,N286NW,PC12,PILATUS PC-12,L1T,L
A2EC86,N288JL,S22T,CIRRUS SR-22T Turbo,L1P,L
A2EE86,N2883T,P28A,PIPER PA-28-140/150/160/180,L1P,L
A2EF86,N289BC,PA18,PIPER PA-18 Super Cub,L1P,L
A2F086,N289MJ,P32T,PIPER PA-32RT-300/300T,L1P,L
A2F286,N2895W,BE36,BEECH 36 Bonanza,L1P,L
A2F586,N290AM,HUSK,CHRISTEN Husky,L1P,L
A2F886,N2905E,C172,CESSNA 172 Skyhawk,L1P,L
A2FE86,N292SP,C172,CESSNA 172 Skyhawk,L1P,L
A30386,N2934C,P28A,PIPER PA-28-140/150/160/180,L1P,L
A30A86,N29508,TAYB,TAYLORCRAFT BC/BF/BL,L1P,L
A31486,N298PQ,CRJ9,BOMBARDIER Regional Jet CRJ-900,L2J,M
A31686,N2987G,CH7A,BELLANCA 7 Champion,L1P,L
A31986,N29919,WACF,WACO F,L1P,L
A31B86,N3KE,PA22,PIPER PA-22,L1P,L
A31E86,N30RX,EC35,AIRBUS HELICOPTERS EC-135/635,H2T,L
A31F86,N300CB,NAVI,NORTH AMERICAN Navion,L1P,L
A32086,N300NH,GLID,,L0-,-
A32186,N300YP,BE30,BEECH 300 Super King Air,L2T,L
A32286,N3006K,P28A,PIPER PA-28-140/150/160/180,L1P,L
A32586,N3011B,C195,CESSNA 195,L1P,L
A32686,N3018N,C140,CESSNA 140,L1P,L
A32986,N3023E,CH7A,BELLANCA 7 Champion,L1P,L
A32B86,N303LW,BE35,BEECH 35 Starfire Bonanza,L1P,L
A32E86,N304DN,A321,AIRBUS A-321,L2J,M
A33086,N3040,RELI,STINSON Reliant,L1P,L
A33286,N305GL,B06,BELL 206 JetRanger,H1T,L
A34786,N310HF,C310,CESSNA 310,L2P,L
A34886,N310TM,C310,CESSNA 310,L2P,L
A34986,N3102Y,BALL,,B0-,-
A34E86,N312CW,BE58,BEECH 58 Baron,L2P,L
A35386,N313S,RV9,VANS RV-9,L1P,L
A35886,N3143Z,PA22,PIPER PA-22,L1P,L
A35A86,N315MQ,A320,AIRBUS A-320,L2J,M
A36986,N319PA,,,,
A36B86,N31963,AR65,AERONCA 65 Super Chief,L1P,L
A36E86,N320CD,SR22,CIRRUS SR-22,L1P,L
A37186,N3206M,R44,ROBINSON R-44 Raven,H1P,L
A37386,N321RH,BL17,BELLANCA 17 Viking,L1P,L
A37486,N3211D,C180,CESSNA  180 Skywagon,L1P,L
A37986,N323AS,B739,BOEING 737-900,L2J,M
A37C86,N3235K,GC1,GLOBE Swift,L1P,L
A38486,N3259R,T206,CESSNA T206 Turbo Stationair,L1P,L
A38886,N327CC,PA11,PIPER PA-11 Cub Special,L1P,L
A38F86,N3288P,BALL,,B0-,-
A39286,N3293F,M20P,MOONEY M-20,L1P,L
A39386,N33AR,AS50,AEROSPATIALE AS-350 Ecureuil,H1T,L
A39486,N33LX,C56X,CESSNA 560XL Citation XLS,L2J,M
A39586,N33XC,RV8,VANS RV-8,L1P,L
A39C86,N33143,PA32,PIPER PA-32,L1P,L
A3A086,N33266,B738,BOEING 737-800,L2J,M
A3A286,N333SB,PTS1,PITTS S-1 Special,L1P,L
A3A486,N33389,,,,
A3AB86,N33554,J3,PIPER J-3 Cub,L1P,L
A3B086,N337HG,B505,BELL 505 JetRanger X,H1T,L
A3B286,N3372Z,PA18,PIPER PA-18 Super Cub,L1P,L
A3B386,N338,RV4,VANS RV-4,L1P,L
A3B886,N339PC,A5,ICON A-5,A1P,L
A3BC86,N34SA,M20P,MOONEY M-20,L1P,L
A3BD86,N340CF,C340,CESSNA 340 Super,L2P,L
A3C486,N3418S,C182,CESSNA 182 Skylane,L1P,L
A3C586,N342JB,C177,CESSNA  177 Cardinal,L1P,L
A3CB86,N3435M,PA12,PIPER PA-12 Super Cruiser,L1P,L
A3CC86,N344DS,DA40,DIAMOND DA-40 Club Star,L1P,L
A3CE86,N3440D,C170,CESSNA 170,L1P,L
A3D186,N345SW,C182,CESSNA 182 Skylane,L1P,L
A3D686,N3464K,P28A,PIPER PA-28-140/150/160/180,L1P,L
A3DD86,N3481E,CH7A,BELLANCA 7 Champion,L1P,L
A3E286,N35AT,P28A,PIPER PA-28-140/150/160/180,L1P,L
A3E786,N35022,C177,CESSNA  177 Cardinal,L1P,L
A3E886,N351AB,C402,CESSNA 402 Businessliner,L2P,L
A3F686,N35433,GSIS,INNOAVIATION Genesis,L1P,L
A3F986,N355Y,T210,CESSNA T210 Turbo Centurion,L1P,L
A3FE86,N35679,P32R,PIPER PA-32R-300/301/301T,L1P,L
A40186,N35721,J5,PIPER J-5 Cub Cruiser,L1P,L
A40586,N35844,BALL,,B0-,-
A40986,N35967,J3,PIPER J-3 Cub,L1P,L
A40A86,N36FX,E145,EMBRAER ERJ-145,L2J,M
A40B86,N36SC,,,,
A40C86,N360CH,AS50,AEROSPATIALE AS-350 Ecureuil,H1T,L
A41286,N3611H,M20P,MOONEY M-20,L1P,L
A41486,N362JD,P28A,PIPER PA-28-140/150/160/180,L1P,L
A41886,N363MB,BE36,BEECH 36 Bonanza,L1P,L
A41A86,N3635P,AEST,AEROSTAR 600,L2P,L
A42186,N3652J,C150,CESSNA 150,L1P,L
A42286,N3659V,C140,CESSNA 140,L1P,L
A42586,N3664M,P28R,PIPER PA-28R-180/200/201,L1P,L
A42686,N367CG,C25A,CESSNA 525A Citation CJ2,L2J,L
A42986,N3676Q,BE23,BEECH 23 Sundowner,L1P,L
A42A86,N368FE,DC10,MCDONNELL DOUGLAS DC-10,L3J,H
A42C86,N3681G,BE58,BEECH 58 Baron,L2P,L
A43086,N3693K,J3,PIPER J-3 Cub,L1P,L
A43286,N37MA,RV7,VANS RV-7,L1P,L
A43586,N370TT,,,,
A43B86,N372DB,SR22,CIRRUS SR-22,L1P,L
A43E86,N3727,,,,
A43F86,N373G,CL60,BOMBARDIER CL-600 Challenger,L2J,M
A44586,N37435,S1,INTERSTATE S-1 Cadet,L1P,L
A44D86,N3768A,PA22,PIPER PA-22,L1P,L
A44E86,N377HL,RV7,VANS RV-7,L1P,L
A45186,N378AC,CH7A,BELLANCA 7 Champion,L1P,L
A45586,N379DA,B738,BOEING 737-800,L2J,M
A45E86,N3806T,P28R,PIPER PA-28R-180/200/201,L1P,L
A46186,N3811K,P28A,PIPER PA-28-140/150/160/180,L1P,L
A46286,N3818W,PA32,PIPER PA-32,L1P,L
A46786,N383MD,A139,AGUSTA AW-139,H2T,L
A46C86,N3840H,M20P,MOONEY M-20,L1P,L
A46F86,N385T,,,,
A47086,N3852L,C172,CESSNA 172 Skyhawk,L1P,L
A47886,N3876S,C172,CESSNA 172 Skyhawk,L1P,L
A48086,N39AX,L39,LET L-39 Albatros,L1J,L
A48186,N39MC,,,,
A48686,N391AF,PC12,PILATUS PC-12,L1T,L
A49C86,N3968C,B25,CONSOLIDATED B-25 Mitchell,L2P,M
A49F86,N39725,WACF,WACO F,L1P,L
A4A886,N4GA,BE36,BEECH 36 Bonanza,L1P,L
A4A986,N4SG,P32R,PIPER PA-32R-300/301/301T,L1P,L
A4AA86,N40CM,RV4,VANS RV-4,L1P,L
A4AE86,N400VK,BE40,BEECH 400 Beechjet,L2J,M
A4AF86,N4004A,BE35,BEECH 35 Starfire Bonanza,L1P,L
A4B086,N401BW,C340,CESSNA 340 Super,L2P,L
A4B386,N4016D,C182,CESSNA 182 Skylane,L1P,L
A4B686,N40206,BALL,,B0-,-
A4BB86,N404AJ,H47,BOEING-VERTOL CH-47 Chinook,H2T,M
A4C286,N4057E,AR11,AERONCA 11 Chief,L1P,L
A4C486,N406SL,P28R,PIPER PA-28R-180/200/201,L1P,L
A4C586,N40617,M4,MAULE M-4,L1P,L
A4C786,N407KC,UH1,BELL UH-1 Huey,H1T,L
A4D086,N40905,P28R,PIPER PA-28R-180/200/201,L1P,L
A4D186,N4098F,P28A,PIPER PA-28-140/150/160/180,L1P,L
A4D286,N41HR,BE36,BEECH 36 Bonanza,L1P,L
A4D386,N41TX,C170,CESSNA 170,L1P,L
A4D686,N4100P,PA23,PIPER PA-23,L2P,L
A4D886,N411H,,,,
A4D986,N411TF,HA4T,RAYTHEON 4000 Hawker Horizon,L2J,M
A4DA86,N4112S,BE35,BEECH 35 Starfire Bonanza,L1P,L
A4DB86,N41193,P28A,PIPER PA-28-140/150/160/180,L1P,L
A4DE86,N4124V,P28A,PIPER PA-28-140/150/160/180,L1P,L
A4E586,N4141Q,C310,CESSNA 310,L2P,L
A4E786,N415JL,BE36,BEECH 36 Bonanza,L1P,L
A4E986,N4153T,BALL,,B0-,-
A4F186,N4177Z,PA18,PIPER PA-18 Super Cub,L1P,L
A4F486,N4182R,PA32,PIPER PA-32,L1P,L
A4F986,N42CP,M20P,MOONEY M-20,L1P,L
A4FB86,N42ZA,,,,
A4FE86,N4204C,GLID,,L0-,-
A50586,N42208,C182,CESSNA 182 Skylane,L1P,L
A50A86,N424AL,ULAC,,L0-,-
A50B86,N424LS,C77R,CESSNA 177RG Cardinal RG,L1P,L
A51886,N4274B,BE35,BEECH 35 Starfire Bonanza,L1P,L
A51F86,N42907,C182,CESSNA 182 Skylane,L1P,L
A52286,N43TZ,BRAV,TECNAM P-2004 Bravo,L1P,L
A52586,N4300R,C172,CESSNA 172 Skyhawk,L1P,L
A52686,N43072,TAYB,TAYLORCRAFT BC/BF/BL,L1P,L
A52986,N4312U,C150,CESSNA 150,L1P,L
A53186,N43360,P28A,PIPER PA-28-140/150/160/180,L1P,L
A53486,N4341S,,,,
A53886,N4353V,RV4,VANS RV-4,L1P,L
A53986,N436BE,PARA,,P0-,-
A54086,N43771,T6,NORTH AMERICAN T-6 Texan,L1P,L
A54386,N4382T,P28A,PIPER PA-28-140/150/160/180,L1P,L
A54486,N43894,TAYB,TAYLORCRAFT BC/BF/BL,L1P,L
A54786,N4394W,BE58,BEECH 58 Baron,L2P,L
A54A86,N44ZC,LGEZ,RUTAN Long-EZ,L1P,L
A54E86,N441C,S108,STINSON 108 Voyager,L1P,L
A54F86,N441NF,C441,CESSNA 441 Conquest,L2T,L
A55186,N4416H,PA46,PIPER PA-46-310/350,L1P,L
A55486,N4421,,,,
A55586,N4428L,PA46,PIPER PA-46-310/350,L1P,L
A55986,N444AN,S22T,CIRRUS SR-22T Turbo,L1P,L
A55B86,N444X,BE35,BEECH 35 Starfire Bonanza,L1P,L
A56386,N4462A,PA22,PIPER PA-22,L1P,L
A56D86,N449RC,UH1,BELL UH-1 Huey,H1T,L
A57486,N4500T,EAGX,EAGLE AIRCRAFT Eagle X-TS,L1P,L
A57886,N4512W,BALL,,B0-,-
A57A86,N452LB,BALL,,B0-,-
A57C86,N4524Z,AA5,AMERICAN AA-5 Tiger,L1P,L
A58086,N45362,AA5,AMERICAN AA-5 Tiger,L1P,L
A58486,N45485,BALL,,B0-,-
A59386,N45896,L8,LUSCOMBE 8,L1P,L
A59786,N46CT,GLST,GLASAIR SH-4 GlaStar,L1P,L
A59986,N46ZE,S22T,CIRRUS SR-22T Turbo,L1P,L
A59A86,N460KK,P28R,PIPER PA-28R-180/200/201,L1P,L
A59D86,N461CB,SF50,CIRRUS SF-50 Vision,L1J,L
A5A086,N4616K,NAVI,NORTH AMERICAN Navion,L1P,L
A5A386,N4621B,C152,CESSNA 152,L1P,L
A5AB86,N4645H,PA17,PIPER PA-17 Vagabond Trainer,L1P,L
A5B286,N4662C,C170,CESSNA 170,L1P,L
A5B686,N4674F,CJ6,NANCHANG CJ-6,L1P,L
A5B786,N468CA,CRJ2,BOMBARDIER Regional Jet CRJ-200,L2J,M
A5BD86,N4691A,C180,CESSNA  180 Skywagon,L1P,L
A5BE86,N4698M,PA11,PIPER PA-11 Cub Special,L1P,L
A5C186,N470EH,C150,CESSNA 150,L1P,L
A5C786,N4712Y,PA18,PIPER PA-18 Super Cub,L1P,L
A5CC86,N473CW,GLF4,GULFSTREAM 4,L2J,M
A5D486,N475JS,GLID,,L0-,-
A5D786,N476BJ,BE40,BEECH 400 Beechjet,L2J,M
A5E686,N48CV,BE20,BEECH 200 Super King Air,L2T,M
A5E786,N48PA,BE20,BEECH 200 Super King Air,L2T,M
A5E886,N48ZG,RV12,VANS RV-12,L1P,L
A5EA86,N480VT,C182,CESSNA 182 Skylane,L1P,L
A5EB86,N4804J,BE35,BEECH 35 Starfire Bonanza,L1P,L
A5EC86,N481CD,SR20,CIRRUS SR-20,L1P,L
A5F486,N483J,EFOX,AEROPRO Eurofox,L1P,L
A5FA86,N4845K,NAVI,NORTH AMERICAN Navion,L1P,L
A5FD86,N4850B,RV9,VANS RV-9,L1P,L
A60186,N4862E,C82R,CESSNA R182 Skylane RG,L1P,L
A60686,N488CC,GLST,GLASAIR SH-4 GlaStar,L1P,L
A60986,N4886L,P28A,PIPER PA-28-140/150/160/180,L1P,L
A61086,N490EK,Q9,GENERAL ATOMICS MQ-9 Reaper,L1T,L
A61386,N49078,C152,CESSNA 152,L1P,L
A61686,N49120,C152,CESSNA 152,L1P,L
A61786,N492A,GLF2,GULFSTREAM 2,L2J,M
A61E86,N49366,HUSK,CHRISTEN Husky,L1P,L
A62986,N49654,C152,CESSNA 152,L1P,L
A62C86,N4970W,J3,PIPER J-3 Cub,L1P,L
A63186,N499,BE35,BEECH 35 Starfire Bonanza,L1P,L
A63386,N499WL,C182,CESSNA 182 Skylane,L1P,L
A63586,N5CX,C310,CESSNA 310,L2P,L
A63686,N5PC,C182,CESSNA 182 Skylane,L1P,L
A63886,N50KP,LEG2,LANCAIR Legacy,L1P,L
A63986,N50VV,C82S,CESSNA T182 Turbo Skylane,L1P,L
A63A86,N500G,,,,
A63C86,N50012,C150,CESSNA 150,L1P,L
A64086,N50135,TAYD,TAYLORCRAFT DC/DF/DL,L1P,L
A64286,N502MW,BE35,BEECH 35 Starfire Bonanza,L1P,L
A64486,N50258,C150,CESSNA 150,L1P,L
A64886,N5038A,CH7B,BELLANCA 7 Citabria,L1P,L
A64986,N504HL,T206,CESSNA T206 Turbo Stationair,L1P,L
A65086,N506DA,A21N,AIRBUS A-321neo,L2J,M
A65186,N506PG,SR22,CIRRUS SR-22,L1P,L
A65386,N50669,AT6T,AIR TRACTOR AT-602,L1T,L
A65A86,N50834,J3,PIPER J-3 Cub,L1P,L
A65B86,N509BP,BALL,,B0-,-
A65C86,N509MV,BE20,BEECH 200 Super King Air,L2T,M
A65E86,N50957,C150,CESSNA 150,L1P,L
A66086,N51QT,PA18,PIPER PA-18 Super Cub,L1P,L
A66486,N5105R,BE19,BEECH 19 Sport,L1P,L
A66586,N511DW,C82T,CESSNA TR182 Turbo Skylane RG,L1P,L
A66786,N5110H,PA14,PIPER PA-14 Family Cruiser,L1P,L
A66A86,N512T,PA46,PIPER PA-46-310/350,L1P,L
A66B86,N5122L,P28A,PIPER PA-28-140/150/160/180,L1P,L
A66C86,N5129X,CH7A,BELLANCA 7 Champion,L1P,L
A67386,N5146S,C182,CESSNA 182 Skylane,L1P,L
A67686,N5151J,C340,CESSNA 340 Super,L2P,L
A67786,N5158V,,,,
A67A86,N5163M,P28R,PIPER PA-28R-180/200/201,L1P,L
A67C86,N517MC,AS50,AEROSPATIALE AS-350 Ecureuil,H1T,L
A67F86,N518DV,C82S,CESSNA T182 Turbo Skylane,L1P,L
A68286,N5187T,CH7A,BELLANCA 7 Champion,L1P,L
A68586,N5192K,NAVI,NORTH AMERICAN Navion,L1P,L
A68986,N520GB,C25A,CESSNA 525A Citation CJ2,L2J,L
A68B86,N52014,ST75,STEARMAN Kaydet,L1P,L
A68C86,99-00100,C560,CESSNA 560 Citation Ultra,L2J,M
A68D86,N521K,G2T1,GREAT LAKES 2T-1,L1P,L
A69086,N522BS,T206,CESSNA T206 Turbo Stationair,L1P,L
A69786,N5238C,H500,HUGHES 500,H1T,L
A69B86,N525AE,CRJ7,BOMBARDIER Regional Jet CRJ-700,L2J,M
A69C86,N525LL,GLAS,Glasair,L1P,L
A69F86,N526DC,RV8,VANS RV-8,L1P,L
A6A386,N527GA,GLF5,GULFSTREAM 5,L2J,M
A6A586,N52713,C77R,CESSNA 177RG Cardinal RG,L1P,L
A6A686,N5279D,C172,CESSNA 172 Skyhawk,L1P,L
A6A986,N52836,C182,CESSNA 182 Skylane,L1P,L
A6AD86,N52959,C182,CESSNA 182 Skylane,L1P,L
A6B386,N5305T,C172,CESSNA 172 Skyhawk,L1P,L
A6B686,N5310K,NAVI,NORTH AMERICAN Navion,L1P,L
A6B786,N5317W,P28A,PIPER PA-28-140/150/160/180,L1P,L
A6BB86,N5329Z,PA22,PIPER PA-22,L1P,L
A6BD86,N533W,,,,
A6BE86,N5334R,C172,CESSNA 172 Skyhawk,L1P,L
A6C286,N5346U,P28A,PIPER PA-28-140/150/160/180,L1P,L
A6C586,N5351L,C152,CESSNA 152,L1P,L
A6CB86,N537ME,EC35,AIRBUS HELICOPTERS EC-135/635,H2T,L
A6CC86,N537XL,,,,
A6D786,N54VZ,,,,
A6DB86,N5409G,C404,CESSNA 404 Titan,L2P,L
A6DF86,N542BU,,,,
A6E686,N5438E,C82R,CESSNA R182 Skylane RG,L1P,L
A6F186,N5467C,C82S,CESSNA T182 Turbo Skylane,L1P,L
A6F486,N54715,C172,CESSNA 172 Skyhawk,L1P,L
A6F586,N5479F,,,,
A6F886,N54838,C172,CESSNA 172 Skyhawk,L1P,L
A6FD86,N55ER,B47G,BELL 47G,H1P,L
A70086,N550MH,LNCE,LANCAIR ES,L1P,L
A70386,N551E,P51,NORTH AMERICAN P-51 Mustang,L1P,L
A70586,N5510M,M200,NORTH AMERICAN ROCKWELL Commander 200,L1P,L
A70886,N552TD,,,,
A70986,N5522Q,M20P,MOONEY M-20,L1P,L
A70A86,N55291,C172,CESSNA 172 Skyhawk,L1P,L
A70F86,N554NU,ZZZZ,,-0-,-
A71086,N554Z,COL4,CESSNA 400 Corvalis TT,L1P,L
A71186,N5546W,P28A,PIPER PA-28-140/150/160/180,L1P,L
A71286,N555FL,P28A,PIPER PA-28-140/150/160/180,L1P,L
A71386,N555RS,BE23,BEECH 23 Sundowner,L1P,L
A71A86,N557MG,E550,EMBRAER EMB-550 Praetor 600,L2J,M
A72386,N5592P,PA24,PIPER PA-24 Comanche,L1P,L
A72486,N55990,P28R,PIPER PA-28R-180/200/201,L1P,L
A72686,N56WA,RV3,VANS RV-3,L1P,L
A72886,N560SM,C560,CESSNA 560 Citation Ultra,L2J,M
A72D86,N5614A,PARA,,P0-,-
A73886,N56429,P28A,PIPER PA-28-140/150/160/180,L1P,L
A73B86,N565WW,B763,BOEING 767-300,L2J,H
A74086,N5667E,C150,CESSNA 150,L1P,L
A74386,N56717,P28A,PIPER PA-28-140/150/160/180,L1P,L
A75686,N572H,EN28,ENSTROM F-28,H1P,L
A75886,N5722S,GLID,,L0-,-
A75C86,N5734V,BE35,BEECH 35 Starfire Bonanza,L1P,L
A76086,N5746Y,PA23,PIPER PA-23,L2P,L
A76786,N5763T,C172,CESSNA 172 Skyhawk,L1P,L
A76886,N577BC,RV7,VANS RV-7,L1P,L
A76F86,N5787Z,PA22,PIPER PA-22,L1P,L
A77086,N579GZ,P28R,PIPER PA-28R-180/200/201,L1P,L
A77286,N5792R,C172,CESSNA 172 Skyhawk,L1P,L
A77786,N580SP,PA23,PIPER PA-23,L2P,L
A77986,N5809L,,,,
A77A86,N581KF,FOX,KITFOX,L1P,L
A77C86,N5814C,BE35,BEECH 35 Starfire Bonanza,L1P,L
A77E86,N582ND,PA44,PIPER PA-44 Seminole,L2P,L
A78686,N584U,LGEZ,RUTAN Long-EZ,L1P,L
A78B86,N5855D,PA22,PIPER PA-22,L1P,L
A78F86,N5867G,C150,CESSNA 150,L1P,L
A79A86,N5896E,C150,CESSNA 150,L1P,L
A79C86,N59RA,SREY,PROGRESSIVE AERODYNE SeaRey,A1P,L
A79E86,N590MM,C206,CESSNA  206 Stationair,L1P,L
A7A786,N5922U,P28A,PIPER PA-28-140/150/160/180,L1P,L
A7A886,N59295,ST75,STEARMAN Kaydet,L1P,L
A7B186,N595RW,M20P,MOONEY M-20,L1P,L
A7BF86,N599HA,CL35,BOMBARDIER BD-100 Challenger 350,L2J,M
A7C086,N599TG,CH60,ZENAIR CH-600 Zodiac,L1P,L
A7C386,N6KZ,BE65,BEECH 65 Queen Air,L2P,L
A7C486,N6WE,P32R,PIPER PA-32R-300/301/301T,L1P,L
A7C786,N600CW,RV6,VANS RV-6,L1P,L
A7CD86,N6011W,AT3T,AIR TRACTOR AT-302/402,L1T,L
A7D186,N6023Z,BE36,BEECH 36 Bonanza,L1P,L
A7D886,N6040U,,,,
A7D986,N60475,C150,CESSNA 150,L1P,L
A7DF86,N606WJ,H25B,HAWKER BEECHCRAFT Hawker 750/850,L2J,M
A7E186,N607CV,GLF5,GULFSTREAM 5,L2J,M
A7E286,N607PA,DA42,DIAMOND DA-42 Guardian,L2P,L
A7E586,N608FT,P28A,PIPER PA-28-140/150/160/180,L1P,L
A7E986,N609JR,C551,CESSNA 551 Citation 2SP,L2J,L
A7EA86,N609UX,E75L,EMBRAER ERJ-170-200 (long wing),L2J,M
A7EF86,N610J,LNC4,LANCAIR 4,L1P,L
A7F186,N6103G,P46T,PIPER PA-46-500TP,L1T,L
A7F286,N611AS,B737,BOEING 737-700,L2J,M
A7F586,N6115K,AC11,NORTH AMERICAN ROCKWELL Commander 112/114,L1P,L
A7F786,N612PW,SONX,SONEX AIRCRAFT Sonex,L1P,L
A7F886,N6120B,C182,CESSNA 182 Skylane,L1P,L
A80186,N615CC,,,,
A80586,N616FA,BE35,BEECH 35 Starfire Bonanza,L1P,L
A80786,N6161C,MR25,MURPHY SR-2500 Super Rebel,L1P,L
A80B86,N6173F,C210,CESSNA 201 Centurion,L1P,L
A80F86,N6185J,P28A,PIPER PA-28-140/150/160/180,L1P,L
A81486,N62GM,BE36,BEECH 36 Bonanza,L1P,L
A81586,N62ST,P337,CESSNA P337 Skymaster,L2P,L
A81986,N62066,M5,MAULE M-5,L1P,L
A81A86,N621FW,SR22,CIRRUS SR-22,L1P,L
A81B86,N621SB,H25B,HAWKER BEECHCRAFT Hawker 750/850,L2J,M
A81D86,N62189,BE24,BEECH 24 Sierra,L1P,L
A81F86,N622V,BE35,BEECH 35 Starfire Bonanza,L1P,L
A82286,N623MS,GLF5,GULFSTREAM 5,L2J,M
A82486,N62354,C172,CESSNA 172 Skyhawk,L1P,L
A82C86,N626,B06,BELL 206 JetRanger,H1T,L
A83186,N627PC,PAY3,PIPER PA-42-720 Cheyenne 3,L2T,L
A83A86,N62930,ST75,STEARMAN Kaydet,L1P,L
A83B86,N63BK,R44,ROBINSON R-44 Raven,H1P,L
A83C86,N63MR,SF50,CIRRUS SF-50 Vision,L1J,L
A83D86,N63XX,L39,LET L-39 Albatros,L1J,L
A83E86,N630JB,A320,AIRBUS A-320,L2J,M
A84086,N6303J,P28A,PIPER PA-28-140/150/160/180,L1P,L
A84286,N631M,TL20,TL ULTRALIGHT TL-2000 Sting,L1P,L
A84586,N632DS,BE30,BEECH 300 Super King Air,L2T,L
A84886,N6327Q,M20P,MOONEY M-20,L1P,L
A84A86,N633SW,B733,BOEING 737-300,L2J,M
A84B86,N6332G,C150,CESSNA 150,L1P,L
A84C86,N6339T,C182,CESSNA 182 Skylane,L1P,L
A85586,N636RJ,C82S,CESSNA T182 Turbo Skylane,L1P,L
A85F86,N639DR,SR20,CIRRUS SR-20,L1P,L
A86286,N6397P,PA24,PIPER PA-24 Comanche,L1P,L
A86386,N64GP,,,,
A86486,N64SV,C560,CESSNA 560 Citation Ultra,L2J,M
A86586,N640D,BE35,BEECH 35 Starfire Bonanza,L1P,L
A86A86,N641SD,ZZZZ,,-0-,-
A86F86,N64233,C172,CESSNA 172 Skyhawk,L1P,L
A87586,N644QS,C56X,CESSNA 560XL Citation XLS,L2J,M
A87686,N6440Y,T210,CESSNA T210 Turbo Centurion,L1P,L
A87786,N64479,C172,CESSNA 172 Skyhawk,L1P,L
A88286,N64767,DC3,DOUGLAS DC-3 Dakota,L2P,M
A88386,N648FX,GLF6,GULFSTREAM G650,L2J,M
A88486,N648SC,PA31,PIPER PA-31-300/310/325/350/425,L2P,L
A88A86,N65BM,,,,
A88B86,N65MT,BE9T,BEECH F90 King Air,L2T,L
A89086,N651AW,A320,AIRBUS A-320,L2J,M
A89786,N6527S,C150,CESSNA 150,L1P,L
A89886,N653GS,SR20,CIRRUS SR-20,L1P,L
A89A86,N6532J,C172,CESSNA 172 Skyhawk,L1P,L
A89E86,N6544M,S108,STINSON 108 Voyager,L1P,L
A8A286,N6556Q,ERCO,AIR PRODUCTS F-1 Aircoupe,L1P,L
A8A386,N656FE,A306,AIRBUS A-300-600,L2J,H
A8A586,N6561G,C150,CESSNA 150,L1P,L
A8A786,N657JC,R44,ROBINSON R-44 Raven,H1P,L
A8A986,N6573K,BE58,BEECH 58 Baron,L2P,L
A8AA86,N658AV,AVTR,AERO ADVENTURE Aventura 2,A1P,L
A8AB86,N658MA,C172,CESSNA 172 Skyhawk,L1P,L
A8B286,N66GR,RV4,VANS RV-4,L1P,L
A8B386,N66SX,,,,
A8B486,N660DB,PA24,PIPER PA-24 Comanche,L1P,L
A8B886,N661G,RV10,VANS RV-10,L1P,L
A8B986,N661SF,C182,CESSNA 182 Skylane,L1P,L
A8DA86,N67MV,PA18,PIPER PA-18 Super Cub,L1P,L
A8DE86,N6703N,M20P,MOONEY M-20,L1P,L
A8E086,N671MD,C680,CESSNA 680 Citation Sovereign,L2J,M
A8E286,N6715R,T210,CESSNA T210 Turbo Centurion,L1P,L
A8E386,N672DW,DRON,,D0-,-
A8E586,N6720H,BE24,BEECH 24 Sierra,L1P,L
A8E886,N673T,BE35,BEECH 35 Starfire Bonanza,L1P,L
A8EA86,N6739X,C310,CESSNA 310,L2P,L
A8EB86,N674KS,AS21,SCHLEICHER ASK-21,L1P,L
A8ED86,N6744P,PA24,PIPER PA-24 Comanche,L1P,L
A8F186,N6756S,C150,CESSNA 150,L1P,L
A8F586,N6768V,,,,
A8F886,N6773M,C182,CESSNA 182 Skylane,L1P,L
A8FA86,N678MC,T28,NORTH AMERICAN T-28,L1P,L
A8FF86,N6790G,C150,CESSNA 150,L1P,L
A90186,N68GT,SR22,CIRRUS SR-22,L1P,L
A90786,N681GB,BEAR,AVIPRO RB-4 Bearhawk,L1P,L
A90B86,N682K,C68A,CESSNA 680 Citation Latitude,L2J,M
A90D86,N68237,C152,CESSNA 152,L1P,L
A90E86,N683BS,DRON,,D0-,-
A91486,N68402,C152,CESSNA 152,L1P,L
A91586,N6848C,BE36,BEECH 36 Bonanza,L1P,L
A91886,N68525,CH7A,BELLANCA 7 Champion,L1P,L
A91986,N686AE,E145,EMBRAER ERJ-145,L2J,M
A92086,N6877A,C172,CESSNA 172 Skyhawk,L1P,L
A92186,N688GA,GA6C,GULFSTREAM G600,L2J,M
A92386,N68813,C152,CESSNA 152,L1P,L
A92486,N6889D,C195,CESSNA 195,L1P,L
A92886,N69BR,CP30,PIEL Emeraude,L1P,L
A92986,N69MX,,,,
A92D86,N6903Q,BE23,BEECH 23 Sundowner,L1P,L
A92E86,N691B,BE35,BEECH 35 Starfire Bonanza,L1P,L
A93186,N6915T,P28A,PIPER PA-28-140/150/160/180,L1P,L
A93486,N6920K,PA46,PIPER PA-46-310/350,L1P,L
A93B86,N694W,HUSK,CHRISTEN Husky,L1P,L
A93C86,N6944R,T210,CESSNA T210 Turbo Centurion,L1P,L
A94286,N696RQ,WW24,IAI 1124 Westwind,L2J,M
A94486,N6968X,C172,CESSNA 172 Skyhawk,L1P,L
A94F86,N6997V,M20P,MOONEY M-20,L1P,L
A95086,N7GV,PTS1,PITTS S-1 Special,L1P,L
A95986,N701NW,A660,THRUSH S-2R Turbo 660,L1T,L
A95A86,N701ZB,CH70,ZENAIR CH-701 Stol,L1P,L
A95B86,N7016Y,G164,GRUMMAN G-164 Ag-Cat,L1P,L
A95C86,N702FN,DRON,,D0-,-
A95E86,N7021Q,C182,CESSNA 182 Skylane,L1P,L
A95F86,N70281,J3,PIPER J-3 Cub,L1P,L
A96286,N7033T,C172,CESSNA 172 Skyhawk,L1P,L
A96386,N704BC,LA25,LAKE LA-250,A1P,L
A96686,N7045W,P28A,PIPER PA-28-140/150/160/180,L1P,L
A96986,N7050N,BE35,BEECH 35 Starfire Bonanza,L1P,L
A96A86,N7057Z,PARA,,P0-,-
A96D86,N7062R,ULAC,,L0-,-
A97286,N708CP,SR22,CIRRUS SR-22,L1P,L
A97586,N7086X,C150,CESSNA 150,L1P,L
A97986,N70980,J3,PIPER J-3 Cub,L1P,L
A97A86,N71JK,NAVI,NORTH AMERICAN Navion,L1P,L
A97E86,N71008,J3,PIPER J-3 Cub,L1P,L
A98286,N7113A,C172,CESSNA 172 Skyhawk,L1P,L
A98486,N712LS,BE58,BEECH 58 Baron,L2P,L
A98686,N7125D,M5,MAULE M-5,L1P,L
A98A86,N7137G,BE65,BEECH 65 Queen Air,L2P,L
A98B86,N714GG,R44,ROBINSON R-44 Raven,H1P,L
A98E86,N7149K,PA18,PIPER PA-18 Super Cub,L1P,L
A99086,N715VL,UHEL,,H0-,-
A99186,N7154B,PARA,,P0-,-
A99386,N716NC,DHC6,DE HAVILLAND DHC-6 Twin Otter,L2T,L
A99586,N7166E,C182,CESSNA 182 Skylane,L1P,L
A99686,N717EV,CRJ7,BOMBARDIER Regional Jet CRJ-700,L2J,M
A99A86,N718HT,S64,SIKORSKY S-64 Skycrane,H2T,M
A99D86,N719AK,AS50,AEROSPATIALE AS-350 Ecureuil,H1T,L
A9A086,N7195C,TCAT,GRUMMAN F7F Tigercat,L2P,M
A9A486,N720L,C320,CESSNA 320 Skyknight,L2P,L
A9A786,N721CS,C140,CESSNA 140,L1P,L
A9AA86,N72160,T206,CESSNA T206 Turbo Stationair,L1P,L
A9AD86,N7221S,C182,CESSNA 182 Skylane,L1P,L
A9B686,N725EC,C172,CESSNA 172 Skyhawk,L1P,L
A9B886,N7250Q,C172,CESSNA 172 Skyhawk,L1P,L
A9BA86,N726HA,C550,CESSNA 550 Citation S2,L2J,L
A9BD86,N72694,C82S,CESSNA T182 Turbo Skylane,L1P,L
A9C086,N7274W,P28A,PIPER PA-28-140/150/160/180,L1P,L
A9C886,N72982,C140,CESSNA 140,L1P,L
A9C986,N73JM,BD4,BEDE BD-4,L1P,L
A9CF86,N731HW,P210,CESSNA P210 Centurion,L1P,L
A9D286,N732AN,B77W,BOEING 777-300ER,L2J,H
A9D686,N733DL,C172,CESSNA 172 Skyhawk,L1P,L
A9D886,N733ZY,C172,CESSNA 172 Skyhawk,L1P,L
A9DC86,N7342A,C172,CESSNA 172 Skyhawk,L1P,L
A9E086,N7354D,PA22,PIPER PA-22,L1P,L
A9E286,N736NE,C172,CESSNA 172 Skyhawk,L1P,L
A9E386,N736YL,C82R,CESSNA R182 Skylane RG,L1P,L
A9E486,N7366G,C172,CESSNA 172 Skyhawk,L1P,L
A9E886,N7378K,PA20,PIPER PA-20 Pacer,L1P,L
A9E986,N738HV,C172,CESSNA 172 Skyhawk,L1P,L
A9EC86,N739AM,C172,CESSNA 172 Skyhawk,L1P,L
A9ED86,N739LT,C172,CESSNA 172 Skyhawk,L1P,L
A9EE86,N739WZ,C172,CESSNA 172 Skyhawk,L1P,L
A9EF86,N7395E,C210,CESSNA 201 Centurion,L1P,L
A9F086,N74DK,T18,THORP Tiger,L1P,L
A9F386,N740LB,BALL,,B0-,-
AA0486,N74450,B14A,BELLANCA 14,L1P,L
AA0886,N74573,M20P,MOONEY M-20,L1P,L
AA0A86,N746TJ,PA18,PIPER PA-18 Super Cub,L1P,L
AA0B86,N7462V,M20P,MOONEY M-20,L1P,L
AA0D86,N747LA,C208,CESSNA 208 Caravan,L1T,L
AA0E86,N747WG,C182,CESSNA 182 Skylane,L1P,L
AA1086,N748CT,ULAC,,L0-,-
AA1386,N74861,AA5,AMERICAN AA-5 Tiger,L1P,L
AA1B86,N750RF,ACAM,LEZA Air Cam,L2P,L
AA2086,N7513E,CH7A,BELLANCA 7 Champion,L1P,L
AA2486,N7525H,PA12,PIPER PA-12 Super Cruiser,L1P,L
AA2B86,N7542C,ERCO,AIR PRODUCTS F-1 Aircoupe,L1P,L
AA2C86,N7549P,PA24,PIPER PA-24 Comanche,L1P,L
AA2F86,N7554F,CH7B,BELLANCA 7 Citabria,L1P,L
AA3086,N756CA,B744,BOEING 747-400,L4J,H
AA3186,N756NG,T206,CESSNA T206 Turbo Stationair,L1P,L
AA3486,N757EZ,C182,CESSNA 182 Skylane,L1P,L
AA3786,N7578M,C175,CESSNA 175 Skylark,L1P,L
AA3986,N758UC,C172,CESSNA 172 Skyhawk,L1P,L
AA3A86,N7583D,PA18,PIPER PA-18 Super Cub,L1P,L
AA3B86,N759AP,C182,CESSNA 182 Skylane,L1P,L
AA3C86,N759LV,C182,CESSNA 182 Skylane,L1P,L
AA3F86,N76DM,P28A,PIPER PA-28-140/150/160/180,L1P,L
AA4086,N76PT,BE24,BEECH 24 Sierra,L1P,L
AA4586,N761CW,T210,CESSNA T210 Turbo Centurion,L1P,L
AA4686,N761PB,S76,SIKORSKY S-76 Spirit,H2T,L
AA4A86,N762S,CAMP,GREGA GN-1 Aircamper,L1P,L
AA4B86,N7621W,P28A,PIPER PA-28-140/150/160/180,L1P,L
AA5786,N76575,C140,CESSNA 140,L1P,L
AA5D86,N767WJ,P47,REPUBLIC F-47 Thunderbolt,L1P,M
AA5E86,N76740,C140,CESSNA 140,L1P,L
AA6086,N768PA,,,,
AA6186,N768ZG,DRON,,D0-,-
AA6786,N77JR,GLID,,L0-,-
AA6B86,N7701D,PA22,PIPER PA-22,L1P,L
AA6F86,N7713G,C172,CESSNA 172 Skyhawk,L1P,L
AA7386,N7725K,PA20,PIPER PA-20 Pacer,L1P,L
AA7586,N773PW,BE9L,BEECH 90 King Air,L2T,L
AA7786,N7737N,P28A,PIPER PA-28-140/150/160/180,L1P,L
AA7A86,N7742E,C150,CESSNA 150,L1P,L
AA7E86,N7754H,PA12,PIPER PA-12 Super Cruiser,L1P,L
AA7F86,N776CC,DRON,,D0-,-
AA8486,N777RG,C182,CESSNA 182 Skylane,L1P,L
AA8586,N7771C,T6,NORTH AMERICAN T-6 Texan,L1P,L
AA8986,N7783F,C150,CESSNA 150,L1P,L
AA8A86,N779AR,GLF6,GULFSTREAM G650,L2J,M
AA8C86,N779XC,CC19,CUB CRAFTERS CC-19 XCub,L1P,L
AA8E86,N78DP,,,,
AA8F86,N78PV,PIVI,PIPSTREL Virus,L1P,L
AA9086,N780A,T206,CESSNA T206 Turbo Stationair,L1P,L
AA9986,N782SB,GL5T,BOMBARDIER BD-700 Global 5000/5500,L2J,M
AA9D86,N783V,RV10,VANS RV-10,L1P,L
AA9E86,N78331,C172,CESSNA 172 Skyhawk,L1P,L
AAA286,N78454,PA12,PIPER PA-12 Super Cruiser,L1P,L
AAA986,N7862Z,C150,CESSNA 150,L1P,L
AAAD86,N78742,PA11,PIPER PA-11 Cub Special,L1P,L
AAB186,N78865,M20P,MOONEY M-20,L1P,L
AAB586,N78988,M20P,MOONEY M-20,L1P,L
AAB686,N79JT,PA44,PIPER PA-44 Seminole,L2P,L
AAB886,N790FD,B752,BOEING 757-200,L2J,M
AAB986,N790RK,,,,
AABC86,N791JB,BE95,BEECH 95 Travel Air,L2P,L
AAC086,N792M,RV4,VANS RV-4,L1P,L
AAC286,N7925M,BE95,BEECH 95 Travel Air,L2P,L
AAC386,N793DS,C337,CESSNA 337 Super Skymaster,L2P,L
AAC586,N7930D,BE35,BEECH 35 Starfire Bonanza,L1P,L
AAC886,N794SW,B737,BOEING 737-700,L2J,M
AAC986,N7942G,C172,CESSNA 172 Skyhawk,L1P,L
AACA86,N7949T,C175,CESSNA 175 Skylark,L1P,L
AAD186,N7966N,P28A,PIPER PA-28-140/150/160/180,L1P,L
AAD386,N797RJ,C172,CESSNA 172 Skyhawk,L1P,L
AAD586,N7978R,BE95,BEECH 95 Travel Air,L2P,L
AAD886,N7983H,PA12,PIPER PA-12 Super Cruiser,L1P,L
AADC86,N7995L,BE23,BEECH 23 Sundowner,L1P,L
AADD86,N8DR,PC12,PILATUS PC-12,L1T,L
AADE86,N8PX,PA30,PIPER PA-30 Twin Comanche,L2P,L
AADF86,N80AB,C560,CESSNA 560 Citation Ultra,L2J,M
AAE086,N80LH,PC6T,PILATUS PC-6 Turbo-Porter,L1T,L
AAE186,N80WP,EA50,ECLIPSE 550,L2J,L
AAE386,N800T,AC80,NORTH AMERICAN ROCKWELL Turbo Commander 680,L2T,L
AAE586,N8009X,LA4,LAKE LA-4/200,A1P,L
AAEF86,N8031J,AEST,AEROSTAR 600,L2P,L
AAF086,N8038V,AT8T,AIR TRACTOR AT-802,L1T,M
AAFE86,N8072K,S108,STINSON 108 Voyager,L1P,L
AAFF86,N8079W,P28A,PIPER PA-28-140/150/160/180,L1P,L
AB0086,N808KR,SH36,SHORT 360,L2T,M
AB0286,N8084N,P28A,PIPER PA-28-140/150/160/180,L1P,L
AB0386,N809CH,S92,SIKORSKY S-92 Helibus,H2T,M
AB0986,N810BS,BE30,BEECH 300 Super King Air,L2T,L
AB0F86,N81102,FNKB,FUNK B,L1P,L
AB1086,N8118C,PA22,PIPER PA-22,L1P,L
AB1486,N813AE,E135,EMBRAER ERJ-135,L2J,M
AB1586,N813LL,P46T,PIPER PA-46-500TP,L1T,L
AB1786,N81348,FA24,FAIRCHILD F-24 Argus,L1P,L
AB1886,N814DC,,,,
AB1B86,N8147A,P32R,PIPER PA-32R-300/301/301T,L1P,L
AB1D86,N815SG,H269,HUGHES Sky Knight,H1P,L
AB1E86,N81513,CH7A,BELLANCA 7 Champion,L1P,L
AB2686,N81759,CH7A,BELLANCA 7 Champion,L1P,L
AB2786,N818EP,C172,CESSNA 172 Skyhawk,L1P,L
AB2C86,N819TT,R22,ROBINSON R-22 Mariner,H1P,L
AB2E86,N82AD,C182,CESSNA 182 Skylane,L1P,L
AB2F86,N82LK,GLST,GLASAIR SH-4 GlaStar,L1P,L
AB3686,N821W,GLID,,L0-,-
AB3E86,N8231L,BE33,BEECH 33 Bonanza,L1P,L
AB3F86,N8238X,P28R,PIPER PA-28R-180/200/201,L1P,L
AB4286,N8243P,PA24,PIPER PA-24 Comanche,L1P,L
AB4486,N825ME,PA11,PIPER PA-11 Cub Special,L1P,L
AB4686,N8255S,C150,CESSNA 150,L1P,L
AB4786,N826DX,S22T,CIRRUS SR-22T Turbo,L1P,L
AB4E86,N8279Y,PA32,PIPER PA-32,L1P,L
AB4F86,N828KT,PA31,PIPER PA-31-300/310/325/350/425,L2P,L
AB5186,N8284Q,BALL,,B0-,-
AB5786,N83RP,VEZE,RUTAN VariEze,L1P,L
AB5F86,N8318E,C172,CESSNA 172 Skyhawk,L1P,L
AB6286,N83227,CH7A,BELLANCA 7 Champion,L1P,L
AB6A86,N8347C,P28A,PIPER PA-28-140/150/160/180,L1P,L
AB6B86,N835GC,EC30,AIRBUS HELICOPTERS EC-130,H1T,L
AB6D86,N83515,CH7A,BELLANCA 7 Champion,L1P,L
AB7186,N83638,CH7A,BELLANCA 7 Champion,L1P,L
AB7586,N8376A,PA44,PIPER PA-44 Seminole,L2P,L
AB7E86,N84LM,C182,CESSNA 182 Skylane,L1P,L
AB7F86,N84WT,PA32,PIPER PA-32,L1P,L
AB8286,N8402Q,SR22,CIRRUS SR-22,L1P,L
AB8386,N84091,CH7A,BELLANCA 7 Champion,L1P,L
AB8586,N841WB,P32R,PIPER PA-32R-300/301/301T,L1P,L
AB8686,N8414T,C182,CESSNA 182 Skylane,L1P,L
AB8E86,N8438Z,C210,CESSNA 201 Centurion,L1P,L
AB9186,N8443R,P28A,PIPER PA-28-140/150/160/180,L1P,L
AB9286,N845BA,A5,ICON A-5,A1P,L
AB9586,N8455U,C172,CESSNA 172 Skyhawk,L1P,L
AB9986,N8467X,PA34,PIPER PA-34 Seneca,L2P,L
ABA486,N8496V,SS2P,ROCKWELL Thrush Commander,L1P,L
ABA686,N85RR,BE95,BEECH 95 Travel Air,L2P,L
ABA786,N850BW,FA50,DASSAULT Falcon 50,L3J,M
ABAE86,N8518G,C150,CESSNA 150,L1P,L
ABB186,N85229,CH7A,BELLANCA 7 Champion,L1P,L
ABB986,N8547E,CH7B,BELLANCA 7 Citabria,L1P,L
ABC086,N8564,WACO,WACO E/O,L1P,L
ABC486,N8576C,PA18,PIPER PA-18 Super Cub,L1P,L
ABC786,N85805,AR11,AERONCA 11 Chief,L1P,L
ABCC86,N86AH,SR22,CIRRUS SR-22,L1P,L
ABCD86,N86LP,COL4,CESSNA 400 Corvalis TT,L1P,L
ABCF86,N860H,B350,BEECHCRAFT Super King Air 350,L2T,M
ABD186,N8602S,D1,DERRINGER New Derringer,L2P,L
ABD586,N8614V,PARA,,P0-,-
ABD886,N862ZB,,,,
ABD986,N8626Y,PA30,PIPER PA-30 Twin Comanche,L2P,L
ABDD86,N86381,AR11,AERONCA 11 Chief,L1P,L
ABE486,N8655W,P28B,PIPER PA-28-201T/235/236,L1P,L
ABE586,N866EA,BALL,,B0-,-
ABE786,N8660N,PA32,PIPER PA-32,L1P,L
ABEF86,N8684U,C172,CESSNA 172 Skyhawk,L1P,L
ABF086,N869CP,C72R,CESSNA 172R Cutlass RG,L1P,L
ABF586,N87RT,FA10,DASSAULT Falcon 100,L2J,M
AC0486,N8735D,PA22,PIPER PA-22,L1P,L
AC1A86,N8793,,,,
AC1B86,N88AK,PA18,PIPER PA-18 Super Cub,L1P,L
AC1D86,N88WX,BE36,BEECH 36 Bonanza,L1P,L
AC1F86,N880TH,C72R,CESSNA 172R Cutlass RG,L1P,L
AC2086,N8802U,C172,CESSNA 172 Skyhawk,L1P,L
AC2286,N881L,DA42,DIAMOND DA-42 Guardian,L2P,L
AC2486,N8814X,C182,CESSNA 182 Skylane,L1P,L
AC2686,N882NY,B06,BELL 206 JetRanger,H1T,L
AC2C86,N88383,J3,PIPER J-3 Cub,L1P,L
AC2F86,N8843V,BL17,BELLANCA 17 Viking,L1P,L
AC3486,N886EC,P28A,PIPER PA-28-140/150/160/180,L1P,L
AC3C86,N888KZ,GLF5,GULFSTREAM 5,L2J,M
AC3E86,N8884W,P28B,PIPER PA-28-201T/235/236,L1P,L
AC4186,N889ZC,,,,
AC4486,N89RV,RV3,VANS RV-3,L1P,L
AC5E86,N8964D,PA22,PIPER PA-22,L1P,L
AC6286,N8976G,C182,CESSNA 182 Skylane,L1P,L
AC6586,N89809,C120,CESSNA 120,L1P,L
AC6886,N899UA,A319,AIRBUS A-319,L2J,M
AC6A86,N9AM,C310,CESSNA 310,L2P,L
AC6B86,N9LT,BE58,BEECH 58 Baron,L2P,L
AC6C86,N9WZ,H269,HUGHES Sky Knight,H1P,L
AC6E86,N90TK,F900,DASSAULT Falcon 900,L3J,M
AC7086,N900PW,AC90,NORTH AMERICAN ROCKWELL Turbo Commander 690/840,L2T,L
AC7186,N9000B,CH7A,BELLANCA 7 Champion,L1P,L
AC7286,N9007N,LAMA,AEROSPATIALE SA-315 Lama,H1T,L
AC7786,N902KL,CH75,ZENAIR CH-750 Cruzer,L1P,L
AC7986,N9024H,CH70,ZENAIR CH-701 Stol,L1P,L
AC7D86,N9036L,CH7B,BELLANCA 7 Citabria,L1P,L
AC8086,N9041C,BE35,BEECH 35 Starfire Bonanza,L1P,L
AC8586,N906AR,DRON,,D0-,-
AC8786,N906XC,RELI,STINSON Reliant,L1P,L
AC8986,N907DP,ASTR,GULFSTREAM AEROSPACE Gulfstream G100,L2J,M
AC8B86,N9070A,C170,CESSNA 170,L1P,L
AC8F86,N9082D,PA18,PIPER PA-18 Super Cub,L1P,L
AC9086,N9089Q,AT6T,AIR TRACTOR AT-602,L1T,L
AC9386,N9094G,C182,CESSNA 182 Skylane,L1P,L
AC9886,N910V,,,,
AC9986,N91031,BALL,,B0-,-
AC9B86,N911MS,GLAS,Glasair,L1P,L
AC9C86,N911XY,SSTL,JUST JA30 SuperSTOL,L1P,L
AC9D86,N91154,PA18,PIPER PA-18 Super Cub,L1P,L
ACA286,N913HG,,,,
ACA486,N9132Z,BALL,,B0-,-
ACA586,N914,PTS1,PITTS S-1 Special,L1P,L
ACA686,N914LE,LGEZ,RUTAN Long-EZ,L1P,L
ACA986,N915CX,,,,
ACAC86,N91565,J3,PIPER J-3 Cub,L1P,L
ACB386,N91730,C182,CESSNA 182 Skylane,L1P,L
ACB786,N91853,PA32,PIPER PA-32,L1P,L
ACB886,N919EH,C182,CESSNA 182 Skylane,L1P,L
ACBA86,N9190V,AT3T,AIR TRACTOR AT-302/402,L1T,L
ACBB86,N91976,C182,CESSNA 182 Skylane,L1P,L
ACBC86,N92HF,C172,CESSNA 172 Skyhawk,L1P,L
ACBE86,N920DS,E55P,EMBRAER EMB-505 Phenom 300,L2J,M
ACC086,N9200D,,,,
ACC486,N9212G,C182,CESSNA 182 Skylane,L1P,L
ACC586,N9219T,PA46,PIPER PA-46-310/350,L1P,L
ACC986,N923CE,BALL,,B0-,-
ACCB86,N923YS,DRON,,D0-,-
ACCC86,N9236N,P32R,PIPER PA-32R-300/301/301T,L1P,L
ACD186,N925JA,C525,CESSNA 525 CitationJet,L2J,L
ACD486,N926AT,B712,BOEING 717-200,L2J,M
ACD786,N9265L,PARA,,P0-,-
ACD886,N927DR,RV8,VANS RV-8,L1P,L
ACDC86,N928GP,AT3T,AIR TRACTOR AT-302/402,L1T,L
ACDE86,N9282F,H269,HUGHES Sky Knight,H1P,L
ACDF86,N9289S,BE23,BEECH 23 Sundowner,L1P,L
ACE086,N929KM,ULAC,,L0-,-
ACE386,N93CD,M20P,MOONEY M-20,L1P,L
ACE886,N93033,C185,CESSNA 185 Skywagon,L1P,L
ACF486,N934AA,A321,AIRBUS A-321,L2J,M
ACF686,N934WN,B737,BOEING 737-700,L2J,M
ACF786,N93444,C152,CESSNA 152,L1P,L
ACFD86,N936SC,RV4,VANS RV-4,L1P,L
AD0286,N93732,ERCO,AIR PRODUCTS F-1 Aircoupe,L1P,L
AD0A86,N93978,ERCO,AIR PRODUCTS F-1 Aircoupe,L1P,L
AD0B86,N94HH,PA25,PIPER PA-25 Pawnee,L1P,L
AD0C86,N94TP,DHC2,DE HAVILLAND DHC-2 Beaver,L1P,L
AD0E86,N940Q,BE35,BEECH 35 Starfire Bonanza,L1P,L
AD1086,N9407S,BE35,BEECH 35 Starfire Bonanza,L1P,L
AD1386,N9412J,P28A,PIPER PA-28-140/150/160/180,L1P,L
AD1986,N943NN,B738,BOEING 737-800,L2J,M
AD1B86,N9436Q,BE33,BEECH 33 Bonanza,L1P,L
AD1D86,N944RL,ACAM,LEZA Air Cam,L2P,L
AD1F86,N9448T,PA38,PIPER PA-38 Tomahawk,L1P,L
AD2386,N946AV,A320,AIRBUS A-320,L2J,M
AD2686,N9465N,P28R,PIPER PA-28R-180/200/201,L1P,L
AD2E86,N9489U,C150,CESSNA 150,L1P,L
AD3286,N95CF,BE33,BEECH 33 Bonanza,L1P,L
AD3986,N951MW,SLG2,AIRPLANE FACTORY Sling 2,L1P,L
AD3E86,N95200,TAYB,TAYLORCRAFT BC/BF/BL,L1P,L
AD4286,N95323,TAYB,TAYLORCRAFT BC/BF/BL,L1P,L
AD4386,N954AC,C72R,CESSNA 172R Cutlass RG,L1P,L
AD4786,N955DA,DV20,DIAMOND DA-20,L1P,L
AD4D86,N95611,TAYB,TAYLORCRAFT BC/BF/BL,L1P,L
AD5186,N95734,TAYB,TAYLORCRAFT BC/BF/BL,L1P,L
AD5586,N95857,C182,CESSNA 182 Skylane,L1P,L
AD5886,N9590Z,TBM,GRUMMAN G-40 Avenger,L1P,M
AD5B86,N96TR,PTS1,PITTS S-1 Special,L1P,L
AD5C86,N960DW,TBM9,SOCATA TBM-900/910/930/940,L1T,L
AD6286,N9612L,AA1,AMERICAN AA-1,L1P,L
AD6C86,N964RN,T18,THORP Tiger,L1P,L
AD6D86,N9641J,P28A,PIPER PA-28-140/150/160/180,L1P,L
AD6E86,N9648V,C172,CESSNA 172 Skyhawk,L1P,L
AD7186,N9653M,M20P,MOONEY M-20,L1P,L
AD7386,N966MC,R66,ROBINSON R-66,H1T,L
AD7586,N9665Q,C172,CESSNA 172 Skyhawk,L1P,L
AD7886,N9670G,M20P,MOONEY M-20,L1P,L
AD7D86,N9689W,P28A,PIPER PA-28-140/150/160/180,L1P,L
AD8186,N97CH,M20P,MOONEY M-20,L1P,L
AD8A86,N9716,G164,GRUMMAN G-164 Ag-Cat,L1P,L
AD9A86,N976GA,C550,CESSNA 550 Citation S2,L2J,L
ADA486,N97859,C182,CESSNA 182 Skylane,L1P,L
ADA786,N97901,ONEX,SONEX Onex,L1P,L
ADA986,N98HM,BL17,BELLANCA 17 Viking,L1P,L
ADAA86,N98TT,S22T,CIRRUS SR-22T Turbo,L1P,L
ADB486,N982W,PA22,PIPER PA-22,L1P,L
ADB686,N983CL,H25B,HAWKER BEECHCRAFT Hawker 750/850,L2J,M
ADBC86,N9841L,C172,CESSNA 172 Skyhawk,L1P,L
ADC886,N9877V,C188,CESSNA 188 AgTruck,L1P,L
ADCA86,N988TA,E190,EMBRAER ERJ-190-100,L2J,M
ADCC86,N9889Y,C210,CESSNA 201 Centurion,L1P,L
ADCF86,N9894Q,C172,CESSNA 172 Skyhawk,L1P,L
ADD086,N99CK,C501,CESSNA 501 Citation 1SP,L2J,L
ADD186,N99NR,CH7A,BELLANCA 7 Champion,L1P,L
ADD386,N990KB,BE9L,BEECH 90 King Air,L2T,L
ADD586,N99039,ERCO,AIR PRODUCTS F-1 Aircoupe,L1P,L
ADDC86,N99204,C182,CESSNA 182 Skylane,L1P,L
ADDD86,N9928E,C182,CESSNA 182 Skylane,L1P,L
ADE086,N99327,ERCO,AIR PRODUCTS F-1 Aircoupe,L1P,L
ADE186,N994AG,MT,ROTORSPORT MTOSport,G1P,L
ADEB86,N99615,,,,
ADF386,N9986A,C170,CESSNA 170,L1P,L
ADF486,N999ER,BE35,BEECH 35 Starfire Bonanza,L1P,L
ADFC86,91-0098,BE40,BEECH 400 Beechjet,L2J,M
ADFD86,94-00259,SW4,SWEARINGEN Metro,L2T,M
ADFE86,92-0551,C130,LOCKHEED C-130 Hercules,L4T,M
ADFF86,68-8125,T38,NORTHROP T-38 Talon,L2J,L
AE0086,66-8374,T38,NORTHROP T-38 Talon,L2J,L
AE0386,59-1468,K35R,BOEING KC-135R/T Stratotanker,L4J,H
AE0486,62-3542,K35R,BOEING KC-135R/T Stratotanker,L4J,H
AE0586,87-0041,C5M,LOCKHEED C-5 Super Galaxy,L4J,H
AE0686,60-0328,K35R,BOEING KC-135R/T Stratotanker,L4J,H
AE0A86,93-26473,H60,SIKORSKY UH-60 Black Hawk,H2T,M
AE0B86,94-26575,H60,SIKORSKY UH-60 Black Hawk,H2T,M
AE0C86,79-23296,H60,SIKORSKY UH-60 Black Hawk,H2T,M
AE0E86,87-24646,H60,SIKORSKY UH-60 Black Hawk,H2T,M
AE1B86,166873,F18S,BOEING FA-18 SUPER HORNET,L2J,M
AE1E86,166040,TEX2,BEECHCRAFT T-6 Texan 2,L1T,L
AE1F86,09-72119,EC45,AIRBUS HELICOPTERS EC-145,H2T,L
AE2486,08-05559,H64,MCDONNELL DOUGLAS AH-64 Apache,H2T,M
AE2686,6547,AS65,AEROSPATIALE AS-365 Dauphin 2,H2T,L
AE4886,09-20215,H60,SIKORSKY UH-60 Black Hawk,H2T,M
AE4B86,163080,H53,SIKORSKY CH-53,H2T,M
AE5686,12-20539,H60,SIKORSKY UH-60 Black Hawk,H2T,M
AE5786,14-20662,H60,SIKORSKY UH-60 Black Hawk,H2T,M
AE5A86,15-72410,EC45,AIRBUS HELICOPTERS EC-145,H2T,L
AE5B86,08-0809,PC12,PILATUS PC-12,L1T,L
AE5D86,16-20892,H60,SIKORSKY UH-60 Black Hawk,H2T,M
AE6486,19-21052,H60,SIKORSKY UH-60 Black Hawk,H2T,M
AE6A86,20-21152,H60,SIKORSKY UH-60 Black Hawk,H2T,M
AE6B86,09-05674,H64,MCDONNELL DOUGLAS AH-64 Apache,H2T,M
AE6C86,21-21207,H60,SIKORSKY UH-60 Black Hawk,H2T,M
AE7486,21-03409,H64,MCDONNELL DOUGLAS AH-64 Apache,H2T,M
C00186,C-FAOZ,AS50,AEROSPATIALE AS-350 Ecureuil,H1T,L
C00286,C-FAYV,PA27,PIPER PA-23-250 Aztec,L2P,L
C00386,C-FBIR,C185,CESSNA 185 Skywagon,L1P,L
C00486,C-FBSN,C172,CESSNA 172 Skyhawk,L1P,L
C00586,C-FCCJ,B763,BOEING 767-300,L2J,H
C00686,C-FCMF,C150,CESSNA 150,L1P,L
C00786,C-FCWB,C172,CESSNA 172 Skyhawk,L1P,L
C00886,C-FDFX,BALL,,B0-,-
C00986,C-FDPT,NSTR,CUSTOM FLIGHT North Star,L1P,L
C00A86,C-FDZP,BE35,BEECH 35 Starfire Bonanza,L1P,L
C00B86,C-FEJL,E75S,EMBRAER ERJ-170-200 (short wing),L2J,M
C00C86,C-FETH,HROC,HARMON Rocket,L1P,L
C00D86,C-FFDD,BALL,,B0-,-
C00E86,C-FFMZ,SPUP,SOPWITH Pup Replica,L1P,L
C00F86,C-FFWV,ST75,STEARMAN Kaydet,L1P,L
C01086,C-FGGR,SREY,PROGRESSIVE AERODYNE SeaRey,A1P,L
C01286,C-FHAJ,DH3T,DE HAVILLAND DHC-3 Turbo Otter,L1T,L
C01386,C-FHKF,CVLT,CANADAIR Cosmopolitan,L2T,M
C01486,C-FHUB,AS50,AEROSPATIALE AS-350 Ecureuil,H1T,L
C01586,C-FIDX,H500,HUGHES 500,H1T,L
C01686,C-FINT,RV9,VANS RV-9,L1P,L
C01786,C-FIXP,,,,
C01886,C-FJHL,C172,CESSNA 172 Skyhawk,L1P,L
C01986,C-FJRH,VAMP,DE HAVILLAND DH-100/115 Vampire,L1J,L
C01A86,C-FKBD,,,,
C01D86,C-FLER,B38M,BOEING 737 MAX 8,L2J,M
C01E86,C-FLON,DHC1,DE HAVILLAND DHC-1 Chipmunk,L1P,L
C02086,C-FMIF,C172,CESSNA 172 Skyhawk,L1P,L
C02286,C-FNBX,,,,
C02386,C-FNLT,COY2,RANS Coyote 2,L1P,L
C02586,C-FOFL,C172,CESSNA 172 Skyhawk,L1P,L
C02686,C-FOPH,CH60,ZENAIR CH-600 Zodiac,L1P,L
C02786,C-FOZD,RALL,SOCATA Rallye,L1P,L
C02886,C-FPIZ,PARA,,P0-,-
C02986,C-FPSV,C680,CESSNA 680 Citation Sovereign,L2J,M
C02A86,C-FQCR,F28,FOKKER F-28,L2J,M
C02B86,C-FQMN,DHC3,DE HAVILLAND DHC-3 Otter,L1P,L
C02C86,C-FQWJ,CH70,ZENAIR CH-701 Stol,L1P,L
C02F86,C-FRZX,BALL,,B0-,-
C03186,C-FSTP,C172,CESSNA 172 Skyhawk,L1P,L
C03286,C-FTDL,AR11,AERONCA 11 Chief,L1P,L
C03386,C-FTNH,C310,CESSNA 310,L2P,L
C03486,C-FTXD,FOX,KITFOX,L1P,L
C03586,C-FUGZ,C172,CESSNA 172 Skyhawk,L1P,L
C03686,C-FUQV,HUML,Hummel Bird,L1P,L
C03B86,C-FWOB,M7,MAULE M-7,L1P,L
C03C86,C-FWXX,C150,CESSNA 150,L1P,L
C03D86,C-FXHT,AT3P,AIR TRACTOR AT-301/401,L1P,L
C03E86,C-FXRP,M20P,MOONEY M-20,L1P,L
C03F86,C-FYBL,C185,CESSNA 185 Skywagon,L1P,L
C04086,C-FYLH,P28A,PIPER PA-28-140/150/160/180,L1P,L
C04186,C-FYVD,C120,CESSNA 120,L1P,L
C04286,C-FZEZ,,,,
C04386,C-FZOV,PA22,PIPER PA-22,L1P,L
C04486,C-FZYR,C172,CESSNA 172 Skyhawk,L1P,L
C04586,C-GAIN,AA5,AMERICAN AA-5 Tiger,L1P,L
C04686,C-GASJ,C150,CESSNA 150,L1P,L
C04786,C-GBCF,,,,
C04886,C-GBMB,C335,CESSNA 335,L2P,L
C04A86,C-GCFT,B105,EUROCOPTER BO-105,H2T,L
C04C86,C-GCZL,C172,CESSNA 172 Skyhawk,L1P,L
C04E86,C-GDTD,CRJ2,BOMBARDIER Regional Jet CRJ-200,L2J,M
C05086,C05086,B38M,BOEING 737 MAX 8,L2J,M
C05186,C-GEWR,DH8D,DE HAVILLAND DHC-8-400 Dash 8,L2T,M
C05286,C-GFGN,CH7A,BELLANCA 7 Champion,L1P,L
C05386,C-GFQJ,,,,
C05486,C-GGAF,P149,PIAGGIO P-149,L1P,L
C05686,C-GGTX,C182,CESSNA 182 Skylane,L1P,L
C05786,C-GHDT,COUR,HELIO Courier,L1P,L
C05886,C-GHNP,,,,
C05A86,C-GIHH,C172,CESSNA 172 Skyhawk,L1P,L
C05B86,C-GIRD,B429,BELL 429 GlobalRanger,H2T,L
C05C86,C-GJAZ,CRJ7,BOMBARDIER Regional Jet CRJ-700,L2J,M
C06186,C-GKYF,C182,CESSNA 182 Skylane,L1P,L
C06286,C-GLIB,C210,CESSNA 201 Centurion,L1P,L
C06386,C-GLRX,C152,CESSNA 152,L1P,L
C06486,C-GMBT,AT3P,AIR TRACTOR AT-301/401,L1P,L
C06586,C-GMLP,R44,ROBINSON R-44 Raven,H1P,L
C06686,C-GMVL,,,,
C06786,C-GNFH,P28A,PIPER PA-28-140/150/160/180,L1P,L
C06886,C-GNPD,,,,
C06A86,C-GOIV,RV4,VANS RV-4,L1P,L
C06B86,C-GOSR,PA34,PIPER PA-34 Seneca,L2P,L
C06C86,C-GPCN,SF34,SAAB 340,L2T,M
C06D86,C-GPMJ,C152,CESSNA 152,L1P,L
C06E86,C-GPWF,PA34,PIPER PA-34 Seneca,L2P,L
C07286,C-GRJP,ASTR,GULFSTREAM AEROSPACE Gulfstream G100,L2J,M
C07386,C-GRTL,AS50,AEROSPATIALE AS-350 Ecureuil,H1T,L
C07486,C-GSDH,BE35,BEECH 35 Starfire Bonanza,L1P,L
C07686,C-GSWZ,B190,BEECH 1900,L2T,M
C07786,C-GTGV,BE9L,BEECH 90 King Air,L2T,L
C07886,C-GTQR,PA31,PIPER PA-31-300/310/325/350/425,L2P,L
C07C86,C-GVEB,ULAC,,L0-,-
C07D86,C-GVNX,DHC3,DE HAVILLAND DHC-3 Otter,L1P,L
C07E86,C-GVXT,C340,CESSNA 340 Super,L2P,L
C07F86,C-GWHP,C177,CESSNA  177 Cardinal,L1P,L
C08086,C-GWRL,SR22,CIRRUS SR-22,L1P,L
C08186,C-GXBH,B06,BELL 206 JetRanger,H1T,L
C08286,C-GXLD,AS50,AEROSPATIALE AS-350 Ecureuil,H1T,L
C08386,C-GXUZ,C172,CESSNA 172 Skyhawk,L1P,L
C08486,C-GYEV,C150,CESSNA 150,L1P,L
C08586,C-GYOR,,,,
C08686,C-GYYN,R44,ROBINSON R-44 Raven,H1P,L
C08886,C-GZSF,C177,CESSNA  177 Cardinal,L1P,L
C08986,C-IACB,PARA,,P0-,-
C08A86,C-IALX,,,,
C08B86,C-IAVT,ZZZZ,,-0-,-
C08D86,C-IBPL,ULAC,,L0-,-
C08E86,C-IBZH,ULAC,,L0-,-
C08F86,C-ICJD,ULAC,,L0-,-
C09086,C-ICSZ,ULAC,,L0-,-
C09186,C-IDCV,ULAC,,L0-,-
C09286,C-IDMR,PARA,,P0-,-
C09386,C-IDWN,TBR3,GOLDEN CIRCLE T-Bird 3,L1P,L
C09486,C-IEGJ,ULAC,,L0-,-
C09786,C-IFJX,PARA,,P0-,-
C09886,C-IFTT,,,,
C09986,C-IGDP,ULAC,,L0-,-
C09A86,C-IGNL,BEVR,ASAP Beaver,L1P,L
C09B86,C-IGXH,,,,
C09C86,C-IHHD,,,,
C09D86,C-IHQZ,BEVR,ASAP Beaver,L1P,L
C09E86,C-IIAV,FOX,KITFOX,L1P,L
C0A286,C-IJOF,,,,
C0A486,C-IKHX,ULAC,,L0-,-
C0A586,C-IKRT,ULAC,,L0-,-
C0A686,C-ILBP,PARA,,P0-,-
C0A786,C-ILLL,ULAC,,L0-,-
C0A886,C-ILVH,,,,
C0A986,C-IMFD,,,,
C0B686,C-IRDD,CRER,RANS Courier,L1P,L
C0BB86,C-ITAJ,ULAC,,L0-,-
C0BD86,C-ITUB,,,,
C0C586,C-IWUV,ULAC,,L0-,-
C1E586,SERV,SERV,,V0-,-
C1E986,SERV,SERV,,V0-,-
C80386,ZK-DUC,DHC1,DE HAVILLAND DHC-1 Chipmunk,L1P,L
C80886,ZK-GMI,GLID,,L0-,-
C80D86,ZK-HDZ,H500,HUGHES 500,H1T,L
C80F86,ZK-WOW,C182,CESSNA 182 Skylane,L1P,L
C81086,ZK-SCB,C180,CESSNA  180 Skywagon,L1P,L
C81186,ZK-HLF,BK17,EUROCOPTER BK117 C-1/2,H2T,L
C81386,ZK-CAP,C172,CESSNA 172 Skyhawk,L1P,L
C81486,ZK-WWI,NPOR,REDFERN Nieuport 24,L1P,L
C81786,ZK-JIG,TOBA,SOCATA Tobago,L1P,L
C81886,ZK-VLK,L39,LET L-39 Albatros,L1J,L
C81986,ZK-ZAX,SAVG,ZLIN AVIATION Savage,L1P,L
C81B86,ZK-HJM,AS50,AEROSPATIALE AS-350 Ecureuil,H1T,L
C81D86,ZK-HIW,R44,ROBINSON R-44 Raven,H1P,L
C81E86,ZK-ICS,G2CA,GUIMBAL G-2 Cabri,H1P,L
C82086,ZK-SWV,SD4,TOMARK Viper,L1P,L
C82486,ZK-RQY,C172,CESSNA 172 Skyhawk,L1P,L
C82786,ZK-GPE,GLID,,L0-,-
C82986,ZK-MZF,AT76,ATR-72-600,L2T,M
E03086,LV-CBF,B737,BOEING 737-700,L2J,M
E03386,LV-CNF,LJ31,LEARJET 31,L2J,M
E06286,LV-FJF,PA18,PIPER PA-18 Super Cub,L1P,L
E07586,LV-GVF,B407,BELL 407,H1T,L
E09486,LV-IRF,C182,CESSNA 182 Skylane,L1P,L
E0E086,LV-NBF,ZZZZ,,-0-,-
E20086,GN-816,TBM8,SOCATA TBM-850,L1T,L
E40086,6050,H25A,HAWKER SIDDELEY HS-125,L2J,M
E48386,PR-BZZ,PAY3,PIPER PA-42-720 Cheyenne 3,L2T,L
E48486,PR-CSW,E50P,EMBRAER EMB-500 Phenom 100,L2J,L
E48986,PR-GUJ,B738,BOEING 737-800,L2J,M
E48D86,PR-GYS,SR22,CIRRUS SR-22,L1P,L
E48E86,PR-BIH,B350,BEECHCRAFT Super King Air 350,L2T,M
E48F86,PP-JMN,BE9L,BEECH 90 King Air,L2T,L
E49086,PR-GMD,B429,BELL 429 GlobalRanger,H2T,L
E49286,FAB2346,E110,EMBRAER EMB-110 Bandeirante,L2T,L
E49686,PR-GEU,B737,BOEING 737-700,L2J,M
E49786,PS-ALJ,LJ45,LEARJET 45,L2J,M
E49A86,PS-AEK,E295,EMBRAER ERJ-190-400,L2J,M
E80886,CC-AVN,BE33,BEECH 33 Bonanza,L1P,L
E84086,HC-CTY,DH8B,DE HAVILLAND DHC-8-200 Dash 8,L2T,M
E94C86,CP-3206,B738,BOEING 737-800,L2J,M
