008187,ZS-ZWV,B738,BOEING 737-800,L2J,M
008487,ZS-YBB,E170,EMBRAER ERJ-170-100,L2J,M
008887,ZS-DFI,C510,CESSNA 510 Citation Mustang,L2J,L
008C87,ZS-ESS,AT76,ATR-72-600,L2T,M
00AE87,ZS-RPM,A139,AGUSTA AW-139,H2T,L
00B087,ZS-SJE,B738,BOEING 737-800,L2J,M
00B187,ZS-STA,P28A,PIPER PA-28-140/150/160/180,L1P,L
00B287,ZS-TCW,CL60,BOMBARDIER CL-600 Challenger,L2J,M
010087,SU-BEW,C130,LOCKHEED C-130 Hercules,L4T,M
018087,5A-WLB,A319,AIRBUS A-319,L2J,M
02A087,TS-IEH,B738,BOEING 737-800,L2J,M
02A187,TS-IMH,A320,AIRBUS A-320,L2J,M
040087,ET-ARE,B788,BOEING 787-8 Dreamliner,L2J,H
040187,ET-AXK,B789,BOEING 787-9 Dreamliner,L2J,H
04C287,5Y-FMA,DH8D,DE HAVILLAND DHC-8-400 Dash 8,L2T,M
05A087,8Q-RAB,DHC6,DE HAVILLAND DHC-6 Twin Otter,L2T,L
06A087,A7-AHA,A320,AIRBUS A-320,L2J,M
080087,5H-AAN,C208,CESSNA 208 Caravan,L1T,L
0A0087,7T-VJC,A332,AIRBUS A-330-200,L2J,H
0AC387,HK-5179G,P28A,PIPER PA-28-140/150/160/180,L1P,L
0ACA87,EJC1117,BE20,BEECH 200 Super King Air,L2T,M
0B4087,TG-HAF,C172,CESSNA 172 Skyhawk,L1P,L
0D0187,XB-ROC,C55B,CESSNA 550B Citation Bravo,L2J,L
0D0687,XC-SAH,AC90,NORTH AMERICAN ROCKWELL Turbo Commander 690/840,L2T,L
0D0787,XA-USS,C55B,CESSNA 550B Citation Bravo,L2J,L
0D0987,XA-EBA,A320,AIRBUS A-320,L2J,M
0D0C87,XB-OTO,C421,CESSNA 421 Executive Commuter,L2P,L
0D8187,YV2682,ASTR,GULFSTREAM AEROSPACE Gulfstream G100,L2J,M
0D8287,YV3007,BE58,BEECH 58 Baron,L2P,L
140587,RA-01415,AN2,ANTONOV An-2,L1P,L
142587,RA-09607,FA7X,DASSAULT Falcon 7X,L3J,M
150187,RF-65153,T134,TUPOLEV Tu-134,L2J,M
150687,RA-67207,T206,CESSNA T206 Turbo Stationair,L1P,L
150887,RA-67719,C172,CESSNA 172 Skyhawk,L1P,L
151D87,RA-73095,B738,BOEING 737-800,L2J,M
151E87,RA-73351,B752,BOEING 757-200,L2J,M
152887,RA-75911,IL18,ILYUSHIN Il-18,L4T,M
180887,RA-2183G,C337,CESSNA 337 Super Skymaster,L2P,L
300287,I-GCFE,EC55,AIRBUS HELICOPTERS EC-155,H2T,L
300687,I-ROBS,A169,AGUSTA AW-169,H2T,L
342087,EC-IRV,C208,CESSNA 208 Caravan,L1T,L
342687,EC-KAB,TB20,SOCATA TB-20 Trinidad,L1P,L
343087,TK.10-07,C130,LOCKHEED C-130 Hercules,L4T,M
343187,EC-CJF,C337,CESSNA 337 Super Skymaster,L2P,L
344287,EC-LHB,P06T,TECNAM P-2006T,L2P,L
344487,EC-LXV,B738,BOEING 737-800,L2J,M
344687,EC-MDS,B744,BOEING 747-400,L4J,H
345087,EC-GO2,KP2,JIHLAVAN KP-2 Sova,L1P,L
345287,EC-MMS,EC35,AIRBUS HELICOPTERS EC-135/635,H2T,L
345387,EC-IVC,P68,PARTENAVIA P-68 Observer,L2P,L
345687,EC-MTZ,CRJX,BOMBARDIER Regional Jet CRJ-1000,L2J,M
346187,EC-NBS,C68A,CESSNA 680 Citation Latitude,L2J,M
347187,EC-NQS,C25C,CESSNA 525C Citation CJ4,L2J,M
347287,EC-NTO,A20N,AIRBUS A-320neo,L2J,M
347387,EC-NXD,A359,AIRBUS A-350-900,L2J,H
383987,F-BOMH,PA18,PIPER PA-18 Super Cub,L1P,L
384D87,F-BTMH,PA34,PIPER PA-34 Seneca,L2P,L
385287,F-BUUH,P28A,PIPER PA-28-140/150/160/180,L1P,L
390687,F-GBUH,DR40,ROBIN DR-400,L1P,L
390C87,F-GDEH,DR40,ROBIN DR-400,L1P,L
392487,F-GJEH,PTS2,PITTS S-2 Special,L1P,L
393087,F-GMEH,AS50,AEROSPATIALE AS-350 Ecureuil,H1T,L
398987,F-HCMH,DA40,DIAMOND DA-40 Club Star,L1P,L
39AC87,F-HLEH,C172,CESSNA 172 Skyhawk,L1P,L
39BA87,F-HOUH,PA30,PIPER PA-30 Twin Comanche,L2P,L
39CA87,F-HSUH,EC45,AIRBUS HELICOPTERS EC-145,H2T,L
39E687,F-HZUH,BCS3,AIRBUS A220-300,L2J,M
3C1787,D-AXXQ,A21N,AIRBUS A-321neo,L2J,M
3C4587,D-AALG,B77L,BOEING 777-200LR,L2J,H
3C4D87,D-ACLG,B734,BOEING 737-400,L2J,M
3C6487,D-AIDG,A321,AIRBUS A-321,L2J,M
3C7D87,D-AOLG,F100,FOKKER 100,L2J,M
3CC187,D-CAPB,C560,CESSNA 560 Citation Ultra,L2J,M
3D0587,D-EAIP,SUBA,FUJI FA-200 Aero Subaru,L1P,L
3D0687,D-EASL,M20T,MOONEY M-20T,L1P,L
3D0987,D-EBVZ,BE33,BEECH 33 Bonanza,L1P,L
3D0C87,D-ECZN,C172,CESSNA 172 Skyhawk,L1P,L
3D0F87,D-EEDB,SR20,CIRRUS SR-20,L1P,L
3D1587,D-EGKD,C150,CESSNA 150,L1P,L
3D1687,D-EGTZ,C172,CESSNA 172 Skyhawk,L1P,L
3D1987,D-EHXN,AC11,NORTH AMERICAN ROCKWELL Commander 112/114,L1P,L
3D1B87,D-EIRF,TB20,SOCATA TB-20 Trinidad,L1P,L
3D1C87,D-EJBB,DR30,CENTRE EST Prince,L1P,L
3D1E87,D-EJUT,P28A,PIPER PA-28-140/150/160/180,L1P,L
3D1F87,D-EKEP,P28A,PIPER PA-28-140/150/160/180,L1P,L
3D2087,D-EKOL,PA18,PIPER PA-18 Super Cub,L1P,L
3D2287,D-ELID,BE35,BEECH 35 Starfire Bonanza,L1P,L
3D2487,D-EMBV,SUBA,FUJI FA-200 Aero Subaru,L1P,L
3D2587,D-EMLR,PP2,PILATUS P-2,L1P,L
3D2B87,D-EOST,C172,CESSNA 172 Skyhawk,L1P,L
3D2C87,D-EPCP,P28A,PIPER PA-28-140/150/160/180,L1P,L
3D2D87,D-EPML,P208,TECNAM P-2008,L1P,L
3D2E87,D-EPWH,C182,CESSNA 182 Skylane,L1P,L
3D3487,D-ESDJ,TB20,SOCATA TB-20 Trinidad,L1P,L
3D3987,D-EUAP,P28T,PIPER PA-28RT-201,L1P,L
3D3B87,D-EUUH,C150,CESSNA 150,L1P,L
3D3F87,D-EWHR,PZ04,PZL-OKECIE PZL-104 Wilga,L1P,L
3D5D87,D-FHRB,TBM8,SOCATA TBM-850,L1T,L
3DB487,D-GOPR,PA34,PIPER PA-34 Seneca,L2P,L
3DD787,D-HBWH,B105,EUROCOPTER BO-105,H2T,L
3DE587,D-HHED,R44,ROBINSON R-44 Raven,H1P,L
3DFF87,D-HRAD,R22,ROBINSON R-22 Mariner,H1P,L
3E1687,D-HZSP,EC35,AIRBUS HELICOPTERS EC-135/635,H2T,L
3E6087,D-KBTF,GLID,,L0-,-
3E6187,D-KCDB,AS28,SCHLEICHER ASW-28,L1P,L
3E6887,D-KETZ,G109,GROB G-109,L1P,L
3E6B87,D-KFXN,GLID,,L0-,-
3E7187,D-KIEP,SF25,SCHEIBE SF-25 Falke,L1P,L
3E7287,D-KIOL,GLID,,L0-,-
3EDA87,D-KXSH,GLID,,L0-,-
3EE587,D-1264,GLID,,L0-,-
3EE787,D-1776,GLID,,L0-,-
3EE987,D-2288,GLID,,L0-,-
3EF987,D-6384,GLID,,L0-,-
3EFA87,D-6640,GLID,,L0-,-
3EFC87,D-7152,DUOD,SCHEMPP-HIRTH Duo Discus,L1P,L
3EFD87,D-7408,DUOD,SCHEMPP-HIRTH Duo Discus,L1P,L
3F0087,D-8176,GLID,,L0-,-
3F0487,D-9200,GLID,,L0-,-
3FEA87,D-MFAK,ULAC,,L0-,-
3FEB87,D-MSUL,FK9,B&F TECHNIK FK-9,L1P,L
3FED87,D-MFKP,FK9,B&F TECHNIK FK-9,L1P,L
3FEE87,D-MDKU,AVID,AVID Flyer,L1P,L
3FEF87,D-MTTS,ULAC,,L0-,-
3FF087,D-MVEZ,CDUS,AUTOGYRO Calidus,G1P,L
3FF187,D-MXSE,WT9,AEROSPOOL WT-9 Dynamic,L1P,L
3FF387,D-MKKR,ULAC,,L0-,-
3FF487,D-MHPK,ECHO,TECNAM P-92 Echo,L1P,L
400987,G-MAJE,JS41,BRITISH AEROSPACE Jetstream 41,L2T,M
400B87,G-CBYU,P28A,PIPER PA-28-140/150/160/180,L1P,L
400C87,G-FANL,C172,CESSNA 172 Skyhawk,L1P,L
401087,G-MEGN,BE20,BEECH 200 Super King Air,L2T,M
401187,G-MACH,F260,AERMACCHI SF-260,L1P,L
401287,G-AJWB,MESS,MILES Messenger,L1P,L
401387,G-TVHD,AS55,AEROSPATIALE AS-355 Ecureuil 2,H2T,L
401487,G-ANEM,DH82,DE HAVILLAND DH-82 Tiger Moth,L1P,L
401587,G-ARVT,P28A,PIPER PA-28-140/150/160/180,L1P,L
401687,G-ATSI,JUNR,BOLKOW BO-208 Junior,L1P,L
401787,G-AWFB,P28R,PIPER PA-28R-180/200/201,L1P,L
401887,G-AYBP,D11,JODEL D-11x/12x,L1P,L
401987,G-WWAL,P28R,PIPER PA-28R-180/200/201,L1P,L
401A87,G-BAVH,DHC1,DE HAVILLAND DHC-1 Chipmunk,L1P,L
401C87,G-BERA,RALL,SOCATA Rallye,L1P,L
401D87,G-BGGC,CH7B,BELLANCA 7 Citabria,L1P,L
401E87,G-BHSB,C172,CESSNA 172 Skyhawk,L1P,L
401F87,G-BJAP,DH82,DE HAVILLAND DH-82 Tiger Moth,L1P,L
402087,G-BKVG,SF25,SCHEIBE SF-25 Falke,L1P,L
402987,G-BNSZ,P28A,PIPER PA-28-140/150/160/180,L1P,L
402C87,G-BULL,BDOG,BRITISH AEROSPACE SA-3 Bulldog,L1P,L
402F87,G-BRKY,DFLY,VIKING Dragonfly,L1P,L
403087,G-MWDN,ULAC,,L0-,-
403287,G-HIGA,C172,CESSNA 172 Skyhawk,L1P,L
403387,G-BTDI,R22,ROBINSON R-22 Mariner,H1P,L
403587,G-MYSL,ULAC,,L0-,-
403787,G-CHER,PA38,PIPER PA-38 Tomahawk,L1P,L
403987,G-BVSS,D150,JODEL D-150 Mascaret,L1P,L
403C87,G-MZCV,ULAC,,L0-,-
403D87,G-MZFY,COY2,RANS Coyote 2,L1P,L
403E87,G-NOTE,P28A,PIPER PA-28-140/150/160/180,L1P,L
404187,G-DLUX,EC20,AIRBUS HELICOPTERS EC-120,H1T,L
404287,G-MRAM,ULAC,,L0-,-
404987,G-IIXI,E300,EXTRA EA-300/330/350,L1P,L
404C87,G-CDDW,AP22,AEROPRACT A-22,L1P,L
404D87,G-PIPI,ULAC,,L0-,-
404E87,G-RVAC,RV7,VANS RV-7,L1P,L
404F87,G-CVII,RODS,RIHN One Design,L1P,L
405687,G-CWEB,ULAC,,L0-,-
405887,G-DETZ,GLID,,L0-,-
405987,G-CFCI,C172,CESSNA 172 Skyhawk,L1P,L
405A87,G-ODCH,GLID,,L0-,-
405B87,G-CJVV,GLID,,L0-,-
405D87,G-DCZU,GLID,,L0-,-
406287,G-HAYY,CRUZ,CSA PS-28 Cruiser,L1P,L
406487,G-CGUY,CDUS,AUTOGYRO Calidus,G1P,L
406687,G-CHHI,RV7,VANS RV-7,L1P,L
406787,G-CHGI,BT36,BEECH B36TC Bonanza,L1P,L
406887,G-SAXL,DUOD,SCHEMPP-HIRTH Duo Discus,L1P,L
406987,G-ENAA,SPIT,SUPERMARINE Spitfire,L1P,L
406A87,G-CIFO,EFOX,AEROPRO Eurofox,L1P,L
406B87,G-RVSK,RV9,VANS RV-9,L1P,L
406D87,G-FCTK,DH82,DE HAVILLAND DH-82 Tiger Moth,L1P,L
406F87,G-JZHF,B738,BOEING 737-800,L2J,M
407087,G-KLTB,BALL,,B0-,-
407187,G-CLTA,GLID,,L0-,-
407287,G-MSOF,C172,CESSNA 172 Skyhawk,L1P,L
407387,G-NJNH,R66,ROBINSON R-66,H1T,L
407487,G-KENA,BALL,,B0-,-
407687,G-UZHS,A20N,AIRBUS A-320neo,L2J,M
407787,G-VBBA,BALL,,B0-,-
407B87,G-GGBD,P32R,PIPER PA-32R-300/301/301T,L1P,L
407C87,G-CMBO,AP32,AEROPRACT A-32,L1P,L
424187,VP-CXM,A320,AIRBUS A-320,L2J,M
424B87,M-ABNI,A320,AIRBUS A-320,L2J,M
43C287,XW204,PUMA,AEROSPATIALE SA-330 Puma,H2T,L
43C487,ZJ807,EUFI,EUROFIGHTER 2000,L2J,M
43C687,ZF293,TUCA,EMBRAER EMB-312 Tucano,L1T,L
43C887,WK049,DRON,,D0-,-
43E887,M-MNCC,FA7X,DASSAULT Falcon 7X,L3J,M
43EA87,M-MAXX,GLEX,BOMBARDIER BD-700 Global 6000/6500,L2J,M
43EC87,2-GPIB,AT75,ATR-72-500,L2T,M
440287,OE-KSF,P28U,PIPER PA-28RT-201T Turbo,L1P,L
440387,OE-ASK,C150,CESSNA 150,L1P,L
440487,OE-CLL,RV9,VANS RV-9,L1P,L
440687,OE-LUA,CL60,BOMBARDIER CL-600 Challenger,L2J,M
440B87,OE-GLI,C56X,CESSNA 560XL Citation XLS,L2J,M
440C87,OE-GCK,PC24,PILATUS PC-24,L2J,M
44B587,OO-MLG,C56X,CESSNA 560XL Citation XLS,L2J,M
44CE87,OO-STG,C421,CESSNA 421 Executive Commuter,L2P,L
44E487,OO-YDG,GLID,,L0-,-
44F187,FA-127,F16,GENERAL DYNAMICS F-16 Fighting Falcon,L1J,M
44F687,CT-07,A400,AIRBUS A-400M,L4T,H
451D87,LZ-BHG,A320,AIRBUS A-320,L2J,M
452087,LZ-BHM,A320,AIRBUS A-320,L2J,M
459487,OY-EDG,C182,CESSNA 182 Skylane,L1P,L
45B187,OY-LLG,CL60,BOMBARDIER CL-600 Challenger,L2J,M
45F087,OY-9486,SVNH,AEROTEC Savannah,L1P,L
462187,OH-MSD,DA40,DIAMOND DA-40 Club Star,L1P,L
468687,SX-ATG,TB20,SOCATA TB-20 Trinidad,L1P,L
471F87,HA-LYL,A320,AIRBUS A-320,L2J,M
477F87,27,Z42,ZLIN Z-42/142/242,L1P,L
478087,LN-ONH,S92,SIKORSKY S-92 Helibus,H2T,M
478387,LN-RKI,A321,AIRBUS A-321,L2J,M
478687,LN-AAC,P28A,PIPER PA-28-140/150/160/180,L1P,L
478787,LN-TFK,C172,CESSNA 172 Skyhawk,L1P,L
47BB87,LN-RGK,B736,BOEING 737-600,L2J,M
484087,PJ-WIQ,DHC6,DE HAVILLAND DHC-6 Twin Otter,L2T,L
484587,PH-WRW,EC20,AIRBUS HELICOPTERS EC-120,H1T,L
484787,PH-742,DG40,DG FLUGZEUGBAU DG-400,L1P,L
484A87,PH-SIR,C172,CESSNA 172 Skyhawk,L1P,L
484B87,PH-VNL,BALL,,B0-,-
484E87,PH-911,GLID,,L0-,-
484F87,PH-4E5,ULAC,,L0-,-
485187,PH-ZZR,PNR3,ALPI Pioneer 330,L1P,L
485487,PH-1ZV,ZZZZ,,-0-,-
485587,PH-2FB,ZZZZ,,-0-,-
485687,PH-2RN,ZZZZ,,-0-,-
489787,SP-LDG,E170,EMBRAER ERJ-170-100,L2J,M
48A587,SP-KMH,C152,CESSNA 152,L1P,L
48A687,SP-KWH,DV20,DIAMOND DA-20,L1P,L
48AD87,SP-LMH,E190,EMBRAER ERJ-190-100,L2J,M
48C287,SP-RWH,AAT3,AERO AT-3,L1P,L
48CA87,SP-TWH,TOBA,SOCATA Tobago,L1P,L
48D287,SP-WWH,C152,CESSNA 152,L1P,L
48D887,4047,F16,GENERAL DYNAMICS F-16 Fighting Falcon,L1J,M
48FD87,SP-SAMH,AP32,AEROPRACT A-32,L1P,L
491087,CS-DDG,AC11,NORTH AMERICAN ROCKWELL Commander 112/114,L1P,L
491187,CS-DLG,F2TH,DASSAULT Falcon 2000,L2J,M
491D87,CS-GLG,GLEX,BOMBARDIER BD-700 Global 6000/6500,L2J,M
493287,CS-LTG,C68A,CESSNA 680 Citation Latitude,L2J,M
495287,CS-TTG,A319,AIRBUS A-319,L2J,M
498487,0453,C295,CASA C-295 Persuader,L2T,M
49D087,OK-DSA,EC35,AIRBUS HELICOPTERS EC-135/635,H2T,L
49D187,OK-JID,AN2,ANTONOV An-2,L1P,L
49D287,OK-TVV,B738,BOEING 737-800,L2J,M
49D387,OK-PHO,E55P,EMBRAER EMB-505 Phenom 300,L2J,M
4A0687,YR-ATG,AT45,ATR-42-500,L2T,M
4A4E87,YR-STG,DA50,DIAMOND DA-50 Magnum,L1P,L
4A8187,84007,C130,LOCKHEED C-130 Hercules,L4T,M
4AA487,SE-IDG,P28A,PIPER PA-28-140/150/160/180,L1P,L
4AA587,SE-ILG,P28A,PIPER PA-28-140/150/160/180,L1P,L
4AAA87,SE-JTG,AS50,AEROSPATIALE AS-350 Ecureuil,H1T,L
4AB487,SE-MDG,FDCT,FLIGHT DESIGN CT,L1P,L
4AB587,SE-MLG,PC12,PILATUS PC-12,L1T,L
4ACA87,SE-RTG,B38M,BOEING 737 MAX 8,L2J,M
4AD687,SE-UTG,DUOD,SCHEMPP-HIRTH Duo Discus,L1P,L
4AE287,SE-XTG,D18,JODEL D-18/19/20,L1P,L
4B0087,HB-AFF,AT43,ATR-42-300,L2T,M
4B0887,HB-DFZ,M20T,MOONEY M-20T,L1P,L
4B1887,HB-JHN,A333,AIRBUS A-330-300,L2J,H
4B1987,HB-JRJ,GL5T,BOMBARDIER BD-700 Global 5000/5500,L2J,M
4B1B87,HB-KLB,DR40,ROBIN DR-400,L1P,L
4B2B87,HB-QMP,BALL,,B0-,-
4B2C87,HB-QWL,BALL,,B0-,-
4B3987,HB-VUL,PC24,PILATUS PC-24,L2J,M
4B4487,HB-ZYT,R66,ROBINSON R-66,H1T,L
4B4E87,HB-2528,ARCP,SCHEMPP-HIRTH Arcus M,L1P,L
4B5187,HB-3296,DUOD,SCHEMPP-HIRTH Duo Discus,L1P,L
4B7F87,J-5019,F18H,BOEING FA-18 HORNET,L2J,M
4B8587,TC-ALG,GLF5,GULFSTREAM 5,L2J,M
4B8687,TC-ATG,E135,EMBRAER ERJ-135,L2J,M
4B8A87,TC-BTG,BALL,,B0-,-
4B8D87,TC-CLG,H25B,HAWKER BEECHCRAFT Hawker 750/850,L2J,M
4B9A87,TC-FTG,F900,DASSAULT Falcon 900,L3J,M
4B9C87,TC-GDG,PA44,PIPER PA-44 Seminole,L2P,L
4BA187,TC-HLG,KA27,KAMOV Ka-252,H2T,M
4BAA87,TC-JTG,A321,AIRBUS A-321,L2J,M
4BB187,TC-LLG,B789,BOEING 787-9 Dreamliner,L2J,H
4BB287,TC-LTG,A21N,AIRBUS A-321neo,L2J,M
4BD187,TC-TLG,B738,BOEING 737-800,L2J,M
4C8087,5B-DDL,A320,AIRBUS A-320,L2J,M
4CA987,EI-ISD,B772,BOEING 777-200,L2J,H
4CAB87,EI-GUD,A319,AIRBUS A-319,L2J,M
4CAC87,EI-IFP,B38M,BOEING 737 MAX 8,L2J,M
4CAD87,EI-SIS,A20N,AIRBUS A-320neo,L2J,M
4CC087,TWR,TWR,,T0-,-
4D0287,LX-HMD,EXPL,MCDONNELL-DOUGLAS MD-900 Explorer,H2T,L
4D2287,9H-QDO,B738,BOEING 737-800,L2J,M
4D2387,9H-VUZ,B38M,BOEING 737 MAX 8,L2J,M
500187,T7-MGU,AS65,AEROSPATIALE AS-365 Dauphin 2,H2T,L
503C87,LY-ARI,AT43,ATR-42-300,L2T,M
505E87,OM-ATG,A109,AGUSTA AW-109 Grand,H2T,L
505F87,0845,MI8,MIL Mi-8/9/17/19/171/172,H2T,M
507F87,UK-76428,IL76,ILYUSHIN Il-76/82,L4J,H
508387,UR-PSU,B738,BOEING 737-800,L2J,M
683087,UP-C8502,CRJ2,BOMBARDIER Regional Jet CRJ-200,L2J,M
702087,S2-AJT,B788,BOEING 787-8 Dreamliner,L2J,H
704E87,XY-AJJ,AT76,ATR-72-600,L2T,M
710387,HZ-129,C130,LOCKHEED C-130 Hercules,L4T,M
718A87,HL1287,C206,CESSNA  206 Stationair,L1P,L
71BD87,HL7587,A333,AIRBUS A-330-300,L2J,H
71C087,HL8087,B738,BOEING 737-800,L2J,M
71C387,HL8387,B789,BOEING 787-9 Dreamliner,L2J,H
730687,EP-ATG,F100,FOKKER 100,L2J,M
732687,EP-ITG,AT76,ATR-72-600,L2T,M
733487,EP-MDG,MD82,MCDONNELL-DOUGLAS MD-82,L2J,M
734987,4X-CGR,C152,CESSNA 152,L1P,L
738287,4X-ABS,A320,AIRBUS A-320,L2J,M
739487,4X-HYB,SIRA,TECNAM P-2002 Sierra,L1P,L
739587,4X-GEQ,DUOD,SCHEMPP-HIRTH Duo Discus,L1P,L
743587,1170,PC21,PILATUS PC-21,L1T,L
750287,9M-AQH,A320,AIRBUS A-320,L2J,M
758087,RP-C8610,A320,AIRBUS A-320,L2J,M
761487,AP-EDG,A320,AIRBUS A-320,L2J,M
763987,4282,C130,LOCKHEED C-130 Hercules,L4T,M
780087,B-2526,B733,BOEING 737-300,L2J,M
780287,B-7941,C172,CESSNA 172 Skyhawk,L1P,L
780487,B-6355,A321,AIRBUS A-321,L2J,M
780587,B-5261,B737,BOEING 737-700,L2J,M
780687,B-5538,B738,BOEING 737-800,L2J,M
780787,B-5607,B738,BOEING 737-800,L2J,M
780B87,B-9967,A321,AIRBUS A-321,L2J,M
780C87,B-1990,B738,BOEING 737-800,L2J,M
780D87,B-1768,B738,BOEING 737-800,L2J,M
780E87,B-10CD,K100,DAHER Kodiak 100,L1T,L
780F87,B-8418,A320,AIRBUS A-320,L2J,M
781087,B-8648,A321,AIRBUS A-321,L2J,M
781187,B-3693,PA44,PIPER PA-44 Seminole,L2P,L
781387,B-1277,B738,BOEING 737-800,L2J,M
781487,B-007M,A20N,AIRBUS A-320neo,L2J,M
781587,B-304E,A320,AIRBUS A-320,L2J,M
781687,B-20A9,B738,BOEING 737-800,L2J,M
781787,B-7917,C172,CESSNA 172 Skyhawk,L1P,L
781987,B-70Y6,R44,ROBINSON R-44 Raven,H1P,L
781A87,B-3825,Y12,HARBIN Y-12E Harbinger,L2T,L
781B87,B-323Q,A21N,AIRBUS A-321neo,L2J,M
781C87,B-326J,A20N,AIRBUS A-320neo,L2J,M
7A4287,20049,Y20,XIAN Kunpeng,L4J,H
7C0387,VH-AZD,A37,Cessna 318 Dragonfly,L2J,L
7C0D87,VH-CYH,H269,HUGHES Sky Knight,H1P,L
7C1687,VH-EQH,DA40,DIAMOND DA-40 Club Star,L1P,L
7C1987,VH-FBT,SR22,CIRRUS SR-22,L1P,L
7C1A87,VH-FIX,B350,BEECHCRAFT Super King Air 350,L2T,M
7C2387,VH-HAX,C172,CESSNA 172 Skyhawk,L1P,L
7C3087,VH-JVD,PA31,PIPER PA-31-300/310/325/350/425,L2P,L
7C3487,VH-KNT,PA30,PIPER PA-30 Twin Comanche,L2P,L
7C3A87,VH-LUH,C172,CESSNA 172 Skyhawk,L1P,L
7C4487,VH-NTL,JS32,BRITISH AEROSPACE Jetstream Super 31,L2T,M
7C4C87,VH-PEH,C402,CESSNA 402 Businessliner,L2P,L
7C4D87,VH-PLL,C150,CESSNA 150,L1P,L
7C5787,VH-RKP,CH30,ZENAIR CH-300 Tri-Zenith,L1P,L
7C5D87,VH-SRD,PA22,PIPER PA-22,L1P,L
7C5E87,VH-SYH,C172,CESSNA 172 Skyhawk,L1P,L
7C6087,VH-TCP,PC12,PILATUS PC-12,L1T,L
7C6287,VH-TQX,DH8B,DE HAVILLAND DHC-8-200 Dash 8,L2T,M
7C6887,VH-UXL,RELI,STINSON Reliant,L1P,L
7C7187,VH-WPL,C172,CESSNA 172 Skyhawk,L1P,L
7C7A87,VH-YHL,DA40,DIAMOND DA-40 Club Star,L1P,L
7C7B87,VH-YOP,C172,CESSNA 172 Skyhawk,L1P,L
7C7C87,VH-YVT,R22,ROBINSON R-22 Mariner,H1P,L
7C8187,VH-ZVD,AS50,AEROSPATIALE AS-350 Ecureuil,H1T,L
7CC487,24-1912,WACO,WACO E/O,L1P,L
7CF887,A40-024,NH90,NHI NH-90,H2T,M
7CFA87,A43-632,FFLO,,D0-,-
800187,VT-BSF,E35L,EMBRAER EMB-135 Legacy,L2J,M
800287,H1512,A748,AVRO 748,L2T,M
800B87,VT-RNK,A119,AGUSTA AW-119 Koala,H1T,L
800C87,VT-CIO,A20N,AIRBUS A-320neo,L2J,M
800D87,VT-IJB,A20N,AIRBUS A-320neo,L2J,M
840587,JA01GR,B738,BOEING 737-800,L2J,M
856B87,JA4167,BE36,BEECH 36 Bonanza,L1P,L
85D387,JA555H,EC35,AIRBUS HELICOPTERS EC-135/635,H2T,L
85DF87,JA58HD,DISC,SCHEMPP-HIRTH Discus,L1P,L
868E87,JA777M,PA46,PIPER PA-46-310/350,L1P,L
886287,HS-XTG,A333,AIRBUS A-330-300,L2J,H
888187,VN-A872,B78X,BOEING 787-10 Dreamliner,L2J,H
894087,701,C30J,LOCKHEED MARTIN C-130J Super Hercules,L4T,M
896187,A6-EEH,A388,AIRBUS A-380-800,L4J,H
896487,A6-FHG,A169,AGUSTA AW-169,H2T,L
896587,A6-ATE,A21N,AIRBUS A-321neo,L2J,M
8A0087,PK-JBK,B350,BEECHCRAFT Super King Air 350,L2T,M
8A0287,PK-LHU,B739,BOEING 737-900,L2J,M
8A0387,PK-CLK,B735,BOEING 737-500,L2J,M
8A0487,PK-LOR,B738,BOEING 737-800,L2J,M
8A0987,PK-TLD,A320,AIRBUS A-320,L2J,M
A00187,N1RP,GLF5,GULFSTREAM 5,L2J,M
A00387,N10N,C195,CESSNA 195,L1P,L
A00687,N100US,SONX,SONEX AIRCRAFT Sonex,L1P,L
A00887,N101BC,BL8,BELLANCA 8 Decathlon,L1P,L
A00987,N101MJ,C150,CESSNA 150,L1P,L
A00B87,N1015W,BE55,BEECH 55 Baron,L2P,L
A00C87,N102EA,P32R,PIPER PA-32R-300/301/301T,L1P,L
A01187,N103TE,DHC2,DE HAVILLAND DHC-2 Beaver,L1P,L
A01387,N10392,GLID,,L0-,-
A01787,N105CP,BALL,,B0-,-
A01B87,N106FM,P28A,PIPER PA-28-140/150/160/180,L1P,L
A01C87,N106RT,RV6,VANS RV-6,L1P,L
A01D87,N1061P,T206,CESSNA T206 Turbo Stationair,L1P,L
A02187,N1073S,BE58,BEECH 58 Baron,L2P,L
A02287,N108BB,,,,
A02387,N108MH,MAGN,AVID Magnum,L1P,L
A02887,N1090M,C182,CESSNA 182 Skylane,L1P,L
A02987,N1097Y,C172,CESSNA 172 Skyhawk,L1P,L
A02A87,N11GY,SA30,STOLP Starduster Too,L1P,L
A02B87,N11TD,PA23,PIPER PA-23,L2P,L
A02F87,N1107G,C172,CESSNA 172 Skyhawk,L1P,L
A03087,N111GG,C182,CESSNA 182 Skylane,L1P,L
A03187,N111SN,P32R,PIPER PA-32R-300/301/301T,L1P,L
A03287,N11119,E45X,EMBRAER ERJ-145XR,L2J,M
A03387,N1119K,HA4T,RAYTHEON 4000 Hawker Horizon,L2J,M
A03687,N1124B,C182,CESSNA 182 Skylane,L1P,L
A03A87,N1136E,CH7A,BELLANCA 7 Champion,L1P,L
A03C87,N114RA,PA11,PIPER PA-11 Cub Special,L1P,L
A03D87,N11407,C150,CESSNA 150,L1P,L
A03E87,N1148H,AR15,AERONCA 15 Sedan,L1P,L
A04287,N116AK,C180,CESSNA  180 Skywagon,L1P,L
A04687,N117DH,MAME,BLUE YONDER Merlin,L1P,L
A04987,N1177F,C172,CESSNA 172 Skyhawk,L1P,L
A04A87,N118GF,P337,CESSNA P337 Skymaster,L2P,L
A04B87,N118SM,PA18,PIPER PA-18 Super Cub,L1P,L
A04D87,N1189J,VO10,NORTH AMERICAN ROCKWELL Commander 100,L1P,L
A05087,N1194A,BE36,BEECH 36 Bonanza,L1P,L
A05187,N12BW,RV7,VANS RV-7,L1P,L
A05487,N120JN,C120,CESSNA 120,L1P,L
A05787,N121BE,BE35,BEECH 35 Starfire Bonanza,L1P,L
A05A87,N1215Y,C150,CESSNA 150,L1P,L
A05F87,N123HA,C172,CESSNA 172 Skyhawk,L1P,L
A06087,N123TG,,,,
A06187,N1232T,P28A,PIPER PA-28-140/150/160/180,L1P,L
A06287,N12394,C172,CESSNA 172 Skyhawk,L1P,L
A06B87,N126RV,RV4,VANS RV-4,L1P,L
A06C87,N1261R,BL17,BELLANCA 17 Viking,L1P,L
A06D87,N12682,C172,CESSNA 172 Skyhawk,L1P,L
A06E87,N127JM,C550,CESSNA 550 Citation S2,L2J,L
A07087,N1273U,C172,CESSNA 172 Skyhawk,L1P,L
A07187,N128BD,GLST,GLASAIR SH-4 GlaStar,L1P,L
A07887,N12970,C172,CESSNA 172 Skyhawk,L1P,L
A07987,N13H,DSA1,SMITH DSA-1 Miniplane,L1P,L
A07C87,N130PS,AVID,AVID Flyer,L1P,L
A08187,N1312A,PA18,PIPER PA-18 Super Cub,L1P,L
A08B87,N134RC,BL8,BELLANCA 8 Decathlon,L1P,L
A08D87,N1348K,L8,LUSCOMBE 8,L1P,L
A09087,N1353B,L8,LUSCOMBE 8,L1P,L
A09187,N136AM,BE36,BEECH 36 Bonanza,L1P,L
A09787,N137ZX,PARA,,P0-,-
A09887,N1377H,P28A,PIPER PA-28-140/150/160/180,L1P,L
A09A87,N138SP,C750,CESSNA 750 Citation 10,L2J,M
A09D87,N139KF,FOX,KITFOX,L1P,L
A09E87,N139VM,L39,LET L-39 Albatros,L1J,L
A0A187,N14ND,FOX,KITFOX,L1P,L
A0A587,N1403X,PA32,PIPER PA-32,L1P,L
A0AA87,N142EE,P46T,PIPER PA-46-500TP,L1T,L
A0AC87,N1420S,C182,CESSNA 182 Skylane,L1P,L
A0AF87,N143TJ,DA40,DIAMOND DA-40 Club Star,L1P,L
A0B087,N1432V,J3,PIPER J-3 Cub,L1P,L
A0B187,N14396,B14A,BELLANCA 14,L1P,L
A0B287,N144LA,PULS,Pulsar,L1P,L
A0B387,N144WG,PA11,PIPER PA-11 Cub Special,L1P,L
A0B487,N1444Y,C172,CESSNA 172 Skyhawk,L1P,L
A0B587,N145CT,FDCT,FLIGHT DESIGN CT,L1P,L
A0B887,N14561,BALL,,B0-,-
A0BB87,N1461T,P28A,PIPER PA-28-140/150/160/180,L1P,L
A0BC87,N14684,WACC,WACO C/S,L1P,L
A0C087,N148BF,CRUZ,CSA PS-28 Cruiser,L1P,L
A0C687,N1490R,,,,
A0C887,N15HB,T6,NORTH AMERICAN T-6 Texan,L1P,L
A0C987,N15TH,H500,HUGHES 500,H1T,L
A0CC87,N1500,CL60,BOMBARDIER CL-600 Challenger,L2J,M
A0CD87,N1507L,BALL,,B0-,-
A0CF87,N151SS,GLID,,L0-,-
A0D087,N1512C,C180,CESSNA  180 Skywagon,L1P,L
A0D887,N1536J,P28A,PIPER PA-28-140/150/160/180,L1P,L
A0DC87,N1548M,L5,STINSON Sentinel,L1P,L
A0E487,N157DM,,,,
A0E687,N157ZZ,C82S,CESSNA T182 Turbo Skylane,L1P,L
A0E987,N158SR,RV4,VANS RV-4,L1P,L
A0EC87,N159KH,P180,PIAGGIO P-180 Avanti,L2T,L
A0EF87,N16C,DSA1,SMITH DSA-1 Miniplane,L1P,L
A0F087,N16NF,F900,DASSAULT Falcon 900,L3J,M
A0F587,N161BJ,P28A,PIPER PA-28-140/150/160/180,L1P,L
A0F887,N16152,C150,CESSNA 150,L1P,L
A0FF87,N1632X,H269,HUGHES Sky Knight,H1P,L
A10087,N16398,P28A,PIPER PA-28-140/150/160/180,L1P,L
A10387,N16440,P28B,PIPER PA-28-201T/235/236,L1P,L
A10587,N165PA,GLF2,GULFSTREAM 2,L2J,M
A10A87,N1661V,C140,CESSNA 140,L1P,L
A10B87,N16686,PA11,PIPER PA-11 Cub Special,L1P,L
A10C87,N167JR,BE9L,BEECH 90 King Air,L2T,L
A10E87,N1673Y,C172,CESSNA 172 Skyhawk,L1P,L
A10F87,N168BH,AS50,AEROSPATIALE AS-350 Ecureuil,H1T,L
A11087,N168MP,SR22,CIRRUS SR-22,L1P,L
A11587,N1690T,P28A,PIPER PA-28-140/150/160/180,L1P,L
A11787,N17HD,P32R,PIPER PA-32R-300/301/301T,L1P,L
A11887,N17TK,BE60,BEECH 60 Duke,L2P,L
A11B87,N1700B,BE35,BEECH 35 Starfire Bonanza,L1P,L
A11E87,N171SU,S22T,CIRRUS SR-22T Turbo,L1P,L
A11F87,N1712E,CH7A,BELLANCA 7 Champion,L1P,L
A12487,N173CC,TAYD,TAYLORCRAFT DC/DF/DL,L1P,L
A12787,N1736L,C82T,CESSNA TR182 Turbo Skylane RG,L1P,L
A12A87,N1741C,C180,CESSNA  180 Skywagon,L1P,L
A12B87,N1748P,PA22,PIPER PA-22,L1P,L
A13287,N1765J,P28A,PIPER PA-28-140/150/160/180,L1P,L
A13387,N177DP,BOLT,STEEN Skybolt,L1P,L
A13687,N1777M,GLF6,GULFSTREAM G650,L2J,M
A13F87,N18NH,T18,THORP Tiger,L1P,L
A14287,N180V,C180,CESSNA  180 Skywagon,L1P,L
A14587,N181MS,T18,THORP Tiger,L1P,L
A14887,N182EJ,C182,CESSNA 182 Skylane,L1P,L
A14A87,N1820W,BE77,BEECH 77 Skipper,L1P,L
A14F87,N184,P337,CESSNA P337 Skymaster,L2P,L
A15187,N184WL,PA18,PIPER PA-18 Super Cub,L1P,L
A15287,N18442,RELI,STINSON Reliant,L1P,L
A15387,N185CX,C185,CESSNA 185 Skywagon,L1P,L
A15687,N18565,C150,CESSNA 150,L1P,L
A15887,N186SA,M7,MAULE M-7,L1P,L
A15987,N1861X,C182,CESSNA 182 Skylane,L1P,L
A15A87,N18688,FA24,FAIRCHILD F-24 Argus,L1P,L
A15F87,N188MR,E50P,EMBRAER EMB-500 Phenom 100,L2J,L
A16287,N189EH,A189,AGUSTA AW-189,H2T,M
A16787,N19TM,AA5,AMERICAN AA-5 Tiger,L1P,L
A16B87,N1907Q,C77R,CESSNA 177RG Cardinal RG,L1P,L
A16D87,N191SW,,,,
A17287,N1924K,L8,LUSCOMBE 8,L1P,L
A17687,N1936N,PA18,PIPER PA-18 Super Cub,L1P,L
A17887,N194RJ,P28A,PIPER PA-28-140/150/160/180,L1P,L
A17987,N1941E,ST75,STEARMAN Kaydet,L1P,L
A17A87,N1948R,ULAC,,L0-,-
A17B87,N195JA,C195,CESSNA 195,L1P,L
A17D87,N1953H,PA32,PIPER PA-32,L1P,L
A17E87,N196AT,GLF5,GULFSTREAM 5,L2J,M
A18187,N1965L,LJ24,LEARJET 24,L2J,L
A18587,N1977P,PA18,PIPER PA-18 Super Cub,L1P,L
A18A87,N199KM,BE35,BEECH 35 Starfire Bonanza,L1P,L
A18B87,N199VT,BE20,BEECH 200 Super King Air,L2T,M
A18F87,N2YR,T206,CESSNA T206 Turbo Stationair,L1P,L
A19087,N20JW,BE95,BEECH 95 Travel Air,L2P,L
A19187,N20VB,AS20,SCHLEICHER ASW-20,L1P,L
A19287,N200FG,PA18,PIPER PA-18 Super Cub,L1P,L
A19487,N2001J,TF19,TAYLORCRAFT F-19 Sportsman,L1P,L
A19587,N2008V,C120,CESSNA 120,L1P,L
A19687,N201JE,M20P,MOONEY M-20,L1P,L
A19A87,N202MC,T206,CESSNA T206 Turbo Stationair,L1P,L
A19C87,N2025Q,C77R,CESSNA 177RG Cardinal RG,L1P,L
A1A087,N2037T,GLID,,L0-,-
A1A387,N2042K,L8,LUSCOMBE 8,L1P,L
A1A487,N2049W,BE35,BEECH 35 Starfire Bonanza,L1P,L
A1A787,N2054N,BE35,BEECH 35 Starfire Bonanza,L1P,L
A1A887,N206CH,B06,BELL 206 JetRanger,H1T,L
A1AB87,N2066R,EXEC,ROTORWAY Exec,H1P,L
A1AE87,N2071H,VP2,EVANS Volksplane,L1P,L
A1AF87,N2078U,SBOY,INTERPLANE Skyboy,L1P,L
A1B287,N2083L,BE35,BEECH 35 Starfire Bonanza,L1P,L
A1B387,N209AW,G150,GULFSTREAM G150,L2J,M
A1B687,N2095P,PA23,PIPER PA-23,L2P,L
A1BA87,N210LL,,,,
A1BB87,N210WS,C210,CESSNA 201 Centurion,L1P,L
A1BD87,N211DC,P28B,PIPER PA-28-201T/235/236,L1P,L
A1BE87,N211PJ,HDJT,HONDA HondaJet,L2J,L
A1C187,N212GA,BE20,BEECH 200 Super King Air,L2T,M
A1C287,N212SG,,,,
A1C387,N21213,BALL,,B0-,-
A1C487,N2129D,C182,CESSNA 182 Skylane,L1P,L
A1C787,N21336,AR50,AERONCA 50 Chief,L1P,L
A1C887,N214BR,SR22,CIRRUS SR-22,L1P,L
A1CB87,N21459,P32R,PIPER PA-32R-300/301/301T,L1P,L
A1CE87,N21501,C182,CESSNA 182 Skylane,L1P,L
A1D087,N216HM,,,,
A1D287,N21624,C82T,CESSNA TR182 Turbo Skylane RG,L1P,L
A1D787,N218DB,FDCT,FLIGHT DESIGN CT,L1P,L
A1DA87,N2187,DRON,,D0-,-
A1DE87,N2199C,C310,CESSNA 310,L2P,L
A1DF87,N22JY,BE60,BEECH 60 Duke,L2P,L
A1E387,N2201L,BE35,BEECH 35 Starfire Bonanza,L1P,L
A1E787,N2213P,P28A,PIPER PA-28-140/150/160/180,L1P,L
A1E887,N222AZ,COY2,RANS Coyote 2,L1P,L
A1E987,N222ME,AC68,AERO Commander 680,L2P,L
A1EA87,N222XL,C185,CESSNA 185 Skywagon,L1P,L
A1EB87,N2225S,PA32,PIPER PA-32,L1P,L
A1EE87,N2230J,C150,CESSNA 150,L1P,L
A1F287,N2242M,J3,PIPER J-3 Cub,L1P,L
A1F387,N2249Y,C177,CESSNA  177 Cardinal,L1P,L
A1F487,N225KT,M20P,MOONEY M-20,L1P,L
A1F787,N226CK,FA20,DASSAULT Falcon 200,L2J,M
A1F887,N226NR,AS55,AEROSPATIALE AS-355 Ecureuil 2,H2T,L
A1FA87,N2266T,ULAC,,L0-,-
A1FC87,N227RP,MONI,MONNETT Moni,L1P,L
A1FD87,N2271K,L8,LUSCOMBE 8,L1P,L
A20587,N2295R,T210,CESSNA T210 Turbo Centurion,L1P,L
A20D87,N231PL,M20P,MOONEY M-20,L1P,L
A21087,N232GC,BE50,BEECH 50 Excalibur,L2P,L
A21287,N23215,T206,CESSNA T206 Turbo Stationair,L1P,L
A21F87,N236HP,BE36,BEECH 36 Bonanza,L1P,L
A22287,N237AF,LJ35,LEARJET 35,L2J,M
A22387,N237LM,NG5,BRM AERO NG-5/6 Bristell,L1P,L
A22487,N237WT,PA18,PIPER PA-18 Super Cub,L1P,L
A22987,N2387B,GC1,GLOBE Swift,L1P,L
A22B87,N239SH,EC30,AIRBUS HELICOPTERS EC-130,H1T,L
A22E87,N24K,C210,CESSNA 201 Centurion,L1P,L
A22F87,N24VF,,,,
A23087,N240FL,H500,HUGHES 500,H1T,L
A23187,N240RS,R44,ROBINSON R-44 Raven,H1P,L
A23287,N2401N,C120,CESSNA 120,L1P,L
A23687,N2413R,NAVI,NORTH AMERICAN Navion,L1P,L
A23787,N242BA,DRON,,D0-,-
A23887,N242MG,R44,ROBINSON R-44 Raven,H1P,L
A23D87,N2430L,C172,CESSNA 172 Skyhawk,L1P,L
A23E87,N2437X,C182,CESSNA 182 Skylane,L1P,L
A24087,N244TC,BALL,,B0-,-
A24687,N246CM,SR22,CIRRUS SR-22,L1P,L
A24987,N2466V,C172,CESSNA 172 Skyhawk,L1P,L
A24B87,N247RR,CRER,RANS Courier,L1P,L
A24D87,N2478Y,C172,CESSNA 172 Skyhawk,L1P,L
A24E87,N248JH,BE10,BEECH 100 King Air,L2T,L
A25087,N2483Q,C182,CESSNA 182 Skylane,L1P,L
A25187,N249B,LEG2,LANCAIR Legacy,L1P,L
A25487,N2495T,P28A,PIPER PA-28-140/150/160/180,L1P,L
A25987,N250WW,DISC,SCHEMPP-HIRTH Discus,L1P,L
A25A87,N2505B,FB1A,BOWERS Fly Baby 1A,L1P,L
A26187,N25217,ULAC,,L0-,-
A26987,N2546C,C170,CESSNA 170,L1P,L
A26A87,N255ET,PA18,PIPER PA-18 Super Cub,L1P,L
A27087,N25628,L12,LOCKHEED L-12 Electra Junior,L2P,L
A27887,N2587D,PA38,PIPER PA-38 Tomahawk,L1P,L
A27D87,N26KB,ULAC,,L0-,-
A27E87,N26VH,R22,ROBINSON R-22 Mariner,H1P,L
A28187,N2601Q,C182,CESSNA 182 Skylane,L1P,L
A28287,N26081,J3,PIPER J-3 Cub,L1P,L
A28687,N262BC,SR20,CIRRUS SR-20,L1P,L
A28787,N262MJ,ST30,STAUDACHER S-330,L1P,L
A28987,N2625W,M20P,MOONEY M-20,L1P,L
A28A87,N263EA,BE36,BEECH 36 Bonanza,L1P,L
A29587,N266CP,ESCP,REALITY Escapade,L1P,L
A29C87,N26780,AA5,AMERICAN AA-5 Tiger,L1P,L
A2A087,N269BB,CH60,ZENAIR CH-600 Zodiac,L1P,L
A2A187,N269MH,,,,
A2A487,N27E,BE17,BEECH 17 Staggerwing,L1P,L
A2A987,N2705D,RV8,VANS RV-8,L1P,L
A2AA87,N271DJ,PC24,PILATUS PC-24,L2J,M
A2AD87,N2717G,C182,CESSNA 182 Skylane,L1P,L
A2AE87,N272GG,H47,BOEING-VERTOL CH-47 Chinook,H2T,M
A2B187,N2729K,RS12,RANS S-12 Super Airaile,L1P,L
A2B487,N2734B,C414,CESSNA 414 Chancellor,L2P,L
A2BC87,N2758H,ERCO,AIR PRODUCTS F-1 Aircoupe,L1P,L
A2BF87,N2763,SR22,CIRRUS SR-22,L1P,L
A2C087,N277AK,B739,BOEING 737-900,L2J,M
A2C787,N2787F,C182,CESSNA 182 Skylane,L1P,L
A2CA87,N27918,RV4,VANS RV-4,L1P,L
A2CC87,N28KD,SRAI,GREAT PLAINS Sonerai,L1P,L
A2D087,N2801S,C150,CESSNA 150,L1P,L
A2D187,N28083,J5,PIPER J-5 Cub Cruiser,L1P,L
A2D487,N2813V,BE35,BEECH 35 Starfire Bonanza,L1P,L
A2D887,N2825Y,C182,CESSNA 182 Skylane,L1P,L
A2DB87,N2830Q,C172,CESSNA 172 Skyhawk,L1P,L
A2DF87,N2842T,P28R,PIPER PA-28R-180/200/201,L1P,L
A2E087,N28494,L8,LUSCOMBE 8,L1P,L
A2E987,N287RV,RV7,VANS RV-7,L1P,L
A2EA87,N2871R,C182,CESSNA 182 Skylane,L1P,L
A2EB87,N28782,L8,LUSCOMBE 8,L1P,L
A2EE87,N2883U,C172,CESSNA 172 Skyhawk,L1P,L
A2F087,N289MK,P28A,PIPER PA-28-140/150/160/180,L1P,L
A2F287,N2895X,C177,CESSNA  177 Cardinal,L1P,L
A2F387,N29EB,BRAV,TECNAM P-2004 Bravo,L1P,L
A2F787,N290X,M5,MAULE M-5,L1P,L
A2F987,N291DL,AT3T,AIR TRACTOR AT-302/402,L1T,L
A2FA87,N291PS,PTS2,PITTS S-2 Special,L1P,L
A2FC87,N2917J,C150,CESSNA 150,L1P,L
A2FF87,N2922A,C180,CESSNA  180 Skywagon,L1P,L
A30087,N2929M,PA12,PIPER PA-12 Super Cruiser,L1P,L
A30387,N2934D,C170,CESSNA 170,L1P,L
A30A87,N29509,C177,CESSNA  177 Cardinal,L1P,L
A30B87,N2958K,C180,CESSNA  180 Skywagon,L1P,L
A30F87,N297AM,AP32,AEROPRACT A-32,L1P,L
A31687,N2987H,GLID,,L0-,-
A31887,N299SP,T206,CESSNA T206 Turbo Stationair,L1P,L
A31A87,N2999L,M20P,MOONEY M-20,L1P,L
A31C87,N3VM,PA31,PIPER PA-31-300/310/325/350/425,L2P,L
A31D87,N30FS,PA11,PIPER PA-11 Cub Special,L1P,L
A32087,N300NJ,CL30,BOMBARDIER BD-100 Challenger 300,L2J,M
A32287,N3006L,C310,CESSNA 310,L2P,L
A32487,N301RG,GLID,,L0-,-
A32587,N3011C,J4,PIPER J-4 Cub Coupe,L1P,L
A32987,N3023F,C182,CESSNA 182 Skylane,L1P,L
A32A87,N303AR,GLAS,Glasair,L1P,L
A32C87,N303XC,RV14,VANS RV-14,L1P,L
A33087,N3040A,PARA,,P0-,-
A33487,N3052D,PA44,PIPER PA-44 Seminole,L2P,L
A33C87,N3076K,S108,STINSON 108 Voyager,L1P,L
A33D87,N308F,,,,
A33F87,N3081B,C195,CESSNA 195,L1P,L
A34387,N3093E,C172,CESSNA 172 Skyhawk,L1P,L
A34587,N31LW,C500,CESSNA 500 Citation 1,L2J,L
A34887,N310TN,SR22,CIRRUS SR-22,L1P,L
A34987,N3102Z,ZZZZ,,-0-,-
A34A87,N311,ZZZZ,,-0-,-
A34B87,N311LE,,,,
A34F87,N312PC,PC12,PILATUS PC-12,L1T,L
A35387,N313SA,BE30,BEECH 300 Super King Air,L2T,L
A35487,N3131X,SF50,CIRRUS SF-50 Vision,L1J,L
A35587,N31388,PA32,PIPER PA-32,L1P,L
A35F87,N3160V,C150,CESSNA 150,L1P,L
A36087,N31676,AT3P,AIR TRACTOR AT-301/401,L1P,L
A36387,N3172Y,C182,CESSNA 182 Skylane,L1P,L
A36487,N31799,PA34,PIPER PA-34 Seneca,L2P,L
A36787,N31841,PA32,PIPER PA-32,L1P,L
A37187,N3206N,FOX,KITFOX,L1P,L
A37287,N321FC,ULAC,,L0-,-
A37487,N3211E,C172,CESSNA 172 Skyhawk,L1P,L
A37687,N322JA,BRAV,TECNAM P-2004 Bravo,L1P,L
A37987,N323AT,RV7,VANS RV-7,L1P,L
A37D87,N324DR,C510,CESSNA 510 Citation Mustang,L2J,L
A37F87,N3240C,BE35,BEECH 35 Starfire Bonanza,L1P,L
A38087,N3247P,B36T,BEECH 36 Turbine Bonanza,L1T,L
A38387,N3252F,M20P,MOONEY M-20,L1P,L
A38787,N3264J,C150,CESSNA 150,L1P,L
A38887,N327CD,RV7,VANS RV-7,L1P,L
A38A87,N327YR,P180,PIAGGIO P-180 Avanti,L2T,L
A38D87,N328RH,SR22,CIRRUS SR-22,L1P,L
A38E87,N3281D,C180,CESSNA  180 Skywagon,L1P,L
A38F87,N3288Q,PPRO,HUNTING P-56 Provost,L1P,L
A39387,N33AS,,,,
A39487,N33LY,,,,
A39C87,N33144,PA34,PIPER PA-34 Seneca,L2P,L
A3A187,N333FX,E55P,EMBRAER EMB-505 Phenom 300,L2J,M
A3A287,N333SC,ULAC,,L0-,-
A3A587,N334JV,BE18,BEECH 18 Expetitor,L2P,L
A3A787,N33432,P28A,PIPER PA-28-140/150/160/180,L1P,L
A3AB87,N33555,J3,PIPER J-3 Cub,L1P,L
A3AE87,N3360X,M20P,MOONEY M-20,L1P,L
A3B287,N33720,P28R,PIPER PA-28R-180/200/201,L1P,L
A3B587,N338WM,PA18,PIPER PA-18 Super Cub,L1P,L
A3B887,N339PD,SREY,PROGRESSIVE AERODYNE SeaRey,A1P,L
A3BA87,N33966,GLID,,L0-,-
A3C587,N342JC,SF34,SAAB 340,L2T,M
A3C987,N343MA,P32R,PIPER PA-32R-300/301/301T,L1P,L
A3CB87,N3435N,M20P,MOONEY M-20,L1P,L
A3D287,N3452H,ERCO,AIR PRODUCTS F-1 Aircoupe,L1P,L
A3D387,N3459U,C182,CESSNA 182 Skylane,L1P,L
A3D687,N3464L,T206,CESSNA T206 Turbo Stationair,L1P,L
A3DD87,N3481F,C182,CESSNA 182 Skylane,L1P,L
A3DE87,N3488S,C182,CESSNA 182 Skylane,L1P,L
A3DF87,N349JB,T6,NORTH AMERICAN T-6 Texan,L1P,L
A3E287,N35AU,BT36,BEECH B36TC Bonanza,L1P,L
A3E387,N35M,BE35,BEECH 35 Starfire Bonanza,L1P,L
A3E487,N35XF,BE35,BEECH 35 Starfire Bonanza,L1P,L
A3E587,N350HL,PA46,PIPER PA-46-310/350,L1P,L
A3E687,N350TS,DA42,DIAMOND DA-42 Guardian,L2P,L
A3E787,N35023,PARA,,P0-,-
A3E887,N351AC,LJ31,LEARJET 31,L2J,M
A3EF87,N35269,PA31,PIPER PA-31-300/310/325/350/425,L2P,L
A3F287,N35311,J3,PIPER J-3 Cub,L1P,L
A3F687,N35434,C172,CESSNA 172 Skyhawk,L1P,L
A3FD87,N3560Z,PA22,PIPER PA-22,L1P,L
A40687,N359D,,,,
A40B87,N36SD,VEZE,RUTAN VariEze,L1P,L
A41287,N3611J,C150,CESSNA 150,L1P,L
A41387,N3618V,C140,CESSNA 140,L1P,L
A41487,N362JE,CL30,BOMBARDIER BD-100 Challenger 300,L2J,M
A41A87,N3635Q,BE23,BEECH 23 Sundowner,L1P,L
A41D87,N3640G,C310,CESSNA 310,L2P,L
A42087,N365SZ,BE30,BEECH 300 Super King Air,L2T,L
A42987,N3676R,P28A,PIPER PA-28-140/150/160/180,L1P,L
A42D87,N3688U,C182,CESSNA 182 Skylane,L1P,L
A42E87,N369JD,SR22,CIRRUS SR-22,L1P,L
A43187,N37AW,HUSK,CHRISTEN Husky,L1P,L
A43287,N37MB,LNP4,LANCAIR PropJet 4,L1T,L
A43887,N371LL,PC12,PILATUS PC-12,L1T,L
A43987,N371WS,PTS1,PITTS S-1 Special,L1P,L
A43B87,N372DC,SR20,CIRRUS SR-20,L1P,L
A43E87,N3727A,PA22,PIPER PA-22,L1P,L
A44587,N37436,S1,INTERSTATE S-1 Cadet,L1P,L
A45587,N379DB,C25B,CESSNA 525B Citation CJ3,L2J,L
A45687,N379PH,DH8B,DE HAVILLAND DHC-8-200 Dash 8,L2T,M
A45A87,N38SF,FURY,HAWKER Fury,L1P,L
A46287,N3818X,C310,CESSNA 310,L2P,L
A46787,N383ME,C172,CESSNA 172 Skyhawk,L1P,L
A46987,N3835S,C172,CESSNA 172 Skyhawk,L1P,L
A46F87,N385TA,H269,HUGHES Sky Knight,H1P,L
A47087,N3852M,PA12,PIPER PA-12 Super Cruiser,L1P,L
A47187,N3859Y,C210,CESSNA 201 Centurion,L1P,L
A47487,N3864Q,C172,CESSNA 172 Skyhawk,L1P,L
A47887,N3876T,P28R,PIPER PA-28R-180/200/201,L1P,L
A48987,N3915,RLU1,RLU Super Breezy,L1P,L
A49887,N3956A,CH7A,BELLANCA 7 Champion,L1P,L
A49B87,N39603,P32R,PIPER PA-32R-300/301/301T,L1P,L
A49C87,N3968D,C182,CESSNA 182 Skylane,L1P,L
A49D87,N397HP,C97,BOEING C-97 Stratofreighter,L4P,M
A49F87,N39726,B737,BOEING 737-700,L2J,M
A4A387,N39849,BL17,BELLANCA 17 Viking,L1P,L
A4A487,N399DD,SR22,CIRRUS SR-22,L1P,L
A4A787,N3997B,ST75,STEARMAN Kaydet,L1P,L
A4A987,N4SH,ST30,STAUDACHER S-330,L1P,L
A4AC87,N40Z,DG40,DG FLUGZEUGBAU DG-400,L1P,L
A4B687,N40207,SS2T,TRUSH Turbo Thrush 500/550,L1T,L
A4B787,N4028H,PA12,PIPER PA-12 Super Cruiser,L1P,L
A4BE87,N4045C,S108,STINSON 108 Voyager,L1P,L
A4C587,N40618,J3,PIPER J-3 Cub,L1P,L
A4C687,N4069J,C150,CESSNA 150,L1P,L
A4C987,N4074A,,,,
A4CA87,N408BW,RV6,VANS RV-6,L1P,L
A4CD87,N4086D,C182,CESSNA 182 Skylane,L1P,L
A4CF87,N409R,BE35,BEECH 35 Starfire Bonanza,L1P,L
A4D287,N41HS,RV6,VANS RV-6,L1P,L
A4D487,N410EC,C421,CESSNA 421 Executive Commuter,L2P,L
A4D687,N4100Q,P28A,PIPER PA-28-140/150/160/180,L1P,L
A4D787,N41071,J3,PIPER J-3 Cub,L1P,L
A4DB87,N41194,P28A,PIPER PA-28-140/150/160/180,L1P,L
A4DE87,N4124W,BE58,BEECH 58 Baron,L2P,L
A4DF87,N413CR,C550,CESSNA 550 Citation S2,L2J,L
A4E287,N4136Z,P32R,PIPER PA-32R-300/301/301T,L1P,L
A4E487,N414RV,RV4,VANS RV-4,L1P,L
A4E587,N4141R,PA32,PIPER PA-32,L1P,L
A4E687,N41482,P28A,PIPER PA-28-140/150/160/180,L1P,L
A4E787,N415JM,PA34,PIPER PA-34 Seneca,L2P,L
A4EA87,N416BD,GLEX,BOMBARDIER BD-700 Global 6000/6500,L2J,M
A4EB87,N416MK,BE95,BEECH 95 Travel Air,L2P,L
A4ED87,N4165X,,,,
A4F087,N4170P,PA23,PIPER PA-23,L2P,L
A4F387,N418TF,R44,ROBINSON R-44 Raven,H1P,L
A4F487,N4182S,BE36,BEECH 36 Bonanza,L1P,L
A4FB87,N42ZB,S22T,CIRRUS SR-22T Turbo,L1P,L
A50487,N422RC,,,,
A50587,N42209,C182,CESSNA 182 Skylane,L1P,L
A50887,N423UA,A320,AIRBUS A-320,L2J,M
A50A87,N424AM,DA42,DIAMOND DA-42 Guardian,L2P,L
A50E87,N425DK,C425,CESSNA 425 Corsair,L2T,L
A50F87,N425PR,C182,CESSNA 182 Skylane,L1P,L
A51187,N4257H,PA14,PIPER PA-14 Family Cruiser,L1P,L
A51487,N4262,P28A,PIPER PA-28-140/150/160/180,L1P,L
A51587,N4269L,C172,CESSNA 172 Skyhawk,L1P,L
A51687,N427KF,FOX,KITFOX,L1P,L
A51887,N4274C,BALL,,B0-,-
A52287,N43U,BE20,BEECH 200 Super King Air,L2T,M
A52587,N4300S,P28A,PIPER PA-28-140/150/160/180,L1P,L
A52787,N431HC,A109,AGUSTA AW-109 Grand,H2T,L
A52987,N4312V,PA46,PIPER PA-46-310/350,L1P,L
A52A87,N43196,TAYB,TAYLORCRAFT BC/BF/BL,L1P,L
A52D87,N4324Y,PA34,PIPER PA-34 Seneca,L2P,L
A52E87,N433CT,FDCT,FLIGHT DESIGN CT,L1P,L
A53187,N43361,P28A,PIPER PA-28-140/150/160/180,L1P,L
A53487,N4341T,RV6,VANS RV-6,L1P,L
A53887,N4353W,,,,
A53F87,N4370R,C172,CESSNA 172 Skyhawk,L1P,L
A54287,N438TH,C172,CESSNA 172 Skyhawk,L1P,L
A54387,N4382U,C150,CESSNA 150,L1P,L
A54787,N4394X,BALL,,B0-,-
A54D87,N4404F,P28A,PIPER PA-28-140/150/160/180,L1P,L
A54E87,N441CA,C72R,CESSNA 172R Cutlass RG,L1P,L
A55187,N4416J,P28A,PIPER PA-28-140/150/160/180,L1P,L
A55587,N4428M,PA12,PIPER PA-12 Super Cruiser,L1P,L
A55987,N444AP,C77R,CESSNA 177RG Cardinal RG,L1P,L
A55C87,N4445G,,,,
A56087,N4457K,NAVI,NORTH AMERICAN Navion,L1P,L
A56387,N4462B,C336,CESSNA 336 Skymaster,L2P,L
A56B87,N4486H,M20P,MOONEY M-20,L1P,L
A57087,N45HW,,,,
A57487,N4500U,C150,CESSNA 150,L1P,L
A57887,N4512X,P28A,PIPER PA-28-140/150/160/180,L1P,L
A57987,N45198,C150,CESSNA 150,L1P,L
A57C87,N45240,AA5,AMERICAN AA-5 Tiger,L1P,L
A57E87,N453PA,B744,BOEING 747-400,L4J,H
A58087,N45363,AT3T,AIR TRACTOR AT-302/402,L1T,L
A58487,N45486,L8,LUSCOMBE 8,L1P,L
A58587,N455JR,BT36,BEECH B36TC Bonanza,L1P,L
A58887,N456BH,C182,CESSNA 182 Skylane,L1P,L
A58987,N456MP,LNP4,LANCAIR PropJet 4,L1T,L
A58B87,N45651,L8,LUSCOMBE 8,L1P,L
A58E87,N4570T,P28B,PIPER PA-28-201T/235/236,L1P,L
A59387,N45897,L8,LUSCOMBE 8,L1P,L
A59487,N459LB,BALL,,B0-,-
A59687,N4594Z,PA22,PIPER PA-22,L1P,L
A59887,N46P,PA24,PIPER PA-24 Comanche,L1P,L
A59C87,N4604H,PA15,PIPER PA-15 Vagabond,L1P,L
A59D87,N461CC,UH1,BELL UH-1 Huey,H1T,L
A5A387,N4621C,C170,CESSNA 170,L1P,L
A5A787,N4633F,,,,
A5A887,N464AR,,,,
A5AB87,N4645J,P28R,PIPER PA-28R-180/200/201,L1P,L
A5B287,N4662D,BE35,BEECH 35 Starfire Bonanza,L1P,L
A5B787,N468CB,PA11,PIPER PA-11 Cub Special,L1P,L
A5BA87,N4686K,C182,CESSNA 182 Skylane,L1P,L
A5BE87,N4698N,ST75,STEARMAN Kaydet,L1P,L
A5BF87,N47HY,HUSK,CHRISTEN Husky,L1P,L
A5C487,N47077,UH12,HILLER UH-12,H1P,L
A5C887,N472,C210,CESSNA 201 Centurion,L1P,L
A5CB87,N47242,UH12,HILLER UH-12,H1P,L
A5CD87,N473PC,PC12,PILATUS PC-12,L1T,L
A5D287,N4741X,T206,CESSNA T206 Turbo Stationair,L1P,L
A5D487,N475JT,LJ45,LEARJET 45,L2J,M
A5D687,N47530,P28A,PIPER PA-28-140/150/160/180,L1P,L
A5DA87,N47653,P28A,PIPER PA-28-140/150/160/180,L1P,L
A5E287,N47899,P28A,PIPER PA-28-140/150/160/180,L1P,L
A5E687,N48CW,GLID,,L0-,-
A5F387,N4828R,C188,CESSNA 188 AgTruck,L1P,L
A5F687,N4833H,PA17,PIPER PA-17 Vagabond Trainer,L1P,L
A5F787,N484AT,R44,ROBINSON R-44 Raven,H1P,L
A5FA87,N4845L,P28A,PIPER PA-28-140/150/160/180,L1P,L
A5FC87,N485PX,CRJ9,BOMBARDIER Regional Jet CRJ-900,L2J,M
A60287,N4869S,,,,
A60387,N487KM,C340,CESSNA 340 Super,L2P,L
A60587,N4874J,,,,
A60987,N4886M,PA11,PIPER PA-11 Cub Special,L1P,L
A60D87,N4898Q,C188,CESSNA 188 AgTruck,L1P,L
A61387,N49079,C152,CESSNA 152,L1P,L
A61887,N492LG,AA5,AMERICAN AA-5 Tiger,L1P,L
A61987,N492WN,B737,BOEING 737-700,L2J,M
A61E87,N49367,HUSK,CHRISTEN Husky,L1P,L
A62687,N496BM,ULAC,,L0-,-
A62D87,N49778,ST75,STEARMAN Kaydet,L1P,L
A63187,N499A,P28R,PIPER PA-28R-180/200/201,L1P,L
A63587,N5CY,P337,CESSNA P337 Skymaster,L2P,L
A63887,N50KQ,K100,DAHER Kodiak 100,L1T,L
A63A87,N500GA,GA5C,GULFSTREAM G500,L2J,M
A63B87,N500SG,PA32,PIPER PA-32,L1P,L
A64187,N502BR,C441,CESSNA 441 Conquest,L2T,L
A64487,N50259,BL8,BELLANCA 8 Decathlon,L1P,L
A64887,N5038B,BE35,BEECH 35 Starfire Bonanza,L1P,L
A64A87,N504TT,PISI,PIPSTREL Sinus,L1P,L
A65087,N506DB,LGEZ,RUTAN Long-EZ,L1P,L
A65187,N506PH,H500,HUGHES 500,H1T,L
A65487,N507G,P28A,PIPER PA-28-140/150/160/180,L1P,L
A65587,N507SF,C680,CESSNA 680 Citation Sovereign,L2J,M
A65787,N5079C,BE35,BEECH 35 Starfire Bonanza,L1P,L
A65E87,N50958,T206,CESSNA T206 Turbo Stationair,L1P,L
A66187,N510AZ,C510,CESSNA 510 Citation Mustang,L2J,L
A66487,N5105S,P28A,PIPER PA-28-140/150/160/180,L1P,L
A66687,N511QC,CH70,ZENAIR CH-701 Stol,L1P,L
A66787,N5110J,C310,CESSNA 310,L2P,L
A66887,N5117V,BALL,,B0-,-
A66987,N512GV,GLF5,GULFSTREAM 5,L2J,M
A66B87,N5122M,TAYB,TAYLORCRAFT BC/BF/BL,L1P,L
A66C87,N5129Y,PA12,PIPER PA-12 Super Cruiser,L1P,L
A67087,N514CK,C525,CESSNA 525 CitationJet,L2J,L
A67587,N515RP,PC12,PILATUS PC-12,L1T,L
A67687,N5151K,NAVI,NORTH AMERICAN Navion,L1P,L
A67787,N5158W,P28A,PIPER PA-28-140/150/160/180,L1P,L
A68487,N519T,RV4,VANS RV-4,L1P,L
A68587,N5192L,P28A,PIPER PA-28-140/150/160/180,L1P,L
A68687,N5199X,CH7A,BELLANCA 7 Champion,L1P,L
A68787,N52KS,RV10,VANS RV-10,L1P,L
A68B87,N52015,C77R,CESSNA 177RG Cardinal RG,L1P,L
A68C87,N5209F,C82S,CESSNA T182 Turbo Skylane,L1P,L
A69487,N523ER,C172,CESSNA 172 Skyhawk,L1P,L
A69787,N5238D,C180,CESSNA  180 Skywagon,L1P,L
A69887,N524HP,SF50,CIRRUS SF-50 Vision,L1J,L
A69A87,N52426,C172,CESSNA 172 Skyhawk,L1P,L
A69C87,N525LM,C25A,CESSNA 525A Citation CJ2,L2J,L
A69D87,N525WT,TAIL,WITTMAN Tailwind,L1P,L
A6A587,N52714,C182,CESSNA 182 Skylane,L1P,L
A6A687,N5279E,BALL,,B0-,-
A6A987,N52837,C172,CESSNA 172 Skyhawk,L1P,L
A6B087,N530BA,A5,ICON A-5,A1P,L
A6B687,N5310L,COZY,CO-Z Cozy,L1P,L
A6B987,N532TC,GLAS,Glasair,L1P,L
A6BA87,N5322P,C172,CESSNA 172 Skyhawk,L1P,L
A6BE87,N5334S,P28A,PIPER PA-28-140/150/160/180,L1P,L
A6C087,N534NT,LJ45,LEARJET 45,L2J,M
A6C287,N5346V,C72R,CESSNA 172R Cutlass RG,L1P,L
A6C987,N5363Q,C82S,CESSNA T182 Turbo Skylane,L1P,L
A6CA87,N537B,BE35,BEECH 35 Starfire Bonanza,L1P,L
A6D187,N5387W,P28A,PIPER PA-28-140/150/160/180,L1P,L
A6E287,N5426C,T210,CESSNA T210 Turbo Centurion,L1P,L
A6E987,N54428,,,,
A6F187,N5467D,BE35,BEECH 35 Starfire Bonanza,L1P,L
A6F587,N5479G,COUR,HELIO Courier,L1P,L
A6FF87,N550BC,C550,CESSNA 550 Citation S2,L2J,L
A70087,N550MJ,C550,CESSNA 550 Citation S2,L2J,L
A70287,N5505W,P28A,PIPER PA-28-140/150/160/180,L1P,L
A70387,N551EA,C551,CESSNA 551 Citation 2SP,L2J,L
A70587,N5510N,ULAC,,L0-,-
A70687,N5517Z,M7,MAULE M-7,L1P,L
A70A87,N55292,C172,CESSNA 172 Skyhawk,L1P,L
A71287,N555FM,C182,CESSNA 182 Skylane,L1P,L
A71387,N555RT,C551,CESSNA 551 Citation 2SP,L2J,L
A71487,N5551P,PA24,PIPER PA-24 Comanche,L1P,L
A71687,N556JK,,,,
A71C87,N5575V,JACE,ACE Junior Ace,L1P,L
A71F87,N5580M,ST75,STEARMAN Kaydet,L1P,L
A72387,N5592Q,M20P,MOONEY M-20,L1P,L
A72687,N56WB,P28A,PIPER PA-28-140/150/160/180,L1P,L
A72787,N560GG,C560,CESSNA 560 Citation Ultra,L2J,M
A72987,N56019,ST75,STEARMAN Kaydet,L1P,L
A72A87,N5609K,BE35,BEECH 35 Starfire Bonanza,L1P,L
A72B87,N561KE,AC80,NORTH AMERICAN ROCKWELL Turbo Commander 680,L2T,L
A73487,N56307,PA34,PIPER PA-34 Seneca,L2P,L
A73587,N5638H,PA16,PIPER PA-16 Clipper,L1P,L
A73C87,N5655C,C340,CESSNA 340 Super,L2P,L
A74387,N56718,PARA,,P0-,-
A74487,N5679J,C182,CESSNA 182 Skylane,L1P,L
A74787,N5684A,C172,CESSNA 172 Skyhawk,L1P,L
A74887,N569BW,FA50,DASSAULT Falcon 50,L3J,M
A75487,N5710Q,M20P,MOONEY M-20,L1P,L
A76287,N575RV,RV7,VANS RV-7,L1P,L
A76387,N5751R,C172,CESSNA 172 Skyhawk,L1P,L
A76487,N57582,TAYD,TAYLORCRAFT DC/DF/DL,L1P,L
A76587,N576JM,,,,
A76B87,N5775X,C320,CESSNA 320 Skyknight,L2P,L
A76E87,N5780P,PA24,PIPER PA-24 Comanche,L1P,L
A76F87,N57870,B753,BOEING 757-300,L2J,M
A77487,N58KY,EA50,ECLIPSE 550,L2J,L
A77C87,N5814D,PA22,PIPER PA-22,L1P,L
A78087,N5826G,C150,CESSNA 150,L1P,L
A78487,N5838K,BE35,BEECH 35 Starfire Bonanza,L1P,L
A78887,N585AM,C82T,CESSNA TR182 Turbo Skylane RG,L1P,L
A79187,N587SP,C172,CESSNA 172 Skyhawk,L1P,L
A79387,N5879L,AA5,AMERICAN AA-5 Tiger,L1P,L
A79C87,N59RB,RV4,VANS RV-4,L1P,L
A7A387,N5910S,BE35,BEECH 35 Starfire Bonanza,L1P,L
A7A487,N59173,T210,CESSNA T210 Turbo Centurion,L1P,L
A7A587,N592HC,PRM1,RAYTHEON 390 Premier 1,L2J,L
A7A787,N5922V,P32R,PIPER PA-32R-300/301/301T,L1P,L
A7A987,N593LA,LA4,LAKE LA-4/200,A1P,L
A7B487,N596JP,LAMA,AEROSPATIALE SA-315 Lama,H1T,L
A7B687,N5963W,P28A,PIPER PA-28-140/150/160/180,L1P,L
A7B887,N597MM,BE20,BEECH 200 Super King Air,L2T,M
A7BD87,N5980R,C172,CESSNA 172 Skyhawk,L1P,L
A7C387,N6L,SX30,SWEARINGEN SX-300,L1P,L
A7C487,N6WF,BE95,BEECH 95 Travel Air,L2P,L
A7C587,N60GL,G2T1,GREAT LAKES 2T-1,L1P,L
A7C687,N60SS,C172,CESSNA 172 Skyhawk,L1P,L
A7C787,N600CX,BE9L,BEECH 90 King Air,L2T,L
A7C887,N600PC,BL8,BELLANCA 8 Decathlon,L1P,L
A7CA87,N60065,C150,CESSNA 150,L1P,L
A7CC87,N601SA,CH60,ZENAIR CH-600 Zodiac,L1P,L
A7CE87,N60188,C150,CESSNA 150,L1P,L
A7D187,N60230,C150,CESSNA 150,L1P,L
A7D587,N60353,,,,
A7D887,N6040V,CH7A,BELLANCA 7 Champion,L1P,L
A7D987,N60476,ULAC,,L0-,-
A7DA87,N605HF,V1,GRUMMAN Mohawk,L2T,M
A7DC87,N6052Y,PA23,PIPER PA-23,L2P,L
A7E087,N60641,C150,CESSNA 150,L1P,L
A7E587,N608FU,T34P,BEECH T-34 Mentor,L1P,L
A7E687,N608S,,,,
A7F187,N6103H,J3,PIPER J-3 Cub,L1P,L
A7F287,N611AT,C650,CESSNA 650 Citation,L2J,M
A7F587,N6115L,AA1,AMERICAN AA-1,L1P,L
A7F887,N6120C,,,,
A7F987,N6127P,,,,
A7FA87,N613GP,,,,
A80287,N615NK,A320,AIRBUS A-320,L2J,M
A80487,N6156M,ULAC,,L0-,-
A80687,N616RH,GLF6,GULFSTREAM G650,L2J,M
A80C87,N618AS,B737,BOEING 737-700,L2J,M
A80F87,N6185K,C150,CESSNA 150,L1P,L
A81187,N619PW,DRON,,D0-,-
A81987,N62067,M5,MAULE M-5,L1P,L
A81B87,N621SC,A109,AGUSTA AW-109 Grand,H2T,L
A82487,N62355,DHC2,DE HAVILLAND DHC-2 Beaver,L1P,L
A82787,N6240X,C340,CESSNA 340 Super,L2P,L
A82C87,N626A,PA22,PIPER PA-22,L1P,L
A82D87,N626LF,A119,AGUSTA AW-119 Koala,H1T,L
A82E87,N626WM,RV7,VANS RV-7,L1P,L
A83587,N628SB,ULAC,,L0-,-
A83787,N62889,B739,BOEING 737-900,L2J,M
A83C87,N63MS,RV9,VANS RV-9,L1P,L
A83E87,N630JC,S22T,CIRRUS SR-22T Turbo,L1P,L
A84087,N6303K,C150,CESSNA 150,L1P,L
A84287,N631MA,BL8,BELLANCA 8 Decathlon,L1P,L
A84587,N632DT,TRDO,TITAN Tornado SS,L1P,L
A84B87,N6332H,J3,PIPER J-3 Cub,L1P,L
A84F87,N6344L,,,,
A85387,N6356P,BALL,,B0-,-
A85687,N6361F,C337,CESSNA 337 Super Skymaster,L2P,L
A85787,N6368S,C150,CESSNA 150,L1P,L
A85887,N637JB,A320,AIRBUS A-320,L2J,M
A85A87,N6373J,P28A,PIPER PA-28-140/150/160/180,L1P,L
A85C87,N638M,ZZZZ,,-0-,-
A85F87,N639DS,A139,AGUSTA AW-139,H2T,L
A86887,N64069,C172,CESSNA 172 Skyhawk,L1P,L
A86B87,N64111,C172,CESSNA 172 Skyhawk,L1P,L
A86C87,N6419B,T210,CESSNA T210 Turbo Centurion,L1P,L
A87F87,N647D,P47,REPUBLIC F-47 Thunderbolt,L1P,M
A88587,N64810,VALI,CONVAIR Valiant,L1P,L
A88A87,N65BN,BL8,BELLANCA 8 Decathlon,L1P,L
A88C87,N65Y,BE35,BEECH 35 Starfire Bonanza,L1P,L
A88F87,N6503M,C152,CESSNA 152,L1P,L
A89387,N6515Q,,,,
A89787,N6527T,BE19,BEECH 19 Sport,L1P,L
A89887,N653GT,B762,BOEING 767-200,L2J,H
A89A87,N6532K,G164,GRUMMAN G-164 Ag-Cat,L1P,L
A89B87,N6539W,P28A,PIPER PA-28-140/150/160/180,L1P,L
A8A087,N655NP,,,,
A8A687,N6568U,M20P,MOONEY M-20,L1P,L
A8A787,N657JD,,,,
A8A987,N6573L,C152,CESSNA 152,L1P,L
A8AA87,N658AW,A320,AIRBUS A-320,L2J,M
A8AD87,N6585P,PA24,PIPER PA-24 Comanche,L1P,L
A8AF87,N659Q,BE35,BEECH 35 Starfire Bonanza,L1P,L
A8B087,N6590F,C150,CESSNA 150,L1P,L
A8B287,N66GS,BE65,BEECH 65 Queen Air,L2P,L
A8B487,N660DC,DV20,DIAMOND DA-20,L1P,L
A8B787,N6607A,C172,CESSNA 172 Skyhawk,L1P,L
A8BB87,N6619D,C172,CESSNA 172 Skyhawk,L1P,L
A8C987,N66524,ST75,STEARMAN Kaydet,L1P,L
A8CC87,N666WR,PA18,PIPER PA-18 Super Cub,L1P,L
A8CE87,N667DB,BE33,BEECH 33 Bonanza,L1P,L
A8D287,N668G,RV10,VANS RV-10,L1P,L
A8D487,N66812,BE36,BEECH 36 Bonanza,L1P,L
A8DE87,N6703P,BE24,BEECH 24 Sierra,L1P,L
A8DF87,N671AZ,C208,CESSNA 208 Caravan,L1T,L
A8E287,N6715S,BE24,BEECH 24 Sierra,L1P,L
A8E587,N6720J,P28A,PIPER PA-28-140/150/160/180,L1P,L
A8E687,N6727V,BT36,BEECH B36TC Bonanza,L1P,L
A8EA87,N6739Y,PA23,PIPER PA-23,L2P,L
A8EE87,N675CK,DRON,,D0-,-
A8F187,N6756T,C310,CESSNA 310,L2P,L
A8F587,N6768W,P28A,PIPER PA-28-140/150/160/180,L1P,L
A8F687,N677JF,C150,CESSNA 150,L1P,L
A8F887,N6773N,M20P,MOONEY M-20,L1P,L
A8FC87,N6785R,T210,CESSNA T210 Turbo Centurion,L1P,L
A8FD87,N679DW,C72R,CESSNA 172R Cutlass RG,L1P,L
A8FF87,N6790H,J3,PIPER J-3 Cub,L1P,L
A90087,N6797U,M20P,MOONEY M-20,L1P,L
A90387,N680DE,C510,CESSNA 510 Citation Mustang,L2J,L
A90487,N680PL,AC80,NORTH AMERICAN ROCKWELL Turbo Commander 680,L2T,L
A90887,N681SJ,BALL,,B0-,-
A90D87,N68238,ST75,STEARMAN Kaydet,L1P,L
A91187,N6836A,C172,CESSNA 172 Skyhawk,L1P,L
A91887,N68526,CH7A,BELLANCA 7 Champion,L1P,L
A92287,N688SH,A119,AGUSTA AW-119 Koala,H1T,L
A92387,N68814,C152,CESSNA 152,L1P,L
A92587,N689K,ZZZZ,,-0-,-
A92887,N69BS,ASTR,GULFSTREAM AEROSPACE Gulfstream G100,L2J,M
A92987,N69MY,SREY,PROGRESSIVE AERODYNE SeaRey,A1P,L
A92D87,N6903R,AEST,AEROSTAR 600,L2P,L
A92E87,N691BA,R44,ROBINSON R-44 Raven,H1P,L
A93487,N6920L,C310,CESSNA 310,L2P,L
A93587,N6927X,C172,CESSNA 172 Skyhawk,L1P,L
A93787,N693TC,AC11,NORTH AMERICAN ROCKWELL Commander 112/114,L1P,L
A93887,N6932P,PA24,PIPER PA-24 Comanche,L1P,L
A93C87,N6944S,C150,CESSNA 150,L1P,L
A94087,N6956V,M20P,MOONEY M-20,L1P,L
A94287,N696RR,ULAC,,L0-,-
A94387,N6961M,S108,STINSON 108 Voyager,L1P,L
A94F87,N6997W,P28A,PIPER PA-28-140/150/160/180,L1P,L
A95087,N7GW,J3,PIPER J-3 Cub,L1P,L
A95187,N7TB,BE95,BEECH 95 Travel Air,L2P,L
A95687,N700WE,TBM7,SOCATA TBM-700A/B/C,L1T,L
A95787,N7004W,P28A,PIPER PA-28-140/150/160/180,L1P,L
A95887,N701CR,G280,GULFSTREAM G280,L2J,M
A95D87,N702RV,RV9,VANS RV-9,L1P,L
A95F87,N70282,J3,PIPER J-3 Cub,L1P,L
A96087,N703JM,BE36,BEECH 36 Bonanza,L1P,L
A96287,N7033U,BE30,BEECH 300 Super King Air,L2T,L
A96487,N704MK,C150,CESSNA 150,L1P,L
A96687,N7045X,R22,ROBINSON R-22 Mariner,H1P,L
A96987,N7050P,PA24,PIPER PA-24 Comanche,L1P,L
A96A87,N70570,T206,CESSNA T206 Turbo Stationair,L1P,L
A96D87,N7062S,C150,CESSNA 150,L1P,L
A96E87,N70693,J3,PIPER J-3 Cub,L1P,L
A97187,N7074V,M20P,MOONEY M-20,L1P,L
A97587,N7086Y,R44,ROBINSON R-44 Raven,H1P,L
A97987,N70981,C182,CESSNA 182 Skylane,L1P,L
A97A87,N71JL,BE95,BEECH 95 Travel Air,L2P,L
A97E87,N71009,C182,CESSNA 182 Skylane,L1P,L
A97F87,N7108K,BALL,,B0-,-
A98187,N711UA,C172,CESSNA 172 Skyhawk,L1P,L
A98487,N712LT,RS12,RANS S-12 Super Airaile,L1P,L
A98687,N7125E,C182,CESSNA 182 Skylane,L1P,L
A98A87,N7137H,J3,PIPER J-3 Cub,L1P,L
A98B87,N714GH,C150,CESSNA 150,L1P,L
A98E87,N7149L,AA5,AMERICAN AA-5 Tiger,L1P,L
A98F87,N715KF,R44,ROBINSON R-44 Raven,H1P,L
A99087,N715VM,GA6C,GULFSTREAM G600,L2J,M
A99387,N716ND,P28A,PIPER PA-28-140/150/160/180,L1P,L
A99587,N7166F,C150,CESSNA 150,L1P,L
A99787,N717RB,ACAM,LEZA Air Cam,L2P,L
A99887,N71708,L8,LUSCOMBE 8,L1P,L
A99987,N7178J,BIPL,EAA Biplane,L1P,L
A99E87,N719LS,EC35,AIRBUS HELICOPTERS EC-135/635,H2T,L
A9A087,N7195D,R44,ROBINSON R-44 Raven,H1P,L
A9A187,N72DJ,RV12,VANS RV-12,L1P,L
A9A787,N721CT,C172,CESSNA 172 Skyhawk,L1P,L
A9AB87,N722FR,A321,AIRBUS A-321,L2J,M
A9AD87,N7221T,C172,CESSNA 172 Skyhawk,L1P,L
A9AE87,N72284,C140,CESSNA 140,L1P,L
A9AF87,N723JP,PA31,PIPER PA-31-300/310/325/350/425,L2P,L
A9B687,N725ED,PA46,PIPER PA-46-310/350,L1P,L
A9B887,N7250R,BE33,BEECH 33 Bonanza,L1P,L
A9B987,N72572,C120,CESSNA 120,L1P,L
A9BD87,N72695,T206,CESSNA T206 Turbo Stationair,L1P,L
A9C087,N7274X,C150,CESSNA 150,L1P,L
A9C487,N72860,C140,CESSNA 140,L1P,L
A9C887,N72983,C140,CESSNA 140,L1P,L
A9D687,N733DM,C172,CESSNA 172 Skyhawk,L1P,L
A9D887,N733ZZ,C172,CESSNA 172 Skyhawk,L1P,L
A9D987,N7337K,C172,CESSNA 172 Skyhawk,L1P,L
A9DB87,N734SR,C172,CESSNA 172 Skyhawk,L1P,L
A9DF87,N735VP,C182,CESSNA 182 Skylane,L1P,L
A9E187,N736C,S108,STINSON 108 Voyager,L1P,L
A9E287,N736NF,C172,CESSNA 172 Skyhawk,L1P,L
A9E487,N7366H,J3,PIPER J-3 Cub,L1P,L
A9E687,N737RD,HROC,HARMON Rocket,L1P,L
A9E787,N7371,C82S,CESSNA T182 Turbo Skylane,L1P,L
A9E987,N738HW,DRON,,D0-,-
A9ED87,N739LU,C172,CESSNA 172 Skyhawk,L1P,L
A9EE87,N739X,ONEX,SONEX Onex,L1P,L
A9F187,N74PS,T206,CESSNA T206 Turbo Stationair,L1P,L
A9F487,N740WJ,C340,CESSNA 340 Super,L2P,L
A9F787,N741PA,P28A,PIPER PA-28-140/150/160/180,L1P,L
A9FC87,N7421V,M20P,MOONEY M-20,L1P,L
AA0187,N744BH,GLAS,Glasair,L1P,L
AA0487,N74451,AA5,AMERICAN AA-5 Tiger,L1P,L
AA0887,N74574,R22,ROBINSON R-22 Mariner,H1P,L
AA0B87,N7462W,P28A,PIPER PA-28-140/150/160/180,L1P,L
AA0D87,N747LB,BALL,,B0-,-
AA0E87,N747WH,BALL,,B0-,-
AA1187,N748P,C180,CESSNA  180 Skywagon,L1P,L
AA1B87,N750RG,AC80,NORTH AMERICAN ROCKWELL Turbo Commander 680,L2T,L
AA1D87,N7508P,B06,BELL 206 JetRanger,H1T,L
AA2087,N7513F,CH7A,BELLANCA 7 Champion,L1P,L
AA2487,N7525J,P28R,PIPER PA-28R-180/200/201,L1P,L
AA2C87,N7549Q,C421,CESSNA 421 Executive Commuter,L2P,L
AA3187,N756NH,DRON,,D0-,-
AA3387,N7566K,PA18,PIPER PA-18 Super Cub,L1P,L
AA3487,N757F,BE36,BEECH 36 Bonanza,L1P,L
AA3687,N7571B,CH7A,BELLANCA 7 Champion,L1P,L
AA3B87,N759AQ,RV7,VANS RV-7,L1P,L
AA3C87,N759LW,C182,CESSNA 182 Skylane,L1P,L
AA3E87,N7595H,PA12,PIPER PA-12 Super Cruiser,L1P,L
AA3F87,N76DN,S76,SIKORSKY S-76 Spirit,H2T,L
AA4587,N761CX,B762,BOEING 767-200,L2J,H
AA4A87,N762SA,PA31,PIPER PA-31-300/310/325/350/425,L2P,L
AA4C87,N76288,B738,BOEING 737-800,L2J,M
AA5087,N764BK,C172,CESSNA 172 Skyhawk,L1P,L
AA5187,N764MR,S76,SIKORSKY S-76 Spirit,H2T,L
AA5687,N7650V,A9,NORTH AMERICAN ROCKWELL A-9 Sparrow Commander,L1P,L
AA5887,N766HF,HUCO,BELL AH-1 HueyCobra,H1T,L
AA5C87,N767LD,F2TH,DASSAULT Falcon 2000,L2J,M
AA6587,N7691W,P28A,PIPER PA-28-140/150/160/180,L1P,L
AA6787,N77JS,C310,CESSNA 310,L2P,L
AA6F87,N7713H,DRON,,D0-,-
AA7687,N7730C,P28A,PIPER PA-28-140/150/160/180,L1P,L
AA7787,N7737P,PA24,PIPER PA-24 Comanche,L1P,L
AA7A87,N7742F,C150,CESSNA 150,L1P,L
AA7F87,N776CD,SR22,CIRRUS SR-22,L1P,L
AA8487,N777RH,PA30,PIPER PA-30 Twin Comanche,L2P,L
AA8687,N7778Q,C310,CESSNA 310,L2P,L
AA8787,N778J,JAB4,JABIRU J200-450,L1P,L
AA8987,N7783G,C172,CESSNA 172 Skyhawk,L1P,L
AA8F87,N78PW,PA24,PIPER PA-24 Comanche,L1P,L
AA9B87,N7829,GLAS,Glasair,L1P,L
AA9E87,N78332,C172,CESSNA 172 Skyhawk,L1P,L
AAA087,N784MT,DRON,,D0-,-
AAA187,N784XZ,,,,
AAA987,N78620,PA11,PIPER PA-11 Cub Special,L1P,L
AAAB87,N787LF,C172,CESSNA 172 Skyhawk,L1P,L
AAAD87,N78743,PA11,PIPER PA-11 Cub Special,L1P,L
AAB187,N78866,B753,BOEING 757-300,L2J,M
AAB787,N79V,RLU1,RLU Super Breezy,L1P,L
AAB887,N790FE,C208,CESSNA 208 Caravan,L1T,L
AABA87,N7901G,C172,CESSNA 172 Skyhawk,L1P,L
AABB87,N7908T,C175,CESSNA 175 Skylark,L1P,L
AABF87,N792AV,B788,BOEING 787-8 Dreamliner,L2J,H
AAC087,N792MA,PA46,PIPER PA-46-310/350,L1P,L
AAC387,N793DT,DRON,,D0-,-
AAC587,N7930E,C150,CESSNA 150,L1P,L
AAD287,N797FD,B752,BOEING 757-200,L2J,M
AAD487,N7971F,C150,CESSNA 150,L1P,L
AAD687,N798JB,BE36,BEECH 36 Bonanza,L1P,L
AADC87,N7995M,BE35,BEECH 35 Starfire Bonanza,L1P,L
AADE87,N8PY,SR20,CIRRUS SR-20,L1P,L
AADF87,N80AC,BE58,BEECH 58 Baron,L2P,L
AAE087,N80LJ,LJ60,LEARJET 60,L2J,M
AAE387,N800TA,FA50,DASSAULT Falcon 50,L3J,M
AAE487,N8002M,LA4,LAKE LA-4/200,A1P,L
AAEC87,N8026T,BE36,BEECH 36 Bonanza,L1P,L
AAF087,N8038W,CH7A,BELLANCA 7 Champion,L1P,L
AAF187,N804JF,B47G,BELL 47G,H1P,L
AAF287,N804UM,,,,
AAF487,N805AY,CRJ2,BOMBARDIER Regional Jet CRJ-200,L2J,M
AAF787,N8055R,BE36,BEECH 36 Bonanza,L1P,L
AAF887,N806DW,RV8,VANS RV-8,L1P,L
AAFB87,N8067U,BT36,BEECH B36TC Bonanza,L1P,L
AAFD87,N807T,BE35,BEECH 35 Starfire Bonanza,L1P,L
AAFE87,N8072L,C172,CESSNA 172 Skyhawk,L1P,L
AB0287,N8084P,PA24,PIPER PA-24 Comanche,L1P,L
AB0687,N8096S,P32R,PIPER PA-32R-300/301/301T,L1P,L
AB0787,N81FG,BE36,BEECH 36 Bonanza,L1P,L
AB0F87,N81103,AA5,AMERICAN AA-5 Tiger,L1P,L
AB1087,N8118D,GLST,GLASAIR SH-4 GlaStar,L1P,L
AB1187,N812HP,RV8,VANS RV-8,L1P,L
AB1387,N81226,FA24,FAIRCHILD F-24 Argus,L1P,L
AB1587,N813LM,,,,
AB1787,N81349,FA24,FAIRCHILD F-24 Argus,L1P,L
AB1887,N814DD,PA11,PIPER PA-11 Cub Special,L1P,L
AB1B87,N8147B,P32R,PIPER PA-32R-300/301/301T,L1P,L
AB1D87,N815SH,T28,NORTH AMERICAN T-28,L1P,L
AB2287,N81637,L29,AERO L-29 Delfin,L1J,L
AB2687,N8176,,,,
AB2A87,N8188C,PA18,PIPER PA-18 Super Cub,L1P,L
AB2D87,N81925,CH7A,BELLANCA 7 Champion,L1P,L
AB2E87,N82AE,C25A,CESSNA 525A Citation CJ2,L2J,L
AB2F87,N82LL,PA46,PIPER PA-46-310/350,L1P,L
AB3087,N82WS,GLID,,L0-,-
AB3287,N820TC,BALL,,B0-,-
AB3787,N8214S,G164,GRUMMAN G-164 Ag-Cat,L1P,L
AB3887,N822CM,,,,
AB3B87,N8226V,P28A,PIPER PA-28-140/150/160/180,L1P,L
AB4187,N824UP,B350,BEECHCRAFT Super King Air 350,L2T,M
AB4287,N8243Q,C414,CESSNA 414 Chancellor,L2P,L
AB4387,N825B,R44,ROBINSON R-44 Raven,H1P,L
AB4687,N8255T,C175,CESSNA 175 Skylark,L1P,L
AB4987,N8260K,G164,GRUMMAN G-164 Ag-Cat,L1P,L
AB4E87,N8279Z,C210,CESSNA 201 Centurion,L1P,L
AB5187,N8284R,P28R,PIPER PA-28R-180/200/201,L1P,L
AB5587,N8296U,BE36,BEECH 36 Bonanza,L1P,L
AB5687,N83FJ,FA50,DASSAULT Falcon 50,L3J,M
AB5787,N83RQ,AA5,AMERICAN AA-5 Tiger,L1P,L
AB5887,N830BV,P28B,PIPER PA-28-201T/235/236,L1P,L
AB5B87,N8306C,P28A,PIPER PA-28-140/150/160/180,L1P,L
AB5F87,N8318F,B738,BOEING 737-800,L2J,M
AB6187,N832TX,MT,ROTORSPORT MTOSport,G1P,L
AB6287,N83228,CH7A,BELLANCA 7 Champion,L1P,L
AB6687,N8335A,C170,CESSNA 170,L1P,L
AB6C87,N835SK,,,,
AB6D87,N83516,PA18,PIPER PA-18 Super Cub,L1P,L
AB6E87,N8359G,C188,CESSNA 188 AgTruck,L1P,L
AB6F87,N836KB,PARA,,P0-,-
AB7187,N83639,CH7A,BELLANCA 7 Champion,L1P,L
AB7587,N8376B,C172,CESSNA 172 Skyhawk,L1P,L
AB7C87,N83927,CH7A,BELLANCA 7 Champion,L1P,L
AB7D87,N84AG,GLAS,Glasair,L1P,L
AB8287,N8402R,P28A,PIPER PA-28-140/150/160/180,L1P,L
AB8387,N84092,C172,CESSNA 172 Skyhawk,L1P,L
AB8687,N8414U,C172,CESSNA 172 Skyhawk,L1P,L
AB8787,N842CP,SR22,CIRRUS SR-22,L1P,L
AB9287,N845BB,C650,CESSNA 650 Citation,L2J,M
AB9387,N845MH,B764,BOEING 767-400,L2J,H
AB9687,N846E,RV6,VANS RV-6,L1P,L
AB9987,N8467Y,PA30,PIPER PA-30 Twin Comanche,L2P,L
ABA487,N8496W,P28A,PIPER PA-28-140/150/160/180,L1P,L
ABA687,N85RS,EAGL,CHRISTEN Eagle,L1P,L
ABA787,N850BX,TBM7,SOCATA TBM-700A/B/C,L1T,L
ABA887,N850NC,P28R,PIPER PA-28R-180/200/201,L1P,L
ABAD87,N85107,CH7A,BELLANCA 7 Champion,L1P,L
ABB187,N8523,DHC2,DE HAVILLAND DHC-2 Beaver,L1P,L
ABB287,N853AK,,,,
ABB987,N8547F,PA34,PIPER PA-34 Seneca,L2P,L
ABBB87,N855SM,,,,
ABBD87,N8559J,ULAC,,L0-,-
ABC687,N858R,,,,
ABC787,N85806,AR11,AERONCA 11 Chief,L1P,L
ABC887,N8588G,C150,CESSNA 150,L1P,L
ABCB87,N85929,AR11,AERONCA 11 Chief,L1P,L
ABCC87,N86AJ,PA32,PIPER PA-32,L1P,L
ABCE87,N86WW,T6,NORTH AMERICAN T-6 Texan,L1P,L
ABD187,N8602T,C182,CESSNA 182 Skylane,L1P,L
ABD587,N8614W,P28B,PIPER PA-28-201T/235/236,L1P,L
ABDC87,N8631R,GLID,,L0-,-
ABE087,N8643U,DRON,,D0-,-
ABE287,N865MK,C25B,CESSNA 525B Citation CJ3,L2J,L
ABE587,N866EB,CH75,ZENAIR CH-750 Cruzer,L1P,L
ABE987,N867H,,,,
ABEB87,N8672S,C150,CESSNA 150,L1P,L
ABFA87,N871EX,RV12,VANS RV-12,L1P,L
ABFC87,N87109,CH7B,BELLANCA 7 Citabria,L1P,L
ABFF87,N872UA,A319,AIRBUS A-319,L2J,M
AC0387,N873WZ,DHC1,DE HAVILLAND DHC-1 Chipmunk,L1P,L
AC0487,N8735E,P32R,PIPER PA-32R-300/301/301T,L1P,L
AC0887,N8747H,NAVI,NORTH AMERICAN Navion,L1P,L
AC0A87,N875SP,BE20,BEECH 200 Super King Air,L2T,M
AC0B87,N8752,CH7B,BELLANCA 7 Citabria,L1P,L
AC0D87,N876KF,FOX,KITFOX,L1P,L
AC0F87,N8764C,P28A,PIPER PA-28-140/150/160/180,L1P,L
AC1187,N877ND,PA44,PIPER PA-44 Seminole,L2P,L
AC1B87,N88AL,PA12,PIPER PA-12 Super Cruiser,L1P,L
AC1C87,N88LS,C25A,CESSNA 525A Citation CJ2,L2J,L
AC1D87,N88WY,WAIX,SONEX Waiex,L1P,L
AC1E87,N880HC,R22,ROBINSON R-22 Mariner,H1P,L
AC2187,N88096,J3,PIPER J-3 Cub,L1P,L
AC2287,N881LA,C172,CESSNA 172 Skyhawk,L1P,L
AC2387,N881WG,DRON,,D0-,-
AC2487,N8814Y,PA30,PIPER PA-30 Twin Comanche,L2P,L
AC2587,N882CT,BE36,BEECH 36 Bonanza,L1P,L
AC2B87,N8831T,C182,CESSNA 182 Skylane,L1P,L
AC2C87,N88384,CH7B,BELLANCA 7 Citabria,L1P,L
AC2F87,N8843W,P28B,PIPER PA-28-201T/235/236,L1P,L
AC3187,N885MM,P46T,PIPER PA-46-500TP,L1T,L
AC3C87,N888L,LNCE,LANCAIR ES,L1P,L
AC3E87,N8884X,C182,CESSNA 182 Skylane,L1P,L
AC4487,N89RW,,,,
AC4587,N890CA,C402,CESSNA 402 Businessliner,L2P,L
AC4B87,N8911A,BE35,BEECH 35 Starfire Bonanza,L1P,L
AC4C87,N8918M,BE35,BEECH 35 Starfire Bonanza,L1P,L
AC4F87,N8923D,PA22,PIPER PA-22,L1P,L
AC5087,N893AP,K100,DAHER Kodiak 100,L1T,L
AC5287,N893XA,AVTR,AERO ADVENTURE Aventura 2,A1P,L
AC5387,N8935G,C182,CESSNA 182 Skylane,L1P,L
AC5487,N894DM,PC12,PILATUS PC-12,L1T,L
AC5787,N8947K,S108,STINSON 108 Voyager,L1P,L
AC5E87,N8964E,CRJ2,BOMBARDIER Regional Jet CRJ-200,L2J,M
AC6B87,N9LU,CH7B,BELLANCA 7 Citabria,L1P,L
AC6E87,N90TL,P210,CESSNA P210 Centurion,L1P,L
AC6F87,N900DR,GLAS,Glasair,L1P,L
AC7187,N9000C,BALL,,B0-,-
AC7287,N9007P,PA24,PIPER PA-24 Comanche,L1P,L
AC7487,N901SV,DRON,,D0-,-
AC7A87,N903CD,SR20,CIRRUS SR-20,L1P,L
AC7B87,N903NK,A20N,AIRBUS A-320neo,L2J,M
AC7D87,N9036M,C210,CESSNA 201 Centurion,L1P,L
AC8087,N9041D,PA22,PIPER PA-22,L1P,L
AC8187,N9048Q,BE35,BEECH 35 Starfire Bonanza,L1P,L
AC8287,N905J,CRJ9,BOMBARDIER Regional Jet CRJ-900,L2J,M
AC8487,N9053G,BALL,,B0-,-
AC8587,N906AS,H25B,HAWKER BEECHCRAFT Hawker 750/850,L2J,M
AC8887,N9065K,S108,STINSON 108 Voyager,L1P,L
AC8B87,N9070B,CH7A,BELLANCA 7 Champion,L1P,L
AC8C87,N9077N,LNC2,LANCAIR 200-320,L1P,L
AC9487,N91CC,C182,CESSNA 182 Skylane,L1P,L
AC9787,N910JV,M20P,MOONEY M-20,L1P,L
AC9987,N91032,TAYD,TAYLORCRAFT DC/DF/DL,L1P,L
AC9A87,N911BM,AC11,NORTH AMERICAN ROCKWELL Commander 112/114,L1P,L
AC9C87,N911XZ,,,,
AC9F87,N912QR,,,,
ACA087,N9120X,C182,CESSNA 182 Skylane,L1P,L
ACA287,N913HH,GLF4,GULFSTREAM 4,L2J,M
ACA487,N91320,UH1,BELL UH-1 Huey,H1T,L
ACA887,N91443,BALL,,B0-,-
ACAF87,N9161Y,M20P,MOONEY M-20,L1P,L
ACB087,N91689,NAVI,NORTH AMERICAN Navion,L1P,L
ACB587,N918MS,,,,
ACB787,N91854,CH7B,BELLANCA 7 Citabria,L1P,L
ACBB87,N91977,J3,PIPER J-3 Cub,L1P,L
ACC087,N9200E,M5,MAULE M-5,L1P,L
ACC287,N921GR,YK55,YAKOVLEV Yak-55,L1P,L
ACC587,N9219U,C150,CESSNA 150,L1P,L
ACC887,N9224L,AA1,AMERICAN AA-1,L1P,L
ACCC87,N9236P,PA24,PIPER PA-24 Comanche,L1P,L
ACCD87,N924FD,B752,BOEING 757-200,L2J,M
ACD187,N925JB,LJ45,LEARJET 45,L2J,M
ACD587,N926M,SU26,SUKHOI Su-26,L1P,L
ACD787,N9265M,M20P,MOONEY M-20,L1P,L
ACDA87,N9270D,PA18,PIPER PA-18 Super Cub,L1P,L
ACDD87,N928SW,CRJ2,BOMBARDIER Regional Jet CRJ-200,L2J,M
ACDF87,N9289T,DRON,,D0-,-
ACE387,N93CE,EVSS,EVEKTOR SportStar,L1P,L
ACEC87,N93157,C210,CESSNA 201 Centurion,L1P,L
ACF387,N93322,ULAC,,L0-,-
ACF987,N935PF,C56X,CESSNA 560XL Citation XLS,L2J,M
ACFE87,N93610,ERCO,AIR PRODUCTS F-1 Aircoupe,L1P,L
AD0087,N937JW,KR2,RAND KR-2,L1P,L
AD0B87,N94HJ,C172,CESSNA 172 Skyhawk,L1P,L
AD0D87,N940DV,TBM9,SOCATA TBM-900/910/930/940,L1T,L
AD0F87,N9400G,T206,CESSNA T206 Turbo Stationair,L1P,L
AD1387,N9412K,P28A,PIPER PA-28-140/150/160/180,L1P,L
AD1D87,N944RM,BE35,BEECH 35 Starfire Bonanza,L1P,L
AD1F87,N9448U,C150,CESSNA 150,L1P,L
AD2487,N946MB,,,,
AD2687,N9465P,PA24,PIPER PA-24 Comanche,L1P,L
AD2887,N947Q,BE35,BEECH 35 Starfire Bonanza,L1P,L
AD2E87,N9489V,M20P,MOONEY M-20,L1P,L
AD3087,N949VW,C182,CESSNA 182 Skylane,L1P,L
AD3B87,N95159,C152,CESSNA 152,L1P,L
AD3F87,N9528B,C180,CESSNA  180 Skywagon,L1P,L
AD4687,N95447,P28A,PIPER PA-28-140/150/160/180,L1P,L
AD4787,N955DB,BE95,BEECH 95 Travel Air,L2P,L
AD5187,N95735,TAYB,TAYLORCRAFT BC/BF/BL,L1P,L
AD5587,N95858,C182,CESSNA 182 Skylane,L1P,L
AD5687,N959EN,HDJT,HONDA HondaJet,L2J,L
AD5987,N9598A,,,,
AD5B87,N96TS,R44,ROBINSON R-44 Raven,H1P,L
AD5C87,N960DX,TBM9,SOCATA TBM-900/910/930/940,L1T,L
AD5E87,N9600J,HUSK,CHRISTEN Husky,L1P,L
AD6087,N961GV,P06T,TECNAM P-2006T,L2P,L
AD6387,N9619Y,BE35,BEECH 35 Starfire Bonanza,L1P,L
AD6D87,N9641K,P28A,PIPER PA-28-140/150/160/180,L1P,L
AD6E87,N9648W,P28A,PIPER PA-28-140/150/160/180,L1P,L
AD7887,N9670H,C172,CESSNA 172 Skyhawk,L1P,L
AD7987,N9677U,AA5,AMERICAN AA-5 Tiger,L1P,L
AD7B87,N968T,BE20,BEECH 200 Super King Air,L2T,M
AD8087,N9694P,PA18,PIPER PA-18 Super Cub,L1P,L
AD8187,N97CJ,C25A,CESSNA 525A Citation CJ2,L2J,L
AD8D87,N97203,S108,STINSON 108 Voyager,L1P,L
AD8E87,N9728D,PA22,PIPER PA-22,L1P,L
AD9787,N975PK,T18,THORP Tiger,L1P,L
AD9B87,N976SH,R22,ROBINSON R-22 Mariner,H1P,L
AD9C87,N97614,S108,STINSON 108 Voyager,L1P,L
AD9D87,N9769E,AR11,AERONCA 11 Chief,L1P,L
ADA087,N97737,S108,STINSON 108 Voyager,L1P,L
ADA787,N97902,C182,CESSNA 182 Skylane,L1P,L
ADA887,N9798C,PA34,PIPER PA-34 Seneca,L2P,L
ADB287,N98190,P28A,PIPER PA-28-140/150/160/180,L1P,L
ADB487,N982WA,S05R,SIAI-MARCHETTI S-205-22R,L1P,L
ADB687,N983CM,A321,AIRBUS A-321,L2J,M
ADBC87,N9841M,M4,MAULE M-4,L1P,L
ADCC87,N9889Z,BE18,BEECH 18 Expetitor,L2P,L
ADCE87,N989W,PA11,PIPER PA-11 Cub Special,L1P,L
ADD087,N99CL,VEZE,RUTAN VariEze,L1P,L
ADD187,N99NS,TEX2,BEECHCRAFT T-6 Texan 2,L1T,L
ADD287,N99YY,M20P,MOONEY M-20,L1P,L
ADD587,N9904,,,,
ADD787,N991NA,C172,CESSNA 172 Skyhawk,L1P,L
ADD987,N9916C,L8,LUSCOMBE 8,L1P,L
ADDD87,N9928F,C340,CESSNA 340 Super,L2P,L
ADDE87,N993HR,PA31,PIPER PA-31-300/310/325/350/425,L2P,L
ADE687,N995PM,B06,BELL 206 JetRanger,H1T,L
ADE887,N9957D,PA22,PIPER PA-22,L1P,L
ADEB87,N99616,ERCO,AIR PRODUCTS F-1 Aircoupe,L1P,L
ADEF87,N99739,ERCO,AIR PRODUCTS F-1 Aircoupe,L1P,L
ADF487,N999ES,BE9L,BEECH 90 King Air,L2T,L
ADF687,N99904,ERCO,AIR PRODUCTS F-1 Aircoupe,L1P,L
ADFC87,91-0099,BE40,BEECH 400 Beechjet,L2J,M
ADFE87,92-0552,C130,LOCKHEED C-130 Hercules,L4T,M
ADFF87,68-8127,T38,NORTHROP T-38 Talon,L2J,L
AE0087,66-8375,T38,NORTHROP T-38 Talon,L2J,L
AE0387,59-1472,K35R,BOEING KC-135R/T Stratotanker,L4J,H
AE0487,62-3556,K35R,BOEING KC-135R/T Stratotanker,L4J,H
AE0587,87-0042,C5M,LOCKHEED C-5 Super Galaxy,L4J,H
AE0687,60-0349,K35R,BOEING KC-135R/T Stratotanker,L4J,H
AE0A87,93-26474,H60,SIKORSKY UH-60 Black Hawk,H2T,M
AE0B87,94-26576,H60,SIKORSKY UH-60 Black Hawk,H2T,M
AE0D87,84-23936,H60,SIKORSKY UH-60 Black Hawk,H2T,M
AE1987,80-0234,A10,FAIRCHILD A-10 Thunderbolt II,L2J,M
AE1E87,08-3906,TEX2,BEECHCRAFT T-6 Texan 2,L1T,L
AE1F87,09-72120,EC45,AIRBUS HELICOPTERS EC-145,H2T,L
AE2687,6548,AS65,AEROSPATIALE AS-365 Dauphin 2,H2T,L
AE4887,09-20216,H60,SIKORSKY UH-60 Black Hawk,H2T,M
AE5287,09-08064,H47,BOEING-VERTOL CH-47 Chinook,H2T,M
AE5787,14-20663,H60,SIKORSKY UH-60 Black Hawk,H2T,M
AE5A87,15-72411,EC45,AIRBUS HELICOPTERS EC-145,H2T,L
AE5B87,07-0821,PC12,PILATUS PC-12,L1T,L
AE5D87,16-20893,H60,SIKORSKY UH-60 Black Hawk,H2T,M
AE6487,19-21053,H60,SIKORSKY UH-60 Black Hawk,H2T,M
AE6987,79-23321,H60,SIKORSKY UH-60 Black Hawk,H2T,M
AE6A87,20-21153,H60,SIKORSKY UH-60 Black Hawk,H2T,M
AE6B87,09-05687,H64,MCDONNELL DOUGLAS AH-64 Apache,H2T,M
AE6C87,21-21208,H60,SIKORSKY UH-60 Black Hawk,H2T,M
AE7487,21-03410,H64,MCDONNELL DOUGLAS AH-64 Apache,H2T,M
C00187,C-FAPA,DH60,DE HAVILLAND DH-60 Moth,L1P,L
C00287,C-FAYW,R44,ROBINSON R-44 Raven,H1P,L
C00487,C-FBSO,RV6,VANS RV-6,L1P,L
C00587,C-FCCK,B412,BELL 412,H2T,L
C00687,C-FCMG,D328,DORNIER 328,L2T,M
C00887,C-FDFY,BALL,,B0-,-
C00987,C-FDPU,,,,
C00A87,C-FDZQ,CNUK,FLEET 80 Canuck,L1P,L
C00B87,C-FEJM,FBA2,FOUND FB-2 Bush Hawk,L1P,L
C00C87,C-FETI,C195,CESSNA 195,L1P,L
C00D87,C-FFDE,L8,LUSCOMBE 8,L1P,L
C00E87,C-FFNA,GLID,,L0-,-
C00F87,C-FFWW,C150,CESSNA 150,L1P,L
C01087,C-FGGS,ERCO,AIR PRODUCTS F-1 Aircoupe,L1P,L
C01187,C-FGQO,P28A,PIPER PA-28-140/150/160/180,L1P,L
C01287,C-FHAK,AS50,AEROSPATIALE AS-350 Ecureuil,H1T,L
C01387,C-FHKG,C120,CESSNA 120,L1P,L
C01487,C-FHUC,CH80,ZENAIR CH-801 Stol,L1P,L
C01587,C-FIDY,PA18,PIPER PA-18 Super Cub,L1P,L
C01787,C-FIXQ,,,,
C01887,C-FJHM,J3,PIPER J-3 Cub,L1P,L
C01987,C-FJRI,F28,FOKKER F-28,L2J,M
C01A87,C-FKBE,CH7A,BELLANCA 7 Champion,L1P,L
C01B87,C-FKLA,PA12,PIPER PA-12 Super Cruiser,L1P,L
C01D87,C-FLES,C180,CESSNA  180 Skywagon,L1P,L
C01E87,C-FLOO,SS2T,TRUSH Turbo Thrush 500/550,L1T,L
C01F87,C-FLYK,,,,
C02087,C-FMIG,UT66,UTVA 66,L1P,L
C02187,C-FMSC,CRER,RANS Courier,L1P,L
C02287,C-FNBY,BE35,BEECH 35 Starfire Bonanza,L1P,L
C02387,C-FNLU,C172,CESSNA 172 Skyhawk,L1P,L
C02487,C-FNVQ,GLID,,L0-,-
C02687,C-FOPI,DHC6,DE HAVILLAND DHC-6 Twin Otter,L2T,L
C02787,C-FOZE,AS50,AEROSPATIALE AS-350 Ecureuil,H1T,L
C02887,C-FPJA,C172,CESSNA 172 Skyhawk,L1P,L
C02987,C-FPSW,WAIX,SONEX Waiex,L1P,L
C02A87,C-FQCS,C150,CESSNA 150,L1P,L
C02D87,C-FRGG,PA24,PIPER PA-24 Comanche,L1P,L
C02F87,C-FRZY,P28S,PIPER PA-28R-201T,L1P,L
C03087,C-FSJU,,,,
C03187,C-FSTQ,P28S,PIPER PA-28R-201T,L1P,L
C03287,C-FTDM,RBEL,MURPHY Rebel,L1P,L
C03387,C-FTNI,C182,CESSNA 182 Skylane,L1P,L
C03487,C-FTXE,B38M,BOEING 737 MAX 8,L2J,M
C03587,C-FUHA,P28R,PIPER PA-28R-180/200/201,L1P,L
C03787,C-FVAS,C337,CESSNA 337 Super Skymaster,L2P,L
C03887,C-FVKO,C172,CESSNA 172 Skyhawk,L1P,L
C03A87,C-FWEG,P28A,PIPER PA-28-140/150/160/180,L1P,L
C03B87,C-FWOC,C177,CESSNA  177 Cardinal,L1P,L
C03C87,C-FWXY,T6,NORTH AMERICAN T-6 Texan,L1P,L
C03E87,C-FXRQ,,,,
C04187,C-FYVE,C150,CESSNA 150,L1P,L
C04487,C-FZYS,BALL,,B0-,-
C04587,C-GAIO,,,,
C04687,C-GASK,E545,EMBRAER EMB545 Praetor 500,L2J,M
C04787,C-GBCG,G115,GROB G-115,L1P,L
C04887,C-GBMC,C150,CESSNA 150,L1P,L
C04987,C-GBVY,VJ22,VOLMER Sportsman,A1P,L
C04B87,C-GCPQ,,,,
C04C87,C-GCZM,C172,CESSNA 172 Skyhawk,L1P,L
C04D87,C-GDJI,,,,
C04E87,C-GDTE,R44,ROBINSON R-44 Raven,H1P,L
C04F87,C-GEDA,C421,CESSNA 421 Executive Commuter,L2P,L
C05087,C-GEMW,,,,
C05187,C-GEWS,C172,CESSNA 172 Skyhawk,L1P,L
C05387,C-GFQK,LA25,LAKE LA-250,A1P,L
C05487,C-GGAG,PA24,PIPER PA-24 Comanche,L1P,L
C05687,C-GGTY,BALL,,B0-,-
C05787,C-GHDU,C150,CESSNA 150,L1P,L
C05887,C-GHNQ,,,,
C05987,C-GXHM,B763,BOEING 767-300,L2J,H
C05A87,C-GIHI,S108,STINSON 108 Voyager,L1P,L
C05B87,C-GIRE,CLON,AUTOGYRO Cavalon,G1P,L
C05D87,C-GJKW,GLID,,L0-,-
C06087,C-GKOK,P28B,PIPER PA-28-201T/235/236,L1P,L
C06187,C-GKYG,,,,
C06287,C-GLIC,,,,
C06387,C-GLRY,AC11,NORTH AMERICAN ROCKWELL Commander 112/114,L1P,L
C06487,C-GMBU,,,,
C06587,C-GMLQ,TRF1,TEAM ROCKET F-1,L1P,L
C06687,C-GMVM,LNC2,LANCAIR 200-320,L1P,L
C06787,C-GNFI,P28A,PIPER PA-28-140/150/160/180,L1P,L
C06887,C-GNPE,DV20,DIAMOND DA-20,L1P,L
C06987,C-GNZA,AS55,AEROSPATIALE AS-355 Ecureuil 2,H2T,L
C06A87,C-GOIW,A21N,AIRBUS A-321neo,L2J,M
C06B87,C-GOSS,C210,CESSNA 201 Centurion,L1P,L
C06C87,C-GPCO,A139,AGUSTA AW-139,H2T,L
C06D87,C-GPMK,C150,CESSNA 150,L1P,L
C06E87,C-GPWG,A320,AIRBUS A-320,L2J,M
C06F87,C-GQGC,P28A,PIPER PA-28-140/150/160/180,L1P,L
C07087,C-GQPY,MIMU,BUSHBY Midget Mustang,L1P,L
C07487,C-GSDI,BALL,,B0-,-
C07587,C-GSNE,R66,ROBINSON R-66,H1T,L
C07687,C-GSXA,PA36,PIPER PA-36 Pawnee Brave,L1P,L
C07787,C-GTGW,BALL,,B0-,-
C07887,C-GTQS,R44,ROBINSON R-44 Raven,H1P,L
C07A87,C-GUKK,B06,BELL 206 JetRanger,H1T,L
C07B87,C-GUUG,GL7T,BOMBARDIER BD-700 Global 7000/7500,L2J,M
C07C87,C-GVEC,,,,
C07D87,C-GVNY,AJET,DASSAULT-DORNIER Alpha Jet,L2J,M
C07F87,C-GWHQ,C150,CESSNA 150,L1P,L
C08087,C-GWRM,C402,CESSNA 402 Businessliner,L2P,L
C08187,C-GXBI,C150,CESSNA 150,L1P,L
C08287,C-GXLE,AS50,AEROSPATIALE AS-350 Ecureuil,H1T,L
C08387,C-GXVA,C185,CESSNA 185 Skywagon,L1P,L
C08487,C-GYEW,C172,CESSNA 172 Skyhawk,L1P,L
C08587,C-GYOS,,,,
C08787,C-GZIK,AS50,AEROSPATIALE AS-350 Ecureuil,H1T,L
C08887,C-GZSG,B38M,BOEING 737 MAX 8,L2J,M
C08987,C-IACC,ULAC,,L0-,-
C08A87,C-IALY,CHIN,ASAP Chinook,L1P,L
C08B87,C-IAVU,ULAC,,L0-,-
C08C87,C-IBFQ,ULAC,,L0-,-
C08F87,C-ICJE,ULAC,,L0-,-
C09387,C-IDWO,ULAC,,L0-,-
C09487,C-IEGK,ULAC,,L0-,-
C09587,C-IEQG,ULAC,,L0-,-
C09687,C-IFAC,ULAC,,L0-,-
C09887,C-IFTU,PARA,,P0-,-
C09A87,C-IGNM,PARA,,P0-,-
C09B87,C-IGXI,ULAC,,L0-,-
C09F87,C-IIKS,DAKH,FISHER Dakota Hawk,L1P,L
C0A187,C-IJEK,CAMP,GREGA GN-1 Aircamper,L1P,L
C0A287,C-IJOG,PARA,,P0-,-
C0A387,C-IJYC,PARA,,P0-,-
C0A487,C-IKHY,ULAC,,L0-,-
C0A587,C-IKRU,PARA,,P0-,-
C0A687,C-ILBQ,PARA,,P0-,-
C0A787,C-ILLM,PARA,,P0-,-
C0A887,C-ILVI,ULAC,,L0-,-
C0C487,C-IWLA,ULAC,,L0-,-
C0C687,C-IXES,COY2,RANS Coyote 2,L1P,L
C1E587,SERV,SERV,,V0-,-
C1E987,SERV,SERV,,V0-,-
C80087,ZK-AVU,J1,AUSTER J-1,L1P,L
C80287,ZK-DCD,C182,CESSNA 182 Skylane,L1P,L
C80887,ZK-GMJ,GLID,,L0-,-
C80F87,ZK-SWJ,SAKO,RANS S-10 Sakota,L1P,L
C81087,ZK-GWZ,GLID,,L0-,-
C81487,ZK-RMS,ULAC,,L0-,-
C81587,ZK-TRG,ECHO,TECNAM P-92 Echo,L1P,L
C81887,ZK-TVB,SIRA,TECNAM P-2002 Sierra,L1P,L
C81A87,ZK-IZI,EC30,AIRBUS HELICOPTERS EC-130,H1T,L
C81C87,ZK-EVA,C152,CESSNA 152,L1P,L
C81D87,ZK-RUA,GYRO,,G0-,-
C81E87,ZK-USN,ST75,STEARMAN Kaydet,L1P,L
C82087,ZK-WYX,WAIX,SONEX Waiex,L1P,L
C82287,ZK-KEV,YK52,YAKOVLEV Yak-52,L1P,L
C82387,ZK-KDD,P750,PACIFIC AEROSPACE P-750 XStol,L1T,L
C82487,ZK-WUB,C172,CESSNA 172 Skyhawk,L1P,L
C82787,ZK-BMG,M7,MAULE M-7,L1P,L
C82887,ZK-HII,EC20,AIRBUS HELICOPTERS EC-120,H1T,L
C82987,ZK-HAJ,B06,BELL 206 JetRanger,H1T,L
E02187,LV-BFG,LJ31,LEARJET 31,L2J,M
E03287,LV-CJG,H25B,HAWKER BEECHCRAFT Hawker 750/850,L2J,M
E06287,LV-FJG,C170,CESSNA 170,L1P,L
E06487,LV-FRG,C182,CESSNA 182 Skylane,L1P,L
E07587,LV-GVG,BE58,BEECH 58 Baron,L2P,L
E08587,LV-HVG,BE58,BEECH 58 Baron,L2P,L
E0A587,LV-JVG,B407,BELL 407,H1T,L
E0D387,LV-MNG,P32T,PIPER PA-32RT-300/300T,L1P,L
E0F087,LV-OBG,C310,CESSNA 310,L2P,L
E19087,LV-YBG,C150,CESSNA 150,L1P,L
E19187,LV-YFG,PA12,PIPER PA-12 Super Cruiser,L1P,L
E40087,6051,H25B,HAWKER BEECHCRAFT Hawker 750/850,L2J,M
E40187,PR-TDM,E50P,EMBRAER EMB-500 Phenom 100,L2J,L
E48287,PR-MPJ,BE20,BEECH 200 Super King Air,L2T,M
E48387,PR-AYE,E190,EMBRAER ERJ-190-100,L2J,M
E48987,PR-GUK,B738,BOEING 737-800,L2J,M
E49287,FAB7109,E110,EMBRAER EMB-110 Bandeirante,L2T,L
E49687,PS-BFP,BE20,BEECH 200 Super King Air,L2T,M
E49887,PS-AAV,GLF5,GULFSTREAM 5,L2J,M
E49A87,PS-AEJ,E295,EMBRAER ERJ-190-400,L2J,M
E80887,CC-ATK,RV14,VANS RV-14,L1P,L
E84087,HC-CUK,C182,CESSNA 182 Skylane,L1P,L
E88F87,ZP-BUL,BE55,BEECH 55 Baron,L2P,L
FAA687,TWR,TWR,,T0-,-
