009D9A,ZS-LEV,S22T,CIRRUS SR-22T Turbo,L1P,L
00A09A,ZS-MIJ,C188,CESSNA 188 AgTruck,L1P,L
00A19A,ZS-MSF,PC12,PILATUS PC-12,L1T,L
00A49A,ZS-NVT,BE58,BEECH 58 Baron,L2P,L
00AF9A,ZS-SAB,F2TH,DASSAULT Falcon 2000,L2J,M
00B09A,ZS-SJX,E135,EMBRAER ERJ-135,L2J,M
00B19A,ZS-STT,SR22,CIRRUS SR-22,L1P,L
00BF9A,ZS-YBP,DH8D,DE HAVILLAND DHC-8-400 Dash 8,L2T,M
04C19A,5Y-SMQ,F50,FOKKER 50,L2T,M
05A09A,8Q-TAT,DHC6,DE HAVILLAND DHC-6 Twin Otter,L2T,L
06419A,5N-APZ,CL60,BOMBARDIER CL-600 Challenger,L2J,M
06809A,5X-GBT,B733,BOEING 737-300,L2J,M
06A09A,A7-AHS,A320,AIRBUS A-320,L2J,M
06A29A,QA333,AS50,AEROSPATIALE AS-350 Ecureuil,H1T,L
08009A,5H-MFA,C208,CESSNA 208 Caravan,L1T,L
09009A,D2-EZR,C750,CESSNA 750 Citation 10,L2J,M
0A009A,7T-VCE,B738,BOEING 737-800,L2J,M
0A809A,C6-BAS,G200,AKROTECH G-200,L1P,L
0AC19A,HK-4979,AT45,ATR-42-500,L2T,M
0AC79A,EJC2172,H60,SIKORSKY UH-60 Black Hawk,H2T,M
0AC89A,FAC2460,SNGY,LANCAIR Calima,L1P,L
0AC99A,ARC433,C208,CESSNA 208 Caravan,L1T,L
0D069A,XA-AMY,BE40,BEECH 400 Beechjet,L2J,M
0D089A,XA-UUT,DC93,MCDONNELL DOUGLAS DC-9-30,L2J,M
0D099A,XA-VAR,A320,AIRBUS A-320,L2J,M
0D0A9A,XA-ADG,B789,BOEING 787-9 Dreamliner,L2J,H
0D0B9A,XA-VCX,CRJ2,BOMBARDIER Regional Jet CRJ-200,L2J,M
0D0C9A,XB-RBV,PA46,PIPER PA-46-310/350,L1P,L
0D0D9A,XB-MGD,SW4,SWEARINGEN Metro,L2T,M
0D0E9A,XA-YNZ,E35L,EMBRAER EMB-135 Legacy,L2J,M
115F9A,GND,GND,,V0-,-
14169A,RA-05786,R66,ROBINSON R-66,H1T,L
142D9A,RA-11674,,,,
142F9A,RA-12186,,,,
15009A,RA-65690,T134,TUPOLEV Tu-134,L2J,M
15069A,RA-67226,GL5T,BOMBARDIER BD-700 Global 5000/5500,L2J,M
151D9A,RA-73114,B738,BOEING 737-800,L2J,M
15409A,RA-82074,A124,ANTONOV An-124 Ruslan,L4J,H
30029A,I-PVLH,DV20,DIAMOND DA-20,L1P,L
30049A,I-NAGI,ECHO,TECNAM P-92 Echo,L1P,L
30059A,I-NDYA,BALL,,B0-,-
30069A,I-MGII,AS50,AEROSPATIALE AS-350 Ecureuil,H1T,L
30079A,I-LYDU,P28T,PIPER PA-28RT-201,L1P,L
30089A,I-MIAK,AS50,AEROSPATIALE AS-350 Ecureuil,H1T,L
31DD9A,I-D050,ULAC,,L0-,-
31DF9A,I-E082,G70,GROPPO G-70,L1P,L
33FD9A,MM81614,NH90,NHI NH-90,H2T,M
34249A,EC-JJQ,B412,BELL 412,H2T,L
34329A,EC-LBD,EC35,AIRBUS HELICOPTERS EC-135/635,H2T,L
34339A,EC-ERS,C340,CESSNA 340 Super,L2P,L
34359A,EC-ILE,BE20,BEECH 200 Super King Air,L2T,M
34409A,EC-LLM,A320,AIRBUS A-320,L2J,M
34469A,EC-MGZ,A321,AIRBUS A-321,L2J,M
34529A,EC-MMY,B788,BOEING 787-8 Dreamliner,L2J,H
34569A,EC-MUY,A319,AIRBUS A-319,L2J,M
34629A,EC-NEZ,E295,EMBRAER ERJ-190-400,L2J,M
34639A,EC-NFX,BE20,BEECH 200 Super King Air,L2T,M
34659A,EC-NMZ,A359,AIRBUS A-350-900,L2J,H
38009A,F-WWDA,A20N,AIRBUS A-320neo,L2J,M
38019A,F-WWIA,A20N,AIRBUS A-320neo,L2J,M
38039A,F-WWKT,A332,AIRBUS A-330-200,L2J,H
38069A,F-WWJS,F2TH,DASSAULT Falcon 2000,L2J,M
380A9A,F-WWCD,A332,AIRBUS A-330-200,L2J,H
380B9A,F-WWCL,A338,AIRBUS A-330-800,L2J,H
380C9A,F-WWCT,A332,AIRBUS A-330-200,L2J,H
380D9A,F-WWBD,A20N,AIRBUS A-320neo,L2J,M
380E9A,F-WWBN,A20N,AIRBUS A-320neo,L2J,M
380F9A,F-WWBV,A20N,AIRBUS A-320neo,L2J,M
38109A,F-WWDF,A20N,AIRBUS A-320neo,L2J,M
38119A,F-WWDN,A20N,AIRBUS A-320neo,L2J,M
38129A,F-WWDV,A320,AIRBUS A-320,L2J,M
38139A,F-WWII,A20N,AIRBUS A-320neo,L2J,M
38149A,F-WWIQ,A320,AIRBUS A-320,L2J,M
38159A,F-WWIZ,A20N,AIRBUS A-320neo,L2J,M
38169A,F-WWEF,AT76,ATR-72-600,L2T,M
38189A,F-WWEV,AT76,ATR-72-600,L2T,M
38199A,F-WWLE,AT46,ATR-42-600,L2T,M
381C9A,F-WWHC,FA7X,DASSAULT Falcon 7X,L3J,M
381E9A,F-WWHT,FA7X,DASSAULT Falcon 7X,L3J,M
38239A,F-WWFR,F900,DASSAULT Falcon 900,L3J,M
38249A,F-WWVA,F900,DASSAULT Falcon 900,L3J,M
38259A,F-WWVI,FA7X,DASSAULT Falcon 7X,L3J,M
38269A,F-WWVQ,FA8X,DASSAULT Falcon 8X,L3J,M
38289A,F-WWYG,A332,AIRBUS A-330-200,L2J,H
38299A,F-WWYN,A332,AIRBUS A-330-200,L2J,H
382A9A,F-WWYV,A332,AIRBUS A-330-200,L2J,H
38369A,F-WWTR,A20N,AIRBUS A-320neo,L2J,M
38379A,F-WWSS,A388,AIRBUS A-380-800,L4J,H
38389A,F-WWGB,F2TH,DASSAULT Falcon 2000,L2J,M
383A9A,F-WWGW,F2TH,DASSAULT Falcon 2000,L2J,M
38499A,F-WWQG,FA8X,DASSAULT Falcon 8X,L3J,M
384A9A,F-WWQO,FA8X,DASSAULT Falcon 8X,L3J,M
3AAB9A,F-MDBQ,PUMA,AEROSPATIALE SA-330 Puma,H2T,L
3B769A,E7,AJET,DASSAULT-DORNIER Alpha Jet,L2J,M
3B7B9A,F-ZBPQ,EC45,AIRBUS HELICOPTERS EC-145,H2T,L
3C929A,D-BDTZ,E550,EMBRAER EMB-550 Praetor 600,L2J,M
3CE39A,D-CNMO,PC24,PILATUS PC-24,L2J,M
3CE79A,D-COZY,E55P,EMBRAER EMB-505 Phenom 300,L2J,M
3D059A,D-EAJI,DR30,CENTRE EST Prince,L1P,L
3D089A,D-EBMW,C207,CESSNA 207 Turbo Stationair,L1P,L
3D0C9A,D-EDAG,M20P,MOONEY M-20,L1P,L
3D0D9A,D-EDKC,RALL,SOCATA Rallye,L1P,L
3D0E9A,D-EDTY,C172,CESSNA 172 Skyhawk,L1P,L
3D0F9A,D-EEDU,C182,CESSNA 182 Skylane,L1P,L
3D149A,D-EGBA,BU81,BUCKER Bu-183 Bestmann,L1P,L
3D169A,D-EGUS,TOBA,SOCATA Tobago,L1P,L
3D179A,D-EHEO,DR40,ROBIN DR-400,L1P,L
3D1A9A,D-EIIC,PA46,PIPER PA-46-310/350,L1P,L
3D209A,D-EKPE,C152,CESSNA 152,L1P,L
3D249A,D-EMCO,P28B,PIPER PA-28-201T/235/236,L1P,L
3D259A,D-EMMK,M20P,MOONEY M-20,L1P,L
3D269A,D-EMWG,TOBA,SOCATA Tobago,L1P,L
3D289A,D-ENPY,P28A,PIPER PA-28-140/150/160/180,L1P,L
3D299A,D-ENZU,PA22,PIPER PA-22,L1P,L
3D2D9A,D-EPNE,A210,AQUILA A-210,L1P,L
3D2E9A,D-EPXA,IMPU,IMPULSE Xturn,L1P,L
3D319A,D-ERAO,SR22,CIRRUS SR-22,L1P,L
3D339A,D-ERUG,RALL,SOCATA Rallye,L1P,L
3D349A,D-ESEC,TOBA,SOCATA Tobago,L1P,L
3D389A,D-ETRM,SR22,CIRRUS SR-22,L1P,L
3D3C9A,D-EVEW,BE23,BEECH 23 Sundowner,L1P,L
3D3D9A,D-EVOS,C182,CESSNA 182 Skylane,L1P,L
3D3F9A,D-EWIK,C177,CESSNA  177 Cardinal,L1P,L
3D419A,D-EXCC,DR40,ROBIN DR-400,L1P,L
3D489A,D-EZTA,C172,CESSNA 172 Skyhawk,L1P,L
3DA49A,D-GIOW,PA34,PIPER PA-34 Seneca,L2P,L
3DB39A,D-GOGO,P68,PARTENAVIA P-68 Observer,L2P,L
3DF19A,D-HLTA,EC55,AIRBUS HELICOPTERS EC-155,H2T,L
3DF79A,D-HOAC,A139,AGUSTA AW-139,H2T,L
3E189A,C-GBFW,BE20,BEECH 200 Super King Air,L2T,M
3E339A,D-IKSW,C337,CESSNA 337 Super Skymaster,L2P,L
3E5C9A,D-KAGO,DIMO,DIAMOND H-36 Dimona,L1P,L
3E5E9A,D-KBAG,NIMB,SCHEMPP-HIRTH Nimbus,L1P,L
3E639A,D-KCXM,VENT,SCHEMPP-HIRTH Ventus,L1P,L
3E679A,D-KEKW,GLID,,L0-,-
3E729A,D-KIPE,SF25,SCHEIBE SF-25 Falke,L1P,L
3E769A,D-3401,GLID,,L0-,-
3E7A9A,D-KLPY,AS26,SCHLEICHER ASH-26,L1P,L
3E7D9A,D-KMTM,GLID,,L0-,-
3EBD9A,82-0X,AS32,AEROSPATIALE AS-332 Super Puma,H2T,M
3EC49A,D-KPKK,LAE1,LANGE E-1 Antares 20E,L1E,L
3EE09A,D-0003,GLID,,L0-,-
3EE49A,D-1027,DG60,DG FLUGZEUGBAU DG-600M,L1P,L
3EED9A,D-3331,DUOD,SCHEMPP-HIRTH Duo Discus,L1P,L
3F289A,D-OBHA,BALL,,B0-,-
3FD29A,D-OREO,BALL,,B0-,-
3FD59A,D-OSIC,BALL,,B0-,-
3FEA9A,D-MFBS,FK9,B&F TECHNIK FK-9,L1P,L
3FEB9A,D-MNKL,FDCT,FLIGHT DESIGN CT,L1P,L
3FEC9A,D-MKKE,EV97,EVEKTRO EV-97 EuroStar,L1P,L
3FED9A,D-MVKT,EV97,EVEKTRO EV-97 EuroStar,L1P,L
3FEE9A,D-MNOH,FDCT,FLIGHT DESIGN CT,L1P,L
3FF09A,D-MFSL,C42,IKARUS C-42 Bison,L1P,L
3FF29A,D-MMMK,EV97,EVEKTRO EV-97 EuroStar,L1P,L
3FF39A,D-MWKR,TL30,TL ULTRALIGHT TL-3000 Sirius,L1P,L
3FF49A,D-MLFO,FK9,B&F TECHNIK FK-9,L1P,L
3FF59A,D-XXZE,GLID,,L0-,-
40039A,VQ-TAB,E145,EMBRAER ERJ-145,L2J,M
400F9A,G-DBCK,A319,AIRBUS A-319,L2J,M
40109A,G-ONIX,BALL,,B0-,-
40129A,G-RVAB,RV7,VANS RV-7,L1P,L
40139A,G-KVAN,FDCT,FLIGHT DESIGN CT,L1P,L
40149A,G-ANNG,DH82,DE HAVILLAND DH-82 Tiger Moth,L1P,L
40159A,G-ARYR,P28A,PIPER PA-28-140/150/160/180,L1P,L
40189A,G-AYEE,P28A,PIPER PA-28-140/150/160/180,L1P,L
401B9A,G-BCRL,P28A,PIPER PA-28-140/150/160/180,L1P,L
401C9A,G-BEUU,PA18,PIPER PA-18 Super Cub,L1P,L
401F9A,G-BJEL,NC85,NORD NC-858,L1P,L
40229A,G-PARI,C172,CESSNA 172 Skyhawk,L1P,L
40249A,G-MMXO,ULAC,,L0-,-
40259A,G-HMPT,B06,BELL 206 JetRanger,H1T,L
40269A,G-WIMP,BALL,,B0-,-
402C9A,G-NBDD,DR40,ROBIN DR-400,L1P,L
402D9A,G-ONAF,N3N,NAVAL AIRCRAFT FACTORY N3N,L1P,L
402E9A,G-IXII,EAGL,CHRISTEN Eagle,L1P,L
402F9A,G-BROZ,PA18,PIPER PA-18 Super Cub,L1P,L
40309A,G-BRVG,T6,NORTH AMERICAN T-6 Texan,L1P,L
40349A,G-BTRW,GLID,,L0-,-
403A9A,G-MYWT,ULAC,,L0-,-
403D9A,G-HEKK,RAF2,ROTARY AIR FORCE RAF-2000,G1P,L
40409A,G-BYCJ,ULAC,,L0-,-
40419A,G-BYLZ,COZY,CO-Z Cozy,L1P,L
40429A,G-OHWV,XAIR,RAJ HAMSA X-AIR Falcon,L1P,L
40459A,G-CBBB,ULAC,,L0-,-
40489A,G-PAYD,DR40,ROBIN DR-400,L1P,L
40499A,G-POLB,EC35,AIRBUS HELICOPTERS EC-135/635,H2T,L
404D9A,G-CDHY,BALL,,B0-,-
404E9A,G-CKKF,VENT,SCHEMPP-HIRTH Ventus,L1P,L
40539A,G-CFLE,DISC,SCHEMPP-HIRTH Discus,L1P,L
40549A,G-STME,S10S,STEMME S-10 Chrysalis,L1P,L
40599A,G-INGS,BL8,BELLANCA 8 Decathlon,L1P,L
405C9A,G-BWCH,BALL,,B0-,-
405D9A,G-DOLI,SR20,CIRRUS SR-20,L1P,L
40619A,G-EGLA,C172,CESSNA 172 Skyhawk,L1P,L
40629A,G-CLFH,GLID,,L0-,-
40639A,G-CGNM,MM16,MAGNI M-16 Tandem Trainer,G1P,L
40649A,G-VZIM,HR20,ROBIN HR-200,L1P,L
40669A,G-XTME,XA42,XTREMAIR XA-42,L1P,L
40679A,G-STPK,ULAC,,L0-,-
406A9A,G-OXFC,PA34,PIPER PA-34 Seneca,L2P,L
406B9A,G-OWPS,C42,IKARUS C-42 Bison,L1P,L
406C9A,G-CIJF,DUOD,SCHEMPP-HIRTH Duo Discus,L1P,L
406D9A,G-PRPD,DH8D,DE HAVILLAND DHC-8-400 Dash 8,L2T,M
406F9A,G-PRPE,DH8D,DE HAVILLAND DHC-8-400 Dash 8,L2T,M
40719A,G-SATI,BALL,,B0-,-
40729A,G-SNSJ,A139,AGUSTA AW-139,H2T,L
40739A,G-VRRV,RV12,VANS RV-12,L1P,L
40749A,G-ZBKS,B789,BOEING 787-9 Dreamliner,L2J,H
40759A,G-KRTO,KR2,RAND KR-2,L1P,L
40769A,G-TUMG,B38M,BOEING 737 MAX 8,L2J,M
40779A,G-XWBD,A35K,AIRBUS A-350-1000,L2J,H
407C9A,G-ODLA,C208,CESSNA 208 Caravan,L1T,L
407D9A,G-CMFF,P28A,PIPER PA-28-140/150/160/180,L1P,L
42459A,VQ-BTB,B752,BOEING 757-200,L2J,M
42469A,VP-BSM,B738,BOEING 737-800,L2J,M
42479A,VP-CKL,GLF6,GULFSTREAM G650,L2J,M
42489A,VP-CRD,DH8D,DE HAVILLAND DHC-8-400 Dash 8,L2T,M
42499A,VQ-BOY,B738,BOEING 737-800,L2J,M
43C09A,ZH888,C30J,LOCKHEED MARTIN C-130J Super Hercules,L4T,M
43C39A,ZJ781,AS65,AEROSPATIALE AS-365 Dauphin 2,H2T,L
43C49A,ZJ920,EUFI,EUROFIGHTER 2000,L2J,M
43C79A,ZK372,EUFI,EUROFIGHTER 2000,L2J,M
43E99A,M-DADA,GLEX,BOMBARDIER BD-700 Global 6000/6500,L2J,M
43EA9A,M-CVGL,GL5T,BOMBARDIER BD-700 Global 5000/5500,L2J,M
44019A,OE-EAU,PC12,PILATUS PC-12,L1T,L
44029A,OE-KHF,C182,CESSNA 182 Skylane,L1P,L
44079A,OE-ISG,A21N,AIRBUS A-321neo,L2J,M
44089A,OE-XSP,AS32,AEROSPATIALE AS-332 Super Puma,H2T,M
440C9A,OE-AEK,DV20,DIAMOND DA-20,L1P,L
44809A,OO-154,RV9,VANS RV-9,L1P,L
44899A,OO-BLZ,BALL,,B0-,-
44CE9A,OO-STZ,AS50,AEROSPATIALE AS-350 Ecureuil,H1T,L
44E99A,OO-ZLZ,GLID,,L0-,-
45899A,OY-BLZ,P28A,PIPER PA-28-140/150/160/180,L1P,L
458D9A,OY-CLZ,AT75,ATR-72-500,L2T,M
458E9A,OY-CTZ,C172,CESSNA 172 Skyhawk,L1P,L
461F9A,OH-LZE,A321,AIRBUS A-321,L2J,M
463B9A,OH-WOW,DA40,DIAMOND DA-40 Club Star,L1P,L
46889A,SX-BDZ,PA44,PIPER PA-44 Seminole,L2P,L
46A09A,SX-HDZ,R66,ROBINSON R-66,H1T,L
47129A,HA-HBE,EC20,AIRBUS HELICOPTERS EC-120,H1T,L
471F9A,HA-LZE,A21N,AIRBUS A-321neo,L2J,M
473F9A,HA-YCG,PA27,PIPER PA-23-250 Aztec,L2P,L
477F9A,14,EC45,AIRBUS HELICOPTERS EC-145,H2T,L
47839A,LN-OGC,R44,ROBINSON R-44 Raven,H1P,L
47859A,LN-FTD,C172,CESSNA 172 Skyhawk,L1P,L
47929A,LN-OFX,AS50,AEROSPATIALE AS-350 Ecureuil,H1T,L
48449A,P4-MDH,MD83,MCDONNELL-DOUGLAS MD-83,L2J,M
48489A,PH-1392,GLID,,L0-,-
48499A,PH-ARR,BALL,,B0-,-
484B9A,PH-1161,GLID,,L0-,-
484C9A,PH-731,GLID,,L0-,-
484D9A,PH-384,GLID,,L0-,-
484E9A,PH-291,GLID,,L0-,-
484F9A,PH-DVS,CH70,ZENAIR CH-701 Stol,L1P,L
48509A,P4-HUA,A19N,AIRBUS A-319neo,L2J,M
48519A,PH-1GO,ZZZZ,,-0-,-
48539A,PH-1ND,ZZZZ,,-0-,-
48549A,PH-1XR,ZZZZ,,-0-,-
48559A,PH-2IV,ZZZZ,,-0-,-
48599A,PH-UDB,DA62,DIAMOND DA-62,L2P,L
48649A,PH-JWK,SR22,CIRRUS SR-22,L1P,L
48D89A,4066,F16,GENERAL DYNAMICS F-16 Fighting Falcon,L1J,M
491D9A,CS-GLZ,GL5T,BOMBARDIER BD-700 Global 5000/5500,L2J,M
49529A,CS-TTZ,E195,EMBRAER ERJ-190-200,L2J,M
49569A,CS-UTZ,ULAC,,L0-,-
49599A,CS-VLZ,G280,GULFSTREAM G280,L2J,M
497C9A,14810,P3,LOCKHEED P-3 Orion,L4T,M
49849A,0568,Z42,ZLIN Z-42/142/242,L1P,L
49B09A,OK-6475,GLID,,L0-,-
49D29A,OK-JHE,Z26,ZLIN Z-26/126/226/326/526/626/726,L1P,L
49D39A,OK-DSU,C150,CESSNA 150,L1P,L
49D49A,OK-BBB,BR23,BRM AERO Bristell B23,L1P,L
4A349A,YR-MDZ,P208,TECNAM P-2008,L1P,L
4A919A,SE-DLZ,C500,CESSNA 500 Citation 1,L2J,L
4AA69A,SE-ITZ,C172,CESSNA 172 Skyhawk,L1P,L
4AAC9A,SE-KDZ,P28A,PIPER PA-28-140/150/160/180,L1P,L
4AB19A,SE-LLZ,DA40,DIAMOND DA-40 Club Star,L1P,L
4AB29A,SE-LTZ,AC11,NORTH AMERICAN ROCKWELL Commander 112/114,L1P,L
4AB49A,SE-MDZ,EVSS,EVEKTOR SportStar,L1P,L
4AB59A,SE-MLZ,P28A,PIPER PA-28-140/150/160/180,L1P,L
4AC99A,SE-RLZ,H25B,HAWKER BEECHCRAFT Hawker 750/850,L2J,M
4AD49A,SE-UDZ,GLID,,L0-,-
4AD99A,SE-VLZ,EV97,EVEKTRO EV-97 EuroStar,L1P,L
4AE29A,SE-XTZ,SVNH,AEROTEC Savannah,L1P,L
4B059A,HB-CDE,C77R,CESSNA 177RG Cardinal RG,L1P,L
4B0F9A,HB-FXQ,PC12,PILATUS PC-12,L1T,L
4B169A,HB-IOO,A321,AIRBUS A-321,L2J,M
4B199A,HB-JSC,FA8X,DASSAULT Falcon 8X,L3J,M
4B229A,HB-NCS,AC11,NORTH AMERICAN ROCKWELL Commander 112/114,L1P,L
4B2B9A,HB-QNI,BALL,,B0-,-
4B2C9A,HB-QXE,BALL,,B0-,-
4B399A,HB-VVE,PC24,PILATUS PC-24,L2J,M
4B3E9A,HB-XSK,H269,HUGHES Sky Knight,H1P,L
4B409A,HB-YMC,V322,MSW Votec 322,L1P,L
4B489A,HB-1011,GLID,,L0-,-
4B4B9A,HB-1779,GLID,,L0-,-
4B4D9A,HB-2291,DG80,DG FLUGZEUGBAU DG-800,L1P,L
4B7F9A,T-325,AS32,AEROSPATIALE AS-332 Super Puma,H2T,M
4B829A,TCB-702,AT76,ATR-72-600,L2T,M
4BA99A,TC-JLZ,A319,AIRBUS A-319,L2J,M
4CA59A,EI-GLT,GLID,,L0-,-
4CA69A,EI-AED,C120,CESSNA 120,L1P,L
4CA89A,EI-EOC,RV6,VANS RV-6,L1P,L
4CAC9A,EI-GDW,B738,BOEING 737-800,L2J,M
4CAF9A,EI-STP,B734,BOEING 737-400,L2J,M
4D209A,9H-LEO,C550,CESSNA 550 Citation S2,L2J,L
4D229A,9H-TDI,GL5T,BOMBARDIER BD-700 Global 5000/5500,L2J,M
4D239A,9H-CXD,B738,BOEING 737-800,L2J,M
50009A,T7-YCQ,PA34,PIPER PA-34 Seneca,L2P,L
50019A,T7-SSS,GLEX,BOMBARDIER BD-700 Global 6000/6500,L2J,M
50029A,T7-DAL,GLEX,BOMBARDIER BD-700 Global 6000/6500,L2J,M
505E9A,OM-KAT,DV20,DIAMOND DA-20,L1P,L
506D9A,S5-DJM,C82R,CESSNA R182 Skylane RG,L1P,L
50809A,UP-Y4037,YK40,YAKOVLEV Yak-40,L3J,M
51009A,EW-455PA,B738,BOEING 737-800,L2J,M
68329A,UP-DH001,DH8D,DE HAVILLAND DHC-8-400 Dash 8,L2T,M
70209A,S2-AJU,B788,BOEING 787-8 Dreamliner,L2J,H
70C09A,A4O-BU,B738,BOEING 737-800,L2J,M
71009A,HZ-AED,E170,EMBRAER ERJ-170-100,L2J,M
71019A,HZ-S4,C208,CESSNA 208 Caravan,L1T,L
71039A,811,SR22,CIRRUS SR-22,L1P,L
72779A,P-885,IL62,ILYUSHIN Il-62,L4J,H
73949A,4X-HLR,TEXA,FLY SYNTHESIS Texan,L1P,L
74459A,JY-RJZ,P28A,PIPER PA-28-140/150/160/180,L1P,L
75049A,9M-ITM,P28A,PIPER PA-28-140/150/160/180,L1P,L
76099A,AP-BLZ,A320,AIRBUS A-320,L2J,M
76209A,R09-001,IL76,ILYUSHIN Il-76/82,L4J,H
78009A,B-7353,S92,SIKORSKY S-92 Helibus,H2T,M
78039A,B-9269,C172,CESSNA 172 Skyhawk,L1P,L
78059A,B-6405,A319,AIRBUS A-319,L2J,M
78089A,B-6903,A320,AIRBUS A-320,L2J,M
78099A,B-5717,B738,BOEING 737-800,L2J,M
780A9A,B-KEY,GLF6,GULFSTREAM G650,L2J,M
780C9A,B-1978,B738,BOEING 737-800,L2J,M
780D9A,B-1773,B738,BOEING 737-800,L2J,M
780E9A,B-6800,B738,BOEING 737-800,L2J,M
780F9A,B-8539,A321,AIRBUS A-321,L2J,M
78109A,B-8675,A321,AIRBUS A-321,L2J,M
78119A,B-8565,A320,AIRBUS A-320,L2J,M
78129A,B-001S,AJ27,COMAC ARJ-21-700 Xiangfeng,L2J,M
78149A,B-1165,B38M,BOEING 737 MAX 8,L2J,M
78159A,B-304M,A319,AIRBUS A-319,L2J,M
78189A,B-30DJ,A20N,AIRBUS A-320neo,L2J,M
781B9A,B-323W,A20N,AIRBUS A-320neo,L2J,M
7A429A,30175,AN12,ANTONOV An-12,L4T,M
7C039A,VH-AZW,C441,CESSNA 441 Conquest,L2T,L
7C079A,VH-BSC,DG50,DG FLUGZEUGBAU DG-500M,L1P,L
7C089A,VH-BZG,B738,BOEING 737-800,L2J,M
7C0B9A,VH-CKS,CH60,ZENAIR CH-600 Zodiac,L1P,L
7C0C9A,VH-CRW,FA7X,DASSAULT Falcon 7X,L3J,M
7C109A,VH-DKC,C182,CESSNA 182 Skylane,L1P,L
7C129A,VH-DYK,BE35,BEECH 35 Starfire Bonanza,L1P,L
7C149A,VH-ECS,C210,CESSNA 201 Centurion,L1P,L
7C159A,VH-EJW,C182,CESSNA 182 Skylane,L1P,L
7C1C9A,VH-FXO,AA5,AMERICAN AA-5 Tiger,L1P,L
7C2F9A,VH-JOS,C310,CESSNA 310,L2P,L
7C309A,VH-JVW,R22,ROBINSON R-22 Mariner,H1P,L
7C359A,VH-KVG,P28S,PIPER PA-28R-201T,L1P,L
7C3D9A,VH-MGC,C208,CESSNA 208 Caravan,L1T,L
7C429A,VH-NFW,SS2T,TRUSH Turbo Thrush 500/550,L1T,L
7C5D9A,VH-SRW,C180,CESSNA  180 Skywagon,L1P,L
7C659A,VH-UCS,C182,CESSNA 182 Skylane,L1P,L
7C6B9A,VH-VJG,B06,BELL 206 JetRanger,H1T,L
7C6C9A,VH-VQK,A320,AIRBUS A-320,L2J,M
7C6D9A,VH-VXO,B738,BOEING 737-800,L2J,M
7C779A,VH-XWS,F100,FOKKER 100,L2J,M
7C7E9A,VH-ZAK,G109,GROB G-109,L1P,L
7C809A,VH-ZOS,BE20,BEECH 200 Super King Air,L2T,M
7CC39A,24-8292,FDCT,FLIGHT DESIGN CT,L1P,L
7CC49A,24-7891,PETR,EDRA Super Petrel,A1P,L
7CF89A,A40-043,NH90,NHI NH-90,H2T,M
7CF99A,A15-302,H47,BOEING-VERTOL CH-47 Chinook,H2T,M
80029A,H1515,A748,AVRO 748,L2T,M
80069A,CG758,D228,DORNIER 228,L2T,L
800B9A,VT-GHB,B738,BOEING 737-800,L2J,M
800D9A,VT-SHG,GL5T,BOMBARDIER BD-700 Global 5000/5500,L2J,M
80149A,VT-IIK,A20N,AIRBUS A-320neo,L2J,M
84099A,JA02MY,DISC,SCHEMPP-HIRTH Discus,L1P,L
84659A,JA-A1386,BALL,,B0-,-
84789A,JA18KG,A139,AGUSTA AW-139,H2T,L
851C9A,JA3474,SUBA,FUJI FA-200 Aero Subaru,L1P,L
861E9A,JA612J,B763,BOEING 767-300,L2J,H
862C9A,JA6506,AS50,AEROSPATIALE AS-350 Ecureuil,H1T,L
86759A,JA708J,B772,BOEING 777-200,L2J,H
86DC9A,JA840A,B788,BOEING 787-8 Dreamliner,L2J,H
86E79A,JA872A,B789,BOEING 787-9 Dreamliner,L2J,H
87339A,JA936A,B789,BOEING 787-9 Dreamliner,L2J,H
873E9A,JA968A,A139,AGUSTA AW-139,H2T,L
88809A,VN-A336,A321,AIRBUS A-321,L2J,M
88819A,VN-A829,B789,BOEING 787-9 Dreamliner,L2J,H
89409A,A9C-TC,A20N,AIRBUS A-320neo,L2J,M
89619A,A6-EGA,B77W,BOEING 777-300ER,L2J,H
89639A,A6-EOA,A388,AIRBUS A-380-800,L4J,H
89659A,A6-AWV,A169,AGUSTA AW-169,H2T,L
8A059A,PK-LPM,B738,BOEING 737-800,L2J,M
8A069A,PK-ROK,C172,CESSNA 172 Skyhawk,L1P,L
8A079A,PK-TZE,B733,BOEING 737-300,L2J,M
A0009A,N1GB,PTS1,PITTS S-1 Special,L1P,L
A0019A,N1SH,PRM1,RAYTHEON 390 Premier 1,L2J,L
A0029A,N10CN,VELO,Velocity,L1P,L
A0049A,N10Z,S22T,CIRRUS SR-22T Turbo,L1P,L
A0059A,N100KE,MU2,MITSUBISHI MU-2 Marquise,L2T,L
A0079A,N1004B,AT5T,AIR TRACTOR AT-504,L1T,L
A0099A,N101NC,PA31,PIPER PA-31-300/310/325/350/425,L2P,L
A00B9A,N1016E,M20P,MOONEY M-20,L1P,L
A00C9A,N102EV,EVSS,EVEKTOR SportStar,L1P,L
A00D9A,N102RA,B733,BOEING 737-300,L2J,M
A00E9A,N10207,C150,CESSNA 150,L1P,L
A00F9A,N1028H,AR15,AERONCA 15 Sedan,L1P,L
A0129A,N1033,PA18,PIPER PA-18 Super Cub,L1P,L
A0149A,N104LR,H25B,HAWKER BEECHCRAFT Hawker 750/850,L2J,M
A0169A,N1045C,B06,BELL 206 JetRanger,H1T,L
A0189A,N105PP,BALL,,B0-,-
A01A9A,N1057F,C172,CESSNA 172 Skyhawk,L1P,L
A01C9A,N106SM,RV4,VANS RV-4,L1P,L
A01D9A,N10618,C150,CESSNA 150,L1P,L
A01E9A,N1069J,VO10,NORTH AMERICAN ROCKWELL Commander 100,L1P,L
A0239A,N108NB,FOX,KITFOX,L1P,L
A0279A,N109R,H25B,HAWKER BEECHCRAFT Hawker 750/850,L2J,M
A0289A,N10906,C150,CESSNA 150,L1P,L
A02B9A,N11TY,FOX,KITFOX,L1P,L
A02C9A,N110EC,B350,BEECHCRAFT Super King Air 350,L2T,M
A02F9A,N11071,CH7A,BELLANCA 7 Champion,L1P,L
A0309A,N111HA,,,,
A0329A,N1112T,C180,CESSNA  180 Skywagon,L1P,L
A0339A,N11194,E45X,EMBRAER ERJ-145XR,L2J,M
A0369A,N1124W,GLID,,L0-,-
A03C9A,N114RV,RV4,VANS RV-4,L1P,L
A03E9A,N11482,WACF,WACO F,L1P,L
A0409A,N115UT,MG15,MIKOYAN MiG-15,L1J,L
A0429A,N116BD,BE36,BEECH 36 Bonanza,L1P,L
A0439A,N116MK,GLF4,GULFSTREAM 4,L2J,M
A0459A,N1165X,PA32,PIPER PA-32,L1P,L
A0469A,N117EB,GLF4,GULFSTREAM 4,L2J,M
A04B9A,N118TF,,,,
A04C9A,N1182S,GLID,,L0-,-
A04D9A,N11893,C150,CESSNA 150,L1P,L
A04F9A,N119WD,DRON,,D0-,-
A0529A,N12NW,AEST,AEROSTAR 600,L2P,L
A0539A,N12ZB,AS20,SCHLEICHER ASW-20,L1P,L
A0569A,N1204D,,,,
A0579A,N121BZ,FA50,DASSAULT Falcon 50,L3J,M
A0589A,N121NE,DRON,,D0-,-
A05A9A,N1216G,C414,CESSNA 414 Chancellor,L2P,L
A05C9A,N122RC,T210,CESSNA T210 Turbo Centurion,L1P,L
A05D9A,N12209,C172,CESSNA 172 Skyhawk,L1P,L
A05E9A,N1228K,ASTO,TECNAM Astore,L1P,L
A0609A,N123UA,P28A,PIPER PA-28-140/150/160/180,L1P,L
A0619A,N1233B,C182,CESSNA 182 Skylane,L1P,L
A0639A,N124LT,PC12,PILATUS PC-12,L1T,L
A0669A,N125DK,AP22,AEROPRACT A-22,L1P,L
A0679A,N125PR,,,,
A0689A,N125ZX,,,,
A06C9A,N1262,S10,STINSON 10 Voyager,L1P,L
A06E9A,N127KF,BE30,BEECH 300 Super King Air,L2T,L
A0749A,N1286F,C185,CESSNA 185 Skywagon,L1P,L
A0759A,N129EW,P28R,PIPER PA-28R-180/200/201,L1P,L
A0769A,N129RB,PA18,PIPER PA-18 Super Cub,L1P,L
A07B9A,N130EE,EC30,AIRBUS HELICOPTERS EC-130,H1T,L
A07D9A,N1300S,SA30,STOLP Starduster Too,L1P,L
A07F9A,N131HC,,,,
A0809A,N131TJ,SR22,CIRRUS SR-22,L1P,L
A0829A,N13196,C172,CESSNA 172 Skyhawk,L1P,L
A0859A,N1324Y,C172,CESSNA 172 Skyhawk,L1P,L
A08C9A,N1341T,P28R,PIPER PA-28R-180/200/201,L1P,L
A08D9A,N13484,C177,CESSNA  177 Cardinal,L1P,L
A0919A,N136BF,BT36,BEECH B36TC Bonanza,L1P,L
A0929A,N136MM,RV6,VANS RV-6,L1P,L
A0949A,N1365Z,BE95,BEECH 95 Travel Air,L2P,L
A0959A,N137ED,AS29,SCHLEICHER ASG-29,L1P,L
A0979A,N1370R,,,,
A09C9A,N13895,PA18,PIPER PA-18 Super Cub,L1P,L
A0A99A,N1416J,AC11,NORTH AMERICAN ROCKWELL Commander 112/114,L1P,L
A0AA9A,N142EZ,C150,CESSNA 150,L1P,L
A0AC9A,N1421A,PA22,PIPER PA-22,L1P,L
A0B09A,N1433D,C170,CESSNA 170,L1P,L
A0BA9A,N146SR,SREY,PROGRESSIVE AERODYNE SeaRey,A1P,L
A0BC9A,N1469N,J3,PIPER J-3 Cub,L1P,L
A0BF9A,N1474E,C172,CESSNA 172 Skyhawk,L1P,L
A0C09A,N148C,PC12,PILATUS PC-12,L1T,L
A0C39A,N1486H,P28A,PIPER PA-28-140/150/160/180,L1P,L
A0C69A,N1491,C310,CESSNA 310,L2P,L
A0C79A,N1498L,BE23,BEECH 23 Sundowner,L1P,L
A0C89A,N15HW,RV14,VANS RV-14,L1P,L
A0C99A,N15UB,LJ45,LEARJET 45,L2J,M
A0CA9A,N150EG,C150,CESSNA 150,L1P,L
A0CF9A,N151TL,R44,ROBINSON R-44 Raven,H1P,L
A0D19A,N15198,PA32,PIPER PA-32,L1P,L
A0D49A,N15240,PA32,PIPER PA-32,L1P,L
A0D89A,N15363,P28B,PIPER PA-28-201T/235/236,L1P,L
A0D99A,N154FT,P28A,PIPER PA-28-140/150/160/180,L1P,L
A0E69A,N1570T,BE33,BEECH 33 Bonanza,L1P,L
A0EA9A,N1582W,BE33,BEECH 33 Bonanza,L1P,L
A0EC9A,N159LB,RV10,VANS RV-10,L1P,L
A0ED9A,N159WH,CL30,BOMBARDIER BD-100 Challenger 300,L2J,M
A0EE9A,N1594Z,BE35,BEECH 35 Starfire Bonanza,L1P,L
A0EF9A,N16CU,DRON,,D0-,-
A0F09A,N16P,BE58,BEECH 58 Baron,L2P,L
A0F39A,N160VS,BALL,,B0-,-
A0F59A,N161CC,PA11,PIPER PA-11 Cub Special,L1P,L
A0F99A,N162FA,EXEC,ROTORWAY Exec,H1P,L
A1009A,N164AR,RV6,VANS RV-6,L1P,L
A1039A,N1645J,P28A,PIPER PA-28-140/150/160/180,L1P,L
A1079A,N1657M,C182,CESSNA 182 Skylane,L1P,L
A1099A,N166ST,C560,CESSNA 560 Citation Ultra,L2J,M
A10B9A,N1669Q,C150,CESSNA 150,L1P,L
A10D9A,N167VR,VR7,VASHON Ranger R7,L1P,L
A10F9A,N168CB,C172,CESSNA 172 Skyhawk,L1P,L
A1179A,N17HY,HUSK,CHRISTEN Husky,L1P,L
A1199A,N170EJ,SR22,CIRRUS SR-22,L1P,L
A11C9A,N17077,C150,CESSNA 150,L1P,L
A1209A,N172,T18,THORP Tiger,L1P,L
A1229A,N172WL,C172,CESSNA 172 Skyhawk,L1P,L
A1259A,N173PC,,,,
A12C9A,N175JT,C175,CESSNA 175 Skylark,L1P,L
A12F9A,N176BK,C25B,CESSNA 525B Citation CJ3,L2J,L
A1329A,N17653,BE36,BEECH 36 Bonanza,L1P,L
A13A9A,N17899,GLID,,L0-,-
A13F9A,N18PB,C182,CESSNA 182 Skylane,L1P,L
A1409A,N18ZH,HDJT,HONDA HondaJet,L2J,L
A1419A,N180KN,C180,CESSNA  180 Skywagon,L1P,L
A1479A,N1816N,BE76,BEECH 76 Duchess,L2P,L
A1499A,N182RJ,C182,CESSNA 182 Skylane,L1P,L
A14A9A,N1821E,C310,CESSNA 310,L2P,L
A14C9A,N183JA,VENT,SCHEMPP-HIRTH Ventus,L1P,L
A14F9A,N184AT,ULAC,,L0-,-
A1539A,N185DR,C185,CESSNA 185 Skywagon,L1P,L
A1549A,N185PX,C185,CESSNA 185 Skywagon,L1P,L
A1569A,N1857P,PA18,PIPER PA-18 Super Cub,L1P,L
A1579A,N186GP,GLST,GLASAIR SH-4 GlaStar,L1P,L
A15E9A,N188CD,TBM7,SOCATA TBM-700A/B/C,L1T,L
A1669A,N19J,O1,CESSNA 305/341 Bird Dog,L1P,L
A16A9A,N1900Y,M20P,MOONEY M-20,L1P,L
A16F9A,N192AA,BE35,BEECH 35 Starfire Bonanza,L1P,L
A1739A,N193CZ,B190,BEECH 1900,L2T,M
A1769A,N19367,C150,CESSNA 150,L1P,L
A1789A,N194SC,CRUZ,CSA PS-28 Cruiser,L1P,L
A17F9A,N196MT,P28A,PIPER PA-28-140/150/160/180,L1P,L
A1819A,N19655,C172,CESSNA 172 Skyhawk,L1P,L
A1849A,N1970X,C182,CESSNA 182 Skylane,L1P,L
A1859A,N19778,C172,CESSNA 172 Skyhawk,L1P,L
A1879A,N198TP,PA22,PIPER PA-22,L1P,L
A1889A,N19820,C172,CESSNA 172 Skyhawk,L1P,L
A18B9A,N199WM,AC80,NORTH AMERICAN ROCKWELL Turbo Commander 680,L2T,L
A18D9A,N2CY,M20P,MOONEY M-20,L1P,L
A18E9A,N2PD,TBM7,SOCATA TBM-700A/B/C,L1T,L
A18F9A,N2ZK,RV4,VANS RV-4,L1P,L
A1939A,N200SG,FA50,DASSAULT Falcon 50,L3J,M
A1959A,N2009D,BE23,BEECH 23 Sundowner,L1P,L
A1969A,N201JZ,M20P,MOONEY M-20,L1P,L
A1979A,N201VE,M20P,MOONEY M-20,L1P,L
A1989A,N20136,C172,CESSNA 172 Skyhawk,L1P,L
A1999A,N202BR,R44,ROBINSON R-44 Raven,H1P,L
A19C9A,N20259,C172,CESSNA 172 Skyhawk,L1P,L
A19D9A,N203EP,C182,CESSNA 182 Skylane,L1P,L
A19F9A,N20301,C172,CESSNA 172 Skyhawk,L1P,L
A1A29A,N204TT,PA18,PIPER PA-18 Super Cub,L1P,L
A1A49A,N205AD,M20P,MOONEY M-20,L1P,L
A1A99A,N206PH,B06,BELL 206 JetRanger,H1T,L
A1AC9A,N207G,C207,CESSNA 207 Turbo Stationair,L1P,L
A1AE9A,N20712,B06,BELL 206 JetRanger,H1T,L
A1B69A,N20958,P28A,PIPER PA-28-140/150/160/180,L1P,L
A1B99A,N210AZ,T210,CESSNA T210 Turbo Centurion,L1P,L
A1BA9A,N210ME,T210,CESSNA T210 Turbo Centurion,L1P,L
A1BB9A,N210XL,C210,CESSNA 201 Centurion,L1P,L
A1BC9A,N2105S,C210,CESSNA 201 Centurion,L1P,L
A1BD9A,N211DX,C172,CESSNA 172 Skyhawk,L1P,L
A1C29A,N212TA,M20P,MOONEY M-20,L1P,L
A1C39A,N2122M,C172,CESSNA 172 Skyhawk,L1P,L
A1C49A,N2129Y,C172,CESSNA 172 Skyhawk,L1P,L
A1C79A,N2134Q,C77R,CESSNA 177RG Cardinal RG,L1P,L
A1C89A,N214CK,BE60,BEECH 60 Duke,L2P,L
A1CA9A,N214YX,WAIX,SONEX Waiex,L1P,L
A1CB9A,N2146T,P28A,PIPER PA-28-140/150/160/180,L1P,L
A1CC9A,N215FH,F2TH,DASSAULT Falcon 2000,L2J,M
A1CE9A,N2151K,L8,LUSCOMBE 8,L1P,L
A1D69A,N2175R,C182,CESSNA 182 Skylane,L1P,L
A1D99A,N2180H,ERCO,AIR PRODUCTS F-1 Aircoupe,L1P,L
A1DA9A,N2187U,PA32,PIPER PA-32,L1P,L
A1DD9A,N2192L,BE9L,BEECH 90 King Air,L2T,L
A1DF9A,N22KS,P28R,PIPER PA-28R-180/200/201,L1P,L
A1E09A,N22VY,,,,
A1E29A,N220SJ,LAMA,AEROSPATIALE SA-315 Lama,H1T,L
A1E79A,N22138,C150,CESSNA 150,L1P,L
A1E89A,N222BT,SR22,CIRRUS SR-22,L1P,L
A1EB9A,N2226A,PA22,PIPER PA-22,L1P,L
A1EC9A,N223ER,SR22,CIRRUS SR-22,L1P,L
A1EF9A,N2238D,C170,CESSNA 170,L1P,L
A1F09A,N224HP,BE35,BEECH 35 Starfire Bonanza,L1P,L
A1F39A,N225AF,PC24,PILATUS PC-24,L2J,M
A1F89A,N226PK,S22T,CIRRUS SR-22T Turbo,L1P,L
A1FB9A,N227GB,DC3,DOUGLAS DC-3 Dakota,L2P,M
A1FD9A,N22714,J3,PIPER J-3 Cub,L1P,L
A1FF9A,N228K,SA6,STITS SA-6 Flut-R-Bug,L1P,L
A2019A,N22837,C150,CESSNA 150,L1P,L
A2089A,N230BA,C172,CESSNA 172 Skyhawk,L1P,L
A20D9A,N231QE,M20P,MOONEY M-20,L1P,L
A20F9A,N2317X,C182,CESSNA 182 Skylane,L1P,L
A2129A,N2322P,PA22,PIPER PA-22,L1P,L
A2139A,N23290,C150,CESSNA 150,L1P,L
A2179A,N234CM,C182,CESSNA 182 Skylane,L1P,L
A21A9A,N2346V,PA38,PIPER PA-38 Tomahawk,L1P,L
A21D9A,N2351M,PA32,PIPER PA-32,L1P,L
A2229A,N237B,RV6,VANS RV-6,L1P,L
A2289A,N2380K,PA38,PIPER PA-38 Tomahawk,L1P,L
A22E9A,N24KU,M20P,MOONEY M-20,L1P,L
A22F9A,N24W,O1,CESSNA 305/341 Bird Dog,L1P,L
A2329A,N24017,BE24,BEECH 24 Sierra,L1P,L
A2349A,N241KC,PA22,PIPER PA-22,L1P,L
A2389A,N242NA,BE20,BEECH 200 Super King Air,L2T,M
A23A9A,N2426C,PA38,PIPER PA-38 Tomahawk,L1P,L
A23D9A,N24305,C152,CESSNA 152,L1P,L
A23E9A,N2438F,C82T,CESSNA TR182 Turbo Skylane RG,L1P,L
A2409A,N244TX,AS50,AEROSPATIALE AS-350 Ecureuil,H1T,L
A2479A,N246PM,AA5,AMERICAN AA-5 Tiger,L1P,L
A2499A,N2467D,C170,CESSNA 170,L1P,L
A24C9A,N24716,J3,PIPER J-3 Cub,L1P,L
A2529A,N249N,DHC2,DE HAVILLAND DHC-2 Beaver,L1P,L
A2549A,N2496B,ULAC,,L0-,-
A2559A,N25ES,C172,CESSNA 172 Skyhawk,L1P,L
A2569A,N25QY,BE33,BEECH 33 Bonanza,L1P,L
A2579A,N250BC,,,,
A2589A,N250MJ,FA50,DASSAULT Falcon 50,L3J,M
A25A9A,N2505W,BE24,BEECH 24 Sierra,L1P,L
A25B9A,N251EA,PA23,PIPER PA-23,L2P,L
A25E9A,N2517Z,C185,CESSNA 185 Skywagon,L1P,L
A2619A,N2522R,C182,CESSNA 182 Skylane,L1P,L
A2649A,N253WC,AS55,AEROSPATIALE AS-355 Ecureuil 2,H2T,L
A2659A,N2534U,B77W,BOEING 777-300ER,L2J,H
A2679A,N254NV,A320,AIRBUS A-320,L2J,M
A26C9A,N2551P,PA22,PIPER PA-22,L1P,L
A2709A,N2563S,C210,CESSNA 201 Centurion,L1P,L
A2719A,N257BB,RV12,VANS RV-12,L1P,L
A2749A,N2575V,C77R,CESSNA 177RG Cardinal RG,L1P,L
A2759A,N258E,BE95,BEECH 95 Travel Air,L2P,L
A2779A,N2580M,PA12,PIPER PA-12 Super Cruiser,L1P,L
A27C9A,N25991,BALL,,B0-,-
A27D9A,N26KW,F3F,GRUMMAN F3F Replica,L1P,L
A27E9A,N26WB,,,,
A28B9A,N263RA,G3,REMOS Mirage,L1P,L
A28C9A,N26307,AS20,SCHLEICHER ASW-20,L1P,L
A28D9A,N2638H,ERCO,AIR PRODUCTS F-1 Aircoupe,L1P,L
A2919A,N265AK,B739,BOEING 737-900,L2J,M
A2949A,N2655C,C310,CESSNA 310,L2P,L
A2989A,N2667F,C182,CESSNA 182 Skylane,L1P,L
A29B9A,N26718,AA5,AMERICAN AA-5 Tiger,L1P,L
A29C9A,N2679J,C150,CESSNA 150,L1P,L
A29F9A,N2684A,PA18,PIPER PA-18 Super Cub,L1P,L
A2A09A,N269BW,L8,LUSCOMBE 8,L1P,L
A2A19A,N269NB,,,,
A2A39A,N2696D,C170,CESSNA 170,L1P,L
A2A49A,N27EU,EUPA,Europa,L1P,L
A2A69A,N270BE,BE20,BEECH 200 Super King Air,L2T,M
A2A79A,N270ML,P32R,PIPER PA-32R-300/301/301T,L1P,L
A2AD9A,N27171,J5,PIPER J-5 Cub Cruiser,L1P,L
A2B09A,N2722T,FOX,KITFOX,L1P,L
A2BA9A,N275RV,RV8,VANS RV-8,L1P,L
A2BD9A,N276JM,B772,BOEING 777-200,L2J,H
A2BF9A,N2763U,C172,CESSNA 172 Skyhawk,L1P,L
A2C19A,N277MK,LJ35,LEARJET 35,L2J,M
A2CC9A,N28KY,PA46,PIPER PA-46-310/350,L1P,L
A2CD9A,N28WD,C421,CESSNA 421 Executive Commuter,L2P,L
A2D09A,N2802A,C180,CESSNA  180 Skywagon,L1P,L
A2D19A,N2809M,PA12,PIPER PA-12 Super Cruiser,L1P,L
A2D49A,N2814D,GLST,GLASAIR SH-4 GlaStar,L1P,L
A2DB9A,N28309,AA5,AMERICAN AA-5 Tiger,L1P,L
A2DC9A,N2838K,C180,CESSNA  180 Skywagon,L1P,L
A2DE9A,N284UA,B77L,BOEING 777-200LR,L2J,H
A2E99A,N287SP,C172,CESSNA 172 Skyhawk,L1P,L
A2EE9A,N2884C,C170,CESSNA 170,L1P,L
A2F09A,N289ND,P28R,PIPER PA-28R-180/200/201,L1P,L
A2F29A,N2896F,C182,CESSNA 182 Skylane,L1P,L
A2F39A,N29EW,HUSK,CHRISTEN Husky,L1P,L
A2F49A,N29RB,BE95,BEECH 95 Travel Air,L2P,L
A2F59A,N290BG,S92,SIKORSKY S-92 Helibus,H2T,M
A2FC9A,N29173,T206,CESSNA T206 Turbo Stationair,L1P,L
A2FF9A,N2922V,,,,
A3009A,N29296,P28A,PIPER PA-28-140/150/160/180,L1P,L
A3019A,N293LA,P28A,PIPER PA-28-140/150/160/180,L1P,L
A3039A,N2934Y,C182,CESSNA 182 Skylane,L1P,L
A30B9A,N29584,C177,CESSNA  177 Cardinal,L1P,L
A30C9A,N296JP,PA18,PIPER PA-18 Super Cub,L1P,L
A3129A,N2975Z,PA22,PIPER PA-22,L1P,L
A3159A,N2980R,P28R,PIPER PA-28R-180/200/201,L1P,L
A3169A,N29872,PA31,PIPER PA-31-300/310/325/350/425,L2P,L
A31C9A,N3WF,C414,CESSNA 414 Chancellor,L2P,L
A31D9A,N30GL,ULAC,,L0-,-
A31E9A,N30SS,C414,CESSNA 414 Chancellor,L2P,L
A31F9A,N300CX,WAIX,SONEX Waiex,L1P,L
A3209A,N300PC,B06,BELL 206 JetRanger,H1T,L
A3249A,N301SA,PA18,PIPER PA-18 Super Cub,L1P,L
A3259A,N3011X,PA32,PIPER PA-32,L1P,L
A3269A,N30188,WACF,WACO F,L1P,L
A3299A,N30230,P28A,PIPER PA-28-140/150/160/180,L1P,L
A32B9A,N303MR,GLID,,L0-,-
A32C9A,N303XX,LJ45,LEARJET 45,L2J,M
A32D9A,N30353,C177,CESSNA  177 Cardinal,L1P,L
A3309A,N3040V,C150,CESSNA 150,L1P,L
A3349A,N3052Y,C182,CESSNA 182 Skylane,L1P,L
A3359A,N30599,C177,CESSNA  177 Cardinal,L1P,L
A3399A,N307CW,UH1,BELL UH-1 Huey,H1T,L
A33A9A,N307PB,,,,
A33E9A,N308S,C182,CESSNA 182 Skylane,L1P,L
A3409A,N30887,C177,CESSNA  177 Cardinal,L1P,L
A3419A,N309JS,CH70,ZENAIR CH-701 Stol,L1P,L
A3439A,N3093Z,PA18,PIPER PA-18 Super Cub,L1P,L
A3449A,N31BJ,C177,CESSNA  177 Cardinal,L1P,L
A3479A,N310JA,C310,CESSNA 310,L2P,L
A34A9A,N311AT,AS50,AEROSPATIALE AS-350 Ecureuil,H1T,L
A34B9A,N311LZ,RV10,VANS RV-10,L1P,L
A34D9A,N3115L,,,,
A34F9A,N312PX,SR22,CIRRUS SR-22,L1P,L
A3509A,N3120C,BALL,,B0-,-
A3519A,N3127P,PA23,PIPER PA-23,L2P,L
A3529A,N313GP,S22T,CIRRUS SR-22T Turbo,L1P,L
A3549A,N3132F,PA32,PIPER PA-32,L1P,L
A3589A,N3144J,C150,CESSNA 150,L1P,L
A3599A,N315CD,SR22,CIRRUS SR-22,L1P,L
A3619A,N317J,GLST,GLASAIR SH-4 GlaStar,L1P,L
A3639A,N3173G,T6,NORTH AMERICAN T-6 Texan,L1P,L
A3649A,N318AS,B739,BOEING 737-900,L2J,M
A3699A,N319PW,S22T,CIRRUS SR-22T Turbo,L1P,L
A36A9A,N3190B,C170,CESSNA 170,L1P,L
A36D9A,N32SU,SR20,CIRRUS SR-20,L1P,L
A3719A,N32067,P28A,PIPER PA-28-140/150/160/180,L1P,L
A3749A,N3211Z,BALL,,B0-,-
A3779A,N322VA,C560,CESSNA 560 Citation Ultra,L2J,M
A3789A,N32232,ULAC,,L0-,-
A3799A,N323BM,S22T,CIRRUS SR-22T Turbo,L1P,L
A37C9A,N32355,P28A,PIPER PA-28-140/150/160/180,L1P,L
A37F9A,N3240X,,,,
A3809A,N32478,P28A,PIPER PA-28-140/150/160/180,L1P,L
A3829A,N325TP,P46T,PIPER PA-46-500TP,L1T,L
A3839A,N32520,J3,PIPER J-3 Cub,L1P,L
A3849A,N326A,AS26,SCHLEICHER ASH-26,L1P,L
A3859A,N326LF,F900,DASSAULT Falcon 900,L3J,M
A3899A,N327PD,C25C,CESSNA 525C Citation CJ4,L2J,M
A38E9A,N3281Y,BALL,,B0-,-
A38F9A,N32889,BALL,,B0-,-
A3939A,N33BL,BE40,BEECH 400 Beechjet,L2J,M
A3989A,N3303K,GC1,GLOBE Swift,L1P,L
A3A09A,N3327R,C182,CESSNA 182 Skylane,L1P,L
A3A19A,N333GR,RV10,VANS RV-10,L1P,L
A3A79A,N3344L,BE24,BEECH 24 Sierra,L1P,L
A3AD9A,N336RK,B350,BEECHCRAFT Super King Air 350,L2T,M
A3AF9A,N3368S,C210,CESSNA 201 Centurion,L1P,L
A3B09A,N337JB,E190,EMBRAER ERJ-190-100,L2J,M
A3B69A,N3385M,PA12,PIPER PA-12 Super Cruiser,L1P,L
A3BA9A,N3397Q,P28R,PIPER PA-28R-180/200/201,L1P,L
A3BC9A,N34SW,C182,CESSNA 182 Skylane,L1P,L
A3C39A,N34111,E45X,EMBRAER ERJ-145XR,L2J,M
A3C89A,N343BP,SR22,CIRRUS SR-22,L1P,L
A3CC9A,N344EM,,,,
A3D19A,N345TR,WW24,IAI 1124 Westwind,L2J,M
A3D29A,N34522,AR65,AERONCA 65 Super Chief,L1P,L
A3D39A,N346AB,DC3,DOUGLAS DC-3 Dakota,L2P,M
A3D79A,N347D,P28A,PIPER PA-28-140/150/160/180,L1P,L
A3DC9A,N348SD,UH1,BELL UH-1 Huey,H1T,L
A3DE9A,N3489A,PA22,PIPER PA-22,L1P,L
A3E29A,N35BN,BE35,BEECH 35 Starfire Bonanza,L1P,L
A3E69A,N350UL,RV12,VANS RV-12,L1P,L
A3E89A,N351AX,B763,BOEING 767-300,L2J,H
A3EB9A,N3515Q,PARA,,P0-,-
A3F29A,N3532K,C82T,CESSNA TR182 Turbo Skylane RG,L1P,L
A3F39A,N3539W,PA32,PIPER PA-32,L1P,L
A3FE9A,N3568U,C182,CESSNA 182 Skylane,L1P,L
A3FF9A,N357JD,FDCT,FLIGHT DESIGN CT,L1P,L
A4019A,N3573L,C150,CESSNA 150,L1P,L
A4039A,N358MB,PC12,PILATUS PC-12,L1T,L
A4099A,N3597S,C172,CESSNA 172 Skyhawk,L1P,L
A40C9A,N360DC,C185,CESSNA 185 Skywagon,L1P,L
A40F9A,N3607A,PA22,PIPER PA-22,L1P,L
A41D9A,N36401,P32R,PIPER PA-32R-300/301/301T,L1P,L
A41E9A,N3648B,AEST,AEROSTAR 600,L2P,L
A41F9A,N365HM,AS65,AEROSPATIALE AS-365 Dauphin 2,H2T,L
A4219A,N36524,AR65,AERONCA 65 Super Chief,L1P,L
A4259A,N36647,AR65,AERONCA 65 Super Chief,L1P,L
A4279A,N367PH,DH8B,DE HAVILLAND DHC-8-200 Dash 8,L2T,M
A4299A,N3677,ZZZZ,,-0-,-
A42A9A,N368G,PA18,PIPER PA-18 Super Cub,L1P,L
A42D9A,N3689C,C82R,CESSNA R182 Skylane RG,L1P,L
A4309A,N36935,AR65,AERONCA 65 Super Chief,L1P,L
A4329A,N37MW,CRER,RANS Courier,L1P,L
A4349A,N370JG,SR22,CIRRUS SR-22,L1P,L
A4369A,N3703P,PA22,PIPER PA-22,L1P,L
A4379A,N371AZ,PARA,,P0-,-
A43A9A,N3715S,C172,CESSNA 172 Skyhawk,L1P,L
A4409A,N373TA,ECHO,TECNAM P-92 Echo,L1P,L
A4419A,N3732M,BE77,BEECH 77 Skipper,L1P,L
A4429A,N3739Y,C210,CESSNA 201 Centurion,L1P,L
A4459A,N3744Q,P28A,PIPER PA-28-140/150/160/180,L1P,L
A4469A,N375CK,B735,BOEING 737-500,L2J,M
A4499A,N3756T,TF19,TAYLORCRAFT F-19 Sportsman,L1P,L
A44E9A,N377JF,M20P,MOONEY M-20,L1P,L
A4509A,N3773N,AA5,AMERICAN AA-5 Tiger,L1P,L
A4559A,N379DW,C208,CESSNA 208 Caravan,L1T,L
A4579A,N3790H,M20P,MOONEY M-20,L1P,L
A4629A,N3819F,G2T1,GREAT LAKES 2T-1,L1P,L
A4659A,N38238,J5,PIPER J-5 Cub Cruiser,L1P,L
A4669A,N383BT,DRON,,D0-,-
A46C9A,N38403,B739,BOEING 737-900,L2J,M
A46E9A,N385HP,P32T,PIPER PA-32RT-300/300T,L1P,L
A4789A,N3877B,BE35,BEECH 35 Starfire Bonanza,L1P,L
A4799A,N388GB,BE35,BEECH 35 Starfire Bonanza,L1P,L
A4809A,N39BS,BE33,BEECH 33 Bonanza,L1P,L
A4859A,N3903R,C172,CESSNA 172 Skyhawk,L1P,L
A4869A,N391BA,GLID,,L0-,-
A4879A,N391MG,PA23,PIPER PA-23,L2P,L
A4899A,N3915U,C150,CESSNA 150,L1P,L
A48E9A,N393GX,,,,
A48F9A,N393TC,T18,THORP Tiger,L1P,L
A4909A,N3932P,PA22,PIPER PA-22,L1P,L
A4939A,N394WA,L39,LET L-39 Albatros,L1J,L
A4949A,N3944S,RV4,VANS RV-4,L1P,L
A4959A,N395CM,B763,BOEING 767-300,L2J,H
A49B9A,N3961M,P28A,PIPER PA-28-140/150/160/180,L1P,L
A49C9A,N3968Y,C210,CESSNA 201 Centurion,L1P,L
A49D9A,N397JH,,,,
A49F9A,N3973Q,C172,CESSNA 172 Skyhawk,L1P,L
A4A39A,N3985T,P28R,PIPER PA-28R-180/200/201,L1P,L
A4A79A,N3997W,PA32,PIPER PA-32,L1P,L
A4A89A,N4GW,BOLT,STEEN Skybolt,L1P,L
A4AA9A,N40DG,,,,
A4AB9A,N40PN,P40,CURTISS P-40 Kittyhawk,L1P,L
A4AE9A,N400WE,BE35,BEECH 35 Starfire Bonanza,L1P,L
A4AF9A,N4004W,PA32,PIPER PA-32,L1P,L
A4B09A,N401CR,COL4,CESSNA 400 Corvalis TT,L1P,L
A4B39A,N4016Z,PA18,PIPER PA-18 Super Cub,L1P,L
A4B49A,N402FP,B738,BOEING 737-800,L2J,M
A4B59A,N402RV,RV8,VANS RV-8,L1P,L
A4B69A,N4021R,PA32,PIPER PA-32,L1P,L
A4BA9A,N4033U,BALL,,B0-,-
A4BB9A,N404BD,,,,
A4BE9A,N4045X,VO10,NORTH AMERICAN ROCKWELL Commander 100,L1P,L
A4C19A,N4050P,R44,ROBINSON R-44 Raven,H1P,L
A4C79A,N407KY,B407,BELL 407,H1T,L
A4C89A,N407WD,B407,BELL 407,H1T,L
A4C99A,N4074V,RV6,VANS RV-6,L1P,L
A4D29A,N41JL,,,,
A4D79A,N4108K,J2,PIPER J-2 Cub,L1P,L
A4D99A,N411UA,A320,AIRBUS A-320,L2J,M
A4DA9A,N4113B,BL17,BELLANCA 17 Viking,L1P,L
A4DB9A,N412AM,DA40,DIAMOND DA-40 Club Star,L1P,L
A4DE9A,N4125E,AR11,AERONCA 11 Chief,L1P,L
A4DF9A,N413DK,R44,ROBINSON R-44 Raven,H1P,L
A4E29A,N4137H,PA15,PIPER PA-15 Vagabond,L1P,L
A4E49A,N414SP,C414,CESSNA 414 Chancellor,L2P,L
A4E59A,N4142,MITE,MOONEY M-18,L1P,L
A4E99A,N4154C,R44,ROBINSON R-44 Raven,H1P,L
A4ED9A,N4166F,P28A,PIPER PA-28-140/150/160/180,L1P,L
A4F19A,N4178J,P28A,PIPER PA-28-140/150/160/180,L1P,L
A4F39A,N418U,P208,TECNAM P-2008,L1P,L
A4F59A,N419AL,PA38,PIPER PA-38 Tomahawk,L1P,L
A4F89A,N4195D,COUR,HELIO Courier,L1P,L
A4F99A,N42DJ,LS8,ROLLADEN-SCHNEIDER LS-8T,L1P,L
A4FC9A,N420LA,B763,BOEING 767-300,L2J,H
A4FE9A,N4204Y,BL8,BELLANCA 8 Decathlon,L1P,L
A4FF9A,N421CT,C421,CESSNA 421 Executive Commuter,L2P,L
A5049A,N422RX,R44,ROBINSON R-44 Raven,H1P,L
A5059A,N4221T,P28A,PIPER PA-28-140/150/160/180,L1P,L
A50A9A,N424BF,CRUZ,CSA PS-28 Cruiser,L1P,L
A50B9A,N424MM,ALIG,ARION LS-1 Lightning,L1P,L
A50E9A,N425ED,DR1,FOKKER Dr-1,L1P,L
A5109A,N4250R,PA32,PIPER PA-32,L1P,L
A5149A,N4262U,C150,CESSNA 150,L1P,L
A5199A,N428CS,C25B,CESSNA 525B Citation CJ3,L2J,L
A51E9A,N429RW,,,,
A51F9A,N4291S,P28A,PIPER PA-28-140/150/160/180,L1P,L
A5269A,N4308M,P28A,PIPER PA-28-140/150/160/180,L1P,L
A5299A,N4313D,P28A,PIPER PA-28-140/150/160/180,L1P,L
A52E9A,N433DM,,,,
A5339A,N434SR,SR22,CIRRUS SR-22,L1P,L
A53C9A,N4366H,PA15,PIPER PA-15 Vagabond,L1P,L
A53F9A,N4371,RV10,VANS RV-10,L1P,L
A5409A,N4378L,C172,CESSNA 172 Skyhawk,L1P,L
A5439A,N4383C,CH7A,BELLANCA 7 Champion,L1P,L
A5449A,N439AN,A21N,AIRBUS A-321neo,L2J,M
A5489A,N44DL,BE35,BEECH 35 Starfire Bonanza,L1P,L
A54D9A,N44040,TAYB,TAYLORCRAFT BC/BF/BL,L1P,L
A54F9A,N441PA,UH1,BELL UH-1 Huey,H1T,L
A5519A,N44163,TAYB,TAYLORCRAFT BC/BF/BL,L1P,L
A5549A,N4421V,,,,
A5559A,N44286,TAYB,TAYLORCRAFT BC/BF/BL,L1P,L
A5599A,N444BH,M20P,MOONEY M-20,L1P,L
A55C9A,N44451,TAYB,TAYLORCRAFT BC/BF/BL,L1P,L
A55F9A,N4450T,P28A,PIPER PA-28-140/150/160/180,L1P,L
A5609A,N44574,BALL,,B0-,-
A5619A,N446HD,S22T,CIRRUS SR-22T Turbo,L1P,L
A5639A,N4462W,BALL,,B0-,-
A5649A,N44697,P28B,PIPER PA-28-201T/235/236,L1P,L
A5679A,N4474Z,PA18,PIPER PA-18 Super Cub,L1P,L
A56B9A,N44862,P28R,PIPER PA-28R-180/200/201,L1P,L
A5739A,N450RG,GLF4,GULFSTREAM 4,L2J,M
A5789A,N4513F,P28R,PIPER PA-28R-180/200/201,L1P,L
A5809A,N4537M,BE95,BEECH 95 Travel Air,L2P,L
A5889A,N456CB,C172,CESSNA 172 Skyhawk,L1P,L
A58B9A,N4566K,NAVI,NORTH AMERICAN Navion,L1P,L
A58E9A,N4571B,C180,CESSNA  180 Skywagon,L1P,L
A58F9A,N4578N,C340,CESSNA 340 Super,L2P,L
A5929A,N4583E,CH7A,BELLANCA 7 Champion,L1P,L
A5949A,N459LW,SBOY,INTERPLANE Skyboy,L1P,L
A5969A,N4595H,PA17,PIPER PA-17 Vagabond Trainer,L1P,L
A5979A,N46DN,PARA,,P0-,-
A59A9A,N460LE,R22,ROBINSON R-22 Mariner,H1P,L
A59E9A,N461PC,PC12,PILATUS PC-12,L1T,L
A5A49A,N46288,C172,CESSNA 172 Skyhawk,L1P,L
A5A59A,N463JT,PC12,PILATUS PC-12,L1T,L
A5AE9A,N4650V,BE35,BEECH 35 Starfire Bonanza,L1P,L
A5B19A,N466TM,C130,LOCKHEED C-130 Hercules,L4T,M
A5B39A,N46699,TAYD,TAYLORCRAFT DC/DF/DL,L1P,L
A5B79A,N468CW,CLON,AUTOGYRO Cavalon,G1P,L
A5C29A,N470RJ,BE20,BEECH 200 Super King Air,L2T,M
A5C79A,N4713H,PA11,PIPER PA-11 Cub Special,L1P,L
A5C89A,N472AT,R22,ROBINSON R-22 Mariner,H1P,L
A5CE9A,N4730C,J3,PIPER J-3 Cub,L1P,L
A5D29A,N4742F,P32R,PIPER PA-32R-300/301/301T,L1P,L
A5D39A,N4749S,GLID,,L0-,-
A5D69A,N4754J,BE23,BEECH 23 Sundowner,L1P,L
A5D79A,N476CD,,,,
A5DA9A,N4766M,BE36,BEECH 36 Bonanza,L1P,L
A5DC9A,N477RH,GLF6,GULFSTREAM G650,L2J,M
A5E29A,N479AS,B739,BOEING 737-900,L2J,M
A5E59A,N4795K,NAVI,NORTH AMERICAN Navion,L1P,L
A5E69A,N48DQ,PA23,PIPER PA-23,L2P,L
A5E79A,N48PW,C750,CESSNA 750 Citation 10,L2J,M
A5E99A,N480LG,ULAC,,L0-,-
A5EA9A,N480WN,B737,BOEING 737-700,L2J,M
A5EB9A,N48044,DHC1,DE HAVILLAND DHC-1 Chipmunk,L1P,L
A5EF9A,N48167,C152,CESSNA 152,L1P,L
A5F69A,N48332,GLID,,L0-,-
A5F89A,N484MT,TUCA,EMBRAER EMB-312 Tucano,L1T,L
A5FA9A,N48455,G164,GRUMMAN G-164 Ag-Cat,L1P,L
A6019A,N48620,AR6T,AERONCA 65 Tandem,L1P,L
A6029A,N487A,P28A,PIPER PA-28-140/150/160/180,L1P,L
A6039A,N487LF,EC45,AIRBUS HELICOPTERS EC-145,H2T,L
A6099A,N48866,TAYD,TAYLORCRAFT DC/DF/DL,L1P,L
A6139A,N4908T,PARA,,P0-,-
A6169A,N4913K,NAVI,NORTH AMERICAN Navion,L1P,L
A6189A,N492MA,ULAC,,L0-,-
A61A9A,N4925N,ST75,STEARMAN Kaydet,L1P,L
A61E9A,N4937R,C188,CESSNA 188 AgTruck,L1P,L
A6219A,N4942H,C152,CESSNA 152,L1P,L
A6259A,N4954L,P28A,PIPER PA-28-140/150/160/180,L1P,L
A62C9A,N4971F,C172,CESSNA 172 Skyhawk,L1P,L
A62E9A,N498JB,RV9,VANS RV-9,L1P,L
A6329A,N499M,TAYD,TAYLORCRAFT DC/DF/DL,L1P,L
A6359A,N5DS,SR22,CIRRUS SR-22,L1P,L
A6369A,N5PY,CAT,CANADAIR Catalina,A2P,M
A6379A,N50AC,CH7B,BELLANCA 7 Citabria,L1P,L
A63B9A,N500TA,T206,CESSNA T206 Turbo Stationair,L1P,L
A63C9A,N5002M,TAYB,TAYLORCRAFT BC/BF/BL,L1P,L
A63E9A,N501KT,LJ45,LEARJET 45,L2J,M
A6429A,N502NR,AT5T,AIR TRACTOR AT-504,L1T,L
A6449A,N5026T,CH7A,BELLANCA 7 Champion,L1P,L
A6469A,N503RP,G150,GULFSTREAM G150,L2J,M
A6479A,N5031K,CH7A,BELLANCA 7 Champion,L1P,L
A6489A,N5038W,P28A,PIPER PA-28-140/150/160/180,L1P,L
A6499A,N504JF,CRER,RANS Courier,L1P,L
A64F9A,N5055R,C172,CESSNA 172 Skyhawk,L1P,L
A6559A,N507T,BE95,BEECH 95 Travel Air,L2P,L
A65F9A,N51FG,RV8,VANS RV-8,L1P,L
A6619A,N510BT,C510,CESSNA 510 Citation Mustang,L2J,L
A6679A,N51103,C150,CESSNA 150,L1P,L
A6699A,N512HP,C340,CESSNA 340 Super,L2P,L
A66C9A,N513AF,P28A,PIPER PA-28-140/150/160/180,L1P,L
A66E9A,N513WT,C551,CESSNA 551 Citation 2SP,L2J,L
A6709A,N514DD,C510,CESSNA 510 Citation Mustang,L2J,L
A6769A,N51514,JAB4,JABIRU J200-450,L1P,L
A6779A,N5159E,J3,PIPER J-3 Cub,L1P,L
A67A9A,N51637,C172,CESSNA 172 Skyhawk,L1P,L
A6829A,N5188C,BE35,BEECH 35 Starfire Bonanza,L1P,L
A6869A,N52AE,B06,BELL 206 JetRanger,H1T,L
A6879A,N52LL,HUSK,CHRISTEN Husky,L1P,L
A68A9A,N520TC,FA20,DASSAULT Falcon 200,L2J,M
A68B9A,N5202P,ULAC,,L0-,-
A68C9A,N52090,C172,CESSNA 172 Skyhawk,L1P,L
A6959A,N523RR,DISC,SCHEMPP-HIRTH Discus,L1P,L
A6969A,N5231M,T206,CESSNA T206 Turbo Stationair,L1P,L
A69A9A,N5243Q,C152,CESSNA 152,L1P,L
A69B9A,N525B,C25B,CESSNA 525B Citation CJ3,L2J,L
A69E9A,N5255T,P28A,PIPER PA-28-140/150/160/180,L1P,L
A6A19A,N5260K,C172,CESSNA 172 Skyhawk,L1P,L
A6A29A,N5267W,M20P,MOONEY M-20,L1P,L
A6A49A,N527TB,PA46,PIPER PA-46-310/350,L1P,L
A6A59A,N5272N,C172,CESSNA 172 Skyhawk,L1P,L
A6A89A,N528W,PA38,PIPER PA-38 Tomahawk,L1P,L
A6A99A,N5284R,C172,CESSNA 172 Skyhawk,L1P,L
A6AE9A,N53FJ,F900,DASSAULT Falcon 900,L3J,M
A6B39A,N5306C,C172,CESSNA 172 Skyhawk,L1P,L
A6B69A,N53105,C188,CESSNA 188 AgTruck,L1P,L
A6B99A,N532TX,E530,CESSNA E530 Scorpion,L2J,M
A6C29A,N5347D,SR20,CIRRUS SR-20,L1P,L
A6C59A,N53516,P46T,PIPER PA-46-500TP,L1T,L
A6CB9A,N537N,PA38,PIPER PA-38 Tomahawk,L1P,L
A6D09A,N53804,CH7A,BELLANCA 7 Champion,L1P,L
A6D19A,N5388E,BE35,BEECH 35 Starfire Bonanza,L1P,L
A6DA9A,N5402R,C172,CESSNA 172 Skyhawk,L1P,L
A6DB9A,N54092,PA23,PIPER PA-23,L2P,L
A6DF9A,N542CP,C82S,CESSNA T182 Turbo Skylane,L1P,L
A6E19A,N542ZA,SSTL,JUST JA30 SuperSTOL,L1P,L
A6EA9A,N545BB,S22T,CIRRUS SR-22T Turbo,L1P,L
A6F49A,N5472Q,C150,CESSNA 150,L1P,L
A6F89A,N5484T,C172,CESSNA 172 Skyhawk,L1P,L
A6FA9A,N549NU,DRON,,D0-,-
A6FC9A,N5496W,P28A,PIPER PA-28-140/150/160/180,L1P,L
A6FE9A,N55RS,BE95,BEECH 95 Travel Air,L2P,L
A7009A,N550NC,BE33,BEECH 33 Bonanza,L1P,L
A7049A,N551RA,LJ55,LEARJET 55,L2J,M
A7059A,N55107,L39,LET L-39 Albatros,L1J,L
A7129A,N555GF,VENT,SCHEMPP-HIRTH Ventus,L1P,L
A7139A,N555SM,C172,CESSNA 172 Skyhawk,L1P,L
A71E9A,N558R,C68A,CESSNA 680 Citation Latitude,L2J,M
A71F9A,N55806,ST75,STEARMAN Kaydet,L1P,L
A7209A,N5588G,C150,CESSNA 150,L1P,L
A7279A,N560HA,PC12,PILATUS PC-12,L1T,L
A7299A,N5602T,C172,CESSNA 172 Skyhawk,L1P,L
A72A9A,N56094,ULAC,,L0-,-
A72D9A,N5614W,P28A,PIPER PA-28-140/150/160/180,L1P,L
A7339A,N563RV,RV8,VANS RV-8,L1P,L
A7349A,N5631R,M6,MAULE M-6,L1P,L
A7359A,N56382,P28A,PIPER PA-28-140/150/160/180,L1P,L
A7369A,N564JM,CRER,RANS Courier,L1P,L
A7389A,N5643U,P28A,PIPER PA-28-140/150/160/180,L1P,L
A7439A,N5672S,BE23,BEECH 23 Sundowner,L1P,L
A7449A,N56793,PA32,PIPER PA-32,L1P,L
A7479A,N5684V,P28R,PIPER PA-28R-180/200/201,L1P,L
A74C9A,N57FN,SRAI,GREAT PLAINS Sonerai,L1P,L
A7599A,N573AM,AS50,AEROSPATIALE AS-350 Ecureuil,H1T,L
A75E9A,N574PR,PA32,PIPER PA-32,L1P,L
A7619A,N575GH,LJ55,LEARJET 55,L2J,M
A7629A,N575SP,C172,CESSNA 172 Skyhawk,L1P,L
A7699A,N577ND,C172,CESSNA 172 Skyhawk,L1P,L
A76F9A,N5788J,C182,CESSNA 182 Skylane,L1P,L
A7739A,N58AL,GLAS,Glasair,L1P,L
A7759A,N58WY,C185,CESSNA 185 Skywagon,L1P,L
A7769A,N580HC,C56X,CESSNA 560XL Citation XLS,L2J,M
A77C9A,N5814Y,M20P,MOONEY M-20,L1P,L
A77D9A,N582CT,COY2,RANS Coyote 2,L1P,L
A7839A,N5831T,C185,CESSNA 185 Skywagon,L1P,L
A7879A,N5843W,P28A,PIPER PA-28-140/150/160/180,L1P,L
A78B9A,N5855Z,AS50,AEROSPATIALE AS-350 Ecureuil,H1T,L
A78C9A,N586ED,C25C,CESSNA 525C Citation CJ4,L2J,M
A78E9A,N5860R,C172,CESSNA 172 Skyhawk,L1P,L
A79A9A,N58960,C182,CESSNA 182 Skylane,L1P,L
A79C9A,N59RW,CH60,ZENAIR CH-600 Zodiac,L1P,L
A7A09A,N5906J,C150,CESSNA 150,L1P,L
A7AB9A,N5935G,C150,CESSNA 150,L1P,L
A7B19A,N595SR,SR22,CIRRUS SR-22,L1P,L
A7B79A,N597C,S108,STINSON 108 Voyager,L1P,L
A7C19A,N5993C,BE35,BEECH 35 Starfire Bonanza,L1P,L
A7C29A,N6AN,J3,PIPER J-3 Cub,L1P,L
A7C39A,N6LU,DHC2,DE HAVILLAND DHC-2 Beaver,L1P,L
A7C49A,N6X,PA18,PIPER PA-18 Super Cub,L1P,L
A7CD9A,N6012F,BE95,BEECH 95 Travel Air,L2P,L
A7CE9A,N6019S,MUS2,BUSHBY M-2 Mustang 2,L1P,L
A7D19A,N6024J,C150,CESSNA 150,L1P,L
A7D29A,N603CD,C525,CESSNA 525 CitationJet,L2J,L
A7D39A,N603NK,A320,AIRBUS A-320,L2J,M
A7DA9A,N605J,JAB4,JABIRU J200-450,L1P,L
A7DC9A,N6053G,C150,CESSNA 150,L1P,L
A7E09A,N6065K,C150,CESSNA 150,L1P,L
A7E39A,N6070B,C182,CESSNA 182 Skylane,L1P,L
A7E89A,N6089R,C172,CESSNA 172 Skyhawk,L1P,L
A7EB9A,N6094H,AS50,AEROSPATIALE AS-350 Ecureuil,H1T,L
A7F99A,N61278,BE17,BEECH 17 Staggerwing,L1P,L
A7FA9A,N613HH,AVID,AVID Flyer,L1P,L
A7FD9A,N614A,GLSP,NEW GLASTAR Sportsman 2+2,L1P,L
A7FF9A,N614WM,C82R,CESSNA R182 Skylane RG,L1P,L
A8049A,N61566,C172,CESSNA 172 Skyhawk,L1P,L
A8069A,N616SB,RV8,VANS RV-8,L1P,L
A8089A,N61689,C172,CESSNA 172 Skyhawk,L1P,L
A80A9A,N617V,,,,
A80C9A,N618BL,M20T,MOONEY M-20T,L1P,L
A80F9A,N61854,C180,CESSNA  180 Skywagon,L1P,L
A8129A,N6190W,P28A,PIPER PA-28-140/150/160/180,L1P,L
A8139A,N61977,C172,CESSNA 172 Skyhawk,L1P,L
A8159A,N62TN,RV8,VANS RV-8,L1P,L
A8189A,N6200E,C172,CESSNA 172 Skyhawk,L1P,L
A81C9A,N6212H,J3,PIPER J-3 Cub,L1P,L
A81D9A,N6219U,C180,CESSNA  180 Skywagon,L1P,L
A8209A,N6224L,,,,
A8239A,N623YT,,,,
A8249A,N6236P,PA24,PIPER PA-24 Comanche,L1P,L
A8279A,N6241F,C182,CESSNA 182 Skylane,L1P,L
A8289A,N6248S,C82S,CESSNA T182 Turbo Skylane,L1P,L
A8299A,N625JB,A320,AIRBUS A-320,L2J,M
A82D9A,N626M,LGEZ,RUTAN Long-EZ,L1P,L
A82F9A,N6265M,S108,STINSON 108 Voyager,L1P,L
A8339A,N6277Q,C310,CESSNA 310,L2P,L
A8379A,N6289T,C82R,CESSNA R182 Skylane RG,L1P,L
A83A9A,N6294K,RC3,REPUBLIC RC-3 Seabee,A1P,L
A83B9A,N63CE,C82S,CESSNA T182 Turbo Skylane,L1P,L
A8409A,N63034,ST75,STEARMAN Kaydet,L1P,L
A8449A,N63157,C150,CESSNA 150,L1P,L
A84F9A,N63445,C150,CESSNA 150,L1P,L
A8509A,N635D,BE35,BEECH 35 Starfire Bonanza,L1P,L
A8539A,N63568,FA62,FAIRCHILD M-26 Cornell,L1P,L
A8559A,N636SD,E50P,EMBRAER EMB-500 Phenom 100,L2J,L
A8569A,N63610,C150,CESSNA 150,L1P,L
A8609A,N639QS,C68A,CESSNA 680 Citation Latitude,L2J,M
A8629A,N63979,ST75,STEARMAN Kaydet,L1P,L
A8679A,N6400G,C150,CESSNA 150,L1P,L
A8689A,N6407T,C150,CESSNA 150,L1P,L
A8699A,N641GT,B763,BOEING 767-300,L2J,H
A8759A,N644RM,E50P,EMBRAER EMB-500 Phenom 100,L2J,L
A8779A,N6448U,M20P,MOONEY M-20,L1P,L
A87E9A,N6465P,PA24,PIPER PA-24 Comanche,L1P,L
A8819A,N6470F,C150,CESSNA 150,L1P,L
A8829A,N6477S,C150,CESSNA 150,L1P,L
A8859A,N6482J,P28A,PIPER PA-28-140/150/160/180,L1P,L
A88A9A,N65CG,PA34,PIPER PA-34 Seneca,L2P,L
A8969A,N65201,WACC,WACO C/S,L1P,L
A89A9A,N65324,C82T,CESSNA TR182 Turbo Skylane RG,L1P,L
A89B9A,N654AD,M20T,MOONEY M-20T,L1P,L
A89E9A,N65447,C172,CESSNA 172 Skyhawk,L1P,L
A8A29A,N6557,ZZZZ,,-0-,-
A8A39A,N656G,RV9,VANS RV-9,L1P,L
A8A49A,N656SF,C172,CESSNA 172 Skyhawk,L1P,L
A8A99A,N65735,C172,CESSNA 172 Skyhawk,L1P,L
A8B09A,N65900,ST75,STEARMAN Kaydet,L1P,L
A8B19A,N6598A,S22T,CIRRUS SR-22T Turbo,L1P,L
A8B39A,N66TS,T206,CESSNA T206 Turbo Stationair,L1P,L
A8B79A,N6607V,BL17,BELLANCA 17 Viking,L1P,L
A8BE9A,N6624Q,G164,GRUMMAN G-164 Ag-Cat,L1P,L
A8C29A,N6636T,BE76,BEECH 76 Duchess,L2P,L
A8C99A,N6653N,TA15,TAYLORCRAFT 15 Foursome,L1P,L
A8CB9A,N666MD,EN28,ENSTROM F-28,H1P,L
A8CD9A,N6665R,M20P,MOONEY M-20,L1P,L
A8D09A,N6670H,C172,CESSNA 172 Skyhawk,L1P,L
A8D39A,N668T,G150,GULFSTREAM G150,L2J,M
A8D49A,N6682L,LA4,LAKE LA-4/200,A1P,L
A8D59A,N6689X,C210,CESSNA 201 Centurion,L1P,L
A8D99A,N67CJ,PA18,PIPER PA-18 Super Cub,L1P,L
A8E39A,N672ER,C172,CESSNA 172 Skyhawk,L1P,L
A8E79A,N673HP,BE58,BEECH 58 Baron,L2P,L
A8EE9A,N675DD,PA18,PIPER PA-18 Super Cub,L1P,L
A8F19A,N6757B,PA22,PIPER PA-22,L1P,L
A8F39A,N676SH,A139,AGUSTA AW-139,H2T,L
A8F49A,N67614,C152,CESSNA 152,L1P,L
A8F59A,N6769E,C175,CESSNA 175 Skylark,L1P,L
A8F69A,N677K,M20P,MOONEY M-20,L1P,L
A9089A,N681TC,AC80,NORTH AMERICAN ROCKWELL Turbo Commander 680,L2T,L
A9099A,N6812P,PA24,PIPER PA-24 Comanche,L1P,L
A90E9A,N683CM,CL35,BOMBARDIER BD-100 Challenger 350,L2J,M
A9119A,N6836V,M20P,MOONEY M-20,L1P,L
A9149A,N6841M,RV9,VANS RV-9,L1P,L
A9189A,N6853Q,BE95,BEECH 95 Travel Air,L2P,L
A9199A,N686B,BE35,BEECH 35 Starfire Bonanza,L1P,L
A91E9A,N687QD,PC12,PILATUS PC-12,L1T,L
A91F9A,N6870K,PA16,PIPER PA-16 Clipper,L1P,L
A9209A,N6877W,P28A,PIPER PA-28-140/150/160/180,L1P,L
A9229A,N688TB,P28R,PIPER PA-28R-180/200/201,L1P,L
A9269A,N689W,C650,CESSNA 650 Citation,L2J,M
A9289A,N69CL,BE58,BEECH 58 Baron,L2P,L
A92D9A,N6904,ST75,STEARMAN Kaydet,L1P,L
A9349A,N69205,C152,CESSNA 152,L1P,L
A93E9A,N695PM,M20P,MOONEY M-20,L1P,L
A9419A,N696GD,GLF6,GULFSTREAM G650,L2J,M
A9449A,N6969G,BALL,,B0-,-
A9459A,N697KB,DRON,,D0-,-
A9499A,N698N,WACF,WACO F,L1P,L
A9509A,N7HQ,ARCP,SCHEMPP-HIRTH Arcus M,L1P,L
A9529A,N70EA,DHC6,DE HAVILLAND DHC-6 Twin Otter,L2T,L
A9549A,N700AM,P337,CESSNA P337 Skymaster,L2P,L
A9559A,N700LT,TBM7,SOCATA TBM-700A/B/C,L1T,L
A9569A,N700WZ,,,,
A9589A,N701DK,CH70,ZENAIR CH-701 Stol,L1P,L
A9599A,N701PR,CH70,ZENAIR CH-701 Stol,L1P,L
A95C9A,N702GH,GLF4,GULFSTREAM 4,L2J,M
A95D9A,N702SP,PA23,PIPER PA-23,L2P,L
A95E9A,N7022,C180,CESSNA  180 Skywagon,L1P,L
A9629A,N7034C,T6,NORTH AMERICAN T-6 Texan,L1P,L
A9649A,N704ND,P28A,PIPER PA-28-140/150/160/180,L1P,L
A9689A,N705RB,BL8,BELLANCA 8 Decathlon,L1P,L
A96D9A,N7063A,C172,CESSNA 172 Skyhawk,L1P,L
A9709A,N707WY,S22T,CIRRUS SR-22T Turbo,L1P,L
A9719A,N7075D,R66,ROBINSON R-66,H1T,L
A9759A,N7087G,C172,CESSNA 172 Skyhawk,L1P,L
A9789A,N70919,J3,PIPER J-3 Cub,L1P,L
A9799A,N7099K,PA20,PIPER PA-20 Pacer,L1P,L
A97C9A,N710FR,A321,AIRBUS A-321,L2J,M
A97E9A,N7101T,C172,CESSNA 172 Skyhawk,L1P,L
A97F9A,N71084,C182,CESSNA 182 Skylane,L1P,L
A9809A,N711JP,DH82,DE HAVILLAND DH-82 Tiger Moth,L1P,L
A9869A,N7125Z,BALL,,B0-,-
A98A9A,N71372,L8,LUSCOMBE 8,L1P,L
A98B9A,N714HB,C150,CESSNA 150,L1P,L
A98D9A,N7142U,M20P,MOONEY M-20,L1P,L
A98F9A,N715L,PTS1,PITTS S-1 Special,L1P,L
A9909A,N715WF,C25C,CESSNA 525C Citation CJ4,L2J,M
A9919A,N7154X,C150,CESSNA 150,L1P,L
A9959A,N71660,L8,LUSCOMBE 8,L1P,L
A9979A,N717RW,COUR,HELIO Courier,L1P,L
A9989A,N7171S,C182,CESSNA 182 Skylane,L1P,L
A99C9A,N7183V,M20P,MOONEY M-20,L1P,L
A9A69A,N7205G,C172,CESSNA 172 Skyhawk,L1P,L
A9A79A,N721DM,,,,
A9A89A,N721PT,RV7,VANS RV-7,L1P,L
A9AA9A,N7217K,AR11,AERONCA 11 Chief,L1P,L
A9AC9A,N722SR,SR22,CIRRUS SR-22,L1P,L
A9AD9A,N7222B,BE35,BEECH 35 Starfire Bonanza,L1P,L
A9AE9A,N7229N,RBEL,MURPHY Rebel,L1P,L
A9B29A,N724C,E550,EMBRAER EMB-550 Praetor 600,L2J,M
A9B79A,N725RD,MM16,MAGNI M-16 Tandem Trainer,G1P,L
A9BD9A,N727AN,B77W,BOEING 777-300ER,L2J,H
A9BF9A,N727X,UHEL,,H0-,-
A9C19A,N728DL,SF50,CIRRUS SF-50 Vision,L1J,L
A9C49A,N7287J,P28A,PIPER PA-28-140/150/160/180,L1P,L
A9C99A,N73KG,E300,EXTRA EA-300/330/350,L1P,L
A9CE9A,N73086,C120,CESSNA 120,L1P,L
A9D19A,N7313Y,PA30,PIPER PA-30 Twin Comanche,L2P,L
A9D29A,N732BH,C210,CESSNA 201 Centurion,L1P,L
A9D49A,N732XV,T210,CESSNA T210 Turbo Centurion,L1P,L
A9D59A,N73251,B738,BOEING 737-800,L2J,M
A9D89A,N7330T,C172,CESSNA 172 Skyhawk,L1P,L
A9D99A,N73374,ST75,STEARMAN Kaydet,L1P,L
A9DA9A,N734HD,C172,CESSNA 172 Skyhawk,L1P,L
A9DE9A,N735LB,C182,CESSNA 182 Skylane,L1P,L
A9DF9A,N735WH,C182,CESSNA 182 Skylane,L1P,L
A9E49A,N73662,C172,CESSNA 172 Skyhawk,L1P,L
A9E59A,N737FS,C182,CESSNA 182 Skylane,L1P,L
A9E89A,N73785,C172,CESSNA 172 Skyhawk,L1P,L
A9EA9A,N738UW,C172,CESSNA 172 Skyhawk,L1P,L
A9EB9A,N7383X,C82R,CESSNA R182 Skylane RG,L1P,L
A9EC9A,N739BG,A139,AGUSTA AW-139,H2T,L
A9ED9A,N739MN,L39,LET L-39 Albatros,L1J,L
A9EE9A,N739XU,C172,CESSNA 172 Skyhawk,L1P,L
A9F09A,N74EE,PA46,PIPER PA-46-310/350,L1P,L
A9F29A,N740AR,ARCP,SCHEMPP-HIRTH Arcus M,L1P,L
A9F49A,N740XC,ARCP,SCHEMPP-HIRTH Arcus M,L1P,L
A9F59A,N7405J,P28A,PIPER PA-28-140/150/160/180,L1P,L
A9F69A,N741DP,C172,CESSNA 172 Skyhawk,L1P,L
A9FC9A,N7422D,PA22,PIPER PA-22,L1P,L
AA019A,N744CB,C25A,CESSNA 525A Citation CJ2,L2J,L
AA079A,N7451B,CH7A,BELLANCA 7 Champion,L1P,L
AA0F9A,N7475H,J3,PIPER J-3 Cub,L1P,L
AA129A,N7480,G164,GRUMMAN G-164 Ag-Cat,L1P,L
AA159A,N749SS,LJ60,LEARJET 60,L2J,M
AA189A,N75KJ,BEAR,AVIPRO RB-4 Bearhawk,L1P,L
AA1B9A,N750SA,B737,BOEING 737-700,L2J,M
AA1D9A,N75088,J3,PIPER J-3 Cub,L1P,L
AA209A,N75130,P32R,PIPER PA-32R-300/301/301T,L1P,L
AA229A,N752MR,SONX,SONEX AIRCRAFT Sonex,L1P,L
AA279A,N7530V,C77R,CESSNA 177RG Cardinal RG,L1P,L
AA289A,N75376,P28A,PIPER PA-28-140/150/160/180,L1P,L
AA2B9A,N7542Y,PA30,PIPER PA-30 Twin Comanche,L2P,L
AA2C9A,N75499,,,,
AA319A,N756PB,C82R,CESSNA R182 Skylane RG,L1P,L
AA329A,N756ZH,T206,CESSNA T206 Turbo Stationair,L1P,L
AA369A,N7571W,C82R,CESSNA R182 Skylane RG,L1P,L
AA379A,N75787,ULAC,,L0-,-
AA389A,N758JS,C172,CESSNA 172 Skyhawk,L1P,L
AA3B9A,N759BJ,C182,CESSNA 182 Skylane,L1P,L
AA3C9A,N759MQ,C182,CESSNA 182 Skylane,L1P,L
AA3D9A,N759XW,C182,CESSNA 182 Skylane,L1P,L
AA449A,N7605L,LA4,LAKE LA-4/200,A1P,L
AA459A,N761DR,C210,CESSNA 201 Centurion,L1P,L
AA479A,N7610C,T206,CESSNA T206 Turbo Stationair,L1P,L
AA489A,N7617P,PA24,PIPER PA-24 Comanche,L1P,L
AA4B9A,N7622F,P32R,PIPER PA-32R-300/301/301T,L1P,L
AA4F9A,N7634J,P28R,PIPER PA-28R-180/200/201,L1P,L
AA569A,N7651D,PA22,PIPER PA-22,L1P,L
AA579A,N7658Q,C310,CESSNA 310,L2P,L
AA589A,N766J,JAB4,JABIRU J200-450,L1P,L
AA629A,N7687N,BE36,BEECH 36 Bonanza,L1P,L
AA659A,N7692E,CH7A,BELLANCA 7 Champion,L1P,L
AA689A,N77VS,TB20,SOCATA TB-20 Trinidad,L1P,L
AA6F9A,N77132,C120,CESSNA 120,L1P,L
AA709A,N772BM,,,,
AA7A9A,N77420,C120,CESSNA 120,L1P,L
AA7B9A,N775A,C195,CESSNA 195,L1P,L
AA7E9A,N77543,B39M,BOEING 737 MAX 9,L2J,M
AA839A,N777FW,C210,CESSNA 201 Centurion,L1P,L
AA849A,N777SB,COL4,CESSNA 400 Corvalis TT,L1P,L
AA859A,N7771Y,PA30,PIPER PA-30 Twin Comanche,L2P,L
AA8C9A,N779XY,B779,BOEING 777-9,L2J,H
AA909A,N780AV,B788,BOEING 787-8 Dreamliner,L2J,H
AA919A,N780MA,,,,
AA939A,N7805N,P28A,PIPER PA-28-140/150/160/180,L1P,L
AA979A,N7817R,BE55,BEECH 55 Baron,L2P,L
AAA39A,N785FD,B752,BOEING 757-200,L2J,M
AAA59A,N7851F,C150,CESSNA 150,L1P,L
AAA79A,N786JB,SR22,CIRRUS SR-22,L1P,L
AAAA9A,N787AU,PA44,PIPER PA-44 Seminole,L2P,L
AAB09A,N7880D,B737,BOEING 737-700,L2J,M
AAB19A,N7887Q,C310,CESSNA 310,L2P,L
AAB39A,N789SW,B737,BOEING 737-700,L2J,M
AABA9A,N79011,B772,BOEING 777-200,L2J,H
AABF9A,N792BP,B407,BELL 407,H1T,L
AACA9A,N795AB,BE58,BEECH 58 Baron,L2P,L
AAD59A,N7979A,AT5T,AIR TRACTOR AT-504,L1T,L
AAD89A,N79833,M20P,MOONEY M-20,L1P,L
AADA9A,N799MU,T6,NORTH AMERICAN T-6 Texan,L1P,L
AADD9A,N8EL,GLAS,Glasair,L1P,L
AAE09A,N80MC,,,,
AAE29A,N800HP,C182,CESSNA 182 Skylane,L1P,L
AAE49A,N80026,LA4,LAKE LA-4/200,A1P,L
AAE59A,N801AF,SW4,SWEARINGEN Metro,L2T,M
AAE69A,N801LM,H25B,HAWKER BEECHCRAFT Hawker 750/850,L2J,M
AAE89A,N80149,C172,CESSNA 172 Skyhawk,L1P,L
AAE99A,N802DD,C172,CESSNA 172 Skyhawk,L1P,L
AAED9A,N803GB,ULAC,,L0-,-
AAF09A,N8039E,SA30,STOLP Starduster Too,L1P,L
AAF39A,N80437,TRDO,TITAN Tornado SS,L1P,L
AAFA9A,N80602,C172,CESSNA 172 Skyhawk,L1P,L
AAFB9A,N8068C,P28A,PIPER PA-28-140/150/160/180,L1P,L
AAFE9A,N80725,C172,CESSNA 172 Skyhawk,L1P,L
AAFF9A,N808AE,E135,EMBRAER ERJ-135,L2J,M
AB009A,N808LL,R44,ROBINSON R-44 Raven,H1P,L
AB019A,N808WS,QIC2,QUICKIE Q2,L1P,L
AB049A,N809PJ,H60,SIKORSKY UH-60 Black Hawk,H2T,M
AB089A,N81SG,T206,CESSNA T206 Turbo Stationair,L1P,L
AB109A,N8118Y,B105,EUROCOPTER BO-105,H2T,L
AB139A,N8123Q,T206,CESSNA T206 Turbo Stationair,L1P,L
AB149A,N813B,L8,LUSCOMBE 8,L1P,L
AB1A9A,N8140K,S108,STINSON 108 Voyager,L1P,L
AB1B9A,N8147W,P28A,PIPER PA-28-140/150/160/180,L1P,L
AB219A,N816W,FDCT,FLIGHT DESIGN CT,L1P,L
AB2A9A,N8188X,PA34,PIPER PA-34 Seneca,L2P,L
AB2D9A,N8193P,PA24,PIPER PA-24 Comanche,L1P,L
AB2E9A,N82AZ,DH82,DE HAVILLAND DH-82 Tiger Moth,L1P,L
AB2F9A,N82ME,C182,CESSNA 182 Skylane,L1P,L
AB309A,N82XL,PA31,PIPER PA-31-300/310/325/350/425,L2P,L
AB329A,N820TX,RV10,VANS RV-10,L1P,L
AB379A,N8215A,C170,CESSNA 170,L1P,L
AB399A,N822PM,RV6,VANS RV-6,L1P,L
AB3D9A,N823SK,CRJ9,BOMBARDIER Regional Jet CRJ-900,L2J,M
AB3E9A,N82316,CH7A,BELLANCA 7 Champion,L1P,L
AB409A,N824KB,SR22,CIRRUS SR-22,L1P,L
AB429A,N82439,CH7A,BELLANCA 7 Champion,L1P,L
AB469A,N8256B,C172,CESSNA 172 Skyhawk,L1P,L
AB499A,N82604,CH7A,BELLANCA 7 Champion,L1P,L
AB4A9A,N8268E,C172,CESSNA 172 Skyhawk,L1P,L
AB4C9A,N827TW,C210,CESSNA 201 Centurion,L1P,L
AB4D9A,N82727,PA18,PIPER PA-18 Super Cub,L1P,L
AB519A,N8285,C185,CESSNA 185 Skywagon,L1P,L
AB559A,N8297C,PA22,PIPER PA-22,L1P,L
AB579A,N83SJ,C25B,CESSNA 525B Citation CJ3,L2J,L
AB589A,N830CP,C82T,CESSNA TR182 Turbo Skylane RG,L1P,L
AB5B9A,N8306X,C172,CESSNA 172 Skyhawk,L1P,L
AB5C9A,N831FM,DRON,,D0-,-
AB5D9A,N831RT,VTRA,RANS Venterra,L1P,L
AB5F9A,N83180,P28A,PIPER PA-28-140/150/160/180,L1P,L
AB609A,N832JK,ULAC,,L0-,-
AB629A,N8323S,PA32,PIPER PA-32,L1P,L
AB649A,N833MH,B764,BOEING 767-400,L2J,H
AB669A,N8335V,CH7A,BELLANCA 7 Champion,L1P,L
AB699A,N8340M,C150,CESSNA 150,L1P,L
AB6D9A,N8352Q,T206,CESSNA T206 Turbo Stationair,L1P,L
AB6E9A,N83591,CH7A,BELLANCA 7 Champion,L1P,L
AB719A,N8364T,C175,CESSNA 175 Skylark,L1P,L
AB759A,N8376W,P28A,PIPER PA-28-140/150/160/180,L1P,L
AB769A,N838FL,FA50,DASSAULT Falcon 50,L3J,M
AB779A,N838RS,,,,
AB7C9A,N8393R,P28A,PIPER PA-28-140/150/160/180,L1P,L
AB7D9A,N84BA,C25A,CESSNA 525A Citation CJ2,L2J,L
AB7E9A,N84MG,RV10,VANS RV-10,L1P,L
AB839A,N841AK,R44,ROBINSON R-44 Raven,H1P,L
AB8D9A,N84318,CH7A,BELLANCA 7 Champion,L1P,L
AB989A,N84606,CH7A,BELLANCA 7 Champion,L1P,L
AB999A,N8468G,C150,CESSNA 150,L1P,L
AB9C9A,N84729,CH7A,BELLANCA 7 Champion,L1P,L
ABA19A,N849DG,RV8,VANS RV-8,L1P,L
ABAD9A,N8511R,B14A,BELLANCA 14,L1P,L
ABAE9A,N85182,CH7A,BELLANCA 7 Champion,L1P,L
ABB19A,N8523U,C172,CESSNA 172 Skyhawk,L1P,L
ABB59A,N8535X,G2CA,GUIMBAL G-2 Cabri,H1P,L
ABB89A,N8540P,T6,NORTH AMERICAN T-6 Texan,L1P,L
ABBA9A,N855H,C414,CESSNA 414 Chancellor,L2P,L
ABBC9A,N8552S,C182,CESSNA 182 Skylane,L1P,L
ABBD9A,N85593,T6,NORTH AMERICAN T-6 Texan,L1P,L
ABBF9A,N856WD,HDJT,HONDA HondaJet,L2J,L
ABC29A,N857NW,A332,AIRBUS A-330-200,L2J,H
ABC49A,N8576Y,PA18,PIPER PA-18 Super Cub,L1P,L
ABC89A,N85881,C337,CESSNA 337 Super Skymaster,L2P,L
ABC99A,N859JL,,,,
ABCC9A,N86BC,SSTL,JUST JA30 SuperSTOL,L1P,L
ABD19A,N8603B,C172,CESSNA 172 Skyhawk,L1P,L
ABD59A,N8615E,B738,BOEING 737-800,L2J,M
ABDB9A,N863SP,C172,CESSNA 172 Skyhawk,L1P,L
ABE09A,N8644C,B738,BOEING 737-800,L2J,M
ABEB9A,N8673A,BE35,BEECH 35 Starfire Bonanza,L1P,L
ABEC9A,N868AL,S76,SIKORSKY S-76 Spirit,H2T,L
ABF09A,N869DJ,UHEL,,H0-,-
ABF39A,N8697G,C150,CESSNA 150,L1P,L
ABF49A,N87GG,GLAS,Glasair,L1P,L
ABF59A,N87SN,C650,CESSNA 650 Citation,L2J,M
ABF99A,N87061,BL8,BELLANCA 8 Decathlon,L1P,L
ABFA9A,N871FR,GLF6,GULFSTREAM G650,L2J,M
ABFC9A,N8711T,C182,CESSNA 182 Skylane,L1P,L
ABFE9A,N872JP,C550,CESSNA 550 Citation S2,L2J,L
AC049A,N8735Z,C206,CESSNA  206 Stationair,L1P,L
AC079A,N8740R,GLID,,L0-,-
AC099A,N875HB,HA4T,RAYTHEON 4000 Hawker Horizon,L2J,M
AC0B9A,N8752U,C172,CESSNA 172 Skyhawk,L1P,L
AC0E9A,N876WF,,,,
AC0F9A,N8764X,C182,CESSNA 182 Skylane,L1P,L
AC159A,N878RW,E170,EMBRAER ERJ-170-100,L2J,M
AC179A,N87883,J3,PIPER J-3 Cub,L1P,L
AC1B9A,N88BE,LGEZ,RUTAN Long-EZ,L1P,L
AC1C9A,N88ML,C182,CESSNA 182 Skylane,L1P,L
AC209A,N8803D,PA22,PIPER PA-22,L1P,L
AC249A,N8815G,DRON,,D0-,-
AC259A,N882DM,,,,
AC2B9A,N8832B,C172,CESSNA 172 Skyhawk,L1P,L
AC2C9A,N8839N,P28A,PIPER PA-28-140/150/160/180,L1P,L
AC309A,N885C,C180,CESSNA  180 Skywagon,L1P,L
AC369A,N8861,CH7A,BELLANCA 7 Champion,L1P,L
AC3A9A,N8873C,PA20,PIPER PA-20 Pacer,L1P,L
AC3B9A,N888AN,GLID,,L0-,-
AC3C9A,N888LU,C172,CESSNA 172 Skyhawk,L1P,L
AC3D9A,N888X,C185,CESSNA 185 Skywagon,L1P,L
AC409A,N889PS,C25B,CESSNA 525B Citation CJ3,L2J,L
AC429A,N8897J,P28A,PIPER PA-28-140/150/160/180,L1P,L
AC439A,N89GJ,ULAC,,L0-,-
AC469A,N890PA,A109,AGUSTA AW-109 Grand,H2T,L
AC4B9A,N8911V,C172,CESSNA 172 Skyhawk,L1P,L
AC4C9A,N89186,C152,CESSNA 152,L1P,L
AC539A,N89351,C140,CESSNA 140,L1P,L
AC589A,N895HD,DRON,,D0-,-
AC5A9A,N8952W,P28B,PIPER PA-28-201T/235/236,L1P,L
AC629A,N89762,C140,CESSNA 140,L1P,L
AC669A,N89885,C120,CESSNA 120,L1P,L
AC699A,N8993X,C182,CESSNA 182 Skylane,L1P,L
AC6B9A,N9MN,C414,CESSNA 414 Chancellor,L2P,L
AC719A,N9000X,C182,CESSNA 182 Skylane,L1P,L
AC769A,N902A,C337,CESSNA 337 Super Skymaster,L2P,L
AC779A,N902LF,EXPL,MCDONNELL-DOUGLAS MD-900 Explorer,H2T,L
AC799A,N90243,BALL,,B0-,-
AC7F9A,N904SB,DRON,,D0-,-
AC809A,N9041Y,DHC1,DE HAVILLAND DHC-1 Chipmunk,L1P,L
AC839A,N905V,BE35,BEECH 35 Starfire Bonanza,L1P,L
AC849A,N90531,,,,
AC859A,N906BL,H25B,HAWKER BEECHCRAFT Hawker 750/850,L2J,M
AC869A,N906MS,C550,CESSNA 550 Citation S2,L2J,L
AC899A,N907EJ,BE30,BEECH 300 Super King Air,L2T,L
AC8B9A,N9070W,P28B,PIPER PA-28-201T/235/236,L1P,L
AC949A,N91CX,LGEZ,RUTAN Long-EZ,L1P,L
AC959A,N91PC,C180,CESSNA  180 Skywagon,L1P,L
AC999A,N9104L,CH7A,BELLANCA 7 Champion,L1P,L
AC9B9A,N911NM,B429,BELL 429 GlobalRanger,H2T,L
AC9D9A,N9116P,PA24,PIPER PA-24 Comanche,L1P,L
AC9E9A,N912FD,B752,BOEING 757-200,L2J,M
ACA19A,N9128S,DRON,,D0-,-
ACA29A,N913JB,A321,AIRBUS A-321,L2J,M
ACA49A,N9133J,P28A,PIPER PA-28-140/150/160/180,L1P,L
ACA69A,N914M,,,,
ACA89A,N9145M,P28R,PIPER PA-28R-180/200/201,L1P,L
ACAB9A,N9150D,PA18,PIPER PA-18 Super Cub,L1P,L
ACAE9A,N916SW,CRJ2,BOMBARDIER Regional Jet CRJ-200,L2J,M
ACB09A,N9169T,PA18,PIPER PA-18 Super Cub,L1P,L
ACB79A,N9186N,AC50,NORTH AMERICAN ROCKWELL Commander 500,L2P,L
ACBC9A,N92JA,SS2T,TRUSH Turbo Thrush 500/550,L1T,L
ACC59A,N922AB,R44,ROBINSON R-44 Raven,H1P,L
ACC89A,N92245,J3,PIPER J-3 Cub,L1P,L
ACC99A,N923D,S108,STINSON 108 Voyager,L1P,L
ACCE9A,N924SD,B350,BEECHCRAFT Super King Air 350,L2T,M
ACCF9A,N92410,J3,PIPER J-3 Cub,L1P,L
ACD09A,N9249A,C170,CESSNA 170,L1P,L
ACD29A,N925VB,RV8,VANS RV-8,L1P,L
ACD79A,N92656,J3,PIPER J-3 Cub,L1P,L
ACD99A,N927QQ,C680,CESSNA 680 Citation Sovereign,L2J,M
ACDA9A,N9270Y,ERCO,AIR PRODUCTS F-1 Aircoupe,L1P,L
ACDB9A,N92779,P32R,PIPER PA-32R-300/301/301T,L1P,L
ACDE9A,N92821,PA46,PIPER PA-46-310/350,L1P,L
ACDF9A,N929AA,A321,AIRBUS A-321,L2J,M
ACE19A,N929WN,B737,BOEING 737-700,L2J,M
ACE49A,N93PE,C25B,CESSNA 525B Citation CJ3,L2J,L
ACF09A,N9328U,C150,CESSNA 150,L1P,L
ACF79A,N9345P,PA24,PIPER PA-24 Comanche,L1P,L
ACFB9A,N9357S,BE24,BEECH 24 Sierra,L1P,L
ACFE9A,N9362J,P28A,PIPER PA-28-140/150/160/180,L1P,L
AD029A,N9374M,M20P,MOONEY M-20,L1P,L
AD049A,N938NN,B738,BOEING 737-800,L2J,M
AD079A,N939FE,C208,CESSNA 208 Caravan,L1T,L
AD089A,N939RL,C210,CESSNA 201 Centurion,L1P,L
AD099A,N9391G,C182,CESSNA 182 Skylane,L1P,L
AD0F9A,N94001,T210,CESSNA T210 Turbo Centurion,L1P,L
AD179A,N94247,C152,CESSNA 152,L1P,L
AD189A,N943DB,B739,BOEING 737-900,L2J,M
AD199A,N943PH,S92,SIKORSKY S-92 Helibus,H2T,M
AD1C9A,N944G,GLAS,Glasair,L1P,L
AD229A,N94535,,,,
AD2D9A,N94823,C82T,CESSNA TR182 Turbo Skylane RG,L1P,L
AD2E9A,N949AC,S22T,CIRRUS SR-22T Turbo,L1P,L
AD319A,N94946,C182,CESSNA 182 Skylane,L1P,L
AD329A,N95DA,ST75,STEARMAN Kaydet,L1P,L
AD339A,N95PG,P28R,PIPER PA-28R-180/200/201,L1P,L
AD359A,N950KT,GLF4,GULFSTREAM 4,L2J,M
AD3F9A,N9528W,C72R,CESSNA 172R Cutlass RG,L1P,L
AD409A,N953JF,C650,CESSNA 650 Citation,L2J,M
AD479A,N955DW,PA18,PIPER PA-18 Super Cub,L1P,L
AD4A9A,N9557U,AA1,AMERICAN AA-1,L1P,L
AD4C9A,N956T,PA15,PIPER PA-15 Vagabond,L1P,L
AD4E9A,N9569X,C210,CESSNA 201 Centurion,L1P,L
AD589A,N9591J,P28A,PIPER PA-28-140/150/160/180,L1P,L
AD599A,N9598V,BE35,BEECH 35 Starfire Bonanza,L1P,L
AD5A9A,N96JE,PA31,PIPER PA-31-300/310/325/350/425,L2P,L
AD629A,N96126,,,,
AD639A,N962AF,C77R,CESSNA 177RG Cardinal RG,L1P,L
AD679A,N963DD,SMAX,AIRMAX M-22 SeaMax,A1P,L
AD6B9A,N964GB,BE9L,BEECH 90 King Air,L2T,L
AD6E9A,N9649E,BL17,BELLANCA 17 Viking,L1P,L
AD6F9A,N965K,,,,
AD799A,N9678C,PA34,PIPER PA-34 Seneca,L2P,L
AD7F9A,N969WS,FOX,KITFOX,L1P,L
AD819A,N97DC,RV7,VANS RV-7,L1P,L
AD829A,N97PJ,B06,BELL 206 JetRanger,H1T,L
AD859A,N970WA,S05R,SIAI-MARCHETTI S-205-22R,L1P,L
AD8D9A,N9721M,M20P,MOONEY M-20,L1P,L
AD8E9A,N9728Y,BE35,BEECH 35 Starfire Bonanza,L1P,L
AD8F9A,N973JH,BE20,BEECH 200 Super King Air,L2T,M
AD929A,N974B,BE35,BEECH 35 Starfire Bonanza,L1P,L
AD959A,N9745T,C172,CESSNA 172 Skyhawk,L1P,L
AD999A,N9757W,P28A,PIPER PA-28-140/150/160/180,L1P,L
AD9D9A,N9769Z,C180,CESSNA  180 Skywagon,L1P,L
AD9F9A,N977W,CH65,ZENAIR CH-650 Zodiac,L1P,L
ADA29A,N978NS,S22T,CIRRUS SR-22T Turbo,L1P,L
ADA49A,N9786U,AA1,AMERICAN AA-1,L1P,L
ADA99A,N98JG,P28R,PIPER PA-28R-180/200/201,L1P,L
ADBC9A,N98416,J3,PIPER J-3 Cub,L1P,L
ADBD9A,N9849G,C172,CESSNA 172 Skyhawk,L1P,L
ADC09A,N98539,J3,PIPER J-3 Cub,L1P,L
ADC89A,N9878E,C182,CESSNA 182 Skylane,L1P,L
ADCA9A,N988TW,M7,MAULE M-7,L1P,L
ADCB9A,N98827,J3,PIPER J-3 Cub,L1P,L
ADCC9A,N989AG,MT,ROTORSPORT MTOSport,G1P,L
ADCE9A,N989WU,C72R,CESSNA 172R Cutlass RG,L1P,L
ADCF9A,N9895,F2TH,DASSAULT Falcon 2000,L2J,M
ADD19A,N99PL,BE95,BEECH 95 Travel Air,L2P,L
ADDB9A,N992RT,L39,LET L-39 Albatros,L1J,L
ADDD9A,N99280,ERCO,AIR PRODUCTS F-1 Aircoupe,L1P,L
ADE89A,N9957Y,,,,
ADEB9A,N9962Q,PA18,PIPER PA-18 Super Cub,L1P,L
ADEF9A,N9974T,PA38,PIPER PA-38 Tomahawk,L1P,L
ADF49A,N999FL,PA23,PIPER PA-23,L2P,L
ADF69A,N9991N,C180,CESSNA  180 Skywagon,L1P,L
ADFC9A,92-0345,BE40,BEECH 400 Beechjet,L2J,M
ADFE9A,95-00101,BE20,BEECH 200 Super King Air,L2T,M
ADFF9A,68-8207,T38,NORTHROP T-38 Talon,L2J,L
AE009A,67-14933,T38,NORTHROP T-38 Talon,L2J,L
AE049A,61-0307,K35R,BOEING KC-135R/T Stratotanker,L4J,H
AE089A,00-3573,TEX2,BEECHCRAFT T-6 Texan 2,L1T,L
AE099A,88-26049,H60,SIKORSKY UH-60 Black Hawk,H2T,M
AE0B9A,86-24483,H60,SIKORSKY UH-60 Black Hawk,H2T,M
AE0C9A,89-26137,H60,SIKORSKY UH-60 Black Hawk,H2T,M
AE0E9A,95-26640,H60,SIKORSKY UH-60 Black Hawk,H2T,M
AE109A,02,GLF5,GULFSTREAM 5,L2J,M
AE119A,03-3117,C17,BOEING C-17 Globemaster 3,L4J,H
AE129A,69-6574,C130,LOCKHEED C-130 Hercules,L4T,M
AE139A,04-3708,TEX2,BEECHCRAFT T-6 Texan 2,L1T,L
AE149A,02-9111,B703,BOEING 707-300,L4J,H
AE159A,03-05386,H64,MCDONNELL DOUGLAS AH-64 Apache,H2T,M
AE179A,91-0603,F15,MCDONNELL-DOUGLAS F-15 Eagle,L2J,M
AE189A,05-4613,B737,BOEING 737-700,L2J,M
AE1B9A,166893,F18S,BOEING FA-18 SUPER HORNET,L2J,M
AE1F9A,10-72139,EC45,AIRBUS HELICOPTERS EC-145,H2T,L
AE269A,6568,AS65,AEROSPATIALE AS-365 Dauphin 2,H2T,L
AE2F9A,168068,C30J,LOCKHEED MARTIN C-130J Super Hercules,L4T,M
AE479A,08-20140,H60,SIKORSKY UH-60 Black Hawk,H2T,M
AE4B9A,164776,H53,SIKORSKY CH-53,H2T,M
AE4D9A,158574,P3,LOCKHEED P-3 Orion,L4T,M
AE4E9A,166176,TEX2,BEECHCRAFT T-6 Texan 2,L1T,L
AE4F9A,167072,H60,SIKORSKY UH-60 Black Hawk,H2T,M
AE519A,10-20331,H60,SIKORSKY UH-60 Black Hawk,H2T,M
AE529A,09-08791,H47,BOEING-VERTOL CH-47 Chinook,H2T,M
AE539A,12-20503,H60,SIKORSKY UH-60 Black Hawk,H2T,M
AE579A,14-20682,H60,SIKORSKY UH-60 Black Hawk,H2T,M
AE589A,61-0003,B52,BOEING B-52 Stratofortress,L8J,H
AE5C9A,15-5827,C30J,LOCKHEED MARTIN C-130J Super Hercules,L4T,M
AE5D9A,16-20912,H60,SIKORSKY UH-60 Black Hawk,H2T,M
AE5E9A,162810,B06,BELL 206 JetRanger,H1T,L
AE5F9A,18-46047,B762,BOEING 767-200,L2J,H
AE649A,19-21087,H60,SIKORSKY UH-60 Black Hawk,H2T,M
AE699A,17-08482,H47,BOEING-VERTOL CH-47 Chinook,H2T,M
AE6A9A,20-21172,H60,SIKORSKY UH-60 Black Hawk,H2T,M
AE6B9A,169441,V22,BELL-BOEING V-22 Osprey,R2T,M
C0009A,C-FAFX,MIMU,BUSHBY Midget Mustang,L1P,L
C0029A,C-FAZP,TAYA,TAYLORCRAFT A,L1P,L
C0039A,C-FBJL,M4,MAULE M-4,L1P,L
C0049A,C-FBTH,AA1,AMERICAN AA-1,L1P,L
C0059A,C-FCDD,GLID,,L0-,-
C0079A,C-FCWV,C140,CESSNA 140,L1P,L
C0089A,C-FDGR,J3,PIPER J-3 Cub,L1P,L
C0099A,C-FDQN,C172,CESSNA 172 Skyhawk,L1P,L
C00A9A,C-FEAJ,CNUK,FLEET 80 Canuck,L1P,L
C00C9A,C-FEUB,PA12,PIPER PA-12 Super Cruiser,L1P,L
C00D9A,C-FFDX,,,,
C00E9A,C-FFNT,AT8T,AIR TRACTOR AT-802,L1T,M
C00F9A,C-FFXP,C185,CESSNA 185 Skywagon,L1P,L
C0109A,C-FGHL,LJ75,LEARJET 75,L2J,M
C0129A,C-FHBD,BE9L,BEECH 90 King Air,L2T,L
C0139A,C-FHKZ,C172,CESSNA 172 Skyhawk,L1P,L
C0149A,C-FHUV,C140,CESSNA 140,L1P,L
C0159A,C-FIER,C180,CESSNA  180 Skywagon,L1P,L
C0169A,C-FION,PA31,PIPER PA-31-300/310/325/350/425,L2P,L
C0179A,C-FIYJ,C152,CESSNA 152,L1P,L
C0199A,C-FJSB,RV8,VANS RV-8,L1P,L
C01A9A,C-FKBX,DHC6,DE HAVILLAND DHC-6 Twin Otter,L2T,L
C01B9A,C-FKLT,C150,CESSNA 150,L1P,L
C01D9A,C-FLFL,,,,
C01E9A,C-FLPH,C172,CESSNA 172 Skyhawk,L1P,L
C01F9A,C-FLZD,,,,
C0209A,C-FMIZ,BE33,BEECH 33 Bonanza,L1P,L
C0219A,C-FMSV,TNDR,DREAM Tundra,L1P,L
C0229A,C-FNCR,PA18,PIPER PA-18 Super Cub,L1P,L
C0249A,C-FNWJ,C172,CESSNA 172 Skyhawk,L1P,L
C0259A,C-FOGF,,,,
C0269A,C-FOQB,CH70,ZENAIR CH-701 Stol,L1P,L
C0289A,C-FPJT,PA24,PIPER PA-24 Comanche,L1P,L
C0299A,C-FPTP,T6,NORTH AMERICAN T-6 Texan,L1P,L
C02D9A,C-FRGZ,S108,STINSON 108 Voyager,L1P,L
C02E9A,C-FRQV,C182,CESSNA 182 Skylane,L1P,L
C02F9A,C-FSAR,RELI,STINSON Reliant,L1P,L
C0309A,C-FSKN,BE20,BEECH 200 Super King Air,L2T,M
C0319A,C-FSUJ,,,,
C0329A,C-FTEF,GLST,GLASAIR SH-4 GlaStar,L1P,L
C0339A,C-FTOB,ULAC,,L0-,-
C0349A,C-FTXX,G150,GULFSTREAM G150,L2J,M
C0359A,C-FUHT,C172,CESSNA 172 Skyhawk,L1P,L
C0379A,C-FVBL,,,,
C0399A,C-FVVD,C150,CESSNA 150,L1P,L
C03A9A,C-FWEZ,DH8D,DE HAVILLAND DHC-8-400 Dash 8,L2T,M
C03D9A,C-FXIN,AS55,AEROSPATIALE AS-355 Ecureuil 2,H2T,L
C0409A,C-FYMB,PA18,PIPER PA-18 Super Cub,L1P,L
C0419A,C-FYVX,PA22,PIPER PA-22,L1P,L
C0429A,C-FZFT,B505,BELL 505 JetRanger X,H1T,L
C0439A,C-FZPP,,,,
C0449A,C-FZZL,RV6,VANS RV-6,L1P,L
C0459A,C-GAJH,B505,BELL 505 JetRanger X,H1T,L
C0469A,C-GATD,C185,CESSNA 185 Skywagon,L1P,L
C0479A,C-GBCZ,AS50,AEROSPATIALE AS-350 Ecureuil,H1T,L
C0499A,C-GBWR,C172,CESSNA 172 Skyhawk,L1P,L
C04A9A,C-GCGN,C150,CESSNA 150,L1P,L
C04B9A,C-GCQJ,C150,CESSNA 150,L1P,L
C04C9A,C-GDAF,RBEL,MURPHY Rebel,L1P,L
C04D9A,C-GDKB,AR15,AERONCA 15 Sedan,L1P,L
C04E9A,C-GDTX,C182,CESSNA 182 Skylane,L1P,L
C0509A,C-GENP,C337,CESSNA 337 Super Skymaster,L2P,L
C0519A,C-GEXL,S108,STINSON 108 Voyager,L1P,L
C0529A,C-GFHH,B06,BELL 206 JetRanger,H1T,L
C0539A,C-GFRD,DHC2,DE HAVILLAND DHC-2 Beaver,L1P,L
C0549A,C-GGAZ,,,,
C0559A,C-GGKV,C150,CESSNA 150,L1P,L
C0569A,C-GGUR,PA22,PIPER PA-22,L1P,L
C0579A,C-GHEN,PA18,PIPER PA-18 Super Cub,L1P,L
C0589A,C-GHOJ,,,,
C0599A,C-GHYF,C185,CESSNA 185 Skywagon,L1P,L
C05A9A,C-GIIB,GLID,,L0-,-
C05C9A,C-GJBT,C210,CESSNA 201 Centurion,L1P,L
C05D9A,C-GJLP,BE10,BEECH 100 King Air,L2T,L
C05E9A,C-GJVL,,,,
C05F9A,C-GKFH,DV20,DIAMOND DA-20,L1P,L
C0619A,C-GKYZ,P28A,PIPER PA-28-140/150/160/180,L1P,L
C0629A,C-GLIV,AT8T,AIR TRACTOR AT-802,L1T,M
C0639A,C-GLSR,C206,CESSNA  206 Stationair,L1P,L
C0649A,C-GMCN,RV7,VANS RV-7,L1P,L
C0659A,C-GMMJ,RV7,VANS RV-7,L1P,L
C0669A,C-GMWF,C172,CESSNA 172 Skyhawk,L1P,L
C0679A,C-GNGB,C172,CESSNA 172 Skyhawk,L1P,L
C0689A,C-GNPX,C170,CESSNA 170,L1P,L
C06A9A,C-GOJP,CAD2,DELISLE Cadi,L1P,L
C06B9A,C-GOTL,C172,CESSNA 172 Skyhawk,L1P,L
C06C9A,C-GPDH,PA24,PIPER PA-24 Comanche,L1P,L
C06D9A,C-GPND,B407,BELL 407,H1T,L
C06E9A,C-GPWZ,AS50,AEROSPATIALE AS-350 Ecureuil,H1T,L
C06F9A,C-GQGV,P28A,PIPER PA-28-140/150/160/180,L1P,L
C0719A,C-GRAN,,,,
C0739A,C-GRUF,RV4,VANS RV-4,L1P,L
C0749A,C-GSEB,B06,BELL 206 JetRanger,H1T,L
C0759A,C-GSNX,SONX,SONEX AIRCRAFT Sonex,L1P,L
C0769A,C-GSXT,C150,CESSNA 150,L1P,L
C0779A,C-GTHP,M5,MAULE M-5,L1P,L
C0789A,C-GTRL,C500,CESSNA 500 Citation 1,L2J,L
C0799A,C-GUBH,A332,AIRBUS A-330-200,L2J,H
C07A9A,C-GULD,,,,
C07B9A,C-GUUZ,,,,
C07D9A,C-GVOR,C172,CESSNA 172 Skyhawk,L1P,L
C07F9A,C-GWIJ,CH70,ZENAIR CH-701 Stol,L1P,L
C0809A,C-GWSF,DFLY,VIKING Dragonfly,L1P,L
C0829A,C-GXLX,DA40,DIAMOND DA-40 Club Star,L1P,L
C0839A,C-GXVT,CH20,ZENAIR CH-200 Zenith,L1P,L
C0849A,C-GYFP,C182,CESSNA 182 Skylane,L1P,L
C0859A,C-GYPL,C82R,CESSNA R182 Skylane RG,L1P,L
C0869A,C-GYZH,C182,CESSNA 182 Skylane,L1P,L
C0879A,C-GZJD,R66,ROBINSON R-66,H1T,L
C0889A,C-GZSZ,C152,CESSNA 152,L1P,L
C0899A,C-IACV,,,,
C08A9A,C-IAMR,,,,
C08B9A,C-IAWN,ULAC,,L0-,-
C08C9A,C-IBGJ,ULAC,,L0-,-
C08D9A,C-IBQF,ULAC,,L0-,-
C08F9A,C-ICJX,ULAC,,L0-,-
C0919A,C-IDDP,ULAC,,L0-,-
C0929A,C-IDNL,ULAC,,L0-,-
C0939A,C-IDXH,ULAC,,L0-,-
C0949A,C-IEHD,ULAC,,L0-,-
C0969A,C-IFAV,CHIN,ASAP Chinook,L1P,L
C0979A,C-IFKR,PARA,,P0-,-
C0999A,C-IGEJ,ULAC,,L0-,-
C09A9A,C-IGOF,ULAC,,L0-,-
C09C9A,C-IHHX,ULAC,,L0-,-
C09D9A,C-IHRT,DSA1,SMITH DSA-1 Miniplane,L1P,L
C09F9A,C-IILL,ULAC,,L0-,-
C0A19A,C-IJFD,CRER,RANS Courier,L1P,L
C0A29A,C-IJOZ,PARA,,P0-,-
C0A49A,C-IKIR,,,,
C0A59A,C-IKSN,ULAC,,L0-,-
C0A79A,C-ILMF,PARA,,P0-,-
C0A89A,C-ILWB,BEVR,ASAP Beaver,L1P,L
C0BB9A,C-ITBD,,,,
C1E59A,SERV,SERV,,V0-,-
C1E99A,SERV,SERV,,V0-,-
C8019A,ZK-CGJ,C180,CESSNA  180 Skywagon,L1P,L
C8029A,ZK-DEA,P28A,PIPER PA-28-140/150/160/180,L1P,L
C8039A,ZK-DVH,BE23,BEECH 23 Sundowner,L1P,L
C8059A,ZK-FGC,C152,CESSNA 152,L1P,L
C8089A,ZK-GNH,GLID,,L0-,-
C80B9A,ZK-PQP,C152,CESSNA 152,L1P,L
C80D9A,ZK-CID,SW4,SWEARINGEN Metro,L2T,M
C8149A,ZK-VTZ,ULAC,,L0-,-
C8189A,ZK-IMG,H269,HUGHES Sky Knight,H1P,L
C8199A,ZK-TDA,PA22,PIPER PA-22,L1P,L
C81B9A,ZK-XJE,XNON,CELIER Xenon,G1P,L
C81D9A,ZK-DDB,ULAC,,L0-,-
C81F9A,ZK-PJI,ZZZZ,,-0-,-
C8209A,ZK-HPD,B06,BELL 206 JetRanger,H1T,L
C8219A,ZK-SAL,TL20,TL ULTRALIGHT TL-2000 Sting,L1P,L
C8239A,ZK-YAJ,COY2,RANS Coyote 2,L1P,L
C8249A,ZK-HCQ,AS50,AEROSPATIALE AS-350 Ecureuil,H1T,L
C8279A,ZK-IAA,B105,EUROCOPTER BO-105,H2T,L
C8289A,ZK-KWK,LNC2,LANCAIR 200-320,L1P,L
C8299A,ZK-EAD,ECHO,TECNAM P-92 Echo,L1P,L
C8809A,DQ-VAN,GA8,GIPPSAERO GA-8 Airvan,L1P,L
E0309A,LV-CBZ,BE20,BEECH 200 Super King Air,L2T,M
E0339A,LV-CNZ,C152,CESSNA 152,L1P,L
E0659A,LV-FVZ,LJ60,LEARJET 60,L2J,M
E0759A,LV-GVZ,BE55,BEECH 55 Baron,L2P,L
E0819A,LV-HFZ,PA24,PIPER PA-24 Comanche,L1P,L
E0859A,LV-HVZ,R66,ROBINSON R-66,H1T,L
E0919A,LV-IFZ,C182,CESSNA 182 Skylane,L1P,L
E0A39A,LV-JNZ,C188,CESSNA 188 AgTruck,L1P,L
E0A59A,LV-JVZ,PA46,PIPER PA-46-310/350,L1P,L
E0B09A,LV-KBZ,C550,CESSNA 550 Citation S2,L2J,L
E0D09A,LV-MBZ,AEST,AEROSTAR 600,L2P,L
E2009A,LV-S088,SIRA,TECNAM P-2002 Sierra,L1P,L
E47F9A,PT-LVD,FA10,DASSAULT Falcon 100,L2J,M
E4809A,PR-LPM,BE20,BEECH 200 Super King Air,L2T,M
E4839A,PR-SEF,S76,SIKORSKY S-76 Spirit,H2T,L
E4859A,PP-OAC,E55P,EMBRAER EMB-505 Phenom 300,L2J,M
E4869A,PR-CGD,S92,SIKORSKY S-92 Helibus,H2T,M
E4889A,PP-JJR,B429,BELL 429 GlobalRanger,H2T,L
E48A9A,PR-DUO,BE58,BEECH 58 Baron,L2P,L
E48C9A,PP-PPT,R66,ROBINSON R-66,H1T,L
E48D9A,PP-CPD,B429,BELL 429 GlobalRanger,H2T,L
E4909A,PR-JBP,S92,SIKORSKY S-92 Helibus,H2T,M
E4919A,PR-JBX,S92,SIKORSKY S-92 Helibus,H2T,M
E4929A,PP-NCG,P46T,PIPER PA-46-500TP,L1T,L
E4949A,PR-XBD,A20N,AIRBUS A-320neo,L2J,M
E4959A,PP-MLZ,CL60,BOMBARDIER CL-600 Challenger,L2J,M
E4969A,PT-WEU,BE33,BEECH 33 Bonanza,L1P,L
E8C09A,OB-2205,DH8D,DE HAVILLAND DHC-8-400 Dash 8,L2T,M
