0080A1,ZS-AFO,C182,CESSNA 182 Skylane,L1P,L
008AA1,ZS-EAA,B190,BEECH 1900,L2T,M
00A3A1,ZS-NME,CRJ2,BOMBARDIER Regional Jet CRJ-200,L2J,M
00A6A1,ZS-OPS,C130,LOCKHEED C-130 Hercules,L4T,M
00A8A1,ZS-PJK,BE33,BEECH 33 Bonanza,L1P,L
00B1A1,ZS-SUA,C55B,CESSNA 550B Citation Bravo,L2J,L
00B3A1,ZS-TNS,EC30,AIRBUS HELICOPTERS EC-130,H1T,L
00BFA1,ZS-YBW,DH8D,DE HAVILLAND DHC-8-400 Dash 8,L2T,M
0100A1,SU-CBE,DHC7,DE HAVILLAND DHC-7 Dash 7,L4T,M
0101A1,SU-BSY,C295,CASA C-295 Persuader,L2T,M
0180A1,5A-BRC,A320,AIRBUS A-320,L2J,M
0200A1,CN-ROX,B733,BOEING 737-300,L2J,M
02A1A1,TS-INB,A320,AIRBUS A-320,L2J,M
04C1A1,5Y-SMT,F50,FOKKER 50,L2T,M
04C2A1,5Y-HYS,BE20,BEECH 200 Super King Air,L2T,M
06A0A1,A7-GHE,A139,AGUSTA AW-139,H2T,L
0700A1,6V-AFB,P32R,PIPER PA-32R-300/301/301T,L1P,L
0701A1,6V-ANB,A339,AIRBUS A-330-900,L2J,H
0800A1,5H-TCL,BCS3,AIRBUS A220-300,L2J,M
0A00A1,7T-VNR,C208,CESSNA 208 Caravan,L1T,L
0A80A1,C6-DON,C208,CESSNA 208 Caravan,L1T,L
0AC1A1,HK-4989,BE20,BEECH 200 Super King Air,L2T,M
0AC7A1,EJC2158,H60,SIKORSKY UH-60 Black Hawk,H2T,M
0AC8A1,FAC1281,C295,CASA C-295 Persuader,L2T,M
0BAFA1,FAH001,E35L,EMBRAER EMB-135 Legacy,L2J,M
0D09A1,XA-IJC,H25B,HAWKER BEECHCRAFT Hawker 750/850,L2J,M
0D0BA1,XA-MAZ,B38M,BOEING 737 MAX 8,L2J,M
0D0EA1,XA-VXG,A21N,AIRBUS A-321neo,L2J,M
1406A1,RA-01697,A139,AGUSTA AW-139,H2T,L
1416A1,RA-05793,R66,ROBINSON R-66,H1T,L
141CA1,RA-07329,AN2,ANTONOV An-2,L1P,L
142CA1,RA-11425,,,,
14A5A1,RA-42401,YK42,YAKOVLEV Yak-142,L3J,M
1506A1,RA-67233,CRJ2,BOMBARDIER Regional Jet CRJ-200,L2J,M
151DA1,RA-73121,B738,BOEING 737-800,L2J,M
1540A1,RA-82081,A124,ANTONOV An-124 Ruslan,L4J,H
180BA1,RA-2977G,ULAC,,L0-,-
3004A1,I-ODQD,TB20,SOCATA TB-20 Trinidad,L1P,L
3008A1,I-CUCC,C172,CESSNA 172 Skyhawk,L1P,L
33FDA1,CSX62301,AT76,ATR-72-600,L2T,M
33FFA1,MM7172,AMX,AERITALIA-AERMACCHI AMX Ghibli,L1J,M
3826A1,F-BJVB,CP30,PIEL Emeraude,L1P,L
3836A1,F-BNVB,DR22,CENTRE EST Dauphin,L1P,L
3856A1,F-BVVB,P28A,PIPER PA-28-140/150/160/180,L1P,L
3911A1,F-GENB,TB20,SOCATA TB-20 Trinidad,L1P,L
392DA1,F-GLNB,S22T,CIRRUS SR-22T Turbo,L1P,L
392EA1,F-GLVB,DR40,ROBIN DR-400,L1P,L
393AA1,F-GOVB,DR40,ROBIN DR-400,L1P,L
394AA1,F-GSVB,BALL,,B0-,-
394CA1,F-GTFB,C510,CESSNA 510 Citation Mustang,L2J,L
394EA1,F-GTVB,TOBA,SOCATA Tobago,L1P,L
3950A1,F-GUFB,EC35,AIRBUS HELICOPTERS EC-135/635,H2T,L
3952A1,F-GUVB,DA40,DIAMOND DA-40 Club Star,L1P,L
3964A1,F-GZFB,BALL,,B0-,-
3965A1,F-GZNB,B77W,BOEING 777-300ER,L2J,H
3985A1,F-HBNB,A320,AIRBUS A-320,L2J,M
3986A1,F-HBVB,EC20,AIRBUS HELICOPTERS EC-120,H1T,L
39B2A1,F-HMVB,BALL,,B0-,-
39C5A1,F-HRNB,A339,AIRBUS A-330-900,L2J,H
39CEA1,F-HTVB,B738,BOEING 737-800,L2J,M
3A46A1,F-ORVB,AT45,ATR-42-500,L2T,M
3AABA1,F-MDBJ,PUMA,AEROSPATIALE SA-330 Puma,H2T,L
3B76A1,298,DHC6,DE HAVILLAND DHC-6 Twin Otter,L2T,L
3B7BA1,F-ZBPJ,EC45,AIRBUS HELICOPTERS EC-145,H2T,L
3C4AA1,D-ABUA,B763,BOEING 767-300,L2J,H
3C55A1,D-AEMA,E190,EMBRAER ERJ-190-100,L2J,M
3C56A1,D-AEUA,A321,AIRBUS A-321,L2J,M
3C64A1,D-AIEA,A21N,AIRBUS A-321neo,L2J,M
3C65A1,D-AIMA,A388,AIRBUS A-380-800,L4J,H
3C66A1,D-AIUA,A320,AIRBUS A-320,L2J,M
3C71A1,D-ALMA,A332,AIRBUS A-330-200,L2J,H
3D05A1,D-EAJP,C206,CESSNA  206 Stationair,L1P,L
3D07A1,D-EBDH,FDCT,FLIGHT DESIGN CT,L1P,L
3D08A1,D-EBND,PUP,BEAGLE Pup,L1P,L
3D0EA1,D-EDUF,C172,CESSNA 172 Skyhawk,L1P,L
3D0FA1,D-EEEB,C182,CESSNA 182 Skylane,L1P,L
3D10A1,D-EENX,C150,CESSNA 150,L1P,L
3D13A1,D-EFRL,M20T,MOONEY M-20T,L1P,L
3D14A1,D-EGBH,DR40,ROBIN DR-400,L1P,L
3D18A1,D-EHOR,P28A,PIPER PA-28-140/150/160/180,L1P,L
3D1AA1,D-EIIJ,M20T,MOONEY M-20T,L1P,L
3D1BA1,D-EISF,DR40,ROBIN DR-400,L1P,L
3D1CA1,D-EJCB,E300,EXTRA EA-300/330/350,L1P,L
3D1FA1,D-EKFP,C182,CESSNA 182 Skylane,L1P,L
3D20A1,D-EKPL,C172,CESSNA 172 Skyhawk,L1P,L
3D24A1,D-EMCV,C182,CESSNA 182 Skylane,L1P,L
3D25A1,D-EMMR,F8L,AEROMERE F-8L Falco,L1P,L
3D26A1,D-EMWN,M20T,MOONEY M-20T,L1P,L
3D27A1,D-ENGJ,DA40,DIAMOND DA-40 Club Star,L1P,L
3D29A1,D-EOAB,P28T,PIPER PA-28RT-201,L1P,L
3D2AA1,D-EOJX,C150,CESSNA 150,L1P,L
3D2BA1,D-EOTT,C172,CESSNA 172 Skyhawk,L1P,L
3D2DA1,D-EPNL,PTS1,PITTS S-1 Special,L1P,L
3D35A1,D-ESOF,E300,EXTRA EA-300/330/350,L1P,L
3D3AA1,D-EULL,DV20,DIAMOND DA-20,L1P,L
3D3BA1,D-EUVH,P46T,PIPER PA-46-500TP,L1T,L
3D43A1,D-EXWB,RV9,VANS RV-9,L1P,L
3DAEA1,D-GMJP,P06T,TECNAM P-2006T,L2P,L
3DB5A1,D-GPAN,PA34,PIPER PA-34 Seneca,L2P,L
3DC9A1,D-GWPL,PA34,PIPER PA-34 Seneca,L2P,L
3DE1A1,D-HFRT,A109,AGUSTA AW-109 Grand,H2T,L
3DF1A1,D-HLTH,EC55,AIRBUS HELICOPTERS EC-155,H2T,L
3DFFA1,D-HRBD,R66,ROBINSON R-66,H1T,L
3E1CA1,D-ICAR,DA62,DIAMOND DA-62,L2P,L
3E32A1,D-IKJH,C303,CESSNA T303 Crusader,L2P,L
3E4FA1,D-IVIV,C25A,CESSNA 525A Citation CJ2,L2J,L
3E5FA1,D-KBKJ,GLID,,L0-,-
3E60A1,D-KBUF,SF25,SCHEIBE SF-25 Falke,L1P,L
3E61A1,D-KCEB,GLID,,L0-,-
3E65A1,D-KDRL,GLID,,L0-,-
3E66A1,D-KEBH,DIMO,DIAMOND H-36 Dimona,L1P,L
3E6AA1,D-KFOR,SF25,SCHEIBE SF-25 Falke,L1P,L
3E6EA1,D-KHCB,DG50,DG FLUGZEUGBAU DG-500M,L1P,L
3E71A1,D-KIFP,RF5,FOURNIER RF-5,L1P,L
3E7DA1,D-KMTT,DIMO,DIAMOND H-36 Dimona,L1P,L
3ECCA1,D-KSLL,GLID,,L0-,-
3EDAA1,D-KXTH,GLID,,L0-,-
3F02A1,D-8714,GLID,,L0-,-
3FEAA1,D-MHBA,FDCT,FLIGHT DESIGN CT,L1P,L
3FEBA1,D-MDBO,FK9,B&F TECHNIK FK-9,L1P,L
3FECA1,D-MXCT,FDCT,FLIGHT DESIGN CT,L1P,L
3FEEA1,D-MERN,FDCT,FLIGHT DESIGN CT,L1P,L
3FEFA1,D-MDRO,FDCT,FLIGHT DESIGN CT,L1P,L
3FF0A1,D-MQRP,ULAC,,L0-,-
3FF1A1,D-MCEJ,CLON,AUTOGYRO Cavalon,G1P,L
3FF2A1,D-MFER,WT9,AEROSPOOL WT-9 Dynamic,L1P,L
3FF3A1,D-MCET,ULAC,,L0-,-
3FF4A1,D-MEJR,C42,IKARUS C-42 Bison,L1P,L
3FF6A1,D-MDFA,ALGR,FANTASY AIR Allegro,L1P,L
400EA1,G-BYXD,G115,GROB G-115,L1P,L
4012A1,G-VALK,BE20,BEECH 200 Super King Air,L2T,M
4014A1,G-ANRP,AUS5,AUSTER AOP5,L1P,L
4016A1,G-ATWA,DR10,CENTRE EST Ambassadeur,L1P,L
4018A1,G-AYEW,DR10,CENTRE EST Ambassadeur,L1P,L
4019A1,G-AZWT,LYSA,WESTLAND Lysander,L1P,L
401CA1,G-BEVT,TRIS,BRITTEN-NORMAN Trislander,L3P,L
401DA1,G-BGIU,C172,CESSNA 172 Skyhawk,L1P,L
4021A1,G-ECGC,C172,CESSNA 172 Skyhawk,L1P,L
4025A1,G-BKGM,BE18,BEECH 18 Expetitor,L2P,L
402AA1,G-BODE,P28A,PIPER PA-28-140/150/160/180,L1P,L
402CA1,G-BORL,P28A,PIPER PA-28-140/150/160/180,L1P,L
4031A1,G-SSWV,RF5,FOURNIER RF-5,L1P,L
4032A1,G-BSTZ,P28A,PIPER PA-28-140/150/160/180,L1P,L
4033A1,G-MWRH,ULAC,,L0-,-
4039A1,G-BVUZ,C120,CESSNA 120,L1P,L
403DA1,G-BXIF,P28A,PIPER PA-28-140/150/160/180,L1P,L
4040A1,G-ELLE,BALL,,B0-,-
4043A1,G-WAVA,HR20,ROBIN HR-200,L1P,L
4048A1,G-CBYZ,ECHO,TECNAM P-92 Echo,L1P,L
404BA1,G-CCVR,SKRA,BEST OFF Sky Ranger,L1P,L
404FA1,G-CKHH,GLID,,L0-,-
4054A1,G-CHPW,GLID,,L0-,-
4057A1,G-CJCT,NIMB,SCHEMPP-HIRTH Nimbus,L1P,L
4058A1,G-CFZP,GLID,,L0-,-
4059A1,G-DEPD,GLID,,L0-,-
405AA1,G-TCHI,SPIT,SUPERMARINE Spitfire,L1P,L
405DA1,G-HAGL,R44,ROBINSON R-44 Raven,H1P,L
405FA1,G-WWZZ,CRUZ,CSA PS-28 Cruiser,L1P,L
4060A1,G-DDGV,GLID,,L0-,-
4061A1,G-RXTV,A109,AGUSTA AW-109 Grand,H2T,L
4062A1,G-MVXP,ULAC,,L0-,-
4063A1,G-SRZZ,SR22,CIRRUS SR-22,L1P,L
4064A1,G-FDZU,B738,BOEING 737-800,L2J,M
4065A1,G-CGVS,XA85,RAJ HAMSA XA-85,L1P,L
4066A1,G-UFOE,G115,GROB G-115,L1P,L
4068A1,G-CHSS,C42,IKARUS C-42 Bison,L1P,L
406AA1,G-OMPH,RV7,VANS RV-7,L1P,L
406BA1,G-SKFY,R44,ROBINSON R-44 Raven,H1P,L
406CA1,G-TOPP,RV10,VANS RV-10,L1P,L
406DA1,G-CIMB,C177,CESSNA  177 Cardinal,L1P,L
406EA1,G-CIPW,A139,AGUSTA AW-139,H2T,L
406FA1,G-FLOE,R66,ROBINSON R-66,H1T,L
4070A1,G-CLSL,GLID,,L0-,-
4071A1,G-MFTS,G120,GROB G-120,L1P,L
4072A1,G-CJZD,EFOX,AEROPRO Eurofox,L1P,L
4073A1,G-UZHD,A20N,AIRBUS A-320neo,L2J,M
4074A1,G-YARD,R44,ROBINSON R-44 Raven,H1P,L
4075A1,G-CTSC,DA40,DIAMOND DA-40 Club Star,L1P,L
4076A1,G-CKZG,ZZZZ,,-0-,-
4077A1,G-CLFM,WAIX,SONEX Waiex,L1P,L
407CA1,G-DKSK,TL20,TL ULTRALIGHT TL-2000 Sting,L1P,L
407DA1,G-CMIU,EC35,AIRBUS HELICOPTERS EC-135/635,H2T,L
4241A1,VP-CXR,A320,AIRBUS A-320,L2J,M
4243A1,VP-BLE,B738,BOEING 737-800,L2J,M
4247A1,VP-CCD,E550,EMBRAER EMB-550 Praetor 600,L2J,M
4248A1,VP-CUE,A320,AIRBUS A-320,L2J,M
43C1A1,ZA588,TOR,PANAVIA Tornado,L2J,M
43C2A1,XW235,PUMA,AEROSPATIALE SA-330 Puma,H2T,L
43C3A1,ZH103,E3CF,BOEING E-3 Sentry (CFM56),L4J,H
43C6A1,ZF515,TUCA,EMBRAER EMB-312 Tucano,L1T,L
43C7A1,ZK424,EUFI,EUROFIGHTER 2000,L2J,M
43EAA1,M-AAAM,CL60,BOMBARDIER CL-600 Challenger,L2J,M
4400A1,OE-XVI,EC35,AIRBUS HELICOPTERS EC-135/635,H2T,L
4402A1,OE-ISA,CRJ2,BOMBARDIER Regional Jet CRJ-200,L2J,M
4404A1,OE-XDS,R22,ROBINSON R-22 Mariner,H1P,L
4408A1,OE-XSR,AS50,AEROSPATIALE AS-350 Ecureuil,H1T,L
4409A1,OE-CHG,BX2,BRANDLI Cherry,L1P,L
440CA1,OE-ECO,PC12,PILATUS PC-12,L1T,L
4480A1,OO-161,RV7,VANS RV-7,L1P,L
449CA1,OO-GEA,B06,BELL 206 JetRanger,H1T,L
44B6A1,OO-MUA,C172,CESSNA 172 Skyhawk,L1P,L
44CCA1,OO-SEA,A332,AIRBUS A-330-200,L2J,H
44D0A1,OO-TEA,E190,EMBRAER ERJ-190-100,L2J,M
44D1A1,OO-TMA,B38M,BOEING 737 MAX 8,L2J,M
44D9A1,OO-VMA,EVSS,EVEKTOR SportStar,L1P,L
44F1A1,FA-131,F16,GENERAL DYNAMICS F-16 Fighting Falcon,L1J,M
44F5A1,CM-01,FA20,DASSAULT Falcon 200,L2J,M
44F6A1,RN-02,NH90,NHI NH-90,H2T,M
451DA1,LZ-SPA,PA34,PIPER PA-34 Seneca,L2P,L
4520A1,LZ-ONE,A332,AIRBUS A-330-200,L2J,H
4584A1,OY-AEA,KZ2,SAI KZ-2,L1P,L
458AA1,OY-BUA,C172,CESSNA 172 Skyhawk,L1P,L
458EA1,OY-CUA,LNC2,LANCAIR 200-320,L1P,L
45C9A1,OY-RMA,C206,CESSNA  206 Stationair,L1P,L
45D1A1,OY-TMA,C550,CESSNA 550 Citation S2,L2J,L
45E1A1,OY-XMA,IS28,IAR IS-28M2,L1P,L
461FA1,OH-LZL,A321,AIRBUS A-321,L2J,M
4627A1,OH-PAF,P28T,PIPER PA-28RT-201,L1P,L
4678A1,GO-11,G115,GROB G-115,L1P,L
46ADA1,SX-KMA,CL60,BOMBARDIER CL-600 Challenger,L2J,M
46B8A1,SX-NEA,A20N,AIRBUS A-320neo,L2J,M
4712A1,HA-HBL,EC35,AIRBUS HELICOPTERS EC-135/635,H2T,L
471FA1,HA-LZL,A21N,AIRBUS A-321neo,L2J,M
473FA1,HA-YCN,PA34,PIPER PA-34 Seneca,L2P,L
477FA1,102,AS50,AEROSPATIALE AS-350 Ecureuil,H1T,L
4780A1,LN-ILS,DH8A,DE HAVILLAND DHC-8-100 Dash 8,L2T,M
4781A1,9586,P8,BOEING P-8 Poseidon,L2J,M
4784A1,LN-RRB,B737,BOEING 737-700,L2J,M
4785A1,LN-ALM,BL8,BELLANCA 8 Decathlon,L1P,L
4787A1,LN-ODC,H269,HUGHES Sky Knight,H1P,L
4840A1,PJ-KVM,F50,FOKKER 50,L2T,M
4841A1,PH-EDM,F900,DASSAULT Falcon 900,L3J,M
4843A1,PH-MHE,P32R,PIPER PA-32R-300/301/301T,L1P,L
4844A1,P4-BDL,B788,BOEING 787-8 Dreamliner,L2J,H
4847A1,PH-1150,GLID,,L0-,-
4848A1,PH-IJF,BALL,,B0-,-
484AA1,PH-HSW,B738,BOEING 737-800,L2J,M
484BA1,PH-FLY,RV7,VANS RV-7,L1P,L
484CA1,PH-JNY,BALL,,B0-,-
484DA1,PH-856,GLID,,L0-,-
484FA1,PH-DWH,TAMP,SOCATA TB-9 Tampico,L1P,L
4851A1,PH-1559,GLID,,L0-,-
4853A1,PH-1PA,ZZZZ,,-0-,-
4854A1,PH-2BA,ZZZZ,,-0-,-
4855A1,PH-2JO,ZZZZ,,-0-,-
4856A1,PH-2NL,ZZZZ,,-0-,-
4858A1,PH-1603,GLID,,L0-,-
4862A1,PH-0A0,ULAC,,L0-,-
4888A1,SP-CFB,CRUZ,CSA PS-28 Cruiser,L1P,L
4895A1,SP-FNB,C172,CESSNA 172 Skyhawk,L1P,L
48ACA1,SP-LFB,P208,TECNAM P-2008,L1P,L
48ADA1,SP-LNB,E195,EMBRAER ERJ-190-200,L2J,M
48BDA1,SP-PNB,R44,ROBINSON R-44 Raven,H1P,L
48C2A1,SP-RZB,B38M,BOEING 737 MAX 8,L2J,M
48D8A1,4073,F16,GENERAL DYNAMICS F-16 Fighting Falcon,L1J,M
48FEA1,SP-SPZB,VL3,AVEKO Flamingo,L1P,L
4952A1,CS-TUA,A339,AIRBUS A-330-900,L2J,H
4956A1,CS-UUA,WT9,AEROSPOOL WT-9 Dynamic,L1P,L
497CA1,16701,C295,CASA C-295 Persuader,L2T,M
4984A1,0928,L410,LET L-410 Turbolet,L2T,L
49C0A1,OK-RAR11,ULAC,,L0-,-
49C1A1,OK-WUA43,ULAC,,L0-,-
49D2A1,OK-AGL,A109,AGUSTA AW-109 Grand,H2T,L
49D3A1,OK-PRA,SG92,TECHNOAVIA Turbo Finist,L1T,L
4A05A1,YR-AMA,B735,BOEING 737-500,L2J,M
4A4CA1,YR-SEA,A320,AIRBUS A-320,L2J,M
4A68A1,YR-ZEA,Z42,ZLIN Z-42/142/242,L1P,L
4A9EA1,SE-GUA,PA27,PIPER PA-23-250 Aztec,L2P,L
4AA6A1,SE-IUA,MU2,MITSUBISHI MU-2 Marquise,L2T,L
4AB2A1,SE-LUA,M20P,MOONEY M-20,L1P,L
4AB4A1,SE-MEA,P28A,PIPER PA-28-140/150/160/180,L1P,L
4AC9A1,SE-RMA,CL30,BOMBARDIER BD-100 Challenger 300,L2J,M
4ACAA1,SE-RUA,A20N,AIRBUS A-320neo,L2J,M
4AD6A1,SE-UUA,AS29,SCHLEICHER ASG-29,L1P,L
4AE2A1,SE-XUA,RV6,VANS RV-6,L1P,L
4B04A1,HB-BTP,BALL,,B0-,-
4B05A1,HB-CDL,C172,CESSNA 172 Skyhawk,L1P,L
4B14A1,HB-HVD,PC21,PILATUS PC-21,L1T,L
4B18A1,HB-JIN,F900,DASSAULT Falcon 900,L3J,M
4B1BA1,HB-KMB,P208,TECNAM P-2008,L1P,L
4B1FA1,HB-LZL,DA42,DIAMOND DA-42 Guardian,L2P,L
4B21A1,HB-MTD,E300,EXTRA EA-300/330/350,L1P,L
4B27A1,HB-PAF,P28A,PIPER PA-28-140/150/160/180,L1P,L
4B2BA1,HB-QNP,BALL,,B0-,-
4B32A1,HB-TEN,C208,CESSNA 208 Caravan,L1T,L
4B3CA1,HB-WYZ,FDCT,FLIGHT DESIGN CT,L1P,L
4B40A1,HB-YMJ,RV14,VANS RV-14,L1P,L
4B43A1,HB-ZPX,A109,AGUSTA AW-109 Grand,H2T,L
4B44A1,HB-ZZT,AS50,AEROSPATIALE AS-350 Ecureuil,H1T,L
4B47A1,HB-762,GLID,,L0-,-
4B4CA1,HB-2042,SF28,SCHEIBE SF-28 Tandem Falke,L1P,L
4B51A1,HB-3322,DISC,SCHEMPP-HIRTH Discus,L1P,L
4B7FA1,T-318,AS32,AEROSPATIALE AS-332 Super Puma,H2T,M
4B82A1,EM-808,B350,BEECHCRAFT Super King Air 350,L2T,M
4B92A1,TC-DUA,C72R,CESSNA 172R Cutlass RG,L1P,L
4BB2A1,TC-LUA,A21N,AIRBUS A-321neo,L2J,M
4BBCA1,TC-OEA,A321,AIRBUS A-321,L2J,M
4BBDA1,TC-OMA,EV97,EVEKTRO EV-97 EuroStar,L1P,L
4BC8A1,TC-REA,CL60,BOMBARDIER CL-600 Challenger,L2J,M
4BCCA1,TC-SEA,C152,CESSNA 152,L1P,L
4BCDA1,TC-SMA,B38M,BOEING 737 MAX 8,L2J,M
4C0DA1,YU-DNB,PA38,PIPER PA-38 Tomahawk,L1P,L
4CA5A1,EI-GLF,GLID,,L0-,-
4CA7A1,EI-FXZ,NG4,BRM AERO NG-4,L1P,L
4CA9A1,EI-RZB,B38M,BOEING 737 MAX 8,L2J,M
4CACA1,EI-HAB,AT76,ATR-72-600,L2T,M
4CADA1,EI-HJA,A320,AIRBUS A-320,L2J,M
4D22A1,9H-OAM,GLF4,GULFSTREAM 4,L2J,M
4D23A1,9H-MLR,A320,AIRBUS A-320,L2J,M
5001A1,T7-TBM,TBM8,SOCATA TBM-850,L1T,L
505CA1,OM-AVE,R44,ROBINSON R-44 Raven,H1P,L
507FA1,UK-76007,IL76,ILYUSHIN Il-76/82,L4J,H
5081A1,UR-DNG,E145,EMBRAER ERJ-145,L2J,M
5083A1,UR-FSE,IL76,ILYUSHIN Il-76/82,L4J,H
5084A1,UR-CTX,IL76,ILYUSHIN Il-76/82,L4J,H
5140A1,4L-AAK,B733,BOEING 737-300,L2J,M
70C0A1,A4O-BM,B738,BOEING 737-800,L2J,M
7101A1,HZ-MS4A,GLF4,GULFSTREAM 4,L2J,M
7102A1,8302,TOR,PANAVIA Tornado,L2J,M
7103A1,818,SR22,CIRRUS SR-22,L1P,L
710DA1,HZ-HC52,AS50,AEROSPATIALE AS-350 Ecureuil,H1T,L
7334A1,EP-MEA,RJ85,AVRO RJ-85 Avroliner,L4J,M
7335A1,EP-MMA,A343,AIRBUS A-340-300,L4J,H
7415A1,JY-EMA,E195,EMBRAER ERJ-190-200,L2J,M
7504A1,9M-RAN,A320,AIRBUS A-320,L2J,M
7583A1,RP-C4100,A320,AIRBUS A-320,L2J,M
7585A1,RP-C4118,A21N,AIRBUS A-321neo,L2J,M
7605A1,AP-AMA,DHC2,DE HAVILLAND DHC-2 Beaver,L1P,L
76CDA1,9V-SMA,A359,AIRBUS A-350-900,L2J,H
7800A1,B-6607,A320,AIRBUS A-320,L2J,M
7801A1,B-HSK,A320,AIRBUS A-320,L2J,M
7802A1,B-5231,B737,BOEING 737-700,L2J,M
7804A1,B-5403,B738,BOEING 737-800,L2J,M
7805A1,B-6388,A320,AIRBUS A-320,L2J,M
7806A1,B-5549,B738,BOEING 737-800,L2J,M
7807A1,B-5277,B737,BOEING 737-700,L2J,M
7808A1,B-5661,B738,BOEING 737-800,L2J,M
7809A1,B-5726,B738,BOEING 737-800,L2J,M
780AA1,B-LCI,A320,AIRBUS A-320,L2J,M
780BA1,B-9953,A320,AIRBUS A-320,L2J,M
780CA1,B-1861,A320,AIRBUS A-320,L2J,M
780DA1,B-1648,A320,AIRBUS A-320,L2J,M
780FA1,B-7849,B738,BOEING 737-800,L2J,M
7810A1,B-1573,B738,BOEING 737-800,L2J,M
7811A1,B-1473,B738,BOEING 737-800,L2J,M
7812A1,B-1343,B789,BOEING 787-9 Dreamliner,L2J,H
7813A1,B-1098,A333,AIRBUS A-330-300,L2J,H
7814A1,B-301C,A320,AIRBUS A-320,L2J,M
7815A1,B-304N,A359,AIRBUS A-350-900,L2J,H
7816A1,B-308L,A332,AIRBUS A-330-200,L2J,H
7818A1,B-605N,AJ27,COMAC ARJ-21-700 Xiangfeng,L2J,M
781BA1,B-12CF,DV20,DIAMOND DA-20,L1P,L
7A42A1,30170,ZZZZ,,-0-,-
7C05A1,VH-BEB,PA31,PIPER PA-31-300/310/325/350/425,L2P,L
7C06A1,VH-BLF,P28A,PIPER PA-28-140/150/160/180,L1P,L
7C08A1,VH-BZN,RV7,VANS RV-7,L1P,L
7C0BA1,VH-CKZ,C182,CESSNA 182 Skylane,L1P,L
7C11A1,VH-DRN,C414,CESSNA 414 Chancellor,L2P,L
7C19A1,VH-FCJ,C182,CESSNA 182 Skylane,L1P,L
7C1AA1,VH-FJN,R44,ROBINSON R-44 Raven,H1P,L
7C23A1,VH-HBN,R22,ROBINSON R-22 Mariner,H1P,L
7C24A1,VH-HIR,P28B,PIPER PA-28-201T/235/236,L1P,L
7C25A1,VH-HPV,R22,ROBINSON R-22 Mariner,H1P,L
7C2AA1,VH-IPF,TB20,SOCATA TB-20 Trinidad,L1P,L
7C2DA1,VH-JAR,BALL,,B0-,-
7C2FA1,VH-JOZ,C208,CESSNA 208 Caravan,L1T,L
7C34A1,VH-KOJ,C172,CESSNA 172 Skyhawk,L1P,L
7C35A1,VH-KVN,WAIX,SONEX Waiex,L1P,L
7C3DA1,VH-MGJ,BN2P,BRITTEN-NORMAN BN-2 Islander,L2P,L
7C3EA1,VH-MNN,DA40,DIAMOND DA-40 Club Star,L1P,L
7C47A1,VH-OFN,AC11,NORTH AMERICAN ROCKWELL Commander 112/114,L1P,L
7C49A1,VH-OTV,R44,ROBINSON R-44 Raven,H1P,L
7C5CA1,VH-SKZ,SLG2,AIRPLANE FACTORY Sling 2,L1P,L
7C60A1,VH-TDF,C182,CESSNA 182 Skylane,L1P,L
7C65A1,VH-UCZ,COZY,CO-Z Cozy,L1P,L
7C68A1,VH-UYB,E190,EMBRAER ERJ-190-100,L2J,M
7C6AA1,VH-VCJ,A319,AIRBUS A-319,L2J,M
7C6BA1,VH-VJN,D228,DORNIER 228,L2T,L
7C6CA1,VH-VQR,A320,AIRBUS A-320,L2J,M
7C74A1,VH-XBN,A109,AGUSTA AW-109 Grand,H2T,L
7C75A1,VH-XIR,A139,AGUSTA AW-139,H2T,L
7C77A1,VH-XWZ,R44,ROBINSON R-44 Raven,H1P,L
7C7AA1,VH-YIB,B738,BOEING 737-800,L2J,M
7C7BA1,VH-YPF,DA40,DIAMOND DA-40 Club Star,L1P,L
7C7CA1,VH-YWJ,DHC6,DE HAVILLAND DHC-6 Twin Otter,L2T,L
7CC4A1,24-5348,EFOX,AEROPRO Eurofox,L1P,L
7CF9A1,N48-002,H60,SIKORSKY UH-60 Black Hawk,H2T,M
8002A1,H1523,A748,AVRO 748,L2T,M
8007A1,K2764,AN32,ANTONOV An-32 Sutlej,L2T,M
800BA1,VT-AIZ,AT76,ATR-72-600,L2T,M
800DA1,VT-TGA,B738,BOEING 737-800,L2J,M
8013A1,VT-WJP,A20N,AIRBUS A-320neo,L2J,M
8014A1,VT-WJY,A20N,AIRBUS A-320neo,L2J,M
8403A1,JA010D,B772,BOEING 777-200,L2J,H
840CA1,JA03GB,K100,DAHER Kodiak 100,L1T,L
845EA1,JA119K,EC45,AIRBUS HELICOPTERS EC-145,H2T,L
8523A1,JA3665,C172,CESSNA 172 Skyhawk,L1P,L
8695A1,JA7977,R44,ROBINSON R-44 Raven,H1P,L
86CFA1,JA80AP,C172,CESSNA 172 Skyhawk,L1P,L
86D5A1,JA821P,A320,AIRBUS A-320,L2J,M
86DCA1,JA840H,EC35,AIRBUS HELICOPTERS EC-135/635,H2T,L
8805A1,93303,BE20,BEECH 200 Super King Air,L2T,M
881BA1,H10-1/54,S92,SIKORSKY S-92 Helibus,H2T,M
882DA1,HS-KMA,B734,BOEING 737-400,L2J,M
884CA1,HS-SEA,CRES,PACIFIC AEROSPACE Cresco,L1T,L
8852A1,HS-TUA,A388,AIRBUS A-380-800,L4J,H
8880A1,VN-A393,A321,AIRBUS A-321,L2J,M
8881A1,VN-A596,A20N,AIRBUS A-320neo,L2J,M
8940A1,A9C-FJ,B789,BOEING 787-9 Dreamliner,L2J,H
8963A1,A6-EFN,B77L,BOEING 777-200LR,L2J,H
8964A1,A6-EQI,B77W,BOEING 777-300ER,L2J,H
8965A1,A6-RRR,A109,AGUSTA AW-109 Grand,H2T,L
8980A1,P2-HNB,BK17,EUROCOPTER BK117 C-1/2,H2T,L
8990A1,B-18652,B738,BOEING 737-800,L2J,M
8A02A1,PK-CKL,B733,BOEING 737-300,L2J,M
8A06A1,PK-ROR,C172,CESSNA 172 Skyhawk,L1P,L
8A07A1,PK-DJH,A169,AGUSTA AW-169,H2T,L
8A08A1,PK-SAT,A320,AIRBUS A-320,L2J,M
A000A1,N1GJ,,,,
A004A1,N10ZG,PIVI,PIPSTREL Virus,L1P,L
A005A1,N100KM,DISC,SCHEMPP-HIRTH Discus,L1P,L
A007A1,N1004J,VO10,NORTH AMERICAN ROCKWELL Commander 100,L1P,L
A008A1,N101CD,SR22,CIRRUS SR-22,L1P,L
A00CA1,N102FB,P28A,PIPER PA-28-140/150/160/180,L1P,L
A00DA1,N102RH,T18,THORP Tiger,L1P,L
A00FA1,N1028Q,BLKS,AIRCRAFT SPRUCE Baby Lakes,L1P,L
A010A1,N103J,DISC,SCHEMPP-HIRTH Discus,L1P,L
A013A1,N104AS,H500,HUGHES 500,H1T,L
A016A1,N1045K,L8,LUSCOMBE 8,L1P,L
A018A1,N105PW,GLID,,L0-,-
A019A1,N1050B,M20P,MOONEY M-20,L1P,L
A01AA1,N1057N,VEZE,RUTAN VariEze,L1P,L
A01CA1,N106SU,H500,HUGHES 500,H1T,L
A020A1,N107VS,GLF5,GULFSTREAM 5,L2J,M
A022A1,N108CC,C337,CESSNA 337 Super Skymaster,L2P,L
A025A1,N1086L,C180,CESSNA  180 Skywagon,L1P,L
A028A1,N1091C,M20P,MOONEY M-20,L1P,L
A02EA1,N1100X,VP2,EVANS Volksplane,L1P,L
A02FA1,N11078,CH7A,BELLANCA 7 Champion,L1P,L
A030A1,N111HH,LNP4,LANCAIR PropJet 4,L1T,L
A031A1,N111TP,,,,
A033A1,N112A,TB20,SOCATA TB-20 Trinidad,L1P,L
A034A1,N112LF,S22T,CIRRUS SR-22T Turbo,L1P,L
A035A1,N112WM,PA32,PIPER PA-32,L1P,L
A036A1,N11243,C150,CESSNA 150,L1P,L
A038A1,N113PD,B06,BELL 206 JetRanger,H1T,L
A03AA1,N11366,C150,CESSNA 150,L1P,L
A03BA1,N114FW,C25A,CESSNA 525A Citation CJ2,L2J,L
A03DA1,N1141Y,COL4,CESSNA 400 Corvalis TT,L1P,L
A03EA1,N11489,WACC,WACO C/S,L1P,L
A041A1,N11531,C150,CESSNA 150,L1P,L
A043A1,N116MS,MA5,MARQUART MA-5 Charger,L1P,L
A049A1,N11777,,,,
A050A1,N11942,C150,CESSNA 150,L1P,L
A051A1,N12CX,RC3,REPUBLIC RC-3 Seabee,A1P,L
A054A1,N120KP,AT6T,AIR TRACTOR AT-602,L1T,L
A056A1,N1204L,LA4,LAKE LA-4/200,A1P,L
A059A1,N121YT,FDCT,FLIGHT DESIGN CT,L1P,L
A05DA1,N1221F,BE30,BEECH 300 Super King Air,L2T,L
A05EA1,N1228S,GLID,,L0-,-
A05FA1,N123JB,BE35,BEECH 35 Starfire Bonanza,L1P,L
A068A1,N1250D,C170,CESSNA 170,L1P,L
A06DA1,N1269T,,,,
A071A1,N128CE,RV9,VANS RV-9,L1P,L
A076A1,N129RJ,BE36,BEECH 36 Bonanza,L1P,L
A078A1,N1298R,BL17,BELLANCA 17 Viking,L1P,L
A07AA1,N13UG,,,,
A07BA1,N130EM,,,,
A07DA1,N1300Z,BE35,BEECH 35 Starfire Bonanza,L1P,L
A081A1,N13122,G44,GRUMMAN G-44 Widgeon,A2P,L
A082A1,N132AB,EN28,ENSTROM F-28,H1P,L
A086A1,N133D,DC3,DOUGLAS DC-3 Dakota,L2P,M
A08BA1,N134SD,B06,BELL 206 JetRanger,H1T,L
A08CA1,N13410,WACA,ULA,L1P,L
A08EA1,N135JW,HUSK,CHRISTEN Husky,L1P,L
A08FA1,N135VB,BE35,BEECH 35 Starfire Bonanza,L1P,L
A093A1,N136Y,PA24,PIPER PA-24 Comanche,L1P,L
A094A1,N13656,C177,CESSNA  177 Cardinal,L1P,L
A09BA1,N13821,C172,CESSNA 172 Skyhawk,L1P,L
A09CA1,N139AA,RALL,SOCATA Rallye,L1P,L
A09FA1,N13944,C172,CESSNA 172 Skyhawk,L1P,L
A0A0A1,N14CZ,COZY,CO-Z Cozy,L1P,L
A0A1A1,N14PE,GLAS,Glasair,L1P,L
A0A3A1,N140KR,C140,CESSNA 140,L1P,L
A0A5A1,N1404N,J3,PIPER J-3 Cub,L1P,L
A0A6A1,N141CH,BL8,BELLANCA 8 Decathlon,L1P,L
A0A9A1,N1416R,SR22,CIRRUS SR-22,L1P,L
A0ABA1,N142RM,GL5T,BOMBARDIER BD-700 Global 5000/5500,L2J,M
A0ACA1,N1421H,AR15,AERONCA 15 Sedan,L1P,L
A0ADA1,N1428U,C172,CESSNA 172 Skyhawk,L1P,L
A0AEA1,N143JD,M5,MAULE M-5,L1P,L
A0B2A1,N144MB,RV4,VANS RV-4,L1P,L
A0B4A1,N1445P,,,,
A0B5A1,N145DU,EC45,AIRBUS HELICOPTERS EC-145,H2T,L
A0B9A1,N146GS,SR22,CIRRUS SR-22,L1P,L
A0BAA1,N146SY,E75L,EMBRAER ERJ-170-200 (long wing),L2J,M
A0BBA1,N1462J,AC11,NORTH AMERICAN ROCKWELL Commander 112/114,L1P,L
A0C4A1,N149FE,B763,BOEING 767-300,L2J,H
A0C5A1,N149RL,P149,PIAGGIO P-149,L1P,L
A0C7A1,N1498T,P28R,PIPER PA-28R-180/200/201,L1P,L
A0C8A1,N15JC,PITE,PIPSTREL Taurus Electro,L1E,L
A0CAA1,N150EP,PA18,PIPER PA-18 Super Cub,L1P,L
A0CEA1,N151HM,R44,ROBINSON R-44 Raven,H1P,L
A0D4A1,N15247,P28A,PIPER PA-28-140/150/160/180,L1P,L
A0D6A1,N153PH,A139,AGUSTA AW-139,H2T,L
A0D9A1,N154G,GLF4,GULFSTREAM 4,L2J,M
A0DCA1,N1549C,C180,CESSNA  180 Skywagon,L1P,L
A0E1A1,N156MW,,,,
A0E6A1,N15700,WACF,WACO F,L1P,L
A0E9A1,N158TS,DA42,DIAMOND DA-42 Guardian,L2P,L
A0EBA1,N159AC,S64,SIKORSKY S-64 Skycrane,H2T,M
A0EEA1,N15946,P28A,PIPER PA-28-140/150/160/180,L1P,L
A0EFA1,N16DA,BE58,BEECH 58 Baron,L2P,L
A0F0A1,N16PG,RV6,VANS RV-6,L1P,L
A0F2A1,N160KT,AA5,AMERICAN AA-5 Tiger,L1P,L
A0F4A1,N1604Q,C150,CESSNA 150,L1P,L
A0F8A1,N1616T,C414,CESSNA 414 Chancellor,L2P,L
A0F9A1,N162FH,EXEC,ROTORWAY Exec,H1P,L
A109A1,N166T,PA18,PIPER PA-18 Super Cub,L1P,L
A10AA1,N1662L,,,,
A110A1,N168NQ,CL60,BOMBARDIER CL-600 Challenger,L2J,M
A115A1,N1691J,P28A,PIPER PA-28-140/150/160/180,L1P,L
A117A1,N17JE,C402,CESSNA 402 Businessliner,L2P,L
A11DA1,N171HP,P46T,PIPER PA-46-500TP,L1T,L
A11FA1,N17126,B752,BOEING 757-200,L2J,M
A120A1,N172AF,PC12,PILATUS PC-12,L1T,L
A121A1,N172LM,FDCT,FLIGHT DESIGN CT,L1P,L
A125A1,N173PK,C172,CESSNA 172 Skyhawk,L1P,L
A127A1,N1737B,BE35,BEECH 35 Starfire Bonanza,L1P,L
A128A1,N174GB,RV7,VANS RV-7,L1P,L
A12BA1,N1749E,CH7A,BELLANCA 7 Champion,L1P,L
A12CA1,N175K,J3,PIPER J-3 Cub,L1P,L
A12FA1,N176BS,SF50,CIRRUS SF-50 Vision,L1J,L
A132A1,N1766,PTS1,PITTS S-1 Special,L1P,L
A135A1,N17702,BE33,BEECH 33 Bonanza,L1P,L
A136A1,N1778C,C180,CESSNA  180 Skywagon,L1P,L
A13CA1,N179WS,C182,CESSNA 182 Skylane,L1P,L
A13DA1,N17948,GLID,,L0-,-
A13FA1,N18PJ,,,,
A140A1,N18ZQ,DRON,,D0-,-
A142A1,N180WA,C180,CESSNA  180 Skywagon,L1P,L
A149A1,N182RR,C82T,CESSNA TR182 Turbo Skylane RG,L1P,L
A14BA1,N1828Y,C172,CESSNA 172 Skyhawk,L1P,L
A14EA1,N1833Q,BE33,BEECH 33 Bonanza,L1P,L
A14FA1,N184B,B47G,BELL 47G,H1P,L
A153A1,N185DY,C185,CESSNA 185 Skywagon,L1P,L
A15AA1,N1869Z,C210,CESSNA 201 Centurion,L1P,L
A165A1,N1898X,C182,CESSNA 182 Skylane,L1P,L
A166A1,N19JG,C175,CESSNA 175 Skylark,L1P,L
A16AA1,N19005,C150,CESSNA 150,L1P,L
A16BA1,N1908F,C172,CESSNA 172 Skyhawk,L1P,L
A16DA1,N191TX,AS50,AEROSPATIALE AS-350 Ecureuil,H1T,L
A16EA1,N19128,FA24,FAIRCHILD F-24 Argus,L1P,L
A173A1,N193DF,FOX,KITFOX,L1P,L
A176A1,N1937D,DH82,DE HAVILLAND DH-82 Tiger Moth,L1P,L
A17AA1,N1949G,COY2,RANS Coyote 2,L1P,L
A17BA1,N195KB,C195,CESSNA 195,L1P,L
A17CA1,N195VH,C195,CESSNA 195,L1P,L
A181A1,N1966B,DHC2,DE HAVILLAND DHC-2 Beaver,L1P,L
A185A1,N1978E,CH7A,BELLANCA 7 Champion,L1P,L
A18EA1,N2PL,PL2,PAZMANY PL-2,L1P,L
A18FA1,N2ZS,PA18,PIPER PA-18 Super Cub,L1P,L
A193A1,N200SP,BE55,BEECH 55 Baron,L2P,L
A195A1,N2009L,LA4,LAKE LA-4/200,A1P,L
A196A1,N201KF,M20P,MOONEY M-20,L1P,L
A197A1,N201VM,M20P,MOONEY M-20,L1P,L
A19AA1,N202ND,BE20,BEECH 200 Super King Air,L2T,M
A19FA1,N20308,BALL,,B0-,-
A1A0A1,N2038J,A21N,AIRBUS A-321neo,L2J,M
A1A2A1,N204U,,,,
A1A3A1,N2043A,BE58,BEECH 58 Baron,L2P,L
A1A5A1,N205LS,DRON,,D0-,-
A1A7A1,N2055D,BE35,BEECH 35 Starfire Bonanza,L1P,L
A1A8A1,N206DJ,C206,CESSNA  206 Stationair,L1P,L
A1A9A1,N206PQ,T206,CESSNA T206 Turbo Stationair,L1P,L
A1ABA1,N2067G,C182,CESSNA 182 Skylane,L1P,L
A1AEA1,N20719,SPST,REARWIN Sportster,L1P,L
A1B6A1,N2096E,CH7A,BELLANCA 7 Champion,L1P,L
A1B7A1,N21EV,MG21,MIKOYAN MiG-21,L1J,M
A1B8A1,N21RA,C25A,CESSNA 525A Citation CJ2,L2J,L
A1BAA1,N210MM,C210,CESSNA 201 Centurion,L1P,L
A1BBA1,N210XT,BL8,BELLANCA 8 Decathlon,L1P,L
A1BCA1,N2105Z,C180,CESSNA  180 Skywagon,L1P,L
A1C0A1,N21172,C182,CESSNA 182 Skylane,L1P,L
A1C2A1,N212TH,B212,BELL 212,H2T,L
A1C3A1,N2122U,C188,CESSNA 188 AgTruck,L1P,L
A1C4A1,N21295,C172,CESSNA 172 Skyhawk,L1P,L
A1C8A1,N214CS,PC12,PILATUS PC-12,L1T,L
A1CDA1,N215RW,BE36,BEECH 36 Bonanza,L1P,L
A1CEA1,N2151S,C210,CESSNA 201 Centurion,L1P,L
A1CFA1,N21583,J3,PIPER J-3 Cub,L1P,L
A1D3A1,N217BE,,,,
A1D4A1,N217ML,BE20,BEECH 200 Super King Air,L2T,M
A1D6A1,N2175Y,J3,PIPER J-3 Cub,L1P,L
A1D7A1,N218EC,BALL,,B0-,-
A1DBA1,N219HA,B407,BELL 407,H1T,L
A1DCA1,N219TG,PA34,PIPER PA-34 Seneca,L2P,L
A1DDA1,N2192T,P28A,PIPER PA-28-140/150/160/180,L1P,L
A1DEA1,N21994,,,,
A1E1A1,N220GK,SR22,CIRRUS SR-22,L1P,L
A1E2A1,N220SR,SR22,CIRRUS SR-22,L1P,L
A1E3A1,N2202B,L8,LUSCOMBE 8,L1P,L
A1E4A1,N2209N,C120,CESSNA 120,L1P,L
A1E6A1,N221VP,C56X,CESSNA 560XL Citation XLS,L2J,M
A1E9A1,N222NF,C25A,CESSNA 525A Citation CJ2,L2J,L
A1EDA1,N223RD,DRON,,D0-,-
A1EEA1,N2231,ME09,MESSERSCHMITT Bf-109,L1P,L
A1EFA1,N2238L,BE24,BEECH 24 Sierra,L1P,L
A1F2A1,N2243C,C180,CESSNA  180 Skywagon,L1P,L
A1F3A1,N225AN,C172,CESSNA 172 Skyhawk,L1P,L
A1F5A1,N225X,BE35,BEECH 35 Starfire Bonanza,L1P,L
A1F6A1,N2255F,,,,
A1FBA1,N227GJ,FA50,DASSAULT Falcon 50,L3J,M
A1FDA1,N2272A,PA20,PIPER PA-20 Pacer,L1P,L
A201A1,N2284D,GP3,OSPREY GP-3 Osprey 2,A1P,L
A206A1,N23EX,E300,EXTRA EA-300/330/350,L1P,L
A207A1,N23RC,,,,
A208A1,N230BH,BE99,BEECH 99 Airliner,L2T,L
A209A1,N230MP,PTS1,PITTS S-1 Special,L1P,L
A20BA1,N23051,C150,CESSNA 150,L1P,L
A20CA1,N231EF,M20P,MOONEY M-20,L1P,L
A20DA1,N231QM,M20P,MOONEY M-20,L1P,L
A20FA1,N23174,C150,CESSNA 150,L1P,L
A211A1,N232TK,T28,NORTH AMERICAN T-28,L1P,L
A213A1,N23297,J3,PIPER J-3 Cub,L1P,L
A215A1,N233WH,UH12,HILLER UH-12,H1P,L
A218A1,N234P,C510,CESSNA 510 Citation Mustang,L2J,L
A21AA1,N23462,J3,PIPER J-3 Cub,L1P,L
A21BA1,N235FS,M7,MAULE M-7,L1P,L
A21EA1,N23585,P32R,PIPER PA-32R-300/301/301T,L1P,L
A21FA1,N236JQ,E75L,EMBRAER ERJ-170-200 (long wing),L2J,M
A221A1,N2363X,C182,CESSNA 182 Skylane,L1P,L
A222A1,N237BG,C680,CESSNA 680 Citation Sovereign,L2J,M
A22CA1,N2392V,C140,CESSNA 140,L1P,L
A22EA1,N24LA,SR22,CIRRUS SR-22,L1P,L
A237A1,N242CB,M20P,MOONEY M-20,L1P,L
A23AA1,N2426K,J3,PIPER J-3 Cub,L1P,L
A23DA1,N2431B,GC1,GLOBE Swift,L1P,L
A23EA1,N2438N,C140,CESSNA 140,L1P,L
A241A1,N2443E,CH7A,BELLANCA 7 Champion,L1P,L
A249A1,N2467L,C172,CESSNA 172 Skyhawk,L1P,L
A24AA1,N247GL,B190,BEECH 1900,L2T,M
A24BA1,N247SS,EA50,ECLIPSE 550,L2J,L
A250A1,N2484F,C180,CESSNA  180 Skywagon,L1P,L
A251A1,N249CA,C25A,CESSNA 525A Citation CJ2,L2J,L
A254A1,N2496J,PARA,,P0-,-
A255A1,N25EZ,VEZE,RUTAN VariEze,L1P,L
A258A1,N250MR,JAB4,JABIRU J200-450,L1P,L
A259A1,N250XX,BE20,BEECH 200 Super King Air,L2T,M
A260A1,N252TM,M20P,MOONEY M-20,L1P,L
A261A1,N2522Y,ULAC,,L0-,-
A262A1,N25299,MI8,MIL Mi-8/9/17/19/171/172,H2T,M
A267A1,N254PB,C340,CESSNA 340 Super,L2P,L
A270A1,N2563Z,C185,CESSNA 185 Skywagon,L1P,L
A274A1,N25752,J3,PIPER J-3 Cub,L1P,L
A27BA1,N2592X,C206,CESSNA  206 Stationair,L1P,L
A27CA1,N25998,C152,CESSNA 152,L1P,L
A27DA1,N26LC,J3,PIPER J-3 Cub,L1P,L
A27FA1,N260GP,PA32,PIPER PA-32,L1P,L
A281A1,N2602F,,,,
A286A1,N262CD,SR20,CIRRUS SR-20,L1P,L
A289A1,N2626M,RV4,VANS RV-4,L1P,L
A28AA1,N263FB,C25A,CESSNA 525A Citation CJ2,L2J,L
A28CA1,N2631D,C170,CESSNA 170,L1P,L
A28EA1,N264J,PARA,,P0-,-
A290A1,N2643G,C182,CESSNA 182 Skylane,L1P,L
A291A1,N265AS,S22T,CIRRUS SR-22T Turbo,L1P,L
A294A1,N2655K,C180,CESSNA  180 Skywagon,L1P,L
A29BA1,N2672E,CH7A,BELLANCA 7 Champion,L1P,L
A29CA1,N2679R,C182,CESSNA 182 Skylane,L1P,L
A2A0A1,N269CC,NAVI,NORTH AMERICAN Navion,L1P,L
A2A3A1,N2696L,C172,CESSNA 172 Skyhawk,L1P,L
A2ACA1,N2710X,C180,CESSNA  180 Skywagon,L1P,L
A2B1A1,N273A,GLF5,GULFSTREAM 5,L2J,M
A2B8A1,N27466,TAYB,TAYLORCRAFT BC/BF/BL,L1P,L
A2BAA1,N275SB,DA40,DIAMOND DA-40 Club Star,L1P,L
A2CAA1,N2792Z,GLID,,L0-,-
A2CBA1,N28,DSA1,SMITH DSA-1 Miniplane,L1P,L
A2CCA1,N28LE,P28R,PIPER PA-28R-180/200/201,L1P,L
A2D1A1,N2809U,C172,CESSNA 172 Skyhawk,L1P,L
A2D4A1,N2814L,C172,CESSNA 172 Skyhawk,L1P,L
A2DCA1,N2838S,C150,CESSNA 150,L1P,L
A2DDA1,N284JB,E190,EMBRAER ERJ-190-100,L2J,M
A2E1A1,N285M,,,,
A2E3A1,N2855M,P28R,PIPER PA-28R-180/200/201,L1P,L
A2E4A1,N286DS,DA40,DIAMOND DA-40 Club Star,L1P,L
A2EAA1,N2872G,,,,
A2EBA1,N2879T,HUSK,CHRISTEN Husky,L1P,L
A2EEA1,N2884K,C180,CESSNA  180 Skywagon,L1P,L
A2F2A1,N2896N,C120,CESSNA 120,L1P,L
A2F3A1,N29FC,T206,CESSNA T206 Turbo Stationair,L1P,L
A2F9A1,N291EM,AS29,SCHLEICHER ASG-29,L1P,L
A2FFA1,N29222,P28A,PIPER PA-28-140/150/160/180,L1P,L
A300A1,N293AB,DRON,,D0-,-
A303A1,N29345,C177,CESSNA  177 Cardinal,L1P,L
A304A1,N294D,BE60,BEECH 60 Duke,L2P,L
A307A1,N29468,C177,CESSNA  177 Cardinal,L1P,L
A309A1,N295SD,SR22,CIRRUS SR-22,L1P,L
A30AA1,N29510,HUSK,CHRISTEN Husky,L1P,L
A312A1,N29756,TAYB,TAYLORCRAFT BC/BF/BL,L1P,L
A315A1,N2980Y,C182,CESSNA 182 Skylane,L1P,L
A319A1,N29921,BALL,,B0-,-
A31AA1,N3AA,BU31,BUCKER Bu-131 Jungmann,L1P,L
A31BA1,N3LG,C208,CESSNA 208 Caravan,L1T,L
A31DA1,N30GT,BE9T,BEECH F90 King Air,L2T,L
A31EA1,N30SZ,GLID,,L0-,-
A31FA1,N300DD,,,,
A322A1,N3007B,P28A,PIPER PA-28-140/150/160/180,L1P,L
A324A1,N301SH,R22,ROBINSON R-22 Mariner,H1P,L
A325A1,N30114,P28A,PIPER PA-28-140/150/160/180,L1P,L
A326A1,N3019E,CH7A,BELLANCA 7 Champion,L1P,L
A327A1,N302K,CL30,BOMBARDIER BD-100 Challenger 300,L2J,M
A329A1,N30237,BALL,,B0-,-
A32AA1,N303BS,C182,CESSNA 182 Skylane,L1P,L
A331A1,N3048C,BE35,BEECH 35 Starfire Bonanza,L1P,L
A334A1,N30525,C177,CESSNA  177 Cardinal,L1P,L
A338A1,N30648,J5,PIPER J-5 Cub Cruiser,L1P,L
A33CA1,N3077A,C170,CESSNA 170,L1P,L
A33EA1,N308SG,MM16,MAGNI M-16 Tandem Trainer,G1P,L
A33FA1,N30813,BE36,BEECH 36 Bonanza,L1P,L
A343A1,N30936,C177,CESSNA  177 Cardinal,L1P,L
A344A1,N31BR,GLAS,Glasair,L1P,L
A347A1,N310JH,T6,NORTH AMERICAN T-6 Texan,L1P,L
A348A1,N310UP,B763,BOEING 767-300,L2J,H
A34AA1,N311B,BE35,BEECH 35 Starfire Bonanza,L1P,L
A34DA1,N3115T,R44,ROBINSON R-44 Raven,H1P,L
A351A1,N3127W,BE36,BEECH 36 Bonanza,L1P,L
A352A1,N313GW,PA18,PIPER PA-18 Super Cub,L1P,L
A354A1,N3132N,C120,CESSNA 120,L1P,L
A355A1,N3139Z,PA22,PIPER PA-22,L1P,L
A358A1,N3144R,C182,CESSNA 182 Skylane,L1P,L
A363A1,N3173P,,,,
A365A1,N318ME,F260,AERMACCHI SF-260,L1P,L
A366A1,N318XL,C56X,CESSNA 560XL Citation XLS,L2J,M
A36AA1,N3190J,C150,CESSNA 150,L1P,L
A36CA1,N32GV,C172,CESSNA 172 Skyhawk,L1P,L
A36DA1,N32TA,BE36,BEECH 36 Bonanza,L1P,L
A371A1,N3207D,RS12,RANS S-12 Super Airaile,L1P,L
A372A1,N321GD,AA5,AMERICAN AA-5 Tiger,L1P,L
A373A1,N321SK,R44,ROBINSON R-44 Raven,H1P,L
A375A1,N3219G,PA18,PIPER PA-18 Super Cub,L1P,L
A376A1,N322KB,H500,HUGHES 500,H1T,L
A37CA1,N3236B,PA22,PIPER PA-22,L1P,L
A37FA1,N32404,B739,BOEING 737-900,L2J,M
A382A1,N325TW,TBM7,SOCATA TBM-700A/B/C,L1T,L
A384A1,N326AG,R66,ROBINSON R-66,H1T,L
A389A1,N327PL,P32R,PIPER PA-32R-300/301/301T,L1P,L
A38BA1,N3277C,C82R,CESSNA R182 Skylane RG,L1P,L
A38EA1,N32815,J3,PIPER J-3 Cub,L1P,L
A38FA1,N3289F,M20P,MOONEY M-20,L1P,L
A392A1,N32938,J3,PIPER J-3 Cub,L1P,L
A393A1,N33BT,,,,
A394A1,N33MZ,BE35,BEECH 35 Starfire Bonanza,L1P,L
A396A1,N330JK,WAIX,SONEX Waiex,L1P,L
A399A1,N331BB,RV8,VANS RV-8,L1P,L
A39AA1,N331MH,B06,BELL 206 JetRanger,H1T,L
A39CA1,N3315V,C172,CESSNA 172 Skyhawk,L1P,L
A39DA1,N332E,LEG2,LANCAIR Legacy,L1P,L
A39FA1,N3320M,PA12,PIPER PA-12 Super Cruiser,L1P,L
A3A1A1,N333GY,,,,
A3A4A1,N33391,SKYR,REARWIN Skyranger,L1P,L
A3A5A1,N334KW,BE33,BEECH 33 Bonanza,L1P,L
A3AAA1,N335Z,BE35,BEECH 35 Starfire Bonanza,L1P,L
A3ABA1,N3356W,PA32,PIPER PA-32,L1P,L
A3ACA1,N336FL,C336,CESSNA 336 Skymaster,L2P,L
A3ADA1,N336RS,C172,CESSNA 172 Skyhawk,L1P,L
A3AFA1,N3368Z,PA22,PIPER PA-22,L1P,L
A3B0A1,N337JJ,P337,CESSNA P337 Skymaster,L2P,L
A3B2A1,N3373R,C182,CESSNA 182 Skylane,L1P,L
A3B3A1,N338BA,,,,
A3B4A1,N338MG,BE33,BEECH 33 Bonanza,L1P,L
A3BBA1,N34GX,EPIC,EPIC AIRCRAFT Epic LT,L1T,L
A3BCA1,N34TC,C25A,CESSNA 525A Citation CJ2,L2J,L
A3BEA1,N340PP,C340,CESSNA 340 Super,L2P,L
A3C0A1,N3407F,C182,CESSNA 182 Skylane,L1P,L
A3C4A1,N3419J,C188,CESSNA 188 AgTruck,L1P,L
A3C7A1,N3424A,T34P,BEECH T-34 Mentor,L1P,L
A3C9A1,N343NB,A319,AIRBUS A-319,L2J,M
A3CBA1,N3436D,C170,CESSNA 170,L1P,L
A3CDA1,N344R,R44,ROBINSON R-44 Raven,H1P,L
A3D2A1,N34529,AR65,AERONCA 65 Super Chief,L1P,L
A3D6A1,N3465B,BE35,BEECH 35 Starfire Bonanza,L1P,L
A3DAA1,N3477E,C172,CESSNA 172 Skyhawk,L1P,L
A3E3A1,N35NA,,,,
A3E7A1,N3503U,ULAC,,L0-,-
A3E9A1,N351MK,P28A,PIPER PA-28-140/150/160/180,L1P,L
A3EBA1,N3515X,M20P,MOONEY M-20,L1P,L
A3EEA1,N3520P,PA22,PIPER PA-22,L1P,L
A3F6A1,N3544V,C140,CESSNA 140,L1P,L
A3F8A1,N355NW,A320,AIRBUS A-320,L2J,M
A3FAA1,N3556Y,C182,CESSNA 182 Skylane,L1P,L
A3FDA1,N3561Q,C188,CESSNA 188 AgTruck,L1P,L
A402A1,N358BC,PA18,PIPER PA-18 Super Cub,L1P,L
A405A1,N3585W,PA32,PIPER PA-32,L1P,L
A408A1,N3590N,PA31,PIPER PA-31-300/310/325/350/425,L2P,L
A409A1,N3597Z,PA18,PIPER PA-18 Super Cub,L1P,L
A40BA1,N36TE,BT36,BEECH B36TC Bonanza,L1P,L
A416A1,N3624C,C180,CESSNA  180 Skywagon,L1P,L
A421A1,N3653A,BE95,BEECH 95 Travel Air,L2P,L
A42DA1,N3689K,J3,PIPER J-3 Cub,L1P,L
A42EA1,N369KE,H500,HUGHES 500,H1T,L
A430A1,N3694B,BE50,BEECH 50 Excalibur,L2P,L
A432A1,N37NC,GLAS,Glasair,L1P,L
A436A1,N3703W,PA32,PIPER PA-32,L1P,L
A43AA1,N3715Z,PA22,PIPER PA-22,L1P,L
A441A1,N3732U,C182,CESSNA 182 Skylane,L1P,L
A442A1,N37395,S1,INTERSTATE S-1 Cadet,L1P,L
A444A1,N374WF,PA46,PIPER PA-46-310/350,L1P,L
A445A1,N3744X,VO10,NORTH AMERICAN ROCKWELL Commander 100,L1P,L
A446A1,N375CS,C172,CESSNA 172 Skyhawk,L1P,L
A44CA1,N3761S,C172,CESSNA 172 Skyhawk,L1P,L
A450A1,N3773V,PARA,,P0-,-
A455A1,N379EC,C560,CESSNA 560 Citation Ultra,L2J,M
A457A1,N3790Q,,,,
A459A1,N38HA,SS2T,TRUSH Turbo Thrush 500/550,L1T,L
A45AA1,N38TG,CH7A,BELLANCA 7 Champion,L1P,L
A45BA1,N380DM,RV10,VANS RV-10,L1P,L
A461A1,N3812B,BE35,BEECH 35 Starfire Bonanza,L1P,L
A462A1,N3819N,UH1,BELL UH-1 Huey,H1T,L
A465A1,N3824E,CH7A,BELLANCA 7 Champion,L1P,L
A466A1,N383C,P32R,PIPER PA-32R-300/301/301T,L1P,L
A46CA1,N3841,GLID,,L0-,-
A46DA1,N3848L,C172,CESSNA 172 Skyhawk,L1P,L
A473A1,N386X,M5,MAULE M-5,L1P,L
A478A1,N3877J,C150,CESSNA 150,L1P,L
A47BA1,N3882A,GLID,,L0-,-
A47CA1,N3889M,PA12,PIPER PA-12 Super Cruiser,L1P,L
A480A1,N39BZ,L39,LET L-39 Albatros,L1J,L
A491A1,N39397,AR6T,AERONCA 65 Tandem,L1P,L
A494A1,N3944Z,PA18,PIPER PA-18 Super Cub,L1P,L
A496A1,N395P,AS50,AEROSPATIALE AS-350 Ecureuil,H1T,L
A499A1,N396FS,BE9L,BEECH 90 King Air,L2T,L
A49BA1,N3961U,C150,CESSNA 150,L1P,L
A4A4A1,N399EE,RV14,VANS RV-14,L1P,L
A4A7A1,N39973,TAYB,TAYLORCRAFT BC/BF/BL,L1P,L
A4ADA1,N400LF,BE35,BEECH 35 Starfire Bonanza,L1P,L
A4AEA1,N400WM,C310,CESSNA 310,L2P,L
A4B1A1,N401PD,PC12,PILATUS PC-12,L1T,L
A4B3A1,N40166,PARA,,P0-,-
A4B4A1,N402FW,B06,BELL 206 JetRanger,H1T,L
A4B6A1,N4021Y,BALL,,B0-,-
A4BAA1,N40331,M4,MAULE M-4,L1P,L
A4BBA1,N404BL,BE40,BEECH 400 Beechjet,L2J,M
A4BCA1,N404MS,BE40,BEECH 400 Beechjet,L2J,M
A4BEA1,N40454,PA23,PIPER PA-23,L2P,L
A4C6A1,N407,P337,CESSNA P337 Skymaster,L2P,L
A4C7A1,N407LE,B407,BELL 407,H1T,L
A4CBA1,N408PC,BE40,BEECH 400 Beechjet,L2J,M
A4CDA1,N40865,PA32,PIPER PA-32,L1P,L
A4D1A1,N40988,J4,PIPER J-4 Cub Coupe,L1P,L
A4D2A1,N41JT,TBM7,SOCATA TBM-700A/B/C,L1T,L
A4D5A1,N410RK,PC24,PILATUS PC-24,L2J,M
A4D6A1,N4101F,C172,CESSNA 172 Skyhawk,L1P,L
A4D7A1,N4108S,BE58,BEECH 58 Baron,L2P,L
A4D9A1,N411UH,B407,BELL 407,H1T,L
A4DAA1,N4113J,P28A,PIPER PA-28-140/150/160/180,L1P,L
A4DCA1,N412M,,,,
A4E4A1,N414SW,BE58,BEECH 58 Baron,L2P,L
A4E6A1,N4149T,P28A,PIPER PA-28-140/150/160/180,L1P,L
A4EAA1,N416CE,SR22,CIRRUS SR-22,L1P,L
A4EDA1,N4166N,C120,CESSNA 120,L1P,L
A4EEA1,N417FC,PC24,PILATUS PC-24,L2J,M
A4F4A1,N4183H,PA15,PIPER PA-15 Vagabond,L1P,L
A4F5A1,N419AT,,,,
A4F9A1,N42DR,,,,
A4FBA1,N420AB,ULAC,,L0-,-
A4FCA1,N420LH,HDJT,HONDA HondaJet,L2J,L
A4FDA1,N420WP,M7T,MAULE M-7-420 Turbine,L1T,L
A4FEA1,N42045,C182,CESSNA 182 Skylane,L1P,L
A500A1,N421PF,C421,CESSNA 421 Executive Commuter,L2P,L
A501A1,N421ZM,C421,CESSNA 421 Executive Commuter,L2P,L
A502A1,N42168,P28A,PIPER PA-28-140/150/160/180,L1P,L
A504A1,N422SD,B06,BELL 206 JetRanger,H1T,L
A506A1,N4229A,B47G,BELL 47G,H1P,L
A50CA1,N424Y,PA11,PIPER PA-11 Cub Special,L1P,L
A50DA1,N42456,J3,PIPER J-3 Cub,L1P,L
A50EA1,N425EL,GYRO,,G0-,-
A50FA1,N425QS,GLF4,GULFSTREAM 4,L2J,M
A512A1,N426HJ,HDJT,HONDA HondaJet,L2J,L
A514A1,N42621,J3,PIPER J-3 Cub,L1P,L
A517A1,N427WN,B737,BOEING 737-700,L2J,M
A51CA1,N42867,P28A,PIPER PA-28-140/150/160/180,L1P,L
A51DA1,N429FX,E545,EMBRAER EMB545 Praetor 500,L2J,M
A51EA1,N429SC,WAIX,SONEX Waiex,L1P,L
A51FA1,N4291Z,C208,CESSNA 208 Caravan,L1T,L
A522A1,N43VA,E145,EMBRAER ERJ-145,L2J,M
A524A1,N430RM,P28A,PIPER PA-28-140/150/160/180,L1P,L
A525A1,N4301H,PA15,PIPER PA-15 Vagabond,L1P,L
A526A1,N4308U,C150,CESSNA 150,L1P,L
A527A1,N431JD,H25B,HAWKER BEECHCRAFT Hawker 750/850,L2J,M
A52AA1,N432AW,CRJ2,BOMBARDIER Regional Jet CRJ-200,L2J,M
A52BA1,N432MB,,,,
A530A1,N4330F,P32R,PIPER PA-32R-300/301/301T,L1P,L
A541A1,N438JC,ULAC,,L0-,-
A543A1,N4383K,NAVI,NORTH AMERICAN Navion,L1P,L
A545A1,N439MA,BL8,BELLANCA 8 Decathlon,L1P,L
A547A1,N4395N,C195,CESSNA 195,L1P,L
A548A1,N44DT,C510,CESSNA 510 Citation Mustang,L2J,L
A549A1,N44PZ,M20P,MOONEY M-20,L1P,L
A54DA1,N44047,TAYB,TAYLORCRAFT BC/BF/BL,L1P,L
A54FA1,N441PH,B407,BELL 407,H1T,L
A551A1,N4417,N3N,NAVAL AIRCRAFT FACTORY N3N,L1P,L
A552A1,N442G,P28R,PIPER PA-28R-180/200/201,L1P,L
A558A1,N44335,TAYB,TAYLORCRAFT BC/BF/BL,L1P,L
A55BA1,N444YB,SAKO,RANS S-10 Sakota,L1P,L
A55CA1,N44458,P28R,PIPER PA-28R-180/200/201,L1P,L
A55FA1,N44500,P28A,PIPER PA-28-140/150/160/180,L1P,L
A560A1,N4458A,BE35,BEECH 35 Starfire Bonanza,L1P,L
A567A1,N44746,P28B,PIPER PA-28-201T/235/236,L1P,L
A571A1,N45VC,C210,CESSNA 201 Centurion,L1P,L
A574A1,N4501K,NAVI,NORTH AMERICAN Navion,L1P,L
A578A1,N4513N,AA5,AMERICAN AA-5 Tiger,L1P,L
A57AA1,N452MD,SR22,CIRRUS SR-22,L1P,L
A57CA1,N4525R,P28A,PIPER PA-28-140/150/160/180,L1P,L
A57FA1,N4530H,PA15,PIPER PA-15 Vagabond,L1P,L
A582A1,N454T,BE55,BEECH 55 Baron,L2P,L
A583A1,N4542L,AA5,AMERICAN AA-5 Tiger,L1P,L
A587A1,N4554P,AA5,AMERICAN AA-5 Tiger,L1P,L
A588A1,N456CJ,CJ6,NANCHANG CJ-6,L1P,L
A58BA1,N4566S,BE35,BEECH 35 Starfire Bonanza,L1P,L
A58FA1,N4578V,BE35,BEECH 35 Starfire Bonanza,L1P,L
A59AA1,N460LM,BL8,BELLANCA 8 Decathlon,L1P,L
A5A0A1,N4617B,C180,CESSNA  180 Skywagon,L1P,L
A5A3A1,N46214,C172,CESSNA 172 Skyhawk,L1P,L
A5A4A1,N4629E,CH7A,BELLANCA 7 Champion,L1P,L
A5A5A1,N463K,BE35,BEECH 35 Starfire Bonanza,L1P,L
A5AAA1,N464YD,T34T,BEECH T-34C Turbo Mentor,L1T,L
A5ABA1,N4646,,,,
A5AEA1,N46502,PT22,RYAN PT-22 Recruit,L1P,L
A5B3A1,N467AE,B06,BELL 206 JetRanger,H1T,L
A5B6A1,N46748,C152,CESSNA 152,L1P,L
A5B7A1,N468DC,T206,CESSNA T206 Turbo Stationair,L1P,L
A5BEA1,N4699D,ST75,STEARMAN Kaydet,L1P,L
A5C3A1,N4701M,BE35,BEECH 35 Starfire Bonanza,L1P,L
A5C6A1,N471UP,B752,BOEING 757-200,L2J,M
A5D0A1,N474GW,G44,GRUMMAN G-44 Widgeon,A2P,L
A5D1A1,N474TB,C72R,CESSNA 172R Cutlass RG,L1P,L
A5D2A1,N4742N,C182,CESSNA 182 Skylane,L1P,L
A5D5A1,N475W,,,,
A5DAA1,N4766U,C180,CESSNA  180 Skywagon,L1P,L
A5DDA1,N4771L,P28A,PIPER PA-28-140/150/160/180,L1P,L
A5E1A1,N4783P,AA5,AMERICAN AA-5 Tiger,L1P,L
A5E2A1,N479AZ,B763,BOEING 767-300,L2J,H
A5E6A1,N48DX,GLAS,Glasair,L1P,L
A5ECA1,N481DF,UH1,BELL UH-1 Huey,H1T,L
A5EFA1,N4817D,C182,CESSNA 182 Skylane,L1P,L
A5F3A1,N4829G,C172,CESSNA 172 Skyhawk,L1P,L
A5FEA1,N4858E,CH7A,BELLANCA 7 Champion,L1P,L
A600A1,N486TW,BALL,,B0-,-
A609A1,N4887C,DC7,DOUGLAS DC-7 Seven Seas,L4P,M
A618A1,N492MH,TRDO,TITAN Tornado SS,L1P,L
A61AA1,N4925V,BL17,BELLANCA 17 Viking,L1P,L
A61DA1,N4930M,PA11,PIPER PA-11 Cub Special,L1P,L
A623A1,N495KW,ULAC,,L0-,-
A629A1,N4966W,AC11,NORTH AMERICAN ROCKWELL Commander 112/114,L1P,L
A62AA1,N497FL,P28A,PIPER PA-28-140/150/160/180,L1P,L
A630A1,N4983R,C172,CESSNA 172 Skyhawk,L1P,L
A636A1,N5QE,VTUR,QUESTAIR Venture,L1P,L
A637A1,N50AK,LJ35,LEARJET 35,L2J,M
A638A1,N50LR,BL8,BELLANCA 8 Decathlon,L1P,L
A63AA1,N500HB,SR22,CIRRUS SR-22,L1P,L
A63BA1,N500TH,BE40,BEECH 400 Beechjet,L2J,M
A63DA1,N50095,C150,CESSNA 150,L1P,L
A640A1,N5014X,SS2P,ROCKWELL Thrush Commander,L1P,L
A641A1,N502CS,C337,CESSNA 337 Super Skymaster,L2P,L
A644A1,N50260,C150,CESSNA 150,L1P,L
A647A1,N5031S,P28R,PIPER PA-28R-180/200/201,L1P,L
A648A1,N50383,AT5T,AIR TRACTOR AT-504,L1T,L
A649A1,N504JN,H269,HUGHES Sky Knight,H1P,L
A64EA1,N505XS,BALL,,B0-,-
A658A1,N508KZ,B744,BOEING 747-400,L4J,H
A65AA1,N5084W,P28A,PIPER PA-28-140/150/160/180,L1P,L
A65CA1,N509NX,PA34,PIPER PA-34 Seneca,L2P,L
A65EA1,N5096Z,PA22,PIPER PA-22,L1P,L
A65FA1,N51FP,DFLY,VIKING Dragonfly,L1P,L
A660A1,N51RV,RV3,VANS RV-3,L1P,L
A664A1,N5106H,PA14,PIPER PA-14 Family Cruiser,L1P,L
A666A1,N511RD,VENT,SCHEMPP-HIRTH Ventus,L1P,L
A667A1,N5111,PZ04,PZL-OKECIE PZL-104 Wilga,L1P,L
A671A1,N514PS,CRUZ,CSA PS-28 Cruiser,L1P,L
A673A1,N5147J,C172,CESSNA 172 Skyhawk,L1P,L
A676A1,N5152A,C172,CESSNA 172 Skyhawk,L1P,L
A677A1,N5159M,BE23,BEECH 23 Sundowner,L1P,L
A680A1,N518RC,C25A,CESSNA 525A Citation CJ2,L2J,L
A681A1,N51809,ST75,STEARMAN Kaydet,L1P,L
A686A1,N52AM,,,,
A687A1,N52LT,C550,CESSNA 550 Citation S2,L2J,L
A68BA1,N5202W,P28A,PIPER PA-28-140/150/160/180,L1P,L
A68DA1,N521LB,BE9L,BEECH 90 King Air,L2T,L
A691A1,N522P,RV6,VANS RV-6,L1P,L
A693A1,N52262,C172,CESSNA 172 Skyhawk,L1P,L
A694A1,N523FS,SONX,SONEX AIRCRAFT Sonex,L1P,L
A697A1,N52385,H269,HUGHES Sky Knight,H1P,L
A699A1,N524UW,A321,AIRBUS A-321,L2J,M
A69AA1,N5243X,CH7B,BELLANCA 7 Citabria,L1P,L
A69CA1,N525MN,E50P,EMBRAER EMB-500 Phenom 100,L2J,L
A6A2A1,N52673,ST75,STEARMAN Kaydet,L1P,L
A6A8A1,N528WG,LJ60,LEARJET 60,L2J,M
A6B3A1,N5306K,C172,CESSNA 172 Skyhawk,L1P,L
A6B4A1,N531F,,,,
A6BAA1,N5323E,C172,CESSNA 172 Skyhawk,L1P,L
A6C2A1,N5347L,P28A,PIPER PA-28-140/150/160/180,L1P,L
A6C5A1,N5352C,C140,CESSNA 140,L1P,L
A6C6A1,N5359P,PA24,PIPER PA-24 Comanche,L1P,L
A6C8A1,N536VQ,ULAC,,L0-,-
A6CBA1,N537NG,PC12,PILATUS PC-12,L1T,L
A6CDA1,N5376J,C172,CESSNA 172 Skyhawk,L1P,L
A6D0A1,N5381A,C310,CESSNA 310,L2P,L
A6D5A1,N54AP,LJ31,LEARJET 31,L2J,M
A6D6A1,N54LV,B427,BELL 427,H2T,L
A6D9A1,N540TM,GLAS,Glasair,L1P,L
A6DFA1,N542CW,P28A,PIPER PA-28-140/150/160/180,L1P,L
A6E5A1,N5431W,P28A,PIPER PA-28-140/150/160/180,L1P,L
A6E7A1,N544JS,RV12,VANS RV-12,L1P,L
A6F0A1,N5460U,BE35,BEECH 35 Starfire Bonanza,L1P,L
A6F6A1,N548LC,C303,CESSNA T303 Crusader,L2P,L
A6FAA1,N549PA,LJ35,LEARJET 35,L2J,M
A6FFA1,N550CD,SR22,CIRRUS SR-22,L1P,L
A701A1,N550YR,BE55,BEECH 55 Baron,L2P,L
A702A1,N5506M,CH7B,BELLANCA 7 Citabria,L1P,L
A709A1,N5523G,C150,CESSNA 150,L1P,L
A70AA1,N553AS,B738,BOEING 737-800,L2J,M
A70DA1,N5535K,BL8,BELLANCA 8 Decathlon,L1P,L
A710A1,N5540B,RS12,RANS S-12 Super Airaile,L1P,L
A714A1,N5552E,C172,CESSNA 172 Skyhawk,L1P,L
A718A1,N5564H,PA11,PIPER PA-11 Cub Special,L1P,L
A719A1,N557CC,B77W,BOEING 777-300ER,L2J,H
A71CA1,N5576L,BD4,BEDE BD-4,L1P,L
A71DA1,N558FA,C25B,CESSNA 525B Citation CJ3,L2J,L
A720A1,N5588P,PA24,PIPER PA-24 Comanche,L1P,L
A726A1,N56XC,,,,
A72AA1,N561A,B350,BEECHCRAFT Super King Air 350,L2T,M
A72DA1,N56143,PA32,PIPER PA-32,L1P,L
A733A1,N563SB,P28R,PIPER PA-28R-180/200/201,L1P,L
A738A1,N56431,ST75,STEARMAN Kaydet,L1P,L
A73FA1,N5660W,P28A,PIPER PA-28-140/150/160/180,L1P,L
A747A1,N56842,,,,
A749A1,N569PC,ULAC,,L0-,-
A751A1,N5706P,PA24,PIPER PA-24 Comanche,L1P,L
A754A1,N5711F,P28A,PIPER PA-28-140/150/160/180,L1P,L
A755A1,N5718S,GLID,,L0-,-
A756A1,N572JB,T28,NORTH AMERICAN T-28,L1P,L
A758A1,N5723J,C182,CESSNA 182 Skylane,L1P,L
A75AA1,N573M,C550,CESSNA 550 Citation S2,L2J,L
A75DA1,N574DS,P28R,PIPER PA-28R-180/200/201,L1P,L
A762A1,N575SW,C414,CESSNA 414 Chancellor,L2P,L
A767A1,N5764K,M20P,MOONEY M-20,L1P,L
A76EA1,N5781E,C150,CESSNA 150,L1P,L
A771A1,N579UG,DRON,,D0-,-
A772A1,N5793H,PA16,PIPER PA-16 Clipper,L1P,L
A773A1,N58AT,LGEZ,RUTAN Long-EZ,L1P,L
A779A1,N581AB,DRON,,D0-,-
A77DA1,N582D,GLF5,GULFSTREAM 5,L2J,M
A782A1,N583SD,C650,CESSNA 650 Citation,L2J,M
A787A1,N58433,,,,
A78DA1,N586QS,C68A,CESSNA 680 Citation Latitude,L2J,M
A793A1,N588AA,DRON,,D0-,-
A79AA1,N58967,C182,CESSNA 182 Skylane,L1P,L
A79CA1,N59SC,,,,
A7A0A1,N5906R,C172,CESSNA 172 Skyhawk,L1P,L
A7A7A1,N5923L,CH7B,BELLANCA 7 Citabria,L1P,L
A7ABA1,N5935P,PA24,PIPER PA-24 Comanche,L1P,L
A7ADA1,N594Q,T206,CESSNA T206 Turbo Stationair,L1P,L
A7AEA1,N5940F,C210,CESSNA 201 Centurion,L1P,L
A7AFA1,N5947S,C185,CESSNA 185 Skywagon,L1P,L
A7B2A1,N5952J,C150,CESSNA 150,L1P,L
A7B8A1,N597NN,CRJ9,BOMBARDIER Regional Jet CRJ-900,L2J,M
A7BAA1,N5976Q,M20P,MOONEY M-20,L1P,L
A7BBA1,N598FE,MD11,MCDONNELL-DOUGLAS MD-11,L3J,H
A7BEA1,N5988T,C150,CESSNA 150,L1P,L
A7C3A1,N6MA,C182,CESSNA 182 Skylane,L1P,L
A7C4A1,N6XG,EVOT,LANCAIR Evolution Turbine,L1T,L
A7C5A1,N60HM,LJ60,LEARJET 60,L2J,M
A7C6A1,N60TT,PA32,PIPER PA-32,L1P,L
A7CAA1,N6007W,P28A,PIPER PA-28-140/150/160/180,L1P,L
A7CBA1,N601GW,CH60,ZENAIR CH-600 Zodiac,L1P,L
A7CCA1,N601TB,CH60,ZENAIR CH-600 Zodiac,L1P,L
A7CEA1,N6019Z,SR22,CIRRUS SR-22,L1P,L
A7D1A1,N6024R,BALL,,B0-,-
A7D3A1,N603NS,ULAC,,L0-,-
A7D8A1,N6041L,AA5,AMERICAN AA-5 Tiger,L1P,L
A7D9A1,N6048X,,,,
A7DAA1,N605JG,BE30,BEECH 300 Super King Air,L2T,L
A7E0A1,N6065S,BE33,BEECH 33 Bonanza,L1P,L
A7E3A1,N6070J,C182,CESSNA 182 Skylane,L1P,L
A7E7A1,N6082M,S108,STINSON 108 Voyager,L1P,L
A7E8A1,N6089Y,PA23,PIPER PA-23,L2P,L
A7EBA1,N6094Q,M20P,MOONEY M-20,L1P,L
A7ECA1,N61CK,PA11,PIPER PA-11 Cub Special,L1P,L
A7EDA1,N61NR,B06,BELL 206 JetRanger,H1T,L
A7F6A1,N612ES,C182,CESSNA 182 Skylane,L1P,L
A7F9A1,N6128E,C172,CESSNA 172 Skyhawk,L1P,L
A7FBA1,N613TW,DRON,,D0-,-
A7FDA1,N614AG,,,,
A802A1,N615PL,C25C,CESSNA 525C Citation CJ4,L2J,M
A807A1,N61615,C172,CESSNA 172 Skyhawk,L1P,L
A808A1,N6169F,C210,CESSNA 201 Centurion,L1P,L
A810A1,N619ER,C172,CESSNA 172 Skyhawk,L1P,L
A812A1,N61903,J3,PIPER J-3 Cub,L1P,L
A814A1,N62HP,B06,BELL 206 JetRanger,H1T,L
A815A1,N62TV,B06,BELL 206 JetRanger,H1T,L
A81FA1,N622WB,T206,CESSNA T206 Turbo Stationair,L1P,L
A826A1,N624RS,SR22,CIRRUS SR-22,L1P,L
A829A1,N625JJ,DRON,,D0-,-
A82BA1,N6253R,C72R,CESSNA 172R Cutlass RG,L1P,L
A82CA1,N626BA,RV6,VANS RV-6,L1P,L
A835A1,N628TC,CH7B,BELLANCA 7 Citabria,L1P,L
A837A1,N62890,C172,CESSNA 172 Skyhawk,L1P,L
A841A1,N631BW,PA32,PIPER PA-32,L1P,L
A844A1,N6316D,C172,CESSNA 172 Skyhawk,L1P,L
A848A1,N6328G,C150,CESSNA 150,L1P,L
A84FA1,N6345B,C172,CESSNA 172 Skyhawk,L1P,L
A856A1,N63617,C150,CESSNA 150,L1P,L
A85AA1,N6374,,,,
A85EA1,N6386C,T210,CESSNA T210 Turbo Centurion,L1P,L
A863A1,N64HR,GLID,,L0-,-
A864A1,N64TX,RV10,VANS RV-10,L1P,L
A867A1,N6400P,PA24,PIPER PA-24 Comanche,L1P,L
A876A1,N6441Q,M20P,MOONEY M-20,L1P,L
A87AA1,N6453T,C182,CESSNA 182 Skylane,L1P,L
A886A1,N64892,C172,CESSNA 172 Skyhawk,L1P,L
A88AA1,N65CP,C310,CESSNA 310,L2P,L
A88BA1,N65NV,DRON,,D0-,-
A88EA1,N650VM,C525,CESSNA 525 CitationJet,L2J,L
A88FA1,N6504C,P28A,PIPER PA-28-140/150/160/180,L1P,L
A896A1,N65208,BALL,,B0-,-
A89BA1,N654AL,C172,CESSNA 172 Skyhawk,L1P,L
A89EA1,N6545D,C172,CESSNA 172 Skyhawk,L1P,L
A8A5A1,N65619,C152,CESSNA 152,L1P,L
A8A6A1,N6569K,G164,GRUMMAN G-164 Ag-Cat,L1P,L
A8ADA1,N6586E,C185,CESSNA 185 Skywagon,L1P,L
A8B3A1,N66TZ,SF50,CIRRUS SF-50 Vision,L1J,L
A8B6A1,N6600R,C72R,CESSNA 172R Cutlass RG,L1P,L
A8BAA1,N6612U,M20P,MOONEY M-20,L1P,L
A8BBA1,N66195,C150,CESSNA 150,L1P,L
A8BCA1,N662L,DA40,DIAMOND DA-40 Club Star,L1P,L
A8C7A1,N665JN,GLF5,GULFSTREAM 5,L2J,M
A8C9A1,N6653V,BE35,BEECH 35 Starfire Bonanza,L1P,L
A8CAA1,N666BE,RV12,VANS RV-12,L1P,L
A8D2A1,N668HA,B212,BELL 212,H2T,L
A8D4A1,N6682T,BE24,BEECH 24 Sierra,L1P,L
A8D8A1,N6694W,P28A,PIPER PA-28-140/150/160/180,L1P,L
A8D9A1,N67CR,DISC,SCHEMPP-HIRTH Discus,L1P,L
A8DEA1,N6704E,C172,CESSNA 172 Skyhawk,L1P,L
A8DFA1,N671C,S108,STINSON 108 Voyager,L1P,L
A8E9A1,N6733C,SA6,STITS SA-6 Flut-R-Bug,L1P,L
A8EEA1,N675DL,B752,BOEING 757-200,L2J,M
A8EFA1,N675PS,SR22,CIRRUS SR-22,L1P,L
A8F4A1,N6762A,C172,CESSNA 172 Skyhawk,L1P,L
A8FFA1,N67909,C402,CESSNA 402 Businessliner,L2P,L
A905A1,N6800T,BALL,,B0-,-
A909A1,N6812W,BE30,BEECH 300 Super King Air,L2T,L
A90AA1,N68197,C152,CESSNA 152,L1P,L
A90CA1,N682WH,DRON,,D0-,-
A915A1,N68485,C152,CESSNA 152,L1P,L
A920A1,N68773,,,,
A928A1,N69CT,BE33,BEECH 33 Bonanza,L1P,L
A92EA1,N691CB,BE36,BEECH 36 Bonanza,L1P,L
A931A1,N6916K,PA20,PIPER PA-20 Pacer,L1P,L
A934A1,N6921B,PA22,PIPER PA-22,L1P,L
A935A1,N6928N,M20P,MOONEY M-20,L1P,L
A938A1,N6933E,C175,CESSNA 175 Skylark,L1P,L
A943A1,N6962C,B06,BELL 206 JetRanger,H1T,L
A944A1,N6969P,PA24,PIPER PA-24 Comanche,L1P,L
A945A1,N697KJ,BE36,BEECH 36 Bonanza,L1P,L
A948A1,N698CA,AC11,NORTH AMERICAN ROCKWELL Commander 112/114,L1P,L
A949A1,N698NG,PC12,PILATUS PC-12,L1T,L
A94FA1,N6998M,S108,STINSON 108 Voyager,L1P,L
A950A1,N7HX,PA32,PIPER PA-32,L1P,L
A951A1,N7UC,A109,AGUSTA AW-109 Grand,H2T,L
A959A1,N701PY,C172,CESSNA 172 Skyhawk,L1P,L
A95BA1,N7017Q,C172,CESSNA 172 Skyhawk,L1P,L
A95DA1,N702SW,ULAC,,L0-,-
A95EA1,N7022G,C340,CESSNA 340 Super,L2P,L
A95FA1,N7029T,C172,CESSNA 172 Skyhawk,L1P,L
A962A1,N7034K,RLU1,RLU Super Breezy,L1P,L
A963A1,N704CE,C150,CESSNA 150,L1P,L
A964A1,N704NL,C150,CESSNA 150,L1P,L
A965A1,N704YS,C150,CESSNA 150,L1P,L
A966A1,N7046N,BE35,BEECH 35 Starfire Bonanza,L1P,L
A968A1,N705RJ,RV7,VANS RV-7,L1P,L
A969A1,N7051E,C175,CESSNA 175 Skylark,L1P,L
A96AA1,N7058R,P28A,PIPER PA-28-140/150/160/180,L1P,L
A96DA1,N7063H,J3,PIPER J-3 Cub,L1P,L
A96EA1,N707AT,C172,CESSNA 172 Skyhawk,L1P,L
A978A1,N7092F,P28A,PIPER PA-28-140/150/160/180,L1P,L
A979A1,N7099S,BALL,,B0-,-
A97AA1,N71KM,C30J,LOCKHEED MARTIN C-130J Super Hercules,L4T,M
A97BA1,N71VT,BE20,BEECH 200 Super King Air,L2T,M
A97DA1,N710SD,AS50,AEROSPATIALE AS-350 Ecureuil,H1T,L
A980A1,N711JW,PA31,PIPER PA-31-300/310/325/350/425,L2P,L
A982A1,N71133,C182,CESSNA 182 Skylane,L1P,L
A985A1,N712Y,ZZZZ,,-0-,-
A98AA1,N71379,L8,LUSCOMBE 8,L1P,L
A98FA1,N715LG,AC50,NORTH AMERICAN ROCKWELL Commander 500,L2P,L
A991A1,N71544,C421,CESSNA 421 Executive Commuter,L2P,L
A992A1,N716CZ,COZY,CO-Z Cozy,L1P,L
A996A1,N717FX,C208,CESSNA 208 Caravan,L1T,L
A998A1,N7171Z,BALL,,B0-,-
A99EA1,N719MT,,,,
A9A0A1,N71955,L8,LUSCOMBE 8,L1P,L
A9A6A1,N7205P,PA24,PIPER PA-24 Comanche,L1P,L
A9A9A1,N7210F,P28A,PIPER PA-28-140/150/160/180,L1P,L
A9ADA1,N7222J,P28A,PIPER PA-28-140/150/160/180,L1P,L
A9AEA1,N7229V,,,,
A9B5A1,N7246Q,C172,CESSNA 172 Skyhawk,L1P,L
A9B9A1,N7258T,C172,CESSNA 172 Skyhawk,L1P,L
A9BAA1,N726JC,ULAC,,L0-,-
A9BDA1,N727AV,BE18,BEECH 18 Expetitor,L2P,L
A9BEA1,N727MA,PA31,PIPER PA-31-300/310/325/350/425,L2P,L
A9C9A1,N73KP,BL17,BELLANCA 17 Viking,L1P,L
A9CEA1,N7309C,P28A,PIPER PA-28-140/150/160/180,L1P,L
A9D1A1,N73135,AT3P,AIR TRACTOR AT-301/401,L1P,L
A9D3A1,N732MW,C210,CESSNA 201 Centurion,L1P,L
A9D4A1,N732YB,T210,CESSNA T210 Turbo Centurion,L1P,L
A9D6A1,N733EN,C172,CESSNA 172 Skyhawk,L1P,L
A9DBA1,N734TS,C172,CESSNA 172 Skyhawk,L1P,L
A9DCA1,N73423,C172,CESSNA 172 Skyhawk,L1P,L
A9DDA1,N735AC,C182,CESSNA 182 Skylane,L1P,L
A9E3A1,N736ZN,C182,CESSNA 182 Skylane,L1P,L
A9E6A1,N737SE,C172,CESSNA 172 Skyhawk,L1P,L
A9E9A1,N738JX,C172,CESSNA 172 Skyhawk,L1P,L
A9EAA1,N738VC,C172,CESSNA 172 Skyhawk,L1P,L
A9F8A1,N7410H,J3,PIPER J-3 Cub,L1P,L
A9F9A1,N7417U,BALL,,B0-,-
A9FDA1,N7429X,C172,CESSNA 172 Skyhawk,L1P,L
A9FEA1,N743KS,C180,CESSNA  180 Skywagon,L1P,L
AA01A1,N744CJ,R44,ROBINSON R-44 Raven,H1P,L
AA05A1,N745FG,,,,
AA07A1,N7451J,P28R,PIPER PA-28R-180/200/201,L1P,L
AA08A1,N7458V,M20P,MOONEY M-20,L1P,L
AA0BA1,N7463M,C175,CESSNA 175 Skylark,L1P,L
AA0DA1,N747MC,S22T,CIRRUS SR-22T Turbo,L1P,L
AA0EA1,N747XJ,C750,CESSNA 750 Citation 10,L2J,M
AA11A1,N748QA,DRON,,D0-,-
AA12A1,N7480G,C172,CESSNA 172 Skyhawk,L1P,L
AA17A1,N7499W,P28A,PIPER PA-28-140/150/160/180,L1P,L
AA18A1,N75KR,RV6,VANS RV-6,L1P,L
AA1AA1,N750GB,C750,CESSNA 750 Citation 10,L2J,M
AA1BA1,N750SH,BALL,,B0-,-
AA1CA1,N75014,P32R,PIPER PA-32R-300/301/301T,L1P,L
AA1EA1,N751K,WACO,WACO E/O,L1P,L
AA27A1,N75302,PARA,,P0-,-
AA2BA1,N75425,B739,BOEING 737-900,L2J,M
AA2CA1,N755AE,AS50,AEROSPATIALE AS-350 Ecureuil,H1T,L
AA2DA1,N755LL,C680,CESSNA 680 Citation Sovereign,L2J,M
AA2FA1,N75548,C172,CESSNA 172 Skyhawk,L1P,L
AA35A1,N757SG,,,,
AA37A1,N7579D,PA18,PIPER PA-18 Super Cub,L1P,L
AA38A1,N758JZ,C172,CESSNA 172 Skyhawk,L1P,L
AA3CA1,N759MX,C182,CESSNA 182 Skylane,L1P,L
AA41A1,N760B,BE35,BEECH 35 Starfire Bonanza,L1P,L
AA48A1,N7617W,P28A,PIPER PA-28-140/150/160/180,L1P,L
AA4AA1,N762TB,C421,CESSNA 421 Executive Commuter,L2P,L
AA4BA1,N7622N,BE95,BEECH 95 Travel Air,L2P,L
AA4EA1,N763W,UH1,BELL UH-1 Huey,H1T,L
AA50A1,N764CL,B06,BELL 206 JetRanger,H1T,L
AA5BA1,N767AZ,HDJT,HONDA HondaJet,L2J,L
AA5CA1,N767ME,AEST,AEROSTAR 600,L2P,L
AA5EA1,N7675S,CH7A,BELLANCA 7 Champion,L1P,L
AA65A1,N7692M,C175,CESSNA 175 Skylark,L1P,L
AA66A1,N7699Y,PA11,PIPER PA-11 Cub Special,L1P,L
AA67A1,N77KT,PA23,PIPER PA-23,L2P,L
AA68A1,N77VZ,C25A,CESSNA 525A Citation CJ2,L2J,L
AA6AA1,N770SK,CRJ7,BOMBARDIER Regional Jet CRJ-700,L2J,M
AA6BA1,N77016,C120,CESSNA 120,L1P,L
AA6DA1,N771KB,C510,CESSNA 510 Citation Mustang,L2J,L
AA77A1,N7738E,C150,CESSNA 150,L1P,L
AA7EA1,N7755,UH12,HILLER UH-12,H1P,L
AA7FA1,N776DE,B738,BOEING 737-800,L2J,M
AA83A1,N777GC,AA5,AMERICAN AA-5 Tiger,L1P,L
AA84A1,N777SJ,FA7X,DASSAULT Falcon 7X,L3J,M
AA85A1,N77715,FNKB,FUNK B,L1P,L
AA86A1,N7779F,C150,CESSNA 150,L1P,L
AA89A1,N77838,L8,LUSCOMBE 8,L1P,L
AA8EA1,N78ER,C172,CESSNA 172 Skyhawk,L1P,L
AA9CA1,N783KW,B772,BOEING 777-200,L2J,H
AA9EA1,N7834T,C172,CESSNA 172 Skyhawk,L1P,L
AAA2A1,N7846W,P28A,PIPER PA-28-140/150/160/180,L1P,L
AAA5A1,N7851N,P28A,PIPER PA-28-140/150/160/180,L1P,L
AAABA1,N787MG,C750,CESSNA 750 Citation 10,L2J,M
AAB0A1,N7880L,BE35,BEECH 35 Starfire Bonanza,L1P,L
AAB3A1,N789TC,C82S,CESSNA T182 Turbo Skylane,L1P,L
AAB7A1,N79WA,ACR2,ACRO SPORT 2,L1P,L
AABCA1,N791KD,SR22,CIRRUS SR-22,L1P,L
AAC2A1,N7926D,BE35,BEECH 35 Starfire Bonanza,L1P,L
AAC5A1,N79306,C172,CESSNA 172 Skyhawk,L1P,L
AAC6A1,N7938G,C172,CESSNA 172 Skyhawk,L1P,L
AAC9A1,N79429,C172,CESSNA 172 Skyhawk,L1P,L
AACDA1,N7955B,C172,CESSNA 172 Skyhawk,L1P,L
AAD5A1,N7979H,PA12,PIPER PA-12 Super Cruiser,L1P,L
AADDA1,N8ET,BL8,BELLANCA 8 Decathlon,L1P,L
AAE0A1,N80MK,BALL,,B0-,-
AAE4A1,N8003C,PA22,PIPER PA-22,L1P,L
AAE5A1,N801AN,C207,CESSNA 207 Turbo Stationair,L1P,L
AAE7A1,N801X,AA5,AMERICAN AA-5 Tiger,L1P,L
AAE8A1,N8015F,C150,CESSNA 150,L1P,L
AAEFA1,N8032A,BE36,BEECH 36 Bonanza,L1P,L
AAF3A1,N8044D,PA22,PIPER PA-22,L1P,L
AAF7A1,N8056G,C77R,CESSNA 177RG Cardinal RG,L1P,L
AAF9A1,N806RC,P210,CESSNA P210 Centurion,L1P,L
AAFBA1,N8068K,S108,STINSON 108 Voyager,L1P,L
AAFDA1,N807UA,A319,AIRBUS A-319,L2J,M
AAFEA1,N8073B,C172,CESSNA 172 Skyhawk,L1P,L
AB06A1,N8097H,P28A,PIPER PA-28-140/150/160/180,L1P,L
AB0AA1,N810P,RV4,VANS RV-4,L1P,L
AB0CA1,N81062,SREY,PROGRESSIVE AERODYNE SeaRey,A1P,L
AB0DA1,N811FS,B350,BEECHCRAFT Super King Air 350,L2T,M
AB0FA1,N8111U,C172,CESSNA 172 Skyhawk,L1P,L
AB10A1,N81185,FNKB,FUNK B,L1P,L
AB13A1,N8123X,P28B,PIPER PA-28-201T/235/236,L1P,L
AB1AA1,N8140S,SR22,CIRRUS SR-22,L1P,L
AB1CA1,N815HC,SR22,CIRRUS SR-22,L1P,L
AB1EA1,N8152V,C150,CESSNA 150,L1P,L
AB1FA1,N81596,CH7A,BELLANCA 7 Champion,L1P,L
AB20A1,N816LA,BE36,BEECH 36 Bonanza,L1P,L
AB21A1,N816WG,PC12,PILATUS PC-12,L1T,L
AB22A1,N8164Y,PA30,PIPER PA-30 Twin Comanche,L2P,L
AB29A1,N8181T,C175,CESSNA 175 Skylark,L1P,L
AB2DA1,N8193W,P28A,PIPER PA-28-140/150/160/180,L1P,L
AB2EA1,N82BF,BE36,BEECH 36 Bonanza,L1P,L
AB2FA1,N82MM,B407,BELL 407,H1T,L
AB30A1,N82XT,C182,CESSNA 182 Skylane,L1P,L
AB38A1,N822DN,B739,BOEING 737-900,L2J,M
AB3AA1,N8220,CAMP,GREGA GN-1 Aircamper,L1P,L
AB3DA1,N823SS,,,,
AB3EA1,N8232C,P28A,PIPER PA-28-140/150/160/180,L1P,L
AB3FA1,N8239P,PA24,PIPER PA-24 Comanche,L1P,L
AB40A1,N824KJ,RV9,VANS RV-9,L1P,L
AB43A1,N825CA,LJ45,LEARJET 45,L2J,M
AB44A1,N825NG,C182,CESSNA 182 Skylane,L1P,L
AB4AA1,N8268M,C182,CESSNA 182 Skylane,L1P,L
AB4DA1,N8273D,C170,CESSNA 170,L1P,L
AB4EA1,N828AP,AS50,AEROSPATIALE AS-350 Ecureuil,H1T,L
AB55A1,N8297K,G164,GRUMMAN G-164 Ag-Cat,L1P,L
AB5DA1,N831S,RV10,VANS RV-10,L1P,L
AB5EA1,N8311W,P28A,PIPER PA-28-140/150/160/180,L1P,L
AB5FA1,N83187,PA32,PIPER PA-32,L1P,L
AB60A1,N832JS,C56X,CESSNA 560XL Citation XLS,L2J,M
AB62A1,N8323Z,P28B,PIPER PA-28-201T/235/236,L1P,L
AB66A1,N83352,CH7A,BELLANCA 7 Champion,L1P,L
AB6DA1,N8352X,C172,CESSNA 172 Skyhawk,L1P,L
AB6EA1,N83598,PA18,PIPER PA-18 Super Cub,L1P,L
AB75A1,N83763,PA32,PIPER PA-32,L1P,L
AB78A1,N8381V,PA32,PIPER PA-32,L1P,L
AB79A1,N83886,CH7A,BELLANCA 7 Champion,L1P,L
AB7CA1,N8393Y,PA34,PIPER PA-34 Seneca,L2P,L
AB7DA1,N84BH,BE35,BEECH 35 Starfire Bonanza,L1P,L
AB7EA1,N84MP,QUIC,Quickie,L1P,L
AB86A1,N8415K,S108,STINSON 108 Voyager,L1P,L
AB89A1,N8420B,LA25,LAKE LA-250,A1P,L
AB95A1,N8456L,C172,CESSNA 172 Skyhawk,L1P,L
AB98A1,N8461C,PA32,PIPER PA-32,L1P,L
AB99A1,N8468P,PA24,PIPER PA-24 Comanche,L1P,L
ABA3A1,N8490A,BE35,BEECH 35 Starfire Bonanza,L1P,L
ABA4A1,N8497M,C150,CESSNA 150,L1P,L
ABA5A1,N85GM,,,,
ABA6A1,N85ST,VEZE,RUTAN VariEze,L1P,L
ABA8A1,N850PD,TBM7,SOCATA TBM-700A/B/C,L1T,L
ABAAA1,N85066,CH7A,BELLANCA 7 Champion,L1P,L
ABABA1,N851FW,SR22,CIRRUS SR-22,L1P,L
ABAEA1,N85189,CH7A,BELLANCA 7 Champion,L1P,L
ABB0A1,N852V,DC10,MCDONNELL DOUGLAS DC-10,L3J,H
ABB2A1,N853BL,RV8,VANS RV-8,L1P,L
ABB5A1,N85354,E75L,EMBRAER ERJ-170-200 (long wing),L2J,M
ABBCA1,N8552Z,B738,BOEING 737-800,L2J,M
ABC7A1,N8581X,C172,CESSNA 172 Skyhawk,L1P,L
ABC8A1,N85888,AR11,AERONCA 11 Chief,L1P,L
ABC9A1,N859JT,C172,CESSNA 172 Skyhawk,L1P,L
ABCCA1,N86BK,HUSK,CHRISTEN Husky,L1P,L
ABCDA1,N86MR,C182,CESSNA 182 Skylane,L1P,L
ABCFA1,N860JB,TBM7,SOCATA TBM-700A/B/C,L1T,L
ABD2A1,N861AU,C172,CESSNA 172 Skyhawk,L1P,L
ABD3A1,N861M,WACO,WACO E/O,L1P,L
ABD5A1,N8615M,BE35,BEECH 35 Starfire Bonanza,L1P,L
ABD8A1,N8620D,PA22,PIPER PA-22,L1P,L
ABDCA1,N8632G,C150,CESSNA 150,L1P,L
ABE0A1,N8644K,S108,STINSON 108 Voyager,L1P,L
ABE4A1,N8656N,PA32,PIPER PA-32,L1P,L
ABE9A1,N867JA,BALL,,B0-,-
ABECA1,N868AT,TBM7,SOCATA TBM-700A/B/C,L1T,L
ABF5A1,N87SV,RV6,VANS RV-6,L1P,L
ABFEA1,N872JW,BL17,BELLANCA 17 Viking,L1P,L
AC04A1,N87356,C310,CESSNA 310,L2P,L
AC0CA1,N876AA,SR22,CIRRUS SR-22,L1P,L
AC0DA1,N876LG,RS12,RANS S-12 Super Airaile,L1P,L
AC13A1,N87767,C172,CESSNA 172 Skyhawk,L1P,L
AC15A1,N878SC,GLEX,BOMBARDIER BD-700 Global 6000/6500,L2J,M
AC16A1,N8781Z,T206,CESSNA T206 Turbo Stationair,L1P,L
AC1CA1,N88MT,BE20,BEECH 200 Super King Air,L2T,M
AC1EA1,N880JD,RV8,VANS RV-8,L1P,L
AC20A1,N8803L,B38M,BOEING 737 MAX 8,L2J,M
AC2BA1,N8832J,P28A,PIPER PA-28-140/150/160/180,L1P,L
AC2FA1,N8844M,BE35,BEECH 35 Starfire Bonanza,L1P,L
AC31A1,N885NN,B738,BOEING 737-800,L2J,M
AC34A1,N886FE,C208,CESSNA 208 Caravan,L1T,L
AC36A1,N8861G,C150,CESSNA 150,L1P,L
AC37A1,N8868T,C182,CESSNA 182 Skylane,L1P,L
AC3AA1,N8873K,S108,STINSON 108 Voyager,L1P,L
AC3BA1,N888AV,AVID,AVID Flyer,L1P,L
AC44A1,N89SX,,,,
AC49A1,N891G,P208,TECNAM P-2008,L1P,L
AC4AA1,N891SF,S22T,CIRRUS SR-22T Turbo,L1P,L
AC4CA1,N8919C,PA22,PIPER PA-22,L1P,L
AC4FA1,N89235,C140,CESSNA 140,L1P,L
AC53A1,N89358,C152,CESSNA 152,L1P,L
AC56A1,N89400,C140,CESSNA 140,L1P,L
AC5AA1,N89523,C140,CESSNA 140,L1P,L
AC5BA1,N896AC,P28A,PIPER PA-28-140/150/160/180,L1P,L
AC64A1,N898SE,RV10,VANS RV-10,L1P,L
AC65A1,N89811,C172,CESSNA 172 Skyhawk,L1P,L
AC69A1,N89934,C152,CESSNA 152,L1P,L
AC6AA1,N9BP,C182,CESSNA 182 Skylane,L1P,L
AC6CA1,N9YA,GLAS,Glasair,L1P,L
AC6DA1,N90JF,C208,CESSNA 208 Caravan,L1T,L
AC6EA1,N90UM,,,,
AC71A1,N90004,C120,CESSNA 120,L1P,L
AC75A1,N90127,C140,CESSNA 140,L1P,L
AC76A1,N902AG,CL60,BOMBARDIER CL-600 Challenger,L2J,M
AC79A1,N9025,B47G,BELL 47G,H1P,L
AC7AA1,N903DE,MD88,MCDONNELL-DOUGLAS MD-88,L2J,M
AC7FA1,N904SJ,C550,CESSNA 550 Citation S2,L2J,L
AC80A1,N90415,BALL,,B0-,-
AC81A1,N9049F,CH7A,BELLANCA 7 Champion,L1P,L
AC84A1,N90538,GLID,,L0-,-
AC88A1,N9066A,BALL,,B0-,-
AC8CA1,N9078D,PA18,PIPER PA-18 Super Cub,L1P,L
AC8DA1,N908HP,C82R,CESSNA R182 Skylane RG,L1P,L
AC94A1,N91DD,BT36,BEECH B36TC Bonanza,L1P,L
AC9AA1,N911CN,B407,BELL 407,H1T,L
AC9DA1,N9116W,P28B,PIPER PA-28-201T/235/236,L1P,L
AC9EA1,N912FL,,,,
AC9FA1,N912RS,RS12,RANS S-12 Super Airaile,L1P,L
ACA1A1,N9128Z,P32R,PIPER PA-32R-300/301/301T,L1P,L
ACA4A1,N9133R,T34P,BEECH T-34 Mentor,L1P,L
ACA6A1,N914MG,PA32,PIPER PA-32,L1P,L
ACA8A1,N9145U,C150,CESSNA 150,L1P,L
ACABA1,N9150L,CH7A,BELLANCA 7 Champion,L1P,L
ACAEA1,N916TC,VELO,Velocity,L1P,L
ACAFA1,N9162P,PA24,PIPER PA-24 Comanche,L1P,L
ACB0A1,N91690,C182,CESSNA 182 Skylane,L1P,L
ACB2A1,N917WA,BE30,BEECH 300 Super King Air,L2T,L
ACB3A1,N9174S,BE19,BEECH 19 Sport,L1P,L
ACB4A1,N918CM,T206,CESSNA T206 Turbo Stationair,L1P,L
ACBDA1,N92UP,H25B,HAWKER BEECHCRAFT Hawker 750/850,L2J,M
ACC0A1,N92006,C172,CESSNA 172 Skyhawk,L1P,L
ACC1A1,N9208G,C182,CESSNA 182 Skylane,L1P,L
ACC5A1,N922AJ,RV7,VANS RV-7,L1P,L
ACC8A1,N9225B,C175,CESSNA 175 Skylark,L1P,L
ACCCA1,N9237E,ULAC,,L0-,-
ACD0A1,N9249H,C172,CESSNA 172 Skyhawk,L1P,L
ACD5A1,N926NA,WB57,MARTIN 272,L2J,M
ACDBA1,N9278F,CJ6,NANCHANG CJ-6,L1P,L
ACDCA1,N928HR,WW24,IAI 1124 Westwind,L2J,M
ACDDA1,N928TX,C750,CESSNA 750 Citation 10,L2J,M
ACE7A1,N930WD,TBM7,SOCATA TBM-700A/B/C,L1T,L
ACF0A1,N93281,C152,CESSNA 152,L1P,L
ACF3A1,N9333T,C180,CESSNA  180 Skywagon,L1P,L
ACFBA1,N9357Z,T206,CESSNA T206 Turbo Stationair,L1P,L
ACFDA1,N936TE,,,,
AD02A1,N9374U,C150,CESSNA 150,L1P,L
AD03A1,N938CP,C82T,CESSNA TR182 Turbo Skylane RG,L1P,L
AD06A1,N9386X,C82R,CESSNA R182 Skylane RG,L1P,L
AD07A1,N939FM,R44,ROBINSON R-44 Raven,H1P,L
AD08A1,N939RT,C650,CESSNA 650 Citation,L2J,M
AD09A1,N9391P,PA24,PIPER PA-24 Comanche,L1P,L
AD0AA1,N93980,C152,CESSNA 152,L1P,L
AD0BA1,N94JK,BE36,BEECH 36 Bonanza,L1P,L
AD0FA1,N94008,ERCO,AIR PRODUCTS F-1 Aircoupe,L1P,L
AD17A1,N9425D,C72R,CESSNA 172R Cutlass RG,L1P,L
AD22A1,N9454B,C208,CESSNA 208 Caravan,L1T,L
AD26A1,N9466E,C172,CESSNA 172 Skyhawk,L1P,L
AD29A1,N94707,ERCO,AIR PRODUCTS F-1 Aircoupe,L1P,L
AD2AA1,N9478H,ST75,STEARMAN Kaydet,L1P,L
AD2DA1,N9483,S76,SIKORSKY S-76 Spirit,H2T,L
AD2EA1,N949AK,B39M,BOEING 737 MAX 9,L2J,M
AD32A1,N95DH,PA18,PIPER PA-18 Super Cub,L1P,L
AD33A1,N95PP,BE58,BEECH 58 Baron,L2P,L
AD36A1,N950WF,,,,
AD38A1,N951CS,PA46,PIPER PA-46-310/350,L1P,L
AD3BA1,N95160,P28A,PIPER PA-28-140/150/160/180,L1P,L
AD43A1,N954BE,,,,
AD46A1,N9545Y,BE35,BEECH 35 Starfire Bonanza,L1P,L
AD49A1,N9550Q,C72R,CESSNA 172R Cutlass RG,L1P,L
AD4DA1,N9562T,C210,CESSNA 201 Centurion,L1P,L
AD52A1,N958CR,CL35,BOMBARDIER BD-100 Challenger 350,L2J,M
AD55A1,N9586Z,TBM,GRUMMAN G-40 Avenger,L1P,M
AD57A1,N959RV,RV10,VANS RV-10,L1P,L
AD5AA1,N96JM,P51,NORTH AMERICAN P-51 Mustang,L1P,L
AD62A1,N9613C,P28R,PIPER PA-28R-180/200/201,L1P,L
AD63A1,N962AN,B738,BOEING 737-800,L2J,M
AD67A1,N963DL,MD88,MCDONNELL-DOUGLAS MD-88,L2J,M
AD75A1,N9666G,C182,CESSNA 182 Skylane,L1P,L
AD77A1,N967RC,FOX,KITFOX,L1P,L
AD78A1,N96709,TAYB,TAYLORCRAFT BC/BF/BL,L1P,L
AD7BA1,N968UA,B735,BOEING 737-500,L2J,M
AD7CA1,N9683B,C72R,CESSNA 172R Cutlass RG,L1P,L
AD7DA1,N969AM,EAGL,CHRISTEN Eagle,L1P,L
AD7EA1,N969LT,C172,CESSNA 172 Skyhawk,L1P,L
AD81A1,N97DK,CL30,BOMBARDIER BD-100 Challenger 300,L2J,M
AD82A1,N97PR,RV8,VANS RV-8,L1P,L
AD8AA1,N97162,S108,STINSON 108 Voyager,L1P,L
AD8DA1,N9721U,AA5,AMERICAN AA-5 Tiger,L1P,L
AD9EA1,N977LA,C82R,CESSNA R182 Skylane RG,L1P,L
ADA0A1,N9774Y,BE35,BEECH 35 Starfire Bonanza,L1P,L
ADA8A1,N97984,C172,CESSNA 172 Skyhawk,L1P,L
ADA9A1,N98JP,CH7A,BELLANCA 7 Champion,L1P,L
ADABA1,N980F,CH7A,BELLANCA 7 Champion,L1P,L
ADADA1,N9801B,B14A,BELLANCA 14,L1P,L
ADB1A1,N9813E,C182,CESSNA 182 Skylane,L1P,L
ADB9A1,N9837L,C172,CESSNA 172 Skyhawk,L1P,L
ADBCA1,N9842C,C82R,CESSNA R182 Skylane RG,L1P,L
ADC0A1,N9854F,J3,PIPER J-3 Cub,L1P,L
ADC1A1,N986CA,CRJ2,BOMBARDIER Regional Jet CRJ-200,L2J,M
ADC4A1,N9866J,C172,CESSNA 172 Skyhawk,L1P,L
ADC7A1,N9871A,C195,CESSNA 195,L1P,L
ADC8A1,N9878M,C210,CESSNA 201 Centurion,L1P,L
ADCBA1,N9883D,PA18,PIPER PA-18 Super Cub,L1P,L
ADCFA1,N9895G,C172,CESSNA 172 Skyhawk,L1P,L
ADD0A1,N99DM,GLF5,GULFSTREAM 5,L2J,M
ADD1A1,N99PT,C172,CESSNA 172 Skyhawk,L1P,L
ADD2A1,N99ZZ,SR20,CIRRUS SR-20,L1P,L
ADD6A1,N991CW,R44,ROBINSON R-44 Raven,H1P,L
ADD9A1,N99164,ERCO,AIR PRODUCTS F-1 Aircoupe,L1P,L
ADDBA1,N992S,MUS2,BUSHBY M-2 Mustang 2,L1P,L
ADDCA1,N9921W,P28A,PIPER PA-28-140/150/160/180,L1P,L
ADE0A1,N9933Z,T206,CESSNA T206 Turbo Stationair,L1P,L
ADE5A1,N995EG,BT36,BEECH B36TC Bonanza,L1P,L
ADECA1,N99698,ERCO,AIR PRODUCTS F-1 Aircoupe,L1P,L
ADF1A1,N998PA,PRM1,RAYTHEON 390 Premier 1,L2J,L
ADF4A1,N999FT,M5,MAULE M-5,L1P,L
ADF5A1,N999RZ,H25B,HAWKER BEECHCRAFT Hawker 750/850,L2J,M
ADF6A1,N9991V,C172,CESSNA 172 Skyhawk,L1P,L
ADFCA1,92-0352,BE40,BEECH 400 Beechjet,L2J,M
ADFEA1,94-7321,C130,LOCKHEED C-130 Hercules,L4T,M
ADFFA1,69-7078,T38,NORTHROP T-38 Talon,L2J,L
AE00A1,68-8155,T38,NORTHROP T-38 Talon,L2J,L
AE01A1,86-0374,LJ35,LEARJET 35,L2J,M
AE04A1,99-5309,C30J,LOCKHEED MARTIN C-130J Super Hercules,L4T,M
AE07A1,58-0099,K35R,BOEING KC-135R/T Stratotanker,L4J,H
AE08A1,00-3580,TEX2,BEECHCRAFT T-6 Texan 2,L1T,L
AE09A1,95-26605,H60,SIKORSKY UH-60 Black Hawk,H2T,M
AE12A1,89-0513,C130,LOCKHEED C-130 Hercules,L4T,M
AE13A1,04-3715,TEX2,BEECHCRAFT T-6 Texan 2,L1T,L
AE14A1,160845,BE9L,BEECH 90 King Air,L2T,L
AE17A1,91-0331,F15,MCDONNELL-DOUGLAS F-15 Eagle,L2J,M
AE1EA1,08-3932,TEX2,BEECHCRAFT T-6 Texan 2,L1T,L
AE1FA1,10-72146,EC45,AIRBUS HELICOPTERS EC-145,H2T,L
AE21A1,86-24557,H60,SIKORSKY UH-60 Black Hawk,H2T,M
AE26A1,6575,AS65,AEROSPATIALE AS-365 Dauphin 2,H2T,L
AE2FA1,168075,C30J,LOCKHEED MARTIN C-130J Super Hercules,L4T,M
AE47A1,08-20153,H60,SIKORSKY UH-60 Black Hawk,H2T,M
AE4EA1,166183,TEX2,BEECHCRAFT T-6 Texan 2,L1T,L
AE53A1,11-20344,H60,SIKORSKY UH-60 Black Hawk,H2T,M
AE56A1,13-20569,H60,SIKORSKY UH-60 Black Hawk,H2T,M
AE57A1,14-20689,H60,SIKORSKY UH-60 Black Hawk,H2T,M
AE58A1,61-0012,B52,BOEING B-52 Stratofortress,L8J,H
AE59A1,13-08438,H47,BOEING-VERTOL CH-47 Chinook,H2T,M
AE5CA1,05-27046,H60,SIKORSKY UH-60 Black Hawk,H2T,M
AE5EA1,163318,B06,BELL 206 JetRanger,H1T,L
AE5FA1,18-46054,B762,BOEING 767-200,L2J,H
AE64A1,19-21094,H60,SIKORSKY UH-60 Black Hawk,H2T,M
AE6DA1,21-21214,H60,SIKORSKY UH-60 Black Hawk,H2T,M
C000A1,C-FAGE,C172,CESSNA 172 Skyhawk,L1P,L
C003A1,C-FBJS,C150,CESSNA 150,L1P,L
C004A1,C-FBTO,,,,
C006A1,C-FCNG,B06,BELL 206 JetRanger,H1T,L
C007A1,C-FCXC,GLID,,L0-,-
C008A1,C-FDGY,ZZZZ,,-0-,-
C009A1,C-FDQU,PA22,PIPER PA-22,L1P,L
C00BA1,C-FEKM,BALL,,B0-,-
C00CA1,C-FEUI,C172,CESSNA 172 Skyhawk,L1P,L
C00DA1,C-FFEE,PA34,PIPER PA-34 Seneca,L2P,L
C00EA1,C-FFOA,,,,
C010A1,C-FGHS,C172,CESSNA 172 Skyhawk,L1P,L
C011A1,C-FGRO,BL8,BELLANCA 8 Decathlon,L1P,L
C012A1,C-FHBK,ULAC,,L0-,-
C013A1,C-FHLG,C550,CESSNA 550 Citation S2,L2J,L
C014A1,C-FHVC,B06,BELL 206 JetRanger,H1T,L
C015A1,C-FIEY,C140,CESSNA 140,L1P,L
C016A1,C-FIOU,M5,MAULE M-5,L1P,L
C017A1,C-FIYQ,C414,CESSNA 414 Chancellor,L2P,L
C018A1,C-FJIM,DHC2,DE HAVILLAND DHC-2 Beaver,L1P,L
C019A1,C-FJSI,BE55,BEECH 55 Baron,L2P,L
C01AA1,C-FKCE,C550,CESSNA 550 Citation S2,L2J,L
C01BA1,C-FKMA,PA31,PIPER PA-31-300/310/325/350/425,L2P,L
C01CA1,C-FKVW,R66,ROBINSON R-66,H1T,L
C01FA1,C-FLZK,,,,
C020A1,C-FMJG,ZZZZ,,-0-,-
C021A1,C-FMTC,TBM7,SOCATA TBM-700A/B/C,L1T,L
C022A1,C-FNCY,AR11,AERONCA 11 Chief,L1P,L
C024A1,C-FNWQ,,,,
C026A1,C-FOQI,,,,
C027A1,C-FPAE,DH8C,DE HAVILLAND DHC-8-300 Dash 8,L2T,M
C029A1,C-FPTW,C182,CESSNA 182 Skylane,L1P,L
C02CA1,C-FQXK,PULS,Pulsar,L1P,L
C02DA1,C-FRHG,P28A,PIPER PA-28-140/150/160/180,L1P,L
C02EA1,C-FRRC,C172,CESSNA 172 Skyhawk,L1P,L
C02FA1,C-FSAY,CH7A,BELLANCA 7 Champion,L1P,L
C030A1,C-FSKU,BE23,BEECH 23 Sundowner,L1P,L
C031A1,C-FSUQ,PA44,PIPER PA-44 Seminole,L2P,L
C032A1,C-FTEM,M20P,MOONEY M-20,L1P,L
C033A1,C-FTOI,B47G,BELL 47G,H1P,L
C034A1,C-FTYE,C150,CESSNA 150,L1P,L
C035A1,C-FUIA,C172,CESSNA 172 Skyhawk,L1P,L
C036A1,C-FURW,,,,
C038A1,C-FVLO,ULAC,,L0-,-
C039A1,C-FVVK,,,,
C03AA1,C-FWFG,P28A,PIPER PA-28-140/150/160/180,L1P,L
C03BA1,C-FWPC,,,,
C03CA1,C-FWYY,PA23,PIPER PA-23,L2P,L
C03DA1,C-FXIU,P28A,PIPER PA-28-140/150/160/180,L1P,L
C03EA1,C-FXSQ,,,,
C03FA1,C-FYCM,C170,CESSNA 170,L1P,L
C040A1,C-FYMI,P28U,PIPER PA-28RT-201T Turbo,L1P,L
C041A1,C-FYWE,S108,STINSON 108 Voyager,L1P,L
C042A1,C-FZGA,C172,CESSNA 172 Skyhawk,L1P,L
C043A1,C-FZPW,BE20,BEECH 200 Super King Air,L2T,M
C045A1,C-GAJO,C185,CESSNA 185 Skywagon,L1P,L
C046A1,C-GATK,BE20,BEECH 200 Super King Air,L2T,M
C047A1,C-GBDG,FFLY,FAIRY Firefly,L1P,L
C048A1,C-GBNC,C172,CESSNA 172 Skyhawk,L1P,L
C049A1,C-GBWY,PA25,PIPER PA-25 Pawnee,L1P,L
C04AA1,C-GCGU,C56X,CESSNA 560XL Citation XLS,L2J,M
C04BA1,C-GCQQ,,,,
C04CA1,C-GDAM,C340,CESSNA 340 Super,L2P,L
C04DA1,C-GDKI,HUSK,CHRISTEN Husky,L1P,L
C04EA1,C-GDUE,BALL,,B0-,-
C04FA1,C-GEEA,,,,
C050A1,C-GENW,F2TH,DASSAULT Falcon 2000,L2J,M
C051A1,C-GEXS,C185,CESSNA 185 Skywagon,L1P,L
C053A1,C-GFRK,C172,CESSNA 172 Skyhawk,L1P,L
C054A1,C-GGBG,BE23,BEECH 23 Sundowner,L1P,L
C056A1,C-GGUY,CAMP,GREGA GN-1 Aircamper,L1P,L
C057A1,C-GHEU,GLID,,L0-,-
C058A1,C-GHOQ,AS50,AEROSPATIALE AS-350 Ecureuil,H1T,L
C059A1,C-GHYM,P28R,PIPER PA-28R-180/200/201,L1P,L
C05AA1,C-GIII,C310,CESSNA 310,L2P,L
C05BA1,C-GISE,C182,CESSNA 182 Skylane,L1P,L
C05CA1,C-GJCA,PTS2,PITTS S-2 Special,L1P,L
C05EA1,C-GJVS,C182,CESSNA 182 Skylane,L1P,L
C060A1,C-GKPK,C340,CESSNA 340 Super,L2P,L
C062A1,C-GLJC,C185,CESSNA 185 Skywagon,L1P,L
C063A1,C-GLSY,M20P,MOONEY M-20,L1P,L
C064A1,C-GMCU,C182,CESSNA 182 Skylane,L1P,L
C065A1,C-GMMQ,,,,
C066A1,C-GMWM,M20P,MOONEY M-20,L1P,L
C067A1,C-GNGI,PC12,PILATUS PC-12,L1T,L
C068A1,C-GNQE,P28A,PIPER PA-28-140/150/160/180,L1P,L
C06AA1,C-GOJW,BE18,BEECH 18 Expetitor,L2P,L
C06BA1,C-GOTS,FNKB,FUNK B,L1P,L
C06DA1,C-GPNK,,,,
C06FA1,C-GQHC,PA18,PIPER PA-18 Super Cub,L1P,L
C073A1,C-GRUM,C180,CESSNA  180 Skywagon,L1P,L
C074A1,C-GSEI,PA32,PIPER PA-32,L1P,L
C076A1,C-GSYA,M20T,MOONEY M-20T,L1P,L
C077A1,C-GTHW,B06,BELL 206 JetRanger,H1T,L
C078A1,C-GTRS,,,,
C07AA1,C-GULK,BE33,BEECH 33 Bonanza,L1P,L
C07BA1,C-GUVG,C172,CESSNA 172 Skyhawk,L1P,L
C07CA1,C-GVFC,RBEL,MURPHY Rebel,L1P,L
C07DA1,C-GVOY,PA24,PIPER PA-24 Comanche,L1P,L
C07EA1,C-GVYU,C172,CESSNA 172 Skyhawk,L1P,L
C07FA1,C-GWIQ,PA27,PIPER PA-23-250 Aztec,L2P,L
C080A1,C-GWSM,,,,
C081A1,C-GXCI,C185,CESSNA 185 Skywagon,L1P,L
C082A1,C-GXME,BALL,,B0-,-
C083A1,C-GXWA,GL7T,BOMBARDIER BD-700 Global 7000/7500,L2J,M
C084A1,C-GYFW,C185,CESSNA 185 Skywagon,L1P,L
C085A1,C-GYPS,P28A,PIPER PA-28-140/150/160/180,L1P,L
C086A1,C-GYZO,GLID,,L0-,-
C088A1,C-GZTG,CAD2,DELISLE Cadi,L1P,L
C089A1,C-IADC,,,,
C08CA1,C-IBGQ,ULAC,,L0-,-
C08DA1,C-IBQM,ULAC,,L0-,-
C08EA1,C-ICAI,,,,
C08FA1,C-ICKE,,,,
C092A1,C-IDNS,,,,
C093A1,C-IDXO,ULAC,,L0-,-
C094A1,C-IEHK,,,,
C095A1,C-IERG,,,,
C096A1,C-IFBC,ULAC,,L0-,-
C098A1,C-IFUU,PARA,,P0-,-
C099A1,C-IGEQ,ULAC,,L0-,-
C09BA1,C-IGYI,CLBR,FISHER AERO Celebrity,L1P,L
C09CA1,C-IHIE,,,,
C09DA1,C-IHSA,PARA,,P0-,-
C09FA1,C-IILS,ULAC,,L0-,-
C0A1A1,C-IJFK,PARA,,P0-,-
C0A3A1,C-IJZC,PARA,,P0-,-
C0A4A1,C-IKIY,,,,
C0A6A1,C-ILCQ,PARA,,P0-,-
C0A7A1,C-ILMM,TRDO,TITAN Tornado SS,L1P,L
C0A8A1,C-ILWI,,,,
C0C5A1,C-IWVW,,,,
C1E4A1,SERV,SERV,,V0-,-
C1E5A1,SERV,SERV,,V0-,-
C1E9A1,SERV,SERV,,V0-,-
C800A1,ZK-BBX,DHC2,DE HAVILLAND DHC-2 Beaver,L1P,L
C801A1,ZK-CHF,TOUR,MILLICER Airtourer,L1P,L
C802A1,ZK-DEJ,P28A,PIPER PA-28-140/150/160/180,L1P,L
C803A1,ZK-DWV,C206,CESSNA  206 Stationair,L1P,L
C804A1,ZK-EQZ,P28A,PIPER PA-28-140/150/160/180,L1P,L
C808A1,ZK-GNO,GLID,,L0-,-
C80AA1,ZK-BTU,PA18,PIPER PA-18 Super Cub,L1P,L
C80BA1,ZK-KCW,C77R,CESSNA 177RG Cardinal RG,L1P,L
C80DA1,ZK-HFK,AS50,AEROSPATIALE AS-350 Ecureuil,H1T,L
C810A1,ZK-ERO,C150,CESSNA 150,L1P,L
C814A1,ZK-PVB,AC90,NORTH AMERICAN ROCKWELL Turbo Commander 690/840,L2T,L
C816A1,ZK-WLM,L39,LET L-39 Albatros,L1J,L
C817A1,ZK-RMV,PNR3,ALPI Pioneer 330,L1P,L
C818A1,ZK-EZA,ULAC,,L0-,-
C81AA1,ZK-DMX,C185,CESSNA 185 Skywagon,L1P,L
C81BA1,ZK-CJZ,PNR3,ALPI Pioneer 330,L1P,L
C81CA1,ZK-MMC,ULAC,,L0-,-
C81DA1,ZK-ROK,C208,CESSNA 208 Caravan,L1T,L
C81EA1,ZK-HBF,B47G,BELL 47G,H1P,L
C821A1,ZK-FIN,COY2,RANS Coyote 2,L1P,L
C823A1,ZK-FSR,GA8,GIPPSAERO GA-8 Airvan,L1P,L
C824A1,ZK-IMY,AS50,AEROSPATIALE AS-350 Ecureuil,H1T,L
C827A1,ZK-VNZ,RV6,VANS RV-6,L1P,L
C828A1,ZK-DZH,T206,CESSNA T206 Turbo Stationair,L1P,L
C829A1,ZK-IOG,H500,HUGHES 500,H1T,L
C880A1,DQ-HUJ,AS50,AEROSPATIALE AS-350 Ecureuil,H1T,L
E400A1,2475,C130,LOCKHEED C-130 Hercules,L4T,M
E482A1,PR-MRF,B350,BEECHCRAFT Super King Air 350,L2T,M
E48BA1,PR-MJL,EC55,AIRBUS HELICOPTERS EC-155,H2T,L
E48FA1,PP-BBL,C56X,CESSNA 560XL Citation XLS,L2J,M
E490A1,PR-ZSN,RV10,VANS RV-10,L1P,L
E491A1,PT-XPC,A321,AIRBUS A-321,L2J,M
E495A1,PP-PFF,B505,BELL 505 JetRanger X,H1T,L
E498A1,PS-DPF,E75S,EMBRAER ERJ-170-200 (short wing),L2J,M
E499A1,PS-FBR,C208,CESSNA 208 Caravan,L1T,L
E49AA1,PR-VPL,BE9L,BEECH 90 King Air,L2T,L
E808A1,CC-AYS,B505,BELL 505 JetRanger X,H1T,L
E88FA1,ZP-BGG,BE58,BEECH 58 Baron,L2P,L
E8CFA1,301,DHC6,DE HAVILLAND DHC-6 Twin Otter,L2T,L
