0080A3,ZS-TAG,B733,BOEING 737-300,L2J,M
0085A3,ZS-CCW,C56X,CESSNA 560XL Citation XLS,L2J,M
0097A3,ZS-IYC,C182,CESSNA 182 Skylane,L1P,L
009BA3,ZS-KLM,E120,EMBRAER EMB-120 Brasilia,L2T,M
00ADA3,ZS-RGS,C441,CESSNA 441 Conquest,L2T,L
00BFA3,ZS-YBY,DH8D,DE HAVILLAND DHC-8-400 Dash 8,L2T,M
00F1A3,ZU-MAR,RV10,VANS RV-10,L1P,L
0100A3,SU-GCF,A332,AIRBUS A-330-200,L2J,H
0101A3,SU-BTA,C295,CASA C-295 Persuader,L2T,M
0180A3,5A-BRD,A320,AIRBUS A-320,L2J,M
0200A3,CN-AMO,C27J,ALENIA C-27J Spartan,L2T,M
02A1A3,TS-IND,A320,AIRBUS A-320,L2J,M
05A0A3,8Q-TAL,DHC6,DE HAVILLAND DHC-6 Twin Otter,L2T,L
06A0A3,A7-MED,A319,AIRBUS A-319,L2J,M
0800A3,5H-MWA,C206,CESSNA  206 Stationair,L1P,L
0900A3,D2-EWY,B190,BEECH 1900,L2T,M
0A80A3,C6-BFY,B737,BOEING 737-700,L2J,M
0AC1A3,FAC5759,BE9L,BEECH 90 King Air,L2T,L
0AC7A3,EJC2156,H60,SIKORSKY UH-60 Black Hawk,H2T,M
0AC9A3,HK-5023G,C172,CESSNA 172 Skyhawk,L1P,L
0D04A3,XA-GJC,C650,CESSNA 650 Citation,L2J,M
0D08A3,XA-FMX,G280,GULFSTREAM G280,L2J,M
0D09A3,XA-VLQ,A320,AIRBUS A-320,L2J,M
0D0BA3,XA-VIR,A20N,AIRBUS A-320neo,L2J,M
0D0CA3,XB-OXV,SBR1,NORTH AMERICAN Sabre 40/50/60/65,L2J,M
1406A3,RA-01699,A139,AGUSTA AW-139,H2T,L
142FA3,12195,AN12,ANTONOV An-12,L4T,M
151DA3,RA-73123,B738,BOEING 737-800,L2J,M
154CA3,RA-85155,T154,TUPOLEV Tu-154,L3J,M
1557A3,RA-87971,YK40,YAKOVLEV Yak-40,L3J,M
3005A3,I-STAF,C182,CESSNA 182 Skylane,L1P,L
3006A3,I-PITU,P28T,PIPER PA-28RT-201,L1P,L
3007A3,I-PROS,C150,CESSNA 150,L1P,L
31DEA3,I-3480,CRER,RANS Courier,L1P,L
33FDA3,MM55216,M346,AERMACCHI M-346 Master,L2J,M
33FEA3,MM81685,A109,AGUSTA AW-109 Grand,H2T,L
3826A3,F-BJVD,CP30,PIEL Emeraude,L1P,L
3829A3,F-BKND,WA40,WASSMER WA-40 Super 4,L1P,L
3846A3,F-BRVD,DR30,CENTRE EST Prince,L1P,L
3851A3,F-BUND,RALL,SOCATA Rallye,L1P,L
3904A3,F-GBFD,C150,CESSNA 150,L1P,L
392DA3,F-GLND,B190,BEECH 1900,L2T,M
392EA3,F-GLVD,DR40,ROBIN DR-400,L1P,L
393AA3,F-GOVD,DR40,ROBIN DR-400,L1P,L
3946A3,F-GRVD,BALL,,B0-,-
394AA3,F-GSVD,D140,JODEL D-140 Mousquetaire,L1P,L
3952A3,F-GUVD,DA40,DIAMOND DA-40 Club Star,L1P,L
3964A3,F-GZFD,BALL,,B0-,-
3965A3,F-GZND,B77W,BOEING 777-300ER,L2J,H
3982A3,F-HAVD,JS41,BRITISH AEROSPACE Jetstream 41,L2T,M
3985A3,F-HBND,A320,AIRBUS A-320,L2J,M
3986A3,F-HBVD,EC20,AIRBUS HELICOPTERS EC-120,H1T,L
398DA3,F-HDND,FOUG,AEROSPATIALE CM-170 Magister,L2J,L
398EA3,F-HDVD,ST75,STEARMAN Kaydet,L1P,L
3991A3,F-HEND,C510,CESSNA 510 Citation Mustang,L2J,L
39A1A3,F-HIND,C182,CESSNA 182 Skylane,L1P,L
39B9A3,F-HOND,HDJT,HONDA HondaJet,L2J,L
39CEA3,F-HTVD,B738,BOEING 737-800,L2J,M
3AABA3,1451,PUMA,AEROSPATIALE SA-330 Puma,H2T,L
3B7BA3,F-ZBPH,EC45,AIRBUS HELICOPTERS EC-145,H2T,L
3C0CA3,D-ATUK,B738,BOEING 737-800,L2J,M
3C44A3,D-AAEC,A333,AIRBUS A-330-300,L2J,H
3C48A3,D-ABEC,B733,BOEING 737-300,L2J,M
3C4AA3,D-ABUC,B763,BOEING 767-300,L2J,H
3C55A3,D-AEMC,E190,EMBRAER ERJ-190-100,L2J,M
3C56A3,D-AEUC,A321,AIRBUS A-321,L2J,M
3C64A3,D-AIEC,A21N,AIRBUS A-321neo,L2J,M
3C65A3,D-AIMC,A388,AIRBUS A-380-800,L4J,H
3C66A3,D-AIUC,A320,AIRBUS A-320,L2J,M
3C70A3,D-ALEC,B752,BOEING 757-200,L2J,M
3D05A3,D-EAJR,DR40,ROBIN DR-400,L1P,L
3D0AA3,D-ECGX,C150,CESSNA 150,L1P,L
3D0CA3,D-EDAP,C150,CESSNA 150,L1P,L
3D0DA3,D-EDKL,RV6,VANS RV-6,L1P,L
3D0EA3,D-EDUH,ELST,PUTZER Elster,L1P,L
3D0FA3,D-EEED,Z26,ZLIN Z-26/126/226/326/526/626/726,L1P,L
3D10A3,D-EENZ,P28A,PIPER PA-28-140/150/160/180,L1P,L
3D13A3,D-EFRN,RALL,SOCATA Rallye,L1P,L
3D15A3,D-EGLF,C82R,CESSNA R182 Skylane RG,L1P,L
3D1AA3,D-EIIL,HR20,ROBIN HR-200,L1P,L
3D22A3,D-ELJF,SIRA,TECNAM P-2002 Sierra,L1P,L
3D23A3,D-ELTB,C182,CESSNA 182 Skylane,L1P,L
3D25A3,D-EMMT,C172,CESSNA 172 Skyhawk,L1P,L
3D27A3,D-ENGL,RV7,VANS RV-7,L1P,L
3D29A3,D-EOAD,DO27,DORNIER Do-27,L1P,L
3D30A3,D-EQRB,C172,CESSNA 172 Skyhawk,L1P,L
3D32A3,D-ERKT,C172,CESSNA 172 Skyhawk,L1P,L
3D38A3,D-ETRV,RV7,VANS RV-7,L1P,L
3D3FA3,D-EWIT,C172,CESSNA 172 Skyhawk,L1P,L
3D41A3,D-EXCL,C182,CESSNA 182 Skylane,L1P,L
3D48A3,D-EZTJ,AUS6,AUSTER AOP6,L1P,L
3D9FA3,D-GGRZ,PA34,PIPER PA-34 Seneca,L2P,L
3DE5A3,D-HHFF,AS55,AEROSPATIALE AS-355 Ecureuil 2,H2T,L
3DF1A3,D-HLTJ,EC55,AIRBUS HELICOPTERS EC-155,H2T,L
3E24A3,D-IFBN,BN2P,BRITTEN-NORMAN BN-2 Islander,L2P,L
3E44A3,D-IREP,BE20,BEECH 200 Super King Air,L2T,M
3E45A3,D-IROL,D228,DORNIER 228,L2T,L
3E5CA3,D-KAGX,SF25,SCHEIBE SF-25 Falke,L1P,L
3E60A3,D-KBUH,SF25,SCHEIBE SF-25 Falke,L1P,L
3E67A3,D-KELF,GLID,,L0-,-
3E69A3,D-KFEX,GLID,,L0-,-
3E6CA3,D-KGIL,GLID,,L0-,-
3E71A3,D-KIFR,TFUN,VALENTIN Taifun,L1P,L
3E77A3,D-KKMT,VENT,SCHEMPP-HIRTH Ventus,L1P,L
3E7FA3,D-KNNN,GLID,,L0-,-
3ECEA3,D-KTFF,AS31,SCHLEICHER ASH-31,L1P,L
3EE2A3,D-0524,GLID,,L0-,-
3EF0A3,D-4108,DUOD,SCHEMPP-HIRTH Duo Discus,L1P,L
3EFDA3,D-7436,GLID,,L0-,-
3F00A3,D-8204,GLID,,L0-,-
3F26A3,D-OANR,BALL,,B0-,-
3F2EA3,D-ODOL,BALL,,B0-,-
3F30A3,D-OEID,BALL,,B0-,-
3FBAA3,60+03,P3,LOCKHEED P-3 Orion,L4T,M
3FD3A3,D-OROT,BALL,,B0-,-
3FD6A3,D-OSSH,BALL,,B0-,-
3FEAA3,D-MVYY,EFOX,AEROPRO Eurofox,L1P,L
3FECA3,D-MMGW,FDCT,FLIGHT DESIGN CT,L1P,L
3FF0A3,D-MOAF,ECHO,TECNAM P-92 Echo,L1P,L
3FF1A3,D-MLJN,ECHO,TECNAM P-92 Echo,L1P,L
3FF3A3,D-MDTF,MT,ROTORSPORT MTOSport,G1P,L
3FF6A3,D-MRCB,FDCT,FLIGHT DESIGN CT,L1P,L
400BA3,G-BSGT,T210,CESSNA T210 Turbo Centurion,L1P,L
400DA3,G-ODHB,R44,ROBINSON R-44 Raven,H1P,L
400EA3,G-BYXF,G115,GROB G-115,L1P,L
4014A3,G-ANTE,DH82,DE HAVILLAND DH-82 Tiger Moth,L1P,L
4016A3,G-ATWJ,C172,CESSNA 172 Skyhawk,L1P,L
4019A3,G-AZXD,C172,CESSNA 172 Skyhawk,L1P,L
401AA3,G-BBBY,P28A,PIPER PA-28-140/150/160/180,L1P,L
401DA3,G-BGIY,C172,CESSNA 172 Skyhawk,L1P,L
401FA3,G-BJGY,C172,CESSNA 172 Skyhawk,L1P,L
4021A3,G-EDEN,TOBA,SOCATA Tobago,L1P,L
4026A3,G-IPSI,G109,GROB G-109,L1P,L
4028A3,G-MTGJ,ULAC,,L0-,-
402BA3,G-BOTH,C182,CESSNA 182 Skylane,L1P,L
402CA3,G-LENN,BALL,,B0-,-
402DA3,G-SACR,P28A,PIPER PA-28-140/150/160/180,L1P,L
402EA3,G-BRBA,P28A,PIPER PA-28-140/150/160/180,L1P,L
4032A3,G-BSVM,P28A,PIPER PA-28-140/150/160/180,L1P,L
4033A3,G-BTES,C150,CESSNA 150,L1P,L
4034A3,G-BTRT,P28R,PIPER PA-28R-180/200/201,L1P,L
4039A3,G-WHOG,ULAC,,L0-,-
403EA3,G-BXMX,ULAC,,L0-,-
4042A3,G-BYTW,BALL,,B0-,-
4045A3,G-HENT,RALL,SOCATA Rallye,L1P,L
4047A3,G-CBRK,BALL,,B0-,-
4048A3,G-KWAK,SF25,SCHEIBE SF-25 Falke,L1P,L
404AA3,G-RAFS,ULAC,,L0-,-
404CA3,G-VORN,EV97,EVEKTRO EV-97 EuroStar,L1P,L
404EA3,G-IICX,VENT,SCHEMPP-HIRTH Ventus,L1P,L
404FA3,G-CDZA,PNR3,ALPI Pioneer 330,L1P,L
4050A3,G-CEFM,C152,CESSNA 152,L1P,L
4052A3,G-CHWH,VENT,SCHEMPP-HIRTH Ventus,L1P,L
4054A3,G-MBBJ,ULAC,,L0-,-
4059A3,G-CGEE,GLID,,L0-,-
405AA3,G-MYZH,ULAC,,L0-,-
405FA3,G-GRYN,CDUS,AUTOGYRO Calidus,G1P,L
4061A3,G-POWD,B763,BOEING 767-300,L2J,H
4063A3,G-CGOK,ULAC,,L0-,-
4065A3,G-ROOO,JAB4,JABIRU J200-450,L1P,L
4066A3,G-KBWP,ARCP,SCHEMPP-HIRTH Arcus M,L1P,L
4068A3,G-LFEZ,LK17,SPORTINE AVIACIJA LAK-17AT,L1P,L
4069A3,G-CHWJ,G2CA,GUIMBAL G-2 Cabri,H1P,L
406AA3,G-KFVG,ARCP,SCHEMPP-HIRTH Arcus M,L1P,L
406CA3,G-POWK,A320,AIRBUS A-320,L2J,M
406DA3,G-CIMD,PNR4,ALPI Pioneer 400,L1P,L
406EA3,G-CLAA,B744,BOEING 747-400,L4J,H
406FA3,G-FICH,G2CA,GUIMBAL G-2 Cabri,H1P,L
4070A3,G-ANBZ,DH82,DE HAVILLAND DH-82 Tiger Moth,L1P,L
4073A3,G-CKHO,FDCT,FLIGHT DESIGN CT,L1P,L
4074A3,G-CKTM,PTS1,PITTS S-1 Special,L1P,L
4076A3,G-LAVN,G2CA,GUIMBAL G-2 Cabri,H1P,L
4077A3,G-SIIO,VENT,SCHEMPP-HIRTH Ventus,L1P,L
4078A3,G-POLV,P68,PARTENAVIA P-68 Observer,L2P,L
407BA3,G-XGAB,NG5,BRM AERO NG-5/6 Bristell,L1P,L
407CA3,G-BWPR,BN2T,BRITTEN-NORMAN BN-2T Turbine Islander,L2T,L
407DA3,G-SKNC,GYRO,,G0-,-
4245A3,VQ-BTJ,B738,BOEING 737-800,L2J,M
4247A3,VP-CYE,A319,AIRBUS A-319,L2J,M
4248A3,VP-CKT,B773,BOEING 777-300,L2J,H
4249A3,VQ-BGC,SF34,SAAB 340,L2T,M
43C1A3,ZA373,TOR,PANAVIA Tornado,L2J,M
43C2A3,XW237,PUMA,AEROSPATIALE SA-330 Puma,H2T,L
43C6A3,ZK312,EUFI,EUROFIGHTER 2000,L2J,M
43C7A3,ZK426,EUFI,EUROFIGHTER 2000,L2J,M
43EAA3,M-GAGA,GLF6,GULFSTREAM G650,L2J,M
43EBA3,2-MMTT,B721,BOEING 727-100,L3J,M
43ECA3,2-ACSB,A319,AIRBUS A-319,L2J,M
43EEA3,2-RIDE,TBM7,SOCATA TBM-700A/B/C,L1T,L
4401A3,OE-LDR,GLEX,BOMBARDIER BD-700 Global 6000/6500,L2J,M
4402A3,OE-LXE,A320,AIRBUS A-320,L2J,M
4403A3,OE-XDF,EC30,AIRBUS HELICOPTERS EC-130,H1T,L
4404A3,OE-9189,SF25,SCHEIBE SF-25 Falke,L1P,L
4405A3,OE-IAR,B734,BOEING 737-400,L2J,M
4406A3,OE-IEO,GLEX,BOMBARDIER BD-700 Global 6000/6500,L2J,M
4408A3,OE-CFE,C152,CESSNA 152,L1P,L
4409A3,OE-XDE,AS50,AEROSPATIALE AS-350 Ecureuil,H1T,L
440AA3,OE-XCC,EXPL,MCDONNELL-DOUGLAS MD-900 Explorer,H2T,L
4480A3,OO-163,HN70,NICOLLIER Menestrel 2,L1P,L
44A9A3,OO-JMC,P28A,PIPER PA-28-140/150/160/180,L1P,L
44B2A3,OO-LUC,PTS2,PITTS S-2 Special,L1P,L
44B5A3,OO-MMC,EC20,AIRBUS HELICOPTERS EC-120,H1T,L
44B9A3,OO-NMC,GLID,,L0-,-
44C9A3,OO-RMC,BE33,BEECH 33 Bonanza,L1P,L
44D1A3,OO-TMC,C152,CESSNA 152,L1P,L
44D9A3,OO-VMC,P28A,PIPER PA-28-140/150/160/180,L1P,L
44E4A3,OO-YEC,GLID,,L0-,-
44F1A3,FA-133,F16,GENERAL DYNAMICS F-16 Fighting Falcon,L1J,M
44F6A3,RN-04,NH90,NHI NH-90,H2T,M
458EA3,OY-CUC,PTS2,PITTS S-2 Special,L1P,L
459CA3,OY-GEC,GALX,GULFSTREAM G200,L2J,M
45A8A3,OY-JEC,P28A,PIPER PA-28-140/150/160/180,L1P,L
4614A3,OH-HVF,AS32,AEROSPATIALE AS-332 Super Puma,H2T,M
461FA3,OH-LZN,A321,AIRBUS A-321,L2J,M
4620A3,OH-MJJ,M20P,MOONEY M-20,L1P,L
46B8A3,SX-NEC,A20N,AIRBUS A-320neo,L2J,M
46D0A3,SX-TEC,A20N,AIRBUS A-320neo,L2J,M
4712A3,HA-HBN,EC35,AIRBUS HELICOPTERS EC-135/635,H2T,L
471FA3,HA-LZN,A21N,AIRBUS A-321neo,L2J,M
473FA3,HA-YCP,PA34,PIPER PA-34 Seneca,L2P,L
4780A3,LN-ODA,EC20,AIRBUS HELICOPTERS EC-120,H1T,L
4784A3,LN-ACP,C10T,CESSNA P210 Turbine,L1T,L
4787A3,LN-PER,C207,CESSNA 207 Turbo Stationair,L1P,L
47C5A3,LN-YYA,WT9,AEROSPOOL WT-9 Dynamic,L1P,L
4844A3,P4-AAI,A321,AIRBUS A-321,L2J,M
4845A3,PH-USH,DV20,DIAMOND DA-20,L1P,L
4848A3,PH-1284,GLID,,L0-,-
4849A3,PH-1220,GLID,,L0-,-
484BA3,PH-1305,DG50,DG FLUGZEUGBAU DG-500M,L1P,L
484CA3,PH-HMG,BALL,,B0-,-
484DA3,PH-403,GLID,,L0-,-
484EA3,PH-962,GLID,,L0-,-
484FA3,PH-ARI,CRUZ,CSA PS-28 Cruiser,L1P,L
4851A3,PH-1HD,ZZZZ,,-0-,-
4853A3,PH-1NG,ZZZZ,,-0-,-
4855A3,PH-CJM,C680,CESSNA 680 Citation Sovereign,L2J,M
4856A3,PH-2TI,ZZZZ,,-0-,-
485DA3,PH-KFB,DA42,DIAMOND DA-42 Guardian,L2P,L
4860A3,PH-4U4,TL20,TL ULTRALIGHT TL-2000 Sting,L1P,L
4880A3,SP0095,DIMO,DIAMOND H-36 Dimona,L1P,L
48ACA3,SP-LFD,P208,TECNAM P-2008,L1P,L
48ADA3,SP-LND,E195,EMBRAER ERJ-190-200,L2J,M
48C2A3,SP-RZD,B38M,BOEING 737 MAX 8,L2J,M
48C6A3,SP-SZD,R44,ROBINSON R-44 Raven,H1P,L
48D5A3,SP-ZND,P208,TECNAM P-2008,L1P,L
48D8A3,4075,F16,GENERAL DYNAMICS F-16 Fighting Falcon,L1J,M
48FEA3,SP-SKZD,SVNH,AEROTEC Savannah,L1P,L
4952A3,CS-TUC,A339,AIRBUS A-330-900,L2J,H
4956A3,CS-UUC,ULAC,,L0-,-
497CA3,16703,C295,CASA C-295 Persuader,L2T,M
4984A3,0834,MI8,MIL Mi-8/9/17/19/171/172,H2T,M
49C1A3,OK-WUA42,ULAC,,L0-,-
49D0A3,OK-LET,RF6,FOURNIER RF-6,L1P,L
49D1A3,OK-CRO,P46T,PIPER PA-46-500TP,L1T,L
49D3A3,OK-DAS,CH7B,BELLANCA 7 Citabria,L1P,L
4A05A3,YR-AMC,B735,BOEING 737-500,L2J,M
4A09A3,YR-BMC,B738,BOEING 737-800,L2J,M
4A10A3,YR-DEC,AS50,AEROSPATIALE AS-350 Ecureuil,H1T,L
4A31A3,YR-LMC,KA26,KAMOV Ka-26,H2P,L
4A32A3,YR-LUC,C172,CESSNA 172 Skyhawk,L1P,L
4A68A3,YR-ZEC,Z42,ZLIN Z-42/142/242,L1P,L
4A9DA3,SE-GMC,C172,CESSNA 172 Skyhawk,L1P,L
4AB2A3,SE-LUC,SR20,CIRRUS SR-20,L1P,L
4AB5A3,SE-MMC,EVSS,EVEKTOR SportStar,L1P,L
4AC9A3,SE-RMC,CL30,BOMBARDIER BD-100 Challenger 300,L2J,M
4ACAA3,SE-RUC,A20N,AIRBUS A-320neo,L2J,M
4B05A3,HB-CDN,C172,CESSNA 172 Skyhawk,L1P,L
4B18A3,HB-JIP,F2TH,DASSAULT Falcon 2000,L2J,M
4B1BA3,HB-KMD,TWEN,TECNAM Twenty-Ten,L1P,L
4B21A3,HB-MTF,E300,EXTRA EA-300/330/350,L1P,L
4B26A3,HB-OQL,PA18,PIPER PA-18 Super Cub,L1P,L
4B28A3,HB-PKD,PA46,PIPER PA-46-310/350,L1P,L
4B2CA3,HB-QXN,BALL,,B0-,-
4B31A3,HB-SUT,GY20,CAB GY-20 Minicab,L1P,L
4B3CA3,HB-WZB,BREZ,AEROSTYLE Breezer,L1P,L
4B42A3,HB-ZGD,A139,AGUSTA AW-139,H2T,L
4B43A3,HB-ZPZ,B06,BELL 206 JetRanger,H1T,L
4B50A3,HB-3068,GLID,,L0-,-
4B7FA3,T-316,AS32,AEROSPATIALE AS-332 Super Puma,H2T,M
4B82A3,EM-7092,B429,BELL 429 GlobalRanger,H2T,L
4BA2A3,TC-HUC,B430,BELL 430,H2T,L
4BB2A3,TC-LUC,A21N,AIRBUS A-321neo,L2J,M
4BB8A3,TC-NEC,C72R,CESSNA 172R Cutlass RG,L1P,L
4BBCA3,TC-OEC,A321,AIRBUS A-321,L2J,M
4BBDA3,TC-OMC,DA42,DIAMOND DA-42 Guardian,L2P,L
4BC8A3,TC-REC,GLF4,GULFSTREAM 4,L2J,M
4BD5A3,TC-UMC,CLON,AUTOGYRO Cavalon,G1P,L
4BD6A3,TC-UUC,SLG2,AIRPLANE FACTORY Sling 2,L1P,L
4C01A3,YU-AND,B733,BOEING 737-300,L2J,M
4CA2A3,EI-DKG,A320,AIRBUS A-320,L2J,M
4CA6A3,EI-DYN,B738,BOEING 737-800,L2J,M
4CA8A3,EI-GCA,E195,EMBRAER ERJ-190-200,L2J,M
4CADA3,EI-IFT,B38M,BOEING 737 MAX 8,L2J,M
4CAFA3,EI-GFX,A332,AIRBUS A-330-200,L2J,H
4CC2A3,TF-FIN,B752,BOEING 757-200,L2J,M
4D02A3,LX-JFR,PC12,PILATUS PC-12,L1T,L
4D21A3,9H-IDB,E35L,EMBRAER EMB-135 Legacy,L2J,M
4D22A3,9H-CXB,B738,BOEING 737-800,L2J,M
4D23A3,9H-MLU,A320,AIRBUS A-320,L2J,M
5000A3,T7-AAA,GLEX,BOMBARDIER BD-700 Global 6000/6500,L2J,M
5001A3,T7-RCB,BE55,BEECH 55 Baron,L2P,L
5002A3,T7-HUA,GL5T,BOMBARDIER BD-700 Global 5000/5500,L2J,M
502CA3,YL-VAA,DA42,DIAMOND DA-42 Guardian,L2P,L
502FA3,103,MI8,MIL Mi-8/9/17/19/171/172,H2T,M
503CA3,LY-ARS,PA30,PIPER PA-30 Twin Comanche,L2P,L
503DA3,LY-COM,A320,AIRBUS A-320,L2J,M
505CA3,OM-TCE,ZZZZ,,-0-,-
505DA3,OM-CBS,SD4,TOMARK Viper,L1P,L
506CA3,S5-BBC,C56X,CESSNA 560XL Citation XLS,L2J,M
5080A3,UR-CIU,IL76,ILYUSHIN Il-76/82,L4J,H
5081A3,UR-CDL,MI8,MIL Mi-8/9/17/19/171/172,H2T,M
5083A3,UR-CQE,AN26,ANTONOV An-26,L2T,M
5084A3,UR-FCK,R66,ROBINSON R-66,H1T,L
7020A3,S2-AKL,AT76,ATR-72-600,L2T,M
70C0A3,A4O-HE,EC25,AIRBUS HELICOPTERS EC-225/725,H2T,M
7100A3,HZ-AEM,E170,EMBRAER ERJ-170-100,L2J,M
7102A3,8304,TOR,PANAVIA Tornado,L2J,M
7103A3,820,SR22,CIRRUS SR-22,L1P,L
7315A3,EP-EMC,E145,EMBRAER ERJ-145,L2J,M
7334A3,EP-MEC,A310,AIRBUS A-310,L2J,H
7335A3,EP-MMC,A343,AIRBUS A-340-300,L4J,H
7415A3,JY-EMC,E75S,EMBRAER ERJ-170-200 (short wing),L2J,M
7504A3,9M-ITS,B407,BELL 407,H1T,L
76CDA3,9V-SMC,A359,AIRBUS A-350-900,L2J,H
7800A3,B-5571,B738,BOEING 737-800,L2J,M
7801A3,B-HYI,A333,AIRBUS A-330-300,L2J,H
7802A3,B-2419,A321,AIRBUS A-321,L2J,M
7804A3,B-3120,E190,EMBRAER ERJ-190-100,L2J,M
7805A3,B-6586,A320,AIRBUS A-320,L2J,M
7806A3,B-3456,MA60,XIAN MA-60,L2T,M
7807A3,B-5279,B737,BOEING 737-700,L2J,M
7808A3,B-5662,B738,BOEING 737-800,L2J,M
7809A3,B-6967,A320,AIRBUS A-320,L2J,M
780AA3,B-LRC,A359,AIRBUS A-350-900,L2J,H
780BA3,B-2788,B788,BOEING 787-8 Dreamliner,L2J,H
780CA3,B-1863,A320,AIRBUS A-320,L2J,M
780DA3,B-8217,FA7X,DASSAULT Falcon 7X,L3J,M
780FA3,B-7866,B738,BOEING 737-800,L2J,M
7810A3,B-1567,B789,BOEING 787-9 Dreamliner,L2J,H
7811A3,B-1467,B789,BOEING 787-9 Dreamliner,L2J,H
7812A3,B-1021,A333,AIRBUS A-330-300,L2J,H
7813A3,B-1101,B738,BOEING 737-800,L2J,M
7815A3,B-204N,B738,BOEING 737-800,L2J,M
7816A3,B-20AK,B38M,BOEING 737 MAX 8,L2J,M
781BA3,B-12CD,DV20,DIAMOND DA-20,L1P,L
781DA3,B-329G,A20N,AIRBUS A-320neo,L2J,M
7A42A3,30079,AN12,ANTONOV An-12,L4T,M
7C06A3,VH-BLH,SLG4,AIRPLANE FACTORY Sling 4,L1P,L
7C0AA3,VH-CDX,C180,CESSNA  180 Skywagon,L1P,L
7C10A3,VH-DKL,C182,CESSNA 182 Skylane,L1P,L
7C11A3,VH-DRP,C310,CESSNA 310,L2P,L
7C17A3,VH-EYD,R44,ROBINSON R-44 Raven,H1P,L
7C1AA3,VH-FJP,AS50,AEROSPATIALE AS-350 Ecureuil,H1T,L
7C2AA3,VH-IPH,BE76,BEECH 76 Duchess,L2P,L
7C33A3,VH-KHH,R44,ROBINSON R-44 Raven,H1P,L
7C34A3,VH-KOL,A119,AGUSTA AW-119 Koala,H1T,L
7C35A3,VH-KVP,RV8,VANS RV-8,L1P,L
7C3EA3,VH-MNP,C150,CESSNA 150,L1P,L
7C47A3,VH-OFP,A21N,AIRBUS A-321neo,L2J,M
7C49A3,VH-OTX,AEST,AEROSTAR 600,L2P,L
7C4DA3,VH-PMD,A660,THRUSH S-2R Turbo 660,L1T,L
7C58A3,VH-RSL,UH1,BELL UH-1 Huey,H1T,L
7C62A3,VH-TRP,TB20,SOCATA TB-20 Trinidad,L1P,L
7C6AA3,VH-VCL,C182,CESSNA 182 Skylane,L1P,L
7C71A3,VH-WQD,GLID,,L0-,-
7C74A3,VH-XBP,C55B,CESSNA 550B Citation Bravo,L2J,L
7C76A3,VH-XPX,RV7,VANS RV-7,L1P,L
7C7AA3,VH-YID,B738,BOEING 737-800,L2J,M
7C7BA3,VH-YPH,DA40,DIAMOND DA-40 Club Star,L1P,L
7C7CA3,VH-YWL,R22,ROBINSON R-22 Mariner,H1P,L
7CC3A3,24-7734,AP22,AEROPRACT A-22,L1P,L
7CF9A3,N48-004,H60,SIKORSKY UH-60 Black Hawk,H2T,M
800DA3,VT-SXA,B738,BOEING 737-800,L2J,M
8013A3,VT-TNU,A20N,AIRBUS A-320neo,L2J,M
8014A3,VT-IMB,A21N,AIRBUS A-321neo,L2J,M
845EA3,JA119M,A139,AGUSTA AW-139,H2T,L
8632A3,JA66NH,AS65,AEROSPATIALE AS-365 Dauphin 2,H2T,L
868AA3,JA7659,B47G,BELL 47G,H1P,L
86CEA3,JA802X,B738,BOEING 737-800,L2J,M
8805A3,0169,B190,BEECH 1900,L2T,M
881BA3,H10-3/54,S92,SIKORSKY S-92 Helibus,H2T,M
882DA3,HS-KMC,B734,BOEING 737-400,L2J,M
8852A3,HS-TUC,A388,AIRBUS A-380-800,L4J,H
8880A3,VN-A395,A321,AIRBUS A-321,L2J,M
8881A3,VN-A592,A20N,AIRBUS A-320neo,L2J,M
8940A3,A9C-NC,A21N,AIRBUS A-321neo,L2J,M
8963A3,A6-EFS,B77L,BOEING 777-200LR,L2J,H
8964A3,A6-EQK,B77W,BOEING 777-300ER,L2J,H
8965A3,A6-CTP,SR22,CIRRUS SR-22,L1P,L
8980A3,P2-ANR,F70,FOKKER 70,L2J,M
8991A3,B-18215,B744,BOEING 747-400,L4J,H
8A02A3,PK-LHZ,B739,BOEING 737-900,L2J,M
8A06A3,PK-ROT,C172,CESSNA 172 Skyhawk,L1P,L
8A08A3,PK-RAW,D328,DORNIER 328,L2T,M
A001A3,N1SS,AEST,AEROSTAR 600,L2P,L
A002A3,N10CX,C206,CESSNA  206 Stationair,L1P,L
A003A3,N10PC,PA18,PIPER PA-18 Super Cub,L1P,L
A006A3,N100VV,BOLT,STEEN Skybolt,L1P,L
A008A3,N101CF,BALL,,B0-,-
A009A3,N101NM,P32R,PIPER PA-32R-300/301/301T,L1P,L
A00AA3,N101YT,P28B,PIPER PA-28-201T/235/236,L1P,L
A00CA3,N102FD,DRON,,D0-,-
A00FA3,N1028S,B407,BELL 407,H1T,L
A013A3,N104AU,ULAC,,L0-,-
A014A3,N104M,,,,
A017A3,N105DS,,,,
A01AA3,N1057Q,C82S,CESSNA T182 Turbo Skylane,L1P,L
A01DA3,N1062G,BALL,,B0-,-
A020A3,N107VU,EC30,AIRBUS HELICOPTERS EC-130,H1T,L
A021A3,N1074K,L8,LUSCOMBE 8,L1P,L
A026A3,N109FC,PA31,PIPER PA-31-300/310/325/350/425,L2P,L
A027A3,N109RJ,RV9,VANS RV-9,L1P,L
A029A3,N1098R,SR22,CIRRUS SR-22,L1P,L
A02AA3,N11JA,C340,CESSNA 340 Super,L2P,L
A02BA3,N11UG,M7,MAULE M-7,L1P,L
A030A3,N111HK,C82T,CESSNA TR182 Turbo Skylane RG,L1P,L
A033A3,N112AB,RV12,VANS RV-12,L1P,L
A035A3,N112WP,PARA,,P0-,-
A036A3,N11245,WACF,WACO F,L1P,L
A037A3,N113D,BE35,BEECH 35 Starfire Bonanza,L1P,L
A038A3,N113PF,C72R,CESSNA 172R Cutlass RG,L1P,L
A03AA3,N11368,C177,CESSNA  177 Cardinal,L1P,L
A03CA3,N114SD,AC11,NORTH AMERICAN ROCKWELL Commander 112/114,L1P,L
A03EA3,N1149A,PA18,PIPER PA-18 Super Cub,L1P,L
A03FA3,N115JW,AC11,NORTH AMERICAN ROCKWELL Commander 112/114,L1P,L
A041A3,N11533,C150,CESSNA 150,L1P,L
A047A3,N117QS,GL5T,BOMBARDIER BD-700 Global 5000/5500,L2J,M
A048A3,N1170Y,C150,CESSNA 150,L1P,L
A049A3,N11779,C150,CESSNA 150,L1P,L
A04CA3,N11821,C150,CESSNA 150,L1P,L
A050A3,N11944,C150,CESSNA 150,L1P,L
A05CA3,N122RM,BE58,BEECH 58 Baron,L2P,L
A05DA3,N1221H,AR15,AERONCA 15 Sedan,L1P,L
A05EA3,N1228U,C172,CESSNA 172 Skyhawk,L1P,L
A060A3,N123UK,M20P,MOONEY M-20,L1P,L
A062A3,N124AW,BE95,BEECH 95 Travel Air,L2P,L
A066A3,N125DU,BCS1,AIRBUS A220-100,L2J,M
A069A3,N1257S,C182,CESSNA 182 Skylane,L1P,L
A06AA3,N126GS,PA12,PIPER PA-12 Super Cruiser,L1P,L
A06CA3,N1262J,AC11,NORTH AMERICAN ROCKWELL Commander 112/114,L1P,L
A06EA3,N127KQ,K100,DAHER Kodiak 100,L1T,L
A070A3,N1274M,C182,CESSNA 182 Skylane,L1P,L
A071A3,N128CG,C172,CESSNA 172 Skyhawk,L1P,L
A075A3,N129FE,B763,BOEING 767-300,L2J,H
A079A3,N13JC,BE18,BEECH 18 Expetitor,L2P,L
A07BA3,N130EP,TB30,SOCATA TB-30 Epsilon,L1P,L
A07DA3,N13001,DRON,,D0-,-
A07EA3,N1308B,PA23,PIPER PA-23,L2P,L
A081A3,N13124,E45X,EMBRAER ERJ-145XR,L2J,M
A086A3,N133DB,M20P,MOONEY M-20,L1P,L
A087A3,N133PH,EC30,AIRBUS HELICOPTERS EC-130,H1T,L
A089A3,N1337,ZZZZ,,-0-,-
A08AA3,N134G,,,,
A08BA3,N134SF,P28A,PIPER PA-28-140/150/160/180,L1P,L
A08CA3,N13412,WACC,WACO C/S,L1P,L
A094A3,N13658,C172,CESSNA 172 Skyhawk,L1P,L
A097A3,N13700,,,,
A098A3,N1378A,PA18,PIPER PA-18 Super Cub,L1P,L
A09CA3,N139AC,BL8,BELLANCA 8 Decathlon,L1P,L
A09DA3,N139LJ,CL60,BOMBARDIER CL-600 Challenger,L2J,M
A09FA3,N13946,C172,CESSNA 172 Skyhawk,L1P,L
A0A0A3,N14DA,BE95,BEECH 95 Travel Air,L2P,L
A0A1A3,N14PG,S22T,CIRRUS SR-22T Turbo,L1P,L
A0A6A3,N141CK,BALL,,B0-,-
A0A9A3,N1416T,P28A,PIPER PA-28-140/150/160/180,L1P,L
A0ACA3,N1421K,C82S,CESSNA T182 Turbo Skylane,L1P,L
A0B2A3,N144MD,LNC4,LANCAIR 4,L1P,L
A0B7A3,N1450H,AR15,AERONCA 15 Sedan,L1P,L
A0BAA3,N146T,PA18,PIPER PA-18 Super Cub,L1P,L
A0BBA3,N1462L,BE23,BEECH 23 Sundowner,L1P,L
A0BFA3,N1474P,PA23,PIPER PA-23,L2P,L
A0C3A3,N1486S,C182,CESSNA 182 Skylane,L1P,L
A0C4A3,N149FG,LNC4,LANCAIR 4,L1P,L
A0C7A3,N1498V,C172,CESSNA 172 Skyhawk,L1P,L
A0C8A3,N15JE,PA23,PIPER PA-23,L2P,L
A0CCA3,N15003,P28A,PIPER PA-28-140/150/160/180,L1P,L
A0CEA3,N151HP,B06,BELL 206 JetRanger,H1T,L
A0D0A3,N15126,PA32,PIPER PA-32,L1P,L
A0D1A3,N152AF,SW4,SWEARINGEN Metro,L2T,M
A0D4A3,N15249,WACF,WACO F,L1P,L
A0D5A3,N153DD,ULAC,,L0-,-
A0D8A3,N1537B,GLID,,L0-,-
A0DAA3,N154SH,R22,ROBINSON R-22 Mariner,H1P,L
A0DBA3,N15414,P28A,PIPER PA-28-140/150/160/180,L1P,L
A0DCA3,N1549E,F900,DASSAULT Falcon 900,L3J,M
A0DDA3,N155K,BALL,,B0-,-
A0DFA3,N15537,P28B,PIPER PA-28-201T/235/236,L1P,L
A0E7A3,N1578C,C180,CESSNA  180 Skywagon,L1P,L
A0EAA3,N15825,P28A,PIPER PA-28-140/150/160/180,L1P,L
A0EBA3,N159AE,C172,CESSNA 172 Skyhawk,L1P,L
A0EFA3,N16DC,,,,
A0F3A3,N160WA,SW4,SWEARINGEN Metro,L2T,M
A0F5A3,N161CM,R44,ROBINSON R-44 Raven,H1P,L
A0FAA3,N162RR,M20P,MOONEY M-20,L1P,L
A0FBA3,N1621M,PC12,PILATUS PC-12,L1T,L
A0FEA3,N163UP,A306,AIRBUS A-300-600,L2J,H
A103A3,N1645T,,,,
A116A3,N1698X,C210,CESSNA 201 Centurion,L1P,L
A11CA3,N1708F,C172,CESSNA 172 Skyhawk,L1P,L
A11EA3,N171TX,S22T,CIRRUS SR-22T Turbo,L1P,L
A11FA3,N17128,B752,BOEING 757-200,L2J,M
A122A3,N172WV,C172,CESSNA 172 Skyhawk,L1P,L
A125A3,N173PM,GX,REMOS GX,L1P,L
A129A3,N174SK,S22T,CIRRUS SR-22T Turbo,L1P,L
A12AA3,N17416,PTS1,PITTS S-1 Special,L1P,L
A12CA3,N175KB,C402,CESSNA 402 Businessliner,L2P,L
A135A3,N17704,BE36,BEECH 36 Bonanza,L1P,L
A139A3,N17827,BE35,BEECH 35 Starfire Bonanza,L1P,L
A13DA3,N1795,,,,
A13EA3,N18DE,,,,
A142A3,N180WC,RV7,VANS RV-7,L1P,L
A144A3,N181CP,C182,CESSNA 182 Skylane,L1P,L
A149A3,N182RT,C82R,CESSNA R182 Skylane RG,L1P,L
A14BA3,N18280,BE58,BEECH 58 Baron,L2P,L
A150A3,N184MH,PTS1,PITTS S-1 Special,L1P,L
A152A3,N1845V,C172,CESSNA 172 Skyhawk,L1P,L
A153A3,N185E,C185,CESSNA 185 Skywagon,L1P,L
A155A3,N1850M,LJ45,LEARJET 45,L2J,M
A156A3,N1857Y,C172,CESSNA 172 Skyhawk,L1P,L
A159A3,N1862Q,C77R,CESSNA 177RG Cardinal RG,L1P,L
A15CA3,N187WB,,,,
A161A3,N1886W,BE36,BEECH 36 Bonanza,L1P,L
A164A3,N1891N,C120,CESSNA 120,L1P,L
A165A3,N1898Z,C210,CESSNA 201 Centurion,L1P,L
A166A3,N19JJ,PTS1,PITTS S-1 Special,L1P,L
A16AA3,N19007,RV4,VANS RV-4,L1P,L
A16BA3,N1908H,P32R,PIPER PA-32R-300/301/301T,L1P,L
A173A3,N193DH,GLAS,Glasair,L1P,L
A174A3,N193PP,C25A,CESSNA 525A Citation CJ2,L2J,L
A176A3,N1937F,C172,CESSNA 172 Skyhawk,L1P,L
A178A3,N194SM,C208,CESSNA 208 Caravan,L1T,L
A181A3,N1966D,BE35,BEECH 35 Starfire Bonanza,L1P,L
A183A3,N197R,BE36,BEECH 36 Bonanza,L1P,L
A184A3,N19706,C172,CESSNA 172 Skyhawk,L1P,L
A185A3,N1978G,F900,DASSAULT Falcon 900,L3J,M
A188A3,N19829,TAYA,TAYLORCRAFT A,L1P,L
A18BA3,N199WW,GLAS,Glasair,L1P,L
A18CA3,N1995B,C82T,CESSNA TR182 Turbo Skylane RG,L1P,L
A18DA3,N2DG,P28A,PIPER PA-28-140/150/160/180,L1P,L
A18EA3,N2PN,PA31,PIPER PA-31-300/310/325/350/425,L2P,L
A191A3,N20WE,C441,CESSNA 441 Conquest,L2T,L
A192A3,N200GK,P28R,PIPER PA-28R-180/200/201,L1P,L
A196A3,N201KH,M20P,MOONEY M-20,L1P,L
A197A3,N201VP,M20P,MOONEY M-20,L1P,L
A198A3,N2014E,C172,CESSNA 172 Skyhawk,L1P,L
A199A3,N202C,S108,STINSON 108 Voyager,L1P,L
A19CA3,N2026H,ERCO,AIR PRODUCTS F-1 Aircoupe,L1P,L
A19EA3,N203RD,BE9L,BEECH 90 King Air,L2T,L
A19FA3,N2031,,,,
A1A0A3,N2038L,,,,
A1A1A3,N204HW,RV6,VANS RV-6,L1P,L
A1A3A3,N2043C,H269,HUGHES Sky Knight,H1P,L
A1A8A3,N206DL,B06,BELL 206 JetRanger,H1T,L
A1A9A3,N206PS,CRJ2,BOMBARDIER Regional Jet CRJ-200,L2J,M
A1ABA3,N2067J,T6,NORTH AMERICAN T-6 Texan,L1P,L
A1AFA3,N2079M,P28R,PIPER PA-28R-180/200/201,L1P,L
A1B0A3,N208KG,C208,CESSNA 208 Caravan,L1T,L
A1B2A3,N2084D,VELO,Velocity,L1P,L
A1B7A3,N21EX,E300,EXTRA EA-300/330/350,L1P,L
A1B8A3,N21RC,BE35,BEECH 35 Starfire Bonanza,L1P,L
A1B9A3,N210BH,T210,CESSNA T210 Turbo Centurion,L1P,L
A1BAA3,N210MP,T210,CESSNA T210 Turbo Centurion,L1P,L
A1BFA3,N2110T,P28R,PIPER PA-28R-180/200/201,L1P,L
A1C0A3,N21174,C182,CESSNA 182 Skylane,L1P,L
A1C4A3,N21297,C182,CESSNA 182 Skylane,L1P,L
A1C5A3,N213LB,COL3,CESSNA 350 Corvalis,L1P,L
A1C7A3,N2134Z,C180,CESSNA  180 Skywagon,L1P,L
A1C9A3,N214P,BE9L,BEECH 90 King Air,L2T,L
A1CBA3,N21462,C182,CESSNA 182 Skylane,L1P,L
A1CFA3,N21585,C172,CESSNA 172 Skyhawk,L1P,L
A1D0A3,N216JQ,E75L,EMBRAER ERJ-170-200 (long wing),L2J,M
A1D3A3,N217BG,G103,GROB G-103 Twin 3SL,L1P,L
A1D7A3,N218EE,GLF2,GULFSTREAM 2,L2J,M
A1D9A3,N2180S,C182,CESSNA 182 Skylane,L1P,L
A1DAA3,N21873,P32R,PIPER PA-32R-300/301/301T,L1P,L
A1DEA3,N21996,L8,LUSCOMBE 8,L1P,L
A1E1A3,N220GM,PA34,PIPER PA-34 Seneca,L2P,L
A1E3A3,N2202D,,,,
A1E5A3,N221KK,P28B,PIPER PA-28-201T/235/236,L1P,L
A1E6A3,N221VR,BE33,BEECH 33 Bonanza,L1P,L
A1E7A3,N2214G,C182,CESSNA 182 Skylane,L1P,L
A1E8A3,N222CB,BE35,BEECH 35 Starfire Bonanza,L1P,L
A1E9A3,N222NH,DV20,DIAMOND DA-20,L1P,L
A1EAA3,N222YP,A5,ICON A-5,A1P,L
A1EBA3,N2226K,GYRO,,G0-,-
A1EDA3,N223RF,,,,
A1F2A3,N2243E,C172,CESSNA 172 Skyhawk,L1P,L
A1F6A3,N2255H,T206,CESSNA T206 Turbo Stationair,L1P,L
A1F9A3,N2260,M7,MAULE M-7,L1P,L
A1FAA3,N2267L,SS2T,TRUSH Turbo Thrush 500/550,L1T,L
A1FCA3,N227SS,T206,CESSNA T206 Turbo Stationair,L1P,L
A1FDA3,N2272C,C172,CESSNA 172 Skyhawk,L1P,L
A201A3,N2284F,PARA,,P0-,-
A203A3,N229NG,PC12,PILATUS PC-12,L1T,L
A205A3,N2296J,M18,PZL-MIELEC M-18 Dromader,L1P,L
A206A3,N23EZ,RV3,VANS RV-3,L1P,L
A20BA3,N23053,L8,LUSCOMBE 8,L1P,L
A20DA3,N231QP,M20P,MOONEY M-20,L1P,L
A211A3,N232TM,SONX,SONEX AIRCRAFT Sonex,L1P,L
A212A3,N2322Y,C172,CESSNA 172 Skyhawk,L1P,L
A213A3,N23299,C150,CESSNA 150,L1P,L
A214A3,N233LD,FDCT,FLIGHT DESIGN CT,L1P,L
A217A3,N234CW,SR22,CIRRUS SR-22,L1P,L
A218A3,N234PB,FOX,KITFOX,L1P,L
A21AA3,N23464,J3,PIPER J-3 Cub,L1P,L
A21DA3,N2351W,BE23,BEECH 23 Sundowner,L1P,L
A21FA3,N236JS,BE9T,BEECH F90 King Air,L2T,L
A221A3,N2363Z,BE23,BEECH 23 Sundowner,L1P,L
A225A3,N23752,BE36,BEECH 36 Bonanza,L1P,L
A22CA3,N2392X,C182,CESSNA 182 Skylane,L1P,L
A237A3,N242CD,SA30,STOLP Starduster Too,L1P,L
A23DA3,N2431D,C170,CESSNA 170,L1P,L
A242A3,N245AS,S22T,CIRRUS SR-22T Turbo,L1P,L
A245A3,N2455K,L8,LUSCOMBE 8,L1P,L
A247A3,N246PW,C150,CESSNA 150,L1P,L
A248A3,N2460B,,,,
A24AA3,N247GN,BE95,BEECH 95 Travel Air,L2P,L
A24CA3,N2472E,CH7A,BELLANCA 7 Champion,L1P,L
A250A3,N2484H,ULAC,,L0-,-
A251A3,N249CC,C208,CESSNA 208 Caravan,L1T,L
A254A3,N2496L,C172,CESSNA 172 Skyhawk,L1P,L
A255A3,N25FA,PA34,PIPER PA-34 Seneca,L2P,L
A256A3,N25RG,BLKS,AIRCRAFT SPRUCE Baby Lakes,L1P,L
A258A3,N250MT,SREY,PROGRESSIVE AERODYNE SeaRey,A1P,L
A25AA3,N25055,P28B,PIPER PA-28-201T/235/236,L1P,L
A25DA3,N2510X,PA32,PIPER PA-32,L1P,L
A25EA3,N25178,L8,LUSCOMBE 8,L1P,L
A262A3,N253A,PA23,PIPER PA-23,L2P,L
A263A3,N253LF,AS50,AEROSPATIALE AS-350 Ecureuil,H1T,L
A264A3,N253WM,P28A,PIPER PA-28-140/150/160/180,L1P,L
A267A3,N254PD,RV4,VANS RV-4,L1P,L
A269A3,N25466,BE36,BEECH 36 Bonanza,L1P,L
A26BA3,N255SB,S22T,CIRRUS SR-22T Turbo,L1P,L
A26CA3,N2551Y,ULAC,,L0-,-
A26FA3,N256V,FA10,DASSAULT Falcon 100,L2J,M
A270A3,N25631,BE95,BEECH 95 Travel Air,L2P,L
A274A3,N25754,C152,CESSNA 152,L1P,L
A277A3,N2580W,M20P,MOONEY M-20,L1P,L
A27EA3,N26WL,BE58,BEECH 58 Baron,L2P,L
A27FA3,N260GR,PTS2,PITTS S-2 Special,L1P,L
A281A3,N2602H,ERCO,AIR PRODUCTS F-1 Aircoupe,L1P,L
A285A3,N2614L,C402,CESSNA 402 Businessliner,L2P,L
A286A3,N262CF,RV6,VANS RV-6,L1P,L
A289A3,N2626P,PA22,PIPER PA-22,L1P,L
A28CA3,N2631F,C182,CESSNA 182 Skylane,L1P,L
A292A3,N265M,WACO,WACO E/O,L1P,L
A294A3,N2655M,PA12,PIPER PA-12 Super Cruiser,L1P,L
A295A3,N266DS,DA40,DIAMOND DA-40 Club Star,L1P,L
A29AA3,N267SW,PTS2,PITTS S-2 Special,L1P,L
A29BA3,N2672G,C182,CESSNA 182 Skylane,L1P,L
A29FA3,N2684K,C180,CESSNA  180 Skywagon,L1P,L
A2A0A3,N269CE,,,,
A2A4A3,N27FC,C182,CESSNA 182 Skylane,L1P,L
A2AAA3,N271EM,L159,AERO L-159 Albatros 2,L1J,M
A2ACA3,N2710Z,GLID,,L0-,-
A2B0A3,N27222,,,,
A2B1A3,N273AB,,,,
A2B2A3,N273LH,SM19,SIAI-MARCHETTI SM-1019,L1T,L
A2B5A3,N274D,Z26,ZLIN Z-26/126/226/326/526/626/726,L1P,L
A2B8A3,N27468,TAYB,TAYLORCRAFT BC/BF/BL,L1P,L
A2BBA3,N27510,TAYB,TAYLORCRAFT BC/BF/BL,L1P,L
A2BCA3,N2759A,CH7A,BELLANCA 7 Champion,L1P,L
A2CBA3,N28AA,DC3,DOUGLAS DC-3 Dakota,L2P,M
A2CCA3,N28LG,B06,BELL 206 JetRanger,H1T,L
A2D0A3,N2802K,C180,CESSNA  180 Skywagon,L1P,L
A2D4A3,N2814N,C120,CESSNA 120,L1P,L
A2D5A3,N282CH,EC35,AIRBUS HELICOPTERS EC-135/635,H2T,L
A2DBA3,N2831H,ERCO,AIR PRODUCTS F-1 Aircoupe,L1P,L
A2DCA3,N2838U,C172,CESSNA 172 Skyhawk,L1P,L
A2DDA3,N284JD,,,,
A2E5A3,N286Q,EN28,ENSTROM F-28,H1P,L
A2E6A3,N2860F,C182,CESSNA 182 Skylane,L1P,L
A2E7A3,N2867S,C150,CESSNA 150,L1P,L
A2E9A3,N287SY,E75L,EMBRAER ERJ-170-200 (long wing),L2J,M
A2EEA3,N2884M,PA32,PIPER PA-32,L1P,L
A2F2A3,N2896Q,C172,CESSNA 172 Skyhawk,L1P,L
A2F3A3,N29FE,PA18,PIPER PA-18 Super Cub,L1P,L
A2F5A3,N290BR,B738,BOEING 737-800,L2J,M
A2F6A3,N290MX,FA50,DASSAULT Falcon 50,L3J,M
A2F8A3,N29059,T206,CESSNA T206 Turbo Stationair,L1P,L
A2FCA3,N2918B,P28R,PIPER PA-28R-180/200/201,L1P,L
A2FEA3,N292TT,PA18,PIPER PA-18 Super Cub,L1P,L
A2FFA3,N29224,T206,CESSNA T206 Turbo Stationair,L1P,L
A305A3,N294PH,PARA,,P0-,-
A307A3,N2947,PA24,PIPER PA-24 Comanche,L1P,L
A30AA3,N29512,C177,CESSNA  177 Cardinal,L1P,L
A318A3,N299TS,CL30,BOMBARDIER BD-100 Challenger 300,L2J,M
A319A3,N29923,WACF,WACO F,L1P,L
A31AA3,N3AC,PTS1,PITTS S-1 Special,L1P,L
A31CA3,N3WQ,,,,
A31EA3,N30TA,PA11,PIPER PA-11 Cub Special,L1P,L
A31FA3,N300DF,C182,CESSNA 182 Skylane,L1P,L
A320A3,N300PM,C310,CESSNA 310,L2P,L
A321A3,N300ZT,C25C,CESSNA 525C Citation CJ4,L2J,M
A322A3,N3007D,BALL,,B0-,-
A325A3,N30116,C177,CESSNA  177 Cardinal,L1P,L
A329A3,N30239,C177,CESSNA  177 Cardinal,L1P,L
A32BA3,N303N,BE36,BEECH 36 Bonanza,L1P,L
A330A3,N30404,C177,CESSNA  177 Cardinal,L1P,L
A331A3,N3048E,C172,CESSNA 172 Skyhawk,L1P,L
A334A3,N30527,C177,CESSNA  177 Cardinal,L1P,L
A343A3,N30938,C177,CESSNA  177 Cardinal,L1P,L
A344A3,N31BT,PA22,PIPER PA-22,L1P,L
A345A3,N31MZ,RV9,VANS RV-9,L1P,L
A347A3,N310JK,P46T,PIPER PA-46-500TP,L1T,L
A34AA3,N311BB,PA23,PIPER PA-23,L2P,L
A34BA3,N311MH,B06,BELL 206 JetRanger,H1T,L
A34DA3,N3115V,C150,CESSNA 150,L1P,L
A34EA3,N312E,RV12,VANS RV-12,L1P,L
A350A3,N3120M,BE33,BEECH 33 Bonanza,L1P,L
A353A3,N313TD,RV7,VANS RV-7,L1P,L
A354A3,N3132Q,C182,CESSNA 182 Skylane,L1P,L
A356A3,N314KW,,,,
A358A3,N3144T,C177,CESSNA  177 Cardinal,L1P,L
A35EA3,N316RS,BE30,BEECH 300 Super King Air,L2T,L
A35FA3,N3161N,C120,CESSNA 120,L1P,L
A363A3,N3173R,P28R,PIPER PA-28R-180/200/201,L1P,L
A365A3,N318MG,AS50,AEROSPATIALE AS-350 Ecureuil,H1T,L
A36BA3,N3197X,C150,CESSNA 150,L1P,L
A36DA3,N32TC,P46T,PIPER PA-46-500TP,L1T,L
A36EA3,N320DH,TAIL,WITTMAN Tailwind,L1P,L
A36FA3,N320PP,C320,CESSNA 320 Skyknight,L2P,L
A373A3,N321SM,C25B,CESSNA 525B Citation CJ3,L2J,L
A378A3,N3224A,C170,CESSNA 170,L1P,L
A379A3,N323BW,SAKO,RANS S-10 Sakota,L1P,L
A37AA3,N323NB,A319,AIRBUS A-319,L2J,M
A37CA3,N3236D,C180,CESSNA  180 Skywagon,L1P,L
A381A3,N325HS,C510,CESSNA 510 Citation Mustang,L2J,L
A384A3,N326AJ,BE20,BEECH 200 Super King Air,L2T,M
A388A3,N327DG,RV8,VANS RV-8,L1P,L
A38BA3,N3277E,AR11,AERONCA 11 Chief,L1P,L
A38EA3,N32817,P28A,PIPER PA-28-140/150/160/180,L1P,L
A393A3,N33BV,FA10,DASSAULT Falcon 100,L2J,M
A394A3,N33NA,ST75,STEARMAN Kaydet,L1P,L
A395A3,N33YG,EVOP,LANCAIR Evolution Piston,L1P,L
A398A3,N3303U,A319,AIRBUS A-319,L2J,M
A39AA3,N331MK,P28A,PIPER PA-28-140/150/160/180,L1P,L
A39CA3,N3315X,C310,CESSNA 310,L2P,L
A3A1A3,N333H,G2T1,GREAT LAKES 2T-1,L1P,L
A3A2A3,N333TF,BE33,BEECH 33 Bonanza,L1P,L
A3A3A3,N3332S,C185,CESSNA 185 Skywagon,L1P,L
A3A6A3,N334WD,C206,CESSNA  206 Stationair,L1P,L
A3A9A3,N335NW,A320,AIRBUS A-320,L2J,M
A3ABA3,N3356Y,B350,BEECHCRAFT Super King Air 350,L2T,M
A3ADA3,N336RU,B38M,BOEING 737 MAX 8,L2J,M
A3B0A3,N337JL,C337,CESSNA 337 Super Skymaster,L2P,L
A3B1A3,N337US,,,,
A3B3A3,N338BC,CTAH,RAINBOW SKYREACH Cheetah,L1P,L
A3B6A3,N3385W,PA32,PIPER PA-32,L1P,L
A3B9A3,N3390N,J3,PIPER J-3 Cub,L1P,L
A3BCA3,N34TE,T34P,BEECH T-34 Mentor,L1P,L
A3BEA3,N340PR,C340,CESSNA 340 Super,L2P,L
A3C2A3,N341SP,C172,CESSNA 172 Skyhawk,L1P,L
A3C7A3,N3424C,C177,CESSNA  177 Cardinal,L1P,L
A3CBA3,N3436F,C177,CESSNA  177 Cardinal,L1P,L
A3CDA3,N344RB,C172,CESSNA 172 Skyhawk,L1P,L
A3D1A3,N345U,BE36,BEECH 36 Bonanza,L1P,L
A3DBA3,N348GG,PA31,PIPER PA-31-300/310/325/350/425,L2P,L
A3DDA3,N34819,CP65,PORTERFIELD CP-65 Collegiate,L1P,L
A3DEA3,N3489K,P28A,PIPER PA-28-140/150/160/180,L1P,L
A3E1A3,N3494B,PA23,PIPER PA-23,L2P,L
A3E3A3,N35NC,RV8,VANS RV-8,L1P,L
A3E8A3,N351BF,C525,CESSNA 525 CitationJet,L2J,L
A3E9A3,N351MM,AS50,AEROSPATIALE AS-350 Ecureuil,H1T,L
A3F1A3,N353TH,,,,
A3F5A3,N354WF,RV7,VANS RV-7,L1P,L
A3F6A3,N3544X,RV4,VANS RV-4,L1P,L
A3F7A3,N355CS,AS55,AEROSPATIALE AS-355 Ecureuil 2,H2T,L
A3FAA3,N35560,C172,CESSNA 172 Skyhawk,L1P,L
A3FDA3,N3561S,C172,CESSNA 172 Skyhawk,L1P,L
A3FEA3,N35683,C172,CESSNA 172 Skyhawk,L1P,L
A401A3,N3573V,C172,CESSNA 172 Skyhawk,L1P,L
A405A3,N3585Y,C182,CESSNA 182 Skylane,L1P,L
A40AA3,N36HA,F2TH,DASSAULT Falcon 2000,L2J,M
A40BA3,N36TG,BE9L,BEECH 90 King Air,L2T,L
A40DA3,N360PT,CJ6,NANCHANG CJ-6,L1P,L
A413A3,N3619N,M20P,MOONEY M-20,L1P,L
A417A3,N363C,S108,STINSON 108 Voyager,L1P,L
A41AA3,N3636H,M20P,MOONEY M-20,L1P,L
A41DA3,N3641,,,,
A41EA3,N3648L,C172,CESSNA 172 Skyhawk,L1P,L
A421A3,N3653C,C180,CESSNA  180 Skywagon,L1P,L
A424A3,N366X,M5,MAULE M-5,L1P,L
A425A3,N3665F,T6,NORTH AMERICAN T-6 Texan,L1P,L
A42DA3,N3689M,PA12,PIPER PA-12 Super Cruiser,L1P,L
A42EA3,N369KG,M7,MAULE M-7,L1P,L
A430A3,N3694D,BE60,BEECH 60 Duke,L2P,L
A431A3,N37BZ,VEZE,RUTAN VariEze,L1P,L
A436A3,N3703Y,C210,CESSNA 201 Centurion,L1P,L
A438A3,N371MP,R44,ROBINSON R-44 Raven,H1P,L
A43DA3,N3720T,P28R,PIPER PA-28R-180/200/201,L1P,L
A43EA3,N37274,B738,BOEING 737-800,L2J,M
A43FA3,N373HD,AT5T,AIR TRACTOR AT-504,L1T,L
A442A3,N37397,S1,INTERSTATE S-1 Cadet,L1P,L
A443A3,N374LB,BALL,,B0-,-
A445A3,N3744Z,PA18,PIPER PA-18 Super Cub,L1P,L
A447A3,N375P,,,,
A44DA3,N37685,,,,
A450A3,N3773X,VO10,NORTH AMERICAN ROCKWELL Commander 100,L1P,L
A451A3,N378BG,BE30,BEECH 300 Super King Air,L2T,L
A454A3,N37850,,,,
A45AA3,N38TJ,EVOP,LANCAIR Evolution Piston,L1P,L
A45DA3,N3800A,GLID,,L0-,-
A45EA3,N3807M,PA12,PIPER PA-12 Super Cruiser,L1P,L
A462A3,N3819Q,C172,CESSNA 172 Skyhawk,L1P,L
A465A3,N3824G,TBM7,SOCATA TBM-700A/B/C,L1T,L
A466A3,N383CB,BALL,,B0-,-
A469A3,N3836K,P28A,PIPER PA-28-140/150/160/180,L1P,L
A46AA3,N384F,FOX,KITFOX,L1P,L
A46DA3,N3848N,BE36,BEECH 36 Bonanza,L1P,L
A470A3,N3853E,CH7A,BELLANCA 7 Champion,L1P,L
A475A3,N387DN,A321,AIRBUS A-321,L2J,M
A478A3,N3877L,UH12,HILLER UH-12,H1P,L
A47CA3,N3889P,PA18,PIPER PA-18 Super Cub,L1P,L
A47FA3,N3894F,P28A,PIPER PA-28-140/150/160/180,L1P,L
A480A3,N39CA,PA31,PIPER PA-31-300/310/325/350/425,L2P,L
A481A3,N39NG,P46T,PIPER PA-46-500TP,L1T,L
A484A3,N390UZ,PA32,PIPER PA-32,L1P,L
A485A3,N39030,AA1,AMERICAN AA-1,L1P,L
A489A3,N39153,TAYB,TAYLORCRAFT BC/BF/BL,L1P,L
A49AA3,N396S,,,,
A4A6A3,N3990U,P28A,PIPER PA-28-140/150/160/180,L1P,L
A4A7A3,N39975,TAYB,TAYLORCRAFT BC/BF/BL,L1P,L
A4A8A3,N4HE,BE58,BEECH 58 Baron,L2P,L
A4A9A3,N4TL,C560,CESSNA 560 Citation Ultra,L2J,M
A4AAA3,N40DR,RV4,VANS RV-4,L1P,L
A4ABA3,N40PX,M7,MAULE M-7,L1P,L
A4ACA3,N400AB,BL8,BELLANCA 8 Decathlon,L1P,L
A4ADA3,N400LH,J3,PIPER J-3 Cub,L1P,L
A4AFA3,N40045,P28A,PIPER PA-28-140/150/160/180,L1P,L
A4B0A3,N401D,C185,CESSNA 185 Skywagon,L1P,L
A4B1A3,N401PF,COL4,CESSNA 400 Corvalis TT,L1P,L
A4B6A3,N40210,PARA,,P0-,-
A4B7A3,N4029A,GLID,,L0-,-
A4BAA3,N40333,M4,MAULE M-4,L1P,L
A4BBA3,N404BN,C210,CESSNA 201 Centurion,L1P,L
A4C0A3,N405QS,GLF4,GULFSTREAM 4,L2J,M
A4C2A3,N40579,PA18,PIPER PA-18 Super Cub,L1P,L
A4C8A3,N407WN,B737,BOEING 737-700,L2J,M
A4CDA3,N40867,J5,PIPER J-5 Cub Cruiser,L1P,L
A4CEA3,N409FX,E545,EMBRAER EMB545 Praetor 500,L2J,M
A4D0A3,N4091Z,PA18,PIPER PA-18 Super Cub,L1P,L
A4D5A3,N410RM,PA36,PIPER PA-36 Pawnee Brave,L1P,L
A4D8A3,N411JD,RV6,VANS RV-6,L1P,L
A4DBA3,N412AW,CRJ2,BOMBARDIER Regional Jet CRJ-200,L2J,M
A4DEA3,N4125P,PA23,PIPER PA-23,L2P,L
A4E2A3,N4137S,BE95,BEECH 95 Travel Air,L2P,L
A4E3A3,N414GS,C414,CESSNA 414 Chancellor,L2P,L
A4E6A3,N4149V,C170,CESSNA 170,L1P,L
A4E8A3,N415VW,BE95,BEECH 95 Travel Air,L2P,L
A4E9A3,N4154M,PA12,PIPER PA-12 Super Cruiser,L1P,L
A4EDA3,N4166Q,C310,CESSNA 310,L2P,L
A4F2A3,N418JC,SR22,CIRRUS SR-22,L1P,L
A4F4A3,N4183K,NAVI,NORTH AMERICAN Navion,L1P,L
A4F5A3,N419AV,CRJ2,BOMBARDIER Regional Jet CRJ-200,L2J,M
A4F9A3,N42DT,SR22,CIRRUS SR-22,L1P,L
A4FAA3,N42PZ,RV7,VANS RV-7,L1P,L
A4FCA3,N420LK,RV10,VANS RV-10,L1P,L
A500A3,N421PH,B407,BELL 407,H1T,L
A505A3,N42212,C172,CESSNA 172 Skyhawk,L1P,L
A509A3,N42335,C182,CESSNA 182 Skylane,L1P,L
A50DA3,N42458,J3,PIPER J-3 Cub,L1P,L
A510A3,N42500,J3,PIPER J-3 Cub,L1P,L
A512A3,N426HL,C172,CESSNA 172 Skyhawk,L1P,L
A514A3,N42623,C182,CESSNA 182 Skylane,L1P,L
A515A3,N427AC,CH7B,BELLANCA 7 Citabria,L1P,L
A516A3,N427LJ,SR20,CIRRUS SR-20,L1P,L
A519A3,N428DA,BALL,,B0-,-
A51CA3,N42869,J3,PIPER J-3 Cub,L1P,L
A51FA3,N42911,C182,CESSNA 182 Skylane,L1P,L
A520A3,N4299B,BE35,BEECH 35 Starfire Bonanza,L1P,L
A524A3,N430RP,C185,CESSNA 185 Skywagon,L1P,L
A529A3,N4313N,P32R,PIPER PA-32R-300/301/301T,L1P,L
A52DA3,N4325R,C172,CESSNA 172 Skyhawk,L1P,L
A530A3,N4330H,PA15,PIPER PA-15 Vagabond,L1P,L
A531A3,N4337U,C150,CESSNA 150,L1P,L
A533A3,N434T,BE50,BEECH 50 Excalibur,L2P,L
A534A3,N4342L,C172,CESSNA 172 Skyhawk,L1P,L
A535A3,N4349X,P28A,PIPER PA-28-140/150/160/180,L1P,L
A538A3,N4354P,PA23,PIPER PA-23,L2P,L
A53CA3,N4366S,YK18,YAKOVLEV Yak-18U,L1P,L
A53FA3,N4371J,AVID,AVID Flyer,L1P,L
A541A3,N438JE,COY2,RANS Coyote 2,L1P,L
A543A3,N4383M,P32R,PIPER PA-32R-300/301/301T,L1P,L
A545A3,N439MC,HUSK,CHRISTEN Husky,L1P,L
A548A3,N44DV,,,,
A549A3,N44QA,R44,ROBINSON R-44 Raven,H1P,L
A54AA3,N440AF,E550,EMBRAER EMB-550 Praetor 600,L2J,M
A54CA3,N440WT,PL4,PAZMANY PL-4,L1P,L
A54DA3,N44049,TAYB,TAYLORCRAFT BC/BF/BL,L1P,L
A54EA3,N441DD,C441,CESSNA 441 Conquest,L2T,L
A551A3,N4417B,TF21,TAYLORCRAFT F-21,L1P,L
A553A3,N442SH,R44,ROBINSON R-44 Raven,H1P,L
A554A3,N44214,PARA,,P0-,-
A555A3,N4429E,T210,CESSNA T210 Turbo Centurion,L1P,L
A556A3,N443K,NAVI,NORTH AMERICAN Navion,L1P,L
A559A3,N444BS,T210,CESSNA T210 Turbo Centurion,L1P,L
A55AA3,N444MY,SA10,STOLP SA-100 Starduster,L1P,L
A55CA3,N4446,COL4,CESSNA 400 Corvalis TT,L1P,L
A55FA3,N44502,P28A,PIPER PA-28-140/150/160/180,L1P,L
A560A3,N4458C,C195,CESSNA 195,L1P,L
A564A3,N447AE,B06,BELL 206 JetRanger,H1T,L
A567A3,N44748,CH7A,BELLANCA 7 Champion,L1P,L
A56FA3,N4499D,BE35,BEECH 35 Starfire Bonanza,L1P,L
A572A3,N450FK,GLF4,GULFSTREAM 4,L2J,M
A574A3,N4501M,AT5T,AIR TRACTOR AT-504,L1T,L
A575A3,N4508Y,AT3P,AIR TRACTOR AT-301/401,L1P,L
A576A3,N451JH,GOLF,TECNAM P-96 Golf,L1P,L
A577A3,N451UP,B752,BOEING 757-200,L2J,M
A578A3,N4513Q,PA32,PIPER PA-32,L1P,L
A579A3,N452B,,,,
A57CA3,N4525T,P208,TECNAM P-2008,L1P,L
A582A3,N454TB,B350,BEECHCRAFT Super King Air 350,L2T,M
A583A3,N4542N,AA5,AMERICAN AA-5 Tiger,L1P,L
A588A3,N456CL,LJ35,LEARJET 35,L2J,M
A58BA3,N4566U,C150,CESSNA 150,L1P,L
A596A3,N4595S,BE35,BEECH 35 Starfire Bonanza,L1P,L
A597A3,N46DX,GLID,,L0-,-
A59DA3,N461DF,BE20,BEECH 200 Super King Air,L2T,M
A59EA3,N461PM,PA12,PIPER PA-12 Super Cruiser,L1P,L
A5A3A3,N46216,TAYD,TAYLORCRAFT DC/DF/DL,L1P,L
A5A5A3,N463KB,BE58,BEECH 58 Baron,L2P,L
A5A9A3,N464N,TL20,TL ULTRALIGHT TL-2000 Sting,L1P,L
A5AFA3,N4658E,AR11,AERONCA 11 Chief,L1P,L
A5B2A3,N46627,GLID,,L0-,-
A5B7A3,N468DE,C337,CESSNA 337 Super Skymaster,L2P,L
A5BAA3,N4687C,C170,CESSNA 170,L1P,L
A5BEA3,N4699F,C206,CESSNA  206 Stationair,L1P,L
A5BFA3,N47KA,BE36,BEECH 36 Bonanza,L1P,L
A5C4A3,N47080,PT22,RYAN PT-22 Recruit,L1P,L
A5CBA3,N4725V,,,,
A5CEA3,N4730M,PA11,PIPER PA-11 Cub Special,L1P,L
A5D3A3,N47491,P28A,PIPER PA-28-140/150/160/180,L1P,L
A5DCA3,N477RS,C402,CESSNA 402 Businessliner,L2P,L
A5E1A3,N4783R,R44,ROBINSON R-44 Raven,H1P,L
A5E2A3,N479BA,BE36,BEECH 36 Bonanza,L1P,L
A5E5A3,N4795U,C180,CESSNA  180 Skywagon,L1P,L
A5E8A3,N480AK,G44,GRUMMAN G-44 Widgeon,A2P,L
A5E9A3,N480LR,EN48,ENSTROM TH-28,H1T,L
A5F2A3,N48218,AR6T,AERONCA 65 Tandem,L1P,L
A5F3A3,N4829J,BE35,BEECH 35 Starfire Bonanza,L1P,L
A5F6A3,N4834A,PA22,PIPER PA-22,L1P,L
A5F7A3,N484BW,BE9L,BEECH 90 King Air,L2T,L
A5FAA3,N4846D,C182,CESSNA 182 Skylane,L1P,L
A605A3,N4875B,C310,CESSNA 310,L2P,L
A60EA3,N49KC,BE20,BEECH 200 Super King Air,L2T,M
A611A3,N490RV,RV6,VANS RV-6,L1P,L
A616A3,N4913U,C210,CESSNA 201 Centurion,L1P,L
A618A3,N492MK,ULAC,,L0-,-
A61DA3,N4930P,PA23,PIPER PA-23,L2P,L
A61EA3,N49370,HUSK,CHRISTEN Husky,L1P,L
A629A3,N4966Y,PA25,PIPER PA-25 Pawnee,L1P,L
A631A3,N499BC,,,,
A634A3,N4995W,AC11,NORTH AMERICAN ROCKWELL Commander 112/114,L1P,L
A635A3,N5EA,T206,CESSNA T206 Turbo Stationair,L1P,L
A637A3,N50AM,C500,CESSNA 500 Citation 1,L2J,L
A638A3,N50LT,E300,EXTRA EA-300/330/350,L1P,L
A63AA3,N500HD,BE36,BEECH 36 Bonanza,L1P,L
A63CA3,N5002W,AT8T,AIR TRACTOR AT-802,L1T,M
A63DA3,N50097,C150,CESSNA 150,L1P,L
A63EA3,N501LB,BALL,,B0-,-
A63FA3,N501WH,EXEC,ROTORWAY Exec,H1P,L
A640A3,N5014Z,PA22,PIPER PA-22,L1P,L
A642A3,N502P,GA5C,GULFSTREAM G500,L2J,M
A644A3,N50262,C150,CESSNA 150,L1P,L
A64CA3,N505BG,C25A,CESSNA 525A Citation CJ2,L2J,L
A64DA3,N505MN,B505,BELL 505 JetRanger X,H1T,L
A64FA3,N50550,C150,CESSNA 150,L1P,L
A652A3,N5060S,ULAC,,L0-,-
A654A3,N507HC,,,,
A655A3,N507TJ,B429,BELL 429 GlobalRanger,H2T,L
A656A3,N5072V,,,,
A657A3,N50796,GLID,,L0-,-
A659A3,N508WG,C525,CESSNA 525 CitationJet,L2J,L
A65AA3,N5084Y,PARA,,P0-,-
A65BA3,N509CT,FDCT,FLIGHT DESIGN CT,L1P,L
A65EA3,N50961,C77R,CESSNA 177RG Cardinal RG,L1P,L
A65FA3,N51FR,C182,CESSNA 182 Skylane,L1P,L
A661A3,N510CB,BALL,,B0-,-
A665A3,N511F,BE95,BEECH 95 Travel Air,L2P,L
A666A3,N511RF,P28A,PIPER PA-28-140/150/160/180,L1P,L
A667A3,N5111B,PTSS,PITTS S-1-11 Super Stinker,L1P,L
A668A3,N5118N,ST75,STEARMAN Kaydet,L1P,L
A66FA3,N5135H,PA14,PIPER PA-14 Family Cruiser,L1P,L
A670A3,N514DN,A359,AIRBUS A-350-900,L2J,H
A672A3,N5140,NAVI,NORTH AMERICAN Navion,L1P,L
A673A3,N5147L,P28A,PIPER PA-28-140/150/160/180,L1P,L
A677A3,N5159P,LGEZ,RUTAN Long-EZ,L1P,L
A67AA3,N5164F,C82T,CESSNA TR182 Turbo Skylane RG,L1P,L
A67BA3,N517CA,C172,CESSNA 172 Skyhawk,L1P,L
A681A3,N5181A,C72R,CESSNA 172R Cutlass RG,L1P,L
A682A3,N5188M,TAYB,TAYLORCRAFT BC/BF/BL,L1P,L
A686A3,N52AP,E120,EMBRAER EMB-120 Brasilia,L2T,M
A687A3,N52LV,BE24,BEECH 24 Sierra,L1P,L
A68AA3,N520TM,BE40,BEECH 400 Beechjet,L2J,M
A68BA3,N5202Y,AS50,AEROSPATIALE AS-350 Ecureuil,H1T,L
A68DA3,N521LD,C172,CESSNA 172 Skyhawk,L1P,L
A690A3,N522CW,PA34,PIPER PA-34 Seneca,L2P,L
A695A3,N523S,AEA1,AMERICAN EAGLE A-101,L1P,L
A696A3,N5231W,P28A,PIPER PA-28-140/150/160/180,L1P,L
A698A3,N524JS,YK52,YAKOVLEV Yak-52,L1P,L
A6A7A3,N528LC,BE95,BEECH 95 Travel Air,L2P,L
A6A9A3,N52840,M20P,MOONEY M-20,L1P,L
A6ABA3,N529PA,M20P,MOONEY M-20,L1P,L
A6ADA3,N52963,C182,CESSNA 182 Skylane,L1P,L
A6AEA3,N53FT,,,,
A6B1A3,N530NK,A319,AIRBUS A-319,L2J,M
A6BBA3,N533AS,B738,BOEING 737-800,L2J,M
A6C0A3,N534PW,,,,
A6C5A3,N5352E,,,,
A6CAA3,N537CC,PA18,PIPER PA-18 Super Cub,L1P,L
A6D0A3,N5381C,C140,CESSNA 140,L1P,L
A6D1A3,N5388P,PA24,PIPER PA-24 Comanche,L1P,L
A6D4A3,N5393F,COY2,RANS Coyote 2,L1P,L
A6D5A3,N54AR,ULAC,,L0-,-
A6D6A3,N54LX,LNC4,LANCAIR 4,L1P,L
A6D8A3,N540HH,H500,HUGHES 500,H1T,L
A6D9A3,N540TP,P40,CURTISS P-40 Kittyhawk,L1P,L
A6E2A3,N54266,,,,
A6E4A3,N543SB,PA31,PIPER PA-31-300/310/325/350/425,L2P,L
A6E5A3,N5431Y,PA23,PIPER PA-23,L2P,L
A6E8A3,N544V,BE35,BEECH 35 Starfire Bonanza,L1P,L
A6EAA3,N545BL,C182,CESSNA 182 Skylane,L1P,L
A6EBA3,N545MS,GLSP,NEW GLASTAR Sportsman 2+2,L1P,L
A6F1A3,N54677,J5,PIPER J-5 Cub Cruiser,L1P,L
A6F4A3,N5472Z,PA22,PIPER PA-22,L1P,L
A6FDA3,N55FV,GLF5,GULFSTREAM 5,L2J,M
A6FEA3,N55SA,BE65,BEECH 65 Queen Air,L2P,L
A6FFA3,N550CF,C550,CESSNA 550 Citation S2,L2J,L
A700A3,N550NM,GLF5,GULFSTREAM 5,L2J,M
A705A3,N5511F,P28A,PIPER PA-28-140/150/160/180,L1P,L
A707A3,N552JB,A320,AIRBUS A-320,L2J,M
A70DA3,N5535M,VO10,NORTH AMERICAN ROCKWELL Commander 100,L1P,L
A70EA3,N554DS,DA40,DIAMOND DA-40 Club Star,L1P,L
A711A3,N5547Q,M20P,MOONEY M-20,L1P,L
A712A3,N555GQ,SR20,CIRRUS SR-20,L1P,L
A714A3,N5552G,TB20,SOCATA TB-20 Trinidad,L1P,L
A715A3,N5559T,C172,CESSNA 172 Skyhawk,L1P,L
A719A3,N557CE,BE58,BEECH 58 Baron,L2P,L
A71EA3,N558RJ,LJ55,LEARJET 55,L2J,M
A723A3,N5593H,PA20,PIPER PA-20 Pacer,L1P,L
A724A3,N56AT,,,,
A728A3,N560TR,DHC3,DE HAVILLAND DHC-3 Otter,L1P,L
A729A3,N56022,ST75,STEARMAN Kaydet,L1P,L
A72AA3,N561AB,LJ60,LEARJET 60,L2J,M
A72EA3,N562D,BE36,BEECH 36 Bonanza,L1P,L
A731A3,N56268,FA62,FAIRCHILD M-26 Cornell,L1P,L
A734A3,N56310,M5,MAULE M-5,L1P,L
A738A3,N56433,M20P,MOONEY M-20,L1P,L
A73EA3,N566QS,C56X,CESSNA 560XL Citation XLS,L2J,M
A73FA3,N5660Y,M7,MAULE M-7,L1P,L
A740A3,N56679,P28A,PIPER PA-28-140/150/160/180,L1P,L
A746A3,N568WN,B737,BOEING 737-700,L2J,M
A747A3,N56844,PA36,PIPER PA-36 Pawnee Brave,L1P,L
A74CA3,N57FX,PA11,PIPER PA-11 Cub Special,L1P,L
A74DA3,N57SC,E550,EMBRAER EMB-550 Praetor 600,L2J,M
A751A3,N5706R,C182,CESSNA 182 Skylane,L1P,L
A753A3,N571RM,BE20,BEECH 200 Super King Air,L2T,M
A754A3,N5711H,M20P,MOONEY M-20,L1P,L
A758A3,N5723L,AA1,AMERICAN AA-1,L1P,L
A75CA3,N5735P,M20P,MOONEY M-20,L1P,L
A75EA3,N574Q,PA11,PIPER PA-11 Cub Special,L1P,L
A75FA3,N5740F,P28A,PIPER PA-28-140/150/160/180,L1P,L
A760A3,N5747S,GLID,,L0-,-
A768A3,N577CG,SONX,SONEX AIRCRAFT Sonex,L1P,L
A769A3,N577NN,CRJ9,BOMBARDIER Regional Jet CRJ-900,L2J,M
A76CA3,N578FE,MD11,MCDONNELL-DOUGLAS MD-11,L3J,H
A76DA3,N578RL,H25B,HAWKER BEECHCRAFT Hawker 750/850,L2J,M
A76EA3,N5781G,C150,CESSNA 150,L1P,L
A772A3,N5793K,BE95,BEECH 95 Travel Air,L2P,L
A774A3,N58MA,T210,CESSNA T210 Turbo Centurion,L1P,L
A777A3,N580TT,GLAS,Glasair,L1P,L
A77DA3,N582DB,,,,
A77EA3,N582PH,,,,
A784A3,N5839C,BE35,BEECH 35 Starfire Bonanza,L1P,L
A78BA3,N58558,C182,CESSNA 182 Skylane,L1P,L
A793A3,N588AC,C550,CESSNA 550 Citation S2,L2J,L
A79AA3,N58969,ST75,STEARMAN Kaydet,L1P,L
A79CA3,N59SE,BL8,BELLANCA 8 Decathlon,L1P,L
A7A0A3,N5906T,C150,CESSNA 150,L1P,L
A7A4A3,N5918W,P28A,PIPER PA-28-140/150/160/180,L1P,L
A7ABA3,N5935R,C172,CESSNA 172 Skyhawk,L1P,L
A7B1A3,N595T,RV8,VANS RV-8,L1P,L
A7B2A3,N5952L,,,,
A7B3A3,N5959X,PA18,PIPER PA-18 Super Cub,L1P,L
A7B6A3,N5964P,PA24,PIPER PA-24 Comanche,L1P,L
A7C5A3,N60HP,HUSK,CHRISTEN Husky,L1P,L
A7C7A3,N600E,NAVI,NORTH AMERICAN Navion,L1P,L
A7C9A3,N6000M,BE18,BEECH 18 Expetitor,L2P,L
A7CCA3,N601TD,CH60,ZENAIR CH-600 Zodiac,L1P,L
A7CDA3,N6012Q,M20P,MOONEY M-20,L1P,L
A7CEA3,N60191,C150,CESSNA 150,L1P,L
A7CFA3,N602KW,B762,BOEING 767-200,L2J,H
A7D1A3,N6024T,C172,CESSNA 172 Skyhawk,L1P,L
A7D2A3,N603CN,F2TH,DASSAULT Falcon 2000,L2J,M
A7D5A3,N6036W,P28A,PIPER PA-28-140/150/160/180,L1P,L
A7D6A3,N604FL,P28A,PIPER PA-28-140/150/160/180,L1P,L
A7D8A3,N6041N,C185,CESSNA 185 Skywagon,L1P,L
A7D9A3,N6048Z,C172,CESSNA 172 Skyhawk,L1P,L
A7DAA3,N605JJ,B738,BOEING 737-800,L2J,M
A7DCA3,N6053R,C172,CESSNA 172 Skyhawk,L1P,L
A7DDA3,N606BA,,,,
A7DEA3,N606MG,DRON,,D0-,-
A7E3A3,N6070L,,,,
A7E4A3,N6077X,BE9L,BEECH 90 King Air,L2T,L
A7E7A3,N6082P,AT5T,AIR TRACTOR AT-504,L1T,L
A7E8A3,N60890,RELI,STINSON Reliant,L1P,L
A7EAA3,N609WA,CH60,ZENAIR CH-600 Zodiac,L1P,L
A7EBA3,N6094S,AS50,AEROSPATIALE AS-350 Ecureuil,H1T,L
A7ECA3,N61CM,C182,CESSNA 182 Skylane,L1P,L
A7F3A3,N611NB,B429,BELL 429 GlobalRanger,H2T,L
A7F7A3,N612R,C172,CESSNA 172 Skyhawk,L1P,L
A7F8A3,N61206,C150,CESSNA 150,L1P,L
A7FDA3,N614AJ,C550,CESSNA 550 Citation S2,L2J,L
A801A3,N615DG,DG1T,DG FLUGZEUGBAU DG-1001T,L1P,L
A804A3,N6157E,C172,CESSNA 172 Skyhawk,L1P,L
A807A3,N61617,RS12,RANS S-12 Super Airaile,L1P,L
A808A3,N6169H,ULAC,,L0-,-
A80BA3,N6174,RV12,VANS RV-12,L1P,L
A813A3,N6198F,C172,CESSNA 172 Skyhawk,L1P,L
A815A3,N62TX,O1,CESSNA 305/341 Bird Dog,L1P,L
A816A3,N620EB,RV10,VANS RV-10,L1P,L
A819A3,N62070,M5,MAULE M-5,L1P,L
A81AA3,N621H,RV4,VANS RV-4,L1P,L
A81FA3,N622WD,PTMS,PITTS S-12 Super Stinker,L1P,L
A820A3,N6224V,BE33,BEECH 33 Bonanza,L1P,L
A824A3,N6236Y,BE55,BEECH 55 Baron,L2P,L
A829A3,N625JL,C414,CESSNA 414 Chancellor,L2P,L
A82BA3,N6253T,RV14,VANS RV-14,L1P,L
A82CA3,N626BC,RV4,VANS RV-4,L1P,L
A82DA3,N626MJ,P28A,PIPER PA-28-140/150/160/180,L1P,L
A833A3,N6277Z,T206,CESSNA T206 Turbo Stationair,L1P,L
A837A3,N62892,B739,BOEING 737-900,L2J,M
A838A3,N629KX,DRON,,D0-,-
A839A3,N629WC,C182,CESSNA 182 Skylane,L1P,L
A83AA3,N6294U,M20P,MOONEY M-20,L1P,L
A840A3,N6304C,P28R,PIPER PA-28R-180/200/201,L1P,L
A842A3,N631ND,P28A,PIPER PA-28-140/150/160/180,L1P,L
A848A3,N6328J,P28A,PIPER PA-28-140/150/160/180,L1P,L
A84AA3,N633U,G164,GRUMMAN G-164 Ag-Cat,L1P,L
A84BA3,N6333A,C182,CESSNA 182 Skylane,L1P,L
A84FA3,N6345D,C82T,CESSNA TR182 Turbo Skylane RG,L1P,L
A856A3,N63619,C150,CESSNA 150,L1P,L
A85EA3,N6386E,C172,CESSNA 172 Skyhawk,L1P,L
A860A3,N639RA,HA4T,RAYTHEON 4000 Hawker Horizon,L2J,M
A861A3,N63907,PA18,PIPER PA-18 Super Cub,L1P,L
A862A3,N6398H,J3,PIPER J-3 Cub,L1P,L
A863A3,N64HT,R66,ROBINSON R-66,H1T,L
A864A3,N64TZ,P28A,PIPER PA-28-140/150/160/180,L1P,L
A865A3,N640ED,DRON,,D0-,-
A867A3,N6400R,P28A,PIPER PA-28-140/150/160/180,L1P,L
A86AA3,N641TH,C172,CESSNA 172 Skyhawk,L1P,L
A86DA3,N642L,R22,ROBINSON R-22 Mariner,H1P,L
A86FA3,N6424X,C180,CESSNA  180 Skywagon,L1P,L
A875A3,N644RW,E170,EMBRAER ERJ-170-100,L2J,M
A883A3,N648HA,UH1,BELL UH-1 Huey,H1T,L
A88AA3,N65CR,H500,HUGHES 500,H1T,L
A88BA3,N65NX,RV7,VANS RV-7,L1P,L
A88CA3,N65ZC,FOX,KITFOX,L1P,L
A88FA3,N6504E,C185,CESSNA 185 Skywagon,L1P,L
A890A3,N651C,AS50,AEROSPATIALE AS-350 Ecureuil,H1T,L
A893A3,N6516H,C152,CESSNA 152,L1P,L
A896A3,N6521,B47G,BELL 47G,H1P,L
A897A3,N6528L,AA1,AMERICAN AA-1,L1P,L
A89BA3,N654AN,LJ60,LEARJET 60,L2J,M
A89DA3,N654X,RV7,VANS RV-7,L1P,L
A89FA3,N655DL,B752,BOEING 757-200,L2J,M
A8A2A3,N6557J,P28A,PIPER PA-28-140/150/160/180,L1P,L
A8A9A3,N6574D,C172,CESSNA 172 Skyhawk,L1P,L
A8B0A3,N65909,C172,CESSNA 172 Skyhawk,L1P,L
A8B1A3,N6598K,G164,GRUMMAN G-164 Ag-Cat,L1P,L
A8B2A3,N66HV,R44,ROBINSON R-44 Raven,H1P,L
A8B6A3,N6600T,C172,CESSNA 172 Skyhawk,L1P,L
A8B8A3,N661HD,R66,ROBINSON R-66,H1T,L
A8BBA3,N66197,C150,CESSNA 150,L1P,L
A8C0A3,N663P,ONEX,SONEX Onex,L1P,L
A8D5A3,N66896,BE36,BEECH 36 Bonanza,L1P,L
A8D9A3,N67CT,PA46,PIPER PA-46-310/350,L1P,L
A8DEA3,N6704G,C150,CESSNA 150,L1P,L
A8DFA3,N671CB,DA62,DIAMOND DA-62,L2P,L
A8EBA3,N674LW,DRON,,D0-,-
A8EDA3,N6745H,J3,PIPER J-3 Cub,L1P,L
A8F5A3,N6769P,PA24,PIPER PA-24 Comanche,L1P,L
A8F9A3,N678CA,CRJ9,BOMBARDIER Regional Jet CRJ-900,L2J,M
A8FCA3,N6786J,P28A,PIPER PA-28-140/150/160/180,L1P,L
A909A3,N6812Y,RV12,VANS RV-12,L1P,L
A913A3,N684S,C207,CESSNA 207 Turbo Stationair,L1P,L
A914A3,N6841W,P28A,PIPER PA-28-140/150/160/180,L1P,L
A918A3,N6853Z,PA25,PIPER PA-25 Pawnee,L1P,L
A919A3,N686BJ,PA11,PIPER PA-11 Cub Special,L1P,L
A91FA3,N6870U,M20P,MOONEY M-20,L1P,L
A920A3,N68775,C152,CESSNA 152,L1P,L
A928A3,N69CV,TBM7,SOCATA TBM-700A/B/C,L1T,L
A929A3,N69PA,P28R,PIPER PA-28R-180/200/201,L1P,L
A92DA3,N6904J,P28A,PIPER PA-28-140/150/160/180,L1P,L
A92EA3,N691CD,SR20,CIRRUS SR-20,L1P,L
A92FA3,N691NK,A320,AIRBUS A-320,L2J,M
A935A3,N6928Q,BE23,BEECH 23 Sundowner,L1P,L
A936A3,N693J,JAB4,JABIRU J200-450,L1P,L
A938A3,N6933G,C150,CESSNA 150,L1P,L
A93FA3,N6950B,PA22,PIPER PA-22,L1P,L
A944A3,N6969R,M20P,MOONEY M-20,L1P,L
A947A3,N6974H,C172,CESSNA 172 Skyhawk,L1P,L
A94FA3,N6998P,PA24,PIPER PA-24 Comanche,L1P,L
A951A3,N7UE,M7,MAULE M-7,L1P,L
A954A3,N700AW,M7,MAULE M-7,L1P,L
A955A3,N700MB,LJ45,LEARJET 45,L2J,M
A95AA3,N7010F,P32R,PIPER PA-32R-300/301/301T,L1P,L
A95BA3,N7017S,C150,CESSNA 150,L1P,L
A95CA3,N702GS,TBM7,SOCATA TBM-700A/B/C,L1T,L
A95FA3,N7029V,M20P,MOONEY M-20,L1P,L
A963A3,N704CG,C150,CESSNA 150,L1P,L
A966A3,N7046Q,C182,CESSNA 182 Skylane,L1P,L
A969A3,N7051G,C172,CESSNA 172 Skyhawk,L1P,L
A96BA3,N706JC,FDCT,FLIGHT DESIGN CT,L1P,L
A96EA3,N707AV,TBM7,SOCATA TBM-700A/B/C,L1T,L
A971A3,N7075N,BE35,BEECH 35 Starfire Bonanza,L1P,L
A974A3,N7080E,C175,CESSNA 175 Skylark,L1P,L
A975A3,N7087R,P28A,PIPER PA-28-140/150/160/180,L1P,L
A97AA3,N71KP,UH1,BELL UH-1 Huey,H1T,L
A97BA3,N71VV,C25B,CESSNA 525B Citation CJ3,L2J,L
A97CA3,N710G,RV4,VANS RV-4,L1P,L
A97DA3,N710SF,S22T,CIRRUS SR-22T Turbo,L1P,L
A97EA3,N71012,J3,PIPER J-3 Cub,L1P,L
A97FA3,N7109C,R22,ROBINSON R-22 Mariner,H1P,L
A982A3,N71135,L8,LUSCOMBE 8,L1P,L
A986A3,N71258,C182,CESSNA 182 Skylane,L1P,L
A989A3,N71300,C182,CESSNA 182 Skylane,L1P,L
A98BA3,N714HL,C150,CESSNA 150,L1P,L
A98CA3,N714TS,LJ60,LEARJET 60,L2J,M
A98DA3,N71423,BALL,,B0-,-
A98EA3,N715AC,CH7B,BELLANCA 7 Citabria,L1P,L
A993A3,N716PG,,,,
A997A3,N717SE,MR35,MURPHY SR-3500 Super Rebel,L1P,L
A998A3,N71711,L8,LUSCOMBE 8,L1P,L
A999A3,N7179B,PA18,PIPER PA-18 Super Cub,L1P,L
A9A1A3,N72EM,AS29,SCHLEICHER ASG-29,L1P,L
A9A2A3,N72QT,CH7B,BELLANCA 7 Citabria,L1P,L
A9A7A3,N721DW,,,,
A9A9A3,N7210H,P28A,PIPER PA-28-140/150/160/180,L1P,L
A9ACA3,N722T,,,,
A9ADA3,N7222L,BE58,BEECH 58 Baron,L2P,L
A9AEA3,N7229X,BE33,BEECH 33 Bonanza,L1P,L
A9B1A3,N7234P,PA24,PIPER PA-24 Comanche,L1P,L
A9B8A3,N7251J,P28A,PIPER PA-28-140/150/160/180,L1P,L
A9BCA3,N7263M,C175,CESSNA 175 Skylark,L1P,L
A9C4A3,N7287T,C172,CESSNA 172 Skyhawk,L1P,L
A9C5A3,N729GT,BE30,BEECH 300 Super King Air,L2T,L
A9C8A3,N7299W,P28A,PIPER PA-28-140/150/160/180,L1P,L
A9CDA3,N73014,C140,CESSNA 140,L1P,L
A9CEA3,N7309E,C210,CESSNA 201 Centurion,L1P,L
A9D2A3,N732BS,T210,CESSNA T210 Turbo Centurion,L1P,L
A9D3A3,N732MY,T210,CESSNA T210 Turbo Centurion,L1P,L
A9D4A3,N732YD,T210,CESSNA T210 Turbo Centurion,L1P,L
A9D9A3,N7338C,RV8,VANS RV-8,L1P,L
A9DBA3,N734TU,C172,CESSNA 172 Skyhawk,L1P,L
A9DCA3,N73425,C172,CESSNA 172 Skyhawk,L1P,L
A9DEA3,N735LL,C182,CESSNA 182 Skylane,L1P,L
A9DFA3,N735WS,S61,SIKORSKY S-61 Sea King,H2T,M
A9E4A3,N7367A,C172,CESSNA 172 Skyhawk,L1P,L
A9E5A3,N737GA,C172,CESSNA 172 Skyhawk,L1P,L
A9EDA3,N739MX,C172,CESSNA 172 Skyhawk,L1P,L
A9F0A3,N74EP,R44,ROBINSON R-44 Raven,H1P,L
A9F2A3,N740B,C210,CESSNA 201 Centurion,L1P,L
A9FBA3,N742TB,FB1A,BOWERS Fly Baby 1A,L1P,L
AA00A3,N7434R,P28A,PIPER PA-28-140/150/160/180,L1P,L
AA0CA3,N747AZ,,,,
AA0DA3,N747ME,LA25,LAKE LA-250,A1P,L
AA0EA3,N747XL,AS20,SCHLEICHER ASW-20,L1P,L
AA18A3,N75KT,,,,
AA1BA3,N750SK,CRJ7,BOMBARDIER Regional Jet CRJ-700,L2J,M
AA1CA3,N75016,ST75,STEARMAN Kaydet,L1P,L
AA24A3,N7526B,CH7A,BELLANCA 7 Champion,L1P,L
AA27A3,N75304,P28A,PIPER PA-28-140/150/160/180,L1P,L
AA2AA3,N754TW,BE9L,BEECH 90 King Air,L2T,L
AA2FA3,N7555,GLID,,L0-,-
AA31A3,N756PL,C82R,CESSNA R182 Skylane RG,L1P,L
AA33A3,N7567C,ERCO,AIR PRODUCTS F-1 Aircoupe,L1P,L
AA3AA3,N75838,C172,CESSNA 172 Skyhawk,L1P,L
AA3BA3,N759BT,C182,CESSNA 182 Skylane,L1P,L
AA3CA3,N759MZ,C182,CESSNA 182 Skylane,L1P,L
AA3DA3,N759YE,C182,CESSNA 182 Skylane,L1P,L
AA45A3,N761E,LEG2,LANCAIR Legacy,L1P,L
AA47A3,N7610M,T210,CESSNA T210 Turbo Centurion,L1P,L
AA4AA3,N762TD,RV7,VANS RV-7,L1P,L
AA4CA3,N76291,C140,CESSNA 140,L1P,L
AA54A3,N765FL,C414,CESSNA 414 Chancellor,L2P,L
AA55A3,N765RS,DG50,DG FLUGZEUGBAU DG-500M,L1P,L
AA56A3,N7651N,BE95,BEECH 95 Travel Air,L2P,L
AA5CA3,N767MG,C172,CESSNA 172 Skyhawk,L1P,L
AA5EA3,N7675U,C150,CESSNA 150,L1P,L
AA62A3,N7687X,C172,CESSNA 172 Skyhawk,L1P,L
AA65A3,N7692P,PA24,PIPER PA-24 Comanche,L1P,L
AA6AA3,N770SM,AS50,AEROSPATIALE AS-350 Ecureuil,H1T,L
AA6BA3,N77018,C140,CESSNA 140,L1P,L
AA6CA3,N7709J,PA44,PIPER PA-44 Seminole,L2P,L
AA6FA3,N7714A,C180,CESSNA  180 Skywagon,L1P,L
AA73A3,N7726D,PA22,PIPER PA-22,L1P,L
AA77A3,N7738G,C172,CESSNA 172 Skyhawk,L1P,L
AA7FA3,N776DG,RV6,VANS RV-6,L1P,L
AA82A3,N7767E,C150,CESSNA 150,L1P,L
AA83A3,N777GE,AA5,AMERICAN AA-5 Tiger,L1P,L
AA84A3,N777SL,C500,CESSNA 500 Citation 1,L2J,L
AA85A3,N77717,AC11,NORTH AMERICAN ROCKWELL Commander 112/114,L1P,L
AA86A3,N7779H,PA12,PIPER PA-12 Super Cruiser,L1P,L
AA94A3,3201,B429,BELL 429 GlobalRanger,H2T,L
AA96A3,N7810P,PA24,PIPER PA-24 Comanche,L1P,L
AA97A3,N78170,GC1,GLOBE Swift,L1P,L
AA9BA3,N78293,,,,
AA9EA3,N7834V,M20P,MOONEY M-20,L1P,L
AAA6A3,N78581,PA12,PIPER PA-12 Super Cruiser,L1P,L
AAA9A3,N7863T,C172,CESSNA 172 Skyhawk,L1P,L
AAAAA3,N787BC,SR22,CIRRUS SR-22,L1P,L
AAB4A3,N7892R,BE35,BEECH 35 Starfire Bonanza,L1P,L
AAB7A3,N79WC,P28A,PIPER PA-28-140/150/160/180,L1P,L
AAB9A3,N790SP,C172,CESSNA 172 Skyhawk,L1P,L
AABAA3,N7902,G164,GRUMMAN G-164 Ag-Cat,L1P,L
AAC0A3,N792ND,PA44,PIPER PA-44 Seminole,L2P,L
AAC2A3,N7926F,C150,CESSNA 150,L1P,L
AAC5A3,N79308,C172,CESSNA 172 Skyhawk,L1P,L
AAD1A3,N7967G,C172,CESSNA 172 Skyhawk,L1P,L
AAD5A3,N7979K,BE95,BEECH 95 Travel Air,L2P,L
AAD8A3,N7984B,C172,CESSNA 172 Skyhawk,L1P,L
AADDA3,N8EV,RV8,VANS RV-8,L1P,L
AAE0A3,N80MM,SA30,STOLP Starduster Too,L1P,L
AAE2A3,N800HY,HUSK,CHRISTEN Husky,L1P,L
AAE3A3,N800UD,PZ02,PZL-OKECIE PZL-102 Kos,L1P,L
AAE4A3,N8003E,PARA,,P0-,-
AAE8A3,N8015H,BE33,BEECH 33 Bonanza,L1P,L
AAE9A3,N802DN,B739,BOEING 737-900,L2J,M
AAECA3,N8027L,C172,CESSNA 172 Skyhawk,L1P,L
AAEFA3,N8032C,P28A,PIPER PA-28-140/150/160/180,L1P,L
AAF0A3,N8039P,,,,
AAF7A3,N8056J,PARA,,P0-,-
AAF9A3,N806RE,,,,
AAFEA3,N8073D,PA18,PIPER PA-18 Super Cub,L1P,L
AAFFA3,N808AP,ULAC,,L0-,-
AB00A3,N808LV,GLF6,GULFSTREAM G650,L2J,M
AB02A3,N8085G,BALL,,B0-,-
AB03A3,N809DM,BE9L,BEECH 90 King Air,L2T,L
AB07A3,N81GK,GLF4,GULFSTREAM 4,L2J,M
AB08A3,N81SR,,,,
AB0CA3,N81064,C120,CESSNA 120,L1P,L
AB0EA3,N811S,R44,ROBINSON R-44 Raven,H1P,L
AB11A3,N812JS,P28B,PIPER PA-28-201T/235/236,L1P,L
AB13A3,N8123Z,C210,CESSNA 201 Centurion,L1P,L
AB1AA3,N8140U,C172,CESSNA 172 Skyhawk,L1P,L
AB1DA3,N815TL,FOX,KITFOX,L1P,L
AB1EA3,N8152X,SR22,CIRRUS SR-22,L1P,L
AB1FA3,N81598,CH7A,BELLANCA 7 Champion,L1P,L
AB20A3,N816LC,WW24,IAI 1124 Westwind,L2J,M
AB22A3,N81640,BE33,BEECH 33 Bonanza,L1P,L
AB24A3,N817PA,B350,BEECHCRAFT Super King Air 350,L2T,M
AB29A3,N8181V,BE36,BEECH 36 Bonanza,L1P,L
AB2AA3,N81886,CH7A,BELLANCA 7 Champion,L1P,L
AB2EA3,N82BH,H60,SIKORSKY UH-60 Black Hawk,H2T,M
AB2FA3,N82MP,RV9,VANS RV-9,L1P,L
AB33A3,N8203G,C77R,CESSNA 177RG Cardinal RG,L1P,L
AB3AA3,N8220B,C172,CESSNA 172 Skyhawk,L1P,L
AB3FA3,N8239R,BL17,BELLANCA 17 Viking,L1P,L
AB40A3,N824KL,BL17,BELLANCA 17 Viking,L1P,L
AB46A3,N8256L,P28B,PIPER PA-28-201T/235/236,L1P,L
AB56A3,N83GM,PA14,PIPER PA-14 Family Cruiser,L1P,L
AB59A3,N830PD,GLID,,L0-,-
AB5BA3,N83066,CH7A,BELLANCA 7 Champion,L1P,L
AB5DA3,N831SB,AS50,AEROSPATIALE AS-350 Ecureuil,H1T,L
AB5EA3,N8311Y,PA30,PIPER PA-30 Twin Comanche,L2P,L
AB5FA3,N83189,CH7A,BELLANCA 7 Champion,L1P,L
AB62A3,N83231,P28B,PIPER PA-28-201T/235/236,L1P,L
AB66A3,N83354,PA18,PIPER PA-18 Super Cub,L1P,L
AB69A3,N8340W,P28A,PIPER PA-28-140/150/160/180,L1P,L
AB6AA3,N83477,PA18,PIPER PA-18 Super Cub,L1P,L
AB6EA3,N836,CB1,HATZ CB-1 Classic,L1P,L
AB71A3,N83642,PA18,PIPER PA-18 Super Cub,L1P,L
AB77A3,N838SA,K100,DAHER Kodiak 100,L1T,L
AB7DA3,N84BK,MIMU,BUSHBY Midget Mustang,L1P,L
AB7EA3,N84MR,SR20,CIRRUS SR-20,L1P,L
AB80A3,N840JB,BE60,BEECH 60 Duke,L2P,L
AB82A3,N8403J,PA34,PIPER PA-34 Seneca,L2P,L
AB84A3,N841M,UH1,BELL UH-1 Huey,H1T,L
AB86A3,N8415M,C150,CESSNA 150,L1P,L
AB89A3,N8420D,PA22,PIPER PA-22,L1P,L
AB8EA3,N8439T,P28A,PIPER PA-28-140/150/160/180,L1P,L
AB91A3,N8444K,G164,GRUMMAN G-164 Ag-Cat,L1P,L
AB95A3,N8456N,BE95,BEECH 95 Travel Air,L2P,L
AB97A3,N846RJ,RV6,VANS RV-6,L1P,L
ABA4A3,N8497P,PA24,PIPER PA-24 Comanche,L1P,L
ABA5A3,N85GP,BL8,BELLANCA 8 Decathlon,L1P,L
ABA6A3,N85SV,LJ35,LEARJET 35,L2J,M
ABA7A3,N850D,B350,BEECHCRAFT Super King Air 350,L2T,M
ABA8A3,N850PF,TBM7,SOCATA TBM-700A/B/C,L1T,L
ABA9A3,N850ZM,TBM7,SOCATA TBM-700A/B/C,L1T,L
ABAAA3,N85068,CH7A,BELLANCA 7 Champion,L1P,L
ABAEA3,N8519A,BE35,BEECH 35 Starfire Bonanza,L1P,L
ABB5A3,N85356,E75L,EMBRAER ERJ-170-200 (long wing),L2J,M
ABB9A3,N85479,CH7A,BELLANCA 7 Champion,L1P,L
ABC4A3,N85767,CH7A,BELLANCA 7 Champion,L1P,L
ABC6A3,N858SC,C172,CESSNA 172 Skyhawk,L1P,L
ABC7A3,N8581Z,B738,BOEING 737-800,L2J,M
ABCAA3,N859VA,,,,
ABCBA3,N85932,AR11,AERONCA 11 Chief,L1P,L
ABCDA3,N86MT,P210,CESSNA P210 Centurion,L1P,L
ABD1A3,N8603L,PARA,,P0-,-
ABD3A3,N861MB,AS50,AEROSPATIALE AS-350 Ecureuil,H1T,L
ABD5A3,N8615P,,,,
ABE0A3,N8644M,BE35,BEECH 35 Starfire Bonanza,L1P,L
ABE2A3,N865NN,B738,BOEING 737-800,L2J,M
ABE5A3,N866FE,C208,CESSNA 208 Caravan,L1T,L
ABE8A3,N8668T,C182,CESSNA 182 Skylane,L1P,L
ABE9A3,N867JC,C550,CESSNA 550 Citation S2,L2J,L
ABEEA3,N868XG,BALL,,B0-,-
ABEFA3,N8685N,PA32,PIPER PA-32,L1P,L
ABF4A3,N87GR,T34T,BEECH T-34C Turbo Mentor,L1T,L
ABF5A3,N87SX,SX30,SWEARINGEN SX-300,L1P,L
ABF9A3,N8707,C25C,CESSNA 525C Citation CJ4,L2J,M
ABFBA3,N871SF,,,,
ABFCA3,N87112,ERCO,AIR PRODUCTS F-1 Aircoupe,L1P,L
AC04A3,N87358,C310,CESSNA 310,L2P,L
AC07A3,N87400,ERCO,AIR PRODUCTS F-1 Aircoupe,L1P,L
AC0CA3,N876AC,B407,BELL 407,H1T,L
AC10A3,N877DA,P28A,PIPER PA-28-140/150/160/180,L1P,L
AC13A3,N87769,J3,PIPER J-3 Cub,L1P,L
AC16A3,N87811,J3,PIPER J-3 Cub,L1P,L
AC17A3,N8789B,C414,CESSNA 414 Chancellor,L2P,L
AC1BA3,N88BP,BE36,BEECH 36 Bonanza,L1P,L
AC22A3,N881MD,,,,
AC2AA3,N883T,BE35,BEECH 35 Starfire Bonanza,L1P,L
AC2BA3,N8832L,PA25,PIPER PA-25 Pawnee,L1P,L
AC2CA3,N8839X,C182,CESSNA 182 Skylane,L1P,L
AC2DA3,N884KS,BE36,BEECH 36 Bonanza,L1P,L
AC2FA3,N8844P,PA24,PIPER PA-24 Comanche,L1P,L
AC37A3,N8868V,BL17,BELLANCA 17 Viking,L1P,L
AC3BA3,N888AX,VELO,Velocity,L1P,L
AC42A3,N8897T,C182,CESSNA 182 Skylane,L1P,L
AC43A3,N89GT,BE33,BEECH 33 Bonanza,L1P,L
AC48A3,N8907B,C172,CESSNA 172 Skyhawk,L1P,L
AC4AA3,N891SH,C650,CESSNA 650 Citation,L2J,M
AC4BA3,N89114,C152,CESSNA 152,L1P,L
AC53A3,N8936,SE5A,RAF SE-5A Replica,L1P,L
AC56A3,N89402,C140,CESSNA 140,L1P,L
AC57A3,N8948C,P28A,PIPER PA-28-140/150/160/180,L1P,L
AC5AA3,N89525,C140,CESSNA 140,L1P,L
AC5CA3,N896LL,AS65,AEROSPATIALE AS-365 Dauphin 2,H2T,L
AC5EA3,N89648,C152,CESSNA 152,L1P,L
AC62A3,N8977A,CRJ2,BOMBARDIER Regional Jet CRJ-200,L2J,M
AC69A3,N89936,C140,CESSNA 140,L1P,L
AC6AA3,N9BR,M20P,MOONEY M-20,L1P,L
AC6CA3,N9YC,LEG2,LANCAIR Legacy,L1P,L
AC6DA3,N90JH,MRAI,MONNETT Monerai P,L1P,L
AC6FA3,N900EU,F900,DASSAULT Falcon 900,L3J,M
AC71A3,N90006,BALL,,B0-,-
AC75A3,N90129,C120,CESSNA 120,L1P,L
AC78A3,N902WW,,,,
AC79A3,N9025B,A319,AIRBUS A-319,L2J,M
AC7DA3,N9037E,AR11,AERONCA 11 Chief,L1P,L
AC7FA3,N904SL,P28B,PIPER PA-28-201T/235/236,L1P,L
AC81A3,N9049H,C172,CESSNA 172 Skyhawk,L1P,L
AC86A3,N906NA,,,,
AC88A3,N9066C,J3,PIPER J-3 Cub,L1P,L
AC8CA3,N9078F,R22,ROBINSON R-22 Mariner,H1P,L
AC94A3,N91DF,PA12,PIPER PA-12 Super Cruiser,L1P,L
AC95A3,N91PM,C172,CESSNA 172 Skyhawk,L1P,L
AC99A3,N9104V,M20P,MOONEY M-20,L1P,L
AC9EA3,N912FN,,,,
ACA0A3,N9121Q,BE35,BEECH 35 Starfire Bonanza,L1P,L
ACA3A3,N913US,A321,AIRBUS A-321,L2J,M
ACA5A3,N914BC,M20P,MOONEY M-20,L1P,L
ACACA3,N9157Z,BE18,BEECH 18 Expetitor,L2P,L
ACB0A3,N91692,M20P,MOONEY M-20,L1P,L
ACB2A3,N917WC,T206,CESSNA T206 Turbo Stationair,L1P,L
ACB3A3,N9174U,C150,CESSNA 150,L1P,L
ACB4A3,N918CP,C172,CESSNA 172 Skyhawk,L1P,L
ACB7A3,N9186X,P28B,PIPER PA-28-201T/235/236,L1P,L
ACB9A3,N919RT,,,,
ACBAA3,N9191P,CJ6,NANCHANG CJ-6,L1P,L
ACC3A3,N921U,R22,ROBINSON R-22 Mariner,H1P,L
ACC6A3,N922LS,J3,PIPER J-3 Cub,L1P,L
ACC9A3,N923DJ,GYRO,,G0-,-
ACCFA3,N92419,C182,CESSNA 182 Skylane,L1P,L
ACD5A3,N926NC,C560,CESSNA 560 Citation Ultra,L2J,M
ACD7A3,N9266E,M5,MAULE M-5,L1P,L
ACD8A3,N927EV,CRJ2,BOMBARDIER Regional Jet CRJ-200,L2J,M
ACDAA3,N92707,C182,CESSNA 182 Skylane,L1P,L
ACDFA3,N929AK,B39M,BOEING 737 MAX 9,L2J,M
ACE0A3,N929LR,CRJ9,BOMBARDIER Regional Jet CRJ-900,L2J,M
ACE2A3,N9295C,C180,CESSNA  180 Skywagon,L1P,L
ACE3A3,N93DH,TAYB,TAYLORCRAFT BC/BF/BL,L1P,L
ACE4A3,N93PP,PAY4,PIPER PA-42-1000 Cheyenne 400,L2T,L
ACE6A3,N930L,VEZE,RUTAN VariEze,L1P,L
ACF1A3,N933JN,E145,EMBRAER ERJ-145,L2J,M
ACF3A3,N9333V,H269,HUGHES Sky Knight,H1P,L
ACF7A3,N9345Y,BE35,BEECH 35 Starfire Bonanza,L1P,L
ACFBA3,N93571,PARA,,P0-,-
ACFFA3,N93694,ERCO,AIR PRODUCTS F-1 Aircoupe,L1P,L
AD02A3,N9374W,P28B,PIPER PA-28-201T/235/236,L1P,L
AD0BA3,N94JM,PA31,PIPER PA-31-300/310/325/350/425,L2P,L
AD0FA3,N9401,TBM7,SOCATA TBM-700A/B/C,L1T,L
AD10A3,N9408L,C172,CESSNA 172 Skyhawk,L1P,L
AD13A3,N9413C,C180,CESSNA  180 Skywagon,L1P,L
AD14A3,N942AN,B738,BOEING 737-800,L2J,M
AD1BA3,N9437J,P28A,PIPER PA-28-140/150/160/180,L1P,L
AD22A3,N9454D,PA18,PIPER PA-18 Super Cub,L1P,L
AD29A3,N94709,C182,CESSNA 182 Skylane,L1P,L
AD2AA3,N9478K,S108,STINSON 108 Voyager,L1P,L
AD2FA3,N949LT,CH75,ZENAIR CH-750 Cruzer,L1P,L
AD33A3,N95PR,BE36,BEECH 36 Bonanza,L1P,L
AD39A3,N951P,BE58,BEECH 58 Baron,L2P,L
AD3BA3,N95162,TAYB,TAYLORCRAFT BC/BF/BL,L1P,L
AD3FA3,N95285,P28A,PIPER PA-28-140/150/160/180,L1P,L
AD41A3,N953UW,E190,EMBRAER ERJ-190-100,L2J,M
AD46A3,N95450,P28A,PIPER PA-28-140/150/160/180,L1P,L
AD49A3,N9550S,C72R,CESSNA 172R Cutlass RG,L1P,L
AD4BA3,N956HC,C25B,CESSNA 525B Citation CJ3,L2J,L
AD4DA3,N9562V,C172,CESSNA 172 Skyhawk,L1P,L
AD4EA3,N95696,C182,CESSNA 182 Skylane,L1P,L
AD4FA3,N957LA,AS50,AEROSPATIALE AS-350 Ecureuil,H1T,L
AD52A3,N958CT,DV20,DIAMOND DA-20,L1P,L
AD59A3,N95984,TAYB,TAYLORCRAFT BC/BF/BL,L1P,L
AD5AA3,N96JP,RV4,VANS RV-4,L1P,L
AD5CA3,N960F,TBM9,SOCATA TBM-900/910/930/940,L1T,L
AD5DA3,N960RF,EAGL,CHRISTEN Eagle,L1P,L
AD62A3,N9613E,BL17,BELLANCA 17 Viking,L1P,L
AD67A3,N963DN,MD90,MCDONNELL-DOUGLAS MD-90,L2J,M
AD69A3,N9630,G164,GRUMMAN G-164 Ag-Cat,L1P,L
AD6CA3,N964SS,,,,
AD6DA3,N9642C,P28A,PIPER PA-28-140/150/160/180,L1P,L
AD6EA3,N9649P,PA25,PIPER PA-25 Pawnee,L1P,L
AD75A3,N9666J,P28A,PIPER PA-28-140/150/160/180,L1P,L
AD79A3,N9678M,M20P,MOONEY M-20,L1P,L
AD7CA3,N9683D,PA22,PIPER PA-22,L1P,L
AD81A3,N97DM,M20P,MOONEY M-20,L1P,L
AD83A3,N97ZZ,M7,MAULE M-7,L1P,L
AD86A3,N97041,C182,CESSNA 182 Skylane,L1P,L
AD8AA3,N97164,S108,STINSON 108 Voyager,L1P,L
AD8DA3,N9721W,P28A,PIPER PA-28-140/150/160/180,L1P,L
AD90A3,N973UY,A321,AIRBUS A-321,L2J,M
AD95A3,N97452,C182,CESSNA 182 Skylane,L1P,L
AD98A3,N9750U,AA5,AMERICAN AA-5 Tiger,L1P,L
AD99A3,N97575,S108,STINSON 108 Voyager,L1P,L
AD9BA3,N976TL,ACAM,LEZA Air Cam,L2P,L
AD9CA3,N9762X,C210,CESSNA 201 Centurion,L1P,L
AD9EA3,N977LC,H25B,HAWKER BEECHCRAFT Hawker 750/850,L2J,M
ADA4A3,N97863,C182,CESSNA 182 Skylane,L1P,L
ADA7A3,N9791V,C188,CESSNA 188 AgTruck,L1P,L
ADA8A3,N97986,S108,STINSON 108 Voyager,L1P,L
ADB8A3,N9830B,B14A,BELLANCA 14,L1P,L
ADBCA3,N9842E,C177,CESSNA  177 Cardinal,L1P,L
ADBDA3,N9849R,BE35,BEECH 35 Starfire Bonanza,L1P,L
ADC1A3,N986CC,SR20,CIRRUS SR-20,L1P,L
ADC4A3,N9866L,C172,CESSNA 172 Skyhawk,L1P,L
ADC5A3,N987FA,C172,CESSNA 172 Skyhawk,L1P,L
ADC7A3,N9871C,T6,NORTH AMERICAN T-6 Texan,L1P,L
ADC8A3,N9878P,PA25,PIPER PA-25 Pawnee,L1P,L
ADCCA3,N989AR,GLF5,GULFSTREAM 5,L2J,M
ADD0A3,N99DP,BE95,BEECH 95 Travel Air,L2P,L
ADD1A3,N99PV,PULS,Pulsar,L1P,L
ADD2A3,N990A,PA22,PIPER PA-22,L1P,L
ADD4A3,N990WM,F900,DASSAULT Falcon 900,L3J,M
ADD5A3,N99043,ERCO,AIR PRODUCTS F-1 Aircoupe,L1P,L
ADDBA3,N992SB,RV9,VANS RV-9,L1P,L
ADDCA3,N9921Y,CH7A,BELLANCA 7 Champion,L1P,L
ADE7A3,N9950W,P28A,PIPER PA-28-140/150/160/180,L1P,L
ADE8A3,N99577,ERCO,AIR PRODUCTS F-1 Aircoupe,L1P,L
ADECA3,N997,WAC9,WACO 9,L1P,L
ADF0A3,N998CX,C750,CESSNA 750 Citation 10,L2J,M
ADFCA3,92-0354,BE40,BEECH 400 Beechjet,L2J,M
ADFDA3,860456,SW4,SWEARINGEN Metro,L2T,M
ADFEA3,96-7323,C130,LOCKHEED C-130 Hercules,L4T,M
AE00A3,69-7073,T38,NORTHROP T-38 Talon,L2J,L
AE04A3,62-3518,K35R,BOEING KC-135R/T Stratotanker,L4J,H
AE05A3,61-0309,K35R,BOEING KC-135R/T Stratotanker,L4J,H
AE07A3,58-0118,K35R,BOEING KC-135R/T Stratotanker,L4J,H
AE08A3,00-3582,TEX2,BEECHCRAFT T-6 Texan 2,L1T,L
AE09A3,95-26607,H60,SIKORSKY UH-60 Black Hawk,H2T,M
AE0BA3,91-26320,H60,SIKORSKY UH-60 Black Hawk,H2T,M
AE0CA3,81-23595,H60,SIKORSKY UH-60 Black Hawk,H2T,M
AE0EA3,82-23749,H60,SIKORSKY UH-60 Black Hawk,H2T,M
AE13A3,04-3717,TEX2,BEECHCRAFT T-6 Texan 2,L1T,L
AE14A3,160847,BE9L,BEECH 90 King Air,L2T,L
AE17A3,01-2004,F15,MCDONNELL-DOUGLAS F-15 Eagle,L2J,M
AE1EA3,08-3934,TEX2,BEECHCRAFT T-6 Texan 2,L1T,L
AE1FA3,10-72148,EC45,AIRBUS HELICOPTERS EC-145,H2T,L
AE26A3,6577,AS65,AEROSPATIALE AS-365 Dauphin 2,H2T,L
AE2FA3,08-8191,C17,BOEING C-17 Globemaster 3,L4J,H
AE47A3,08-20155,H60,SIKORSKY UH-60 Black Hawk,H2T,M
AE4EA3,166185,TEX2,BEECHCRAFT T-6 Texan 2,L1T,L
AE51A3,10-20341,H60,SIKORSKY UH-60 Black Hawk,H2T,M
AE53A3,10-20339,H60,SIKORSKY UH-60 Black Hawk,H2T,M
AE56A3,13-20571,H60,SIKORSKY UH-60 Black Hawk,H2T,M
AE57A3,14-20691,H60,SIKORSKY UH-60 Black Hawk,H2T,M
AE58A3,61-0014,B52,BOEING B-52 Stratofortress,L8J,H
AE59A3,13-08439,H47,BOEING-VERTOL CH-47 Chinook,H2T,M
AE5CA3,05-27065,H60,SIKORSKY UH-60 Black Hawk,H2T,M
AE5EA3,163321,B06,BELL 206 JetRanger,H1T,L
AE5FA3,18-46056,B762,BOEING 767-200,L2J,H
AE62A3,165080,HAWK,BRITISH AEROSPACE T-45 Goshawk,L1J,M
AE6DA3,19-14490,H60,SIKORSKY UH-60 Black Hawk,H2T,M
C000A3,C-FAGG,BL8,BELLANCA 8 Decathlon,L1P,L
C001A3,C-FAQC,C182,CESSNA 182 Skylane,L1P,L
C002A3,C-FAZY,C172,CESSNA 172 Skyhawk,L1P,L
C003A3,C-FBJU,MR35,MURPHY SR-3500 Super Rebel,L1P,L
C004A3,C-FBTQ,T18,THORP Tiger,L1P,L
C005A3,C-FCDM,M7,MAULE M-7,L1P,L
C006A3,C-FCNI,P28A,PIPER PA-28-140/150/160/180,L1P,L
C008A3,C-FDHA,DH82,DE HAVILLAND DH-82 Tiger Moth,L1P,L
C009A3,C-FDQW,R44,ROBINSON R-44 Raven,H1P,L
C00BA3,C-FEKO,AT3P,AIR TRACTOR AT-301/401,L1P,L
C00CA3,C-FEUK,PA12,PIPER PA-12 Super Cruiser,L1P,L
C00EA3,C-FFOC,RC3,REPUBLIC RC-3 Seabee,A1P,L
C00FA3,C-FFXY,C172,CESSNA 172 Skyhawk,L1P,L
C010A3,C-FGHU,C150,CESSNA 150,L1P,L
C011A3,C-FGRQ,C150,CESSNA 150,L1P,L
C012A3,C-FHBM,C180,CESSNA  180 Skywagon,L1P,L
C013A3,C-FHLI,PA27,PIPER PA-23-250 Aztec,L2P,L
C014A3,C-FHVE,,,,
C015A3,C-FIFA,C182,CESSNA 182 Skylane,L1P,L
C016A3,C-FIOW,,,,
C017A3,C-FIYS,,,,
C019A3,C-FJSK,C140,CESSNA 140,L1P,L
C01BA3,C-FKMC,CH7B,BELLANCA 7 Citabria,L1P,L
C01CA3,C-FKVY,PA18,PIPER PA-18 Super Cub,L1P,L
C01DA3,C-FLFU,R44,ROBINSON R-44 Raven,H1P,L
C020A3,C-FMJI,C172,CESSNA 172 Skyhawk,L1P,L
C021A3,C-FMTE,R44,ROBINSON R-44 Raven,H1P,L
C022A3,C-FNDA,,,,
C023A3,C-FNMW,N3N,NAVAL AIRCRAFT FACTORY N3N,L1P,L
C025A3,C-FOGO,,,,
C027A3,C-FPAG,SF34,SAAB 340,L2T,M
C028A3,C-FPKC,CH65,ZENAIR CH-650 Zodiac,L1P,L
C029A3,C-FPTY,FOX,KITFOX,L1P,L
C02CA3,C-FQXM,S108,STINSON 108 Voyager,L1P,L
C02DA3,C-FRHI,C180,CESSNA  180 Skywagon,L1P,L
C02EA3,C-FRRE,,,,
C030A3,C-FSKW,BE23,BEECH 23 Sundowner,L1P,L
C031A3,C-FSUS,,,,
C032A3,C-FTEO,C150,CESSNA 150,L1P,L
C033A3,C-FTOK,,,,
C034A3,C-FTYG,C150,CESSNA 150,L1P,L
C036A3,C-FURY,WFUR,WAR Hawker Sea Fury,L1P,L
C038A3,C-FVLQ,B789,BOEING 787-9 Dreamliner,L2J,H
C039A3,C-FVVM,PA20,PIPER PA-20 Pacer,L1P,L
C03AA3,C-FWFI,ULAC,,L0-,-
C03BA3,C-FWPE,SONX,SONEX AIRCRAFT Sonex,L1P,L
C03EA3,C-FXSS,T206,CESSNA T206 Turbo Stationair,L1P,L
C040A3,C-FYMK,C208,CESSNA 208 Caravan,L1T,L
C041A3,C-FYWG,SW4,SWEARINGEN Metro,L2T,M
C043A3,C-FZPY,PA22,PIPER PA-22,L1P,L
C044A3,C-FZZU,AR11,AERONCA 11 Chief,L1P,L
C045A3,C-GAJQ,C150,CESSNA 150,L1P,L
C046A3,C-GATM,AS50,AEROSPATIALE AS-350 Ecureuil,H1T,L
C047A3,C-GBDI,CL60,BOMBARDIER CL-600 Challenger,L2J,M
C048A3,C-GBNE,C560,CESSNA 560 Citation Ultra,L2J,M
C04AA3,C-GCGW,,,,
C04BA3,C-GCQS,B429,BELL 429 GlobalRanger,H2T,L
C04CA3,C-GDAO,B212,BELL 212,H2T,L
C04DA3,C-GDKK,AC11,NORTH AMERICAN ROCKWELL Commander 112/114,L1P,L
C04EA3,C-GDUG,,,,
C04FA3,C-GEEC,B212,BELL 212,H2T,L
C051A3,C-GEXU,RV4,VANS RV-4,L1P,L
C052A3,C-GFHQ,,,,
C053A3,C-GFRM,GLID,,L0-,-
C054A3,C-GGBI,PA31,PIPER PA-31-300/310/325/350/425,L2P,L
C055A3,C-GGLE,DHC6,DE HAVILLAND DHC-6 Twin Otter,L2T,L
C056A3,C-GGVA,P28A,PIPER PA-28-140/150/160/180,L1P,L
C057A3,C-GHEW,,,,
C058A3,C-GHOS,CH7B,BELLANCA 7 Citabria,L1P,L
C05AA3,C-GIIK,C172,CESSNA 172 Skyhawk,L1P,L
C05BA3,C-GISG,P28A,PIPER PA-28-140/150/160/180,L1P,L
C05CA3,C-GJCC,C172,CESSNA 172 Skyhawk,L1P,L
C05EA3,C-GJVU,C172,CESSNA 172 Skyhawk,L1P,L
C05FA3,C-GKFQ,CL35,BOMBARDIER BD-100 Challenger 350,L2J,M
C060A3,C-GKPM,,,,
C062A3,C-GLJE,,,,
C063A3,C-GLTA,DH8C,DE HAVILLAND DHC-8-300 Dash 8,L2T,M
C065A3,C-GMMS,E300,EXTRA EA-300/330/350,L1P,L
C066A3,C-GMWO,PA31,PIPER PA-31-300/310/325/350/425,L2P,L
C067A3,C-GNGK,AS50,AEROSPATIALE AS-350 Ecureuil,H1T,L
C069A3,C-GOAC,CJ6,NANCHANG CJ-6,L1P,L
C06AA3,C-GOJY,RV9,VANS RV-9,L1P,L
C06BA3,C-GOTU,B407,BELL 407,H1T,L
C06CA3,C-GPDQ,CL30,BOMBARDIER BD-100 Challenger 300,L2J,M
C06DA3,C-GPNM,RV8,VANS RV-8,L1P,L
C06EA3,C-GPXI,,,,
C070A3,C-GQRA,C172,CESSNA 172 Skyhawk,L1P,L
C071A3,C-GRAW,P28R,PIPER PA-28R-180/200/201,L1P,L
C072A3,C-GRKS,CH70,ZENAIR CH-701 Stol,L1P,L
C074A3,C-GSEK,LNC4,LANCAIR 4,L1P,L
C076A3,C-GSYC,B350,BEECHCRAFT Super King Air 350,L2T,M
C07AA3,C-GULM,PA31,PIPER PA-31-300/310/325/350/425,L2P,L
C07CA3,C-GVFE,C172,CESSNA 172 Skyhawk,L1P,L
C07DA3,C-GVPA,DH8C,DE HAVILLAND DHC-8-300 Dash 8,L2T,M
C07FA3,C-GWIS,C182,CESSNA 182 Skylane,L1P,L
C080A3,C-GWSO,B737,BOEING 737-700,L2J,M
C081A3,C-GXCK,C172,CESSNA 172 Skyhawk,L1P,L
C083A3,C-GXWC,FOX,KITFOX,L1P,L
C085A3,C-GYPU,PA38,PIPER PA-38 Tomahawk,L1P,L
C086A3,C-GYZQ,C170,CESSNA 170,L1P,L
C087A3,C-GZJM,C172,CESSNA 172 Skyhawk,L1P,L
C088A3,C-GZTI,C172,CESSNA 172 Skyhawk,L1P,L
C089A3,C-IADE,CHIN,ASAP Chinook,L1P,L
C08AA3,C-IANA,ULAC,,L0-,-
C08BA3,C-IAWW,ULAC,,L0-,-
C08CA3,C-IBGS,,,,
C08DA3,C-IBQO,ULAC,,L0-,-
C08EA3,C-ICAK,RBEL,MURPHY Rebel,L1P,L
C090A3,C-ICUC,ULAC,,L0-,-
C092A3,C-IDNU,ULAC,,L0-,-
C093A3,C-IDXQ,ULAC,,L0-,-
C094A3,C-IEHM,ULAC,,L0-,-
C095A3,C-IERI,,,,
C096A3,C-IFBE,ULAC,,L0-,-
C097A3,C-IFLA,DSA1,SMITH DSA-1 Miniplane,L1P,L
C098A3,C-IFUW,PARA,,P0-,-
C099A3,C-IGES,MCOY,MONTANA Coyote,L1P,L
C09AA3,C-IGOO,BEVR,ASAP Beaver,L1P,L
C09CA3,C-IHIG,CH60,ZENAIR CH-600 Zodiac,L1P,L
C09DA3,C-IHSC,PARA,,P0-,-
C09FA3,C-IILU,PARA,,P0-,-
C0A1A3,C-IJFM,PARA,,P0-,-
C0A3A3,C-IJZE,PARA,,P0-,-
C0A7A3,C-ILMO,PARA,,P0-,-
C0A8A3,C-ILWK,,,,
C0B7A3,C-IROC,ULAC,,L0-,-
C0C4A3,C-IWMC,ULAC,,L0-,-
C1E9A3,SERV,SERV,,V0-,-
C2B0A3,156122,TEX2,BEECHCRAFT T-6 Texan 2,L1T,L
C2B5A3,130613,C30J,LOCKHEED MARTIN C-130J Super Hercules,L4T,M
C800A3,ZK-BCO,DH82,DE HAVILLAND DH-82 Tiger Moth,L1P,L
C801A3,ZK-CHI,C150,CESSNA 150,L1P,L
C802A3,ZK-DEL,P28A,PIPER PA-28-140/150/160/180,L1P,L
C803A3,ZK-DXC,C206,CESSNA  206 Stationair,L1P,L
C804A3,ZK-KVB,C172,CESSNA 172 Skyhawk,L1P,L
C80CA3,ZK-FSL,C152,CESSNA 152,L1P,L
C810A3,ZK-WGO,PA32,PIPER PA-32,L1P,L
C812A3,ZK-MJY,P28U,PIPER PA-28RT-201T Turbo,L1P,L
C813A3,ZK-JJI,ULAC,,L0-,-
C816A3,ZK-KBZ,GA8,GIPPSAERO GA-8 Airvan,L1P,L
C817A3,ZK-FMR,RBEL,MURPHY Rebel,L1P,L
C81BA3,ZK-SCA,SAVG,ZLIN AVIATION Savage,L1P,L
C81EA3,ZK-TBN,C172,CESSNA 172 Skyhawk,L1P,L
C823A3,ZK-RUN,GYRO,,G0-,-
C824A3,ZK-ZRV,RV8,VANS RV-8,L1P,L
C827A3,ZK-NHA,A20N,AIRBUS A-320neo,L2J,M
C829A3,ZK-LAX,AP22,AEROPRACT A-22,L1P,L
C880A3,DQ-LIF,B350,BEECHCRAFT Super King Air 350,L2T,M
E400A3,2477,C130,LOCKHEED C-130 Hercules,L4T,M
E41AA3,49027,A149,AGUSTA AW-149,H2T,M
E480A3,PT-MXA,A321,AIRBUS A-321,L2J,M
E48CA3,PP-MAX,PA46,PIPER PA-46-310/350,L1P,L
E48FA3,PR-RCN,C56X,CESSNA 560XL Citation XLS,L2J,M
E490A3,PR-FRC,C25M,CESSNA 525 Citation M2,L2J,L
E491A3,PT-TML,A319,AIRBUS A-319,L2J,M
E494A3,FAB2855,E390,EMBRAER EMB-390,L2J,M
E809A3,CC-AYT,C525,CESSNA 525 CitationJet,L2J,L
E880A3,ZP-BBW,C172,CESSNA 172 Skyhawk,L1P,L
