0086A5,ZS-CMU,C182,CESSNA 182 Skylane,L1P,L
008AA5,ZS-EAE,C150,CESSNA 150,L1P,L
008BA5,ZS-EKA,GLEX,BOMBARDIER BD-700 Global 6000/6500,L2J,M
008FA5,ZS-FXK,C150,CESSNA 150,L1P,L
0092A5,ZS-HAY,BALL,,B0-,-
0096A5,ZS-IOI,C172,CESSNA 172 Skyhawk,L1P,L
00A3A5,ZS-NMI,CRJ2,BOMBARDIER Regional Jet CRJ-200,L2J,M
00A7A5,ZS-OZS,C182,CESSNA 182 Skylane,L1P,L
0100A5,SU-GCH,A332,AIRBUS A-330-200,L2J,H
0101A5,SU-BQJ,A320,AIRBUS A-320,L2J,M
0640A5,5N-MJG,B737,BOEING 737-700,L2J,M
06A0A5,A7-BCA,B788,BOEING 787-8 Dreamliner,L2J,H
0900A5,D2-EWX,B190,BEECH 1900,L2T,M
0AC1A5,HK-5037-X,Y12,HARBIN Y-12E Harbinger,L2T,L
0AC3A5,HK-5252G,SIRA,TECNAM P-2002 Sierra,L1P,L
0AC7A5,EJC2153,H60,SIKORSKY UH-60 Black Hawk,H2T,M
0C20A5,HP-1837CMP,B738,BOEING 737-800,L2J,M
0D07A5,XA-VTE,CL60,BOMBARDIER CL-600 Challenger,L2J,M
0D08A5,XA-AMO,B738,BOEING 737-800,L2J,M
0D09A5,XA-ALL,E190,EMBRAER ERJ-190-100,L2J,M
0D0CA5,XA-EKT,EC45,AIRBUS HELICOPTERS EC-145,H2T,L
0D0DA5,XA-EBN,B738,BOEING 737-800,L2J,M
0D81A5,YVO100,AC95,NORTH AMERICAN ROCKWELL Jetprop Commander 1000,L2T,L
141CA5,RA-07333,AS50,AEROSPATIALE AS-350 Ecureuil,H1T,L
151DA5,RA-73125,B738,BOEING 737-800,L2J,M
1533A5,RF-78757,IL76,ILYUSHIN Il-76/82,L4J,H
3003A5,I-CYMA,A109,AGUSTA AW-109 Grand,H2T,L
3007A5,I-CABE,P06T,TECNAM P-2006T,L2P,L
33FDA5,MM55217,M346,AERMACCHI M-346 Master,L2J,M
3830A5,F-BMFF,D140,JODEL D-140 Mousquetaire,L1P,L
3838A5,F-BOFF,DR22,CENTRE EST Dauphin,L1P,L
3902A5,F-GAVF,C182,CESSNA 182 Skylane,L1P,L
3906A5,F-GBVF,DR40,ROBIN DR-400,L1P,L
392DA5,F-GLNF,B190,BEECH 1900,L2T,M
392EA5,F-GLVF,DR40,ROBIN DR-400,L1P,L
3935A5,F-GNNF,HR20,ROBIN HR-200,L1P,L
3938A5,F-GOFF,TB20,SOCATA TB-20 Trinidad,L1P,L
393AA5,F-GOVF,DR40,ROBIN DR-400,L1P,L
3952A5,F-GUVF,DA40,DIAMOND DA-40 Club Star,L1P,L
3954A5,F-GVFF,CP23,MURDY CAP-230/1/2,L1P,L
3960A5,F-GYFF,SR20,CIRRUS SR-20,L1P,L
3965A5,F-GZNF,B77W,BOEING 777-300ER,L2J,H
3980A5,F-HAFF,DR40,ROBIN DR-400,L1P,L
3982A5,F-HAVF,JS41,BRITISH AEROSPACE Jetstream 41,L2T,M
3985A5,F-HBNF,A320,AIRBUS A-320,L2J,M
3986A5,F-HBVF,EC20,AIRBUS HELICOPTERS EC-120,H1T,L
3994A5,F-HFFF,R44,ROBINSON R-44 Raven,H1P,L
39CEA5,F-HTVF,B738,BOEING 737-800,L2J,M
3AABA5,F-MDBF,PUMA,AEROSPATIALE SA-330 Puma,H2T,L
3B76A5,F-RAFC,F2TH,DASSAULT Falcon 2000,L2J,M
3B7BA5,F-ZBPF,EC45,AIRBUS HELICOPTERS EC-145,H2T,L
3C0CA5,D-ATUM,B738,BOEING 737-800,L2J,M
3C1CA5,D-AZWA,A21N,AIRBUS A-321neo,L2J,M
3C44A5,D-AAEE,A333,AIRBUS A-330-300,L2J,H
3C4AA5,D-ABUE,B763,BOEING 767-300,L2J,H
3C55A5,D-AEME,E190,EMBRAER ERJ-190-100,L2J,M
3C64A5,D-AIEE,A21N,AIRBUS A-321neo,L2J,M
3C65A5,D-AIME,A388,AIRBUS A-380-800,L4J,H
3C66A5,D-AIUE,A320,AIRBUS A-320,L2J,M
3CB2A5,D-BLUE,F2TH,DASSAULT Falcon 2000,L2J,M
3D06A5,D-EATP,FANT,RHEIN Fantrainer,L1P,L
3D07A5,D-EBDL,PA46,PIPER PA-46-310/350,L1P,L
3D0AA5,D-ECGZ,C172,CESSNA 172 Skyhawk,L1P,L
3D0CA5,D-EDAR,C150,CESSNA 150,L1P,L
3D0DA5,D-EDKN,BT36,BEECH B36TC Bonanza,L1P,L
3D0FA5,D-EEEF,DR40,ROBIN DR-400,L1P,L
3D10A5,D-EEOB,F8L,AEROMERE F-8L Falco,L1P,L
3D11A5,D-EEXX,C177,CESSNA  177 Cardinal,L1P,L
3D13A5,D-EFRP,C172,CESSNA 172 Skyhawk,L1P,L
3D14A5,D-EGBL,P28A,PIPER PA-28-140/150/160/180,L1P,L
3D17A5,D-EHEZ,DR40,ROBIN DR-400,L1P,L
3D1AA5,D-EIIN,DR40,ROBIN DR-400,L1P,L
3D1CA5,D-EJCF,C182,CESSNA 182 Skylane,L1P,L
3D1DA5,D-EJMB,JUNR,BOLKOW BO-208 Junior,L1P,L
3D1FA5,D-EKFT,M20P,MOONEY M-20,L1P,L
3D20A5,D-EKPP,M20P,MOONEY M-20,L1P,L
3D23A5,D-ELTD,PA18,PIPER PA-18 Super Cub,L1P,L
3D25A5,D-EMMV,J3,PIPER J-3 Cub,L1P,L
3D26A5,D-EMWR,BE33,BEECH 33 Bonanza,L1P,L
3D2AA5,D-EOKB,M20P,MOONEY M-20,L1P,L
3D32A5,D-ERKV,RV9,VANS RV-9,L1P,L
3D33A5,D-ERUR,T206,CESSNA T206 Turbo Stationair,L1P,L
3D34A5,D-ESEN,A210,AQUILA A-210,L1P,L
3D37A5,D-ETIB,M20T,MOONEY M-20T,L1P,L
3D38A5,D-ETRX,M20P,MOONEY M-20,L1P,L
3D3CA5,D-EVFH,C172,CESSNA 172 Skyhawk,L1P,L
3D40A5,D-EWSR,DR40,ROBIN DR-400,L1P,L
3D48A5,D-EZTL,SR22,CIRRUS SR-22,L1P,L
3D6FA5,D-FONL,AN2,ANTONOV An-2,L1P,L
3D7AA5,D-FSRT,C208,CESSNA 208 Caravan,L1T,L
3DAFA5,D-GMTP,PA34,PIPER PA-34 Seneca,L2P,L
3DF1A5,D-HLTL,EC55,AIRBUS HELICOPTERS EC-155,H2T,L
3E02A5,D-HSEV,R22,ROBINSON R-22 Mariner,H1P,L
3E45A5,D-IRON,C525,CESSNA 525 CitationJet,L2J,L
3E5CA5,D-KAGZ,SF25,SCHEIBE SF-25 Falke,L1P,L
3E61A5,D-KCEF,DG50,DG FLUGZEUGBAU DG-500M,L1P,L
3E62A5,D-KCOB,GLID,,L0-,-
3E67A5,D-KELH,VENT,SCHEMPP-HIRTH Ventus,L1P,L
3E7DA5,D-KMTX,DG1T,DG FLUGZEUGBAU DG-1001T,L1P,L
3EC2A5,D-KORD,TFUN,VALENTIN Taifun,L1P,L
3ECBA5,D-KSBT,GLID,,L0-,-
3EE2A5,D-0526,GLID,,L0-,-
3EF5A5,D-5390,GLID,,L0-,-
3F26A5,D-OANT,BALL,,B0-,-
3F2DA5,D-ODER,BALL,,B0-,-
3F30A5,D-OEIF,BALL,,B0-,-
3F81A5,74+63,TIGR,AIRBUS HELICOPTERS EC-665 Tiger,H2T,L
3FD8A5,D-OTMB,BALL,,B0-,-
3FEAA5,D-MORG,FK9,B&F TECHNIK FK-9,L1P,L
3FECA5,D-MNMM,GOLF,TECNAM P-96 Golf,L1P,L
3FEDA5,D-MKKG,EV97,EVEKTRO EV-97 EuroStar,L1P,L
3FEEA5,D-MVHA,ZZZZ,,-0-,-
3FF0A5,D-MTPE,FDCT,FLIGHT DESIGN CT,L1P,L
3FF1A5,D-MEEO,PIVI,PIPSTREL Virus,L1P,L
3FF2A5,D-MOCZ,ULAC,,L0-,-
3FF3A5,D-MFMO,ALSL,AIRLONY Skylane,L1P,L
3FF4A5,D-MYSL,ME08,MESSERSCHMITT Bf-108 Taifun,L1P,L
3FF5A5,D-MTEW,ALSL,AIRLONY Skylane,L1P,L
3FF7A5,D-MZWT,ULAC,,L0-,-
4005A5,G-CIVF,B744,BOEING 747-400,L4J,H
400AA5,G-PLAZ,AC11,NORTH AMERICAN ROCKWELL Commander 112/114,L1P,L
400DA5,G-ASSP,PA30,PIPER PA-30 Twin Comanche,L2P,L
400EA5,G-BYXH,G115,GROB G-115,L1P,L
400FA5,G-BHDX,C172,CESSNA 172 Skyhawk,L1P,L
4011A5,G-CENW,EV97,EVEKTRO EV-97 EuroStar,L1P,L
4012A5,G-OKTI,A210,AQUILA A-210,L1P,L
4013A5,G-BFEK,C152,CESSNA 152,L1P,L
4014A5,G-ANXR,PROC,PERCIVAL Proctor,L1P,L
4016A5,G-ATXA,PA22,PIPER PA-22,L1P,L
4017A5,G-AWLI,PA22,PIPER PA-22,L1P,L
4019A5,G-AZYD,RALL,SOCATA Rallye,L1P,L
401CA5,G-BEWR,C172,CESSNA 172 Skyhawk,L1P,L
4027A5,G-WACB,C152,CESSNA 152,L1P,L
402CA5,G-SNUZ,P28A,PIPER PA-28-140/150/160/180,L1P,L
402DA5,G-SACT,P28A,PIPER PA-28-140/150/160/180,L1P,L
4032A5,G-GASP,P28A,PIPER PA-28-140/150/160/180,L1P,L
4034A5,G-BTSP,J3,PIPER J-3 Cub,L1P,L
4039A5,G-BVUV,EUPA,Europa,L1P,L
403EA5,G-JCKT,S10S,STEMME S-10 Chrysalis,L1P,L
403FA5,G-RADI,P28A,PIPER PA-28-140/150/160/180,L1P,L
4041A5,G-GHKX,P28A,PIPER PA-28-140/150/160/180,L1P,L
4045A5,G-CBAV,XAIR,RAJ HAMSA X-AIR Falcon,L1P,L
4048A5,G-DAAZ,P28U,PIPER PA-28RT-201T Turbo,L1P,L
4049A5,G-SDOI,AP22,AEROPRACT A-22,L1P,L
404BA5,G-CCVH,ZZZZ,,-0-,-
404CA5,G-CDCW,ESCP,REALITY Escapade,L1P,L
404EA5,G-CDRG,ULAC,,L0-,-
4050A5,G-KITH,PNR3,ALPI Pioneer 330,L1P,L
4052A5,G-MOZI,GLID,,L0-,-
4056A5,G-JNSC,GLID,,L0-,-
4059A5,G-CJPT,GLID,,L0-,-
405CA5,G-CGCD,GLID,,L0-,-
4061A5,G-CGFN,BALL,,B0-,-
4062A5,G-CGIO,ULAC,,L0-,-
4064A5,G-MRJP,ULAC,,L0-,-
4068A5,G-DGAL,C42,IKARUS C-42 Bison,L1P,L
4069A5,G-VINF,S92,SIKORSKY S-92 Helibus,H2T,M
406DA5,G-SLCC,EV97,EVEKTRO EV-97 EuroStar,L1P,L
406EA5,G-CONS,ULAC,,L0-,-
406FA5,G-CIUW,T6,NORTH AMERICAN T-6 Texan,L1P,L
4070A5,G-CIZN,J5,PIPER J-5 Cub Cruiser,L1P,L
4071A5,G-CLTD,GLID,,L0-,-
4072A5,G-TAWW,B738,BOEING 737-800,L2J,M
4073A5,G-CKHU,BALL,,B0-,-
4074A5,G-SMKR,EFOX,AEROPRO Eurofox,L1P,L
4076A5,G-JWNI,SSTL,JUST JA30 SuperSTOL,L1P,L
4077A5,G-DCDI,DR40,ROBIN DR-400,L1P,L
4078A5,G-CLXK,DIMO,DIAMOND H-36 Dimona,L1P,L
407BA5,G-FLOH,C208,CESSNA 208 Caravan,L1T,L
407CA5,G-BWPX,BN2T,BRITTEN-NORMAN BN-2T Turbine Islander,L2T,L
407DA5,G-VJAZ,A339,AIRBUS A-330-900,L2J,H
4247A5,VP-CVA,GLF6,GULFSTREAM G650,L2J,M
424BA5,M-LILY,A318,AIRBUS A-318,L2J,M
43BEA5,VP-BTM,GA6C,GULFSTREAM G600,L2J,M
43C2A5,ZA935,PUMA,AEROSPATIALE SA-330 Puma,H2T,L
43C3A5,ZH107,E3CF,BOEING E-3 Sentry (CFM56),L4J,H
43C4A5,ZJ931,EUFI,EUROFIGHTER 2000,L2J,M
43C7A5,ZK428,EUFI,EUROFIGHTER 2000,L2J,M
43E9A5,M-EASY,LJ35,LEARJET 35,L2J,M
43EEA5,2-WTFL,B738,BOEING 737-800,L2J,M
4401A5,OE-CYY,A210,AQUILA A-210,L1P,L
4404A5,OE-AMG,BU31,BUCKER Bu-131 Jungmann,L1P,L
4406A5,OE-AIO,PA18,PIPER PA-18 Super Cub,L1P,L
4408A5,OE-5493,GLID,,L0-,-
4409A5,OE-GFC,ASTR,GULFSTREAM AEROSPACE Gulfstream G100,L2J,M
440BA5,OE-LCE,B738,BOEING 737-800,L2J,M
449CA5,OO-GEE,PC12,PILATUS PC-12,L1T,L
44A8A5,OO-JEE,C208,CESSNA 208 Caravan,L1T,L
44BAA5,OO-NUE,PTS2,PITTS S-2 Special,L1P,L
44C0A5,OO-PEE,B47G,BELL 47G,H1P,L
44CCA5,OO-SEE,S61,SIKORSKY S-61 Sea King,H2T,M
44F1A5,FA-135,F16,GENERAL DYNAMICS F-16 Fighting Falcon,L1J,M
44F6A5,RN-06,NH90,NHI NH-90,H2T,M
458CA5,OY-CEE,P28A,PIPER PA-28-140/150/160/180,L1P,L
45A8A5,OY-JEE,P28A,PIPER PA-28-140/150/160/180,L1P,L
45A9A5,OY-JME,P06T,TECNAM P-2006T,L2P,L
45CAA5,OY-RUE,MD83,MCDONNELL-DOUGLAS MD-83,L2J,M
45E4A5,OY-YEE,E75L,EMBRAER ERJ-170-200 (long wing),L2J,M
45F0A5,OY-9540,AVID,AVID Flyer,L1P,L
4613A5,OH-HLL,R44,ROBINSON R-44 Raven,H1P,L
461FA5,OH-LZP,A321,AIRBUS A-321,L2J,M
46B8A5,SX-NEE,A20N,AIRBUS A-320neo,L2J,M
4712A5,HA-HBP,B427,BELL 427,H2T,L
471EA5,HA-LPT,A320,AIRBUS A-320,L2J,M
471FA5,HA-LZP,A21N,AIRBUS A-321neo,L2J,M
4783A5,LN-OBW,AS55,AEROSPATIALE AS-355 Ecureuil 2,H2T,L
4784A5,LN-TWB,PA31,PIPER PA-31-300/310/325/350/425,L2P,L
4785A5,LN-ACQ,JUNR,BOLKOW BO-208 Junior,L1P,L
4787A5,LN-JAQ,YK52,YAKOVLEV Yak-52,L1P,L
4841A5,PH-HZN,B738,BOEING 737-800,L2J,M
4843A5,PH-RPH,C182,CESSNA 182 Skylane,L1P,L
4844A5,P4-KBB,A320,AIRBUS A-320,L2J,M
4845A5,PH-ZZF,C07T,CESSNA 207 Turbine,L1T,L
4847A5,PH-DDL,BALL,,B0-,-
4848A5,PH-ELA,MCR1,COLOMBAN Ban-Bi,L1P,L
4849A5,PH-1043,DISC,SCHEMPP-HIRTH Discus,L1P,L
484AA5,PH-DLN,P180,PIAGGIO P-180 Avanti,L2T,L
484CA5,PH-MAD,BALL,,B0-,-
484DA5,PH-279,GLID,,L0-,-
484EA5,PH-LFC,SUBA,FUJI FA-200 Aero Subaru,L1P,L
484FA5,PH-EGM,DA40,DIAMOND DA-40 Club Star,L1P,L
4851A5,PH-RYO,BALL,,B0-,-
4853A5,PH-1MP,ZZZZ,,-0-,-
4855A5,PH-2KB,ZZZZ,,-0-,-
4856A5,PH-2PD,ZZZZ,,-0-,-
485EA5,PH-4U1,PITA,PIPSTREL Taurus 503,L1P,L
48ACA5,SP-LFF,P208,TECNAM P-2008,L1P,L
48ADA5,SP-LNF,E195,EMBRAER ERJ-190-200,L2J,M
48C2A5,SP-RZF,B38M,BOEING 737 MAX 8,L2J,M
48D8A5,4077,F16,GENERAL DYNAMICS F-16 Fighting Falcon,L1J,M
4920A5,CS-HEE,AS55,AEROSPATIALE AS-355 Ecureuil 2,H2T,L
4952A5,CS-TUE,A339,AIRBUS A-330-900,L2J,H
4956A5,CS-UUE,NG4,BRM AERO NG-4,L1P,L
497CA5,16705,C295,CASA C-295 Persuader,L2T,M
4984A5,0848,MI8,MIL Mi-8/9/17/19/171/172,H2T,M
49D0A5,OK-VLP,SR22,CIRRUS SR-22,L1P,L
49D1A5,OK-RID,AN2,ANTONOV An-2,L1P,L
49D2A5,OK-CAB,G2CA,GUIMBAL G-2 Cabri,H1P,L
49D3A5,OK-STN,PA46,PIPER PA-46-310/350,L1P,L
49D4A5,OK-HBS,C182,CESSNA 182 Skylane,L1P,L
4A05A5,YR-AME,B735,BOEING 737-500,L2J,M
4A08A5,YR-BEE,A320,AIRBUS A-320,L2J,M
4A35A5,6191,C130,LOCKHEED C-130 Hercules,L4T,M
4A41A5,YR-PME,AN2,ANTONOV An-2,L1P,L
4A48A5,YR-REE,R22,ROBINSON R-22 Mariner,H1P,L
4A81A5,SE-KTC,F50,FOKKER 50,L2T,M
4A9CA5,SE-GEE,DHC6,DE HAVILLAND DHC-6 Twin Otter,L2T,L
4AACA5,SE-KEE,BE36,BEECH 36 Bonanza,L1P,L
4AB1A5,SE-LME,SR22,CIRRUS SR-22,L1P,L
4AB2A5,SE-LUE,SR20,CIRRUS SR-20,L1P,L
4AB5A5,SE-MME,P46T,PIPER PA-46-500TP,L1T,L
4AC9A5,SE-RME,SB32,SAAB 32 Lansen,L1J,M
4ACAA5,SE-RUE,A20N,AIRBUS A-320neo,L2J,M
4ADAA5,SE-VUE,ULAC,,L0-,-
4B05A5,HB-CDP,C150,CESSNA 150,L1P,L
4B0FA5,HB-FYB,PC12,PILATUS PC-12,L1T,L
4B1AA5,HB-KCJ,DR40,ROBIN DR-400,L1P,L
4B1BA5,HB-KMF,P208,TECNAM P-2008,L1P,L
4B26A5,HB-OQN,P28R,PIPER PA-28R-180/200/201,L1P,L
4B28A5,HB-PKF,P28B,PIPER PA-28-201T/235/236,L1P,L
4B2BA5,HB-QNT,BALL,,B0-,-
4B2CA5,HB-QXP,BALL,,B0-,-
4B2FA5,HB-SBD,CP10,CAP AVIATION CAP-10,L1P,L
4B32A5,HB-TER,C182,CESSNA 182 Skylane,L1P,L
4B3CA5,HB-WZD,BREZ,AEROSTYLE Breezer,L1P,L
4B42A5,HB-ZGF,A139,AGUSTA AW-139,H2T,L
4B44A5,HB-ZZX,AS50,AEROSPATIALE AS-350 Ecureuil,H1T,L
4B4DA5,HB-2302,ZZZZ,,-0-,-
4B51A5,HB-3326,GLID,,L0-,-
4B7FA5,T-314,AS32,AEROSPATIALE AS-332 Super Puma,H2T,M
4B82A5,EM-7095,B429,BELL 429 GlobalRanger,H2T,L
4B8AA5,TC-BUE,BALL,,B0-,-
4BB2A5,TC-LUE,A21N,AIRBUS A-321neo,L2J,M
4BCCA5,TC-SEE,B738,BOEING 737-800,L2J,M
4BCDA5,TC-SME,B38M,BOEING 737 MAX 8,L2J,M
4BD6A5,TC-UUE,SLG2,AIRPLANE FACTORY Sling 2,L1P,L
4CA2A5,EI-TGF,R22,ROBINSON R-22 Mariner,H1P,L
4CA5A5,EI-DVZ,R44,ROBINSON R-44 Raven,H1P,L
4CA6A5,EI-DYP,B738,BOEING 737-800,L2J,M
4CA8A5,EI-GVM,R22,ROBINSON R-22 Mariner,H1P,L
4CA9A5,EI-ETE,RALL,SOCATA Rallye,L1P,L
4CAAA5,EI-FAD,RV7,VANS RV-7,L1P,L
4CC2A5,TF-FIR,B752,BOEING 757-200,L2J,M
4D02A5,LX-FLH,PC12,PILATUS PC-12,L1T,L
4D21A5,9H-SFK,FA7X,DASSAULT Falcon 7X,L3J,M
5002A5,T7-5PM,P46T,PIPER PA-46-500TP,L1T,L
502CA5,YL-LCO,A320,AIRBUS A-320,L2J,M
503DA5,LY-VEV,A320,AIRBUS A-320,L2J,M
505DA5,OM-EMM,P28T,PIPER PA-28RT-201,L1P,L
505EA5,OM-M234,ALGR,FANTASY AIR Allegro,L1P,L
506CA5,S5-BBV,C56X,CESSNA 560XL Citation XLS,L2J,M
5081A5,UR-CHB,MI8,MIL Mi-8/9/17/19/171/172,H2T,M
5083A5,UR-CQY,B734,BOEING 737-400,L2J,M
5110A5,ES-LSB,SF34,SAAB 340,L2T,M
6830A5,UP-A2001,A320,AIRBUS A-320,L2J,M
7020A5,S2-AKE,DH8A,DE HAVILLAND DHC-8-100 Dash 8,L2T,M
70A9A5,9N-ANH,AT75,ATR-72-500,L2T,M
70C0A5,A4O-DB,A333,AIRBUS A-330-300,L2J,H
7100A5,HZ-AEO,E170,EMBRAER ERJ-170-100,L2J,M
7101A5,HZ-SK7,GLF4,GULFSTREAM 4,L2J,M
7103A5,822,SR22,CIRRUS SR-22,L1P,L
7105A5,HZ-NS25,A20N,AIRBUS A-320neo,L2J,M
717CA5,HZ-RC54,EC45,AIRBUS HELICOPTERS EC-145,H2T,L
7278A5,P-883,IL62,ILYUSHIN Il-62,L4J,H
7324A5,EP-IEE,A320,AIRBUS A-320,L2J,M
7334A5,EP-MEE,B744,BOEING 747-400,L4J,H
7335A5,EP-MME,A346,AIRBUS A-340-600,L4J,H
7342A5,EP-PUE,E145,EMBRAER ERJ-145,L2J,M
7502A5,M55-06,EC25,AIRBUS HELICOPTERS EC-225/725,H2T,M
7583A5,RP-C4103,A320,AIRBUS A-320,L2J,M
7585A5,RP-C8330,EC30,AIRBUS HELICOPTERS EC-130,H1T,L
7609A5,AP-BME,B733,BOEING 737-300,L2J,M
76CDA5,9V-SME,A359,AIRBUS A-350-900,L2J,H
7800A5,B-9963,A320,AIRBUS A-320,L2J,M
7802A5,B-5232,B737,BOEING 737-700,L2J,M
7803A5,B-9276,C172,CESSNA 172 Skyhawk,L1P,L
7804A5,B-3251,CRJ9,BOMBARDIER Regional Jet CRJ-900,L2J,M
7805A5,B-5482,B738,BOEING 737-800,L2J,M
7806A5,B-6717,A320,AIRBUS A-320,L2J,M
7808A5,B-6915,A320,AIRBUS A-320,L2J,M
7809A5,B-5918,A332,AIRBUS A-330-200,L2J,H
780AA5,B-LRE,A359,AIRBUS A-350-900,L2J,H
780BA5,B-5837,B738,BOEING 737-800,L2J,M
780CA5,B-1858,A321,AIRBUS A-321,L2J,M
780DA5,B-3370,CRJ2,BOMBARDIER Regional Jet CRJ-200,L2J,M
780FA5,B-8542,A321,AIRBUS A-321,L2J,M
7810A5,B-3240,E190,EMBRAER ERJ-190-100,L2J,M
7811A5,B-1469,B789,BOEING 787-9 Dreamliner,L2J,H
7812A5,B-1018,A320,AIRBUS A-320,L2J,M
7813A5,B-1103,B738,BOEING 737-800,L2J,M
7814A5,B-10XC,DA42,DIAMOND DA-42 Guardian,L2P,L
7815A5,B-207Y,B752,BOEING 757-200,L2J,M
7816A5,B-107W,KP5,JIHLAVAN KP-5 Skyleader,L1P,L
7817A5,B-30AD,A20N,AIRBUS A-320neo,L2J,M
7819A5,B-20F1,B737,BOEING 737-700,L2J,M
781BA5,B-12C9,DV20,DIAMOND DA-20,L1P,L
781CA5,B-652D,AJ27,COMAC ARJ-21-700 Xiangfeng,L2J,M
781DA5,B-329K,A359,AIRBUS A-350-900,L2J,H
7BB0A5,B-2672,B738,BOEING 737-800,L2J,M
7C00A5,VH-AEV,C337,CESSNA 337 Super Skymaster,L2P,L
7C05A5,VH-BEF,R22,ROBINSON R-22 Mariner,H1P,L
7C06A5,VH-BLJ,B06,BELL 206 JetRanger,H1T,L
7C07A5,VH-BSN,RV6,VANS RV-6,L1P,L
7C0AA5,VH-CDZ,P28A,PIPER PA-28-140/150/160/180,L1P,L
7C10A5,VH-DKN,C182,CESSNA 182 Skylane,L1P,L
7C11A5,VH-DRR,PA23,PIPER PA-23,L2P,L
7C16A5,VH-ERB,BT36,BEECH B36TC Bonanza,L1P,L
7C1CA5,VH-FXZ,PC12,PILATUS PC-12,L1T,L
7C2AA5,VH-IPJ,PA24,PIPER PA-24 Comanche,L1P,L
7C2BA5,VH-IWN,M20P,MOONEY M-20,L1P,L
7C2DA5,VH-JAV,FU24,FLETCHER FU-24,L1P,L
7C2EA5,VH-JHZ,R22,ROBINSON R-22 Mariner,H1P,L
7C32A5,VH-KAF,PA30,PIPER PA-30 Twin Comanche,L2P,L
7C3EA5,VH-MNR,PA34,PIPER PA-34 Seneca,L2P,L
7C60A5,VH-TDJ,RV7,VANS RV-7,L1P,L
7C62A5,VH-TRR,P28A,PIPER PA-28-140/150/160/180,L1P,L
7C63A5,VH-TYV,C208,CESSNA 208 Caravan,L1T,L
7C68A5,VH-UYF,E190,EMBRAER ERJ-190-100,L2J,M
7C6AA5,VH-VCN,BALL,,B0-,-
7C6BA5,VH-VJR,C182,CESSNA 182 Skylane,L1P,L
7C70A5,VH-WJB,SR22,CIRRUS SR-22,L1P,L
7C75A5,VH-XIV,RV14,VANS RV-14,L1P,L
7C76A5,VH-XPZ,C172,CESSNA 172 Skyhawk,L1P,L
7C7AA5,VH-YIF,B738,BOEING 737-800,L2J,M
7C7BA5,VH-YPJ,DA40,DIAMOND DA-40 Club Star,L1P,L
7C7CA5,VH-YWN,NG5,BRM AERO NG-5/6 Bristell,L1P,L
7CF9A5,N48-006,H60,SIKORSKY UH-60 Black Hawk,H2T,M
8002A5,H1527,A748,AVRO 748,L2T,M
800DA5,VT-SXC,B738,BOEING 737-800,L2J,M
8013A5,VT-IJR,A20N,AIRBUS A-320neo,L2J,M
8014A5,VT-SRH,GL7T,BOMBARDIER BD-700 Global 7000/7500,L2J,M
845EA5,JA119P,B412,BELL 412,H2T,L
846EA5,JA15TP,B429,BELL 429 GlobalRanger,H2T,L
8521A5,JA35MP,A109,AGUSTA AW-109 Grand,H2T,L
857FA5,JA46UK,C172,CESSNA 172 Skyhawk,L1P,L
8805A5,L8-2/23,C130,LOCKHEED C-130 Hercules,L4T,M
881BA5,H11-2/58,EC25,AIRBUS HELICOPTERS EC-225/725,H2T,M
882DA5,HS-KME,B738,BOEING 737-800,L2J,M
8830A5,HS-LEE,GALX,GULFSTREAM G200,L2J,M
8852A5,HS-TUE,A388,AIRBUS A-380-800,L4J,H
8880A5,VN-A397,A321,AIRBUS A-321,L2J,M
8881A5,VN-A599,A20N,AIRBUS A-320neo,L2J,M
8940A5,A9C-DHS,B763,BOEING 767-300,L2J,H
8962A5,A6-FTZ,DA42,DIAMOND DA-42 Guardian,L2P,L
8964A5,A6-EQM,B77W,BOEING 777-300ER,L2J,H
8980A5,P2-VIP,S76,SIKORSKY S-76 Spirit,H2T,L
8990A5,B-18773,B77L,BOEING 777-200LR,L2J,H
8991A5,B-18658,B738,BOEING 737-800,L2J,M
8A02A5,PK-LJG,B739,BOEING 737-900,L2J,M
8A03A5,PK-GIA,B77W,BOEING 777-300ER,L2J,H
8A04A5,PK-GQA,A320,AIRBUS A-320,L2J,M
8A05A5,HR-1301,A139,AGUSTA AW-139,H2T,L
8A06A5,PK-ROV,PA44,PIPER PA-44 Seminole,L2P,L
8A07A5,PK-SNM,C208,CESSNA 208 Caravan,L1T,L
8A08A5,PK-WSU,B505,BELL 505 JetRanger X,H1T,L
A002A5,N10CZ,COZY,CO-Z Cozy,L1P,L
A003A5,N10PE,RV4,VANS RV-4,L1P,L
A007A5,N1004N,BDOG,BRITISH AEROSPACE SA-3 Bulldog,L1P,L
A008A5,N101CH,C182,CESSNA 182 Skylane,L1P,L
A00DA5,N102RM,PA34,PIPER PA-34 Seneca,L2P,L
A010A5,N103JD,TBM7,SOCATA TBM-700A/B/C,L1T,L
A013A5,N104AW,PZ04,PZL-OKECIE PZL-104 Wilga,L1P,L
A014A5,N104MB,BE30,BEECH 300 Super King Air,L2T,L
A017A5,N105DU,BCS1,AIRBUS A220-100,L2J,M
A019A5,N1050F,C185,CESSNA 185 Skywagon,L1P,L
A01BA5,N106GS,SSTL,JUST JA30 SuperSTOL,L1P,L
A01CA5,N106SY,E75L,EMBRAER ERJ-170-200 (long wing),L2J,M
A01EA5,N1069V,C172,CESSNA 172 Skyhawk,L1P,L
A01FA5,N107KQ,K100,DAHER Kodiak 100,L1T,L
A020A5,N107VW,BE35,BEECH 35 Starfire Bonanza,L1P,L
A021A5,N1074M,M20P,MOONEY M-20,L1P,L
A022A5,N108CG,AKRO,STEPHENS Akro,L1P,L
A023A5,N108NN,A321,AIRBUS A-321,L2J,M
A025A5,N1086Q,M20P,MOONEY M-20,L1P,L
A026A5,N109FE,B763,BOEING 767-300,L2J,H
A027A5,N109RL,S51D,STEWARD S-51D,L1P,L
A028A5,N1091G,BE36,BEECH 36 Bonanza,L1P,L
A02AA5,N11JC,PTS2,PITTS S-2 Special,L1P,L
A02CA5,N110EP,,,,
A02FA5,N1108B,L8,LUSCOMBE 8,L1P,L
A030A5,N111HM,CH7B,BELLANCA 7 Citabria,L1P,L
A031A5,N111TT,SR22,CIRRUS SR-22,L1P,L
A033A5,N112AD,RV7,VANS RV-7,L1P,L
A036A5,N11247,WACF,WACO F,L1P,L
A038A5,N113PH,AS50,AEROSPATIALE AS-350 Ecureuil,H1T,L
A03AA5,N1137,A320,AIRBUS A-320,L2J,M
A03CA5,N114SF,B06,BELL 206 JetRanger,H1T,L
A03EA5,N1149C,SR22,CIRRUS SR-22,L1P,L
A041A5,N11535,E145,EMBRAER ERJ-145,L2J,M
A043A5,N116MW,A169,AGUSTA AW-169,H2T,L
A045A5,N11658,CH7B,BELLANCA 7 Citabria,L1P,L
A049A5,N1178A,SPST,REARWIN Sportster,L1P,L
A04CA5,N11823,C177,CESSNA  177 Cardinal,L1P,L
A04DA5,N119AC,BE58,BEECH 58 Baron,L2P,L
A050A5,N11946,C150,CESSNA 150,L1P,L
A051A5,N12DA,AT8T,AIR TRACTOR AT-802,L1T,M
A052A5,N12PG,M7,MAULE M-7,L1P,L
A054A5,N120KT,RV4,VANS RV-4,L1P,L
A056A5,N1204Q,T206,CESSNA T206 Turbo Stationair,L1P,L
A059A5,N121YX,WAIX,SONEX Waiex,L1P,L
A05AA5,N1216T,P28R,PIPER PA-28R-180/200/201,L1P,L
A05CA5,N122RP,C172,CESSNA 172 Skyhawk,L1P,L
A05DA5,N1221K,PA44,PIPER PA-44 Seminole,L2P,L
A05EA5,N1228W,BALL,,B0-,-
A05FA5,N123JF,BE60,BEECH 60 Duke,L2P,L
A060A5,N123UM,,,,
A063A5,N124MD,BE58,BEECH 58 Baron,L2P,L
A066A5,N125DW,C525,CESSNA 525 CitationJet,L2J,L
A068A5,N1250H,AR15,AERONCA 15 Sedan,L1P,L
A06BA5,N126T,PA18,PIPER PA-18 Super Cub,L1P,L
A06EA5,N127KS,AS29,SCHLEICHER ASG-29,L1P,L
A071A5,N128CJ,FOX,KITFOX,L1P,L
A079A5,N13JE,BE36,BEECH 36 Bonanza,L1P,L
A07BA5,N130ER,TAMP,SOCATA TB-9 Tampico,L1P,L
A07FA5,N131HP,PA31,PIPER PA-31-300/310/325/350/425,L2P,L
A080A5,N131TV,PA23,PIPER PA-23,L2P,L
A083A5,N132LM,,,,
A085A5,N13249,C172,CESSNA 172 Skyhawk,L1P,L
A087A5,N133PK,P46T,PIPER PA-46-500TP,L1T,L
A089A5,N1337B,L8,LUSCOMBE 8,L1P,L
A08EA5,N135K,BE95,BEECH 95 Travel Air,L2P,L
A090A5,N13537,C172,CESSNA 172 Skyhawk,L1P,L
A094A5,N1366,,,,
A099A5,N138HN,EC35,AIRBUS HELICOPTERS EC-135/635,H2T,L
A09DA5,N139LL,L39,LET L-39 Albatros,L1J,L
A09EA5,N139WS,L39,LET L-39 Albatros,L1J,L
A0A1A5,N14PJ,,,,
A0A9A5,N1416V,C172,CESSNA 172 Skyhawk,L1P,L
A0ACA5,N1421M,C421,CESSNA 421 Executive Commuter,L2P,L
A0AEA5,N143JH,EFOX,AEROPRO Eurofox,L1P,L
A0AFA5,N143UP,A306,AIRBUS A-300-600,L2J,H
A0B1A5,N144B,FDCT,FLIGHT DESIGN CT,L1P,L
A0B4A5,N1445T,P28R,PIPER PA-28R-180/200/201,L1P,L
A0B9A5,N146GW,C425,CESSNA 425 Corsair,L2T,L
A0BAA5,N146TB,BRAV,TECNAM P-2004 Bravo,L1P,L
A0BBA5,N1462N,C82S,CESSNA T182 Turbo Skylane,L1P,L
A0BCA5,N1469Z,RV8,VANS RV-8,L1P,L
A0C3A5,N1486U,C172,CESSNA 172 Skyhawk,L1P,L
A0CCA5,N15005,P28A,PIPER PA-28-140/150/160/180,L1P,L
A0CEA5,N151HR,P51,NORTH AMERICAN P-51 Mustang,L1P,L
A0D0A5,N15128,RELI,STINSON Reliant,L1P,L
A0D2A5,N152LP,BALL,,B0-,-
A0D4A5,N1525A,BALL,,B0-,-
A0D6A5,N153PM,C525,CESSNA 525 CitationJet,L2J,L
A0DAA5,N154SK,C152,CESSNA 152,L1P,L
A0E4A5,N157ES,SR22,CIRRUS SR-22,L1P,L
A0E6A5,N15704,PARA,,P0-,-
A0E9A5,N158TW,FA20,DASSAULT Falcon 200,L2J,M
A0EBA5,N159AG,C208,CESSNA 208 Caravan,L1T,L
A0EEA5,N1595,FA24,FAIRCHILD F-24 Argus,L1P,L
A0EFA5,N16DE,DISC,SCHEMPP-HIRTH Discus,L1P,L
A0F0A5,N16PL,C550,CESSNA 550 Citation S2,L2J,L
A0F3A5,N160WC,CL30,BOMBARDIER BD-100 Challenger 300,L2J,M
A0F5A5,N161CP,FOX,KITFOX,L1P,L
A0FAA5,N162RT,EXEC,ROTORWAY Exec,H1P,L
A100A5,N164BB,SR22,CIRRUS SR-22,L1P,L
A103A5,N1645V,C120,CESSNA 120,L1P,L
A107A5,N1657Y,C172,CESSNA 172 Skyhawk,L1P,L
A10EA5,N1674T,,,,
A113A5,N169FL,C177,CESSNA  177 Cardinal,L1P,L
A114A5,N169RS,,,,
A115A5,N1691N,BL8,BELLANCA 8 Decathlon,L1P,L
A117A5,N17JJ,LEG2,LANCAIR Legacy,L1P,L
A11BA5,N17007,,,,
A11DA5,N171HT,SR22,CIRRUS SR-22,L1P,L
A120A5,N172AK,C172,CESSNA 172 Skyhawk,L1P,L
A121A5,N172LR,C172,CESSNA 172 Skyhawk,L1P,L
A123A5,N1725C,C180,CESSNA  180 Skywagon,L1P,L
A127A5,N1737F,C172,CESSNA 172 Skyhawk,L1P,L
A128A5,N174GF,C72R,CESSNA 172R Cutlass RG,L1P,L
A129A5,N174SM,RV7,VANS RV-7,L1P,L
A12EA5,N1754A,PA18,PIPER PA-18 Super Cub,L1P,L
A139A5,N17829,BE33,BEECH 33 Bonanza,L1P,L
A13CA5,N179WW,,,,
A13EA5,N18DG,,,,
A143A5,N1804W,BE55,BEECH 55 Baron,L2P,L
A147A5,N1816Z,BE23,BEECH 23 Sundowner,L1P,L
A148A5,N182FP,C182,CESSNA 182 Skylane,L1P,L
A149A5,N182RV,C82S,CESSNA T182 Turbo Skylane,L1P,L
A14AA5,N1821R,C185,CESSNA 185 Skywagon,L1P,L
A152A5,N1845X,C182,CESSNA 182 Skylane,L1P,L
A153A5,N185EB,C185,CESSNA 185 Skywagon,L1P,L
A155A5,N1850P,PA18,PIPER PA-18 Super Cub,L1P,L
A156A5,N18570,BE17,BEECH 17 Staggerwing,L1P,L
A157A5,N186H,PA23,PIPER PA-23,L2P,L
A165A5,N18981,BE24,BEECH 24 Sierra,L1P,L
A166A5,N19JL,TAYB,TAYLORCRAFT BC/BF/BL,L1P,L
A167A5,N19US,,,,
A169A5,N190RC,C190,CESSNA 190,L1P,L
A16BA5,N1908K,L8,LUSCOMBE 8,L1P,L
A16EA5,N1913B,,,,
A16FA5,N192AM,P28A,PIPER PA-28-140/150/160/180,L1P,L
A172A5,N1925E,CH7A,BELLANCA 7 Champion,L1P,L
A176A5,N1937H,P28A,PIPER PA-28-140/150/160/180,L1P,L
A178A5,N194SP,C172,CESSNA 172 Skyhawk,L1P,L
A17BA5,N195KF,FOX,KITFOX,L1P,L
A17DA5,N1954C,C170,CESSNA 170,L1P,L
A181A5,N1966F,C172,CESSNA 172 Skyhawk,L1P,L
A185A5,N1978J,M20P,MOONEY M-20,L1P,L
A189A5,N199AL,ULAC,,L0-,-
A18BA5,N199WY,PA18,PIPER PA-18 Super Cub,L1P,L
A18CA5,N1995D,BE35,BEECH 35 Starfire Bonanza,L1P,L
A18EA5,N2PQ,QIC2,QUICKIE Q2,L1P,L
A18FA5,N2ZW,BE35,BEECH 35 Starfire Bonanza,L1P,L
A190A5,N20LA,R44,ROBINSON R-44 Raven,H1P,L
A192A5,N200GM,,,,
A193A5,N200ST,PRM1,RAYTHEON 390 Premier 1,L2J,L
A195A5,N2009Q,C77R,CESSNA 177RG Cardinal RG,L1P,L
A196A5,N201KK,M20P,MOONEY M-20,L1P,L
A197A5,N201VR,M20P,MOONEY M-20,L1P,L
A198A5,N2014G,BE24,BEECH 24 Sierra,L1P,L
A199A5,N202CB,P28A,PIPER PA-28-140/150/160/180,L1P,L
A19CA5,N2026K,L8,LUSCOMBE 8,L1P,L
A19DA5,N203F,P28A,PIPER PA-28-140/150/160/180,L1P,L
A19EA5,N203RF,SR22,CIRRUS SR-22,L1P,L
A19FA5,N2031B,BE36,BEECH 36 Bonanza,L1P,L
A1A0A5,N2038N,BE33,BEECH 33 Bonanza,L1P,L
A1A7A5,N2055H,BALL,,B0-,-
A1ABA5,N2067L,BE23,BEECH 23 Sundowner,L1P,L
A1ACA5,N207GL,PARA,,P0-,-
A1ADA5,N207SS,C441,CESSNA 441 Conquest,L2T,L
A1AEA5,N2072C,,,,
A1B3A5,N209CA,FA20,DASSAULT Falcon 200,L2J,M
A1B4A5,N209NG,R44,ROBINSON R-44 Raven,H1P,L
A1B8A5,N21RE,LA4,LAKE LA-4/200,A1P,L
A1BAA5,N210MR,T210,CESSNA T210 Turbo Centurion,L1P,L
A1BBA5,N210XX,C210,CESSNA 201 Centurion,L1P,L
A1BFA5,N2110V,C120,CESSNA 120,L1P,L
A1C0A5,N21176,C182,CESSNA 182 Skylane,L1P,L
A1C1A5,N212HF,C56X,CESSNA 560XL Citation XLS,L2J,M
A1C2A5,N212TM,C177,CESSNA  177 Cardinal,L1P,L
A1C4A5,N21299,C337,CESSNA 337 Super Skymaster,L2P,L
A1C6A5,N213WK,AS26,SCHLEICHER ASH-26,L1P,L
A1C7A5,N21341,P28A,PIPER PA-28-140/150/160/180,L1P,L
A1CDA5,N215S,BE35,BEECH 35 Starfire Bonanza,L1P,L
A1CEA5,N2151W,BE23,BEECH 23 Sundowner,L1P,L
A1CFA5,N21587,C182,CESSNA 182 Skylane,L1P,L
A1D0A5,N216JS,FOX,KITFOX,L1P,L
A1D2A5,N2163Z,C180,CESSNA  180 Skywagon,L1P,L
A1DDA5,N2192X,C337,CESSNA 337 Super Skymaster,L2P,L
A1DFA5,N22LC,,,,
A1E0A5,N22WJ,RV7,VANS RV-7,L1P,L
A1E1A5,N220GP,B06,BELL 206 JetRanger,H1T,L
A1E3A5,N2202F,RS12,RANS S-12 Super Airaile,L1P,L
A1E5A5,N221KM,,,,
A1E6A5,N221VT,FDCT,FLIGHT DESIGN CT,L1P,L
A1E8A5,N222CD,RV6,VANS RV-6,L1P,L
A1EBA5,N2226M,J3,PIPER J-3 Cub,L1P,L
A1EDA5,N223RH,RV6,VANS RV-6,L1P,L
A1EEA5,N2231D,C170,CESSNA 170,L1P,L
A1F0A5,N224J,,,,
A1F3A5,N225AS,E50P,EMBRAER EMB-500 Phenom 100,L2J,L
A1F9A5,N2260B,L8,LUSCOMBE 8,L1P,L
A1FDA5,N2272E,CH7A,BELLANCA 7 Champion,L1P,L
A1FEA5,N2279R,T210,CESSNA T210 Turbo Centurion,L1P,L
A202A5,N229CC,PA11,PIPER PA-11 Cub Special,L1P,L
A205A5,N2296L,BE36,BEECH 36 Bonanza,L1P,L
A206A5,N23FA,PA23,PIPER PA-23,L2P,L
A207A5,N23RG,C185,CESSNA 185 Skywagon,L1P,L
A20BA5,N23055,L8,LUSCOMBE 8,L1P,L
A20CA5,N231EK,M20P,MOONEY M-20,L1P,L
A213A5,N233A,BE35,BEECH 35 Starfire Bonanza,L1P,L
A215A5,N233WM,AC50,NORTH AMERICAN ROCKWELL Commander 500,L2P,L
A216A5,N23343,ERCO,AIR PRODUCTS F-1 Aircoupe,L1P,L
A218A5,N234PD,SR22,CIRRUS SR-22,L1P,L
A21BA5,N235FW,B06,BELL 206 JetRanger,H1T,L
A21CA5,N235SB,P28B,PIPER PA-28-201T/235/236,L1P,L
A21DA5,N2351Y,C177,CESSNA  177 Cardinal,L1P,L
A21EA5,N23589,BE58,BEECH 58 Baron,L2P,L
A220A5,N236V,KR2,RAND KR-2,L1P,L
A226A5,N238EJ,C550,CESSNA 550 Citation S2,L2J,L
A22CA5,N2392Z,BE23,BEECH 23 Sundowner,L1P,L
A22EA5,N24LE,,,,
A22FA5,N24WL,T18,THORP Tiger,L1P,L
A232A5,N2402H,ERCO,AIR PRODUCTS F-1 Aircoupe,L1P,L
A235A5,N241VV,BE30,BEECH 300 Super King Air,L2T,L
A236A5,N2414L,,,,
A23DA5,N2431F,PA38,PIPER PA-38 Tomahawk,L1P,L
A23EA5,N2438S,C72R,CESSNA 172R Cutlass RG,L1P,L
A23FA5,N244JB,R44,ROBINSON R-44 Raven,H1P,L
A243A5,N245M,BE18,BEECH 18 Expetitor,L2P,L
A245A5,N2455M,PA12,PIPER PA-12 Super Cruiser,L1P,L
A246A5,N246DS,TAYB,TAYLORCRAFT BC/BF/BL,L1P,L
A249A5,N2467Q,C172,CESSNA 172 Skyhawk,L1P,L
A250A5,N2484K,PA38,PIPER PA-38 Tomahawk,L1P,L
A255A5,N25FC,C180,CESSNA  180 Skywagon,L1P,L
A256A5,N25RJ,,,,
A257A5,N250BP,EPIC,EPIC AIRCRAFT Epic LT,L1T,L
A25AA5,N25057,C152,CESSNA 152,L1P,L
A25DA5,N2510Z,BL8,BELLANCA 8 Decathlon,L1P,L
A264A5,N253WP,C82S,CESSNA T182 Turbo Skylane,L1P,L
A265A5,N25345,L8,LUSCOMBE 8,L1P,L
A266A5,N254D,BE95,BEECH 95 Travel Air,L2P,L
A269A5,N25468,CMAS,CESSNA C-165 Airmaster,L1P,L
A26BA5,N255SD,EC20,AIRBUS HELICOPTERS EC-120,H1T,L
A26CA5,N25510,BALL,,B0-,-
A26DA5,N2559A,PA22,PIPER PA-22,L1P,L
A270A5,N25633,BE35,BEECH 35 Starfire Bonanza,L1P,L
A277A5,N2580Y,BALL,,B0-,-
A27CA5,N26AA,C172,CESSNA 172 Skyhawk,L1P,L
A27DA5,N26LG,FOX,KITFOX,L1P,L
A289A5,N2626R,C182,CESSNA 182 Skylane,L1P,L
A28CA5,N2631H,GLID,,L0-,-
A28DA5,N2638U,T206,CESSNA T206 Turbo Stationair,L1P,L
A298A5,N2667S,C210,CESSNA 201 Centurion,L1P,L
A299A5,N267GS,BL8,BELLANCA 8 Decathlon,L1P,L
A29AA5,N267SY,E75L,EMBRAER ERJ-170-200 (long wing),L2J,M
A29BA5,N2672J,C150,CESSNA 150,L1P,L
A29FA5,N2684M,PA12,PIPER PA-12 Super Cruiser,L1P,L
A2A0A5,N269CG,RV7,VANS RV-7,L1P,L
A2A1A5,N269NN,E75L,EMBRAER ERJ-170-200 (long wing),L2J,M
A2A3A5,N2696Q,C182,CESSNA 182 Skylane,L1P,L
A2A5A5,N27RL,,,,
A2A9A5,N27059,J5,PIPER J-5 Cub Cruiser,L1P,L
A2AFA5,N272TT,,,,
A2B4A5,N27347,PA18,PIPER PA-18 Super Cub,L1P,L
A2B5A5,N274DB,C182,CESSNA 182 Skylane,L1P,L
A2B8A5,N2747,TB20,SOCATA TB-20 Trinidad,L1P,L
A2BBA5,N27512,E135,EMBRAER ERJ-135,L2J,M
A2BCA5,N2759C,C170,CESSNA 170,L1P,L
A2C1A5,N277MW,AA5,AMERICAN AA-5 Tiger,L1P,L
A2C3A5,N27758,B06,BELL 206 JetRanger,H1T,L
A2C8A5,N279HL,R44,ROBINSON R-44 Raven,H1P,L
A2CAA5,N27923,J3,PIPER J-3 Cub,L1P,L
A2CBA5,N28AC,C182,CESSNA 182 Skylane,L1P,L
A2CEA5,N280GV,EN28,ENSTROM F-28,H1P,L
A2CFA5,N280TA,A4,DOUGLAS A-4 Skyhawk,L1J,M
A2D0A5,N2802M,P28A,PIPER PA-28-140/150/160/180,L1P,L
A2D4A5,N2814Q,T206,CESSNA T206 Turbo Stationair,L1P,L
A2D8A5,N2826T,P28R,PIPER PA-28R-180/200/201,L1P,L
A2DBA5,N2831K,C180,CESSNA  180 Skywagon,L1P,L
A2DCA5,N2838W,BE33,BEECH 33 Bonanza,L1P,L
A2DFA5,N2843N,,,,
A2E0A5,N285AY,A332,AIRBUS A-330-200,L2J,H
A2E6A5,N2860H,ERCO,AIR PRODUCTS F-1 Aircoupe,L1P,L
A2E7A5,N2867U,P28A,PIPER PA-28-140/150/160/180,L1P,L
A2E9A5,N287T,PA18,PIPER PA-18 Super Cub,L1P,L
A2EBA5,N2879X,C177,CESSNA  177 Cardinal,L1P,L
A2EEA5,N2884P,PA18,PIPER PA-18 Super Cub,L1P,L
A2F3A5,N29FG,WCAT,GRUMMAN F4F Wildcat,L1P,L
A2FCA5,N2918D,P28B,PIPER PA-28-201T/235/236,L1P,L
A2FDA5,N292HP,P28A,PIPER PA-28-140/150/160/180,L1P,L
A301A5,N293LM,SR22,CIRRUS SR-22,L1P,L
A30AA5,N29514,TAYB,TAYLORCRAFT BC/BF/BL,L1P,L
A30BA5,N2959E,CH7A,BELLANCA 7 Champion,L1P,L
A319A5,N29925,WACF,WACO F,L1P,L
A31AA5,N3AE,WAIX,SONEX Waiex,L1P,L
A31DA5,N30GX,C25B,CESSNA 525B Citation CJ3,L2J,L
A31FA5,N300DH,CL30,BOMBARDIER BD-100 Challenger 300,L2J,M
A322A5,N3007F,C182,CESSNA 182 Skylane,L1P,L
A324A5,N301SM,M20P,MOONEY M-20,L1P,L
A326A5,N3019J,C150,CESSNA 150,L1P,L
A329A5,N3024A,C170,CESSNA 170,L1P,L
A330A5,N30406,P32R,PIPER PA-32R-300/301/301T,L1P,L
A331A5,N3048G,,,,
A334A5,N30529,SS2T,TRUSH Turbo Thrush 500/550,L1T,L
A337A5,N306WW,T28,NORTH AMERICAN T-28,L1P,L
A338A5,N3065B,P32R,PIPER PA-32R-300/301/301T,L1P,L
A339A5,N307DG,DG1T,DG FLUGZEUGBAU DG-1001T,L1P,L
A33AA5,N307PN,FA7X,DASSAULT Falcon 7X,L3J,M
A33CA5,N3077E,C172,CESSNA 172 Skyhawk,L1P,L
A340A5,N3089H,BE33,BEECH 33 Bonanza,L1P,L
A344A5,N31BV,AC90,NORTH AMERICAN ROCKWELL Turbo Commander 690/840,L2T,L
A345A5,N31NA,T28,NORTH AMERICAN T-28,L1P,L
A34BA5,N311MK,GALX,GULFSTREAM G200,L2J,M
A351A5,N31270,CH7A,BELLANCA 7 Champion,L1P,L
A352A5,N313H,D25,NEW STANDART D-25,L1P,L
A353A5,N313TF,SR22,CIRRUS SR-22,L1P,L
A355A5,N31393,AR65,AERONCA 65 Super Chief,L1P,L
A358A5,N3144V,C172,CESSNA 172 Skyhawk,L1P,L
A35CA5,N3156Y,C182,CESSNA 182 Skylane,L1P,L
A362A5,N317US,A320,AIRBUS A-320,L2J,M
A363A5,N3173T,BE33,BEECH 33 Bonanza,L1P,L
A36AA5,N3190N,C140,CESSNA 140,L1P,L
A36BA5,N3197Z,PA18,PIPER PA-18 Super Cub,L1P,L
A36DA5,N32TE,P32R,PIPER PA-32R-300/301/301T,L1P,L
A36EA5,N320DK,LNC2,LANCAIR 200-320,L1P,L
A372A5,N321GH,WACF,WACO F,L1P,L
A373A5,N321SP,PA32,PIPER PA-32,L1P,L
A375A5,N3219L,C172,CESSNA 172 Skyhawk,L1P,L
A378A5,N3224C,C82R,CESSNA R182 Skylane RG,L1P,L
A37EA5,N324RB,,,,
A37FA5,N32408,P28A,PIPER PA-28-140/150/160/180,L1P,L
A382A5,N325U,C150,CESSNA 150,L1P,L
A384A5,N326AL,ALIG,ARION LS-1 Lightning,L1P,L
A385A5,N326LS,A189,AGUSTA AW-189,H2T,M
A387A5,N3265D,C180,CESSNA  180 Skywagon,L1P,L
A388A5,N327DJ,FOX,KITFOX,L1P,L
A38BA5,N3277G,CRBN,CURTISS-ROBERTSON Robin,L1P,L
A38FA5,N3289K,GC1,GLOBE Swift,L1P,L
A392A5,N3294B,PA18,PIPER PA-18 Super Cub,L1P,L
A393A5,N33BX,MRAI,MONNETT Monerai P,L1P,L
A394A5,N33NC,RV8,VANS RV-8,L1P,L
A398A5,N3303W,PA32,PIPER PA-32,L1P,L
A399A5,N331BF,SS2T,TRUSH Turbo Thrush 500/550,L1T,L
A3A0A5,N33272,C77R,CESSNA 177RG Cardinal RG,L1P,L
A3A2A5,N333TH,BE33,BEECH 33 Bonanza,L1P,L
A3A3A5,N3332U,C182,CESSNA 182 Skylane,L1P,L
A3A4A5,N33395,SKYR,REARWIN Skyranger,L1P,L
A3A5A5,N334L,R66,ROBINSON R-66,H1T,L
A3A8A5,N335CS,C550,CESSNA 550 Citation S2,L2J,L
A3ABA5,N33560,P28A,PIPER PA-28-140/150/160/180,L1P,L
A3ADA5,N336RW,BE36,BEECH 36 Bonanza,L1P,L
A3B4A5,N338ML,MU2,MITSUBISHI MU-2 Marquise,L2T,L
A3B6A5,N3385Y,C182,CESSNA 182 Skylane,L1P,L
A3B7A5,N339EC,RV6,VANS RV-6,L1P,L
A3BBA5,N34HA,BE65,BEECH 65 Queen Air,L2P,L
A3BCA5,N34TG,SR22,CIRRUS SR-22,L1P,L
A3BDA5,N340DM,C340,CESSNA 340 Super,L2P,L
A3BEA5,N340PT,C340,CESSNA 340 Super,L2P,L
A3C3A5,N3412B,BE35,BEECH 35 Starfire Bonanza,L1P,L
A3C7A5,N3424E,CH7A,BELLANCA 7 Champion,L1P,L
A3CDA5,N344RD,,,,
A3CEA5,N3441,GLID,,L0-,-
A3D2A5,N3453C,C170,CESSNA 170,L1P,L
A3D5A5,N346X,M5,MAULE M-5,L1P,L
A3DDA5,N3482A,PA22,PIPER PA-22,L1P,L
A3E2A5,N35BZ,LNC2,LANCAIR 200-320,L1P,L
A3E7A5,N3503Y,C182,CESSNA 182 Skylane,L1P,L
A3E9A5,N351MP,BE30,BEECH 300 Super King Air,L2T,L
A3EBA5,N35151,C177,CESSNA  177 Cardinal,L1P,L
A3ECA5,N352EF,LJ31,LEARJET 31,L2J,M
A3F1A5,N353TK,CRER,RANS Courier,L1P,L
A3F6A5,N3544Z,C172,CESSNA 172 Skyhawk,L1P,L
A3F8A5,N355P,BE95,BEECH 95 Travel Air,L2P,L
A403A5,N358MN,C310,CESSNA 310,L2P,L
A405A5,N35850,C77R,CESSNA 177RG Cardinal RG,L1P,L
A408A5,N3590S,C172,CESSNA 172 Skyhawk,L1P,L
A40BA5,N36TJ,ULAC,,L0-,-
A40CA5,N360DP,RV6,VANS RV-6,L1P,L
A40FA5,N3607M,PA12,PIPER PA-12 Super Cruiser,L1P,L
A411A5,N361ST,,,,
A416A5,N3624G,L29,AERO L-29 Delfin,L1J,L
A418A5,N363NH,ASTR,GULFSTREAM AEROSPACE Gulfstream G100,L2J,M
A41AA5,N3636K,P28A,PIPER PA-28-140/150/160/180,L1P,L
A41DA5,N3641B,AEST,AEROSTAR 600,L2P,L
A41EA5,N3648N,J3,PIPER J-3 Cub,L1P,L
A425A5,N3665H,ERCO,AIR PRODUCTS F-1 Aircoupe,L1P,L
A426A5,N367DN,A321,AIRBUS A-321,L2J,M
A428A5,N3670,ZZZZ,,-0-,-
A429A5,N3677L,C172,CESSNA 172 Skyhawk,L1P,L
A42BA5,N368SS,DHC6,DE HAVILLAND DHC-6 Twin Otter,L2T,L
A42CA5,N3682C,C180,CESSNA  180 Skywagon,L1P,L
A42DA5,N3689P,PA18,PIPER PA-18 Super Cub,L1P,L
A42EA5,N369KJ,PA31,PIPER PA-31-300/310/325/350/425,L2P,L
A432A5,N37NG,GLF5,GULFSTREAM 5,L2J,M
A43DA5,N3720V,C140,CESSNA 140,L1P,L
A43EA5,N37276,BE77,BEECH 77 Skipper,L1P,L
A442A5,N37399,S1,INTERSTATE S-1 Cadet,L1P,L
A446A5,N375CW,S22T,CIRRUS SR-22T Turbo,L1P,L
A44BA5,N376S,BE95,BEECH 95 Travel Air,L2P,L
A44DA5,N37687,,,,
A44EA5,N377JS,C340,CESSNA 340 Super,L2P,L
A452A5,N378MQ,SH36,SHORT 360,L2T,M
A454A5,N37852,EAGL,CHRISTEN Eagle,L1P,L
A45AA5,N38TL,BE58,BEECH 58 Baron,L2P,L
A45EA5,N3807P,PA22,PIPER PA-22,L1P,L
A462A5,N3819S,C172,CESSNA 172 Skyhawk,L1P,L
A465A5,N3824J,C150,CESSNA 150,L1P,L
A46DA5,N3848Q,C172,CESSNA 172 Skyhawk,L1P,L
A470A5,N3853G,T206,CESSNA T206 Turbo Stationair,L1P,L
A471A5,N386AS,CH7B,BELLANCA 7 Citabria,L1P,L
A474A5,N3865K,P28A,PIPER PA-28-140/150/160/180,L1P,L
A477A5,N3870B,BE35,BEECH 35 Starfire Bonanza,L1P,L
A479A5,N388GN,RV7,VANS RV-7,L1P,L
A47CA5,N3889R,C172,CESSNA 172 Skyhawk,L1P,L
A480A5,N39CC,C185,CESSNA 185 Skywagon,L1P,L
A483A5,N390JV,PRM1,RAYTHEON 390 Premier 1,L2J,L
A484A5,N390VA,E50P,EMBRAER EMB-500 Phenom 100,L2J,L
A48CA5,N3920X,P28R,PIPER PA-28R-180/200/201,L1P,L
A499A5,N396FW,PAY3,PIPER PA-42-720 Cheyenne 3,L2T,L
A49BA5,N3961Y,C210,CESSNA 201 Centurion,L1P,L
A49EA5,N397V,RV7,VANS RV-7,L1P,L
A49FA5,N39731,P28A,PIPER PA-28-140/150/160/180,L1P,L
A4AEA5,N400WR,BOLT,STEEN Skybolt,L1P,L
A4B0A5,N401DB,ST75,STEARMAN Kaydet,L1P,L
A4B1A5,N401PH,B407,BELL 407,H1T,L
A4B2A5,N401ZP,S22T,CIRRUS SR-22T Turbo,L1P,L
A4B3A5,N4017,NPOR,REDFERN Nieuport 24,L1P,L
A4B7A5,N4029C,S108,STINSON 108 Voyager,L1P,L
A4BAA5,N40335,M4,MAULE M-4,L1P,L
A4CAA5,N408DA,PC12,PILATUS PC-12,L1T,L
A4CBA5,N408PG,SR22,CIRRUS SR-22,L1P,L
A4D6A5,N4101K,NAVI,NORTH AMERICAN Navion,L1P,L
A4D8A5,N411JF,AC50,NORTH AMERICAN ROCKWELL Commander 500,L2P,L
A4DCA5,N412MD,PC12,PILATUS PC-12,L1T,L
A4E1A5,N4130H,P28A,PIPER PA-28-140/150/160/180,L1P,L
A4E4A5,N414T,C414,CESSNA 414 Chancellor,L2P,L
A4E5A5,N4142L,C172,CESSNA 172 Skyhawk,L1P,L
A4E6A5,N4149X,R44,ROBINSON R-44 Raven,H1P,L
A4E7A5,N415KS,CRER,RANS Courier,L1P,L
A4E9A5,N4154P,PA18,PIPER PA-18 Super Cub,L1P,L
A4EDA5,N4166S,BE33,BEECH 33 Bonanza,L1P,L
A4F0A5,N4171J,R22,ROBINSON R-22 Mariner,H1P,L
A4F1A5,N4178V,C170,CESSNA 170,L1P,L
A4F6A5,N419MC,B744,BOEING 747-400,L4J,H
A4FCA5,N420LM,F2TH,DASSAULT Falcon 2000,L2J,M
A4FDA5,N420WT,C240,CESSNA 240 Corvalis TTx,L1P,L
A4FEA5,N42049,C182,CESSNA 182 Skylane,L1P,L
A4FFA5,N421DD,HA4T,RAYTHEON 4000 Hawker Horizon,L2J,M
A503A5,N422GB,P32R,PIPER PA-32R-300/301/301T,L1P,L
A504A5,N422SH,C82T,CESSNA TR182 Turbo Skylane RG,L1P,L
A505A5,N42214,J3,PIPER J-3 Cub,L1P,L
A507A5,N423K,EFOX,AEROPRO Eurofox,L1P,L
A510A5,N42502,PA18,PIPER PA-18 Super Cub,L1P,L
A511A5,N4258C,C310,CESSNA 310,L2P,L
A514A5,N42625,C182,CESSNA 182 Skylane,L1P,L
A515A5,N427AE,,,,
A516A5,N427LL,BE33,BEECH 33 Bonanza,L1P,L
A517A5,N427WS,PA46,PIPER PA-46-310/350,L1P,L
A518A5,N42748,C182,CESSNA 182 Skylane,L1P,L
A51CA5,N4287A,C340,CESSNA 340 Super,L2P,L
A51FA5,N42913,J3,PIPER J-3 Cub,L1P,L
A520A5,N4299D,BE35,BEECH 35 Starfire Bonanza,L1P,L
A524A5,N430RR,SW4,SWEARINGEN Metro,L2T,M
A525A5,N4301M,PA32,PIPER PA-32,L1P,L
A528A5,N431UP,B752,BOEING 757-200,L2J,M
A529A5,N4313Q,ULAC,,L0-,-
A52AA5,N432B,C310,CESSNA 310,L2P,L
A52DA5,N4325T,P28A,PIPER PA-28-140/150/160/180,L1P,L
A530A5,N4330K,ULAC,,L0-,-
A531A5,N4337W,BE95,BEECH 95 Travel Air,L2P,L
A533A5,N434TB,SR22,CIRRUS SR-22,L1P,L
A534A5,N4342N,P28B,PIPER PA-28-201T/235/236,L1P,L
A538A5,N4354R,C185,CESSNA 185 Skywagon,L1P,L
A53CA5,N4366U,C150,CESSNA 150,L1P,L
A53FA5,N4371L,C172,CESSNA 172 Skyhawk,L1P,L
A544A5,N439AZ,ULAC,,L0-,-
A54DA5,N4405A,BE35,BEECH 35 Starfire Bonanza,L1P,L
A54EA5,N441DF,S2P,GRUMMAN S-2 Tracker,L2P,M
A54FA5,N441PM,C441,CESSNA 441 Conquest,L2T,L
A558A5,N44339,P28A,PIPER PA-28-140/150/160/180,L1P,L
A55CA5,N4446B,C170,CESSNA 170,L1P,L
A55FA5,N44504,PARA,,P0-,-
A563A5,N44627,BALL,,B0-,-
A570A5,N45KA,GLID,,L0-,-
A575A5,N45080,C150,CESSNA 150,L1P,L
A578A5,N4513S,ULAC,,L0-,-
A57AA5,N452MH,EC45,AIRBUS HELICOPTERS EC-145,H2T,L
A57CA5,N4525V,BE35,BEECH 35 Starfire Bonanza,L1P,L
A580A5,N4537Y,AA5,AMERICAN AA-5 Tiger,L1P,L
A584A5,N45491,C150,CESSNA 150,L1P,L
A587A5,N4554T,P28A,PIPER PA-28-140/150/160/180,L1P,L
A58BA5,N4566W,AC11,NORTH AMERICAN ROCKWELL Commander 112/114,L1P,L
A58CA5,N457FL,P28A,PIPER PA-28-140/150/160/180,L1P,L
A58DA5,N457RS,,,,
A58EA5,N4571N,T50,CESSNA Bobcat,L2P,L
A592A5,N4583R,P28A,PIPER PA-28-140/150/160/180,L1P,L
A593A5,N459BA,A5,ICON A-5,A1P,L
A597A5,N46DZ,,,,
A59CA5,N4605C,C170,CESSNA 170,L1P,L
A5A4A5,N4629J,,,,
A5A7A5,N4634A,C180,CESSNA  180 Skywagon,L1P,L
A5A9A5,N464NB,VENT,SCHEMPP-HIRTH Ventus,L1P,L
A5AFA5,N4658G,C172,CESSNA 172 Skyhawk,L1P,L
A5B2A5,N46629,C172,CESSNA 172 Skyhawk,L1P,L
A5B5A5,N467WW,UH1,BELL UH-1 Huey,H1T,L
A5BAA5,N4687E,CH7A,BELLANCA 7 Champion,L1P,L
A5BCA5,N469SL,BE20,BEECH 200 Super King Air,L2T,M
A5BFA5,N47KC,FOX,KITFOX,L1P,L
A5C2A5,N470RV,C182,CESSNA 182 Skylane,L1P,L
A5C4A5,N47082,,,,
A5CDA5,N473QH,S76,SIKORSKY S-76 Spirit,H2T,L
A5D0A5,N474H,AT8T,AIR TRACTOR AT-802,L1T,M
A5D3A5,N47493,P28A,PIPER PA-28-140/150/160/180,L1P,L
A5D5A5,N475WD,RV6,VANS RV-6,L1P,L
A5E2A5,N479BC,S22T,CIRRUS SR-22T Turbo,L1P,L
A5E3A5,N479MJ,C25B,CESSNA 525B Citation CJ3,L2J,L
A5E6A5,N48EA,HUSK,CHRISTEN Husky,L1P,L
A5E8A5,N480AM,S22T,CIRRUS SR-22T Turbo,L1P,L
A5F1A5,N482SP,C172,CESSNA 172 Skyhawk,L1P,L
A5F3A5,N4829L,P28A,PIPER PA-28-140/150/160/180,L1P,L
A5F6A5,N4834C,C185,CESSNA 185 Skywagon,L1P,L
A5FEA5,N4858J,P28R,PIPER PA-28R-180/200/201,L1P,L
A601A5,N4863A,PA22,PIPER PA-22,L1P,L
A602A5,N487AL,B407,BELL 407,H1T,L
A605A5,N4875D,M20P,MOONEY M-20,L1P,L
A609A5,N4887G,C172,CESSNA 172 Skyhawk,L1P,L
A60BA5,N489SN,DH8C,DE HAVILLAND DHC-8-300 Dash 8,L2T,M
A60FA5,N49VL,GLAS,Glasair,L1P,L
A612A5,N4901T,ULAC,,L0-,-
A614A5,N491JP,BD4,BEDE BD-4,L1P,L
A617A5,N492BF,RLU1,RLU Super Breezy,L1P,L
A61DA5,N4930R,C188,CESSNA 188 AgTruck,L1P,L
A61EA5,N49372,HUSK,CHRISTEN Husky,L1P,L
A61FA5,N494HB,CMDE,AIR COMMAND Commander Elite,G1P,L
A621A5,N4942U,C210,CESSNA 201 Centurion,L1P,L
A624A5,N495WF,P32R,PIPER PA-32R-300/301/301T,L1P,L
A625A5,N4954X,SS2P,ROCKWELL Thrush Commander,L1P,L
A629A5,N49660,B06,BELL 206 JetRanger,H1T,L
A637A5,N50AP,H500,HUGHES 500,H1T,L
A639A5,N50XA,,,,
A63BA5,N500TM,C500,CESSNA 500 Citation 1,L2J,L
A63DA5,N50099,TAYD,TAYLORCRAFT DC/DF/DL,L1P,L
A63EA5,N501LD,SAKO,RANS S-10 Sakota,L1P,L
A640A5,N50141,B06,BELL 206 JetRanger,H1T,L
A641A5,N502CW,COY2,RANS Coyote 2,L1P,L
A642A5,N502PB,AT5T,AIR TRACTOR AT-504,L1T,L
A644A5,N50264,CH7A,BELLANCA 7 Champion,L1P,L
A646A5,N503S,GLID,,L0-,-
A647A5,N5031W,P28A,PIPER PA-28-140/150/160/180,L1P,L
A649A5,N504JS,FA50,DASSAULT Falcon 50,L3J,M
A64BA5,N5043Z,BL8,BELLANCA 8 Decathlon,L1P,L
A64CA5,N505BJ,PA24,PIPER PA-24 Comanche,L1P,L
A64FA5,N50552,CRER,RANS Courier,L1P,L
A652A5,N5060U,BL8,BELLANCA 8 Decathlon,L1P,L
A658A5,N508LC,S22T,CIRRUS SR-22T Turbo,L1P,L
A65AA5,N50840,C150,CESSNA 150,L1P,L
A65FA5,N51FT,C501,CESSNA 501 Citation 1SP,L2J,L
A661A5,N510CD,SR22,CIRRUS SR-22,L1P,L
A662A5,N510NK,A319,AIRBUS A-319,L2J,M
A664A5,N5106M,BE24,BEECH 24 Sierra,L1P,L
A666A5,N511RH,CL30,BOMBARDIER BD-100 Challenger 300,L2J,M
A66CA5,N513AS,B738,BOEING 737-800,L2J,M
A671A5,N514PW,AVTR,AERO ADVENTURE Aventura 2,A1P,L
A672A5,N5140B,C152,CESSNA 152,L1P,L
A673A5,N5147N,C172,CESSNA 172 Skyhawk,L1P,L
A676A5,N5152E,ULAC,,L0-,-
A677A5,N5159R,C185,CESSNA 185 Skywagon,L1P,L
A678A5,N516KL,RV9,VANS RV-9,L1P,L
A67EA5,N5176L,P28A,PIPER PA-28-140/150/160/180,L1P,L
A688A5,N52XC,CC19,CUB CRAFTERS CC-19 XCub,L1P,L
A68DA5,N521LF,C560,CESSNA 560 Citation Ultra,L2J,M
A68FA5,N52143,ST75,STEARMAN Kaydet,L1P,L
A695A5,N523SB,DRON,,D0-,-
A696A5,N5231Y,BALL,,B0-,-
A697A5,N52389,C182,CESSNA 182 Skylane,L1P,L
A69AA5,N52431,C182,CESSNA 182 Skylane,L1P,L
A69EA5,N52554,C182,CESSNA 182 Skylane,L1P,L
A69FA5,N526EJ,VELO,Velocity,L1P,L
A6A1A5,N5260W,P28A,PIPER PA-28-140/150/160/180,L1P,L
A6A5A5,N5272Z,PA22,PIPER PA-22,L1P,L
A6A7A5,N528LE,C82T,CESSNA TR182 Turbo Skylane RG,L1P,L
A6A8A5,N528WL,S22T,CIRRUS SR-22T Turbo,L1P,L
A6A9A5,N52842,C172,CESSNA 172 Skyhawk,L1P,L
A6ABA5,N529PC,C25A,CESSNA 525A Citation CJ2,L2J,L
A6ADA5,N52965,BALL,,B0-,-
A6AEA5,N53FV,C82T,CESSNA TR182 Turbo Skylane RG,L1P,L
A6AFA5,N53SA,EN28,ENSTROM F-28,H1P,L
A6B0A5,N530CF,HROC,HARMON Rocket,L1P,L
A6BEA5,N5335M,BALL,,B0-,-
A6C5A5,N5352G,,,,
A6C6A5,N5359T,C172,CESSNA 172 Skyhawk,L1P,L
A6C9A5,N5364K,C172,CESSNA 172 Skyhawk,L1P,L
A6CDA5,N5376N,C182,CESSNA 182 Skylane,L1P,L
A6D0A5,N5381E,C185,CESSNA 185 Skywagon,L1P,L
A6D4A5,N5393H,PA16,PIPER PA-16 Clipper,L1P,L
A6D5A5,N54AT,,,,
A6DDA5,N541WP,SR22,CIRRUS SR-22,L1P,L
A6E0A5,N542PF,SR22,CIRRUS SR-22,L1P,L
A6E5A5,N54310,PA31,PIPER PA-31-300/310/325/350/425,L2P,L
A6E8A5,N544VB,R44,ROBINSON R-44 Raven,H1P,L
A6E9A5,N54433,P28A,PIPER PA-28-140/150/160/180,L1P,L
A6EFA5,N546QS,GLF5,GULFSTREAM 5,L2J,M
A6F1A5,N54679,VALI,CONVAIR Valiant,L1P,L
A6F8A5,N54844,C172,CESSNA 172 Skyhawk,L1P,L
A6FDA5,N55FX,FOX,KITFOX,L1P,L
A6FEA5,N55SC,C25C,CESSNA 525C Citation CJ4,L2J,M
A700A5,N550NP,TBM7,SOCATA TBM-700A/B/C,L1T,L
A702A5,N5506R,C172,CESSNA 172 Skyhawk,L1P,L
A704A5,N551RM,C550,CESSNA 550 Citation S2,L2J,L
A705A5,N5511H,PA11,PIPER PA-11 Cub Special,L1P,L
A706A5,N5518U,P28A,PIPER PA-28-140/150/160/180,L1P,L
A70BA5,N553MB,RV9,VANS RV-9,L1P,L
A70FA5,N554Q,T6,NORTH AMERICAN T-6 Texan,L1P,L
A712A5,N555GS,F2TH,DASSAULT Falcon 2000,L2J,M
A719A5,N557CG,PA12,PIPER PA-12 Super Cruiser,L1P,L
A71AA5,N557NN,CRJ9,BOMBARDIER Regional Jet CRJ-900,L2J,M
A71FA5,N5581G,C150,CESSNA 150,L1P,L
A720A5,N5588T,C172,CESSNA 172 Skyhawk,L1P,L
A725A5,N56MA,C340,CESSNA 340 Super,L2P,L
A727A5,N560HM,C560,CESSNA 560 Citation Ultra,L2J,M
A728A5,N560TT,C560,CESSNA 560 Citation Ultra,L2J,M
A72FA5,N562PH,S22T,CIRRUS SR-22T Turbo,L1P,L
A732A5,N563G,C150,CESSNA 150,L1P,L
A735A5,N5639C,C140,CESSNA 140,L1P,L
A738A5,N56435,ST75,STEARMAN Kaydet,L1P,L
A73CA5,N56558,P28A,PIPER PA-28-140/150/160/180,L1P,L
A73FA5,N56600,P28B,PIPER PA-28-201T/235/236,L1P,L
A742A5,N567TS,BE36,BEECH 36 Bonanza,L1P,L
A743A5,N56723,P28A,PIPER PA-28-140/150/160/180,L1P,L
A749A5,N569PG,SR22,CIRRUS SR-22,L1P,L
A74DA5,N57SE,ULAC,,L0-,-
A75CA5,N5735R,C172,CESSNA 172 Skyhawk,L1P,L
A762A5,N575T,R22,ROBINSON R-22 Mariner,H1P,L
A763A5,N5752L,,,,
A772A5,N5793M,C310,CESSNA 310,L2P,L
A774A5,N58MC,BE33,BEECH 33 Bonanza,L1P,L
A776A5,N580HP,P46T,PIPER PA-46-500TP,L1T,L
A779A5,N581AF,BE58,BEECH 58 Baron,L2P,L
A785A5,N584K,BD4,BEDE BD-4,L1P,L
A78EA5,N58602,C182,CESSNA 182 Skylane,L1P,L
A78FA5,N5868C,C340,CESSNA 340 Super,L2P,L
A793A5,N588AE,B06,BELL 206 JetRanger,H1T,L
A79BA5,N59GA,DA40,DIAMOND DA-40 Club Star,L1P,L
A79CA5,N59SG,,,,
A7A0A5,N5906V,P28R,PIPER PA-28R-180/200/201,L1P,L
A7A3A5,N5911M,C310,CESSNA 310,L2P,L
A7ABA5,N5935T,C150,CESSNA 150,L1P,L
A7B3A5,N5959Z,CH75,ZENAIR CH-750 Cruzer,L1P,L
A7BDA5,N5981L,AA1,AMERICAN AA-1,L1P,L
A7BFA5,N599JG,RV8,VANS RV-8,L1P,L
A7C4A5,N6XL,ACR2,ACRO SPORT 2,L1P,L
A7C6A5,N60TX,AS50,AEROSPATIALE AS-350 Ecureuil,H1T,L
A7C7A5,N600EB,GA6C,GULFSTREAM G600,L2J,M
A7C9A5,N6000P,PA23,PIPER PA-23,L2P,L
A7CBA5,N601H,CL60,BOMBARDIER CL-600 Challenger,L2J,M
A7CDA5,N6012S,BE58,BEECH 58 Baron,L2P,L
A7CEA5,N60193,BALL,,B0-,-
A7D5A5,N6036Y,C172,CESSNA 172 Skyhawk,L1P,L
A7D8A5,N6041Q,M20P,MOONEY M-20,L1P,L
A7DDA5,N606BC,BT36,BEECH B36TC Bonanza,L1P,L
A7DEA5,N606MJ,B350,BEECHCRAFT Super King Air 350,L2T,M
A7E0A5,N6065W,P28A,PIPER PA-28-140/150/160/180,L1P,L
A7E1A5,N607EA,P28A,PIPER PA-28-140/150/160/180,L1P,L
A7E3A5,N6070N,BE23,BEECH 23 Sundowner,L1P,L
A7E7A5,N6082R,AEST,AEROSTAR 600,L2P,L
A7E8A5,N60892,C150,CESSNA 150,L1P,L
A7EAA5,N609WC,,,,
A7EBA5,N6094U,AS50,AEROSPATIALE AS-350 Ecureuil,H1T,L
A7ECA5,N61CP,SR22,CIRRUS SR-22,L1P,L
A7F1A5,N6104C,BALL,,B0-,-
A7F2A5,N611BY,M7,MAULE M-7,L1P,L
A7F8A5,N61208,C150,CESSNA 150,L1P,L
A7FBA5,N613U,G164,GRUMMAN G-164 Ag-Cat,L1P,L
A7FCA5,N6133A,M7,MAULE M-7,L1P,L
A800A5,N6145D,PA22,PIPER PA-22,L1P,L
A80BA5,N6174B,T210,CESSNA T210 Turbo Centurion,L1P,L
A80FA5,N6186E,C172,CESSNA 172 Skyhawk,L1P,L
A810A5,N619EV,EVSS,EVEKTOR SportStar,L1P,L
A811A5,N619RA,,,,
A812A5,N61907,C82S,CESSNA T182 Turbo Skylane,L1P,L
A813A5,N6198H,PA23,PIPER PA-23,L2P,L
A814A5,N62HT,R44,ROBINSON R-44 Raven,H1P,L
A818A5,N6200R,C72R,CESSNA 172R Cutlass RG,L1P,L
A819A5,N62072,AA5,AMERICAN AA-5 Tiger,L1P,L
A81CA5,N6212U,M20P,MOONEY M-20,L1P,L
A820A5,N6224X,AC50,NORTH AMERICAN ROCKWELL Commander 500,L2P,L
A821A5,N623CS,BE35,BEECH 35 Starfire Bonanza,L1P,L
A824A5,N62360,RF10,FOURNIER RF-10,L1P,L
A826A5,N624RW,,,,
A828A5,N62483,EXEC,ROTORWAY Exec,H1P,L
A830A5,N627EC,CH7A,BELLANCA 7 Champion,L1P,L
A834A5,N628HA,PA31,PIPER PA-31-300/310/325/350/425,L2P,L
A835A5,N628TG,K100,DAHER Kodiak 100,L1T,L
A837A5,N62894,B739,BOEING 737-900,L2J,M
A83CA5,N63NX,PC12,PILATUS PC-12,L1T,L
A83EA5,N630KH,B407,BELL 407,H1T,L
A841A5,N631C,S108,STINSON 108 Voyager,L1P,L
A844A5,N6316H,J3,PIPER J-3 Cub,L1P,L
A853A5,N6357J,BALL,,B0-,-
A856A5,N6362A,T210,CESSNA T210 Turbo Centurion,L1P,L
A857A5,N6369M,S108,STINSON 108 Voyager,L1P,L
A85AA5,N6374D,C172,CESSNA 172 Skyhawk,L1P,L
A85EA5,N6386G,C150,CESSNA 150,L1P,L
A867A5,N6400T,C150,CESSNA 150,L1P,L
A868A5,N64074,C172,CESSNA 172 Skyhawk,L1P,L
A869A5,N641HD,DRON,,D0-,-
A86BA5,N6412W,P28A,PIPER PA-28-140/150/160/180,L1P,L
A873A5,N64362,L5,STINSON Sentinel,L1P,L
A877A5,N64485,C172,CESSNA 172 Skyhawk,L1P,L
A87EA5,N64650,ST75,STEARMAN Kaydet,L1P,L
A88AA5,N65CT,CH65,ZENAIR CH-650 Zodiac,L1P,L
A88DA5,N650KK,C650,CESSNA 650 Citation,L2J,M
A88FA5,N6504G,C150,CESSNA 150,L1P,L
A890A5,N651CB,FDCT,FLIGHT DESIGN CT,L1P,L
A893A5,N6516K,B06,BELL 206 JetRanger,H1T,L
A897A5,N6528N,BE23,BEECH 23 Sundowner,L1P,L
A89EA5,N6545H,C172,CESSNA 172 Skyhawk,L1P,L
A8A2A5,N6557L,BALL,,B0-,-
A8AAA5,N658CA,CRJ7,BOMBARDIER Regional Jet CRJ-700,L2J,M
A8AFA5,N659RE,,,,
A8B0A5,N6591A,BE23,BEECH 23 Sundowner,L1P,L
A8B3A5,N66UC,R66,ROBINSON R-66,H1T,L
A8B6A5,N6600V,BL17,BELLANCA 17 Viking,L1P,L
A8BBA5,N66199,C150,CESSNA 150,L1P,L
A8C4A5,N664S,C421,CESSNA 421 Executive Commuter,L2P,L
A8C5A5,N6641W,BT36,BEECH B36TC Bonanza,L1P,L
A8CAA5,N666BJ,,,,
A8CDA5,N66652,C150,CESSNA 150,L1P,L
A8D0A5,N6670U,M20P,MOONEY M-20,L1P,L
A8D4A5,N6682X,C210,CESSNA 201 Centurion,L1P,L
A8D5A5,N66898,PA18,PIPER PA-18 Super Cub,L1P,L
A8D8A5,N66940,ST75,STEARMAN Kaydet,L1P,L
A8D9A5,N67CV,RV7,VANS RV-7,L1P,L
A8DAA5,N67PA,C25B,CESSNA 525B Citation CJ3,L2J,L
A8DEA5,N6704J,BE23,BEECH 23 Sundowner,L1P,L
A8DFA5,N671CD,SR22,CIRRUS SR-22,L1P,L
A8E0A5,N671NK,A321,AIRBUS A-321,L2J,M
A8E6A5,N6728Q,G164,GRUMMAN G-164 Ag-Cat,L1P,L
A8E7A5,N673J,JAB4,JABIRU J200-450,L1P,L
A8E9A5,N6733G,C150,CESSNA 150,L1P,L
A8EDA5,N6745K,G164,GRUMMAN G-164 Ag-Cat,L1P,L
A8F1A5,N6757N,M20P,MOONEY M-20,L1P,L
A8F4A5,N6762E,C175,CESSNA 175 Skylark,L1P,L
A8F5A5,N6769R,T210,CESSNA T210 Turbo Centurion,L1P,L
A8F8A5,N6774H,J3,PIPER J-3 Cub,L1P,L
A8F9A5,N678CC,BN2P,BRITTEN-NORMAN BN-2 Islander,L2P,L
A905A5,N6800X,C172,CESSNA 172 Skyhawk,L1P,L
A917A5,N685V,P337,CESSNA P337 Skymaster,L2P,L
A918A5,N68531,CH7B,BELLANCA 7 Citabria,L1P,L
A91AA5,N686MS,RV6,VANS RV-6,L1P,L
A929A5,N69PC,PAY3,PIPER PA-42-720 Cheyenne 3,L2T,L
A92EA5,N691CF,J3,PIPER J-3 Cub,L1P,L
A934A5,N6921F,C150,CESSNA 150,L1P,L
A935A5,N6928S,C150,CESSNA 150,L1P,L
A936A5,N693JB,PA18,PIPER PA-18 Super Cub,L1P,L
A93CA5,N6945M,S108,STINSON 108 Voyager,L1P,L
A93DA5,N695DS,DA40,DIAMOND DA-40 Club Star,L1P,L
A93FA5,N6950D,PA22,PIPER PA-22,L1P,L
A940A5,N6957Q,BE23,BEECH 23 Sundowner,L1P,L
A943A5,N6962G,C150,CESSNA 150,L1P,L
A94BA5,N6986N,T210,CESSNA T210 Turbo Centurion,L1P,L
A94EA5,N6991E,C175,CESSNA 175 Skylark,L1P,L
A950A5,N7JA,T18,THORP Tiger,L1P,L
A952A5,N70EM,AS24,SCHLEICHER ASW-24,L1P,L
A954A5,N700AY,TBM7,SOCATA TBM-700A/B/C,L1T,L
A95AA5,N7010H,PARA,,P0-,-
A95BA5,N7017U,RW26,RAGWING RW-26 Special 2,L1P,L
A95FA5,N7029X,C150,CESSNA 150,L1P,L
A964A5,N704NQ,C150,CESSNA 150,L1P,L
A965A5,N704YW,C150,CESSNA 150,L1P,L
A96AA5,N7058V,R44,ROBINSON R-44 Raven,H1P,L
A96DA5,N7063M,R66,ROBINSON R-66,H1T,L
A96FA5,N707MC,AEST,AEROSTAR 600,L2P,L
A970A5,N707XJ,C177,CESSNA  177 Cardinal,L1P,L
A971A5,N7075Q,C172,CESSNA 172 Skyhawk,L1P,L
A975A5,N7087T,C172,CESSNA 172 Skyhawk,L1P,L
A97AA5,N71KR,CL60,BOMBARDIER CL-600 Challenger,L2J,M
A97EA5,N71014,J3,PIPER J-3 Cub,L1P,L
A97FA5,N7109E,C182,CESSNA 182 Skylane,L1P,L
A98CA5,N714TU,C152,CESSNA 152,L1P,L
A98DA5,N71425,L8,LUSCOMBE 8,L1P,L
A98EA5,N715AE,B407,BELL 407,H1T,L
A990A5,N715WS,FA20,DASSAULT Falcon 200,L2J,M
A992A5,N716DC,RV4,VANS RV-4,L1P,L
A995A5,N7167A,C172,CESSNA 172 Skyhawk,L1P,L
A999A5,N7179D,PA18,PIPER PA-18 Super Cub,L1P,L
A99CA5,N71836,L8,LUSCOMBE 8,L1P,L
A99DA5,N719BR,,,,
A9A1A5,N72EP,DA62,DIAMOND DA-62,L2P,L
A9A3A5,N720B,B06,BELL 206 JetRanger,H1T,L
A9A9A5,N7210K,PA18,PIPER PA-18 Super Cub,L1P,L
A9ACA5,N722TB,TB20,SOCATA TB-20 Trinidad,L1P,L
A9ADA5,N7222N,T206,CESSNA T206 Turbo Stationair,L1P,L
A9B0A5,N723W,CRER,RANS Courier,L1P,L
A9B1A5,N7234R,SONX,SONEX AIRCRAFT Sonex,L1P,L
A9BAA5,N726JG,FA50,DASSAULT Falcon 50,L3J,M
A9BCA5,N7263P,PA24,PIPER PA-24 Comanche,L1P,L
A9BDA5,N727AZ,PTS2,PITTS S-2 Special,L1P,L
A9BEA5,N727ME,C172,CESSNA 172 Skyhawk,L1P,L
A9C1A5,N728DX,B407,BELL 407,H1T,L
A9C9A5,N73KT,FA7X,DASSAULT Falcon 7X,L3J,M
A9CCA5,N730SK,CRJ7,BOMBARDIER Regional Jet CRJ-700,L2J,M
A9CDA5,N73016,C140,CESSNA 140,L1P,L
A9CFA5,N731KB,C188,CESSNA 188 AgTruck,L1P,L
A9D6A5,N733ES,C172,CESSNA 172 Skyhawk,L1P,L
A9D7A5,N733QY,C172,CESSNA 172 Skyhawk,L1P,L
A9DBA5,N734TW,C172,CESSNA 172 Skyhawk,L1P,L
A9DDA5,N735AG,AS55,AEROSPATIALE AS-355 Ecureuil 2,H2T,L
A9DEA5,N735LN,ULAC,,L0-,-
A9DFA5,N735WU,C182,CESSNA 182 Skylane,L1P,L
A9E1A5,N736DE,C172,CESSNA 172 Skyhawk,L1P,L
A9E2A5,N736PL,C172,CESSNA 172 Skyhawk,L1P,L
A9E4A5,N7367C,T206,CESSNA T206 Turbo Stationair,L1P,L
A9E5A5,N737GC,C172,CESSNA 172 Skyhawk,L1P,L
A9E6A5,N737SJ,C172,CESSNA 172 Skyhawk,L1P,L
A9E9A5,N738KA,C172,CESSNA 172 Skyhawk,L1P,L
A9EAA5,N738VG,C182,CESSNA 182 Skylane,L1P,L
A9ECA5,N739BT,C172,CESSNA 172 Skyhawk,L1P,L
A9EEA5,N739YE,C172,CESSNA 172 Skyhawk,L1P,L
A9F0A5,N74ER,C172,CESSNA 172 Skyhawk,L1P,L
A9F3A5,N740MH,EC35,AIRBUS HELICOPTERS EC-135/635,H2T,L
A9F5A5,N7405V,M20P,MOONEY M-20,L1P,L
A9FCA5,N7422Q,C182,CESSNA 182 Skylane,L1P,L
AA00A5,N7434T,C172,CESSNA 172 Skyhawk,L1P,L
AA03A5,N744Z,P46T,PIPER PA-46-500TP,L1T,L
AA0BA5,N7463R,P28A,PIPER PA-28-140/150/160/180,L1P,L
AA12A5,N7480L,PA18,PIPER PA-18 Super Cub,L1P,L
AA15A5,N749TC,BALL,,B0-,-
AA16A5,N7492P,PA24,PIPER PA-24 Comanche,L1P,L
AA17A5,N74990,PA18,PIPER PA-18 Super Cub,L1P,L
AA1AA5,N750GF,C750,CESSNA 750 Citation 10,L2J,M
AA1BA5,N750SM,CH75,ZENAIR CH-750 Cruzer,L1P,L
AA1DA5,N7509J,P28R,PIPER PA-28R-180/200/201,L1P,L
AA1EA5,N751KD,T51,TITAN T-51 Mustang,L1P,L
AA24A5,N7526D,PA22,PIPER PA-22,L1P,L
AA2BA5,N75429,B739,BOEING 737-900,L2J,M
AA33A5,N7567E,CH7A,BELLANCA 7 Champion,L1P,L
AA34A5,N757GE,,,,
AA37A5,N7579H,PA12,PIPER PA-12 Super Cruiser,L1P,L
AA38A5,N758KC,C172,CESSNA 172 Skyhawk,L1P,L
AA3AA5,N7584,,,,
AA3BA5,N759BV,C182,CESSNA 182 Skylane,L1P,L
AA3CA5,N759NA,C182,CESSNA 182 Skylane,L1P,L
AA3DA5,N759YG,C182,CESSNA 182 Skylane,L1P,L
AA3FA5,N76ET,SONX,SONEX AIRCRAFT Sonex,L1P,L
AA41A5,N760BD,FOX,KITFOX,L1P,L
AA47A5,N7610P,PA24,PIPER PA-24 Comanche,L1P,L
AA4CA5,N76293,C140,CESSNA 140,L1P,L
AA57A5,N76581,C140,CESSNA 140,L1P,L
AA59A5,N766US,A319,AIRBUS A-319,L2J,M
AA5AA5,N7663T,C172,CESSNA 172 Skyhawk,L1P,L
AA5EA5,N7675W,P28A,PIPER PA-28-140/150/160/180,L1P,L
AA61A5,N7680N,BE95,BEECH 95 Travel Air,L2P,L
AA68A5,N77WC,BE30,BEECH 300 Super King Air,L2T,L
AA6BA5,N7702,CH70,ZENAIR CH-701 Stol,L1P,L
AA6FA5,N7714C,P28A,PIPER PA-28-140/150/160/180,L1P,L
AA71A5,N772ND,P28A,PIPER PA-28-140/150/160/180,L1P,L
AA73A5,N7726F,C150,CESSNA 150,L1P,L
AA75A5,N773RB,C560,CESSNA 560 Citation Ultra,L2J,M
AA77A5,N7738J,PA32,PIPER PA-32,L1P,L
AA7AA5,N7743A,C180,CESSNA  180 Skywagon,L1P,L
AA7BA5,N775AL,B407,BELL 407,H1T,L
AA7EA5,N7755D,PA22,PIPER PA-22,L1P,L
AA82A5,N7767G,C172,CESSNA 172 Skyhawk,L1P,L
AA84A5,N777SN,P337,CESSNA P337 Skymaster,L2P,L
AA85A5,N77719,FNKB,FUNK B,L1P,L
AA86A5,N7779K,C180,CESSNA  180 Skywagon,L1P,L
AA91A5,N780MM,,,,
AA9AA5,N7822U,C172,CESSNA 172 Skyhawk,L1P,L
AA9BA5,N78295,C172,CESSNA 172 Skyhawk,L1P,L
AAA2A5,N78460,PA12,PIPER PA-12 Super Cruiser,L1P,L
AAA4A5,N785RW,BE36,BEECH 36 Bonanza,L1P,L
AAABA5,N787ML,,,,
AAADA5,N7875Y,PA30,PIPER PA-30 Twin Comanche,L2P,L
AAB1A5,N78871,M20P,MOONEY M-20,L1P,L
AAB2A5,N789HA,H25B,HAWKER BEECHCRAFT Hawker 750/850,L2J,M
AAB8A5,N790GK,PA44,PIPER PA-44 Seminole,L2P,L
AABBA5,N7909N,C172,CESSNA 172 Skyhawk,L1P,L
AABEA5,N7914E,C150,CESSNA 150,L1P,L
AABFA5,N792C,S108,STINSON 108 Voyager,L1P,L
AAC2A5,N7926H,DRON,,D0-,-
AAC9A5,N7943C,P28A,PIPER PA-28-140/150/160/180,L1P,L
AACAA5,N795AN,B772,BOEING 777-200,L2J,H
AACDA5,N7955F,C150,CESSNA 150,L1P,L
AADDA5,N8EX,,,,
AADEA5,N8RC,NAVI,NORTH AMERICAN Navion,L1P,L
AAE2A5,N800J,GLF6,GULFSTREAM G650,L2J,M
AAE5A5,N801AS,GLF5,GULFSTREAM 5,L2J,M
AAECA5,N8027N,,,,
AAF0A5,N8039R,R22,ROBINSON R-22 Mariner,H1P,L
AAF1A5,N804KL,AS21,SCHLEICHER ASK-21,L1P,L
AAF4A5,N805CC,FA7X,DASSAULT Falcon 7X,L3J,M
AAF5A5,N805NJ,PA31,PIPER PA-31-300/310/325/350/425,L2P,L
AAF7A5,N8056L,C172,CESSNA 172 Skyhawk,L1P,L
AAF8A5,N806FA,DRON,,D0-,-
AAF9A5,N806RG,RV4,VANS RV-4,L1P,L
AAFAA5,N8061C,PA18,PIPER PA-18 Super Cub,L1P,L
AAFBA5,N8068P,,,,
AAFEA5,N8073F,C150,CESSNA 150,L1P,L
AAFFA5,N808AR,GLST,GLASAIR SH-4 GlaStar,L1P,L
AB06A5,N8097M,C310,CESSNA 310,L2P,L
AB08A5,N81ST,PA32,PIPER PA-32,L1P,L
AB0CA5,N81066,C140,CESSNA 140,L1P,L
AB0EA5,N811SB,S22T,CIRRUS SR-22T Turbo,L1P,L
AB0FA5,N8111Y,PA30,PIPER PA-30 Twin Comanche,L2P,L
AB12A5,N812V,C340,CESSNA 340 Super,L2P,L
AB14A5,N813BL,BE10,BEECH 100 King Air,L2T,L
AB17A5,N81354,AA5,AMERICAN AA-5 Tiger,L1P,L
AB21A5,N816WL,GLAS,Glasair,L1P,L
AB23A5,N817CX,AS50,AEROSPATIALE AS-350 Ecureuil,H1T,L
AB24A5,N817PC,BALL,,B0-,-
AB26A5,N81765,P28R,PIPER PA-28R-180/200/201,L1P,L
AB28A5,N818SA,AT8T,AIR TRACTOR AT-802,L1T,M
AB29A5,N8181X,P28A,PIPER PA-28-140/150/160/180,L1P,L
AB2AA5,N81888,P28A,PIPER PA-28-140/150/160/180,L1P,L
AB2BA5,RA-67212,C182,CESSNA 182 Skylane,L1P,L
AB2DA5,N81930,CH7A,BELLANCA 7 Champion,L1P,L
AB31A5,N820JB,PA11,PIPER PA-11 Cub Special,L1P,L
AB33A5,N8203J,AVID,AVID Flyer,L1P,L
AB34A5,N821AU,B735,BOEING 737-500,L2J,M
AB35A5,N821M,PULS,Pulsar,L1P,L
AB37A5,N8215M,BT36,BEECH B36TC Bonanza,L1P,L
AB3AA5,N8220D,BE35,BEECH 35 Starfire Bonanza,L1P,L
AB3DA5,N823SW,RV6,VANS RV-6,L1P,L
AB49A5,N8261E,LNC2,LANCAIR 200-320,L1P,L
AB4BA5,N827JA,,,,
AB51A5,N8285L,BE33,BEECH 33 Bonanza,L1P,L
AB52A5,N829DR,GLAS,Glasair,L1P,L
AB54A5,N8290C,PA20,PIPER PA-20 Pacer,L1P,L
AB56A5,N83GP,MG15,MIKOYAN MiG-15,L1J,L
AB58A5,N830D,PARA,,P0-,-
AB5BA5,N83068,BALL,,B0-,-
AB5DA5,N831SD,B06,BELL 206 JetRanger,H1T,L
AB5EA5,N83110,G164,GRUMMAN G-164 Ag-Cat,L1P,L
AB5FA5,N8319A,C170,CESSNA 170,L1P,L
AB62A5,N83233,CH7A,BELLANCA 7 Champion,L1P,L
AB68A5,N834QS,C700,CESSNA 700 Citation Longitude,L2J,M
AB6AA5,N83479,CH7A,BELLANCA 7 Champion,L1P,L
AB6DA5,N83521,CH7A,BELLANCA 7 Champion,L1P,L
AB6EA5,N836AA,B789,BOEING 787-9 Dreamliner,L2J,H
AB6FA5,N836LG,BE36,BEECH 36 Bonanza,L1P,L
AB71A5,N83644,CH7A,BELLANCA 7 Champion,L1P,L
AB77A5,N838SC,GLEX,BOMBARDIER BD-700 Global 6000/6500,L2J,M
AB78A5,N8381Z,C210,CESSNA 201 Centurion,L1P,L
AB7BA5,N839VA,A320,AIRBUS A-320,L2J,M
AB7CA5,N83932,PA34,PIPER PA-34 Seneca,L2P,L
AB7DA5,N84BM,RV4,VANS RV-4,L1P,L
AB7FA5,N84XZ,DRON,,D0-,-
AB82A5,N8403L,R22,ROBINSON R-22 Mariner,H1P,L
AB83A5,N841AW,M7,MAULE M-7,L1P,L
AB84A5,N841MB,GA8,GIPPSAERO GA-8 Airvan,L1P,L
AB86A5,N8415P,LA25,LAKE LA-250,A1P,L
AB8BA5,N843GS,CL60,BOMBARDIER CL-600 Challenger,L2J,M
AB8CA5,N843SY,B738,BOEING 737-800,L2J,M
AB91A5,N8444M,C182,CESSNA 182 Skylane,L1P,L
AB93A5,N845NN,B738,BOEING 737-800,L2J,M
AB95A5,N8456Q,C185,CESSNA 185 Skywagon,L1P,L
AB96A5,N846FE,C208,CESSNA 208 Caravan,L1T,L
AB98A5,N8461G,C150,CESSNA 150,L1P,L
AB99A5,N8468T,C182,CESSNA 182 Skylane,L1P,L
ABA0A5,N8485N,BE35,BEECH 35 Starfire Bonanza,L1P,L
ABA5A5,N85GR,LJ45,LEARJET 45,L2J,M
ABA6A5,N85SX,BE35,BEECH 35 Starfire Bonanza,L1P,L
ABB5A5,N85358,E75L,EMBRAER ERJ-170-200 (long wing),L2J,M
ABBBA5,N855TS,PA18,PIPER PA-18 Super Cub,L1P,L
ABBCA5,N85523,CH7A,BELLANCA 7 Champion,L1P,L
ABC8A5,N8589B,C172,CESSNA 172 Skyhawk,L1P,L
ABCCA5,N86BP,PA24,PIPER PA-24 Comanche,L1P,L
ABD5A5,N8615R,GLID,,L0-,-
ABD8A5,N8620H,B738,BOEING 737-800,L2J,M
ABDBA5,N863T,BE95,BEECH 95 Travel Air,L2P,L
ABE0A5,N8644P,PA24,PIPER PA-24 Comanche,L1P,L
ABE7A5,N8661J,C150,CESSNA 150,L1P,L
ABE8A5,N8668V,R22,ROBINSON R-22 Mariner,H1P,L
ABEDA5,N868MC,AS50,AEROSPATIALE AS-350 Ecureuil,H1T,L
ABF3A5,N8697T,RV12,VANS RV-12,L1P,L
ABF4A5,N87GT,RV6,VANS RV-6,L1P,L
ABF9A5,N8707B,C172,CESSNA 172 Skyhawk,L1P,L
ABFEA5,N872K,G2T1,GREAT LAKES 2T-1,L1P,L
AC00A5,N87237,ERCO,AIR PRODUCTS F-1 Aircoupe,L1P,L
AC03A5,N873YD,,,,
AC08A5,N8748C,RV4,VANS RV-4,L1P,L
AC10A5,N877DC,CRER,RANS Courier,L1P,L
AC16A5,N87813,BE35,BEECH 35 Starfire Bonanza,L1P,L
AC1CA5,N88MX,,,,
AC1DA5,N88YC,ST75,STEARMAN Kaydet,L1P,L
AC1FA5,N880UP,BE30,BEECH 300 Super King Air,L2T,L
AC24A5,N8815T,C182,CESSNA 182 Skylane,L1P,L
AC26A5,N882QD,DRON,,D0-,-
AC27A5,N8820K,S108,STINSON 108 Voyager,L1P,L
AC2CA5,N8839Z,C172,CESSNA 172 Skyhawk,L1P,L
AC33A5,N8856U,C172,CESSNA 172 Skyhawk,L1P,L
AC37A5,N8868X,TRDO,TITAN Tornado SS,L1P,L
AC3AA5,N8873P,PA24,PIPER PA-24 Comanche,L1P,L
AC3CA5,N888ME,SR20,CIRRUS SR-20,L1P,L
AC3DA5,N888XL,C550,CESSNA 550 Citation S2,L2J,L
AC40A5,N889QC,,,,
AC41A5,N8890J,P28A,PIPER PA-28-140/150/160/180,L1P,L
AC45A5,N890DF,PA32,PIPER PA-32,L1P,L
AC49A5,N891GD,ZZZZ,,-0-,-
AC4AA5,N891SK,S22T,CIRRUS SR-22T Turbo,L1P,L
AC51A5,N893N,AS50,AEROSPATIALE AS-350 Ecureuil,H1T,L
AC53A5,N8936B,C172,CESSNA 172 Skyhawk,L1P,L
AC65A5,N89815,C152,CESSNA 152,L1P,L
AC67A5,N899KA,GLST,GLASAIR SH-4 GlaStar,L1P,L
AC69A5,N89938,C120,CESSNA 120,L1P,L
AC6BA5,N9MZ,Z42,ZLIN Z-42/142/242,L1P,L
AC6FA5,N900EW,TBM7,SOCATA TBM-700A/B/C,L1T,L
AC70A5,N900RB,EPIC,EPIC AIRCRAFT Epic LT,L1T,L
AC72A5,N9008J,,,,
AC75A5,N9013A,A319,AIRBUS A-319,L2J,M
AC76A5,N902AL,CH65,ZENAIR CH-650 Zodiac,L1P,L
AC79A5,N9025D,,,,
AC7DA5,N9037G,BALL,,B0-,-
AC7EA5,N904GG,BALL,,B0-,-
AC80A5,N90419,C172,CESSNA 172 Skyhawk,L1P,L
AC84A5,N9054B,CH7A,BELLANCA 7 Champion,L1P,L
AC88A5,N9066E,M5,MAULE M-5,L1P,L
AC89A5,N907EV,CRJ2,BOMBARDIER Regional Jet CRJ-200,L2J,M
AC8AA5,N907RA,SF34,SAAB 340,L2T,M
AC90A5,N909AK,AC50,NORTH AMERICAN ROCKWELL Commander 500,L2P,L
AC92A5,N909WX,PARA,,P0-,-
AC93A5,N9095C,J3,PIPER J-3 Cub,L1P,L
AC94A5,N91DH,RV6,VANS RV-6,L1P,L
AC97A5,N910L,TBM7,SOCATA TBM-700A/B/C,L1T,L
AC99A5,N9104X,C182,CESSNA 182 Skylane,L1P,L
AC9AA5,N911CS,BE65,BEECH 65 Queen Air,L2P,L
AC9BA5,N911NY,H500,HUGHES 500,H1T,L
AC9CA5,N911ZD,BE9L,BEECH 90 King Air,L2T,L
AC9DA5,N91160,C82T,CESSNA TR182 Turbo Skylane RG,L1P,L
ACA2A5,N913JN,M20P,MOONEY M-20,L1P,L
ACA4A5,N9133V,PA46,PIPER PA-46-310/350,L1P,L
ACA7A5,N914XS,,,,
ACA8A5,N9145Y,S108,STINSON 108 Voyager,L1P,L
ACABA5,N9150Q,BALL,,B0-,-
ACB2A5,N917WE,C172,CESSNA 172 Skyhawk,L1P,L
ACB3A5,N9174W,P28B,PIPER PA-28-201T/235/236,L1P,L
ACB9A5,N919RV,RV7,VANS RV-7,L1P,L
ACBCA5,N92JM,,,,
ACC1A5,N9208L,,,,
ACC4A5,N9213C,C180,CESSNA  180 Skywagon,L1P,L
ACC5A5,N922AN,B738,BOEING 737-800,L2J,M
ACC7A5,N922X,GLID,,L0-,-
ACCAA5,N923PS,,,,
ACCCA5,N9237J,P28A,PIPER PA-28-140/150/160/180,L1P,L
ACCFA5,N9242A,C170,CESSNA 170,L1P,L
ACD0A5,N9249M,M20P,MOONEY M-20,L1P,L
ACD7A5,N9266G,C182,CESSNA 182 Skylane,L1P,L
ACDFA5,N929AM,SR22,CIRRUS SR-22,L1P,L
ACE2A5,N9295E,M5,MAULE M-5,L1P,L
ACE3A5,N93DK,ULAC,,L0-,-
ACE4A5,N93PR,PA11,PIPER PA-11 Cub Special,L1P,L
ACEDA5,N932FS,PA44,PIPER PA-44 Seminole,L2P,L
ACF0A5,N93285,T210,CESSNA T210 Turbo Centurion,L1P,L
ACF3A5,N9333X,C182,CESSNA 182 Skylane,L1P,L
ACF7A5,N93450,ERCO,AIR PRODUCTS F-1 Aircoupe,L1P,L
ACFEA5,N9362V,M20P,MOONEY M-20,L1P,L
ACFFA5,N93696,ERCO,AIR PRODUCTS F-1 Aircoupe,L1P,L
AD03A5,N938CT,FDCT,FLIGHT DESIGN CT,L1P,L
AD07A5,N939FR,A319,AIRBUS A-319,L2J,M
AD0AA5,N93984,ERCO,AIR PRODUCTS F-1 Aircoupe,L1P,L
AD10A5,N9408N,P28R,PIPER PA-28R-180/200/201,L1P,L
AD17A5,N9425H,C172,CESSNA 172 Skyhawk,L1P,L
AD1AA5,N9430,BE95,BEECH 95 Travel Air,L2P,L
AD1BA5,N9437L,,,,
AD1CA5,N944GL,GLEX,BOMBARDIER BD-700 Global 6000/6500,L2J,M
AD1EA5,N9442C,PA32,PIPER PA-32,L1P,L
AD23A5,N946CA,C82S,CESSNA T182 Turbo Skylane,L1P,L
AD26A5,N9466J,P28A,PIPER PA-28-140/150/160/180,L1P,L
AD29A5,N9471A,C140,CESSNA 140,L1P,L
AD32A5,N95DM,C185,CESSNA 185 Skywagon,L1P,L
AD33A5,N95PT,BE95,BEECH 95 Travel Air,L2P,L
AD38A5,N951CW,RV14,VANS RV-14,L1P,L
AD39A5,N951PB,SR22,CIRRUS SR-22,L1P,L
AD3EA5,N9521W,P28A,PIPER PA-28-140/150/160/180,L1P,L
AD46A5,N95452,P28A,PIPER PA-28-140/150/160/180,L1P,L
AD49A5,N9550U,AA1,AMERICAN AA-1,L1P,L
AD4DA5,N9562X,C210,CESSNA 201 Centurion,L1P,L
AD51A5,N95740,C182,CESSNA 182 Skylane,L1P,L
AD55A5,N95863,C182,CESSNA 182 Skylane,L1P,L
AD56A5,N959FT,P40,CURTISS P-40 Kittyhawk,L1P,L
AD5AA5,N96JR,TBM7,SOCATA TBM-700A/B/C,L1T,L
AD5EA5,N9601D,PA22,PIPER PA-22,L1P,L
AD5FA5,N9608Q,C172,CESSNA 172 Skyhawk,L1P,L
AD62A5,N9613G,T206,CESSNA T206 Turbo Stationair,L1P,L
AD80A5,N9695J,P28A,PIPER PA-28-140/150/160/180,L1P,L
AD83A5,N970A,PA22,PIPER PA-22,L1P,L
AD85A5,N970WM,RV7,VANS RV-7,L1P,L
AD88A5,N971PD,BE58,BEECH 58 Baron,L2P,L
AD8CA5,N972SB,S22T,CIRRUS SR-22T Turbo,L1P,L
AD8DA5,N9721Y,J3,PIPER J-3 Cub,L1P,L
AD8EA5,N97289,S108,STINSON 108 Voyager,L1P,L
AD95A5,N97454,S108,STINSON 108 Voyager,L1P,L
AD99A5,N97577,S108,STINSON 108 Voyager,L1P,L
ADA0A5,N97742,S108,STINSON 108 Voyager,L1P,L
ADA2A5,N978PC,E55P,EMBRAER EMB-505 Phenom 300,L2J,M
ADA6A5,N979SA,P32R,PIPER PA-32R-300/301/301T,L1P,L
ADA9A5,N98JT,M20P,MOONEY M-20,L1P,L
ADAEA5,N9808S,BALL,,B0-,-
ADB6A5,N983DS,OSCR,PARTENAVIA Oscar Charlie,L1P,L
ADB9A5,N9837Q,PA18,PIPER PA-18 Super Cub,L1P,L
ADBBA5,N984SW,P28A,PIPER PA-28-140/150/160/180,L1P,L
ADBCA5,N9842G,C172,CESSNA 172 Skyhawk,L1P,L
ADC1A5,N986CE,H25B,HAWKER BEECHCRAFT Hawker 750/850,L2J,M
ADC6A5,N987RJ,C240,CESSNA 240 Corvalis TTx,L1P,L
ADC7A5,N9871E,C182,CESSNA 182 Skylane,L1P,L
ADC9A5,N988JA,DA42,DIAMOND DA-42 Guardian,L2P,L
ADCBA5,N9883H,C82R,CESSNA R182 Skylane RG,L1P,L
ADCCA5,N989AT,B712,BOEING 717-200,L2J,M
ADD0A5,N99DR,,,,
ADD4A5,N990WP,C182,CESSNA 182 Skylane,L1P,L
ADD5A5,N99045,C172,CESSNA 172 Skyhawk,L1P,L
ADD6A5,N991D,BE95,BEECH 95 Travel Air,L2P,L
ADDBA5,N992SD,AS50,AEROSPATIALE AS-350 Ecureuil,H1T,L
ADDDA5,N9929A,C170,CESSNA 170,L1P,L
ADE7A5,N9950Y,CH7B,BELLANCA 7 Citabria,L1P,L
ADE8A5,N99579,UH12,HILLER UH-12,H1P,L
ADECA5,N997AA,A321,AIRBUS A-321,L2J,M
ADEFA5,N99744,C172,CESSNA 172 Skyhawk,L1P,L
ADFCA5,92-0356,BE40,BEECH 400 Beechjet,L2J,M
ADFEA5,96-7325,C130,LOCKHEED C-130 Hercules,L4T,M
ADFFA5,70-1569,T38,NORTHROP T-38 Talon,L2J,L
AE00A5,70-1557,T38,NORTHROP T-38 Talon,L2J,L
AE05A5,62-3508,K35R,BOEING KC-135R/T Stratotanker,L4J,H
AE07A5,59-1471,K35R,BOEING KC-135R/T Stratotanker,L4J,H
AE08A5,00-3584,TEX2,BEECHCRAFT T-6 Texan 2,L1T,L
AE0AA5,87-24588,H60,SIKORSKY UH-60 Black Hawk,H2T,M
AE0CA5,79-23283,H60,SIKORSKY UH-60 Black Hawk,H2T,M
AE0DA5,81-23558,H60,SIKORSKY UH-60 Black Hawk,H2T,M
AE0EA5,86-24550,H60,SIKORSKY UH-60 Black Hawk,H2T,M
AE12A5,89-0510,C130,LOCKHEED C-130 Hercules,L4T,M
AE13A5,04-3719,TEX2,BEECHCRAFT T-6 Texan 2,L1T,L
AE14A5,160849,BE9L,BEECH 90 King Air,L2T,L
AE17A5,91-0302,F15,MCDONNELL-DOUGLAS F-15 Eagle,L2J,M
AE19A5,80-0270,A10,FAIRCHILD A-10 Thunderbolt II,L2J,M
AE1EA5,08-3936,TEX2,BEECHCRAFT T-6 Texan 2,L1T,L
AE1FA5,10-72150,EC45,AIRBUS HELICOPTERS EC-145,H2T,L
AE26A5,6579,AS65,AEROSPATIALE AS-365 Dauphin 2,H2T,L
AE27A5,166370,H60,SIKORSKY UH-60 Black Hawk,H2T,M
AE2FA5,08-8193,C17,BOEING C-17 Globemaster 3,L4J,H
AE47A5,08-20157,H60,SIKORSKY UH-60 Black Hawk,H2T,M
AE4BA5,164789,H53S,SIKORSKY CH-53 Super Stallion,H3T,M
AE4EA5,166187,TEX2,BEECHCRAFT T-6 Texan 2,L1T,L
AE51A5,10-20345,H60,SIKORSKY UH-60 Black Hawk,H2T,M
AE52A5,09-08823,H47,BOEING-VERTOL CH-47 Chinook,H2T,M
AE53A5,11-20347,H60,SIKORSKY UH-60 Black Hawk,H2T,M
AE56A5,13-20573,H60,SIKORSKY UH-60 Black Hawk,H2T,M
AE57A5,14-20693,H60,SIKORSKY UH-60 Black Hawk,H2T,M
AE58A5,61-0016,B52,BOEING B-52 Stratofortress,L8J,H
AE59A5,13-08441,H47,BOEING-VERTOL CH-47 Chinook,H2T,M
AE5CA5,05-27039,H60,SIKORSKY UH-60 Black Hawk,H2T,M
AE5EA5,163323,B06,BELL 206 JetRanger,H1T,L
AE5FA5,21-46058,B762,BOEING 767-200,L2J,H
AE64A5,19-21074,H60,SIKORSKY UH-60 Black Hawk,H2T,M
AE6AA5,168698,V22,BELL-BOEING V-22 Osprey,R2T,M
AE6DA5,19-14492,H60,SIKORSKY UH-60 Black Hawk,H2T,M
C001A5,C-FAQE,ERCO,AIR PRODUCTS F-1 Aircoupe,L1P,L
C002A5,C-FBAA,DC4,DOUGLAS DC-4 Skymaster,L4P,M
C005A5,C-FCDO,C150,CESSNA 150,L1P,L
C007A5,C-FCXG,C182,CESSNA 182 Skylane,L1P,L
C008A5,C-FDHC,DH2T,DE HAVILLAND DHC-2 Turbo Beaver,L1T,L
C009A5,C-FDQY,CNUK,FLEET 80 Canuck,L1P,L
C00AA5,C-FEAU,CNUK,FLEET 80 Canuck,L1P,L
C00CA5,C-FEUM,SRAI,GREAT PLAINS Sonerai,L1P,L
C00DA5,C-FFEI,GLID,,L0-,-
C00EA5,C-FFOE,C172,CESSNA 172 Skyhawk,L1P,L
C00FA5,C-FFYA,C152,CESSNA 152,L1P,L
C010A5,C-FGHW,,,,
C011A5,C-FGRS,CL60,BOMBARDIER CL-600 Challenger,L2J,M
C012A5,C-FHBO,B737,BOEING 737-700,L2J,M
C013A5,C-FHLK,,,,
C014A5,C-FHVG,B06,BELL 206 JetRanger,H1T,L
C015A5,C-FIFC,PA11,PIPER PA-11 Cub Special,L1P,L
C017A5,C-FIYU,BALL,,B0-,-
C018A5,C-FJIQ,CH7A,BELLANCA 7 Champion,L1P,L
C019A5,C-FJSM,C150,CESSNA 150,L1P,L
C01AA5,C-FKCI,CL35,BOMBARDIER BD-100 Challenger 350,L2J,M
C01BA5,C-FKME,AS50,AEROSPATIALE AS-350 Ecureuil,H1T,L
C01CA5,C-FKWA,AR15,AERONCA 15 Sedan,L1P,L
C01EA5,C-FLPS,PK20,PIK 20E,L1P,L
C01FA5,C-FLZO,NORS,NOORDUYN Norseman,L1P,L
C020A5,C-FMJK,GYRO,,G0-,-
C021A5,C-FMTG,,,,
C022A5,C-FNDC,DV20,DIAMOND DA-20,L1P,L
C023A5,C-FNMY,CH7A,BELLANCA 7 Champion,L1P,L
C024A5,C-FNWU,C185,CESSNA 185 Skywagon,L1P,L
C025A5,C-FOGQ,D11,JODEL D-11x/12x,L1P,L
C026A5,C-FOQM,,,,
C027A5,C-FPAI,A223,OSKBES-MAI 223 Kityonok,L1P,L
C028A5,C-FPKE,RBEL,MURPHY Rebel,L1P,L
C029A5,C-FPUA,PA24,PIPER PA-24 Comanche,L1P,L
C02AA5,C-FQDW,PA32,PIPER PA-32,L1P,L
C02BA5,C-FQNS,AS50,AEROSPATIALE AS-350 Ecureuil,H1T,L
C02EA5,C-FRRG,C172,CESSNA 172 Skyhawk,L1P,L
C030A5,C-FSKY,M7,MAULE M-7,L1P,L
C031A5,C-FSUU,ULAC,,L0-,-
C032A5,C-FTEQ,C150,CESSNA 150,L1P,L
C033A5,C-FTOM,C560,CESSNA 560 Citation Ultra,L2J,M
C034A5,C-FTYI,AS50,AEROSPATIALE AS-350 Ecureuil,H1T,L
C035A5,C-FUIE,C185,CESSNA 185 Skywagon,L1P,L
C037A5,C-FVBW,,,,
C038A5,C-FVLS,C150,CESSNA 150,L1P,L
C039A5,C-FVVO,C172,CESSNA 172 Skyhawk,L1P,L
C03AA5,C-FWFK,P28A,PIPER PA-28-140/150/160/180,L1P,L
C03BA5,C-FWPG,BE10,BEECH 100 King Air,L2T,L
C03CA5,C-FWZC,P28A,PIPER PA-28-140/150/160/180,L1P,L
C03EA5,C-FXSU,TAYA,TAYLORCRAFT A,L1P,L
C040A5,C-FYMM,C560,CESSNA 560 Citation Ultra,L2J,M
C041A5,C-FYWI,SR22,CIRRUS SR-22,L1P,L
C042A5,C-FZGE,BALL,,B0-,-
C043A5,C-FZQA,C185,CESSNA 185 Skywagon,L1P,L
C044A5,C-FZZW,PA22,PIPER PA-22,L1P,L
C045A5,C-GAJS,LJ35,LEARJET 35,L2J,M
C046A5,C-GATO,DHC2,DE HAVILLAND DHC-2 Beaver,L1P,L
C047A5,C-GBDK,AT3P,AIR TRACTOR AT-301/401,L1P,L
C048A5,C-GBNG,C172,CESSNA 172 Skyhawk,L1P,L
C049A5,C-GBXC,FBA2,FOUND FB-2 Bush Hawk,L1P,L
C04AA5,C-GCGY,C182,CESSNA 182 Skylane,L1P,L
C04CA5,C-GDAQ,BALL,,B0-,-
C04DA5,C-GDKM,P28A,PIPER PA-28-140/150/160/180,L1P,L
C050A5,C-GEOA,,,,
C051A5,C-GEXW,P28A,PIPER PA-28-140/150/160/180,L1P,L
C052A5,C-GFHS,AS50,AEROSPATIALE AS-350 Ecureuil,H1T,L
C053A5,C-GFRO,ULAC,,L0-,-
C054A5,C-GGBK,YK52,YAKOVLEV Yak-52,L1P,L
C055A5,C-GGLG,CH60,ZENAIR CH-600 Zodiac,L1P,L
C057A5,C-GHEY,C172,CESSNA 172 Skyhawk,L1P,L
C058A5,C-GHOU,C172,CESSNA 172 Skyhawk,L1P,L
C05AA5,C-GIIM,DV20,DIAMOND DA-20,L1P,L
C05BA5,C-GISI,,,,
C05CA5,C-GJCE,PA18,PIPER PA-18 Super Cub,L1P,L
C05DA5,C-GJMA,AC50,NORTH AMERICAN ROCKWELL Commander 500,L2P,L
C05EA5,C-GJVW,SW4,SWEARINGEN Metro,L2T,M
C05FA5,C-GKFS,CVLT,CANADAIR Cosmopolitan,L2T,M
C060A5,C-GKPO,LNC4,LANCAIR 4,L1P,L
C062A5,C-GLJG,AVID,AVID Flyer,L1P,L
C063A5,C-GLTC,A748,AVRO 748,L2T,M
C064A5,C-GMCY,M7,MAULE M-7,L1P,L
C065A5,C-GMMU,C25M,CESSNA 525 Citation M2,L2J,L
C066A5,C-GMWQ,B06,BELL 206 JetRanger,H1T,L
C067A5,C-GNGM,PA20,PIPER PA-20 Pacer,L1P,L
C068A5,C-GNQI,BE23,BEECH 23 Sundowner,L1P,L
C069A5,C-GOAE,TEAL,THURSTON Teal,A1P,L
C06BA5,C-GOTW,PA30,PIPER PA-30 Twin Comanche,L2P,L
C06CA5,C-GPDS,,,,
C06DA5,C-GPNO,BE55,BEECH 55 Baron,L2P,L
C06EA5,C-GPXK,MR35,MURPHY SR-3500 Super Rebel,L1P,L
C06FA5,C-GQHG,C140,CESSNA 140,L1P,L
C071A5,C-GRAY,,,,
C072A5,C-GRKU,,,,
C073A5,C-GRUQ,BE35,BEECH 35 Starfire Bonanza,L1P,L
C074A5,C-GSEM,LNP4,LANCAIR PropJet 4,L1T,L
C077A5,C-GTIA,AS50,AEROSPATIALE AS-350 Ecureuil,H1T,L
C078A5,C-GTRW,PA25,PIPER PA-25 Pawnee,L1P,L
C079A5,C-GUBS,DHC2,DE HAVILLAND DHC-2 Beaver,L1P,L
C07AA5,C-GULO,C182,CESSNA 182 Skylane,L1P,L
C07BA5,C-GUVK,,,,
C07CA5,C-GVFG,C172,CESSNA 172 Skyhawk,L1P,L
C07DA5,C-GVPC,P28U,PIPER PA-28RT-201T Turbo,L1P,L
C07EA5,C-GVYY,GLID,,L0-,-
C080A5,C-GWSQ,B737,BOEING 737-700,L2J,M
C081A5,C-GXCM,B407,BELL 407,H1T,L
C083A5,C-GXWE,AA5,AMERICAN AA-5 Tiger,L1P,L
C084A5,C-GYGA,C182,CESSNA 182 Skylane,L1P,L
C086A5,C-GYZS,PA18,PIPER PA-18 Super Cub,L1P,L
C087A5,C-GZJO,C185,CESSNA 185 Skywagon,L1P,L
C088A5,C-GZTK,GLEX,BOMBARDIER BD-700 Global 6000/6500,L2J,M
C08AA5,C-IANC,ULAC,,L0-,-
C08CA5,C-IBGU,ULAC,,L0-,-
C08DA5,C-IBQQ,PARA,,P0-,-
C08EA5,C-ICAM,ULAC,,L0-,-
C08FA5,C-ICKI,ULAC,,L0-,-
C090A5,C-ICUE,ULAC,,L0-,-
C091A5,C-IDEA,ULAC,,L0-,-
C093A5,C-IDXS,ULAC,,L0-,-
C096A5,C-IFBG,PARA,,P0-,-
C097A5,C-IFLC,PARA,,P0-,-
C098A5,C-IFUY,ULAC,,L0-,-
C099A5,C-IGEU,ULAC,,L0-,-
C09BA5,C-IGYM,ULAC,,L0-,-
C0A2A5,C-IJPK,FOX,KITFOX,L1P,L
C0A3A5,C-IJZG,PARA,,P0-,-
C0A4A5,C-IKJC,ULAC,,L0-,-
C0A6A5,C-ILCU,ULAC,,L0-,-
C0A8A5,C-ILWM,,,,
C0CBA5,C-IZDC,ULAC,,L0-,-
C1E9A5,SERV,SERV,,V0-,-
C2B3A5,144615,CL60,BOMBARDIER CL-600 Challenger,L2J,M
C800A5,ZK-BCZ,DH82,DE HAVILLAND DH-82 Tiger Moth,L1P,L
C801A5,ZK-CHL,C185,CESSNA 185 Skywagon,L1P,L
C802A5,ZK-DEP,C172,CESSNA 172 Skyhawk,L1P,L
C803A5,ZK-DXE,C150,CESSNA 150,L1P,L
C805A5,ZK-FGP,ULAC,,L0-,-
C806A5,ZK-MXX,ULAC,,L0-,-
C808A5,ZK-GNV,GLID,,L0-,-
C80CA5,ZK-WHO,RV3,VANS RV-3,L1P,L
C80FA5,ZK-HTR,R22,ROBINSON R-22 Mariner,H1P,L
C810A5,ZK-HMV,H500,HUGHES 500,H1T,L
C814A5,ZK-CAG,P40,CURTISS P-40 Kittyhawk,L1P,L
C817A5,ZK-JPD,ULAC,,L0-,-
C819A5,ZK-CTI,DA42,DIAMOND DA-42 Guardian,L2P,L
C81AA5,ZK-ICV,B06,BELL 206 JetRanger,H1T,L
C81BA5,ZK-YKA,YK52,YAKOVLEV Yak-52,L1P,L
C81CA5,ZK-KOL,C172,CESSNA 172 Skyhawk,L1P,L
C81EA5,ZK-FES,D8,FOKKER D-8 Replica,L1P,L
C81FA5,ZK-SJK,C170,CESSNA 170,L1P,L
C820A5,ZK-PLW,MM24,MAGNI M-24 Orion,G1P,L
C821A5,ZK-HOI,AS50,AEROSPATIALE AS-350 Ecureuil,H1T,L
C824A5,ZK-HAM,EC20,AIRBUS HELICOPTERS EC-120,H1T,L
C827A5,ZK-ILO,AS50,AEROSPATIALE AS-350 Ecureuil,H1T,L
C828A5,ZK-JPH,RV7,VANS RV-7,L1P,L
C829A5,ZK-GEM,AS29,SCHLEICHER ASG-29,L1P,L
E400A5,2479,C130,LOCKHEED C-130 Hercules,L4T,M
E401A5,PR-LKL,E550,EMBRAER EMB-550 Praetor 600,L2J,M
E480A5,PP-AMC,BE9L,BEECH 90 King Air,L2T,L
E483A5,PR-GEG,BE9L,BEECH 90 King Air,L2T,L
E484A5,PR-VEL,E50P,EMBRAER EMB-500 Phenom 100,L2J,L
E485A5,PR-FSA,C25A,CESSNA 525A Citation CJ2,L2J,L
E487A5,PT-YSB,AS65,AEROSPATIALE AS-365 Dauphin 2,H2T,L
E48BA5,PR-FMW,CL30,BOMBARDIER BD-100 Challenger 300,L2J,M
E490A5,PP-JMT,C680,CESSNA 680 Citation Sovereign,L2J,M
E491A5,PT-SRT,S22T,CIRRUS SR-22T Turbo,L1P,L
E492A5,PR-YRC,A20N,AIRBUS A-320neo,L2J,M
E494A5,FAB2857,E390,EMBRAER EMB-390,L2J,M
E499A5,PR-ERN,SF50,CIRRUS SF-50 Vision,L1J,L
E806A5,945,DHC6,DE HAVILLAND DHC-6 Twin Otter,L2T,L
E809A5,CC-DEH,C55B,CESSNA 550B Citation Bravo,L2J,L
E880A5,ZP-TUZ,C72R,CESSNA 172R Cutlass RG,L1P,L
