009BB0,ZS-KLZ,BE9T,BEECH F90 King Air,L2T,L
009DB0,ZS-LFR,BE36,BEECH 36 Bonanza,L1P,L
00A4B0,ZS-NWP,C150,CESSNA 150,L1P,L
00AEB0,ZS-RRB,A109,AGUSTA AW-109 Grand,H2T,L
0101B0,SU-BTK,C295,CASA C-295 Persuader,L2T,M
0200B0,CN-BTA,TEX2,BEECHCRAFT T-6 Texan 2,L1T,L
02A1B0,TS-INQ,A320,AIRBUS A-320,L2J,M
06A0B0,A7-BCL,B788,BOEING 787-8 Dreamliner,L2J,H
06A2B0,A7-BEL,B77W,BOEING 777-300ER,L2J,H
0700B0,6V-AFQ,PA32,PIPER PA-32,L1P,L
0800B0,5H-FLA,AT75,ATR-72-500,L2T,M
0AC8B0,FAC3115,E314,EMBRAER EMB-314 Super Tucano,L1T,L
0B05B0,CU-T1456,AT45,ATR-42-500,L2T,M
0B06B0,CU-T1712,A158,ANTONOV An-158,L2J,M
0BE2B0,JDFT-11,B350,BEECHCRAFT Super King Air 350,L2T,M
0D01B0,XC-CFE,C650,CESSNA 650 Citation,L2J,M
0D0AB0,3973,B350,BEECHCRAFT Super King Air 350,L2T,M
0D0BB0,XA-RFB,GLF4,GULFSTREAM 4,L2J,M
0D0CB0,XA-VBB,A21N,AIRBUS A-321neo,L2J,M
0D82B0,YV3291,WW24,IAI 1124 Westwind,L2J,M
140AB0,RA-02736,E35L,EMBRAER EMB-135 Legacy,L2J,M
145BB0,RA-23472,MI2,MIL Mi-2,H2T,L
151DB0,RA-73136,B77W,BOEING 777-300ER,L2J,H
152BB0,RF-76720,,,,
1533B0,RF-78768,IL76,ILYUSHIN Il-76/82,L4J,H
155BB0,RA-89008,SU95,SUKHOI Superjet 100-95,L2J,M
3004B0,I-GMAS,ECHO,TECNAM P-92 Echo,L1P,L
3005B0,I-EAAB,SIRA,TECNAM P-2002 Sierra,L1P,L
3006B0,I-KYRA,A169,AGUSTA AW-169,H2T,L
3007B0,I-CNTN,P208,TECNAM P-2008,L1P,L
3008B0,I-PNTQ,A109,AGUSTA AW-109 Grand,H2T,L
31D9B0,I-B810,VL3,AVEKO Flamingo,L1P,L
31DDB0,I-A841,TL20,TL ULTRALIGHT TL-2000 Sting,L1P,L
31FFB0,I-6469,PNR3,ALPI Pioneer 330,L1P,L
382EB0,F-BLVQ,GY80,DAHER-SOCATA GY-80 Horizon,L1P,L
3845B0,F-BRNQ,P28R,PIPER PA-28R-180/200/201,L1P,L
385DB0,F-BXNQ,C150,CESSNA 150,L1P,L
390DB0,F-GDNQ,TB20,SOCATA TB-20 Trinidad,L1P,L
3912B0,F-GEVQ,TB20,SOCATA TB-20 Trinidad,L1P,L
3919B0,F-GGNQ,TB20,SOCATA TB-20 Trinidad,L1P,L
3924B0,F-GJFQ,P32T,PIPER PA-32RT-300/300T,L1P,L
392EB0,F-GLVQ,DR40,ROBIN DR-400,L1P,L
393AB0,F-GOVQ,DR40,ROBIN DR-400,L1P,L
3965B0,F-GZNQ,B77W,BOEING 777-300ER,L2J,H
39CEB0,F-HTVQ,B738,BOEING 737-800,L2J,M
3AAAB0,F-MEBY,NH90,NHI NH-90,H2T,M
3B76B0,2778,EC25,AIRBUS HELICOPTERS EC-225/725,H2T,M
3B9BB0,71,E121,EMBRAER EMB-121 Xingu,L2T,L
3C1CB0,D-AZWL,A21N,AIRBUS A-321neo,L2J,M
3C44B0,D-AAEP,A321,AIRBUS A-321,L2J,M
3C49B0,D-ABMP,B738,BOEING 737-800,L2J,M
3C4AB0,D-ABUP,B763,BOEING 767-300,L2J,H
3C5CB0,D-AGEP,B737,BOEING 737-700,L2J,M
3C5DB0,D-AGMP,E190,EMBRAER ERJ-190-100,L2J,M
3C64B0,D-AIEP,A21N,AIRBUS A-321neo,L2J,M
3C66B0,D-AIUP,A320,AIRBUS A-320,L2J,M
3C70B0,D-ALEP,B752,BOEING 757-200,L2J,M
3C94B0,D-BEEP,C750,CESSNA 750 Citation 10,L2J,M
3CA1B0,D-BHMP,F2TH,DASSAULT Falcon 2000,L2J,M
3CDCB0,D-CKWM,B350,BEECHCRAFT Super King Air 350,L2T,M
3CFBB0,D-CWPS,E55P,EMBRAER EMB-505 Phenom 300,L2J,M
3D04B0,D-EAAI,B209,MBB BO-209 Monsun,L1P,L
3D05B0,D-EAKE,C177,CESSNA  177 Cardinal,L1P,L
3D06B0,D-EAUA,TOBA,SOCATA Tobago,L1P,L
3D07B0,D-EBDW,DV20,DIAMOND DA-20,L1P,L
3D09B0,D-EBXO,ZZZZ,,-0-,-
3D0AB0,D-ECHK,C172,CESSNA 172 Skyhawk,L1P,L
3D0DB0,D-EDKY,DA40,DIAMOND DA-40 Club Star,L1P,L
3D0FB0,D-EEEQ,TOBA,SOCATA Tobago,L1P,L
3D10B0,D-EEOM,C172,CESSNA 172 Skyhawk,L1P,L
3D11B0,D-EEYI,C172,CESSNA 172 Skyhawk,L1P,L
3D12B0,D-EFIE,D11,JODEL D-11x/12x,L1P,L
3D13B0,D-EFSA,DA40,DIAMOND DA-40 Club Star,L1P,L
3D14B0,D-EGBW,C172,CESSNA 172 Skyhawk,L1P,L
3D15B0,D-EGLS,DV20,DIAMOND DA-20,L1P,L
3D16B0,D-EGVO,BOLT,STEEN Skybolt,L1P,L
3D18B0,D-EHPG,T210,CESSNA T210 Turbo Centurion,L1P,L
3D1AB0,D-EIIY,M20P,MOONEY M-20,L1P,L
3D1BB0,D-EISU,P28A,PIPER PA-28-140/150/160/180,L1P,L
3D1DB0,D-EJMM,Z26,ZLIN Z-26/126/226/326/526/626/726,L1P,L
3D1EB0,D-EJWI,S22T,CIRRUS SR-22T Turbo,L1P,L
3D25B0,D-EMNG,DA40,DIAMOND DA-40 Club Star,L1P,L
3D27B0,D-ENGY,P28A,PIPER PA-28-140/150/160/180,L1P,L
3D2AB0,D-EOKM,A210,AQUILA A-210,L1P,L
3D2FB0,D-EQHS,DR40,ROBIN DR-400,L1P,L
3D31B0,D-ERBK,A210,AQUILA A-210,L1P,L
3D32B0,D-ERLG,C206,CESSNA  206 Stationair,L1P,L
3D33B0,D-ERVC,RV14,VANS RV-14,L1P,L
3D39B0,D-EUCE,C172,CESSNA 172 Skyhawk,L1P,L
3D3AB0,D-EUMA,DA40,DIAMOND DA-40 Club Star,L1P,L
3D4AB0,D-FANO,PC6T,PILATUS PC-6 Turbo-Porter,L1T,L
3D5BB0,D-FGYY,TBM7,SOCATA TBM-700A/B/C,L1T,L
3D61B0,D-FJGA,PC12,PILATUS PC-12,L1T,L
3DADB0,D-GMAI,PA30,PIPER PA-30 Twin Comanche,L2P,L
3DC1B0,D-GTPG,P06T,TECNAM P-2006T,L2P,L
3DD4B0,D-HAUI,EC45,AIRBUS HELICOPTERS EC-145,H2T,L
3DD5B0,D-HBEE,B407,BELL 407,H1T,L
3E03B0,D-HSPC,S330,SCHWEIZER 330/333,H1T,L
3E34B0,D-ILDO,PAY4,PIPER PA-42-1000 Cheyenne 400,L2T,L
3E5DB0,D-KARG,DIMO,DIAMOND H-36 Dimona,L1P,L
3E5EB0,D-KBBC,GLID,,L0-,-
3E60B0,D-KBUU,SF25,SCHEIBE SF-25 Falke,L1P,L
3E62B0,D-KCOM,GLID,,L0-,-
3E69B0,D-KFFK,DG80,DG FLUGZEUGBAU DG-800,L1P,L
3E6DB0,D-KGSU,GLID,,L0-,-
3E6FB0,D-KHMM,SF25,SCHEIBE SF-25 Falke,L1P,L
3E7EB0,D-KNEE,G109,GROB G-109,L1P,L
3EC1B0,D-KOHS,DG40,DG FLUGZEUGBAU DG-400,L1P,L
3EC4B0,D-KPLG,VENT,SCHEMPP-HIRTH Ventus,L1P,L
3ECCB0,D-KSMA,ARCP,SCHEMPP-HIRTH Arcus M,L1P,L
3ECEB0,D-KTFS,VENT,SCHEMPP-HIRTH Ventus,L1P,L
3ED8B0,D-KXAE,GLID,,L0-,-
3EDAB0,D-KXTW,AS31,SCHLEICHER ASH-31,L1P,L
3EDBB0,D-KYDS,AS26,SCHLEICHER ASH-26,L1P,L
3EE1B0,D-0281,GLID,,L0-,-
3EE6B0,D-1561,GLID,,L0-,-
3EEDB0,D-3353,GLID,,L0-,-
3F04B0,D-9421,GLID,,L0-,-
3F05B0,D-9497,GLID,,L0-,-
3F66B0,54+32,A400,AIRBUS A-400M,L4T,H
3F89B0,78+26,NH90,NHI NH-90,H2T,M
3FCBB0,D-OOOM,BALL,,B0-,-
3FEBB0,D-MSEV,EV97,EVEKTRO EV-97 EuroStar,L1P,L
3FECB0,D-MSNK,ULAC,,L0-,-
3FEDB0,D-MMTO,MT,ROTORSPORT MTOSport,G1P,L
3FEEB0,D-MHAY,FDCT,FLIGHT DESIGN CT,L1P,L
3FEFB0,D-MASY,BREZ,AEROSTYLE Breezer,L1P,L
3FF0B0,D-MMPH,ALSL,AIRLONY Skylane,L1P,L
3FF1B0,D-MBCL,FDCT,FLIGHT DESIGN CT,L1P,L
3FF2B0,D-MIRA,CH60,ZENAIR CH-600 Zodiac,L1P,L
3FF4B0,D-MVAR,C42,IKARUS C-42 Bison,L1P,L
4006B0,G-CIVZ,B744,BOEING 747-400,L4J,H
4008B0,G-EUPV,A319,AIRBUS A-319,L2J,M
400AB0,G-GPMW,P28U,PIPER PA-28RT-201T Turbo,L1P,L
400CB0,G-BODY,C310,CESSNA 310,L2P,L
400EB0,G-BYXT,G115,GROB G-115,L1P,L
4010B0,G-FFWD,C310,CESSNA 310,L2P,L
401EB0,G-BHYR,C172,CESSNA 172 Skyhawk,L1P,L
4024B0,G-MNDY,ULAC,,L0-,-
4027B0,G-DIRK,DG40,DG FLUGZEUGBAU DG-400,L1P,L
402CB0,G-BPEO,C152,CESSNA 152,L1P,L
4030B0,G-EEPJ,PTS1,PITTS S-1 Special,L1P,L
4036B0,G-GEMS,BALL,,B0-,-
403AB0,G-CDBC,ZZZZ,,-0-,-
403BB0,G-ONUN,RV6,VANS RV-6,L1P,L
4041B0,G-SCBI,TB20,SOCATA TB-20 Trinidad,L1P,L
4043B0,G-CBAR,GLST,GLASAIR SH-4 GlaStar,L1P,L
4045B0,G-BZYU,ULAC,,L0-,-
4046B0,G-CBJD,GLST,GLASAIR SH-4 GlaStar,L1P,L
4048B0,G-CBZM,JABI,Jabiru J120,L1P,L
404BB0,G-CCWP,EV97,EVEKTRO EV-97 EuroStar,L1P,L
404CB0,G-ESCC,ESCP,REALITY Escapade,L1P,L
404DB0,G-RISH,EXEC,ROTORWAY Exec,H1P,L
404FB0,G-CKJJ,GLID,,L0-,-
4050B0,G-CEEK,BALL,,B0-,-
4053B0,G-DDVG,GLID,,L0-,-
4058B0,G-CJJH,DG80,DG FLUGZEUGBAU DG-800,L1P,L
4059B0,G-CJHR,GLID,,L0-,-
405EB0,G-XRVB,RV8,VANS RV-8,L1P,L
405FB0,G-GORV,RV8,VANS RV-8,L1P,L
4062B0,G-REAF,JAB4,JABIRU J200-450,L1P,L
4063B0,G-CGPR,CRUZ,CSA PS-28 Cruiser,L1P,L
4065B0,G-OATZ,RV12,VANS RV-12,L1P,L
4069B0,G-CIBC,EFOX,AEROPRO Eurofox,L1P,L
406AB0,G-CICP,DHC2,DE HAVILLAND DHC-2 Beaver,L1P,L
406BB0,G-OTWS,DUOD,SCHEMPP-HIRTH Duo Discus,L1P,L
406CB0,G-CIJN,ST75,STEARMAN Kaydet,L1P,L
406DB0,G-FIBT,R44,ROBINSON R-44 Raven,H1P,L
406EB0,G-CIRJ,E300,EXTRA EA-300/330/350,L1P,L
4070B0,G-CJCO,C42,IKARUS C-42 Bison,L1P,L
4071B0,G-ELSB,DR40,ROBIN DR-400,L1P,L
4072B0,G-CJXE,BALL,,B0-,-
4073B0,G-PCGC,GLID,,L0-,-
4076B0,G-TAWY,B738,BOEING 737-800,L2J,M
4077B0,G-IIHL,E300,EXTRA EA-300/330/350,L1P,L
407AB0,G-NJAC,C56X,CESSNA 560XL Citation XLS,L2J,M
407CB0,G-RUKD,B738,BOEING 737-800,L2J,M
4241B0,VP-CXH,A320,AIRBUS A-320,L2J,M
4245B0,VQ-BTQ,B763,BOEING 767-300,L2J,H
4247B0,VP-CZC,GLF6,GULFSTREAM G650,L2J,M
4248B0,VP-CBS,A321,AIRBUS A-321,L2J,M
43C1B0,ZA546,TOR,PANAVIA Tornado,L2J,M
43C2B0,ZJ957,PUMA,AEROSPATIALE SA-330 Puma,H2T,L
43C4B0,ZJ942,EUFI,EUROFIGHTER 2000,L2J,M
43C7B0,ZK439,EUFI,EUROFIGHTER 2000,L2J,M
43E9B0,M-YMCM,B429,BELL 429 GlobalRanger,H2T,L
4400B0,OE-GLL,C55B,CESSNA 550B Citation Bravo,L2J,L
4402B0,OE-DDW,C182,CESSNA 182 Skylane,L1P,L
4403B0,OE-EPH,PC12,PILATUS PC-12,L1T,L
4404B0,OE-CAA,ZZZZ,,-0-,-
4407B0,OE-KUK,GLID,,L0-,-
440BB0,OE-FZZ,DA42,DIAMOND DA-42 Guardian,L2P,L
440CB0,OE-LVD,B738,BOEING 737-800,L2J,M
4485B0,OO-AMP,AS50,AEROSPATIALE AS-350 Ecureuil,H1T,L
4495B0,OO-EMP,B407,BELL 407,H1T,L
44A8B0,OO-JEP,CP30,PIEL Emeraude,L1P,L
44ADB0,OO-KMP,C152,CESSNA 152,L1P,L
44B1B0,OO-LMP,F2TH,DASSAULT Falcon 2000,L2J,M
44C1B0,OO-PMP,R44,ROBINSON R-44 Raven,H1P,L
44D2B0,OO-TUP,B738,BOEING 737-800,L2J,M
44E5B0,OO-YMP,GLID,,L0-,-
45A1B0,OY-HMP,A189,AGUSTA AW-189,H2T,M
45A2B0,OY-HUP,EC55,AIRBUS HELICOPTERS EC-155,H2T,L
45CAB0,OY-RUP,A320,AIRBUS A-320,L2J,M
45E2B0,OY-XUP,DISC,SCHEMPP-HIRTH Discus,L1P,L
45E4B0,OY-YEP,AT76,ATR-72-600,L2T,M
461FB0,OH-MAA,BALL,,B0-,-
4688B0,SX-BEP,DA42,DIAMOND DA-42 Guardian,L2P,L
4730B0,HA-SLK,C172,CESSNA 172 Skyhawk,L1P,L
4749B0,HA-1289,SF36,SCHEIBE SF-36,L1P,L
4786B0,LN-KLF,AA5,AMERICAN AA-5 Tiger,L1P,L
47A3B0,LN-ENN,B738,BOEING 737-800,L2J,M
4841B0,PH-RAD,DA40,DIAMOND DA-40 Club Star,L1P,L
4844B0,P4-777,E35L,EMBRAER EMB-135 Legacy,L2J,M
4848B0,PH-VKL,PELI,FLYER Pelican,L1P,L
4849B0,PH-KOX,CRUZ,CSA PS-28 Cruiser,L1P,L
484AB0,PH-MID,R44,ROBINSON R-44 Raven,H1P,L
484BB0,PH-798,GLID,,L0-,-
484CB0,PH-4G3,WT9,AEROSPOOL WT-9 Dynamic,L1P,L
484EB0,PH-PYL,LNC2,LANCAIR 200-320,L1P,L
484FB0,PH-1511,GLID,,L0-,-
4850B0,P4-GVI,GLF6,GULFSTREAM G650,L2J,M
4851B0,PH-BHE,B789,BOEING 787-9 Dreamliner,L2J,H
4853B0,PH-1LI,ZZZZ,,-0-,-
4854B0,PH-1VJ,ZZZZ,,-0-,-
4855B0,PH-2HM,ZZZZ,,-0-,-
4856B0,PH-2WS,ZZZZ,,-0-,-
485DB0,PH-1588,GLID,,L0-,-
485EB0,PH-1638,GLID,,L0-,-
4862B0,PH-PSM,BR23,BRM AERO Bristell B23,L1P,L
4891B0,SP-ENR,B738,BOEING 737-800,L2J,M
48C6B0,SP-SZR,R44,ROBINSON R-44 Raven,H1P,L
48FCB0,SP-XVFR,GYRO,,G0-,-
4921B0,CS-HMP,KA27,KAMOV Ka-252,H2T,M
4951B0,CS-TMP,L101,LOCKHEED L-1011 TriStar,L3J,H
4952B0,CS-TUP,A339,AIRBUS A-330-900,L2J,H
4984B0,0460,EN48,ENSTROM TH-28,H1T,L
49C0B0,OK-QUS35,FAET,ATEC 321 Faeta,L1P,L
49D0B0,OK-AML,C510,CESSNA 510 Citation Mustang,L2J,L
49D1B0,OK-LEK,L410,LET L-410 Turbolet,L2T,L
49D2B0,OK-SKP,C150,CESSNA 150,L1P,L
49D3B0,OK-EJS,PA46,PIPER PA-46-310/350,L1P,L
4A09B0,YR-BMP,B738,BOEING 737-800,L2J,M
4A31B0,YR-LMP,P208,TECNAM P-2008,L1P,L
4A88B0,SE-BEP,BE35,BEECH 35 Starfire Bonanza,L1P,L
4A8DB0,SE-CMP,C150,CESSNA 150,L1P,L
4AA8B0,SE-JEP,EC20,AIRBUS HELICOPTERS EC-120,H1T,L
4AA9B0,SE-JMP,EC20,AIRBUS HELICOPTERS EC-120,H1T,L
4AD9B0,SE-VMP,FK9,B&F TECHNIK FK-9,L1P,L
4B18B0,HB-JJC,B733,BOEING 737-300,L2J,M
4B1CB0,HB-KWM,S22T,CIRRUS SR-22T Turbo,L1P,L
4B21B0,HB-MTS,E300,EXTRA EA-300/330/350,L1P,L
4B25B0,HB-OHC,P28A,PIPER PA-28-140/150/160/180,L1P,L
4B2AB0,HB-QEI,BALL,,B0-,-
4B36B0,HB-USM,BU31,BUCKER Bu-131 Jungmann,L1P,L
4B39B0,HB-VWA,C25A,CESSNA 525A Citation CJ2,L2J,L
4B3CB0,HB-WZO,WT9,AEROSPOOL WT-9 Dynamic,L1P,L
4B40B0,HB-YMY,WAIX,SONEX Waiex,L1P,L
4B42B0,HB-ZGQ,EC20,AIRBUS HELICOPTERS EC-120,H1T,L
4B43B0,HB-ZQM,EC45,AIRBUS HELICOPTERS EC-145,H2T,L
4B51B0,HB-3337,GLID,,L0-,-
4B7FB0,A-940,PC7,PILATUS PC-7 Astra,L1T,L
4B82B0,TCCB-2,S92,SIKORSKY S-92 Helibus,H2T,M
4BCCB0,TC-SEP,B738,BOEING 737-800,L2J,M
4CA8B0,EI-GGE,ULAC,,L0-,-
4CA9B0,EI-ETH,A321,AIRBUS A-321,L2J,M
4CACB0,EI-GEA,CRJ9,BOMBARDIER Regional Jet CRJ-900,L2J,M
4D02B0,LX-JFB,PC12,PILATUS PC-12,L1T,L
4D21B0,9H-TTT,A109,AGUSTA AW-109 Grand,H2T,L
4D22B0,9H-LOU,A320,AIRBUS A-320,L2J,M
5001B0,T7-AQA,CL60,BOMBARDIER CL-600 Challenger,L2J,M
5002B0,T7-MUS,GLEX,BOMBARDIER BD-700 Global 6000/6500,L2J,M
502CB0,YL-SAB,C182,CESSNA 182 Skylane,L1P,L
503DB0,LY-VEL,A320,AIRBUS A-320,L2J,M
505DB0,OM-PTT,C550,CESSNA 550 Citation S2,L2J,L
506DB0,S5-DKK,C182,CESSNA 182 Skylane,L1P,L
5110B0,PH-FCI,JS32,BRITISH AEROSPACE Jetstream Super 31,L2T,M
5140B0,4L-TIG,B738,BOEING 737-800,L2J,M
6010B0,EX-32007,A320,AIRBUS A-320,L2J,M
70A9B0,9N-ANE,DH8D,DE HAVILLAND DHC-8-400 Dash 8,L2T,M
70C0B0,A4O-EB,E75S,EMBRAER ERJ-170-200 (short wing),L2J,M
7100B0,HZ-ASU,A321,AIRBUS A-321,L2J,M
7103B0,5007,B350,BEECHCRAFT Super King Air 350,L2T,M
7105B0,HZ-AR29,B789,BOEING 787-9 Dreamliner,L2J,H
710DB0,HZ-AL54,A139,AGUSTA AW-139,H2T,L
717CB0,HZ-RC5,A139,AGUSTA AW-139,H2T,L
7324B0,EP-IEP,A319,AIRBUS A-319,L2J,M
7335B0,EP-MMP,A310,AIRBUS A-310,L2J,H
7502B0,9M-MLP,B738,BOEING 737-800,L2J,M
7503B0,9M-SCB,EC35,AIRBUS HELICOPTERS EC-135/635,H2T,L
7583B0,129,C295,CASA C-295 Persuader,L2T,M
7586B0,RP-C4126,A21N,AIRBUS A-321neo,L2J,M
7609B0,AP-BMP,A321,AIRBUS A-321,L2J,M
7654B0,AP-UEP,DHC6,DE HAVILLAND DHC-6 Twin Otter,L2T,L
76CDB0,9V-SMP,A359,AIRBUS A-350-900,L2J,H
7800B0,B-2578,B733,BOEING 737-300,L2J,M
7801B0,B-HNN,B773,BOEING 777-300,L2J,H
7802B0,B-1400,B738,BOEING 737-800,L2J,M
7803B0,B-6908,A320,AIRBUS A-320,L2J,M
7804B0,B-3252,CRJ9,BOMBARDIER Regional Jet CRJ-900,L2J,M
7805B0,B-6596,A321,AIRBUS A-321,L2J,M
7807B0,B-6810,A321,AIRBUS A-321,L2J,M
7809B0,B-6977,A320,AIRBUS A-320,L2J,M
780CB0,B-2007,B77W,BOEING 777-300ER,L2J,H
780DB0,B-5967,A333,AIRBUS A-330-300,L2J,H
780EB0,B-7082,B752,BOEING 757-200,L2J,M
7810B0,B-1579,B738,BOEING 737-800,L2J,M
7811B0,B-8591,A320,AIRBUS A-320,L2J,M
7812B0,B-10SL,PC6T,PILATUS PC-6 Turbo-Porter,L1T,L
7813B0,B-1283,B738,BOEING 737-800,L2J,M
7815B0,B-602T,AJ27,COMAC ARJ-21-700 Xiangfeng,L2J,M
781AB0,B-123E,DA42,DIAMOND DA-42 Guardian,L2P,L
7A42B0,7409,ZZZZ,,-0-,-
7C05B0,VH-BEQ,C172,CESSNA 172 Skyhawk,L1P,L
7C06B0,VH-BLU,R22,ROBINSON R-22 Mariner,H1P,L
7C07B0,VH-BSY,P28A,PIPER PA-28-140/150/160/180,L1P,L
7C0AB0,VH-CEA,TBM8,SOCATA TBM-850,L1T,L
7C0BB0,VH-CLE,BE58,BEECH 58 Baron,L2P,L
7C0FB0,VH-DDU,M20P,MOONEY M-20,L1P,L
7C10B0,VH-DKY,C310,CESSNA 310,L2P,L
7C17B0,VH-EYQ,F406,CESSNA F406 Caravan 2,L2T,L
7C21B0,VH-GXU,GLID,,L0-,-
7C29B0,VH-IIQ,R44,ROBINSON R-44 Raven,H1P,L
7C2BB0,VH-IWY,B738,BOEING 737-800,L2J,M
7C33B0,VH-KHU,B412,BELL 412,H2T,L
7C34B0,VH-KOY,L14,LOCKHEED L-14 Super Electra,L2P,M
7C37B0,VH-LAA,F406,CESSNA F406 Caravan 2,L2T,L
7C38B0,VH-LHE,PA31,PIPER PA-31-300/310/325/350/425,L2P,L
7C39B0,VH-LOI,BE58,BEECH 58 Baron,L2P,L
7C3AB0,VH-LVM,AS50,AEROSPATIALE AS-350 Ecureuil,H1T,L
7C42B0,VH-NGI,DA42,DIAMOND DA-42 Guardian,L2P,L
7C44B0,VH-NUQ,C208,CESSNA 208 Caravan,L1T,L
7C49B0,VH-OUA,C72R,CESSNA 172R Cutlass RG,L1P,L
7C4DB0,VH-PMQ,M20P,MOONEY M-20,L1P,L
7C57B0,VH-RLU,EC30,AIRBUS HELICOPTERS EC-130,H1T,L
7C5CB0,VH-SLE,LJ35,LEARJET 35,L2J,M
7C5EB0,VH-SZM,RV8,VANS RV-8,L1P,L
7C6DB0,VH-VYA,B738,BOEING 737-800,L2J,M
7C72B0,VH-WXU,C172,CESSNA 172 Skyhawk,L1P,L
7C77B0,VH-XXE,CA25,COMMONWEALTH CA-25 Winjeel,L1P,L
7C7AB0,VH-YIQ,B738,BOEING 737-800,L2J,M
7C7CB0,VH-YWY,NG5,BRM AERO NG-5/6 Bristell,L1P,L
7C80B0,VH-ZPE,DAKH,FISHER Dakota Hawk,L1P,L
7C81B0,VH-ZWI,PA44,PIPER PA-44 Seminole,L2P,L
7CC3B0,24-8538,WACO,WACO E/O,L1P,L
7CC4B0,24-7002,JAB2,JABIRU J160/170,L1P,L
7CF9B0,N48-017,H60,SIKORSKY UH-60 Black Hawk,H2T,M
8002B0,H2184,A748,AVRO 748,L2T,M
8003B0,VT-AXJ,B738,BOEING 737-800,L2J,M
8007B0,VT-IFI,A320,AIRBUS A-320,L2J,M
800BB0,VT-TTL,A320,AIRBUS A-320,L2J,M
800DB0,VT-TNM,A20N,AIRBUS A-320neo,L2J,M
8013B0,VT-TMN,AT75,ATR-72-500,L2T,M
8014B0,VT-IIN,A20N,AIRBUS A-320neo,L2J,M
8404B0,JA018C,SR22,CIRRUS SR-22,L1P,L
8405B0,JA01JJ,A320,AIRBUS A-320,L2J,M
8406B0,JA01VA,A320,AIRBUS A-320,L2J,M
840FB0,JA04AN,B737,BOEING 737-700,L2J,M
8460B0,JA11XJ,A359,AIRBUS A-350-900,L2J,H
8464B0,JA131A,A21N,AIRBUS A-321neo,L2J,M
84C0B0,JA23MJ,MJ90,JURCA MJ-90 Messerschmitt Bf-109 Replica,L1P,L
85C1B0,JA505W,B505,BELL 505 JetRanger X,H1T,L
861BB0,JA607J,B763,BOEING 767-300,L2J,H
8638B0,JA68AN,B738,BOEING 737-800,L2J,M
863BB0,JA6960,S76,SIKORSKY S-76 Spirit,H2T,L
8681B0,JA73NJ,B738,BOEING 737-800,L2J,M
86CEB0,JA803A,B788,BOEING 787-8 Dreamliner,L2J,H
86D9B0,JA835A,B788,BOEING 787-8 Dreamliner,L2J,H
86E4B0,JA867A,B350,BEECHCRAFT Super King Air 350,L2T,M
86EFB0,JA899A,B789,BOEING 787-9 Dreamliner,L2J,H
8805B0,1084,E35L,EMBRAER EMB-135 Legacy,L2J,M
8832B0,HS-LUP,B738,BOEING 737-800,L2J,M
8850B0,HS-TEP,A333,AIRBUS A-330-300,L2J,H
8880B0,VN-A699,A320,AIRBUS A-320,L2J,M
8881B0,VN-A544,A321,AIRBUS A-321,L2J,M
8960B0,A6-RJB,GLF4,GULFSTREAM 4,L2J,M
8963B0,A6-FEN,B738,BOEING 737-800,L2J,M
8964B0,A6-EVB,A388,AIRBUS A-380-800,L4J,H
8965B0,A6-SKY,BE9L,BEECH 90 King Air,L2T,L
896EB0,GND,GND,,V0-,-
8990B0,B-18657,B738,BOEING 737-800,L2J,M
8991B0,B-18301,A333,AIRBUS A-330-300,L2J,H
8A02B0,PK-AXS,A320,AIRBUS A-320,L2J,M
8A03B0,PK-GLV,A320,AIRBUS A-320,L2J,M
8A08B0,PK-WJZ,AT76,ATR-72-600,L2T,M
A001B0,N1TE,MUS2,BUSHBY M-2 Mustang 2,L1P,L
A002B0,N10DK,PA46,PIPER PA-46-310/350,L1P,L
A003B0,N10PR,C310,CESSNA 310,L2P,L
A005B0,N100LB,BALL,,B0-,-
A006B0,N100WH,RV6,VANS RV-6,L1P,L
A007B0,N1004Z,,,,
A008B0,N101CU,DRON,,D0-,-
A009B0,N101P,,,,
A00BB0,N10162,M20P,MOONEY M-20,L1P,L
A00EB0,N1021U,M20P,MOONEY M-20,L1P,L
A012B0,N1033X,P28A,PIPER PA-28-140/150/160/180,L1P,L
A014B0,N104MN,RV4,VANS RV-4,L1P,L
A016B0,N10450,CH7A,BELLANCA 7 Champion,L1P,L
A017B0,N105EE,BALL,,B0-,-
A01CB0,N106TJ,SR22,CIRRUS SR-22,L1P,L
A01DB0,N1062V,BALL,,B0-,-
A021B0,N1074Y,M20P,MOONEY M-20,L1P,L
A02AB0,N11JP,PTS1,PITTS S-1 Special,L1P,L
A02CB0,N110F,PA22,PIPER PA-22,L1P,L
A02EB0,N1101B,L8,LUSCOMBE 8,L1P,L
A02FB0,N1108N,BE36,BEECH 36 Bonanza,L1P,L
A030B0,N111HY,AC11,NORTH AMERICAN ROCKWELL Commander 112/114,L1P,L
A036B0,N1125H,AR15,AERONCA 15 Sedan,L1P,L
A037B0,N113DN,DRON,,D0-,-
A039B0,N1130,PA18,PIPER PA-18 Super Cub,L1P,L
A03CB0,N114SS,AC11,NORTH AMERICAN ROCKWELL Commander 112/114,L1P,L
A03EB0,N1149P,M20P,MOONEY M-20,L1P,L
A041B0,N1154F,C208,CESSNA 208 Caravan,L1T,L
A043B0,N116NG,DA40,DIAMOND DA-40 Club Star,L1P,L
A048B0,N1171A,M20P,MOONEY M-20,L1P,L
A049B0,N1178M,C172,CESSNA 172 Skyhawk,L1P,L
A04DB0,N119AP,AS31,SCHLEICHER ASH-31,L1P,L
A050B0,N1195G,AA5,AMERICAN AA-5 Tiger,L1P,L
A051B0,N12DM,C185,CESSNA 185 Skywagon,L1P,L
A053B0,N12ZZ,S22T,CIRRUS SR-22T Turbo,L1P,L
A054B0,N120LD,NAVI,NORTH AMERICAN Navion,L1P,L
A057B0,N121CW,C172,CESSNA 172 Skyhawk,L1P,L
A058B0,N121PB,C402,CESSNA 402 Businessliner,L2P,L
A05AB0,N12164,ZZZZ,,-0-,-
A05CB0,N122S,,,,
A05FB0,N123JS,C82S,CESSNA T182 Turbo Skylane,L1P,L
A062B0,N124BJ,RV12,VANS RV-12,L1P,L
A065B0,N12452,C172,CESSNA 172 Skyhawk,L1P,L
A06CB0,N1262X,M20P,MOONEY M-20,L1P,L
A06DB0,N12698,C172,CESSNA 172 Skyhawk,L1P,L
A06EB0,N127LC,J3,PIPER J-3 Cub,L1P,L
A070B0,N12740,C172,CESSNA 172 Skyhawk,L1P,L
A072B0,N128PA,P06T,TECNAM P-2006T,L2P,L
A079B0,N13JR,GLEX,BOMBARDIER BD-700 Global 6000/6500,L2J,M
A07BB0,N130FB,G73,GRUMMAN G-73 Mallard,A2P,L
A07CB0,N130RH,L8,LUSCOMBE 8,L1P,L
A07FB0,N131J,,,,
A087B0,N133PW,ULAC,,L0-,-
A088B0,N1330B,L8,LUSCOMBE 8,L1P,L
A089B0,N1337N,,,,
A08CB0,N1342E,SRAI,GREAT PLAINS Sonerai,L1P,L
A090B0,N1354H,AR15,AERONCA 15 Sedan,L1P,L
A091B0,N136CC,PA18,PIPER PA-18 Super Cub,L1P,L
A097B0,N1371C,PA18,PIPER PA-18 Super Cub,L1P,L
A09CB0,N139AR,C170,CESSNA 170,L1P,L
A09FB0,N1395J,AC11,NORTH AMERICAN ROCKWELL Commander 112/114,L1P,L
A0A0B0,N14DP,P28A,PIPER PA-28-140/150/160/180,L1P,L
A0A1B0,N14PV,C172,CESSNA 172 Skyhawk,L1P,L
A0A2B0,N140A,C140,CESSNA 140,L1P,L
A0A4B0,N140WM,P28A,PIPER PA-28-140/150/160/180,L1P,L
A0A5B0,N14043,PA18,PIPER PA-18 Super Cub,L1P,L
A0A9B0,N14166,T6,NORTH AMERICAN T-6 Texan,L1P,L
A0ABB0,N142SB,C150,CESSNA 150,L1P,L
A0B1B0,N144BL,RV14,VANS RV-14,L1P,L
A0B5B0,N145EJ,SR22,CIRRUS SR-22,L1P,L
A0B7B0,N1450W,FOX,KITFOX,L1P,L
A0B9B0,N146HG,HUSK,CHRISTEN Husky,L1P,L
A0BCB0,N147,GLID,,L0-,-
A0BEB0,N147WL,SR22,CIRRUS SR-22,L1P,L
A0BFB0,N14742,,,,
A0C1B0,N148PC,BL8,BELLANCA 8 Decathlon,L1P,L
A0C5B0,N149SA,BL8,BELLANCA 8 Decathlon,L1P,L
A0C7B0,N14988,FA24,FAIRCHILD F-24 Argus,L1P,L
A0C8B0,N15JT,C560,CESSNA 560 Citation Ultra,L2J,M
A0CBB0,N150RK,BE9L,BEECH 90 King Air,L2T,L
A0CEB0,N151JB,RV7,VANS RV-7,L1P,L
A0CFB0,N151UH,J3,PIPER J-3 Cub,L1P,L
A0D2B0,N152M,C170,CESSNA 170,L1P,L
A0D4B0,N1525M,PARA,,P0-,-
A0D5B0,N153DS,DA40,DIAMOND DA-40 Club Star,L1P,L
A0DAB0,N154SW,C150,CESSNA 150,L1P,L
A0DBB0,N1542G,UHEL,,H0-,-
A0DCB0,N1549T,C310,CESSNA 310,L2P,L
A0DFB0,N1554K,AT3P,AIR TRACTOR AT-301/401,L1P,L
A0E4B0,N157FC,C82T,CESSNA TR182 Turbo Skylane RG,L1P,L
A0E5B0,N157RJ,P28B,PIPER PA-28-201T/235/236,L1P,L
A0E6B0,N1571E,C172,CESSNA 172 Skyhawk,L1P,L
A0EBB0,N159AT,,,,
A0EEB0,N1595L,BE35,BEECH 35 Starfire Bonanza,L1P,L
A0EFB0,N16DR,M20P,MOONEY M-20,L1P,L
A0F0B0,N16PX,AA5,AMERICAN AA-5 Tiger,L1P,L
A0F3B0,N160WP,RV9,VANS RV-9,L1P,L
A0F4B0,N16045,C150,CESSNA 150,L1P,L
A0F5B0,N161D,,,,
A0FBB0,N16210,C150,CESSNA 150,L1P,L
A0FDB0,N163JW,GLF4,GULFSTREAM 4,L2J,M
A100B0,N164BN,RV6,VANS RV-6,L1P,L
A102B0,N164Y,SLG2,AIRPLANE FACTORY Sling 2,L1P,L
A103B0,N16456,P28A,PIPER PA-28-140/150/160/180,L1P,L
A105B0,N165QS,GLEX,BOMBARDIER BD-700 Global 6000/6500,L2J,M
A106B0,N1650Y,C172,CESSNA 172 Skyhawk,L1P,L
A107B0,N16579,WACF,WACO F,L1P,L
A108B0,N166HJ,HDJT,HONDA HondaJet,L2J,L
A10AB0,N16621,J2,PIPER J-2 Cub,L1P,L
A116B0,N1699,GLID,,L0-,-
A117B0,N17JV,DG80,DG FLUGZEUGBAU DG-800,L1P,L
A118B0,N17VA,BE20,BEECH 200 Super King Air,L2T,M
A119B0,N170FF,GLID,,L0-,-
A11AB0,N170RM,NPOR,REDFERN Nieuport 24,L1P,L
A11BB0,N1701H,CH7B,BELLANCA 7 Citabria,L1P,L
A11CB0,N1708U,C120,CESSNA 120,L1P,L
A11DB0,N171JD,BE95,BEECH 95 Travel Air,L2P,L
A120B0,N172AW,,,,
A121B0,N172MB,C172,CESSNA 172 Skyhawk,L1P,L
A125B0,N173Q,BE35,BEECH 35 Starfire Bonanza,L1P,L
A126B0,N1730F,C172,CESSNA 172 Skyhawk,L1P,L
A127B0,N1737S,C82S,CESSNA T182 Turbo Skylane,L1P,L
A129B0,N174SY,E75L,EMBRAER ERJ-170-200 (long wing),L2J,M
A12BB0,N1749V,C172,CESSNA 172 Skyhawk,L1P,L
A12EB0,N1754M,ST75,STEARMAN Kaydet,L1P,L
A12FB0,N176CG,F2TH,DASSAULT Falcon 2000,L2J,M
A133B0,N177FE,B763,BOEING 767-300,L2J,H
A134B0,N177RL,C177,CESSNA  177 Cardinal,L1P,L
A137B0,N178JC,C56X,CESSNA 560XL Citation XLS,L2J,M
A13BB0,N179MA,MC45,MEYERS MAC-145,L1P,L
A13DB0,N1795N,C120,CESSNA 120,L1P,L
A13EB0,N18DT,CH7B,BELLANCA 7 Citabria,L1P,L
A141B0,N180LK,P28A,PIPER PA-28-140/150/160/180,L1P,L
A142B0,N180WR,DHC1,DE HAVILLAND DHC-1 Chipmunk,L1P,L
A144B0,N181DB,S22T,CIRRUS SR-22T Turbo,L1P,L
A145B0,N181PH,ULAC,,L0-,-
A147B0,N1817,,,,
A155B0,N18500,C185,CESSNA 185 Skywagon,L1P,L
A156B0,N1858A,PA18,PIPER PA-18 Super Cub,L1P,L
A159B0,N18623,C150,CESSNA 150,L1P,L
A15AB0,N187AC,B737,BOEING 737-700,L2J,M
A15DB0,N18746,BE95,BEECH 95 Travel Air,L2P,L
A15FB0,N188PG,E55P,EMBRAER EMB-505 Phenom 300,L2J,M
A161B0,N18869,AERK,AERONCA Sea Scout,L1P,L
A163B0,N189SE,,,,
A16BB0,N1908W,F2TH,DASSAULT Falcon 2000,L2J,M
A173B0,N193DW,COL3,CESSNA 350 Corvalis,L1P,L
A178B0,N194T,PA18,PIPER PA-18 Super Cub,L1P,L
A179B0,N1942L,BE24,BEECH 24 Sierra,L1P,L
A17BB0,N195KS,C195,CESSNA 195,L1P,L
A17DB0,N1954P,PA18,PIPER PA-18 Super Cub,L1P,L
A18AB0,N199MC,C172,CESSNA 172 Skyhawk,L1P,L
A18CB0,N1995Q,C77R,CESSNA 177RG Cardinal RG,L1P,L
A18DB0,N2DV,PA24,PIPER PA-24 Comanche,L1P,L
A18FB0,N20AF,SS2P,ROCKWELL Thrush Commander,L1P,L
A191B0,N20WT,,,,
A194B0,N2002Q,C77R,CESSNA 177RG Cardinal RG,L1P,L
A195B0,N20091,C172,CESSNA 172 Skyhawk,L1P,L
A196B0,N201KW,M20P,MOONEY M-20,L1P,L
A19CB0,N2026W,BE58,BEECH 58 Baron,L2P,L
A1A3B0,N2043R,P28A,PIPER PA-28-140/150/160/180,L1P,L
A1A4B0,N205BA,B738,BOEING 737-800,L2J,M
A1A5B0,N205MG,M20P,MOONEY M-20,L1P,L
A1A7B0,N2055U,BE35,BEECH 35 Starfire Bonanza,L1P,L
A1ABB0,N2067X,C182,CESSNA 182 Skylane,L1P,L
A1ACB0,N207GX,GX,REMOS GX,L1P,L
A1ADB0,N207TC,BALL,,B0-,-
A1B2B0,N2084S,T210,CESSNA T210 Turbo Centurion,L1P,L
A1B6B0,N2096V,C140,CESSNA 140,L1P,L
A1B9B0,N210BW,C210,CESSNA 201 Centurion,L1P,L
A1BCB0,N2106D,BE35,BEECH 35 Starfire Bonanza,L1P,L
A1BEB0,N211R,ULAC,,L0-,-
A1C0B0,N2118G,C182,CESSNA 182 Skylane,L1P,L
A1C3B0,N21229,TAYB,TAYLORCRAFT BC/BF/BL,L1P,L
A1C7B0,N2135B,P28A,PIPER PA-28-140/150/160/180,L1P,L
A1CBB0,N2147E,CH7A,BELLANCA 7 Champion,L1P,L
A1CEB0,N21517,C172,CESSNA 172 Skyhawk,L1P,L
A1D0B0,N216KC,PC12,PILATUS PC-12,L1T,L
A1D6B0,N2176C,C177,CESSNA  177 Cardinal,L1P,L
A1D7B0,N218ET,BALL,,B0-,-
A1DAB0,N2188F,BALL,,B0-,-
A1DCB0,N219TX,PC12,PILATUS PC-12,L1T,L
A1DEB0,N22AH,BL17,BELLANCA 17 Viking,L1P,L
A1DFB0,N22LP,PC12,PILATUS PC-12,L1T,L
A1E1B0,N220H,PA18,PIPER PA-18 Super Cub,L1P,L
A1E2B0,N220TF,RV12,VANS RV-12,L1P,L
A1E6B0,N221WD,RV12,VANS RV-12,L1P,L
A1E7B0,N2214V,P28R,PIPER PA-28R-180/200/201,L1P,L
A1E9B0,N222NW,BE33,BEECH 33 Bonanza,L1P,L
A1EBB0,N2226Y,C177,CESSNA  177 Cardinal,L1P,L
A1F3B0,N225BC,AA5,AMERICAN AA-5 Tiger,L1P,L
A1F4B0,N225MJ,C172,CESSNA 172 Skyhawk,L1P,L
A1FAB0,N2267Z,COUR,HELIO Courier,L1P,L
A1FDB0,N2272R,T210,CESSNA T210 Turbo Centurion,L1P,L
A1FEB0,N22792,C150,CESSNA 150,L1P,L
A200B0,N228WC,P28A,PIPER PA-28-140/150/160/180,L1P,L
A201B0,N2284U,BRB2,BRANTLY B-2,H1P,L
A202B0,N229CP,C82T,CESSNA TR182 Turbo Skylane RG,L1P,L
A203B0,N229NV,A320,AIRBUS A-320,L2J,M
A205B0,N2296X,R22,ROBINSON R-22 Mariner,H1P,L
A206B0,N23FM,FA50,DASSAULT Falcon 50,L3J,M
A20BB0,N2306F,C210,CESSNA 201 Centurion,L1P,L
A20CB0,N231EW,M20P,MOONEY M-20,L1P,L
A20EB0,N23108,C150,CESSNA 150,L1P,L
A20FB0,N2318J,PA18,PIPER PA-18 Super Cub,L1P,L
A212B0,N2323A,BE35,BEECH 35 Starfire Bonanza,L1P,L
A214B0,N233LS,SR22,CIRRUS SR-22,L1P,L
A216B0,N2335D,C170,CESSNA 170,L1P,L
A217B0,N234DJ,TB30,SOCATA TB-30 Epsilon,L1P,L
A21AB0,N2347G,BE58,BEECH 58 Baron,L2P,L
A228B0,N23807,C82S,CESSNA T182 Turbo Skylane,L1P,L
A229B0,N2388H,ERCO,AIR PRODUCTS F-1 Aircoupe,L1P,L
A22DB0,N24AK,BE95,BEECH 95 Travel Air,L2P,L
A22FB0,N24WX,LJ24,LEARJET 24,L2J,L
A231B0,N240TH,RV6,VANS RV-6,L1P,L
A234B0,N241L,LEG2,LANCAIR Legacy,L1P,L
A237B0,N242CS,LJ60,LEARJET 60,L2J,M
A23AB0,N24260,C152,CESSNA 152,L1P,L
A23DB0,N2431S,C182,CESSNA 182 Skylane,L1P,L
A23EB0,N24383,TAYB,TAYLORCRAFT BC/BF/BL,L1P,L
A23FB0,N244JN,BE35,BEECH 35 Starfire Bonanza,L1P,L
A245B0,N2455Y,C172,CESSNA 172 Skyhawk,L1P,L
A246B0,N246EC,T210,CESSNA T210 Turbo Centurion,L1P,L
A248B0,N2460Q,P28A,PIPER PA-28-140/150/160/180,L1P,L
A249B0,N24671,C72R,CESSNA 172R Cutlass RG,L1P,L
A251B0,N249CR,BE58,BEECH 58 Baron,L2P,L
A255B0,N25FP,BE36,BEECH 36 Bonanza,L1P,L
A256B0,N25RV,RV3,VANS RV-3,L1P,L
A259B0,N250YM,WACF,WACO F,L1P,L
A25EB0,N2518L,PA38,PIPER PA-38 Tomahawk,L1P,L
A25FB0,N252HW,M20P,MOONEY M-20,L1P,L
A261B0,N2523C,C170,CESSNA 170,L1P,L
A264B0,N253X,,,,
A265B0,N2535F,CH7B,BELLANCA 7 Citabria,L1P,L
A266B0,N254DL,PC12,PILATUS PC-12,L1T,L
A267B0,N254PS,CRJ2,BOMBARDIER Regional Jet CRJ-200,L2J,M
A269B0,N2547J,C150,CESSNA 150,L1P,L
A276B0,N258RC,B06,BELL 206 JetRanger,H1T,L
A278B0,N2588K,L8,LUSCOMBE 8,L1P,L
A27CB0,N26AM,E300,EXTRA EA-300/330/350,L1P,L
A281B0,N2602W,M20P,MOONEY M-20,L1P,L
A282B0,N26097,J3,PIPER J-3 Cub,L1P,L
A287B0,N262P,E300,EXTRA EA-300/330/350,L1P,L
A28DB0,N26385,R22,ROBINSON R-22 Mariner,H1P,L
A29BB0,N2672V,C77R,CESSNA 177RG Cardinal RG,L1P,L
A29CB0,N26796,AA5,AMERICAN AA-5 Tiger,L1P,L
A2A0B0,N269CT,PC12,PILATUS PC-12,L1T,L
A2A3B0,N26961,AA5,AMERICAN AA-5 Tiger,L1P,L
A2AAB0,N271F,AS24,SCHLEICHER ASW-24,L1P,L
A2B0B0,N2723E,C172,CESSNA 172 Skyhawk,L1P,L
A2B4B0,N2735H,ERCO,AIR PRODUCTS F-1 Aircoupe,L1P,L
A2B8B0,N2747L,C172,CESSNA 172 Skyhawk,L1P,L
A2BCB0,N2759P,PA22,PIPER PA-22,L1P,L
A2C3B0,N2776J,C185,CESSNA 185 Skywagon,L1P,L
A2C6B0,N2781A,,,,
A2CBB0,N28AP,C414,CESSNA 414 Chancellor,L2P,L
A2CCB0,N28LV,C340,CESSNA 340 Super,L2P,L
A2CFB0,N280TM,G280,GULFSTREAM G280,L2J,M
A2D1B0,N28099,J3,PIPER J-3 Cub,L1P,L
A2D4B0,N28141,BL17,BELLANCA 17 Viking,L1P,L
A2D5B0,N282CW,ZZZZ,,-0-,-
A2D8B0,N28264,AA5,AMERICAN AA-5 Tiger,L1P,L
A2DAB0,N283S,RV7,VANS RV-7,L1P,L
A2EBB0,N28798,L8,LUSCOMBE 8,L1P,L
A2F0B0,N289PA,P28R,PIPER PA-28R-180/200/201,L1P,L
A2F3B0,N29FT,DV20,DIAMOND DA-20,L1P,L
A2F5B0,N290CD,SR20,CIRRUS SR-20,L1P,L
A2F8B0,N2906M,PA12,PIPER PA-12 Super Cruiser,L1P,L
A2FBB0,N2911D,C182,CESSNA 182 Skylane,L1P,L
A2FCB0,N2918Q,P28A,PIPER PA-28-140/150/160/180,L1P,L
A2FDB0,N292J,DSA1,SMITH DSA-1 Miniplane,L1P,L
A303B0,N2935K,L8,LUSCOMBE 8,L1P,L
A305B0,N294PW,C25B,CESSNA 525B Citation CJ3,L2J,L
A30AB0,N2952E,C172,CESSNA 172 Skyhawk,L1P,L
A30EB0,N2964H,GLID,,L0-,-
A312B0,N2976L,M20P,MOONEY M-20,L1P,L
A313B0,N298FA,DRON,,D0-,-
A316B0,N2988P,PA18,PIPER PA-18 Super Cub,L1P,L
A319B0,N2993F,C182,CESSNA 182 Skylane,L1P,L
A31AB0,N3AR,PTS1,PITTS S-1 Special,L1P,L
A31BB0,N3LX,AS24,SCHLEICHER ASW-24,L1P,L
A31EB0,N30TP,PA31,PIPER PA-31-300/310/325/350/425,L2P,L
A31FB0,N300DU,GLID,,L0-,-
A320B0,N300Q,BE35,BEECH 35 Starfire Bonanza,L1P,L
A324B0,N301SY,E75L,EMBRAER ERJ-170-200 (long wing),L2J,M
A325B0,N3012J,C150,CESSNA 150,L1P,L
A326B0,N3019V,BE35,BEECH 35 Starfire Bonanza,L1P,L
A329B0,N3024M,P28A,PIPER PA-28-140/150/160/180,L1P,L
A32AB0,N303CG,C303,CESSNA T303 Crusader,L2P,L
A32DB0,N3036Q,C182,CESSNA 182 Skylane,L1P,L
A32EB0,N304FE,DC10,MCDONNELL DOUGLAS DC-10,L3J,H
A331B0,N3048T,P28A,PIPER PA-28-140/150/160/180,L1P,L
A332B0,N305JC,M20P,MOONEY M-20,L1P,L
A336B0,N306MA,GLEX,BOMBARDIER BD-700 Global 6000/6500,L2J,M
A338B0,N3065N,C140,CESSNA 140,L1P,L
A339B0,N307DT,GYRO,,G0-,-
A33BB0,N3070E,AT8T,AIR TRACTOR AT-802,L1T,M
A33CB0,N3077R,BALL,,B0-,-
A340B0,N3089U,M20P,MOONEY M-20,L1P,L
A344B0,N31CF,RV6,VANS RV-6,L1P,L
A345B0,N31NM,M20P,MOONEY M-20,L1P,L
A348B0,N310VD,C310,CESSNA 310,L2P,L
A349B0,N31035,J3,PIPER J-3 Cub,L1P,L
A34BB0,N311MW,BE33,BEECH 33 Bonanza,L1P,L
A350B0,N31200,M7,MAULE M-7,L1P,L
A353B0,N313TS,TS11,PZL-MIELEC TS-11 Iskra,L1J,L
A354B0,N31323,SCAM,AEROSPORT Scamp,L1P,L
A355B0,N314AC,EXEC,ROTORWAY Exec,H1P,L
A35CB0,N31569,PA32,PIPER PA-32,L1P,L
A35EB0,N316SE,B38M,BOEING 737 MAX 8,L2J,M
A35FB0,N31611,S55P,SIKORSKY S-55 Chickasaw,H1P,L
A363B0,N31734,P28R,PIPER PA-28R-180/200/201,L1P,L
A36CB0,N32HK,HUSK,CHRISTEN Husky,L1P,L
A371B0,N3207U,C182,CESSNA 182 Skylane,L1P,L
A373B0,N321T,PA18,PIPER PA-18 Super Cub,L1P,L
A374B0,N3212L,C172,CESSNA 172 Skyhawk,L1P,L
A375B0,N3219X,,,,
A378B0,N3224P,RV7,VANS RV-7,L1P,L
A379B0,N323CJ,FA62,FAIRCHILD M-26 Cornell,L1P,L
A37EB0,N324RN,B38M,BOEING 737 MAX 8,L2J,M
A384B0,N326AX,HUNT,HAWKER Hunter,L1J,M
A385B0,N326MC,C82T,CESSNA TR182 Turbo Skylane RG,L1P,L
A387B0,N3265Q,BE36,BEECH 36 Bonanza,L1P,L
A38AB0,N3270G,VP2,EVANS Volksplane,L1P,L
A38BB0,N3277T,,,,
A38CB0,N328GT,D328,DORNIER 328,L2T,M
A38FB0,N3289W,PA32,PIPER PA-32,L1P,L
A393B0,N33CH,CL30,BOMBARDIER BD-100 Challenger 300,L2J,M
A396B0,N330K,F2TH,DASSAULT Falcon 2000,L2J,M
A399B0,N331BS,AT8T,AIR TRACTOR AT-802,L1T,M
A39CB0,N3316,TAIL,WITTMAN Tailwind,L1P,L
A3A2B0,N333TU,RV7,VANS RV-7,L1P,L
A3A4B0,N334AE,B06,BELL 206 JetRanger,H1T,L
A3ABB0,N3357A,PA18,PIPER PA-18 Super Cub,L1P,L
A3ADB0,N336SG,R44,ROBINSON R-44 Raven,H1P,L
A3B3B0,N338BR,DRON,,D0-,-
A3B9B0,N33901,TAYB,TAYLORCRAFT BC/BF/BL,L1P,L
A3BBB0,N34HM,PA31,PIPER PA-31-300/310/325/350/425,L2P,L
A3BFB0,N3400K,J3,PIPER J-3 Cub,L1P,L
A3C0B0,N3407W,PA32,PIPER PA-32,L1P,L
A3C2B0,N341TB,TB20,SOCATA TB-20 Trinidad,L1P,L
A3CEB0,N3441L,T206,CESSNA T206 Turbo Stationair,L1P,L
A3D0B0,N345JG,PA23,PIPER PA-23,L2P,L
A3D5B0,N346XL,C56X,CESSNA 560XL Citation XLS,L2J,M
A3D6B0,N3465S,C182,CESSNA 182 Skylane,L1P,L
A3DEB0,N3489Y,C185,CESSNA 185 Skywagon,L1P,L
A3E1B0,N3494Q,C320,CESSNA 320 Skyknight,L2P,L
A3E2B0,N35CK,RV6,VANS RV-6,L1P,L
A3E3B0,N35NR,B06,BELL 206 JetRanger,H1T,L
A3E4B0,N35YX,WAIX,SONEX Waiex,L1P,L
A3E6B0,N350VH,R22,ROBINSON R-22 Mariner,H1P,L
A3EEB0,N35204,B738,BOEING 737-800,L2J,M
A3EFB0,N3528E,AR11,AERONCA 11 Chief,L1P,L
A3F2B0,N35327,J3,PIPER J-3 Cub,L1P,L
A3FAB0,N3557C,BALL,,B0-,-
A3FDB0,N35615,C172,CESSNA 172 Skyhawk,L1P,L
A3FEB0,N3569F,ULAC,,L0-,-
A3FFB0,N357KA,KMAX,KAMAN K-Max,H1T,L
A401B0,N35738,C172,CESSNA 172 Skyhawk,L1P,L
A402B0,N358BT,PA32,PIPER PA-32,L1P,L
A406B0,N359ER,BE35,BEECH 35 Starfire Bonanza,L1P,L
A408B0,N35903,J4,PIPER J-4 Cub Coupe,L1P,L
A409B0,N3598D,AS50,AEROSPATIALE AS-350 Ecureuil,H1T,L
A40AB0,N36HP,BT36,BEECH B36TC Bonanza,L1P,L
A40BB0,N36TV,AS50,AEROSPATIALE AS-350 Ecureuil,H1T,L
A40FB0,N3607Y,C210,CESSNA 201 Centurion,L1P,L
A411B0,N361TD,BE20,BEECH 200 Super King Air,L2T,M
A412B0,N3612Q,P32R,PIPER PA-32R-300/301/301T,L1P,L
A416B0,N3624T,H269,HUGHES Sky Knight,H1P,L
A419B0,N363Z,BE35,BEECH 35 Starfire Bonanza,L1P,L
A41AB0,N3636W,R22,ROBINSON R-22 Mariner,H1P,L
A41DB0,N3641N,M20P,MOONEY M-20,L1P,L
A41EB0,N3648Z,PA22,PIPER PA-22,L1P,L
A420B0,N365UQ,AS65,AEROSPATIALE AS-365 Dauphin 2,H2T,L
A421B0,N3653R,P28A,PIPER PA-28-140/150/160/180,L1P,L
A422B0,N366BA,GLID,,L0-,-
A425B0,N3665U,C182,CESSNA 182 Skylane,L1P,L
A428B0,N3670L,C172,CESSNA 172 Skyhawk,L1P,L
A42CB0,N3682P,PA18,PIPER PA-18 Super Cub,L1P,L
A430B0,N3694S,C172,CESSNA 172 Skyhawk,L1P,L
A431B0,N37CM,AEST,AEROSTAR 600,L2P,L
A433B0,N37YZ,PA11,PIPER PA-11 Cub Special,L1P,L
A436B0,N3704A,BE36,BEECH 36 Bonanza,L1P,L
A438B0,N371NB,A319,AIRBUS A-319,L2J,M
A43EB0,N3728G,BE76,BEECH 76 Duchess,L2P,L
A43FB0,N373HS,EC20,AIRBUS HELICOPTERS EC-120,H1T,L
A445B0,N3745B,B738,BOEING 737-800,L2J,M
A449B0,N3757E,CH7A,BELLANCA 7 Champion,L1P,L
A44DB0,N3769H,ERCO,AIR PRODUCTS F-1 Aircoupe,L1P,L
A44EB0,N377KC,BE36,BEECH 36 Bonanza,L1P,L
A450B0,N3774,B25,CONSOLIDATED B-25 Mitchell,L2P,M
A457B0,N37905,J3,PIPER J-3 Cub,L1P,L
A45AB0,N38TX,P28R,PIPER PA-28R-180/200/201,L1P,L
A45DB0,N3800P,SR22,CIRRUS SR-22,L1P,L
A45EB0,N38070,J5,PIPER J-5 Cub Cruiser,L1P,L
A45FB0,N381H,C180,CESSNA  180 Skywagon,L1P,L
A461B0,N3812S,,,,
A462B0,N38193,P28A,PIPER PA-28-140/150/160/180,L1P,L
A469B0,N3836Y,C210,CESSNA 201 Centurion,L1P,L
A46EB0,N385JL,,,,
A471B0,N386BC,C182,CESSNA 182 Skylane,L1P,L
A474B0,N3865W,PA32,PIPER PA-32,L1P,L
A478B0,N3877Z,PA18,PIPER PA-18 Super Cub,L1P,L
A47BB0,N3882R,P28A,PIPER PA-28-140/150/160/180,L1P,L
A480B0,N39CP,R44,ROBINSON R-44 Raven,H1P,L
A482B0,N39ZA,L39,LET L-39 Albatros,L1J,L
A490B0,N3933A,AS50,AEROSPATIALE AS-350 Ecureuil,H1T,L
A491B0,N394AL,BE9L,BEECH 90 King Air,L2T,L
A494B0,N3945D,C182,CESSNA 182 Skylane,L1P,L
A49BB0,N39619,P32R,PIPER PA-32R-300/301/301T,L1P,L
A4A5B0,N399RA,BE40,BEECH 400 Beechjet,L2J,M
A4A6B0,N39907,BL17,BELLANCA 17 Viking,L1P,L
A4A8B0,N4HT,GLID,,L0-,-
A4A9B0,N4TZ,BOLT,STEEN Skybolt,L1P,L
A4AFB0,N4005H,PARA,,P0-,-
A4B6B0,N4022C,S108,STINSON 108 Voyager,L1P,L
A4B7B0,N4029P,R44,ROBINSON R-44 Raven,H1P,L
A4BAB0,N4034F,BALL,,B0-,-
A4BBB0,N404CA,P28A,PIPER PA-28-140/150/160/180,L1P,L
A4BEB0,N4046J,A21N,AIRBUS A-321neo,L2J,M
A4C1B0,N4051A,C195,CESSNA 195,L1P,L
A4C5B0,N4063D,C182,CESSNA 182 Skylane,L1P,L
A4C6B0,N407AP,B407,BELL 407,H1T,L
A4C9B0,N4075G,BALL,,B0-,-
A4CBB0,N408PT,BOLT,STEEN Skybolt,L1P,L
A4CDB0,N4087K,PA31,PIPER PA-31-300/310/325/350/425,L2P,L
A4D1B0,N4099N,M20P,MOONEY M-20,L1P,L
A4D2B0,N41KH,CTAH,RAINBOW SKYREACH Cheetah,L1P,L
A4D5B0,N410S,RV7,VANS RV-7,L1P,L
A4D7B0,N41087,SREY,PROGRESSIVE AERODYNE SeaRey,A1P,L
A4D8B0,N411JS,TB20,SOCATA TB-20 Trinidad,L1P,L
A4E6B0,N41498,P28A,PIPER PA-28-140/150/160/180,L1P,L
A4E9B0,N41540,P28A,PIPER PA-28-140/150/160/180,L1P,L
A4EBB0,N416PA,P28A,PIPER PA-28-140/150/160/180,L1P,L
A4EDB0,N41663,BE17,BEECH 17 Staggerwing,L1P,L
A4EEB0,N417FT,SR20,CIRRUS SR-20,L1P,L
A4F8B0,N41951,L8,LUSCOMBE 8,L1P,L
A4F9B0,N42EF,,,,
A4FBB0,N420AS,BE60,BEECH 60 Duke,L2P,L
A500B0,N421PW,BE36,BEECH 36 Bonanza,L1P,L
A501B0,N4210B,BL17,BELLANCA 17 Viking,L1P,L
A505B0,N4222E,AR11,AERONCA 11 Chief,L1P,L
A509B0,N4234H,M20P,MOONEY M-20,L1P,L
A50FB0,N425RG,C340,CESSNA 340 Super,L2P,L
A515B0,N427AR,S22T,CIRRUS SR-22T Turbo,L1P,L
A518B0,N4275J,P28A,PIPER PA-28-140/150/160/180,L1P,L
A51BB0,N4280A,GLID,,L0-,-
A51DB0,N429GM,C421,CESSNA 421 Executive Commuter,L2P,L
A51EB0,N429ST,RV8,VANS RV-8,L1P,L
A521B0,N43KK,RV9,VANS RV-9,L1P,L
A522B0,N43VR,C82S,CESSNA T182 Turbo Skylane,L1P,L
A526B0,N43089,TAYB,TAYLORCRAFT BC/BF/BL,L1P,L
A52AB0,N432BL,NG5,BRM AERO NG-5/6 Bristell,L1P,L
A534B0,N4342Z,PA18,PIPER PA-18 Super Cub,L1P,L
A53AB0,N436PC,PC12,PILATUS PC-12,L1T,L
A53CB0,N43665,TAYB,TAYLORCRAFT BC/BF/BL,L1P,L
A53EB0,N437SA,SKAR,III Sky Arrow,L1P,L
A53FB0,N4371X,PA32,PIPER PA-32,L1P,L
A540B0,N43788,P28A,PIPER PA-28-140/150/160/180,L1P,L
A543B0,N43830,TAYB,TAYLORCRAFT BC/BF/BL,L1P,L
A54DB0,N4405M,CAMP,GREGA GN-1 Aircamper,L1P,L
A54EB0,N441DS,C441,CESSNA 441 Conquest,L2T,L
A550B0,N4410D,BE35,BEECH 35 Starfire Bonanza,L1P,L
A551B0,N4417Q,TF21,TAYLORCRAFT F-21,L1P,L
A553B0,N442SW,CRJ2,BOMBARDIER Regional Jet CRJ-200,L2J,M
A555B0,N4429T,P46T,PIPER PA-46-500TP,L1T,L
A558B0,N4434K,C182,CESSNA 182 Skylane,L1P,L
A559B0,N444CE,DC6,DOUGLAS DC-6 Liftmaster,L4P,M
A55FB0,N4451E,CH7A,BELLANCA 7 Champion,L1P,L
A564B0,N447AT,SS2T,TRUSH Turbo Thrush 500/550,L1T,L
A567B0,N4475L,C172,CESSNA 172 Skyhawk,L1P,L
A56AB0,N4480C,C195,CESSNA 195,L1P,L
A56BB0,N4487P,PA23,PIPER PA-23,L2P,L
A570B0,N45KM,RV4,VANS RV-4,L1P,L
A575B0,N4509A,BALL,,B0-,-
A57CB0,N45256,C150,CESSNA 150,L1P,L
A57EB0,N453QS,E55P,EMBRAER EMB-505 Phenom 300,L2J,M
A57FB0,N4530Y,PA25,PIPER PA-25 Pawnee,L1P,L
A583B0,N45421,AT3P,AIR TRACTOR AT-301/401,L1P,L
A585B0,N455LG,P46T,PIPER PA-46-500TP,L1T,L
A586B0,N455WN,B737,BOEING 737-700,L2J,M
A587B0,N45544,L8,LUSCOMBE 8,L1P,L
A58CB0,N457FX,GLF4,GULFSTREAM 4,L2J,M
A592B0,N45832,P28A,PIPER PA-28-140/150/160/180,L1P,L
A594B0,N459MT,EC35,AIRBUS HELICOPTERS EC-135/635,H2T,L
A599B0,N460AW,CRJ2,BOMBARDIER Regional Jet CRJ-200,L2J,M
A5A0B0,N4617S,C82R,CESSNA R182 Skylane RG,L1P,L
A5A4B0,N4629V,,,,
A5A7B0,N4634M,BE35,BEECH 35 Starfire Bonanza,L1P,L
A5AEB0,N4651G,C172,CESSNA 172 Skyhawk,L1P,L
A5B4B0,N467MA,MU2,MITSUBISHI MU-2 Marquise,L2T,L
A5B6B0,N4675N,DG15,HOWARD Nightingale,L1P,L
A5B7B0,N468DT,BE20,BEECH 200 Super King Air,L2T,M
A5BAB0,N4687R,P28A,PIPER PA-28-140/150/160/180,L1P,L
A5BDB0,N4692H,PA17,PIPER PA-17 Vagabond Trainer,L1P,L
A5BEB0,N4699U,C180,CESSNA  180 Skywagon,L1P,L
A5BFB0,N47KP,M20P,MOONEY M-20,L1P,L
A5C3B0,N47012,,,,
A5C7B0,N47135,GYRO,,G0-,-
A5D2B0,N47423,P32R,PIPER PA-32R-300/301/301T,L1P,L
A5D3B0,N475AC,CH7B,BELLANCA 7 Citabria,L1P,L
A5D6B0,N47546,P28R,PIPER PA-28R-180/200/201,L1P,L
A5D7B0,N476DA,SR20,CIRRUS SR-20,L1P,L
A5DAB0,N47669,PA32,PIPER PA-32,L1P,L
A5DBB0,N477FZ,RV12,VANS RV-12,L1P,L
A5DDB0,N47711,P32R,PIPER PA-32R-300/301/301T,L1P,L
A5E6B0,N48EM,AS22,SCHLEICHER ASW-22,L1P,L
A5E9B0,N480MD,EN48,ENSTROM TH-28,H1T,L
A5EBB0,N4805R,G103,GROB G-103 Twin 3SL,L1P,L
A5EEB0,N4810H,PA17,PIPER PA-17 Vagabond Trainer,L1P,L
A5F2B0,N4822L,P28A,PIPER PA-28-140/150/160/180,L1P,L
A5F4B0,N483KS,DUOD,SCHEMPP-HIRTH Duo Discus,L1P,L
A5F7B0,N484CJ,C25B,CESSNA 525B Citation CJ3,L2J,L
A5FDB0,N4851J,C188,CESSNA 188 AgTruck,L1P,L
A603B0,N487MC,B744,BOEING 747-400,L4J,H
A607B0,N488QA,RV12,VANS RV-12,L1P,L
A608B0,N4880G,C172,CESSNA 172 Skyhawk,L1P,L
A609B0,N4887T,P28A,PIPER PA-28-140/150/160/180,L1P,L
A60CB0,N4892K,NAVI,NORTH AMERICAN Navion,L1P,L
A614B0,N491K,DHC3,DE HAVILLAND DHC-3 Otter,L1P,L
A616B0,N49137,TAYD,TAYLORCRAFT DC/DF/DL,L1P,L
A61DB0,N49302,AR6T,AERONCA 65 Tandem,L1P,L
A61EB0,N4938C,GLID,,L0-,-
A622B0,N495AE,B407,BELL 407,H1T,L
A626B0,N496DC,BE36,BEECH 36 Bonanza,L1P,L
A62AB0,N497GA,AT3T,AIR TRACTOR AT-302/402,L1T,L
A62CB0,N49713,ST75,STEARMAN Kaydet,L1P,L
A62DB0,N4979D,C182,CESSNA 182 Skylane,L1P,L
A636B0,N5QV,B06,BELL 206 JetRanger,H1T,L
A637B0,N50B,A109,AGUSTA AW-109 Grand,H2T,L
A638B0,N50MF,SR20,CIRRUS SR-20,L1P,L
A63AB0,N500HS,H269,HUGHES Sky Knight,H1P,L
A63BB0,N500TY,H500,HUGHES 500,H1T,L
A63DB0,N501AJ,C501,CESSNA 501 Citation 1SP,L2J,L
A640B0,N5015B,BALL,,B0-,-
A641B0,N502DG,DG1T,DG FLUGZEUGBAU DG-1001T,L1P,L
A644B0,N5027E,C180,CESSNA  180 Skywagon,L1P,L
A647B0,N50317,C172,CESSNA 172 Skyhawk,L1P,L
A648B0,N5039H,C172,CESSNA 172 Skyhawk,L1P,L
A649B0,N504KC,R22,ROBINSON R-22 Mariner,H1P,L
A64AB0,N504VJ,GL5T,BOMBARDIER BD-700 Global 5000/5500,L2J,M
A64FB0,N5056C,BL8,BELLANCA 8 Decathlon,L1P,L
A656B0,N50728,C150,CESSNA 150,L1P,L
A65CB0,N509PM,P46T,PIPER PA-46-500TP,L1T,L
A664B0,N5106Y,H500,HUGHES 500,H1T,L
A66BB0,N5123T,CH7B,BELLANCA 7 Citabria,L1P,L
A66CB0,N513BC,LEG2,LANCAIR Legacy,L1P,L
A66DB0,N513MJ,CRJ7,BOMBARDIER Regional Jet CRJ-700,L2J,M
A670B0,N514EA,EA50,ECLIPSE 550,L2J,L
A676B0,N5152R,C172,CESSNA 172 Skyhawk,L1P,L
A677B0,N51592,M5,MAULE M-5,L1P,L
A67AB0,N5164U,C82S,CESSNA T182 Turbo Skylane,L1P,L
A67BB0,N517CP,SR22,CIRRUS SR-22,L1P,L
A67EB0,N5176X,CH7A,BELLANCA 7 Champion,L1P,L
A680B0,N518RT,RV8,VANS RV-8,L1P,L
A681B0,N5181P,PA24,PIPER PA-24 Comanche,L1P,L
A685B0,N5193S,P28A,PIPER PA-28-140/150/160/180,L1P,L
A686B0,N52BB,DRON,,D0-,-
A687B0,N52MH,VEZE,RUTAN VariEze,L1P,L
A68BB0,N5203A,T210,CESSNA T210 Turbo Centurion,L1P,L
A68DB0,N521LS,R44,ROBINSON R-44 Raven,H1P,L
A68FB0,N5215D,C172,CESSNA 172 Skyhawk,L1P,L
A694B0,N523GG,BE20,BEECH 200 Super King Air,L2T,M
A696B0,N52319,BALL,,B0-,-
A697B0,N5239K,C172,CESSNA 172 Skyhawk,L1P,L
A698B0,N524KE,BALL,,B0-,-
A699B0,N524VL,A320,AIRBUS A-320,L2J,M
A69AB0,N5244B,S2P,GRUMMAN S-2 Tracker,L2P,M
A69CB0,N525NC,C525,CESSNA 525 CitationJet,L2J,L
A6A1B0,N52607,C182,CESSNA 182 Skylane,L1P,L
A6A2B0,N5268H,C172,CESSNA 172 Skyhawk,L1P,L
A6A5B0,N5273,WACO,WACO E/O,L1P,L
A6A6B0,N528AK,RV8,VANS RV-8,L1P,L
A6A9B0,N5285C,BE35,BEECH 35 Starfire Bonanza,L1P,L
A6ADB0,N5297F,SS2T,TRUSH Turbo Thrush 500/550,L1T,L
A6AFB0,N53SM,C560,CESSNA 560 Citation Ultra,L2J,M
A6B3B0,N53060,FOX,KITFOX,L1P,L
A6B5B0,N531RW,GLID,,L0-,-
A6B6B0,N5311S,C82R,CESSNA R182 Skylane RG,L1P,L
A6B7B0,N53183,C188,CESSNA 188 AgTruck,L1P,L
A6C3B0,N535HA,UH12,HILLER UH-12,H1P,L
A6C5B0,N5352T,C172,CESSNA 172 Skyhawk,L1P,L
A6C6B0,N53594,C46,CURTISS C-46 Commando,L2P,M
A6C7B0,XB-OFZ,B407,BELL 407,H1T,L
A6C9B0,N5364W,P28A,PIPER PA-28-140/150/160/180,L1P,L
A6D1B0,N53882,CH7B,BELLANCA 7 Citabria,L1P,L
A6D2B0,N539JM,C560,CESSNA 560 Citation Ultra,L2J,M
A6D6B0,N54MK,RV6,VANS RV-6,L1P,L
A6DEB0,N5415F,P28A,PIPER PA-28-140/150/160/180,L1P,L
A6E3B0,N543GJ,CRJ7,BOMBARDIER Regional Jet CRJ-700,L2J,M
A6E5B0,N5432A,BALL,,B0-,-
A6E9B0,N5444D,BE35,BEECH 35 Starfire Bonanza,L1P,L
A6F4B0,N5473B,C182,CESSNA 182 Skylane,L1P,L
A6F8B0,N5485E,C185,CESSNA 185 Skywagon,L1P,L
A6F9B0,N549DK,MR35,MURPHY SR-3500 Super Rebel,L1P,L
A6FEB0,N55SP,BE35,BEECH 35 Starfire Bonanza,L1P,L
A700B0,N550P,GLAS,Glasair,L1P,L
A701B0,N550ZF,CH75,ZENAIR CH-750 Cruzer,L1P,L
A702B0,N55062,ST75,STEARMAN Kaydet,L1P,L
A706B0,N55185,P28A,PIPER PA-28-140/150/160/180,L1P,L
A708B0,N552UW,A321,AIRBUS A-321,L2J,M
A70DB0,N55350,C172,CESSNA 172 Skyhawk,L1P,L
A712B0,N555HC,BE36,BEECH 36 Bonanza,L1P,L
A713B0,N555TJ,M20P,MOONEY M-20,L1P,L
A714B0,N5552V,C72R,CESSNA 172R Cutlass RG,L1P,L
A715B0,N55596,P28A,PIPER PA-28-140/150/160/180,L1P,L
A71CB0,N55761,P28A,PIPER PA-28-140/150/160/180,L1P,L
A71FB0,N5581T,BE33,BEECH 33 Bonanza,L1P,L
A720B0,N55884,P28A,PIPER PA-28-140/150/160/180,L1P,L
A721B0,N559JP,P32R,PIPER PA-32R-300/301/301T,L1P,L
A725B0,N56MM,LJ24,LEARJET 24,L2J,L
A729B0,N5603E,C150,CESSNA 150,L1P,L
A72FB0,N562PU,P28A,PIPER PA-28-140/150/160/180,L1P,L
A730B0,N5620,RV7,VANS RV-7,L1P,L
A731B0,N5627L,AA1,AMERICAN AA-1,L1P,L
A732B0,N563GL,G2T1,GREAT LAKES 2T-1,L1P,L
A735B0,N5639P,PA24,PIPER PA-24 Comanche,L1P,L
A738B0,N5644F,,,,
A748B0,N569DM,C25A,CESSNA 525A Citation CJ2,L2J,L
A749B0,N569PT,DC3,DOUGLAS DC-3 Dakota,L2P,M
A74BB0,N5697K,BE35,BEECH 35 Starfire Bonanza,L1P,L
A74CB0,N57GK,RV8,VANS RV-8,L1P,L
A74DB0,N57SR,GLID,,L0-,-
A755B0,N57187,M20P,MOONEY M-20,L1P,L
A756B0,N572JS,H25B,HAWKER BEECHCRAFT Hawker 750/850,L2J,M
A75CB0,N57352,P28A,PIPER PA-28-140/150/160/180,L1P,L
A75FB0,N5740U,P28A,PIPER PA-28-140/150/160/180,L1P,L
A762B0,N575TL,WACF,WACO F,L1P,L
A765B0,N576LC,FA50,DASSAULT Falcon 50,L3J,M
A767B0,N57640,CH7B,BELLANCA 7 Citabria,L1P,L
A769B0,N577PA,C425,CESSNA 425 Corsair,L2T,L
A76FB0,N57886,PA36,PIPER PA-36 Pawnee Brave,L1P,L
A773B0,N58BH,BL8,BELLANCA 8 Decathlon,L1P,L
A776B0,N580J,BL8,BELLANCA 8 Decathlon,L1P,L
A779B0,N581AS,B738,BOEING 737-800,L2J,M
A77EB0,N582PW,PARA,,P0-,-
A784B0,N5839R,M7,MAULE M-7,L1P,L
A787B0,N5844H,PA16,PIPER PA-16 Clipper,L1P,L
A788B0,N585CC,PA18,PIPER PA-18 Super Cub,L1P,L
A78BB0,N5856L,,,,
A78DB0,N586RG,T18,THORP Tiger,L1P,L
A792B0,N5873F,C210,CESSNA 201 Centurion,L1P,L
A799B0,N5890A,C172,CESSNA 172 Skyhawk,L1P,L
A79BB0,N59GM,BE33,BEECH 33 Bonanza,L1P,L
A7A2B0,N591SB,M7,MAULE M-7,L1P,L
A7A3B0,N5911Y,PA23,PIPER PA-23,L2P,L
A7A7B0,N59231,ST75,STEARMAN Kaydet,L1P,L
A7A8B0,N593BL,NG5,BRM AERO NG-5/6 Bristell,L1P,L
A7B2B0,N5952Z,PA22,PIPER PA-22,L1P,L
A7BFB0,N599JT,CL35,BOMBARDIER BD-100 Challenger 350,L2J,M
A7C2B0,N6BK,C180,CESSNA  180 Skywagon,L1P,L
A7C3B0,N6MR,P28A,PIPER PA-28-140/150/160/180,L1P,L
A7C4B0,N6XX,BALL,,B0-,-
A7C5B0,N60JB,BL8,BELLANCA 8 Decathlon,L1P,L
A7C6B0,N60UH,SR22,CIRRUS SR-22,L1P,L
A7CEB0,N602AC,LJ60,LEARJET 60,L2J,M
A7D3B0,N603PG,H60,SIKORSKY UH-60 Black Hawk,H2T,M
A7D5B0,N60369,C150,CESSNA 150,L1P,L
A7D8B0,N60411,C150,CESSNA 150,L1P,L
A7DEB0,N606MV,,,,
A7E0B0,N60657,ST75,STEARMAN Kaydet,L1P,L
A7E7B0,N60822,C150,CESSNA 150,L1P,L
A7E9B0,N609LH,B609,BELL-AGUSTA BA-609,R2T,M
A7EAB0,N609WP,DRON,,D0-,-
A7EBB0,N60945,C185,CESSNA 185 Skywagon,L1P,L
A7F0B0,N610VY,,,,
A7F1B0,N6104P,PA24,PIPER PA-24 Comanche,L1P,L
A7FCB0,N6133M,CRER,RANS Courier,L1P,L
A7FDB0,N614AX,MRF1,DASSAULT Mirage F1,L1J,M
A7FEB0,N614MC,FOX,KITFOX,L1P,L
A801B0,N615DV,DA40,DIAMOND DA-40 Club Star,L1P,L
A803B0,N6150G,C150,CESSNA 150,L1P,L
A804B0,N6157T,C150,CESSNA 150,L1P,L
A807B0,N6162K,,,,
A80CB0,N618CH,BE55,BEECH 55 Baron,L2P,L
A811B0,N619RM,FOX,KITFOX,L1P,L
A812B0,N6191H,RV10,VANS RV-10,L1P,L
A813B0,N6198U,BE35,BEECH 35 Starfire Bonanza,L1P,L
A814B0,N62JD,,,,
A818B0,N62002,M5,MAULE M-5,L1P,L
A819B0,N6208C,C172,CESSNA 172 Skyhawk,L1P,L
A81DB0,N622AE,E145,EMBRAER ERJ-145,L2J,M
A81EB0,N622LL,,,,
A821B0,N623DC,T6,NORTH AMERICAN T-6 Texan,L1P,L
A826B0,N624SG,,,,
A82BB0,N62536,C172,CESSNA 172 Skyhawk,L1P,L
A82DB0,N626MX,SU26,SUKHOI Su-26,L1P,L
A82EB0,N626YC,SA30,STOLP Starduster Too,L1P,L
A82FB0,N62659,ST75,STEARMAN Kaydet,L1P,L
A835B0,N628TT,T210,CESSNA T210 Turbo Centurion,L1P,L
A83BB0,N63DB,C414,CESSNA 414 Chancellor,L2P,L
A840B0,N6304R,P28A,PIPER PA-28-140/150/160/180,L1P,L
A84BB0,N6333P,PA24,PIPER PA-24 Comanche,L1P,L
A84CB0,N634AZ,DRON,,D0-,-
A852B0,N6350J,P28A,PIPER PA-28-140/150/160/180,L1P,L
A853B0,N6357V,,,,
A856B0,N6362M,C152,CESSNA 152,L1P,L
A85EB0,N6386T,C182,CESSNA 182 Skylane,L1P,L
A862B0,N6398W,P210,CESSNA P210 Centurion,L1P,L
A863B0,N64JF,RV6,VANS RV-6,L1P,L
A868B0,N6408E,C172,CESSNA 172 Skyhawk,L1P,L
A86FB0,N6425,ZZZZ,,-0-,-
A878B0,N645KA,H269,HUGHES Sky Knight,H1P,L
A87AB0,N64538,C172,CESSNA 172 Skyhawk,L1P,L
A87EB0,N6466A,C182,CESSNA 182 Skylane,L1P,L
A87FB0,N647ER,C172,CESSNA 172 Skyhawk,L1P,L
A880B0,N647QX,E75L,EMBRAER ERJ-170-200 (long wing),L2J,M
A882B0,N6478D,C172,CESSNA 172 Skyhawk,L1P,L
A885B0,N64826,ST75,STEARMAN Kaydet,L1P,L
A889B0,N64949,C152,CESSNA 152,L1P,L
A88AB0,N65DD,C25C,CESSNA 525C Citation CJ4,L2J,M
A88BB0,N65PK,C182,CESSNA 182 Skylane,L1P,L
A88DB0,N650KW,RV12,VANS RV-12,L1P,L
A893B0,N6516W,P28A,PIPER PA-28-140/150/160/180,L1P,L
A895B0,N652RS,E145,EMBRAER ERJ-145,L2J,M
A896B0,N6521N,BE24,BEECH 24 Sierra,L1P,L
A89AB0,N6533R,ULAC,,L0-,-
A89BB0,N654BA,BE20,BEECH 200 Super King Air,L2T,M
A89EB0,N6545U,BALL,,B0-,-
A8A2B0,N6557X,C210,CESSNA 201 Centurion,L1P,L
A8A4B0,N656TC,T206,CESSNA T206 Turbo Stationair,L1P,L
A8A6B0,N65690,C172,CESSNA 172 Skyhawk,L1P,L
A8A8B0,N657WA,P46T,PIPER PA-46-500TP,L1T,L
A8B2B0,N66JH,RV6,VANS RV-6,L1P,L
A8B5B0,N660R,BE35,BEECH 35 Starfire Bonanza,L1P,L
A8B6B0,N66006,C150,CESSNA 150,L1P,L
A8BBB0,N662AJ,SR20,CIRRUS SR-20,L1P,L
A8BDB0,N662WW,T28,NORTH AMERICAN T-28,L1P,L
A8BEB0,N6625B,C310,CESSNA 310,L2P,L
A8C0B0,N663PN,C172,CESSNA 172 Skyhawk,L1P,L
A8C2B0,N6637E,BE24,BEECH 24 Sierra,L1P,L
A8C5B0,N66417,ST75,STEARMAN Kaydet,L1P,L
A8C9B0,N6654,G164,GRUMMAN G-164 Ag-Cat,L1P,L
A8D1B0,N6678F,P28A,PIPER PA-28-140/150/160/180,L1P,L
A8D4B0,N66828,B739,BOEING 737-900,L2J,M
A8D8B0,N6695A,C172,CESSNA 172 Skyhawk,L1P,L
A8D9B0,N67DF,,,,
A8DAB0,N67PM,ULAC,,L0-,-
A8E2B0,N6716Y,PA23,PIPER PA-23,L2P,L
A8F5B0,N67692,DHC2,DE HAVILLAND DHC-2 Beaver,L1P,L
A8F8B0,N6774U,M20P,MOONEY M-20,L1P,L
A8F9B0,N678CP,R44,ROBINSON R-44 Raven,H1P,L
A904B0,N680RB,C680,CESSNA 680 Citation Sovereign,L2J,M
A906B0,N6808J,P28R,PIPER PA-28R-180/200/201,L1P,L
A908B0,N681U,GLID,,L0-,-
A909B0,N6813A,C172,CESSNA 172 Skyhawk,L1P,L
A91CB0,N6866E,C175,CESSNA 175 Skylark,L1P,L
A927B0,N6895C,L11,TEMCO Sedan,L1P,L
A928B0,N69DH,HDJT,HONDA HondaJet,L2J,L
A93FB0,N6950Q,BE19,BEECH 19 Sport,L1P,L
A940B0,N69571,C310,CESSNA 310,L2P,L
A944B0,N69694,C310,CESSNA 310,L2P,L
A94DB0,N699RV,RV6,VANS RV-6,L1P,L
A950B0,N7JM,GLF4,GULFSTREAM 4,L2J,M
A951B0,N7UT,C150,CESSNA 150,L1P,L
A957B0,N70052,C172,CESSNA 172 Skyhawk,L1P,L
A95AB0,N7010U,BALL,,B0-,-
A95DB0,N702TL,C208,CESSNA 208 Caravan,L1T,L
A95EB0,N7022X,,,,
A964B0,N704PA,DA40,DIAMOND DA-40 Club Star,L1P,L
A969B0,N7051V,M20P,MOONEY M-20,L1P,L
A96BB0,N706JR,PAY3,PIPER PA-42-720 Cheyenne 3,L2T,L
A96FB0,N707MP,BE58,BEECH 58 Baron,L2P,L
A971B0,N70751,L29,AERO L-29 Delfin,L1J,L
A972B0,N708EF,TBM7,SOCATA TBM-700A/B/C,L1T,L
A974B0,N7080T,C172,CESSNA 172 Skyhawk,L1P,L
A979B0,N70997,J3,PIPER J-3 Cub,L1P,L
A97BB0,N71WH,C550,CESSNA 550 Citation S2,L2J,L
A97EB0,N7102E,C182,CESSNA 182 Skylane,L1P,L
A981B0,N711VS,BE36,BEECH 36 Bonanza,L1P,L
A982B0,N7114H,PARA,,P0-,-
A983B0,N712CC,PA11,PIPER PA-11 Cub Special,L1P,L
A989B0,N7131C,PZ04,PZL-OKECIE PZL-104 Wilga,L1P,L
A98AB0,N7138P,PA24,PIPER PA-24 Comanche,L1P,L
A98DB0,N7143F,P28A,PIPER PA-28-140/150/160/180,L1P,L
A991B0,N7155J,BALL,,B0-,-
A994B0,N7160A,C172,CESSNA 172 Skyhawk,L1P,L
A995B0,N7167M,C175,CESSNA 175 Skylark,L1P,L
A996B0,N717GM,PA46,PIPER PA-46-310/350,L1P,L
A998B0,N7172D,BALL,,B0-,-
A99CB0,N7184G,R44,ROBINSON R-44 Raven,H1P,L
A99DB0,N719CB,B06,BELL 206 JetRanger,H1T,L
A9A2B0,N72RF,RAF2,ROTARY AIR FORCE RAF-2000,G1P,L
A9A3B0,N720BL,AS20,SCHLEICHER ASW-20,L1P,L
A9A9B0,N7210W,P28A,PIPER PA-28-140/150/160/180,L1P,L
A9ABB0,N722HG,C72R,CESSNA 172R Cutlass RG,L1P,L
A9ACB0,N722TN,SRAI,GREAT PLAINS Sonerai,L1P,L
A9AEB0,N723,K100,DAHER Kodiak 100,L1T,L
A9B1B0,N72342,P337,CESSNA P337 Skymaster,L2P,L
A9B3B0,N724PC,P32R,PIPER PA-32R-300/301/301T,L1P,L
A9B7B0,N725SA,DA42,DIAMOND DA-42 Guardian,L2P,L
A9B8B0,N7251X,C150,CESSNA 150,L1P,L
A9B9B0,N72588,BE95,BEECH 95 Travel Air,L2P,L
A9BEB0,N727MR,BL8,BELLANCA 8 Decathlon,L1P,L
A9C4B0,N72876,C140,CESSNA 140,L1P,L
A9CCB0,N730SW,B737,BOEING 737-700,L2J,M
A9CDB0,N7302G,C172,CESSNA 172 Skyhawk,L1P,L
A9CEB0,N7309T,C172,CESSNA 172 Skyhawk,L1P,L
A9D3B0,N732NL,T210,CESSNA T210 Turbo Centurion,L1P,L
A9D4B0,N732YS,M20P,MOONEY M-20,L1P,L
A9D6B0,N733FC,C172,CESSNA 172 Skyhawk,L1P,L
A9D7B0,N733RJ,C172,CESSNA 172 Skyhawk,L1P,L
A9DAB0,N734JA,C172,CESSNA 172 Skyhawk,L1P,L
A9DBB0,N734UG,C172,CESSNA 172 Skyhawk,L1P,L
A9DCB0,N7343H,J3,PIPER J-3 Cub,L1P,L
A9DDB0,N735AT,B77W,BOEING 777-300ER,L2J,H
A9DEB0,N735LZ,C182,CESSNA 182 Skylane,L1P,L
A9DFB0,N735XE,C182,CESSNA 182 Skylane,L1P,L
A9E3B0,N7360C,T206,CESSNA T206 Turbo Stationair,L1P,L
A9E5B0,N737GP,C172,CESSNA 172 Skyhawk,L1P,L
A9E6B0,N737SV,C172,CESSNA 172 Skyhawk,L1P,L
A9E8B0,N7379S,C182,CESSNA 182 Skylane,L1P,L
A9EAB0,N738VT,C182,CESSNA 182 Skylane,L1P,L
A9ECB0,N739CD,C172,CESSNA 172 Skyhawk,L1P,L
A9EEB0,N739YR,C172,CESSNA 172 Skyhawk,L1P,L
A9F1B0,N74RH,BE35,BEECH 35 Starfire Bonanza,L1P,L
A9F7B0,N741QS,CL35,BOMBARDIER BD-100 Challenger 350,L2J,M
A9F8B0,N7410Y,PA30,PIPER PA-30 Twin Comanche,L2P,L
A9FCB0,N74221,B14A,BELLANCA 14,L1P,L
A9FDB0,N743AA,,,,
A9FEB0,N743LG,LJ60,LEARJET 60,L2J,M
AA04B0,N74467,B14A,BELLANCA 14,L1P,L
AA05B0,N745FX,C208,CESSNA 208 Caravan,L1T,L
AA06B0,N745SC,CRUZ,CSA PS-28 Cruiser,L1P,L
AA08B0,N7459,,,,
AA0CB0,N747BM,RV8,VANS RV-8,L1P,L
AA0DB0,N747MT,,,,
AA12B0,N7480X,C172,CESSNA 172 Skyhawk,L1P,L
AA16B0,N74920,P51,NORTH AMERICAN P-51 Mustang,L1P,L
AA18B0,N75LF,RV7,VANS RV-7,L1P,L
AA1CB0,N7502J,P28R,PIPER PA-28R-180/200/201,L1P,L
AA1DB0,N7509V,G64T,GRUMMAN G-164 Turbo Ag-Cat,L1T,L
AA20B0,N7514M,C175,CESSNA 175 Skylark,L1P,L
AA24B0,N7526Q,C310,CESSNA 310,L2P,L
AA28B0,N7538T,C172,CESSNA 172 Skyhawk,L1P,L
AA2CB0,N755AV,A320,AIRBUS A-320,L2J,M
AA2DB0,N755MA,J3,PIPER J-3 Cub,L1P,L
AA2FB0,N7555N,BE33,BEECH 33 Bonanza,L1P,L
AA33B0,N7567R,P28A,PIPER PA-28-140/150/160/180,L1P,L
AA34B0,N757GR,LNCE,LANCAIR ES,L1P,L
AA36B0,N7572H,PA12,PIPER PA-12 Super Cruiser,L1P,L
AA3FB0,N76FD,F900,DASSAULT Falcon 900,L3J,M
AA44B0,N76058,C140,CESSNA 140,L1P,L
AA4AB0,N762TS,,,,
AA4CB0,N763AC,HIGH,JUST JA20 Highlander,L1P,L
AA5AB0,N76634,C120,CESSNA 120,L1P,L
AA5DB0,N767YA,DRON,,D0-,-
AA60B0,N768QT,DRON,,D0-,-
AA62B0,N7688,PA46,PIPER PA-46-310/350,L1P,L
AA66B0,N77AB,BE33,BEECH 33 Bonanza,L1P,L
AA67B0,N77LH,,,,
AA68B0,N77WP,,,,
AA6AB0,N770T,BE35,BEECH 35 Starfire Bonanza,L1P,L
AA6BB0,N7702L,P32R,PIPER PA-32R-300/301/301T,L1P,L
AA6DB0,N771KS,SR22,CIRRUS SR-22,L1P,L
AA6EB0,N771VY,G2T1,GREAT LAKES 2T-1,L1P,L
AA76B0,N7731J,PA32,PIPER PA-32,L1P,L
AA7AB0,N7743M,M20P,MOONEY M-20,L1P,L
AA7CB0,N775MC,C172,CESSNA 172 Skyhawk,L1P,L
AA81B0,N7760G,C172,CESSNA 172 Skyhawk,L1P,L
AA82B0,N7767T,C172,CESSNA 172 Skyhawk,L1P,L
AA83B0,N777GT,C210,CESSNA 201 Centurion,L1P,L
AA84B0,N777SZ,T210,CESSNA T210 Turbo Centurion,L1P,L
AA86B0,N7779W,P28A,PIPER PA-28-140/150/160/180,L1P,L
AA8FB0,N78RM,P46T,PIPER PA-46-500TP,L1T,L
AA93B0,N7806,G164,GRUMMAN G-164 Ag-Cat,L1P,L
AA96B0,N78102,C182,CESSNA 182 Skylane,L1P,L
AA9AB0,N78225,GC1,GLOBE Swift,L1P,L
AA9BB0,N783AE,B06,BELL 206 JetRanger,H1T,L
AA9FB0,N784DC,RV10,VANS RV-10,L1P,L
AAA2B0,N7847A,B737,BOEING 737-700,L2J,M
AAA5B0,N78513,C172,CESSNA 172 Skyhawk,L1P,L
AAA6B0,N7859D,PA22,PIPER PA-22,L1P,L
AAA9B0,N78636,PA11,PIPER PA-11 Cub Special,L1P,L
AAAAB0,N787BR,P28A,PIPER PA-28-140/150/160/180,L1P,L
AAADB0,N78759,PA11,PIPER PA-11 Cub Special,L1P,L
AAB0B0,N78801,C182,CESSNA 182 Skylane,L1P,L
AAB1B0,N7888B,B47G,BELL 47G,H1P,L
AAB6B0,N79LK,PA31,PIPER PA-31-300/310/325/350/425,L2P,L
AAB7B0,N79WR,ZZZZ,,-0-,-
AAB9B0,N790TB,TBM7,SOCATA TBM-700A/B/C,L1T,L
AABAB0,N7902N,C172,CESSNA 172 Skyhawk,L1P,L
AABDB0,N791W,PA11,PIPER PA-11 Cub Special,L1P,L
AABEB0,N7914R,BE35,BEECH 35 Starfire Bonanza,L1P,L
AAC9B0,N7943P,PA24,PIPER PA-24 Comanche,L1P,L
AAD1B0,N7967V,A9,NORTH AMERICAN ROCKWELL A-9 Sparrow Commander,L1P,L
AAD4B0,N7972M,BE95,BEECH 95 Travel Air,L2P,L
AAD5B0,N7979Y,UHEL,,H0-,-
AADDB0,N8FH,BE9L,BEECH 90 King Air,L2T,L
AADEB0,N8RP,RV8,VANS RV-8,L1P,L
AAE0B0,N80N,P337,CESSNA P337 Skymaster,L2P,L
AAE4B0,N8003T,C175,CESSNA 175 Skylark,L1P,L
AAE5B0,N801BC,RV8,VANS RV-8,L1P,L
AAE8B0,N8015W,P28A,PIPER PA-28-140/150/160/180,L1P,L
AAEFB0,N8032R,BE24,BEECH 24 Sierra,L1P,L
AAF0B0,N80392,P28B,PIPER PA-28-201T/235/236,L1P,L
AAF2B0,N804WC,PC12,PILATUS PC-12,L1T,L
AAF3B0,N8044U,BE36,BEECH 36 Bonanza,L1P,L
AAF4B0,N805CP,C172,CESSNA 172 Skyhawk,L1P,L
AAF5B0,N805NV,R44,ROBINSON R-44 Raven,H1P,L
AAF7B0,N8056X,C172,CESSNA 172 Skyhawk,L1P,L
AAF9B0,N806RT,DHC6,DE HAVILLAND DHC-6 Twin Otter,L2T,L
AAFBB0,N80680,GC1,GLOBE Swift,L1P,L
AAFEB0,N8073S,,,,
AAFFB0,N808BB,PA30,PIPER PA-30 Twin Comanche,L2P,L
AB00B0,N808MH,EC30,AIRBUS HELICOPTERS EC-130,H1T,L
AB08B0,N81TD,RV3,VANS RV-3,L1P,L
AB13B0,N8124B,C172,CESSNA 172 Skyhawk,L1P,L
AB17B0,N8136E,BE36,BEECH 36 Bonanza,L1P,L
AB18B0,N814EV,EVSS,EVEKTOR SportStar,L1P,L
AB19B0,N814RA,SR20,CIRRUS SR-20,L1P,L
AB22B0,N8165C,P28A,PIPER PA-28-140/150/160/180,L1P,L
AB23B0,N817DH,CH7B,BELLANCA 7 Citabria,L1P,L
AB26B0,N8177F,C150,CESSNA 150,L1P,L
AB28B0,N818SM,C82S,CESSNA T182 Turbo Skylane,L1P,L
AB2CB0,N819VK,RV6,VANS RV-6,L1P,L
AB2EB0,N82BW,,,,
AB2FB0,N82NB,RV4,VANS RV-4,L1P,L
AB34B0,N821BE,P28A,PIPER PA-28-140/150/160/180,L1P,L
AB37B0,N8215Y,PA30,PIPER PA-30 Twin Comanche,L2P,L
AB3AB0,N8220Q,P32R,PIPER PA-32R-300/301/301T,L1P,L
AB3EB0,N8232T,C175,CESSNA 175 Skylark,L1P,L
AB43B0,N825CR,PA24,PIPER PA-24 Comanche,L1P,L
AB44B0,N825NX,PC12,PILATUS PC-12,L1T,L
AB46B0,N8256Z,C210,CESSNA 201 Centurion,L1P,L
AB47B0,N826FP,BE30,BEECH 300 Super King Air,L2T,L
AB48B0,N826RV,RV12,VANS RV-12,L1P,L
AB4AB0,N82682,CH7A,BELLANCA 7 Champion,L1P,L
AB4BB0,N827JM,TBM7,SOCATA TBM-700A/B/C,L1T,L
AB4DB0,N8273U,C172,CESSNA 172 Skyhawk,L1P,L
AB4EB0,N828BD,PA31,PIPER PA-31-300/310/325/350/425,L2P,L
AB51B0,N8285X,C172,CESSNA 172 Skyhawk,L1P,L
AB54B0,N8290P,PA24,PIPER PA-24 Comanche,L1P,L
AB56B0,N83H,T6,NORTH AMERICAN T-6 Texan,L1P,L
AB57B0,N83TF,C25B,CESSNA 525B Citation CJ3,L2J,L
AB5EB0,N8312A,P32R,PIPER PA-32R-300/301/301T,L1P,L
AB62B0,N8324D,BE35,BEECH 35 Starfire Bonanza,L1P,L
AB66B0,N8336G,P28A,PIPER PA-28-140/150/160/180,L1P,L
AB69B0,N83409,CH7A,BELLANCA 7 Champion,L1P,L
AB6CB0,N835UA,A319,AIRBUS A-319,L2J,M
AB6DB0,N8353B,C172,CESSNA 172 Skyhawk,L1P,L
AB6EB0,N836AM,AP22,AEROPRACT A-22,L1P,L
AB71B0,N8365E,R22,ROBINSON R-22 Mariner,H1P,L
AB75B0,N8377H,C172,CESSNA 172 Skyhawk,L1P,L
AB77B0,N838SP,C172,CESSNA 172 Skyhawk,L1P,L
AB78B0,N8382,L8,LUSCOMBE 8,L1P,L
AB79B0,N8389L,C172,CESSNA 172 Skyhawk,L1P,L
AB7AB0,N839KF,UH1,BELL UH-1 Huey,H1T,L
AB7CB0,N8394C,P28A,PIPER PA-28-140/150/160/180,L1P,L
AB7DB0,N84BY,GLID,,L0-,-
AB7EB0,N84ND,P210,CESSNA P210 Centurion,L1P,L
AB7FB0,N84YK,YK52,YAKOVLEV Yak-52,L1P,L
AB81B0,N840UW,DRON,,D0-,-
AB89B0,N8420S,C182,CESSNA 182 Skylane,L1P,L
AB8AB0,N84273,CH7A,BELLANCA 7 Champion,L1P,L
AB99B0,N84684,C172,CESSNA 172 Skyhawk,L1P,L
AB9AB0,N847JP,,,,
AB9CB0,N8473W,P28A,PIPER PA-28-140/150/160/180,L1P,L
AB9EB0,N848MM,ULAC,,L0-,-
ABA3B0,N8490R,P28A,PIPER PA-28-140/150/160/180,L1P,L
ABA4B0,N84972,CH7A,BELLANCA 7 Champion,L1P,L
ABA6B0,N85TH,,,,
ABA7B0,N850DN,B739,BOEING 737-900,L2J,M
ABA8B0,N850PU,P28A,PIPER PA-28-140/150/160/180,L1P,L
ABAAB0,N8507L,BALL,,B0-,-
ABAEB0,N8519P,PA24,PIPER PA-24 Comanche,L1P,L
ABB1B0,N8524F,AT6T,AIR TRACTOR AT-602,L1T,L
ABB2B0,N853CA,TBM7,SOCATA TBM-700A/B/C,L1T,L
ABBDB0,N856AP,DRON,,D0-,-
ABC0B0,N8565G,C150,CESSNA 150,L1P,L
ABC6B0,N858SR,P32R,PIPER PA-32R-300/301/301T,L1P,L
ABCBB0,N8594E,CH7A,BELLANCA 7 Champion,L1P,L
ABCCB0,N86C,P337,CESSNA P337 Skymaster,L2P,L
ABD5B0,N86152,AR11,AERONCA 11 Chief,L1P,L
ABE0B0,N86440,C188,CESSNA 188 AgTruck,L1P,L
ABE2B0,N865PA,C172,CESSNA 172 Skyhawk,L1P,L
ABE7B0,N8661V,CH7B,BELLANCA 7 Citabria,L1P,L
ABEFB0,N86851,B14A,BELLANCA 14,L1P,L
ABF2B0,N8690T,C182,CESSNA 182 Skylane,L1P,L
ABF3B0,N86974,BL8,BELLANCA 8 Decathlon,L1P,L
ABF4B0,N87HD,F2TH,DASSAULT Falcon 2000,L2J,M
ABF8B0,N8700B,C172,CESSNA 172 Skyhawk,L1P,L
ABFCB0,N8712E,PA32,PIPER PA-32,L1P,L
AC00B0,N8724H,NAVI,NORTH AMERICAN Navion,L1P,L
AC15B0,N878ST,C208,CESSNA 208 Caravan,L1T,L
AC16B0,N8782D,RV8,VANS RV-8,L1P,L
AC1AB0,N8794G,SSTL,JUST JA30 SuperSTOL,L1P,L
AC1BB0,N88CB,S22T,CIRRUS SR-22T Turbo,L1P,L
AC1DB0,N88YP,SR22,CIRRUS SR-22,L1P,L
AC20B0,N88031,J3,PIPER J-3 Cub,L1P,L
AC22B0,N881MS,PTS1,PITTS S-1 Special,L1P,L
AC28B0,N88277,BL8,BELLANCA 8 Decathlon,L1P,L
AC2BB0,N8832Z,C172,CESSNA 172 Skyhawk,L1P,L
AC2CB0,N884,SR22,CIRRUS SR-22,L1P,L
AC31B0,N885PC,SR20,CIRRUS SR-20,L1P,L
AC33B0,N88565,J3,PIPER J-3 Cub,L1P,L
AC35B0,N886SA,SYMP,OMF Symphony,L1P,L
AC37B0,N88688,O1,CESSNA 305/341 Bird Dog,L1P,L
AC3AB0,N88730,J3,PIPER J-3 Cub,L1P,L
AC3BB0,N888BK,RV8,VANS RV-8,L1P,L
AC3FB0,N889EH,R44,ROBINSON R-44 Raven,H1P,L
AC41B0,N8890V,C172,CESSNA 172 Skyhawk,L1P,L
AC42B0,N88976,UH1,BELL UH-1 Huey,H1T,L
AC44B0,N89TM,BE9L,BEECH 90 King Air,L2T,L
AC47B0,N8900D,PA22,PIPER PA-22,L1P,L
AC48B0,N8907Q,T206,CESSNA T206 Turbo Stationair,L1P,L
AC4CB0,N8919T,C182,CESSNA 182 Skylane,L1P,L
AC57B0,N8948R,CH7B,BELLANCA 7 Citabria,L1P,L
AC5AB0,N8953H,G164,GRUMMAN G-164 Ag-Cat,L1P,L
AC5BB0,N896AT,B712,BOEING 717-200,L2J,M
AC5EB0,N8965L,AA1,AMERICAN AA-1,L1P,L
AC61B0,N8970C,R22,ROBINSON R-22 Mariner,H1P,L
AC62B0,N8977P,PA24,PIPER PA-24 Comanche,L1P,L
AC67B0,N899KM,T210,CESSNA T210 Turbo Centurion,L1P,L
AC69B0,N8994J,P28A,PIPER PA-28-140/150/160/180,L1P,L
AC6BB0,N9NK,BE18,BEECH 18 Expetitor,L2P,L
AC6CB0,N9YR,BE55,BEECH 55 Baron,L2P,L
AC6DB0,N90JW,AVID,AVID Flyer,L1P,L
AC6FB0,N900FG,ERCO,AIR PRODUCTS F-1 Aircoupe,L1P,L
AC71B0,N9001J,P28A,PIPER PA-28-140/150/160/180,L1P,L
AC73B0,N901JE,BE9L,BEECH 90 King Air,L2T,L
AC78B0,N902XJ,CRJ9,BOMBARDIER Regional Jet CRJ-900,L2J,M
AC79B0,N9025Q,BE95,BEECH 95 Travel Air,L2P,L
AC7EB0,N904GT,BE9L,BEECH 90 King Air,L2T,L
AC80B0,N9042K,,,,
AC81B0,N9049W,P28B,PIPER PA-28-201T/235/236,L1P,L
AC84B0,N9054N,C182,CESSNA 182 Skylane,L1P,L
AC85B0,N906CH,S61,SIKORSKY S-61 Sea King,H2T,M
AC88B0,N9066R,C182,CESSNA 182 Skylane,L1P,L
AC8BB0,N9071H,RAF2,ROTARY AIR FORCE RAF-2000,G1P,L
AC8DB0,N908JD,RV8,VANS RV-8,L1P,L
AC8FB0,N9083L,CH7A,BELLANCA 7 Champion,L1P,L
AC97B0,N910LL,RV8,VANS RV-8,L1P,L
AC9AB0,N911DC,AS50,AEROSPATIALE AS-350 Ecureuil,H1T,L
AC9BB0,N911PJ,C441,CESSNA 441 Conquest,L2T,L
AC9FB0,N912SG,COY2,RANS Coyote 2,L1P,L
ACA4B0,N91336,B06,BELL 206 JetRanger,H1T,L
ACA5B0,N914BR,AT5T,AIR TRACTOR AT-504,L1T,L
ACACB0,N9158B,L5,STINSON Sentinel,L1P,L
ACAEB0,N916TT,P28A,PIPER PA-28-140/150/160/180,L1P,L
ACAFB0,N91624,C182,CESSNA 182 Skylane,L1P,L
ACB7B0,N9187,C208,CESSNA 208 Caravan,L1T,L
ACB9B0,N919SF,S76,SIKORSKY S-76 Spirit,H2T,L
ACBEB0,N920FJ,CRJ9,BOMBARDIER Regional Jet CRJ-900,L2J,M
ACBFB0,N920RQ,PA18,PIPER PA-18 Super Cub,L1P,L
ACC1B0,N9208X,FOX,KITFOX,L1P,L
ACC3B0,N921UN,T206,CESSNA T206 Turbo Stationair,L1P,L
ACC5B0,N922AZ,BE20,BEECH 200 Super King Air,L2T,M
ACCCB0,N9237V,M20P,MOONEY M-20,L1P,L
ACCEB0,N924TA,,,,
ACCFB0,N9242M,M20P,MOONEY M-20,L1P,L
ACD4B0,N926CK,P28A,PIPER PA-28-140/150/160/180,L1P,L
ACDCB0,N928JF,DISC,SCHEMPP-HIRTH Discus,L1P,L
ACE5B0,N930AG,DV20,DIAMOND DA-20,L1P,L
ACECB0,N9317C,C180,CESSNA  180 Skywagon,L1P,L
ACF7B0,N9346A,C190,CESSNA 190,L1P,L
ACF8B0,N935ER,PA44,PIPER PA-44 Seminole,L2P,L
ACFAB0,N93503,ERCO,AIR PRODUCTS F-1 Aircoupe,L1P,L
ACFEB0,N93626,BL17,BELLANCA 17 Viking,L1P,L
AD00B0,N937LM,DRON,,D0-,-
AD02B0,N93749,ERCO,AIR PRODUCTS F-1 Aircoupe,L1P,L
AD03B0,N938DD,T206,CESSNA T206 Turbo Stationair,L1P,L
AD08B0,N939SH,R22,ROBINSON R-22 Mariner,H1P,L
AD0AB0,N9399E,C172,CESSNA 172 Skyhawk,L1P,L
AD0CB0,N94VF,RV4,VANS RV-4,L1P,L
AD0FB0,N9401N,P28R,PIPER PA-28R-180/200/201,L1P,L
AD1AB0,N9430L,AA1,AMERICAN AA-1,L1P,L
AD1EB0,N9442P,PA18,PIPER PA-18 Super Cub,L1P,L
AD22B0,N9454S,RV7,VANS RV-7,L1P,L
AD2EB0,N949B,BE35,BEECH 35 Starfire Bonanza,L1P,L
AD32B0,N95DY,,,,
AD37B0,N9505B,C208,CESSNA 208 Caravan,L1T,L
AD38B0,N951DG,GLID,,L0-,-
AD3BB0,N9517E,BL17,BELLANCA 17 Viking,L1P,L
AD3EB0,N95217,P28A,PIPER PA-28-140/150/160/180,L1P,L
AD42B0,N9534,WACO,WACO E/O,L1P,L
AD4CB0,N956TX,C208,CESSNA 208 Caravan,L1T,L
AD51B0,N9575A,C170,CESSNA 170,L1P,L
AD58B0,N95916,TAYB,TAYLORCRAFT BC/BF/BL,L1P,L
AD5AB0,N96KB,H500,HUGHES 500,H1T,L
AD5EB0,N9601Q,C172,CESSNA 172 Skyhawk,L1P,L
AD62B0,N9613T,C210,CESSNA 201 Centurion,L1P,L
AD66B0,N9625W,MD83,MCDONNELL-DOUGLAS MD-83,L2J,M
AD67B0,N963EA,M20P,MOONEY M-20,L1P,L
AD6CB0,N964TE,AA5,AMERICAN AA-5 Tiger,L1P,L
AD6DB0,N9642R,BE95,BEECH 95 Travel Air,L2P,L
AD71B0,N9654U,AA5,AMERICAN AA-5 Tiger,L1P,L
AD72B0,N966CP,C82T,CESSNA TR182 Turbo Skylane RG,L1P,L
AD78B0,N9671P,PA18,PIPER PA-18 Super Cub,L1P,L
AD7EB0,N969MH,G2CA,GUIMBAL G-2 Cabri,H1P,L
AD81B0,N97E,T210,CESSNA T210 Turbo Centurion,L1P,L
AD86B0,N9705D,PA22,PIPER PA-22,L1P,L
AD8AB0,N9717G,C180,CESSNA  180 Skywagon,L1P,L
AD8DB0,N97219,PA32,PIPER PA-32,L1P,L
AD8EB0,N9729K,S108,STINSON 108 Voyager,L1P,L
AD91B0,N9734B,C72R,CESSNA 172R Cutlass RG,L1P,L
AD95B0,N9746E,AR11,AERONCA 11 Chief,L1P,L
AD96B0,N975EV,CRJ2,BOMBARDIER Regional Jet CRJ-200,L2J,M
AD97B0,N975RA,LEG2,LANCAIR Legacy,L1P,L
AD98B0,N97507,S108,STINSON 108 Voyager,L1P,L
AD99B0,N9758H,C82R,CESSNA R182 Skylane RG,L1P,L
AD9DB0,N977AK,B39M,BOEING 737 MAX 9,L2J,M
AD9EB0,N977LR,M20P,MOONEY M-20,L1P,L
ADA4B0,N9787F,H269,HUGHES Sky Knight,H1P,L
ADA7B0,N97918,S108,STINSON 108 Voyager,L1P,L
ADAAB0,N98VK,PC7,PILATUS PC-7 Astra,L1T,L
ADAEB0,N98083,J3,PIPER J-3 Cub,L1P,L
ADB1B0,N9813V,C172,CESSNA 172 Skyhawk,L1P,L
ADB9B0,N98371,P28A,PIPER PA-28-140/150/160/180,L1P,L
ADBAB0,N984HA,DH8A,DE HAVILLAND DHC-8-100 Dash 8,L2T,M
ADBCB0,N9842T,PA38,PIPER PA-38 Tomahawk,L1P,L
ADBDB0,N98494,C172,CESSNA 172 Skyhawk,L1P,L
ADC0B0,N9854W,P28A,PIPER PA-28-140/150/160/180,L1P,L
ADC7B0,N9871R,F2TH,DASSAULT Falcon 2000,L2J,M
ADCBB0,N9883U,AA1,AMERICAN AA-1,L1P,L
ADD0B0,N99EB,C172,CESSNA 172 Skyhawk,L1P,L
ADD2B0,N990AN,B738,BOEING 737-800,L2J,M
ADD5B0,N9905F,C72R,CESSNA 172R Cutlass RG,L1P,L
ADD6B0,N991DL,MD88,MCDONNELL-DOUGLAS MD-88,L2J,M
ADD7B0,N991PS,H25B,HAWKER BEECHCRAFT Hawker 750/850,L2J,M
ADDEB0,N993KG,SF50,CIRRUS SF-50 Vision,L1J,L
ADE0B0,N9934D,PA18,PIPER PA-18 Super Cub,L1P,L
ADE6B0,N995RC,EC45,AIRBUS HELICOPTERS EC-145,H2T,L
ADECB0,N997AM,B737,BOEING 737-700,L2J,M
ADF3B0,N9987H,C82R,CESSNA R182 Skylane RG,L1P,L
ADF5B0,N999SP,BL8,BELLANCA 8 Decathlon,L1P,L
ADF6B0,N9992,BOLT,STEEN Skybolt,L1P,L
ADF7B0,N9999L,AA1,AMERICAN AA-1,L1P,L
ADFCB0,93-0624,BE40,BEECH 400 Beechjet,L2J,M
ADFFB0,64-13214,T38,NORTHROP T-38 Talon,L2J,L
AE00B0,61-0807,T38,NORTHROP T-38 Talon,L2J,L
AE01B0,84-0087,LJ35,LEARJET 35,L2J,M
AE04B0,57-1419,K35R,BOEING KC-135R/T Stratotanker,L4J,H
AE05B0,63-8876,K35R,BOEING KC-135R/T Stratotanker,L4J,H
AE07B0,61-0284,K35R,BOEING KC-135R/T Stratotanker,L4J,H
AE08B0,00-3595,TEX2,BEECHCRAFT T-6 Texan 2,L1T,L
AE09B0,87-24636,H60,SIKORSKY UH-60 Black Hawk,H2T,M
AE0BB0,91-26334,H60,SIKORSKY UH-60 Black Hawk,H2T,M
AE0CB0,83-23898,H60,SIKORSKY UH-60 Black Hawk,H2T,M
AE11B0,03-3678,TEX2,BEECHCRAFT T-6 Texan 2,L1T,L
AE12B0,88-0191,C130,LOCKHEED C-130 Hercules,L4T,M
AE13B0,04-3730,TEX2,BEECHCRAFT T-6 Texan 2,L1T,L
AE14B0,160971,BE9L,BEECH 90 King Air,L2T,L
AE17B0,92-0364,F15,MCDONNELL-DOUGLAS F-15 Eagle,L2J,M
AE1DB0,167820,H60,SIKORSKY UH-60 Black Hawk,H2T,M
AE1EB0,166043,TEX2,BEECHCRAFT T-6 Texan 2,L1T,L
AE1FB0,10-72161,EC45,AIRBUS HELICOPTERS EC-145,H2T,L
AE26B0,6590,AS65,AEROSPATIALE AS-365 Dauphin 2,H2T,L
AE2FB0,08-8204,C17,BOEING C-17 Globemaster 3,L4J,H
AE47B0,08-20168,H60,SIKORSKY UH-60 Black Hawk,H2T,M
AE4CB0,05-20009,H60,SIKORSKY UH-60 Black Hawk,H2T,M
AE4EB0,166198,TEX2,BEECHCRAFT T-6 Texan 2,L1T,L
AE50B0,09-20224,H60,SIKORSKY UH-60 Black Hawk,H2T,M
AE51B0,11-20364,H60,SIKORSKY UH-60 Black Hawk,H2T,M
AE56B0,13-20584,H60,SIKORSKY UH-60 Black Hawk,H2T,M
AE58B0,61-0035,B52,BOEING B-52 Stratofortress,L8J,H
AE59B0,14-08444,H47,BOEING-VERTOL CH-47 Chinook,H2T,M
AE5AB0,15-20718,H60,SIKORSKY UH-60 Black Hawk,H2T,M
AE5BB0,13-20643,H60,SIKORSKY UH-60 Black Hawk,H2T,M
AE5CB0,01-26886,H60,SIKORSKY UH-60 Black Hawk,H2T,M
AE5EB0,163342,B06,BELL 206 JetRanger,H1T,L
AE60B0,17-2030,E314,EMBRAER EMB-314 Super Tucano,L1T,L
AE64B0,16-21085,H60,SIKORSKY UH-60 Black Hawk,H2T,M
AE6CB0,20-03336,H64,MCDONNELL DOUGLAS AH-64 Apache,H2T,M
AE6DB0,21-03368,H64,MCDONNELL DOUGLAS AH-64 Apache,H2T,M
AE74B0,22-21228,H60,SIKORSKY UH-60 Black Hawk,H2T,M
C000B0,C-FAGT,PA22,PIPER PA-22,L1P,L
C001B0,C-FAQP,,,,
C002B0,C-FBAL,CH70,ZENAIR CH-701 Stol,L1P,L
C004B0,C-FBUD,BALL,,B0-,-
C005B0,C-FCDZ,PIVI,PIPSTREL Virus,L1P,L
C007B0,C-FCXR,,,,
C008B0,C-FDHN,AT8T,AIR TRACTOR AT-802,L1T,M
C009B0,C-FDRJ,RV7,VANS RV-7,L1P,L
C00AB0,C-FEBF,B06,BELL 206 JetRanger,H1T,L
C00BB0,C-FELB,C172,CESSNA 172 Skyhawk,L1P,L
C00CB0,C-FEUX,PA12,PIPER PA-12 Super Cruiser,L1P,L
C00DB0,C-FFET,,,,
C00FB0,C-FFYL,C170,CESSNA 170,L1P,L
C011B0,C-FGSD,B06,BELL 206 JetRanger,H1T,L
C012B0,C-FHBZ,RV6,VANS RV-6,L1P,L
C013B0,C-FHLV,PA18,PIPER PA-18 Super Cub,L1P,L
C014B0,C-FHVR,SA02,K&S SA-102.5 Cavalier,L1P,L
C015B0,C-FIFN,GLEX,BOMBARDIER BD-700 Global 6000/6500,L2J,M
C016B0,C-FIPJ,P32R,PIPER PA-32R-300/301/301T,L1P,L
C017B0,C-FIZF,C172,CESSNA 172 Skyhawk,L1P,L
C018B0,C-FJJB,,,,
C019B0,C-FJSX,,,,
C01AB0,C-FKCT,,,,
C01BB0,C-FKMP,C172,CESSNA 172 Skyhawk,L1P,L
C01CB0,C-FKWL,C120,CESSNA 120,L1P,L
C01DB0,C-FLGH,TAYA,TAYLORCRAFT A,L1P,L
C01EB0,C-FLQD,PA18,PIPER PA-18 Super Cub,L1P,L
C021B0,C-FMTR,GYRO,,G0-,-
C022B0,C-FNDN,B407,BELL 407,H1T,L
C023B0,C-FNNJ,CH7B,BELLANCA 7 Citabria,L1P,L
C025B0,C-FOHB,C140,CESSNA 140,L1P,L
C026B0,C-FOQX,CH30,ZENAIR CH-300 Tri-Zenith,L1P,L
C027B0,C-FPAT,DHC6,DE HAVILLAND DHC-6 Twin Otter,L2T,L
C028B0,C-FPKP,C150,CESSNA 150,L1P,L
C029B0,C-FPUL,BE35,BEECH 35 Starfire Bonanza,L1P,L
C02AB0,C-FQEH,C172,CESSNA 172 Skyhawk,L1P,L
C02BB0,C-FQOD,LA4,LAKE LA-4/200,A1P,L
C02CB0,C-FQXZ,RV6,VANS RV-6,L1P,L
C02DB0,C-FRHV,PA24,PIPER PA-24 Comanche,L1P,L
C02EB0,C-FRRR,M20P,MOONEY M-20,L1P,L
C02FB0,C-FSBN,ZZZZ,,-0-,-
C030B0,C-FSLJ,C180,CESSNA  180 Skywagon,L1P,L
C031B0,C-FSVF,S108,STINSON 108 Voyager,L1P,L
C032B0,C-FTFB,R44,ROBINSON R-44 Raven,H1P,L
C033B0,C-FTOX,RV7,VANS RV-7,L1P,L
C034B0,C-FTYT,,,,
C035B0,C-FUIP,RV6,VANS RV-6,L1P,L
C037B0,C-FVCH,ERCO,AIR PRODUCTS F-1 Aircoupe,L1P,L
C038B0,C-FVMD,CRJ2,BOMBARDIER Regional Jet CRJ-200,L2J,M
C03AB0,C-FWFV,,,,
C03BB0,C-FWPR,M7,MAULE M-7,L1P,L
C03CB0,C-FWZN,BE33,BEECH 33 Bonanza,L1P,L
C03DB0,C-FXJJ,C172,CESSNA 172 Skyhawk,L1P,L
C03EB0,C-FXTF,,,,
C03FB0,C-FYDB,,,,
C040B0,C-FYMX,M4,MAULE M-4,L1P,L
C041B0,C-FYWT,DH2T,DE HAVILLAND DHC-2 Turbo Beaver,L1T,L
C042B0,C-FZGP,,,,
C043B0,C-FZQL,CH7A,BELLANCA 7 Champion,L1P,L
C045B0,C-GAKD,PA25,PIPER PA-25 Pawnee,L1P,L
C046B0,C-GATZ,C182,CESSNA 182 Skylane,L1P,L
C04AB0,C-GCHJ,S76,SIKORSKY S-76 Spirit,H2T,L
C04CB0,C-GDBB,SONX,SONEX AIRCRAFT Sonex,L1P,L
C04DB0,C-GDKX,C172,CESSNA 172 Skyhawk,L1P,L
C04FB0,C-GEEP,P28R,PIPER PA-28R-180/200/201,L1P,L
C050B0,C-GEOL,PA31,PIPER PA-31-300/310/325/350/425,L2P,L
C051B0,C-GEYH,PA22,PIPER PA-22,L1P,L
C054B0,C-GGBV,C185,CESSNA 185 Skywagon,L1P,L
C055B0,C-GGLR,CL60,BOMBARDIER CL-600 Challenger,L2J,M
C058B0,C-GHPF,PC12,PILATUS PC-12,L1T,L
C059B0,C-GHZB,COY2,RANS Coyote 2,L1P,L
C05AB0,C-GIIX,PELI,FLYER Pelican,L1P,L
C05BB0,C-GIST,C172,CESSNA 172 Skyhawk,L1P,L
C05CB0,C-GJCP,C182,CESSNA 182 Skylane,L1P,L
C05DB0,C-GJML,BE23,BEECH 23 Sundowner,L1P,L
C05EB0,C-GJWH,QIC2,QUICKIE Q2,L1P,L
C05FB0,C-GKGD,,,,
C060B0,C-GKPZ,C170,CESSNA 170,L1P,L
C061B0,C-GKZV,R44,ROBINSON R-44 Raven,H1P,L
C062B0,C-GLJR,C172,CESSNA 172 Skyhawk,L1P,L
C063B0,C-GLTN,C185,CESSNA 185 Skywagon,L1P,L
C065B0,C-GMNF,C172,CESSNA 172 Skyhawk,L1P,L
C066B0,C-GMXB,B38M,BOEING 737 MAX 8,L2J,M
C067B0,C-GNGX,P28A,PIPER PA-28-140/150/160/180,L1P,L
C06AB0,C-GOKL,B212,BELL 212,H2T,L
C06BB0,C-GOUH,AC11,NORTH AMERICAN ROCKWELL Commander 112/114,L1P,L
C06CB0,C-GPED,R44,ROBINSON R-44 Raven,H1P,L
C06EB0,C-GPXV,P28A,PIPER PA-28-140/150/160/180,L1P,L
C06FB0,C-GQHR,,,,
C071B0,C-GRBJ,J3,PIPER J-3 Cub,L1P,L
C072B0,C-GRLF,ULAC,,L0-,-
C073B0,C-GRVB,RV6,VANS RV-6,L1P,L
C074B0,C-GSEX,C172,CESSNA 172 Skyhawk,L1P,L
C076B0,C-GSYP,C140,CESSNA 140,L1P,L
C077B0,C-GTIL,R66,ROBINSON R-66,H1T,L
C079B0,C-GUCD,PA25,PIPER PA-25 Pawnee,L1P,L
C07AB0,C-GULZ,P32R,PIPER PA-32R-300/301/301T,L1P,L
C07BB0,C-GUVV,GLID,,L0-,-
C07CB0,C-GVFR,RV4,VANS RV-4,L1P,L
C07DB0,C-GVPN,CH70,ZENAIR CH-701 Stol,L1P,L
C07FB0,C-GWJF,B737,BOEING 737-700,L2J,M
C081B0,C-GXCX,BALL,,B0-,-
C082B0,C-GXMT,PA46,PIPER PA-46-310/350,L1P,L
C083B0,C-GXWP,C172,CESSNA 172 Skyhawk,L1P,L
C084B0,C-GYGL,C185,CESSNA 185 Skywagon,L1P,L
C085B0,C-GYQH,B06,BELL 206 JetRanger,H1T,L
C086B0,C-GZAD,AS50,AEROSPATIALE AS-350 Ecureuil,H1T,L
C087B0,C-GZJZ,P28A,PIPER PA-28-140/150/160/180,L1P,L
C088B0,C-GZTV,ZZZZ,,-0-,-
C08AB0,C-IANN,ULAC,,L0-,-
C08BB0,C-IAXJ,ULAC,,L0-,-
C08CB0,C-IBHF,ULAC,,L0-,-
C08DB0,C-IBRB,,,,
C08EB0,C-ICAX,ULAC,,L0-,-
C08FB0,C-ICKT,,,,
C090B0,C-ICUP,ULAC,,L0-,-
C092B0,C-IDOH,ULAC,,L0-,-
C094B0,C-IEHZ,ULAC,,L0-,-
C095B0,C-IERV,ULAC,,L0-,-
C096B0,C-IFBR,BEVR,ASAP Beaver,L1P,L
C097B0,C-IFLN,,,,
C098B0,C-IFVJ,ULAC,,L0-,-
C099B0,C-IGFF,PARA,,P0-,-
C09AB0,C-IGPB,ULAC,,L0-,-
C09BB0,C-IGYX,,,,
C09DB0,C-IHSP,ULAC,,L0-,-
C0A1B0,C-IJFZ,CH70,ZENAIR CH-701 Stol,L1P,L
C0A2B0,C-IJPV,,,,
C0A3B0,C-IJZR,,,,
C0A5B0,C-IKTJ,PARA,,P0-,-
C0A6B0,C-ILDF,ULAC,,L0-,-
C0A7B0,C-ILNB,PARA,,P0-,-
C0A8B0,C-ILWX,,,,
C0A9B0,C-IMGT,MAME,BLUE YONDER Merlin,L1P,L
C0C1B0,C-IVJB,ULAC,,L0-,-
C0C3B0,C-IWCT,FDCT,FLIGHT DESIGN CT,L1P,L
C1E4B0,SERV,SERV,,V0-,-
C1E9B0,SERV,SERV,,V0-,-
C801B0,ZK-CIQ,PA25,PIPER PA-25 Pawnee,L1P,L
C802B0,ZK-DFI,C172,CESSNA 172 Skyhawk,L1P,L
C803B0,ZK-DXQ,C172,CESSNA 172 Skyhawk,L1P,L
C807B0,ZK-GBB,GLID,,L0-,-
C808B0,ZK-GOO,GLID,,L0-,-
C80AB0,ZK-CFI,C185,CESSNA 185 Skywagon,L1P,L
C80EB0,ZK-HZF,H269,HUGHES Sky Knight,H1P,L
C812B0,ZK-GTH,DISC,SCHEMPP-HIRTH Discus,L1P,L
C813B0,ZK-TAS,C172,CESSNA 172 Skyhawk,L1P,L
C817B0,ZK-ZAR,CH70,ZENAIR CH-701 Stol,L1P,L
C818B0,ZK-MHL,C206,CESSNA  206 Stationair,L1P,L
C819B0,ZK-INC,R44,ROBINSON R-44 Raven,H1P,L
C81AB0,ZK-JDO,ULAC,,L0-,-
C81BB0,ZK-SJS,SIRA,TECNAM P-2002 Sierra,L1P,L
C81CB0,ZK-NFS,PA34,PIPER PA-34 Seneca,L2P,L
C81DB0,ZK-DYN,WT9,AEROSPOOL WT-9 Dynamic,L1P,L
C81EB0,ZK-ERX,RBEL,MURPHY Rebel,L1P,L
C820B0,ZK-RVD,RV7,VANS RV-7,L1P,L
C821B0,ZK-IGD,B06,BELL 206 JetRanger,H1T,L
C822B0,ZK-WTW,ZZZZ,,-0-,-
C823B0,ZK-KTF,SSTL,JUST JA30 SuperSTOL,L1P,L
C827B0,ZK-DKL,SSTL,JUST JA30 SuperSTOL,L1P,L
C828B0,ZK-CDZ,SVNH,AEROTEC Savannah,L1P,L
E400B0,6100,LJ55,LEARJET 55,L2J,M
E47EB0,PR-EOB,C525,CESSNA 525 CitationJet,L2J,L
E480B0,PP-VIC,C208,CESSNA 208 Caravan,L1T,L
E482B0,PP-UNI,BE9L,BEECH 90 King Air,L2T,L
E485B0,PT-MXF,A321,AIRBUS A-321,L2J,M
E48BB0,PR-ONI,A318,AIRBUS A-318,L2J,M
E48DB0,PR-GXA,B738,BOEING 737-800,L2J,M
E490B0,PR-AQS,AT76,ATR-72-600,L2T,M
E491B0,PT-XPF,A321,AIRBUS A-321,L2J,M
E492B0,PR-YRA,A20N,AIRBUS A-320neo,L2J,M
E493B0,PR-PDO,AT76,ATR-72-600,L2T,M
E496B0,PT-MED,C208,CESSNA 208 Caravan,L1T,L
E497B0,PS-AMR,PC12,PILATUS PC-12,L1T,L
E498B0,PR-AKN,AT76,ATR-72-600,L2T,M
