0088B5,ZS-DHC,DH8A,DE HAVILLAND DHC-8-100 Dash 8,L2T,M
0091B5,ZS-GRS,GLID,,L0-,-
0092B5,ZS-HBO,EC30,AIRBUS HELICOPTERS EC-130,H1T,L
0099B5,ZS-JSM,JS41,BRITISH AEROSPACE Jetstream 41,L2T,M
009AB5,ZS-KCI,BE36,BEECH 36 Bonanza,L1P,L
009DB5,ZS-LFW,BE20,BEECH 200 Super King Air,L2T,M
00A4B5,ZS-NWU,BE55,BEECH 55 Baron,L2P,L
00B8B5,ZS-VLS,ULAC,,L0-,-
0200B5,CN-BTF,TEX2,BEECHCRAFT T-6 Texan 2,L1T,L
04C0B5,5Y-BUZ,DH8A,DE HAVILLAND DHC-8-100 Dash 8,L2T,M
06A0B5,A7-BCQ,B788,BOEING 787-8 Dreamliner,L2J,H
06A2B5,A7-BEQ,B77W,BOEING 777-300ER,L2J,H
0700B5,6V-AFV,PA27,PIPER PA-23-250 Aztec,L2P,L
0900B5,D2-EEB,DH8D,DE HAVILLAND DHC-8-400 Dash 8,L2T,M
0A80B5,C6-CAY,C404,CESSNA 404 Titan,L2P,L
0AC3B5,HK-3544G,P28A,PIPER PA-28-140/150/160/180,L1P,L
0AC8B5,FAC3120,E314,EMBRAER EMB-314 Super Tucano,L1T,L
0C20B5,HP-1845CMP,B738,BOEING 737-800,L2J,M
0D01B5,XA-ABA,GLF3,GULFSTREAM 3,L2J,M
0D04B5,XA-ZIH,A320,AIRBUS A-320,L2J,M
0D06B5,XB-RGB,LJ60,LEARJET 60,L2J,M
0D07B5,XB-RJM,BE20,BEECH 200 Super King Air,L2T,M
0D08B5,ANX-1255,C295,CASA C-295 Persuader,L2T,M
0D0AB5,XA-CIN,CL60,BOMBARDIER CL-600 Challenger,L2J,M
0D0BB5,XA-BUA,CL35,BOMBARDIER BD-100 Challenger 350,L2J,M
0D0EB5,XA-VFO,E50P,EMBRAER EMB-500 Phenom 100,L2J,L
140AB5,RA-02741,E190,EMBRAER ERJ-190-100,L2J,M
141EB5,RA-07861,PA27,PIPER PA-23-250 Aztec,L2P,L
14A5B5,RA-42421,YK42,YAKOVLEV Yak-142,L3J,M
151DB5,RA-73141,B77W,BOEING 777-300ER,L2J,H
151FB5,RA-73653,B738,BOEING 737-800,L2J,M
3003B5,I-PIKA,DIMO,DIAMOND H-36 Dimona,L1P,L
3006B5,I-ADJU,E195,EMBRAER ERJ-190-200,L2J,M
3007B5,I-ZZIO,DR40,ROBIN DR-400,L1P,L
31D8B5,I-9724,SVNH,AEROTEC Savannah,L1P,L
31DCB5,I-9710,ECHO,TECNAM P-92 Echo,L1P,L
33FDB5,MM81792,H47,BOEING-VERTOL CH-47 Chinook,H2T,M
33FFB5,MM62222,C27J,ALENIA C-27J Spartan,L2T,M
3830B5,F-BMFV,D140,JODEL D-140 Mousquetaire,L1P,L
3849B5,F-BSNV,WA50,WASSMER WA-54 Atlantic,L1P,L
3902B5,F-GAVV,DR40,ROBIN DR-400,L1P,L
3904B5,F-GBFV,C172,CESSNA 172 Skyhawk,L1P,L
3906B5,F-GBVV,DR40,ROBIN DR-400,L1P,L
3909B5,F-GCNV,C172,CESSNA 172 Skyhawk,L1P,L
3912B5,F-GEVV,TB20,SOCATA TB-20 Trinidad,L1P,L
3916B5,F-GFVV,BROU,MAX HOLSTE Broussard,L1P,L
3918B5,F-GGFV,P28A,PIPER PA-28-140/150/160/180,L1P,L
3919B5,F-GGNV,TB20,SOCATA TB-20 Trinidad,L1P,L
392AB5,F-GKVV,TAMP,SOCATA TB-9 Tampico,L1P,L
392CB5,F-GLFV,TAMP,SOCATA TB-9 Tampico,L1P,L
3952B5,F-GUVV,DA40,DIAMOND DA-40 Club Star,L1P,L
398CB5,F-HDFV,G2CA,GUIMBAL G-2 Cabri,H1P,L
39CEB5,F-HTVV,B738,BOEING 737-800,L2J,M
3A46B5,F-ORVV,AT76,ATR-72-600,L2T,M
3AAAB5,F-MEBT,NH90,NHI NH-90,H2T,M
3AABB5,F-MDAP,PUMA,AEROSPATIALE SA-330 Puma,H2T,L
3B76B5,F-RAWK,AS55,AEROSPATIALE AS-355 Ecureuil 2,H2T,L
3B7FB5,F-ZJAH,PC7,PILATUS PC-7 Astra,L1T,L
3B9BB5,80,FA20,DASSAULT Falcon 200,L2J,M
3C1CB5,D-AZWQ,A21N,AIRBUS A-321neo,L2J,M
3C44B5,D-AAEU,A359,AIRBUS A-350-900,L2J,H
3C5CB5,D-AGEU,B737,BOEING 737-700,L2J,M
3C66B5,D-AIUU,A320,AIRBUS A-320,L2J,M
3C70B5,D-ALEU,B752,BOEING 757-200,L2J,M
3D04B5,D-EAAN,B209,MBB BO-209 Monsun,L1P,L
3D05B5,D-EAKJ,TOBA,SOCATA Tobago,L1P,L
3D06B5,D-EAUF,RALL,SOCATA Rallye,L1P,L
3D07B5,D-EBEB,CRUZ,CSA PS-28 Cruiser,L1P,L
3D09B5,D-EBXT,C210,CESSNA 201 Centurion,L1P,L
3D0AB5,D-ECHP,C150,CESSNA 150,L1P,L
3D0BB5,D-ECRL,C172,CESSNA 172 Skyhawk,L1P,L
3D0CB5,D-EDBH,C82R,CESSNA R182 Skylane RG,L1P,L
3D0FB5,D-EEEV,BT36,BEECH B36TC Bonanza,L1P,L
3D10B5,D-EEOR,C172,CESSNA 172 Skyhawk,L1P,L
3D14B5,D-EGCB,C150,CESSNA 150,L1P,L
3D15B5,D-EGLX,C172,CESSNA 172 Skyhawk,L1P,L
3D18B5,D-EHPL,PA46,PIPER PA-46-310/350,L1P,L
3D1DB5,D-EJMR,C172,CESSNA 172 Skyhawk,L1P,L
3D20B5,D-EKQF,PA18,PIPER PA-18 Super Cub,L1P,L
3D21B5,D-ELAB,C152,CESSNA 152,L1P,L
3D25B5,D-EMNL,F260,AERMACCHI SF-260,L1P,L
3D32B5,D-ERLL,A210,AQUILA A-210,L1P,L
3D33B5,D-ERVH,RV7,VANS RV-7,L1P,L
3D37B5,D-ETIR,RALL,SOCATA Rallye,L1P,L
3D41B5,D-EXDD,G115,GROB G-115,L1P,L
3D69B5,D-FMGZ,ME09,MESSERSCHMITT Bf-109,L1P,L
3D84B5,D-FWMV,FW90,FOCKE-WULF Fw-190 Replica,L1P,L
3DA7B5,D-GJTL,PA34,PIPER PA-34 Seneca,L2P,L
3DD4B5,D-HAUN,EC45,AIRBUS HELICOPTERS EC-145,H2T,L
3DF2B5,D-HMDX,EXPL,MCDONNELL-DOUGLAS MD-900 Explorer,H2T,L
3E03B5,D-HSPH,R66,ROBINSON R-66,H1T,L
3E37B5,D-IMHH,AEST,AEROSTAR 600,L2P,L
3E5DB5,D-KARL,RF4,FOURNIER RF-4,L1P,L
3E60B5,D-KBUZ,SF25,SCHEIBE SF-25 Falke,L1P,L
3E62B5,D-KCOR,AS25,SCHLEICHER ASH-25,L1P,L
3E65B5,D-KDSF,VENT,SCHEMPP-HIRTH Ventus,L1P,L
3E66B5,D-KECB,GLID,,L0-,-
3E69B5,D-KFFP,GLID,,L0-,-
3E73B5,D-KJAB,DISC,SCHEMPP-HIRTH Discus,L1P,L
3E75B5,D-KJTT,GLID,,L0-,-
3E7CB5,D-KMKR,DIMO,DIAMOND H-36 Dimona,L1P,L
3ECBB5,D-KSCJ,GLID,,L0-,-
3ECDB5,D-KSWB,DIMO,DIAMOND H-36 Dimona,L1P,L
3EDBB5,D-KYDX,ARCP,SCHEMPP-HIRTH Arcus M,L1P,L
3EDCB5,D-KYNT,SF25,SCHEIBE SF-25 Falke,L1P,L
3EE0B5,D-0030,DG1T,DG FLUGZEUGBAU DG-1001T,L1P,L
3EE5B5,D-1310,DG1T,DG FLUGZEUGBAU DG-1001T,L1P,L
3EF2B5,D-4638,GLID,,L0-,-
3EF4B5,D-5150,GLID,,L0-,-
3F2BB5,D-ODGE,BALL,,B0-,-
3FEAB5,D-MHTA,FDCT,FLIGHT DESIGN CT,L1P,L
3FEBB5,D-MHWD,FDCT,FLIGHT DESIGN CT,L1P,L
3FECB5,D-MONK,FK9,B&F TECHNIK FK-9,L1P,L
3FEDB5,D-MTKD,WT9,AEROSPOOL WT-9 Dynamic,L1P,L
3FF0B5,D-MILV,BREZ,AEROSTYLE Breezer,L1P,L
3FF1B5,D-MPRS,BREZ,AEROSTYLE Breezer,L1P,L
3FF2B5,D-MGLS,GYRO,,G0-,-
3FF3B5,D-MOTG,EV97,EVEKTRO EV-97 EuroStar,L1P,L
3FF4B5,D-MLTM,COY2,RANS Coyote 2,L1P,L
3FF5B5,D-MANS,PARA,,P0-,-
3FF6B5,D-MWEU,C42,IKARUS C-42 Bison,L1P,L
4008B5,G-EUPU,A319,AIRBUS A-319,L2J,M
400AB5,G-BONC,P28T,PIPER PA-28RT-201,L1P,L
400CB5,G-RVRB,PA34,PIPER PA-34 Seneca,L2P,L
400DB5,G-ENHP,EN48,ENSTROM TH-28,H1T,L
400EB5,G-BYYB,G115,GROB G-115,L1P,L
400FB5,G-LLMW,DA42,DIAMOND DA-42 Guardian,L2P,L
4012B5,G-LUBY,JAB4,JABIRU J200-450,L1P,L
4013B5,G-SKSW,SKRA,BEST OFF Sky Ranger,L1P,L
4018B5,G-AYJA,DR10,CENTRE EST Ambassadeur,L1P,L
401AB5,G-BBDM,AA5,AMERICAN AA-5 Tiger,L1P,L
401BB5,G-BCWK,RF3,FOURNIER RF-3,L1P,L
401CB5,G-BEZC,AA5,AMERICAN AA-5 Tiger,L1P,L
401DB5,G-HFCL,C152,CESSNA 152,L1P,L
401EB5,G-BHZK,AA5,AMERICAN AA-5 Tiger,L1P,L
4022B5,G-POPE,PK20,PIK 20E,L1P,L
4025B5,G-BFPR,PA25,PIPER PA-25 Pawnee,L1P,L
4026B5,G-MNMY,ULAC,,L0-,-
402AB5,G-RARB,C172,CESSNA 172 Skyhawk,L1P,L
402CB5,G-KFOX,FOX,KITFOX,L1P,L
402FB5,G-BROO,L8,LUSCOMBE 8,L1P,L
4031B5,G-MWIU,ULAC,,L0-,-
4033B5,G-BTHX,BALL,,B0-,-
403AB5,G-BWEB,JPRO,BAC P-84 Jet Provost,L1J,L
403BB5,G-BWRC,ULAC,,L0-,-
403DB5,G-BXII,EUPA,Europa,L1P,L
403FB5,G-MZME,ULAC,,L0-,-
4041B5,G-SKYO,RF6,FOURNIER RF-6,L1P,L
4042B5,G-SMBM,ULAC,,L0-,-
4045B5,G-POGO,FDCT,FLIGHT DESIGN CT,L1P,L
4048B5,G-CBZT,ULAC,,L0-,-
404AB5,G-SLNW,R22,ROBINSON R-22 Mariner,H1P,L
404CB5,G-CDCR,SVNH,AEROTEC Savannah,L1P,L
404DB5,G-CSKW,RV7,VANS RV-7,L1P,L
404FB5,G-GCUF,DR40,ROBIN DR-400,L1P,L
4055B5,G-DEPF,GLID,,L0-,-
4057B5,G-CJWJ,GLID,,L0-,-
4058B5,G-CJSS,GLID,,L0-,-
405CB5,G-PHYZ,JAB4,JABIRU J200-450,L1P,L
405DB5,G-CFYH,GLID,,L0-,-
405EB5,G-SPCZ,CRUZ,CSA PS-28 Cruiser,L1P,L
4062B5,G-KIMH,MT,ROTORSPORT MTOSport,G1P,L
4063B5,G-TYPH,B462,BRITISH AEROSPACE 146-200 Quiet Trader,L4J,M
4065B5,G-NIME,T206,CESSNA T206 Turbo Stationair,L1P,L
406CB5,G-HCEN,G2CA,GUIMBAL G-2 Cabri,H1P,L
406DB5,G-CIMK,ULAC,,L0-,-
406EB5,G-KAYD,ST75,STEARMAN Kaydet,L1P,L
406FB5,G-PRBB,GLID,,L0-,-
4070B5,G-GBHB,TOBA,SOCATA Tobago,L1P,L
4071B5,G-CJJI,RJ1H,AVRO RJ-100 Avroliner,L4J,M
4072B5,G-CJYM,BALL,,B0-,-
4073B5,G-GARE,C56X,CESSNA 560XL Citation XLS,L2J,M
4074B5,G-UZHE,A20N,AIRBUS A-320neo,L2J,M
4075B5,G-MROS,PIAT,PIPISTREL Alpha Trainer,L1P,L
4077B5,G-CLDM,SKRA,BEST OFF Sky Ranger,L1P,L
4078B5,G-LCTG,P28A,PIPER PA-28-140/150/160/180,L1P,L
407DB5,G-HFAV,P28A,PIPER PA-28-140/150/160/180,L1P,L
4241B5,VP-CRO,GLF5,GULFSTREAM 5,L2J,M
4247B5,VP-CGZ,A320,AIRBUS A-320,L2J,M
4249B5,VQ-BIV,A320,AIRBUS A-320,L2J,M
424BB5,M-ABOG,B738,BOEING 737-800,L2J,M
43BEB5,VP-BVF,A321,AIRBUS A-321,L2J,M
43C2B5,ZZ419,B350,BEECHCRAFT Super King Air 350,L2T,M
43C8B5,ZM302,G12T,GROB G-120TP,L1T,L
43E9B5,M-FRZN,CL60,BOMBARDIER CL-600 Challenger,L2J,M
43EBB5,2-MOVE,B733,BOEING 737-300,L2J,M
4401B5,OE-9507,GLID,,L0-,-
4403B5,OE-XHK,R44,ROBINSON R-44 Raven,H1P,L
4404B5,OE-BXN,AS50,AEROSPATIALE AS-350 Ecureuil,H1T,L
4406B5,OE-9513,DG1T,DG FLUGZEUGBAU DG-1001T,L1P,L
4408B5,OE-FWD,C510,CESSNA 510 Citation Mustang,L2J,L
44B9B5,OO-NMU,P46T,PIPER PA-46-500TP,L1T,L
44D1B5,OO-TMU,P28A,PIPER PA-28-140/150/160/180,L1P,L
44E6B5,OO-YUU,DUOD,SCHEMPP-HIRTH Duo Discus,L1P,L
4586B5,OY-AUU,C172,CESSNA 172 Skyhawk,L1P,L
458AB5,OY-BVV,BE33,BEECH 33 Bonanza,L1P,L
45CAB5,OY-RUU,A321,AIRBUS A-321,L2J,M
45E1B5,OY-XMU,G109,GROB G-109,L1P,L
463DB5,OH-XJP,LNC2,LANCAIR 200-320,L1P,L
464AB5,OH-U645,ZEPH,ATEC Zephyr,L1P,L
4684B5,SX-AEU,DA40,DIAMOND DA-40 Club Star,L1P,L
4702B5,HA-BAR,DV20,DIAMOND DA-20,L1P,L
4731B5,HA-SVL,C150,CESSNA 150,L1P,L
477FB5,21,Z42,ZLIN Z-42/142/242,L1P,L
4785B5,LN-BIF,FA62,FAIRCHILD M-26 Cornell,L1P,L
4786B5,LN-TSE,C150,CESSNA 150,L1P,L
4787B5,LN-OSX,AS50,AEROSPATIALE AS-350 Ecureuil,H1T,L
47C9B5,LN-LNV,B789,BOEING 787-9 Dreamliner,L2J,H
4804B5,J-879,F16,GENERAL DYNAMICS F-16 Fighting Falcon,L1J,M
4844B5,P4-PKZ,CL60,BOMBARDIER CL-600 Challenger,L2J,M
4846B5,GND,GND,,V0-,-
4847B5,PH-VFC,P28A,PIPER PA-28-140/150/160/180,L1P,L
4849B5,PH-790,GLID,,L0-,-
484AB5,PH-WUR,SKAR,III Sky Arrow,L1P,L
484BB5,PH-666,GLID,,L0-,-
484CB5,PH-BGN,B737,BOEING 737-700,L2J,M
484EB5,PH-VLH,V500,REVOLUTION Voyager 500,H1P,L
4851B5,PH-1HV,ZZZZ,,-0-,-
4853B5,PH-1OL,ZZZZ,,-0-,-
4854B5,PH-1YH,ZZZZ,,-0-,-
4855B5,PH-2KH,ZZZZ,,-0-,-
4856B5,PH-2VK,ZZZZ,,-0-,-
485BB5,PH-IIX,RV12,VANS RV-12,L1P,L
48CAB5,SP-TZZ,Z42,ZLIN Z-42/142/242,L1P,L
48D6B5,SP-ZZZ,P68,PARTENAVIA P-68 Observer,L2P,L
48DDB5,SP-YNZ,MG15,MIKOYAN MiG-15,L1J,L
48FDB5,SP-XENZ,ULAC,,L0-,-
4948B5,CS-REU,GLEX,BOMBARDIER BD-700 Global 6000/6500,L2J,M
4951B5,CS-TMU,B190,BEECH 1900,L2T,M
497CB5,29705,A119,AGUSTA AW-119 Koala,H1T,L
4984B5,0481,C295,CASA C-295 Persuader,L2T,M
49C0B5,OK-SUU38,KP5,JIHLAVAN KP-5 Skyleader,L1P,L
49D0B5,OK-MPM,PAY3,PIPER PA-42-720 Cheyenne 3,L2T,L
49D2B5,OK-ZUZ,M20P,MOONEY M-20,L1P,L
49D3B5,OK-HBP,R44,ROBINSON R-44 Raven,H1P,L
49D4B5,OK-ATB,B36T,BEECH 36 Turbine Bonanza,L1T,L
49E8B5,OK-ZEU,FA24,FAIRCHILD F-24 Argus,L1P,L
4A56B5,YR-UUU,R44,ROBINSON R-44 Raven,H1P,L
4A7FB5,YR-5644,ULAC,,L0-,-
4A9DB5,SE-GMU,C172,CESSNA 172 Skyhawk,L1P,L
4AC8B5,SE-REU,B737,BOEING 737-700,L2J,M
4AD5B5,SE-UMU,GLID,,L0-,-
4ADAB5,SE-VUU,C42,IKARUS C-42 Bison,L1P,L
4AE9B5,SE-ZMU,BALL,,B0-,-
4B18B5,HB-JJH,B737,BOEING 737-700,L2J,M
4B1EB5,HB-LQJ,PA34,PIPER PA-34 Seneca,L2P,L
4B28B5,HB-PKV,P28T,PIPER PA-28RT-201,L1P,L
4B2BB5,HB-QOJ,BALL,,B0-,-
4B31B5,HB-SVL,D11,JODEL D-11x/12x,L1P,L
4B33B5,HB-TPD,C172,CESSNA 172 Skyhawk,L1P,L
4B3AB5,HB-WGB,GYRO,,G0-,-
4B3FB5,HB-YDH,BX2,BRANDLI Cherry,L1P,L
4B40B5,HB-YND,GLST,GLASAIR SH-4 GlaStar,L1P,L
4B42B5,HB-ZGV,AS50,AEROSPATIALE AS-350 Ecureuil,H1T,L
4B4BB5,HB-1806,DISC,SCHEMPP-HIRTH Discus,L1P,L
4B51B5,HB-3342,DISC,SCHEMPP-HIRTH Discus,L1P,L
4B7FB5,A-935,PC7,PILATUS PC-7 Astra,L1T,L
4BBCB5,TC-OEU,DV20,DIAMOND DA-20,L1P,L
4BCCB5,TC-SEU,B738,BOEING 737-800,L2J,M
4BCEB5,TC-SUU,B738,BOEING 737-800,L2J,M
4BD4B5,TC-UEU,P208,TECNAM P-2008,L1P,L
4BEAB5,TC-ZUU,PA36,PIPER PA-36 Pawnee Brave,L1P,L
4C0DB5,YU-DNV,PA38,PIPER PA-38 Tomahawk,L1P,L
4CA7B5,EI-EFZ,B738,BOEING 737-800,L2J,M
4CACB5,EI-SIB,A20N,AIRBUS A-320neo,L2J,M
4CADB5,EI-HJK,B738,BOEING 737-800,L2J,M
4CAFB5,EI-GSI,B738,BOEING 737-800,L2J,M
4D02B5,LX-JFY,PC12,PILATUS PC-12,L1T,L
4D21B5,9H-GKM,C56X,CESSNA 560XL Citation XLS,L2J,M
4D22B5,9H-LON,A320,AIRBUS A-320,L2J,M
4D23B5,9H-AJC,A320,AIRBUS A-320,L2J,M
5000B5,T7-LLS,B429,BELL 429 GlobalRanger,H2T,L
5002B5,T7-MCDAN,CL60,BOMBARDIER CL-600 Challenger,L2J,M
504DB5,SERV,SERV,,V0-,-
505DB5,OM-TMK,SD4,TOMARK Viper,L1P,L
5140B5,4L-GKL,A333,AIRBUS A-330-300,L2J,H
70C0B5,A4O-CG,A139,AGUSTA AW-139,H2T,L
7100B5,HZ-AQ11,A333,AIRBUS A-330-300,L2J,H
7103B5,4106,B350,BEECHCRAFT Super King Air 350,L2T,M
7105B5,HZ-XF4,DA40,DIAMOND DA-40 Club Star,L1P,L
717CB5,HZ-HM95,A139,AGUSTA AW-139,H2T,L
7394B5,4X-ODN,SKRA,BEST OFF Sky Ranger,L1P,L
7504B5,9M-RAT,A20N,AIRBUS A-320neo,L2J,M
7580B5,RP-C3143,EC35,AIRBUS HELICOPTERS EC-135/635,H2T,L
7609B5,AP-BMU,B733,BOEING 737-300,L2J,M
76CDB5,9V-SMU,A359,AIRBUS A-350-900,L2J,H
7800B5,B-3647,C525,CESSNA 525 CitationJet,L2J,L
7801B5,B-HLV,A333,AIRBUS A-330-300,L2J,H
7802B5,B-5180,B738,BOEING 737-800,L2J,M
7804B5,B-6368,A321,AIRBUS A-321,L2J,M
7805B5,B-6589,A320,AIRBUS A-320,L2J,M
7806B5,B-6520,A333,AIRBUS A-330-300,L2J,H
7807B5,B-3925,LJ60,LEARJET 60,L2J,M
7808B5,B-5673,B738,BOEING 737-800,L2J,M
7809B5,B-5708,B738,BOEING 737-800,L2J,M
780AB5,B-LEB,A321,AIRBUS A-321,L2J,M
780CB5,B-5955,A332,AIRBUS A-330-200,L2J,H
780DB5,B-1788,B738,BOEING 737-800,L2J,M
780EB5,B-8186,A320,AIRBUS A-320,L2J,M
780FB5,B-8493,A320,AIRBUS A-320,L2J,M
7810B5,B-8845,A320,AIRBUS A-320,L2J,M
7811B5,B-1471,B738,BOEING 737-800,L2J,M
7812B5,B-1029,A320,AIRBUS A-320,L2J,M
7813B5,B-1090,A21N,AIRBUS A-321neo,L2J,M
7814B5,B-301G,A20N,AIRBUS A-320neo,L2J,M
7815B5,B-602W,AJ27,COMAC ARJ-21-700 Xiangfeng,L2J,M
7816B5,B-308M,A359,AIRBUS A-350-900,L2J,H
7817B5,B-30AJ,A20N,AIRBUS A-320neo,L2J,M
781AB5,B-124Q,DA42,DIAMOND DA-42 Guardian,L2P,L
781BB5,B-324F,A20N,AIRBUS A-320neo,L2J,M
781DB5,B-329T,A20N,AIRBUS A-320neo,L2J,M
7C01B5,VH-AMF,C206,CESSNA  206 Stationair,L1P,L
7C05B5,VH-BEV,PC12,PILATUS PC-12,L1T,L
7C0AB5,VH-CEF,BE33,BEECH 33 Bonanza,L1P,L
7C0DB5,VH-CZR,C206,CESSNA  206 Stationair,L1P,L
7C14B5,VH-EDJ,JAB4,JABIRU J200-450,L1P,L
7C15B5,VH-EKN,L39,LET L-39 Albatros,L1J,L
7C1CB5,VH-FYF,SR22,CIRRUS SR-22,L1P,L
7C2AB5,VH-IPZ,S92,SIKORSKY S-92 Helibus,H2T,M
7C2DB5,VH-JBB,GLAS,Glasair,L1P,L
7C2EB5,VH-JIF,C172,CESSNA 172 Skyhawk,L1P,L
7C2FB5,VH-JPJ,BE36,BEECH 36 Bonanza,L1P,L
7C32B5,VH-KAV,AC50,NORTH AMERICAN ROCKWELL Commander 500,L2P,L
7C37B5,VH-LAF,AS32,AEROSPATIALE AS-332 Super Puma,H2T,M
7C38B5,VH-LHJ,A109,AGUSTA AW-109 Grand,H2T,L
7C39B5,VH-LON,GL7T,BOMBARDIER BD-700 Global 7000/7500,L2J,M
7C3FB5,VH-MVB,PA31,PIPER PA-31-300/310/325/350/425,L2P,L
7C43B5,VH-NNR,M20P,MOONEY M-20,L1P,L
7C44B5,VH-NUV,F70,FOKKER 70,L2J,M
7C4CB5,VH-PFR,SR22,CIRRUS SR-22,L1P,L
7C4EB5,VH-PTZ,G202,AKROTECH G-202,L1P,L
7C5BB5,VH-SEF,E190,EMBRAER ERJ-190-100,L2J,M
7C5CB5,VH-SLJ,LJ35,LEARJET 35,L2J,M
7C63B5,VH-TZB,C172,CESSNA 172 Skyhawk,L1P,L
7C66B5,VH-UKN,GLID,,L0-,-
7C67B5,VH-URR,CL60,BOMBARDIER CL-600 Challenger,L2J,M
7C68B5,VH-UYV,AEST,AEROSTAR 600,L2P,L
7C6DB5,VH-VYF,B738,BOEING 737-800,L2J,M
7C6FB5,VH-WCN,PA32,PIPER PA-32,L1P,L
7C79B5,VH-YBR,DA42,DIAMOND DA-42 Guardian,L2P,L
7C7AB5,VH-YIV,B738,BOEING 737-800,L2J,M
7C7FB5,VH-ZIF,GLST,GLASAIR SH-4 GlaStar,L1P,L
7C80B5,VH-ZPJ,C172,CESSNA 172 Skyhawk,L1P,L
7CBBB5,19-3360,ZEPH,ATEC Zephyr,L1P,L
7CC3B5,24-5353,JAB4,JABIRU J200-450,L1P,L
7CF9B5,N48-022,H60,SIKORSKY UH-60 Black Hawk,H2T,M
8002B5,H2376,A748,AVRO 748,L2T,M
8006B5,VT-OFZ,C172,CESSNA 172 Skyhawk,L1P,L
8007B5,VT-AML,E135,EMBRAER ERJ-135,L2J,M
800BB5,VT-ITI,A20N,AIRBUS A-320neo,L2J,M
800CB5,VT-WGO,A20N,AIRBUS A-320neo,L2J,M
800DB5,VT-TGH,B738,BOEING 737-800,L2J,M
8013B5,VT-IJV,A20N,AIRBUS A-320neo,L2J,M
8405B5,JA01JP,HDJT,HONDA HondaJet,L2J,L
8463B5,JA12VA,A320,AIRBUS A-320,L2J,M
8469B5,JA14DB,BE58,BEECH 58 Baron,L2P,L
8681B5,JA73NP,B738,BOEING 737-800,L2J,M
868DB5,JA771F,B77L,BOEING 777-200LR,L2J,H
86D5B5,JA8229,C208,CESSNA 208 Caravan,L1T,L
8832B5,HS-LUU,B738,BOEING 737-800,L2J,M
8850B5,HS-TEU,A333,AIRBUS A-330-300,L2J,H
8880B5,VN-A606,A321,AIRBUS A-321,L2J,M
8940B5,A9C-DHU,B763,BOEING 767-300,L2J,H
8961B5,A6-ADB,DH8C,DE HAVILLAND DHC-8-300 Dash 8,L2T,M
8963B5,A6-FES,B738,BOEING 737-800,L2J,M
8964B5,A6-EVG,A388,AIRBUS A-380-800,L4J,H
8965B5,A6-FMY,B38M,BOEING 737 MAX 8,L2J,M
8990B5,B-16219,A321,AIRBUS A-321,L2J,M
8991B5,B-18307,A333,AIRBUS A-330-300,L2J,H
8A06B5,PK-LQL,B38M,BOEING 737 MAX 8,L2J,M
A001B5,N1TK,LJ45,LEARJET 45,L2J,M
A003B5,N10PW,BE36,BEECH 36 Bonanza,L1P,L
A005B5,N100LG,P28B,PIPER PA-28-201T/235/236,L1P,L
A006B5,N100WN,LJ25,LEARJET 25,L2J,L
A008B5,N101CZ,P28R,PIPER PA-28R-180/200/201,L1P,L
A009B5,N101PE,G44,GRUMMAN G-44 Widgeon,A2P,L
A00AB5,N101ZL,BALL,,B0-,-
A00BB5,N10167,M20P,MOONEY M-20,L1P,L
A00DB5,N102SC,PARA,,P0-,-
A012B5,N10332,COL4,CESSNA 400 Corvalis TT,L1P,L
A013B5,N104BM,DHC3,DE HAVILLAND DHC-3 Otter,L1P,L
A014B5,N104MT,FA7X,DASSAULT Falcon 7X,L3J,M
A016B5,N10455,C150,CESSNA 150,L1P,L
A01AB5,N10578,ULAC,,L0-,-
A01BB5,N106HH,UH12,HILLER UH-12,H1P,L
A01FB5,N107LF,,,,
A020B5,N107WM,,,,
A021B5,N10743,,,,
A025B5,N10866,TTWO,PARKER Teenie Two,L1P,L
A027B5,N109SB,SBR1,NORTH AMERICAN Sabre 40/50/60/65,L2J,M
A029B5,N10989,CH7B,BELLANCA 7 Citabria,L1P,L
A02AB5,N11JU,P28R,PIPER PA-28R-180/200/201,L1P,L
A02BB5,N11V,C175,CESSNA 175 Skylark,L1P,L
A02CB5,N110FE,B763,BOEING 767-300,L2J,H
A02DB5,N110RL,P337,CESSNA P337 Skymaster,L2P,L
A02EB5,N1101G,M20P,MOONEY M-20,L1P,L
A02FB5,N1108T,SR20,CIRRUS SR-20,L1P,L
A030B5,N111JC,,,,
A037B5,N113DT,RV6,VANS RV-6,L1P,L
A03DB5,N1142H,AR15,AERONCA 15 Sedan,L1P,L
A03EB5,N1149U,M20P,MOONEY M-20,L1P,L
A045B5,N1166P,PA23,PIPER PA-23,L2P,L
A047B5,N117RK,P28R,PIPER PA-28R-180/200/201,L1P,L
A048B5,N1171F,C172,CESSNA 172 Skyhawk,L1P,L
A049B5,N1178S,GLID,,L0-,-
A050B5,N1195M,C182,CESSNA 182 Skylane,L1P,L
A051B5,N12DS,RV4,VANS RV-4,L1P,L
A052B5,N12PY,BABY,CANADIAN HOME ROTORS Baby Belle,H1P,L
A057B5,N121DA,S22T,CIRRUS SR-22T Turbo,L1P,L
A058B5,N121PG,RV7,VANS RV-7,L1P,L
A05AB5,N12169,C172,CESSNA 172 Skyhawk,L1P,L
A05DB5,N12211,C172,CESSNA 172 Skyhawk,L1P,L
A063B5,N124MV,C750,CESSNA 750 Citation 10,L2J,M
A065B5,N12457,WACC,WACO C/S,L1P,L
A069B5,N1258,,,,
A06AB5,N126HK,B26,DOUGLAS A-26 Invader,L2P,M
A06CB5,N12622,C172,CESSNA 172 Skyhawk,L1P,L
A06DB5,N127AB,AS50,AEROSPATIALE AS-350 Ecureuil,H1T,L
A06FB5,N127WP,,,,
A070B5,N12745,C172,CESSNA 172 Skyhawk,L1P,L
A072B5,N128PF,SR22,CIRRUS SR-22,L1P,L
A074B5,N12868,C177,CESSNA  177 Cardinal,L1P,L
A076B5,N129SD,H500,HUGHES 500,H1T,L
A078B5,N1299A,RV8,VANS RV-8,L1P,L
A07DB5,N1301J,AC11,NORTH AMERICAN ROCKWELL Commander 112/114,L1P,L
A07FB5,N131JE,GLF4,GULFSTREAM 4,L2J,M
A082B5,N132AX,BALL,,B0-,-
A086B5,N133DV,T33,LOCKHEED T-33,L1J,M
A088B5,N1330G,T206,CESSNA T206 Turbo Stationair,L1P,L
A089B5,N1337T,P28A,PIPER PA-28-140/150/160/180,L1P,L
A091B5,N136CH,RV4,VANS RV-4,L1P,L
A094B5,N1366R,AA5,AMERICAN AA-5 Tiger,L1P,L
A096B5,N137RM,BE20,BEECH 200 Super King Air,L2T,M
A09DB5,N139MB,CL60,BOMBARDIER CL-600 Challenger,L2J,M
A0A1B5,N14Q,MOSP,MONG Sport,L1P,L
A0A4B5,N140WS,EC30,AIRBUS HELICOPTERS EC-130,H1T,L
A0A5B5,N14048,WACD,WACO D,L1P,L
A0A6B5,N141DC,R44,ROBINSON R-44 Raven,H1P,L
A0B1B5,N144BR,L8,LUSCOMBE 8,L1P,L
A0B5B5,N145EP,E145,EMBRAER ERJ-145,L2J,M
A0B7B5,N14501,GLID,,L0-,-
A0B8B5,N1458B,L8,LUSCOMBE 8,L1P,L
A0BDB5,N147LK,SR22,CIRRUS SR-22,L1P,L
A0BFB5,N14747,BL17,BELLANCA 17 Viking,L1P,L
A0C3B5,N1487,DHC2,DE HAVILLAND DHC-2 Beaver,L1P,L
A0C4B5,N149G,BE35,BEECH 35 Starfire Bonanza,L1P,L
A0C5B5,N149SF,B190,BEECH 1900,L2T,M
A0C7B5,N1499C,C177,CESSNA  177 Cardinal,L1P,L
A0CAB5,N150FJ,C150,CESSNA 150,L1P,L
A0CCB5,N1501L,B47G,BELL 47G,H1P,L
A0D1B5,N152AZ,C152,CESSNA 152,L1P,L
A0D2B5,N152ME,C82S,CESSNA T182 Turbo Skylane,L1P,L
A0D7B5,N1530J,P28A,PIPER PA-28-140/150/160/180,L1P,L
A0D8B5,N1537V,DHC2,DE HAVILLAND DHC-2 Beaver,L1P,L
A0DAB5,N154TA,,,,
A0DBB5,N1542M,C182,CESSNA 182 Skylane,L1P,L
A0E5B5,N157RP,EFOX,AEROPRO Eurofox,L1P,L
A0E6B5,N1571K,L8,LUSCOMBE 8,L1P,L
A0ECB5,N159MD,BE35,BEECH 35 Starfire Bonanza,L1P,L
A0EEB5,N1595R,AA5,AMERICAN AA-5 Tiger,L1P,L
A0F4B5,N1605,B763,BOEING 767-300,L2J,H
A0F5B5,N161DE,P28A,PIPER PA-28-140/150/160/180,L1P,L
A0F6B5,N161PL,E50P,EMBRAER EMB-500 Phenom 100,L2J,L
A0F8B5,N1617C,C180,CESSNA  180 Skywagon,L1P,L
A0F9B5,N162GC,BE20,BEECH 200 Super King Air,L2T,M
A0FAB5,N162SJ,EXEC,ROTORWAY Exec,H1P,L
A0FCB5,N1629F,C172,CESSNA 172 Skyhawk,L1P,L
A107B5,N1658D,C170,CESSNA 170,L1P,L
A109B5,N166TV,R66,ROBINSON R-66,H1T,L
A10FB5,N168DD,RV6,VANS RV-6,L1P,L
A110B5,N168PK,GLF5,GULFSTREAM 5,L2J,M
A112B5,N1687B,L11,TEMCO Sedan,L1P,L
A114B5,N169SH,LGEZ,RUTAN Long-EZ,L1P,L
A118B5,N17VF,RV10,VANS RV-10,L1P,L
A11AB5,N170RS,C170,CESSNA 170,L1P,L
A11CB5,N1708Z,C336,CESSNA 336 Skymaster,L2P,L
A11FB5,N1713R,C82R,CESSNA R182 Skylane RG,L1P,L
A120B5,N172BA,C172,CESSNA 172 Skyhawk,L1P,L
A124B5,N173DZ,B763,BOEING 767-300,L2J,H
A129B5,N174TC,RV7,VANS RV-7,L1P,L
A12AB5,N1742P,RS12,RANS S-12 Super Airaile,L1P,L
A12BB5,N17490,,,,
A12DB5,N175WA,PC12,PILATUS PC-12,L1T,L
A12FB5,N176CM,PA44,PIPER PA-44 Seminole,L2P,L
A132B5,N1766V,C172,CESSNA 172 Skyhawk,L1P,L
A135B5,N1771M,C182,CESSNA 182 Skylane,L1P,L
A136B5,N1778Y,P28A,PIPER PA-28-140/150/160/180,L1P,L
A140B5,N180AJ,C180,CESSNA  180 Skywagon,L1P,L
A142B5,N180WW,C180,CESSNA  180 Skywagon,L1P,L
A147B5,N1817E,C172,CESSNA 172 Skyhawk,L1P,L
A148B5,N182GE,C182,CESSNA 182 Skylane,L1P,L
A149B5,N182SL,C182,CESSNA 182 Skylane,L1P,L
A152B5,N1846C,C170,CESSNA 170,L1P,L
A153B5,N185ET,C185,CESSNA 185 Skywagon,L1P,L
A155B5,N18505,C150,CESSNA 150,L1P,L
A156B5,N1858F,DR1,FOKKER Dr-1,L1P,L
A159B5,N18628,C150,CESSNA 150,L1P,L
A15DB5,N1875A,GLF6,GULFSTREAM G650,L2J,M
A15EB5,N188DF,C425,CESSNA 425 Corsair,L2T,L
A164B5,N18916,SR22,CIRRUS SR-22,L1P,L
A166B5,N19KB,H25B,HAWKER BEECHCRAFT Hawker 750/850,L2J,M
A167B5,N19VH,R22,ROBINSON R-22 Mariner,H1P,L
A16EB5,N1913T,P28A,PIPER PA-28-140/150/160/180,L1P,L
A17DB5,N1954U,C185,CESSNA 185 Skywagon,L1P,L
A17EB5,N196CP,T206,CESSNA T206 Turbo Stationair,L1P,L
A17FB5,N196NV,A320,AIRBUS A-320,L2J,M
A182B5,N197FM,BE33,BEECH 33 Bonanza,L1P,L
A184B5,N1971P,,,,
A185B5,N19780,AERK,AERONCA Sea Scout,L1P,L
A18AB5,N199MH,BE20,BEECH 200 Super King Air,L2T,M
A18BB5,N199XP,C750,CESSNA 750 Citation 10,L2J,M
A18CB5,N1995V,C120,CESSNA 120,L1P,L
A18DB5,N2E,GLF6,GULFSTREAM G650,L2J,M
A18EB5,N2QF,P337,CESSNA P337 Skymaster,L2P,L
A18FB5,N20AL,,,,
A190B5,N20LS,R44,ROBINSON R-44 Raven,H1P,L
A191B5,N20WY,B06,BELL 206 JetRanger,H1T,L
A192B5,N200HC,SR22,CIRRUS SR-22,L1P,L
A194B5,N2002V,TF19,TAYLORCRAFT F-19 Sportsman,L1P,L
A195B5,N20096,J2,PIPER J-2 Cub,L1P,L
A197B5,N201WG,M20P,MOONEY M-20,L1P,L
A198B5,N2014Y,SR20,CIRRUS SR-20,L1P,L
A19CB5,N20261,J3,PIPER J-3 Cub,L1P,L
A1A0B5,N20384,C172,CESSNA 172 Skyhawk,L1P,L
A1A1B5,N204JP,,,,
A1A3B5,N2043W,BALL,,B0-,-
A1A4B5,N205BF,M20P,MOONEY M-20,L1P,L
A1A7B5,N2055Z,C150,CESSNA 150,L1P,L
A1ABB5,N20672,S92,SIKORSKY S-92 Helibus,H2T,M
A1ACB5,N207HB,BE20,BEECH 200 Super King Air,L2T,M
A1AFB5,N20795,CAMP,GREGA GN-1 Aircamper,L1P,L
A1B1B5,N208WF,C208,CESSNA 208 Caravan,L1T,L
A1B2B5,N2084X,C182,CESSNA 182 Skylane,L1P,L
A1B3B5,N209CS,T206,CESSNA T206 Turbo Stationair,L1P,L
A1B8B5,N21RW,BE95,BEECH 95 Travel Air,L2P,L
A1BAB5,N210NG,LGEZ,RUTAN Long-EZ,L1P,L
A1BFB5,N2111A,P32R,PIPER PA-32R-300/301/301T,L1P,L
A1C0B5,N2118M,J3,PIPER J-3 Cub,L1P,L
A1C3B5,N2123D,BE35,BEECH 35 Starfire Bonanza,L1P,L
A1C7B5,N2135G,C150,CESSNA 150,L1P,L
A1C8B5,N214DM,BE95,BEECH 95 Travel Air,L2P,L
A1C9B5,N214PT,RV4,VANS RV-4,L1P,L
A1CBB5,N2147K,PA32,PIPER PA-32,L1P,L
A1CDB5,N215SR,SR20,CIRRUS SR-20,L1P,L
A1CEB5,N2152B,L8,LUSCOMBE 8,L1P,L
A1D2B5,N2164E,A320,AIRBUS A-320,L2J,M
A1D3B5,N217C,C185,CESSNA 185 Skywagon,L1P,L
A1D6B5,N2176H,ERCO,AIR PRODUCTS F-1 Aircoupe,L1P,L
A1D8B5,N218RD,DHC2,DE HAVILLAND DHC-2 Beaver,L1P,L
A1DAB5,N2188L,,,,
A1DDB5,N2193C,C195,CESSNA 195,L1P,L
A1DFB5,N22LU,ONEX,SONEX Onex,L1P,L
A1E0B5,N22X,BE35,BEECH 35 Starfire Bonanza,L1P,L
A1E3B5,N2202X,PA44,PIPER PA-44 Seminole,L2P,L
A1E4B5,N22098,L8,LUSCOMBE 8,L1P,L
A1E5B5,N221LC,C680,CESSNA 680 Citation Sovereign,L2J,M
A1E7B5,N22140,T6,NORTH AMERICAN T-6 Texan,L1P,L
A1E9B5,N222PA,C150,CESSNA 150,L1P,L
A1EFB5,N22386,AR65,AERONCA 65 Super Chief,L1P,L
A1F0B5,N224JR,AS24,SCHLEICHER ASW-24,L1P,L
A1F2B5,N2243Y,C177,CESSNA  177 Cardinal,L1P,L
A1F3B5,N225BH,BE99,BEECH 99 Airliner,L2T,L
A1F4B5,N225MP,DRON,,D0-,-
A1F9B5,N2260T,C82R,CESSNA R182 Skylane RG,L1P,L
A200B5,N228WH,C750,CESSNA 750 Citation 10,L2J,M
A206B5,N23FS,RV3,VANS RV-3,L1P,L
A208B5,N230CC,PA18,PIPER PA-18 Super Cub,L1P,L
A20CB5,N231FA,M20P,MOONEY M-20,L1P,L
A20EB5,N2311C,C180,CESSNA  180 Skywagon,L1P,L
A20FB5,N2318P,BD4,BEDE BD-4,L1P,L
A216B5,N2335J,BE23,BEECH 23 Sundowner,L1P,L
A217B5,N234DP,CL30,BOMBARDIER BD-100 Challenger 300,L2J,M
A219B5,N2340A,BE36,BEECH 36 Bonanza,L1P,L
A21CB5,N235ST,GLID,,L0-,-
A21DB5,N2352D,C170,CESSNA 170,L1P,L
A221B5,N2364G,C182,CESSNA 182 Skylane,L1P,L
A222B5,N237CB,ULAC,,L0-,-
A229B5,N2388N,C140,CESSNA 140,L1P,L
A22EB5,N24LW,RV6,VANS RV-6,L1P,L
A233B5,N241,ZZZZ,,-0-,-
A235B5,N241WL,ULAC,,L0-,-
A23CB5,N243SA,PA22,PIPER PA-22,L1P,L
A23DB5,N2431X,C82S,CESSNA T182 Turbo Skylane,L1P,L
A23FB5,N244JT,E300,EXTRA EA-300/330/350,L1P,L
A241B5,N24430,TAYB,TAYLORCRAFT BC/BF/BL,L1P,L
A242B5,N245BK,G280,GULFSTREAM G280,L2J,M
A244B5,N245XX,MI8,MIL Mi-8/9/17/19/171/172,H2T,M
A245B5,N24553,C152,CESSNA 152,L1P,L
A248B5,N2460V,PA36,PIPER PA-36 Pawnee Brave,L1P,L
A249B5,N24676,BE23,BEECH 23 Sundowner,L1P,L
A24CB5,N2472Y,BE36,BEECH 36 Bonanza,L1P,L
A256B5,N25S,RV4,VANS RV-4,L1P,L
A25AB5,N2506N,C140,CESSNA 140,L1P,L
A261B5,N2523H,ERCO,AIR PRODUCTS F-1 Aircoupe,L1P,L
A262B5,N253AT,PA44,PIPER PA-44 Seminole,L2P,L
A265B5,N2535L,COL4,CESSNA 400 Corvalis TT,L1P,L
A26CB5,N2552F,CH7A,BELLANCA 7 Champion,L1P,L
A26DB5,N2559S,PA18,PIPER PA-18 Super Cub,L1P,L
A271B5,N257CD,SR20,CIRRUS SR-20,L1P,L
A274B5,N2576M,P28R,PIPER PA-28R-180/200/201,L1P,L
A277B5,N2581D,C170,CESSNA 170,L1P,L
A278B5,N2588Q,P28R,PIPER PA-28R-180/200/201,L1P,L
A279B5,N259J,BE35,BEECH 35 Starfire Bonanza,L1P,L
A27BB5,N2593G,C182,CESSNA 182 Skylane,L1P,L
A27CB5,N26AS,L13M,LET L-13 Blanik,L1P,L
A27DB5,N26LY,ULAC,,L0-,-
A27EB5,N26XD,F260,AERMACCHI SF-260,L1P,L
A281B5,N26021,J3,PIPER J-3 Cub,L1P,L
A282B5,N261AA,BE35,BEECH 35 Starfire Bonanza,L1P,L
A284B5,N261WN,B737,BOEING 737-700,L2J,M
A285B5,N26144,J4,PIPER J-4 Cub Coupe,L1P,L
A287B5,N262PE,T18,THORP Tiger,L1P,L
A28BB5,N263SC,PARA,,P0-,-
A28DB5,N2639,FA24,FAIRCHILD F-24 Argus,L1P,L
A28FB5,N264VA,RV12,VANS RV-12,L1P,L
A292B5,N265MT,,,,
A299B5,N267HH,S22T,CIRRUS SR-22T Turbo,L1P,L
A29BB5,N26720,J3,PIPER J-3 Cub,L1P,L
A2A1B5,N269PD,DRON,,D0-,-
A2A3B5,N26966,B789,BOEING 787-9 Dreamliner,L2J,H
A2A5B5,N27SB,FDCT,FLIGHT DESIGN CT,L1P,L
A2A7B5,N270NN,E75L,EMBRAER ERJ-170-200 (long wing),L2J,M
A2AAB5,N271FE,B763,BOEING 767-300,L2J,H
A2ACB5,N2711G,C182,CESSNA 182 Skylane,L1P,L
A2B1B5,N273AV,CRJ2,BOMBARDIER Regional Jet CRJ-200,L2J,M
A2B4B5,N2735N,C120,CESSNA 120,L1P,L
A2B5B5,N274DT,C25B,CESSNA 525B Citation CJ3,L2J,L
A2B8B5,N2747R,C82S,CESSNA T182 Turbo Skylane,L1P,L
A2C8B5,N279JB,E190,EMBRAER ERJ-190-100,L2J,M
A2CBB5,N28AU,P28A,PIPER PA-28-140/150/160/180,L1P,L
A2CCB5,N28M,BE9L,BEECH 90 King Air,L2T,L
A2CFB5,N280TS,G280,GULFSTREAM G280,L2J,M
A2D0B5,N28023,J3,PIPER J-3 Cub,L1P,L
A2D4B5,N28146,J3,PIPER J-3 Cub,L1P,L
A2D5B5,N282DA,C510,CESSNA 510 Citation Mustang,L2J,L
A2D8B5,N28269,AA5,AMERICAN AA-5 Tiger,L1P,L
A2DBB5,N28311,AA5,AMERICAN AA-5 Tiger,L1P,L
A2DCB5,N2839B,P28A,PIPER PA-28-140/150/160/180,L1P,L
A2DFB5,N28434,AA5,AMERICAN AA-5 Tiger,L1P,L
A2E0B5,N285BP,A109,AGUSTA AW-109 Grand,H2T,L
A2E3B5,N28557,AA5,AMERICAN AA-5 Tiger,L1P,L
A2E6B5,N2860Z,PA22,PIPER PA-22,L1P,L
A2EAB5,N28722,AA5,AMERICAN AA-5 Tiger,L1P,L
A2EBB5,N288AB,PA24,PIPER PA-24 Comanche,L1P,L
A2EDB5,N288WP,RV8,VANS RV-8,L1P,L
A2F4B5,N29SD,P28R,PIPER PA-28R-180/200/201,L1P,L
A2F5B5,N290CJ,C25B,CESSNA 525B Citation CJ3,L2J,L
A2FFB5,N2923M,PA12,PIPER PA-12 Super Cruiser,L1P,L
A301B5,N293MC,LJ24,LEARJET 24,L2J,L
A306B5,N2940G,CH7A,BELLANCA 7 Champion,L1P,L
A308B5,N295GT,C182,CESSNA 182 Skylane,L1P,L
A30AB5,N2952K,L8,LUSCOMBE 8,L1P,L
A315B5,N2981H,GLID,,L0-,-
A316B5,N2988U,C172,CESSNA 172 Skyhawk,L1P,L
A319B5,N2993L,M20P,MOONEY M-20,L1P,L
A31AB5,N3AW,BE30,BEECH 300 Super King Air,L2T,L
A31FB5,N300DZ,DHC6,DE HAVILLAND DHC-6 Twin Otter,L2T,L
A322B5,N3007X,C150,CESSNA 150,L1P,L
A326B5,N30190,P32R,PIPER PA-32R-300/301/301T,L1P,L
A32AB5,N303CM,C303,CESSNA T303 Crusader,L2P,L
A32DB5,N3036V,C150,CESSNA 150,L1P,L
A330B5,N3041M,PA12,PIPER PA-12 Super Cruiser,L1P,L
A333B5,N305UP,B763,BOEING 767-300,L2J,H
A334B5,N3053Q,UH1,BELL UH-1 Huey,H1T,L
A335B5,N306B,BE35,BEECH 35 Starfire Bonanza,L1P,L
A336B5,N306MF,CL30,BOMBARDIER BD-100 Challenger 300,L2J,M
A338B5,N3065T,AT6T,AIR TRACTOR AT-602,L1T,L
A33CB5,N3077W,BE36,BEECH 36 Bonanza,L1P,L
A33DB5,N308GW,H25B,HAWKER BEECHCRAFT Hawker 750/850,L2J,M
A340B5,N3089Z,BE36,BEECH 36 Bonanza,L1P,L
A342B5,N309W,GYRO,,G0-,-
A343B5,N3094R,P32R,PIPER PA-32R-300/301/301T,L1P,L
A347B5,N310KC,C310,CESSNA 310,L2P,L
A349B5,N3104,MUS2,BUSHBY M-2 Mustang 2,L1P,L
A34DB5,N3116C,P32R,PIPER PA-32R-300/301/301T,L1P,L
A351B5,N3128F,C182,CESSNA 182 Skylane,L1P,L
A353B5,N313TX,ULAC,,L0-,-
A355B5,N314AH,KERO,REARWIN Ken-Royce,L1P,L
A359B5,N315DF,RV8,VANS RV-8,L1P,L
A35AB5,N315PM,,,,
A35FB5,N31616,,,,
A360B5,N3169G,T6,NORTH AMERICAN T-6 Texan,L1P,L
A363B5,N31739,P32R,PIPER PA-32R-300/301/301T,L1P,L
A36DB5,N32TW,LNP4,LANCAIR PropJet 4,L1T,L
A370B5,N3200N,BE36,BEECH 36 Bonanza,L1P,L
A373B5,N321TE,FBA2,FOUND FB-2 Bush Hawk,L1P,L
A375B5,N32192,P28A,PIPER PA-28-140/150/160/180,L1P,L
A378B5,N3224U,ZZZZ,,-0-,-
A379B5,N323CP,T206,CESSNA T206 Turbo Stationair,L1P,L
A37AB5,N323NV,A319,AIRBUS A-319,L2J,M
A37CB5,N3236X,C150,CESSNA 150,L1P,L
A37EB5,N324RT,PA23,PIPER PA-23,L2P,L
A37FB5,N3241P,PA23,PIPER PA-23,L2P,L
A380B5,N32480,P28A,PIPER PA-28-140/150/160/180,L1P,L
A383B5,N3253S,C182,CESSNA 182 Skylane,L1P,L
A385B5,N326MH,B105,EUROCOPTER BO-105,H2T,L
A388B5,N327E,BE33,BEECH 33 Bonanza,L1P,L
A38AB5,N3270M,PA12,PIPER PA-12 Super Cruiser,L1P,L
A38BB5,N3277Y,C182,CESSNA 182 Skylane,L1P,L
A38EB5,N3282Q,P28A,PIPER PA-28-140/150/160/180,L1P,L
A391B5,N329WB,S22T,CIRRUS SR-22T Turbo,L1P,L
A392B5,N3294T,C177,CESSNA  177 Cardinal,L1P,L
A398B5,N3304B,PA22,PIPER PA-22,L1P,L
A399B5,N331BX,C310,CESSNA 310,L2P,L
A39AB5,N331NC,PA31,PIPER PA-31-300/310/325/350/425,L2P,L
A39CB5,N3316E,CH7A,BELLANCA 7 Champion,L1P,L
A3A1B5,N333HT,BL8,BELLANCA 8 Decathlon,L1P,L
A3A4B5,N334AK,RV8,VANS RV-8,L1P,L
A3A7B5,N3345C,BE35,BEECH 35 Starfire Bonanza,L1P,L
A3A8B5,N335DH,EC35,AIRBUS HELICOPTERS EC-135/635,H2T,L
A3AFB5,N3369J,RV4,VANS RV-4,L1P,L
A3B2B5,N3374A,PA22,PIPER PA-22,L1P,L
A3B4B5,N338NB,A319,AIRBUS A-319,L2J,M
A3BAB5,N3398G,B25,CONSOLIDATED B-25 Mitchell,L2P,M
A3BBB5,N34HS,GLF5,GULFSTREAM 5,L2J,M
A3C7B5,N3424W,PA32,PIPER PA-32,L1P,L
A3CBB5,N3436Z,PA22,PIPER PA-22,L1P,L
A3CDB5,N344RV,COY2,RANS Coyote 2,L1P,L
A3CEB5,N3441R,C182,CESSNA 182 Skylane,L1P,L
A3D4B5,N346MK,P28A,PIPER PA-28-140/150/160/180,L1P,L
A3D6B5,N3465X,M20P,MOONEY M-20,L1P,L
A3DAB5,N34770,C177,CESSNA  177 Cardinal,L1P,L
A3E3B5,N35NW,,,,
A3E5B5,N350KG,BE30,BEECH 300 Super King Air,L2T,L
A3EBB5,N3516G,C206,CESSNA  206 Stationair,L1P,L
A3EDB5,N352RC,SR22,CIRRUS SR-22,L1P,L
A3EEB5,N35209,J3,PIPER J-3 Cub,L1P,L
A3EFB5,N3528K,J3,PIPER J-3 Cub,L1P,L
A3FCB5,N356SP,UH1,BELL UH-1 Huey,H1T,L
A3FFB5,N357KF,C82S,CESSNA T182 Turbo Skylane,L1P,L
A401B5,N3574C,P28A,PIPER PA-28-140/150/160/180,L1P,L
A405B5,N3586F,C182,CESSNA 182 Skylane,L1P,L
A407B5,N359RB,ULAC,,L0-,-
A409B5,N3598J,C150,CESSNA 150,L1P,L
A40BB5,N36U,SPHA,AMERICAN AUTOGYRO Spinus,G1P,L
A40EB5,N3600S,C172,CESSNA 172 Skyhawk,L1P,L
A40FB5,N36073,P32R,PIPER PA-32R-300/301/301T,L1P,L
A412B5,N3612V,C140,CESSNA 140,L1P,L
A413B5,N36196,TAYB,TAYLORCRAFT BC/BF/BL,L1P,L
A417B5,N363CT,SR22,CIRRUS SR-22,L1P,L
A41AB5,N36361,PA32,PIPER PA-32,L1P,L
A41BB5,N364FR,A20N,AIRBUS A-320neo,L2J,M
A41FB5,N365JP,SR22,CIRRUS SR-22,L1P,L
A428B5,N3670R,P28A,PIPER PA-28-140/150/160/180,L1P,L
A42EB5,N369L,ULAC,,L0-,-
A436B5,N3704F,C172,CESSNA 172 Skyhawk,L1P,L
A437B5,N371CA,CRJ7,BOMBARDIER Regional Jet CRJ-700,L2J,M
A43EB5,N3728M,PA12,PIPER PA-12 Super Cruiser,L1P,L
A441B5,N3733D,BE76,BEECH 76 Duchess,L2P,L
A445B5,N3745G,DOVE,DE HAVILLAND DH-104 Dove,L2P,L
A446B5,N375DM,SREY,PROGRESSIVE AERODYNE SeaRey,A1P,L
A449B5,N3757K,P28A,PIPER PA-28-140/150/160/180,L1P,L
A44CB5,N3762B,VEZE,RUTAN VariEze,L1P,L
A44EB5,N377KH,P28A,PIPER PA-28-140/150/160/180,L1P,L
A450B5,N3774E,CH7A,BELLANCA 7 Champion,L1P,L
A451B5,N378C,SR22,CIRRUS SR-22,L1P,L
A457B5,N3791,,,,
A458B5,N3798L,PARA,,P0-,-
A45DB5,N3800U,C336,CESSNA 336 Skymaster,L2P,L
A461B5,N3812X,C310,CESSNA 310,L2P,L
A462B5,N38198,BE95,BEECH 95 Travel Air,L2P,L
A46DB5,N38486,P28R,PIPER PA-28R-180/200/201,L1P,L
A470B5,N3853Y,C210,CESSNA 201 Centurion,L1P,L
A477B5,N3870T,P28R,PIPER PA-28R-180/200/201,L1P,L
A47DB5,N389LB,DV20,DIAMOND DA-20,L1P,L
A48BB5,N392RG,C25A,CESSNA 525A Citation CJ2,L2J,L
A48DB5,N3928P,CH7A,BELLANCA 7 Champion,L1P,L
A494B5,N3945J,C150,CESSNA 150,L1P,L
A497B5,N3950A,G103,GROB G-103 Twin 3SL,L1P,L
A498B5,N3957M,PA12,PIPER PA-12 Super Cruiser,L1P,L
A49FB5,N3974G,T206,CESSNA T206 Turbo Stationair,L1P,L
A4A0B5,N398CB,BALL,,B0-,-
A4A4B5,N399F,C180,CESSNA  180 Skywagon,L1P,L
A4A6B5,N3991B,ST75,STEARMAN Kaydet,L1P,L
A4A9B5,N4UD,P210,CESSNA P210 Centurion,L1P,L
A4ADB5,N400MA,PA18,PIPER PA-18 Super Cub,L1P,L
A4AFB5,N4005N,SS2P,ROCKWELL Thrush Commander,L1P,L
A4B0B5,N401DT,C172,CESSNA 172 Skyhawk,L1P,L
A4B2B5,N4010E,DFLY,VIKING Dragonfly,L1P,L
A4B7B5,N4029U,C150,CESSNA 150,L1P,L
A4BEB5,N4046P,PA23,PIPER PA-23,L2P,L
A4BFB5,N405FD,F260,AERMACCHI SF-260,L1P,L
A4C1B5,N4051F,C172,CESSNA 172 Skyhawk,L1P,L
A4C2B5,N4058S,BALL,,B0-,-
A4C5B5,N4063J,C150,CESSNA 150,L1P,L
A4CCB5,N4080D,C182,CESSNA 182 Skylane,L1P,L
A4D2B5,N41KN,C25C,CESSNA 525C Citation CJ4,L2J,M
A4D3B5,N41VU,SR20,CIRRUS SR-20,L1P,L
A4D5B5,N410SE,C82R,CESSNA R182 Skylane RG,L1P,L
A4D6B5,N41011,BALL,,B0-,-
A4D7B5,N4109B,BL17,BELLANCA 17 Viking,L1P,L
A4DAB5,N41134,BALL,,B0-,-
A4DFB5,N413EM,M20P,MOONEY M-20,L1P,L
A4E2B5,N4138,MITE,MOONEY M-18,L1P,L
A4E6B5,N415AB,SR20,CIRRUS SR-20,L1P,L
A4E9B5,N41545,PA32,PIPER PA-32,L1P,L
A4EAB5,N416D,BE58,BEECH 58 Baron,L2P,L
A4F0B5,N41710,CUCA,CULVER Cadet,L1P,L
A4F1B5,N4179A,NAVI,NORTH AMERICAN Navion,L1P,L
A4F9B5,N42EL,PRM1,RAYTHEON 390 Premier 1,L2J,L
A502B5,N4217T,P28R,PIPER PA-28R-180/200/201,L1P,L
A509B5,N4234N,C170,CESSNA 170,L1P,L
A50AB5,N424CH,COL3,CESSNA 350 Corvalis,L1P,L
A50FB5,N425RM,C425,CESSNA 425 Corsair,L2T,L
A510B5,N4251H,M7,MAULE M-7,L1P,L
A514B5,N4263L,C172,CESSNA 172 Skyhawk,L1P,L
A516B5,N427MB,BEAR,AVIPRO RB-4 Bearhawk,L1P,L
A51BB5,N4280F,P28A,PIPER PA-28-140/150/160/180,L1P,L
A51CB5,N4287S,BE95,BEECH 95 Travel Air,L2P,L
A51DB5,N429GS,SRAI,GREAT PLAINS Sonerai,L1P,L
A51FB5,N4292J,P28A,PIPER PA-28-140/150/160/180,L1P,L
A529B5,N43136,P28A,PIPER PA-28-140/150/160/180,L1P,L
A52AB5,N432BR,R44,ROBINSON R-44 Raven,H1P,L
A534B5,N43424,TAYB,TAYLORCRAFT BC/BF/BL,L1P,L
A543B5,N43835,TAYB,TAYLORCRAFT BC/BF/BL,L1P,L
A548B5,N44EN,SR20,CIRRUS SR-20,L1P,L
A54FB5,N441QC,H25B,HAWKER BEECHCRAFT Hawker 750/850,L2J,M
A550B5,N4410J,P28A,PIPER PA-28-140/150/160/180,L1P,L
A553B5,N442TA,COL4,CESSNA 400 Corvalis TT,L1P,L
A554B5,N4422M,,,,
A555B5,N4429Y,PA25,PIPER PA-25 Pawnee,L1P,L
A556B5,N443KT,L29,AERO L-29 Delfin,L1J,L
A558B5,N4434Q,C172,CESSNA 172 Skyhawk,L1P,L
A55BB5,N444YX,E75L,EMBRAER ERJ-170-200 (long wing),L2J,M
A55CB5,N4446T,G103,GROB G-103 Twin 3SL,L1P,L
A567B5,N4475R,C182,CESSNA 182 Skylane,L1P,L
A56AB5,N4480H,PA15,PIPER PA-15 Vagabond,L1P,L
A56DB5,N449T,BE35,BEECH 35 Starfire Bonanza,L1P,L
A56FB5,N4499X,P32R,PIPER PA-32R-300/301/301T,L1P,L
A573B5,N450SJ,,,,
A574B5,N45015,N3N,NAVAL AIRCRAFT FACTORY N3N,L1P,L
A57CB5,N4526A,PA22,PIPER PA-22,L1P,L
A57DB5,N453ER,C172,CESSNA 172 Skyhawk,L1P,L
A57EB5,N453QX,DH8D,DE HAVILLAND DHC-8-400 Dash 8,L2T,M
A57FB5,N45303,BALL,,B0-,-
A583B5,N45426,L8,LUSCOMBE 8,L1P,L
A584B5,N455AF,C177,CESSNA  177 Cardinal,L1P,L
A587B5,N45549,L8,LUSCOMBE 8,L1P,L
A58BB5,N4567B,C180,CESSNA  180 Skywagon,L1P,L
A58EB5,N45714,C150,CESSNA 150,L1P,L
A590B5,N458K,BE58,BEECH 58 Baron,L2P,L
A59CB5,N4605U,C180,CESSNA  180 Skywagon,L1P,L
A59FB5,N4610L,C172,CESSNA 172 Skyhawk,L1P,L
A5A2B5,N462TC,TAYB,TAYLORCRAFT BC/BF/BL,L1P,L
A5A8B5,N464CM,C72R,CESSNA 172R Cutlass RG,L1P,L
A5ABB5,N4646V,MOR2,MORRISEY Nifty,L1P,L
A5B1B5,N466UP,B752,BOEING 757-200,L2J,M
A5B9B5,N4680K,C182,CESSNA 182 Skylane,L1P,L
A5BAB5,N4687W,AC11,NORTH AMERICAN ROCKWELL Commander 112/114,L1P,L
A5BBB5,N469GW,RV8,VANS RV-8,L1P,L
A5BDB5,N4692N,C182,CESSNA 182 Skylane,L1P,L
A5C0B5,N47W,SP7,SPARTAN 7 Executive,L1P,L
A5C4B5,N4709H,PA11,PIPER PA-11 Cub Special,L1P,L
A5C9B5,N472NA,B462,BRITISH AEROSPACE 146-200 Quiet Trader,L4J,M
A5D2B5,N47428,C185,CESSNA 185 Skywagon,L1P,L
A5D3B5,N475AH,RV6,VANS RV-6,L1P,L
A5D7B5,N476DF,H60,SIKORSKY UH-60 Black Hawk,H2T,M
A5DAB5,N4767D,C182,CESSNA 182 Skylane,L1P,L
A5E1B5,N47839,P28R,PIPER PA-28R-180/200/201,L1P,L
A5E5B5,N4796B,C180,CESSNA  180 Skywagon,L1P,L
A5E6B5,N48ES,LJ35,LEARJET 35,L2J,M
A5EBB5,N4805W,AC11,NORTH AMERICAN ROCKWELL Commander 112/114,L1P,L
A5F6B5,N4834U,C210,CESSNA 201 Centurion,L1P,L
A5FBB5,N485FM,,,,
A5FDB5,N4851P,PA23,PIPER PA-23,L2P,L
A601B5,N4863S,PA32,PIPER PA-32,L1P,L
A606B5,N488E,C152,CESSNA 152,L1P,L
A608B5,N4880M,PA11,PIPER PA-11 Cub Special,L1P,L
A60EB5,N49KW,C550,CESSNA 550 Citation S2,L2J,L
A60FB5,N49WB,P51,NORTH AMERICAN P-51 Mustang,L1P,L
A612B5,N49019,TAYD,TAYLORCRAFT DC/DF/DL,L1P,L
A61AB5,N4926E,ULAC,,L0-,-
A61DB5,N49307,PTS1,PITTS S-1 Special,L1P,L
A61EB5,N4938H,C152,CESSNA 152,L1P,L
A621B5,N4943,RV4,VANS RV-4,L1P,L
A629B5,N4967F,T206,CESSNA T206 Turbo Stationair,L1P,L
A631B5,N499BW,DA40,DIAMOND DA-40 Club Star,L1P,L
A639B5,N50XS,,,,
A63CB5,N5003D,C182,CESSNA 182 Skylane,L1P,L
A63DB5,N501AP,GLEX,BOMBARDIER BD-700 Global 6000/6500,L2J,M
A644B5,N5027K,CH7B,BELLANCA 7 Citabria,L1P,L
A645B5,N503GK,AT5T,AIR TRACTOR AT-504,L1T,L
A648B5,N5039N,BL8,BELLANCA 8 Decathlon,L1P,L
A64BB5,N5044E,C172,CESSNA 172 Skyhawk,L1P,L
A64CB5,N505C,O1,CESSNA 305/341 Bird Dog,L1P,L
A64DB5,N505NF,,,,
A64FB5,N5056H,PA17,PIPER PA-17 Vagabond Trainer,L1P,L
A652B5,N5061,SBOY,INTERPLANE Skyboy,L1P,L
A653B5,N5068L,CH7B,BELLANCA 7 Citabria,L1P,L
A656B5,N5073C,B36T,BEECH 36 Turbine Bonanza,L1T,L
A65EB5,N5097J,C310,CESSNA 310,L2P,L
A65FB5,N51GJ,LJ35,LEARJET 35,L2J,M
A662B5,N510PA,H500,HUGHES 500,H1T,L
A665B5,N511FT,,,,
A668B5,N51186,C150,CESSNA 150,L1P,L
A66BB5,N5123Y,SR22,CIRRUS SR-22,L1P,L
A66FB5,N51351,ULAC,,L0-,-
A676B5,N5152W,P28A,PIPER PA-28-140/150/160/180,L1P,L
A67CB5,N517P,F260,AERMACCHI SF-260,L1P,L
A67EB5,N51762,BALL,,B0-,-
A682B5,N51885,C172,CESSNA 172 Skyhawk,L1P,L
A684B5,N519UW,A321,AIRBUS A-321,L2J,M
A686B5,N52BG,R44,ROBINSON R-44 Raven,H1P,L
A68BB5,N5203F,C172,CESSNA 172 Skyhawk,L1P,L
A68FB5,N5215J,C172,CESSNA 172 Skyhawk,L1P,L
A690B5,N522DP,CH60,ZENAIR CH-600 Zodiac,L1P,L
A692B5,N5220A,C82T,CESSNA TR182 Turbo Skylane RG,L1P,L
A696B5,N5232D,C172,CESSNA 172 Skyhawk,L1P,L
A69AB5,N5244G,C310,CESSNA 310,L2P,L
A69BB5,N525CB,SF50,CIRRUS SF-50 Vision,L1J,L
A69CB5,N525NH,C25B,CESSNA 525B Citation CJ3,L2J,L
A69FB5,N526F,C177,CESSNA  177 Cardinal,L1P,L
A6A2B5,N5268N,ST75,STEARMAN Kaydet,L1P,L
A6A5B5,N5273E,C180,CESSNA  180 Skywagon,L1P,L
A6A9B5,N5285H,C172,CESSNA 172 Skyhawk,L1P,L
A6ACB5,N5290,ZZZZ,,-0-,-
A6ADB5,N5297L,P28A,PIPER PA-28-140/150/160/180,L1P,L
A6AEB5,N53GL,G2T1,GREAT LAKES 2T-1,L1P,L
A6B1B5,N530PC,SR22,CIRRUS SR-22,L1P,L
A6B3B5,N53065,C172,CESSNA 172 Skyhawk,L1P,L
A6B5B5,N531SA,AC50,NORTH AMERICAN ROCKWELL Commander 500,L2P,L
A6B8B5,N532JT,SR22,CIRRUS SR-22,L1P,L
A6C3B5,N535HF,C72R,CESSNA 172R Cutlass RG,L1P,L
A6CDB5,N53764,CH7A,BELLANCA 7 Champion,L1P,L
A6D1B5,N53887,CH7A,BELLANCA 7 Champion,L1P,L
A6D5B5,N54BJ,,,,
A6DAB5,N5403H,C152,CESSNA 152,L1P,L
A6DEB5,N5415L,AA5,AMERICAN AA-5 Tiger,L1P,L
A6DFB5,N542DR,ULAC,,L0-,-
A6E5B5,N5432F,P32R,PIPER PA-32R-300/301/301T,L1P,L
A6E9B5,N5444J,C172,CESSNA 172 Skyhawk,L1P,L
A6EAB5,N545CD,SR22,CIRRUS SR-22,L1P,L
A6F0B5,N5461D,BE35,BEECH 35 Starfire Bonanza,L1P,L
A6F2B5,N547J,,,,
A6F5B5,N548AS,B738,BOEING 737-800,L2J,M
A6F8B5,N5485K,C172,CESSNA 172 Skyhawk,L1P,L
A6FBB5,N5490B,C152,CESSNA 152,L1P,L
A6FCB5,N5497N,C82R,CESSNA R182 Skylane RG,L1P,L
A6FFB5,N550CZ,C550,CESSNA 550 Citation S2,L2J,L
A700B5,N550PE,RV4,VANS RV-4,L1P,L
A702B5,N55067,BL8,BELLANCA 8 Decathlon,L1P,L
A703B5,N551FX,CL30,BOMBARDIER BD-100 Challenger 300,L2J,M
A704B5,N551SC,PA18,PIPER PA-18 Super Cub,L1P,L
A70DB5,N55355,ST75,STEARMAN Kaydet,L1P,L
A712B5,N555HH,AA1,AMERICAN AA-1,L1P,L
A713B5,N555TP,P32R,PIPER PA-32R-300/301/301T,L1P,L
A714B5,N55520,ST75,STEARMAN Kaydet,L1P,L
A715B5,N556A,,,,
A716B5,N556LF,A119,AGUSTA AW-119 Koala,H1T,L
A724B5,N56BL,B06,BELL 206 JetRanger,H1T,L
A727B5,N560JC,C56X,CESSNA 560XL Citation XLS,L2J,M
A72AB5,N561AV,CRJ2,BOMBARDIER Regional Jet CRJ-200,L2J,M
A72BB5,N561MA,P28A,PIPER PA-28-140/150/160/180,L1P,L
A731B5,N5627R,C172,CESSNA 172 Skyhawk,L1P,L
A735B5,N5639U,P28A,PIPER PA-28-140/150/160/180,L1P,L
A738B5,N5644L,,,,
A73CB5,N5656P,PA24,PIPER PA-24 Comanche,L1P,L
A73DB5,N566FD,FDCT,FLIGHT DESIGN CT,L1P,L
A741B5,N567JB,C182,CESSNA 182 Skylane,L1P,L
A748B5,N569DS,DA40,DIAMOND DA-40 Club Star,L1P,L
A74AB5,N5690D,EN28,ENSTROM F-28,H1P,L
A74BB5,N5697Q,M20P,MOONEY M-20,L1P,L
A74DB5,N57SW,BALL,,B0-,-
A754B5,N57111,B752,BOEING 757-200,L2J,M
A755B5,N5719B,C182,CESSNA 182 Skylane,L1P,L
A75DB5,N574EM,MRF1,DASSAULT Mirage F1,L1J,M
A75FB5,N5740Z,PA22,PIPER PA-22,L1P,L
A767B5,N57645,CH7B,BELLANCA 7 Citabria,L1P,L
A768B5,N577D,BE10,BEECH 100 King Air,L2T,L
A773B5,N58BN,B58T,BEECH 58TC Baron,L2P,L
A775B5,N58Y,PA22,PIPER PA-22,L1P,L
A783B5,N5832K,BE35,BEECH 35 Starfire Bonanza,L1P,L
A788B5,N585CH,EC45,AIRBUS HELICOPTERS EC-145,H2T,L
A796B5,N5885P,PA24,PIPER PA-24 Comanche,L1P,L
A79AB5,N5897S,BE35,BEECH 35 Starfire Bonanza,L1P,L
A79DB5,N590DC,PA18,PIPER PA-18 Super Cub,L1P,L
A7A1B5,N591GA,GLF5,GULFSTREAM 5,L2J,M
A7BDB5,N59812,AR6T,AERONCA 65 Tandem,L1P,L
A7C2B5,N6BQ,LNC2,LANCAIR 200-320,L1P,L
A7C7B5,N600ET,P46T,PIPER PA-46-500TP,L1T,L
A7CAB5,N6008F,BE35,BEECH 35 Starfire Bonanza,L1P,L
A7CDB5,N60128,C150,CESSNA 150,L1P,L
A7D1B5,N6025A,C172,CESSNA 172 Skyhawk,L1P,L
A7D5B5,N6037D,PA22,PIPER PA-22,L1P,L
A7D7B5,N604SK,CRJ7,BOMBARDIER Regional Jet CRJ-700,L2J,M
A7D8B5,N60416,ST75,STEARMAN Kaydet,L1P,L
A7DEB5,N606N,TL20,TL ULTRALIGHT TL-2000 Sting,L1P,L
A7E7B5,N60827,PTS2,PITTS S-2 Special,L1P,L
A7ECB5,N61DE,PA32,PIPER PA-32,L1P,L
A7EDB5,N61PL,AEST,AEROSTAR 600,L2P,L
A7F0B5,N610WC,DRON,,D0-,-
A7F1B5,N6104U,T210,CESSNA T210 Turbo Centurion,L1P,L
A7F2B5,N611CP,GA8,GIPPSAERO GA-8 Airvan,L1P,L
A7F5B5,N6116X,B25,CONSOLIDATED B-25 Mitchell,L2P,M
A7F7B5,N612RT,RV8,VANS RV-8,L1P,L
A7F8B5,N6121P,PA24,PIPER PA-24 Comanche,L1P,L
A7FAB5,N613JK,,,,
A7FCB5,N6133S,PARA,,P0-,-
A800B5,N6145V,H269,HUGHES Sky Knight,H1P,L
A803B5,N6150M,C152,CESSNA 152,L1P,L
A80EB5,N618Z,SHEK,RANS S-16 Shekari,L1P,L
A80FB5,N6186W,P28A,PIPER PA-28-140/150/160/180,L1P,L
A811B5,N619RS,VTRA,RANS Venterra,L1P,L
A814B5,N62JJ,GLID,,L0-,-
A818B5,N62007,M5,MAULE M-5,L1P,L
A81CB5,N6213,SA30,STOLP Starduster Too,L1P,L
A824B5,N6237F,C182,CESSNA 182 Skylane,L1P,L
A827B5,N62418,TRDO,TITAN Tornado SS,L1P,L
A828B5,N6249J,P32R,PIPER PA-32R-300/301/301T,L1P,L
A832B5,N62706,PA18,PIPER PA-18 Super Cub,L1P,L
A833B5,N6278G,C172,CESSNA 172 Skyhawk,L1P,L
A836B5,N62829,PA23,PIPER PA-23,L2P,L
A83BB5,N63DG,RV4,VANS RV-4,L1P,L
A83CB5,N63PN,RV8,VANS RV-8,L1P,L
A83FB5,N630WE,BE30,BEECH 300 Super King Air,L2T,L
A848B5,N63282,VALI,CONVAIR Valiant,L1P,L
A84BB5,N6333U,BALL,,B0-,-
A84FB5,N6345X,CH7A,BELLANCA 7 Champion,L1P,L
A852B5,N6350P,PA24,PIPER PA-24 Comanche,L1P,L
A854B5,N636H,D25,NEW STANDART D-25,L1P,L
A856B5,N6362S,C150,CESSNA 150,L1P,L
A857B5,N63693,PA31,PIPER PA-31-300/310/325/350/425,L2P,L
A861B5,N6391Q,M20P,MOONEY M-20,L1P,L
A862B5,N63981,PA23,PIPER PA-23,L2P,L
A863B5,N64JL,M20P,MOONEY M-20,L1P,L
A868B5,N6408K,C150,CESSNA 150,L1P,L
A86AB5,N641UA,B763,BOEING 767-300,L2J,H
A86BB5,N6413B,C172,CESSNA 172 Skyhawk,L1P,L
A86DB5,N642LT,RV6,VANS RV-6,L1P,L
A86EB5,N642WZ,RV9,VANS RV-9,L1P,L
A87CB5,N646ND,P28A,PIPER PA-28-140/150/160/180,L1P,L
A87EB5,N6466F,C150,CESSNA 150,L1P,L
A881B5,N64708,ST75,STEARMAN Kaydet,L1P,L
A889B5,N6495D,BE18,BEECH 18 Expetitor,L2P,L
A88EB5,N650WG,,,,
A88FB5,N6504Y,PA23,PIPER PA-23,L2P,L
A890B5,N651CT,E120,EMBRAER EMB-120 Brasilia,L2T,M
A89AB5,N6533W,P28A,PIPER PA-28-140/150/160/180,L1P,L
A89CB5,N654MM,,,,
A8A5B5,N6562U,M20P,MOONEY M-20,L1P,L
A8A6B5,N65695,ST75,STEARMAN Kaydet,L1P,L
A8ADB5,N65860,C82T,CESSNA TR182 Turbo Skylane RG,L1P,L
A8B3B5,N66UU,GLID,,L0-,-
A8B5B5,N660RE,,,,
A8B6B5,N6601A,,,,
A8C2B5,N6637K,G164,GRUMMAN G-164 Ag-Cat,L1P,L
A8CDB5,N6666H,J3,PIPER J-3 Cub,L1P,L
A8D7B5,N669X,CH7A,BELLANCA 7 Champion,L1P,L
A8E0B5,N671PA,S22T,CIRRUS SR-22T Turbo,L1P,L
A8E5B5,N6721V,BE77,BEECH 77 Skipper,L1P,L
A8E6B5,N67286,C152,CESSNA 152,L1P,L
A8E9B5,N6733Y,BE33,BEECH 33 Bonanza,L1P,L
A8F0B5,N6750T,C310,CESSNA 310,L2P,L
A8F4B5,N6762W,RV6,VANS RV-6,L1P,L
A8F6B5,N677LB,P28A,PIPER PA-28-140/150/160/180,L1P,L
A8F7B5,N677WH,CH75,ZENAIR CH-750 Cruzer,L1P,L
A8FAB5,N678P,FDCT,FLIGHT DESIGN CT,L1P,L
A8FCB5,N67862,B06,BELL 206 JetRanger,H1T,L
A8FFB5,N6791U,M20P,MOONEY M-20,L1P,L
A902B5,N68UW,CL60,BOMBARDIER CL-600 Challenger,L2J,M
A909B5,N6813F,C150,CESSNA 150,L1P,L
A90DB5,N6825J,P28A,PIPER PA-28-140/150/160/180,L1P,L
A910B5,N6830A,C172,CESSNA 172 Skyhawk,L1P,L
A914B5,N6842D,DRON,,D0-,-
A915B5,N6849Q,BE95,BEECH 95 Travel Air,L2P,L
A918B5,N6854G,C150,CESSNA 150,L1P,L
A919B5,N686CB,CL35,BOMBARDIER BD-100 Challenger 350,L2J,M
A928B5,N69DN,PA46,PIPER PA-46-310/350,L1P,L
A929B5,N69PU,PTS2,PITTS S-2 Special,L1P,L
A92AB5,N690,DHC2,DE HAVILLAND DHC-2 Beaver,L1P,L
A92DB5,N69042,C152,CESSNA 152,L1P,L
A931B5,N69165,P28A,PIPER PA-28-140/150/160/180,L1P,L
A933B5,N692SA,B36T,BEECH 36 Turbine Bonanza,L1T,L
A939B5,N694BK,C185,CESSNA 185 Skywagon,L1P,L
A93AB5,N694MR,SR22,CIRRUS SR-22,L1P,L
A944B5,N69699,C310,CESSNA 310,L2P,L
A94DB5,N699S,PA18,PIPER PA-18 Super Cub,L1P,L
A94EB5,N6991W,P28A,PIPER PA-28-140/150/160/180,L1P,L
A94FB5,N69987,VALI,CONVAIR Valiant,L1P,L
A950B5,N7JS,J5,PIPER J-5 Cub Cruiser,L1P,L
A952B5,N70FC,C25B,CESSNA 525B Citation CJ3,L2J,L
A953B5,N70RJ,PA23,PIPER PA-23,L2P,L
A957B5,N70057,RELI,STINSON Reliant,L1P,L
A958B5,N701EM,CH70,ZENAIR CH-701 Stol,L1P,L
A95DB5,N702TR,GLF4,GULFSTREAM 4,L2J,M
A961B5,N703WP,AS50,AEROSPATIALE AS-350 Ecureuil,H1T,L
A962B5,N70345,J3,PIPER J-3 Cub,L1P,L
A963B5,N704D,EN28,ENSTROM F-28,H1P,L
A964B5,N704PF,C150,CESSNA 150,L1P,L
A966B5,N70468,C185,CESSNA 185 Skywagon,L1P,L
A968B5,N705SD,,,,
A969B5,N70510,J3,PIPER J-3 Cub,L1P,L
A96AB5,N7059A,C172,CESSNA 172 Skyhawk,L1P,L
A96DB5,N70633,C182,CESSNA 182 Skylane,L1P,L
A96EB5,N707BN,B703,BOEING 707-300,L4J,H
A971B5,N70756,J3,PIPER J-3 Cub,L1P,L
A978B5,N70921,J3,PIPER J-3 Cub,L1P,L
A979B5,N71AA,AC90,NORTH AMERICAN ROCKWELL Turbo Commander 690/840,L2T,L
A980B5,N711KR,SR22,CIRRUS SR-22,L1P,L
A981B5,N711VX,,,,
A982B5,N7114N,BE35,BEECH 35 Starfire Bonanza,L1P,L
A988B5,N713RM,BALL,,B0-,-
A989B5,N7131H,J3,PIPER J-3 Cub,L1P,L
A98AB5,N7138U,M20P,MOONEY M-20,L1P,L
A98EB5,N715AW,T6,NORTH AMERICAN T-6 Texan,L1P,L
A98FB5,N715MB,MUS2,BUSHBY M-2 Mustang 2,L1P,L
A991B5,N7155P,BE65,BEECH 65 Queen Air,L2P,L
A994B5,N7160F,C150,CESSNA 150,L1P,L
A998B5,N7172J,BALL,,B0-,-
A9A0B5,N7196Q,C172,CESSNA 172 Skyhawk,L1P,L
A9A1B5,N72FE,BE30,BEECH 300 Super King Air,L2T,L
A9A6B5,N72059,L8,LUSCOMBE 8,L1P,L
A9A9B5,N72101,C120,CESSNA 120,L1P,L
A9ABB5,N722HM,,,,
A9ACB5,N722TT,AEST,AEROSTAR 600,L2P,L
A9B3B5,N724PH,S76,SIKORSKY S-76 Spirit,H2T,L
A9B5B5,N7247,KR31,KREIDER-REISNER C-2 Challenger,L1P,L
A9B9B5,N7259C,P28A,PIPER PA-28-140/150/160/180,L1P,L
A9BFB5,N727YB,C25B,CESSNA 525B Citation CJ3,L2J,L
A9C0B5,N72758,C82S,CESSNA T182 Turbo Skylane,L1P,L
A9C3B5,N72800,C120,CESSNA 120,L1P,L
A9C4B5,N7288A,C172,CESSNA 172 Skyhawk,L1P,L
A9CCB5,N730TA,TWEN,TECNAM Twenty-Ten,L1P,L
A9CDB5,N7302M,C175,CESSNA 175 Skylark,L1P,L
A9CEB5,N7309Y,PA30,PIPER PA-30 Twin Comanche,L2P,L
A9CFB5,N731KT,DRON,,D0-,-
A9D1B5,N7314Q,AT5T,AIR TRACTOR AT-504,L1T,L
A9D2B5,N732CK,B734,BOEING 737-400,L2J,M
A9D4B5,N732YX,E75L,EMBRAER ERJ-170-200 (long wing),L2J,M
A9D9B5,N7338W,P28A,PIPER PA-28-140/150/160/180,L1P,L
A9DBB5,N734UM,C172,CESSNA 172 Skyhawk,L1P,L
A9DDB5,N735AY,C182,CESSNA 182 Skylane,L1P,L
A9DEB5,N735MD,PC12,PILATUS PC-12,L1T,L
A9E1B5,N736DW,,,,
A9E2B5,N736QB,C172,CESSNA 172 Skyhawk,L1P,L
A9E5B5,N737GU,C172,CESSNA 172 Skyhawk,L1P,L
A9E6B5,N737T,GLID,,L0-,-
A9EAB5,N738VY,C172,CESSNA 172 Skyhawk,L1P,L
A9EEB5,N739YW,C172,CESSNA 172 Skyhawk,L1P,L
A9EFB5,N7396S,C182,CESSNA 182 Skylane,L1P,L
AA00B5,N74349,AA5,AMERICAN AA-5 Tiger,L1P,L
AA01B5,N744DD,PA46,PIPER PA-46-310/350,L1P,L
AA04B5,N7447B,CH7A,BELLANCA 7 Champion,L1P,L
AA06B5,N745SH,AS50,AEROSPATIALE AS-350 Ecureuil,H1T,L
AA07B5,N74514,M20P,MOONEY M-20,L1P,L
AA0BB5,N74637,R44,ROBINSON R-44 Raven,H1P,L
AA0CB5,N747BS,RV6,VANS RV-6,L1P,L
AA0FB5,N7476,,,,
AA18B5,N75LL,,,,
AA1BB5,N750TC,,,,
AA1DB5,N75090,G164,GRUMMAN G-164 Ag-Cat,L1P,L
AA1FB5,N751WA,DRON,,D0-,-
AA20B5,N7514S,R22,ROBINSON R-22 Mariner,H1P,L
AA28B5,N7538Y,PA30,PIPER PA-30 Twin Comanche,L2P,L
AA32B5,N7560K,C180,CESSNA  180 Skywagon,L1P,L
AA34B5,N757GW,BE20,BEECH 200 Super King Air,L2T,M
AA35B5,N757TB,H500,HUGHES 500,H1T,L
AA37B5,N7579Z,PA25,PIPER PA-25 Pawnee,L1P,L
AA3AB5,N7584R,P28A,PIPER PA-28-140/150/160/180,L1P,L
AA3CB5,N759NS,C182,CESSNA 182 Skylane,L1P,L
AA3DB5,N759YY,C182,CESSNA 182 Skylane,L1P,L
AA4AB5,N762TX,SSTL,JUST JA30 SuperSTOL,L1P,L
AA51B5,N764PM,BE35,BEECH 35 Starfire Bonanza,L1P,L
AA52B5,N764ZT,DRON,,D0-,-
AA55B5,N765SK,CRJ7,BOMBARDIER Regional Jet CRJ-700,L2J,M
AA56B5,N76516,B738,BOEING 737-800,L2J,M
AA5CB5,N767N,PA18,PIPER PA-18 Super Cub,L1P,L
AA5EB5,N7676B,B14A,BELLANCA 14,L1P,L
AA65B5,N76927,C140,CESSNA 140,L1P,L
AA66B5,N77AG,LGEZ,RUTAN Long-EZ,L1P,L
AA67B5,N77LN,C82R,CESSNA R182 Skylane RG,L1P,L
AA6EB5,N771WC,H60,SIKORSKY UH-60 Black Hawk,H2T,M
AA6FB5,N7714U,C172,CESSNA 172 Skyhawk,L1P,L
AA70B5,N772CP,UH1,BELL UH-1 Huey,H1T,L
AA73B5,N7726X,C172,CESSNA 172 Skyhawk,L1P,L
AA76B5,N7731P,PA24,PIPER PA-24 Comanche,L1P,L
AA7AB5,N7743S,GLID,,L0-,-
AA7CB5,N775MH,SAKO,RANS S-10 Sakota,L1P,L
AA7FB5,N776E,C310,CESSNA 310,L2P,L
AA81B5,N7760M,M20P,MOONEY M-20,L1P,L
AA84B5,N777TD,B407,BELL 407,H1T,L
AA85B5,N7772Q,C310,CESSNA 310,L2P,L
AA8CB5,N779Z,M7,MAULE M-7,L1P,L
AA8DB5,N7796W,P28A,PIPER PA-28-140/150/160/180,L1P,L
AA8EB5,N78FL,PA46,PIPER PA-46-310/350,L1P,L
AA8FB5,N78RS,BE35,BEECH 35 Starfire Bonanza,L1P,L
AA97B5,N7818H,PA12,PIPER PA-12 Super Cruiser,L1P,L
AA9EB5,N7835C,TBM,GRUMMAN G-40 Avenger,L1P,M
AAA7B5,N786KD,S22T,CIRRUS SR-22T Turbo,L1P,L
AAA9B5,N7864A,C180,CESSNA  180 Skywagon,L1P,L
AAB4B5,N78929,M20P,MOONEY M-20,L1P,L
AAB5B5,N79AJ,C25A,CESSNA 525A Citation CJ2,L2J,L
AAB7B5,N79WW,C206,CESSNA  206 Stationair,L1P,L
AABBB5,N79094,C172,CESSNA 172 Skyhawk,L1P,L
AABEB5,N7914W,P28A,PIPER PA-28-140/150/160/180,L1P,L
AAC4B5,N793RV,RV12,VANS RV-12,L1P,L
AAC6B5,N79382,M20P,MOONEY M-20,L1P,L
AAC8B5,N794UT,B350,BEECHCRAFT Super King Air 350,L2T,M
AACBB5,N795MK,PC7,PILATUS PC-7 Astra,L1T,L
AAD2B5,N797H,,,,
AAD3B5,N797TF,SR20,CIRRUS SR-20,L1P,L
AADDB5,N8FN,P28R,PIPER PA-28R-180/200/201,L1P,L
AADEB5,N8RU,PA31,PIPER PA-31-300/310/325/350/425,L2P,L
AADFB5,N80BZ,BE30,BEECH 300 Super King Air,L2T,L
AAE2B5,N800JR,EA50,ECLIPSE 550,L2J,L
AAE5B5,N801BH,CH80,ZENAIR CH-801 Stol,L1P,L
AAE9B5,N802EF,AT8T,AIR TRACTOR AT-802,L1T,M
AAEBB5,N8020T,C175,CESSNA 175 Skylark,L1P,L
AAECB5,N80274,ULAC,,L0-,-
AAF3B5,N8044Z,C150,CESSNA 150,L1P,L
AAF5B5,N805P,C25A,CESSNA 525A Citation CJ2,L2J,L
AAFFB5,N808BG,SAVG,ZLIN AVIATION Savage,L1P,L
AB00B5,N808MN,C56X,CESSNA 560XL Citation XLS,L2J,M
AB02B5,N80850,GC1,GLOBE Swift,L1P,L
AB06B5,N80973,GC1,GLOBE Swift,L1P,L
AB07B5,N81HC,BE58,BEECH 58 Baron,L2P,L
AB08B5,N81TJ,C182,CESSNA 182 Skylane,L1P,L
AB0AB5,N810PV,S22T,CIRRUS SR-22T Turbo,L1P,L
AB0BB5,N8100A,DH8A,DE HAVILLAND DHC-8-100 Dash 8,L2T,M
AB0DB5,N811GM,C185,CESSNA 185 Skywagon,L1P,L
AB10B5,N8119Q,P28A,PIPER PA-28-140/150/160/180,L1P,L
AB11B5,N812KK,C182,CESSNA 182 Skylane,L1P,L
AB13B5,N8124G,LGEZ,RUTAN Long-EZ,L1P,L
AB17B5,N8136K,S108,STINSON 108 Voyager,L1P,L
AB18B5,N814F,AS50,AEROSPATIALE AS-350 Ecureuil,H1T,L
AB1EB5,N8153E,P28R,PIPER PA-28R-180/200/201,L1P,L
AB22B5,N8165H,SR22,CIRRUS SR-22,L1P,L
AB23B5,N817DN,B739,BOEING 737-900,L2J,M
AB26B5,N8177L,C172,CESSNA 172 Skyhawk,L1P,L
AB28B5,N818SS,GLF5,GULFSTREAM 5,L2J,M
AB29B5,N8182C,ULAC,,L0-,-
AB2EB5,N82CA,F900,DASSAULT Falcon 900,L3J,M
AB2FB5,N82NG,PC12,PILATUS PC-12,L1T,L
AB37B5,N82153,CH7A,BELLANCA 7 Champion,L1P,L
AB38B5,N822EH,BALL,,B0-,-
AB3BB5,N82276,HUCO,BELL AH-1 HueyCobra,H1T,L
AB3DB5,N823TM,C180,CESSNA  180 Skywagon,L1P,L
AB46B5,N82564,CH7A,BELLANCA 7 Champion,L1P,L
AB4AB5,N82687,T206,CESSNA T206 Turbo Stationair,L1P,L
AB4BB5,N827JS,C56X,CESSNA 560XL Citation XLS,L2J,M
AB4DB5,N8273Z,C210,CESSNA 201 Centurion,L1P,L
AB51B5,N82852,T33,LOCKHEED T-33,L1J,M
AB54B5,N8290U,BE58,BEECH 58 Baron,L2P,L
AB55B5,N82975,CH7A,BELLANCA 7 Champion,L1P,L
AB5AB5,N8300C,DH8C,DE HAVILLAND DHC-8-300 Dash 8,L2T,M
AB5FB5,N8319S,P28B,PIPER PA-28-201T/235/236,L1P,L
AB66B5,N8336M,C150,CESSNA 150,L1P,L
AB6DB5,N8353G,C150,CESSNA 150,L1P,L
AB74B5,N8370B,C172,CESSNA 172 Skyhawk,L1P,L
AB75B5,N8377N,BE33,BEECH 33 Bonanza,L1P,L
AB78B5,N8382E,M20P,MOONEY M-20,L1P,L
AB7DB5,N84CC,C172,CESSNA 172 Skyhawk,L1P,L
AB81B5,N840VA,A320,AIRBUS A-320,L2J,M
AB82B5,N84032,CH7A,BELLANCA 7 Champion,L1P,L
AB86B5,N84155,CH7A,BELLANCA 7 Champion,L1P,L
AB8AB5,N84278,C172,CESSNA 172 Skyhawk,L1P,L
AB8DB5,N84320,CH7A,BELLANCA 7 Champion,L1P,L
AB8EB5,N844A,PP3,PILATUS P-3,L1P,L
AB91B5,N84443,CH7A,BELLANCA 7 Champion,L1P,L
AB95B5,N84566,C172,CESSNA 172 Skyhawk,L1P,L
AB9BB5,N847V,DRON,,D0-,-
AB9CB5,N84731,C182,CESSNA 182 Skylane,L1P,L
ABA5B5,N85HG,LA25,LAKE LA-250,A1P,L
ABA6B5,N85TN,FA50,DASSAULT Falcon 50,L3J,M
ABA7B5,N850DT,TBM7,SOCATA TBM-700A/B/C,L1T,L
ABA9B5,N8500E,P28A,PIPER PA-28-140/150/160/180,L1P,L
ABAFB5,N852KP,G2CA,GUIMBAL G-2 Cabri,H1P,L
ABB1B5,N8524L,AT8T,AIR TRACTOR AT-802,L1T,M
ABB5B5,N8536P,PA24,PIPER PA-24 Comanche,L1P,L
ABB6B5,N854FD,B77L,BOEING 777-200LR,L2J,H
ABBAB5,N855JB,PRM1,RAYTHEON 390 Premier 1,L2J,L
ABBCB5,N8553J,C150,CESSNA 150,L1P,L
ABBDB5,N856AU,C172,CESSNA 172 Skyhawk,L1P,L
ABC0B5,N8565M,BE35,BEECH 35 Starfire Bonanza,L1P,L
ABDCB5,N86322,E75L,EMBRAER ERJ-170-200 (long wing),L2J,M
ABE1B5,N865D,C172,CESSNA 172 Skyhawk,L1P,L
ABE8B5,N8669A,BE35,BEECH 35 Starfire Bonanza,L1P,L
ABF4B5,N87HJ,HDJT,HONDA HondaJet,L2J,L
ABF5B5,N87TQ,QIC2,QUICKIE Q2,L1P,L
ABF7B5,N870QA,SF25,SCHEIBE SF-25 Falke,L1P,L
ABFCB5,N8712K,C340,CESSNA 340 Super,L2P,L
AC00B5,N8724N,P28A,PIPER PA-28-140/150/160/180,L1P,L
AC07B5,N8741H,G164,GRUMMAN G-164 Ag-Cat,L1P,L
AC14B5,N878GS,UHEL,,H0-,-
AC1AB5,N8794M,P28B,PIPER PA-28-201T/235/236,L1P,L
AC1BB5,N88CG,ULAC,,L0-,-
AC1CB5,N88NN,PISI,PIPSTREL Sinus,L1P,L
AC24B5,N88159,,,,
AC27B5,N88201,J3,PIPER J-3 Cub,L1P,L
AC28B5,N8828B,C172,CESSNA 172 Skyhawk,L1P,L
AC2AB5,N883TT,RV6,VANS RV-6,L1P,L
AC2BB5,N88324,J3,PIPER J-3 Cub,L1P,L
AC2CB5,N884AD,F900,DASSAULT Falcon 900,L3J,M
AC2EB5,N884WR,R44,ROBINSON R-44 Raven,H1P,L
AC33B5,N8857,CH7B,BELLANCA 7 Citabria,L1P,L
AC36B5,N88612,J3,PIPER J-3 Cub,L1P,L
AC3CB5,N888MW,,,,
AC3DB5,N888YB,COL4,CESSNA 400 Corvalis TT,L1P,L
AC42B5,N8898A,SREY,PROGRESSIVE AERODYNE SeaRey,A1P,L
AC43B5,N89HL,FOX,KITFOX,L1P,L
AC48B5,N8907V,C172,CESSNA 172 Skyhawk,L1P,L
AC4AB5,N891TA,P208,TECNAM P-2008,L1P,L
AC57B5,N8948W,P28B,PIPER PA-28-201T/235/236,L1P,L
AC5EB5,N8965R,CH7A,BELLANCA 7 Champion,L1P,L
AC66B5,N8989X,,,,
AC67B5,N899KS,R44,ROBINSON R-44 Raven,H1P,L
AC6AB5,N9CJ,SF34,SAAB 340,L2T,M
AC6CB5,N9YW,DRIF,AUSTFLIGHT Drifter,L1P,L
AC6DB5,N90KA,BE9L,BEECH 90 King Air,L2T,L
AC6FB5,N900FM,R66,ROBINSON R-66,H1T,L
AC70B5,N900RT,C172,CESSNA 172 Skyhawk,L1P,L
AC73B5,N901JK,B738,BOEING 737-800,L2J,M
AC77B5,N902MH,BE30,BEECH 300 Super King Air,L2T,L
AC80B5,N9042Q,C172,CESSNA 172 Skyhawk,L1P,L
AC88B5,N9066W,P28B,PIPER PA-28-201T/235/236,L1P,L
AC8CB5,N9078Z,BALL,,B0-,-
AC8FB5,N9083R,C188,CESSNA 188 AgTruck,L1P,L
AC93B5,N9095U,,,,
AC94B5,N91DZ,,,,
AC9AB5,N911DH,BE35,BEECH 35 Starfire Bonanza,L1P,L
AC9CB5,N911ZV,DRON,,D0-,-
AC9FB5,N912SM,BE20,BEECH 200 Super King Air,L2T,M
ACA0B5,N91218,PA18,PIPER PA-18 Super Cub,L1P,L
ACA1B5,N9129J,P28A,PIPER PA-28-140/150/160/180,L1P,L
ACA4B5,N9134A,AT5T,AIR TRACTOR AT-504,L1T,L
ACA8B5,N9146D,PA18,PIPER PA-18 Super Cub,L1P,L
ACAFB5,N91629,NAVI,NORTH AMERICAN Navion,L1P,L
ACB2B5,N917WW,PC12,PILATUS PC-12,L1T,L
ACBAB5,N91917,C182,CESSNA 182 Skylane,L1P,L
ACBCB5,N92KC,,,,
ACC2B5,N921JM,R44,ROBINSON R-44 Raven,H1P,L
ACC6B5,N922MK,C82T,CESSNA TR182 Turbo Skylane RG,L1P,L
ACC8B5,N9225X,C182,CESSNA 182 Skylane,L1P,L
ACC9B5,N923EB,DRON,,D0-,-
ACCEB5,N924TF,M20P,MOONEY M-20,L1P,L
ACD3B5,N9254V,M20P,MOONEY M-20,L1P,L
ACD7B5,N9266Y,PA31,PIPER PA-31-300/310/325/350/425,L2P,L
ACDBB5,N92781,PA12,PIPER PA-12 Super Cruiser,L1P,L
ACDFB5,N929BC,C25C,CESSNA 525C Citation CJ4,L2J,M
ACE0B5,N929MJ,DRON,,D0-,-
ACE2B5,N9295W,P28B,PIPER PA-28-201T/235/236,L1P,L
ACE3B5,N93EA,CRJ2,BOMBARDIER Regional Jet CRJ-200,L2J,M
ACE5B5,N930AM,R22,ROBINSON R-22 Mariner,H1P,L
ACE6B5,N930LT,PA44,PIPER PA-44 Seminole,L2P,L
ACE8B5,N9305E,AR11,AERONCA 11 Chief,L1P,L
ACEEB5,N932SP,C208,CESSNA 208 Caravan,L1T,L
ACF0B5,N9329L,,,,
ACF1B5,N933KF,FOX,KITFOX,L1P,L
ACF3B5,N9334C,P28A,PIPER PA-28-140/150/160/180,L1P,L
ACFEB5,N9363A,C190,CESSNA 190,L1P,L
AD0DB5,N940FR,TBM7,SOCATA TBM-700A/B/C,L1T,L
AD10B5,N94084,ERCO,AIR PRODUCTS F-1 Aircoupe,L1P,L
AD11B5,N941JP,C550,CESSNA 550 Citation S2,L2J,L
AD17B5,N9425Z,B26,DOUGLAS A-26 Invader,L2P,M
AD1BB5,N94372,ERCO,AIR PRODUCTS F-1 Aircoupe,L1P,L
AD1EB5,N9442U,C150,CESSNA 150,L1P,L
AD1FB5,N94495,PARA,,P0-,-
AD20B5,N945L,DA40,DIAMOND DA-40 Club Star,L1P,L
AD22B5,N9454X,C82R,CESSNA R182 Skylane RG,L1P,L
AD26B5,N94660,C182,CESSNA 182 Skylane,L1P,L
AD28B5,N947RW,,,,
AD2DB5,N9483V,M20P,MOONEY M-20,L1P,L
AD35B5,N950LV,BALL,,B0-,-
AD38B5,N951DM,RV9,VANS RV-9,L1P,L
AD3EB5,N9522B,C162,CESSNA 162 Skycatcher,L1P,L
AD42B5,N9534E,BL17,BELLANCA 17 Viking,L1P,L
AD43B5,N954C,S108,STINSON 108 Voyager,L1P,L
AD46B5,N9546H,C172,CESSNA 172 Skyhawk,L1P,L
AD4EB5,N957AN,B738,BOEING 737-800,L2J,M
AD50B5,N957X,FA7X,DASSAULT Falcon 7X,L3J,M
AD52B5,N958DL,MD88,MCDONNELL-DOUGLAS MD-88,L2J,M
AD55B5,N9587J,P28A,PIPER PA-28-140/150/160/180,L1P,L
AD58B5,N9592A,C170,CESSNA 170,L1P,L
AD5EB5,N9601V,M20P,MOONEY M-20,L1P,L
AD69B5,N9630T,C210,CESSNA 201 Centurion,L1P,L
AD6DB5,N9642W,P28A,PIPER PA-28-140/150/160/180,L1P,L
AD6EB5,N96497,TAYB,TAYLORCRAFT BC/BF/BL,L1P,L
AD6FB5,N965LB,SLG4,AIRPLANE FACTORY Sling 4,L1P,L
AD75B5,N96662,TAYB,TAYLORCRAFT BC/BF/BL,L1P,L
AD78B5,N9671U,AA5,AMERICAN AA-5 Tiger,L1P,L
AD79B5,N96785,B47G,BELL 47G,H1P,L
AD7CB5,N9683X,C210,CESSNA 201 Centurion,L1P,L
AD81B5,N97EE,RV9,VANS RV-9,L1P,L
AD83B5,N970AR,C210,CESSNA 201 Centurion,L1P,L
AD86B5,N9705J,P28A,PIPER PA-28-140/150/160/180,L1P,L
AD87B5,N971DP,RV6,VANS RV-6,L1P,L
AD89B5,N9710A,C172,CESSNA 172 Skyhawk,L1P,L
AD8CB5,N972ST,A119,AGUSTA AW-119 Koala,H1T,L
AD8DB5,N9722D,PA22,PIPER PA-22,L1P,L
AD92B5,N974CB,,,,
AD98B5,N9751B,C180,CESSNA  180 Skywagon,L1P,L
ADA1B5,N978DN,PA11,PIPER PA-11 Cub Special,L1P,L
ADAFB5,N981JT,A321,AIRBUS A-321,L2J,M
ADB3B5,N982MR,AT6T,AIR TRACTOR AT-602,L1T,L
ADB8B5,N9830V,C172,CESSNA 172 Skyhawk,L1P,L
ADC6B5,N987S,CRER,RANS Courier,L1P,L
ADC7B5,N9871W,P28A,PIPER PA-28-140/150/160/180,L1P,L
ADCCB5,N989BJ,,,,
ADD0B5,N99EG,PA31,PIPER PA-31-300/310/325/350/425,L2P,L
ADD2B5,N990AT,B712,BOEING 717-200,L2J,M
ADDBB5,N992SV,DRON,,D0-,-
ADDCB5,N9922F,EA50,ECLIPSE 550,L2J,L
ADE1B5,N994CD,T210,CESSNA T210 Turbo Centurion,L1P,L
ADE4B5,N9946M,C207,CESSNA 207 Turbo Stationair,L1P,L
ADE7B5,N9951D,PA22,PIPER PA-22,L1P,L
ADE9B5,N996J,,,,
ADF1B5,N998PW,P28B,PIPER PA-28-201T/235/236,L1P,L
ADF2B5,N9980B,C182,CESSNA 182 Skylane,L1P,L
ADF3B5,N9987N,C185,CESSNA 185 Skywagon,L1P,L
ADF6B5,N9992E,C182,CESSNA 182 Skylane,L1P,L
ADFCB5,93-0629,BE40,BEECH 400 Beechjet,L2J,M
ADFDB5,92-1095,C130,LOCKHEED C-130 Hercules,L4T,M
ADFEB5,74-0787,B742,BOEING 747-200,L4J,H
ADFFB5,64-13255,T38,NORTHROP T-38 Talon,L2J,L
AE04B5,982,K35E,BOEING KC-35E Stratotanker,L4J,H
AE07B5,62-3505,K35R,BOEING KC-135R/T Stratotanker,L4J,H
AE08B5,165960,TEX2,BEECHCRAFT T-6 Texan 2,L1T,L
AE09B5,89-26130,H60,SIKORSKY UH-60 Black Hawk,H2T,M
AE0AB5,99-26834,H60,SIKORSKY UH-60 Black Hawk,H2T,M
AE0BB5,86-24490,H60,SIKORSKY UH-60 Black Hawk,H2T,M
AE0CB5,84-23992,H60,SIKORSKY UH-60 Black Hawk,H2T,M
AE0DB5,85-24450,H60,SIKORSKY UH-60 Black Hawk,H2T,M
AE0EB5,86-24552,H60,SIKORSKY UH-60 Black Hawk,H2T,M
AE10B5,01-0186,C17,BOEING C-17 Globemaster 3,L4J,H
AE11B5,03-3683,TEX2,BEECHCRAFT T-6 Texan 2,L1T,L
AE13B5,04-3735,TEX2,BEECHCRAFT T-6 Texan 2,L1T,L
AE14B5,160979,BE9L,BEECH 90 King Air,L2T,L
AE1DB5,167825,H60,SIKORSKY UH-60 Black Hawk,H2T,M
AE1EB5,166048,TEX2,BEECHCRAFT T-6 Texan 2,L1T,L
AE1FB5,10-72166,EC45,AIRBUS HELICOPTERS EC-145,H2T,L
AE20B5,85-1607,F27,FOKKER F-27,L2T,M
AE26B5,6595,AS65,AEROSPATIALE AS-365 Dauphin 2,H2T,L
AE47B5,09-20226,H60,SIKORSKY UH-60 Black Hawk,H2T,M
AE4BB5,165344,H53,SIKORSKY CH-53,H2T,M
AE4EB5,168431,P8,BOEING P-8 Poseidon,L2J,M
AE50B5,10-20245,H60,SIKORSKY UH-60 Black Hawk,H2T,M
AE51B5,11-20370,H60,SIKORSKY UH-60 Black Hawk,H2T,M
AE52B5,10-08083,H47,BOEING-VERTOL CH-47 Chinook,H2T,M
AE54B5,10-2043,Q4,NORTHROP GRUMMAN RQ-4 Global Hawk,L1J,M
AE56B5,13-20589,H60,SIKORSKY UH-60 Black Hawk,H2T,M
AE57B5,168849,P8,BOEING P-8 Poseidon,L2J,M
AE58B5,11-00268,B350,BEECHCRAFT Super King Air 350,L2T,M
AE59B5,13-08148,H47,BOEING-VERTOL CH-47 Chinook,H2T,M
AE5AB5,15-20723,H60,SIKORSKY UH-60 Black Hawk,H2T,M
AE5EB5,163347,B06,BELL 206 JetRanger,H1T,L
AE61B5,169020,H53S,SIKORSKY CH-53 Super Stallion,H3T,M
AE63B5,20-46073,B762,BOEING 767-200,L2J,H
AE64B5,16-8677,V22,BELL-BOEING V-22 Osprey,R2T,M
AE68B5,11-3016,D328,DORNIER 328,L2T,M
AE6CB5,20-03341,H64,MCDONNELL DOUGLAS AH-64 Apache,H2T,M
AE6DB5,21-03373,H64,MCDONNELL DOUGLAS AH-64 Apache,H2T,M
AE74B5,22-21233,H60,SIKORSKY UH-60 Black Hawk,H2T,M
C000B5,C-FAGY,ERCO,AIR PRODUCTS F-1 Aircoupe,L1P,L
C001B5,C-FAQU,CH7A,BELLANCA 7 Champion,L1P,L
C002B5,C-FBAQ,L188,LOCKHEED L-188 Electra,L4T,M
C003B5,C-FBKM,,,,
C004B5,C-FBUI,ULAC,,L0-,-
C005B5,C-FCEE,C182,CESSNA 182 Skylane,L1P,L
C006B5,C-FCOA,R44,ROBINSON R-44 Raven,H1P,L
C007B5,C-FCXW,,,,
C008B5,C-FDHS,DH82,DE HAVILLAND DH-82 Tiger Moth,L1P,L
C009B5,C-FDRO,R44,ROBINSON R-44 Raven,H1P,L
C00AB5,C-FEBK,GYRO,,G0-,-
C00BB5,C-FELG,C120,CESSNA 120,L1P,L
C00CB5,C-FEVC,,,,
C00DB5,C-FFEY,SREY,PROGRESSIVE AERODYNE SeaRey,A1P,L
C00FB5,C-FFYQ,CH70,ZENAIR CH-701 Stol,L1P,L
C010B5,C-FGIM,C172,CESSNA 172 Skyhawk,L1P,L
C011B5,C-FGSI,C206,CESSNA  206 Stationair,L1P,L
C012B5,C-FHCE,PC12,PILATUS PC-12,L1T,L
C013B5,C-FHMA,MU2,MITSUBISHI MU-2 Marquise,L2T,L
C015B5,C-FIFS,S108,STINSON 108 Voyager,L1P,L
C016B5,C-FIPO,H500,HUGHES 500,H1T,L
C017B5,C-FIZK,C172,CESSNA 172 Skyhawk,L1P,L
C018B5,C-FJJG,P28A,PIPER PA-28-140/150/160/180,L1P,L
C019B5,C-FJTC,PA22,PIPER PA-22,L1P,L
C01AB5,C-FKCY,PA24,PIPER PA-24 Comanche,L1P,L
C01BB5,C-FKMU,,,,
C01CB5,C-FKWQ,C77R,CESSNA 177RG Cardinal RG,L1P,L
C01DB5,C-FLGM,,,,
C01FB5,C-FMAE,C337,CESSNA 337 Super Skymaster,L2P,L
C020B5,C-FMKA,T6,NORTH AMERICAN T-6 Texan,L1P,L
C021B5,C-FMTW,T6,NORTH AMERICAN T-6 Texan,L1P,L
C023B5,C-FNNO,CH7A,BELLANCA 7 Champion,L1P,L
C025B5,C-FOHG,B407,BELL 407,H1T,L
C026B5,C-FORC,DHC2,DE HAVILLAND DHC-2 Beaver,L1P,L
C027B5,C-FPAY,C172,CESSNA 172 Skyhawk,L1P,L
C028B5,C-FPKU,PA22,PIPER PA-22,L1P,L
C029B5,C-FPUQ,C152,CESSNA 152,L1P,L
C02AB5,C-FQEM,P28R,PIPER PA-28R-180/200/201,L1P,L
C02DB5,C-FRIA,CRJ2,BOMBARDIER Regional Jet CRJ-200,L2J,M
C02EB5,C-FRRW,PA12,PIPER PA-12 Super Cruiser,L1P,L
C02FB5,C-FSBS,C172,CESSNA 172 Skyhawk,L1P,L
C031B5,C-FSVK,,,,
C032B5,C-FTFG,C172,CESSNA 172 Skyhawk,L1P,L
C033B5,C-FTPC,,,,
C036B5,C-FUSQ,P28A,PIPER PA-28-140/150/160/180,L1P,L
C037B5,C-FVCM,B14A,BELLANCA 14,L1P,L
C038B5,C-FVMI,S22T,CIRRUS SR-22T Turbo,L1P,L
C039B5,C-FVWE,PA22,PIPER PA-22,L1P,L
C03AB5,C-FWGA,T6,NORTH AMERICAN T-6 Texan,L1P,L
C03BB5,C-FWPW,RBEL,MURPHY Rebel,L1P,L
C03CB5,C-FWZS,J3,PIPER J-3 Cub,L1P,L
C03DB5,C-FXJO,C150,CESSNA 150,L1P,L
C03EB5,C-FXTK,CH7A,BELLANCA 7 Champion,L1P,L
C03FB5,C-FYDG,CH7A,BELLANCA 7 Champion,L1P,L
C040B5,C-FYNC,C140,CESSNA 140,L1P,L
C042B5,C-FZGU,C140,CESSNA 140,L1P,L
C043B5,C-FZQQ,,,,
C044B5,C-GAAM,C185,CESSNA 185 Skywagon,L1P,L
C045B5,C-GAKI,D228,DORNIER 228,L2T,L
C047B5,C-GBEA,C172,CESSNA 172 Skyhawk,L1P,L
C048B5,C-GBNW,RV9,VANS RV-9,L1P,L
C049B5,C-GBXS,PA18,PIPER PA-18 Super Cub,L1P,L
C04AB5,C-GCHO,B06,BELL 206 JetRanger,H1T,L
C04BB5,C-GCRK,,,,
C04CB5,C-GDBG,C182,CESSNA 182 Skylane,L1P,L
C04DB5,C-GDLC,C208,CESSNA 208 Caravan,L1T,L
C04EB5,C-GDUY,BALL,,B0-,-
C04FB5,C-GEEU,C150,CESSNA 150,L1P,L
C050B5,C-GEOQ,AS50,AEROSPATIALE AS-350 Ecureuil,H1T,L
C051B5,C-GEYM,,,,
C052B5,C-GFII,D11,JODEL D-11x/12x,L1P,L
C053B5,C-GFSE,AS50,AEROSPATIALE AS-350 Ecureuil,H1T,L
C054B5,C-GGCA,B190,BEECH 1900,L2T,M
C055B5,C-GGLW,CH25,ZENAIR CH-250 Zenith,L1P,L
C056B5,C-GGVS,PELI,FLYER Pelican,L1P,L
C057B5,C-GHFO,BE35,BEECH 35 Starfire Bonanza,L1P,L
C058B5,C-GHPK,C150,CESSNA 150,L1P,L
C059B5,C-GHZG,CH7B,BELLANCA 7 Citabria,L1P,L
C05BB5,C-GISY,B505,BELL 505 JetRanger X,H1T,L
C05CB5,C-GJCU,CH30,ZENAIR CH-300 Tri-Zenith,L1P,L
C05EB5,C-GJWM,,,,
C05FB5,C-GKGI,B06,BELL 206 JetRanger,H1T,L
C060B5,C-GKQE,DH8D,DE HAVILLAND DHC-8-400 Dash 8,L2T,M
C061B5,C-GLAA,AS50,AEROSPATIALE AS-350 Ecureuil,H1T,L
C062B5,C-GLJW,C150,CESSNA 150,L1P,L
C063B5,C-GLTS,C172,CESSNA 172 Skyhawk,L1P,L
C064B5,C-GMDO,EN28,ENSTROM F-28,H1P,L
C065B5,C-GMNK,GLID,,L0-,-
C066B5,C-GMXG,PA25,PIPER PA-25 Pawnee,L1P,L
C067B5,C-GNHC,C140,CESSNA 140,L1P,L
C069B5,C-GOAU,LA4,LAKE LA-4/200,A1P,L
C06BB5,C-GOUM,P28R,PIPER PA-28R-180/200/201,L1P,L
C06CB5,C-GPEI,PELI,FLYER Pelican,L1P,L
C06EB5,C-GPYA,PA34,PIPER PA-34 Seneca,L2P,L
C06FB5,C-GQHW,B06,BELL 206 JetRanger,H1T,L
C070B5,C-GQRS,RV8,VANS RV-8,L1P,L
C071B5,C-GRBO,C185,CESSNA 185 Skywagon,L1P,L
C072B5,C-GRLK,B06,BELL 206 JetRanger,H1T,L
C074B5,C-GSFC,C172,CESSNA 172 Skyhawk,L1P,L
C075B5,C-GSOY,O1,CESSNA 305/341 Bird Dog,L1P,L
C078B5,C-GTSM,SR22,CIRRUS SR-22,L1P,L
C079B5,C-GUCI,C172,CESSNA 172 Skyhawk,L1P,L
C07AB5,C-GUME,ULAC,,L0-,-
C07BB5,C-GUWA,C185,CESSNA 185 Skywagon,L1P,L
C07CB5,C-GVFW,C172,CESSNA 172 Skyhawk,L1P,L
C07DB5,C-GVPS,H269,HUGHES Sky Knight,H1P,L
C07EB5,C-GVZO,BALL,,B0-,-
C07FB5,C-GWJK,DH8D,DE HAVILLAND DHC-8-400 Dash 8,L2T,M
C081B5,C-GXDC,,,,
C082B5,C-GXMY,C182,CESSNA 182 Skylane,L1P,L
C083B5,C-GXWU,BALL,,B0-,-
C084B5,C-GYGQ,C172,CESSNA 172 Skyhawk,L1P,L
C086B5,C-GZAI,C82R,CESSNA R182 Skylane RG,L1P,L
C087B5,C-GZKE,C152,CESSNA 152,L1P,L
C088B5,C-GZUA,BALL,,B0-,-
C089B5,C-IADW,ULAC,,L0-,-
C08AB5,C-IANS,,,,
C08BB5,C-IAXO,ULAC,,L0-,-
C08CB5,C-IBHK,ULAC,,L0-,-
C08DB5,C-IBRG,,,,
C08EB5,C-ICBC,ULAC,,L0-,-
C08FB5,C-ICKY,ULAC,,L0-,-
C090B5,C-ICUU,ULAC,,L0-,-
C091B5,C-IDEQ,ULAC,,L0-,-
C094B5,C-IEIE,ULAC,,L0-,-
C095B5,C-IESA,TNDR,DREAM Tundra,L1P,L
C097B5,C-IFLS,ULAC,,L0-,-
C099B5,C-IGFK,SKRA,BEST OFF Sky Ranger,L1P,L
C09AB5,C-IGPG,,,,
C09DB5,C-IHSU,ULAC,,L0-,-
C09EB5,C-IICQ,PARA,,P0-,-
C09FB5,C-IIMM,ULAC,,L0-,-
C0A1B5,C-IJGE,PARA,,P0-,-
C0A2B5,C-IJQA,ULAC,,L0-,-
C0A4B5,C-IKJS,ULAC,,L0-,-
C0A5B5,C-IKTO,PARA,,P0-,-
C0A6B5,C-ILDK,ULAC,,L0-,-
C0A7B5,C-ILNG,PARA,,P0-,-
C0A8B5,C-ILXC,,,,
C0A9B5,C-IMGY,ULAC,,L0-,-
C0B9B5,C-ISIM,BEVR,ASAP Beaver,L1P,L
C0C5B5,C-IWWQ,ULAC,,L0-,-
C1E5B5,SERV,SERV,,V0-,-
C1E9B5,SERV,SERV,,V0-,-
C800B5,ZK-BFV,PA18,PIPER PA-18 Super Cub,L1P,L
C801B5,ZK-CJB,JUNR,BOLKOW BO-208 Junior,L1P,L
C802B5,ZK-DFT,C337,CESSNA 337 Super Skymaster,L2P,L
C803B5,ZK-DXY,C172,CESSNA 172 Skyhawk,L1P,L
C809B5,ZK-HVB,EXEC,ROTORWAY Exec,H1P,L
C80CB5,ZK-KLH,STST,CFM Star Streak,L1P,L
C80EB5,ZK-NGU,ULAC,,L0-,-
C80FB5,ZK-EYG,PA38,PIPER PA-38 Tomahawk,L1P,L
C811B5,ZK-HBM,H269,HUGHES Sky Knight,H1P,L
C812B5,ZK-TYS,YK52,YAKOVLEV Yak-52,L1P,L
C814B5,ZK-DLR,ULAC,,L0-,-
C815B5,ZK-TNT,CJ1,CORBY CJ-1 Starlet,L1P,L
C818B5,ZK-JPY,TERR,FOXCON Terrier,L1P,L
C819B5,ZK-HWP,R44,ROBINSON R-44 Raven,H1P,L
C81AB5,ZK-ION,R22,ROBINSON R-22 Mariner,H1P,L
C81CB5,ZK-WSV,T51,TITAN T-51 Mustang,L1P,L
C81DB5,ZK-HIY,AS50,AEROSPATIALE AS-350 Ecureuil,H1T,L
C821B5,ZK-HKK,R44,ROBINSON R-44 Raven,H1P,L
C822B5,ZK-LDY,SR22,CIRRUS SR-22,L1P,L
C823B5,ZK-IWE,AS50,AEROSPATIALE AS-350 Ecureuil,H1T,L
E481B5,PP-WIN,LJ60,LEARJET 60,L2J,M
E48CB5,PP-AMK,F2TH,DASSAULT Falcon 2000,L2J,M
E48DB5,PR-IPM,C208,CESSNA 208 Caravan,L1T,L
E48EB5,PP-CGG,E55P,EMBRAER EMB-505 Phenom 300,L2J,M
E48FB5,PR-GXU,B738,BOEING 737-800,L2J,M
E490B5,PP-SRG,SR22,CIRRUS SR-22,L1P,L
E491B5,PR-CRC,G280,GULFSTREAM G280,L2J,M
E492B5,PR-YRF,A20N,AIRBUS A-320neo,L2J,M
E493B5,PT-VLZ,PA34,PIPER PA-34 Seneca,L2P,L
E494B5,PP-BFA,BE9L,BEECH 90 King Air,L2T,L
E496B5,PS-JPR,C25B,CESSNA 525B Citation CJ3,L2J,L
E498B5,PS-LJD,C525,CESSNA 525 CitationJet,L2J,L
E499B5,PS-BTU,HA4T,RAYTHEON 4000 Hawker Horizon,L2J,M
E880B5,ZP-BEO,C210,CESSNA 201 Centurion,L1P,L
