0090B7,ZS-GHY,GLID,,L0-,-
0093B7,ZS-HLM,R44,ROBINSON R-44 Raven,H1P,L
0096B7,ZS-IPA,PA22,PIPER PA-22,L1P,L
00A0B7,ZS-MJM,B36T,BEECH 36 Turbine Bonanza,L1T,L
00A1B7,41399,A139,AGUSTA AW-139,H2T,L
00A9B7,ZS-PUC,B190,BEECH 1900,L2T,M
00B1B7,ZS-SUW,PRM1,RAYTHEON 390 Premier 1,L2J,L
0101B7,SU-GEG,B738,BOEING 737-800,L2J,M
0200B7,CN-BTH,TEX2,BEECHCRAFT T-6 Texan 2,L1T,L
0642B7,5N-BZP,H25B,HAWKER BEECHCRAFT Hawker 750/850,L2J,M
06A0B7,A7-BCS,B788,BOEING 787-8 Dreamliner,L2J,H
06A1B7,A7-GAD,A189,AGUSTA AW-189,H2T,M
06A2B7,A7-BES,B77W,BOEING 777-300ER,L2J,H
0900B7,D2-EUO,DH8D,DE HAVILLAND DHC-8-400 Dash 8,L2T,M
0A80B7,C6-TAN,PA31,PIPER PA-31-300/310/325/350/425,L2P,L
0AC3B7,HK-5259,S22T,CIRRUS SR-22T Turbo,L1P,L
0AC7B7,EJC2103,H60,SIKORSKY UH-60 Black Hawk,H2T,M
0AC8B7,FAC3123,E314,EMBRAER EMB-314 Super Tucano,L1T,L
0AC9B7,HK-2978G,P28A,PIPER PA-28-140/150/160/180,L1P,L
0D06B7,XA-UQK,P32R,PIPER PA-32R-300/301/301T,L1P,L
0D07B7,XC-LNT,B350,BEECHCRAFT Super King Air 350,L2T,M
0D08B7,XA-LBO,E35L,EMBRAER EMB-135 Legacy,L2J,M
0D0AB7,XA-MAP,A21N,AIRBUS A-321neo,L2J,M
0D0BB7,XA-DOC,LJ35,LEARJET 35,L2J,M
0D83B7,YV3476,LJ55,LEARJET 55,L2J,M
1407B7,RA-01975,A139,AGUSTA AW-139,H2T,L
140AB7,RA-02743,E190,EMBRAER ERJ-190-100,L2J,M
14A5B7,RA-42423,YK42,YAKOVLEV Yak-142,L3J,M
14B3B7,RA-46007,,,,
151DB7,RA-73143,B77W,BOEING 777-300ER,L2J,H
151FB7,RA-73655,B738,BOEING 737-800,L2J,M
155BB7,RA-89015,SU95,SUKHOI Superjet 100-95,L2J,M
3001B7,I-DYBY,PA34,PIPER PA-34 Seneca,L2P,L
3005B7,I-OZZA,P208,TECNAM P-2008,L1P,L
3006B7,I-AMIL,RV7,VANS RV-7,L1P,L
3007B7,I-MLTY,AS50,AEROSPATIALE AS-350 Ecureuil,H1T,L
3008B7,I-ATLS,EC45,AIRBUS HELICOPTERS EC-145,H2T,L
31D9B7,I-7756,ECHO,TECNAM P-92 Echo,L1P,L
33FDB7,MM81787,H47,BOEING-VERTOL CH-47 Chinook,H2T,M
33FFB7,MM62220,C27J,ALENIA C-27J Spartan,L2T,M
3834B7,F-BNFX,P28A,PIPER PA-28-140/150/160/180,L1P,L
383CB7,F-BPFX,P28R,PIPER PA-28R-180/200/201,L1P,L
3848B7,F-BSFX,ST10,SOCATA ST-10 Super Horizon,L1P,L
385DB7,F-BXNX,C150,CESSNA 150,L1P,L
3902B7,F-GAVX,DR40,ROBIN DR-400,L1P,L
3904B7,F-GBFX,C152,CESSNA 152,L1P,L
3912B7,F-GEVX,TB20,SOCATA TB-20 Trinidad,L1P,L
3919B7,F-GGNX,TB20,SOCATA TB-20 Trinidad,L1P,L
391EB7,F-GHVX,C152,CESSNA 152,L1P,L
392EB7,F-GLVX,DR40,ROBIN DR-400,L1P,L
3935B7,F-GNNX,DR40,ROBIN DR-400,L1P,L
3938B7,F-GOFX,F900,DASSAULT Falcon 900,L3J,M
393AB7,F-GOVX,DR40,ROBIN DR-400,L1P,L
3952B7,F-GUVX,DA40,DIAMOND DA-40 Club Star,L1P,L
3981B7,F-HANX,SIRA,TECNAM P-2002 Sierra,L1P,L
3988B7,F-HCFX,C172,CESSNA 172 Skyhawk,L1P,L
39CEB7,F-HTVX,B738,BOEING 737-800,L2J,M
3A09B7,F-OCNX,C172,CESSNA 172 Skyhawk,L1P,L
3AAAB7,1443,NH90,NHI NH-90,H2T,M
3AABB7,F-MDAN,PUMA,AEROSPATIALE SA-330 Puma,H2T,L
3B76B7,F-RAWI,AS55,AEROSPATIALE AS-355 Ecureuil 2,H2T,L
3B77B7,R213,C160,TRANSALL C-160,L2T,M
3B9BB7,72,FA20,DASSAULT Falcon 200,L2J,M
3C49B7,D-ABMW,GA6C,GULFSTREAM G600,L2J,M
3C66B7,D-AIUW,A320,AIRBUS A-320,L2J,M
3C70B7,D-ALEW,B752,BOEING 757-200,L2J,M
3CD3B7,D-CHMD,E55P,EMBRAER EMB-505 Phenom 300,L2J,M
3D05B7,D-EAKL,DR40,ROBIN DR-400,L1P,L
3D07B7,D-EBED,SR20,CIRRUS SR-20,L1P,L
3D0AB7,D-ECHR,C177,CESSNA  177 Cardinal,L1P,L
3D0DB7,D-EDLF,DR40,ROBIN DR-400,L1P,L
3D0FB7,D-EEEX,SC01,FFT Speed Canard,L1P,L
3D12B7,D-EFIL,PA38,PIPER PA-38 Tomahawk,L1P,L
3D14B7,D-EGCD,C172,CESSNA 172 Skyhawk,L1P,L
3D16B7,D-EGVV,G120,GROB G-120,L1P,L
3D17B7,D-EHFR,C172,CESSNA 172 Skyhawk,L1P,L
3D18B7,D-EHPN,C172,CESSNA 172 Skyhawk,L1P,L
3D1BB7,D-EITB,SR22,CIRRUS SR-22,L1P,L
3D1CB7,D-EJCX,ULAC,,L0-,-
3D1DB7,D-EJMT,C172,CESSNA 172 Skyhawk,L1P,L
3D1EB7,D-EJWP,TB20,SOCATA TB-20 Trinidad,L1P,L
3D1FB7,D-EKGL,M20P,MOONEY M-20,L1P,L
3D21B7,D-ELAD,C172,CESSNA 172 Skyhawk,L1P,L
3D23B7,D-ELTV,DV20,DIAMOND DA-20,L1P,L
3D2CB7,D-EPEL,PELI,FLYER Pelican,L1P,L
3D2DB7,D-EPOH,R300,ROBIN R-3000/3100/3120/3140,L1P,L
3D31B7,D-ERBR,BE23,BEECH 23 Sundowner,L1P,L
3D38B7,D-ETSP,C172,CESSNA 172 Skyhawk,L1P,L
3D3AB7,D-EUMH,SR22,CIRRUS SR-22,L1P,L
3D56B7,D-FFBZ,PC6T,PILATUS PC-6 Turbo-Porter,L1T,L
3D6FB7,D-FOOD,PC12,PILATUS PC-12,L1T,L
3D90B7,D-GBBB,DA42,DIAMOND DA-42 Guardian,L2P,L
3D99B7,D-GELR,DA42,DIAMOND DA-42 Guardian,L2P,L
3DD2B7,D-HAAX,R44,ROBINSON R-44 Raven,H1P,L
3DD4B7,D-HAUP,AS50,AEROSPATIALE AS-350 Ecureuil,H1T,L
3DD6B7,D-HBOH,R44,ROBINSON R-44 Raven,H1P,L
3DE4B7,D-HGWD,EC35,AIRBUS HELICOPTERS EC-135/635,H2T,L
3DF3B7,D-HMNV,AS32,AEROSPATIALE AS-332 Super Puma,H2T,M
3E03B7,D-HSPJ,H269,HUGHES Sky Knight,H1P,L
3E47B7,D-ISIX,BE9L,BEECH 90 King Air,L2T,L
3E5DB7,D-KARN,GLID,,L0-,-
3E61B7,D-KCEX,GLID,,L0-,-
3E66B7,D-KECD,VENT,SCHEMPP-HIRTH Ventus,L1P,L
3E67B7,D-KELZ,SF25,SCHEIBE SF-25 Falke,L1P,L
3E6DB7,D-KGTB,DIMO,DIAMOND H-36 Dimona,L1P,L
3E7EB7,D-KNEL,G109,GROB G-109,L1P,L
3EC9B7,D-KRIT,DG50,DG FLUGZEUGBAU DG-500M,L1P,L
3ECBB7,D-KSCL,AS29,SCHLEICHER ASG-29,L1P,L
3EE2B7,D-0544,GLID,,L0-,-
3EEBB7,D-2848,GLID,,L0-,-
3F00B7,D-8224,GLID,,L0-,-
3FEAB7,D-MWPH,C42,IKARUS C-42 Bison,L1P,L
3FEBB7,D-MNIL,WT9,AEROSPOOL WT-9 Dynamic,L1P,L
3FECB7,D-MSBG,G3,REMOS Mirage,L1P,L
3FEDB7,D-MMMV,MT,ROTORSPORT MTOSport,G1P,L
3FF2B7,D-MEGL,MM24,MAGNI M-24 Orion,G1P,L
3FF3B7,D-MEGP,C42,IKARUS C-42 Bison,L1P,L
3FF4B7,D-MDSW,ULAC,,L0-,-
3FF6B7,D-MYSF,C42,IKARUS C-42 Bison,L1P,L
400CB7,G-BTZA,BE33,BEECH 33 Bonanza,L1P,L
400EB7,G-BYWB,G115,GROB G-115,L1P,L
400FB7,G-PETS,DA42,DIAMOND DA-42 Guardian,L2P,L
4011B7,G-BRNT,DR40,ROBIN DR-400,L1P,L
4012B7,G-OPUK,P28A,PIPER PA-28-140/150/160/180,L1P,L
4016B7,G-AVBG,P28A,PIPER PA-28-140/150/160/180,L1P,L
4018B7,G-AYJD,RF3,FOURNIER RF-3,L1P,L
401BB7,G-BCXE,DR40,ROBIN DR-400,L1P,L
401CB7,G-BEZF,AA5,AMERICAN AA-5 Tiger,L1P,L
401EB7,G-BHZU,J3,PIPER J-3 Cub,L1P,L
4023B7,G-MBTW,ULAC,,L0-,-
4028B7,G-MTHH,ULAC,,L0-,-
402BB7,G-OPST,C182,CESSNA 182 Skylane,L1P,L
4039B7,G-KTTY,FOX,KITFOX,L1P,L
403CB7,G-BWVT,DH82,DE HAVILLAND DH-82 Tiger Moth,L1P,L
403DB7,G-FABA,PA31,PIPER PA-31-300/310/325/350/425,L2P,L
4040B7,G-IGGL,TOBA,SOCATA Tobago,L1P,L
4043B7,G-HGRB,R44,ROBINSON R-44 Raven,H1P,L
4047B7,G-CBRX,CH60,ZENAIR CH-600 Zodiac,L1P,L
404AB7,G-MUTZ,JAB4,JABIRU J200-450,L1P,L
404CB7,G-RSKY,SKRA,BEST OFF Sky Ranger,L1P,L
404FB7,G-HARD,MCR1,COLOMBAN Ban-Bi,L1P,L
4050B7,G-CEFJ,SONX,SONEX AIRCRAFT Sonex,L1P,L
4052B7,G-CJCK,DISC,SCHEMPP-HIRTH Discus,L1P,L
4054B7,G-NIKX,R44,ROBINSON R-44 Raven,H1P,L
4055B7,G-JASS,BE20,BEECH 200 Super King Air,L2T,M
4056B7,G-CHRH,DISC,SCHEMPP-HIRTH Discus,L1P,L
405FB7,G-HMHM,MT,ROTORSPORT MTOSport,G1P,L
4063B7,G-RMPI,ULAC,,L0-,-
4065B7,G-TECT,P06T,TECNAM P-2006T,L2P,L
4066B7,G-JIMC,RV7,VANS RV-7,L1P,L
4067B7,G-CHHB,AP22,AEROPRACT A-22,L1P,L
4069B7,G-NJPG,SKRA,BEST OFF Sky Ranger,L1P,L
406AB7,G-OENB,A189,AGUSTA AW-189,H2T,M
406BB7,SP-SPY,CRUZ,CSA PS-28 Cruiser,L1P,L
406CB7,G-CIJP,BE36,BEECH 36 Bonanza,L1P,L
406DB7,G-MCAZ,R44,ROBINSON R-44 Raven,H1P,L
406EB7,G-HUXY,C152,CESSNA 152,L1P,L
406FB7,G-IISC,E300,EXTRA EA-300/330/350,L1P,L
4070B7,G-CJCS,BALL,,B0-,-
4071B7,G-CJLD,ULAC,,L0-,-
4072B7,G-PRPO,DH8D,DE HAVILLAND DHC-8-400 Dash 8,L2T,M
4074B7,G-UZHG,A20N,AIRBUS A-320neo,L2J,M
4075B7,G-XIVA,RV14,VANS RV-14,L1P,L
4077B7,G-CLDV,CLON,AUTOGYRO Cavalon,G1P,L
4078B7,G-PMCM,P46T,PIPER PA-46-500TP,L1T,L
407BB7,G-CMAH,C152,CESSNA 152,L1P,L
407DB7,G-UASD,VFHC,,D0-,-
4241B7,VP-CTA,GLF5,GULFSTREAM 5,L2J,M
4244B7,VQ-BFR,B738,BOEING 737-800,L2J,M
4247B7,VP-CSC,B788,BOEING 787-8 Dreamliner,L2J,H
4248B7,VP-CJA,B738,BOEING 737-800,L2J,M
424BB7,M-ABOK,B738,BOEING 737-800,L2J,M
43C8B7,ZM304,G12T,GROB G-120TP,L1T,L
43EEB7,2-TFCA,B752,BOEING 757-200,L2J,M
4400B7,OE-IZL,A320,AIRBUS A-320,L2J,M
4401B7,OE-FXJ,EA50,ECLIPSE 550,L2J,L
4404B7,OE-9456,DIMO,DIAMOND H-36 Dimona,L1P,L
4405B7,OE-KAY,DA40,DIAMOND DA-40 Club Star,L1P,L
4407B7,OE-XGS,AS55,AEROSPATIALE AS-355 Ecureuil 2,H2T,L
440AB7,OE-KKV,S22T,CIRRUS SR-22T Turbo,L1P,L
440BB7,OE-LAW,B763,BOEING 767-300,L2J,H
440CB7,OE-DCM,P210,CESSNA P210 Centurion,L1P,L
4489B7,OO-BMW,BALL,,B0-,-
44A1B7,OO-HMW,EC20,AIRBUS HELICOPTERS EC-120,H1T,L
44B8B7,OO-NEW,SLG2,AIRPLANE FACTORY Sling 2,L1P,L
4586B7,OY-AUW,RALL,SOCATA Rallye,L1P,L
45A2B7,OY-HUW,EC25,AIRBUS HELICOPTERS EC-225/725,H2T,M
45B8B7,OY-NEW,FA8X,DASSAULT Falcon 8X,L3J,M
45E4B7,OY-YEW,DH8D,DE HAVILLAND DHC-8-400 Dash 8,L2T,M
463DB7,OH-XJR,RV7,VANS RV-7,L1P,L
46A0B7,SX-HEW,R22,ROBINSON R-22 Mariner,H1P,L
4749B7,HA-1296,SF25,SCHEIBE SF-25 Falke,L1P,L
477FB7,25,Z43,ZLIN Z-43/143,L1P,L
4784B7,LN-OKI,R44,ROBINSON R-44 Raven,H1P,L
4787B7,LN-EDB,C182,CESSNA 182 Skylane,L1P,L
4804B7,J-882,F16,GENERAL DYNAMICS F-16 Fighting Falcon,L1J,M
4848B7,PH-NEL,BALL,,B0-,-
4849B7,PH-1372,GLID,,L0-,-
484AB7,PH-NNN,CRUZ,CSA PS-28 Cruiser,L1P,L
484CB7,PH-BGQ,B737,BOEING 737-700,L2J,M
484DB7,PH-GOM,RAF2,ROTARY AIR FORCE RAF-2000,G1P,L
484EB7,PH-814,GLID,,L0-,-
4851B7,PH-1IN,ZZZZ,,-0-,-
4853B7,PH-1QB,ZZZZ,,-0-,-
4855B7,PH-2GR,ZZZZ,,-0-,-
4856B7,PH-2TB,ZZZZ,,-0-,-
4889B7,SP-CNY,C82R,CESSNA R182 Skylane RG,L1P,L
4891B7,SP-ENY,B738,BOEING 737-800,L2J,M
4896B7,SP-FZY,C152,CESSNA 152,L1P,L
48A6B7,SP-KZY,C172,CESSNA 172 Skyhawk,L1P,L
4906B7,CS-AUW,C210,CESSNA 201 Centurion,L1P,L
4951B7,CS-TMW,A320,AIRBUS A-320,L2J,M
4955B7,CS-UMW,TL20,TL ULTRALIGHT TL-2000 Sting,L1P,L
49D0B7,OK-MPJ,Z26,ZLIN Z-26/126/226/326/526/626/726,L1P,L
49D2B7,OK-TVW,B737,BOEING 737-700,L2J,M
49D4B7,OK-JPE,S22T,CIRRUS SR-22T Turbo,L1P,L
4A35B7,339,EC35,AIRBUS HELICOPTERS EC-135/635,H2T,L
4A7FB7,YR-5414,NG5,BRM AERO NG-5/6 Bristell,L1P,L
4B07B7,HB-CXZ,C172,CESSNA 172 Skyhawk,L1P,L
4B08B7,HB-DHV,M20T,MOONEY M-20T,L1P,L
4B0BB7,HB-ELJ,BE35,BEECH 35 Starfire Bonanza,L1P,L
4B18B7,HB-JJJ,A319,AIRBUS A-319,L2J,M
4B1BB7,HB-KMX,P208,TECNAM P-2008,L1P,L
4B27B7,HB-PBB,P28A,PIPER PA-28-140/150/160/180,L1P,L
4B28B7,HB-PKX,P28T,PIPER PA-28RT-201,L1P,L
4B3AB7,HB-WGD,GYRO,,G0-,-
4B43B7,HB-ZQT,AS50,AEROSPATIALE AS-350 Ecureuil,H1T,L
4B49B7,HB-1296,GLID,,L0-,-
4B4AB7,HB-1552,GLID,,L0-,-
4B4DB7,HB-2320,DG80,DG FLUGZEUGBAU DG-800,L1P,L
4B4EB7,HB-2576,GLID,,L0-,-
4B7FB7,A-933,PC7,PILATUS PC-7 Astra,L1T,L
4CA7B7,EI-EGB,B738,BOEING 737-800,L2J,M
4CA8B7,EI-EOO,C42,IKARUS C-42 Bison,L1P,L
4CA9B7,EI-GOD,P28A,PIPER PA-28-140/150/160/180,L1P,L
4CAAB7,EI-ISO,B772,BOEING 777-200,L2J,H
4CACB7,EI-GCV,B737,BOEING 737-700,L2J,M
4CADB7,EI-IFW,B38M,BOEING 737 MAX 8,L2J,M
4CAFB7,EI-GGL,B38M,BOEING 737 MAX 8,L2J,M
4D02B7,LX-FLK,PC12,PILATUS PC-12,L1T,L
4D21B7,9H-UEC,A318,AIRBUS A-318,L2J,M
4D22B7,9H-LMI,A320,AIRBUS A-320,L2J,M
4D23B7,9H-VIK,GL7T,BOMBARDIER BD-700 Global 7000/7500,L2J,M
5001B7,T7-BT1,PA46,PIPER PA-46-310/350,L1P,L
5002B7,T7-DAT,P180,PIAGGIO P-180 Avanti,L2T,L
501DB7,9A-DHC,T206,CESSNA T206 Turbo Stationair,L1P,L
502CB7,YL-PPC,DA40,DIAMOND DA-40 Club Star,L1P,L
503CB7,LY-KDT,B735,BOEING 737-500,L2J,M
505CB7,OM-AZE,BE58,BEECH 58 Baron,L2P,L
505DB7,OM-KLW,P46T,PIPER PA-46-500TP,L1T,L
5083B7,UR-FAN,R66,ROBINSON R-66,H1T,L
600BB7,FHN-10201,BER2,BERIEV Be-200 Altair,A2J,M
70AEB7,9N-AJX,AT75,ATR-72-500,L2T,M
70AFB7,9N-AKX,A320,AIRBUS A-320,L2J,M
70C0B7,A4O-HMS,B748,BOEING 747-8,L4J,H
7100B7,HZ-AQ13,A333,AIRBUS A-330-300,L2J,H
7103B7,6001,SB20,SAAB 2000,L2T,M
717CB7,HZ-XF54,DA40,DIAMOND DA-40 Club Star,L1P,L
7502B7,9M-AQP,A320,AIRBUS A-320,L2J,M
7503B7,9M-LMO,AT76,ATR-72-600,L2T,M
7504B7,9M-POS,B734,BOEING 737-400,L2J,M
7582B7,RP-C9998,B350,BEECHCRAFT Super King Air 350,L2T,M
7583B7,RP-C4104,A320,AIRBUS A-320,L2J,M
7609B7,AP-BMW,A321,AIRBUS A-321,L2J,M
76CDB7,9V-SMW,A359,AIRBUS A-350-900,L2J,H
7800B7,B-3649,C525,CESSNA 525 CitationJet,L2J,L
7801B7,B-HNO,B773,BOEING 777-300,L2J,H
7804B7,B-6370,A320,AIRBUS A-320,L2J,M
7805B7,B-001N,AJ27,COMAC ARJ-21-700 Xiangfeng,L2J,M
7807B7,B-3182,E190,EMBRAER ERJ-190-100,L2J,M
7808B7,B-6906,A321,AIRBUS A-321,L2J,M
7809B7,B-5706,B738,BOEING 737-800,L2J,M
780AB7,B-LRL,A359,AIRBUS A-350-900,L2J,H
780BB7,B-2096,B77L,BOEING 777-200LR,L2J,H
780CB7,B-2486,B748,BOEING 747-8,L4J,H
780DB7,B-1790,B738,BOEING 737-800,L2J,M
780EB7,B-8220,A320,AIRBUS A-320,L2J,M
780FB7,B-8505,A320,AIRBUS A-320,L2J,M
7811B7,B-3269,GLF6,GULFSTREAM G650,L2J,M
7812B7,B-1349,A20N,AIRBUS A-320neo,L2J,M
7813B7,B-1105,B738,BOEING 737-800,L2J,M
7814B7,B-301J,A20N,AIRBUS A-320neo,L2J,M
7815B7,B-602C,AJ27,COMAC ARJ-21-700 Xiangfeng,L2J,M
7816B7,B-20AP,B38M,BOEING 737 MAX 8,L2J,M
7817B7,B-30AL,A359,AIRBUS A-350-900,L2J,H
7818B7,B-9603,C172,CESSNA 172 Skyhawk,L1P,L
7819B7,B-20EY,B738,BOEING 737-800,L2J,M
781AB7,B-321K,A20N,AIRBUS A-320neo,L2J,M
781BB7,B-12AG,SR20,CIRRUS SR-20,L1P,L
7B7EB7,B-4075,EC25,AIRBUS HELICOPTERS EC-225/725,H2T,M
7BB0B7,B-2685,B737,BOEING 737-700,L2J,M
7BC7B7,B-4090,A319,AIRBUS A-319,L2J,M
7C0AB7,VH-CEH,BE33,BEECH 33 Bonanza,L1P,L
7C0DB7,VH-CZT,A109,AGUSTA AW-109 Grand,H2T,L
7C1BB7,VH-FRD,MUS2,BUSHBY M-2 Mustang 2,L1P,L
7C1CB7,VH-FYH,B06,BELL 206 JetRanger,H1T,L
7C28B7,VH-IBT,Y18T,YAKOVLEV Yak-18T,L1P,L
7C2DB7,VH-JBD,C170,CESSNA 170,L1P,L
7C2FB7,VH-JPL,P28A,PIPER PA-28-140/150/160/180,L1P,L
7C30B7,VH-JWP,BE58,BEECH 58 Baron,L2P,L
7C37B7,VH-LAH,S76,SIKORSKY S-76 Spirit,H2T,L
7C3FB7,VH-MVD,C172,CESSNA 172 Skyhawk,L1P,L
7C42B7,VH-NGP,C402,CESSNA 402 Businessliner,L2P,L
7C44B7,VH-NUX,C208,CESSNA 208 Caravan,L1T,L
7C48B7,VH-OND,RODS,RIHN One Design,L1P,L
7C4CB7,VH-PFT,BE20,BEECH 200 Super King Air,L2T,M
7C4DB7,VH-PMX,PA32,PIPER PA-32,L1P,L
7C56B7,VH-REX,B738,BOEING 737-800,L2J,M
7C5BB7,VH-SEH,PA25,PIPER PA-25 Pawnee,L1P,L
7C5DB7,VH-SSP,SONX,SONEX AIRCRAFT Sonex,L1P,L
7C5EB7,VH-SZT,BOLT,STEEN Skybolt,L1P,L
7C65B7,VH-UDL,TNDR,DREAM Tundra,L1P,L
7C66B7,VH-UKP,GLID,,L0-,-
7C67B7,VH-URT,BE20,BEECH 200 Super King Air,L2T,M
7C68B7,VH-UYX,E55P,EMBRAER EMB-505 Phenom 300,L2J,M
7C6CB7,VH-VRD,EC30,AIRBUS HELICOPTERS EC-130,H1T,L
7C6DB7,VH-VYH,B738,BOEING 737-800,L2J,M
7C6FB7,VH-WCP,C210,CESSNA 201 Centurion,L1P,L
7C70B7,VH-WJT,CH25,ZENAIR CH-250 Zenith,L1P,L
7C79B7,VH-YBT,DA42,DIAMOND DA-42 Guardian,L2P,L
7C7EB7,VH-ZBD,BT36,BEECH B36TC Bonanza,L1P,L
7C7FB7,VH-ZIH,C310,CESSNA 310,L2P,L
7C80B7,VH-ZPL,C172,CESSNA 172 Skyhawk,L1P,L
7C81B7,VH-ZWP,C182,CESSNA 182 Skylane,L1P,L
7CBBB7,19-7109,WACO,WACO E/O,L1P,L
7CC3B7,24-8563,EVSS,EVEKTOR SportStar,L1P,L
7CF9B7,N48-024,H60,SIKORSKY UH-60 Black Hawk,H2T,M
8002B7,H2378,A748,AVRO 748,L2T,M
8007B7,VT-LSR,E170,EMBRAER ERJ-170-100,L2J,M
800BB7,VT-ITK,A20N,AIRBUS A-320neo,L2J,M
800DB7,VT-IYZ,AT76,ATR-72-600,L2T,M
8013B7,VT-RBC,P208,TECNAM P-2008,L1P,L
8014B7,VT-JSD,A169,AGUSTA AW-169,H2T,L
841AB7,JA07DR,B505,BELL 505 JetRanger X,H1T,L
84B4B7,JA208P,A20N,AIRBUS A-320neo,L2J,M
8681B7,JA73NR,B738,BOEING 737-800,L2J,M
86D2B7,JA816P,A320,AIRBUS A-320,L2J,M
8832B7,HS-LUW,B738,BOEING 737-800,L2J,M
8881B7,VN-A486,F2TH,DASSAULT Falcon 2000,L2J,M
8940B7,A9C-BRF,RJ70,AVRO RJ-70 Avroliner,L4J,M
8963B7,A6-FEU,B738,BOEING 737-800,L2J,M
8964B7,A6-EVI,A388,AIRBUS A-380-800,L4J,H
8965B7,A6-KWT,ECHO,TECNAM P-92 Echo,L1P,L
8990B7,B-16928,A169,AGUSTA AW-169,H2T,L
8991B7,B-18309,A333,AIRBUS A-330-300,L2J,H
8A07B7,PK-AZN,A320,AIRBUS A-320,L2J,M
8A08B7,PK-SAW,A320,AIRBUS A-320,L2J,M
A001B7,N1TM,GLF4,GULFSTREAM 4,L2J,M
A004B7,N100AC,CL60,BOMBARDIER CL-600 Challenger,L2J,M
A005B7,N100LJ,E55P,EMBRAER EMB-505 Phenom 300,L2J,M
A008B7,N101DA,DA42,DIAMOND DA-42 Guardian,L2P,L
A009B7,N101PG,C680,CESSNA 680 Citation Sovereign,L2J,M
A00BB7,N10169,COUG,ACRO SPORT Cougar,L1P,L
A00EB7,N10211,G164,GRUMMAN G-164 Ag-Cat,L1P,L
A00FB7,N1029B,M20P,MOONEY M-20,L1P,L
A012B7,N10334,WACF,WACO F,L1P,L
A013B7,N104BP,RV10,VANS RV-10,L1P,L
A016B7,N10457,C206,CESSNA  206 Stationair,L1P,L
A017B7,N105EM,RELI,STINSON Reliant,L1P,L
A01AB7,N1058,,,,
A01CB7,N106TR,COY2,RANS Coyote 2,L1P,L
A01EB7,N107AB,PA34,PIPER PA-34 Seneca,L2P,L
A022B7,N108D,,,,
A023B7,N108PF,C82S,CESSNA T182 Turbo Skylane,L1P,L
A027B7,N109SD,S22T,CIRRUS SR-22T Turbo,L1P,L
A029B7,N1099A,BE36,BEECH 36 Bonanza,L1P,L
A02AB7,N11JW,CH7B,BELLANCA 7 Citabria,L1P,L
A02BB7,N11VB,BE35,BEECH 35 Starfire Bonanza,L1P,L
A02EB7,N1101J,,,,
A031B7,N111UL,C210,CESSNA 201 Centurion,L1P,L
A032B7,N1113M,T210,CESSNA T210 Turbo Centurion,L1P,L
A034B7,N112MC,O1,CESSNA 305/341 Bird Dog,L1P,L
A03AB7,N1137T,BE55,BEECH 55 Baron,L2P,L
A03BB7,N114GT,AC11,NORTH AMERICAN ROCKWELL Commander 112/114,L1P,L
A03CB7,N114SZ,GLID,,L0-,-
A042B7,N116CH,SREY,PROGRESSIVE AERODYNE SeaRey,A1P,L
A046B7,N117FF,C182,CESSNA 182 Skylane,L1P,L
A049B7,N1178U,T210,CESSNA T210 Turbo Centurion,L1P,L
A04DB7,N119AW,L29,AERO L-29 Delfin,L1J,L
A04EB7,N119MB,M20P,MOONEY M-20,L1P,L
A050B7,N1195P,R44,ROBINSON R-44 Raven,H1P,L
A051B7,N12DU,T206,CESSNA T206 Turbo Stationair,L1P,L
A052B7,N12Q,C402,CESSNA 402 Businessliner,L2P,L
A054B7,N120LL,RV12,VANS RV-12,L1P,L
A055B7,N120WS,ULAC,,L0-,-
A056B7,N12048,,,,
A057B7,N121DC,TLEG,LEGEND Turbine Legend,L1T,L
A058B7,N121PJ,SVNH,AEROTEC Savannah,L1P,L
A05AB7,N1217A,B763,BOEING 767-300,L2J,H
A05BB7,N122GA,GA7C,GULFSTREAM G700,L2J,M
A05DB7,N12213,C172,CESSNA 172 Skyhawk,L1P,L
A060B7,N123VE,RV9,VANS RV-9,L1P,L
A061B7,N12336,C172,CESSNA 172 Skyhawk,L1P,L
A065B7,N12459,C172,CESSNA 172 Skyhawk,L1P,L
A066B7,N125EP,AS50,AEROSPATIALE AS-350 Ecureuil,H1T,L
A068B7,N12501,C172,CESSNA 172 Skyhawk,L1P,L
A069B7,N1258B,C208,CESSNA 208 Caravan,L1T,L
A06CB7,N12624,C172,CESSNA 172 Skyhawk,L1P,L
A070B7,N12747,SR22,CIRRUS SR-22,L1P,L
A071B7,N128DB,S22T,CIRRUS SR-22T Turbo,L1P,L
A074B7,N1287,P210,CESSNA P210 Centurion,L1P,L
A075B7,N129G,O1,CESSNA 305/341 Bird Dog,L1P,L
A078B7,N1299C,PA18,PIPER PA-18 Super Cub,L1P,L
A07DB7,N1301L,C207,CESSNA 207 Turbo Stationair,L1P,L
A081B7,N1313P,PA18,PIPER PA-18 Super Cub,L1P,L
A083B7,N132ME,C82S,CESSNA T182 Turbo Skylane,L1P,L
A085B7,N1325S,C182,CESSNA 182 Skylane,L1P,L
A086B7,N133DX,BU33,BUCKER Bu-133 Jungmeister,L1P,L
A089B7,N1337V,,,,
A08BB7,N134TA,,,,
A08CB7,N1342M,ST75,STEARMAN Kaydet,L1P,L
A08DB7,N1349Y,C172,CESSNA 172 Skyhawk,L1P,L
A08EB7,N135KT,R44,ROBINSON R-44 Raven,H1P,L
A090B7,N1354Q,C150,CESSNA 150,L1P,L
A093B7,N136YX,WAIX,SONEX Waiex,L1P,L
A097B7,N1371K,,,,
A099B7,N138JF,RV8,VANS RV-8,L1P,L
A09DB7,N139MD,L39,LET L-39 Albatros,L1J,L
A09FB7,N1395R,AA5,AMERICAN AA-5 Tiger,L1P,L
A0A0B7,N14DW,P32R,PIPER PA-32R-300/301/301T,L1P,L
A0A1B7,N14QB,HDJT,HONDA HondaJet,L2J,L
A0A2B7,N140AG,T28,NORTH AMERICAN T-28,L1P,L
A0A6B7,N141DE,C310,CESSNA 310,L2P,L
A0ADB7,N1429F,C172,CESSNA 172 Skyhawk,L1P,L
A0B5B7,N145ER,RLU1,RLU Super Breezy,L1P,L
A0BDB7,N147LM,AS50,AEROSPATIALE AS-350 Ecureuil,H1T,L
A0BEB7,N147WT,B47G,BELL 47G,H1P,L
A0BFB7,N14749,FA24,FAIRCHILD F-24 Argus,L1P,L
A0C7B7,N1499E,CH7A,BELLANCA 7 Champion,L1P,L
A0C8B7,N15K,,,,
A0CAB7,N150FL,C150,CESSNA 150,L1P,L
A0CCB7,N1501N,J3,PIPER J-3 Cub,L1P,L
A0D8B7,N1537X,P28A,PIPER PA-28-140/150/160/180,L1P,L
A0DBB7,N1542P,PA22,PIPER PA-22,L1P,L
A0E0B7,N156CM,RV6,VANS RV-6,L1P,L
A0E8B7,N158JH,HIGH,JUST JA20 Highlander,L1P,L
A0E9B7,N158UP,A306,AIRBUS A-300-600,L2J,H
A0EBB7,N159B,PA23,PIPER PA-23,L2P,L
A0ECB7,N159MF,CH60,ZENAIR CH-600 Zodiac,L1P,L
A0EFB7,N16DY,KR2,RAND KR-2,L1P,L
A0F3B7,N160WW,HUSK,CHRISTEN Husky,L1P,L
A0F5B7,N161DG,EFOX,AEROPRO Eurofox,L1P,L
A0F8B7,N1617E,CH7A,BELLANCA 7 Champion,L1P,L
A0FBB7,N16217,B738,BOEING 737-800,L2J,M
A0FCB7,N1629H,SR22,CIRRUS SR-22,L1P,L
A0FFB7,N1634,T6,NORTH AMERICAN T-6 Texan,L1P,L
A101B7,N164NA,PA38,PIPER PA-38 Tomahawk,L1P,L
A103B7,N1646C,C172,CESSNA 172 Skyhawk,L1P,L
A107B7,N1658F,C172,CESSNA 172 Skyhawk,L1P,L
A10AB7,N16628,PTS1,PITTS S-1 Special,L1P,L
A10CB7,N167LP,C82T,CESSNA TR182 Turbo Skylane RG,L1P,L
A114B7,N169SK,,,,
A116B7,N1699G,CH7A,BELLANCA 7 Champion,L1P,L
A118B7,N17VH,EXEC,ROTORWAY Exec,H1P,L
A11BB7,N1701Q,C150,CESSNA 150,L1P,L
A11EB7,N171US,A321,AIRBUS A-321,L2J,M
A120B7,N172BC,C172,CESSNA 172 Skyhawk,L1P,L
A123B7,N1725W,BE35,BEECH 35 Starfire Bonanza,L1P,L
A124B7,N173EA,T34P,BEECH T-34 Mentor,L1P,L
A12AB7,N1742R,T28,NORTH AMERICAN T-28,L1P,L
A12BB7,N17492,AERK,AERONCA Sea Scout,L1P,L
A12DB7,N175WC,,,,
A12EB7,N1754U,C207,CESSNA 207 Turbo Stationair,L1P,L
A12FB7,N176CP,T206,CESSNA T206 Turbo Stationair,L1P,L
A135B7,N1771P,PA22,PIPER PA-22,L1P,L
A139B7,N1783S,BALL,,B0-,-
A13AB7,N179BB,TL20,TL ULTRALIGHT TL-2000 Sting,L1P,L
A13CB7,N179XP,C172,CESSNA 172 Skyhawk,L1P,L
A13EB7,N18E,BE18,BEECH 18 Expetitor,L2P,L
A141B7,N180LS,P28A,PIPER PA-28-140/150/160/180,L1P,L
A143B7,N1805D,BT36,BEECH B36TC Bonanza,L1P,L
A144B7,N181DJ,P28A,PIPER PA-28-140/150/160/180,L1P,L
A145B7,N181PQ,CRJ9,BOMBARDIER Regional Jet CRJ-900,L2J,M
A147B7,N1817G,CH7A,BELLANCA 7 Champion,L1P,L
A148B7,N182GG,C182,CESSNA 182 Skylane,L1P,L
A14BB7,N1829K,L8,LUSCOMBE 8,L1P,L
A152B7,N1846E,CH7A,BELLANCA 7 Champion,L1P,L
A153B7,N185EV,EVSS,EVEKTOR SportStar,L1P,L
A154B7,N185RA,C185,CESSNA 185 Skywagon,L1P,L
A15DB7,N1875C,C25A,CESSNA 525A Citation CJ2,L2J,L
A15EB7,N188DH,M20P,MOONEY M-20,L1P,L
A15FB7,N188PP,C25M,CESSNA 525 Citation M2,L2J,L
A161B7,N1887F,C210,CESSNA 201 Centurion,L1P,L
A163B7,N189SM,DFLY,VIKING Dragonfly,L1P,L
A164B7,N18918,BE23,BEECH 23 Sundowner,L1P,L
A166B7,N19KD,AC50,NORTH AMERICAN ROCKWELL Commander 500,L2P,L
A167B7,N19VK,RV8,VANS RV-8,L1P,L
A169B7,N190RW,PA46,PIPER PA-46-310/350,L1P,L
A16AB7,N1901S,DRON,,D0-,-
A172B7,N1925Y,M20P,MOONEY M-20,L1P,L
A176B7,N19371,WACC,WACO C/S,L1P,L
A179B7,N1942T,P28A,PIPER PA-28-140/150/160/180,L1P,L
A183B7,N197RV,RV7,VANS RV-7,L1P,L
A185B7,N19782,C177,CESSNA  177 Cardinal,L1P,L
A186B7,N198JM,C182,CESSNA 182 Skylane,L1P,L
A188B7,N1983U,C185,CESSNA 185 Skywagon,L1P,L
A189B7,N199BD,B06,BELL 206 JetRanger,H1T,L
A18DB7,N2EB,C182,CESSNA 182 Skylane,L1P,L
A18EB7,N2QH,PA22,PIPER PA-22,L1P,L
A190B7,N20LU,TB21,SOCATA TB-21 Trinidad TC,L1P,L
A191B7,N20X,L13,CONVAIR L-13 Centaur,L1P,L
A193B7,N200TL,T206,CESSNA T206 Turbo Stationair,L1P,L
A195B7,N20098,M20P,MOONEY M-20,L1P,L
A196B7,N201LC,M20P,MOONEY M-20,L1P,L
A197B7,N201WJ,M20P,MOONEY M-20,L1P,L
A19CB7,N20263,,,,
A19EB7,N203RZ,CH75,ZENAIR CH-750 Cruzer,L1P,L
A19FB7,N2031V,C120,CESSNA 120,L1P,L
A1A0B7,N20386,KLBR,KOLB King Colbra,L1P,L
A1A3B7,N2043Y,C172,CESSNA 172 Skyhawk,L1P,L
A1A4B7,N205BH,,,,
A1A5B7,N205MP,M20P,MOONEY M-20,L1P,L
A1AAB7,N2060T,GLID,,L0-,-
A1AEB7,N2072W,BE35,BEECH 35 Starfire Bonanza,L1P,L
A1AFB7,N20797,C182,CESSNA 182 Skylane,L1P,L
A1B0B7,N208LB,C208,CESSNA 208 Caravan,L1T,L
A1B6B7,N20962,C182,CESSNA 182 Skylane,L1P,L
A1B7B7,N21FS,BE18,BEECH 18 Expetitor,L2P,L
A1B9B7,N210CC,T210,CESSNA T210 Turbo Centurion,L1P,L
A1BCB7,N2106L,BE36,BEECH 36 Bonanza,L1P,L
A1BDB7,N211FA,SR20,CIRRUS SR-20,L1P,L
A1BFB7,N2111C,P28B,PIPER PA-28-201T/235/236,L1P,L
A1C4B7,N213AR,S22T,CIRRUS SR-22T Turbo,L1P,L
A1C7B7,N2135J,M20P,MOONEY M-20,L1P,L
A1C8B7,N214DP,LGEZ,RUTAN Long-EZ,L1P,L
A1CAB7,N2140A,PA22,PIPER PA-22,L1P,L
A1CDB7,N215ST,PA32,PIPER PA-32,L1P,L
A1CFB7,N2159Q,P28A,PIPER PA-28-140/150/160/180,L1P,L
A1D0B7,N216KK,M20P,MOONEY M-20,L1P,L
A1D2B7,N2164G,P28A,PIPER PA-28-140/150/160/180,L1P,L
A1D3B7,N217CB,SF50,CIRRUS SF-50 Vision,L1J,L
A1D6B7,N2176K,P28R,PIPER PA-28R-180/200/201,L1P,L
A1D7B7,N218F,RV6,VANS RV-6,L1P,L
A1D9B7,N2181B,P28A,PIPER PA-28-140/150/160/180,L1P,L
A1DDB7,N2193E,CH7A,BELLANCA 7 Champion,L1P,L
A1DEB7,N22AQ,R22,ROBINSON R-22 Mariner,H1P,L
A1DFB7,N22LW,BE95,BEECH 95 Travel Air,L2P,L
A1E1B7,N220HG,CH2T,ZENAIR CH-2000 Zenith,L1P,L
A1E3B7,N2202Z,P28A,PIPER PA-28-140/150/160/180,L1P,L
A1E4B7,N221,C560,CESSNA 560 Citation Ultra,L2J,M
A1E5B7,N221LE,SF50,CIRRUS SF-50 Vision,L1J,L
A1E6B7,N221WL,,,,
A1E8B7,N222CX,VENT,SCHEMPP-HIRTH Ventus,L1P,L
A1E9B7,N222PC,,,,
A1EBB7,N22265,C172,CESSNA 172 Skyhawk,L1P,L
A1EEB7,N2231X,M20P,MOONEY M-20,L1P,L
A1EFB7,N22388,AR65,AERONCA 65 Super Chief,L1P,L
A1F3B7,N225BK,GLEX,BOMBARDIER BD-700 Global 6000/6500,L2J,M
A1F4B7,N225MR,RBEL,MURPHY Rebel,L1P,L
A1F9B7,N2260V,C140,CESSNA 140,L1P,L
A1FAB7,N22676,C150,CESSNA 150,L1P,L
A1FDB7,N2272Y,C177,CESSNA  177 Cardinal,L1P,L
A201B7,N22841,ULAC,,L0-,-
A202B7,N229CW,AS29,SCHLEICHER ASG-29,L1P,L
A203B7,N229PB,RV10,VANS RV-10,L1P,L
A205B7,N22964,C172,CESSNA 172 Skyhawk,L1P,L
A207B7,N23S,WAIX,SONEX Waiex,L1P,L
A20DB7,N231RJ,M20P,MOONEY M-20,L1P,L
A20FB7,N2318R,C182,CESSNA 182 Skylane,L1P,L
A212B7,N2323H,R44,ROBINSON R-44 Raven,H1P,L
A213B7,N233AT,A4,DOUGLAS A-4 Skyhawk,L1J,M
A219B7,N2340C,C82R,CESSNA R182 Skylane RG,L1P,L
A21AB7,N2347P,AT3T,AIR TRACTOR AT-302/402,L1T,L
A21CB7,N235SV,C650,CESSNA 650 Citation,L2J,M
A221B7,N2364J,BE23,BEECH 23 Sundowner,L1P,L
A225B7,N2376M,PA12,PIPER PA-12 Super Cruiser,L1P,L
A228B7,N2381D,C170,CESSNA 170,L1P,L
A22AB7,N239J,SR20,CIRRUS SR-20,L1P,L
A22DB7,N24AS,BE36,BEECH 36 Bonanza,L1P,L
A22FB7,N24XD,,,,
A230B7,N240HJ,S61,SIKORSKY S-61 Sea King,H2T,M
A235B7,N241WN,B737,BOEING 737-700,L2J,M
A236B7,N24144,C172,CESSNA 172 Skyhawk,L1P,L
A240B7,N244VA,RV12,VANS RV-12,L1P,L
A242B7,N245BM,C310,CESSNA 310,L2P,L
A248B7,N2460X,C182,CESSNA 182 Skylane,L1P,L
A24DB7,N248A,M7,MAULE M-7,L1P,L
A24EB7,N248LF,S22T,CIRRUS SR-22T Turbo,L1P,L
A250B7,N24843,,,,
A257B7,N250CG,C68A,CESSNA 680 Citation Latitude,L2J,M
A258B7,N250NN,E75L,EMBRAER ERJ-170-200 (long wing),L2J,M
A25AB7,N2506Q,C182,CESSNA 182 Skylane,L1P,L
A25DB7,N2511G,COL4,CESSNA 400 Corvalis TT,L1P,L
A25EB7,N2518T,NAVI,NORTH AMERICAN Navion,L1P,L
A25FB7,N252JC,M20P,MOONEY M-20,L1P,L
A263B7,N253MA,PA46,PIPER PA-46-310/350,L1P,L
A265B7,N2535N,,,,
A268B7,N2540E,CH7A,BELLANCA 7 Champion,L1P,L
A269B7,N2547R,PARA,,P0-,-
A26AB7,N255GR,ULAC,,L0-,-
A26DB7,N2559U,C172,CESSNA 172 Skyhawk,L1P,L
A274B7,N2576P,PA18,PIPER PA-18 Super Cub,L1P,L
A277B7,N2581F,CH7B,BELLANCA 7 Citabria,L1P,L
A279B7,N259JB,RV4,VANS RV-4,L1P,L
A27BB7,N2593J,BALL,,B0-,-
A27CB7,N26AU,F260,AERMACCHI SF-260,L1P,L
A27DB7,N26M,ST75,STEARMAN Kaydet,L1P,L
A286B7,N262DA,C25B,CESSNA 525B Citation CJ3,L2J,L
A28BB7,N263SE,,,,
A28EB7,N264JX,E135,EMBRAER ERJ-135,L2J,M
A295B7,N266EM,L159,AERO L-159 Albatros 2,L1J,M
A298B7,N2668,WAC9,WACO 9,L1P,L
A29BB7,N26722,AA5,AMERICAN AA-5 Tiger,L1P,L
A29FB7,N26845,AA5,AMERICAN AA-5 Tiger,L1P,L
A2A5B7,N27SD,PITA,PIPSTREL Taurus 503,L1P,L
A2A9B7,N2706S,C150,CESSNA 150,L1P,L
A2ADB7,N2718V,SRAI,GREAT PLAINS Sonerai,L1P,L
A2B4B7,N2735Q,C182,CESSNA 182 Skylane,L1P,L
A2B8B7,N2747T,,,,
A2B9B7,N275GT,C172,CESSNA 172 Skyhawk,L1P,L
A2BCB7,N2759W,M20P,MOONEY M-20,L1P,L
A2BFB7,N2764N,ULAC,,L0-,-
A2C0B7,N277CH,R44,ROBINSON R-44 Raven,H1P,L
A2C3B7,N2776R,,,,
A2C6B7,N2781H,GLID,,L0-,-
A2C8B7,N279JD,ULAC,,L0-,-
A2CBB7,N28AW,HUSK,CHRISTEN Husky,L1P,L
A2D0B7,N28025,BL17,BELLANCA 17 Viking,L1P,L
A2D1B7,N281AE,B06,BELL 206 JetRanger,H1T,L
A2D4B7,N28148,J3,PIPER J-3 Cub,L1P,L
A2D8B7,N2827A,ULAC,,L0-,-
A2DAB7,N283SG,,,,
A2DBB7,N28313,AA5,AMERICAN AA-5 Tiger,L1P,L
A2DCB7,N2839D,PA22,PIPER PA-22,L1P,L
A2DFB7,N28436,L8,LUSCOMBE 8,L1P,L
A2E6B7,N28601,L8,LUSCOMBE 8,L1P,L
A2EAB7,N28724,BALL,,B0-,-
A2EBB7,N288AD,SREY,PROGRESSIVE AERODYNE SeaRey,A1P,L
A2EEB7,N28847,AA5,AMERICAN AA-5 Tiger,L1P,L
A2EFB7,N289DB,SREY,PROGRESSIVE AERODYNE SeaRey,A1P,L
A2F4B7,N29SF,BE55,BEECH 55 Baron,L2P,L
A2F5B7,N290CL,CL30,BOMBARDIER BD-100 Challenger 300,L2J,M
A2F8B7,N2906U,C172,CESSNA 172 Skyhawk,L1P,L
A2F9B7,N291FJ,FA50,DASSAULT Falcon 50,L3J,M
A2FCB7,N2918X,P28A,PIPER PA-28-140/150/160/180,L1P,L
A2FFB7,N2923P,PA22,PIPER PA-22,L1P,L
A300B7,N293AZ,DRON,,D0-,-
A301B7,N293ME,C172,CESSNA 172 Skyhawk,L1P,L
A303B7,N2935S,P28A,PIPER PA-28-140/150/160/180,L1P,L
A307B7,N2947V,HUSK,CHRISTEN Husky,L1P,L
A30AB7,N2952M,PA12,PIPER PA-12 Super Cruiser,L1P,L
A30BB7,N2959Y,C182,CESSNA 182 Skylane,L1P,L
A312B7,N2976T,M200,NORTH AMERICAN ROCKWELL Commander 200,L1P,L
A315B7,N2981K,C180,CESSNA  180 Skywagon,L1P,L
A316B7,N2988W,B47G,BELL 47G,H1P,L
A317B7,N299JF,,,,
A31BB7,N3MD,BE35,BEECH 35 Starfire Bonanza,L1P,L
A31CB7,N3XK,DEFI,RUTAN 40 Defiant,L2P,L
A31DB7,N30HQ,F900,DASSAULT Falcon 900,L3J,M
A328B7,N302WC,C560,CESSNA 560 Citation Ultra,L2J,M
A329B7,N3024U,SS2T,TRUSH Turbo Thrush 500/550,L1T,L
A32AB7,N303CP,C560,CESSNA 560 Citation Ultra,L2J,M
A32BB7,N303NV,A319,AIRBUS A-319,L2J,M
A32FB7,N304RT,ULAC,,L0-,-
A332B7,N305JK,M20P,MOONEY M-20,L1P,L
A334B7,N3053S,C150,CESSNA 150,L1P,L
A336B7,N306MH,B06,BELL 206 JetRanger,H1T,L
A338B7,N3065V,BE35,BEECH 35 Starfire Bonanza,L1P,L
A33CB7,N3077Y,,,,
A33FB7,N3082Q,C182,CESSNA 182 Skylane,L1P,L
A344B7,N31CN,C172,CESSNA 172 Skyhawk,L1P,L
A346B7,N31Z,P337,CESSNA P337 Skymaster,L2P,L
A349B7,N3104B,DH82,DE HAVILLAND DH-82 Tiger Moth,L1P,L
A34FB7,N312RA,RALL,SOCATA Rallye,L1P,L
A350B7,N31207,SKYR,REARWIN Skyranger,L1P,L
A359B7,N315DH,TB30,SOCATA TB-30 Epsilon,L1P,L
A35EB7,N316SM,RV7,VANS RV-7,L1P,L
A35FB7,N31618,DHC2,DE HAVILLAND DHC-2 Beaver,L1P,L
A361B7,N317KD,MM16,MAGNI M-16 Tandem Trainer,G1P,L
A363B7,N3174A,C170,CESSNA 170,L1P,L
A365B7,N318NB,A319,AIRBUS A-319,L2J,M
A367B7,N3186D,C180,CESSNA  180 Skywagon,L1P,L
A36AB7,N31906,P28R,PIPER PA-28R-180/200/201,L1P,L
A36CB7,N32HS,T206,CESSNA T206 Turbo Stationair,L1P,L
A371B7,N32071,WACF,WACO F,L1P,L
A372B7,N321HA,C421,CESSNA 421 Executive Commuter,L2P,L
A374B7,N3212T,C177,CESSNA  177 Cardinal,L1P,L
A375B7,N32194,P28A,PIPER PA-28-140/150/160/180,L1P,L
A378B7,N3224W,PA32,PIPER PA-32,L1P,L
A379B7,N323CR,DFLY,VIKING Dragonfly,L1P,L
A37AB7,N323NX,PC12,PILATUS PC-12,L1T,L
A37CB7,N3236Z,BT36,BEECH B36TC Bonanza,L1P,L
A37DB7,N324FP,GLF4,GULFSTREAM 4,L2J,M
A37EB7,N324RV,RV6,VANS RV-6,L1P,L
A37FB7,N3241R,P28R,PIPER PA-28R-180/200/201,L1P,L
A380B7,N32482,CUCA,CULVER Cadet,L1P,L
A38CB7,N328H,WAIX,SONEX Waiex,L1P,L
A38EB7,N3282S,C182,CESSNA 182 Skylane,L1P,L
A394B7,N33NW,TB20,SOCATA TB-20 Trinidad,L1P,L
A395B7,N33ZB,PC12,PILATUS PC-12,L1T,L
A396B7,N330KG,RV10,VANS RV-10,L1P,L
A39FB7,N33209,B738,BOEING 737-800,L2J,M
A3A2B7,N333UA,DRON,,D0-,-
A3A3B7,N3333B,PA22,PIPER PA-22,L1P,L
A3A4B7,N334AM,PC12,PILATUS PC-12,L1T,L
A3A9B7,N335PR,LJ35,LEARJET 35,L2J,M
A3AEB7,N3362,YALE,NORTH AMERICAN Yale,L1P,L
A3B6B7,N3386F,C182,CESSNA 182 Skylane,L1P,L
A3B9B7,N33908,TAYB,TAYLORCRAFT BC/BF/BL,L1P,L
A3BBB7,N34HU,HUSK,CHRISTEN Husky,L1P,L
A3BDB7,N340EE,C340,CESSNA 340 Super,L2P,L
A3C0B7,N34073,TAYB,TAYLORCRAFT BC/BF/BL,L1P,L
A3C1B7,N341HC,C340,CESSNA 340 Super,L2P,L
A3CCB7,N344FR,A20N,AIRBUS A-320neo,L2J,M
A3CFB7,N34484,C177,CESSNA  177 Cardinal,L1P,L
A3D0B7,N345JP,PARA,,P0-,-
A3D2B7,N3453W,PA32,PIPER PA-32,L1P,L
A3D3B7,N346BF,B06,BELL 206 JetRanger,H1T,L
A3D6B7,N3465Z,PA22,PIPER PA-22,L1P,L
A3D9B7,N3470R,P28A,PIPER PA-28-140/150/160/180,L1P,L
A3DAB7,N34772,C177,CESSNA  177 Cardinal,L1P,L
A3DDB7,N3482U,C182,CESSNA 182 Skylane,L1P,L
A3DEB7,N34895,CUCA,CULVER Cadet,L1P,L
A3DFB7,N349L,TAIL,WITTMAN Tailwind,L1P,L
A3E1B7,N3494X,M20P,MOONEY M-20,L1P,L
A3E3B7,N35NY,BE35,BEECH 35 Starfire Bonanza,L1P,L
A3E7B7,N3504F,C182,CESSNA 182 Skylane,L1P,L
A3EBB7,N3516J,C150,CESSNA 150,L1P,L
A3EFB7,N3528M,PA12,PIPER PA-12 Super Cruiser,L1P,L
A3F6B7,N3545G,L8,LUSCOMBE 8,L1P,L
A3F9B7,N355ZZ,AS55,AEROSPATIALE AS-355 Ecureuil 2,H2T,L
A402B7,N358C,S108,STINSON 108 Voyager,L1P,L
A409B7,N3598L,C150,CESSNA 150,L1P,L
A40AB7,N36HW,BT36,BEECH B36TC Bonanza,L1P,L
A40EB7,N3600U,C182,CESSNA 182 Skylane,L1P,L
A411B7,N361TL,C25B,CESSNA 525B Citation CJ3,L2J,L
A418B7,N363PA,,,,
A41AB7,N36363,BE35,BEECH 35 Starfire Bonanza,L1P,L
A41DB7,N3641V,C150,CESSNA 150,L1P,L
A41FB7,N365JR,HUSK,CHRISTEN Husky,L1P,L
A421B7,N3653Y,AT3P,AIR TRACTOR AT-301/401,L1P,L
A423B7,N366MP,C25B,CESSNA 525B Citation CJ3,L2J,L
A425B7,N36651,AR65,AERONCA 65 Super Chief,L1P,L
A429B7,N36774,CH7B,BELLANCA 7 Citabria,L1P,L
A436B7,N3704H,ERCO,AIR PRODUCTS F-1 Aircoupe,L1P,L
A437B7,N371CC,RV8,VANS RV-8,L1P,L
A43DB7,N3721C,ULAC,,L0-,-
A43EB7,N3728P,PA22,PIPER PA-22,L1P,L
A441B7,N3733F,C172,CESSNA 172 Skyhawk,L1P,L
A448B7,N3750A,BALL,,B0-,-
A44CB7,N3762D,C182,CESSNA 182 Skylane,L1P,L
A458B7,N3798N,BE35,BEECH 35 Starfire Bonanza,L1P,L
A459B7,N38HY,HUSK,CHRISTEN Husky,L1P,L
A45DB7,N3800W,PA32,PIPER PA-32,L1P,L
A461B7,N3812Z,BE77,BEECH 77 Skipper,L1P,L
A469B7,N38365,J3,PIPER J-3 Cub,L1P,L
A46BB7,N384SA,SKAR,III Sky Arrow,L1P,L
A46CB7,N3841X,C310,CESSNA 310,L2P,L
A46FB7,N385UZ,PARA,,P0-,-
A475B7,N387EH,,,,
A477B7,N3870V,C172,CESSNA 172 Skyhawk,L1P,L
A478B7,N38776,P28R,PIPER PA-28R-180/200/201,L1P,L
A479B7,N388HF,H269,HUGHES Sky Knight,H1P,L
A47CB7,N38899,,,,
A480B7,N39CW,RV9,VANS RV-9,L1P,L
A481B7,N39PB,,,,
A485B7,N3904K,,,,
A488B7,N391YS,PRM1,RAYTHEON 390 Premier 1,L2J,L
A489B7,N3916N,M20P,MOONEY M-20,L1P,L
A48DB7,N3928R,C172,CESSNA 172 Skyhawk,L1P,L
A490B7,N3933H,M20P,MOONEY M-20,L1P,L
A491B7,N394AT,,,,
A4A0B7,N398CD,,,,
A4A9B7,N4UF,BE95,BEECH 95 Travel Air,L2P,L
A4B2B7,N4010G,B06,BELL 206 JetRanger,H1T,L
A4B3B7,N4017T,,,,
A4B6B7,N4022K,BALL,,B0-,-
A4B7B7,N4029W,PA32,PIPER PA-32,L1P,L
A4BBB7,N404CH,PA23,PIPER PA-23,L2P,L
A4C0B7,N405RM,BD5,BEDE BD-5B/D/G,L1P,L
A4C2B7,N4058U,PARA,,P0-,-
A4C7B7,N407MB,,,,
A4C9B7,N4075P,PA23,PIPER PA-23,L2P,L
A4CCB7,N4080F,C172,CESSNA 172 Skyhawk,L1P,L
A4CFB7,N409SY,E75L,EMBRAER ERJ-170-200 (long wing),L2J,M
A4D6B7,N41013,CH60,ZENAIR CH-600 Zodiac,L1P,L
A4DBB7,N412BR,RV12,VANS RV-12,L1P,L
A4DEB7,N41259,P28A,PIPER PA-28-140/150/160/180,L1P,L
A4E1B7,N41301,J3,PIPER J-3 Cub,L1P,L
A4E3B7,N414HM,C414,CESSNA 414 Chancellor,L2P,L
A4E8B7,N415WR,PA46,PIPER PA-46-310/350,L1P,L
A4E9B7,N41547,P28A,PIPER PA-28-140/150/160/180,L1P,L
A4EEB7,N417G,HROC,HARMON Rocket,L1P,L
A4EFB7,N417SF,RV6,VANS RV-6,L1P,L
A4F7B7,N419YB,CH60,ZENAIR CH-600 Zodiac,L1P,L
A4F8B7,N41958,L8,LUSCOMBE 8,L1P,L
A4FBB7,N420AZ,HDJT,HONDA HondaJet,L2J,L
A4FCB7,N420ME,HDJT,HONDA HondaJet,L2J,L
A4FDB7,N420XL,HDJT,HONDA HondaJet,L2J,L
A505B7,N4222M,PA12,PIPER PA-12 Super Cruiser,L1P,L
A507B7,N423KT,PC12,PILATUS PC-12,L1T,L
A509B7,N4234Q,C172,CESSNA 172 Skyhawk,L1P,L
A50AB7,N424CK,SR22,CIRRUS SR-22,L1P,L
A50CB7,N424YX,E75L,EMBRAER ERJ-170-200 (long wing),L2J,M
A510B7,N4251K,NAVI,NORTH AMERICAN Navion,L1P,L
A514B7,N4263N,C140,CESSNA 140,L1P,L
A519B7,N428DW,C172,CESSNA 172 Skyhawk,L1P,L
A51BB7,N4280H,PA14,PIPER PA-14 Family Cruiser,L1P,L
A51EB7,N429T,VEZE,RUTAN VariEze,L1P,L
A51FB7,N4292L,P28B,PIPER PA-28-201T/235/236,L1P,L
A520B7,N4299X,PA32,PIPER PA-32,L1P,L
A523B7,N430GC,,,,
A525B7,N43015,,,,
A529B7,N43138,P28A,PIPER PA-28-140/150/160/180,L1P,L
A52EB7,N433ER,C172,CESSNA 172 Skyhawk,L1P,L
A530B7,N43303,TAYB,TAYLORCRAFT BC/BF/BL,L1P,L
A531B7,N4338D,B06,BELL 206 JetRanger,H1T,L
A534B7,N43426,TAYB,TAYLORCRAFT BC/BF/BL,L1P,L
A538B7,N43549,TAYB,TAYLORCRAFT BC/BF/BL,L1P,L
A53FB7,N43714,TAYB,TAYLORCRAFT BC/BF/BL,L1P,L
A540B7,N4379E,AR11,AERONCA 11 Chief,L1P,L
A543B7,N43837,TAYB,TAYLORCRAFT BC/BF/BL,L1P,L
A54AB7,N440BA,AEST,AEROSTAR 600,L2P,L
A54BB7,N440MG,T206,CESSNA T206 Turbo Stationair,L1P,L
A54DB7,N4405U,P28A,PIPER PA-28-140/150/160/180,L1P,L
A550B7,N4410L,C172,CESSNA 172 Skyhawk,L1P,L
A554B7,N4422P,PA23,PIPER PA-23,L2P,L
A555B7,N44290,P28A,PIPER PA-28-140/150/160/180,L1P,L
A557B7,N443WA,AC50,NORTH AMERICAN ROCKWELL Commander 500,L2P,L
A559B7,N444CM,PC12,PILATUS PC-12,L1T,L
A55BB7,N444YZ,C172,CESSNA 172 Skyhawk,L1P,L
A55CB7,N4446V,BE35,BEECH 35 Starfire Bonanza,L1P,L
A55FB7,N4451M,PA12,PIPER PA-12 Super Cruiser,L1P,L
A562B7,N446UP,B752,BOEING 757-200,L2J,M
A564B7,N447B,,,,
A567B7,N4475T,PA34,PIPER PA-34 Seneca,L2P,L
A56EB7,N4492N,G44,GRUMMAN G-44 Widgeon,A2P,L
A573B7,N450SL,BE36,BEECH 36 Bonanza,L1P,L
A575B7,N4509H,M20P,MOONEY M-20,L1P,L
A576B7,N451KC,,,,
A57CB7,N4526C,C170,CESSNA 170,L1P,L
A57FB7,N45305,N3N,NAVAL AIRCRAFT FACTORY N3N,L1P,L
A580B7,N4538F,C185,CESSNA 185 Skywagon,L1P,L
A582B7,N454TX,E55P,EMBRAER EMB-505 Phenom 300,L2J,M
A584B7,N455AH,VELO,Velocity,L1P,L
A587B7,N4555A,PA22,PIPER PA-22,L1P,L
A589B7,N456PM,P28A,PIPER PA-28-140/150/160/180,L1P,L
A58BB7,N4567D,BE35,BEECH 35 Starfire Bonanza,L1P,L
A58DB7,N457SK,C172,CESSNA 172 Skyhawk,L1P,L
A592B7,N45839,L8,LUSCOMBE 8,L1P,L
A594B7,N459N,,,,
A596B7,N4596B,C180,CESSNA  180 Skywagon,L1P,L
A597B7,N46ES,JABI,Jabiru J120,L1P,L
A59CB7,N4605W,AC11,NORTH AMERICAN ROCKWELL Commander 112/114,L1P,L
A59DB7,N461EA,BE40,BEECH 400 Beechjet,L2J,M
A5A3B7,N4622R,P28A,PIPER PA-28-140/150/160/180,L1P,L
A5A4B7,N46292,C172,CESSNA 172 Skyhawk,L1P,L
A5A8B7,N464CP,RV9,VANS RV-9,L1P,L
A5B2B7,N4663S,GLID,,L0-,-
A5B7B7,N468E,GLID,,L0-,-
A5B9B7,N4680M,PA11,PIPER PA-11 Cub Special,L1P,L
A5BDB7,N4692Q,C172,CESSNA 172 Skyhawk,L1P,L
A5BFB7,N47KW,PA34,PIPER PA-34 Seneca,L2P,L
A5C4B7,N4709K,C182,CESSNA 182 Skylane,L1P,L
A5C7B7,N4714B,C180,CESSNA  180 Skywagon,L1P,L
A5CBB7,N4726E,C82S,CESSNA T182 Turbo Skylane,L1P,L
A5CDB7,N473RA,B407,BELL 407,H1T,L
A5CFB7,N4738H,M20P,MOONEY M-20,L1P,L
A5DBB7,N477GF,C82T,CESSNA TR182 Turbo Skylane RG,L1P,L
A5DDB7,N47718,P28A,PIPER PA-28-140/150/160/180,L1P,L
A5DEB7,N4779J,C188,CESSNA 188 AgTruck,L1P,L
A5E0B7,N478VK,TUCA,EMBRAER EMB-312 Tucano,L1T,L
A5E1B7,N4784A,C152,CESSNA 152,L1P,L
A5E9B7,N480ML,EN48,ENSTROM TH-28,H1T,L
A5ECB7,N481EC,F2TH,DASSAULT Falcon 2000,L2J,M
A5F6B7,N4834W,P210,CESSNA P210 Centurion,L1P,L
A5FEB7,N48582,G164,GRUMMAN G-164 Ag-Cat,L1P,L
A5FFB7,N486JM,RV6,VANS RV-6,L1P,L
A601B7,N4863U,C210,CESSNA 201 Centurion,L1P,L
A60AB7,N489H,CAMP,GREGA GN-1 Aircamper,L1P,L
A60CB7,N4892S,PA32,PIPER PA-32,L1P,L
A60FB7,N49WD,RV9,VANS RV-9,L1P,L
A612B7,N4902A,C180,CESSNA  180 Skywagon,L1P,L
A613B7,N4909M,PA11,PIPER PA-11 Cub Special,L1P,L
A61DB7,N49309,PTS1,PITTS S-1 Special,L1P,L
A620B7,N494UA,A320,AIRBUS A-320,L2J,M
A62BB7,N497SP,FA50,DASSAULT Falcon 50,L3J,M
A637B7,N50BG,AC11,NORTH AMERICAN ROCKWELL Commander 112/114,L1P,L
A638B7,N50MN,R66,ROBINSON R-66,H1T,L
A63CB7,N5003F,BALL,,B0-,-
A63DB7,N501AR,COL4,CESSNA 400 Corvalis TT,L1P,L
A643B7,N5020A,C82S,CESSNA T182 Turbo Skylane,L1P,L
A646B7,N503ST,C180,CESSNA  180 Skywagon,L1P,L
A647B7,N5032D,C182,CESSNA 182 Skylane,L1P,L
A64CB7,N505CB,B505,BELL 505 JetRanger X,H1T,L
A64FB7,N5056K,BL8,BELLANCA 8 Decathlon,L1P,L
A650B7,N506F,FOX,KITFOX,L1P,L
A656B7,N5073E,,,,
A65AB7,N5085H,PA11,PIPER PA-11 Cub Special,L1P,L
A65BB7,N509DN,A359,AIRBUS A-350-900,L2J,H
A65FB7,N51GL,KR2,RAND KR-2,L1P,L
A661B7,N510CX,C750,CESSNA 750 Citation 10,L2J,M
A662B7,N510PC,TAMP,SOCATA TB-9 Tampico,L1P,L
A667B7,N5111X,CH7A,BELLANCA 7 Champion,L1P,L
A668B7,N51188,C150,CESSNA 150,L1P,L
A66DB7,N513MR,PULS,Pulsar,L1P,L
A66EB7,N513XX,,,,
A66FB7,N51353,SRAI,GREAT PLAINS Sonerai,L1P,L
A672B7,N5140V,MOR2,MORRISEY Nifty,L1P,L
A673B7,N51476,BALL,,B0-,-
A674B7,N515HF,C501,CESSNA 501 Citation 1SP,L2J,L
A675B7,N515TM,BE33,BEECH 33 Bonanza,L1P,L
A678B7,N516LD,ULAC,,L0-,-
A67AB7,N51641,,,,
A67CB7,N517PB,AS31,SCHLEICHER ASH-31,L1P,L
A681B7,N5181W,P28A,PIPER PA-28-140/150/160/180,L1P,L
A685B7,N5193Z,PA22,PIPER PA-22,L1P,L
A686B7,N52BJ,C77R,CESSNA 177RG Cardinal RG,L1P,L
A689B7,N520JA,PC12,PILATUS PC-12,L1T,L
A68BB7,N5203H,C172,CESSNA 172 Skyhawk,L1P,L
A68CB7,N521AT,A21N,AIRBUS A-321neo,L2J,M
A68FB7,N5215L,P28A,PIPER PA-28-140/150/160/180,L1P,L
A690B7,N522DR,C150,CESSNA 150,L1P,L
A692B7,N5220C,BE35,BEECH 35 Starfire Bonanza,L1P,L
A693B7,N5227P,PA24,PIPER PA-24 Comanche,L1P,L
A696B7,N5232F,C172,CESSNA 172 Skyhawk,L1P,L
A697B7,N5239S,C82R,CESSNA R182 Skylane RG,L1P,L
A69AB7,N5244J,BALL,,B0-,-
A69BB7,N525CD,C25A,CESSNA 525A Citation CJ2,L2J,L
A69CB7,N525NK,A319,AIRBUS A-319,L2J,M
A6A2B7,N5268Q,C150,CESSNA 150,L1P,L
A6A3B7,N527J,AEST,AEROSTAR 600,L2P,L
A6A5B7,N5273G,C310,CESSNA 310,L2P,L
A6A6B7,N528AS,B738,BOEING 737-800,L2J,M
A6A9B7,N5285K,C172,CESSNA 172 Skyhawk,L1P,L
A6ABB7,N529PW,GLID,,L0-,-
A6ADB7,N5297N,CAMP,GREGA GN-1 Aircamper,L1P,L
A6B4B7,N531FX,CL30,BOMBARDIER BD-100 Challenger 300,L2J,M
A6B7B7,N5319,NPOR,REDFERN Nieuport 24,L1P,L
A6BBB7,N533BM,C172,CESSNA 172 Skyhawk,L1P,L
A6BEB7,N53355,ST75,STEARMAN Kaydet,L1P,L
A6C1B7,N5340X,C82T,CESSNA TR182 Turbo Skylane RG,L1P,L
A6C2B7,N53478,ST75,STEARMAN Kaydet,L1P,L
A6C5B7,N53520,P337,CESSNA P337 Skymaster,L2P,L
A6C6B7,N536A,B14A,BELLANCA 14,L1P,L
A6C7B7,N536LF,A119,AGUSTA AW-119 Koala,H1T,L
A6CFB7,N538SB,P32R,PIPER PA-32R-300/301/301T,L1P,L
A6D1B7,N53889,CH7B,BELLANCA 7 Citabria,L1P,L
A6D8B7,N540JC,M4,MAULE M-4,L1P,L
A6DAB7,N5403K,NAVI,NORTH AMERICAN Navion,L1P,L
A6DBB7,N541AV,DH8B,DE HAVILLAND DHC-8-200 Dash 8,L2T,M
A6E1B7,N5420E,C150,CESSNA 150,L1P,L
A6E5B7,N5432H,C172,CESSNA 172 Skyhawk,L1P,L
A6E9B7,N5444L,MUS2,BUSHBY M-2 Mustang 2,L1P,L
A6F0B7,N5461F,M10,MOONEY M-10 Cadet,L1P,L
A6F2B7,N547JB,A320,AIRBUS A-320,L2J,M
A6F6B7,N548M,E135,EMBRAER ERJ-135,L2J,M
A6F8B7,N5485M,BE76,BEECH 76 Duchess,L2P,L
A6FEB7,N55SW,SEAW,Seawind,A1P,L
A6FFB7,N550DA,C550,CESSNA 550 Citation S2,L2J,L
A702B7,N55069,P28R,PIPER PA-28R-180/200/201,L1P,L
A709B7,N55234,C172,CESSNA 172 Skyhawk,L1P,L
A70EB7,N554EM,MRF1,DASSAULT Mirage F1,L1J,M
A719B7,N557D,LEG2,LANCAIR Legacy,L1P,L
A723B7,N55933,P28A,PIPER PA-28-140/150/160/180,L1P,L
A724B7,N56BN,WW24,IAI 1124 Westwind,L2J,M
A726B7,N56Y,,,,
A72DB7,N5615Q,M20P,MOONEY M-20,L1P,L
A730B7,N5620G,T206,CESSNA T206 Turbo Stationair,L1P,L
A731B7,N5627T,C172,CESSNA 172 Skyhawk,L1P,L
A734B7,N5632K,M20P,MOONEY M-20,L1P,L
A738B7,N5644N,M5,MAULE M-5,L1P,L
A73DB7,N566FF,TBM9,SOCATA TBM-900/910/930/940,L1T,L
A73EB7,N566RM,C182,CESSNA 182 Skylane,L1P,L
A73FB7,N5661H,PA16,PIPER PA-16 Clipper,L1P,L
A741B7,N567JD,,,,
A744B7,N568AW,DH8C,DE HAVILLAND DHC-8-300 Dash 8,L2T,M
A747B7,N5685P,PA24,PIPER PA-24 Comanche,L1P,L
A749B7,N569Q,RV7,VANS RV-7,L1P,L
A74BB7,N5697S,M20P,MOONEY M-20,L1P,L
A74CB7,N57GS,MG21,MIKOYAN MiG-21,L1J,M
A74EB7,N570DC,GLF4,GULFSTREAM 4,L2J,M
A75FB7,N57401,CH7B,BELLANCA 7 Citabria,L1P,L
A76FB7,N5789C,C170,CESSNA 170,L1P,L
A774B7,N58MW,F2TH,DASSAULT Falcon 2000,L2J,M
A776B7,N580JG,RV7,VANS RV-7,L1P,L
A778B7,N5803P,PA24,PIPER PA-24 Comanche,L1P,L
A77CB7,N5815S,M20P,MOONEY M-20,L1P,L
A77FB7,N5820J,N3N,NAVAL AIRCRAFT FACTORY N3N,L1P,L
A788B7,N585CK,BE58,BEECH 58 Baron,L2P,L
A78FB7,N5868W,P28A,PIPER PA-28-140/150/160/180,L1P,L
A790B7,N587JF,PC12,PILATUS PC-12,L1T,L
A79CB7,N59T,RV6,VANS RV-6,L1P,L
A7A0B7,N5907C,BE35,BEECH 35 Starfire Bonanza,L1P,L
A7A5B7,N592KA,DRON,,D0-,-
A7ACB7,N594ER,DA42,DIAMOND DA-42 Guardian,L2P,L
A7AEB7,N59403,B47G,BELL 47G,H1P,L
A7AFB7,N5948D,PA22,PIPER PA-22,L1P,L
A7B0B7,N595HP,P32R,PIPER PA-32R-300/301/301T,L1P,L
A7B1B7,N595TV,SR22,CIRRUS SR-22,L1P,L
A7B5B7,N596WT,GYRO,,G0-,-
A7BBB7,N598GB,BE58,BEECH 58 Baron,L2P,L
A7BEB7,N5989E,C150,CESSNA 150,L1P,L
A7BFB7,N599K,COL4,CESSNA 400 Corvalis TT,L1P,L
A7C5B7,N60JJ,AC11,NORTH AMERICAN ROCKWELL Commander 112/114,L1P,L
A7C7B7,N600EV,P46T,PIPER PA-46-500TP,L1T,L
A7C8B7,N600RA,FA20,DASSAULT Falcon 200,L2J,M
A7C9B7,N60007,BE24,BEECH 24 Sierra,L1P,L
A7CAB7,N6008H,P28R,PIPER PA-28R-180/200/201,L1P,L
A7CBB7,N601HT,PC12,PILATUS PC-12,L1T,L
A7CEB7,N602AK,DHC2,DE HAVILLAND DHC-2 Beaver,L1P,L
A7CFB7,N602LR,CRJ9,BOMBARDIER Regional Jet CRJ-900,L2J,M
A7D1B7,N6025C,C82R,CESSNA R182 Skylane RG,L1P,L
A7D2B7,N603DH,,,,
A7D6B7,N604GF,CL60,BOMBARDIER CL-600 Challenger,L2J,M
A7D9B7,N6049J,C150,CESSNA 150,L1P,L
A7DCB7,N6054A,C172,CESSNA 172 Skyhawk,L1P,L
A7E0B7,N6066D,PA22,PIPER PA-22,L1P,L
A7E2B7,N607R,RV7,VANS RV-7,L1P,L
A7ECB7,N61DG,GLAS,Glasair,L1P,L
A7F2B7,N611CR,BE9L,BEECH 90 King Air,L2T,L
A7F5B7,N6116Z,,,,
A7F7B7,N612RV,RV12,VANS RV-12,L1P,L
A7F9B7,N61282,C150,CESSNA 150,L1P,L
A7FAB7,N613JM,COL4,CESSNA 400 Corvalis TT,L1P,L
A7FDB7,N614BD,BALL,,B0-,-
A803B7,N6150P,PA24,PIPER PA-24 Comanche,L1P,L
A805B7,N616H,,,,
A80FB7,N6186Y,H500,HUGHES 500,H1T,L
A813B7,N61981,DC3,DOUGLAS DC-3 Dakota,L2P,M
A814B7,N62JL,C82T,CESSNA TR182 Turbo Skylane RG,L1P,L
A819B7,N6208K,RC3,REPUBLIC RC-3 Seabee,A1P,L
A81DB7,N622AM,CH2T,ZENAIR CH-2000 Zenith,L1P,L
A81EB7,N622LT,B407,BELL 407,H1T,L
A825B7,N624GH,SONX,SONEX AIRCRAFT Sonex,L1P,L
A827B7,N6242,KR2,RAND KR-2,L1P,L
A82FB7,N6266F,C182,CESSNA 182 Skylane,L1P,L
A831B7,N627RB,LS8,ROLLADEN-SCHNEIDER LS-8T,L1P,L
A836B7,N6283A,C182,CESSNA 182 Skylane,L1P,L
A838B7,N629LS,B06,BELL 206 JetRanger,H1T,L
A83AB7,N6295D,C172,CESSNA 172 Skyhawk,L1P,L
A83EB7,N630LA,T6,NORTH AMERICAN T-6 Texan,L1P,L
A845B7,N632FR,DRON,,D0-,-
A847B7,N6321T,C82R,CESSNA R182 Skylane RG,L1P,L
A848B7,N63284,TAYD,TAYLORCRAFT DC/DF/DL,L1P,L
A84DB7,N634MM,RV7,VANS RV-7,L1P,L
A84FB7,N6345Z,T206,CESSNA T206 Turbo Stationair,L1P,L
A852B7,N6350R,P28A,PIPER PA-28-140/150/160/180,L1P,L
A856B7,N6362U,BE23,BEECH 23 Sundowner,L1P,L
A85AB7,N6374X,CH60,ZENAIR CH-600 Zodiac,L1P,L
A860B7,N639RW,E170,EMBRAER ERJ-170-100,L2J,M
A861B7,N6391S,C182,CESSNA 182 Skylane,L1P,L
A862B7,N63983,PA23,PIPER PA-23,L2P,L
A866B7,N640RE,,,,
A867B7,N6401A,PA38,PIPER PA-38 Tomahawk,L1P,L
A868B7,N6408M,S108,STINSON 108 Voyager,L1P,L
A86CB7,N642AP,H64,MCDONNELL DOUGLAS AH-64 Apache,H2T,M
A875B7,N644SR,SR22,CIRRUS SR-22,L1P,L
A877B7,N6449N,BT36,BEECH B36TC Bonanza,L1P,L
A88AB7,N65DL,H25B,HAWKER BEECHCRAFT Hawker 750/850,L2J,M
A88BB7,N65PS,PTS2,PITTS S-2 Special,L1P,L
A88DB7,N650LC,CL60,BOMBARDIER CL-600 Challenger,L2J,M
A88FB7,N65040,C172,CESSNA 172 Skyhawk,L1P,L
A890B7,N651CV,C650,CESSNA 650 Citation,L2J,M
A891B7,N651PA,C172,CESSNA 172 Skyhawk,L1P,L
A898B7,N653JR,C340,CESSNA 340 Super,L2P,L
A89AB7,N6533Y,PARA,,P0-,-
A89CB7,N654MP,DRON,,D0-,-
A8A6B7,N65697,C172,CESSNA 172 Skyhawk,L1P,L
A8ABB7,N658P,RV12,VANS RV-12,L1P,L
A8ADB7,N65862,C82T,CESSNA TR182 Turbo Skylane RG,L1P,L
A8B1B7,N65985,C150,CESSNA 150,L1P,L
A8B3B7,N66UW,R44,ROBINSON R-44 Raven,H1P,L
A8B5B7,N660RG,R66,ROBINSON R-66,H1T,L
A8BBB7,N662AR,LJ60,LEARJET 60,L2J,M
A8BEB7,N6625J,P28A,PIPER PA-28-140/150/160/180,L1P,L
A8C1B7,N6630A,PA23,PIPER PA-23,L2P,L
A8C5B7,N6642D,BE55,BEECH 55 Baron,L2P,L
A8C9B7,N6654G,C150,CESSNA 150,L1P,L
A8D4B7,N6683E,C175,CESSNA 175 Skylark,L1P,L
A8D8B7,N6695H,BE35,BEECH 35 Starfire Bonanza,L1P,L
A8D9B7,N67DN,DHC2,DE HAVILLAND DHC-2 Beaver,L1P,L
A8E0B7,N671PC,PC12,PILATUS PC-12,L1T,L
A8F5B7,N67699,UH12,HILLER UH-12,H1P,L
A8F9B7,N678CW,PA34,PIPER PA-34 Seneca,L2P,L
A8FCB7,N67864,C152,CESSNA 152,L1P,L
A8FFB7,N6791W,P28A,PIPER PA-28-140/150/160/180,L1P,L
A901B7,N68JS,T6,NORTH AMERICAN T-6 Texan,L1P,L
A90AB7,N682AT,PA44,PIPER PA-44 Seminole,L2P,L
A914B7,N6842F,C150,CESSNA 150,L1P,L
A916B7,N685KM,RV10,VANS RV-10,L1P,L
A918B7,N6854J,P28A,PIPER PA-28-140/150/160/180,L1P,L
A91AB7,N686NK,A321,AIRBUS A-321,L2J,M
A91FB7,N6871D,C340,CESSNA 340 Super,L2P,L
A921B7,N688J,JAB4,JABIRU J200-450,L1P,L
A923B7,N6883G,C150,CESSNA 150,L1P,L
A927B7,N6895K,PA20,PIPER PA-20 Pacer,L1P,L
A929B7,N69PW,C172,CESSNA 172 Skyhawk,L1P,L
A92DB7,N69044,BE18,BEECH 18 Expetitor,L2P,L
A931B7,N69167,FA62,FAIRCHILD M-26 Cornell,L1P,L
A935B7,N6929,C182,CESSNA 182 Skylane,L1P,L
A93FB7,N6950X,C172,CESSNA 172 Skyhawk,L1P,L
A943B7,N69620,ST75,STEARMAN Kaydet,L1P,L
A947B7,N69743,C310,CESSNA 310,L2P,L
A94DB7,N699SB,AC68,AERO Commander 680,L2P,L
A94FB7,N69989,RELI,STINSON Reliant,L1P,L
A950B7,N7JU,KR2,RAND KR-2,L1P,L
A952B7,N70FE,BE9L,BEECH 90 King Air,L2T,L
A953B7,N70RL,CL30,BOMBARDIER BD-100 Challenger 300,L2J,M
A955B7,N700MX,TBM7,SOCATA TBM-700A/B/C,L1T,L
A95EB7,N70224,SS2T,TRUSH Turbo Thrush 500/550,L1T,L
A963B7,N704DB,C150,CESSNA 150,L1P,L
A964B7,N704PH,C150,CESSNA 150,L1P,L
A965B7,N704ZP,C150,CESSNA 150,L1P,L
A966B7,N7047,ZZZZ,,-0-,-
A968B7,N705SF,PA23,PIPER PA-23,L2P,L
A969B7,N70512,H500,HUGHES 500,H1T,L
A96DB7,N70635,C182,CESSNA 182 Skylane,L1P,L
A975B7,N7088A,,,,
A978B7,N70923,J3,PIPER J-3 Cub,L1P,L
A979B7,N71AC,PTS1,PITTS S-1 Special,L1P,L
A980B7,N711KT,C550,CESSNA 550 Citation S2,L2J,L
A981B7,N711VZ,RV7,VANS RV-7,L1P,L
A982B7,N7114Q,C172,CESSNA 172 Skyhawk,L1P,L
A983B7,N712CK,B744,BOEING 747-400,L4J,H
A988B7,N713RP,RV12,VANS RV-12,L1P,L
A98AB7,N7138W,P28A,PIPER PA-28-140/150/160/180,L1P,L
A98BB7,N714JF,C150,CESSNA 150,L1P,L
A991B7,N7155R,P28A,PIPER PA-28-140/150/160/180,L1P,L
A997B7,N717T,BE95,BEECH 95 Travel Air,L2P,L
A999B7,N7179X,C150,CESSNA 150,L1P,L
A99CB7,N7184P,PA24,PIPER PA-24 Comanche,L1P,L
A9A6B7,N7206A,C172,CESSNA 172 Skyhawk,L1P,L
A9AAB7,N7218D,,,,
A9ADB7,N72226,,,,
A9B1B7,N72349,BE36,BEECH 36 Bonanza,L1P,L
A9B3B7,N724PK,EXEC,ROTORWAY Exec,H1P,L
A9B5B7,N7247B,BE35,BEECH 35 Starfire Bonanza,L1P,L
A9B6B7,N725GB,VJ22,VOLMER Sportsman,A1P,L
A9B7B7,N725SH,B763,BOEING 767-300,L2J,H
A9B8B7,N72514,C140,CESSNA 140,L1P,L
A9B9B7,N7259E,C182,CESSNA 182 Skylane,L1P,L
A9BAB7,N726K,FOX,KITFOX,L1P,L
A9BCB7,N72637,C140,CESSNA 140,L1P,L
A9BDB7,N727BS,C150,CESSNA 150,L1P,L
A9C8B7,N73AE,S22T,CIRRUS SR-22T Turbo,L1P,L
A9C9B7,N73LL,T210,CESSNA T210 Turbo Centurion,L1P,L
A9D0B7,N731WA,PA34,PIPER PA-34 Seneca,L2P,L
A9D4B7,N732YZ,T206,CESSNA T206 Turbo Stationair,L1P,L
A9D8B7,N7331M,BALL,,B0-,-
A9DBB7,N734UP,C172,CESSNA 172 Skyhawk,L1P,L
A9DFB7,N735XM,C182,CESSNA 182 Skylane,L1P,L
A9E4B7,N7367W,P28A,PIPER PA-28-140/150/160/180,L1P,L
A9E6B7,N737TB,C182,CESSNA 182 Skylane,L1P,L
A9E9B7,N738KU,C172,CESSNA 172 Skyhawk,L1P,L
A9EEB7,N739YY,C172,CESSNA 172 Skyhawk,L1P,L
A9EFB7,N7396U,C207,CESSNA 207 Turbo Stationair,L1P,L
A9F5B7,N7406C,T6,NORTH AMERICAN T-6 Texan,L1P,L
A9F8B7,N74105,AA5,AMERICAN AA-5 Tiger,L1P,L
A9FCB7,N74228,B14A,BELLANCA 14,L1P,L
AA06B7,N745SK,CRJ7,BOMBARDIER Regional Jet CRJ-700,L2J,M
AA07B7,N74516,M20P,MOONEY M-20,L1P,L
AA0BB7,N74639,AA5,AMERICAN AA-5 Tiger,L1P,L
AA15B7,N749TW,R44,ROBINSON R-44 Raven,H1P,L
AA17B7,N75AG,GLF6,GULFSTREAM G650,L2J,M
AA18B7,N75LN,GLST,GLASAIR SH-4 GlaStar,L1P,L
AA19B7,N75WU,PTMS,PITTS S-12 Super Stinker,L1P,L
AA1AB7,N750GZ,CH75,ZENAIR CH-750 Cruzer,L1P,L
AA1CB7,N7502R,P28A,PIPER PA-28-140/150/160/180,L1P,L
AA1DB7,N75092,,,,
AA1FB7,N751WC,SS2P,ROCKWELL Thrush Commander,L1P,L
AA21B7,N752CP,P28R,PIPER PA-28R-180/200/201,L1P,L
AA23B7,N752ZA,CH75,ZENAIR CH-750 Cruzer,L1P,L
AA24B7,N7526X,C172,CESSNA 172 Skyhawk,L1P,L
AA27B7,N7531P,PA24,PIPER PA-24 Comanche,L1P,L
AA28B7,N75380,CUCA,CULVER Cadet,L1P,L
AA2FB7,N7555V,C77R,CESSNA 177RG Cardinal RG,L1P,L
AA32B7,N7560M,C175,CESSNA 175 Skylark,L1P,L
AA35B7,N757TD,C152,CESSNA 152,L1P,L
AA37B7,N75791,C172,CESSNA 172 Skyhawk,L1P,L
AA39B7,N758WB,C172,CESSNA 172 Skyhawk,L1P,L
AA3BB7,N759CN,C182,CESSNA 182 Skylane,L1P,L
AA3EB7,N7596W,P28A,PIPER PA-28-140/150/160/180,L1P,L
AA3FB7,N76FL,S76,SIKORSKY S-76 Spirit,H2T,L
AA40B7,N76RS,PTS1,PITTS S-1 Special,L1P,L
AA48B7,N7618H,PA12,PIPER PA-12 Super Cruiser,L1P,L
AA49B7,N762HT,S61,SIKORSKY S-61 Sea King,H2T,M
AA4FB7,N7635C,ULAC,,L0-,-
AA50B7,N764DH,BE33,BEECH 33 Bonanza,L1P,L
AA55B7,N765SM,COL4,CESSNA 400 Corvalis TT,L1P,L
AA56B7,N76518,C120,CESSNA 120,L1P,L
AA57B7,N7659J,P28R,PIPER PA-28R-180/200/201,L1P,L
AA59B7,N766VK,P32R,PIPER PA-32R-300/301/301T,L1P,L
AA5BB7,N767BW,RV7,VANS RV-7,L1P,L
AA61B7,N76806,C120,CESSNA 120,L1P,L
AA66B7,N77AJ,P32R,PIPER PA-32R-300/301/301T,L1P,L
AA6FB7,N7714W,P28A,PIPER PA-28-140/150/160/180,L1P,L
AA75B7,N773RV,RV4,VANS RV-4,L1P,L
AA76B7,N7731R,BE55,BEECH 55 Baron,L2P,L
AA77B7,N77382,C120,CESSNA 120,L1P,L
AA78B7,N774JM,ULAC,,L0-,-
AA7BB7,N775BD,H500,HUGHES 500,H1T,L
AA7CB7,N775MK,PA46,PIPER PA-46-310/350,L1P,L
AA83B7,N777H,BL17,BELLANCA 17 Viking,L1P,L
AA85B7,N7772S,GLID,,L0-,-
AA8DB7,N7796Y,PA18,PIPER PA-18 Super Cub,L1P,L
AA93B7,N7806G,C172,CESSNA 172 Skyhawk,L1P,L
AA96B7,N78109,GC1,GLOBE Swift,L1P,L
AA99B7,N782UA,B772,BOEING 777-200,L2J,H
AA9AB7,N7823B,PA20,PIPER PA-20 Pacer,L1P,L
AA9BB7,N783AM,B788,BOEING 787-8 Dreamliner,L2J,H
AA9EB7,N7835E,C150,CESSNA 150,L1P,L
AA9FB7,N784DK,DRON,,D0-,-
AAA2B7,N7847H,PA12,PIPER PA-12 Super Cruiser,L1P,L
AAABB7,N787ND,P28A,PIPER PA-28-140/150/160/180,L1P,L
AAADB7,N7876F,C150,CESSNA 150,L1P,L
AAAFB7,N788RB,TBM7,SOCATA TBM-700A/B/C,L1T,L
AAB0B7,N78808,C172,CESSNA 172 Skyhawk,L1P,L
AAB2B7,N789HU,C56X,CESSNA 560XL Citation XLS,L2J,M
AAB3B7,N789U,RV6,VANS RV-6,L1P,L
AAB6B7,N79LS,GLID,,L0-,-
AAB7B7,N79WY,HUSK,CHRISTEN Husky,L1P,L
AABFB7,N792CT,FDCT,FLIGHT DESIGN CT,L1P,L
AAC0B7,N792NZ,DRON,,D0-,-
AAC5B7,N7931T,C175,CESSNA 175 Skylark,L1P,L
AAC9B7,N7943W,P28A,PIPER PA-28-140/150/160/180,L1P,L
AACBB7,N795MM,PC12,PILATUS PC-12,L1T,L
AAD0B7,N7960R,BE33,BEECH 33 Bonanza,L1P,L
AAD6B7,N798L,CH7A,BELLANCA 7 Champion,L1P,L
AAD9B7,N799CS,BE10,BEECH 100 King Air,L2T,L
AADEB7,N8RW,MU2,MITSUBISHI MU-2 Marquise,L2T,L
AADFB7,N80CA,C170,CESSNA 170,L1P,L
AAE5B7,N801BK,CH80,ZENAIR CH-801 Stol,L1P,L
AAE6B7,N801MR,DH8B,DE HAVILLAND DHC-8-200 Dash 8,L2T,M
AAE9B7,N802EH,B06,BELL 206 JetRanger,H1T,L
AAEBB7,N8020V,P28A,PIPER PA-28-140/150/160/180,L1P,L
AAECB7,N80276,CULV,CULVER V,L1P,L
AAEEB7,N803TM,GLF5,GULFSTREAM 5,L2J,M
AAEFB7,N8032Y,CB1,HATZ CB-1 Classic,L1P,L
AAF3B7,N80441,P28A,PIPER PA-28-140/150/160/180,L1P,L
AAF4B7,N805CW,PC12,PILATUS PC-12,L1T,L
AAF7B7,N80564,GC1,GLOBE Swift,L1P,L
AAF9B7,N806S,GLID,,L0-,-
AAFAB7,N8061W,P28A,PIPER PA-28-140/150/160/180,L1P,L
AAFBB7,N80687,GC1,GLOBE Swift,L1P,L
AAFCB7,N807JS,C56X,CESSNA 560XL Citation XLS,L2J,M
AAFEB7,N8073Z,PARA,,P0-,-
AB05B7,N8090U,CH60,ZENAIR CH-600 Zodiac,L1P,L
AB06B7,N80975,C172,CESSNA 172 Skyhawk,L1P,L
AB08B7,N81TL,BE20,BEECH 200 Super King Air,L2T,M
AB0BB7,N8100C,CJ6,NANCHANG CJ-6,L1P,L
AB0DB7,N811GP,AS50,AEROSPATIALE AS-350 Ecureuil,H1T,L
AB11B7,N812KM,RV12,VANS RV-12,L1P,L
AB13B7,N8124J,P28B,PIPER PA-28-201T/235/236,L1P,L
AB14B7,N813CD,SR22,CIRRUS SR-22,L1P,L
AB17B7,N8136M,C182,CESSNA 182 Skylane,L1P,L
AB19B7,N814RH,AT5T,AIR TRACTOR AT-504,L1T,L
AB1AB7,N8141D,PA22,PIPER PA-22,L1P,L
AB1EB7,N8153G,BE36,BEECH 36 Bonanza,L1P,L
AB25B7,N8170B,C172,CESSNA 172 Skyhawk,L1P,L
AB26B7,N8177N,P28A,PIPER PA-28-140/150/160/180,L1P,L
AB29B7,N8182E,C172,CESSNA 172 Skyhawk,L1P,L
AB2AB7,N8189R,BE33,BEECH 33 Bonanza,L1P,L
AB2CB7,N819VS,SR20,CIRRUS SR-20,L1P,L
AB2EB7,N82CC,C182,CESSNA 182 Skylane,L1P,L
AB35B7,N821MT,VENT,SCHEMPP-HIRTH Ventus,L1P,L
AB37B7,N82155,PA18,PIPER PA-18 Super Cub,L1P,L
AB38B7,N822EK,DH82,DE HAVILLAND DH-82 Tiger Moth,L1P,L
AB3AB7,N8220X,C172,CESSNA 172 Skyhawk,L1P,L
AB3BB7,N82278,CH7A,BELLANCA 7 Champion,L1P,L
AB3EB7,N82320,CH7A,BELLANCA 7 Champion,L1P,L
AB42B7,N82443,PA18,PIPER PA-18 Super Cub,L1P,L
AB46B7,N82566,PA18,PIPER PA-18 Super Cub,L1P,L
AB48B7,N826SB,BALL,,B0-,-
AB49B7,N8261Y,PA30,PIPER PA-30 Twin Comanche,L2P,L
AB4AB7,N82689,,,,
AB4CB7,N827V,BE36,BEECH 36 Bonanza,L1P,L
AB4FB7,N828MS,AT5T,AIR TRACTOR AT-504,L1T,L
AB52B7,N829EJ,RV12,VANS RV-12,L1P,L
AB54B7,N8290W,P28A,PIPER PA-28-140/150/160/180,L1P,L
AB55B7,N82977,PA18,PIPER PA-18 Super Cub,L1P,L
AB5BB7,N8307R,P28A,PIPER PA-28-140/150/160/180,L1P,L
AB5CB7,N831GR,T18,THORP Tiger,L1P,L
AB5EB7,N8312H,P28A,PIPER PA-28-140/150/160/180,L1P,L
AB5FB7,N8319U,A319,AIRBUS A-319,L2J,M
AB62B7,N8324L,P28R,PIPER PA-28R-180/200/201,L1P,L
AB63B7,N833CF,SR22,CIRRUS SR-22,L1P,L
AB65B7,N833YT,RF6,FOURNIER RF-6,L1P,L
AB66B7,N8336P,PA24,PIPER PA-24 Comanche,L1P,L
AB6BB7,N835JB,SREY,PROGRESSIVE AERODYNE SeaRey,A1P,L
AB6DB7,N8353J,C150,CESSNA 150,L1P,L
AB6FB7,N836M,DC3,DOUGLAS DC-3 Dakota,L2P,M
AB72B7,N837DS,DA40,DIAMOND DA-40 Club Star,L1P,L
AB74B7,N8370D,BE35,BEECH 35 Starfire Bonanza,L1P,L
AB75B7,N8377Q,C185,CESSNA 185 Skywagon,L1P,L
AB78B7,N8382G,C150,CESSNA 150,L1P,L
AB79B7,N8389T,C175,CESSNA 175 Skylark,L1P,L
AB7DB7,N84CE,PA11,PIPER PA-11 Cub Special,L1P,L
AB83B7,N841BP,AS50,AEROSPATIALE AS-350 Ecureuil,H1T,L
AB86B7,N84157,CH7A,BELLANCA 7 Champion,L1P,L
AB87B7,N842EM,,,,
AB8BB7,N843HK,E145,EMBRAER ERJ-145,L2J,M
AB8EB7,N844AB,P28A,PIPER PA-28-140/150/160/180,L1P,L
AB90B7,N844WP,RV10,VANS RV-10,L1P,L
AB92B7,N845D,P28B,PIPER PA-28-201T/235/236,L1P,L
AB93B7,N845PF,C25C,CESSNA 525C Citation CJ4,L2J,M
AB98B7,N84610,CH7A,BELLANCA 7 Champion,L1P,L
AB9AB7,N847JW,C172,CESSNA 172 Skyhawk,L1P,L
AB9CB7,N84733,CH7A,BELLANCA 7 Champion,L1P,L
ABA3B7,N8490Y,PA18,PIPER PA-18 Super Cub,L1P,L
ABA5B7,N85HJ,S58P,SIKORSKY S-58,H1P,L
ABA7B7,N850DV,EPIC,EPIC AIRCRAFT Epic LT,L1T,L
ABA9B7,N8500G,C150,CESSNA 150,L1P,L
ABAAB7,N8507T,ULAC,,L0-,-
ABABB7,N851GT,B748,BOEING 747-8,L4J,H
ABAEB7,N8519W,P28B,PIPER PA-28-201T/235/236,L1P,L
ABB1B7,N8524N,P28B,PIPER PA-28-201T/235/236,L1P,L
ABB7B7,N854RM,NAVI,NORTH AMERICAN Navion,L1P,L
ABB8B7,N8541H,NAVI,NORTH AMERICAN Navion,L1P,L
ABBAB7,N855JD,CRUZ,CSA PS-28 Cruiser,L1P,L
ABBDB7,N856AW,RV7,VANS RV-7,L1P,L
ABBEB7,N856MB,AS50,AEROSPATIALE AS-350 Ecureuil,H1T,L
ABC0B7,N8565P,PA24,PIPER PA-24 Comanche,L1P,L
ABC3B7,N8570F,P28A,PIPER PA-28-140/150/160/180,L1P,L
ABC4B7,N8577S,C182,CESSNA 182 Skylane,L1P,L
ABC5B7,N858GS,EA50,ECLIPSE 550,L2J,L
ABC7B7,N8582J,C150,CESSNA 150,L1P,L
ABC8B7,N8589V,BL8,BELLANCA 8 Decathlon,L1P,L
ABCCB7,N86CG,C25B,CESSNA 525B Citation CJ3,L2J,L
ABCEB7,N86YU,VELO,Velocity,L1P,L
ABD1B7,N86036,AR11,AERONCA 11 Chief,L1P,L
ABD9B7,N8628B,C172,CESSNA 172 Skyhawk,L1P,L
ABDCB7,N86324,E75L,EMBRAER ERJ-170-200 (long wing),L2J,M
ABE2B7,N865PH,C182,CESSNA 182 Skylane,L1P,L
ABE5B7,N866G,GALX,GULFSTREAM G200,L2J,M
ABE7B7,N86612,CH7A,BELLANCA 7 Champion,L1P,L
ABE8B7,N8669C,P28R,PIPER PA-28R-180/200/201,L1P,L
ABF3B7,N8698A,CRJ2,BOMBARDIER Regional Jet CRJ-200,L2J,M
ABF5B7,N87TS,PA31,PIPER PA-31-300/310/325/350/425,L2P,L
ABF8B7,N8700J,,,,
ABF9B7,N8707V,BL8,BELLANCA 8 Decathlon,L1P,L
ABFDB7,N8719Y,DRON,,D0-,-
AC07B7,N8741K,S108,STINSON 108 Voyager,L1P,L
AC0BB7,N8753N,P28A,PIPER PA-28-140/150/160/180,L1P,L
AC10B7,N877DW,C82S,CESSNA T182 Turbo Skylane,L1P,L
AC12B7,N8770H,NAVI,NORTH AMERICAN Navion,L1P,L
AC15B7,N878T,,,,
AC17B7,N8789X,C182,CESSNA 182 Skylane,L1P,L
AC1AB7,N8794P,PA24,PIPER PA-24 Comanche,L1P,L
AC1BB7,N88CJ,BE36,BEECH 36 Bonanza,L1P,L
AC20B7,N88038,J3,PIPER J-3 Cub,L1P,L
AC28B7,N8828D,CRJ2,BOMBARDIER Regional Jet CRJ-200,L2J,M
AC29B7,N883HP,T206,CESSNA T206 Turbo Stationair,L1P,L
AC2BB7,N88326,E75L,EMBRAER ERJ-170-200 (long wing),L2J,M
AC2FB7,N88449,J3,PIPER J-3 Cub,L1P,L
AC33B7,N8857B,C172,CESSNA 172 Skyhawk,L1P,L
AC3BB7,N888BS,BE50,BEECH 50 Excalibur,L2P,L
AC3DB7,N888YD,DRON,,D0-,-
AC41B7,N88902,YK52,YAKOVLEV Yak-52,L1P,L
AC48B7,N8907X,C182,CESSNA 182 Skylane,L1P,L
AC4BB7,N8912P,PA24,PIPER PA-24 Comanche,L1P,L
AC4EB7,N892WA,AC90,NORTH AMERICAN ROCKWELL Turbo Commander 690/840,L2T,L
AC4FB7,N8924S,C150,CESSNA 150,L1P,L
AC56B7,N8941M,BE35,BEECH 35 Starfire Bonanza,L1P,L
AC57B7,N8948Y,PA30,PIPER PA-30 Twin Comanche,L2P,L
AC58B7,N895JH,E55P,EMBRAER EMB-505 Phenom 300,L2J,M
AC59B7,N895UP,C182,CESSNA 182 Skylane,L1P,L
AC5BB7,N896B,,,,
AC5EB7,N8965T,C182,CESSNA 182 Skylane,L1P,L
AC62B7,N8977W,P28B,PIPER PA-28-201T/235/236,L1P,L
AC68B7,N899W,,,,
AC6AB7,N9CL,PTS1,PITTS S-1 Special,L1P,L
AC6BB7,N9NS,BE58,BEECH 58 Baron,L2P,L
AC6CB7,N9YY,RV3,VANS RV-3,L1P,L
AC6DB7,N90KC,CL60,BOMBARDIER CL-600 Challenger,L2J,M
AC6EB7,N90VJ,LJ31,LEARJET 31,L2J,M
AC6FB7,N900FP,,,,
AC73B7,N901JM,C182,CESSNA 182 Skylane,L1P,L
AC75B7,N9013U,,,,
AC7CB7,N9030P,PA24,PIPER PA-24 Comanche,L1P,L
AC7EB7,N904H,BE9L,BEECH 90 King Air,L2T,L
AC80B7,N9042S,BE35,BEECH 35 Starfire Bonanza,L1P,L
AC83B7,N905WD,ULAC,,L0-,-
AC84B7,N9054V,BALL,,B0-,-
AC8CB7,N90781,R22,ROBINSON R-22 Mariner,H1P,L
AC90B7,N909BC,UH12,HILLER UH-12,H1P,L
AC91B7,N909MJ,BE9L,BEECH 90 King Air,L2T,L
AC93B7,N9095W,,,,
AC94B7,N91EA,CRJ2,BOMBARDIER Regional Jet CRJ-200,L2J,M
AC98B7,N910WZ,TBM7,SOCATA TBM-700A/B/C,L1T,L
AC99B7,N9105E,BALL,,B0-,-
AC9AB7,N911DK,AA5,AMERICAN AA-5 Tiger,L1P,L
AC9BB7,N911PR,UH1,BELL UH-1 Huey,H1T,L
AC9DB7,N9117H,H500,HUGHES 500,H1T,L
ACA1B7,N9129L,CH7A,BELLANCA 7 Champion,L1P,L
ACA2B7,N913KF,FOX,KITFOX,L1P,L
ACA8B7,N9146F,H500,HUGHES 500,H1T,L
ACAAB7,N915RB,F2TH,DASSAULT Falcon 2000,L2J,M
ACABB7,N91508,C182,CESSNA 182 Skylane,L1P,L
ACACB7,N9158J,,,,
ACAFB7,N9163A,,,,
ACBAB7,N91919,C188,CESSNA 188 AgTruck,L1P,L
ACC0B7,N9201T,M20P,MOONEY M-20,L1P,L
ACC1B7,N92084,J3,PIPER J-3 Cub,L1P,L
ACC5B7,N922BF,EC30,AIRBUS HELICOPTERS EC-130,H1T,L
ACC9B7,N923ED,C172,CESSNA 172 Skyhawk,L1P,L
ACCBB7,N9230R,C188,CESSNA 188 AgTruck,L1P,L
ACCCB7,N92372,J3,PIPER J-3 Cub,L1P,L
ACCFB7,N9242U,C150,CESSNA 150,L1P,L
ACD0B7,N92495,C182,CESSNA 182 Skylane,L1P,L
ACD4B7,N926CS,C182,CESSNA 182 Skylane,L1P,L
ACD7B7,N92660,PARA,,P0-,-
ACDAB7,N9271S,BE23,BEECH 23 Sundowner,L1P,L
ACE2B7,N9295Y,PA46,PIPER PA-46-310/350,L1P,L
ACE3B7,N93EC,CL35,BOMBARDIER BD-100 Challenger 350,L2J,M
ACE9B7,N931DM,B739,BOEING 737-900,L2J,M
ACF0B7,N9329N,P28R,PIPER PA-28R-180/200/201,L1P,L
ACF4B7,N934C,S108,STINSON 108 Voyager,L1P,L
ACF9B7,N935RD,C310,CESSNA 310,L2P,L
ACFAB7,N9351,,,,
ACFBB7,N9358L,C172,CESSNA 172 Skyhawk,L1P,L
ACFFB7,N937AN,B738,BOEING 737-800,L2J,M
AD01B7,N937X,FOX,KITFOX,L1P,L
AD06B7,N9387J,P28A,PIPER PA-28-140/150/160/180,L1P,L
AD0AB7,N9399M,C207,CESSNA 207 Turbo Stationair,L1P,L
AD0BB7,N94KG,GLID,,L0-,-
AD0FB7,N9401V,M20P,MOONEY M-20,L1P,L
AD14B7,N942BH,BALL,,B0-,-
AD15B7,N942MP,,,,
AD1AB7,N9430T,C210,CESSNA 201 Centurion,L1P,L
AD20B7,N945LB,P28A,PIPER PA-28-140/150/160/180,L1P,L
AD24B7,N946P,ERCO,AIR PRODUCTS F-1 Aircoupe,L1P,L
AD2AB7,N94785,ERCO,AIR PRODUCTS F-1 Aircoupe,L1P,L
AD2CB7,N948UW,E190,EMBRAER ERJ-190-100,L2J,M
AD2EB7,N949BG,BE36,BEECH 36 Bonanza,L1P,L
AD32B7,N95EE,COL3,CESSNA 350 Corvalis,L1P,L
AD37B7,N9505J,P28A,PIPER PA-28-140/150/160/180,L1P,L
AD3AB7,N9510A,C82S,CESSNA T182 Turbo Skylane,L1P,L
AD3DB7,N952ST,A119,AGUSTA AW-119 Koala,H1T,L
AD3FB7,N9529Q,AEST,AEROSTAR 600,L2P,L
AD43B7,N954CB,HROC,HARMON Rocket,L1P,L
AD47B7,N955F,WAIX,SONEX Waiex,L1P,L
AD49B7,N9551B,C72R,CESSNA 172R Cutlass RG,L1P,L
AD51B7,N9575H,C82R,CESSNA R182 Skylane RG,L1P,L
AD54B7,N9580,,,,
AD55B7,N9587L,AA5,AMERICAN AA-5 Tiger,L1P,L
AD5AB7,N96KJ,S22T,CIRRUS SR-22T Turbo,L1P,L
AD5DB7,N960SA,TBM9,SOCATA TBM-900/910/930/940,L1T,L
AD5EB7,N9601X,C210,CESSNA 201 Centurion,L1P,L
AD5FB7,N96088,HUSK,CHRISTEN Husky,L1P,L
AD60B7,N961JT,A321,AIRBUS A-321,L2J,M
AD62B7,N96130,TAYB,TAYLORCRAFT BC/BF/BL,L1P,L
AD69B7,N9630V,C172,CESSNA 172 Skyhawk,L1P,L
AD6CB7,N964TM,C182,CESSNA 182 Skylane,L1P,L
AD6DB7,N9642Y,BE35,BEECH 35 Starfire Bonanza,L1P,L
AD6EB7,N96499,TAYB,TAYLORCRAFT BC/BF/BL,L1P,L
AD7AB7,N968JS,RV6,VANS RV-6,L1P,L
AD7DB7,N969BJ,SR22,CIRRUS SR-22,L1P,L
AD80B7,N96952,C182,CESSNA 182 Skylane,L1P,L
AD83B7,N970AT,B712,BOEING 717-200,L2J,M
AD86B7,N9705L,BE23,BEECH 23 Sundowner,L1P,L
AD8AB7,N9717P,PA18,PIPER PA-18 Super Cub,L1P,L
AD91B7,N9734J,P28A,PIPER PA-28-140/150/160/180,L1P,L
AD93B7,N974NK,A20N,AIRBUS A-320neo,L2J,M
AD97B7,N975RH,B06,BELL 206 JetRanger,H1T,L
ADA0B7,N9775K,S108,STINSON 108 Voyager,L1P,L
ADA2B7,N978PW,F900,DASSAULT Falcon 900,L3J,M
ADA3B7,N9780B,C180,CESSNA  180 Skywagon,L1P,L
ADA8B7,N9799R,BE35,BEECH 35 Starfire Bonanza,L1P,L
ADAEB7,N9809,G164,GRUMMAN G-164 Ag-Cat,L1P,L
ADB8B7,N9830X,C185,CESSNA 185 Skywagon,L1P,L
ADB9B7,N98378,P28A,PIPER PA-28-140/150/160/180,L1P,L
ADBCB7,N98420,J3,PIPER J-3 Cub,L1P,L
ADBDB7,N985A,PA22,PIPER PA-22,L1P,L
ADC0B7,N98543,J3,PIPER J-3 Cub,L1P,L
ADC6B7,N987SB,LA4,LAKE LA-4/200,A1P,L
ADCFB7,N98954,C172,CESSNA 172 Skyhawk,L1P,L
ADD1B7,N99QQ,RV7,VANS RV-7,L1P,L
ADD2B7,N990AV,DH8A,DE HAVILLAND DHC-8-100 Dash 8,L2T,M
ADD3B7,N990MA,TBM7,SOCATA TBM-700A/B/C,L1T,L
ADD8B7,N9910E,C182,CESSNA 182 Skylane,L1P,L
ADE1B7,N994CF,BE30,BEECH 300 Super King Air,L2T,L
ADE5B7,N995FD,B752,BOEING 757-200,L2J,M
ADE9B7,N996JB,AT6T,AIR TRACTOR AT-602,L1T,L
ADEDB7,N997M,,,,
ADF0B7,N998DS,FOX,KITFOX,L1P,L
ADF5B7,N999SW,BE60,BEECH 60 Duke,L2P,L
ADF6B7,N9992G,C182,CESSNA 182 Skylane,L1P,L
ADF7B7,N9999T,C182,CESSNA 182 Skylane,L1P,L
ADFCB7,93-0631,BE40,BEECH 400 Beechjet,L2J,M
ADFDB7,93-1037,C130,LOCKHEED C-130 Hercules,L4T,M
ADFEB7,98-0001,B752,BOEING 757-200,L2J,M
ADFFB7,64-13262,T38,NORTHROP T-38 Talon,L2J,L
AE00B7,61-0863,T38,NORTHROP T-38 Talon,L2J,L
AE04B7,58-0004,K35R,BOEING KC-135R/T Stratotanker,L4J,H
AE05B7,88-1302,C130,LOCKHEED C-130 Hercules,L4T,M
AE07B7,62-3528,K35R,BOEING KC-135R/T Stratotanker,L4J,H
AE08B7,165962,TEX2,BEECHCRAFT T-6 Texan 2,L1T,L
AE0AB7,99-26836,H60,SIKORSKY UH-60 Black Hawk,H2T,M
AE0BB7,87-24593,H60,SIKORSKY UH-60 Black Hawk,H2T,M
AE0CB7,84-23994,H60,SIKORSKY UH-60 Black Hawk,H2T,M
AE0DB7,86-24496,H60,SIKORSKY UH-60 Black Hawk,H2T,M
AE0EB7,87-24581,H60,SIKORSKY UH-60 Black Hawk,H2T,M
AE10B7,01-0188,C17,BOEING C-17 Globemaster 3,L4J,H
AE11B7,03-3685,TEX2,BEECHCRAFT T-6 Texan 2,L1T,L
AE12B7,87-0023,C130,LOCKHEED C-130 Hercules,L4T,M
AE13B7,04-3737,TEX2,BEECHCRAFT T-6 Texan 2,L1T,L
AE14B7,160982,BE9L,BEECH 90 King Air,L2T,L
AE17B7,97-0219,F15,MCDONNELL-DOUGLAS F-15 Eagle,L2J,M
AE1DB7,167827,H60,SIKORSKY UH-60 Black Hawk,H2T,M
AE1EB7,166050,TEX2,BEECHCRAFT T-6 Texan 2,L1T,L
AE1FB7,10-72168,EC45,AIRBUS HELICOPTERS EC-145,H2T,L
AE20B7,167982,C30J,LOCKHEED MARTIN C-130J Super Hercules,L4T,M
AE26B7,6597,AS65,AEROSPATIALE AS-365 Dauphin 2,H2T,L
AE47B7,09-20228,H60,SIKORSKY UH-60 Black Hawk,H2T,M
AE4BB7,165346,H53,SIKORSKY CH-53,H2T,M
AE4EB7,168433,P8,BOEING P-8 Poseidon,L2J,M
AE4FB7,168103,H60,SIKORSKY UH-60 Black Hawk,H2T,M
AE50B7,10-20247,H60,SIKORSKY UH-60 Black Hawk,H2T,M
AE51B7,11-20372,H60,SIKORSKY UH-60 Black Hawk,H2T,M
AE56B7,13-20591,H60,SIKORSKY UH-60 Black Hawk,H2T,M
AE57B7,168851,P8,BOEING P-8 Poseidon,L2J,M
AE58B7,11-00267,B350,BEECHCRAFT Super King Air 350,L2T,M
AE59B7,13-08150,H47,BOEING-VERTOL CH-47 Chinook,H2T,M
AE5AB7,15-20725,H60,SIKORSKY UH-60 Black Hawk,H2T,M
AE5EB7,162014,B06,BELL 206 JetRanger,H1T,L
AE61B7,169022,H53,SIKORSKY CH-53,H2T,M
AE63B7,20-46075,B762,BOEING 767-200,L2J,H
AE64B7,168679,V22,BELL-BOEING V-22 Osprey,R2T,M
AE68B7,11-3075,D328,DORNIER 328,L2T,M
AE6CB7,20-03343,H64,MCDONNELL DOUGLAS AH-64 Apache,H2T,M
AE74B7,22-21235,H60,SIKORSKY UH-60 Black Hawk,H2T,M
C000B7,C-FAHA,ST75,STEARMAN Kaydet,L1P,L
C001B7,C-FAQW,P28A,PIPER PA-28-140/150/160/180,L1P,L
C004B7,C-FBUK,C172,CESSNA 172 Skyhawk,L1P,L
C005B7,C-FCEG,PA11,PIPER PA-11 Cub Special,L1P,L
C006B7,C-FCOC,S108,STINSON 108 Voyager,L1P,L
C007B7,C-FCXY,M20P,MOONEY M-20,L1P,L
C009B7,C-FDRQ,C172,CESSNA 172 Skyhawk,L1P,L
C00AB7,C-FEBM,P28A,PIPER PA-28-140/150/160/180,L1P,L
C00BB7,C-FELI,PA24,PIPER PA-24 Comanche,L1P,L
C00CB7,C-FEVE,ZZZZ,,-0-,-
C00DB7,C-FFFA,SR22,CIRRUS SR-22,L1P,L
C00EB7,C-FFOW,PA30,PIPER PA-30 Twin Comanche,L2P,L
C00FB7,C-FFYS,CH7A,BELLANCA 7 Champion,L1P,L
C010B7,C-FGIO,C170,CESSNA 170,L1P,L
C011B7,C-FGSK,C150,CESSNA 150,L1P,L
C012B7,C-FHCG,R44,ROBINSON R-44 Raven,H1P,L
C014B7,C-FHVY,,,,
C015B7,C-FIFU,,,,
C016B7,C-FIPQ,F2TH,DASSAULT Falcon 2000,L2J,M
C017B7,C-FIZM,RV3,VANS RV-3,L1P,L
C018B7,C-FJJI,,,,
C01AB7,C-FKDA,AR11,AERONCA 11 Chief,L1P,L
C01BB7,C-FKMW,PA22,PIPER PA-22,L1P,L
C01CB7,C-FKWS,B737,BOEING 737-700,L2J,M
C01EB7,C-FLQK,PA22,PIPER PA-22,L1P,L
C01FB7,C-FMAG,PA22,PIPER PA-22,L1P,L
C020B7,C-FMKC,DV20,DIAMOND DA-20,L1P,L
C021B7,C-FMTY,ZZZZ,,-0-,-
C023B7,C-FNNQ,B77W,BOEING 777-300ER,L2J,H
C025B7,C-FOHI,C185,CESSNA 185 Skywagon,L1P,L
C026B7,C-FORE,C172,CESSNA 172 Skyhawk,L1P,L
C027B7,C-FPBA,AS50,AEROSPATIALE AS-350 Ecureuil,H1T,L
C028B7,C-FPKW,CL2P,CANADAIR CL-215,A2P,M
C029B7,C-FPUS,BLKS,AIRCRAFT SPRUCE Baby Lakes,L1P,L
C02AB7,C-FQEO,P28A,PIPER PA-28-140/150/160/180,L1P,L
C02DB7,C-FRIC,C172,CESSNA 172 Skyhawk,L1P,L
C02FB7,C-FSBU,C180,CESSNA  180 Skywagon,L1P,L
C030B7,C-FSLQ,C172,CESSNA 172 Skyhawk,L1P,L
C031B7,C-FSVM,CH7A,BELLANCA 7 Champion,L1P,L
C033B7,C-FTPE,BE9L,BEECH 90 King Air,L2T,L
C034B7,C-FTZA,TAYA,TAYLORCRAFT A,L1P,L
C035B7,C-FUIW,RBEL,MURPHY Rebel,L1P,L
C036B7,C-FUSS,P28A,PIPER PA-28-140/150/160/180,L1P,L
C037B7,C-FVCO,TAYA,TAYLORCRAFT A,L1P,L
C038B7,C-FVMK,C150,CESSNA 150,L1P,L
C03AB7,C-FWGC,C182,CESSNA 182 Skylane,L1P,L
C03BB7,C-FWPY,,,,
C03CB7,C-FWZU,RENE,Renegade,L1P,L
C03DB7,C-FXJQ,TAYA,TAYLORCRAFT A,L1P,L
C03EB7,C-FXTM,,,,
C042B7,C-FZGW,C172,CESSNA 172 Skyhawk,L1P,L
C043B7,C-FZQS,A320,AIRBUS A-320,L2J,M
C044B7,C-GAAO,ULAC,,L0-,-
C046B7,C-GAUG,RV6,VANS RV-6,L1P,L
C047B7,C-GBEC,ULAC,,L0-,-
C048B7,C-GBNY,P28A,PIPER PA-28-140/150/160/180,L1P,L
C049B7,C-GBXU,C177,CESSNA  177 Cardinal,L1P,L
C04AB7,C-GCHQ,B06,BELL 206 JetRanger,H1T,L
C04BB7,C-GCRM,PA24,PIPER PA-24 Comanche,L1P,L
C04CB7,C-GDBI,C207,CESSNA 207 Turbo Stationair,L1P,L
C04EB7,C-GDVA,NAVI,NORTH AMERICAN Navion,L1P,L
C04FB7,C-GEEW,RBEL,MURPHY Rebel,L1P,L
C050B7,C-GEOS,AC90,NORTH AMERICAN ROCKWELL Turbo Commander 690/840,L2T,L
C051B7,C-GEYO,M5,MAULE M-5,L1P,L
C052B7,C-GFIK,BD4,BEDE BD-4,L1P,L
C053B7,C-GFSG,BE20,BEECH 200 Super King Air,L2T,M
C055B7,C-GGLY,,,,
C056B7,C-GGVU,C206,CESSNA  206 Stationair,L1P,L
C057B7,C-GHFQ,C172,CESSNA 172 Skyhawk,L1P,L
C058B7,C-GHPM,PA24,PIPER PA-24 Comanche,L1P,L
C059B7,C-GHZI,L188,LOCKHEED L-188 Electra,L4T,M
C05AB7,C-GIJE,P28A,PIPER PA-28-140/150/160/180,L1P,L
C05BB7,C-GITA,AJET,DASSAULT-DORNIER Alpha Jet,L2J,M
C05CB7,C-GJCW,QIC2,QUICKIE Q2,L1P,L
C05DB7,C-GJMS,C177,CESSNA  177 Cardinal,L1P,L
C05EB7,C-GJWO,A321,AIRBUS A-321,L2J,M
C05FB7,C-GKGK,AS50,AEROSPATIALE AS-350 Ecureuil,H1T,L
C060B7,C-GKQG,DH8D,DE HAVILLAND DHC-8-400 Dash 8,L2T,M
C062B7,C-GLJY,C177,CESSNA  177 Cardinal,L1P,L
C063B7,C-GLTU,GLID,,L0-,-
C065B7,C-GMNM,BE20,BEECH 200 Super King Air,L2T,M
C066B7,C-GMXI,C182,CESSNA 182 Skylane,L1P,L
C067B7,C-GNHE,C177,CESSNA  177 Cardinal,L1P,L
C068B7,C-GNRA,C172,CESSNA 172 Skyhawk,L1P,L
C069B7,C-GOAW,C170,CESSNA 170,L1P,L
C06AB7,C-GOKS,BE58,BEECH 58 Baron,L2P,L
C06BB7,C-GOUO,P28A,PIPER PA-28-140/150/160/180,L1P,L
C06CB7,C-GPEK,R44,ROBINSON R-44 Raven,H1P,L
C06DB7,C-GPOG,C185,CESSNA 185 Skywagon,L1P,L
C06EB7,C-GPYC,M5,MAULE M-5,L1P,L
C06FB7,C-GQHY,C150,CESSNA 150,L1P,L
C070B7,C-GQRU,C207,CESSNA 207 Turbo Stationair,L1P,L
C071B7,C-GRBQ,C206,CESSNA  206 Stationair,L1P,L
C072B7,C-GRLM,BL8,BELLANCA 8 Decathlon,L1P,L
C073B7,C-GRVI,C172,CESSNA 172 Skyhawk,L1P,L
C074B7,C-GSFE,M7,MAULE M-7,L1P,L
C075B7,C-GSPA,C172,CESSNA 172 Skyhawk,L1P,L
C077B7,C-GTIS,B06,BELL 206 JetRanger,H1T,L
C07AB7,C-GUMG,F28,FOKKER F-28,L2J,M
C07BB7,C-GUWC,S92,SIKORSKY S-92 Helibus,H2T,M
C07DB7,C-GVPU,C210,CESSNA 201 Centurion,L1P,L
C07EB7,C-GVZQ,DHC6,DE HAVILLAND DHC-6 Twin Otter,L2T,L
C07FB7,C-GWJM,C172,CESSNA 172 Skyhawk,L1P,L
C080B7,C-GWTI,HUSK,CHRISTEN Husky,L1P,L
C081B7,C-GXDE,C172,CESSNA 172 Skyhawk,L1P,L
C082B7,C-GXNA,K100,DAHER Kodiak 100,L1T,L
C084B7,C-GYGS,P28A,PIPER PA-28-140/150/160/180,L1P,L
C086B7,C-GZAK,C150,CESSNA 150,L1P,L
C08BB7,C-IAXQ,ULAC,,L0-,-
C08DB7,C-IBRI,,,,
C08EB7,C-ICBE,ULAC,,L0-,-
C090B7,C-ICUW,,,,
C091B7,C-IDES,ULAC,,L0-,-
C092B7,C-IDOO,ULAC,,L0-,-
C093B7,C-IDYK,ULAC,,L0-,-
C094B7,C-IEIG,PARA,,P0-,-
C095B7,C-IESC,ULAC,,L0-,-
C096B7,C-IFBY,PARA,,P0-,-
C097B7,C-IFLU,ULAC,,L0-,-
C098B7,C-IFVQ,PARA,,P0-,-
C099B7,C-IGFM,PARA,,P0-,-
C09AB7,C-IGPI,ULAC,,L0-,-
C09BB7,C-IGZE,PARA,,P0-,-
C09CB7,C-IHJA,ULAC,,L0-,-
C09DB7,C-IHSW,BEVR,ASAP Beaver,L1P,L
C09FB7,C-IIMO,NDAC,NORMAND DUBE Aerocruiser,L1P,L
C0A1B7,C-IJGG,PARA,,P0-,-
C0A2B7,C-IJQC,PARA,,P0-,-
C0A3B7,C-IJZY,ULAC,,L0-,-
C0A5B7,C-IKTQ,PARA,,P0-,-
C0A6B7,C-ILDM,PARA,,P0-,-
C0A7B7,C-ILNI,PARA,,P0-,-
C0ADB7,C-INUK,ULAC,,L0-,-
C0B7B7,C-IROW,CHIN,ASAP Chinook,L1P,L
C1E4B7,SERV,SERV,,V0-,-
C1E5B7,SERV,SERV,,V0-,-
C1E9B7,SERV,SERV,,V0-,-
C2B0B7,156124,TEX2,BEECHCRAFT T-6 Texan 2,L1T,L
C2B5B7,130615,C30J,LOCKHEED MARTIN C-130J Super Hercules,L4T,M
C800B7,ZK-BGO,C180,CESSNA  180 Skywagon,L1P,L
C801B7,ZK-CJE,JUNR,BOLKOW BO-208 Junior,L1P,L
C803B7,ZK-DYB,D11,JODEL D-11x/12x,L1P,L
C80AB7,ZK-CKK,RALL,SOCATA Rallye,L1P,L
C80DB7,ZK-HDU,B06,BELL 206 JetRanger,H1T,L
C813B7,ZK-TUA,C180,CESSNA  180 Skywagon,L1P,L
C815B7,ZK-POW,ULAC,,L0-,-
C817B7,ZK-CGL,ZZZZ,,-0-,-
C819B7,ZK-CBH,C180,CESSNA  180 Skywagon,L1P,L
C81AB7,ZK-SAY,C208,CESSNA 208 Caravan,L1T,L
C81BB7,ZK-IVR,EXEC,ROTORWAY Exec,H1P,L
C81CB7,ZK-INN,EC20,AIRBUS HELICOPTERS EC-120,H1T,L
C81DB7,ZK-HCG,AS50,AEROSPATIALE AS-350 Ecureuil,H1T,L
C820B7,ZK-WNZ,P208,TECNAM P-2008,L1P,L
C821B7,ZK-HUB,R44,ROBINSON R-44 Raven,H1P,L
C823B7,ZK-PHL,RV10,VANS RV-10,L1P,L
C827B7,ZK-HHJ,BK17,EUROCOPTER BK117 C-1/2,H2T,L
C829B7,ZK-IEA,AS50,AEROSPATIALE AS-350 Ecureuil,H1T,L
E200B7,LV-S106,ECHO,TECNAM P-92 Echo,L1P,L
E489B7,PP-CTU,C56X,CESSNA 560XL Citation XLS,L2J,M
E48AB7,PR-WSW,H25B,HAWKER BEECHCRAFT Hawker 750/850,L2J,M
E48DB7,PR-SDJ,B734,BOEING 737-400,L2J,M
E48EB7,PP-HUC,E55P,EMBRAER EMB-505 Phenom 300,L2J,M
E48FB7,PR-GXW,B738,BOEING 737-800,L2J,M
E492B7,PR-BYZ,PAY1,PIPER PA-31T1-500 Cheyenne 1,L2T,L
E493B7,PT-EUX,PAT4,PIPER PA-31T3-500,L2T,L
E495B7,PR-RUZ,BE20,BEECH 200 Super King Air,L2T,M
E496B7,PS-EBI,DA62,DIAMOND DA-62,L2P,L
E808B7,CC-DAG,BE20,BEECH 200 Super King Air,L2T,M
