00A9BF,ZS-PUK,C188,CESSNA 188 AgTruck,L1P,L
00AFBF,ZS-SBM,R44,ROBINSON R-44 Raven,H1P,L
00B0BF,ZS-SLI,AC90,NORTH AMERICAN ROCKWELL Turbo Commander 690/840,L2T,L
00B1BF,ZS-SVE,P28A,PIPER PA-28-140/150/160/180,L1P,L
00B3BF,ZS-TOW,LJ35,LEARJET 35,L2J,M
0101BF,SU-BTM,A320,AIRBUS A-320,L2J,M
0200BF,CN-BTN,TEX2,BEECHCRAFT T-6 Texan 2,L1T,L
04C1BF,5Y-MAE,C208,CESSNA 208 Caravan,L1T,L
06A0BF,A7-BDA,B788,BOEING 787-8 Dreamliner,L2J,H
06A1BF,A7-BEI,B77W,BOEING 777-300ER,L2J,H
0AC8BF,FAC3106,E314,EMBRAER EMB-314 Super Tucano,L1T,L
0C20BF,HP-21LP,K100,DAHER Kodiak 100,L1T,L
0D02BF,XA-SLB,C650,CESSNA 650 Citation,L2J,M
0D03BF,XB-RSC,C650,CESSNA 650 Citation,L2J,M
0D06BF,XA-JMR,H25B,HAWKER BEECHCRAFT Hawker 750/850,L2J,M
0D09BF,XA-VLR,A320,AIRBUS A-320,L2J,M
0D0ABF,XA-VRD,A20N,AIRBUS A-320neo,L2J,M
1404BF,RA-01215,AN2,ANTONOV An-2,L1P,L
140ABF,RA-02751,E35L,EMBRAER EMB-135 Legacy,L2J,M
141CBF,RA-07359,R66,ROBINSON R-66,H1T,L
141EBF,RA-07871,S22T,CIRRUS SR-22T Turbo,L1P,L
1459BF,RA-22975,MI8,MIL Mi-8/9/17/19/171/172,H2T,M
151DBF,RA-73151,A359,AIRBUS A-350-900,L2J,H
151EBF,RA-73407,A320,AIRBUS A-320,L2J,M
151FBF,RA-73663,A20N,AIRBUS A-320neo,L2J,M
155BBF,RA-89023,SU95,SUKHOI Superjet 100-95,L2J,M
1809BF,RA-2495G,TB20,SOCATA TB-20 Trinidad,L1P,L
3003BF,I-AVBN,P180,PIAGGIO P-180 Avanti,L2T,L
3006BF,I-BPAD,B763,BOEING 767-300,L2J,H
3007BF,I-DAGC,DA42,DIAMOND DA-42 Guardian,L2P,L
3008BF,I-OZZQ,P208,TECNAM P-2008,L1P,L
31DEBF,I-D645,PNR4,ALPI Pioneer 400,L1P,L
33FDBF,MM81893,A139,AGUSTA AW-139,H2T,L
33FFBF,MM62214,C27J,ALENIA C-27J Spartan,L2T,M
3AAABF,F-MEBJ,NH90,NHI NH-90,H2T,M
3B75BF,648,MIR2,DASSAULT Mirage 2000,L1J,M
3B76BF,F-RAWA,AS55,AEROSPATIALE AS-355 Ecureuil 2,H2T,L
3C15BF,D-AXGC,A332,AIRBUS A-330-200,L2J,H
3C1CBF,D-AZXA,A21N,AIRBUS A-321neo,L2J,M
3CC2BF,D-CBBB,C56X,CESSNA 560XL Citation XLS,L2J,M
3D04BF,D-EAAX,RV7,VANS RV-7,L1P,L
3D05BF,D-EAKT,DR40,ROBIN DR-400,L1P,L
3D06BF,D-EAUP,S6,STEMME S-6,L1P,L
3D0BBF,D-ECRV,C150,CESSNA 150,L1P,L
3D0CBF,D-EDBR,C172,CESSNA 172 Skyhawk,L1P,L
3D0EBF,D-EDVJ,P28A,PIPER PA-28-140/150/160/180,L1P,L
3D0FBF,D-EEFF,B209,MBB BO-209 Monsun,L1P,L
3D12BF,D-EFIT,M20P,MOONEY M-20,L1P,L
3D13BF,D-EFSP,C172,CESSNA 172 Skyhawk,L1P,L
3D15BF,D-EGMH,RALL,SOCATA Rallye,L1P,L
3D17BF,D-EHFZ,P28R,PIPER PA-28R-180/200/201,L1P,L
3D1ABF,D-EIJN,P28A,PIPER PA-28-140/150/160/180,L1P,L
3D1DBF,D-EJNB,C206,CESSNA  206 Stationair,L1P,L
3D21BF,D-ELAL,AA5,AMERICAN AA-5 Tiger,L1P,L
3D23BF,D-ELUD,Z26,ZLIN Z-26/126/226/326/526/626/726,L1P,L
3D26BF,D-EMXR,TOBA,SOCATA Tobago,L1P,L
3D28BF,D-ENRJ,PA18,PIPER PA-18 Super Cub,L1P,L
3D29BF,D-EOBF,RALL,SOCATA Rallye,L1P,L
3D2ABF,D-EOLB,C172,CESSNA 172 Skyhawk,L1P,L
3D2CBF,D-EPET,RV6,VANS RV-6,L1P,L
3D2DBF,D-EPOP,DA40,DIAMOND DA-40 Club Star,L1P,L
3D32BF,D-ERLV,DV20,DIAMOND DA-20,L1P,L
3D34BF,D-ESFN,DV20,DIAMOND DA-20,L1P,L
3D3CBF,D-EVGH,P28U,PIPER PA-28RT-201T Turbo,L1P,L
3D47BF,D-EZKP,DV20,DIAMOND DA-20,L1P,L
3D79BF,D-FSIX,T6,NORTH AMERICAN T-6 Texan,L1P,L
3D7ABF,D-FSST,K100,DAHER Kodiak 100,L1T,L
3DADBF,D-GMAX,PA44,PIPER PA-44 Seminole,L2P,L
3DAFBF,D-GMUP,P06T,TECNAM P-2006T,L2P,L
3DD3BF,D-HALB,R44,ROBINSON R-44 Raven,H1P,L
3DF5BF,D-HNHV,EC45,AIRBUS HELICOPTERS EC-145,H2T,L
3E03BF,D-HSPR,R44,ROBINSON R-44 Raven,H1P,L
3E23BF,D-IEST,BN2P,BRITTEN-NORMAN BN-2 Islander,L2P,L
3E5CBF,D-KAHZ,GLID,,L0-,-
3E5FBF,D-KBLN,DIMO,DIAMOND H-36 Dimona,L1P,L
3E61BF,D-KCFF,GLID,,L0-,-
3E62BF,D-KCPB,VENT,SCHEMPP-HIRTH Ventus,L1P,L
3E68BF,D-KEWD,G109,GROB G-109,L1P,L
3E6DBF,D-KGTJ,DIMO,DIAMOND H-36 Dimona,L1P,L
3E6EBF,D-KHDF,DIMO,DIAMOND H-36 Dimona,L1P,L
3E71BF,D-KIGT,RF4,FOURNIER RF-4,L1P,L
3E7FBF,D-KNOP,SF25,SCHEIBE SF-25 Falke,L1P,L
3EC9BF,D-KRJB,DIMO,DIAMOND H-36 Dimona,L1P,L
3ECBBF,D-KSCT,GLID,,L0-,-
3ED6BF,D-KWHB,AS26,SCHLEICHER ASH-26,L1P,L
3ED8BF,D-KXAT,GLID,,L0-,-
3EE0BF,D-0040,GLID,,L0-,-
3EE5BF,D-1320,GLID,,L0-,-
3EF8BF,D-6184,GLID,,L0-,-
3EFEBF,D-7720,VENT,SCHEMPP-HIRTH Ventus,L1P,L
3F01BF,D-8488,GLID,,L0-,-
3FBEBF,78+28,NH90,NHI NH-90,H2T,M
3FCDBF,D-OPIT,BALL,,B0-,-
3FCFBF,D-OQCL,BALL,,B0-,-
3FEABF,D-MFJB,FAET,ATEC 321 Faeta,L1P,L
3FEBBF,D-MZPF,FK14,B&F TECHNIK FK-14 Polaris,L1P,L
3FECBF,D-MPCD,FDCT,FLIGHT DESIGN CT,L1P,L
3FEDBF,D-MSON,C42,IKARUS C-42 Bison,L1P,L
3FEFBF,D-MFGB,PNR2,ALPI Pioneer 200,L1P,L
3FF2BF,D-MJAA,VL3,AVEKO Flamingo,L1P,L
3FF3BF,D-MNDX,KR30,EKOLOT Topaz,L1P,L
3FF4BF,D-MUFK,FK9,B&F TECHNIK FK-9,L1P,L
4005BF,G-VIIG,B772,BOEING 777-200,L2J,H
400BBF,G-VMJM,TOBA,SOCATA Tobago,L1P,L
400CBF,G-ELIS,PA34,PIPER PA-34 Seneca,L2P,L
400EBF,G-BYWJ,G115,GROB G-115,L1P,L
4011BF,G-LGOC,AAT3,AERO AT-3,L1P,L
4015BF,G-ASHU,PA15,PIPER PA-15 Vagabond,L1P,L
4016BF,G-AVDA,C182,CESSNA 182 Skylane,L1P,L
4017BF,G-AWPW,PA12,PIPER PA-12 Super Cruiser,L1P,L
4019BF,G-BADC,ZZZZ,,-0-,-
401ABF,G-PNIX,C150,CESSNA 150,L1P,L
4020BF,G-EGLL,P28A,PIPER PA-28-140/150/160/180,L1P,L
402FBF,G-LUSI,L8,LUSCOMBE 8,L1P,L
4031BF,G-LACB,P28A,PIPER PA-28-140/150/160/180,L1P,L
4034BF,G-OWGC,SF25,SCHEIBE SF-25 Falke,L1P,L
4035BF,G-BUDR,FOX,KITFOX,L1P,L
403EBF,G-TYNE,TB20,SOCATA TB-20 Trinidad,L1P,L
403FBF,G-BXVT,BALL,,B0-,-
4040BF,G-TIMY,GY80,DAHER-SOCATA GY-80 Horizon,L1P,L
4042BF,G-BYYP,ULAC,,L0-,-
4046BF,G-CBLA,PULS,Pulsar,L1P,L
4047BF,G-CBTB,SKAR,III Sky Arrow,L1P,L
4048BF,G-JBBZ,AS50,AEROSPATIALE AS-350 Ecureuil,H1T,L
4049BF,G-TOMJ,FDCT,FLIGHT DESIGN CT,L1P,L
404ABF,G-NSBB,C42,IKARUS C-42 Bison,L1P,L
404DBF,G-SYWL,AAT3,AERO AT-3,L1P,L
404EBF,G-CKLD,DISC,SCHEMPP-HIRTH Discus,L1P,L
4050BF,G-CEGW,ULAC,,L0-,-
4053BF,G-PHVM,RV8,VANS RV-8,L1P,L
405ABF,G-SRAH,GLID,,L0-,-
4060BF,G-FITY,EUPA,Europa,L1P,L
4061BF,G-LITS,ULAC,,L0-,-
4062BF,G-DAVM,CP10,CAP AVIATION CAP-10,L1P,L
4064BF,G-IIFX,GLID,,L0-,-
4066BF,G-HOLD,R44,ROBINSON R-44 Raven,H1P,L
4067BF,G-HEMN,EC35,AIRBUS HELICOPTERS EC-135/635,H2T,L
4068BF,G-EGVA,P28R,PIPER PA-28R-180/200/201,L1P,L
4069BF,G-MRJC,CLON,AUTOGYRO Cavalon,G1P,L
406ABF,G-OMAA,EC35,AIRBUS HELICOPTERS EC-135/635,H2T,L
406BBF,G-ICDP,C150,CESSNA 150,L1P,L
406DBF,G-SNUG,SKRA,BEST OFF Sky Ranger,L1P,L
406FBF,G-EGEN,CP30,PIEL Emeraude,L1P,L
4070BF,G-CJPK,ZZZZ,,-0-,-
4072BF,G-CJXO,ULAC,,L0-,-
4074BF,G-KSSC,A169,AGUSTA AW-169,H2T,L
4075BF,G-CLVP,GLID,,L0-,-
4076BF,G-UKPA,C208,CESSNA 208 Caravan,L1T,L
4077BF,G-CLDE,JABI,Jabiru J120,L1P,L
4079BF,G-DLAD,C208,CESSNA 208 Caravan,L1T,L
407ABF,G-VIDA,EFOX,AEROPRO Eurofox,L1P,L
407CBF,G-LNCC,A169,AGUSTA AW-169,H2T,L
407DBF,G-DHLW,B77L,BOEING 777-200LR,L2J,H
4242BF,VP-BOG,A320,AIRBUS A-320,L2J,M
4244BF,VQ-BXJ,B77W,BOEING 777-300ER,L2J,H
4247BF,VP-CGW,A320,AIRBUS A-320,L2J,M
4248BF,VP-CSH,GLEX,BOMBARDIER BD-700 Global 6000/6500,L2J,M
424BBF,M-ABON,GLEX,BOMBARDIER BD-700 Global 6000/6500,L2J,M
43C0BF,ZH867,C30J,LOCKHEED MARTIN C-130J Super Hercules,L4T,M
43C4BF,ZA704,H47,BOEING-VERTOL CH-47 Chinook,H2T,M
43C6BF,ZZ405,LYNX,AGUSTAWESTLAND AW-159 Super Lynx,H2T,L
43C8BF,ZM312,G12T,GROB G-120TP,L1T,L
43E7BF,M-AGGY,C550,CESSNA 550 Citation S2,L2J,L
43EABF,M-ABKD,EC25,AIRBUS HELICOPTERS EC-225/725,H2T,M
43EBBF,2-WOOD,C55B,CESSNA 550B Citation Bravo,L2J,L
43EDBF,2-VYFP,B738,BOEING 737-800,L2J,M
43EEBF,2-YCKO,AT75,ATR-72-500,L2T,M
4400BF,OE-KBS,P28A,PIPER PA-28-140/150/160/180,L1P,L
4404BF,OE-XGA,AS50,AEROSPATIALE AS-350 Ecureuil,H1T,L
4405BF,OE-KPA,RALL,SOCATA Rallye,L1P,L
4406BF,OE-IKE,A319,AIRBUS A-319,L2J,M
4407BF,OE-CIM,RV9,VANS RV-9,L1P,L
4408BF,OE-CRW,BX2,BRANDLI Cherry,L1P,L
440ABF,OE-IBM,E35L,EMBRAER EMB-135 Legacy,L2J,M
440BBF,OE-LNB,B752,BOEING 757-200,L2J,M
440CBF,OE-LSO,A20N,AIRBUS A-320neo,L2J,M
449BBF,OO-F03,ZZZZ,,-0-,-
449FBF,OO-G03,FK9,B&F TECHNIK FK-9,L1P,L
4708BF,HA-DID,C172,CESSNA 172 Skyhawk,L1P,L
4780BF,LN-RPJ,B737,BOEING 737-700,L2J,M
4783BF,LN-GCY,VENT,SCHEMPP-HIRTH Ventus,L1P,L
4785BF,LN-WDI,DH8D,DE HAVILLAND DHC-8-400 Dash 8,L2T,M
4793BF,LN-OFV,AS50,AEROSPATIALE AS-350 Ecureuil,H1T,L
47A0BF,LN-ENU,B738,BOEING 737-800,L2J,M
4841BF,PH-RAC,DA40,DIAMOND DA-40 Club Star,L1P,L
4844BF,PH-RMD,P32R,PIPER PA-32R-300/301/301T,L1P,L
4845BF,PH-1153,NIMB,SCHEMPP-HIRTH Nimbus,L1P,L
4847BF,PH-PHY,H269,HUGHES Sky Knight,H1P,L
4848BF,PH-1243,SF25,SCHEIBE SF-25 Falke,L1P,L
4849BF,PH-ROD,PA46,PIPER PA-46-310/350,L1P,L
484DBF,PH-3L2,ULAC,,L0-,-
484EBF,PH-2D7,ULAC,,L0-,-
484FBF,PH-VNV,BALL,,B0-,-
4851BF,PH-1GX,ZZZZ,,-0-,-
4853BF,PH-1PQ,ZZZZ,,-0-,-
4854BF,PH-1UU,ZZZZ,,-0-,-
4856BF,PH-2WN,ZZZZ,,-0-,-
497CBF,19204,LYNX,AGUSTAWESTLAND AW-159 Super Lynx,H2T,L
49D0BF,OK-TCA,L410,LET L-410 Turbolet,L2T,L
49D2BF,OK-BEL,B06,BELL 206 JetRanger,H1T,L
49D3BF,OK-MRK,C150,CESSNA 150,L1P,L
49D4BF,OK-APN,SIRA,TECNAM P-2002 Sierra,L1P,L
4B07BF,HB-CYH,C172,CESSNA 172 Skyhawk,L1P,L
4B14BF,HB-HWH,PC21,PILATUS PC-21,L1T,L
4B26BF,HB-ORN,PA18,PIPER PA-18 Super Cub,L1P,L
4B3FBF,HB-YDR,ZZZZ,,-0-,-
4B40BF,HB-YNN,RV10,VANS RV-10,L1P,L
4B43BF,HB-ZRB,EC45,AIRBUS HELICOPTERS EC-145,H2T,L
4B45BF,HB-280,GLID,,L0-,-
4B46BF,HB-536,GLID,,L0-,-
4B4DBF,HB-2328,DIMO,DIAMOND H-36 Dimona,L1P,L
4B51BF,HB-3352,GLID,,L0-,-
4B7FBF,A-924,PC7,PILATUS PC-7 Astra,L1T,L
4B82BF,EM-1426,B06,BELL 206 JetRanger,H1T,L
4CA1BF,EI-CZK,B734,BOEING 737-400,L2J,M
4CA2BF,EI-DLB,B738,BOEING 737-800,L2J,M
4CA6BF,EI-OOR,C172,CESSNA 172 Skyhawk,L1P,L
4CA7BF,EI-DTG,A320,AIRBUS A-320,L2J,M
4CA8BF,EI-XLB,B744,BOEING 747-400,L4J,H
4CA9BF,EI-ETJ,A321,AIRBUS A-321,L2J,M
4CAABF,EI-RDO,E75S,EMBRAER ERJ-170-200 (short wing),L2J,M
4CAFBF,EI-DJM,P28B,PIPER PA-28-201T/235/236,L1P,L
4D21BF,9H-SJI,SU95,SUKHOI Superjet 100-95,L2J,M
4D22BF,9H-IHD,A320,AIRBUS A-320,L2J,M
4D23BF,9H-AHUB,A343,AIRBUS A-340-300,L4J,H
5000BF,T7-ALF,EC55,AIRBUS HELICOPTERS EC-155,H2T,L
5001BF,T7-TIA,FA50,DASSAULT Falcon 50,L3J,M
502CBF,YL-XTR,E300,EXTRA EA-300/330/350,L1P,L
503DBF,LY-NVV,A320,AIRBUS A-320,L2J,M
504DBF,SERV,SERV,,V0-,-
506DBF,S5-DPO,CH7B,BELLANCA 7 Citabria,L1P,L
5080BF,UR-UCP,AN26,ANTONOV An-26,L2T,M
5083BF,UR-WRS,H25B,HAWKER BEECHCRAFT Hawker 750/850,L2J,M
5110BF,ES-SAM,A320,AIRBUS A-320,L2J,M
5140BF,4L-GEZ,B738,BOEING 737-800,L2J,M
600BBF,4K-AZ11,B752,BOEING 757-200,L2J,M
70C0BF,A4O-BH,B738,BOEING 737-800,L2J,M
7100BF,HZ-AK31,B77W,BOEING 777-300ER,L2J,H
710DBF,HZ-NS33,A20N,AIRBUS A-320neo,L2J,M
7394BF,4X-OLG,FOX,KITFOX,L1P,L
7503BF,9M-AJK,A320,AIRBUS A-320,L2J,M
7580BF,RP-C7252,AT75,ATR-72-500,L2T,M
7800BF,B-5470,B738,BOEING 737-800,L2J,M
7801BF,B-LDE,A306,AIRBUS A-300-600,L2J,H
7802BF,B-6297,A320,AIRBUS A-320,L2J,M
7803BF,B-5975,A332,AIRBUS A-330-200,L2J,H
7804BF,B-5397,B738,BOEING 737-800,L2J,M
7805BF,B-5473,B738,BOEING 737-800,L2J,M
7806BF,B-5447,B738,BOEING 737-800,L2J,M
7808BF,B-6912,A321,AIRBUS A-321,L2J,M
7809BF,B-9906,A321,AIRBUS A-321,L2J,M
780ABF,B-LCO,A20N,AIRBUS A-320neo,L2J,M
780BBF,B-8316,GLF4,GULFSTREAM 4,L2J,M
780CBF,B-1877,A321,AIRBUS A-321,L2J,M
780DBF,B-1787,B738,BOEING 737-800,L2J,M
780EBF,B-8119,A320,AIRBUS A-320,L2J,M
780FBF,B-7875,B738,BOEING 737-800,L2J,M
7810BF,B-1587,B738,BOEING 737-800,L2J,M
7812BF,B-1352,B738,BOEING 737-800,L2J,M
7813BF,B-1298,B738,BOEING 737-800,L2J,M
7814BF,B-301Z,A20N,AIRBUS A-320neo,L2J,M
7816BF,B-709E,C172,CESSNA 172 Skyhawk,L1P,L
781ABF,B-121U,DA40,DIAMOND DA-40 Club Star,L1P,L
7BB0BF,B-2697,B738,BOEING 737-800,L2J,M
7C01BF,VH-AMF,BE20,BEECH 200 Super King Air,L2T,M
7C07BF,VH-BTD,PA31,PIPER PA-31-300/310/325/350/425,L2P,L
7C0ABF,VH-CEP,SR20,CIRRUS SR-20,L1P,L
7C0BBF,VH-CLT,AC90,NORTH AMERICAN ROCKWELL Turbo Commander 690/840,L2T,L
7C0CBF,VH-CSX,C310,CESSNA 310,L2P,L
7C10BF,VH-DLD,R22,ROBINSON R-22 Mariner,H1P,L
7C14BF,VH-EDT,AA1,AMERICAN AA-1,L1P,L
7C15BF,VH-EKX,SF34,SAAB 340,L2T,M
7C19BF,VH-FDD,B350,BEECHCRAFT Super King Air 350,L2T,M
7C1ABF,VH-FKH,C414,CESSNA 414 Chancellor,L2P,L
7C1BBF,VH-FRL,R44,ROBINSON R-44 Raven,H1P,L
7C1CBF,VH-FYP,C550,CESSNA 550 Citation S2,L2J,L
7C2BBF,VH-IXD,P68,PARTENAVIA P-68 Observer,L2P,L
7C2FBF,VH-JPT,GLID,,L0-,-
7C30BF,VH-JWX,P28A,PIPER PA-28-140/150/160/180,L1P,L
7C34BF,VH-KPD,C150,CESSNA 150,L1P,L
7C35BF,VH-KWH,TBM8,SOCATA TBM-850,L1T,L
7C37BF,VH-LAP,BE58,BEECH 58 Baron,L2P,L
7C3FBF,VH-MVL,C182,CESSNA 182 Skylane,L1P,L
7C42BF,VH-NGX,SW4,SWEARINGEN Metro,L2T,M
7C49BF,VH-OUP,BALL,,B0-,-
7C61BF,VH-TLD,C208,CESSNA 208 Caravan,L1T,L
7C62BF,VH-TSH,SLG4,AIRPLANE FACTORY Sling 4,L1P,L
7C66BF,VH-UKX,PK20,PIK 20E,L1P,L
7C6ABF,VH-VDD,BE33,BEECH 33 Bonanza,L1P,L
7C6BBF,VH-VKH,B788,BOEING 787-8 Dreamliner,L2J,H
7C6FBF,VH-WCX,R44,ROBINSON R-44 Raven,H1P,L
7C77BF,VH-XXT,C310,CESSNA 310,L2P,L
7C7CBF,VH-YXD,C172,CESSNA 172 Skyhawk,L1P,L
7C80BF,VH-ZPT,E190,EMBRAER ERJ-190-100,L2J,M
7C81BF,VH-ZWX,AS50,AEROSPATIALE AS-350 Ecureuil,H1T,L
7CBBBF,19-8536,WACO,WACO E/O,L1P,L
8007BF,VT-JSH,B429,BELL 429 GlobalRanger,H2T,L
800CBF,VT-IYF,AT76,ATR-72-600,L2T,M
8014BF,VT-RRI,B412,BELL 412,H2T,L
84B3BF,JA201D,DHC6,DE HAVILLAND DHC-6 Twin Otter,L2T,L
8940BF,A9C-DHY,B763,BOEING 767-300,L2J,H
8964BF,A6-BLO,B789,BOEING 787-9 Dreamliner,L2J,H
8980BF,P2-ATD,AT76,ATR-72-600,L2T,M
8990BF,B-91688,GLEX,BOMBARDIER BD-700 Global 6000/6500,L2J,M
8991BF,B-18352,A333,AIRBUS A-330-300,L2J,H
8A01BF,PK-GEN,B738,BOEING 737-800,L2J,M
8A03BF,PK-GRN,CRJX,BOMBARDIER Regional Jet CRJ-1000,L2J,M
8A04BF,PK-GAH,AT76,ATR-72-600,L2T,M
A000BF,N1HP,CL30,BOMBARDIER BD-100 Challenger 300,L2J,M
A004BF,N100AL,GLF6,GULFSTREAM G650,L2J,M
A005BF,N100LS,BE60,BEECH 60 Duke,L2P,L
A006BF,N100WY,C175,CESSNA 175 Skylark,L1P,L
A007BF,N1005D,C195,CESSNA 195,L1P,L
A008BF,N101DJ,VEZE,RUTAN VariEze,L1P,L
A00ABF,N101ZW,H269,HUGHES Sky Knight,H1P,L
A00BBF,N1017G,M20P,MOONEY M-20,L1P,L
A00CBF,N102GG,SR20,CIRRUS SR-20,L1P,L
A00DBF,N102SN,BE60,BEECH 60 Duke,L2P,L
A00FBF,N1029K,L8,LUSCOMBE 8,L1P,L
A016BF,N1046E,BL8,BELLANCA 8 Decathlon,L1P,L
A019BF,N10507,C150,CESSNA 150,L1P,L
A01EBF,N107AK,M7,MAULE M-7,L1P,L
A021BF,N1075C,M20P,MOONEY M-20,L1P,L
A023BF,N108PP,H500,HUGHES 500,H1T,L
A026BF,N109GF,,,,
A028BF,N10918,C150,CESSNA 150,L1P,L
A029BF,N1099J,PA32,PIPER PA-32,L1P,L
A02BBF,N11VK,BE95,BEECH 95 Travel Air,L2P,L
A032BF,N1113V,,,,
A035BF,N112XS,XNOS,SONEX Xenos,L1P,L
A037BF,N113EC,VELO,Velocity,L1P,L
A039BF,N1130Q,B36T,BEECH 36 Turbine Bonanza,L1T,L
A03ABF,N11371,C150,CESSNA 150,L1P,L
A03BBF,N114HA,PC24,PILATUS PC-24,L2J,M
A03DBF,N1142T,M20P,MOONEY M-20,L1P,L
A040BF,N115WE,B58T,BEECH 58TC Baron,L2P,L
A041BF,N1154W,C172,CESSNA 172 Skyhawk,L1P,L
A042BF,N116CR,C172,CESSNA 172 Skyhawk,L1P,L
A045BF,N1166Z,M20P,MOONEY M-20,L1P,L
A046BF,N117FP,COL4,CESSNA 400 Corvalis TT,L1P,L
A047BF,N117RV,ST75,STEARMAN Kaydet,L1P,L
A048BF,N1171R,M20P,MOONEY M-20,L1P,L
A049BF,N11782,,,,
A04ABF,N118JM,A139,AGUSTA AW-139,H2T,L
A04CBF,N1183U,C172,CESSNA 172 Skyhawk,L1P,L
A04DBF,N119BD,O1,CESSNA 305/341 Bird Dog,L1P,L
A04EBF,N119MK,SR20,CIRRUS SR-20,L1P,L
A051BF,N12EB,SF50,CIRRUS SF-50 Vision,L1J,L
A052BF,N12QH,,,,
A053BF,N120AN,RV9,VANS RV-9,L1P,L
A055BF,N120X,C120,CESSNA 120,L1P,L
A058BF,N121PS,PA11,PIPER PA-11 Cub Special,L1P,L
A05DBF,N1222A,PA18,PIPER PA-18 Super Cub,L1P,L
A05FBF,N123KG,GLID,,L0-,-
A061BF,N1234D,AA5,AMERICAN AA-5 Tiger,L1P,L
A062BF,N124BZ,BE95,BEECH 95 Travel Air,L2P,L
A066BF,N125EX,E300,EXTRA EA-300/330/350,L1P,L
A067BF,N125RC,PA20,PIPER PA-20 Pacer,L1P,L
A068BF,N12509,C172,CESSNA 172 Skyhawk,L1P,L
A069BF,N1258K,BE30,BEECH 300 Super King Air,L2T,L
A06BBF,N126UA,DRON,,D0-,-
A06DBF,N127AM,A109,AGUSTA AW-109 Grand,H2T,L
A074BF,N1287H,AR15,AERONCA 15 Sedan,L1P,L
A075BF,N129GH,,,,
A076BF,N129SP,UH1,BELL UH-1 Huey,H1T,L
A077BF,N1292,,,,
A079BF,N13KF,P28A,PIPER PA-28-140/150/160/180,L1P,L
A07ABF,N13VM,BE33,BEECH 33 Bonanza,L1P,L
A07DBF,N1301U,P28A,PIPER PA-28-140/150/160/180,L1P,L
A081BF,N1313X,B14A,BELLANCA 14,L1P,L
A082BF,N132BG,M20P,MOONEY M-20,L1P,L
A089BF,N13373,C172,CESSNA 172 Skyhawk,L1P,L
A08FBF,N135WG,PZ04,PZL-OKECIE PZL-104 Wilga,L1P,L
A091BF,N136CT,FDCT,FLIGHT DESIGN CT,L1P,L
A097BF,N1371T,P28A,PIPER PA-28-140/150/160/180,L1P,L
A099BF,N138JP,C177,CESSNA  177 Cardinal,L1P,L
A09BBF,N1383W,PA18,PIPER PA-18 Super Cub,L1P,L
A09CBF,N139BF,CRUZ,CSA PS-28 Cruiser,L1P,L
A09DBF,N139MM,L39,LET L-39 Albatros,L1J,L
A0A1BF,N14QK,ULAC,,L0-,-
A0A6BF,N141DN,G280,GULFSTREAM G280,L2J,M
A0A8BF,N1410,PTS1,PITTS S-1 Special,L1P,L
A0A9BF,N1417L,BE23,BEECH 23 Sundowner,L1P,L
A0ABBF,N142SS,GLID,,L0-,-
A0B0BF,N1434F,C172,CESSNA 172 Skyhawk,L1P,L
A0B1BF,N144CA,C650,CESSNA 650 Citation,L2J,M
A0BBBF,N1463D,C170,CESSNA 170,L1P,L
A0C0BF,N148DM,FOX,KITFOX,L1P,L
A0C4BF,N149GK,E50P,EMBRAER EMB-500 Phenom 100,L2J,L
A0C5BF,N149SR,SREY,PROGRESSIVE AERODYNE SeaRey,A1P,L
A0C7BF,N1499N,J3,PIPER J-3 Cub,L1P,L
A0C9BF,N15VP,RV4,VANS RV-4,L1P,L
A0CABF,N150FU,C150,CESSNA 150,L1P,L
A0CEBF,N151JS,BL8,BELLANCA 8 Decathlon,L1P,L
A0D1BF,N152BJ,C152,CESSNA 152,L1P,L
A0D4BF,N15252,ULAC,,L0-,-
A0D5BF,N153EG,PIVI,PIPSTREL Virus,L1P,L
A0DABF,N154TL,UH1,BELL UH-1 Huey,H1T,L
A0DCBF,N15498,PA32,PIPER PA-32,L1P,L
A0DDBF,N155LC,BE55,BEECH 55 Baron,L2P,L
A0DEBF,N155WJ,SPUP,SOPWITH Pup Replica,L1P,L
A0DFBF,N15540,,,,
A0E1BF,N156PA,CVLP,CONVAIR Convairliner,L2P,M
A0E3BF,N15663,P28A,PIPER PA-28-140/150/160/180,L1P,L
A0E6BF,N1571V,C172,CESSNA 172 Skyhawk,L1P,L
A0E8BF,N158JR,C82S,CESSNA T182 Turbo Skylane,L1P,L
A0EABF,N1583Y,C172,CESSNA 172 Skyhawk,L1P,L
A0EBBF,N159BH,B407,BELL 407,H1T,L
A0EFBF,N16EF,C152,CESSNA 152,L1P,L
A0F1BF,N160AS,,,,
A0F4BF,N1605K,H500,HUGHES 500,H1T,L
A0F7BF,N1610B,H500,HUGHES 500,H1T,L
A0F8BF,N1617N,FNKB,FUNK B,L1P,L
A0FCBF,N1629R,AA1,AMERICAN AA-1,L1P,L
A100BF,N164CC,PA18,PIPER PA-18 Super Cub,L1P,L
A103BF,N1646L,BALL,,B0-,-
A106BF,N1651C,C172,CESSNA 172 Skyhawk,L1P,L
A107BF,N1658P,PA18,PIPER PA-18 Super Cub,L1P,L
A10ABF,N1663F,C172,CESSNA 172 Skyhawk,L1P,L
A10BBF,N167AR,PC12,PILATUS PC-12,L1T,L
A10EBF,N1675J,P28A,PIPER PA-28-140/150/160/180,L1P,L
A10FBF,N168DP,P28A,PIPER PA-28-140/150/160/180,L1P,L
A111BF,N1680A,PA20,PIPER PA-20 Pacer,L1P,L
A117BF,N17KK,BE9L,BEECH 90 King Air,L2T,L
A118BF,N17VR,,,,
A11ABF,N170SB,C170,CESSNA 170,L1P,L
A120BF,N172BL,C172,CESSNA 172 Skyhawk,L1P,L
A121BF,N172MS,C172,CESSNA 172 Skyhawk,L1P,L
A123BF,N17254,B38M,BOEING 737 MAX 8,L2J,M
A12BBF,N175,P46T,PIPER PA-46-500TP,L1T,L
A12CBF,N175LE,DV20,DIAMOND DA-20,L1P,L
A12EBF,N17542,J2,PIPER J-2 Cub,L1P,L
A130BF,N176PC,DEFI,RUTAN 40 Defiant,L2P,L
A132BF,N17665,SP7,SPARTAN 7 Executive,L1P,L
A134BF,N177SA,C77R,CESSNA 177RG Cardinal RG,L1P,L
A13BBF,N179MR,SR20,CIRRUS SR-20,L1P,L
A13DBF,N17953,GLID,,L0-,-
A144BF,N181DS,DA40,DIAMOND DA-40 Club Star,L1P,L
A146BF,N1810D,BE35,BEECH 35 Starfire Bonanza,L1P,L
A147BF,N1817Q,C77R,CESSNA 177RG Cardinal RG,L1P,L
A148BF,N182GQ,C182,CESSNA 182 Skylane,L1P,L
A149BF,N182SW,C182,CESSNA 182 Skylane,L1P,L
A14ABF,N1822G,CH7B,BELLANCA 7 Citabria,L1P,L
A14EBF,N1834K,L8,LUSCOMBE 8,L1P,L
A14FBF,N184CE,RV8,VANS RV-8,L1P,L
A152BF,N1846N,C120,CESSNA 120,L1P,L
A153BF,N185FC,C185,CESSNA 185 Skywagon,L1P,L
A155BF,N1851E,CH7A,BELLANCA 7 Champion,L1P,L
A157BF,N186JA,,,,
A15DBF,N1875L,BE36,BEECH 36 Bonanza,L1P,L
A165BF,N1899S,C77R,CESSNA 177RG Cardinal RG,L1P,L
A166BF,N19KM,PRM1,RAYTHEON 390 Premier 1,L2J,L
A16BBF,N1909A,PA11,PIPER PA-11 Cub Special,L1P,L
A16CBF,N191JW,HROC,HARMON Rocket,L1P,L
A171BF,N192Y,C82S,CESSNA T182 Turbo Skylane,L1P,L
A172BF,N19256,C150,CESSNA 150,L1P,L
A17ABF,N195AA,PA31,PIPER PA-31-300/310/325/350/425,L2P,L
A17BBF,N195LG,C195,CESSNA 195,L1P,L
A17DBF,N19544,,,,
A181BF,N19667,C172,CESSNA 172 Skyhawk,L1P,L
A183BF,N197SC,BE9L,BEECH 90 King Air,L2T,L
A184BF,N1971Z,C150,CESSNA 150,L1P,L
A185BF,N1979,BE36,BEECH 36 Bonanza,L1P,L
A188BF,N19832,TAYA,TAYLORCRAFT A,L1P,L
A189BF,N199BM,DHC2,DE HAVILLAND DHC-2 Beaver,L1P,L
A18ABF,N199MT,VTRA,RANS Venterra,L1P,L
A18CBF,N19955,C172,CESSNA 172 Skyhawk,L1P,L
A18EBF,N2QR,GLID,,L0-,-
A18FBF,N20AW,C208,CESSNA 208 Caravan,L1T,L
A190BF,N20MB,BE20,BEECH 200 Super King Air,L2T,M
A192BF,N200HN,EC35,AIRBUS HELICOPTERS EC-135/635,H2T,L
A194BF,N20025,C172,CESSNA 172 Skyhawk,L1P,L
A196BF,N201LL,M20P,MOONEY M-20,L1P,L
A197BF,N201WS,M20P,MOONEY M-20,L1P,L
A198BF,N20148,BE95,BEECH 95 Travel Air,L2P,L
A19FBF,N20313,C177,CESSNA  177 Cardinal,L1P,L
A1A4BF,N205BR,RV12,VANS RV-12,L1P,L
A1A5BF,N205MX,M8,MAULE M-8,L1P,L
A1A7BF,N20559,C172,CESSNA 172 Skyhawk,L1P,L
A1AABF,N20601,C172,CESSNA 172 Skyhawk,L1P,L
A1ABBF,N2068B,SS2T,TRUSH Turbo Thrush 500/550,L1T,L
A1ADBF,N207TT,H25C,RAYTHEON Hawker 1000,L2J,M
A1AFBF,N208AD,C208,CESSNA 208 Caravan,L1T,L
A1B1BF,N208WR,AS26,SCHLEICHER ASH-26,L1P,L
A1B2BF,N20847,C182,CESSNA 182 Skylane,L1P,L
A1B3BF,N209DB,B209,MBB BO-209 Monsun,L1P,L
A1B7BF,N21G,L18,LOCKHEED L-18 Lodestar,L2P,M
A1B8BF,N21SF,WW24,IAI 1124 Westwind,L2J,M
A1B9BF,N210CL,TBM7,SOCATA TBM-700A/B/C,L1T,L
A1BBBF,N210YY,C210,CESSNA 201 Centurion,L1P,L
A1BDBF,N211FJ,T206,CESSNA T206 Turbo Stationair,L1P,L
A1C1BF,N212JG,Z42,ZLIN Z-42/142/242,L1P,L
A1C4BF,N213AZ,RV9,VANS RV-9,L1P,L
A1C5BF,N213ME,BE35,BEECH 35 Starfire Bonanza,L1P,L
A1C7BF,N2135S,C172,CESSNA 172 Skyhawk,L1P,L
A1C8BF,N214DX,RV9,VANS RV-9,L1P,L
A1CABF,N2140J,C172,CESSNA 172 Skyhawk,L1P,L
A1CDBF,N215TA,C208,CESSNA 208 Caravan,L1T,L
A1CEBF,N2152M,J3,PIPER J-3 Cub,L1P,L
A1CFBF,N2159Y,C172,CESSNA 172 Skyhawk,L1P,L
A1D3BF,N217CK,LJ35,LEARJET 35,L2J,M
A1D6BF,N2176T,P28A,PIPER PA-28-140/150/160/180,L1P,L
A1DEBF,N22AY,SR22,CIRRUS SR-22,L1P,L
A1DFBF,N22MD,C337,CESSNA 337 Super Skymaster,L2P,L
A1E0BF,N22XK,RV6,VANS RV-6,L1P,L
A1E2BF,N220TW,SSTL,JUST JA30 SuperSTOL,L1P,L
A1E8BF,N333DE,PC12,PILATUS PC-12,L1T,L
A1EBBF,N2227C,PA18,PIPER PA-18 Super Cub,L1P,L
A1ECBF,N223GC,DISC,SCHEMPP-HIRTH Discus,L1P,L
A1F0BF,N224KA,T210,CESSNA T210 Turbo Centurion,L1P,L
A1F4BF,N225MZ,BALL,,B0-,-
A1F6BF,N2256A,SS2T,TRUSH Turbo Thrush 500/550,L1T,L
A1FBBF,N227HP,RV9,VANS RV-9,L1P,L
A1FDBF,N22726,J3,PIPER J-3 Cub,L1P,L
A200BF,N228WT,BE24,BEECH 24 Sierra,L1P,L
A201BF,N22849,,,,
A202BF,N229DD,L29,AERO L-29 Delfin,L1J,L
A206BF,N23GB,CH60,ZENAIR CH-600 Zodiac,L1P,L
A20ABF,N230Z,DRON,,D0-,-
A20BBF,N2306W,BE23,BEECH 23 Sundowner,L1P,L
A20DBF,N231RS,M20P,MOONEY M-20,L1P,L
A20EBF,N2311N,C140,CESSNA 140,L1P,L
A20FBF,N2318Z,BE23,BEECH 23 Sundowner,L1P,L
A213BF,N233BA,A5,ICON A-5,A1P,L
A214BF,N233MG,C82R,CESSNA R182 Skylane RG,L1P,L
A216BF,N2335U,C172,CESSNA 172 Skyhawk,L1P,L
A219BF,N2340L,BE23,BEECH 23 Sundowner,L1P,L
A21CBF,N235TC,BALL,,B0-,-
A21EBF,N23590,B47G,BELL 47G,H1P,L
A223BF,N237NT,,,,
A225BF,N2376V,C82S,CESSNA T182 Turbo Skylane,L1P,L
A227BF,N238RR,JAB4,JABIRU J200-450,L1P,L
A228BF,N2381M,PA12,PIPER PA-12 Super Cruiser,L1P,L
A229BF,N2388Y,C177,CESSNA  177 Cardinal,L1P,L
A22DBF,N24B,CB1,HATZ CB-1 Classic,L1P,L
A22EBF,N24MF,PA22,PIPER PA-22,L1P,L
A232BF,N24029,BE19,BEECH 19 Sport,L1P,L
A233BF,N241AJ,C310,CESSNA 310,L2P,L
A235BF,N241WW,HROC,HARMON Rocket,L1P,L
A236BF,N2415B,,,,
A237BF,N242DG,Z42,ZLIN Z-42/142/242,L1P,L
A238BF,N242PN,Z42,ZLIN Z-42/142/242,L1P,L
A23ABF,N2427E,C82R,CESSNA R182 Skylane RG,L1P,L
A23BBF,N243GE,A332,AIRBUS A-330-200,L2J,H
A23EBF,N2439H,ERCO,AIR PRODUCTS F-1 Aircoupe,L1P,L
A241BF,N2444,R44,ROBINSON R-44 Raven,H1P,L
A248BF,N24605,BE19,BEECH 19 Sport,L1P,L
A249BF,N2468F,C82S,CESSNA T182 Turbo Skylane,L1P,L
A250BF,N2485A,PA18,PIPER PA-18 Super Cub,L1P,L
A256BF,N25SK,C172,CESSNA 172 Skyhawk,L1P,L
A25ABF,N2506Y,C172,CESSNA 172 Skyhawk,L1P,L
A25DBF,N2511Q,GLAS,Glasair,L1P,L
A261BF,N2523T,ULAC,,L0-,-
A268BF,N2540N,C140,CESSNA 140,L1P,L
A269BF,N2547Z,BL8,BELLANCA 8 Decathlon,L1P,L
A26CBF,N2552R,C182,CESSNA 182 Skylane,L1P,L
A26DBF,N25592,BALL,,B0-,-
A270BF,N2564U,C172,CESSNA 172 Skyhawk,L1P,L
A271BF,N257CP,C172,CESSNA 172 Skyhawk,L1P,L
A272BF,N257NV,A320,AIRBUS A-320,L2J,M
A274BF,N2576X,P32R,PIPER PA-32R-300/301/301T,L1P,L
A277BF,N2581P,PA18,PIPER PA-18 Super Cub,L1P,L
A278BF,N25880,J3,PIPER J-3 Cub,L1P,L
A27DBF,N26MH,RV6,VANS RV-6,L1P,L
A27EBF,N26XP,H25B,HAWKER BEECHCRAFT Hawker 750/850,L2J,M
A282BF,N261AL,C414,CESSNA 414 Chancellor,L2P,L
A283BF,N261LS,DRON,,D0-,-
A284BF,N261WY,HUSK,CHRISTEN Husky,L1P,L
A286BF,N262DJ,EA50,ECLIPSE 550,L2J,L
A28CBF,N26319,PA31,PIPER PA-31-300/310/325/350/425,L2P,L
A294BF,N2656E,CH7A,BELLANCA 7 Champion,L1P,L
A296BF,N266RA,G3,REMOS Mirage,L1P,L
A298BF,N2668H,GLID,,L0-,-
A29CBF,N268AK,B739,BOEING 737-900,L2J,M
A2A4BF,N27GF,C172,CESSNA 172 Skyhawk,L1P,L
A2A5BF,N27SM,VENT,SCHEMPP-HIRTH Ventus,L1P,L
A2ADBF,N27183,J3,PIPER J-3 Cub,L1P,L
A2B2BF,N273ML,M7,MAULE M-7,L1P,L
A2B8BF,N27471,PA31,PIPER PA-31-300/310/325/350/425,L2P,L
A2C3BF,N2776Z,GLID,,L0-,-
A2C5BF,N278RV,RV7,VANS RV-7,L1P,L
A2C6BF,N2781R,P28R,PIPER PA-28R-180/200/201,L1P,L
A2C7BF,N27882,BALL,,B0-,-
A2C8BF,N279JM,PARA,,P0-,-
A2D0BF,N2803C,C170,CESSNA 170,L1P,L
A2D3BF,N281X,RV8,VANS RV-8,L1P,L
A2D4BF,N2815F,P28A,PIPER PA-28-140/150/160/180,L1P,L
A2D5BF,N282DL,RV7,VANS RV-7,L1P,L
A2DBBF,N2832A,PA32,PIPER PA-32,L1P,L
A2DFBF,N2844D,BE58,BEECH 58 Baron,L2P,L
A2E7BF,N2868K,C180,CESSNA  180 Skywagon,L1P,L
A2EBBF,N288AM,C208,CESSNA 208 Caravan,L1T,L
A2ECBF,N288LT,C182,CESSNA 182 Skylane,L1P,L
A2EEBF,N2885E,CH7A,BELLANCA 7 Champion,L1P,L
A2F0BF,N289PR,PTS2,PITTS S-2 Special,L1P,L
A2F3BF,N29GH,M7,MAULE M-7,L1P,L
A2F4BF,N29SP,P28R,PIPER PA-28R-180/200/201,L1P,L
A2F8BF,N29062,P28B,PIPER PA-28-201T/235/236,L1P,L
A2FBBF,N2911U,C172,CESSNA 172 Skyhawk,L1P,L
A300BF,N293BG,S92,SIKORSKY S-92 Helibus,H2T,M
A303BF,N29350,C177,CESSNA  177 Cardinal,L1P,L
A307BF,N29473,AR6T,AERONCA 65 Tandem,L1P,L
A308BF,N295HC,COUR,HELIO Courier,L1P,L
A30BBF,N29596,C177,CESSNA  177 Cardinal,L1P,L
A30CBF,N296LA,DA62,DIAMOND DA-62,L2P,L
A30EBF,N2964Y,C182,CESSNA 182 Skylane,L1P,L
A30FBF,N297CT,FDCT,FLIGHT DESIGN CT,L1P,L
A313BF,N298FR,E75L,EMBRAER ERJ-170-200 (long wing),L2J,M
A315BF,N2981T,M200,NORTH AMERICAN ROCKWELL Commander 200,L1P,L
A317BF,N299JP,DA40,DIAMOND DA-40 Club Star,L1P,L
A319BF,N2993W,B47G,BELL 47G,H1P,L
A31BBF,N3MM,C25B,CESSNA 525B Citation CJ3,L2J,L
A31CBF,N3XT,BE35,BEECH 35 Starfire Bonanza,L1P,L
A31FBF,N300EJ,C310,CESSNA 310,L2P,L
A325BF,N3012Z,PA22,PIPER PA-22,L1P,L
A326BF,N302,G44,GRUMMAN G-44 Widgeon,A2P,L
A327BF,N302LE,B407,BELL 407,H1T,L
A32BBF,N303PC,C650,CESSNA 650 Citation,L2J,M
A32DBF,N30365,C162,CESSNA 162 Skycatcher,L1P,L
A32FBF,N304SA,GLID,,L0-,-
A330BF,N3041X,C150,CESSNA 150,L1P,L
A331BF,N30488,C210,CESSNA 201 Centurion,L1P,L
A332BF,N305JT,M20P,MOONEY M-20,L1P,L
A334BF,N30530,T210,CESSNA T210 Turbo Centurion,L1P,L
A338BF,N30653,J3,PIPER J-3 Cub,L1P,L
A33CBF,N30776,J3,PIPER J-3 Cub,L1P,L
A33EBF,N308TM,GLST,GLASAIR SH-4 GlaStar,L1P,L
A33FBF,N3082Y,C182,CESSNA 182 Skylane,L1P,L
A340BF,N30899,J3,PIPER J-3 Cub,L1P,L
A343BF,N30941,C177,CESSNA  177 Cardinal,L1P,L
A345BF,N31PB,B407,BELL 407,H1T,L
A34DBF,N3116N,SW4,SWEARINGEN Metro,L2T,M
A351BF,N3128R,C182,CESSNA 182 Skylane,L1P,L
A355BF,N314AT,C337,CESSNA 337 Super Skymaster,L2P,L
A35EBF,N316SV,C162,CESSNA 162 Skycatcher,L1P,L
A35FBF,N3162F,C182,CESSNA 182 Skylane,L1P,L
A361BF,N317KM,SR22,CIRRUS SR-22,L1P,L
A364BF,N318CD,,,,
A367BF,N3186M,PA12,PIPER PA-12 Super Cruiser,L1P,L
A36FBF,N320QS,C680,CESSNA 680 Citation Sovereign,L2J,M
A370BF,N3200Y,C182,CESSNA 182 Skylane,L1P,L
A371BF,N32079,WACF,WACO F,L1P,L
A372BF,N321HJ,HDJT,HONDA HondaJet,L2J,L
A374BF,N32121,,,,
A37CBF,N32367,P28A,PIPER PA-28-140/150/160/180,L1P,L
A37EBF,N324SC,PC12,PILATUS PC-12,L1T,L
A380BF,N3249,L29,AERO L-29 Delfin,L1J,L
A387BF,N32655,PA32,PIPER PA-32,L1P,L
A38BBF,N32778,J3,PIPER J-3 Cub,L1P,L
A38CBF,N328HH,BE36,BEECH 36 Bonanza,L1P,L
A38EBF,N32820,P28R,PIPER PA-28R-180/200/201,L1P,L
A391BF,N329WM,SR22,CIRRUS SR-22,L1P,L
A394BF,N33PD,ZZZZ,,-0-,-
A39CBF,N3316Q,C320,CESSNA 320 Skyknight,L2P,L
A3A2BF,N333UJ,C425,CESSNA 425 Corsair,L2T,L
A3A3BF,N3333K,GC1,GLOBE Swift,L1P,L
A3A7BF,N3345N,J3,PIPER J-3 Cub,L1P,L
A3ADBF,N336SX,S92,SIKORSKY S-92 Helibus,H2T,M
A3B2BF,N3374L,C185,CESSNA 185 Skywagon,L1P,L
A3B8BF,N339RK,FA20,DASSAULT Falcon 200,L2J,M
A3B9BF,N3391F,C182,CESSNA 182 Skylane,L1P,L
A3C4BF,N342AC,SR22,CIRRUS SR-22,L1P,L
A3C7BF,N34246,TAYB,TAYLORCRAFT BC/BF/BL,L1P,L
A3CDBF,N344SE,PA34,PIPER PA-34 Seneca,L2P,L
A3CEBF,N34411,C177,CESSNA  177 Cardinal,L1P,L
A3D7BF,N347EM,M339,AERMACCHI MB-339,L1J,L
A3DCBF,N348TR,CRER,RANS Courier,L1P,L
A3DDBF,N34822,,,,
A3E3BF,N35PF,PZ04,PZL-OKECIE PZL-104 Wilga,L1P,L
A3E4BF,N35ZM,UHEL,,H0-,-
A3E5BF,N350KS,BE30,BEECH 300 Super King Air,L2T,L
A3E7BF,N3504P,C72R,CESSNA 172R Cutlass RG,L1P,L
A3E8BF,N351CJ,C550,CESSNA 550 Citation S2,L2J,L
A3EBBF,N3516S,C172,CESSNA 172 Skyhawk,L1P,L
A3EEBF,N3521J,C150,CESSNA 150,L1P,L
A3EFBF,N3528V,C140,CESSNA 140,L1P,L
A3F2BF,N3533M,P28A,PIPER PA-28-140/150/160/180,L1P,L
A3F4BF,N354MC,P46T,PIPER PA-46-500TP,L1T,L
A3FABF,N3557T,TF19,TAYLORCRAFT F-19 Sportsman,L1P,L
A3FBBF,N356GT,TB20,SOCATA TB-20 Trinidad,L1P,L
A3FEBF,N3569W,PA32,PIPER PA-32,L1P,L
A401BF,N3574N,J3,PIPER J-3 Cub,L1P,L
A409BF,N3598U,C182,CESSNA 182 Skylane,L1P,L
A40ABF,N36JD,,,,
A40EBF,N36002,TAYB,TAYLORCRAFT BC/BF/BL,L1P,L
A414BF,N362LL,A109,AGUSTA AW-109 Grand,H2T,L
A415BF,N362WS,LNC2,LANCAIR 200-320,L1P,L
A416BF,N36248,CH7B,BELLANCA 7 Citabria,L1P,L
A418BF,N363PJ,LJ35,LEARJET 35,L2J,M
A41DBF,N36413,BL8,BELLANCA 8 Decathlon,L1P,L
A421BF,N36536,PA34,PIPER PA-34 Seneca,L2P,L
A42DBF,N369AD,C172,CESSNA 172 Skyhawk,L1P,L
A42EBF,N369LK,ST75,STEARMAN Kaydet,L1P,L
A42FBF,N369WR,RV8,VANS RV-8,L1P,L
A431BF,N37DB,BE60,BEECH 60 Duke,L2P,L
A432BF,N37PH,,,,
A435BF,N370W,BALL,,B0-,-
A43ABF,N3716U,C182,CESSNA 182 Skylane,L1P,L
A43DBF,N3721L,C172,CESSNA 172 Skyhawk,L1P,L
A43EBF,N3728X,VO10,NORTH AMERICAN ROCKWELL Commander 100,L1P,L
A443BF,N374ME,T206,CESSNA T206 Turbo Stationair,L1P,L
A445BF,N3745S,C172,CESSNA 172 Skyhawk,L1P,L
A448BF,N3750J,C150,CESSNA 150,L1P,L
A44CBF,N3762M,PA12,PIPER PA-12 Super Cruiser,L1P,L
A454BF,N3786T,P28R,PIPER PA-28R-180/200/201,L1P,L
A45BBF,N380ES,C82S,CESSNA T182 Turbo Skylane,L1P,L
A461BF,N38127,P32R,PIPER PA-32R-300/301/301T,L1P,L
A465BF,N3825,ZZZZ,,-0-,-
A466BF,N383DE,SR20,CIRRUS SR-20,L1P,L
A46CBF,N38415,J5,PIPER J-5 Cub Cruiser,L1P,L
A470BF,N38538,P28R,PIPER PA-28R-180/200/201,L1P,L
A474BF,N3866A,BE33,BEECH 33 Bonanza,L1P,L
A478BF,N3878D,C182,CESSNA 182 Skylane,L1P,L
A479BF,N388HP,P46T,PIPER PA-46-500TP,L1T,L
A480BF,N39DD,C340,CESSNA 340 Super,L2P,L
A488BF,N391Z,BE35,BEECH 35 Starfire Bonanza,L1P,L
A489BF,N3916W,PA32,PIPER PA-32,L1P,L
A48CBF,N3921N,BE35,BEECH 35 Starfire Bonanza,L1P,L
A48DBF,N3928Z,PA18,PIPER PA-18 Super Cub,L1P,L
A491BF,N394BA,GLID,,L0-,-
A495BF,N395DZ,A321,AIRBUS A-321,L2J,M
A49ABF,N396TC,C180,CESSNA  180 Skywagon,L1P,L
A49CBF,N39690,P32R,PIPER PA-32R-300/301/301T,L1P,L
A4A0BF,N398CM,RC3,REPUBLIC RC-3 Seabee,A1P,L
A4A3BF,N3986V,BALL,,B0-,-
A4A6BF,N3991M,P28R,PIPER PA-28R-180/200/201,L1P,L
A4A9BF,N4UP,PTS1,PITTS S-1 Special,L1P,L
A4ABBF,N40R,BE20,BEECH 200 Super King Air,L2T,M
A4ADBF,N400ML,COL4,CESSNA 400 Corvalis TT,L1P,L
A4AFBF,N4005Y,C185,CESSNA 185 Skywagon,L1P,L
A4B2BF,N4010Q,BALL,,B0-,-
A4B4BF,N402HA,DFLY,VIKING Dragonfly,L1P,L
A4B7BF,N40294,NSTR,CUSTOM FLIGHT North Star,L1P,L
A4B8BF,N403KZ,B744,BOEING 747-400,L4J,H
A4BBBF,N404CR,C404,CESSNA 404 Titan,L2P,L
A4BEBF,N4046Z,PA18,PIPER PA-18 Super Cub,L1P,L
A4C0BF,N405RV,RV4,VANS RV-4,L1P,L
A4C3BF,N406JM,RV4,VANS RV-4,L1P,L
A4C5BF,N4063U,C150,CESSNA 150,L1P,L
A4CABF,N408EB,T206,CESSNA T206 Turbo Stationair,L1P,L
A4CDBF,N40870,J5,PIPER J-5 Cub Cruiser,L1P,L
A4D1BF,N40993,P28A,PIPER PA-28-140/150/160/180,L1P,L
A4D6BF,N4102A,CH7A,BELLANCA 7 Champion,L1P,L
A4D7BF,N4109M,PA12,PIPER PA-12 Super Cruiser,L1P,L
A4E0BF,N413RC,C650,CESSNA 650 Citation,L2J,M
A4E1BF,N41309,BALL,,B0-,-
A4E4BF,N414UA,A320,AIRBUS A-320,L2J,M
A4E6BF,N415AM,DA40,DIAMOND DA-40 Club Star,L1P,L
A4E7BF,N415LT,GLF4,GULFSTREAM 4,L2J,M
A4E8BF,N415WZ,C340,CESSNA 340 Super,L2P,L
A4EFBF,N417SP,CH7B,BELLANCA 7 Citabria,L1P,L
A4F1BF,N4179L,C172,CESSNA 172 Skyhawk,L1P,L
A4F4BF,N4184C,S108,STINSON 108 Voyager,L1P,L
A4F8BF,N4196F,C172,CESSNA 172 Skyhawk,L1P,L
A4F9BF,N42EW,ULAC,,L0-,-
A4FEBF,N42050,PA23,PIPER PA-23,L2P,L
A4FFBF,N421EE,C421,CESSNA 421 Executive Commuter,L2P,L
A504BF,N422TJ,COL4,CESSNA 400 Corvalis TT,L1P,L
A506BF,N42296,C182,CESSNA 182 Skylane,L1P,L
A50DBF,N42461,C182,CESSNA 182 Skylane,L1P,L
A510BF,N4251T,C421,CESSNA 421 Executive Commuter,L2P,L
A511BF,N42584,J3,PIPER J-3 Cub,L1P,L
A516BF,N427MM,C56X,CESSNA 560XL Citation XLS,L2J,M
A51BBF,N4280R,PA32,PIPER PA-32,L1P,L
A51FBF,N4292U,C150,CESSNA 150,L1P,L
A520BF,N42995,J3,PIPER J-3 Cub,L1P,L
A522BF,N43WF,DA42,DIAMOND DA-42 Guardian,L2P,L
A526BF,N4309P,PA23,PIPER PA-23,L2P,L
A52DBF,N4326J,P28A,PIPER PA-28-140/150/160/180,L1P,L
A52EBF,N433EZ,LGEZ,RUTAN Long-EZ,L1P,L
A531BF,N4338M,P28A,PIPER PA-28-140/150/160/180,L1P,L
A538BF,N4355G,,,,
A539BF,N436DM,CL60,BOMBARDIER CL-600 Challenger,L2J,M
A53FBF,N4372B,PA46,PIPER PA-46-310/350,L1P,L
A551BF,N44175,TAYB,TAYLORCRAFT BC/BF/BL,L1P,L
A554BF,N4422X,P28R,PIPER PA-28R-180/200/201,L1P,L
A556BF,N443LC,R44,ROBINSON R-44 Raven,H1P,L
A557BF,N443WJ,,,,
A558BF,N44340,GLID,,L0-,-
A559BF,N444CV,SR22,CIRRUS SR-22,L1P,L
A55ABF,N444PA,PA34,PIPER PA-34 Seneca,L2P,L
A55BBF,N444ZG,NG5,BRM AERO NG-5/6 Bristell,L1P,L
A55CBF,N44463,PA46,PIPER PA-46-310/350,L1P,L
A55FBF,N4451V,BE35,BEECH 35 Starfire Bonanza,L1P,L
A560BF,N44586,P28B,PIPER PA-28-201T/235/236,L1P,L
A561BF,N446JR,BE33,BEECH 33 Bonanza,L1P,L
A565BF,N447MP,TBM7,SOCATA TBM-700A/B/C,L1T,L
A56ABF,N4480T,P28R,PIPER PA-28R-180/200/201,L1P,L
A56BBF,N44874,N3N,NAVAL AIRCRAFT FACTORY N3N,L1P,L
A56FBF,N44997,R44,ROBINSON R-44 Raven,H1P,L
A571BF,N45WH,RV6,VANS RV-6,L1P,L
A573BF,N450SU,SR22,CIRRUS SR-22,L1P,L
A578BF,N4514H,M20P,MOONEY M-20,L1P,L
A57CBF,N4526L,AA5,AMERICAN AA-5 Tiger,L1P,L
A57FBF,N4531C,C170,CESSNA 170,L1P,L
A584BF,N455AR,,,,
A588BF,N456DP,COZY,CO-Z Cozy,L1P,L
A58BBF,N4567M,BE60,BEECH 60 Duke,L2P,L
A58CBF,N457GM,H500,HUGHES 500,H1T,L
A58EBF,N4572D,BE35,BEECH 35 Starfire Bonanza,L1P,L
A593BF,N459CB,SR22,CIRRUS SR-22,L1P,L
A597BF,N46F,F2TH,DASSAULT Falcon 2000,L2J,M
A598BF,N46RF,DHC6,DE HAVILLAND DHC-6 Twin Otter,L2T,L
A59ABF,N460MS,,,,
A59CBF,N46054,C172,CESSNA 172 Skyhawk,L1P,L
A5A0BF,N46177,C172,CESSNA 172 Skyhawk,L1P,L
A5A7BF,N46342,C172,CESSNA 172 Skyhawk,L1P,L
A5A9BF,N464PC,SR22,CIRRUS SR-22,L1P,L
A5ADBF,N465SA,BE36,BEECH 36 Bonanza,L1P,L
A5BABF,N46876,FA62,FAIRCHILD M-26 Cornell,L1P,L
A5BDBF,N4692Y,PA18,PIPER PA-18 Super Cub,L1P,L
A5BEBF,N46999,ST75,STEARMAN Kaydet,L1P,L
A5BFBF,N47LD,NAVI,NORTH AMERICAN Navion,L1P,L
A5C0BF,N47WK,BE58,BEECH 58 Baron,L2P,L
A5C7BF,N4714K,C172,CESSNA 172 Skyhawk,L1P,L
A5C8BF,N472CE,,,,
A5D2BF,N4743H,PA11,PIPER PA-11 Cub Special,L1P,L
A5D3BF,N475AT,R22,ROBINSON R-22 Mariner,H1P,L
A5D6BF,N4755L,P28A,PIPER PA-28-140/150/160/180,L1P,L
A5D9BF,N4760C,T206,CESSNA T206 Turbo Stationair,L1P,L
A5DFBF,N478KM,SR22,CIRRUS SR-22,L1P,L
A5E1BF,N4784J,BE23,BEECH 23 Sundowner,L1P,L
A5E5BF,N4796M,BE35,BEECH 35 Starfire Bonanza,L1P,L
A5E6BF,N48FB,F2TH,DASSAULT Falcon 2000,L2J,M
A5E7BF,N48RH,RS20,RANS S-20 Raven,L1P,L
A5EABF,N480Y,M20P,MOONEY M-20,L1P,L
A5EBBF,N48056,C152,CESSNA 152,L1P,L
A5EEBF,N4810Y,T210,CESSNA T210 Turbo Centurion,L1P,L
A5F5BF,N483WN,B737,BOEING 737-700,L2J,M
A5FDBF,N4851Z,PA22,PIPER PA-22,L1P,L
A609BF,N48878,C152,CESSNA 152,L1P,L
A60DBF,N49A,ZZZZ,,-0-,-
A60EBF,N49LF,BE36,BEECH 36 Bonanza,L1P,L
A60FBF,N49WM,C140,CESSNA 140,L1P,L
A614BF,N491KQ,K100,DAHER Kodiak 100,L1T,L
A617BF,N492CG,C560,CESSNA 560 Citation Ultra,L2J,M
A61EBF,N4938T,C182,CESSNA 182 Skylane,L1P,L
A621BF,N4943K,NAVI,NORTH AMERICAN Navion,L1P,L
A623BF,N495MA,PA46,PIPER PA-46-310/350,L1P,L
A631BF,N499CF,ULAC,,L0-,-
A637BF,N50BQ,SRAI,GREAT PLAINS Sonerai,L1P,L
A639BF,N50YB,B06,BELL 206 JetRanger,H1T,L
A63ABF,N500JG,T28,NORTH AMERICAN T-28,L1P,L
A63CBF,N5003P,PA24,PIPER PA-24 Comanche,L1P,L
A63EBF,N501ME,TEAL,THURSTON Teal,A1P,L
A646BF,N503TA,AT5T,AIR TRACTOR AT-504,L1T,L
A647BF,N5032M,BE19,BEECH 19 Sport,L1P,L
A64BBF,N5044Q,C310,CESSNA 310,L2P,L
A64CBF,N505CK,R22,ROBINSON R-22 Mariner,H1P,L
A64FBF,N5056T,CH7A,BELLANCA 7 Champion,L1P,L
A652BF,N5061K,BL8,BELLANCA 8 Decathlon,L1P,L
A653BF,N5068W,P28A,PIPER PA-28-140/150/160/180,L1P,L
A656BF,N5073N,C172,CESSNA 172 Skyhawk,L1P,L
A657BF,N508AY,A321,AIRBUS A-321,L2J,M
A65ABF,N5085R,ULAC,,L0-,-
A660BF,N51T,P51,NORTH AMERICAN P-51 Mustang,L1P,L
A661BF,N510DE,A21N,AIRBUS A-321neo,L2J,M
A662BF,N510PL,SONX,SONEX AIRCRAFT Sonex,L1P,L
A664BF,N5107C,T210,CESSNA T210 Turbo Centurion,L1P,L
A667BF,N51115,C150,CESSNA 150,L1P,L
A668BF,N5119F,A660,THRUSH S-2R Turbo 660,L1T,L
A66BBF,N51238,C172,CESSNA 172 Skyhawk,L1P,L
A66CBF,N513BT,BE9L,BEECH 90 King Air,L2T,L
A672BF,N51403,C172,CESSNA 172 Skyhawk,L1P,L
A673BF,N5148D,C182,CESSNA 182 Skylane,L1P,L
A675BF,N515TV,B06,BELL 206 JetRanger,H1T,L
A676BF,N51526,C172,CESSNA 172 Skyhawk,L1P,L
A677BF,N516AF,P28A,PIPER PA-28-140/150/160/180,L1P,L
A678BF,N516LM,RV10,VANS RV-10,L1P,L
A682BF,N5189E,C180,CESSNA  180 Skywagon,L1P,L
A686BF,N52BS,YK52,YAKOVLEV Yak-52,L1P,L
A68CBF,N521BA,SR20,CIRRUS SR-20,L1P,L
A68DBF,N521MG,PA46,PIPER PA-46-310/350,L1P,L
A692BF,N5220L,P28A,PIPER PA-28-140/150/160/180,L1P,L
A695BF,N523TC,BE35,BEECH 35 Starfire Bonanza,L1P,L
A696BF,N5232P,PA24,PIPER PA-24 Comanche,L1P,L
A69BBF,N525CM,C25A,CESSNA 525A Citation CJ2,L2J,L
A6A0BF,N526RR,BE65,BEECH 65 Queen Air,L2P,L
A6A3BF,N527JH,C340,CESSNA 340 Super,L2P,L
A6A6BF,N528B,BE95,BEECH 95 Travel Air,L2P,L
A6A9BF,N5285T,M20P,MOONEY M-20,L1P,L
A6ADBF,N5297W,P28A,PIPER PA-28-140/150/160/180,L1P,L
A6AFBF,N53TB,SRAI,GREAT PLAINS Sonerai,L1P,L
A6B3BF,N5307E,BE35,BEECH 35 Starfire Bonanza,L1P,L
A6BEBF,N5336C,C310,CESSNA 310,L2P,L
A6C1BF,N53405,BALL,,B0-,-
A6C4BF,N535TX,BE35,BEECH 35 Starfire Bonanza,L1P,L
A6C9BF,N5365A,,,,
A6CABF,N537DF,BE40,BEECH 400 Beechjet,L2J,M
A6CDBF,N5377D,C172,CESSNA 172 Skyhawk,L1P,L
A6D6BF,N54N,CAMP,GREGA GN-1 Aircamper,L1P,L
A6D9BF,N540US,B752,BOEING 757-200,L2J,M
A6DABF,N5403T,C172,CESSNA 172 Skyhawk,L1P,L
A6DFBF,N542EA,CRJ7,BOMBARDIER Regional Jet CRJ-700,L2J,M
A6E1BF,N5420N,C182,CESSNA 182 Skylane,L1P,L
A6E2BF,N5427Z,PA22,PIPER PA-22,L1P,L
A6E5BF,N5432R,C172,CESSNA 172 Skyhawk,L1P,L
A6E9BF,N5444U,BE35,BEECH 35 Starfire Bonanza,L1P,L
A6EABF,N545CP,SR22,CIRRUS SR-22,L1P,L
A6F0BF,N5461P,PA24,PIPER PA-24 Comanche,L1P,L
A6F1BF,N54680,C172,CESSNA 172 Skyhawk,L1P,L
A6F8BF,N5485V,T6,NORTH AMERICAN T-6 Texan,L1P,L
A6FDBF,N55GY,SR22,CIRRUS SR-22,L1P,L
A6FEBF,N55TD,GLF4,GULFSTREAM 4,L2J,M
A702BF,N5507G,C150,CESSNA 150,L1P,L
A703BF,N551GG,GLF5,GULFSTREAM 5,L2J,M
A704BF,N551SN,GLF5,GULFSTREAM 5,L2J,M
A70DBF,N5536E,C172,CESSNA 172 Skyhawk,L1P,L
A710BF,N55407,P28A,PIPER PA-28-140/150/160/180,L1P,L
A711BF,N5548H,TOBA,SOCATA Tobago,L1P,L
A713BF,N555TZ,BE9T,BEECH F90 King Air,L2T,L
A716BF,N556LR,CAMP,GREGA GN-1 Aircamper,L1P,L
A719BF,N557DH,,,,
A71CBF,N5577F,P28A,PIPER PA-28-140/150/160/180,L1P,L
A71EBF,N558SM,P28A,PIPER PA-28-140/150/160/180,L1P,L
A71FBF,N55818,P28A,PIPER PA-28-140/150/160/180,L1P,L
A720BF,N5589J,PA18,PIPER PA-18 Super Cub,L1P,L
A723BF,N5594A,NAVI,NORTH AMERICAN Navion,L1P,L
A724BF,N56BW,BE55,BEECH 55 Baron,L2P,L
A729BF,N5603V,,,,
A730BF,N5620Q,M20P,MOONEY M-20,L1P,L
A734BF,N5632T,C172,CESSNA 172 Skyhawk,L1P,L
A735BF,N56394,M20P,MOONEY M-20,L1P,L
A738BF,N5644W,M5,MAULE M-5,L1P,L
A73EBF,N566RV,RV6,VANS RV-6,L1P,L
A740BF,N56682,P28R,PIPER PA-28R-180/200/201,L1P,L
A741BF,N567JM,CH70,ZENAIR CH-701 Stol,L1P,L
A74ABF,N5690P,EN28,ENSTROM F-28,H1P,L
A74BBF,N56970,P28A,PIPER PA-28-140/150/160/180,L1P,L
A74CBF,N57H,C180,CESSNA  180 Skywagon,L1P,L
A74DBF,N57TF,M20P,MOONEY M-20,L1P,L
A752BF,N571GJ,CRJ7,BOMBARDIER Regional Jet CRJ-700,L2J,M
A75CBF,N5736G,C150,CESSNA 150,L1P,L
A763BF,N5753B,B06,BELL 206 JetRanger,H1T,L
A764BF,N576AM,AS50,AEROSPATIALE AS-350 Ecureuil,H1T,L
A76BBF,N5777H,M20P,MOONEY M-20,L1P,L
A773BF,N58BY,BE58,BEECH 58 Baron,L2P,L
A774BF,N58ND,BE58,BEECH 58 Baron,L2P,L
A775BF,N58YK,YK52,YAKOVLEV Yak-52,L1P,L
A777BF,N580UW,A321,AIRBUS A-321,L2J,M
A77DBF,N582EE,PARA,,P0-,-
A77FBF,N5820S,BE35,BEECH 35 Starfire Bonanza,L1P,L
A780BF,N58273,ULAC,,L0-,-
A783BF,N5832V,M20P,MOONEY M-20,L1P,L
A787BF,N5844Y,BE58,BEECH 58 Baron,L2P,L
A792BF,N5873W,P28A,PIPER PA-28-140/150/160/180,L1P,L
A793BF,N588BF,LJ60,LEARJET 60,L2J,M
A794BF,N588MM,GLEX,BOMBARDIER BD-700 Global 6000/6500,L2J,M
A796BF,N5885Z,PA22,PIPER PA-22,L1P,L
A799BF,N5890R,C172,CESSNA 172 Skyhawk,L1P,L
A79BBF,N59HB,SNS7,SORRELL Hiperbipe,L1P,L
A7A2BF,N591SS,PC12,PILATUS PC-12,L1T,L
A7A3BF,N5912C,BE35,BEECH 35 Starfire Bonanza,L1P,L
A7A7BF,N5924F,P28A,PIPER PA-28-140/150/160/180,L1P,L
A7B7BF,N597DM,C172,CESSNA 172 Skyhawk,L1P,L
A7BABF,N5977K,RV9,VANS RV-9,L1P,L
A7BCBF,N598SR,SR22,CIRRUS SR-22,L1P,L
A7C1BF,N5994E,C150,CESSNA 150,L1P,L
A7C3BF,N6NF,RV6,VANS RV-6,L1P,L
A7C4BF,N6YM,M7,MAULE M-7,L1P,L
A7C5BF,N60JS,CASS,NATIONAL AERONAUTICS Cassutt 3M,L1P,L
A7C8BF,N600RJ,PA23,PIPER PA-23,L2P,L
A7C9BF,N6001E,BE35,BEECH 35 Starfire Bonanza,L1P,L
A7CBBF,N601JA,CH60,ZENAIR CH-600 Zodiac,L1P,L
A7CDBF,N6013H,J3,PIPER J-3 Cub,L1P,L
A7CEBF,N602AT,C550,CESSNA 550 Citation S2,L2J,L
A7D1BF,N6025L,PTS2,PITTS S-2 Special,L1P,L
A7D2BF,N603DR,CH70,ZENAIR CH-701 Stol,L1P,L
A7D4BF,N6030C,,,,
A7D5BF,N6037P,BE58,BEECH 58 Baron,L2P,L
A7D7BF,N604SV,,,,
A7D9BF,N6049S,C82S,CESSNA T182 Turbo Skylane,L1P,L
A7DDBF,N606CD,UH12,HILLER UH-12,H1P,L
A7DEBF,N606NK,A320,AIRBUS A-320,L2J,M
A7E0BF,N6066M,S108,STINSON 108 Voyager,L1P,L
A7E3BF,N6071D,PA22,PIPER PA-22,L1P,L
A7E5BF,N608J,FOX,KITFOX,L1P,L
A7E7BF,N6083G,AT5T,AIR TRACTOR AT-504,L1T,L
A7E8BF,N609AS,B737,BOEING 737-700,L2J,M
A7EDBF,N61PW,AVID,AVID Flyer,L1P,L
A7F0BF,N610WN,B733,BOEING 737-300,L2J,M
A7F2BF,N611CZ,COZY,CO-Z Cozy,L1P,L
A7F5BF,N61167,AR11,AERONCA 11 Chief,L1P,L
A7F7BF,N612SC,ESCP,REALITY Escapade,L1P,L
A7FEBF,N614MT,RV6,VANS RV-6,L1P,L
A800BF,N61455,C82T,CESSNA TR182 Turbo Skylane RG,L1P,L
A804BF,N61578,L5,STINSON Sentinel,L1P,L
A806BF,N616TP,TAYD,TAYLORCRAFT DC/DF/DL,L1P,L
A808BF,N617A,C25B,CESSNA 525B Citation CJ3,L2J,L
A809BF,N617LF,DRON,,D0-,-
A80BBF,N61743,C172,CESSNA 172 Skyhawk,L1P,L
A80DBF,N618PD,C172,CESSNA 172 Skyhawk,L1P,L
A80FBF,N61866,C172,CESSNA 172 Skyhawk,L1P,L
A811BF,N619SB,DRON,,D0-,-
A812BF,N6191Y,BE35,BEECH 35 Starfire Bonanza,L1P,L
A815BF,N62V,BE65,BEECH 65 Queen Air,L2P,L
A816BF,N620FE,MD11,MCDONNELL-DOUGLAS MD-11,L3J,H
A818BF,N6201G,C150,CESSNA 150,L1P,L
A819BF,N6208T,C82R,CESSNA R182 Skylane RG,L1P,L
A81CBF,N6213K,YK52,YAKOVLEV Yak-52,L1P,L
A81EBF,N622MA,TBM7,SOCATA TBM-700A/B/C,L1T,L
A821BF,N623DT,E50P,EMBRAER EMB-500 Phenom 100,L2J,L
A823BF,N6230E,C172,CESSNA 172 Skyhawk,L1P,L
A824BF,N6237R,C150,CESSNA 150,L1P,L
A832BF,N6271F,CH60,ZENAIR CH-600 Zodiac,L1P,L
A833BF,N6278S,C82R,CESSNA R182 Skylane RG,L1P,L
A835BF,N628UH,DRON,,D0-,-
A840BF,N63046,C150,CESSNA 150,L1P,L
A841BF,N631DA,DV20,DIAMOND DA-20,L1P,L
A844BF,N63169,C150,CESSNA 150,L1P,L
A847BF,N63211,C150,CESSNA 150,L1P,L
A848BF,N6329B,C182,CESSNA 182 Skylane,L1P,L
A84EBF,N634YA,DRON,,D0-,-
A85ABF,N63745,BE23,BEECH 23 Sundowner,L1P,L
A861BF,N63910,ST75,STEARMAN Kaydet,L1P,L
A862BF,N6399A,C182,CESSNA 182 Skylane,L1P,L
A863BF,N64JW,BE35,BEECH 35 Starfire Bonanza,L1P,L
A864BF,N64VB,BE58,BEECH 58 Baron,L2P,L
A867BF,N6401J,P28A,PIPER PA-28-140/150/160/180,L1P,L
A86BBF,N6413M,S108,STINSON 108 Voyager,L1P,L
A86CBF,N642AX,MRF1,DASSAULT Mirage F1,L1J,M
A86FBF,N6425Q,C152,CESSNA 152,L1P,L
A873BF,N6437T,C150,CESSNA 150,L1P,L
A874BF,N644GT,B763,BOEING 767-300,L2J,H
A877BF,N6449W,P210,CESSNA P210 Centurion,L1P,L
A87BBF,N646CH,PA18,PIPER PA-18 Super Cub,L1P,L
A880BF,N647RM,RV12,VANS RV-12,L1P,L
A886BF,N649AW,A320,AIRBUS A-320,L2J,M
A889BF,N6495P,PA24,PIPER PA-24 Comanche,L1P,L
A88BBF,N65Q,BE33,BEECH 33 Bonanza,L1P,L
A88CBF,N650AE,E145,EMBRAER ERJ-145,L2J,M
A88DBF,N650LL,PC12,PILATUS PC-12,L1T,L
A88EBF,N650WS,GLF6,GULFSTREAM G650,L2J,M
A88FBF,N65048,UH12,HILLER UH-12,H1P,L
A890BF,N651DC,RV3,VANS RV-3,L1P,L
A893BF,N6517A,T210,CESSNA T210 Turbo Centurion,L1P,L
A89ABF,N65336,,,,
A89EBF,N65459,T206,CESSNA T206 Turbo Stationair,L1P,L
A8A1BF,N65501,C172,CESSNA 172 Skyhawk,L1P,L
A8A4BF,N656TT,GLF6,GULFSTREAM G650,L2J,M
A8A5BF,N65624,C172,CESSNA 172 Skyhawk,L1P,L
A8B0BF,N65912,C82S,CESSNA T182 Turbo Skylane,L1P,L
A8B6BF,N6601L,PA23,PIPER PA-23,L2P,L
A8B7BF,N6608X,C210,CESSNA 201 Centurion,L1P,L
A8BCBF,N662ME,TBM7,SOCATA TBM-700A/B/C,L1T,L
A8BFBF,N663DX,RV8,VANS RV-8,L1P,L
A8C5BF,N6642M,S108,STINSON 108 Voyager,L1P,L
A8CABF,N666CK,BE58,BEECH 58 Baron,L2P,L
A8CFBF,N667RP,RV8,VANS RV-8,L1P,L
A8D0BF,N6671K,G164,GRUMMAN G-164 Ag-Cat,L1P,L
A8D4BF,N6683N,BE58,BEECH 58 Baron,L2P,L
A8D6BF,N669MD,LJ31,LEARJET 31,L2J,M
A8D8BF,N6695R,M20P,MOONEY M-20,L1P,L
A8D9BF,N67DW,PA31,PIPER PA-31-300/310/325/350/425,L2P,L
A8EDBF,N6746A,C172,CESSNA 172 Skyhawk,L1P,L
A8EEBF,N675ER,C172,CESSNA 172 Skyhawk,L1P,L
A8F4BF,N67626,J3,PIPER J-3 Cub,L1P,L
A8F6BF,N677LM,S22T,CIRRUS SR-22T Turbo,L1P,L
A8FEBF,N679SH,A139,AGUSTA AW-139,H2T,L
A901BF,N68K,P32R,PIPER PA-32R-300/301/301T,L1P,L
A902BF,N68VF,SONX,SONEX AIRCRAFT Sonex,L1P,L
A903BF,N680FL,P28A,PIPER PA-28-140/150/160/180,L1P,L
A904BF,N680RS,BE35,BEECH 35 Starfire Bonanza,L1P,L
A905BF,N6801N,M20P,MOONEY M-20,L1P,L
A90DBF,N6825U,M20P,MOONEY M-20,L1P,L
A910BF,N6830L,C310,CESSNA 310,L2P,L
A913BF,N684TC,T206,CESSNA T206 Turbo Stationair,L1P,L
A915BF,N68490,J5,PIPER J-5 Cub Cruiser,L1P,L
A924BF,N689B,BE35,BEECH 35 Starfire Bonanza,L1P,L
A928BF,N69DY,,,,
A92CBF,N690WW,SW4,SWEARINGEN Metro,L2T,M
A931BF,N6917E,C175,CESSNA 175 Skylark,L1P,L
A933BF,N692SL,ULAC,,L0-,-
A934BF,N69217,BE17,BEECH 17 Staggerwing,L1P,L
A949BF,N698PM,M20P,MOONEY M-20,L1P,L
A94BBF,N6987D,PA18,PIPER PA-18 Super Cub,L1P,L
A954BF,N700BZ,AEST,AEROSTAR 600,L2P,L
A958BF,N701EX,C25A,CESSNA 525A Citation CJ2,L2J,L
A95ABF,N70109,J3,PIPER J-3 Cub,L1P,L
A95CBF,N699GD,GLF6,GULFSTREAM G650,L2J,M
A95DBF,N702UA,DRON,,D0-,-
A95FBF,N703AM,P28A,PIPER PA-28-140/150/160/180,L1P,L
A960BF,N703LT,BE20,BEECH 200 Super King Air,L2T,M
A962BF,N7035E,C175,CESSNA 175 Skylark,L1P,L
A963BF,N704DK,B77L,BOEING 777-200LR,L2J,H
A966BF,N7047H,J3,PIPER J-3 Cub,L1P,L
A968BF,N705SP,C550,CESSNA 550 Citation S2,L2J,L
A969BF,N7052,PA18,PIPER PA-18 Super Cub,L1P,L
A96ABF,N7059L,,,,
A975BF,N7088J,,,,
A978BF,N7093A,C172,CESSNA 172 Skyhawk,L1P,L
A979BF,N71AL,LJ31,LEARJET 31,L2J,M
A97ABF,N71LS,GLID,,L0-,-
A97BBF,N71WY,HUSK,CHRISTEN Husky,L1P,L
A97DBF,N710TJ,RV10,VANS RV-10,L1P,L
A97FBF,N71096,BALL,,B0-,-
A980BF,N711LA,BL17,BELLANCA 17 Viking,L1P,L
A981BF,N711WG,C25A,CESSNA 525A Citation CJ2,L2J,L
A982BF,N7114Y,PA30,PIPER PA-30 Twin Comanche,L2P,L
A983BF,N712CT,RV7,VANS RV-7,L1P,L
A986BF,N71261,L8,LUSCOMBE 8,L1P,L
A987BF,N713FR,A321,AIRBUS A-321,L2J,M
A989BF,N7131T,C172,CESSNA 172 Skyhawk,L1P,L
A98ABF,N71384,C182,CESSNA 182 Skylane,L1P,L
A98EBF,N715BF,P28A,PIPER PA-28-140/150/160/180,L1P,L
A991BF,N7155Z,BALL,,B0-,-
A996BF,N717HB,LJ55,LEARJET 55,L2J,M
A997BF,N717TH,C172,CESSNA 172 Skyhawk,L1P,L
A998BF,N7172U,M20P,MOONEY M-20,L1P,L
A99ABF,N718L,ZZZZ,,-0-,-
A99DBF,N719CS,SR22,CIRRUS SR-22,L1P,L
A99EBF,N719NY,DRON,,D0-,-
A9A0BF,N71960,L8,LUSCOMBE 8,L1P,L
A9A7BF,N721EZ,LGEZ,RUTAN Long-EZ,L1P,L
A9A9BF,N7211A,C172,CESSNA 172 Skyhawk,L1P,L
A9ADBF,N7223D,PA22,PIPER PA-22,L1P,L
A9B1BF,N7235G,C172,CESSNA 172 Skyhawk,L1P,L
A9B2BF,N724DM,TBM7,SOCATA TBM-700A/B/C,L1T,L
A9B5BF,N7247K,PA18,PIPER PA-18 Super Cub,L1P,L
A9B7BF,N725SR,SREY,PROGRESSIVE AERODYNE SeaRey,A1P,L
A9BDBF,N727C,C182,CESSNA 182 Skylane,L1P,L
A9BEBF,N727NF,RV8,VANS RV-8,L1P,L
A9C0BF,N7276H,C82S,CESSNA T182 Turbo Skylane,L1P,L
A9C5BF,N729HW,ULAC,,L0-,-
A9C8BF,N73AN,AN2,ANTONOV An-2,L1P,L
A9CCBF,N730TL,R66,ROBINSON R-66,H1T,L
A9CDBF,N7302X,C150,CESSNA 150,L1P,L
A9CFBF,N731LC,C208,CESSNA 208 Caravan,L1T,L
A9D3BF,N732PA,CL60,BOMBARDIER CL-600 Challenger,L2J,M
A9D4BF,N732ZG,T210,CESSNA T210 Turbo Centurion,L1P,L
A9D6BF,N733FT,C172,CESSNA 172 Skyhawk,L1P,L
A9DABF,N734JR,C172,CESSNA 172 Skyhawk,L1P,L
A9DBBF,N734UX,C172,CESSNA 172 Skyhawk,L1P,L
A9DDBF,N735BH,C182,CESSNA 182 Skylane,L1P,L
A9DEBF,N735MP,T206,CESSNA T206 Turbo Stationair,L1P,L
A9DFBF,N735XV,T206,CESSNA T206 Turbo Stationair,L1P,L
A9E1BF,N736EF,C172,CESSNA 172 Skyhawk,L1P,L
A9E3BF,N7360T,C172,CESSNA 172 Skyhawk,L1P,L
A9E5BF,N737HD,C172,CESSNA 172 Skyhawk,L1P,L
A9EABF,N738WH,,,,
A9EDBF,N739P,AA5,AMERICAN AA-5 Tiger,L1P,L
A9EEBF,N739ZF,C172,CESSNA 172 Skyhawk,L1P,L
A9F0BF,N74FS,F900,DASSAULT Falcon 900,L3J,M
AA01BF,N744DP,C182,CESSNA 182 Skylane,L1P,L
AA02BF,N744PV,DRON,,D0-,-
AA03BF,N7440A,C172,CESSNA 172 Skyhawk,L1P,L
AA04BF,N7447M,BALL,,B0-,-
AA06BF,N745ST,PC12,PILATUS PC-12,L1T,L
AA08BF,N7459Q,C182,CESSNA 182 Skylane,L1P,L
AA0CBF,N747CB,LA4,LAKE LA-4/200,A1P,L
AA12BF,N7481B,CH7A,BELLANCA 7 Champion,L1P,L
AA13BF,N7488N,BE36,BEECH 36 Bonanza,L1P,L
AA18BF,N75LW,BE9L,BEECH 90 King Air,L2T,L
AA1ABF,N750HG,BALL,,B0-,-
AA1BBF,N750TN,CH75,ZENAIR CH-750 Cruzer,L1P,L
AA1DBF,N751,PA18,PIPER PA-18 Super Cub,L1P,L
AA21BF,N752CX,B752,BOEING 757-200,L2J,M
AA31BF,N756QP,T206,CESSNA T206 Turbo Stationair,L1P,L
AA34BF,N757HF,C182,CESSNA 182 Skylane,L1P,L
AA35BF,N757TM,PA18,PIPER PA-18 Super Cub,L1P,L
AA36BF,N7572Y,PA30,PIPER PA-30 Twin Comanche,L2P,L
AA37BF,N75799,C172,CESSNA 172 Skyhawk,L1P,L
AA3CBF,N759PB,PC12,PILATUS PC-12,L1T,L
AA3DBF,N759ZH,C182,CESSNA 182 Skylane,L1P,L
AA3EBF,N75964,T6,NORTH AMERICAN T-6 Texan,L1P,L
AA45BF,N761FC,T210,CESSNA T210 Turbo Centurion,L1P,L
AA48BF,N7618R,BE23,BEECH 23 Sundowner,L1P,L
AA4BBF,N7623H,PA12,PIPER PA-12 Super Cruiser,L1P,L
AA4FBF,N7635L,LA4,LAKE LA-4/200,A1P,L
AA50BF,N764DR,C82S,CESSNA T182 Turbo Skylane,L1P,L
AA53BF,N7647P,PA24,PIPER PA-24 Comanche,L1P,L
AA55BF,N765SV,S22T,CIRRUS SR-22T Turbo,L1P,L
AA56BF,N7652F,P28A,PIPER PA-28-140/150/160/180,L1P,L
AA5ABF,N7664J,P28R,PIPER PA-28R-180/200/201,L1P,L
AA5BBF,N767CD,C172,CESSNA 172 Skyhawk,L1P,L
AA5EBF,N7676M,C175,CESSNA 175 Skylark,L1P,L
AA62BF,N7688Q,C310,CESSNA 310,L2P,L
AA63BF,N769J,P28R,PIPER PA-28R-180/200/201,L1P,L
AA66BF,N77AS,L13M,LET L-13 Blanik,L1P,L
AA67BF,N77LY,S22T,CIRRUS SR-22T Turbo,L1P,L
AA68BF,N77XD,C182,CESSNA 182 Skylane,L1P,L
AA6BBF,N77021,C140,CESSNA 140,L1P,L
AA6CBF,N771AA,H269,HUGHES Sky Knight,H1P,L
AA6EBF,N771WN,BE95,BEECH 95 Travel Air,L2P,L
AA72BF,N772ZL,DRON,,D0-,-
AA75BF,N773SC,CRUZ,CSA PS-28 Cruiser,L1P,L
AA7EBF,N77555,C340,CESSNA 340 Super,L2P,L
AA84BF,N777TP,P46T,PIPER PA-46-500TP,L1T,L
AA85BF,N77720,FNKB,FUNK B,L1P,L
AA8FBF,N78SB,PA11,PIPER PA-11 Cub Special,L1P,L
AA94BF,N781FE,C208,CESSNA 208 Caravan,L1T,L
AA95BF,N781RL,S76,SIKORSKY S-76 Spirit,H2T,L
AA98BF,N782JC,PC12,PILATUS PC-12,L1T,L
AA9BBF,N783AV,B788,BOEING 787-8 Dreamliner,L2J,H
AA9CBF,N783MA,MU2,MITSUBISHI MU-2 Marquise,L2T,L
AA9EBF,N7835N,P28A,PIPER PA-28-140/150/160/180,L1P,L
AAA6BF,N7859U,C172,CESSNA 172 Skyhawk,L1P,L
AAABBF,N787NM,CL60,BOMBARDIER CL-600 Challenger,L2J,M
AAADBF,N7876P,PA24,PIPER PA-24 Comanche,L1P,L
AAAEBF,N788FD,B752,BOEING 757-200,L2J,M
AAAFBF,N788RK,P28A,PIPER PA-28-140/150/160/180,L1P,L
AAB0BF,N7881F,C150,CESSNA 150,L1P,L
AAB1BF,N7888S,BE33,BEECH 33 Bonanza,L1P,L
AAB2BF,N789JB,A320,AIRBUS A-320,L2J,M
AAB5BF,N79AU,P32R,PIPER PA-32R-300/301/301T,L1P,L
AAB6BF,N79M,DG15,HOWARD Nightingale,L1P,L
AABBBF,N791AC,RV9,VANS RV-9,L1P,L
AABEBF,N79146,C172,CESSNA 172 Skyhawk,L1P,L
AAC0BF,N792PG,SR22,CIRRUS SR-22,L1P,L
AAC2BF,N79269,C172,CESSNA 172 Skyhawk,L1P,L
AAC6BF,N7939B,C172,CESSNA 172 Skyhawk,L1P,L
AAC9BF,N79434,C172,CESSNA 172 Skyhawk,L1P,L
AACABF,N795BP,B407,BELL 407,H1T,L
AACDBF,N79557,AR6T,AERONCA 65 Tandem,L1P,L
AAD9BF,N799D,RV4,VANS RV-4,L1P,L
AADDBF,N8FY,C172,CESSNA 172 Skyhawk,L1P,L
AAE6BF,N801MZ,RV4,VANS RV-4,L1P,L
AAE8BF,N8016A,C170,CESSNA 170,L1P,L
AAE9BF,N802ER,DA40,DIAMOND DA-40 Club Star,L1P,L
AAECBF,N8028D,BE33,BEECH 33 Bonanza,L1P,L
AAEDBF,N803HP,C172,CESSNA 172 Skyhawk,L1P,L
AAEFBF,N80326,C172,CESSNA 172 Skyhawk,L1P,L
AAF0BF,N804AF,PA46,PIPER PA-46-310/350,L1P,L
AAF1BF,N804LM,COL4,CESSNA 400 Corvalis TT,L1P,L
AAF3BF,N80449,C185,CESSNA 185 Skywagon,L1P,L
AAF4BF,N805DD,RV6,VANS RV-6,L1P,L
AAF9BF,N806SH,A139,AGUSTA AW-139,H2T,L
AAFABF,N80614,GC1,GLOBE Swift,L1P,L
AAFBBF,N8069E,,,,
AAFEBF,N80737,GC1,GLOBE Swift,L1P,L
AAFFBF,N808BS,KR2,RAND KR-2,L1P,L
AB00BF,N808MY,,,,
AB02BF,N8086,GLID,,L0-,-
AB05BF,N80902,GC1,GLOBE Swift,L1P,L
AB0BBF,N8100L,DH8A,DE HAVILLAND DHC-8-100 Dash 8,L2T,M
AB0CBF,N8107X,PA34,PIPER PA-34 Seneca,L2P,L
AB0EBF,N811TC,PARA,,P0-,-
AB0FBF,N8112P,PA22,PIPER PA-22,L1P,L
AB10BF,N81190,FNKB,FUNK B,L1P,L
AB13BF,N8124S,P28B,PIPER PA-28-201T/235/236,L1P,L
AB14BF,N813CM,EXEC,ROTORWAY Exec,H1P,L
AB18BF,N814FK,GLAS,Glasair,L1P,L
AB19BF,N814RR,GLF5,GULFSTREAM 5,L2J,M
AB1ABF,N8141M,C310,CESSNA 310,L2P,L
AB1BBF,N8148Y,P32R,PIPER PA-32R-300/301/301T,L1P,L
AB1CBF,N815JH,R44,ROBINSON R-44 Raven,H1P,L
AB20BF,N816MF,BE60,BEECH 60 Duke,L2P,L
AB22BF,N8165T,C175,CESSNA 175 Skylark,L1P,L
AB26BF,N8177W,P28A,PIPER PA-28-140/150/160/180,L1P,L
AB28BF,N818TB,S22T,CIRRUS SR-22T Turbo,L1P,L
AB29BF,N8182N,P28A,PIPER PA-28-140/150/160/180,L1P,L
AB2ABF,N8189Z,C210,CESSNA 201 Centurion,L1P,L
AB2CBF,N819W,PA11,PIPER PA-11 Cub Special,L1P,L
AB2DBF,N8194R,BE95,BEECH 95 Travel Air,L2P,L
AB2EBF,N82CL,FOX,KITFOX,L1P,L
AB31BF,N820KC,RAF2,ROTARY AIR FORCE RAF-2000,G1P,L
AB36BF,N821YG,,,,
AB37BF,N8216C,PA18,PIPER PA-18 Super Cub,L1P,L
AB38BF,N822ET,EC20,AIRBUS HELICOPTERS EC-120,H1T,L
AB3ABF,N82205,CH7A,BELLANCA 7 Champion,L1P,L
AB3CBF,N823HR,IR23,ICA IAR-823,L1P,L
AB3DBF,N823TX,H25B,HAWKER BEECHCRAFT Hawker 750/850,L2J,M
AB3FBF,N824AH,EC35,AIRBUS HELICOPTERS EC-135/635,H2T,L
AB40BF,N824LP,,,,
AB42BF,N8245A,C170,CESSNA 170,L1P,L
AB44BF,N825PM,RV6,VANS RV-6,L1P,L
AB46BF,N8257D,BE35,BEECH 35 Starfire Bonanza,L1P,L
AB48BF,N826SK,CRJ9,BOMBARDIER Regional Jet CRJ-900,L2J,M
AB49BF,N82616,P28B,PIPER PA-28-201T/235/236,L1P,L
AB4ABF,N8269G,C182,CESSNA 182 Skylane,L1P,L
AB4BBF,N827KB,BE9L,BEECH 90 King Air,L2T,L
AB4DBF,N82739,CH7A,BELLANCA 7 Champion,L1P,L
AB51BF,N8286B,P28R,PIPER PA-28R-180/200/201,L1P,L
AB55BF,N8298E,C172,CESSNA 172 Skyhawk,L1P,L
AB57BF,N83TW,,,,
AB5ABF,N8300N,BE35,BEECH 35 Starfire Bonanza,L1P,L
AB5FBF,N83192,CH7A,BELLANCA 7 Champion,L1P,L
AB62BF,N8324U,R22,ROBINSON R-22 Mariner,H1P,L
AB63BF,N833CP,C82T,CESSNA TR182 Turbo Skylane RG,L1P,L
AB66BF,N8336X,R44,ROBINSON R-44 Raven,H1P,L
AB69BF,N8341P,PA24,PIPER PA-24 Comanche,L1P,L
AB6ABF,N83480,PA18,PIPER PA-18 Super Cub,L1P,L
AB6FBF,N836MH,B764,BOEING 767-400,L2J,H
AB74BF,N8370M,C150,CESSNA 150,L1P,L
AB79BF,N83891,CH7A,BELLANCA 7 Champion,L1P,L
AB7CBF,N8394T,C175,CESSNA 175 Skylark,L1P,L
AB7DBF,N84CN,SF50,CIRRUS SF-50 Vision,L1J,L
AB7FBF,N84Z,BE95,BEECH 95 Travel Air,L2P,L
AB8ABF,N8428H,P28A,PIPER PA-28-140/150/160/180,L1P,L
AB8EBF,N844AK,R44,ROBINSON R-44 Raven,H1P,L
AB91BF,N8445C,AC80,NORTH AMERICAN ROCKWELL Turbo Commander 680,L2T,L
AB95BF,N8457F,P32R,PIPER PA-32R-300/301/301T,L1P,L
AB98BF,N84618,CH7A,BELLANCA 7 Champion,L1P,L
ABA0BF,N8486D,,,,
ABA5BF,N85HS,,,,
ABA6BF,N85TY,,,,
ABA7BF,N850EC,H25B,HAWKER BEECHCRAFT Hawker 750/850,L2J,M
ABA9BF,N8500Q,PA22,PIPER PA-22,L1P,L
ABADBF,N8512T,C182,CESSNA 182 Skylane,L1P,L
ABAEBF,N85194,CH7A,BELLANCA 7 Champion,L1P,L
ABB1BF,N8524W,P28B,PIPER PA-28-201T/235/236,L1P,L
ABB2BF,N853CR,C560,CESSNA 560 Citation Ultra,L2J,M
ABB5BF,N8536Z,B738,BOEING 737-800,L2J,M
ABB7BF,N854RV,RV4,VANS RV-4,L1P,L
ABB8BF,N8541R,B14A,BELLANCA 14,L1P,L
ABBCBF,N8553U,C172,CESSNA 172 Skyhawk,L1P,L
ABCABF,N859WD,DHC3,DE HAVILLAND DHC-3 Otter,L1P,L
ABCBBF,N8594V,CH7B,BELLANCA 7 Citabria,L1P,L
ABD2BF,N861BZ,PARA,,P0-,-
ABDCBF,N8633B,C172,CESSNA 172 Skyhawk,L1P,L
ABDDBF,N864AM,H25B,HAWKER BEECHCRAFT Hawker 750/850,L2J,M
ABE0BF,N8645E,P28A,PIPER PA-28-140/150/160/180,L1P,L
ABE6BF,N866SP,GLST,GLASAIR SH-4 GlaStar,L1P,L
ABE7BF,N8662,CH7B,BELLANCA 7 Citabria,L1P,L
ABEBBF,N8674C,PA32,PIPER PA-32,L1P,L
ABEEBF,N868YK,DRON,,D0-,-
ABEFBF,N8686F,F86,NORTH AMERICAN F-86 Sabre,L1J,M
ABF3BF,N8698J,C150,CESSNA 150,L1P,L
ABF4BF,N87HU,HUSK,CHRISTEN Husky,L1P,L
ABF5BF,N87U,G21,GRUMMAN G-21A Goose,A2P,L
ABFCBF,N8712V,CH7B,BELLANCA 7 Citabria,L1P,L
AC04BF,N87361,ERCO,AIR PRODUCTS F-1 Aircoupe,L1P,L
AC07BF,N8741T,C182,CESSNA 182 Skylane,L1P,L
AC0BBF,N8753W,P28B,PIPER PA-28-201T/235/236,L1P,L
AC0DBF,N876MM,,,,
AC13BF,N87772,J3,PIPER J-3 Cub,L1P,L
AC17BF,N87895,J3,PIPER J-3 Cub,L1P,L
AC1ABF,N8794X,C182,CESSNA 182 Skylane,L1P,L
AC1BBF,N88CS,BE30,BEECH 300 Super King Air,L2T,L
AC1DBF,N88ZD,BE36,BEECH 36 Bonanza,L1P,L
AC1EBF,N880KJ,DRON,,D0-,-
AC21BF,N881CA,S22T,CIRRUS SR-22T Turbo,L1P,L
AC24BF,N8816J,P28A,PIPER PA-28-140/150/160/180,L1P,L
AC28BF,N8828M,P46T,PIPER PA-46-500TP,L1T,L
AC31BF,N885PT,SR22,CIRRUS SR-22,L1P,L
AC33BF,N8857K,C340,CESSNA 340 Super,L2P,L
AC35BF,N886SR,SR22,CIRRUS SR-22,L1P,L
AC37BF,N8869N,P28A,PIPER PA-28-140/150/160/180,L1P,L
AC3BBF,N888C,CC19,CUB CRAFTERS CC-19 XCub,L1P,L
AC3DBF,N888YM,SR22,CIRRUS SR-22,L1P,L
AC3EBF,N8886H,NAVI,NORTH AMERICAN Navion,L1P,L
AC43BF,N89HW,COL3,CESSNA 350 Corvalis,L1P,L
AC4BBF,N8912X,C182,CESSNA 182 Skylane,L1P,L
AC4CBF,N89198,C140,CESSNA 140,L1P,L
AC51BF,N893PA,EC30,AIRBUS HELICOPTERS EC-130,H1T,L
AC56BF,N8941V,C172,CESSNA 172 Skyhawk,L1P,L
AC61BF,N8970T,C182,CESSNA 182 Skylane,L1P,L
AC65BF,N8982W,P28B,PIPER PA-28-201T/235/236,L1P,L
AC67BF,N899LB,BALL,,B0-,-
AC6ABF,N9CU,F900,DASSAULT Falcon 900,L3J,M
AC6BBF,N9P,F5,NORTHROP F-5 Tiger 2,L2J,M
AC6CBF,N9ZF,,,,
AC6FBF,N900FX,AT43,ATR-42-300,L2T,M
AC70BF,N900SC,T210,CESSNA T210 Turbo Centurion,L1P,L
AC74BF,N901VA,,,,
AC77BF,N902MT,PA23,PIPER PA-23,L2P,L
AC84BF,N90543,B47G,BELL 47G,H1P,L
AC8ABF,N907SB,,,,
AC8EBF,N908V,BE35,BEECH 35 Starfire Bonanza,L1P,L
AC93BF,N90954,BALL,,B0-,-
AC96BF,N910AV,SE5A,RAF SE-5A Replica,L1P,L
AC97BF,N910MA,T206,CESSNA T206 Turbo Stationair,L1P,L
AC9BBF,N911PZ,RV8,VANS RV-8,L1P,L
AC9DBF,N9117R,NAVI,NORTH AMERICAN Navion,L1P,L
AC9EBF,N912GR,PULS,Pulsar,L1P,L
AC9FBF,N912SX,SONX,SONEX AIRCRAFT Sonex,L1P,L
ACA4BF,N9134L,CH7B,BELLANCA 7 Citabria,L1P,L
ACA5BF,N914CF,TBM7,SOCATA TBM-700A/B/C,L1T,L
ACA6BF,N914NM,,,,
ACA8BF,N9146P,PA24,PIPER PA-24 Comanche,L1P,L
ACA9BF,N915FD,B752,BOEING 757-200,L2J,M
ACADBF,N916JB,H25B,HAWKER BEECHCRAFT Hawker 750/850,L2J,M
ACAFBF,N9163J,P28A,PIPER PA-28-140/150/160/180,L1P,L
ACB1BF,N917M,,,,
ACB3BF,N9175M,C182,CESSNA 182 Skylane,L1P,L
ACB6BF,N9180D,P28R,PIPER PA-28R-180/200/201,L1P,L
ACB7BF,N9187Q,AT5T,AIR TRACTOR AT-504,L1T,L
ACB9BF,N919SW,CRJ2,BOMBARDIER Regional Jet CRJ-200,L2J,M
ACBABF,N9192G,C182,CESSNA 182 Skylane,L1P,L
ACC5BF,N922BP,SR22,CIRRUS SR-22,L1P,L
ACC9BF,N923EM,DRON,,D0-,-
ACCCBF,N9238,EN28,ENSTROM F-28,H1P,L
ACCEBF,N924TR,SR20,CIRRUS SR-20,L1P,L
ACCFBF,N92422,C182,CESSNA 182 Skylane,L1P,L
ACD0BF,N925AB,C182,CESSNA 182 Skylane,L1P,L
ACD3BF,N92545,PA12,PIPER PA-12 Super Cruiser,L1P,L
ACD4BF,N926D,S108,STINSON 108 Voyager,L1P,L
ACD7BF,N92668,J3,PIPER J-3 Cub,L1P,L
ACDEBF,N92833,SKYR,REARWIN Skyranger,L1P,L
ACE6BF,N930MC,BE9L,BEECH 90 King Air,L2T,L
ACE7BF,N930XJ,CRJ9,BOMBARDIER Regional Jet CRJ-900,L2J,M
ACE8BF,N9305Q,BE33,BEECH 33 Bonanza,L1P,L
ACEBBF,N9310G,C182,CESSNA 182 Skylane,L1P,L
ACEFBF,N9322K,S108,STINSON 108 Voyager,L1P,L
ACF3BF,N9334N,P28R,PIPER PA-28R-180/200/201,L1P,L
ACFABF,N9351H,C172,CESSNA 172 Skyhawk,L1P,L
ACFBBF,N9358U,C150,CESSNA 150,L1P,L
ACFEBF,N9363L,,,,
AD04BF,N938Q,BE95,BEECH 95 Travel Air,L2P,L
AD07BF,N939GS,GL5T,BOMBARDIER BD-700 Global 5000/5500,L2J,M
AD09BF,N9392J,P28A,PIPER PA-28-140/150/160/180,L1P,L
AD0CBF,N94VW,C170,CESSNA 170,L1P,L
AD0EBF,N940SG,TBM7,SOCATA TBM-700A/B/C,L1T,L
AD1DBF,N944TT,C172,CESSNA 172 Skyhawk,L1P,L
AD24BF,N946PH,S92,SIKORSKY S-92 Helibus,H2T,M
AD26BF,N9467,M20P,MOONEY M-20,L1P,L
AD28BF,N947SF,C152,CESSNA 152,L1P,L
AD29BF,N94712,ERCO,AIR PRODUCTS F-1 Aircoupe,L1P,L
AD2FBF,N949MW,BL8,BELLANCA 8 Decathlon,L1P,L
AD31BF,N94958,TAYB,TAYLORCRAFT BC/BF/BL,L1P,L
AD35BF,N950ME,C172,CESSNA 172 Skyhawk,L1P,L
AD38BF,N951DX,B739,BOEING 737-900,L2J,M
AD3ABF,N9510J,C188,CESSNA 188 AgTruck,L1P,L
AD3BBF,N9517V,M10,MOONEY M-10 Cadet,L1P,L
AD3CBF,N952GV,P06T,TECNAM P-2006T,L2P,L
AD3DBF,N952TA,P46T,PIPER PA-46-500TP,L1T,L
AD3EBF,N9522M,M20P,MOONEY M-20,L1P,L
AD3FBF,N9529Y,BE35,BEECH 35 Starfire Bonanza,L1P,L
AD46BF,N9546T,C210,CESSNA 201 Centurion,L1P,L
AD48BF,N955RP,BE95,BEECH 95 Travel Air,L2P,L
AD4FBF,N957MD,BE10,BEECH 100 King Air,L2T,L
AD51BF,N9575R,BE35,BEECH 35 Starfire Bonanza,L1P,L
AD54BF,N9580H,ST75,STEARMAN Kaydet,L1P,L
AD55BF,N9587U,AA5,AMERICAN AA-5 Tiger,L1P,L
AD58BF,N9592L,AA5,AMERICAN AA-5 Tiger,L1P,L
AD5ABF,N96KS,M20P,MOONEY M-20,L1P,L
AD5CBF,N960GC,B407,BELL 407,H1T,L
AD5EBF,N96015,TAYB,TAYLORCRAFT BC/BF/BL,L1P,L
AD66BF,N9626A,C140,CESSNA 140,L1P,L
AD77BF,N967SH,R22,ROBINSON R-22 Mariner,H1P,L
AD7ABF,N968K,C180,CESSNA  180 Skywagon,L1P,L
AD7DBF,N969BS,S22T,CIRRUS SR-22T Turbo,L1P,L
AD80BF,N9696,CH60,ZENAIR CH-600 Zodiac,L1P,L
AD84BF,N970MG,RS12,RANS S-12 Super Airaile,L1P,L
AD8ABF,N9717X,C210,CESSNA 201 Centurion,L1P,L
AD8EBF,N97290,S108,STINSON 108 Voyager,L1P,L
AD98BF,N9751M,M20P,MOONEY M-20,L1P,L
ADA0BF,N9775T,PA38,PIPER PA-38 Tomahawk,L1P,L
ADA6BF,N979TB,H25B,HAWKER BEECHCRAFT Hawker 750/850,L2J,M
ADADBF,N98017,P28A,PIPER PA-28-140/150/160/180,L1P,L
ADAEBF,N9809H,C82R,CESSNA R182 Skylane RG,L1P,L
ADB9BF,N9838F,L5,STINSON Sentinel,L1P,L
ADBCBF,N98428,C172,CESSNA 172 Skyhawk,L1P,L
ADC0BF,N9855A,C195,CESSNA 195,L1P,L
ADC4BF,N9867D,PA18,PIPER PA-18 Super Cub,L1P,L
ADCDBF,N989N,TL20,TL ULTRALIGHT TL-2000 Sting,L1P,L
ADD0BF,N99ES,PA32,PIPER PA-32,L1P,L
ADD2BF,N990BC,BL8,BELLANCA 8 Decathlon,L1P,L
ADD6BF,N991EA,GALX,GULFSTREAM G200,L2J,M
ADD8BF,N9910N,C185,CESSNA 185 Skywagon,L1P,L
ADDCBF,N9922R,BE35,BEECH 35 Starfire Bonanza,L1P,L
ADDFBF,N993WC,TBM7,SOCATA TBM-700A/B/C,L1T,L
ADE0BF,N9934U,AA5,AMERICAN AA-5 Tiger,L1P,L
ADE4BF,N9946X,C185,CESSNA 185 Skywagon,L1P,L
ADE5BF,N995FM,BE35,BEECH 35 Starfire Bonanza,L1P,L
ADE9BF,N996JK,BE36,BEECH 36 Bonanza,L1P,L
ADF3BF,N9987Y,CH7A,BELLANCA 7 Champion,L1P,L
ADF4BF,N999GY,C750,CESSNA 750 Citation 10,L2J,M
ADF7BF,N99991,C172,CESSNA 172 Skyhawk,L1P,L
ADFCBF,93-0639,BE40,BEECH 400 Beechjet,L2J,M
ADFDBF,93-7312,C130,LOCKHEED C-130 Hercules,L4T,M
ADFEBF,96-00109,C560,CESSNA 560 Citation Ultra,L2J,M
ADFFBF,65-10345,T38,NORTHROP T-38 Talon,L2J,L
AE00BF,62-3641,T38,NORTHROP T-38 Talon,L2J,L
AE01BF,165093,GLF4,GULFSTREAM 4,L2J,M
AE04BF,58-0123,K35R,BOEING KC-135R/T Stratotanker,L4J,H
AE07BF,63-7979,K35R,BOEING KC-135R/T Stratotanker,L4J,H
AE08BF,76-0163,BE20,BEECH 200 Super King Air,L2T,M
AE09BF,94-26553,H60,SIKORSKY UH-60 Black Hawk,H2T,M
AE0ABF,99-26845,H60,SIKORSKY UH-60 Black Hawk,H2T,M
AE0BBF,98-26809,H60,SIKORSKY UH-60 Black Hawk,H2T,M
AE0CBF,84-24012,H60,SIKORSKY UH-60 Black Hawk,H2T,M
AE0DBF,84-23952,H60,SIKORSKY UH-60 Black Hawk,H2T,M
AE0EBF,89-26151,H60,SIKORSKY UH-60 Black Hawk,H2T,M
AE10BF,01-0196,C17,BOEING C-17 Globemaster 3,L4J,H
AE11BF,03-3693,TEX2,BEECHCRAFT T-6 Texan 2,L1T,L
AE13BF,04-3745,TEX2,BEECHCRAFT T-6 Texan 2,L1T,L
AE14BF,161061,BE9L,BEECH 90 King Air,L2T,L
AE17BF,98-0135,F15,MCDONNELL-DOUGLAS F-15 Eagle,L2J,M
AE1DBF,167835,H60,SIKORSKY UH-60 Black Hawk,H2T,M
AE1EBF,166058,TEX2,BEECHCRAFT T-6 Texan 2,L1T,L
AE1FBF,10-72176,EC45,AIRBUS HELICOPTERS EC-145,H2T,L
AE26BF,6608,AS65,AEROSPATIALE AS-365 Dauphin 2,H2T,L
AE47BF,09-20236,H60,SIKORSKY UH-60 Black Hawk,H2T,M
AE4ABF,88-0521,F16,GENERAL DYNAMICS F-16 Fighting Falcon,L1J,M
AE4EBF,168754,P8,BOEING P-8 Poseidon,L2J,M
AE4FBF,168111,H60,SIKORSKY UH-60 Black Hawk,H2T,M
AE50BF,10-20255,H60,SIKORSKY UH-60 Black Hawk,H2T,M
AE51BF,11-20391,H60,SIKORSKY UH-60 Black Hawk,H2T,M
AE52BF,10-08806,H47,BOEING-VERTOL CH-47 Chinook,H2T,M
AE56BF,13-20599,H60,SIKORSKY UH-60 Black Hawk,H2T,M
AE57BF,168859,P8,BOEING P-8 Poseidon,L2J,M
AE59BF,14-08158,H47,BOEING-VERTOL CH-47 Chinook,H2T,M
AE5ABF,15-20733,H60,SIKORSKY UH-60 Black Hawk,H2T,M
AE5BBF,15-46014,B762,BOEING 767-200,L2J,H
AE5DBF,169212,F18S,BOEING FA-18 SUPER HORNET,L2J,M
AE5EBF,162026,B06,BELL 206 JetRanger,H1T,L
AE64BF,168687,V22,BELL-BOEING V-22 Osprey,R2T,M
AE68BF,16-3020,D328,DORNIER 328,L2T,M
AE6CBF,20-03351,H64,MCDONNELL DOUGLAS AH-64 Apache,H2T,M
AE6DBF,21-03383,H64,MCDONNELL DOUGLAS AH-64 Apache,H2T,M
AE74BF,21-03420,H64,MCDONNELL DOUGLAS AH-64 Apache,H2T,M
C000BF,C-FAHI,B407,BELL 407,H1T,L
C001BF,C-FARE,B407,BELL 407,H1T,L
C002BF,C-FBBA,C208,CESSNA 208 Caravan,L1T,L
C003BF,C-FBKW,ULAC,,L0-,-
C004BF,C-FBUS,P28A,PIPER PA-28-140/150/160/180,L1P,L
C005BF,C-FCEO,AC11,NORTH AMERICAN ROCKWELL Commander 112/114,L1P,L
C006BF,C-FCOK,DA40,DIAMOND DA-40 Club Star,L1P,L
C009BF,C-FDRY,PTS2,PITTS S-2 Special,L1P,L
C00ABF,C-FEBU,BU31,BUCKER Bu-131 Jungmann,L1P,L
C00CBF,C-FEVM,AR11,AERONCA 11 Chief,L1P,L
C00DBF,C-FFFI,,,,
C00EBF,C-FFPE,C170,CESSNA 170,L1P,L
C00FBF,C-FFZA,L8,LUSCOMBE 8,L1P,L
C010BF,C-FGIW,BL17,BELLANCA 17 Viking,L1P,L
C011BF,C-FGSS,CL30,BOMBARDIER BD-100 Challenger 300,L2J,M
C012BF,C-FHCO,C170,CESSNA 170,L1P,L
C013BF,C-FHMK,C182,CESSNA 182 Skylane,L1P,L
C015BF,C-FIGC,,,,
C016BF,C-FIPY,R44,ROBINSON R-44 Raven,H1P,L
C017BF,C-FIZU,,,,
C018BF,C-FJJQ,GYRO,,G0-,-
C019BF,C-FJTM,,,,
C01ABF,C-FKDI,PA44,PIPER PA-44 Seminole,L2P,L
C01BBF,C-FKNE,C180,CESSNA  180 Skywagon,L1P,L
C01DBF,C-FLGW,DH8D,DE HAVILLAND DHC-8-400 Dash 8,L2T,M
C01EBF,C-FLQS,PA24,PIPER PA-24 Comanche,L1P,L
C01FBF,C-FMAO,PC12,PILATUS PC-12,L1T,L
C021BF,C-FMUG,J3,PIPER J-3 Cub,L1P,L
C022BF,C-FNEC,DA40,DIAMOND DA-40 Club Star,L1P,L
C023BF,C-FNNY,C170,CESSNA 170,L1P,L
C026BF,C-FORM,ULAC,,L0-,-
C027BF,C-FPBI,PA30,PIPER PA-30 Twin Comanche,L2P,L
C029BF,C-FPVA,ULAC,,L0-,-
C02CBF,C-FQYO,C172,CESSNA 172 Skyhawk,L1P,L
C02DBF,C-FRIK,AEST,AEROSTAR 600,L2P,L
C02EBF,C-FRSG,C182,CESSNA 182 Skylane,L1P,L
C030BF,C-FSLY,C182,CESSNA 182 Skylane,L1P,L
C031BF,C-FSVU,P28A,PIPER PA-28-140/150/160/180,L1P,L
C033BF,C-FTPM,HURI,HAWKER Hurricane,L1P,L
C034BF,C-FTZI,BE23,BEECH 23 Sundowner,L1P,L
C035BF,C-FUJE,E75S,EMBRAER ERJ-170-200 (short wing),L2J,M
C036BF,C-FUTA,C150,CESSNA 150,L1P,L
C037BF,C-FVCW,AA5,AMERICAN AA-5 Tiger,L1P,L
C038BF,C-FVMS,PA31,PIPER PA-31-300/310/325/350/425,L2P,L
C039BF,C-FVWO,C150,CESSNA 150,L1P,L
C03ABF,C-FWGK,P28A,PIPER PA-28-140/150/160/180,L1P,L
C03BBF,C-FWQG,C150,CESSNA 150,L1P,L
C03CBF,C-FXAC,C180,CESSNA  180 Skywagon,L1P,L
C03DBF,C-FXJY,PA24,PIPER PA-24 Comanche,L1P,L
C040BF,C-FYNM,PA18,PIPER PA-18 Super Cub,L1P,L
C041BF,C-FYXI,R44,ROBINSON R-44 Raven,H1P,L
C042BF,C-FZHE,P28A,PIPER PA-28-140/150/160/180,L1P,L
C043BF,C-FZRA,R44,ROBINSON R-44 Raven,H1P,L
C044BF,C-GAAW,ZZZZ,,-0-,-
C045BF,C-GAKS,C150,CESSNA 150,L1P,L
C046BF,C-GAUO,PA18,PIPER PA-18 Super Cub,L1P,L
C047BF,C-GBEK,GLID,,L0-,-
C048BF,C-GBOG,NDAC,NORMAND DUBE Aerocruiser,L1P,L
C049BF,C-GBYC,SA75,STOLP SA-750 Acroduster Too,L1P,L
C04BBF,C-GCRU,B429,BELL 429 GlobalRanger,H2T,L
C04DBF,C-GDLM,PA38,PIPER PA-38 Tomahawk,L1P,L
C04EBF,C-GDVI,,,,
C050BF,C-GEPA,B407,BELL 407,H1T,L
C051BF,C-GEYW,C150,CESSNA 150,L1P,L
C052BF,C-GFIS,,,,
C053BF,C-GFSO,B06,BELL 206 JetRanger,H1T,L
C054BF,C-GGCK,,,,
C056BF,C-GGWC,CH7B,BELLANCA 7 Citabria,L1P,L
C058BF,C-GHPU,B788,BOEING 787-8 Dreamliner,L2J,H
C05ABF,C-GIJM,BALL,,B0-,-
C05BBF,C-GITI,C206,CESSNA  206 Stationair,L1P,L
C05CBF,C-GJDE,DHC6,DE HAVILLAND DHC-6 Twin Otter,L2T,L
C05DBF,C-GJNA,,,,
C05EBF,C-GJWW,,,,
C05FBF,C-GKGS,PAY3,PIPER PA-42-720 Cheyenne 3,L2T,L
C060BF,C-GKQO,E295,EMBRAER ERJ-190-400,L2J,M
C061BF,C-GLAK,LA4,LAKE LA-4/200,A1P,L
C063BF,C-GLUC,C172,CESSNA 172 Skyhawk,L1P,L
C064BF,C-GMDY,C182,CESSNA 182 Skylane,L1P,L
C065BF,C-GMNU,H500,HUGHES 500,H1T,L
C067BF,C-GNHM,BE20,BEECH 200 Super King Air,L2T,M
C068BF,C-GNRI,AA5,AMERICAN AA-5 Tiger,L1P,L
C069BF,C-GOBE,,,,
C06ABF,C-GOLA,,,,
C06BBF,C-GOUW,R44,ROBINSON R-44 Raven,H1P,L
C06CBF,C-GPES,RV10,VANS RV-10,L1P,L
C06DBF,C-GPOO,C152,CESSNA 152,L1P,L
C06EBF,C-GPYK,C182,CESSNA 182 Skylane,L1P,L
C06FBF,C-GQIG,,,,
C070BF,C-GQSC,BL8,BELLANCA 8 Decathlon,L1P,L
C071BF,C-GRBY,EC30,AIRBUS HELICOPTERS EC-130,H1T,L
C072BF,C-GRLU,C182,CESSNA 182 Skylane,L1P,L
C073BF,C-GRVQ,RV8,VANS RV-8,L1P,L
C074BF,C-GSFM,BE9L,BEECH 90 King Air,L2T,L
C076BF,C-GSZE,,,,
C077BF,C-GTJA,CRJ2,BOMBARDIER Regional Jet CRJ-200,L2J,M
C079BF,C-GUCS,C172,CESSNA 172 Skyhawk,L1P,L
C07BBF,C-GUWK,C172,CESSNA 172 Skyhawk,L1P,L
C07CBF,C-GVGG,BE56,BEECH 56 Turbo Baron,L2P,L
C07EBF,C-GVZY,C172,CESSNA 172 Skyhawk,L1P,L
C07FBF,C-GWJU,B736,BOEING 737-600,L2J,M
C080BF,C-GWTQ,AS50,AEROSPATIALE AS-350 Ecureuil,H1T,L
C081BF,C-GXDM,,,,
C082BF,C-GXNI,BE23,BEECH 23 Sundowner,L1P,L
C083BF,C-GXXE,M20P,MOONEY M-20,L1P,L
C084BF,C-GYHA,C172,CESSNA 172 Skyhawk,L1P,L
C086BF,C-GZAS,C25A,CESSNA 525A Citation CJ2,L2J,L
C088BF,C-GZUK,R22,ROBINSON R-22 Mariner,H1P,L
C089BF,C-IAEG,VP2,EVANS Volksplane,L1P,L
C08ABF,C-IAOC,ULAC,,L0-,-
C08BBF,C-IAXY,,,,
C08DBF,C-IBRQ,CHIN,ASAP Chinook,L1P,L
C090BF,C-ICVE,,,,
C091BF,C-IDFA,BEVR,ASAP Beaver,L1P,L
C092BF,C-IDOW,ULAC,,L0-,-
C093BF,C-IDYS,ULAC,,L0-,-
C094BF,C-IEIO,BEVR,ASAP Beaver,L1P,L
C095BF,C-IESK,ULAC,,L0-,-
C096BF,C-IFCG,PARA,,P0-,-
C097BF,C-IFMC,ULAC,,L0-,-
C099BF,C-IGFU,,,,
C09ABF,C-IGPQ,BEVR,ASAP Beaver,L1P,L
C09BBF,C-IGZM,ULAC,,L0-,-
C09DBF,C-IHTE,PARA,,P0-,-
C09FBF,C-IIMW,,,,
C0A3BF,C-IKAG,,,,
C0A5BF,C-IKTY,PARA,,P0-,-
C0A7BF,C-ILNQ,PARA,,P0-,-
C0A8BF,C-ILXM,,,,
C0ADBF,C-INUS,ULAC,,L0-,-
C0B1BF,C-IPIC,ULAC,,L0-,-
C0B8BF,C-IRZA,ULAC,,L0-,-
C1E9BF,SERV,SERV,,V0-,-
C802BF,ZK-DGG,P28A,PIPER PA-28-140/150/160/180,L1P,L
C808BF,ZK-GSA,GLID,,L0-,-
C80EBF,ZK-HGO,AS50,AEROSPATIALE AS-350 Ecureuil,H1T,L
C812BF,ZK-BOG,FU24,FLETCHER FU-24,L1P,L
C816BF,ZK-OJD,A320,AIRBUS A-320,L2J,M
C818BF,ZK-REM,ULAC,,L0-,-
C81ABF,ZK-IRV,R22,ROBINSON R-22 Mariner,H1P,L
C81CBF,ZK-HRD,R22,ROBINSON R-22 Mariner,H1P,L
C81DBF,ZK-PAC,CAMP,GREGA GN-1 Aircamper,L1P,L
C81EBF,ZK-IBQ,AS50,AEROSPATIALE AS-350 Ecureuil,H1T,L
C820BF,ZK-GYK,DISC,SCHEMPP-HIRTH Discus,L1P,L
C821BF,ZK-ISP,EC30,AIRBUS HELICOPTERS EC-130,H1T,L
C827BF,ZK-SVG,SVNH,AEROTEC Savannah,L1P,L
C829BF,ZK-FXM,B734,BOEING 737-400,L2J,M
E200BF,LV-S118,ASTO,TECNAM Astore,L1P,L
E47FBF,PR-XIB,BE9L,BEECH 90 King Air,L2T,L
E480BF,PP-III,A109,AGUSTA AW-109 Grand,H2T,L
E486BF,PR-AYI,E190,EMBRAER ERJ-190-100,L2J,M
E487BF,PT-MEN,C208,CESSNA 208 Caravan,L1T,L
E489BF,PP-NIV,E50P,EMBRAER EMB-500 Phenom 100,L2J,L
E48DBF,PP-OCC,BE36,BEECH 36 Bonanza,L1P,L
E48FBF,PR-ONZ,A320,AIRBUS A-320,L2J,M
E496BF,PS-AME,EA50,ECLIPSE 550,L2J,L
E8CFBF,329,C27J,ALENIA C-27J Spartan,L2T,M
