008BC7,ZS-ELI,LJ55,LEARJET 55,L2J,M
008EC7,ZS-FOW,P28B,PIPER PA-28-201T/235/236,L1P,L
0091C7,ZS-GSK,GLID,,L0-,-
009DC7,ZS-LGO,P28U,PIPER PA-28RT-201T Turbo,L1P,L
00A4C7,ZS-NXM,DV20,DIAMOND DA-20,L1P,L
00AEC7,ZS-RRY,R66,ROBINSON R-66,H1T,L
00DEC7,ZU-CAT,SVNH,AEROTEC Savannah,L1P,L
00DFC7,ZU-ADS,SLG4,AIRPLANE FACTORY Sling 4,L1P,L
0100C7,SU-CBJ,DH8C,DE HAVILLAND DHC-8-300 Dash 8,L2T,M
0200C7,CN-BTV,TEX2,BEECHCRAFT T-6 Texan 2,L1T,L
02A1C7,TS-IOH,B735,BOEING 737-500,L2J,M
0642C7,5N-BZV,E145,EMBRAER ERJ-145,L2J,M
06A1C7,A7-CGB,GLF6,GULFSTREAM G650,L2J,M
06A2C7,A7-BEX,B77W,BOEING 777-300ER,L2J,H
0AC3C7,HK-5165G,C172,CESSNA 172 Skyhawk,L1P,L
0AC9C7,ARC213,B412,BELL 412,H2T,L
0ACAC7,PNC0271,AT45,ATR-42-500,L2T,M
0C40C7,HI1033,CRJ2,BOMBARDIER Regional Jet CRJ-200,L2J,M
0D02C7,XA-TYD,BE40,BEECH 400 Beechjet,L2J,M
0D05C7,XA-RET,GLF5,GULFSTREAM 5,L2J,M
0D09C7,XA-VAZ,A320,AIRBUS A-320,L2J,M
0D0AC7,XA-MXJ,CL60,BOMBARDIER CL-600 Challenger,L2J,M
0D0DC7,XB-UAD,LJ31,LEARJET 31,L2J,M
0D0EC7,XA-RBS,GL7T,BOMBARDIER BD-700 Global 7000/7500,L2J,M
0D81C7,YV2964,E190,EMBRAER ERJ-190-100,L2J,M
1407C7,RA-01991,A139,AGUSTA AW-139,H2T,L
140FC7,RA-04039,EC20,AIRBUS HELICOPTERS EC-120,H1T,L
142DC7,RA-11719,,,,
1501C7,RF-95951,,,,
151DC7,RA-73159,A333,AIRBUS A-330-300,L2J,H
151EC7,RA-73415,A321,AIRBUS A-321,L2J,M
151FC7,RA-73671,B738,BOEING 737-800,L2J,M
152BC7,RA-76743,,,,
1533C7,RF-78791,IL76,ILYUSHIN Il-76/82,L4J,H
155BC7,RA-89031,SU95,SUKHOI Superjet 100-95,L2J,M
3000C7,I-BIKC,A320,AIRBUS A-320,L2J,M
3004C7,I-ADVD,GLF5,GULFSTREAM 5,L2J,M
3005C7,I-VISI,BE33,BEECH 33 Bonanza,L1P,L
3008C7,I-LRSS,PC24,PILATUS PC-24,L2J,M
31DDC7,I-C786,SVNH,AEROTEC Savannah,L1P,L
31FFC7,I-8831,SIRA,TECNAM P-2002 Sierra,L1P,L
33FFC7,MM55086,M339,AERMACCHI MB-339,L1J,L
3423C7,EC-JOY,CRJ2,BOMBARDIER Regional Jet CRJ-200,L2J,M
3432C7,EC-GLJ,PA27,PIPER PA-23-250 Aztec,L2P,L
3435C7,EC-FY7,SIRA,TECNAM P-2002 Sierra,L1P,L
3444C7,EC-LZZ,A320,AIRBUS A-320,L2J,M
3453C7,EC-MQD,B412,BELL 412,H2T,L
3455C7,EC-MOE,C172,CESSNA 172 Skyhawk,L1P,L
3460C7,EC-JDP,P28A,PIPER PA-28-140/150/160/180,L1P,L
3462C7,EC-MPU,PA27,PIPER PA-23-250 Aztec,L2P,L
3532C7,T.23-08,A400,AIRBUS A-400M,L4T,H
3571C7,E.27-07,PC21,PILATUS PC-21,L1T,L
3830C7,F-BMGH,DR10,CENTRE EST Ambassadeur,L1P,L
3838C7,F-BOGH,C150,CESSNA 150,L1P,L
3924C7,F-GJGH,P28S,PIPER PA-28R-201T,L1P,L
3950C7,F-GUGH,A318,AIRBUS A-318,L2J,M
3954C7,F-GVGH,C182,CESSNA 182 Skylane,L1P,L
395CC7,F-GXGH,DR40,ROBIN DR-400,L1P,L
3980C7,F-HAGH,C525,CESSNA 525 CitationJet,L2J,L
3984C7,F-HBGH,TBM8,SOCATA TBM-850,L1T,L
398CC7,F-HDGH,DA40,DIAMOND DA-40 Club Star,L1P,L
39A5C7,F-HJOH,EVSS,EVEKTOR SportStar,L1P,L
39B9C7,F-HOOH,PA18,PIPER PA-18 Super Cub,L1P,L
39CDC7,F-HTOH,SR20,CIRRUS SR-20,L1P,L
3AAAC7,F-MEBB,NH90,NHI NH-90,H2T,M
3AABC7,5606,AS55,AEROSPATIALE AS-355 Ecureuil 2,H2T,L
3B76C7,F-RAVR,AS55,AEROSPATIALE AS-355 Ecureuil 2,H2T,L
3B77C7,128,CN35,CASA CN-235 Persuader,L2T,M
3C0AC7,D-ATCC,A321,AIRBUS A-321,L2J,M
3C17C7,D-AYAC,A21N,AIRBUS A-321neo,L2J,M
3C1CC7,D-AZXI,A321,AIRBUS A-321,L2J,M
3C4DC7,D-ACNG,CRJ9,BOMBARDIER Regional Jet CRJ-900,L2J,M
3C4EC7,D-ACVG,A333,AIRBUS A-330-300,L2J,H
3C55C7,D-AENG,A20N,AIRBUS A-320neo,L2J,M
3C65C7,D-AING,A20N,AIRBUS A-320neo,L2J,M
3C6DC7,D-AKNG,A319,AIRBUS A-319,L2J,M
3C70C7,D-ALFG,B77L,BOEING 777-200LR,L2J,H
3C86C7,D-BAVG,C750,CESSNA 750 Citation 10,L2J,M
3C9AC7,D-BFVG,TWR,,T0-,-
3D04C7,D-EABF,TAMP,SOCATA TB-9 Tampico,L1P,L
3D05C7,D-EALB,CH7A,BELLANCA 7 Champion,L1P,L
3D07C7,D-EBET,PA11,PIPER PA-11 Cub Special,L1P,L
3D0BC7,D-ECSD,C150,CESSNA 150,L1P,L
3D0CC7,D-EDBZ,C182,CESSNA 182 Skylane,L1P,L
3D0DC7,D-EDLV,C172,CESSNA 172 Skyhawk,L1P,L
3D0FC7,D-EEFN,M20P,MOONEY M-20,L1P,L
3D10C7,D-EEPJ,DO27,DORNIER Do-27,L1P,L
3D12C7,D-EFJB,SL1,STAR-LITE SL-1 Star-Lite,L1P,L
3D14C7,D-EGCT,C152,CESSNA 152,L1P,L
3D15C7,D-EGMP,SR22,CIRRUS SR-22,L1P,L
3D1BC7,D-EITR,DR40,ROBIN DR-400,L1P,L
3D1FC7,D-EKHB,M20P,MOONEY M-20,L1P,L
3D21C7,D-ELAT,FDCT,FLIGHT DESIGN CT,L1P,L
3D25C7,D-EMOD,AC11,NORTH AMERICAN ROCKWELL Commander 112/114,L1P,L
3D26C7,D-EMXZ,F260,AERMACCHI SF-260,L1P,L
3D27C7,D-ENHV,DR40,ROBIN DR-400,L1P,L
3D29C7,D-EOBN,SUBA,FUJI FA-200 Aero Subaru,L1P,L
3D3CC7,D-EVGP,BE33,BEECH 33 Bonanza,L1P,L
3D46C7,D-EZBB,A210,AQUILA A-210,L1P,L
3D48C7,D-EZUT,SR22,CIRRUS SR-22,L1P,L
3D7AC7,D-FSTB,TBM8,SOCATA TBM-850,L1T,L
3D7CC7,D-FTMT,PC12,PILATUS PC-12,L1T,L
3DD3C7,D-HALJ,R44,ROBINSON R-44 Raven,H1P,L
3DD4C7,D-HAVF,G2CA,GUIMBAL G-2 Cabri,H1P,L
3DF7C7,D-HOBV,A109,AGUSTA AW-109 Grand,H2T,L
3DFDC7,D-HQIX,AS50,AEROSPATIALE AS-350 Ecureuil,H1T,L
3E23C7,D-IETB,PRM1,RAYTHEON 390 Premier 1,L2J,L
3E3FC7,D-IPIT,DA62,DIAMOND DA-62,L2P,L
3E5DC7,D-KASD,DIMO,DIAMOND H-36 Dimona,L1P,L
3E5EC7,D-KBBZ,GLID,,L0-,-
3E66C7,D-KECT,GLID,,L0-,-
3E75C7,D-KJUL,G109,GROB G-109,L1P,L
3E76C7,D-KKEH,SF25,SCHEIBE SF-25 Falke,L1P,L
3EC2C7,D-KOSL,GLID,,L0-,-
3EC3C7,D-KPCH,GLID,,L0-,-
3ECBC7,D-KSDB,G103,GROB G-103 Twin 3SL,L1P,L
3ED9C7,D-KXKX,DG80,DG FLUGZEUGBAU DG-800,L1P,L
3EE1C7,D-0304,GLID,,L0-,-
3EE3C7,D-0816,GLID,,L0-,-
3EF0C7,D-4144,GLID,,L0-,-
3EF3C7,D-4912,GLID,,L0-,-
3EF8C7,D-6192,GLID,,L0-,-
3EFAC7,D-6704,PK20,PIK 20E,L1P,L
3EFBC7,D-6960,GLID,,L0-,-
3F02C7,D-8752,GLID,,L0-,-
3FEBC7,D-MOSE,FK9,B&F TECHNIK FK-9,L1P,L
3FECC7,D-MRLD,FDCT,FLIGHT DESIGN CT,L1P,L
3FEEC7,D-MGWC,MT,ROTORSPORT MTOSport,G1P,L
3FEFC7,D-MFKT,FK14,B&F TECHNIK FK-14 Polaris,L1P,L
3FF1C7,D-MPKH,MCR1,COLOMBAN Ban-Bi,L1P,L
3FF2C7,D-MASO,ULAC,,L0-,-
3FF3C7,D-MOSR,WT9,AEROSPOOL WT-9 Dynamic,L1P,L
3FF4C7,D-MOAI,GOLF,TECNAM P-96 Golf,L1P,L
3FF5C7,D-MNPM,TL20,TL ULTRALIGHT TL-2000 Sting,L1P,L
3FF6C7,D-MQPG,C42,IKARUS C-42 Bison,L1P,L
4004C7,G-BNLY,B744,BOEING 747-400,L4J,H
4006C7,G-BZHB,B763,BOEING 767-300,L2J,H
4009C7,G-EUUJ,A320,AIRBUS A-320,L2J,M
400BC7,G-GAVA,JS31,BRITISH AEROSPACE Jetstream T.Mk.3,L2T,M
400DC7,G-OLFT,AC11,NORTH AMERICAN ROCKWELL Commander 112/114,L1P,L
400EC7,G-BYUC,G115,GROB G-115,L1P,L
4011C7,G-EMMM,DA40,DIAMOND DA-40 Club Star,L1P,L
4013C7,G-AFCL,ZZZZ,,-0-,-
4014C7,G-AOSY,DHC1,DE HAVILLAND DHC-1 Chipmunk,L1P,L
4015C7,G-ASJL,BE35,BEECH 35 Starfire Bonanza,L1P,L
4016C7,G-AVEF,D150,JODEL D-150 Mascaret,L1P,L
4017C7,G-AWSN,D6CR,DRUINE D-62 Condor,L1P,L
4018C7,G-AYLC,DR10,CENTRE EST Ambassadeur,L1P,L
4019C7,G-BAEN,DR40,ROBIN DR-400,L1P,L
401CC7,G-BFAK,RALL,SOCATA Rallye,L1P,L
401EC7,G-BIBS,BALL,,B0-,-
4020C7,G-BLGV,B06,BELL 206 JetRanger,H1T,L
4021C7,G-FLEA,TOBA,SOCATA Tobago,L1P,L
4022C7,G-RATE,AA5,AMERICAN AA-5 Tiger,L1P,L
4023C7,G-MJBL,ULAC,,L0-,-
4028C7,G-BNID,C152,CESSNA 152,L1P,L
4029C7,G-MTON,ULAC,,L0-,-
4030C7,G-MWEO,ULAC,,L0-,-
4032C7,G-ONKA,ZZZZ,,-0-,-
4033C7,G-BTGI,SKYR,REARWIN Skyranger,L1P,L
4039C7,G-BVVG,CJ6,NANCHANG CJ-6,L1P,L
403FC7,G-MZMJ,ULAC,,L0-,-
4041C7,G-BYMJ,C152,CESSNA 152,L1P,L
4043C7,G-BZJB,YK52,YAKOVLEV Yak-52,L1P,L
4049C7,G-CCJM,ULAC,,L0-,-
4050C7,G-CEFZ,EV97,EVEKTRO EV-97 EuroStar,L1P,L
4052C7,G-CETN,ULAC,,L0-,-
4058C7,G-ZAAP,CRUZ,CSA PS-28 Cruiser,L1P,L
405BC7,G-DEAE,GLID,,L0-,-
405CC7,G-DBOL,GLID,,L0-,-
405DC7,G-CFKU,ULAC,,L0-,-
4062C7,G-JFLY,GLID,,L0-,-
4066C7,G-CHDM,ULAC,,L0-,-
4069C7,G-OTJT,GLID,,L0-,-
406AC7,G-GPSX,G115,GROB G-115,L1P,L
406BC7,G-CSHB,CRUZ,CSA PS-28 Cruiser,L1P,L
406CC7,G-IFOS,BALL,,B0-,-
406DC7,G-BSEH,BALL,,B0-,-
406EC7,G-XLEL,A388,AIRBUS A-380-800,L4J,H
406FC7,G-CIWE,BALL,,B0-,-
4071C7,G-CLBA,B744,BOEING 747-400,L4J,H
4072C7,G-UZHA,A20N,AIRBUS A-320neo,L2J,M
4074C7,G-CKTX,RV7,VANS RV-7,L1P,L
4075C7,G-CKZZ,MM16,MAGNI M-16 Tandem Trainer,G1P,L
4076C7,G-BTML,BALL,,B0-,-
4077C7,G-GSAS,EC45,AIRBUS HELICOPTERS EC-145,H2T,L
4079C7,G-CLLR,P28A,PIPER PA-28-140/150/160/180,L1P,L
4243C7,VQ-BVI,DH8C,DE HAVILLAND DHC-8-300 Dash 8,L2T,M
4244C7,VQ-BCU,A333,AIRBUS A-330-300,L2J,H
4247C7,VP-CHX,FA8X,DASSAULT Falcon 8X,L3J,M
43C4C7,ZD984,H47,BOEING-VERTOL CH-47 Chinook,H2T,M
43C6C7,ZZ415,LYNX,AGUSTAWESTLAND AW-159 Super Lynx,H2T,L
43C8C7,ZM320,G12T,GROB G-120TP,L1T,L
43EEC7,2-DOGZ,DA62,DIAMOND DA-62,L2P,L
4400C7,OE-IDM,F900,DASSAULT Falcon 900,L3J,M
4402C7,OE-FTF,DA42,DIAMOND DA-42 Guardian,L2P,L
4405C7,OE-DGH,C172,CESSNA 172 Skyhawk,L1P,L
4406C7,OE-IKG,A319,AIRBUS A-319,L2J,M
4408C7,OE-XGG,R66,ROBINSON R-66,H1T,L
4409C7,OE-5520,GLID,,L0-,-
440BC7,OE-LNK,B752,BOEING 757-200,L2J,M
440CC7,OE-IBP,A359,AIRBUS A-350-900,L2J,H
447AC7,TWR,TWR,,T0-,-
448CC7,OO-CFG,DA42,DIAMOND DA-42 Guardian,L2P,L
4491C7,OO-DNG,TWEN,TECNAM Twenty-Ten,L1P,L
4499C7,OO-FNG,C208,CESSNA 208 Caravan,L1T,L
44A3C7,OO-H11,FK9,B&F TECHNIK FK-9,L1P,L
44CCC7,OO-SFG,A333,AIRBUS A-330-300,L2J,H
44CEC7,OO-SVG,SV4,NORD SV-4,L1P,L
4585C7,OY-ANG,C172,CESSNA 172 Skyhawk,L1P,L
45CAC7,OY-RVG,RV6,VANS RV-6,L1P,L
4606C7,OH-COT,C172,CESSNA 172 Skyhawk,L1P,L
4612C7,OH-HCX,EC30,AIRBUS HELICOPTERS EC-130,H1T,L
4691C7,SX-DNG,A321,AIRBUS A-321,L2J,M
4692C7,SX-DVG,A320,AIRBUS A-320,L2J,M
46A0C7,SX-HFG,AS32,AEROSPATIALE AS-332 Super Puma,H2T,M
471FC7,HA-MAX,C340,CESSNA 340 Super,L2P,L
4785C7,LN-LTL,BE20,BEECH 200 Super King Air,L2T,M
4786C7,LN-AWF,LJ45,LEARJET 45,L2J,M
47BFC7,LN-OUH,EC35,AIRBUS HELICOPTERS EC-135/635,H2T,L
47C5C7,LN-LND,B788,BOEING 787-8 Dreamliner,L2J,H
4844C7,PH-PIM,C172,CESSNA 172 Skyhawk,L1P,L
4845C7,PH-TIG,BALL,,B0-,-
4847C7,PH-GRN,BALL,,B0-,-
4849C7,PH-1348,GLID,,L0-,-
484AC7,PH-REP,CRUZ,CSA PS-28 Cruiser,L1P,L
484BC7,PH-MBK,SUBA,FUJI FA-200 Aero Subaru,L1P,L
484CC7,PH-MWF,EUPA,Europa,L1P,L
484DC7,PH-196,GLID,,L0-,-
484FC7,PH-RLU,L5,STINSON Sentinel,L1P,L
4851C7,PH-1HO,ZZZZ,,-0-,-
4853C7,PH-1PR,ZZZZ,,-0-,-
4854C7,PH-HBJ,B738,BOEING 737-800,L2J,M
4855C7,PH-2JG,ZZZZ,,-0-,-
4856C7,PH-2QB,ZZZZ,,-0-,-
4858C7,PH-DWS,E135,EMBRAER ERJ-135,L2J,M
485EC7,PH-ZHZ,BE20,BEECH 200 Super King Air,L2T,M
489EC7,SP-HXH,EC35,AIRBUS HELICOPTERS EC-135/635,H2T,L
4910C7,CS-DFG,F2TH,DASSAULT Falcon 2000,L2J,M
4951C7,CS-TNG,A320,AIRBUS A-320,L2J,M
4952C7,CS-TVG,A20N,AIRBUS A-320neo,L2J,M
4955C7,CS-UNG,ZEPH,ATEC Zephyr,L1P,L
497CC7,UAFAP1,DRON,,D0-,-
4984C7,0484,EN48,ENSTROM TH-28,H1T,L
49C2C7,OK-MUU56,FDCT,FLIGHT DESIGN CT,L1P,L
49D0C7,OK-PCF,PC12,PILATUS PC-12,L1T,L
49D1C7,OK-JKT,TBM7,SOCATA TBM-700A/B/C,L1T,L
49D2C7,OK-CIR,SR22,CIRRUS SR-22,L1P,L
49D3C7,OK-IDS,B505,BELL 505 JetRanger X,H1T,L
4A05C7,YR-ANG,C72R,CESSNA 172R Cutlass RG,L1P,L
4A35C7,YR-MNG,EC35,AIRBUS HELICOPTERS EC-135/635,H2T,L
4A95C7,SE-ENG,JUNR,BOLKOW BO-208 Junior,L1P,L
4AAAC7,SE-JVG,EC30,AIRBUS HELICOPTERS EC-130,H1T,L
4AADC7,SE-KNG,M20T,MOONEY M-20T,L1P,L
4AB2C7,SE-LVG,P28R,PIPER PA-28R-180/200/201,L1P,L
4AD6C7,SE-UVG,GLID,,L0-,-
4ADAC7,SE-VVG,ULAC,,L0-,-
4AE2C7,SE-XVG,GLST,GLASAIR SH-4 GlaStar,L1P,L
4B02C7,HB-BBJ,BALL,,B0-,-
4B03C7,HB-BLF,BALL,,B0-,-
4B04C7,HB-BVB,BALL,,B0-,-
4B07C7,HB-CYP,C152,CESSNA 152,L1P,L
4B08C7,HB-DIL,M20P,MOONEY M-20,L1P,L
4B14C7,HB-HWP,PC21,PILATUS PC-21,L1T,L
4B1EC7,HB-LRB,DHC6,DE HAVILLAND DHC-6 Twin Otter,L2T,L
4B26C7,HB-ORV,PA18,PIPER PA-18 Super Cub,L1P,L
4B2BC7,HB-QPB,BALL,,B0-,-
4B2FC7,HB-SCL,DV20,DIAMOND DA-20,L1P,L
4B39C7,HB-VWX,C510,CESSNA 510 Citation Mustang,L2J,L
4B3FC7,HB-YDZ,LGEZ,RUTAN Long-EZ,L1P,L
4B40C7,HB-YNV,ZZZZ,,-0-,-
4B43C7,HB-ZRJ,AS50,AEROSPATIALE AS-350 Ecureuil,H1T,L
4B4AC7,HB-1568,GLID,,L0-,-
4B4BC7,HB-1824,GLID,,L0-,-
4B4DC7,HB-2336,DG80,DG FLUGZEUGBAU DG-800,L1P,L
4B51C7,HB-3360,GLID,,L0-,-
4B7FC7,T-363,EC35,AIRBUS HELICOPTERS EC-135/635,H2T,L
4BA8C7,TC-JFG,B738,BOEING 737-800,L2J,M
4BAAC7,TC-JVG,B738,BOEING 737-800,L2J,M
4BB1C7,TC-LNG,A333,AIRBUS A-330-300,L2J,H
4BCDC7,TC-SNG,B738,BOEING 737-800,L2J,M
4BEAC7,TC-ZVG,PA25,PIPER PA-25 Pawnee,L1P,L
4C1DC7,YU-HOH,S76,SIKORSKY S-76 Spirit,H2T,L
4CA5C7,EI-DUZ,A333,AIRBUS A-330-300,L2J,H
4CA6C7,EI-FSA,TL30,TL ULTRALIGHT TL-3000 Sirius,L1P,L
4CA7C7,EI-SAC,C172,CESSNA 172 Skyhawk,L1P,L
4CAAC7,EI-EZU,C172,CESSNA 172 Skyhawk,L1P,L
4CABC7,EI-GUR,AT76,ATR-72-600,L2T,M
4D02C7,LX-PCF,PC24,PILATUS PC-24,L2J,M
4D20C7,9H-VFA,CL60,BOMBARDIER CL-600 Challenger,L2J,M
4D21C7,9H-GRC,FA8X,DASSAULT Falcon 8X,L3J,M
4D22C7,9H-LOP,A320,AIRBUS A-320,L2J,M
502CC7,YL-CSB,BCS3,AIRBUS A220-300,L2J,M
505DC7,OM-ENG,AS50,AEROSPATIALE AS-350 Ecureuil,H1T,L
506DC7,S5-DHM,P28A,PIPER PA-28-140/150/160/180,L1P,L
506EC7,S5-MMI,CRUZ,CSA PS-28 Cruiser,L1P,L
5080C7,UP-Y4036,YK40,YAKOVLEV Yak-40,L3J,M
5083C7,UR-EXN,ZZZZ,,-0-,-
5100C7,EW-484TI,AN12,ANTONOV An-12,L4T,M
5110C7,ES-LSG,SF34,SAAB 340,L2T,M
600BC7,4K-JJ888,GLF5,GULFSTREAM 5,L2J,M
70C0C7,A4O-BW,B738,BOEING 737-800,L2J,M
717CC7,HZ-NS55,A20N,AIRBUS A-320neo,L2J,M
7335C7,EP-MNG,A306,AIRBUS A-300-600,L2J,H
7380C7,4X-EDI,B789,BOEING 787-9 Dreamliner,L2J,H
7394C7,4X-CHP,C72R,CESSNA 172R Cutlass RG,L1P,L
7504C7,9M-PMF,A139,AGUSTA AW-139,H2T,L
7609C7,AP-BNG,A332,AIRBUS A-330-200,L2J,H
76BCC7,9V-OFG,B788,BOEING 787-8 Dreamliner,L2J,H
76CEC7,9V-SVG,B772,BOEING 777-200,L2J,H
76E4C7,9V-YFG,DA40,DIAMOND DA-40 Club Star,L1P,L
7801C7,B-LAB,A333,AIRBUS A-330-300,L2J,H
7804C7,B-2072,B77L,BOEING 777-200LR,L2J,H
7806C7,B-5490,B738,BOEING 737-800,L2J,M
7808C7,B-6919,A321,AIRBUS A-321,L2J,M
7809C7,B-9708,DA40,DIAMOND DA-40 Club Star,L1P,L
780AC7,B-LGA,A359,AIRBUS A-350-900,L2J,H
780BC7,B-1911,B738,BOEING 737-800,L2J,M
780DC7,B-1670,A320,AIRBUS A-320,L2J,M
780EC7,B-8187,A321,AIRBUS A-321,L2J,M
780FC7,B-8548,A321,AIRBUS A-321,L2J,M
7810C7,B-8659,A332,AIRBUS A-330-200,L2J,H
7815C7,B-105R,PA44,PIPER PA-44 Seminole,L2P,L
7817C7,B-106J,PC12,PILATUS PC-12,L1T,L
7818C7,B-20EA,B38M,BOEING 737 MAX 8,L2J,M
781BC7,B-128Z,SR20,CIRRUS SR-20,L1P,L
7C00C7,VH-AFT,AIGT,AUSTER J-5 Aiglet Trainer,L1P,L
7C01C7,VH-AMX,TOUR,MILLICER Airtourer,L1P,L
7C17C7,VH-EZD,BE58,BEECH 58 Baron,L2P,L
7C19C7,VH-FDL,BE20,BEECH 200 Super King Air,L2T,M
7C29C7,VH-IJD,P28A,PIPER PA-28-140/150/160/180,L1P,L
7C2EC7,VH-JIX,C72R,CESSNA 172R Cutlass RG,L1P,L
7C32C7,VH-KBD,P28T,PIPER PA-28RT-201,L1P,L
7C34C7,VH-KPL,C72R,CESSNA 172R Cutlass RG,L1P,L
7C35C7,VH-KWP,AEST,AEROSTAR 600,L2P,L
7C3CC7,VH-MAH,GA8,GIPPSAERO GA-8 Airvan,L1P,L
7C3EC7,VH-MOP,M20P,MOONEY M-20,L1P,L
7C44C7,VH-NVD,C172,CESSNA 172 Skyhawk,L1P,L
7C48C7,VH-ONT,B06,BELL 206 JetRanger,H1T,L
7C4DC7,VH-PND,GLAS,Glasair,L1P,L
7C56C7,VH-RFD,C180,CESSNA  180 Skywagon,L1P,L
7C61C7,VH-TLL,P46T,PIPER PA-46-500TP,L1T,L
7C62C7,VH-TSP,C172,CESSNA 172 Skyhawk,L1P,L
7C68C7,VH-UZD,E190,EMBRAER ERJ-190-100,L2J,M
7C72C7,VH-WYH,EC30,AIRBUS HELICOPTERS EC-130,H1T,L
7C7BC7,VH-YQH,B738,BOEING 737-800,L2J,M
7CC3C7,24-8618,AP22,AEROPRACT A-22,L1P,L
7CC4C7,23-2233,ALTO,DIRECT FLY Alto,L1P,L
8001C7,VT-JSS,C56X,CESSNA 560XL Citation XLS,L2J,M
8002C7,IN236,D228,DORNIER 228,L2T,L
8004C7,VT-IOO,PC12,PILATUS PC-12,L1T,L
800BC7,VT-SLF,B738,BOEING 737-800,L2J,M
800CC7,VT-EXN,A20N,AIRBUS A-320neo,L2J,M
8013C7,VT-ATC,P06T,TECNAM P-2006T,L2P,L
8405C7,JA01KH,P46T,PIPER PA-46-500TP,L1T,L
845AC7,JA107H,C172,CESSNA 172 Skyhawk,L1P,L
8466C7,JA13KZ,B748,BOEING 747-8,L4J,H
84B3C7,JA201M,P28U,PIPER PA-28RT-201T Turbo,L1P,L
84B8C7,JA21DH,AS65,AEROSPATIALE AS-365 Dauphin 2,H2T,L
881BC7,B.F21-1/63,DA40,DIAMOND DA-40 Club Star,L1P,L
8822C7,HS-HVG,S76,SIKORSKY S-76 Spirit,H2T,L
8881C7,VN-A812,A333,AIRBUS A-330-300,L2J,H
8940C7,A9C-JNC,B738,BOEING 737-800,L2J,M
8953C7,V8-MHB,B762,BOEING 767-200,L2J,H
8963C7,A6-LRE,B772,BOEING 777-200,L2J,H
8964C7,A6-HAS,E35L,EMBRAER EMB-135 Legacy,L2J,M
8965C7,A6-MPC,EC45,AIRBUS HELICOPTERS EC-145,H2T,L
8980C7,P2-MLJ,B214,BELL 214,H1T,M
8990C7,B-16340,A333,AIRBUS A-330-300,L2J,H
8A03C7,PK-GFV,B738,BOEING 737-800,L2J,M
8A07C7,PK-RJI,E145,EMBRAER ERJ-145,L2J,M
8A08C7,PK-SJU,A320,AIRBUS A-320,L2J,M
A000C7,N1HX,BE20,BEECH 200 Super King Air,L2T,M
A001C7,N1UC,BE9L,BEECH 90 King Air,L2T,L
A002C7,N10EH,CL35,BOMBARDIER BD-100 Challenger 350,L2J,M
A005C7,N100M,C172,CESSNA 172 Skyhawk,L1P,L
A00AC7,N1010D,C195,CESSNA 195,L1P,L
A00BC7,N1017Q,COY2,RANS Coyote 2,L1P,L
A00DC7,N102SW,R66,ROBINSON R-66,H1T,L
A00EC7,N1022G,C525,CESSNA 525 CitationJet,L2J,L
A011C7,N103VU,EC45,AIRBUS HELICOPTERS EC-145,H2T,L
A012C7,N1034K,L8,LUSCOMBE 8,L1P,L
A017C7,N105FC,C425,CESSNA 425 Corsair,L2T,L
A018C7,N105RJ,HUSK,CHRISTEN Husky,L1P,L
A019C7,N1051E,CH7B,BELLANCA 7 Citabria,L1P,L
A01AC7,N1058R,BE58,BEECH 58 Baron,L2P,L
A01DC7,N1063H,P32R,PIPER PA-32R-300/301/301T,L1P,L
A021C7,N1075L,LA4,LAKE LA-4/200,A1P,L
A026C7,N109GP,P28A,PIPER PA-28-140/150/160/180,L1P,L
A02DC7,N110SD,UH1,BELL UH-1 Huey,H1T,L
A02FC7,N1109A,PA18,PIPER PA-18 Super Cub,L1P,L
A030C7,N111JW,PA11,PIPER PA-11 Cub Special,L1P,L
A032C7,N11133,C82R,CESSNA R182 Skylane RG,L1P,L
A035C7,N112Y,RV9,VANS RV-9,L1P,L
A036C7,N11256,WACF,WACO F,L1P,L
A038C7,N113QS,GL5T,BOMBARDIER BD-700 Global 5000/5500,L2J,M
A03AC7,N11379,C206,CESSNA  206 Stationair,L1P,L
A03DC7,N11421,BE36,BEECH 36 Bonanza,L1P,L
A03EC7,N115AA,AT6T,AIR TRACTOR AT-602,L1T,L
A041C7,N11544,E145,EMBRAER ERJ-145,L2J,M
A045C7,N11667,CH7A,BELLANCA 7 Champion,L1P,L
A047C7,N117SC,P28R,PIPER PA-28R-180/200/201,L1P,L
A04AC7,N118JV,P46T,PIPER PA-46-500TP,L1T,L
A04BC7,N118VA,OSCR,PARTENAVIA Oscar Charlie,L1P,L
A04CC7,N11832,,,,
A04EC7,N119MT,EC35,AIRBUS HELICOPTERS EC-135/635,H2T,L
A051C7,N12EK,ST75,STEARMAN Kaydet,L1P,L
A052C7,N12QR,HUSK,CHRISTEN Husky,L1P,L
A054C7,N120MB,RV14,VANS RV-14,L1P,L
A056C7,N1205P,J3,PIPER J-3 Cub,L1P,L
A057C7,N121DU,BCS1,AIRBUS A220-100,L2J,M
A05BC7,N122GS,BE18,BEECH 18 Expetitor,L2P,L
A05CC7,N122SY,E75L,EMBRAER ERJ-170-200 (long wing),L2J,M
A05EC7,N1229V,COL4,CESSNA 400 Corvalis TT,L1P,L
A061C7,N1234M,M20P,MOONEY M-20,L1P,L
A062C7,N124CG,AS24,SCHLEICHER ASW-24,L1P,L
A066C7,N125FE,B763,BOEING 767-300,L2J,H
A067C7,N125RL,S22T,CIRRUS SR-22T Turbo,L1P,L
A06AC7,N126JC,C182,CESSNA 182 Skylane,L1P,L
A06DC7,N127AV,P28A,PIPER PA-28-140/150/160/180,L1P,L
A06EC7,N127MA,M20P,MOONEY M-20,L1P,L
A075C7,N129GR,COZY,CO-Z Cozy,L1P,L
A076C7,N129SX,SONX,SONEX AIRCRAFT Sonex,L1P,L
A077C7,N1292H,CH7A,BELLANCA 7 Champion,L1P,L
A078C7,N1299U,C172,CESSNA 172 Skyhawk,L1P,L
A07BC7,N130G,RV8,VANS RV-8,L1P,L
A07CC7,N130SF,B190,BEECH 1900,L2T,M
A081C7,N13135,DRON,,D0-,-
A085C7,N13258,C172,CESSNA 172 Skyhawk,L1P,L
A08BC7,N134TS,AEST,AEROSTAR 600,L2P,L
A08DC7,N135AC,,,,
A094C7,N13669,C177,CESSNA  177 Cardinal,L1P,L
A097C7,N13711,DC2,DOUGLAS DC-2,L2P,M
A098C7,N1379B,RV3,VANS RV-3,L1P,L
A09BC7,N13834,C172,CESSNA 172 Skyhawk,L1P,L
A09FC7,N13957,,,,
A0A0C7,N14EM,LNC2,LANCAIR 200-320,L1P,L
A0A3C7,N140MD,P28A,PIPER PA-28-140/150/160/180,L1P,L
A0A6C7,N141DW,ULAC,,L0-,-
A0A8C7,N1410H,AR15,AERONCA 15 Sedan,L1P,L
A0A9C7,N1417U,C172,CESSNA 172 Skyhawk,L1P,L
A0ABC7,N142T,PA18,PIPER PA-18 Super Cub,L1P,L
A0ACC7,N1422L,BE35,BEECH 35 Starfire Bonanza,L1P,L
A0ADC7,N1429X,P28R,PIPER PA-28R-180/200/201,L1P,L
A0B7C7,N1451J,AC11,NORTH AMERICAN ROCKWELL Commander 112/114,L1P,L
A0B8C7,N1458V,C172,CESSNA 172 Skyhawk,L1P,L
A0B9C7,N146JE,PRM1,RAYTHEON 390 Premier 1,L2J,L
A0BDC7,N147MC,C182,CESSNA 182 Skylane,L1P,L
A0C3C7,N1487T,P28A,PIPER PA-28-140/150/160/180,L1P,L
A0C9C7,N15VX,FA50,DASSAULT Falcon 50,L3J,M
A0CBC7,N150SH,C150,CESSNA 150,L1P,L
A0D0C7,N15137,PA32,PIPER PA-32,L1P,L
A0D2C7,N152MY,EXEC,ROTORWAY Exec,H1P,L
A0D7C7,N15302,P28R,PIPER PA-28R-180/200/201,L1P,L
A0DCC7,N155AE,M20P,MOONEY M-20,L1P,L
A0DEC7,N155WS,G103,GROB G-103 Twin 3SL,L1P,L
A0E0C7,N156DC,PA24,PIPER PA-24 Comanche,L1P,L
A0E3C7,N1567A,BE95,BEECH 95 Travel Air,L2P,L
A0E4C7,N157GA,ASTR,GULFSTREAM AEROSPACE Gulfstream G100,L2J,M
A0E5C7,N157SG,C340,CESSNA 340 Super,L2P,L
A0E6C7,N15713,P28A,PIPER PA-28-140/150/160/180,L1P,L
A0E8C7,N158JZ,T6,NORTH AMERICAN T-6 Texan,L1P,L
A0F1C7,N160B,B47G,BELL 47G,H1P,L
A0F4C7,N1605T,BALL,,B0-,-
A0FEC7,N163W,C170,CESSNA 170,L1P,L
A0FFC7,N1634R,AA1,AMERICAN AA-1,L1P,L
A100C7,N164CL,T6,NORTH AMERICAN T-6 Texan,L1P,L
A106C7,N1651L,PARA,,P0-,-
A107C7,N1658X,H269,HUGHES Sky Knight,H1P,L
A115C7,N1692M,C185,CESSNA 185 Skywagon,L1P,L
A117C7,N17KT,,,,
A11AC7,N170SK,C172,CESSNA 172 Skyhawk,L1P,L
A11BC7,N17016,C150,CESSNA 150,L1P,L
A11FC7,N17139,B752,BOEING 757-200,L2J,M
A121C7,N172N,C172,CESSNA 172 Skyhawk,L1P,L
A126C7,N17304,C172,CESSNA 172 Skyhawk,L1P,L
A133C7,N177GC,DHC6,DE HAVILLAND DHC-6 Twin Otter,L2T,L
A135C7,N17715,WACF,WACO F,L1P,L
A137C7,N178KA,C172,CESSNA 172 Skyhawk,L1P,L
A139C7,N17838,BE36,BEECH 36 Bonanza,L1P,L
A140C7,N180BB,C180,CESSNA  180 Skywagon,L1P,L
A141C7,N180MH,C180,CESSNA  180 Skywagon,L1P,L
A142C7,N180XP,C180,CESSNA  180 Skywagon,L1P,L
A143C7,N1805V,BE77,BEECH 77 Skipper,L1P,L
A144C7,N181E,C182,CESSNA 182 Skylane,L1P,L
A149C7,N182TD,C182,CESSNA 182 Skylane,L1P,L
A14AC7,N1822Q,C77R,CESSNA 177RG Cardinal RG,L1P,L
A14BC7,N18291,BE33,BEECH 33 Bonanza,L1P,L
A14EC7,N1834T,P28A,PIPER PA-28-140/150/160/180,L1P,L
A152C7,N1846W,BE36,BEECH 36 Bonanza,L1P,L
A153C7,N185FL,,,,
A154C7,N185RS,C185,CESSNA 185 Skywagon,L1P,L
A15AC7,N187BA,,,,
A165C7,N18990,BE23,BEECH 23 Sundowner,L1P,L
A167C7,N19WA,BN2P,BRITTEN-NORMAN BN-2 Islander,L2P,L
A16AC7,N19018,C150,CESSNA 150,L1P,L
A16EC7,N1914A,PA18,PIPER PA-18 Super Cub,L1P,L
A16FC7,N192BW,SR20,CIRRUS SR-20,L1P,L
A172C7,N1926D,BE35,BEECH 35 Starfire Bonanza,L1P,L
A174C7,N193R,C182,CESSNA 182 Skylane,L1P,L
A175C7,N19306,C150,CESSNA 150,L1P,L
A176C7,N1938G,CH70,ZENAIR CH-701 Stol,L1P,L
A177C7,N194HS,ERCO,AIR PRODUCTS F-1 Aircoupe,L1P,L
A17AC7,N195AJ,P32R,PIPER PA-32R-300/301/301T,L1P,L
A17DC7,N1955B,L8,LUSCOMBE 8,L1P,L
A183C7,N197SL,BOLT,STEEN Skybolt,L1P,L
A184C7,N19717,C172,CESSNA 172 Skyhawk,L1P,L
A18CC7,N1996C,C170,CESSNA 170,L1P,L
A18DC7,N2ET,RV12,VANS RV-12,L1P,L
A18FC7,N20BD,GALX,GULFSTREAM G200,L2J,M
A190C7,N20MK,C680,CESSNA 680 Citation Sovereign,L2J,M
A193C7,N200UB,,,,
A194C7,N2003C,TF19,TAYLORCRAFT F-19 Sportsman,L1P,L
A195C7,N201AN,M20P,MOONEY M-20,L1P,L
A196C7,N201LU,M20P,MOONEY M-20,L1P,L
A199C7,N202DL,MAGN,AVID Magnum,L1P,L
A19AC7,N202PS,CRJ2,BOMBARDIER Regional Jet CRJ-200,L2J,M
A19CC7,N2027J,A21N,AIRBUS A-321neo,L2J,M
A19FC7,N2032A,J3,PIPER J-3 Cub,L1P,L
A1A0C7,N2039M,J3,PIPER J-3 Cub,L1P,L
A1A1C7,N204KG,PA11,PIPER PA-11 Cub Special,L1P,L
A1A4C7,N205BZ,M20P,MOONEY M-20,L1P,L
A1A7C7,N2056G,,,,
A1A9C7,N206RC,T206,CESSNA T206 Turbo Stationair,L1P,L
A1AAC7,N20609,,,,
A1ABC7,N2068K,L8,LUSCOMBE 8,L1P,L
A1ACC7,N207HV,P28R,PIPER PA-28R-180/200/201,L1P,L
A1AEC7,N2073B,L8,LUSCOMBE 8,L1P,L
A1AFC7,N208AM,B407,BELL 407,H1T,L
A1B2C7,N2085E,BALL,,B0-,-
A1B3C7,N209DK,PA18,PIPER PA-18 Super Cub,L1P,L
A1B6C7,N2097H,BALL,,B0-,-
A1B8C7,N21SP,GLEX,BOMBARDIER BD-700 Global 6000/6500,L2J,M
A1B9C7,N210CU,C210,CESSNA 201 Centurion,L1P,L
A1BAC7,N210P,T210,CESSNA T210 Turbo Centurion,L1P,L
A1C1C7,N212JQ,E75L,EMBRAER ERJ-170-200 (long wing),L2J,M
A1C3C7,N2123X,DHC2,DE HAVILLAND DHC-2 Beaver,L1P,L
A1C4C7,N213BG,C182,CESSNA 182 Skylane,L1P,L
A1CCC7,N215HC,BE20,BEECH 200 Super King Air,L2T,M
A1CEC7,N2152V,C172,CESSNA 172 Skyhawk,L1P,L
A1D2C7,N2164Y,C82S,CESSNA T182 Turbo Skylane,L1P,L
A1D3C7,N217CT,S22T,CIRRUS SR-22T Turbo,L1P,L
A1D8C7,N218RX,H25B,HAWKER BEECHCRAFT Hawker 750/850,L2J,M
A1D9C7,N2181T,P28A,PIPER PA-28-140/150/160/180,L1P,L
A1DBC7,N219JP,,,,
A1DDC7,N2193W,C82T,CESSNA TR182 Turbo Skylane RG,L1P,L
A1DEC7,N22BF,CH7A,BELLANCA 7 Champion,L1P,L
A1DFC7,N22MM,P28A,PIPER PA-28-140/150/160/180,L1P,L
A1E8C7,N222DN,CRER,RANS Courier,L1P,L
A1ECC7,N223GL,CH7B,BELLANCA 7 Citabria,L1P,L
A1EFC7,N2239P,PA23,PIPER PA-23,L2P,L
A1F2C7,N2244F,C310,CESSNA 310,L2P,L
A1F3C7,N225CA,PA31,PIPER PA-31-300/310/325/350/425,L2P,L
A1F4C7,N225NG,DA40,DIAMOND DA-40 Club Star,L1P,L
A1F9C7,N2261A,PA18,PIPER PA-18 Super Cub,L1P,L
A1FAC7,N2268M,SR22,CIRRUS SR-22,L1P,L
A1FEC7,N228AP,FA7X,DASSAULT Falcon 7X,L3J,M
A1FFC7,N228LV,RV7,VANS RV-7,L1P,L
A201C7,N2285G,C182,CESSNA 182 Skylane,L1P,L
A202C7,N229DM,P28A,PIPER PA-28-140/150/160/180,L1P,L
A203C7,N229PT,L29,AERO L-29 Delfin,L1J,L
A206C7,N23GK,SREY,PROGRESSIVE AERODYNE SeaRey,A1P,L
A207C7,N23SR,RV8,VANS RV-8,L1P,L
A208C7,N230CW,,,,
A209C7,N230PB,B06,BELL 206 JetRanger,H1T,L
A20BC7,N23064,C150,CESSNA 150,L1P,L
A20CC7,N231FU,M20P,MOONEY M-20,L1P,L
A20DC7,N231S,BE35,BEECH 35 Starfire Bonanza,L1P,L
A20EC7,N2311W,BE23,BEECH 23 Sundowner,L1P,L
A20FC7,N23187,C150,CESSNA 150,L1P,L
A210C7,N232JS,C25C,CESSNA 525C Citation CJ4,L2J,M
A219C7,N2340U,T210,CESSNA T210 Turbo Centurion,L1P,L
A21DC7,N2352X,PA36,PIPER PA-36 Pawnee Brave,L1P,L
A21FC7,N236LC,B412,BELL 412,H2T,L
A22AC7,N239JR,C208,CESSNA 208 Caravan,L1T,L
A22DC7,N24BH,BE99,BEECH 99 Airliner,L2T,L
A22EC7,N24MP,SF50,CIRRUS SF-50 Vision,L1J,L
A232C7,N2403G,C182,CESSNA 182 Skylane,L1P,L
A236C7,N2415K,L8,LUSCOMBE 8,L1P,L
A238C7,N242PW,PULS,Pulsar,L1P,L
A23EC7,N2439R,C82S,CESSNA T182 Turbo Skylane,L1P,L
A241C7,N2444H,C72R,CESSNA 172R Cutlass RG,L1P,L
A245C7,N2456L,T206,CESSNA T206 Turbo Stationair,L1P,L
A246C7,N246FA,SR20,CIRRUS SR-20,L1P,L
A248C7,N2461C,CTAH,RAINBOW SKYREACH Cheetah,L1P,L
A24EC7,N248LX,F900,DASSAULT Falcon 900,L3J,M
A250C7,N2485J,C150,CESSNA 150,L1P,L
A255C7,N25GM,GLF4,GULFSTREAM 4,L2J,M
A256C7,N25ST,FA10,DASSAULT Falcon 100,L2J,M
A25CC7,N251SB,S22T,CIRRUS SR-22T Turbo,L1P,L
A25DC7,N2511Y,COL4,CESSNA 400 Corvalis TT,L1P,L
A260C7,N252V,BE33,BEECH 33 Bonanza,L1P,L
A261C7,N25231,L8,LUSCOMBE 8,L1P,L
A265C7,N25354,,,,
A269C7,N25477,C152,CESSNA 152,L1P,L
A26DC7,N256,GYRO,,G0-,-
A270C7,N25642,BE33,BEECH 33 Bonanza,L1P,L
A27CC7,N26BK,B26,DOUGLAS A-26 Invader,L2P,M
A27EC7,N26XX,AS26,SCHLEICHER ASH-26,L1P,L
A27FC7,N260JB,F260,AERMACCHI SF-260,L1P,L
A280C7,N260UH,H60,SIKORSKY UH-60 Black Hawk,H2T,M
A283C7,N261M,WACO,WACO E/O,L1P,L
A285C7,N2615M,PA12,PIPER PA-12 Super Cruiser,L1P,L
A286C7,N262DS,DA40,DIAMOND DA-40 Club Star,L1P,L
A28CC7,N2632G,C182,CESSNA 182 Skylane,L1P,L
A28DC7,N2639T,ULAC,,L0-,-
A290C7,N2644K,L8,LUSCOMBE 8,L1P,L
A297C7,N2661E,CH7A,BELLANCA 7 Champion,L1P,L
A298C7,N2668R,C182,CESSNA 182 Skylane,L1P,L
A2A2C7,N2690C,C82R,CESSNA R182 Skylane RG,L1P,L
A2A3C7,N2697P,LA4,LAKE LA-4/200,A1P,L
A2A4C7,N27GP,T206,CESSNA T206 Turbo Stationair,L1P,L
A2AEC7,N272JW,R44,ROBINSON R-44 Raven,H1P,L
A2B0C7,N27233,,,,
A2B3C7,N273Y,DG15,HOWARD Nightingale,L1P,L
A2B4C7,N27356,AR6T,AERONCA 65 Tandem,L1P,L
A2B8C7,N27479,DRON,,D0-,-
A2BEC7,N276WN,B737,BOEING 737-700,L2J,M
A2C5C7,N278SC,E55P,EMBRAER EMB-505 Phenom 300,L2J,M
A2C6C7,N2781Z,GLID,,L0-,-
A2C9C7,N279VA,RV12,VANS RV-12,L1P,L
A2CAC7,N27932,SRAI,GREAT PLAINS Sonerai,L1P,L
A2CBC7,N28BM,PA34,PIPER PA-34 Seneca,L2P,L
A2CEC7,N280JD,L39,LET L-39 Albatros,L1J,L
A2D1C7,N281AW,HROC,HARMON Rocket,L1P,L
A2D4C7,N2815P,PA22,PIPER PA-22,L1P,L
A2D6C7,N282Q,GLF5,GULFSTREAM 5,L2J,M
A2DAC7,N283SY,E75L,EMBRAER ERJ-170-200 (long wing),L2J,M
A2DFC7,N2844M,P28R,PIPER PA-28R-180/200/201,L1P,L
A2E1C7,N285NN,E75L,EMBRAER ERJ-170-200 (long wing),L2J,M
A2E3C7,N2856Q,T206,CESSNA T206 Turbo Stationair,L1P,L
A2E4C7,N286FE,B763,BOEING 767-300,L2J,H
A2E6C7,N2861G,T6,NORTH AMERICAN T-6 Texan,L1P,L
A2E7C7,N2868T,P28A,PIPER PA-28-140/150/160/180,L1P,L
A2ECC7,N288MA,M20P,MOONEY M-20,L1P,L
A2EEC7,N2885N,P28A,PIPER PA-28-140/150/160/180,L1P,L
A2F1C7,N2890E,P28B,PIPER PA-28-201T/235/236,L1P,L
A2F2C7,N2897R,C182,CESSNA 182 Skylane,L1P,L
A2F3C7,N29GR,B47G,BELL 47G,H1P,L
A2F4C7,N29SX,CAMP,GREGA GN-1 Aircamper,L1P,L
A2F5C7,N290DB,VEZE,RUTAN VariEze,L1P,L
A2F8C7,N2907,,,,
A2FCC7,N2919C,C180,CESSNA  180 Skywagon,L1P,L
A306C7,N29400,C177,CESSNA  177 Cardinal,L1P,L
A30AC7,N29523,C177,CESSNA  177 Cardinal,L1P,L
A30BC7,N296AC,BL8,BELLANCA 8 Decathlon,L1P,L
A31BC7,N3MV,GLAS,Glasair,L1P,L
A31CC7,N3YA,GLID,,L0-,-
A31DC7,N30JF,T6,NORTH AMERICAN T-6 Texan,L1P,L
A322C7,N3008E,C172,CESSNA 172 Skyhawk,L1P,L
A324C7,N301TW,,,,
A325C7,N30127,WACF,WACO F,L1P,L
A329C7,N3025,BCAT,GRUMMAN F-8F Bearcat,L1P,L
A32BC7,N303PL,SR22,CIRRUS SR-22,L1P,L
A32DC7,N3037C,C162,CESSNA 162 Skycatcher,L1P,L
A32FC7,N304SJ,GLID,,L0-,-
A331C7,N3049F,C182,CESSNA 182 Skylane,L1P,L
A338C7,N3066A,C170,CESSNA 170,L1P,L
A339C7,N307ER,DA42,DIAMOND DA-42 Guardian,L2P,L
A33FC7,N30826,C177,CESSNA  177 Cardinal,L1P,L
A341C7,N309LM,,,,
A344C7,N31DD,C182,CESSNA 182 Skylane,L1P,L
A345C7,N31PK,RV4,VANS RV-4,L1P,L
A346C7,N31ZR,RV6,VANS RV-6,L1P,L
A34CC7,N311Z,BE35,BEECH 35 Starfire Bonanza,L1P,L
A34DC7,N3116W,BE36,BEECH 36 Bonanza,L1P,L
A34EC7,N312FL,E55P,EMBRAER EMB-505 Phenom 300,L2J,M
A34FC7,N312RS,,,,
A351C7,N3128Z,PA22,PIPER PA-22,L1P,L
A354C7,N3133R,C182,CESSNA 182 Skylane,L1P,L
A355C7,N314BA,C182,CESSNA 182 Skylane,L1P,L
A356C7,N314MG,C340,CESSNA 340 Super,L2P,L
A35BC7,N3150L,C310,CESSNA 310,L2P,L
A35DC7,N316GX,GLEX,BOMBARDIER BD-700 Global 6000/6500,L2J,M
A35EC7,N316TC,R44,ROBINSON R-44 Raven,H1P,L
A363C7,N3174S,PARA,,P0-,-
A369C7,N319RR,ULAC,,L0-,-
A36AC7,N3191M,PA12,PIPER PA-12 Super Cruiser,L1P,L
A36BC7,N3198Y,C182,CESSNA 182 Skylane,L1P,L
A36FC7,N320R,LNC2,LANCAIR 200-320,L1P,L
A370C7,N32006,WACF,WACO F,L1P,L
A371C7,N3208G,BALL,,B0-,-
A374C7,N32129,P28R,PIPER PA-28R-180/200/201,L1P,L
A375C7,N322AJ,S22T,CIRRUS SR-22T Turbo,L1P,L
A377C7,N322WW,P46T,PIPER PA-46-500TP,L1T,L
A378C7,N3225B,PA22,PIPER PA-22,L1P,L
A37CC7,N3237E,AR11,AERONCA 11 Chief,L1P,L
A37EC7,N324SL,F900,DASSAULT Falcon 900,L3J,M
A380C7,N3249H,,,,
A381C7,N325KC,C414,CESSNA 414 Chancellor,L2P,L
A387C7,N3266C,BE35,BEECH 35 Starfire Bonanza,L1P,L
A38CC7,N328HR,BE35,BEECH 35 Starfire Bonanza,L1P,L
A393C7,N33DF,DG80,DG FLUGZEUGBAU DG-800,L1P,L
A394C7,N33PM,BE58,BEECH 58 Baron,L2P,L
A395C7,N33ZT,C182,CESSNA 182 Skylane,L1P,L
A398C7,N3304V,BE35,BEECH 35 Starfire Bonanza,L1P,L
A39AC7,N331NW,A320,AIRBUS A-320,L2J,M
A3A2C7,N333US,GLID,,L0-,-
A3A4C7,N334BC,RV6,VANS RV-6,L1P,L
A3AAC7,N3350N,DRON,,D0-,-
A3ABC7,N3357Z,PA22,PIPER PA-22,L1P,L
A3AEC7,N3362R,C182,CESSNA 182 Skylane,L1P,L
A3AFC7,N33692,P28A,PIPER PA-28-140/150/160/180,L1P,L
A3B3C7,N338CP,SR22,CIRRUS SR-22,L1P,L
A3B4C7,N338NV,A319,AIRBUS A-319,L2J,M
A3BEC7,N340RB,C340,CESSNA 340 Super,L2P,L
A3BFC7,N34008,BE20,BEECH 200 Super King Air,L2T,M
A3C5C7,N342LS,R44,ROBINSON R-44 Raven,H1P,L
A3D8C7,N347RA,RALL,SOCATA Rallye,L1P,L
A3D9C7,N34707,C177,CESSNA  177 Cardinal,L1P,L
A3DDC7,N3483,BE18,BEECH 18 Expetitor,L2P,L
A3E2C7,N35DH,EN28,ENSTROM F-28,H1P,L
A3E8C7,N351CS,BALL,,B0-,-
A3EBC7,N35160,J3,PIPER J-3 Cub,L1P,L
A3EFC7,N35283,J5,PIPER J-5 Cub Cruiser,L1P,L
A3F2C7,N3533V,C140,CESSNA 140,L1P,L
A3FAC7,N35571,C172,CESSNA 172 Skyhawk,L1P,L
A3FBC7,N356HA,PA44,PIPER PA-44 Seminole,L2P,L
A3FEC7,N35694,BALL,,B0-,-
A401C7,N3574W,J3,PIPER J-3 Cub,L1P,L
A407C7,N359RV,RV6,VANS RV-6,L1P,L
A408C7,N3591R,P28A,PIPER PA-28-140/150/160/180,L1P,L
A40EC7,N3601,CH60,ZENAIR CH-600 Zodiac,L1P,L
A40FC7,N3608L,C172,CESSNA 172 Skyhawk,L1P,L
A41EC7,N3649M,PA12,PIPER PA-12 Super Cruiser,L1P,L
A423C7,N366NE,P51,NORTH AMERICAN P-51 Mustang,L1P,L
A425C7,N3666G,BE18,BEECH 18 Expetitor,L2P,L
A428C7,N36709,S10,STINSON 10 Voyager,L1P,L
A431C7,N37DK,GA7,DAHER-SOCATA TB-360 Tangara,L2P,L
A432C7,N37PR,PA18,PIPER PA-18 Super Cub,L1P,L
A434C7,N370LB,BALL,,B0-,-
A436C7,N3704Z,PA22,PIPER PA-22,L1P,L
A43DC7,N3721U,C182,CESSNA 182 Skylane,L1P,L
A43EC7,N37285,C340,CESSNA 340 Super,L2P,L
A44AC7,N376HC,P32R,PIPER PA-32R-300/301/301T,L1P,L
A44CC7,N3762V,C140,CESSNA 140,L1P,L
A44EC7,N377LA,AT5T,AIR TRACTOR AT-504,L1T,L
A450C7,N3774Y,C210,CESSNA 201 Centurion,L1P,L
A451C7,N378CT,FDCT,FLIGHT DESIGN CT,L1P,L
A455C7,N379FR,A20N,AIRBUS A-320neo,L2J,M
A457C7,N3791T,P28R,PIPER PA-28R-180/200/201,L1P,L
A459C7,N38JP,P28A,PIPER PA-28-140/150/160/180,L1P,L
A45DC7,N3801B,BE33,BEECH 33 Bonanza,L1P,L
A461C7,N3813E,AR11,AERONCA 11 Chief,L1P,L
A465C7,N3825H,ERCO,AIR PRODUCTS F-1 Aircoupe,L1P,L
A466C7,N383DN,B738,BOEING 737-800,L2J,M
A468C7,N3830,,,,
A469C7,N3837L,C172,CESSNA 172 Skyhawk,L1P,L
A46AC7,N384GL,A320,AIRBUS A-320,L2J,M
A472C7,N386NG,PC12,PILATUS PC-12,L1T,L
A477C7,N3871A,GLID,,L0-,-
A47FC7,N3895G,T206,CESSNA T206 Turbo Stationair,L1P,L
A481C7,N39PT,B407,BELL 407,H1T,L
A482C7,N39ZZ,,,,
A485C7,N39041,L8,LUSCOMBE 8,L1P,L
A48BC7,N392S,BE35,BEECH 35 Starfire Bonanza,L1P,L
A48CC7,N3921W,PA32,PIPER PA-32,L1P,L
A48DC7,N39287,TAYB,TAYLORCRAFT BC/BF/BL,L1P,L
A490C7,N3933Z,PA18,PIPER PA-18 Super Cub,L1P,L
A491C7,N394BJ,AVID,AVID Flyer,L1P,L
A498C7,N39575,AR65,AERONCA 65 Super Chief,L1P,L
A49CC7,N39698,P28A,PIPER PA-28-140/150/160/180,L1P,L
A4A0C7,N398CV,C82T,CESSNA TR182 Turbo Skylane RG,L1P,L
A4A3C7,N39863,BL17,BELLANCA 17 Viking,L1P,L
A4A8C7,N4JR,C150,CESSNA 150,L1P,L
A4AEC7,N400Y,PA24,PIPER PA-24 Comanche,L1P,L
A4B0C7,N401EL,,,,
A4B3C7,N40179,S108,STINSON 108 Voyager,L1P,L
A4B7C7,N403AA,C501,CESSNA 501 Citation 1SP,L2J,L
A4B9C7,N403WN,B737,BOEING 737-700,L2J,M
A4BAC7,N40344,M4,MAULE M-4,L1P,L
A4BBC7,N404CZ,C510,CESSNA 510 Citation Mustang,L2J,L
A4BFC7,N405FX,E545,EMBRAER EMB545 Praetor 500,L2J,M
A4C0C7,N405SC,ULAC,,L0-,-
A4C4C7,N406VA,D228,DORNIER 228,L2T,L
A4C5C7,N40632,J3,PIPER J-3 Cub,L1P,L
A4C7C7,N407MT,B407,BELL 407,H1T,L
A4C9C7,N40755,P28A,PIPER PA-28-140/150/160/180,L1P,L
A4CEC7,N409HH,EC20,AIRBUS HELICOPTERS EC-120,H1T,L
A4D0C7,N40920,B06,BELL 206 JetRanger,H1T,L
A4D1C7,N41A,T210,CESSNA T210 Turbo Centurion,L1P,L
A4D2C7,N41LF,C25A,CESSNA 525A Citation CJ2,L2J,L
A4D4C7,N410GS,F2TH,DASSAULT Falcon 2000,L2J,M
A4D6C7,N4102J,PA31,PIPER PA-31-300/310/325/350/425,L2P,L
A4D7C7,N4109V,SS2T,TRUSH Turbo Thrush 500/550,L1T,L
A4D8C7,N411KQ,C56X,CESSNA 560XL Citation XLS,L2J,M
A4DBC7,N412CG,S22T,CIRRUS SR-22T Turbo,L1P,L
A4E1C7,N4131G,R44,ROBINSON R-44 Raven,H1P,L
A4E2C7,N4138T,C320,CESSNA 320 Skyknight,L2P,L
A4E3C7,N414JC,C414,CESSNA 414 Chancellor,L2P,L
A4E5C7,N4143K,NAVI,NORTH AMERICAN Navion,L1P,L
A4E7C7,N415MA,GLF4,GULFSTREAM 4,L2J,M
A4E9C7,N4155N,C140,CESSNA 140,L1P,L
A4ECC7,N4160E,CH7A,BELLANCA 7 Champion,L1P,L
A4EDC7,N4167R,PA32,PIPER PA-32,L1P,L
A4EEC7,N417GR,C510,CESSNA 510 Citation Mustang,L2J,L
A4EFC7,N417SX,CH60,ZENAIR CH-600 Zodiac,L1P,L
A4F0C7,N4172H,PA15,PIPER PA-15 Vagabond,L1P,L
A4F1C7,N4179U,C150,CESSNA 150,L1P,L
A4F4C7,N4184L,C172,CESSNA 172 Skyhawk,L1P,L
A4F5C7,N419CF,B407,BELL 407,H1T,L
A4F8C7,N4196P,PA23,PIPER PA-23,L2P,L
A4FEC7,N42058,C82S,CESSNA T182 Turbo Skylane,L1P,L
A501C7,N42100,C180,CESSNA  180 Skywagon,L1P,L
A502C7,N4218A,T34P,BEECH T-34 Mentor,L1P,L
A504C7,N422TS,R44,ROBINSON R-44 Raven,H1P,L
A506C7,N423AC,PA31,PIPER PA-31-300/310/325/350/425,L2P,L
A509C7,N42346,J3,PIPER J-3 Cub,L1P,L
A50EC7,N425FZ,C425,CESSNA 425 Corsair,L2T,L
A510C7,N42511,J3,PIPER J-3 Cub,L1P,L
A511C7,N4259B,BE35,BEECH 35 Starfire Bonanza,L1P,L
A515C7,N427BP,C77R,CESSNA 177RG Cardinal RG,L1P,L
A51BC7,N4280Z,PA18,PIPER PA-18 Super Cub,L1P,L
A51DC7,N429HK,Q9,GENERAL ATOMICS MQ-9 Reaper,L1T,L
A520C7,N43AB,BE35,BEECH 35 Starfire Bonanza,L1P,L
A521C7,N43LH,,,,
A522C7,N43WP,JACE,ACE Junior Ace,L1P,L
A524C7,N430T,BE35,BEECH 35 Starfire Bonanza,L1P,L
A525C7,N4302L,C172,CESSNA 172 Skyhawk,L1P,L
A526C7,N4309X,P28A,PIPER PA-28-140/150/160/180,L1P,L
A529C7,N4314P,P28A,PIPER PA-28-140/150/160/180,L1P,L
A52DC7,N4326S,AT3P,AIR TRACTOR AT-301/401,L1P,L
A52EC7,N433FG,FOUG,AEROSPATIALE CM-170 Magister,L2J,L
A531C7,N4338V,P28A,PIPER PA-28-140/150/160/180,L1P,L
A536C7,N435MC,BE95,BEECH 95 Travel Air,L2P,L
A537C7,N435XJ,SF34,SAAB 340,L2T,M
A53DC7,N437GT,,,,
A540C7,N4379W,R22,ROBINSON R-22 Mariner,H1P,L
A544C7,N439CH,RV12,VANS RV-12,L1P,L
A548C7,N44FF,GLID,,L0-,-
A549C7,N44RM,LJ60,LEARJET 60,L2J,M
A54AC7,N440BS,ZZZZ,,-0-,-
A556C7,N443LL,S22T,CIRRUS SR-22T Turbo,L1P,L
A55AC7,N444PJ,C210,CESSNA 201 Centurion,L1P,L
A55CC7,N4447A,R44,ROBINSON R-44 Raven,H1P,L
A563C7,N44636,P28A,PIPER PA-28-140/150/160/180,L1P,L
A564C7,N447BR,BE36,BEECH 36 Bonanza,L1P,L
A56BC7,N4488B,RS21,RANS S-21 Outbound,L1P,L
A56DC7,N449TT,P46T,PIPER PA-46-500TP,L1T,L
A571C7,N45WR,PL1,PAZMANY Laminar,L1P,L
A573C7,N450TB,BE40,BEECH 400 Beechjet,L2J,M
A574C7,N4502N,C170,CESSNA 170,L1P,L
A575C7,N4509Z,PA22,PIPER PA-22,L1P,L
A577C7,N451W,T51,TITAN T-51 Mustang,L1P,L
A57CC7,N4526U,C150,CESSNA 150,L1P,L
A580C7,N4538X,P28A,PIPER PA-28-140/150/160/180,L1P,L
A588C7,N456DX,C172,CESSNA 172 Skyhawk,L1P,L
A598C7,N46RP,BE9L,BEECH 90 King Air,L2T,L
A59AC7,N460N,ZZZZ,,-0-,-
A5A0C7,N4618E,AC50,NORTH AMERICAN ROCKWELL Commander 500,L2P,L
A5A2C7,N462TW,RV7,VANS RV-7,L1P,L
A5A3C7,N46227,C172,CESSNA 172 Skyhawk,L1P,L
A5ABC7,N4647C,C170,CESSNA 170,L1P,L
A5AEC7,N46515,AR6T,AERONCA 65 Tandem,L1P,L
A5B2C7,N46638,C172,CESSNA 172 Skyhawk,L1P,L
A5B7C7,N468ER,C172,CESSNA 172 Skyhawk,L1P,L
A5B9C7,N46803,C152,CESSNA 152,L1P,L
A5BBC7,N469HP,PA46,PIPER PA-46-310/350,L1P,L
A5BEC7,N47AF,C72R,CESSNA 172R Cutlass RG,L1P,L
A5BFC7,N47LM,C25B,CESSNA 525B Citation CJ3,L2J,L
A5C0C7,N47WT,BE35,BEECH 35 Starfire Bonanza,L1P,L
A5C3C7,N4702Q,C185,CESSNA 185 Skywagon,L1P,L
A5C7C7,N4714T,M4,MAULE M-4,L1P,L
A5CBC7,N4726W,AC11,NORTH AMERICAN ROCKWELL Commander 112/114,L1P,L
A5CCC7,N473FL,BE40,BEECH 400 Beechjet,L2J,M
A5CFC7,N4738Z,PA22,PIPER PA-22,L1P,L
A5D3C7,N475BA,A5,ICON A-5,A1P,L
A5D9C7,N4760L,P28A,PIPER PA-28-140/150/160/180,L1P,L
A5E1C7,N4784S,GLID,,L0-,-
A5E5C7,N4796V,C72R,CESSNA 172R Cutlass RG,L1P,L
A5E8C7,N480BW,C310,CESSNA 310,L2P,L
A5F7C7,N484DG,UH1,BELL UH-1 Huey,H1T,L
A5FDC7,N48517,G164,GRUMMAN G-164 Ag-Cat,L1P,L
A601C7,N4864,,,,
A604C7,N487YG,MT,ROTORSPORT MTOSport,G1P,L
A609C7,N4888F,T206,CESSNA T206 Turbo Stationair,L1P,L
A60BC7,N489TX,BE20,BEECH 200 Super King Air,L2T,M
A60EC7,N49LP,BE58,BEECH 58 Baron,L2P,L
A60FC7,N49WV,PA16,PIPER PA-16 Clipper,L1P,L
A610C7,N490H,AS50,AEROSPATIALE AS-350 Ecureuil,H1T,L
A612C7,N4902S,C182,CESSNA 182 Skylane,L1P,L
A61AC7,N4926Y,PA25,PIPER PA-25 Pawnee,L1P,L
A622C7,N495BC,S22T,CIRRUS SR-22T Turbo,L1P,L
A62CC7,N4972R,C172,CESSNA 172 Skyhawk,L1P,L
A631C7,N499CP,C172,CESSNA 172 Skyhawk,L1P,L
A635C7,N5FM,PTS1,PITTS S-1 Special,L1P,L
A639C7,N50YK,YK50,YAKOVLEV Yak-50,L1P,L
A63CC7,N5003X,AT6T,AIR TRACTOR AT-602,L1T,L
A63DC7,N501BG,CRJ7,BOMBARDIER Regional Jet CRJ-700,L2J,M
A640C7,N50150,C150,CESSNA 150,L1P,L
A643C7,N5020S,P28R,PIPER PA-28R-180/200/201,L1P,L
A646C7,N503TJ,,,,
A647C7,N5032V,CH7B,BELLANCA 7 Citabria,L1P,L
A649C7,N504LA,H500,HUGHES 500,H1T,L
A650C7,N506FR,SB20,SAAB 2000,L2T,M
A652C7,N5061T,P28R,PIPER PA-28R-180/200/201,L1P,L
A654C7,N507JP,AC50,NORTH AMERICAN ROCKWELL Commander 500,L2P,L
A656C7,N5073W,O1,CESSNA 305/341 Bird Dog,L1P,L
A658C7,N508MM,F900,DASSAULT Falcon 900,L3J,M
A65DC7,N5090R,C185,CESSNA 185 Skywagon,L1P,L
A65FC7,N51HB,C510,CESSNA 510 Citation Mustang,L2J,L
A660C7,N51TH,P51,NORTH AMERICAN P-51 Mustang,L1P,L
A661C7,N510DN,A359,AIRBUS A-350-900,L2J,H
A664C7,N5107L,P28A,PIPER PA-28-140/150/160/180,L1P,L
A665C7,N511GL,G2T1,GREAT LAKES 2T-1,L1P,L
A667C7,N5112C,BE35,BEECH 35 Starfire Bonanza,L1P,L
A668C7,N5119P,PA24,PIPER PA-24 Comanche,L1P,L
A676C7,N5153D,C182,CESSNA 182 Skylane,L1P,L
A677C7,N516AP,C77R,CESSNA 177RG Cardinal RG,L1P,L
A67CC7,N517PT,SR20,CIRRUS SR-20,L1P,L
A681C7,N5182B,AT6T,AIR TRACTOR AT-602,L1T,L
A684C7,N519VP,C550,CESSNA 550 Citation S2,L2J,L
A685C7,N5194E,C180,CESSNA  180 Skywagon,L1P,L
A686C7,N52C,BE20,BEECH 200 Super King Air,L2T,M
A689C7,N520JS,AC50,NORTH AMERICAN ROCKWELL Commander 500,L2P,L
A68BC7,N5203Z,PA22,PIPER PA-22,L1P,L
A68FC7,N52152,C77R,CESSNA 177RG Cardinal RG,L1P,L
A692C7,N5220U,B47G,BELL 47G,H1P,L
A693C7,N52275,C172,CESSNA 172 Skyhawk,L1P,L
A697C7,N52398,C182,CESSNA 182 Skylane,L1P,L
A698C7,N524LC,SRAI,GREAT PLAINS Sonerai,L1P,L
A69AC7,N52440,C172,CESSNA 172 Skyhawk,L1P,L
A69EC7,N52563,C182,CESSNA 182 Skylane,L1P,L
A6A2C7,N52686,BE17,BEECH 17 Staggerwing,L1P,L
A6A3C7,N527JR,EVOP,LANCAIR Evolution Piston,L1P,L
A6A6C7,N528BH,BEAR,AVIPRO RB-4 Bearhawk,L1P,L
A6A7C7,N528MP,GLEX,BOMBARDIER BD-700 Global 6000/6500,L2J,M
A6A9C7,N52851,C77R,CESSNA 177RG Cardinal RG,L1P,L
A6AEC7,N53HD,RV7,VANS RV-7,L1P,L
A6AFC7,N53TK,MIMU,BUSHBY Midget Mustang,L1P,L
A6B6C7,N5312E,BALL,,B0-,-
A6B7C7,N5319R,C172,CESSNA 172 Skyhawk,L1P,L
A6B9C7,N532VS,GYRO,,G0-,-
A6BBC7,N533CC,C56X,CESSNA 560XL Citation XLS,L2J,M
A6C1C7,N5341C,P46T,PIPER PA-46-500TP,L1T,L
A6C2C7,N5348P,PA24,PIPER PA-24 Comanche,L1P,L
A6C5C7,N5353F,P28A,PIPER PA-28-140/150/160/180,L1P,L
A6CBC7,N537PV,PIVI,PIPSTREL Virus,L1P,L
A6D0C7,N5382D,C172,CESSNA 172 Skyhawk,L1P,L
A6D1C7,N5389Q,C152,CESSNA 152,L1P,L
A6D5C7,N54CB,GLAS,Glasair,L1P,L
A6D9C7,N540V,,,,
A6DAC7,N54031,C172,CESSNA 172 Skyhawk,L1P,L
A6E1C7,N5420W,P28A,PIPER PA-28-140/150/160/180,L1P,L
A6E5C7,N5432Z,PA22,PIPER PA-22,L1P,L
A6EBC7,N545PC,TAMP,SOCATA TB-9 Tampico,L1P,L
A6EDC7,N54565,ST75,STEARMAN Kaydet,L1P,L
A6EFC7,N546SA,B06,BELL 206 JetRanger,H1T,L
A6F0C7,N5461X,T206,CESSNA T206 Turbo Stationair,L1P,L
A6FDC7,N55HF,CL60,BOMBARDIER CL-600 Challenger,L2J,M
A6FEC7,N55TM,BE58,BEECH 58 Baron,L2P,L
A6FFC7,N550DS,C550,CESSNA 550 Citation S2,L2J,L
A701C7,N5500D,BE35,BEECH 35 Starfire Bonanza,L1P,L
A704C7,N551SW,GLEX,BOMBARDIER BD-700 Global 6000/6500,L2J,M
A706C7,N5519T,C172,CESSNA 172 Skyhawk,L1P,L
A70DC7,N5536N,C82R,CESSNA R182 Skylane RG,L1P,L
A710C7,N5541E,C150,CESSNA 150,L1P,L
A711C7,N5548R,C172,CESSNA 172 Skyhawk,L1P,L
A712C7,N555JA,C560,CESSNA 560 Citation Ultra,L2J,M
A715C7,N556AT,C206,CESSNA  206 Stationair,L1P,L
A719C7,N557DR,,,,
A71BC7,N5570C,C170,CESSNA 170,L1P,L
A71CC7,N5577P,PA24,PIPER PA-24 Comanche,L1P,L
A721C7,N559KM,C82R,CESSNA R182 Skylane RG,L1P,L
A723C7,N5594J,PA32,PIPER PA-32,L1P,L
A724C7,N56CD,BE20,BEECH 200 Super King Air,L2T,M
A727C7,N560JW,C560,CESSNA 560 Citation Ultra,L2J,M
A729C7,N56033,P28B,PIPER PA-28-201T/235/236,L1P,L
A72EC7,N562EL,BE35,BEECH 35 Starfire Bonanza,L1P,L
A72FC7,N562QS,C68A,CESSNA 680 Citation Latitude,L2J,M
A730C7,N5620Y,PARA,,P0-,-
A737C7,N564WN,B737,BOEING 737-700,L2J,M
A73CC7,N56567,PT22,RYAN PT-22 Recruit,L1P,L
A73DC7,N566FX,CL35,BOMBARDIER BD-100 Challenger 350,L2J,M
A73EC7,N566SC,CRUZ,CSA PS-28 Cruiser,L1P,L
A745C7,N568MT,DA40,DIAMOND DA-40 Club Star,L1P,L
A74BC7,N56978,P28A,PIPER PA-28-140/150/160/180,L1P,L
A74CC7,N57HH,ZZZZ,,-0-,-
A750C7,N5700F,P28A,PIPER PA-28-140/150/160/180,L1P,L
A754C7,N5712J,C206,CESSNA  206 Stationair,L1P,L
A755C7,N5719V,BE35,BEECH 35 Starfire Bonanza,L1P,L
A75AC7,N573NN,CRJ9,BOMBARDIER Regional Jet CRJ-900,L2J,M
A75CC7,N5736Q,M20P,MOONEY M-20,L1P,L
A75DC7,N574FE,MD11,MCDONNELL-DOUGLAS MD-11,L3J,H
A760C7,N5748T,C172,CESSNA 172 Skyhawk,L1P,L
A763C7,N5753K,BE35,BEECH 35 Starfire Bonanza,L1P,L
A764C7,N576AV,S76,SIKORSKY S-76 Spirit,H2T,L
A765C7,N576MA,TBM7,SOCATA TBM-700A/B/C,L1T,L
A767C7,N5765N,M20P,MOONEY M-20,L1P,L
A768C7,N577DT,PA46,PIPER PA-46-310/350,L1P,L
A76AC7,N5770E,C150,CESSNA 150,L1P,L
A76BC7,N5777R,C172,CESSNA 172 Skyhawk,L1P,L
A76EC7,N5782H,PA16,PIPER PA-16 Clipper,L1P,L
A772C7,N5794L,,,,
A773C7,N58CF,AEST,AEROSTAR 600,L2P,L
A774C7,N58NM,A109,AGUSTA AW-109 Grand,H2T,L
A778C7,N58035,TAYD,TAYLORCRAFT DC/DF/DL,L1P,L
A77CC7,N58158,M20P,MOONEY M-20,L1P,L
A780C7,N5828A,C172,CESSNA 172 Skyhawk,L1P,L
A787C7,N58446,ST75,STEARMAN Kaydet,L1P,L
A78FC7,N5869B,C182,CESSNA 182 Skylane,L1P,L
A79BC7,N59HK,AS20,SCHLEICHER ASW-20,L1P,L
A79CC7,N59TR,FDCT,FLIGHT DESIGN CT,L1P,L
A79FC7,N5900H,PA16,PIPER PA-16 Clipper,L1P,L
A7A7C7,N5924P,PA24,PIPER PA-24 Comanche,L1P,L
A7B9C7,N5970G,C150,CESSNA 150,L1P,L
A7BAC7,N5977T,C150,CESSNA 150,L1P,L
A7BEC7,N5989W,P28A,PIPER PA-28-140/150/160/180,L1P,L
A7C2C7,N6CH,BE58,BEECH 58 Baron,L2P,L
A7C4C7,N6YV,P32R,PIPER PA-32R-300/301/301T,L1P,L
A7C5C7,N60K,BE36,BEECH 36 Bonanza,L1P,L
A7C7C7,N600FL,P46T,PIPER PA-46-500TP,L1T,L
A7C8C7,N600RS,AS50,AEROSPATIALE AS-350 Ecureuil,H1T,L
A7CEC7,N602BA,AT6T,AIR TRACTOR AT-602,L1T,L
A7CFC7,N602MG,AT6T,AIR TRACTOR AT-602,L1T,L
A7DBC7,N605WA,C208,CESSNA 208 Caravan,L1T,L
A7DCC7,N6054S,C162,CESSNA 162 Skycatcher,L1P,L
A7DDC7,N606CM,BE9T,BEECH F90 King Air,L2T,L
A7DEC7,N606NT,BN2P,BRITTEN-NORMAN BN-2 Islander,L2P,L
A7E6C7,N608UP,B748,BOEING 747-8,L4J,H
A7E7C7,N6083Q,M20P,MOONEY M-20,L1P,L
A7F0C7,N610WW,UH1,BELL UH-1 Huey,H1T,L
A7F2C7,N611DG,M20P,MOONEY M-20,L1P,L
A7F5C7,N6117E,C82R,CESSNA R182 Skylane RG,L1P,L
A7F9C7,N6129H,P28A,PIPER PA-28-140/150/160/180,L1P,L
A7FCC7,N6134,BE18,BEECH 18 Expetitor,L2P,L
A805C7,N616HR,ULAC,,L0-,-
A806C7,N616TX,C56X,CESSNA 560XL Citation XLS,L2J,M
A80BC7,N6175A,PA31,PIPER PA-31-300/310/325/350/425,L2P,L
A80DC7,N618PM,,,,
A80FC7,N6187D,H500,HUGHES 500,H1T,L
A812C7,N61916,VALI,CONVAIR Valiant,L1P,L
A813C7,N6199G,C150,CESSNA 150,L1P,L
A81BC7,N621US,BALL,,B0-,-
A81EC7,N622MJ,RV7,VANS RV-7,L1P,L
A826C7,N624TE,BE58,BEECH 58 Baron,L2P,L
A828C7,N62492,PA18,PIPER PA-18 Super Cub,L1P,L
A82BC7,N6254U,M20P,MOONEY M-20,L1P,L
A82CC7,N626CP,P28A,PIPER PA-28-140/150/160/180,L1P,L
A82FC7,N6266X,AC50,NORTH AMERICAN ROCKWELL Commander 500,L2P,L
A832C7,N6271P,PA24,PIPER PA-24 Comanche,L1P,L
A836C7,N6283S,C150,CESSNA 150,L1P,L
A83BC7,N63E,G164,GRUMMAN G-164 Ag-Cat,L1P,L
A844C7,N6317G,C172,CESSNA 172 Skyhawk,L1P,L
A847C7,N63219,C150,CESSNA 150,L1P,L
A84BC7,N6334B,C182,CESSNA 182 Skylane,L1P,L
A84DC7,N634NC,C182,CESSNA 182 Skylane,L1P,L
A84FC7,N6346E,C82T,CESSNA TR182 Turbo Skylane RG,L1P,L
A852C7,N63507,C150,CESSNA 150,L1P,L
A853C7,N6358H,J3,PIPER J-3 Cub,L1P,L
A85EC7,N6387F,C172,CESSNA 172 Skyhawk,L1P,L
A861C7,N63918,C172,CESSNA 172 Skyhawk,L1P,L
A866C7,N640RW,E170,EMBRAER ERJ-170-100,L2J,M
A872C7,N6430Q,M20P,MOONEY M-20,L1P,L
A876C7,N6442T,C150,CESSNA 150,L1P,L
A87AC7,N6454W,P28A,PIPER PA-28-140/150/160/180,L1P,L
A87FC7,N647FP,A109,AGUSTA AW-109 Grand,H2T,L
A880C7,N647RV,RV7,VANS RV-7,L1P,L
A881C7,N6471R,P28A,PIPER PA-28-140/150/160/180,L1P,L
A885C7,N6483U,M20P,MOONEY M-20,L1P,L
A88AC7,N65EB,C172,CESSNA 172 Skyhawk,L1P,L
A88CC7,N650AN,GLF6,GULFSTREAM G650,L2J,M
A88FC7,N6505F,C150,CESSNA 150,L1P,L
A890C7,N651DL,B752,BOEING 757-200,L2J,M
A893C7,N6517J,P28A,PIPER PA-28-140/150/160/180,L1P,L
A896C7,N6522A,C180,CESSNA  180 Skywagon,L1P,L
A89EC7,N6546G,C150,CESSNA 150,L1P,L
A8A4C7,N656UA,B763,BOEING 767-300,L2J,H
A8A5C7,N6563B,M20P,MOONEY M-20,L1P,L
A8A6C7,N657AM,B752,BOEING 757-200,L2J,M
A8A9C7,N6575E,C175,CESSNA 175 Skylark,L1P,L
A8AAC7,N658DK,AP22,AEROPRACT A-22,L1P,L
A8AFC7,N659SP,C172,CESSNA 172 Skyhawk,L1P,L
A8B3C7,N66VM,SR22,CIRRUS SR-22,L1P,L
A8B4C7,N660FS,H60,SIKORSKY UH-60 Black Hawk,H2T,M
A8B7C7,N66085,C172,CESSNA 172 Skyhawk,L1P,L
A8BAC7,N6613X,C210,CESSNA 201 Centurion,L1P,L
A8C1C7,N6630S,C150,CESSNA 150,L1P,L
A8C4C7,N664TJ,GLAS,Glasair,L1P,L
A8C5C7,N6642V,BL17,BELLANCA 17 Viking,L1P,L
A8C7C7,N665LA,AT6T,AIR TRACTOR AT-602,L1T,L
A8C9C7,N6654Y,BE58,BEECH 58 Baron,L2P,L
A8CAC7,N666CT,CL60,BOMBARDIER CL-600 Challenger,L2J,M
A8D0C7,N6671T,C150,CESSNA 150,L1P,L
A8D1C7,N66784,BT36,BEECH B36TC Bonanza,L1P,L
A8D2C7,N668JP,C510,CESSNA 510 Citation Mustang,L2J,L
A8D4C7,N6683W,BE20,BEECH 200 Super King Air,L2T,M
A8DEC7,N6705H,C185,CESSNA 185 Skywagon,L1P,L
A8DFC7,N671DN,B752,BOEING 757-200,L2J,M
A8E0C7,N671PU,RV6,VANS RV-6,L1P,L
A8E1C7,N6710,BABY,CANADIAN HOME ROTORS Baby Belle,H1P,L
A8E5C7,N6722C,DRON,,D0-,-
A8E6C7,N6729P,PA24,PIPER PA-24 Comanche,L1P,L
A8E7C7,N673KJ,DRON,,D0-,-
A8EAC7,N674CA,ECHO,TECNAM P-92 Echo,L1P,L
A8F5C7,N677AP,P28A,PIPER PA-28-140/150/160/180,L1P,L
A8F8C7,N6775G,C150,CESSNA 150,L1P,L
A8FFC7,N6792B,PA18,PIPER PA-18 Super Cub,L1P,L
A902C7,N68VP,LJ31,LEARJET 31,L2J,M
A904C7,N680S,AEST,AEROSTAR 600,L2P,L
A905C7,N6801W,P28A,PIPER PA-28-140/150/160/180,L1P,L
A906C7,N68087,B752,BOEING 757-200,L2J,M
A910C7,N6830U,M20P,MOONEY M-20,L1P,L
A918C7,N68540,CH7B,BELLANCA 7 Citabria,L1P,L
A928C7,N69EF,FOX,KITFOX,L1P,L
A92AC7,N690AS,AC90,NORTH AMERICAN ROCKWELL Turbo Commander 690/840,L2T,L
A931C7,N6917N,M20P,MOONEY M-20,L1P,L
A934C7,N6922E,C175,CESSNA 175 Skylark,L1P,L
A935C7,N6929R,T210,CESSNA T210 Turbo Centurion,L1P,L
A939C7,N694CC,S61,SIKORSKY S-61 Sea King,H2T,M
A93DC7,N695FA,AC95,NORTH AMERICAN ROCKWELL Jetprop Commander 1000,L2T,L
A941C7,N696HZ,,,,
A94AC7,N6980A,ACAM,LEZA Air Cam,L2P,L
A94BC7,N6987M,S108,STINSON 108 Voyager,L1P,L
A94DC7,N699ST,CL60,BOMBARDIER CL-600 Challenger,L2J,M
A94FC7,N6999Q,BE23,BEECH 23 Sundowner,L1P,L
A951C7,N7VR,PA31,PIPER PA-31-300/310/325/350/425,L2P,L
A953C7,N70SB,LJ45,LEARJET 45,L2J,M
A955C7,N700NN,TBM7,SOCATA TBM-700A/B/C,L1T,L
A957C7,N7006Q,C172,CESSNA 172 Skyhawk,L1P,L
A958C7,N701FE,AT76,ATR-72-600,L2T,M
A95AC7,N7011G,C172,CESSNA 172 Skyhawk,L1P,L
A95BC7,N7018T,C172,CESSNA 172 Skyhawk,L1P,L
A95EC7,N7023K,,,,
A95FC7,N703AV,A319,AIRBUS A-319,L2J,M
A960C7,N703MA,P32R,PIPER PA-32R-300/301/301T,L1P,L
A963C7,N704DT,C150,CESSNA 150,L1P,L
A965C7,N7040E,C175,CESSNA 175 Skylark,L1P,L
A966C7,N7047R,P28A,PIPER PA-28-140/150/160/180,L1P,L
A967C7,N705GR,DRON,,D0-,-
A969C7,N7052H,PA23,PIPER PA-23,L2P,L
A96AC7,N7059U,BALL,,B0-,-
A973C7,N708RK,B350,BEECHCRAFT Super King Air 350,L2T,M
A974C7,N7081F,C150,CESSNA 150,L1P,L
A976C7,N709JB,A320,AIRBUS A-320,L2J,M
A97AC7,N71M,FA10,DASSAULT Falcon 100,L2J,M
A97CC7,N710HL,EV97,EVEKTRO EV-97 EuroStar,L1P,L
A97FC7,N711AC,C182,CESSNA 182 Skylane,L1P,L
A980C7,N711LJ,BL17,BELLANCA 17 Viking,L1P,L
A981C7,N711WQ,PA34,PIPER PA-34 Seneca,L2P,L
A989C7,N71311,L8,LUSCOMBE 8,L1P,L
A98AC7,N7139B,PAY3,PIPER PA-42-720 Cheyenne 3,L2T,L
A98BC7,N714JX,C150,CESSNA 150,L1P,L
A98DC7,N71434,L8,LUSCOMBE 8,L1P,L
A997C7,N717TR,C550,CESSNA 550 Citation S2,L2J,L
A99CC7,N71845,L8,LUSCOMBE 8,L1P,L
A99DC7,N719D,PRM1,RAYTHEON 390 Premier 1,L2J,L
A9A0C7,N71968,L8,LUSCOMBE 8,L1P,L
A9A1C7,N72FY,M20P,MOONEY M-20,L1P,L
A9A2C7,N72SD,PA32,PIPER PA-32,L1P,L
A9A3C7,N720CJ,TBM7,SOCATA TBM-700A/B/C,L1T,L
A9A8C7,N721RN,C56X,CESSNA 560XL Citation XLS,L2J,M
A9A9C7,N7211J,P28A,PIPER PA-28-140/150/160/180,L1P,L
A9ABC7,N722JE,S76,SIKORSKY S-76 Spirit,H2T,L
A9ADC7,N7223M,C175,CESSNA 175 Skylark,L1P,L
A9B1C7,N7235Q,BE33,BEECH 33 Bonanza,L1P,L
A9B4C7,N7240G,C172,CESSNA 172 Skyhawk,L1P,L
A9B5C7,N7247T,C172,CESSNA 172 Skyhawk,L1P,L
A9B6C7,N725GT,R44,ROBINSON R-44 Raven,H1P,L
A9B8C7,N7252K,PA18,PIPER PA-18 Super Cub,L1P,L
A9BAC7,N726KR,SR22,CIRRUS SR-22,L1P,L
A9BCC7,N7264N,C182,CESSNA 182 Skylane,L1P,L
A9C7C7,N7293L,AA5,AMERICAN AA-5 Tiger,L1P,L
A9D1C7,N73148,C172,CESSNA 172 Skyhawk,L1P,L
A9D9C7,N7339D,PA22,PIPER PA-22,L1P,L
A9DBC7,N734VE,C172,CESSNA 172 Skyhawk,L1P,L
A9DDC7,N735BR,C182,CESSNA 182 Skylane,L1P,L
A9DFC7,N735YC,C182,CESSNA 182 Skylane,L1P,L
A9E3C7,N73601,C172,CESSNA 172 Skyhawk,L1P,L
A9E4C7,N7368B,BE35,BEECH 35 Starfire Bonanza,L1P,L
A9E5C7,N737HM,C172,CESSNA 172 Skyhawk,L1P,L
A9E8C7,N738AD,C172,CESSNA 172 Skyhawk,L1P,L
A9EAC7,N738WR,C172,CESSNA 172 Skyhawk,L1P,L
A9ECC7,N739DB,C172,CESSNA 172 Skyhawk,L1P,L
A9EDC7,N739PH,C172,CESSNA 172 Skyhawk,L1P,L
A9EEC7,N739ZP,C172,CESSNA 172 Skyhawk,L1P,L
A9F0C7,N74G,DHC2,DE HAVILLAND DHC-2 Beaver,L1P,L
A9FCC7,N7423P,PA24,PIPER PA-24 Comanche,L1P,L
AA03C7,N7440J,P28R,PIPER PA-28R-180/200/201,L1P,L
AA04C7,N7447V,M20P,MOONEY M-20,L1P,L
AA06C7,N745TA,ASTO,TECNAM Astore,L1P,L
AA0EC7,N747YX,E75L,EMBRAER ERJ-170-200 (long wing),L2J,M
AA0FC7,N7476T,C172,CESSNA 172 Skyhawk,L1P,L
AA12C7,N7481K,PA20,PIPER PA-20 Pacer,L1P,L
AA13C7,N7488W,P28A,PIPER PA-28-140/150/160/180,L1P,L
AA14C7,N749JF,RV7,VANS RV-7,L1P,L
AA16C7,N7493N,BE55,BEECH 55 Baron,L2P,L
AA18C7,N75MD,,,,
AA1BC7,N750TW,CH75,ZENAIR CH-750 Cruzer,L1P,L
AA21C7,N752DE,CH7A,BELLANCA 7 Champion,L1P,L
AA27C7,N75315,P28A,PIPER PA-28-140/150/160/180,L1P,L
AA28C7,N7539F,CH7B,BELLANCA 7 Citabria,L1P,L
AA2BC7,N75438,,,,
AA31C7,N756QX,C82R,CESSNA R182 Skylane RG,L1P,L
AA32C7,N75603,C172,CESSNA 172 Skyhawk,L1P,L
AA35C7,N757TV,C152,CESSNA 152,L1P,L
AA36C7,N75726,C172,CESSNA 172 Skyhawk,L1P,L
AA37C7,N758AF,C172,CESSNA 172 Skyhawk,L1P,L
AA38C7,N758LM,C172,CESSNA 172 Skyhawk,L1P,L
AA3AC7,N75849,ST75,STEARMAN Kaydet,L1P,L
AA3CC7,N759PK,C182,CESSNA 182 Skylane,L1P,L
AA40C7,N76SH,RV6,VANS RV-6,L1P,L
AA41C7,N760CN,BE95,BEECH 95 Travel Air,L2P,L
AA44C7,N7606W,P28A,PIPER PA-28-140/150/160/180,L1P,L
AA4CC7,N763BA,A5,ICON A-5,A1P,L
AA55C7,N765TC,GYRO,,G0-,-
AA56C7,N7652P,PA24,PIPER PA-24 Comanche,L1P,L
AA5AC7,N7664S,CH7B,BELLANCA 7 Citabria,L1P,L
AA5BC7,N767CM,BE36,BEECH 36 Bonanza,L1P,L
AA6CC7,N771AJ,,,,
AA6FC7,N7715B,BE55,BEECH 55 Baron,L2P,L
AA7AC7,N7744,KR31,KREIDER-REISNER C-2 Challenger,L1P,L
AA81C7,N77605,FA24,FAIRCHILD F-24 Argus,L1P,L
AA83C7,N777HR,C82R,CESSNA R182 Skylane RG,L1P,L
AA89C7,N7785A,C180,CESSNA  180 Skywagon,L1P,L
AA8EC7,N78GD,AEST,AEROSTAR 600,L2P,L
AA8FC7,N78SK,GLAS,Glasair,L1P,L
AA91C7,N780NW,RV7,VANS RV-7,L1P,L
AA93C7,N7806Y,PA30,PIPER PA-30 Twin Comanche,L2P,L
AA94C7,N781FN,BALL,,B0-,-
AA97C7,N78181,GC1,GLOBE Swift,L1P,L
AA9BC7,N783BC,AS50,AEROSPATIALE AS-350 Ecureuil,H1T,L
AAA1C7,N7840N,P28A,PIPER PA-28-140/150/160/180,L1P,L
AAAAC7,N787CP,C172,CESSNA 172 Skyhawk,L1P,L
AAABC7,N787NV,RV7,VANS RV-7,L1P,L
AAADC7,N7876X,C172,CESSNA 172 Skyhawk,L1P,L
AAB5C7,N79BB,C182,CESSNA 182 Skylane,L1P,L
AAB6C7,N79MH,BE35,BEECH 35 Starfire Bonanza,L1P,L
AAC2C7,N7927G,C150,CESSNA 150,L1P,L
AAC9C7,N7944B,C172,CESSNA 172 Skyhawk,L1P,L
AADDC7,N8GF,P180,PIAGGIO P-180 Avanti,L2T,L
AADFC7,N80CS,NIMB,SCHEMPP-HIRTH Nimbus,L1P,L
AAE0C7,N80NY,A109,AGUSTA AW-109 Grand,H2T,L
AAE2C7,N800KJ,DG80,DG FLUGZEUGBAU DG-800,L1P,L
AAEAC7,N802RE,EDGE,ZIVKO Edge 540,L1P,L
AAEBC7,N8021A,BE33,BEECH 33 Bonanza,L1P,L
AAEFC7,N8033D,PA22,PIPER PA-22,L1P,L
AAF0C7,N804AP,PARA,,P0-,-
AAF2C7,N804XA,B738,BOEING 737-800,L2J,M
AAF7C7,N8057K,G164,GRUMMAN G-164 Ag-Cat,L1P,L
AAF8C7,N806GK,VTRA,RANS Venterra,L1P,L
AAF9C7,N806SR,SREY,PROGRESSIVE AERODYNE SeaRey,A1P,L
AAFAC7,N8062B,C172,CESSNA 172 Skyhawk,L1P,L
AAFBC7,N8069N,P28A,PIPER PA-28-140/150/160/180,L1P,L
AAFEC7,N8074E,C172,CESSNA 172 Skyhawk,L1P,L
AAFFC7,N808C,S108,STINSON 108 Voyager,L1P,L
AB02C7,N8086H,P28A,PIPER PA-28-140/150/160/180,L1P,L
AB06C7,N8098L,C172,CESSNA 172 Skyhawk,L1P,L
AB0CC7,N81075,AA5,AMERICAN AA-5 Tiger,L1P,L
AB10C7,N81198,FNKB,FUNK B,L1P,L
AB11C7,N812LC,COZY,CO-Z Cozy,L1P,L
AB15C7,N813PA,PC12,PILATUS PC-12,L1T,L
AB17C7,N81363,FA24,FAIRCHILD F-24 Argus,L1P,L
AB1CC7,N815JR,ZZZZ,,-0-,-
AB1EC7,N8153Y,P28B,PIPER PA-28-201T/235/236,L1P,L
AB25C7,N8170T,C175,CESSNA 175 Skylark,L1P,L
AB26C7,N81774,PA32,PIPER PA-32,L1P,L
AB27C7,N818HD,AS50,AEROSPATIALE AS-350 Ecureuil,H1T,L
AB28C7,N818TK,C421,CESSNA 421 Executive Commuter,L2P,L
AB29C7,N8182W,P28A,PIPER PA-28-140/150/160/180,L1P,L
AB2BC7,N819LB,BE36,BEECH 36 Bonanza,L1P,L
AB2FC7,N82P,E55P,EMBRAER EMB-505 Phenom 300,L2J,M
AB33C7,N8204H,T6,NORTH AMERICAN T-6 Texan,L1P,L
AB34C7,N821CC,SR22,CIRRUS SR-22,L1P,L
AB37C7,N8216L,C172,CESSNA 172 Skyhawk,L1P,L
AB38C7,N822FA,,,,
AB3FC7,N824AR,S22T,CIRRUS SR-22T Turbo,L1P,L
AB41C7,N824XC,UHEL,,H0-,-
AB42C7,N8245J,BE36,BEECH 36 Bonanza,L1P,L
AB45C7,N8250A,C170,CESSNA 170,L1P,L
AB49C7,N8262D,BE33,BEECH 33 Bonanza,L1P,L
AB4AC7,N8269Q,C185,CESSNA 185 Skywagon,L1P,L
AB4DC7,N8274G,C77R,CESSNA 177RG Cardinal RG,L1P,L
AB4EC7,N828CB,BEAR,AVIPRO RB-4 Bearhawk,L1P,L
AB52C7,N829F,FOX,KITFOX,L1P,L
AB66C7,N83365,CH7A,BELLANCA 7 Champion,L1P,L
AB6AC7,N83488,CH7A,BELLANCA 7 Champion,L1P,L
AB71C7,N83653,CH7A,BELLANCA 7 Champion,L1P,L
AB79C7,N83899,CH7A,BELLANCA 7 Champion,L1P,L
AB7CC7,N83941,CH7A,BELLANCA 7 Champion,L1P,L
AB7DC7,N84CW,G280,GULFSTREAM G280,L2J,M
AB7EC7,N84PB,P28A,PIPER PA-28-140/150/160/180,L1P,L
AB82C7,N8404K,S108,STINSON 108 Voyager,L1P,L
AB89C7,N8421E,PC12,PILATUS PC-12,L1T,L
AB91C7,N8445L,C172,CESSNA 172 Skyhawk,L1P,L
AB9CC7,N8474J,C150,CESSNA 150,L1P,L
ABA0C7,N8486M,C182,CESSNA 182 Skylane,L1P,L
ABA3C7,N8491D,PA22,PIPER PA-22,L1P,L
ABA5C7,N85J,BE35,BEECH 35 Starfire Bonanza,L1P,L
ABAAC7,N85079,CH7A,BELLANCA 7 Champion,L1P,L
ABB1C7,N85244,CH7A,BELLANCA 7 Champion,L1P,L
ABB5C7,N85367,CH7A,BELLANCA 7 Champion,L1P,L
ABB7C7,N854SC,C172,CESSNA 172 Skyhawk,L1P,L
ABB9C7,N8549,CH7B,BELLANCA 7 Citabria,L1P,L
ABBBC7,N855VA,A320,AIRBUS A-320,L2J,M
ABC2C7,N857QR,TTWO,PARKER Teenie Two,L1P,L
ABC4C7,N85778,CH7A,BELLANCA 7 Champion,L1P,L
ABCCC7,N86CY,BL8,BELLANCA 8 Decathlon,L1P,L
ABCDC7,N86PD,C414,CESSNA 414 Chancellor,L2P,L
ABD1C7,N8604M,BE35,BEECH 35 Starfire Bonanza,L1P,L
ABD2C7,N861CG,C25A,CESSNA 525A Citation CJ2,L2J,L
ABD3C7,N861NN,B738,BOEING 737-800,L2J,M
ABD6C7,N862FE,C208,CESSNA 208 Caravan,L1T,L
ABD8C7,N8621G,C150,CESSNA 150,L1P,L
ABD9C7,N8628T,C182,CESSNA 182 Skylane,L1P,L
ABDCC7,N8633K,S108,STINSON 108 Voyager,L1P,L
ABE3C7,N8650E,P28A,PIPER PA-28-140/150/160/180,L1P,L
ABE4C7,N8657R,GLID,,L0-,-
ABE7C7,N8662H,NAVI,NORTH AMERICAN Navion,L1P,L
ABF0C7,N869FD,B77L,BOEING 777-200LR,L2J,H
ABF9C7,N8708A,BE35,BEECH 35 Starfire Bonanza,L1P,L
ABFBC7,N871TS,C337,CESSNA 337 Super Skymaster,L2P,L
ABFDC7,N872AC,BL8,BELLANCA 8 Decathlon,L1P,L
ABFEC7,N872LJ,RV14,VANS RV-14,L1P,L
AC06C7,N874SE,UH1,BELL UH-1 Huey,H1T,L
AC0BC7,N87534,C337,CESSNA 337 Super Skymaster,L2P,L
AC10C7,N877EM,S22T,CIRRUS SR-22T Turbo,L1P,L
AC13C7,N8778,H25B,HAWKER BEECHCRAFT Hawker 750/850,L2J,M
AC16C7,N87822,J3,PIPER J-3 Cub,L1P,L
AC19C7,N879WP,PARA,,P0-,-
AC1AC7,N87945,J3,PIPER J-3 Cub,L1P,L
AC1BC7,N88D,GLEX,BOMBARDIER BD-700 Global 6000/6500,L2J,M
AC1CC7,N88PF,T34P,BEECH T-34 Mentor,L1P,L
AC1DC7,N88ZM,PA31,PIPER PA-31-300/310/325/350/425,L2P,L
AC20C7,N8804P,BDOG,BRITISH AEROSPACE SA-3 Bulldog,L1P,L
AC27C7,N8821J,P28A,PIPER PA-28-140/150/160/180,L1P,L
AC28C7,N8828V,BL17,BELLANCA 17 Viking,L1P,L
AC2BC7,N8833M,BE35,BEECH 35 Starfire Bonanza,L1P,L
AC2DC7,N884MC,E550,EMBRAER EMB-550 Praetor 600,L2J,M
AC2FC7,N8845Q,C185,CESSNA 185 Skywagon,L1P,L
AC32C7,N8850G,C150,CESSNA 150,L1P,L
AC34C7,N886GT,AS50,AEROSPATIALE AS-350 Ecureuil,H1T,L
AC36C7,N8862K,S108,STINSON 108 Voyager,L1P,L
AC39C7,N887VX,DRON,,D0-,-
AC3AC7,N8874N,P28A,PIPER PA-28-140/150/160/180,L1P,L
AC3CC7,N888NP,RV8,VANS RV-8,L1P,L
AC3EC7,N8886R,B14A,BELLANCA 14,L1P,L
AC4CC7,N892AE,CL35,BOMBARDIER BD-100 Challenger 350,L2J,M
AC50C7,N893DC,PTS2,PITTS S-2 Special,L1P,L
AC55C7,N894SG,BALL,,B0-,-
AC64C7,N898TT,RV8,VANS RV-8,L1P,L
AC69C7,N89947,C140,CESSNA 140,L1P,L
AC6AC7,N9DB,GC1,GLOBE Swift,L1P,L
AC6BC7,N9PH,ZZZZ,,-0-,-
AC6CC7,N9ZP,LEG2,LANCAIR Legacy,L1P,L
AC6EC7,N90W,C182,CESSNA 182 Skylane,L1P,L
AC72C7,N9009H,C172,CESSNA 172 Skyhawk,L1P,L
AC77C7,N902NA,T38,NORTHROP T-38 Talon,L2J,L
AC79C7,N9026C,A319,AIRBUS A-319,L2J,M
AC7CC7,N90305,GC1,GLOBE Swift,L1P,L
AC7DC7,N9038F,RV8,VANS RV-8,L1P,L
AC7FC7,N904TX,C750,CESSNA 750 Citation 10,L2J,M
AC82C7,N905LP,GLF4,GULFSTREAM 4,L2J,M
AC88C7,N9067D,PA18,PIPER PA-18 Super Cub,L1P,L
AC89C7,N907GD,BN2P,BRITTEN-NORMAN BN-2 Islander,L2P,L
AC8CC7,N9079G,C182,CESSNA 182 Skylane,L1P,L
AC8DC7,N908KB,B429,BELL 429 GlobalRanger,H2T,L
AC8FC7,N90839,BIPL,EAA Biplane,L1P,L
AC91C7,N909N,G2T1,GREAT LAKES 2T-1,L1P,L
AC93C7,N9096B,CH7A,BELLANCA 7 Champion,L1P,L
AC96C7,N910BC,VENT,SCHEMPP-HIRTH Ventus,L1P,L
AC99C7,N9105W,P28B,PIPER PA-28-201T/235/236,L1P,L
AC9AC7,N911EA,B06,BELL 206 JetRanger,H1T,L
AC9DC7,N9117Z,B25,CONSOLIDATED B-25 Mitchell,L2P,M
ACA0C7,N9122R,M20P,MOONEY M-20,L1P,L
ACA1C7,N91292,AN2,ANTONOV An-2,L1P,L
ACA3C7,N913WC,RV8,VANS RV-8,L1P,L
ACA8C7,N9146X,C182,CESSNA 182 Skylane,L1P,L
ACAAC7,N915RT,LJ55,LEARJET 55,L2J,M
ACAFC7,N9163S,BE23,BEECH 23 Sundowner,L1P,L
ACB0C7,N917BB,C550,CESSNA 550 Citation S2,L2J,L
ACB7C7,N9187Y,,,,
ACBAC7,N9192Q,BE36,BEECH 36 Bonanza,L1P,L
ACBDC7,N92WB,BE95,BEECH 95 Travel Air,L2P,L
ACBEC7,N920GG,T210,CESSNA T210 Turbo Centurion,L1P,L
ACC9C7,N923EV,CRJ2,BOMBARDIER Regional Jet CRJ-200,L2J,M
ACCAC7,N923RA,BE40,BEECH 400 Beechjet,L2J,M
ACCBC7,N92307,C172,CESSNA 172 Skyhawk,L1P,L
ACD0C7,N925AK,C25C,CESSNA 525C Citation CJ4,L2J,M
ACD1C7,N925LR,BE36,BEECH 36 Bonanza,L1P,L
ACD3C7,N9255C,P28A,PIPER PA-28-140/150/160/180,L1P,L
ACD4C7,N926DH,MD90,MCDONNELL-DOUGLAS MD-90,L2J,M
ACD7C7,N9267F,H500,HUGHES 500,H1T,L
ACD9C7,N927SM,AC90,NORTH AMERICAN ROCKWELL Turbo Commander 690/840,L2T,L
ACDBC7,N9279J,P28A,PIPER PA-28-140/150/160/180,L1P,L
ACDEC7,N9284A,P28A,PIPER PA-28-140/150/160/180,L1P,L
ACDFC7,N929BW,BE20,BEECH 200 Super King Air,L2T,M
ACE4C7,N93R,,,,
ACE6C7,N930ML,TBM7,SOCATA TBM-700A/B/C,L1T,L
ACE8C7,N9305Y,BE95,BEECH 95 Travel Air,L2P,L
ACE9C7,N931EC,P28A,PIPER PA-28-140/150/160/180,L1P,L
ACEBC7,N9310Q,BE58,BEECH 58 Baron,L2P,L
ACEFC7,N9322T,S22T,CIRRUS SR-22T Turbo,L1P,L
ACF4C7,N934CR,C414,CESSNA 414 Chancellor,L2P,L
ACFAC7,N9351R,PARA,,P0-,-
AD02C7,N9375X,C182,CESSNA 182 Skylane,L1P,L
AD05C7,N9380P,PA24,PIPER PA-24 Comanche,L1P,L
AD07C7,N939H,SA30,STOLP Starduster Too,L1P,L
AD09C7,N9392S,FOX,KITFOX,L1P,L
AD0CC7,N94WD,LGEZ,RUTAN Long-EZ,L1P,L
AD1DC7,N944UA,,,,
AD1FC7,N945AM,M20P,MOONEY M-20,L1P,L
AD23C7,N946DK,CH7A,BELLANCA 7 Champion,L1P,L
AD24C7,N946PR,HIGH,JUST JA20 Highlander,L1P,L
AD2DC7,N9484C,C180,CESSNA  180 Skywagon,L1P,L
AD33C7,N95RB,PA11,PIPER PA-11 Cub Special,L1P,L
AD37C7,N95050,P28A,PIPER PA-28-140/150/160/180,L1P,L
AD3AC7,N9510S,CH7A,BELLANCA 7 Champion,L1P,L
AD3BC7,N95173,P28A,PIPER PA-28-140/150/160/180,L1P,L
AD3DC7,N952TJ,CH60,ZENAIR CH-600 Zodiac,L1P,L
AD3FC7,N95296,TAYB,TAYLORCRAFT BC/BF/BL,L1P,L
AD40C7,N953LA,AS50,AEROSPATIALE AS-350 Ecureuil,H1T,L
AD42C7,N9534Y,BE35,BEECH 35 Starfire Bonanza,L1P,L
AD46C7,N95461,P28A,PIPER PA-28-140/150/160/180,L1P,L
AD4DC7,N9563W,P28A,PIPER PA-28-140/150/160/180,L1P,L
AD4FC7,N957MM,BE95,BEECH 95 Travel Air,L2P,L
AD54C7,N9580R,BE35,BEECH 35 Starfire Bonanza,L1P,L
AD58C7,N9592U,AA5,AMERICAN AA-5 Tiger,L1P,L
AD59C7,N95995,C152,CESSNA 152,L1P,L
AD5BC7,N96WF,BE58,BEECH 58 Baron,L2P,L
AD5FC7,N9609P,PA25,PIPER PA-25 Pawnee,L1P,L
AD66C7,N9626J,P28A,PIPER PA-28-140/150/160/180,L1P,L
AD69C7,N9631A,UH12,HILLER UH-12,H1P,L
AD6AC7,N9638M,M20P,MOONEY M-20,L1P,L
AD6DC7,N9643D,PA22,PIPER PA-22,L1P,L
AD71C7,N9655G,T206,CESSNA T206 Turbo Stationair,L1P,L
AD7CC7,N9684E,AR11,AERONCA 11 Chief,L1P,L
AD80C7,N9696H,C172,CESSNA 172 Skyhawk,L1P,L
AD82C7,N97RD,GLID,,L0-,-
AD86C7,N97052,C182,CESSNA 182 Skylane,L1P,L
AD89C7,N9710U,AA1,AMERICAN AA-1,L1P,L
AD8AC7,N97175,S108,STINSON 108 Voyager,L1P,L
AD8DC7,N9722X,C210,CESSNA 201 Centurion,L1P,L
AD8EC7,N97298,C182,CESSNA 182 Skylane,L1P,L
AD91C7,N97340,S108,STINSON 108 Voyager,L1P,L
AD93C7,N974PA,SR20,CIRRUS SR-20,L1P,L
AD99C7,N97586,S108,STINSON 108 Voyager,L1P,L
AD9CC7,N9763Y,BE35,BEECH 35 Starfire Bonanza,L1P,L
AD9DC7,N977BH,C421,CESSNA 421 Executive Commuter,L2P,L
AD9EC7,N977MP,C441,CESSNA 441 Conquest,L2T,L
ADA3C7,N9780T,C172,CESSNA 172 Skyhawk,L1P,L
ADA4C7,N97874,S108,STINSON 108 Voyager,L1P,L
ADA7C7,N9792W,P28A,PIPER PA-28-140/150/160/180,L1P,L
ADA8C7,N97997,C182,CESSNA 182 Skylane,L1P,L
ADA9C7,N98LB,BALL,,B0-,-
ADAAC7,N98WH,C82S,CESSNA T182 Turbo Skylane,L1P,L
ADADC7,N9802E,C182,CESSNA 182 Skylane,L1P,L
ADAEC7,N9809R,BE35,BEECH 35 Starfire Bonanza,L1P,L
ADB1C7,N9814H,J3,PIPER J-3 Cub,L1P,L
ADC0C7,N9855J,RV6,VANS RV-6,L1P,L
ADC6C7,N987ST,BE30,BEECH 300 Super King Air,L2T,L
ADCBC7,N9884G,C172,CESSNA 172 Skyhawk,L1P,L
ADD0C7,N99F,SX30,SWEARINGEN SX-300,L1P,L
ADD1C7,N99RF,BE58,BEECH 58 Baron,L2P,L
ADD3C7,N990MS,C68A,CESSNA 680 Citation Latitude,L2J,M
ADD9C7,N99177,ERCO,AIR PRODUCTS F-1 Aircoupe,L1P,L
ADDCC7,N9922Z,FDCT,FLIGHT DESIGN CT,L1P,L
ADDDC7,N993,RV9,VANS RV-9,L1P,L
ADE4C7,N99465,C172,CESSNA 172 Skyhawk,L1P,L
ADE7C7,N9951X,C185,CESSNA 185 Skywagon,L1P,L
ADEBC7,N99630,ERCO,AIR PRODUCTS F-1 Aircoupe,L1P,L
ADEFC7,N99753,ERCO,AIR PRODUCTS F-1 Aircoupe,L1P,L
ADF5C7,N999TM,R22,ROBINSON R-22 Mariner,H1P,L
ADFCC7,93-0647,BE40,BEECH 400 Beechjet,L2J,M
ADFDC7,93-1561,C130,LOCKHEED C-130 Hercules,L4T,M
ADFFC7,65-10401,T38,NORTHROP T-38 Talon,L2J,L
AE00C7,65-10382,T38,NORTHROP T-38 Talon,L2J,L
AE01C7,64-14845,R135,BOEING RC-135,L4J,H
AE02C7,89-9103,C130,LOCKHEED C-130 Hercules,L4T,M
AE03C7,162786,C130,LOCKHEED C-130 Hercules,L4T,M
AE04C7,59-1490,K35R,BOEING KC-135R/T Stratotanker,L4J,H
AE09C7,94-26561,H60,SIKORSKY UH-60 Black Hawk,H2T,M
AE0CC7,91-26344,H60,SIKORSKY UH-60 Black Hawk,H2T,M
AE11C7,03-3701,TEX2,BEECHCRAFT T-6 Texan 2,L1T,L
AE13C7,04-3753,TEX2,BEECHCRAFT T-6 Texan 2,L1T,L
AE14C7,161070,BE9L,BEECH 90 King Air,L2T,L
AE18C7,78-0634,A10,FAIRCHILD A-10 Thunderbolt II,L2J,M
AE1DC7,167843,H60,SIKORSKY UH-60 Black Hawk,H2T,M
AE1EC7,166066,TEX2,BEECHCRAFT T-6 Texan 2,L1T,L
AE1FC7,11-72184,EC45,AIRBUS HELICOPTERS EC-145,H2T,L
AE20C7,07-7186,C17,BOEING C-17 Globemaster 3,L4J,H
AE21C7,02-26974,H60,SIKORSKY UH-60 Black Hawk,H2T,M
AE23C7,07-05502,H64,MCDONNELL DOUGLAS AH-64 Apache,H2T,M
AE26C7,88-0541,F16,GENERAL DYNAMICS F-16 Fighting Falcon,L1J,M
AE49C7,09-9211,C17,BOEING C-17 Globemaster 3,L4J,H
AE4EC7,168762,P8,BOEING P-8 Poseidon,L2J,M
AE4FC7,168119,H60,SIKORSKY UH-60 Black Hawk,H2T,M
AE51C7,11-20401,H60,SIKORSKY UH-60 Black Hawk,H2T,M
AE52C7,10-08814,H47,BOEING-VERTOL CH-47 Chinook,H2T,M
AE54C7,12-5756,C30J,LOCKHEED MARTIN C-130J Super Hercules,L4T,M
AE56C7,13-20607,H60,SIKORSKY UH-60 Black Hawk,H2T,M
AE57C7,169002,P8,BOEING P-8 Poseidon,L2J,M
AE58C7,168920,F18S,BOEING FA-18 SUPER HORNET,L2J,M
AE59C7,14-08166,H47,BOEING-VERTOL CH-47 Chinook,H2T,M
AE5AC7,15-20741,H60,SIKORSKY UH-60 Black Hawk,H2T,M
AE5BC7,16-46022,B762,BOEING 767-200,L2J,H
AE5DC7,169220,F18S,BOEING FA-18 SUPER HORNET,L2J,M
AE5EC7,162036,B06,BELL 206 JetRanger,H1T,L
AE69C7,17-00186,MI8,MIL Mi-8/9/17/19/171/172,H2T,M
AE6BC7,13-20583,H60,SIKORSKY UH-60 Black Hawk,H2T,M
AE6CC7,20-03359,H64,MCDONNELL DOUGLAS AH-64 Apache,H2T,M
AE74C7,21-03428,H64,MCDONNELL DOUGLAS AH-64 Apache,H2T,M
C001C7,C-FARM,,,,
C002C7,C-FBBI,P28A,PIPER PA-28-140/150/160/180,L1P,L
C003C7,C-FBLE,WAIX,SONEX Waiex,L1P,L
C004C7,C-FBVA,C206,CESSNA  206 Stationair,L1P,L
C005C7,C-FCEW,SR20,CIRRUS SR-20,L1P,L
C006C7,C-FCOS,EC20,AIRBUS HELICOPTERS EC-120,H1T,L
C007C7,C-FCYO,DHC1,DE HAVILLAND DHC-1 Chipmunk,L1P,L
C008C7,C-FDIK,PA12,PIPER PA-12 Super Cruiser,L1P,L
C009C7,C-FDSG,DHC2,DE HAVILLAND DHC-2 Beaver,L1P,L
C00AC7,C-FECC,,,,
C00BC7,C-FELY,C172,CESSNA 172 Skyhawk,L1P,L
C00CC7,C-FEVU,C172,CESSNA 172 Skyhawk,L1P,L
C00EC7,C-FFPM,P46T,PIPER PA-46-500TP,L1T,L
C011C7,C-FGTA,PA18,PIPER PA-18 Super Cub,L1P,L
C012C7,C-FHCW,LJ45,LEARJET 45,L2J,M
C013C7,C-FHMS,RV9,VANS RV-9,L1P,L
C014C7,C-FHWO,C172,CESSNA 172 Skyhawk,L1P,L
C015C7,C-FIGK,CH7B,BELLANCA 7 Citabria,L1P,L
C016C7,C-FIQG,C180,CESSNA  180 Skywagon,L1P,L
C017C7,C-FJAC,,,,
C018C7,C-FJJY,D11,JODEL D-11x/12x,L1P,L
C01AC7,C-FKDQ,SKIM,COLONIAL Skimmer,A1P,L
C01BC7,C-FKNM,ULAC,,L0-,-
C01DC7,C-FLHE,B734,BOEING 737-400,L2J,M
C01FC7,C-FMAW,DHC2,DE HAVILLAND DHC-2 Beaver,L1P,L
C020C7,C-FMKS,R44,ROBINSON R-44 Raven,H1P,L
C022C7,C-FNEK,PA24,PIPER PA-24 Comanche,L1P,L
C023C7,C-FNOG,B789,BOEING 787-9 Dreamliner,L2J,H
C024C7,C-FNYC,ZZZZ,,-0-,-
C025C7,C-FOHY,PA11,PIPER PA-11 Cub Special,L1P,L
C026C7,C-FORU,R66,ROBINSON R-66,H1T,L
C027C7,C-FPBQ,BCS3,AIRBUS A220-300,L2J,M
C028C7,C-FPLM,GLID,,L0-,-
C029C7,C-FPVI,C172,CESSNA 172 Skyhawk,L1P,L
C02AC7,C-FQFE,PA22,PIPER PA-22,L1P,L
C02BC7,C-FQPA,PA24,PIPER PA-24 Comanche,L1P,L
C02DC7,C-FRIS,TAIL,WITTMAN Tailwind,L1P,L
C02EC7,C-FRSO,B789,BOEING 787-9 Dreamliner,L2J,H
C02FC7,C-FSCK,C82R,CESSNA R182 Skylane RG,L1P,L
C030C7,C-FSMG,GLST,GLASAIR SH-4 GlaStar,L1P,L
C031C7,C-FSWC,,,,
C032C7,C-FTFY,P28A,PIPER PA-28-140/150/160/180,L1P,L
C033C7,C-FTPU,C150,CESSNA 150,L1P,L
C034C7,C-FTZQ,,,,
C036C7,C-FUTI,C172,CESSNA 172 Skyhawk,L1P,L
C038C7,C-FVNA,PA27,PIPER PA-23-250 Aztec,L2P,L
C039C7,C-FVWW,PA12,PIPER PA-12 Super Cruiser,L1P,L
C03AC7,C-FWGS,B06,BELL 206 JetRanger,H1T,L
C03CC7,C-FXAK,,,,
C03FC7,C-FYDY,B738,BOEING 737-800,L2J,M
C041C7,C-FYXQ,,,,
C042C7,C-FZHM,,,,
C043C7,C-FZRI,BE18,BEECH 18 Expetitor,L2P,L
C045C7,C-GALA,GLID,,L0-,-
C048C7,C-GBOO,PA12,PIPER PA-12 Super Cruiser,L1P,L
C049C7,C-GBYK,R44,ROBINSON R-44 Raven,H1P,L
C04AC7,C-GCIG,EN28,ENSTROM F-28,H1P,L
C04BC7,C-GCSC,C182,CESSNA 182 Skylane,L1P,L
C04CC7,C-GDBY,P28A,PIPER PA-28-140/150/160/180,L1P,L
C04DC7,C-GDLU,PA22,PIPER PA-22,L1P,L
C04EC7,C-GDVQ,P28A,PIPER PA-28-140/150/160/180,L1P,L
C04FC7,C-GEFM,C150,CESSNA 150,L1P,L
C050C7,C-GEPI,BALL,,B0-,-
C052C7,C-GFJA,GL7T,BOMBARDIER BD-700 Global 7000/7500,L2J,M
C053C7,C-GFSW,C414,CESSNA 414 Chancellor,L2P,L
C054C7,C-GGCS,GLID,,L0-,-
C055C7,C-GGMO,ULAC,,L0-,-
C056C7,C-GGWK,P28R,PIPER PA-28R-180/200/201,L1P,L
C057C7,C-GHGG,C172,CESSNA 172 Skyhawk,L1P,L
C058C7,C-GHQC,C172,CESSNA 172 Skyhawk,L1P,L
C05AC7,C-GIJU,P28A,PIPER PA-28-140/150/160/180,L1P,L
C05BC7,C-GITQ,B06,BELL 206 JetRanger,H1T,L
C05CC7,C-GJDM,,,,
C05DC7,C-GJNI,C182,CESSNA 182 Skylane,L1P,L
C05EC7,C-GJXE,BCS3,AIRBUS A220-300,L2J,M
C05FC7,C-GKHA,R44,ROBINSON R-44 Raven,H1P,L
C061C7,C-GLAS,,,,
C062C7,C-GLKO,B06,BELL 206 JetRanger,H1T,L
C063C7,C-GLUK,BE23,BEECH 23 Sundowner,L1P,L
C064C7,C-GMEG,C185,CESSNA 185 Skywagon,L1P,L
C065C7,C-GMOC,BE20,BEECH 200 Super King Air,L2T,M
C067C7,C-GNHU,C185,CESSNA 185 Skywagon,L1P,L
C069C7,C-GOBM,LEG2,LANCAIR Legacy,L1P,L
C06AC7,C-GOLI,C172,CESSNA 172 Skyhawk,L1P,L
C06BC7,C-GOVE,BE23,BEECH 23 Sundowner,L1P,L
C06CC7,C-GPFA,C310,CESSNA 310,L2P,L
C06DC7,C-GPOW,C414,CESSNA 414 Chancellor,L2P,L
C06EC7,C-GPYS,,,,
C06FC7,C-GQIO,CH7B,BELLANCA 7 Citabria,L1P,L
C070C7,C-GQSK,BOLT,STEEN Skybolt,L1P,L
C071C7,C-GRCG,PA30,PIPER PA-30 Twin Comanche,L2P,L
C072C7,C-GRMC,P28S,PIPER PA-28R-201T,L1P,L
C073C7,C-GRVY,,,,
C074C7,C-GSFU,F2TH,DASSAULT Falcon 2000,L2J,M
C075C7,C-GSPQ,C172,CESSNA 172 Skyhawk,L1P,L
C076C7,C-GSZM,H500,HUGHES 500,H1T,L
C078C7,C-GTTE,AS50,AEROSPATIALE AS-350 Ecureuil,H1T,L
C079C7,C-GUDA,C172,CESSNA 172 Skyhawk,L1P,L
C07BC7,C-GUWS,B737,BOEING 737-700,L2J,M
C07CC7,C-GVGO,,,,
C07EC7,C-GWAG,PA27,PIPER PA-23-250 Aztec,L2P,L
C07FC7,C-GWKC,C172,CESSNA 172 Skyhawk,L1P,L
C080C7,C-GWTY,C172,CESSNA 172 Skyhawk,L1P,L
C082C7,C-GXNQ,C150,CESSNA 150,L1P,L
C084C7,C-GYHI,C180,CESSNA  180 Skywagon,L1P,L
C085C7,C-GYRE,GLID,,L0-,-
C086C7,C-GZBA,AS50,AEROSPATIALE AS-350 Ecureuil,H1T,L
C087C7,C-GZKW,P28R,PIPER PA-28R-180/200/201,L1P,L
C088C7,C-GZUS,RV9,VANS RV-9,L1P,L
C08AC7,C-IAOK,ULAC,,L0-,-
C08BC7,C-IAYG,ULAC,,L0-,-
C08CC7,C-IBIC,JK05,EKOLOT JK-05,L1P,L
C08EC7,C-ICBU,ULAC,,L0-,-
C08FC7,C-ICLQ,ULAC,,L0-,-
C090C7,C-ICVM,ULAC,,L0-,-
C091C7,C-IDFI,ULAC,,L0-,-
C092C7,C-IDPE,ULAC,,L0-,-
C093C7,C-IDZA,MAME,BLUE YONDER Merlin,L1P,L
C094C7,C-IEIW,ULAC,,L0-,-
C095C7,C-IESS,ULAC,,L0-,-
C097C7,C-IFMK,,,,
C098C7,C-IFWG,ULAC,,L0-,-
C099C7,C-IGGC,RW26,RAGWING RW-26 Special 2,L1P,L
C09AC7,C-IGPY,ULAC,,L0-,-
C09BC7,C-IGZU,FOX,KITFOX,L1P,L
C09DC7,C-IHTM,PARA,,P0-,-
C09FC7,C-IINE,,,,
C0A1C7,C-IJGW,PARA,,P0-,-
C0A2C7,C-IJQS,ULAC,,L0-,-
C0A3C7,C-IKAO,ULAC,,L0-,-
C0A6C7,C-ILEC,PARA,,P0-,-
C0A7C7,C-ILNY,,,,
C0A8C7,C-ILXU,,,,
C0C0C7,C-IVAC,SVNH,AEROTEC Savannah,L1P,L
C0C7C7,C-IXRA,ULAC,,L0-,-
C1E4C7,SERV,SERV,,V0-,-
C1E9C7,SERV,SERV,,V0-,-
C2AFC7,177702,C17,BOEING C-17 Globemaster 3,L4J,H
C2B4C7,148821,S92,SIKORSKY S-92 Helibus,H2T,M
C800C7,ZK-BJB,C180,CESSNA  180 Skywagon,L1P,L
C802C7,ZK-DGO,P28A,PIPER PA-28-140/150/160/180,L1P,L
C803C7,ZK-EBH,P28A,PIPER PA-28-140/150/160/180,L1P,L
C804C7,ZK-NPH,C152,CESSNA 152,L1P,L
C80CC7,ZK-HGH,AS50,AEROSPATIALE AS-350 Ecureuil,H1T,L
C80FC7,ZK-HJL,H269,HUGHES Sky Knight,H1P,L
C812C7,ZK-CBA,FU24,FLETCHER FU-24,L1P,L
C813C7,ZK-GRJ,AS25,SCHLEICHER ASH-25,L1P,L
C814C7,ZK-RAU,GYRO,,G0-,-
C815C7,ZK-LBW,MC10,COLOMBAN Cricri,L2P,L
C816C7,ZK-CVM,DHC1,DE HAVILLAND DHC-1 Chipmunk,L1P,L
C817C7,ZK-ICF,R44,ROBINSON R-44 Raven,H1P,L
C819C7,ZK-HVX,R44,ROBINSON R-44 Raven,H1P,L
C81CC7,ZK-MBD,CRUZ,CSA PS-28 Cruiser,L1P,L
C81DC7,ZK-LVA,RV7,VANS RV-7,L1P,L
C81EC7,ZK-HMU,B06,BELL 206 JetRanger,H1T,L
C820C7,ZK-CGW,BE76,BEECH 76 Duchess,L2P,L
C827C7,ZK-EHS,GA8,GIPPSAERO GA-8 Airvan,L1P,L
C828C7,ZK-SLI,M7,MAULE M-7,L1P,L
C829C7,ZK-TCT,P208,TECNAM P-2008,L1P,L
E035C7,LV-CWG,PA31,PIPER PA-31-300/310/325/350/425,L2P,L
E062C7,LV-FKG,C510,CESSNA 510 Citation Mustang,L2J,L
E071C7,LV-GGG,PA18,PIPER PA-18 Super Cub,L1P,L
E082C7,LV-HKG,PA24,PIPER PA-24 Comanche,L1P,L
E091C7,LV-IGG,C182,CESSNA 182 Skylane,L1P,L
E0A5C7,LV-JWG,SR22,CIRRUS SR-22,L1P,L
E174C7,LV-WSG,SS2T,TRUSH Turbo Thrush 500/550,L1T,L
E47EC7,PR-MAO,A319,AIRBUS A-319,L2J,M
E48DC7,PP-LTT,PA34,PIPER PA-34 Seneca,L2P,L
E490C7,PR-ASG,BE58,BEECH 58 Baron,L2P,L
E494C7,PR-EUJ,C172,CESSNA 172 Skyhawk,L1P,L
E495C7,PT-RBZ,GLEX,BOMBARDIER BD-700 Global 6000/6500,L2J,M
E497C7,PS-LGP,LJ40,LEARJET 40,L2J,M
E499C7,PS-FPR,GA5C,GULFSTREAM G500,L2J,M
E49AC7,PS-MFK,C25B,CESSNA 525B Citation CJ3,L2J,L
E880C7,ZP-TEI,P28R,PIPER PA-28R-180/200/201,L1P,L
E8CFC7,FAP-382,C130,LOCKHEED C-130 Hercules,L4T,M
