0083CC,ZS-ALF,E135,EMBRAER ERJ-135,L2J,M
0095CC,ZS-IFZ,C177,CESSNA  177 Cardinal,L1P,L
00A1CC,ZS-MUD,P28R,PIPER PA-28R-180/200/201,L1P,L
00AFCC,ZS-SBZ,R44,ROBINSON R-44 Raven,H1P,L
0101CC,SU-SMM,GLF4,GULFSTREAM 4,L2J,M
0200CC,CN-MVI,B738,BOEING 737-800,L2J,M
02A1CC,TS-IOM,B736,BOEING 737-600,L2J,M
04C0CC,5Y-ELO,C208,CESSNA 208 Caravan,L1T,L
06A1CC,A7-CGG,GLF6,GULFSTREAM G650,L2J,M
0700CC,6V-AGM,PA31,PIPER PA-31-300/310/325/350/425,L2P,L
08CECC,9S-ABD,AT75,ATR-72-500,L2T,M
0AC3CC,HK-5277,A320,AIRBUS A-320,L2J,M
0C20CC,HP-2110DAE,B752,BOEING 757-200,L2J,M
0D09CC,XA-QKY,F900,DASSAULT Falcon 900,L3J,M
0D0CCC,XA-OAV,H25A,HAWKER SIDDELEY HS-125,L2J,M
0D0DCC,XA-VBS,A21N,AIRBUS A-321neo,L2J,M
141CCC,RA-07372,R66,ROBINSON R-66,H1T,L
141ECC,RA-07884,TOBA,SOCATA Tobago,L1P,L
1501CC,RA-65996,T134,TUPOLEV Tu-134,L2J,M
1505CC,RA-67020,L410,LET L-410 Turbolet,L2T,L
151DCC,RA-73164,A321,AIRBUS A-321,L2J,M
151ECC,RA-73420,A320,AIRBUS A-320,L2J,M
151FCC,RA-73676,A319,AIRBUS A-319,L2J,M
1533CC,RA-78796,IL76,ILYUSHIN Il-76/82,L4J,H
155BCC,RA-89036,SU95,SUKHOI Superjet 100-95,L2J,M
3000CC,I-BIKI,A320,AIRBUS A-320,L2J,M
3005CC,I-JONA,ULAC,,L0-,-
3006CC,I-AZRO,P28U,PIPER PA-28RT-201T Turbo,L1P,L
31D8CC,I-7413,STCH,FLY SYNTHESIS Storch,L1P,L
31DDCC,I-7492,EV97,EVEKTRO EV-97 EuroStar,L1P,L
31DECC,I-D680,VL3,AVEKO Flamingo,L1P,L
33FFCC,MM55081,M339,AERMACCHI MB-339,L1J,L
3415CC,EC-MAZ,B412,BELL 412,H2T,L
3420CC,EC-IZR,A320,AIRBUS A-320,L2J,M
3422CC,HE.26-02,EC35,AIRBUS HELICOPTERS EC-135/635,H2T,L
3425CC,EC-KES,C25A,CESSNA 525A Citation CJ2,L2J,L
3430CC,EC-KLT,A320,AIRBUS A-320,L2J,M
3435CC,HU.26-02,EC35,AIRBUS HELICOPTERS EC-135/635,H2T,L
3442CC,EC-LRU,AT76,ATR-72-600,L2T,M
3444CC,EC-MAN,A320,AIRBUS A-320,L2J,M
3450CC,EC-MHL,A333,AIRBUS A-330-300,L2J,H
3451CC,EC-MJK,EC45,AIRBUS HELICOPTERS EC-145,H2T,L
3453CC,EC-MQP,B738,BOEING 737-800,L2J,M
3460CC,EC-KBL,C172,CESSNA 172 Skyhawk,L1P,L
3462CC,EC-NEG,A139,AGUSTA AW-139,H2T,L
3464CC,EC-NJB,P208,TECNAM P-2008,L1P,L
3472CC,EC-NTQ,A20N,AIRBUS A-320neo,L2J,M
3532CC,T.23-12,A400,AIRBUS A-400M,L4T,H
3571CC,E.27-12,PC21,PILATUS PC-21,L1T,L
3593CC,HE.26-23,EC35,AIRBUS HELICOPTERS EC-135/635,H2T,L
3824CC,F-BJGM,WA41,WASSMER WA-41 Baladou,L1P,L
3908CC,F-GCGM,ALO2,SUD Alouette 2,H1T,L
390DCC,F-GDOM,C172,CESSNA 172 Skyhawk,L1P,L
3915CC,F-GFOM,ATL,ROBIN ATL,L1P,L
3925CC,F-GJOM,P28A,PIPER PA-28-140/150/160/180,L1P,L
3929CC,F-GKOM,F900,DASSAULT Falcon 900,L3J,M
3939CC,F-GOOM,P28A,PIPER PA-28-140/150/160/180,L1P,L
393DCC,F-GPOM,DR40,ROBIN DR-400,L1P,L
3949CC,F-GSOM,M20T,MOONEY M-20T,L1P,L
3950CC,F-GUGM,A318,AIRBUS A-318,L2J,M
395CCC,F-GXGM,DR40,ROBIN DR-400,L1P,L
3960CC,F-GYGM,DA42,DIAMOND DA-42 Guardian,L2P,L
3964CC,F-GZGM,H500,HUGHES 500,H1T,L
3988CC,F-HCGM,SIRA,TECNAM P-2002 Sierra,L1P,L
3989CC,F-HCOM,C337,CESSNA 337 Super Skymaster,L2P,L
398CCC,F-HDGM,R44,ROBINSON R-44 Raven,H1P,L
3995CC,F-HFOM,EC35,AIRBUS HELICOPTERS EC-135/635,H2T,L
39B0CC,F-HMGM,AS50,AEROSPATIALE AS-350 Ecureuil,H1T,L
39C9CC,F-HSOM,EC45,AIRBUS HELICOPTERS EC-145,H2T,L
3AAACC,F-MEAW,NH90,NHI NH-90,H2T,M
3AABCC,5611,AS55,AEROSPATIALE AS-355 Ecureuil 2,H2T,L
3B75CC,3-XD,MIR2,DASSAULT Mirage 2000,L1J,M
3B76CC,F-RAVM,AS55,AEROSPATIALE AS-355 Ecureuil 2,H2T,L
3B77CC,066,CN35,CASA CN-235 Persuader,L2T,M
3B9BCC,28,ATLA,BREGUET Atlantic,L2T,M
3C0ACC,D-ATCH,A320,AIRBUS A-320,L2J,M
3C17CC,D-AYAH,A21N,AIRBUS A-321neo,L2J,M
3C1CCC,D-AZXN,A21N,AIRBUS A-321neo,L2J,M
3C49CC,D-ABNL,A320,AIRBUS A-320,L2J,M
3C4ACC,D-ABVL,B744,BOEING 747-400,L4J,H
3C4CCC,D-ACFL,FA7X,DASSAULT Falcon 7X,L3J,M
3C4DCC,D-ACNL,CRJ9,BOMBARDIER Regional Jet CRJ-900,L2J,M
3C64CC,D-AIFL,GLEX,BOMBARDIER BD-700 Global 6000/6500,L2J,M
3C65CC,D-AINL,A20N,AIRBUS A-320neo,L2J,M
3C6DCC,D-AKNL,A319,AIRBUS A-319,L2J,M
3D04CC,D-EABK,JUNR,BOLKOW BO-208 Junior,L1P,L
3D05CC,D-EALG,LA4,LAKE LA-4/200,A1P,L
3D06CC,D-EAVC,C172,CESSNA 172 Skyhawk,L1P,L
3D07CC,D-EBEY,P28A,PIPER PA-28-140/150/160/180,L1P,L
3D08CC,D-EBOU,SV4,NORD SV-4,L1P,L
3D09CC,D-EBYQ,C182,CESSNA 182 Skylane,L1P,L
3D0ACC,D-ECIM,P28A,PIPER PA-28-140/150/160/180,L1P,L
3D0BCC,D-ECSI,P28A,PIPER PA-28-140/150/160/180,L1P,L
3D0CCC,D-EDCE,PA22,PIPER PA-22,L1P,L
3D0DCC,D-EDMA,DO27,DORNIER Do-27,L1P,L
3D0FCC,D-EEFS,C172,CESSNA 172 Skyhawk,L1P,L
3D12CC,D-EFJG,B209,MBB BO-209 Monsun,L1P,L
3D13CC,D-EFTC,B209,MBB BO-209 Monsun,L1P,L
3D18CC,D-EHQI,S223,MBB 223 Flamingo,L1P,L
3D19CC,D-EIAE,DR22,CENTRE EST Dauphin,L1P,L
3D22CC,D-ELKU,C172,CESSNA 172 Skyhawk,L1P,L
3D24CC,D-EMEM,P28A,PIPER PA-28-140/150/160/180,L1P,L
3D25CC,D-EMOI,DR40,ROBIN DR-400,L1P,L
3D27CC,D-ENIA,C150,CESSNA 150,L1P,L
3D28CC,D-ENRW,T206,CESSNA T206 Turbo Stationair,L1P,L
3D29CC,D-EOBS,DR30,CENTRE EST Prince,L1P,L
3D2CCC,D-EPFG,C82R,CESSNA R182 Skylane RG,L1P,L
3D2DCC,D-EPPC,DV20,DIAMOND DA-20,L1P,L
3D31CC,D-ERCM,DV20,DIAMOND DA-20,L1P,L
3D32CC,D-ERMI,P28S,PIPER PA-28R-201T,L1P,L
3D33CC,D-ERWE,M20P,MOONEY M-20,L1P,L
3D34CC,D-ESGA,PA32,PIPER PA-32,L1P,L
3D35CC,D-ESPW,C172,CESSNA 172 Skyhawk,L1P,L
3D38CC,D-ETTK,C172,CESSNA 172 Skyhawk,L1P,L
3D3ECC,D-EWAM,DR40,ROBIN DR-400,L1P,L
3D3FCC,D-EWKI,Z43,ZLIN Z-43/143,L1P,L
3D5FCC,D-FINK,C208,CESSNA 208 Caravan,L1T,L
3D8FCC,D-GASA,AE45,AERO Super Aero 145,L2P,L
3DA3CC,D-GIGY,BE76,BEECH 76 Duchess,L2P,L
3DADCC,D-GMBK,PA34,PIPER PA-34 Seneca,L2P,L
3DD2CC,D-HABS,EC35,AIRBUS HELICOPTERS EC-135/635,H2T,L
3DD3CC,D-HALO,R44,ROBINSON R-44 Raven,H1P,L
3DD6CC,D-HBPC,EC35,AIRBUS HELICOPTERS EC-135/635,H2T,L
3DDDCC,D-HEGA,AS32,AEROSPATIALE AS-332 Super Puma,H2T,M
3E04CC,D-HTAA,AS50,AEROSPATIALE AS-350 Ecureuil,H1T,L
3E5FCC,D-KBMA,LAE1,LANGE E-1 Antares 20E,L1E,L
3E67CC,D-KEMU,GLID,,L0-,-
3E69CC,D-KFGM,SF25,SCHEIBE SF-25 Falke,L1P,L
3E6FCC,D-KHNO,AS29,SCHLEICHER ASG-29,L1P,L
3E76CC,D-KKEM,GLID,,L0-,-
3E7ACC,D-KLRW,VENT,SCHEMPP-HIRTH Ventus,L1P,L
3EA1CC,54+04,A400,AIRBUS A-400M,L4T,H
3EC4CC,D-KPMI,GLID,,L0-,-
3ECBCC,D-KSDG,DG1T,DG FLUGZEUGBAU DG-1001T,L1P,L
3ED1CC,D-KUKI,GLID,,L0-,-
3EF1CC,D-4405,GLID,,L0-,-
3EFBCC,D-6965,VENT,SCHEMPP-HIRTH Ventus,L1P,L
3EFECC,D-7733,GLID,,L0-,-
3F88CC,79+63,NH90,NHI NH-90,H2T,M
3FD6CC,D-OSTW,BALL,,B0-,-
3FEACC,D-MMDD,FDCT,FLIGHT DESIGN CT,L1P,L
3FEBCC,D-MECK,EV97,EVEKTRO EV-97 EuroStar,L1P,L
3FEDCC,D-MLFA,ULAC,,L0-,-
3FEECC,D-MZKA,SAVG,ZLIN AVIATION Savage,L1P,L
3FEFCC,D-MILH,CDUS,AUTOGYRO Calidus,G1P,L
3FF0CC,D-MIGE,G3,REMOS Mirage,L1P,L
3FF1CC,D-MDIS,ALSL,AIRLONY Skylane,L1P,L
3FF2CC,D-MZES,CH60,ZENAIR CH-600 Zodiac,L1P,L
3FF3CC,D-MDUS,CDUS,AUTOGYRO Calidus,G1P,L
3FF4CC,D-MXIF,C42,IKARUS C-42 Bison,L1P,L
3FF6CC,D-MFXY,EFOX,AEROPRO Eurofox,L1P,L
4009CC,G-FRAJ,FA20,DASSAULT Falcon 200,L2J,M
400ACC,G-ZLOJ,BT36,BEECH B36TC Bonanza,L1P,L
400CCC,G-BJNZ,PA27,PIPER PA-23-250 Aztec,L2P,L
400DCC,G-ZOOL,C152,CESSNA 152,L1P,L
400ECC,G-BYUH,G115,GROB G-115,L1P,L
4011CC,G-DHDV,DOVE,DE HAVILLAND DH-104 Dove,L2P,L
4014CC,G-AOTY,DHC1,DE HAVILLAND DHC-1 Chipmunk,L1P,L
4015CC,G-ASKT,P28A,PIPER PA-28-140/150/160/180,L1P,L
4016CC,G-AVEU,WA40,WASSMER WA-40 Super 4,L1P,L
4018CC,G-BTGS,SA30,STOLP Starduster Too,L1P,L
401ACC,G-EROL,GAZL,AEROSPATIALE SA-341 Gazelle,H1T,L
4029CC,G-PITZ,PTS2,PITTS S-2 Special,L1P,L
402ACC,G-FTIL,DR40,ROBIN DR-400,L1P,L
402ECC,G-BRBP,C152,CESSNA 152,L1P,L
4032CC,G-MWNE,ULAC,,L0-,-
4036CC,G-OMJT,LGEZ,RUTAN Long-EZ,L1P,L
4037CC,G-IIRG,GLAS,Glasair,L1P,L
403FCC,G-MZMK,ULAC,,L0-,-
4040CC,G-BYEM,C82R,CESSNA R182 Skylane RG,L1P,L
4045CC,G-CBBH,XAIR,RAJ HAMSA X-AIR Falcon,L1P,L
4046CC,G-CBJW,C42,IKARUS C-42 Bison,L1P,L
4047CC,G-CEEU,P28A,PIPER PA-28-140/150/160/180,L1P,L
4049CC,G-CCHM,ULAC,,L0-,-
404ACC,G-PDGP,AS55,AEROSPATIALE AS-355 Ecureuil 2,H2T,L
404DCC,G-LGCB,DR40,ROBIN DR-400,L1P,L
404ECC,G-MRVL,RV7,VANS RV-7,L1P,L
404FCC,G-RCST,JAB4,JABIRU J200-450,L1P,L
4050CC,G-RIBA,ULAC,,L0-,-
4053CC,G-CJKG,GLID,,L0-,-
4056CC,G-CFAT,ULAC,,L0-,-
405ACC,G-IGLY,ULAC,,L0-,-
405BCC,G-CJSH,GLID,,L0-,-
405FCC,G-REDF,AS65,AEROSPATIALE AS-365 Dauphin 2,H2T,L
4060CC,G-MAHY,C182,CESSNA 182 Skylane,L1P,L
4063CC,G-CGNW,SF25,SCHEIBE SF-25 Falke,L1P,L
4066CC,G-NMCL,EFOX,AEROPRO Eurofox,L1P,L
4067CC,G-CHHL,BALL,,B0-,-
406ACC,G-XARA,CRUZ,CSA PS-28 Cruiser,L1P,L
406BCC,G-CIIA,ULAC,,L0-,-
406CCC,G-EFNH,C82R,CESSNA R182 Skylane RG,L1P,L
406ECC,G-VFAN,B789,BOEING 787-9 Dreamliner,L2J,H
406FCC,G-TSDE,A210,AQUILA A-210,L1P,L
4071CC,G-CJKI,BALL,,B0-,-
4074CC,G-YROT,MT,ROTORSPORT MTOSport,G1P,L
4076CC,G-TTNI,A20N,AIRBUS A-320neo,L2J,M
4077CC,G-CLDH,CAMP,GREGA GN-1 Aircamper,L1P,L
4079CC,G-VLIB,A35K,AIRBUS A-350-1000,L2J,H
407BCC,G-IZEN,GLID,,L0-,-
407CCC,G-OEKO,PIVI,PIPSTREL Virus,L1P,L
4242CC,VP-BOT,GLF6,GULFSTREAM G650,L2J,M
4243CC,VQ-BVL,B738,BOEING 737-800,L2J,M
4245CC,VP-CDI,A320,AIRBUS A-320,L2J,M
4247CC,VP-CGP,GLF6,GULFSTREAM G650,L2J,M
4249CC,VQ-BKJ,A321,AIRBUS A-321,L2J,M
424BCC,M-SFPL,GLEX,BOMBARDIER BD-700 Global 6000/6500,L2J,M
43C0CC,XZ290,GAZL,AEROSPATIALE SA-341 Gazelle,H1T,L
43C1CC,ZA463,TOR,PANAVIA Tornado,L2J,M
43C4CC,ZA720,H47,BOEING-VERTOL CH-47 Chinook,H2T,M
43C6CC,ZK316,EUFI,EUROFIGHTER 2000,L2J,M
43C8CC,ZM325,TEX2,BEECHCRAFT T-6 Texan 2,L1T,L
43EACC,M-LLMW,B350,BEECHCRAFT Super King Air 350,L2T,M
43EBCC,2-TBMI,TBM9,SOCATA TBM-900/910/930/940,L1T,L
4401CC,OE-CEO,CH7B,BELLANCA 7 Citabria,L1P,L
4403CC,OE-PZP,BALL,,B0-,-
4404CC,OE-LGL,DH8D,DE HAVILLAND DHC-8-400 Dash 8,L2T,M
4406CC,OE-AAZ,DV20,DIAMOND DA-20,L1P,L
4408CC,OE-7142,WT9,AEROSPOOL WT-9 Dynamic,L1P,L
4409CC,OE-HVV,CL35,BOMBARDIER BD-100 Challenger 350,L2J,M
440BCC,OE-LNU,B752,BOEING 757-200,L2J,M
440CCC,OE-IDD,A320,AIRBUS A-320,L2J,M
4489CC,OO-BNL,BALL,,B0-,-
4497CC,OO-E16,CH60,ZENAIR CH-600 Zodiac,L1P,L
44A3CC,OO-H16,SAVG,ZLIN AVIATION Savage,L1P,L
44A7CC,OO-I16,WT9,AEROSPOOL WT-9 Dynamic,L1P,L
44A9CC,OO-JNL,B763,BOEING 767-300,L2J,H
44CCCC,OO-SFL,A333,AIRBUS A-330-300,L2J,H
44CDCC,OO-SNL,A320,AIRBUS A-320,L2J,M
4586CC,OY-AVL,DHC1,DE HAVILLAND DHC-1 Chipmunk,L1P,L
459CCC,OY-GFL,C82R,CESSNA R182 Skylane RG,L1P,L
45A1CC,OY-HNL,EC45,AIRBUS HELICOPTERS EC-145,H2T,L
460BCC,OH-EME,Z26,ZLIN Z-26/126/226/326/526/626/726,L1P,L
4613CC,OH-HMY,EC35,AIRBUS HELICOPTERS EC-135/635,H2T,L
4631CC,OH-SWI,C25A,CESSNA 525A Citation CJ2,L2J,L
4684CC,SX-AFL,RALL,SOCATA Rallye,L1P,L
4692CC,SX-DVL,A320,AIRBUS A-320,L2J,M
470ACC,HA-ECI,EC35,AIRBUS HELICOPTERS EC-135/635,H2T,L
471FCC,HA-MBD,AN2,ANTONOV An-2,L1P,L
477FCC,R-901,EXPL,MCDONNELL-DOUGLAS MD-900 Explorer,H2T,L
4783CC,LN-WFT,DH8C,DE HAVILLAND DHC-8-300 Dash 8,L2T,M
478FCC,LN-LNL,B789,BOEING 787-9 Dreamliner,L2J,H
4845CC,PH-JNJ,BALL,,B0-,-
484ACC,PH-EZB,E190,EMBRAER ERJ-190-100,L2J,M
484CCC,PH-1462,GLID,,L0-,-
484DCC,PH-894,GLID,,L0-,-
4850CC,PH-JAY,C510,CESSNA 510 Citation Mustang,L2J,L
4851CC,PH-1IZ,ZZZZ,,-0-,-
4853CC,PH-1MZ,ZZZZ,,-0-,-
4855CC,PH-2LA,ZZZZ,,-0-,-
4856CC,PH-2YC,ZZZZ,,-0-,-
4859CC,PH-CJX,BE58,BEECH 58 Baron,L2P,L
485ECC,PH-BVW,B77W,BOEING 777-300ER,L2J,H
4863CC,PH-SKL,BALL,,B0-,-
489ECC,SP-HXN,EC35,AIRBUS HELICOPTERS EC-135/635,H2T,L
48C9CC,SP-TOM,R44,ROBINSON R-44 Raven,H1P,L
48FDCC,SP-SAOM,CRUZ,CSA PS-28 Cruiser,L1P,L
4906CC,CS-AVL,BE76,BEECH 76 Duchess,L2P,L
4951CC,CS-TNL,A320,AIRBUS A-320,L2J,M
49C0CC,OK-NUR03,MD3R,FLYITALIA MD-3 Rider ,L1P,L
49C1CC,OK-QUA01,UF10,URBAN UFM-10 Samba,L1P,L
49D0CC,OK-OOO,C82R,CESSNA R182 Skylane RG,L1P,L
49D1CC,OK-VYS,AC11,NORTH AMERICAN ROCKWELL Commander 112/114,L1P,L
49D2CC,OK-AHC,HUCO,BELL AH-1 HueyCobra,H1T,L
49D3CC,OK-STH,R22,ROBINSON R-22 Mariner,H1P,L
4A04CC,YR-AFL,C152,CESSNA 152,L1P,L
4A9DCC,SE-GNL,P28A,PIPER PA-28-140/150/160/180,L1P,L
4AA8CC,SE-JFL,AS50,AEROSPATIALE AS-350 Ecureuil,H1T,L
4AACCC,SE-KFL,P28A,PIPER PA-28-140/150/160/180,L1P,L
4AAECC,SE-KVL,BE20,BEECH 200 Super King Air,L2T,M
4AC8CC,SE-RFL,C680,CESSNA 680 Citation Sovereign,L2J,M
4AD5CC,SE-UNL,GLID,,L0-,-
4AD6CC,SE-UVL,DUOD,SCHEMPP-HIRTH Duo Discus,L1P,L
4AE0CC,SE-XFL,DR10,CENTRE EST Ambassadeur,L1P,L
4B07CC,HB-CYU,C172,CESSNA 172 Skyhawk,L1P,L
4B0ECC,HB-FPS,PC12,PILATUS PC-12,L1T,L
4B10CC,HB-GJK,BE60,BEECH 60 Duke,L2P,L
4B14CC,HB-HWU,PC21,PILATUS PC-21,L1T,L
4B27CC,HB-PBW,P28A,PIPER PA-28-140/150/160/180,L1P,L
4B2BCC,HB-QPG,BALL,,B0-,-
4B2CCC,HB-QZC,BALL,,B0-,-
4B3CCC,HB-XAQ,ALO2,SUD Alouette 2,H1T,L
4B43CC,HB-ZRO,EC20,AIRBUS HELICOPTERS EC-120,H1T,L
4B4DCC,HB-2341,DG80,DG FLUGZEUGBAU DG-800,L1P,L
4B50CC,HB-3109,DISC,SCHEMPP-HIRTH Discus,L1P,L
4B7FCC,T-358,EC35,AIRBUS HELICOPTERS EC-135/635,H2T,L
4B82CC,EM-703,H60,SIKORSKY UH-60 Black Hawk,H2T,M
4BA8CC,TC-JFL,B738,BOEING 737-800,L2J,M
4BA9CC,TC-JNL,A333,AIRBUS A-330-300,L2J,H
4BAACC,TC-JVL,B738,BOEING 737-800,L2J,M
4CA8CC,EI-SLW,AT72,ATR-72-202,L2T,M
4CA9CC,EI-EVE,B738,BOEING 737-800,L2J,M
4CAFCC,EI-SIG,A20N,AIRBUS A-320neo,L2J,M
4D01CC,LX-BLU,BALL,,B0-,-
4D03CC,LX-N90454,E3TF,BOEING E-3 Sentry (TF33),L4J,H
4D21CC,9H-OKO,GLF6,GULFSTREAM G650,L2J,M
4D23CC,9H-CGD,A321,AIRBUS A-321,L2J,M
5000CC,T7-URJ,F2TH,DASSAULT Falcon 2000,L2J,M
5002CC,T7-L340,A343,AIRBUS A-340-300,L4J,H
502CCC,YL-LCQ,A321,AIRBUS A-321,L2J,M
503CCC,LY-LMM,C172,CESSNA 172 Skyhawk,L1P,L
505CCC,OM-FFL,SD4,TOMARK Viper,L1P,L
506DCC,S5-DPA,DV20,DIAMOND DA-20,L1P,L
50FFCC,51BLUE,EC25,AIRBUS HELICOPTERS EC-225/725,H2T,M
5110CC,ES-LSI,SF34,SAAB 340,L2T,M
70C0CC,A4O-BT,B739,BOEING 737-900,L2J,M
717CCC,HZ-NS47,A20N,AIRBUS A-320neo,L2J,M
7335CC,EP-MNL,A306,AIRBUS A-300-600,L2J,H
7583CC,RP-C2971,B350,BEECHCRAFT Super King Air 350,L2T,M
7585CC,RP-C4119,A21N,AIRBUS A-321neo,L2J,M
7586CC,PCG2081,C208,CESSNA 208 Caravan,L1T,L
7618CC,AP-FFL,CL60,BOMBARDIER CL-600 Challenger,L2J,M
76CCCC,9V-SFL,B744,BOEING 747-400,L4J,H
76E4CC,9V-YFL,DA40,DIAMOND DA-40 Club Star,L1P,L
7800CC,B-5543,B738,BOEING 737-800,L2J,M
7801CC,B-HNP,B773,BOEING 777-300,L2J,H
7802CC,B-2113,B733,BOEING 737-300,L2J,M
7803CC,B-8847,A320,AIRBUS A-320,L2J,M
7804CC,B-5198,B738,BOEING 737-800,L2J,M
7805CC,B-1653,A320,AIRBUS A-320,L2J,M
7807CC,B-6823,A321,AIRBUS A-321,L2J,M
7808CC,B-2035,B77W,BOEING 777-300ER,L2J,H
780ACC,B-9919,A321,AIRBUS A-321,L2J,M
780BCC,B-1922,B738,BOEING 737-800,L2J,M
780CCC,B-1701,B738,BOEING 737-800,L2J,M
7810CC,B-1596,B738,BOEING 737-800,L2J,M
7816CC,B-20AV,B763,BOEING 767-300,L2J,H
7817CC,B-30AU,A20N,AIRBUS A-320neo,L2J,M
781ACC,B-125L,DA42,DIAMOND DA-42 Guardian,L2P,L
7C00CC,VH-AFY,PA31,PIPER PA-31-300/310/325/350/425,L2P,L
7C0CCC,VH-CTA,PA25,PIPER PA-25 Pawnee,L1P,L
7C16CC,VH-ESE,C185,CESSNA 185 Skywagon,L1P,L
7C19CC,VH-FDQ,PA31,PIPER PA-31-300/310/325/350/425,L2P,L
7C1ACC,VH-FKU,P28A,PIPER PA-28-140/150/160/180,L1P,L
7C21CC,VH-GYM,GLID,,L0-,-
7C28CC,VH-ICE,SR22,CIRRUS SR-22,L1P,L
7C2ACC,VH-IQM,C172,CESSNA 172 Skyhawk,L1P,L
7C2DCC,VH-JBY,EC20,AIRBUS HELICOPTERS EC-120,H1T,L
7C32CC,VH-KBI,J1,AUSTER J-1,L1P,L
7C3ACC,VH-LWE,C172,CESSNA 172 Skyhawk,L1P,L
7C3DCC,VH-MHQ,BE20,BEECH 200 Super King Air,L2T,M
7C3FCC,VH-MVY,EC35,AIRBUS HELICOPTERS EC-135/635,H2T,L
7C42CC,VH-NHA,F100,FOKKER 100,L2J,M
7C4CCC,VH-PGE,G2CA,GUIMBAL G-2 Cabri,H1P,L
7C4DCC,VH-PNI,B733,BOEING 737-300,L2J,M
7C57CC,VH-RMM,BT36,BEECH B36TC Bonanza,L1P,L
7C5DCC,VH-STA,C182,CESSNA 182 Skylane,L1P,L
7C60CC,VH-TEM,R44,ROBINSON R-44 Raven,H1P,L
7C61CC,VH-TLQ,R22,ROBINSON R-22 Mariner,H1P,L
7C62CC,VH-TSU,C182,CESSNA 182 Skylane,L1P,L
7C63CC,VH-TZY,PA31,PIPER PA-31-300/310/325/350/425,L2P,L
7C68CC,VH-UZI,P208,TECNAM P-2008,L1P,L
7C6ACC,VH-VDQ,P28A,PIPER PA-28-140/150/160/180,L1P,L
7C6BCC,VH-VKU,P208,TECNAM P-2008,L1P,L
7C6FCC,VH-WDA,C172,CESSNA 172 Skyhawk,L1P,L
7C72CC,VH-WYM,C210,CESSNA 201 Centurion,L1P,L
7C74CC,VH-XCU,C56X,CESSNA 560XL Citation XLS,L2J,M
7C79CC,VH-YCE,CT4,PACIFIC AEROSPACE CT-4 Airtrainer,L1P,L
7C7ACC,VH-YJI,AC50,NORTH AMERICAN ROCKWELL Commander 500,L2P,L
7C7BCC,VH-YQM,B738,BOEING 737-800,L2J,M
7C7CCC,VH-YXQ,A320,AIRBUS A-320,L2J,M
7C81CC,VH-ZXA,A139,AGUSTA AW-139,H2T,L
7CBBCC,19-1203,ALIG,ARION LS-1 Lightning,L1P,L
7CF7CC,SSM3,TWR,,T0-,-
7CF9CC,A47-002,P8,BOEING P-8 Poseidon,L2J,M
8002CC,K3602,E35L,EMBRAER EMB-135 Legacy,L2J,M
8005CC,VT-PHZ,AS65,AEROSPATIALE AS-365 Dauphin 2,H2T,L
8007CC,VT-IFP,A320,AIRBUS A-320,L2J,M
800BCC,VT-SLJ,B738,BOEING 737-800,L2J,M
800CCC,VT-IVL,A20N,AIRBUS A-320neo,L2J,M
8013CC,VT-TNY,A20N,AIRBUS A-320neo,L2J,M
8418CC,JA06XJ,A359,AIRBUS A-350-900,L2J,H
845BCC,JA10HJ,HDJT,HONDA HondaJet,L2J,L
845DCC,JA113A,A321,AIRBUS A-321,L2J,M
8468CC,JA145A,A21N,AIRBUS A-321neo,L2J,M
8524CC,JA36HA,C172,CESSNA 172 Skyhawk,L1P,L
85C8CC,JA525J,C525,CESSNA 525 CitationJet,L2J,L
8626CC,JA63AN,B738,BOEING 737-800,L2J,M
867BCC,JA721A,DH8C,DE HAVILLAND DHC-8-300 Dash 8,L2T,M
8686CC,JA753A,B773,BOEING 777-300,L2J,H
8691CC,JA785A,B77W,BOEING 777-300ER,L2J,H
86D2CC,JA817A,B788,BOEING 787-8 Dreamliner,L2J,H
8880CC,VN-A691,A320,AIRBUS A-320,L2J,M
8881CC,VN-A499,FA8X,DASSAULT Falcon 8X,L3J,M
8963CC,A6-ETS,B77W,BOEING 777-300ER,L2J,H
8965CC,A6-FKA,B38M,BOEING 737 MAX 8,L2J,M
8990CC,B-16311,A332,AIRBUS A-330-200,L2J,H
8A01CC,PK-LGK,B739,BOEING 737-900,L2J,M
8A03CC,PK-WGI,AT76,ATR-72-600,L2T,M
8A05CC,PK-NAK,B735,BOEING 737-500,L2J,M
A001CC,N1UH,,,,
A004CC,N100AZ,C421,CESSNA 421 Executive Commuter,L2P,L
A005CC,N100ME,,,,
A006CC,N100XL,GLID,,L0-,-
A008CC,N101DX,M20P,MOONEY M-20,L1P,L
A00DCC,N102TA,,,,
A00ECC,N1022M,C182,CESSNA 182 Skylane,L1P,L
A00FCC,N1029Y,C208,CESSNA 208 Caravan,L1T,L
A014CC,N104NR,C180,CESSNA  180 Skywagon,L1P,L
A019CC,N1051K,M20P,MOONEY M-20,L1P,L
A021CC,N1075R,P28A,PIPER PA-28-140/150/160/180,L1P,L
A022CC,N108DW,ULAC,,L0-,-
A024CC,N1080H,P28A,PIPER PA-28-140/150/160/180,L1P,L
A026CC,N109GU,,,,
A027CC,N109T,PA18,PIPER PA-18 Super Cub,L1P,L
A028CC,N1092L,H500,HUGHES 500,H1T,L
A02ACC,N11KS,BE35,BEECH 35 Starfire Bonanza,L1P,L
A02BCC,N11VY,C182,CESSNA 182 Skylane,L1P,L
A02CCC,N110GC,C82T,CESSNA TR182 Turbo Skylane RG,L1P,L
A02DCC,N110SJ,SJ30,SWEARINGEN SJ-30,L2J,L
A030CC,N111KA,BE9L,BEECH 90 King Air,L2T,L
A031CC,N111VG,R44,ROBINSON R-44 Raven,H1P,L
A032CC,N11138,C150,CESSNA 150,L1P,L
A033CC,N112BT,RV6,VANS RV-6,L1P,L
A036CC,N1126A,C182,CESSNA 182 Skylane,L1P,L
A03ACC,N1138D,CAMP,GREGA GN-1 Aircamper,L1P,L
A03BCC,N114HP,AC11,NORTH AMERICAN ROCKWELL Commander 112/114,L1P,L
A03CCC,N114TV,TAMP,SOCATA TB-9 Tampico,L1P,L
A03DCC,N11426,WACF,WACO F,L1P,L
A040CC,N115WT,TAIL,WITTMAN Tailwind,L1P,L
A042CC,N116DD,T206,CESSNA T206 Turbo Stationair,L1P,L
A043CC,N116PK,CRER,RANS Courier,L1P,L
A045CC,N1167B,L8,LUSCOMBE 8,L1P,L
A046CC,N117GB,RV12,VANS RV-12,L1P,L
A047CC,N117SH,EC35,AIRBUS HELICOPTERS EC-135/635,H2T,L
A049CC,N1179E,CH7A,BELLANCA 7 Champion,L1P,L
A04ACC,N118K,C501,CESSNA 501 Citation 1SP,L2J,L
A04CCC,N11837,,,,
A050CC,N1196,GLID,,L0-,-
A052CC,N12QW,PTS2,PITTS S-2 Special,L1P,L
A053CC,N120BA,A5,ICON A-5,A1P,L
A056CC,N1205U,C172,CESSNA 172 Skyhawk,L1P,L
A057CC,N121DZ,A321,AIRBUS A-321,L2J,M
A05ACC,N1217X,M20P,MOONEY M-20,L1P,L
A05DCC,N1222P,GLF5,GULFSTREAM 5,L2J,M
A05ECC,N12290,C172,CESSNA 172 Skyhawk,L1P,L
A060CC,N123WA,BL8,BELLANCA 8 Decathlon,L1P,L
A061CC,N1234S,C172,CESSNA 172 Skyhawk,L1P,L
A062CC,N124CM,BE30,BEECH 300 Super King Air,L2T,L
A065CC,N1246V,C172,CESSNA 172 Skyhawk,L1P,L
A067CC,N125RR,COY2,RANS Coyote 2,L1P,L
A069CC,N1258Y,C150,CESSNA 150,L1P,L
A06ACC,N126JH,BE20,BEECH 200 Super King Air,L2T,M
A06BCC,N126UP,A306,AIRBUS A-300-600,L2J,H
A06DCC,N127B,BE35,BEECH 35 Starfire Bonanza,L1P,L
A06ECC,N127MF,PA18,PIPER PA-18 Super Cub,L1P,L
A070CC,N1275T,P208,TECNAM P-2008,L1P,L
A075CC,N129GW,C172,CESSNA 172 Skyhawk,L1P,L
A076CC,N129TB,RV8,VANS RV-8,L1P,L
A078CC,N1299Z,BE95,BEECH 95 Travel Air,L2P,L
A07ACC,N13W,P32R,PIPER PA-32R-300/301/301T,L1P,L
A07ECC,N1309H,AR15,AERONCA 15 Sedan,L1P,L
A081CC,N1314,D11,JODEL D-11x/12x,L1P,L
A085CC,N1326C,S22T,CIRRUS SR-22T Turbo,L1P,L
A086CC,N133ET,RV7,VANS RV-7,L1P,L
A088CC,N13305,C177,CESSNA  177 Cardinal,L1P,L
A089CC,N1338F,C172,CESSNA 172 Skyhawk,L1P,L
A08ACC,N134HR,T34P,BEECH T-34 Mentor,L1P,L
A08BCC,N134TX,T34P,BEECH T-34 Mentor,L1P,L
A090CC,N1355A,PA18,PIPER PA-18 Super Cub,L1P,L
A097CC,N13716,B737,BOEING 737-700,L2J,M
A098CC,N1379G,C340,CESSNA 340 Super,L2P,L
A09BCC,N13839,PA23,PIPER PA-23,L2P,L
A09DCC,N139N,WAIX,SONEX Waiex,L1P,L
A0A2CC,N140BC,P28A,PIPER PA-28-140/150/160/180,L1P,L
A0A6CC,N141EA,EA50,ECLIPSE 550,L2J,L
A0AACC,N142GZ,E550,EMBRAER EMB-550 Praetor 600,L2J,M
A0B4CC,N1446X,P28A,PIPER PA-28-140/150/160/180,L1P,L
A0B6CC,N145RT,GLF4,GULFSTREAM 4,L2J,M
A0B8CC,N14580,RELI,STINSON Reliant,L1P,L
A0BFCC,N1475V,C172,CESSNA 172 Skyhawk,L1P,L
A0C6CC,N1492Q,C150,CESSNA 150,L1P,L
A0C7CC,N14991,E145,EMBRAER ERJ-145,L2J,M
A0C8CC,N15KW,PA31,PIPER PA-31-300/310/325/350/425,L2P,L
A0D0CC,N1514B,BE33,BEECH 33 Bonanza,L1P,L
A0D1CC,N152BX,ONEX,SONEX Onex,L1P,L
A0D4CC,N1526E,CH7A,BELLANCA 7 Champion,L1P,L
A0D6CC,N153RA,CH7B,BELLANCA 7 Citabria,L1P,L
A0D8CC,N1538H,BE36,BEECH 36 Bonanza,L1P,L
A0DBCC,N1543,DHC2,DE HAVILLAND DHC-2 Beaver,L1P,L
A0E0CC,N156DH,LJ60,LEARJET 60,L2J,M
A0E5CC,N157SM,C82S,CESSNA T182 Turbo Skylane,L1P,L
A0E6CC,N15718,WACC,WACO C/S,L1P,L
A0EECC,N1596D,BE33,BEECH 33 Bonanza,L1P,L
A0F9CC,N162HA,C162,CESSNA 162 Skycatcher,L1P,L
A0FBCC,N1622T,NAVI,NORTH AMERICAN Navion,L1P,L
A0FFCC,N1634W,BE35,BEECH 35 Starfire Bonanza,L1P,L
A103CC,N1646Z,C185,CESSNA 185 Skywagon,L1P,L
A106CC,N1651R,AA1,AMERICAN AA-1,L1P,L
A10BCC,N167BD,F900,DASSAULT Falcon 900,L3J,M
A10ECC,N1675X,T210,CESSNA T210 Turbo Centurion,L1P,L
A112CC,N16870,,,,
A113CC,N169H,M20P,MOONEY M-20,L1P,L
A114CC,N169TF,C185,CESSNA 185 Skywagon,L1P,L
A11FCC,N1714D,C170,CESSNA 170,L1P,L
A124CC,N173EX,VELO,Velocity,L1P,L
A12BCC,N175AM,C421,CESSNA 421 Executive Commuter,L2P,L
A13ECC,N18EW,BE35,BEECH 35 Starfire Bonanza,L1P,L
A13FCC,N18RB,BE33,BEECH 33 Bonanza,L1P,L
A143CC,N18050,C150,CESSNA 150,L1P,L
A146CC,N1810S,C82S,CESSNA T182 Turbo Skylane,L1P,L
A147CC,N18173,C150,CESSNA 150,L1P,L
A148CC,N182HC,C182,CESSNA 182 Skylane,L1P,L
A149CC,N182TJ,C182,CESSNA 182 Skylane,L1P,L
A14BCC,N18296,BE58,BEECH 58 Baron,L2P,L
A14FCC,N184CT,PARA,,P0-,-
A154CC,N185RX,C185,CESSNA 185 Skywagon,L1P,L
A156CC,N18584,C150,CESSNA 150,L1P,L
A157CC,N186JP,RV8,VANS RV-8,L1P,L
A15BCC,N187MM,C210,CESSNA 201 Centurion,L1P,L
A161CC,N18872,AERK,AERONCA Sea Scout,L1P,L
A169CC,N190SS,BE9L,BEECH 90 King Air,L2T,L
A16ACC,N1902C,FA7X,DASSAULT Falcon 7X,L3J,M
A16ECC,N1914F,C150,CESSNA 150,L1P,L
A16FCC,N192CA,BL8,BELLANCA 8 Decathlon,L1P,L
A179CC,N1943D,BE35,BEECH 35 Starfire Bonanza,L1P,L
A17BCC,N195LV,C195,CESSNA 195,L1P,L
A180CC,N196ZZ,BE30,BEECH 300 Super King Air,L2T,L
A181CC,N1967K,PA11,PIPER PA-11 Cub Special,L1P,L
A183CC,N197SR,SR22,CIRRUS SR-22,L1P,L
A184CC,N1972B,PA34,PIPER PA-34 Seneca,L2P,L
A189CC,N199C,HIGH,JUST JA20 Highlander,L1P,L
A18CCC,N1996H,P28R,PIPER PA-28R-180/200/201,L1P,L
A18DCC,N2EY,BE35,BEECH 35 Starfire Bonanza,L1P,L
A18ECC,N2RD,SF50,CIRRUS SF-50 Vision,L1J,L
A190CC,N20MQ,A320,AIRBUS A-320,L2J,M
A193CC,N200UG,BE36,BEECH 36 Bonanza,L1P,L
A194CC,N2003H,BALL,,B0-,-
A195CC,N201AT,M20P,MOONEY M-20,L1P,L
A196CC,N201LZ,M20P,MOONEY M-20,L1P,L
A197CC,N201XE,M20P,MOONEY M-20,L1P,L
A19ACC,N202PX,GLF2,GULFSTREAM 2,L2J,M
A19BCC,N2020C,C82T,CESSNA TR182 Turbo Skylane RG,L1P,L
A19CCC,N2027P,C82T,CESSNA TR182 Turbo Skylane RG,L1P,L
A1A1CC,N204KM,C340,CESSNA 340 Super,L2P,L
A1A2CC,N204VT,SR20,CIRRUS SR-20,L1P,L
A1A3CC,N2044J,A21N,AIRBUS A-321neo,L2J,M
A1A6CC,N205YR,HUSK,CHRISTEN Husky,L1P,L
A1A7CC,N2056M,P28R,PIPER PA-28R-180/200/201,L1P,L
A1A9CC,N206RH,C206,CESSNA  206 Stationair,L1P,L
A1AACC,N2061D,AT6T,AIR TRACTOR AT-602,L1T,L
A1ABCC,N2068Q,,,,
A1ACCC,N207J,C206,CESSNA  206 Stationair,L1P,L
A1AECC,N2073G,C182,CESSNA 182 Skylane,L1P,L
A1AFCC,N208AS,GLID,,L0-,-
A1B6CC,N2097N,P28A,PIPER PA-28-140/150/160/180,L1P,L
A1B8CC,N21SU,SR20,CIRRUS SR-20,L1P,L
A1BACC,N210PE,C210,CESSNA 201 Centurion,L1P,L
A1BCCC,N21067,C182,CESSNA 182 Skylane,L1P,L
A1BDCC,N211FX,B429,BELL 429 GlobalRanger,H2T,L
A1BECC,N211SC,M20P,MOONEY M-20,L1P,L
A1BFCC,N2111Z,P28A,PIPER PA-28-140/150/160/180,L1P,L
A1C3CC,N21232,TAYB,TAYLORCRAFT BC/BF/BL,L1P,L
A1CBCC,N21478,J3,PIPER J-3 Cub,L1P,L
A1CDCC,N215TP,BE40,BEECH 400 Beechjet,L2J,M
A1CECC,N21520,C182,CESSNA 182 Skylane,L1P,L
A1CFCC,N216A,RV6,VANS RV-6,L1P,L
A1D0CC,N216LF,CH2T,ZENAIR CH-2000 Zenith,L1P,L
A1D2CC,N21643,C172,CESSNA 172 Skyhawk,L1P,L
A1D8CC,N218SB,BALL,,B0-,-
A1DACC,N21889,C25A,CESSNA 525A Citation CJ2,L2J,L
A1DECC,N22BL,P337,CESSNA P337 Skymaster,L2P,L
A1DFCC,N22MS,S22T,CIRRUS SR-22T Turbo,L1P,L
A1E1CC,N220JC,YK52,YAKOVLEV Yak-52,L1P,L
A1E4CC,N221AV,PIVI,PIPSTREL Virus,L1P,L
A1E7CC,N2215N,C140,CESSNA 140,L1P,L
A1E8CC,N222DT,BE35,BEECH 35 Starfire Bonanza,L1P,L
A1EACC,N2220E,P32R,PIPER PA-32R-300/301/301T,L1P,L
A1EBCC,N2227R,P28A,PIPER PA-28-140/150/160/180,L1P,L
A1EDCC,N223SX,SONX,SONEX AIRCRAFT Sonex,L1P,L
A1F2CC,N2244L,BE24,BEECH 24 Sierra,L1P,L
A1F3CC,N225CF,SR22,CIRRUS SR-22,L1P,L
A1FBCC,N227JB,PA18,PIPER PA-18 Super Cub,L1P,L
A1FCCC,N227UH,EA50,ECLIPSE 550,L2J,L
A1FFCC,N228M,C195,CESSNA 195,L1P,L
A201CC,N2285M,PA34,PIPER PA-34 Seneca,L2P,L
A202CC,N229DS,PA23,PIPER PA-23,L2P,L
A204CC,N2290D,C170,CESSNA 170,L1P,L
A205CC,N2297Q,P32R,PIPER PA-32R-300/301/301T,L1P,L
A208CC,N230DA,BE95,BEECH 95 Travel Air,L2P,L
A20BCC,N23069,AT3P,AIR TRACTOR AT-301/401,L1P,L
A20CCC,N231FZ,M20P,MOONEY M-20,L1P,L
A20DCC,N231SE,M20P,MOONEY M-20,L1P,L
A20FCC,N2319B,GC1,GLOBE Swift,L1P,L
A216CC,N23357,C150,CESSNA 150,L1P,L
A21BCC,N235HK,,,,
A21ECC,N236AB,P28B,PIPER PA-28-201T/235/236,L1P,L
A222CC,N237D,FINC,FLEET Finch,L1P,L
A228CC,N23810,AT3P,AIR TRACTOR AT-301/401,L1P,L
A22ACC,N239JW,,,,
A22CCC,N23933,GYRO,,G0-,-
A22ECC,N24MU,C82T,CESSNA TR182 Turbo Skylane RG,L1P,L
A22FCC,N24Y,BE18,BEECH 18 Expetitor,L2P,L
A232CC,N2403M,PA12,PIPER PA-12 Super Cruiser,L1P,L
A233CC,N241AX,B190,BEECH 1900,L2T,M
A234CC,N241MC,DRON,,D0-,-
A236CC,N2415Q,C182,CESSNA 182 Skylane,L1P,L
A23ACC,N2427T,NAVI,NORTH AMERICAN Navion,L1P,L
A23DCC,N2432K,C72R,CESSNA 172R Cutlass RG,L1P,L
A241CC,N2444N,P46T,PIPER PA-46-500TP,L1T,L
A242CC,N245CH,H47,BOEING-VERTOL CH-47 Chinook,H2T,M
A245CC,N2456R,C182,CESSNA 182 Skylane,L1P,L
A247CC,N246RM,,,,
A24ACC,N247JD,CL35,BOMBARDIER BD-100 Challenger 350,L2J,M
A24ECC,N248MB,AS24,SCHLEICHER ASW-24,L1P,L
A252CC,N249Q,ULAC,,L0-,-
A254CC,N2497S,,,,
A255CC,N25GS,PA31,PIPER PA-31-300/310/325/350/425,L2P,L
A257CC,N250DC,B58T,BEECH 58TC Baron,L2P,L
A25ACC,N2507A,PA38,PIPER PA-38 Tomahawk,L1P,L
A25BCC,N251GA,,,,
A261CC,N25236,L8,LUSCOMBE 8,L1P,L
A265CC,N25359,C152,CESSNA 152,L1P,L
A269CC,N2548B,PA38,PIPER PA-38 Tomahawk,L1P,L
A26BCC,N255TT,BE20,BEECH 200 Super King Air,L2T,M
A270CC,N25647,BE58,BEECH 58 Baron,L2P,L
A271CC,N257DB,T6,NORTH AMERICAN T-6 Texan,L1P,L
A27FCC,N260JG,PTS2,PITTS S-2 Special,L1P,L
A281CC,N2603P,PA22,PIPER PA-22,L1P,L
A288CC,N2620J,C150,CESSNA 150,L1P,L
A28BCC,N263TA,C680,CESSNA 680 Citation Sovereign,L2J,M
A294CC,N2656T,P28A,PIPER PA-28-140/150/160/180,L1P,L
A296CC,N266RP,,,,
A297CC,N2661K,L8,LUSCOMBE 8,L1P,L
A298CC,N2668W,M20P,MOONEY M-20,L1P,L
A29BCC,N2673N,C140,CESSNA 140,L1P,L
A2A2CC,N2690H,GLID,,L0-,-
A2A5CC,N27T,BE36,BEECH 36 Bonanza,L1P,L
A2A9CC,N2707C,C170,CESSNA 170,L1P,L
A2ADCC,N2719F,C182,CESSNA 182 Skylane,L1P,L
A2B1CC,N273BT,PA23,PIPER PA-23,L2P,L
A2B4CC,N2736A,ULAC,,L0-,-
A2B5CC,N274ER,PA44,PIPER PA-44 Seminole,L2P,L
A2B9CC,N275HP,C182,CESSNA 182 Skylane,L1P,L
A2BBCC,N27526,B39M,BOEING 737 MAX 9,L2J,M
A2BFCC,N27649,TAYB,TAYLORCRAFT BC/BF/BL,L1P,L
A2C0CC,N277DD,PA24,PIPER PA-24 Comanche,L1P,L
A2C5CC,N278SH,R22,ROBINSON R-22 Mariner,H1P,L
A2C8CC,N279K,RV9,VANS RV-9,L1P,L
A2CACC,N27937,J3,PIPER J-3 Cub,L1P,L
A2CBCC,N28BS,RV12,VANS RV-12,L1P,L
A2CDCC,N28YD,SONX,SONEX AIRCRAFT Sonex,L1P,L
A2D0CC,N2803R,VIX,SKYSTAR Kitfox Voyager,L1P,L
A2D4CC,N2815U,C172,CESSNA 172 Skyhawk,L1P,L
A2D7CC,N2820L,C172,CESSNA 172 Skyhawk,L1P,L
A2DCCC,N28390,AA5,AMERICAN AA-5 Tiger,L1P,L
A2E0CC,N285CM,B763,BOEING 767-300,L2J,H
A2E1CC,N285NT,,,,
A2E7CC,N2868Y,P28A,PIPER PA-28-140/150/160/180,L1P,L
A2E9CC,N287UP,MD11,MCDONNELL-DOUGLAS MD-11,L3J,H
A2EACC,N2873Q,C172,CESSNA 172 Skyhawk,L1P,L
A2F2CC,N2897W,P28B,PIPER PA-28-201T/235/236,L1P,L
A2F3CC,N29GW,G164,GRUMMAN G-164 Ag-Cat,L1P,L
A2F4CC,N29TB,BE9L,BEECH 90 King Air,L2T,L
A2F8CC,N2907E,CH7A,BELLANCA 7 Champion,L1P,L
A303CC,N2936C,C180,CESSNA  180 Skywagon,L1P,L
A306CC,N29405,AR6T,AERONCA 65 Tandem,L1P,L
A30ECC,N2965A,PA32,PIPER PA-32,L1P,L
A310CC,N297PM,PA46,PIPER PA-46-310/350,L1P,L
A314CC,N298SK,E145,EMBRAER ERJ-145,L2J,M
A319CC,N29939,T6,NORTH AMERICAN T-6 Texan,L1P,L
A31ACC,N3BU,S10,STINSON 10 Voyager,L1P,L
A31BCC,N3N,G44,GRUMMAN G-44 Widgeon,A2P,L
A31CCC,N3YF,M20P,MOONEY M-20,L1P,L
A31FCC,N300EX,E300,EXTRA EA-300/330/350,L1P,L
A320CC,N300RC,BE40,BEECH 400 Beechjet,L2J,M
A321CC,N30009,P28A,PIPER PA-28-140/150/160/180,L1P,L
A324CC,N301UA,DRON,,D0-,-
A325CC,N3013B,BALL,,B0-,-
A326CC,N302AM,M20P,MOONEY M-20,L1P,L
A327CC,N302LT,CL30,BOMBARDIER BD-100 Challenger 300,L2J,M
A329CC,N3025E,CH7A,BELLANCA 7 Champion,L1P,L
A32ACC,N303DK,C303,CESSNA T303 Crusader,L2P,L
A32ECC,N304GH,GLID,,L0-,-
A32FCC,N304SP,B06,BELL 206 JetRanger,H1T,L
A330CC,N3042,J4,PIPER J-4 Cub Coupe,L1P,L
A331CC,N3049L,P28A,PIPER PA-28-140/150/160/180,L1P,L
A332CC,N305KF,SR22,CIRRUS SR-22,L1P,L
A339CC,N307EW,GLF4,GULFSTREAM 4,L2J,M
A33ACC,N307RB,R22,ROBINSON R-22 Mariner,H1P,L
A33BCC,N30708,C177,CESSNA  177 Cardinal,L1P,L
A33CCC,N3078J,C188,CESSNA 188 AgTruck,L1P,L
A33FCC,N3083A,C170,CESSNA 170,L1P,L
A343CC,N3095D,C310,CESSNA 310,L2P,L
A347CC,N310LA,C310,CESSNA 310,L2P,L
A348CC,N310WG,C310,CESSNA 310,L2P,L
A349CC,N3104Y,SS2T,TRUSH Turbo Thrush 500/550,L1T,L
A34ACC,N311CT,BE36,BEECH 36 Bonanza,L1P,L
A34DCC,N31161,LNC2,LANCAIR 200-320,L1P,L
A34ECC,N312FR,A20N,AIRBUS A-320neo,L2J,M
A34FCC,N312RX,EC35,AIRBUS HELICOPTERS EC-135/635,H2T,L
A350CC,N3121T,C177,CESSNA  177 Cardinal,L1P,L
A351CC,N31284,CH7B,BELLANCA 7 Citabria,L1P,L
A352CC,N313JP,H500,HUGHES 500,H1T,L
A356CC,N314MM,ULAC,,L0-,-
A358CC,N3145Z,PA22,PIPER PA-22,L1P,L
A35BCC,N3150R,SBOY,INTERPLANE Skyboy,L1P,L
A35FCC,N3162U,C182,CESSNA 182 Skylane,L1P,L
A361CC,N317L,C310,CESSNA 310,L2P,L
A363CC,N3174X,C150,CESSNA 150,L1P,L
A364CC,N318CS,C240,CESSNA 240 Corvalis TTx,L1P,L
A369CC,N319RW,C56X,CESSNA 560XL Citation XLS,L2J,M
A36ACC,N3191S,C182,CESSNA 182 Skylane,L1P,L
A36ECC,N320EZ,LGEZ,RUTAN Long-EZ,L1P,L
A374CC,N3213D,BE36,BEECH 36 Bonanza,L1P,L
A375CC,N322AP,CL60,BOMBARDIER CL-600 Challenger,L2J,M
A376CC,N322LV,CL60,BOMBARDIER CL-600 Challenger,L2J,M
A379CC,N323DM,M20P,MOONEY M-20,L1P,L
A37ACC,N323PT,RV7,VANS RV-7,L1P,L
A37ECC,N324SR,SR22,CIRRUS SR-22,L1P,L
A37FCC,N3242B,PA22,PIPER PA-22,L1P,L
A384CC,N326C,S108,STINSON 108 Voyager,L1P,L
A38BCC,N3278L,C172,CESSNA 172 Skyhawk,L1P,L
A38ECC,N3283C,C303,CESSNA T303 Crusader,L2P,L
A391CC,N329X,BE35,BEECH 35 Starfire Bonanza,L1P,L
A393CC,N33DL,PA31,PIPER PA-31-300/310/325/350/425,L2P,L
A394CC,N33PS,P32R,PIPER PA-32R-300/301/301T,L1P,L
A395CC,N33ZY,CJ6,NANCHANG CJ-6,L1P,L
A396CC,N330LC,P337,CESSNA P337 Skymaster,L2P,L
A397CC,N330WJ,GALX,GULFSTREAM G200,L2J,M
A39ACC,N331PA,P28A,PIPER PA-28-140/150/160/180,L1P,L
A39DCC,N332FT,EPIC,EPIC AIRCRAFT Epic LT,L1T,L
A39FCC,N3321V,C150,CESSNA 150,L1P,L
A3A0CC,N33286,B738,BOEING 737-800,L2J,M
A3A1CC,N333JR,S22T,CIRRUS SR-22T Turbo,L1P,L
A3A3CC,N3333Y,C182,CESSNA 182 Skylane,L1P,L
A3AACC,N3350T,P28A,PIPER PA-28-140/150/160/180,L1P,L
A3BDCC,N340FA,C340,CESSNA 340 Super,L2P,L
A3BECC,N340RG,C340,CESSNA 340 Super,L2P,L
A3BFCC,N3401C,C170,CESSNA 170,L1P,L
A3C4CC,N342AR,,,,
A3C7CC,N3425J,C150,CESSNA 150,L1P,L
A3CBCC,N3437M,P28A,PIPER PA-28-140/150/160/180,L1P,L
A3D3CC,N346CB,C210,CESSNA 201 Centurion,L1P,L
A3D6CC,N3466K,P28A,PIPER PA-28-140/150/160/180,L1P,L
A3E9CC,N351PC,PC12,PILATUS PC-12,L1T,L
A3EBCC,N35165,C177,CESSNA  177 Cardinal,L1P,L
A3EDCC,N352SA,AS50,AEROSPATIALE AS-350 Ecureuil,H1T,L
A3EFCC,N35288,J5,PIPER J-5 Cub Cruiser,L1P,L
A3F2CC,N35330,C172,CESSNA 172 Skyhawk,L1P,L
A3FACC,N35576,J3,PIPER J-3 Cub,L1P,L
A403CC,N358PB,BE58,BEECH 58 Baron,L2P,L
A407CC,N359S,SR22,CIRRUS SR-22,L1P,L
A40CCC,N360FC,F2TH,DASSAULT Falcon 2000,L2J,M
A40DCC,N360RJ,C206,CESSNA  206 Stationair,L1P,L
A40ECC,N3601E,C172,CESSNA 172 Skyhawk,L1P,L
A416CC,N3625L,C172,CESSNA 172 Skyhawk,L1P,L
A41ACC,N3637P,PA22,PIPER PA-22,L1P,L
A422CC,N366CD,SR22,CIRRUS SR-22,L1P,L
A425CC,N3666M,PA12,PIPER PA-12 Super Cruiser,L1P,L
A42DCC,N369AS,WACF,WACO F,L1P,L
A430CC,N3695K,BALL,,B0-,-
A432CC,N37PW,GYRO,,G0-,-
A435CC,N370WN,,,,
A43BCC,N372FX,E55P,EMBRAER EMB-505 Phenom 300,L2J,M
A43CCC,N372SC,LJ60,LEARJET 60,L2J,M
A441CC,N37332,BE77,BEECH 77 Skipper,L1P,L
A44ECC,N377LF,B06,BELL 206 JetRanger,H1T,L
A44FCC,N377WM,C182,CESSNA 182 Skylane,L1P,L
A450CC,N37743,,,,
A457CC,N3791Y,C210,CESSNA 201 Centurion,L1P,L
A45ACC,N38V,BE65,BEECH 65 Queen Air,L2P,L
A45BCC,N380FE,CH65,ZENAIR CH-650 Zodiac,L1P,L
A45DCC,N3801G,T206,CESSNA T206 Turbo Stationair,L1P,L
A463CC,N382MA,CH7B,BELLANCA 7 Citabria,L1P,L
A465CC,N3825N,BE35,BEECH 35 Starfire Bonanza,L1P,L
A46CCC,N3842H,F86,NORTH AMERICAN F-86 Sabre,L1J,M
A46DCC,N3849U,C336,CESSNA 336 Skymaster,L2P,L
A474CC,N3866P,PA22,PIPER PA-22,L1P,L
A478CC,N3878S,C172,CESSNA 172 Skyhawk,L1P,L
A47DCC,N389M,ZZZZ,,-0-,-
A480CC,N39DS,C68A,CESSNA 680 Citation Latitude,L2J,M
A485CC,N39046,AA1,AMERICAN AA-1,L1P,L
A486CC,N391DA,B738,BOEING 737-800,L2J,M
A487CC,N391PG,ULAC,,L0-,-
A48DCC,N3929B,ST75,STEARMAN Kaydet,L1P,L
A494CC,N39457,P28R,PIPER PA-28R-180/200/201,L1P,L
A498CC,N3958,T6,NORTH AMERICAN T-6 Texan,L1P,L
A49CCC,N397AB,,,,
A4A3CC,N39868,BL17,BELLANCA 17 Viking,L1P,L
A4A6CC,N39910,,,,
A4AACC,N40FG,M20P,MOONEY M-20,L1P,L
A4ACCC,N400BT,C82R,CESSNA R182 Skylane RG,L1P,L
A4AECC,N400YE,DG40,DG FLUGZEUGBAU DG-400,L1P,L
A4AFCC,N4006A,,,,
A4B0CC,N401ER,C172,CESSNA 172 Skyhawk,L1P,L
A4B1CC,N401QX,DH8D,DE HAVILLAND DHC-8-400 Dash 8,L2T,M
A4B2CC,N40103,SS2P,ROCKWELL Thrush Commander,L1P,L
A4B3CC,N4018D,C182,CESSNA 182 Skylane,L1P,L
A4B4CC,N402HP,C680,CESSNA 680 Citation Sovereign,L2J,M
A4B6CC,N40226,SS2T,TRUSH Turbo Thrush 500/550,L1T,L
A4B7CC,N403AF,ULAC,,L0-,-
A4BECC,N4047B,PARA,,P0-,-
A4D0CC,N40925,P28A,PIPER PA-28-140/150/160/180,L1P,L
A4D1CC,N41AE,PA24,PIPER PA-24 Comanche,L1P,L
A4D2CC,N41LL,BE36,BEECH 36 Bonanza,L1P,L
A4D6CC,N4102P,PA23,PIPER PA-23,L2P,L
A4D7CC,N41090,,,,
A4D9CC,N411WA,BE20,BEECH 200 Super King Air,L2T,M
A4DACC,N4114S,BE33,BEECH 33 Bonanza,L1P,L
A4E1CC,N4131M,PA12,PIPER PA-12 Super Cruiser,L1P,L
A4E3CC,N414JH,PA34,PIPER PA-34 Seneca,L2P,L
A4E4CC,N414UP,B752,BOEING 757-200,L2J,M
A4E6CC,N415B,GLF5,GULFSTREAM 5,L2J,M
A4E9CC,N4155T,PA18,PIPER PA-18 Super Cub,L1P,L
A4EECC,N417GW,FOX,KITFOX,L1P,L
A4F1CC,N4179Z,PA18,PIPER PA-18 Super Cub,L1P,L
A4F3CC,N418W,,,,
A4F4CC,N4184R,PA32,PIPER PA-32,L1P,L
A4F5CC,N419CL,SF34,SAAB 340,L2T,M
A4FCCC,N420NA,UH1,BELL UH-1 Huey,H1T,L
A501CC,N42105,C182,CESSNA 182 Skylane,L1P,L
A504CC,N422TX,ULAC,,L0-,-
A509CC,N4235A,FB1A,BOWERS Fly Baby 1A,L1P,L
A50ACC,N424DF,S2P,GRUMMAN S-2 Tracker,L2P,M
A50BCC,N424PM,P46T,PIPER PA-46-500TP,L1T,L
A50DCC,N4247D,BE35,BEECH 35 Starfire Bonanza,L1P,L
A510CC,N42516,J3,PIPER J-3 Cub,L1P,L
A519CC,N428ES,S22T,CIRRUS SR-22T Turbo,L1P,L
A51BCC,N42804,C182,CESSNA 182 Skylane,L1P,L
A51CCC,N4288E,AR11,AERONCA 11 Chief,L1P,L
A51ECC,N429TW,RV4,VANS RV-4,L1P,L
A51FCC,N42927,P28A,PIPER PA-28-140/150/160/180,L1P,L
A521CC,N43LN,FB1A,BOWERS Fly Baby 1A,L1P,L
A525CC,N4302R,AN2,ANTONOV An-2,L1P,L
A526CC,N43092,TAYB,TAYLORCRAFT BC/BF/BL,L1P,L
A528CC,N431WC,PC12,PILATUS PC-12,L1T,L
A52ACC,N432CP,SR22,CIRRUS SR-22,L1P,L
A52CCC,N432ZA,C150,CESSNA 150,L1P,L
A530CC,N4331P,P28A,PIPER PA-28-140/150/160/180,L1P,L
A531CC,N43380,P28B,PIPER PA-28-201T/235/236,L1P,L
A532CC,N434JK,RV7,VANS RV-7,L1P,L
A538CC,N4355V,,,,
A539CC,N436E,BE35,BEECH 35 Starfire Bonanza,L1P,L
A53BCC,N4360M,PA34,PIPER PA-34 Seneca,L2P,L
A53CCC,N4367Y,PARA,,P0-,-
A543CC,N4384T,PA46,PIPER PA-46-310/350,L1P,L
A54FCC,N441RA,DA40,DIAMOND DA-40 Club Star,L1P,L
A550CC,N44107,P28A,PIPER PA-28-140/150/160/180,L1P,L
A554CC,N4423,B47G,BELL 47G,H1P,L
A559CC,N444DH,PA34,PIPER PA-34 Seneca,L2P,L
A55ACC,N444PP,C172,CESSNA 172 Skyhawk,L1P,L
A55CCC,N4447F,RS12,RANS S-12 Super Airaile,L1P,L
A55FCC,N44518,P28A,PIPER PA-28-140/150/160/180,L1P,L
A560CC,N4459J,P28A,PIPER PA-28-140/150/160/180,L1P,L
A569CC,N448R,J3,PIPER J-3 Cub,L1P,L
A56ACC,N44806,P28A,PIPER PA-28-140/150/160/180,L1P,L
A56ECC,N44929,P28A,PIPER PA-28-140/150/160/180,L1P,L
A571CC,N45WW,BE36,BEECH 36 Bonanza,L1P,L
A574CC,N4502T,PA18,PIPER PA-18 Super Cub,L1P,L
A578CC,N4514W,,,,
A57CCC,N4526Z,PA22,PIPER PA-22,L1P,L
A57FCC,N4531R,AA5,AMERICAN AA-5 Tiger,L1P,L
A581CC,N454JM,PTS2,PITTS S-2 Special,L1P,L
A584CC,N455BD,SR22,CIRRUS SR-22,L1P,L
A58ACC,N4560P,PA23,PIPER PA-23,L2P,L
A58ECC,N4572S,BE36,BEECH 36 Bonanza,L1P,L
A592CC,N4584V,BE35,BEECH 35 Starfire Bonanza,L1P,L
A597CC,N46FN,PTS1,PITTS S-1 Special,L1P,L
A59FCC,N46109,C172,CESSNA 172 Skyhawk,L1P,L
A5A2CC,N462UA,A320,AIRBUS A-320,L2J,M
A5A7CC,N4635E,CH7A,BELLANCA 7 Champion,L1P,L
A5ABCC,N4647H,PA17,PIPER PA-17 Vagabond Trainer,L1P,L
A5ADCC,N465SP,K100,DAHER Kodiak 100,L1T,L
A5B6CC,N4676F,P28A,PIPER PA-28-140/150/160/180,L1P,L
A5BDCC,N4693A,MUS2,BUSHBY M-2 Mustang 2,L1P,L
A5BFCC,N47LS,ULAC,,L0-,-
A5C3CC,N4702V,BL17,BELLANCA 17 Viking,L1P,L
A5C5CC,N471LA,LNC2,LANCAIR 200-320,L1P,L
A5C7CC,N4714Y,PA18,PIPER PA-18 Super Cub,L1P,L
A5D0CC,N474JP,B47G,BELL 47G,H1P,L
A5D2CC,N4743W,AC11,NORTH AMERICAN ROCKWELL Commander 112/114,L1P,L
A5D6CC,N4755Z,PA22,PIPER PA-22,L1P,L
A5D9CC,N4760R,WAIX,SONEX Waiex,L1P,L
A5DACC,N47672,C152,CESSNA 152,L1P,L
A5E1CC,N4784X,C150,CESSNA 150,L1P,L
A5E7CC,N48RW,,,,
A5E8CC,N480CA,PA46,PIPER PA-46-310/350,L1P,L
A5EBCC,N4806J,BE35,BEECH 35 Starfire Bonanza,L1P,L
A5EDCC,N481RE,GLID,,L0-,-
A5EECC,N4811A,PA22,PIPER PA-22,L1P,L
A5EFCC,N4818M,PA11,PIPER PA-11 Cub Special,L1P,L
A5F6CC,N4835G,C172,CESSNA 172 Skyhawk,L1P,L
A5F7CC,N484DM,M20T,MOONEY M-20T,L1P,L
A5FACC,N4847K,NAVI,NORTH AMERICAN Navion,L1P,L
A5FCCC,N485SR,SR22,CIRRUS SR-22,L1P,L
A5FECC,N4859N,ST75,STEARMAN Kaydet,L1P,L
A601CC,N4864E,CH7A,BELLANCA 7 Champion,L1P,L
A607CC,N488RD,M20P,MOONEY M-20,L1P,L
A609CC,N4888L,C152,CESSNA 152,L1P,L
A614CC,N491LC,VELO,Velocity,L1P,L
A618CC,N492PA,BE9L,BEECH 90 King Air,L2T,L
A61DCC,N4931V,ST75,STEARMAN Kaydet,L1P,L
A625CC,N49551,C152,CESSNA 152,L1P,L
A629CC,N49674,,,,
A62DCC,N49797,FA62,FAIRCHILD M-26 Cornell,L1P,L
A630CC,N4984Z,PA22,PIPER PA-22,L1P,L
A636CC,N5RY,BE18,BEECH 18 Expetitor,L2P,L
A637CC,N50CC,PA23,PIPER PA-23,L2P,L
A63ACC,N500JV,ST75,STEARMAN Kaydet,L1P,L
A63BCC,N500VA,BE20,BEECH 200 Super King Air,L2T,M
A63ECC,N501MT,B407,BELL 407,H1T,L
A640CC,N50155,C150,CESSNA 150,L1P,L
A646CC,N503TP,,,,
A648CC,N504A,P28A,PIPER PA-28-140/150/160/180,L1P,L
A64ACC,N504WM,,,,
A64BCC,N50443,CH7B,BELLANCA 7 Citabria,L1P,L
A64CCC,N505CY,B505,BELL 505 JetRanger X,H1T,L
A64DCC,N505PD,C182,CESSNA 182 Skylane,L1P,L
A64ECC,N505ZK,,,,
A656CC,N50731,O1,CESSNA 305/341 Bird Dog,L1P,L
A65ACC,N50854,C150,CESSNA 150,L1P,L
A65DCC,N5090W,P28A,PIPER PA-28-140/150/160/180,L1P,L
A663CC,N5100E,C172,CESSNA 172 Skyhawk,L1P,L
A666CC,N511SX,SR20,CIRRUS SR-20,L1P,L
A667CC,N5112H,PA14,PIPER PA-14 Family Cruiser,L1P,L
A668CC,N5119U,C206,CESSNA  206 Stationair,L1P,L
A66BCC,N5124L,P28A,PIPER PA-28-140/150/160/180,L1P,L
A66CCC,N513CF,SONX,SONEX AIRCRAFT Sonex,L1P,L
A66FCC,N5136P,PA24,PIPER PA-24 Comanche,L1P,L
A671CC,N514RK,,,,
A673CC,N5148S,P28A,PIPER PA-28-140/150/160/180,L1P,L
A676CC,N5153J,C340,CESSNA 340 Super,L2P,L
A678CC,N516M,WACO,WACO E/O,L1P,L
A67ACC,N5165M,C72R,CESSNA 172R Cutlass RG,L1P,L
A67BCC,N517DS,DA40,DIAMOND DA-40 Club Star,L1P,L
A67CCC,N517PY,BE33,BEECH 33 Bonanza,L1P,L
A67DCC,N5170D,C182,CESSNA 182 Skylane,L1P,L
A680CC,N518SW,PA18,PIPER PA-18 Super Cub,L1P,L
A681CC,N5182G,O1,CESSNA 305/341 Bird Dog,L1P,L
A682CC,N5189T,CH7A,BELLANCA 7 Champion,L1P,L
A685CC,N5194K,C172,CESSNA 172 Skyhawk,L1P,L
A686CC,N52CE,BE36,BEECH 36 Bonanza,L1P,L
A687CC,N52NL,E300,EXTRA EA-300/330/350,L1P,L
A68ACC,N520VC,H500,HUGHES 500,H1T,L
A68BCC,N52034,C172,CESSNA 172 Skyhawk,L1P,L
A692CC,N5220Z,KR2,RAND KR-2,L1P,L
A696CC,N52322,C182,CESSNA 182 Skylane,L1P,L
A697CC,N524AB,,,,
A699CC,N524WP,,,,
A69CCC,N525PF,C25A,CESSNA 525A Citation CJ2,L2J,L
A6A0CC,N526SD,GLF5,GULFSTREAM 5,L2J,M
A6A1CC,N52610,BALL,,B0-,-
A6A4CC,N527VB,R44,ROBINSON R-44 Raven,H1P,L
A6ABCC,N529QS,C680,CESSNA 680 Citation Sovereign,L2J,M
A6AECC,N53HJ,LJ55,LEARJET 55,L2J,M
A6AFCC,N53TQ,DHC2,DE HAVILLAND DHC-2 Beaver,L1P,L
A6B2CC,N5300G,O1,CESSNA 305/341 Bird Dog,L1P,L
A6B3CC,N5307T,BALL,,B0-,-
A6B6CC,N5312K,C72R,CESSNA 172R Cutlass RG,L1P,L
A6BECC,N5336R,C172,CESSNA 172 Skyhawk,L1P,L
A6C1CC,N5341H,C172,CESSNA 172 Skyhawk,L1P,L
A6C2CC,N5348U,T210,CESSNA T210 Turbo Centurion,L1P,L
A6C9CC,N5365P,PA24,PIPER PA-24 Comanche,L1P,L
A6CCCC,N5370F,P28R,PIPER PA-28R-180/200/201,L1P,L
A6CDCC,N5377S,C182,CESSNA 182 Skylane,L1P,L
A6CECC,N538GS,RV7,VANS RV-7,L1P,L
A6CFCC,N538SY,S22T,CIRRUS SR-22T Turbo,L1P,L
A6D5CC,N54CG,C56X,CESSNA 560XL Citation XLS,L2J,M
A6DACC,N54036,C172,CESSNA 172 Skyhawk,L1P,L
A6E1CC,N54201,FA62,FAIRCHILD M-26 Cornell,L1P,L
A6E5CC,N54324,C172,CESSNA 172 Skyhawk,L1P,L
A6E9CC,N54447,P28A,PIPER PA-28-140/150/160/180,L1P,L
A6EACC,N545DB,PC12,PILATUS PC-12,L1T,L
A6EBCC,N545PH,H500,HUGHES 500,H1T,L
A6EECC,N546G,AVTR,AERO ADVENTURE Aventura 2,A1P,L
A6FECC,N55TS,BE95,BEECH 95 Travel Air,L2P,L
A6FFCC,N550DX,GLF5,GULFSTREAM 5,L2J,M
A704CC,N551TA,,,,
A706CC,N5519Y,M7,MAULE M-7,L1P,L
A709CC,N5524Q,M20P,MOONEY M-20,L1P,L
A70FCC,N554RP,B105,EUROCOPTER BO-105,H2T,L
A712CC,N555JF,C25B,CESSNA 525B Citation CJ3,L2J,L
A713CC,N555UM,P28A,PIPER PA-28-140/150/160/180,L1P,L
A714CC,N5553N,DG15,HOWARD Nightingale,L1P,L
A718CC,N5565R,C172,CESSNA 172 Skyhawk,L1P,L
A71BCC,N5570H,PA11,PIPER PA-11 Cub Special,L1P,L
A71FCC,N5582L,,,,
A720CC,N5589X,SS2P,ROCKWELL Thrush Commander,L1P,L
A723CC,N5594P,PA24,PIPER PA-24 Comanche,L1P,L
A724CC,N56CJ,RV8,VANS RV-8,L1P,L
A72DCC,N5616A,C172,CESSNA 172 Skyhawk,L1P,L
A730CC,N56203,ULAC,,L0-,-
A734CC,N56326,P28R,PIPER PA-28R-180/200/201,L1P,L
A736CC,N564LM,C206,CESSNA  206 Stationair,L1P,L
A73ACC,N565PK,,,,
A742CC,N567VF,UH1,BELL UH-1 Huey,H1T,L
A743CC,N56737,T6,NORTH AMERICAN T-6 Texan,L1P,L
A744CC,N568BS,ULAC,,L0-,-
A747CC,N5686,F86,NORTH AMERICAN F-86 Sabre,L1J,M
A74ACC,N56902,P28A,PIPER PA-28-140/150/160/180,L1P,L
A74DCC,N57TU,SR22,CIRRUS SR-22,L1P,L
A74ECC,N570DZ,A359,AIRBUS A-350-900,L2J,H
A751CC,N5707X,BALL,,B0-,-
A753CC,N571TC,C206,CESSNA  206 Stationair,L1P,L
A754CC,N5712P,PA24,PIPER PA-24 Comanche,L1P,L
A759CC,N573CM,C25A,CESSNA 525A Citation CJ2,L2J,L
A75CCC,N5736V,BE35,BEECH 35 Starfire Bonanza,L1P,L
A75FCC,N5741M,C310,CESSNA 310,L2P,L
A761CC,N575JH,BL17,BELLANCA 17 Viking,L1P,L
A762CC,N575UP,B744,BOEING 747-400,L4J,H
A767CC,N5765T,C172,CESSNA 172 Skyhawk,L1P,L
A76ACC,N5770K,BE35,BEECH 35 Starfire Bonanza,L1P,L
A76BCC,N5777W,P28A,PIPER PA-28-140/150/160/180,L1P,L
A76DCC,N578TB,T28,NORTH AMERICAN T-28,L1P,L
A772CC,N5794R,C172,CESSNA 172 Skyhawk,L1P,L
A774CC,N58NS,S58P,SIKORSKY S-58,H1P,L
A776CC,N580KC,DRON,,D0-,-
A778CC,N5804,PL1,PAZMANY Laminar,L1P,L
A780CC,N5828F,C210,CESSNA 201 Centurion,L1P,L
A784CC,N584AH,DRON,,D0-,-
A789CC,N585PM,C185,CESSNA 185 Skywagon,L1P,L
A790CC,N587KB,CH7B,BELLANCA 7 Citabria,L1P,L
A792CC,N58739,C182,CESSNA 182 Skylane,L1P,L
A796CC,N5886B,C182,CESSNA 182 Skylane,L1P,L
A79CCC,N59TW,,,,
A79FCC,N5900N,AC11,NORTH AMERICAN ROCKWELL Commander 112/114,L1P,L
A7A6CC,N592WC,DRON,,D0-,-
A7A8CC,N593CP,C82T,CESSNA TR182 Turbo Skylane RG,L1P,L
A7B2CC,N5953S,BE23,BEECH 23 Sundowner,L1P,L
A7B7CC,N597E,UH1,BELL UH-1 Huey,H1T,L
A7BACC,N5977Y,PA23,PIPER PA-23,L2P,L
A7BBCC,N598GY,,,,
A7C0CC,N599WB,BE33,BEECH 33 Bonanza,L1P,L
A7C1CC,N5994T,C150,CESSNA 150,L1P,L
A7C2CC,N6CN,T34P,BEECH T-34 Mentor,L1P,L
A7C4CC,N6Z,PTS1,PITTS S-1 Special,L1P,L
A7C7CC,N600FR,GA6C,GULFSTREAM G600,L2J,M
A7C8CC,N600RX,E550,EMBRAER EMB-550 Praetor 600,L2J,M
A7C9CC,N6001T,GLID,,L0-,-
A7CBCC,N601JP,CL60,BOMBARDIER CL-600 Challenger,L2J,M
A7CDCC,N6013W,P28A,PIPER PA-28-140/150/160/180,L1P,L
A7CECC,N602BF,AT6T,AIR TRACTOR AT-602,L1T,L
A7CFCC,N602MM,EC45,AIRBUS HELICOPTERS EC-145,H2T,L
A7D1CC,N6025Z,C82S,CESSNA T182 Turbo Skylane,L1P,L
A7D4CC,N6030R,BE36,BEECH 36 Bonanza,L1P,L
A7D5CC,N60372,C172,CESSNA 172 Skyhawk,L1P,L
A7D6CC,N604HB,SR22,CIRRUS SR-22,L1P,L
A7D8CC,N6042U,BE24,BEECH 24 Sierra,L1P,L
A7DACC,N605L,CL60,BOMBARDIER CL-600 Challenger,L2J,M
A7DCCC,N6054X,UH1,BELL UH-1 Huey,H1T,L
A7E0CC,N60660,C170,CESSNA 170,L1P,L
A7E7CC,N6083V,C72R,CESSNA 172R Cutlass RG,L1P,L
A7ECCC,N61EC,C185,CESSNA 185 Skywagon,L1P,L
A7F2CC,N611DM,BIPL,EAA Biplane,L1P,L
A7F3CC,N611PT,C82S,CESSNA T182 Turbo Skylane,L1P,L
A7F7CC,N612SR,HDJT,HONDA HondaJet,L2J,L
A7F8CC,N6122B,C182,CESSNA 182 Skylane,L1P,L
A7F9CC,N6129N,R44,ROBINSON R-44 Raven,H1P,L
A7FBCC,N613VP,DRON,,D0-,-
A7FCCC,N6134E,P210,CESSNA P210 Centurion,L1P,L
A7FDCC,N614C,SR22,CIRRUS SR-22,L1P,L
A802CC,N615RD,RS21,RANS S-21 Outbound,L1P,L
A80ACC,N617X,B47G,BELL 47G,H1P,L
A80BCC,N6175F,ULAC,,L0-,-
A80FCC,N6187J,C82T,CESSNA TR182 Turbo Skylane RG,L1P,L
A813CC,N6199M,S108,STINSON 108 Voyager,L1P,L
A816CC,N620FT,,,,
A818CC,N6201V,BE35,BEECH 35 Starfire Bonanza,L1P,L
A81ACC,N621JR,ULAC,,L0-,-
A81BCC,N621UX,E75L,EMBRAER ERJ-170-200 (long wing),L2J,M
A81DCC,N622BH,RV9,VANS RV-9,L1P,L
A81ECC,N622MP,R22,ROBINSON R-22 Mariner,H1P,L
A827CC,N6242W,P28A,PIPER PA-28-140/150/160/180,L1P,L
A82DCC,N626P,BE36,BEECH 36 Bonanza,L1P,L
A83BCC,N63EE,ULAC,,L0-,-
A83DCC,N630AR,CL60,BOMBARDIER CL-600 Challenger,L2J,M
A841CC,N631DP,EN28,ENSTROM F-28,H1P,L
A848CC,N6329Q,M20P,MOONEY M-20,L1P,L
A84CCC,N634CB,S22T,CIRRUS SR-22T Turbo,L1P,L
A852CC,N6351B,C182,CESSNA 182 Skylane,L1P,L
A853CC,N6358N,CH7B,BELLANCA 7 Citabria,L1P,L
A856CC,N6363E,C172,CESSNA 172 Skyhawk,L1P,L
A85ACC,N6375H,C152,CESSNA 152,L1P,L
A85DCC,N6380,PA24,PIPER PA-24 Comanche,L1P,L
A861CC,N6392C,T210,CESSNA T210 Turbo Centurion,L1P,L
A866CC,N640SA,SYMP,OMF Symphony,L1P,L
A867CC,N6401X,B06,BELL 206 JetRanger,H1T,L
A86CCC,N642BK,RV10,VANS RV-10,L1P,L
A875CC,N644TM,RV7,VANS RV-7,L1P,L
A876CC,N6442Y,T210,CESSNA T210 Turbo Centurion,L1P,L
A87ACC,N64541,C172,CESSNA 172 Skyhawk,L1P,L
A87ECC,N64664,C172,CESSNA 172 Skyhawk,L1P,L
A883CC,N648JS,PC12,PILATUS PC-12,L1T,L
A885CC,N6483Z,PA25,PIPER PA-25 Pawnee,L1P,L
A889CC,N64952,ST75,STEARMAN Kaydet,L1P,L
A88CCC,N650AT,C650,CESSNA 650 Citation,L2J,M
A88FCC,N6505L,COL3,CESSNA 350 Corvalis,L1P,L
A890CC,N651DR,C180,CESSNA  180 Skywagon,L1P,L
A892CC,N6510C,BALL,,B0-,-
A893CC,N6517P,PA24,PIPER PA-24 Comanche,L1P,L
A897CC,N6529S,C150,CESSNA 150,L1P,L
A898CC,N653KM,PARA,,P0-,-
A89BCC,N654CD,SR22,CIRRUS SR-22,L1P,L
A89CCC,N654NK,A320,AIRBUS A-320,L2J,M
A89DCC,N654YR,P28A,PIPER PA-28-140/150/160/180,L1P,L
A89ECC,N6546M,S108,STINSON 108 Voyager,L1P,L
A8A2CC,N6558Q,,,,
A8A5CC,N6563G,C150,CESSNA 150,L1P,L
A8A6CC,N657AS,AA1,AMERICAN AA-1,L1P,L
A8ABCC,N658PW,C82T,CESSNA TR182 Turbo Skylane RG,L1P,L
A8ACCC,N6580B,BALL,,B0-,-
A8ADCC,N6587N,B14A,BELLANCA 14,L1P,L
A8B0CC,N6592E,C175,CESSNA 175 Skylark,L1P,L
A8B3CC,N66VS,P210,CESSNA P210 Centurion,L1P,L
A8B6CC,N6601Z,CH60,ZENAIR CH-600 Zodiac,L1P,L
A8BBCC,N662BM,C510,CESSNA 510 Citation Mustang,L2J,L
A8C5CC,N66420,C150,CESSNA 150,L1P,L
A8C6CC,N665A,PA22,PIPER PA-22,L1P,L
A8C7CC,N665LF,BE58,BEECH 58 Baron,L2P,L
A8CBCC,N666PD,DRON,,D0-,-
A8D0CC,N6671Y,PA23,PIPER PA-23,L2P,L
A8D3CC,N668V,BE35,BEECH 35 Starfire Bonanza,L1P,L
A8D4CC,N66831,B739,BOEING 737-900,L2J,M
A8D8CC,N66954,C152,CESSNA 152,L1P,L
A8DCCC,N670MA,C72R,CESSNA 172R Cutlass RG,L1P,L
A8DECC,N6705N,M20P,MOONEY M-20,L1P,L
A8E1CC,N6710E,B752,BOEING 757-200,L2J,M
A8E9CC,N6734L,PA18,PIPER PA-18 Super Cub,L1P,L
A8EBCC,N674NM,AC68,AERO Commander 680,L2P,L
A8EDCC,N6746P,PA24,PIPER PA-24 Comanche,L1P,L
A8F4CC,N6763J,P28A,PIPER PA-28-140/150/160/180,L1P,L
A8F6CC,N677M,PA18,PIPER PA-18 Super Cub,L1P,L
A8F9CC,N678DS,GLST,GLASAIR SH-4 GlaStar,L1P,L
A8FECC,N679SW,,,,
A8FFCC,N6792G,M20P,MOONEY M-20,L1P,L
A90DCC,N68257,C152,CESSNA 152,L1P,L
A914CC,N68422,C152,CESSNA 152,L1P,L
A915CC,N685AB,FA7X,DASSAULT Falcon 7X,L3J,M
A916CC,N685LH,P28A,PIPER PA-28-140/150/160/180,L1P,L
A918CC,N68545,CH7B,BELLANCA 7 Citabria,L1P,L
A919CC,N686D,GLST,GLASAIR SH-4 GlaStar,L1P,L
A91CCC,N68668,C180,CESSNA  180 Skywagon,L1P,L
A91ECC,N687SD,RV8,VANS RV-8,L1P,L
A920CC,N6879A,PA23,PIPER PA-23,L2P,L
A927CC,N68956,C152,CESSNA 152,L1P,L
A928CC,N69EL,C182,CESSNA 182 Skylane,L1P,L
A92ACC,N690AX,AC90,NORTH AMERICAN ROCKWELL Turbo Commander 690/840,L2T,L
A92ECC,N691DV,SSTL,JUST JA30 SuperSTOL,L1P,L
A93BCC,N694YV,,,,
A93CCC,N6946R,T210,CESSNA T210 Turbo Centurion,L1P,L
A94ACC,N6980F,C150,CESSNA 150,L1P,L
A94BCC,N6987S,C150,CESSNA 150,L1P,L
A94CCC,N699GS,BE35,BEECH 35 Starfire Bonanza,L1P,L
A94FCC,N6999V,PA18,PIPER PA-18 Super Cub,L1P,L
A950CC,N7KQ,RV7,VANS RV-7,L1P,L
A951CC,N7VW,P28A,PIPER PA-28-140/150/160/180,L1P,L
A952CC,N70GA,BE18,BEECH 18 Expetitor,L2P,L
A954CC,N700CM,C510,CESSNA 510 Citation Mustang,L2J,L
A956CC,N700YZ,SR20,CIRRUS SR-20,L1P,L
A957CC,N7006V,WACF,WACO F,L1P,L
A95ECC,N7023Q,AEST,AEROSTAR 600,L2P,L
A95FCC,N703B,BE35,BEECH 35 Starfire Bonanza,L1P,L
A962CC,N7035T,,,,
A963CC,N704DY,C150,CESSNA 150,L1P,L
A965CC,N7040K,CHR1,ELMWOOD CA-05 Christavia Mk1,L1P,L
A966CC,N7047W,P28A,PIPER PA-28-140/150/160/180,L1P,L
A968CC,N705TB,TB21,SOCATA TB-21 Trinidad TC,L1P,L
A96ACC,N7059Z,PARA,,P0-,-
A96DCC,N7064R,P28A,PIPER PA-28-140/150/160/180,L1P,L
A971CC,N7076U,BALL,,B0-,-
A979CC,N71AZ,LNCE,LANCAIR ES,L1P,L
A97ACC,N71ME,C402,CESSNA 402 Businessliner,L2P,L
A97ECC,N71028,C182,CESSNA 182 Skylane,L1P,L
A97FCC,N711AH,PA31,PIPER PA-31-300/310/325/350/425,L2P,L
A980CC,N711LP,M20P,MOONEY M-20,L1P,L
A981CC,N711WV,F900,DASSAULT Falcon 900,L3J,M
A982CC,N7115A,C172,CESSNA 172 Skyhawk,L1P,L
A984CC,N712PM,DA42,DIAMOND DA-42 Guardian,L2P,L
A988CC,N713SK,CRJ7,BOMBARDIER Regional Jet CRJ-700,L2J,M
A98ACC,N7139G,C172,CESSNA 172 Skyhawk,L1P,L
A98BCC,N714KB,DIMO,DIAMOND H-36 Dimona,L1P,L
A98CCC,N714VH,C152,CESSNA 152,L1P,L
A98FCC,N715N,C68A,CESSNA 680 Citation Latitude,L2J,M
A991CC,N7156B,PA22,PIPER PA-22,L1P,L
A992CC,N716ES,C208,CESSNA 208 Caravan,L1T,L
A994CC,N71604,BALL,,B0-,-
A995CC,N7168E,C182,CESSNA 182 Skylane,L1P,L
A996CC,N717HQ,LA4,LAKE LA-4/200,A1P,L
A997CC,N717TW,B752,BOEING 757-200,L2J,M
A99CCC,N7185,BE18,BEECH 18 Expetitor,L2P,L
A9A0CC,N7197C,T6,NORTH AMERICAN T-6 Texan,L1P,L
A9A1CC,N72GC,DHC6,DE HAVILLAND DHC-6 Twin Otter,L2T,L
A9A3CC,N720CP,C172,CESSNA 172 Skyhawk,L1P,L
A9A6CC,N7206X,C150,CESSNA 150,L1P,L
A9A8CC,N721RT,BE23,BEECH 23 Sundowner,L1P,L
A9A9CC,N7211P,PA24,PIPER PA-24 Comanche,L1P,L
A9ADCC,N7223S,C150,CESSNA 150,L1P,L
A9B1CC,N7235V,,,,
A9B2CC,N724E,WACO,WACO E/O,L1P,L
A9B5CC,N7247Y,BE20,BEECH 200 Super King Air,L2T,M
A9B8CC,N7252Q,C172,CESSNA 172 Skyhawk,L1P,L
A9B9CC,N72591,C140,CESSNA 140,L1P,L
A9BDCC,N727CN,SR20,CIRRUS SR-20,L1P,L
A9BFCC,N727Z,C170,CESSNA 170,L1P,L
A9C0CC,N7276W,P28A,PIPER PA-28-140/150/160/180,L1P,L
A9C7CC,N7293R,BE58,BEECH 58 Baron,L2P,L
A9C8CC,N73BA,ST75,STEARMAN Kaydet,L1P,L
A9D2CC,N732DH,,,,
A9D4CC,N732ZV,C210,CESSNA 201 Centurion,L1P,L
A9D7CC,N733SM,C172,CESSNA 172 Skyhawk,L1P,L
A9D8CC,N73318,C172,CESSNA 172 Skyhawk,L1P,L
A9DDCC,N735BW,C182,CESSNA 182 Skylane,L1P,L
A9E1CC,N736EU,C172,CESSNA 172 Skyhawk,L1P,L
A9E6CC,N737TY,C172,CESSNA 172 Skyhawk,L1P,L
A9E8CC,N738AJ,C172,CESSNA 172 Skyhawk,L1P,L
A9EECC,N739ZU,C172,CESSNA 172 Skyhawk,L1P,L
A9EFCC,N7397E,C210,CESSNA 201 Centurion,L1P,L
A9F1CC,N74SL,NIMB,SCHEMPP-HIRTH Nimbus,L1P,L
A9F7CC,N741RV,BE33,BEECH 33 Bonanza,L1P,L
A9FACC,N742JM,C208,CESSNA 208 Caravan,L1T,L
AA00CC,N7435X,C172,CESSNA 172 Skyhawk,L1P,L
AA03CC,N7440P,PA24,PIPER PA-24 Comanche,L1P,L
AA04CC,N74470,AA5,AMERICAN AA-5 Tiger,L1P,L
AA05CC,N745H,B214,BELL 214,H1T,M
AA08CC,N74593,AA5,AMERICAN AA-5 Tiger,L1P,L
AA0BCC,N7464V,M20P,MOONEY M-20,L1P,L
AA0DCC,N747NW,RV4,VANS RV-4,L1P,L
AA0FCC,N7476Y,PA30,PIPER PA-30 Twin Comanche,L2P,L
AA13CC,N74881,AA5,AMERICAN AA-5 Tiger,L1P,L
AA15CC,N749US,A319,AIRBUS A-319,L2J,M
AA18CC,N75MJ,BE60,BEECH 60 Duke,L2P,L
AA1CCC,N7503B,CH7A,BELLANCA 7 Champion,L1P,L
AA1DCC,N751AM,AS50,AEROSPATIALE AS-350 Ecureuil,H1T,L
AA21CC,N752DK,CH75,ZENAIR CH-750 Cruzer,L1P,L
AA26CC,N753SP,PA24,PIPER PA-24 Comanche,L1P,L
AA2DCC,N755ND,P28A,PIPER PA-28-140/150/160/180,L1P,L
AA2FCC,N7556F,CH7A,BELLANCA 7 Champion,L1P,L
AA32CC,N75608,C172,CESSNA 172 Skyhawk,L1P,L
AA33CC,N7568J,P28R,PIPER PA-28R-180/200/201,L1P,L
AA35CC,N757U,M20P,MOONEY M-20,L1P,L
AA37CC,N758AL,C172,CESSNA 172 Skyhawk,L1P,L
AA38CC,N758LS,C172,CESSNA 172 Skyhawk,L1P,L
AA3ACC,N7585D,PA18,PIPER PA-18 Super Cub,L1P,L
AA40CC,N76SN,C56X,CESSNA 560XL Citation XLS,L2J,M
AA44CC,N76061,C140,CESSNA 140,L1P,L
AA49CC,N762JP,H25B,HAWKER BEECHCRAFT Hawker 750/850,L2J,M
AA4BCC,N7623W,P28A,PIPER PA-28-140/150/160/180,L1P,L
AA4CCC,N763BF,SS2T,TRUSH Turbo Thrush 500/550,L1T,L
AA61CC,N7681S,CH7B,BELLANCA 7 Citabria,L1P,L
AA62CC,N76883,C140,CESSNA 140,L1P,L
AA66CC,N77BE,GLID,,L0-,-
AA68CC,N77XS,BE35,BEECH 35 Starfire Bonanza,L1P,L
AA6BCC,N7703D,PA22,PIPER PA-22,L1P,L
AA6FCC,N7715G,C172,CESSNA 172 Skyhawk,L1P,L
AA70CC,N772DM,T18,THORP Tiger,L1P,L
AA72CC,N772ZZ,C150,CESSNA 150,L1P,L
AA75CC,N773SR,SR22,CIRRUS SR-22,L1P,L
AA76CC,N7732B,CH7A,BELLANCA 7 Champion,L1P,L
AA77CC,N7739N,P28A,PIPER PA-28-140/150/160/180,L1P,L
AA7BCC,N775C,S108,STINSON 108 Voyager,L1P,L
AA7ECC,N7756H,PA12,PIPER PA-12 Super Cruiser,L1P,L
AA86CC,N778AN,B772,BOEING 777-200,L2J,H
AA91CC,N780PA,,,,
AA96CC,N7811V,M20P,MOONEY M-20,L1P,L
AA97CC,N78186,C172,CESSNA 172 Skyhawk,L1P,L
AA98CC,N782JR,SR20,CIRRUS SR-20,L1P,L
AA9ECC,N78351,C172,CESSNA 172 Skyhawk,L1P,L
AAA2CC,N78474,PA12,PIPER PA-12 Super Cruiser,L1P,L
AAA5CC,N7852W,P28A,PIPER PA-28-140/150/160/180,L1P,L
AAA6CC,N78597,PA12,PIPER PA-12 Super Cruiser,L1P,L
AAA7CC,N786LB,BALL,,B0-,-
AAADCC,N78762,PA11,PIPER PA-11 Cub Special,L1P,L
AAB0CC,N7881U,C150,CESSNA 150,L1P,L
AAB5CC,N79BG,BOLT,STEEN Skybolt,L1P,L
AABACC,N7903F,C150,CESSNA 150,L1P,L
AAC9CC,N7944G,C172,CESSNA 172 Skyhawk,L1P,L
AAD0CC,N7961B,C172,CESSNA 172 Skyhawk,L1P,L
AAD1CC,N7968N,P28A,PIPER PA-28-140/150/160/180,L1P,L
AAD4CC,N7973E,C150,CESSNA 150,L1P,L
AAD8CC,N7985H,PA12,PIPER PA-12 Super Cruiser,L1P,L
AADECC,N8SS,C340,CESSNA 340 Super,L2P,L
AAE0CC,N80PC,MUS2,BUSHBY M-2 Mustang 2,L1P,L
AAE2CC,N800KP,SR20,CIRRUS SR-20,L1P,L
AAE8CC,N8016P,PA24,PIPER PA-24 Comanche,L1P,L
AAE9CC,N802FD,A310,AIRBUS A-310,L2J,H
AAEBCC,N8021F,,,,
AAEDCC,N803JB,B06,BELL 206 JetRanger,H1T,L
AAEECC,N803UH,UH1,BELL UH-1 Huey,H1T,L
AAF1CC,N804M,,,,
AAF3CC,N8045M,P28A,PIPER PA-28-140/150/160/180,L1P,L
AAF6CC,N8050D,PA22,PIPER PA-22,L1P,L
AAF9CC,N806SW,C25C,CESSNA 525C Citation CJ4,L2J,M
AAFACC,N8062G,C77R,CESSNA 177RG Cardinal RG,L1P,L
AAFECC,N8074K,S108,STINSON 108 Voyager,L1P,L
AAFFCC,N808CE,C560,CESSNA 560 Citation Ultra,L2J,M
AB02CC,N8086N,P28B,PIPER PA-28-201T/235/236,L1P,L
AB04CC,N809RJ,SR22,CIRRUS SR-22,L1P,L
AB05CC,N8091E,C172,CESSNA 172 Skyhawk,L1P,L
AB06CC,N8098R,P28R,PIPER PA-28R-180/200/201,L1P,L
AB07CC,N81JA,TAMP,SOCATA TB-9 Tampico,L1P,L
AB0ECC,N811TR,JABI,Jabiru J120,L1P,L
AB10CC,N812AB,RV6,VANS RV-6,L1P,L
AB11CC,N812LH,MD60,MCDONNELL-DOUGLAS MD-600N,H1T,L
AB12CC,N812WP,BE36,BEECH 36 Bonanza,L1P,L
AB17CC,N81368,AA5,AMERICAN AA-5 Tiger,L1P,L
AB19CC,N814SD,RV7,VANS RV-7,L1P,L
AB1ACC,N81410,GLID,,L0-,-
AB1BCC,N8149A,P28A,PIPER PA-28-140/150/160/180,L1P,L
AB21CC,N816Y,GLAS,Glasair,L1P,L
AB22CC,N81656,CH7A,BELLANCA 7 Champion,L1P,L
AB24CC,N817QS,C700,CESSNA 700 Citation Longitude,L2J,M
AB25CC,N8170Y,P32R,PIPER PA-32R-300/301/301T,L1P,L
AB2ECC,N82CZ,DH82,DE HAVILLAND DH-82 Tiger Moth,L1P,L
AB2FCC,N82PE,G280,GULFSTREAM G280,L2J,M
AB37CC,N8216R,BL17,BELLANCA 17 Viking,L1P,L
AB39CC,N822RM,CHR1,ELMWOOD CA-05 Christavia Mk1,L1P,L
AB3ECC,N8233L,C172,CESSNA 172 Skyhawk,L1P,L
AB3FCC,N824AW,A319,AIRBUS A-319,L2J,M
AB45CC,N8250F,C150,CESSNA 150,L1P,L
AB46CC,N8257S,C150,CESSNA 150,L1P,L
AB48CC,N826SY,B738,BOEING 737-800,L2J,M
AB49CC,N8262J,,,,
AB4ACC,N8269V,BE36,BEECH 36 Bonanza,L1P,L
AB54CC,N8291G,C77R,CESSNA 177RG Cardinal RG,L1P,L
AB55CC,N8298T,P28B,PIPER PA-28-201T/235/236,L1P,L
AB56CC,N83JC,CORS,CHANCE VOUGHT F4U Corsair,L1P,M
AB5BCC,N8308B,C172,CESSNA 172 Skyhawk,L1P,L
AB5DCC,N831TT,C25C,CESSNA 525C Citation CJ4,L2J,M
AB5ECC,N83124,CH7A,BELLANCA 7 Champion,L1P,L
AB62CC,N83247,CH7A,BELLANCA 7 Champion,L1P,L
AB63CC,N833DB,HROC,HARMON Rocket,L1P,L
AB66CC,N8337,CRBN,CURTISS-ROBERTSON Robin,L1P,L
AB67CC,N834G,T34P,BEECH T-34 Mentor,L1P,L
AB69CC,N83412,PA18,PIPER PA-18 Super Cub,L1P,L
AB75CC,N8378A,P28A,PIPER PA-28-140/150/160/180,L1P,L
AB77CC,N838TS,,,,
AB78CC,N83823,CH7A,BELLANCA 7 Champion,L1P,L
AB79CC,N839AC,RJ85,AVRO RJ-85 Avroliner,L4J,M
AB7DCC,N84DA,C414,CESSNA 414 Chancellor,L2P,L
AB7ECC,N84PG,G164,GRUMMAN G-164 Ag-Cat,L1P,L
AB86CC,N8416T,GLST,GLASAIR SH-4 GlaStar,L1P,L
AB89CC,N8421K,S108,STINSON 108 Voyager,L1P,L
AB8ACC,N8428W,P28A,PIPER PA-28-140/150/160/180,L1P,L
AB8DCC,N8433N,PA32,PIPER PA-32,L1P,L
AB91CC,N8445R,P28A,PIPER PA-28-140/150/160/180,L1P,L
AB92CC,N845DW,P46T,PIPER PA-46-500TP,L1T,L
AB95CC,N8457U,C172,CESSNA 172 Skyhawk,L1P,L
AB97CC,N846T,C180,CESSNA  180 Skywagon,L1P,L
AB99CC,N8469X,C172,CESSNA 172 Skyhawk,L1P,L
AB9CCC,N8474P,PA24,PIPER PA-24 Comanche,L1P,L
ABA0CC,N8486S,C182,CESSNA 182 Skylane,L1P,L
ABAACC,N8508D,PA22,PIPER PA-22,L1P,L
ABB6CC,N854GB,FOX,KITFOX,L1P,L
ABBACC,N855K,PA11,PIPER PA-11 Cub Special,L1P,L
ABBCCC,N85537,CH7A,BELLANCA 7 Champion,L1P,L
ABC4CC,N8578C,P28A,PIPER PA-28-140/150/160/180,L1P,L
ABCBCC,N85948,AR11,AERONCA 11 Chief,L1P,L
ABD8CC,N8621M,BE35,BEECH 35 Starfire Bonanza,L1P,L
ABDBCC,N863UP,BE30,BEECH 300 Super King Air,L2T,L
ABE3CC,N8650K,S108,STINSON 108 Voyager,L1P,L
ABEACC,N867W,C56X,CESSNA 560XL Citation XLS,L2J,M
ABF9CC,N8708F,H269,HUGHES Sky Knight,H1P,L
ABFBCC,N871TX,M20P,MOONEY M-20,L1P,L
AC00CC,N8725A,BE35,BEECH 35 Starfire Bonanza,L1P,L
AC04CC,N8737D,PA22,PIPER PA-22,L1P,L
AC07CC,N87416,ERCO,AIR PRODUCTS F-1 Aircoupe,L1P,L
AC12CC,N87704,J3,PIPER J-3 Cub,L1P,L
AC1BCC,N88DE,PA23,PIPER PA-23,L2P,L
AC1CCC,N88PL,BE36,BEECH 36 Bonanza,L1P,L
AC1FCC,N880WC,C25B,CESSNA 525B Citation CJ3,L2J,L
AC20CC,N8804U,C172,CESSNA 172 Skyhawk,L1P,L
AC24CC,N8816X,BE33,BEECH 33 Bonanza,L1P,L
AC28CC,N88280,CH7B,BELLANCA 7 Citabria,L1P,L
AC2CCC,N884BB,F900,DASSAULT Falcon 900,L3J,M
AC2DCC,N884MH,EC30,AIRBUS HELICOPTERS EC-130,H1T,L
AC33CC,N8857Y,PA30,PIPER PA-30 Twin Comanche,L2P,L
AC39CC,N887WB,C185,CESSNA 185 Skywagon,L1P,L
AC3ACC,N8874T,C182,CESSNA 182 Skylane,L1P,L
AC3BCC,N888CN,M10F,MOONEY M-10T,L1P,L
AC3ECC,N8886W,P28B,PIPER PA-28-201T/235/236,L1P,L
AC40CC,N889RS,CH75,ZENAIR CH-750 Cruzer,L1P,L
AC41CC,N8891N,P28A,PIPER PA-28-140/150/160/180,L1P,L
AC43CC,N89JJ,E50P,EMBRAER EMB-500 Phenom 100,L2J,L
AC47CC,N89007,C140,CESSNA 140,L1P,L
AC55CC,N894SM,B738,BOEING 737-800,L2J,M
AC57CC,N8949J,P28A,PIPER PA-28-140/150/160/180,L1P,L
AC5ECC,N8966D,PA22,PIPER PA-22,L1P,L
AC68CC,N899WW,P28B,PIPER PA-28-201T/235/236,L1P,L
AC69CC,N8995B,C172,CESSNA 172 Skyhawk,L1P,L
AC6ACC,N9DG,PA30,PIPER PA-30 Twin Comanche,L2P,L
AC6BCC,N9PN,P28R,PIPER PA-28R-180/200/201,L1P,L
AC6CCC,N9ZU,PA18,PIPER PA-18 Super Cub,L1P,L
AC6DCC,N90KZ,BALL,,B0-,-
AC6ECC,N90WE,CL35,BOMBARDIER BD-100 Challenger 350,L2J,M
AC6FCC,N900GK,TBM7,SOCATA TBM-700A/B/C,L1T,L
AC71CC,N9002B,CH7A,BELLANCA 7 Champion,L1P,L
AC72CC,N9009N,SVNH,AEROTEC Savannah,L1P,L
AC76CC,N902C,HUSK,CHRISTEN Husky,L1P,L
AC7BCC,N903RD,SR22,CIRRUS SR-22,L1P,L
AC7CCC,N9031,,,,
AC80CC,N9043C,C180,CESSNA  180 Skywagon,L1P,L
AC81CC,N905AN,B738,BOEING 737-800,L2J,M
AC86CC,N906PS,P28A,PIPER PA-28-140/150/160/180,L1P,L
AC8ACC,N907SQ,,,,
AC99CC,N91051,RV4,VANS RV-4,L1P,L
AC9ACC,N911EF,EC35,AIRBUS HELICOPTERS EC-135/635,H2T,L
AC9ECC,N912HD,BALL,,B0-,-
ACA1CC,N91297,BALL,,B0-,-
ACA2CC,N913LB,BALL,,B0-,-
ACA4CC,N9134Z,WH1,WENDT Traveler,L1P,L
ACA6CC,N914P,P28B,PIPER PA-28-201T/235/236,L1P,L
ACABCC,N9151U,C150,CESSNA 150,L1P,L
ACACCC,N91585,NAVI,NORTH AMERICAN Navion,L1P,L
ACB3CC,N91750,NAVI,NORTH AMERICAN Navion,L1P,L
ACB6CC,N9180S,T206,CESSNA T206 Turbo Stationair,L1P,L
ACB7CC,N91873,GLID,,L0-,-
ACBACC,N9192V,P28A,PIPER PA-28-140/150/160/180,L1P,L
ACBBCC,N91996,C72R,CESSNA 172R Cutlass RG,L1P,L
ACBCCC,N92LA,GLF5,GULFSTREAM 5,L2J,M
ACBDCC,N92WG,C25A,CESSNA 525A Citation CJ2,L2J,L
ACC1CC,N9209Q,M7,MAULE M-7,L1P,L
ACC2CC,N921KK,BE55,BEECH 55 Baron,L2P,L
ACC4CC,N9214G,C182,CESSNA 182 Skylane,L1P,L
ACC5CC,N922CB,GLF4,GULFSTREAM 4,L2J,M
ACC8CC,N9226K,P32R,PIPER PA-32R-300/301/301T,L1P,L
ACCBCC,N9231B,C175,CESSNA 175 Skylark,L1P,L
ACCCCC,N9238N,M7,MAULE M-7,L1P,L
ACD3CC,N9255H,G3,REMOS Mirage,L1P,L
ACD7CC,N9267L,,,,
ACDACC,N9272C,TEX2,BEECHCRAFT T-6 Texan 2,L1T,L
ACDBCC,N9279P,PA24,PIPER PA-24 Comanche,L1P,L
ACDECC,N9284F,GYRO,,G0-,-
ACDFCC,N929CA,P212,TECNAM P-2012 Traveller,L2P,L
ACE0CC,N929NG,PC12,PILATUS PC-12,L1T,L
ACE2CC,N9296J,P28A,PIPER PA-28-140/150/160/180,L1P,L
ACE5CC,N930BK,TBM7,SOCATA TBM-700A/B/C,L1T,L
ACE6CC,N930MR,M20P,MOONEY M-20,L1P,L
ACE7CC,N930XX,TBM7,SOCATA TBM-700A/B/C,L1T,L
ACEFCC,N9322Y,BE50,BEECH 50 Excalibur,L2P,L
ACF3CC,N93341,ERCO,AIR PRODUCTS F-1 Aircoupe,L1P,L
ACF4CC,N934CW,C525,CESSNA 525 CitationJet,L2J,L
ACF7CC,N93464,ERCO,AIR PRODUCTS F-1 Aircoupe,L1P,L
ACF9CC,N935S,RV9,VANS RV-9,L1P,L
ACFACC,N9351W,P28B,PIPER PA-28-201T/235/236,L1P,L
ACFBCC,N93587,ERCO,AIR PRODUCTS F-1 Aircoupe,L1P,L
AD05CC,N9380U,C150,CESSNA 150,L1P,L
AD07CC,N939HE,PC12,PILATUS PC-12,L1T,L
AD09CC,N9392X,C182,CESSNA 182 Skylane,L1P,L
AD0BCC,N94LC,J3,PIPER J-3 Cub,L1P,L
AD13CC,N9414J,P28A,PIPER PA-28-140/150/160/180,L1P,L
AD14CC,N942CD,SR20,CIRRUS SR-20,L1P,L
AD15CC,N942NK,A20N,AIRBUS A-320neo,L2J,M
AD1CCC,N944J,C525,CESSNA 525 CitationJet,L2J,L
AD1FCC,N945AS,C337,CESSNA 337 Super Skymaster,L2P,L
AD25CC,N9460B,C175,CESSNA 175 Skylark,L1P,L
AD29CC,N9472E,C82R,CESSNA R182 Skylane RG,L1P,L
AD2DCC,N9484H,C172,CESSNA 172 Skyhawk,L1P,L
AD2ECC,N949CC,WW24,IAI 1124 Westwind,L2J,M
AD31CC,N9496L,,,,
AD33CC,N95RG,C208,CESSNA 208 Caravan,L1T,L
AD3ACC,N9510X,C210,CESSNA 201 Centurion,L1P,L
AD3BCC,N95178,TAYB,TAYLORCRAFT BC/BF/BL,L1P,L
AD42CC,N95343,P28A,PIPER PA-28-140/150/160/180,L1P,L
AD49CC,N9551Y,BE35,BEECH 35 Starfire Bonanza,L1P,L
AD4CCC,N956V,BE35,BEECH 35 Starfire Bonanza,L1P,L
AD4DCC,N95631,C182,CESSNA 182 Skylane,L1P,L
AD54CC,N9580W,P28A,PIPER PA-28-140/150/160/180,L1P,L
AD5ACC,N96LE,RV6,VANS RV-6,L1P,L
AD5BCC,N96WL,HROC,HARMON Rocket,L1P,L
AD5CCC,N960GR,CL30,BOMBARDIER BD-100 Challenger 300,L2J,M
AD5ECC,N9602H,C82R,CESSNA R182 Skylane RG,L1P,L
AD5FCC,N9609U,M20P,MOONEY M-20,L1P,L
AD62CC,N9614L,HUSK,CHRISTEN Husky,L1P,L
AD67CC,N963FD,B752,BOEING 757-200,L2J,M
AD6BCC,N964JB,RV7,VANS RV-7,L1P,L
AD6DCC,N9643J,P28A,PIPER PA-28-140/150/160/180,L1P,L
AD6ECC,N965AU,C172,CESSNA 172 Skyhawk,L1P,L
AD71CC,N9655M,M20P,MOONEY M-20,L1P,L
AD72CC,N966DS,DA40,DIAMOND DA-40 Club Star,L1P,L
AD77CC,N967SW,CRJ2,BOMBARDIER Regional Jet CRJ-200,L2J,M
AD81CC,N97FC,C180,CESSNA  180 Skywagon,L1P,L
AD82CC,N97RJ,SR22,CIRRUS SR-22,L1P,L
AD8ECC,N973AB,M7,MAULE M-7,L1P,L
AD91CC,N97345,C182,CESSNA 182 Skylane,L1P,L
AD92CC,N974D,ULAC,,L0-,-
AD95CC,N97468,S108,STINSON 108 Voyager,L1P,L
AD99CC,N9759A,C170,CESSNA 170,L1P,L
AD9ACC,N976JW,SR22,CIRRUS SR-22,L1P,L
AD9CCC,N97633,C182,CESSNA 182 Skylane,L1P,L
ADA7CC,N97921,C172,CESSNA 172 Skyhawk,L1P,L
ADA8CC,N98AA,BE58,BEECH 58 Baron,L2P,L
ADA9CC,N98LG,,,,
ADADCC,N9802K,CRER,RANS Courier,L1P,L
ADB5CC,N9826R,BE35,BEECH 35 Starfire Bonanza,L1P,L
ADBACC,N984JD,C208,CESSNA 208 Caravan,L1T,L
ADBDCC,N985AW,PC12,PILATUS PC-12,L1T,L
ADBECC,N985MB,B412,BELL 412,H2T,L
ADC7CC,N9872J,C172,CESSNA 172 Skyhawk,L1P,L
ADCCCC,N989CG,LJ31,LEARJET 31,L2J,M
ADCDCC,N989NN,B738,BOEING 737-800,L2J,M
ADD0CC,N99FE,C182,CESSNA 182 Skylane,L1P,L
ADD1CC,N99RL,BE35,BEECH 35 Starfire Bonanza,L1P,L
ADD2CC,N990BR,,,,
ADD8CC,N99101,ERCO,AIR PRODUCTS F-1 Aircoupe,L1P,L
ADDCCC,N99224,ERCO,AIR PRODUCTS F-1 Aircoupe,L1P,L
ADE0CC,N99347,C172,CESSNA 172 Skyhawk,L1P,L
ADE1CC,N994DB,RV4,VANS RV-4,L1P,L
ADEFCC,N99758,ERCO,AIR PRODUCTS F-1 Aircoupe,L1P,L
ADF2CC,N99800,BE18,BEECH 18 Expetitor,L2P,L
ADF4CC,N999HL,KR2,RAND KR-2,L1P,L
ADF6CC,N99923,,,,
ADFCCC,93-0652,BE40,BEECH 400 Beechjet,L2J,M
ADFDCC,92-2104,C130,LOCKHEED C-130 Hercules,L4T,M
ADFECC,84-00486,BE20,BEECH 200 Super King Air,L2T,M
ADFFCC,65-10420,T38,NORTHROP T-38 Talon,L2J,L
AE00CC,66-4357,T38,NORTHROP T-38 Talon,L2J,L
AE01CC,62-4131,R135,BOEING RC-135,L4J,H
AE02CC,90-9108,C130,LOCKHEED C-130 Hercules,L4T,M
AE03CC,163591,C130,LOCKHEED C-130 Hercules,L4T,M
AE04CC,62-3499,K35R,BOEING KC-135R/T Stratotanker,L4J,H
AE07CC,88-0266,C17,BOEING C-17 Globemaster 3,L4J,H
AE0CCC,91-26349,H60,SIKORSKY UH-60 Black Hawk,H2T,M
AE0DCC,83-23927,H60,SIKORSKY UH-60 Black Hawk,H2T,M
AE11CC,03-6201,TEX2,BEECHCRAFT T-6 Texan 2,L1T,L
AE12CC,66-0223,C130,LOCKHEED C-130 Hercules,L4T,M
AE13CC,04-3758,TEX2,BEECHCRAFT T-6 Texan 2,L1T,L
AE14CC,161075,BE9L,BEECH 90 King Air,L2T,L
AE15CC,04-05436,H64,MCDONNELL DOUGLAS AH-64 Apache,H2T,M
AE18CC,78-0670,A10,FAIRCHILD A-10 Thunderbolt II,L2J,M
AE19CC,81-0944,A10,FAIRCHILD A-10 Thunderbolt II,L2J,M
AE1ECC,166071,TEX2,BEECHCRAFT T-6 Texan 2,L1T,L
AE1FCC,11-72189,EC45,AIRBUS HELICOPTERS EC-145,H2T,L
AE21CC,85-24447,H60,SIKORSKY UH-60 Black Hawk,H2T,M
AE26CC,89-2046,F16,GENERAL DYNAMICS F-16 Fighting Falcon,L1J,M
AE35CC,21-01903,T206,CESSNA T206 Turbo Stationair,L1P,L
AE4ECC,09-0045,V22,BELL-BOEING V-22 Osprey,R2T,M
AE50CC,10-20268,H60,SIKORSKY UH-60 Black Hawk,H2T,M
AE51CC,11-20416,H60,SIKORSKY UH-60 Black Hawk,H2T,M
AE54CC,12-5759,C30J,LOCKHEED MARTIN C-130J Super Hercules,L4T,M
AE57CC,169007,P8,BOEING P-8 Poseidon,L2J,M
AE59CC,14-08171,H47,BOEING-VERTOL CH-47 Chinook,H2T,M
AE5ACC,15-20746,H60,SIKORSKY UH-60 Black Hawk,H2T,M
AE5BCC,15-20784,H60,SIKORSKY UH-60 Black Hawk,H2T,M
AE5CCC,90-26231,H60,SIKORSKY UH-60 Black Hawk,H2T,M
AE5DCC,168625,V22,BELL-BOEING V-22 Osprey,R2T,M
AE5ECC,162042,B06,BELL 206 JetRanger,H1T,L
AE64CC,21-0024,B737,BOEING 737-700,L2J,M
AE6CCC,20-03364,H64,MCDONNELL DOUGLAS AH-64 Apache,H2T,M
AE74CC,21-03433,H64,MCDONNELL DOUGLAS AH-64 Apache,H2T,M
C001CC,C-FARR,CH7B,BELLANCA 7 Citabria,L1P,L
C002CC,C-FBBN,C172,CESSNA 172 Skyhawk,L1P,L
C005CC,C-FCFB,,,,
C006CC,C-FCOX,RV7,VANS RV-7,L1P,L
C007CC,C-FCYT,RV4,VANS RV-4,L1P,L
C008CC,C-FDIP,LA4,LAKE LA-4/200,A1P,L
C009CC,C-FDSL,J3,PIPER J-3 Cub,L1P,L
C00ACC,C-FECH,R66,ROBINSON R-66,H1T,L
C00BCC,C-FEMD,C185,CESSNA 185 Skywagon,L1P,L
C00DCC,C-FFFV,,,,
C00ECC,C-FFPR,C170,CESSNA 170,L1P,L
C013CC,C-FHMX,C172,CESSNA 172 Skyhawk,L1P,L
C014CC,C-FHWT,C182,CESSNA 182 Skylane,L1P,L
C015CC,C-FIGP,C172,CESSNA 172 Skyhawk,L1P,L
C018CC,C-FJKD,FOX,KITFOX,L1P,L
C019CC,C-FJTZ,,,,
C01BCC,C-FKNR,,,,
C01CCC,C-FKXN,C175,CESSNA 175 Skylark,L1P,L
C01ECC,C-FLRF,PK20,PIK 20E,L1P,L
C01FCC,C-FMBB,RV14,VANS RV-14,L1P,L
C020CC,C-FMKX,C182,CESSNA 182 Skylane,L1P,L
C021CC,C-FMUT,C182,CESSNA 182 Skylane,L1P,L
C023CC,C-FNOL,C140,CESSNA 140,L1P,L
C025CC,C-FOID,AR15,AERONCA 15 Sedan,L1P,L
C026CC,C-FORZ,PA18,PIPER PA-18 Super Cub,L1P,L
C027CC,C-FPBV,,,,
C028CC,C-FPLR,C180,CESSNA  180 Skywagon,L1P,L
C029CC,C-FPVN,CH60,ZENAIR CH-600 Zodiac,L1P,L
C02BCC,C-FQPF,PA24,PIPER PA-24 Comanche,L1P,L
C02CCC,C-FQZB,C150,CESSNA 150,L1P,L
C02DCC,C-FRIX,C180,CESSNA  180 Skywagon,L1P,L
C02FCC,C-FSCP,P28A,PIPER PA-28-140/150/160/180,L1P,L
C030CC,C-FSML,ULAC,,L0-,-
C031CC,C-FSWH,P28A,PIPER PA-28-140/150/160/180,L1P,L
C032CC,C-FTGD,BE24,BEECH 24 Sierra,L1P,L
C033CC,C-FTPZ,CH7A,BELLANCA 7 Champion,L1P,L
C035CC,C-FUJR,B738,BOEING 737-800,L2J,M
C036CC,C-FUTN,C172,CESSNA 172 Skyhawk,L1P,L
C037CC,C-FVDJ,C150,CESSNA 150,L1P,L
C038CC,C-FVNF,B789,BOEING 787-9 Dreamliner,L2J,H
C03ACC,C-FWGX,C172,CESSNA 172 Skyhawk,L1P,L
C03CCC,C-FXAP,,,,
C03DCC,C-FXKL,AS55,AEROSPATIALE AS-355 Ecureuil 2,H2T,L
C03ECC,C-FXUH,P28A,PIPER PA-28-140/150/160/180,L1P,L
C040CC,C-FYNZ,R44,ROBINSON R-44 Raven,H1P,L
C042CC,C-FZHR,PA22,PIPER PA-22,L1P,L
C043CC,C-FZRN,C172,CESSNA 172 Skyhawk,L1P,L
C045CC,C-GALF,C207,CESSNA 207 Turbo Stationair,L1P,L
C046CC,C-GAVB,BOLT,STEEN Skybolt,L1P,L
C047CC,C-GBEX,PEGZ,PEGASE AERO Pegazair,L1P,L
C048CC,C-GBOT,,,,
C049CC,C-GBYP,,,,
C04CCC,C-GDCD,AT5T,AIR TRACTOR AT-504,L1T,L
C04ECC,C-GDVV,T206,CESSNA T206 Turbo Stationair,L1P,L
C04FCC,C-GEFR,C172,CESSNA 172 Skyhawk,L1P,L
C050CC,C-GEPN,,,,
C051CC,C-GEZJ,A321,AIRBUS A-321,L2J,M
C052CC,C-GFJF,,,,
C053CC,C-GFTB,PA18,PIPER PA-18 Super Cub,L1P,L
C055CC,C-GGMT,P28A,PIPER PA-28-140/150/160/180,L1P,L
C057CC,C-GHGL,C150,CESSNA 150,L1P,L
C058CC,C-GHQH,C150,CESSNA 150,L1P,L
C05ACC,C-GIJZ,DH8D,DE HAVILLAND DHC-8-400 Dash 8,L2T,M
C05BCC,C-GITV,EXEC,ROTORWAY Exec,H1P,L
C05CCC,C-GJDR,GLEX,BOMBARDIER BD-700 Global 6000/6500,L2J,M
C05DCC,C-GJNN,,,,
C05ECC,C-GJXJ,RV8,VANS RV-8,L1P,L
C05FCC,C-GKHF,RV10,VANS RV-10,L1P,L
C060CC,C-GKRB,CP30,PIEL Emeraude,L1P,L
C061CC,C-GLAX,PA32,PIPER PA-32,L1P,L
C062CC,C-GLKT,PA44,PIPER PA-44 Seminole,L2P,L
C063CC,C-GLUP,BE20,BEECH 200 Super King Air,L2T,M
C064CC,C-GMEL,C140,CESSNA 140,L1P,L
C065CC,C-GMOH,,,,
C066CC,C-GMYD,CDUS,AUTOGYRO Calidus,G1P,L
C067CC,C-GNHZ,,,,
C068CC,C-GNRV,C172,CESSNA 172 Skyhawk,L1P,L
C069CC,C-GOBR,C150,CESSNA 150,L1P,L
C06ACC,C-GOLN,ULAC,,L0-,-
C06BCC,C-GOVJ,AC95,NORTH AMERICAN ROCKWELL Jetprop Commander 1000,L2T,L
C06CCC,C-GPFF,C152,CESSNA 152,L1P,L
C06DCC,C-GPPB,CHR1,ELMWOOD CA-05 Christavia Mk1,L1P,L
C06FCC,C-GQIT,C172,CESSNA 172 Skyhawk,L1P,L
C071CC,C-GRCL,GLST,GLASAIR SH-4 GlaStar,L1P,L
C072CC,C-GRMH,B06,BELL 206 JetRanger,H1T,L
C073CC,C-GRWD,BE55,BEECH 55 Baron,L2P,L
C074CC,C-GSFZ,,,,
C075CC,C-GSPV,C340,CESSNA 340 Super,L2P,L
C076CC,C-GSZR,AT5T,AIR TRACTOR AT-504,L1T,L
C077CC,C-GTJN,T206,CESSNA T206 Turbo Stationair,L1P,L
C078CC,C-GTTJ,C182,CESSNA 182 Skylane,L1P,L
C079CC,C-GUDF,,,,
C07ACC,C-GUNB,C172,CESSNA 172 Skyhawk,L1P,L
C07BCC,C-GUWX,B212,BELL 212,H2T,L
C07CCC,C-GVGT,C337,CESSNA 337 Super Skymaster,L2P,L
C07DCC,C-GVQP,C172,CESSNA 172 Skyhawk,L1P,L
C07ECC,C-GWAL,C182,CESSNA 182 Skylane,L1P,L
C07FCC,C-GWKH,PA18,PIPER PA-18 Super Cub,L1P,L
C080CC,C-GWUD,C172,CESSNA 172 Skyhawk,L1P,L
C081CC,C-GXDZ,BE35,BEECH 35 Starfire Bonanza,L1P,L
C082CC,C-GXNV,RV9,VANS RV-9,L1P,L
C083CC,C-GXXR,AA1,AMERICAN AA-1,L1P,L
C084CC,C-GYHN,C152,CESSNA 152,L1P,L
C085CC,C-GYRJ,C182,CESSNA 182 Skylane,L1P,L
C086CC,C-GZBF,C172,CESSNA 172 Skyhawk,L1P,L
C087CC,C-GZLB,,,,
C088CC,C-GZUX,UH12,HILLER UH-12,H1P,L
C08CCC,C-IBIH,KEHA,KRESTEL Sport Hawk,L1P,L
C08ECC,C-ICBZ,DSA1,SMITH DSA-1 Miniplane,L1P,L
C08FCC,C-ICLV,ULAC,,L0-,-
C090CC,C-ICVR,ULAC,,L0-,-
C091CC,C-IDFN,ULAC,,L0-,-
C092CC,C-IDPJ,ULAC,,L0-,-
C093CC,C-IDZF,,,,
C094CC,C-IEJB,ULAC,,L0-,-
C097CC,C-IFMP,ULAC,,L0-,-
C098CC,C-IFWL,ULAC,,L0-,-
C099CC,C-IGGH,BEVR,ASAP Beaver,L1P,L
C09BCC,C-IGZZ,CRER,RANS Courier,L1P,L
C09FCC,C-IINJ,PARA,,P0-,-
C0A2CC,C-IJQX,PARA,,P0-,-
C0A3CC,C-IKAT,DR1,FOKKER Dr-1,L1P,L
C0A4CC,C-IKKP,,,,
C0A5CC,C-IKUL,ULAC,,L0-,-
C0A8CC,C-ILXZ,,,,
C0B1CC,C-IPIP,PIAT,PIPISTREL Alpha Trainer,L1P,L
C0BACC,C-ISTF,,,,
C1E4CC,SERV,SERV,,V0-,-
C1E9CC,SERV,SERV,,V0-,-
C800CC,ZK-BJU,C180,CESSNA  180 Skywagon,L1P,L
C802CC,ZK-DGV,D11,JODEL D-11x/12x,L1P,L
C804CC,ZK-ETK,C172,CESSNA 172 Skyhawk,L1P,L
C805CC,ZK-FII,C172,CESSNA 172 Skyhawk,L1P,L
C80ACC,ZK-EBX,P28A,PIPER PA-28-140/150/160/180,L1P,L
C80CCC,ZK-FTG,WAIX,SONEX Waiex,L1P,L
C80ECC,ZK-JSW,FU24,FLETCHER FU-24,L1P,L
C811CC,ZK-VGR,S108,STINSON 108 Voyager,L1P,L
C814CC,ZK-JMC,C172,CESSNA 172 Skyhawk,L1P,L
C815CC,ZK-ZRG,GOLF,TECNAM P-96 Golf,L1P,L
C819CC,ZK-VRV,RV6,VANS RV-6,L1P,L
C81ACC,ZK-PNX,P750,PACIFIC AEROSPACE P-750 XStol,L1T,L
C81BCC,ZK-TAE,C152,CESSNA 152,L1P,L
C81DCC,ZK-CTZ,C172,CESSNA 172 Skyhawk,L1P,L
C81ECC,ZK-HAB,UH12,HILLER UH-12,H1P,L
C81FCC,ZK-LFW,JS32,BRITISH AEROSPACE Jetstream Super 31,L2T,M
C821CC,ZK-PDB,SONX,SONEX AIRCRAFT Sonex,L1P,L
C823CC,ZK-HHN,EXEC,ROTORWAY Exec,H1P,L
C828CC,ZK-TJT,P208,TECNAM P-2008,L1P,L
C829CC,ZK-HKG,B06,BELL 206 JetRanger,H1T,L
E020CC,LV-BCL,C188,CESSNA 188 AgTruck,L1P,L
E030CC,LV-CCL,C150,CESSNA 150,L1P,L
E064CC,LV-FSL,C182,CESSNA 182 Skylane,L1P,L
E072CC,LV-GKL,C182,CESSNA 182 Skylane,L1P,L
E095CC,LV-IWL,P06T,TECNAM P-2006T,L2P,L
E171CC,LV-WGL,BE36,BEECH 36 Bonanza,L1P,L
E401CC,PR-LGY,E550,EMBRAER EMB-550 Praetor 600,L2J,M
E480CC,PR-CCB,B350,BEECHCRAFT Super King Air 350,L2T,M
E484CC,PR-LMP,E50P,EMBRAER EMB-500 Phenom 100,L2J,L
E486CC,PP-CGR,A109,AGUSTA AW-109 Grand,H2T,L
E48ECC,PR-JJB,AS50,AEROSPATIALE AS-350 Ecureuil,H1T,L
E491CC,PR-AIT,A332,AIRBUS A-330-200,L2J,H
E494CC,PR-EVJ,C172,CESSNA 172 Skyhawk,L1P,L
E495CC,PR-GZU,B738,BOEING 737-800,L2J,M
E496CC,PR-SJO,PAY1,PIPER PA-31T1-500 Cheyenne 1,L2T,L
E803CC,CC-DCU,RJ1H,AVRO RJ-100 Avroliner,L4J,M
E808CC,CC-DBW,C25B,CESSNA 525B Citation CJ3,L2J,L
E8CFCC,OB-2115,C172,CESSNA 172 Skyhawk,L1P,L
E94BCC,CP-3020,B733,BOEING 737-300,L2J,M
