0085CD,ZS-CEM,B190,BEECH 1900,L2T,M
008DCD,ZS-FFG,BE36,BEECH 36 Bonanza,L1P,L
009DCD,ZS-LGU,M20P,MOONEY M-20,L1P,L
00A1CD,ZS-MUE,P28A,PIPER PA-28-140/150/160/180,L1P,L
00B1CD,ZS-SVS,C182,CESSNA 182 Skylane,L1P,L
0101CD,SU-AAD,A320,AIRBUS A-320,L2J,M
02A1CD,TS-ION,B736,BOEING 737-600,L2J,M
04C1CD,5Y-FDP,PC12,PILATUS PC-12,L1T,L
06A1CD,A7-CGH,GLF6,GULFSTREAM G650,L2J,M
06A2CD,A7-CCC,DA42,DIAMOND DA-42 Guardian,L2P,L
08CECD,9S-ABS,A333,AIRBUS A-330-300,L2J,H
0C20CD,HP-2888,B350,BEECHCRAFT Super King Air 350,L2T,M
0D04CD,XB-MCB,H25B,HAWKER BEECHCRAFT Hawker 750/850,L2J,M
0D07CD,XA-UTG,C25C,CESSNA 525C Citation CJ4,L2J,M
0D0ACD,XA-MAK,B38M,BOEING 737 MAX 8,L2J,M
0D0CCD,XB-SFF,B505,BELL 505 JetRanger X,H1T,L
0D0DCD,XA-MLC,C680,CESSNA 680 Citation Sovereign,L2J,M
0D0ECD,XB-TLJ,LJ25,LEARJET 25,L2J,L
0D81CD,YV2969,C208,CESSNA 208 Caravan,L1T,L
1407CD,RA-01997,A139,AGUSTA AW-139,H2T,L
1410CD,RA-04301,R44,ROBINSON R-44 Raven,H1P,L
1485CD,RF-34253,MI8,MIL Mi-8/9/17/19/171/172,H2T,M
1501CD,RA-65997,,,,
151DCD,RA-73165,A321,AIRBUS A-321,L2J,M
151ECD,RA-73421,A320,AIRBUS A-320,L2J,M
151FCD,RA-73677,A319,AIRBUS A-319,L2J,M
1533CD,RF-78797,IL76,ILYUSHIN Il-76/82,L4J,H
155BCD,RA-89037,SU95,SUKHOI Superjet 100-95,L2J,M
180BCD,RA-0854G,L39,LET L-39 Albatros,L1J,L
3002CD,I-AMVT,AS50,AEROSPATIALE AS-350 Ecureuil,H1T,L
3005CD,I-MITI,PA27,PIPER PA-23-250 Aztec,L2P,L
31DECD,I-B158,KP2,JIHLAVAN KP-2 Sova,L1P,L
33FFCD,MM55080,M339,AERMACCHI MB-339,L1J,L
3430CD,EC-KMI,A320,AIRBUS A-320,L2J,M
3432CD,T.19B-21,CN35,CASA CN-235 Persuader,L2T,M
3433CD,EC-KYG,SR22,CIRRUS SR-22,L1P,L
3435CD,HU.26-16,EC35,AIRBUS HELICOPTERS EC-135/635,H2T,L
3440CD,EC-LKX,E195,EMBRAER ERJ-190-200,L2J,M
3444CD,EC-XCE,TL20,TL ULTRALIGHT TL-2000 Sting,L1P,L
3451CD,EC-MNK,A332,AIRBUS A-330-200,L2J,H
3452CD,EC-MNG,P06T,TECNAM P-2006T,L2P,L
3453CD,EC-MPN,C525,CESSNA 525 CitationJet,L2J,L
3461CD,EC-NCL,C25C,CESSNA 525C Citation CJ4,L2J,M
3464CD,EC-NJC,P208,TECNAM P-2008,L1P,L
3532CD,T.23-13,A400,AIRBUS A-400M,L4T,H
3571CD,E.27-13,PC21,PILATUS PC-21,L1T,L
385CCD,F-BXGN,HR10,ROBIN HR-100,L1P,L
3901CD,F-GAON,DR40,ROBIN DR-400,L1P,L
390DCD,F-GDON,C172,CESSNA 172 Skyhawk,L1P,L
3911CD,F-GEON,P28S,PIPER PA-28R-201T,L1P,L
3914CD,F-GFGN,P28A,PIPER PA-28-140/150/160/180,L1P,L
3918CD,F-GGGN,T210,CESSNA T210 Turbo Centurion,L1P,L
3924CD,F-GJGN,M20P,MOONEY M-20,L1P,L
3931CD,F-GMON,EC35,AIRBUS HELICOPTERS EC-135/635,H2T,L
3950CD,F-GUGN,A318,AIRBUS A-318,L2J,M
3964CD,F-GZGN,A210,AQUILA A-210,L1P,L
398CCD,F-HDGN,R44,ROBINSON R-44 Raven,H1P,L
39B1CD,F-HMON,EVSS,EVEKTOR SportStar,L1P,L
39C4CD,F-HRGN,R44,ROBINSON R-44 Raven,H1P,L
39C5CD,F-HRON,P208,TECNAM P-2008,L1P,L
39C9CD,F-HSON,DR40,ROBIN DR-400,L1P,L
3AAACD,F-MEAV,NH90,NHI NH-90,H2T,M
3B76CD,F-RAVL,AS55,AEROSPATIALE AS-355 Ecureuil 2,H2T,L
3B77CD,065,CN35,CASA CN-235 Persuader,L2T,M
3B9BCD,27,ATLA,BREGUET Atlantic,L2T,M
3C01CD,D-APRS,CL60,BOMBARDIER CL-600 Challenger,L2J,M
3C09CD,D-ASSM,A319,AIRBUS A-319,L2J,M
3C17CD,D-AYAI,A21N,AIRBUS A-321neo,L2J,M
3C1CCD,D-AZXO,A21N,AIRBUS A-321neo,L2J,M
3C4ACD,D-ABVM,B744,BOEING 747-400,L4J,H
3C4DCD,D-ACNM,CRJ9,BOMBARDIER Regional Jet CRJ-900,L2J,M
3C65CD,D-AINM,A20N,AIRBUS A-320neo,L2J,M
3C6DCD,D-AKNM,A319,AIRBUS A-319,L2J,M
3D04CD,D-EABL,P28R,PIPER PA-28R-180/200/201,L1P,L
3D05CD,D-EALH,P28A,PIPER PA-28-140/150/160/180,L1P,L
3D07CD,D-EBEZ,P28T,PIPER PA-28RT-201,L1P,L
3D0CCD,D-EDCF,WA40,WASSMER WA-40 Super 4,L1P,L
3D0DCD,D-EDMB,RALL,SOCATA Rallye,L1P,L
3D0ECD,D-EDVX,M20P,MOONEY M-20,L1P,L
3D0FCD,D-EEFT,TWEN,TECNAM Twenty-Ten,L1P,L
3D10CD,D-EEPP,BE24,BEECH 24 Sierra,L1P,L
3D11CD,D-EEZL,C182,CESSNA 182 Skylane,L1P,L
3D12CD,D-EFJH,B209,MBB BO-209 Monsun,L1P,L
3D13CD,D-EFTD,A210,AQUILA A-210,L1P,L
3D15CD,D-EGMV,C152,CESSNA 152,L1P,L
3D16CD,D-EGWR,P28A,PIPER PA-28-140/150/160/180,L1P,L
3D19CD,D-EIAF,P28A,PIPER PA-28-140/150/160/180,L1P,L
3D1BCD,D-EITX,PA18,PIPER PA-18 Super Cub,L1P,L
3D1CCD,D-EJDT,C182,CESSNA 182 Skylane,L1P,L
3D20CD,D-EKRD,PA38,PIPER PA-38 Tomahawk,L1P,L
3D21CD,D-ELAZ,DR30,CENTRE EST Prince,L1P,L
3D23CD,D-ELUR,S22T,CIRRUS SR-22T Turbo,L1P,L
3D25CD,D-EMOJ,M20P,MOONEY M-20,L1P,L
3D2ACD,D-EOLP,C182,CESSNA 182 Skylane,L1P,L
3D2CCD,D-EPFH,SR22,CIRRUS SR-22,L1P,L
3D32CD,D-ERMJ,C182,CESSNA 182 Skylane,L1P,L
3D33CD,D-ERWF,AC11,NORTH AMERICAN ROCKWELL Commander 112/114,L1P,L
3D34CD,D-ESGB,GLST,GLASAIR SH-4 GlaStar,L1P,L
3D35CD,D-ESPX,G2T1,GREAT LAKES 2T-1,L1P,L
3D37CD,D-ETJP,C172,CESSNA 172 Skyhawk,L1P,L
3D38CD,D-ETTL,C172,CESSNA 172 Skyhawk,L1P,L
3D3ECD,D-EWAN,G115,GROB G-115,L1P,L
3D40CD,D-EWUF,C172,CESSNA 172 Skyhawk,L1P,L
3D44CD,D-EYHP,A210,AQUILA A-210,L1P,L
3D46CD,D-EZBH,P46T,PIPER PA-46-500TP,L1T,L
3D4DCD,D-FBSF,C208,CESSNA 208 Caravan,L1T,L
3DD2CD,D-HABT,EC35,AIRBUS HELICOPTERS EC-135/635,H2T,L
3DD3CD,D-HALP,R44,ROBINSON R-44 Raven,H1P,L
3DD6CD,D-HBPD,EC35,AIRBUS HELICOPTERS EC-135/635,H2T,L
3E04CD,D-HTAB,R44,ROBINSON R-44 Raven,H1P,L
3E2BCD,D-IHUB,C25A,CESSNA 525A Citation CJ2,L2J,L
3E48CD,D-ISTP,E50P,EMBRAER EMB-500 Phenom 100,L2J,L
3E5CCD,D-KAIN,SF25,SCHEIBE SF-25 Falke,L1P,L
3E5ECD,D-KBCF,SF25,SCHEIBE SF-25 Falke,L1P,L
3E61CD,D-KCFT,GLID,,L0-,-
3E64CD,D-KDJH,DG80,DG FLUGZEUGBAU DG-800,L1P,L
3E67CD,D-KEMV,AS26,SCHLEICHER ASH-26,L1P,L
3E68CD,D-KEWR,DG80,DG FLUGZEUGBAU DG-800,L1P,L
3E71CD,D-KIHH,GLID,,L0-,-
3E7ECD,D-KNFH,S10S,STEMME S-10 Chrysalis,L1P,L
3ED7CD,D-KWRL,GLID,,L0-,-
3EDFCD,D-KZSF,DG40,DG FLUGZEUGBAU DG-400,L1P,L
3EE8CD,D-2102,GLID,,L0-,-
3EFACD,D-6710,GLID,,L0-,-
3EFECD,D-7734,GLID,,L0-,-
3F01CD,D-8502,GLID,,L0-,-
3F38CD,D-OHKN,BALL,,B0-,-
3F52CD,74+28,TIGR,AIRBUS HELICOPTERS EC-665 Tiger,H2T,L
3FBFCD,D-OKBL,BALL,,B0-,-
3FEACD,D-MFST,ULAC,,L0-,-
3FEBCD,D-MKMN,ULAC,,L0-,-
3FECCD,D-MWKP,FDCT,FLIGHT DESIGN CT,L1P,L
3FEECD,D-MIAT,PIAT,PIPISTREL Alpha Trainer,L1P,L
3FEFCD,D-MEEI,WT9,AEROSPOOL WT-9 Dynamic,L1P,L
3FF2CD,D-MQQM,,,,
3FF3CD,D-MENP,C42,IKARUS C-42 Bison,L1P,L
3FF4CD,D-MPRB,GOLF,TECNAM P-96 Golf,L1P,L
3FF6CD,D-MFBW,FM25,FLYING MACHINES FM-250 Vampire,L1P,L
4009CD,G-FRAK,FA20,DASSAULT Falcon 200,L2J,M
400BCD,G-HUEW,EUPA,Europa,L1P,L
400CCD,G-GSPY,R44,ROBINSON R-44 Raven,H1P,L
400DCD,G-CDEO,P28A,PIPER PA-28-140/150/160/180,L1P,L
400ECD,G-BYUI,G115,GROB G-115,L1P,L
4011CD,G-UKTV,AS55,AEROSPATIALE AS-355 Ecureuil 2,H2T,L
4014CD,G-AOUO,DHC1,DE HAVILLAND DHC-1 Chipmunk,L1P,L
4017CD,G-AWTL,P28A,PIPER PA-28-140/150/160/180,L1P,L
4018CD,G-AYME,RF5,FOURNIER RF-5,L1P,L
401BCD,G-BDBU,C150,CESSNA 150,L1P,L
4020CD,G-OCAM,AA5,AMERICAN AA-5 Tiger,L1P,L
4021CD,G-FRAG,PA32,PIPER PA-32,L1P,L
4024CD,G-ACDI,DH82,DE HAVILLAND DH-82 Tiger Moth,L1P,L
4025CD,G-BCUO,BDOG,BRITISH AEROSPACE SA-3 Bulldog,L1P,L
4029CD,G-BNUL,C152,CESSNA 152,L1P,L
402ACD,G-BOIT,TOBA,SOCATA Tobago,L1P,L
402CCD,G-SIXX,BALL,,B0-,-
402DCD,G-MXVI,SPIT,SUPERMARINE Spitfire,L1P,L
402ECD,G-BPUR,J3,PIPER J-3 Cub,L1P,L
402FCD,G-BRPF,C120,CESSNA 120,L1P,L
4030CD,G-FFTI,TB20,SOCATA TB-20 Trinidad,L1P,L
4031CD,G-CTCL,TOBA,SOCATA Tobago,L1P,L
4032CD,G-MWND,ULAC,,L0-,-
4036CD,G-DAIR,L8,LUSCOMBE 8,L1P,L
4038CD,G-FLAV,P28A,PIPER PA-28-140/150/160/180,L1P,L
4043CD,G-BZKD,SA30,STOLP Starduster Too,L1P,L
4044CD,G-SCHI,AS50,AEROSPATIALE AS-350 Ecureuil,H1T,L
4045CD,G-UFAW,XAIR,RAJ HAMSA X-AIR Falcon,L1P,L
4046CD,G-CBJX,XAIR,RAJ HAMSA X-AIR Falcon,L1P,L
4047CD,G-CBZR,P28R,PIPER PA-28R-180/200/201,L1P,L
404BCD,G-GLHI,SKRA,BEST OFF Sky Ranger,L1P,L
404CCD,G-CDEV,ULAC,,L0-,-
404DCD,G-CDJV,BE36,BEECH 36 Bonanza,L1P,L
404ECD,G-YNYS,C172,CESSNA 172 Skyhawk,L1P,L
4051CD,G-CENG,SKRA,BEST OFF Sky Ranger,L1P,L
4052CD,G-CEVE,GLID,,L0-,-
4058CD,G-CHXU,GLID,,L0-,-
4059CD,G-CFXY,GLID,,L0-,-
405ACD,G-CFYX,DISC,SCHEMPP-HIRTH Discus,L1P,L
405DCD,G-CFKA,MT,ROTORSPORT MTOSport,G1P,L
405FCD,G-MLKE,ULAC,,L0-,-
4060CD,G-GOWF,EC35,AIRBUS HELICOPTERS EC-135/635,H2T,L
4062CD,G-CGJH,ULAC,,L0-,-
4063CD,G-CGNX,MT,ROTORSPORT MTOSport,G1P,L
4064CD,G-MPAT,EV97,EVEKTRO EV-97 EuroStar,L1P,L
4067CD,G-WPDC,EC35,AIRBUS HELICOPTERS EC-135/635,H2T,L
4068CD,G-MRVN,GLID,,L0-,-
4069CD,G-OSVN,CLON,AUTOGYRO Cavalon,G1P,L
406ACD,G-TBYD,XAIR,RAJ HAMSA X-AIR Falcon,L1P,L
406CCD,G-LARD,R66,ROBINSON R-66,H1T,L
406DCD,G-CIMU,A139,AGUSTA AW-139,H2T,L
406ECD,G-VMAP,B789,BOEING 787-9 Dreamliner,L2J,H
406FCD,G-TSDC,A210,AQUILA A-210,L1P,L
4070CD,G-CJPE,SKRA,BEST OFF Sky Ranger,L1P,L
4071CD,G-OWLL,BALL,,B0-,-
4072CD,G-CJYJ,BALL,,B0-,-
4073CD,G-PCIZ,PC12,PILATUS PC-12,L1T,L
4074CD,G-CKUE,SPIT,SUPERMARINE Spitfire,L1P,L
4076CD,G-TTNJ,A20N,AIRBUS A-320neo,L2J,M
4077CD,G-ENKY,SKRA,BEST OFF Sky Ranger,L1P,L
4078CD,G-LBRR,AS50,AEROSPATIALE AS-350 Ecureuil,H1T,L
4079CD,G-VEVE,A35K,AIRBUS A-350-1000,L2J,H
407ACD,EI-SOA,AT72,ATR-72-202,L2T,M
407CCD,G-DDAD,R44,ROBINSON R-44 Raven,H1P,L
407DCD,G-ISLO,AT75,ATR-72-500,L2T,M
4240CD,VP-BHL,A319,AIRBUS A-319,L2J,M
4242CD,VP-BPB,B752,BOEING 757-200,L2J,M
4245CD,VP-CYP,GL7T,BOMBARDIER BD-700 Global 7000/7500,L2J,M
4247CD,VP-CIW,B38M,BOEING 737 MAX 8,L2J,M
4249CD,VQ-BKH,A321,AIRBUS A-321,L2J,M
43C4CD,ZD574,H47,BOEING-VERTOL CH-47 Chinook,H2T,M
43C7CD,ZK550,H47,BOEING-VERTOL CH-47 Chinook,H2T,M
43C8CD,ZM326,TEX2,BEECHCRAFT T-6 Texan 2,L1T,L
43E9CD,M-ATAK,GLF6,GULFSTREAM G650,L2J,M
43EACD,M-RRRR,GLEX,BOMBARDIER BD-700 Global 6000/6500,L2J,M
43EBCD,2-DARE,PC12,PILATUS PC-12,L1T,L
43EDCD,2-VSLR,A320,AIRBUS A-320,L2J,M
4400CD,OE-IAK,B734,BOEING 737-400,L2J,M
4401CD,OE-ADK,PA18,PIPER PA-18 Super Cub,L1P,L
4403CD,OE-XQK,EC35,AIRBUS HELICOPTERS EC-135/635,H2T,L
4406CD,OE-ANX,DV20,DIAMOND DA-20,L1P,L
4409CD,OE-GJB,C56X,CESSNA 560XL Citation XLS,L2J,M
440ACD,OE-ISO,A321,AIRBUS A-321,L2J,M
440BCD,OE-LNW,B752,BOEING 757-200,L2J,M
4488CD,OO-BFM,BALL,,B0-,-
44A3CD,OO-H17,EV97,EVEKTRO EV-97 EuroStar,L1P,L
44ADCD,OO-KNM,R44,ROBINSON R-44 Raven,H1P,L
44B5CD,OO-MNM,PA18,PIPER PA-18 Super Cub,L1P,L
44BACD,OO-NVM,RALL,SOCATA Rallye,L1P,L
44CCCD,OO-SFM,A333,AIRBUS A-330-300,L2J,H
44CDCD,OO-SNM,A320,AIRBUS A-320,L2J,M
44E4CD,OO-YFM,DISC,SCHEMPP-HIRTH Discus,L1P,L
45CACD,OY-RVM,RV6,VANS RV-6,L1P,L
45CECD,OY-SVM,C172,CESSNA 172 Skyhawk,L1P,L
4631CD,OH-SWJ,C25A,CESSNA 525A Citation CJ2,L2J,L
464ACD,OH-U669,PIVI,PIPSTREL Virus,L1P,L
4692CD,SX-DVM,A320,AIRBUS A-320,L2J,M
4717CD,HA-JAJ,Y18T,YAKOVLEV Yak-18T,L1P,L
477FCD,R-903,EXPL,MCDONNELL-DOUGLAS MD-900 Explorer,H2T,L
4783CD,LN-RNN,B737,BOEING 737-700,L2J,M
4785CD,LN-LGC,C172,CESSNA 172 Skyhawk,L1P,L
4841CD,PH-NZZ,S76,SIKORSKY S-76 Spirit,H2T,L
4844CD,PH-3M8,EV97,EVEKTRO EV-97 EuroStar,L1P,L
4845CD,PH-RUT,BALL,,B0-,-
4848CD,PH-AIS,TAMP,SOCATA TB-9 Tampico,L1P,L
4849CD,PH-3D7,KP2,JIHLAVAN KP-2 Sova,L1P,L
484ACD,PH-MGP,BALL,,B0-,-
484BCD,PH-NSC,DR40,ROBIN DR-400,L1P,L
484CCD,PH-MDY,CP21,MURDY CAP-21,L1P,L
484ECD,PH-3C8,KP2,JIHLAVAN KP-2 Sova,L1P,L
484FCD,PH-JGG,BALL,,B0-,-
4851CD,PH-1FR,ZZZZ,,-0-,-
4853CD,PH-1PE,ZZZZ,,-0-,-
4855CD,PH-2LD,ZZZZ,,-0-,-
485ECD,PH-BVV,B77W,BOEING 777-300ER,L2J,H
489ECD,SP-HXO,EC35,AIRBUS HELICOPTERS EC-135/635,H2T,L
48A5CD,SP-KON,C208,CESSNA 208 Caravan,L1T,L
48B9CD,SP-OON,SR22,CIRRUS SR-22,L1P,L
48C5CD,SP-SON,R44,ROBINSON R-44 Raven,H1P,L
48D5CD,SP-ZON,S22T,CIRRUS SR-22T Turbo,L1P,L
48D9CD,89,MG29,MIKOYAN MiG-29/33/35,L2J,M
48DDCD,SP-YON,YK52,YAKOVLEV Yak-52,L1P,L
4950CD,CS-TFM,B772,BOEING 777-200,L2J,H
4951CD,CS-TNM,A320,AIRBUS A-320,L2J,M
4955CD,CS-UNM,FK9,B&F TECHNIK FK-9,L1P,L
497CCD,UAFAP5,DRON,,D0-,-
49C0CD,OK-SAR77,NG5,BRM AERO NG-5/6 Bristell,L1P,L
49C1CD,OK-PNM,Z42,ZLIN Z-42/142/242,L1P,L
49C2CD,OK-AUI24,NG5,BRM AERO NG-5/6 Bristell,L1P,L
49D0CD,OK-ALF,PA46,PIPER PA-46-310/350,L1P,L
49D1CD,OK-TVS,B738,BOEING 737-800,L2J,M
49D2CD,OK-EIA,AN2,ANTONOV An-2,L1P,L
49D3CD,OK-LTC,C152,CESSNA 152,L1P,L
4A35CD,110,MI8,MIL Mi-8/9/17/19/171/172,H2T,M
4A9CCD,SE-GFM,TAMP,SOCATA TB-9 Tampico,L1P,L
4AA9CD,SE-JNM,R44,ROBINSON R-44 Raven,H1P,L
4AACCD,SE-KFM,P28A,PIPER PA-28-140/150/160/180,L1P,L
4AAECD,SE-KVM,C177,CESSNA  177 Cardinal,L1P,L
4AD9CD,SE-VNM,CDUS,AUTOGYRO Calidus,G1P,L
4ADACD,SE-VVM,ULAC,,L0-,-
4AE1CD,SE-XNM,RV6,VANS RV-6,L1P,L
4B08CD,HB-DIR,M20T,MOONEY M-20T,L1P,L
4B0ACD,HB-ECJ,D250,CENTRE EST DR-250 Capitaine,L1P,L
4B0ECD,HB-FPT,PC12,PILATUS PC-12,L1T,L
4B27CD,HB-PBX,P28R,PIPER PA-28R-180/200/201,L1P,L
4B2BCD,HB-QPH,BALL,,B0-,-
4B2CCD,HB-QZD,BALL,,B0-,-
4B3ACD,HB-WGZ,GYRO,,G0-,-
4B3FCD,HB-YEF,VEZE,RUTAN VariEze,L1P,L
4B43CD,HB-ZRP,A109,AGUSTA AW-109 Grand,H2T,L
4B4ACD,HB-1574,GLID,,L0-,-
4B4BCD,HB-1830,DISC,SCHEMPP-HIRTH Discus,L1P,L
4B4DCD,HB-2342,DG80,DG FLUGZEUGBAU DG-800,L1P,L
4B7FCD,T-357,EC35,AIRBUS HELICOPTERS EC-135/635,H2T,L
4BA2CD,TC-HVM,A139,AGUSTA AW-139,H2T,L
4BA8CD,TC-JFM,B738,BOEING 737-800,L2J,M
4BA9CD,TC-JNM,A333,AIRBUS A-330-300,L2J,H
4BAACD,TC-JVM,B738,BOEING 737-800,L2J,M
4CA4CD,EI-DRL,XAIR,RAJ HAMSA X-AIR Falcon,L1P,L
4CA9CD,EI-EVF,B738,BOEING 737-800,L2J,M
4CAACD,EI-EZY,GYRO,,G0-,-
4CADCD,EI-VAL,TWEN,TECNAM Twenty-Ten,L1P,L
4CAFCD,EI-SIH,A20N,AIRBUS A-320neo,L2J,M
4D02CD,LX-JFA,PC12,PILATUS PC-12,L1T,L
4D03CD,LX-N90455,E3TF,BOEING E-3 Sentry (TF33),L4J,H
4D20CD,9H-VJG,GLEX,BOMBARDIER BD-700 Global 6000/6500,L2J,M
4D23CD,9H-CGE,A321,AIRBUS A-321,L2J,M
5002CD,T7-888,E35L,EMBRAER EMB-135 Legacy,L2J,M
502CCD,YL-CSD,BCS3,AIRBUS A220-300,L2J,M
503DCD,LY-ISA,SF34,SAAB 340,L2T,M
505DCD,OM-NTN,GL5T,BOMBARDIER BD-700 Global 5000/5500,L2J,M
506CCD,S5-CBW,PA34,PIPER PA-34 Seneca,L2P,L
506ECD,S5-PET,UF10,URBAN UFM-10 Samba,L1P,L
5082CD,UR-WRO,A321,AIRBUS A-321,L2J,M
5083CD,UR-UIC,B738,BOEING 737-800,L2J,M
5110CD,ES-HOG,EC30,AIRBUS HELICOPTERS EC-130,H1T,L
5152CD,EY-85717,T154,TUPOLEV Tu-154,L3J,M
6831CD,UN-65683,T134,TUPOLEV Tu-134,L2J,M
70C0CD,A4O-SA,B788,BOEING 787-8 Dreamliner,L2J,H
717CCD,HZ-NS48,A20N,AIRBUS A-320neo,L2J,M
7394CD,4X-CMT,C414,CESSNA 414 Chancellor,L2P,L
7502CD,9M-XXK,A333,AIRBUS A-330-300,L2J,H
7504CD,9M-XXQ,A333,AIRBUS A-330-300,L2J,H
7585CD,RP-C4120,A21N,AIRBUS A-321neo,L2J,M
762DCD,AP-KNM,BE40,BEECH 400 Beechjet,L2J,M
76CCCD,9V-SFM,B744,BOEING 747-400,L4J,H
76E4CD,9V-YFM,DA40,DIAMOND DA-40 Club Star,L1P,L
7803CD,B-7371,B738,BOEING 737-800,L2J,M
7804CD,B-5197,B738,BOEING 737-800,L2J,M
7806CD,B-3173,E190,EMBRAER ERJ-190-100,L2J,M
7807CD,B-6825,A321,AIRBUS A-321,L2J,M
7808CD,B-6902,A320,AIRBUS A-320,L2J,M
7809CD,B-7765,GL5T,BOMBARDIER BD-700 Global 5000/5500,L2J,M
780ACD,B-9918,A320,AIRBUS A-320,L2J,M
780BCD,B-1923,B738,BOEING 737-800,L2J,M
780CCD,B-5959,A333,AIRBUS A-330-300,L2J,H
780FCD,B-8552,A321,AIRBUS A-321,L2J,M
7810CD,B-1595,B738,BOEING 737-800,L2J,M
7815CD,B-305L,A319,AIRBUS A-319,L2J,M
7817CD,B-30AS,A20N,AIRBUS A-320neo,L2J,M
7819CD,B-1962,B738,BOEING 737-800,L2J,M
781ACD,B-321R,A321,AIRBUS A-321,L2J,M
781ECD,B653N,AJ27,COMAC ARJ-21-700 Xiangfeng,L2J,M
7B0FCD,B-4068,CRJ7,BOMBARDIER Regional Jet CRJ-700,L2J,M
7C07CD,VH-BTR,C172,CESSNA 172 Skyhawk,L1P,L
7C0CCD,VH-CTB,BALL,,B0-,-
7C12CD,VH-DZZ,C208,CESSNA 208 Caravan,L1T,L
7C17CD,VH-EZJ,A139,AGUSTA AW-139,H2T,L
7C1ACD,VH-FKV,F50,FOKKER 50,L2T,M
7C1ECD,VH-GDB,GLID,,L0-,-
7C1FCD,VH-GKF,P32R,PIPER PA-32R-300/301/301T,L1P,L
7C28CD,VH-ICF,SR22,CIRRUS SR-22,L1P,L
7C2ACD,VH-IQN,GLID,,L0-,-
7C30CD,VH-JXB,C208,CESSNA 208 Caravan,L1T,L
7C34CD,VH-KPR,C172,CESSNA 172 Skyhawk,L1P,L
7C35CD,VH-KWV,C172,CESSNA 172 Skyhawk,L1P,L
7C3ACD,VH-LWF,B412,BELL 412,H2T,L
7C3ECD,VH-MOV,C208,CESSNA 208 Caravan,L1T,L
7C3FCD,VH-MVZ,B06,BELL 206 JetRanger,H1T,L
7C48CD,VH-ONZ,UH1,BELL UH-1 Huey,H1T,L
7C61CD,VH-TLR,C210,CESSNA 201 Centurion,L1P,L
7C62CD,VH-TSV,AS50,AEROSPATIALE AS-350 Ecureuil,H1T,L
7C66CD,VH-ULB,SONX,SONEX AIRCRAFT Sonex,L1P,L
7C67CD,VH-USF,M20P,MOONEY M-20,L1P,L
7C6ACD,VH-VDR,SR20,CIRRUS SR-20,L1P,L
7C6BCD,VH-VKV,P208,TECNAM P-2008,L1P,L
7C71CD,VH-WRJ,P28A,PIPER PA-28-140/150/160/180,L1P,L
7C74CD,VH-XCV,BE55,BEECH 55 Baron,L2P,L
7C79CD,VH-YCF,CT4,PACIFIC AEROSPACE CT-4 Airtrainer,L1P,L
7C7ACD,VH-YJJ,AC50,NORTH AMERICAN ROCKWELL Commander 500,L2P,L
7C7CCD,VH-YXR,A139,AGUSTA AW-139,H2T,L
7C7ECD,VH-ZBZ,BE33,BEECH 33 Bonanza,L1P,L
7C81CD,VH-ZXB,A139,AGUSTA AW-139,H2T,L
7CC3CD,24-8637,JAB4,JABIRU J200-450,L1P,L
7CC4CD,24-8169,PIVI,PIPSTREL Virus,L1P,L
7CF7CD,SSM4,TWR,,T0-,-
7CF9CD,A47-003,P8,BOEING P-8 Poseidon,L2J,M
8002CD,K3603,E35L,EMBRAER EMB-135 Legacy,L2J,M
8007CD,VT-IFQ,A320,AIRBUS A-320,L2J,M
800BCD,VT-SLL,B738,BOEING 737-800,L2J,M
800CCD,VT-IVM,A20N,AIRBUS A-320neo,L2J,M
800FCD,VT-FPA,E35L,EMBRAER EMB-135 Legacy,L2J,M
8013CD,VT-IUN,A21N,AIRBUS A-321neo,L2J,M
8586CD,JA48UK,C172,CESSNA 172 Skyhawk,L1P,L
8880CD,VN-A690,A320,AIRBUS A-320,L2J,M
8881CD,VN-A123,B737,BOEING 737-700,L2J,M
8960CD,A6-EBF,B773,BOEING 777-300,L2J,H
8961CD,A6-SEB,C208,CESSNA 208 Caravan,L1T,L
8963CD,A6-APA,A388,AIRBUS A-380-800,L4J,H
8965CD,A6-FKB,B38M,BOEING 737 MAX 8,L2J,M
896ECD,GND,GND,,V0-,-
8990CD,B-16312,A332,AIRBUS A-330-200,L2J,H
8A01CD,PK-LGL,B739,BOEING 737-900,L2J,M
8A02CD,PK-GPO,A332,AIRBUS A-330-200,L2J,H
8A03CD,PK-WGJ,AT76,ATR-72-600,L2T,M
8A05CD,PK-NAU,B735,BOEING 737-500,L2J,M
A000CD,N1JC,C560,CESSNA 560 Citation Ultra,L2J,M
A002CD,N10EP,,,,
A004CD,N100B,C210,CESSNA 201 Centurion,L1P,L
A005CD,N100MF,,,,
A008CD,N101DY,C82S,CESSNA T182 Turbo Skylane,L1P,L
A00BCD,N1017W,J3,PIPER J-3 Cub,L1P,L
A00CCD,N102GW,RV4,VANS RV-4,L1P,L
A00ECD,N1022N,AT5T,AIR TRACTOR AT-504,L1T,L
A011CD,N103W,NAVI,NORTH AMERICAN Navion,L1P,L
A013CD,N104CL,DV20,DIAMOND DA-20,L1P,L
A014CD,N104NS,GLID,,L0-,-
A016CD,N1046U,M20P,MOONEY M-20,L1P,L
A01ECD,N107AZ,RS12,RANS S-12 Super Airaile,L1P,L
A01FCD,N107ME,GLST,GLASAIR SH-4 GlaStar,L1P,L
A020CD,N107XL,,,,
A024CD,N1080J,RV4,VANS RV-4,L1P,L
A027CD,N109TA,AS50,AEROSPATIALE AS-350 Ecureuil,H1T,L
A029CD,N1099Y,PA18,PIPER PA-18 Super Cub,L1P,L
A02ACD,N11KT,C172,CESSNA 172 Skyhawk,L1P,L
A02BCD,N11VZ,BE36,BEECH 36 Bonanza,L1P,L
A02CCD,N110GD,H25B,HAWKER BEECHCRAFT Hawker 750/850,L2J,M
A02ECD,N11016,,,,
A030CD,N111KB,C182,CESSNA 182 Skylane,L1P,L
A031CD,N111VH,GLID,,L0-,-
A032CD,N11139,C150,CESSNA 150,L1P,L
A034CD,N112N,C172,CESSNA 172 Skyhawk,L1P,L
A03ACD,N1138E,CH7B,BELLANCA 7 Citabria,L1P,L
A03BCD,N114HQ,E75L,EMBRAER ERJ-170-200 (long wing),L2J,M
A03CCD,N114TW,DISC,SCHEMPP-HIRTH Discus,L1P,L
A03DCD,N11427,WACF,WACO F,L1P,L
A03ECD,N115AG,G115,GROB G-115,L1P,L
A042CD,N116DE,S22T,CIRRUS SR-22T Turbo,L1P,L
A045CD,N1167C,PA22,PIPER PA-22,L1P,L
A047CD,N117SJ,SREY,PROGRESSIVE AERODYNE SeaRey,A1P,L
A048CD,N11715,ZZZZ,,-0-,-
A050CD,N1196A,AA5,AMERICAN AA-5 Tiger,L1P,L
A051CD,N12ER,P28A,PIPER PA-28-140/150/160/180,L1P,L
A053CD,N120BB,GLID,,L0-,-
A054CD,N120MH,EC20,AIRBUS HELICOPTERS EC-120,H1T,L
A057CD,N121E,M20P,MOONEY M-20,L1P,L
A05ECD,N12291,C172,CESSNA 172 Skyhawk,L1P,L
A05FCD,N123KW,PA31,PIPER PA-31-300/310/325/350/425,L2P,L
A060CD,N123WB,BE58,BEECH 58 Baron,L2P,L
A061CD,N1234T,BE35,BEECH 35 Starfire Bonanza,L1P,L
A066CD,N125FL,PA34,PIPER PA-34 Seneca,L2P,L
A067CD,N125RS,BL8,BELLANCA 8 Decathlon,L1P,L
A069CD,N1258Z,BE35,BEECH 35 Starfire Bonanza,L1P,L
A06ACD,N126JJ,A109,AGUSTA AW-109 Grand,H2T,L
A06DCD,N127BA,B190,BEECH 1900,L2T,M
A06ECD,N127MG,AS29,SCHLEICHER ASG-29,L1P,L
A077CD,N1292P,PA23,PIPER PA-23,L2P,L
A07BCD,N130GF,R44,ROBINSON R-44 Raven,H1P,L
A07DCD,N13018,B78X,BOEING 787-10 Dreamliner,L2J,H
A081CD,N1314A,PA18,PIPER PA-18 Super Cub,L1P,L
A085CD,N1326D,BALL,,B0-,-
A087CD,N133R,ST75,STEARMAN Kaydet,L1P,L
A089CD,N1338G,C310,CESSNA 310,L2P,L
A08ACD,N134HS,AN2,ANTONOV An-2,L1P,L
A08CCD,N13429,C172,CESSNA 172 Skyhawk,L1P,L
A08DCD,N135AJ,LJ35,LEARJET 35,L2J,M
A08FCD,N135WW,BE35,BEECH 35 Starfire Bonanza,L1P,L
A0A5CD,N1405X,P28A,PIPER PA-28-140/150/160/180,L1P,L
A0A6CD,N141EB,SAKO,RANS S-10 Sakota,L1P,L
A0AACD,N142H,C172,CESSNA 172 Skyhawk,L1P,L
A0AECD,N143KY,PA31,PIPER PA-31-300/310/325/350/425,L2P,L
A0AFCD,N143WD,SREY,PROGRESSIVE AERODYNE SeaRey,A1P,L
A0B4CD,N1446Y,C172,CESSNA 172 Skyhawk,L1P,L
A0B9CD,N146JL,RV6,VANS RV-6,L1P,L
A0BBCD,N1463T,P28A,PIPER PA-28-140/150/160/180,L1P,L
A0BCCD,N147BC,BL8,BELLANCA 8 Decathlon,L1P,L
A0C8CD,N15KX,EFOX,AEROPRO Eurofox,L1P,L
A0CACD,N150GH,VELO,Velocity,L1P,L
A0D0CD,N1514C,BALL,,B0-,-
A0D3CD,N152YK,YK52,YAKOVLEV Yak-52,L1P,L
A0D4CD,N1526F,C185,CESSNA 185 Skywagon,L1P,L
A0D6CD,N153RB,LJ31,LEARJET 31,L2J,M
A0DCCD,N155AL,,,,
A0DDCD,N155LS,BE9L,BEECH 90 King Air,L2T,L
A0DFCD,N1555D,C195,CESSNA 195,L1P,L
A0E0CD,N156DJ,RV6,VANS RV-6,L1P,L
A0E3CD,N1567G,BE9L,BEECH 90 King Air,L2T,L
A0E5CD,N157SN,FOX,KITFOX,L1P,L
A0E7CD,N1579K,L8,LUSCOMBE 8,L1P,L
A0EECD,N1596E,C172,CESSNA 172 Skyhawk,L1P,L
A0EFCD,N16EV,EVSS,EVEKTOR SportStar,L1P,L
A0F0CD,N16RA,LA4,LAKE LA-4/200,A1P,L
A0F1CD,N160BF,H60,SIKORSKY UH-60 Black Hawk,H2T,M
A0F7CD,N1610R,PARA,,P0-,-
A0FACD,N162TH,EXEC,ROTORWAY Exec,H1P,L
A0FFCD,N1634X,T210,CESSNA T210 Turbo Centurion,L1P,L
A103CD,N16460,P28R,PIPER PA-28R-180/200/201,L1P,L
A105CD,N165RW,BE95,BEECH 95 Travel Air,L2P,L
A107CD,N16583,P28A,PIPER PA-28-140/150/160/180,L1P,L
A10ACD,N1663V,C140,CESSNA 140,L1P,L
A111CD,N1680Q,C150,CESSNA 150,L1P,L
A114CD,N169TG,BE36,BEECH 36 Bonanza,L1P,L
A118CD,N17WE,PA23,PIPER PA-23,L2P,L
A11ACD,N170SR,SR22,CIRRUS SR-22,L1P,L
A11BCD,N1702B,ST75,STEARMAN Kaydet,L1P,L
A11FCD,N1714E,CH7A,BELLANCA 7 Champion,L1P,L
A121CD,N172NF,C172,CESSNA 172 Skyhawk,L1P,L
A12BCD,N175AN,B752,BOEING 757-200,L2J,M
A12ECD,N1755F,C172,CESSNA 172 Skyhawk,L1P,L
A12FCD,N176DL,C56X,CESSNA 560XL Citation XLS,L2J,M
A130CD,N176PS,SR22,CIRRUS SR-22,L1P,L
A132CD,N1767J,P28A,PIPER PA-28-140/150/160/180,L1P,L
A135CD,N1772A,PA22,PIPER PA-22,L1P,L
A136CD,N1779M,C182,CESSNA 182 Skylane,L1P,L
A13DCD,N1796G,C310,CESSNA 310,L2P,L
A13FCD,N18RC,CL60,BOMBARDIER CL-600 Challenger,L2J,M
A140CD,N180BH,C180,CESSNA  180 Skywagon,L1P,L
A144CD,N181EF,LJ35,LEARJET 35,L2J,M
A147CD,N18174,C177,CESSNA  177 Cardinal,L1P,L
A148CD,N182HD,C182,CESSNA 182 Skylane,L1P,L
A149CD,N182TK,C182,CESSNA 182 Skylane,L1P,L
A14ACD,N1822W,BE35,BEECH 35 Starfire Bonanza,L1P,L
A152CD,N18462,BE36,BEECH 36 Bonanza,L1P,L
A153CD,N185FS,C185,CESSNA 185 Skywagon,L1P,L
A159CD,N1863X,,,,
A161CD,N18873,BE23,BEECH 23 Sundowner,L1P,L
A164CD,N1892V,C172,CESSNA 172 Skyhawk,L1P,L
A165CD,N18996,BE24,BEECH 24 Sierra,L1P,L
A168CD,N190GM,VTRA,RANS Venterra,L1P,L
A169CD,N190ST,,,,
A16ACD,N1902D,B190,BEECH 1900,L2T,M
A16BCD,N1909Q,C77R,CESSNA 177RG Cardinal RG,L1P,L
A16FCD,N192CB,EC20,AIRBUS HELICOPTERS EC-120,H1T,L
A174CD,N193RF,RS12,RANS S-12 Super Airaile,L1P,L
A175CD,N1931B,GLAS,Glasair,L1P,L
A17BCD,N195LW,C195,CESSNA 195,L1P,L
A17DCD,N1955H,P32R,PIPER PA-32R-300/301/301T,L1P,L
A17ECD,N196DN,B763,BOEING 767-300,L2J,H
A180CD,N1960,M20P,MOONEY M-20,L1P,L
A184CD,N1972C,CH75,ZENAIR CH-750 Cruzer,L1P,L
A189CD,N199CA,C82T,CESSNA TR182 Turbo Skylane RG,L1P,L
A18CCD,N1996J,M20P,MOONEY M-20,L1P,L
A18DCD,N2EZ,CH7A,BELLANCA 7 Champion,L1P,L
A18ECD,N2RE,LNP4,LANCAIR PropJet 4,L1T,L
A190CD,N20MR,RV6,VANS RV-6,L1P,L
A191CD,N20XX,E50P,EMBRAER EMB-500 Phenom 100,L2J,L
A192CD,N200JB,CL35,BOMBARDIER BD-100 Challenger 350,L2J,M
A193CD,N200UH,R22,ROBINSON R-22 Mariner,H1P,L
A195CD,N201AU,M20P,MOONEY M-20,L1P,L
A197CD,N201XF,M20P,MOONEY M-20,L1P,L
A198CD,N2015M,BALL,,B0-,-
A199CD,N202DS,PA31,PIPER PA-31-300/310/325/350/425,L2P,L
A19ACD,N202PY,C172,CESSNA 172 Skyhawk,L1P,L
A19BCD,N2020D,BE35,BEECH 35 Starfire Bonanza,L1P,L
A19CCD,N2027Q,C77R,CESSNA 177RG Cardinal RG,L1P,L
A19FCD,N2032G,C182,CESSNA 182 Skylane,L1P,L
A1A0CD,N2039T,BALL,,B0-,-
A1A3CD,N2044K,BE36,BEECH 36 Bonanza,L1P,L
A1A4CD,N205CE,UH1,BELL UH-1 Huey,H1T,L
A1A7CD,N2056N,BE58,BEECH 58 Baron,L2P,L
A1A8CD,N206FC,B06,BELL 206 JetRanger,H1T,L
A1AACD,N2061E,C172,CESSNA 172 Skyhawk,L1P,L
A1AFCD,N208AT,C172,CESSNA 172 Skyhawk,L1P,L
A1B2CD,N2085L,BE35,BEECH 35 Starfire Bonanza,L1P,L
A1B3CD,N209DR,DRON,,D0-,-
A1B6CD,N2097P,PISI,PIPSTREL Sinus,L1P,L
A1B7CD,N21GP,SW4,SWEARINGEN Metro,L2T,M
A1B9CD,N210D,P51,NORTH AMERICAN P-51 Mustang,L1P,L
A1BBCD,N210ZM,PIAT,PIPISTREL Alpha Trainer,L1P,L
A1BCCD,N21068,AERK,AERONCA Sea Scout,L1P,L
A1BFCD,N21110,C182,CESSNA 182 Skylane,L1P,L
A1C1CD,N212JW,BL17,BELLANCA 17 Viking,L1P,L
A1C2CD,N212VB,DISC,SCHEMPP-HIRTH Discus,L1P,L
A1C6CD,N213Y,FOX,KITFOX,L1P,L
A1C7CD,N21356,P32R,PIPER PA-32R-300/301/301T,L1P,L
A1C9CD,N214QS,CL60,BOMBARDIER CL-600 Challenger,L2J,M
A1CACD,N2140Y,P28A,PIPER PA-28-140/150/160/180,L1P,L
A1CBCD,N21479,M20P,MOONEY M-20,L1P,L
A1D8CD,N218SC,PARA,,P0-,-
A1DCCD,N219VA,,,,
A1DECD,N22BM,RV8,VANS RV-8,L1P,L
A1DFCD,N22MT,BE9L,BEECH 90 King Air,L2T,L
A1E0CD,N22XZ,CL30,BOMBARDIER BD-100 Challenger 300,L2J,M
A1E1CD,N220JD,WAIX,SONEX Waiex,L1P,L
A1E3CD,N2203L,BE33,BEECH 33 Bonanza,L1P,L
A1E4CD,N221AW,SR22,CIRRUS SR-22,L1P,L
A1E5CD,N221MB,C310,CESSNA 310,L2P,L
A1E7CD,N2215P,PA23,PIPER PA-23,L2P,L
A1E9CD,N222Q,C182,CESSNA 182 Skylane,L1P,L
A1ECCD,N223GS,COL4,CESSNA 400 Corvalis TT,L1P,L
A1EFCD,N2239V,SS2T,TRUSH Turbo Thrush 500/550,L1T,L
A1F2CD,N2244M,P28A,PIPER PA-28-140/150/160/180,L1P,L
A1F4CD,N225NN,E75L,EMBRAER ERJ-170-200 (long wing),L2J,M
A1F8CD,N226RL,M20P,MOONEY M-20,L1P,L
A1FBCD,N227JC,RV6,VANS RV-6,L1P,L
A1FFCD,N228MA,FOX,KITFOX,L1P,L
A202CD,N229DT,SR22,CIRRUS SR-22,L1P,L
A205CD,N2297R,DHC2,DE HAVILLAND DHC-2 Beaver,L1P,L
A206CD,N23GR,,,,
A207CD,N23SX,,,,
A20DCD,N231SF,M20P,MOONEY M-20,L1P,L
A20ECD,N23112,C150,CESSNA 150,L1P,L
A20FCD,N2319C,T18,THORP Tiger,L1P,L
A212CD,N23235,COY2,RANS Coyote 2,L1P,L
A214CD,N233MW,BE40,BEECH 400 Beechjet,L2J,M
A216CD,N23358,YK52,YAKOVLEV Yak-52,L1P,L
A21BCD,N235HL,C182,CESSNA 182 Skylane,L1P,L
A21DCD,N23523,BE36,BEECH 36 Bonanza,L1P,L
A221CD,N23646,PA31,PIPER PA-31-300/310/325/350/425,L2P,L
A227CD,N238SE,,,,
A22DCD,N24BP,C180,CESSNA  180 Skywagon,L1P,L
A236CD,N2415R,C182,CESSNA 182 Skylane,L1P,L
A23ACD,N2427U,P28A,PIPER PA-28-140/150/160/180,L1P,L
A23CCD,N243T,PA18,PIPER PA-18 Super Cub,L1P,L
A23ECD,N2439X,C182,CESSNA 182 Skylane,L1P,L
A23FCD,N244KS,R44,ROBINSON R-44 Raven,H1P,L
A241CD,N2444P,PA22,PIPER PA-22,L1P,L
A248CD,N2461J,C150,CESSNA 150,L1P,L
A249CD,N2468V,C140,CESSNA 140,L1P,L
A24CCD,N2473M,PA12,PIPER PA-12 Super Cruiser,L1P,L
A24DCD,N248AX,B190,BEECH 1900,L2T,M
A250CD,N2485Q,C182,CESSNA 182 Skylane,L1P,L
A254CD,N2497T,NAVI,NORTH AMERICAN Navion,L1P,L
A255CD,N25GT,SREY,PROGRESSIVE AERODYNE SeaRey,A1P,L
A25ECD,N2519E,COY2,RANS Coyote 2,L1P,L
A25FCD,N252K,K100,DAHER Kodiak 100,L1T,L
A265CD,N2536,FB1A,BOWERS Fly Baby 1A,L1P,L
A269CD,N2548C,PA38,PIPER PA-38 Tomahawk,L1P,L
A26CCD,N25525,C152,CESSNA 152,L1P,L
A26FCD,N256WS,,,,
A271CD,N257DC,,,,
A274CD,N2577A,PA22,PIPER PA-22,L1P,L
A275CD,N258GA,G280,GULFSTREAM G280,L2J,M
A27CCD,N26BR,BE36,BEECH 36 Bonanza,L1P,L
A27DCD,N26MX,SU26,SUKHOI Su-26,L1P,L
A27ECD,N26YC,,,,
A27FCD,N260JH,PTS2,PITTS S-2 Special,L1P,L
A280CD,N260UP,MD11,MCDONNELL-DOUGLAS MD-11,L3J,H
A282CD,N261B,BE50,BEECH 50 Excalibur,L2P,L
A289CD,N2627W,M20P,MOONEY M-20,L1P,L
A28ACD,N263GW,RV12,VANS RV-12,L1P,L
A28CCD,N2632N,C140,CESSNA 140,L1P,L
A290CD,N2644R,C182,CESSNA 182 Skylane,L1P,L
A297CD,N2661L,C172,CESSNA 172 Skyhawk,L1P,L
A29DCD,N268ME,C82S,CESSNA T182 Turbo Skylane,L1P,L
A2A2CD,N2690J,C188,CESSNA 188 AgTruck,L1P,L
A2A7CD,N270PM,C500,CESSNA 500 Citation 1,L2J,L
A2B0CD,N27239,B738,BOEING 737-800,L2J,M
A2B8CD,N2748E,CH7A,BELLANCA 7 Champion,L1P,L
A2BBCD,N27527,PA31,PIPER PA-31-300/310/325/350/425,L2P,L
A2C0CD,N277DE,LGEZ,RUTAN Long-EZ,L1P,L
A2C3CD,N2777C,CH7A,BELLANCA 7 Champion,L1P,L
A2C5CD,N278SJ,E300,EXTRA EA-300/330/350,L1P,L
A2C7CD,N2789F,C182,CESSNA 182 Skylane,L1P,L
A2CBCD,N28BT,PTS2,PITTS S-2 Special,L1P,L
A2CCCD,N28MZ,FOX,KITFOX,L1P,L
A2D1CD,N281BB,CL60,BOMBARDIER CL-600 Challenger,L2J,M
A2D2CD,N281MH,C295,CASA C-295 Persuader,L2T,M
A2D7CD,N2820M,PA12,PIPER PA-12 Super Cruiser,L1P,L
A2E6CD,N2861N,C140,CESSNA 140,L1P,L
A2E7CD,N2868Z,CH7A,BELLANCA 7 Champion,L1P,L
A2EBCD,N288BA,A5,ICON A-5,A1P,L
A2EECD,N2885U,C172,CESSNA 172 Skyhawk,L1P,L
A2F2CD,N2897X,PA32,PIPER PA-32,L1P,L
A2F3CD,N29GX,GX,REMOS GX,L1P,L
A2F4CD,N29TC,BE36,BEECH 36 Bonanza,L1P,L
A2F5CD,N290DH,GLST,GLASAIR SH-4 GlaStar,L1P,L
A2FACD,N291SM,AS29,SCHLEICHER ASG-29,L1P,L
A2FFCD,N2924A,C180,CESSNA  180 Skywagon,L1P,L
A303CD,N2936D,C170,CESSNA 170,L1P,L
A308CD,N295HS,B06,BELL 206 JetRanger,H1T,L
A312CD,N2977E,CH7A,BELLANCA 7 Champion,L1P,L
A31ACD,N3BV,M20P,MOONEY M-20,L1P,L
A31ECD,N30UT,SSTL,JUST JA30 SuperSTOL,L1P,L
A322CD,N3008L,BALL,,B0-,-
A329CD,N3025F,C182,CESSNA 182 Skylane,L1P,L
A32BCD,N303PS,,,,
A331CD,N3049M,P28A,PIPER PA-28-140/150/160/180,L1P,L
A332CD,N305KG,ULAC,,L0-,-
A335CD,N306BZ,SR20,CIRRUS SR-20,L1P,L
A338CD,N3066G,P28A,PIPER PA-28-140/150/160/180,L1P,L
A33CCD,N3078K,BT36,BEECH B36TC Bonanza,L1P,L
A33FCD,N3083B,C195,CESSNA 195,L1P,L
A340CD,N309AM,SONX,SONEX AIRCRAFT Sonex,L1P,L
A345CD,N31PR,PA31,PIPER PA-31-300/310/325/350/425,L2P,L
A347CD,N310LB,C310,CESSNA 310,L2P,L
A34BCD,N311P,L8,LUSCOMBE 8,L1P,L
A34DCD,N31162,ULAC,,L0-,-
A351CD,N31285,CH7B,BELLANCA 7 Citabria,L1P,L
A354CD,N3133X,C150,CESSNA 150,L1P,L
A355CD,N314BG,,,,
A35CCD,N31573,P32R,PIPER PA-32R-300/301/301T,L1P,L
A35ECD,N316TJ,J3,PIPER J-3 Cub,L1P,L
A360CD,N31696,,,,
A364CD,N318CT,C560,CESSNA 560 Citation Ultra,L2J,M
A369CD,N319RX,EC35,AIRBUS HELICOPTERS EC-135/635,H2T,L
A36ACD,N3191T,C182,CESSNA 182 Skylane,L1P,L
A36ECD,N320F,C320,CESSNA 320 Skyknight,L2P,L
A374CD,N3213E,CH7A,BELLANCA 7 Champion,L1P,L
A379CD,N323DN,A321,AIRBUS A-321,L2J,M
A37CCD,N3237L,C172,CESSNA 172 Skyhawk,L1P,L
A37FCD,N3242C,C82R,CESSNA R182 Skylane RG,L1P,L
A383CD,N3254F,M20P,MOONEY M-20,L1P,L
A384CD,N326CA,BE99,BEECH 99 Airliner,L2T,L
A38ACD,N3271A,C170,CESSNA 170,L1P,L
A38ECD,N3283D,C180,CESSNA  180 Skywagon,L1P,L
A38FCD,N329AP,PA18,PIPER PA-18 Super Cub,L1P,L
A393CD,N33DM,C182,CESSNA 182 Skylane,L1P,L
A395CD,N33ZZ,M20P,MOONEY M-20,L1P,L
A396CD,N330LD,CL60,BOMBARDIER CL-600 Challenger,L2J,M
A399CD,N331CW,,,,
A39ECD,N332S,ULAC,,L0-,-
A3A1CD,N333JS,CH7B,BELLANCA 7 Citabria,L1P,L
A3A6CD,N334XW,JPRO,BAC P-84 Jet Provost,L1J,L
A3AACD,N3350U,C182,CESSNA 182 Skylane,L1P,L
A3ABCD,N33575,P28A,PIPER PA-28-140/150/160/180,L1P,L
A3AFCD,N33698,P28R,PIPER PA-28R-180/200/201,L1P,L
A3B4CD,N338PA,P28R,PIPER PA-28R-180/200/201,L1P,L
A3B6CD,N33863,P28R,PIPER PA-28R-180/200/201,L1P,L
A3B9CD,N3391V,BE35,BEECH 35 Starfire Bonanza,L1P,L
A3BBCD,N34JR,LGEZ,RUTAN Long-EZ,L1P,L
A3BECD,N340RH,C340,CESSNA 340 Super,L2P,L
A3C7CD,N3425K,J3,PIPER J-3 Cub,L1P,L
A3CACD,N3430B,BE35,BEECH 35 Starfire Bonanza,L1P,L
A3CECD,N3442E,C172,CESSNA 172 Skyhawk,L1P,L
A3CFCD,N3449R,C182,CESSNA 182 Skylane,L1P,L
A3D2CD,N3454H,ERCO,AIR PRODUCTS F-1 Aircoupe,L1P,L
A3D3CD,N346CC,C56X,CESSNA 560XL Citation XLS,L2J,M
A3E1CD,N3495J,C150,CESSNA 150,L1P,L
A3E2CD,N35DP,QUIC,Quickie,L1P,L
A3E4CD,N350A,C340,CESSNA 340 Super,L2P,L
A3E5CD,N350LF,AS50,AEROSPATIALE AS-350 Ecureuil,H1T,L
A3ECCD,N352FW,CH60,ZENAIR CH-600 Zodiac,L1P,L
A3F1CD,N353V,F2TH,DASSAULT Falcon 2000,L2J,M
A3F4CD,N354MS,GYRO,,G0-,-
A3F6CD,N35454,C172,CESSNA 172 Skyhawk,L1P,L
A3FACD,N35577,C172,CESSNA 172 Skyhawk,L1P,L
A3FCCD,N356TN,SREY,PROGRESSIVE AERODYNE SeaRey,A1P,L
A409CD,N35988,J4,PIPER J-4 Cub Coupe,L1P,L
A40ACD,N36JT,AC95,NORTH AMERICAN ROCKWELL Jetprop Commander 1000,L2T,L
A40DCD,N360RK,C152,CESSNA 152,L1P,L
A410CD,N361JB,SR22,CIRRUS SR-22,L1P,L
A412CD,N3613J,C150,CESSNA 150,L1P,L
A417CD,N363DS,DA40,DIAMOND DA-40 Club Star,L1P,L
A419CD,N3630D,G164,GRUMMAN G-164 Ag-Cat,L1P,L
A421CD,N3654K,P28A,PIPER PA-28-140/150/160/180,L1P,L
A426CD,N367FC,EXEC,ROTORWAY Exec,H1P,L
A429CD,N3678R,C172,CESSNA 172 Skyhawk,L1P,L
A42DCD,N369AT,R44,ROBINSON R-44 Raven,H1P,L
A430CD,N3695L,BE95,BEECH 95 Travel Air,L2P,L
A431CD,N37DR,,,,
A432CD,N37PX,,,,
A433CD,N370AB,PAY4,PIPER PA-42-1000 Cheyenne 400,L2T,L
A437CD,N371D,SREY,PROGRESSIVE AERODYNE SeaRey,A1P,L
A438CD,N371PF,G2T1,GREAT LAKES 2T-1,L1P,L
A43DCD,N37210,S1,INTERSTATE S-1 Cadet,L1P,L
A43ECD,N3729A,PA20,PIPER PA-20 Pacer,L1P,L
A43FCD,N373JW,RV7,VANS RV-7,L1P,L
A440CD,N373VB,GLEX,BOMBARDIER BD-700 Global 6000/6500,L2J,M
A445CD,N37456,B739,BOEING 737-900,L2J,M
A447CD,N375QS,C680,CESSNA 680 Citation Sovereign,L2J,M
A448CD,N3750Y,C210,CESSNA 201 Centurion,L1P,L
A44DCD,N377AA,FALC,AMERICAN AIRCRAFT Falcon XP,L1P,L
A455CD,N379FX,E55P,EMBRAER EMB-505 Phenom 300,L2J,M
A457CD,N3791Z,AA5,AMERICAN AA-5 Tiger,L1P,L
A459CD,N38JV,BE20,BEECH 200 Super King Air,L2T,M
A45ACD,N38VA,B105,EUROCOPTER BO-105,H2T,L
A45CCD,N380RM,DRON,,D0-,-
A461CD,N3813L,C172,CESSNA 172 Skyhawk,L1P,L
A463CD,N382MB,PA31,PIPER PA-31-300/310/325/350/425,L2P,L
A46DCD,N3849V,C170,CESSNA 170,L1P,L
A470CD,N3854M,PA12,PIPER PA-12 Super Cruiser,L1P,L
A474CD,N3866Q,C172,CESSNA 172 Skyhawk,L1P,L
A475CD,N387FE,DC10,MCDONNELL DOUGLAS DC-10,L3J,H
A476CD,N387RL,B212,BELL 212,H2T,L
A478CD,N3878T,P28R,PIPER PA-28R-180/200/201,L1P,L
A479CD,N388JC,B06,BELL 206 JetRanger,H1T,L
A480CD,N39DT,VEZE,RUTAN VariEze,L1P,L
A484CD,N390WR,P51,NORTH AMERICAN P-51 Mustang,L1P,L
A487CD,N391PH,EC35,AIRBUS HELICOPTERS EC-135/635,H2T,L
A48DCD,N3929C,PA23,PIPER PA-23,L2P,L
A497CD,N39500,P28B,PIPER PA-28-201T/235/236,L1P,L
A498CD,N3958A,BE35,BEECH 35 Starfire Bonanza,L1P,L
A49BCD,N39623,FINC,FLEET Finch,L1P,L
A49DCD,N397LJ,PA18,PIPER PA-18 Super Cub,L1P,L
A4A0CD,N398DA,B738,BOEING 737-800,L2J,M
A4A6CD,N39911,TAYB,TAYLORCRAFT BC/BF/BL,L1P,L
A4A7CD,N3999B,BALL,,B0-,-
A4A8CD,N4JX,BE35,BEECH 35 Starfire Bonanza,L1P,L
A4ABCD,N40RP,SSTL,JUST JA30 SuperSTOL,L1P,L
A4ACCD,N400BU,COL4,CESSNA 400 Corvalis TT,L1P,L
A4B0CD,N401ES,B412,BELL 412,H2T,L
A4B3CD,N4018E,PA18,PIPER PA-18 Super Cub,L1P,L
A4B6CD,N40227,PA23,PIPER PA-23,L2P,L
A4BCCD,N404PL,C510,CESSNA 510 Citation Mustang,L2J,L
A4BECD,N4047C,BE20,BEECH 200 Super King Air,L2T,M
A4C1CD,N40515,BALL,,B0-,-
A4C2CD,N4059F,C172,CESSNA 172 Skyhawk,L1P,L
A4C5CD,N40638,M4,MAULE M-4,L1P,L
A4CACD,N408ER,C172,CESSNA 172 Skyhawk,L1P,L
A4CCCD,N40803,J3,PIPER J-3 Cub,L1P,L
A4CDCD,N4088D,C182,CESSNA 182 Skylane,L1P,L
A4CFCD,N409TV,RV14,VANS RV-14,L1P,L
A4D1CD,N41AF,C172,CESSNA 172 Skyhawk,L1P,L
A4D2CD,N41LM,BE58,BEECH 58 Baron,L2P,L
A4D3CD,N41WT,C421,CESSNA 421 Executive Commuter,L2P,L
A4D5CD,N410TD,B407,BELL 407,H1T,L
A4D7CD,N41091,,,,
A4D8CD,N411KW,T206,CESSNA T206 Turbo Stationair,L1P,L
A4DDCD,N412Z,C208,CESSNA 208 Caravan,L1T,L
A4DFCD,N413FL,,,,
A4E1CD,N4131N,C140,CESSNA 140,L1P,L
A4E3CD,N414JJ,C414,CESSNA 414 Chancellor,L2P,L
A4E5CD,N4143R,PA32,PIPER PA-32,L1P,L
A4E6CD,N415BA,PARA,,P0-,-
A4EFCD,N417TC,,,,
A4F0CD,N4172P,C72R,CESSNA 172R Cutlass RG,L1P,L
A4F1CD,N41790,P28A,PIPER PA-28-140/150/160/180,L1P,L
A4F3CD,N418WA,WW24,IAI 1124 Westwind,L2J,M
A4F4CD,N4184S,CJ6,NANCHANG CJ-6,L1P,L
A4F9CD,N42FK,GLAS,Glasair,L1P,L
A4FACD,N42RR,BE76,BEECH 76 Duchess,L2P,L
A4FBCD,N420BW,B36T,BEECH 36 Turbine Bonanza,L1T,L
A500CD,N421R,VTRA,RANS Venterra,L1P,L
A505CD,N42229,J3,PIPER J-3 Cub,L1P,L
A50ACD,N424DG,,,,
A50DCD,N4247E,RV12,VANS RV-12,L1P,L
A510CD,N42517,,,,
A511CD,N4259H,PA14,PIPER PA-14 Family Cruiser,L1P,L
A514CD,N4264,ZZZZ,,-0-,-
A51DCD,N429HR,B429,BELL 429 GlobalRanger,H2T,L
A51ECD,N429TX,B429,BELL 429 GlobalRanger,H2T,L
A523CD,N430H,RV4,VANS RV-4,L1P,L
A526CD,N43093,TAYB,TAYLORCRAFT BC/BF/BL,L1P,L
A528CD,N431WD,DRON,,D0-,-
A529CD,N4314V,P28B,PIPER PA-28-201T/235/236,L1P,L
A530CD,N4331Q,C172,CESSNA 172 Skyhawk,L1P,L
A534CD,N4343T,P28A,PIPER PA-28-140/150/160/180,L1P,L
A538CD,N4355W,BE24,BEECH 24 Sierra,L1P,L
A539CD,N436EA,BE20,BEECH 200 Super King Air,L2T,M
A53FCD,N4372R,C182,CESSNA 182 Skylane,L1P,L
A543CD,N4384U,C150,CESSNA 150,L1P,L
A544CD,N439CP,C82T,CESSNA TR182 Turbo Skylane RG,L1P,L
A547CD,N4396X,PA34,PIPER PA-34 Seneca,L2P,L
A548CD,N44FM,,,,
A549CD,N44RT,PA18,PIPER PA-18 Super Cub,L1P,L
A54BCD,N440ND,P28A,PIPER PA-28-140/150/160/180,L1P,L
A551CD,N4418J,P28A,PIPER PA-28-140/150/160/180,L1P,L
A558CD,N4435D,BE35,BEECH 35 Starfire Bonanza,L1P,L
A559CD,N444DJ,M20P,MOONEY M-20,L1P,L
A55BCD,N444ZW,CRJ2,BOMBARDIER Regional Jet CRJ-200,L2J,M
A55FCD,N44519,P28A,PIPER PA-28-140/150/160/180,L1P,L
A563CD,N4464B,C170,CESSNA 170,L1P,L
A567CD,N4476E,PA38,PIPER PA-38 Tomahawk,L1P,L
A569CD,N448RA,GX,REMOS GX,L1P,L
A56BCD,N4488H,R66,ROBINSON R-66,H1T,L
A56DCD,N449TZ,VENT,SCHEMPP-HIRTH Ventus,L1P,L
A570CD,N45LR,LJ45,LEARJET 45,L2J,M
A573CD,N450TH,BE58,BEECH 58 Baron,L2P,L
A574CD,N4502U,C150,CESSNA 150,L1P,L
A576CD,N451L,,,,
A57FCD,N4531S,AA5,AMERICAN AA-5 Tiger,L1P,L
A587CD,N4555Y,AT3T,AIR TRACTOR AT-302/402,L1T,L
A588CD,N456EC,DV20,DIAMOND DA-20,L1P,L
A58BCD,N45671,L8,LUSCOMBE 8,L1P,L
A596CD,N4596Z,PA22,PIPER PA-22,L1P,L
A598CD,N46RV,RV6,VANS RV-6,L1P,L
A59DCD,N461EY,TUCA,EMBRAER EMB-312 Tucano,L1T,L
A59FCD,N4611,H46,BOEING-VERTOL CH-46 Sea Knight,H2T,M
A5A0CD,N4618L,C172,CESSNA 172 Skyhawk,L1P,L
A5A3CD,N4623C,C170,CESSNA 170,L1P,L
A5BCCD,N469UA,A320,AIRBUS A-320,L2J,M
A5BECD,N47AM,SR20,CIRRUS SR-20,L1P,L
A5C0CD,N47WZ,C182,CESSNA 182 Skylane,L1P,L
A5C1CD,N470HD,C175,CESSNA 175 Skylark,L1P,L
A5CBCD,N47262,AR6T,AERONCA 65 Tandem,L1P,L
A5CCCD,N473FS,AT8T,AIR TRACTOR AT-802,L1T,M
A5CFCD,N47385,AR65,AERONCA 65 Super Chief,L1P,L
A5D2CD,N4743X,T206,CESSNA T206 Turbo Stationair,L1P,L
A5DACD,N47673,P28A,PIPER PA-28-140/150/160/180,L1P,L
A5DBCD,N477HC,P46T,PIPER PA-46-500TP,L1T,L
A5E1CD,N4784Y,PA25,PIPER PA-25 Pawnee,L1P,L
A5E5CD,N47961,P32R,PIPER PA-32R-300/301/301T,L1P,L
A5E8CD,N480CB,CL35,BOMBARDIER BD-100 Challenger 350,L2J,M
A5EBCD,N4806K,NAVI,NORTH AMERICAN Navion,L1P,L
A5EECD,N4811B,C310,CESSNA 310,L2P,L
A5F6CD,N4835H,PA17,PIPER PA-17 Vagabond Trainer,L1P,L
A5FACD,N4847L,P28A,PIPER PA-28-140/150/160/180,L1P,L
A601CD,N4864F,P28A,PIPER PA-28-140/150/160/180,L1P,L
A602CD,N487CA,CRJ2,BOMBARDIER Regional Jet CRJ-200,L2J,M
A609CD,N4888M,PA11,PIPER PA-11 Cub Special,L1P,L
A60CCD,N4893D,C182,CESSNA 182 Skylane,L1P,L
A61DCD,N4931W,AC11,NORTH AMERICAN ROCKWELL Commander 112/114,L1P,L
A621CD,N4943Z,PA22,PIPER PA-22,L1P,L
A622CD,N495BJ,T206,CESSNA T206 Turbo Stationair,L1P,L
A628CD,N4960U,C210,CESSNA 201 Centurion,L1P,L
A62CCD,N4972X,SS2P,ROCKWELL Thrush Commander,L1P,L
A632CD,N499PA,H25B,HAWKER BEECHCRAFT Hawker 750/850,L2J,M
A635CD,N5FT,C182,CESSNA 182 Skylane,L1P,L
A637CD,N50CD,,,,
A639CD,N50YR,P28A,PIPER PA-28-140/150/160/180,L1P,L
A63CCD,N50033,C150,CESSNA 150,L1P,L
A640CD,N50156,C150,CESSNA 150,L1P,L
A642CD,N502QS,C68A,CESSNA 680 Citation Latitude,L2J,M
A643CD,N5020Y,P32R,PIPER PA-32R-300/301/301T,L1P,L
A64CCD,N505CZ,BALL,,B0-,-
A651CD,N506SC,CRUZ,CSA PS-28 Cruiser,L1P,L
A654CD,N507JV,SW3,SWEARINGEN Merlin 3,L2T,L
A656CD,N50732,C150,CESSNA 150,L1P,L
A658CD,N508MT,B407,BELL 407,H1T,L
A65DCD,N5090X,CH7A,BELLANCA 7 Champion,L1P,L
A65FCD,N51HH,H25B,HAWKER BEECHCRAFT Hawker 750/850,L2J,M
A663CD,N5100F,C172,CESSNA 172 Skyhawk,L1P,L
A664CD,N5107S,P28R,PIPER PA-28R-180/200/201,L1P,L
A666CD,N511SY,E75L,EMBRAER ERJ-170-200 (long wing),L2J,M
A667CD,N5112J,C170,CESSNA 170,L1P,L
A668CD,N5119V,ULAC,,L0-,-
A671CD,N514RL,B06,BELL 206 JetRanger,H1T,L
A672CD,N5141G,BALL,,B0-,-
A673CD,N5148T,CH7A,BELLANCA 7 Champion,L1P,L
A674CD,N515JC,BALL,,B0-,-
A67ACD,N5165N,ST75,STEARMAN Kaydet,L1P,L
A67BCD,N517DT,FDCT,FLIGHT DESIGN CT,L1P,L
A67CCD,N517PZ,SR22,CIRRUS SR-22,L1P,L
A681CD,N5182H,C185,CESSNA 185 Skywagon,L1P,L
A685CD,N5194L,P28A,PIPER PA-28-140/150/160/180,L1P,L
A688CD,N52YT,YK52,YAKOVLEV Yak-52,L1P,L
A68BCD,N52035,C180,CESSNA  180 Skywagon,L1P,L
A68DCD,N521MW,PA24,PIPER PA-24 Comanche,L1P,L
A68FCD,N52158,C180,CESSNA  180 Skywagon,L1P,L
A692CD,N52200,C172,CESSNA 172 Skyhawk,L1P,L
A696CD,N52323,BALL,,B0-,-
A697CD,N524AC,GLF5,GULFSTREAM 5,L2J,M
A69CCD,N525PG,C525,CESSNA 525 CitationJet,L2J,L
A69ECD,N52569,C172,CESSNA 172 Skyhawk,L1P,L
A6A1CD,N52611,M20P,MOONEY M-20,L1P,L
A6A5CD,N52734,BALL,,B0-,-
A6A9CD,N52857,C182,CESSNA 182 Skylane,L1P,L
A6ACCD,N5290Z,PA22,PIPER PA-22,L1P,L
A6B2CD,N5300H,PA16,PIPER PA-16 Clipper,L1P,L
A6B3CD,N5307U,A319,AIRBUS A-319,L2J,M
A6B5CD,N531T,BE35,BEECH 35 Starfire Bonanza,L1P,L
A6B7CD,N5319X,P28A,PIPER PA-28-140/150/160/180,L1P,L
A6BACD,N5324P,P28A,PIPER PA-28-140/150/160/180,L1P,L
A6C2CD,N5348V,C72R,CESSNA 172R Cutlass RG,L1P,L
A6C7CD,N536MC,PARA,,P0-,-
A6C8CD,N536XJ,CL30,BOMBARDIER BD-100 Challenger 300,L2J,M
A6CDCD,N5377T,C172,CESSNA 172 Skyhawk,L1P,L
A6CECD,PR-CPH,SR22,CIRRUS SR-22,L1P,L
A6D0CD,N5382K,NAVI,NORTH AMERICAN Navion,L1P,L
A6D1CD,N5389W,P28A,PIPER PA-28-140/150/160/180,L1P,L
A6D5CD,N54CH,BE30,BEECH 300 Super King Air,L2T,L
A6D8CD,N540K,H25B,HAWKER BEECHCRAFT Hawker 750/850,L2J,M
A6DBCD,N541BS,C182,CESSNA 182 Skylane,L1P,L
A6DECD,N5416,G164,GRUMMAN G-164 Ag-Cat,L1P,L
A6E2CD,N5428C,C170,CESSNA 170,L1P,L
A6E4CD,N543TU,PARA,,P0-,-
A6E9CD,N54448,C172,CESSNA 172 Skyhawk,L1P,L
A6EDCD,N5457A,P210,CESSNA P210 Centurion,L1P,L
A6EECD,N546GA,BE95,BEECH 95 Travel Air,L2P,L
A6FBCD,N54901,FA62,FAIRCHILD M-26 Cornell,L1P,L
A6FCCD,N5498B,FOX,KITFOX,L1P,L
A6FDCD,N55HM,BE95,BEECH 95 Travel Air,L2P,L
A6FECD,N55TT,SA10,STOLP SA-100 Starduster,L1P,L
A701CD,N5500K,M7,MAULE M-7,L1P,L
A702CD,N5507W,CH7B,BELLANCA 7 Citabria,L1P,L
A70DCD,N5536U,P28A,PIPER PA-28-140/150/160/180,L1P,L
A712CD,N555JG,PA31,PIPER PA-31-300/310/325/350/425,L2P,L
A714CD,N5553P,TOBA,SOCATA Tobago,L1P,L
A717CD,N556XL,,,,
A71ECD,N558TA,T206,CESSNA T206 Turbo Stationair,L1P,L
A71FCD,N5582M,PA16,PIPER PA-16 Clipper,L1P,L
A724CD,N56CK,C210,CESSNA 201 Centurion,L1P,L
A72BCD,N561N,,,,
A72DCD,N5616B,C182,CESSNA 182 Skylane,L1P,L
A730CD,N56204,P28A,PIPER PA-28-140/150/160/180,L1P,L
A739CD,N565DE,PA46,PIPER PA-46-310/350,L1P,L
A740CD,N5669F,,,,
A74BCD,N5698D,M20P,MOONEY M-20,L1P,L
A74CCD,N57HP,HDJT,HONDA HondaJet,L2J,L
A74ECD,N570E,C310,CESSNA 310,L2P,L
A750CD,N5700M,C185,CESSNA 185 Skywagon,L1P,L
A754CD,N5712Q,M20P,MOONEY M-20,L1P,L
A75CCD,N5736W,P28A,PIPER PA-28-140/150/160/180,L1P,L
A75DCD,N574FL,P28A,PIPER PA-28-140/150/160/180,L1P,L
A75FCD,N5741N,J3,PIPER J-3 Cub,L1P,L
A761CD,N575JJ,F900,DASSAULT Falcon 900,L3J,M
A767CD,N5765U,P28A,PIPER PA-28-140/150/160/180,L1P,L
A76ECD,N5782P,PA24,PIPER PA-24 Comanche,L1P,L
A771CD,N579WA,PC12,PILATUS PC-12,L1T,L
A778CD,N5804A,C172,CESSNA 172 Skyhawk,L1P,L
A77CCD,N5816D,PA22,PIPER PA-22,L1P,L
A77FCD,N58206,H269,HUGHES Sky Knight,H1P,L
A780CD,N5828G,C150,CESSNA 150,L1P,L
A782CD,N583TY,R44,ROBINSON R-44 Raven,H1P,L
A785CD,N584LQ,C82T,CESSNA TR182 Turbo Skylane RG,L1P,L
A792CD,N5874,ZZZZ,,-0-,-
A79CCD,N59TX,P32R,PIPER PA-32R-300/301/301T,L1P,L
A7A3CD,N5912S,BE35,BEECH 35 Starfire Bonanza,L1P,L
A7A7CD,N5924V,P32R,PIPER PA-32R-300/301/301T,L1P,L
A7A9CD,N593NW,B753,BOEING 757-300,L2J,M
A7B2CD,N5953T,C150,CESSNA 150,L1P,L
A7B6CD,N5965W,P28A,PIPER PA-28-140/150/160/180,L1P,L
A7BACD,N5977Z,PA18,PIPER PA-18 Super Cub,L1P,L
A7C2CD,N6CP,GLF6,GULFSTREAM G650,L2J,M
A7C4CD,N6ZA,PA11,PIPER PA-11 Cub Special,L1P,L
A7C5CD,N60KF,,,,
A7C7CD,N600FS,M20P,MOONEY M-20,L1P,L
A7CACD,N60085,ST75,STEARMAN Kaydet,L1P,L
A7CECD,N602BG,AT6T,AIR TRACTOR AT-602,L1T,L
A7D1CD,N60250,C150,CESSNA 150,L1P,L
A7D4CD,N6030S,C172,CESSNA 172 Skyhawk,L1P,L
A7D8CD,N6042V,BALL,,B0-,-
A7D9CD,N60496,VALI,CONVAIR Valiant,L1P,L
A7DACD,N605LA,B06,BELL 206 JetRanger,H1T,L
A7DBCD,N605WG,E35L,EMBRAER EMB-135 Legacy,L2J,M
A7DDCD,N606CT,SR22,CIRRUS SR-22,L1P,L
A7E1CD,N607FR,A21N,AIRBUS A-321neo,L2J,M
A7EBCD,N6095Z,AC11,NORTH AMERICAN ROCKWELL Commander 112/114,L1P,L
A7ECCD,N61ED,RV8,VANS RV-8,L1P,L
A7F1CD,N6105H,J3,PIPER J-3 Cub,L1P,L
A7F4CD,N6110,C650,CESSNA 650 Citation,L2J,M
A7F5CD,N6117L,,,,
A7FACD,N613KJ,C25B,CESSNA 525B Citation CJ3,L2J,L
A7FCCD,N6134F,,,,
A800CD,N6146J,,,,
A803CD,835,BE9L,BEECH 90 King Air,L2T,L
A804CD,N6158M,S108,STINSON 108 Voyager,L1P,L
A807CD,N6163D,PA22,PIPER PA-22,L1P,L
A808CD,N617AP,PA11,PIPER PA-11 Cub Special,L1P,L
A80BCD,N6175G,C172,CESSNA 172 Skyhawk,L1P,L
A80CCD,N618DM,GYRO,,G0-,-
A810CD,N619GK,SF50,CIRRUS SF-50 Vision,L1J,L
A812CD,N6192B,GLEX,BOMBARDIER BD-700 Global 6000/6500,L2J,M
A813CD,N6199N,DSA1,SMITH DSA-1 Miniplane,L1P,L
A814CD,N62KH,BE36,BEECH 36 Bonanza,L1P,L
A817CD,N620S,CL60,BOMBARDIER CL-600 Challenger,L2J,M
A818CD,N6201W,P28A,PIPER PA-28-140/150/160/180,L1P,L
A823CD,N6230U,M20P,MOONEY M-20,L1P,L
A824CD,N62375,G164,GRUMMAN G-164 Ag-Cat,L1P,L
A828CD,N62498,PA23,PIPER PA-23,L2P,L
A82CCD,N626CV,C25A,CESSNA 525A Citation CJ2,L2J,L
A82DCD,N626PA,C152,CESSNA 152,L1P,L
A82FCD,N62663,,,,
A830CD,N627FT,P28A,PIPER PA-28-140/150/160/180,L1P,L
A834CD,N628JR,RV4,VANS RV-4,L1P,L
A837CD,N629BH,S22T,CIRRUS SR-22T Turbo,L1P,L
A83DCD,N630AS,E50P,EMBRAER EMB-500 Phenom 100,L2J,L
A840CD,N6305K,RC3,REPUBLIC RC-3 Seabee,A1P,L
A843CD,N6310B,C182,CESSNA 182 Skylane,L1P,L
A844CD,N6317N,CH7A,BELLANCA 7 Champion,L1P,L
A848CD,N6329R,P28A,PIPER PA-28-140/150/160/180,L1P,L
A84ACD,N633VS,,,,
A84BCD,N6334H,J3,PIPER J-3 Cub,L1P,L
A856CD,N6363F,BALL,,B0-,-
A85ACD,N6375J,P28A,PIPER PA-28-140/150/160/180,L1P,L
A85DCD,N6380A,PA38,PIPER PA-38 Tomahawk,L1P,L
A85FCD,N639GM,BALL,,B0-,-
A860CD,N639ST,P28A,PIPER PA-28-140/150/160/180,L1P,L
A867CD,N6401Y,PA23,PIPER PA-23,L2P,L
A86ACD,N641V,BE35,BEECH 35 Starfire Bonanza,L1P,L
A86DCD,N642MS,S76,SIKORSKY S-76 Spirit,H2T,L
A86FCD,N64254,C172,CESSNA 172 Skyhawk,L1P,L
A873CD,N64377,C172,CESSNA 172 Skyhawk,L1P,L
A877CD,N645,MA5,MARQUART MA-5 Charger,L1P,L
A87ACD,N64542,C172,CESSNA 172 Skyhawk,L1P,L
A880CD,N647SA,SYMP,OMF Symphony,L1P,L
A881CD,N6471X,C180,CESSNA  180 Skywagon,L1P,L
A88DCD,N650M,RV6,VANS RV-6,L1P,L
A88ECD,N650XF,GLF6,GULFSTREAM G650,L2J,M
A88FCD,N6505M,C152,CESSNA 152,L1P,L
A895CD,N652SW,B733,BOEING 737-300,L2J,M
A897CD,N6529T,C150,CESSNA 150,L1P,L
A89DCD,N654YS,SBR1,NORTH AMERICAN Sabre 40/50/60/65,L2J,M
A89ECD,N6546N,T210,CESSNA T210 Turbo Centurion,L1P,L
A8A0CD,N655RJ,BE95,BEECH 95 Travel Air,L2P,L
A8A1CD,N6551E,C175,CESSNA 175 Skylark,L1P,L
A8A2CD,N6558R,BE24,BEECH 24 Sierra,L1P,L
A8A5CD,N6563H,J3,PIPER J-3 Cub,L1P,L
A8A6CD,N657AT,GLF6,GULFSTREAM G650,L2J,M
A8ADCD,N6587P,PA24,PIPER PA-24 Comanche,L1P,L
A8B3CD,N66VT,CH7A,BELLANCA 7 Champion,L1P,L
A8B6CD,N66010,C172,CESSNA 172 Skyhawk,L1P,L
A8B9CD,N661VB,R66,ROBINSON R-66,H1T,L
A8BDCD,N662Y,WACO,WACO E/O,L1P,L
A8C2CD,N66379,C150,CESSNA 150,L1P,L
A8C5CD,N66421,BE35,BEECH 35 Starfire Bonanza,L1P,L
A8C6CD,N665AA,B752,BOEING 757-200,L2J,M
A8CCCD,N666ZL,FA7X,DASSAULT Falcon 7X,L3J,M
A8CFCD,N667SC,P28A,PIPER PA-28-140/150/160/180,L1P,L
A8DECD,N6705P,PA24,PIPER PA-24 Comanche,L1P,L
A8E0CD,N671Q,BE35,BEECH 35 Starfire Bonanza,L1P,L
A8E5CD,N6722J,P28A,PIPER PA-28-140/150/160/180,L1P,L
A8EDCD,N6746Q,G164,GRUMMAN G-164 Ag-Cat,L1P,L
A8EECD,N675FE,A306,AIRBUS A-300-600,L2J,H
A8F1CD,N6758T,C310,CESSNA 310,L2P,L
A8F4CD,N6763K,BE9L,BEECH 90 King Air,L2T,L
A8F6CD,N677MA,S22T,CIRRUS SR-22T Turbo,L1P,L
A8F8CD,N6775N,M20P,MOONEY M-20,L1P,L
A8F9CD,N678DT,ULAC,,L0-,-
A8FCCD,N6787R,T210,CESSNA T210 Turbo Centurion,L1P,L
A900CD,N6799U,M20P,MOONEY M-20,L1P,L
A901CD,N68KP,GLEX,BOMBARDIER BD-700 Global 6000/6500,L2J,M
A902CD,N68VV,C177,CESSNA  177 Cardinal,L1P,L
A903CD,N680G,C680,CESSNA 680 Citation Sovereign,L2J,M
A909CD,N68135,ST75,STEARMAN Kaydet,L1P,L
A913CD,N684TS,CL60,BOMBARDIER CL-600 Challenger,L2J,M
A914CD,N68423,ST75,STEARMAN Kaydet,L1P,L
A915CD,N685AC,C82T,CESSNA TR182 Turbo Skylane RG,L1P,L
A919CD,N686DA,B752,BOEING 757-200,L2J,M
A923CD,N68834,B739,BOEING 737-900,L2J,M
A933CD,N692T,AC90,NORTH AMERICAN ROCKWELL Turbo Commander 690/840,L2T,L
A934CD,N6922L,C310,CESSNA 310,L2P,L
A938CD,N6934P,PA24,PIPER PA-24 Comanche,L1P,L
A93CCD,N6946S,C150,CESSNA 150,L1P,L
A940CD,N6958V,M20P,MOONEY M-20,L1P,L
A941CD,N696JE,RV7,VANS RV-7,L1P,L
A943CD,N6963M,C182,CESSNA 182 Skylane,L1P,L
A944CD,N697AX,SW4,SWEARINGEN Metro,L2T,M
A947CD,N6975Q,BE23,BEECH 23 Sundowner,L1P,L
A94ACD,N6980G,C150,CESSNA 150,L1P,L
A94CCD,N699GT,BALL,,B0-,-
A94ECD,N6992K,PA20,PIPER PA-20 Pacer,L1P,L
A94FCD,N6999W,P28A,PIPER PA-28-140/150/160/180,L1P,L
A950CD,N7KR,RV9,VANS RV-9,L1P,L
A951CD,N7VX,,,,
A952CD,N70GB,M20P,MOONEY M-20,L1P,L
A953CD,N70SH,RV7,VANS RV-7,L1P,L
A954CD,N700CN,CH7B,BELLANCA 7 Citabria,L1P,L
A956CD,N700Z,BE20,BEECH 200 Super King Air,L2T,M
A958CD,N701FL,P28A,PIPER PA-28-140/150/160/180,L1P,L
A959CD,N701RS,CH70,ZENAIR CH-701 Stol,L1P,L
A963CD,N704DZ,C150,CESSNA 150,L1P,L
A968CD,N705TC,BALL,,B0-,-
A969CD,N7052P,PA24,PIPER PA-24 Comanche,L1P,L
A971CD,N7076V,CAMP,GREGA GN-1 Aircamper,L1P,L
A973CD,N708RR,BALL,,B0-,-
A974CD,N7081M,R44,ROBINSON R-44 Raven,H1P,L
A979CD,N71B,C82T,CESSNA TR182 Turbo Skylane RG,L1P,L
A981CD,N711WW,G164,GRUMMAN G-164 Ag-Cat,L1P,L
A983CD,N712DG,HIGH,JUST JA20 Highlander,L1P,L
A986CD,N7127E,C182,CESSNA 182 Skylane,L1P,L
A987CD,N713GE,DRON,,D0-,-
A988CD,N713SL,,,,
A989CD,N71317,C182,CESSNA 182 Skylane,L1P,L
A98BCD,N714KC,P28A,PIPER PA-28-140/150/160/180,L1P,L
A994CD,N71605,C182,CESSNA 182 Skylane,L1P,L
A995CD,N7168F,H500,HUGHES 500,H1T,L
A996CD,N717HR,,,,
A997CD,N717TX,CRER,RANS Courier,L1P,L
A998CD,N71728,M20P,MOONEY M-20,L1P,L
A99CCD,N7185A,RV12,VANS RV-12,L1P,L
A99DCD,N719DF,P28B,PIPER PA-28-201T/235/236,L1P,L
A99ECD,N719PM,,,,
A9A0CD,N7197D,BE60,BEECH 60 Duke,L2P,L
A9A6CD,N7206Y,PA30,PIPER PA-30 Twin Comanche,L2P,L
A9ACCD,N722US,A319,AIRBUS A-319,L2J,M
A9ADCD,N7223T,C172,CESSNA 172 Skyhawk,L1P,L
A9AECD,N723BC,TBM7,SOCATA TBM-700A/B/C,L1T,L
A9B1CD,N7235W,P28A,PIPER PA-28-140/150/160/180,L1P,L
A9B8CD,N7252R,BE36,BEECH 36 Bonanza,L1P,L
A9BDCD,N727CP,C82T,CESSNA TR182 Turbo Skylane RG,L1P,L
A9C0CD,N7276X,C150,CESSNA 150,L1P,L
A9C2CD,N728RT,AEST,AEROSTAR 600,L2P,L
A9C3CD,N7281P,PA24,PIPER PA-24 Comanche,L1P,L
A9C5CD,N729JK,VELO,Velocity,L1P,L
A9C7CD,N7293S,C150,CESSNA 150,L1P,L
A9C8CD,N73BB,J3,PIPER J-3 Cub,L1P,L
A9CACD,N73XP,RV14,VANS RV-14,L1P,L
A9CCCD,N730U,P28A,PIPER PA-28-140/150/160/180,L1P,L
A9CDCD,N7303A,C172,CESSNA 172 Skyhawk,L1P,L
A9CFCD,N731LS,RV9,VANS RV-9,L1P,L
A9D1CD,N7315D,PA22,PIPER PA-22,L1P,L
A9D3CD,N732PQ,T210,CESSNA T210 Turbo Centurion,L1P,L
A9D7CD,N733SN,C172,CESSNA 172 Skyhawk,L1P,L
A9D8CD,N73319,C172,CESSNA 172 Skyhawk,L1P,L
A9D9CD,N7339K,PA20,PIPER PA-20 Pacer,L1P,L
A9DCCD,N7344B,BE35,BEECH 35 Starfire Bonanza,L1P,L
A9DDCD,N735BX,C182,CESSNA 182 Skylane,L1P,L
A9DECD,N735NC,C182,CESSNA 182 Skylane,L1P,L
A9DFCD,N735YJ,C182,CESSNA 182 Skylane,L1P,L
A9E0CD,N7356E,C210,CESSNA 201 Centurion,L1P,L
A9E1CD,N736EV,C172,CESSNA 172 Skyhawk,L1P,L
A9E2CD,N736RA,C82R,CESSNA R182 Skylane RG,L1P,L
A9E8CD,N738AK,C172,CESSNA 172 Skyhawk,L1P,L
A9F1CD,N74SM,C182,CESSNA 182 Skylane,L1P,L
A9F8CD,N7411S,AEST,AEROSTAR 600,L2P,L
A9FCCD,N7423V,M20P,MOONEY M-20,L1P,L
AA00CD,N7435Y,PA30,PIPER PA-30 Twin Comanche,L2P,L
AA03CD,N7440Q,C182,CESSNA 182 Skylane,L1P,L
AA05CD,N745HA,A109,AGUSTA AW-109 Grand,H2T,L
AA08CD,N74594,AA5,AMERICAN AA-5 Tiger,L1P,L
AA11CD,N748RV,RV8,VANS RV-8,L1P,L
AA13CD,N74882,AA5,AMERICAN AA-5 Tiger,L1P,L
AA17CD,N75BD,BD5,BEDE BD-5B/D/G,L1P,L
AA18CD,N75MK,C172,CESSNA 172 Skyhawk,L1P,L
AA1DCD,N751AN,B772,BOEING 777-200,L2J,H
AA22CD,N752PS,S22T,CIRRUS SR-22T Turbo,L1P,L
AA24CD,N7527J,P28R,PIPER PA-28R-180/200/201,L1P,L
AA25CD,N753GJ,C560,CESSNA 560 Citation Ultra,L2J,M
AA28CD,N7539M,C175,CESSNA 175 Skylark,L1P,L
AA2FCD,N7556G,C172,CESSNA 172 Skyhawk,L1P,L
AA32CD,N75609,,,,
AA34CD,N757HV,C152,CESSNA 152,L1P,L
AA37CD,N758AM,C172,CESSNA 172 Skyhawk,L1P,L
AA3ACD,N7585E,C82R,CESSNA R182 Skylane RG,L1P,L
AA3BCD,N759DK,C182,CESSNA 182 Skylane,L1P,L
AA3ECD,N7597H,C185,CESSNA 185 Skywagon,L1P,L
AA3FCD,N76GH,WAIX,SONEX Waiex,L1P,L
AA42CD,N760P,SR22,CIRRUS SR-22,L1P,L
AA44CD,N76062,B764,BOEING 767-400,L2J,H
AA47CD,N7611U,DSA1,SMITH DSA-1 Miniplane,L1P,L
AA48CD,N76185,C185,CESSNA 185 Skywagon,L1P,L
AA4BCD,N7623X,C172,CESSNA 172 Skyhawk,L1P,L
AA4CCD,N763BG,S76,SIKORSKY S-76 Spirit,H2T,L
AA53CD,N76473,C140,CESSNA 140,L1P,L
AA5ACD,N7664Y,PA30,PIPER PA-30 Twin Comanche,L2P,L
AA5BCD,N767CT,TFK2,TECHNOFLUG TFK-2 Carat,L1P,L
AA5FCD,N768FR,SLG4,AIRPLANE FACTORY Sling 4,L1P,L
AA65CD,N7693W,P28A,PIPER PA-28-140/150/160/180,L1P,L
AA66CD,N77BF,GLID,,L0-,-
AA68CD,N77XT,,,,
AA6ECD,N771XB,,,,
AA6FCD,N7715H,J3,PIPER J-3 Cub,L1P,L
AA76CD,N7732C,PISI,PIPSTREL Sinus,L1P,L
AA77CD,N7739P,PA24,PIPER PA-24 Comanche,L1P,L
AA7ACD,N7744F,C150,CESSNA 150,L1P,L
AA7BCD,N775CA,MAGN,AVID Magnum,L1P,L
AA7ECD,N7756J,D7,FOKKER D-7 Replica,L1P,L
AA82CD,N7768M,M20P,MOONEY M-20,L1P,L
AA85CD,N7773D,R44,ROBINSON R-44 Raven,H1P,L
AA8BCD,N779PT,C172,CESSNA 172 Skyhawk,L1P,L
AA8DCD,N7797K,PA20,PIPER PA-20 Pacer,L1P,L
AA8ECD,N78GK,BE60,BEECH 60 Duke,L2P,L
AA8FCD,N78SR,FDCT,FLIGHT DESIGN CT,L1P,L
AA95CD,N781S,RV10,VANS RV-10,L1P,L
AA98CD,N782JS,C25B,CESSNA 525B Citation CJ3,L2J,L
AA9ACD,N7823Z,C150,CESSNA 150,L1P,L
AAA1CD,N7840U,C172,CESSNA 172 Skyhawk,L1P,L
AAA6CD,N78598,C172,CESSNA 172 Skyhawk,L1P,L
AAA9CD,N78640,C172,CESSNA 172 Skyhawk,L1P,L
AAAACD,N787CV,C650,CESSNA 650 Citation,L2J,M
AAACCD,N787ZG,DRON,,D0-,-
AAADCD,N78763,C172,CESSNA 172 Skyhawk,L1P,L
AAB4CD,N7893Y,PA30,PIPER PA-30 Twin Comanche,L2P,L
AAB6CD,N79MP,C82T,CESSNA TR182 Turbo Skylane RG,L1P,L
AAB8CD,N790J,F2TH,DASSAULT Falcon 2000,L2J,M
AABACD,N7903G,C172,CESSNA 172 Skyhawk,L1P,L
AABECD,N7915K,,,,
AAC1CD,N7920B,C172,CESSNA 172 Skyhawk,L1P,L
AAC9CD,N7944H,PA12,PIPER PA-12 Super Cruiser,L1P,L
AAD1CD,N7968P,PA24,PIPER PA-24 Comanche,L1P,L
AAD7CD,N798XC,T51,TITAN T-51 Mustang,L1P,L
AADBCD,N7990A,B14A,BELLANCA 14,L1P,L
AADDCD,N8GM,BE35,BEECH 35 Starfire Bonanza,L1P,L
AADECD,N8ST,GA6C,GULFSTREAM G600,L2J,M
AAE4CD,N8004M,P28R,PIPER PA-28R-180/200/201,L1P,L
AAE6CD,N801NN,B738,BOEING 737-800,L2J,M
AAE8CD,N8016Q,CJ6,NANCHANG CJ-6,L1P,L
AAEFCD,N8033K,S108,STINSON 108 Voyager,L1P,L
AAF1CD,N804MA,AT8T,AIR TRACTOR AT-802,L1T,M
AAF3CD,N8045N,PA44,PIPER PA-44 Seminole,L2P,L
AAF6CD,N8050E,C172,CESSNA 172 Skyhawk,L1P,L
AAF7CD,N8057R,BALL,,B0-,-
AAFACD,N8062H,R22,ROBINSON R-22 Mariner,H1P,L
AAFBCD,N8069U,BE36,BEECH 36 Bonanza,L1P,L
AAFCCD,N807KP,AT8T,AIR TRACTOR AT-802,L1T,M
AAFECD,N8074L,,,,
AAFFCD,N808CF,GLF4,GULFSTREAM 4,L2J,M
AB03CD,N809FD,A310,AIRBUS A-310,L2J,H
AB07CD,N81JB,BE35,BEECH 35 Starfire Bonanza,L1P,L
AB0CCD,N8108A,C170,CESSNA 170,L1P,L
AB0ECD,N811TS,M20P,MOONEY M-20,L1P,L
AB0FCD,N81123,FNKB,FUNK B,L1P,L
AB10CD,N812AC,BE65,BEECH 65 Queen Air,L2P,L
AB17CD,N81369,FA24,FAIRCHILD F-24 Argus,L1P,L
AB19CD,N814SE,RV14,VANS RV-14,L1P,L
AB1ACD,N81411,CH7A,BELLANCA 7 Champion,L1P,L
AB1BCD,N8149B,C172,CESSNA 172 Skyhawk,L1P,L
AB1ECD,N81534,CH7A,BELLANCA 7 Champion,L1P,L
AB20CD,N816MV,CAMP,GREGA GN-1 Aircamper,L1P,L
AB23CD,N817EM,LJ35,LEARJET 35,L2J,M
AB25CD,N8170Z,C210,CESSNA 201 Centurion,L1P,L
AB26CD,N8178,GLID,,L0-,-
AB28CD,N818TR,T18,THORP Tiger,L1P,L
AB2DCD,N81945,CH7A,BELLANCA 7 Champion,L1P,L
AB30CD,N82ZM,SREY,PROGRESSIVE AERODYNE SeaRey,A1P,L
AB31CD,N820KS,C72R,CESSNA 172R Cutlass RG,L1P,L
AB32CD,N820VY,,,,
AB37CD,N8216S,P28A,PIPER PA-28-140/150/160/180,L1P,L
AB3ECD,N8233M,C210,CESSNA 201 Centurion,L1P,L
AB40CD,N824MC,C172,CESSNA 172 Skyhawk,L1P,L
AB42CD,N8245Q,RS12,RANS S-12 Super Airaile,L1P,L
AB49CD,N8262K,P28A,PIPER PA-28-140/150/160/180,L1P,L
AB4DCD,N8274N,P28A,PIPER PA-28-140/150/160/180,L1P,L
AB4ECD,N828CH,S92,SIKORSKY S-92 Helibus,H2T,M
AB51CD,N8286R,,,,
AB53CD,N829RM,RV7,VANS RV-7,L1P,L
AB56CD,N83JD,RV8,VANS RV-8,L1P,L
AB5ACD,N83002,CH7A,BELLANCA 7 Champion,L1P,L
AB5BCD,N8308C,P28A,PIPER PA-28-140/150/160/180,L1P,L
AB5CCD,N831HN,C82R,CESSNA R182 Skylane RG,L1P,L
AB5FCD,N832AE,E135,EMBRAER ERJ-135,L2J,M
AB61CD,N832WS,A32P,SCHLEICHER ASG-32Mi,L1P,L
AB62CD,N83248,CH7A,BELLANCA 7 Champion,L1P,L
AB66CD,N8337A,P28B,PIPER PA-28-201T/235/236,L1P,L
AB6ACD,N8349D,BE35,BEECH 35 Starfire Bonanza,L1P,L
AB6DCD,N83536,PA18,PIPER PA-18 Super Cub,L1P,L
AB6FCD,N836MX,F5,NORTHROP F-5 Tiger 2,L2J,M
AB75CD,N8378B,P28R,PIPER PA-28R-180/200/201,L1P,L
AB77CD,N838TT,,,,
AB78CD,N83824,CH7A,BELLANCA 7 Champion,L1P,L
AB7CCD,N83947,P28A,PIPER PA-28-140/150/160/180,L1P,L
AB7ECD,N84PH,F900,DASSAULT Falcon 900,L3J,M
AB86CD,N8416U,C172,CESSNA 172 Skyhawk,L1P,L
AB89CD,N8421L,UHEL,,H0-,-
AB8FCD,N844ME,PA44,PIPER PA-44 Seminole,L2P,L
AB91CD,N8445S,P28A,PIPER PA-28-140/150/160/180,L1P,L
AB95CD,N8457V,SS2P,ROCKWELL Thrush Commander,L1P,L
ABA3CD,N8491K,RV6,VANS RV-6,L1P,L
ABA4CD,N8498W,P28A,PIPER PA-28-140/150/160/180,L1P,L
ABA5CD,N85JF,PTS1,PITTS S-1 Special,L1P,L
ABA9CD,N85004,CH7A,BELLANCA 7 Champion,L1P,L
ABB2CD,N853DE,DRON,,D0-,-
ABB8CD,N85415,BALL,,B0-,-
ABBBCD,N855VG,B350,BEECHCRAFT Super King Air 350,L2T,M
ABC0CD,N8566A,CH70,ZENAIR CH-701 Stol,L1P,L
ABC1CD,N857ER,C152,CESSNA 152,L1P,L
ABC3CD,N85703,CH7A,BELLANCA 7 Champion,L1P,L
ABC4CD,N8578D,PA18,PIPER PA-18 Super Cub,L1P,L
ABC5CD,N858HP,SR22,CIRRUS SR-22,L1P,L
ABCCCD,N86DD,C182,CESSNA 182 Skylane,L1P,L
ABCDCD,N86PK,PARA,,P0-,-
ABD0CD,N860WB,C185,CESSNA 185 Skywagon,L1P,L
ABD1CD,N8604T,C182,CESSNA 182 Skylane,L1P,L
ABD5CD,N8616W,P28B,PIPER PA-28-201T/235/236,L1P,L
ABD7CD,N862RS,,,,
ABD8CD,N8621N,PA32,PIPER PA-32,L1P,L
ABD9CD,N8628Z,C206,CESSNA  206 Stationair,L1P,L
ABDACD,N863JJ,RV6,VANS RV-6,L1P,L
ABDDCD,N864BA,A5,ICON A-5,A1P,L
ABE0CD,N8645U,C150,CESSNA 150,L1P,L
ABE4CD,N8657X,C180,CESSNA  180 Skywagon,L1P,L
ABE8CD,N86690,UH12,HILLER UH-12,H1P,L
ABECCD,N868CM,C56X,CESSNA 560XL Citation XLS,L2J,M
ABEDCD,N868NT,RLU1,RLU Super Breezy,L1P,L
ABF1CD,N869RR,C152,CESSNA 152,L1P,L
ABF2CD,N8691M,BE95,BEECH 95 Travel Air,L2P,L
ABF4CD,N87JH,TBM7,SOCATA TBM-700A/B/C,L1T,L
ABF5CD,N87UP,PA34,PIPER PA-34 Seneca,L2P,L
ABF8CD,N87006,BL8,BELLANCA 8 Decathlon,L1P,L
AC04CD,N8737E,P28A,PIPER PA-28-140/150/160/180,L1P,L
AC06CD,N874SL,RV10,VANS RV-10,L1P,L
AC08CD,N8749H,NAVI,NORTH AMERICAN Navion,L1P,L
AC0FCD,N8766C,RS12,RANS S-12 Super Airaile,L1P,L
AC18CD,N879LP,C172,CESSNA 172 Skyhawk,L1P,L
AC1CCD,N88PM,T34P,BEECH T-34 Mentor,L1P,L
AC1DCD,N88ZT,,,,
AC24CD,N8816Y,PA30,PIPER PA-30 Twin Comanche,L2P,L
AC28CD,N88281,CH7B,BELLANCA 7 Citabria,L1P,L
AC2CCD,N884BC,C172,CESSNA 172 Skyhawk,L1P,L
AC30CD,N885EA,DH8A,DE HAVILLAND DHC-8-100 Dash 8,L2T,M
AC32CD,N8850N,P28A,PIPER PA-28-140/150/160/180,L1P,L
AC37CD,N88692,C441,CESSNA 441 Conquest,L2T,L
AC39CD,N887WC,PA22,PIPER PA-22,L1P,L
AC3BCD,N888CP,LJ31,LEARJET 31,L2J,M
AC3DCD,N888ZA,F900,DASSAULT Falcon 900,L3J,M
AC41CD,N8891P,PA24,PIPER PA-24 Comanche,L1P,L
AC43CD,N89JK,BOLT,STEEN Skybolt,L1P,L
AC4BCD,N8913A,CRJ2,BOMBARDIER Regional Jet CRJ-200,L2J,M
AC4FCD,N8925D,PARA,,P0-,-
AC53CD,N8937G,C182,CESSNA 182 Skylane,L1P,L
AC66CD,N899AK,HA4T,RAYTHEON 4000 Hawker Horizon,L2J,M
AC67CD,N899LR,R44,ROBINSON R-44 Raven,H1P,L
AC6CCD,N9ZV,B06,BELL 206 JetRanger,H1T,L
AC6ECD,N90WF,BE30,BEECH 300 Super King Air,L2T,L
AC6FCD,N900GL,RV8,VANS RV-8,L1P,L
AC71CD,N9002C,C180,CESSNA  180 Skywagon,L1P,L
AC72CD,N9009P,BALL,,B0-,-
AC76CD,N902CA,CLON,AUTOGYRO Cavalon,G1P,L
AC79CD,N9026J,P28A,PIPER PA-28-140/150/160/180,L1P,L
AC7CCD,N9031A,C170,CESSNA 170,L1P,L
AC7DCD,N9038M,BALL,,B0-,-
AC81CD,N905AP,DRON,,D0-,-
AC8CCD,N9079N,R22,ROBINSON R-22 Mariner,H1P,L
AC90CD,N909C,S108,STINSON 108 Voyager,L1P,L
AC93CD,N9096H,C172,CESSNA 172 Skyhawk,L1P,L
AC95CD,N91RD,M5,MAULE M-5,L1P,L
AC96CD,N910BJ,RV9,VANS RV-9,L1P,L
ACA0CD,N9122X,C182,CESSNA 182 Skylane,L1P,L
ACA2CD,N913LC,BE36,BEECH 36 Bonanza,L1P,L
ACA6CD,N914PA,P28A,PIPER PA-28-140/150/160/180,L1P,L
ACA8CD,N91463,NAVI,NORTH AMERICAN Navion,L1P,L
ACABCD,N9151V,M20P,MOONEY M-20,L1P,L
ACB1CD,N917MP,BE58,BEECH 58 Baron,L2P,L
ACB3CD,N91751,C172,CESSNA 172 Skyhawk,L1P,L
ACB6CD,N9180T,RV4,VANS RV-4,L1P,L
ACBCCD,N92LB,CH7B,BELLANCA 7 Citabria,L1P,L
ACBDCD,N92WH,GYRO,,G0-,-
ACC0CD,N9202E,AR11,AERONCA 11 Chief,L1P,L
ACC4CD,N9214H,PA46,PIPER PA-46-310/350,L1P,L
ACC5CD,N922CC,PA11,PIPER PA-11 Cub Special,L1P,L
ACC9CD,N923FA,ULAC,,L0-,-
ACCCCD,N9238P,PA24,PIPER PA-24 Comanche,L1P,L
ACCFCD,N9243F,C182,CESSNA 182 Skylane,L1P,L
ACD4CD,N926DP,ULAC,,L0-,-
ACD8CD,N927GM,C680,CESSNA 680 Citation Sovereign,L2J,M
ACDACD,N9272D,PA18,PIPER PA-18 Super Cub,L1P,L
ACDFCD,N929CB,SU29,SUKHOI Su-29,L1P,L
ACE4CD,N93RF,LGEZ,RUTAN Long-EZ,L1P,L
ACEBCD,N9310W,P28B,PIPER PA-28-201T/235/236,L1P,L
ACF3CD,N93342,C152,CESSNA 152,L1P,L
ACF5CD,N934PC,BE36,BEECH 36 Bonanza,L1P,L
ACFACD,N9351X,C82R,CESSNA R182 Skylane RG,L1P,L
AD08CD,N939TM,,,,
AD0BCD,N94LD,MU30,MITSUBISHI MU-300 Diamond,L2J,M
AD0ECD,N940SW,C25A,CESSNA 525A Citation CJ2,L2J,L
AD10CD,N9409T,C210,CESSNA 201 Centurion,L1P,L
AD14CD,N942CE,BE20,BEECH 200 Super King Air,L2T,M
AD17CD,N9426N,P28R,PIPER PA-28R-180/200/201,L1P,L
AD1ACD,N9431E,AR11,AERONCA 11 Chief,L1P,L
AD1ECD,N9443H,C172,CESSNA 172 Skyhawk,L1P,L
AD1FCD,N945AT,B712,BOEING 717-200,L2J,M
AD22CD,N9455L,,,,
AD26CD,N9467P,PA24,PIPER PA-24 Comanche,L1P,L
AD29CD,N9472F,C82S,CESSNA T182 Turbo Skylane,L1P,L
AD2ACD,N9479S,BE35,BEECH 35 Starfire Bonanza,L1P,L
AD2ECD,N949CD,C172,CESSNA 172 Skyhawk,L1P,L
AD2FCD,N949NK,A20N,AIRBUS A-320neo,L2J,M
AD31CD,N9496M,T210,CESSNA T210 Turbo Centurion,L1P,L
AD32CD,N95FB,BE95,BEECH 95 Travel Air,L2P,L
AD33CD,N95RH,MONI,MONNETT Moni,L1P,L
AD38CD,N951EL,PA18,PIPER PA-18 Super Cub,L1P,L
AD41CD,N953WN,B737,BOEING 737-700,L2J,M
AD46CD,N95467,G21,GRUMMAN G-21A Goose,A2P,L
AD49CD,N9551Z,BE18,BEECH 18 Expetitor,L2P,L
AD4DCD,N95632,TAYB,TAYLORCRAFT BC/BF/BL,L1P,L
AD54CD,N9580X,C210,CESSNA 201 Centurion,L1P,L
AD55CD,N95878,TAYB,TAYLORCRAFT BC/BF/BL,L1P,L
AD58CD,N95920,TAYB,TAYLORCRAFT BC/BF/BL,L1P,L
AD59CD,N96A,C195,CESSNA 195,L1P,L
AD5ACD,N96LF,DRON,,D0-,-
AD5CCD,N960GS,M20P,MOONEY M-20,L1P,L
AD5FCD,N9609V,M20P,MOONEY M-20,L1P,L
AD62CD,N9614M,M20P,MOONEY M-20,L1P,L
AD64CD,N962NN,B738,BOEING 737-800,L2J,M
AD66CD,N9626Q,C172,CESSNA 172 Skyhawk,L1P,L
AD67CD,N963FE,C208,CESSNA 208 Caravan,L1T,L
AD6BCD,N964JC,M20P,MOONEY M-20,L1P,L
AD6ECD,N965AV,A20N,AIRBUS A-320neo,L2J,M
AD6FCD,N965MA,BL8,BELLANCA 8 Decathlon,L1P,L
AD71CD,N9655N,ULAC,,L0-,-
AD74CD,N9660E,AR11,AERONCA 11 Chief,L1P,L
AD77CD,N967SX,B39M,BOEING 737 MAX 9,L2J,M
AD79CD,N9679U,AA5,AMERICAN AA-5 Tiger,L1P,L
AD7ACD,N968KP,RV8,VANS RV-8,L1P,L
AD82CD,N97RK,BOLT,STEEN Skybolt,L1P,L
AD86CD,N97058,C182,CESSNA 182 Skylane,L1P,L
AD8DCD,N97223,S108,STINSON 108 Voyager,L1P,L
AD8ECD,N973AC,GLF5,GULFSTREAM 5,L2J,M
AD91CD,N97346,S108,STINSON 108 Voyager,L1P,L
AD92CD,N974DA,DV20,DIAMOND DA-20,L1P,L
AD95CD,N97469,C182,CESSNA 182 Skylane,L1P,L
AD99CD,N9759B,C180,CESSNA  180 Skywagon,L1P,L
AD9CCD,N97634,S108,STINSON 108 Voyager,L1P,L
ADA9CD,N98LH,RV8,VANS RV-8,L1P,L
ADAACD,N98WP,BE9L,BEECH 90 King Air,L2T,L
ADACCD,N980T,RV4,VANS RV-4,L1P,L
ADB1CD,N9814P,PA18,PIPER PA-18 Super Cub,L1P,L
ADB8CD,N9831J,C150,CESSNA 150,L1P,L
ADB9CD,N9838V,C172,CESSNA 172 Skyhawk,L1P,L
ADBCCD,N9843M,M4,MAULE M-4,L1P,L
ADBECD,N985MC,B407,BELL 407,H1T,L
ADC3CD,N9860G,C172,CESSNA 172 Skyhawk,L1P,L
ADC4CD,N9867T,C172,CESSNA 172 Skyhawk,L1P,L
ADC5CD,N987GT,TB20,SOCATA TB-20 Trinidad,L1P,L
ADC7CD,N9872K,P28A,PIPER PA-28-140/150/160/180,L1P,L
ADD2CD,N990BS,SR22,CIRRUS SR-22,L1P,L
ADD5CD,N9906,EC35,AIRBUS HELICOPTERS EC-135/635,H2T,L
ADDECD,N993LL,SR22,CIRRUS SR-22,L1P,L
ADE7CD,N99513,ERCO,AIR PRODUCTS F-1 Aircoupe,L1P,L
ADE8CD,N9959D,PA22,PIPER PA-22,L1P,L
ADEFCD,N99759,C172,CESSNA 172 Skyhawk,L1P,L
ADF2CD,N99801,BE18,BEECH 18 Expetitor,L2P,L
ADF4CD,N999HM,SA30,STOLP Starduster Too,L1P,L
ADF5CD,N999TT,R22,ROBINSON R-22 Mariner,H1P,L
ADF6CD,N99924,ERCO,AIR PRODUCTS F-1 Aircoupe,L1P,L
ADFCCD,93-0653,BE40,BEECH 400 Beechjet,L2J,M
ADFDCD,93-2105,C130,LOCKHEED C-130 Hercules,L4T,M
ADFECD,84-00487,BE20,BEECH 200 Super King Air,L2T,M
ADFFCD,65-10421,T38,NORTHROP T-38 Talon,L2J,L
AE00CD,66-8398,T38,NORTHROP T-38 Talon,L2J,L
AE01CD,62-4138,R135,BOEING RC-135,L4J,H
AE02CD,91-9141,C130,LOCKHEED C-130 Hercules,L4T,M
AE03CD,163592,C130,LOCKHEED C-130 Hercules,L4T,M
AE04CD,62-3503,K35R,BOEING KC-135R/T Stratotanker,L4J,H
AE07CD,89-1189,C17,BOEING C-17 Globemaster 3,L4J,H
AE0CCD,91-26391,H60,SIKORSKY UH-60 Black Hawk,H2T,M
AE0DCD,83-23928,H60,SIKORSKY UH-60 Black Hawk,H2T,M
AE11CD,03-6202,TEX2,BEECHCRAFT T-6 Texan 2,L1T,L
AE13CD,04-3759,TEX2,BEECHCRAFT T-6 Texan 2,L1T,L
AE14CD,161076,BE9L,BEECH 90 King Air,L2T,L
AE19CD,81-0969,A10,FAIRCHILD A-10 Thunderbolt II,L2J,M
AE1ECD,166072,TEX2,BEECHCRAFT T-6 Texan 2,L1T,L
AE1FCD,11-72190,EC45,AIRBUS HELICOPTERS EC-145,H2T,L
AE21CD,05-27069,H60,SIKORSKY UH-60 Black Hawk,H2T,M
AE26CD,89-2008,F16,GENERAL DYNAMICS F-16 Fighting Falcon,L1J,M
AE35CD,21-01970,T206,CESSNA T206 Turbo Stationair,L1P,L
AE4ECD,09-0046,V22,BELL-BOEING V-22 Osprey,R2T,M
AE4FCD,168125,H60,SIKORSKY UH-60 Black Hawk,H2T,M
AE50CD,10-20269,H60,SIKORSKY UH-60 Black Hawk,H2T,M
AE51CD,11-20417,H60,SIKORSKY UH-60 Black Hawk,H2T,M
AE52CD,10-08820,H47,BOEING-VERTOL CH-47 Chinook,H2T,M
AE54CD,12-5760,C30J,LOCKHEED MARTIN C-130J Super Hercules,L4T,M
AE56CD,13-20613,H60,SIKORSKY UH-60 Black Hawk,H2T,M
AE57CD,169008,P8,BOEING P-8 Poseidon,L2J,M
AE59CD,14-08452,H47,BOEING-VERTOL CH-47 Chinook,H2T,M
AE5ACD,15-20747,H60,SIKORSKY UH-60 Black Hawk,H2T,M
AE5BCD,15-20785,H60,SIKORSKY UH-60 Black Hawk,H2T,M
AE5DCD,168626,V22,BELL-BOEING V-22 Osprey,R2T,M
AE5ECD,162043,B06,BELL 206 JetRanger,H1T,L
AE64CD,11-0550,GLF5,GULFSTREAM 5,L2J,M
AE6BCD,20-2103,E314,EMBRAER EMB-314 Super Tucano,L1T,L
AE6CCD,20-03365,H64,MCDONNELL DOUGLAS AH-64 Apache,H2T,M
C000CD,C-FAHW,B407,BELL 407,H1T,L
C002CD,C-FBBO,ST75,STEARMAN Kaydet,L1P,L
C003CD,C-FBLK,C150,CESSNA 150,L1P,L
C005CD,C-FCFC,H25B,HAWKER BEECHCRAFT Hawker 750/850,L2J,M
C006CD,C-FCOY,B06,BELL 206 JetRanger,H1T,L
C007CD,C-FCYU,C152,CESSNA 152,L1P,L
C008CD,C-FDIQ,P28A,PIPER PA-28-140/150/160/180,L1P,L
C009CD,C-FDSM,,,,
C00ACD,C-FECI,AT43,ATR-42-300,L2T,M
C00BCD,C-FEME,BL17,BELLANCA 17 Viking,L1P,L
C00CCD,C-FEWA,C150,CESSNA 150,L1P,L
C00DCD,C-FFFW,SR22,CIRRUS SR-22,L1P,L
C00ECD,C-FFPS,C140,CESSNA 140,L1P,L
C00FCD,C-FFZO,C150,CESSNA 150,L1P,L
C010CD,C-FGJK,C152,CESSNA 152,L1P,L
C011CD,C-FGTG,C120,CESSNA 120,L1P,L
C012CD,C-FHDC,PA22,PIPER PA-22,L1P,L
C014CD,C-FHWU,C182,CESSNA 182 Skylane,L1P,L
C015CD,C-FIGQ,PA12,PIPER PA-12 Super Cruiser,L1P,L
C016CD,C-FIQM,DC4,DOUGLAS DC-4 Skymaster,L4P,M
C017CD,C-FJAI,P46T,PIPER PA-46-500TP,L1T,L
C019CD,C-FJUA,C172,CESSNA 172 Skyhawk,L1P,L
C01ACD,C-FKDW,CH7B,BELLANCA 7 Citabria,L1P,L
C01CCD,C-FKXO,C180,CESSNA  180 Skywagon,L1P,L
C01DCD,C-FLHK,,,,
C01ECD,C-FLRG,NAVI,NORTH AMERICAN Navion,L1P,L
C01FCD,C-FMBC,DA42,DIAMOND DA-42 Guardian,L2P,L
C021CD,C-FMUU,ULAC,,L0-,-
C022CD,C-FNEQ,C206,CESSNA  206 Stationair,L1P,L
C024CD,C-FNYI,C185,CESSNA 185 Skywagon,L1P,L
C025CD,C-FOIE,CRER,RANS Courier,L1P,L
C026CD,C-FOSA,C120,CESSNA 120,L1P,L
C027CD,C-FPBW,C177,CESSNA  177 Cardinal,L1P,L
C028CD,C-FPLS,B738,BOEING 737-800,L2J,M
C029CD,C-FPVO,CH20,ZENAIR CH-200 Zenith,L1P,L
C02ACD,C-FQFK,C172,CESSNA 172 Skyhawk,L1P,L
C02BCD,C-FQPG,ULAC,,L0-,-
C02CCD,C-FQZC,C150,CESSNA 150,L1P,L
C02ECD,C-FRSU,TAYA,TAYLORCRAFT A,L1P,L
C02FCD,C-FSCQ,CH7A,BELLANCA 7 Champion,L1P,L
C032CD,C-FTGE,O1,CESSNA 305/341 Bird Dog,L1P,L
C034CD,C-FTZW,M20T,MOONEY M-20T,L1P,L
C035CD,C-FUJS,J3,PIPER J-3 Cub,L1P,L
C036CD,C-FUTO,C172,CESSNA 172 Skyhawk,L1P,L
C037CD,C-FVDK,AT3P,AIR TRACTOR AT-301/401,L1P,L
C038CD,C-FVNG,,,,
C039CD,C-FVXC,C180,CESSNA  180 Skywagon,L1P,L
C03BCD,C-FWQU,B214,BELL 214,H1T,M
C03DCD,C-FXKM,ULAC,,L0-,-
C03FCD,C-FYEE,BALL,,B0-,-
C041CD,C-FYXW,CH7A,BELLANCA 7 Champion,L1P,L
C042CD,C-FZHS,,,,
C043CD,C-FZRO,C172,CESSNA 172 Skyhawk,L1P,L
C045CD,C-GALG,B407,BELL 407,H1T,L
C047CD,C-GBEY,PEGZ,PEGASE AERO Pegazair,L1P,L
C048CD,C-GBOU,R44,ROBINSON R-44 Raven,H1P,L
C049CD,C-GBYQ,P28A,PIPER PA-28-140/150/160/180,L1P,L
C04ACD,C-GCIM,,,,
C04BCD,C-GCSI,C337,CESSNA 337 Super Skymaster,L2P,L
C04CCD,C-GDCE,C185,CESSNA 185 Skywagon,L1P,L
C04DCD,C-GDMA,C150,CESSNA 150,L1P,L
C04ECD,C-GDVW,,,,
C04FCD,C-GEFS,,,,
C050CD,C-GEPO,C185,CESSNA 185 Skywagon,L1P,L
C051CD,C-GEZK,P28R,PIPER PA-28R-180/200/201,L1P,L
C052CD,C-GFJG,SA30,STOLP Starduster Too,L1P,L
C053CD,C-GFTC,PEGZ,PEGASE AERO Pegazair,L1P,L
C054CD,C-GGCY,O1,CESSNA 305/341 Bird Dog,L1P,L
C055CD,C-GGMU,DH8D,DE HAVILLAND DHC-8-400 Dash 8,L2T,M
C056CD,C-GGWQ,,,,
C057CD,C-GHGM,GLID,,L0-,-
C058CD,C-GHQI,A321,AIRBUS A-321,L2J,M
C059CD,C-GIAE,BE10,BEECH 100 King Air,L2T,L
C05ACD,C-GIKA,DV20,DIAMOND DA-20,L1P,L
C05CCD,C-GJDS,CL60,BOMBARDIER CL-600 Challenger,L2J,M
C05DCD,C-GJNO,MM24,MAGNI M-24 Orion,G1P,L
C060CD,C-GKRC,,,,
C062CD,C-GLKU,Z42,ZLIN Z-42/142/242,L1P,L
C063CD,C-GLUQ,BE20,BEECH 200 Super King Air,L2T,M
C064CD,C-GMEM,SR22,CIRRUS SR-22,L1P,L
C066CD,C-GMYE,GLEX,BOMBARDIER BD-700 Global 6000/6500,L2J,M
C068CD,C-GNRW,C170,CESSNA 170,L1P,L
C069CD,C-GOBS,C150,CESSNA 150,L1P,L
C06ACD,C-GOLO,AT5T,AIR TRACTOR AT-504,L1T,L
C06BCD,C-GOVK,,,,
C06DCD,C-GPPC,P28A,PIPER PA-28-140/150/160/180,L1P,L
C06ECD,C-GPYY,,,,
C070CD,C-GQSQ,C152,CESSNA 152,L1P,L
C071CD,C-GRCM,PA18,PIPER PA-18 Super Cub,L1P,L
C072CD,C-GRMI,C206,CESSNA  206 Stationair,L1P,L
C073CD,C-GRWE,RV7,VANS RV-7,L1P,L
C074CD,C-GSGA,C208,CESSNA 208 Caravan,L1T,L
C075CD,C-GSPW,B732,BOEING 737-200,L2J,M
C077CD,C-GTJO,CL60,BOMBARDIER CL-600 Challenger,L2J,M
C078CD,C-GTTK,C210,CESSNA 201 Centurion,L1P,L
C079CD,C-GUDG,AA5,AMERICAN AA-5 Tiger,L1P,L
C07ACD,C-GUNC,C82R,CESSNA R182 Skylane RG,L1P,L
C07BCD,C-GUWY,C140,CESSNA 140,L1P,L
C07CCD,C-GVGU,C172,CESSNA 172 Skyhawk,L1P,L
C080CD,C-GWUE,DH8D,DE HAVILLAND DHC-8-400 Dash 8,L2T,M
C081CD,C-GXEA,GL7T,BOMBARDIER BD-700 Global 7000/7500,L2J,M
C083CD,C-GXXS,,,,
C084CD,C-GYHO,C188,CESSNA 188 AgTruck,L1P,L
C086CD,C-GZBG,ULAC,,L0-,-
C089CD,C-IAEU,ULAC,,L0-,-
C08BCD,C-IAYM,ZZZZ,,-0-,-
C08CCD,C-IBII,ULAC,,L0-,-
C08DCD,C-IBSE,,,,
C08ECD,C-ICCA,ULAC,,L0-,-
C08FCD,C-ICLW,COY2,RANS Coyote 2,L1P,L
C090CD,C-ICVS,,,,
C093CD,C-IDZG,ULAC,,L0-,-
C094CD,C-IEJC,PARA,,P0-,-
C095CD,C-IESY,ULAC,,L0-,-
C098CD,C-IFWM,ZZZZ,,-0-,-
C099CD,C-IGGI,ULAC,,L0-,-
C09ACD,C-IGQE,PARA,,P0-,-
C09BCD,C-IHAA,PARA,,P0-,-
C09CCD,C-IHJW,,,,
C09ECD,C-IIDO,PARA,,P0-,-
C09FCD,C-IINK,PARA,,P0-,-
C0A2CD,C-IJQY,PARA,,P0-,-
C0A5CD,C-IKUM,PARA,,P0-,-
C0A6CD,C-ILEI,,,,
C0A8CD,C-ILYA,,,,
C0BACD,C-ISTG,TL20,TL ULTRALIGHT TL-2000 Sting,L1P,L
C0C3CD,C-IWDW,ULAC,,L0-,-
C1E9CD,SERV,SERV,,V0-,-
C803CD,ZK-EBO,P28A,PIPER PA-28-140/150/160/180,L1P,L
C804CD,ZK-ETL,C172,CESSNA 172 Skyhawk,L1P,L
C806CD,ZK-NMK,P68,PARTENAVIA P-68 Observer,L2P,L
C808CD,ZK-GUB,GLID,,L0-,-
C80DCD,ZK-SDQ,LNC2,LANCAIR 200-320,L1P,L
C80FCD,ZK-MSM,M5,MAULE M-5,L1P,L
C810CD,ZK-HPQ,AS50,AEROSPATIALE AS-350 Ecureuil,H1T,L
C813CD,ZK-PTH,CT4,PACIFIC AEROSPACE CT-4 Airtrainer,L1P,L
C814CD,ZK-JLV,ULAC,,L0-,-
C816CD,ZK-STG,TL20,TL ULTRALIGHT TL-2000 Sting,L1P,L
C818CD,ZK-KTP,KTOO,AMAX Karatoo,L1P,L
C819CD,ZK-PKT,PNR2,ALPI Pioneer 200,L1P,L
C81ACD,ZK-WSM,ULAC,,L0-,-
C81BCD,ZK-NPG,C152,CESSNA 152,L1P,L
C81CCD,ZK-MEE,EUPA,Europa,L1P,L
C81DCD,ZK-HLG,EC30,AIRBUS HELICOPTERS EC-130,H1T,L
C81ECD,ZK-VVS,YAK3,YAKOVLEV Yak-3,L1P,L
C821CD,ZK-XHA,ULAC,,L0-,-
C823CD,ZK-MLF,GA8,GIPPSAERO GA-8 Airvan,L1P,L
C827CD,ZK-KEI,P750,PACIFIC AEROSPACE P-750 XStol,L1T,L
C828CD,ZK-TKT,P208,TECNAM P-2008,L1P,L
E023CD,LV-BOM,R44,ROBINSON R-44 Raven,H1P,L
E073CD,LV-GOM,LJ45,LEARJET 45,L2J,M
E085CD,LV-HWM,BE30,BEECH 300 Super King Air,L2T,L
E0B0CD,LV-KCM,C208,CESSNA 208 Caravan,L1T,L
E0C0CD,LV-LCM,P28A,PIPER PA-28-140/150/160/180,L1P,L
E171CD,LV-WGM,MD83,MCDONNELL-DOUGLAS MD-83,L2J,M
E193CD,LV-YOM,PA11,PIPER PA-11 Cub Special,L1P,L
E400CD,FAB5925,E314,EMBRAER EMB-314 Super Tucano,L1T,L
E401CD,PR-ZXL,E550,EMBRAER EMB-550 Praetor 600,L2J,M
E47ECD,PR-GTA,B738,BOEING 737-800,L2J,M
E481CD,PR-SCP,C55B,CESSNA 550B Citation Bravo,L2J,L
E485CD,PR-GUC,B738,BOEING 737-800,L2J,M
E487CD,PR-SYL,BE35,BEECH 35 Starfire Bonanza,L1P,L
E48ACD,PR-CFI,C172,CESSNA 172 Skyhawk,L1P,L
E48FCD,PP-MLA,C525,CESSNA 525 CitationJet,L2J,L
E490CD,PT-RMB,C650,CESSNA 650 Citation,L2J,M
E491CD,PR-AKB,AT76,ATR-72-600,L2T,M
E492CD,PR-NMC,S76,SIKORSKY S-76 Spirit,H2T,L
E493CD,PP-AMU,SR22,CIRRUS SR-22,L1P,L
E495CD,PR-GZS,B738,BOEING 737-800,L2J,M
E497CD,PS-BUS,SR22,CIRRUS SR-22,L1P,L
E808CD,CC-PFD,PAY1,PIPER PA-31T1-500 Cheyenne 1,L2T,L
