0081D3,ZS-ARI,S22T,CIRRUS SR-22T Turbo,L1P,L
0092D3,ZS-HCS,R44,ROBINSON R-44 Raven,H1P,L
009FD3,ZS-MAS,C210,CESSNA 201 Centurion,L1P,L
00A2D3,ZS-NEG,Z37T,MORAVAN Z-137 Agro Turbo,L1T,L
00A5D3,ZS-OHU,PA34,PIPER PA-34 Seneca,L2P,L
00AED3,ZS-RSK,R44,ROBINSON R-44 Raven,H1P,L
00B0D3,ZS-SMC,BE20,BEECH 200 Super King Air,L2T,M
00B7D3,ZS-VDA,ULAC,,L0-,-
0100D3,SU-BPO,AN72,ANTONOV An-74-200,L2J,M
0101D3,SU-BTT,FA7X,DASSAULT Falcon 7X,L3J,M
0428D3,3C-LLM,AT75,ATR-72-500,L2T,M
0641D3,5N-BTF,G200,AKROTECH G-200,L1P,L
06A1D3,A7-CGO,GLF6,GULFSTREAM G650,L2J,M
06A2D3,A7-LLL,DA40,DIAMOND DA-40 Club Star,L1P,L
0700D3,6V-AGT,PA27,PIPER PA-23-250 Aztec,L2P,L
0AC7D3,FAC4530,UH1,BELL UH-1 Huey,H1T,L
0D02D3,XB-LWN,C550,CESSNA 550 Citation S2,L2J,L
0D05D3,XA-UOG,DC93,MCDONNELL DOUGLAS DC-9-30,L2J,M
0D06D3,XA-ACJ,E190,EMBRAER ERJ-190-100,L2J,M
0D07D3,XA-UTI,C55B,CESSNA 550B Citation Bravo,L2J,L
0D09D3,XA-UXR,DC91,MCDONNELL DOUGLAS DC-9-10,L2J,M
0D0AD3,XB-NLJ,R66,ROBINSON R-66,H1T,L
0D0CD3,XA-FEM,GA6C,GULFSTREAM G600,L2J,M
0D0DD3,XA-VSK,A21N,AIRBUS A-321neo,L2J,M
0D0ED3,XB-SJN,R44,ROBINSON R-44 Raven,H1P,L
1101D3,GND,GND,,V0-,-
1111D3,RAFPG04,GLID,,L0-,-
1130D3,GND,GND,,V0-,-
140AD3,RA-02771,H25B,HAWKER BEECHCRAFT Hawker 750/850,L2J,M
140FD3,RA-04051,AS50,AEROSPATIALE AS-350 Ecureuil,H1T,L
14A5D3,RA-42451,YK42,YAKOVLEV Yak-142,L3J,M
1506D3,RA-67283,DHC6,DE HAVILLAND DHC-6 Twin Otter,L2T,L
151CD3,RA-72915,,,,
151DD3,RA-73171,A320,AIRBUS A-320,L2J,M
151ED3,RA-73427,A20N,AIRBUS A-320neo,L2J,M
151FD3,RA-73683,A319,AIRBUS A-319,L2J,M
1533D3,RF-78803,IL76,ILYUSHIN Il-76/82,L4J,H
155BD3,RA-89043,SU95,SUKHOI Superjet 100-95,L2J,M
1809D3,RA-2515G,C210,CESSNA 201 Centurion,L1P,L
3004D3,I-FREH,A109,AGUSTA AW-109 Grand,H2T,L
3005D3,I-TEAC,AS50,AEROSPATIALE AS-350 Ecureuil,H1T,L
3007D3,I-ECJX,B505,BELL 505 JetRanger X,H1T,L
3008D3,I-ALFC,P06T,TECNAM P-2006T,L2P,L
33FDD3,MM81785,H47,BOEING-VERTOL CH-47 Chinook,H2T,M
33FFD3,MM62205,P180,PIAGGIO P-180 Avanti,L2T,L
3412D3,EC-HDS,B752,BOEING 757-200,L2J,M
3422D3,EC-HTU,C212,CESSNA 212 Aviocar,L2T,M
3425D3,EC-KBB,B412,BELL 412,H2T,L
3434D3,EC-FGJ,C210,CESSNA 201 Centurion,L1P,L
3435D3,EC-LGI,A109,AGUSTA AW-109 Grand,H2T,L
3443D3,EC-LVO,A320,AIRBUS A-320,L2J,M
3445D3,EC-FJU,RF5,FOURNIER RF-5,L1P,L
3451D3,EC-MKM,A320,AIRBUS A-320,L2J,M
3453D3,EC-MQQ,CRJX,BOMBARDIER Regional Jet CRJ-1000,L2J,M
3851D3,F-BUOT,P28A,PIPER PA-28-140/150/160/180,L1P,L
3911D3,F-GEOT,C172,CESSNA 172 Skyhawk,L1P,L
3918D3,F-GGGT,C550,CESSNA 550 Citation S2,L2J,L
3945D3,F-GROT,CP10,CAP AVIATION CAP-10,L1P,L
3988D3,F-HCGT,R22,ROBINSON R-22 Mariner,H1P,L
3990D3,F-HEGT,EC55,AIRBUS HELICOPTERS EC-155,H2T,L
39B9D3,F-HOOT,P208,TECNAM P-2008,L1P,L
39E1D3,F-HYOT,AS50,AEROSPATIALE AS-350 Ecureuil,H1T,L
3AAAD3,F-MEAP,NH90,NHI NH-90,H2T,M
3AABD3,5503,AS55,AEROSPATIALE AS-355 Ecureuil 2,H2T,L
3B76D3,F-RAVE,AS55,AEROSPATIALE AS-355 Ecureuil 2,H2T,L
3B77D3,F-UGSD,EC25,AIRBUS HELICOPTERS EC-225/725,H2T,M
3B9BD3,21,ATLA,BREGUET Atlantic,L2T,M
3C17D3,D-AYAO,A21N,AIRBUS A-321neo,L2J,M
3C1CD3,D-AZXU,A21N,AIRBUS A-321neo,L2J,M
3C4AD3,D-ABVS,B744,BOEING 747-400,L4J,H
3C6DD3,D-AKNS,A319,AIRBUS A-319,L2J,M
3CD2D3,D-CHDJ,C56X,CESSNA 560XL Citation XLS,L2J,M
3D09D3,D-EBYX,PA18,PIPER PA-18 Super Cub,L1P,L
3D0AD3,D-ECIT,BE33,BEECH 33 Bonanza,L1P,L
3D0CD3,D-EDCL,S223,MBB 223 Flamingo,L1P,L
3D11D3,D-EEZR,C150,CESSNA 150,L1P,L
3D12D3,D-EFJN,B209,MBB BO-209 Monsun,L1P,L
3D14D3,D-EGDF,AA5,AMERICAN AA-5 Tiger,L1P,L
3D17D3,D-EHGT,BE33,BEECH 33 Bonanza,L1P,L
3D1AD3,D-EIKH,G115,GROB G-115,L1P,L
3D1CD3,D-EJDZ,ZZZZ,,-0-,-
3D22D3,D-ELLB,P28B,PIPER PA-28-201T/235/236,L1P,L
3D23D3,D-ELUX,SR20,CIRRUS SR-20,L1P,L
3D24D3,D-EMET,DV20,DIAMOND DA-20,L1P,L
3D25D3,D-EMOP,PA22,PIPER PA-22,L1P,L
3D26D3,D-EMYL,J3,PIPER J-3 Cub,L1P,L
3D2AD3,D-EOLV,C172,CESSNA 172 Skyhawk,L1P,L
3D2CD3,D-EPFN,RV7,VANS RV-7,L1P,L
3D2DD3,D-EPPJ,RV4,VANS RV-4,L1P,L
3D31D3,D-ERCT,DV20,DIAMOND DA-20,L1P,L
3D32D3,D-ERMP,G115,GROB G-115,L1P,L
3D33D3,D-ERWL,C172,CESSNA 172 Skyhawk,L1P,L
3D34D3,D-ESGH,C172,CESSNA 172 Skyhawk,L1P,L
3D38D3,D-ETTR,C172,CESSNA 172 Skyhawk,L1P,L
3D3CD3,D-EVHB,PA38,PIPER PA-38 Tomahawk,L1P,L
3D3ED3,D-EWAT,AC11,NORTH AMERICAN ROCKWELL Commander 112/114,L1P,L
3D43D3,D-EXXZ,E300,EXTRA EA-300/330/350,L1P,L
3DD2D3,D-HABZ,R44,ROBINSON R-44 Raven,H1P,L
3DD3D3,D-HALV,R44,ROBINSON R-44 Raven,H1P,L
3DDDD3,D-HEGH,AS3B,AEROSPATIALE AS-332 Super Puma Mk2,H2T,M
3DF2D3,D-HMFB,B06,BELL 206 JetRanger,H1T,L
3DF7D3,D-HOCH,B06,BELL 206 JetRanger,H1T,L
3E1CD3,D-ICCP,C510,CESSNA 510 Citation Mustang,L2J,L
3E2AD3,D-IHKL,C303,CESSNA T303 Crusader,L2P,L
3E51D3,D-IWEL,BE60,BEECH 60 Duke,L2P,L
3E5CD3,D-KAIT,S10S,STEMME S-10 Chrysalis,L1P,L
3E5DD3,D-KASP,SF25,SCHEIBE SF-25 Falke,L1P,L
3E5FD3,D-KBMH,DIMO,DIAMOND H-36 Dimona,L1P,L
3E62D3,D-KCPV,S6,STEMME S-6,L1P,L
3E69D3,D-KFGT,DIMO,DIAMOND H-36 Dimona,L1P,L
3E6BD3,D-KGAL,SF25,SCHEIBE SF-25 Falke,L1P,L
3E76D3,D-KKET,AS31,SCHLEICHER ASH-31,L1P,L
3E77D3,D-KKOP,S10S,STEMME S-10 Chrysalis,L1P,L
3E7ED3,D-KNFN,DISC,SCHEMPP-HIRTH Discus,L1P,L
3E81D3,D-KOJB,SF25,SCHEIBE SF-25 Falke,L1P,L
3ED6D3,D-KWHV,DIMO,DIAMOND H-36 Dimona,L1P,L
3EE0D3,D-0060,GLID,,L0-,-
3EEED3,D-3644,GLID,,L0-,-
3F03D3,D-9020,GLID,,L0-,-
3F05D3,D-9532,GLID,,L0-,-
3F06D3,D-9788,GLID,,L0-,-
3FEAD3,D-MTLW,BREZ,AEROSTYLE Breezer,L1P,L
3FEDD3,D-MPUL,IMPU,IMPULSE Xturn,L1P,L
3FEED3,D-MAAO,CH60,ZENAIR CH-600 Zodiac,L1P,L
3FF0D3,D-MHIA,KP2,JIHLAVAN KP-2 Sova,L1P,L
3FF1D3,D-MTFM,GYRO,,G0-,-
3FF2D3,D-MCWD,,,,
3FF4D3,D-MMDF,DAL4,DALLACH D-4 Fascination,L1P,L
3FF5D3,D-MHOL,GYRO,,G0-,-
4008D3,G-KRNW,EC35,AIRBUS HELICOPTERS EC-135/635,H2T,L
4009D3,G-FRAS,FA20,DASSAULT Falcon 200,L2J,M
400AD3,G-BOGM,P28U,PIPER PA-28RT-201T Turbo,L1P,L
400BD3,G-BUJP,P28A,PIPER PA-28-140/150/160/180,L1P,L
400DD3,G-ORCD,A109,AGUSTA AW-109 Grand,H2T,L
400ED3,G-BYUO,G115,GROB G-115,L1P,L
4011D3,G-ZOSA,CH7B,BELLANCA 7 Citabria,L1P,L
4014D3,G-AOZP,DHC1,DE HAVILLAND DHC-1 Chipmunk,L1P,L
4015D3,G-ASMJ,C172,CESSNA 172 Skyhawk,L1P,L
4016D3,G-AVFZ,P28A,PIPER PA-28-140/150/160/180,L1P,L
4019D3,G-BAFU,P28A,PIPER PA-28-140/150/160/180,L1P,L
401CD3,G-BFDC,DHC1,DE HAVILLAND DHC-1 Chipmunk,L1P,L
401DD3,G-BGPN,PA18,PIPER PA-18 Super Cub,L1P,L
401ED3,G-BICS,R200,ROBIN Alpha,L1P,L
4020D3,G-DRGL,PA18,PIPER PA-18 Super Cub,L1P,L
4025D3,G-BAEO,C172,CESSNA 172 Skyhawk,L1P,L
402BD3,G-BOMY,P28A,PIPER PA-28-140/150/160/180,L1P,L
4031D3,G-KITI,PTS2,PITTS S-2 Special,L1P,L
4032D3,G-BSWF,PA16,PIPER PA-16 Clipper,L1P,L
4035D3,G-EXTR,ZZZZ,,-0-,-
4036D3,G-MYGF,ULAC,,L0-,-
403ED3,G-BXOJ,P28A,PIPER PA-28-140/150/160/180,L1P,L
4046D3,G-CBKK,BALL,,B0-,-
4047D3,G-OLDG,C182,CESSNA 182 Skylane,L1P,L
4049D3,G-EUSO,DR40,ROBIN DR-400,L1P,L
404CD3,G-JAME,CH60,ZENAIR CH-600 Zodiac,L1P,L
404FD3,G-DSTN,B06,BELL 206 JetRanger,H1T,L
4051D3,G-RVLC,RV9,VANS RV-9,L1P,L
4057D3,G-CJVJ,LK17,SPORTINE AVIACIJA LAK-17AT,L1P,L
4059D3,G-CKRU,GLID,,L0-,-
4060D3,G-CGKD,G115,GROB G-115,L1P,L
4063D3,G-CGOH,BALL,,B0-,-
4065D3,G-NORK,B06,BELL 206 JetRanger,H1T,L
406AD3,G-VOUS,C172,CESSNA 172 Skyhawk,L1P,L
406ED3,G-RWCA,PA18,PIPER PA-18 Super Cub,L1P,L
406FD3,G-MSCL,CLON,AUTOGYRO Cavalon,G1P,L
4071D3,G-SPWP,SR22,CIRRUS SR-22,L1P,L
4072D3,G-EEHA,SONX,SONEX AIRCRAFT Sonex,L1P,L
4073D3,G-CKKG,TL30,TL ULTRALIGHT TL-3000 Sirius,L1P,L
4075D3,G-SPTX,FA7X,DASSAULT Falcon 7X,L3J,M
4077D3,G-VTEA,A35K,AIRBUS A-350-1000,L2J,H
4078D3,G-STES,EUPA,Europa,L1P,L
4079D3,G-LCAH,E190,EMBRAER ERJ-190-100,L2J,M
407AD3,G-CLRI,CH75,ZENAIR CH-750 Cruzer,L1P,L
407BD3,G-EIGT,RV8,VANS RV-8,L1P,L
407CD3,G-MUON,GLID,,L0-,-
407DD3,G-XXLH,B505,BELL 505 JetRanger X,H1T,L
4242D3,VP-BVC,CRJ1,BOMBARDIER Regional Jet CRJ-100,L2J,M
4243D3,VQ-BVU,B738,BOEING 737-800,L2J,M
4249D3,VQ-BKB,B752,BOEING 757-200,L2J,M
43C4D3,ZD980,H47,BOEING-VERTOL CH-47 Chinook,H2T,M
43C6D3,ZK320,EUFI,EUROFIGHTER 2000,L2J,M
43C7D3,ZK556,H47,BOEING-VERTOL CH-47 Chinook,H2T,M
43C8D3,ZM332,TEX2,BEECHCRAFT T-6 Texan 2,L1T,L
43E7D3,M-SAIL,PC12,PILATUS PC-12,L1T,L
43E9D3,M-BAEP,CL60,BOMBARDIER CL-600 Challenger,L2J,M
43EED3,2-HELX,EC35,AIRBUS HELICOPTERS EC-135/635,H2T,L
4400D3,OE-FDE,SC7,SHORT Skyvan,L2T,L
4401D3,OE-KHG,C182,CESSNA 182 Skylane,L1P,L
4402D3,OE-FIX,C525,CESSNA 525 CitationJet,L2J,L
4404D3,OE-CIT,FDCT,FLIGHT DESIGN CT,L1P,L
4408D3,OE-DSL,P28A,PIPER PA-28-140/150/160/180,L1P,L
4409D3,OE-XVJ,EC35,AIRBUS HELICOPTERS EC-135/635,H2T,L
44A3D3,OO-H23,MP02,AERO_KROS Czajka,L1P,L
44CED3,OO-SVS,SV4,NORD SV-4,L1P,L
44E4D3,OO-YFS,GLID,,L0-,-
4520D3,LZ-EGT,E55P,EMBRAER EMB-505 Phenom 300,L2J,M
4598D3,OY-FFS,P06T,TECNAM P-2006T,L2P,L
459CD3,OY-GFS,F2TH,DASSAULT Falcon 2000,L2J,M
45A0D3,OY-HFS,R44,ROBINSON R-44 Raven,H1P,L
45A5D3,OY-INS,P68,PARTENAVIA P-68 Observer,L2P,L
45B5D3,OY-MNS,P68,PARTENAVIA P-68 Observer,L2P,L
45CDD3,OY-SNS,P68,PARTENAVIA P-68 Observer,L2P,L
45D1D3,OY-TNS,P68,PARTENAVIA P-68 Observer,L2P,L
45D9D3,OY-VNS,P68,PARTENAVIA P-68 Observer,L2P,L
45E5D3,OY-YNS,P68,PARTENAVIA P-68 Observer,L2P,L
4605D3,OH-CFJ,C172,CESSNA 172 Skyhawk,L1P,L
4613D3,OH-HNF,EC45,AIRBUS HELICOPTERS EC-145,H2T,L
464AD3,OH-U675,ZEPH,ATEC Zephyr,L1P,L
4686D3,SX-AVS,C172,CESSNA 172 Skyhawk,L1P,L
4692D3,SX-DVS,A320,AIRBUS A-320,L2J,M
472FD3,HA-SCX,C550,CESSNA 550 Citation S2,L2J,L
477FD3,R-909,EXPL,MCDONNELL-DOUGLAS MD-900 Explorer,H2T,L
4784D3,LN-KFK,P28A,PIPER PA-28-140/150/160/180,L1P,L
478DD3,LN-AZF,C172,CESSNA 172 Skyhawk,L1P,L
4792D3,LN-NIL,B738,BOEING 737-800,L2J,M
4840D3,PH-KZA,F70,FOKKER 70,L2J,M
4843D3,PH-KAX,P28A,PIPER PA-28-140/150/160/180,L1P,L
4845D3,PH-LOX,BALL,,B0-,-
4848D3,PH-VES,C172,CESSNA 172 Skyhawk,L1P,L
4849D3,PH-SLK,C182,CESSNA 182 Skylane,L1P,L
484AD3,PH-MYF,LNC2,LANCAIR 200-320,L1P,L
484BD3,PH-SAF,PA44,PIPER PA-44 Seminole,L2P,L
484DD3,PH-STV,CP10,CAP AVIATION CAP-10,L1P,L
484FD3,PH-SOR,BALL,,B0-,-
4850D3,PH-HCC,G2CA,GUIMBAL G-2 Cabri,H1P,L
4851D3,PH-1492,DISC,SCHEMPP-HIRTH Discus,L1P,L
4853D3,PH-HXJ,B738,BOEING 737-800,L2J,M
4854D3,PH-1YO,ZZZZ,,-0-,-
4855D3,PH-2JW,ZZZZ,,-0-,-
4856D3,PH-1AU,ZZZZ,,-0-,-
489ED3,SP-HXU,EC35,AIRBUS HELICOPTERS EC-135/635,H2T,L
48FCD3,SP-SAGU,AP22,AEROPRACT A-22,L1P,L
4951D3,CS-TNS,A320,AIRBUS A-320,L2J,M
4955D3,CS-UNS,EV97,EVEKTRO EV-97 EuroStar,L1P,L
4984D3,OK-AFS,Z26,ZLIN Z-26/126/226/326/526/626/726,L1P,L
49D0D3,OK-CAT,C182,CESSNA 182 Skylane,L1P,L
49D1D3,OK-VOK,C421,CESSNA 421 Executive Commuter,L2P,L
49D3D3,OK-SWC,B38M,BOEING 737 MAX 8,L2J,M
4A9ED3,SE-GVS,P28A,PIPER PA-28-140/150/160/180,L1P,L
4AAAD3,SE-JVS,AS50,AEROSPATIALE AS-350 Ecureuil,H1T,L
4AB2D3,SE-LVS,C172,CESSNA 172 Skyhawk,L1P,L
4ADAD3,SE-VVS,ULAC,,L0-,-
4B07D3,HB-CZB,P210,CESSNA P210 Centurion,L1P,L
4B0BD3,HB-EML,F260,AERMACCHI SF-260,L1P,L
4B0CD3,HB-EWH,BE33,BEECH 33 Bonanza,L1P,L
4B14D3,HB-HXB,PC21,PILATUS PC-21,L1T,L
4B1AD3,HB-KED,DR40,ROBIN DR-400,L1P,L
4B28D3,HB-PLZ,P28A,PIPER PA-28-140/150/160/180,L1P,L
4B2CD3,HB-QZJ,BALL,,B0-,-
4B2FD3,HB-SCX,DV20,DIAMOND DA-20,L1P,L
4B3FD3,HB-YEL,WFOC,WAR Focke-Wulf 190,L1P,L
4B46D3,HB-556,GLID,,L0-,-
4B7FD3,T-351,EC35,AIRBUS HELICOPTERS EC-135/635,H2T,L
4B82D3,OR-3133,B429,BELL 429 GlobalRanger,H2T,L
4BA1D3,TC-HNS,B06,BELL 206 JetRanger,H1T,L
4BA9D3,TC-JNS,A333,AIRBUS A-330-300,L2J,H
4BAAD3,TC-JVS,B738,BOEING 737-800,L2J,M
4BBDD3,TC-ONS,A321,AIRBUS A-321,L2J,M
4C1DD3,YU-HOT,GAZL,AEROSPATIALE SA-341 Gazelle,H1T,L
4CA0D3,EI-EAC,A30B,AIRBUS A-300-200,L2J,H
4CA1D3,EI-DAO,B738,BOEING 737-800,L2J,M
4CA5D3,EI-FLH,ULAC,,L0-,-
4CA7D3,EI-EHF,AP22,AEROPRACT A-22,L1P,L
4CA9D3,EI-EVK,B738,BOEING 737-800,L2J,M
4CABD3,EI-LRG,A21N,AIRBUS A-321neo,L2J,M
4CAFD3,EI-GXN,B738,BOEING 737-800,L2J,M
4D21D3,9H-SLA,A320,AIRBUS A-320,L2J,M
5001D3,T7-ME1,A21N,AIRBUS A-321neo,L2J,M
5002D3,T7-ABE,GALX,GULFSTREAM G200,L2J,M
503FD3,08 BLUE,C27J,ALENIA C-27J Spartan,L2T,M
505DD3,OM-NAS,B738,BOEING 737-800,L2J,M
505ED3,OM-AVD,MI8,MIL Mi-8/9/17/19/171/172,H2T,M
506CD3,S5-CEH,PC6T,PILATUS PC-6 Turbo-Porter,L1T,L
5083D3,UR-UZC,AN26,ANTONOV An-26,L2T,M
6831D3,UP-B3710,B733,BOEING 737-300,L2J,M
710DD3,HZ-HC5,A139,AGUSTA AW-139,H2T,L
717CD3,HZ-FAW,A20N,AIRBUS A-320neo,L2J,M
7394D3,4X-AHP,DHC6,DE HAVILLAND DHC-6 Twin Otter,L2T,L
7502D3,9M-WAQ,A139,AGUSTA AW-139,H2T,L
7800D3,B-6211,A319,AIRBUS A-319,L2J,M
7802D3,B-6080,A332,AIRBUS A-330-200,L2J,H
7803D3,B-9281,C172,CESSNA 172 Skyhawk,L1P,L
7804D3,B-6186,A318,AIRBUS A-318,L2J,M
7805D3,B-5462,B738,BOEING 737-800,L2J,M
7807D3,B-6831,A320,AIRBUS A-320,L2J,M
7808D3,B-5653,B738,BOEING 737-800,L2J,M
7809D3,B-7199,EC35,AIRBUS HELICOPTERS EC-135/635,H2T,L
780AD3,B-5755,B738,BOEING 737-800,L2J,M
780BD3,B-1800,A320,AIRBUS A-320,L2J,M
780CD3,B-9881,DA40,DIAMOND DA-40 Club Star,L1P,L
780DD3,B-1798,B738,BOEING 737-800,L2J,M
780ED3,B-7087,B738,BOEING 737-800,L2J,M
780FD3,B-7967,B738,BOEING 737-800,L2J,M
7810D3,B-8657,A320,AIRBUS A-320,L2J,M
7811D3,B-1481,B738,BOEING 737-800,L2J,M
7812D3,B-10SX,M20P,MOONEY M-20,L1P,L
7814D3,B-205V,B738,BOEING 737-800,L2J,M
7816D3,B-109Y,OSCR,PARTENAVIA Oscar Charlie,L1P,L
7817D3,B-70L6,EC35,AIRBUS HELICOPTERS EC-135/635,H2T,L
7819D3,B-230E,A20N,AIRBUS A-320neo,L2J,M
781AD3,B-3688,PA44,PIPER PA-44 Seminole,L2P,L
781BD3,B-220W,B738,BOEING 737-800,L2J,M
781CD3,B-327G,A21N,AIRBUS A-321neo,L2J,M
7C02D3,VH-AUD,BE33,BEECH 33 Bonanza,L1P,L
7C05D3,VH-BFP,BE76,BEECH 76 Duchess,L2P,L
7C06D3,VH-BMT,R22,ROBINSON R-22 Mariner,H1P,L
7C0BD3,VH-CMD,C310,CESSNA 310,L2P,L
7C17D3,VH-EZP,LGEZ,RUTAN Long-EZ,L1P,L
7C1ED3,VH-GDH,GLID,,L0-,-
7C28D3,VH-ICL,RV7,VANS RV-7,L1P,L
7C29D3,VH-IJP,GLAS,Glasair,L1P,L
7C2AD3,VH-IQT,C182,CESSNA 182 Skylane,L1P,L
7C2FD3,VH-JQD,PA44,PIPER PA-44 Seminole,L2P,L
7C30D3,VH-JXH,C188,CESSNA 188 AgTruck,L1P,L
7C33D3,VH-KIT,C172,CESSNA 172 Skyhawk,L1P,L
7C3AD3,VH-LWL,LNP4,LANCAIR PropJet 4,L1T,L
7C3CD3,VH-MAT,R66,ROBINSON R-66,H1T,L
7C41D3,VH-NAD,PA31,PIPER PA-31-300/310/325/350/425,L2P,L
7C44D3,VH-NVP,C172,CESSNA 172 Skyhawk,L1P,L
7C4CD3,VH-PGL,C172,CESSNA 172 Skyhawk,L1P,L
7C4DD3,VH-PNP,P28A,PIPER PA-28-140/150/160/180,L1P,L
7C56D3,VH-RFP,C150,CESSNA 150,L1P,L
7C57D3,VH-RMT,R22,ROBINSON R-22 Mariner,H1P,L
7C5CD3,VH-SMD,C172,CESSNA 172 Skyhawk,L1P,L
7C60D3,VH-TET,C210,CESSNA 201 Centurion,L1P,L
7C61D3,VH-TLX,RV14,VANS RV-14,L1P,L
7C66D3,VH-ULH,ZZZZ,,-0-,-
7C67D3,VH-USL,C172,CESSNA 172 Skyhawk,L1P,L
7C68D3,VH-UZP,SW4,SWEARINGEN Metro,L2T,M
7C6AD3,VH-VDX,GLEX,BOMBARDIER BD-700 Global 6000/6500,L2J,M
7C71D3,VH-WRP,C172,CESSNA 172 Skyhawk,L1P,L
7C72D3,VH-WYT,RV6,VANS RV-6,L1P,L
7C77D3,VH-XYD,TOBA,SOCATA Tobago,L1P,L
7C79D3,VH-YCL,CT4,PACIFIC AEROSPACE CT-4 Airtrainer,L1P,L
7C7AD3,VH-YJP,DA40,DIAMOND DA-40 Club Star,L1P,L
7C7BD3,VH-YQT,B712,BOEING 717-200,L2J,M
7CC4D3,24-7277,AP22,AEROPRACT A-22,L1P,L
7CF7D3,TWR,TWR,,T0-,-
7CF9D3,A47-009,P8,BOEING P-8 Poseidon,L2J,M
8001D3,VT-JGY,B737,BOEING 737-700,L2J,M
8013D3,VT-IJN,A20N,AIRBUS A-320neo,L2J,M
8014D3,VT-IIU,A20N,AIRBUS A-320neo,L2J,M
84B7D3,JA2155,SF25,SCHEIBE SF-25 Falke,L1P,L
8567D3,JA4059,C172,CESSNA 172 Skyhawk,L1P,L
880DD3,HS-CNS,BE20,BEECH 200 Super King Air,L2T,M
882ED3,HS-KVS,GLF6,GULFSTREAM G650,L2J,M
8836D3,HS-MVS,B738,BOEING 737-800,L2J,M
8881D3,VN-A579,GLF6,GULFSTREAM G650,L2J,M
8960D3,A6-EBL,B773,BOEING 777-300,L2J,H
8962D3,A6-ALM,A139,AGUSTA AW-139,H2T,L
8963D3,A6-EPD,B77W,BOEING 777-300ER,L2J,H
8964D3,A6-FMD,B38M,BOEING 737 MAX 8,L2J,M
8965D3,A6-FKH,B38M,BOEING 737 MAX 8,L2J,M
8967D3,DU-142,A139,AGUSTA AW-139,H2T,L
8980D3,P2-ANU,F70,FOKKER 70,L2J,M
8990D3,B-16703,B77W,BOEING 777-300ER,L2J,H
8A02D3,PK-GMU,B738,BOEING 737-800,L2J,M
8A07D3,PK-GHE,A339,AIRBUS A-330-900,L2J,H
A000D3,N1JJ,BL17,BELLANCA 17 Viking,L1P,L
A002D3,N10EV,BE35,BEECH 35 Starfire Bonanza,L1P,L
A003D3,N10RA,SR22,CIRRUS SR-22,L1P,L
A004D3,N100BF,DC3S,DOUGLAS DC-3 Super Dakota,L2P,M
A006D3,N100XT,LNC2,LANCAIR 200-320,L1P,L
A008D3,N101ED,SR20,CIRRUS SR-20,L1P,L
A00AD3,N1010R,CH7A,BELLANCA 7 Champion,L1P,L
A00CD3,N102HB,C550,CESSNA 550 Citation S2,L2J,L
A00DD3,N102TH,WAIX,SONEX Waiex,L1P,L
A00ED3,N1022U,M20T,MOONEY M-20T,L1P,L
A010D3,N103L,,,,
A016D3,N10460,L5,STINSON Sentinel,L1P,L
A019D3,N1051S,M7,MAULE M-7,L1P,L
A01AD3,N10583,ST75,STEARMAN Kaydet,L1P,L
A01DD3,N1063V,BALL,,B0-,-
A01ED3,N107BE,BE30,BEECH 300 Super King Air,L2T,L
A01FD3,N107ML,AT3T,AIR TRACTOR AT-302/402,L1T,L
A020D3,N107XS,GNAT,HAWKER SIDDELEY Gnat,L1J,L
A021D3,N1075Y,B06,BELL 206 JetRanger,H1T,L
A022D3,N108EC,H500,HUGHES 500,H1T,L
A027D3,N109TG,A109,AGUSTA AW-109 Grand,H2T,L
A02AD3,N11KZ,HUSK,CHRISTEN Husky,L1P,L
A02CD3,N110GK,SR22,CIRRUS SR-22,L1P,L
A02DD3,N110SR,ZZZZ,,-0-,-
A031D3,N111VP,,,,
A032D3,N1114E,CH7A,BELLANCA 7 Champion,L1P,L
A033D3,N112C,GLID,,L0-,-
A036D3,N1126H,P28A,PIPER PA-28-140/150/160/180,L1P,L
A03AD3,N1138L,LA4,LAKE LA-4/200,A1P,L
A03ED3,N115AN,CL30,BOMBARDIER BD-100 Challenger 300,L2J,M
A040D3,N115X,,,,
A041D3,N1155F,C172,CESSNA 172 Skyhawk,L1P,L
A043D3,N116PS,SF50,CIRRUS SF-50 Vision,L1J,L
A046D3,N117GJ,SRAI,GREAT PLAINS Sonerai,L1P,L
A049D3,N1179M,C172,CESSNA 172 Skyhawk,L1P,L
A050D3,N1196G,AA5,AMERICAN AA-5 Tiger,L1P,L
A052D3,N12RC,BE35,BEECH 35 Starfire Bonanza,L1P,L
A053D3,N120BH,N3N,NAVAL AIRCRAFT FACTORY N3N,L1P,L
A054D3,N120MP,BE35,BEECH 35 Starfire Bonanza,L1P,L
A056D3,N12051,,,,
A05BD3,N122HD,SR22,CIRRUS SR-22,L1P,L
A05CD3,N122TK,RV7,VANS RV-7,L1P,L
A05DD3,N1222W,C150,CESSNA 150,L1P,L
A05FD3,N123LB,SONX,SONEX AIRCRAFT Sonex,L1P,L
A060D3,N123WH,COY2,RANS Coyote 2,L1P,L
A061D3,N1234Z,BE35,BEECH 35 Starfire Bonanza,L1P,L
A063D3,N124P,RV6,VANS RV-6,L1P,L
A066D3,N125FS,LJ31,LEARJET 31,L2J,M
A068D3,N1251U,C172,CESSNA 172 Skyhawk,L1P,L
A06BD3,N126UW,A320,AIRBUS A-320,L2J,M
A070D3,N12750,C172,CESSNA 172 Skyhawk,L1P,L
A071D3,N128EE,P210,CESSNA P210 Centurion,L1P,L
A076D3,N129TJ,S22T,CIRRUS SR-22T Turbo,L1P,L
A077D3,N1292V,C208,CESSNA 208 Caravan,L1T,L
A079D3,N13LA,GLID,,L0-,-
A07BD3,N130GM,EC30,AIRBUS HELICOPTERS EC-130,H1T,L
A07CD3,N130ST,,,,
A07ED3,N1309Q,C150,CESSNA 150,L1P,L
A080D3,N131VR,VR7,VASHON Ranger R7,L1P,L
A081D3,N1314G,C310,CESSNA 310,L2P,L
A085D3,N1326K,PTS2,PITTS S-2 Special,L1P,L
A086D3,N133F,PA22,PIPER PA-22,L1P,L
A096D3,N137SS,GLID,,L0-,-
A09BD3,N1384F,AVID,AVID Flyer,L1P,L
A09CD3,N139CA,PA24,PIPER PA-24 Comanche,L1P,L
A0A1D3,N14RE,,,,
A0A2D3,N140BK,P28A,PIPER PA-28-140/150/160/180,L1P,L
A0A3D3,N140MR,ULAC,,L0-,-
A0A5D3,N14053,C72R,CESSNA 172R Cutlass RG,L1P,L
A0ABD3,N142TM,CRER,RANS Courier,L1P,L
A0ADD3,N14299,PA18,PIPER PA-18 Super Cub,L1P,L
A0B1D3,N144CW,FOX,KITFOX,L1P,L
A0B6D3,N145S,,,,
A0BCD3,N147BJ,BE40,BEECH 400 Beechjet,L2J,M
A0C2D3,N1480U,C172,CESSNA 172 Skyhawk,L1P,L
A0C8D3,N15LC,J3,PIPER J-3 Cub,L1P,L
A0C9D3,N15WJ,BL8,BELLANCA 8 Decathlon,L1P,L
A0CAD3,N150GP,C560,CESSNA 560 Citation Ultra,L2J,M
A0CED3,N151KM,P51,NORTH AMERICAN P-51 Mustang,L1P,L
A0CFD3,N151VT,BE35,BEECH 35 Starfire Bonanza,L1P,L
A0D0D3,N1514J,P28A,PIPER PA-28-140/150/160/180,L1P,L
A0D1D3,N152CD,SR22,CIRRUS SR-22,L1P,L
A0D4D3,N1526M,BE58,BEECH 58 Baron,L2P,L
A0D8D3,N1538Q,BALL,,B0-,-
A0D9D3,N154J,EFOX,AEROPRO Eurofox,L1P,L
A0DBD3,N1543G,C421,CESSNA 421 Executive Commuter,L2P,L
A0DCD3,N155AS,UH1,BELL UH-1 Huey,H1T,L
A0DFD3,N1555K,L8,LUSCOMBE 8,L1P,L
A0E2D3,N1560B,L8,LUSCOMBE 8,L1P,L
A0E3D3,N1567N,BE58,BEECH 58 Baron,L2P,L
A0E6D3,N1572E,PA32,PIPER PA-32,L1P,L
A0E7D3,N1579R,AA5,AMERICAN AA-5 Tiger,L1P,L
A0EBD3,N159CC,PA11,PIPER PA-11 Cub Special,L1P,L
A0EFD3,N16FA,DA42,DIAMOND DA-42 Guardian,L2P,L
A0F0D3,N16RG,CH7B,BELLANCA 7 Citabria,L1P,L
A0F1D3,N160BM,RV6,VANS RV-6,L1P,L
A0F2D3,N160MT,MUS2,BUSHBY M-2 Mustang 2,L1P,L
A0F8D3,N16178,E45X,EMBRAER ERJ-145XR,L2J,M
A0FCD3,N163A,,,,
A0FDD3,N163LF,P180,PIAGGIO P-180 Avanti,L2T,L
A0FFD3,N16343,,,,
A101D3,N164PD,RV6,VANS RV-6,L1P,L
A105D3,N165SB,PA11,PIPER PA-11 Cub Special,L1P,L
A109D3,N166V,ZZZZ,,-0-,-
A10BD3,N167BL,NG5,BRM AERO NG-5/6 Bristell,L1P,L
A10CD3,N167MS,RF6,FOURNIER RF-6,L1P,L
A116D3,N17,BE9L,BEECH 90 King Air,L2T,L
A118D3,N17WL,WHIL,WHITE LIGHTNING WLAC-1,L1P,L
A11BD3,N1702H,P28A,PIPER PA-28-140/150/160/180,L1P,L
A120D3,N172CF,C172,CESSNA 172 Skyhawk,L1P,L
A123D3,N1726P,PA22,PIPER PA-22,L1P,L
A126D3,N1731F,C172,CESSNA 172 Skyhawk,L1P,L
A127D3,N1738S,C172,CESSNA 172 Skyhawk,L1P,L
A12AD3,N1743J,P28A,PIPER PA-28-140/150/160/180,L1P,L
A12CD3,N175M,C175,CESSNA 175 Skylark,L1P,L
A134D3,N177SW,BE36,BEECH 36 Bonanza,L1P,L
A139D3,N1784K,L8,LUSCOMBE 8,L1P,L
A13ED3,N18FC,B06,BELL 206 JetRanger,H1T,L
A13FD3,N18RJ,PA23,PIPER PA-23,L2P,L
A140D3,N180BP,P180,PIAGGIO P-180 Avanti,L2T,L
A146D3,N1810Z,C210,CESSNA 201 Centurion,L1P,L
A147D3,N1818,C180,CESSNA  180 Skywagon,L1P,L
A149D3,N182TR,C82S,CESSNA T182 Turbo Skylane,L1P,L
A14AD3,N18222,C150,CESSNA 150,L1P,L
A14DD3,N183WP,TBM7,SOCATA TBM-700A/B/C,L1T,L
A14ED3,N18345,TAYA,TAYLORCRAFT A,L1P,L
A14FD3,N184D,BE30,BEECH 300 Super King Air,L2T,L
A154D3,N185SD,AS50,AEROSPATIALE AS-350 Ecureuil,H1T,L
A155D3,N18510,C177,CESSNA  177 Cardinal,L1P,L
A158D3,N186VB,BE58,BEECH 58 Baron,L2P,L
A164D3,N18921,,,,
A165D3,N19AA,ECHO,TECNAM P-92 Echo,L1P,L
A166D3,N19LG,HUSK,CHRISTEN Husky,L1P,L
A167D3,N19WN,H60,SIKORSKY UH-60 Black Hawk,H2T,M
A168D3,N190GT,TB20,SOCATA TB-20 Trinidad,L1P,L
A16AD3,N1902K,L8,LUSCOMBE 8,L1P,L
A16BD3,N1909W,,,,
A16FD3,N192CH,,,,
A175D3,N1931H,C172,CESSNA 172 Skyhawk,L1P,L
A179D3,N1943L,BE23,BEECH 23 Sundowner,L1P,L
A17AD3,N195AW,B190,BEECH 1900,L2T,M
A17DD3,N1955P,PA18,PIPER PA-18 Super Cub,L1P,L
A180D3,N1960F,C172,CESSNA 172 Skyhawk,L1P,L
A181D3,N1967S,C172,CESSNA 172 Skyhawk,L1P,L
A182D3,N197GS,ULAC,,L0-,-
A183D3,N197SY,E75L,EMBRAER ERJ-170-200 (long wing),L2J,M
A185D3,N1979V,C120,CESSNA 120,L1P,L
A189D3,N199CG,BE9L,BEECH 90 King Air,L2T,L
A18DD3,N2FE,GLEX,BOMBARDIER BD-700 Global 6000/6500,L2J,M
A18ED3,N2RL,PTS1,PITTS S-1 Special,L1P,L
A18FD3,N20BR,C180,CESSNA  180 Skywagon,L1P,L
A191D3,N20YC,F2TH,DASSAULT Falcon 2000,L2J,M
A192D3,N200JH,RV6,VANS RV-6,L1P,L
A193D3,N200UP,EC35,AIRBUS HELICOPTERS EC-135/635,H2T,L
A194D3,N2003Q,C77R,CESSNA 177RG Cardinal RG,L1P,L
A195D3,N201B,BE35,BEECH 35 Starfire Bonanza,L1P,L
A196D3,N201MF,M20P,MOONEY M-20,L1P,L
A198D3,N2015T,BE33,BEECH 33 Bonanza,L1P,L
A19CD3,N2027W,BE35,BEECH 35 Starfire Bonanza,L1P,L
A1A0D3,N2039Z,C150,CESSNA 150,L1P,L
A1A2D3,N204W,BE30,BEECH 300 Super King Air,L2T,L
A1A3D3,N2044R,C182,CESSNA 182 Skylane,L1P,L
A1A4D3,N205CL,C210,CESSNA 201 Centurion,L1P,L
A1A6D3,N205YY,C25A,CESSNA 525A Citation CJ2,L2J,L
A1A7D3,N2056U,M4,MAULE M-4,L1P,L
A1AAD3,N2061L,AT6T,AIR TRACTOR AT-602,L1T,L
A1ACD3,N207JG,AC50,NORTH AMERICAN ROCKWELL Commander 500,L2P,L
A1B0D3,N208ME,N110,NORD Noralpha,L1P,L
A1B2D3,N2085S,T210,CESSNA T210 Turbo Centurion,L1P,L
A1B6D3,N2097V,C120,CESSNA 120,L1P,L
A1B7D3,N21GV,C25B,CESSNA 525B Citation CJ3,L2J,L
A1B8D3,N21TA,P28B,PIPER PA-28-201T/235/236,L1P,L
A1B9D3,N210DF,T210,CESSNA T210 Turbo Centurion,L1P,L
A1BAD3,N210PM,C510,CESSNA 510 Citation Mustang,L2J,L
A1BCD3,N2107D,P28A,PIPER PA-28-140/150/160/180,L1P,L
A1BED3,N211SK,PA34,PIPER PA-34 Seneca,L2P,L
A1C0D3,N2119G,C182,CESSNA 182 Skylane,L1P,L
A1C1D3,N212KB,RV8,VANS RV-8,L1P,L
A1C3D3,N21239,TAYB,TAYLORCRAFT BC/BF/BL,L1P,L
A1C5D3,N213N,C172,CESSNA 172 Skyhawk,L1P,L
A1C8D3,N214ES,C182,CESSNA 182 Skylane,L1P,L
A1CAD3,N21404,C182,CESSNA 182 Skylane,L1P,L
A1CBD3,N2148E,C172,CESSNA 172 Skyhawk,L1P,L
A1CDD3,N215TW,COZY,CO-Z Cozy,L1P,L
A1CFD3,N216AG,CRJ7,BOMBARDIER Regional Jet CRJ-700,L2J,M
A1D2D3,N2165,AJET,DASSAULT-DORNIER Alpha Jet,L2J,M
A1D6D3,N2177C,C177,CESSNA  177 Cardinal,L1P,L
A1D8D3,N218SJ,LAMA,AEROSPATIALE SA-315 Lama,H1T,L
A1DBD3,N219KA,SF34,SAAB 340,L2T,M
A1DDD3,N21938,C150,CESSNA 150,L1P,L
A1DED3,N22BT,BLKS,AIRCRAFT SPRUCE Baby Lakes,L1P,L
A1DFD3,N22MZ,MU2,MITSUBISHI MU-2 Marquise,L2T,L
A1E1D3,N220JK,CH7A,BELLANCA 7 Champion,L1P,L
A1E4D3,N221BB,M20P,MOONEY M-20,L1P,L
A1E5D3,N221MH,RV6,VANS RV-6,L1P,L
A1EBD3,N2227Y,C177,CESSNA  177 Cardinal,L1P,L
A1EED3,N2232Q,P28B,PIPER PA-28-201T/235/236,L1P,L
A1F1D3,N224WB,ULAC,,L0-,-
A1F2D3,N2244T,C82R,CESSNA R182 Skylane RG,L1P,L
A1F5D3,N225Z,AC11,NORTH AMERICAN ROCKWELL Commander 112/114,L1P,L
A1F8D3,N226RS,GLF4,GULFSTREAM 4,L2J,M
A1F9D3,N2261N,BOLT,STEEN Skybolt,L1P,L
A1FAD3,N2268Z,ST75,STEARMAN Kaydet,L1P,L
A1FED3,N228BA,G280,GULFSTREAM G280,L2J,M
A206D3,N23GX,L39,LET L-39 Albatros,L1J,L
A207D3,N23TC,BE20,BEECH 200 Super King Air,L2T,M
A208D3,N230DH,HROC,HARMON Rocket,L1P,L
A20BD3,N2307F,C210,CESSNA 201 Centurion,L1P,L
A20DD3,N231SM,M20P,MOONEY M-20,L1P,L
A20FD3,N2319J,PA18,PIPER PA-18 Super Cub,L1P,L
A212D3,N2324A,BE36,BEECH 36 Bonanza,L1P,L
A216D3,N2336D,C170,CESSNA 170,L1P,L
A217D3,N234EU,GALX,GULFSTREAM G200,L2J,M
A21AD3,N2348G,C182,CESSNA 182 Skylane,L1P,L
A221D3,N2365B,GC1,GLOBE Swift,L1P,L
A222D3,N237DG,COZY,CO-Z Cozy,L1P,L
A225D3,N2377E,C172,CESSNA 172 Skyhawk,L1P,L
A228D3,N23817,TAYB,TAYLORCRAFT BC/BF/BL,L1P,L
A229D3,N2389H,ERCO,AIR PRODUCTS F-1 Aircoupe,L1P,L
A22CD3,N2394,SA30,STOLP Starduster Too,L1P,L
A22ED3,N24NA,P28A,PIPER PA-28-140/150/160/180,L1P,L
A230D3,N240JM,RV6,VANS RV-6,L1P,L
A232D3,N2403U,C172,CESSNA 172 Skyhawk,L1P,L
A233D3,N241BD,RV6,VANS RV-6,L1P,L
A237D3,N242EB,PA32,PIPER PA-32,L1P,L
A23BD3,N243H,BE35,BEECH 35 Starfire Bonanza,L1P,L
A23DD3,N2432S,C337,CESSNA 337 Super Skymaster,L2P,L
A23ED3,N24393,TAYB,TAYLORCRAFT BC/BF/BL,L1P,L
A248D3,N2461Q,P28A,PIPER PA-28-140/150/160/180,L1P,L
A249D3,N24681,J4,PIPER J-4 Cub Coupe,L1P,L
A24AD3,N247JL,P180,PIAGGIO P-180 Avanti,L2T,L
A24DD3,N248BC,SR22,CIRRUS SR-22,L1P,L
A251D3,N249EA,BE35,BEECH 35 Starfire Bonanza,L1P,L
A253D3,N2490N,C120,CESSNA 120,L1P,L
A25AD3,N2507H,ERCO,AIR PRODUCTS F-1 Aircoupe,L1P,L
A25CD3,N251SP,H25B,HAWKER BEECHCRAFT Hawker 750/850,L2J,M
A25ED3,N2519L,C172,CESSNA 172 Skyhawk,L1P,L
A260D3,N252VM,M20P,MOONEY M-20,L1P,L
A268D3,N25408,C152,CESSNA 152,L1P,L
A26ED3,N256LS,RV8,VANS RV-8,L1P,L
A276D3,N258SN,B744,BOEING 747-400,L4J,H
A27FD3,N260JP,PTS2,PITTS S-2 Special,L1P,L
A281D3,N2603W,M20P,MOONEY M-20,L1P,L
A283D3,N261MM,M7,MAULE M-7,L1P,L
A285D3,N2615Z,C210,CESSNA 201 Centurion,L1P,L
A288D3,N2620R,PARA,,P0-,-
A28AD3,N263HB,SR20,CIRRUS SR-20,L1P,L
A28BD3,N263TH,C700,CESSNA 700 Citation Longitude,L2J,M
A28ED3,N264L,RV6,VANS RV-6,L1P,L
A28FD3,N264WF,PC12,PILATUS PC-12,L1T,L
A291D3,N265CS,,,,
A294D3,N26560,C421,CESSNA 421 Executive Commuter,L2P,L
A297D3,N2661S,C337,CESSNA 337 Super Skymaster,L2P,L
A298D3,N26683,TAYB,TAYLORCRAFT BC/BF/BL,L1P,L
A29BD3,N2673V,C77R,CESSNA 177RG Cardinal RG,L1P,L
A2A2D3,N2690Q,C172,CESSNA 172 Skyhawk,L1P,L
A2A5D3,N27TG,C82R,CESSNA R182 Skylane RG,L1P,L
A2A6D3,N270DM,C82T,CESSNA TR182 Turbo Skylane RG,L1P,L
A2A9D3,N2707K,L8,LUSCOMBE 8,L1P,L
A2ABD3,N271SR,SR22,CIRRUS SR-22,L1P,L
A2B1D3,N273C,HDJT,HONDA HondaJet,L2J,L
A2B2D3,N273NF,SR22,CIRRUS SR-22,L1P,L
A2B6D3,N274RD,AS29,SCHLEICHER ASG-29,L1P,L
A2B8D3,N2748L,C172,CESSNA 172 Skyhawk,L1P,L
A2BBD3,N2753C,,,,
A2BFD3,N2765F,C182,CESSNA 182 Skylane,L1P,L
A2C0D3,N277DL,RV7,VANS RV-7,L1P,L
A2C1D3,N277PS,DA40,DIAMOND DA-40 Club Star,L1P,L
A2C3D3,N2777J,C185,CESSNA 185 Skywagon,L1P,L
A2C4D3,N278GJ,VELO,Velocity,L1P,L
A2C7D3,N2789M,PA12,PIPER PA-12 Super Cruiser,L1P,L
A2CAD3,N2794D,C170,CESSNA 170,L1P,L
A2CBD3,N28BZ,,,,
A2CCD3,N28NE,R22,ROBINSON R-22 Mariner,H1P,L
A2CED3,N280JR,G280,GULFSTREAM G280,L2J,M
A2D4D3,N28151,J5,PIPER J-5 Cub Cruiser,L1P,L
A2D8D3,N28274,AA5,AMERICAN AA-5 Tiger,L1P,L
A2DBD3,N2832W,S05R,SIAI-MARCHETTI S-205-22R,L1P,L
A2E1D3,N285P,P28A,PIPER PA-28-140/150/160/180,L1P,L
A2E7D3,N28685,FA24,FAIRCHILD F-24 Argus,L1P,L
A2EAD3,N2873X,PA32,PIPER PA-32,L1P,L
A2F1D3,N2890S,C150,CESSNA 150,L1P,L
A2F2D3,N28973,HUSK,CHRISTEN Husky,L1P,L
A2F4D3,N29TJ,B14A,BELLANCA 14,L1P,L
A2F7D3,N2900A,C180,CESSNA  180 Skywagon,L1P,L
A2F8D3,N2907M,PA12,PIPER PA-12 Super Cruiser,L1P,L
A2FAD3,N219ST,M600,PIPER PA-46-600TP,L1T,L
A2FCD3,N2919Q,P28R,PIPER PA-28R-180/200/201,L1P,L
A304D3,N294F,G2T1,GREAT LAKES 2T-1,L1P,L
A306D3,N2941B,P28B,PIPER PA-28-201T/235/236,L1P,L
A30AD3,N2953E,C172,CESSNA 172 Skyhawk,L1P,L
A312D3,N2977L,M20P,MOONEY M-20,L1P,L
A315D3,N2982C,C180,CESSNA  180 Skywagon,L1P,L
A316D3,N2989P,LA4,LAKE LA-4/200,A1P,L
A317D3,N299KJ,C172,CESSNA 172 Skyhawk,L1P,L
A31CD3,N3YN,C180,CESSNA  180 Skywagon,L1P,L
A31FD3,N300FD,C402,CESSNA 402 Businessliner,L2P,L
A320D3,N300RK,LNC2,LANCAIR 200-320,L1P,L
A322D3,N3008S,,,,
A323D3,N301JB,RV8,VANS RV-8,L1P,L
A325D3,N3013J,RV8,VANS RV-8,L1P,L
A329D3,N3025M,PA12,PIPER PA-12 Super Cruiser,L1P,L
A32AD3,N303DS,DA40,DIAMOND DA-40 Club Star,L1P,L
A32CD3,N3030D,BE36,BEECH 36 Bonanza,L1P,L
A32DD3,N3037Q,C182,CESSNA 182 Skylane,L1P,L
A332D3,N305KN,GLF6,GULFSTREAM G650,L2J,M
A334D3,N3054K,PA34,PIPER PA-34 Seneca,L2P,L
A338D3,N3066N,AT6T,AIR TRACTOR AT-602,L1T,L
A33AD3,N307RJ,T206,CESSNA T206 Turbo Stationair,L1P,L
A33BD3,N3071E,CH7A,BELLANCA 7 Champion,L1P,L
A33CD3,N3078R,P28R,PIPER PA-28R-180/200/201,L1P,L
A33DD3,N308JA,S22T,CIRRUS SR-22T Turbo,L1P,L
A33FD3,N3083H,BE36,BEECH 36 Bonanza,L1P,L
A347D3,N310LH,C310,CESSNA 310,L2P,L
A348D3,N310WP,C310,CESSNA 310,L2P,L
A34AD3,N311D,RV8,VANS RV-8,L1P,L
A34BD3,N311PF,PA11,PIPER PA-11 Cub Special,L1P,L
A34FD3,N312SD,AS50,AEROSPATIALE AS-350 Ecureuil,H1T,L
A352D3,N313JW,C182,CESSNA 182 Skylane,L1P,L
A353D3,N313VB,SR22,CIRRUS SR-22,L1P,L
A355D3,N314BN,,,,
A357D3,N314Y,PTS1,PITTS S-1 Special,L1P,L
A358D3,N31456,PTS2,PITTS S-2 Special,L1P,L
A35AD3,N315QS,C680,CESSNA 680 Citation Sovereign,L2J,M
A35DD3,N316HJ,S22T,CIRRUS SR-22T Turbo,L1P,L
A363D3,N31744,BALL,,B0-,-
A369D3,N319SC,CRUZ,CSA PS-28 Cruiser,L1P,L
A36AD3,N3191Z,PA18,PIPER PA-18 Super Cub,L1P,L
A36CD3,N32JV,MUS2,BUSHBY M-2 Mustang 2,L1P,L
A36DD3,N32VA,C182,CESSNA 182 Skylane,L1P,L
A36FD3,N320RM,C340,CESSNA 340 Super,L2P,L
A370D3,N3201H,ERCO,AIR PRODUCTS F-1 Aircoupe,L1P,L
A371D3,N3208U,C182,CESSNA 182 Skylane,L1P,L
A372D3,N321JD,RV10,VANS RV-10,L1P,L
A37BD3,N3230F,M20P,MOONEY M-20,L1P,L
A383D3,N3254M,PA12,PIPER PA-12 Super Cruiser,L1P,L
A384D3,N326CG,BD4,BEDE BD-4,L1P,L
A387D3,N3266Q,BE36,BEECH 36 Bonanza,L1P,L
A38AD3,N3271G,BE36,BEECH 36 Bonanza,L1P,L
A38BD3,N3278T,P28A,PIPER PA-28-140/150/160/180,L1P,L
A38CD3,N328JC,,,,
A390D3,N329MA,C82S,CESSNA T182 Turbo Skylane,L1P,L
A393D3,N33DT,C25A,CESSNA 525A Citation CJ2,L2J,L
A394D3,N33PZ,P28A,PIPER PA-28-140/150/160/180,L1P,L
A398D3,N33047,P28R,PIPER PA-28R-180/200/201,L1P,L
A39AD3,N331PH,P28B,PIPER PA-28-201T/235/236,L1P,L
A39FD3,N33212,C77R,CESSNA 177RG Cardinal RG,L1P,L
A3AAD3,N33500,,,,
A3ABD3,N3358A,BE35,BEECH 35 Starfire Bonanza,L1P,L
A3AED3,N33623,DC3,DOUGLAS DC-3 Dakota,L2P,M
A3AFD3,N337AC,AS50,AEROSPATIALE AS-350 Ecureuil,H1T,L
A3B2D3,N33746,P28A,PIPER PA-28-140/150/160/180,L1P,L
A3BCD3,N34VC,FOX,KITFOX,L1P,L
A3BED3,N340RP,C340,CESSNA 340 Super,L2P,L
A3C5D3,N342MD,RV4,VANS RV-4,L1P,L
A3CAD3,N3430H,ERCO,AIR PRODUCTS F-1 Aircoupe,L1P,L
A3D0D3,N345KS,GLST,GLASAIR SH-4 GlaStar,L1P,L
A3D3D3,N346CJ,SF34,SAAB 340,L2T,M
A3D6D3,N3466S,C182,CESSNA 182 Skylane,L1P,L
A3D9D3,N3471J,C150,CESSNA 150,L1P,L
A3DAD3,N3478V,C150,CESSNA 150,L1P,L
A3DDD3,N3483M,PA12,PIPER PA-12 Super Cruiser,L1P,L
A3DED3,N349AX,HUNT,HAWKER Hunter,L1J,M
A3E1D3,N3495Q,C320,CESSNA 320 Skyknight,L2P,L
A3E2D3,N35DV,ULAC,,L0-,-
A3E4D3,N350AF,B350,BEECHCRAFT Super King Air 350,L2T,M
A3E6D3,N350WT,PA46,PIPER PA-46-310/350,L1P,L
A3E7D3,N35049,C77R,CESSNA 177RG Cardinal RG,L1P,L
A3E8D3,N351DD,B350,BEECHCRAFT Super King Air 350,L2T,M
A3ECD3,N352GB,C77R,CESSNA 177RG Cardinal RG,L1P,L
A3EDD3,N352SH,YK52,YAKOVLEV Yak-52,L1P,L
A3EED3,N35214,J3,PIPER J-3 Cub,L1P,L
A3EFD3,N3529E,CH7A,BELLANCA 7 Champion,L1P,L
A3F0D3,N353K,LJ45,LEARJET 45,L2J,M
A3F2D3,N35337,C172,CESSNA 172 Skyhawk,L1P,L
A3F3D3,N354BS,T210,CESSNA T210 Turbo Centurion,L1P,L
A3F6D3,N3546,GLF5,GULFSTREAM 5,L2J,M
A3F9D3,N35502,C172,CESSNA 172 Skyhawk,L1P,L
A3FFD3,N357LL,A119,AGUSTA AW-119 Koala,H1T,L
A400D3,N357WS,DG80,DG FLUGZEUGBAU DG-800,L1P,L
A401D3,N35748,C172,CESSNA 172 Skyhawk,L1P,L
A402D3,N358DC,DV20,DIAMOND DA-20,L1P,L
A408D3,N35913,C77R,CESSNA 177RG Cardinal RG,L1P,L
A409D3,N3599D,LAMA,AEROSPATIALE SA-315 Lama,H1T,L
A40AD3,N36JZ,BE36,BEECH 36 Bonanza,L1P,L
A40DD3,N360RR,P2,LOCKHEED Neptune,L2P,M
A40ED3,N3601M,BALL,,B0-,-
A40FD3,N3608Y,BALL,,B0-,-
A411D3,N361UP,B763,BOEING 767-300,L2J,H
A412D3,N3613Q,BE23,BEECH 23 Sundowner,L1P,L
A416D3,N3625T,H269,HUGHES Sky Knight,H1P,L
A41AD3,N3637W,PA32,PIPER PA-32,L1P,L
A41BD3,N364GW,C172,CESSNA 172 Skyhawk,L1P,L
A41CD3,N364TB,CRER,RANS Courier,L1P,L
A420D3,N365W,LNP4,LANCAIR PropJet 4,L1T,L
A421D3,N3654R,P28A,PIPER PA-28-140/150/160/180,L1P,L
A428D3,N3671L,C172,CESSNA 172 Skyhawk,L1P,L
A42ED3,N369ME,C206,CESSNA  206 Stationair,L1P,L
A430D3,N3695S,C172,CESSNA 172 Skyhawk,L1P,L
A438D3,N371PM,SR22,CIRRUS SR-22,L1P,L
A443D3,N374N,E50P,EMBRAER EMB-500 Phenom 100,L2J,L
A448D3,N37504,B39M,BOEING 737 MAX 9,L2J,M
A449D3,N3758E,AR11,AERONCA 11 Chief,L1P,L
A44DD3,N377AG,F2TH,DASSAULT Falcon 2000,L2J,M
A454D3,N3787C,L5,STINSON Sentinel,L1P,L
A458D3,N3799F,C172,CESSNA 172 Skyhawk,L1P,L
A45AD3,N38VG,B427,BELL 427,H2T,L
A45DD3,N3801P,PA22,PIPER PA-22,L1P,L
A45ED3,N38080,J4,PIPER J-4 Cub Coupe,L1P,L
A461D3,N3813S,C172,CESSNA 172 Skyhawk,L1P,L
A462D3,N382BB,UHEL,,H0-,-
A466D3,N383E,PA18,PIPER PA-18 Super Cub,L1P,L
A469D3,N3837Y,C210,CESSNA 201 Centurion,L1P,L
A46AD3,N384GY,,,,
A46CD3,N3842Q,C172,CESSNA 172 Skyhawk,L1P,L
A46DD3,N38491,J3,PIPER J-3 Cub,L1P,L
A46ED3,N385KW,DRON,,D0-,-
A474D3,N3866W,PA32,PIPER PA-32,L1P,L
A476D3,N387RS,SONX,SONEX AIRCRAFT Sonex,L1P,L
A478D3,N3878Z,PA18,PIPER PA-18 Super Cub,L1P,L
A47BD3,N3883R,C172,CESSNA 172 Skyhawk,L1P,L
A47CD3,N389BA,GLID,,L0-,-
A480D3,N39DZ,ULAC,,L0-,-
A485D3,N3905C,C150,CESSNA 150,L1P,L
A489D3,N3917F,C172,CESSNA 172 Skyhawk,L1P,L
A48BD3,N392SM,C25A,CESSNA 525A Citation CJ2,L2J,L
A490D3,N3934A,AS50,AEROSPATIALE AS-350 Ecureuil,H1T,L
A495D3,N395EU,BE36,BEECH 36 Bonanza,L1P,L
A497D3,N39506,P32R,PIPER PA-32R-300/301/301T,L1P,L
A49FD3,N3975B,ST75,STEARMAN Kaydet,L1P,L
A4A5D3,N399SL,RV14,VANS RV-14,L1P,L
A4A6D3,N39917,TAYB,TAYLORCRAFT BC/BF/BL,L1P,L
A4A7D3,N3999H,BALL,,B0-,-
A4A8D3,N4KC,GLID,,L0-,-
A4A9D3,N4VJ,C182,CESSNA 182 Skylane,L1P,L
A4AFD3,N4006H,M20P,MOONEY M-20,L1P,L
A4B6D3,N4023C,S108,STINSON 108 Voyager,L1P,L
A4B7D3,N403AN,A21N,AIRBUS A-321neo,L2J,M
A4B9D3,N403X,M5,MAULE M-5,L1P,L
A4BAD3,N4035F,C172,CESSNA 172 Skyhawk,L1P,L
A4BED3,N4047J,L29,AERO L-29 Delfin,L1J,L
A4BFD3,N405GJ,LJ35,LEARJET 35,L2J,M
A4C1D3,N4052A,CB1,HATZ CB-1 Classic,L1P,L
A4C9D3,N4076G,EXEC,ROTORWAY Exec,H1P,L
A4CFD3,N409UA,A320,AIRBUS A-320,L2J,M
A4D1D3,N41AM,C172,CESSNA 172 Skyhawk,L1P,L
A4D2D3,N41LT,SA30,STOLP Starduster Too,L1P,L
A4D6D3,N4102W,PA32,PIPER PA-32,L1P,L
A4D7D3,N41097,,,,
A4D8D3,N411LB,BALL,,B0-,-
A4DBD3,N412CU,PC12,PILATUS PC-12,L1T,L
A4DCD3,N412P,B407,BELL 407,H1T,L
A4DED3,N41262,P28A,PIPER PA-28-140/150/160/180,L1P,L
A4E1D3,N4131U,P28A,PIPER PA-28-140/150/160/180,L1P,L
A4E5D3,N4143X,VO10,NORTH AMERICAN ROCKWELL Commander 100,L1P,L
A4E9D3,N41550,P28A,PIPER PA-28-140/150/160/180,L1P,L
A4ECD3,N4160S,DV20,DIAMOND DA-20,L1P,L
A4EED3,N417HC,CL30,BOMBARDIER BD-100 Challenger 300,L2J,M
A4F0D3,N4172V,C170,CESSNA 170,L1P,L
A4F2D3,N418LA,B763,BOEING 767-300,L2J,H
A4F5D3,N419CT,SF50,CIRRUS SF-50 Vision,L1J,L
A4F8D3,N41961,L8,LUSCOMBE 8,L1P,L
A4F9D3,N42FR,,,,
A4FBD3,N420CB,MT,ROTORSPORT MTOSport,G1P,L
A4FCD3,N420NH,HDJT,HONDA HondaJet,L2J,L
A4FDD3,N420YP,EXEC,ROTORWAY Exec,H1P,L
A500D3,N421RF,COY2,RANS Coyote 2,L1P,L
A501D3,N4211B,BE35,BEECH 35 Starfire Bonanza,L1P,L
A505D3,N4223E,CH7A,BELLANCA 7 Champion,L1P,L
A509D3,N4235H,M20P,MOONEY M-20,L1P,L
A50DD3,N4247L,,,,
A50FD3,N425SS,,,,
A511D3,N4259P,PA23,PIPER PA-23,L2P,L
A514D3,N4264F,T18,THORP Tiger,L1P,L
A515D3,N427CA,C310,CESSNA 310,L2P,L
A518D3,N4276J,P28A,PIPER PA-28-140/150/160/180,L1P,L
A51CD3,N4288M,PA12,PIPER PA-12 Super Cruiser,L1P,L
A520D3,N43AP,C172,CESSNA 172 Skyhawk,L1P,L
A521D3,N43LV,BE36,BEECH 36 Bonanza,L1P,L
A524D3,N430TM,EC35,AIRBUS HELICOPTERS EC-135/635,H2T,L
A525D3,N4302Y,PA23,PIPER PA-23,L2P,L
A526D3,N43099,P28A,PIPER PA-28-140/150/160/180,L1P,L
A529D3,N43141,P28A,PIPER PA-28-140/150/160/180,L1P,L
A52AD3,N432CW,PA31,PIPER PA-31-300/310/325/350/425,L2P,L
A52DD3,N43264,TAYB,TAYLORCRAFT BC/BF/BL,L1P,L
A52FD3,N433S,BE35,BEECH 35 Starfire Bonanza,L1P,L
A530D3,N4331W,BE58,BEECH 58 Baron,L2P,L
A534D3,N4343Z,PA18,PIPER PA-18 Super Cub,L1P,L
A53BD3,N4360U,,,,
A53CD3,N43675,FOX,KITFOX,L1P,L
A53FD3,N4372X,P28A,PIPER PA-28-140/150/160/180,L1P,L
A540D3,N43798,P28R,PIPER PA-28R-180/200/201,L1P,L
A545D3,N439PA,,,,
A547D3,N43963,TAYB,TAYLORCRAFT BC/BF/BL,L1P,L
A548D3,N44FT,P28A,PIPER PA-28-140/150/160/180,L1P,L
A549D3,N44RZ,GLID,,L0-,-
A54AD3,N440CD,SR22,CIRRUS SR-22,L1P,L
A54DD3,N4406M,PA12,PIPER PA-12 Super Cruiser,L1P,L
A54FD3,N441RH,R44,ROBINSON R-44 Raven,H1P,L
A555D3,N443AS,R44,ROBINSON R-44 Raven,H1P,L
A558D3,N4435K,NAVI,NORTH AMERICAN Navion,L1P,L
A55AD3,N444PW,E230,EXTRA EA-230,L1P,L
A55BD3,N4440B,BL17,BELLANCA 17 Viking,L1P,L
A55FD3,N4452E,CH7A,BELLANCA 7 Champion,L1P,L
A563D3,N4464H,PA15,PIPER PA-15 Vagabond,L1P,L
A567D3,N4476L,C172,CESSNA 172 Skyhawk,L1P,L
A56ED3,N4493F,P28A,PIPER PA-28-140/150/160/180,L1P,L
A573D3,N450TP,T206,CESSNA T206 Turbo Stationair,L1P,L
A575D3,N451A,LJ45,LEARJET 45,L2J,M
A578D3,N45143,C150,CESSNA 150,L1P,L
A57AD3,N452PD,C82S,CESSNA T182 Turbo Skylane,L1P,L
A57ED3,N453SB,F2TH,DASSAULT Falcon 2000,L2J,M
A58BD3,N45677,C77R,CESSNA 177RG Cardinal RG,L1P,L
A58FD3,N458,SA30,STOLP Starduster Too,L1P,L
A592D3,N45842,L8,LUSCOMBE 8,L1P,L
A594D3,N459PC,PC12,PILATUS PC-12,L1T,L
A596D3,N45965,L8,LUSCOMBE 8,L1P,L
A598D3,N46SA,SW3,SWEARINGEN Merlin 3,L2T,L
A59ED3,N461RK,,,,
A59FD3,N4611F,C206,CESSNA  206 Stationair,L1P,L
A5A1D3,N462JB,C82T,CESSNA TR182 Turbo Skylane RG,L1P,L
A5A3D3,N4623J,P28R,PIPER PA-28R-180/200/201,L1P,L
A5A5D3,N463M,C182,CESSNA 182 Skylane,L1P,L
A5A8D3,N464DS,DA40,DIAMOND DA-40 Club Star,L1P,L
A5ABD3,N4647Q,RV7,VANS RV-7,L1P,L
A5ADD3,N465SW,CRJ2,BOMBARDIER Regional Jet CRJ-200,L2J,M
A5AED3,N4652G,C172,CESSNA 172 Skyhawk,L1P,L
A5B2D3,N4664K,CH7A,BELLANCA 7 Champion,L1P,L
A5B9D3,N4681E,AR11,AERONCA 11 Chief,L1P,L
A5BAD3,N4688R,P28A,PIPER PA-28-140/150/160/180,L1P,L
A5BED3,N47AT,PA15,PIPER PA-15 Vagabond,L1P,L
A5C8D3,N472D,C172,CESSNA 172 Skyhawk,L1P,L
A5CBD3,N47268,C152,CESSNA 152,L1P,L
A5CDD3,N473SD,H500,HUGHES 500,H1T,L
A5D0D3,N474JW,RV8,VANS RV-8,L1P,L
A5D1D3,N474VB,E55P,EMBRAER EMB-505 Phenom 300,L2J,M
A5D6D3,N47556,,,,
A5E0D3,N478WN,B737,BOEING 737-700,L2J,M
A5E1D3,N47844,PTS2,PITTS S-2 Special,L1P,L
A5E8D3,N480CH,B737,BOEING 737-700,L2J,M
A5EED3,N4811H,PA17,PIPER PA-17 Vagabond Trainer,L1P,L
A5F2D3,N4823L,C152,CESSNA 152,L1P,L
A5FDD3,N4852J,BE35,BEECH 35 Starfire Bonanza,L1P,L
A601D3,N4864M,PA11,PIPER PA-11 Cub Special,L1P,L
A603D3,N487NN,BE20,BEECH 200 Super King Air,L2T,M
A609D3,N4888T,P28A,PIPER PA-28-140/150/160/180,L1P,L
A60ED3,N49MA,B06,BELL 206 JetRanger,H1T,L
A612D3,N49024,C152,CESSNA 152,L1P,L
A61AD3,N4927,SR22,CIRRUS SR-22,L1P,L
A61DD3,N49312,PTS1,PITTS S-1 Special,L1P,L
A61ED3,N4939C,C210,CESSNA 201 Centurion,L1P,L
A624D3,N495YB,RV12,VANS RV-12,L1P,L
A629D3,N4968A,C180,CESSNA  180 Skywagon,L1P,L
A639D3,N50YX,WAIX,SONEX Waiex,L1P,L
A63BD3,N500VH,EA50,ECLIPSE 550,L2J,L
A63ED3,N501N,F2TH,DASSAULT Falcon 2000,L2J,M
A643D3,N50204,PARA,,P0-,-
A646D3,N503TW,UH1,BELL UH-1 Huey,H1T,L
A64CD3,N505DE,FA50,DASSAULT Falcon 50,L3J,M
A64DD3,N505PL,ASTR,GULFSTREAM AEROSPACE Gulfstream G100,L2J,M
A64FD3,N5057C,BL8,BELLANCA 8 Decathlon,L1P,L
A652D3,N50615,CH7B,BELLANCA 7 Citabria,L1P,L
A653D3,N5069F,CH7A,BELLANCA 7 Champion,L1P,L
A656D3,N50738,AT6T,AIR TRACTOR AT-602,L1T,L
A65AD3,N5086A,T210,CESSNA T210 Turbo Centurion,L1P,L
A65DD3,N50903,ULAC,,L0-,-
A661D3,N510E,,,,
A664D3,N5107Y,C82S,CESSNA T182 Turbo Skylane,L1P,L
A66AD3,N512WB,PC12,PILATUS PC-12,L1T,L
A66BD3,N5124T,CH7A,BELLANCA 7 Champion,L1P,L
A66DD3,N513NU,PA25,PIPER PA-25 Pawnee,L1P,L
A66ED3,N513Z,SR22,CIRRUS SR-22,L1P,L
A66FD3,N5136W,P28A,PIPER PA-28-140/150/160/180,L1P,L
A670D3,N514FL,P28A,PIPER PA-28-140/150/160/180,L1P,L
A671D3,N514RS,BE20,BEECH 200 Super King Air,L2T,M
A676D3,N5153R,C182,CESSNA 182 Skylane,L1P,L
A678D3,N516MG,MM16,MAGNI M-16 Tandem Trainer,G1P,L
A67AD3,N5165U,VELO,Velocity,L1P,L
A67BD3,N517DZ,A359,AIRBUS A-350-900,L2J,H
A67ED3,N5177X,CH7A,BELLANCA 7 Champion,L1P,L
A680D3,N518TC,PA18,PIPER PA-18 Super Cub,L1P,L
A681D3,N5182P,PA24,PIPER PA-24 Comanche,L1P,L
A682D3,N51890,C172,CESSNA 172 Skyhawk,L1P,L
A684D3,N519WA,AC50,NORTH AMERICAN ROCKWELL Commander 500,L2P,L
A68FD3,N5216D,C180,CESSNA  180 Skywagon,L1P,L
A691D3,N522R,DH82,DE HAVILLAND DH-82 Tiger Moth,L1P,L
A692D3,N52206,ST75,STEARMAN Kaydet,L1P,L
A696D3,N52329,C182,CESSNA 182 Skylane,L1P,L
A697D3,N524AJ,DRON,,D0-,-
A69ED3,N5257E,C82R,CESSNA R182 Skylane RG,L1P,L
A6A1D3,N52617,C182,CESSNA 182 Skylane,L1P,L
A6A7D3,N528NA,BE20,BEECH 200 Super King Air,L2T,M
A6A9D3,N5286C,C172,CESSNA 172 Skyhawk,L1P,L
A6AAD3,N529ET,EVOP,LANCAIR Evolution Piston,L1P,L
A6ADD3,N5298F,SS2T,TRUSH Turbo Thrush 500/550,L1T,L
A6B2D3,N5300P,BE23,BEECH 23 Sundowner,L1P,L
A6B3D3,N53070,C172,CESSNA 172 Skyhawk,L1P,L
A6B4D3,N531H,C185,CESSNA 185 Skywagon,L1P,L
A6B6D3,N5312S,C172,CESSNA 172 Skyhawk,L1P,L
A6BAD3,N5324V,C172,CESSNA 172 Skyhawk,L1P,L
A6BED3,N5336Y,C210,CESSNA 201 Centurion,L1P,L
A6C4D3,N535US,B752,BOEING 757-200,L2J,M
A6C5D3,N5353T,C172,CESSNA 172 Skyhawk,L1P,L
A6C6D3,N536BC,BE36,BEECH 36 Bonanza,L1P,L
A6C9D3,N5365W,P28A,PIPER PA-28-140/150/160/180,L1P,L
A6CAD3,N537EA,CRJ7,BOMBARDIER Regional Jet CRJ-700,L2J,M
A6CDD3,N5377Z,PA22,PIPER PA-22,L1P,L
A6D5D3,N54CP,SU29,SUKHOI Su-29,L1P,L
A6D7D3,N54ZA,T206,CESSNA T206 Turbo Stationair,L1P,L
A6DCD3,N541ND,P46T,PIPER PA-46-500TP,L1T,L
A6E1D3,N54208,C172,CESSNA 172 Skyhawk,L1P,L
A6E9D3,N5445D,BE35,BEECH 35 Starfire Bonanza,L1P,L
A6F0D3,N54619,GLID,,L0-,-
A6F1D3,N5469K,C172,CESSNA 172 Skyhawk,L1P,L
A6FCD3,N5498H,C172,CESSNA 172 Skyhawk,L1P,L
A6FED3,N55TZ,BE55,BEECH 55 Baron,L2P,L
A701D3,N5500R,ULAC,,L0-,-
A702D3,N55072,CH7A,BELLANCA 7 Champion,L1P,L
A705D3,N5512U,P28A,PIPER PA-28-140/150/160/180,L1P,L
A707D3,N552L,LEG2,LANCAIR Legacy,L1P,L
A70DD3,N55360,PA32,PIPER PA-32,L1P,L
A711D3,N55483,P28A,PIPER PA-28-140/150/160/180,L1P,L
A712D3,N555JN,RV6,VANS RV-6,L1P,L
A71CD3,N55771,P28A,PIPER PA-28-140/150/160/180,L1P,L
A724D3,N56CR,ULAC,,L0-,-
A729D3,N5604E,C150,CESSNA 150,L1P,L
A72AD3,N561C,PA46,PIPER PA-46-310/350,L1P,L
A731D3,N5628L,BE33,BEECH 33 Bonanza,L1P,L
A734D3,N5633C,C140,CESSNA 140,L1P,L
A738D3,N5645F,P28A,PIPER PA-28-140/150/160/180,L1P,L
A73FD3,N5662A,C172,CESSNA 172 Skyhawk,L1P,L
A74AD3,N56909,ST75,STEARMAN Kaydet,L1P,L
A74BD3,N5698K,BE35,BEECH 35 Starfire Bonanza,L1P,L
A74ED3,N570EF,D328,DORNIER 328,L2T,M
A762D3,N575UW,A321,AIRBUS A-321,L2J,M
A76ED3,N5782V,BE23,BEECH 23 Sundowner,L1P,L
A770D3,N579LA,AT8T,AIR TRACTOR AT-802,L1T,M
A771D3,N579WG,C172,CESSNA 172 Skyhawk,L1P,L
A774D3,N58NZ,BE58,BEECH 58 Baron,L2P,L
A778D3,N5804G,C150,CESSNA 150,L1P,L
A779D3,N581CB,BE58,BEECH 58 Baron,L2P,L
A77CD3,N5816K,BE35,BEECH 35 Starfire Bonanza,L1P,L
A77DD3,N582F,FOX,KITFOX,L1P,L
A785D3,N584LW,S108,STINSON 108 Voyager,L1P,L
A78BD3,N5857L,AA5,AMERICAN AA-5 Tiger,L1P,L
A78CD3,N586GL,DRON,,D0-,-
A793D3,N588CA,P46T,PIPER PA-46-500TP,L1T,L
A794D3,N588NG,PC12,PILATUS PC-12,L1T,L
A79ED3,N590QP,M28,PZL-MIELEC M-28 Skytruck,L2T,M
A79FD3,N5900V,P28A,PIPER PA-28-140/150/160/180,L1P,L
A7A5D3,N592LD,DRON,,D0-,-
A7AED3,N5941W,P28A,PIPER PA-28-140/150/160/180,L1P,L
A7B0D3,N595JS,BE58,BEECH 58 Baron,L2P,L
A7B2D3,N5953Z,PA22,PIPER PA-22,L1P,L
A7B5D3,N596XW,DRON,,D0-,-
A7B6D3,N59652,PA36,PIPER PA-36 Pawnee Brave,L1P,L
A7B9D3,N5970U,P28A,PIPER PA-28-140/150/160/180,L1P,L
A7C2D3,N6CV,P337,CESSNA P337 Skymaster,L2P,L
A7C4D3,N6ZG,PA23,PIPER PA-23,L2P,L
A7C5D3,N60KM,HDJT,HONDA HondaJet,L2J,L
A7C6D3,N60VT,FDCT,FLIGHT DESIGN CT,L1P,L
A7C7D3,N600FY,GLST,GLASAIR SH-4 GlaStar,L1P,L
A7C8D3,N600SD,UH1,BELL UH-1 Huey,H1T,L
A7C9D3,N60010,T50,CESSNA Bobcat,L2P,L
A7CAD3,N6009A,RV9,VANS RV-9,L1P,L
A7CBD3,N601JW,CH60,ZENAIR CH-600 Zodiac,L1P,L
A7CCD3,N601VB,CH60,ZENAIR CH-600 Zodiac,L1P,L
A7D3D3,N603QS,C68A,CESSNA 680 Citation Latitude,L2J,M
A7D4D3,N6030Y,PA23,PIPER PA-23,L2P,L
A7DCD3,N60544,,,,
A7DED3,N606PE,,,,
A7E2D3,N607SC,RV6,VANS RV-6,L1P,L
A7E3D3,N6071Z,AC11,NORTH AMERICAN ROCKWELL Commander 112/114,L1P,L
A7E4D3,N6079,,,,
A7E7D3,N60832,C150,CESSNA 150,L1P,L
A7EBD3,N60955,ST75,STEARMAN Kaydet,L1P,L
A7EED3,N610AW,GLEX,BOMBARDIER BD-700 Global 6000/6500,L2J,M
A7F3D3,N611Q,BE35,BEECH 35 Starfire Bonanza,L1P,L
A7F4D3,N6110F,C210,CESSNA 201 Centurion,L1P,L
A7F8D3,N6122J,P28A,PIPER PA-28-140/150/160/180,L1P,L
A7F9D3,N6129V,BE35,BEECH 35 Starfire Bonanza,L1P,L
A7FDD3,N614CG,PA18,PIPER PA-18 Super Cub,L1P,L
A7FED3,N614NN,CRJ9,BOMBARDIER Regional Jet CRJ-900,L2J,M
A800D3,N6146Q,C152,CESSNA 152,L1P,L
A801D3,N615FE,MD11,MCDONNELL-DOUGLAS MD-11,L3J,H
A804D3,N6158T,C150,CESSNA 150,L1P,L
A805D3,N616JC,,,,
A808D3,N617AV,GA8,GIPPSAERO GA-8 Airvan,L1P,L
A809D3,N617MA,BL8,BELLANCA 8 Decathlon,L1P,L
A80BD3,N6175N,C210,CESSNA 201 Centurion,L1P,L
A80DD3,N618PZ,CH60,ZENAIR CH-600 Zodiac,L1P,L
A80ED3,N6180E,C172,CESSNA 172 Skyhawk,L1P,L
A80FD3,N6187R,T210,CESSNA T210 Turbo Centurion,L1P,L
A811D3,N619SX,ONEX,SONEX Onex,L1P,L
A813D3,N6199U,YK55,YAKOVLEV Yak-55,L1P,L
A815D3,N62VV,DA62,DIAMOND DA-62,L2P,L
A818D3,N62012,SS2T,TRUSH Turbo Thrush 500/550,L1T,L
A819D3,N6209C,T210,CESSNA T210 Turbo Centurion,L1P,L
A81CD3,N62135,SS2T,TRUSH Turbo Thrush 500/550,L1T,L
A823D3,N62300,BE9L,BEECH 90 King Air,L2T,L
A824D3,N6238A,C172,CESSNA 172 Skyhawk,L1P,L
A828D3,N625AC,C560,CESSNA 560 Citation Ultra,L2J,M
A82BD3,N62546,T206,CESSNA T206 Turbo Stationair,L1P,L
A82FD3,N62669,CH7A,BELLANCA 7 Champion,L1P,L
A83ED3,N630MD,SR22,CIRRUS SR-22,L1P,L
A840D3,N6305R,C72R,CESSNA 172R Cutlass RG,L1P,L
A841D3,N631DW,,,,
A843D3,N6310H,J3,PIPER J-3 Cub,L1P,L
A845D3,N632GU,C560,CESSNA 560 Citation Ultra,L2J,M
A846D3,N632T,BE35,BEECH 35 Starfire Bonanza,L1P,L
A847D3,N6322L,,,,
A848D3,N6329X,WDEX,WINDEXAIR Windex,L1P,L
A84AD3,N633VY,,,,
A84BD3,N6334P,PA24,PIPER PA-24 Comanche,L1P,L
A853D3,N6358V,,,,
A857D3,N637AX,MRF1,DASSAULT Mirage F1,L1J,M
A85AD3,N6375Q,M20P,MOONEY M-20,L1P,L
A861D3,N6392K,RC3,REPUBLIC RC-3 Seabee,A1P,L
A866D3,N640SH,DA42,DIAMOND DA-42 Guardian,L2P,L
A867D3,N64014,C172,CESSNA 172 Skyhawk,L1P,L
A868D3,N6409E,C172,CESSNA 172 Skyhawk,L1P,L
A869D3,N641K,CH75,ZENAIR CH-750 Cruzer,L1P,L
A872D3,N64302,C172,CESSNA 172 Skyhawk,L1P,L
A873D3,N6438C,L5,STINSON Sentinel,L1P,L
A877D3,N645AE,E145,EMBRAER ERJ-145,L2J,M
A87BD3,N646DC,C185,CESSNA 185 Skywagon,L1P,L
A87ED3,N6467A,PA38,PIPER PA-38 Tomahawk,L1P,L
A88CD3,N650B,BE35,BEECH 35 Starfire Bonanza,L1P,L
A894D3,N652GW,RV6,VANS RV-6,L1P,L
A899D3,N653W,RV6,VANS RV-6,L1P,L
A89AD3,N6534R,DRON,,D0-,-
A89CD3,N654NS,VO10,NORTH AMERICAN ROCKWELL Commander 100,L1P,L
A89ED3,N6546U,M20P,MOONEY M-20,L1P,L
A8A1D3,N6551L,AA5,AMERICAN AA-5 Tiger,L1P,L
A8A3D3,N656JG,C560,CESSNA 560 Citation Ultra,L2J,M
A8ACD3,N6580J,P28A,PIPER PA-28-140/150/160/180,L1P,L
A8B0D3,N6592M,S108,STINSON 108 Voyager,L1P,L
A8BCD3,N662N,WACO,WACO E/O,L1P,L
A8C1D3,N66304,BE24,BEECH 24 Sierra,L1P,L
A8C6D3,N665AG,M20T,MOONEY M-20T,L1P,L
A8C9D3,N6655,,,,
A8CAD3,N666DE,,,,
A8CBD3,N666PL,CH7B,BELLANCA 7 Citabria,L1P,L
A8D9D3,N67ER,BE58,BEECH 58 Baron,L2P,L
A8E1D3,N6710M,C182,CESSNA 182 Skylane,L1P,L
A8E8D3,N673WB,S76,SIKORSKY S-76 Spirit,H2T,L
A8EDD3,N6746W,BT36,BEECH B36TC Bonanza,L1P,L
A8EFD3,N675RS,BE30,BEECH 300 Super King Air,L2T,L
A8F0D3,N6751N,M20P,MOONEY M-20,L1P,L
A8F5D3,N677BA,A5,ICON A-5,A1P,L
A8FCD3,N6787X,C310,CESSNA 310,L2P,L
A8FED3,N679TC,C25C,CESSNA 525C Citation CJ4,L2J,M
A902D3,N68WA,C421,CESSNA 421 Executive Commuter,L2P,L
A90DD3,N6826D,SA6,STITS SA-6 Flut-R-Bug,L1P,L
A90FD3,N683R,R44,ROBINSON R-44 Raven,H1P,L
A918D3,N6855B,PA22,PIPER PA-22,L1P,L
A91FD3,N68717,C340,CESSNA 340 Super,L2P,L
A920D3,N6879H,J3,PIPER J-3 Cub,L1P,L
A923D3,N6884,CASS,NATIONAL AERONAUTICS Cassutt 3M,L1P,L
A927D3,N6896C,C195,CESSNA 195,L1P,L
A928D3,N69ET,,,,
A92AD3,N690BD,GLEX,BOMBARDIER BD-700 Global 6000/6500,L2J,M
A92DD3,N6905X,C175,CESSNA 175 Skylark,L1P,L
A930D3,N6910P,P28B,PIPER PA-28-201T/235/236,L1P,L
A932D3,N692H,ZZZZ,,-0-,-
A94ED3,N6992R,BE24,BEECH 24 Sierra,L1P,L
A951D3,N7WC,PARA,,P0-,-
A952D3,N70GH,NAVI,NORTH AMERICAN Navion,L1P,L
A953D3,N70SP,B06,BELL 206 JetRanger,H1T,L
A955D3,N700P,SR22,CIRRUS SR-22,L1P,L
A956D3,N700ZF,TBM7,SOCATA TBM-700A/B/C,L1T,L
A958D3,N701FS,S76,SIKORSKY S-76 Spirit,H2T,L
A95BD3,N70185,,,,
A95DD3,N702UW,A319,AIRBUS A-319,L2J,M
A962D3,N70350,C188,CESSNA 188 AgTruck,L1P,L
A964D3,N704QL,C150,CESSNA 150,L1P,L
A967D3,N705HC,BE36,BEECH 36 Bonanza,L1P,L
A969D3,N7052V,R44,ROBINSON R-44 Raven,H1P,L
A96AD3,N70596,J3,PIPER J-3 Cub,L1P,L
A96BD3,N706LA,PINO,GENERAL AVIA F-22 Pinguino,L1P,L
A96DD3,N7064Y,,,,
A96ED3,N707CT,C82R,CESSNA R182 Skylane RG,L1P,L
A971D3,N70761,J3,PIPER J-3 Cub,L1P,L
A972D3,N708FR,A321,AIRBUS A-321,L2J,M
A974D3,N7081T,C172,CESSNA 172 Skyhawk,L1P,L
A975D3,N70884,C182,CESSNA 182 Skylane,L1P,L
A978D3,N7093W,ULAC,,L0-,-
A979D3,N71BF,M20P,MOONEY M-20,L1P,L
A97AD3,N71MM,CASS,NATIONAL AERONAUTICS Cassutt 3M,L1P,L
A97ED3,N7103E,C182,CESSNA 182 Skylane,L1P,L
A980D3,N711LW,BE35,BEECH 35 Starfire Bonanza,L1P,L
A982D3,N7115H,BALL,,B0-,-
A985D3,N7120,B06,BELL 206 JetRanger,H1T,L
A989D3,N7132C,C25M,CESSNA 525 Citation M2,L2J,L
A98BD3,N714KJ,DA40,DIAMOND DA-40 Club Star,L1P,L
A98ED3,N715CA,PA31,PIPER PA-31-300/310/325/350/425,L2P,L
A994D3,N7161A,C172,CESSNA 172 Skyhawk,L1P,L
A995D3,N7168M,C175,CESSNA 175 Skylark,L1P,L
A997D3,N717UC,DRON,,D0-,-
A998D3,N713SS,G280,GULFSTREAM G280,L2J,M
A999D3,N718AP,T210,CESSNA T210 Turbo Centurion,L1P,L
A99CD3,N7185G,C172,CESSNA 172 Skyhawk,L1P,L
A99DD3,N719DM,O1,CESSNA 305/341 Bird Dog,L1P,L
A9A2D3,N72SR,C510,CESSNA 510 Citation Mustang,L2J,L
A9A6D3,N72064,L8,LUSCOMBE 8,L1P,L
A9A8D3,N721S,EFOX,AEROPRO Eurofox,L1P,L
A9A9D3,N7211W,SYMP,OMF Symphony,L1P,L
A9AAD3,N72187,C140,CESSNA 140,L1P,L
A9ABD3,N722JS,ULAC,,L0-,-
A9B5D3,N72475,C140,CESSNA 140,L1P,L
A9B6D3,N725HE,CH7B,BELLANCA 7 Citabria,L1P,L
A9BAD3,N726LC,H25B,HAWKER BEECHCRAFT Hawker 750/850,L2J,M
A9BED3,N727PA,M20P,MOONEY M-20,L1P,L
A9BFD3,N727ZG,C172,CESSNA 172 Skyhawk,L1P,L
A9C0D3,N72763,H60,SIKORSKY UH-60 Black Hawk,H2T,M
A9C5D3,N729JR,SR22,CIRRUS SR-22,L1P,L
A9C7D3,N7293Y,T6,NORTH AMERICAN T-6 Texan,L1P,L
A9CDD3,N7303G,C150,CESSNA 150,L1P,L
A9D1D3,N7315K,C172,CESSNA 172 Skyhawk,L1P,L
A9D2D3,N732DQ,T210,CESSNA T210 Turbo Centurion,L1P,L
A9D4D3,N7320B,BE35,BEECH 35 Starfire Bonanza,L1P,L
A9D7D3,N733SU,C172,CESSNA 172 Skyhawk,L1P,L
A9D9D3,N7339R,BE36,BEECH 36 Bonanza,L1P,L
A9DBD3,N734VS,P210,CESSNA P210 Centurion,L1P,L
A9DCD3,N7344H,J3,PIPER J-3 Cub,L1P,L
A9DDD3,N735CC,C182,CESSNA 182 Skylane,L1P,L
A9E0D3,N7356L,AA1,AMERICAN AA-1,L1P,L
A9E1D3,N736FA,C172,CESSNA 172 Skyhawk,L1P,L
A9E2D3,N736RG,C182,CESSNA 182 Skylane,L1P,L
A9E3D3,N7361C,T206,CESSNA T206 Turbo Stationair,L1P,L
A9E6D3,N737UE,C172,CESSNA 172 Skyhawk,L1P,L
A9E8D3,N738AR,C172,CESSNA 172 Skyhawk,L1P,L
A9EAD3,N738XC,C182,CESSNA 182 Skylane,L1P,L
A9EBD3,N7385J,P28A,PIPER PA-28-140/150/160/180,L1P,L
A9ECD3,N739DP,C172,CESSNA 172 Skyhawk,L1P,L
A9EDD3,N739PV,C172,CESSNA 172 Skyhawk,L1P,L
A9EFD3,N7397M,C175,CESSNA 175 Skylark,L1P,L
A9F0D3,N74GM,COZY,CO-Z Cozy,L1P,L
A9F1D3,N74ST,,,,
A9F5D3,N74066,DA2,DAVIS DA-2,L1P,L
A9F9D3,N74189,ST75,STEARMAN Kaydet,L1P,L
A9FCD3,N74231,B14A,BELLANCA 14,L1P,L
AA03D3,N7440W,P28A,PIPER PA-28-140/150/160/180,L1P,L
AA08D3,N746,PA18,PIPER PA-18 Super Cub,L1P,L
AA0BD3,N74642,AA5,AMERICAN AA-5 Tiger,L1P,L
AA0DD3,N747PC,C172,CESSNA 172 Skyhawk,L1P,L
AA0FD3,N74765,M20P,MOONEY M-20,L1P,L
AA17D3,N75BK,BE33,BEECH 33 Bonanza,L1P,L
AA18D3,N75MR,ST75,STEARMAN Kaydet,L1P,L
AA1CD3,N7503J,BALL,,B0-,-
AA1ED3,N751M,F260,AERMACCHI SF-260,L1P,L
AA21D3,N752DS,DA40,DIAMOND DA-40 Club Star,L1P,L
AA23D3,N7520D,PA22,PIPER PA-22,L1P,L
AA28D3,N7539T,C172,CESSNA 172 Skyhawk,L1P,L
AA2FD3,N7556N,C182,CESSNA 182 Skylane,L1P,L
AA30D3,N756FC,C182,CESSNA 182 Skylane,L1P,L
AA32D3,N7561E,C172,CESSNA 172 Skyhawk,L1P,L
AA34D3,N757JA,COY2,RANS Coyote 2,L1P,L
AA35D3,N757UG,PA32,PIPER PA-32,L1P,L
AA36D3,N7573H,PA12,PIPER PA-12 Super Cruiser,L1P,L
AA3ED3,N7597P,PA24,PIPER PA-24 Comanche,L1P,L
AA3FD3,N76GP,C510,CESSNA 510 Citation Mustang,L2J,L
AA40D3,N76SV,SR22,CIRRUS SR-22,L1P,L
AA46D3,N761SD,C82S,CESSNA T182 Turbo Skylane,L1P,L
AA4FD3,N76356,C140,CESSNA 140,L1P,L
AA51D3,N764QS,CL35,BOMBARDIER BD-100 Challenger 350,L2J,M
AA56D3,N76521,C140,CESSNA 140,L1P,L
AA5AD3,N76644,C140,CESSNA 140,L1P,L
AA5BD3,N767CZ,COZY,CO-Z Cozy,L1P,L
AA5CD3,N767PE,PA34,PIPER PA-34 Seneca,L2P,L
AA60D3,N768SC,CH60,ZENAIR CH-600 Zodiac,L1P,L
AA62D3,N7689,G164,GRUMMAN G-164 Ag-Cat,L1P,L
AA64D3,N769VA,B762,BOEING 767-200,L2J,H
AA65D3,N76932,C120,CESSNA 120,L1P,L
AA69D3,N770JD,FA50,DASSAULT Falcon 50,L3J,M
AA6CD3,N771AW,PARA,,P0-,-
AA6DD3,N771MB,BE23,BEECH 23 Sundowner,L1P,L
AA72D3,N7720F,B737,BOEING 737-700,L2J,M
AA7AD3,N7744M,M20P,MOONEY M-20,L1P,L
AA83D3,N777JC,BE35,BEECH 35 Starfire Bonanza,L1P,L
AA85D3,N7773K,PA20,PIPER PA-20 Pacer,L1P,L
AA86D3,N778AV,CRJ2,BOMBARDIER Regional Jet CRJ-200,L2J,M
AA87D3,N778MA,B738,BOEING 737-800,L2J,M
AA89D3,N7785N,P28A,PIPER PA-28-140/150/160/180,L1P,L
AA8CD3,N7790E,C150,CESSNA 150,L1P,L
AA8DD3,N7797R,BE35,BEECH 35 Starfire Bonanza,L1P,L
AA8ED3,N78GR,DRON,,D0-,-
AA95D3,N781SF,,,,
AA96D3,N78112,C172,CESSNA 172 Skyhawk,L1P,L
AA97D3,N7819C,P28A,PIPER PA-28-140/150/160/180,L1P,L
AAA1D3,N78400,J3,PIPER J-3 Cub,L1P,L
AAA2D3,N7848A,B737,BOEING 737-700,L2J,M
AAA5D3,N78523,C172,CESSNA 172 Skyhawk,L1P,L
AAA6D3,N786AC,C25A,CESSNA 525A Citation CJ2,L2J,L
AAAAD3,N787DA,C182,CESSNA 182 Skylane,L1P,L
AAABD3,N787PG,SR22,CIRRUS SR-22,L1P,L
AAB4D3,N78934,M20P,MOONEY M-20,L1P,L
AAB5D3,N79BP,C414,CESSNA 414 Chancellor,L2P,L
AABAD3,N7903N,C172,CESSNA 172 Skyhawk,L1P,L
AABED3,N7915R,BE35,BEECH 35 Starfire Bonanza,L1P,L
AAC6D3,N7939X,C172,CESSNA 172 Skyhawk,L1P,L
AAC7D3,N794KS,AS21,SCHLEICHER ASK-21,L1P,L
AAC9D3,N7944P,PA24,PIPER PA-24 Comanche,L1P,L
AACAD3,N795CJ,HA4T,RAYTHEON 4000 Hawker Horizon,L2J,M
AAD4D3,N7973M,BE95,BEECH 95 Travel Air,L2P,L
AADED3,N8SZ,PA46,PIPER PA-46-310/350,L1P,L
AADFD3,N80DD,HUSK,CHRISTEN Husky,L1P,L
AAE0D3,N80PK,H25B,HAWKER BEECHCRAFT Hawker 750/850,L2J,M
AAE2D3,N800KW,C402,CESSNA 402 Businessliner,L2P,L
AAE3D3,N800WB,C185,CESSNA 185 Skywagon,L1P,L
AAE5D3,N801CN,S92,SIKORSKY S-92 Helibus,H2T,M
AAE7D3,N801Z,CH80,ZENAIR CH-801 Stol,L1P,L
AAEAD3,N802RS,AT8T,AIR TRACTOR AT-802,L1T,M
AAEBD3,N8021N,P28A,PIPER PA-28-140/150/160/180,L1P,L
AAECD3,N8028Z,P28A,PIPER PA-28-140/150/160/180,L1P,L
AAF0D3,N804BA,S22T,CIRRUS SR-22T Turbo,L1P,L
AAF1D3,N804MG,DRON,,D0-,-
AAF3D3,N8045U,BE36,BEECH 36 Bonanza,L1P,L
AAF4D3,N805DZ,C208,CESSNA 208 Caravan,L1T,L
AAF6D3,N8050L,C172,CESSNA 172 Skyhawk,L1P,L
AAFAD3,N8062P,PA32,PIPER PA-32,L1P,L
AAFBD3,N80690,C152,CESSNA 152,L1P,L
AAFDD3,N807WA,MD83,MCDONNELL-DOUGLAS MD-83,L2J,M
AAFED3,N8074S,PARA,,P0-,-
AAFFD3,N808CM,SREY,PROGRESSIVE AERODYNE SeaRey,A1P,L
AB06D3,N8098Y,PA30,PIPER PA-30 Twin Comanche,L2P,L
AB07D3,N81JH,CH7A,BELLANCA 7 Champion,L1P,L
AB08D3,N81UP,,,,
AB0AD3,N810R,BE35,BEECH 35 Starfire Bonanza,L1P,L
AB0BD3,N81006,P32R,PIPER PA-32R-300/301/301T,L1P,L
AB12D3,N812WW,S22T,CIRRUS SR-22T Turbo,L1P,L
AB13D3,N8125B,C172,CESSNA 172 Skyhawk,L1P,L
AB19D3,N814SL,GLST,GLASAIR SH-4 GlaStar,L1P,L
AB1FD3,N816BV,SR20,CIRRUS SR-20,L1P,L
AB20D3,N816NA,F16,GENERAL DYNAMICS F-16 Fighting Falcon,L1J,M
AB27D3,N818HR,E35L,EMBRAER EMB-135 Legacy,L2J,M
AB28D3,N818TX,BALL,,B0-,-
AB2DD3,N8195A,PA18,PIPER PA-18 Super Cub,L1P,L
AB2ED3,N82DF,PA32,PIPER PA-32,L1P,L
AB2FD3,N82PM,AA5,AMERICAN AA-5 Tiger,L1P,L
AB35D3,N821NW,A333,AIRBUS A-330-300,L2J,H
AB36D3,N821ZB,DA42,DIAMOND DA-42 Guardian,L2P,L
AB37D3,N8216Y,PA30,PIPER PA-30 Twin Comanche,L2P,L
AB3AD3,N8221Q,C414,CESSNA 414 Chancellor,L2P,L
AB3ED3,N8233T,P28A,PIPER PA-28-140/150/160/180,L1P,L
AB3FD3,N824BC,C340,CESSNA 340 Super,L2P,L
AB42D3,N8245W,P28A,PIPER PA-28-140/150/160/180,L1P,L
AB46D3,N8257Z,C210,CESSNA 201 Centurion,L1P,L
AB49D3,N8262R,BL17,BELLANCA 17 Viking,L1P,L
AB4AD3,N82692,PA36,PIPER PA-36 Pawnee Brave,L1P,L
AB4ED3,N828CP,C82T,CESSNA TR182 Turbo Skylane RG,L1P,L
AB54D3,N8291P,PA24,PIPER PA-24 Comanche,L1P,L
AB55D3,N82980,PA18,PIPER PA-18 Super Cub,L1P,L
AB56D3,N83JK,LEG2,LANCAIR Legacy,L1P,L
AB5ED3,N8313A,P28B,PIPER PA-28-201T/235/236,L1P,L
AB60D3,N832LS,BD4,BEDE BD-4,L1P,L
AB62D3,N8325D,B738,BOEING 737-800,L2J,M
AB6DD3,N8354B,C172,CESSNA 172 Skyhawk,L1P,L
AB75D3,N8378H,P28A,PIPER PA-28-140/150/160/180,L1P,L
AB7BD3,N839WX,SR22,CIRRUS SR-22,L1P,L
AB7CD3,N8395C,P28A,PIPER PA-28-140/150/160/180,L1P,L
AB7DD3,N84DH,EN28,ENSTROM F-28,H1P,L
AB82D3,N8404X,C172,CESSNA 172 Skyhawk,L1P,L
AB86D3,N84160,CH7A,BELLANCA 7 Champion,L1P,L
AB88D3,N842RW,,,,
AB89D3,N8421S,C182,CESSNA 182 Skylane,L1P,L
AB8DD3,N8433V,SS2P,ROCKWELL Thrush Commander,L1P,L
AB8ED3,N844BE,BE36,BEECH 36 Bonanza,L1P,L
AB92D3,N845EC,DRON,,D0-,-
AB99D3,N84694,CH7A,BELLANCA 7 Champion,L1P,L
AB9BD3,N847WE,PC12,PILATUS PC-12,L1T,L
ABA0D3,N8486Z,PA30,PIPER PA-30 Twin Comanche,L2P,L
ABA2D3,N849RV,RV9,VANS RV-9,L1P,L
ABA3D3,N8491R,P28A,PIPER PA-28-140/150/160/180,L1P,L
ABA5D3,N85JM,GLF5,GULFSTREAM 5,L2J,M
ABA6D3,N85UT,BE20,BEECH 200 Super King Air,L2T,M
ABA9D3,N8501,BALL,,B0-,-
ABACD3,N851UB,DRON,,D0-,-
ABADD3,N8513C,P32R,PIPER PA-32R-300/301/301T,L1P,L
ABB0D3,N852X,TBM7,SOCATA TBM-700A/B/C,L1T,L
ABB1D3,N8525F,AT3T,AIR TRACTOR AT-302/402,L1T,L
ABBCD3,N8554D,PA22,PIPER PA-22,L1P,L
ABC0D3,N8566G,C150,CESSNA 150,L1P,L
ABC4D3,N8578K,PARA,,P0-,-
ABC8D3,N859AM,B738,BOEING 737-800,L2J,M
ABCDD3,N86PR,C185,CESSNA 185 Skywagon,L1P,L
ABD1D3,N8604Z,C206,CESSNA  206 Stationair,L1P,L
ABD3D3,N861P,P28A,PIPER PA-28-140/150/160/180,L1P,L
ABD7D3,N862RY,,,,
ABD8D3,N8621U,C150,CESSNA 150,L1P,L
ABD9D3,N86285,C337,CESSNA 337 Super Skymaster,L2P,L
ABE0D3,N86450,C182,CESSNA 182 Skylane,L1P,L
ABE3D3,N8650S,C150,CESSNA 150,L1P,L
ABE4D3,N86573,BL8,BELLANCA 8 Decathlon,L1P,L
ABE7D3,N8662V,CH7A,BELLANCA 7 Champion,L1P,L
ABE9D3,N867LA,C172,CESSNA 172 Skyhawk,L1P,L
ABECD3,N868CT,BL17,BELLANCA 17 Viking,L1P,L
ABEFD3,N86861,B14A,BELLANCA 14,L1P,L
ABF3D3,N86984,ERCO,AIR PRODUCTS F-1 Aircoupe,L1P,L
AC01D3,N873DN,B739,BOEING 737-900,L2J,M
AC04D3,N8737L,B38M,BOEING 737 MAX 8,L2J,M
AC12D3,N8771A,CRJ2,BOMBARDIER Regional Jet CRJ-200,L2J,M
AC13D3,N8778M,BE23,BEECH 23 Sundowner,L1P,L
AC1AD3,N8795G,C150,CESSNA 150,L1P,L
AC1BD3,N88DM,DG50,DG FLUGZEUGBAU DG-500M,L1P,L
AC1DD3,N88ZZ,ULAC,,L0-,-
AC1FD3,N880WK,,,,
AC21D3,N881CW,C25C,CESSNA 525C Citation CJ4,L2J,M
AC22D3,N881PB,C182,CESSNA 182 Skylane,L1P,L
AC24D3,N88164,J3,PIPER J-3 Cub,L1P,L
AC28D3,N88287,BL8,BELLANCA 8 Decathlon,L1P,L
AC32D3,N8850U,C150,CESSNA 150,L1P,L
AC33D3,N88575,J3,PIPER J-3 Cub,L1P,L
AC37D3,N88698,J3,PIPER J-3 Cub,L1P,L
AC38D3,N887LC,CL30,BOMBARDIER BD-100 Challenger 300,L2J,M
AC3BD3,N888CV,PA31,PIPER PA-31-300/310/325/350/425,L2P,L
AC3CD3,N888PA,TBM9,SOCATA TBM-900/910/930/940,L1T,L
AC3FD3,N889FT,BE58,BEECH 58 Baron,L2P,L
AC41D3,N8891V,C172,CESSNA 172 Skyhawk,L1P,L
AC42D3,N88986,GLID,,L0-,-
AC43D3,N89JR,NAVI,NORTH AMERICAN Navion,L1P,L
AC45D3,N890FB,H60,SIKORSKY UH-60 Black Hawk,H2T,M
AC47D3,N8901D,PA22,PIPER PA-22,L1P,L
AC52D3,N8930B,C172,CESSNA 172 Skyhawk,L1P,L
AC53D3,N8937N,PA32,PIPER PA-32,L1P,L
AC57D3,N8949R,CH7B,BELLANCA 7 Citabria,L1P,L
AC5BD3,N896CC,S22T,CIRRUS SR-22T Turbo,L1P,L
AC5ED3,N8966L,AA1,AMERICAN AA-1,L1P,L
AC69D3,N8995J,P28A,PIPER PA-28-140/150/160/180,L1P,L
AC6BD3,N9PV,ZZZZ,,-0-,-
AC6DD3,N90LF,BE9L,BEECH 90 King Air,L2T,L
AC6ED3,N90WM,MT,ROTORSPORT MTOSport,G1P,L
AC72D3,N9009V,SVNH,AEROTEC Savannah,L1P,L
AC74D3,N901VW,PA23,PIPER PA-23,L2P,L
AC75D3,N9014M,C180,CESSNA  180 Skywagon,L1P,L
AC77D3,N902NN,B738,BOEING 737-800,L2J,M
AC7AD3,N903FE,C208,CESSNA 208 Caravan,L1T,L
AC82D3,N905MA,M20P,MOONEY M-20,L1P,L
AC88D3,N9067R,BALL,,B0-,-
AC8CD3,N9079U,PARA,,P0-,-
AC93D3,N9096P,PA24,PIPER PA-24 Comanche,L1P,L
AC94D3,N91FD,DRON,,D0-,-
AC95D3,N91RK,BE10,BEECH 100 King Air,L2T,L
AC9AD3,N911EN,RV12,VANS RV-12,L1P,L
ACA0D3,N91223,C180,CESSNA  180 Skywagon,L1P,L
ACAFD3,N91634,P28A,PIPER PA-28-140/150/160/180,L1P,L
ACB3D3,N91757,NAVI,NORTH AMERICAN Navion,L1P,L
ACB4D3,N918EM,DRON,,D0-,-
ACB6D3,N9180Z,C172,CESSNA 172 Skyhawk,L1P,L
ACB7D3,N9188,ZZZZ,,-0-,-
ACBBD3,N92AB,BOLT,STEEN Skybolt,L1P,L
ACBDD3,N92WP,WACF,WACO F,L1P,L
ACBFD3,N920T,BE35,BEECH 35 Starfire Bonanza,L1P,L
ACC2D3,N921KS,T206,CESSNA T206 Turbo Stationair,L1P,L
ACC8D3,N9226S,BE23,BEECH 23 Sundowner,L1P,L
ACCBD3,N9231J,P28A,PIPER PA-28-140/150/160/180,L1P,L
ACCDD3,N924JE,GA5C,GULFSTREAM G500,L2J,M
ACCFD3,N9243M,M20P,MOONEY M-20,L1P,L
ACD2D3,N925XJ,CRJ9,BOMBARDIER Regional Jet CRJ-900,L2J,M
ACD6D3,N9260G,C182,CESSNA 182 Skylane,L1P,L
ACD7D3,N9267T,C180,CESSNA  180 Skywagon,L1P,L
ACDAD3,N9272K,T6,NORTH AMERICAN T-6 Texan,L1P,L
ACE3D3,N93FF,SA70,STOLP SA-700 Acroduster,L1P,L
ACE4D3,N93RM,FOX,KITFOX,L1P,L
ACECD3,N9318C,P28A,PIPER PA-28-140/150/160/180,L1P,L
ACEFD3,N93225,F260,AERMACCHI SF-260,L1P,L
ACF3D3,N93348,ERCO,AIR PRODUCTS F-1 Aircoupe,L1P,L
ACFAD3,N93513,ERCO,AIR PRODUCTS F-1 Aircoupe,L1P,L
ACFBD3,N9359D,PA18,PIPER PA-18 Super Cub,L1P,L
ACFED3,N93636,ERCO,AIR PRODUCTS F-1 Aircoupe,L1P,L
AD02D3,N93759,BL17,BELLANCA 17 Viking,L1P,L
AD06D3,N9388B,C175,CESSNA 175 Skylark,L1P,L
AD0AD3,N94AD,SF50,CIRRUS SF-50 Vision,L1J,L
AD0CD3,N94WR,RV4,VANS RV-4,L1P,L
AD0ED3,N940TB,TBM7,SOCATA TBM-700A/B/C,L1T,L
AD12D3,N941W,ZZZZ,,-0-,-
AD1AD3,N9431L,AA1,AMERICAN AA-1,L1P,L
AD1BD3,N9438X,C82R,CESSNA R182 Skylane RG,L1P,L
AD1ED3,N9443P,PA24,PIPER PA-24 Comanche,L1P,L
AD1FD3,N945AZ,PARA,,P0-,-
AD20D3,N945ME,BK17,EUROCOPTER BK117 C-1/2,H2T,L
AD22D3,N9455S,BE35,BEECH 35 Starfire Bonanza,L1P,L
AD25D3,N9460J,P28A,PIPER PA-28-140/150/160/180,L1P,L
AD29D3,N9472M,T210,CESSNA T210 Turbo Centurion,L1P,L
AD2AD3,N9479Y,BE35,BEECH 35 Starfire Bonanza,L1P,L
AD2ED3,N949CK,,,,
AD33D3,N95RP,ZZZZ,,-0-,-
AD3AD3,N95104,TAYB,TAYLORCRAFT BC/BF/BL,L1P,L
AD3BD3,N9518E,AR11,AERONCA 11 Chief,L1P,L
AD3DD3,N952TW,,,,
AD49D3,N95515,TAYB,TAYLORCRAFT BC/BF/BL,L1P,L
AD4AD3,N9559F,H269,HUGHES Sky Knight,H1P,L
AD4CD3,N956PG,C560,CESSNA 560 Citation Ultra,L2J,M
AD4ED3,N957BT,T206,CESSNA T206 Turbo Stationair,L1P,L
AD55D3,N9588D,PA22,PIPER PA-22,L1P,L
AD57D3,N959TV,MOSQ,DE HAVILLAND DH-98 Mosquito,L2P,M
AD58D3,N95926,TAYB,TAYLORCRAFT BC/BF/BL,L1P,L
AD59D3,N96AF,AVID,AVID Flyer,L1P,L
AD5AD3,N96LM,A109,AGUSTA AW-109 Grand,H2T,L
AD5DD3,N960TD,TBM9,SOCATA TBM-900/910/930/940,L1T,L
AD62D3,N9614T,C210,CESSNA 201 Centurion,L1P,L
AD68D3,N963RS,FA7X,DASSAULT Falcon 7X,L3J,M
AD6ED3,N965BA,B38M,BOEING 737 MAX 8,L2J,M
AD75D3,N9667X,C210,CESSNA 201 Centurion,L1P,L
AD77D3,N967TC,C25C,CESSNA 525C Citation CJ4,L2J,M
AD7CD3,N9684S,CH7B,BELLANCA 7 Citabria,L1P,L
AD82D3,N97RR,B06,BELL 206 JetRanger,H1T,L
AD88D3,N971R,BE36,BEECH 36 Bonanza,L1P,L
AD8AD3,N9718G,C180,CESSNA  180 Skywagon,L1P,L
AD98D3,N97517,S108,STINSON 108 Voyager,L1P,L
AD99D3,N9759H,C82S,CESSNA T182 Turbo Skylane,L1P,L
AD9AD3,N976KC,BE20,BEECH 200 Super King Air,L2T,M
ADA1D3,N978ET,R44,ROBINSON R-44 Raven,H1P,L
ADA6D3,N979TX,C525,CESSNA 525 CitationJet,L2J,L
ADA7D3,N97928,S108,STINSON 108 Voyager,L1P,L
ADA8D3,N98AH,HUSK,CHRISTEN Husky,L1P,L
ADADD3,N9802S,BALL,,B0-,-
ADB3D3,N982NW,M7,MAULE M-7,L1P,L
ADB8D3,N9831Q,PA18,PIPER PA-18 Super Cub,L1P,L
ADB9D3,N98381,C172,CESSNA 172 Skyhawk,L1P,L
ADBCD3,N9843T,C172,CESSNA 172 Skyhawk,L1P,L
ADC0D3,N9855W,P28A,PIPER PA-28-140/150/160/180,L1P,L
ADC8D3,N98792,C172,CESSNA 172 Skyhawk,L1P,L
ADCAD3,N988WC,BE20,BEECH 200 Super King Air,L2T,M
ADCCD3,N989CP,C82T,CESSNA TR182 Turbo Skylane RG,L1P,L
ADCFD3,N9896X,C185,CESSNA 185 Skywagon,L1P,L
ADD0D3,N99FM,BE30,BEECH 300 Super King Air,L2T,L
ADD1D3,N99RT,C172,CESSNA 172 Skyhawk,L1P,L
ADD6D3,N991EW,S22T,CIRRUS SR-22T Turbo,L1P,L
ADD7D3,N991RB,,,,
ADD9D3,N9918J,GLID,,L0-,-
ADE0D3,N9935D,PA18,PIPER PA-18 Super Cub,L1P,L
ADE4D3,N9947G,C188,CESSNA 188 AgTruck,L1P,L
ADE5D3,N995GG,GLF4,GULFSTREAM 4,L2J,M
ADE7D3,N99519,R44,ROBINSON R-44 Raven,H1P,L
ADEDD3,N997NC,P28A,PIPER PA-28-140/150/160/180,L1P,L
ADF1D3,N998RA,C172,CESSNA 172 Skyhawk,L1P,L
ADF2D3,N99807,ERCO,AIR PRODUCTS F-1 Aircoupe,L1P,L
ADF6D3,N9993,BE35,BEECH 35 Starfire Bonanza,L1P,L
ADFCD3,94-0116,BE40,BEECH 400 Beechjet,L2J,M
ADFDD3,95-6709,C130,LOCKHEED C-130 Hercules,L4T,M
ADFED3,85-51265,BE20,BEECH 200 Super King Air,L2T,M
ADFFD3,65-10449,T38,NORTHROP T-38 Talon,L2J,L
AE00D3,62-3703,T38,NORTHROP T-38 Talon,L2J,L
AE01D3,62-4129,R135,BOEING RC-135,L4J,H
AE02D3,92-3023,C130,LOCKHEED C-130 Hercules,L4T,M
AE03D3,164442,C130,LOCKHEED C-130 Hercules,L4T,M
AE05D3,82-0060,C130,LOCKHEED C-130 Hercules,L4T,M
AE07D3,90-0534,C17,BOEING C-17 Globemaster 3,L4J,H
AE09D3,84-23969,H60,SIKORSKY UH-60 Black Hawk,H2T,M
AE0CD3,97-26743,H60,SIKORSKY UH-60 Black Hawk,H2T,M
AE0DD3,84-23957,H60,SIKORSKY UH-60 Black Hawk,H2T,M
AE11D3,71-1408,E3TF,BOEING E-3 Sentry (TF33),L4J,H
AE19D3,81-0976,A10,FAIRCHILD A-10 Thunderbolt II,L2J,M
AE1DD3,166544,H60,SIKORSKY UH-60 Black Hawk,H2T,M
AE1ED3,166078,TEX2,BEECHCRAFT T-6 Texan 2,L1T,L
AE1FD3,11-72196,EC45,AIRBUS HELICOPTERS EC-145,H2T,L
AE23D3,07-05514,H64,MCDONNELL DOUGLAS AH-64 Apache,H2T,M
AE29D3,08-6206,C30J,LOCKHEED MARTIN C-130J Super Hercules,L4T,M
AE2ED3,166086,TEX2,BEECHCRAFT T-6 Texan 2,L1T,L
AE2FD3,167929,E2,NORTHROP GRUMMAN E-2 Hawkeye,L2T,M
AE4ED3,10-0104,SR20,CIRRUS SR-20,L1P,L
AE4FD3,168131,H60,SIKORSKY UH-60 Black Hawk,H2T,M
AE50D3,10-20275,H60,SIKORSKY UH-60 Black Hawk,H2T,M
AE51D3,11-20332,H60,SIKORSKY UH-60 Black Hawk,H2T,M
AE54D3,13-5770,C30J,LOCKHEED MARTIN C-130J Super Hercules,L4T,M
AE56D3,13-20619,H60,SIKORSKY UH-60 Black Hawk,H2T,M
AE57D3,2009,C30J,LOCKHEED MARTIN C-130J Super Hercules,L4T,M
AE59D3,14-08458,H47,BOEING-VERTOL CH-47 Chinook,H2T,M
AE5AD3,15-20753,H60,SIKORSKY UH-60 Black Hawk,H2T,M
AE5BD3,15-20792,H60,SIKORSKY UH-60 Black Hawk,H2T,M
AE5ED3,162049,B06,BELL 206 JetRanger,H1T,L
AE63D3,65-10361,T38,NORTHROP T-38 Talon,L2J,L
C000D3,C-FAIC,S76,SIKORSKY S-76 Spirit,H2T,L
C001D3,C-FARY,C172,CESSNA 172 Skyhawk,L1P,L
C002D3,C-FBBU,C180,CESSNA  180 Skywagon,L1P,L
C005D3,C-FCFI,C182,CESSNA 182 Skylane,L1P,L
C006D3,C-FCPE,JS31,BRITISH AEROSPACE Jetstream T.Mk.3,L2T,M
C007D3,C-FCZA,C172,CESSNA 172 Skyhawk,L1P,L
C009D3,C-FDSS,,,,
C00BD3,C-FEMK,C140,CESSNA 140,L1P,L
C00CD3,C-FEWG,C172,CESSNA 172 Skyhawk,L1P,L
C00DD3,C-FFGC,RV9,VANS RV-9,L1P,L
C00ED3,C-FFPY,CH7B,BELLANCA 7 Citabria,L1P,L
C00FD3,C-FFZU,C182,CESSNA 182 Skylane,L1P,L
C010D3,C-FGJQ,GLAS,Glasair,L1P,L
C012D3,C-FHDI,,,,
C014D3,C-FHXA,C185,CESSNA 185 Skywagon,L1P,L
C015D3,C-FIGW,RBEL,MURPHY Rebel,L1P,L
C016D3,C-FIQS,C120,CESSNA 120,L1P,L
C017D3,C-FJAO,PA12,PIPER PA-12 Super Cruiser,L1P,L
C018D3,C-FJKK,SW4,SWEARINGEN Metro,L2T,M
C019D3,C-FJUG,HUML,Hummel Bird,L1P,L
C01AD3,C-FKEC,C180,CESSNA  180 Skywagon,L1P,L
C01FD3,C-FMBI,C188,CESSNA 188 AgTruck,L1P,L
C020D3,C-FMLE,M7,MAULE M-7,L1P,L
C023D3,C-FNOS,SREY,PROGRESSIVE AERODYNE SeaRey,A1P,L
C024D3,C-FNYO,ULAC,,L0-,-
C025D3,C-FOIK,ZZZZ,,-0-,-
C026D3,C-FOSG,PA30,PIPER PA-30 Twin Comanche,L2P,L
C027D3,C-FPCC,C208,CESSNA 208 Caravan,L1T,L
C029D3,C-FPVU,CH7A,BELLANCA 7 Champion,L1P,L
C02CD3,C-FQZI,MJ5,JURCA MJ-5 Sirocco,L1P,L
C02ED3,C-FRTA,,,,
C02FD3,C-FSCW,P28A,PIPER PA-28-140/150/160/180,L1P,L
C030D3,C-FSMS,C180,CESSNA  180 Skywagon,L1P,L
C033D3,C-FTQG,ULAC,,L0-,-
C036D3,C-FUTU,C150,CESSNA 150,L1P,L
C037D3,C-FVDQ,C150,CESSNA 150,L1P,L
C03AD3,C-FWHE,C150,CESSNA 150,L1P,L
C03BD3,C-FWRA,DHC3,DE HAVILLAND DHC-3 Otter,L1P,L
C03DD3,C-FXKS,C150,CESSNA 150,L1P,L
C03ED3,C-FXUO,BE18,BEECH 18 Expetitor,L2P,L
C03FD3,C-FYEK,,,,
C041D3,C-FYYC,J3,PIPER J-3 Cub,L1P,L
C042D3,C-FZHY,CH7A,BELLANCA 7 Champion,L1P,L
C043D3,C-FZRU,,,,
C044D3,C-GABQ,NAVI,NORTH AMERICAN Navion,L1P,L
C045D3,C-GALM,C185,CESSNA 185 Skywagon,L1P,L
C047D3,C-GBFE,BE10,BEECH 100 King Air,L2T,L
C048D3,C-GBPA,DIMO,DIAMOND H-36 Dimona,L1P,L
C049D3,C-GBYW,GLID,,L0-,-
C04AD3,C-GCIS,P28A,PIPER PA-28-140/150/160/180,L1P,L
C04BD3,C-GCSO,DA42,DIAMOND DA-42 Guardian,L2P,L
C04CD3,C-GDCK,C82R,CESSNA R182 Skylane RG,L1P,L
C04DD3,C-GDMG,PA18,PIPER PA-18 Super Cub,L1P,L
C04ED3,C-GDWC,B105,EUROCOPTER BO-105,H2T,L
C04FD3,C-GEFY,C180,CESSNA  180 Skywagon,L1P,L
C050D3,C-GEPU,RAF2,ROTARY AIR FORCE RAF-2000,G1P,L
C051D3,C-GEZQ,P28A,PIPER PA-28-140/150/160/180,L1P,L
C053D3,C-GFTI,C180,CESSNA  180 Skywagon,L1P,L
C054D3,C-GGDE,PA22,PIPER PA-22,L1P,L
C056D3,C-GGWW,S22T,CIRRUS SR-22T Turbo,L1P,L
C057D3,C-GHGS,B06,BELL 206 JetRanger,H1T,L
C059D3,C-GIAK,GLID,,L0-,-
C05BD3,C-GIUC,P28A,PIPER PA-28-140/150/160/180,L1P,L
C05CD3,C-GJDY,VJ22,VOLMER Sportsman,A1P,L
C05DD3,C-GJNU,GYRO,,G0-,-
C05ED3,C-GJXQ,C180,CESSNA  180 Skywagon,L1P,L
C05FD3,C-GKHM,H500,HUGHES 500,H1T,L
C060D3,C-GKRI,KR1,RAND KR-1,L1P,L
C061D3,C-GLBE,AA1,AMERICAN AA-1,L1P,L
C062D3,C-GLLA,ERCO,AIR PRODUCTS F-1 Aircoupe,L1P,L
C064D3,C-GMES,C172,CESSNA 172 Skyhawk,L1P,L
C066D3,C-GMYK,RV4,VANS RV-4,L1P,L
C067D3,C-GNIG,G164,GRUMMAN G-164 Ag-Cat,L1P,L
C068D3,C-GNSC,LJ45,LEARJET 45,L2J,M
C069D3,C-GOBY,BALL,,B0-,-
C06AD3,C-GOLU,B06,BELL 206 JetRanger,H1T,L
C06CD3,C-GPFM,C170,CESSNA 170,L1P,L
C06ED3,C-GPZE,C182,CESSNA 182 Skylane,L1P,L
C06FD3,C-GQJA,CRJ2,BOMBARDIER Regional Jet CRJ-200,L2J,M
C070D3,C-GQSW,AS50,AEROSPATIALE AS-350 Ecureuil,H1T,L
C072D3,C-GRMO,AA5,AMERICAN AA-5 Tiger,L1P,L
C073D3,C-GRWK,UH1,BELL UH-1 Huey,H1T,L
C074D3,C-GSGG,C172,CESSNA 172 Skyhawk,L1P,L
C075D3,C-GSQC,H25B,HAWKER BEECHCRAFT Hawker 750/850,L2J,M
C076D3,C-GSZY,B06,BELL 206 JetRanger,H1T,L
C077D3,C-GTJU,ACRO,ACRO SPORT 1,L1P,L
C078D3,C-GTTQ,,,,
C079D3,C-GUDM,GLID,,L0-,-
C07AD3,C-GUNI,EXEC,ROTORWAY Exec,H1P,L
C07BD3,C-GUXE,BE23,BEECH 23 Sundowner,L1P,L
C07CD3,C-GVHA,B47G,BELL 47G,H1P,L
C07DD3,C-GVQW,,,,
C07ED3,C-GWAS,C206,CESSNA  206 Stationair,L1P,L
C07FD3,C-GWKO,C208,CESSNA 208 Caravan,L1T,L
C081D3,C-GXEG,R22,ROBINSON R-22 Mariner,H1P,L
C082D3,C-GXOC,C188,CESSNA 188 AgTruck,L1P,L
C084D3,C-GYHU,UH1,BELL UH-1 Huey,H1T,L
C086D3,C-GZBM,C185,CESSNA 185 Skywagon,L1P,L
C087D3,C-GZLI,C10T,CESSNA P210 Turbine,L1T,L
C088D3,C-GZVE,O1,CESSNA 305/341 Bird Dog,L1P,L
C08AD3,C-IAOW,BEVR,ASAP Beaver,L1P,L
C08ED3,C-ICCG,,,,
C08FD3,C-ICMC,BEVR,ASAP Beaver,L1P,L
C090D3,C-ICVY,ULAC,,L0-,-
C093D3,C-IDZM,BEVR,ASAP Beaver,L1P,L
C094D3,C-IEJI,,,,
C095D3,C-IETE,ULAC,,L0-,-
C096D3,C-IFDA,PARA,,P0-,-
C098D3,C-IFWS,ULAC,,L0-,-
C099D3,C-IGGO,ULAC,,L0-,-
C09AD3,C-IGQK,ULAC,,L0-,-
C09BD3,C-IHAG,,,,
C09CD3,C-IHKC,ULAC,,L0-,-
C09ED3,C-IIDU,ULAC,,L0-,-
C09FD3,C-IINQ,PARA,,P0-,-
C0A1D3,C-IJHI,PARA,,P0-,-
C0A5D3,C-IKUS,,,,
C0A6D3,C-ILEO,,,,
C0A7D3,C-ILOK,PARA,,P0-,-
C1E4D3,SERV,SERV,,V0-,-
C1E9D3,SERV,SERV,,V0-,-
C2B2D3,142803,DH8A,DE HAVILLAND DHC-8-100 Dash 8,L2T,M
C800D3,ZK-BKG,C180,CESSNA  180 Skywagon,L1P,L
C801D3,ZK-DEG,P28A,PIPER PA-28-140/150/160/180,L1P,L
C802D3,ZK-DHD,FU24,FLETCHER FU-24,L1P,L
C804D3,ZK-ETU,C172,CESSNA 172 Skyhawk,L1P,L
C807D3,ZK-GPN,GLID,,L0-,-
C808D3,ZK-GVQ,GLID,,L0-,-
C811D3,ZK-JGR,ULAC,,L0-,-
C813D3,ZK-SRW,ULAC,,L0-,-
C816D3,ZK-HVY,H269,HUGHES Sky Knight,H1P,L
C818D3,ZK-HVJ,R22,ROBINSON R-22 Mariner,H1P,L
C819D3,ZK-FXY,R200,ROBIN Alpha,L1P,L
C81BD3,ZK-KMK,C180,CESSNA  180 Skywagon,L1P,L
C820D3,ZK-HBN,AS50,AEROSPATIALE AS-350 Ecureuil,H1T,L
C821D3,ZK-HUF,R44,ROBINSON R-44 Raven,H1P,L
C822D3,ZK-RGH,ASTO,TECNAM Astore,L1P,L
C823D3,ZK-RBZ,GYRO,,G0-,-
C829D3,ZK-JAB,JAB4,JABIRU J200-450,L1P,L
E024D3,LV-BSS,CL30,BOMBARDIER BD-100 Challenger 300,L2J,M
E034D3,LV-CSS,C172,CESSNA 172 Skyhawk,L1P,L
E065D3,LV-FWS,B738,BOEING 737-800,L2J,M
E072D3,LV-GKS,B738,BOEING 737-800,L2J,M
E075D3,LV-GWS,C182,CESSNA 182 Skylane,L1P,L
E082D3,LV-HKS,B738,BOEING 737-800,L2J,M
E084D3,LV-HSS,PA24,PIPER PA-24 Comanche,L1P,L
E0B1D3,LV-KGS,BE20,BEECH 200 Super King Air,L2T,M
E0C0D3,LV-LCS,PA32,PIPER PA-32,L1P,L
E0F3D3,LV-OOS,C152,CESSNA 152,L1P,L
E173D3,LV-WOS,BE20,BEECH 200 Super King Air,L2T,M
E190D3,LV-YCS,BE20,BEECH 200 Super King Air,L2T,M
E47ED3,PP-BMG,C55B,CESSNA 550B Citation Bravo,L2J,L
E484D3,PR-ADQ,E50P,EMBRAER EMB-500 Phenom 100,L2J,L
E48FD3,PT-PVC,E55P,EMBRAER EMB-505 Phenom 300,L2J,M
E490D3,PR-AUH,E195,EMBRAER ERJ-190-200,L2J,M
E491D3,PU-KJV,RV9,VANS RV-9,L1P,L
E493D3,PR-SVN,FA7X,DASSAULT Falcon 7X,L3J,M
E495D3,PS-FBL,E55P,EMBRAER EMB-505 Phenom 300,L2J,M
E496D3,PR-RRG,AC90,NORTH AMERICAN ROCKWELL Turbo Commander 690/840,L2T,L
E497D3,PT-VKE,PA31,PIPER PA-31-300/310/325/350/425,L2P,L
E808D3,CC-DCS,R66,ROBINSON R-66,H1T,L
