0080D6,ZS-AHP,R44,ROBINSON R-44 Raven,H1P,L
0082D6,ZS-BBH,E145,EMBRAER ERJ-145,L2J,M
0092D6,ZS-HCV,BALL,,B0-,-
0094D6,ZS-HWN,H269,HUGHES Sky Knight,H1P,L
009CD6,ZS-KXH,SR22,CIRRUS SR-22,L1P,L
00A9D6,ZS-PVH,R44,ROBINSON R-44 Raven,H1P,L
0101D6,SU-BLD,BE58,BEECH 58 Baron,L2P,L
0640D6,5N-MJQ,B738,BOEING 737-800,L2J,M
06A0D6,A7-MHH,A319,AIRBUS A-319,L2J,M
06A2D6,A7-SSS,DA40,DIAMOND DA-40 Club Star,L1P,L
0700D6,6V-AGW,P28A,PIPER PA-28-140/150/160/180,L1P,L
0900D6,D2-TBK,B737,BOEING 737-700,L2J,M
0AC3D6,PNC-0206,BE20,BEECH 200 Super King Air,L2T,M
0C20D6,HP-1857CMP,B738,BOEING 737-800,L2J,M
0D05D6,XC-GAS,AC90,NORTH AMERICAN ROCKWELL Turbo Commander 690/840,L2T,L
0D06D6,XA-UKI,BE9L,BEECH 90 King Air,L2T,L
0D09D6,XA-MJA,H25B,HAWKER BEECHCRAFT Hawker 750/850,L2J,M
0D0BD6,XA-EGH,B505,BELL 505 JetRanger X,H1T,L
0D0CD6,XB-PWY,P32T,PIPER PA-32RT-300/300T,L1P,L
1130D6,GND,GND,,V0-,-
140AD6,RA-02774,H25B,HAWKER BEECHCRAFT Hawker 750/850,L2J,M
141CD6,RA-07382,R66,ROBINSON R-66,H1T,L
1457D6,RA-22486,MI8,MIL Mi-8/9/17/19/171/172,H2T,M
1506D6,RA-67286,DHC6,DE HAVILLAND DHC-6 Twin Otter,L2T,L
151DD6,RA-73174,A320,AIRBUS A-320,L2J,M
151ED6,RA-73430,A20N,AIRBUS A-320neo,L2J,M
151FD6,RA-73686,A333,AIRBUS A-330-300,L2J,H
1526D6,RF-75478,IL18,ILYUSHIN Il-18,L4T,M
152AD6,RA-76502,IL76,ILYUSHIN Il-76/82,L4J,H
1533D6,RA-78806,,,,
155BD6,RA-89046,SU95,SUKHOI Superjet 100-95,L2J,M
3002D6,I-OTEL,C501,CESSNA 501 Citation 1SP,L2J,L
3003D6,I-PTLB,RV9,VANS RV-9,L1P,L
3004D6,I-GITA,P28R,PIPER PA-28R-180/200/201,L1P,L
3006D6,I-CHEK,P28R,PIPER PA-28R-180/200/201,L1P,L
3007D6,I-LUBA,C150,CESSNA 150,L1P,L
3008D6,I-PVGA,P208,TECNAM P-2008,L1P,L
31DDD6,I-C457,CH60,ZENAIR CH-600 Zodiac,L1P,L
31FFD6,TWR,TWR,,T0-,-
33FFD6,MM62202,P180,PIAGGIO P-180 Avanti,L2T,L
3421D6,EC-HAK,E120,EMBRAER EMB-120 Brasilia,L2T,M
3422D6,HU.26-05,EC35,AIRBUS HELICOPTERS EC-135/635,H2T,L
3425D6,U.21-01,C650,CESSNA 650 Citation,L2J,M
3434D6,16709,C295,CASA C-295 Persuader,L2T,M
3450D6,EC-MJA,A332,AIRBUS A-330-200,L2J,H
3451D6,EC-MKE,AT75,ATR-72-500,L2T,M
3455D6,EC-MTB,A319,AIRBUS A-319,L2J,M
3571D6,E.27-22,PC21,PILATUS PC-21,L1T,L
3AAAD6,F-MEAM,NH90,NHI NH-90,H2T,M
3AABD6,5471,AS55,AEROSPATIALE AS-355 Ecureuil 2,H2T,L
3B76D6,F-RAVB,AS55,AEROSPATIALE AS-355 Ecureuil 2,H2T,L
3B9BD6,18,ATLA,BREGUET Atlantic,L2T,M
3C17D6,D-AYAR,A21N,AIRBUS A-321neo,L2J,M
3C1CD6,D-AZXX,A21N,AIRBUS A-321neo,L2J,M
3C49D6,D-ABNV,A320,AIRBUS A-320,L2J,M
3C4DD6,D-ACNV,CRJ9,BOMBARDIER Regional Jet CRJ-900,L2J,M
3C60D6,D-AHFV,B738,BOEING 737-800,L2J,M
3C65D6,D-AINV,A20N,AIRBUS A-320neo,L2J,M
3C6DD6,D-AKNV,A319,AIRBUS A-319,L2J,M
3CCBD6,D-CEMO,H25B,HAWKER BEECHCRAFT Hawker 750/850,L2J,M
3CCDD6,D-CFGG,LJ35,LEARJET 35,L2J,M
3CE3D6,D-CNOW,E55P,EMBRAER EMB-505 Phenom 300,L2J,M
3CF6D6,D-CUTY,B350,BEECHCRAFT Super King Air 350,L2T,M
3D04D6,D-EABU,D11,JODEL D-11x/12x,L1P,L
3D08D6,D-EBPE,C175,CESSNA 175 Skylark,L1P,L
3D09D6,D-EBZA,P28T,PIPER PA-28RT-201,L1P,L
3D0BD6,D-ECSS,C172,CESSNA 172 Skyhawk,L1P,L
3D0DD6,D-EDMK,JB15,OBERLECHNER JOB-15,L1P,L
3D0FD6,D-EEGC,DR40,ROBIN DR-400,L1P,L
3D10D6,D-EEPY,C82R,CESSNA R182 Skylane RG,L1P,L
3D11D6,D-EEZU,C172,CESSNA 172 Skyhawk,L1P,L
3D14D6,D-EGDI,RALL,SOCATA Rallye,L1P,L
3D15D6,D-EGNE,JUNR,BOLKOW BO-208 Junior,L1P,L
3D17D6,D-EHGW,P28A,PIPER PA-28-140/150/160/180,L1P,L
3D19D6,D-EIAO,RALL,SOCATA Rallye,L1P,L
3D1AD6,D-EIKK,ZZZZ,,-0-,-
3D20D6,D-EKRM,C172,CESSNA 172 Skyhawk,L1P,L
3D22D6,D-ELLE,LNC4,LANCAIR 4,L1P,L
3D27D6,D-ENIK,PA12,PIPER PA-12 Super Cruiser,L1P,L
3D29D6,D-EOCC,C172,CESSNA 172 Skyhawk,L1P,L
3D2BD6,D-EOVU,C172,CESSNA 172 Skyhawk,L1P,L
3D31D6,D-ERCW,PA46,PIPER PA-46-310/350,L1P,L
3D32D6,D-ERMS,S22T,CIRRUS SR-22T Turbo,L1P,L
3D33D6,D-ERWO,A210,AQUILA A-210,L1P,L
3D38D6,D-ETTU,C172,CESSNA 172 Skyhawk,L1P,L
3D3ED6,D-EWAW,C172,CESSNA 172 Skyhawk,L1P,L
3D41D6,D-EXEK,SAKO,RANS S-10 Sakota,L1P,L
3D43D6,D-EXYC,DV20,DIAMOND DA-20,L1P,L
3D69D6,D-FMIG,M600,PIPER PA-46-600TP,L1T,L
3DA5D6,D-GJBA,PA34,PIPER PA-34 Seneca,L2P,L
3DD3D6,D-HALY,R44,ROBINSON R-44 Raven,H1P,L
3DDDD6,D-HEGK,AS3B,AEROSPATIALE AS-332 Super Puma Mk2,H2T,M
3DE5D6,D-HHHE,EC20,AIRBUS HELICOPTERS EC-120,H1T,L
3DF2D6,D-HMFE,B06,BELL 206 JetRanger,H1T,L
3E04D6,D-HTAK,G2CA,GUIMBAL G-2 Cabri,H1P,L
3E17D6,D-IAFM,DA62,DIAMOND DA-62,L2P,L
3E34D6,D-ILFA,BN2P,BRITTEN-NORMAN BN-2 Islander,L2P,L
3E46D6,D-ISAG,PRM1,RAYTHEON 390 Premier 1,L2J,L
3E60D6,D-KBWG,VENT,SCHEMPP-HIRTH Ventus,L1P,L
3E65D6,D-KDTM,GLID,,L0-,-
3E66D6,D-KEDI,GLID,,L0-,-
3E69D6,D-KFGW,VENT,SCHEMPP-HIRTH Ventus,L1P,L
3E6CD6,D-KGKK,GLID,,L0-,-
3E6ED6,D-KHEC,SF25,SCHEIBE SF-25 Falke,L1P,L
3E79D6,D-KLIK,RF5,FOURNIER RF-5,L1P,L
3E7AD6,D-KLSG,GLID,,L0-,-
3E7BD6,D-KMCC,VENT,SCHEMPP-HIRTH Ventus,L1P,L
3E9CD6,78+33,NH90,NHI NH-90,H2T,M
3EAED6,78+01,NH90,NHI NH-90,H2T,M
3EC1D6,D-KOJE,GLID,,L0-,-
3EC4D6,D-KPMS,VENT,SCHEMPP-HIRTH Ventus,L1P,L
3EE0D6,D-0063,GLID,,L0-,-
3EEFD6,D-3903,GLID,,L0-,-
3EF3D6,D-4927,GLID,,L0-,-
3EF5D6,D-5439,GLID,,L0-,-
3F00D6,D-8255,GLID,,L0-,-
3FDED6,D-OVVA,BALL,,B0-,-
3FEAD6,D-MGKA,EV97,EVEKTRO EV-97 EuroStar,L1P,L
3FEBD6,D-MCHG,EFOX,AEROPRO Eurofox,L1P,L
3FECD6,D-MTJW,MCR1,COLOMBAN Ban-Bi,L1P,L
3FEED6,D-MHRO,FDCT,FLIGHT DESIGN CT,L1P,L
3FF0D6,D-MCIS,MM16,MAGNI M-16 Tandem Trainer,G1P,L
3FF1D6,D-MISI,PIVI,PIPSTREL Virus,L1P,L
3FF2D6,D-MMSE,BREZ,AEROSTYLE Breezer,L1P,L
3FF4D6,D-MTTI,SHRK,SHARK AERO Shark,L1P,L
3FF5D6,D-MCDG,TL20,TL ULTRALIGHT TL-2000 Sting,L1P,L
4006D6,G-MISG,B733,BOEING 737-300,L2J,M
4009D6,G-FRAW,FA20,DASSAULT Falcon 200,L2J,M
400AD6,G-ATCX,C182,CESSNA 182 Skylane,L1P,L
400BD6,G-EELS,C208,CESSNA 208 Caravan,L1T,L
400ED6,G-BYUS,G115,GROB G-115,L1P,L
4010D6,G-CCZZ,EV97,EVEKTRO EV-97 EuroStar,L1P,L
4012D6,G-EHMJ,BE35,BEECH 35 Starfire Bonanza,L1P,L
4015D6,G-ASMS,C150,CESSNA 150,L1P,L
4017D6,G-AWUN,C150,CESSNA 150,L1P,L
4018D6,G-AYNF,P28A,PIPER PA-28-140/150/160/180,L1P,L
4019D6,G-BAFX,DR40,ROBIN DR-400,L1P,L
401CD6,G-BFDI,P28A,PIPER PA-28-140/150/160/180,L1P,L
4021D6,G-GBSL,BE76,BEECH 76 Duchess,L2P,L
4027D6,G-MTAW,ULAC,,L0-,-
402BD6,G-BOMZ,PA38,PIPER PA-38 Tomahawk,L1P,L
402FD6,G-MVZP,RENE,Renegade,L1P,L
4030D6,G-BSAW,P28A,PIPER PA-28-140/150/160/180,L1P,L
403DD6,G-GRRR,BDOG,BRITISH AEROSPACE SA-3 Bulldog,L1P,L
4043D6,G-BZJN,ULAC,,L0-,-
4046D6,G-CBME,C172,CESSNA 172 Skyhawk,L1P,L
4048D6,G-CCAY,BALL,,B0-,-
4049D6,G-CCHX,SF25,SCHEIBE SF-25 Falke,L1P,L
404CD6,G-CDEW,ULAC,,L0-,-
404ED6,G-CKMO,GLID,,L0-,-
404FD6,G-CEBA,CH60,ZENAIR CH-600 Zodiac,L1P,L
4052D6,G-CFYB,GLID,,L0-,-
4053D6,G-DCWF,GLID,,L0-,-
4054D6,G-MWGK,ULAC,,L0-,-
4055D6,G-WZOY,COY2,RANS Coyote 2,L1P,L
4057D6,G-DEHT,NIMB,SCHEMPP-HIRTH Nimbus,L1P,L
405ED6,G-TFAM,PA46,PIPER PA-46-310/350,L1P,L
4060D6,G-CGKG,G115,GROB G-115,L1P,L
4061D6,G-JBLZ,C55B,CESSNA 550B Citation Bravo,L2J,L
4062D6,G-CGJL,CRUZ,CSA PS-28 Cruiser,L1P,L
4063D6,G-CGOI,ULAC,,L0-,-
4065D6,G-CGYZ,ULAC,,L0-,-
4066D6,G-CUBA,P32R,PIPER PA-32R-300/301/301T,L1P,L
4067D6,G-VGBR,A333,AIRBUS A-330-300,L2J,H
4068D6,G-ULFS,GLF6,GULFSTREAM G650,L2J,M
406AD6,G-CIHA,ULAC,,L0-,-
406CD6,G-CIKX,R66,ROBINSON R-66,H1T,L
406DD6,G-CINB,ULAC,,L0-,-
4070D6,G-CJEJ,SKRA,BEST OFF Sky Ranger,L1P,L
4072D6,G-OSOR,GLID,,L0-,-
4075D6,G-IZZT,S22T,CIRRUS SR-22T Turbo,L1P,L
4076D6,G-CLCL,RV7,VANS RV-7,L1P,L
4077D6,G-OTAW,NG5,BRM AERO NG-5/6 Bristell,L1P,L
4079D6,G-EGBW,P28A,PIPER PA-28-140/150/160/180,L1P,L
4241D6,VP-CAS,CL60,BOMBARDIER CL-600 Challenger,L2J,M
4244D6,VQ-BDP,B738,BOEING 737-800,L2J,M
4248D6,VP-CGF,B738,BOEING 737-800,L2J,M
424BD6,M-ARKS,DA62,DIAMOND DA-62,L2P,L
43C1D6,ZA469,TOR,PANAVIA Tornado,L2J,M
43C4D6,ZA705,H47,BOEING-VERTOL CH-47 Chinook,H2T,M
43C6D6,ZK323,EUFI,EUROFIGHTER 2000,L2J,M
43C7D6,ZK559,H47,BOEING-VERTOL CH-47 Chinook,H2T,M
43C8D6,ZM335,E50P,EMBRAER EMB-500 Phenom 100,L2J,L
43EAD6,M-ULTI,GLEX,BOMBARDIER BD-700 Global 6000/6500,L2J,M
43F2D6,ZJ-CER,BE58,BEECH 58 Baron,L2P,L
4401D6,OE-FII,C25A,CESSNA 525A Citation CJ2,L2J,L
4403D6,OE-HKT,G280,GULFSTREAM G280,L2J,M
4404D6,OE-FMF,DA62,DIAMOND DA-62,L2P,L
4405D6,OE-AHK,RV12,VANS RV-12,L1P,L
4406D6,OE-DOB,C172,CESSNA 172 Skyhawk,L1P,L
4407D6,OE-HDC,CL30,BOMBARDIER BD-100 Challenger 300,L2J,M
4408D6,OE-FAD,P68,PARTENAVIA P-68 Observer,L2P,L
440BD6,OE-GMJ,C56X,CESSNA 560XL Citation XLS,L2J,M
440CD6,OE-KSN,P28A,PIPER PA-28-140/150/160/180,L1P,L
4489D6,OO-BNV,BALL,,B0-,-
44CCD6,OO-SFV,A333,AIRBUS A-330-300,L2J,H
44DAD6,OO-VVV,E300,EXTRA EA-300/330/350,L1P,L
44E5D6,OO-YNV,GLID,,L0-,-
44E6D6,OO-YVV,YK52,YAKOVLEV Yak-52,L1P,L
44E8D6,OO-ZFV,PK20,PIK 20E,L1P,L
4595D6,OY-ENV,C172,CESSNA 172 Skyhawk,L1P,L
45A1D6,OY-HNV,EC75,AIRBUS HELICOPTERS EC-175,H2T,M
45A5D6,OY-INV,CL60,BOMBARDIER CL-600 Challenger,L2J,M
45E1D6,OY-XNV,GLID,,L0-,-
4692D6,SX-DVV,A320,AIRBUS A-320,L2J,M
471DD6,HA-LHU,A332,AIRBUS A-330-200,L2J,H
4783D6,LN-OPK,EC30,AIRBUS HELICOPTERS EC-130,H1T,L
478CD6,LN-FGC,B738,BOEING 737-800,L2J,M
4841D6,PH-XRC,B737,BOEING 737-700,L2J,M
4843D6,PH-BYA,BE58,BEECH 58 Baron,L2P,L
4845D6,PH-RAF,BALL,,B0-,-
4849D6,PH-735,GLID,,L0-,-
484BD6,PH-PPV,BALL,,B0-,-
484CD6,PH-4F4,ALSL,AIRLONY Skylane,L1P,L
484DD6,PH-1002,GLID,,L0-,-
484FD6,PH-FBH,A139,AGUSTA AW-139,H2T,L
4850D6,PH-4L2,ECHO,TECNAM P-92 Echo,L1P,L
4851D6,PH-1IH,ZZZZ,,-0-,-
4853D6,PH-1OF,ZZZZ,,-0-,-
4854D6,PH-1YW,ZZZZ,,-0-,-
4855D6,PH-2KY,ZZZZ,,-0-,-
4856D6,PH-2MZ,ZZZZ,,-0-,-
485CD6,PH-OVH,SUBA,FUJI FA-200 Aero Subaru,L1P,L
4864D6,PH-HHH,PNR4,ALPI Pioneer 400,L1P,L
4906D6,CS-AVV,PA38,PIPER PA-38 Tomahawk,L1P,L
4920D6,CS-HFV,AS65,AEROSPATIALE AS-365 Dauphin 2,H2T,L
4951D6,CS-TNV,A320,AIRBUS A-320,L2J,M
4955D6,CS-UNV,SKRA,BEST OFF Sky Ranger,L1P,L
497CD6,UAFAP2,DRON,,D0-,-
49D2D6,OK-VAA,L410,LET L-410 Turbolet,L2T,L
49D3D6,OK-SWD,B38M,BOEING 737 MAX 8,L2J,M
49D4D6,OK-CPS,SR20,CIRRUS SR-20,L1P,L
4A9DD6,SE-GNV,P32R,PIPER PA-32R-300/301/301T,L1P,L
4AD5D6,SE-UNV,DUOD,SCHEMPP-HIRTH Duo Discus,L1P,L
4ADAD6,SE-VVV,SHRK,SHARK AERO Shark,L1P,L
4B03D6,HB-BLU,BALL,,B0-,-
4B0ED6,HB-FQC,PC12,PILATUS PC-12,L1T,L
4B1AD6,HB-KEG,HUSK,CHRISTEN Husky,L1P,L
4B25D6,HB-OIO,J3,PIPER J-3 Cub,L1P,L
4B28D6,HB-PMC,P28A,PIPER PA-28-140/150/160/180,L1P,L
4B2BD6,HB-QPQ,BALL,,B0-,-
4B2CD6,HB-QZM,BALL,,B0-,-
4B43D6,HB-ZRY,A109,AGUSTA AW-109 Grand,H2T,L
4B4BD6,HB-1839,GLID,,L0-,-
4B4DD6,HB-2351,AS25,SCHLEICHER ASH-25,L1P,L
4B7FD6,A-926,PC7,PILATUS PC-7 Astra,L1T,L
4BAAD6,TC-JVV,B738,BOEING 737-800,L2J,M
4BB5D6,TC-MNV,A306,AIRBUS A-300-600,L2J,H
4BCDD6,TC-SNV,B738,BOEING 737-800,L2J,M
4CA1D6,EI-FFV,AA5,AMERICAN AA-5 Tiger,L1P,L
4CA2D6,EI-DLJ,B738,BOEING 737-800,L2J,M
4CA7D6,EI-EHH,AT43,ATR-42-300,L2T,M
4CA8D6,EI-ENK,B738,BOEING 737-800,L2J,M
4CA9D6,EI-ETO,A319,AIRBUS A-319,L2J,M
4CACD6,EI-GFL,A332,AIRBUS A-330-200,L2J,H
4CAFD6,EI-GEC,CRJ9,BOMBARDIER Regional Jet CRJ-900,L2J,M
4D00D6,LX-LQB,DH8D,DE HAVILLAND DHC-8-400 Dash 8,L2T,M
4D20D6,9H-VJJ,GLEX,BOMBARDIER BD-700 Global 6000/6500,L2J,M
4D21D6,9H-VDO,A320,AIRBUS A-320,L2J,M
4D22D6,9H-VFK,CL60,BOMBARDIER CL-600 Challenger,L2J,M
4D23D6,9H-AZC,B744,BOEING 747-400,L4J,H
5002D6,T7-137,H25B,HAWKER BEECHCRAFT Hawker 750/850,L2J,M
502CD6,YL-ACE,,,,
505ED6,OM-VAV,L410,LET L-410 Turbolet,L2T,L
5080D6,UR-CEL,MD83,MCDONNELL-DOUGLAS MD-83,L2J,M
5110D6,ES-SAQ,A320,AIRBUS A-320,L2J,M
6831D6,UP-AW906,A139,AGUSTA AW-139,H2T,L
70C0D6,168,HAWK,BRITISH AEROSPACE T-45 Goshawk,L1J,M
7103D6,HZ-AR12,B789,BOEING 787-9 Dreamliner,L2J,H
717CD6,HZ-AL62,A139,AGUSTA AW-139,H2T,L
7335D6,EP-MNV,A310,AIRBUS A-310,L2J,H
7394D6,4X-CDT,C172,CESSNA 172 Skyhawk,L1P,L
7504D6,9M-SKE,P28A,PIPER PA-28-140/150/160/180,L1P,L
7580D6,RP-C7776,B77W,BOEING 777-300ER,L2J,H
7581D6,RP-C7258,AT75,ATR-72-500,L2T,M
7586D6,RP-C8821,BE30,BEECH 300 Super King Air,L2T,L
7609D6,AP-BNV,A320,AIRBUS A-320,L2J,M
7800D6,B-6209,A319,AIRBUS A-319,L2J,M
7802D6,B-2117,B733,BOEING 737-300,L2J,M
7803D6,B-9284,C172,CESSNA 172 Skyhawk,L1P,L
7804D6,B-6180,A319,AIRBUS A-319,L2J,M
7805D6,B-5489,B738,BOEING 737-800,L2J,M
7807D6,B-6538,A332,AIRBUS A-330-200,L2J,H
7808D6,B-5659,B738,BOEING 737-800,L2J,M
7809D6,B-9909,A320,AIRBUS A-320,L2J,M
780BD6,B-1803,A320,AIRBUS A-320,L2J,M
780CD6,B-5817,B737,BOEING 737-700,L2J,M
780DD6,B-1505,B738,BOEING 737-800,L2J,M
780FD6,B-7970,B738,BOEING 737-800,L2J,M
7810D6,B-8872,A320,AIRBUS A-320,L2J,M
7811D6,B-1480,B738,BOEING 737-800,L2J,M
7812D6,B-1359,B738,BOEING 737-800,L2J,M
7813D6,B-1106,B737,BOEING 737-700,L2J,M
7814D6,B-001Z,AJ27,COMAC ARJ-21-700 Xiangfeng,L2J,M
7816D6,B-20AX,B38M,BOEING 737 MAX 8,L2J,M
7817D6,B-30AY,A320,AIRBUS A-320,L2J,M
7818D6,B-10M7,DA40,DIAMOND DA-40 Club Star,L1P,L
7819D6,B-220D,B789,BOEING 787-9 Dreamliner,L2J,H
781AD6,B-321V,A20N,AIRBUS A-320neo,L2J,M
781CD6,B-327N,A20N,AIRBUS A-320neo,L2J,M
781DD6,B-32A1,A21N,AIRBUS A-321neo,L2J,M
781ED6,B-32D9,A21N,AIRBUS A-321neo,L2J,M
7C01D6,VH-ANC,B06,BELL 206 JetRanger,H1T,L
7C02D6,VH-AUG,PA31,PIPER PA-31-300/310/325/350/425,L2P,L
7C06D6,VH-BMW,H25B,HAWKER BEECHCRAFT Hawker 750/850,L2J,M
7C0AD6,VH-CFC,C182,CESSNA 182 Skylane,L1P,L
7C0CD6,VH-CTK,CT4,PACIFIC AEROSPACE CT-4 Airtrainer,L1P,L
7C0FD6,VH-DEW,BALL,,B0-,-
7C16D6,VH-ESO,C172,CESSNA 172 Skyhawk,L1P,L
7C17D6,VH-EZS,LGEZ,RUTAN Long-EZ,L1P,L
7C1CD6,VH-FZC,RV7,VANS RV-7,L1P,L
7C25D6,VH-HRC,C182,CESSNA 182 Skylane,L1P,L
7C2ED6,VH-JJC,C172,CESSNA 172 Skyhawk,L1P,L
7C2FD6,VH-JQG,A320,AIRBUS A-320,L2J,M
7C38D6,VH-LIG,BT36,BEECH B36TC Bonanza,L1P,L
7C3AD6,VH-LWO,PC12,PILATUS PC-12,L1T,L
7C3CD6,VH-MAW,RV12,VANS RV-12,L1P,L
7C41D6,VH-NAG,T6,NORTH AMERICAN T-6 Texan,L1P,L
7C42D6,VH-NHK,F100,FOKKER 100,L2J,M
7C43D6,VH-NOO,DA40,DIAMOND DA-40 Club Star,L1P,L
7C49D6,VH-OVC,SW3,SWEARINGEN Merlin 3,L2T,L
7C4CD6,VH-PGO,PA31,PIPER PA-31-300/310/325/350/425,L2P,L
7C4DD6,VH-PNS,P68,PARTENAVIA P-68 Observer,L2P,L
7C57D6,VH-RMW,P28S,PIPER PA-28R-201T,L1P,L
7C5BD6,VH-SFC,BE58,BEECH 58 Baron,L2P,L
7C5DD6,VH-STK,R22,ROBINSON R-22 Mariner,H1P,L
7C60D6,VH-TEW,PA24,PIPER PA-24 Comanche,L1P,L
7C65D6,VH-UEG,C150,CESSNA 150,L1P,L
7C6DD6,VH-VZC,B738,BOEING 737-800,L2J,M
7C76D6,VH-XRC,RV7,VANS RV-7,L1P,L
7C79D6,VH-YCO,CT4,PACIFIC AEROSPACE CT-4 Airtrainer,L1P,L
7C7AD6,VH-YJS,AC50,NORTH AMERICAN ROCKWELL Commander 500,L2P,L
7C7BD6,VH-YQW,B712,BOEING 717-200,L2J,M
7C81D6,VH-ZXK,SF34,SAAB 340,L2T,M
7CBBD6,19-1048,TAIL,WITTMAN Tailwind,L1P,L
7CC4D6,24-7349,JAB4,JABIRU J200-450,L1P,L
7CF9D6,A47-012,P8,BOEING P-8 Poseidon,L2J,M
8000D6,K2899,B703,BOEING 707-300,L4J,H
8002D6,RK3449,IL76,ILYUSHIN Il-76/82,L4J,H
8004D6,VT-PPM,A321,AIRBUS A-321,L2J,M
8005D6,VT-SGH,B738,BOEING 737-800,L2J,M
800BD6,VT-EHB,BE20,BEECH 200 Super King Air,L2T,M
800CD6,VT-GHK,B738,BOEING 737-800,L2J,M
8013D6,VT-TVA,A21N,AIRBUS A-321neo,L2J,M
8014D6,VT-IIV,A20N,AIRBUS A-320neo,L2J,M
8417D6,JA06MC,A320,AIRBUS A-320,L2J,M
8514D6,JA322J,B738,BOEING 737-800,L2J,M
861ED6,JA614A,B763,BOEING 767-300,L2J,H
8623D6,JA62HC,EC25,AIRBUS HELICOPTERS EC-225/725,H2T,M
86E8D6,JA87CG,A189,AGUSTA AW-189,H2T,M
8960D6,A6-EBO,B77W,BOEING 777-300ER,L2J,H
8963D6,A6-EPG,B77W,BOEING 777-300ER,L2J,H
8964D6,A6-SBK,A169,AGUSTA AW-169,H2T,L
8965D6,A6-FKK,B38M,BOEING 737 MAX 8,L2J,M
8980D6,P2-HOR,DHC2,DE HAVILLAND DHC-2 Beaver,L1P,L
8990D6,B-16707,B77W,BOEING 777-300ER,L2J,H
8991D6,B-58208,A21N,AIRBUS A-321neo,L2J,M
8A02D6,PK-GMX,B738,BOEING 737-800,L2J,M
8A04D6,PK-CMF,B738,BOEING 737-800,L2J,M
8A05D6,PK-GQO,A320,AIRBUS A-320,L2J,M
A000D6,N1JM,CL60,BOMBARDIER CL-600 Challenger,L2J,M
A004D6,N100BJ,PA32,PIPER PA-32,L1P,L
A006D6,N100XW,PA18,PIPER PA-18 Super Cub,L1P,L
A008D6,N101EG,BE50,BEECH 50 Excalibur,L2P,L
A00BD6,N10175,B47G,BELL 47G,H1P,L
A00DD6,N102TL,GLID,,L0-,-
A00ED6,N1022X,P28R,PIPER PA-28R-180/200/201,L1P,L
A010D6,N103LC,S22T,CIRRUS SR-22T Turbo,L1P,L
A013D6,N104CV,BABY,CANADIAN HOME ROTORS Baby Belle,H1P,L
A014D6,N104PA,A119,AGUSTA AW-119 Koala,H1T,L
A018D6,N105RZ,RV6,VANS RV-6,L1P,L
A019D6,N1051V,T206,CESSNA T206 Turbo Stationair,L1P,L
A01DD6,N1063Y,BALL,,B0-,-
A01ED6,N107BH,C212,CESSNA 212 Aviocar,L2T,M
A021D6,N10751,,,,
A025D6,N10874,GLID,,L0-,-
A027D6,N109TK,A109,AGUSTA AW-109 Grand,H2T,L
A028D6,N1092W,BE95,BEECH 95 Travel Air,L2P,L
A029D6,N10997,C150,CESSNA 150,L1P,L
A02BD6,N11WH,C182,CESSNA 182 Skylane,L1P,L
A02DD6,N110SU,BE76,BEECH 76 Duchess,L2P,L
A02ED6,N1102E,CH7A,BELLANCA 7 Champion,L1P,L
A030D6,N111KL,GLID,,L0-,-
A031D6,N111VS,M20P,MOONEY M-20,L1P,L
A032D6,N1114H,AR15,AERONCA 15 Sedan,L1P,L
A03AD6,N1138P,M20P,MOONEY M-20,L1P,L
A03DD6,N1143F,C172,CESSNA 172 Skyhawk,L1P,L
A03ED6,N115AR,CH60,ZENAIR CH-600 Zodiac,L1P,L
A042D6,N116DP,RV7,VANS RV-7,L1P,L
A044D6,N1160A,PA18,PIPER PA-18 Super Cub,L1P,L
A045D6,N1167M,BE23,BEECH 23 Sundowner,L1P,L
A048D6,N1172D,O1,CESSNA 305/341 Bird Dog,L1P,L
A04BD6,N118VR,J3,PIPER J-3 Cub,L1P,L
A04CD6,35184,B350,BEECHCRAFT Super King Air 350,L2T,M
A04DD6,N119CB,CAML,SOPWITH Camel Replica,L1P,L
A050D6,N1196K,L8,LUSCOMBE 8,L1P,L
A051D6,N12F,C680,CESSNA 680 Citation Sovereign,L2J,M
A052D6,N12RF,C210,CESSNA 201 Centurion,L1P,L
A053D6,N120BL,AS20,SCHLEICHER ASW-20,L1P,L
A05DD6,N1222Z,,,,
A05FD6,N123LE,LGEZ,RUTAN Long-EZ,L1P,L
A060D6,N123WL,ALIG,ARION LS-1 Lightning,L1P,L
A061D6,N12342,C172,CESSNA 172 Skyhawk,L1P,L
A065D6,N12465,PA22,PIPER PA-22,L1P,L
A067D6,N125SA,DHC6,DE HAVILLAND DHC-6 Twin Otter,L2T,L
A068D6,N1251X,M20P,MOONEY M-20,L1P,L
A069D6,N12588,C172,CESSNA 172 Skyhawk,L1P,L
A06CD6,N12630,C172,CESSNA 172 Skyhawk,L1P,L
A070D6,N12753,C172,CESSNA 172 Skyhawk,L1P,L
A071D6,N128EH,R44,ROBINSON R-44 Raven,H1P,L
A073D6,N1280V,,,,
A074D6,N12876,C172,CESSNA 172 Skyhawk,L1P,L
A075D6,N129HF,C172,CESSNA 172 Skyhawk,L1P,L
A077D6,N1292Y,C150,CESSNA 150,L1P,L
A079D6,N13LD,EAGL,CHRISTEN Eagle,L1P,L
A07AD6,N13WK,,,,
A07DD6,N1302G,C182,CESSNA 182 Skylane,L1P,L
A080D6,N131VU,C72R,CESSNA 172R Cutlass RG,L1P,L
A082D6,N132CE,C650,CESSNA 650 Citation,L2J,M
A085D6,N1326N,J3,PIPER J-3 Cub,L1P,L
A086D6,N133FC,BE35,BEECH 35 Starfire Bonanza,L1P,L
A087D6,N133RJ,M20P,MOONEY M-20,L1P,L
A088D6,N1331E,CH7A,BELLANCA 7 Champion,L1P,L
A08AD6,N134JA,CH7A,BELLANCA 7 Champion,L1P,L
A08DD6,N135AT,A4,DOUGLAS A-4 Skyhawk,L1J,M
A093D6,N1360C,SR22,CIRRUS SR-22,L1P,L
A094D6,N1367P,PA23,PIPER PA-23,L2P,L
A098D6,N1379S,C182,CESSNA 182 Skylane,L1P,L
A0A4D6,N140Y,WACF,WACO F,L1P,L
A0A6D6,N141EL,,,,
A0A7D6,N141QS,GLEX,BOMBARDIER BD-700 Global 6000/6500,L2J,M
A0A8D6,N1410Y,C172,CESSNA 172 Skyhawk,L1P,L
A0A9D6,N14179,E45X,EMBRAER ERJ-145XR,L2J,M
A0ACD6,N14221,C82S,CESSNA T182 Turbo Skylane,L1P,L
A0ADD6,N143AA,DV20,DIAMOND DA-20,L1P,L
A0B6D6,N145SC,BE18,BEECH 18 Expetitor,L2P,L
A0B8D6,N1459,B350,BEECHCRAFT Super King Air 350,L2T,M
A0BBD6,N14632,ULAC,,L0-,-
A0BDD6,N147MT,PA18,PIPER PA-18 Super Cub,L1P,L
A0C7D6,N15A,BE95,BEECH 95 Travel Air,L2P,L
A0C8D6,N15LF,HUSK,CHRISTEN Husky,L1P,L
A0C9D6,N15WM,C340,CESSNA 340 Super,L2P,L
A0CAD6,N150GS,CB1,HATZ CB-1 Classic,L1P,L
A0CBD6,N150SY,E75L,EMBRAER ERJ-170-200 (long wing),L2J,M
A0CDD6,N1509V,DOVE,DE HAVILLAND DH-104 Dove,L2P,L
A0D0D6,N1514M,C182,CESSNA 182 Skylane,L1P,L
A0D4D6,N1526Q,C150,CESSNA 150,L1P,L
A0D5D6,N153FE,B763,BOEING 767-300,L2J,H
A0D7D6,N1531G,AT3T,AIR TRACTOR AT-302/402,L1T,L
A0DCD6,N155AV,BE20,BEECH 200 Super King Air,L2T,M
A0DDD6,N155MA,PA46,PIPER PA-46-310/350,L1P,L
A0DFD6,N1555N,MUS2,BUSHBY M-2 Mustang 2,L1P,L
A0E2D6,N1560E,C172,CESSNA 172 Skyhawk,L1P,L
A0E5D6,N157SX,SONX,SONEX AIRCRAFT Sonex,L1P,L
A0EED6,N1596P,PA18,PIPER PA-18 Super Cub,L1P,L
A0EFD6,N16FD,F260,AERMACCHI SF-260,L1P,L
A0F0D6,N16RK,RV6,VANS RV-6,L1P,L
A0F4D6,N16058,C150,CESSNA 150,L1P,L
A0FAD6,N162TS,BALL,,B0-,-
A0FCD6,N163AC,S64,SIKORSKY S-64 Skycrane,H2T,M
A100D6,N164DA,BE23,BEECH 23 Sundowner,L1P,L
A106D6,N16511,E135,EMBRAER ERJ-135,L2J,M
A107D6,N1659B,L11,TEMCO Sedan,L1P,L
A10BD6,N167BP,TMUS,PAPA 51 Thunder Mustang,L1P,L
A112D6,N1688,,,,
A116D6,N17AB,C210,CESSNA 201 Centurion,L1P,L
A117D6,N17LH,P46T,PIPER PA-46-500TP,L1T,L
A118D6,N17WP,BE95,BEECH 95 Travel Air,L2P,L
A11AD6,N170T,PA18,PIPER PA-18 Super Cub,L1P,L
A11DD6,N171KS,C210,CESSNA 201 Centurion,L1P,L
A120D6,N172CJ,C172,CESSNA 172 Skyhawk,L1P,L
A126D6,N1731J,P28A,PIPER PA-28-140/150/160/180,L1P,L
A12CD6,N175MC,E55P,EMBRAER EMB-505 Phenom 300,L2J,M
A133D6,N177GT,C177,CESSNA  177 Cardinal,L1P,L
A137D6,N178KR,GALX,GULFSTREAM G200,L2J,M
A13AD6,N179CH,,,,
A13DD6,N1796R,C185,CESSNA 185 Skywagon,L1P,L
A13ED6,N18FF,H500,HUGHES 500,H1T,L
A13FD6,N18RM,,,,
A140D6,N180BS,C180,CESSNA  180 Skywagon,L1P,L
A146D6,N18102,E45X,EMBRAER ERJ-145XR,L2J,M
A147D6,N1818C,FA7X,DASSAULT Falcon 7X,L3J,M
A14AD6,N18225,C150,CESSNA 150,L1P,L
A14BD6,N183AE,AS50,AEROSPATIALE AS-350 Ecureuil,H1T,L
A14FD6,N184DC,RV8,VANS RV-8,L1P,L
A15DD6,N18759,,,,
A164D6,N18924,BE23,BEECH 23 Sundowner,L1P,L
A165D6,N19AD,,,,
A166D6,N19LK,GLID,,L0-,-
A167D6,N19WR,FA62,FAIRCHILD M-26 Cornell,L1P,L
A16BD6,N1909Z,C150,CESSNA 150,L1P,L
A16DD6,N191W,BE95,BEECH 95 Travel Air,L2P,L
A172D6,N1926U,T206,CESSNA T206 Turbo Stationair,L1P,L
A17AD6,N195AZ,C185,CESSNA 185 Skywagon,L1P,L
A17DD6,N1955S,LEG2,LANCAIR Legacy,L1P,L
A181D6,N1967V,C210,CESSNA 201 Centurion,L1P,L
A183D6,N197TA,C172,CESSNA 172 Skyhawk,L1P,L
A18DD6,N2FH,H60,SIKORSKY UH-60 Black Hawk,H2T,M
A18ED6,N2RP,PA23,PIPER PA-23,L2P,L
A18FD6,N20BU,PA23,PIPER PA-23,L2P,L
A190D6,N20N,BALL,,B0-,-
A191D6,N20YF,PA11,PIPER PA-11 Cub Special,L1P,L
A192D6,N200JL,BE20,BEECH 200 Super King Air,L2T,M
A193D6,N200US,P28A,PIPER PA-28-140/150/160/180,L1P,L
A195D6,N201BC,M20P,MOONEY M-20,L1P,L
A197D6,N201XQ,M20P,MOONEY M-20,L1P,L
A198D6,N2015W,BE35,BEECH 35 Starfire Bonanza,L1P,L
A199D6,N202EA,EA50,ECLIPSE 550,L2J,L
A19BD6,N2020N,C140,CESSNA 140,L1P,L
A1A0D6,N20392,C172,CESSNA 172 Skyhawk,L1P,L
A1A4D6,N205CP,B06,BELL 206 JetRanger,H1T,L
A1A5D6,N205NV,A320,AIRBUS A-320,L2J,M
A1A7D6,N2056X,C182,CESSNA 182 Skylane,L1P,L
A1A9D6,N206RT,T206,CESSNA T206 Turbo Stationair,L1P,L
A1B2D6,N2085V,P28A,PIPER PA-28-140/150/160/180,L1P,L
A1B3D6,N209E,FOX,KITFOX,L1P,L
A1B5D6,N2090M,J3,PIPER J-3 Cub,L1P,L
A1B6D6,N2097Y,C172,CESSNA 172 Skyhawk,L1P,L
A1B7D6,N21GY,SPHA,AMERICAN AUTOGYRO Spinus,G1P,L
A1BCD6,N2107G,P28B,PIPER PA-28-201T/235/236,L1P,L
A1BFD6,N21119,C182,CESSNA 182 Skylane,L1P,L
A1C1D6,N212KE,CH70,ZENAIR CH-701 Stol,L1P,L
A1C3D6,N2124B,L8,LUSCOMBE 8,L1P,L
A1C7D6,N2136E,P28R,PIPER PA-28R-180/200/201,L1P,L
A1CBD6,N2148H,ERCO,AIR PRODUCTS F-1 Aircoupe,L1P,L
A1D2D6,N2165C,C195,CESSNA 195,L1P,L
A1D6D6,N2177F,P28B,PIPER PA-28-201T/235/236,L1P,L
A1D8D6,N218SM,FOX,KITFOX,L1P,L
A1D9D6,N21818,C188,CESSNA 188 AgTruck,L1P,L
A1DDD6,N2194A,PA22,PIPER PA-22,L1P,L
A1E3D6,N2203V,P28A,PIPER PA-28-140/150/160/180,L1P,L
A1E4D6,N221BE,E55P,EMBRAER EMB-505 Phenom 300,L2J,M
A1E7D6,N2215Y,M20P,MOONEY M-20,L1P,L
A1E8D6,N222EC,PTS1,PITTS S-1 Special,L1P,L
A1EBD6,N22271,C172,CESSNA 172 Skyhawk,L1P,L
A1ECD6,N223HA,A21N,AIRBUS A-321neo,L2J,M
A1EDD6,N223TG,SR20,CIRRUS SR-20,L1P,L
A1EFD6,N22394,J3,PIPER J-3 Cub,L1P,L
A1F2D6,N2244W,C82S,CESSNA T182 Turbo Skylane,L1P,L
A1F3D6,N225CR,BT36,BEECH B36TC Bonanza,L1P,L
A1F8D6,N226RV,TAIL,WITTMAN Tailwind,L1P,L
A1F9D6,N2261R,T210,CESSNA T210 Turbo Centurion,L1P,L
A1FAD6,N22682,C150,CESSNA 150,L1P,L
A202D6,N229EB,HIGH,JUST JA20 Highlander,L1P,L
A205D6,N22970,C150,CESSNA 150,L1P,L
A207D6,N23TF,RV6,VANS RV-6,L1P,L
A209D6,N230PS,CRJ2,BOMBARDIER Regional Jet CRJ-200,L2J,M
A20BD6,N2307J,B36T,BEECH 36 Turbine Bonanza,L1T,L
A212D6,N2324D,PA38,PIPER PA-38 Tomahawk,L1P,L
A217D6,N234EX,PA18,PIPER PA-18 Super Cub,L1P,L
A218D6,N234RC,C82R,CESSNA R182 Skylane RG,L1P,L
A219D6,N23409,J3,PIPER J-3 Cub,L1P,L
A21AD6,N2348K,ULAC,,L0-,-
A21CD6,N235UA,,,,
A21ED6,N236AM,HUSK,CHRISTEN Husky,L1P,L
A227D6,N238SP,C172,CESSNA 172 Skyhawk,L1P,L
A229D6,N2389L,T206,CESSNA T206 Turbo Stationair,L1P,L
A22DD6,N24BY,BL8,BELLANCA 8 Decathlon,L1P,L
A22ED6,N24ND,LGEZ,RUTAN Long-EZ,L1P,L
A22FD6,N24YK,YK52,YAKOVLEV Yak-52,L1P,L
A230D6,N240JQ,E75L,EMBRAER ERJ-170-200 (long wing),L2J,M
A237D6,N242EE,PA38,PIPER PA-38 Tomahawk,L1P,L
A239D6,N2420S,C180,CESSNA  180 Skywagon,L1P,L
A23AD6,N24273,ULAC,,L0-,-
A23DD6,N2432V,C140,CESSNA 140,L1P,L
A23ED6,N24396,TAYB,TAYLORCRAFT BC/BF/BL,L1P,L
A23FD6,N244LA,AT6T,AIR TRACTOR AT-602,L1T,L
A241D6,N2444Y,C172,CESSNA 172 Skyhawk,L1P,L
A242D6,N245CT,FDCT,FLIGHT DESIGN CT,L1P,L
A245D6,N24561,GYRO,,G0-,-
A24AD6,N247JP,C208,CESSNA 208 Caravan,L1T,L
A24CD6,N2473W,P28A,PIPER PA-28-140/150/160/180,L1P,L
A24DD6,N248BF,GLST,GLASAIR SH-4 GlaStar,L1P,L
A24ED6,N248MM,RV4,VANS RV-4,L1P,L
A250D6,N2485Z,ULAC,,L0-,-
A253D6,N2490R,C182,CESSNA 182 Skylane,L1P,L
A254D6,N24972,B789,BOEING 787-9 Dreamliner,L2J,H
A255D6,N25HB,BE9L,BEECH 90 King Air,L2T,L
A257D6,N250DN,CL35,BOMBARDIER BD-100 Challenger 350,L2J,M
A25AD6,N2507L,COL4,CESSNA 400 Corvalis TT,L1P,L
A25ED6,N2519P,PA22,PIPER PA-22,L1P,L
A261D6,N2524F,CH7A,BELLANCA 7 Champion,L1P,L
A262D6,N253CA,BL8,BELLANCA 8 Decathlon,L1P,L
A26CD6,N2553D,C170,CESSNA 170,L1P,L
A270D6,N2565G,C182,CESSNA 182 Skylane,L1P,L
A277D6,N2582B,L5,STINSON Sentinel,L1P,L
A278D6,N2589N,C120,CESSNA 120,L1P,L
A27CD6,N26C,ERCO,AIR PRODUCTS F-1 Aircoupe,L1P,L
A27FD6,N260JS,CRJ2,BOMBARDIER Regional Jet CRJ-200,L2J,M
A285D6,N26152,GLID,,L0-,-
A289D6,N26275,S10,STINSON 10 Voyager,L1P,L
A28DD6,N26398,AA5,AMERICAN AA-5 Tiger,L1P,L
A290D6,N26440,AA5,AMERICAN AA-5 Tiger,L1P,L
A292D6,N265PA,DRON,,D0-,-
A297D6,N2661V,C170,CESSNA 170,L1P,L
A29CD6,N268BH,CH7B,BELLANCA 7 Citabria,L1P,L
A29DD6,N268MP,DUOD,SCHEMPP-HIRTH Duo Discus,L1P,L
A2A0D6,N269EF,,,,
A2A5D6,N27TK,B06,BELL 206 JetRanger,H1T,L
A2A8D6,N2700B,AC50,NORTH AMERICAN ROCKWELL Commander 500,L2P,L
A2A9D6,N2707N,C140,CESSNA 140,L1P,L
A2ACD6,N2712E,CH7A,BELLANCA 7 Champion,L1P,L
A2ADD6,N2719R,P28R,PIPER PA-28R-180/200/201,L1P,L
A2B0D6,N2724H,GLID,,L0-,-
A2B1D6,N273CC,PA18,PIPER PA-18 Super Cub,L1P,L
A2B4D6,N2736L,C172,CESSNA 172 Skyhawk,L1P,L
A2B7D6,N2741C,C170,CESSNA 170,L1P,L
A2B8D6,N2748P,PA22,PIPER PA-22,L1P,L
A2B9D6,N275HZ,LJ60,LEARJET 60,L2J,M
A2C2D6,N2770A,BE60,BEECH 60 Duke,L2P,L
A2C5D6,N278ST,PA46,PIPER PA-46-310/350,L1P,L
A2C7D6,N2789Q,C182,CESSNA 182 Skylane,L1P,L
A2CAD6,N2794G,C182,CESSNA 182 Skylane,L1P,L
A2D0D6,N28031,BL17,BELLANCA 17 Viking,L1P,L
A2D2D6,N281MS,BALL,,B0-,-
A2D4D6,N28154,P28A,PIPER PA-28-140/150/160/180,L1P,L
A2D8D6,N28277,AA5,AMERICAN AA-5 Tiger,L1P,L
A2D9D6,N283HG,P28A,PIPER PA-28-140/150/160/180,L1P,L
A2DCD6,N284,GLAS,Glasair,L1P,L
A2DFD6,N28442,L8,LUSCOMBE 8,L1P,L
A2E3D6,N28565,AA5,AMERICAN AA-5 Tiger,L1P,L
A2E5D6,N286SA,C172,CESSNA 172 Skyhawk,L1P,L
A2E7D6,N28688,AA5,AMERICAN AA-5 Tiger,L1P,L
A2E8D6,N287JT,T34P,BEECH T-34 Mentor,L1P,L
A2EED6,N28853,L8,LUSCOMBE 8,L1P,L
A2EFD6,N289EH,BEAR,AVIPRO RB-4 Bearhawk,L1P,L
A2F1D6,N2890V,C150,CESSNA 150,L1P,L
A2F2D6,N28976,AA5,AMERICAN AA-5 Tiger,L1P,L
A2F4D6,N29TM,LGEZ,RUTAN Long-EZ,L1P,L
A2F5D6,N290DS,DA40,DIAMOND DA-40 Club Star,L1P,L
A2F7D6,N2900D,GL5T,BOMBARDIER BD-700 Global 5000/5500,L2J,M
A2F8D6,N2907Q,PA34,PIPER PA-34 Seneca,L2P,L
A2FAD6,N291SW,E120,EMBRAER EMB-120 Brasilia,L2T,M
A303D6,N2936N,P28R,PIPER PA-28R-180/200/201,L1P,L
A305D6,N294RJ,GLAS,Glasair,L1P,L
A306D6,N2941E,CH7A,BELLANCA 7 Champion,L1P,L
A30AD6,N2953H,GLID,,L0-,-
A30FD6,N297DR,T210,CESSNA T210 Turbo Centurion,L1P,L
A311D6,N2970C,C180,CESSNA  180 Skywagon,L1P,L
A317D6,N299KM,CH70,ZENAIR CH-701 Stol,L1P,L
A31AD6,N3CD,S22T,CIRRUS SR-22T Turbo,L1P,L
A31BD6,N3NK,KR2,RAND KR-2,L1P,L
A31CD6,N3YR,PA18,PIPER PA-18 Super Cub,L1P,L
A31DD6,N30JW,GC1,GLOBE Swift,L1P,L
A31ED6,N30VB,R44,ROBINSON R-44 Raven,H1P,L
A323D6,N301JE,CL30,BOMBARDIER BD-100 Challenger 300,L2J,M
A325D6,N3013M,PA12,PIPER PA-12 Super Cruiser,L1P,L
A327D6,N302MC,C310,CESSNA 310,L2P,L
A329D6,N3025Q,P28A,PIPER PA-28-140/150/160/180,L1P,L
A32CD6,N3030G,BE9L,BEECH 90 King Air,L2T,L
A32DD6,N3037T,C162,CESSNA 162 Skycatcher,L1P,L
A32ED6,N304GT,GLID,,L0-,-
A331D6,N3049W,BALL,,B0-,-
A338D6,N3066R,P28R,PIPER PA-28R-180/200/201,L1P,L
A339D6,N307FF,C750,CESSNA 750 Citation 10,L2J,M
A33AD6,N307RM,H25B,HAWKER BEECHCRAFT Hawker 750/850,L2J,M
A33DD6,N308JD,BE36,BEECH 36 Bonanza,L1P,L
A33FD6,N3083L,C310,CESSNA 310,L2P,L
A348D6,N310WS,C310,CESSNA 310,L2P,L
A34AD6,N311DC,BE55,BEECH 55 Baron,L2P,L
A34BD6,N311PJ,BE33,BEECH 33 Bonanza,L1P,L
A34DD6,N3117A,PA44,PIPER PA-44 Seminole,L2P,L
A350D6,N31213,,,,
A351D6,N3129D,C180,CESSNA  180 Skywagon,L1P,L
A35CD6,N3158B,C170,CESSNA 170,L1P,L
A367D6,N3187,CH7A,BELLANCA 7 Champion,L1P,L
A368D6,N319G,SR22,CIRRUS SR-22,L1P,L
A369D6,N319SF,P32R,PIPER PA-32R-300/301/301T,L1P,L
A36BD6,N3199C,C180,CESSNA  180 Skywagon,L1P,L
A370D6,N3201L,M20P,MOONEY M-20,L1P,L
A371D6,N3208X,C150,CESSNA 150,L1P,L
A372D6,N321JG,CRER,RANS Courier,L1P,L
A37BD6,N3230J,C150,CESSNA 150,L1P,L
A37DD6,N324GV,E55P,EMBRAER EMB-505 Phenom 300,L2J,M
A387D6,N3266T,TAIL,WITTMAN Tailwind,L1P,L
A38AD6,N3271K,GC1,GLOBE Swift,L1P,L
A38BD6,N3278W,PA32,PIPER PA-32,L1P,L
A390D6,N329MD,CL60,BOMBARDIER CL-600 Challenger,L2J,M
A398D6,N3305,O1,CESSNA 305/341 Bird Dog,L1P,L
A39AD6,N331PL,C25A,CESSNA 525A Citation CJ2,L2J,L
A3A0D6,N3329F,C182,CESSNA 182 Skylane,L1P,L
A3A1D6,N333KA,BALL,,B0-,-
A3A3D6,N33338,P28A,PIPER PA-28-140/150/160/180,L1P,L
A3AAD6,N33503,C172,CESSNA 172 Skyhawk,L1P,L
A3ACD6,N336HP,BE33,BEECH 33 Bonanza,L1P,L
A3AFD6,N337AF,C337,CESSNA 337 Super Skymaster,L2P,L
A3B1D6,N337WT,C337,CESSNA 337 Super Skymaster,L2P,L
A3B3D6,N338DD,M20P,MOONEY M-20,L1P,L
A3B4D6,N338PK,B738,BOEING 737-800,L2J,M
A3B6D6,N3387B,PA22,PIPER PA-22,L1P,L
A3B7D6,N339GB,GB1,GAME COMPOSITES GameBird,L1P,L
A3B9D6,N33914,GLID,,L0-,-
A3BBD6,N34K,C185,CESSNA 185 Skywagon,L1P,L
A3BCD6,N34VF,P210,CESSNA P210 Centurion,L1P,L
A3BED6,N340RS,C340,CESSNA 340 Super,L2P,L
A3C5D6,N342MG,RV4,VANS RV-4,L1P,L
A3C7D6,N3425U,C182,CESSNA 182 Skylane,L1P,L
A3CAD6,N3430L,C182,CESSNA 182 Skylane,L1P,L
A3CDD6,N344TC,C421,CESSNA 421 Executive Commuter,L2P,L
A3CED6,N3442P,PA23,PIPER PA-23,L2P,L
A3CFD6,N34490,C177,CESSNA  177 Cardinal,L1P,L
A3D0D6,N345KV,RV6,VANS RV-6,L1P,L
A3D3D6,N346CM,LJ45,LEARJET 45,L2J,M
A3D9D6,N3471M,P28A,PIPER PA-28-140/150/160/180,L1P,L
A3DCD6,N348UP,B763,BOEING 767-300,L2J,H
A3DED6,N349B,,,,
A3E6D6,N350WW,AS50,AEROSPATIALE AS-350 Ecureuil,H1T,L
A3EDD6,N352SL,AS50,AEROSPATIALE AS-350 Ecureuil,H1T,L
A3F1D6,N353VJ,CL35,BOMBARDIER BD-100 Challenger 350,L2J,M
A3F9D6,N35505,J3,PIPER J-3 Cub,L1P,L
A3FAD6,N3558F,C185,CESSNA 185 Skywagon,L1P,L
A3FED6,N357AH,R22,ROBINSON R-22 Mariner,H1P,L
A3FFD6,N357LP,B350,BEECHCRAFT Super King Air 350,L2T,M
A401D6,N3575A,P32R,PIPER PA-32R-300/301/301T,L1P,L
A407D6,N359SK,J328,Dornier 328 JET,L2J,M
A408D6,N35916,J4,PIPER J-4 Cub Coupe,L1P,L
A40AD6,N36KB,BE36,BEECH 36 Bonanza,L1P,L
A40BD6,N36VH,BE36,BEECH 36 Bonanza,L1P,L
A40ED6,N3601Q,BE23,BEECH 23 Sundowner,L1P,L
A40FD6,N36081,TAYB,TAYLORCRAFT BC/BF/BL,L1P,L
A412D6,N3613T,B06,BELL 206 JetRanger,H1T,L
A413D6,N362BC,C182,CESSNA 182 Skylane,L1P,L
A417D6,N363EA,TBM7,SOCATA TBM-700A/B/C,L1T,L
A419D6,N3630N,M20P,MOONEY M-20,L1P,L
A41AD6,N3637Z,PA22,PIPER PA-22,L1P,L
A41ED6,N36492,TAYD,TAYLORCRAFT DC/DF/DL,L1P,L
A420D6,N365WC,C82T,CESSNA TR182 Turbo Skylane RG,L1P,L
A422D6,N366CP,SR22,CIRRUS SR-22,L1P,L
A427D6,N367RT,ULAC,,L0-,-
A429D6,N36780,BE36,BEECH 36 Bonanza,L1P,L
A42DD6,N369BB,BE95,BEECH 95 Travel Air,L2P,L
A42ED6,N369MH,H500,HUGHES 500,H1T,L
A43AD6,N3717G,T6,NORTH AMERICAN T-6 Texan,L1P,L
A43BD6,N372GG,C172,CESSNA 172 Skyhawk,L1P,L
A43DD6,N37219,S1,INTERSTATE S-1 Cadet,L1P,L
A43ED6,N3729K,GC1,GLOBE Swift,L1P,L
A441D6,N3734B,B738,BOEING 737-800,L2J,M
A445D6,N3746E,BALL,,B0-,-
A448D6,N37507,B39M,BOEING 737 MAX 9,L2J,M
A44ED6,N377LR,GLF2,GULFSTREAM 2,L2J,M
A456D6,N379SM,C25B,CESSNA 525B Citation CJ3,L2J,L
A458D6,N3799J,C150,CESSNA 150,L1P,L
A45CD6,N380RW,ZZZZ,,-0-,-
A461D6,N3813V,C170,CESSNA 170,L1P,L
A465D6,N3825Y,C210,CESSNA 201 Centurion,L1P,L
A466D6,N383EC,CN35,CASA CN-235 Persuader,L2T,M
A468D6,N3830Q,C172,CESSNA 172 Skyhawk,L1P,L
A46AD6,N384HA,A332,AIRBUS A-330-200,L2J,H
A46DD6,N38494,P28A,PIPER PA-28-140/150/160/180,L1P,L
A470D6,N3854W,PA32,PIPER PA-32,L1P,L
A474D6,N3866Z,PA18,PIPER PA-18 Super Cub,L1P,L
A476D6,N387RV,RV7,VANS RV-7,L1P,L
A477D6,N3871R,P28A,PIPER PA-28-140/150/160/180,L1P,L
A47AD6,N388UT,T206,CESSNA T206 Turbo Stationair,L1P,L
A480D6,N39EB,BRAV,TECNAM P-2004 Bravo,L1P,L
A484D6,N390X,M5,MAULE M-5,L1P,L
A485D6,N3905F,P28A,PIPER PA-28-140/150/160/180,L1P,L
A48CD6,N3922A,J3,PIPER J-3 Cub,L1P,L
A496D6,N395RC,B350,BEECHCRAFT Super King Air 350,L2T,M
A498D6,N3958K,P28A,PIPER PA-28-140/150/160/180,L1P,L
A49CD6,N397AM,DA40,DIAMOND DA-40 Club Star,L1P,L
A4A3D6,N3987H,BALL,,B0-,-
A4A6D6,N3992,GLID,,L0-,-
A4A7D6,N3999L,C172,CESSNA 172 Skyhawk,L1P,L
A4AAD6,N40FS,,,,
A4ACD6,N400CC,DA40,DIAMOND DA-40 Club Star,L1P,L
A4AFD6,N4006L,PARA,,P0-,-
A4B2D6,N4011C,S108,STINSON 108 Voyager,L1P,L
A4B3D6,N4018P,BALL,,B0-,-
A4B6D6,N4023F,P28A,PIPER PA-28-140/150/160/180,L1P,L
A4BAD6,N4035J,C150,CESSNA 150,L1P,L
A4BBD6,N404DP,BE20,BEECH 200 Super King Air,L2T,M
A4BDD6,N4040A,CH7A,BELLANCA 7 Champion,L1P,L
A4C0D6,N405ST,RV8,VANS RV-8,L1P,L
A4C1D6,N4052D,B06,BELL 206 JetRanger,H1T,L
A4C3D6,N406KK,B06,BELL 206 JetRanger,H1T,L
A4C5D6,N4064G,RV4,VANS RV-4,L1P,L
A4C6D6,N407CB,BE36,BEECH 36 Bonanza,L1P,L
A4C9D6,N4076K,,,,
A4CCD6,N4081B,BL17,BELLANCA 17 Viking,L1P,L
A4CDD6,N4088N,C140,CESSNA 140,L1P,L
A4D0D6,N4093E,BE36,BEECH 36 Bonanza,L1P,L
A4D2D6,N41LW,P32R,PIPER PA-32R-300/301/301T,L1P,L
A4D6D6,N4102Z,PA31,PIPER PA-31-300/310/325/350/425,L2P,L
A4D7D6,N411,S108,STINSON 108 Voyager,L1P,L
A4DAD6,N41142,PA31,PIPER PA-31-300/310/325/350/425,L2P,L
A4DCD6,N412PC,PA22,PIPER PA-22,L1P,L
A4E1D6,N4131X,VO10,NORTH AMERICAN ROCKWELL Commander 100,L1P,L
A4E3D6,N414JT,C414,CESSNA 414 Chancellor,L2P,L
A4E7D6,N415MR,PTS1,PITTS S-1 Special,L1P,L
A4E9D6,N41553,PA18,PIPER PA-18 Super Cub,L1P,L
A4EDD6,N41676,PA46,PIPER PA-46-310/350,L1P,L
A4EFD6,N417TM,H25B,HAWKER BEECHCRAFT Hawker 750/850,L2J,M
A4F0D6,N4172Y,CH7A,BELLANCA 7 Champion,L1P,L
A4F1D6,N41799,PA46,PIPER PA-46-310/350,L1P,L
A4F3D6,N418WK,RV6,VANS RV-6,L1P,L
A4F9D6,N42FU,TAYB,TAYLORCRAFT BC/BF/BL,L1P,L
A4FAD6,N42S,ST75,STEARMAN Kaydet,L1P,L
A4FFD6,N421FC,C421,CESSNA 421 Executive Commuter,L2P,L
A500D6,N421RJ,C421,CESSNA 421 Executive Commuter,L2P,L
A506D6,N423AT,AC11,NORTH AMERICAN ROCKWELL Commander 112/114,L1P,L
A509D6,N4235L,C172,CESSNA 172 Skyhawk,L1P,L
A50AD6,N424DR,SONX,SONEX AIRCRAFT Sonex,L1P,L
A50BD6,N424PX,GLF4,GULFSTREAM 4,L2J,M
A512D6,N426KM,C208,CESSNA 208 Caravan,L1T,L
A514D6,N4264J,C310,CESSNA 310,L2P,L
A515D6,N427CD,SR22,CIRRUS SR-22,L1P,L
A51BD6,N4281D,BE35,BEECH 35 Starfire Bonanza,L1P,L
A51CD6,N4288Q,C172,CESSNA 172 Skyhawk,L1P,L
A523D6,N430HJ,HDJT,HONDA HondaJet,L2J,L
A525D6,N43021,TAYB,TAYLORCRAFT BC/BF/BL,L1P,L
A528D6,N431WN,B737,BOEING 737-700,L2J,M
A529D6,N43144,ULAC,,L0-,-
A52ED6,N433FX,E545,EMBRAER EMB545 Praetor 500,L2J,M
A52FD6,N433SC,ONEX,SONEX Onex,L1P,L
A531D6,N4339,,,,
A532D6,N434JV,P28A,PIPER PA-28-140/150/160/180,L1P,L
A534D6,N43432,J3,PIPER J-3 Cub,L1P,L
A536D6,N435MT,C208,CESSNA 208 Caravan,L1T,L
A538D6,N43555,P28A,PIPER PA-28-140/150/160/180,L1P,L
A543D6,N43843,P28A,PIPER PA-28-140/150/160/180,L1P,L
A547D6,N43966,P28R,PIPER PA-28R-180/200/201,L1P,L
A548D6,N44FW,FW44,FOCKE-WULF Fw-44 Stieglitz,L1P,L
A549D6,N44SB,BE33,BEECH 33 Bonanza,L1P,L
A551D6,N4418T,PA32,PIPER PA-32,L1P,L
A554D6,N4423K,NAVI,NORTH AMERICAN Navion,L1P,L
A556D6,N443MA,E145,EMBRAER ERJ-145,L2J,M
A559D6,N444DT,PA46,PIPER PA-46-310/350,L1P,L
A55AD6,N444PZ,CH60,ZENAIR CH-600 Zodiac,L1P,L
A55BD6,N4440E,AR11,AERONCA 11 Chief,L1P,L
A55CD6,N4447R,C82R,CESSNA R182 Skylane RG,L1P,L
A55FD6,N4452H,M20P,MOONEY M-20,L1P,L
A564D6,N447CF,R44,ROBINSON R-44 Raven,H1P,L
A56ED6,N4493J,P28A,PIPER PA-28-140/150/160/180,L1P,L
A574D6,N45023,C150,CESSNA 150,L1P,L
A575D6,N451AC,B412,BELL 412,H2T,L
A576D6,N451LJ,LJ45,LEARJET 45,L2J,M
A578D6,N45146,N3N,NAVAL AIRCRAFT FACTORY N3N,L1P,L
A580D6,N4539B,AT3P,AIR TRACTOR AT-301/401,L1P,L
A583D6,N45434,C150,CESSNA 150,L1P,L
A585D6,N455MV,SR22,CIRRUS SR-22,L1P,L
A588D6,N456EM,RV9,VANS RV-9,L1P,L
A58ED6,N45722,L8,LUSCOMBE 8,L1P,L
A58FD6,N458AB,DRON,,D0-,-
A598D6,N46SD,PA23,PIPER PA-23,L2P,L
A5A0D6,N4618V,MOR2,MORRISEY Nifty,L1P,L
A5AAD6,N4640G,C414,CESSNA 414 Chancellor,L2P,L
A5B9D6,N4681H,PA17,PIPER PA-17 Vagabond Trainer,L1P,L
A5BAD6,N4688U,C180,CESSNA  180 Skywagon,L1P,L
A5BDD6,N4693L,C172,CESSNA 172 Skyhawk,L1P,L
A5BFD6,N47MB,T206,CESSNA T206 Turbo Stationair,L1P,L
A5C4D6,N471AE,B06,BELL 206 JetRanger,H1T,L
A5C8D6,N472DC,DV20,DIAMOND DA-20,L1P,L
A5CFD6,N4739D,C172,CESSNA 172 Skyhawk,L1P,L
A5D2D6,N47436,P28A,PIPER PA-28-140/150/160/180,L1P,L
A5D9D6,N47601,P28A,PIPER PA-28-140/150/160/180,L1P,L
A5DAD6,N4768B,C180,CESSNA  180 Skywagon,L1P,L
A5DDD6,N47724,TAYD,TAYLORCRAFT DC/DF/DL,L1P,L
A5E2D6,N479DB,B105,EUROCOPTER BO-105,H2T,L
A5E5D6,N4797,DH82,DE HAVILLAND DH-82 Tiger Moth,L1P,L
A5E7D6,N48SF,,,,
A5EED6,N4811L,P28A,PIPER PA-28-140/150/160/180,L1P,L
A5EFD6,N4818X,C150,CESSNA 150,L1P,L
A5F3D6,N483AZ,DRON,,D0-,-
A5F6D6,N4835S,PA32,PIPER PA-32,L1P,L
A5FAD6,N4847V,BL17,BELLANCA 17 Viking,L1P,L
A605D6,N4876T,PA34,PIPER PA-34 Seneca,L2P,L
A609D6,N4888W,AC11,NORTH AMERICAN ROCKWELL Commander 112/114,L1P,L
A60ED6,N49MD,BE95,BEECH 95 Travel Air,L2P,L
A611D6,N490TW,BALL,,B0-,-
A61AD6,N4927C,PA18,PIPER PA-18 Super Cub,L1P,L
A61BD6,N493GC,COZY,CO-Z Cozy,L1P,L
A61DD6,N49315,PTS1,PITTS S-1 Special,L1P,L
A621D6,N49438,C152,CESSNA 152,L1P,L
A626D6,N496ER,C172,CESSNA 172 Skyhawk,L1P,L
A628D6,N49603,,,,
A629D6,N4968D,C182,CESSNA 182 Skylane,L1P,L
A62AD6,N497HP,C97,BOEING C-97 Stratofreighter,L4P,M
A62CD6,N49726,ST75,STEARMAN Kaydet,L1P,L
A62FD6,N498WT,RV7,VANS RV-7,L1P,L
A636D6,N5SH,EC30,AIRBUS HELICOPTERS EC-130,H1T,L
A638D6,N50NU,F900,DASSAULT Falcon 900,L3J,M
A639D6,N50Z,BE35,BEECH 35 Starfire Bonanza,L1P,L
A63BD6,N500VL,BE30,BEECH 300 Super King Air,L2T,L
A641D6,N502EV,EVSS,EVEKTOR SportStar,L1P,L
A642D6,N502RA,C404,CESSNA 404 Titan,L2P,L
A643D6,N50207,,,,
A64BD6,N5045C,CH7A,BELLANCA 7 Champion,L1P,L
A652D6,N50618,C150,CESSNA 150,L1P,L
A653D6,N5069J,,,,
A656D6,N5074A,O1,CESSNA 305/341 Bird Dog,L1P,L
A65AD6,N5086D,C182,CESSNA 182 Skylane,L1P,L
A65DD6,N50906,C172,CESSNA 172 Skyhawk,L1P,L
A65FD6,N51HS,RV9,VANS RV-9,L1P,L
A661D6,N510EC,C82R,CESSNA R182 Skylane RG,L1P,L
A663D6,N5100Q,C152,CESSNA 152,L1P,L
A666D6,N511TG,RV4,VANS RV-4,L1P,L
A667D6,N5112T,CH7A,BELLANCA 7 Champion,L1P,L
A66BD6,N5124W,P210,CESSNA P210 Centurion,L1P,L
A66FD6,N5136Z,PA22,PIPER PA-22,L1P,L
A671D6,N514RV,RV14,VANS RV-14,L1P,L
A672D6,N5141R,C172,CESSNA 172 Skyhawk,L1P,L
A676D6,N5153U,,,,
A67DD6,N5170P,PA24,PIPER PA-24 Comanche,L1P,L
A67ED6,N51770,EN28,ENSTROM F-28,H1P,L
A67FD6,N518H,CH60,ZENAIR CH-600 Zodiac,L1P,L
A680D6,N518TF,RV4,VANS RV-4,L1P,L
A681D6,N5182S,P28A,PIPER PA-28-140/150/160/180,L1P,L
A684D6,N519WD,ULAC,,L0-,-
A68CD6,N521BZ,B06,BELL 206 JetRanger,H1T,L
A691D6,N522RC,,,,
A693D6,N5228K,NAVI,NORTH AMERICAN Navion,L1P,L
A694D6,N523HV,C25C,CESSNA 525C Citation CJ4,L2J,M
A697D6,N524AM,PA31,PIPER PA-31-300/310/325/350/425,L2P,L
A698D6,N524LT,P46T,PIPER PA-46-500TP,L1T,L
A69BD6,N525DK,SS2P,ROCKWELL Thrush Commander,L1P,L
A69ED6,N5257H,C172,CESSNA 172 Skyhawk,L1P,L
A69FD6,N526GH,CH60,ZENAIR CH-600 Zodiac,L1P,L
A6A0D6,N526SP,ULAC,,L0-,-
A6A1D6,N5262,CL30,BOMBARDIER BD-100 Challenger 300,L2J,M
A6A2D6,N5269L,P28A,PIPER PA-28-140/150/160/180,L1P,L
A6A4D6,N527VM,RV3,VANS RV-3,L1P,L
A6A7D6,N528ND,C172,CESSNA 172 Skyhawk,L1P,L
A6ABD6,N529RB,BE95,BEECH 95 Travel Air,L2P,L
A6ACD6,N52908,C77R,CESSNA 177RG Cardinal RG,L1P,L
A6ADD6,N5298J,C172,CESSNA 172 Skyhawk,L1P,L
A6AFD6,N53U,C208,CESSNA 208 Caravan,L1T,L
A6B3D6,N53073,C77R,CESSNA 177RG Cardinal RG,L1P,L
A6B6D6,N5312V,C172,CESSNA 172 Skyhawk,L1P,L
A6B8D6,N532LA,B763,BOEING 767-300,L2J,H
A6BBD6,N533CT,FDCT,FLIGHT DESIGN CT,L1P,L
A6BED6,N53361,C172,CESSNA 172 Skyhawk,L1P,L
A6C3D6,N535JP,SF50,CIRRUS SF-50 Vision,L1J,L
A6C5D6,N5353W,P28A,PIPER PA-28-140/150/160/180,L1P,L
A6C7D6,N536MM,RV6,VANS RV-6,L1P,L
A6CDD6,N53772,CH7B,BELLANCA 7 Citabria,L1P,L
A6D1D6,N53895,BL8,BELLANCA 8 Decathlon,L1P,L
A6D4D6,N5394X,T206,CESSNA T206 Turbo Stationair,L1P,L
A6D5D6,N54CS,SA30,STOLP Starduster Too,L1P,L
A6D6D6,N54NY,B06,BELL 206 JetRanger,H1T,L
A6E2D6,N5428M,BE24,BEECH 24 Sierra,L1P,L
A6E4D6,N543UC,M20P,MOONEY M-20,L1P,L
A6E5D6,N5433D,BE35,BEECH 35 Starfire Bonanza,L1P,L
A6EAD6,N545DM,COY2,RANS Coyote 2,L1P,L
A6F8D6,N5486H,PA18,PIPER PA-18 Super Cub,L1P,L
A6FDD6,N55HW,RV6,VANS RV-6,L1P,L
A706D6,N55198,FA62,FAIRCHILD M-26 Cornell,L1P,L
A709D6,N55240,P28A,PIPER PA-28-140/150/160/180,L1P,L
A70BD6,N553PA,DRON,,D0-,-
A70DD6,N55363,PA34,PIPER PA-34 Seneca,L2P,L
A712D6,N555JR,COY2,RANS Coyote 2,L1P,L
A716D6,N556MP,M600,PIPER PA-46-600TP,L1T,L
A71BD6,N5570T,PARA,,P0-,-
A71FD6,N5582W,P28A,PIPER PA-28-140/150/160/180,L1P,L
A720D6,N55897,T6,NORTH AMERICAN T-6 Texan,L1P,L
A724D6,N56CU,T6,NORTH AMERICAN T-6 Texan,L1P,L
A728D6,N560VS,C56X,CESSNA 560XL Citation XLS,L2J,M
A72AD6,N561CC,C560,CESSNA 560 Citation Ultra,L2J,M
A730D6,N5621C,C140,CESSNA 140,L1P,L
A731D6,N5628P,PA24,PIPER PA-24 Comanche,L1P,L
A73CD6,N5657M,M20P,MOONEY M-20,L1P,L
A740D6,N5669Q,M20P,MOONEY M-20,L1P,L
A741D6,N567KK,,,,
A74BD6,N5698N,,,,
A74CD6,N57HY,HUSK,CHRISTEN Husky,L1P,L
A74DD6,N57UD,C172,CESSNA 172 Skyhawk,L1P,L
A750D6,N5700W,P28A,PIPER PA-28-140/150/160/180,L1P,L
A754D6,N5712Z,PA22,PIPER PA-22,L1P,L
A760D6,N57488,CH7B,BELLANCA 7 Citabria,L1P,L
A761D6,N575JT,E50P,EMBRAER EMB-500 Phenom 100,L2J,L
A76AD6,N5770V,BE23,BEECH 23 Sundowner,L1P,L
A772D6,N57941,ST75,STEARMAN Kaydet,L1P,L
A773D6,N58CW,LJ35,LEARJET 35,L2J,M
A774D6,N58PB,BE58,BEECH 58 Baron,L2P,L
A778D6,N5804K,BE35,BEECH 35 Starfire Bonanza,L1P,L
A77DD6,N582FC,,,,
A77FD6,N5821E,C150,CESSNA 150,L1P,L
A780D6,N5828R,C150,CESSNA 150,L1P,L
A783D6,N5833H,PA16,PIPER PA-16 Clipper,L1P,L
A787D6,N5845L,,,,
A788D6,N585DR,B505,BELL 505 JetRanger X,H1T,L
A792D6,N5874J,BE35,BEECH 35 Starfire Bonanza,L1P,L
A796D6,N5886M,SR20,CIRRUS SR-20,L1P,L
A797D6,N589FB,H60,SIKORSKY UH-60 Black Hawk,H2T,M
A799D6,N5891D,PA18,PIPER PA-18 Super Cub,L1P,L
A79AD6,N5898Q,M20P,MOONEY M-20,L1P,L
A79ED6,N590QS,C56X,CESSNA 560XL Citation XLS,L2J,M
A7A0D6,N59079,FA62,FAIRCHILD M-26 Cornell,L1P,L
A7A3D6,N59121,RELI,STINSON Reliant,L1P,L
A7A4D6,N592AA,MD83,MCDONNELL-DOUGLAS MD-83,L2J,M
A7ACD6,N594FX,CL35,BOMBARDIER BD-100 Challenger 350,L2J,M
A7ADD6,N594SC,B350,BEECHCRAFT Super King Air 350,L2T,M
A7AED6,N5941Z,PA22,PIPER PA-22,L1P,L
A7B1D6,N595VA,,,,
A7B4D6,N596MT,DA40,DIAMOND DA-40 Club Star,L1P,L
A7BAD6,N59778,ST75,STEARMAN Kaydet,L1P,L
A7BCD6,N598TP,E55P,EMBRAER EMB-505 Phenom 300,L2J,M
A7BDD6,N59820,PA31,PIPER PA-31-300/310/325/350/425,L2P,L
A7C0D6,N599WM,,,,
A7C3D6,N6PD,C210,CESSNA 201 Centurion,L1P,L
A7C4D6,N6ZK,CH60,ZENAIR CH-600 Zodiac,L1P,L
A7C5D6,N60KQ,K100,DAHER Kodiak 100,L1T,L
A7C6D6,N60VW,,,,
A7C7D6,N600GA,CL60,BOMBARDIER CL-600 Challenger,L2J,M
A7CAD6,N6009D,PA22,PIPER PA-22,L1P,L
A7D5D6,N6038B,T210,CESSNA T210 Turbo Centurion,L1P,L
A7D6D6,N604HM,CL60,BOMBARDIER CL-600 Challenger,L2J,M
A7D7D6,N604TT,C172,CESSNA 172 Skyhawk,L1P,L
A7DDD6,N606DB,C72R,CESSNA 172R Cutlass RG,L1P,L
A7E0D6,N6067,,,,
A7E2D6,N607SF,,,,
A7E4D6,N6079C,C82R,CESSNA R182 Skylane RG,L1P,L
A7E7D6,N60835,C150,CESSNA 150,L1P,L
A7EFD6,N610ME,KR1,RAND KR-1,L1P,L
A7F1D6,N6105S,C82R,CESSNA R182 Skylane RG,L1P,L
A7F2D6,N611DX,CH7B,BELLANCA 7 Citabria,L1P,L
A7F7D6,N612TA,B212,BELL 212,H2T,L
A7FAD6,N613KT,VELO,Velocity,L1P,L
A7FCD6,N6134Q,AT5T,AIR TRACTOR AT-504,L1T,L
A7FDD6,N614CK,S61,SIKORSKY S-61 Sea King,H2T,M
A800D6,N6146T,C150,CESSNA 150,L1P,L
A802D6,N615RP,SREY,PROGRESSIVE AERODYNE SeaRey,A1P,L
A803D6,N6151K,C150,CESSNA 150,L1P,L
A80BD6,N6175R,T210,CESSNA T210 Turbo Centurion,L1P,L
A80CD6,N618DW,,,,
A812D6,N6192L,AA1,AMERICAN AA-1,L1P,L
A813D6,N6199X,BE76,BEECH 76 Duchess,L2P,L
A818D6,N62015,M5,MAULE M-5,L1P,L
A81CD6,N62138,ST75,STEARMAN Kaydet,L1P,L
A820D6,N6226A,C182,CESSNA 182 Skylane,L1P,L
A822D6,N623QX,E75L,EMBRAER ERJ-170-200 (long wing),L2J,M
A827D6,N62426,ST75,STEARMAN Kaydet,L1P,L
A829D6,N625LM,BE33,BEECH 33 Bonanza,L1P,L
A82CD6,N626DD,RV6,VANS RV-6,L1P,L
A82DD6,N626PK,TRDO,TITAN Tornado SS,L1P,L
A82FD6,N6267B,AC50,NORTH AMERICAN ROCKWELL Commander 500,L2P,L
A837D6,N629BS,,,,
A83AD6,N6296,DO27,DORNIER Do-27,L1P,L
A843D6,N6310L,,,,
A846D6,N632TC,B06,BELL 206 JetRanger,H1T,L
A848D6,N63290,C150,CESSNA 150,L1P,L
A84BD6,N6334S,BE58,BEECH 58 Baron,L2P,L
A84FD6,N6346V,C72R,CESSNA 172R Cutlass RG,L1P,L
A852D6,N6351M,S108,STINSON 108 Voyager,L1P,L
A853D6,N6358Y,BALL,,B0-,-
A854D6,N636JH,BE36,BEECH 36 Bonanza,L1P,L
A856D6,N6363Q,M20P,MOONEY M-20,L1P,L
A85AD6,N6375T,C82R,CESSNA R182 Skylane RG,L1P,L
A85ED6,N6387W,P28A,PIPER PA-28-140/150/160/180,L1P,L
A860D6,N639TB,RV4,VANS RV-4,L1P,L
A861D6,N6392N,CH7A,BELLANCA 7 Champion,L1P,L
A864D6,N64W,ST75,STEARMAN Kaydet,L1P,L
A866D6,N640SL,C182,CESSNA 182 Skylane,L1P,L
A867D6,N64017,C172,CESSNA 172 Skyhawk,L1P,L
A869D6,N641KC,PC12,PILATUS PC-12,L1T,L
A872D6,N64305,C172,CESSNA 172 Skyhawk,L1P,L
A873D6,N6438F,C150,CESSNA 150,L1P,L
A882D6,N6479G,C150,CESSNA 150,L1P,L
A889D6,N6496B,C172,CESSNA 172 Skyhawk,L1P,L
A88CD6,N650BC,C501,CESSNA 501 Citation 1SP,L2J,L
A88FD6,N6505W,P28A,PIPER PA-28-140/150/160/180,L1P,L
A892D6,N6510N,BALL,,B0-,-
A896D6,N6522R,C72R,CESSNA 172R Cutlass RG,L1P,L
A897D6,N65292,ST75,STEARMAN Kaydet,L1P,L
A89BD6,N654CP,FA50,DASSAULT Falcon 50,L3J,M
A8A1D6,N6551P,PA24,PIPER PA-24 Comanche,L1P,L
A8A2D6,N65580,ST75,STEARMAN Kaydet,L1P,L
A8A5D6,N6563S,C150,CESSNA 150,L1P,L
A8A9D6,N6575V,BL17,BELLANCA 17 Viking,L1P,L
A8B0D6,N6592Q,C152,CESSNA 152,L1P,L
A8B1D6,N65991,C82T,CESSNA TR182 Turbo Skylane RG,L1P,L
A8B2D6,N66KW,BE33,BEECH 33 Bonanza,L1P,L
A8B3D6,N66WB,RV6,VANS RV-6,L1P,L
A8B8D6,N661KE,BE36,BEECH 36 Bonanza,L1P,L
A8C2D6,N6638H,BE76,BEECH 76 Duchess,L2P,L
A8CAD6,N666DH,,,,
A8CDD6,N6667F,P28A,PIPER PA-28-140/150/160/180,L1P,L
A8D0D6,N66718,C150,CESSNA 150,L1P,L
A8D4D6,N6684A,C172,CESSNA 172 Skyhawk,L1P,L
A8D8D6,N6696D,BE36,BEECH 36 Bonanza,L1P,L
A8DCD6,N670ML,BE24,BEECH 24 Sierra,L1P,L
A8DED6,N6705Y,B752,BOEING 757-200,L2J,M
A8E1D6,N6710Q,G164,GRUMMAN G-164 Ag-Cat,L1P,L
A8E2D6,N67171,B752,BOEING 757-200,L2J,M
A8F1D6,N67582,C152,CESSNA 152,L1P,L
A8F2D6,N676JM,M20T,MOONEY M-20T,L1P,L
A8FBD6,N6780P,PA24,PIPER PA-24 Comanche,L1P,L
A8FDD6,N679H,UH1,BELL UH-1 Huey,H1T,L
A8FFD6,N6792S,C150,CESSNA 150,L1P,L
A900D6,N67993,C152,CESSNA 152,L1P,L
A902D6,N68WD,DRON,,D0-,-
A905D6,N6802A,C172,CESSNA 172 Skyhawk,L1P,L
A90DD6,N6826G,C150,CESSNA 150,L1P,L
A913D6,N684UA,B763,BOEING 767-300,L2J,H
A91CD6,N6867H,J3,PIPER J-3 Cub,L1P,L
A91ED6,N687SP,C172,CESSNA 172 Skyhawk,L1P,L
A922D6,N688VM,C680,CESSNA 680 Citation Sovereign,L2J,M
A925D6,N689ND,PA44,PIPER PA-44 Seminole,L2P,L
A927D6,N6896F,C150,CESSNA 150,L1P,L
A92AD6,N690BG,AC90,NORTH AMERICAN ROCKWELL Turbo Commander 690/840,L2T,L
A92ED6,N691EE,DRON,,D0-,-
A931D6,N69173,C152,CESSNA 152,L1P,L
A940D6,N69584,C310,CESSNA 310,L2P,L
A943D6,N6963W,P28A,PIPER PA-28-140/150/160/180,L1P,L
A945D6,N697MM,P46T,PIPER PA-46-500TP,L1T,L
A94AD6,N6980R,BE24,BEECH 24 Sierra,L1P,L
A94DD6,N699TH,B06,BELL 206 JetRanger,H1T,L
A94FD6,N69995,C182,CESSNA 182 Skylane,L1P,L
A950D6,N7L,G280,GULFSTREAM G280,L2J,M
A951D6,N7WF,C650,CESSNA 650 Citation,L2J,M
A952D6,N70GL,SA11,STITS SA-11 Playmate,L1P,L
A953D6,N70SS,BE35,BEECH 35 Starfire Bonanza,L1P,L
A954D6,N700CX,R22,ROBINSON R-22 Mariner,H1P,L
A959D6,N701SA,CH70,ZENAIR CH-701 Stol,L1P,L
A95ED6,N70230,C185,CESSNA 185 Skywagon,L1P,L
A964D6,N704QP,C150,CESSNA 150,L1P,L
A965D6,N7040V,R44,ROBINSON R-44 Raven,H1P,L
A968D6,N705TM,CLON,AUTOGYRO Cavalon,G1P,L
A969D6,N7052Y,BE65,BEECH 65 Queen Air,L2P,L
A973D6,N708S,B735,BOEING 737-500,L2J,M
A974D6,N7081W,,,,
A978D6,N7093Z,PA25,PIPER PA-25 Pawnee,L1P,L
A979D6,N71BJ,BU31,BUCKER Bu-131 Jungmann,L1P,L
A97CD6,N710JA,ULAC,,L0-,-
A97ED6,N7103H,J3,PIPER J-3 Cub,L1P,L
A982D6,N7115L,P28A,PIPER PA-28-140/150/160/180,L1P,L
A986D6,N7127P,J3,PIPER J-3 Cub,L1P,L
A98BD6,N714KM,C150,CESSNA 150,L1P,L
A98DD6,N7144J,,,,
A98ED6,N715CD,SR22,CIRRUS SR-22,L1P,L
A991D6,N7156M,C175,CESSNA 175 Skylark,L1P,L
A993D6,N716RH,P28A,PIPER PA-28-140/150/160/180,L1P,L
A994D6,N7161D,PA18,PIPER PA-18 Super Cub,L1P,L
A998D6,N7173G,C172,CESSNA 172 Skyhawk,L1P,L
A999D6,N718AS,CL35,BOMBARDIER BD-100 Challenger 350,L2J,M
A99FD6,N7190B,PA22,PIPER PA-22,L1P,L
A9A7D6,N721FX,C208,CESSNA 208 Caravan,L1T,L
A9A8D6,N721SC,C25A,CESSNA 525A Citation CJ2,L2J,L
A9A9D6,N7211Z,PA25,PIPER PA-25 Pawnee,L1P,L
A9AFD6,N723MT,B407,BELL 407,H1T,L
A9B4D6,N7240X,C150,CESSNA 150,L1P,L
A9B9D6,N726A,T28,NORTH AMERICAN T-28,L1P,L
A9BAD6,N726LF,A119,AGUSTA AW-119 Koala,H1T,L
A9BCD6,N72643,B212,BELL 212,H2T,L
A9BED6,N727PD,,,,
A9BFD6,N727ZK,DRON,,D0-,-
A9C3D6,N7281Y,PA30,PIPER PA-30 Twin Comanche,L2P,L
A9C6D6,N729V,ZZZZ,,-0-,-
A9C8D6,N73BL,P32T,PIPER PA-32RT-300/300T,L1P,L
A9C9D6,N73MS,C172,CESSNA 172 Skyhawk,L1P,L
A9D0D6,N731XG,C188,CESSNA 188 AgTruck,L1P,L
A9D7D6,N733SX,C172,CESSNA 172 Skyhawk,L1P,L
A9DBD6,N734VV,C172,CESSNA 172 Skyhawk,L1P,L
A9DCD6,N7344L,PA31,PIPER PA-31-300/310/325/350/425,L2P,L
A9DDD6,N735CF,C182,CESSNA 182 Skylane,L1P,L
A9DED6,N735NM,C182,CESSNA 182 Skylane,L1P,L
A9DFD6,N735YT,C182,CESSNA 182 Skylane,L1P,L
A9E1D6,N736FD,C172,CESSNA 172 Skyhawk,L1P,L
A9E2D6,N736RK,C172,CESSNA 172 Skyhawk,L1P,L
A9EAD6,N738XF,C172,CESSNA 172 Skyhawk,L1P,L
A9ECD6,N739DS,DA40,DIAMOND DA-40 Club Star,L1P,L
A9EFD6,N7397Q,C182,CESSNA 182 Skylane,L1P,L
A9F1D6,N74SW,DA40,DIAMOND DA-40 Club Star,L1P,L
AA01D6,N744EM,GLST,GLASAIR SH-4 GlaStar,L1P,L
AA07D6,N74522,M20P,MOONEY M-20,L1P,L
AA08D6,N746AB,SR22,CIRRUS SR-22,L1P,L
AA0BD6,N74645,AA5,AMERICAN AA-5 Tiger,L1P,L
AA0CD6,N747D,,,,
AA0DD6,N747PF,CAMP,GREGA GN-1 Aircamper,L1P,L
AA0FD6,N74768,M20P,MOONEY M-20,L1P,L
AA12D6,N74810,R22,ROBINSON R-22 Mariner,H1P,L
AA13D6,N7489A,C172,CESSNA 172 Skyhawk,L1P,L
AA17D6,N75BN,C82S,CESSNA T182 Turbo Skylane,L1P,L
AA1AD6,N750JE,F2TH,DASSAULT Falcon 2000,L2J,M
AA1CD6,N7503M,C175,CESSNA 175 Skylark,L1P,L
AA1ED6,N751MC,C180,CESSNA  180 Skywagon,L1P,L
AA1FD6,N751XJ,C750,CESSNA 750 Citation 10,L2J,M
AA24D6,N7527T,C172,CESSNA 172 Skyhawk,L1P,L
AA27D6,N7532K,PA18,PIPER PA-18 Super Cub,L1P,L
AA28D6,N7539W,P28A,PIPER PA-28-140/150/160/180,L1P,L
AA32D6,N7561H,PA12,PIPER PA-12 Super Cruiser,L1P,L
AA34D6,N757JD,C152,CESSNA 152,L1P,L
AA3AD6,N7585P,PA24,PIPER PA-24 Comanche,L1P,L
AA3BD6,N759DU,C182,CESSNA 182 Skylane,L1P,L
AA3CD6,N759Q,F2TH,DASSAULT Falcon 2000,L2J,M
AA3ED6,N7597S,C182,CESSNA 182 Skylane,L1P,L
AA46D6,N761SG,T210,CESSNA T210 Turbo Centurion,L1P,L
AA47D6,N76113,C120,CESSNA 120,L1P,L
AA5BD6,N767DB,RV7,VANS RV-7,L1P,L
AA5ED6,N7677,Y18T,YAKOVLEV Yak-18T,L1P,L
AA62D6,N7689C,T6,NORTH AMERICAN T-6 Texan,L1P,L
AA7AD6,N7744Q,C310,CESSNA 310,L2P,L
AA7BD6,N775CK,B77L,BOEING 777-200LR,L2J,H
AA81D6,N7761K,C180,CESSNA  180 Skywagon,L1P,L
AA82D6,N7768W,P28A,PIPER PA-28-140/150/160/180,L1P,L
AA83D6,N777JF,PRM1,RAYTHEON 390 Premier 1,L2J,L
AA84D6,N777UM,C172,CESSNA 172 Skyhawk,L1P,L
AA85D6,N7773N,P28A,PIPER PA-28-140/150/160/180,L1P,L
AA8AD6,N779DW,SM19,SIAI-MARCHETTI SM-1019,L1T,L
AA8DD6,N7797U,C150,CESSNA 150,L1P,L
AA8FD6,N78T,C310,CESSNA 310,L2P,L
AA96D6,N78115,C182,CESSNA 182 Skylane,L1P,L
AA9AD6,N78238,GC1,GLOBE Swift,L1P,L
AA9ED6,N7836A,B737,BOEING 737-700,L2J,M
AAA1D6,N78403,J3,PIPER J-3 Cub,L1P,L
AAA2D6,N7848D,PA22,PIPER PA-22,L1P,L
AAA5D6,N78526,C172,CESSNA 172 Skyhawk,L1P,L
AAAAD6,N787DD,C182,CESSNA 182 Skylane,L1P,L
AAAFD6,N788SH,R22,ROBINSON R-22 Mariner,H1P,L
AAB0D6,N78814,PA11,PIPER PA-11 Cub Special,L1P,L
AAB4D6,N78937,M20P,MOONEY M-20,L1P,L
AAB5D6,N79BS,AS20,SCHLEICHER ASW-20,L1P,L
AABFD6,N792DZ,DRON,,D0-,-
AAC1D6,N7920L,BE23,BEECH 23 Sundowner,L1P,L
AAC2D6,N7927X,C172,CESSNA 172 Skyhawk,L1P,L
AAC4D6,N793TC,BALL,,B0-,-
AAC6D6,N79390,M20P,MOONEY M-20,L1P,L
AAD5D6,N798B,BE35,BEECH 35 Starfire Bonanza,L1P,L
AADCD6,N7997W,P28A,PIPER PA-28-140/150/160/180,L1P,L
AADED6,N8TB,LNC2,LANCAIR 200-320,L1P,L
AAE0D6,N80PN,GLF5,GULFSTREAM 5,L2J,M
AAE3D6,N800WE,C182,CESSNA 182 Skylane,L1P,L
AAE4D6,N8004W,P28A,PIPER PA-28-140/150/160/180,L1P,L
AAE9D6,N802FP,SR22,CIRRUS SR-22,L1P,L
AAEAD6,N802RV,RV8,VANS RV-8,L1P,L
AAECD6,N80282,C172,CESSNA 172 Skyhawk,L1P,L
AAF7D6,N80570,,,,
AAFAD6,N8062S,C150,CESSNA 150,L1P,L
AB00D6,N808NW,A333,AIRBUS A-330-300,L2J,H
AB05D6,N8091Q,C402,CESSNA 402 Businessliner,L2P,L
AB09D6,N810EX,DH8A,DE HAVILLAND DHC-8-100 Dash 8,L2T,M
AB0CD6,N8108K,S108,STINSON 108 Voyager,L1P,L
AB0DD6,N811HV,EXEC,ROTORWAY Exec,H1P,L
AB0ED6,N811UA,A319,AIRBUS A-319,L2J,M
AB0FD6,N8113B,P28A,PIPER PA-28-140/150/160/180,L1P,L
AB13D6,N8125E,SR22,CIRRUS SR-22,L1P,L
AB14D6,N813DK,P32R,PIPER PA-32R-300/301/301T,L1P,L
AB17D6,N8137H,PA32,PIPER PA-32,L1P,L
AB19D6,N814SP,E55P,EMBRAER EMB-505 Phenom 300,L2J,M
AB1AD6,N8142,RV3,VANS RV-3,L1P,L
AB20D6,N816ND,RV8,VANS RV-8,L1P,L
AB25D6,N81708,C182,CESSNA 182 Skylane,L1P,L
AB29D6,N8183A,C170,CESSNA 170,L1P,L
AB2DD6,N8195D,PA18,PIPER PA-18 Super Cub,L1P,L
AB31D6,N820LA,DRON,,D0-,-
AB33D6,N8204Y,PA30,PIPER PA-30 Twin Comanche,L2P,L
AB34D6,N821CT,PC12,PILATUS PC-12,L1T,L
AB37D6,N82161,E55P,EMBRAER EMB-505 Phenom 300,L2J,M
AB3AD6,N8221T,PA34,PIPER PA-34 Seneca,L2P,L
AB3CD6,N823JP,VEZE,RUTAN VariEze,L1P,L
AB3ED6,N8233W,P28A,PIPER PA-28-140/150/160/180,L1P,L
AB40D6,N824MM,M20P,MOONEY M-20,L1P,L
AB42D6,N8245Z,C210,CESSNA 201 Centurion,L1P,L
AB46D6,N82572,CH7A,BELLANCA 7 Champion,L1P,L
AB49D6,N8262U,P28A,PIPER PA-28-140/150/160/180,L1P,L
AB4BD6,N827L,BE35,BEECH 35 Starfire Bonanza,L1P,L
AB4CD6,N827WF,SR22,CIRRUS SR-22,L1P,L
AB4DD6,N8274X,P28B,PIPER PA-28-201T/235/236,L1P,L
AB53D6,N829RW,RV6,VANS RV-6,L1P,L
AB54D6,N8291S,C150,CESSNA 150,L1P,L
AB55D6,N82983,PA18,PIPER PA-18 Super Cub,L1P,L
AB5AD6,N8301A,C170,CESSNA 170,L1P,L
AB5BD6,N8308M,PA32,PIPER PA-32,L1P,L
AB5ED6,N8313D,BE35,BEECH 35 Starfire Bonanza,L1P,L
AB65D6,N833ZZ,C172,CESSNA 172 Skyhawk,L1P,L
AB66D6,N8337K,G164,GRUMMAN G-164 Ag-Cat,L1P,L
AB69D6,N8342B,C172,CESSNA 172 Skyhawk,L1P,L
AB6DD6,N8354E,M20P,MOONEY M-20,L1P,L
AB6ED6,N836C,SR20,CIRRUS SR-20,L1P,L
AB74D6,N8371,SONX,SONEX AIRCRAFT Sonex,L1P,L
AB75D6,N8378L,C172,CESSNA 172 Skyhawk,L1P,L
AB7DD6,N84DL,C172,CESSNA 172 Skyhawk,L1P,L
AB7ED6,N84PS,,,,
AB84D6,N841PA,AS50,AEROSPATIALE AS-350 Ecureuil,H1T,L
AB86D6,N84163,CH7A,BELLANCA 7 Champion,L1P,L
AB8AD6,N84286,CH7A,BELLANCA 7 Champion,L1P,L
AB8DD6,N8433Y,P32R,PIPER PA-32R-300/301/301T,L1P,L
AB91D6,N84451,CH7A,BELLANCA 7 Champion,L1P,L
AB92D6,N845EF,SR20,CIRRUS SR-20,L1P,L
AB94D6,N8450T,P28B,PIPER PA-28-201T/235/236,L1P,L
AB98D6,N8462W,P28A,PIPER PA-28-140/150/160/180,L1P,L
AB9CD6,N8474Z,C210,CESSNA 201 Centurion,L1P,L
AB9ED6,N848P,GLAS,Glasair,L1P,L
ABA3D6,N8491U,C172,CESSNA 172 Skyhawk,L1P,L
ABA7D6,N850FA,TBM7,SOCATA TBM-700A/B/C,L1T,L
ABA9D6,N8501C,PA20,PIPER PA-20 Pacer,L1P,L
ABADD6,N8513F,B738,BOEING 737-800,L2J,M
ABB2D6,N853DP,EXEC,ROTORWAY Exec,H1P,L
ABB5D6,N8537M,BE95,BEECH 95 Travel Air,L2P,L
ABB8D6,N8542D,B47G,BELL 47G,H1P,L
ABBDD6,N856CB,,,,
ABC4D6,N8578N,P28B,PIPER PA-28-201T/235/236,L1P,L
ABC6D6,N858UD,DRON,,D0-,-
ABCDD6,N86PU,NAVI,NORTH AMERICAN Navion,L1P,L
ABCED6,N860,B407,BELL 407,H1T,L
ABE4D6,N86576,CH7B,BELLANCA 7 Citabria,L1P,L
ABE6D6,N866TM,CL30,BOMBARDIER BD-100 Challenger 300,L2J,M
ABE7D6,N8662Y,PA30,PIPER PA-30 Twin Comanche,L2P,L
ABECD6,N868CW,C560,CESSNA 560 Citation Ultra,L2J,M
ABF4D6,N87JS,BT36,BEECH B36TC Bonanza,L1P,L
ABFAD6,N871JA,DRON,,D0-,-
AC00D6,N8725L,B38M,BOEING 737 MAX 8,L2J,M
AC08D6,N8749S,C150,CESSNA 150,L1P,L
AC09D6,N875KM,DRON,,D0-,-
AC0FD6,N8766M,BE23,BEECH 23 Sundowner,L1P,L
AC10D6,N877FB,BE95,BEECH 95 Travel Air,L2P,L
AC12D6,N8771D,B38M,BOEING 737 MAX 8,L2J,M
AC13D6,N878Q,B38M,BOEING 737 MAX 8,L2J,M
AC14D6,N878J,C25A,CESSNA 525A Citation CJ2,L2J,L
AC17D6,N879AS,CRJ2,BOMBARDIER Regional Jet CRJ-200,L2J,M
AC1AD6,N8795K,S108,STINSON 108 Voyager,L1P,L
AC1CD6,N88PW,FALC,AMERICAN AIRCRAFT Falcon XP,L1P,L
AC20D6,N88044,J3,PIPER J-3 Cub,L1P,L
AC22D6,N881PE,DRON,,D0-,-
AC26D6,N882SC,LJ35,LEARJET 35,L2J,M
AC28D6,N8829,L5,STINSON Sentinel,L1P,L
AC2BD6,N88332,E75L,EMBRAER ERJ-170-200 (long wing),L2J,M
AC32D6,N8850X,C182,CESSNA 182 Skylane,L1P,L
AC39D6,N887WM,GLF6,GULFSTREAM G650,L2J,M
AC3CD6,N888PD,,,,
AC3ED6,N88866,ACAM,LEZA Air Cam,L2P,L
AC41D6,N8891Y,PA30,PIPER PA-30 Twin Comanche,L2P,L
AC45D6,N890FE,C208,CESSNA 208 Caravan,L1T,L
AC48D6,N8908T,C182,CESSNA 182 Skylane,L1P,L
AC49D6,N891JC,SS2T,TRUSH Turbo Thrush 500/550,L1T,L
AC4DD6,N892MA,DA42,DIAMOND DA-42 Guardian,L2P,L
AC4FD6,N8925N,PA32,PIPER PA-32,L1P,L
AC52D6,N8930E,CRJ2,BOMBARDIER Regional Jet CRJ-200,L2J,M
AC53D6,N8937R,R44,ROBINSON R-44 Raven,H1P,L
AC5AD6,N8954L,AA1,AMERICAN AA-1,L1P,L
AC5ED6,N8966P,PA24,PIPER PA-24 Comanche,L1P,L
AC5FD6,N897FD,B77L,BOEING 777-200LR,L2J,H
AC63D6,N898JB,BE36,BEECH 36 Bonanza,L1P,L
AC65D6,N8983J,P28A,PIPER PA-28-140/150/160/180,L1P,L
AC69D6,N8995M,BE35,BEECH 35 Starfire Bonanza,L1P,L
AC6CD6,N90AC,RV9,VANS RV-9,L1P,L
AC72D6,N9009Y,PA31,PIPER PA-31-300/310/325/350/425,L2P,L
AC75D6,N9014Q,B06,BELL 206 JetRanger,H1T,L
AC77D6,N902NR,,,,
AC7CD6,N9031K,S108,STINSON 108 Voyager,L1P,L
AC87D6,N9060H,C172,CESSNA 172 Skyhawk,L1P,L
AC8CD6,N9079X,C182,CESSNA 182 Skylane,L1P,L
AC8FD6,N9084P,PA24,PIPER PA-24 Comanche,L1P,L
AC93D6,N9096S,BE35,BEECH 35 Starfire Bonanza,L1P,L
AC99D6,N9106A,C170,CESSNA 170,L1P,L
AC9AD6,N911ER,EC35,AIRBUS HELICOPTERS EC-135/635,H2T,L
AC9CD6,N91103,NAVI,NORTH AMERICAN Navion,L1P,L
AC9DD6,N9118D,PA18,PIPER PA-18 Super Cub,L1P,L
AC9ED6,N912HP,,,,
AC9FD6,N912TV,ULAC,,L0-,-
ACA1D6,N913AF,PC12,PILATUS PC-12,L1T,L
ACA7D6,N914ZR,C172,CESSNA 172 Skyhawk,L1P,L
ACA8D6,N9147B,C172,CESSNA 172 Skyhawk,L1P,L
ACADD6,N916K,RV9,VANS RV-9,L1P,L
ACAFD6,N91637,B06,BELL 206 JetRanger,H1T,L
ACB0D6,N917BS,,,,
ACB3D6,N9176,PTS1,PITTS S-1 Special,L1P,L
ACB6D6,N91802,C182,CESSNA 182 Skylane,L1P,L
ACBAD6,N91925,C172,CESSNA 172 Skyhawk,L1P,L
ACBCD6,N92LL,P32R,PIPER PA-32R-300/301/301T,L1P,L
ACBDD6,N92WS,PTS2,PITTS S-2 Special,L1P,L
ACC0D6,N9202P,PARA,,P0-,-
ACC1D6,N92090,J3,PIPER J-3 Cub,L1P,L
ACC4D6,N9214S,BE23,BEECH 23 Sundowner,L1P,L
ACC5D6,N922CM,MIMU,BUSHBY Midget Mustang,L1P,L
ACCDD6,N924JH,VELO,Velocity,L1P,L
ACCFD6,N9243Q,BE35,BEECH 35 Starfire Bonanza,L1P,L
ACD1D6,N925MF,UH1,BELL UH-1 Huey,H1T,L
ACD3D6,N9255T,C180,CESSNA  180 Skywagon,L1P,L
ACD9D6,N927TB,HUSK,CHRISTEN Husky,L1P,L
ACDBD6,N9279Z,DHC2,DE HAVILLAND DHC-2 Beaver,L1P,L
ACDED6,N9284R,PA34,PIPER PA-34 Seneca,L2P,L
ACE8D6,N9306C,C180,CESSNA  180 Skywagon,L1P,L
ACFBD6,N9359G,C188,CESSNA 188 AgTruck,L1P,L
ACFED6,N93639,ERCO,AIR PRODUCTS F-1 Aircoupe,L1P,L
AD06D6,N9388E,AR11,AERONCA 11 Chief,L1P,L
AD08D6,N939TW,C560,CESSNA 560 Citation Ultra,L2J,M
AD09D6,N93927,C152,CESSNA 152,L1P,L
AD0AD6,N94AG,M7,MAULE M-7,L1P,L
AD0ED6,N940TE,,,,
AD14D6,N942CP,B58T,BEECH 58TC Baron,L2P,L
AD17D6,N9426X,C210,CESSNA 201 Centurion,L1P,L
AD1BD6,N94380,ERCO,AIR PRODUCTS F-1 Aircoupe,L1P,L
AD1CD6,N944JK,RV9,VANS RV-9,L1P,L
AD23D6,N946E,,,,
AD26D6,N9467Y,C210,CESSNA 201 Centurion,L1P,L
AD2AD6,N94791,ERCO,AIR PRODUCTS F-1 Aircoupe,L1P,L
AD2CD6,N948WB,R22,ROBINSON R-22 Mariner,H1P,L
AD30D6,N949Z,WAIX,SONEX Waiex,L1P,L
AD31D6,N9496W,P28B,PIPER PA-28-201T/235/236,L1P,L
AD32D6,N95FL,BE95,BEECH 95 Travel Air,L2P,L
AD33D6,N95RS,GL5T,BOMBARDIER BD-700 Global 5000/5500,L2J,M
AD37D6,N9506E,AR11,AERONCA 11 Chief,L1P,L
AD40D6,N953LR,CRJ9,BOMBARDIER Regional Jet CRJ-900,L2J,M
AD48D6,N955SM,M7,MAULE M-7,L1P,L
AD4ED6,N957BW,RV7,VANS RV-7,L1P,L
AD51D6,N9576D,PA18,PIPER PA-18 Super Cub,L1P,L
AD5BD6,N96WW,BL8,BELLANCA 8 Decathlon,L1P,L
AD62D6,N9614W,P28A,PIPER PA-28-140/150/160/180,L1P,L
AD68D6,N963RV,RV4,VANS RV-4,L1P,L
AD69D6,N9631R,BE95,BEECH 95 Travel Air,L2P,L
AD6AD6,N96382,TAYB,TAYLORCRAFT BC/BF/BL,L1P,L
AD6CD6,N964UT,SVNH,AEROTEC Savannah,L1P,L
AD6DD6,N9643U,AA1,AMERICAN AA-1,L1P,L
AD6FD6,N965MK,E300,EXTRA EA-300/330/350,L1P,L
AD74D6,N9660P,PA18,PIPER PA-18 Super Cub,L1P,L
AD79D6,N96793,TAYB,TAYLORCRAFT BC/BF/BL,L1P,L
AD80D6,N9696Y,BE35,BEECH 35 Starfire Bonanza,L1P,L
AD86D6,N9706G,C180,CESSNA  180 Skywagon,L1P,L
AD8AD6,N9718K,S108,STINSON 108 Voyager,L1P,L
AD8CD6,N972UA,DRON,,D0-,-
AD8FD6,N973LT,P28R,PIPER PA-28R-180/200/201,L1P,L
AD95D6,N9747H,C82R,CESSNA R182 Skylane RG,L1P,L
AD97D6,N975SP,BE9L,BEECH 90 King Air,L2T,L
AD9CD6,N9764C,P28A,PIPER PA-28-140/150/160/180,L1P,L
ADA3D6,N97808,C182,CESSNA 182 Skylane,L1P,L
ADA7D6,N9793A,C170,CESSNA 170,L1P,L
ADA8D6,N98AL,B06,BELL 206 JetRanger,H1T,L
ADA9D6,N98LS,AP22,AEROPRACT A-22,L1P,L
ADAAD6,N98WY,C82S,CESSNA T182 Turbo Skylane,L1P,L
ADAED6,N98096,J3,PIPER J-3 Cub,L1P,L
ADAFD6,N981LA,VR7,VASHON Ranger R7,L1P,L
ADB5D6,N98261,J3,PIPER J-3 Cub,L1P,L
ADB9D6,N98384,P28A,PIPER PA-28-140/150/160/180,L1P,L
ADBCD6,N9843W,P28A,PIPER PA-28-140/150/160/180,L1P,L
ADC5D6,N987HB,,,,
ADC8D6,N98795,C172,CESSNA 172 Skyhawk,L1P,L
ADCFD6,N98960,C172,CESSNA 172 Skyhawk,L1P,L
ADD1D6,N99RW,R44,ROBINSON R-44 Raven,H1P,L
ADD2D6,N990CA,C150,CESSNA 150,L1P,L
ADD8D6,N9911A,C170,CESSNA 170,L1P,L
ADE1D6,N994DM,FOX,KITFOX,L1P,L
ADE2D6,N994PT,LNP4,LANCAIR PropJet 4,L1T,L
ADEBD6,N9964E,C182,CESSNA 182 Skylane,L1P,L
ADECD6,N997C,C680,CESSNA 680 Citation Sovereign,L2J,M
ADF4D6,N999HW,B350,BEECHCRAFT Super King Air 350,L2T,M
ADF6D6,N9993C,B06,BELL 206 JetRanger,H1T,L
ADFCD6,94-0119,BE40,BEECH 400 Beechjet,L2J,M
ADFDD6,95-6712,C130,LOCKHEED C-130 Hercules,L4T,M
ADFED6,85-51268,BE20,BEECH 200 Super King Air,L2T,M
ADFFD6,65-10467,T38,NORTHROP T-38 Talon,L2J,L
AE00D6,63-8162,T38,NORTHROP T-38 Talon,L2J,L
AE01D6,61-2663,R135,BOEING RC-135,L4J,H
AE02D6,89-1052,C130,LOCKHEED C-130 Hercules,L4T,M
AE03D6,164999,C130,LOCKHEED C-130 Hercules,L4T,M
AE07D6,92-3292,C17,BOEING C-17 Globemaster 3,L4J,H
AE08D6,61-2672,R135,BOEING RC-135,L4J,H
AE09D6,84-23978,H60,SIKORSKY UH-60 Black Hawk,H2T,M
AE0DD6,83-23841,H60,SIKORSKY UH-60 Black Hawk,H2T,M
AE0ED6,85-24464,H60,SIKORSKY UH-60 Black Hawk,H2T,M
AE11D6,75-0556,E3TF,BOEING E-3 Sentry (TF33),L4J,H
AE14D6,63-8184,T38,NORTHROP T-38 Talon,L2J,L
AE18D6,78-0692,A10,FAIRCHILD A-10 Thunderbolt II,L2J,M
AE1ED6,166081,TEX2,BEECHCRAFT T-6 Texan 2,L1T,L
AE1FD6,11-72199,EC45,AIRBUS HELICOPTERS EC-145,H2T,L
AE21D6,87-24657,H60,SIKORSKY UH-60 Black Hawk,H2T,M
AE26D6,89-2018,F16,GENERAL DYNAMICS F-16 Fighting Falcon,L1J,M
AE29D6,09-6209,C30J,LOCKHEED MARTIN C-130J Super Hercules,L4T,M
AE2ED6,166089,TEX2,BEECHCRAFT T-6 Texan 2,L1T,L
AE2FD6,168076,E2,NORTHROP GRUMMAN E-2 Hawkeye,L2T,M
AE4ED6,10-0107,SR20,CIRRUS SR-20,L1P,L
AE50D6,10-20278,H60,SIKORSKY UH-60 Black Hawk,H2T,M
AE51D6,11-20351,H60,SIKORSKY UH-60 Black Hawk,H2T,M
AE52D6,11-08095,H47,BOEING-VERTOL CH-47 Chinook,H2T,M
AE54D6,13-5775,C30J,LOCKHEED MARTIN C-130J Super Hercules,L4T,M
AE56D6,13-20622,H60,SIKORSKY UH-60 Black Hawk,H2T,M
AE59D6,14-08461,H47,BOEING-VERTOL CH-47 Chinook,H2T,M
AE5AD6,15-20756,H60,SIKORSKY UH-60 Black Hawk,H2T,M
AE5BD6,15-20795,H60,SIKORSKY UH-60 Black Hawk,H2T,M
AE5CD6,89-26196,H60,SIKORSKY UH-60 Black Hawk,H2T,M
AE5ED6,162052,B06,BELL 206 JetRanger,H1T,L
AE63D6,65-10442,T38,NORTHROP T-38 Talon,L2J,L
AE6CD6,19-03286,H64,MCDONNELL DOUGLAS AH-64 Apache,H2T,M
AE73D6,170171,A119,AGUSTA AW-119 Koala,H1T,L
C001D6,C-FASB,BE10,BEECH 100 King Air,L2T,L
C002D6,C-FBBX,P28A,PIPER PA-28-140/150/160/180,L1P,L
C003D6,C-FBLT,C182,CESSNA 182 Skylane,L1P,L
C004D6,C-FBVP,RV9,VANS RV-9,L1P,L
C005D6,C-FCFL,PA44,PIPER PA-44 Seminole,L2P,L
C006D6,C-FCPH,B407,BELL 407,H1T,L
C007D6,C-FCZD,BT36,BEECH B36TC Bonanza,L1P,L
C008D6,C-FDIZ,,,,
C009D6,C-FDSV,BE18,BEECH 18 Expetitor,L2P,L
C00AD6,C-FECR,C185,CESSNA 185 Skywagon,L1P,L
C00BD6,C-FEMN,DA62,DIAMOND DA-62,L2P,L
C00CD6,C-FEWJ,B38M,BOEING 737 MAX 8,L2J,M
C00DD6,C-FFGF,T50,CESSNA Bobcat,L2P,L
C00ED6,C-FFQB,BALL,,B0-,-
C010D6,C-FGJT,BE23,BEECH 23 Sundowner,L1P,L
C012D6,C-FHDL,C180,CESSNA  180 Skywagon,L1P,L
C015D6,C-FIGZ,B14A,BELLANCA 14,L1P,L
C016D6,C-FIQV,LARK,NORTH AMERICAN ROCKWELL Lark Commander,L1P,L
C017D6,C-FJAR,C140,CESSNA 140,L1P,L
C018D6,C-FJKN,TAYA,TAYLORCRAFT A,L1P,L
C019D6,C-FJUJ,CH7A,BELLANCA 7 Champion,L1P,L
C01AD6,C-FKEF,PA18,PIPER PA-18 Super Cub,L1P,L
C01BD6,C-FKOB,C175,CESSNA 175 Skylark,L1P,L
C01CD6,C-FKXX,B14A,BELLANCA 14,L1P,L
C01DD6,C-FLHT,,,,
C01FD6,C-FMBL,CH70,ZENAIR CH-701 Stol,L1P,L
C020D6,C-FMLH,J3,PIPER J-3 Cub,L1P,L
C021D6,C-FMVD,S108,STINSON 108 Voyager,L1P,L
C022D6,C-FNEZ,C180,CESSNA  180 Skywagon,L1P,L
C023D6,C-FNOV,S108,STINSON 108 Voyager,L1P,L
C027D6,C-FPCF,H269,HUGHES Sky Knight,H1P,L
C028D6,C-FPMB,,,,
C029D6,C-FPVX,C180,CESSNA  180 Skywagon,L1P,L
C02BD6,C-FQPP,BE23,BEECH 23 Sundowner,L1P,L
C02CD6,C-FQZL,C170,CESSNA 170,L1P,L
C02DD6,C-FRJH,C185,CESSNA 185 Skywagon,L1P,L
C02ED6,C-FRTD,PA18,PIPER PA-18 Super Cub,L1P,L
C02FD6,C-FSCZ,SA75,STOLP SA-750 Acroduster Too,L1P,L
C030D6,C-FSMV,C140,CESSNA 140,L1P,L
C031D6,C-FSWR,M20P,MOONEY M-20,L1P,L
C032D6,C-FTGN,O1,CESSNA 305/341 Bird Dog,L1P,L
C033D6,C-FTQJ,BE35,BEECH 35 Starfire Bonanza,L1P,L
C037D6,C-FVDT,C150,CESSNA 150,L1P,L
C038D6,C-FVNP,P28A,PIPER PA-28-140/150/160/180,L1P,L
C03BD6,C-FWRD,,,,
C03DD6,C-FXKV,PA11,PIPER PA-11 Cub Special,L1P,L
C03ED6,C-FXUR,BE35,BEECH 35 Starfire Bonanza,L1P,L
C03FD6,C-FYEN,CH60,ZENAIR CH-600 Zodiac,L1P,L
C040D6,C-FYOJ,C185,CESSNA 185 Skywagon,L1P,L
C043D6,C-FZRX,PA22,PIPER PA-22,L1P,L
C044D6,C-GABT,C150,CESSNA 150,L1P,L
C045D6,C-GALP,T206,CESSNA T206 Turbo Stationair,L1P,L
C046D6,C-GAVL,B407,BELL 407,H1T,L
C048D6,C-GBPD,CL2P,CANADAIR CL-215,A2P,M
C049D6,C-GBYZ,C152,CESSNA 152,L1P,L
C04AD6,C-GCIV,B429,BELL 429 GlobalRanger,H2T,L
C04BD6,C-GCSR,SKYR,REARWIN Skyranger,L1P,L
C04DD6,C-GDMJ,B36T,BEECH 36 Turbine Bonanza,L1T,L
C04ED6,C-GDWF,CL60,BOMBARDIER CL-600 Challenger,L2J,M
C04FD6,C-GEGB,P28A,PIPER PA-28-140/150/160/180,L1P,L
C051D6,C-GEZT,RV6,VANS RV-6,L1P,L
C052D6,C-GFJP,P28R,PIPER PA-28R-180/200/201,L1P,L
C053D6,C-GFTL,CL60,BOMBARDIER CL-600 Challenger,L2J,M
C054D6,C-GGDH,CH70,ZENAIR CH-701 Stol,L1P,L
C055D6,C-GGND,DH8D,DE HAVILLAND DHC-8-400 Dash 8,L2T,M
C058D6,C-GHQR,H500,HUGHES 500,H1T,L
C059D6,C-GIAN,PTS1,PITTS S-1 Special,L1P,L
C05BD6,C-GIUF,A321,AIRBUS A-321,L2J,M
C05CD6,C-GJEB,R44,ROBINSON R-44 Raven,H1P,L
C05DD6,C-GJNX,BALL,,B0-,-
C05ED6,C-GJXT,C172,CESSNA 172 Skyhawk,L1P,L
C05FD6,C-GKHP,AT3P,AIR TRACTOR AT-301/401,L1P,L
C060D6,C-GKRL,BALL,,B0-,-
C062D6,C-GLLD,R44,ROBINSON R-44 Raven,H1P,L
C065D6,C-GMOR,UH1,BELL UH-1 Huey,H1T,L
C066D6,C-GMYN,SE5R,REPLICA PLANS SE-5A Replica,L1P,L
C067D6,C-GNIJ,P28A,PIPER PA-28-140/150/160/180,L1P,L
C068D6,C-GNSF,,,,
C069D6,C-GOCB,C150,CESSNA 150,L1P,L
C06BD6,C-GOVT,AC90,NORTH AMERICAN ROCKWELL Turbo Commander 690/840,L2T,L
C06CD6,C-GPFP,PA27,PIPER PA-23-250 Aztec,L2P,L
C06DD6,C-GPPL,PELI,FLYER Pelican,L1P,L
C06FD6,C-GQJD,M5,MAULE M-5,L1P,L
C071D6,C-GRCV,RV4,VANS RV-4,L1P,L
C072D6,C-GRMR,AA5,AMERICAN AA-5 Tiger,L1P,L
C073D6,C-GRWN,PA31,PIPER PA-31-300/310/325/350/425,L2P,L
C074D6,C-GSGJ,C208,CESSNA 208 Caravan,L1T,L
C075D6,C-GSQF,C172,CESSNA 172 Skyhawk,L1P,L
C076D6,C-GTAB,PA34,PIPER PA-34 Seneca,L2P,L
C077D6,C-GTJX,SF34,SAAB 340,L2T,M
C07AD6,C-GUNL,EC30,AIRBUS HELICOPTERS EC-130,H1T,L
C07BD6,C-GUXH,,,,
C07CD6,C-GVHD,B06,BELL 206 JetRanger,H1T,L
C07DD6,C-GVQZ,C172,CESSNA 172 Skyhawk,L1P,L
C07ED6,C-GWAV,PA22,PIPER PA-22,L1P,L
C07FD6,C-GWKR,C185,CESSNA 185 Skywagon,L1P,L
C080D6,C-GWUN,C182,CESSNA 182 Skylane,L1P,L
C081D6,C-GXEJ,PA22,PIPER PA-22,L1P,L
C082D6,C-GXOF,C172,CESSNA 172 Skyhawk,L1P,L
C084D6,C-GYHX,B06,BELL 206 JetRanger,H1T,L
C085D6,C-GYRT,C172,CESSNA 172 Skyhawk,L1P,L
C087D6,C-GZLL,P210,CESSNA P210 Centurion,L1P,L
C089D6,C-IAFD,ULAC,,L0-,-
C08AD6,C-IAOZ,CHIN,ASAP Chinook,L1P,L
C08BD6,C-IAYV,ULAC,,L0-,-
C08DD6,C-IBSN,ULAC,,L0-,-
C08FD6,C-ICMF,,,,
C090D6,C-ICWB,CHIN,ASAP Chinook,L1P,L
C091D6,C-IDFX,BEVR,ASAP Beaver,L1P,L
C092D6,C-IDPT,PARA,,P0-,-
C093D6,C-IDZP,ULAC,,L0-,-
C095D6,C-IETH,,,,
C096D6,C-IFDD,ULAC,,L0-,-
C097D6,C-IFMZ,ULAC,,L0-,-
C098D6,C-IFWV,PARA,,P0-,-
C09AD6,C-IGQN,BEVR,ASAP Beaver,L1P,L
C09BD6,C-IHAJ,,,,
C09CD6,C-IHKF,BEVR,ASAP Beaver,L1P,L
C09DD6,C-IHUB,PARA,,P0-,-
C09FD6,C-IINT,PARA,,P0-,-
C0A1D6,C-IJHL,,,,
C0A2D6,C-IJRH,ULAC,,L0-,-
C0A3D6,C-IKBD,PARA,,P0-,-
C0A4D6,C-IKKZ,ULAC,,L0-,-
C0A7D6,C-ILON,SONX,SONEX AIRCRAFT Sonex,L1P,L
C0A8D6,C-ILYJ,,,,
C0AAD6,C-IMSB,FDCT,FLIGHT DESIGN CT,L1P,L
C0ACD6,C-INLT,GLID,,L0-,-
C0AED6,C-IOFL,ULAC,,L0-,-
C1E4D6,SERV,SERV,,V0-,-
C801D6,ZK-CNV,P28A,PIPER PA-28-140/150/160/180,L1P,L
C804D6,ZK-ETX,C82R,CESSNA R182 Skylane RG,L1P,L
C806D6,ZK-NSC,C152,CESSNA 152,L1P,L
C808D6,ZK-GXA,GLID,,L0-,-
C80CD6,ZK-FTH,ULAC,,L0-,-
C80ED6,ZK-WMO,ULAC,,L0-,-
C812D6,ZK-JFP,ULAC,,L0-,-
C816D6,ZK-TZL,HR20,ROBIN HR-200,L1P,L
C817D6,ZK-HOZ,R22,ROBINSON R-22 Mariner,H1P,L
C818D6,ZK-JQL,ULAC,,L0-,-
C81AD6,ZK-TRB,PNR3,ALPI Pioneer 330,L1P,L
C81BD6,ZK-HEQ,R22,ROBINSON R-22 Mariner,H1P,L
C81CD6,ZK-BFR,ZZZZ,,-0-,-
C81ED6,ZK-IBC,AS50,AEROSPATIALE AS-350 Ecureuil,H1T,L
C81FD6,ZK-18N,ZZZZ,,-0-,-
C821D6,ZK-HAC,H500,HUGHES 500,H1T,L
C822D6,ZK-UCR,PA18,PIPER PA-18 Super Cub,L1P,L
C827D6,ZK-VNX,RV14,VANS RV-14,L1P,L
C828D6,ZK-CCO,DR1,FOKKER Dr-1,L1P,L
C829D6,ZK-PJV,PA11,PIPER PA-11 Cub Special,L1P,L
C87ED6,TWR,TWR,,T0-,-
E065D6,LV-FWV,PA25,PIPER PA-25 Pawnee,L1P,L
E072D6,LV-GKV,BE20,BEECH 200 Super King Air,L2T,M
E075D6,LV-GWV,BE20,BEECH 200 Super King Air,L2T,M
E082D6,LV-HKV,B38M,BOEING 737 MAX 8,L2J,M
E092D6,LV-IKV,R66,ROBINSON R-66,H1T,L
E095D6,LV-IWV,H25B,HAWKER BEECHCRAFT Hawker 750/850,L2J,M
E481D6,PR-GGH,B738,BOEING 737-800,L2J,M
E484D6,PP-KPL,E50P,EMBRAER EMB-500 Phenom 100,L2J,L
E485D6,PR-VCP,BE58,BEECH 58 Baron,L2P,L
E48CD6,PP-SVG,C680,CESSNA 680 Citation Sovereign,L2J,M
E48DD6,PP-MMX,LJ45,LEARJET 45,L2J,M
E48ED6,PR-HIG,R22,ROBINSON R-22 Mariner,H1P,L
E491D6,PR-AUM,E195,EMBRAER ERJ-190-200,L2J,M
E493D6,PP-NLD,E55P,EMBRAER EMB-505 Phenom 300,L2J,M
