008DDB,ZS-FFU,C206,CESSNA  206 Stationair,L1P,L
0091DB,ZS-GTE,GLID,,L0-,-
0097DB,ZS-JAG,B190,BEECH 1900,L2T,M
0098DB,ZS-JKC,BE58,BEECH 58 Baron,L2P,L
00B2DB,ZS-TGC,E135,EMBRAER ERJ-135,L2J,M
0100DB,SU-GCM,B738,BOEING 737-800,L2J,M
0101DB,SU-GER,B789,BOEING 787-9 Dreamliner,L2J,H
04C0DB,5Y-FFC,E190,EMBRAER ERJ-190-100,L2J,M
06A0DB,A7-BBI,B77L,BOEING 777-200LR,L2J,H
06A2DB,A7-OOO,DA40,DIAMOND DA-40 Club Star,L1P,L
0900DB,D2-TEI,B77W,BOEING 777-300ER,L2J,H
0AC7DB,FAC4473,B06,BELL 206 JetRanger,H1T,L
0C20DB,HP-3110DAE,B734,BOEING 737-400,L2J,M
0D03DB,XB-IXT,C501,CESSNA 501 Citation 1SP,L2J,L
0D07DB,6611,TEX2,BEECHCRAFT T-6 Texan 2,L1T,L
0D0CDB,XA-NZF,C650,CESSNA 650 Citation,L2J,M
0D0DDB,XA-CCN,B38M,BOEING 737 MAX 8,L2J,M
0D80DB,YV2844,C25A,CESSNA 525A Citation CJ2,L2J,L
1059DB,TWR,TWR,,T0-,-
1427DB,RA-10203,GLF5,GULFSTREAM 5,L2J,M
151DDB,RA-73179,A320,AIRBUS A-320,L2J,M
151EDB,RA-73435,A20N,AIRBUS A-320neo,L2J,M
151FDB,RA-73691,A320,AIRBUS A-320,L2J,M
1526DB,RA-75483,IL18,ILYUSHIN Il-18,L4T,M
152BDB,RA-76763,IL76,ILYUSHIN Il-76/82,L4J,H
1533DB,RF-78811,IL76,ILYUSHIN Il-76/82,L4J,H
155BDB,RA-89051,SU95,SUKHOI Superjet 100-95,L2J,M
3002DB,I-PVLJ,DA40,DIAMOND DA-40 Club Star,L1P,L
31DDDB,I-D188,VL3,AVEKO Flamingo,L1P,L
31DEDB,I-D690,KP5,JIHLAVAN KP-5 Skyleader,L1P,L
33FFDB,MM62127,C27J,ALENIA C-27J Spartan,L2T,M
3829DB,F-PEAC,D150,JODEL D-150 Mascaret,L1P,L
3830DB,F-CGGR,DISC,SCHEMPP-HIRTH Discus,L1P,L
3834DB,F-PRBX,D11,JODEL D-11x/12x,L1P,L
3835DB,F-CEYS,SF28,SCHEIBE SF-28 Tandem Falke,L1P,L
3839DB,F-PDPE,MCR4,DYNAERO MCR-2/4,L1P,L
383ADB,F-CHFN,GLID,,L0-,-
383CDB,F-CGQJ,GLID,,L0-,-
383DDB,F-PSDZ,PULS,Pulsar,L1P,L
383EDB,F-AZJS,SPIT,SUPERMARINE Spitfire,L1P,L
383FDB,F-PNUH,D11,JODEL D-11x/12x,L1P,L
3840DB,F-CGST,GLID,,L0-,-
3842DB,F-PHOT,MCR1,COLOMBAN Ban-Bi,L1P,L
3846DB,F-POPN,D140,JODEL D-140 Mousquetaire,L1P,L
3847DB,F-PFCL,QR01,QUERCY CQR-01,L1P,L
3855DB,F-WMXN,ZZZZ,,-0-,-
385BDB,F-WKVF,AT76,ATR-72-600,L2T,M
385CDB,F-WNUC,GYRO,,G0-,-
385EDB,F-WJKP,A359,AIRBUS A-350-900,L2J,H
3868DB,F-POCJ,EUPA,Europa,L1P,L
386FDB,F-PELA,CRUZ,CSA PS-28 Cruiser,L1P,L
3873DB,F-PACP,D11,JODEL D-11x/12x,L1P,L
387DDB,F-PALL,BALL,,B0-,-
3881DB,F-PRRD,COZY,CO-Z Cozy,L1P,L
3886DB,F-WXAG,A21N,AIRBUS A-321neo,L2J,M
3889DB,F-CIJM,VENT,SCHEMPP-HIRTH Ventus,L1P,L
388ADB,F-PRPM,D140,JODEL D-140 Mousquetaire,L1P,L
388DDB,F-WZFH,A359,AIRBUS A-350-900,L2J,H
388EDB,F-WZFO,A359,AIRBUS A-350-900,L2J,H
388FDB,F-WZFW,A359,AIRBUS A-350-900,L2J,H
3892DB,F-WZGC,A359,AIRBUS A-350-900,L2J,H
3894DB,F-WZGS,A359,AIRBUS A-350-900,L2J,H
3896DB,F-WTAS,ZZZZ,,-0-,-
3898DB,F-PVAC,RV6,VANS RV-6,L1P,L
389BDB,F-WZHH,A359,AIRBUS A-350-900,L2J,H
389EDB,F-WZNG,A359,AIRBUS A-350-900,L2J,H
389FDB,F-WZNP,A359,AIRBUS A-350-900,L2J,H
38A0DB,F-WZNY,A359,AIRBUS A-350-900,L2J,H
38A1DB,F-WZHI,A359,AIRBUS A-350-900,L2J,H
38AADB,F-WTBQ,ZZZZ,,-0-,-
38ACDB,F-PJKV,ZZZZ,,-0-,-
38AEDB,F-PSVJ,ZZZZ,,-0-,-
38B9DB,F-WTBJ,ZZZZ,,-0-,-
38BBDB,F-PADF,MCR4,DYNAERO MCR-2/4,L1P,L
38BCDB,F-PADC,MCR4,DYNAERO MCR-2/4,L1P,L
38BEDB,F-PGDR,ZZZZ,,-0-,-
38BFDB,F-AZMZ,ST75,STEARMAN Kaydet,L1P,L
38C7DB,F-PZPN,LGEZ,RUTAN Long-EZ,L1P,L
38C8DB,F-WZOA,FA6X,DASSAULT Falcon 6X,L2J,M
38CDDB,F-PSLJ,GLST,GLASAIR SH-4 GlaStar,L1P,L
38CEDB,F-WIDE,FA6X,DASSAULT Falcon 6X,L2J,M
38D1DB,F-WXAL,A20N,AIRBUS A-320neo,L2J,M
38D2DB,F-WXAT,A21N,AIRBUS A-321neo,L2J,M
38D4DB,F-WZME,A21N,AIRBUS A-321neo,L2J,M
38D5DB,F-WZMM,A21N,AIRBUS A-321neo,L2J,M
38D8DB,F-PHJJ,D11,JODEL D-11x/12x,L1P,L
38D9DB,F-CHTY,DUOD,SCHEMPP-HIRTH Duo Discus,L1P,L
38DADB,F-CGZR,GLID,,L0-,-
38DBDB,F-CGRX,DG80,DG FLUGZEUGBAU DG-800,L1P,L
38DDDB,F-PJSE,ZZZZ,,-0-,-
38E0DB,F-WZEF,,,,
38E3DB,F-PLZE,SAPH,PIEL Saphir,L1P,L
38E6DB,F-PAKV,EUPA,Europa,L1P,L
38E8DB,F-CGVS,GLID,,L0-,-
38E9DB,F-PMJT,ZZZZ,,-0-,-
38EBDB,F-PXRV,RV7,VANS RV-7,L1P,L
38F1DB,F-PGLF,ZZZZ,,-0-,-
38F3DB,F-PGIR,PA18,PIPER PA-18 Super Cub,L1P,L
38F8DB,F-PLOP,MCR1,COLOMBAN Ban-Bi,L1P,L
38F9DB,F-PMPZ,VEZE,RUTAN VariEze,L1P,L
38FEDB,F-PJGR,D11,JODEL D-11x/12x,L1P,L
3900DB,F-PHQK,D11,JODEL D-11x/12x,L1P,L
3903DB,F-CBEU,DUOD,SCHEMPP-HIRTH Duo Discus,L1P,L
3906DB,F-CIGJ,GLID,,L0-,-
390EDB,F-AYVF,T28,NORTH AMERICAN T-28,L1P,L
390FDB,F-PITI,MC10,COLOMBAN Cricri,L2P,L
391DDB,F-PXDG,RV9,VANS RV-9,L1P,L
391EDB,F-CJPR,GLID,,L0-,-
3921DB,F-PECV,RV7,VANS RV-7,L1P,L
3923DB,F-WTBO,ZZZZ,,-0-,-
3926DB,F-WTBW,ZZZZ,,-0-,-
392ADB,RX19,TWR,,T0-,-
392BDB,F-CHKS,GLID,,L0-,-
392FDB,F-CGDB,RF10,FOURNIER RF-10,L1P,L
3935DB,F-CPHA,GLID,,L0-,-
3937DB,F-CHKU,GLID,,L0-,-
3938DB,F-CAIF,GLID,,L0-,-
3939DB,F-PNVE,CH65,ZENAIR CH-650 Zodiac,L1P,L
3940DB,F-PBCA,CH64,ZENAIR CH-640 Zodiac,L1P,L
3942DB,F-AYYD,TB30,SOCATA TB-30 Epsilon,L1P,L
3943DB,F-POPS,CP75,PIEL Beryl,L1P,L
3944DB,F-AYES,GC1,GLOBE Swift,L1P,L
3946DB,F-PCVD,RV7,VANS RV-7,L1P,L
3949DB,F-CLMG,DIMO,DIAMOND H-36 Dimona,L1P,L
394DDB,F-AYFM,TB30,SOCATA TB-30 Epsilon,L1P,L
3950DB,F-PKPL,DR10,CENTRE EST Ambassadeur,L1P,L
3955DB,F-CLEP,RF3,FOURNIER RF-3,L1P,L
3956DB,F-PRMX,LGEZ,RUTAN Long-EZ,L1P,L
3AABDB,F-MBHP,TIGR,AIRBUS HELICOPTERS EC-665 Tiger,H2T,L
3B76DB,F-RAUV,AS55,AEROSPATIALE AS-355 Ecureuil 2,H2T,L
3B77DB,203,E3CF,BOEING E-3 Sentry (CFM56),L4J,H
3B9BDB,13,ATLA,BREGUET Atlantic,L2T,M
3C0CDB,D-ATWO,CL60,BOMBARDIER CL-600 Challenger,L2J,M
3C17DB,D-AYAW,A21N,AIRBUS A-321neo,L2J,M
3CC1DB,D-CASH,E55P,EMBRAER EMB-505 Phenom 300,L2J,M
3D04DB,D-EABZ,C152,CESSNA 152,L1P,L
3D07DB,D-EBFN,C172,CESSNA 172 Skyhawk,L1P,L
3D0ADB,D-ECJB,DR40,ROBIN DR-400,L1P,L
3D0BDB,D-ECSX,C172,CESSNA 172 Skyhawk,L1P,L
3D0CDB,D-EDCT,PA38,PIPER PA-38 Tomahawk,L1P,L
3D0DDB,D-EDMP,P208,TECNAM P-2008,L1P,L
3D0FDB,D-EEGH,AC11,NORTH AMERICAN ROCKWELL Commander 112/114,L1P,L
3D11DB,D-EEZZ,IMPU,IMPULSE Xturn,L1P,L
3D14DB,D-EGDN,AA5,AMERICAN AA-5 Tiger,L1P,L
3D15DB,D-EGNJ,RALL,SOCATA Rallye,L1P,L
3D17DB,D-EHHB,C172,CESSNA 172 Skyhawk,L1P,L
3D19DB,D-EIAT,P28R,PIPER PA-28R-180/200/201,L1P,L
3D1BDB,D-EIUL,P28R,PIPER PA-28R-180/200/201,L1P,L
3D1FDB,D-EKHV,RALL,SOCATA Rallye,L1P,L
3D20DB,D-EKRR,P208,TECNAM P-2008,L1P,L
3D25DB,D-EMOX,BE33,BEECH 33 Bonanza,L1P,L
3D28DB,D-ENSL,A210,AQUILA A-210,L1P,L
3D29DB,D-EOCH,SUBA,FUJI FA-200 Aero Subaru,L1P,L
3D2DDB,D-EPPR,BE23,BEECH 23 Sundowner,L1P,L
3D31DB,D-ERDB,P28A,PIPER PA-28-140/150/160/180,L1P,L
3D32DB,D-ERMX,SR20,CIRRUS SR-20,L1P,L
3D37DB,D-ETKD,C152,CESSNA 152,L1P,L
3D3DDB,D-EVRF,RV7,VANS RV-7,L1P,L
3D74DB,D-FQMT,PC12,PILATUS PC-12,L1T,L
3DD4DB,D-HAVZ,AS65,AEROSPATIALE AS-365 Dauphin 2,H2T,L
3DDDDB,D-HEGP,AS32,AEROSPATIALE AS-332 Super Puma,H2T,M
3E5DDB,D-KASX,GLID,,L0-,-
3E6BDB,D-KGAT,SF25,SCHEIBE SF-25 Falke,L1P,L
3E75DB,D-KJVF,GLID,,L0-,-
3E7BDB,D-KMCH,GLID,,L0-,-
3EE2DB,D-0580,GLID,,L0-,-
3EEADB,D-2628,GLID,,L0-,-
3EEFDB,D-3908,GLID,,L0-,-
3F03DB,D-9028,GLID,,L0-,-
3F05DB,D-9540,GLID,,L0-,-
3F06DB,D-9796,DUOD,SCHEMPP-HIRTH Duo Discus,L1P,L
3F46DB,54+27,A400,AIRBUS A-400M,L4T,H
3F52DB,74+24,TIGR,AIRBUS HELICOPTERS EC-665 Tiger,H2T,L
3FDFDB,D-OWFB,BALL,,B0-,-
3FECDB,D-MNEZ,SKAR,III Sky Arrow,L1P,L
3FEDDB,D-MKHS,COY2,RANS Coyote 2,L1P,L
3FEEDB,D-MYHY,SVNH,AEROTEC Savannah,L1P,L
3FF0DB,D-MAPO,FK9,B&F TECHNIK FK-9,L1P,L
3FF1DB,D-MLEU,CDUS,AUTOGYRO Calidus,G1P,L
3FF2DB,D-MIGC,,,,
3FF3DB,D-MLHT,,,,
3FF4DB,D-MXIK,C42,IKARUS C-42 Bison,L1P,L
3FF5DB,D-MMBU,SKRA,BEST OFF Sky Ranger,L1P,L
3FF9DB,D-MXTI,FDCT,FLIGHT DESIGN CT,L1P,L
4001DB,VP-CLB,F900,DASSAULT Falcon 900,L3J,M
4007DB,G-SAJJ,E145,EMBRAER ERJ-145,L2J,M
4009DB,G-EUUN,A320,AIRBUS A-320,L2J,M
400BDB,G-EZPG,A319,AIRBUS A-319,L2J,M
400CDB,G-EMCA,AC11,NORTH AMERICAN ROCKWELL Commander 112/114,L1P,L
400EDB,G-BYUX,G115,GROB G-115,L1P,L
400FDB,G-EZBJ,A319,AIRBUS A-319,L2J,M
4010DB,G-EUXK,A321,AIRBUS A-321,L2J,M
4014DB,G-APCB,ALPI,AUSTER J-5R Alpine,L1P,L
4015DB,G-ASMZ,AUS6,AUSTER AOP6,L1P,L
4016DB,G-AVGZ,DR10,CENTRE EST Ambassadeur,L1P,L
4017DB,G-AWVA,C172,CESSNA 172 Skyhawk,L1P,L
4018DB,G-AYOZ,C150,CESSNA 150,L1P,L
4019DB,G-BAGT,COUR,HELIO Courier,L1P,L
401ADB,G-BBJZ,C172,CESSNA 172 Skyhawk,L1P,L
401BDB,G-BDEH,D11,JODEL D-11x/12x,L1P,L
401CDB,G-BFEB,D150,JODEL D-150 Mascaret,L1P,L
401DDB,G-BGRR,PA38,PIPER PA-38 Tomahawk,L1P,L
401EDB,G-BIDJ,PA18,PIPER PA-18 Super Cub,L1P,L
4020DB,G-BLJO,C152,CESSNA 152,L1P,L
4024DB,G-ADMT,DH87,DE HAVILLAND DH-87 Hornet Moth,L1P,L
4026DB,G-MNSJ,ULAC,,L0-,-
4028DB,G-BNKR,C152,CESSNA 152,L1P,L
4029DB,G-LGCC,DR40,ROBIN DR-400,L1P,L
402CDB,G-ZSDB,P28B,PIPER PA-28-201T/235/236,L1P,L
402DDB,G-KHCG,AS55,AEROSPATIALE AS-355 Ecureuil 2,H2T,L
4030DB,G-MWER,ULAC,,L0-,-
4032DB,G-BSXA,P28A,PIPER PA-28-140/150/160/180,L1P,L
4035DB,G-WAAS,B105,EUROCOPTER BO-105,H2T,L
4038DB,G-BVKL,BALL,,B0-,-
4039DB,G-MYUC,ULAC,,L0-,-
403DDB,G-OJHL,EUPA,Europa,L1P,L
4040DB,G-BYEO,CH60,ZENAIR CH-600 Zodiac,L1P,L
4041DB,G-PSFG,R200,ROBIN Alpha,L1P,L
4043DB,G-PEGA,ULAC,,L0-,-
4044DB,G-BZTM,ULAC,,L0-,-
4046DB,G-CBKR,P28A,PIPER PA-28-140/150/160/180,L1P,L
4048DB,G-XIOO,XAIR,RAJ HAMSA X-AIR Falcon,L1P,L
4049DB,G-CCIH,ULAC,,L0-,-
404BDB,G-RBSN,C42,IKARUS C-42 Bison,L1P,L
404DDB,G-EGBS,RV9,VANS RV-9,L1P,L
404FDB,G-JOBA,ULAC,,L0-,-
4050DB,G-CYLL,F8L,AEROMERE F-8L Falco,L1P,L
4051DB,G-CEPM,JAB4,JABIRU J200-450,L1P,L
4054DB,G-CGBJ,GLID,,L0-,-
4058DB,G-KEVG,MT,ROTORSPORT MTOSport,G1P,L
405ADB,G-DESC,GLID,,L0-,-
4060DB,G-CGKL,G115,GROB G-115,L1P,L
4061DB,G-CGGE,BALL,,B0-,-
4062DB,G-MAKE,CDUS,AUTOGYRO Calidus,G1P,L
4063DB,G-HEWZ,H500,HUGHES 500,H1T,L
4064DB,G-LEGC,E35L,EMBRAER EMB-135 Legacy,L2J,M
4066DB,G-WAPA,R44,ROBINSON R-44 Raven,H1P,L
4068DB,G-KSSA,EXPL,MCDONNELL-DOUGLAS MD-900 Explorer,H2T,L
406ADB,G-CLLY,GLID,,L0-,-
406CDB,G-ETPM,DA42,DIAMOND DA-42 Guardian,L2P,L
406DDB,G-MCGJ,S92,SIKORSKY S-92 Helibus,H2T,M
406EDB,G-CISK,E145,EMBRAER ERJ-145,L2J,M
406FDB,G-EZPE,A320,AIRBUS A-320,L2J,M
4070DB,G-CJGT,GLID,,L0-,-
4072DB,G-PBIG,EC30,AIRBUS HELICOPTERS EC-130,H1T,L
4075DB,G-CKXD,GLID,,L0-,-
4077DB,G-GAVV,FDCT,FLIGHT DESIGN CT,L1P,L
4078DB,G-ORAI,AT76,ATR-72-600,L2T,M
407ADB,G-THDR,A109,AGUSTA AW-109 Grand,H2T,L
4241DB,VP-CIO,LJ60,LEARJET 60,L2J,M
4247DB,VP-CAO,EC45,AIRBUS HELICOPTERS EC-145,H2T,L
424BDB,M-APCO,E35L,EMBRAER EMB-135 Legacy,L2J,M
43C0DB,ZH881,C30J,LOCKHEED MARTIN C-130J Super Hercules,L4T,M
43C2DB,ZD257,LYNX,AGUSTAWESTLAND AW-159 Super Lynx,H2T,L
43C4DB,ZH777,H47,BOEING-VERTOL CH-47 Chinook,H2T,M
43C5DB,ZM401,A400,AIRBUS A-400M,L4T,H
43C6DB,ZK328,EUFI,EUROFIGHTER 2000,L2J,M
43C7DB,ZZ100,EH10,AGUSTA WESTLAND EH-101 Merlin,H3T,M
43C8DB,ZM501,EC45,AIRBUS HELICOPTERS EC-145,H2T,L
43E8DB,M-ECJI,FA10,DASSAULT Falcon 100,L2J,M
43E9DB,M-ARVY,FA7X,DASSAULT Falcon 7X,L3J,M
43EEDB,2-TSYY,B738,BOEING 737-800,L2J,M
4401DB,OE-XGL,EC35,AIRBUS HELICOPTERS EC-135/635,H2T,L
4402DB,OE-ICT,A320,AIRBUS A-320,L2J,M
4404DB,OE-FRM,C510,CESSNA 510 Citation Mustang,L2J,L
440CDB,OE-GPP,C56X,CESSNA 560XL Citation XLS,L2J,M
4609DB,OH-DTB,DA40,DIAMOND DA-40 Club Star,L1P,L
4631DB,OH-SWX,BE9L,BEECH 90 King Air,L2T,L
4717DB,HA-JAX,YK52,YAKOVLEV Yak-52,L1P,L
4734DB,HA-UAL,TL20,TL ULTRALIGHT TL-2000 Sting,L1P,L
4785DB,LN-ACG,PA18,PIPER PA-18 Super Cub,L1P,L
4786DB,LN-UXR,P28A,PIPER PA-28-140/150/160/180,L1P,L
4792DB,LN-NIK,B738,BOEING 737-800,L2J,M
47A4DB,LN-OXN,AS50,AEROSPATIALE AS-350 Ecureuil,H1T,L
4845DB,PH-FAM,P28U,PIPER PA-28RT-201T Turbo,L1P,L
4847DB,PH-985,SF25,SCHEIBE SF-25 Falke,L1P,L
4849DB,PH-GUD,PA34,PIPER PA-34 Seneca,L2P,L
484ADB,PH-GRB,S11,FOKKER S-11 Instructor,L1P,L
484BDB,PH-1033,GLID,,L0-,-
484CDB,PH-BGV,EUPA,Europa,L1P,L
484DDB,PH-272,GLID,,L0-,-
484EDB,PH-1448,GLID,,L0-,-
484FDB,PH-LSC,G202,AKROTECH G-202,L1P,L
4850DB,PH-AHG,BALL,,B0-,-
4851DB,PH-1JB,ZZZZ,,-0-,-
4853DB,PH-1MU,ZZZZ,,-0-,-
4854DB,PH-1TP,ZZZZ,,-0-,-
4855DB,PH-2LS,ZZZZ,,-0-,-
4856DB,PH-2XY,ZZZZ,,-0-,-
485BDB,PH-PCZ,C182,CESSNA 182 Skylane,L1P,L
4863DB,PH-NXC,E295,EMBRAER ERJ-190-400,L2J,M
4864DB,PH-SAS,C172,CESSNA 172 Skyhawk,L1P,L
49C0DB,OK-TAR01,NG4,BRM AERO NG-4,L1P,L
49D0DB,OK-OFI,L200,LET L-200 Morava,L2P,L
49D3DB,OK-MNC,C182,CESSNA 182 Skylane,L1P,L
4B04DB,HB-BVV,BALL,,B0-,-
4B05DB,HB-CFR,C172,CESSNA 172 Skyhawk,L1P,L
4B0ADB,HB-ECX,BE35,BEECH 35 Starfire Bonanza,L1P,L
4B0EDB,HB-FQH,PC12,PILATUS PC-12,L1T,L
4B1ADB,HB-KEL,R300,ROBIN R-3000/3100/3120/3140,L1P,L
4B1EDB,HB-LRV,PAY2,PIPER PA-31T2-620 Cheyenne 2,L2T,L
4B23DB,HB-NPB,PIVI,PIPSTREL Virus,L1P,L
4B28DB,HB-PMH,P28A,PIPER PA-28-140/150/160/180,L1P,L
4B2BDB,HB-QPV,BALL,,B0-,-
4B2CDB,HB-QZR,BALL,,B0-,-
4B2FDB,HB-SDF,DA40,DIAMOND DA-40 Club Star,L1P,L
4B34DB,HB-UAL,CH7B,BELLANCA 7 Citabria,L1P,L
4B36DB,HB-UUD,BU31,BUCKER Bu-131 Jungmann,L1P,L
4B43DB,HB-ZSD,R22,ROBINSON R-22 Mariner,H1P,L
4B4CDB,HB-2100,VENT,SCHEMPP-HIRTH Ventus,L1P,L
4B4DDB,HB-2356,DUOD,SCHEMPP-HIRTH Duo Discus,L1P,L
4B51DB,HB-3380,DISC,SCHEMPP-HIRTH Discus,L1P,L
4B82DB,5002,BE20,BEECH 200 Super King Air,L2T,M
4CA4DB,EI-DRM,UF10,URBAN UFM-10 Samba,L1P,L
4CA8DB,EI-ENP,B738,BOEING 737-800,L2J,M
4CACDB,EI-GJN,B738,BOEING 737-800,L2J,M
4CAFDB,EI-HBA,CRJX,BOMBARDIER Regional Jet CRJ-1000,L2J,M
4CC3DB,TF-AMV,B744,BOEING 747-400,L4J,H
4D21DB,9H-NEB,A20N,AIRBUS A-320neo,L2J,M
4D22DB,9H-LIV,A319,AIRBUS A-319,L2J,M
4D23DB,9H-VIL,GL7T,BOMBARDIER BD-700 Global 7000/7500,L2J,M
5001DB,T7-ME3,A21N,AIRBUS A-321neo,L2J,M
5002DB,T7-MLK,GLEX,BOMBARDIER BD-700 Global 6000/6500,L2J,M
503CDB,LY-FTN,SIRA,TECNAM P-2002 Sierra,L1P,L
503FDB,42 BLUE,AS65,AEROSPATIALE AS-365 Dauphin 2,H2T,L
506CDB,S5-CNN,C501,CESSNA 501 Citation 1SP,L2J,L
506EDB,S5-PGO,PIVI,PIPSTREL Virus,L1P,L
5080DB,UR-BXQ,IL76,ILYUSHIN Il-76/82,L4J,H
5083DB,UR-CQX,B738,BOEING 737-800,L2J,M
5110DB,ES-TOP,R44,ROBINSON R-44 Raven,H1P,L
6831DB,UP-F1008,F100,FOKKER 100,L2J,M
7103DB,HZ-AS59,A320,AIRBUS A-320,L2J,M
717CDB,HZ-FAP,A20N,AIRBUS A-320neo,L2J,M
7394DB,4X-CDK,C172,CESSNA 172 Skyhawk,L1P,L
7500DB,9M-PTA,B350,BEECHCRAFT Super King Air 350,L2T,M
7502DB,9M-LNP,B738,BOEING 737-800,L2J,M
7503DB,9M-LNV,B738,BOEING 737-800,L2J,M
7582DB,RP-C190,BE20,BEECH 200 Super King Air,L2T,M
7802DB,B-1910,B738,BOEING 737-800,L2J,M
7803DB,B-9289,C172,CESSNA 172 Skyhawk,L1P,L
7806DB,B-6438,A319,AIRBUS A-319,L2J,M
7807DB,B-6826,A320,AIRBUS A-320,L2J,M
7809DB,B-2731,B788,BOEING 787-8 Dreamliner,L2J,H
780ADB,B-9921,A320,AIRBUS A-320,L2J,M
780CDB,B-6463,A319,AIRBUS A-319,L2J,M
780DDB,B-1662,A320,AIRBUS A-320,L2J,M
780EDB,B-8281,A320,AIRBUS A-320,L2J,M
780FDB,B-7879,B789,BOEING 787-9 Dreamliner,L2J,H
7811DB,B-1483,B738,BOEING 737-800,L2J,M
7812DB,B-1367,B738,BOEING 737-800,L2J,M
7816DB,B-109L,P28A,PIPER PA-28-140/150/160/180,L1P,L
7817DB,B-3762,Y12,HARBIN Y-12E Harbinger,L2T,L
7818DB,B-30DX,A320,AIRBUS A-320,L2J,M
781BDB,B-220Y,B738,BOEING 737-800,L2J,M
781CDB,B-327Q,A20N,AIRBUS A-320neo,L2J,M
781DDB,B-12HC,J600,JIHLAVAN Skyleader 600,L1P,L
7BB0DB,B-5042,B738,BOEING 737-800,L2J,M
7C14DB,VH-EEL,BE20,BEECH 200 Super King Air,L2T,M
7C15DB,VH-ELP,AS55,AEROSPATIALE AS-355 Ecureuil 2,H2T,L
7C16DB,VH-EST,GLID,,L0-,-
7C1CDB,VH-FZH,PC12,PILATUS PC-12,L1T,L
7C25DB,VH-HRH,B505,BELL 505 JetRanger X,H1T,L
7C2DDB,VH-JCD,SR22,CIRRUS SR-22,L1P,L
7C2EDB,VH-JJH,RV7,VANS RV-7,L1P,L
7C2FDB,VH-JQL,A320,AIRBUS A-320,L2J,M
7C32DB,VH-KBX,F70,FOKKER 70,L2J,M
7C38DB,VH-LIL,PA31,PIPER PA-31-300/310/325/350/425,L2P,L
7C3ADB,VH-LWT,C182,CESSNA 182 Skylane,L1P,L
7C3FDB,VH-MWD,EXPR,EXPRESS 2000,L1P,L
7C42DB,VH-NHP,F100,FOKKER 100,L2J,M
7C48DB,VH-OOD,BT36,BEECH B36TC Bonanza,L1P,L
7C49DB,VH-OVH,M20P,MOONEY M-20,L1P,L
7C56DB,VH-RFX,B06,BELL 206 JetRanger,H1T,L
7C5BDB,VH-SFH,C182,CESSNA 182 Skylane,L1P,L
7C65DB,VH-UEL,DA40,DIAMOND DA-40 Club Star,L1P,L
7C67DB,VH-UST,PA32,PIPER PA-32,L1P,L
7C68DB,VH-UZX,C303,CESSNA T303 Crusader,L2P,L
7C6CDB,VH-VSD,C172,CESSNA 172 Skyhawk,L1P,L
7C6DDB,VH-VZH,B738,BOEING 737-800,L2J,M
7C71DB,VH-WRX,ZZZZ,,-0-,-
7C75DB,VH-XKD,GLID,,L0-,-
7C79DB,VH-YCT,CT4,PACIFIC AEROSPACE CT-4 Airtrainer,L1P,L
7C7ADB,VH-YJX,SR22,CIRRUS SR-22,L1P,L
7C7EDB,VH-ZCD,SR20,CIRRUS SR-20,L1P,L
7C7FDB,VH-ZJH,C172,CESSNA 172 Skyhawk,L1P,L
7CC3DB,24-8553,ULAC,,L0-,-
7CC4DB,24-8164,JAB2,JABIRU J160/170,L1P,L
7CF8DB,A44-223,F18S,BOEING FA-18 SUPER HORNET,L2J,M
7CF9DB,A54-004,PC21,PILATUS PC-21,L1T,L
8001DB,VT-ARV,GALX,GULFSTREAM G200,L2J,M
8002DB,K2878,IL76,ILYUSHIN Il-76/82,L4J,H
8003DB,VT-MDM,RJ70,AVRO RJ-70 Avroliner,L4J,M
8004DB,VT-ALG,B77L,BOEING 777-200LR,L2J,H
8005DB,VT-JSA,A139,AGUSTA AW-139,H2T,L
8007DB,VT-JES,B773,BOEING 777-300,L2J,H
800CDB,VT-IVO,A20N,AIRBUS A-320neo,L2J,M
8013DB,VT-ISK,A20N,AIRBUS A-320neo,L2J,M
8014DB,VT-TQJ,A20N,AIRBUS A-320neo,L2J,M
862CDB,JA6523,A139,AGUSTA AW-139,H2T,L
8881DB,VN-A814,A333,AIRBUS A-330-300,L2J,H
8960DB,A6-EBT,B773,BOEING 777-300,L2J,H
8961DB,A6-RJ1,RJ85,AVRO RJ-85 Avroliner,L4J,M
8963DB,A6-EPL,B77W,BOEING 777-300ER,L2J,H
8967DB,DU-201,A139,AGUSTA AW-139,H2T,L
8990DB,B-16712,B77W,BOEING 777-300ER,L2J,H
8991DB,B-58213,A21N,AIRBUS A-321neo,L2J,M
8A02DB,LL-0116,KT1,KOREAN AEROSPACE KT-1,L1T,L
8A04DB,PK-VVF,C208,CESSNA 208 Caravan,L1T,L
8A05DB,PK-WHV,AT76,ATR-72-600,L2T,M
8A08DB,PK-SJA,A320,AIRBUS A-320,L2J,M
A000DB,N1JS,BE35,BEECH 35 Starfire Bonanza,L1P,L
A002DB,N10FC,C310,CESSNA 310,L2P,L
A003DB,N10RJ,,,,
A005DB,N100MV,,,,
A006DB,N100YA,AA5,AMERICAN AA-5 Tiger,L1P,L
A007DB,N10057,,,,
A008DB,N101EM,RV6,VANS RV-6,L1P,L
A00ADB,N1010Z,HIGH,JUST JA20 Highlander,L1P,L
A00CDB,N102HK,ULAC,,L0-,-
A00EDB,N10222,COL4,CESSNA 400 Corvalis TT,L1P,L
A010DB,N103LH,BE58,BEECH 58 Baron,L2P,L
A013DB,N104D,TAIL,WITTMAN Tailwind,L1P,L
A014DB,N104PF,C72R,CESSNA 172R Cutlass RG,L1P,L
A019DB,N10510,J3,PIPER J-3 Cub,L1P,L
A01ADB,N1059A,PA18,PIPER PA-18 Super Cub,L1P,L
A01BDB,N106JW,FOX,KITFOX,L1P,L
A01DDB,N10633,BALL,,B0-,-
A01EDB,N107BN,H500,HUGHES 500,H1T,L
A01FDB,N107MU,SR20,CIRRUS SR-20,L1P,L
A020DB,N107Y,WACF,WACO F,L1P,L
A026DB,N109HJ,RV9,VANS RV-9,L1P,L
A028DB,N10921,C150,CESSNA 150,L1P,L
A029DB,N11AA,GLID,,L0-,-
A02BDB,N11WN,BE9T,BEECH F90 King Air,L2T,L
A02CDB,N110GT,,,,
A02FDB,N1109W,PA18,PIPER PA-18 Super Cub,L1P,L
A030DB,N111KR,LJ35,LEARJET 35,L2J,M
A031DB,N111VX,VELO,Velocity,L1P,L
A032DB,N1114N,DUOD,SCHEMPP-HIRTH Duo Discus,L1P,L
A035DB,N112YV,B190,BEECH 1900,L2T,M
A038DB,N113RM,GLID,,L0-,-
A039DB,N1131H,AR15,AERONCA 15 Sedan,L1P,L
A03BDB,N114JD,BE35,BEECH 35 Starfire Bonanza,L1P,L
A03EDB,N115AW,C185,CESSNA 185 Skywagon,L1P,L
A03FDB,N115MB,C172,CESSNA 172 Skyhawk,L1P,L
A041DB,N1155P,C206,CESSNA  206 Stationair,L1P,L
A042DB,N116DU,BCS1,AIRBUS A220-100,L2J,M
A043DB,N116Q,HUSK,CHRISTEN Husky,L1P,L
A045DB,N1167S,GLID,,L0-,-
A046DB,N117GS,C170,CESSNA 170,L1P,L
A047DB,N117SY,E75L,EMBRAER ERJ-170-200 (long wing),L2J,M
A04DDB,N119CG,J3,PIPER J-3 Cub,L1P,L
A04EDB,N119NN,A321,AIRBUS A-321,L2J,M
A051DB,N12FE,LNC2,LANCAIR 200-320,L1P,L
A054DB,N120MX,SR20,CIRRUS SR-20,L1P,L
A057DB,N121EP,SR22,CIRRUS SR-22,L1P,L
A05ADB,N1218B,RV7,VANS RV-7,L1P,L
A05BDB,N122HM,,,,
A05CDB,N122TT,C182,CESSNA 182 Skylane,L1P,L
A05EDB,N123AD,C25A,CESSNA 525A Citation CJ2,L2J,L
A060DB,N123WR,AVID,AVID Flyer,L1P,L
A063DB,N124PH,C172,CESSNA 172 Skyhawk,L1P,L
A066DB,N125G,HUSK,CHRISTEN Husky,L1P,L
A067DB,N125SF,SR20,CIRRUS SR-20,L1P,L
A069DB,N1259C,PA18,PIPER PA-18 Super Cub,L1P,L
A06CDB,N12635,C172,CESSNA 172 Skyhawk,L1P,L
A074DB,N1288A,M20P,MOONEY M-20,L1P,L
A077DB,N12923,C172,CESSNA 172 Skyhawk,L1P,L
A07BDB,N130GV,GLF5,GULFSTREAM 5,L2J,M
A07CDB,N130TA,,,,
A07EDB,N1309Y,C172,CESSNA 172 Skyhawk,L1P,L
A084DB,N132YX,WAIX,SONEX Waiex,L1P,L
A085DB,N1326T,P28A,PIPER PA-28-140/150/160/180,L1P,L
A087DB,N133RP,SA75,STOLP SA-750 Acroduster Too,L1P,L
A08ADB,N134JF,M20P,MOONEY M-20,L1P,L
A090DB,N1355R,AA5,AMERICAN AA-5 Tiger,L1P,L
A091DB,N136DW,PA44,PIPER PA-44 Seminole,L2P,L
A096DB,N137T,PA18,PIPER PA-18 Super Cub,L1P,L
A09BDB,N1384P,PA23,PIPER PA-23,L2P,L
A09CDB,N139CJ,C25B,CESSNA 525B Citation CJ3,L2J,L
A0A0DB,N14FG,RV6,VANS RV-6,L1P,L
A0A1DB,N14RN,BLKS,AIRCRAFT SPRUCE Baby Lakes,L1P,L
A0A2DB,N140BT,C140,CESSNA 140,L1P,L
A0A6DB,N141ER,TAMP,SOCATA TB-9 Tampico,L1P,L
A0A8DB,N14103,T28,NORTH AMERICAN T-28,L1P,L
A0A9DB,N1418D,C170,CESSNA 170,L1P,L
A0ABDB,N142TV,P28R,PIPER PA-28R-180/200/201,L1P,L
A0ACDB,N14226,PA18,PIPER PA-18 Super Cub,L1P,L
A0AEDB,N143LM,FOX,KITFOX,L1P,L
A0B2DB,N144PK,GLF4,GULFSTREAM 4,L2J,M
A0B4DB,N1447B,L8,LUSCOMBE 8,L1P,L
A0B5DB,N145GB,GLAS,Glasair,L1P,L
A0B6DB,N145SH,C208,CESSNA 208 Caravan,L1T,L
A0B8DB,N1459E,C172,CESSNA 172 Skyhawk,L1P,L
A0BBDB,N14637,UH12,HILLER UH-12,H1P,L
A0BFDB,N1476,DFLY,VIKING Dragonfly,L1P,L
A0C7DB,N15AE,BE36,BEECH 36 Bonanza,L1P,L
A0C8DB,N15LL,VEZE,RUTAN VariEze,L1P,L
A0CADB,N150GX,B350,BEECHCRAFT Super King Air 350,L2T,M
A0CCDB,N1502P,PA22,PIPER PA-22,L1P,L
A0CDDB,N15090,T6,NORTH AMERICAN T-6 Texan,L1P,L
A0CFDB,N151WA,BE60,BEECH 60 Duke,L2P,L
A0D1DB,N152CM,YK52,YAKOVLEV Yak-52,L1P,L
A0D4DB,N1526V,C172,CESSNA 172 Skyhawk,L1P,L
A0D7DB,N1531M,MIMU,BUSHBY Midget Mustang,L1P,L
A0D8DB,N1538Y,C172,CESSNA 172 Skyhawk,L1P,L
A0DADB,N154UP,A306,AIRBUS A-300-600,L2J,H
A0DCDB,N155B,BE35,BEECH 35 Starfire Bonanza,L1P,L
A0DDDB,N155MF,DUCE,BAKENG Duce,L1P,L
A0E2DB,N1560K,L8,LUSCOMBE 8,L1P,L
A0E4DB,N157GW,PA18,PIPER PA-18 Super Cub,L1P,L
A0E5DB,N157TB,HUSK,CHRISTEN Husky,L1P,L
A0E7DB,N1579Z,BE35,BEECH 35 Starfire Bonanza,L1P,L
A0E9DB,N158W,VENT,SCHEMPP-HIRTH Ventus,L1P,L
A0ECDB,N159NS,E545,EMBRAER EMB545 Praetor 500,L2J,M
A0EEDB,N1596U,C207,CESSNA 207 Turbo Stationair,L1P,L
A0F0DB,N16RQ,,,,
A0F7DB,N16105,C150,CESSNA 150,L1P,L
A0F9DB,N162HR,C172,CESSNA 172 Skyhawk,L1P,L
A0FCDB,N163AH,,,,
A100DB,N164DF,RV6,VANS RV-6,L1P,L
A101DB,N164PM,RV6,VANS RV-6,L1P,L
A103DB,N1647D,C170,CESSNA 170,L1P,L
A107DB,N1659G,CH7A,BELLANCA 7 Champion,L1P,L
A10CDB,N167N,BE95,BEECH 95 Travel Air,L2P,L
A10FDB,N168ES,C550,CESSNA 550 Citation S2,L2J,L
A112DB,N1688E,C172,CESSNA 172 Skyhawk,L1P,L
A114DB,N169TW,SLG4,AIRPLANE FACTORY Sling 4,L1P,L
A117DB,N17LN,MT,ROTORSPORT MTOSport,G1P,L
A11BDB,N1702R,C82R,CESSNA R182 Skylane RG,L1P,L
A11EDB,N171WC,R44,ROBINSON R-44 Raven,H1P,L
A120DB,N172CP,C172,CESSNA 172 Skyhawk,L1P,L
A125DB,N173RT,VELO,Velocity,L1P,L
A126DB,N1731P,PA22,PIPER PA-22,L1P,L
A128DB,N174JK,EXPR,EXPRESS 2000,L1P,L
A12ADB,N1743S,C172,CESSNA 172 Skyhawk,L1P,L
A12EDB,N1755V,C120,CESSNA 120,L1P,L
A130DB,N176QF,GALX,GULFSTREAM G200,L2J,M
A131DB,N1760M,C182,CESSNA 182 Skylane,L1P,L
A134DB,N177TD,RV7,VANS RV-7,L1P,L
A136DB,N17791,BE33,BEECH 33 Bonanza,L1P,L
A139DB,N1784T,P28A,PIPER PA-28-140/150/160/180,L1P,L
A13EDB,N18FL,FOX,KITFOX,L1P,L
A13FDB,N18RS,PA23,PIPER PA-23,L2P,L
A145DB,N181RA,BL8,BELLANCA 8 Decathlon,L1P,L
A14ADB,N1823,J3,PIPER J-3 Cub,L1P,L
A154DB,N185SM,C185,CESSNA 185 Skywagon,L1P,L
A155DB,N18518,C177,CESSNA  177 Cardinal,L1P,L
A15EDB,N188EU,AS50,AEROSPATIALE AS-350 Ecureuil,H1T,L
A15FDB,N188R,RV8,VANS RV-8,L1P,L
A164DB,N18929,BE76,BEECH 76 Duchess,L2P,L
A165DB,N19AJ,C182,CESSNA 182 Skylane,L1P,L
A16BDB,N19094,C150,CESSNA 150,L1P,L
A16DDB,N191WE,BE55,BEECH 55 Baron,L2P,L
A16FDB,N192CR,BL17,BELLANCA 17 Viking,L1P,L
A172DB,N1926Z,C150,CESSNA 150,L1P,L
A174DB,N193RV,RV6,VANS RV-6,L1P,L
A17BDB,N195MK,C195,CESSNA 195,L1P,L
A17DDB,N1955X,MONI,MONNETT Moni,L1P,L
A180DB,N1960P,CH7A,BELLANCA 7 Champion,L1P,L
A182DB,N197H,TAYB,TAYLORCRAFT BC/BF/BL,L1P,L
A183DB,N197TF,LA25,LAKE LA-250,A1P,L
A185DB,N19793,C177,CESSNA  177 Cardinal,L1P,L
A18DDB,N2FN,C172,CESSNA 172 Skyhawk,L1P,L
A18EDB,N2RU,UH12,HILLER UH-12,H1P,L
A18FDB,N20BZ,AEST,AEROSTAR 600,L2P,L
A191DB,N20YL,ASTR,GULFSTREAM AEROSPACE Gulfstream G100,L2J,M
A192DB,N200JR,BE20,BEECH 200 Super King Air,L2T,M
A194DB,N2003Y,AT8T,AIR TRACTOR AT-802,L1T,M
A195DB,N201BH,M20P,MOONEY M-20,L1P,L
A196DB,N201MP,M20P,MOONEY M-20,L1P,L
A197DB,N201XV,M20P,MOONEY M-20,L1P,L
A198DB,N20151,C177,CESSNA  177 Cardinal,L1P,L
A19CDB,N20274,C177,CESSNA  177 Cardinal,L1P,L
A19DDB,N203HD,BALL,,B0-,-
A19FDB,N2032W,BE35,BEECH 35 Starfire Bonanza,L1P,L
A1A0DB,N20397,,,,
A1A3DB,N2044Z,C150,CESSNA 150,L1P,L
A1A5DB,N205P,BE36,BEECH 36 Bonanza,L1P,L
A1A8DB,N206FS,G280,GULFSTREAM G280,L2J,M
A1A9DB,N206RY,B06,BELL 206 JetRanger,H1T,L
A1AADB,N2061U,BE95,BEECH 95 Travel Air,L2P,L
A1ACDB,N207JQ,E75L,EMBRAER ERJ-170-200 (long wing),L2J,M
A1ADDB,N207UW,B752,BOEING 757-200,L2J,M
A1AEDB,N2073X,HUSK,CHRISTEN Husky,L1P,L
A1AFDB,N208BG,C25A,CESSNA 525A Citation CJ2,L2J,L
A1B5DB,N2090S,SREY,PROGRESSIVE AERODYNE SeaRey,A1P,L
A1B6DB,N20973,WACF,WACO F,L1P,L
A1B7DB,N21HC,PA18,PIPER PA-18 Super Cub,L1P,L
A1B9DB,N210DP,DRON,,D0-,-
A1BFDB,N2112D,BALL,,B0-,-
A1C0DB,N2119Q,C172,CESSNA 172 Skyhawk,L1P,L
A1C3DB,N2124G,C182,CESSNA 182 Skylane,L1P,L
A1C4DB,N213CB,PA44,PIPER PA-44 Seminole,L2P,L
A1C7DB,N2136K,L8,LUSCOMBE 8,L1P,L
A1C9DB,N214RF,PTMS,PITTS S-12 Super Stinker,L1P,L
A1CADB,N2141B,AC90,NORTH AMERICAN ROCKWELL Turbo Commander 690/840,L2T,L
A1CBDB,N2148N,P32R,PIPER PA-32R-300/301/301T,L1P,L
A1CEDB,N2153E,CH7A,BELLANCA 7 Champion,L1P,L
A1D2DB,N2165H,P28A,PIPER PA-28-140/150/160/180,L1P,L
A1D9DB,N2182C,C177,CESSNA  177 Cardinal,L1P,L
A1DEDB,N22CA,COL3,CESSNA 350 Corvalis,L1P,L
A1DFDB,N22NG,PC12,PILATUS PC-12,L1T,L
A1E0DB,N22YN,,,,
A1E4DB,N221BK,L8,LUSCOMBE 8,L1P,L
A1E5DB,N221MR,BE36,BEECH 36 Bonanza,L1P,L
A1E6DB,N221XX,PC12,PILATUS PC-12,L1T,L
A1E7DB,N22153,C150,CESSNA 150,L1P,L
A1EADB,N2220V,C140,CESSNA 140,L1P,L
A1EBDB,N22276,C150,CESSNA 150,L1P,L
A1EDDB,N223TM,,,,
A1F0DB,N224LD,E35L,EMBRAER EMB-135 Legacy,L2J,M
A1F1DB,N224WK,AS24,SCHLEICHER ASW-24,L1P,L
A1F6DB,N22564,C150,CESSNA 150,L1P,L
A1F8DB,N226S,BE95,BEECH 95 Travel Air,L2P,L
A1FEDB,N228BJ,EC35,AIRBUS HELICOPTERS EC-135/635,H2T,L
A204DB,N2290U,BRB2,BRANTLY B-2,H1P,L
A206DB,N23HE,BE36,BEECH 36 Bonanza,L1P,L
A207DB,N23TL,C82T,CESSNA TR182 Turbo Skylane RG,L1P,L
A20ADB,N2300C,C180,CESSNA  180 Skywagon,L1P,L
A20BDB,N2307P,PA22,PIPER PA-22,L1P,L
A20DDB,N231SV,PC24,PILATUS PC-24,L2J,M
A20EDB,N2312F,C210,CESSNA 201 Centurion,L1P,L
A20FDB,N2319S,T210,CESSNA T210 Turbo Centurion,L1P,L
A210DB,N232KM,R66,ROBINSON R-66,H1T,L
A211DB,N232VT,T34P,BEECH T-34 Mentor,L1P,L
A213DB,N233CD,SR20,CIRRUS SR-20,L1P,L
A216DB,N2336M,BE36,BEECH 36 Bonanza,L1P,L
A219DB,N2341D,C170,CESSNA 170,L1P,L
A21ADB,N2348Q,BE58,BEECH 58 Baron,L2P,L
A21BDB,N235J,,,,
A21DDB,N2353G,C182,CESSNA 182 Skylane,L1P,L
A21EDB,N236AS,,,,
A224DB,N2370B,PA38,PIPER PA-38 Tomahawk,L1P,L
A228DB,N2382E,C82S,CESSNA T182 Turbo Skylane,L1P,L
A229DB,N2389R,C182,CESSNA 182 Skylane,L1P,L
A22CDB,N2394H,ERCO,AIR PRODUCTS F-1 Aircoupe,L1P,L
A231DB,N240VA,RV12,VANS RV-12,L1P,L
A233DB,N241BM,EVSS,EVEKTOR SportStar,L1P,L
A234DB,N241MT,B407,BELL 407,H1T,L
A236DB,N24155,C172,CESSNA 172 Skyhawk,L1P,L
A23DDB,N24320,DC3,DOUGLAS DC-3 Dakota,L2P,M
A23EDB,N244A,FA10,DASSAULT Falcon 100,L2J,M
A241DB,N24443,TAYB,TAYLORCRAFT BC/BF/BL,L1P,L
A245DB,N24566,BE24,BEECH 24 Sierra,L1P,L
A247DB,N246SB,SASY,PROTECH Sassy,L1P,L
A248DB,N2461Y,C172,CESSNA 172 Skyhawk,L1P,L
A249DB,N24689,J3,PIPER J-3 Cub,L1P,L
A24BDB,N247V,SNS7,SORRELL Hiperbipe,L1P,L
A253DB,N2490W,,,,
A255DB,N25HG,P28A,PIPER PA-28-140/150/160/180,L1P,L
A259DB,N2500E,PA38,PIPER PA-38 Tomahawk,L1P,L
A25ADB,N2507R,C182,CESSNA 182 Skylane,L1P,L
A25DDB,N2512H,GLID,,L0-,-
A25EDB,N2519U,C172,CESSNA 172 Skyhawk,L1P,L
A260DB,N252VV,M20P,MOONEY M-20,L1P,L
A261DB,N2524L,C172,CESSNA 172 Skyhawk,L1P,L
A265DB,N2536P,LA4,LAKE LA-4/200,A1P,L
A270DB,N2565M,P28A,PIPER PA-28-140/150/160/180,L1P,L
A271DB,N257DS,DA40,DIAMOND DA-40 Club Star,L1P,L
A274DB,N2577Q,C185,CESSNA 185 Skywagon,L1P,L
A276DB,N258SW,PA31,PIPER PA-31-300/310/325/350/425,L2P,L
A27CDB,N26CE,AS50,AEROSPATIALE AS-350 Ecureuil,H1T,L
A27FDB,N260JX,E135,EMBRAER ERJ-135,L2J,M
A286DB,N262EM,L159,AERO L-159 Albatros 2,L1J,M
A291DB,N265D,BE60,BEECH 60 Duke,L2P,L
A296DB,N266SD,EC20,AIRBUS HELICOPTERS EC-120,H1T,L
A29BDB,N26733,AA5,AMERICAN AA-5 Tiger,L1P,L
A29EDB,N268Y,C310,CESSNA 310,L2P,L
A29FDB,N26856,J3,PIPER J-3 Cub,L1P,L
A2A2DB,N2690Y,C180,CESSNA  180 Skywagon,L1P,L
A2A4DB,N27HJ,,,,
A2A5DB,N27TQ,,,,
A2A8DB,N2700G,C182,CESSNA 182 Skylane,L1P,L
A2A9DB,N2707T,RS12,RANS S-12 Super Airaile,L1P,L
A2AADB,N271GT,C172,CESSNA 172 Skyhawk,L1P,L
A2ADDB,N2719W,M20P,MOONEY M-20,L1P,L
A2AFDB,N272VX,RV14,VANS RV-14,L1P,L
A2B0DB,N2724N,C140,CESSNA 140,L1P,L
A2B7DB,N2741H,RV8,VANS RV-8,L1P,L
A2B8DB,N2748U,B77W,BOEING 777-300ER,L2J,H
A2BBDB,N2753L,C172,CESSNA 172 Skyhawk,L1P,L
A2BDDB,N276MB,PA23,PIPER PA-23,L2P,L
A2C2DB,N2770F,C182,CESSNA 182 Skylane,L1P,L
A2C4DB,N278GS,F2TH,DASSAULT Falcon 2000,L2J,M
A2C5DB,N278SY,E75L,EMBRAER ERJ-170-200 (long wing),L2J,M
A2C8DB,N279KQ,K100,DAHER Kodiak 100,L1T,L
A2CADB,N2794M,PA12,PIPER PA-12 Super Cruiser,L1P,L
A2CBDB,N28CG,CRJ2,BOMBARDIER Regional Jet CRJ-200,L2J,M
A2D0DB,N28036,J3,PIPER J-3 Cub,L1P,L
A2D7DB,N28201,BL17,BELLANCA 17 Viking,L1P,L
A2D8DB,N2828B,C750,CESSNA 750 Citation 10,L2J,M
A2E0DB,N285DB,T28,NORTH AMERICAN T-28,L1P,L
A2E1DB,N285PH,GLF5,GULFSTREAM 5,L2J,M
A2E4DB,N286G,B407,BELL 407,H1T,L
A2E6DB,N28612,L8,LUSCOMBE 8,L1P,L
A2F3DB,N29HL,C172,CESSNA 172 Skyhawk,L1P,L
A2F4DB,N29TS,T18,THORP Tiger,L1P,L
A2F8DB,N2907V,CLA,CALLAIR A-4,L1P,L
A2FBDB,N2912M,P28A,PIPER PA-28-140/150/160/180,L1P,L
A300DB,N293CK,E55P,EMBRAER EMB-505 Phenom 300,L2J,M
A306DB,N2941K,BALL,,B0-,-
A308DB,N295JF,LGEZ,RUTAN Long-EZ,L1P,L
A30FDB,N297DW,RV8,VANS RV-8,L1P,L
A311DB,N2970H,ERCO,AIR PRODUCTS F-1 Aircoupe,L1P,L
A314DB,N298T,PA18,PIPER PA-18 Super Cub,L1P,L
A315DB,N2982L,M20P,MOONEY M-20,L1P,L
A316DB,N2989X,C177,CESSNA  177 Cardinal,L1P,L
A317DB,N299KS,,,,
A31ADB,N3CJ,C25B,CESSNA 525B Citation CJ3,L2J,L
A31BDB,N3NQ,C180,CESSNA  180 Skywagon,L1P,L
A31CDB,N3YW,,,,
A31EDB,N30VG,T210,CESSNA T210 Turbo Centurion,L1P,L
A320DB,N300RT,BE36,BEECH 36 Bonanza,L1P,L
A321DB,N3001P,PA32,PIPER PA-32,L1P,L
A323DB,N301JK,M20P,MOONEY M-20,L1P,L
A325DB,N3013S,C150,CESSNA 150,L1P,L
A328DB,N302XP,Q9,GENERAL ATOMICS MQ-9 Reaper,L1T,L
A32CDB,N3030M,P28R,PIPER PA-28R-180/200/201,L1P,L
A330DB,N3042Q,YK55,YAKOVLEV Yak-55,L1P,L
A332DB,N305KW,T206,CESSNA T206 Turbo Stationair,L1P,L
A333DB,N305WB,C206,CESSNA  206 Stationair,L1P,L
A334DB,N3054T,P28A,PIPER PA-28-140/150/160/180,L1P,L
A338DB,N3066W,BE9L,BEECH 90 King Air,L2T,L
A33CDB,N3078Z,PA22,PIPER PA-22,L1P,L
A33FDB,N3083R,AT8T,AIR TRACTOR AT-802,L1T,M
A340DB,N309BA,GLID,,L0-,-
A347DB,N310LR,C310,CESSNA 310,L2P,L
A34DDB,N3117F,C182,CESSNA 182 Skylane,L1P,L
A34FDB,N312SM,C172,CESSNA 172 Skyhawk,L1P,L
A351DB,N3129J,C150,CESSNA 150,L1P,L
A352DB,N313KD,C177,CESSNA  177 Cardinal,L1P,L
A354DB,N3134A,C170,CESSNA 170,L1P,L
A355DB,N314BW,C170,CESSNA 170,L1P,L
A356DB,N314NB,A319,AIRBUS A-319,L2J,M
A35ADB,N315R,BE40,BEECH 400 Beechjet,L2J,M
A35CDB,N3158G,T6,NORTH AMERICAN T-6 Texan,L1P,L
A35FDB,N31629,PA34,PIPER PA-34 Seneca,L2P,L
A363DB,N3175B,C170,CESSNA 170,L1P,L
A367DB,N3187E,AR11,AERONCA 11 Chief,L1P,L
A36BDB,N3199H,BE36,BEECH 36 Bonanza,L1P,L
A36CDB,N32KC,E55P,EMBRAER EMB-505 Phenom 300,L2J,M
A36DDB,N32VJ,SF50,CIRRUS SF-50 Vision,L1J,L
A36FDB,N320RV,RV6,VANS RV-6,L1P,L
A370DB,N3201R,YK50,YAKOVLEV Yak-50,L1P,L
A371DB,N32082,P28A,PIPER PA-28-140/150/160/180,L1P,L
A372DB,N321JM,S22T,CIRRUS SR-22T Turbo,L1P,L
A373DB,N321UT,RV12,VANS RV-12,L1P,L
A37FDB,N3242S,C182,CESSNA 182 Skylane,L1P,L
A380DB,N32493,PA32,PIPER PA-32,L1P,L
A383DB,N3254V,C150,CESSNA 150,L1P,L
A38BDB,N32781,P28A,PIPER PA-28-140/150/160/180,L1P,L
A38FDB,N329BC,RV10,VANS RV-10,L1P,L
A390DB,N329MJ,BE36,BEECH 36 Bonanza,L1P,L
A392DB,N3295W,PA32,PIPER PA-32,L1P,L
A395DB,N330AM,H25A,HAWKER SIDDELEY HS-125,L2J,M
A396DB,N330LT,E300,EXTRA EA-300/330/350,L1P,L
A39ADB,N331PR,C550,CESSNA 550 Citation S2,L2J,L
A39EDB,N332SP,C72R,CESSNA 172R Cutlass RG,L1P,L
A3A1DB,N333KF,FOX,KITFOX,L1P,L
A3A2DB,N333VM,COZY,CO-Z Cozy,L1P,L
A3A3DB,N3334C,BE35,BEECH 35 Starfire Bonanza,L1P,L
A3ABDB,N3358J,C150,CESSNA 150,L1P,L
A3AEDB,N3363A,PA22,PIPER PA-22,L1P,L
A3AFDB,N337AL,,,,
A3B0DB,N337LS,GLF5,GULFSTREAM 5,L2J,M
A3B2DB,N3375D,C180,CESSNA  180 Skywagon,L1P,L
A3B9DB,N33919,TAYB,TAYLORCRAFT BC/BF/BL,L1P,L
A3BADB,N3399K,,,,
A3BDDB,N340FR,C340,CESSNA 340 Super,L2P,L
A3C0DB,N34084,C77R,CESSNA 177RG Cardinal RG,L1P,L
A3C1DB,N341JP,C340,CESSNA 340 Super,L2P,L
A3C5DB,N342MM,C182,CESSNA 182 Skylane,L1P,L
A3C8DB,N343ED,M20P,MOONEY M-20,L1P,L
A3D0DB,N345L,GYRO,,G0-,-
A3D2DB,N3454X,M20P,MOONEY M-20,L1P,L
A3D3DB,N346CS,BE23,BEECH 23 Sundowner,L1P,L
A3D8DB,N347RW,RV6,VANS RV-6,L1P,L
A3D9DB,N3471S,C182,CESSNA 182 Skylane,L1P,L
A3DADB,N34783,CUCA,CULVER Cadet,L1P,L
A3E2DB,N35EC,SR22,CIRRUS SR-22,L1P,L
A3E6DB,N350XA,CL35,BOMBARDIER BD-100 Challenger 350,L2J,M
A3E8DB,N351DM,P51,NORTH AMERICAN P-51 Mustang,L1P,L
A3E9DB,N351PT,LNP4,LANCAIR PropJet 4,L1T,L
A3EBDB,N3517K,J3,PIPER J-3 Cub,L1P,L
A3EDDB,N352SR,SR22,CIRRUS SR-22,L1P,L
A3EFDB,N3529N,C82T,CESSNA TR182 Turbo Skylane RG,L1P,L
A3F2DB,N3534E,J3,PIPER J-3 Cub,L1P,L
A3F3DB,N354C,HUSK,CHRISTEN Husky,L1P,L
A3F6DB,N3546H,C82T,CESSNA TR182 Turbo Skylane RG,L1P,L
A3F9DB,N3551,PITA,PIPSTREL Taurus 503,L1P,L
A400DB,N357X,SR20,CIRRUS SR-20,L1P,L
A403DB,N358PS,RV9,VANS RV-9,L1P,L
A405DB,N3587J,C150,CESSNA 150,L1P,L
A408DB,N3592A,PA18,PIPER PA-18 Super Cub,L1P,L
A40CDB,N360FT,P28A,PIPER PA-28-140/150/160/180,L1P,L
A416DB,N36251,CH7B,BELLANCA 7 Citabria,L1P,L
A41DDB,N3642W,PA32,PIPER PA-32,L1P,L
A41EDB,N36497,BALL,,B0-,-
A41FDB,N365LB,BALL,,B0-,-
A420DB,N365WH,C25A,CESSNA 525A Citation CJ2,L2J,L
A423DB,N366P,BE36,BEECH 36 Bonanza,L1P,L
A426DB,N367FS,M7,MAULE M-7,L1P,L
A42DDB,N369BG,T206,CESSNA T206 Turbo Stationair,L1P,L
A42EDB,N369MN,C25B,CESSNA 525B Citation CJ3,L2J,L
A431DB,N37EE,DV20,DIAMOND DA-20,L1P,L
A436DB,N3705J,B58T,BEECH 58TC Baron,L2P,L
A43ADB,N3717M,PA12,PIPER PA-12 Super Cruiser,L1P,L
A43BDB,N372GM,RODS,RIHN One Design,L1P,L
A43DDB,N3722D,C182,CESSNA 182 Skylane,L1P,L
A441DB,N3734G,BE36,BEECH 36 Bonanza,L1P,L
A442DB,N374CB,P28R,PIPER PA-28R-180/200/201,L1P,L
A446DB,N375F,T206,CESSNA T206 Turbo Stationair,L1P,L
A448DB,N3751B,B738,BOEING 737-800,L2J,M
A449DB,N3758N,BE35,BEECH 35 Starfire Bonanza,L1P,L
A44CDB,N3763E,AR11,AERONCA 11 Chief,L1P,L
A44EDB,N377LW,H500,HUGHES 500,H1T,L
A451DB,N378DN,A321,AIRBUS A-321,L2J,M
A455DB,N379GL,PTS1,PITTS S-1 Special,L1P,L
A458DB,N3799P,P210,CESSNA P210 Centurion,L1P,L
A45CDB,N380SA,PRM1,RAYTHEON 390 Premier 1,L2J,L
A45EDB,N38088,BE95,BEECH 95 Travel Air,L2P,L
A461DB,N38130,J5,PIPER J-5 Cub Cruiser,L1P,L
A46CDB,N3842Y,BT36,BEECH B36TC Bonanza,L1P,L
A46FDB,N385WK,PA23,PIPER PA-23,L2P,L
A478DB,N38787,J3,PIPER J-3 Cub,L1P,L
A47BDB,N3883Z,PA18,PIPER PA-18 Super Cub,L1P,L
A47FDB,N38952,P28A,PIPER PA-28-140/150/160/180,L1P,L
A480DB,N39EG,C510,CESSNA 510 Citation Mustang,L2J,L
A487DB,N391PX,,,,
A494DB,N3946M,PA46,PIPER PA-46-310/350,L1P,L
A498DB,N3958Q,C172,CESSNA 172 Skyhawk,L1P,L
A49BDB,N3963G,C340,CESSNA 340 Super,L2P,L
A49FDB,N3975K,P28A,PIPER PA-28-140/150/160/180,L1P,L
A4A3DB,N3987N,M20P,MOONEY M-20,L1P,L
A4A7DB,N3999R,P28A,PIPER PA-28-140/150/160/180,L1P,L
A4A8DB,N4KL,C188,CESSNA 188 AgTruck,L1P,L
A4A9DB,N4VS,PA23,PIPER PA-23,L2P,L
A4AADB,N40FX,E145,EMBRAER ERJ-145,L2J,M
A4ABDB,N40SC,BE40,BEECH 400 Beechjet,L2J,M
A4ACDB,N400CH,CL30,BOMBARDIER BD-100 Challenger 300,L2J,M
A4B2DB,N4011H,SS2T,TRUSH Turbo Thrush 500/550,L1T,L
A4B3DB,N4018U,,,,
A4B4DB,N402JD,SR22,CIRRUS SR-22,L1P,L
A4B6DB,N4023L,AA1,AMERICAN AA-1,L1P,L
A4BADB,N4035P,BALL,,B0-,-
A4BCDB,N404Q,G44,GRUMMAN G-44 Widgeon,A2P,L
A4BEDB,N4047S,C25M,CESSNA 525 Citation M2,L2J,L
A4C0DB,N405SY,E75L,EMBRAER ERJ-170-200 (long wing),L2J,M
A4C1DB,N4052J,BALL,,B0-,-
A4C9DB,N4076Q,C402,CESSNA 402 Businessliner,L2P,L
A4CADB,N408FE,C408,CESSNA 408 SkyCourier,L2T,L
A4D0DB,N4093K,,,,
A4D2DB,N41MA,TBM7,SOCATA TBM-700A/B/C,L1T,L
A4D3DB,N41XG,,,,
A4D5DB,N410TT,R22,ROBINSON R-22 Mariner,H1P,L
A4D6DB,N41024,,,,
A4D9DB,N411WR,AC80,NORTH AMERICAN ROCKWELL Turbo Commander 680,L2T,L
A4DADB,N41147,J3,PIPER J-3 Cub,L1P,L
A4DCDB,N412PH,B407,BELL 407,H1T,L
A4DFDB,N413G,JACE,ACE Junior Ace,L1P,L
A4E1DB,N41312,J3,PIPER J-3 Cub,L1P,L
A4E5DB,N41435,J3,PIPER J-3 Cub,L1P,L
A4E9DB,N41558,P28A,PIPER PA-28-140/150/160/180,L1P,L
A4ECDB,N41600,AT6T,AIR TRACTOR AT-602,L1T,L
A4EFDB,N417TS,DA42,DIAMOND DA-42 Guardian,L2P,L
A4F0DB,N41723,P28A,PIPER PA-28-140/150/160/180,L1P,L
A4F8DB,N41969,P28A,PIPER PA-28-140/150/160/180,L1P,L
A4FDDB,N420YX,E75L,EMBRAER ERJ-170-200 (long wing),L2J,M
A500DB,N421RP,C421,CESSNA 421 Executive Commuter,L2P,L
A503DB,N422JF,TBM7,SOCATA TBM-700A/B/C,L1T,L
A505DB,N4223N,C140,CESSNA 140,L1P,L
A507DB,N423MD,BE35,BEECH 35 Starfire Bonanza,L1P,L
A509DB,N4235R,M7,MAULE M-7,L1P,L
A50CDB,N4240H,PA14,PIPER PA-14 Family Cruiser,L1P,L
A50DDB,N4247U,AT8T,AIR TRACTOR AT-802,L1T,M
A50FDB,N425T,BE35,BEECH 35 Starfire Bonanza,L1P,L
A510DB,N4252L,C172,CESSNA 172 Skyhawk,L1P,L
A514DB,N4264P,PA23,PIPER PA-23,L2P,L
A51BDB,N4281J,P28A,PIPER PA-28-140/150/160/180,L1P,L
A51CDB,N4288V,C170,CESSNA 170,L1P,L
A521DB,N43MC,BE56,BEECH 56 Turbo Baron,L2P,L
A524DB,N430TV,B429,BELL 429 GlobalRanger,H2T,L
A525DB,N43026,,,,
A526DB,N431AF,C82T,CESSNA TR182 Turbo Skylane RG,L1P,L
A52BDB,N432PK,B350,BEECHCRAFT Super King Air 350,L2T,M
A52FDB,N433SH,A33P,SCHLEICHER AS-33Es,L1P,L
A530DB,N43314,P28A,PIPER PA-28-140/150/160/180,L1P,L
A534DB,N43437,TAYB,TAYLORCRAFT BC/BF/BL,L1P,L
A540DB,N438AE,B06,BELL 206 JetRanger,H1T,L
A541DB,N438LL,ULAC,,L0-,-
A542DB,N438WS,,,,
A543DB,N43848,P28R,PIPER PA-28R-180/200/201,L1P,L
A544DB,N439DC,T210,CESSNA T210 Turbo Centurion,L1P,L
A548DB,N44GA,C414,CESSNA 414 Chancellor,L2P,L
A549DB,N44SG,B47G,BELL 47G,H1P,L
A54DDB,N4406V,C170,CESSNA 170,L1P,L
A551DB,N4418Y,TF21,TAYLORCRAFT F-21,L1P,L
A553DB,N442UP,B752,BOEING 757-200,L2J,M
A554DB,N4423Q,C172,CESSNA 172 Skyhawk,L1P,L
A558DB,N4435T,YK52,YAKOVLEV Yak-52,L1P,L
A559DB,N444DY,,,,
A55BDB,N4440K,C421,CESSNA 421 Executive Commuter,L2P,L
A55CDB,N4447W,BE9L,BEECH 90 King Air,L2T,L
A563DB,N4464R,C172,CESSNA 172 Skyhawk,L1P,L
A564DB,N447CL,DA40,DIAMOND DA-40 Club Star,L1P,L
A567DB,N4476U,C150,CESSNA 150,L1P,L
A56BDB,N4488X,P28A,PIPER PA-28-140/150/160/180,L1P,L
A56CDB,N449JG,AEST,AEROSTAR 600,L2P,L
A56FDB,N45AZ,AC90,NORTH AMERICAN ROCKWELL Turbo Commander 690/840,L2T,L
A573DB,N450TX,SR22,CIRRUS SR-22,L1P,L
A574DB,N45028,C150,CESSNA 150,L1P,L
A578DB,N4515A,AT5T,AIR TRACTOR AT-504,L1T,L
A585DB,N455N,ZZZZ,,-0-,-
A587DB,N4556B,AA5,AMERICAN AA-5 Tiger,L1P,L
A588DB,N456ES,BE20,BEECH 200 Super King Air,L2T,M
A58ADB,N45604,L8,LUSCOMBE 8,L1P,L
A58BDB,N4568E,CH7A,BELLANCA 7 Champion,L1P,L
A58FDB,N458AG,ST75,STEARMAN Kaydet,L1P,L
A593DB,N459DE,DH82,DE HAVILLAND DH-82 Tiger Moth,L1P,L
A596DB,N4597C,C170,CESSNA 170,L1P,L
A598DB,N46SJ,TAYB,TAYLORCRAFT BC/BF/BL,L1P,L
A59CDB,N4606X,C150,CESSNA 150,L1P,L
A59DDB,N461FM,COUR,HELIO Courier,L1P,L
A5AADB,N4640M,COZY,CO-Z Cozy,L1P,L
A5B6DB,N4676W,AC11,NORTH AMERICAN ROCKWELL Commander 112/114,L1P,L
A5B8DB,N468RS,UHEL,,H0-,-
A5BADB,N4688Z,PA22,PIPER PA-22,L1P,L
A5BBDB,N469JJ,PA18,PIPER PA-18 Super Cub,L1P,L
A5C4DB,N471AK,PA18,PIPER PA-18 Super Cub,L1P,L
A5CCDB,N473GF,O1,CESSNA 305/341 Bird Dog,L1P,L
A5CFDB,N4739J,C172,CESSNA 172 Skyhawk,L1P,L
A5D1DB,N474VK,TUCA,EMBRAER EMB-312 Tucano,L1T,L
A5D6DB,N4756D,C182,CESSNA 182 Skylane,L1P,L
A5E1DB,N4785B,C152,CESSNA 152,L1P,L
A5E7DB,N48SL,PA34,PIPER PA-34 Seneca,L2P,L
A5EBDB,N4806Z,PA22,PIPER PA-22,L1P,L
A5EDDB,N481RV,RV12,VANS RV-12,L1P,L
A5EFDB,N48182,ST75,STEARMAN Kaydet,L1P,L
A5F1DB,N482UT,,,,
A5F2DB,N4823U,C210,CESSNA 201 Centurion,L1P,L
A5F4DB,N483MK,DRON,,D0-,-
A605DB,N4876Y,T210,CESSNA T210 Turbo Centurion,L1P,L
A608DB,N4881Q,C188,CESSNA 188 AgTruck,L1P,L
A60CDB,N4893T,C82R,CESSNA R182 Skylane RG,L1P,L
A60DDB,N49BC,SA30,STOLP Starduster Too,L1P,L
A60EDB,N49MJ,BE9L,BEECH 90 King Air,L2T,L
A611DB,N490UA,A320,AIRBUS A-320,L2J,M
A616DB,N4915E,SA6,STITS SA-6 Flut-R-Bug,L1P,L
A61ADB,N4927H,PA11,PIPER PA-11 Cub Special,L1P,L
A61DDB,N4932,DHC2,DE HAVILLAND DHC-2 Beaver,L1P,L
A61EDB,N4939L,P28A,PIPER PA-28-140/150/160/180,L1P,L
A61FDB,N494KF,,,,
A621DB,N4944C,BE18,BEECH 18 Expetitor,L2P,L
A625DB,N4956F,P28A,PIPER PA-28-140/150/160/180,L1P,L
A629DB,N4968J,P28R,PIPER PA-28R-180/200/201,L1P,L
A635DB,N5GG,GA5C,GULFSTREAM G500,L2J,M
A636DB,N5SN,GLF5,GULFSTREAM 5,L2J,M
A637DB,N50CT,T210,CESSNA T210 Turbo Centurion,L1P,L
A63ADB,N500KK,PP3,PILATUS P-3,L1P,L
A63DDB,N501CB,C501,CESSNA 501 Citation 1SP,L2J,L
A640DB,N5016K,BALL,,B0-,-
A641DB,N502F,FB1A,BOWERS Fly Baby 1A,L1P,L
A647DB,N5033E,CH7B,BELLANCA 7 Citabria,L1P,L
A64BDB,N5045H,C172,CESSNA 172 Skyhawk,L1P,L
A64CDB,N505DN,A359,AIRBUS A-350-900,L2J,H
A64EDB,N5050,R44,ROBINSON R-44 Raven,H1P,L
A650DB,N506GL,G2T1,GREAT LAKES 2T-1,L1P,L
A652DB,N5062C,BL8,BELLANCA 8 Decathlon,L1P,L
A656DB,N5074F,CH7A,BELLANCA 7 Champion,L1P,L
A65BDB,N509EZ,VEZE,RUTAN VariEze,L1P,L
A663DB,N5100V,C72R,CESSNA 172R Cutlass RG,L1P,L
A664DB,N51076,CH70,ZENAIR CH-701 Stol,L1P,L
A666DB,N511TM,,,,
A668DB,N51199,RV12,VANS RV-12,L1P,L
A669DB,N512LD,A109,AGUSTA AW-109 Grand,H2T,L
A66BDB,N51241,,,,
A66CDB,N513CW,P32R,PIPER PA-32R-300/301/301T,L1P,L
A66DDB,N513PB,SAKO,RANS S-10 Sakota,L1P,L
A671DB,N514S,BALL,,B0-,-
A672DB,N5141W,P28A,PIPER PA-28-140/150/160/180,L1P,L
A677DB,N516BJ,B38M,BOEING 737 MAX 8,L2J,M
A687DB,N52PA,C310,CESSNA 310,L2P,L
A688DB,N52ZG,C525,CESSNA 525 CitationJet,L2J,L
A68ADB,N520VT,PTS1,PITTS S-1 Special,L1P,L
A68BDB,N5204J,AS50,AEROSPATIALE AS-350 Ecureuil,H1T,L
A68CDB,N521CD,SR22,CIRRUS SR-22,L1P,L
A68DDB,N521NK,A319,AIRBUS A-319,L2J,M
A68FDB,N5216M,BE23,BEECH 23 Sundowner,L1P,L
A691DB,N522RH,COL4,CESSNA 400 Corvalis TT,L1P,L
A694DB,N523J,CRER,RANS Courier,L1P,L
A696DB,N5233G,O1,CESSNA 305/341 Bird Dog,L1P,L
A697DB,N524AS,B738,BOEING 737-800,L2J,M
A69ADB,N5245K,C172,CESSNA 172 Skyhawk,L1P,L
A69EDB,N5257N,C182,CESSNA 182 Skylane,L1P,L
A6A2DB,N5269R,M20P,MOONEY M-20,L1P,L
A6A5DB,N5274H,C172,CESSNA 172 Skyhawk,L1P,L
A6A6DB,N528CC,AA5,AMERICAN AA-5 Tiger,L1P,L
A6A9DB,N5286L,C172,CESSNA 172 Skyhawk,L1P,L
A6ABDB,N529RG,PA32,PIPER PA-32,L1P,L
A6B3DB,N53078,PTS2,PITTS S-2 Special,L1P,L
A6BADB,N53243,C188,CESSNA 188 AgTruck,L1P,L
A6C4DB,N535V,GLF5,GULFSTREAM 5,L2J,M
A6C5DB,N53531,P337,CESSNA P337 Skymaster,L2P,L
A6CCDB,N5370W,P28A,PIPER PA-28-140/150/160/180,L1P,L
A6CDDB,N53777,CH7B,BELLANCA 7 Citabria,L1P,L
A6D5DB,N54CX,BE18,BEECH 18 Expetitor,L2P,L
A6D6DB,N54PC,MU2,MITSUBISHI MU-2 Marquise,L2T,L
A6D8DB,N540KP,,,,
A6DADB,N5404L,AA5,AMERICAN AA-5 Tiger,L1P,L
A6E0DB,N542RK,C510,CESSNA 510 Citation Mustang,L2J,L
A6E1DB,N5421F,C421,CESSNA 421 Executive Commuter,L2P,L
A6E2DB,N5428S,C337,CESSNA 337 Super Skymaster,L2P,L
A6E3DB,N543JB,P180,PIAGGIO P-180 Avanti,L2T,L
A6E7DB,N544M,BE35,BEECH 35 Starfire Bonanza,L1P,L
A6EADB,N545DS,C172,CESSNA 172 Skyhawk,L1P,L
A6ECDB,N5450D,BE35,BEECH 35 Starfire Bonanza,L1P,L
A6EFDB,N546SW,GYRO,,G0-,-
A6F0DB,N5462G,BE9L,BEECH 90 King Air,L2T,L
A6F4DB,N5474K,C172,CESSNA 172 Skyhawk,L1P,L
A6F8DB,N5486N,C82S,CESSNA T182 Turbo Skylane,L1P,L
A6FADB,N549RJ,P46T,PIPER PA-46-500TP,L1T,L
A6FCDB,N5498R,C172,CESSNA 172 Skyhawk,L1P,L
A6FDDB,N55JA,BN2P,BRITTEN-NORMAN BN-2 Islander,L2P,L
A709DB,N55245,C172,CESSNA 172 Skyhawk,L1P,L
A70CDB,N553ZM,,,,
A70FDB,N554SD,BE95,BEECH 95 Travel Air,L2P,L
A710DB,N55410,ST75,STEARMAN Kaydet,L1P,L
A711DB,N5549A,T210,CESSNA T210 Turbo Centurion,L1P,L
A712DB,N555JW,ST75,STEARMAN Kaydet,L1P,L
A714DB,N55533,P28R,PIPER PA-28R-180/200/201,L1P,L
A716DB,N556MU,,,,
A718DB,N55656,P28A,PIPER PA-28-140/150/160/180,L1P,L
A71ADB,N557QS,C56X,CESSNA 560XL Citation XLS,L2J,M
A71FDB,N55821,P28R,PIPER PA-28R-180/200/201,L1P,L
A722DB,N559WN,B737,BOEING 737-700,L2J,M
A725DB,N56PE,SR22,CIRRUS SR-22,L1P,L
A726DB,N56ZL,BALL,,B0-,-
A728DB,N560VX,C560,CESSNA 560 Citation Ultra,L2J,M
A72FDB,N562RM,C550,CESSNA 550 Citation S2,L2J,L
A730DB,N5621H,ULAC,,L0-,-
A734DB,N5633L,M5,MAULE M-5,L1P,L
A738DB,N5645P,PA24,PIPER PA-24 Comanche,L1P,L
A73ADB,N565Q,COZY,CO-Z Cozy,L1P,L
A73BDB,N5650F,,,,
A73CDB,N5657S,M5,MAULE M-5,L1P,L
A740DB,N5669V,P32R,PIPER PA-32R-300/301/301T,L1P,L
A745DB,N568NN,CRJ9,BOMBARDIER Regional Jet CRJ-900,L2J,M
A747DB,N5686Q,M20P,MOONEY M-20,L1P,L
A748DB,N569FE,DC10,MCDONNELL DOUGLAS DC-10,L3J,H
A74BDB,N5698T,,,,
A750DB,VT-MXZ,B38M,BOEING 737 MAX 8,L2J,M
A758DB,N57247,M20P,MOONEY M-20,L1P,L
A75FDB,N57412,CH7B,BELLANCA 7 Citabria,L1P,L
A767DB,N57658,M20P,MOONEY M-20,L1P,L
A76EDB,N57823,M20P,MOONEY M-20,L1P,L
A773DB,N58DA,BE58,BEECH 58 Baron,L2P,L
A774DB,N58PG,PA23,PIPER PA-23,L2P,L
A778DB,N5804Q,M20P,MOONEY M-20,L1P,L
A779DB,N581CK,BE58,BEECH 58 Baron,L2P,L
A77CDB,N5816T,M20P,MOONEY M-20,L1P,L
A77FDB,N5821K,BE35,BEECH 35 Starfire Bonanza,L1P,L
A788DB,N585DW,GLF5,GULFSTREAM 5,L2J,M
A796DB,N5886S,BE95,BEECH 95 Travel Air,L2P,L
A799DB,N5891J,BE35,BEECH 35 Starfire Bonanza,L1P,L
A79ADB,N5898V,P28A,PIPER PA-28-140/150/160/180,L1P,L
A79BDB,N59JE,GLF5,GULFSTREAM 5,L2J,M
A7A0DB,N5908D,PA22,PIPER PA-22,L1P,L
A7A6DB,N592WT,BE58,BEECH 58 Baron,L2P,L
A7A7DB,N59249,ST75,STEARMAN Kaydet,L1P,L
A7B0DB,N595K,C172,CESSNA 172 Skyhawk,L1P,L
A7B9DB,N59702,TAYD,TAYLORCRAFT DC/DF/DL,L1P,L
A7C1DB,N59948,PA31,PIPER PA-31-300/310/325/350/425,L2P,L
A7C2DB,N6DC,A5,ICON A-5,A1P,L
A7C3DB,N6PJ,TAIL,WITTMAN Tailwind,L1P,L
A7C4DB,N6ZQ,LNC4,LANCAIR 4,L1P,L
A7C5DB,N60KV,PA31,PIPER PA-31-300/310/325/350/425,L2P,L
A7C7DB,N600GF,E55P,EMBRAER EMB-505 Phenom 300,L2J,M
A7C8DB,N600SM,C320,CESSNA 320 Skyknight,L2P,L
A7C9DB,N60018,T206,CESSNA T206 Turbo Stationair,L1P,L
A7CADB,N6009J,B350,BEECHCRAFT Super King Air 350,L2T,M
A7CEDB,N602BW,AT6T,AIR TRACTOR AT-602,L1T,L
A7D1DB,N6026D,PA22,PIPER PA-22,L1P,L
A7D3DB,N603R,CASS,NATIONAL AERONAUTICS Cassutt 3M,L1P,L
A7D4DB,N60306,BE58,BEECH 58 Baron,L2P,L
A7D6DB,N604HS,CL60,BOMBARDIER CL-600 Challenger,L2J,M
A7D8DB,N60429,C150,CESSNA 150,L1P,L
A7D9DB,N605AJ,CL60,BOMBARDIER CL-600 Challenger,L2J,M
A7E3DB,N60717,AEST,AEROSTAR 600,L2P,L
A7E7DB,N6084,DHC2,DE HAVILLAND DHC-2 Beaver,L1P,L
A7ECDB,N61ET,PA18,PIPER PA-18 Super Cub,L1P,L
A7EEDB,N610BD,C501,CESSNA 501 Citation 1SP,L2J,L
A7F1DB,N6105X,SR22,CIRRUS SR-22,L1P,L
A7F5DB,N61170,T210,CESSNA T210 Turbo Centurion,L1P,L
A7F6DB,N612H,BE55,BEECH 55 Baron,L2P,L
A7F8DB,N6122S,C82R,CESSNA R182 Skylane RG,L1P,L
A7F9DB,N61293,T34P,BEECH T-34 Mentor,L1P,L
A7FBDB,N613WD,C182,CESSNA 182 Skylane,L1P,L
A7FDDB,N614CQ,C310,CESSNA 310,L2P,L
A803DB,N6151Q,C320,CESSNA 320 Skyknight,L2P,L
A804DB,N61581,C172,CESSNA 172 Skyhawk,L1P,L
A807DB,N6163T,PARA,,P0-,-
A80EDB,N6180N,T210,CESSNA T210 Turbo Centurion,L1P,L
A811DB,N619TE,ECHO,TECNAM P-92 Echo,L1P,L
A812DB,N6192R,T210,CESSNA T210 Turbo Centurion,L1P,L
A815DB,N62WC,BE20,BEECH 200 Super King Air,L2T,M
A817DB,N620SP,C172,CESSNA 172 Skyhawk,L1P,L
A819DB,N6209L,AA1,AMERICAN AA-1,L1P,L
A81ADB,N621KF,SR22,CIRRUS SR-22,L1P,L
A81EDB,N622ND,P28A,PIPER PA-28-140/150/160/180,L1P,L
A820DB,N6226F,C182,CESSNA 182 Skylane,L1P,L
A822DB,N623RB,AT6T,AIR TRACTOR AT-602,L1T,L
A824DB,N6238J,P28R,PIPER PA-28R-180/200/201,L1P,L
A827DB,N6243A,C182,CESSNA 182 Skylane,L1P,L
A829DB,N625LS,C82T,CESSNA TR182 Turbo Skylane RG,L1P,L
A82BDB,N6255D,C172,CESSNA 172 Skyhawk,L1P,L
A82EDB,N626ZW,DRON,,D0-,-
A830DB,N627GG,SR22,CIRRUS SR-22,L1P,L
A836DB,N6284B,E35L,EMBRAER EMB-135 Legacy,L2J,M
A83ADB,N6296E,C172,CESSNA 172 Skyhawk,L1P,L
A843DB,N6310R,P28A,PIPER PA-28-140/150/160/180,L1P,L
A844DB,N63172,,,,
A84FDB,N63460,C150,CESSNA 150,L1P,L
A851DB,N635RW,E170,EMBRAER ERJ-170-100,L2J,M
A856DB,N6363V,,,,
A857DB,N637BE,PA46,PIPER PA-46-310/350,L1P,L
A85ADB,N6375Y,PA23,PIPER PA-23,L2P,L
A85DDB,N6380Q,M20P,MOONEY M-20,L1P,L
A861DB,N6392T,PA18,PIPER PA-18 Super Cub,L1P,L
A862DB,N63994,PA23,PIPER PA-23,L2P,L
A86CDB,N642C,S108,STINSON 108 Voyager,L1P,L
A871DB,N643RD,,,,
A872DB,N6431,PTS1,PITTS S-1 Special,L1P,L
A876DB,N6443C,T50,CESSNA Bobcat,L2P,L
A87ADB,N6455F,C182,CESSNA 182 Skylane,L1P,L
A87EDB,N6467J,P28A,PIPER PA-28-140/150/160/180,L1P,L
A882DB,N6479M,S108,STINSON 108 Voyager,L1P,L
A885DB,N6484D,COUG,ACRO SPORT Cougar,L1P,L
A889DB,N6496G,C150,CESSNA 150,L1P,L
A88ADB,N65EX,E300,EXTRA EA-300/330/350,L1P,L
A88CDB,N650BH,,,,
A88DDB,N650MP,G280,GULFSTREAM G280,L2J,M
A88FDB,N65051,ST75,STEARMAN Kaydet,L1P,L
A890DB,N651EF,C150,CESSNA 150,L1P,L
A892DB,N6510T,BE19,BEECH 19 Sport,L1P,L
A896DB,N6522W,P28A,PIPER PA-28-140/150/160/180,L1P,L
A89CDB,N654P,LNP4,LANCAIR PropJet 4,L1T,L
A8A1DB,N6551U,M20P,MOONEY M-20,L1P,L
A8A9DB,N65750,C172,CESSNA 172 Skyhawk,L1P,L
A8ADDB,N65873,BT36,BEECH B36TC Bonanza,L1P,L
A8B1DB,N65996,ST75,STEARMAN Kaydet,L1P,L
A8B2DB,N66LA,BE36,BEECH 36 Bonanza,L1P,L
A8B3DB,N66WG,SRAI,GREAT PLAINS Sonerai,L1P,L
A8B6DB,N6602D,C172,CESSNA 172 Skyhawk,L1P,L
A8B7DB,N6609Q,G164,GRUMMAN G-164 Ag-Cat,L1P,L
A8B8DB,N661KK,P28A,PIPER PA-28-140/150/160/180,L1P,L
A8BBDB,N662CB,C550,CESSNA 550 Citation S2,L2J,L
A8BFDB,N663F,CH60,ZENAIR CH-600 Zodiac,L1P,L
A8C2DB,N6638N,T210,CESSNA T210 Turbo Centurion,L1P,L
A8C5DB,N6643E,BE58,BEECH 58 Baron,L2P,L
A8C9DB,N6655H,CB1,HATZ CB-1 Classic,L1P,L
A8CADB,N666DN,B752,BOEING 757-200,L2J,M
A8CCDB,N6660,GLID,,L0-,-
A8D0DB,N6672C,C414,CESSNA 414 Chancellor,L2P,L
A8D1DB,N6679P,PA24,PIPER PA-24 Comanche,L1P,L
A8D5DB,N669CA,CRJ7,BOMBARDIER Regional Jet CRJ-700,L2J,M
A8D8DB,N6696J,P28A,PIPER PA-28-140/150/160/180,L1P,L
A8DEDB,N67053,B06,BELL 206 JetRanger,H1T,L
A8E2DB,N67176,B06,BELL 206 JetRanger,H1T,L
A8E9DB,N67341,C152,CESSNA 152,L1P,L
A8EBDB,N674PB,R22,ROBINSON R-22 Mariner,H1P,L
A8EDDB,N67464,C152,CESSNA 152,L1P,L
A901DB,N68LC,M20P,MOONEY M-20,L1P,L
A905DB,N6802F,C150,CESSNA 150,L1P,L
A909DB,N6814J,P28A,PIPER PA-28-140/150/160/180,L1P,L
A90ADB,N682CD,SR22,CIRRUS SR-22,L1P,L
A90BDB,N682NK,A321,AIRBUS A-321,L2J,M
A90DDB,N6826M,S108,STINSON 108 Voyager,L1P,L
A90FDB,N683RH,SR20,CIRRUS SR-20,L1P,L
A912DB,N684J,JAB4,JABIRU J200-450,L1P,L
A914DB,N6843G,C150,CESSNA 150,L1P,L
A915DB,N685AS,E50P,EMBRAER EMB-500 Phenom 100,L2J,L
A91CDB,N6867N,M20P,MOONEY M-20,L1P,L
A920DB,N6879R,C402,CESSNA 402 Businessliner,L2P,L
A928DB,N69FA,PA20,PIPER PA-20 Pacer,L1P,L
A92ADB,N690BM,AC90,NORTH AMERICAN ROCKWELL Turbo Commander 690/840,L2T,L
A930DB,N6910X,C172,CESSNA 172 Skyhawk,L1P,L
A934DB,N69220,,,,
A935DB,N693A,PA22,PIPER PA-22,L1P,L
A93ADB,N694PD,CL30,BOMBARDIER BD-100 Challenger 300,L2J,M
A93EDB,N695SB,RV6,VANS RV-6,L1P,L
A93FDB,N6951Y,P210,CESSNA P210 Centurion,L1P,L
A945DB,N697MS,DRON,,D0-,-
A947DB,N69754,C310,CESSNA 310,L2P,L
A94EDB,N6992Z,PA25,PIPER PA-25 Pawnee,L1P,L
A951DB,N7WL,PA30,PIPER PA-30 Twin Comanche,L2P,L
A952DB,N70GR,C185,CESSNA 185 Skywagon,L1P,L
A953DB,N70SX,SX30,SWEARINGEN SX-300,L1P,L
A954DB,N700DB,FOX,KITFOX,L1P,L
A957DB,N7007,AC11,NORTH AMERICAN ROCKWELL Commander 112/114,L1P,L
A959DB,N701SF,C25A,CESSNA 525A Citation CJ2,L2J,L
A95ADB,N70112,C185,CESSNA 185 Skywagon,L1P,L
A962DB,N70358,C185,CESSNA 185 Skywagon,L1P,L
A966DB,N7048A,ULAC,,L0-,-
A968DB,N705TS,SF50,CIRRUS SF-50 Vision,L1J,L
A96EDB,N707DA,C82S,CESSNA T182 Turbo Skylane,L1P,L
A96FDB,N707PG,,,,
A971DB,N70769,J3,PIPER J-3 Cub,L1P,L
A975DB,N7089B,PA18,PIPER PA-18 Super Cub,L1P,L
A979DB,N71BP,BL8,BELLANCA 8 Decathlon,L1P,L
A97ADB,N71MV,T206,CESSNA T206 Turbo Stationair,L1P,L
A97CDB,N710JF,PA11,PIPER PA-11 Cub Special,L1P,L
A989DB,N7132L,,,,
A98ADB,N7139X,C82S,CESSNA T182 Turbo Skylane,L1P,L
A98BDB,N714KS,RS20,RANS S-20 Raven,L1P,L
A98CDB,N714VY,C152,CESSNA 152,L1P,L
A98DDB,N7144P,PA24,PIPER PA-24 Comanche,L1P,L
A98EDB,N715CJ,HA4T,RAYTHEON 4000 Hawker Horizon,L2J,M
A992DB,N716FG,LJ45,LEARJET 45,L2J,M
A994DB,N7161J,B06,BELL 206 JetRanger,H1T,L
A998DB,N7173M,C175,CESSNA 175 Skylark,L1P,L
A99ADB,N718MC,GLF5,GULFSTREAM 5,L2J,M
A99FDB,N7190G,C172,CESSNA 172 Skyhawk,L1P,L
A9A0DB,N7197T,C172,CESSNA 172 Skyhawk,L1P,L
A9A1DB,N72GT,L10,LOCKHEED L-10 Electra,L2P,L
A9A6DB,N7207B,C82S,CESSNA T182 Turbo Skylane,L1P,L
A9A7DB,N721GB,BUCA,ADVANCED AEROMARINE Buccaneer,A1P,L
A9A9DB,N72114,C140,CESSNA 140,L1P,L
A9ABDB,N722K,CRER,RANS Courier,L1P,L
A9ADDB,N72237,C120,CESSNA 120,L1P,L
A9B9DB,N726AE,B407,BELL 407,H1T,L
A9BADB,N726LL,BOLT,STEEN Skybolt,L1P,L
A9BCDB,N72648,C140,CESSNA 140,L1P,L
A9BDDB,N727DC,C177,CESSNA  177 Cardinal,L1P,L
A9BEDB,N727PJ,C56X,CESSNA 560XL Citation XLS,L2J,M
A9C0DB,N7277A,C172,CESSNA 172 Skyhawk,L1P,L
A9C7DB,N72936,CH65,ZENAIR CH-650 Zodiac,L1P,L
A9C8DB,N73BR,LGEZ,RUTAN Long-EZ,L1P,L
A9CEDB,N731B,BE33,BEECH 33 Bonanza,L1P,L
A9D5DB,N7327W,P28A,PIPER PA-28-140/150/160/180,L1P,L
A9DADB,N734KU,C172,CESSNA 172 Skyhawk,L1P,L
A9DBDB,N734W,ULAC,,L0-,-
A9DDDB,N735CL,C182,CESSNA 182 Skylane,L1P,L
A9DEDB,N735NS,C182,CESSNA 182 Skylane,L1P,L
A9DFDB,N735YY,C182,CESSNA 182 Skylane,L1P,L
A9E1DB,N736FJ,C172,CESSNA 172 Skyhawk,L1P,L
A9E2DB,N736RQ,C182,CESSNA 182 Skylane,L1P,L
A9E4DB,N7368X,B350,BEECHCRAFT Super King Air 350,L2T,M
A9E8DB,N738AZ,C172,CESSNA 172 Skyhawk,L1P,L
A9E9DB,N738ME,C172,CESSNA 172 Skyhawk,L1P,L
A9EADB,N738XL,C172,CESSNA 172 Skyhawk,L1P,L
A9ECDB,N739DX,C172,CESSNA 172 Skyhawk,L1P,L
A9EEDB,N7390J,P28A,PIPER PA-28-140/150/160/180,L1P,L
A9F7DB,N741SK,P3,LOCKHEED P-3 Orion,L4T,M
A9F9DB,N7419G,C172,CESSNA 172 Skyhawk,L1P,L
AA00DB,N7436B,CH7A,BELLANCA 7 Champion,L1P,L
AA01DB,N744ES,R22,ROBINSON R-22 Mariner,H1P,L
AA06DB,N745TW,C172,CESSNA 172 Skyhawk,L1P,L
AA07DB,N74527,M20P,MOONEY M-20,L1P,L
AA0EDB,N747ZS,DRON,,D0-,-
AA0FDB,N7477C,B744,BOEING 747-400,L4J,H
AA12DB,N74815,R22,ROBINSON R-22 Mariner,H1P,L
AA13DB,N7489F,H269,HUGHES Sky Knight,H1P,L
AA17DB,N75BT,TBM7,SOCATA TBM-700A/B/C,L1T,L
AA1CDB,N7503S,AEST,AEROSTAR 600,L2P,L
AA20DB,N7515V,C77R,CESSNA 177RG Cardinal RG,L1P,L
AA23DB,N7520M,C175,CESSNA 175 Skylark,L1P,L
AA28DB,N75391,PA34,PIPER PA-34 Seneca,L2P,L
AA2EDB,N755Z,AS29,SCHLEICHER ASG-29,L1P,L
AA2FDB,N7556W,P28A,PIPER PA-28-140/150/160/180,L1P,L
AA31DB,N756RS,T206,CESSNA T206 Turbo Stationair,L1P,L
AA32DB,N7561N,T206,CESSNA T206 Turbo Stationair,L1P,L
AA34DB,N757JJ,C152,CESSNA 152,L1P,L
AA36DB,N7573R,P28A,PIPER PA-28-140/150/160/180,L1P,L
AA37DB,N758BA,C172,CESSNA 172 Skyhawk,L1P,L
AA3ADB,N7585U,C150,CESSNA 150,L1P,L
AA3EDB,N7597X,C82R,CESSNA R182 Skylane RG,L1P,L
AA3FDB,N76GX,GX,REMOS GX,L1P,L
AA44DB,N7607F,C172,CESSNA 172 Skyhawk,L1P,L
AA52DB,N76406,C140,CESSNA 140,L1P,L
AA53DB,N7648G,C172,CESSNA 172 Skyhawk,L1P,L
AA56DB,N76529,B738,BOEING 737-800,L2J,M
AA57DB,N766AJ,R66,ROBINSON R-66,H1T,L
AA5EDB,N7677E,CH7A,BELLANCA 7 Champion,L1P,L
AA65DB,N7694,G164,GRUMMAN G-164 Ag-Cat,L1P,L
AA66DB,N77BV,P210,CESSNA P210 Centurion,L1P,L
AA6CDB,N771BD,HROC,HARMON Rocket,L1P,L
AA6DDB,N771MK,RV7,VANS RV-7,L1P,L
AA75DB,N773TF,C82T,CESSNA TR182 Turbo Skylane RG,L1P,L
AA76DB,N7732S,GLID,,L0-,-
AA82DB,N77681,FA24,FAIRCHILD F-24 Argus,L1P,L
AA83DB,N777JL,PA46,PIPER PA-46-310/350,L1P,L
AA84DB,N777US,BE95,BEECH 95 Travel Air,L2P,L
AA85DB,N7773T,C172,CESSNA 172 Skyhawk,L1P,L
AA86DB,N778BC,C510,CESSNA 510 Citation Mustang,L2J,L
AA8CDB,N7790N,P28A,PIPER PA-28-140/150/160/180,L1P,L
AA8DDB,N7797Z,PA25,PIPER PA-25 Pawnee,L1P,L
AA94DB,N781GH,P32R,PIPER PA-32R-300/301/301T,L1P,L
AA95DB,N781SP,C172,CESSNA 172 Skyhawk,L1P,L
AA98DB,N782KF,FOX,KITFOX,L1P,L
AA9ADB,N7824C,P28R,PIPER PA-28R-180/200/201,L1P,L
AA9CDB,N783ND,PA44,PIPER PA-44 Seminole,L2P,L
AAA1DB,N78408,C172,CESSNA 172 Skyhawk,L1P,L
AAA5DB,N7853A,C180,CESSNA  180 Skywagon,L1P,L
AAA9DB,N7865D,PA18,PIPER PA-18 Super Cub,L1P,L
AAB0DB,N78819,PA11,PIPER PA-11 Cub Special,L1P,L
AAB5DB,N79BX,RV8,VANS RV-8,L1P,L
AAB6DB,N79NC,PA32,PIPER PA-32,L1P,L
AABBDB,N791BF,DRON,,D0-,-
AABCDB,N791MM,P46T,PIPER PA-46-500TP,L1T,L
AAC5DB,N7932U,C150,CESSNA 150,L1P,L
AAC6DB,N79395,M20P,MOONEY M-20,L1P,L
AAD4DB,N7973V,C180,CESSNA  180 Skywagon,L1P,L
AAD9DB,N799EC,M20P,MOONEY M-20,L1P,L
AADDDB,N8HA,LGEZ,RUTAN Long-EZ,L1P,L
AADEDB,N8TG,LJ31,LEARJET 31,L2J,M
AAE0DB,N80PT,C550,CESSNA 550 Citation S2,L2J,L
AAE1DB,N80ZZ,PA46,PIPER PA-46-310/350,L1P,L
AAE2DB,N800LD,SW3,SWEARINGEN Merlin 3,L2T,L
AAE3DB,N800WK,A109,AGUSTA AW-109 Grand,H2T,L
AAE5DB,N801CW,CH80,ZENAIR CH-801 Stol,L1P,L
AAE6DB,N801PB,PC12,PILATUS PC-12,L1T,L
AAE8DB,N80164,C172,CESSNA 172 Skyhawk,L1P,L
AAE9DB,N802FU,AT8T,AIR TRACTOR AT-802,L1T,M
AAEADB,N802S,GLID,,L0-,-
AAEBDB,N8021W,BE36,BEECH 36 Bonanza,L1P,L
AAEDDB,N803JS,C56X,CESSNA 560XL Citation XLS,L2J,M
AAF3DB,N80452,BALL,,B0-,-
AAF6DB,N8050U,AT8T,AIR TRACTOR AT-802,L1T,M
AAF7DB,N80575,C172,CESSNA 172 Skyhawk,L1P,L
AAFADB,N8062X,C172,CESSNA 172 Skyhawk,L1P,L
AAFEDB,N80740,GC1,GLOBE Swift,L1P,L
AB00DB,N808PA,RV7,VANS RV-7,L1P,L
AB06DB,N80986,GC1,GLOBE Swift,L1P,L
AB07DB,N81JR,,,,
AB0BDB,N8101D,PA44,PIPER PA-44 Seminole,L2P,L
AB13DB,N8125K,S108,STINSON 108 Voyager,L1P,L
AB15DB,N813PW,PARA,,P0-,-
AB16DB,N8130B,C172,CESSNA 172 Skyhawk,L1P,L
AB1ADB,N8142E,M20P,MOONEY M-20,L1P,L
AB1BDB,N8149R,P28A,PIPER PA-28-140/150/160/180,L1P,L
AB22DB,N8166L,C172,CESSNA 172 Skyhawk,L1P,L
AB25DB,N8171C,PA18,PIPER PA-18 Super Cub,L1P,L
AB29DB,N8183F,C150,CESSNA 150,L1P,L
AB2DDB,N8195J,BE36,BEECH 36 Bonanza,L1P,L
AB2FDB,N82PV,EC20,AIRBUS HELICOPTERS EC-120,H1T,L
AB30DB,N820A,PA22,PIPER PA-22,L1P,L
AB33DB,N82043,CH7A,BELLANCA 7 Champion,L1P,L
AB35DB,N821PD,AS50,AEROSPATIALE AS-350 Ecureuil,H1T,L
AB37DB,N82166,PA18,PIPER PA-18 Super Cub,L1P,L
AB3ADB,N8221Y,PA30,PIPER PA-30 Twin Comanche,L2P,L
AB3DDB,N823V,BE35,BEECH 35 Starfire Bonanza,L1P,L
AB46DB,N82577,PA18,PIPER PA-18 Super Cub,L1P,L
AB4ADB,N827,GLID,,L0-,-
AB4DDB,N82742,CH7A,BELLANCA 7 Champion,L1P,L
AB4FDB,N828PC,PC7,PILATUS PC-7 Astra,L1T,L
AB53DB,N829SA,PC12,PILATUS PC-12,L1T,L
AB54DB,N8291X,C172,CESSNA 172 Skyhawk,L1P,L
AB56DB,N83JT,C414,CESSNA 414 Chancellor,L2P,L
AB5ADB,N8301F,PA32,PIPER PA-32,L1P,L
AB5BDB,N8308S,C182,CESSNA 182 Skylane,L1P,L
AB5CDB,N831JB,BE58,BEECH 58 Baron,L2P,L
AB60DB,N832M,UH1,BELL UH-1 Huey,H1T,L
AB62DB,N8325M,P28A,PIPER PA-28-140/150/160/180,L1P,L
AB63DB,N833DS,DA40,DIAMOND DA-40 Club Star,L1P,L
AB65DB,N8330D,BE35,BEECH 35 Starfire Bonanza,L1P,L
AB6ADB,N8349T,C175,CESSNA 175 Skylark,L1P,L
AB71DB,N8366N,P28A,PIPER PA-28-140/150/160/180,L1P,L
AB73DB,N837RJ,BE60,BEECH 60 Duke,L2P,L
AB75DB,N8378R,P28A,PIPER PA-28-140/150/160/180,L1P,L
AB78DB,N8383H,P28A,PIPER PA-28-140/150/160/180,L1P,L
AB7FDB,N840AB,DA40,DIAMOND DA-40 Club Star,L1P,L
AB86DB,N84168,CH7A,BELLANCA 7 Champion,L1P,L
AB89DB,N84210,C172,CESSNA 172 Skyhawk,L1P,L
AB8ADB,N8429A,P28B,PIPER PA-28-201T/235/236,L1P,L
AB8DDB,N84333,C172,CESSNA 172 Skyhawk,L1P,L
AB91DB,N84456,C172,CESSNA 172 Skyhawk,L1P,L
AB93DB,N845QS,C700,CESSNA 700 Citation Longitude,L2J,M
AB95DB,N84579,C172,CESSNA 172 Skyhawk,L1P,L
AB9CDB,N84744,CH7A,BELLANCA 7 Champion,L1P,L
ABA3DB,N8491Z,C210,CESSNA 201 Centurion,L1P,L
ABA5DB,N85JV,C25A,CESSNA 525A Citation CJ2,L2J,L
ABA6DB,N85VA,L8,LUSCOMBE 8,L1P,L
ABA8DB,N850RM,C421,CESSNA 421 Executive Commuter,L2P,L
ABB1DB,N8525P,PA24,PIPER PA-24 Comanche,L1P,L
ABB8DB,N8542J,C150,CESSNA 150,L1P,L
ABB9DB,N8549V,SS2P,ROCKWELL Thrush Commander,L1P,L
ABBCDB,N8554M,BE35,BEECH 35 Starfire Bonanza,L1P,L
ABBEDB,N856NN,B738,BOEING 737-800,L2J,M
ABC1DB,N857FE,C208,CESSNA 208 Caravan,L1T,L
ABC3DB,N8571G,C310,CESSNA 310,L2P,L
ABC9DB,N859MA,C208,CESSNA 208 Caravan,L1T,L
ABCCDB,N86DT,C182,CESSNA 182 Skylane,L1P,L
ABD1DB,N86047,J3,PIPER J-3 Cub,L1P,L
ABD2DB,N861DB,COZY,CO-Z Cozy,L1P,L
ABD9DB,N8629C,PA20,PIPER PA-20 Pacer,L1P,L
ABDCDB,N86335,AR11,AERONCA 11 Chief,L1P,L
ABE4DB,N8658A,B738,BOEING 737-800,L2J,M
ABE6DB,N866TS,PA18,PIPER PA-18 Super Cub,L1P,L
ABEBDB,N86746,B14A,BELLANCA 14,L1P,L
ABF2DB,N86911,BL8,BELLANCA 8 Decathlon,L1P,L
ABF9DB,N8708W,P28B,PIPER PA-28-201T/235/236,L1P,L
AC01DB,N873DW,AT5T,AIR TRACTOR AT-504,L1T,L
AC03DB,N8730H,NAVI,NORTH AMERICAN Navion,L1P,L
AC04DB,N8737U,C172,CESSNA 172 Skyhawk,L1P,L
AC05DB,N874GU,GL5T,BOMBARDIER BD-700 Global 5000/5500,L2J,M
AC06DB,N874T,SR20,CIRRUS SR-20,L1P,L
AC07DB,N8742L,PA25,PIPER PA-25 Pawnee,L1P,L
AC08DB,N8749X,WACF,WACO F,L1P,L
AC0BDB,N8754P,PA24,PIPER PA-24 Comanche,L1P,L
AC0CDB,N876CJ,DRON,,D0-,-
AC1ADB,N8795Q,T206,CESSNA T206 Turbo Stationair,L1P,L
AC1BDB,N88DV,ULAC,,L0-,-
AC1DDB,N880AF,H25B,HAWKER BEECHCRAFT Hawker 750/850,L2J,M
AC27DB,N88214,CH7B,BELLANCA 7 Citabria,L1P,L
AC2BDB,N88337,CH7B,BELLANCA 7 Citabria,L1P,L
AC2FDB,N8846,CAMP,GREGA GN-1 Aircamper,L1P,L
AC33DB,N8858C,PA18,PIPER PA-18 Super Cub,L1P,L
AC37DB,N887AE,B06,BELL 206 JetRanger,H1T,L
AC38DB,N887LL,BE20,BEECH 200 Super King Air,L2T,M
AC3BDB,N888DC,GLF4,GULFSTREAM 4,L2J,M
AC3CDB,N888PJ,T210,CESSNA T210 Turbo Centurion,L1P,L
AC46DB,N890RR,DRON,,D0-,-
AC49DB,N891JH,BE35,BEECH 35 Starfire Bonanza,L1P,L
AC4ADB,N891UP,BE30,BEECH 300 Super King Air,L2T,L
AC4FDB,N8925T,PA34,PIPER PA-34 Seneca,L2P,L
AC52DB,N8930K,S108,STINSON 108 Voyager,L1P,L
AC53DB,N8937W,P28B,PIPER PA-28-201T/235/236,L1P,L
AC57DB,N8949Z,,,,
AC65DB,N8983P,PA24,PIPER PA-24 Comanche,L1P,L
AC66DB,N899AZ,BALL,,B0-,-
AC67DB,N899ME,T206,CESSNA T206 Turbo Stationair,L1P,L
AC69DB,N8995S,C150,CESSNA 150,L1P,L
AC6ADB,N9DX,SONX,SONEX AIRCRAFT Sonex,L1P,L
AC6CDB,N90AH,,,,
AC6FDB,N900H,HA4T,RAYTHEON 4000 Hawker Horizon,L2J,M
AC70DB,N900TF,,,,
AC71DB,N9002S,BE35,BEECH 35 Starfire Bonanza,L1P,L
AC75DB,N9014V,BE35,BEECH 35 Starfire Bonanza,L1P,L
AC7CDB,N9031Q,BE55,BEECH 55 Baron,L2P,L
AC80DB,N9043T,B47G,BELL 47G,H1P,L
AC88DB,N9067Z,T6,NORTH AMERICAN T-6 Texan,L1P,L
AC90DB,N909CP,C172,CESSNA 172 Skyhawk,L1P,L
AC92DB,N909ZA,L39,LET L-39 Albatros,L1J,L
AC9ADB,N911EW,DRON,,D0-,-
AC9BDB,N911RB,RV8,VANS RV-8,L1P,L
AC9CDB,N91108,FOX,KITFOX,L1P,L
ACA0DB,N9123A,C170,CESSNA 170,L1P,L
ACA1DB,N913AL,,,,
ACA2DB,N913LS,EC20,AIRBUS HELICOPTERS EC-120,H1T,L
ACA8DB,N9147G,C182,CESSNA 182 Skylane,L1P,L
ACA9DB,N915GG,PA11,PIPER PA-11 Cub Special,L1P,L
ACACDB,N9159K,P28R,PIPER PA-28R-180/200/201,L1P,L
ACB3DB,N9176E,M5,MAULE M-5,L1P,L
ACB6DB,N91807,GLID,,L0-,-
ACBADB,N9193,D25,NEW STANDART D-25,L1P,L
ACBBDB,N92AK,DHC2,DE HAVILLAND DHC-2 Beaver,L1P,L
ACC0DB,N9202U,C72R,CESSNA 172R Cutlass RG,L1P,L
ACC5DB,N922CS,T206,CESSNA T206 Turbo Stationair,L1P,L
ACCFDB,N9243V,M20P,MOONEY M-20,L1P,L
ACD1DB,N925ML,KR2,RAND KR-2,L1P,L
ACD4DB,N926EC,CL60,BOMBARDIER CL-600 Challenger,L2J,M
ACD6DB,N9260Q,BE33,BEECH 33 Bonanza,L1P,L
ACD9DB,N927TG,PA12,PIPER PA-12 Super Cruiser,L1P,L
ACDADB,N9272T,C180,CESSNA  180 Skywagon,L1P,L
ACDBDB,N92794,PA12,PIPER PA-12 Super Cruiser,L1P,L
ACDEDB,N9284W,P28B,PIPER PA-28-201T/235/236,L1P,L
ACE2DB,N9296Z,P32R,PIPER PA-32R-300/301/301T,L1P,L
ACE4DB,N93RV,RV6,VANS RV-6,L1P,L
ACE8DB,N9306H,C172,CESSNA 172 Skyhawk,L1P,L
ACEADB,N931RD,BE95,BEECH 95 Travel Air,L2P,L
ACEFDB,N9323C,P28R,PIPER PA-28R-180/200/201,L1P,L
ACF0DB,N933AN,B738,BOEING 737-800,L2J,M
ACF2DB,N933X,RV6,VANS RV-6,L1P,L
ACFEDB,N9364D,PA18,PIPER PA-18 Super Cub,L1P,L
AD08DB,N939UA,,,,
AD0BDB,N94LT,RV7,VANS RV-7,L1P,L
AD0FDB,N9402W,MD83,MCDONNELL-DOUGLAS MD-83,L2J,M
AD10DB,N94097,C152,CESSNA 152,L1P,L
AD15DB,N942P,RV9,VANS RV-9,L1P,L
AD1DDB,N944UW,E190,EMBRAER ERJ-190-100,L2J,M
AD1EDB,N9443X,C210,CESSNA 201 Centurion,L1P,L
AD1FDB,N945BG,C421,CESSNA 421 Executive Commuter,L2P,L
AD22DB,N94550,B06,BELL 206 JetRanger,H1T,L
AD25DB,N9460S,BE35,BEECH 35 Starfire Bonanza,L1P,L
AD26DB,N94673,C182,CESSNA 182 Skylane,L1P,L
AD27DB,N947HC,C25A,CESSNA 525A Citation CJ2,L2J,L
AD2EDB,N949CT,FDCT,FLIGHT DESIGN CT,L1P,L
AD31DB,N94961,TAYB,TAYLORCRAFT BC/BF/BL,L1P,L
AD34DB,N950CB,,,,
AD3ADB,N9511B,C180,CESSNA  180 Skywagon,L1P,L
AD40DB,N953LW,AEST,AEROSTAR 600,L2P,L
AD42DB,N9535H,C172,CESSNA 172 Skyhawk,L1P,L
AD45DB,N9540,BE18,BEECH 18 Expetitor,L2P,L
AD46DB,N9547L,C172,CESSNA 172 Skyhawk,L1P,L
AD51DB,N9576J,P28A,PIPER PA-28-140/150/160/180,L1P,L
AD54DB,N9581A,C170,CESSNA 170,L1P,L
AD55DB,N9588M,M20P,MOONEY M-20,L1P,L
AD59DB,N96AP,CRJ2,BOMBARDIER Regional Jet CRJ-200,L2J,M
AD5EDB,N9602Y,BE35,BEECH 35 Starfire Bonanza,L1P,L
AD64DB,N962PB,C82T,CESSNA TR182 Turbo Skylane RG,L1P,L
AD6ADB,N96387,TAYB,TAYLORCRAFT BC/BF/BL,L1P,L
AD6DDB,N9643Z,T206,CESSNA T206 Turbo Stationair,L1P,L
AD6EDB,N965BJ,P32R,PIPER PA-32R-300/301/301T,L1P,L
AD71DB,N96552,TAYB,TAYLORCRAFT BC/BF/BL,L1P,L
AD78DB,N9672X,C210,CESSNA 201 Centurion,L1P,L
AD79DB,N96798,C182,CESSNA 182 Skylane,L1P,L
AD7CDB,N96840,C182,CESSNA 182 Skylane,L1P,L
AD7EDB,N969PA,DV20,DIAMOND DA-20,L1P,L
AD80DB,N96963,TAYB,TAYLORCRAFT BC/BF/BL,L1P,L
AD81DB,N97FT,GLF5,GULFSTREAM 5,L2J,M
AD84DB,N970NK,A20N,AIRBUS A-320neo,L2J,M
AD86DB,N9706M,M20P,MOONEY M-20,L1P,L
AD88DB,N971RH,B06,BELL 206 JetRanger,H1T,L
AD8ADB,N9718Q,BE24,BEECH 24 Sierra,L1P,L
AD91DB,N9735K,S108,STINSON 108 Voyager,L1P,L
AD98DB,N9752E,AR11,AERONCA 11 Chief,L1P,L
AD99DB,N9759R,BE35,BEECH 35 Starfire Bonanza,L1P,L
AD9DDB,N977CC,PA11,PIPER PA-11 Cub Special,L1P,L
ADA1DB,N978FA,C172,CESSNA 172 Skyhawk,L1P,L
ADA8DB,N98AR,BE9L,BEECH 90 King Air,L2T,L
ADB3DB,N982PD,GLID,,L0-,-
ADB5DB,N98266,P28A,PIPER PA-28-140/150/160/180,L1P,L
ADB9DB,N98389,P28A,PIPER PA-28-140/150/160/180,L1P,L
ADBCDB,N98431,,,,
ADBEDB,N985MS,RV4,VANS RV-4,L1P,L
ADC0DB,N98554,C340,CESSNA 340 Super,L2P,L
ADC3DB,N9860W,P28A,PIPER PA-28-140/150/160/180,L1P,L
ADCADB,N988WL,H60,SIKORSKY UH-60 Black Hawk,H2T,M
ADCBDB,N98842,C310,CESSNA 310,L2P,L
ADCFDB,N98965,PA12,PIPER PA-12 Super Cruiser,L1P,L
ADD1DB,N99SA,CH7B,BELLANCA 7 Citabria,L1P,L
ADD6DB,N991FD,B752,BOEING 757-200,L2J,M
ADD7DB,N991RK,FOX,KITFOX,L1P,L
ADD9DB,N9918S,RC70,ROCKWELL Commander 700/710,L2P,L
ADDADB,N992JB,A321,AIRBUS A-321,L2J,M
ADE0DB,N9935M,C207,CESSNA 207 Turbo Stationair,L1P,L
ADE1DB,N994DS,OSCR,PARTENAVIA Oscar Charlie,L1P,L
ADE4DB,N9947Q,PA18,PIPER PA-18 Super Cub,L1P,L
ADEBDB,N9964K,C82T,CESSNA TR182 Turbo Skylane RG,L1P,L
ADF3DB,N9988R,BE95,BEECH 95 Travel Air,L2P,L
ADF4DB,N999JA,C25B,CESSNA 525B Citation CJ3,L2J,L
ADF6DB,N9993H,J5,PIPER J-5 Cub Cruiser,L1P,L
ADFCDB,94-0124,BE40,BEECH 400 Beechjet,L2J,M
ADFEDB,86-00085,BE20,BEECH 200 Super King Air,L2T,M
ADFFDB,66-4334,T38,NORTHROP T-38 Talon,L2J,L
AE00DB,64-13203,T38,NORTHROP T-38 Talon,L2J,L
AE01DB,83-0498,BE20,BEECH 200 Super King Air,L2T,M
AE02DB,89-1183,C130,LOCKHEED C-130 Hercules,L4T,M
AE03DB,165316,C130,LOCKHEED C-130 Hercules,L4T,M
AE04DB,57-1437,K35R,BOEING KC-135R/T Stratotanker,L4J,H
AE05DB,85-0042,C130,LOCKHEED C-130 Hercules,L4T,M
AE06DB,163559,BE20,BEECH 200 Super King Air,L2T,M
AE07DB,93-0601,C17,BOEING C-17 Globemaster 3,L4J,H
AE09DB,85-24421,H60,SIKORSKY UH-60 Black Hawk,H2T,M
AE0BDB,86-24502,H60,SIKORSKY UH-60 Black Hawk,H2T,M
AE0CDB,80-23490,H60,SIKORSKY UH-60 Black Hawk,H2T,M
AE0DDB,83-23885,H60,SIKORSKY UH-60 Black Hawk,H2T,M
AE0EDB,85-24423,H60,SIKORSKY UH-60 Black Hawk,H2T,M
AE11DB,76-1604,E3TF,BOEING E-3 Sentry (TF33),L4J,H
AE19DB,81-0984,A10,FAIRCHILD A-10 Thunderbolt II,L2J,M
AE1DDB,166552,H60,SIKORSKY UH-60 Black Hawk,H2T,M
AE1FDB,11-72204,EC45,AIRBUS HELICOPTERS EC-145,H2T,L
AE26DB,89-2137,F16,GENERAL DYNAMICS F-16 Fighting Falcon,L1J,M
AE29DB,06-3171,C30J,LOCKHEED MARTIN C-130J Super Hercules,L4T,M
AE2EDB,166094,TEX2,BEECHCRAFT T-6 Texan 2,L1T,L
AE47DB,07-20025,H60,SIKORSKY UH-60 Black Hawk,H2T,M
AE4EDB,10-0112,SR20,CIRRUS SR-20,L1P,L
AE4FDB,168139,H60,SIKORSKY UH-60 Black Hawk,H2T,M
AE50DB,10-20283,H60,SIKORSKY UH-60 Black Hawk,H2T,M
AE51DB,11-20376,H60,SIKORSKY UH-60 Black Hawk,H2T,M
AE54DB,166201,TEX2,BEECHCRAFT T-6 Texan 2,L1T,L
AE56DB,13-20627,H60,SIKORSKY UH-60 Black Hawk,H2T,M
AE5ADB,15-20761,H60,SIKORSKY UH-60 Black Hawk,H2T,M
AE5BDB,15-20800,H60,SIKORSKY UH-60 Black Hawk,H2T,M
AE5EDB,162058,B06,BELL 206 JetRanger,H1T,L
AE63DB,67-14920,T38,NORTHROP T-38 Talon,L2J,L
AE6CDB,18-03224,H64,MCDONNELL DOUGLAS AH-64 Apache,H2T,M
C002DB,C-FBCC,BE18,BEECH 18 Expetitor,L2P,L
C003DB,C-FBLY,AA5,AMERICAN AA-5 Tiger,L1P,L
C004DB,C-FBVU,C185,CESSNA 185 Skywagon,L1P,L
C006DB,C-FCPM,C208,CESSNA 208 Caravan,L1T,L
C008DB,C-FDJE,C140,CESSNA 140,L1P,L
C009DB,C-FDTA,C152,CESSNA 152,L1P,L
C00BDB,C-FEMS,,,,
C00CDB,C-FEWO,C172,CESSNA 172 Skyhawk,L1P,L
C00DDB,C-FFGK,,,,
C00EDB,C-FFQG,DH8D,DE HAVILLAND DHC-8-400 Dash 8,L2T,M
C00FDB,C-FGAC,C310,CESSNA 310,L2P,L
C010DB,C-FGJY,C150,CESSNA 150,L1P,L
C011DB,C-FGTU,DH82,DE HAVILLAND DH-82 Tiger Moth,L1P,L
C012DB,C-FHDQ,C206,CESSNA  206 Stationair,L1P,L
C013DB,C-FHNM,CVLT,CANADAIR Cosmopolitan,L2T,M
C014DB,C-FHXI,,,,
C015DB,C-FIHE,SW4,SWEARINGEN Metro,L2T,M
C016DB,C-FIRA,PA12,PIPER PA-12 Super Cruiser,L1P,L
C017DB,C-FJAW,RV6,VANS RV-6,L1P,L
C018DB,C-FJKS,CL60,BOMBARDIER CL-600 Challenger,L2J,M
C019DB,C-FJUO,BE35,BEECH 35 Starfire Bonanza,L1P,L
C01ADB,C-FKEK,C172,CESSNA 172 Skyhawk,L1P,L
C01CDB,C-FKYC,C182,CESSNA 182 Skylane,L1P,L
C01DDB,C-FLHY,PA22,PIPER PA-22,L1P,L
C01EDB,C-FLRU,B230,BELL 230,H2T,L
C01FDB,C-FMBQ,EC45,AIRBUS HELICOPTERS EC-145,H2T,L
C020DB,C-FMLM,ZZZZ,,-0-,-
C023DB,C-FNPA,CH7A,BELLANCA 7 Champion,L1P,L
C025DB,C-FOIS,BE23,BEECH 23 Sundowner,L1P,L
C026DB,C-FOSO,C180,CESSNA  180 Skywagon,L1P,L
C027DB,C-FPCK,M20P,MOONEY M-20,L1P,L
C028DB,C-FPMG,S108,STINSON 108 Voyager,L1P,L
C029DB,C-FPWC,PA32,PIPER PA-32,L1P,L
C02BDB,C-FQPU,C172,CESSNA 172 Skyhawk,L1P,L
C02CDB,C-FQZQ,RBEL,MURPHY Rebel,L1P,L
C02DDB,C-FRJM,C180,CESSNA  180 Skywagon,L1P,L
C02EDB,C-FRTI,ZZZZ,,-0-,-
C02FDB,C-FSDE,,,,
C030DB,C-FSNA,CJ6,NANCHANG CJ-6,L1P,L
C031DB,C-FSWW,T6,NORTH AMERICAN T-6 Texan,L1P,L
C032DB,C-FTGS,,,,
C033DB,C-FTQO,C185,CESSNA 185 Skywagon,L1P,L
C034DB,C-FUAK,BE20,BEECH 200 Super King Air,L2T,M
C035DB,C-FUKG,CH60,ZENAIR CH-600 Zodiac,L1P,L
C036DB,C-FUUC,B412,BELL 412,H2T,L
C038DB,C-FVNU,PA20,PIPER PA-20 Pacer,L1P,L
C039DB,C-FVXQ,C185,CESSNA 185 Skywagon,L1P,L
C03ADB,C-FWHM,,,,
C03BDB,C-FWRI,TRF1,TEAM ROCKET F-1,L1P,L
C03CDB,C-FXBE,,,,
C03DDB,C-FXLA,S108,STINSON 108 Voyager,L1P,L
C03EDB,C-FXUW,,,,
C03FDB,C-FYES,PA18,PIPER PA-18 Super Cub,L1P,L
C040DB,C-FYOO,SR22,CIRRUS SR-22,L1P,L
C042DB,C-FZIG,,,,
C044DB,C-GABY,T18,THORP Tiger,L1P,L
C046DB,C-GAVQ,B407,BELL 407,H1T,L
C047DB,C-GBFM,C172,CESSNA 172 Skyhawk,L1P,L
C049DB,C-GBZE,DHC2,DE HAVILLAND DHC-2 Beaver,L1P,L
C04ADB,C-GCJA,C82R,CESSNA R182 Skylane RG,L1P,L
C04BDB,C-GCSW,SIDE,SMYTH Sidewinder,L1P,L
C04CDB,C-GDCS,P28R,PIPER PA-28R-180/200/201,L1P,L
C04DDB,C-GDMO,H269,HUGHES Sky Knight,H1P,L
C04EDB,C-GDWK,ULAC,,L0-,-
C04FDB,C-GEGG,C172,CESSNA 172 Skyhawk,L1P,L
C050DB,C-GEQC,,,,
C051DB,C-GEZY,A321,AIRBUS A-321,L2J,M
C052DB,C-GFJU,C180,CESSNA  180 Skywagon,L1P,L
C054DB,C-GGDM,C180,CESSNA  180 Skywagon,L1P,L
C055DB,C-GGNI,CUB2,ACES HIGH Cuby 2,L1P,L
C056DB,C-GGXE,PA22,PIPER PA-22,L1P,L
C057DB,C-GHHA,DHC6,DE HAVILLAND DHC-6 Twin Otter,L2T,L
C058DB,C-GHQW,B06,BELL 206 JetRanger,H1T,L
C059DB,C-GIAS,C303,CESSNA T303 Crusader,L2P,L
C05ADB,C-GIKO,C172,CESSNA 172 Skyhawk,L1P,L
C05BDB,C-GIUK,P28A,PIPER PA-28-140/150/160/180,L1P,L
C05CDB,C-GJEG,P28S,PIPER PA-28R-201T,L1P,L
C05EDB,C-GJXY,BCS3,AIRBUS A220-300,L2J,M
C05FDB,C-GKHU,GLID,,L0-,-
C060DB,C-GKRQ,R44,ROBINSON R-44 Raven,H1P,L
C061DB,C-GLBM,,,,
C064DB,C-GMFA,,,,
C065DB,C-GMOW,C208,CESSNA 208 Caravan,L1T,L
C066DB,C-GMYS,C182,CESSNA 182 Skylane,L1P,L
C067DB,C-GNIO,BE23,BEECH 23 Sundowner,L1P,L
C068DB,C-GNSK,GLST,GLASAIR SH-4 GlaStar,L1P,L
C069DB,C-GOCG,P28A,PIPER PA-28-140/150/160/180,L1P,L
C06ADB,C-GOMC,CH7A,BELLANCA 7 Champion,L1P,L
C06BDB,C-GOVY,GL7T,BOMBARDIER BD-700 Global 7000/7500,L2J,M
C06EDB,C-GPZM,DV20,DIAMOND DA-20,L1P,L
C06FDB,C-GQJI,C182,CESSNA 182 Skylane,L1P,L
C071DB,C-GRDA,C150,CESSNA 150,L1P,L
C073DB,C-GRWS,B737,BOEING 737-700,L2J,M
C074DB,C-GSGO,CAMP,GREGA GN-1 Aircamper,L1P,L
C075DB,C-GSQK,B429,BELL 429 GlobalRanger,H2T,L
C076DB,C-GTAG,DH8C,DE HAVILLAND DHC-8-300 Dash 8,L2T,M
C077DB,C-GTKC,P32R,PIPER PA-32R-300/301/301T,L1P,L
C078DB,C-GTTY,RBEL,MURPHY Rebel,L1P,L
C079DB,C-GUDU,C180,CESSNA  180 Skywagon,L1P,L
C07CDB,C-GVHI,AS50,AEROSPATIALE AS-350 Ecureuil,H1T,L
C07DDB,C-GVRE,T210,CESSNA T210 Turbo Centurion,L1P,L
C07EDB,C-GWBA,,,,
C07FDB,C-GWKW,FA7X,DASSAULT Falcon 7X,L3J,M
C080DB,C-GWUS,BCS3,AIRBUS A220-300,L2J,M
C081DB,C-GXEO,C177,CESSNA  177 Cardinal,L1P,L
C082DB,C-GXOK,BE23,BEECH 23 Sundowner,L1P,L
C086DB,C-GZBU,,,,
C088DB,C-GZVM,L188,LOCKHEED L-188 Electra,L4T,M
C089DB,C-IAFI,ULAC,,L0-,-
C08ADB,C-IAPE,ULAC,,L0-,-
C08CDB,C-IBIW,BEVR,ASAP Beaver,L1P,L
C08DDB,C-IBSS,,,,
C08EDB,C-ICCO,ULAC,,L0-,-
C08FDB,C-ICMK,ULAC,,L0-,-
C090DB,C-ICWG,,,,
C091DB,C-IDGC,ULAC,,L0-,-
C092DB,C-IDPY,PELI,FLYER Pelican,L1P,L
C093DB,C-IDZU,,,,
C094DB,C-IEJQ,ULAC,,L0-,-
C095DB,C-IETM,BEVR,ASAP Beaver,L1P,L
C096DB,C-IFDI,PARA,,P0-,-
C097DB,C-IFNE,ZZZZ,,-0-,-
C098DB,C-IFXA,CH60,ZENAIR CH-600 Zodiac,L1P,L
C099DB,C-IGGW,BEVR,ASAP Beaver,L1P,L
C09ADB,C-IGQS,ULAC,,L0-,-
C09BDB,C-IHAO,CHIN,ASAP Chinook,L1P,L
C09CDB,C-IHKK,ULAC,,L0-,-
C09DDB,C-IHUG,ULAC,,L0-,-
C09FDB,C-IINY,PARA,,P0-,-
C0A0DB,C-IIXU,BEVR,ASAP Beaver,L1P,L
C0A3DB,C-IKBI,ULAC,,L0-,-
C0A4DB,C-IKLE,ULAC,,L0-,-
C0A5DB,C-IKVA,,,,
C0A6DB,C-ILEW,PARA,,P0-,-
C0A7DB,C-ILOS,PARA,,P0-,-
C0A8DB,C-ILYO,,,,
C0A9DB,C-IMIK,,,,
C0ADDB,C-INVU,ULAC,,L0-,-
C0B0DB,C-IOZI,JABI,Jabiru J120,L1P,L
C1E4DB,SERV,SERV,,V0-,-
C1E9DB,SERV,SERV,,V0-,-
C2B4DB,148823,S92,SIKORSKY S-92 Helibus,H2T,M
C800DB,ZK-BLE,PA22,PIPER PA-22,L1P,L
C801DB,ZK-COG,PA18,PIPER PA-18 Super Cub,L1P,L
C802DB,ZK-ZZC,C172,CESSNA 172 Skyhawk,L1P,L
C80EDB,ZK-GKR,GLID,,L0-,-
C80FDB,ZK-GUN,GLID,,L0-,-
C812DB,ZK-NEV,PZ04,PZL-OKECIE PZL-104 Wilga,L1P,L
C816DB,ZK-MBI,PA34,PIPER PA-34 Seneca,L2P,L
C818DB,ZK-NEC,DH8C,DE HAVILLAND DHC-8-300 Dash 8,L2T,M
C819DB,ZK-HZK,H500,HUGHES 500,H1T,L
C81BDB,ZK-OFF,COY2,RANS Coyote 2,L1P,L
C81CDB,ZK-TAD,C172,CESSNA 172 Skyhawk,L1P,L
C81DDB,ZK-DES,RV7,VANS RV-7,L1P,L
C81EDB,ZK-FKR,D7,FOKKER D-7 Replica,L1P,L
C820DB,ZK-IND,B06,BELL 206 JetRanger,H1T,L
C821DB,ZK-IKU,R44,ROBINSON R-44 Raven,H1P,L
C822DB,ZK-GSI,S10S,STEMME S-10 Chrysalis,L1P,L
C823DB,ZK-YGL,CJ1,CORBY CJ-1 Starlet,L1P,L
C828DB,ZK-TOT,P208,TECNAM P-2008,L1P,L
C829DB,ZK-RGE,ECHO,TECNAM P-92 Echo,L1P,L
E480DB,PR-GGK,B738,BOEING 737-800,L2J,M
E483DB,PT-ALA,A109,AGUSTA AW-109 Grand,H2T,L
E484DB,PR-JGS,BE58,BEECH 58 Baron,L2P,L
E48ADB,PR-FCX,C206,CESSNA  206 Stationair,L1P,L
E491DB,PR-AKC,AT76,ATR-72-600,L2T,M
E494DB,PR-SKD,C172,CESSNA 172 Skyhawk,L1P,L
E495DB,PR-XBF,A20N,AIRBUS A-320neo,L2J,M
