0080DC,ZS-ALO,E135,EMBRAER ERJ-135,L2J,M
0086DC,ZS-COX,DHC1,DE HAVILLAND DHC-1 Chipmunk,L1P,L
0092DC,ZS-HDB,R44,ROBINSON R-44 Raven,H1P,L
0095DC,ZS-IGP,LJ35,LEARJET 35,L2J,M
009DDC,ZS-LHJ,C210,CESSNA 201 Centurion,L1P,L
00C8DC,ZU-IIS,RV14,VANS RV-14,L1P,L
0100DC,SU-GCN,B738,BOEING 737-800,L2J,M
0101DC,SU-GES,B789,BOEING 787-9 Dreamliner,L2J,H
04C1DC,5Y-JWF,F70,FOKKER 70,L2J,M
0640DC,5N-BKU,DH8D,DE HAVILLAND DHC-8-400 Dash 8,L2T,M
06A0DC,A7-BAS,B77W,BOEING 777-300ER,L2J,H
06A2DC,A7-ZZZ,DA40,DIAMOND DA-40 Club Star,L1P,L
08A0DC,9J-TST,E145,EMBRAER ERJ-145,L2J,M
08CEDC,9S-ASB,A321,AIRBUS A-321,L2J,M
0900DC,D2-EAH,BE40,BEECH 400 Beechjet,L2J,M
0AC7DC,FAC4475,B06,BELL 206 JetRanger,H1T,L
0AC8DC,FAC1952,ARVA,IAI 102/202 Arava,L2T,L
0AC9DC,HK-5357,B734,BOEING 737-400,L2J,M
0C20DC,HP-9901CMP,B39M,BOEING 737 MAX 9,L2J,M
0D02DC,XB-FFF,LJ31,LEARJET 31,L2J,M
0D06DC,XA-TAT,DHC6,DE HAVILLAND DHC-6 Twin Otter,L2T,L
0D07DC,6612,TEX2,BEECHCRAFT T-6 Texan 2,L1T,L
0D09DC,XA-CRM,A320,AIRBUS A-320,L2J,M
0D0BDC,XC-LLW,UH1,BELL UH-1 Huey,H1T,L
0D80DC,YV1776,C551,CESSNA 551 Citation 2SP,L2J,L
0D82DC,YV3343,LJ55,LEARJET 55,L2J,M
1059DC,TWR,TWR,,T0-,-
1427DC,RA-10204,GLF6,GULFSTREAM G650,L2J,M
14F1DC,RA-61916,I103,ILYUSHIN Il-103,L1P,L
151DDC,RA-73180,A320,AIRBUS A-320,L2J,M
151EDC,RA-73436,A321,AIRBUS A-321,L2J,M
151FDC,RA-73692,A320,AIRBUS A-320,L2J,M
155BDC,RA-89052,SU95,SUKHOI Superjet 100-95,L2J,M
15C0DC,RA-0220G,,,,
1805DC,RA-1500G,COL4,CESSNA 400 Corvalis TT,L1P,L
3000DC,I-SMEP,MD82,MCDONNELL-DOUGLAS MD-82,L2J,M
3003DC,I-AGGR,A109,AGUSTA AW-109 Grand,H2T,L
3007DC,I-IPHB,PA34,PIPER PA-34 Seneca,L2P,L
3008DC,I-AWVL,A169,AGUSTA AW-169,H2T,L
33FDDC,MM55144,M346,AERMACCHI M-346 Master,L2J,M
380BDC,F-JXPU,SKRA,BEST OFF Sky Ranger,L1P,L
3810DC,F-JEZZ,ECHO,TECNAM P-92 Echo,L1P,L
3816DC,F-JRXD,ULAC,,L0-,-
381BDC,F-JTMM,SVNH,AEROTEC Savannah,L1P,L
381DDC,F-JEQA,ULAC,,L0-,-
381FDC,F-JUAS,ULAC,,L0-,-
3821DC,F-JUJN,PNR2,ALPI Pioneer 200,L1P,L
382CDC,F-JVQV,ULAC,,L0-,-
382FDC,F-JWCZ,ULAC,,L0-,-
3833DC,F-JUVH,VL3,AVEKO Flamingo,L1P,L
383BDC,F-JBAB,G1,G1 AVIATION G-1,L1P,L
383CDC,F-JBIU,VL3,AVEKO Flamingo,L1P,L
383DDC,F-JROD,NNJA,BEST OFF Nynja,L1P,L
3840DC,F-JCEQ,ULAC,,L0-,-
3841DC,74AJN,ECHO,TECNAM P-92 Echo,L1P,L
3845DC,F-JDEV,ULAC,,L0-,-
3846DC,F-JDHR,SD4,TOMARK Viper,L1P,L
3847DC,F-JPBU,ULAC,,L0-,-
384ADC,F-JDPA,ULAC,,L0-,-
384BDC,F-JCFK,ULAC,,L0-,-
384CDC,F-JBST,ELSP,A2 CZ Ellipse Spirit,L1P,L
384DDC,F-JDUV,ULAC,,L0-,-
384FDC,F-JEWB,SIRA,TECNAM P-2002 Sierra,L1P,L
3850DC,F-JEHI,TEXA,FLY SYNTHESIS Texan,L1P,L
3852DC,F-JUGI,ULAC,,L0-,-
3859DC,F-JHGB,ULAC,,L0-,-
3861DC,F-JIZH,ULAC,,L0-,-
3865DC,F-JHHF,WT9,AEROSPOOL WT-9 Dynamic,L1P,L
3866DC,F-JDXF,ULAC,,L0-,-
3867DC,F-JIRZ,ULAC,,L0-,-
3883DC,F-JZRR,J300,ALMS J-300 Joker,L1P,L
3887DC,F-JYKM,FDCT,FLIGHT DESIGN CT,L1P,L
388FDC,F-JFLB,ULAC,,L0-,-
3895DC,59CPL,MCR1,COLOMBAN Ban-Bi,L1P,L
389ADC,80YB,GUEP,AERO SERVICE Super Guepard,L1P,L
389BDC,F-JGUN,ULAC,,L0-,-
389CDC,F-JHEE,ULAC,,L0-,-
38A0DC,F-JBCK,ULAC,,L0-,-
38A1DC,95AAN,VL3,AVEKO Flamingo,L1P,L
38A5DC,F-JILS,G70,GROPPO G-70,L1P,L
38AADC,F-JGEK,ULAC,,L0-,-
38B0DC,F-JTND,FDCT,FLIGHT DESIGN CT,L1P,L
38B1DC,F-JFXC,ULAC,,L0-,-
38B2DC,F-JZGG,ULAC,,L0-,-
38B3DC,F-JROU,SKRA,BEST OFF Sky Ranger,L1P,L
38B7DC,F-JUMQ,VL3,AVEKO Flamingo,L1P,L
38B9DC,49RZ,EV97,EVEKTRO EV-97 EuroStar,L1P,L
38BADC,F-JGVE,ULAC,,L0-,-
38C5DC,F-JVXQ,VL3,AVEKO Flamingo,L1P,L
38C6DC,F-JVYU,MM24,MAGNI M-24 Orion,G1P,L
38C8DC,F-JZNQ,VL3,AVEKO Flamingo,L1P,L
38C9DC,F-JRFB,VL3,AVEKO Flamingo,L1P,L
38CDDC,F-JVLX,ULAC,,L0-,-
38CFDC,F-JADH,ULAC,,L0-,-
38D7DC,F-JBGS,VL3,AVEKO Flamingo,L1P,L
38DADC,F-JBXO,VL3,AVEKO Flamingo,L1P,L
38DCDC,F-JCFO,ULAC,,L0-,-
38E1DC,F-JRZE,ULAC,,L0-,-
38E6DC,F-JPSH,GUEP,AERO SERVICE Super Guepard,L1P,L
38EADC,F-JFHA,G1,G1 AVIATION G-1,L1P,L
38EBDC,F-JTIJ,SIRA,TECNAM P-2002 Sierra,L1P,L
38ECDC,F-JFMC,ULAC,,L0-,-
38F0DC,F-JECN,FK14,B&F TECHNIK FK-14 Polaris,L1P,L
38F3DC,F-JSYC,ULAC,,L0-,-
38F7DC,F-JHST,VL3,AVEKO Flamingo,L1P,L
38FADC,F-JIPA,DV1,DOVA Skylark,L1P,L
38FCDC,F-JIXV,VL3,AVEKO Flamingo,L1P,L
38FEDC,F-JJCR,ULAC,,L0-,-
3904DC,F-JGTJ,ULAC,,L0-,-
3905DC,F-JYRC,MCR1,COLOMBAN Ban-Bi,L1P,L
3906DC,F-JDNN,BRAV,TECNAM P-2004 Bravo,L1P,L
3908DC,F-JHGU,WT9,AEROSPOOL WT-9 Dynamic,L1P,L
390BDC,F-JXSE,C42,IKARUS C-42 Bison,L1P,L
390CDC,F-JHKL,ULAC,,L0-,-
3914DC,F-JGCB,ULAC,,L0-,-
3917DC,F-JWXI,EV97,EVEKTRO EV-97 EuroStar,L1P,L
391ADC,F-JIHB,ULAC,,L0-,-
391CDC,F-JIIN,NG5,BRM AERO NG-5/6 Bristell,L1P,L
3923DC,F-JSWT,COY2,RANS Coyote 2,L1P,L
3924DC,F-JIQW,ULAC,,L0-,-
3926DC,F-JTDN,ULAC,,L0-,-
3930DC,F-JRZO,PITA,PIPSTREL Taurus 503,L1P,L
3931DC,F-JUCK,PIAT,PIPISTREL Alpha Trainer,L1P,L
3935DC,21AIF,MCR4,DYNAERO MCR-2/4,L1P,L
393ADC,F-JTNY,ULAC,,L0-,-
393BDC,F-JYLT,TTRS,HUMBERT Tetras,L1P,L
393FDC,F-JAKB,ULAC,,L0-,-
3942DC,F-JYAC,NG5,BRM AERO NG-5/6 Bristell,L1P,L
3944DC,F-JVNI,SVNH,AEROTEC Savannah,L1P,L
3948DC,F-JRUT,ULAC,,L0-,-
394ADC,F-JTJR,ULAC,,L0-,-
394BDC,F-JUVP,ULAC,,L0-,-
394CDC,F-JUIM,VL3,AVEKO Flamingo,L1P,L
394DDC,08NJ,SVNH,AEROTEC Savannah,L1P,L
3952DC,F-JAEM,ULAC,,L0-,-
3954DC,F-JAKG,WT9,AEROSPOOL WT-9 Dynamic,L1P,L
3955DC,F-JANQ,ULAC,,L0-,-
3956DC,F-JAJE,ULAC,,L0-,-
395CDC,F-JBDM,ULAC,,L0-,-
3960DC,F-JBWM,CH65,ZENAIR CH-650 Zodiac,L1P,L
3962DC,F-JCEN,FK14,B&F TECHNIK FK-14 Polaris,L1P,L
3964DC,F-JROC,ULAC,,L0-,-
3965DC,F-JCOU,PIAT,PIPISTREL Alpha Trainer,L1P,L
3966DC,F-JCUC,ULAC,,L0-,-
396CDC,F-JDOE,FDCT,FLIGHT DESIGN CT,L1P,L
396DDC,F-JDQP,PITA,PIPSTREL Taurus 503,L1P,L
3974DC,F-JDZZ,ULAC,,L0-,-
3976DC,F-JFAN,ULAC,,L0-,-
397ADC,F-JGBW,ULAC,,L0-,-
397EDC,F-JGKK,ULAC,,L0-,-
397FDC,F-JGLY,ULAC,,L0-,-
3987DC,F-JXXD,ULAC,,L0-,-
3988DC,F-JWBH,EV97,EVEKTRO EV-97 EuroStar,L1P,L
398CDC,F-JWBE,ULAC,,L0-,-
398EDC,44APX,VL3,AVEKO Flamingo,L1P,L
399DDC,F-JSKF,WT9,AEROSPOOL WT-9 Dynamic,L1P,L
39A4DC,F-JSWV,PNR3,ALPI Pioneer 330,L1P,L
39BFDC,F-JVDX,PIVI,PIPSTREL Virus,L1P,L
39C3DC,F-JVLG,NG5,BRM AERO NG-5/6 Bristell,L1P,L
39C5DC,F-JVOD,ULAC,,L0-,-
39CFDC,F-JUCW,WT9,AEROSPOOL WT-9 Dynamic,L1P,L
39D2DC,F-JRGK,ULAC,,L0-,-
39D4DC,F-JAHT,ULAC,,L0-,-
39D6DC,F-JANK,ULAC,,L0-,-
39D9DC,F-JAXH,NG5,BRM AERO NG-5/6 Bristell,L1P,L
39DBDC,F-JBGO,NG5,BRM AERO NG-5/6 Bristell,L1P,L
39DCDC,F-JBJU,WT9,AEROSPOOL WT-9 Dynamic,L1P,L
39E1DC,F-JCBK,VL3,AVEKO Flamingo,L1P,L
39E9DC,F-JDGC,PIVI,PIPSTREL Virus,L1P,L
39ECDC,F-JDKW,NG5,BRM AERO NG-5/6 Bristell,L1P,L
39F1DC,F-JDUW,ULAC,,L0-,-
39F2DC,F-JDXI,VL3,AVEKO Flamingo,L1P,L
39F3DC,F-JDZK,ULAC,,L0-,-
39F5DC,F-JEGW,NG5,BRM AERO NG-5/6 Bristell,L1P,L
3A00DC,F-JZSI,FDCT,FLIGHT DESIGN CT,L1P,L
3A05DC,F-JWGW,WT9,AEROSPOOL WT-9 Dynamic,L1P,L
3A10DC,32ES,FK14,B&F TECHNIK FK-14 Polaris,L1P,L
3A12DC,F-JUAD,FK14,B&F TECHNIK FK-14 Polaris,L1P,L
3A14DC,F-JUQH,ULAC,,L0-,-
3A15DC,F-JWHO,ULAC,,L0-,-
3A1CDC,F-JSDT,ULAC,,L0-,-
3A1EDC,F-JAUM,C42,IKARUS C-42 Bison,L1P,L
3A21DC,F-JVDR,NNJA,BEST OFF Nynja,L1P,L
3A23DC,F-JUTJ,ULAC,,L0-,-
3A24DC,F-JBYM,ULAC,,L0-,-
3A26DC,01KM,COY2,RANS Coyote 2,L1P,L
3A2ADC,F-JCWJ,GLID,,L0-,-
3A2EDC,F-JDFB,ULAC,,L0-,-
3A2FDC,F-JDSP,ULAC,,L0-,-
3A30DC,F-JDLH,ULAC,,L0-,-
3A31DC,F-JFAG,ULAC,,L0-,-
3A32DC,F-JFMY,FDCT,FLIGHT DESIGN CT,L1P,L
3A35DC,F-JGGP,ULAC,,L0-,-
3A36DC,F-JEFX,ULAC,,L0-,-
3AAADC,F-MCGX,AS32,AEROSPATIALE AS-332 Super Puma,H2T,M
3B77DC,202,E3CF,BOEING E-3 Sentry (CFM56),L4J,H
3B9BDC,11,ATLA,BREGUET Atlantic,L2T,M
3C17DC,D-AYAX,A21N,AIRBUS A-321neo,L2J,M
3C1CDC,D-AZYD,A21N,AIRBUS A-321neo,L2J,M
3CE8DC,D-CPMI,C56X,CESSNA 560XL Citation XLS,L2J,M
3CF0DC,D-CSNC,D328,DORNIER 328,L2T,M
3D04DC,D-EACA,SUBA,FUJI FA-200 Aero Subaru,L1P,L
3D06DC,D-EAVS,DR30,CENTRE EST Prince,L1P,L
3D0ADC,D-ECJC,C172,CESSNA 172 Skyhawk,L1P,L
3D0BDC,D-ECSY,C210,CESSNA 201 Centurion,L1P,L
3D0EDC,D-EDWM,C172,CESSNA 172 Skyhawk,L1P,L
3D0FDC,D-EEGI,P28A,PIPER PA-28-140/150/160/180,L1P,L
3D13DC,D-EFTS,DR10,CENTRE EST Ambassadeur,L1P,L
3D14DC,D-EGDO,C172,CESSNA 172 Skyhawk,L1P,L
3D15DC,D-EGNK,RALL,SOCATA Rallye,L1P,L
3D17DC,D-EHHC,SUBA,FUJI FA-200 Aero Subaru,L1P,L
3D20DC,D-EKRS,T210,CESSNA T210 Turbo Centurion,L1P,L
3D21DC,D-ELBO,P28B,PIPER PA-28-201T/235/236,L1P,L
3D22DC,D-ELLK,P28A,PIPER PA-28-140/150/160/180,L1P,L
3D23DC,D-ELVG,DR40,ROBIN DR-400,L1P,L
3D24DC,D-EMFC,DV20,DIAMOND DA-20,L1P,L
3D25DC,D-EMOY,P28A,PIPER PA-28-140/150/160/180,L1P,L
3D28DC,D-ENSM,A210,AQUILA A-210,L1P,L
3D2ADC,D-EOME,C172,CESSNA 172 Skyhawk,L1P,L
3D36DC,D-ETAI,P28T,PIPER PA-28RT-201,L1P,L
3D37DC,D-ETKE,C172,CESSNA 172 Skyhawk,L1P,L
3D38DC,D-ETUA,C206,CESSNA  206 Stationair,L1P,L
3D3EDC,D-EWBC,C82R,CESSNA R182 Skylane RG,L1P,L
3D3FDC,D-EWKY,RV7,VANS RV-7,L1P,L
3D47DC,D-EZLS,DV20,DIAMOND DA-20,L1P,L
3D4FDC,D-FCMM,TBM9,SOCATA TBM-900/910/930/940,L1T,L
3DA0DC,D-GHEA,P68,PARTENAVIA P-68 Observer,L2P,L
3DDDDC,D-HEGQ,AS32,AEROSPATIALE AS-332 Super Puma,H2T,M
3E17DC,D-IAFS,BE55,BEECH 55 Baron,L2P,L
3E1ADC,D-IBJG,BE9L,BEECH 90 King Air,L2T,L
3E1BDC,D-IBTC,C25A,CESSNA 525A Citation CJ2,L2J,L
3E5DDC,D-KASY,SF25,SCHEIBE SF-25 Falke,L1P,L
3E63DC,D-KDAA,GLID,,L0-,-
3E65DC,D-KDTS,GLID,,L0-,-
3E6FDC,D-KHOE,DIMO,DIAMOND H-36 Dimona,L1P,L
3E71DC,D-KIHW,GLID,,L0-,-
3E73DC,D-KJBO,AS29,SCHLEICHER ASG-29,L1P,L
3E7ADC,D-KLSM,GLID,,L0-,-
3E7DDC,D-KMWA,VENT,SCHEMPP-HIRTH Ventus,L1P,L
3E95DC,74+55,TIGR,AIRBUS HELICOPTERS EC-665 Tiger,H2T,L
3ECBDC,D-KSDW,DISC,SCHEMPP-HIRTH Discus,L1P,L
3ED2DC,D-KUUU,VENT,SCHEMPP-HIRTH Ventus,L1P,L
3ED9DC,D-KXLS,GLID,,L0-,-
3EE8DC,D-2117,GLID,,L0-,-
3EEDDC,D-3397,GLID,,L0-,-
3EF7DC,D-5957,LK17,SPORTINE AVIACIJA LAK-17AT,L1P,L
3F38DC,D-OHLC,BALL,,B0-,-
3F86DC,79+61,NH90,NHI NH-90,H2T,M
3FC0DC,D-OKLW,BALL,,B0-,-
3FEADC,D-MRAY,C42,IKARUS C-42 Bison,L1P,L
3FEBDC,D-MELI,C42,IKARUS C-42 Bison,L1P,L
3FEDDC,D-MBWL,EV97,EVEKTRO EV-97 EuroStar,L1P,L
3FEFDC,D-MULZ,C42,IKARUS C-42 Bison,L1P,L
3FF0DC,D-MSFA,FK14,B&F TECHNIK FK-14 Polaris,L1P,L
3FF1DC,D-MKSJ,DV1,DOVA Skylark,L1P,L
3FF2DC,D-MSOI,SKRA,BEST OFF Sky Ranger,L1P,L
3FF3DC,D-MLBV,GYRO,,G0-,-
3FF4DC,D-MMZD,WT9,AEROSPOOL WT-9 Dynamic,L1P,L
3FF5DC,D-MPDV,WT9,AEROSPOOL WT-9 Dynamic,L1P,L
4007DC,G-SAJK,E145,EMBRAER ERJ-145,L2J,M
4009DC,G-CBUB,B412,BELL 412,H2T,L
400CDC,G-LARE,PA30,PIPER PA-30 Twin Comanche,L2P,L
400EDC,G-BYUY,G115,GROB G-115,L1P,L
4010DC,G-EUXL,A321,AIRBUS A-321,L2J,M
4011DC,G-PPLL,RV7,VANS RV-7,L1P,L
4012DC,G-IDEB,AS55,AEROSPATIALE AS-355 Ecureuil 2,H2T,L
4013DC,G-AFWH,J4,PIPER J-4 Cub Coupe,L1P,L
4014DC,G-APCC,DH82,DE HAVILLAND DH-82 Tiger Moth,L1P,L
4015DC,G-ASNC,D5,AUSTER D-5,L1P,L
4016DC,G-AVHH,C172,CESSNA 172 Skyhawk,L1P,L
4018DC,G-AYPE,B209,MBB BO-209 Monsun,L1P,L
401ADC,G-BBKA,C150,CESSNA 150,L1P,L
401EDC,G-BIDK,PA18,PIPER PA-18 Super Cub,L1P,L
4020DC,G-MABE,C150,CESSNA 150,L1P,L
4028DC,G-BNKP,C152,CESSNA 152,L1P,L
402DDC,G-BPRI,AS55,AEROSPATIALE AS-355 Ecureuil 2,H2T,L
402EDC,G-BXLY,P28A,PIPER PA-28-140/150/160/180,L1P,L
403DDC,G-BXIM,DHC1,DE HAVILLAND DHC-1 Chipmunk,L1P,L
4042DC,G-IANH,TOBA,SOCATA Tobago,L1P,L
4043DC,G-JUST,BE33,BEECH 33 Bonanza,L1P,L
4045DC,G-RKEL,B06,BELL 206 JetRanger,H1T,L
4047DC,G-CBUZ,ULAC,,L0-,-
4048DC,G-CCBG,SKRA,BEST OFF Sky Ranger,L1P,L
4049DC,G-MHGS,GLST,GLASAIR SH-4 GlaStar,L1P,L
404ADC,G-CCOU,ULAC,,L0-,-
404CDC,G-TWOO,E200,EXTRA EA-200,L1P,L
404FDC,G-PROS,RV7,VANS RV-7,L1P,L
4050DC,G-CEGU,P28A,PIPER PA-28-140/150/160/180,L1P,L
4052DC,G-CFCB,GLID,,L0-,-
4053DC,G-LSED,GLID,,L0-,-
4054DC,G-DESU,GLID,,L0-,-
405FDC,G-IMEL,RAF2,ROTARY AIR FORCE RAF-2000,G1P,L
4060DC,G-CGKM,G115,GROB G-115,L1P,L
4062DC,G-CGJS,CRUZ,CSA PS-28 Cruiser,L1P,L
4063DC,G-CGOJ,D11,JODEL D-11x/12x,L1P,L
4065DC,G-CGYB,EV97,EVEKTRO EV-97 EuroStar,L1P,L
4069DC,G-CICC,C152,CESSNA 152,L1P,L
406CDC,G-SASS,EC45,AIRBUS HELICOPTERS EC-145,H2T,L
406DDC,G-MCGK,S92,SIKORSKY S-92 Helibus,H2T,M
406EDC,G-GOPR,BALL,,B0-,-
406FDC,G-CIWL,ULAC,,L0-,-
4070DC,G-ERBE,C10T,CESSNA P210 Turbine,L1T,L
4072DC,G-DRTB,B738,BOEING 737-800,L2J,M
4073DC,G-HAMW,EFOX,AEROPRO Eurofox,L1P,L
4074DC,G-MDME,DA62,DIAMOND DA-62,L2P,L
4076DC,G-DSUE,EFOX,AEROPRO Eurofox,L1P,L
4077DC,G-GGEM,P28A,PIPER PA-28-140/150/160/180,L1P,L
407ADC,G-FXFX,E550,EMBRAER EMB-550 Praetor 600,L2J,M
407BDC,G-RUKB,B738,BOEING 737-800,L2J,M
4241DC,VP-CUP,CL60,BOMBARDIER CL-600 Challenger,L2J,M
4243DC,VQ-BTL,A20N,AIRBUS A-320neo,L2J,M
4249DC,VQ-BKS,A320,AIRBUS A-320,L2J,M
424BDC,M-CUZU,F900,DASSAULT Falcon 900,L3J,M
43C4DC,ZH891,H47,BOEING-VERTOL CH-47 Chinook,H2T,M
43C5DC,ZM402,A400,AIRBUS A-400M,L4T,H
43C6DC,ZK329,EUFI,EUROFIGHTER 2000,L2J,M
43C7DC,ZZ101,EH10,AGUSTA WESTLAND EH-101 Merlin,H3T,M
43C8DC,ZM502,EC45,AIRBUS HELICOPTERS EC-145,H2T,L
43EADC,M-RENT,C25M,CESSNA 525 Citation M2,L2J,L
4400DC,OE-FRD,PA34,PIPER PA-34 Seneca,L2P,L
4401DC,OE-IZQ,A320,AIRBUS A-320,L2J,M
4403DC,OE-FMJ,C25A,CESSNA 525A Citation CJ2,L2J,L
4406DC,OE-DSA,C182,CESSNA 182 Skylane,L1P,L
4407DC,OE-DTI,DR40,ROBIN DR-400,L1P,L
4408DC,OE-AEE,DV20,DIAMOND DA-20,L1P,L
440BDC,OE-XHM,EC35,AIRBUS HELICOPTERS EC-135/635,H2T,L
440CDC,OE-LTC,DH8C,DE HAVILLAND DHC-8-300 Dash 8,L2T,M
44A3DC,OO-H32,FK14,B&F TECHNIK FK-14 Polaris,L1P,L
4520DC,LZ-GNK,B738,BOEING 737-800,L2J,M
4609DC,OH-DTC,DA42,DIAMOND DA-42 Guardian,L2P,L
47B1DC,LN-FNB,B789,BOEING 787-9 Dreamliner,L2J,H
47B5DC,LN-FBI,C206,CESSNA  206 Stationair,L1P,L
4843DC,PH-TIM,DR40,ROBIN DR-400,L1P,L
4845DC,PH-RLD,SB91,SAAB 91 Safir,L1P,L
4847DC,PH-1241,GLID,,L0-,-
4848DC,PH-643,GLID,,L0-,-
4849DC,PH-932,GLID,,L0-,-
484ADC,PH-HOI,S11,FOKKER S-11 Instructor,L1P,L
484BDC,PH-GLT,G2T1,GREAT LAKES 2T-1,L1P,L
484CDC,PH-4F7,TL20,TL ULTRALIGHT TL-2000 Sting,L1P,L
484EDC,PH-1450,GLID,,L0-,-
4850DC,PH-1540,GLID,,L0-,-
4851DC,PH-1555,ARCP,SCHEMPP-HIRTH Arcus M,L1P,L
4853DC,PH-1SD,ZZZZ,,-0-,-
4854DC,PH-1US,ZZZZ,,-0-,-
4855DC,PH-1TB,ZZZZ,,-0-,-
4856DC,PH-4Q5,ECHO,TECNAM P-92 Echo,L1P,L
485BDC,PH-FSD,C208,CESSNA 208 Caravan,L1T,L
4861DC,PH-4U7,GYRO,,G0-,-
4863DC,PH-NXD,E295,EMBRAER ERJ-190-400,L2J,M
49C0DC,OK-TAU65,WT9,AEROSPOOL WT-9 Dynamic,L1P,L
49C1DC,OK-XUA64,VL3,AVEKO Flamingo,L1P,L
49D0DC,OK-LNA,Z42,ZLIN Z-42/142/242,L1P,L
49D3DC,OK-IQB,DA62,DIAMOND DA-62,L2P,L
49D4DC,OK-TKJ,PC12,PILATUS PC-12,L1T,L
4B03DC,HB-BMA,BALL,,B0-,-
4B09DC,HB-DTC,DA50,DIAMOND DA-50 Magnum,L1P,L
4B0CDC,HB-EWQ,F260,AERMACCHI SF-260,L1P,L
4B0EDC,HB-FQI,PC12,PILATUS PC-12,L1T,L
4B14DC,HB-HXK,PC21,PILATUS PC-21,L1T,L
4B1BDC,HB-KOI,CH7B,BELLANCA 7 Citabria,L1P,L
4B23DC,HB-NPC,PIVI,PIPSTREL Virus,L1P,L
4B27DC,HB-PCM,PA18,PIPER PA-18 Super Cub,L1P,L
4B28DC,HB-PMI,P28A,PIPER PA-28-140/150/160/180,L1P,L
4B2BDC,HB-QPW,BALL,,B0-,-
4B2CDC,HB-QZS,BALL,,B0-,-
4B36DC,HB-UUE,BU31,BUCKER Bu-131 Jungmann,L1P,L
4B42DC,HB-ZII,R44,ROBINSON R-44 Raven,H1P,L
4B43DC,HB-ZSE,AS50,AEROSPATIALE AS-350 Ecureuil,H1T,L
4B4ADC,HB-1589,GLID,,L0-,-
4B4BDC,HB-1845,GLID,,L0-,-
4B4CDC,HB-2101,DG40,DG FLUGZEUGBAU DG-400,L1P,L
4B51DC,HB-3381,GLID,,L0-,-
4B7FDC,T-337,AS32,AEROSPATIALE AS-332 Super Puma,H2T,M
4B82DC,J-001,C680,CESSNA 680 Citation Sovereign,L2J,M
4CA1DC,EI-DBK,B772,BOEING 777-200,L2J,H
4CA4DC,EI-FLS,C42,IKARUS C-42 Bison,L1P,L
4CA7DC,EI-EHM,KR2,RAND KR-2,L1P,L
4CA8DC,EI-IKL,A320,AIRBUS A-320,L2J,M
4CC0DC,TF-BBH,B734,BOEING 737-400,L2J,M
4D02DC,LX-FLI,PC12,PILATUS PC-12,L1T,L
4D21DC,9H-NEC,A20N,AIRBUS A-320neo,L2J,M
4D23DC,9H-VCQ,CL35,BOMBARDIER BD-100 Challenger 350,L2J,M
5001DC,T7-ME4,A21N,AIRBUS A-321neo,L2J,M
502CDC,YL-EVA,P208,TECNAM P-2008,L1P,L
503CDC,LY-FTP,SIRA,TECNAM P-2002 Sierra,L1P,L
503FDC,43 BLUE,AS65,AEROSPATIALE AS-365 Dauphin 2,H2T,L
506CDC,S5-CMS,C510,CESSNA 510 Citation Mustang,L2J,L
506DDC,S5-DHW,BE36,BEECH 36 Bonanza,L1P,L
506EDC,S5-PEZ,PIVI,PIPSTREL Virus,L1P,L
6010DC,EX-2202,BCS3,AIRBUS A220-300,L2J,M
70C0DC,A4O-SY,B788,BOEING 787-8 Dreamliner,L2J,H
7102DC,482,C130,LOCKHEED C-130 Hercules,L4T,M
7103DC,HZ-AS60,A320,AIRBUS A-320,L2J,M
7394DC,4X-CGL,C172,CESSNA 172 Skyhawk,L1P,L
7502DC,9M-LMF,AT76,ATR-72-600,L2T,M
7503DC,9M-WAX,A139,AGUSTA AW-139,H2T,L
7585DC,RP-C6787,C25C,CESSNA 525C Citation CJ4,L2J,M
7800DC,B-5202,B737,BOEING 737-700,L2J,M
7801DC,B-HNQ,B773,BOEING 777-300,L2J,H
7802DC,B-6169,A319,AIRBUS A-319,L2J,M
7803DC,B-9290,C172,CESSNA 172 Skyhawk,L1P,L
7805DC,B-2076,B77L,BOEING 777-200LR,L2J,H
7806DC,B-8978,A321,AIRBUS A-321,L2J,M
7807DC,B-6827,A320,AIRBUS A-320,L2J,M
7808DC,B-9612,C172,CESSNA 172 Skyhawk,L1P,L
7809DC,B-2730,B788,BOEING 787-8 Dreamliner,L2J,H
780ADC,B-5802,B737,BOEING 737-700,L2J,M
780CDC,B-1708,B738,BOEING 737-800,L2J,M
780DDC,B-1660,A320,AIRBUS A-320,L2J,M
780EDC,B-8237,A320,AIRBUS A-320,L2J,M
780FDC,B-7890,B738,BOEING 737-800,L2J,M
7811DC,B-8691,A319,AIRBUS A-319,L2J,M
7812DC,B-1392,B38M,BOEING 737 MAX 8,L2J,M
7813DC,B-1108,B738,BOEING 737-800,L2J,M
7814DC,B-1175,B38M,BOEING 737 MAX 8,L2J,M
7815DC,B-305M,A20N,AIRBUS A-320neo,L2J,M
7818DC,B-30DW,A320,AIRBUS A-320,L2J,M
781CDC,B-10EW,ECHO,TECNAM P-92 Echo,L1P,L
7BB0DC,B-5043,B737,BOEING 737-700,L2J,M
7C00DC,VH-AGE,C310,CESSNA 310,L2P,L
7C02DC,VH-AUM,GA8,GIPPSAERO GA-8 Airvan,L1P,L
7C05DC,VH-BFY,PA18,PIPER PA-18 Super Cub,L1P,L
7C0ADC,VH-CFI,C172,CESSNA 172 Skyhawk,L1P,L
7C11DC,VH-DTA,R22,ROBINSON R-22 Mariner,H1P,L
7C14DC,VH-EEM,R44,ROBINSON R-44 Raven,H1P,L
7C1ADC,VH-FLA,RV9,VANS RV-9,L1P,L
7C1CDC,VH-FZI,F100,FOKKER 100,L2J,M
7C1FDC,VH-GKU,GLID,,L0-,-
7C26DC,VH-HYM,P32R,PIPER PA-32R-300/301/301T,L1P,L
7C2FDC,VH-JQM,P68,PARTENAVIA P-68 Observer,L2P,L
7C32DC,VH-KBY,J1,AUSTER J-1,L1P,L
7C3ADC,VH-LWU,B06,BELL 206 JetRanger,H1T,L
7C3FDC,VH-MWE,M20P,MOONEY M-20,L1P,L
7C42DC,VH-NHQ,F100,FOKKER 100,L2J,M
7C43DC,VH-NOU,C501,CESSNA 501 Citation 1SP,L2J,L
7C4CDC,VH-PGU,SR22,CIRRUS SR-22,L1P,L
7C4DDC,VH-PNY,FA20,DASSAULT Falcon 200,L2J,M
7C62DC,VH-TTA,C182,CESSNA 182 Skylane,L1P,L
7C65DC,VH-UEM,DA40,DIAMOND DA-40 Club Star,L1P,L
7C66DC,VH-ULQ,E190,EMBRAER ERJ-190-100,L2J,M
7C68DC,VH-UZY,C208,CESSNA 208 Caravan,L1T,L
7C6BDC,VH-VLA,C208,CESSNA 208 Caravan,L1T,L
7C6CDC,VH-VSE,C172,CESSNA 172 Skyhawk,L1P,L
7C6DDC,VH-VZI,B738,BOEING 737-800,L2J,M
7C70DC,VH-WKU,RV12,VANS RV-12,L1P,L
7C71DC,VH-WRY,C172,CESSNA 172 Skyhawk,L1P,L
7C75DC,VH-XKE,GLID,,L0-,-
7C76DC,VH-XRI,B105,EUROCOPTER BO-105,H2T,L
7C77DC,VH-XYM,PA11,PIPER PA-11 Cub Special,L1P,L
7C79DC,VH-YCU,CT4,PACIFIC AEROSPACE CT-4 Airtrainer,L1P,L
7C7EDC,VH-ZCE,C182,CESSNA 182 Skylane,L1P,L
7C7FDC,VH-ZJI,C172,CESSNA 172 Skyhawk,L1P,L
7C81DC,VH-ZXQ,SF34,SAAB 340,L2T,M
7CC3DC,24-8657,PIVI,PIPSTREL Virus,L1P,L
7CC4DC,24-7026,JAB2,JABIRU J160/170,L1P,L
7CF9DC,A54-005,PC21,PILATUS PC-21,L1T,L
8001DC,VT-ANF,PRM1,RAYTHEON 390 Premier 1,L2J,L
8002DC,K2879,IL76,ILYUSHIN Il-76/82,L4J,H
8004DC,VT-ALH,B77L,BOEING 777-200LR,L2J,H
800BDC,VT-SZM,B738,BOEING 737-800,L2J,M
800CDC,VT-IVP,A20N,AIRBUS A-320neo,L2J,M
8013DC,VT-IJZ,A20N,AIRBUS A-320neo,L2J,M
8014DC,VT-IIW,A20N,AIRBUS A-320neo,L2J,M
846ADC,JA14RJ,CRJ7,BOMBARDIER Regional Jet CRJ-700,L2J,M
851BDC,JA341J,B738,BOEING 737-800,L2J,M
85C5DC,JA51AN,B738,BOEING 737-800,L2J,M
861ADC,JA601A,B763,BOEING 767-300,L2J,H
863BDC,JA697A,EC25,AIRBUS HELICOPTERS EC-225/725,H2T,M
867CDC,JA729A,R44,ROBINSON R-44 Raven,H1P,L
8880DC,VN-A658,A320,AIRBUS A-320,L2J,M
8960DC,A6-EBU,B77W,BOEING 777-300ER,L2J,H
8961DC,A6-RJ2,RJ85,AVRO RJ-85 Avroliner,L4J,M
8963DC,A6-EPM,B77W,BOEING 777-300ER,L2J,H
8967DC,DU-202,A139,AGUSTA AW-139,H2T,L
8990DC,B-16713,B77W,BOEING 777-300ER,L2J,H
8991DC,B-58301,A339,AIRBUS A-330-900,L2J,H
8A01DC,PK-GMA,B738,BOEING 737-800,L2J,M
8A02DC,LL-0117,KT1,KOREAN AEROSPACE KT-1,L1T,L
8A03DC,PK-RJP,E35L,EMBRAER EMB-135 Legacy,L2J,M
8A04DC,PK-YGH,B733,BOEING 737-300,L2J,M
8A05DC,PK-WHW,AT76,ATR-72-600,L2T,M
8A08DC,HA-5231,B412,BELL 412,H2T,L
A001DC,N1UZ,BE35,BEECH 35 Starfire Bonanza,L1P,L
A002DC,N10FD,,,,
A003DC,N10RK,PA23,PIPER PA-23,L2P,L
A005DC,N100MW,BE9L,BEECH 90 King Air,L2T,L
A006DC,N100YB,C56X,CESSNA 560XL Citation XLS,L2J,M
A00ADC,N10100,C82T,CESSNA TR182 Turbo Skylane RG,L1P,L
A00BDC,N1018A,DHC2,DE HAVILLAND DHC-2 Beaver,L1P,L
A00CDC,N102HL,BE36,BEECH 36 Bonanza,L1P,L
A00DDC,N102TS,FOX,KITFOX,L1P,L
A00FDC,N103AC,BL8,BELLANCA 8 Decathlon,L1P,L
A013DC,N104DA,GLEX,BOMBARDIER BD-700 Global 6000/6500,L2J,M
A016DC,N10469,M20P,MOONEY M-20,L1P,L
A019DC,N10511,J3,PIPER J-3 Cub,L1P,L
A01ADC,N1059B,BALL,,B0-,-
A01DDC,N10634,BALL,,B0-,-
A024DC,N1080Z,,,,
A025DC,N1088,CL60,BOMBARDIER CL-600 Challenger,L2J,M
A027DC,N109TR,,,,
A028DC,N10922,C150,CESSNA 150,L1P,L
A02ADC,N11LH,CASS,NATIONAL AERONAUTICS Cassutt 3M,L1P,L
A02BDC,N11WP,BE36,BEECH 36 Bonanza,L1P,L
A02DDC,N110T,PTS1,PITTS S-1 Special,L1P,L
A02EDC,N1102L,LA4,LAKE LA-4/200,A1P,L
A02FDC,N1109X,P28A,PIPER PA-28-140/150/160/180,L1P,L
A030DC,N111KS,C175,CESSNA 175 Skylark,L1P,L
A032DC,N1114P,,,,
A036DC,N1126S,MUS2,BUSHBY M-2 Mustang 2,L1P,L
A039DC,N1131J,BU31,BUCKER Bu-131 Jungmann,L1P,L
A03ADC,N1138V,,,,
A03DDC,N1143M,C172,CESSNA 172 Skyhawk,L1P,L
A03EDC,N115AX,B190,BEECH 1900,L2T,M
A03FDC,N115MC,S10,STINSON 10 Voyager,L1P,L
A041DC,N1155Q,,,,
A047DC,N117SZ,G103,GROB G-103 Twin 3SL,L1P,L
A048DC,N1172K,M20P,MOONEY M-20,L1P,L
A04CDC,N1184N,C82S,CESSNA T182 Turbo Skylane,L1P,L
A051DC,N12FF,P28R,PIPER PA-28R-180/200/201,L1P,L
A052DC,N12RM,C510,CESSNA 510 Citation Mustang,L2J,L
A053DC,N120BS,WAIX,SONEX Waiex,L1P,L
A054DC,N120MY,,,,
A056DC,N1206,T206,CESSNA T206 Turbo Stationair,L1P,L
A05ADC,N1218C,GLF2,GULFSTREAM 2,L2J,M
A05DDC,N12225,B738,BOEING 737-800,L2J,M
A060DC,N123WS,RV6,VANS RV-6,L1P,L
A062DC,N124DC,CH75,ZENAIR CH-750 Cruzer,L1P,L
A063DC,N124PJ,C172,CESSNA 172 Skyhawk,L1P,L
A066DC,N125GA,GLF5,GULFSTREAM 5,L2J,M
A069DC,N1259D,C170,CESSNA 170,L1P,L
A071DC,N128EP,C172,CESSNA 172 Skyhawk,L1P,L
A073DC,N12801,C172,CESSNA 172 Skyhawk,L1P,L
A07ADC,N13WR,P32R,PIPER PA-32R-300/301/301T,L1P,L
A07BDC,N130GW,AA5,AMERICAN AA-5 Tiger,L1P,L
A07CDC,N130TB,RV12,VANS RV-12,L1P,L
A07EDC,N1309Z,BE95,BEECH 95 Travel Air,L2P,L
A080DC,N131W,GC1,GLOBE Swift,L1P,L
A082DC,N132CL,BEAR,AVIPRO RB-4 Bearhawk,L1P,L
A088DC,N1331L,P28B,PIPER PA-28-201T/235/236,L1P,L
A090DC,N1355S,C182,CESSNA 182 Skylane,L1P,L
A093DC,N1360J,AC11,NORTH AMERICAN ROCKWELL Commander 112/114,L1P,L
A094DC,N1367V,ST75,STEARMAN Kaydet,L1P,L
A09CDC,N139CK,L39,LET L-39 Albatros,L1J,L
A0A1DC,N14RP,EC45,AIRBUS HELICOPTERS EC-145,H2T,L
A0A3DC,N140N,C140,CESSNA 140,L1P,L
A0A8DC,N14104,T28,NORTH AMERICAN T-28,L1P,L
A0A9DC,N1418E,CH7A,BELLANCA 7 Champion,L1P,L
A0AADC,N142HQ,GLF4,GULFSTREAM 4,L2J,M
A0ABDC,N142TW,BE58,BEECH 58 Baron,L2P,L
A0ADDC,N143AG,SIRA,TECNAM P-2002 Sierra,L1P,L
A0B0DC,N1435,BALL,,B0-,-
A0B1DC,N144DE,RV7,VANS RV-7,L1P,L
A0B2DC,N144PL,PAY4,PIPER PA-42-1000 Cheyenne 400,L2T,L
A0B4DC,N1447C,SR22,CIRRUS SR-22,L1P,L
A0B6DC,N145SJ,EC45,AIRBUS HELICOPTERS EC-145,H2T,L
A0B8DC,N1459F,C172,CESSNA 172 Skyhawk,L1P,L
A0C2DC,N14803,,,,
A0C7DC,N15AF,C172,CESSNA 172 Skyhawk,L1P,L
A0C8DC,N15LM,AA1,AMERICAN AA-1,L1P,L
A0C9DC,N15WT,C550,CESSNA 550 Citation S2,L2J,L
A0CBDC,N150TD,C150,CESSNA 150,L1P,L
A0CFDC,N151WB,T51,TITAN T-51 Mustang,L1P,L
A0D4DC,N1526W,BE55,BEECH 55 Baron,L2P,L
A0D6DC,N153RS,A600,ROTORWAY A-600 Talon,H1P,L
A0D8DC,N1538Z,RV12,VANS RV-12,L1P,L
A0DBDC,N1543R,AA5,AMERICAN AA-5 Tiger,L1P,L
A0DCDC,N155BA,A5,ICON A-5,A1P,L
A0DDDC,N155MG,R44,ROBINSON R-44 Raven,H1P,L
A0E5DC,N157TC,GC1,GLOBE Swift,L1P,L
A0E9DC,N158WA,SW4,SWEARINGEN Metro,L2T,M
A0EADC,N1584S,BE35,BEECH 35 Starfire Bonanza,L1P,L
A0EBDC,N159CM,S76,SIKORSKY S-76 Spirit,H2T,L
A0F0DC,N16RR,C152,CESSNA 152,L1P,L
A0F1DC,N160BW,PA30,PIPER PA-30 Twin Comanche,L2P,L
A0F6DC,N161R,BE95,BEECH 95 Travel Air,L2P,L
A0F8DC,N1618G,CH7A,BELLANCA 7 Champion,L1P,L
A0FBDC,N16229,WACC,WACO C/S,L1P,L
A103DC,N1647E,CH7A,BELLANCA 7 Champion,L1P,L
A105DC,N165SL,P180,PIAGGIO P-180 Avanti,L2T,L
A106DC,N16517,WACC,WACO C/S,L1P,L
A107DC,N1659H,P28A,PIPER PA-28-140/150/160/180,L1P,L
A10EDC,N1676C,C172,CESSNA 172 Skyhawk,L1P,L
A112DC,N1688F,C172,CESSNA 172 Skyhawk,L1P,L
A113DC,N169HR,,,,
A114DC,N169TX,C240,CESSNA 240 Corvalis TTx,L1P,L
A116DC,N17AH,LJ25,LEARJET 25,L2J,L
A117DC,N17LP,C550,CESSNA 550 Citation S2,L2J,L
A11CDC,N17093,,,,
A128DC,N174JL,RV7,VANS RV-7,L1P,L
A129DC,N174US,A321,AIRBUS A-321,L2J,M
A12BDC,N175BC,F900,DASSAULT Falcon 900,L3J,M
A12EDC,N1755W,BE36,BEECH 36 Bonanza,L1P,L
A12FDC,N176EA,C172,CESSNA 172 Skyhawk,L1P,L
A132DC,N1767Z,,,,
A13ADC,N179CP,C82T,CESSNA TR182 Turbo Skylane RG,L1P,L
A13FDC,N18RT,,,,
A145DC,N181RB,C180,CESSNA  180 Skywagon,L1P,L
A146DC,N18108,C170,CESSNA 170,L1P,L
A147DC,N1818J,P28A,PIPER PA-28-140/150/160/180,L1P,L
A149DC,N182U,C82R,CESSNA R182 Skylane RG,L1P,L
A14ADC,N1823A,C182,CESSNA 182 Skylane,L1P,L
A14BDC,N183AL,GLAS,Glasair,L1P,L
A14EDC,N1835D,BE35,BEECH 35 Starfire Bonanza,L1P,L
A14FDC,N184DJ,RV8,VANS RV-8,L1P,L
A152DC,N1847G,CH7A,BELLANCA 7 Champion,L1P,L
A153DC,N185GG,C185,CESSNA 185 Skywagon,L1P,L
A154DC,N185SN,C185,CESSNA 185 Skywagon,L1P,L
A155DC,N18519,C150,CESSNA 150,L1P,L
A15EDC,N188EV,EVSS,EVEKTOR SportStar,L1P,L
A15FDC,N188RA,BL8,BELLANCA 8 Decathlon,L1P,L
A160DC,N18807,B47G,BELL 47G,H1P,L
A161DC,N1888H,PARA,,P0-,-
A164DC,N1893,DRON,,D0-,-
A167DC,N19WX,M4,MAULE M-4,L1P,L
A169DC,N190TH,PA11,PIPER PA-11 Cub Special,L1P,L
A16ADC,N1902U,A320,AIRBUS A-320,L2J,M
A16CDC,N191L,TAIL,WITTMAN Tailwind,L1P,L
A16FDC,N192CS,PA31,PIPER PA-31-300/310/325/350/425,L2P,L
A175DC,N1931S,GLST,GLASAIR SH-4 GlaStar,L1P,L
A17DDC,N1955Y,M20P,MOONEY M-20,L1P,L
A181DC,N19671,C172,CESSNA 172 Skyhawk,L1P,L
A185DC,N19794,C172,CESSNA 172 Skyhawk,L1P,L
A18CDC,N1996Z,C150,CESSNA 150,L1P,L
A18DDC,N2FP,SF50,CIRRUS SF-50 Vision,L1J,L
A18EDC,N2RV,RV3,VANS RV-3,L1P,L
A193DC,N200UY,GLID,,L0-,-
A194DC,N2003Z,C150,CESSNA 150,L1P,L
A195DC,N201BJ,M20P,MOONEY M-20,L1P,L
A196DC,N201MQ,M20P,MOONEY M-20,L1P,L
A197DC,N201XW,M20P,MOONEY M-20,L1P,L
A19BDC,N2020U,M4,MAULE M-4,L1P,L
A19FDC,N2032X,C182,CESSNA 182 Skylane,L1P,L
A1A0DC,N20398,C172,CESSNA 172 Skyhawk,L1P,L
A1A1DC,N204LC,R44,ROBINSON R-44 Raven,H1P,L
A1A5DC,N205PA,B06,BELL 206 JetRanger,H1T,L
A1A7DC,N20563,C172,CESSNA 172 Skyhawk,L1P,L
A1A8DC,N206FT,B06,BELL 206 JetRanger,H1T,L
A1AADC,N2061V,C120,CESSNA 120,L1P,L
A1ACDC,N207JR,VP2,EVANS Volksplane,L1P,L
A1AEDC,N2073Y,T6,NORTH AMERICAN T-6 Texan,L1P,L
A1AFDC,N208BH,LJ60,LEARJET 60,L2J,M
A1B6DC,N20974,H269,HUGHES Sky Knight,H1P,L
A1B8DC,N21TK,C25A,CESSNA 525A Citation CJ2,L2J,L
A1BADC,N210PW,T210,CESSNA T210 Turbo Centurion,L1P,L
A1C0DC,N2119R,C182,CESSNA 182 Skylane,L1P,L
A1C4DC,N213CC,C550,CESSNA 550 Citation S2,L2J,L
A1C8DC,N214FA,C82T,CESSNA TR182 Turbo Skylane RG,L1P,L
A1CBDC,N2148P,PA32,PIPER PA-32,L1P,L
A1D3DC,N217DP,B763,BOEING 767-300,L2J,H
A1D8DC,N218ST,GLST,GLASAIR SH-4 GlaStar,L1P,L
A1D9DC,N2182D,BE35,BEECH 35 Starfire Bonanza,L1P,L
A1DADC,N2189Q,P28A,PIPER PA-28-140/150/160/180,L1P,L
A1DDDC,N2194G,C182,CESSNA 182 Skylane,L1P,L
A1DEDC,N22CB,C185,CESSNA 185 Skywagon,L1P,L
A1DFDC,N22NH,B06,BELL 206 JetRanger,H1T,L
A1E2DC,N220V,BE95,BEECH 95 Travel Air,L2P,L
A1E7DC,N22154,YK52,YAKOVLEV Yak-52,L1P,L
A1E8DC,N222EJ,,,,
A1EBDC,N22277,C150,CESSNA 150,L1P,L
A1ECDC,N223HG,R22,ROBINSON R-22 Mariner,H1P,L
A1EDDC,N223TN,SR22,CIRRUS SR-22,L1P,L
A1EEDC,N2232Z,BL17,BELLANCA 17 Viking,L1P,L
A1F8DC,N226SA,EC35,AIRBUS HELICOPTERS EC-135/635,H2T,L
A1FBDC,N227JT,SW3,SWEARINGEN Merlin 3,L2T,L
A1FDDC,N22730,H269,HUGHES Sky Knight,H1P,L
A206DC,N23HF,COY2,RANS Coyote 2,L1P,L
A207DC,N23TM,PTS1,PITTS S-1 Special,L1P,L
A208DC,N230DS,DA40,DIAMOND DA-40 Club Star,L1P,L
A20ADC,N2300D,C170,CESSNA 170,L1P,L
A20BDC,N2307Q,BE23,BEECH 23 Sundowner,L1P,L
A20FDC,N2319T,P28A,PIPER PA-28-140/150/160/180,L1P,L
A212DC,N2324K,L8,LUSCOMBE 8,L1P,L
A216DC,N2336N,C140,CESSNA 140,L1P,L
A218DC,N234RJ,T34P,BEECH T-34 Mentor,L1P,L
A21ADC,N2348R,C182,CESSNA 182 Skylane,L1P,L
A21BDC,N235JA,COL4,CESSNA 400 Corvalis TT,L1P,L
A21DDC,N2353H,T206,CESSNA T206 Turbo Stationair,L1P,L
A21EDC,N236AT,C414,CESSNA 414 Chancellor,L2P,L
A221DC,N2365L,BE23,BEECH 23 Sundowner,L1P,L
A225DC,N2377P,C82S,CESSNA T182 Turbo Skylane,L1P,L
A229DC,N2389S,C182,CESSNA 182 Skylane,L1P,L
A22EDC,N24NK,ULAC,,L0-,-
A231DC,N240VB,C240,CESSNA 240 Corvalis TTx,L1P,L
A238DC,N242QS,CL60,BOMBARDIER CL-600 Challenger,L2J,M
A23DDC,N24321,TAYB,TAYLORCRAFT BC/BF/BL,L1P,L
A23EDC,N244AA,H60,SIKORSKY UH-60 Black Hawk,H2T,M
A23FDC,N244LG,E55P,EMBRAER EMB-505 Phenom 300,L2J,M
A240DC,N244WN,B737,BOEING 737-700,L2J,M
A241DC,N24444,TAYB,TAYLORCRAFT BC/BF/BL,L1P,L
A243DC,N245PE,PC12,PILATUS PC-12,L1T,L
A247DC,N246SC,CRUZ,CSA PS-28 Cruiser,L1P,L
A24CDC,N24732,J3,PIPER J-3 Cub,L1P,L
A253DC,N2490X,C182,CESSNA 182 Skylane,L1P,L
A254DC,N24978,PA18,PIPER PA-18 Super Cub,L1P,L
A255DC,N25HH,BE35,BEECH 35 Starfire Bonanza,L1P,L
A25ADC,N2507S,COL4,CESSNA 400 Corvalis TT,L1P,L
A25CDC,N251SY,E75L,EMBRAER ERJ-170-200 (long wing),L2J,M
A25DDC,N2512J,C150,CESSNA 150,L1P,L
A261DC,N2524M,PA12,PIPER PA-12 Super Cruiser,L1P,L
A263DC,N253NN,E75L,EMBRAER ERJ-170-200 (long wing),L2J,M
A265DC,N2536Q,C182,CESSNA 182 Skylane,L1P,L
A268DC,N2541G,C182,CESSNA 182 Skylane,L1P,L
A26CDC,N2553K,BALL,,B0-,-
A26DDC,N256AV,,,,
A26EDC,N256MA,LNP4,LANCAIR PropJet 4,L1T,L
A272DC,N257PZ,S22T,CIRRUS SR-22T Turbo,L1P,L
A273DC,N2570E,BALL,,B0-,-
A274DC,N2577R,C182,CESSNA 182 Skylane,L1P,L
A277DC,N2582H,GLID,,L0-,-
A27BDC,N2594L,C172,CESSNA 172 Skyhawk,L1P,L
A27CDC,N26CF,C207,CESSNA 207 Turbo Stationair,L1P,L
A281DC,N26035,BE18,BEECH 18 Expetitor,L2P,L
A288DC,N26200,S10,STINSON 10 Voyager,L1P,L
A28DDC,N264AC,,,,
A2A0DC,N269EM,L159,AERO L-159 Albatros 2,L1J,M
A2A4DC,N27HK,BE20,BEECH 200 Super King Air,L2T,M
A2A8DC,N2700H,ERCO,AIR PRODUCTS F-1 Aircoupe,L1P,L
A2ABDC,N271T,PA18,PIPER PA-18 Super Cub,L1P,L
A2ADDC,N2719X,ST75,STEARMAN Kaydet,L1P,L
A2B4DC,N2736S,RV8,VANS RV-8,L1P,L
A2B9DC,N275JE,,,,
A2C3DC,N2777T,C172,CESSNA 172 Skyhawk,L1P,L
A2C6DC,N2782K,L8,LUSCOMBE 8,L1P,L
A2C7DC,N2789W,M20P,MOONEY M-20,L1P,L
A2CADC,N2794N,C140,CESSNA 140,L1P,L
A2CBDC,N28CH,ULAC,,L0-,-
A2CCDC,N28NP,ASTR,GULFSTREAM AEROSPACE Gulfstream G100,L2J,M
A2CEDC,N280K,AS29,SCHLEICHER ASG-29,L1P,L
A2D0DC,N28037,BL17,BELLANCA 17 Viking,L1P,L
A2D4DC,N2816,ZZZZ,,-0-,-
A2D7DC,N28202,J4,PIPER J-4 Cub Coupe,L1P,L
A2D8DC,N2828C,CH7B,BELLANCA 7 Citabria,L1P,L
A2DFDC,N28448,AA5,AMERICAN AA-5 Tiger,L1P,L
A2E3DC,N2857A,C180,CESSNA  180 Skywagon,L1P,L
A2E7DC,N2869D,P51,NORTH AMERICAN P-51 Mustang,L1P,L
A2EEDC,N28859,AA5,AMERICAN AA-5 Tiger,L1P,L
A2F4DC,N29TT,GLAS,Glasair,L1P,L
A2F5DC,N290DY,TB21,SOCATA TB-21 Trinidad TC,L1P,L
A2F7DC,N2900K,L8,LUSCOMBE 8,L1P,L
A2FCDC,N2919Z,PA22,PIPER PA-22,L1P,L
A300DC,N293CL,A320,AIRBUS A-320,L2J,M
A306DC,N2941L,P28A,PIPER PA-28-140/150/160/180,L1P,L
A30ADC,N2953P,PA22,PIPER PA-22,L1P,L
A30BDC,N296AZ,DRON,,D0-,-
A30CDC,N296ME,C172,CESSNA 172 Skyhawk,L1P,L
A311DC,N2970J,C150,CESSNA 150,L1P,L
A312DC,N2977V,C150,CESSNA 150,L1P,L
A315DC,N2982M,P28R,PIPER PA-28R-180/200/201,L1P,L
A317DC,N299KT,LEG2,LANCAIR Legacy,L1P,L
A31ADC,N3CK,S22T,CIRRUS SR-22T Turbo,L1P,L
A31DDC,N30KB,CH70,ZENAIR CH-701 Stol,L1P,L
A31EDC,N30VH,R22,ROBINSON R-22 Mariner,H1P,L
A323DC,N301JL,CL30,BOMBARDIER BD-100 Challenger 300,L2J,M
A324DC,N301US,,,,
A326DC,N302BC,BE36,BEECH 36 Bonanza,L1P,L
A327DC,N302MJ,C425,CESSNA 425 Corsair,L2T,L
A329DC,N3025W,BALL,,B0-,-
A32CDC,N3030N,C162,CESSNA 162 Skycatcher,L1P,L
A32DDC,N3037Z,P28A,PIPER PA-28-140/150/160/180,L1P,L
A335DC,N306CP,SR22,CIRRUS SR-22,L1P,L
A336DC,N306NV,A319,AIRBUS A-319,L2J,M
A339DC,N307FM,C421,CESSNA 421 Executive Commuter,L2P,L
A33CDC,N30780,J3,PIPER J-3 Cub,L1P,L
A33FDC,N3083S,C150,CESSNA 150,L1P,L
A341DC,N309MH,B407,BELL 407,H1T,L
A349DC,N3105D,C180,CESSNA  180 Skywagon,L1P,L
A34BDC,N311PQ,CRJ9,BOMBARDIER Regional Jet CRJ-900,L2J,M
A34DDC,N3117G,ULAC,,L0-,-
A350DC,N31219,,,,
A354DC,N3134B,C170,CESSNA 170,L1P,L
A355DC,N314BX,,,,
A35BDC,N31507,S10,STINSON 10 Voyager,L1P,L
A360DC,N317AK,PA31,PIPER PA-31-300/310/325/350/425,L2P,L
A363DC,N3175C,C180,CESSNA  180 Skywagon,L1P,L
A364DC,N318DH,ALO2,SUD Alouette 2,H1T,L
A365DC,N318PP,C421,CESSNA 421 Executive Commuter,L2P,L
A367DC,N3187F,C182,CESSNA 182 Skylane,L1P,L
A36ADC,N31918,AR65,AERONCA 65 Super Chief,L1P,L
A36BDC,N3199J,BE58,BEECH 58 Baron,L2P,L
A36CDC,N32KD,RV10,VANS RV-10,L1P,L
A370DC,N3201S,C182,CESSNA 182 Skylane,L1P,L
A372DC,N321JN,,,,
A376DC,N322ML,R22,ROBINSON R-22 Mariner,H1P,L
A378DC,N3225Y,C182,CESSNA 182 Skylane,L1P,L
A379DC,N323EC,RV12,VANS RV-12,L1P,L
A37BDC,N3230Q,P28A,PIPER PA-28-140/150/160/180,L1P,L
A37CDC,N32371,PA32,PIPER PA-32,L1P,L
A37DDC,N324HA,M28,PZL-MIELEC M-28 Skytruck,L2T,M
A37FDC,N3242T,C177,CESSNA  177 Cardinal,L1P,L
A383DC,N3254W,PA32,PIPER PA-32,L1P,L
A38CDC,N328JM,SA30,STOLP Starduster Too,L1P,L
A38EDC,N3283U,,,,
A395DC,N330AN,E300,EXTRA EA-300/330/350,L1P,L
A39ADC,N331PS,RV12,VANS RV-12,L1P,L
A39CDC,N3317J,C150,CESSNA 150,L1P,L
A39EDC,N332SQ,,,,
A3A0DC,N3329M,RV4,VANS RV-4,L1P,L
A3A1DC,N333KG,C680,CESSNA 680 Citation Sovereign,L2J,M
A3A3DC,N3334D,C180,CESSNA  180 Skywagon,L1P,L
A3A9DC,N335RC,LJ35,LEARJET 35,L2J,M
A3AFDC,N337AM,HUSK,CHRISTEN Husky,L1P,L
A3B3DC,N338DK,S22T,CIRRUS SR-22T Turbo,L1P,L
A3B8DC,N339SP,C172,CESSNA 172 Skyhawk,L1P,L
A3BBDC,N34KF,P210,CESSNA P210 Centurion,L1P,L
A3BDDC,N340FS,C340,CESSNA 340 Super,L2P,L
A3C7DC,N34250,C177,CESSNA  177 Cardinal,L1P,L
A3CADC,N3430S,C182,CESSNA 182 Skylane,L1P,L
A3CEDC,N3442V,C195,CESSNA 195,L1P,L
A3CFDC,N34496,AR65,AERONCA 65 Super Chief,L1P,L
A3D0DC,N345LA,WAIX,SONEX Waiex,L1P,L
A3D1DC,N345WG,M20P,MOONEY M-20,L1P,L
A3D6DC,N34661,C177,CESSNA  177 Cardinal,L1P,L
A3D7DC,N347FR,A20N,AIRBUS A-320neo,L2J,M
A3DADC,N34784,,,,
A3DDDC,N3483W,PA32,PIPER PA-32,L1P,L
A3E1DC,N3495Z,PA18,PIPER PA-18 Super Cub,L1P,L
A3E7DC,N3505H,M20P,MOONEY M-20,L1P,L
A3E8DC,N351DN,A321,AIRBUS A-321,L2J,M
A3EEDC,N3522C,,,,
A3F2DC,N3534F,C182,CESSNA 182 Skylane,L1P,L
A3F3DC,N354CA,CRJ7,BOMBARDIER Regional Jet CRJ-700,L2J,M
A3F6DC,N3546J,C150,CESSNA 150,L1P,L
A3FADC,N3558M,PA12,PIPER PA-12 Super Cruiser,L1P,L
A401DC,N3575G,BALL,,B0-,-
A402DC,N358DM,COL4,CESSNA 400 Corvalis TT,L1P,L
A407DC,N359SR,,,,
A40ADC,N36KH,RV7,VANS RV-7,L1P,L
A40BDC,N36VP,BE36,BEECH 36 Bonanza,L1P,L
A40DDC,N360S,LNC2,LANCAIR 200-320,L1P,L
A40EDC,N3601W,PA32,PIPER PA-32,L1P,L
A419DC,N3630U,G164,GRUMMAN G-164 Ag-Cat,L1P,L
A423DC,N366PA,G2CA,GUIMBAL G-2 Cabri,H1P,L
A42CDC,N3683Y,C210,CESSNA 201 Centurion,L1P,L
A42EDC,N369MP,H500,HUGHES 500,H1T,L
A431DC,N37EF,C180,CESSNA  180 Skywagon,L1P,L
A433DC,N370AS,UH1,BELL UH-1 Huey,H1T,L
A439DC,N3710B,BE18,BEECH 18 Expetitor,L2P,L
A43DDC,N3722E,CH7A,BELLANCA 7 Champion,L1P,L
A441DC,N3734H,ERCO,AIR PRODUCTS F-1 Aircoupe,L1P,L
A448DC,N3751C,,,,
A44CDC,N3763F,G2T1,GREAT LAKES 2T-1,L1P,L
A44DDC,N377AR,B738,BOEING 737-800,L2J,M
A44EDC,N377LX,BALL,,B0-,-
A454DC,N3787M,PA12,PIPER PA-12 Super Cruiser,L1P,L
A458DC,N3799Q,BE35,BEECH 35 Starfire Bonanza,L1P,L
A45CDC,N380SB,,,,
A45EDC,N38089,BE58,BEECH 58 Baron,L2P,L
A461DC,N38131,J5,PIPER J-5 Cub Cruiser,L1P,L
A465DC,N38254,P28A,PIPER PA-28-140/150/160/180,L1P,L
A468DC,N3830W,PA32,PIPER PA-32,L1P,L
A46CDC,N3842Z,PA18,PIPER PA-18 Super Cub,L1P,L
A470DC,N38542,J3,PIPER J-3 Cub,L1P,L
A476DC,N387SA,SKAR,III Sky Arrow,L1P,L
A477DC,N3871X,VO10,NORTH AMERICAN ROCKWELL Commander 100,L1P,L
A47BDC,N38830,J3,PIPER J-3 Cub,L1P,L
A47FDC,N38953,ST75,STEARMAN Kaydet,L1P,L
A480DC,N39EH,PA31,PIPER PA-31-300/310/325/350/425,L2P,L
A483DC,N390M,TVLB,TRAVEL AIR 2000,L1P,L
A48BDC,N392SW,B733,BOEING 737-300,L2J,M
A490DC,N3934K,P28A,PIPER PA-28-140/150/160/180,L1P,L
A497DC,N3951E,AR11,AERONCA 11 Chief,L1P,L
A499DC,N396JA,DV20,DIAMOND DA-20,L1P,L
A49BDC,N3963H,M20P,MOONEY M-20,L1P,L
A49FDC,N3975L,C172,CESSNA 172 Skyhawk,L1P,L
A4A3DC,N3987P,PA18,PIPER PA-18 Super Cub,L1P,L
A4A7DC,N3999S,C310,CESSNA 310,L2P,L
A4A8DC,N4KM,GP3,OSPREY GP-3 Osprey 2,A1P,L
A4A9DC,N4VT,P28A,PIPER PA-28-140/150/160/180,L1P,L
A4ABDC,N40SD,L8,LUSCOMBE 8,L1P,L
A4ACDC,N400CJ,PA24,PIPER PA-24 Comanche,L1P,L
A4B4DC,N402JE,GLF4,GULFSTREAM 4,L2J,M
A4B6DC,N4023M,PA12,PIPER PA-12 Super Cruiser,L1P,L
A4B7DC,N403AX,KFIR,IAI Kfir,L1J,M
A4B8DC,N403MC,COL4,CESSNA 400 Corvalis TT,L1P,L
A4BEDC,N4047T,BALL,,B0-,-
A4C2DC,N4059W,AS50,AEROSPATIALE AS-350 Ecureuil,H1T,L
A4C4DC,N406VX,,,,
A4C5DC,N4064N,C140,CESSNA 140,L1P,L
A4C6DC,N407CH,B407,BELL 407,H1T,L
A4C7DC,N407NP,B407,BELL 407,H1T,L
A4C9DC,N4076R,PA32,PIPER PA-32,L1P,L
A4CEDC,N409JD,HIGH,JUST JA20 Highlander,L1P,L
A4D6DC,N41025,J3,PIPER J-3 Cub,L1P,L
A4D7DC,N411AE,A320,AIRBUS A-320,L2J,M
A4D8DC,N411LL,GLF4,GULFSTREAM 4,L2J,M
A4DADC,N41148,PA31,PIPER PA-31-300/310/325/350/425,L2P,L
A4DBDC,N412DC,RV14,VANS RV-14,L1P,L
A4DCDC,N412PJ,DA40,DIAMOND DA-40 Club Star,L1P,L
A4DEDC,N4127A,P28A,PIPER PA-28-140/150/160/180,L1P,L
A4DFDC,N413GA,BE9L,BEECH 90 King Air,L2T,L
A4E1DC,N41313,J3,PIPER J-3 Cub,L1P,L
A4E2DC,N4139D,COUR,HELIO Courier,L1P,L
A4E3DC,N414JZ,C414,CESSNA 414 Chancellor,L2P,L
A4ECDC,N41601,CUCA,CULVER Cadet,L1P,L
A4F0DC,N41724,P28R,PIPER PA-28R-180/200/201,L1P,L
A4F3DC,N418WR,C82S,CESSNA T182 Turbo Skylane,L1P,L
A4F4DC,N41847,P32R,PIPER PA-32R-300/301/301T,L1P,L
A4F5DC,N419DB,HDJT,HONDA HondaJet,L2J,L
A4F6DC,N419PH,PA32,PIPER PA-32,L1P,L
A4F9DC,N42G,FA10,DASSAULT Falcon 100,L2J,M
A4FADC,N42SF,FURY,HAWKER Fury,L1P,L
A4FBDC,N420CL,FA50,DASSAULT Falcon 50,L3J,M
A505DC,N4223P,RS12,RANS S-12 Super Airaile,L1P,L
A50CDC,N4240J,P28A,PIPER PA-28-140/150/160/180,L1P,L
A50DDC,N4247V,S58T,SIKORSKY S-58T,H1T,L
A50FDC,N425TA,C182,CESSNA 182 Skylane,L1P,L
A510DC,N4252M,PA12,PIPER PA-12 Super Cruiser,L1P,L
A514DC,N4264Q,C172,CESSNA 172 Skyhawk,L1P,L
A517DC,N427YX,E75L,EMBRAER ERJ-170-200 (long wing),L2J,M
A518DC,N4276T,P28A,PIPER PA-28-140/150/160/180,L1P,L
A51BDC,N4281K,NAVI,NORTH AMERICAN Navion,L1P,L
A51FDC,N4293N,C140,CESSNA 140,L1P,L
A521DC,N43MD,DG60,DG FLUGZEUGBAU DG-600M,L1P,L
A522DC,N43XK,H43B,KAMAN K-600-5 Huskie,H1T,L
A529DC,N4315,CASS,NATIONAL AERONAUTICS Cassutt 3M,L1P,L
A52ADC,N432DE,PA46,PIPER PA-46-310/350,L1P,L
A530DC,N43315,TAYB,TAYLORCRAFT BC/BF/BL,L1P,L
A539DC,N436ER,C172,CESSNA 172 Skyhawk,L1P,L
A53ADC,N436QX,DH8D,DE HAVILLAND DHC-8-400 Dash 8,L2T,M
A53BDC,N43603,TAYB,TAYLORCRAFT BC/BF/BL,L1P,L
A53FDC,N43726,TAYB,TAYLORCRAFT BC/BF/BL,L1P,L
A543DC,N43849,TAYB,TAYLORCRAFT BC/BF/BL,L1P,L
A548DC,N44GB,EPIC,EPIC AIRCRAFT Epic LT,L1T,L
A549DC,N44SH,C680,CESSNA 680 Citation Sovereign,L2J,M
A54CDC,N440Z,SM19,SIAI-MARCHETTI SM-1019,L1T,L
A54EDC,N441FL,P28A,PIPER PA-28-140/150/160/180,L1P,L
A551DC,N4418Z,PA18,PIPER PA-18 Super Cub,L1P,L
A554DC,N4423R,C82R,CESSNA R182 Skylane RG,L1P,L
A555DC,N443BA,GLID,,L0-,-
A556DC,N443MG,PA44,PIPER PA-44 Seminole,L2P,L
A55BDC,N4440L,PA18,PIPER PA-18 Super Cub,L1P,L
A55EDC,N445TC,,,,
A55FDC,N4452P,PA23,PIPER PA-23,L2P,L
A560DC,N44590,P28A,PIPER PA-28-140/150/160/180,L1P,L
A567DC,N4476V,R22,ROBINSON R-22 Mariner,H1P,L
A56DDC,N449UP,B752,BOEING 757-200,L2J,M
A570DC,N45MF,LJ35,LEARJET 35,L2J,M
A572DC,N450HS,ST75,STEARMAN Kaydet,L1P,L
A575DC,N451AJ,C25A,CESSNA 525A Citation CJ2,L2J,L
A577DC,N451WW,P51,NORTH AMERICAN P-51 Mustang,L1P,L
A578DC,N4515B,C180,CESSNA  180 Skywagon,L1P,L
A581DC,N454KC,DV20,DIAMOND DA-20,L1P,L
A58ADC,N45605,L8,LUSCOMBE 8,L1P,L
A58BDC,N4568F,C152,CESSNA 152,L1P,L
A58CDC,N457HR,DA40,DIAMOND DA-40 Club Star,L1P,L
A593DC,N459DF,BE20,BEECH 200 Super King Air,L2T,M
A594DC,N459PM,RV9,VANS RV-9,L1P,L
A596DC,N4597D,BE35,BEECH 35 Starfire Bonanza,L1P,L
A598DC,N46SK,FOX,KITFOX,L1P,L
A59ADC,N460NW,H60,SIKORSKY UH-60 Black Hawk,H2T,M
A59CDC,N4606Y,PA25,PIPER PA-25 Pawnee,L1P,L
A5A0DC,N46181,AR6T,AERONCA 65 Tandem,L1P,L
A5A3DC,N4623T,M4,MAULE M-4,L1P,L
A5A7DC,N4635W,AC11,NORTH AMERICAN ROCKWELL Commander 112/114,L1P,L
A5A8DC,N464EA,BE58,BEECH 58 Baron,L2P,L
A5AEDC,N4652R,P28A,PIPER PA-28-140/150/160/180,L1P,L
A5AFDC,N46592,ST75,STEARMAN Kaydet,L1P,L
A5BADC,N46880,,,,
A5BBDC,N469JK,BE65,BEECH 65 Queen Air,L2P,L
A5BDDC,N4693S,J3,PIPER J-3 Cub,L1P,L
A5BEDC,N47BB,PA24,PIPER PA-24 Comanche,L1P,L
A5BFDC,N47MH,B47G,BELL 47G,H1P,L
A5C0DC,N47XP,PA18,PIPER PA-18 Super Cub,L1P,L
A5C2DC,N470U,C72R,CESSNA 172R Cutlass RG,L1P,L
A5C5DC,N471LS,PA11,PIPER PA-11 Cub Special,L1P,L
A5C7DC,N4715D,C182,CESSNA 182 Skylane,L1P,L
A5CBDC,N4727G,C172,CESSNA 172 Skyhawk,L1P,L
A5CCDC,N473GG,PA31,PIPER PA-31-300/310/325/350/425,L2P,L
A5CEDC,N47319,S1,INTERSTATE S-1 Cadet,L1P,L
A5D2DC,N4744B,C152,CESSNA 152,L1P,L
A5D6DC,N4756E,C185,CESSNA 185 Skywagon,L1P,L
A5E1DC,N4785C,UH12,HILLER UH-12,H1P,L
A5E7DC,N48SM,S211,SIAI-MARCHETTI S-211,L1J,L
A5F2DC,N4823V,C72R,CESSNA 172R Cutlass RG,L1P,L
A5F8DC,N484QJ,PA34,PIPER PA-34 Seneca,L2P,L
A5FBDC,N485HA,B712,BOEING 717-200,L2J,M
A5FDDC,N4852T,P28A,PIPER PA-28-140/150/160/180,L1P,L
A607DC,N488RV,RV8,VANS RV-8,L1P,L
A608DC,N4881R,C182,CESSNA 182 Skylane,L1P,L
A615DC,N491X,PTMS,PITTS S-12 Super Stinker,L1P,L
A61DDC,N4932A,C180,CESSNA  180 Skywagon,L1P,L
A621DC,N4944D,C182,CESSNA 182 Skylane,L1P,L
A62BDC,N497UA,A320,AIRBUS A-320,L2J,M
A634DC,N4997H,PA11,PIPER PA-11 Cub Special,L1P,L
A635DC,N5GH,M20P,MOONEY M-20,L1P,L
A636DC,N5SP,RV7,VANS RV-7,L1P,L
A637DC,N50CU,C56X,CESSNA 560XL Citation XLS,L2J,M
A638DC,N50P,NAVI,NORTH AMERICAN Navion,L1P,L
A63BDC,N500VS,H500,HUGHES 500,H1T,L
A63CDC,N5004H,PA17,PIPER PA-17 Vagabond Trainer,L1P,L
A63DDC,N501CC,PA11,PIPER PA-11 Cub Special,L1P,L
A641DC,N502FA,AT5T,AIR TRACTOR AT-504,L1T,L
A644DC,N5028P,PA24,PIPER PA-24 Comanche,L1P,L
A647DC,N5033F,CH7B,BELLANCA 7 Citabria,L1P,L
A64CDC,N505DP,,,,
A64EDC,N5050A,C172,CESSNA 172 Skyhawk,L1P,L
A651DC,N506ST,RV7,VANS RV-7,L1P,L
A652DC,N5062D,BL8,BELLANCA 8 Decathlon,L1P,L
A65EDC,N5098N,C182,CESSNA 182 Skylane,L1P,L
A65FDC,N51HY,P51,NORTH AMERICAN P-51 Mustang,L1P,L
A660DC,N51UD,C172,CESSNA 172 Skyhawk,L1P,L
A664DC,N51077,J3,PIPER J-3 Cub,L1P,L
A668DC,N512,MIMU,BUSHBY Midget Mustang,L1P,L
A66ADC,N512WL,CH70,ZENAIR CH-701 Stol,L1P,L
A66DDC,N513PC,TBM9,SOCATA TBM-900/910/930/940,L1T,L
A66FDC,N51365,C150,CESSNA 150,L1P,L
A671DC,N514SA,DRON,,D0-,-
A674DC,N515JT,E35L,EMBRAER EMB-135 Legacy,L2J,M
A679DC,N516XX,,,,
A684DC,N519WK,RV10,VANS RV-10,L1P,L
A68FDC,N5216N,C162,CESSNA 162 Skycatcher,L1P,L
A692DC,N5221E,C172,CESSNA 172 Skyhawk,L1P,L
A69BDC,N525DR,C25A,CESSNA 525A Citation CJ2,L2J,L
A69DDC,N5250C,BE35,BEECH 35 Starfire Bonanza,L1P,L
A69EDC,N5257P,PA24,PIPER PA-24 Comanche,L1P,L
A6A1DC,N5262F,M20P,MOONEY M-20,L1P,L
A6A2DC,N5269S,C82R,CESSNA R182 Skylane RG,L1P,L
A6A3DC,N527KM,C82T,CESSNA TR182 Turbo Skylane RG,L1P,L
A6A4DC,N527VT,VELT,VELOCITY V-Twin,L2P,L
A6A6DC,N528CD,RAF2,ROTARY AIR FORCE RAF-2000,G1P,L
A6A7DC,N528NK,A319,AIRBUS A-319,L2J,M
A6A9DC,N5286M,BE24,BEECH 24 Sierra,L1P,L
A6ACDC,N5291D,C180,CESSNA  180 Skywagon,L1P,L
A6ADDC,N5298Q,C150,CESSNA 150,L1P,L
A6B1DC,N530QS,C68A,CESSNA 680 Citation Latitude,L2J,M
A6B4DC,N531HJ,DA40,DIAMOND DA-40 Club Star,L1P,L
A6BCDC,N533PE,O1,CESSNA 305/341 Bird Dog,L1P,L
A6BFDC,N534FX,CL30,BOMBARDIER BD-100 Challenger 300,L2J,M
A6C0DC,N534SC,P28A,PIPER PA-28-140/150/160/180,L1P,L
A6C1DC,N5341Z,PA44,PIPER PA-44 Seminole,L2P,L
A6D0DC,N53820,CH7B,BELLANCA 7 Citabria,L1P,L
A6D6DC,N54PD,H500,HUGHES 500,H1T,L
A6DEDC,N5416Q,C150,CESSNA 150,L1P,L
A6E2DC,N5428T,C172,CESSNA 172 Skyhawk,L1P,L
A6E3DC,N543JC,PA31,PIPER PA-31-300/310/325/350/425,L2P,L
A6E6DC,N544AV,GA5C,GULFSTREAM G500,L2J,M
A6EBDC,N545PZ,C77R,CESSNA 177RG Cardinal RG,L1P,L
A6ECDC,N5450E,COUR,HELIO Courier,L1P,L
A6EDDC,N5457R,C172,CESSNA 172 Skyhawk,L1P,L
A6F0DC,N5462H,PA18,PIPER PA-18 Super Cub,L1P,L
A6F1DC,N5469U,BE35,BEECH 35 Starfire Bonanza,L1P,L
A6F5DC,N548CF,RV6,VANS RV-6,L1P,L
A6F8DC,N5486P,PA24,PIPER PA-24 Comanche,L1P,L
A6FDDC,N55JB,BE33,BEECH 33 Bonanza,L1P,L
A701DC,N55000,M7,MAULE M-7,L1P,L
A704DC,N551TS,C182,CESSNA 182 Skylane,L1P,L
A706DC,N552AC,EC25,AIRBUS HELICOPTERS EC-225/725,H2T,M
A709DC,N55246,C172,CESSNA 172 Skyhawk,L1P,L
A70BDC,N553PG,HUSK,CHRISTEN Husky,L1P,L
A713DC,N555VC,P28A,PIPER PA-28-140/150/160/180,L1P,L
A719DC,N557EM,MRF1,DASSAULT Mirage F1,L1J,M
A71BDC,N5570Z,PA22,PIPER PA-22,L1P,L
A725DC,N56PF,SR22,CIRRUS SR-22,L1P,L
A727DC,N560KS,C56X,CESSNA 560XL Citation XLS,L2J,M
A729DC,N5604P,,,,
A72DDC,N5616S,BE35,BEECH 35 Starfire Bonanza,L1P,L
A730DC,N5621J,,,,
A734DC,N5633M,FOX,KITFOX,L1P,L
A736DC,N564MC,C172,CESSNA 172 Skyhawk,L1P,L
A73FDC,N5662K,BE35,BEECH 35 Starfire Bonanza,L1P,L
A747DC,N5686R,C172,CESSNA 172 Skyhawk,L1P,L
A74BDC,N5698U,P28A,PIPER PA-28-140/150/160/180,L1P,L
A751DC,N5708C,C170,CESSNA 170,L1P,L
A75FDC,N57413,M20P,MOONEY M-20,L1P,L
A767DC,N57659,CH7B,BELLANCA 7 Citabria,L1P,L
A76BDC,N5778B,H60,SIKORSKY UH-60 Black Hawk,H2T,M
A76EDC,N57824,PA36,PIPER PA-36 Pawnee Brave,L1P,L
A772DC,N57947,ST75,STEARMAN Kaydet,L1P,L
A773DC,N58DB,S22T,CIRRUS SR-22T Turbo,L1P,L
A775DC,N58ZP,C421,CESSNA 421 Executive Commuter,L2P,L
A777DC,N580W,BE58,BEECH 58 Baron,L2P,L
A778DC,N5804R,C172,CESSNA 172 Skyhawk,L1P,L
A77CDC,N5816U,P28A,PIPER PA-28-140/150/160/180,L1P,L
A783DC,N5833P,PA24,PIPER PA-24 Comanche,L1P,L
A785DC,N584ME,BE58,BEECH 58 Baron,L2P,L
A787DC,N5845S,BE35,BEECH 35 Starfire Bonanza,L1P,L
A78BDC,N5857V,P28A,PIPER PA-28-140/150/160/180,L1P,L
A78EDC,N5862M,C310,CESSNA 310,L2P,L
A78FDC,N5869Y,B06,BELL 206 JetRanger,H1T,L
A793DC,N588CK,BE58,BEECH 58 Baron,L2P,L
A798DC,N589RP,GLST,GLASAIR SH-4 GlaStar,L1P,L
A79ADC,N5898W,P28A,PIPER PA-28-140/150/160/180,L1P,L
A7A0DC,N5908E,C150,CESSNA 150,L1P,L
A7AADC,N593ZS,,,,
A7AFDC,N5949F,C210,CESSNA 201 Centurion,L1P,L
A7B6DC,N5966A,C172,CESSNA 172 Skyhawk,L1P,L
A7B7DC,N597ER,DA42,DIAMOND DA-42 Guardian,L2P,L
A7BADC,N5978D,PA18,PIPER PA-18 Super Cub,L1P,L
A7BDDC,N59826,PA31,PIPER PA-31-300/310/325/350/425,L2P,L
A7C3DC,N6PK,C310,CESSNA 310,L2P,L
A7C4DC,N6ZR,AEST,AEROSTAR 600,L2P,L
A7C5DC,N60KW,BE9L,BEECH 90 King Air,L2T,L
A7C9DC,2280,AT8T,AIR TRACTOR AT-802,L1T,M
A7CBDC,N601KE,CH60,ZENAIR CH-600 Zodiac,L1P,L
A7CCDC,N601VL,CH60,ZENAIR CH-600 Zodiac,L1P,L
A7CDDC,N6014B,C180,CESSNA  180 Skywagon,L1P,L
A7D1DC,N6026E,BE35,BEECH 35 Starfire Bonanza,L1P,L
A7D2DC,N603EV,EVSS,EVEKTOR SportStar,L1P,L
A7D3DC,N603RA,UH12,HILLER UH-12,H1P,L
A7D4DC,N60307,C150,CESSNA 150,L1P,L
A7DADC,N605LR,CRJ9,BOMBARDIER Regional Jet CRJ-900,L2J,M
A7DCDC,N6055C,L5,STINSON Sentinel,L1P,L
A7DEDC,N606PP,C414,CESSNA 414 Chancellor,L2P,L
A7E0DC,N6067F,C182,CESSNA 182 Skylane,L1P,L
A7E4DC,N6079J,C150,CESSNA 150,L1P,L
A7E8DC,N609BW,GLST,GLASAIR SH-4 GlaStar,L1P,L
A7EDDC,N61R,HROC,HARMON Rocket,L1P,L
A7F1DC,N6105Y,AT5T,AIR TRACTOR AT-504,L1T,L
A7F2DC,N611EC,E50P,EMBRAER EMB-500 Phenom 100,L2J,L
A7F5DC,N61171,,,,
A7F6DC,N612HA,F2TH,DASSAULT Falcon 2000,L2J,M
A7F8DC,N6122T,C150,CESSNA 150,L1P,L
A7F9DC,N61294,M7,MAULE M-7,L1P,L
A7FCDC,N6134W,P28A,PIPER PA-28-140/150/160/180,L1P,L
A7FDDC,N614CR,EXEC,ROTORWAY Exec,H1P,L
A800DC,N6146Z,PARA,,P0-,-
A802DC,N615RV,RV8,VANS RV-8,L1P,L
A803DC,N6151R,T210,CESSNA T210 Turbo Centurion,L1P,L
A805DC,N616JM,PA46,PIPER PA-46-310/350,L1P,L
A807DC,N6163U,T206,CESSNA T206 Turbo Stationair,L1P,L
A80BDC,N6175X,FA62,FAIRCHILD M-26 Cornell,L1P,L
A80CDC,N618EB,,,,
A80FDC,N61870,C172,CESSNA 172 Skyhawk,L1P,L
A819DC,N6209M,S108,STINSON 108 Voyager,L1P,L
A822DC,N623RC,RV6,VANS RV-6,L1P,L
A828DC,N625AM,,,,
A82ADC,N625WZ,PA18,PIPER PA-18 Super Cub,L1P,L
A82BDC,N6255E,C172,CESSNA 172 Skyhawk,L1P,L
A82FDC,N6267H,C82S,CESSNA T182 Turbo Skylane,L1P,L
A831DC,N627SP,C172,CESSNA 172 Skyhawk,L1P,L
A836DC,N6284C,CH7A,BELLANCA 7 Champion,L1P,L
A838DC,N629ND,P28A,PIPER PA-28-140/150/160/180,L1P,L
A83ADC,N6296F,C172,CESSNA 172 Skyhawk,L1P,L
A84BDC,N6334Y,PA23,PIPER PA-23,L2P,L
A84CDC,N634CT,AC50,NORTH AMERICAN ROCKWELL Commander 500,L2P,L
A84FDC,N63461,C82T,CESSNA TR182 Turbo Skylane RG,L1P,L
A856DC,N6363W,P28A,PIPER PA-28-140/150/160/180,L1P,L
A864DC,N64WF,BE36,BEECH 36 Bonanza,L1P,L
A86BDC,N6414F,C150,CESSNA 150,L1P,L
A86FDC,N6426J,P28A,PIPER PA-28-140/150/160/180,L1P,L
A871DC,N643RE,,,,
A873DC,N6438M,C152,CESSNA 152,L1P,L
A87CDC,N646PT,AS50,AEROSPATIALE AS-350 Ecureuil,H1T,L
A87EDC,N6467K,RC3,REPUBLIC RC-3 Seabee,A1P,L
A882DC,N6479N,T210,CESSNA T210 Turbo Centurion,L1P,L
A885DC,N6484E,BALL,,B0-,-
A88FDC,N65052,ST75,STEARMAN Kaydet,L1P,L
A892DC,N6510U,ULAC,,L0-,-
A897DC,N65298,BALL,,B0-,-
A89ADC,N65340,ST75,STEARMAN Kaydet,L1P,L
A89CDC,N654PA,C172,CESSNA 172 Skyhawk,L1P,L
A89FDC,N655FT,M20P,MOONEY M-20,L1P,L
A8A1DC,N6551V,BE33,BEECH 33 Bonanza,L1P,L
A8A2DC,N65586,C152,CESSNA 152,L1P,L
A8A7DC,N657MP,DRON,,D0-,-
A8ACDC,N6580T,C150,CESSNA 150,L1P,L
A8ADDC,N65874,ST75,STEARMAN Kaydet,L1P,L
A8B0DC,N6592W,P28A,PIPER PA-28-140/150/160/180,L1P,L
A8B1DC,N65997,C150,CESSNA 150,L1P,L
A8B2DC,N66LB,P28B,PIPER PA-28-201T/235/236,L1P,L
A8B3DC,N66WH,WICH,JAVELIN Wichawk,L1P,L
A8B6DC,N6602E,C175,CESSNA 175 Skylark,L1P,L
A8BBDC,N662CC,C510,CESSNA 510 Citation Mustang,L2J,L
A8C1DC,N6631C,C414,CESSNA 414 Chancellor,L2P,L
A8C2DC,N6638P,H500,HUGHES 500,H1T,L
A8C5DC,N6643F,C150,CESSNA 150,L1P,L
A8C9DC,N6655J,P28A,PIPER PA-28-140/150/160/180,L1P,L
A8CADC,N666DP,,,,
A8CDDC,N6667M,S108,STINSON 108 Voyager,L1P,L
A8D0DC,N6672D,H46,BOEING-VERTOL CH-46 Sea Knight,H2T,M
A8D1DC,N6679Q,G164,GRUMMAN G-164 Ag-Cat,L1P,L
A8D4DC,N6684G,C150,CESSNA 150,L1P,L
A8D5DC,N669CB,C180,CESSNA  180 Skywagon,L1P,L
A8D8DC,N6696K,G164,GRUMMAN G-164 Ag-Cat,L1P,L
A8D9DC,N67F,C180,CESSNA  180 Skywagon,L1P,L
A8DADC,N67RF,BE30,BEECH 300 Super King Air,L2T,L
A8E6DC,N673,C182,CESSNA 182 Skylane,L1P,L
A8EBDC,N674PC,C340,CESSNA 340 Super,L2P,L
A8EDDC,N67465,DG15,HOWARD Nightingale,L1P,L
A8FBDC,N6780V,M20P,MOONEY M-20,L1P,L
A902DC,N68WK,,,,
A904DC,N680SW,CB1,HATZ CB-1 Classic,L1P,L
A905DC,N6802G,C150,CESSNA 150,L1P,L
A90ADC,N682CE,C560,CESSNA 560 Citation Ultra,L2J,M
A90BDC,N682NL,DRON,,D0-,-
A90DDC,N6826N,M20P,MOONEY M-20,L1P,L
A914DC,N6843H,C172,CESSNA 172 Skyhawk,L1P,L
A915DC,N685AT,PA44,PIPER PA-44 Seminole,L2P,L
A91BDC,N6860C,C441,CESSNA 441 Conquest,L2T,L
A91CDC,N6867P,PA24,PIPER PA-24 Comanche,L1P,L
A91FDC,N6872F,C150,CESSNA 150,L1P,L
A923DC,N6884J,P28A,PIPER PA-28-140/150/160/180,L1P,L
A927DC,N6896M,S108,STINSON 108 Voyager,L1P,L
A929DC,N69RH,C402,CESSNA 402 Businessliner,L2P,L
A92DDC,N69056,,,,
A92FDC,N691QS,C68A,CESSNA 680 Citation Latitude,L2J,M
A935DC,N693AA,B752,BOEING 757-200,L2J,M
A936DC,N693LG,PC12,PILATUS PC-12,L1T,L
A93FDC,N6951Z,BALL,,B0-,-
A942DC,N696VA,RV12,VANS RV-12,L1P,L
A94ADC,N6980X,C172,CESSNA 172 Skyhawk,L1P,L
A94DDC,N699TP,BE30,BEECH 300 Super King Air,L2T,L
A94FDC,N7A,C170,CESSNA 170,L1P,L
A952DC,N70GS,RV4,VANS RV-4,L1P,L
A954DC,N700DC,BE36,BEECH 36 Bonanza,L1P,L
A955DC,N700PJ,C177,CESSNA  177 Cardinal,L1P,L
A957DC,N7007A,C162,CESSNA 162 Skycatcher,L1P,L
A959DC,N701SG,SR22,CIRRUS SR-22,L1P,L
A95ADC,N70113,J3,PIPER J-3 Cub,L1P,L
A95BDC,N7019D,PA22,PIPER PA-22,L1P,L
A95EDC,N70236,J3,PIPER J-3 Cub,L1P,L
A95FDC,N703BR,EA50,ECLIPSE 550,L2J,L
A963DC,N704EP,BE10,BEECH 100 King Air,L2T,L
A96ADC,N706AD,GLID,,L0-,-
A96DDC,N70647,J3,PIPER J-3 Cub,L1P,L
A96EDC,N707DB,GLAS,Glasair,L1P,L
A978DC,N70935,J3,PIPER J-3 Cub,L1P,L
A979DC,N71BQ,PA11,PIPER PA-11 Cub Special,L1P,L
A97ADC,N71MW,C182,CESSNA 182 Skylane,L1P,L
A97BDC,N71YB,PA11,PIPER PA-11 Cub Special,L1P,L
A97EDC,N7103P,PA24,PIPER PA-24 Comanche,L1P,L
A97FDC,N711AZ,P28B,PIPER PA-28-201T/235/236,L1P,L
A980DC,N711ME,BE58,BEECH 58 Baron,L2P,L
A981DC,N711XL,PA46,PIPER PA-46-310/350,L1P,L
A982DC,N7115S,UH1,BELL UH-1 Huey,H1T,L
A986DC,N7127V,M20P,MOONEY M-20,L1P,L
A988DC,N713TA,SR20,CIRRUS SR-20,L1P,L
A98CDC,N714VZ,C152,CESSNA 152,L1P,L
A98DDC,N7144Q,T206,CESSNA T206 Turbo Stationair,L1P,L
A98EDC,N715CK,B744,BOEING 747-400,L4J,H
A994DC,N7161K,PA20,PIPER PA-20 Pacer,L1P,L
A995DC,N7168W,P28A,PIPER PA-28-140/150/160/180,L1P,L
A998DC,N7173N,BE35,BEECH 35 Starfire Bonanza,L1P,L
A99CDC,N7185R,P28A,PIPER PA-28-140/150/160/180,L1P,L
A9A2DC,N72T,AA5,AMERICAN AA-5 Tiger,L1P,L
A9A8DC,N721SJ,C310,CESSNA 310,L2P,L
A9A9DC,N72115,C140,CESSNA 140,L1P,L
A9ABDC,N722KA,AT43,ATR-42-300,L2T,M
A9B1DC,N7236A,BE36,BEECH 36 Bonanza,L1P,L
A9B5DC,N7248D,PA22,PIPER PA-22,L1P,L
A9B6DC,N725HP,LNP4,LANCAIR PropJet 4,L1T,L
A9B8DC,N72526,C140,CESSNA 140,L1P,L
A9B9DC,N726AF,GLEX,BOMBARDIER BD-700 Global 6000/6500,L2J,M
A9BBDC,N726WT,RV10,VANS RV-10,L1P,L
A9BDDC,N727DD,R22,ROBINSON R-22 Mariner,H1P,L
A9BEDC,N727PK,PA18,PIPER PA-18 Super Cub,L1P,L
A9C0DC,N7277B,BE35,BEECH 35 Starfire Bonanza,L1P,L
A9C1DC,N728GB,RS12,RANS S-12 Super Airaile,L1P,L
A9C4DC,N7289E,C182,CESSNA 182 Skylane,L1P,L
A9C5DC,N729K,RV9,VANS RV-9,L1P,L
A9C7DC,N72937,C140,CESSNA 140,L1P,L
A9C8DC,N73BS,,,,
A9D0DC,N731XN,C188,CESSNA 188 AgTruck,L1P,L
A9D2DC,N732DZ,C210,CESSNA 201 Centurion,L1P,L
A9D5DC,N7327X,C150,CESSNA 150,L1P,L
A9D6DC,N733GX,C172,CESSNA 172 Skyhawk,L1P,L
A9D7DC,N733TC,C172,CESSNA 172 Skyhawk,L1P,L
A9D8DC,N7332P,PA24,PIPER PA-24 Comanche,L1P,L
A9DFDC,N735YZ,C182,CESSNA 182 Skylane,L1P,L
A9E0DC,N7356V,BL17,BELLANCA 17 Viking,L1P,L
A9E2DC,N736RR,C172,CESSNA 172 Skyhawk,L1P,L
A9E3DC,N7361M,C175,CESSNA 175 Skylark,L1P,L
A9E4DC,N7368Y,PA30,PIPER PA-30 Twin Comanche,L2P,L
A9E5DC,N737JH,C172,CESSNA 172 Skyhawk,L1P,L
A9E8DC,N738B,BE35,BEECH 35 Starfire Bonanza,L1P,L
A9EFDC,N7397W,P28A,PIPER PA-28-140/150/160/180,L1P,L
A9F0DC,N74GW,H25B,HAWKER BEECHCRAFT Hawker 750/850,L2J,M
A9F1DC,N74TB,C25C,CESSNA 525C Citation CJ4,L2J,M
A9F3DC,N740PN,,,,
A9FCDC,N7424,M7,MAULE M-7,L1P,L
AA00DC,N7436C,PA23,PIPER PA-23,L2P,L
AA06DC,N745TX,EC45,AIRBUS HELICOPTERS EC-145,H2T,L
AA0BDC,N7465A,C172,CESSNA 172 Skyhawk,L1P,L
AA0CDC,N747DF,VELO,Velocity,L1P,L
AA0DDC,N747PM,C182,CESSNA 182 Skylane,L1P,L
AA11DC,N748SK,CRJ7,BOMBARDIER Regional Jet CRJ-700,L2J,M
AA13DC,N7489G,C172,CESSNA 172 Skyhawk,L1P,L
AA18DC,N75N,BE65,BEECH 65 Queen Air,L2P,L
AA1CDC,N7503T,C172,CESSNA 172 Skyhawk,L1P,L
AA1DDC,N751BC,GALX,GULFSTREAM G200,L2J,M
AA20DC,N7515W,P28A,PIPER PA-28-140/150/160/180,L1P,L
AA21DC,N752EA,LJ25,LEARJET 25,L2J,L
AA27DC,N7532R,R22,ROBINSON R-22 Mariner,H1P,L
AA28DC,N75392,P28A,PIPER PA-28-140/150/160/180,L1P,L
AA2ADC,N754WC,GLEX,BOMBARDIER BD-700 Global 6000/6500,L2J,M
AA2BDC,N7544U,SA7,STITS Sky-Coupe,L1P,L
AA2CDC,N755CP,SR22,CIRRUS SR-22,L1P,L
AA30DC,N756FM,T206,CESSNA T206 Turbo Stationair,L1P,L
AA32DC,N7561P,PA24,PIPER PA-24 Comanche,L1P,L
AA33DC,N75680,ST75,STEARMAN Kaydet,L1P,L
AA34DC,N757JK,C152,CESSNA 152,L1P,L
AA35DC,N757UR,C152,CESSNA 152,L1P,L
AA36DC,N7573S,C182,CESSNA 182 Skylane,L1P,L
AA37DC,N758BB,J3,PIPER J-3 Cub,L1P,L
AA38DC,N758MH,C172,CESSNA 172 Skyhawk,L1P,L
AA39DC,N758XP,,,,
AA3ADC,N7585V,C77R,CESSNA 177RG Cardinal RG,L1P,L
AA3BDC,N759E,CH7A,BELLANCA 7 Champion,L1P,L
AA3DDC,N7590M,C175,CESSNA 175 Skylark,L1P,L
AA40DC,N76TD,P32R,PIPER PA-32R-300/301/301T,L1P,L
AA44DC,N7607G,C172,CESSNA 172 Skyhawk,L1P,L
AA45DC,N761GG,C152,CESSNA 152,L1P,L
AA48DC,N7619K,PA20,PIPER PA-20 Pacer,L1P,L
AA4BDC,N7624B,J3,PIPER J-3 Cub,L1P,L
AA53DC,N7648H,PA12,PIPER PA-12 Super Cruiser,L1P,L
AA5ADC,N7665C,P28A,PIPER PA-28-140/150/160/180,L1P,L
AA5BDC,N767DH,RV7,VANS RV-7,L1P,L
AA5EDC,N7677F,P28A,PIPER PA-28-140/150/160/180,L1P,L
AA66DC,N77BW,LNC2,LANCAIR 200-320,L1P,L
AA67DC,N77NB,BE9L,BEECH 90 King Air,L2T,L
AA6DDC,N771ML,RV8,VANS RV-8,L1P,L
AA70DC,N772EC,LJ60,LEARJET 60,L2J,M
AA74DC,N773HA,C650,CESSNA 650 Citation,L2J,M
AA7ADC,N7744W,P28A,PIPER PA-28-140/150/160/180,L1P,L
AA7EDC,N7756Z,PA25,PIPER PA-25 Pawnee,L1P,L
AA80DC,N776RV,RV6,VANS RV-6,L1P,L
AA81DC,N7761R,BE35,BEECH 35 Starfire Bonanza,L1P,L
AA82DC,N77682,FA24,FAIRCHILD F-24 Argus,L1P,L
AA83DC,N777JM,BE35,BEECH 35 Starfire Bonanza,L1P,L
AA84DC,N777UT,C680,CESSNA 680 Citation Sovereign,L2J,M
AA85DC,N7773U,C172,CESSNA 172 Skyhawk,L1P,L
AA88DC,N778XR,DRON,,D0-,-
AA8FDC,N78TF,M20P,MOONEY M-20,L1P,L
AA9ADC,N7824D,PA22,PIPER PA-22,L1P,L
AAA1DC,N78409,J3,PIPER J-3 Cub,L1P,L
AAA4DC,N785UA,B772,BOEING 777-200,L2J,H
AAA5DC,N7853B,B737,BOEING 737-700,L2J,M
AAA6DC,N786AM,DA40,DIAMOND DA-40 Club Star,L1P,L
AAAADC,N787DK,BE30,BEECH 300 Super King Air,L2T,L
AAADDC,N7877H,B737,BOEING 737-700,L2J,M
AAB4DC,N7894C,P28A,PIPER PA-28-140/150/160/180,L1P,L
AAB7DC,N79YK,YK50,YAKOVLEV Yak-50,L1P,L
AABEDC,N79150,C172,CESSNA 172 Skyhawk,L1P,L
AAC1DC,N7920S,B47G,BELL 47G,H1P,L
AAC4DC,N793TJ,RV9,VANS RV-9,L1P,L
AAC6DC,N79396,M20P,MOONEY M-20,L1P,L
AAC8DC,N794WG,DRON,,D0-,-
AACDDC,N79561,ST75,STEARMAN Kaydet,L1P,L
AAD0DC,N7961T,C175,CESSNA 175 Skylark,L1P,L
AAD5DC,N798BF,P06T,TECNAM P-2006T,L2P,L
AADEDC,N8TH,HROC,HARMON Rocket,L1P,L
AAE1DC,N800,MIMU,BUSHBY Midget Mustang,L1P,L
AAE4DC,N80042,LA4,LAKE LA-4/200,A1P,L
AAE6DC,N801PC,PA24,PIPER PA-24 Comanche,L1P,L
AAE8DC,N80165,C172,CESSNA 172 Skyhawk,L1P,L
AAEBDC,N8021X,C172,CESSNA 172 Skyhawk,L1P,L
AAEDDC,N803JT,HDJT,HONDA HondaJet,L2J,L
AAF7DC,N80576,GC1,GLOBE Swift,L1P,L
AAFADC,N8062Y,PA30,PIPER PA-30 Twin Comanche,L2P,L
AAFFDC,N808CW,BE60,BEECH 60 Duke,L2P,L
AB02DC,N80864,C172,CESSNA 172 Skyhawk,L1P,L
AB04DC,N809S,GLID,,L0-,-
AB05DC,N8091W,P28A,PIPER PA-28-140/150/160/180,L1P,L
AB0CDC,N8108R,BE65,BEECH 65 Queen Air,L2P,L
AB0DDC,N811JA,C550,CESSNA 550 Citation S2,L2J,L
AB0FDC,N8113H,P28A,PIPER PA-28-140/150/160/180,L1P,L
AB13DC,N8125L,PA44,PIPER PA-44 Seminole,L2P,L
AB17DC,N8137P,BE36,BEECH 36 Bonanza,L1P,L
AB18DC,N814GP,AA1,AMERICAN AA-1,L1P,L
AB1BDC,N8149S,BE20,BEECH 200 Super King Air,L2T,M
AB1EDC,N8154J,PA44,PIPER PA-44 Seminole,L2P,L
AB22DC,N8166M,C310,CESSNA 310,L2P,L
AB25DC,N8171D,PA18,PIPER PA-18 Super Cub,L1P,L
AB27DC,N818J,BE35,BEECH 35 Starfire Bonanza,L1P,L
AB2FDC,N82PW,,,,
AB33DC,N82044,P28A,PIPER PA-28-140/150/160/180,L1P,L
AB39DC,N822SC,SR22,CIRRUS SR-22,L1P,L
AB3ADC,N8221Z,C210,CESSNA 201 Centurion,L1P,L
AB3EDC,N82332,P28A,PIPER PA-28-140/150/160/180,L1P,L
AB3FDC,N824BM,A119,AGUSTA AW-119 Koala,H1T,L
AB41DC,N824XZ,S22T,CIRRUS SR-22T Turbo,L1P,L
AB42DC,N82455,PA32,PIPER PA-32,L1P,L
AB45DC,N8250X,C172,CESSNA 172 Skyhawk,L1P,L
AB49DC,N82620,CH7A,BELLANCA 7 Champion,L1P,L
AB4ADC,N827A,COL3,CESSNA 350 Corvalis,L1P,L
AB4FDC,N828PD,TB21,SOCATA TB-21 Trinidad TC,L1P,L
AB55DC,N82989,CH7A,BELLANCA 7 Champion,L1P,L
AB57DC,N83V,WAIX,SONEX Waiex,L1P,L
AB5BDC,N8308T,C175,CESSNA 175 Skylark,L1P,L
AB5EDC,N8313K,S108,STINSON 108 Voyager,L1P,L
AB60DC,N832MA,C172,CESSNA 172 Skyhawk,L1P,L
AB62DC,N8325N,BE35,BEECH 35 Starfire Bonanza,L1P,L
AB63DC,N833DT,FOX,KITFOX,L1P,L
AB69DC,N8342H,P28A,PIPER PA-28-140/150/160/180,L1P,L
AB6ADC,N8349U,C172,CESSNA 172 Skyhawk,L1P,L
AB6DDC,N8354L,C172,CESSNA 172 Skyhawk,L1P,L
AB71DC,N8366P,PA24,PIPER PA-24 Comanche,L1P,L
AB74DC,N8371F,H500,HUGHES 500,H1T,L
AB75DC,N8378S,C182,CESSNA 182 Skylane,L1P,L
AB7CDC,N8395M,C150,CESSNA 150,L1P,L
AB7FDC,N840AC,LJ45,LEARJET 45,L2J,M
AB82DC,N84046,CH7A,BELLANCA 7 Champion,L1P,L
AB86DC,N84169,C172,CESSNA 172 Skyhawk,L1P,L
AB8DDC,N84334,CH7A,BELLANCA 7 Champion,L1P,L
AB8EDC,N844BP,AS50,AEROSPATIALE AS-350 Ecureuil,H1T,L
AB91DC,N84457,CH7A,BELLANCA 7 Champion,L1P,L
AB96DC,N846HK,E145,EMBRAER ERJ-145,L2J,M
AB98DC,N84622,CH7A,BELLANCA 7 Champion,L1P,L
AB9CDC,N84745,CH7A,BELLANCA 7 Champion,L1P,L
AB9DDC,N848D,BE58,BEECH 58 Baron,L2P,L
ABA0DC,N84868,CH7A,BELLANCA 7 Champion,L1P,L
ABA5DC,N85JW,C172,CESSNA 172 Skyhawk,L1P,L
ABA6DC,N85VB,C182,CESSNA 182 Skylane,L1P,L
ABA7DC,N850FG,C172,CESSNA 172 Skyhawk,L1P,L
ABA9DC,N8501J,ERCO,AIR PRODUCTS F-1 Aircoupe,L1P,L
ABAADC,N8508V,SS2P,ROCKWELL Thrush Commander,L1P,L
ABADDC,N8513M,BALL,,B0-,-
ABAFDC,N852MC,B06,BELL 206 JetRanger,H1T,L
ABB1DC,N8525Q,AT8T,AIR TRACTOR AT-802,L1T,M
ABB3DC,N853QA,B212,BELL 212,H2T,L
ABB6DC,N854GT,B748,BOEING 747-8,L4J,H
ABB9DC,N8549W,P28B,PIPER PA-28-201T/235/236,L1P,L
ABBCDC,N8554N,ULAC,,L0-,-
ABC0DC,N8566R,BE35,BEECH 35 Starfire Bonanza,L1P,L
ABC5DC,N858JD,RV8,VANS RV-8,L1P,L
ABC9DC,N859MB,AS50,AEROSPATIALE AS-350 Ecureuil,H1T,L
ABD1DC,N86048,,,,
ABD6DC,N862GA,MD83,MCDONNELL-DOUGLAS MD-83,L2J,M
ABD8DC,N86213,AR11,AERONCA 11 Chief,L1P,L
ABD9DC,N8629D,PA22,PIPER PA-22,L1P,L
ABDCDC,N86336,E75L,EMBRAER ERJ-170-200 (long wing),L2J,M
ABE6DC,N866TT,C82T,CESSNA TR182 Turbo Skylane RG,L1P,L
ABEFDC,N8687,FLE2,FLEET 2,L1P,L
ABF0DC,N869G,P28A,PIPER PA-28-140/150/160/180,L1P,L
ABF3DC,N8699C,COY2,RANS Coyote 2,L1P,L
ABF8DC,N8701L,C56X,CESSNA 560XL Citation XLS,L2J,M
ABF9DC,N8708X,C182,CESSNA 182 Skylane,L1P,L
ABFCDC,N8713P,PA24,PIPER PA-24 Comanche,L1P,L
AC00DC,N8725S,C150,CESSNA 150,L1P,L
AC07DC,N8742M,B38M,BOEING 737 MAX 8,L2J,M
AC0BDC,N8754Q,T206,CESSNA T206 Turbo Stationair,L1P,L
AC0FDC,N8766T,B38M,BOEING 737 MAX 8,L2J,M
AC13DC,N8778W,P28B,PIPER PA-28-201T/235/236,L1P,L
AC16DC,N8783N,P28A,PIPER PA-28-140/150/160/180,L1P,L
AC1ADC,N8795R,BE95,BEECH 95 Travel Air,L2P,L
AC1BDC,N88DW,B429,BELL 429 GlobalRanger,H2T,L
AC1CDC,N88QB,BOLT,STEEN Skybolt,L1P,L
AC1DDC,N880AG,PC12,PILATUS PC-12,L1T,L
AC24DC,N8817C,P28A,PIPER PA-28-140/150/160/180,L1P,L
AC27DC,N88215,BL8,BELLANCA 8 Decathlon,L1P,L
AC2FDC,N8846A,BE35,BEECH 35 Starfire Bonanza,L1P,L
AC36DC,N88626,J3,PIPER J-3 Cub,L1P,L
AC39DC,N887WT,GLF6,GULFSTREAM G650,L2J,M
AC3CDC,N888PK,P46T,PIPER PA-46-500TP,L1T,L
AC3DDC,N888ZR,,,,
AC3EDC,N8887B,BE9L,BEECH 90 King Air,L2T,L
AC40DC,N889SH,C501,CESSNA 501 Citation 1SP,L2J,L
AC41DC,N88914,DUCE,BAKENG Duce,L1P,L
AC42DC,N8899E,P28A,PIPER PA-28-140/150/160/180,L1P,L
AC43DC,N89K,GC1,GLOBE Swift,L1P,L
AC46DC,N890RS,LJ31,LEARJET 31,L2J,M
AC48DC,N8908Z,C310,CESSNA 310,L2P,L
AC55DC,N894TC,DRON,,D0-,-
AC56DC,N8942P,PA24,PIPER PA-24 Comanche,L1P,L
AC5BDC,N896CM,BE20,BEECH 200 Super King Air,L2T,M
AC5EDC,N8966V,C172,CESSNA 172 Skyhawk,L1P,L
AC61DC,N8971M,C77R,CESSNA 177RG Cardinal RG,L1P,L
AC66DC,N899B,C550,CESSNA 550 Citation S2,L2J,L
AC67DC,N899MF,B763,BOEING 767-300,L2J,H
AC6ADC,N9DY,PTS1,PITTS S-1 Special,L1P,L
AC6BDC,N9QD,B06,BELL 206 JetRanger,H1T,L
AC6CDC,N90AJ,ASTR,GULFSTREAM AEROSPACE Gulfstream G100,L2J,M
AC6EDC,N90WW,AT8T,AIR TRACTOR AT-802,L1T,M
AC6FDC,N900HA,C25A,CESSNA 525A Citation CJ2,L2J,L
AC7ADC,N903FP,DRON,,D0-,-
AC7BDC,N903RV,RV12,VANS RV-12,L1P,L
AC7CDC,N9031R,BALL,,B0-,-
AC7DDC,N90382,GC1,GLOBE Swift,L1P,L
AC7EDC,N904JM,LNP4,LANCAIR PropJet 4,L1T,L
AC89DC,N907H,,,,
AC8BDC,N9072S,BE36,BEECH 36 Bonanza,L1P,L
AC8CDC,N90793,,,,
AC8EDC,N908WD,PA18,PIPER PA-18 Super Cub,L1P,L
AC8FDC,N9084V,M20P,MOONEY M-20,L1P,L
AC90DC,N909CQ,C82T,CESSNA TR182 Turbo Skylane RG,L1P,L
AC93DC,N9096Y,BALL,,B0-,-
AC94DC,N91FN,RV9,VANS RV-9,L1P,L
AC97DC,N910NE,,,,
AC9BDC,N911RC,BALL,,B0-,-
AC9DDC,N9118K,S108,STINSON 108 Voyager,L1P,L
ACA0DC,N9123B,C172,CESSNA 172 Skyhawk,L1P,L
ACA4DC,N9135E,AR11,AERONCA 11 Chief,L1P,L
ACA5DC,N914DK,BE9L,BEECH 90 King Air,L2T,L
ACA8DC,N9147H,F2TH,DASSAULT Falcon 2000,L2J,M
ACAADC,N915SP,C182,CESSNA 182 Skylane,L1P,L
ACACDC,N9159L,CH7A,BELLANCA 7 Champion,L1P,L
ACAFDC,N9164C,C82R,CESSNA R182 Skylane RG,L1P,L
ACB3DC,N9176F,H500,HUGHES 500,H1T,L
ACB6DC,N91808,GLID,,L0-,-
ACB7DC,N9188J,P28A,PIPER PA-28-140/150/160/180,L1P,L
ACBADC,N9193A,C170,CESSNA 170,L1P,L
ACBCDC,N92LS,LS8,ROLLADEN-SCHNEIDER LS-8T,L1P,L
ACBDDC,N92WY,HUSK,CHRISTEN Husky,L1P,L
ACC1DC,N92096,J3,PIPER J-3 Cub,L1P,L
ACCBDC,N9231T,C180,CESSNA  180 Skywagon,L1P,L
ACCCDC,N92384,J3,PIPER J-3 Cub,L1P,L
ACCDDC,N924JP,,,,
ACCFDC,N9243W,,,,
ACD0DC,N925BF,T206,CESSNA T206 Turbo Stationair,L1P,L
ACD1DC,N925MM,C172,CESSNA 172 Skyhawk,L1P,L
ACD6DC,N9260R,C82R,CESSNA R182 Skylane RG,L1P,L
ACD7DC,N92672,UH12,HILLER UH-12,H1P,L
ACD9DC,N927TH,SAKO,RANS S-10 Sakota,L1P,L
ACDADC,N9272U,,,,
ACDEDC,N9284X,PA46,PIPER PA-46-310/350,L1P,L
ACDFDC,N929CS,T206,CESSNA T206 Turbo Stationair,L1P,L
ACE2DC,N92960,SKYR,REARWIN Skyranger,L1P,L
ACE4DC,N93RW,SBD,DOUGLAS SBD Dauntless,L1P,L
ACE8DC,N9306J,P28A,PIPER PA-28-140/150/160/180,L1P,L
ACF3DC,N9335G,,,,
ACF4DC,N934DM,T34P,BEECH T-34 Mentor,L1P,L
ACF9DC,N935SR,SR22,CIRRUS SR-22,L1P,L
ACFBDC,N9359N,P28R,PIPER PA-28R-180/200/201,L1P,L
ACFFDC,N937C,S108,STINSON 108 Voyager,L1P,L
AD04DC,N938RD,C25B,CESSNA 525B Citation CJ3,L2J,L
AD06DC,N9388L,,,,
AD09DC,N9393C,C180,CESSNA  180 Skywagon,L1P,L
AD0CDC,N94X,PA18,PIPER PA-18 Super Cub,L1P,L
AD0FDC,N9402X,C210,CESSNA 201 Centurion,L1P,L
AD11DC,N941LC,,,,
AD13DC,N94140,C152,CESSNA 152,L1P,L
AD17DC,N94263,T210,CESSNA T210 Turbo Centurion,L1P,L
AD1CDC,N944JR,RV9,VANS RV-9,L1P,L
AD25DC,N9460T,H500,HUGHES 500,H1T,L
AD29DC,N9472W,P28B,PIPER PA-28-201T/235/236,L1P,L
AD2FDC,N949P,PA24,PIPER PA-24 Comanche,L1P,L
AD32DC,N95FS,PA30,PIPER PA-30 Twin Comanche,L2P,L
AD38DC,N951FA,AT8T,AIR TRACTOR AT-802,L1T,M
AD42DC,N9535J,P28A,PIPER PA-28-140/150/160/180,L1P,L
AD45DC,N9540A,C170,CESSNA 170,L1P,L
AD46DC,N9547M,M20P,MOONEY M-20,L1P,L
AD48DC,N955ST,A119,AGUSTA AW-119 Koala,H1T,L
AD4EDC,N957CB,BE20,BEECH 200 Super King Air,L2T,M
AD51DC,N9576K,P28A,PIPER PA-28-140/150/160/180,L1P,L
AD58DC,N9593E,AR11,AERONCA 11 Chief,L1P,L
AD68DC,N963SA,AS50,AEROSPATIALE AS-350 Ecureuil,H1T,L
AD6ADC,N96388,TAYB,TAYLORCRAFT BC/BF/BL,L1P,L
AD6BDC,N964JT,A321,AIRBUS A-321,L2J,M
AD6DDC,N96430,TAYB,TAYLORCRAFT BC/BF/BL,L1P,L
AD71DC,N96553,TAYB,TAYLORCRAFT BC/BF/BL,L1P,L
AD77DC,N967TM,SA50,STOLP Starlet,L1P,L
AD7CDC,N96841,TAYB,TAYLORCRAFT BC/BF/BL,L1P,L
AD83DC,N970CE,,,,
AD84DC,N970NL,C210,CESSNA 201 Centurion,L1P,L
AD89DC,N9711E,AR11,AERONCA 11 Chief,L1P,L
AD8ADC,N9718R,BE35,BEECH 35 Starfire Bonanza,L1P,L
AD8DDC,N9723H,C172,CESSNA 172 Skyhawk,L1P,L
AD96DC,N975GP,RV9,VANS RV-9,L1P,L
ADA0DC,N9776M,M10,MOONEY M-10 Cadet,L1P,L
ADA8DC,N98AS,ASTO,TECNAM Astore,L1P,L
ADADDC,N98021,P28A,PIPER PA-28-140/150/160/180,L1P,L
ADB1DC,N98144,P28A,PIPER PA-28-140/150/160/180,L1P,L
ADB7DC,N983SC,PC12,PILATUS PC-12,L1T,L
ADC0DC,N98555,J3,PIPER J-3 Cub,L1P,L
ADC4DC,N98678,J3,PIPER J-3 Cub,L1P,L
ADCBDC,N98843,C172,CESSNA 172 Skyhawk,L1P,L
ADD0DC,N99FW,VEZE,RUTAN VariEze,L1P,L
ADD1DC,N99SB,BE36,BEECH 36 Bonanza,L1P,L
ADD3DC,N990NN,B738,BOEING 737-800,L2J,M
ADD6DC,N991FE,C208,CESSNA 208 Caravan,L1T,L
ADD7DC,N991RL,GALX,GULFSTREAM G200,L2J,M
ADD9DC,N9918T,M6,MAULE M-6,L1P,L
ADDEDC,N993MA,LS8,ROLLADEN-SCHNEIDER LS-8T,L1P,L
ADE0DC,N9935N,C180,CESSNA  180 Skywagon,L1P,L
ADE3DC,N9940E,C182,CESSNA 182 Skylane,L1P,L
ADE8DC,N9959U,AA5,AMERICAN AA-5 Tiger,L1P,L
ADEBDC,N9964L,C172,CESSNA 172 Skyhawk,L1P,L
ADEEDC,N997YT,ULAC,,L0-,-
ADEFDC,N9976P,PA36,PIPER PA-36 Pawnee Brave,L1P,L
ADF0DC,N998FD,B752,BOEING 757-200,L2J,M
ADF2DC,N9981F,C72R,CESSNA 172R Cutlass RG,L1P,L
ADF5DC,N999UH,R44,ROBINSON R-44 Raven,H1P,L
ADFCDC,94-0125,BE40,BEECH 400 Beechjet,L2J,M
ADFDDC,94-7315,C130,LOCKHEED C-130 Hercules,L4T,M
ADFEDC,86-00086,BE20,BEECH 200 Super King Air,L2T,M
ADFFDC,66-4337,T38,NORTHROP T-38 Talon,L2J,L
AE00DC,64-13211,T38,NORTHROP T-38 Talon,L2J,L
AE02DC,89-1184,C130,LOCKHEED C-130 Hercules,L4T,M
AE03DC,165352,C130,LOCKHEED C-130 Hercules,L4T,M
AE04DC,57-1461,K35R,BOEING KC-135R/T Stratotanker,L4J,H
AE06DC,163554,BE20,BEECH 200 Super King Air,L2T,M
AE07DC,93-0602,C17,BOEING C-17 Globemaster 3,L4J,H
AE08DC,166381,C30J,LOCKHEED MARTIN C-130J Super Hercules,L4T,M
AE09DC,86-24508,H60,SIKORSKY UH-60 Black Hawk,H2T,M
AE0DDC,83-23905,H60,SIKORSKY UH-60 Black Hawk,H2T,M
AE11DC,76-1605,E3TF,BOEING E-3 Sentry (TF33),L4J,H
AE21DC,83-23662,H60,SIKORSKY UH-60 Black Hawk,H2T,M
AE29DC,08-3172,C30J,LOCKHEED MARTIN C-130J Super Hercules,L4T,M
AE2EDC,166095,TEX2,BEECHCRAFT T-6 Texan 2,L1T,L
AE47DC,07-20026,H60,SIKORSKY UH-60 Black Hawk,H2T,M
AE49DC,168372,F18S,BOEING FA-18 SUPER HORNET,L2J,M
AE4BDC,08-5705,C30J,LOCKHEED MARTIN C-130J Super Hercules,L4T,M
AE4EDC,10-0113,SR20,CIRRUS SR-20,L1P,L
AE4FDC,168140,H60,SIKORSKY UH-60 Black Hawk,H2T,M
AE50DC,10-20284,H60,SIKORSKY UH-60 Black Hawk,H2T,M
AE51DC,11-20377,H60,SIKORSKY UH-60 Black Hawk,H2T,M
AE54DC,166202,TEX2,BEECHCRAFT T-6 Texan 2,L1T,L
AE56DC,13-20628,H60,SIKORSKY UH-60 Black Hawk,H2T,M
AE59DC,15-08177,H47,BOEING-VERTOL CH-47 Chinook,H2T,M
AE5ADC,15-20762,H60,SIKORSKY UH-60 Black Hawk,H2T,M
AE5BDC,15-20801,H60,SIKORSKY UH-60 Black Hawk,H2T,M
AE5CDC,88-26115,H60,SIKORSKY UH-60 Black Hawk,H2T,M
AE5EDC,162060,B06,BELL 206 JetRanger,H1T,L
AE63DC,68-8179,T38,NORTHROP T-38 Talon,L2J,L
AE69DC,14-00841,B350,BEECHCRAFT Super King Air 350,L2T,M
AE73DC,170177,A119,AGUSTA AW-119 Koala,H1T,L
C001DC,C-FASH,C185,CESSNA 185 Skywagon,L1P,L
C002DC,C-FBCD,C180,CESSNA  180 Skywagon,L1P,L
C004DC,C-FBVV,,,,
C005DC,C-FCFR,C140,CESSNA 140,L1P,L
C006DC,C-FCPN,C175,CESSNA 175 Skylark,L1P,L
C008DC,C-FDJF,DA42,DIAMOND DA-42 Guardian,L2P,L
C009DC,C-FDTB,SREY,PROGRESSIVE AERODYNE SeaRey,A1P,L
C00ADC,C-FECX,C185,CESSNA 185 Skywagon,L1P,L
C00BDC,C-FEMT,LJ40,LEARJET 40,L2J,M
C00CDC,C-FEWP,C206,CESSNA  206 Stationair,L1P,L
C00DDC,C-FFGL,,,,
C00EDC,C-FFQH,S108,STINSON 108 Voyager,L1P,L
C00FDC,C-FGAD,RC3,REPUBLIC RC-3 Seabee,A1P,L
C010DC,C-FGJZ,P28A,PIPER PA-28-140/150/160/180,L1P,L
C011DC,C-FGTV,DA42,DIAMOND DA-42 Guardian,L2P,L
C012DC,C-FHDR,ULAC,,L0-,-
C013DC,C-FHNN,B737,BOEING 737-700,L2J,M
C014DC,C-FHXJ,,,,
C015DC,C-FIHF,CH7A,BELLANCA 7 Champion,L1P,L
C017DC,C-FJAX,CH7A,BELLANCA 7 Champion,L1P,L
C018DC,C-FJKT,DHC2,DE HAVILLAND DHC-2 Beaver,L1P,L
C019DC,C-FJUP,CH70,ZENAIR CH-701 Stol,L1P,L
C01BDC,C-FKOH,J3,PIPER J-3 Cub,L1P,L
C01DDC,C-FLHZ,AS65,AEROSPATIALE AS-365 Dauphin 2,H2T,L
C01FDC,C-FMBR,,,,
C021DC,C-FMVJ,,,,
C024DC,C-FNYX,C172,CESSNA 172 Skyhawk,L1P,L
C026DC,C-FOSP,DHC2,DE HAVILLAND DHC-2 Beaver,L1P,L
C027DC,C-FPCL,PC12,PILATUS PC-12,L1T,L
C028DC,C-FPMH,PA44,PIPER PA-44 Seminole,L2P,L
C029DC,C-FPWD,A320,AIRBUS A-320,L2J,M
C02ADC,C-FQFZ,C150,CESSNA 150,L1P,L
C02EDC,C-FRTJ,COY2,RANS Coyote 2,L1P,L
C02FDC,C-FSDF,ULAC,,L0-,-
C030DC,C-FSNB,C172,CESSNA 172 Skyhawk,L1P,L
C031DC,C-FSWX,TAYA,TAYLORCRAFT A,L1P,L
C032DC,C-FTGT,C182,CESSNA 182 Skylane,L1P,L
C033DC,C-FTQP,C170,CESSNA 170,L1P,L
C037DC,C-FVDZ,C180,CESSNA  180 Skywagon,L1P,L
C038DC,C-FVNV,M4,MAULE M-4,L1P,L
C039DC,C-FVXR,,,,
C03ADC,C-FWHN,P28A,PIPER PA-28-140/150/160/180,L1P,L
C03BDC,C-FWRJ,S05R,SIAI-MARCHETTI S-205-22R,L1P,L
C03DDC,C-FXLB,C150,CESSNA 150,L1P,L
C03EDC,C-FXUX,,,,
C040DC,C-FYOP,P28A,PIPER PA-28-140/150/160/180,L1P,L
C041DC,C-FYYL,C182,CESSNA 182 Skylane,L1P,L
C042DC,C-FZIH,B06,BELL 206 JetRanger,H1T,L
C044DC,C-GABZ,PA22,PIPER PA-22,L1P,L
C046DC,C-GAVR,UL10,ULTIMATE Albertan,L1P,L
C047DC,C-GBFN,P28A,PIPER PA-28-140/150/160/180,L1P,L
C048DC,C-GBPJ,LA4,LAKE LA-4/200,A1P,L
C04ADC,C-GCJB,B752,BOEING 757-200,L2J,M
C04BDC,C-GCSX,CL2P,CANADAIR CL-215,A2P,M
C04CDC,C-GDCT,ULAC,,L0-,-
C04DDC,C-GDMP,B738,BOEING 737-800,L2J,M
C04EDC,C-GDWL,BU31,BUCKER Bu-131 Jungmann,L1P,L
C04FDC,C-GEGH,C421,CESSNA 421 Executive Commuter,L2P,L
C050DC,C-GEQD,,,,
C051DC,C-GEZZ,EAGL,CHRISTEN Eagle,L1P,L
C052DC,C-GFJV,C152,CESSNA 152,L1P,L
C053DC,C-GFTR,GLID,,L0-,-
C054DC,C-GGDN,C182,CESSNA 182 Skylane,L1P,L
C055DC,C-GGNJ,C150,CESSNA 150,L1P,L
C056DC,C-GGXF,AC11,NORTH AMERICAN ROCKWELL Commander 112/114,L1P,L
C057DC,C-GHHB,,,,
C058DC,C-GHQX,C172,CESSNA 172 Skyhawk,L1P,L
C059DC,C-GIAT,C185,CESSNA 185 Skywagon,L1P,L
C05ADC,C-GIKP,,,,
C05BDC,C-GIUL,,,,
C05CDC,C-GJEH,PA24,PIPER PA-24 Comanche,L1P,L
C05EDC,C-GJXZ,AS50,AEROSPATIALE AS-350 Ecureuil,H1T,L
C05FDC,C-GKHV,H500,HUGHES 500,H1T,L
C060DC,C-GKRR,GLID,,L0-,-
C061DC,C-GLBN,C172,CESSNA 172 Skyhawk,L1P,L
C062DC,C-GLLJ,LJ75,LEARJET 75,L2J,M
C064DC,C-GMFB,H25B,HAWKER BEECHCRAFT Hawker 750/850,L2J,M
C066DC,C-GMYT,MITE,MOONEY M-18,L1P,L
C067DC,C-GNIP,,,,
C068DC,C-GNSL,C310,CESSNA 310,L2P,L
C069DC,C-GOCH,P28A,PIPER PA-28-140/150/160/180,L1P,L
C06ADC,C-GOMD,SV4,NORD SV-4,L1P,L
C06BDC,C-GOVZ,PA31,PIPER PA-31-300/310/325/350/425,L2P,L
C06CDC,C-GPFV,PA38,PIPER PA-38 Tomahawk,L1P,L
C06EDC,C-GPZN,LA4,LAKE LA-4/200,A1P,L
C070DC,C-GQTF,C177,CESSNA  177 Cardinal,L1P,L
C071DC,C-GRDB,C172,CESSNA 172 Skyhawk,L1P,L
C072DC,C-GRMX,BALL,,B0-,-
C073DC,C-GRWT,ULAC,,L0-,-
C075DC,C-GSQL,B412,BELL 412,H2T,L
C076DC,C-GTAH,F28,FOKKER F-28,L2J,M
C077DC,C-GTKD,C206,CESSNA  206 Stationair,L1P,L
C078DC,C-GTTZ,,,,
C079DC,C-GUDV,P28A,PIPER PA-28-140/150/160/180,L1P,L
C07ADC,C-GUNR,LA4,LAKE LA-4/200,A1P,L
C07BDC,C-GUXN,AA5,AMERICAN AA-5 Tiger,L1P,L
C07CDC,C-GVHJ,GLID,,L0-,-
C07DDC,C-GVRF,ZZZZ,,-0-,-
C07EDC,C-GWBB,C172,CESSNA 172 Skyhawk,L1P,L
C07FDC,C-GWKX,C185,CESSNA 185 Skywagon,L1P,L
C080DC,C-GWUT,C185,CESSNA 185 Skywagon,L1P,L
C081DC,C-GXEP,C172,CESSNA 172 Skyhawk,L1P,L
C083DC,C-GXYH,B06,BELL 206 JetRanger,H1T,L
C084DC,C-GYID,C177,CESSNA  177 Cardinal,L1P,L
C085DC,C-GYRZ,PA22,PIPER PA-22,L1P,L
C086DC,C-GZBV,C180,CESSNA  180 Skywagon,L1P,L
C087DC,C-GZLR,UHEL,,H0-,-
C089DC,C-IAFJ,ULAC,,L0-,-
C08ADC,C-IAPF,ULAC,,L0-,-
C08BDC,C-IAZB,ULAC,,L0-,-
C08CDC,C-IBIX,ULAC,,L0-,-
C08DDC,C-IBST,MAME,BLUE YONDER Merlin,L1P,L
C091DC,C-IDGD,ULAC,,L0-,-
C093DC,C-IDZV,ULAC,,L0-,-
C095DC,C-IETN,ULAC,,L0-,-
C096DC,C-IFDJ,PARA,,P0-,-
C097DC,C-IFNF,,,,
C099DC,C-IGGX,PARA,,P0-,-
C09ADC,C-IGQT,BEVR,ASAP Beaver,L1P,L
C09BDC,C-IHAP,PARA,,P0-,-
C09CDC,C-IHKL,CH70,ZENAIR CH-701 Stol,L1P,L
C09DDC,C-IHUH,ULAC,,L0-,-
C09FDC,C-IINZ,CH60,ZENAIR CH-600 Zodiac,L1P,L
C0A1DC,C-IJHR,PARA,,P0-,-
C0A2DC,C-IJRN,,,,
C0A4DC,C-IKLF,TAYB,TAYLORCRAFT BC/BF/BL,L1P,L
C0A6DC,C-ILEX,,,,
C0A8DC,C-ILYP,,,,
C0A9DC,C-IMIL,BEVR,ASAP Beaver,L1P,L
C0B2DC,C-IPTB,ULAC,,L0-,-
C0C8DC,C-IYBR,ULAC,,L0-,-
C1E4DC,SERV,SERV,,V0-,-
C1E9DC,SERV,SERV,,V0-,-
C802DC,ZK-DHV,C172,CESSNA 172 Skyhawk,L1P,L
C803DC,ZK-ECY,P28A,PIPER PA-28-140/150/160/180,L1P,L
C80ADC,ZK-EEO,GY20,CAB GY-20 Minicab,L1P,L
C80BDC,ZK-DDC,MIMU,BUSHBY Midget Mustang,L1P,L
C80DDC,ZK-MBO,PA44,PIPER PA-44 Seminole,L2P,L
C812DC,ZK-JHY,RBEL,MURPHY Rebel,L1P,L
C813DC,ZK-HJS,H500,HUGHES 500,H1T,L
C814DC,ZK-JMF,CT4,PACIFIC AEROSPACE CT-4 Airtrainer,L1P,L
C819DC,ZK-NEJ,DH8C,DE HAVILLAND DHC-8-300 Dash 8,L2T,M
C81ADC,ZK-IFS,H500,HUGHES 500,H1T,L
C81CDC,ZK-HHV,UH12,HILLER UH-12,H1P,L
C81DDC,ZK-WPT,D31,ROLLASON D-31 Turbulent,L1P,L
C81EDC,ZK-KOT,COY2,RANS Coyote 2,L1P,L
C81FDC,ZK-HAL,B06,BELL 206 JetRanger,H1T,L
C821DC,ZK-JTW,CDUS,AUTOGYRO Calidus,G1P,L
C822DC,ZK-NJC,SSTL,JUST JA30 SuperSTOL,L1P,L
C823DC,ZK-SNG,SRAI,GREAT PLAINS Sonerai,L1P,L
C828DC,ZK-TPT,P208,TECNAM P-2008,L1P,L
C829DC,ZK-MEL,RV7,VANS RV-7,L1P,L
E47FDC,PR-MLG,BE20,BEECH 200 Super King Air,L2T,M
E480DC,PR-GGD,B738,BOEING 737-800,L2J,M
E484DC,PP-NTX,BE20,BEECH 200 Super King Air,L2T,M
E486DC,PR-GSP,EC35,AIRBUS HELICOPTERS EC-135/635,H2T,L
E492DC,PP-XKZ,BL8,BELLANCA 8 Decathlon,L1P,L
E493DC,PR-GVJ,BE9L,BEECH 90 King Air,L2T,L
E498DC,PT-YJH,B06,BELL 206 JetRanger,H1T,L
