0089E4,ZS-DST,C172,CESSNA 172 Skyhawk,L1P,L
008AE4,ZS-ECP,C182,CESSNA 182 Skylane,L1P,L
008DE4,ZS-FGD,B738,BOEING 737-800,L2J,M
008FE4,ZS-FZV,S05R,SIAI-MARCHETTI S-205-22R,L1P,L
0099E4,ZS-JUH,PA34,PIPER PA-34 Seneca,L2P,L
009FE4,ZS-MBJ,AC11,NORTH AMERICAN ROCKWELL Commander 112/114,L1P,L
00A2E4,ZS-NEX,B763,BOEING 767-300,L2J,H
00A5E4,ZS-OIL,PC12,PILATUS PC-12,L1T,L
00ADE4,ZS-RJF,B407,BELL 407,H1T,L
00B1E4,ZS-SWP,PA44,PIPER PA-44 Seminole,L2P,L
00E3E4,ZU-LUX,RV10,VANS RV-10,L1P,L
0100E4,SU-BPU,A320,AIRBUS A-320,L2J,M
0101E4,SU-TMM,B737,BOEING 737-700,L2J,M
0200E4,CN-BZK,EC35,AIRBUS HELICOPTERS EC-135/635,H2T,L
04C0E4,5Y-CBV,D228,DORNIER 228,L2T,L
04C1E4,5Y-IZO,F50,FOKKER 50,L2T,M
06A0E4,A7-AME,A359,AIRBUS A-350-900,L2J,H
06A1E4,A7-HBJ,B748,BOEING 747-8,L4J,H
06A2E4,A7-BHA,B789,BOEING 787-9 Dreamliner,L2J,H
0900E4,D2-ANT,F900,DASSAULT Falcon 900,L3J,M
0AC7E4,FAC4001,B212,BELL 212,H2T,L
0C20E4,HP-1786FT,C172,CESSNA 172 Skyhawk,L1P,L
0D05E4,XA-MAC,E190,EMBRAER ERJ-190-100,L2J,M
0D06E4,XA-ASH,H25B,HAWKER BEECHCRAFT Hawker 750/850,L2J,M
0D07E4,XA-BPK,E145,EMBRAER ERJ-145,L2J,M
0D08E4,ANX-1194,B350,BEECHCRAFT Super King Air 350,L2T,M
0D09E4,XA-DLV,H25B,HAWKER BEECHCRAFT Hawker 750/850,L2J,M
0D0AE4,XB-GZA,C206,CESSNA  206 Stationair,L1P,L
0D0BE4,XB-GFA,C402,CESSNA 402 Businessliner,L2P,L
0D0CE4,XA-RSC,LJ75,LEARJET 75,L2J,M
0D81E4,YV3012,B734,BOEING 737-400,L2J,M
0D83E4,YV2142,SW3,SWEARINGEN Merlin 3,L2T,L
10C3E4,GND,GND,,V0-,-
1101E4,GND,GND,,V0-,-
140AE4,RA-02788,E550,EMBRAER EMB-550 Praetor 600,L2J,M
141CE4,RA-07396,R66,ROBINSON R-66,H1T,L
1468E4,26852,MG29,MIKOYAN MiG-29/33/35,L2J,M
151DE4,RA-73188,B738,BOEING 737-800,L2J,M
151EE4,RA-73444,A21N,AIRBUS A-321neo,L2J,M
151FE4,RA-73700,A333,AIRBUS A-330-300,L2J,H
155BE4,RA-89060,SU95,SUKHOI Superjet 100-95,L2J,M
1D2BE4,RF-76772,IL76,ILYUSHIN Il-76/82,L4J,H
3002E4,I-RDSN,A109,AGUSTA AW-109 Grand,H2T,L
3005E4,I-MODU,P28A,PIPER PA-28-140/150/160/180,L1P,L
3006E4,I-ECTW,B427,BELL 427,H2T,L
3008E4,I-RVMM,A109,AGUSTA AW-109 Grand,H2T,L
33FDE4,MM81550,NH90,NHI NH-90,H2T,M
33FFE4,MM62192,C30J,LOCKHEED MARTIN C-130J Super Hercules,L4T,M
382EE4,F-BLXE,RF3,FOURNIER RF-3,L1P,L
3834E4,F-BNHE,WA41,WASSMER WA-41 Baladou,L1P,L
384AE4,F-BSXE,RALL,SOCATA Rallye,L1P,L
3850E4,F-BUHE,DR40,ROBIN DR-400,L1P,L
3851E4,F-BUPE,DR40,ROBIN DR-400,L1P,L
385CE4,F-BXHE,CP10,CAP AVIATION CAP-10,L1P,L
3900E4,F-GAHE,DR40,ROBIN DR-400,L1P,L
3902E4,F-GAXE,R200,ROBIN Alpha,L1P,L
3916E4,F-GFXE,DR40,ROBIN DR-400,L1P,L
3920E4,F-GIHE,R22,ROBINSON R-22 Mariner,H1P,L
3921E4,F-GIPE,M20P,MOONEY M-20,L1P,L
3926E4,F-GJXE,TOBA,SOCATA Tobago,L1P,L
3932E4,F-GMXE,DR40,ROBIN DR-400,L1P,L
3939E4,F-GOPE,B190,BEECH 1900,L2T,M
3949E4,F-GSPE,B772,BOEING 777-200,L2J,H
394DE4,F-GTPE,DR40,ROBIN DR-400,L1P,L
3951E4,F-GUPE,B190,BEECH 1900,L2T,M
3961E4,F-GYPE,E135,EMBRAER ERJ-135,L2J,M
3964E4,F-GZHE,B738,BOEING 737-800,L2J,M
3965E4,F-GZPE,P180,PIAGGIO P-180 Avanti,L2T,L
3980E4,F-HAHE,APM3,ISSOIRE APM-30 Lion,L1P,L
3981E4,F-HAPE,B190,BEECH 1900,L2T,M
3982E4,F-HAXE,EC35,AIRBUS HELICOPTERS EC-135/635,H2T,L
3985E4,F-HBPE,E145,EMBRAER ERJ-145,L2J,M
3986E4,F-HBXE,E170,EMBRAER ERJ-170-100,L2J,M
3989E4,F-HCPE,P180,PIAGGIO P-180 Avanti,L2T,L
3990E4,F-HEHE,SR22,CIRRUS SR-22,L1P,L
3991E4,F-HEPE,A320,AIRBUS A-320,L2J,M
3992E4,F-HEXE,DR40,ROBIN DR-400,L1P,L
3995E4,F-HFPE,C172,CESSNA 172 Skyhawk,L1P,L
3999E4,F-HGPE,E55P,EMBRAER EMB-505 Phenom 300,L2J,M
39A1E4,F-HIPE,E55P,EMBRAER EMB-505 Phenom 300,L2J,M
39ADE4,F-HLPE,M20P,MOONEY M-20,L1P,L
39B8E4,F-HOHE,R44,ROBINSON R-44 Raven,H1P,L
39D1E4,F-HUPE,P32T,PIPER PA-32RT-300/300T,L1P,L
39E1E4,F-HYPE,EC20,AIRBUS HELICOPTERS EC-120,H1T,L
3A22E4,F-OIXE,AT45,ATR-42-500,L2T,M
3AAAE4,2316,AS32,AEROSPATIALE AS-332 Super Puma,H2T,M
3AABE4,F-MBHA,TIGR,AIRBUS HELICOPTERS EC-665 Tiger,H2T,L
3B77E4,F-RAFQ,F900,DASSAULT Falcon 900,L3J,M
3B9BE4,F-XHDC,AS65,AEROSPATIALE AS-365 Dauphin 2,H2T,L
3C09E4,D-ASTJ,A319,AIRBUS A-319,L2J,M
3C1CE4,D-AZYL,A21N,AIRBUS A-321neo,L2J,M
3C56E4,D-AEWD,A320,AIRBUS A-320,L2J,M
3C5EE4,D-AGWD,A319,AIRBUS A-319,L2J,M
3C66E4,D-AIWD,A320,AIRBUS A-320,L2J,M
3CDFE4,D-CMCA,C25B,CESSNA 525B Citation CJ3,L2J,L
3CE6E4,D-COSY,D328,DORNIER 328,L2T,M
3D04E4,D-EACI,D11,JODEL D-11x/12x,L1P,L
3D06E4,D-EAWA,GY80,DAHER-SOCATA GY-80 Horizon,L1P,L
3D07E4,D-EBFW,ME08,MESSERSCHMITT Bf-108 Taifun,L1P,L
3D08E4,D-EBPS,RV7,VANS RV-7,L1P,L
3D0AE4,D-ECJK,C172,CESSNA 172 Skyhawk,L1P,L
3D0CE4,D-EDDC,P28R,PIPER PA-28R-180/200/201,L1P,L
3D0EE4,D-EDWU,GLID,,L0-,-
3D10E4,D-EEQM,BU31,BUCKER Bu-131 Jungmann,L1P,L
3D11E4,D-EFAI,Z26,ZLIN Z-26/126/226/326/526/626/726,L1P,L
3D15E4,D-EGNS,RALL,SOCATA Rallye,L1P,L
3D16E4,D-EGXO,JUNR,BOLKOW BO-208 Junior,L1P,L
3D17E4,D-EHHK,DR10,CENTRE EST Ambassadeur,L1P,L
3D18E4,D-EHRG,SR22,CIRRUS SR-22,L1P,L
3D1DE4,D-EJOM,C182,CESSNA 182 Skylane,L1P,L
3D20E4,D-EKSA,P28U,PIPER PA-28RT-201T Turbo,L1P,L
3D21E4,D-ELBW,S22T,CIRRUS SR-22T Turbo,L1P,L
3D22E4,D-ELLS,RALL,SOCATA Rallye,L1P,L
3D23E4,D-ELVO,C172,CESSNA 172 Skyhawk,L1P,L
3D24E4,D-EMFK,SR20,CIRRUS SR-20,L1P,L
3D27E4,D-ENIY,P28A,PIPER PA-28-140/150/160/180,L1P,L
3D2AE4,D-EOMM,BU31,BUCKER Bu-131 Jungmann,L1P,L
3D2BE4,D-EOWI,C172,CESSNA 172 Skyhawk,L1P,L
3D31E4,D-ERDK,SR20,CIRRUS SR-20,L1P,L
3D38E4,D-ETUI,AR65,AERONCA 65 Super Chief,L1P,L
3D3EE4,D-EWBK,RV7,VANS RV-7,L1P,L
3D3FE4,D-EWLG,M7,MAULE M-7,L1P,L
3D47E4,D-EZMA,HUSK,CHRISTEN Husky,L1P,L
3D68E4,D-FLYY,P46T,PIPER PA-46-500TP,L1T,L
3D78E4,D-FSAM,TBM9,SOCATA TBM-900/910/930/940,L1T,L
3DAFE4,D-GMWA,PA30,PIPER PA-30 Twin Comanche,L2P,L
3DD3E4,D-HAMM,B06,BELL 206 JetRanger,H1T,L
3DDDE4,D-HEGY,AS3B,AEROSPATIALE AS-332 Super Puma Mk2,H2T,M
3DE5E4,D-HHHS,R44,ROBINSON R-44 Raven,H1P,L
3E02E4,D-HSHG,EC20,AIRBUS HELICOPTERS EC-120,H1T,L
3E0AE4,D-HVIA,AS50,AEROSPATIALE AS-350 Ecureuil,H1T,L
3E0FE4,D-HXFG,EC45,AIRBUS HELICOPTERS EC-145,H2T,L
3E4DE4,D-IURS,C525,CESSNA 525 CitationJet,L2J,L
3E5DE4,D-KATG,DG50,DG FLUGZEUGBAU DG-500M,L1P,L
3E5EE4,D-KBDC,DG60,DG FLUGZEUGBAU DG-600M,L1P,L
3E63E4,D-KDAI,SF25,SCHEIBE SF-25 Falke,L1P,L
3E65E4,D-KDUA,AS29,SCHLEICHER ASG-29,L1P,L
3E68E4,D-KEXO,DIMO,DIAMOND H-36 Dimona,L1P,L
3E6FE4,D-KHOM,GLID,,L0-,-
3E72E4,D-KISA,GLID,,L0-,-
3E76E4,D-KKFK,DISC,SCHEMPP-HIRTH Discus,L1P,L
3E7AE4,D-KLSU,DISC,SCHEMPP-HIRTH Discus,L1P,L
3E7CE4,D-KMMM,SF25,SCHEIBE SF-25 Falke,L1P,L
3ECBE4,D-KSEE,DISC,SCHEMPP-HIRTH Discus,L1P,L
3ED6E4,D-KWIM,S10S,STEMME S-10 Chrysalis,L1P,L
3EEFE4,D-3917,GLID,,L0-,-
3EF8E4,D-6221,GLID,,L0-,-
3EFEE4,D-7757,GLID,,L0-,-
3EFFE4,D-8013,GLID,,L0-,-
3F27E4,D-OBAA,BALL,,B0-,-
3FEAE4,D-MITA,ECHO,TECNAM P-92 Echo,L1P,L
3FEBE4,D-MVCC,FDCT,FLIGHT DESIGN CT,L1P,L
3FECE4,D-MWBS,FA01,FLAEMING AIR FA-01,L1P,L
3FEDE4,D-MFEZ,MT,ROTORSPORT MTOSport,G1P,L
3FEEE4,D-MXHB,C42,IKARUS C-42 Bison,L1P,L
3FEFE4,D-MKTT,ULAC,,L0-,-
3FF1E4,D-MNOT,,,,
3FF3E4,D-MXLA,NG5,BRM AERO NG-5/6 Bristell,L1P,L
3FF4E4,D-MSFW,C42,IKARUS C-42 Bison,L1P,L
3FF5E4,D-MALF,FK9,B&F TECHNIK FK-9,L1P,L
4007E4,G-MIDY,A320,AIRBUS A-320,L2J,M
400BE4,G-CITY,PA31,PIPER PA-31-300/310/325/350/425,L2P,L
400DE4,G-EDEE,C42,IKARUS C-42 Bison,L1P,L
400EE4,G-BYVG,G115,GROB G-115,L1P,L
400FE4,G-SYEL,AAT3,AERO AT-3,L1P,L
4012E4,G-HFLY,R44,ROBINSON R-44 Raven,H1P,L
4017E4,G-JIMB,PUP,BEAGLE Pup,L1P,L
4018E4,G-AYPS,PA18,PIPER PA-18 Super Cub,L1P,L
401EE4,G-BIEY,P28A,PIPER PA-28-140/150/160/180,L1P,L
401FE4,G-BJVJ,C152,CESSNA 152,L1P,L
4024E4,G-BIRD,PTS1,PITTS S-1 Special,L1P,L
402EE4,G-BRDF,P28A,PIPER PA-28-140/150/160/180,L1P,L
4030E4,G-LAZR,BALL,,B0-,-
4032E4,G-FCSP,DR40,ROBIN DR-400,L1P,L
4036E4,G-MYGP,COY2,RANS Coyote 2,L1P,L
4037E4,G-BWFZ,RBEL,MURPHY Rebel,L1P,L
403EE4,G-GMKB,P28U,PIPER PA-28RT-201T Turbo,L1P,L
4041E4,G-RBMV,BALL,,B0-,-
4042E4,G-BZDE,BALL,,B0-,-
4046E4,G-JAJB,AA5,AMERICAN AA-5 Tiger,L1P,L
4048E4,G-OVLA,C42,IKARUS C-42 Bison,L1P,L
4049E4,G-CCJH,BALL,,B0-,-
404BE4,G-CCXT,ULAC,,L0-,-
4050E4,G-CEGS,P28A,PIPER PA-28-140/150/160/180,L1P,L
4051E4,G-JFDI,WT9,AEROSPOOL WT-9 Dynamic,L1P,L
4054E4,G-CFJS,GLID,,L0-,-
4057E4,G-IIAI,CP23,MURDY CAP-230/1/2,L1P,L
405BE4,G-CLGC,DUOD,SCHEMPP-HIRTH Duo Discus,L1P,L
405CE4,G-CFHP,C42,IKARUS C-42 Bison,L1P,L
405DE4,G-CMWK,GLID,,L0-,-
405EE4,G-CFMI,SKRA,BEST OFF Sky Ranger,L1P,L
405FE4,G-CFVK,SKRA,BEST OFF Sky Ranger,L1P,L
4060E4,G-CGKV,G115,GROB G-115,L1P,L
4061E4,G-CPAO,EC35,AIRBUS HELICOPTERS EC-135/635,H2T,L
4062E4,G-CGJP,RV10,VANS RV-10,L1P,L
4063E4,G-AKBO,MESS,MILES Messenger,L1P,L
4064E4,G-PERB,A139,AGUSTA AW-139,H2T,L
4065E4,G-CGXE,ULAC,,L0-,-
4066E4,G-SHOW,MS73,MORANE-SAULNIER MS-733 Alcyon,L1P,L
4069E4,G-CIAB,ULAC,,L0-,-
406AE4,G-CIEF,EFOX,AEROPRO Eurofox,L1P,L
406CE4,G-CIMV,TRAL,GROPPO Trail,L1P,L
406DE4,G-WNSR,S92,SIKORSKY S-92 Helibus,H2T,M
4070E4,G-JZHP,B738,BOEING 737-800,L2J,M
4072E4,G-TRTL,SKRA,BEST OFF Sky Ranger,L1P,L
4073E4,G-FOKS,EFOX,AEROPRO Eurofox,L1P,L
4074E4,G-ZBJM,B788,BOEING 787-8 Dreamliner,L2J,H
4075E4,G-CKXE,BALL,,B0-,-
4076E4,G-NEOV,A21N,AIRBUS A-321neo,L2J,M
4077E4,G-SKNG,S61,SIKORSKY S-61 Sea King,H2T,M
407AE4,G-CLXX,EFOX,AEROPRO Eurofox,L1P,L
407CE4,G-DRTK,B738,BOEING 737-800,L2J,M
407DE4,G-LMRX,AT75,ATR-72-500,L2T,M
407EE4,G-TJPK,A109,AGUSTA AW-109 Grand,H2T,L
4241E4,VP-CBY,FA7X,DASSAULT Falcon 7X,L3J,M
4242E4,VP-BVM,GLEX,BOMBARDIER BD-700 Global 6000/6500,L2J,M
4244E4,VQ-BIQ,B737,BOEING 737-700,L2J,M
4245E4,VP-CWQ,E190,EMBRAER ERJ-190-100,L2J,M
4247E4,VP-CTL,GLF6,GULFSTREAM G650,L2J,M
4248E4,VQ-BAV,A319,AIRBUS A-319,L2J,M
424BE4,M-GABY,GLEX,BOMBARDIER BD-700 Global 6000/6500,L2J,M
43C1E4,ZJ705,B412,BELL 412,H2T,L
43C5E4,ZM410,A400,AIRBUS A-400M,L4T,H
43C6E4,ZZ380,LYNX,AGUSTAWESTLAND AW-159 Super Lynx,H2T,L
43C7E4,ZZ109,EH10,AGUSTA WESTLAND EH-101 Merlin,H3T,M
43C8E4,ZM510,EC35,AIRBUS HELICOPTERS EC-135/635,H2T,L
43E7E4,M-SVGN,C680,CESSNA 680 Citation Sovereign,L2J,M
43E9E4,M-YBUS,A320,AIRBUS A-320,L2J,M
43EAE4,M-VITB,GLF6,GULFSTREAM G650,L2J,M
4401E4,OE-LQD,A319,AIRBUS A-319,L2J,M
4402E4,OE-FMW,PA34,PIPER PA-34 Seneca,L2P,L
4403E4,OE-XYB,R44,ROBINSON R-44 Raven,H1P,L
4404E4,OE-DKT,P28A,PIPER PA-28-140/150/160/180,L1P,L
4405E4,OE-IEX,A332,AIRBUS A-330-200,L2J,H
4406E4,OE-CCZ,C152,CESSNA 152,L1P,L
4408E4,OE-9410,DIMO,DIAMOND H-36 Dimona,L1P,L
440AE4,OE-FMA,DA62,DIAMOND DA-62,L2P,L
449BE4,OO-F40,EV97,EVEKTRO EV-97 EuroStar,L1P,L
449DE4,OO-GOD,R44,ROBINSON R-44 Raven,H1P,L
449EE4,OO-GWD,SV4,NORD SV-4,L1P,L
44C1E4,G-15,MD52,MCDONNELL-DOUGLAS MD-520N,H1T,L
45A4E4,OY-YED,E75S,EMBRAER ERJ-170-200 (short wing),L2J,M
45E1E4,OY-XOD,GLID,,L0-,-
4612E4,OH-HEA,AS50,AEROSPATIALE AS-350 Ecureuil,H1T,L
4681E4,484,E135,EMBRAER ERJ-135,L2J,M
4686E4,SX-AWD,C172,CESSNA 172 Skyhawk,L1P,L
4690E4,SX-DGD,A320,AIRBUS A-320,L2J,M
469DE4,SX-GOD,PC12,PILATUS PC-12,L1T,L
46C9E4,SX-ROD,JS41,BRITISH AEROSPACE Jetstream 41,L2T,M
4844E4,PH-ACI,C303,CESSNA T303 Crusader,L2P,L
4845E4,PH-LAV,BALL,,B0-,-
484AE4,PH-YMC,SR20,CIRRUS SR-20,L1P,L
484CE4,PH-707,VENT,SCHEMPP-HIRTH Ventus,L1P,L
484EE4,PH-HSD,B738,BOEING 737-800,L2J,M
4850E4,PH-TBL,BALL,,B0-,-
4853E4,PH-1PS,ZZZZ,,-0-,-
4854E4,PH-2BV,ZZZZ,,-0-,-
4855E4,PH-2CN,ZZZZ,,-0-,-
4856E4,PH-2YQ,ZZZZ,,-0-,-
4888E4,SP-CHE,HDJT,HONDA HondaJet,L2J,L
489CE4,SP-HHE,R22,ROBINSON R-22 Mariner,H1P,L
48A5E4,SP-KPE,SF34,SAAB 340,L2T,M
48C5E4,SP-SPE,AT72,ATR-72-202,L2T,M
48C8E4,SP-THE,C206,CESSNA  206 Stationair,L1P,L
48C9E4,SP-TPE,AAT3,AERO AT-3,L1P,L
48D8E4,1505,C130,LOCKHEED C-130 Hercules,L4T,M
4905E4,CS-AOD,C210,CESSNA 201 Centurion,L1P,L
4920E4,CS-HGD,AS65,AEROSPATIALE AS-365 Dauphin 2,H2T,L
4932E4,CS-URI,WT9,AEROSPOOL WT-9 Dynamic,L1P,L
4951E4,CS-TOD,A343,AIRBUS A-340-300,L4J,H
498DE4,OK-COD,Z43,ZLIN Z-43/143,L1P,L
49D0E4,OK-MLE,R44,ROBINSON R-44 Raven,H1P,L
49D2E4,OK-JRT,C680,CESSNA 680 Citation Sovereign,L2J,M
49D4E4,OK-BZZ,BE40,BEECH 400 Beechjet,L2J,M
4A08E4,YR-BGD,B733,BOEING 737-300,L2J,M
4A52E4,YR-TWD,EVSS,EVEKTOR SportStar,L1P,L
4A58E4,YR-VGD,EC55,AIRBUS HELICOPTERS EC-155,H2T,L
4AA9E4,SE-JOD,B06,BELL 206 JetRanger,H1T,L
4AC9E4,SE-ROD,A20N,AIRBUS A-320neo,L2J,M
4AD9E4,SE-VOD,WT9,AEROSPOOL WT-9 Dynamic,L1P,L
4B07E4,HB-CZS,C182,CESSNA 182 Skylane,L1P,L
4B0CE4,HB-EWY,RS18,SPORTAVIA-PUTZER RS-180 Sportsman,L1P,L
4B0EE4,HB-FQQ,PC12,PILATUS PC-12,L1T,L
4B17E4,HB-JBG,BCS1,AIRBUS A220-100,L2J,M
4B18E4,HB-JLC,GLEX,BOMBARDIER BD-700 Global 6000/6500,L2J,M
4B26E4,HB-OSY,J3,PIPER J-3 Cub,L1P,L
4B2BE4,HB-QQE,BALL,,B0-,-
4B36E4,HB-UUM,BU31,BUCKER Bu-131 Jungmann,L1P,L
4B40E4,HB-YOY,PRIM,BLACKSHAPE Prime,L1P,L
4B42E4,HB-ZIQ,EN28,ENSTROM F-28,H1P,L
4B43E4,HB-ZSM,A109,AGUSTA AW-109 Grand,H2T,L
4B48E4,HB-1085,GLID,,L0-,-
4B49E4,HB-1341,GLID,,L0-,-
4B50E4,HB-3133,GLID,,L0-,-
4B51E4,HB-3389,GLID,,L0-,-
4B84E4,TC-AGD,A332,AIRBUS A-330-200,L2J,H
4B95E4,TC-EOD,DV20,DIAMOND DA-20,L1P,L
4BA0E4,TC-HGD,EC35,AIRBUS HELICOPTERS EC-135/635,H2T,L
4BA9E4,TC-JOD,A333,AIRBUS A-330-300,L2J,H
4BB0E4,TC-LGD,A359,AIRBUS A-350-900,L2J,H
4BB1E4,TC-LOD,A333,AIRBUS A-330-300,L2J,H
4BB4E4,TC-MGD,B738,BOEING 737-800,L2J,M
4BCDE4,TC-SOD,B738,BOEING 737-800,L2J,M
4C01E4,YU-APE,A319,AIRBUS A-319,L2J,M
4C05E4,YU-BPE,AN2,ANTONOV An-2,L1P,L
4CA8E4,EI-ENR,B738,BOEING 737-800,L2J,M
4CABE4,EI-GVC,WT9,AEROSPOOL WT-9 Dynamic,L1P,L
4D02E4,LX-JOB,BX2,BRANDLI Cherry,L1P,L
4D20E4,9H-DDJ,LJ75,LEARJET 75,L2J,M
4D21E4,9H-AMN,GL5T,BOMBARDIER BD-700 Global 5000/5500,L2J,M
4D22E4,9H-DOM,CRJ2,BOMBARDIER Regional Jet CRJ-200,L2J,M
5001E4,T7-VIP1,CL60,BOMBARDIER CL-600 Challenger,L2J,M
5002E4,T7-327,GLF6,GULFSTREAM G650,L2J,M
501DE4,9A-DIG,DV20,DIAMOND DA-20,L1P,L
502CE4,YL-CSJ,BCS3,AIRBUS A220-300,L2J,M
505DE4,OM-WOD,Z43,ZLIN Z-43/143,L1P,L
5082E4,UR-EEP,B429,BELL 429 GlobalRanger,H2T,L
5083E4,UR-GOC,B772,BOEING 777-200,L2J,H
5110E4,ES-ECL,C152,CESSNA 152,L1P,L
6831E4,UP-B5703,B752,BOEING 757-200,L2J,M
7102E4,1626,C130,LOCKHEED C-130 Hercules,L4T,M
7324E4,EP-IGD,A321,AIRBUS A-321,L2J,M
7340E4,EP-PGD,B412,BELL 412,H2T,L
7394E4,4X-CBB,AEST,AEROSTAR 600,L2P,L
7406E4,JY-AWD,H25B,HAWKER BEECHCRAFT Hawker 750/850,L2J,M
7500E4,9M-AHE,A320,AIRBUS A-320,L2J,M
7501E4,9M-AHT,A320,AIRBUS A-320,L2J,M
7503E4,9M-AJW,A320,AIRBUS A-320,L2J,M
7583E4,RP-C8975,A320,AIRBUS A-320,L2J,M
7608E4,AP-BGD,C82R,CESSNA R182 Skylane RG,L1P,L
7609E4,AP-BOD,A21N,AIRBUS A-321neo,L2J,M
76B4E4,9V-MGD,B738,BOEING 737-800,L2J,M
76CCE4,9V-SGD,A359,AIRBUS A-350-900,L2J,H
76CEE4,9V-SWD,B77W,BOEING 777-300ER,L2J,H
7800E4,B-6848,A321,AIRBUS A-321,L2J,M
7802E4,B-5301,B738,BOEING 737-800,L2J,M
7803E4,B-6323,A320,AIRBUS A-320,L2J,M
7804E4,B-9411,C172,CESSNA 172 Skyhawk,L1P,L
7806E4,B-6735,A320,AIRBUS A-320,L2J,M
7807E4,B-9573,SR20,CIRRUS SR-20,L1P,L
7808E4,B-6922,A320,AIRBUS A-320,L2J,M
7809E4,B-5740,B738,BOEING 737-800,L2J,M
780AE4,B-5803,B737,BOEING 737-700,L2J,M
780CE4,B-9791,BE9L,BEECH 90 King Air,L2T,L
780DE4,B-1679,A321,AIRBUS A-321,L2J,M
780EE4,B-8235,A320,AIRBUS A-320,L2J,M
780FE4,B-8452,A320,AIRBUS A-320,L2J,M
7810E4,B-3355,E55P,EMBRAER EMB-505 Phenom 300,L2J,M
7811E4,B-8685,A320,AIRBUS A-320,L2J,M
7812E4,B-1372,B738,BOEING 737-800,L2J,M
7813E4,B-1109,B733,BOEING 737-300,L2J,M
7814E4,B-10VV,SR20,CIRRUS SR-20,L1P,L
7816E4,B-308X,A20N,AIRBUS A-320neo,L2J,M
7817E4,B-603Z,AJ27,COMAC ARJ-21-700 Xiangfeng,L2J,M
781AE4,B-220L,B738,BOEING 737-800,L2J,M
781BE4,B-725V,C172,CESSNA 172 Skyhawk,L1P,L
781CE4,B-327T,A21N,AIRBUS A-321neo,L2J,M
781DE4,B-12D0,AURA,SUNWARD Aurora S60/70,L1P,L
781EE4,B-653S,AJ27,COMAC ARJ-21-700 Xiangfeng,L2J,M
7C01E4,VH-ANQ,E120,EMBRAER EMB-120 Brasilia,L2T,M
7C02E4,VH-AUU,B47G,BELL 47G,H1P,L
7C14E4,VH-EEU,AS50,AEROSPATIALE AS-350 Ecureuil,H1T,L
7C19E4,VH-FEE,PA46,PIPER PA-46-310/350,L1P,L
7C1CE4,VH-FZQ,PC24,PILATUS PC-24,L2J,M
7C2AE4,VH-IRA,R44,ROBINSON R-44 Raven,H1P,L
7C2BE4,VH-IYE,C182,CESSNA 182 Skylane,L1P,L
7C37E4,VH-LBQ,S22T,CIRRUS SR-22T Turbo,L1P,L
7C42E4,VH-NHY,F100,FOKKER 100,L2J,M
7C46E4,VH-OAE,JS32,BRITISH AEROSPACE Jetstream Super 31,L2T,M
7C48E4,VH-OOM,C177,CESSNA  177 Cardinal,L1P,L
7C58E4,VH-RUE,B190,BEECH 1900,L2T,M
7C5DE4,VH-STY,R22,ROBINSON R-22 Mariner,H1P,L
7C60E4,VH-TFA,C303,CESSNA T303 Crusader,L2P,L
7C66E4,VH-ULY,A321,AIRBUS A-321,L2J,M
7C6AE4,VH-VEE,RV6,VANS RV-6,L1P,L
7C6DE4,VH-VZQ,B738,BOEING 737-800,L2J,M
7C72E4,VH-WZA,BE76,BEECH 76 Duchess,L2P,L
7C74E4,VH-XDI,P28A,PIPER PA-28-140/150/160/180,L1P,L
7C75E4,VH-XKM,F100,FOKKER 100,L2J,M
7C76E4,VH-XRQ,B105,EUROCOPTER BO-105,H2T,L
7C7BE4,VH-YRA,C182,CESSNA 182 Skylane,L1P,L
7C7FE4,VH-ZJQ,C172,CESSNA 172 Skyhawk,L1P,L
7CC4E4,24-7597,JAB4,JABIRU J200-450,L1P,L
7CF8E4,A17-051,B06,BELL 206 JetRanger,H1T,L
7CF9E4,A54-013,PC12,PILATUS PC-12,L1T,L
8003E4,VT-ALL,B773,BOEING 777-300,L2J,H
8007E4,VT-KJI,B429,BELL 429 GlobalRanger,H2T,L
800CE4,VT-VTZ,A320,AIRBUS A-320,L2J,M
8013E4,VT-IXV,AT76,ATR-72-600,L2T,M
8014E4,VT-IMN,A21N,AIRBUS A-321neo,L2J,M
8403E4,JA012C,SR22,CIRRUS SR-22,L1P,L
8404E4,JA019W,AS50,AEROSPATIALE AS-350 Ecureuil,H1T,L
845BE4,JA10JJ,A320,AIRBUS A-320,L2J,M
845CE4,JA10VA,A320,AIRBUS A-320,L2J,M
861AE4,JA601J,B763,BOEING 767-300,L2J,H
863AE4,JA6900,B430,BELL 430,H2T,L
868EE4,JA77AN,B738,BOEING 737-800,L2J,M
86E3E4,JA861A,B350,BEECHCRAFT Super King Air 350,L2T,M
86EEE4,JA893A,B789,BOEING 787-9 Dreamliner,L2J,H
872FE4,JA925A,B789,BOEING 787-9 Dreamliner,L2J,H
8855E4,HS-UOD,A139,AGUSTA AW-139,H2T,L
8880E4,VN-A886,A359,AIRBUS A-350-900,L2J,H
8960E4,A6-EDC,A388,AIRBUS A-380-800,L4J,H
8962E4,A6-AFF,A333,AIRBUS A-330-300,L2J,H
8963E4,A6-EOG,A388,AIRBUS A-380-800,L4J,H
8964E4,A6-XLI,MT,ROTORSPORT MTOSport,G1P,L
8965E4,A6-WZF,A21N,AIRBUS A-321neo,L2J,M
896EE4,GND,GND,,V0-,-
8980E4,P2-HFA,C208,CESSNA 208 Caravan,L1T,L
8990E4,B-16722,B77W,BOEING 777-300ER,L2J,H
8991E4,B-58501,A359,AIRBUS A-350-900,L2J,H
8A04E4,PK-LBW,B738,BOEING 737-800,L2J,M
A000E4,N1KA,E55P,EMBRAER EMB-505 Phenom 300,L2J,M
A001E4,N1VG,LJ55,LEARJET 55,L2J,M
A003E4,N10RT,AC50,NORTH AMERICAN ROCKWELL Commander 500,L2P,L
A004E4,N100BY,MU2,MITSUBISHI MU-2 Marquise,L2T,L
A005E4,N100ND,FA10,DASSAULT Falcon 100,L2J,M
A009E4,N101RB,C421,CESSNA 421 Executive Commuter,L2P,L
A00BE4,N1018J,AT45,ATR-42-500,L2T,M
A00DE4,N102U,DV20,DIAMOND DA-20,L1P,L
A00EE4,N1023A,PA18,PIPER PA-18 Super Cub,L1P,L
A010E4,N103LS,G103,GROB G-103 Twin 3SL,L1P,L
A012E4,N1035D,,,,
A013E4,N104DJ,VENT,SCHEMPP-HIRTH Ventus,L1P,L
A01DE4,N1064B,C82S,CESSNA T182 Turbo Skylane,L1P,L
A025E4,N1088H,AR15,AERONCA 15 Sedan,L1P,L
A028E4,N1093,T18,THORP Tiger,L1P,L
A029E4,N11AK,C25C,CESSNA 525C Citation CJ4,L2J,M
A02AE4,N11LR,RV10,VANS RV-10,L1P,L
A02BE4,N11WX,VENT,SCHEMPP-HIRTH Ventus,L1P,L
A02CE4,N110HB,L39,LET L-39 Albatros,L1J,L
A02DE4,N110TH,,,,
A02FE4,N11095,CH7A,BELLANCA 7 Champion,L1P,L
A030E4,N111L,C170,CESSNA 170,L1P,L
A031E4,N111WF,C180,CESSNA  180 Skywagon,L1P,L
A032E4,N1114X,BE36,BEECH 36 Bonanza,L1P,L
A036E4,N11260,WACF,WACO F,L1P,L
A039E4,N1131S,BU31,BUCKER Bu-131 Jungmann,L1P,L
A03DE4,N1143V,CH7A,BELLANCA 7 Champion,L1P,L
A03FE4,N115ML,SR22,CIRRUS SR-22,L1P,L
A041E4,N1155Y,M20P,MOONEY M-20,L1P,L
A042E4,N116EC,H500,HUGHES 500,H1T,L
A047E4,N117TG,C130,LOCKHEED C-130 Hercules,L4T,M
A04CE4,N1184W,B47G,BELL 47G,H1P,L
A04DE4,N119CR,C82S,CESSNA T182 Turbo Skylane,L1P,L
A04EE4,N119NX,ONEX,SONEX Onex,L1P,L
A051E4,N12FP,VO10,NORTH AMERICAN ROCKWELL Commander 100,L1P,L
A053E4,N120C,MITE,MOONEY M-18,L1P,L
A058E4,N121RD,C180,CESSNA  180 Skywagon,L1P,L
A05EE4,N123AN,SR20,CIRRUS SR-20,L1P,L
A05FE4,N123LU,PA32,PIPER PA-32,L1P,L
A061E4,N1235F,PA18,PIPER PA-18 Super Cub,L1P,L
A062E4,N124DL,,,,
A063E4,N124PS,PC12,PILATUS PC-12,L1T,L
A065E4,N1247J,VO10,NORTH AMERICAN ROCKWELL Commander 100,L1P,L
A069E4,N1259M,BE35,BEECH 35 Starfire Bonanza,L1P,L
A06CE4,N1264D,C170,CESSNA 170,L1P,L
A06DE4,N127BZ,BE36,BEECH 36 Bonanza,L1P,L
A070E4,N1276G,C310,CESSNA 310,L2P,L
A072E4,N128RC,T28,NORTH AMERICAN T-28,L1P,L
A076E4,N129UA,,,,
A077E4,N1293B,L8,LUSCOMBE 8,L1P,L
A078E4,N13AM,COZY,CO-Z Cozy,L1P,L
A081E4,N1314Z,BE35,BEECH 35 Starfire Bonanza,L1P,L
A085E4,N13262,C172,CESSNA 172 Skyhawk,L1P,L
A08DE4,N135BG,,,,
A08EE4,N135MN,GLID,,L0-,-
A094E4,N13673,C172,CESSNA 172 Skyhawk,L1P,L
A098E4,N13796,C172,CESSNA 172 Skyhawk,L1P,L
A09CE4,N139CT,FDCT,FLIGHT DESIGN CT,L1P,L
A0A1E4,N14RX,PULS,Pulsar,L1P,L
A0A2E4,N140CB,C140,CESSNA 140,L1P,L
A0A6E4,N141F,HUSK,CHRISTEN Husky,L1P,L
A0A8E4,N1411B,L8,LUSCOMBE 8,L1P,L
A0ABE4,N142UD,C172,CESSNA 172 Skyhawk,L1P,L
A0AEE4,N143LW,C82R,CESSNA R182 Skylane RG,L1P,L
A0B1E4,N144DN,RV4,VANS RV-4,L1P,L
A0B4E4,N1447L,T206,CESSNA T206 Turbo Stationair,L1P,L
A0B6E4,N145SS,GLID,,L0-,-
A0B7E4,N1452C,SR22,CIRRUS SR-22,L1P,L
A0BFE4,N1476J,AC11,NORTH AMERICAN ROCKWELL Commander 112/114,L1P,L
A0C2E4,N1481A,PA22,PIPER PA-22,L1P,L
A0C6E4,N1493D,C170,CESSNA 170,L1P,L
A0C7E4,N15AP,C182,CESSNA 182 Skylane,L1P,L
A0C9E4,N15XA,BE36,BEECH 36 Bonanza,L1P,L
A0CAE4,N150HF,C150,CESSNA 150,L1P,L
A0CDE4,N15099,BALL,,B0-,-
A0D0E4,N15141,P28A,PIPER PA-28-140/150/160/180,L1P,L
A0D1E4,N152CW,HUSK,CHRISTEN Husky,L1P,L
A0D4E4,N15264,P28A,PIPER PA-28-140/150/160/180,L1P,L
A0D7E4,N1531W,BE36,BEECH 36 Bonanza,L1P,L
A0D8E4,N15387,FA24,FAIRCHILD F-24 Argus,L1P,L
A0DFE4,N15552,PA32,PIPER PA-32,L1P,L
A0E0E4,N156EG,RS20,RANS S-20 Raven,L1P,L
A0E3E4,N15675,P28A,PIPER PA-28-140/150/160/180,L1P,L
A0E6E4,N1572X,P28A,PIPER PA-28-140/150/160/180,L1P,L
A0F1E4,N160CD,H60,SIKORSKY UH-60 Black Hawk,H2T,M
A0F6E4,N161RH,PTS1,PITTS S-1 Special,L1P,L
A0FFE4,N1635K,L8,LUSCOMBE 8,L1P,L
A103E4,N1647N,FNKB,FUNK B,L1P,L
A105E4,N165SU,R44,ROBINSON R-44 Raven,H1P,L
A106E4,N1652E,CH7A,BELLANCA 7 Champion,L1P,L
A10BE4,N167CC,BALL,,B0-,-
A10FE4,N168FA,S211,SIAI-MARCHETTI S-211,L1J,L
A110E4,N168RG,MA5,MARQUART MA-5 Charger,L1P,L
A111E4,N1681C,C180,CESSNA  180 Skywagon,L1P,L
A116E4,N17AR,P32R,PIPER PA-32R-300/301/301T,L1P,L
A117E4,N17LX,LNC4,LANCAIR 4,L1P,L
A118E4,N17XC,CC19,CUB CRAFTERS CC-19 XCub,L1P,L
A11AE4,N170TP,C170,CESSNA 170,L1P,L
A11CE4,N171A,EXEC,ROTORWAY Exec,H1P,L
A11EE4,N171WM,PA23,PIPER PA-23,L2P,L
A11FE4,N17143,C150,CESSNA 150,L1P,L
A120E4,N172CY,C172,CESSNA 172 Skyhawk,L1P,L
A123E4,N17266,C150,CESSNA 150,L1P,L
A129E4,N174V,ZZZZ,,-0-,-
A12CE4,N175MS,B06,BELL 206 JetRanger,H1T,L
A12EE4,N17554,J2,PIPER J-2 Cub,L1P,L
A139E4,N17842,BE33,BEECH 33 Bonanza,L1P,L
A13BE4,N179PC,BL8,BELLANCA 8 Decathlon,L1P,L
A13FE4,N18SA,SR22,CIRRUS SR-22,L1P,L
A140E4,N180CF,RV4,VANS RV-4,L1P,L
A141E4,N180NM,C180,CESSNA  180 Skywagon,L1P,L
A145E4,N181RK,FA20,DASSAULT Falcon 200,L2J,M
A148E4,N182JB,C182,CESSNA 182 Skylane,L1P,L
A14AE4,N1823J,P28A,PIPER PA-28-140/150/160/180,L1P,L
A14EE4,N1835M,C182,CESSNA 182 Skylane,L1P,L
A150E4,N184PY,RV8,VANS RV-8,L1P,L
A151E4,N1840D,BE35,BEECH 35 Starfire Bonanza,L1P,L
A152E4,N1847Q,C77R,CESSNA 177RG Cardinal RG,L1P,L
A154E4,N185SW,C185,CESSNA 185 Skywagon,L1P,L
A156E4,N1859T,P28A,PIPER PA-28-140/150/160/180,L1P,L
A15FE4,N188RJ,BE35,BEECH 35 Starfire Bonanza,L1P,L
A162E4,N189JA,C182,CESSNA 182 Skylane,L1P,L
A165E4,N19AT,BE36,BEECH 36 Bonanza,L1P,L
A16AE4,N19022,C180,CESSNA  180 Skywagon,L1P,L
A16BE4,N191AB,M20P,MOONEY M-20,L1P,L
A16FE4,N192D,PZ04,PZL-OKECIE PZL-104 Wilga,L1P,L
A172E4,N19268,C150,CESSNA 150,L1P,L
A176E4,N1939A,PA18,PIPER PA-18 Super Cub,L1P,L
A179E4,N19433,,,,
A17CE4,N195Y,C195,CESSNA 195,L1P,L
A180E4,N1960Y,M20P,MOONEY M-20,L1P,L
A181E4,N19679,C172,CESSNA 172 Skyhawk,L1P,L
A185E4,N198AA,B752,BOEING 757-200,L2J,M
A188E4,N19844,TAYA,TAYLORCRAFT A,L1P,L
A189E4,N199CZ,BE99,BEECH 99 Airliner,L2T,L
A18DE4,N2FX,PA23,PIPER PA-23,L2P,L
A18EE4,N2SC,BE9L,BEECH 90 King Air,L2T,L
A194E4,N20037,J2,PIPER J-2 Cub,L1P,L
A196E4,N201MY,M20P,MOONEY M-20,L1P,L
A197E4,N201YD,M20P,MOONEY M-20,L1P,L
A19BE4,N20202,C172,CESSNA 172 Skyhawk,L1P,L
A19CE4,N2028C,BALL,,B0-,-
A1A2E4,N204WS,FA10,DASSAULT Falcon 100,L2J,M
A1A3E4,N20448,C82R,CESSNA R182 Skylane RG,L1P,L
A1A4E4,N205DC,M20P,MOONEY M-20,L1P,L
A1A7E4,N2057A,BE36,BEECH 36 Bonanza,L1P,L
A1A8E4,N206GA,T206,CESSNA T206 Turbo Stationair,L1P,L
A1A9E4,N206SG,B06,BELL 206 JetRanger,H1T,L
A1AAE4,N20613,C172,CESSNA 172 Skyhawk,L1P,L
A1AEE4,N20736,FOX,KITFOX,L1P,L
A1AFE4,N208BR,C208,CESSNA 208 Caravan,L1T,L
A1BBE4,N2100K,L8,LUSCOMBE 8,L1P,L
A1BCE4,N2107W,BE23,BEECH 23 Sundowner,L1P,L
A1BEE4,N211TB,R44,ROBINSON R-44 Raven,H1P,L
A1BFE4,N2112N,P28A,PIPER PA-28-140/150/160/180,L1P,L
A1C0E4,N2119Z,H269,HUGHES Sky Knight,H1P,L
A1C2E4,N212W,UH12,HILLER UH-12,H1P,L
A1C3E4,N2124R,C182,CESSNA 182 Skylane,L1P,L
A1C7E4,N2136U,B77W,BOEING 777-300ER,L2J,H
A1CAE4,N2141L,BE36,BEECH 36 Bonanza,L1P,L
A1CBE4,N2148X,P28R,PIPER PA-28R-180/200/201,L1P,L
A1CCE4,N215JG,S22T,CIRRUS SR-22T Turbo,L1P,L
A1D8E4,N218TA,M20T,MOONEY M-20T,L1P,L
A1D9E4,N2182M,J3,PIPER J-3 Cub,L1P,L
A1DDE4,N2194Q,C77R,CESSNA 177RG Cardinal RG,L1P,L
A1DEE4,N22CK,P32R,PIPER PA-32R-300/301/301T,L1P,L
A1E5E4,N221N,BE36,BEECH 36 Bonanza,L1P,L
A1E7E4,N2216B,L8,LUSCOMBE 8,L1P,L
A1E8E4,N222ES,RV8,VANS RV-8,L1P,L
A1EAE4,N22204,P28A,PIPER PA-28-140/150/160/180,L1P,L
A1EFE4,N224AG,CRJ7,BOMBARDIER Regional Jet CRJ-700,L2J,M
A1F2E4,N2245,,,,
A1F4E4,N225PL,S22T,CIRRUS SR-22T Turbo,L1P,L
A1F9E4,N22615,C150,CESSNA 150,L1P,L
A1FDE4,N22738,C150,CESSNA 150,L1P,L
A1FEE4,N228BT,ULAC,,L0-,-
A202E4,N229ER,AA5,AMERICAN AA-5 Tiger,L1P,L
A204E4,N22903,C150,CESSNA 150,L1P,L
A205E4,N2298D,C170,CESSNA 170,L1P,L
A207E4,N23TV,B06,BELL 206 JetRanger,H1T,L
A215E4,N233Z,R44,ROBINSON R-44 Raven,H1P,L
A216E4,N2336W,BE23,BEECH 23 Sundowner,L1P,L
A218E4,N234RS,RV6,VANS RV-6,L1P,L
A21AE4,N2348Z,BE23,BEECH 23 Sundowner,L1P,L
A21DE4,N2353R,C182,CESSNA 182 Skylane,L1P,L
A224E4,N2370L,BE23,BEECH 23 Sundowner,L1P,L
A225E4,N2377X,C182,CESSNA 182 Skylane,L1P,L
A22BE4,N239WA,S22T,CIRRUS SR-22T Turbo,L1P,L
A22CE4,N2394S,C82R,CESSNA R182 Skylane RG,L1P,L
A22DE4,N24CM,S22T,CIRRUS SR-22T Turbo,L1P,L
A233E4,N241BW,EUPA,Europa,L1P,L
A238E4,N242R,BE33,BEECH 33 Bonanza,L1P,L
A239E4,N24206,AR65,AERONCA 65 Super Chief,L1P,L
A23AE4,N2428G,C182,CESSNA 182 Skylane,L1P,L
A23EE4,N244AJ,H60,SIKORSKY UH-60 Black Hawk,H2T,M
A240E4,N244WW,B06,BELL 206 JetRanger,H1T,L
A245E4,N2457E,C82S,CESSNA T182 Turbo Skylane,L1P,L
A246E4,N246GE,A332,AIRBUS A-330-200,L2J,H
A250E4,N2486C,C180,CESSNA  180 Skywagon,L1P,L
A253E4,N24905,J3,PIPER J-3 Cub,L1P,L
A254E4,N2498F,C180,CESSNA  180 Skywagon,L1P,L
A259E4,N2500P,PA22,PIPER PA-22,L1P,L
A25AE4,N25070,J3,PIPER J-3 Cub,L1P,L
A25BE4,N251H,AS50,AEROSPATIALE AS-350 Ecureuil,H1T,L
A25CE4,N251TF,PA11,PIPER PA-11 Cub Special,L1P,L
A25EE4,N25193,B14A,BELLANCA 14,L1P,L
A260E4,N252WD,M20P,MOONEY M-20,L1P,L
A261E4,N2524V,C170,CESSNA 170,L1P,L
A26CE4,N2553T,NAVI,NORTH AMERICAN Navion,L1P,L
A26DE4,N256BC,CTAH,RAINBOW SKYREACH Cheetah,L1P,L
A274E4,N2577Z,C185,CESSNA 185 Skywagon,L1P,L
A277E4,N2582R,C182,CESSNA 182 Skylane,L1P,L
A280E4,N260VM,BE24,BEECH 24 Sierra,L1P,L
A285E4,N2616F,C182,CESSNA 182 Skylane,L1P,L
A288E4,N26208,B738,BOEING 737-800,L2J,M
A289E4,N2628J,C150,CESSNA 150,L1P,L
A28CE4,N2633A,PA22,PIPER PA-22,L1P,L
A28FE4,N264WY,HUSK,CHRISTEN Husky,L1P,L
A294E4,N2657G,C421,CESSNA 421 Executive Commuter,L2P,L
A297E4,N26619,R22,ROBINSON R-22 Mariner,H1P,L
A298E4,N2669K,L8,LUSCOMBE 8,L1P,L
A2A1E4,N269RA,BE58,BEECH 58 Baron,L2P,L
A2A2E4,N26907,AA5,AMERICAN AA-5 Tiger,L1P,L
A2A3E4,N2698H,ERCO,AIR PRODUCTS F-1 Aircoupe,L1P,L
A2A4E4,N27HT,RV6,VANS RV-6,L1P,L
A2A5E4,N27TZ,WW24,IAI 1124 Westwind,L2J,M
A2B0E4,N2724X,C180,CESSNA  180 Skywagon,L1P,L
A2BBE4,N2753V,C77R,CESSNA 177RG Cardinal RG,L1P,L
A2BDE4,N276ML,M7,MAULE M-7,L1P,L
A2C7E4,N27894,J4,PIPER J-4 Cub Coupe,L1P,L
A2CBE4,N28CR,GLAS,Glasair,L1P,L
A2D0E4,N2804E,CH7A,BELLANCA 7 Champion,L1P,L
A2D1E4,N281C,HUSK,CHRISTEN Husky,L1P,L
A2D4E4,N2816H,ERCO,AIR PRODUCTS F-1 Aircoupe,L1P,L
A2D6E4,N282RD,LGEZ,RUTAN Long-EZ,L1P,L
A2D7E4,N2821,SA3,STITS SA-3 Playboy,L1P,L
A2D8E4,N2828L,PA34,PIPER PA-34 Seneca,L2P,L
A2D9E4,N283HW,SSTL,JUST JA30 SuperSTOL,L1P,L
A2DBE4,N2833C,C82R,CESSNA R182 Skylane RG,L1P,L
A2DFE4,N2845F,P28B,PIPER PA-28-201T/235/236,L1P,L
A2E0E4,N285DL,T28,NORTH AMERICAN T-28,L1P,L
A2E1E4,N285PS,P32R,PIPER PA-32R-300/301/301T,L1P,L
A2E6E4,N2862A,P28A,PIPER PA-28-140/150/160/180,L1P,L
A2F7E4,N2900T,M200,NORTH AMERICAN ROCKWELL Commander 200,L1P,L
A2FDE4,N292LB,CH65,ZENAIR CH-650 Zodiac,L1P,L
A301E4,N293P,ASTR,GULFSTREAM AEROSPACE Gulfstream G100,L2J,M
A303E4,N29362,C177,CESSNA  177 Cardinal,L1P,L
A304E4,N294FS,P28R,PIPER PA-28R-180/200/201,L1P,L
A306E4,N2941U,P28A,PIPER PA-28-140/150/160/180,L1P,L
A307E4,N29485,C177,CESSNA  177 Cardinal,L1P,L
A30AE4,N2953X,C177,CESSNA  177 Cardinal,L1P,L
A311E4,N2970S,C150,CESSNA 150,L1P,L
A31AE4,N3CT,C25B,CESSNA 525B Citation CJ3,L2J,L
A31CE4,N3ZE,NAVI,NORTH AMERICAN Navion,L1P,L
A31DE4,N30KK,C25C,CESSNA 525C Citation CJ4,L2J,M
A31EE4,N30VR,C25A,CESSNA 525A Citation CJ2,L2J,L
A320E4,N300SB,BOLT,STEEN Skybolt,L1P,L
A321E4,N3001Y,BALL,,B0-,-
A326E4,N302BL,DHC2,DE HAVILLAND DHC-2 Beaver,L1P,L
A32BE4,N303QQ,GLID,,L0-,-
A32CE4,N3030W,PA24,PIPER PA-24 Comanche,L1P,L
A32EE4,N304HG,R44,ROBINSON R-44 Raven,H1P,L
A331E4,N305,RALL,SOCATA Rallye,L1P,L
A334E4,N30542,C177,CESSNA  177 Cardinal,L1P,L
A335E4,N306CX,ZZZZ,,-0-,-
A336E4,N306PC,PC12,PILATUS PC-12,L1T,L
A33BE4,N3071X,C150,CESSNA 150,L1P,L
A33CE4,N30788,J3,PIPER J-3 Cub,L1P,L
A33FE4,N30830,J3,PIPER J-3 Cub,L1P,L
A343E4,N30953,BALL,,B0-,-
A344E4,N31EH,RV12,VANS RV-12,L1P,L
A347E4,N310M,C310,CESSNA 310,L2P,L
A34DE4,N3117Q,P32R,PIPER PA-32R-300/301/301T,L1P,L
A351E4,N3129T,C177,CESSNA  177 Cardinal,L1P,L
A35AE4,N315RJ,B38M,BOEING 737 MAX 8,L2J,M
A35BE4,N3151E,C172,CESSNA 172 Skyhawk,L1P,L
A35CE4,N3158R,C182,CESSNA 182 Skylane,L1P,L
A367E4,N3187P,PA23,PIPER PA-23,L2P,L
A369E4,N319SV,EVSS,EVEKTOR SportStar,L1P,L
A36CE4,N32KM,C56X,CESSNA 560XL Citation XLS,L2J,M
A36DE4,N32VT,PA32,PIPER PA-32,L1P,L
A371E4,N3209A,BALL,,B0-,-
A373E4,N321VB,PA18,PIPER PA-18 Super Cub,L1P,L
A374E4,N32133,WACF,WACO F,L1P,L
A377E4,N322Y,BE35,BEECH 35 Starfire Bonanza,L1P,L
A378E4,N32256,P28A,PIPER PA-28-140/150/160/180,L1P,L
A37AE4,N323QS,C680,CESSNA 680 Citation Sovereign,L2J,M
A37BE4,N3230Y,C182,CESSNA 182 Skylane,L1P,L
A37CE4,N32379,P28R,PIPER PA-28R-180/200/201,L1P,L
A37FE4,N32421,P28A,PIPER PA-28-140/150/160/180,L1P,L
A380E4,N325AA,CL35,BOMBARDIER BD-100 Challenger 350,L2J,M
A383E4,N32544,P28A,PIPER PA-28-140/150/160/180,L1P,L
A38CE4,N328JV,DHC2,DE HAVILLAND DHC-2 Beaver,L1P,L
A38DE4,N328VA,D328,DORNIER 328,L2T,M
A38EE4,N32832,P28B,PIPER PA-28-201T/235/236,L1P,L
A392E4,N32955,J3,PIPER J-3 Cub,L1P,L
A393E4,N33EK,C550,CESSNA 550 Citation S2,L2J,L
A398E4,N3305P,PA23,PIPER PA-23,L2P,L
A3A0E4,N3329V,BE35,BEECH 35 Starfire Bonanza,L1P,L
A3A2E4,N333VW,C182,CESSNA 182 Skylane,L1P,L
A3A4E4,N334CG,B350,BEECHCRAFT Super King Air 350,L2T,M
A3A9E4,N335RL,RV6,VANS RV-6,L1P,L
A3B0E4,N337MA,AT5T,AIR TRACTOR AT-504,L1T,L
A3B5E4,N3380E,AR11,AERONCA 11 Chief,L1P,L
A3B6E4,N3387R,C182,CESSNA 182 Skylane,L1P,L
A3B9E4,N3392H,ERCO,AIR PRODUCTS F-1 Aircoupe,L1P,L
A3BAE4,N3399U,C182,CESSNA 182 Skylane,L1P,L
A3BBE4,N34KP,ZZZZ,,-0-,-
A3BCE4,N34VV,C185,CESSNA 185 Skywagon,L1P,L
A3BDE4,N340G,C340,CESSNA 340 Super,L2P,L
A3BEE4,N340SF,EC45,AIRBUS HELICOPTERS EC-145,H2T,L
A3BFE4,N34012,C177,CESSNA  177 Cardinal,L1P,L
A3C3E4,N34135,SKYR,REARWIN Skyranger,L1P,L
A3C7E4,N34258,C177,CESSNA  177 Cardinal,L1P,L
A3CAE4,N34300,C77R,CESSNA 177RG Cardinal RG,L1P,L
A3CFE4,N345AC,PA34,PIPER PA-34 Seneca,L2P,L
A3D7E4,N347FZ,CL35,BOMBARDIER BD-100 Challenger 350,L2J,M
A3D8E4,N347SE,GYRO,,G0-,-
A3DEE4,N349BP,M20P,MOONEY M-20,L1P,L
A3E2E4,N35EM,ULAC,,L0-,-
A3E3E4,N35QT,BE35,BEECH 35 Starfire Bonanza,L1P,L
A3E6E4,N350XK,CL35,BOMBARDIER BD-100 Challenger 350,L2J,M
A3EAE4,N3510H,M20P,MOONEY M-20,L1P,L
A3EBE4,N3517U,C182,CESSNA 182 Skylane,L1P,L
A3EDE4,N352T,C340,CESSNA 340 Super,L2P,L
A3EFE4,N3529X,M20P,MOONEY M-20,L1P,L
A3F6E4,N3546S,C172,CESSNA 172 Skyhawk,L1P,L
A3F9E4,N3551J,C150,CESSNA 150,L1P,L
A3FDE4,N3563M,PA12,PIPER PA-12 Super Cruiser,L1P,L
A3FFE4,N357MC,B06,BELL 206 JetRanger,H1T,L
A405E4,N3587T,TF19,TAYLORCRAFT F-19 Sportsman,L1P,L
A407E4,N359SZ,,,,
A408E4,N3592K,P28A,PIPER PA-28-140/150/160/180,L1P,L
A40AE4,N36KR,H500,HUGHES 500,H1T,L
A40FE4,N3609E,C172,CESSNA 172 Skyhawk,L1P,L
A410E4,N361K,F900,DASSAULT Falcon 900,L3J,M
A412E4,N36137,CH7B,BELLANCA 7 Citabria,L1P,L
A413E4,N362BS,S22T,CIRRUS SR-22T Turbo,L1P,L
A41DE4,N36425,TAYB,TAYLORCRAFT BC/BF/BL,L1P,L
A41EE4,N365AE,B407,BELL 407,H1T,L
A421E4,N36548,AR65,AERONCA 65 Super Chief,L1P,L
A422E4,N366DC,E120,EMBRAER EMB-120 Brasilia,L2T,M
A429E4,N3679D,C310,CESSNA 310,L2P,L
A430E4,N36959,AR6T,AERONCA 65 Tandem,L1P,L
A433E4,N370B,SAKO,RANS S-10 Sakota,L1P,L
A436E4,N3705T,P28R,PIPER PA-28R-180/200/201,L1P,L
A439E4,N3710K,P28A,PIPER PA-28-140/150/160/180,L1P,L
A43AE4,N3717W,PA32,PIPER PA-32,L1P,L
A43CE4,N372TB,TBM7,SOCATA TBM-700A/B/C,L1T,L
A43DE4,N3722N,BE35,BEECH 35 Starfire Bonanza,L1P,L
A440E4,N373W,,,,
A445E4,N3746U,C182,CESSNA 182 Skylane,L1P,L
A448E4,N3751L,MG21,MIKOYAN MiG-21,L1J,M
A449E4,N3758X,VO10,NORTH AMERICAN ROCKWELL Commander 100,L1P,L
A44EE4,N377ME,T206,CESSNA T206 Turbo Stationair,L1P,L
A456E4,N379TA,C172,CESSNA 172 Skyhawk,L1P,L
A459E4,N38KT,MT,ROTORSPORT MTOSport,G1P,L
A461E4,N38139,J5,PIPER J-5 Cub Cruiser,L1P,L
A463E4,N382N,AA5,AMERICAN AA-5 Tiger,L1P,L
A465E4,N3826B,BE35,BEECH 35 Starfire Bonanza,L1P,L
A466E4,N383ES,BRB2,BRANTLY B-2,H1P,L
A469E4,N3838E,PA36,PIPER PA-36 Pawnee Brave,L1P,L
A474E4,N3867C,C180,CESSNA  180 Skywagon,L1P,L
A475E4,N387GC,BE9L,BEECH 90 King Air,L2T,L
A482E4,N390BB,,,,
A484E4,N390XP,PULS,Pulsar,L1P,L
A486E4,N391E,C310,CESSNA 310,L2P,L
A488E4,N3910M,PA12,PIPER PA-12 Super Cruiser,L1P,L
A48DE4,N39291,TAYD,TAYLORCRAFT DC/DF/DL,L1P,L
A48EE4,N393KW,SS2T,TRUSH Turbo Thrush 500/550,L1T,L
A491E4,N394CN,,,,
A498E4,N3958Z,PA18,PIPER PA-18 Super Cub,L1P,L
A49CE4,N397BA,DRON,,D0-,-
A49DE4,N397MG,BE40,BEECH 400 Beechjet,L2J,M
A4A2E4,N3980L,C172,CESSNA 172 Skyhawk,L1P,L
A4A3E4,N3987X,P28A,PIPER PA-28-140/150/160/180,L1P,L
A4A5E4,N399TC,BE58,BEECH 58 Baron,L2P,L
A4A6E4,N3992P,PA18,PIPER PA-18 Super Cub,L1P,L
A4AAE4,N40GF,PC12,PILATUS PC-12,L1T,L
A4ABE4,N40SM,AC90,NORTH AMERICAN ROCKWELL Turbo Commander 690/840,L2T,L
A4AFE4,N40060,P28A,PIPER PA-28-140/150/160/180,L1P,L
A4B8E4,N403ML,DHC6,DE HAVILLAND DHC-6 Twin Otter,L2T,L
A4BAE4,N4035Y,BALL,,B0-,-
A4BBE4,N404EC,C404,CESSNA 404 Titan,L2P,L
A4BEE4,N40471,PA23,PIPER PA-23,L2P,L
A4C1E4,N4052T,BALL,,B0-,-
A4C3E4,N406KZ,B744,BOEING 747-400,L4J,H
A4C6E4,N407CR,B407,BELL 407,H1T,L
A4CDE4,N40882,P28A,PIPER PA-28-140/150/160/180,L1P,L
A4CEE4,N409JM,LJ60,LEARJET 60,L2J,M
A4D7E4,N411AN,A21N,AIRBUS A-321neo,L2J,M
A4D9E4,N411X,PA18,PIPER PA-18 Super Cub,L1P,L
A4DAE4,N4115F,C150,CESSNA 150,L1P,L
A4DEE4,N4127J,P28A,PIPER PA-28-140/150/160/180,L1P,L
A4E2E4,N4139M,PA12,PIPER PA-12 Super Cruiser,L1P,L
A4E6E4,N415BZ,ERCO,AIR PRODUCTS F-1 Aircoupe,L1P,L
A4ECE4,N41609,P28A,PIPER PA-28-140/150/160/180,L1P,L
A4EFE4,N417UA,A320,AIRBUS A-320,L2J,M
A4F0E4,N4173B,BL17,BELLANCA 17 Viking,L1P,L
A4F4E4,N4185E,AR11,AERONCA 11 Chief,L1P,L
A4F8E4,N4197H,PA15,PIPER PA-15 Vagabond,L1P,L
A4F9E4,N42GH,EC20,AIRBUS HELICOPTERS EC-120,H1T,L
A4FAE4,N42SP,P28A,PIPER PA-28-140/150/160/180,L1P,L
A4FCE4,N420P,ULAC,,L0-,-
A4FEE4,N42062,C172,CESSNA 172 Skyhawk,L1P,L
A502E4,N42185,J3,PIPER J-3 Cub,L1P,L
A505E4,N4223X,SS2P,ROCKWELL Thrush Commander,L1P,L
A50FE4,N425TJ,C425,CESSNA 425 Corsair,L2T,L
A510E4,N4252V,C170,CESSNA 170,L1P,L
A511E4,N42596,J3,PIPER J-3 Cub,L1P,L
A512E4,N426LA,AT8T,AIR TRACTOR AT-802,L1T,M
A515E4,N427CT,FDCT,FLIGHT DESIGN CT,L1P,L
A518E4,N42761,J3,PIPER J-3 Cub,L1P,L
A51BE4,N4281T,P28A,PIPER PA-28-140/150/160/180,L1P,L
A51DE4,N429JP,C82T,CESSNA TR182 Turbo Skylane RG,L1P,L
A51EE4,N429UV,DRON,,D0-,-
A520E4,N43BF,,,,
A521E4,N43MM,H25B,HAWKER BEECHCRAFT Hawker 750/850,L2J,M
A522E4,N43XT,GLF4,GULFSTREAM 4,L2J,M
A529E4,N4315H,PA15,PIPER PA-15 Vagabond,L1P,L
A52FE4,N433SS,,,,
A530E4,N4332C,C188,CESSNA 188 AgTruck,L1P,L
A531E4,N4339P,PA23,PIPER PA-23,L2P,L
A534E4,N4344F,P28A,PIPER PA-28-140/150/160/180,L1P,L
A535E4,N435CA,C172,CESSNA 172 Skyhawk,L1P,L
A538E4,N4356J,P28A,PIPER PA-28-140/150/160/180,L1P,L
A53BE4,N4361A,PA18,PIPER PA-18 Super Cub,L1P,L
A53FE4,N4373D,FOX,KITFOX,L1P,L
A540E4,N438AP,C340,CESSNA 340 Super,L2P,L
A543E4,N4385G,P28A,PIPER PA-28-140/150/160/180,L1P,L
A544E4,N439DM,LGEZ,RUTAN Long-EZ,L1P,L
A545E4,N439PT,PA34,PIPER PA-34 Seneca,L2P,L
A548E4,N44GK,BE9L,BEECH 90 King Air,L2T,L
A549E4,N44SR,RV10,VANS RV-10,L1P,L
A54AE4,N440CW,BE40,BEECH 400 Beechjet,L2J,M
A54DE4,N44064,TAYB,TAYLORCRAFT BC/BF/BL,L1P,L
A551E4,N44187,WIND,WATSON Windwagon,L1P,L
A55CE4,N44475,P210,CESSNA P210 Centurion,L1P,L
A55FE4,N4452X,P28R,PIPER PA-28R-180/200/201,L1P,L
A565E4,N447PA,R44,ROBINSON R-44 Raven,H1P,L
A567E4,N44763,P28A,PIPER PA-28-140/150/160/180,L1P,L
A56BE4,N44886,P28A,PIPER PA-28-140/150/160/180,L1P,L
A56FE4,N45BH,TBM9,SOCATA TBM-900/910/930/940,L1T,L
A575E4,N451AS,GLID,,L0-,-
A578E4,N4515K,NAVI,NORTH AMERICAN Navion,L1P,L
A57AE4,N452PW,P32R,PIPER PA-32R-300/301/301T,L1P,L
A57BE4,N4520B,AA5,AMERICAN AA-5 Tiger,L1P,L
A57CE4,N4527N,AA5,AMERICAN AA-5 Tiger,L1P,L
A583E4,N4544H,PA15,PIPER PA-15 Vagabond,L1P,L
A585E4,N455NJ,LJ45,LEARJET 45,L2J,M
A58EE4,N4573F,C185,CESSNA 185 Skywagon,L1P,L
A593E4,N459DP,LJ45,LEARJET 45,L2J,M
A595E4,N4590A,PA18,PIPER PA-18 Super Cub,L1P,L
A596E4,N4597M,PA11,PIPER PA-11 Cub Special,L1P,L
A597E4,N46GM,C150,CESSNA 150,L1P,L
A59EE4,N461SB,PA46,PIPER PA-46-310/350,L1P,L
A5A0E4,N46189,C172,CESSNA 172 Skyhawk,L1P,L
A5A3E4,N46231,C172,CESSNA 172 Skyhawk,L1P,L
A5A7E4,N46354,SPHA,AMERICAN AUTOGYRO Spinus,G1P,L
A5AAE4,N4640W,AC11,NORTH AMERICAN ROCKWELL Commander 112/114,L1P,L
A5ABE4,N46477,J3,PIPER J-3 Cub,L1P,L
A5AEE4,N4652Z,PA22,PIPER PA-22,L1P,L
A5B2E4,N46642,C172,CESSNA 172 Skyhawk,L1P,L
A5B6E4,N46765,T211,INDUS T-211,L1P,L
A5B8E4,N468SA,AS21,SCHLEICHER ASK-21,L1P,L
A5BAE4,N46888,ST75,STEARMAN Kaydet,L1P,L
A5BDE4,N46930,AR6T,AERONCA 65 Tandem,L1P,L
A5BEE4,N47BK,,,,
A5BFE4,N47MR,COL4,CESSNA 400 Corvalis TT,L1P,L
A5C0E4,N47XX,IR23,ICA IAR-823,L1P,L
A5C7E4,N4715M,PA11,PIPER PA-11 Cub Special,L1P,L
A5C8E4,N472DS,DA40,DIAMOND DA-40 Club Star,L1P,L
A5CEE4,N4732G,FA62,FAIRCHILD M-26 Cornell,L1P,L
A5D2E4,N4744K,P210,CESSNA P210 Centurion,L1P,L
A5D9E4,N4761E,C82R,CESSNA R182 Skylane RG,L1P,L
A5DBE4,N477JA,ESCP,REALITY Escapade,L1P,L
A5DDE4,N4773H,M20P,MOONEY M-20,L1P,L
A5E1E4,N4785L,P28A,PIPER PA-28-140/150/160/180,L1P,L
A5E2E4,N479DR,BE40,BEECH 400 Beechjet,L2J,M
A5E3E4,N479PX,CRJ9,BOMBARDIER Regional Jet CRJ-900,L2J,M
A5E7E4,N48SV,B06,BELL 206 JetRanger,H1T,L
A5EBE4,N48068,C152,CESSNA 152,L1P,L
A5EEE4,N48110,DHC1,DE HAVILLAND DHC-1 Chipmunk,L1P,L
A5F2E4,N48233,C337,CESSNA 337 Super Skymaster,L2P,L
A5F5E4,N483Y,ZZZZ,,-0-,-
A5F7E4,N484EL,SREY,PROGRESSIVE AERODYNE SeaRey,A1P,L
A5F9E4,N4840Y,PA25,PIPER PA-25 Pawnee,L1P,L
A5FDE4,N48521,C152,CESSNA 152,L1P,L
A600E4,N486WN,B737,BOEING 737-700,L2J,M
A601E4,N48644,TAYD,TAYLORCRAFT DC/DF/DL,L1P,L
A602E4,N487CZ,COZY,CO-Z Cozy,L1P,L
A603E4,N487PE,PARA,,P0-,-
A607E4,N488SC,FOX,KITFOX,L1P,L
A609E4,N4889,EN28,ENSTROM F-28,H1P,L
A60CE4,N48932,C152,CESSNA 152,L1P,L
A60DE4,N49BM,PA23,PIPER PA-23,L2P,L
A60EE4,N49MT,RV8,VANS RV-8,L1P,L
A610E4,N490JD,P180,PIAGGIO P-180 Avanti,L2T,L
A612E4,N4903L,P28A,PIPER PA-28-140/150/160/180,L1P,L
A616E4,N4915P,C152,CESSNA 152,L1P,L
A61AE4,N4927S,C82R,CESSNA R182 Skylane RG,L1P,L
A61DE4,N4932J,P28R,PIPER PA-28R-180/200/201,L1P,L
A61EE4,N4939V,C72R,CESSNA 172R Cutlass RG,L1P,L
A61FE4,N494KQ,K100,DAHER Kodiak 100,L1T,L
A628E4,N4961G,C172,CESSNA 172 Skyhawk,L1P,L
A62AE4,N497JC,E55P,EMBRAER EMB-505 Phenom 300,L2J,M
A62CE4,N4973K,NAVI,NORTH AMERICAN Navion,L1P,L
A62EE4,N498MA,P32R,PIPER PA-32R-300/301/301T,L1P,L
A635E4,N5GR,WAIX,SONEX Waiex,L1P,L
A637E4,N50DB,,,,
A638E4,N50PH,GA5C,GULFSTREAM G500,L2J,M
A639E4,N50ZP,C421,CESSNA 421 Executive Commuter,L2P,L
A63BE4,N500W,BE36,BEECH 36 Bonanza,L1P,L
A63DE4,N501CL,C414,CESSNA 414 Chancellor,L2P,L
A643E4,N5021L,BALL,,B0-,-
A647E4,N5033P,PA24,PIPER PA-24 Comanche,L1P,L
A64BE4,N5045S,AT6T,AIR TRACTOR AT-602,L1T,L
A64EE4,N5050J,SAKO,RANS S-10 Sakota,L1P,L
A64FE4,N5057V,ST75,STEARMAN Kaydet,L1P,L
A651E4,N506TA,RV6,VANS RV-6,L1P,L
A653E4,N5069Y,ULAC,,L0-,-
A657E4,N508CK,GLF5,GULFSTREAM 5,L2J,M
A65CE4,N509RP,C550,CESSNA 550 Citation S2,L2J,L
A65EE4,N5098W,BALL,,B0-,-
A65FE4,N51JF,SA30,STOLP Starduster Too,L1P,L
A664E4,N5108E,H500,HUGHES 500,H1T,L
A666E4,N511TW,DISC,SCHEMPP-HIRTH Discus,L1P,L
A667E4,N51127,M4,MAULE M-4,L1P,L
A668E4,N512AG,M20T,MOONEY M-20T,L1P,L
A66BE4,N5125,AS50,AEROSPATIALE AS-350 Ecureuil,H1T,L
A66FE4,N5137C,BE35,BEECH 35 Starfire Bonanza,L1P,L
A670E4,N514GC,C182,CESSNA 182 Skylane,L1P,L
A672E4,N51415,C150,CESSNA 150,L1P,L
A673E4,N5149F,ULAC,,L0-,-
A674E4,N515KA,GLF6,GULFSTREAM G650,L2J,M
A676E4,N51538,J3,PIPER J-3 Cub,L1P,L
A67AE4,N5166A,C172,CESSNA 172 Skyhawk,L1P,L
A67BE4,N517ER,C172,CESSNA 172 Skyhawk,L1P,L
A67DE4,N51703,T206,CESSNA T206 Turbo Stationair,L1P,L
A681E4,N51826,SA75,STOLP SA-750 Acroduster Too,L1P,L
A682E4,N519AF,P28A,PIPER PA-28-140/150/160/180,L1P,L
A683E4,N519LM,C68A,CESSNA 680 Citation Latitude,L2J,M
A686E4,N52DD,YK52,YAKOVLEV Yak-52,L1P,L
A689E4,N520KW,C185,CESSNA 185 Skywagon,L1P,L
A68AE4,N520WB,C82T,CESSNA TR182 Turbo Skylane RG,L1P,L
A68DE4,N521NU,DRON,,D0-,-
A68EE4,N521Z,SR22,CIRRUS SR-22,L1P,L
A68FE4,N5216W,P28A,PIPER PA-28-140/150/160/180,L1P,L
A690E4,N522FL,P28A,PIPER PA-28-140/150/160/180,L1P,L
A692E4,N5221N,P28A,PIPER PA-28-140/150/160/180,L1P,L
A694E4,N523JJ,,,,
A696E4,N5233R,CH7A,BELLANCA 7 Champion,L1P,L
A6A0E4,N526TC,DIMO,DIAMOND H-36 Dimona,L1P,L
A6A5E4,N5274S,C82R,CESSNA R182 Skylane RG,L1P,L
A6A6E4,N528CM,S22T,CIRRUS SR-22T Turbo,L1P,L
A6AEE4,N53JH,RV4,VANS RV-4,L1P,L
A6AFE4,N53UP,BE95,BEECH 95 Travel Air,L2P,L
A6B1E4,N530R,,,,
A6B2E4,N53006,C185,CESSNA 185 Skywagon,L1P,L
A6B3E4,N5308G,O1,CESSNA 305/341 Bird Dog,L1P,L
A6B6E4,N53129,ST75,STEARMAN Kaydet,L1P,L
A6B7E4,N532AJ,C25B,CESSNA 525B Citation CJ3,L2J,L
A6B9E4,N532WW,ST75,STEARMAN Kaydet,L1P,L
A6BAE4,N5325B,C182,CESSNA 182 Skylane,L1P,L
A6C1E4,N53417,C72R,CESSNA 172R Cutlass RG,L1P,L
A6C2E4,N5349H,C82S,CESSNA T182 Turbo Skylane,L1P,L
A6C9E4,N5366C,PA34,PIPER PA-34 Seneca,L2P,L
A6CCE4,N53705,P337,CESSNA P337 Skymaster,L2P,L
A6D5E4,N54DF,C340,CESSNA 340 Super,L2P,L
A6D8E4,N540KY,RV8,VANS RV-8,L1P,L
A6DEE4,N5416Y,T210,CESSNA T210 Turbo Centurion,L1P,L
A6E4E4,N543US,B752,BOEING 757-200,L2J,M
A6E6E4,N544BC,RS12,RANS S-12 Super Airaile,L1P,L
A6E9E4,N5445W,P28A,PIPER PA-28-140/150/160/180,L1P,L
A6EAE4,N545EA,MX2,MXR MX-2,L1P,L
A6ECE4,N5450N,DG15,HOWARD Nightingale,L1P,L
A6F4E4,N5474U,BE35,BEECH 35 Starfire Bonanza,L1P,L
A6F5E4,N548CP,SR22,CIRRUS SR-22,L1P,L
A6F8E4,N5486X,,,,
A6FBE4,N5491P,C152,CESSNA 152,L1P,L
A702E4,N5508J,CH7B,BELLANCA 7 Citabria,L1P,L
A703E4,N551HU,EC35,AIRBUS HELICOPTERS EC-135/635,H2T,L
A709E4,N5525D,BE35,BEECH 35 Starfire Bonanza,L1P,L
A710E4,N55419,P28A,PIPER PA-28-140/150/160/180,L1P,L
A711E4,N5549K,BL8,BELLANCA 8 Decathlon,L1P,L
A712E4,N555KE,GLF4,GULFSTREAM 4,L2J,M
A715E4,N556BX,COY2,RANS Coyote 2,L1P,L
A718E4,N5566E,C150,CESSNA 150,L1P,L
A71AE4,N557RA,RV7,VANS RV-7,L1P,L
A71CE4,N5578H,PA11,PIPER PA-11 Cub Special,L1P,L
A725E4,N56PP,RV6,VANS RV-6,L1P,L
A729E4,N5604X,,,,
A72DE4,N56160,P28A,PIPER PA-28-140/150/160/180,L1P,L
A731E4,N56283,P28R,PIPER PA-28R-180/200/201,L1P,L
A734E4,N5633V,P32R,PIPER PA-32R-300/301/301T,L1P,L
A73BE4,N5650Q,M20P,MOONEY M-20,L1P,L
A740E4,N56694,P28A,PIPER PA-28-140/150/160/180,L1P,L
A743E4,N5674W,P28A,PIPER PA-28-140/150/160/180,L1P,L
A749E4,N569RV,RV9,VANS RV-9,L1P,L
A74AE4,N5691R,C172,CESSNA 172 Skyhawk,L1P,L
A74BE4,N56982,,,,
A750E4,N5701,,,,
A754E4,N5713C,C170,CESSNA 170,L1P,L
A759E4,N573DL,E55P,EMBRAER EMB-505 Phenom 300,L2J,M
A75CE4,N5737J,C182,CESSNA 182 Skylane,L1P,L
A75FE4,N5742A,C172,CESSNA 172 Skyhawk,L1P,L
A760E4,N5749M,M20P,MOONEY M-20,L1P,L
A762E4,N575VN,PA46,PIPER PA-46-310/350,L1P,L
A76BE4,N5778K,BE35,BEECH 35 Starfire Bonanza,L1P,L
A76EE4,N5783B,C182,CESSNA 182 Skylane,L1P,L
A76FE4,N579AM,EC35,AIRBUS HELICOPTERS EC-135/635,H2T,L
A772E4,N5795E,C150,CESSNA 150,L1P,L
A774E4,N58PR,BE58,BEECH 58 Baron,L2P,L
A778E4,N5804Z,PA22,PIPER PA-22,L1P,L
A77AE4,N581P,CVLP,CONVAIR Convairliner,L2P,M
A77CE4,N58162,M20P,MOONEY M-20,L1P,L
A780E4,N58285,RELI,STINSON Reliant,L1P,L
A782E4,N583UW,A321,AIRBUS A-321,L2J,M
A783E4,N5833X,C310,CESSNA 310,L2P,L
A78DE4,N586TJ,CL60,BOMBARDIER CL-600 Challenger,L2J,M
A78EE4,N5862V,PSTM,PODESVA Stearman,L1P,L
A793E4,N588CT,SR22,CIRRUS SR-22,L1P,L
A799E4,N5891T,C185,CESSNA 185 Skywagon,L1P,L
A79BE4,N59JP,PTS1,PITTS S-1 Special,L1P,L
A7A9E4,N593PU,SR20,CIRRUS SR-20,L1P,L
A7AFE4,N5949P,PA24,PIPER PA-24 Comanche,L1P,L
A7B6E4,N5966J,C182,CESSNA 182 Skylane,L1P,L
A7B9E4,N5971A,C172,CESSNA 172 Skyhawk,L1P,L
A7BDE4,N5983D,PA18,PIPER PA-18 Super Cub,L1P,L
A7C2E4,N6DM,S22T,CIRRUS SR-22T Turbo,L1P,L
A7C3E4,N6PT,PTS2,PITTS S-2 Special,L1P,L
A7C9E4,N6002G,C162,CESSNA 162 Skycatcher,L1P,L
A7CAE4,N6009T,C150,CESSNA 150,L1P,L
A7CDE4,N6014K,RC3,REPUBLIC RC-3 Seabee,A1P,L
A7D1E4,N6026N,T210,CESSNA T210 Turbo Centurion,L1P,L
A7D4E4,N6031E,C172,CESSNA 172 Skyhawk,L1P,L
A7D6E4,N604JA,R44,ROBINSON R-44 Raven,H1P,L
A7E0E4,N6067P,PA24,PIPER PA-24 Comanche,L1P,L
A7E4E4,N6079S,BE95,BEECH 95 Travel Air,L2P,L
A7E7E4,N6084J,C150,CESSNA 150,L1P,L
A7E8E4,N609CD,SR22,CIRRUS SR-22,L1P,L
A7E9E4,N609NK,A320,AIRBUS A-320,L2J,M
A7EBE4,N6096M,S108,STINSON 108 Voyager,L1P,L
A7EEE4,N610BN,DRON,,D0-,-
A7F3E4,N611QS,C56X,CESSNA 560XL Citation XLS,L2J,M
A7F4E4,N6110Y,AT5T,AIR TRACTOR AT-504,L1T,L
A7F8E4,N61221,C150,CESSNA 150,L1P,L
A7FAE4,N613LG,C172,CESSNA 172 Skyhawk,L1P,L
A7FDE4,N614CZ,E75L,EMBRAER ERJ-170-200 (long wing),L2J,M
A800E4,N61467,ST75,STEARMAN Kaydet,L1P,L
A802E4,N615SC,B735,BOEING 737-500,L2J,M
A803E4,N6151Z,PA25,PIPER PA-25 Pawnee,L1P,L
A804E4,N6159,,,,
A807E4,N61632,C180,CESSNA  180 Skywagon,L1P,L
A808E4,N617BM,,,,
A809E4,N617MT,BALL,,B0-,-
A80BE4,N61755,C172,CESSNA 172 Skyhawk,L1P,L
A80EE4,N6180X,C172,CESSNA 172 Skyhawk,L1P,L
A80FE4,N61878,C172,CESSNA 172 Skyhawk,L1P,L
A811E4,N619TP,S22T,CIRRUS SR-22T Turbo,L1P,L
A813E4,N62A,NAVI,NORTH AMERICAN Navion,L1P,L
A815E4,N62WM,C510,CESSNA 510 Citation Mustang,L2J,L
A817E4,N620SY,GLEX,BOMBARDIER BD-700 Global 6000/6500,L2J,M
A821E4,N623FE,MD11,MCDONNELL-DOUGLAS MD-11,L3J,H
A824E4,N6238T,C150,CESSNA 150,L1P,L
A825E4,N624JC,,,,
A827E4,N6243K,C172,CESSNA 172 Skyhawk,L1P,L
A829E4,N625MA,C150,CESSNA 150,L1P,L
A82BE4,N6255N,B06,BELL 206 JetRanger,H1T,L
A82CE4,N626DT,C182,CESSNA 182 Skylane,L1P,L
A831E4,N627SX,CRUZ,CSA PS-28 Cruiser,L1P,L
A832E4,N6272H,J3,PIPER J-3 Cub,L1P,L
A836E4,N6284L,AA1,AMERICAN AA-1,L1P,L
A83BE4,N63FD,F260,AERMACCHI SF-260,L1P,L
A83EE4,N630MW,PA31,PIPER PA-31-300/310/325/350/425,L2P,L
A844E4,N6318A,C182,CESSNA 182 Skylane,L1P,L
A848E4,N633AC,BL8,BELLANCA 8 Decathlon,L1P,L
A84BE4,N63346,C150,CESSNA 150,L1P,L
A853E4,N6359B,T210,CESSNA T210 Turbo Centurion,L1P,L
A85DE4,N6380Z,PA25,PIPER PA-25 Pawnee,L1P,L
A85EE4,N6388,B763,BOEING 767-300,L2J,H
A862E4,N64AB,B06,BELL 206 JetRanger,H1T,L
A863E4,N64LH,RV6,VANS RV-6,L1P,L
A866E4,N640T,BE35,BEECH 35 Starfire Bonanza,L1P,L
A867E4,N6402L,,,,
A868E4,N6409X,C150,CESSNA 150,L1P,L
A86AE4,N641VY,,,,
A86BE4,N6414P,C25B,CESSNA 525B Citation CJ3,L2J,L
A86FE4,N6426S,C150,CESSNA 150,L1P,L
A877E4,N645AX,MRF1,DASSAULT Mirage F1,L1J,M
A87CE4,N646QA,FDCT,FLIGHT DESIGN CT,L1P,L
A87FE4,N647GT,B763,BOEING 767-300,L2J,H
A882E4,N6479W,P28A,PIPER PA-28-140/150/160/180,L1P,L
A88AE4,N65FF,C550,CESSNA 550 Citation S2,L2J,L
A893E4,N6518C,T210,CESSNA T210 Turbo Centurion,L1P,L
A896E4,N65225,C82T,CESSNA TR182 Turbo Skylane RG,L1P,L
A897E4,N653AE,E145,EMBRAER ERJ-145,L2J,M
A89AE4,N65348,C82S,CESSNA T182 Turbo Skylane,L1P,L
A89BE4,N654DC,DV20,DIAMOND DA-20,L1P,L
A89CE4,N654PJ,RV7,VANS RV-7,L1P,L
A8A5E4,N65636,LA4,LAKE LA-4/200,A1P,L
A8B0E4,N65924,GLID,,L0-,-
A8B1E4,N66AD,BE9L,BEECH 90 King Air,L2T,L
A8B2E4,N66LK,CH75,ZENAIR CH-750 Cruzer,L1P,L
A8B5E4,N660TB,UH1,BELL UH-1 Huey,H1T,L
A8B6E4,N6602N,TAYB,TAYLORCRAFT BC/BF/BL,L1P,L
A8B9E4,N661W,P32R,PIPER PA-32R-300/301/301T,L1P,L
A8BEE4,N6626U,M20P,MOONEY M-20,L1P,L
A8BFE4,N663FJ,DRON,,D0-,-
A8C3E4,N664JG,BE33,BEECH 33 Bonanza,L1P,L
A8C5E4,N6643P,BT36,BEECH B36TC Bonanza,L1P,L
A8CAE4,N666DX,TBM9,SOCATA TBM-900/910/930/940,L1T,L
A8D1E4,N6679Y,BE36,BEECH 36 Bonanza,L1P,L
A8DAE4,N67RP,PA18,PIPER PA-18 Super Cub,L1P,L
A8DEE4,N6706B,PA22,PIPER PA-22,L1P,L
A8E2E4,N6718E,C175,CESSNA 175 Skylark,L1P,L
A8E5E4,N67227,RELI,STINSON Reliant,L1P,L
A8EDE4,N6747C,C195,CESSNA 195,L1P,L
A8F1E4,N6759F,C150,CESSNA 150,L1P,L
A8F4E4,N67638,C152,CESSNA 152,L1P,L
A8F8E4,N6776A,PA23,PIPER PA-23,L2P,L
A900E4,N68AF,C172,CESSNA 172 Skyhawk,L1P,L
A901E4,N68LM,FA50,DASSAULT Falcon 50,L3J,M
A902E4,N68WT,S22T,CIRRUS SR-22T Turbo,L1P,L
A906E4,N68091,MD11,MCDONNELL-DOUGLAS MD-11,L3J,H
A90DE4,N6826W,P28A,PIPER PA-28-140/150/160/180,L1P,L
A90EE4,N683FL,P28A,PIPER PA-28-140/150/160/180,L1P,L
A90FE4,N683RS,C208,CESSNA 208 Caravan,L1T,L
A914E4,N6843R,T210,CESSNA T210 Turbo Centurion,L1P,L
A915E4,N685BA,SW4,SWEARINGEN Metro,L2T,M
A918E4,N6855U,M20P,MOONEY M-20,L1P,L
A91BE4,N6860L,BE58,BEECH 58 Baron,L2P,L
A922E4,N688WA,RS21,RANS S-21 Outbound,L1P,L
A929E4,N69RR,PA32,PIPER PA-32,L1P,L
A92FE4,N691R,EFOX,AEROPRO Eurofox,L1P,L
A931E4,N6918G,C182,CESSNA 182 Skylane,L1P,L
A93CE4,N6947E,C175,CESSNA 175 Skylark,L1P,L
A93FE4,N69517,BALL,,B0-,-
A94BE4,N6988F,C150,CESSNA 150,L1P,L
A94DE4,N699TX,CH75,ZENAIR CH-750 Cruzer,L1P,L
A94FE4,N7AH,VEZE,RUTAN VariEze,L1P,L
A950E4,N7LP,C172,CESSNA 172 Skyhawk,L1P,L
A951E4,N7WV,P28R,PIPER PA-28R-180/200/201,L1P,L
A952E4,N70H,ZZZZ,,-0-,-
A953E4,N70TF,F2TH,DASSAULT Falcon 2000,L2J,M
A954E4,N700DL,C82S,CESSNA T182 Turbo Skylane,L1P,L
A957E4,N7007J,P28A,PIPER PA-28-140/150/160/180,L1P,L
A958E4,N701GJ,CH70,ZENAIR CH-701 Stol,L1P,L
A95EE4,N7024D,BALL,,B0-,-
A963E4,N704EX,C150,CESSNA 150,L1P,L
A964E4,N704RC,C150,CESSNA 150,L1P,L
A966E4,N7048K,PA20,PIPER PA-20 Pacer,L1P,L
A969E4,N7053B,PA22,PIPER PA-22,L1P,L
A96DE4,N7065E,AR11,AERONCA 11 Chief,L1P,L
A96EE4,N707DK,BE58,BEECH 58 Baron,L2P,L
A973E4,N708SP,LJ45,LEARJET 45,L2J,M
A978E4,N7094C,R44,ROBINSON R-44 Raven,H1P,L
A97DE4,N710UW,A319,AIRBUS A-319,L2J,M
A97FE4,N711BG,P210,CESSNA P210 Centurion,L1P,L
A982E4,N71150,BALL,,B0-,-
A989E4,N7132V,M20P,MOONEY M-20,L1P,L
A98BE4,N714LA,RV6,VANS RV-6,L1P,L
A98DE4,N7144Y,BALL,,B0-,-
A98EE4,N715CT,NAVI,NORTH AMERICAN Navion,L1P,L
A992E4,N716FR,A321,AIRBUS A-321,L2J,M
A994E4,N7161T,C172,CESSNA 172 Skyhawk,L1P,L
A998E4,N7173W,P28A,PIPER PA-28-140/150/160/180,L1P,L
A99AE4,N718MM,F900,DASSAULT Falcon 900,L3J,M
A99DE4,N719ED,SR22,CIRRUS SR-22,L1P,L
A99FE4,N7190R,P28A,PIPER PA-28-140/150/160/180,L1P,L
A9A1E4,N72HB,PA23,PIPER PA-23,L2P,L
A9A6E4,N7207L,BT36,BEECH B36TC Bonanza,L1P,L
A9ABE4,N722KJ,RV6,VANS RV-6,L1P,L
A9ADE4,N7224F,P28A,PIPER PA-28-140/150/160/180,L1P,L
A9AEE4,N723CA,JS31,BRITISH AEROSPACE Jetstream T.Mk.3,L2T,M
A9AFE4,N723NG,ULAC,,L0-,-
A9B4E4,N7241A,C172,CESSNA 172 Skyhawk,L1P,L
A9B9E4,N726AP,PC12,PILATUS PC-12,L1T,L
A9BAE4,N726LV,RV7,VANS RV-7,L1P,L
A9BFE4,N727ZZ,SR20,CIRRUS SR-20,L1P,L
A9C0E4,N7277K,PA18,PIPER PA-18 Super Cub,L1P,L
A9C2E4,N728SR,SR22,CIRRUS SR-22,L1P,L
A9C3E4,N7282B,BE35,BEECH 35 Starfire Bonanza,L1P,L
A9C4E4,N7289N,C182,CESSNA 182 Skylane,L1P,L
A9CBE4,N730JS,C25B,CESSNA 525B Citation CJ3,L2J,L
A9CDE4,N7303Z,PA25,PIPER PA-25 Pawnee,L1P,L
A9CEE4,N731BJ,P210,CESSNA P210 Centurion,L1P,L
A9CFE4,N731MQ,P210,CESSNA P210 Centurion,L1P,L
A9D4E4,N7320U,C207,CESSNA 207 Turbo Stationair,L1P,L
A9D5E4,N73275,B738,BOEING 737-800,L2J,M
A9D7E4,N733TL,C172,CESSNA 172 Skyhawk,L1P,L
A9D9E4,N73398,C172,CESSNA 172 Skyhawk,L1P,L
A9DDE4,N735CV,C182,CESSNA 182 Skylane,L1P,L
A9E0E4,N73563,C172,CESSNA 172 Skyhawk,L1P,L
A9E1E4,N736FT,C172,CESSNA 172 Skyhawk,L1P,L
A9E2E4,N736RZ,C172,CESSNA 172 Skyhawk,L1P,L
A9E4E4,N73686,C172,CESSNA 172 Skyhawk,L1P,L
A9E5E4,N737JR,C172,CESSNA 172 Skyhawk,L1P,L
A9EBE4,N73851,L8,LUSCOMBE 8,L1P,L
A9EFE4,N73974,B47G,BELL 47G,H1P,L
A9F4E4,N7400B,CH7A,BELLANCA 7 Champion,L1P,L
A9F8E4,N7412E,C210,CESSNA 201 Centurion,L1P,L
A9F9E4,N7419R,P28A,PIPER PA-28-140/150/160/180,L1P,L
A9FCE4,N7424H,J3,PIPER J-3 Cub,L1P,L
A9FDE4,N743CC,PA11,PIPER PA-11 Cub Special,L1P,L
AA02E4,N744RG,R44,ROBINSON R-44 Raven,H1P,L
AA03E4,N7441C,T6,NORTH AMERICAN T-6 Texan,L1P,L
AA04E4,N7448P,PA24,PIPER PA-24 Comanche,L1P,L
AA08E4,N746AR,F900,DASSAULT Falcon 900,L3J,M
AA0CE4,N747DP,E545,EMBRAER EMB545 Praetor 500,L2J,M
AA0EE4,N7470A,C172,CESSNA 172 Skyhawk,L1P,L
AA13E4,N7489Q,C182,CESSNA 182 Skylane,L1P,L
AA17E4,N75CB,C421,CESSNA 421 Executive Commuter,L2P,L
AA1CE4,N75031,ST75,STEARMAN Kaydet,L1P,L
AA20E4,N75154,BALL,,B0-,-
AA23E4,N7520W,,,,
AA24E4,N75277,P28A,PIPER PA-28-140/150/160/180,L1P,L
AA27E4,N7532Z,PA25,PIPER PA-25 Pawnee,L1P,L
AA2FE4,N75565,C172,CESSNA 172 Skyhawk,L1P,L
AA32E4,N7561X,C82R,CESSNA R182 Skylane RG,L1P,L
AA34E4,N757JT,T6,NORTH AMERICAN T-6 Texan,L1P,L
AA35E4,N757UZ,C152,CESSNA 152,L1P,L
AA37E4,N758BK,C172,CESSNA 172 Skyhawk,L1P,L
AA3AE4,N75853,B753,BOEING 757-300,L2J,M
AA3EE4,N75976,C172,CESSNA 172 Skyhawk,L1P,L
AA3FE4,N76HF,P337,CESSNA P337 Skymaster,L2P,L
AA40E4,N76TM,BL17,BELLANCA 17 Viking,L1P,L
AA41E4,N760DS,DA40,DIAMOND DA-40 Club Star,L1P,L
AA43E4,N7600D,PA22,PIPER PA-22,L1P,L
AA47E4,N7612G,C172,CESSNA 172 Skyhawk,L1P,L
AA50E4,N764FC,DRON,,D0-,-
AA52E4,N7641E,B14A,BELLANCA 14,L1P,L
AA53E4,N7648R,BE19,BEECH 19 Sport,L1P,L
AA57E4,N766AT,SR22,CIRRUS SR-22,L1P,L
AA5AE4,N7665L,S76,SIKORSKY S-76 Spirit,H2T,L
AA5BE4,N767DR,RV8,VANS RV-8,L1P,L
AA5EE4,N7677P,PA24,PIPER PA-24 Comanche,L1P,L
AA66E4,N77CD,C414,CESSNA 414 Chancellor,L2P,L
AA6EE4,N771Y,BE19,BEECH 19 Sport,L1P,L
AA71E4,N772QS,CL35,BOMBARDIER BD-100 Challenger 350,L2J,M
AA72E4,N7720Y,PA44,PIPER PA-44 Seminole,L2P,L
AA76E4,N77321,C120,CESSNA 120,L1P,L
AA78E4,N774LG,B772,BOEING 777-200,L2J,H
AA7AE4,N77444,C140,CESSNA 140,L1P,L
AA7EE4,N77567,RV7,VANS RV-7,L1P,L
AA80E4,N776SC,C172,CESSNA 172 Skyhawk,L1P,L
AA82E4,N7769,SA30,STOLP Starduster Too,L1P,L
AA84E4,N777VA,,,,
AA85E4,N77732,FNKB,FUNK B,L1P,L
AA87E4,N778MT,G280,GULFSTREAM G280,L2J,M
AA8EE4,N78HH,C25B,CESSNA 525B Citation CJ3,L2J,L
AA8FE4,N78TP,GLST,GLASAIR SH-4 GlaStar,L1P,L
AA92E4,N7800F,C150,CESSNA 150,L1P,L
AA93E4,N7807S,CH7B,BELLANCA 7 Citabria,L1P,L
AA9FE4,N784FE,C208,CESSNA 208 Caravan,L1T,L
AAA2E4,N7848T,C172,CESSNA 172 Skyhawk,L1P,L
AAA6E4,N786AV,B788,BOEING 787-8 Dreamliner,L2J,H
AAA9E4,N7865N,P28A,PIPER PA-28-140/150/160/180,L1P,L
AAACE4,N7870E,C150,CESSNA 150,L1P,L
AAB3E4,N789VV,DA40,DIAMOND DA-40 Club Star,L1P,L
AAB7E4,N79YT,LGEZ,RUTAN Long-EZ,L1P,L
AAC1E4,N79200,C172,CESSNA 172 Skyhawk,L1P,L
AAC5E4,N79323,C172,CESSNA 172 Skyhawk,L1P,L
AAC9E4,N79446,C172,CESSNA 172 Skyhawk,L1P,L
AACFE4,N796SE,RV7,VANS RV-7,L1P,L
AAD1E4,N7969B,C172,CESSNA 172 Skyhawk,L1P,L
AAD3E4,N797VC,PA23,PIPER PA-23,L2P,L
AAD8E4,N79857,M20P,MOONEY M-20,L1P,L
AAD9E4,N799EM,,,,
AADDE4,N8HK,RALL,SOCATA Rallye,L1P,L
AADEE4,N8TR,C172,CESSNA 172 Skyhawk,L1P,L
AADFE4,N80DW,C310,CESSNA 310,L2P,L
AAE1E4,N800AG,M20P,MOONEY M-20,L1P,L
AAE8E4,N8017C,PA34,PIPER PA-34 Seneca,L2P,L
AAECE4,N8029F,RS12,RANS S-12 Super Airaile,L1P,L
AAEFE4,N80338,C172,CESSNA 172 Skyhawk,L1P,L
AAF0E4,N804BT,C172,CESSNA 172 Skyhawk,L1P,L
AAFDE4,N807WT,CC19,CUB CRAFTERS CC-19 XCub,L1P,L
AAFEE4,N80749,,,,
AAFFE4,N808DD,,,,
AB00E4,N808PK,RV9,VANS RV-9,L1P,L
AB02E4,N8087B,PA32,PIPER PA-32,L1P,L
AB05E4,N80914,C172,CESSNA 172 Skyhawk,L1P,L
AB0BE4,N8101N,,,,
AB0FE4,N8113R,P28A,PIPER PA-28-140/150/160/180,L1P,L
AB13E4,N8125U,C172,CESSNA 172 Skyhawk,L1P,L
AB14E4,N813DZ,PTS1,PITTS S-1 Special,L1P,L
AB16E4,N8130L,T210,CESSNA T210 Turbo Centurion,L1P,L
AB17E4,N8137X,C172,CESSNA 172 Skyhawk,L1P,L
AB19E4,N814TC,BALL,,B0-,-
AB23E4,N817FK,RELI,STINSON Reliant,L1P,L
AB26E4,N8178Y,P32R,PIPER PA-32R-300/301/301T,L1P,L
AB27E4,N818JH,WW24,IAI 1124 Westwind,L2J,M
AB2AE4,N819B,BE35,BEECH 35 Starfire Bonanza,L1P,L
AB2FE4,N82QD,BE40,BEECH 400 Beechjet,L2J,M
AB32E4,N820WW,M5,MAULE M-5,L1P,L
AB33E4,N8205B,C172,CESSNA 172 Skyhawk,L1P,L
AB45E4,N82505,PA18,PIPER PA-18 Super Cub,L1P,L
AB4BE4,N827LP,PA31,PIPER PA-31-300/310/325/350/425,L2P,L
AB4DE4,N8275A,BE36,BEECH 36 Bonanza,L1P,L
AB4EE4,N828DF,SR22,CIRRUS SR-22,L1P,L
AB4FE4,N828PM,PA46,PIPER PA-46-310/350,L1P,L
AB51E4,N8287D,BE35,BEECH 35 Starfire Bonanza,L1P,L
AB53E4,N829SK,CRJ9,BOMBARDIER Regional Jet CRJ-900,L2J,M
AB54E4,N82916,CH7A,BELLANCA 7 Champion,L1P,L
AB55E4,N8299G,BE33,BEECH 33 Bonanza,L1P,L
AB56E4,N83KB,B350,BEECHCRAFT Super King Air 350,L2T,M
AB5CE4,N831JL,DA40,DIAMOND DA-40 Club Star,L1P,L
AB5DE4,N831US,MD83,MCDONNELL-DOUGLAS MD-83,L2J,M
AB5EE4,N8313T,P32R,PIPER PA-32R-300/301/301T,L1P,L
AB62E4,N8325W,P28A,PIPER PA-28-140/150/160/180,L1P,L
AB69E4,N8342R,P28A,PIPER PA-28-140/150/160/180,L1P,L
AB6AE4,N83492,CH7A,BELLANCA 7 Champion,L1P,L
AB6DE4,N8354U,C172,CESSNA 172 Skyhawk,L1P,L
AB6EE4,N836CP,C82T,CESSNA TR182 Turbo Skylane RG,L1P,L
AB71E4,N8366X,C172,CESSNA 172 Skyhawk,L1P,L
AB75E4,N83780,CH7A,BELLANCA 7 Champion,L1P,L
AB78E4,N8383S,P28R,PIPER PA-28R-180/200/201,L1P,L
AB7AE4,N839MH,B764,BOEING 767-400,L2J,H
AB7CE4,N8395V,CH7A,BELLANCA 7 Champion,L1P,L
AB7DE4,N84E,P337,CESSNA P337 Skymaster,L2P,L
AB89E4,N84219,LA25,LAKE LA-250,A1P,L
AB8AE4,N8429K,G164,GRUMMAN G-164 Ag-Cat,L1P,L
AB94E4,N84507,C182,CESSNA 182 Skylane,L1P,L
AB95E4,N8458H,P28A,PIPER PA-28-140/150/160/180,L1P,L
AB99E4,N847AK,SSTL,JUST JA30 SuperSTOL,L1P,L
ABA0E4,N8487F,PA34,PIPER PA-34 Seneca,L2P,L
ABA1E4,N849GF,UHEL,,H0-,-
ABA5E4,N85KD,SREY,PROGRESSIVE AERODYNE SeaRey,A1P,L
ABA8E4,N850RW,ULAC,,L0-,-
ABA9E4,N8501S,C182,CESSNA 182 Skylane,L1P,L
ABAAE4,N85083,CH7A,BELLANCA 7 Champion,L1P,L
ABADE4,N8513V,AT8T,AIR TRACTOR AT-802,L1T,M
ABB5E4,N85371,CH7A,BELLANCA 7 Champion,L1P,L
ABB6E4,N854HA,DRON,,D0-,-
ABB8E4,N8542T,DRON,,D0-,-
ABC0E4,N8566Z,B738,BOEING 737-800,L2J,M
ABC2E4,N857RV,RV8,VANS RV-8,L1P,L
ABC5E4,N858JM,BE95,BEECH 95 Travel Air,L2P,L
ABC7E4,N8583U,C172,CESSNA 172 Skyhawk,L1P,L
ABCBE4,N8595X,ULAC,,L0-,-
ABCCE4,N86EB,C182,CESSNA 182 Skylane,L1P,L
ABD0E4,N860X,C182,CESSNA 182 Skylane,L1P,L
ABD8E4,N8622A,B738,BOEING 737-800,L2J,M
ABE0E4,N8646G,DRON,,D0-,-
ABEBE4,N8675E,P28A,PIPER PA-28-140/150/160/180,L1P,L
ABEFE4,N8687H,NAVI,NORTH AMERICAN Navion,L1P,L
ABF2E4,N8692,DH82,DE HAVILLAND DH-82 Tiger Moth,L1P,L
ABF5E4,N87VM,C25B,CESSNA 525B Citation CJ3,L2J,L
ABF6E4,N870FS,PA46,PIPER PA-46-310/350,L1P,L
ABF9E4,N87085,ERCO,AIR PRODUCTS F-1 Aircoupe,L1P,L
ABFCE4,N8713X,C182,CESSNA 182 Skylane,L1P,L
AC03E4,N8730S,C150,CESSNA 150,L1P,L
AC04E4,N87373,ERCO,AIR PRODUCTS F-1 Aircoupe,L1P,L
AC06E4,N874TJ,CC19,CUB CRAFTERS CC-19 XCub,L1P,L
AC07E4,N8742V,CH7B,BELLANCA 7 Citabria,L1P,L
AC0BE4,N8754Y,PA30,PIPER PA-30 Twin Comanche,L2P,L
AC13E4,N87784,J3,PIPER J-3 Cub,L1P,L
AC14E4,N878JP,C25A,CESSNA 525A Citation CJ2,L2J,L
AC16E4,N8783W,SONX,SONEX AIRCRAFT Sonex,L1P,L
AC1AE4,N8795Z,C206,CESSNA  206 Stationair,L1P,L
AC1CE4,N88QK,VEZE,RUTAN VariEze,L1P,L
AC21E4,N881DN,B739,BOEING 737-900,L2J,M
AC24E4,N8817L,B38M,BOEING 737 MAX 8,L2J,M
AC25E4,N882GL,C320,CESSNA 320 Skyknight,L2P,L
AC27E4,N8822C,,,,
AC28E4,N8829P,PA24,PIPER PA-24 Comanche,L1P,L
AC2CE4,N884CA,C172,CESSNA 172 Skyhawk,L1P,L
AC2FE4,N8846J,P28A,PIPER PA-28-140/150/160/180,L1P,L
AC36E4,N8863D,PA22,PIPER PA-22,L1P,L
AC40E4,N889SR,SR22,CIRRUS SR-22,L1P,L
AC47E4,N8901W,P28B,PIPER PA-28-201T/235/236,L1P,L
AC4FE4,N89252,C140,CESSNA 140,L1P,L
AC56E4,N8942X,C182,CESSNA 182 Skylane,L1P,L
AC57E4,N89498,C120,CESSNA 120,L1P,L
AC5EE4,N89663,C140,CESSNA 140,L1P,L
AC61E4,N8971V,C172,CESSNA 172 Skyhawk,L1P,L
AC63E4,N898JR,AA5,AMERICAN AA-5 Tiger,L1P,L
AC66E4,N899BH,B06,BELL 206 JetRanger,H1T,L
AC6AE4,N9EF,,,,
AC6DE4,N90LY,BE9L,BEECH 90 King Air,L2T,L
AC6EE4,N90XD,BL8,BELLANCA 8 Decathlon,L1P,L
AC72E4,N901AA,A321,AIRBUS A-321,L2J,M
AC74E4,N901WN,B737,BOEING 737-700,L2J,M
AC7AE4,N903FX,AT43,ATR-42-300,L2T,M
AC7BE4,N903SC,,,,
AC7FE4,N904VA,,,,
AC80E4,N90432,C150,CESSNA 150,L1P,L
AC82E4,N905MT,CL30,BOMBARDIER BD-100 Challenger 300,L2J,M
AC84E4,N90555,BALL,,B0-,-
AC87E4,N9060X,C182,CESSNA 182 Skylane,L1P,L
AC8CE4,N908A,P28A,PIPER PA-28-140/150/160/180,L1P,L
AC8FE4,N90843,BALL,,B0-,-
AC93E4,N90966,CH7A,BELLANCA 7 Champion,L1P,L
AC94E4,N91FW,FW90,FOCKE-WULF Fw-190 Replica,L1P,L
AC97E4,N910NN,B738,BOEING 737-800,L2J,M
AC99E4,N9106Q,BALL,,B0-,-
AC9AE4,N911FE,C208,CESSNA 208 Caravan,L1T,L
AC9BE4,N911RL,BE9L,BEECH 90 King Air,L2T,L
AC9CE4,N9111G,PA32,PIPER PA-32,L1P,L
AC9DE4,N9118T,C180,CESSNA  180 Skywagon,L1P,L
ACA0E4,N9123K,P28A,PIPER PA-28-140/150/160/180,L1P,L
ACA2E4,N913MA,C72R,CESSNA 172R Cutlass RG,L1P,L
ACA7E4,N9140E,M5,MAULE M-5,L1P,L
ACAAE4,N915SX,SONX,SONEX AIRCRAFT Sonex,L1P,L
ACACE4,N9159U,C150,CESSNA 150,L1P,L
ACADE4,N916KP,FA50,DASSAULT Falcon 50,L3J,M
ACAFE4,N9164L,CH7A,BELLANCA 7 Champion,L1P,L
ACB0E4,N917CF,T206,CESSNA T206 Turbo Stationair,L1P,L
ACB3E4,N9176P,PA24,PIPER PA-24 Comanche,L1P,L
ACB4E4,N918FD,B752,BOEING 757-200,L2J,M
ACB6E4,N9181F,PARA,,P0-,-
ACB7E4,N9188S,BE23,BEECH 23 Sundowner,L1P,L
ACB8E4,N919JB,BE36,BEECH 36 Bonanza,L1P,L
ACBAE4,N9193J,P28A,PIPER PA-28-140/150/160/180,L1P,L
ACC1E4,N921AC,RV10,VANS RV-10,L1P,L
ACC2E4,N921LJ,P32R,PIPER PA-32R-300/301/301T,L1P,L
ACC5E4,N922DA,DV20,DIAMOND DA-20,L1P,L
ACCBE4,N92311,C182,CESSNA 182 Skylane,L1P,L
ACD0E4,N925BP,ASTR,GULFSTREAM AEROSPACE Gulfstream G100,L2J,M
ACD3E4,N92557,C182,CESSNA 182 Skylane,L1P,L
ACD4E4,N926EM,DRON,,D0-,-
ACD6E4,N9260Z,DHC2,DE HAVILLAND DHC-2 Beaver,L1P,L
ACDAE4,N92722,C172,CESSNA 172 Skyhawk,L1P,L
ACDEE4,N92845,C172,CESSNA 172 Skyhawk,L1P,L
ACDFE4,N929D,BE58,BEECH 58 Baron,L2P,L
ACE1E4,N929ZM,ULAC,,L0-,-
ACE2E4,N92968,SKYR,REARWIN Skyranger,L1P,L
ACE4E4,N93SD,C82T,CESSNA TR182 Turbo Skylane RG,L1P,L
ACEBE4,N9311J,P28A,PIPER PA-28-140/150/160/180,L1P,L
ACF2E4,N933XJ,CRJ9,BOMBARDIER Regional Jet CRJ-900,L2J,M
ACF7E4,N9347T,C172,CESSNA 172 Skyhawk,L1P,L
AD05E4,N9381H,DG15,HOWARD Nightingale,L1P,L
AD0AE4,N94AW,C208,CESSNA 208 Caravan,L1T,L
AD0BE4,N94MB,RV4,VANS RV-4,L1P,L
AD13E4,N94148,T210,CESSNA T210 Turbo Centurion,L1P,L
AD14E4,N942DC,B739,BOEING 737-900,L2J,M
AD1AE4,N94313,ERCO,AIR PRODUCTS F-1 Aircoupe,L1P,L
AD1EE4,N94436,ULAC,,L0-,-
AD25E4,N94601,ERCO,AIR PRODUCTS F-1 Aircoupe,L1P,L
AD26E4,N9468B,C175,CESSNA 175 Skylark,L1P,L
AD28E4,N947TT,RV4,VANS RV-4,L1P,L
AD2EE4,N949DB,RV9,VANS RV-9,L1P,L
AD2FE4,N949PH,S92,SIKORSKY S-92 Helibus,H2T,M
AD33E4,N95SF,COZY,CO-Z Cozy,L1P,L
AD35E4,N950NS,MD83,MCDONNELL-DOUGLAS MD-83,L2J,M
AD37E4,N9506U,,,,
AD3AE4,N9511L,BALL,,B0-,-
AD3EE4,N9523P,PARA,,P0-,-
AD3FE4,N953AZ,B06,BELL 206 JetRanger,H1T,L
AD46E4,N9547V,M10,MOONEY M-10 Cadet,L1P,L
AD47E4,N955GV,P06T,TECNAM P-2006T,L2P,L
AD4DE4,N9564Q,BE35,BEECH 35 Starfire Bonanza,L1P,L
AD51E4,N9576T,C210,CESSNA 201 Centurion,L1P,L
AD6AE4,N9639F,C208,CESSNA 208 Caravan,L1T,L
AD6DE4,N96438,TAYB,TAYLORCRAFT BC/BF/BL,L1P,L
AD71E4,N9656A,C140,CESSNA 140,L1P,L
AD78E4,N96726,TAYB,TAYLORCRAFT BC/BF/BL,L1P,L
AD79E4,N968AF,SF34,SAAB 340,L2T,M
AD81E4,N97GB,M7,MAULE M-7,L1P,L
AD82E4,N97SH,CL30,BOMBARDIER BD-100 Challenger 300,L2J,M
AD91E4,N9735U,AA5,AMERICAN AA-5 Tiger,L1P,L
AD9DE4,N977CM,SR22,CIRRUS SR-22,L1P,L
ADA4E4,N9788Y,BE35,BEECH 35 Starfire Bonanza,L1P,L
ADB1E4,N9815B,B14A,BELLANCA 14,L1P,L
ADB6E4,N983GE,PA18,PIPER PA-18 Super Cub,L1P,L
ADBAE4,N984KC,SR22,CIRRUS SR-22,L1P,L
ADC0E4,N9856C,B25,CONSOLIDATED B-25 Mitchell,L2P,M
ADC7E4,N98728,J3,PIPER J-3 Cub,L1P,L
ADCBE4,N9885A,C195,CESSNA 195,L1P,L
ADCCE4,N989DF,SR22,CIRRUS SR-22,L1P,L
ADCDE4,N989PM,M20P,MOONEY M-20,L1P,L
ADCFE4,N9897D,PA18,PIPER PA-18 Super Cub,L1P,L
ADD0E4,N99GD,VEZE,RUTAN VariEze,L1P,L
ADD5E4,N9906Y,CH7B,BELLANCA 7 Citabria,L1P,L
ADD8E4,N9911Q,C172,CESSNA 172 Skyhawk,L1P,L
ADD9E4,N99181,ERCO,AIR PRODUCTS F-1 Aircoupe,L1P,L
ADDCE4,N9923T,C182,CESSNA 182 Skylane,L1P,L
ADE1E4,N994EA,LJ35,LEARJET 35,L2J,M
ADE7E4,N9952R,T206,CESSNA T206 Turbo Stationair,L1P,L
ADE8E4,N99592,ERCO,AIR PRODUCTS F-1 Aircoupe,L1P,L
ADECE4,N997CP,C82T,CESSNA TR182 Turbo Skylane RG,L1P,L
ADF2E4,N9981P,PA36,PIPER PA-36 Pawnee Brave,L1P,L
ADFCE4,94-0133,BE40,BEECH 400 Beechjet,L2J,M
ADFFE4,67-14840,T38,NORTHROP T-38 Talon,L2J,L
AE00E4,65-10433,T38,NORTHROP T-38 Talon,L2J,L
AE01E4,96-3012,TEX2,BEECHCRAFT T-6 Texan 2,L1T,L
AE02E4,81-0629,C130,LOCKHEED C-130 Hercules,L4T,M
AE03E4,164997,C130,LOCKHEED C-130 Hercules,L4T,M
AE04E4,59-1469,K35R,BOEING KC-135R/T Stratotanker,L4J,H
AE05E4,88-4402,C130,LOCKHEED C-130 Hercules,L4T,M
AE06E4,163836,BE20,BEECH 200 Super King Air,L2T,M
AE07E4,94-0070,C17,BOEING C-17 Globemaster 3,L4J,H
AE0AE4,83-23902,H60,SIKORSKY UH-60 Black Hawk,H2T,M
AE0DE4,95-26620,H60,SIKORSKY UH-60 Black Hawk,H2T,M
AE10E4,93-0698,BE20,BEECH 200 Super King Air,L2T,M
AE11E4,78-0576,E3TF,BOEING E-3 Sentry (TF33),L4J,H
AE16E4,90-0818,F16,GENERAL DYNAMICS F-16 Fighting Falcon,L1J,M
AE1FE4,11-72213,EC45,AIRBUS HELICOPTERS EC-145,H2T,L
AE20E4,166925,F18S,BOEING FA-18 SUPER HORNET,L2J,M
AE21E4,89-26125,H60,SIKORSKY UH-60 Black Hawk,H2T,M
AE24E4,165649,E2,NORTHROP GRUMMAN E-2 Hawkeye,L2T,M
AE2EE4,166103,TEX2,BEECHCRAFT T-6 Texan 2,L1T,L
AE47E4,07-20034,H60,SIKORSKY UH-60 Black Hawk,H2T,M
AE4EE4,11-0121,SR20,CIRRUS SR-20,L1P,L
AE4FE4,168148,H60,SIKORSKY UH-60 Black Hawk,H2T,M
AE50E4,10-20313,H60,SIKORSKY UH-60 Black Hawk,H2T,M
AE51E4,11-20402,H60,SIKORSKY UH-60 Black Hawk,H2T,M
AE52E4,11-08840,H47,BOEING-VERTOL CH-47 Chinook,H2T,M
AE54E4,166210,TEX2,BEECHCRAFT T-6 Texan 2,L1T,L
AE56E4,13-20636,H60,SIKORSKY UH-60 Black Hawk,H2T,M
AE58E4,166239,TEX2,BEECHCRAFT T-6 Texan 2,L1T,L
AE59E4,15-08463,H47,BOEING-VERTOL CH-47 Chinook,H2T,M
AE5AE4,15-20770,H60,SIKORSKY UH-60 Black Hawk,H2T,M
AE5BE4,13-02904,H47,BOEING-VERTOL CH-47 Chinook,H2T,M
AE5EE4,162666,B06,BELL 206 JetRanger,H1T,L
AE63E4,64-13304,T38,NORTHROP T-38 Talon,L2J,L
C001E4,C-FASP,C25A,CESSNA 525A Citation CJ2,L2J,L
C002E4,C-FBCL,LJ75,LEARJET 75,L2J,M
C003E4,C-FBMH,CAMP,GREGA GN-1 Aircamper,L1P,L
C004E4,C-FBWD,VP2,EVANS Volksplane,L1P,L
C006E4,C-FCPV,DHC6,DE HAVILLAND DHC-6 Twin Otter,L2T,L
C008E4,C-FDJN,C208,CESSNA 208 Caravan,L1T,L
C009E4,C-FDTJ,ULAC,,L0-,-
C00CE4,C-FEWX,C172,CESSNA 172 Skyhawk,L1P,L
C00DE4,C-FFGT,BALL,,B0-,-
C00EE4,C-FFQP,P28A,PIPER PA-28-140/150/160/180,L1P,L
C00FE4,C-FGAL,DHC6,DE HAVILLAND DHC-6 Twin Otter,L2T,L
C010E4,C-FGKH,A320,AIRBUS A-320,L2J,M
C012E4,C-FHDZ,P28A,PIPER PA-28-140/150/160/180,L1P,L
C014E4,C-FHXR,B14A,BELLANCA 14,L1P,L
C016E4,C-FIRJ,C180,CESSNA  180 Skywagon,L1P,L
C018E4,C-FJLB,B732,BOEING 737-200,L2J,M
C01AE4,C-FKET,RV6,VANS RV-6,L1P,L
C01BE4,C-FKOP,B407,BELL 407,H1T,L
C01CE4,C-FKYL,C180,CESSNA  180 Skywagon,L1P,L
C01DE4,C-FLIH,CJ6,NANCHANG CJ-6,L1P,L
C01EE4,C-FLSD,DHC2,DE HAVILLAND DHC-2 Beaver,L1P,L
C01FE4,C-FMBZ,C152,CESSNA 152,L1P,L
C021E4,C-FMVR,S108,STINSON 108 Voyager,L1P,L
C022E4,C-FNFN,PA22,PIPER PA-22,L1P,L
C024E4,C-FNZF,P28A,PIPER PA-28-140/150/160/180,L1P,L
C025E4,C-FOJB,CH7A,BELLANCA 7 Champion,L1P,L
C027E4,C-FPCT,,,,
C028E4,C-FPMP,C172,CESSNA 172 Skyhawk,L1P,L
C02BE4,C-FQQD,DHC2,DE HAVILLAND DHC-2 Beaver,L1P,L
C02CE4,C-FQZZ,,,,
C02EE4,C-FRTR,P28A,PIPER PA-28-140/150/160/180,L1P,L
C030E4,C-FSNJ,PA18,PIPER PA-18 Super Cub,L1P,L
C031E4,C-FSXF,DV20,DIAMOND DA-20,L1P,L
C032E4,C-FTHB,B06,BELL 206 JetRanger,H1T,L
C033E4,C-FTQX,ERCO,AIR PRODUCTS F-1 Aircoupe,L1P,L
C034E4,C-FUAT,T6,NORTH AMERICAN T-6 Texan,L1P,L
C035E4,C-FUKP,PA17,PIPER PA-17 Vagabond Trainer,L1P,L
C036E4,C-FUUL,PA12,PIPER PA-12 Super Cruiser,L1P,L
C037E4,C-FVEH,PA22,PIPER PA-22,L1P,L
C038E4,C-FVOD,PA12,PIPER PA-12 Super Cruiser,L1P,L
C039E4,C-FVXZ,C150,CESSNA 150,L1P,L
C03BE4,C-FWRR,CRJ1,BOMBARDIER Regional Jet CRJ-100,L2J,M
C03CE4,C-FXBN,P28A,PIPER PA-28-140/150/160/180,L1P,L
C03DE4,C-FXLJ,,,,
C03EE4,C-FXVF,AT8T,AIR TRACTOR AT-802,L1T,M
C03FE4,C-FYFB,P28R,PIPER PA-28R-180/200/201,L1P,L
C040E4,C-FYOX,P28S,PIPER PA-28R-201T,L1P,L
C042E4,C-FZIP,C182,CESSNA 182 Skylane,L1P,L
C043E4,C-FZSL,BALL,,B0-,-
C044E4,C-GACH,C172,CESSNA 172 Skyhawk,L1P,L
C045E4,C-GAMD,C210,CESSNA 201 Centurion,L1P,L
C046E4,C-GAVZ,PA23,PIPER PA-23,L2P,L
C047E4,C-GBFV,BOLT,STEEN Skybolt,L1P,L
C048E4,C-GBPR,R44,ROBINSON R-44 Raven,H1P,L
C049E4,C-GBZN,PA38,PIPER PA-38 Tomahawk,L1P,L
C04AE4,C-GCJJ,C177,CESSNA  177 Cardinal,L1P,L
C04BE4,C-GCTF,DC4,DOUGLAS DC-4 Skymaster,L4P,M
C04CE4,C-GDDB,P32R,PIPER PA-32R-300/301/301T,L1P,L
C04DE4,C-GDMX,SR22,CIRRUS SR-22,L1P,L
C04EE4,C-GDWT,DHC2,DE HAVILLAND DHC-2 Beaver,L1P,L
C04FE4,C-GEGP,A333,AIRBUS A-330-300,L2J,H
C051E4,C-GFAH,A333,AIRBUS A-330-300,L2J,H
C056E4,C-GGXN,C150,CESSNA 150,L1P,L
C057E4,C-GHHJ,S76,SIKORSKY S-76 Spirit,H2T,L
C058E4,C-GHRF,GYRO,,G0-,-
C059E4,C-GIBB,,,,
C05AE4,C-GIKX,B06,BELL 206 JetRanger,H1T,L
C05CE4,C-GJEP,AA5,AMERICAN AA-5 Tiger,L1P,L
C05DE4,C-GJOL,DA62,DIAMOND DA-62,L2P,L
C05FE4,C-GKID,C172,CESSNA 172 Skyhawk,L1P,L
C060E4,C-GKRZ,,,,
C061E4,C-GLBV,RV8,VANS RV-8,L1P,L
C062E4,C-GLLR,PA46,PIPER PA-46-310/350,L1P,L
C063E4,C-GLVN,C172,CESSNA 172 Skyhawk,L1P,L
C064E4,C-GMFJ,C172,CESSNA 172 Skyhawk,L1P,L
C065E4,C-GMPF,,,,
C066E4,C-GMZB,PA12,PIPER PA-12 Super Cruiser,L1P,L
C067E4,C-GNIX,AS50,AEROSPATIALE AS-350 Ecureuil,H1T,L
C068E4,C-GNST,BOLT,STEEN Skybolt,L1P,L
C069E4,C-GOCP,,,,
C06AE4,C-GOML,J3,PIPER J-3 Cub,L1P,L
C06BE4,C-GOWH,C172,CESSNA 172 Skyhawk,L1P,L
C06CE4,C-GPGD,CL60,BOMBARDIER CL-600 Challenger,L2J,M
C06EE4,C-GPZV,C172,CESSNA 172 Skyhawk,L1P,L
C071E4,C-GRDJ,GP3,OSPREY GP-3 Osprey 2,A1P,L
C073E4,C-GRXB,PC12,PILATUS PC-12,L1T,L
C075E4,C-GSQT,,,,
C077E4,C-GTKL,RV7,VANS RV-7,L1P,L
C078E4,C-GTUH,F8L,AEROMERE F-8L Falco,L1P,L
C079E4,C-GUED,RV7,VANS RV-7,L1P,L
C07AE4,C-GUNZ,BALL,,B0-,-
C07BE4,C-GUXV,,,,
C07CE4,C-GVHR,C172,CESSNA 172 Skyhawk,L1P,L
C07EE4,C-GWBJ,B737,BOEING 737-700,L2J,M
C07FE4,C-GWLF,C180,CESSNA  180 Skywagon,L1P,L
C081E4,C-GXEX,C172,CESSNA 172 Skyhawk,L1P,L
C082E4,C-GXOT,CAMP,GREGA GN-1 Aircamper,L1P,L
C083E4,C-GXYP,R66,ROBINSON R-66,H1T,L
C084E4,C-GYIL,C172,CESSNA 172 Skyhawk,L1P,L
C085E4,C-GYSH,AS50,AEROSPATIALE AS-350 Ecureuil,H1T,L
C087E4,C-GZLZ,GSIS,INNOAVIATION Genesis,L1P,L
C088E4,C-GZVV,ULAC,,L0-,-
C08AE4,C-IAPN,ULAC,,L0-,-
C08BE4,C-IAZJ,ULAC,,L0-,-
C08CE4,C-IBJF,ULAC,,L0-,-
C08DE4,C-IBTB,PARA,,P0-,-
C08EE4,C-ICCX,,,,
C08FE4,C-ICMT,ULAC,,L0-,-
C091E4,C-IDGL,CHIN,ASAP Chinook,L1P,L
C092E4,C-IDQH,ULAC,,L0-,-
C093E4,C-IEAD,ULAC,,L0-,-
C095E4,C-IETV,ULAC,,L0-,-
C096E4,C-IFDR,PARA,,P0-,-
C099E4,C-IGHF,ZZZZ,,-0-,-
C09AE4,C-IGRB,PARA,,P0-,-
C09DE4,C-IHUP,PARA,,P0-,-
C09FE4,C-IIOH,PARA,,P0-,-
C0A1E4,C-IJHZ,ULAC,,L0-,-
C0A2E4,C-IJRV,PARA,,P0-,-
C0A6E4,C-ILFF,,,,
C0A7E4,C-ILPB,ULAC,,L0-,-
C0A8E4,C-ILYX,,,,
C0B8E4,C-ISAL,,,,
C0C3E4,C-IWET,,,,
C1E4E4,SERV,SERV,,V0-,-
C1E9E4,SERV,SERV,,V0-,-
C800E4,ZK-BMD,AUS5,AUSTER AOP5,L1P,L
C801E4,ZK-CPD,CH7A,BELLANCA 7 Champion,L1P,L
C802E4,ZK-DIH,C177,CESSNA  177 Cardinal,L1P,L
C803E4,ZK-EFV,AA1,AMERICAN AA-1,L1P,L
C804E4,ZK-EVL,PA38,PIPER PA-38 Tomahawk,L1P,L
C80AE4,ZK-EFA,C172,CESSNA 172 Skyhawk,L1P,L
C80CE4,ZK-LDL,GY20,CAB GY-20 Minicab,L1P,L
C80DE4,ZK-PAD,PA38,PIPER PA-38 Tomahawk,L1P,L
C80EE4,ZK-HHB,UH1,BELL UH-1 Huey,H1T,L
C811E4,ZK-RJG,C172,CESSNA 172 Skyhawk,L1P,L
C813E4,ZK-KJA,PA24,PIPER PA-24 Comanche,L1P,L
C814E4,ZK-HVT,H500,HUGHES 500,H1T,L
C819E4,ZK-REV,C172,CESSNA 172 Skyhawk,L1P,L
C81AE4,ZK-IGK,R44,ROBINSON R-44 Raven,H1P,L
C81BE4,ZK-HZS,AS50,AEROSPATIALE AS-350 Ecureuil,H1T,L
C81CE4,ZK-MTF,DA40,DIAMOND DA-40 Club Star,L1P,L
C820E4,ZK-ISO,MD52,MCDONNELL-DOUGLAS MD-520N,H1T,L
C821E4,ZK-23G,ULAC,,L0-,-
C822E4,ZK-OXL,A320,AIRBUS A-320,L2J,M
C823E4,ZK-WYT,C182,CESSNA 182 Skylane,L1P,L
C824E4,ZK-SLD,GA8,GIPPSAERO GA-8 Airvan,L1P,L
C827E4,ZK-ZUG,GA8,GIPPSAERO GA-8 Airvan,L1P,L
C828E4,ZK-UUN,ZZZZ,,-0-,-
C829E4,ZK-HYZ,AS50,AEROSPATIALE AS-350 Ecureuil,H1T,L
E489E4,PR-OSF,LJ45,LEARJET 45,L2J,M
E48CE4,PT-JES,BE20,BEECH 200 Super King Air,L2T,M
E48EE4,PP-CNS,H25B,HAWKER BEECHCRAFT Hawker 750/850,L2J,M
E48FE4,PT-LRC,B407,BELL 407,H1T,L
E490E4,PR-ZKT,RV10,VANS RV-10,L1P,L
E493E4,PP-ACR,C172,CESSNA 172 Skyhawk,L1P,L
E495E4,PS-CRA,DA62,DIAMOND DA-62,L2P,L
E497E4,PP-MIX,LJ45,LEARJET 45,L2J,M
E499E4,PS-BEM,C550,CESSNA 550 Citation S2,L2J,L
E88CE4,ZP-BBJ,C182,CESSNA 182 Skylane,L1P,L
