008DE9,ZS-FGI,OSCR,PARTENAVIA Oscar Charlie,L1P,L
0094E9,ZS-HXG,B06,BELL 206 JetRanger,H1T,L
0099E9,ZS-JUM,C208,CESSNA 208 Caravan,L1T,L
009EE9,ZS-LRS,BE20,BEECH 200 Super King Air,L2T,M
00A0E9,ZS-MLK,AT5T,AIR TRACTOR AT-504,L1T,L
00AEE9,ZS-RTG,EC20,AIRBUS HELICOPTERS EC-120,H1T,L
00AFE9,ZS-SDC,A359,AIRBUS A-350-900,L2J,H
00D8E9,ZU-FMH,RV9,VANS RV-9,L1P,L
00DFE9,ZU-DSE,RV10,VANS RV-10,L1P,L
0101E9,SU-GFA,BCS3,AIRBUS A220-300,L2J,M
04C1E9,224,C27J,ALENIA C-27J Spartan,L2T,M
06A0E9,A7-AMJ,A359,AIRBUS A-350-900,L2J,H
06A1E9,A7-BFL,B77L,BOEING 777-200LR,L2J,H
06A2E9,A7-BHF,B789,BOEING 787-9 Dreamliner,L2J,H
0700E9,6V-AHJ,PA31,PIPER PA-31-300/310/325/350/425,L2P,L
0900E9,D2-EZP,EC25,AIRBUS HELICOPTERS EC-225/725,H2T,M
0AC9E9,FAC2471,C172,CESSNA 172 Skyhawk,L1P,L
0D06E9,XA-ABS,BE40,BEECH 400 Beechjet,L2J,M
0D09E9,XB-EBO,T206,CESSNA T206 Turbo Stationair,L1P,L
0D0AE9,XB-LGA,C208,CESSNA 208 Caravan,L1T,L
0D0DE9,XB-MSE,B06,BELL 206 JetRanger,H1T,L
0D80E9,YV2485,F900,DASSAULT Falcon 900,L3J,M
0D81E9,YV2998,B732,BOEING 737-200,L2J,M
1130E9,GND,GND,,V0-,-
140AE9,RA-02793,H25B,HAWKER BEECHCRAFT Hawker 750/850,L2J,M
1512E9,RA-70377,AN2,ANTONOV An-2,L1P,L
151DE9,RA-73193,B738,BOEING 737-800,L2J,M
151EE9,RA-73449,A20N,AIRBUS A-320neo,L2J,M
151FE9,RA-73705,A21N,AIRBUS A-321neo,L2J,M
1554E9,RA-87273,YK40,YAKOVLEV Yak-40,L3J,M
1558E9,RA-88297,YK40,YAKOVLEV Yak-40,L3J,M
155BE9,RA-89065,SU95,SUKHOI Superjet 100-95,L2J,M
3002E9,I-EEGR,P28T,PIPER PA-28RT-201,L1P,L
3003E9,I-LIDE,A139,AGUSTA AW-139,H2T,L
3005E9,I-RSIX,R66,ROBINSON R-66,H1T,L
3007E9,I-RYMO,RF3,FOURNIER RF-3,L1P,L
3008E9,I-CDGY,P28U,PIPER PA-28RT-201T Turbo,L1P,L
31D8E9,I-6731,ECHO,TECNAM P-92 Echo,L1P,L
31DDE9,I-D211,SAVG,ZLIN AVIATION Savage,L1P,L
33FCE9,MM82075,A169,AGUSTA AW-169,H2T,L
33FFE9,MM62187,C30J,LOCKHEED MARTIN C-130J Super Hercules,L4T,M
3821E9,F-BIPJ,F156,FIESELER Fi-156 Storch,L1P,L
382CE9,F-BLHJ,PA24,PIPER PA-24 Comanche,L1P,L
3838E9,F-BOHJ,PA18,PIPER PA-18 Super Cub,L1P,L
3849E9,F-BSPJ,DR30,CENTRE EST Prince,L1P,L
385EE9,F-BXXJ,B47G,BELL 47G,H1P,L
3902E9,F-GAXJ,R200,ROBIN Alpha,L1P,L
3908E9,F-GCHJ,C152,CESSNA 152,L1P,L
390AE9,F-GCXJ,BALL,,B0-,-
3916E9,F-GFXJ,DR40,ROBIN DR-400,L1P,L
3918E9,F-GGHJ,DR40,ROBIN DR-400,L1P,L
391DE9,F-GHPJ,DR40,ROBIN DR-400,L1P,L
3925E9,F-GJPJ,P28A,PIPER PA-28-140/150/160/180,L1P,L
3926E9,F-GJXJ,TOBA,SOCATA Tobago,L1P,L
392AE9,F-GKXJ,A320,AIRBUS A-320,L2J,M
3930E9,F-GMHJ,EC35,AIRBUS HELICOPTERS EC-135/635,H2T,L
3931E9,F-GMPJ,AA5,AMERICAN AA-5 Tiger,L1P,L
3932E9,F-GMXJ,DR40,ROBIN DR-400,L1P,L
3935E9,F-GNPJ,DR40,ROBIN DR-400,L1P,L
3944E9,F-GRHJ,A319,AIRBUS A-319,L2J,M
3945E9,F-GRPJ,AT75,ATR-72-500,L2T,M
3949E9,F-GSPJ,B772,BOEING 777-200,L2J,H
3964E9,F-GZHJ,B738,BOEING 737-800,L2J,M
3986E9,F-HBXJ,E170,EMBRAER ERJ-170-100,L2J,M
3991E9,F-HEPJ,A320,AIRBUS A-320,L2J,M
3995E9,F-HFPJ,C182,CESSNA 182 Skylane,L1P,L
39B1E9,F-HMPJ,P28R,PIPER PA-28R-180/200/201,L1P,L
39D6E9,F-HVXJ,WT9,AEROSPOOL WT-9 Dynamic,L1P,L
3A22E9,F-OIXJ,C208,CESSNA 208 Caravan,L1T,L
3A49E9,F-OSPJ,F406,CESSNA F406 Caravan 2,L2T,L
3AAAE9,F-MCGJ,AS32,AEROSPATIALE AS-332 Super Puma,H2T,M
3AABE9,F-MBHI,TIGR,AIRBUS HELICOPTERS EC-665 Tiger,H2T,L
3B75E9,671,MIR2,DASSAULT Mirage 2000,L1J,M
3C1CE9,D-AZYQ,A21N,AIRBUS A-321neo,L2J,M
3C49E9,D-ABOI,B753,BOEING 757-300,L2J,M
3C56E9,D-AEWI,A320,AIRBUS A-320,L2J,M
3C5EE9,D-AGWI,A319,AIRBUS A-319,L2J,M
3C61E9,D-AHOI,E35L,EMBRAER EMB-135 Legacy,L2J,M
3C66E9,D-AIWI,A320,AIRBUS A-320,L2J,M
3CD6E9,D-CIRP,D328,DORNIER 328,L2T,M
3D04E9,D-EACN,P28A,PIPER PA-28-140/150/160/180,L1P,L
3D06E9,D-EAWF,P210,CESSNA P210 Centurion,L1P,L
3D07E9,D-EBGB,P28A,PIPER PA-28-140/150/160/180,L1P,L
3D08E9,D-EBPX,DA40,DIAMOND DA-40 Club Star,L1P,L
3D0BE9,D-ECTL,C172,CESSNA 172 Skyhawk,L1P,L
3D0CE9,D-EDDH,C172,CESSNA 172 Skyhawk,L1P,L
3D11E9,D-EFAN,P28A,PIPER PA-28-140/150/160/180,L1P,L
3D13E9,D-EFUF,D31,ROLLASON D-31 Turbulent,L1P,L
3D14E9,D-EGEB,C172,CESSNA 172 Skyhawk,L1P,L
3D17E9,D-EHHP,R100,ROBIN Aiglon,L1P,L
3D1DE9,D-EJOR,ERCO,AIR PRODUCTS F-1 Aircoupe,L1P,L
3D20E9,D-EKSF,C10T,CESSNA P210 Turbine,L1T,L
3D21E9,D-ELCB,SUBA,FUJI FA-200 Aero Subaru,L1P,L
3D22E9,D-ELLX,P28A,PIPER PA-28-140/150/160/180,L1P,L
3D24E9,D-EMFP,P28T,PIPER PA-28RT-201,L1P,L
3D25E9,D-EMPL,TOBA,SOCATA Tobago,L1P,L
3D27E9,D-ENJD,HR10,ROBIN HR-100,L1P,L
3D29E9,D-EOCV,P28R,PIPER PA-28R-180/200/201,L1P,L
3D2AE9,D-EOMR,TAMP,SOCATA TB-9 Tampico,L1P,L
3D2BE9,D-EOWN,C172,CESSNA 172 Skyhawk,L1P,L
3D30E9,D-EQTT,ST10,SOCATA ST-10 Super Horizon,L1P,L
3D31E9,D-ERDP,DV20,DIAMOND DA-20,L1P,L
3D36E9,D-ETAV,S22T,CIRRUS SR-22T Turbo,L1P,L
3D37E9,D-ETKR,C150,CESSNA 150,L1P,L
3D3FE9,D-EWLL,T206,CESSNA T206 Turbo Stationair,L1P,L
3D48E9,D-EZWB,C172,CESSNA 172 Skyhawk,L1P,L
3DABE9,D-GLIV,PA34,PIPER PA-34 Seneca,L2P,L
3DAFE9,D-GMWF,PA34,PIPER PA-34 Seneca,L2P,L
3DDAE9,D-HDDP,B105,EUROCOPTER BO-105,H2T,L
3DE8E9,D-HILL,R44,ROBINSON R-44 Raven,H1P,L
3E24E9,D-IFEF,DA62,DIAMOND DA-62,L2P,L
3E51E9,D-IWFH,BE9L,BEECH 90 King Air,L2T,L
3E5CE9,D-KAJP,TFUN,VALENTIN Taifun,L1P,L
3E63E9,D-KDAN,GLID,,L0-,-
3E66E9,D-KEEB,SF25,SCHEIBE SF-25 Falke,L1P,L
3E6FE9,D-KHOR,S10S,STEMME S-10 Chrysalis,L1P,L
3E76E9,D-KKFP,GLID,,L0-,-
3EC2E9,D-KOTT,SF25,SCHEIBE SF-25 Falke,L1P,L
3ECAE9,D-KRUN,GLID,,L0-,-
3ED6E9,D-KWIR,AS31,SCHLEICHER ASH-31,L1P,L
3EEAE9,D-2642,GLID,,L0-,-
3F57E9,74+30,TIGR,AIRBUS HELICOPTERS EC-665 Tiger,H2T,L
3FE9E9,D-MRSL,C42,IKARUS C-42 Bison,L1P,L
3FEAE9,D-MEEZ,BREZ,AEROSTYLE Breezer,L1P,L
3FEBE9,D-MSJF,G3,REMOS Mirage,L1P,L
3FEDE9,D-MJAY,FDCT,FLIGHT DESIGN CT,L1P,L
3FEEE9,D-MGOE,FK9,B&F TECHNIK FK-9,L1P,L
3FEFE9,D-MDDO,G3,REMOS Mirage,L1P,L
3FF0E9,D-MEOW,CH60,ZENAIR CH-600 Zodiac,L1P,L
3FF2E9,D-MOOS,FDCT,FLIGHT DESIGN CT,L1P,L
3FF4E9,D-MHCY,,,,
3FF5E9,D-MYAP,SHRK,SHARK AERO Shark,L1P,L
400AE9,G-BNVE,P28A,PIPER PA-28-140/150/160/180,L1P,L
400BE9,G-OBBO,C182,CESSNA 182 Skylane,L1P,L
400DE9,G-XXRS,GLEX,BOMBARDIER BD-700 Global 6000/6500,L2J,M
400EE9,G-BYVL,G115,GROB G-115,L1P,L
4010E9,G-EZBU,A319,AIRBUS A-319,L2J,M
4011E9,G-BNXU,P28A,PIPER PA-28-140/150/160/180,L1P,L
4012E9,G-CEHE,ULAC,,L0-,-
4014E9,G-APNT,ZZZZ,,-0-,-
4015E9,G-ASRK,AIRD,BEAGLE A-109 Airedale,L1P,L
4017E9,G-AWWU,C172,CESSNA 172 Skyhawk,L1P,L
4019E9,G-BAHX,C182,CESSNA 182 Skylane,L1P,L
401BE9,G-IIDC,MIMU,BUSHBY Midget Mustang,L1P,L
401CE9,G-BFGD,C172,CESSNA 172 Skyhawk,L1P,L
401EE9,G-BIFY,C150,CESSNA 150,L1P,L
4022E9,G-SABA,P28S,PIPER PA-28R-201T,L1P,L
4024E9,G-AEZJ,VGUL,PERCIVAL Vega Gull,L1P,L
4025E9,G-BMGG,C152,CESSNA 152,L1P,L
402AE9,G-MTXR,STST,CFM Star Streak,L1P,L
402CE9,G-AGPK,DH82,DE HAVILLAND DH-82 Tiger Moth,L1P,L
402DE9,G-RAFA,G115,GROB G-115,L1P,L
402EE9,G-BRDM,P28A,PIPER PA-28-140/150/160/180,L1P,L
402FE9,G-OFTI,P28A,PIPER PA-28-140/150/160/180,L1P,L
4030E9,G-BSBT,J3,PIPER J-3 Cub,L1P,L
4031E9,G-BSMV,PA17,PIPER PA-17 Vagabond Trainer,L1P,L
4034E9,G-BTUW,P28A,PIPER PA-28-140/150/160/180,L1P,L
4039E9,G-SIII,E300,EXTRA EA-300/330/350,L1P,L
403AE9,G-JPRO,JPRO,BAC P-84 Jet Provost,L1J,L
4040E9,G-BYEW,ULAC,,L0-,-
4042E9,G-TYER,DR40,ROBIN DR-400,L1P,L
4043E9,G-SAYS,RAF2,ROTARY AIR FORCE RAF-2000,G1P,L
4044E9,G-BZSX,ULAC,,L0-,-
4046E9,G-CBLB,ECHO,TECNAM P-92 Echo,L1P,L
4047E9,G-CBUF,FDCT,FLIGHT DESIGN CT,L1P,L
4048E9,G-CCBM,EV97,EVEKTRO EV-97 EuroStar,L1P,L
4049E9,G-CCJA,SKRA,BEST OFF Sky Ranger,L1P,L
404AE9,G-UPUZ,BALL,,B0-,-
404BE9,G-CCXH,SKRA,BEST OFF Sky Ranger,L1P,L
404FE9,G-CKKC,GLID,,L0-,-
4050E9,G-CEHG,C42,IKARUS C-42 Bison,L1P,L
4052E9,G-CJOX,GLID,,L0-,-
4054E9,G-CEWF,BALL,,B0-,-
4055E9,G-CJZZ,GLID,,L0-,-
4057E9,G-CHMX,GLID,,L0-,-
4058E9,G-CFOB,GLID,,L0-,-
405AE9,G-ERYR,ULAC,,L0-,-
405EE9,G-CFMW,SF25,SCHEIBE SF-25 Falke,L1P,L
405FE9,G-XXEB,S76,SIKORSKY S-76 Spirit,H2T,L
4061E9,G-CGGF,R44,ROBINSON R-44 Raven,H1P,L
4062E9,G-CGKY,C182,CESSNA 182 Skylane,L1P,L
4063E9,G-JKKK,C172,CESSNA 172 Skyhawk,L1P,L
4065E9,G-HTFU,GA8,GIPPSAERO GA-8 Airvan,L1P,L
4066E9,G-FEEF,DR22,CENTRE EST Dauphin,L1P,L
4067E9,G-CHIH,EFOX,AEROPRO Eurofox,L1P,L
4068E9,G-SPCY,E35L,EMBRAER EMB-135 Legacy,L2J,M
4069E9,G-OWTN,E145,EMBRAER ERJ-145,L2J,M
406AE9,G-TAWU,B738,BOEING 737-800,L2J,M
406BE9,G-OHDK,GLID,,L0-,-
406CE9,G-CINM,G109,GROB G-109,L1P,L
406DE9,G-MCGT,A189,AGUSTA AW-189,H2T,M
406EE9,G-CISP,SPIT,SUPERMARINE Spitfire,L1P,L
406FE9,G-CIWU,H500,HUGHES 500,H1T,L
4070E9,G-JZHV,B738,BOEING 737-800,L2J,M
4071E9,G-MWBT,ULAC,,L0-,-
4072E9,G-YACC,Y18T,YAKOVLEV Yak-18T,L1P,L
4073E9,G-KMLA,SR20,CIRRUS SR-20,L1P,L
4074E9,G-ICEI,A169,AGUSTA AW-169,H2T,L
4075E9,G-CKXG,BALL,,B0-,-
4076E9,G-BXMD,AS50,AEROSPATIALE AS-350 Ecureuil,H1T,L
4077E9,G-LCTD,P28A,PIPER PA-28-140/150/160/180,L1P,L
4078E9,G-RBFX,EFOX,AEROPRO Eurofox,L1P,L
4079E9,G-GHSV,BE20,BEECH 200 Super King Air,L2T,M
407AE9,G-CLSF,RV12,VANS RV-12,L1P,L
407BE9,G-HYPE,SLG4,AIRPLANE FACTORY Sling 4,L1P,L
4241E9,VP-CXC,A320,AIRBUS A-320,L2J,M
4242E9,VP-BQK,A319,AIRBUS A-319,L2J,M
4247E9,VP-CRH,GLF5,GULFSTREAM 5,L2J,M
4248E9,VQ-BAQ,A319,AIRBUS A-319,L2J,M
424BE9,M-ABOU,RJ1H,AVRO RJ-100 Avroliner,L4J,M
43C5E9,ZM415,A400,AIRBUS A-400M,L4T,H
43C6E9,ZZ385,LYNX,AGUSTAWESTLAND AW-159 Super Lynx,H2T,L
43C7E9,ZZ114,EH10,AGUSTA WESTLAND EH-101 Merlin,H3T,M
43C8E9,ZM515,EC35,AIRBUS HELICOPTERS EC-135/635,H2T,L
43E9E9,M-SSYS,C25C,CESSNA 525C Citation CJ4,L2J,M
43EAE9,M-ATEX,FA8X,DASSAULT Falcon 8X,L3J,M
4400E9,OE-LKJ,A319,AIRBUS A-319,L2J,M
4402E9,OE-CRM,BX2,BRANDLI Cherry,L1P,L
4404E9,OE-GGM,C68A,CESSNA 680 Citation Latitude,L2J,M
4405E9,OE-FYQ,DA42,DIAMOND DA-42 Guardian,L2P,L
4407E9,PF-802,DA42,DIAMOND DA-42 Guardian,L2P,L
4408E9,OE-CVH,BU31,BUCKER Bu-131 Jungmann,L1P,L
440AE9,OE-IFE,B733,BOEING 737-300,L2J,M
44AEE9,OO-KWI,P208,TECNAM P-2008,L1P,L
44C1E9,G-16,EXPL,MCDONNELL-DOUGLAS MD-900 Explorer,H2T,L
4520E9,LZ-BRU,RJ70,AVRO RJ-70 Avroliner,L4J,M
4584E9,OY-AGI,C150,CESSNA 150,L1P,L
45A0E9,OY-HGI,R44,ROBINSON R-44 Raven,H1P,L
4684E9,SX-AGI,ST75,STEARMAN Kaydet,L1P,L
471BE9,HA-KOV,BE76,BEECH 76 Duchess,L2P,L
4784E9,LN-RRE,B738,BOEING 737-800,L2J,M
4785E9,LN-DAV,C172,CESSNA 172 Skyhawk,L1P,L
4786E9,LN-RTH,PA18,PIPER PA-18 Super Cub,L1P,L
4845E9,PH-LLV,DR40,ROBIN DR-400,L1P,L
4848E9,PH-2K9,AVID,AVID Flyer,L1P,L
4849E9,PH-1148,DISC,SCHEMPP-HIRTH Discus,L1P,L
484BE9,PH-IKE,BALL,,B0-,-
484DE9,PH-1Z7,ULAC,,L0-,-
4850E9,PH-1CE,ZZZZ,,-0-,-
4851E9,PH-1IS,ZZZZ,,-0-,-
4854E9,PH-2CU,ZZZZ,,-0-,-
4855E9,PH-2LT,ZZZZ,,-0-,-
4856E9,PH-2MQ,ZZZZ,,-0-,-
4895E9,SP-FPK,PA31,PIPER PA-31-300/310/325/350/425,L2P,L
48A5E9,SP-KPK,SF34,SAAB 340,L2T,M
48FEE9,SP-SMYK,WT9,AEROSPOOL WT-9 Dynamic,L1P,L
4904E9,CS-AGI,RALL,SOCATA Rallye,L1P,L
4951E9,CS-TOI,A332,AIRBUS A-330-200,L2J,H
49C1E9,OK-XUV71,FAET,ATEC 321 Faeta,L1P,L
49D0E9,OK-GKH,C172,CESSNA 172 Skyhawk,L1P,L
49D2E9,OK-JMP,SU29,SUKHOI Su-29,L1P,L
49D3E9,OK-CHD,P46T,PIPER PA-46-500TP,L1T,L
49D4E9,OK-RRR,R44,ROBINSON R-44 Raven,H1P,L
4A08E9,YR-BGI,B737,BOEING 737-700,L2J,M
4A16E9,YR-EWI,E300,EXTRA EA-300/330/350,L1P,L
4A35E9,1609,F16,GENERAL DYNAMICS F-16 Fighting Falcon,L1J,M
4AB0E9,SE-LGI,C172,CESSNA 172 Skyhawk,L1P,L
4AC9E9,SE-ROI,A20N,AIRBUS A-320neo,L2J,M
4AD5E9,SE-UOI,DG40,DG FLUGZEUGBAU DG-400,L1P,L
4AE1E9,SE-XOI,RV6,VANS RV-6,L1P,L
4B03E9,HB-BMN,BALL,,B0-,-
4B05E9,HB-CGF,C172,CESSNA 172 Skyhawk,L1P,L
4B06E9,HB-CQB,C185,CESSNA 185 Skywagon,L1P,L
4B07E9,HB-CZX,C182,CESSNA 182 Skylane,L1P,L
4B0EE9,HB-FQV,PC12,PILATUS PC-12,L1T,L
4B12E9,HB-HEF,AS02,FFA AS-202 Bravo,L1P,L
4B1BE9,HB-KOV,XL2,LIBERTY XL-2,L1P,L
4B2BE9,HB-QQJ,BALL,,B0-,-
4B2FE9,HB-SDT,DA40,DIAMOND DA-40 Club Star,L1P,L
4B36E9,HB-UUR,BU31,BUCKER Bu-131 Jungmann,L1P,L
4B3FE9,HB-YFH,FOX,KITFOX,L1P,L
4B40E9,HB-YPD,T51,TITAN T-51 Mustang,L1P,L
4B43E9,HB-ZSR,H500,HUGHES 500,H1T,L
4B4CE9,HB-2114,VENT,SCHEMPP-HIRTH Ventus,L1P,L
4B51E9,HB-3394,GLID,,L0-,-
4B82E9,70-01610,C130,LOCKHEED C-130 Hercules,L4T,M
4B95E9,TC-EOI,DV20,DIAMOND DA-20,L1P,L
4BA8E9,TC-JGI,B738,BOEING 737-800,L2J,M
4BA9E9,TC-JOI,A333,AIRBUS A-330-300,L2J,H
4BB0E9,TC-LGI,A359,AIRBUS A-350-900,L2J,H
4BB1E9,TC-LOI,A332,AIRBUS A-330-200,L2J,H
4BCDE9,TC-SOI,B38M,BOEING 737 MAX 8,L2J,M
4C01E9,YU-APJ,A319,AIRBUS A-319,L2J,M
4C1CE9,YU-HHJ,AS32,AEROSPATIALE AS-332 Super Puma,H2T,M
4CA1E9,262,PC9,PILATUS PC-9 Hudournik,L1T,L
4CA6E9,EI-FSW,,,,
4CA8E9,EI-ENX,B738,BOEING 737-800,L2J,M
4CC1E9,TF-SPY,C172,CESSNA 172 Skyhawk,L1P,L
4D20E9,9H-VCG,CL35,BOMBARDIER BD-100 Challenger 350,L2J,M
4D21E9,9H-QAA,B738,BOEING 737-800,L2J,M
4D23E9,9H-CHI,B38M,BOEING 737 MAX 8,L2J,M
5000E9,T7-LFZ,GLF4,GULFSTREAM 4,L2J,M
5001E9,T7-JOYY,GLF5,GULFSTREAM 5,L2J,M
5002E9,T7-X14,GLF6,GULFSTREAM G650,L2J,M
503CE9,LY-BAS,SIRA,TECNAM P-2002 Sierra,L1P,L
505EE9,OM-RWI,DA42,DIAMOND DA-42 Guardian,L2P,L
506EE9,S5-PDW,PIVI,PIPSTREL Virus,L1P,L
5082E9,UR-EMD,E190,EMBRAER ERJ-190-100,L2J,M
5100E9,EW-502LL,PC12,PILATUS PC-12,L1T,L
5110E9,ES-ATE,AT76,ATR-72-600,L2T,M
600BE9,4K-AI001,B77L,BOEING 777-200LR,L2J,H
6010E9,EX-76007,IL76,ILYUSHIN Il-76/82,L4J,H
6831E9,UP-EM010,E35L,EMBRAER EMB-135 Legacy,L2J,M
7101E9,HZ-MF4,GLF4,GULFSTREAM 4,L2J,M
7103E9,HZ-MFL,GLF4,GULFSTREAM 4,L2J,M
717CE9,HZ-MSA,DA42,DIAMOND DA-42 Guardian,L2P,L
7335E9,EP-MOI,RJ1H,AVRO RJ-100 Avroliner,L4J,M
7394E9,4X-DZM,BE24,BEECH 24 Sierra,L1P,L
7501E9,9M-XXE,A333,AIRBUS A-330-300,L2J,H
7504E9,9M-AMA,R44,ROBINSON R-44 Raven,H1P,L
7583E9,RP-C5111,B407,BELL 407,H1T,L
7585E9,RP-C4848,R66,ROBINSON R-66,H1T,L
7600E9,0233,C560,CESSNA 560 Citation Ultra,L2J,M
76CEE9,9V-SWI,B77W,BOEING 777-300ER,L2J,H
7800E9,B-6198,A319,AIRBUS A-319,L2J,M
7802E9,B-5307,B738,BOEING 737-800,L2J,M
7803E9,B-6333,A320,AIRBUS A-320,L2J,M
7804E9,B-6385,A321,AIRBUS A-321,L2J,M
7805E9,B-8012,A320,AIRBUS A-320,L2J,M
7806E9,B-5560,B738,BOEING 737-800,L2J,M
7807E9,B-9579,SR20,CIRRUS SR-20,L1P,L
7808E9,B-6925,A321,AIRBUS A-321,L2J,M
7809E9,B-5748,B738,BOEING 737-800,L2J,M
780BE9,B-1932,B738,BOEING 737-800,L2J,M
780CE9,B-1882,A320,AIRBUS A-320,L2J,M
780FE9,B-8558,A320,AIRBUS A-320,L2J,M
7810E9,B-8955,A321,AIRBUS A-321,L2J,M
7811E9,B-3270,FA7X,DASSAULT Falcon 7X,L3J,M
7812E9,B-1376,B738,BOEING 737-800,L2J,M
7813E9,B-10VG,C68A,CESSNA 680 Citation Latitude,L2J,M
7814E9,B-302K,A20N,AIRBUS A-320neo,L2J,M
7815E9,B-305S,A21N,AIRBUS A-321neo,L2J,M
7816E9,B-308Y,A20N,AIRBUS A-320neo,L2J,M
7817E9,B-604F,AJ27,COMAC ARJ-21-700 Xiangfeng,L2J,M
7818E9,B-10T2,DA42,DIAMOND DA-42 Guardian,L2P,L
781AE9,B-220M,B738,BOEING 737-800,L2J,M
781CE9,B-728D,C172,CESSNA 172 Skyhawk,L1P,L
781DE9,B-32AD,A20N,AIRBUS A-320neo,L2J,M
7BB0E9,B-5068,B737,BOEING 737-700,L2J,M
7C01E9,VH-ANV,E170,EMBRAER ERJ-170-100,L2J,M
7C02E9,VH-AUZ,DH82,DE HAVILLAND DH-82 Tiger Moth,L1P,L
7C0AE9,VH-CFV,BE35,BEECH 35 Starfire Bonanza,L1P,L
7C0BE9,VH-CMZ,C172,CESSNA 172 Skyhawk,L1P,L
7C14E9,VH-EEZ,CH7A,BELLANCA 7 Champion,L1P,L
7C19E9,VH-FEJ,PA34,PIPER PA-34 Seneca,L2P,L
7C1CE9,VH-FZV,AT8T,AIR TRACTOR AT-802,L1T,M
7C2AE9,VH-IRF,C182,CESSNA 182 Skylane,L1P,L
7C2BE9,VH-IYJ,DH8D,DE HAVILLAND DHC-8-400 Dash 8,L2T,M
7C2DE9,VH-JCR,LJ35,LEARJET 35,L2J,M
7C33E9,VH-KJF,PTS1,PITTS S-1 Special,L1P,L
7C3CE9,VH-MBF,SR22,CIRRUS SR-22,L1P,L
7C3EE9,VH-MPN,PA44,PIPER PA-44 Seminole,L2P,L
7C3FE9,VH-MWR,TOUR,MILLICER Airtourer,L1P,L
7C41E9,VH-NAZ,C182,CESSNA 182 Skylane,L1P,L
7C47E9,VH-OHN,C560,CESSNA 560 Citation Ultra,L2J,M
7C49E9,VH-OVV,TOUR,MILLICER Airtourer,L1P,L
7C4EE9,VH-PVF,DA40,DIAMOND DA-40 Club Star,L1P,L
7C56E9,VH-RGB,C337,CESSNA 337 Super Skymaster,L2P,L
7C5BE9,VH-SFV,B462,BRITISH AEROSPACE 146-200 Quiet Trader,L4J,M
7C5CE9,VH-SMZ,BT36,BEECH B36TC Bonanza,L1P,L
7C61E9,VH-TMJ,C82R,CESSNA R182 Skylane RG,L1P,L
7C65E9,VH-UEZ,DA40,DIAMOND DA-40 Club Star,L1P,L
7C6AE9,VH-VEJ,C441,CESSNA 441 Conquest,L2T,L
7C6CE9,VH-VSR,RV7,VANS RV-7,L1P,L
7C6DE9,VH-VZV,B738,BOEING 737-800,L2J,M
7C72E9,VH-WZF,R44,ROBINSON R-44 Raven,H1P,L
7C77E9,VH-XYZ,C182,CESSNA 182 Skylane,L1P,L
7C7AE9,VH-YKB,DA42,DIAMOND DA-42 Guardian,L2P,L
7C7BE9,VH-YRF,RV8,VANS RV-8,L1P,L
7CBBE9,19-3284,CJ1,CORBY CJ-1 Starlet,L1P,L
7CC3E9,23-8745,AP22,AEROPRACT A-22,L1P,L
7CC4E9,23-2087,SLG2,AIRPLANE FACTORY Sling 2,L1P,L
7CF9E9,A54-018,PC21,PILATUS PC-21,L1T,L
8002E9,RK3452,IL76,ILYUSHIN Il-76/82,L4J,H
8004E9,VT-CAD,C172,CESSNA 172 Skyhawk,L1P,L
8006E9,VT-SUJ,DH8D,DE HAVILLAND DHC-8-400 Dash 8,L2T,M
800BE9,VT-HYD,A320,AIRBUS A-320,L2J,M
800CE9,VT-IVS,A20N,AIRBUS A-320neo,L2J,M
8013E9,VT-WJT,A20N,AIRBUS A-320neo,L2J,M
8014E9,VT-UDA,AT46,ATR-42-600,L2T,M
8408E9,JA02EP,B350,BEECHCRAFT Super King Air 350,L2T,M
846BE9,JA151T,EC35,AIRBUS HELICOPTERS EC-135/635,H2T,L
84BCE9,JA22KF,DISC,SCHEMPP-HIRTH Discus,L1P,L
8516E9,JA32MP,EC35,AIRBUS HELICOPTERS EC-135/635,H2T,L
8830E9,HS-LGI,B738,BOEING 737-800,L2J,M
8880E9,VN-A651,A321,AIRBUS A-321,L2J,M
8960E9,A6-EDH,A388,AIRBUS A-380-800,L4J,H
8963E9,A6-EOL,A388,AIRBUS A-380-800,L4J,H
8964E9,A6-CTC,SR22,CIRRUS SR-22,L1P,L
8965E9,A6-KIC,AP22,AEROPRACT A-22,L1P,L
8990E9,B-18107,A21N,AIRBUS A-321neo,L2J,M
8A02E9,PK-LJQ,B738,BOEING 737-800,L2J,M
8A06E9,T-2508,BE36,BEECH 36 Bonanza,L1P,L
8A07E9,PK-GJU,AT76,ATR-72-600,L2T,M
8A08E9,PK-SAO,A320,AIRBUS A-320,L2J,M
A001E9,N1VM,F2TH,DASSAULT Falcon 2000,L2J,M
A004E9,N100CC,C425,CESSNA 425 Corsair,L2T,L
A005E9,N100NJ,B06,BELL 206 JetRanger,H1T,L
A007E9,N1006L,,,,
A009E9,N101RG,C182,CESSNA 182 Skylane,L1P,L
A00BE9,N1018P,DHC2,DE HAVILLAND DHC-2 Beaver,L1P,L
A00EE9,N1023F,C185,CESSNA 185 Skywagon,L1P,L
A00FE9,N103AR,C82T,CESSNA TR182 Turbo Skylane RG,L1P,L
A013E9,N104DP,GLAS,Glasair,L1P,L
A016E9,N1047M,P28A,PIPER PA-28-140/150/160/180,L1P,L
A018E9,N105ST,GLF5,GULFSTREAM 5,L2J,M
A01BE9,N106KK,E55P,EMBRAER EMB-505 Phenom 300,L2J,M
A01DE9,N1064G,,,,
A01EE9,N107CB,SR22,CIRRUS SR-22,L1P,L
A021E9,N1076K,BE9L,BEECH 90 King Air,L2T,L
A022E9,N108F,B350,BEECHCRAFT Super King Air 350,L2T,M
A023E9,N108RF,C208,CESSNA 208 Caravan,L1T,L
A025E9,N1088N,H500,HUGHES 500,H1T,L
A026E9,N109HY,LJ60,LEARJET 60,L2J,M
A028E9,N1093E,BL8,BELLANCA 8 Decathlon,L1P,L
A029E9,N11AQ,GLEX,BOMBARDIER BD-700 Global 6000/6500,L2J,M
A02AE9,N11LW,EVOT,LANCAIR Evolution Turbine,L1T,L
A02DE9,N110TN,P28A,PIPER PA-28-140/150/160/180,L1P,L
A02FE9,N111,GLF5,GULFSTREAM 5,L2J,M
A031E9,N111WL,C180,CESSNA  180 Skywagon,L1P,L
A032E9,N11142,C150,CESSNA 150,L1P,L
A034E9,N112PC,BE58,BEECH 58 Baron,L2P,L
A038E9,N113SA,DG40,DG FLUGZEUGBAU DG-400,L1P,L
A03BE9,N114JT,AC11,NORTH AMERICAN ROCKWELL Commander 112/114,L1P,L
A03DE9,N11430,C150,CESSNA 150,L1P,L
A03FE9,N115MR,BE35,BEECH 35 Starfire Bonanza,L1P,L
A044E9,N1160V,NAVI,NORTH AMERICAN Navion,L1P,L
A045E9,N11676,CH7B,BELLANCA 7 Citabria,L1P,L
A047E9,N117TM,BL8,BELLANCA 8 Decathlon,L1P,L
A048E9,N1172Y,C150,CESSNA 150,L1P,L
A049E9,N11799,C177,CESSNA  177 Cardinal,L1P,L
A04CE9,N11841,C150,CESSNA 150,L1P,L
A04EE9,N119PB,BIPL,EAA Biplane,L1P,L
A052E9,N12S,C550,CESSNA 550 Citation S2,L2J,L
A053E9,N120CE,C120,CESSNA 120,L1P,L
A056E9,N1206N,C421,CESSNA 421 Executive Commuter,L2P,L
A057E9,N121FC,UH1,BELL UH-1 Huey,H1T,L
A058E9,N121RJ,T210,CESSNA T210 Turbo Centurion,L1P,L
A05DE9,N1223H,C421,CESSNA 421 Executive Commuter,L2P,L
A061E9,N1235L,COL4,CESSNA 400 Corvalis TT,L1P,L
A062E9,N124DR,C340,CESSNA 340 Super,L2P,L
A064E9,N1240C,,,,
A06AE9,N126KM,C82S,CESSNA T182 Turbo Skylane,L1P,L
A06DE9,N127CD,SR20,CIRRUS SR-20,L1P,L
A06EE9,N127NK,DC92,MCDONNELL DOUGLAS DC-9-20,L2J,M
A073E9,N1281D,C170,CESSNA 170,L1P,L
A074E9,N1288Q,C150,CESSNA 150,L1P,L
A078E9,N13AS,B47G,BELL 47G,H1P,L
A07BE9,N130HJ,C150,CESSNA 150,L1P,L
A07DE9,N13021,ULAC,,L0-,-
A07EE9,N131AA,P46T,PIPER PA-46-500TP,L1T,L
A07FE9,N131LG,F900,DASSAULT Falcon 900,L3J,M
A081E9,N13144,C172,CESSNA 172 Skyhawk,L1P,L
A086E9,N133FX,UHEL,,H0-,-
A087E9,N133SC,C501,CESSNA 501 Citation 1SP,L2J,L
A088E9,N1331Z,BE35,BEECH 35 Starfire Bonanza,L1P,L
A089E9,N1339,,,,
A08AE9,N134JV,BE18,BEECH 18 Expetitor,L2P,L
A090E9,N13555,C172,CESSNA 172 Skyhawk,L1P,L
A097E9,N13720,B737,BOEING 737-700,L2J,M
A098E9,N138A,LEG2,LANCAIR Legacy,L1P,L
A09DE9,N139PD,B407,BELL 407,H1T,L
A09FE9,N13966,PA23,PIPER PA-23,L2P,L
A0A0E9,N14FW,RV4,VANS RV-4,L1P,L
A0A1E9,N14SB,BE9L,BEECH 90 King Air,L2T,L
A0A2E9,N140CG,C130,LOCKHEED C-130 Hercules,L4T,M
A0A6E9,N141FE,B763,BOEING 767-300,L2J,H
A0A8E9,N1411G,COL4,CESSNA 400 Corvalis TT,L1P,L
A0A9E9,N1418T,P28A,PIPER PA-28-140/150/160/180,L1P,L
A0ACE9,N1423K,L8,LUSCOMBE 8,L1P,L
A0B2E9,N144PZ,WAIX,SONEX Waiex,L1P,L
A0B3E9,N1440E,C82R,CESSNA R182 Skylane RG,L1P,L
A0B7E9,N1452H,AR15,AERONCA 15 Sedan,L1P,L
A0C7E9,N15AU,CH60,ZENAIR CH-600 Zodiac,L1P,L
A0C8E9,N15M,BE35,BEECH 35 Starfire Bonanza,L1P,L
A0CBE9,N150TS,,,,
A0CDE9,N151AC,EC30,AIRBUS HELICOPTERS EC-130,H1T,L
A0D4E9,N15269,BALL,,B0-,-
A0D7E9,N15311,P28A,PIPER PA-28-140/150/160/180,L1P,L
A0DCE9,N155BP,RV7,VANS RV-7,L1P,L
A0DDE9,N155MV,S22T,CIRRUS SR-22T Turbo,L1P,L
A0DFE9,N15557,P28A,PIPER PA-28-140/150/160/180,L1P,L
A0E2E9,N1560Z,BE35,BEECH 35 Starfire Bonanza,L1P,L
A0E6E9,N15722,WACC,WACO C/S,L1P,L
A0E7E9,N158AB,B06,BELL 206 JetRanger,H1T,L
A0EBE9,N159D,PA31,PIPER PA-31-300/310/325/350/425,L2P,L
A0EEE9,N15968,P28A,PIPER PA-28-140/150/160/180,L1P,L
A0F0E9,N16SD,ST75,STEARMAN Kaydet,L1P,L
A0F6E9,N161RN,ACAM,LEZA Air Cam,L2P,L
A0F9E9,N162JE,EXEJ,ROTORWAY JetExec,H1T,L
A0FDE9,N163MC,C172,CESSNA 172 Skyhawk,L1P,L
A100E9,N164DV,RV9,VANS RV-9,L1P,L
A104E9,N165GT,TB20,SOCATA TB-20 Trinidad,L1P,L
A107E9,N1659W,BE95,BEECH 95 Travel Air,L2P,L
A10EE9,N1676R,C82R,CESSNA R182 Skylane RG,L1P,L
A113E9,N169JD,BE20,BEECH 200 Super King Air,L2T,M
A118E9,N17XH,UHEL,,H0-,-
A11AE9,N170TU,P06T,TECNAM P-2006T,L2P,L
A11DE9,N171LL,,,,
A11FE9,N17148,C150,CESSNA 150,L1P,L
A121E9,N172PJ,C172,CESSNA 172 Skyhawk,L1P,L
A125E9,N173SG,C208,CESSNA 208 Caravan,L1T,L
A12CE9,N175MX,LJ45,LEARJET 45,L2J,M
A12EE9,N17559,C175,CESSNA 175 Skylark,L1P,L
A131E9,N17601,SP7,SPARTAN 7 Executive,L1P,L
A139E9,N17847,J2,PIPER J-2 Cub,L1P,L
A13AE9,N179DB,C150,CESSNA 150,L1P,L
A13EE9,N18G,BE18,BEECH 18 Expetitor,L2P,L
A13FE9,N18SF,BE9T,BEECH F90 King Air,L2T,L
A142E9,N180YY,C180,CESSNA  180 Skywagon,L1P,L
A143E9,N1806U,B38M,BOEING 737 MAX 8,L2J,M
A147E9,N1818X,BE36,BEECH 36 Bonanza,L1P,L
A148E9,N182JG,C182,CESSNA 182 Skylane,L1P,L
A14AE9,N1823P,PA22,PIPER PA-22,L1P,L
A14CE9,N183ME,C206,CESSNA  206 Stationair,L1P,L
A14EE9,N1835S,BT36,BEECH B36TC Bonanza,L1P,L
A154E9,N185TA,C185,CESSNA 185 Skywagon,L1P,L
A155E9,N1852M,ST75,STEARMAN Kaydet,L1P,L
A164E9,N1893N,LJ45,LEARJET 45,L2J,M
A166E9,N19MD,,,,
A16AE9,N19027,FW90,FOCKE-WULF Fw-190 Replica,L1P,L
A16CE9,N191LN,SR20,CIRRUS SR-20,L1P,L
A173E9,N193GC,R22,ROBINSON R-22 Mariner,H1P,L
A175E9,N19315,C150,CESSNA 150,L1P,L
A179E9,N19438,,,,
A17AE9,N195BT,C195,CESSNA 195,L1P,L
A17DE9,N1956A,C510,CESSNA 510 Citation Mustang,L2J,L
A180E9,N19603,C172,CESSNA 172 Skyhawk,L1P,L
A181E9,N1968D,BE55,BEECH 55 Baron,L2P,L
A184E9,N19726,C172,CESSNA 172 Skyhawk,L1P,L
A18AE9,N199PK,P28R,PIPER PA-28R-180/200/201,L1P,L
A18CE9,N1997B,L8,LUSCOMBE 8,L1P,L
A191E9,N20Z,B06,BELL 206 JetRanger,H1T,L
A195E9,N201BX,M20P,MOONEY M-20,L1P,L
A196E9,N201NC,M20P,MOONEY M-20,L1P,L
A197E9,N201YJ,M20P,MOONEY M-20,L1P,L
A198E9,N2016E,CH7A,BELLANCA 7 Champion,L1P,L
A199E9,N202EV,P2,LOCKHEED Neptune,L2P,M
A19BE9,N20207,C172,CESSNA 172 Skyhawk,L1P,L
A19CE9,N2028H,ERCO,AIR PRODUCTS F-1 Aircoupe,L1P,L
A19FE9,N2033,H25B,HAWKER BEECHCRAFT Hawker 750/850,L2J,M
A1A3E9,N2045C,BE36,BEECH 36 Bonanza,L1P,L
A1A4E9,N205DH,SREY,PROGRESSIVE AERODYNE SeaRey,A1P,L
A1A5E9,N205PP,M20P,MOONEY M-20,L1P,L
A1A7E9,N2057F,BALL,,B0-,-
A1A9E9,N206SM,S22T,CIRRUS SR-22T Turbo,L1P,L
A1AAE9,N20618,C172,CESSNA 172 Skyhawk,L1P,L
A1AEE9,N2074A,C172,CESSNA 172 Skyhawk,L1P,L
A1B2E9,N2086D,BALL,,B0-,-
A1B9E9,N210EC,BE9L,BEECH 90 King Air,L2T,L
A1BFE9,N2112T,P28R,PIPER PA-28R-180/200/201,L1P,L
A1C3E9,N2124W,BE23,BEECH 23 Sundowner,L1P,L
A1C4E9,N213CR,BL8,BELLANCA 8 Decathlon,L1P,L
A1C7E9,N2136Z,P28R,PIPER PA-28R-180/200/201,L1P,L
A1C9E9,N214RV,RV14,VANS RV-14,L1P,L
A1CAE9,N2141R,P28A,PIPER PA-28-140/150/160/180,L1P,L
A1CCE9,N215JM,,,,
A1CFE9,N216BD,S22T,CIRRUS SR-22T Turbo,L1P,L
A1D3E9,N217EB,PC12,PILATUS PC-12,L1T,L
A1D5E9,N2170P,C182,CESSNA 182 Skylane,L1P,L
A1D7E9,N218H,C172,CESSNA 172 Skyhawk,L1P,L
A1D8E9,N218TF,RV12,VANS RV-12,L1P,L
A1D9E9,N2182S,C182,CESSNA 182 Skylane,L1P,L
A1DCE9,N219WD,DRON,,D0-,-
A1DDE9,N2194V,C140,CESSNA 140,L1P,L
A1DEE9,N22CQ,GLST,GLASAIR SH-4 GlaStar,L1P,L
A1DFE9,N22NW,C82S,CESSNA T182 Turbo Skylane,L1P,L
A1E0E9,N22ZB,GLID,,L0-,-
A1E3E9,N2204D,P28A,PIPER PA-28-140/150/160/180,L1P,L
A1E8E9,N222EX,B222,BELL 222,H2T,L
A1EBE9,N2228K,M20P,MOONEY M-20,L1P,L
A1ECE9,N223HV,,,,
A1EDE9,N223UA,B772,BOEING 777-200,L2J,H
A1EEE9,N2233B,P28A,PIPER PA-28-140/150/160/180,L1P,L
A1EFE9,N224AM,B407,BELL 407,H1T,L
A1F8E9,N226SP,P28A,PIPER PA-28-140/150/160/180,L1P,L
A1FFE9,N228ND,C208,CESSNA 208 Caravan,L1T,L
A200E9,N228YK,DHC6,DE HAVILLAND DHC-6 Twin Otter,L2T,L
A203E9,N229RB,BE95,BEECH 95 Travel Air,L2P,L
A204E9,N22908,J3,PIPER J-3 Cub,L1P,L
A205E9,N2298J,C150,CESSNA 150,L1P,L
A207E9,N23U,G2T1,GREAT LAKES 2T-1,L1P,L
A208E9,N230EE,CH7A,BELLANCA 7 Champion,L1P,L
A20CE9,N231HC,M20P,MOONEY M-20,L1P,L
A20DE9,N231TJ,F2TH,DASSAULT Falcon 2000,L2J,M
A213E9,N233CT,BE58,BEECH 58 Baron,L2P,L
A217E9,N234FR,ULAC,,L0-,-
A218E9,N234RX,,,,
A219E9,N2341T,P28A,PIPER PA-28-140/150/160/180,L1P,L
A21BE9,N235JP,B06,BELL 206 JetRanger,H1T,L
A21FE9,N236MM,BE36,BEECH 36 Bonanza,L1P,L
A227E9,N238TH,C172,CESSNA 172 Skyhawk,L1P,L
A228E9,N2382U,C172,CESSNA 172 Skyhawk,L1P,L
A22DE9,N24CS,BL17,BELLANCA 17 Viking,L1P,L
A22EE9,N24NY,B407,BELL 407,H1T,L
A22FE9,N24ZD,ASTR,GULFSTREAM AEROSPACE Gulfstream G100,L2J,M
A232E9,N2404F,C180,CESSNA  180 Skywagon,L1P,L
A233E9,N241CA,LJ35,LEARJET 35,L2J,M
A238E9,N242RE,M20T,MOONEY M-20T,L1P,L
A239E9,N2421A,BALL,,B0-,-
A23AE9,N2428M,PA12,PIPER PA-12 Super Cruiser,L1P,L
A23DE9,N2433D,C182,CESSNA 182 Skylane,L1P,L
A242E9,N245DM,P28B,PIPER PA-28-201T/235/236,L1P,L
A243E9,N245PT,ST75,STEARMAN Kaydet,L1P,L
A245E9,N2457K,L8,LUSCOMBE 8,L1P,L
A247E9,N246SR,,,,
A249E9,N2469N,C120,CESSNA 120,L1P,L
A24CE9,N2474E,C172,CESSNA 172 Skyhawk,L1P,L
A250E9,N2486H,ERCO,AIR PRODUCTS F-1 Aircoupe,L1P,L
A252E9,N249RD,M7,MAULE M-7,L1P,L
A254E9,N2498L,C172,CESSNA 172 Skyhawk,L1P,L
A255E9,N25HW,SR22,CIRRUS SR-22,L1P,L
A259E9,N2500U,P28A,PIPER PA-28-140/150/160/180,L1P,L
A25CE9,N251TL,R44,ROBINSON R-44 Raven,H1P,L
A25DE9,N2512X,COL3,CESSNA 350 Corvalis,L1P,L
A25EE9,N25198,SONX,SONEX AIRCRAFT Sonex,L1P,L
A25FE9,N252LC,PC12,PILATUS PC-12,L1T,L
A265E9,N25363,L8,LUSCOMBE 8,L1P,L
A268E9,N2541V,,,,
A26CE9,N2553Y,P28A,PIPER PA-28-140/150/160/180,L1P,L
A270E9,N25651,BALL,,B0-,-
A274E9,N25774,BALL,,B0-,-
A277E9,N2582W,M20P,MOONEY M-20,L1P,L
A278E9,N25897,BALL,,B0-,-
A27CE9,N26CU,T206,CESSNA T206 Turbo Stationair,L1P,L
A27DE9,N26P,C182,CESSNA 182 Skylane,L1P,L
A281E9,N2604H,ERCO,AIR PRODUCTS F-1 Aircoupe,L1P,L
A282E9,N261CC,RV8,VANS RV-8,L1P,L
A288E9,N2621C,C182,CESSNA 182 Skylane,L1P,L
A289E9,N2628P,PA22,PIPER PA-22,L1P,L
A28CE9,N2633F,C182,CESSNA 182 Skylane,L1P,L
A28DE9,N264AR,A359,AIRBUS A-350-900,L2J,H
A293E9,N2650A,PA22,PIPER PA-22,L1P,L
A294E9,N2657M,PA12,PIPER PA-12 Super Cruiser,L1P,L
A297E9,N2662D,C170,CESSNA 170,L1P,L
A298E9,N2669Q,C182,CESSNA 182 Skylane,L1P,L
A2A0E9,N269F,C421,CESSNA 421 Executive Commuter,L2P,L
A2A2E9,N2691B,HROC,HARMON Rocket,L1P,L
A2A4E9,N27HY,HUSK,CHRISTEN Husky,L1P,L
A2A8E9,N2700W,M20P,MOONEY M-20,L1P,L
A2ACE9,N2712Z,GLID,,L0-,-
A2B0E9,N27242,CP65,PORTERFIELD CP-65 Collegiate,L1P,L
A2B6E9,N274SA,SKAR,III Sky Arrow,L1P,L
A2B8E9,N27488,TAYB,TAYLORCRAFT BC/BF/BL,L1P,L
A2BFE9,N27653,TAYB,TAYLORCRAFT BC/BF/BL,L1P,L
A2C6E9,N2782Y,PA24,PIPER PA-24 Comanche,L1P,L
A2C7E9,N27899,J4,PIPER J-4 Cub Coupe,L1P,L
A2CAE9,N27941,J3,PIPER J-3 Cub,L1P,L
A2CCE9,N28PB,PTS1,PITTS S-1 Special,L1P,L
A2D4E9,N2816N,P28A,PIPER PA-28-140/150/160/180,L1P,L
A2D8E9,N2828R,BALL,,B0-,-
A2DFE9,N2845L,C172,CESSNA 172 Skyhawk,L1P,L
A2E2E9,N2850C,C170,CESSNA 170,L1P,L
A2E3E9,N2857P,P28A,PIPER PA-28-140/150/160/180,L1P,L
A2E6E9,N2862F,C182,CESSNA 182 Skylane,L1P,L
A2E8E9,N287KM,BE58,BEECH 58 Baron,L2P,L
A2EBE9,N288CD,M7,MAULE M-7,L1P,L
A2EEE9,N2886M,PA12,PIPER PA-12 Super Cruiser,L1P,L
A2F7E9,N2900Y,C182,CESSNA 182 Skylane,L1P,L
A2F9E9,N291HJ,FOX,KITFOX,L1P,L
A2FDE9,N292LG,M20P,MOONEY M-20,L1P,L
A2FEE9,N292WN,B737,BOEING 737-700,L2J,M
A303E9,N29367,C177,CESSNA  177 Cardinal,L1P,L
A30CE9,N296MT,DRON,,D0-,-
A311E9,N2970X,C177,CESSNA  177 Cardinal,L1P,L
A315E9,N29820,SR22,CIRRUS SR-22,L1P,L
A316E9,N299A,C320,CESSNA 320 Skyknight,L2P,L
A31AE9,N3CY,P337,CESSNA P337 Skymaster,L2P,L
A31BE9,N3PD,EC45,AIRBUS HELICOPTERS EC-145,H2T,L
A320E9,N300SG,M7,MAULE M-7,L1P,L
A321E9,N30013,C177,CESSNA  177 Cardinal,L1P,L
A325E9,N30136,WACF,WACO F,L1P,L
A32CE9,N30301,BE35,BEECH 35 Starfire Bonanza,L1P,L
A32DE9,N3038B,P28B,PIPER PA-28-201T/235/236,L1P,L
A32FE9,N304TT,CL60,BOMBARDIER CL-600 Challenger,L2J,M
A331E9,N305AD,O1,CESSNA 305/341 Bird Dog,L1P,L
A333E9,N305WR,BE95,BEECH 95 Travel Air,L2P,L
A334E9,N30547,C177,CESSNA  177 Cardinal,L1P,L
A336E9,N306PH,B06,BELL 206 JetRanger,H1T,L
A339E9,N307G,C172,CESSNA 172 Skyhawk,L1P,L
A33AE9,N307SF,C680,CESSNA 680 Citation Sovereign,L2J,M
A33BE9,N30712,J3,PIPER J-3 Cub,L1P,L
A33CE9,N3079C,BE35,BEECH 35 Starfire Bonanza,L1P,L
A33FE9,N30835,C177,CESSNA  177 Cardinal,L1P,L
A343E9,N30958,SS2T,TRUSH Turbo Thrush 500/550,L1T,L
A349E9,N3105S,C182,CESSNA 182 Skylane,L1P,L
A34DE9,N3117V,P46T,PIPER PA-46-500TP,L1T,L
A34EE9,N312GV,E55P,EMBRAER EMB-505 Phenom 300,L2J,M
A34FE9,N312TA,C172,CESSNA 172 Skyhawk,L1P,L
A350E9,N3122M,BT36,BEECH B36TC Bonanza,L1P,L
A351E9,N3129Y,C182,CESSNA 182 Skylane,L1P,L
A358E9,N3146T,PA12,PIPER PA-12 Super Cruiser,L1P,L
A35AE9,N315RP,BE9L,BEECH 90 King Air,L2T,L
A35BE9,N3151K,KR1,RAND KR-1,L1P,L
A35CE9,N3158W,T6,NORTH AMERICAN T-6 Texan,L1P,L
A35FE9,N3163N,C120,CESSNA 120,L1P,L
A361E9,N317MD,S22T,CIRRUS SR-22T Turbo,L1P,L
A367E9,N3187U,C182,CESSNA 182 Skylane,L1P,L
A36AE9,N3192L,C310,CESSNA 310,L2P,L
A36BE9,N3199X,C150,CESSNA 150,L1P,L
A36EE9,N320GC,PA30,PIPER PA-30 Twin Comanche,L2P,L
A370E9,N32015,PA34,PIPER PA-34 Seneca,L2P,L
A372E9,N321KA,P32R,PIPER PA-32R-300/301/301T,L1P,L
A373E9,N321VG,SEAW,Seawind,A1P,L
A375E9,N322BT,LJ45,LEARJET 45,L2J,M
A37BE9,N32303,PA32,PIPER PA-32,L1P,L
A37CE9,N3238D,C180,CESSNA  180 Skywagon,L1P,L
A37FE9,N32426,P28A,PIPER PA-28-140/150/160/180,L1P,L
A387E9,N3267B,PA22,PIPER PA-22,L1P,L
A38AE9,N32714,P28A,PIPER PA-28-140/150/160/180,L1P,L
A38EE9,N32837,P28A,PIPER PA-28-140/150/160/180,L1P,L
A395E9,N330BA,GLID,,L0-,-
A396E9,N330MG,AS50,AEROSPATIALE AS-350 Ecureuil,H1T,L
A39EE9,N332TC,SREY,PROGRESSIVE AERODYNE SeaRey,A1P,L
A3A1E9,N333KV,C172,CESSNA 172 Skyhawk,L1P,L
A3A2E9,N333WA,BE36,BEECH 36 Bonanza,L1P,L
A3A7E9,N3346V,BE35,BEECH 35 Starfire Bonanza,L1P,L
A3ADE9,N336UP,B763,BOEING 767-300,L2J,H
A3AFE9,N337B,C337,CESSNA 337 Super Skymaster,L2P,L
A3B2E9,N3375T,UH12,HILLER UH-12,H1P,L
A3B4E9,N338QD,PC12,PILATUS PC-12,L1T,L
A3B5E9,N3380K,GC1,GLOBE Swift,L1P,L
A3B9E9,N3392N,PA11,PIPER PA-11 Cub Special,L1P,L
A3BAE9,N3399Z,PA18,PIPER PA-18 Super Cub,L1P,L
A3BBE9,N34KU,DRON,,D0-,-
A3BCE9,N34W,T18,THORP Tiger,L1P,L
A3CBE9,N3438F,HA4T,RAYTHEON 4000 Hawker Horizon,L2J,M
A3CDE9,N344TX,PA24,PIPER PA-24 Comanche,L1P,L
A3CFE9,N345AH,ULAC,,L0-,-
A3D2E9,N3455A,PA22,PIPER PA-22,L1P,L
A3D6E9,N3467D,C170,CESSNA 170,L1P,L
A3D7E9,N347GD,RV6,VANS RV-6,L1P,L
A3E2E9,N35ES,BE35,BEECH 35 Starfire Bonanza,L1P,L
A3E4E9,N350BC,,,,
A3E7E9,N3505W,ULAC,,L0-,-
A3EAE9,N3510N,M20P,MOONEY M-20,L1P,L
A3EBE9,N3517Z,PA22,PIPER PA-22,L1P,L
A3EEE9,N3522R,BE23,BEECH 23 Sundowner,L1P,L
A3F1E9,N353WC,C750,CESSNA 750 Citation 10,L2J,M
A3F3E9,N354CP,C82T,CESSNA TR182 Turbo Skylane RG,L1P,L
A3F8E9,N355RT,C421,CESSNA 421 Executive Commuter,L2P,L
A3FAE9,N35580,PA31,PIPER PA-31-300/310/325/350/425,L2P,L
A3FBE9,N356JK,SPHA,AMERICAN AUTOGYRO Spinus,G1P,L
A3FDE9,N3563S,C172,CESSNA 172 Skyhawk,L1P,L
A3FEE9,N357BB,B350,BEECHCRAFT Super King Air 350,L2T,M
A3FFE9,N357MH,H500,HUGHES 500,H1T,L
A404E9,N3580M,PA12,PIPER PA-12 Super Cruiser,L1P,L
A408E9,N3592Q,C172,CESSNA 172 Skyhawk,L1P,L
A409E9,N35991,J4,PIPER J-4 Cub Coupe,L1P,L
A40AE9,N36KW,C310,CESSNA 310,L2P,L
A40CE9,N360GG,DG40,DG FLUGZEUGBAU DG-400,L1P,L
A40DE9,N360SN,LJ60,LEARJET 60,L2J,M
A40EE9,N36019,TAYB,TAYLORCRAFT BC/BF/BL,L1P,L
A40FE9,N3609K,J3,PIPER J-3 Cub,L1P,L
A412E9,N3614B,GLID,,L0-,-
A414E9,N362NC,B733,BOEING 737-300,L2J,M
A41AE9,N3638H,M20P,MOONEY M-20,L1P,L
A41EE9,N365AK,HUSK,CHRISTEN Husky,L1P,L
A421E9,N3655C,C180,CESSNA  180 Skywagon,L1P,L
A42CE9,N3684A,BE33,BEECH 33 Bonanza,L1P,L
A42EE9,N369NB,A319,AIRBUS A-319,L2J,M
A430E9,N3696D,BALL,,B0-,-
A434E9,N370ML,A37,Cessna 318 Dragonfly,L2J,L
A436E9,N3705Y,C210,CESSNA 201 Centurion,L1P,L
A43DE9,N3722T,UHEL,,H0-,-
A43EE9,N37294,S1,INTERSTATE S-1 Cadet,L1P,L
A445E9,N3746Z,PA18,PIPER PA-18 Super Cub,L1P,L
A447E9,N375RV,RV12,VANS RV-12,L1P,L
A44AE9,N376JM,PA22,PIPER PA-22,L1P,L
A44CE9,N3763U,C182,CESSNA 182 Skylane,L1P,L
A455E9,N379H,MUS2,BUSHBY M-2 Mustang 2,L1P,L
A45AE9,N38WD,RV6,VANS RV-6,L1P,L
A45DE9,N3802A,GLID,,L0-,-
A45EE9,N3809M,PA12,PIPER PA-12 Super Cruiser,L1P,L
A461E9,N3814D,C182,CESSNA 182 Skylane,L1P,L
A469E9,N3838K,ST75,STEARMAN Kaydet,L1P,L
A46CE9,N3843B,BE35,BEECH 35 Starfire Bonanza,L1P,L
A46FE9,N385WZ,PARA,,P0-,-
A476E9,N387SP,C172,CESSNA 172 Skyhawk,L1P,L
A477E9,N3872,GLID,,L0-,-
A478E9,N3879L,C172,CESSNA 172 Skyhawk,L1P,L
A480E9,N39EW,AS50,AEROSPATIALE AS-350 Ecureuil,H1T,L
A488E9,N3910S,C172,CESSNA 172 Skyhawk,L1P,L
A48CE9,N3922V,C170,CESSNA 170,L1P,L
A48DE9,N39296,TAYB,TAYLORCRAFT BC/BF/BL,L1P,L
A494E9,N39461,B739,BOEING 737-900,L2J,M
A495E9,N395FR,A20N,AIRBUS A-320neo,L2J,M
A497E9,N3951T,P28R,PIPER PA-28R-180/200/201,L1P,L
A49FE9,N3975Z,PA18,PIPER PA-18 Super Cub,L1P,L
A4A2E9,N3980R,P28A,PIPER PA-28-140/150/160/180,L1P,L
A4A7E9,N39995,P28A,PIPER PA-28-140/150/160/180,L1P,L
A4A8E9,N4L,PTS1,PITTS S-1 Special,L1P,L
A4ABE9,N40SS,C340,CESSNA 340 Super,L2P,L
A4ACE9,N400CX,BRB2,BRANTLY B-2,H1P,L
A4ADE9,N400PC,PC12,PILATUS PC-12,L1T,L
A4AFE9,N40065,P28R,PIPER PA-28R-180/200/201,L1P,L
A4B2E9,N4011X,SS2P,ROCKWELL Thrush Commander,L1P,L
A4BAE9,N40353,R22,ROBINSON R-22 Mariner,H1P,L
A4C2E9,N40599,PA23,PIPER PA-23,L2P,L
A4C5E9,N40641,J3,PIPER J-3 Cub,L1P,L
A4C6E9,N407CW,BE40,BEECH 400 Beechjet,L2J,M
A4C7E9,N407PB,B407,BELL 407,H1T,L
A4CBE9,N408S,STAL,AIRCRAFT DESIGN Super Stallion,L1P,L
A4CEE9,N409JS,CH7A,BELLANCA 7 Champion,L1P,L
A4D0E9,N4093Z,CAMP,GREGA GN-1 Aircamper,L1P,L
A4D1E9,N41BJ,,,,
A4D2E9,N41MQ,C182,CESSNA 182 Skylane,L1P,L
A4D4E9,N410JA,RV10,VANS RV-10,L1P,L
A4D7E9,N411AT,RV7,VANS RV-7,L1P,L
A4DAE9,N4115L,C172,CESSNA 172 Skyhawk,L1P,L
A4DBE9,N412DR,RV12,VANS RV-12,L1P,L
A4DDE9,N4120C,S108,STINSON 108 Voyager,L1P,L
A4E1E9,N4132F,C172,CESSNA 172 Skyhawk,L1P,L
A4E2E9,N4139S,P32R,PIPER PA-32R-300/301/301T,L1P,L
A4E3E9,N414KM,C414,CESSNA 414 Chancellor,L2P,L
A4E4E9,N414VT,P28R,PIPER PA-28R-180/200/201,L1P,L
A4E5E9,N4144J,P28A,PIPER PA-28-140/150/160/180,L1P,L
A4E6E9,N415CD,ERCO,AIR PRODUCTS F-1 Aircoupe,L1P,L
A4EBE9,N416RH,RV4,VANS RV-4,L1P,L
A4F4E9,N4185K,NAVI,NORTH AMERICAN Navion,L1P,L
A4F8E9,N4197N,BALL,,B0-,-
A4FAE9,N42SU,GLST,GLASAIR SH-4 GlaStar,L1P,L
A4FEE9,N42067,C182,CESSNA 182 Skylane,L1P,L
A4FFE9,N421FX,E545,EMBRAER EMB545 Praetor 500,L2J,M
A500E9,N421SC,F2TH,DASSAULT Falcon 2000,L2J,M
A505E9,N42232,C182,CESSNA 182 Skylane,L1P,L
A506E9,N423BM,PA32,PIPER PA-32,L1P,L
A509E9,N42355,J3,PIPER J-3 Cub,L1P,L
A50AE9,N424EK,C82S,CESSNA T182 Turbo Skylane,L1P,L
A50CE9,N4240X,M7,MAULE M-7,L1P,L
A50DE9,N42478,J3,PIPER J-3 Cub,L1P,L
A50FE9,N425TP,C425,CESSNA 425 Corsair,L2T,L
A510E9,N42520,C182,CESSNA 182 Skylane,L1P,L
A518E9,N42766,C182,CESSNA 182 Skylane,L1P,L
A51BE9,N4281Y,AVID,AVID Flyer,L1P,L
A51CE9,N42889,C180,CESSNA  180 Skywagon,L1P,L
A51FE9,N42931,J3,PIPER J-3 Cub,L1P,L
A521E9,N43MS,C25A,CESSNA 525A Citation CJ2,L2J,L
A527E9,N431MA,BL8,BELLANCA 8 Decathlon,L1P,L
A529E9,N4315N,WH1,WENDT Traveler,L1P,L
A52AE9,N432DT,P208,TECNAM P-2008,L1P,L
A52CE9,N4320E,ST75,STEARMAN Kaydet,L1P,L
A52DE9,N4327R,,,,
A530E9,N4332H,PA15,PIPER PA-15 Vagabond,L1P,L
A532E9,N434KP,BD4,BEDE BD-4,L1P,L
A534E9,N4344L,C172,CESSNA 172 Skyhawk,L1P,L
A53DE9,N437JB,BE9L,BEECH 90 King Air,L2T,L
A53FE9,N4373J,P28A,PIPER PA-28-140/150/160/180,L1P,L
A547E9,N4397Q,C172,CESSNA 172 Skyhawk,L1P,L
A549E9,N44SW,C550,CESSNA 550 Citation S2,L2J,L
A551E9,N4419B,C170,CESSNA 170,L1P,L
A55BE9,N4440Z,PA18,PIPER PA-18 Super Cub,L1P,L
A56FE9,N45BN,WACF,WACO F,L1P,L
A578E9,N4515Q,C340,CESSNA 340 Super,L2P,L
A57BE9,N4520G,ULAC,,L0-,-
A57FE9,N4532K,AA5,AMERICAN AA-5 Tiger,L1P,L
A583E9,N4544N,ST75,STEARMAN Kaydet,L1P,L
A58CE9,N457JD,EC45,AIRBUS HELICOPTERS EC-145,H2T,L
A58FE9,N458AW,CRJ2,BOMBARDIER Regional Jet CRJ-200,L2J,M
A595E9,N4590F,P28A,PIPER PA-28-140/150/160/180,L1P,L
A596E9,N4597S,BE36,BEECH 36 Bonanza,L1P,L
A597E9,N46GS,GC1,GLOBE Swift,L1P,L
A599E9,N460DC,T206,CESSNA T206 Turbo Stationair,L1P,L
A59EE9,N461SG,DRON,,D0-,-
A5A0E9,N4619D,BE35,BEECH 35 Starfire Bonanza,L1P,L
A5AAE9,N46401,C172,CESSNA 172 Skyhawk,L1P,L
A5ACE9,N465HM,C180,CESSNA  180 Skywagon,L1P,L
A5AEE9,N46524,C180,CESSNA  180 Skywagon,L1P,L
A5B3E9,N467DB,C340,CESSNA 340 Super,L2P,L
A5B4E9,N467PH,B407,BELL 407,H1T,L
A5B6E9,N4677,DRON,,D0-,-
A5B8E9,N468SF,E50P,EMBRAER EMB-500 Phenom 100,L2J,L
A5BAE9,N4689C,C185,CESSNA 185 Skywagon,L1P,L
A5BFE9,N47MW,E550,EMBRAER EMB-550 Praetor 600,L2J,M
A5C0E9,N47YB,TBM9,SOCATA TBM-900/910/930/940,L1T,L
A5CDE9,N473TA,P28A,PIPER PA-28-140/150/160/180,L1P,L
A5D6E9,N4756T,DHC2,DE HAVILLAND DHC-2 Beaver,L1P,L
A5D9E9,N4761K,P210,CESSNA P210 Centurion,L1P,L
A5DAE9,N4768W,AC11,NORTH AMERICAN ROCKWELL Commander 112/114,L1P,L
A5DFE9,N478MD,P32R,PIPER PA-32R-300/301/301T,L1P,L
A5E2E9,N479DW,COY2,RANS Coyote 2,L1P,L
A5E5E9,N4797U,T206,CESSNA T206 Turbo Stationair,L1P,L
A5E7E9,N48T,BE36,BEECH 36 Bonanza,L1P,L
A5EFE9,N4819F,,,,
A5F2E9,N48238,C152,CESSNA 152,L1P,L
A5F7E9,N484ER,C172,CESSNA 172 Skyhawk,L1P,L
A5F9E9,N48403,G164,GRUMMAN G-164 Ag-Cat,L1P,L
A5FAE9,N4848D,C182,CESSNA 182 Skylane,L1P,L
A5FBE9,N485HP,BE33,BEECH 33 Bonanza,L1P,L
A5FEE9,N486AF,MU2,MITSUBISHI MU-2 Marquise,L2T,L
A605E9,N4877B,C310,CESSNA 310,L2P,L
A606E9,N488GB,F2TH,DASSAULT Falcon 2000,L2J,M
A617E9,N492DZ,S22T,CIRRUS SR-22T Turbo,L1P,L
A619E9,N4920L,P28A,PIPER PA-28-140/150/160/180,L1P,L
A620E9,N494WA,C172,CESSNA 172 Skyhawk,L1P,L
A621E9,N4944S,C82R,CESSNA R182 Skylane RG,L1P,L
A622E9,N495CM,C550,CESSNA 550 Citation S2,L2J,L
A625E9,N4956V,C72R,CESSNA 172R Cutlass RG,L1P,L
A628E9,N4961M,PA11,PIPER PA-11 Cub Special,L1P,L
A62DE9,N498B,FA62,FAIRCHILD M-26 Cornell,L1P,L
A630E9,N4985T,P28R,PIPER PA-28R-180/200/201,L1P,L
A631E9,N499DY,,,,
A633E9,N4990K,NAVI,NORTH AMERICAN Navion,L1P,L
A635E9,N5GW,BE33,BEECH 33 Bonanza,L1P,L
A637E9,N50DG,L29,AERO L-29 Delfin,L1J,L
A63BE9,N500WE,GLAS,Glasair,L1P,L
A63CE9,N5004W,P28A,PIPER PA-28-140/150/160/180,L1P,L
A63DE9,N501CR,BL17,BELLANCA 17 Viking,L1P,L
A641E9,N502FP,PARA,,P0-,-
A642E9,N502RV,RV12,VANS RV-12,L1P,L
A643E9,N5021R,C172,CESSNA 172 Skyhawk,L1P,L
A645E9,N503JM,BE20,BEECH 200 Super King Air,L2T,M
A64BE9,N5045X,GLST,GLASAIR SH-4 GlaStar,L1P,L
A651E9,3933,C501,CESSNA 501 Citation 1SP,L2J,L
A653E9,N50693,BN2P,BRITTEN-NORMAN BN-2 Islander,L2P,L
A65AE9,N5086Y,COY2,RANS Coyote 2,L1P,L
A662E9,N510RC,C56X,CESSNA 560XL Citation XLS,L2J,M
A663E9,N51009,C150,CESSNA 150,L1P,L
A667E9,N5113B,YK52,YAKOVLEV Yak-52,L1P,L
A668E9,N512AM,SR20,CIRRUS SR-20,L1P,L
A66BE9,N5125E,C180,CESSNA  180 Skywagon,L1P,L
A66FE9,N5137H,PA14,PIPER PA-14 Family Cruiser,L1P,L
A673E9,N5149L,P28A,PIPER PA-28-140/150/160/180,L1P,L
A677E9,N516BY,EN28,ENSTROM F-28,H1P,L
A678E9,N516ND,C172,CESSNA 172 Skyhawk,L1P,L
A67AE9,N5166F,C172,CESSNA 172 Skyhawk,L1P,L
A67CE9,N517RB,BE58,BEECH 58 Baron,L2P,L
A67DE9,N51708,,,,
A67EE9,N5178J,C340,CESSNA 340 Super,L2P,L
A682E9,N519AL,S76,SIKORSKY S-76 Spirit,H2T,L
A683E9,N519LS,VTRA,RANS Venterra,L1P,L
A686E9,N52DJ,ULAC,,L0-,-
A689E9,N520LA,AT5T,AIR TRACTOR AT-504,L1T,L
A68BE9,N5204Y,AS50,AEROSPATIALE AS-350 Ecureuil,H1T,L
A68CE9,N521CT,FDCT,FLIGHT DESIGN CT,L1P,L
A68FE9,N52161,RV9,VANS RV-9,L1P,L
A69EE9,N52572,C182,CESSNA 182 Skylane,L1P,L
A69FE9,N526HB,,,,
A6A1E9,N5262U,C172,CESSNA 172 Skyhawk,L1P,L
A6A2E9,N52695,C77R,CESSNA 177RG Cardinal RG,L1P,L
A6A3E9,N527L,P28A,PIPER PA-28-140/150/160/180,L1P,L
A6A5E9,N5274X,CH7A,BELLANCA 7 Champion,L1P,L
A6A6E9,N528CS,M20P,MOONEY M-20,L1P,L
A6A9E9,N52860,FA62,FAIRCHILD M-26 Cornell,L1P,L
A6ACE9,N5291S,P28A,PIPER PA-28-140/150/160/180,L1P,L
A6ADE9,N52983,C182,CESSNA 182 Skylane,L1P,L
A6AEE9,N53JN,LA4,LAKE LA-4/200,A1P,L
A6B0E9,N530EZ,LGEZ,RUTAN Long-EZ,L1P,L
A6C0E9,N534SR,SR22,CIRRUS SR-22,L1P,L
A6C1E9,N5342B,TAIL,WITTMAN Tailwind,L1P,L
A6C5E9,N5354E,BE35,BEECH 35 Starfire Bonanza,L1P,L
A6C9E9,N5366H,PA16,PIPER PA-16 Clipper,L1P,L
A6CCE9,N5371,ULAC,,L0-,-
A6CDE9,N5378L,P28A,PIPER PA-28-140/150/160/180,L1P,L
A6D4E9,N5395F,P28A,PIPER PA-28-140/150/160/180,L1P,L
A6D5E9,N54DL,P28A,PIPER PA-28-140/150/160/180,L1P,L
A6D6E9,N54PS,P210,CESSNA P210 Centurion,L1P,L
A6DEE9,N54163,AC80,NORTH AMERICAN ROCKWELL Turbo Commander 680,L2T,L
A6DFE9,N542FR,SB20,SAAB 2000,L2T,M
A6E0E9,N542RZ,,,,
A6E3E9,N543JR,C210,CESSNA 201 Centurion,L1P,L
A6E6E9,N544BH,BE30,BEECH 300 Super King Air,L2T,L
A6EAE9,N545EF,D328,DORNIER 328,L2T,M
A6F6E9,N548P,C182,CESSNA 182 Skylane,L1P,L
A6F8E9,N54862,PA23,PIPER PA-23,L2P,L
A6FBE9,N5491U,BE35,BEECH 35 Starfire Bonanza,L1P,L
A700E9,N550RG,SR22,CIRRUS SR-22,L1P,L
A705E9,N5513F,,,,
A708E9,N552XC,PARA,,P0-,-
A709E9,N5525J,PA32,PIPER PA-32,L1P,L
A70DE9,N5537M,VO10,NORTH AMERICAN ROCKWELL Commander 100,L1P,L
A712E9,N555KK,C421,CESSNA 421 Executive Commuter,L2P,L
A713E9,N555VR,LJ45,LEARJET 45,L2J,M
A714E9,N5554G,C421,CESSNA 421 Executive Commuter,L2P,L
A715E9,N556CB,SF50,CIRRUS SF-50 Vision,L1J,L
A718E9,N5566K,,,,
A71CE9,N5578N,ST75,STEARMAN Kaydet,L1P,L
A723E9,N5595H,PA20,PIPER PA-20 Pacer,L1P,L
A726E9,N560,P337,CESSNA P337 Skymaster,L2P,L
A728E9,N560WL,C56X,CESSNA 560XL Citation XLS,L2J,M
A72BE9,N561PC,PA31,PIPER PA-31-300/310/325/350/425,L2P,L
A72FE9,N562SA,DA40,DIAMOND DA-40 Club Star,L1P,L
A730E9,N5621X,C182,CESSNA 182 Skylane,L1P,L
A731E9,N56288,P28A,PIPER PA-28-140/150/160/180,L1P,L
A732E9,N563JT,P32R,PIPER PA-32R-300/301/301T,L1P,L
A734E9,N56330,VALI,CONVAIR Valiant,L1P,L
A738E9,N56453,P28R,PIPER PA-28R-180/200/201,L1P,L
A742E9,N567WK,DH8C,DE HAVILLAND DHC-8-300 Dash 8,L2T,M
A745E9,N568PB,EA50,ECLIPSE 550,L2J,L
A747E9,N56864,P28R,PIPER PA-28R-180/200/201,L1P,L
A74BE9,N56987,P28A,PIPER PA-28-140/150/160/180,L1P,L
A74CE9,N57JS,CB1,HATZ CB-1 Classic,L1P,L
A74FE9,N570RJ,S22T,CIRRUS SR-22T Turbo,L1P,L
A752E9,N571JA,C172,CESSNA 172 Skyhawk,L1P,L
A755E9,N572AT,PA44,PIPER PA-44 Seminole,L2P,L
A761E9,N575KM,BDOG,BRITISH AEROSPACE SA-3 Bulldog,L1P,L
A764E9,N576CD,SR22,CIRRUS SR-22,L1P,L
A767E9,N5766M,M20P,MOONEY M-20,L1P,L
A76AE9,N5771D,PA18,PIPER PA-18 Super Cub,L1P,L
A76BE9,N5778Q,M20P,MOONEY M-20,L1P,L
A76FE9,N579AS,B738,BOEING 737-800,L2J,M
A774E9,N58PW,BE58,BEECH 58 Baron,L2P,L
A778E9,N58044,TAYD,TAYLORCRAFT DC/DF/DL,L1P,L
A77DE9,N582FX,CL35,BOMBARDIER BD-100 Challenger 350,L2J,M
A77EE9,N582SC,GYRO,,G0-,-
A785E9,N584MT,DA40,DIAMOND DA-40 Club Star,L1P,L
A78EE9,N58620,C182,CESSNA 182 Skylane,L1P,L
A792E9,N58743,BE18,BEECH 18 Expetitor,L2P,L
A796E9,N58866,C182,CESSNA 182 Skylane,L1P,L
A79AE9,N58989,C182,CESSNA 182 Skylane,L1P,L
A79CE9,N59V,RELI,STINSON Reliant,L1P,L
A79DE9,N590FE,MD11,MCDONNELL-DOUGLAS MD-11,L3J,H
A79FE9,N5901G,C172,CESSNA 172 Skyhawk,L1P,L
A7A0E9,N5908T,C150,CESSNA 150,L1P,L
A7A5E9,N592MA,C560,CESSNA 560 Citation Ultra,L2J,M
A7AEE9,N5942H,PA16,PIPER PA-16 Clipper,L1P,L
A7B6E9,N5966P,PA24,PIPER PA-24 Comanche,L1P,L
A7BBE9,N598JB,A320,AIRBUS A-320,L2J,M
A7BDE9,N5983J,C172,CESSNA 172 Skyhawk,L1P,L
A7BEE9,N599AU,DRON,,D0-,-
A7C3E9,N6PY,BE35,BEECH 35 Starfire Bonanza,L1P,L
A7C4E9,N60AC,CH7B,BELLANCA 7 Citabria,L1P,L
A7C5E9,N60LJ,LJ60,LEARJET 60,L2J,M
A7C8E9,N600TA,EN28,ENSTROM F-28,H1P,L
A7C9E9,N6002M,BE24,BEECH 24 Sierra,L1P,L
A7CBE9,N601KT,,,,
A7CEE9,N602CK,H60,SIKORSKY UH-60 Black Hawk,H2T,M
A7D4E9,N6031K,C150,CESSNA 150,L1P,L
A7D5E9,N6038W,BE58,BEECH 58 Baron,L2P,L
A7D8E9,N6043N,C162,CESSNA 162 Skycatcher,L1P,L
A7DCE9,N6055R,C162,CESSNA 162 Skycatcher,L1P,L
A7DDE9,N606DW,PA31,PIPER PA-31-300/310/325/350/425,L2P,L
A7E3E9,N6072L,AA5,AMERICAN AA-5 Tiger,L1P,L
A7EBE9,N6096S,BE58,BEECH 58 Baron,L2P,L
A7F5E9,N6118D,PA22,PIPER PA-22,L1P,L
A7F6E9,N612HP,C172,CESSNA 172 Skyhawk,L1P,L
A7FCE9,N61349,CRER,RANS Courier,L1P,L
A800E9,N6147B,C182,CESSNA 182 Skylane,L1P,L
A807E9,N61637,C172,CESSNA 172 Skyhawk,L1P,L
A808E9,N617BS,RV6,VANS RV-6,L1P,L
A812E9,N61925,C172,CESSNA 172 Skyhawk,L1P,L
A813E9,N62AE,G280,GULFSTREAM G280,L2J,M
A814E9,N62LL,AC50,NORTH AMERICAN ROCKWELL Commander 500,L2P,L
A817E9,N620TC,C25A,CESSNA 525A Citation CJ2,L2J,L
A81AE9,N621KV,SAVG,ZLIN AVIATION Savage,L1P,L
A81CE9,N6214S,C150,CESSNA 150,L1P,L
A81DE9,N622CM,C172,CESSNA 172 Skyhawk,L1P,L
A820E9,N6226V,BE95,BEECH 95 Travel Air,L2P,L
A824E9,N6238Y,PA23,PIPER PA-23,L2P,L
A826E9,N624UP,B748,BOEING 747-8,L4J,H
A827E9,N6243Q,C152,CESSNA 152,L1P,L
A82EE9,N6260K,C150,CESSNA 150,L1P,L
A830E9,N627GW,M7,MAULE M-7,L1P,L
A833E9,N6279Z,PA25,PIPER PA-25 Pawnee,L1P,L
A836E9,N6284R,C72R,CESSNA 172R Cutlass RG,L1P,L
A840E9,N6306C,T210,CESSNA T210 Turbo Centurion,L1P,L
A846E9,N632TX,C56X,CESSNA 560XL Citation XLS,L2J,M
A848E9,N633AH,C208,CESSNA 208 Caravan,L1T,L
A84BE9,N6335A,BALL,,B0-,-
A84FE9,N6347D,C172,CESSNA 172 Skyhawk,L1P,L
A854E9,N636KB,SR22,CIRRUS SR-22,L1P,L
A85AE9,N6376B,C182,CESSNA 182 Skylane,L1P,L
A85DE9,N63804,ST75,STEARMAN Kaydet,L1P,L
A862E9,N64AG,CLON,AUTOGYRO Cavalon,G1P,L
A868E9,N64092,C172,CESSNA 172 Skyhawk,L1P,L
A869E9,N641KX,SONX,SONEX AIRCRAFT Sonex,L1P,L
A86BE9,N6414U,M20P,MOONEY M-20,L1P,L
A86CE9,N642CP,SR22,CIRRUS SR-22,L1P,L
A86FE9,N6426X,C180,CESSNA  180 Skywagon,L1P,L
A871E9,N643RT,C560,CESSNA 560 Citation Ultra,L2J,M
A872E9,N6431P,P210,CESSNA P210 Centurion,L1P,L
A87AE9,N6455V,C72R,CESSNA 172R Cutlass RG,L1P,L
A87DE9,N6460M,C152,CESSNA 152,L1P,L
A881E9,N6472Q,M20P,MOONEY M-20,L1P,L
A882E9,N64791,C172,CESSNA 172 Skyhawk,L1P,L
A884E9,N648WB,M7,MAULE M-7,L1P,L
A88FE9,N6506E,C175,CESSNA 175 Skylark,L1P,L
A891E9,N651RA,,,,
A892E9,N65107,C172,CESSNA 172 Skyhawk,L1P,L
A893E9,N6518H,J3,PIPER J-3 Cub,L1P,L
A89BE9,N654DH,RAF2,ROTARY AIR FORCE RAF-2000,G1P,L
A89CE9,N654PP,S22T,CIRRUS SR-22T Turbo,L1P,L
A8A1E9,N65518,C172,CESSNA 172 Skyhawk,L1P,L
A8A4E9,N656VK,,,,
A8A5E9,N6564A,PA23,PIPER PA-23,L2P,L
A8A6E9,N657BW,,,,
A8ADE9,N6588G,C150,CESSNA 150,L1P,L
A8B0E9,N65929,GLID,,L0-,-
A8B1E9,N66AJ,LGEZ,RUTAN Long-EZ,L1P,L
A8B3E9,N66WW,VELO,Velocity,L1P,L
A8B4E9,N660HA,B06,BELL 206 JetRanger,H1T,L
A8B7E9,N66094,C150,CESSNA 150,L1P,L
A8C0E9,N663RV,RV6,VANS RV-6,L1P,L
A8C1E9,N6631R,BE24,BEECH 24 Sierra,L1P,L
A8C6E9,N665BD,,,,
A8CAE9,N666EB,S22T,CIRRUS SR-22T Turbo,L1P,L
A8CCE9,N6660P,PA24,PIPER PA-24 Comanche,L1P,L
A8CFE9,N667TF,ULAC,,L0-,-
A8D0E9,N6672S,C150,CESSNA 150,L1P,L
A8D4E9,N6684V,BE58,BEECH 58 Baron,L2P,L
A8D8E9,N6696Y,BE36,BEECH 36 Bonanza,L1P,L
A8D9E9,N67FN,PA18,PIPER PA-18 Super Cub,L1P,L
A8E2E9,N6718K,G164,GRUMMAN G-164 Ag-Cat,L1P,L
A8E4E9,N672UA,B763,BOEING 767-300,L2J,H
A8E6E9,N673AM,DA40,DIAMOND DA-40 Club Star,L1P,L
A8E7E9,N673LT,FOX,KITFOX,L1P,L
A8E9E9,N6735E,C175,CESSNA 175 Skylark,L1P,L
A8EDE9,N6747H,C172,CESSNA 172 Skyhawk,L1P,L
A8EFE9,N675SP,SR22,CIRRUS SR-22,L1P,L
A8F6E9,N677ND,C172,CESSNA 172 Skyhawk,L1P,L
A8FAE9,N678RB,C172,CESSNA 172 Skyhawk,L1P,L
A8FBE9,N67808,J3,PIPER J-3 Cub,L1P,L
A8FFE9,N6793A,C172,CESSNA 172 Skyhawk,L1P,L
A900E9,N68AL,GLF4,GULFSTREAM 4,L2J,M
A901E9,N68LS,GLID,,L0-,-
A902E9,N68WY,HUSK,CHRISTEN Husky,L1P,L
A905E9,N6802V,M20P,MOONEY M-20,L1P,L
A909E9,N6814Y,PA23,PIPER PA-23,L2P,L
A914E9,N6843W,P28A,PIPER PA-28-140/150/160/180,L1P,L
A91DE9,N687HB,MU2,MITSUBISHI MU-2 Marquise,L2T,L
A923E9,N6884X,C210,CESSNA 201 Centurion,L1P,L
A92AE9,N690CA,CRJ7,BOMBARDIER Regional Jet CRJ-700,L2J,M
A92BE9,N690NG,PC12,PILATUS PC-12,L1T,L
A92DE9,N6906J,P32R,PIPER PA-32R-300/301/301T,L1P,L
A930E9,N6911A,C172,CESSNA 172 Skyhawk,L1P,L
A931E9,N6918M,S108,STINSON 108 Voyager,L1P,L
A934E9,N6923D,PA22,PIPER PA-22,L1P,L
A93FE9,N6952B,PA22,PIPER PA-22,L1P,L
A942E9,N696VP,C550,CESSNA 550 Citation S2,L2J,L
A94BE9,N6988L,C310,CESSNA 310,L2P,L
A950E9,N7LU,M20P,MOONEY M-20,L1P,L
A951E9,N7X,FA7X,DASSAULT Falcon 7X,L3J,M
A953E9,N70TL,PA23,PIPER PA-23,L2P,L
A954E9,N700DR,EAGL,CHRISTEN Eagle,L1P,L
A955E9,N700PX,TBM7,SOCATA TBM-700A/B/C,L1T,L
A957E9,N7007P,PA24,PIPER PA-24 Comanche,L1P,L
A959E9,N701SV,CH70,ZENAIR CH-701 Stol,L1P,L
A95FE9,N703CD,H25B,HAWKER BEECHCRAFT Hawker 750/850,L2J,M
A964E9,N704RH,AS50,AEROSPATIALE AS-350 Ecureuil,H1T,L
A966E9,N7048Q,C172,CESSNA 172 Skyhawk,L1P,L
A967E9,N705J,JAB4,JABIRU J200-450,L1P,L
A96FE9,N707PW,BE58,BEECH 58 Baron,L2P,L
A971E9,N7077N,M18,PZL-MIELEC M-18 Dromader,L1P,L
A975E9,N7089R,P28A,PIPER PA-28-140/150/160/180,L1P,L
A97EE9,N71032,J3,PIPER J-3 Cub,L1P,L
A982E9,N71155,L8,LUSCOMBE 8,L1P,L
A985E9,N7120X,BALL,,B0-,-
A989E9,N71320,C182,CESSNA 182 Skylane,L1P,L
A98AE9,N714A,B350,BEECHCRAFT Super King Air 350,L2T,M
A98BE9,N714LF,C150,CESSNA 150,L1P,L
A991E9,N71566,C208,CESSNA 208 Caravan,L1T,L
A993E9,N716SB,P32R,PIPER PA-32R-300/301/301T,L1P,L
A994E9,N7161Y,BALL,,B0-,-
A995E9,N71689,L8,LUSCOMBE 8,L1P,L
A998E9,N71731,C182,CESSNA 182 Skylane,L1P,L
A999E9,N718BL,SR22,CIRRUS SR-22,L1P,L
A99CE9,N71854,L8,LUSCOMBE 8,L1P,L
A99FE9,N7190W,P28A,PIPER PA-28-140/150/160/180,L1P,L
A9A2E9,N72TN,C172,CESSNA 172 Skyhawk,L1P,L
A9A5E9,N7200E,C182,CESSNA 182 Skylane,L1P,L
A9A9E9,N7212H,UH12,HILLER UH-12,H1P,L
A9AAE9,N7219U,BE33,BEECH 33 Bonanza,L1P,L
A9ABE9,N722KP,PC12,PILATUS PC-12,L1T,L
A9ADE9,N7224L,BE33,BEECH 33 Bonanza,L1P,L
A9AEE9,N723CF,P32R,PIPER PA-32R-300/301/301T,L1P,L
A9B1E9,N7236P,PA24,PIPER PA-24 Comanche,L1P,L
A9B2E9,N724FD,A30B,AIRBUS A-300-200,L2J,H
A9B3E9,N724RK,BE60,BEECH 60 Duke,L2P,L
A9B6E9,N725JB,C510,CESSNA 510 Citation Mustang,L2J,L
A9B8E9,N7253J,P28A,PIPER PA-28-140/150/160/180,L1P,L
A9BDE9,N727DS,PA24,PIPER PA-24 Comanche,L1P,L
A9BFE9,N7270D,PA18,PIPER PA-18 Super Cub,L1P,L
A9C2E9,N728SW,B737,BOEING 737-700,L2J,M
A9C3E9,N7282G,C150,CESSNA 150,L1P,L
A9C4E9,N7289T,C172,CESSNA 172 Skyhawk,L1P,L
A9C8E9,N73CE,ZZZZ,,-0-,-
A9CDE9,N73034,C120,CESSNA 120,L1P,L
A9CEE9,N731BP,C56X,CESSNA 560XL Citation XLS,L2J,M
A9D6E9,N733HK,C172,CESSNA 172 Skyhawk,L1P,L
A9D7E9,N733TR,C172,CESSNA 172 Skyhawk,L1P,L
A9DBE9,N734WP,C172,CESSNA 172 Skyhawk,L1P,L
A9DCE9,N73445,B739,BOEING 737-900,L2J,M
A9DDE9,N735D,,,,
A9E1E9,N736FY,C172,CESSNA 172 Skyhawk,L1P,L
A9E2E9,N736SD,C172,CESSNA 172 Skyhawk,L1P,L
A9E3E9,N73610,C172,CESSNA 172 Skyhawk,L1P,L
A9E4E9,N7369A,C172,CESSNA 172 Skyhawk,L1P,L
A9E5E9,N737JW,B737,BOEING 737-700,L2J,M
A9E7E9,N73733,C207,CESSNA 207 Turbo Stationair,L1P,L
A9E8E9,N738BN,C172,CESSNA 172 Skyhawk,L1P,L
A9EDE9,N739QS,CL35,BOMBARDIER BD-100 Challenger 350,L2J,M
A9F0E9,N74HJ,C340,CESSNA 340 Super,L2P,L
A9F8E9,N7412K,PA20,PIPER PA-20 Pacer,L1P,L
A9F9E9,N7419W,BE23,BEECH 23 Sundowner,L1P,L
A9FCE9,N7424N,C185,CESSNA 185 Skywagon,L1P,L
AA03E9,N7441H,J3,PIPER J-3 Cub,L1P,L
AA09E9,N746MB,CH7B,BELLANCA 7 Citabria,L1P,L
AA0DE9,N747Q,ST75,STEARMAN Kaydet,L1P,L
AA0FE9,N7477S,B74S,BOEING 747SP,L4J,H
AA12E9,N7482J,DRON,,D0-,-
AA17E9,N75CG,C185,CESSNA 185 Skywagon,L1P,L
AA1DE9,N751BR,AC90,NORTH AMERICAN ROCKWELL Turbo Commander 690/840,L2T,L
AA24E9,N7528B,CH7A,BELLANCA 7 Champion,L1P,L
AA27E9,N75324,ST75,STEARMAN Kaydet,L1P,L
AA2CE9,N755DB,RV6,VANS RV-6,L1P,L
AA30E9,N756G,P28A,PIPER PA-28-140/150/160/180,L1P,L
AA32E9,N75612,C172,CESSNA 172 Skyhawk,L1P,L
AA33E9,N7569C,ERCO,AIR PRODUCTS F-1 Aircoupe,L1P,L
AA34E9,N757JY,C152,CESSNA 152,L1P,L
AA37E9,N758BQ,C172,CESSNA 172 Skyhawk,L1P,L
AA38E9,N758MW,C172,CESSNA 172 Skyhawk,L1P,L
AA3AE9,N75858,B753,BOEING 757-300,L2J,M
AA3FE9,N76HL,PRM1,RAYTHEON 390 Premier 1,L2J,L
AA40E9,N76TS,BALL,,B0-,-
AA43E9,N7600J,C182,CESSNA 182 Skylane,L1P,L
AA47E9,N7612M,C175,CESSNA 175 Skylark,L1P,L
AA4BE9,N7624Q,C421,CESSNA 421 Executive Commuter,L2P,L
AA4CE9,N763CK,B763,BOEING 767-300,L2J,H
AA4FE9,N7636T,C172,CESSNA 172 Skyhawk,L1P,L
AA52E9,N7641K,PA20,PIPER PA-20 Pacer,L1P,L
AA53E9,N7648W,P28A,PIPER PA-28-140/150/160/180,L1P,L
AA5DE9,N7670H,PA12,PIPER PA-12 Super Cruiser,L1P,L
AA5EE9,N7677U,C150,CESSNA 150,L1P,L
AA61E9,N7682L,S76,SIKORSKY S-76 Spirit,H2T,L
AA65E9,N7694P,PA24,PIPER PA-24 Comanche,L1P,L
AA66E9,N77CJ,LJ45,LEARJET 45,L2J,M
AA68E9,N77YW,RV6,VANS RV-6,L1P,L
AA6CE9,N771BT,SR22,CIRRUS SR-22,L1P,L
AA6FE9,N7716A,B737,BOEING 737-700,L2J,M
AA73E9,N7728D,B737,BOEING 737-700,L2J,M
AA74E9,N773HP,T206,CESSNA T206 Turbo Stationair,L1P,L
AA77E9,N774AF,PC12,PILATUS PC-12,L1T,L
AA80E9,N776SH,R22,ROBINSON R-22 Mariner,H1P,L
AA81E9,N77614,FA24,FAIRCHILD F-24 Argus,L1P,L
AA82E9,N7769E,C150,CESSNA 150,L1P,L
AA84E9,N777VF,C414,CESSNA 414 Chancellor,L2P,L
AA85E9,N77737,FNKB,FUNK B,L1P,L
AA93E9,N7807X,C172,CESSNA 172 Skyhawk,L1P,L
AA95E9,N781TC,M20T,MOONEY M-20T,L1P,L
AA96E9,N7812P,CH60,ZENAIR CH-600 Zodiac,L1P,L
AA97E9,N78190,C172,CESSNA 172 Skyhawk,L1P,L
AA9AE9,N7824S,GC1,GLOBE Swift,L1P,L
AAA0E9,N784RR,C441,CESSNA 441 Conquest,L2T,L
AAA1E9,N7841M,BE35,BEECH 35 Starfire Bonanza,L1P,L
AAA3E9,N785JH,P180,PIAGGIO P-180 Avanti,L2T,L
AAA9E9,N7865T,C172,CESSNA 172 Skyhawk,L1P,L
AAADE9,N7877W,P28A,PIPER PA-28-140/150/160/180,L1P,L
AAAFE9,N788TB,DHC1,DE HAVILLAND DHC-1 Chipmunk,L1P,L
AAB0E9,N7882N,C172,CESSNA 172 Skyhawk,L1P,L
AAB1E9,N7889Z,C150,CESSNA 150,L1P,L
AAB3E9,N789W,RV7,VANS RV-7,L1P,L
AAB4E9,N7894R,BE35,BEECH 35 Starfire Bonanza,L1P,L
AAB5E9,N79CL,SF50,CIRRUS SF-50 Vision,L1J,L
AABEE9,N7916C,S22T,CIRRUS SR-22T Turbo,L1P,L
AAC2E9,N7928F,C150,CESSNA 150,L1P,L
AAC4E9,N793TX,BT7,BOEING T-7 Red Hawk,L1J,M
AAC6E9,N794AH,DRON,,D0-,-
AAC9E9,N7945A,BE35,BEECH 35 Starfire Bonanza,L1P,L
AACDE9,N7957D,BE35,BEECH 35 Starfire Bonanza,L1P,L
AACFE9,N796SK,CRJ7,BOMBARDIER Regional Jet CRJ-700,L2J,M
AAD1E9,N7969G,C172,CESSNA 172 Skyhawk,L1P,L
AAD9E9,N799ES,C414,CESSNA 414 Chancellor,L2P,L
AADBE9,N79904,C172,CESSNA 172 Skyhawk,L1P,L
AADDE9,N8HQ,BE40,BEECH 400 Beechjet,L2J,M
AADEE9,N8TW,LNP4,LANCAIR PropJet 4,L1T,L
AADFE9,N80EA,C25B,CESSNA 525B Citation CJ3,L2J,L
AAE1E9,N800AM,C56X,CESSNA 560XL Citation XLS,L2J,M
AAE2E9,N800LT,JPRO,BAC P-84 Jet Provost,L1J,L
AAE4E9,N8005E,BALL,,B0-,-
AAEAE9,N802SP,C172,CESSNA 172 Skyhawk,L1P,L
AAECE9,N8029L,C172,CESSNA 172 Skyhawk,L1P,L
AAF1E9,N804ND,P28R,PIPER PA-28R-180/200/201,L1P,L
AAF5E9,N805RB,ST75,STEARMAN Kaydet,L1P,L
AAF8E9,N806HU,T206,CESSNA T206 Turbo Stationair,L1P,L
AAF9E9,N806U,PARA,,P0-,-
AAFAE9,N8063A,C170,CESSNA 170,L1P,L
AAFFE9,N808DJ,BE76,BEECH 76 Duchess,L2P,L
AB02E9,N8087G,VP2,EVANS Volksplane,L1P,L
AB05E9,N80919,GC1,GLOBE Swift,L1P,L
AB0BE9,N8101T,BRB2,BRANTLY B-2,H1P,L
AB0CE9,N81084,C120,CESSNA 120,L1P,L
AB0DE9,N811JP,DRON,,D0-,-
AB0FE9,N8113W,P28A,PIPER PA-28-140/150/160/180,L1P,L
AB11E9,N812MM,RV12,VANS RV-12,L1P,L
AB13E9,N8125Z,C210,CESSNA 201 Centurion,L1P,L
AB14E9,N813ED,KR2,RAND KR-2,L1P,L
AB16E9,N8130R,BT36,BEECH B36TC Bonanza,L1P,L
AB1AE9,N8142U,C172,CESSNA 172 Skyhawk,L1P,L
AB1BE9,N81495,CH7A,BELLANCA 7 Champion,L1P,L
AB1CE9,N815L,S22T,CIRRUS SR-22T Turbo,L1P,L
AB1DE9,N815WF,,,,
AB25E9,N8171S,C150,CESSNA 150,L1P,L
AB2DE9,N8195Y,P28A,PIPER PA-28-140/150/160/180,L1P,L
AB2EE9,N82EC,BE60,BEECH 60 Duke,L2P,L
AB33E9,N8205G,P28A,PIPER PA-28-140/150/160/180,L1P,L
AB35E9,N821PT,P28A,PIPER PA-28-140/150/160/180,L1P,L
AB38E9,N822GK,,,,
AB3AE9,N8222B,PA34,PIPER PA-34 Seneca,L2P,L
AB3FE9,N824C,RV6,VANS RV-6,L1P,L
AB42E9,N8246H,,,,
AB44E9,N825RD,PA32,PIPER PA-32,L1P,L
AB46E9,N8258L,P28A,PIPER PA-28-140/150/160/180,L1P,L
AB4AE9,N827AN,B789,BOEING 787-9 Dreamliner,L2J,H
AB4DE9,N8275F,C150,CESSNA 150,L1P,L
AB51E9,N8287J,,,,
AB54E9,N8292A,C170,CESSNA 170,L1P,L
AB5CE9,N831JR,PA24,PIPER PA-24 Comanche,L1P,L
AB5EE9,N8313Y,PA30,PIPER PA-30 Twin Comanche,L2P,L
AB62E9,N83251,CH7A,BELLANCA 7 Champion,L1P,L
AB63E9,N833EF,SR20,CIRRUS SR-20,L1P,L
AB65E9,N8330T,C175,CESSNA 175 Skylark,L1P,L
AB66E9,N83374,PA18,PIPER PA-18 Super Cub,L1P,L
AB6AE9,N83497,PA18,PIPER PA-18 Super Cub,L1P,L
AB78E9,N8383X,P28A,PIPER PA-28-140/150/160/180,L1P,L
AB7DE9,N84EE,HIGH,JUST JA20 Highlander,L1P,L
AB83E9,N841DP,C195,CESSNA 195,L1P,L
AB88E9,N842ST,CRUZ,CSA PS-28 Cruiser,L1P,L
AB8EE9,N844CB,GLF4,GULFSTREAM 4,L2J,M
AB93E9,N845RF,RV7,VANS RV-7,L1P,L
AB94E9,N8451B,P32R,PIPER PA-32R-300/301/301T,L1P,L
AB9DE9,N848DN,B739,BOEING 737-900,L2J,M
AB9FE9,N8480,ZZZZ,,-0-,-
ABA3E9,N8492C,CRJ2,BOMBARDIER Regional Jet CRJ-200,L2J,M
ABAAE9,N85088,CH7A,BELLANCA 7 Champion,L1P,L
ABADE9,N85130,CH7A,BELLANCA 7 Champion,L1P,L
ABB1E9,N85253,CH7A,BELLANCA 7 Champion,L1P,L
ABB5E9,N85376,E75L,EMBRAER ERJ-170-200 (long wing),L2J,M
ABB6E9,N854HF,HUCO,BELL AH-1 HueyCobra,H1T,L
ABB8E9,N8542Y,PA30,PIPER PA-30 Twin Comanche,L2P,L
ABB9E9,N85499,CH7A,BELLANCA 7 Champion,L1P,L
ABBEE9,N856PB,RV10,VANS RV-10,L1P,L
ABC0E9,N85664,CH7A,BELLANCA 7 Champion,L1P,L
ABC1E9,N857FU,J3,PIPER J-3 Cub,L1P,L
ABC2E9,N857S,P28A,PIPER PA-28-140/150/160/180,L1P,L
ABC7E9,N8583Z,B738,BOEING 737-800,L2J,M
ABD1E9,N8605L,PA25,PIPER PA-25 Pawnee,L1P,L
ABD4E9,N8610C,PA22,PIPER PA-22,L1P,L
ABD5E9,N8617P,PA24,PIPER PA-24 Comanche,L1P,L
ABDCE9,N8634J,C150,CESSNA 150,L1P,L
ABDDE9,N864CD,SR20,CIRRUS SR-20,L1P,L
ABE0E9,N8646M,BE35,BEECH 35 Starfire Bonanza,L1P,L
ABE1E9,2613,B412,BELL 412,H2T,L
ABE4E9,N8658Q,BE35,BEECH 35 Starfire Bonanza,L1P,L
ABE7E9,N8663G,C150,CESSNA 150,L1P,L
ABEBE9,N8675K,C340,CESSNA 340 Super,L2P,L
ABEEE9,N8680B,C172,CESSNA 172 Skyhawk,L1P,L
ABEFE9,N8687N,PA32,PIPER PA-32,L1P,L
ABF3E9,N8699R,SA3,STITS SA-3 Playboy,L1P,L
ABF5E9,N87VS,SF50,CIRRUS SF-50 Vision,L1J,L
ABF7E9,N870SC,BE9L,BEECH 90 King Air,L2T,L
ABF8E9,N8701Z,CH70,ZENAIR CH-701 Stol,L1P,L
AC04E9,N87378,ERCO,AIR PRODUCTS F-1 Aircoupe,L1P,L
AC11E9,N877SB,GLF5,GULFSTREAM 5,L2J,M
AC12E9,N8771Y,PA30,PIPER PA-30 Twin Comanche,L2P,L
AC13E9,N87789,J3,PIPER J-3 Cub,L1P,L
AC16E9,N87831,J3,PIPER J-3 Cub,L1P,L
AC1AE9,N87954,J3,PIPER J-3 Cub,L1P,L
AC1BE9,N88EJ,E55P,EMBRAER EMB-505 Phenom 300,L2J,M
AC1EE9,N880MA,HUSK,CHRISTEN Husky,L1P,L
AC21E9,N881DT,P32R,PIPER PA-32R-300/301/301T,L1P,L
AC24E9,N8817R,B14A,BELLANCA 14,L1P,L
AC29E9,N883KP,PARA,,P0-,-
AC2BE9,N8834L,B38M,BOEING 737 MAX 8,L2J,M
AC2FE9,N8846P,PA24,PIPER PA-24 Comanche,L1P,L
AC30E9,N885FD,B77L,BOEING 777-200LR,L2J,H
AC33E9,N8858S,C150,CESSNA 150,L1P,L
AC35E9,N886UH,DFLY,VIKING Dragonfly,L1P,L
AC3AE9,N8875M,BE23,BEECH 23 Sundowner,L1P,L
AC3BE9,N888DS,LJ45,LEARJET 45,L2J,M
AC40E9,N889SW,C25A,CESSNA 525A Citation CJ2,L2J,L
AC41E9,N8892G,C150,CESSNA 150,L1P,L
AC47E9,N89011,C140,CESSNA 140,L1P,L
AC4BE9,N89134,C140,CESSNA 140,L1P,L
AC4FE9,N89257,C140,CESSNA 140,L1P,L
AC57E9,N895AB,BALL,,B0-,-
AC5AE9,N89545,C140,CESSNA 140,L1P,L
AC5BE9,N896D,S108,STINSON 108 Voyager,L1P,L
AC62E9,N8979A,ULAC,,L0-,-
AC63E9,N898JW,RV8,VANS RV-8,L1P,L
AC64E9,N898VB,CRUZ,CSA PS-28 Cruiser,L1P,L
AC65E9,N89833,C120,CESSNA 120,L1P,L
AC6AE9,N9EL,PA31,PIPER PA-31-300/310/325/350/425,L2P,L
AC6DE9,N90MC,F2TH,DASSAULT Falcon 2000,L2J,M
AC6FE9,N900HP,C206,CESSNA  206 Stationair,L1P,L
AC70E9,N900TV,C56X,CESSNA 560XL Citation XLS,L2J,M
AC73E9,N901LM,BE20,BEECH 200 Super King Air,L2T,M
AC7BE9,N903SH,EC45,AIRBUS HELICOPTERS EC-145,H2T,L
AC7DE9,N9039E,M5,MAULE M-5,L1P,L
AC80E9,N90437,AR11,AERONCA 11 Chief,L1P,L
AC84E9,N9056,GLEX,BOMBARDIER BD-700 Global 6000/6500,L2J,M
AC87E9,N90602,ME09,MESSERSCHMITT Bf-109,L1P,L
AC8BE9,N90725,C310,CESSNA 310,L2P,L
AC8CE9,N908AE,E145,EMBRAER ERJ-145,L2J,M
AC95E9,N91SG,FOX,KITFOX,L1P,L
AC96E9,N910CM,,,,
AC9AE9,N911FK,S76,SIKORSKY S-76 Spirit,H2T,L
AC9BE9,N911RR,S76,SIKORSKY S-76 Spirit,H2T,L
AC9CE9,N9111M,T206,CESSNA T206 Turbo Stationair,L1P,L
AC9EE9,N912JH,VO10,NORTH AMERICAN ROCKWELL Commander 100,L1P,L
ACA1E9,N913B,M7,MAULE M-7,L1P,L
ACA7E9,N9140K,S108,STINSON 108 Voyager,L1P,L
ACA8E9,N9147W,P28B,PIPER PA-28-201T/235/236,L1P,L
ACA9E9,N915GW,RV7,VANS RV-7,L1P,L
ACAAE9,N915TB,GLF4,GULFSTREAM 4,L2J,M
ACABE9,N9152N,M20P,MOONEY M-20,L1P,L
ACB4E9,N918FJ,CRJ9,BOMBARDIER Regional Jet CRJ-900,L2J,M
ACB6E9,N9181L,CH7A,BELLANCA 7 Champion,L1P,L
ACB7E9,N9188X,GLID,,L0-,-
ACBAE9,N9193P,PA24,PIPER PA-24 Comanche,L1P,L
ACBBE9,N92AZ,RV8,VANS RV-8,L1P,L
ACBFE9,N920TX,C750,CESSNA 750 Citation 10,L2J,M
ACC6E9,N922PM,RS20,RANS S-20 Raven,L1P,L
ACC9E9,N923GD,DRON,,D0-,-
ACCAE9,N923SK,SR22,CIRRUS SR-22,L1P,L
ACCBE9,N92316,C182,CESSNA 182 Skylane,L1P,L
ACCFE9,N92439,J3,PIPER J-3 Cub,L1P,L
ACD1E9,N925N,PA18,PIPER PA-18 Super Cub,L1P,L
ACD3E9,N9256B,C175,CESSNA 175 Skylark,L1P,L
ACD4E9,N926ES,H500,HUGHES 500,H1T,L
ACD6E9,N92604,J3,PIPER J-3 Cub,L1P,L
ACD7E9,N9268E,AR11,AERONCA 11 Chief,L1P,L
ACDEE9,N9285,EN28,ENSTROM F-28,H1P,L
ACDFE9,N929DE,SR22,CIRRUS SR-22,L1P,L
ACE2E9,N9297C,PA32,PIPER PA-32,L1P,L
ACE4E9,N93SJ,SF50,CIRRUS SF-50 Vision,L1J,L
ACE5E9,N930CP,C82T,CESSNA TR182 Turbo Skylane RG,L1P,L
ACEBE9,N9311P,T206,CESSNA T206 Turbo Stationair,L1P,L
ACF6E9,N9340M,M20P,MOONEY M-20,L1P,L
ACF7E9,N9347Y,BE35,BEECH 35 Starfire Bonanza,L1P,L
ACFAE9,N9352Q,BE33,BEECH 33 Bonanza,L1P,L
ACFBE9,N93591,BL17,BELLANCA 17 Viking,L1P,L
AD07E9,N939JJ,FOX,KITFOX,L1P,L
AD0AE9,N94BA,BE9L,BEECH 90 King Air,L2T,L
AD0DE9,N940HT,TBM7,SOCATA TBM-700A/B/C,L1T,L
AD0FE9,N9403,DH94,DE HAVILLAND DH-94 Moth Minor,L1P,L
AD13E9,N9415C,C303,CESSNA T303 Crusader,L2P,L
AD14E9,N942DH,HIGH,JUST JA20 Highlander,L1P,L
AD22E9,N9456D,C72R,CESSNA 172R Cutlass RG,L1P,L
AD25E9,N94606,ERCO,AIR PRODUCTS F-1 Aircoupe,L1P,L
AD2DE9,N9485B,C175,CESSNA 175 Skylark,L1P,L
AD31E9,N9497E,C82R,CESSNA R182 Skylane RG,L1P,L
AD32E9,N95GE,PC12,PILATUS PC-12,L1T,L
AD33E9,N95SL,BE55,BEECH 55 Baron,L2P,L
AD39E9,N951RV,RV9,VANS RV-9,L1P,L
AD3AE9,N9511R,T206,CESSNA T206 Turbo Stationair,L1P,L
AD3BE9,N95182,TAYB,TAYLORCRAFT BC/BF/BL,L1P,L
AD3EE9,N9523U,AA1,AMERICAN AA-1,L1P,L
AD42E9,N9535X,C210,CESSNA 201 Centurion,L1P,L
AD45E9,N9540P,PA25,PIPER PA-25 Pawnee,L1P,L
AD49E9,N9552S,CH7B,BELLANCA 7 Citabria,L1P,L
AD58E9,N9593T,C210,CESSNA 201 Centurion,L1P,L
AD59E9,N96BC,EAGL,CHRISTEN Eagle,L1P,L
AD60E9,N961LT,C172,CESSNA 172 Skyhawk,L1P,L
AD62E9,N9615E,AR11,AERONCA 11 Chief,L1P,L
AD66E9,N9627H,C172,CESSNA 172 Skyhawk,L1P,L
AD68E9,N963SP,C172,CESSNA 172 Skyhawk,L1P,L
AD69E9,N9632,G164,GRUMMAN G-164 Ag-Cat,L1P,L
AD6DE9,N9644C,VO10,NORTH AMERICAN ROCKWELL Commander 100,L1P,L
AD74E9,N96608,TAYB,TAYLORCRAFT BC/BF/BL,L1P,L
AD75E9,N9668J,P28A,PIPER PA-28-140/150/160/180,L1P,L
AD78E9,N9673A,C140,CESSNA 140,L1P,L
AD7CE9,N9685D,PA22,PIPER PA-22,L1P,L
AD7DE9,N969DJ,,,,
AD81E9,N97GG,PC7,PILATUS PC-7 Astra,L1T,L
AD83E9,N970CT,FDCT,FLIGHT DESIGN CT,L1P,L
AD94E9,N9740R,BE35,BEECH 35 Starfire Bonanza,L1P,L
AD98E9,N9752U,AA5,AMERICAN AA-5 Tiger,L1P,L
AD99E9,N97595,S108,STINSON 108 Voyager,L1P,L
AD9AE9,N976L,DA40,DIAMOND DA-40 Club Star,L1P,L
AD9DE9,N977CS,T206,CESSNA T206 Turbo Stationair,L1P,L
ADA0E9,N97760,S108,STINSON 108 Voyager,L1P,L
ADA4E9,N97883,C172,CESSNA 172 Skyhawk,L1P,L
ADA8E9,N98BE,RV6,VANS RV-6,L1P,L
ADA9E9,N98ML,C82T,CESSNA TR182 Turbo Skylane RG,L1P,L
ADAAE9,N98XS,C650,CESSNA 650 Citation,L2J,M
ADADE9,N9803D,PA22,PIPER PA-22,L1P,L
ADB1E9,N9815G,C172,CESSNA 172 Skyhawk,L1P,L
ADB7E9,N983SR,P32R,PIPER PA-32R-300/301/301T,L1P,L
ADB8E9,N9832B,B14A,BELLANCA 14,L1P,L
ADBCE9,N9844E,C82R,CESSNA R182 Skylane RG,L1P,L
ADBDE9,N985C,P46T,PIPER PA-46-500TP,L1T,L
ADC0E9,N9856H,ST75,STEARMAN Kaydet,L1P,L
ADC3E9,N9861,VJ22,VOLMER Sportsman,A1P,L
ADC5E9,N987HW,DRON,,D0-,-
ADCAE9,N988X,TRDO,TITAN Tornado SS,L1P,L
ADCBE9,N9885F,C82S,CESSNA T182 Turbo Skylane,L1P,L
ADCCE9,N989DL,MD88,MCDONNELL-DOUGLAS MD-88,L2J,M
ADCDE9,N989PS,SR22,CIRRUS SR-22,L1P,L
ADD1E9,N99SQ,M7,MAULE M-7,L1P,L
ADD8E9,N9911V,C180,CESSNA  180 Skywagon,L1P,L
ADD9E9,N99186,ERCO,AIR PRODUCTS F-1 Aircoupe,L1P,L
ADDCE9,N9923Y,T210,CESSNA T210 Turbo Centurion,L1P,L
ADE8E9,N99597,ERCO,AIR PRODUCTS F-1 Aircoupe,L1P,L
ADE9E9,N996LB,,,,
ADEBE9,N9964Z,CORS,CHANCE VOUGHT F4U Corsair,L1P,M
ADEDE9,N997P,,,,
ADEFE9,N99762,ERCO,AIR PRODUCTS F-1 Aircoupe,L1P,L
ADF2E9,N9981U,AA5,AMERICAN AA-5 Tiger,L1P,L
ADF3E9,N99885,C172,CESSNA 172 Skyhawk,L1P,L
ADF4E9,N999JQ,A321,AIRBUS A-321,L2J,M
ADFCE9,94-0138,BE40,BEECH 400 Beechjet,L2J,M
ADFFE9,67-14924,T38,NORTHROP T-38 Talon,L2J,L
AE00E9,66-8358,T38,NORTHROP T-38 Talon,L2J,L
AE01E9,97-3017,TEX2,BEECHCRAFT T-6 Texan 2,L1T,L
AE03E9,165161,C130,LOCKHEED C-130 Hercules,L4T,M
AE04E9,61-0272,K35R,BOEING KC-135R/T Stratotanker,L4J,H
AE06E9,163844,BE20,BEECH 200 Super King Air,L2T,M
AE07E9,95-0106,C17,BOEING C-17 Globemaster 3,L4J,H
AE08E9,76-0168,BE20,BEECH 200 Super King Air,L2T,M
AE0DE9,95-26625,H60,SIKORSKY UH-60 Black Hawk,H2T,M
AE10E9,2003,C30J,LOCKHEED MARTIN C-130J Super Hercules,L4T,M
AE11E9,79-0003,E3TF,BOEING E-3 Sentry (TF33),L4J,H
AE16E9,90-0833,F16,GENERAL DYNAMICS F-16 Fighting Falcon,L1J,M
AE17E9,04-08701,H47,BOEING-VERTOL CH-47 Chinook,H2T,M
AE18E9,79-0091,A10,FAIRCHILD A-10 Thunderbolt II,L2J,M
AE1FE9,12-72218,EC45,AIRBUS HELICOPTERS EC-145,H2T,L
AE21E9,02-26956,H60,SIKORSKY UH-60 Black Hawk,H2T,M
AE24E9,165814,E2,NORTHROP GRUMMAN E-2 Hawkeye,L2T,M
AE2BE9,166566,H60,SIKORSKY UH-60 Black Hawk,H2T,M
AE2EE9,166108,TEX2,BEECHCRAFT T-6 Texan 2,L1T,L
AE47E9,07-20044,H60,SIKORSKY UH-60 Black Hawk,H2T,M
AE49E9,168385,F18S,BOEING FA-18 SUPER HORNET,L2J,M
AE4EE9,08-0041,V22,BELL-BOEING V-22 Osprey,R2T,M
AE4FE9,168153,H60,SIKORSKY UH-60 Black Hawk,H2T,M
AE50E9,10-20318,H60,SIKORSKY UH-60 Black Hawk,H2T,M
AE51E9,11-20407,H60,SIKORSKY UH-60 Black Hawk,H2T,M
AE52E9,11-08845,H47,BOEING-VERTOL CH-47 Chinook,H2T,M
AE54E9,166215,TEX2,BEECHCRAFT T-6 Texan 2,L1T,L
AE56E9,12-1003,F15,MCDONNELL-DOUGLAS F-15 Eagle,L2J,M
AE58E9,166244,TEX2,BEECHCRAFT T-6 Texan 2,L1T,L
AE59E9,15-08188,H47,BOEING-VERTOL CH-47 Chinook,H2T,M
AE5AE9,15-20775,H60,SIKORSKY UH-60 Black Hawk,H2T,M
AE5EE9,162671,B06,BELL 206 JetRanger,H1T,L
AE60E9,160472,T34T,BEECH T-34C Turbo Mentor,L1T,L
AE63E9,63-8133,T38,NORTHROP T-38 Talon,L2J,L
C000E9,C-FAIY,DHC6,DE HAVILLAND DHC-6 Twin Otter,L2T,L
C001E9,C-FASU,B06,BELL 206 JetRanger,H1T,L
C002E9,C-FBCQ,DV20,DIAMOND DA-20,L1P,L
C004E9,C-FBWI,B738,BOEING 737-800,L2J,M
C005E9,C-FCGE,DH8A,DE HAVILLAND DHC-8-100 Dash 8,L2T,M
C006E9,C-FCQA,HUSK,CHRISTEN Husky,L1P,L
C007E9,C-FCZW,C177,CESSNA  177 Cardinal,L1P,L
C008E9,C-FDJS,DHC1,DE HAVILLAND DHC-1 Chipmunk,L1P,L
C00AE9,C-FEDK,C180,CESSNA  180 Skywagon,L1P,L
C00BE9,C-FENG,ST75,STEARMAN Kaydet,L1P,L
C00CE9,C-FEXC,DFLY,VIKING Dragonfly,L1P,L
C00DE9,C-FFGY,NAVI,NORTH AMERICAN Navion,L1P,L
C00EE9,C-FFQU,S108,STINSON 108 Voyager,L1P,L
C00FE9,C-FGAQ,BN2P,BRITTEN-NORMAN BN-2 Islander,L2P,L
C010E9,C-FGKM,BIPL,EAA Biplane,L1P,L
C011E9,C-FGUI,TAYA,TAYLORCRAFT A,L1P,L
C012E9,C-FHEE,BDOG,BRITISH AEROSPACE SA-3 Bulldog,L1P,L
C013E9,C-FHOA,SONX,SONEX AIRCRAFT Sonex,L1P,L
C015E9,C-FIHS,P28A,PIPER PA-28-140/150/160/180,L1P,L
C016E9,C-FIRO,C180,CESSNA  180 Skywagon,L1P,L
C017E9,C-FJBK,C310,CESSNA 310,L2P,L
C018E9,C-FJLG,HUSK,CHRISTEN Husky,L1P,L
C019E9,C-FJVC,S108,STINSON 108 Voyager,L1P,L
C01AE9,C-FKEY,C208,CESSNA 208 Caravan,L1T,L
C01CE9,C-FKYQ,CH7B,BELLANCA 7 Citabria,L1P,L
C01DE9,C-FLIM,FA62,FAIRCHILD M-26 Cornell,L1P,L
C01EE9,C-FLSI,AT8T,AIR TRACTOR AT-802,L1T,M
C01FE9,C-FMCE,ULAC,,L0-,-
C020E9,C-FMMA,SS2P,ROCKWELL Thrush Commander,L1P,L
C021E9,C-FMVW,TAYA,TAYLORCRAFT A,L1P,L
C022E9,C-FNFS,C25B,CESSNA 525B Citation CJ3,L2J,L
C023E9,C-FNPO,C180,CESSNA  180 Skywagon,L1P,L
C024E9,C-FNZK,,,,
C026E9,C-FOTC,CH70,ZENAIR CH-701 Stol,L1P,L
C029E9,C-FPWQ,COY2,RANS Coyote 2,L1P,L
C02AE9,C-FQGM,SE5R,REPLICA PLANS SE-5A Replica,L1P,L
C02EE9,C-FRTW,B789,BOEING 787-9 Dreamliner,L2J,H
C02FE9,C-FSDS,C750,CESSNA 750 Citation 10,L2J,M
C033E9,C-FTRC,TAYB,TAYLORCRAFT BC/BF/BL,L1P,L
C035E9,C-FUKU,P28A,PIPER PA-28-140/150/160/180,L1P,L
C037E9,C-FVEM,J3,PIPER J-3 Cub,L1P,L
C038E9,C-FVOI,,,,
C03AE9,C-FWIA,ULAC,,L0-,-
C03BE9,C-FWRW,,,,
C03CE9,C-FXBS,,,,
C03EE9,C-FXVK,P28A,PIPER PA-28-140/150/160/180,L1P,L
C041E9,C-FYYY,M20P,MOONEY M-20,L1P,L
C043E9,C-FZSQ,ZZZZ,,-0-,-
C044E9,C-GACM,LAMA,AEROSPATIALE SA-315 Lama,H1T,L
C045E9,C-GAMI,SW4,SWEARINGEN Metro,L2T,M
C046E9,C-GAWE,C150,CESSNA 150,L1P,L
C047E9,C-GBGA,C182,CESSNA 182 Skylane,L1P,L
C049E9,C-GBZS,B738,BOEING 737-800,L2J,M
C04AE9,C-GCJO,C150,CESSNA 150,L1P,L
C04BE9,C-GCTK,,,,
C04CE9,C-GDDG,PA38,PIPER PA-38 Tomahawk,L1P,L
C04DE9,C-GDNC,PA44,PIPER PA-44 Seminole,L2P,L
C04EE9,C-GDWY,C152,CESSNA 152,L1P,L
C04FE9,C-GEGU,AA5,AMERICAN AA-5 Tiger,L1P,L
C050E9,C-GEQQ,RV9,VANS RV-9,L1P,L
C051E9,C-GFAM,B505,BELL 505 JetRanger X,H1T,L
C052E9,C-GFKI,GYRO,,G0-,-
C054E9,C-GGEA,GLID,,L0-,-
C055E9,C-GGNW,DH8D,DE HAVILLAND DHC-8-400 Dash 8,L2T,M
C056E9,C-GGXS,DHC7,DE HAVILLAND DHC-7 Dash 7,L4T,M
C058E9,C-GHRK,BN2P,BRITTEN-NORMAN BN-2 Islander,L2P,L
C059E9,C-GIBG,AT3T,AIR TRACTOR AT-302/402,L1T,L
C05AE9,C-GILC,C172,CESSNA 172 Skyhawk,L1P,L
C05BE9,C-GIUY,,,,
C05CE9,C-GJEU,R44,ROBINSON R-44 Raven,H1P,L
C05EE9,C-GJYM,C182,CESSNA 182 Skylane,L1P,L
C05FE9,C-GKII,CLON,AUTOGYRO Cavalon,G1P,L
C060E9,C-GKSE,ZZZZ,,-0-,-
C061E9,C-GLCA,B763,BOEING 767-300,L2J,H
C062E9,C-GLLW,FOX,KITFOX,L1P,L
C063E9,C-GLVS,CH60,ZENAIR CH-600 Zodiac,L1P,L
C064E9,C-GMFO,PA14,PIPER PA-14 Family Cruiser,L1P,L
C065E9,C-GMPK,AS50,AEROSPATIALE AS-350 Ecureuil,H1T,L
C066E9,C-GMZG,BOLT,STEEN Skybolt,L1P,L
C067E9,C-GNJC,C172,CESSNA 172 Skyhawk,L1P,L
C068E9,C-GNSY,,,,
C06AE9,C-GOMQ,C150,CESSNA 150,L1P,L
C06BE9,C-GOWM,PA23,PIPER PA-23,L2P,L
C06DE9,C-GPQE,P28B,PIPER PA-28-201T/235/236,L1P,L
C06EE9,C-GQAA,,,,
C06FE9,C-GQJW,P28A,PIPER PA-28-140/150/160/180,L1P,L
C072E9,C-GRNK,,,,
C073E9,C-GRXG,PA22,PIPER PA-22,L1P,L
C074E9,C-GSHC,B212,BELL 212,H2T,L
C076E9,C-GTAU,C170,CESSNA 170,L1P,L
C078E9,C-GTUM,C177,CESSNA  177 Cardinal,L1P,L
C07BE9,C-GUYA,B429,BELL 429 GlobalRanger,H2T,L
C07CE9,C-GVHW,,,,
C07DE9,C-GVRS,,,,
C07EE9,C-GWBO,R44,ROBINSON R-44 Raven,H1P,L
C07FE9,C-GWLK,B38M,BOEING 737 MAX 8,L2J,M
C080E9,C-GWVG,,,,
C081E9,C-GXFC,L188,LOCKHEED L-188 Electra,L4T,M
C082E9,C-GXOY,BE55,BEECH 55 Baron,L2P,L
C084E9,C-GYIQ,M5,MAULE M-5,L1P,L
C085E9,C-GYSM,AVID,AVID Flyer,L1P,L
C087E9,C-GZME,GC1,GLOBE Swift,L1P,L
C088E9,C-GZWA,C152,CESSNA 152,L1P,L
C08AE9,C-IAPS,ULAC,,L0-,-
C091E9,C-IDGQ,ULAC,,L0-,-
C092E9,C-IDQM,PARA,,P0-,-
C093E9,C-IEAI,ULAC,,L0-,-
C094E9,C-IEKE,,,,
C095E9,C-IEUA,PARA,,P0-,-
C097E9,C-IFNS,ULAC,,L0-,-
C098E9,C-IFXO,,,,
C099E9,C-IGHK,ULAC,,L0-,-
C09AE9,C-IGRG,PARA,,P0-,-
C09BE9,C-IHBC,RENE,Renegade,L1P,L
C09DE9,C-IHUU,PARA,,P0-,-
C09EE9,C-IIEQ,PARA,,P0-,-
C09FE9,C-IIOM,PARA,,P0-,-
C0A0E9,C-IIYI,ULAC,,L0-,-
C0A2E9,C-IJSA,ULAC,,L0-,-
C0A4E9,C-IKLS,,,,
C0A5E9,C-IKVO,PARA,,P0-,-
C0A6E9,C-ILFK,ULAC,,L0-,-
C1E4E9,SERV,SERV,,V0-,-
C1E9E9,SERV,SERV,,V0-,-
C800E9,ZK-BNH,PA18,PIPER PA-18 Super Cub,L1P,L
C801E9,ZK-CPM,CH7B,BELLANCA 7 Citabria,L1P,L
C803E9,ZK-EGK,FU24,FLETCHER FU-24,L1P,L
C804E9,ZK-EWF,C172,CESSNA 172 Skyhawk,L1P,L
C809E9,ZK-BLA,PA22,PIPER PA-22,L1P,L
C810E9,ZK-IFO,BK17,EUROCOPTER BK117 C-1/2,H2T,L
C814E9,ZK-RMU,GA20,GIPPSLAND GA-200 Fatman,L1P,L
C818E9,ZK-AFT,C182,CESSNA 182 Skylane,L1P,L
C819E9,ZK-TZI,HR20,ROBIN HR-200,L1P,L
C81AE9,ZK-EEE,ULAC,,L0-,-
C81BE9,ZK-IFT,MD52,MCDONNELL-DOUGLAS MD-520N,H1T,L
C81CE9,ZK-MTL,DA40,DIAMOND DA-40 Club Star,L1P,L
C81DE9,ZK-TNG,ULAC,,L0-,-
C821E9,ZK-HSR,CH7,HELI-SPORT CH-7 Kompress,H1P,L
C822E9,ZK-PAK,B734,BOEING 737-400,L2J,M
C823E9,ZK-KTH,GYRO,,G0-,-
C824E9,ZK-SVR,ZZZZ,,-0-,-
C827E9,ZK-NNE,A21N,AIRBUS A-321neo,L2J,M
C828E9,ZK-LJO,P28A,PIPER PA-28-140/150/160/180,L1P,L
E400E9,5928,E314,EMBRAER EMB-314 Super Tucano,L1T,L
E47DE9,PT-XMM,C525,CESSNA 525 CitationJet,L2J,L
E482E9,PR-SJF,PA34,PIPER PA-34 Seneca,L2P,L
E485E9,2738,C208,CESSNA 208 Caravan,L1T,L
E489E9,PR-FOL,BE40,BEECH 400 Beechjet,L2J,M
E48AE9,PR-DIS,BE40,BEECH 400 Beechjet,L2J,M
E48BE9,PP-IMP,C510,CESSNA 510 Citation Mustang,L2J,L
E48EE9,PR-GRO,SR22,CIRRUS SR-22,L1P,L
E48FE9,PP-ARX,SR22,CIRRUS SR-22,L1P,L
E490E9,PP-CFO,A109,AGUSTA AW-109 Grand,H2T,L
E491E9,PR-IGV,A109,AGUSTA AW-109 Grand,H2T,L
E495E9,PR-GNI,C208,CESSNA 208 Caravan,L1T,L
E497E9,PP-MSV,A109,AGUSTA AW-109 Grand,H2T,L
E498E9,PR-PDY,AT75,ATR-72-500,L2T,M
E49AE9,PR-XYT,AT76,ATR-72-600,L2T,M
E808E9,CC-PME,BE35,BEECH 35 Starfire Bonanza,L1P,L
E880E9,FAP0252,C208,CESSNA 208 Caravan,L1T,L
