008CEB,ZS-EWO,C182,CESSNA 182 Skylane,L1P,L
00A7EB,ZS-PCK,C172,CESSNA 172 Skyhawk,L1P,L
00AFEB,ZS-SDE,A359,AIRBUS A-350-900,L2J,H
00B0EB,ZS-SNA,A346,AIRBUS A-340-600,L4J,H
00DDEB,ZU-JOC,RV10,VANS RV-10,L1P,L
0100EB,SU-KHM,B735,BOEING 737-500,L2J,M
0101EB,SU-GFC,BCS3,AIRBUS A220-300,L2J,M
0200EB,CN-RGF,B738,BOEING 737-800,L2J,M
04C0EB,5Y-BXI,DH8A,DE HAVILLAND DHC-8-100 Dash 8,L2T,M
0641EB,5N-BUL,B733,BOEING 737-300,L2J,M
0642EB,5N-MBD,B734,BOEING 737-400,L2J,M
06A0EB,A7-AML,A359,AIRBUS A-350-900,L2J,H
06A1EB,A7-BFN,B77L,BOEING 777-200LR,L2J,H
06A2EB,A7-BHH,B789,BOEING 787-9 Dreamliner,L2J,H
0AC0EB,HK-4645,BE40,BEECH 400 Beechjet,L2J,M
0AC3EB,FAC5066,C208,CESSNA 208 Caravan,L1T,L
0AC9EB,FAC0008,A139,AGUSTA AW-139,H2T,L
0C20EB,HP-1186,PA31,PIPER PA-31-300/310/325/350/425,L2P,L
0D05EB,XA-CHC,CL30,BOMBARDIER BD-100 Challenger 300,L2J,M
0D07EB,XB-NSP,S22T,CIRRUS SR-22T Turbo,L1P,L
0D08EB,XA-VLH,A321,AIRBUS A-321,L2J,M
0D09EB,XA-HHF,F2TH,DASSAULT Falcon 2000,L2J,M
0D0AEB,XA-TIG,DC91,MCDONNELL DOUGLAS DC-9-10,L2J,M
0D0BEB,XA-USB,SW4,SWEARINGEN Metro,L2T,M
0D0CEB,XB-FJM,P32R,PIPER PA-32R-300/301/301T,L1P,L
0D0DEB,XA-VEX,CL60,BOMBARDIER CL-600 Challenger,L2J,M
0D83EB,YV1397,PAY2,PIPER PA-31T2-620 Cheyenne 2,L2T,L
1059EB,GND,GND,,V0-,-
1130EB,GND,GND,,V0-,-
140AEB,RA-02795,E35L,EMBRAER EMB-135 Legacy,L2J,M
140FEB,RA-04075,EC35,AIRBUS HELICOPTERS EC-135/635,H2T,L
142DEB,RA-11755,,,,
1506EB,RA-67307,C500,CESSNA 500 Citation 1,L2J,L
151DEB,RA-73195,A320,AIRBUS A-320,L2J,M
151EEB,RA-73451,A20N,AIRBUS A-320neo,L2J,M
151FEB,RA-73707,A321,AIRBUS A-321,L2J,M
1526EB,RF-75499,IL18,ILYUSHIN Il-18,L4T,M
152BEB,RF-76779,,,,
155BEB,RA-89067,SU95,SUKHOI Superjet 100-95,L2J,M
1F7AEB,RA-97003,SU95,SUKHOI Superjet 100-95,L2J,M
3006EB,I-GARC,C152,CESSNA 152,L1P,L
3008EB,I-MLML,S22T,CIRRUS SR-22T Turbo,L1P,L
31D8EB,I-B329,PNR3,ALPI Pioneer 330,L1P,L
31DBEB,I-A342,SYNC,FLY SYNTHESIS Syncro,L1P,L
31DDEB,I-D213,TL20,TL ULTRALIGHT TL-2000 Sting,L1P,L
31DEEB,I-9381,FB5,EURO-FLY FB-5 Star Light,L1P,L
33FCEB,MM62332,GLF5,GULFSTREAM 5,L2J,M
33FFEB,MM62185,C30J,LOCKHEED MARTIN C-130J Super Hercules,L4T,M
3851EB,F-BUPL,DR40,ROBIN DR-400,L1P,L
385CEB,F-BXHL,CP10,CAP AVIATION CAP-10,L1P,L
3904EB,F-GBHL,TOBA,SOCATA Tobago,L1P,L
3905EB,F-GBPL,M20T,MOONEY M-20T,L1P,L
3918EB,F-GGHL,DR40,ROBIN DR-400,L1P,L
3919EB,F-GGPL,M20P,MOONEY M-20,L1P,L
392AEB,F-GKXL,A320,AIRBUS A-320,L2J,M
392CEB,F-GLHL,B47J,BELL 47J,H1P,L
392EEB,F-GLXL,LAMA,AEROSPATIALE SA-315 Lama,H1T,L
393AEB,F-GXOL,DR40,ROBIN DR-400,L1P,L
393CEB,F-GPHL,DR40,ROBIN DR-400,L1P,L
3944EB,F-GRHL,A319,AIRBUS A-319,L2J,M
3945EB,F-GRPL,BALL,,B0-,-
3946EB,F-GRXL,A319,AIRBUS A-319,L2J,M
3949EB,F-GSPL,B772,BOEING 777-200,L2J,H
394DEB,F-GTPL,DR40,ROBIN DR-400,L1P,L
3951EB,F-GUPL,DA40,DIAMOND DA-40 Club Star,L1P,L
3952EB,F-GUXL,DR40,ROBIN DR-400,L1P,L
395EEB,F-GXXL,B06,BELL 206 JetRanger,H1T,L
3961EB,F-GYPL,DA42,DIAMOND DA-42 Guardian,L2P,L
3964EB,F-GZHL,B738,BOEING 737-800,L2J,M
3965EB,F-GZPL,A210,AQUILA A-210,L1P,L
3981EB,F-HAPL,AT75,ATR-72-500,L2T,M
3985EB,F-HBPL,BALL,,B0-,-
3986EB,F-HBXL,E170,EMBRAER ERJ-170-100,L2J,M
3988EB,F-HCHL,EC35,AIRBUS HELICOPTERS EC-135/635,H2T,L
3989EB,F-HCPL,DR40,ROBIN DR-400,L1P,L
398DEB,F-HDPL,WT9,AEROSPOOL WT-9 Dynamic,L1P,L
3990EB,F-HEHL,BE35,BEECH 35 Starfire Bonanza,L1P,L
3991EB,F-HEPL,C172,CESSNA 172 Skyhawk,L1P,L
3999EB,F-HGPL,P28U,PIPER PA-28RT-201T Turbo,L1P,L
39B0EB,F-HMHL,BALL,,B0-,-
39B2EB,F-HMXL,C550,CESSNA 550 Citation S2,L2J,L
39BDEB,F-HPPL,EVSS,EVEKTOR SportStar,L1P,L
39C5EB,F-HRPL,AS50,AEROSPATIALE AS-350 Ecureuil,H1T,L
39D5EB,F-HVPL,EC20,AIRBUS HELICOPTERS EC-120,H1T,L
39DDEB,F-HXPL,CH7B,BELLANCA 7 Citabria,L1P,L
3AAAEB,F-MCGH,AS32,AEROSPATIALE AS-332 Super Puma,H2T,M
3AABEB,891,PC6T,PILATUS PC-6 Turbo-Porter,L1T,L
3B77EB,147,TBM7,SOCATA TBM-700A/B/C,L1T,L
3C1AEB,D-AZFA,E190,EMBRAER ERJ-190-100,L2J,M
3C1CEB,D-AZYS,A21N,AIRBUS A-321neo,L2J,M
3C48EB,D-ABGK,A319,AIRBUS A-319,L2J,M
3C49EB,D-ABOK,B753,BOEING 757-300,L2J,M
3C56EB,D-AEWK,A320,AIRBUS A-320,L2J,M
3C5EEB,D-AGWK,A319,AIRBUS A-319,L2J,M
3C66EB,D-AIWK,A320,AIRBUS A-320,L2J,M
3CBDEB,D-BOOK,F2TH,DASSAULT Falcon 2000,L2J,M
3CC2EB,D-CBCT,C25C,CESSNA 525C Citation CJ4,L2J,M
3CE7EB,D-CPDB,AN28,ANTONOV An-28,L2T,L
3D04EB,D-EACP,WA40,WASSMER WA-40 Super 4,L1P,L
3D05EB,D-EAML,T206,CESSNA T206 Turbo Stationair,L1P,L
3D06EB,D-EAWH,DR40,ROBIN DR-400,L1P,L
3D07EB,D-EBGD,C150,CESSNA 150,L1P,L
3D08EB,D-EBPZ,DA40,DIAMOND DA-40 Club Star,L1P,L
3D09EB,D-EBZV,SR20,CIRRUS SR-20,L1P,L
3D0AEB,D-ECJR,RALL,SOCATA Rallye,L1P,L
3D0BEB,D-ECTN,DR30,CENTRE EST Prince,L1P,L
3D10EB,D-EEQT,C172,CESSNA 172 Skyhawk,L1P,L
3D11EB,D-EFAP,SR20,CIRRUS SR-20,L1P,L
3D12EB,D-EFKL,KL35,KLEMM Kl-35,L1P,L
3D17EB,D-EHHR,C182,CESSNA 182 Skylane,L1P,L
3D18EB,D-EHRN,C210,CESSNA 201 Centurion,L1P,L
3D19EB,D-EIBJ,DV20,DIAMOND DA-20,L1P,L
3D1AEB,D-EILF,P28A,PIPER PA-28-140/150/160/180,L1P,L
3D1BEB,D-EIVB,RALL,SOCATA Rallye,L1P,L
3D1CEB,D-EJEX,DO27,DORNIER Do-27,L1P,L
3D1DEB,D-EJOT,SR22,CIRRUS SR-22,L1P,L
3D1FEB,D-EKIL,RALL,SOCATA Rallye,L1P,L
3D20EB,D-EKSH,C172,CESSNA 172 Skyhawk,L1P,L
3D21EB,D-ELCD,PA38,PIPER PA-38 Tomahawk,L1P,L
3D22EB,D-ELLZ,C182,CESSNA 182 Skylane,L1P,L
3D24EB,D-EMFR,C172,CESSNA 172 Skyhawk,L1P,L
3D25EB,D-EMPN,P28U,PIPER PA-28RT-201T Turbo,L1P,L
3D28EB,D-ENTB,P28S,PIPER PA-28R-201T,L1P,L
3D29EB,D-EOCX,DR30,CENTRE EST Prince,L1P,L
3D2AEB,D-EOMT,C152,CESSNA 152,L1P,L
3D2CEB,D-EPGL,RV7,VANS RV-7,L1P,L
3D31EB,D-ERDR,DR40,ROBIN DR-400,L1P,L
3D34EB,D-ESHF,C172,CESSNA 172 Skyhawk,L1P,L
3D36EB,D-ETAX,M20P,MOONEY M-20,L1P,L
3D3CEB,D-EVHZ,G3,REMOS Mirage,L1P,L
3D3DEB,D-EVRV,RV7,VANS RV-7,L1P,L
3D3FEB,D-EWLN,RV9,VANS RV-9,L1P,L
3D9FEB,D-GGUT,P06T,TECNAM P-2006T,L2P,L
3DDBEB,D-HDNN,BK17,EUROCOPTER BK117 C-1/2,H2T,L
3DDDEB,D-HEHF,EC30,AIRBUS HELICOPTERS EC-130,H1T,L
3DDFEB,D-HFAX,AS50,AEROSPATIALE AS-350 Ecureuil,H1T,L
3DEDEB,D-HKIT,R44,ROBINSON R-44 Raven,H1P,L
3E4AEB,D-ITOL,C303,CESSNA T303 Crusader,L2P,L
3E60EB,D-KBXB,GLID,,L0-,-
3E66EB,D-KEED,VENT,SCHEMPP-HIRTH Ventus,L1P,L
3E6BEB,D-KGBJ,GLID,,L0-,-
3E72EB,D-KISH,VENT,SCHEMPP-HIRTH Ventus,L1P,L
3E7CEB,D-KMMT,GLID,,L0-,-
3E97EB,79+42,NH90,NHI NH-90,H2T,M
3EC8EB,D-KRAX,GLID,,L0-,-
3ECBEB,D-KSEL,DUOD,SCHEMPP-HIRTH Duo Discus,L1P,L
3ED0EB,D-KUBR,NIMB,SCHEMPP-HIRTH Nimbus,L1P,L
3ED3EB,D-KVFF,DISC,SCHEMPP-HIRTH Discus,L1P,L
3ED6EB,D-KWIT,SF25,SCHEIBE SF-25 Falke,L1P,L
3EE9EB,D-2388,GLID,,L0-,-
3EEFEB,D-3924,GLID,,L0-,-
3F01EB,D-8532,GLID,,L0-,-
3F03EB,D-9044,GLID,,L0-,-
3F34EB,D-OFYH,BALL,,B0-,-
3FE9EB,D-MSLI,FDCT,FLIGHT DESIGN CT,L1P,L
3FEAEB,D-MLSR,FDCT,FLIGHT DESIGN CT,L1P,L
3FEBEB,D-MYAL,ULAC,,L0-,-
3FECEB,D-MECS,FK9,B&F TECHNIK FK-9,L1P,L
3FEDEB,D-MRFA,FK9,B&F TECHNIK FK-9,L1P,L
3FEFEB,D-MRWK,C42,IKARUS C-42 Bison,L1P,L
3FF0EB,D-MTFW,BREZ,AEROSTYLE Breezer,L1P,L
3FF1EB,D-MLIO,CLON,AUTOGYRO Cavalon,G1P,L
3FF2EB,D-MSFP,PIAT,PIPISTREL Alpha Trainer,L1P,L
3FF6EB,D-MLRX,FA04,FLAEMING AIR FA-04,L1P,L
3FF9EB,D-MDDL,ULAC,,L0-,-
4006EB,G-GDFK,B733,BOEING 737-300,L2J,M
400AEB,G-DJJA,P28A,PIPER PA-28-140/150/160/180,L1P,L
400CEB,G-EUXI,A321,AIRBUS A-321,L2J,M
400DEB,G-OBSM,R44,ROBINSON R-44 Raven,H1P,L
400FEB,G-BUUR,ATP,BRITISH AEROSPACE ATP,L2T,M
4010EB,G-EZBW,A319,AIRBUS A-319,L2J,M
4011EB,G-AWBC,P28R,PIPER PA-28R-180/200/201,L1P,L
4016EB,G-AVJF,C172,CESSNA 172 Skyhawk,L1P,L
4018EB,G-AYRI,P28R,PIPER PA-28R-180/200/201,L1P,L
401AEB,G-BBMH,BIPL,EAA Biplane,L1P,L
401BEB,G-BDGH,BALL,,B0-,-
401CEB,G-BFGH,C337,CESSNA 337 Super Skymaster,L2P,L
401DEB,G-LFSC,P28A,PIPER PA-28-140/150/160/180,L1P,L
4025EB,G-MNBC,ULAC,,L0-,-
4026EB,G-BMPC,P28A,PIPER PA-28-140/150/160/180,L1P,L
4028EB,G-BNKC,C152,CESSNA 152,L1P,L
4029EB,G-MTPU,ULAC,,L0-,-
402BEB,G-OJWS,P28A,PIPER PA-28-140/150/160/180,L1P,L
402EEB,G-BRBW,P28A,PIPER PA-28-140/150/160/180,L1P,L
4030EB,G-BSBV,SAKO,RANS S-10 Sakota,L1P,L
4032EB,G-OOXP,PULS,Pulsar,L1P,L
4034EB,G-DHAH,CH7A,BELLANCA 7 Champion,L1P,L
4035EB,G-BUGZ,GLID,,L0-,-
4036EB,G-BURL,BALL,,B0-,-
403CEB,G-OTAN,PA18,PIPER PA-18 Super Cub,L1P,L
4040EB,G-MCJL,ULAC,,L0-,-
4042EB,G-ODAK,P28B,PIPER PA-28-201T/235/236,L1P,L
4043EB,G-BZKE,BALL,,B0-,-
4045EB,G-CBEL,FURY,HAWKER Fury,L1P,L
4046EB,G-RAFH,ULAC,,L0-,-
4047EB,G-CBUI,WASP,WESTLAND Wasp,H1T,L
404BEB,G-CCXN,SKRA,BEST OFF Sky Ranger,L1P,L
404CEB,G-CDDU,SKRA,BEST OFF Sky Ranger,L1P,L
404EEB,G-DIDY,ULAC,,L0-,-
4050EB,G-CEHC,ULAC,,L0-,-
4051EB,G-EWEW,GLID,,L0-,-
4052EB,G-ORVS,RV9,VANS RV-9,L1P,L
4053EB,G-CHOY,GLID,,L0-,-
4054EB,G-CHYY,NIMB,SCHEMPP-HIRTH Nimbus,L1P,L
4057EB,G-CHSE,GLID,,L0-,-
405AEB,G-CGDR,DISC,SCHEMPP-HIRTH Discus,L1P,L
405CEB,G-CFGJ,SPIT,SUPERMARINE Spitfire,L1P,L
405DEB,G-DECS,GLID,,L0-,-
405EEB,G-CFMX,P28A,PIPER PA-28-140/150/160/180,L1P,L
4060EB,G-SARJ,ULAC,,L0-,-
406AEB,G-IILL,RV7,VANS RV-7,L1P,L
406BEB,G-CJCR,GLID,,L0-,-
406CEB,G-GALI,A109,AGUSTA AW-109 Grand,H2T,L
406DEB,G-MCGV,A189,AGUSTA AW-189,H2T,M
406EEB,G-CISX,C172,CESSNA 172 Skyhawk,L1P,L
406FEB,G-ENSX,R44,ROBINSON R-44 Raven,H1P,L
4070EB,G-JZHX,B738,BOEING 737-800,L2J,M
4071EB,G-TCAA,A169,AGUSTA AW-169,H2T,L
4072EB,G-DPRV,RV7,VANS RV-7,L1P,L
4073EB,G-AWHH,ME09,MESSERSCHMITT Bf-109,L1P,L
4074EB,G-CKUA,BALL,,B0-,-
4077EB,G-LKAM,SLG2,AIRPLANE FACTORY Sling 2,L1P,L
4078EB,G-GWMB,CRES,PACIFIC AEROSPACE Cresco,L1T,L
4079EB,G-OMTX,GL5T,BOMBARDIER BD-700 Global 5000/5500,L2J,M
407AEB,G-CLWM,GLID,,L0-,-
407CEB,G-CMDF,BALL,,B0-,-
4241EB,VP-CXE,A320,AIRBUS A-320,L2J,M
4243EB,VQ-BVF,B734,BOEING 737-400,L2J,M
4247EB,VP-CHZ,GLF6,GULFSTREAM G650,L2J,M
43C5EB,ZM417,A400,AIRBUS A-400M,L4T,H
43C6EB,ZZ387,LYNX,AGUSTAWESTLAND AW-159 Super Lynx,H2T,L
43C8EB,ZM517,EC35,AIRBUS HELICOPTERS EC-135/635,H2T,L
43ECEB,2-CINE,AS55,AEROSPATIALE AS-355 Ecureuil 2,H2T,L
43EEEB,2-TSPP,B738,BOEING 737-800,L2J,M
4400EB,OE-IVT,A320,AIRBUS A-320,L2J,M
4402EB,OE-CHA,H207,HB-FLUGTECHNIK 207 Alfa,L1P,L
4403EB,OE-DVK,C172,CESSNA 172 Skyhawk,L1P,L
4405EB,OE-XDM,B47G,BELL 47G,H1P,L
4406EB,OE-AJW,A210,AQUILA A-210,L1P,L
4408EB,OE-7108,WT9,AEROSPOOL WT-9 Dynamic,L1P,L
4409EB,OE-XAG,AS55,AEROSPATIALE AS-355 Ecureuil 2,H2T,L
440CEB,OE-AKN,DV20,DIAMOND DA-20,L1P,L
4488EB,OO-BGK,BALL,,B0-,-
44ADEB,OO-KOK,DV20,DIAMOND DA-20,L1P,L
44B5EB,OO-MOK,B06,BELL 206 JetRanger,H1T,L
44C9EB,OO-ROK,C25C,CESSNA 525C Citation CJ4,L2J,M
4520EB,LZ-DBT,A320,AIRBUS A-320,L2J,M
45CDEB,OY-SOK,BALL,,B0-,-
4605EB,OH-CGH,C172,CESSNA 172 Skyhawk,L1P,L
4612EB,OH-HEH,R44,ROBINSON R-44 Raven,H1P,L
4613EB,OH-HOD,R22,ROBINSON R-22 Mariner,H1P,L
463CEB,OH-XBV,AVID,AVID Flyer,L1P,L
4682EB,747,C130,LOCKHEED C-130 Hercules,L4T,M
470BEB,HA-ENJ,P208,TECNAM P-2008,L1P,L
473FEB,HA-YFJ,BE40,BEECH 400 Beechjet,L2J,M
4786EB,LN-OBR,EC20,AIRBUS HELICOPTERS EC-120,H1T,L
4843EB,PH-PME,TOBA,SOCATA Tobago,L1P,L
4847EB,PH-1138,DIMO,DIAMOND H-36 Dimona,L1P,L
4848EB,PH-3T4,WT9,AEROSPOOL WT-9 Dynamic,L1P,L
4849EB,PH-TWK,C172,CESSNA 172 Skyhawk,L1P,L
484AEB,PH-PWP,RV7,VANS RV-7,L1P,L
484BEB,PH-RWB,BALL,,B0-,-
484CEB,PH-DJM,FOX,KITFOX,L1P,L
4851EB,PH-1HZ,ZZZZ,,-0-,-
4854EB,PH-2BK,ZZZZ,,-0-,-
4855EB,PH-2MR,ZZZZ,,-0-,-
4856EB,PH-2YI,ZZZZ,,-0-,-
4863EB,PH-ALA,RV7,VANS RV-7,L1P,L
4864EB,PH-NXN,E295,EMBRAER ERJ-190-400,L2J,M
4889EB,SP-CPL,SIRA,TECNAM P-2002 Sierra,L1P,L
4895EB,SP-FPL,C206,CESSNA  206 Stationair,L1P,L
489DEB,SP-HPL,R44,ROBINSON R-44 Raven,H1P,L
48A5EB,SP-KPL,SF34,SAAB 340,L2T,M
48B4EB,SP-NHL,DA42,DIAMOND DA-42 Guardian,L2P,L
48BDEB,SP-PPL,AAT3,AERO AT-3,L1P,L
48C5EB,SP-SPL,AT75,ATR-72-500,L2T,M
48C6EB,SP-SYL,C182,CESSNA 182 Skylane,L1P,L
48C8EB,SP-THL,C172,CESSNA 172 Skyhawk,L1P,L
48DDEB,SP-YPL,UL45,3XTRIM Ultra,L1P,L
48F9EB,SP-SKPL,PIVI,PIPSTREL Virus,L1P,L
4951EB,CS-TOK,A332,AIRBUS A-330-200,L2J,H
49C2EB,OK-AUA48,VL3,AVEKO Flamingo,L1P,L
49D0EB,OK-PMP,PC12,PILATUS PC-12,L1T,L
49D2EB,OK-SCT,C152,CESSNA 152,L1P,L
49D3EB,OK-IVA,Z26,ZLIN Z-26/126/226/326/526/626/726,L1P,L
49D4EB,OK-KKF,GLF6,GULFSTREAM G650,L2J,M
4A08EB,YR-BGK,B738,BOEING 737-800,L2J,M
4A35EB,1611,F16,GENERAL DYNAMICS F-16 Fighting Falcon,L1J,M
4A95EB,SE-EOK,PA30,PIPER PA-30 Twin Comanche,L2P,L
4A9CEB,SE-GGK,C185,CESSNA 185 Skywagon,L1P,L
4AB4EB,SE-MGK,BE20,BEECH 200 Super King Air,L2T,M
4AC9EB,SE-ROK,A20N,AIRBUS A-320neo,L2J,M
4AD8EB,SE-VGK,EV97,EVEKTRO EV-97 EuroStar,L1P,L
4AD9EB,SE-VOK,WT9,AEROSPOOL WT-9 Dynamic,L1P,L
4B07EB,HB-CZZ,C182,CESSNA 182 Skylane,L1P,L
4B0EEB,HB-FQX,PC12,PILATUS PC-12,L1T,L
4B12EB,HB-HEH,AS02,FFA AS-202 Bravo,L1P,L
4B19EB,HB-JVF,F100,FOKKER 100,L2J,M
4B1AEB,HB-KFB,HR20,ROBIN HR-200,L1P,L
4B2AEB,HB-QGP,BALL,,B0-,-
4B2BEB,HB-QQL,BALL,,B0-,-
4B2FEB,HB-SDV,DA40,DIAMOND DA-40 Club Star,L1P,L
4B43EB,HB-ZST,R44,ROBINSON R-44 Raven,H1P,L
4B4CEB,HB-2116,VENT,SCHEMPP-HIRTH Ventus,L1P,L
4B4DEB,HB-2372,NIMB,SCHEMPP-HIRTH Nimbus,L1P,L
4B51EB,HB-3396,GLID,,L0-,-
4B7FEB,D-127,DRON,,D0-,-
4B84EB,TC-AGK,A30B,AIRBUS A-300-200,L2J,H
4BA0EB,TC-HGK,S76,SIKORSKY S-76 Spirit,H2T,L
4BA9EB,TC-JOK,A333,AIRBUS A-330-300,L2J,H
4BB0EB,TC-LGK,A359,AIRBUS A-350-900,L2J,H
4BCDEB,TC-SOK,B38M,BOEING 737 MAX 8,L2J,M
4C01EB,YU-APL,A319,AIRBUS A-319,L2J,M
4CA1EB,264,PC9,PILATUS PC-9 Hudournik,L1T,L
4CA4EB,EI-DPG,B738,BOEING 737-800,L2J,M
4CA6EB,EI-PGB,GLID,,L0-,-
4CA7EB,EI-EHL,ULAC,,L0-,-
4CA9EB,EI-EVN,B738,BOEING 737-800,L2J,M
4CACEB,EI-CZC,,,,
4CC4EB,TF-GMA,A321,AIRBUS A-321,L2J,M
4D20EB,9H-VFI,CL60,BOMBARDIER CL-600 Challenger,L2J,M
4D21EB,9H-QAC,B738,BOEING 737-800,L2J,M
4D23EB,9H-MLL,A320,AIRBUS A-320,L2J,M
5001EB,T7-CIF,G280,GULFSTREAM G280,L2J,M
5002EB,T7-MEL,GL5T,BOMBARDIER BD-700 Global 5000/5500,L2J,M
502CEB,YL-MTO,MT,ROTORSPORT MTOSport,G1P,L
503DEB,LY-HCW,H25B,HAWKER BEECHCRAFT Hawker 750/850,L2J,M
505CEB,OM-GTK,B738,BOEING 737-800,L2J,M
5080EB,UR-NTA,A148,ANTONOV An-148,L2J,M
5100EB,EW-499SL,ULAC,,L0-,-
5110EB,ES-TGU,L39,LET L-39 Albatros,L1J,L
6010EB,EX-47003,B744,BOEING 747-400,L4J,H
7100EB,HZ-SPAE,BE40,BEECH 400 Beechjet,L2J,M
717CEB,HZ-NS43,A20N,AIRBUS A-320neo,L2J,M
7394EB,4X-CHL,C172,CESSNA 172 Skyhawk,L1P,L
7503EB,9M-SCG,EC25,AIRBUS HELICOPTERS EC-225/725,H2T,M
7504EB,9M-RAV,A320,AIRBUS A-320,L2J,M
7580EB,RP-1998,B412,BELL 412,H2T,L
7583EB,RP-C7778,B77W,BOEING 777-300ER,L2J,H
7585EB,RP-C8505,B505,BELL 505 JetRanger X,H1T,L
7608EB,AP-BGK,B772,BOEING 777-200,L2J,H
7609EB,AP-BOK,A320,AIRBUS A-320,L2J,M
76B4EB,9V-MGK,B738,BOEING 737-800,L2J,M
76CEEB,9V-SWK,B77W,BOEING 777-300ER,L2J,H
7800EB,B-2010,B77L,BOEING 777-200LR,L2J,H
7803EB,B-5242,B737,BOEING 737-700,L2J,M
7805EB,B-6620,A320,AIRBUS A-320,L2J,M
7807EB,B-9581,SR20,CIRRUS SR-20,L1P,L
7808EB,B-6927,A321,AIRBUS A-321,L2J,M
7809EB,B-5743,B738,BOEING 737-800,L2J,M
780AEB,B-2041,B77L,BOEING 777-200LR,L2J,H
780BEB,B-1935,B738,BOEING 737-800,L2J,M
780CEB,B-1890,A321,AIRBUS A-321,L2J,M
780DEB,B-1508,B738,BOEING 737-800,L2J,M
780EEB,B-7167,B738,BOEING 737-800,L2J,M
780FEB,B-8570,A321,AIRBUS A-321,L2J,M
7810EB,B-8957,A321,AIRBUS A-321,L2J,M
7812EB,B-1390,B38M,BOEING 737 MAX 8,L2J,M
7815EB,B-305V,A20N,AIRBUS A-320neo,L2J,M
7816EB,B-309A,A20N,AIRBUS A-320neo,L2J,M
781CEB,B-728F,C172,CESSNA 172 Skyhawk,L1P,L
781EEB,B-653H,AJ27,COMAC ARJ-21-700 Xiangfeng,L2J,M
7BB0EB,B-5070,B737,BOEING 737-700,L2J,M
7C01EB,VH-ANX,BT36,BEECH B36TC Bonanza,L1P,L
7C05EB,VH-BGD,C172,CESSNA 172 Skyhawk,L1P,L
7C06EB,VH-BNH,C182,CESSNA 182 Skylane,L1P,L
7C07EB,VH-BUL,PA32,PIPER PA-32,L1P,L
7C0FEB,VH-DFH,LNCE,LANCAIR ES,L1P,L
7C19EB,VH-FEL,BT36,BEECH B36TC Bonanza,L1P,L
7C1CEB,VH-FZX,AT8T,AIR TRACTOR AT-802,L1T,M
7C20EB,VH-GSD,GLID,,L0-,-
7C25EB,VH-HRX,R22,ROBINSON R-22 Mariner,H1P,L
7C2BEB,VH-IYL,P68,PARTENAVIA P-68 Observer,L2P,L
7C34EB,VH-KQL,S76,SIKORSKY S-76 Spirit,H2T,L
7C35EB,VH-KXP,C172,CESSNA 172 Skyhawk,L1P,L
7C44EB,VH-NWD,RV10,VANS RV-10,L1P,L
7C46EB,VH-OAL,S22T,CIRRUS SR-22T Turbo,L1P,L
7C48EB,VH-OOT,C310,CESSNA 310,L2P,L
7C49EB,VH-OVX,LJ31,LEARJET 31,L2J,M
7C4EEB,VH-PVH,AS65,AEROSPATIALE AS-365 Dauphin 2,H2T,L
7C56EB,VH-RGD,P28B,PIPER PA-28-201T/235/236,L1P,L
7C58EB,VH-RUL,PA32,PIPER PA-32,L1P,L
7C6AEB,VH-VEL,VELO,Velocity,L1P,L
7C6DEB,VH-VZX,B738,BOEING 737-800,L2J,M
7C76EB,VH-XRX,B105,EUROCOPTER BO-105,H2T,L
7C7BEB,VH-YRH,SR22,CIRRUS SR-22,L1P,L
7C7CEB,VH-YYL,R44,ROBINSON R-44 Raven,H1P,L
7C7EEB,VH-ZCT,CT4,PACIFIC AEROSPACE CT-4 Airtrainer,L1P,L
7C7FEB,VH-ZJX,C172,CESSNA 172 Skyhawk,L1P,L
7CBBEB,19-3393,SF2,VIKING SF-2 Cygnet,L1P,L
7CC4EB,24-5441,AP22,AEROPRACT A-22,L1P,L
7CF8EB,A32-651,B350,BEECHCRAFT Super King Air 350,L2T,M
7CF9EB,A54-020,PC21,PILATUS PC-21,L1T,L
8002EB,RK3454,IL76,ILYUSHIN Il-76/82,L4J,H
8005EB,VT-ANA,B788,BOEING 787-8 Dreamliner,L2J,H
8006EB,VT-SUL,DH8D,DE HAVILLAND DHC-8-400 Dash 8,L2T,M
800CEB,VT-IVV,A20N,AIRBUS A-320neo,L2J,M
8013EB,VT-MSF,P180,PIAGGIO P-180 Avanti,L2T,L
8014EB,VT-PNS,A320,AIRBUS A-320,L2J,M
8404EB,JA01AD,C208,CESSNA 208 Caravan,L1T,L
84B3EB,JA202P,A20N,AIRBUS A-320neo,L2J,M
8855EB,HS-UOK,A139,AGUSTA AW-139,H2T,L
8960EB,A6-EDJ,A388,AIRBUS A-380-800,L4J,H
8961EB,A6-EII,A320,AIRBUS A-320,L2J,M
8963EB,A6-EON,A388,AIRBUS A-380-800,L4J,H
8964EB,A6-CTE,SR22,CIRRUS SR-22,L1P,L
8965EB,A6-AOZ,A320,AIRBUS A-320,L2J,M
8990EB,B-18775,B77L,BOEING 777-200LR,L2J,H
8A01EB,PK-JBH,H25B,HAWKER BEECHCRAFT Hawker 750/850,L2J,M
8A08EB,PK-SAQ,A320,AIRBUS A-320,L2J,M
A002EB,N10FU,,,,
A004EB,N100CE,DC6,DOUGLAS DC-6 Liftmaster,L4P,M
A006EB,N100YS,C172,CESSNA 172 Skyhawk,L1P,L
A008EB,N101FC,C680,CESSNA 680 Citation Sovereign,L2J,M
A00AEB,N1011E,MG21,MIKOYAN MiG-21,L1J,M
A00BEB,N1018R,FOX,KITFOX,L1P,L
A00CEB,N102JA,,,,
A00FEB,N103AT,PA32,PIPER PA-32,L1P,L
A011EB,N103XE,ZZZZ,,-0-,-
A012EB,N1035L,AT5T,AIR TRACTOR AT-504,L1T,L
A015EB,N1040C,PC24,PILATUS PC-24,L2J,M
A017EB,N105GP,P180,PIAGGIO P-180 Avanti,L2T,L
A019EB,N1052F,C185,CESSNA 185 Skywagon,L1P,L
A01AEB,N1059S,BALL,,B0-,-
A01EEB,N107CD,SR20,CIRRUS SR-20,L1P,L
A022EB,N108FB,M7,MAULE M-7,L1P,L
A023EB,N108RH,J3,PIPER J-3 Cub,L1P,L
A024EB,N1081D,C190,CESSNA 190,L1P,L
A026EB,N109J,ME09,MESSERSCHMITT Bf-109,L1P,L
A028EB,N1093G,BE58,BEECH 58 Baron,L2P,L
A029EB,N11AS,H500,HUGHES 500,H1T,L
A02AEB,N11LY,P28B,PIPER PA-28-201T/235/236,L1P,L
A02CEB,N110HJ,HDJT,HONDA HondaJet,L2J,L
A02FEB,N111AA,BE9T,BEECH F90 King Air,L2T,L
A032EB,N11144,C150,CESSNA 150,L1P,L
A033EB,N112CZ,C441,CESSNA 441 Conquest,L2T,L
A036EB,N11267,WACF,WACO F,L1P,L
A038EB,N113SC,PA18,PIPER PA-18 Super Cub,L1P,L
A039EB,N1131Z,FA62,FAIRCHILD M-26 Cornell,L1P,L
A03CEB,N114VA,VELO,Velocity,L1P,L
A03DEB,N11432,WACC,WACO C/S,L1P,L
A03EEB,N115BM,PA31,PIPER PA-31-300/310/325/350/425,L2P,L
A041EB,N11555,M20P,MOONEY M-20,L1P,L
A044EB,N1160X,P28R,PIPER PA-28R-180/200/201,L1P,L
A046EB,N117HH,H25B,HAWKER BEECHCRAFT Hawker 750/850,L2J,M
A048EB,N11720,CH7A,BELLANCA 7 Champion,L1P,L
A049EB,N118A,C185,CESSNA 185 Skywagon,L1P,L
A04BEB,N118WM,RV8,VANS RV-8,L1P,L
A050EB,N11966,,,,
A052EB,N12SB,C340,CESSNA 340 Super,L2P,L
A054EB,N120NN,BALL,,B0-,-
A057EB,N121FE,B763,BOEING 767-300,L2J,H
A058EB,N121RL,M20P,MOONEY M-20,L1P,L
A05AEB,N1218T,,,,
A05BEB,N122JC,EAGL,CHRISTEN Eagle,L1P,L
A05EEB,N123AV,BE36,BEECH 36 Bonanza,L1P,L
A05FEB,N123MA,PA31,PIPER PA-31-300/310/325/350/425,L2P,L
A061EB,N1235N,,,,
A064EB,N1240E,CH7A,BELLANCA 7 Champion,L1P,L
A066EB,N125GR,ASTR,GULFSTREAM AEROSPACE Gulfstream G100,L2J,M
A067EB,N125SX,SONX,SONEX AIRCRAFT Sonex,L1P,L
A068EB,N1252H,AR15,AERONCA 15 Sedan,L1P,L
A06DEB,N127CF,C82T,CESSNA TR182 Turbo Skylane RG,L1P,L
A06FEB,N127YT,SGRA,SG AVIATION Rally,L1P,L
A074EB,N1288S,C182,CESSNA 182 Skylane,L1P,L
A075EB,N129JB,CH60,ZENAIR CH-600 Zodiac,L1P,L
A07BEB,N130HL,C414,CESSNA 414 Chancellor,L2P,L
A081EB,N13146,,,,
A085EB,N13269,C172,CESSNA 172 Skyhawk,L1P,L
A088EB,N13311,SREY,PROGRESSIVE AERODYNE SeaRey,A1P,L
A08CEB,N13434,WACC,WACO C/S,L1P,L
A091EB,N136EM,L39,LET L-39 Albatros,L1J,L
A098EB,N138AB,PA25,PIPER PA-25 Pawnee,L1P,L
A09CEB,N139D,DC3,DOUGLAS DC-3 Dakota,L2P,M
A0A1EB,N14SD,UH1,BELL UH-1 Huey,H1T,L
A0A8EB,N1411J,AC11,NORTH AMERICAN ROCKWELL Commander 112/114,L1P,L
A0AAEB,N142JE,CL60,BOMBARDIER CL-600 Challenger,L2J,M
A0ACEB,N1423M,ST75,STEARMAN Kaydet,L1P,L
A0AEEB,N143MC,M18,PZL-MIELEC M-18 Dromader,L1P,L
A0B0EB,N1435Q,C150,CESSNA 150,L1P,L
A0B1EB,N144DV,RV4,VANS RV-4,L1P,L
A0B4EB,N1447T,P28R,PIPER PA-28R-180/200/201,L1P,L
A0B6EB,N145SZ,EC45,AIRBUS HELICOPTERS EC-145,H2T,L
A0BBEB,N1464N,J3,PIPER J-3 Cub,L1P,L
A0C3EB,N1488U,C172,CESSNA 172 Skyhawk,L1P,L
A0C8EB,N15MB,RLU1,RLU Super Breezy,L1P,L
A0CDEB,N151AE,AS50,AEROSPATIALE AS-350 Ecureuil,H1T,L
A0D1EB,N152DC,P28A,PIPER PA-28-140/150/160/180,L1P,L
A0D5EB,N153GA,B190,BEECH 1900,L2T,M
A0D6EB,N153SG,C680,CESSNA 680 Citation Sovereign,L2J,M
A0D7EB,N15313,P28R,PIPER PA-28R-180/200/201,L1P,L
A0DFEB,N15559,P28A,PIPER PA-28-140/150/160/180,L1P,L
A0E2EB,N15601,P28B,PIPER PA-28-201T/235/236,L1P,L
A0E5EB,N157TT,COL4,CESSNA 400 Corvalis TT,L1P,L
A0E6EB,N15724,C180,CESSNA  180 Skywagon,L1P,L
A0EBEB,N159DB,PA18,PIPER PA-18 Super Cub,L1P,L
A0EEEB,N1597,BE18,BEECH 18 Expetitor,L2P,L
A0F0EB,N16SF,WW24,IAI 1124 Westwind,L2J,M
A0F1EB,N160CL,BALL,,B0-,-
A0F4EB,N1606U,BALL,,B0-,-
A0FDEB,N163ME,C172,CESSNA 172 Skyhawk,L1P,L
A107EB,N1659Y,C172,CESSNA 172 Skyhawk,L1P,L
A10AEB,N1664Q,C150,CESSNA 150,L1P,L
A112EB,N1688W,BE35,BEECH 35 Starfire Bonanza,L1P,L
A117EB,N17MD,PA32,PIPER PA-32,L1P,L
A118EB,N17XK,WACF,WACO F,L1P,L
A11CEB,N171AG,MT,ROTORSPORT MTOSport,G1P,L
A11FEB,N1715,GLID,,L0-,-
A121EB,N172PL,C172,CESSNA 172 Skyhawk,L1P,L
A123EB,N1727C,C180,CESSNA  180 Skywagon,L1P,L
A124EB,N173GC,DHC6,DE HAVILLAND DHC-6 Twin Otter,L2T,L
A125EB,N173SJ,UH12,HILLER UH-12,H1P,L
A127EB,N1739F,C172,CESSNA 172 Skyhawk,L1P,L
A12BEB,N175BT,CH75,ZENAIR CH-750 Cruzer,L1P,L
A12FEB,N176ER,C172,CESSNA 172 Skyhawk,L1P,L
A131EB,N17603,DRON,,D0-,-
A133EB,N177HP,NPOR,REDFERN Nieuport 24,L1P,L
A135EB,N17726,BE95,BEECH 95 Travel Air,L2P,L
A136EB,N178AF,C72R,CESSNA 172R Cutlass RG,L1P,L
A13EEB,N18GB,C650,CESSNA 650 Citation,L2J,M
A13FEB,N18SH,GLF4,GULFSTREAM 4,L2J,M
A142EB,N180Z,C180,CESSNA  180 Skywagon,L1P,L
A143EB,N1806W,BE95,BEECH 95 Travel Air,L2P,L
A144EB,N181FL,CVLP,CONVAIR Convairliner,L2P,M
A145EB,N181RS,EFOX,AEROPRO Eurofox,L1P,L
A148EB,N182JJ,C182,CESSNA 182 Skylane,L1P,L
A14AEB,N1823R,C185,CESSNA 185 Skywagon,L1P,L
A14BEB,N183BA,A5,ICON A-5,A1P,L
A151EB,N1840L,GYRO,,G0-,-
A154EB,N185TC,C185,CESSNA 185 Skywagon,L1P,L
A155EB,N1852P,PA18,PIPER PA-18 Super Cub,L1P,L
A156EB,N18590,C150,CESSNA 150,L1P,L
A15AEB,N187CM,C82T,CESSNA TR182 Turbo Skylane RG,L1P,L
A15DEB,N1876V,C172,CESSNA 172 Skyhawk,L1P,L
A15FEB,N188RR,RS12,RANS S-12 Super Airaile,L1P,L
A160EB,N1881M,P337,CESSNA P337 Skymaster,L2P,L
A164EB,N1893Q,C77R,CESSNA 177RG Cardinal RG,L1P,L
A165EB,N19B,PA34,PIPER PA-34 Seneca,L2P,L
A16DEB,N191WW,C172,CESSNA 172 Skyhawk,L1P,L
A176EB,N1939H,P28R,PIPER PA-28R-180/200/201,L1P,L
A177EB,N194KC,R22,ROBINSON R-22 Mariner,H1P,L
A17AEB,N195BV,C195,CESSNA 195,L1P,L
A17DEB,N1956C,C170,CESSNA 170,L1P,L
A181EB,N1968F,C172,CESSNA 172 Skyhawk,L1P,L
A183EB,N197TX,CDUS,AUTOGYRO Calidus,G1P,L
A188EB,N1985A,,,,
A189EB,N199DF,GALX,GULFSTREAM G200,L2J,M
A18DEB,N2GD,AA5,AMERICAN AA-5 Tiger,L1P,L
A18EEB,N2SK,C72R,CESSNA 172R Cutlass RG,L1P,L
A18FEB,N20CQ,TB20,SOCATA TB-20 Trinidad,L1P,L
A191EB,N20ZB,,,,
A195EB,N201BZ,M20P,MOONEY M-20,L1P,L
A197EB,N201YL,M20P,MOONEY M-20,L1P,L
A198EB,N2016G,SS2T,TRUSH Turbo Thrush 500/550,L1T,L
A199EB,N202EX,F2TH,DASSAULT Falcon 2000,L2J,M
A19CEB,N2028K,L8,LUSCOMBE 8,L1P,L
A1A3EB,N2045E,BE36,BEECH 36 Bonanza,L1P,L
A1A7EB,N2057H,C550,CESSNA 550 Citation S2,L2J,L
A1A9EB,N206SP,C206,CESSNA  206 Stationair,L1P,L
A1ABEB,N2069L,B06,BELL 206 JetRanger,H1T,L
A1AEEB,N2074C,H269,HUGHES Sky Knight,H1P,L
A1B0EB,N208ND,FOX,KITFOX,L1P,L
A1B2EB,N2086F,H269,HUGHES Sky Knight,H1P,L
A1B5EB,N20908,WACC,WACO C/S,L1P,L
A1B7EB,N21HU,HUSK,CHRISTEN Husky,L1P,L
A1BBEB,N2100S,C172,CESSNA 172 Skyhawk,L1P,L
A1BEEB,N211TJ,T211,INDUS T-211,L1P,L
A1BFEB,N2112V,BE30,BEECH 300 Super King Air,L2T,L
A1C0EB,N21196,C182,CESSNA 182 Skylane,L1P,L
A1C7EB,N21361,AR50,AERONCA 50 Chief,L1P,L
A1CAEB,N2141T,P28R,PIPER PA-28R-180/200/201,L1P,L
A1CCEB,N215JP,SR22,CIRRUS SR-22,L1P,L
A1D2EB,N2165Z,C180,CESSNA  180 Skywagon,L1P,L
A1D5EB,N2170R,P28A,PIPER PA-28-140/150/160/180,L1P,L
A1D6EB,N21772,H500,HUGHES 500,H1T,L
A1D8EB,N218TH,T18,THORP Tiger,L1P,L
A1DBEB,N219L,C25C,CESSNA 525C Citation CJ4,L2J,M
A1DDEB,N2194X,BALL,,B0-,-
A1DEEB,N22CS,T206,CESSNA T206 Turbo Stationair,L1P,L
A1DFEB,N22NY,PC12,PILATUS PC-12,L1T,L
A1E1EB,N220KJ,ULAC,,L0-,-
A1E3EB,N2204F,C140,CESSNA 140,L1P,L
A1E4EB,N221CA,AEST,AEROSTAR 600,L2P,L
A1E9EB,N222RE,BE36,BEECH 36 Bonanza,L1P,L
A1EBEB,N2228M,J3,PIPER J-3 Cub,L1P,L
A1ECEB,N223HX,B222,BELL 222,H2T,L
A1EFEB,N224AP,F260,AERMACCHI SF-260,L1P,L
A1F2EB,N2245G,C182,CESSNA 182 Skylane,L1P,L
A1F3EB,N225DM,RV14,VANS RV-14,L1P,L
A1F4EB,N225PT,PA31,PIPER PA-31-300/310/325/350/425,L2P,L
A1FAEB,N2269N,T6,NORTH AMERICAN T-6 Texan,L1P,L
A1FDEB,N2274E,CH7A,BELLANCA 7 Champion,L1P,L
A203EB,N229RD,AS29,SCHLEICHER ASG-29,L1P,L
A204EB,N2291,WACF,WACO F,L1P,L
A206EB,N23HW,VENT,SCHEMPP-HIRTH Ventus,L1P,L
A207EB,N23UB,MG23,MIKOYAN MiG-23/27,L1J,M
A20CEB,N231HE,M20P,MOONEY M-20,L1P,L
A20EEB,N2312X,C182,CESSNA 182 Skylane,L1P,L
A212EB,N23240,J3,PIPER J-3 Cub,L1P,L
A214EB,N233PA,AS50,AEROSPATIALE AS-350 Ecureuil,H1T,L
A217EB,N234FT,RV3,VANS RV-3,L1P,L
A219EB,N2341V,C140,CESSNA 140,L1P,L
A21AEB,N23486,C150,CESSNA 150,L1P,L
A21EEB,N236BH,P28B,PIPER PA-28-201T/235/236,L1P,L
A224EB,N2370T,NAVI,NORTH AMERICAN Navion,L1P,L
A22BEB,N239WH,SREY,PROGRESSIVE AERODYNE SeaRey,A1P,L
A22CEB,N2394Z,BE23,BEECH 23 Sundowner,L1P,L
A22EEB,N24P,PA18,PIPER PA-18 Super Cub,L1P,L
A232EB,N2404H,ERCO,AIR PRODUCTS F-1 Aircoupe,L1P,L
A233EB,N241CC,PA11,PIPER PA-11 Cub Special,L1P,L
A236EB,N2416L,C172,CESSNA 172 Skyhawk,L1P,L
A239EB,N2421C,C180,CESSNA  180 Skywagon,L1P,L
A23AEB,N2428P,PA30,PIPER PA-30 Twin Comanche,L2P,L
A23DEB,N2433F,PA38,PIPER PA-38 Tomahawk,L1P,L
A23EEB,N244AR,PIAE,PIPISTREL Alpha Electro,L1E,L
A241EB,N2445J,C206,CESSNA  206 Stationair,L1P,L
A249EB,N2469Q,C182,CESSNA 182 Skylane,L1P,L
A24CEB,N2474G,PA38,PIPER PA-38 Tomahawk,L1P,L
A24DEB,N248CB,P28A,PIPER PA-28-140/150/160/180,L1P,L
A250EB,N2486K,L8,LUSCOMBE 8,L1P,L
A255EB,N25HY,HUSK,CHRISTEN Husky,L1P,L
A259EB,N2500W,G164,GRUMMAN G-164 Ag-Cat,L1P,L
A25DEB,N2512Z,BL8,BELLANCA 8 Decathlon,L1P,L
A25EEB,N252,FOX,KITFOX,L1P,L
A263EB,N253PC,PC12,PILATUS PC-12,L1T,L
A268EB,N2541X,C206,CESSNA  206 Stationair,L1P,L
A26CEB,N25530,,,,
A278EB,N25899,C152,CESSNA 152,L1P,L
A27DEB,N26PB,,,,
A281EB,N2604K,L8,LUSCOMBE 8,L1P,L
A285EB,N2616N,C414,CESSNA 414 Chancellor,L2P,L
A288EB,N2621E,CH7A,BELLANCA 7 Champion,L1P,L
A289EB,N2628R,,,,
A28CEB,N2633H,ERCO,AIR PRODUCTS F-1 Aircoupe,L1P,L
A28DEB,N264AT,PA44,PIPER PA-44 Seminole,L2P,L
A290EB,N2645L,C172,CESSNA 172 Skyhawk,L1P,L
A293EB,N2650C,,,,
A297EB,N2662F,C82S,CESSNA T182 Turbo Skylane,L1P,L
A298EB,N2669S,C337,CESSNA 337 Super Skymaster,L2P,L
A29CEB,N268CD,SR22,CIRRUS SR-22,L1P,L
A29FEB,N2686M,PA12,PIPER PA-12 Super Cruiser,L1P,L
A2A1EB,N269RH,RV6,VANS RV-6,L1P,L
A2A3EB,N2698Q,C182,CESSNA 182 Skylane,L1P,L
A2A4EB,N27J,F8L,AEROMERE F-8L Falco,L1P,L
A2A8EB,N2700Y,C340,CESSNA 340 Super,L2P,L
A2A9EB,N27079,J3,PIPER J-3 Cub,L1P,L
A2ADEB,N272AA,BE35,BEECH 35 Starfire Bonanza,L1P,L
A2AEEB,N272LG,R44,ROBINSON R-44 Raven,H1P,L
A2AFEB,N272WN,B737,BOEING 737-700,L2J,M
A2B4EB,N27367,PA31,PIPER PA-31-300/310/325/350/425,L2P,L
A2B7EB,N2741Z,GLID,,L0-,-
A2B8EB,N2749,DHC2,DE HAVILLAND DHC-2 Beaver,L1P,L
A2BBEB,N27532,C185,CESSNA 185 Skywagon,L1P,L
A2C9EB,N279WM,RV8,VANS RV-8,L1P,L
A2CAEB,N27943,J5,PIPER J-5 Cub Cruiser,L1P,L
A2CBEB,N28CY,AS28,SCHLEICHER ASW-28,L1P,L
A2CCEB,N28PD,COL4,CESSNA 400 Corvalis TT,L1P,L
A2D0EB,N2804M,P28A,PIPER PA-28-140/150/160/180,L1P,L
A2D2EB,N281NN,E75L,EMBRAER ERJ-170-200 (long wing),L2J,M
A2D7EB,N2821G,PA32,PIPER PA-32,L1P,L
A2DBEB,N2833K,L8,LUSCOMBE 8,L1P,L
A2DCEB,N284AV,A320,AIRBUS A-320,L2J,M
A2E3EB,N2857R,C182,CESSNA 182 Skylane,L1P,L
A2E4EB,N286GR,AA5,AMERICAN AA-5 Tiger,L1P,L
A2E7EB,N2869U,C180,CESSNA  180 Skywagon,L1P,L
A2EAEB,N2874L,C172,CESSNA 172 Skyhawk,L1P,L
A2EBEB,N288CF,AA5,AMERICAN AA-5 Tiger,L1P,L
A2EEEB,N2886P,PA18,PIPER PA-18 Super Cub,L1P,L
A2F1EB,N2891F,C182,CESSNA 182 Skylane,L1P,L
A2F3EB,N29JB,,,,
A2F7EB,N29000,T206,CESSNA T206 Turbo Stationair,L1P,L
A2F8EB,N2908A,FOX,KITFOX,L1P,L
A2FBEB,N29123,T210,CESSNA T210 Turbo Centurion,L1P,L
A307EB,N2949B,BE35,BEECH 35 Starfire Bonanza,L1P,L
A30EEB,N29657,TAYB,TAYLORCRAFT BC/BF/BL,L1P,L
A314EB,N298TR,PULS,Pulsar,L1P,L
A319EB,N29945,WACF,WACO F,L1P,L
A31AEB,N3D,B06,BELL 206 JetRanger,H1T,L
A31BEB,N3PF,BE95,BEECH 95 Travel Air,L2P,L
A31CEB,N3ZM,J3,PIPER J-3 Cub,L1P,L
A31DEB,N30KS,GLID,,L0-,-
A31FEB,N300GC,C550,CESSNA 550 Citation S2,L2J,L
A321EB,N30015,P28A,PIPER PA-28-140/150/160/180,L1P,L
A322EB,N3009F,M7,MAULE M-7,L1P,L
A323EB,N301KA,P32R,PIPER PA-32R-300/301/301T,L1P,L
A324EB,N301VG,,,,
A325EB,N30138,,,,
A329EB,N3026A,C170,CESSNA 170,L1P,L
A32AEB,N303ER,DA42,DIAMOND DA-42 Guardian,L2P,L
A32CEB,N30303,C177,CESSNA  177 Cardinal,L1P,L
A331EB,N305AF,O1,CESSNA 305/341 Bird Dog,L1P,L
A332EB,N305LM,GLF4,GULFSTREAM 4,L2J,M
A333EB,N305WT,T206,CESSNA T206 Turbo Stationair,L1P,L
A334EB,N30549,C210,CESSNA 201 Centurion,L1P,L
A338EB,N3067B,C195,CESSNA 195,L1P,L
A33BEB,N30714,J3,PIPER J-3 Cub,L1P,L
A33DEB,N308K,BL8,BELLANCA 8 Decathlon,L1P,L
A33FEB,N30837,J3,PIPER J-3 Cub,L1P,L
A346EB,N310BA,C310,CESSNA 310,L2P,L
A347EB,N310MG,C310,CESSNA 310,L2P,L
A349EB,N3105U,SS2T,TRUSH Turbo Thrush 500/550,L1T,L
A34AEB,N311DZ,,,,
A34CEB,N3110L,C310,CESSNA 310,L2P,L
A34FEB,N312TC,,,,
A350EB,N3122P,LA4,LAKE LA-4/200,A1P,L
A351EB,N31290,CH7A,BELLANCA 7 Champion,L1P,L
A353EB,N313WA,F2TH,DASSAULT Falcon 2000,L2J,M
A354EB,N3134S,ALIG,ARION LS-1 Lightning,L1P,L
A355EB,N314CM,LJ60,LEARJET 60,L2J,M
A358EB,N3146V,BE35,BEECH 35 Starfire Bonanza,L1P,L
A35BEB,N3151M,PA12,PIPER PA-12 Super Cruiser,L1P,L
A35CEB,N3158Y,RV6,VANS RV-6,L1P,L
A35DEB,N316JH,C82T,CESSNA TR182 Turbo Skylane RG,L1P,L
A35EEB,N316UP,B763,BOEING 767-300,L2J,H
A35FEB,N3163Q,P32R,PIPER PA-32R-300/301/301T,L1P,L
A360EB,N317B,BE35,BEECH 35 Starfire Bonanza,L1P,L
A361EB,N317MF,BE58,BEECH 58 Baron,L2P,L
A366EB,N3180K,BALL,,B0-,-
A367EB,N3187W,BE58,BEECH 58 Baron,L2P,L
A369EB,N319TB,TBM7,SOCATA TBM-700A/B/C,L1T,L
A372EB,N321KC,COY2,RANS Coyote 2,L1P,L
A37CEB,N3238F,M20P,MOONEY M-20,L1P,L
A37FEB,N32428,,,,
A382EB,N325WV,AA5,AMERICAN AA-5 Tiger,L1P,L
A385EB,N326PM,RV7,VANS RV-7,L1P,L
A387EB,N3267D,C180,CESSNA  180 Skywagon,L1P,L
A389EB,N327SK,B38M,BOEING 737 MAX 8,L2J,M
A38BEB,N3279G,C150,CESSNA 150,L1P,L
A38EEB,N32839,J3,PIPER J-3 Cub,L1P,L
A392EB,N3296B,AC11,NORTH AMERICAN ROCKWELL Commander 112/114,L1P,L
A393EB,N33ES,P28R,PIPER PA-28R-180/200/201,L1P,L
A395EB,N330BC,B407,BELL 407,H1T,L
A396EB,N330MJ,SF50,CIRRUS SF-50 Vision,L1J,L
A3A0EB,N33292,B738,BOEING 737-800,L2J,M
A3A2EB,N333WC,CL35,BOMBARDIER BD-100 Challenger 350,L2J,M
A3A4EB,N334CP,BE36,BEECH 36 Bonanza,L1P,L
A3A5EB,N334NV,A319,AIRBUS A-319,L2J,M
A3A9EB,N335RT,B38M,BOEING 737 MAX 8,L2J,M
A3AFEB,N337BB,C337,CESSNA 337 Super Skymaster,L2P,L
A3B0EB,N337MH,R44,ROBINSON R-44 Raven,H1P,L
A3B1EB,N337XP,LA4,LAKE LA-4/200,A1P,L
A3B3EB,N338E,,,,
A3B5EB,N3380M,PA12,PIPER PA-12 Super Cruiser,L1P,L
A3B6EB,N3387Y,C182,CESSNA 182 Skylane,L1P,L
A3BCEB,N34WB,PTS1,PITTS S-1 Special,L1P,L
A3BDEB,N340GG,C340,CESSNA 340 Super,L2P,L
A3BFEB,N34019,C177,CESSNA  177 Cardinal,L1P,L
A3C3EB,N3414B,BE35,BEECH 35 Starfire Bonanza,L1P,L
A3C7EB,N3426E,C172,CESSNA 172 Skyhawk,L1P,L
A3C8EB,N343EV,DRON,,D0-,-
A3C9EB,N343RA,RALL,SOCATA Rallye,L1P,L
A3CAEB,N34307,,,,
A3CEEB,N3443,BE33,BEECH 33 Bonanza,L1P,L
A3CFEB,N345AK,GLST,GLASAIR SH-4 GlaStar,L1P,L
A3D2EB,N3455C,C170,CESSNA 170,L1P,L
A3D6EB,N3467F,C182,CESSNA 182 Skylane,L1P,L
A3D8EB,N347SM,ULAC,,L0-,-
A3DFEB,N349NB,A319,AIRBUS A-319,L2J,M
A3E1EB,N3496D,C170,CESSNA 170,L1P,L
A3E5EB,N350ML,P28A,PIPER PA-28-140/150/160/180,L1P,L
A3E6EB,N350XS,PA46,PIPER PA-46-310/350,L1P,L
A3E8EB,N351EC,CL35,BOMBARDIER BD-100 Challenger 350,L2J,M
A3EBEB,N35171,J3,PIPER J-3 Cub,L1P,L
A3ECEB,N352HA,PA46,PIPER PA-46-310/350,L1P,L
A3F2EB,N3534W,PA32,PIPER PA-32,L1P,L
A3F6EB,N3546Z,PA22,PIPER PA-22,L1P,L
A3F8EB,N355RV,RV9,VANS RV-9,L1P,L
A3FAEB,N35582,BALL,,B0-,-
A3FBEB,N356JM,CL35,BOMBARDIER BD-100 Challenger 350,L2J,M
A3FDEB,N3563U,C182,CESSNA 182 Skylane,L1P,L
A3FEEB,N357BD,S22T,CIRRUS SR-22T Turbo,L1P,L
A401EB,N3575X,P28A,PIPER PA-28-140/150/160/180,L1P,L
A405EB,N35870,J3,PIPER J-3 Cub,L1P,L
A409EB,N35993,BALL,,B0-,-
A40CEB,N360GJ,RV6,VANS RV-6,L1P,L
A40FEB,N3609M,P28A,PIPER PA-28-140/150/160/180,L1P,L
A416EB,N3626G,G164,GRUMMAN G-164 Ag-Cat,L1P,L
A417EB,N363EX,PA11,PIPER PA-11 Cub Special,L1P,L
A41AEB,N3638K,J3,PIPER J-3 Cub,L1P,L
A41DEB,N3643B,C180,CESSNA  180 Skywagon,L1P,L
A426EB,N367GH,VP2,EVANS Volksplane,L1P,L
A42CEB,N3684C,C82R,CESSNA R182 Skylane RG,L1P,L
A42DEB,N369BY,M20P,MOONEY M-20,L1P,L
A431EB,N37EW,T206,CESSNA T206 Turbo Stationair,L1P,L
A432EB,N37RB,GLID,,L0-,-
A434EB,N370MN,SONX,SONEX AIRCRAFT Sonex,L1P,L
A436EB,N37050,BE33,BEECH 33 Bonanza,L1P,L
A437EB,N371EE,H500,HUGHES 500,H1T,L
A43BEB,N372HC,B06,BELL 206 JetRanger,H1T,L
A43EEB,N37296,S1,INTERSTATE S-1 Cadet,L1P,L
A442EB,N374CT,FDCT,FLIGHT DESIGN CT,L1P,L
A446EB,N375FR,A20N,AIRBUS A-320neo,L2J,M
A44CEB,N3763W,PA32,PIPER PA-32,L1P,L
A44EEB,N377MM,C172,CESSNA 172 Skyhawk,L1P,L
A455EB,N379HB,,,,
A45BEB,N380GL,A320,AIRBUS A-320,L2J,M
A45CEB,N380SS,DIMO,DIAMOND H-36 Dimona,L1P,L
A461EB,N3814F,G2T1,GREAT LAKES 2T-1,L1P,L
A462EB,N382CA,B06,BELL 206 JetRanger,H1T,L
A469EB,N3838M,PA12,PIPER PA-12 Super Cruiser,L1P,L
A46CEB,N3843D,C182,CESSNA 182 Skylane,L1P,L
A470EB,N3855G,T206,CESSNA T206 Turbo Stationair,L1P,L
A471EB,N386DM,LEG2,LANCAIR Legacy,L1P,L
A475EB,N387GK,ULAC,,L0-,-
A476EB,N387SR,SR22,CIRRUS SR-22,L1P,L
A477EB,N3872B,BE35,BEECH 35 Starfire Bonanza,L1P,L
A47BEB,N3884E,AR11,AERONCA 11 Chief,L1P,L
A480EB,N39EY,TB30,SOCATA TB-30 Epsilon,L1P,L
A488EB,N3910U,P28A,PIPER PA-28-140/150/160/180,L1P,L
A48DEB,N39298,TAYB,TAYLORCRAFT BC/BF/BL,L1P,L
A491EB,N394CV,C82T,CESSNA TR182 Turbo Skylane RG,L1P,L
A492EB,N394PA,DRON,,D0-,-
A494EB,N39463,B739,BOEING 737-900,L2J,M
A497EB,N3951V,C170,CESSNA 170,L1P,L
A499EB,N396JR,FA50,DASSAULT Falcon 50,L3J,M
A49FEB,N39751,P32R,PIPER PA-32R-300/301/301T,L1P,L
A4A2EB,N3980T,TF19,TAYLORCRAFT F-19 Sportsman,L1P,L
A4AAEB,N40GN,K100,DAHER Kodiak 100,L1T,L
A4ACEB,N400CZ,LJ35,LEARJET 35,L2J,M
A4B5EB,N402VA,D228,DORNIER 228,L2T,L
A4BEEB,N40478,FOX,KITFOX,L1P,L
A4C0EB,N405TP,G120,GROB G-120,L1P,L
A4C1EB,N40520,PA18,PIPER PA-18 Super Cub,L1P,L
A4C2EB,N406A,P28A,PIPER PA-28-140/150/160/180,L1P,L
A4C5EB,N40643,M4,MAULE M-4,L1P,L
A4C7EB,N407PD,B407,BELL 407,H1T,L
A4CDEB,N40889,WAIX,SONEX Waiex,L1P,L
A4CFEB,N409V,BE95,BEECH 95 Travel Air,L2P,L
A4D0EB,N40931,ULAC,,L0-,-
A4D2EB,N41MS,P28A,PIPER PA-28-140/150/160/180,L1P,L
A4D3EB,N41XY,CH70,ZENAIR CH-701 Stol,L1P,L
A4D4EB,N410JC,PA46,PIPER PA-46-310/350,L1P,L
A4D7EB,N411AV,A320,AIRBUS A-320,L2J,M
A4D8EB,N411MA,SR22,CIRRUS SR-22,L1P,L
A4DAEB,N4115N,C120,CESSNA 120,L1P,L
A4DBEB,N412DT,PA46,PIPER PA-46-310/350,L1P,L
A4DEEB,N4127R,PA32,PIPER PA-32,L1P,L
A4E6EB,N415CF,P28A,PIPER PA-28-140/150/160/180,L1P,L
A4E8EB,N415YT,ULAC,,L0-,-
A4EBEB,N416RK,PA18,PIPER PA-18 Super Cub,L1P,L
A4ECEB,N4161F,C172,CESSNA 172 Skyhawk,L1P,L
A4EDEB,N4168S,P32R,PIPER PA-32R-300/301/301T,L1P,L
A4F2EB,N418M,ZZZZ,,-0-,-
A4F4EB,N4185M,C185,CESSNA 185 Skywagon,L1P,L
A4F5EB,N419DS,BL8,BELLANCA 8 Decathlon,L1P,L
A4F8EB,N4197Q,C82S,CESSNA T182 Turbo Skylane,L1P,L
A4FCEB,N420PG,SSTL,JUST JA30 SuperSTOL,L1P,L
A4FEEB,N42069,C182,CESSNA 182 Skylane,L1P,L
A4FFEB,N421FZ,C421,CESSNA 421 Executive Commuter,L2P,L
A500EB,N421SE,C421,CESSNA 421 Executive Commuter,L2P,L
A501EB,N42111,C172,CESSNA 172 Skyhawk,L1P,L
A502EB,N4219B,BE35,BEECH 35 Starfire Bonanza,L1P,L
A50AEB,N424EM,BE9L,BEECH 90 King Air,L2T,L
A50CEB,N4240Z,PA18,PIPER PA-18 Super Cub,L1P,L
A50FEB,N425TR,C550,CESSNA 550 Citation S2,L2J,L
A510EB,N42522,J3,PIPER J-3 Cub,L1P,L
A514EB,N42645,C182,CESSNA 182 Skylane,L1P,L
A515EB,N427D,PRM1,RAYTHEON 390 Premier 1,L2J,L
A518EB,N42768,C182,CESSNA 182 Skylane,L1P,L
A522EB,N43Y,BE36,BEECH 36 Bonanza,L1P,L
A525EB,N4303M,PA12,PIPER PA-12 Super Cruiser,L1P,L
A529EB,N4315Q,C172,CESSNA 172 Skyhawk,L1P,L
A52EEB,N433GT,,,,
A530EB,N4332K,NAVI,NORTH AMERICAN Navion,L1P,L
A531EB,N4339W,P32R,PIPER PA-32R-300/301/301T,L1P,L
A534EB,N4344N,C195,CESSNA 195,L1P,L
A538EB,N4356R,C185,CESSNA 185 Skywagon,L1P,L
A53BEB,N4361H,M20P,MOONEY M-20,L1P,L
A53CEB,N4368U,P28A,PIPER PA-28-140/150/160/180,L1P,L
A53DEB,N437JD,F2TH,DASSAULT Falcon 2000,L2J,M
A53FEB,N4373L,C172,CESSNA 172 Skyhawk,L1P,L
A540EB,N438AW,CRJ2,BOMBARDIER Regional Jet CRJ-200,L2J,M
A541EB,N438MB,ZZZZ,,-0-,-
A547EB,N4397S,AT3P,AIR TRACTOR AT-301/401,L1P,L
A549EB,N44SY,GA7,DAHER-SOCATA TB-360 Tangara,L2P,L
A54BEB,N440PJ,C56X,CESSNA 560XL Citation XLS,L2J,M
A54DEB,N4407A,PA22,PIPER PA-22,L1P,L
A54EEB,N441GA,C441,CESSNA 441 Conquest,L2T,L
A54FEB,N441SG,R44,ROBINSON R-44 Raven,H1P,L
A551EB,N4419D,BE35,BEECH 35 Starfire Bonanza,L1P,L
A554EB,N44236,P28A,PIPER PA-28-140/150/160/180,L1P,L
A55BEB,N44401,TAYB,TAYLORCRAFT BC/BF/BL,L1P,L
A55CEB,N4448B,C170,CESSNA 170,L1P,L
A55FEB,N44524,P28A,PIPER PA-28-140/150/160/180,L1P,L
A563EB,N44647,P28A,PIPER PA-28-140/150/160/180,L1P,L
A564EB,N447DB,BE9L,BEECH 90 King Air,L2T,L
A565EB,N447PH,B407,BELL 407,H1T,L
A567EB,N4477,BE18,BEECH 18 Expetitor,L2P,L
A570EB,N45MW,LJ45,LEARJET 45,L2J,M
A574EB,N4503P,BALL,,B0-,-
A576EB,N451ME,,,,
A577EB,N451XL,YL15,BOEING 451 Scout,L1P,L
A578EB,N4515S,BE36,BEECH 36 Bonanza,L1P,L
A57BEB,N4520J,P28R,PIPER PA-28R-180/200/201,L1P,L
A57FEB,N4532M,PA11,PIPER PA-11 Cub Special,L1P,L
A580EB,N4539Y,AT3P,AIR TRACTOR AT-301/401,L1P,L
A590EB,N458MD,CH60,ZENAIR CH-600 Zodiac,L1P,L
A593EB,N459DW,PA18,PIPER PA-18 Super Cub,L1P,L
A595EB,N4590H,PA17,PIPER PA-17 Vagabond Trainer,L1P,L
A597EB,N46GU,,,,
A598EB,N46T,P46T,PIPER PA-46-500TP,L1T,L
A59DEB,N461GC,C170,CESSNA 170,L1P,L
A59FEB,N46115,C172,CESSNA 172 Skyhawk,L1P,L
A5A7EB,N4636A,C180,CESSNA  180 Skywagon,L1P,L
A5A8EB,N464ER,C172,CESSNA 172 Skyhawk,L1P,L
A5AEEB,N46526,C172,CESSNA 172 Skyhawk,L1P,L
A5AFEB,N466AF,PARA,,P0-,-
A5B2EB,N46649,C152,CESSNA 152,L1P,L
A5BAEB,N4689E,CH7A,BELLANCA 7 Champion,L1P,L
A5BBEB,N469K,FDCT,FLIGHT DESIGN CT,L1P,L
A5BEEB,N47BS,EFOX,AEROPRO Eurofox,L1P,L
A5C4EB,N471BA,,,,
A5CBEB,N4727X,C150,CESSNA 150,L1P,L
A5CDEB,N473TC,LJ25,LEARJET 25,L2J,L
A5CFEB,N47390,GLID,,L0-,-
A5D1EB,N474WA,PA34,PIPER PA-34 Seneca,L2P,L
A5D9EB,N4761M,PA11,PIPER PA-11 Cub Special,L1P,L
A5DEEB,N478B,,,,
A5E5EB,N4797W,AC11,NORTH AMERICAN ROCKWELL Commander 112/114,L1P,L
A5E6EB,N48GW,,,,
A5E7EB,N48TB,PA11,PIPER PA-11 Cub Special,L1P,L
A5EDEB,N481SL,,,,
A5EFEB,N4819H,PA17,PIPER PA-17 Vagabond Trainer,L1P,L
A5F6EB,N4836C,C185,CESSNA 185 Skywagon,L1P,L
A5FDEB,N48528,J3,PIPER J-3 Cub,L1P,L
A608EB,N48816,C152,CESSNA 152,L1P,L
A609EB,N4889G,C172,CESSNA 172 Skyhawk,L1P,L
A622EB,N495CP,M20P,MOONEY M-20,L1P,L
A625EB,N4956X,SS2P,ROCKWELL Thrush Commander,L1P,L
A629EB,N49680,ST75,STEARMAN Kaydet,L1P,L
A631EB,N499E,DG40,DG FLUGZEUGBAU DG-400,L1P,L
A635EB,N5GY,P337,CESSNA P337 Skymaster,L2P,L
A636EB,N5TD,DFLY,VIKING Dragonfly,L1P,L
A637EB,N50DJ,PA32,PIPER PA-32,L1P,L
A63CEB,N5004Y,C172,CESSNA 172 Skyhawk,L1P,L
A63EEB,N501NZ,C501,CESSNA 501 Citation 1SP,L2J,L
A640EB,N50161,BALL,,B0-,-
A644EB,N50284,C150,CESSNA 150,L1P,L
A645EB,N503JP,QIC2,QUICKIE Q2,L1P,L
A647EB,N5033W,CH7B,BELLANCA 7 Citabria,L1P,L
A649EB,N504MM,RV9,VANS RV-9,L1P,L
A64BEB,N5045Z,PA22,PIPER PA-22,L1P,L
A64CEB,N505ED,RV10,VANS RV-10,L1P,L
A64EEB,N5050R,J3,PIPER J-3 Cub,L1P,L
A64FEB,N50572,BL8,BELLANCA 8 Decathlon,L1P,L
A650EB,N506HB,AT5T,AIR TRACTOR AT-504,L1T,L
A652EB,N5062U,C206,CESSNA  206 Stationair,L1P,L
A656EB,N5074X,CH7B,BELLANCA 7 Citabria,L1P,L
A657EB,N508CS,R44,ROBINSON R-44 Raven,H1P,L
A65AEB,N50860,PARA,,P0-,-
A65CEB,N509RW,RV9,VANS RV-9,L1P,L
A65DEB,N5091S,C182,CESSNA 182 Skylane,L1P,L
A65FEB,N51JN,PA23,PIPER PA-23,L2P,L
A660EB,N51UU,GYRO,,G0-,-
A663EB,N5101A,,,,
A668EB,N512AP,SR22,CIRRUS SR-22,L1P,L
A66AEB,N512XA,AJET,DASSAULT-DORNIER Alpha Jet,L2J,M
A66BEB,N5125G,C172,CESSNA 172 Skyhawk,L1P,L
A66CEB,N513DM,MU2,MITSUBISHI MU-2 Marquise,L2T,L
A66DEB,N513PT,BE35,BEECH 35 Starfire Bonanza,L1P,L
A671EB,N514SR,SR22,CIRRUS SR-22,L1P,L
A672EB,N5142B,L5,STINSON Sentinel,L1P,L
A676EB,N5154E,,,,
A677EB,N516C,S108,STINSON 108 Voyager,L1P,L
A67AEB,N5166H,C82S,CESSNA T182 Turbo Skylane,L1P,L
A67DEB,N5171,GLST,GLASAIR SH-4 GlaStar,L1P,L
A67EEB,N5178L,P28A,PIPER PA-28-140/150/160/180,L1P,L
A685EB,N5195F,AT5T,AIR TRACTOR AT-504,L1T,L
A686EB,N52DL,C77R,CESSNA 177RG Cardinal RG,L1P,L
A68BEB,N52040,C162,CESSNA 162 Skycatcher,L1P,L
A68DEB,N521PA,H500,HUGHES 500,H1T,L
A693EB,N52286,C172,CESSNA 172 Skyhawk,L1P,L
A697EB,N524BH,GLAS,Glasair,L1P,L
A698EB,N524MP,RV14,VANS RV-14,L1P,L
A69BEB,N525EF,D328,DORNIER 328,L2T,M
A69DEB,N5250T,P28R,PIPER PA-28R-180/200/201,L1P,L
A69EEB,N52574,ST75,STEARMAN Kaydet,L1P,L
A6A0EB,N526TK,COY2,RANS Coyote 2,L1P,L
A6A3EB,N527LB,RV9,VANS RV-9,L1P,L
A6A5EB,N5274Z,PA22,PIPER PA-22,L1P,L
A6A7EB,N528P,BE36,BEECH 36 Bonanza,L1P,L
A6A9EB,N52862,C77R,CESSNA 177RG Cardinal RG,L1P,L
A6B1EB,N530RG,RV6,VANS RV-6,L1P,L
A6B3EB,N5308P,PA24,PIPER PA-24 Comanche,L1P,L
A6B9EB,N532XC,A32P,SCHLEICHER ASG-32Mi,L1P,L
A6BDEB,N5330A,C82S,CESSNA T182 Turbo Skylane,L1P,L
A6BFEB,N534GM,PC12,PILATUS PC-12,L1T,L
A6C1EB,N5342D,C172,CESSNA 172 Skyhawk,L1P,L
A6C5EB,N5354G,DHC2,DE HAVILLAND DHC-2 Beaver,L1P,L
A6C6EB,N536CB,,,,
A6C9EB,N5366K,C172,CESSNA 172 Skyhawk,L1P,L
A6D0EB,N5383E,BE35,BEECH 35 Starfire Bonanza,L1P,L
A6D4EB,N5395H,C172,CESSNA 172 Skyhawk,L1P,L
A6D5EB,N54DN,SR20,CIRRUS SR-20,L1P,L
A6D8EB,N540LE,SSTL,JUST JA30 SuperSTOL,L1P,L
A6DBEB,N541CX,C750,CESSNA 750 Citation 10,L2J,M
A6DCEB,N541PC,TAMP,SOCATA TB-9 Tampico,L1P,L
A6DEEB,N54165,C172,CESSNA 172 Skyhawk,L1P,L
A6E1EB,N5421X,SS2P,ROCKWELL Thrush Commander,L1P,L
A6E2EB,N54288,C172,CESSNA 172 Skyhawk,L1P,L
A6EDEB,N54576,C172,CESSNA 172 Skyhawk,L1P,L
A6F4EB,N54741,PA18,PIPER PA-18 Super Cub,L1P,L
A6F5EB,N548CW,P28A,PIPER PA-28-140/150/160/180,L1P,L
A6FAEB,N549S,RV8,VANS RV-8,L1P,L
A6FBEB,N5491W,HROC,HARMON Rocket,L1P,L
A700EB,N550RJ,BE36,BEECH 36 Bonanza,L1P,L
A701EB,N5501E,C150,CESSNA 150,L1P,L
A703EB,N551JA,BE36,BEECH 36 Bonanza,L1P,L
A706EB,N552AT,CH60,ZENAIR CH-600 Zodiac,L1P,L
A709EB,N5525L,C240,CESSNA 240 Corvalis TTx,L1P,L
A70AEB,N553DR,RV9,VANS RV-9,L1P,L
A70DEB,N5537P,PA24,PIPER PA-24 Comanche,L1P,L
A710EB,N5542F,P28A,PIPER PA-28-140/150/160/180,L1P,L
A711EB,N5549S,C82R,CESSNA R182 Skylane RG,L1P,L
A712EB,N555KM,BE35,BEECH 35 Starfire Bonanza,L1P,L
A714EB,N5554J,PA32,PIPER PA-32,L1P,L
A715EB,N556CD,SR22,CIRRUS SR-22,L1P,L
A71AEB,N557RH,PARA,,P0-,-
A71BEB,N5571D,BE33,BEECH 33 Bonanza,L1P,L
A71CEB,N5578Q,M20P,MOONEY M-20,L1P,L
A71DEB,N558J,RV4,VANS RV-4,L1P,L
A720EB,N559AS,B738,BOEING 737-800,L2J,M
A726EB,N560AA,MD82,MCDONNELL-DOUGLAS MD-82,L2J,M
A728EB,N560WN,B737,BOEING 737-700,L2J,M
A72EEB,N562FX,CL35,BOMBARDIER BD-100 Challenger 350,L2J,M
A72FEB,N562SC,HIGH,JUST JA20 Highlander,L1P,L
A730EB,N5621Z,BE33,BEECH 33 Bonanza,L1P,L
A734EB,N56332,M5,MAULE M-5,L1P,L
A736EB,N564MT,DA40,DIAMOND DA-40 Club Star,L1P,L
A738EB,N56455,M6,MAULE M-6,L1P,L
A73CEB,N56578,P28A,PIPER PA-28-140/150/160/180,L1P,L
A73EEB,N566TP,P28B,PIPER PA-28-201T/235/236,L1P,L
A73FEB,N56620,PARA,,P0-,-
A742EB,N567WM,DRON,,D0-,-
A747EB,N56866,PA32,PIPER PA-32,L1P,L
A74AEB,N5691Y,EN28,ENSTROM F-28,H1P,L
A74BEB,N56989,P28A,PIPER PA-28-140/150/160/180,L1P,L
A74EEB,N570FE,DC10,MCDONNELL DOUGLAS DC-10,L3J,H
A74FEB,N570RL,B06,BELL 206 JetRanger,H1T,L
A752EB,N571JC,S22T,CIRRUS SR-22T Turbo,L1P,L
A753EB,N571UJ,MT,ROTORSPORT MTOSport,G1P,L
A754EB,N5713K,BE35,BEECH 35 Starfire Bonanza,L1P,L
A756EB,N572MA,K35R,BOEING KC-135R/T Stratotanker,L4J,H
A75CEB,N5737R,C172,CESSNA 172 Skyhawk,L1P,L
A762EB,N575VV,NAVI,NORTH AMERICAN Navion,L1P,L
A765EB,N576NM,S22T,CIRRUS SR-22T Turbo,L1P,L
A767EB,N5766P,PA24,PIPER PA-24 Comanche,L1P,L
A76AEB,N5771F,M20P,MOONEY M-20,L1P,L
A76CEB,N578JB,T6,NORTH AMERICAN T-6 Texan,L1P,L
A76EEB,N5783J,C210,CESSNA 201 Centurion,L1P,L
A770EB,N579M,C550,CESSNA 550 Citation S2,L2J,L
A773EB,N58DS,C172,CESSNA 172 Skyhawk,L1P,L
A775EB,N580AC,ULAC,,L0-,-
A780EB,N5829B,C182,CESSNA 182 Skylane,L1P,L
A787EB,N58457,C182,CESSNA 182 Skylane,L1P,L
A78AEB,N5850Z,PA22,PIPER PA-22,L1P,L
A78BEB,N5858,S22T,CIRRUS SR-22T Turbo,L1P,L
A78FEB,N587AB,,,,
A791EB,N587WP,BEAR,AVIPRO RB-4 Bearhawk,L1P,L
A793EB,N588D,BE95,BEECH 95 Travel Air,L2P,L
A794EB,N588PF,COL4,CESSNA 400 Corvalis TT,L1P,L
A798EB,N589SD,ULAC,,L0-,-
A79BEB,N59JW,,,,
A79CEB,N59VB,,,,
A7A3EB,N5913M,C310,CESSNA 310,L2P,L
A7AFEB,N5949W,P28A,PIPER PA-28-140/150/160/180,L1P,L
A7BBEB,N598JD,CAMP,GREGA GN-1 Aircamper,L1P,L
A7BDEB,N5983L,AA1,AMERICAN AA-1,L1P,L
A7BFEB,N599MB,C208,CESSNA 208 Caravan,L1T,L
A7C1EB,N5995P,PA24,PIPER PA-24 Comanche,L1P,L
A7C3EB,N6Q,VELO,Velocity,L1P,L
A7CCEB,N601WA,AEST,AEROSTAR 600,L2P,L
A7CDEB,N6014S,AT5T,AIR TRACTOR AT-504,L1T,L
A7D1EB,N6026V,,,,
A7DCEB,N6055T,C150,CESSNA 150,L1P,L
A7E1EB,N607GW,RV7,VANS RV-7,L1P,L
A7E3EB,N6072N,BE23,BEECH 23 Sundowner,L1P,L
A7E4EB,N6079Z,PA25,PIPER PA-25 Pawnee,L1P,L
A7E7EB,N6084R,C172,CESSNA 172 Skyhawk,L1P,L
A7F1EB,N6106C,SR22,CIRRUS SR-22,L1P,L
A7F4EB,N61105,T206,CESSNA T206 Turbo Stationair,L1P,L
A7F5EB,N6118F,PTS1,PITTS S-1 Special,L1P,L
A7F7EB,N612TX,PC12,PILATUS PC-12,L1T,L
A7F8EB,N61228,BE9T,BEECH F90 King Air,L2T,L
A7F9EB,N613AH,EC45,AIRBUS HELICOPTERS EC-145,H2T,L
A800EB,N6147D,PA22,PIPER PA-22,L1P,L
A803EB,N61516,C185,CESSNA 185 Skywagon,L1P,L
A80BEB,N6176B,C182,CESSNA 182 Skylane,L1P,L
A80CEB,N618ES,SRAI,GREAT PLAINS Sonerai,L1P,L
A80EEB,N61804,C172,CESSNA 172 Skyhawk,L1P,L
A811EB,N619TW,RV8,VANS RV-8,L1P,L
A812EB,N61927,ST75,STEARMAN Kaydet,L1P,L
A814EB,N62LN,PA46,PIPER PA-46-310/350,L1P,L
A81BEB,N621WC,,,,
A81DEB,N622CP,SR20,CIRRUS SR-20,L1P,L
A827EB,N6243S,C150,CESSNA 150,L1P,L
A82EEB,N6260M,UH1,BELL UH-1 Huey,H1T,L
A82FEB,N6267Y,T210,CESSNA T210 Turbo Centurion,L1P,L
A831EB,N627TD,AS55,AEROSPATIALE AS-355 Ecureuil 2,H2T,L
A83AEB,N6296W,P28A,PIPER PA-28-140/150/160/180,L1P,L
A83CEB,N63RS,C550,CESSNA 550 Citation S2,L2J,L
A843EB,N63107,BALL,,B0-,-
A844EB,N6318H,J3,PIPER J-3 Cub,L1P,L
A847EB,N6323,DUCE,BAKENG Duce,L1P,L
A853EB,N6359J,P28A,PIPER PA-28-140/150/160/180,L1P,L
A85DEB,N63806,ST75,STEARMAN Kaydet,L1P,L
A85EEB,N6388G,C150,CESSNA 150,L1P,L
A861EB,N63929,PA23,PIPER PA-23,L2P,L
A862EB,N64AJ,C180,CESSNA  180 Skywagon,L1P,L
A86BEB,N6414W,P28A,PIPER PA-28-140/150/160/180,L1P,L
A871EB,N643RV,RV8,VANS RV-8,L1P,L
A872EB,N6431R,P28A,PIPER PA-28-140/150/160/180,L1P,L
A873EB,N64382,C180,CESSNA  180 Skywagon,L1P,L
A877EB,N645BD,SR22,CIRRUS SR-22,L1P,L
A87AEB,N6455X,C180,CESSNA  180 Skywagon,L1P,L
A87DEB,N6460P,PA24,PIPER PA-24 Comanche,L1P,L
A880EB,N647TF,RV12,VANS RV-12,L1P,L
A882EB,N64793,BE36,BEECH 36 Bonanza,L1P,L
A88FEB,N6506G,T210,CESSNA T210 Turbo Centurion,L1P,L
A891EB,N651RC,B06,BELL 206 JetRanger,H1T,L
A893EB,N6518K,RC3,REPUBLIC RC-3 Seabee,A1P,L
A895EB,N652UA,B763,BOEING 767-300,L2J,H
A897EB,N653AM,CH60,ZENAIR CH-600 Zodiac,L1P,L
A89EEB,N6547H,J3,PIPER J-3 Cub,L1P,L
A8A0EB,N655SP,BE20,BEECH 200 Super King Air,L2T,M
A8A7EB,N657ND,P28A,PIPER PA-28-140/150/160/180,L1P,L
A8ADEB,N6588J,P28A,PIPER PA-28-140/150/160/180,L1P,L
A8AFEB,N659U,G164,GRUMMAN G-164 Ag-Cat,L1P,L
A8B0EB,N6593A,PA18,PIPER PA-18 Super Cub,L1P,L
A8B1EB,N66AL,PA44,PIPER PA-44 Seminole,L2P,L
A8B3EB,N66WY,HUSK,CHRISTEN Husky,L1P,L
A8B4EB,N660HC,C680,CESSNA 680 Citation Sovereign,L2J,M
A8B7EB,N66096,RELI,STINSON Reliant,L1P,L
A8BAEB,N6614Y,T210,CESSNA T210 Turbo Centurion,L1P,L
A8BEEB,N66261,C150,CESSNA 150,L1P,L
A8C1EB,N6631T,C150,CESSNA 150,L1P,L
A8C2EB,N66384,C150,CESSNA 150,L1P,L
A8C5EB,N6643W,P28A,PIPER PA-28-140/150/160/180,L1P,L
A8C8EB,N665XT,,,,
A8D2EB,N668L,LNC2,LANCAIR 200-320,L1P,L
A8D5EB,N669CS,BE58,BEECH 58 Baron,L2P,L
A8EAEB,N674DM,BE33,BEECH 33 Bonanza,L1P,L
A8EFEB,N675SR,SR22,CIRRUS SR-22,L1P,L
A8F8EB,N6776H,J3,PIPER J-3 Cub,L1P,L
A8FAEB,N678RD,S108,STINSON 108 Voyager,L1P,L
A901EB,N68LU,LJ24,LEARJET 24,L2J,L
A902EB,N68X,PA30,PIPER PA-30 Twin Comanche,L2P,L
A905EB,N6802X,MUS2,BUSHBY M-2 Mustang 2,L1P,L
A90BEB,N682PA,SB20,SAAB 2000,L2T,M
A90DEB,N68263,ST75,STEARMAN Kaydet,L1P,L
A910EB,N6831V,M20P,MOONEY M-20,L1P,L
A914EB,N6843Y,PA23,PIPER PA-23,L2P,L
A91CEB,N68674,,,,
A91DEB,N687HD,DRON,,D0-,-
A91FEB,N6872W,P28A,PIPER PA-28-140/150/160/180,L1P,L
A921EB,N688LB,C750,CESSNA 750 Citation 10,L2J,M
A925EB,N689P,SPHA,AMERICAN AUTOGYRO Spinus,G1P,L
A927EB,N68962,UH12,HILLER UH-12,H1P,L
A92AEB,N690CC,AC90,NORTH AMERICAN ROCKWELL Turbo Commander 690/840,L2T,L
A93EEB,N695ST,P46T,PIPER PA-46-500TP,L1T,L
A93FEB,N6952D,BALL,,B0-,-
A944EB,N697CB,SR22,CIRRUS SR-22,L1P,L
A947EB,N6976K,G164,GRUMMAN G-164 Ag-Cat,L1P,L
A94EEB,N6993E,C175,CESSNA 175 Skylark,L1P,L
A952EB,N70HG,E400,EXTRA EA-400,L1P,L
A954EB,N700DT,TBM7,SOCATA TBM-700A/B/C,L1T,L
A956EB,N7000E,C175,CESSNA 175 Skylark,L1P,L
A957EB,N7007R,B407,BELL 407,H1T,L
A958EB,N701GR,B47G,BELL 47G,H1P,L
A95AEB,N7012H,J3,PIPER J-3 Cub,L1P,L
A95BEB,N7019U,BALL,,B0-,-
A95EEB,N7024L,,,,
A95FEB,N703CF,ULAC,,L0-,-
A962EB,N7036P,PA24,PIPER PA-24 Comanche,L1P,L
A967EB,N705JB,A320,AIRBUS A-320,L2J,M
A96BEB,N706M,FBA2,FOUND FB-2 Bush Hawk,L1P,L
A96DEB,N7065M,C175,CESSNA 175 Skylark,L1P,L
A96EEB,N707DS,S76,SIKORSKY S-76 Spirit,H2T,L
A970EB,N7070D,PA18,PIPER PA-18 Super Cub,L1P,L
A971EB,N7077Q,R66,ROBINSON R-66,H1T,L
A973EB,N708SW,B737,BOEING 737-700,L2J,M
A974EB,N7082G,C172,CESSNA 172 Skyhawk,L1P,L
A979EB,N71CE,C82S,CESSNA T182 Turbo Skylane,L1P,L
A97FEB,N711BP,PA11,PIPER PA-11 Cub Special,L1P,L
A981EB,N711YA,LNC2,LANCAIR 200-320,L1P,L
A982EB,N71157,L8,LUSCOMBE 8,L1P,L
A98AEB,N714AB,C150,CESSNA 150,L1P,L
A98CEB,N714WP,C152,CESSNA 152,L1P,L
A994EB,N71610,C182,CESSNA 182 Skylane,L1P,L
A996EB,N717JW,FOX,KITFOX,L1P,L
A99BEB,N718Y,G164,GRUMMAN G-164 Ag-Cat,L1P,L
A99DEB,N719EL,BE40,BEECH 400 Beechjet,L2J,M
A99FEB,N7190Y,PA30,PIPER PA-30 Twin Comanche,L2P,L
A9A1EB,N72HJ,HDJT,HONDA HondaJet,L2J,L
A9A5EB,N7200G,C172,CESSNA 172 Skyhawk,L1P,L
A9A6EB,N7207T,C172,CESSNA 172 Skyhawk,L1P,L
A9A7EB,N721GT,BE20,BEECH 200 Super King Air,L2T,M
A9ADEB,N7224N,C182,CESSNA 182 Skylane,L1P,L
A9B3EB,N724RM,C680,CESSNA 680 Citation Sovereign,L2J,M
A9B8EB,N7253L,,,,
A9B9EB,N726AW,BL8,BELLANCA 8 Decathlon,L1P,L
A9BAEB,N726MB,C172,CESSNA 172 Skyhawk,L1P,L
A9BCEB,N7265P,PA24,PIPER PA-24 Comanche,L1P,L
A9BEEB,N727Q,BE35,BEECH 35 Starfire Bonanza,L1P,L
A9C0EB,N7277S,C150,CESSNA 150,L1P,L
A9C3EB,N7282J,P28A,PIPER PA-28-140/150/160/180,L1P,L
A9C8EB,N73CG,,,,
A9CDEB,N73036,C207,CESSNA 207 Turbo Stationair,L1P,L
A9D2EB,N732EP,C210,CESSNA 201 Centurion,L1P,L
A9D6EB,N733HM,GLST,GLASAIR SH-4 GlaStar,L1P,L
A9D7EB,N733TT,C172,CESSNA 172 Skyhawk,L1P,L
A9D8EB,N73324,C172,CESSNA 172 Skyhawk,L1P,L
A9DBEB,N734WR,C172,CESSNA 172 Skyhawk,L1P,L
A9DDEB,N735DB,C182,CESSNA 182 Skylane,L1P,L
A9DEEB,N735PH,C182,CESSNA 182 Skylane,L1P,L
A9DFEB,N735ZP,C182,CESSNA 182 Skylane,L1P,L
A9E1EB,N736G,BE36,BEECH 36 Bonanza,L1P,L
A9E2EB,N736SF,DRON,,D0-,-
A9E3EB,N73612,C207,CESSNA 207 Turbo Stationair,L1P,L
A9E5EB,N737JY,C172,CESSNA 172 Skyhawk,L1P,L
A9E7EB,N73735,C172,CESSNA 172 Skyhawk,L1P,L
A9E8EB,N738BQ,C182,CESSNA 182 Skylane,L1P,L
A9E9EB,N738MW,C172,CESSNA 172 Skyhawk,L1P,L
A9EAEB,N738YB,C172,CESSNA 172 Skyhawk,L1P,L
A9EEEB,N73900,C172,CESSNA 172 Skyhawk,L1P,L
A9FDEB,N743CK,B744,BOEING 747-400,L4J,H
A9FFEB,N743YX,E75L,EMBRAER ERJ-170-200 (long wing),L2J,M
AA07EB,N7453N,BE95,BEECH 95 Travel Air,L2P,L
AA0CEB,N747DW,BE58,BEECH 58 Baron,L2P,L
AA12EB,N7482L,PA18,PIPER PA-18 Super Cub,L1P,L
AA16EB,N7494P,PA24,PIPER PA-24 Comanche,L1P,L
AA17EB,N75CJ,MR35,MURPHY SR-3500 Super Rebel,L1P,L
AA1AEB,N750KA,BE20,BEECH 200 Super King Air,L2T,M
AA1CEB,N75038,BALL,,B0-,-
AA20EB,N7516A,BALL,,B0-,-
AA27EB,N75326,PARA,,P0-,-
AA2BEB,N75449,RV8,VANS RV-8,L1P,L
AA2EEB,N755ZR,TBM7,SOCATA TBM-700A/B/C,L1T,L
AA2FEB,N7557B,CH7A,BELLANCA 7 Champion,L1P,L
AA30EB,N756GB,SR22,CIRRUS SR-22,L1P,L
AA32EB,N75614,BE17,BEECH 17 Staggerwing,L1P,L
AA33EB,N7569E,CH7A,BELLANCA 7 Champion,L1P,L
AA34EB,N757K,T28,NORTH AMERICAN T-28,L1P,L
AA38EB,N758MY,C172,CESSNA 172 Skyhawk,L1P,L
AA46EB,N761TC,T210,CESSNA T210 Turbo Centurion,L1P,L
AA48EB,N76190,C140,CESSNA 140,L1P,L
AA4BEB,N7624S,BL8,BELLANCA 8 Decathlon,L1P,L
AA4DEB,N763NT,DRON,,D0-,-
AA52EB,N7641M,C175,CESSNA 175 Skylark,L1P,L
AA53EB,N7648Y,PA30,PIPER PA-30 Twin Comanche,L2P,L
AA58EB,N766MF,AA5,AMERICAN AA-5 Tiger,L1P,L
AA5CEB,N767QD,DRON,,D0-,-
AA5DEB,N7670K,PA20,PIPER PA-20 Pacer,L1P,L
AA5EEB,N7677W,P28A,PIPER PA-28-140/150/160/180,L1P,L
AA66EB,N77CL,BE95,BEECH 95 Travel Air,L2P,L
AA68EB,N77YY,P32R,PIPER PA-32R-300/301/301T,L1P,L
AA6CEB,N771BV,F2TH,DASSAULT Falcon 2000,L2J,M
AA70EB,N772ET,B772,BOEING 777-200,L2J,H
AA76EB,N77328,C120,CESSNA 120,L1P,L
AA7AEB,N7745A,B737,BOEING 737-700,L2J,M
AA80EB,N776SK,CRJ7,BOMBARDIER Regional Jet CRJ-700,L2J,M
AA83EB,N777KB,SA30,STOLP Starduster Too,L1P,L
AA84EB,N777VH,VENT,SCHEMPP-HIRTH Ventus,L1P,L
AA8DEB,N7798E,C150,CESSNA 150,L1P,L
AA8FEB,N78TW,SLG2,AIRPLANE FACTORY Sling 2,L1P,L
AA93EB,N7807Z,C150,CESSNA 150,L1P,L
AA9BEB,N783CP,C82T,CESSNA TR182 Turbo Skylane RG,L1P,L
AA9DEB,N783ZA,BE30,BEECH 300 Super King Air,L2T,L
AA9EEB,N7836X,C172,CESSNA 172 Skyhawk,L1P,L
AAA9EB,N7865V,M20P,MOONEY M-20,L1P,L
AAADEB,N7877Y,BALL,,B0-,-
AAAFEB,N788TD,PA18,PIPER PA-18 Super Cub,L1P,L
AAB1EB,N78891,M20P,MOONEY M-20,L1P,L
AAB3EB,N789WB,COL3,CESSNA 350 Corvalis,L1P,L
AAB4EB,N7894T,C172,CESSNA 172 Skyhawk,L1P,L
AAB5EB,N79CN,P180,PIAGGIO P-180 Avanti,L2T,L
AABAEB,N7904B,C172,CESSNA 172 Skyhawk,L1P,L
AABEEB,N7916E,C150,CESSNA 150,L1P,L
AAC1EB,N79207,C172,CESSNA 172 Skyhawk,L1P,L
AAC3EB,N793HT,S64,SIKORSKY S-64 Skycrane,H2T,M
AAC6EB,N794AK,,,,
AACAEB,N795DH,T206,CESSNA T206 Turbo Stationair,L1P,L
AAD1EB,N7969J,C182,CESSNA 182 Skylane,L1P,L
AAD2EB,N797KD,BE20,BEECH 200 Super King Air,L2T,M
AAD8EB,N7986D,BE35,BEECH 35 Starfire Bonanza,L1P,L
AADCEB,N7998G,C172,CESSNA 172 Skyhawk,L1P,L
AADDEB,N8HS,SF50,CIRRUS SF-50 Vision,L1J,L
AADEEB,N8TY,RV8,VANS RV-8,L1P,L
AADFEB,N80EC,RV4,VANS RV-4,L1P,L
AAE0EB,N80QJ,GLF4,GULFSTREAM 4,L2J,M
AAE1EB,N800AP,DG80,DG FLUGZEUGBAU DG-800,L1P,L
AAE3EB,N800XA,PA31,PIPER PA-31-300/310/325/350/425,L2P,L
AAE4EB,N8005G,C77R,CESSNA 177RG Cardinal RG,L1P,L
AAE5EB,N801DM,B752,BOEING 757-200,L2J,M
AAE6EB,N801PT,RV8,VANS RV-8,L1P,L
AAEAEB,N802SR,SR22,CIRRUS SR-22,L1P,L
AAECEB,N8029N,P28A,PIPER PA-28-140/150/160/180,L1P,L
AAEFEB,N8034E,AA5,AMERICAN AA-5 Tiger,L1P,L
AAF0EB,N804C,PA46,PIPER PA-46-310/350,L1P,L
AAF3EB,N8046H,GSIS,INNOAVIATION Genesis,L1P,L
AAF7EB,N8058L,AT8T,AIR TRACTOR AT-802,L1T,M
AAFAEB,N8063C,P28A,PIPER PA-28-140/150/160/180,L1P,L
AAFDEB,N807X,C182,CESSNA 182 Skylane,L1P,L
AAFEEB,N8075F,C150,CESSNA 150,L1P,L
AAFFEB,N808DL,PA32,PIPER PA-32,L1P,L
AB00EB,N808PS,RV8,VANS RV-8,L1P,L
AB07EB,N81KG,BE20,BEECH 200 Super King Air,L2T,M
AB08EB,N81VN,LJ35,LEARJET 35,L2J,M
AB13EB,N81251,AA5,AMERICAN AA-5 Tiger,L1P,L
AB1AEB,N8142W,BE33,BEECH 33 Bonanza,L1P,L
AB1BEB,N81497,P28A,PIPER PA-28-140/150/160/180,L1P,L
AB1DEB,N815WH,F900,DASSAULT Falcon 900,L3J,M
AB1EEB,N8154Z,C210,CESSNA 201 Centurion,L1P,L
AB20EB,N816P,M20T,MOONEY M-20T,L1P,L
AB29EB,N8183X,P28B,PIPER PA-28-201T/235/236,L1P,L
AB2DEB,N81950,PARA,,P0-,-
AB36EB,N8210A,C170,CESSNA 170,L1P,L
AB37EB,N8217M,C182,CESSNA 182 Skylane,L1P,L
AB38EB,N822GM,SR22,CIRRUS SR-22,L1P,L
AB39EB,N822ST,EVOP,LANCAIR Evolution Piston,L1P,L
AB3AEB,N8222D,P28A,PIPER PA-28-140/150/160/180,L1P,L
AB3BEB,N8229Q,C414,CESSNA 414 Chancellor,L2P,L
AB3FEB,N824CB,PA31,PIPER PA-31-300/310/325/350/425,L2P,L
AB43EB,N825F,LESP,LANCAIR ES-P,L1P,L
AB45EB,N8251B,CRER,RANS Courier,L1P,L
AB46EB,N8258N,P28A,PIPER PA-28-140/150/160/180,L1P,L
AB49EB,N8263E,PA32,PIPER PA-32,L1P,L
AB4DEB,N8275H,P28B,PIPER PA-28-201T/235/236,L1P,L
AB4EEB,N828DN,B739,BOEING 737-900,L2J,M
AB51EB,N8287L,C172,CESSNA 172 Skyhawk,L1P,L
AB55EB,N8299P,PA24,PIPER PA-24 Comanche,L1P,L
AB5AEB,N8301X,C172,CESSNA 172 Skyhawk,L1P,L
AB5BEB,N83088,CH7A,BELLANCA 7 Champion,L1P,L
AB5CEB,N831JT,RAF2,ROTARY AIR FORCE RAF-2000,G1P,L
AB5EEB,N83130,R22,ROBINSON R-22 Mariner,H1P,L
AB65EB,N8330V,CH7B,BELLANCA 7 Citabria,L1P,L
AB68EB,N834TM,BE35,BEECH 35 Starfire Bonanza,L1P,L
AB69EB,N8342Y,P28A,PIPER PA-28-140/150/160/180,L1P,L
AB6AEB,N83499,CH7A,BELLANCA 7 Champion,L1P,L
AB74EB,N8371W,P28A,PIPER PA-28-140/150/160/180,L1P,L
AB76EB,N838JS,C56X,CESSNA 560XL Citation XLS,L2J,M
AB78EB,N8383Z,P28A,PIPER PA-28-140/150/160/180,L1P,L
AB7CEB,N83952,CH7A,BELLANCA 7 Champion,L1P,L
AB85EB,N8410C,P28A,PIPER PA-28-140/150/160/180,L1P,L
AB86EB,N8417P,PA24,PIPER PA-24 Comanche,L1P,L
AB88EB,N842SV,R22,ROBINSON R-22 Mariner,H1P,L
AB8AEB,N8429S,C182,CESSNA 182 Skylane,L1P,L
AB8EEB,N844CD,SR22,CIRRUS SR-22,L1P,L
AB9FEB,N8480B,PA12,PIPER PA-12 Super Cruiser,L1P,L
ABA3EB,N8492E,B47G,BELL 47G,H1P,L
ABA4EB,N8499R,P28A,PIPER PA-28-140/150/160/180,L1P,L
ABA8EB,N850SC,TBM7,SOCATA TBM-700A/B/C,L1T,L
ABA9EB,N8501Z,J4,PIPER J-4 Cub Coupe,L1P,L
ABACEB,N851VA,A320,AIRBUS A-320,L2J,M
ABB1EB,N85255,CH7A,BELLANCA 7 Champion,L1P,L
ABB5EB,N85378,CH7A,BELLANCA 7 Champion,L1P,L
ABB8EB,N85420,CH7A,BELLANCA 7 Champion,L1P,L
ABB9EB,N855A,G280,GULFSTREAM G280,L2J,M
ABBCEB,N85543,CH7A,BELLANCA 7 Champion,L1P,L
ABC3EB,N8571Y,P28A,PIPER PA-28-140/150/160/180,L1P,L
ABCBEB,N85954,ULAC,,L0-,-
ABCFEB,N860MA,MU2,MITSUBISHI MU-2 Marquise,L2T,L
ABD1EB,N8605N,P28A,PIPER PA-28-140/150/160/180,L1P,L
ABD9EB,N8629U,C172,CESSNA 172 Skyhawk,L1P,L
ABE1EB,N865FD,B77L,BOEING 777-200LR,L2J,H
ABE4EB,N8658S,C150,CESSNA 150,L1P,L
ABE9EB,N867M,,,,
ABEFEB,N8687Q,BE35,BEECH 35 Starfire Bonanza,L1P,L
ABF3EB,N8699T,C182,CESSNA 182 Skylane,L1P,L
ABF9EB,N8709B,C172,CESSNA 172 Skyhawk,L1P,L
ABFFEB,N872YA,,,,
AC03EB,N8730Z,C77R,CESSNA 177RG Cardinal RG,L1P,L
AC0CEB,N876D,S108,STINSON 108 Voyager,L1P,L
AC11EB,N877SD,C25B,CESSNA 525B Citation CJ3,L2J,L
AC12EB,N87710,J3,PIPER J-3 Cub,L1P,L
AC14EB,N878JW,C185,CESSNA 185 Skywagon,L1P,L
AC15EB,N878VB,ULAC,,L0-,-
AC1AEB,N87956,J3,PIPER J-3 Cub,L1P,L
AC1BEB,N88EL,PRM1,RAYTHEON 390 Premier 1,L2J,L
AC23EB,N8810G,C150,CESSNA 150,L1P,L
AC24EB,N8817T,C182,CESSNA 182 Skylane,L1P,L
AC25EB,N882GT,AS50,AEROSPATIALE AS-350 Ecureuil,H1T,L
AC28EB,N8829W,P28B,PIPER PA-28-201T/235/236,L1P,L
AC2FEB,N8846R,B14A,BELLANCA 14,L1P,L
AC31EB,N885RM,ULAC,,L0-,-
AC32EB,N8851H,G164,GRUMMAN G-164 Ag-Cat,L1P,L
AC33EB,N8858U,C172,CESSNA 172 Skyhawk,L1P,L
AC3AEB,N8875P,PA24,PIPER PA-24 Comanche,L1P,L
AC3BEB,N888DU,B739,BOEING 737-900,L2J,M
AC3CEB,N888Q,T210,CESSNA T210 Turbo Centurion,L1P,L
AC3FEB,N889GS,BL8,BELLANCA 8 Decathlon,L1P,L
AC41EB,N8892J,P28A,PIPER PA-28-140/150/160/180,L1P,L
AC43EB,N89KQ,K100,DAHER Kodiak 100,L1T,L
AC47EB,N89013,T6,NORTH AMERICAN T-6 Texan,L1P,L
AC48EB,N8909D,PA22,PIPER PA-22,L1P,L
AC52EB,N89301,C152,CESSNA 152,L1P,L
AC58EB,N895LK,,,,
AC5FEB,N897G,P28A,PIPER PA-28-140/150/160/180,L1P,L
AC65EB,N89835,C140,CESSNA 140,L1P,L
AC69EB,N89958,C120,CESSNA 120,L1P,L
AC6CEB,N90AZ,BALL,,B0-,-
AC6DEB,N90ME,BE9L,BEECH 90 King Air,L2T,L
AC6EEB,N90XL,BALL,,B0-,-
AC6FEB,N900HR,TAYB,TAYLORCRAFT BC/BF/BL,L1P,L
AC70EB,N900TX,CH7B,BELLANCA 7 Citabria,L1P,L
AC71EB,N90028,C120,CESSNA 120,L1P,L
AC73EB,N901LP,B06,BELL 206 JetRanger,H1T,L
AC7AEB,N903GD,BN2P,BRITTEN-NORMAN BN-2 Islander,L2P,L
AC7CEB,N90316,GC1,GLOBE Swift,L1P,L
AC84EB,N9056B,CH7A,BELLANCA 7 Champion,L1P,L
AC85EB,N906ES,TRDO,TITAN Tornado SS,L1P,L
AC88EB,N9068E,AR11,AERONCA 11 Chief,L1P,L
AC8BEB,N90727,G44,GRUMMAN G-44 Widgeon,A2P,L
AC90EB,N909DE,MD88,MCDONNELL-DOUGLAS MD-88,L2J,M
AC94EB,N91GC,DA40,DIAMOND DA-40 Club Star,L1P,L
AC96EB,N910CP,C172,CESSNA 172 Skyhawk,L1P,L
AC98EB,N910ZA,TBM7,SOCATA TBM-700A/B/C,L1T,L
AC99EB,N9106X,C182,CESSNA 182 Skylane,L1P,L
AC9CEB,N9111P,PA46,PIPER PA-46-310/350,L1P,L
AC9EEB,N912JK,PA24,PIPER PA-24 Comanche,L1P,L
ACA0EB,N9123S,BALL,,B0-,-
ACA1EB,N913BB,,,,
ACA4EB,N9135V,M20P,MOONEY M-20,L1P,L
ACA5EB,N914E,RV7,VANS RV-7,L1P,L
ACA7EB,N9140M,M20P,MOONEY M-20,L1P,L
ACA8EB,N9147Y,,,,
ACA9EB,N915GY,MT,ROTORSPORT MTOSport,G1P,L
ACAAEB,N915TD,SR22,CIRRUS SR-22,L1P,L
ACABEB,N9152Q,M20P,MOONEY M-20,L1P,L
ACACEB,N91591,SRAI,GREAT PLAINS Sonerai,L1P,L
ACADEB,N916KW,LA25,LAKE LA-250,A1P,L
ACAEEB,N916WB,LEG2,LANCAIR Legacy,L1P,L
ACB2EB,N917Z,AS50,AEROSPATIALE AS-350 Ecureuil,H1T,L
ACBAEB,N9193R,PA46,PIPER PA-46-310/350,L1P,L
ACBBEB,N92BA,PA38,PIPER PA-38 Tomahawk,L1P,L
ACBCEB,N92MG,AEST,AEROSTAR 600,L2P,L
ACC1EB,N921AK,B39M,BOEING 737 MAX 9,L2J,M
ACC4EB,N9215C,C180,CESSNA  180 Skywagon,L1P,L
ACC5EB,N922DH,M20T,MOONEY M-20T,L1P,L
ACC6EB,N922PP,R44,ROBINSON R-44 Raven,H1P,L
ACCAEB,N923SM,R22,ROBINSON R-22 Mariner,H1P,L
ACCCEB,N9239J,P28A,PIPER PA-28-140/150/160/180,L1P,L
ACCFEB,N9244A,C170,CESSNA 170,L1P,L
ACD2EB,N925YH,DA40,DIAMOND DA-40 Club Star,L1P,L
ACD3EB,N9256D,P28A,PIPER PA-28-140/150/160/180,L1P,L
ACE2EB,N9297E,M5,MAULE M-5,L1P,L
ACE4EB,N93SL,EXEC,ROTORWAY Exec,H1P,L
ACEAEB,N931RV,RV8,VANS RV-8,L1P,L
ACEBEB,N9311R,G44,GRUMMAN G-44 Widgeon,A2P,L
ACEDEB,N932JM,C82S,CESSNA T182 Turbo Skylane,L1P,L
ACF3EB,N9335X,C82R,CESSNA R182 Skylane RG,L1P,L
ACF8EB,N935H,,,,
ACFAEB,N9352S,BE23,BEECH 23 Sundowner,L1P,L
ACFBEB,N93593,ERCO,AIR PRODUCTS F-1 Aircoupe,L1P,L
ACFDEB,N936WD,BE36,BEECH 36 Bonanza,L1P,L
AD0AEB,N94BC,C182,CESSNA 182 Skylane,L1P,L
AD0BEB,N94MJ,BE20,BEECH 200 Super King Air,L2T,M
AD0EEB,N940UA,,,,
AD10EB,N941AM,B407,BELL 407,H1T,L
AD11EB,N941LT,E145,EMBRAER ERJ-145,L2J,M
AD17EB,N9427H,FINC,FLEET Finch,L1P,L
AD19EB,N943SP,C172,CESSNA 172 Skyhawk,L1P,L
AD1BEB,N9439L,AA1,AMERICAN AA-1,L1P,L
AD1EEB,N9444C,C180,CESSNA  180 Skywagon,L1P,L
AD24EB,N946RB,PC12,PILATUS PC-12,L1T,L
AD25EB,N94608,C182,CESSNA 182 Skylane,L1P,L
AD26EB,N9468J,P28A,PIPER PA-28-140/150/160/180,L1P,L
AD34EB,N950CT,PA31,PIPER PA-31-300/310/325/350/425,L2P,L
AD3EEB,N9523W,P28A,PIPER PA-28-140/150/160/180,L1P,L
AD41EB,N953XT,C25C,CESSNA 525C Citation CJ4,L2J,M
AD45EB,N9540R,BE35,BEECH 35 Starfire Bonanza,L1P,L
AD49EB,N9552U,AA1,AMERICAN AA-1,L1P,L
AD4EEB,N957CS,R44,ROBINSON R-44 Raven,H1P,L
AD53EB,N958RW,AVID,AVID Flyer,L1P,L
AD54EB,N9581S,CH7A,BELLANCA 7 Champion,L1P,L
AD58EB,N9593V,C172,CESSNA 172 Skyhawk,L1P,L
AD59EB,N96BE,FOX,KITFOX,L1P,L
AD5AEB,N96ML,PA32,PIPER PA-32,L1P,L
AD63EB,N962DM,E55P,EMBRAER EMB-505 Phenom 300,L2J,M
AD66EB,N9627K,P28A,PIPER PA-28-140/150/160/180,L1P,L
AD69EB,N9632B,C180,CESSNA  180 Skywagon,L1P,L
AD79EB,N968AN,B738,BOEING 737-800,L2J,M
AD87EB,N971FT,PA23,PIPER PA-23,L2P,L
AD8BEB,N972JR,DRON,,D0-,-
AD97EB,N975TK,SR20,CIRRUS SR-20,L1P,L
ADA0EB,N97762,S108,STINSON 108 Voyager,L1P,L
ADA4EB,N97885,S108,STINSON 108 Voyager,L1P,L
ADA7EB,N9793X,C210,CESSNA 201 Centurion,L1P,L
ADA8EB,N98BG,G109,GROB G-109,L1P,L
ADA9EB,N98MN,B350,BEECHCRAFT Super King Air 350,L2T,M
ADAEEB,N981AR,S22T,CIRRUS SR-22T Turbo,L1P,L
ADB5EB,N9827M,M4,MAULE M-4,L1P,L
ADB7EB,N983ST,A119,AGUSTA AW-119 Koala,H1T,L
ADB8EB,N9832D,PA22,PIPER PA-22,L1P,L
ADB9EB,N9839Q,PA18,PIPER PA-18 Super Cub,L1P,L
ADC7EB,N9873E,C82R,CESSNA R182 Skylane RG,L1P,L
ADCBEB,N9885H,BE17,BEECH 17 Staggerwing,L1P,L
ADCCEB,N989DN,B712,BOEING 717-200,L2J,M
ADD0EB,N99GL,G2T1,GREAT LAKES 2T-1,L1P,L
ADD1EB,N99SS,CH7B,BELLANCA 7 Citabria,L1P,L
ADD3EB,N990PC,C414,CESSNA 414 Chancellor,L2P,L
ADD8EB,N9911X,C185,CESSNA 185 Skywagon,L1P,L
ADD9EB,N99188,ERCO,AIR PRODUCTS F-1 Aircoupe,L1P,L
ADDCEB,N99230,,,,
ADE0EB,N99353,ERCO,AIR PRODUCTS F-1 Aircoupe,L1P,L
ADE3EB,N9940V,C172,CESSNA 172 Skyhawk,L1P,L
ADEBEB,N99641,ERCO,AIR PRODUCTS F-1 Aircoupe,L1P,L
ADECEB,N997CW,P28A,PIPER PA-28-140/150/160/180,L1P,L
ADEFEB,N99764,ERCO,AIR PRODUCTS F-1 Aircoupe,L1P,L
ADF1EB,N998S,,,,
ADF4EB,N999JS,LJ35,LEARJET 35,L2J,M
ADF6EB,N9993Z,,,,
ADFCEB,94-0140,BE40,BEECH 400 Beechjet,L2J,M
ADFDEB,94-6706,C130,LOCKHEED C-130 Hercules,L4T,M
ADFFEB,67-14927,T38,NORTHROP T-38 Talon,L2J,L
AE01EB,97-3019,TEX2,BEECHCRAFT T-6 Texan 2,L1T,L
AE02EB,85-1362,C130,LOCKHEED C-130 Hercules,L4T,M
AE03EB,165314,C130,LOCKHEED C-130 Hercules,L4T,M
AE04EB,61-0311,K35R,BOEING KC-135R/T Stratotanker,L4J,H
AE07EB,96-0001,C17,BOEING C-17 Globemaster 3,L4J,H
AE08EB,83-0494,BE20,BEECH 200 Super King Air,L2T,M
AE09EB,84-23997,H60,SIKORSKY UH-60 Black Hawk,H2T,M
AE0BEB,98-26805,H60,SIKORSKY UH-60 Black Hawk,H2T,M
AE0CEB,86-24534,H60,SIKORSKY UH-60 Black Hawk,H2T,M
AE0DEB,94-26627,H60,SIKORSKY UH-60 Black Hawk,H2T,M
AE10EB,2005,C30J,LOCKHEED MARTIN C-130J Super Hercules,L4T,M
AE11EB,80-0138,E3TF,BOEING E-3 Sentry (TF33),L4J,H
AE18EB,79-0093,A10,FAIRCHILD A-10 Thunderbolt II,L2J,M
AE1BEB,07-1468,C30J,LOCKHEED MARTIN C-130J Super Hercules,L4T,M
AE1FEB,12-72220,EC45,AIRBUS HELICOPTERS EC-145,H2T,L
AE24EB,165816,E2,NORTHROP GRUMMAN E-2 Hawkeye,L2T,M
AE2BEB,166568,H60,SIKORSKY UH-60 Black Hawk,H2T,M
AE2EEB,166110,TEX2,BEECHCRAFT T-6 Texan 2,L1T,L
AE47EB,07-20046,H60,SIKORSKY UH-60 Black Hawk,H2T,M
AE4CEB,09-0044,V22,BELL-BOEING V-22 Osprey,R2T,M
AE4EEB,08-0047,V22,BELL-BOEING V-22 Osprey,R2T,M
AE4FEB,168155,H60,SIKORSKY UH-60 Black Hawk,H2T,M
AE50EB,10-20320,H60,SIKORSKY UH-60 Black Hawk,H2T,M
AE51EB,11-20409,H60,SIKORSKY UH-60 Black Hawk,H2T,M
AE52EB,11-08847,H47,BOEING-VERTOL CH-47 Chinook,H2T,M
AE54EB,166217,TEX2,BEECHCRAFT T-6 Texan 2,L1T,L
AE58EB,166246,TEX2,BEECHCRAFT T-6 Texan 2,L1T,L
AE59EB,15-08190,H47,BOEING-VERTOL CH-47 Chinook,H2T,M
AE5AEB,15-20777,H60,SIKORSKY UH-60 Black Hawk,H2T,M
AE5CEB,92-26470,H60,SIKORSKY UH-60 Black Hawk,H2T,M
AE5DEB,2012,C30J,LOCKHEED MARTIN C-130J Super Hercules,L4T,M
AE5EEB,162674,B06,BELL 206 JetRanger,H1T,L
AE60EB,160478,T34T,BEECH T-34C Turbo Mentor,L1T,L
AE63EB,63-8218,T38,NORTHROP T-38 Talon,L2J,L
AE6BEB,86-0102,B1,ROCKWELL B-1 Lancer,L4J,H
C000EB,C-FAJA,B789,BOEING 787-9 Dreamliner,L2J,H
C001EB,C-FASW,C25A,CESSNA 525A Citation CJ2,L2J,L
C003EB,C-FBMO,C185,CESSNA 185 Skywagon,L1P,L
C004EB,C-FBWK,RA14,MARANDA BM-1,L1P,L
C005EB,C-FCGG,C172,CESSNA 172 Skyhawk,L1P,L
C006EB,C-FCQC,C172,CESSNA 172 Skyhawk,L1P,L
C007EB,C-FCZY,CHR1,ELMWOOD CA-05 Christavia Mk1,L1P,L
C008EB,C-FDJU,,,,
C009EB,C-FDTQ,RV8,VANS RV-8,L1P,L
C00AEB,C-FEDM,PA12,PIPER PA-12 Super Cruiser,L1P,L
C00BEB,C-FENI,P28A,PIPER PA-28-140/150/160/180,L1P,L
C00CEB,C-FEXE,C208,CESSNA 208 Caravan,L1T,L
C00DEB,C-FFHA,DHC2,DE HAVILLAND DHC-2 Beaver,L1P,L
C00EEB,C-FFQW,,,,
C00FEB,C-FGAS,M20T,MOONEY M-20T,L1P,L
C010EB,C-FGKO,,,,
C012EB,C-FHEG,ULAC,,L0-,-
C013EB,C-FHOC,C172,CESSNA 172 Skyhawk,L1P,L
C014EB,C-FHXY,,,,
C016EB,C-FIRQ,ULAC,,L0-,-
C017EB,C-FJBM,DHC2,DE HAVILLAND DHC-2 Beaver,L1P,L
C018EB,C-FJLI,,,,
C019EB,C-FJVE,B738,BOEING 737-800,L2J,M
C01AEB,C-FKFA,CVLT,CANADAIR Cosmopolitan,L2T,M
C01CEB,C-FKYS,C172,CESSNA 172 Skyhawk,L1P,L
C01DEB,C-FLIO,C175,CESSNA 175 Skylark,L1P,L
C01EEB,C-FLSK,,,,
C01FEB,C-FMCG,C680,CESSNA 680 Citation Sovereign,L2J,M
C020EB,C-FMMC,RC3,REPUBLIC RC-3 Seabee,A1P,L
C021EB,C-FMVY,,,,
C022EB,C-FNFU,AS50,AEROSPATIALE AS-350 Ecureuil,H1T,L
C023EB,C-FNPQ,R44,ROBINSON R-44 Raven,H1P,L
C025EB,C-FOJI,AR11,AERONCA 11 Chief,L1P,L
C026EB,C-FOTE,PA22,PIPER PA-22,L1P,L
C027EB,C-FPDA,SR20,CIRRUS SR-20,L1P,L
C028EB,C-FPMW,AS50,AEROSPATIALE AS-350 Ecureuil,H1T,L
C029EB,C-FPWS,GLID,,L0-,-
C02AEB,C-FQGO,C336,CESSNA 336 Skymaster,L2P,L
C02CEB,C-FRAG,TAYA,TAYLORCRAFT A,L1P,L
C02DEB,C-FRKC,C172,CESSNA 172 Skyhawk,L1P,L
C02EEB,C-FRTY,DA40,DIAMOND DA-40 Club Star,L1P,L
C02FEB,C-FSDU,ZZZZ,,-0-,-
C030EB,C-FSNQ,B38M,BOEING 737 MAX 8,L2J,M
C031EB,C-FSXM,C150,CESSNA 150,L1P,L
C033EB,C-FTRE,C172,CESSNA 172 Skyhawk,L1P,L
C034EB,C-FUBA,BE23,BEECH 23 Sundowner,L1P,L
C036EB,C-FUUS,C120,CESSNA 120,L1P,L
C037EB,C-FVEO,J5,PIPER J-5 Cub Cruiser,L1P,L
C038EB,C-FVOK,CHR1,ELMWOOD CA-05 Christavia Mk1,L1P,L
C03AEB,C-FWIC,BALL,,B0-,-
C03BEB,C-FWRY,PA18,PIPER PA-18 Super Cub,L1P,L
C03CEB,C-FXBU,C172,CESSNA 172 Skyhawk,L1P,L
C03EEB,C-FXVM,C150,CESSNA 150,L1P,L
C03FEB,C-FYFI,PA24,PIPER PA-24 Comanche,L1P,L
C040EB,C-FYPE,,,,
C041EB,C-FYZA,ULAC,,L0-,-
C042EB,C-FZIW,BE35,BEECH 35 Starfire Bonanza,L1P,L
C044EB,C-GACO,C172,CESSNA 172 Skyhawk,L1P,L
C045EB,C-GAMK,C172,CESSNA 172 Skyhawk,L1P,L
C046EB,C-GAWG,GLID,,L0-,-
C047EB,C-GBGC,GLF5,GULFSTREAM 5,L2J,M
C048EB,C-GBPY,AT8T,AIR TRACTOR AT-802,L1T,M
C049EB,C-GBZU,C172,CESSNA 172 Skyhawk,L1P,L
C04BEB,C-GCTM,C206,CESSNA  206 Stationair,L1P,L
C04CEB,C-GDDI,C182,CESSNA 182 Skylane,L1P,L
C04DEB,C-GDNE,C150,CESSNA 150,L1P,L
C04EEB,C-GDXA,C182,CESSNA 182 Skylane,L1P,L
C04FEB,C-GEGW,PA22,PIPER PA-22,L1P,L
C050EB,C-GEQS,C150,CESSNA 150,L1P,L
C051EB,C-GFAO,ZZZZ,,-0-,-
C052EB,C-GFKK,TBM8,SOCATA TBM-850,L1T,L
C053EB,C-GFUG,AS50,AEROSPATIALE AS-350 Ecureuil,H1T,L
C054EB,C-GGEC,EN28,ENSTROM F-28,H1P,L
C055EB,C-GGNY,DH8D,DE HAVILLAND DHC-8-400 Dash 8,L2T,M
C056EB,C-GGXU,C185,CESSNA 185 Skywagon,L1P,L
C057EB,C-GHHQ,C206,CESSNA  206 Stationair,L1P,L
C058EB,C-GHRM,S76,SIKORSKY S-76 Spirit,H2T,L
C059EB,C-GIBI,,,,
C05AEB,C-GILE,R22,ROBINSON R-22 Mariner,H1P,L
C05BEB,C-GIVA,C206,CESSNA  206 Stationair,L1P,L
C05CEB,C-GJEW,CH60,ZENAIR CH-600 Zodiac,L1P,L
C05DEB,C-GJOS,COOT,AEROCAR Super Coot,A1P,L
C05EEB,C-GJYO,C172,CESSNA 172 Skyhawk,L1P,L
C05FEB,C-GKIK,GLAS,Glasair,L1P,L
C060EB,C-GKSG,SONX,SONEX AIRCRAFT Sonex,L1P,L
C061EB,C-GLCC,C175,CESSNA 175 Skylark,L1P,L
C062EB,C-GLLY,RV7,VANS RV-7,L1P,L
C063EB,C-GLVU,B38M,BOEING 737 MAX 8,L2J,M
C064EB,C-GMFQ,B190,BEECH 1900,L2T,M
C065EB,C-GMPM,PC12,PILATUS PC-12,L1T,L
C066EB,C-GMZI,C172,CESSNA 172 Skyhawk,L1P,L
C067EB,C-GNJE,BL8,BELLANCA 8 Decathlon,L1P,L
C068EB,C-GNTA,AJET,DASSAULT-DORNIER Alpha Jet,L2J,M
C069EB,C-GOCW,,,,
C06AEB,C-GOMS,AA1,AMERICAN AA-1,L1P,L
C06CEB,C-GPGK,C172,CESSNA 172 Skyhawk,L1P,L
C06DEB,C-GPQG,PA38,PIPER PA-38 Tomahawk,L1P,L
C070EB,C-GQTU,QIC2,QUICKIE Q2,L1P,L
C072EB,C-GRNM,BE35,BEECH 35 Starfire Bonanza,L1P,L
C074EB,C-GSHE,,,,
C075EB,C-GSRA,CH7B,BELLANCA 7 Citabria,L1P,L
C076EB,C-GTAW,CH7B,BELLANCA 7 Citabria,L1P,L
C077EB,C-GTKS,SR20,CIRRUS SR-20,L1P,L
C079EB,C-GUEK,C206,CESSNA  206 Stationair,L1P,L
C07BEB,C-GUYC,AA5,AMERICAN AA-5 Tiger,L1P,L
C07CEB,C-GVHY,,,,
C07EEB,C-GWBQ,C172,CESSNA 172 Skyhawk,L1P,L
C07FEB,C-GWLM,C182,CESSNA 182 Skylane,L1P,L
C080EB,C-GWVI,C182,CESSNA 182 Skylane,L1P,L
C081EB,C-GXFE,C172,CESSNA 172 Skyhawk,L1P,L
C083EB,C-GXYW,,,,
C084EB,C-GYIS,C185,CESSNA 185 Skywagon,L1P,L
C085EB,C-GYSO,GLID,,L0-,-
C086EB,C-GZCK,FBA2,FOUND FB-2 Bush Hawk,L1P,L
C087EB,C-GZMG,TAIL,WITTMAN Tailwind,L1P,L
C088EB,C-GZWC,C182,CESSNA 182 Skylane,L1P,L
C089EB,C-IAFY,,,,
C08AEB,C-IAPU,ULAC,,L0-,-
C08DEB,C-IBTI,ULAC,,L0-,-
C08FEB,C-ICNA,PARA,,P0-,-
C090EB,C-ICWW,ULAC,,L0-,-
C092EB,C-IDQO,ULAC,,L0-,-
C093EB,C-IEAK,,,,
C096EB,C-IFDY,ULAC,,L0-,-
C097EB,C-IFNU,BEVR,ASAP Beaver,L1P,L
C098EB,C-IFXQ,,,,
C09AEB,C-IGRI,ULAC,,L0-,-
C09CEB,C-IHLA,BEVR,ASAP Beaver,L1P,L
C09DEB,C-IHUW,,,,
C09FEB,C-IIOO,BEVR,ASAP Beaver,L1P,L
C0A3EB,C-IKBY,,,,
C0A4EB,C-IKLU,ULAC,,L0-,-
C0A7EB,C-ILPI,,,,
C0ACEB,C-INMO,SKRA,BEST OFF Sky Ranger,L1P,L
C0C3EB,C-IWFA,ULAC,,L0-,-
C0C4EB,C-IWOW,ULAC,,L0-,-
C0CDEB,C-IZZM,PELI,FLYER Pelican,L1P,L
C1E4EB,SERV,SERV,,V0-,-
C1E9EB,SERV,SERV,,V0-,-
C2B3EB,177703,C17,BOEING C-17 Globemaster 3,L4J,H
C800EB,ZK-BNL,PA18,PIPER PA-18 Super Cub,L1P,L
C801EB,ZK-CPW,YA1,YEOMAN Cropmaster,L1P,L
C807EB,ZK-GEF,GLID,,L0-,-
C809EB,ZK-CKF,M20P,MOONEY M-20,L1P,L
C80AEB,ZK-EFI,C206,CESSNA  206 Stationair,L1P,L
C80BEB,ZK-TAK,C152,CESSNA 152,L1P,L
C80EEB,ZK-YES,BE76,BEECH 76 Duchess,L2P,L
C80FEB,ZK-AIR,J3,PIPER J-3 Cub,L1P,L
C811EB,ZK-WGE,C172,CESSNA 172 Skyhawk,L1P,L
C814EB,ZK-WBB,ULAC,,L0-,-
C815EB,ZK-WBA,JAB4,JABIRU J200-450,L1P,L
C816EB,ZK-WHC,PNR2,ALPI Pioneer 200,L1P,L
C817EB,ZK-XBD,BD5,BEDE BD-5B/D/G,L1P,L
C81AEB,ZK-HMC,H269,HUGHES Sky Knight,H1P,L
C81BEB,ZK-SEO,SE5A,RAF SE-5A Replica,L1P,L
C81DEB,ZK-BJM,PA34,PIPER PA-34 Seneca,L2P,L
C822EB,ZK-TLK,B734,BOEING 737-400,L2J,M
C823EB,ZK-HQN,AS50,AEROSPATIALE AS-350 Ecureuil,H1T,L
C824EB,ZK-MEF,ULAC,,L0-,-
C827EB,ZK-CBU,BALL,,B0-,-
C87EEB,TWR,TWR,,T0-,-
E480EB,PP-MAH,S76,SIKORSKY S-76 Spirit,H2T,L
E482EB,PR-ADL,C25B,CESSNA 525B Citation CJ3,L2J,L
E48AEB,PP-BAH,AS50,AEROSPATIALE AS-350 Ecureuil,H1T,L
E48EEB,PR-OHL,A139,AGUSTA AW-139,H2T,L
E48FEB,PP-CDC,SR22,CIRRUS SR-22,L1P,L
E494EB,PR-GMM,SR22,CIRRUS SR-22,L1P,L
E808EB,CC-PWE,C340,CESSNA 340 Super,L2P,L
E880EB,ZP-TFG,C310,CESSNA 310,L2P,L
E88EEB,ZP-BGJ,C210,CESSNA 201 Centurion,L1P,L
