007FED,ZT-RYB,AS32,AEROSPATIALE AS-332 Super Puma,H2T,M
0090ED,ZS-GKA,GLID,,L0-,-
0098ED,ZS-JKU,C177,CESSNA  177 Cardinal,L1P,L
00AEED,ZS-RTK,R44,ROBINSON R-44 Raven,H1P,L
00B0ED,ZS-SNC,A346,AIRBUS A-340-600,L4J,H
00B9ED,ZS-VXS,ULAC,,L0-,-
0100ED,SU-GCU,E170,EMBRAER ERJ-170-100,L2J,M
0200ED,CN-RGH,B738,BOEING 737-800,L2J,M
06A1ED,A7-BFP,B77L,BOEING 777-200LR,L2J,H
06A2ED,A7-BHJ,B789,BOEING 787-9 Dreamliner,L2J,H
0900ED,T-902,IL76,ILYUSHIN Il-76/82,L4J,H
0AC3ED,FAC5068,C208,CESSNA 208 Caravan,L1T,L
0AC9ED,FAC2352,TEX2,BEECHCRAFT T-6 Texan 2,L1T,L
0C20ED,HP-3017HF,EC30,AIRBUS HELICOPTERS EC-130,H1T,L
0D02ED,XB-INI,BE40,BEECH 400 Beechjet,L2J,M
0D08ED,2014,TEX2,BEECHCRAFT T-6 Texan 2,L1T,L
0D09ED,XA-VEK,B412,BELL 412,H2T,L
0D0AED,XB-PZY,C650,CESSNA 650 Citation,L2J,M
0D0BED,XB-IJZ,C207,CESSNA 207 Turbo Stationair,L1P,L
0D0DED,XA-VBW,A321,AIRBUS A-321,L2J,M
1059ED,GND,GND,,V0-,-
1130ED,GND,GND,,V0-,-
1405ED,RA-01517,PC12,PILATUS PC-12,L1T,L
1416ED,RA-05869,AN3,ANTONOV An-3,L1T,L
14DBED,RF-56301,AN26,ANTONOV An-26,L2T,M
151CED,RA-72941,,,,
151DED,RA-73197,A320,AIRBUS A-320,L2J,M
151EED,RA-73453,A20N,AIRBUS A-320neo,L2J,M
151FED,RA-73709,A321,AIRBUS A-321,L2J,M
155BED,RA-89069,SU95,SUKHOI Superjet 100-95,L2J,M
1F7AED,RA-97005,SU95,SUKHOI Superjet 100-95,L2J,M
3003ED,I-VANZ,C182,CESSNA 182 Skylane,L1P,L
3004ED,I-JOBE,M20P,MOONEY M-20,L1P,L
3006ED,I-MCSH,A169,AGUSTA AW-169,H2T,L
3008ED,I-LRJR,AS50,AEROSPATIALE AS-350 Ecureuil,H1T,L
31DBED,I-B826,MM22,MAGNI M-22 Voyager,G1P,L
31DDED,I-D203,UHEL,,H0-,-
31DEED,I-D731,PIVI,PIPSTREL Virus,L1P,L
33FDED,MM81780,H47,BOEING-VERTOL CH-47 Chinook,H2T,M
33FFED,MM62183,C130,LOCKHEED C-130 Hercules,L4T,M
3822ED,F-BIXN,D11,JODEL D-11x/12x,L1P,L
3829ED,F-BKPN,DR10,CENTRE EST Ambassadeur,L1P,L
3844ED,F-BRHN,JUNR,BOLKOW BO-208 Junior,L1P,L
3846ED,F-BRXN,C206,CESSNA  206 Stationair,L1P,L
3849ED,F-BSPN,DR30,CENTRE EST Prince,L1P,L
3900ED,F-GAHN,DR40,ROBIN DR-400,L1P,L
3902ED,F-GAXN,R200,ROBIN Alpha,L1P,L
3922ED,F-GIXN,B734,BOEING 737-400,L2J,M
3926ED,F-GJXN,TOBA,SOCATA Tobago,L1P,L
392AED,F-GKXN,A320,AIRBUS A-320,L2J,M
3944ED,F-GRHN,A319,AIRBUS A-319,L2J,M
3945ED,F-GRPN,APM2,ISSOIRE APM-20 Lionceau,L1P,L
3949ED,F-GSPN,B772,BOEING 777-200,L2J,H
394DED,F-GTPN,DR40,ROBIN DR-400,L1P,L
3952ED,F-GUXN,DR40,ROBIN DR-400,L1P,L
3964ED,F-GZHN,B738,BOEING 737-800,L2J,M
3985ED,F-HBPN,SR20,CIRRUS SR-20,L1P,L
3986ED,F-HBXN,E170,EMBRAER ERJ-170-100,L2J,M
3989ED,F-HCPN,C182,CESSNA 182 Skylane,L1P,L
398CED,F-HDHN,AS65,AEROSPATIALE AS-365 Dauphin 2,H2T,L
398DED,F-HDPN,C510,CESSNA 510 Citation Mustang,L2J,L
3998ED,F-HGHN,AS65,AEROSPATIALE AS-365 Dauphin 2,H2T,L
39ADED,F-HLPN,F2TH,DASSAULT Falcon 2000,L2J,M
39B4ED,F-HNHN,AS65,AEROSPATIALE AS-365 Dauphin 2,H2T,L
39B8ED,F-HOHN,AS65,AEROSPATIALE AS-365 Dauphin 2,H2T,L
39E0ED,F-HYHN,AS65,AEROSPATIALE AS-365 Dauphin 2,H2T,L
3AABED,889,PC6T,PILATUS PC-6 Turbo-Porter,L1T,L
3B75ED,5874,C30J,LOCKHEED MARTIN C-130J Super Hercules,L4T,M
3B77ED,131,TBM7,SOCATA TBM-700A/B/C,L1T,L
3C1CED,D-AZYU,A21N,AIRBUS A-321neo,L2J,M
3C49ED,D-ABOM,B753,BOEING 757-300,L2J,M
3C55ED,D-AEOM,CL60,BOMBARDIER CL-600 Challenger,L2J,M
3C56ED,D-AEWM,A320,AIRBUS A-320,L2J,M
3C5EED,D-AGWM,A319,AIRBUS A-319,L2J,M
3C64ED,D-AIGM,A343,AIRBUS A-340-300,L4J,H
3CBDED,D-BOOM,CL30,BOMBARDIER BD-100 Challenger 300,L2J,M
3D05ED,D-EAMN,P28A,PIPER PA-28-140/150/160/180,L1P,L
3D06ED,D-EAWJ,R300,ROBIN R-3000/3100/3120/3140,L1P,L
3D0BED,D-ECTP,C206,CESSNA  206 Stationair,L1P,L
3D0CED,D-EDDL,C82R,CESSNA R182 Skylane RG,L1P,L
3D0EED,D-EDXD,C172,CESSNA 172 Skyhawk,L1P,L
3D12ED,D-EFKN,C152,CESSNA 152,L1P,L
3D14ED,D-EGEF,RALL,SOCATA Rallye,L1P,L
3D15ED,D-EGOB,DR30,CENTRE EST Prince,L1P,L
3D17ED,D-EHHT,DH82,DE HAVILLAND DH-82 Tiger Moth,L1P,L
3D18ED,D-EHRP,RALL,SOCATA Rallye,L1P,L
3D19ED,D-EIBL,PA18,PIPER PA-18 Super Cub,L1P,L
3D1AED,D-EILH,DR40,ROBIN DR-400,L1P,L
3D1FED,D-EKIN,P28A,PIPER PA-28-140/150/160/180,L1P,L
3D25ED,D-EMPP,C150,CESSNA 150,L1P,L
3D28ED,D-ENTD,M20P,MOONEY M-20,L1P,L
3D29ED,D-EOCZ,D253,CENTRE EST DR-253 Regent,L1P,L
3D2AED,D-EOMV,C172,CESSNA 172 Skyhawk,L1P,L
3D2BED,D-EOWR,C210,CESSNA 201 Centurion,L1P,L
3D38ED,D-ETUR,CP10,CAP AVIATION CAP-10,L1P,L
3D3CED,D-EVIB,P28A,PIPER PA-28-140/150/160/180,L1P,L
3D41ED,D-EXFH,C172,CESSNA 172 Skyhawk,L1P,L
3D42ED,D-EXPD,PA46,PIPER PA-46-310/350,L1P,L
3D43ED,D-EXYZ,HUSK,CHRISTEN Husky,L1P,L
3DD3ED,D-HAMV,AS65,AEROSPATIALE AS-365 Dauphin 2,H2T,L
3DD4ED,D-HAWR,B407,BELL 407,H1T,L
3DDDED,D-HEHH,EC20,AIRBUS HELICOPTERS EC-120,H1T,L
3DE7ED,D-HIBT,R44,ROBINSON R-44 Raven,H1P,L
3E02ED,D-HSHP,EC35,AIRBUS HELICOPTERS EC-135/635,H2T,L
3E5DED,D-KATP,AS26,SCHLEICHER ASH-26,L1P,L
3E68ED,D-KEXX,NIMB,SCHEMPP-HIRTH Nimbus,L1P,L
3E6BED,D-KGBL,VENT,SCHEMPP-HIRTH Ventus,L1P,L
3E72ED,D-KISJ,GLID,,L0-,-
3E77ED,D-KKPP,VENT,SCHEMPP-HIRTH Ventus,L1P,L
3EC0ED,D-KOAF,VENT,SCHEMPP-HIRTH Ventus,L1P,L
3EC8ED,D-KRAZ,DG1T,DG FLUGZEUGBAU DG-1001T,L1P,L
3ECEED,D-KTIB,SF25,SCHEIBE SF-25 Falke,L1P,L
3ED5ED,D-KVYZ,GLID,,L0-,-
3EE1ED,D-0342,GLID,,L0-,-
3F36ED,D-OGSB,BALL,,B0-,-
3F8FED,74+69,TIGR,AIRBUS HELICOPTERS EC-665 Tiger,H2T,L
3FE9ED,D-MGLL,GOLF,TECNAM P-96 Golf,L1P,L
3FECED,D-MMAD,EV97,EVEKTRO EV-97 EuroStar,L1P,L
3FEDED,D-MSGX,G3,REMOS Mirage,L1P,L
3FEEED,D-MDIP,CH60,ZENAIR CH-600 Zodiac,L1P,L
3FF2ED,D-MBRE,WT9,AEROSPOOL WT-9 Dynamic,L1P,L
3FF3ED,D-MLRP,C42,IKARUS C-42 Bison,L1P,L
3FF7ED,D-MSOY,ULAC,,L0-,-
3FF8ED,D-MNMB,BREZ,AEROSTYLE Breezer,L1P,L
4007ED,G-YMMB,B772,BOEING 777-200,L2J,H
400CED,G-BTJA,L8,LUSCOMBE 8,L1P,L
400DED,G-RULE,R44,ROBINSON R-44 Raven,H1P,L
400EED,G-BYVP,G115,GROB G-115,L1P,L
4010ED,G-EZBY,A319,AIRBUS A-319,L2J,M
4015ED,G-ASRW,P28A,PIPER PA-28-140/150/160/180,L1P,L
4017ED,G-AWYB,C172,CESSNA 172 Skyhawk,L1P,L
4018ED,G-AYRO,C150,CESSNA 150,L1P,L
401AED,G-BBMN,DHC1,DE HAVILLAND DHC-1 Chipmunk,L1P,L
401CED,G-BFGL,C152,CESSNA 152,L1P,L
4022ED,G-SAHI,SAH1,TRAGO MILLS SAH-1,L1P,L
4026ED,G-HYLT,P32R,PIPER PA-32R-300/301/301T,L1P,L
402AED,G-BOKX,P28A,PIPER PA-28-140/150/160/180,L1P,L
402CED,G-BOXA,P28A,PIPER PA-28-140/150/160/180,L1P,L
4030ED,G-IDUP,EN28,ENSTROM F-28,H1P,L
4034ED,G-DIWY,PA32,PIPER PA-32,L1P,L
4038ED,G-BVOR,STST,CFM Star Streak,L1P,L
403AED,G-RIVT,RV6,VANS RV-6,L1P,L
403CED,G-BXBK,CP10,CAP AVIATION CAP-10,L1P,L
403DED,G-PVET,DHC1,DE HAVILLAND DHC-1 Chipmunk,L1P,L
403EED,G-BXRC,CP10,CAP AVIATION CAP-10,L1P,L
403FED,G-MZMU,COY2,RANS Coyote 2,L1P,L
4040ED,G-OJBB,EN28,ENSTROM F-28,H1P,L
4041ED,G-ELZN,P28A,PIPER PA-28-140/150/160/180,L1P,L
4042ED,G-BZBX,COY2,RANS Coyote 2,L1P,L
4045ED,G-WLGC,P28A,PIPER PA-28-140/150/160/180,L1P,L
4047ED,G-NULA,FDCT,FLIGHT DESIGN CT,L1P,L
4048ED,G-KENW,DR40,ROBIN DR-400,L1P,L
404AED,G-CCPF,SKRA,BEST OFF Sky Ranger,L1P,L
404DED,G-EXAM,P28T,PIPER PA-28RT-201,L1P,L
404FED,G-CDYX,BALL,,B0-,-
4050ED,G-CEHD,SKRA,BEST OFF Sky Ranger,L1P,L
4051ED,G-CENV,ULAC,,L0-,-
4052ED,G-WONE,VENT,SCHEMPP-HIRTH Ventus,L1P,L
4053ED,G-DDRT,PK20,PIK 20E,L1P,L
4054ED,G-UNIN,VENT,SCHEMPP-HIRTH Ventus,L1P,L
4056ED,G-CJVM,GLID,,L0-,-
405BED,G-DEOE,GLID,,L0-,-
405CED,G-CFGX,EV97,EVEKTRO EV-97 EuroStar,L1P,L
4062ED,G-POET,R44,ROBINSON R-44 Raven,H1P,L
4066ED,G-SIIX,PA32,PIPER PA-32,L1P,L
4067ED,G-GLBX,GLEX,BOMBARDIER BD-700 Global 6000/6500,L2J,M
4069ED,G-CIBL,CLON,AUTOGYRO Cavalon,G1P,L
406AED,G-ODWS,ULAC,,L0-,-
406DED,G-MCGX,A189,AGUSTA AW-189,H2T,M
406EED,G-CITC,ULAC,,L0-,-
406FED,G-IHHI,E300,EXTRA EA-300/330/350,L1P,L
4070ED,G-JZHZ,B738,BOEING 737-800,L2J,M
4071ED,G-KWFL,EV97,EVEKTRO EV-97 EuroStar,L1P,L
4072ED,G-HAZD,BALL,,B0-,-
4074ED,G-SUKK,SU29,SUKHOI Su-29,L1P,L
4076ED,G-DRTO,B738,BOEING 737-800,L2J,M
4077ED,G-CRUE,RV7,VANS RV-7,L1P,L
4078ED,G-CLJH,CRJ9,BOMBARDIER Regional Jet CRJ-900,L2J,M
407BED,G-EIRH,A21N,AIRBUS A-321neo,L2J,M
407CED,G-CMDB,BALL,,B0-,-
407DED,G-LOGI,R66,ROBINSON R-66,H1T,L
4243ED,VQ-BRF,B738,BOEING 737-800,L2J,M
4245ED,VP-LAD,C402,CESSNA 402 Businessliner,L2P,L
43C5ED,ZM419,A400,AIRBUS A-400M,L4T,H
43C8ED,ZM519,EC35,AIRBUS HELICOPTERS EC-135/635,H2T,L
43CAED,ZK339,EUFI,EUROFIGHTER 2000,L2J,M
43E7ED,M-JJTL,PC12,PILATUS PC-12,L1T,L
43EDED,2-ACSM,B737,BOEING 737-700,L2J,M
43EEED,2-HBGX,B737,BOEING 737-700,L2J,M
4400ED,OE-HTI,GALX,GULFSTREAM G200,L2J,M
4402ED,OE-CMV,DV20,DIAMOND DA-20,L1P,L
4404ED,OE-HCB,F2TH,DASSAULT Falcon 2000,L2J,M
4406ED,OE-IEF,A320,AIRBUS A-320,L2J,M
440BED,OE-LDI,A320,AIRBUS A-320,L2J,M
440CED,OE-IXH,B738,BOEING 737-800,L2J,M
4489ED,OO-BOM,RALL,SOCATA Rallye,L1P,L
448CED,OO-CGM,A332,AIRBUS A-330-200,L2J,H
4494ED,OO-EGM,B06,BELL 206 JetRanger,H1T,L
449DED,OO-GOM,C82R,CESSNA R182 Skylane RG,L1P,L
44A3ED,OO-H49,SIRA,TECNAM P-2002 Sierra,L1P,L
44B4ED,OO-MGM,SLG2,AIRPLANE FACTORY Sling 2,L1P,L
44B6ED,OO-MWM,P28A,PIPER PA-28-140/150/160/180,L1P,L
4520ED,LZ-MAD,A319,AIRBUS A-319,L2J,M
4589ED,OY-BOM,BALL,,B0-,-
459DED,OY-GOM,BALL,,B0-,-
45E2ED,OY-XWM,VENT,SCHEMPP-HIRTH Ventus,L1P,L
4607ED,OH-DAB,DA42,DIAMOND DA-42 Guardian,L2P,L
462CED,OH-RAJ,DA42,DIAMOND DA-42 Guardian,L2P,L
4690ED,SX-DGM,E35L,EMBRAER EMB-135 Legacy,L2J,M
470BED,HA-ENL,P208,TECNAM P-2008,L1P,L
4797ED,LN-OFI,AS50,AEROSPATIALE AS-350 Ecureuil,H1T,L
479EED,LN-PFM,DA42,DIAMOND DA-42 Guardian,L2P,L
4845ED,PH-KRS,KR2,RAND KR-2,L1P,L
4847ED,PH-1314,SF25,SCHEIBE SF-25 Falke,L1P,L
4848ED,PH-3S1,EFOX,AEROPRO Eurofox,L1P,L
4849ED,PH-ACG,S11,FOKKER S-11 Instructor,L1P,L
484AED,PH-VWL,BX2,BRANDLI Cherry,L1P,L
484BED,PH-VIA,BALL,,B0-,-
484DED,PH-HGL,F8L,AEROMERE F-8L Falco,L1P,L
484EED,PH-1470,GLID,,L0-,-
4852ED,PH-CCL,DR40,ROBIN DR-400,L1P,L
4853ED,PH-BAS,BALL,,B0-,-
4854ED,PH-1VS,ZZZZ,,-0-,-
4855ED,PH-2IR,ZZZZ,,-0-,-
4856ED,PH-BRA,PC12,PILATUS PC-12,L1T,L
4863ED,PH-1658,GLID,,L0-,-
4889ED,SP-CPN,T206,CESSNA T206 Turbo Stationair,L1P,L
4895ED,SP-FPN,C182,CESSNA 182 Skylane,L1P,L
48A5ED,SP-KPN,SF34,SAAB 340,L2T,M
48C5ED,SP-SPN,AT75,ATR-72-500,L2T,M
48EBED,2-SALE,DA62,DIAMOND DA-62,L2P,L
4910ED,CS-DGM,C172,CESSNA 172 Skyhawk,L1P,L
4911ED,CS-DOM,GLEX,BOMBARDIER BD-700 Global 6000/6500,L2J,M
4951ED,CS-TOM,A332,AIRBUS A-330-200,L2J,H
4999ED,OK-FOM,Z43,ZLIN Z-43/143,L1P,L
49B9ED,OK-NOM,Z42,ZLIN Z-42/142/242,L1P,L
49D0ED,OK-MCP,T206,CESSNA T206 Turbo Stationair,L1P,L
49D1ED,OK-TOM,R22,ROBINSON R-22 Mariner,H1P,L
49D2ED,OK-DAC,AN2,ANTONOV An-2,L1P,L
49D3ED,OK-MED,R44,ROBINSON R-44 Raven,H1P,L
49D4ED,OK-RTK,BR23,BRM AERO Bristell B23,L1P,L
4A08ED,YR-BGM,B738,BOEING 737-800,L2J,M
4AA9ED,SE-JOM,B06,BELL 206 JetRanger,H1T,L
4AB1ED,SE-LOM,SB20,SAAB 2000,L2T,M
4AC9ED,SE-ROM,A20N,AIRBUS A-320neo,L2J,M
4AD8ED,SE-VGM,FDCT,FLIGHT DESIGN CT,L1P,L
4AE1ED,SE-XOM,RV6,VANS RV-6,L1P,L
4B06ED,HB-CQF,C172,CESSNA 172 Skyhawk,L1P,L
4B09ED,HB-DTT,DA50,DIAMOND DA-50 Magnum,L1P,L
4B0EED,HB-FQZ,PC12,PILATUS PC-12,L1T,L
4B15ED,HB-IHX,A320,AIRBUS A-320,L2J,M
4B19ED,HB-JVH,F100,FOKKER 100,L2J,M
4B1AED,HB-KFD,DR40,ROBIN DR-400,L1P,L
4B1BED,HB-KOZ,SIRA,TECNAM P-2002 Sierra,L1P,L
4B2AED,HB-QGR,BALL,,B0-,-
4B36ED,HB-UUV,BU31,BUCKER Bu-131 Jungmann,L1P,L
4B37ED,HB-VER,C25A,CESSNA 525A Citation CJ2,L2J,L
4B3FED,HB-YFL,EXEC,ROTORWAY Exec,H1P,L
4B42ED,HB-ZIZ,EC35,AIRBUS HELICOPTERS EC-135/635,H2T,L
4B43ED,HB-ZSV,AS50,AEROSPATIALE AS-350 Ecureuil,H1T,L
4B4BED,HB-1862,GLID,,L0-,-
4B4DED,HB-2374,DIMO,DIAMOND H-36 Dimona,L1P,L
4B7FED,D-125,DRON,,D0-,-
4B84ED,TC-AGM,EVSS,EVEKTOR SportStar,L1P,L
4B95ED,TC-EOM,DA42,DIAMOND DA-42 Guardian,L2P,L
4BA9ED,TC-JOM,A333,AIRBUS A-330-300,L2J,H
4BCCED,TC-SGM,A310,AIRBUS A-310,L2J,H
4BCDED,TC-SOM,B38M,BOEING 737 MAX 8,L2J,M
4C01ED,YU-APN,A319,AIRBUS A-319,L2J,M
4CA1ED,266,PC9,PILATUS PC-9 Hudournik,L1T,L
4CA4ED,EI-DPI,B738,BOEING 737-800,L2J,M
4CA6ED,EI-UNX,B772,BOEING 777-200,L2J,H
4CA7ED,EI-EHR,ULAC,,L0-,-
4CA8ED,EI-IMD,A319,AIRBUS A-319,L2J,M
4CA9ED,EI-EVP,B738,BOEING 737-800,L2J,M
4CACED,EI-GIN,A321,AIRBUS A-321,L2J,M
4D21ED,9H-QAE,B738,BOEING 737-800,L2J,M
4D23ED,9H-VIM,GL7T,BOMBARDIER BD-700 Global 7000/7500,L2J,M
501DED,9A-TIM,PAY2,PIPER PA-31T2-620 Cheyenne 2,L2T,L
502CED,YL-LCV,A321,AIRBUS A-321,L2J,M
503CED,LY-FTK,C172,CESSNA 172 Skyhawk,L1P,L
505CED,OM-BAG,SD4,TOMARK Viper,L1P,L
505EED,OM-M915,NG5,BRM AERO NG-5/6 Bristell,L1P,L
506DED,S5-DTM,SR22,CIRRUS SR-22,L1P,L
506EED,S5-MMB,ULAC,,L0-,-
5110ED,ES-ACL,CRJ9,BOMBARDIER Regional Jet CRJ-900,L2J,M
6830ED,UP-A3001,A332,AIRBUS A-330-200,L2J,H
6831ED,74008,AN72,ANTONOV An-74-200,L2J,M
7100ED,HZ-SPAF,BE40,BEECH 400 Beechjet,L2J,M
7335ED,EP-MOM,B463,BRITISH AEROSPACE 146-300,L4J,M
7394ED,4X-CIT,PA31,PIPER PA-31-300/310/325/350/425,L2P,L
7501ED,9M-ARR,R66,ROBINSON R-66,H1T,L
7583ED,RP-C9926,A321,AIRBUS A-321,L2J,M
7585ED,RP-C3281,A20N,AIRBUS A-320neo,L2J,M
7608ED,AP-BGM,LNC4,LANCAIR 4,L1P,L
7609ED,AP-BOM,A320,AIRBUS A-320,L2J,M
76B4ED,9V-MGM,B738,BOEING 737-800,L2J,M
76CEED,9V-SWM,B77W,BOEING 777-300ER,L2J,H
7802ED,B-6306,A321,AIRBUS A-321,L2J,M
7803ED,B-6329,A321,AIRBUS A-321,L2J,M
7805ED,B-5446,B738,BOEING 737-800,L2J,M
7806ED,B-5565,B738,BOEING 737-800,L2J,M
7807ED,B-9583,SR20,CIRRUS SR-20,L1P,L
7808ED,B-6929,A320,AIRBUS A-320,L2J,M
780AED,B-5766,B738,BOEING 737-800,L2J,M
780BED,B-1937,B738,BOEING 737-800,L2J,M
780CED,B-1887,A320,AIRBUS A-320,L2J,M
780DED,B-1510,B738,BOEING 737-800,L2J,M
780EED,B-8283,A320,AIRBUS A-320,L2J,M
780FED,B-8572,A321,AIRBUS A-321,L2J,M
7810ED,B-8877,A320,AIRBUS A-320,L2J,M
7812ED,B-1387,B38M,BOEING 737 MAX 8,L2J,M
7813ED,B-3329,AJ27,COMAC ARJ-21-700 Xiangfeng,L2J,M
7816ED,B-108Z,C172,CESSNA 172 Skyhawk,L1P,L
7817ED,B-9163,DA42,DIAMOND DA-42 Guardian,L2P,L
7818ED,B-10U6,DA42,DIAMOND DA-42 Guardian,L2P,L
7819ED,B-10ZD,AURA,SUNWARD Aurora S60/70,L1P,L
781BED,B-12CA,AURA,SUNWARD Aurora S60/70,L1P,L
781CED,B-12EW,AURA,SUNWARD Aurora S60/70,L1P,L
7A43ED,30472,ZZZZ,,-0-,-
7BB0ED,B-5072,B733,BOEING 737-300,L2J,M
7C01ED,VH-ANZ,E120,EMBRAER EMB-120 Brasilia,L2T,M
7C07ED,VH-BUN,P28A,PIPER PA-28-140/150/160/180,L1P,L
7C10ED,VH-DMN,BE58,BEECH 58 Baron,L2P,L
7C11ED,VH-DTR,R22,ROBINSON R-22 Mariner,H1P,L
7C16ED,VH-ETB,PA11,PIPER PA-11 Cub Special,L1P,L
7C19ED,VH-FEN,C206,CESSNA  206 Stationair,L1P,L
7C1AED,VH-FLR,BALL,,B0-,-
7C1CED,VH-FZZ,BT36,BEECH B36TC Bonanza,L1P,L
7C28ED,VH-IDB,P06T,TECNAM P-2006T,L2P,L
7C2AED,VH-IRJ,C172,CESSNA 172 Skyhawk,L1P,L
7C35ED,VH-KXR,C195,CESSNA 195,L1P,L
7C37ED,VH-LBZ,C441,CESSNA 441 Conquest,L2T,L
7C3AED,VH-LXB,P28A,PIPER PA-28-140/150/160/180,L1P,L
7C3CED,VH-MBJ,C172,CESSNA 172 Skyhawk,L1P,L
7C3FED,VH-MWV,BE20,BEECH 200 Super King Air,L2T,M
7C43ED,VH-NPB,PA31,PIPER PA-31-300/310/325/350/425,L2P,L
7C44ED,VH-NWF,M20P,MOONEY M-20,L1P,L
7C47ED,VH-OHR,P28A,PIPER PA-28-140/150/160/180,L1P,L
7C48ED,VH-OOV,BT36,BEECH B36TC Bonanza,L1P,L
7C49ED,VH-OVZ,R22,ROBINSON R-22 Mariner,H1P,L
7C4CED,VH-PHB,AS50,AEROSPATIALE AS-350 Ecureuil,H1T,L
7C4DED,VH-POF,EC35,AIRBUS HELICOPTERS EC-135/635,H2T,L
7C5BED,VH-SFZ,C337,CESSNA 337 Super Skymaster,L2P,L
7C67ED,VH-UTB,B06,BELL 206 JetRanger,H1T,L
7C6AED,VH-VEN,GLID,,L0-,-
7C6BED,VH-VLR,R44,ROBINSON R-44 Raven,H1P,L
7C6CED,VH-VSV,TBM7,SOCATA TBM-700A/B/C,L1T,L
7C6DED,VH-VZZ,B738,BOEING 737-800,L2J,M
7C71ED,VH-WSF,BE58,BEECH 58 Baron,L2P,L
7C72ED,VH-WZJ,C208,CESSNA 208 Caravan,L1T,L
7C75ED,VH-XKV,P28A,PIPER PA-28-140/150/160/180,L1P,L
7C76ED,VH-XRZ,SR20,CIRRUS SR-20,L1P,L
7C7BED,VH-YRJ,M20T,MOONEY M-20T,L1P,L
7C7EED,VH-ZCV,C182,CESSNA 182 Skylane,L1P,L
7C7FED,VH-ZJZ,AT8T,AIR TRACTOR AT-802,L1T,M
7CC3ED,24-8679,WACO,WACO E/O,L1P,L
7CC4ED,23-1727,AP32,AEROPRACT A-32,L1P,L
7CF8ED,A32-671,B350,BEECHCRAFT Super King Air 350,L2T,M
7CF9ED,A54-022,PC21,PILATUS PC-21,L1T,L
8005ED,VT-ANC,B788,BOEING 787-8 Dreamliner,L2J,H
8006ED,VT-SUO,DH8D,DE HAVILLAND DHC-8-400 Dash 8,L2T,M
800CED,VT-IVU,A20N,AIRBUS A-320neo,L2J,M
8013ED,VT-TVB,A21N,AIRBUS A-321neo,L2J,M
8014ED,VT-TQM,A20N,AIRBUS A-320neo,L2J,M
8409ED,JA02RK,B738,BOEING 737-800,L2J,M
8413ED,JA05HP,A139,AGUSTA AW-139,H2T,L
8466ED,JA13MP,A139,AGUSTA AW-139,H2T,L
84D4ED,JA298R,EC45,AIRBUS HELICOPTERS EC-145,H2T,L
863AED,JA6909,EXPL,MCDONNELL-DOUGLAS MD-900 Explorer,H2T,L
86E5ED,JA86KK,A139,AGUSTA AW-139,H2T,L
8831ED,HS-IFF,C172,CESSNA 172 Skyhawk,L1P,L
8851ED,HS-TOM,P46T,PIPER PA-46-500TP,L1T,L
8855ED,HS-UOM,A139,AGUSTA AW-139,H2T,L
8880ED,VN-A613,A321,AIRBUS A-321,L2J,M
8960ED,A6-EDL,A388,AIRBUS A-380-800,L4J,H
8963ED,A6-EOP,A388,AIRBUS A-380-800,L4J,H
8964ED,A6-CTG,SR22,CIRRUS SR-22,L1P,L
8965ED,A6-AQB,A320,AIRBUS A-320,L2J,M
8990ED,B-18918,A359,AIRBUS A-350-900,L2J,H
8A01ED,PK-WFG,AT75,ATR-72-500,L2T,M
8A03ED,PK-WTV,C172,CESSNA 172 Skyhawk,L1P,L
8A04ED,PK-RJT,C56X,CESSNA 560XL Citation XLS,L2J,M
8A05ED,PK-RJX,E135,EMBRAER ERJ-135,L2J,M
8A06ED,PK-WHO,AT76,ATR-72-600,L2T,M
A000ED,N1KK,TAIL,WITTMAN Tailwind,L1P,L
A001ED,N1VR,CL60,BOMBARDIER CL-600 Challenger,L2J,M
A002ED,N10FW,BE23,BEECH 23 Sundowner,L1P,L
A003ED,N10SB,T210,CESSNA T210 Turbo Centurion,L1P,L
A004ED,N100CG,C172,CESSNA 172 Skyhawk,L1P,L
A005ED,N100NN,BE35,BEECH 35 Starfire Bonanza,L1P,L
A007ED,N1006Q,BOLT,STEEN Skybolt,L1P,L
A008ED,N101FE,B763,BOEING 767-300,L2J,H
A009ED,N101RL,PA23,PIPER PA-23,L2P,L
A00BED,N1018T,PA24,PIPER PA-24 Comanche,L1P,L
A00CED,N102JC,,,,
A00EED,N1023K,PA18,PIPER PA-18 Super Cub,L1P,L
A00FED,N103AV,P28A,PIPER PA-28-140/150/160/180,L1P,L
A010ED,N103MA,HUSK,CHRISTEN Husky,L1P,L
A012ED,N1035N,M20P,MOONEY M-20,L1P,L
A013ED,N104DT,AC95,NORTH AMERICAN ROCKWELL Jetprop Commander 1000,L2T,L
A014ED,N104PZ,PZ04,PZL-OKECIE PZL-104 Wilga,L1P,L
A017ED,N105GR,SONX,SONEX AIRCRAFT Sonex,L1P,L
A018ED,N105SX,SONX,SONEX AIRCRAFT Sonex,L1P,L
A019ED,N1052H,AR15,AERONCA 15 Sedan,L1P,L
A023ED,N108RK,BE36,BEECH 36 Bonanza,L1P,L
A024ED,N1081F,COY2,RANS Coyote 2,L1P,L
A025ED,N1088S,M20P,MOONEY M-20,L1P,L
A026ED,N109JB,SRAI,GREAT PLAINS Sonerai,L1P,L
A02AED,N11M,WAIX,SONEX Waiex,L1P,L
A02CED,N110HL,SLG4,AIRPLANE FACTORY Sling 4,L1P,L
A02DED,N110TS,SA75,STOLP SA-750 Acroduster Too,L1P,L
A02EED,N11023,CH7A,BELLANCA 7 Champion,L1P,L
A02FED,N111AC,CH7A,BELLANCA 7 Champion,L1P,L
A030ED,N111LJ,C550,CESSNA 550 Citation S2,L2J,L
A032ED,N11146,C150,CESSNA 150,L1P,L
A03AED,N1139B,L8,LUSCOMBE 8,L1P,L
A03CED,N114VC,AC11,NORTH AMERICAN ROCKWELL Commander 112/114,L1P,L
A03DED,N11434,DFLY,VIKING Dragonfly,L1P,L
A046ED,N117HK,B06,BELL 206 JetRanger,H1T,L
A047ED,N117TR,RV7,VANS RV-7,L1P,L
A049ED,N118AB,DISC,SCHEMPP-HIRTH Discus,L1P,L
A04BED,N118WP,DRON,,D0-,-
A04CED,N11845,C177,CESSNA  177 Cardinal,L1P,L
A04DED,N119D,BE55,BEECH 55 Baron,L2P,L
A050ED,N11968,C177,CESSNA  177 Cardinal,L1P,L
A051ED,N12FY,,,,
A052ED,N12SD,SA30,STOLP Starduster Too,L1P,L
A056ED,N1206S,SS2P,ROCKWELL Thrush Commander,L1P,L
A057ED,N121FG,HIGH,JUST JA20 Highlander,L1P,L
A059ED,N1211J,VO10,NORTH AMERICAN ROCKWELL Commander 100,L1P,L
A05DED,N1223M,C77R,CESSNA 177RG Cardinal RG,L1P,L
A05EED,N123AX,P32R,PIPER PA-32R-300/301/301T,L1P,L
A05FED,N123MC,T210,CESSNA T210 Turbo Centurion,L1P,L
A064ED,N1240G,C310,CESSNA 310,L2P,L
A06DED,N127CH,EC30,AIRBUS HELICOPTERS EC-130,H1T,L
A071ED,N128FF,,,,
A079ED,N13MB,JSX,SONEX SubSonex,L1J,L
A07BED,N130HN,EC30,AIRBUS HELICOPTERS EC-130,H1T,L
A07EED,N131AE,B105,EUROCOPTER BO-105,H2T,L
A07FED,N131LL,P28A,PIPER PA-28-140/150/160/180,L1P,L
A080ED,N131WS,EC30,AIRBUS HELICOPTERS EC-130,H1T,L
A082ED,N132DC,SRAI,GREAT PLAINS Sonerai,L1P,L
A083ED,N132PJ,BL8,BELLANCA 8 Decathlon,L1P,L
A085ED,N1327A,B763,BOEING 767-300,L2J,H
A086ED,N133GA,BE20,BEECH 200 Super King Air,L2T,M
A08DED,N135BR,EC35,AIRBUS HELICOPTERS EC-135/635,H2T,L
A090ED,N13559,C172,CESSNA 172 Skyhawk,L1P,L
A093ED,N13601,C172,CESSNA 172 Skyhawk,L1P,L
A094ED,N1368B,T18,THORP Tiger,L1P,L
A096ED,N137TT,PTS1,PITTS S-1 Special,L1P,L
A098ED,N138AD,BE33,BEECH 33 Bonanza,L1P,L
A09BED,N13847,RELI,STINSON Reliant,L1P,L
A09CED,N139DB,PA23,PIPER PA-23,L2P,L
A0A0ED,N14G,C25B,CESSNA 525B Citation CJ3,L2J,L
A0A1ED,N14SF,BL17,BELLANCA 17 Viking,L1P,L
A0A2ED,N140CL,C140,CESSNA 140,L1P,L
A0A3ED,N140NS,C140,CESSNA 140,L1P,L
A0A9ED,N1418X,P28R,PIPER PA-28R-180/200/201,L1P,L
A0AAED,N142JG,RV4,VANS RV-4,L1P,L
A0ACED,N1423P,PA14,PIPER PA-14 Family Cruiser,L1P,L
A0AEED,N143ME,C172,CESSNA 172 Skyhawk,L1P,L
A0B0ED,N1435S,C182,CESSNA 182 Skylane,L1P,L
A0B1ED,N144DX,CH60,ZENAIR CH-600 Zodiac,L1P,L
A0B6ED,N145TA,C500,CESSNA 500 Citation 1,L2J,L
A0B8ED,N1459Y,C172,CESSNA 172 Skyhawk,L1P,L
A0C2ED,N1481K,L8,LUSCOMBE 8,L1P,L
A0C7ED,N15AY,ULAC,,L0-,-
A0CBED,N150TW,BE9L,BEECH 90 King Air,L2T,L
A0CCED,N15027,P28R,PIPER PA-28R-180/200/201,L1P,L
A0CEED,N151LN,EC30,AIRBUS HELICOPTERS EC-130,H1T,L
A0D4ED,N1527C,SR22,CIRRUS SR-22,L1P,L
A0D5ED,N153GC,EC30,AIRBUS HELICOPTERS EC-130,H1T,L
A0D6ED,N153SJ,CH70,ZENAIR CH-701 Stol,L1P,L
A0DBED,N15438,P28A,PIPER PA-28-140/150/160/180,L1P,L
A0E4ED,N157HP,R44,ROBINSON R-44 Raven,H1P,L
A0E6ED,N15726,P28A,PIPER PA-28-140/150/160/180,L1P,L
A0E7ED,N158AF,PC24,PILATUS PC-24,L2J,M
A0ECED,N159PK,BE35,BEECH 35 Starfire Bonanza,L1P,L
A0EEED,N1597B,P28A,PIPER PA-28-140/150/160/180,L1P,L
A0EFED,N16GB,T206,CESSNA T206 Turbo Stationair,L1P,L
A0F0ED,N16SH,C150,CESSNA 150,L1P,L
A0F1ED,N160CN,H60,SIKORSKY UH-60 Black Hawk,H2T,M
A0F3ED,N160Z,K100,DAHER Kodiak 100,L1T,L
A0F4ED,N1606W,BE95,BEECH 95 Travel Air,L2P,L
A0F6ED,N161RS,FOX,KITFOX,L1P,L
A0F7ED,N1611N,FNKB,FUNK B,L1P,L
A0FCED,N163BA,BE30,BEECH 300 Super King Air,L2T,L
A100ED,N164DZ,P28A,PIPER PA-28-140/150/160/180,L1P,L
A102ED,N1640L,BALL,,B0-,-
A103ED,N1647X,H269,HUGHES Sky Knight,H1P,L
A106ED,N1652P,PA18,PIPER PA-18 Super Cub,L1P,L
A107ED,N16590,WACC,WACO C/S,L1P,L
A10AED,N1664S,A660,THRUSH S-2R Turbo 660,L1T,L
A10BED,N167CM,EXEC,ROTORWAY Exec,H1P,L
A114ED,N169UP,A306,AIRBUS A-300-600,L2J,H
A116ED,N17B,GLID,,L0-,-
A119ED,N170HS,PA34,PIPER PA-34 Seneca,L2P,L
A11BED,N17029,,,,
A11EED,N171WW,,,,
A11FED,N1715B,ST75,STEARMAN Kaydet,L1P,L
A123ED,N1727E,CH7A,BELLANCA 7 Champion,L1P,L
A12EED,N1756C,C180,CESSNA  180 Skywagon,L1P,L
A12FED,N176ET,S76,SIKORSKY S-76 Spirit,H2T,L
A131ED,N17605,,,,
A133ED,N177HR,F900,DASSAULT Falcon 900,L3J,M
A134ED,N177TX,C77R,CESSNA 177RG Cardinal RG,L1P,L
A136ED,N178AH,,,,
A139ED,N1785A,BE33,BEECH 33 Bonanza,L1P,L
A13DED,N1797D,C170,CESSNA 170,L1P,L
A140ED,N180CQ,P28A,PIPER PA-28-140/150/160/180,L1P,L
A141ED,N180NW,C180,CESSNA  180 Skywagon,L1P,L
A143ED,N1806Y,C172,CESSNA 172 Skyhawk,L1P,L
A148ED,N182JL,C182,CESSNA 182 Skylane,L1P,L
A149ED,N182US,C182,CESSNA 182 Skylane,L1P,L
A14AED,N1823T,P28A,PIPER PA-28-140/150/160/180,L1P,L
A14BED,N183BC,RV14,VANS RV-14,L1P,L
A151ED,N1840N,C120,CESSNA 120,L1P,L
A155ED,N1852R,C185,CESSNA 185 Skywagon,L1P,L
A156ED,N18592,CMAS,CESSNA C-165 Airmaster,L1P,L
A15AED,N187CP,PA31,PIPER PA-31-300/310/325/350/425,L2P,L
A15DED,N1876X,C182,CESSNA 182 Skylane,L1P,L
A164ED,N1893S,TB20,SOCATA TB-20 Trinidad,L1P,L
A165ED,N19BB,ST75,STEARMAN Kaydet,L1P,L
A16AED,N1903A,B407,BELL 407,H1T,L
A16BED,N191AL,VEZE,RUTAN VariEze,L1P,L
A16EED,N1915D,BE35,BEECH 35 Starfire Bonanza,L1P,L
A176ED,N1939K,BE18,BEECH 18 Expetitor,L2P,L
A179ED,N1944B,BE17,BEECH 17 Staggerwing,L1P,L
A17DED,N1956E,CH60,ZENAIR CH-600 Zodiac,L1P,L
A17FED,N196RA,GLST,GLASAIR SH-4 GlaStar,L1P,L
A181ED,N1968H,,,,
A184ED,N1973,BE55,BEECH 55 Baron,L2P,L
A189ED,N199DH,GLAS,Glasair,L1P,L
A18DED,N2GF,WAIX,SONEX Waiex,L1P,L
A18EED,N2SM,LJ31,LEARJET 31,L2J,M
A18FED,N20CS,BE36,BEECH 36 Bonanza,L1P,L
A195ED,N201CA,M20P,MOONEY M-20,L1P,L
A196ED,N201NG,M20P,MOONEY M-20,L1P,L
A197ED,N201YN,M20P,MOONEY M-20,L1P,L
A198ED,N2016J,A21N,AIRBUS A-321neo,L2J,M
A19CED,N2028M,J3,PIPER J-3 Cub,L1P,L
A19FED,N2033D,BE35,BEECH 35 Starfire Bonanza,L1P,L
A1A3ED,N2045G,AT5T,AIR TRACTOR AT-504,L1T,L
A1A4ED,N205DM,RV6,VANS RV-6,L1P,L
A1A5ED,N205PT,UH1,BELL UH-1 Huey,H1T,L
A1A7ED,N2057K,L8,LUSCOMBE 8,L1P,L
A1A8ED,N206GK,T206,CESSNA T206 Turbo Stationair,L1P,L
A1A9ED,N206SR,PARA,,P0-,-
A1AAED,N2062B,BE35,BEECH 35 Starfire Bonanza,L1P,L
A1ABED,N2069N,COY2,RANS Coyote 2,L1P,L
A1AEED,N2074E,CH7A,BELLANCA 7 Champion,L1P,L
A1AFED,N208C,DSA1,SMITH DSA-1 Miniplane,L1P,L
A1B2ED,N2086H,,,,
A1B7ED,N21HW,TS11,PZL-MIELEC TS-11 Iskra,L1J,L
A1B9ED,N210EG,C210,CESSNA 201 Centurion,L1P,L
A1BCED,N21075,AERK,AERONCA Sea Scout,L1P,L
A1BFED,N2112X,PISI,PIPSTREL Sinus,L1P,L
A1C0ED,N21198,C82T,CESSNA TR182 Turbo Skylane RG,L1P,L
A1C1ED,N212LC,SR20,CIRRUS SR-20,L1P,L
A1C3ED,N21240,B212,BELL 212,H2T,L
A1C8ED,N214FT,FA50,DASSAULT Falcon 50,L3J,M
A1CAED,N2141V,C140,CESSNA 140,L1P,L
A1CBED,N21486,J3,PIPER J-3 Cub,L1P,L
A1CFED,N216BH,PARA,,P0-,-
A1D0ED,N216MP,RV7,VANS RV-7,L1P,L
A1D2ED,N21651,C188,CESSNA 188 AgTruck,L1P,L
A1D5ED,N2170T,P28A,PIPER PA-28-140/150/160/180,L1P,L
A1D6ED,N21774,C172,CESSNA 172 Skyhawk,L1P,L
A1DDED,N2194Z,BALL,,B0-,-
A1DEED,N22CU,C82S,CESSNA T182 Turbo Skylane,L1P,L
A1DFED,N22P,S22T,CIRRUS SR-22T Turbo,L1P,L
A1E0ED,N22ZF,SR22,CIRRUS SR-22,L1P,L
A1E4ED,N221CC,AS21,SCHLEICHER ASK-21,L1P,L
A1E5ED,N221NJ,J3,PIPER J-3 Cub,L1P,L
A1E8ED,N222FA,MU2,MITSUBISHI MU-2 Marquise,L2T,L
A1E9ED,N222RG,BE58,BEECH 58 Baron,L2P,L
A1EAED,N2221C,C180,CESSNA  180 Skywagon,L1P,L
A1EFED,N224AR,SR22,CIRRUS SR-22,L1P,L
A1F5ED,N2250A,PA22,PIPER PA-22,L1P,L
A1F7ED,N226GM,B06,BELL 206 JetRanger,H1T,L
A1F9ED,N2262D,SA30,STOLP Starduster Too,L1P,L
A1FDED,N2274G,C414,CESSNA 414 Chancellor,L2P,L
A201ED,N2286K,,,,
A202ED,N229F,SR22,CIRRUS SR-22,L1P,L
A205ED,N2298N,C140,CESSNA 140,L1P,L
A20CED,N231HG,M20P,MOONEY M-20,L1P,L
A20EED,N2312Z,BE23,BEECH 23 Sundowner,L1P,L
A214ED,N233PC,C208,CESSNA 208 Caravan,L1T,L
A216ED,N23365,C150,CESSNA 150,L1P,L
A219ED,N2341X,C182,CESSNA 182 Skylane,L1P,L
A21BED,N235JT,P28B,PIPER PA-28-201T/235/236,L1P,L
A221ED,N23653,P28R,PIPER PA-28R-180/200/201,L1P,L
A224ED,N2370V,C140,CESSNA 140,L1P,L
A228ED,N2382Y,C82S,CESSNA T182 Turbo Skylane,L1P,L
A22DED,N24CW,P46T,PIPER PA-46-500TP,L1T,L
A231ED,N240VU,,,,
A232ED,N2404K,L8,LUSCOMBE 8,L1P,L
A233ED,N241CE,GLF4,GULFSTREAM 4,L2J,M
A239ED,N2421E,CH7A,BELLANCA 7 Champion,L1P,L
A23AED,N2428R,C182,CESSNA 182 Skylane,L1P,L
A23EED,N244AT,PA44,PIPER PA-44 Seminole,L2P,L
A244ED,N2450C,PA38,PIPER PA-38 Tomahawk,L1P,L
A247ED,N246SV,M7,MAULE M-7,L1P,L
A248ED,N2462F,PA38,PIPER PA-38 Tomahawk,L1P,L
A24AED,N247KM,T206,CESSNA T206 Turbo Stationair,L1P,L
A24CED,N2474J,C150,CESSNA 150,L1P,L
A24DED,N248CD,SR20,CIRRUS SR-20,L1P,L
A250ED,N2486M,PA12,PIPER PA-12 Super Cruiser,L1P,L
A251ED,N249FB,PA46,PIPER PA-46-310/350,L1P,L
A255ED,N25J,BE33,BEECH 33 Bonanza,L1P,L
A258ED,N250QS,CL60,BOMBARDIER CL-600 Challenger,L2J,M
A259ED,N2500Y,C170,CESSNA 170,L1P,L
A25AED,N25079,ZZZZ,,-0-,-
A25EED,N252AA,BE35,BEECH 35 Starfire Bonanza,L1P,L
A25FED,N252LG,UH12,HILLER UH-12,H1P,L
A260ED,N252WN,B737,BOEING 737-700,L2J,M
A265ED,N25367,COL4,CESSNA 400 Corvalis TT,L1P,L
A268ED,N2541Z,PARA,,P0-,-
A26BED,N255VA,RV12,VANS RV-12,L1P,L
A26CED,N25532,PA18,PIPER PA-18 Super Cub,L1P,L
A270ED,N25655,BALL,,B0-,-
A277ED,N25820,C152,CESSNA 152,L1P,L
A283ED,N261NN,E75L,EMBRAER ERJ-170-200 (long wing),L2J,M
A285ED,N2616Q,C182,CESSNA 182 Skylane,L1P,L
A288ED,N2621G,C182,CESSNA 182 Skylane,L1P,L
A289ED,N2628T,PARA,,P0-,-
A28AED,N263JC,SS2T,TRUSH Turbo Thrush 500/550,L1T,L
A28EED,N264MA,CH7B,BELLANCA 7 Citabria,L1P,L
A291ED,N265DT,C182,CESSNA 182 Skylane,L1P,L
A29BED,N2674L,C172,CESSNA 172 Skyhawk,L1P,L
A2A4ED,N27JB,CLON,AUTOGYRO Cavalon,G1P,L
A2A5ED,N27UH,AS29,SCHLEICHER ASG-29,L1P,L
A2A9ED,N2708A,GLID,,L0-,-
A2ACED,N27123,J3,PIPER J-3 Cub,L1P,L
A2ADED,N272AC,CH7B,BELLANCA 7 Citabria,L1P,L
A2B0ED,N27246,B738,BOEING 737-800,L2J,M
A2B1ED,N273DA,DV20,DIAMOND DA-20,L1P,L
A2B4ED,N27369,C510,CESSNA 510 Citation Mustang,L2J,L
A2B6ED,N274SE,,,,
A2BFED,N27657,TAYB,TAYLORCRAFT BC/BF/BL,L1P,L
A2C0ED,N277EM,L159,AERO L-159 Albatros 2,L1J,M
A2C7ED,N279AB,DRON,,D0-,-
A2C8ED,N279LH,RV12,VANS RV-12,L1P,L
A2CAED,N27945,J3,PIPER J-3 Cub,L1P,L
A2CBED,N28D,ZZZZ,,-0-,-
A2CCED,N28PF,SR20,CIRRUS SR-20,L1P,L
A2E2ED,N2850G,CH7A,BELLANCA 7 Champion,L1P,L
A2EAED,N2874N,C120,CESSNA 120,L1P,L
A2EBED,N288CH,AS50,AEROSPATIALE AS-350 Ecureuil,H1T,L
A2F3ED,N29JD,M6,MAULE M-6,L1P,L
A2F7ED,N29002,C210,CESSNA 201 Centurion,L1P,L
A2F8ED,N2908C,C180,CESSNA  180 Skywagon,L1P,L
A2FCED,N292AE,B06,BELL 206 JetRanger,H1T,L
A2FEED,N292WS,S22T,CIRRUS SR-22T Turbo,L1P,L
A2FFED,N29248,AR65,AERONCA 65 Super Chief,L1P,L
A300ED,N293DC,DV20,DIAMOND DA-20,L1P,L
A307ED,N2949D,C170,CESSNA 170,L1P,L
A30AED,N29536,TAYB,TAYLORCRAFT BC/BF/BL,L1P,L
A312ED,N2978B,BE35,BEECH 35 Starfire Bonanza,L1P,L
A313ED,N298HM,WW24,IAI 1124 Westwind,L2J,M
A316ED,N299AD,RV8,VANS RV-8,L1P,L
A319ED,N29947,T6,NORTH AMERICAN T-6 Texan,L1P,L
A31AED,N3DB,GLAS,Glasair,L1P,L
A31FED,N300GE,BALL,,B0-,-
A320ED,N300SL,PRM1,RAYTHEON 390 Premier 1,L2J,L
A321ED,N30017,C177,CESSNA  177 Cardinal,L1P,L
A323ED,N301KC,M20P,MOONEY M-20,L1P,L
A325ED,N3014,R44,ROBINSON R-44 Raven,H1P,L
A327ED,N302NA,T28,NORTH AMERICAN T-28,L1P,L
A329ED,N3026C,P32R,PIPER PA-32R-300/301/301T,L1P,L
A32DED,N3038F,C182,CESSNA 182 Skylane,L1P,L
A32FED,N304TX,C25B,CESSNA 525B Citation CJ3,L2J,L
A334ED,N3055A,C170,CESSNA 170,L1P,L
A335ED,N306DF,P32R,PIPER PA-32R-300/301/301T,L1P,L
A336ED,N306PM,C414,CESSNA 414 Chancellor,L2P,L
A338ED,N3067D,P28A,PIPER PA-28-140/150/160/180,L1P,L
A33CED,N3079G,B47G,BELL 47G,H1P,L
A33DED,N308KB,G280,GULFSTREAM G280,L2J,M
A33FED,N30839,AVTR,AERO ADVENTURE Aventura 2,A1P,L
A343ED,N3096B,P28A,PIPER PA-28-140/150/160/180,L1P,L
A349ED,N3105W,BE36,BEECH 36 Bonanza,L1P,L
A34AED,N311EA,,,,
A34CED,N3110N,BALL,,B0-,-
A350ED,N3122R,BE58,BEECH 58 Baron,L2P,L
A351ED,N31292,CH7B,BELLANCA 7 Citabria,L1P,L
A354ED,N3134U,C182,CESSNA 182 Skylane,L1P,L
A355ED,N314CP,SR22,CIRRUS SR-22,L1P,L
A356ED,N314NV,A319,AIRBUS A-319,L2J,M
A35AED,N315RT,SR22,CIRRUS SR-22,L1P,L
A35BED,N3151P,ULAC,,L0-,-
A35CED,N31580,AT3P,AIR TRACTOR AT-301/401,L1P,L
A35FED,N3163S,C182,CESSNA 182 Skylane,L1P,L
A361ED,N317MH,BE18,BEECH 18 Expetitor,L2P,L
A363ED,N3175V,C150,CESSNA 150,L1P,L
A367ED,N3187Y,C182,CESSNA 182 Skylane,L1P,L
A36AED,N3192Q,C182,CESSNA 182 Skylane,L1P,L
A36CED,N32KW,A32P,SCHLEICHER ASG-32Mi,L1P,L
A36DED,N32WB,SR22,CIRRUS SR-22,L1P,L
A36EED,N320GG,LNC2,LANCAIR 200-320,L1P,L
A370ED,N32019,P28A,PIPER PA-28-140/150/160/180,L1P,L
A372ED,N321KE,SREY,PROGRESSIVE AERODYNE SeaRey,A1P,L
A37AED,N323RA,RALL,SOCATA Rallye,L1P,L
A383ED,N3255C,BE35,BEECH 35 Starfire Bonanza,L1P,L
A384ED,N326DH,J3,PIPER J-3 Cub,L1P,L
A389ED,N327SM,CRER,RANS Courier,L1P,L
A38EED,N3284A,PARA,,P0-,-
A390ED,N329NB,A319,AIRBUS A-319,L2J,M
A396ED,N330ML,E300,EXTRA EA-300/330/350,L1P,L
A398ED,N3305Y,C182,CESSNA 182 Skylane,L1P,L
A39FED,N3322T,EXEC,ROTORWAY Exec,H1P,L
A3A0ED,N33294,B738,BOEING 737-800,L2J,M
A3A9ED,N335RV,RV8,VANS RV-8,L1P,L
A3AFED,N337BD,P337,CESSNA P337 Skymaster,L2P,L
A3B5ED,N3380P,M7,MAULE M-7,L1P,L
A3B6ED,N33870,FA62,FAIRCHILD M-26 Cornell,L1P,L
A3BCED,N34WD,,,,
A3BDED,N340GJ,C340,CESSNA 340 Super,L2P,L
A3C0ED,N3409M,PA12,PIPER PA-12 Super Cruiser,L1P,L
A3C9ED,N343RC,COL4,CESSNA 400 Corvalis TT,L1P,L
A3CEED,N3443B,BE35,BEECH 35 Starfire Bonanza,L1P,L
A3D1ED,N345WZ,SR22,CIRRUS SR-22,L1P,L
A3D2ED,N3455E,C172,CESSNA 172 Skyhawk,L1P,L
A3D4ED,N346PR,B738,BOEING 737-800,L2J,M
A3E3ED,N35RB,BE35,BEECH 35 Starfire Bonanza,L1P,L
A3E7ED,N35050,C177,CESSNA  177 Cardinal,L1P,L
A3EAED,N3510S,ULAC,,L0-,-
A3EBED,N35173,J3,PIPER J-3 Cub,L1P,L
A3EEED,N3522V,C140,CESSNA 140,L1P,L
A3EFED,N35296,C177,CESSNA  177 Cardinal,L1P,L
A3F0ED,N353LA,BE95,BEECH 95 Travel Air,L2P,L
A3F3ED,N354CT,C172,CESSNA 172 Skyhawk,L1P,L
A3F6ED,N35461,C172,CESSNA 172 Skyhawk,L1P,L
A3F7ED,N355FR,PA31,PIPER PA-31-300/310/325/350/425,L2P,L
A3F9ED,N3551T,TF19,TAYLORCRAFT F-19 Sportsman,L1P,L
A3FAED,N35584,PA31,PIPER PA-31-300/310/325/350/425,L2P,L
A3FBED,N356JP,SR20,CIRRUS SR-20,L1P,L
A3FEED,N357BF,J3,PIPER J-3 Cub,L1P,L
A3FFED,N357MM,PA46,PIPER PA-46-310/350,L1P,L
A401ED,N3575Z,PA18,PIPER PA-18 Super Cub,L1P,L
A405ED,N35872,C77R,CESSNA 177RG Cardinal RG,L1P,L
A40BED,N36WF,BE36,BEECH 36 Bonanza,L1P,L
A40DED,N360SS,B47G,BELL 47G,H1P,L
A416ED,N3626J,C150,CESSNA 150,L1P,L
A41AED,N3638M,PA12,PIPER PA-12 Super Cruiser,L1P,L
A41DED,N3643D,AEST,AEROSTAR 600,L2P,L
A41EED,N365AP,,,,
A422ED,N366DM,SR22,CIRRUS SR-22,L1P,L
A439ED,N3710U,C182,CESSNA 182 Skylane,L1P,L
A43AED,N37175,GLID,,L0-,-
A43DED,N3722X,P28A,PIPER PA-28-140/150/160/180,L1P,L
A43EED,N37298,B738,BOEING 737-800,L2J,M
A441ED,N37340,S1,INTERSTATE S-1 Cadet,L1P,L
A443ED,N374PA,B212,BELL 212,H2T,L
A448ED,N3751V,C140,CESSNA 140,L1P,L
A453ED,N3780T,P28R,PIPER PA-28R-180/200/201,L1P,L
A457ED,N3792W,PA32,PIPER PA-32,L1P,L
A458ED,N37997,BE77,BEECH 77 Skipper,L1P,L
A459ED,N38LB,RV8,VANS RV-8,L1P,L
A45AED,N38WH,BL8,BELLANCA 8 Decathlon,L1P,L
A45CED,N380SU,SR20,CIRRUS SR-20,L1P,L
A45EED,N3809R,C172,CESSNA 172 Skyhawk,L1P,L
A462ED,N382CC,PA18,PIPER PA-18 Super Cub,L1P,L
A469ED,N3838P,PA22,PIPER PA-22,L1P,L
A46DED,N385AR,EXEC,ROTORWAY Exec,H1P,L
A470ED,N3855J,C150,CESSNA 150,L1P,L
A474ED,N3867M,PA12,PIPER PA-12 Super Cruiser,L1P,L
A47CED,N389CB,BALL,,B0-,-
A47EED,N389YP,GLID,,L0-,-
A481ED,N39RF,GLAS,Glasair,L1P,L
A483ED,N390MS,PA32,PIPER PA-32,L1P,L
A489ED,N39177,,,,
A496ED,N395SA,BE36,BEECH 36 Bonanza,L1P,L
A497ED,N3951X,PA34,PIPER PA-34 Seneca,L2P,L
A49FED,N39753,WACF,WACO F,L1P,L
A4A2ED,N3980V,C170,CESSNA 170,L1P,L
A4A3ED,N39876,BL17,BELLANCA 17 Viking,L1P,L
A4A5ED,N399TM,,,,
A4A7ED,N39999,C150,CESSNA 150,L1P,L
A4A8ED,N4LD,M20P,MOONEY M-20,L1P,L
A4ACED,N400DA,BE30,BEECH 300 Super King Air,L2T,L
A4ADED,N400PG,PA11,PIPER PA-11 Cub Special,L1P,L
A4AFED,N40069,P28A,PIPER PA-28-140/150/160/180,L1P,L
A4B1ED,N401SE,PC12,PILATUS PC-12,L1T,L
A4B2ED,N40111,,,,
A4B3ED,N4019B,CH7A,BELLANCA 7 Champion,L1P,L
A4B6ED,N40234,PA18,PIPER PA-18 Super Cub,L1P,L
A4BAED,N40357,COUR,HELIO Courier,L1P,L
A4BDED,N4040Z,PA18,PIPER PA-18 Super Cub,L1P,L
A4BFED,N405HK,Q9,GENERAL ATOMICS MQ-9 Reaper,L1T,L
A4C1ED,N40522,PA23,PIPER PA-23,L2P,L
A4C5ED,N40645,M4,MAULE M-4,L1P,L
A4C7ED,N407PF,B407,BELL 407,H1T,L
A4C8ED,N407ZM,B407,BELL 407,H1T,L
A4C9ED,N40768,P28R,PIPER PA-28R-180/200/201,L1P,L
A4CCED,N40810,P28A,PIPER PA-28-140/150/160/180,L1P,L
A4D6ED,N4103M,PA12,PIPER PA-12 Super Cruiser,L1P,L
A4D8ED,N411MC,DHC2,DE HAVILLAND DHC-2 Beaver,L1P,L
A4E1ED,N4132K,NAVI,NORTH AMERICAN Navion,L1P,L
A4E3ED,N414KR,ZZZZ,,-0-,-
A4E7ED,N415NP,LJ60,LEARJET 60,L2J,M
A4ECED,N4161H,PA15,PIPER PA-15 Vagabond,L1P,L
A4EEED,N417JD,C56X,CESSNA 560XL Citation XLS,L2J,M
A4F1ED,N418AW,CRJ2,BOMBARDIER Regional Jet CRJ-200,L2J,M
A4F2ED,N418MB,C182,CESSNA 182 Skylane,L1P,L
A4F7ED,N4190F,C172,CESSNA 172 Skyhawk,L1P,L
A4F8ED,N4197S,BE35,BEECH 35 Starfire Bonanza,L1P,L
A4F9ED,N42GS,TS11,PZL-MIELEC TS-11 Iskra,L1J,L
A4FBED,N420DC,RS21,RANS S-21 Outbound,L1P,L
A500ED,N421SG,PTS2,PITTS S-2 Special,L1P,L
A502ED,N4219D,BE35,BEECH 35 Starfire Bonanza,L1P,L
A505ED,N42236,RAF2,ROTARY AIR FORCE RAF-2000,G1P,L
A509ED,N42359,C180,CESSNA  180 Skywagon,L1P,L
A50AED,N424EP,R44,ROBINSON R-44 Raven,H1P,L
A50CED,N42401,C180,CESSNA  180 Skywagon,L1P,L
A50DED,N4248B,BE35,BEECH 35 Starfire Bonanza,L1P,L
A510ED,N42524,,,,
A514ED,N42647,C182,CESSNA 182 Skylane,L1P,L
A516ED,N427PH,B407,BELL 407,H1T,L
A51BED,N42812,P28A,PIPER PA-28-140/150/160/180,L1P,L
A51CED,N4289C,TEX2,BEECHCRAFT T-6 Texan 2,L1T,L
A51FED,N42935,J3,PIPER J-3 Cub,L1P,L
A521ED,N43MW,E300,EXTRA EA-300/330/350,L1P,L
A525ED,N4303P,P32R,PIPER PA-32R-300/301/301T,L1P,L
A526ED,N431AZ,B763,BOEING 767-300,L2J,H
A52CED,N4320J,P28A,PIPER PA-28-140/150/160/180,L1P,L
A52DED,N4327V,C195,CESSNA 195,L1P,L
A52FED,N433TA,T206,CESSNA T206 Turbo Stationair,L1P,L
A531ED,N4339Y,PA25,PIPER PA-25 Pawnee,L1P,L
A535ED,N435CK,T206,CESSNA T206 Turbo Stationair,L1P,L
A537ED,N435YX,E75L,EMBRAER ERJ-170-200 (long wing),L2J,M
A538ED,N4356T,LGEZ,RUTAN Long-EZ,L1P,L
A53BED,N4361K,P32R,PIPER PA-32R-300/301/301T,L1P,L
A53FED,N4373N,C195,CESSNA 195,L1P,L
A543ED,N4385R,C172,CESSNA 172 Skyhawk,L1P,L
A54EED,N441GC,GLF5,GULFSTREAM 5,L2J,M
A552ED,N442KA,BE20,BEECH 200 Super King Air,L2T,M
A558ED,N4436A,ULAC,,L0-,-
A559ED,N444ER,C172,CESSNA 172 Skyhawk,L1P,L
A55AED,N444QX,DH8D,DE HAVILLAND DHC-8-400 Dash 8,L2T,M
A55CED,N4448D,BE35,BEECH 35 Starfire Bonanza,L1P,L
A55FED,N44526,P28A,PIPER PA-28-140/150/160/180,L1P,L
A560ED,N446AF,C72R,CESSNA 172R Cutlass RG,L1P,L
A563ED,N44649,P28R,PIPER PA-28R-180/200/201,L1P,L
A567ED,N4477B,C170,CESSNA 170,L1P,L
A569ED,N448SH,R44,ROBINSON R-44 Raven,H1P,L
A56BED,N4489E,CH7A,BELLANCA 7 Champion,L1P,L
A56EED,N44937,N3N,NAVAL AIRCRAFT FACTORY N3N,L1P,L
A56FED,N45BS,YK52,YAKOVLEV Yak-52,L1P,L
A575ED,N451BA,C82T,CESSNA TR182 Turbo Skylane RG,L1P,L
A576ED,N451MG,P51,NORTH AMERICAN P-51 Mustang,L1P,L
A578ED,N4515U,AA5,AMERICAN AA-5 Tiger,L1P,L
A57BED,N4520L,AA5,AMERICAN AA-5 Tiger,L1P,L
A57CED,N4527X,AT3T,AIR TRACTOR AT-302/402,L1T,L
A57EED,N453TC,AC11,NORTH AMERICAN ROCKWELL Commander 112/114,L1P,L
A57FED,N4532P,AA5,AMERICAN AA-5 Tiger,L1P,L
A589ED,N456RR,P28R,PIPER PA-28R-180/200/201,L1P,L
A58AED,N4561M,PA11,PIPER PA-11 Cub Special,L1P,L
A58DED,N457UP,B752,BOEING 757-200,L2J,M
A58FED,N458B,BE35,BEECH 35 Starfire Bonanza,L1P,L
A596ED,N4597W,AC11,NORTH AMERICAN ROCKWELL Commander 112/114,L1P,L
A598ED,N46TB,ASTR,GULFSTREAM AEROSPACE Gulfstream G100,L2J,M
A5A0ED,N4619H,PA17,PIPER PA-17 Vagabond Trainer,L1P,L
A5A1ED,N462KC,B762,BOEING 767-200,L2J,H
A5A7ED,N4636C,C170,CESSNA 170,L1P,L
A5ABED,N4648F,C206,CESSNA  206 Stationair,L1P,L
A5AEED,N46528,,,,
A5AFED,N466AH,EC35,AIRBUS HELICOPTERS EC-135/635,H2T,L
A5B2ED,N4665A,C180,CESSNA  180 Skywagon,L1P,L
A5B3ED,N467DF,C337,CESSNA 337 Super Skymaster,L2P,L
A5B6ED,N4677D,BE35,BEECH 35 Starfire Bonanza,L1P,L
A5B9ED,N46816,CAMP,GREGA GN-1 Aircamper,L1P,L
A5BBED,N469KB,,,,
A5C3ED,N4703T,M4,MAULE M-4,L1P,L
A5C4ED,N471BC,C182,CESSNA 182 Skylane,L1P,L
A5C7ED,N4715W,P210,CESSNA P210 Centurion,L1P,L
A5C8ED,N472EA,BE9L,BEECH 90 King Air,L2T,L
A5CBED,N4727Z,PA22,PIPER PA-22,L1P,L
A5D7ED,N476FM,CH7B,BELLANCA 7 Citabria,L1P,L
A5DAED,N47680,P28R,PIPER PA-28R-180/200/201,L1P,L
A5DDED,N4773S,C82R,CESSNA R182 Skylane RG,L1P,L
A5E0ED,N478XP,,,,
A5E2ED,N479E,QIC2,QUICKIE Q2,L1P,L
A5E4ED,N4790M,PA11,PIPER PA-11 Cub Special,L1P,L
A5E9ED,N480PQ,EN48,ENSTROM TH-28,H1T,L
A5EBED,N4807G,C172,CESSNA 172 Skyhawk,L1P,L
A5EEED,N48119,T6,NORTH AMERICAN T-6 Texan,L1P,L
A5EFED,N4819K,NAVI,NORTH AMERICAN Navion,L1P,L
A5F6ED,N4836E,C82R,CESSNA R182 Skylane RG,L1P,L
A5FDED,N4853,SA30,STOLP Starduster Too,L1P,L
A5FEED,N486AK,R44,ROBINSON R-44 Raven,H1P,L
A609ED,N4889J,BE35,BEECH 35 Starfire Bonanza,L1P,L
A60CED,N4894A,PA18,PIPER PA-18 Super Cub,L1P,L
A60DED,N49BW,RV9,VANS RV-9,L1P,L
A60FED,N49YH,CRER,RANS Courier,L1P,L
A61AED,N49271,AR6T,AERONCA 65 Tandem,L1P,L
A61BED,N493HA,B712,BOEING 717-200,L2J,M
A61CED,N493TG,CH60,ZENAIR CH-600 Zodiac,L1P,L
A61DED,N4932T,C182,CESSNA 182 Skylane,L1P,L
A621ED,N4944W,AC11,NORTH AMERICAN ROCKWELL Commander 112/114,L1P,L
A62CED,N4973U,C210,CESSNA 201 Centurion,L1P,L
A633ED,N4990P,PA18,PIPER PA-18 Super Cub,L1P,L
A634ED,N49970,C152,CESSNA 152,L1P,L
A635ED,N5H,B47G,BELL 47G,H1P,L
A636ED,N5TF,SPIT,SUPERMARINE Spitfire,L1P,L
A637ED,N50DL,C421,CESSNA 421 Executive Commuter,L2P,L
A638ED,N50PS,PA31,PIPER PA-31-300/310/325/350/425,L2P,L
A63AED,N500LC,PA23,PIPER PA-23,L2P,L
A63BED,N500WJ,C501,CESSNA 501 Citation 1SP,L2J,L
A63CED,N50040,C150,CESSNA 150,L1P,L
A63EED,N501PA,C150,CESSNA 150,L1P,L
A642ED,N502RZ,H25B,HAWKER BEECHCRAFT Hawker 750/850,L2J,M
A644ED,N50286,C150,CESSNA 150,L1P,L
A64BED,N50451,BL8,BELLANCA 8 Decathlon,L1P,L
A64FED,N50574,C150,CESSNA 150,L1P,L
A653ED,N50697,C150,CESSNA 150,L1P,L
A656ED,N5074Z,O1,CESSNA 305/341 Bird Dog,L1P,L
A65AED,N50862,TAYD,TAYLORCRAFT DC/DF/DL,L1P,L
A65CED,N509RY,,,,
A661ED,N510FA,C172,CESSNA 172 Skyhawk,L1P,L
A663ED,N5101C,SS2T,TRUSH Turbo Thrush 500/550,L1T,L
A667ED,N5113F,C172,CESSNA 172 Skyhawk,L1P,L
A668ED,N512AR,DHC6,DE HAVILLAND DHC-6 Twin Otter,L2T,L
A66CED,N513DP,COZY,CO-Z Cozy,L1P,L
A66EED,N5130A,T210,CESSNA T210 Turbo Centurion,L1P,L
A66FED,N5137M,BE19,BEECH 19 Sport,L1P,L
A670ED,N514GM,,,,
A671ED,N514ST,RV12,VANS RV-12,L1P,L
A675ED,N515VR,CL35,BOMBARDIER BD-100 Challenger 350,L2J,M
A677ED,N516CB,PC12,PILATUS PC-12,L1T,L
A67AED,N5166K,PARA,,P0-,-
A67BED,N517F,SONX,SONEX AIRCRAFT Sonex,L1P,L
A67DED,N5171B,C152,CESSNA 152,L1P,L
A67EED,N5178N,ST75,STEARMAN Kaydet,L1P,L
A681ED,N5183E,C172,CESSNA 172 Skyhawk,L1P,L
A685ED,N5195H,PA14,PIPER PA-14 Family Cruiser,L1P,L
A686ED,N52DN,BE18,BEECH 18 Expetitor,L2P,L
A688ED,N520,C77R,CESSNA 177RG Cardinal RG,L1P,L
A689ED,N520LE,YK52,YAKOVLEV Yak-52,L1P,L
A68DED,N521PC,PC12,PILATUS PC-12,L1T,L
A68FED,N52165,C162,CESSNA 162 Skycatcher,L1P,L
A692ED,N5221X,CH7A,BELLANCA 7 Champion,L1P,L
A694ED,N523JT,M20P,MOONEY M-20,L1P,L
A698ED,N524MR,BE20,BEECH 200 Super King Air,L2T,M
A6A1ED,N5262Y,C172,CESSNA 172 Skyhawk,L1P,L
A6A6ED,N528CW,P32R,PIPER PA-32R-300/301/301T,L1P,L
A6ACED,N5291W,C172,CESSNA 172 Skyhawk,L1P,L
A6ADED,N52987,C77R,CESSNA 177RG Cardinal RG,L1P,L
A6AEED,N53JS,P28R,PIPER PA-28R-180/200/201,L1P,L
A6B2ED,N5301E,C172,CESSNA 172 Skyhawk,L1P,L
A6B6ED,N5313H,PA16,PIPER PA-16 Clipper,L1P,L
A6BBED,N533DR,H500,HUGHES 500,H1T,L
A6BEED,N5337P,C152,CESSNA 152,L1P,L
A6C1ED,N5342F,P28A,PIPER PA-28-140/150/160/180,L1P,L
A6C7ED,N536NK,A319,AIRBUS A-319,L2J,M
A6C9ED,N5366M,C152,CESSNA 152,L1P,L
A6D0ED,N5383G,COUR,HELIO Courier,L1P,L
A6D6ED,N54PW,C182,CESSNA 182 Skylane,L1P,L
A6DBED,N541CZ,DRON,,D0-,-
A6DFED,N542FX,CL30,BOMBARDIER BD-100 Challenger 300,L2J,M
A6E0ED,N542SC,CRUZ,CSA PS-28 Cruiser,L1P,L
A6E2ED,N5429,ZZZZ,,-0-,-
A6F1ED,N547A,,,,
A6F3ED,N547WM,S76,SIKORSKY S-76 Spirit,H2T,L
A6FDED,N55JU,BE36,BEECH 36 Bonanza,L1P,L
A6FFED,N550FE,DC10,MCDONNELL DOUGLAS DC-10,L3J,H
A702ED,N5508T,C172,CESSNA 172 Skyhawk,L1P,L
A706ED,N552AV,GLF5,GULFSTREAM 5,L2J,M
A707ED,N552MA,DV20,DIAMOND DA-20,L1P,L
A70CED,N5530E,C185,CESSNA 185 Skywagon,L1P,L
A70DED,N5537R,C72R,CESSNA 172R Cutlass RG,L1P,L
A70EED,N554GR,C550,CESSNA 550 Citation S2,L2J,L
A711ED,N5549U,P28A,PIPER PA-28-140/150/160/180,L1P,L
A713ED,N555VV,,,,
A718ED,N5566P,PA24,PIPER PA-24 Comanche,L1P,L
A71CED,N5578S,GLID,,L0-,-
A71DED,N558JB,A320,AIRBUS A-320,L2J,M
A71FED,N5583J,PA32,PIPER PA-32,L1P,L
A721ED,N559M,RV7,VANS RV-7,L1P,L
A723ED,N5595M,DHC2,DE HAVILLAND DHC-2 Beaver,L1P,L
A724ED,N56DS,P337,CESSNA P337 Skymaster,L2P,L
A729ED,N56046,,,,
A72AED,N561DA,C560,CESSNA 560 Citation Ultra,L2J,M
A72BED,N561PG,C56X,CESSNA 560XL Citation XLS,L2J,M
A72FED,N562SE,C510,CESSNA 510 Citation Mustang,L2J,L
A730ED,N56211,P28R,PIPER PA-28R-180/200/201,L1P,L
A735ED,N564BP,SR22,CIRRUS SR-22,L1P,L
A739ED,N565EM,MRF1,DASSAULT Mirage F1,L1J,M
A73FED,N56622,M7,MAULE M-7,L1P,L
A740ED,N567AB,SR22,CIRRUS SR-22,L1P,L
A744ED,N568D,,,,
A749ED,N569SD,ULAC,,L0-,-
A74AED,N56910,,,,
A74BED,N5699A,C172,CESSNA 172 Skyhawk,L1P,L
A74CED,N57JW,SR20,CIRRUS SR-20,L1P,L
A74DED,N57VB,C172,CESSNA 172 Skyhawk,L1P,L
A750ED,N5701J,M20P,MOONEY M-20,L1P,L
A756ED,N572MC,GYRO,,G0-,-
A758ED,N5725Q,M20P,MOONEY M-20,L1P,L
A75FED,N5742K,BE95,BEECH 95 Travel Air,L2P,L
A760ED,N5749W,P28A,PIPER PA-28-140/150/160/180,L1P,L
A76AED,N5771H,RV9,VANS RV-9,L1P,L
A76EED,N5783L,,,,
A774ED,N58Q,BE20,BEECH 200 Super King Air,L2T,M
A77AED,N581PJ,C501,CESSNA 501 Citation 1SP,L2J,L
A77CED,N5817A,M20P,MOONEY M-20,L1P,L
A780ED,N5829D,PA46,PIPER PA-46-310/350,L1P,L
A784ED,N584BR,RV8,VANS RV-8,L1P,L
A788ED,N585EP,C25A,CESSNA 525A Citation CJ2,L2J,L
A78BED,N5858B,BE58,BEECH 58 Baron,L2P,L
A78EED,N58624,C182,CESSNA 182 Skylane,L1P,L
A792ED,N58747,C182,CESSNA 182 Skylane,L1P,L
A798ED,N589SF,LEG2,LANCAIR Legacy,L1P,L
A79FED,N5901L,,,,
A7A3ED,N5913P,PA24,PIPER PA-24 Comanche,L1P,L
A7A4ED,N592AZ,DRON,,D0-,-
A7A6ED,N592XL,,,,
A7AFED,N5949Y,ULAC,,L0-,-
A7B0ED,N595KT,TBM7,SOCATA TBM-700A/B/C,L1T,L
A7B2ED,N5954Q,M20P,MOONEY M-20,L1P,L
A7C8ED,N600TE,AEST,AEROSTAR 600,L2P,L
A7C9ED,N6002R,C172,CESSNA 172 Skyhawk,L1P,L
A7CEED,N602CP,C82T,CESSNA TR182 Turbo Skylane RG,L1P,L
A7D0ED,N602ZA,CH60,ZENAIR CH-600 Zodiac,L1P,L
A7D5ED,N60380,T6,NORTH AMERICAN T-6 Texan,L1P,L
A7DAED,N605MH,SR22,CIRRUS SR-22,L1P,L
A7DDED,N606E,RV10,VANS RV-10,L1P,L
A7E3ED,N6072Q,M20P,MOONEY M-20,L1P,L
A7E7ED,N6084T,C150,CESSNA 150,L1P,L
A7EAED,N609Z,CH60,ZENAIR CH-600 Zodiac,L1P,L
A7ECED,N61FL,PA46,PIPER PA-46-310/350,L1P,L
A7F1ED,N6106E,C172,CESSNA 172 Skyhawk,L1P,L
A7F2ED,N611EV,ACR2,ACRO SPORT 2,L1P,L
A7F3ED,N611RA,S22T,CIRRUS SR-22T Turbo,L1P,L
A7F4ED,N61107,,,,
A7F6ED,N612HT,F2TH,DASSAULT Falcon 2000,L2J,M
A7F8ED,N6123,R66,ROBINSON R-66,H1T,L
A7F9ED,N613AK,C182,CESSNA 182 Skylane,L1P,L
A7FCED,N6135C,BE36,BEECH 36 Bonanza,L1P,L
A7FDED,N614DH,RV6,VANS RV-6,L1P,L
A800ED,N6147F,C210,CESSNA 201 Centurion,L1P,L
A802ED,N615SM,S22T,CIRRUS SR-22T Turbo,L1P,L
A804ED,N6159J,P28A,PIPER PA-28-140/150/160/180,L1P,L
A808ED,N617BW,CL60,BOMBARDIER CL-600 Challenger,L2J,M
A80BED,N6176D,PA22,PIPER PA-22,L1P,L
A80FED,N6188G,C150,CESSNA 150,L1P,L
A813ED,N62AJ,UHEL,,H0-,-
A815ED,N62WW,BL8,BELLANCA 8 Decathlon,L1P,L
A816ED,N620HA,S22T,CIRRUS SR-22T Turbo,L1P,L
A818ED,N6202T,PA15,PIPER PA-15 Vagabond,L1P,L
A819ED,N62094,J3,PIPER J-3 Cub,L1P,L
A822ED,N623RV,RV12,VANS RV-12,L1P,L
A823ED,N6231R,C150,CESSNA 150,L1P,L
A829ED,N625MK,PA11,PIPER PA-11 Cub Special,L1P,L
A82EED,N6260P,PA24,PIPER PA-24 Comanche,L1P,L
A82FED,N62670,PA23,PIPER PA-23,L2P,L
A830ED,N627H,ZZZZ,,-0-,-
A831ED,N627TF,H25B,HAWKER BEECHCRAFT Hawker 750/850,L2J,M
A832ED,N6272S,C150,CESSNA 150,L1P,L
A836ED,N6284V,BE35,BEECH 35 Starfire Bonanza,L1P,L
A840ED,N6306G,C150,CESSNA 150,L1P,L
A847ED,N6323B,C182,CESSNA 182 Skylane,L1P,L
A848ED,N633AM,,,,
A84BED,N6335E,C172,CESSNA 172 Skyhawk,L1P,L
A851ED,N635SP,C172,CESSNA 172 Skyhawk,L1P,L
A853ED,N6359L,AA1,AMERICAN AA-1,L1P,L
A856ED,N6364C,T210,CESSNA T210 Turbo Centurion,L1P,L
A85EED,N6388J,P28A,PIPER PA-28-140/150/160/180,L1P,L
A861ED,N6393A,C182,CESSNA 182 Skylane,L1P,L
A862ED,N64AL,E300,EXTRA EA-300/330/350,L1P,L
A863ED,N64LS,GLID,,L0-,-
A864ED,N64WY,HUSK,CHRISTEN Husky,L1P,L
A867ED,N6402V,C72R,CESSNA 172R Cutlass RG,L1P,L
A868ED,N64096,C172,CESSNA 172 Skyhawk,L1P,L
A869ED,N641LA,AT6T,AIR TRACTOR AT-602,L1T,L
A86CED,N642CT,M7,MAULE M-7,L1P,L
A86FED,N64261,C172,CESSNA 172 Skyhawk,L1P,L
A873ED,N64384,DHC2,DE HAVILLAND DHC-2 Beaver,L1P,L
A878ED,N645MM,DRON,,D0-,-
A87DED,N6460R,P28A,PIPER PA-28-140/150/160/180,L1P,L
A880ED,N647TH,C172,CESSNA 172 Skyhawk,L1P,L
A885ED,N6484X,C180,CESSNA  180 Skywagon,L1P,L
A88BED,N65RW,RV7,VANS RV-7,L1P,L
A88CED,N650CA,T206,CESSNA T206 Turbo Stationair,L1P,L
A891ED,N651RE,,,,
A893ED,N6518M,S108,STINSON 108 Voyager,L1P,L
A896ED,N6523D,C172,CESSNA 172 Skyhawk,L1P,L
A89AED,N6535G,C172,CESSNA 172 Skyhawk,L1P,L
A89BED,N654DM,LNC4,LANCAIR 4,L1P,L
A89CED,N654PT,RV6,VANS RV-6,L1P,L
A8A1ED,N6552B,C152,CESSNA 152,L1P,L
A8A2ED,N6559N,BE36,BEECH 36 Bonanza,L1P,L
A8A5ED,N6564E,C175,CESSNA 175 Skylark,L1P,L
A8A6ED,N657C,S108,STINSON 108 Voyager,L1P,L
A8B1ED,N66AN,RV6,VANS RV-6,L1P,L
A8BAED,N66140,C150,CESSNA 150,L1P,L
A8BBED,N662CV,B407,BELL 407,H1T,L
A8C2ED,N66386,C150,CESSNA 150,L1P,L
A8C5ED,N6643Y,BE35,BEECH 35 Starfire Bonanza,L1P,L
A8C9ED,N66551,C150,CESSNA 150,L1P,L
A8D6ED,N669P,PA24,PIPER PA-24 Comanche,L1P,L
A8D9ED,N67FS,C650,CESSNA 650 Citation,L2J,M
A8E2ED,N6718P,PA24,PIPER PA-24 Comanche,L1P,L
A8ECED,N6740A,C172,CESSNA 172 Skyhawk,L1P,L
A8EEED,N675GM,,,,
A8F9ED,N678F,BE55,BEECH 55 Baron,L2P,L
A8FCED,N6788N,M20P,MOONEY M-20,L1P,L
A8FFED,N6793E,C175,CESSNA 175 Skylark,L1P,L
A901ED,N68LW,COL4,CESSNA 400 Corvalis TT,L1P,L
A90BED,N682PC,PC12,PILATUS PC-12,L1T,L
A918ED,N68553,CH7B,BELLANCA 7 Citabria,L1P,L
A91AED,N686QP,P28R,PIPER PA-28R-180/200/201,L1P,L
A920ED,N68799,C152,CESSNA 152,L1P,L
A921ED,N688LD,S22T,CIRRUS SR-22T Turbo,L1P,L
A923ED,N68841,J3,PIPER J-3 Cub,L1P,L
A929ED,N69S,P337,CESSNA P337 Skymaster,L2P,L
A92FED,N691RJ,WAIX,SONEX Waiex,L1P,L
A930ED,N6911E,C175,CESSNA 175 Skylark,L1P,L
A934ED,N6923H,J3,PIPER J-3 Cub,L1P,L
A938ED,N6935L,SR22,CIRRUS SR-22,L1P,L
A93CED,N6947P,PA24,PIPER PA-24 Comanche,L1P,L
A93FED,N6952F,C150,CESSNA 150,L1P,L
A945ED,N697NK,A320,AIRBUS A-320,L2J,M
A94CED,N699J,JAB4,JABIRU J200-450,L1P,L
A94FED,N7AS,BE35,BEECH 35 Starfire Bonanza,L1P,L
A950ED,N7LY,GLID,,L0-,-
A951ED,N7XD,RV4,VANS RV-4,L1P,L
A958ED,N701GT,CH70,ZENAIR CH-701 Stol,L1P,L
A959ED,N701SZ,CH70,ZENAIR CH-701 Stol,L1P,L
A95AED,N7012K,PA20,PIPER PA-20 Pacer,L1P,L
A960ED,N703NP,UH1,BELL UH-1 Huey,H1T,L
A964ED,N704RM,C150,CESSNA 150,L1P,L
A966ED,N7048U,C310,CESSNA 310,L2P,L
A967ED,N705JD,GLID,,L0-,-
A969ED,N7053L,RV4,VANS RV-4,L1P,L
A96AED,N706AW,T6,NORTH AMERICAN T-6 Texan,L1P,L
A96DED,N7065P,PA24,PIPER PA-24 Comanche,L1P,L
A970ED,N7070F,C150,CESSNA 150,L1P,L
A975ED,N7089V,M20P,MOONEY M-20,L1P,L
A979ED,N71CG,RV6,VANS RV-6,L1P,L
A97DED,N710VE,RV7,VANS RV-7,L1P,L
A981ED,N711YC,,,,
A982ED,N71159,BALL,,B0-,-
A985ED,N71201,L8,LUSCOMBE 8,L1P,L
A986ED,N7128B,PA22,PIPER PA-22,L1P,L
A987ED,N713HM,AEST,AEROSTAR 600,L2P,L
A988ED,N713TT,BE35,BEECH 35 Starfire Bonanza,L1P,L
A98AED,N714AD,C150,CESSNA 150,L1P,L
A991ED,N7157,,,,
A992ED,N716G,P28A,PIPER PA-28-140/150/160/180,L1P,L
A995ED,N7169C,BALL,,B0-,-
A998ED,N71735,C182,CESSNA 182 Skylane,L1P,L
A99FED,N71900,T206,CESSNA T206 Turbo Stationair,L1P,L
A9A0ED,N7198A,R22,ROBINSON R-22 Mariner,H1P,L
A9A1ED,N72HL,LJ45,LEARJET 45,L2J,M
A9A5ED,N7200J,P28A,PIPER PA-28-140/150/160/180,L1P,L
A9A6ED,N7207V,,,,
A9A9ED,N7212M,C175,CESSNA 175 Skylark,L1P,L
A9AEED,N723CK,B722,BOEING 727-200,L3J,M
A9B0ED,N723YX,E75L,EMBRAER ERJ-170-200 (long wing),L2J,M
A9B2ED,N724FH,DHC3,DE HAVILLAND DHC-3 Otter,L1P,L
A9B5ED,N7248W,BE36,BEECH 36 Bonanza,L1P,L
A9B8ED,N7253N,B212,BELL 212,H2T,L
A9BAED,N726MD,A139,AGUSTA AW-139,H2T,L
A9BCED,N7265R,T206,CESSNA T206 Turbo Stationair,L1P,L
A9BDED,N727DW,PARA,,P0-,-
A9BFED,N7270H,C82S,CESSNA T182 Turbo Skylane,L1P,L
A9C3ED,N7282L,C82S,CESSNA T182 Turbo Skylane,L1P,L
A9C7ED,N7294P,PA23,PIPER PA-23,L2P,L
A9C8ED,N73CJ,CJ6,NANCHANG CJ-6,L1P,L
A9D1ED,N7316A,C172,CESSNA 172 Skyhawk,L1P,L
A9D3ED,N732QX,T210,CESSNA T210 Turbo Centurion,L1P,L
A9D5ED,N7328D,PA22,PIPER PA-22,L1P,L
A9D7ED,N733TV,C172,CESSNA 172 Skyhawk,L1P,L
A9DCED,N73449,ST75,STEARMAN Kaydet,L1P,L
A9DEED,N735PK,C182,CESSNA 182 Skylane,L1P,L
A9E1ED,N736GB,C172,CESSNA 172 Skyhawk,L1P,L
A9E3ED,N73614,C172,CESSNA 172 Skyhawk,L1P,L
A9E6ED,N737VF,C172,CESSNA 172 Skyhawk,L1P,L
A9E8ED,N738BS,C172,CESSNA 172 Skyhawk,L1P,L
A9F7ED,N741TC,TAYB,TAYLORCRAFT BC/BF/BL,L1P,L
A9F8ED,N7412P,PA24,PIPER PA-24 Comanche,L1P,L
A9F9ED,N74190,P51,NORTH AMERICAN P-51 Mustang,L1P,L
A9FCED,N7424S,ULAC,,L0-,-
A9FDED,N743CM,P28A,PIPER PA-28-140/150/160/180,L1P,L
AA04ED,N7448Y,GAZL,AEROSPATIALE SA-341 Gazelle,H1T,L
AA08ED,N746B,P28R,PIPER PA-28R-180/200/201,L1P,L
AA0FED,N7477W,P28A,PIPER PA-28-140/150/160/180,L1P,L
AA15ED,N749W,BE35,BEECH 35 Starfire Bonanza,L1P,L
AA17ED,N75CL,BE58,BEECH 58 Baron,L2P,L
AA18ED,N75NS,C172,CESSNA 172 Skyhawk,L1P,L
AA19ED,N75YY,DA62,DIAMOND DA-62,L2P,L
AA1DED,N751BV,,,,
AA24ED,N7528F,CH7B,BELLANCA 7 Citabria,L1P,L
AA26ED,N753TX,BALL,,B0-,-
AA27ED,N75328,ST75,STEARMAN Kaydet,L1P,L
AA2DED,N755PM,PC12,PILATUS PC-12,L1T,L
AA2FED,N7557D,PA22,PIPER PA-22,L1P,L
AA31ED,N756SK,CRJ7,BOMBARDIER Regional Jet CRJ-700,L2J,M
AA33ED,N7569G,C172,CESSNA 172 Skyhawk,L1P,L
AA34ED,N757KB,RV7,VANS RV-7,L1P,L
AA36ED,N75739,C172,CESSNA 172 Skyhawk,L1P,L
AA3AED,N7586B,CH7A,BELLANCA 7 Champion,L1P,L
AA3CED,N759QY,C182,CESSNA 182 Skylane,L1P,L
AA3DED,N75904,C172,CESSNA 172 Skyhawk,L1P,L
AA40ED,N76TW,P68,PARTENAVIA P-68 Observer,L2P,L
AA43ED,N7600N,T206,CESSNA T206 Turbo Stationair,L1P,L
AA46ED,N761TE,C210,CESSNA 201 Centurion,L1P,L
AA47ED,N7612R,BE23,BEECH 23 Sundowner,L1P,L
AA4CED,N763CP,C172,CESSNA 172 Skyhawk,L1P,L
AA56ED,N7653S,BL8,BELLANCA 8 Decathlon,L1P,L
AA5BED,N767E,WACO,WACO E/O,L1P,L
AA5DED,N7670M,C175,CESSNA 175 Skylark,L1P,L
AA65ED,N7694T,C172,CESSNA 172 Skyhawk,L1P,L
AA66ED,N77CN,GLID,,L0-,-
AA68ED,N77Z,ERCO,AIR PRODUCTS F-1 Aircoupe,L1P,L
AA6BED,N7704B,B737,BOEING 737-700,L2J,M
AA71ED,N772RA,C172,CESSNA 172 Skyhawk,L1P,L
AA72ED,N77207,C140,CESSNA 140,L1P,L
AA76ED,N7733,TAIL,WITTMAN Tailwind,L1P,L
AA77ED,N774AK,BE20,BEECH 200 Super King Air,L2T,M
AA78ED,N774LR,P28R,PIPER PA-28R-180/200/201,L1P,L
AA81ED,N77618,FA24,FAIRCHILD F-24 Argus,L1P,L
AA83ED,N777KD,CL60,BOMBARDIER CL-600 Challenger,L2J,M
AA84ED,N777VK,MU2,MITSUBISHI MU-2 Marquise,L2T,L
AA85ED,N7774A,C172,CESSNA 172 Skyhawk,L1P,L
AA89ED,N7786D,PA18,PIPER PA-18 Super Cub,L1P,L
AA8BED,N779R,E300,EXTRA EA-300/330/350,L1P,L
AA8CED,N77906,L8,LUSCOMBE 8,L1P,L
AA8EED,N78HS,GA7,DAHER-SOCATA TB-360 Tangara,L2P,L
AA93ED,N78071,GC1,GLOBE Swift,L1P,L
AA96ED,N7812T,C172,CESSNA 172 Skyhawk,L1P,L
AA97ED,N78194,GC1,GLOBE Swift,L1P,L
AA9AED,N7824W,P28A,PIPER PA-28-140/150/160/180,L1P,L
AA9EED,N7836Z,C150,CESSNA 150,L1P,L
AAA1ED,N7841R,BE95,BEECH 95 Travel Air,L2P,L
AAA2ED,N78482,C172,CESSNA 172 Skyhawk,L1P,L
AAA9ED,N7865X,C172,CESSNA 172 Skyhawk,L1P,L
AAAAED,N787EB,AA5,AMERICAN AA-5 Tiger,L1P,L
AAAEED,N788H,,,,
AAB1ED,N78893,M20P,MOONEY M-20,L1P,L
AAB4ED,N7894V,M20P,MOONEY M-20,L1P,L
AAB6ED,N79NW,UH1,BELL UH-1 Huey,H1T,L
AABEED,N7916G,C172,CESSNA 172 Skyhawk,L1P,L
AAC0ED,N792RC,M20P,MOONEY M-20,L1P,L
AAC4ED,N793UA,B772,BOEING 777-200,L2J,H
AAC5ED,N7933B,C172,CESSNA 172 Skyhawk,L1P,L
AAC6ED,N794AM,AS50,AEROSPATIALE AS-350 Ecureuil,H1T,L
AACFED,N796SP,C172,CESSNA 172 Skyhawk,L1P,L
AAD6ED,N798ND,PA44,PIPER PA-44 Seminole,L2P,L
AADAED,N799RB,F2TH,DASSAULT Falcon 2000,L2J,M
AADBED,N79908,C172,CESSNA 172 Skyhawk,L1P,L
AADFED,N80EE,EAGL,CHRISTEN Eagle,L1P,L
AAE1ED,N800AR,GLF4,GULFSTREAM 4,L2J,M
AAE3ED,N800XC,CC19,CUB CRAFTERS CC-19 XCub,L1P,L
AAE4ED,N8005J,C180,CESSNA  180 Skywagon,L1P,L
AAE5ED,N801DP,AC50,NORTH AMERICAN ROCKWELL Commander 500,L2P,L
AAE6ED,N801PV,CH80,ZENAIR CH-801 Stol,L1P,L
AAE7ED,N8010A,C170,CESSNA 170,L1P,L
AAEAED,N802ST,RV7,VANS RV-7,L1P,L
AAEBED,N8022D,PA22,PIPER PA-22,L1P,L
AAF3ED,N8046K,G164,GRUMMAN G-164 Ag-Cat,L1P,L
AAF5ED,N805RF,CB1,HATZ CB-1 Classic,L1P,L
AAF6ED,N8051B,C82R,CESSNA R182 Skylane RG,L1P,L
AAF9ED,N806UD,DRON,,D0-,-
AAFAED,N8063E,T206,CESSNA T206 Turbo Stationair,L1P,L
AAFCED,N807LW,BE33,BEECH 33 Bonanza,L1P,L
AAFEED,N8075H,P28R,PIPER PA-28R-180/200/201,L1P,L
AAFFED,N808DN,B739,BOEING 737-900,L2J,M
AB02ED,N8087L,C172,CESSNA 172 Skyhawk,L1P,L
AB0AED,N810SA,C172,CESSNA 172 Skyhawk,L1P,L
AB0BED,N8101X,C172,CESSNA 172 Skyhawk,L1P,L
AB0CED,N81088,AA5,AMERICAN AA-5 Tiger,L1P,L
AB0DED,N811JT,SR22,CIRRUS SR-22,L1P,L
AB0FED,N81130,FNKB,FUNK B,L1P,L
AB17ED,N81376,AA5,AMERICAN AA-5 Tiger,L1P,L
AB1AED,N8142Y,PA18,PIPER PA-18 Super Cub,L1P,L
AB21ED,N816ZH,CH75,ZENAIR CH-750 Cruzer,L1P,L
AB25ED,N8171W,P28A,PIPER PA-28-140/150/160/180,L1P,L
AB26ED,N81787,CH7A,BELLANCA 7 Champion,L1P,L
AB27ED,N818JS,RV8,VANS RV-8,L1P,L
AB29ED,N8183Z,P28R,PIPER PA-28R-180/200/201,L1P,L
AB30ED,N820AT,LJ45,LEARJET 45,L2J,M
AB37ED,N8217P,PA24,PIPER PA-24 Comanche,L1P,L
AB3AED,N8222F,P28A,PIPER PA-28-140/150/160/180,L1P,L
AB3BED,N8229S,C150,CESSNA 150,L1P,L
AB3EED,N8234J,AEST,AEROSTAR 600,L2P,L
AB3FED,N824CD,SR20,CIRRUS SR-20,L1P,L
AB41ED,N824YR,DRON,,D0-,-
AB44ED,N825RH,BL8,BELLANCA 8 Decathlon,L1P,L
AB49ED,N8263G,T206,CESSNA T206 Turbo Stationair,L1P,L
AB4DED,N8275K,S108,STINSON 108 Voyager,L1P,L
AB4FED,N828PW,S22T,CIRRUS SR-22T Turbo,L1P,L
AB50ED,N8280B,C172,CESSNA 172 Skyhawk,L1P,L
AB54ED,N8292E,C172,CESSNA 172 Skyhawk,L1P,L
AB55ED,N8299R,BL17,BELLANCA 17 Viking,L1P,L
AB56ED,N83KL,P32R,PIPER PA-32R-300/301/301T,L1P,L
AB5CED,N831JV,RV9,VANS RV-9,L1P,L
AB5DED,N831VA,R44,ROBINSON R-44 Raven,H1P,L
AB65ED,N8330X,P28A,PIPER PA-28-140/150/160/180,L1P,L
AB66ED,N83378,PA18,PIPER PA-18 Super Cub,L1P,L
AB69ED,N83420,CH7A,BELLANCA 7 Champion,L1P,L
AB6FED,N836PD,,,,
AB71ED,N83666,R22,ROBINSON R-22 Mariner,H1P,L
AB74ED,N8371Y,PA30,PIPER PA-30 Twin Comanche,L2P,L
AB78ED,N83831,P28A,PIPER PA-28-140/150/160/180,L1P,L
AB80ED,N840MA,C208,CESSNA 208 Caravan,L1T,L
AB82ED,N8405N,BE35,BEECH 35 Starfire Bonanza,L1P,L
AB85ED,N8410E,C172,CESSNA 172 Skyhawk,L1P,L
AB89ED,N8422H,P28A,PIPER PA-28-140/150/160/180,L1P,L
AB8AED,N8429U,C172,CESSNA 172 Skyhawk,L1P,L
AB8DED,N8434L,C172,CESSNA 172 Skyhawk,L1P,L
AB90ED,N844YT,C340,CESSNA 340 Super,L2P,L
AB92ED,N845FD,B77L,BOEING 777-200LR,L2J,H
AB94ED,N8451F,P28A,PIPER PA-28-140/150/160/180,L1P,L
AB95ED,N8458S,C182,CESSNA 182 Skylane,L1P,L
AB98ED,N8463J,MOR2,MORRISEY Nifty,L1P,L
AB9AED,N847M,B47G,BELL 47G,H1P,L
AB9CED,N8475M,T210,CESSNA T210 Turbo Centurion,L1P,L
AB9FED,N8480D,PA18,PIPER PA-18 Super Cub,L1P,L
ABA2ED,N849SW,S22T,CIRRUS SR-22T Turbo,L1P,L
ABA3ED,N8492G,C150,CESSNA 150,L1P,L
ABA4ED,N8499T,C182,CESSNA 182 Skylane,L1P,L
ABA5ED,N85KN,BE30,BEECH 300 Super King Air,L2T,L
ABAAED,N8509B,C172,CESSNA 172 Skyhawk,L1P,L
ABB1ED,N85257,CH7A,BELLANCA 7 Champion,L1P,L
ABB6ED,N854HK,E145,EMBRAER ERJ-145,L2J,M
ABC0ED,N85668,CH7A,BELLANCA 7 Champion,L1P,L
ABC2ED,N857SD,UH1,BELL UH-1 Huey,H1T,L
ABCCED,N86EL,CRER,RANS Courier,L1P,L
ABD5ED,N8617T,C182,CESSNA 182 Skylane,L1P,L
ABD6ED,N862GT,B748,BOEING 747-8,L4J,H
ABD9ED,N8629W,P28B,PIPER PA-28-201T/235/236,L1P,L
ABDCED,N8634N,PA32,PIPER PA-32,L1P,L
ABE0ED,N8646R,GLID,,L0-,-
ABE2ED,N865RM,PRM1,RAYTHEON 390 Premier 1,L2J,L
ABE3ED,N8651H,G164,GRUMMAN G-164 Ag-Cat,L1P,L
ABEBED,N8675P,DRON,,D0-,-
ABEFED,N8687S,EXEC,ROTORWAY Exec,H1P,L
ABF0ED,N869GS,C25A,CESSNA 525A Citation CJ2,L2J,L
ABF6ED,N870GA,GA7C,GULFSTREAM G700,L2J,M
ABF9ED,N8709D,DRON,,D0-,-
ABFDED,N872BR,DA40,DIAMOND DA-40 Club Star,L1P,L
AC03ED,N87301,ERCO,AIR PRODUCTS F-1 Aircoupe,L1P,L
AC07ED,N87424,ERCO,AIR PRODUCTS F-1 Aircoupe,L1P,L
AC08ED,N875AD,RV6,VANS RV-6,L1P,L
AC0BED,N87547,RC3,REPUBLIC RC-3 Seabee,A1P,L
AC0FED,N8767,B737,BOEING 737-700,L2J,M
AC10ED,N877G,P28A,PIPER PA-28-140/150/160/180,L1P,L
AC11ED,N877SF,AS25,SCHLEICHER ASH-25,L1P,L
AC13ED,N8779C,P32R,PIPER PA-32R-300/301/301T,L1P,L
AC1AED,N87958,J3,PIPER J-3 Cub,L1P,L
AC20ED,N8805S,C150,CESSNA 150,L1P,L
AC27ED,N8822M,BE35,BEECH 35 Starfire Bonanza,L1P,L
AC2FED,N8846T,C182,CESSNA 182 Skylane,L1P,L
AC32ED,N8851K,C414,CESSNA 414 Chancellor,L2P,L
AC33ED,N8858W,P28B,PIPER PA-28-201T/235/236,L1P,L
AC3BED,N888DW,BE35,BEECH 35 Starfire Bonanza,L1P,L
AC3DED,N8880H,NAVI,NORTH AMERICAN Navion,L1P,L
AC3EED,N8887U,C172,CESSNA 172 Skyhawk,L1P,L
AC40ED,N889T,PA18,PIPER PA-18 Super Cub,L1P,L
AC42ED,N8899X,C182,CESSNA 182 Skylane,L1P,L
AC43ED,N89KS,C182,CESSNA 182 Skylane,L1P,L
AC44ED,N89VY,T206,CESSNA T206 Turbo Stationair,L1P,L
AC49ED,N891KA,FOX,KITFOX,L1P,L
AC52ED,N89303,C140,CESSNA 140,L1P,L
AC56ED,N89426,C140,CESSNA 140,L1P,L
AC59ED,N895WT,SF50,CIRRUS SF-50 Vision,L1J,L
AC5AED,N89549,C152,CESSNA 152,L1P,L
AC5FED,N897GB,H60,SIKORSKY UH-60 Black Hawk,H2T,M
AC63ED,N898K,PTS2,PITTS S-2 Special,L1P,L
AC65ED,N89837,C120,CESSNA 120,L1P,L
AC6AED,N9EQ,PA23,PIPER PA-23,L2P,L
AC6CED,N90BA,G280,GULFSTREAM G280,L2J,M
AC6DED,N90MG,SR22,CIRRUS SR-22,L1P,L
AC6FED,N900HT,E55P,EMBRAER EMB-505 Phenom 300,L2J,M
AC70ED,N900TZ,TBM7,SOCATA TBM-700A/B/C,L1T,L
AC71ED,N9003,COL4,CESSNA 400 Corvalis TT,L1P,L
AC72ED,N901AK,PC7,PILATUS PC-7 Astra,L1T,L
AC79ED,N9027F,P28A,PIPER PA-28-140/150/160/180,L1P,L
AC7BED,N903SM,PC12,PILATUS PC-12,L1T,L
AC7CED,N90318,GC1,GLOBE Swift,L1P,L
AC7DED,N9039J,BALL,,B0-,-
AC80ED,N9044A,BALL,,B0-,-
AC81ED,N905BW,C210,CESSNA 201 Centurion,L1P,L
AC84ED,N9056D,BALL,,B0-,-
AC8FED,N9085B,CH7A,BELLANCA 7 Champion,L1P,L
AC93ED,N9097E,BALL,,B0-,-
AC96ED,N910CR,E55P,EMBRAER EMB-505 Phenom 300,L2J,M
AC9BED,N911RV,RV6,VANS RV-6,L1P,L
AC9DED,N91182,NAVI,NORTH AMERICAN Navion,L1P,L
AC9EED,N912JM,,,,
AC9FED,N912UT,EC35,AIRBUS HELICOPTERS EC-135/635,H2T,L
ACA0ED,N9123U,BALL,,B0-,-
ACA2ED,N913MK,GLF4,GULFSTREAM 4,L2J,M
ACA3ED,N913XR,DRON,,D0-,-
ACA4ED,N9135X,C182,CESSNA 182 Skylane,L1P,L
ACA5ED,N914EB,RV14,VANS RV-14,L1P,L
ACA7ED,N9140P,PA24,PIPER PA-24 Comanche,L1P,L
ACA8ED,N91470,C180,CESSNA  180 Skywagon,L1P,L
ACA9ED,N915H,WACO,WACO E/O,L1P,L
ACAAED,N915TF,CL60,BOMBARDIER CL-600 Challenger,L2J,M
ACABED,N9152S,BE24,BEECH 24 Sierra,L1P,L
ACAFED,N9164V,M20P,MOONEY M-20,L1P,L
ACB6ED,N9181Q,BE95,BEECH 95 Travel Air,L2P,L
ACB7ED,N91881,GLID,,L0-,-
ACB9ED,N919US,A321,AIRBUS A-321,L2J,M
ACBAED,N9193T,C180,CESSNA  180 Skywagon,L1P,L
ACBBED,N92BC,PA23,PIPER PA-23,L2P,L
ACBCED,N92MJ,,,,
ACC2ED,N921LT,,,,
ACC8ED,N9227H,FA62,FAIRCHILD M-26 Cornell,L1P,L
ACD3ED,N9256F,COY2,RANS Coyote 2,L1P,L
ACD4ED,N926EW,P51,NORTH AMERICAN P-51 Mustang,L1P,L
ACD7ED,N9268J,P28A,PIPER PA-28-140/150/160/180,L1P,L
ACDBED,N928AL,LJ55,LEARJET 55,L2J,M
ACDFED,N929DJ,P32R,PIPER PA-32R-300/301/301T,L1P,L
ACE1ED,N929ZW,COZY,CO-Z Cozy,L1P,L
ACE3ED,N93GG,M20P,MOONEY M-20,L1P,L
ACE5ED,N930CT,T206,CESSNA T206 Turbo Stationair,L1P,L
ACEBED,N9311T,C180,CESSNA  180 Skywagon,L1P,L
ACECED,N93184,C210,CESSNA 201 Centurion,L1P,L
ACF8ED,N935HB,BE30,BEECH 300 Super King Air,L2T,L
ACFEED,N9364X,C182,CESSNA 182 Skylane,L1P,L
AD02ED,N93760,ERCO,AIR PRODUCTS F-1 Aircoupe,L1P,L
AD06ED,N93883,ERCO,AIR PRODUCTS F-1 Aircoupe,L1P,L
AD09ED,N9393V,M20P,MOONEY M-20,L1P,L
AD0FED,N9403D,PA22,PIPER PA-22,L1P,L
AD15ED,N942PT,RV9,VANS RV-9,L1P,L
AD17ED,N9427K,S108,STINSON 108 Voyager,L1P,L
AD1AED,N9432B,C175,CESSNA 175 Skylark,L1P,L
AD26ED,N9468L,,,,
AD29ED,N9473C,C180,CESSNA  180 Skywagon,L1P,L
AD2AED,N948AN,B738,BOEING 737-800,L2J,M
AD2CED,N948X,SONX,SONEX AIRCRAFT Sonex,L1P,L
AD2DED,N9485F,H269,HUGHES Sky Knight,H1P,L
AD2EED,N949DL,MD88,MCDONNELL-DOUGLAS MD-88,L2J,M
AD31ED,N9497J,P28A,PIPER PA-28-140/150/160/180,L1P,L
AD32ED,N95GJ,PC12,PILATUS PC-12,L1T,L
AD35ED,N950PA,C208,CESSNA 208 Caravan,L1T,L
AD37ED,N95063,P28A,PIPER PA-28-140/150/160/180,L1P,L
AD3AED,N9511V,M10,MOONEY M-10 Cadet,L1P,L
AD45ED,N9540T,C210,CESSNA 201 Centurion,L1P,L
AD46ED,N95474,C152,CESSNA 152,L1P,L
AD47ED,N955HD,AS50,AEROSPATIALE AS-350 Ecureuil,H1T,L
AD4AED,N95597,TAYB,TAYLORCRAFT BC/BF/BL,L1P,L
AD4BED,N956LB,PA18,PIPER PA-18 Super Cub,L1P,L
AD4DED,N9564Z,TBM,GRUMMAN G-40 Avenger,L1P,M
AD55ED,N95885,TAYB,TAYLORCRAFT BC/BF/BL,L1P,L
AD57ED,N959UW,E190,EMBRAER ERJ-190-100,L2J,M
AD58ED,N9593X,C210,CESSNA 201 Centurion,L1P,L
AD59ED,N96BG,G109,GROB G-109,L1P,L
AD5EED,N9603F,HUSK,CHRISTEN Husky,L1P,L
AD68ED,N963ST,A119,AGUSTA AW-119 Koala,H1T,L
AD6AED,N9639Q,C172,CESSNA 172 Skyhawk,L1P,L
AD6CED,N964VR,C750,CESSNA 750 Citation 10,L2J,M
AD6DED,N9644G,T206,CESSNA T206 Turbo Stationair,L1P,L
AD72ED,N966F,FOX,KITFOX,L1P,L
AD74ED,N9661B,C180,CESSNA  180 Skywagon,L1P,L
AD78ED,N9673E,BL17,BELLANCA 17 Viking,L1P,L
AD7CED,N9685H,C172,CESSNA 172 Skyhawk,L1P,L
AD80ED,N9697L,AA1,AMERICAN AA-1,L1P,L
AD88ED,N971SA,,,,
AD8BED,N972JT,A321,AIRBUS A-321,L2J,M
AD8DED,N97230,S108,STINSON 108 Voyager,L1P,L
AD91ED,N97353,M20P,MOONEY M-20,L1P,L
AD99ED,N97599,S108,STINSON 108 Voyager,L1P,L
ADA0ED,N97764,S108,STINSON 108 Voyager,L1P,L
ADA4ED,N97887,S108,STINSON 108 Voyager,L1P,L
ADA5ED,N979JS,C750,CESSNA 750 Citation 10,L2J,M
ADA6ED,N979UY,A321,AIRBUS A-321,L2J,M
ADA7ED,N9793Z,T6,NORTH AMERICAN T-6 Texan,L1P,L
ADABED,N980JA,DA42,DIAMOND DA-42 Guardian,L2P,L
ADADED,N9803H,C82R,CESSNA R182 Skylane RG,L1P,L
ADAEED,N981AT,B712,BOEING 717-200,L2J,M
ADB1ED,N9815L,C172,CESSNA 172 Skyhawk,L1P,L
ADB4ED,N9820C,T6,NORTH AMERICAN T-6 Texan,L1P,L
ADB5ED,N9827P,PA25,PIPER PA-25 Pawnee,L1P,L
ADB7ED,N983SV,B429,BELL 429 GlobalRanger,H2T,L
ADC1ED,N986FB,P28A,PIPER PA-28-140/150/160/180,L1P,L
ADC5ED,N987J,RV9,VANS RV-9,L1P,L
ADCBED,N9885K,PA32,PIPER PA-32,L1P,L
ADCEED,N9890B,CH7A,BELLANCA 7 Champion,L1P,L
ADD1ED,N99SU,RV8,VANS RV-8,L1P,L
ADD6ED,N991FX,C208,CESSNA 208 Caravan,L1T,L
ADD7ED,N991SC,F5,NORTHROP F-5 Tiger 2,L2J,M
ADD9ED,N9919,GLID,,L0-,-
ADDFED,N993XZ,FA7X,DASSAULT Falcon 7X,L3J,M
ADE4ED,N99478,UH1,BELL UH-1 Huey,H1T,L
ADE7ED,N99520,ERCO,AIR PRODUCTS F-1 Aircoupe,L1P,L
ADE8ED,N996A,S22T,CIRRUS SR-22T Turbo,L1P,L
ADEBED,N99643,ERCO,AIR PRODUCTS F-1 Aircoupe,L1P,L
ADF1ED,N998SB,C82S,CESSNA T182 Turbo Skylane,L1P,L
ADF2ED,N9981Y,,,,
ADF5ED,N999V,GLEX,BOMBARDIER BD-700 Global 6000/6500,L2J,M
ADFCED,94-0142,BE40,BEECH 400 Beechjet,L2J,M
ADFDED,94-6708,C130,LOCKHEED C-130 Hercules,L4T,M
ADFFED,67-14951,T38,NORTHROP T-38 Talon,L2J,L
AE00ED,68-8142,T38,NORTHROP T-38 Talon,L2J,L
AE01ED,97-3021,TEX2,BEECHCRAFT T-6 Texan 2,L1T,L
AE02ED,85-1364,C130,LOCKHEED C-130 Hercules,L4T,M
AE04ED,63-8035,K35R,BOEING KC-135R/T Stratotanker,L4J,H
AE07ED,96-0003,C17,BOEING C-17 Globemaster 3,L4J,H
AE08ED,83-0496,BE20,BEECH 200 Super King Air,L2T,M
AE0AED,81-23600,H60,SIKORSKY UH-60 Black Hawk,H2T,M
AE0BED,89-26133,H60,SIKORSKY UH-60 Black Hawk,H2T,M
AE0CED,87-24591,H60,SIKORSKY UH-60 Black Hawk,H2T,M
AE0DED,97-26746,H60,SIKORSKY UH-60 Black Hawk,H2T,M
AE0EED,89-26149,H60,SIKORSKY UH-60 Black Hawk,H2T,M
AE11ED,81-0004,E3TF,BOEING E-3 Sentry (TF33),L4J,H
AE16ED,91-0338,F16,GENERAL DYNAMICS F-16 Fighting Falcon,L1J,M
AE17ED,166509,Q4,NORTHROP GRUMMAN RQ-4 Global Hawk,L1J,M
AE18ED,79-0095,A10,FAIRCHILD A-10 Thunderbolt II,L2J,M
AE1BED,06-8611,C30J,LOCKHEED MARTIN C-130J Super Hercules,L4T,M
AE1FED,12-72222,EC45,AIRBUS HELICOPTERS EC-145,H2T,L
AE26ED,90-0772,F16,GENERAL DYNAMICS F-16 Fighting Falcon,L1J,M
AE2BED,166570,H60,SIKORSKY UH-60 Black Hawk,H2T,M
AE2EED,166112,TEX2,BEECHCRAFT T-6 Texan 2,L1T,L
AE47ED,07-20048,H60,SIKORSKY UH-60 Black Hawk,H2T,M
AE49ED,168389,F18S,BOEING FA-18 SUPER HORNET,L2J,M
AE4CED,09-08072,H47,BOEING-VERTOL CH-47 Chinook,H2T,M
AE4EED,10-0054,V22,BELL-BOEING V-22 Osprey,R2T,M
AE4FED,168157,H60,SIKORSKY UH-60 Black Hawk,H2T,M
AE51ED,11-00169,DRON,,D0-,-
AE54ED,166219,TEX2,BEECHCRAFT T-6 Texan 2,L1T,L
AE56ED,60-0031,B52,BOEING B-52 Stratofortress,L8J,H
AE58ED,166248,TEX2,BEECHCRAFT T-6 Texan 2,L1T,L
AE59ED,15-08192,H47,BOEING-VERTOL CH-47 Chinook,H2T,M
AE5AED,15-20779,H60,SIKORSKY UH-60 Black Hawk,H2T,M
AE5CED,90-26227,H60,SIKORSKY UH-60 Black Hawk,H2T,M
AE5DED,2014,C30J,LOCKHEED MARTIN C-130J Super Hercules,L4T,M
AE5EED,162676,B06,BELL 206 JetRanger,H1T,L
AE60ED,160506,T34T,BEECH T-34C Turbo Mentor,L1T,L
AE63ED,67-14828,T38,NORTHROP T-38 Talon,L2J,L
AE74ED,22-21216,H60,SIKORSKY UH-60 Black Hawk,H2T,M
C000ED,C-FAJC,CL30,BOMBARDIER BD-100 Challenger 300,L2J,M
C001ED,C-FASY,C25B,CESSNA 525B Citation CJ3,L2J,L
C003ED,C-FBMQ,,,,
C004ED,C-FBWM,C170,CESSNA 170,L1P,L
C006ED,C-FCQE,B06,BELL 206 JetRanger,H1T,L
C007ED,C-FDAA,PRM1,RAYTHEON 390 Premier 1,L2J,L
C008ED,C-FDJW,B407,BELL 407,H1T,L
C009ED,C-FDTS,BE58,BEECH 58 Baron,L2P,L
C00AED,C-FEDO,,,,
C00BED,C-FENK,C172,CESSNA 172 Skyhawk,L1P,L
C00CED,C-FEXG,C120,CESSNA 120,L1P,L
C00DED,C-FFHC,DHC2,DE HAVILLAND DHC-2 Beaver,L1P,L
C010ED,C-FGKQ,BE35,BEECH 35 Starfire Bonanza,L1P,L
C011ED,C-FGUM,C120,CESSNA 120,L1P,L
C013ED,C-FHOE,PA32,PIPER PA-32,L1P,L
C014ED,C-FHYA,ZZZZ,,-0-,-
C015ED,C-FIHW,RC3,REPUBLIC RC-3 Seabee,A1P,L
C016ED,C-FIRS,EUPA,Europa,L1P,L
C017ED,C-FJBO,E75S,EMBRAER ERJ-170-200 (short wing),L2J,M
C018ED,C-FJLK,R44,ROBINSON R-44 Raven,H1P,L
C019ED,C-FJVG,C140,CESSNA 140,L1P,L
C01BED,C-FKOY,AR11,AERONCA 11 Chief,L1P,L
C01CED,C-FKYU,C182,CESSNA 182 Skylane,L1P,L
C01DED,C-FLIQ,C150,CESSNA 150,L1P,L
C01EED,C-FLSM,PA20,PIPER PA-20 Pacer,L1P,L
C01FED,C-FMCI,C680,CESSNA 680 Citation Sovereign,L2J,M
C020ED,C-FMME,GLID,,L0-,-
C022ED,C-FNFW,C120,CESSNA 120,L1P,L
C024ED,C-FNZO,B407,BELL 407,H1T,L
C025ED,C-FOJK,,,,
C026ED,C-FOTG,,,,
C027ED,C-FPDC,C185,CESSNA 185 Skywagon,L1P,L
C028ED,C-FPMY,CHR1,ELMWOOD CA-05 Christavia Mk1,L1P,L
C02BED,C-FQQM,AA1,AMERICAN AA-1,L1P,L
C02CED,C-FRAI,BALL,,B0-,-
C02DED,C-FRKE,C150,CESSNA 150,L1P,L
C02FED,C-FSDW,B38M,BOEING 737 MAX 8,L2J,M
C030ED,C-FSNS,,,,
C031ED,C-FSXO,C172,CESSNA 172 Skyhawk,L1P,L
C032ED,C-FTHK,B06,BELL 206 JetRanger,H1T,L
C033ED,C-FTRG,SA7,STITS Sky-Coupe,L1P,L
C034ED,C-FUBC,P28A,PIPER PA-28-140/150/160/180,L1P,L
C036ED,C-FUUU,T6,NORTH AMERICAN T-6 Texan,L1P,L
C038ED,C-FVOM,L8,LUSCOMBE 8,L1P,L
C039ED,C-FVYI,,,,
C03AED,C-FWIE,,,,
C03CED,C-FXBW,C180,CESSNA  180 Skywagon,L1P,L
C03DED,C-FXLS,ZZZZ,,-0-,-
C03EED,C-FXVO,PA12,PIPER PA-12 Super Cruiser,L1P,L
C03FED,C-FYFK,J3,PIPER J-3 Cub,L1P,L
C040ED,C-FYPG,C150,CESSNA 150,L1P,L
C041ED,C-FYZC,C185,CESSNA 185 Skywagon,L1P,L
C043ED,C-FZSU,AS50,AEROSPATIALE AS-350 Ecureuil,H1T,L
C044ED,C-GACQ,C172,CESSNA 172 Skyhawk,L1P,L
C045ED,C-GAMM,AS50,AEROSPATIALE AS-350 Ecureuil,H1T,L
C046ED,C-GAWI,DC3,DOUGLAS DC-3 Dakota,L2P,M
C047ED,C-GBGE,FOX,KITFOX,L1P,L
C048ED,C-GBQA,C182,CESSNA 182 Skylane,L1P,L
C04AED,C-GCJS,B752,BOEING 757-200,L2J,M
C04BED,C-GCTO,SR22,CIRRUS SR-22,L1P,L
C04CED,C-GDDK,C172,CESSNA 172 Skyhawk,L1P,L
C04DED,C-GDNG,C175,CESSNA 175 Skylark,L1P,L
C04EED,C-GDXC,RV6,VANS RV-6,L1P,L
C04FED,C-GEGY,C182,CESSNA 182 Skylane,L1P,L
C050ED,C-GEQU,M20P,MOONEY M-20,L1P,L
C051ED,C-GFAQ,,,,
C053ED,C-GFUI,,,,
C054ED,C-GGEE,BALL,,B0-,-
C055ED,C-GGOA,PA18,PIPER PA-18 Super Cub,L1P,L
C056ED,C-GGXW,CH65,ZENAIR CH-650 Zodiac,L1P,L
C058ED,C-GHRO,,,,
C059ED,C-GIBK,FOX,KITFOX,L1P,L
C05AED,C-GILG,C177,CESSNA  177 Cardinal,L1P,L
C05BED,C-GIVC,C172,CESSNA 172 Skyhawk,L1P,L
C05CED,C-GJEY,KR2,RAND KR-2,L1P,L
C05DED,C-GJOU,C180,CESSNA  180 Skywagon,L1P,L
C05EED,C-GJYQ,C152,CESSNA 152,L1P,L
C05FED,C-GKIM,C185,CESSNA 185 Skywagon,L1P,L
C060ED,C-GKSI,PA31,PIPER PA-31-300/310/325/350/425,L2P,L
C061ED,C-GLCE,BALL,,B0-,-
C062ED,C-GLMA,CAMP,GREGA GN-1 Aircamper,L1P,L
C063ED,C-GLVW,RV6,VANS RV-6,L1P,L
C065ED,C-GMPO,PC12,PILATUS PC-12,L1T,L
C066ED,C-GMZK,C182,CESSNA 182 Skylane,L1P,L
C068ED,C-GNTC,C185,CESSNA 185 Skywagon,L1P,L
C069ED,C-GOCY,C170,CESSNA 170,L1P,L
C06AED,C-GOMU,P28R,PIPER PA-28R-180/200/201,L1P,L
C06BED,C-GOWQ,CL35,BOMBARDIER BD-100 Challenger 350,L2J,M
C06CED,C-GPGM,RBEL,MURPHY Rebel,L1P,L
C06DED,C-GPQI,BCS3,AIRBUS A220-300,L2J,M
C06FED,C-GQKA,,,,
C071ED,C-GRDS,R66,ROBINSON R-66,H1T,L
C073ED,C-GRXK,C182,CESSNA 182 Skylane,L1P,L
C074ED,C-GSHG,UH1,BELL UH-1 Huey,H1T,L
C075ED,C-GSRC,SR22,CIRRUS SR-22,L1P,L
C076ED,C-GTAY,,,,
C077ED,C-GTKU,PA12,PIPER PA-12 Super Cruiser,L1P,L
C078ED,C-GTUQ,EC45,AIRBUS HELICOPTERS EC-145,H2T,L
C079ED,C-GUEM,C185,CESSNA 185 Skywagon,L1P,L
C07BED,C-GUYE,PA24,PIPER PA-24 Comanche,L1P,L
C07DED,C-GVRW,PTS2,PITTS S-2 Special,L1P,L
C07FED,C-GWLO,CH7A,BELLANCA 7 Champion,L1P,L
C080ED,C-GWVK,C150,CESSNA 150,L1P,L
C082ED,C-GXPC,PA24,PIPER PA-24 Comanche,L1P,L
C083ED,C-GXYY,C182,CESSNA 182 Skylane,L1P,L
C084ED,C-GYIU,C185,CESSNA 185 Skywagon,L1P,L
C085ED,C-GYSQ,,,,
C087ED,C-GZMI,C172,CESSNA 172 Skyhawk,L1P,L
C088ED,C-GZWE,AT3P,AIR TRACTOR AT-301/401,L1P,L
C08AED,C-IAPW,ULAC,,L0-,-
C08BED,C-IAZS,ULAC,,L0-,-
C08EED,C-ICDG,ULAC,,L0-,-
C08FED,C-ICNC,,,,
C093ED,C-IEAM,PARA,,P0-,-
C094ED,C-IEKI,,,,
C095ED,C-IEUE,,,,
C097ED,C-IFNW,CHIN,ASAP Chinook,L1P,L
C098ED,C-IFXS,PARA,,P0-,-
C09AED,C-IGRK,CHIN,ASAP Chinook,L1P,L
C09EED,C-IIEU,PARA,,P0-,-
C0A1ED,C-IJII,,,,
C0A2ED,C-IJSE,PARA,,P0-,-
C0A3ED,C-IKCA,ULAC,,L0-,-
C0A4ED,C-IKLW,PARA,,P0-,-
C0A5ED,C-IKVS,PARA,,P0-,-
C0A6ED,C-ILFO,ULAC,,L0-,-
C0A7ED,C-ILPK,,,,
C0A8ED,C-ILZG,,,,
C0CDED,C-IZZO,ULAC,,L0-,-
C1E9ED,SERV,SERV,,V0-,-
C802ED,ZK-DIW,P28A,PIPER PA-28-140/150/160/180,L1P,L
C806ED,ZK-LGR,P28U,PIPER PA-28RT-201T Turbo,L1P,L
C807ED,ZK-GEI,GLID,,L0-,-
C808ED,ZK-HBL,UH12,HILLER UH-12,H1P,L
C80BED,ZK-DUA,ULAC,,L0-,-
C813ED,ZK-TJK,ULAC,,L0-,-
C817ED,ZK-JOL,COY2,RANS Coyote 2,L1P,L
C819ED,ZK-LWP,WAIX,SONEX Waiex,L1P,L
C81AED,ZK-BMY,DH82,DE HAVILLAND DH-82 Tiger Moth,L1P,L
C81BED,ZK-JDC,C152,CESSNA 152,L1P,L
C81CED,ZK-MTA,DA40,DIAMOND DA-40 Club Star,L1P,L
C81DED,ZK-DIZ,JAB4,JABIRU J200-450,L1P,L
C822ED,ZK-MVI,AT76,ATR-72-600,L2T,M
C827ED,ZK-WAI,LA25,LAKE LA-250,A1P,L
E47EED,PR-FRV,PA34,PIPER PA-34 Seneca,L2P,L
E47FED,PP-AMJ,BE9L,BEECH 90 King Air,L2T,L
E481ED,PR-BNP,C680,CESSNA 680 Citation Sovereign,L2J,M
E482ED,PR-DIZ,A109,AGUSTA AW-109 Grand,H2T,L
E483ED,PR-KYK,C25A,CESSNA 525A Citation CJ2,L2J,L
E484ED,PR-AGS,C182,CESSNA 182 Skylane,L1P,L
E486ED,PR-AYL,E195,EMBRAER ERJ-190-200,L2J,M
E488ED,PP-LJF,SR22,CIRRUS SR-22,L1P,L
E48AED,PR-ADB,CL30,BOMBARDIER BD-100 Challenger 300,L2J,M
E48CED,PP-CFJ,FA7X,DASSAULT Falcon 7X,L3J,M
E48FED,PR-RFE,SR22,CIRRUS SR-22,L1P,L
E490ED,PR-TYK,A320,AIRBUS A-320,L2J,M
E493ED,PR-ZDY,RV10,VANS RV-10,L1P,L
E495ED,PS-MRF,BE20,BEECH 200 Super King Air,L2T,M
