008CF5,ZS-EWY,C210,CESSNA 201 Centurion,L1P,L
00A0F5,ZS-MLW,C208,CESSNA 208 Caravan,L1T,L
00B1F5,ZS-SXG,A343,AIRBUS A-340-300,L4J,H
0101F5,SU-BTY,IL76,ILYUSHIN Il-76/82,L4J,H
0200F5,CN-COF,AT76,ATR-72-600,L2T,M
04C1F5,5Y-GMG,ATP,BRITISH AEROSPACE ATP,L2T,M
06A0F5,A7-ALA,A359,AIRBUS A-350-900,L2J,H
0900F5,T-910,IL76,ILYUSHIN Il-76/82,L4J,H
0AC0F5,FAC5077,B350,BEECHCRAFT Super King Air 350,L2T,M
0AC3F5,FAC5080,C208,CESSNA 208 Caravan,L1T,L
0AC8F5,FAC1658,DC3T,DOUGLAS DC-3 Turbine Dakota,L2T,M
0C20F5,HP-9909CMP,B39M,BOEING 737 MAX 9,L2J,M
0D08F5,XA-PPY,SU95,SUKHOI Superjet 100-95,L2J,M
0D0BF5,XC-EPF,EC20,AIRBUS HELICOPTERS EC-120,H1T,L
0D0CF5,XB-MUH,PA32,PIPER PA-32,L1P,L
1059F5,GND,GND,,V0-,-
140FF5,RA-04085,EC35,AIRBUS HELICOPTERS EC-135/635,H2T,L
1465F5,RA-26101,AN26,ANTONOV An-26,L2T,M
151DF5,RA-73205,A319,AIRBUS A-319,L2J,M
151EF5,RA-73461,A20N,AIRBUS A-320neo,L2J,M
151FF5,RA-73717,A321,AIRBUS A-321,L2J,M
152AF5,RF-76533,,,,
155BF5,RA-89077,SU95,SUKHOI Superjet 100-95,L2J,M
1D33F5,RF-78837,IL76,ILYUSHIN Il-76/82,L4J,H
1F7AF5,RA-97013,SU95,SUKHOI Superjet 100-95,L2J,M
3003F5,I-FEDN,F2TH,DASSAULT Falcon 2000,L2J,M
3008F5,I-POWX,A109,AGUSTA AW-109 Grand,H2T,L
31D8F5,I-7629,TEXA,FLY SYNTHESIS Texan,L1P,L
31DDF5,I-D246,TARR,PELEGRIN Tarragon,L1P,L
31FEF5,MM81592,NH90,NHI NH-90,H2T,M
33FDF5,MM7314,EUFI,EUROFIGHTER 2000,L2J,M
3800F5,F-BAHV,SV4,NORD SV-4,L1P,L
383EF5,F-BPXV,RF6,FOURNIER RF-6,L1P,L
385CF5,F-BXHV,CP10,CAP AVIATION CAP-10,L1P,L
3900F5,F-GAHV,DR40,ROBIN DR-400,L1P,L
3918F5,F-GGHV,DR40,ROBIN DR-400,L1P,L
3926F5,F-GJXV,TOBA,SOCATA Tobago,L1P,L
392AF5,F-GKXV,A320,AIRBUS A-320,L2J,M
3932F5,F-GMXV,DR40,ROBIN DR-400,L1P,L
3935F5,F-GNPV,P32R,PIPER PA-32R-300/301/301T,L1P,L
3939F5,F-GOPV,DR40,ROBIN DR-400,L1P,L
3944F5,F-GRHV,A319,AIRBUS A-319,L2J,M
3945F5,F-GRPV,DV20,DIAMOND DA-20,L1P,L
394DF5,F-GTPV,DR40,ROBIN DR-400,L1P,L
394EF5,F-GTXV,DR40,ROBIN DR-400,L1P,L
3952F5,F-GUXV,DR40,ROBIN DR-400,L1P,L
3962F5,F-GYXV,DR40,ROBIN DR-400,L1P,L
3964F5,F-GZHV,B738,BOEING 737-800,L2J,M
3989F5,F-HCPV,EC20,AIRBUS HELICOPTERS EC-120,H1T,L
398DF5,F-HDPV,PA46,PIPER PA-46-310/350,L1P,L
3996F5,F-HFXV,LXR,ELIXIR,L1P,L
39D4F5,F-HVHV,B47G,BELL 47G,H1P,L
3B75F5,709FL,PC21,PILATUS PC-21,L1T,L
3B77F5,77,TBM7,SOCATA TBM-700A/B/C,L1T,L
3C56F5,D-AEWU,A320,AIRBUS A-320,L2J,M
3C5EF5,D-AGWU,A319,AIRBUS A-319,L2J,M
3C64F5,D-AIGU,A343,AIRBUS A-340-300,L4J,H
3CCBF5,D-CENT,C25B,CESSNA 525B Citation CJ3,L2J,L
3CCCF5,D-CEXP,LJ35,LEARJET 35,L2J,M
3CD2F5,D-CHER,LJ60,LEARJET 60,L2J,M
3D05F5,D-EAMV,SUBA,FUJI FA-200 Aero Subaru,L1P,L
3D06F5,D-EAWR,SR22,CIRRUS SR-22,L1P,L
3D07F5,D-EBGN,P28S,PIPER PA-28R-201T,L1P,L
3D09F5,D-ECAF,PA18,PIPER PA-18 Super Cub,L1P,L
3D0AF5,D-ECKB,BE33,BEECH 33 Bonanza,L1P,L
3D0EF5,D-EDXL,C172,CESSNA 172 Skyhawk,L1P,L
3D0FF5,D-EEHH,R90R,RUSCHMEYER R-90-230RG,L1P,L
3D15F5,D-EGOJ,C152,CESSNA 152,L1P,L
3D17F5,D-EHIB,HUSK,CHRISTEN Husky,L1P,L
3D1BF5,D-EIVL,RALL,SOCATA Rallye,L1P,L
3D1CF5,D-EJFH,RV8,VANS RV-8,L1P,L
3D1DF5,D-EJPD,AC11,NORTH AMERICAN ROCKWELL Commander 112/114,L1P,L
3D1EF5,D-EJYZ,C175,CESSNA 175 Skylark,L1P,L
3D20F5,D-EKSR,DR40,ROBIN DR-400,L1P,L
3D23F5,D-ELWF,G115,GROB G-115,L1P,L
3D28F5,D-ENTL,RV12,VANS RV-12,L1P,L
3D29F5,D-EODH,RALL,SOCATA Rallye,L1P,L
3D31F5,D-EREB,RBEL,MURPHY Rebel,L1P,L
3D34F5,D-ESHP,F8L,AEROMERE F-8L Falco,L1P,L
3D35F5,D-ESRL,M20P,MOONEY M-20,L1P,L
3D36F5,D-ETBH,TOBA,SOCATA Tobago,L1P,L
3D37F5,D-ETLD,EAGL,CHRISTEN Eagle,L1P,L
3D3CF5,D-EVIJ,TAMP,SOCATA TB-9 Tampico,L1P,L
3D3EF5,D-EWCB,C182,CESSNA 182 Skylane,L1P,L
3D42F5,D-EXPL,M20P,MOONEY M-20,L1P,L
3D47F5,D-EZMR,P28A,PIPER PA-28-140/150/160/180,L1P,L
3DD2F5,D-HADH,EC45,AIRBUS HELICOPTERS EC-145,H2T,L
3DE4F5,D-HGYN,EC35,AIRBUS HELICOPTERS EC-135/635,H2T,L
3E24F5,D-IFER,C510,CESSNA 510 Citation Mustang,L2J,L
3E43F5,D-IQXX,C25M,CESSNA 525 Citation M2,L2J,L
3E5DF5,D-KATX,DIMO,DIAMOND H-36 Dimona,L1P,L
3E66F5,D-KEEN,DG80,DG FLUGZEUGBAU DG-800,L1P,L
3E6BF5,D-KGBT,DISC,SCHEMPP-HIRTH Discus,L1P,L
3E76F5,D-KKGB,VENT,SCHEMPP-HIRTH Ventus,L1P,L
3E77F5,D-KKPX,GLID,,L0-,-
3E79F5,D-KLJP,GLID,,L0-,-
3EC3F5,D-KPEB,AS29,SCHLEICHER ASG-29,L1P,L
3ECCF5,D-KSOR,PK20,PIK 20E,L1P,L
3ED0F5,D-KUCB,VENT,SCHEMPP-HIRTH Ventus,L1P,L
3EDDF5,D-KZAB,GLID,,L0-,-
3EE2F5,D-0606,GLID,,L0-,-
3EFFF5,D-8030,GLID,,L0-,-
3F05F5,D-9566,DUOD,SCHEMPP-HIRTH Duo Discus,L1P,L
3FEAF5,D-MSRT,DAL4,DALLACH D-4 Fascination,L1P,L
3FEBF5,D-MUPH,FDCT,FLIGHT DESIGN CT,L1P,L
3FECF5,D-MZHW,MCR1,COLOMBAN Ban-Bi,L1P,L
3FEDF5,D-MPLZ,SKRA,BEST OFF Sky Ranger,L1P,L
3FEEF5,D-MRDI,MD3R,FLYITALIA MD-3 Rider ,L1P,L
3FF1F5,D-MJRR,DV1,DOVA Skylark,L1P,L
3FF3F5,D-MWAY,FDCT,FLIGHT DESIGN CT,L1P,L
3FF5F5,D-MYHM,WT9,AEROSPOOL WT-9 Dynamic,L1P,L
3FF6F5,D-MPBF,TL30,TL ULTRALIGHT TL-3000 Sirius,L1P,L
4006F5,G-JMCT,B733,BOEING 737-300,L2J,M
4007F5,G-YMMJ,B772,BOEING 777-200,L2J,H
400BF5,G-AWFC,P28R,PIPER PA-28R-180/200/201,L1P,L
400CF5,G-AZGL,RALL,SOCATA Rallye,L1P,L
400EF5,G-BYVY,G115,GROB G-115,L1P,L
400FF5,G-OCCL,DA40,DIAMOND DA-40 Club Star,L1P,L
4011F5,G-HIRE,GA7,DAHER-SOCATA TB-360 Tangara,L2P,L
4014F5,G-APUW,ACAR,AUSTER J-5 Autocar,L1P,L
4017F5,G-AXAS,GYRO,,G0-,-
4018F5,G-AYSY,C177,CESSNA  177 Cardinal,L1P,L
4019F5,G-BAJB,C77R,CESSNA 177RG Cardinal RG,L1P,L
401AF5,G-BBND,DHC1,DE HAVILLAND DHC-1 Chipmunk,L1P,L
401CF5,G-BFHR,DR22,CENTRE EST Dauphin,L1P,L
401DF5,G-SVAS,PA18,PIPER PA-18 Super Cub,L1P,L
401FF5,G-BJXK,RF5,FOURNIER RF-5,L1P,L
4025F5,G-AJAP,L8,LUSCOMBE 8,L1P,L
402EF5,G-BRBM,DR40,ROBIN DR-400,L1P,L
402FF5,G-BRNU,DR40,ROBIN DR-400,L1P,L
4034F5,G-BTWD,GLID,,L0-,-
4036F5,G-TAFI,BU33,BUCKER Bu-133 Jungmeister,L1P,L
4037F5,G-BVCG,RV6,VANS RV-6,L1P,L
403BF5,G-BWXT,RF6,FOURNIER RF-6,L1P,L
403FF5,G-OBFS,P28A,PIPER PA-28-140/150/160/180,L1P,L
4040F5,G-GIRY,AA5,AMERICAN AA-5 Tiger,L1P,L
4042F5,G-SHUF,ULAC,,L0-,-
4044F5,G-BZTJ,BU33,BUCKER Bu-133 Jungmeister,L1P,L
4047F5,G-CBUU,ULAC,,L0-,-
404DF5,G-SOUT,RV8,VANS RV-8,L1P,L
404EF5,G-NIKK,DV20,DIAMOND DA-20,L1P,L
404FF5,G-CEBZ,CH60,ZENAIR CH-600 Zodiac,L1P,L
4050F5,G-CEIE,FDCT,FLIGHT DESIGN CT,L1P,L
4052F5,G-DCCB,GLID,,L0-,-
4054F5,G-IFWD,VENT,SCHEMPP-HIRTH Ventus,L1P,L
4057F5,G-CGAF,GLID,,L0-,-
405AF5,G-CJKF,GLID,,L0-,-
405BF5,G-DGSM,DG40,DG FLUGZEUGBAU DG-400,L1P,L
405CF5,G-WINH,EV97,EVEKTRO EV-97 EuroStar,L1P,L
405FF5,G-CFXZ,ULAC,,L0-,-
4062F5,G-CGLB,ULAC,,L0-,-
4064F5,G-YRAX,MM24,MAGNI M-24 Orion,G1P,L
4066F5,G-YROK,MM16,MAGNI M-16 Tandem Trainer,G1P,L
4067F5,G-TUIA,B788,BOEING 787-8 Dreamliner,L2J,H
4068F5,G-GDFP,B738,BOEING 737-800,L2J,M
4069F5,G-CHZW,ULAC,,L0-,-
406AF5,G-CIDI,E190,EMBRAER ERJ-190-100,L2J,M
406CF5,G-VBAK,BALL,,B0-,-
406DF5,G-SGTS,DHC6,DE HAVILLAND DHC-6 Twin Otter,L2T,L
406EF5,G-CITG,SKRA,BEST OFF Sky Ranger,L1P,L
406FF5,G-CIXY,C42,IKARUS C-42 Bison,L1P,L
4070F5,G-CJES,BALL,,B0-,-
4073F5,G-MGNI,MM16,MAGNI M-16 Tandem Trainer,G1P,L
4075F5,G-OATY,PIAT,PIPISTREL Alpha Trainer,L1P,L
4076F5,G-CLDO,NG5,BRM AERO NG-5/6 Bristell,L1P,L
4077F5,G-FOXH,VENT,SCHEMPP-HIRTH Ventus,L1P,L
4078F5,G-CLMX,C172,CESSNA 172 Skyhawk,L1P,L
4079F5,G-EMHJ,A109,AGUSTA AW-109 Grand,H2T,L
407AF5,G-XWBJ,A35K,AIRBUS A-350-1000,L2J,H
407BF5,G-FTFX,E550,EMBRAER EMB-550 Praetor 600,L2J,M
407CF5,G-HJDP,B505,BELL 505 JetRanger X,H1T,L
4241F5,VP-FBL,DHC6,DE HAVILLAND DHC-6 Twin Otter,L2T,L
4242F5,VP-BXW,B763,BOEING 767-300,L2J,H
4245F5,VQ-BNG,B738,BOEING 737-800,L2J,M
4249F5,VQ-BMK,CRJ2,BOMBARDIER Regional Jet CRJ-200,L2J,M
43C5F5,ZH898,H47,BOEING-VERTOL CH-47 Chinook,H2T,M
43C6F5,ZZ332,A332,AIRBUS A-330-200,L2J,H
43C8F5,ZM527,EC35,AIRBUS HELICOPTERS EC-135/635,H2T,L
43EAF5,M-SETT,GL5T,BOMBARDIER BD-700 Global 5000/5500,L2J,M
43ECF5,2-FIFI,BE20,BEECH 200 Super King Air,L2T,M
4401F5,OE-XEZ,EC35,AIRBUS HELICOPTERS EC-135/635,H2T,L
4402F5,OE-XDZ,EC45,AIRBUS HELICOPTERS EC-145,H2T,L
4403F5,OE-9344,DIMO,DIAMOND H-36 Dimona,L1P,L
4404F5,OE-XAU,R44,ROBINSON R-44 Raven,H1P,L
4405F5,OE-VRX,DA42,DIAMOND DA-42 Guardian,L2P,L
4407F5,OE-FAS,AJET,DASSAULT-DORNIER Alpha Jet,L2J,M
4408F5,OE-IAY,B734,BOEING 737-400,L2J,M
440AF5,OE-IWA,B738,BOEING 737-800,L2J,M
440BF5,OE-LDU,B738,BOEING 737-800,L2J,M
4491F5,OO-DOU,B407,BELL 407,H1T,L
44C1F5,OO-POU,PA18,PIPER PA-18 Super Cub,L1P,L
44E8F5,OO-ZGU,GLID,,L0-,-
45D1F5,OY-TOU,P28R,PIPER PA-28R-180/200/201,L1P,L
4601F5,OH-ATH,AT75,ATR-72-500,L2T,M
4612F5,OH-HER,BALL,,B0-,-
4682F5,757,E145,EMBRAER ERJ-145,L2J,M
4688F5,SX-BGU,SW4,SWEARINGEN Metro,L2T,M
473AF5,HA-WIN,C172,CESSNA 172 Skyhawk,L1P,L
477FF5,605,A319,AIRBUS A-319,L2J,M
4780F5,686,F16,GENERAL DYNAMICS F-16 Fighting Falcon,L1J,M
47C4F5,LN-YRR,VL3,AVEKO Flamingo,L1P,L
4845F5,PH-1149,GLID,,L0-,-
4847F5,PH-1038,GLID,,L0-,-
4848F5,PH-ECD,EC20,AIRBUS HELICOPTERS EC-120,H1T,L
4849F5,PH-3B4,ULAC,,L0-,-
484AF5,PH-AGP,BALL,,B0-,-
484CF5,PH-WEB,BALL,,B0-,-
484DF5,PH-2P5,ULAC,,L0-,-
484EF5,PH-SAM,PA44,PIPER PA-44 Seminole,L2P,L
484FF5,PH-YAK,YK52,YAKOVLEV Yak-52,L1P,L
4850F5,PH-BVO,B77W,BOEING 777-300ER,L2J,H
4851F5,PH-BVR,B77W,BOEING 777-300ER,L2J,H
4852F5,PH-EXH,E75L,EMBRAER ERJ-170-200 (long wing),L2J,M
4853F5,PH-4P5,FK12,B&F TECHNIK FK-12 Comet,L1P,L
4854F5,PH-2DS,ZZZZ,,-0-,-
4855F5,PH-2LL,ZZZZ,,-0-,-
4858F5,PH-LVH,C172,CESSNA 172 Skyhawk,L1P,L
4859F5,PH-AWX,WAIX,SONEX Waiex,L1P,L
4863F5,PH-TIO,C182,CESSNA 182 Skylane,L1P,L
4896F5,SP-FYZ,C175,CESSNA 175 Skylark,L1P,L
48A5F5,SP-KPZ,SF34,SAAB 340,L2T,M
48FEF5,SP-SPYZ,NG5,BRM AERO NG-5/6 Bristell,L1P,L
4910F5,CS-DGU,C152,CESSNA 152,L1P,L
4911F5,CS-DOU,GLEX,BOMBARDIER BD-700 Global 6000/6500,L2J,M
4920F5,CS-HGU,A139,AGUSTA AW-139,H2T,L
49C1F5,OK-WUR07,ULAC,,L0-,-
49D0F5,OK-DAV,E300,EXTRA EA-300/330/350,L1P,L
49D2F5,OK-ETA,C152,CESSNA 152,L1P,L
49D3F5,OK-GKG,C172,CESSNA 172 Skyhawk,L1P,L
49D4F5,OK-RAA,B505,BELL 505 JetRanger X,H1T,L
4AC9F5,SE-ROU,A20N,AIRBUS A-320neo,L2J,M
4AD4F5,SE-UGU,GLID,,L0-,-
4AD8F5,SE-VGU,FDCT,FLIGHT DESIGN CT,L1P,L
4B06F5,HB-CQN,C150,CESSNA 150,L1P,L
4B0AF5,HB-EDX,RALL,SOCATA Rallye,L1P,L
4B0CF5,HB-EXP,DR40,ROBIN DR-400,L1P,L
4B0EF5,HB-FRH,PC12,PILATUS PC-12,L1T,L
4B12F5,HB-HER,AS02,FFA AS-202 Bravo,L1P,L
4B16F5,HB-ISB,DC3,DOUGLAS DC-3 Dakota,L2P,M
4B18F5,HB-JLT,A320,AIRBUS A-320,L2J,M
4B19F5,HB-JVP,E190,EMBRAER ERJ-190-100,L2J,M
4B1AF5,HB-KFL,DR40,ROBIN DR-400,L1P,L
4B1BF5,HB-KPH,SIRA,TECNAM P-2002 Sierra,L1P,L
4B27F5,HB-PDL,PA18,PIPER PA-18 Super Cub,L1P,L
4B2CF5,HB-RAR,PP2,PILATUS P-2,L1P,L
4B2FF5,HB-SEF,CP30,PIEL Emeraude,L1P,L
4B36F5,HB-UVD,BU31,BUCKER Bu-131 Jungmann,L1P,L
4B3FF5,HB-YFT,AVID,AVID Flyer,L1P,L
4B43F5,HB-ZTD,R44,ROBINSON R-44 Raven,H1P,L
4B47F5,HB-846,GLID,,L0-,-
4B4BF5,HB-1870,GLID,,L0-,-
4B50F5,HB-3150,GLID,,L0-,-
4B51F5,HB-3406,GLID,,L0-,-
4B7FF5,D-117,DRON,,D0-,-
4B91F5,TC-DOU,C510,CESSNA 510 Citation Mustang,L2J,L
4BA8F5,TC-JGU,B738,BOEING 737-800,L2J,M
4BA9F5,TC-JOU,A332,AIRBUS A-330-200,L2J,H
4BCDF5,TC-SOU,B738,BOEING 737-800,L2J,M
4CA4F5,EI-DPR,B738,BOEING 737-800,L2J,M
4CA7F5,EI-SLK,AT72,ATR-72-202,L2T,M
4CA8F5,EI-IMH,A319,AIRBUS A-319,L2J,M
4CACF5,EI-GZC,B38M,BOEING 737 MAX 8,L2J,M
4CC3F5,TF-BBG,B733,BOEING 737-300,L2J,M
4D00F5,LX-LGV,B738,BOEING 737-800,L2J,M
4D02F5,LX-SKY,PC12,PILATUS PC-12,L1T,L
4D20F5,9H-VFJ,CL60,BOMBARDIER CL-600 Challenger,L2J,M
4D22F5,9H-VIB,GL7T,BOMBARDIER BD-700 Global 7000/7500,L2J,M
4D23F5,9H-NTA,A319,AIRBUS A-319,L2J,M
5001F5,T7-SBR,GALX,GULFSTREAM G200,L2J,M
505DF5,OM-TOY,SD4,TOMARK Viper,L1P,L
505EF5,OM-M775,GOLF,TECNAM P-96 Golf,L1P,L
506DF5,S5-DIM,C182,CESSNA 182 Skylane,L1P,L
506EF5,S5-PII01,PIVI,PIPSTREL Virus,L1P,L
6830F5,UP-Y4012,YK40,YAKOVLEV Yak-40,L3J,M
6831F5,UP-F1005,F100,FOKKER 100,L2J,M
7061F5,KAF326,C30J,LOCKHEED MARTIN C-130J Super Hercules,L4T,M
708AF5,RDPL-34245,MI8,MIL Mi-8/9/17/19/171/172,H2T,M
70A9F5,9N-AMY,AT75,ATR-72-500,L2T,M
70C0F5,A4O-OVC,A320,AIRBUS A-320,L2J,M
7100F5,HZ-FM1,B735,BOEING 737-500,L2J,M
7103F5,HZ-MS5B,GLF5,GULFSTREAM 5,L2J,M
7503F5,9M-JAG,R66,ROBINSON R-66,H1T,L
7582F5,RP-C8781,A333,AIRBUS A-330-300,L2J,H
7583F5,RP-C8150,G150,GULFSTREAM G150,L2J,M
76CEF5,9V-SWU,B77W,BOEING 777-300ER,L2J,H
7802F5,B-5300,B738,BOEING 737-800,L2J,M
7803F5,B-6327,A321,AIRBUS A-321,L2J,M
7804F5,B-6399,A320,AIRBUS A-320,L2J,M
7805F5,B-6619,A320,AIRBUS A-320,L2J,M
7806F5,B-6746,A320,AIRBUS A-320,L2J,M
7807F5,B-3675,PA44,PIPER PA-44 Seminole,L2P,L
7808F5,B-6936,A318,AIRBUS A-318,L2J,M
7809F5,B-5753,B738,BOEING 737-800,L2J,M
780AF5,B-9930,A320,AIRBUS A-320,L2J,M
780BF5,B-1947,B738,BOEING 737-800,L2J,M
780CF5,B-7626,B407,BELL 407,H1T,L
780DF5,B-1681,A320,AIRBUS A-320,L2J,M
780EF5,B-3108,E195,EMBRAER ERJ-190-200,L2J,M
780FF5,B-7978,B738,BOEING 737-800,L2J,M
7810F5,B-6868,B738,BOEING 737-800,L2J,M
7811F5,B-1495,B738,BOEING 737-800,L2J,M
7812F5,B-1380,B38M,BOEING 737 MAX 8,L2J,M
7813F5,B-1121,B38M,BOEING 737 MAX 8,L2J,M
7815F5,B-208P,B789,BOEING 787-9 Dreamliner,L2J,H
7816F5,B-309G,A20N,AIRBUS A-320neo,L2J,M
7818F5,B-30E6,A21N,AIRBUS A-321neo,L2J,M
781BF5,B-324Q,A21N,AIRBUS A-321neo,L2J,M
781CF5,B-12G9,DV20,DIAMOND DA-20,L1P,L
781DF5,B-12JY,AURA,SUNWARD Aurora S60/70,L1P,L
7C05F5,VH-BGN,C172,CESSNA 172 Skyhawk,L1P,L
7C07F5,VH-BUV,BALL,,B0-,-
7C10F5,VH-DMV,RV8,VANS RV-8,L1P,L
7C14F5,VH-EFB,SR20,CIRRUS SR-20,L1P,L
7C1AF5,VH-FLZ,BE58,BEECH 58 Baron,L2P,L
7C28F5,VH-IDJ,AS29,SCHLEICHER ASG-29,L1P,L
7C29F5,VH-IKN,GLID,,L0-,-
7C2AF5,VH-IRR,C150,CESSNA 150,L1P,L
7C2BF5,VH-IYV,DH8D,DE HAVILLAND DHC-8-400 Dash 8,L2T,M
7C32F5,VH-KCN,BE58,BEECH 58 Baron,L2P,L
7C33F5,VH-KJR,C172,CESSNA 172 Skyhawk,L1P,L
7C38F5,VH-LJB,C182,CESSNA 182 Skylane,L1P,L
7C39F5,VH-LQF,DH8D,DE HAVILLAND DHC-8-400 Dash 8,L2T,M
7C3AF5,VH-LXJ,P28A,PIPER PA-28-140/150/160/180,L1P,L
7C3CF5,VH-MBR,M20P,MOONEY M-20,L1P,L
7C3EF5,VH-MPZ,C182,CESSNA 182 Skylane,L1P,L
7C42F5,VH-NIF,SR22,CIRRUS SR-22,L1P,L
7C44F5,VH-NWN,PA31,PIPER PA-31-300/310/325/350/425,L2P,L
7C46F5,VH-OAV,P68,PARTENAVIA P-68 Observer,L2P,L
7C47F5,VH-OHZ,C172,CESSNA 172 Skyhawk,L1P,L
7C4BF5,VH-PAF,C182,CESSNA 182 Skylane,L1P,L
7C4EF5,VH-PVR,A139,AGUSTA AW-139,H2T,L
7C56F5,VH-RGN,C150,CESSNA 150,L1P,L
7C57F5,VH-RNR,BE55,BEECH 55 Baron,L2P,L
7C5DF5,VH-SUF,B214,BELL 214,H1T,M
7C62F5,VH-TTZ,C404,CESSNA 404 Titan,L2P,L
7C66F5,VH-UMF,R44,ROBINSON R-44 Raven,H1P,L
7C67F5,VH-UTJ,C208,CESSNA 208 Caravan,L1T,L
7C6BF5,VH-VLZ,CL60,BOMBARDIER CL-600 Challenger,L2J,M
7C71F5,VH-WSN,R44,ROBINSON R-44 Raven,H1P,L
7C74F5,VH-XDZ,R44,ROBINSON R-44 Raven,H1P,L
7C77F5,VH-XZB,B738,BOEING 737-800,L2J,M
7C79F5,VH-YDJ,R44,ROBINSON R-44 Raven,H1P,L
7C7AF5,VH-YKN,YK50,YAKOVLEV Yak-50,L1P,L
7C7CF5,VH-YYV,R44,ROBINSON R-44 Raven,H1P,L
7C80F5,VH-ZRB,SF34,SAAB 340,L2T,M
7CBBF5,19-7035,JABI,Jabiru J120,L1P,L
7CC3F5,24-8820,TL20,TL ULTRALIGHT TL-2000 Sting,L1P,L
7CF8F5,A30-006,E737,BOEING 737-700 AEWC,L2J,M
7CF9F5,A54-030,PC21,PILATUS PC-21,L1T,L
8005F5,VT-SSF,PRM1,RAYTHEON 390 Premier 1,L2J,L
8007F5,VT-TRI,LJ45,LEARJET 45,L2J,M
800AF5,VT-IAO,A320,AIRBUS A-320,L2J,M
800CF5,VT-SFB,B737,BOEING 737-700,L2J,M
8013F5,VT-ISE,A20N,AIRBUS A-320neo,L2J,M
8402F5,JA00TK,GLID,,L0-,-
8404F5,JA01AP,EXPL,MCDONNELL-DOUGLAS MD-900 Explorer,H2T,L
8634F5,JA6797,B412,BELL 412,H2T,L
86D2F5,JA818H,EC35,AIRBUS HELICOPTERS EC-135/635,H2T,L
881BF5,F19-20/35,PC9,PILATUS PC-9 Hudournik,L1T,L
8840F5,HS-PGU,A320,AIRBUS A-320,L2J,M
8960F5,A6-EDT,A388,AIRBUS A-380-800,L4J,H
8963F5,A6-EOX,A388,AIRBUS A-380-800,L4J,H
8964F5,A6-DWA,E50P,EMBRAER EMB-500 Phenom 100,L2J,L
8990F5,B-16827,E190,EMBRAER ERJ-190-100,L2J,M
8A04F5,PK-GNR,B738,BOEING 737-800,L2J,M
8A06F5,P-3202,B429,BELL 429 GlobalRanger,H2T,L
A000F5,N1KT,WW24,IAI 1124 Westwind,L2J,M
A001F5,N1VZ,BE36,BEECH 36 Bonanza,L1P,L
A007F5,N1006Y,AT5T,AIR TRACTOR AT-504,L1T,L
A00CF5,N102JL,SF50,CIRRUS SF-50 Vision,L1J,L
A00FF5,N103BC,BL8,BELLANCA 8 Decathlon,L1P,L
A010F5,N103MJ,WAIX,SONEX Waiex,L1P,L
A016F5,N1047Z,GLID,,L0-,-
A01AF5,N10592,C150,CESSNA 150,L1P,L
A01DF5,N1064U,M20P,MOONEY M-20,L1P,L
A020F5,N107ZA,L39,LET L-39 Albatros,L1J,L
A021F5,N1076X,P28A,PIPER PA-28-140/150/160/180,L1P,L
A023F5,N108RT,GLF4,GULFSTREAM 4,L2J,M
A025F5,N10880,C150,CESSNA 150,L1P,L
A026F5,N109JK,,,,
A02AF5,N11MH,M20P,MOONEY M-20,L1P,L
A02BF5,N11XP,,,,
A02DF5,N110U,TB20,SOCATA TB-20 Trinidad,L1P,L
A02EF5,N1103A,PA18,PIPER PA-18 Super Cub,L1P,L
A02FF5,N111AL,BE58,BEECH 58 Baron,L2P,L
A030F5,N111LS,BL8,BELLANCA 8 Decathlon,L1P,L
A031F5,N111WY,C82S,CESSNA T182 Turbo Skylane,L1P,L
A036F5,N1127G,S22T,CIRRUS SR-22T Turbo,L1P,L
A03AF5,N1139K,L8,LUSCOMBE 8,L1P,L
A041F5,N1156E,CH7B,BELLANCA 7 Citabria,L1P,L
A043F5,N116RA,CH7A,BELLANCA 7 Champion,L1P,L
A044F5,N11607,C150,CESSNA 150,L1P,L
A045F5,N1168H,P28R,PIPER PA-28R-180/200/201,L1P,L
A04DF5,N119DH,C172,CESSNA 172 Skyhawk,L1P,L
A04EF5,N119PP,O1,CESSNA 305/341 Bird Dog,L1P,L
A050F5,N1197F,C185,CESSNA 185 Skywagon,L1P,L
A051F5,N12GF,PA31,PIPER PA-31-300/310/325/350/425,L2P,L
A052F5,N12SM,RV12,VANS RV-12,L1P,L
A058F5,N121RW,BE33,BEECH 33 Bonanza,L1P,L
A059F5,N1211S,BALL,,B0-,-
A05AF5,N12183,C172,CESSNA 172 Skyhawk,L1P,L
A05FF5,N123ML,BE20,BEECH 200 Super King Air,L2T,M
A062F5,N124EC,SR22,CIRRUS SR-22,L1P,L
A065F5,N12471,WACC,WACO C/S,L1P,L
A066F5,N125HA,DA40,DIAMOND DA-40 Club Star,L1P,L
A067F5,N125TG,AS50,AEROSPATIALE AS-350 Ecureuil,H1T,L
A069F5,N12594,C172,CESSNA 172 Skyhawk,L1P,L
A06BF5,N126WE,GLID,,L0-,-
A070F5,N1276Z,COL4,CESSNA 400 Corvalis TT,L1P,L
A074F5,N12882,,,,
A078F5,N13BD,SA30,STOLP Starduster Too,L1P,L
A079F5,N13MK,BE55,BEECH 55 Baron,L2P,L
A07AF5,N13XR,,,,
A07DF5,N1303C,PA22,PIPER PA-22,L1P,L
A081F5,N1315F,C172,CESSNA 172 Skyhawk,L1P,L
A083F5,N132PS,C206,CESSNA  206 Stationair,L1P,L
A085F5,N1327J,C25A,CESSNA 525A Citation CJ2,L2J,L
A089F5,N1339M,ST75,STEARMAN Kaydet,L1P,L
A08CF5,N1344D,C170,CESSNA 170,L1P,L
A092F5,N136RC,RV6,VANS RV-6,L1P,L
A097F5,N1373B,L8,LUSCOMBE 8,L1P,L
A098F5,N138AM,P38,LOCKHEED P-38 Lightning,L2P,M
A09DF5,N139PR,A139,AGUSTA AW-139,H2T,L
A09EF5,N139ZX,,,,
A09FF5,N1397H,PA34,PIPER PA-34 Seneca,L2P,L
A0A1F5,N14SP,AEST,AEROSTAR 600,L2P,L
A0A3F5,N140P,C140,CESSNA 140,L1P,L
A0A8F5,N1411U,C172,CESSNA 172 Skyhawk,L1P,L
A0ACF5,N1423X,P28A,PIPER PA-28-140/150/160/180,L1P,L
A0B3F5,N1440S,C182,CESSNA 182 Skylane,L1P,L
A0B5F5,N145HC,EC45,AIRBUS HELICOPTERS EC-145,H2T,L
A0B6F5,N145TJ,EC45,AIRBUS HELICOPTERS EC-145,H2T,L
A0BCF5,N147CT,FDCT,FLIGHT DESIGN CT,L1P,L
A0C2F5,N1481T,PA34,PIPER PA-34 Seneca,L2P,L
A0C3F5,N14884,,,,
A0C7F5,N15BF,C180,CESSNA  180 Skywagon,L1P,L
A0C8F5,N15MM,BL8,BELLANCA 8 Decathlon,L1P,L
A0C9F5,N15XT,BEAR,AVIPRO RB-4 Bearhawk,L1P,L
A0CCF5,N1503E,CH7A,BELLANCA 7 Champion,L1P,L
A0D3F5,N1520,AA5,AMERICAN AA-5 Tiger,L1P,L
A0D4F5,N1527L,BALL,,B0-,-
A0D5F5,N153GL,B190,BEECH 1900,L2T,M
A0DFF5,N1556J,SR22,CIRRUS SR-22,L1P,L
A0E1F5,N156RE,FA50,DASSAULT Falcon 50,L3J,M
A0E3F5,N1568M,RV7,VANS RV-7,L1P,L
A0E7F5,N158AP,,,,
A0EBF5,N159DM,TB21,SOCATA TB-21 Trinidad TC,L1P,L
A0EFF5,N16GK,BE60,BEECH 60 Duke,L2P,L
A0F1F5,N160CW,PA18,PIPER PA-18 Super Cub,L1P,L
A0F2F5,N160PB,C402,CESSNA 402 Businessliner,L2P,L
A0F4F5,N16064,C150,CESSNA 150,L1P,L
A0F6F5,N161S,GC1,GLOBE Swift,L1P,L
A0F9F5,N162JS,C182,CESSNA 182 Skylane,L1P,L
A106F5,N1652X,T210,CESSNA T210 Turbo Centurion,L1P,L
A107F5,N16598,WACC,WACO C/S,L1P,L
A10CF5,N167PA,A119,AGUSTA AW-119 Koala,H1T,L
A112F5,N16886,O1,CESSNA 305/341 Bird Dog,L1P,L
A113F5,N169JR,RV6,VANS RV-6,L1P,L
A116F5,N17BH,C182,CESSNA 182 Skylane,L1P,L
A117F5,N17MP,PTS1,PITTS S-1 Special,L1P,L
A119F5,N170J,C170,CESSNA 170,L1P,L
A11CF5,N171AS,C172,CESSNA 172 Skyhawk,L1P,L
A11FF5,N1715K,L8,LUSCOMBE 8,L1P,L
A121F5,N172PW,C172,CESSNA 172 Skyhawk,L1P,L
A122F5,N1720B,ST75,STEARMAN Kaydet,L1P,L
A123F5,N1727N,C120,CESSNA 120,L1P,L
A12EF5,N1756L,T206,CESSNA T206 Turbo Stationair,L1P,L
A135F5,N1773F,C172,CESSNA 172 Skyhawk,L1P,L
A13DF5,N1797M,C182,CESSNA 182 Skylane,L1P,L
A13FF5,N18ST,C172,CESSNA 172 Skyhawk,L1P,L
A145F5,N181SB,RV8,VANS RV-8,L1P,L
A146F5,N1811Y,BE36,BEECH 36 Bonanza,L1P,L
A147F5,N18189,C150,CESSNA 150,L1P,L
A149F5,N182V,C182,CESSNA 182 Skylane,L1P,L
A14BF5,N183BL,NG5,BRM AERO NG-5/6 Bristell,L1P,L
A14CF5,N183MS,P180,PIAGGIO P-180 Avanti,L2T,L
A14EF5,N18354,BE95,BEECH 95 Travel Air,L2P,L
A151F5,N1840W,BE35,BEECH 35 Starfire Bonanza,L1P,L
A154F5,N185TN,C185,CESSNA 185 Skywagon,L1P,L
A155F5,N1852Z,KR2,RAND KR-2,L1P,L
A159F5,N18642,,,,
A15DF5,N18765,,,,
A161F5,N18888,BE19,BEECH 19 Sport,L1P,L
A164F5,N18930,BE24,BEECH 24 Sierra,L1P,L
A165F5,N19BK,ULAC,,L0-,-
A166F5,N19MR,GLID,,L0-,-
A167F5,N19XX,GLID,,L0-,-
A168F5,N190JB,E190,EMBRAER ERJ-190-100,L2J,M
A16AF5,N1903J,ULAC,,L0-,-
A16CF5,N191M,RV6,VANS RV-6,L1P,L
A16FF5,N192DS,DA40,DIAMOND DA-40 Club Star,L1P,L
A171F5,N1920D,BE35,BEECH 35 Starfire Bonanza,L1P,L
A174F5,N193SW,FB1A,BOWERS Fly Baby 1A,L1P,L
A175F5,N1932G,,,,
A176F5,N1939T,TAYB,TAYLORCRAFT BC/BF/BL,L1P,L
A179F5,N1944K,,,,
A17DF5,N1956N,C140,CESSNA 140,L1P,L
A17EF5,N196FC,TEX2,BEECHCRAFT T-6 Texan 2,L1T,L
A184F5,N1973H,P28A,PIPER PA-28-140/150/160/180,L1P,L
A18DF5,N2GP,BE60,BEECH 60 Duke,L2P,L
A18EF5,N2SV,PA24,PIPER PA-24 Comanche,L1P,L
A18FF5,N20D,F260,AERMACCHI SF-260,L1P,L
A190F5,N20PF,B212,BELL 212,H2T,L
A192F5,N200KS,C208,CESSNA 208 Caravan,L1T,L
A195F5,N201CJ,M20P,MOONEY M-20,L1P,L
A196F5,N201NQ,M20P,MOONEY M-20,L1P,L
A197F5,N201YW,E120,EMBRAER EMB-120 Brasilia,L2T,M
A198F5,N2016S,SREY,PROGRESSIVE AERODYNE SeaRey,A1P,L
A19BF5,N2021J,SW3,SWEARINGEN Merlin 3,L2T,L
A19DF5,N203JE,GL7T,BOMBARDIER BD-700 Global 7000/7500,L2J,M
A1A1F5,N204MC,R44,ROBINSON R-44 Raven,H1P,L
A1A3F5,N2045Q,YK52,YAKOVLEV Yak-52,L1P,L
A1A6F5,N2050G,C182,CESSNA 182 Skylane,L1P,L
A1A7F5,N2057T,GLID,,L0-,-
A1A8F5,N206GT,C206,CESSNA  206 Stationair,L1P,L
A1ABF5,N2069W,C208,CESSNA 208 Caravan,L1T,L
A1B2F5,N2086R,P28A,PIPER PA-28-140/150/160/180,L1P,L
A1B5F5,N2091H,ERCO,AIR PRODUCTS F-1 Aircoupe,L1P,L
A1B7F5,N21JD,T6,NORTH AMERICAN T-6 Texan,L1P,L
A1B8F5,N21UK,SR22,CIRRUS SR-22,L1P,L
A1BBF5,N21002,C82S,CESSNA T182 Turbo Skylane,L1P,L
A1BCF5,N2108C,P28A,PIPER PA-28-140/150/160/180,L1P,L
A1C0F5,N212AE,R66,ROBINSON R-66,H1T,L
A1C1F5,N212LL,S22T,CIRRUS SR-22T Turbo,L1P,L
A1C9F5,N214SG,CL30,BOMBARDIER BD-100 Challenger 300,L2J,M
A1CAF5,N21413,C82T,CESSNA TR182 Turbo Skylane RG,L1P,L
A1CBF5,N2149D,P32R,PIPER PA-32R-300/301/301T,L1P,L
A1CEF5,N21536,C182,CESSNA 182 Skylane,L1P,L
A1CFF5,N216BR,CH60,ZENAIR CH-600 Zodiac,L1P,L
A1D2F5,N21659,J3,PIPER J-3 Cub,L1P,L
A1D3F5,N217EP,C172,CESSNA 172 Skyhawk,L1P,L
A1D5F5,N21701,C188,CESSNA 188 AgTruck,L1P,L
A1D6F5,N2178B,L8,LUSCOMBE 8,L1P,L
A1D9F5,N21824,BALL,,B0-,-
A1DEF5,N22DB,SR22,CIRRUS SR-22,L1P,L
A1E2F5,N220W,PA46,PIPER PA-46-310/350,L1P,L
A1E7F5,N2216U,T206,CESSNA T206 Turbo Stationair,L1P,L
A1E9F5,N222RQ,S22T,CIRRUS SR-22T Turbo,L1P,L
A1EFF5,N224AZ,,,,
A1F2F5,N2245S,SS2T,TRUSH Turbo Thrush 500/550,L1T,L
A1F5F5,N2250J,C150,CESSNA 150,L1P,L
A1F6F5,N2257V,C140,CESSNA 140,L1P,L
A1F9F5,N2262M,P28A,PIPER PA-28-140/150/160/180,L1P,L
A1FDF5,N2274Q,P28A,PIPER PA-28-140/150/160/180,L1P,L
A205F5,N2298W,C172,CESSNA 172 Skyhawk,L1P,L
A20BF5,N2308E,C172,CESSNA 172 Skyhawk,L1P,L
A20DF5,N231TW,M20P,MOONEY M-20,L1P,L
A216F5,N2337C,PA38,PIPER PA-38 Tomahawk,L1P,L
A218F5,N234SJ,UH1,BELL UH-1 Huey,H1T,L
A21AF5,N2349F,C210,CESSNA 201 Centurion,L1P,L
A224F5,N23703,S10,STINSON 10 Voyager,L1P,L
A228F5,N23826,,,,
A22BF5,N239WT,S22T,CIRRUS SR-22T Turbo,L1P,L
A22EF5,N24PK,PA11,PIPER PA-11 Cub Special,L1P,L
A231F5,N240WB,BALL,,B0-,-
A232F5,N2404T,PA38,PIPER PA-38 Tomahawk,L1P,L
A238F5,N242RS,GLAS,Glasair,L1P,L
A23AF5,N2428Z,BALL,,B0-,-
A23DF5,N2433R,C182,CESSNA 182 Skylane,L1P,L
A23EF5,N244BA,RV4,VANS RV-4,L1P,L
A241F5,N2445U,C172,CESSNA 172 Skyhawk,L1P,L
A247F5,N246TC,BALL,,B0-,-
A248F5,N2462P,C82T,CESSNA TR182 Turbo Skylane RG,L1P,L
A24CF5,N2474S,C337,CESSNA 337 Super Skymaster,L2P,L
A24DF5,N248CM,ESCP,REALITY Escapade,L1P,L
A250F5,N2486V,C140,CESSNA 140,L1P,L
A252F5,N249RR,AA5,AMERICAN AA-5 Tiger,L1P,L
A253F5,N2491M,PA12,PIPER PA-12 Super Cruiser,L1P,L
A254F5,N2498Y,C172,CESSNA 172 Skyhawk,L1P,L
A255F5,N25JH,SRAI,GREAT PLAINS Sonerai,L1P,L
A256F5,N25UP,BE36,BEECH 36 Bonanza,L1P,L
A258F5,N250R,BALL,,B0-,-
A259F5,N25006,,,,
A25AF5,N2508G,C182,CESSNA 182 Skylane,L1P,L
A25EF5,N252AJ,M20P,MOONEY M-20,L1P,L
A261F5,N2525B,PA38,PIPER PA-38 Tomahawk,L1P,L
A262F5,N253DG,PC24,PILATUS PC-24,L2J,M
A265F5,N2537E,,,,
A266F5,N254GE,B738,BOEING 737-800,L2J,M
A269F5,N2549H,ERCO,AIR PRODUCTS F-1 Aircoupe,L1P,L
A270F5,N2566C,C170,CESSNA 170,L1P,L
A273F5,N25705,B737,BOEING 737-700,L2J,M
A27CF5,N26DF,,,,
A27DF5,N26PM,T210,CESSNA T210 Turbo Centurion,L1P,L
A27EF5,N26ZT,DA42,DIAMOND DA-42 Guardian,L2P,L
A288F5,N2621Q,P28A,PIPER PA-28-140/150/160/180,L1P,L
A289F5,N26281,S10,STINSON 10 Voyager,L1P,L
A297F5,N2662R,,,,
A298F5,N26692,C310,CESSNA 310,L2P,L
A29CF5,N268CP,C82T,CESSNA TR182 Turbo Skylane RG,L1P,L
A2A1F5,N269RT,RV7,VANS RV-7,L1P,L
A2A2F5,N2691P,LA4,LAKE LA-4/200,A1P,L
A2A4F5,N27JK,GLAS,Glasair,L1P,L
A2ACF5,N2713A,CH7A,BELLANCA 7 Champion,L1P,L
A2B2F5,N273PQ,BALL,,B0-,-
A2B5F5,N274GG,H47,BOEING-VERTOL CH-47 Chinook,H2T,M
A2B8F5,N2749K,C180,CESSNA  180 Skywagon,L1P,L
A2BCF5,N276BX,BE35,BEECH 35 Starfire Bonanza,L1P,L
A2CAF5,N2795C,C170,CESSNA 170,L1P,L
A2CBF5,N28DH,DHC2,DE HAVILLAND DHC-2 Beaver,L1P,L
A2CCF5,N28PP,P28A,PIPER PA-28-140/150/160/180,L1P,L
A2CDF5,N28ZV,PA18,PIPER PA-18 Super Cub,L1P,L
A2CEF5,N280L,SR22,CIRRUS SR-22,L1P,L
A2D2F5,N281NY,C172,CESSNA 172 Skyhawk,L1P,L
A2D4F5,N28160,BL17,BELLANCA 17 Viking,L1P,L
A2D7F5,N2821S,C150,CESSNA 150,L1P,L
A2D8F5,N28283,J3,PIPER J-3 Cub,L1P,L
A2DFF5,N2845Y,P28A,PIPER PA-28-140/150/160/180,L1P,L
A2E5F5,N286TG,FDCT,FLIGHT DESIGN CT,L1P,L
A2E6F5,N2862T,P28R,PIPER PA-28R-180/200/201,L1P,L
A2EBF5,N288CR,BE9L,BEECH 90 King Air,L2T,L
A2EEF5,N2886Z,PA18,PIPER PA-18 Super Cub,L1P,L
A2F0F5,N289RV,J3,PIPER J-3 Cub,L1P,L
A2F2F5,N28982,J3,PIPER J-3 Cub,L1P,L
A2F8F5,N2908L,M20P,MOONEY M-20,L1P,L
A2F9F5,N291HW,C172,CESSNA 172 Skyhawk,L1P,L
A2FEF5,N292X,M5,MAULE M-5,L1P,L
A303F5,N2937J,C150,CESSNA 150,L1P,L
A30AF5,N2954D,C170,CESSNA 170,L1P,L
A311F5,N29709,TAYB,TAYLORCRAFT BC/BF/BL,L1P,L
A315F5,N2983B,BE35,BEECH 35 Starfire Bonanza,L1P,L
A316F5,N299AM,PC12,PILATUS PC-12,L1T,L
A31BF5,N3PR,C182,CESSNA 182 Skylane,L1P,L
A31DF5,N30LB,FA7X,DASSAULT Falcon 7X,L3J,M
A31EF5,N30WH,CH7B,BELLANCA 7 Citabria,L1P,L
A320F5,N300SU,SR20,CIRRUS SR-20,L1P,L
A321F5,N3002E,CH7A,BELLANCA 7 Champion,L1P,L
A322F5,N3009R,BALL,,B0-,-
A325F5,N3014H,P28A,PIPER PA-28-140/150/160/180,L1P,L
A329F5,N3026L,R44,ROBINSON R-44 Raven,H1P,L
A32BF5,N303RG,B38M,BOEING 737 MAX 8,L2J,M
A32DF5,N3038P,AT3T,AIR TRACTOR AT-302/402,L1T,L
A332F5,N305LX,C56X,CESSNA 560XL Citation XLS,L2J,M
A335F5,N306DP,C172,CESSNA 172 Skyhawk,L1P,L
A338F5,N3067M,PA12,PIPER PA-12 Super Cruiser,L1P,L
A33AF5,N307ST,H25B,HAWKER BEECHCRAFT Hawker 750/850,L2J,M
A33BF5,N3072D,P28A,PIPER PA-28-140/150/160/180,L1P,L
A344F5,N31F,C140,CESSNA 140,L1P,L
A345F5,N31RF,PA32,PIPER PA-32,L1P,L
A346F5,N310BL,C310,CESSNA 310,L2P,L
A347F5,N310MS,C310,CESSNA 310,L2P,L
A34CF5,N3110W,CJ6,NANCHANG CJ-6,L1P,L
A34FF5,N312TN,M20T,MOONEY M-20T,L1P,L
A352F5,N313LE,,,,
A354F5,N31342,,,,
A358F5,N31465,PTS2,PITTS S-2 Special,L1P,L
A35AF5,N315SA,HDJT,HONDA HondaJet,L2J,L
A35BF5,N3151X,C177,CESSNA  177 Cardinal,L1P,L
A35DF5,N316JT,LGEZ,RUTAN Long-EZ,L1P,L
A35FF5,N31630,P28A,PIPER PA-28-140/150/160/180,L1P,L
A361F5,N317MR,RV7,VANS RV-7,L1P,L
A366F5,N3180V,BE35,BEECH 35 Starfire Bonanza,L1P,L
A367F5,N31876,M7,MAULE M-7,L1P,L
A36AF5,N3192Y,C182,CESSNA 182 Skylane,L1P,L
A36BF5,N31999,PA34,PIPER PA-34 Seneca,L2P,L
A36CF5,N32LD,,,,
A36DF5,N32WK,PC12,PILATUS PC-12,L1T,L
A36FF5,N320SW,C414,CESSNA 414 Chancellor,L2P,L
A374F5,N3214K,GC1,GLOBE Swift,L1P,L
A37AF5,N323RJ,SONX,SONEX AIRCRAFT Sonex,L1P,L
A37CF5,N3238R,R44,ROBINSON R-44 Raven,H1P,L
A37FF5,N3243H,ERCO,AIR PRODUCTS F-1 Aircoupe,L1P,L
A380F5,N325AT,C25A,CESSNA 525A Citation CJ2,L2J,L
A383F5,N3255L,C172,CESSNA 172 Skyhawk,L1P,L
A387F5,N3267P,PA18,PIPER PA-18 Super Cub,L1P,L
A38AF5,N3272F,M20P,MOONEY M-20,L1P,L
A394F5,N33RH,LEG2,LANCAIR Legacy,L1P,L
A39AF5,N331QS,E55P,EMBRAER EMB-505 Phenom 300,L2J,M
A39BF5,N3310Y,C182,CESSNA 182 Skylane,L1P,L
A3A9F5,N335SC,CRUZ,CSA PS-28 Cruiser,L1P,L
A3AEF5,N33632,DC3,DOUGLAS DC-3 Dakota,L2P,M
A3AFF5,N337BM,C82S,CESSNA T182 Turbo Skylane,L1P,L
A3B2F5,N33755,P28A,PIPER PA-28-140/150/160/180,L1P,L
A3B5F5,N3380X,M20P,MOONEY M-20,L1P,L
A3BAF5,N34A,E110,EMBRAER EMB-110 Bandeirante,L2T,L
A3BCF5,N34WM,PA31,PIPER PA-31-300/310/325/350/425,L2P,L
A3BDF5,N340GS,C340,CESSNA 340 Super,L2P,L
A3C3F5,N3414M,PA12,PIPER PA-12 Super Cruiser,L1P,L
A3C9F5,N343RL,,,,
A3CEF5,N3443K,J3,PIPER J-3 Cub,L1P,L
A3CFF5,N345AV,A320,AIRBUS A-320,L2J,M
A3D0F5,N345MA,LJ45,LEARJET 45,L2J,M
A3D2F5,N3455N,M20P,MOONEY M-20,L1P,L
A3DEF5,N349CF,BALL,,B0-,-
A3E5F5,N350MW,AS50,AEROSPATIALE AS-350 Ecureuil,H1T,L
A3EAF5,N35100,C177,CESSNA  177 Cardinal,L1P,L
A3EBF5,N3518A,PARA,,P0-,-
A3EDF5,N352TS,C414,CESSNA 414 Chancellor,L2P,L
A3EFF5,N353AC,P28A,PIPER PA-28-140/150/160/180,L1P,L
A3F2F5,N35346,J3,PIPER J-3 Cub,L1P,L
A3F6F5,N35469,C172,CESSNA 172 Skyhawk,L1P,L
A3F9F5,N35511,J3,PIPER J-3 Cub,L1P,L
A3FDF5,N35634,J3,PIPER J-3 Cub,L1P,L
A404F5,N3580Z,PA18,PIPER PA-18 Super Cub,L1P,L
A408F5,N35922,T206,CESSNA T206 Turbo Stationair,L1P,L
A40AF5,N36LH,BE36,BEECH 36 Bonanza,L1P,L
A40BF5,N36WP,BE36,BEECH 36 Bonanza,L1P,L
A40DF5,N360T,BE35,BEECH 35 Starfire Bonanza,L1P,L
A410F5,N361KS,AS21,SCHLEICHER ASK-21,L1P,L
A41AF5,N3638V,C150,CESSNA 150,L1P,L
A41DF5,N3643M,PA12,PIPER PA-12 Super Cruiser,L1P,L
A41FF5,N365MC,CL35,BOMBARDIER BD-100 Challenger 350,L2J,M
A428F5,N3672K,P28A,PIPER PA-28-140/150/160/180,L1P,L
A42DF5,N369CH,SR22,CIRRUS SR-22,L1P,L
A42FF5,N369YV,ULAC,,L0-,-
A431F5,N37FF,B734,BOEING 737-400,L2J,M
A432F5,N37RM,VEZE,RUTAN VariEze,L1P,L
A436F5,N3706,T18,THORP Tiger,L1P,L
A43AF5,N3718C,ST75,STEARMAN Kaydet,L1P,L
A440F5,N373WS,ULAC,,L0-,-
A448F5,N37513,B39M,BOEING 737 MAX 9,L2J,M
A44CF5,N37636,C119,FAIRCHILD C-119 Flying Boxcar,L2P,M
A454F5,N3788B,GA6C,GULFSTREAM G600,L2J,M
A457F5,N37924,J3,PIPER J-3 Cub,L1P,L
A458F5,N38AD,C56X,CESSNA 560XL Citation XLS,L2J,M
A45AF5,N38WR,C82S,CESSNA T182 Turbo Skylane,L1P,L
A45CF5,N380TB,SREY,PROGRESSIVE AERODYNE SeaRey,A1P,L
A45DF5,N3802N,BT36,BEECH B36TC Bonanza,L1P,L
A45EF5,N3809Z,BE77,BEECH 77 Skipper,L1P,L
A461F5,N3814R,P28A,PIPER PA-28-140/150/160/180,L1P,L
A466F5,N383FJ,P51,NORTH AMERICAN P-51 Mustang,L1P,L
A469F5,N3838X,C310,CESSNA 310,L2P,L
A473F5,N3860J,C150,CESSNA 150,L1P,L
A474F5,N3867V,C170,CESSNA 170,L1P,L
A479F5,N388KT,C25A,CESSNA 525A Citation CJ2,L2J,L
A47BF5,N3884Q,C172,CESSNA 172 Skyhawk,L1P,L
A481F5,N39RP,PRM1,RAYTHEON 390 Premier 1,L2J,L
A483F5,N390N,ZZZZ,,-0-,-
A488F5,N39104,TAYB,TAYLORCRAFT BC/BF/BL,L1P,L
A489F5,N3918E,CH7A,BELLANCA 7 Champion,L1P,L
A494F5,N3947C,H269,HUGHES Sky Knight,H1P,L
A497F5,N39515,AR6T,AERONCA 65 Tandem,L1P,L
A4A2F5,N39803,,,,
A4A3F5,N3988D,C182,CESSNA 182 Skylane,L1P,L
A4A7F5,N4AF,C421,CESSNA 421 Executive Commuter,L2P,L
A4A8F5,N4LM,E55P,EMBRAER EMB-505 Phenom 300,L2J,M
A4A9F5,N4WT,WAIX,SONEX Waiex,L1P,L
A4AAF5,N40GY,CLON,AUTOGYRO Cavalon,G1P,L
A4ABF5,N40TD,COZY,CO-Z Cozy,L1P,L
A4AFF5,N4007G,BALL,,B0-,-
A4B3F5,N4019K,BALL,,B0-,-
A4BAF5,N4036E,PA18,PIPER PA-18 Super Cub,L1P,L
A4BEF5,N4048H,M20P,MOONEY M-20,L1P,L
A4C2F5,N406AK,BPAT,R&B Bearhawk Patrol,L1P,L
A4C6F5,N407DH,B407,BELL 407,H1T,L
A4C9F5,N4077F,C172,CESSNA 172 Skyhawk,L1P,L
A4D1F5,N41BW,GLID,,L0-,-
A4D6F5,N4103V,C150,CESSNA 150,L1P,L
A4D8F5,N411ML,BE36,BEECH 36 Bonanza,L1P,L
A4DAF5,N4115Y,CH7B,BELLANCA 7 Citabria,L1P,L
A4DBF5,N412EC,F900,DASSAULT Falcon 900,L3J,M
A4DEF5,N41271,P28A,PIPER PA-28-140/150/160/180,L1P,L
A4E4F5,N414WE,C414,CESSNA 414 Chancellor,L2P,L
A4EAF5,N416FP,DA40,DIAMOND DA-40 Club Star,L1P,L
A4EBF5,N416RV,RV4,VANS RV-4,L1P,L
A4EEF5,N417JM,C82S,CESSNA T182 Turbo Skylane,L1P,L
A4F1F5,N418BD,,,,
A4F4F5,N4185X,P32R,PIPER PA-32R-300/301/301T,L1P,L
A4F7F5,N4190P,C72R,CESSNA 172R Cutlass RG,L1P,L
A4F9F5,N42H,GLAS,Glasair,L1P,L
A4FAF5,N42TF,RV6,VANS RV-6,L1P,L
A4FBF5,N420DL,C56X,CESSNA 560XL Citation XLS,L2J,M
A4FFF5,N421GJ,C421,CESSNA 421 Executive Commuter,L2P,L
A501F5,N4212A,P32R,PIPER PA-32R-300/301/301T,L1P,L
A502F5,N4219M,AT8T,AIR TRACTOR AT-802,L1T,M
A505F5,N4224D,BE35,BEECH 35 Starfire Bonanza,L1P,L
A50BF5,N424RC,C185,CESSNA 185 Skywagon,L1P,L
A50CF5,N42409,C182,CESSNA 182 Skylane,L1P,L
A50DF5,N4248K,NAVI,NORTH AMERICAN Navion,L1P,L
A50FF5,N425UA,A320,AIRBUS A-320,L2J,M
A511F5,N426AM,,,,
A515F5,N427DK,RV9,VANS RV-9,L1P,L
A51AF5,N428SP,DA40,DIAMOND DA-40 Club Star,L1P,L
A51BF5,N4282,AS50,AEROSPATIALE AS-350 Ecureuil,H1T,L
A51FF5,N4294C,NAVI,NORTH AMERICAN Navion,L1P,L
A526F5,N431BG,BE9L,BEECH 90 King Air,L2T,L
A529F5,N43150,TAYB,TAYLORCRAFT BC/BF/BL,L1P,L
A52EF5,N433HC,BE20,BEECH 200 Super King Air,L2T,M
A52FF5,N433TJ,BL8,BELLANCA 8 Decathlon,L1P,L
A530F5,N4332V,C195,CESSNA 195,L1P,L
A531F5,N43396,TAYB,TAYLORCRAFT BC/BF/BL,L1P,L
A53CF5,N43684,TAYB,TAYLORCRAFT BC/BF/BL,L1P,L
A53DF5,N437JP,C208,CESSNA 208 Caravan,L1T,L
A53FF5,N4373W,BE95,BEECH 95 Travel Air,L2P,L
A543F5,N4385Z,PA18,PIPER PA-18 Super Cub,L1P,L
A546F5,N4390R,C172,CESSNA 172 Skyhawk,L1P,L
A547F5,N43972,TAYB,TAYLORCRAFT BC/BF/BL,L1P,L
A548F5,N44HB,GLF2,GULFSTREAM 2,L2J,M
A54FF5,N441SS,C150,CESSNA 150,L1P,L
A551F5,N4419P,TF22,TAYLORCRAFT F-22,L1P,L
A554F5,N4424F,C170,CESSNA 170,L1P,L
A555F5,N443CA,P212,TECNAM P-2012 Traveller,L2P,L
A559F5,N444EZ,ULAC,,L0-,-
A55AF5,N444RE,C175,CESSNA 175 Skylark,L1P,L
A565F5,N447PT,P46T,PIPER PA-46-500TP,L1T,L
A56FF5,N45C,SR20,CIRRUS SR-20,L1P,L
A570F5,N45NF,C680,CESSNA 680 Citation Sovereign,L2J,M
A572F5,N450JS,GLF4,GULFSTREAM 4,L2J,M
A574F5,N4503Z,PA22,PIPER PA-22,L1P,L
A57FF5,N4532X,P28A,PIPER PA-28-140/150/160/180,L1P,L
A580F5,N45398,C150,CESSNA 150,L1P,L
A581F5,N454LC,LJ45,LEARJET 45,L2J,M
A583F5,N45440,B739,BOEING 737-900,L2J,M
A585F5,N455PA,AT6T,AIR TRACTOR AT-602,L1T,L
A587F5,N45563,C150,CESSNA 150,L1P,L
A58AF5,N4561V,T206,CESSNA T206 Turbo Stationair,L1P,L
A58FF5,N458BH,RV8,VANS RV-8,L1P,L
A590F5,N458MP,PARA,,P0-,-
A592F5,N45851,L8,LUSCOMBE 8,L1P,L
A595F5,N4590T,P28R,PIPER PA-28R-180/200/201,L1P,L
A596F5,N45974,L8,LUSCOMBE 8,L1P,L
A597F5,N46HD,COL3,CESSNA 350 Corvalis,L1P,L
A59BF5,N4600B,C180,CESSNA  180 Skywagon,L1P,L
A59CF5,N4607N,BE17,BEECH 17 Staggerwing,L1P,L
A5A0F5,N4619R,P28A,PIPER PA-28-140/150/160/180,L1P,L
A5A3F5,N4624H,M20P,MOONEY M-20,L1P,L
A5AAF5,N4641C,C170,CESSNA 170,L1P,L
A5B2F5,N4665J,P28R,PIPER PA-28R-180/200/201,L1P,L
A5B6F5,N4677M,PA11,PIPER PA-11 Cub Special,L1P,L
A5B9F5,N4682D,C172,CESSNA 172 Skyhawk,L1P,L
A5BAF5,N4689Q,C210,CESSNA 201 Centurion,L1P,L
A5BDF5,N4694G,C172,CESSNA 172 Skyhawk,L1P,L
A5BEF5,N47CB,PA12,PIPER PA-12 Super Cruiser,L1P,L
A5C4F5,N471BL,DA40,DIAMOND DA-40 Club Star,L1P,L
A5CDF5,N473TN,ULAC,,L0-,-
A5D2F5,N47442,P28R,PIPER PA-28R-180/200/201,L1P,L
A5D4F5,N475PC,P28A,PIPER PA-28-140/150/160/180,L1P,L
A5D8F5,N476SA,SKAR,III Sky Arrow,L1P,L
A5DDF5,N47730,TAYD,TAYLORCRAFT DC/DF/DL,L1P,L
A5DEF5,N478BK,C152,CESSNA 152,L1P,L
A5E7F5,N48TM,BD4,BEDE BD-4,L1P,L
A5EDF5,N481SW,PA31,PIPER PA-31-300/310/325/350/425,L2P,L
A5EFF5,N4819T,P28A,PIPER PA-28-140/150/160/180,L1P,L
A5FAF5,N4848R,ULAC,,L0-,-
A5FDF5,N4853H,PA15,PIPER PA-15 Vagabond,L1P,L
A5FEF5,N486AT,BE20,BEECH 200 Super King Air,L2T,M
A609F5,N4889S,PA32,PIPER PA-32,L1P,L
A60CF5,N4894J,BE35,BEECH 35 Starfire Bonanza,L1P,L
A60DF5,N49CD,BALL,,B0-,-
A619F5,N4920Y,TBM7,SOCATA TBM-700A/B/C,L1T,L
A61AF5,N49279,L5,STINSON Sentinel,L1P,L
A61FF5,N494LG,AS50,AEROSPATIALE AS-350 Ecureuil,H1T,L
A620F5,N494WN,B737,BOEING 737-700,L2J,M
A62CF5,N49732,B214,BELL 214,H1T,M
A633F5,N4990X,SS2P,ROCKWELL Thrush Commander,L1P,L
A638F5,N50Q,B407,BELL 407,H1T,L
A639F5,N500AE,CRJ7,BOMBARDIER Regional Jet CRJ-700,L2J,M
A63AF5,N500LL,LJ35,LEARJET 35,L2J,M
A63CF5,N50048,TAYD,TAYLORCRAFT DC/DF/DL,L1P,L
A63DF5,N501DC,C340,CESSNA 340 Super,L2P,L
A63EF5,N501PJ,C501,CESSNA 501 Citation 1SP,L2J,L
A640F5,N5017A,C172,CESSNA 172 Skyhawk,L1P,L
A642F5,N502SG,BE36,BEECH 36 Bonanza,L1P,L
A643F5,N50213,C150,CESSNA 150,L1P,L
A646F5,N503VE,VEZE,RUTAN VariEze,L1P,L
A647F5,N50336,TAYD,TAYLORCRAFT DC/DF/DL,L1P,L
A64CF5,N505EP,RV6,VANS RV-6,L1P,L
A64FF5,N5058B,CH7B,BELLANCA 7 Citabria,L1P,L
A652F5,N50624,C150,CESSNA 150,L1P,L
A656F5,N50747,C150,CESSNA 150,L1P,L
A657F5,N508DB,LEG2,LANCAIR Legacy,L1P,L
A658F5,N508PH,H500,HUGHES 500,H1T,L
A65EF5,N5099C,LGEZ,RUTAN Long-EZ,L1P,L
A665F5,N511JG,CH60,ZENAIR CH-600 Zodiac,L1P,L
A669F5,N512ME,B350,BEECHCRAFT Super King Air 350,L2T,M
A66BF5,N5125S,P28R,PIPER PA-28R-180/200/201,L1P,L
A66FF5,N5137V,MOR2,MORRISEY Nifty,L1P,L
A673F5,N5149Y,,,,
A676F5,N5154Q,C172,CESSNA 172 Skyhawk,L1P,L
A67DF5,N5171K,C172,CESSNA 172 Skyhawk,L1P,L
A67EF5,N5178W,P28A,PIPER PA-28-140/150/160/180,L1P,L
A68BF5,N5205,GLST,GLASAIR SH-4 GlaStar,L1P,L
A68FF5,N5217C,T210,CESSNA T210 Turbo Centurion,L1P,L
A690F5,N522GC,C72R,CESSNA 172R Cutlass RG,L1P,L
A693F5,N5229F,C172,CESSNA 172 Skyhawk,L1P,L
A697F5,N524BT,CH7B,BELLANCA 7 Citabria,L1P,L
A69BF5,N525ER,,,,
A69DF5,N52503,M20P,MOONEY M-20,L1P,L
A69EF5,N5258D,BALL,,B0-,-
A6A9F5,N5287B,,,,
A6AAF5,N529GB,E35L,EMBRAER EMB-135 Legacy,L2J,M
A6ABF5,N529SH,AS50,AEROSPATIALE AS-350 Ecureuil,H1T,L
A6ADF5,N5299E,C82R,CESSNA R182 Skylane RG,L1P,L
A6B2F5,N5301N,ST75,STEARMAN Kaydet,L1P,L
A6B6F5,N5313R,BALL,,B0-,-
A6B7F5,N532BA,AT3T,AIR TRACTOR AT-302/402,L1T,L
A6BAF5,N5325U,P28R,PIPER PA-28R-180/200/201,L1P,L
A6C1F5,N5342P,C152,CESSNA 152,L1P,L
A6C5F5,N5354S,C82R,CESSNA R182 Skylane RG,L1P,L
A6CDF5,N5378Y,PA18,PIPER PA-18 Super Cub,L1P,L
A6D0F5,N5383Q,C150,CESSNA 150,L1P,L
A6D1F5,N539B,C152,CESSNA 152,L1P,L
A6D2F5,N539MF,P28A,PIPER PA-28-140/150/160/180,L1P,L
A6D5F5,N54DY,RV7,VANS RV-7,L1P,L
A6D9F5,N540WW,ULAC,,L0-,-
A6DAF5,N5405B,C152,CESSNA 152,L1P,L
A6E2F5,N5429H,PA18,PIPER PA-18 Super Cub,L1P,L
A6E9F5,N5446C,C170,CESSNA 170,L1P,L
A6EDF5,N5458F,,,,
A6F0F5,N54628,C172,CESSNA 172 Skyhawk,L1P,L
A6F8F5,N5487D,BE35,BEECH 35 Starfire Bonanza,L1P,L
A6FDF5,N55KB,VJ22,VOLMER Sportsman,A1P,L
A703F5,N551JL,BE20,BEECH 200 Super King Air,L2T,M
A704F5,N551US,M20P,MOONEY M-20,L1P,L
A705F5,N5513T,C172,CESSNA 172 Skyhawk,L1P,L
A706F5,N552BC,COZY,CO-Z Cozy,L1P,L
A709F5,N5525W,PA18,PIPER PA-18 Super Cub,L1P,L
A713F5,N555WC,BE33,BEECH 33 Bonanza,L1P,L
A714F5,N5554U,P28A,PIPER PA-28-140/150/160/180,L1P,L
A715F5,N556CP,H500,HUGHES 500,H1T,L
A71BF5,N5571P,PA24,PIPER PA-24 Comanche,L1P,L
A71CF5,N55780,P28A,PIPER PA-28-140/150/160/180,L1P,L
A723F5,N5595V,P28R,PIPER PA-28R-180/200/201,L1P,L
A724F5,N56E,ZZZZ,,-0-,-
A727F5,N560LS,C56X,CESSNA 560XL Citation XLS,L2J,M
A72AF5,N561DJ,S22T,CIRRUS SR-22T Turbo,L1P,L
A73AF5,N565RA,T210,CESSNA T210 Turbo Centurion,L1P,L
A73FF5,N5663,S55P,SIKORSKY S-55 Chickasaw,H1P,L
A74AF5,N56918,P28A,PIPER PA-28-140/150/160/180,L1P,L
A750F5,N5701S,GLID,,L0-,-
A75CF5,N57371,P28A,PIPER PA-28-140/150/160/180,L1P,L
A75DF5,N574HA,BE58,BEECH 58 Baron,L2P,L
A75FF5,N5742T,C172,CESSNA 172 Skyhawk,L1P,L
A769F5,N577RV,RV12,VANS RV-12,L1P,L
A76AF5,N5771R,C172,CESSNA 172 Skyhawk,L1P,L
A76EF5,N5783U,P28A,PIPER PA-28-140/150/160/180,L1P,L
A773F5,N58EB,T206,CESSNA T206 Turbo Stationair,L1P,L
A77AF5,N581PS,BE58,BEECH 58 Baron,L2P,L
A77DF5,N582GJ,CRJ7,BOMBARDIER Regional Jet CRJ-700,L2J,M
A77FF5,N5822A,C172,CESSNA 172 Skyhawk,L1P,L
A78EF5,N5863B,C182,CESSNA 182 Skylane,L1P,L
A78FF5,N587AM,RV10,VANS RV-10,L1P,L
A798F5,N589SP,C172,CESSNA 172 Skyhawk,L1P,L
A79BF5,N59KF,FOX,KITFOX,L1P,L
A79CF5,N59VM,C510,CESSNA 510 Citation Mustang,L2J,L
A7B0F5,N595LA,PC12,PILATUS PC-12,L1T,L
A7B6F5,N59661,PA36,PIPER PA-36 Pawnee Brave,L1P,L
A7BDF5,N5983W,P28A,PIPER PA-28-140/150/160/180,L1P,L
A7C3F5,N6QK,BE77,BEECH 77 Skipper,L1P,L
A7C8F5,N600TN,E35L,EMBRAER EMB-135 Legacy,L2J,M
A7CAF5,N601,C185,CESSNA 185 Skywagon,L1P,L
A7CBF5,N601LE,CH60,ZENAIR CH-600 Zodiac,L1P,L
A7CCF5,N601WL,CH60,ZENAIR CH-600 Zodiac,L1P,L
A7CDF5,N60142,C150,CESSNA 150,L1P,L
A7CFF5,N602PC,P28A,PIPER PA-28-140/150/160/180,L1P,L
A7D1F5,N60265,PARA,,P0-,-
A7D3F5,N603SA,ST30,STAUDACHER S-330,L1P,L
A7D5F5,N60388,C150,CESSNA 150,L1P,L
A7D8F5,N60430,C82T,CESSNA TR182 Turbo Skylane RG,L1P,L
A7DCF5,N60553,C150,CESSNA 150,L1P,L
A7DDF5,N606EH,,,,
A7E3F5,N6072Y,AT3T,AIR TRACTOR AT-302/402,L1T,L
A7E4F5,N60799,VALI,CONVAIR Valiant,L1P,L
A7E5F5,N608LD,C180,CESSNA  180 Skywagon,L1P,L
A7EDF5,N61S,ST75,STEARMAN Kaydet,L1P,L
A7F8F5,N6123H,J3,PIPER J-3 Cub,L1P,L
A7F9F5,N613AT,DRON,,D0-,-
A7FBF5,N613XE,CB1,HATZ CB-1 Classic,L1P,L
A7FFF5,N6140C,B47G,BELL 47G,H1P,L
A802F5,N615SV,RV7,VANS RV-7,L1P,L
A803F5,N6152F,C210,CESSNA 201 Centurion,L1P,L
A805F5,N616KM,,,,
A806F5,N616VT,P28A,PIPER PA-28-140/150/160/180,L1P,L
A807F5,N6164J,P28R,PIPER PA-28R-180/200/201,L1P,L
A808F5,N617CD,AS50,AEROSPATIALE AS-350 Ecureuil,H1T,L
A809F5,N617NK,A320,AIRBUS A-320,L2J,M
A80DF5,N618RH,MM16,MAGNI M-16 Tandem Trainer,G1P,L
A80EF5,N6181D,PA18,PIPER PA-18 Super Cub,L1P,L
A80FF5,N6188Q,C206,CESSNA  206 Stationair,L1P,L
A810F5,N619J,JAB4,JABIRU J200-450,L1P,L
A812F5,N6193G,C150,CESSNA 150,L1P,L
A818F5,N62021,M5,MAULE M-5,L1P,L
A81AF5,N621LG,PA34,PIPER PA-34 Seneca,L2P,L
A81CF5,N62144,C172,CESSNA 172 Skyhawk,L1P,L
A822F5,N623SC,AA5,AMERICAN AA-5 Tiger,L1P,L
A829F5,N625MT,M20P,MOONEY M-20,L1P,L
A830F5,N627HH,HIGH,JUST JA20 Highlander,L1P,L
A83AF5,N62966,CH7A,BELLANCA 7 Champion,L1P,L
A83DF5,N630CG,C56X,CESSNA 560XL Citation XLS,L2J,M
A840F5,N6306Q,M20P,MOONEY M-20,L1P,L
A841F5,N631FE,MD11,MCDONNELL-DOUGLAS MD-11,L3J,H
A844F5,N6318T,C182,CESSNA 182 Skylane,L1P,L
A847F5,N6323K,RC3,REPUBLIC RC-3 Seabee,A1P,L
A849F5,N633MA,CJ6,NANCHANG CJ-6,L1P,L
A84BF5,N6335N,BALL,,B0-,-
A84EF5,N6340E,C172,CESSNA 172 Skyhawk,L1P,L
A852F5,N6352H,J3,PIPER J-3 Cub,L1P,L
A85FF5,N639JB,A320,AIRBUS A-320,L2J,M
A861F5,N6393J,P28A,PIPER PA-28-140/150/160/180,L1P,L
A863F5,N64M,PA23,PIPER PA-23,L2P,L
A867F5,N64023,C172,CESSNA 172 Skyhawk,L1P,L
A86FF5,N64269,C172,CESSNA 172 Skyhawk,L1P,L
A875F5,N644VC,P210,CESSNA P210 Centurion,L1P,L
A876F5,N64434,ST75,STEARMAN Kaydet,L1P,L
A87EF5,N6468,SR22,CIRRUS SR-22,L1P,L
A883F5,N648LH,PARA,,P0-,-
A886F5,N649D,ST75,STEARMAN Kaydet,L1P,L
A88BF5,N65SD,PA30,PIPER PA-30 Twin Comanche,L2P,L
A88CF5,N650CJ,C650,CESSNA 650 Citation,L2J,M
A892F5,N6511J,P28A,PIPER PA-28-140/150/160/180,L1P,L
A89DF5,N6540G,C150,CESSNA 150,L1P,L
A89FF5,N655GT,B762,BOEING 767-200,L2J,H
A8A2F5,N6559W,P28A,PIPER PA-28-140/150/160/180,L1P,L
A8AAF5,N658FF,,,,
A8ABF5,N658RM,RV7,VANS RV-7,L1P,L
A8ACF5,N6581H,J4,PIPER J-4 Cub Coupe,L1P,L
A8B1F5,N66AW,R22,ROBINSON R-22 Mariner,H1P,L
A8B6F5,N66025,C172,CESSNA 172 Skyhawk,L1P,L
A8B7F5,N661AE,EC30,AIRBUS HELICOPTERS EC-130,H1T,L
A8BAF5,N66148,C150,CESSNA 150,L1P,L
A8BEF5,N6627A,C172,CESSNA 172 Skyhawk,L1P,L
A8C1F5,N66313,BE23,BEECH 23 Sundowner,L1P,L
A8C2F5,N6639D,BE23,BEECH 23 Sundowner,L1P,L
A8CAF5,N666EP,RV12,VANS RV-12,L1P,L
A8D5F5,N669DB,T206,CESSNA T206 Turbo Stationair,L1P,L
A8DAF5,N67SF,C550,CESSNA 550 Citation S2,L2J,L
A8E1F5,N6711L,PA31,PIPER PA-31-300/310/325/350/425,L2P,L
A8E5F5,N6723P,PA24,PIPER PA-24 Comanche,L1P,L
A8EDF5,N6747V,BE95,BEECH 95 Travel Air,L2P,L
A8F0F5,N6752M,S108,STINSON 108 Voyager,L1P,L
A8FBF5,N6781K,G164,GRUMMAN G-164 Ag-Cat,L1P,L
A900F5,N68AY,RV8,VANS RV-8,L1P,L
A91BF5,N68603,C152,CESSNA 152,L1P,L
A91CF5,N6868D,PA32,PIPER PA-32,L1P,L
A927F5,N6897B,PA18,PIPER PA-18 Super Cub,L1P,L
A928F5,N69GB,,,,
A929F5,N69SH,BE35,BEECH 35 Starfire Bonanza,L1P,L
A92CF5,N690Z,RV4,VANS RV-4,L1P,L
A92DF5,N6906W,P28A,PIPER PA-28-140/150/160/180,L1P,L
A92EF5,N691FL,P28A,PIPER PA-28-140/150/160/180,L1P,L
A92FF5,N691RS,BE60,BEECH 60 Duke,L2P,L
A936F5,N693MG,S22T,CIRRUS SR-22T Turbo,L1P,L
A93FF5,N6952P,PA24,PIPER PA-24 Comanche,L1P,L
A940F5,N69590,FA62,FAIRCHILD M-26 Cornell,L1P,L
A944F5,N697CM,CL35,BOMBARDIER BD-100 Challenger 350,L2J,M
A94CF5,N699JH,C337,CESSNA 337 Super Skymaster,L2P,L
A94EF5,N6993Q,G164,GRUMMAN G-164 Ag-Cat,L1P,L
A94FF5,N7B,F8L,AEROMERE F-8L Falco,L1P,L
A950F5,N7MF,P210,CESSNA P210 Centurion,L1P,L
A951F5,N7XM,RV4,VANS RV-4,L1P,L
A954F5,N700EC,GLAS,Glasair,L1P,L
A956F5,N7000Q,BE35,BEECH 35 Starfire Bonanza,L1P,L
A957F5,N70071,C185,CESSNA 185 Skywagon,L1P,L
A958F5,N701HA,B06,BELL 206 JetRanger,H1T,L
A959F5,N701TG,CH70,ZENAIR CH-701 Stol,L1P,L
A95AF5,N7012T,C172,CESSNA 172 Skyhawk,L1P,L
A95BF5,N70194,C185,CESSNA 185 Skywagon,L1P,L
A962F5,N7036Z,PA25,PIPER PA-25 Pawnee,L1P,L
A963F5,N704FP,C150,CESSNA 150,L1P,L
A964F5,N704RV,C150,CESSNA 150,L1P,L
A966F5,N70482,BALL,,B0-,-
A969F5,N7053U,,,,
A96DF5,N7065X,,,,
A970F5,N7070P,PA24,PIPER PA-24 Comanche,L1P,L
A971F5,N70770,,,,
A974F5,N7082S,C180,CESSNA  180 Skywagon,L1P,L
A978F5,N7094V,M20P,MOONEY M-20,L1P,L
A97AF5,N71NW,UH12,HILLER UH-12,H1P,L
A980F5,N711NE,AC50,NORTH AMERICAN ROCKWELL Commander 500,L2P,L
A981F5,N711YL,C340,CESSNA 340 Super,L2P,L
A987F5,N713HV,VVIG,RUTAN VariViggen,L1P,L
A98AF5,N714AM,C150,CESSNA 150,L1P,L
A98DF5,N7145E,C182,CESSNA 182 Skylane,L1P,L
A991F5,N7157H,J3,PIPER J-3 Cub,L1P,L
A993F5,N716SP,C172,CESSNA 172 Skyhawk,L1P,L
A997F5,N717VM,SR22,CIRRUS SR-22,L1P,L
A99AF5,N718ND,P28A,PIPER PA-28-140/150/160/180,L1P,L
A99FF5,N71908,P337,CESSNA P337 Skymaster,L2P,L
A9A0F5,N7198J,R22,ROBINSON R-22 Mariner,H1P,L
A9A3F5,N720EE,E55P,EMBRAER EMB-505 Phenom 300,L2J,M
A9A8F5,N721TJ,S22T,CIRRUS SR-22T Turbo,L1P,L
A9A9F5,N7212V,,,,
A9ABF5,N722LA,B722,BOEING 727-200,L3J,M
A9ACF5,N722WG,,,,
A9ADF5,N7224Y,PA30,PIPER PA-30 Twin Comanche,L2P,L
A9AEF5,N723CT,RV8,VANS RV-8,L1P,L
A9B1F5,N72361,P337,CESSNA P337 Skymaster,L2P,L
A9B3F5,N724RX,TLEG,LEGEND Turbine Legend,L1T,L
A9B4F5,N7241T,C172,CESSNA 172 Skyhawk,L1P,L
A9B5F5,N72484,C140,CESSNA 140,L1P,L
A9B8F5,N7253W,P28A,PIPER PA-28-140/150/160/180,L1P,L
A9B9F5,N726BF,GLEX,BOMBARDIER BD-700 Global 6000/6500,L2J,M
A9BAF5,N726MM,C172,CESSNA 172 Skyhawk,L1P,L
A9BCF5,N7265Z,C72R,CESSNA 172R Cutlass RG,L1P,L
A9C0F5,N72772,RV9,VANS RV-9,L1P,L
A9C2F5,N728TH,EPIC,EPIC AIRCRAFT Epic LT,L1T,L
A9C8F5,N73CS,BE33,BEECH 33 Bonanza,L1P,L
A9CDF5,N7304F,P28A,PIPER PA-28-140/150/160/180,L1P,L
A9CFF5,N731NG,PC12,PILATUS PC-12,L1T,L
A9D2F5,N732EZ,C210,CESSNA 201 Centurion,L1P,L
A9D7F5,N733UC,C172,CESSNA 172 Skyhawk,L1P,L
A9DBF5,N734XA,DRON,,D0-,-
A9DCF5,N7345G,C172,CESSNA 172 Skyhawk,L1P,L
A9DEF5,N735PT,C182,CESSNA 182 Skylane,L1P,L
A9DFF5,N735ZZ,C182,CESSNA 182 Skylane,L1P,L
A9E1F5,N736GK,C172,CESSNA 172 Skyhawk,L1P,L
A9E2F5,N736SR,SR22,CIRRUS SR-22,L1P,L
A9E7F5,N7374E,C172,CESSNA 172 Skyhawk,L1P,L
A9E8F5,N738C,PA32,PIPER PA-32,L1P,L
A9EBF5,N7386H,J3,PIPER J-3 Cub,L1P,L
A9ECF5,N739EY,C172,CESSNA 172 Skyhawk,L1P,L
A9EDF5,N739RD,C172,CESSNA 172 Skyhawk,L1P,L
A9EEF5,N7391,PA20,PIPER PA-20 Pacer,L1P,L
A9EFF5,N7398L,C152,CESSNA 152,L1P,L
A9F8F5,N7412X,C172,CESSNA 172 Skyhawk,L1P,L
A9FAF5,N742LC,SR22,CIRRUS SR-22,L1P,L
A9FEF5,N743PA,P28A,PIPER PA-28-140/150/160/180,L1P,L
AA00F5,N74363,B14A,BELLANCA 14,L1P,L
AA07F5,N7453Y,PA30,PIPER PA-30 Twin Comanche,L2P,L
AA0BF5,N74651,R44,ROBINSON R-44 Raven,H1P,L
AA0FF5,N74774,R22,ROBINSON R-22 Mariner,H1P,L
AA14F5,N749LB,BALL,,B0-,-
AA18F5,N75P,SA3,STITS SA-3 Playboy,L1P,L
AA1CF5,N7504H,PA12,PIPER PA-12 Super Cruiser,L1P,L
AA21F5,N752FA,,,,
AA22F5,N752RG,,,,
AA23F5,N7521C,ERCO,AIR PRODUCTS F-1 Aircoupe,L1P,L
AA24F5,N7528P,PA18,PIPER PA-18 Super Cub,L1P,L
AA2BF5,N7545J,P28R,PIPER PA-28R-180/200/201,L1P,L
AA2FF5,N7557M,C175,CESSNA 175 Skylark,L1P,L
AA32F5,N7562D,PA18,PIPER PA-18 Super Cub,L1P,L
AA37F5,N758CB,C172,CESSNA 172 Skyhawk,L1P,L
AA3AF5,N7586K,C180,CESSNA  180 Skywagon,L1P,L
AA3BF5,N759F,TB30,SOCATA TB-30 Epsilon,L1P,L
AA3CF5,N759RF,C182,CESSNA 182 Skylane,L1P,L
AA40F5,N76UD,C172,CESSNA 172 Skyhawk,L1P,L
AA43F5,N7600W,P28A,PIPER PA-28-140/150/160/180,L1P,L
AA45F5,N761HG,S61,SIKORSKY S-61 Sea King,H2T,M
AA47F5,N7612Z,PA25,PIPER PA-25 Pawnee,L1P,L
AA48F5,N762,BLKS,AIRCRAFT SPRUCE Baby Lakes,L1P,L
AA4CF5,N763CX,B762,BOEING 767-200,L2J,H
AA4FF5,N76365,C120,CESSNA 120,L1P,L
AA52F5,N7641X,C172,CESSNA 172 Skyhawk,L1P,L
AA56F5,N76530,C120,CESSNA 120,L1P,L
AA5EF5,N76776,C140,CESSNA 140,L1P,L
AA66F5,N77CW,EC20,AIRBUS HELICOPTERS EC-120,H1T,L
AA67F5,N77PB,RV7,VANS RV-7,L1P,L
AA6FF5,N7716N,P28A,PIPER PA-28-140/150/160/180,L1P,L
AA72F5,N7721E,B737,BOEING 737-700,L2J,M
AA77F5,N774AT,C208,CESSNA 208 Caravan,L1T,L
AA7BF5,N775DR,FOX,KITFOX,L1P,L
AA80F5,N776SV,GL5T,BOMBARDIER BD-700 Global 5000/5500,L2J,M
AA84F5,N777VT,GLID,,L0-,-
AA8EF5,N78J,,,,
AA91F5,N780QS,CL35,BOMBARDIER BD-100 Challenger 350,L2J,M
AA92F5,N7800Y,BE35,BEECH 35 Starfire Bonanza,L1P,L
AA96F5,N78121,GC1,GLOBE Swift,L1P,L
AA98F5,N782LG,DRON,,D0-,-
AA9EF5,N78367,C172,CESSNA 172 Skyhawk,L1P,L
AAA0F5,N784SC,C310,CESSNA 310,L2P,L
AAA2F5,N7849,G164,GRUMMAN G-164 Ag-Cat,L1P,L
AAA5F5,N78532,PA12,PIPER PA-12 Super Cruiser,L1P,L
AAB1F5,N789A,RV7,VANS RV-7,L1P,L
AAB3F5,N789WM,,,,
AAB4F5,N78943,M20P,MOONEY M-20,L1P,L
AABFF5,N792FE,C208,CESSNA 208 Caravan,L1T,L
AAC1F5,N7921G,C172,CESSNA 172 Skyhawk,L1P,L
AAC5F5,N7933K,BE35,BEECH 35 Starfire Bonanza,L1P,L
AAC6F5,N794AV,B788,BOEING 787-8 Dreamliner,L2J,H
AAC7F5,N794MA,MU2,MITSUBISHI MU-2 Marquise,L2T,L
AAC9F5,N7945N,P28A,PIPER PA-28-140/150/160/180,L1P,L
AACAF5,N795DT,EAGL,CHRISTEN Eagle,L1P,L
AACCF5,N7950E,C150,CESSNA 150,L1P,L
AACDF5,N7957R,BE35,BEECH 35 Starfire Bonanza,L1P,L
AAD3F5,N797VV,GLST,GLASAIR SH-4 GlaStar,L1P,L
AAD9F5,N799FD,B752,BOEING 757-200,L2J,M
AADDF5,N8JB,T18,THORP Tiger,L1P,L
AAE1F5,N800AZ,EA50,ECLIPSE 550,L2J,L
AAE2F5,N800ME,RV8,VANS RV-8,L1P,L
AAE3F5,N800XL,,,,
AAE4F5,N8005S,C150,CESSNA 150,L1P,L
AAE7F5,N8010J,AT6T,AIR TRACTOR AT-602,L1T,L
AAE8F5,N8017V,C188,CESSNA 188 AgTruck,L1P,L
AAEAF5,N802TA,AT8T,AIR TRACTOR AT-802,L1T,M
AAEDF5,N803KT,XNON,CELIER Xenon,G1P,L
AAF5F5,N805RP,RV14,VANS RV-14,L1P,L
AAF7F5,N8058W,P28A,PIPER PA-28-140/150/160/180,L1P,L
AAFAF5,N8063N,P28A,PIPER PA-28-140/150/160/180,L1P,L
AAFEF5,N8075R,PA23,PIPER PA-23,L2P,L
AAFFF5,N808DW,C82T,CESSNA TR182 Turbo Skylane RG,L1P,L
AB04F5,N809T,BE35,BEECH 35 Starfire Bonanza,L1P,L
AB05F5,N8092L,,,,
AB07F5,N81KS,C172,CESSNA 172 Skyhawk,L1P,L
AB09F5,N810GC,PA31,PIPER PA-31-300/310/325/350/425,L2P,L
AB0AF5,N810SJ,ULAC,,L0-,-
AB0DF5,N811KA,B212,BELL 212,H2T,L
AB0EF5,N811VG,C551,CESSNA 551 Citation 2SP,L2J,L
AB0FF5,N81138,FNKB,FUNK B,L1P,L
AB10F5,N812BT,SR22,CIRRUS SR-22,L1P,L
AB13F5,N8126A,C170,CESSNA 170,L1P,L
AB16F5,N81303,AA5,AMERICAN AA-5 Tiger,L1P,L
AB17F5,N8138D,PA22,PIPER PA-22,L1P,L
AB1FF5,N816DD,DRON,,D0-,-
AB20F5,N816PK,P28A,PIPER PA-28-140/150/160/180,L1P,L
AB25F5,N81714,CH7A,BELLANCA 7 Champion,L1P,L
AB27F5,N818K,G2T1,GREAT LAKES 2T-1,L1P,L
AB29F5,N81837,PA34,PIPER PA-34 Seneca,L2P,L
AB2DF5,N8196,,,,
AB33F5,N8205U,C172,CESSNA 172 Skyhawk,L1P,L
AB37F5,N8217X,C172,CESSNA 172 Skyhawk,L1P,L
AB3AF5,N8222P,PA24,PIPER PA-24 Comanche,L1P,L
AB3DF5,N823WA,,,,
AB42F5,N8246V,BE33,BEECH 33 Bonanza,L1P,L
AB46F5,N8258Y,PA30,PIPER PA-30 Twin Comanche,L2P,L
AB48F5,N826UP,B350,BEECHCRAFT Super King Air 350,L2T,M
AB4AF5,N827B,BE33,BEECH 33 Bonanza,L1P,L
AB50F5,N8280K,,,,
AB52F5,N829GW,RV10,VANS RV-10,L1P,L
AB53F5,N829TB,BE20,BEECH 200 Super King Air,L2T,M
AB55F5,N8299Z,BT36,BEECH B36TC Bonanza,L1P,L
AB56F5,N83KU,GLST,GLASAIR SH-4 GlaStar,L1P,L
AB57F5,N83W,SF50,CIRRUS SF-50 Vision,L1J,L
AB62F5,N8326C,P28A,PIPER PA-28-140/150/160/180,L1P,L
AB6DF5,N8355A,R22,ROBINSON R-22 Mariner,H1P,L
AB71F5,N8367D,BE35,BEECH 35 Starfire Bonanza,L1P,L
AB73F5,N837SK,CRJ9,BOMBARDIER Regional Jet CRJ-900,L2J,M
AB74F5,N83716,CH7A,BELLANCA 7 Champion,L1P,L
AB76F5,N838KB,H60,SIKORSKY UH-60 Black Hawk,H2T,M
AB7AF5,N839N,E55P,EMBRAER EMB-505 Phenom 300,L2J,M
AB7DF5,N84ES,RV8,VANS RV-8,L1P,L
AB82F5,N8405W,P28A,PIPER PA-28-140/150/160/180,L1P,L
AB85F5,N8410N,BE33,BEECH 33 Bonanza,L1P,L
AB89F5,N8422R,P28A,PIPER PA-28-140/150/160/180,L1P,L
AB8AF5,N84292,CH7A,BELLANCA 7 Champion,L1P,L
AB8DF5,N8434U,C172,CESSNA 172 Skyhawk,L1P,L
AB8EF5,N844CP,T206,CESSNA T206 Turbo Stationair,L1P,L
AB91F5,N8446X,C172,CESSNA 172 Skyhawk,L1P,L
AB94F5,N8451P,PA24,PIPER PA-24 Comanche,L1P,L
AB98F5,N8463S,C182,CESSNA 182 Skylane,L1P,L
AB9AF5,N847MH,EC30,AIRBUS HELICOPTERS EC-130,H1T,L
AB9CF5,N8475V,SS2P,ROCKWELL Thrush Commander,L1P,L
AB9DF5,N848E,LNP4,LANCAIR PropJet 4,L1T,L
AB9FF5,N8480M,C182,CESSNA 182 Skylane,L1P,L
ABA0F5,N8487Y,PA30,PIPER PA-30 Twin Comanche,L2P,L
ABA4F5,N84991,CH7A,BELLANCA 7 Champion,L1P,L
ABA5F5,N85KW,LGEZ,RUTAN Long-EZ,L1P,L
ABA6F5,N85WB,SR22,CIRRUS SR-22,L1P,L
ABA9F5,N85019,CH7A,BELLANCA 7 Champion,L1P,L
ABB0F5,N852YJ,ULAC,,L0-,-
ABB5F5,N8538H,NAVI,NORTH AMERICAN Navion,L1P,L
ABB8F5,N8543,WACO,WACO E/O,L1P,L
ABC5F5,N858KD,DRON,,D0-,-
ABC6F5,N858VK,C172,CESSNA 172 Skyhawk,L1P,L
ABCAF5,N859YH,DHC3,DE HAVILLAND DHC-3 Otter,L1P,L
ABD4F5,N8610Q,BE35,BEECH 35 Starfire Bonanza,L1P,L
ABD8F5,N8622T,C182,CESSNA 182 Skylane,L1P,L
ABDCF5,N8634W,P28B,PIPER PA-28-201T/235/236,L1P,L
ABE3F5,N8651R,GLID,,L0-,-
ABE4F5,N86582,CH7B,BELLANCA 7 Citabria,L1P,L
ABE7F5,N8663U,C172,CESSNA 172 Skyhawk,L1P,L
ABE8F5,N867BD,PA12,PIPER PA-12 Super Cruiser,L1P,L
ABEEF5,N8680P,PA24,PIPER PA-24 Comanche,L1P,L
ABF2F5,N8692S,C150,CESSNA 150,L1P,L
ABF3F5,N86993,BL8,BELLANCA 8 Decathlon,L1P,L
ABF5F5,N87WD,GLF5,GULFSTREAM 5,L2J,M
ABFCF5,N8714D,PA22,PIPER PA-22,L1P,L
AC00F5,N8726G,C150,CESSNA 150,L1P,L
AC04F5,N8738K,B38M,BOEING 737 MAX 8,L2J,M
AC06F5,N874UA,A319,AIRBUS A-319,L2J,M
AC07F5,N8743B,C172,CESSNA 172 Skyhawk,L1P,L
AC08F5,N875AM,B738,BOEING 737-800,L2J,M
AC0BF5,N8755E,P28A,PIPER PA-28-140/150/160/180,L1P,L
AC0FF5,N8767H,NAVI,NORTH AMERICAN Navion,L1P,L
AC11F5,N877SP,BE76,BEECH 76 Duchess,L2P,L
AC15F5,N878VM,SR22,CIRRUS SR-22,L1P,L
AC1BF5,N88EW,PTS2,PITTS S-2 Special,L1P,L
AC1CF5,N88RB,C182,CESSNA 182 Skylane,L1P,L
AC29F5,N883LA,AT5T,AIR TRACTOR AT-504,L1T,L
AC2FF5,N88461,J3,PIPER J-3 Cub,L1P,L
AC33F5,N88584,C421,CESSNA 421 Executive Commuter,L2P,L
AC36F5,N8863W,P28B,PIPER PA-28-201T/235/236,L1P,L
AC38F5,N887MM,GLF5,GULFSTREAM 5,L2J,M
AC3BF5,N888ED,C421,CESSNA 421 Executive Commuter,L2P,L
AC41F5,N8892U,C150,CESSNA 150,L1P,L
AC44F5,N89WF,SRAI,GREAT PLAINS Sonerai,L1P,L
AC4FF5,N8926J,P28A,PIPER PA-28-140/150/160/180,L1P,L
AC62F5,N8979N,PA32,PIPER PA-32,L1P,L
AC67F5,N899NF,S108,STINSON 108 Voyager,L1P,L
AC6AF5,N9EY,RV6,VANS RV-6,L1P,L
AC6BF5,N9RD,WW24,IAI 1124 Westwind,L2J,M
AC6CF5,N90BJ,HUSK,CHRISTEN Husky,L1P,L
AC6FF5,N900JA,C208,CESSNA 208 Caravan,L1T,L
AC72F5,N901AT,BE60,BEECH 60 Duke,L2P,L
AC75F5,N9015L,CH7B,BELLANCA 7 Citabria,L1P,L
AC76F5,N902DR,BE58,BEECH 58 Baron,L2P,L
AC7CF5,N9032F,,,,
AC80F5,N9044J,BALL,,B0-,-
AC82F5,N905NK,A20N,AIRBUS A-320neo,L2J,M
AC84F5,N9056M,C210,CESSNA 201 Centurion,L1P,L
AC87F5,N9061D,PA18,PIPER PA-18 Super Cub,L1P,L
AC88F5,N9068Q,BE35,BEECH 35 Starfire Bonanza,L1P,L
AC8CF5,N908AS,B462,BRITISH AEROSPACE 146-200 Quiet Trader,L4J,M
AC8FF5,N9085K,P28A,PIPER PA-28-140/150/160/180,L1P,L
AC92F5,N9090B,P28A,PIPER PA-28-140/150/160/180,L1P,L
AC97F5,N910PE,CH75,ZENAIR CH-750 Cruzer,L1P,L
AC9AF5,N911FX,AT43,ATR-42-300,L2T,M
AC9DF5,N9119,D25,NEW STANDART D-25,L1P,L
AC9FF5,N912VA,RV12,VANS RV-12,L1P,L
ACA1F5,N913BM,BOLT,STEEN Skybolt,L1P,L
ACA2F5,N913MT,SR22,CIRRUS SR-22,L1P,L
ACA4F5,N91355,BALL,,B0-,-
ACA7F5,N9140X,M20P,MOONEY M-20,L1P,L
ACAAF5,N915TP,F900,DASSAULT Falcon 900,L3J,M
ACACF5,N916A,RV6,VANS RV-6,L1P,L
ACAFF5,N91643,NAVI,NORTH AMERICAN Navion,L1P,L
ACB1F5,N917PD,B429,BELL 429 GlobalRanger,H2T,L
ACB3F5,N91766,NAVI,NORTH AMERICAN Navion,L1P,L
ACBAF5,N91931,C182,CESSNA 182 Skylane,L1P,L
ACBBF5,N92BL,PA31,PIPER PA-31-300/310/325/350/425,L2P,L
ACBCF5,N92MS,P210,CESSNA P210 Centurion,L1P,L
ACBEF5,N920JC,RV6,VANS RV-6,L1P,L
ACC0F5,N9203K,P28R,PIPER PA-28R-180/200/201,L1P,L
ACC1F5,N921AV,,,,
ACC2F5,N921MA,C150,CESSNA 150,L1P,L
ACC7F5,N9220E,M5,MAULE M-5,L1P,L
ACCFF5,N9244L,,,,
ACD3F5,N9256P,,,,
ACD4F5,N926FD,B752,BOEING 757-200,L2J,M
ACD5F5,N926RK,DHC2,DE HAVILLAND DHC-2 Beaver,L1P,L
ACD8F5,N927JB,BE35,BEECH 35 Starfire Bonanza,L1P,L
ACDAF5,N9273J,P28A,PIPER PA-28-140/150/160/180,L1P,L
ACDCF5,N928M,FOX,KITFOX,L1P,L
ACDEF5,N9285M,P28A,PIPER PA-28-140/150/160/180,L1P,L
ACE1F5,N9290D,P32R,PIPER PA-32R-300/301/301T,L1P,L
ACE2F5,N9297Q,P28A,PIPER PA-28-140/150/160/180,L1P,L
ACE5F5,N930DA,DV20,DIAMOND DA-20,L1P,L
ACE6F5,N930PG,SR20,CIRRUS SR-20,L1P,L
ACE8F5,N93069,C152,CESSNA 152,L1P,L
ACF0F5,N933BP,LGEZ,RUTAN Long-EZ,L1P,L
ACF4F5,N934EM,AS50,AEROSPATIALE AS-350 Ecureuil,H1T,L
AD06F5,N9389A,C195,CESSNA 195,L1P,L
AD0AF5,N94BN,RV9,VANS RV-9,L1P,L
AD0CF5,N94Y,VTUR,QUESTAIR Venture,L1P,L
AD11F5,N941MC,XNON,CELIER Xenon,G1P,L
AD13F5,N9415Q,BE33,BEECH 33 Bonanza,L1P,L
AD16F5,N9420G,COY2,RANS Coyote 2,L1P,L
AD1AF5,N9432K,S108,STINSON 108 Voyager,L1P,L
AD1BF5,N9439W,P28B,PIPER PA-28-201T/235/236,L1P,L
AD1CF5,N944KR,H25B,HAWKER BEECHCRAFT Hawker 750/850,L2J,M
AD1FF5,N945CH,H47,BOEING-VERTOL CH-47 Chinook,H2T,M
AD24F5,N946RM,LJ45,LEARJET 45,L2J,M
AD2DF5,N9485P,PA24,PIPER PA-24 Comanche,L1P,L
AD32F5,N95GS,C182,CESSNA 182 Skylane,L1P,L
AD34F5,N950DC,BT36,BEECH B36TC Bonanza,L1P,L
AD37F5,N9507A,C170,CESSNA 170,L1P,L
AD38F5,N951GA,BIPL,EAA Biplane,L1P,L
AD39F5,N951SG,,,,
AD3AF5,N95113,TAYB,TAYLORCRAFT BC/BF/BL,L1P,L
AD3BF5,N9519D,PA22,PIPER PA-22,L1P,L
AD3EF5,N95236,P28A,PIPER PA-28-140/150/160/180,L1P,L
AD48F5,N955TT,,,,
AD49F5,N95524,TAYB,TAYLORCRAFT BC/BF/BL,L1P,L
AD4AF5,N956AD,PA46,PIPER PA-46-310/350,L1P,L
AD4EF5,N957DB,,,,
AD55F5,N9589C,T6,NORTH AMERICAN T-6 Texan,L1P,L
AD58F5,N95935,C182,CESSNA 182 Skylane,L1P,L
AD5AF5,N96MW,ULAC,,L0-,-
AD5CF5,N960JG,GLEX,BOMBARDIER BD-700 Global 6000/6500,L2J,M
AD64F5,N962QC,G164,GRUMMAN G-164 Ag-Cat,L1P,L
AD65F5,N9620J,P28A,PIPER PA-28-140/150/160/180,L1P,L
AD67F5,N963GV,P06T,TECNAM P-2006T,L2P,L
AD68F5,N963TA,C172,CESSNA 172 Skyhawk,L1P,L
AD69F5,N9632M,M20P,MOONEY M-20,L1P,L
AD6DF5,N9644Q,C172,CESSNA 172 Skyhawk,L1P,L
AD6EF5,N965CK,C25A,CESSNA 525A Citation CJ2,L2J,L
AD73F5,N966RP,T18,THORP Tiger,L1P,L
AD7DF5,N969DW,S22T,CIRRUS SR-22T Turbo,L1P,L
AD7FF5,N9690H,C172,CESSNA 172 Skyhawk,L1P,L
AD82F5,N97T,BE65,BEECH 65 Queen Air,L2P,L
AD89F5,N97115,S108,STINSON 108 Voyager,L1P,L
AD8DF5,N97238,C182,CESSNA 182 Skylane,L1P,L
AD94F5,N97403,S108,STINSON 108 Voyager,L1P,L
AD96F5,N975HP,AS50,AEROSPATIALE AS-350 Ecureuil,H1T,L
AD98F5,N97526,S108,STINSON 108 Voyager,L1P,L
AD9BF5,N976WT,C560,CESSNA 560 Citation Ultra,L2J,M
AD9DF5,N977DD,C182,CESSNA 182 Skylane,L1P,L
ADA0F5,N9777B,C180,CESSNA  180 Skywagon,L1P,L
ADA2F5,N978SH,CL35,BOMBARDIER BD-100 Challenger 350,L2J,M
ADA3F5,N97814,C182,CESSNA 182 Skylane,L1P,L
ADA7F5,N97937,S108,STINSON 108 Voyager,L1P,L
ADA8F5,N98BS,G73,GRUMMAN G-73 Mallard,A2P,L
ADAEF5,N981BA,B38M,BOEING 737 MAX 8,L2J,M
ADB1F5,N9815U,AA5,AMERICAN AA-5 Tiger,L1P,L
ADB9F5,N98390,J3,PIPER J-3 Cub,L1P,L
ADBCF5,N9844S,P28A,PIPER PA-28-140/150/160/180,L1P,L
ADC0F5,N9856V,C172,CESSNA 172 Skyhawk,L1P,L
ADC3F5,N9861M,M4,MAULE M-4,L1P,L
ADC7F5,N9873Q,C172,CESSNA 172 Skyhawk,L1P,L
ADC8F5,N988B,B06,BELL 206 JetRanger,H1T,L
ADCEF5,N9890K,P28R,PIPER PA-28R-180/200/201,L1P,L
ADD1F5,N99TB,PA31,PIPER PA-31-300/310/325/350/425,L2P,L
ADD2F5,N990DG,M20P,MOONEY M-20,L1P,L
ADD7F5,N991SL,PA11,PIPER PA-11 Cub Special,L1P,L
ADDAF5,N992KC,R22,ROBINSON R-22 Mariner,H1P,L
ADE6F5,N995TX,BE20,BEECH 200 Super King Air,L2T,M
ADEBF5,N9965A,C170,CESSNA 170,L1P,L
ADEDF5,N997PM,B06,BELL 206 JetRanger,H1T,L
ADEFF5,N9977D,PA22,PIPER PA-22,L1P,L
ADF2F5,N99816,ERCO,AIR PRODUCTS F-1 Aircoupe,L1P,L
ADF4F5,N999KB,C182,CESSNA 182 Skylane,L1P,L
ADF5F5,N999VH,M7,MAULE M-7,L1P,L
ADF6F5,N99939,ERCO,AIR PRODUCTS F-1 Aircoupe,L1P,L
ADFCF5,95-0041,BE40,BEECH 400 Beechjet,L2J,M
ADFFF5,68-8217,T38,NORTHROP T-38 Talon,L2J,L
AE00F5,62-3632,T38,NORTHROP T-38 Talon,L2J,L
AE01F5,98-3029,TEX2,BEECHCRAFT T-6 Texan 2,L1T,L
AE02F5,85-1365,C130,LOCKHEED C-130 Hercules,L4T,M
AE03F5,84-00178,BE20,BEECH 200 Super King Air,L2T,M
AE04F5,58-0050,K35R,BOEING KC-135R/T Stratotanker,L4J,H
AE07F5,97-0043,C17,BOEING C-17 Globemaster 3,L4J,H
AE09F5,82-23726,H60,SIKORSKY UH-60 Black Hawk,H2T,M
AE0AF5,85-24456,H60,SIKORSKY UH-60 Black Hawk,H2T,M
AE0CF5,89-26127,H60,SIKORSKY UH-60 Black Hawk,H2T,M
AE0DF5,97-26754,H60,SIKORSKY UH-60 Black Hawk,H2T,M
AE0EF5,82-23672,H60,SIKORSKY UH-60 Black Hawk,H2T,M
AE10F5,01-3601,TEX2,BEECHCRAFT T-6 Texan 2,L1T,L
AE13F5,05-3766,TEX2,BEECHCRAFT T-6 Texan 2,L1T,L
AE16F5,91-0352,F16,GENERAL DYNAMICS F-16 Fighting Falcon,L1J,M
AE17F5,05-20004,H60,SIKORSKY UH-60 Black Hawk,H2T,M
AE18F5,79-0111,A10,FAIRCHILD A-10 Thunderbolt II,L2J,M
AE1BF5,07-46312,C30J,LOCKHEED MARTIN C-130J Super Hercules,L4T,M
AE1FF5,12-72230,EC45,AIRBUS HELICOPTERS EC-145,H2T,L
AE26F5,90-0800,F16,GENERAL DYNAMICS F-16 Fighting Falcon,L1J,M
AE27F5,6004,H60,SIKORSKY UH-60 Black Hawk,H2T,M
AE2EF5,166120,TEX2,BEECHCRAFT T-6 Texan 2,L1T,L
AE47F5,07-20056,H60,SIKORSKY UH-60 Black Hawk,H2T,M
AE4AF5,08-5675,C30J,LOCKHEED MARTIN C-130J Super Hercules,L4T,M
AE4CF5,08-08750,H47,BOEING-VERTOL CH-47 Chinook,H2T,M
AE52F5,12-08101,H47,BOEING-VERTOL CH-47 Chinook,H2T,M
AE54F5,166227,TEX2,BEECHCRAFT T-6 Texan 2,L1T,L
AE58F5,166256,TEX2,BEECHCRAFT T-6 Texan 2,L1T,L
AE59F5,16-08198,H47,BOEING-VERTOL CH-47 Chinook,H2T,M
AE5BF5,16-03082,H64,MCDONNELL DOUGLAS AH-64 Apache,H2T,M
AE5CF5,91-26358,H60,SIKORSKY UH-60 Black Hawk,H2T,M
AE60F5,162635,T34T,BEECH T-34C Turbo Mentor,L1T,L
AE63F5,62-3615,T38,NORTHROP T-38 Talon,L2J,L
AE65F5,18-03227,H64,MCDONNELL DOUGLAS AH-64 Apache,H2T,M
C000F5,C-FAJK,R44,ROBINSON R-44 Raven,H1P,L
C001F5,C-FATG,DH82,DE HAVILLAND DH-82 Tiger Moth,L1P,L
C002F5,C-FBDC,GLID,,L0-,-
C003F5,C-FBMY,GYRO,,G0-,-
C004F5,C-FBWU,C172,CESSNA 172 Skyhawk,L1P,L
C005F5,C-FCGQ,B06,BELL 206 JetRanger,H1T,L
C006F5,C-FCQM,PA22,PIPER PA-22,L1P,L
C007F5,C-FDAI,ZZZZ,,-0-,-
C008F5,C-FDKE,C150,CESSNA 150,L1P,L
C00AF5,C-FEDW,B14A,BELLANCA 14,L1P,L
C00BF5,C-FENS,CNUK,FLEET 80 Canuck,L1P,L
C00CF5,C-FEXO,C208,CESSNA 208 Caravan,L1T,L
C00EF5,C-FFRG,P28A,PIPER PA-28-140/150/160/180,L1P,L
C00FF5,C-FGBC,RBEL,MURPHY Rebel,L1P,L
C010F5,C-FGKY,BE17,BEECH 17 Staggerwing,L1P,L
C011F5,C-FGUU,C185,CESSNA 185 Skywagon,L1P,L
C012F5,C-FHEQ,RV6,VANS RV-6,L1P,L
C013F5,C-FHOM,L8,LUSCOMBE 8,L1P,L
C014F5,C-FHYI,AVID,AVID Flyer,L1P,L
C015F5,C-FIIE,S108,STINSON 108 Voyager,L1P,L
C016F5,C-FISA,AA1,AMERICAN AA-1,L1P,L
C017F5,C-FJBW,PA18,PIPER PA-18 Super Cub,L1P,L
C018F5,C-FJLS,C210,CESSNA 201 Centurion,L1P,L
C019F5,C-FJVO,C180,CESSNA  180 Skywagon,L1P,L
C01DF5,C-FLIY,A748,AVRO 748,L2T,M
C01EF5,C-FLSU,A320,AIRBUS A-320,L2J,M
C01FF5,C-FMCQ,ZZZZ,,-0-,-
C020F5,C-FMMM,M20P,MOONEY M-20,L1P,L
C021F5,C-FMWI,PA12,PIPER PA-12 Super Cruiser,L1P,L
C022F5,C-FNGE,PC12,PILATUS PC-12,L1T,L
C023F5,C-FNQA,AT5T,AIR TRACTOR AT-504,L1T,L
C025F5,C-FOJS,KTOO,AMAX Karatoo,L1P,L
C027F5,C-FPDK,PA31,PIPER PA-31-300/310/325/350/425,L2P,L
C028F5,C-FPNG,PC12,PILATUS PC-12,L1T,L
C029F5,C-FPXC,CRER,RANS Courier,L1P,L
C02AF5,C-FQGY,EN28,ENSTROM F-28,H1P,L
C02BF5,C-FQQU,P28A,PIPER PA-28-140/150/160/180,L1P,L
C02CF5,C-FRAQ,GLID,,L0-,-
C02DF5,C-FRKM,R44,ROBINSON R-44 Raven,H1P,L
C02FF5,C-FSEE,PA22,PIPER PA-22,L1P,L
C030F5,C-FSOA,C140,CESSNA 140,L1P,L
C031F5,C-FSXW,C150,CESSNA 150,L1P,L
C032F5,C-FTHS,MR35,MURPHY SR-3500 Super Rebel,L1P,L
C033F5,C-FTRO,DHC2,DE HAVILLAND DHC-2 Beaver,L1P,L
C034F5,C-FUBK,BK17,EUROCOPTER BK117 C-1/2,H2T,L
C038F5,C-FVOU,P28A,PIPER PA-28-140/150/160/180,L1P,L
C03AF5,C-FWIM,RV6,VANS RV-6,L1P,L
C03BF5,C-FWSI,B737,BOEING 737-700,L2J,M
C03DF5,C-FXMA,ERCO,AIR PRODUCTS F-1 Aircoupe,L1P,L
C03EF5,C-FXVW,J3,PIPER J-3 Cub,L1P,L
C040F5,C-FYPO,SS2P,ROCKWELL Thrush Commander,L1P,L
C041F5,C-FYZK,B412,BELL 412,H2T,L
C042F5,C-FZJG,C150,CESSNA 150,L1P,L
C044F5,C-GACY,C150,CESSNA 150,L1P,L
C045F5,C-GAMU,R44,ROBINSON R-44 Raven,H1P,L
C047F5,C-GBGM,C150,CESSNA 150,L1P,L
C048F5,C-GBQI,BE23,BEECH 23 Sundowner,L1P,L
C049F5,C-GCAE,P28A,PIPER PA-28-140/150/160/180,L1P,L
C04AF5,C-GCKA,C172,CESSNA 172 Skyhawk,L1P,L
C04BF5,C-GCTW,B14A,BELLANCA 14,L1P,L
C04CF5,C-GDDS,,,,
C04DF5,C-GDNO,C185,CESSNA 185 Skywagon,L1P,L
C04FF5,C-GEHG,PA22,PIPER PA-22,L1P,L
C050F5,C-GERC,ULAC,,L0-,-
C051F5,C-GFAY,R22,ROBINSON R-22 Mariner,H1P,L
C054F5,C-GGEM,DFLY,VIKING Dragonfly,L1P,L
C055F5,C-GGOI,DH8D,DE HAVILLAND DHC-8-400 Dash 8,L2T,M
C056F5,C-GGYE,P28A,PIPER PA-28-140/150/160/180,L1P,L
C057F5,C-GHIA,C182,CESSNA 182 Skylane,L1P,L
C058F5,C-GHRW,EXEC,ROTORWAY Exec,H1P,L
C059F5,C-GIBS,B06,BELL 206 JetRanger,H1T,L
C05BF5,C-GIVK,C185,CESSNA 185 Skywagon,L1P,L
C05CF5,C-GJFG,GALX,GULFSTREAM G200,L2J,M
C05DF5,C-GJPC,AS50,AEROSPATIALE AS-350 Ecureuil,H1T,L
C05EF5,C-GJYY,C172,CESSNA 172 Skyhawk,L1P,L
C060F5,C-GKSQ,DH8C,DE HAVILLAND DHC-8-300 Dash 8,L2T,M
C061F5,C-GLCM,C150,CESSNA 150,L1P,L
C062F5,C-GLMI,C680,CESSNA 680 Citation Sovereign,L2J,M
C063F5,C-GLWE,C172,CESSNA 172 Skyhawk,L1P,L
C064F5,C-GMGA,B190,BEECH 1900,L2T,M
C065F5,C-GMPW,PC12,PILATUS PC-12,L1T,L
C066F5,C-GMZS,PA18,PIPER PA-18 Super Cub,L1P,L
C067F5,C-GNJO,,,,
C069F5,C-GODG,AS55,AEROSPATIALE AS-355 Ecureuil 2,H2T,L
C06AF5,C-GONC,AA5,AMERICAN AA-5 Tiger,L1P,L
C06CF5,C-GPGU,BALL,,B0-,-
C06DF5,C-GPQQ,P32R,PIPER PA-32R-300/301/301T,L1P,L
C06FF5,C-GQKI,C172,CESSNA 172 Skyhawk,L1P,L
C070F5,C-GQUE,H269,HUGHES Sky Knight,H1P,L
C071F5,C-GREA,H269,HUGHES Sky Knight,H1P,L
C072F5,C-GRNW,S58T,SIKORSKY S-58T,H1T,L
C074F5,C-GSHO,GLAS,Glasair,L1P,L
C076F5,C-GTBG,AT3P,AIR TRACTOR AT-301/401,L1P,L
C077F5,C-GTLC,AS55,AEROSPATIALE AS-355 Ecureuil 2,H2T,L
C078F5,C-GTUY,BALL,,B0-,-
C07AF5,C-GUOQ,PA22,PIPER PA-22,L1P,L
C07BF5,C-GUYM,RV4,VANS RV-4,L1P,L
C07CF5,C-GVII,B06,BELL 206 JetRanger,H1T,L
C07DF5,C-GVSE,BE55,BEECH 55 Baron,L2P,L
C07FF5,C-GWLW,PA31,PIPER PA-31-300/310/325/350/425,L2P,L
C081F5,C-GXFO,C172,CESSNA 172 Skyhawk,L1P,L
C082F5,C-GXPK,C177,CESSNA  177 Cardinal,L1P,L
C084F5,C-GYJC,H500,HUGHES 500,H1T,L
C085F5,C-GYSY,GLID,,L0-,-
C087F5,C-GZMQ,C172,CESSNA 172 Skyhawk,L1P,L
C088F5,C-GZWM,ACRO,ACRO SPORT 1,L1P,L
C089F5,C-IAGI,,,,
C08BF5,C-IBAA,ULAC,,L0-,-
C08CF5,C-IBJW,ULAC,,L0-,-
C08DF5,C-IBTS,ULAC,,L0-,-
C08EF5,C-ICDO,,,,
C091F5,C-IDHC,BEVR,ASAP Beaver,L1P,L
C092F5,C-IDQY,,,,
C094F5,C-IEKQ,,,,
C095F5,C-IEUM,ULAC,,L0-,-
C096F5,C-IFEI,ULAC,,L0-,-
C097F5,C-IFOE,,,,
C098F5,C-IFYA,PARA,,P0-,-
C099F5,C-IGHW,,,,
C09AF5,C-IGRS,EPER,Epervier,L1P,L
C0A2F5,C-IJSM,ULAC,,L0-,-
C0A3F5,C-IKCI,PARA,,P0-,-
C0A4F5,C-IKME,PARA,,P0-,-
C0A5F5,C-IKWA,PARA,,P0-,-
C0A6F5,C-ILFW,PARA,,P0-,-
C0A8F5,C-ILZO,,,,
C0A9F5,C-IMJK,EVSS,EVEKTOR SportStar,L1P,L
C0AAF5,C-IMTG,MAME,BLUE YONDER Merlin,L1P,L
C0B9F5,C-ISKY,,,,
C0BCF5,C-ITOM,ULAC,,L0-,-
C1E4F5,SERV,SERV,,V0-,-
C2B3F5,177704,C17,BOEING C-17 Globemaster 3,L4J,H
C802F5,ZK-DJL,C77R,CESSNA 177RG Cardinal RG,L1P,L
C803F5,ZK-EHH,C172,CESSNA 172 Skyhawk,L1P,L
C809F5,ZK-CKZ,C182,CESSNA 182 Skylane,L1P,L
C80BF5,ZK-NMD,NOMA,GAF N22/24 Nomad,L2T,L
C80CF5,ZK-FVA,AA1,AMERICAN AA-1,L1P,L
C814F5,ZK-PXB,PULS,Pulsar,L1P,L
C815F5,ZK-GPO,GLID,,L0-,-
C816F5,ZK-IGC,R44,ROBINSON R-44 Raven,H1P,L
C817F5,ZK-HVK,H269,HUGHES Sky Knight,H1P,L
C818F5,ZK-IXG,R44,ROBINSON R-44 Raven,H1P,L
C81BF5,ZK-PDR,SR22,CIRRUS SR-22,L1P,L
C81CF5,ZK-DCL,BL8,BELLANCA 8 Decathlon,L1P,L
C81FF5,ZK-CHB,COY2,RANS Coyote 2,L1P,L
C820F5,ZK-YGG,CDUS,AUTOGYRO Calidus,G1P,L
C821F5,ZK-HFF,AS50,AEROSPATIALE AS-350 Ecureuil,H1T,L
C822F5,ZK-HBH,A109,AGUSTA AW-109 Grand,H2T,L
C824F5,ZK-HJW,EC30,AIRBUS HELICOPTERS EC-130,H1T,L
C827F5,ZK-ZOL,CTAH,RAINBOW SKYREACH Cheetah,L1P,L
C828F5,ZK-LDJ,PTS2,PITTS S-2 Special,L1P,L
E481F5,PR-LCV,S76,SIKORSKY S-76 Spirit,H2T,L
E484F5,PT-SVB,A109,AGUSTA AW-109 Grand,H2T,L
E486F5,PR-HTM,TBM8,SOCATA TBM-850,L1T,L
E48DF5,PT-MUJ,B77W,BOEING 777-300ER,L2J,H
E48EF5,PP-JEL,E50P,EMBRAER EMB-500 Phenom 100,L2J,L
E48FF5,2320,E110,EMBRAER EMB-110 Bandeirante,L2T,L
E490F5,PR-PPG,LJ40,LEARJET 40,L2J,M
E491F5,PP-XSO,RV10,VANS RV-10,L1P,L
E493F5,PT-LNL,BE35,BEECH 35 Starfire Bonanza,L1P,L
E494F5,PR-TOG,B350,BEECHCRAFT Super King Air 350,L2T,M
E495F5,PP-NTB,R66,ROBINSON R-66,H1T,L
E496F5,PT-RFR,PAT4,PIPER PA-31T3-500,L2T,L
E498F5,PS-SCC,C25B,CESSNA 525B Citation CJ3,L2J,L
E808F5,CC-PYS,C303,CESSNA T303 Crusader,L2P,L
E880F5,ZP-BNS,BE58,BEECH 58 Baron,L2P,L
E88EF5,ZP-BBP,BE55,BEECH 55 Baron,L2P,L
E941F5,CP-2863,BE30,BEECH 300 Super King Air,L2T,L
