008CFA,ZS-EXD,M20P,MOONEY M-20,L1P,L
008FFA,ZS-GAR,A320,AIRBUS A-320,L2J,M
0091FA,ZS-GUJ,DG50,DG FLUGZEUGBAU DG-500M,L1P,L
009AFA,ZS-KEZ,C172,CESSNA 172 Skyhawk,L1P,L
009FFA,ZS-MCF,HUSK,CHRISTEN Husky,L1P,L
00A3FA,ZS-SMF,GLEX,BOMBARDIER BD-700 Global 6000/6500,L2J,M
00A6FA,ZS-OTD,E120,EMBRAER EMB-120 Brasilia,L2T,M
00ACFA,ZS-RAF,BE20,BEECH 200 Super King Air,L2T,M
0101FA,SU-AAF,A320,AIRBUS A-320,L2J,M
0200FA,CN-SSH,E35L,EMBRAER EMB-135 Legacy,L2J,M
06A0FA,A7-ALF,A359,AIRBUS A-350-900,L2J,H
0703FA,6V-SEN,A20N,AIRBUS A-320neo,L2J,M
0741FA,SY-011,D228,DORNIER 228,L2T,L
0900FA,H-901,A139,AGUSTA AW-139,H2T,L
0AC3FA,HK-5279,BE9L,BEECH 90 King Air,L2T,L
0B05FA,CU-T1530,AN2,ANTONOV An-2,L1P,L
0D03FA,XB-KMS,SR22,CIRRUS SR-22,L1P,L
0D04FA,XB-LWR,BE9L,BEECH 90 King Air,L2T,L
0D07FA,XA-BZN,BE40,BEECH 400 Beechjet,L2J,M
1059FA,GND,GND,,V0-,-
140FFA,RA-04090,EC35,AIRBUS HELICOPTERS EC-135/635,H2T,L
142AFA,RA-11002,GLF4,GULFSTREAM 4,L2J,M
14FBFA,RA-64506,T204,TUPOLEV Tu-204/214/224/234,L2J,M
151CFA,RA-72954,,,,
151DFA,RA-73210,A319,AIRBUS A-319,L2J,M
151EFA,RA-73466,A21N,AIRBUS A-321neo,L2J,M
151FFA,RA-73722,A321,AIRBUS A-321,L2J,M
152AFA,RA-76538,,,,
1533FA,RA-78842,IL76,ILYUSHIN Il-76/82,L4J,H
155BFA,RA-89082,SU95,SUKHOI Superjet 100-95,L2J,M
3005FA,I-PEBX,EC45,AIRBUS HELICOPTERS EC-145,H2T,L
3006FA,I-RVAG,RV7,VANS RV-7,L1P,L
3007FA,I-MISS,C172,CESSNA 172 Skyhawk,L1P,L
3008FA,I-KKVB,PA34,PIPER PA-34 Seneca,L2P,L
31DBFA,I-B464,HN70,NICOLLIER Menestrel 2,L1P,L
31DDFA,I-D253,UHEL,,H0-,-
31FEFA,I-RAIN,A139,AGUSTA AW-139,H2T,L
3801FA,F-WWID,A20N,AIRBUS A-320neo,L2J,M
3802FA,F-WWKO,A332,AIRBUS A-330-200,L2J,H
3806FA,F-WWJV,F2TH,DASSAULT Falcon 2000,L2J,M
380AFA,F-WWCG,A332,AIRBUS A-330-200,L2J,H
380CFA,F-WWCX,A332,AIRBUS A-330-200,L2J,H
380DFA,F-WWBH,A20N,AIRBUS A-320neo,L2J,M
380EFA,F-WWBQ,A20N,AIRBUS A-320neo,L2J,M
380FFA,F-WWBZ,A21N,AIRBUS A-321neo,L2J,M
3810FA,F-WWDI,A20N,AIRBUS A-320neo,L2J,M
3811FA,F-WWDQ,A20N,AIRBUS A-320neo,L2J,M
3812FA,F-WWDZ,A20N,AIRBUS A-320neo,L2J,M
3816FA,F-WWEI,AT76,ATR-72-600,L2T,M
3817FA,F-WWEQ,AT76,ATR-72-600,L2T,M
3818FA,F-WWEY,AT76,ATR-72-600,L2T,M
3819FA,F-WWLH,AT46,ATR-42-600,L2T,M
381CFA,F-WWHF,FA7X,DASSAULT Falcon 7X,L3J,M
3820FA,F-WWFM,F900,DASSAULT Falcon 900,L3J,M
3823FA,F-WWFV,F900,DASSAULT Falcon 900,L3J,M
3824FA,F-WWVD,FA7X,DASSAULT Falcon 7X,L3J,M
3825FA,F-WWVL,FA8X,DASSAULT Falcon 8X,L3J,M
3826FA,F-WWVT,FA8X,DASSAULT Falcon 8X,L3J,M
3827FA,F-WWYB,A359,AIRBUS A-350-900,L2J,H
3829FA,F-WWYQ,A332,AIRBUS A-330-200,L2J,H
382AFA,F-WWYZ,A332,AIRBUS A-330-200,L2J,H
382DFA,F-WWOS,H160,AIRBUS HELICOPTERS H-160,H2T,L
3835FA,F-WWTM,A20N,AIRBUS A-320neo,L2J,M
3836FA,F-WWTU,A20N,AIRBUS A-320neo,L2J,M
3837FA,F-WWGG,F2TH,DASSAULT Falcon 2000,L2J,M
3838FA,F-WWGE,F2TH,DASSAULT Falcon 2000,L2J,M
3839FA,F-WWGR,F2TH,DASSAULT Falcon 2000,L2J,M
383CFA,F-WWRP,TBM9,SOCATA TBM-900/910/930/940,L1T,L
3847FA,F-WWMT,A400,AIRBUS A-400M,L4T,H
3849FA,F-WWQJ,FA8X,DASSAULT Falcon 8X,L3J,M
384DFA,F-WWDW,A359,AIRBUS A-350-900,L2J,H
3AABFA,156,TBM7,SOCATA TBM-700A/B/C,L1T,L
3B75FA,709FG,PC21,PILATUS PC-21,L1T,L
3B77FA,95,TBM7,SOCATA TBM-700A/B/C,L1T,L
3B9BFA,2,E2,NORTHROP GRUMMAN E-2 Hawkeye,L2T,M
3C5EFA,D-AGWZ,A319,AIRBUS A-319,L2J,M
3C64FA,D-AIGZ,A343,AIRBUS A-340-300,L4J,H
3D04FA,D-EADE,M7,MAULE M-7,L1P,L
3D05FA,D-EANA,A210,AQUILA A-210,L1P,L
3D06FA,D-EAWW,P28R,PIPER PA-28R-180/200/201,L1P,L
3D07FA,D-EBGS,DR40,ROBIN DR-400,L1P,L
3D09FA,D-ECAK,EVSS,EVEKTOR SportStar,L1P,L
3D0AFA,D-ECKG,C182,CESSNA 182 Skylane,L1P,L
3D0BFA,D-ECUC,CH7A,BELLANCA 7 Champion,L1P,L
3D0CFA,D-EDDY,DO27,DORNIER Do-27,L1P,L
3D0DFA,D-EDNU,DO27,DORNIER Do-27,L1P,L
3D0EFA,D-EDXQ,P28U,PIPER PA-28RT-201T Turbo,L1P,L
3D0FFA,D-EEHM,AA5,AMERICAN AA-5 Tiger,L1P,L
3D10FA,D-EERI,P28S,PIPER PA-28R-201T,L1P,L
3D11FA,D-EFBE,PA18,PIPER PA-18 Super Cub,L1P,L
3D12FA,D-EFLA,TOBA,SOCATA Tobago,L1P,L
3D16FA,D-EGYK,RALL,SOCATA Rallye,L1P,L
3D17FA,D-EHIG,P28U,PIPER PA-28RT-201T Turbo,L1P,L
3D19FA,D-EIBY,HR10,ROBIN HR-100,L1P,L
3D1AFA,D-EILU,PA38,PIPER PA-38 Tomahawk,L1P,L
3D20FA,D-EKSW,DR40,ROBIN DR-400,L1P,L
3D21FA,D-ELCS,C182,CESSNA 182 Skylane,L1P,L
3D22FA,D-ELMO,DR10,CENTRE EST Ambassadeur,L1P,L
3D23FA,D-ELWK,M20T,MOONEY M-20T,L1P,L
3D26FA,D-EMZY,P28A,PIPER PA-28-140/150/160/180,L1P,L
3D27FA,D-ENJU,RALL,SOCATA Rallye,L1P,L
3D29FA,D-EODM,DR30,CENTRE EST Prince,L1P,L
3D2CFA,D-EPHA,P28U,PIPER PA-28RT-201T Turbo,L1P,L
3D2EFA,D-EQAS,BE35,BEECH 35 Starfire Bonanza,L1P,L
3D31FA,D-EREG,FDCT,FLIGHT DESIGN CT,L1P,L
3D32FA,D-EROC,DV20,DIAMOND DA-20,L1P,L
3D37FA,D-ETLI,FOX,KITFOX,L1P,L
3D3DFA,D-EVSK,DA40,DIAMOND DA-40 Club Star,L1P,L
3D3FFA,D-EWMC,P32R,PIPER PA-32R-300/301/301T,L1P,L
3D46FA,D-EZDA,C150,CESSNA 150,L1P,L
3D64FA,D-FKMK,P46T,PIPER PA-46-500TP,L1T,L
3D98FA,D-GEEK,P68,PARTENAVIA P-68 Observer,L2P,L
3DD2FA,D-HADM,EC45,AIRBUS HELICOPTERS EC-145,H2T,L
3DD3FA,D-HANI,B407,BELL 407,H1T,L
3DE0FA,D-HFLI,H269,HUGHES Sky Knight,H1P,L
3E22FA,D-IELE,BE20,BEECH 200 Super King Air,L2T,M
3E5CFA,D-KAKG,GLID,,L0-,-
3E5DFA,D-KAUC,DIMO,DIAMOND H-36 Dimona,L1P,L
3E61FA,D-KCHM,AS22,SCHLEICHER ASW-22,L1P,L
3E64FA,D-KDLA,G109,GROB G-109,L1P,L
3E66FA,D-KEES,AS29,SCHLEICHER ASG-29,L1P,L
3E67FA,D-KEOO,GLID,,L0-,-
3E6AFA,D-KFSC,AS31,SCHLEICHER ASH-31,L1P,L
3E6EFA,D-KHFM,AS25,SCHLEICHER ASH-25,L1P,L
3E76FA,D-KKGG,TFUN,VALENTIN Taifun,L1P,L
3EC0FA,D-KOAS,G109,GROB G-109,L1P,L
3EC1FA,D-KOKO,RF5,FOURNIER RF-5,L1P,L
3EC8FA,D-KRBM,DIMO,DIAMOND H-36 Dimona,L1P,L
3ECEFA,D-KTIO,SF25,SCHEIBE SF-25 Falke,L1P,L
3EE1FA,D-0355,GLID,,L0-,-
3EE3FA,D-0867,GLID,,L0-,-
3EE4FA,D-1123,GLID,,L0-,-
3EEBFA,D-2915,GLID,,L0-,-
3EF1FA,D-4451,,,,
3EFAFA,D-6755,DUOD,SCHEMPP-HIRTH Duo Discus,L1P,L
3EFBFA,D-7011,GLID,,L0-,-
3F28FA,D-OBKS,BALL,,B0-,-
3F47FA,76+03,EC45,AIRBUS HELICOPTERS EC-145,H2T,L
3F81FA,79+38,NH90,NHI NH-90,H2T,M
3FE9FA,D-MKNO,FDCT,FLIGHT DESIGN CT,L1P,L
3FEBFA,D-MDFF,C42,IKARUS C-42 Bison,L1P,L
3FEDFA,D-MFCS,MT,ROTORSPORT MTOSport,G1P,L
3FEEFA,D-MRHA,FK9,B&F TECHNIK FK-9,L1P,L
3FEFFA,D-MCAL,GYRO,,G0-,-
3FF0FA,D-MPCO,MD3R,FLYITALIA MD-3 Rider ,L1P,L
3FF1FA,D-MCVK,PIVI,PIPSTREL Virus,L1P,L
3FF2FA,D-MRKE,C42,IKARUS C-42 Bison,L1P,L
3FF4FA,D-MUWP,UF13,URBAN UFM-13 Lambada,L1P,L
3FF7FA,D-MXPT,ULAC,,L0-,-
4007FA,G-YMMO,B772,BOEING 777-200,L2J,H
400CFA,G-BSPG,PA34,PIPER PA-34 Seneca,L2P,L
400DFA,G-BXOZ,P28A,PIPER PA-28-140/150/160/180,L1P,L
400EFA,G-EEEK,E200,EXTRA EA-200,L1P,L
400FFA,G-BRDW,PA24,PIPER PA-24 Comanche,L1P,L
4011FA,G-IFIT,PA31,PIPER PA-31-300/310/325/350/425,L2P,L
4014FA,G-APVS,C170,CESSNA 170,L1P,L
4015FA,G-OWRT,C182,CESSNA 182 Skylane,L1P,L
4017FA,G-AXBJ,C172,CESSNA 172 Skyhawk,L1P,L
4018FA,G-AYUH,P28A,PIPER PA-28-140/150/160/180,L1P,L
401AFA,G-BBNT,PA31,PIPER PA-31-300/310/325/350/425,L2P,L
401BFA,G-BDKW,AC11,NORTH AMERICAN ROCKWELL Commander 112/114,L1P,L
401CFA,G-BFIE,C150,CESSNA 150,L1P,L
401EFA,G-BIID,PA18,PIPER PA-18 Super Cub,L1P,L
401FFA,G-BJYD,C152,CESSNA 152,L1P,L
4020FA,G-BPCA,BN2P,BRITTEN-NORMAN BN-2 Islander,L2P,L
4021FA,G-IFLI,AA5,AMERICAN AA-5 Tiger,L1P,L
4024FA,G-BIJU,CP30,PIEL Emeraude,L1P,L
403EFA,G-BYEH,D250,CENTRE EST DR-250 Capitaine,L1P,L
403FFA,G-MZNB,ULAC,,L0-,-
4049FA,G-CCJK,YK52,YAKOVLEV Yak-52,L1P,L
404CFA,G-KMRV,RV9,VANS RV-9,L1P,L
4050FA,G-KOBH,DISC,SCHEMPP-HIRTH Discus,L1P,L
4058FA,G-DCMG,GLID,,L0-,-
4059FA,G-FBEK,E190,EMBRAER ERJ-190-100,L2J,M
405BFA,G-DDBC,GLID,,L0-,-
405DFA,G-CGAP,VENT,SCHEMPP-HIRTH Ventus,L1P,L
4060FA,G-ULTA,BALL,,B0-,-
4061FA,G-SBDB,G3,REMOS Mirage,L1P,L
4062FA,G-JFAN,ULAC,,L0-,-
4063FA,G-TIFG,C42,IKARUS C-42 Bison,L1P,L
4065FA,G-EJHH,GLID,,L0-,-
4066FA,G-GDFG,B733,BOEING 737-300,L2J,M
4067FA,G-SIXG,MT,ROTORSPORT MTOSport,G1P,L
4069FA,G-CRZR,CRUZ,CSA PS-28 Cruiser,L1P,L
406CFA,G-CLOG,GLID,,L0-,-
406DFA,G-GLSA,EV97,EVEKTRO EV-97 EuroStar,L1P,L
406FFA,G-CIXD,BALL,,B0-,-
4070FA,G-MATH,AS50,AEROSPATIALE AS-350 Ecureuil,H1T,L
4071FA,G-CJLI,P28A,PIPER PA-28-140/150/160/180,L1P,L
4073FA,G-BVZY,M20P,MOONEY M-20,L1P,L
4074FA,G-CKUV,ZZZZ,,-0-,-
4075FA,G-CKZE,ULAC,,L0-,-
4077FA,G-CLFG,TL30,TL ULTRALIGHT TL-3000 Sirius,L1P,L
4078FA,G-NHVU,EC75,AIRBUS HELICOPTERS EC-175,H2T,M
407CFA,G-CROS,RJ85,AVRO RJ-85 Avroliner,L4J,M
4242FA,VP-BWS,A321,AIRBUS A-321,L2J,M
4243FA,VQ-BWY,B748,BOEING 747-8,L4J,H
424BFA,M-AWOL,A119,AGUSTA AW-119 Koala,H1T,L
43C1FA,ZJ134,EH10,AGUSTA WESTLAND EH-101 Merlin,H3T,M
43C2FA,XX453,GAZL,AEROSPATIALE SA-341 Gazelle,H1T,L
43C5FA,ZH903,H47,BOEING-VERTOL CH-47 Chinook,H2T,M
43C6FA,ZZ337,A332,AIRBUS A-330-200,L2J,H
43C8FA,ZM532,EC35,AIRBUS HELICOPTERS EC-135/635,H2T,L
43E7FA,M-IPHS,GLF5,GULFSTREAM 5,L2J,M
43EAFA,M-SURE,FA7X,DASSAULT Falcon 7X,L3J,M
43ECFA,2-PASD,DA40,DIAMOND DA-40 Club Star,L1P,L
43EDFA,2-FALB,E170,EMBRAER ERJ-170-100,L2J,M
4400FA,OE-XWM,EC35,AIRBUS HELICOPTERS EC-135/635,H2T,L
4401FA,OE-IVW,A320,AIRBUS A-320,L2J,M
4403FA,OE-9218,DIMO,DIAMOND H-36 Dimona,L1P,L
4404FA,OE-9439,DIMO,DIAMOND H-36 Dimona,L1P,L
4406FA,OE-ECG,P46T,PIPER PA-46-500TP,L1T,L
4407FA,OE-9461,AS26,SCHLEICHER ASH-26,L1P,L
44A9FA,OO-JOZ,DA40,DIAMOND DA-40 Club Star,L1P,L
44D5FA,OO-UOZ,HR10,ROBIN HR-100,L1P,L
4588FA,OY-BGZ,P28A,PIPER PA-28-140/150/160/180,L1P,L
45C1FA,OY-POZ,P28A,PIPER PA-28-140/150/160/180,L1P,L
4601FA,OH-ATM,AT75,ATR-72-500,L2T,M
4690FA,SX-DGZ,A320,AIRBUS A-320,L2J,M
4702FA,HA-BDI,C182,CESSNA 182 Skylane,L1P,L
470BFA,HA-ENY,P06T,TECNAM P-2006T,L2P,L
471EFA,HA-LTA,A321,AIRBUS A-321,L2J,M
4785FA,LN-BGA,P28A,PIPER PA-28-140/150/160/180,L1P,L
47ADFA,LN-IFI,P28A,PIPER PA-28-140/150/160/180,L1P,L
4840FA,PH-EFA,C172,CESSNA 172 Skyhawk,L1P,L
4844FA,PH-DTS,DA42,DIAMOND DA-42 Guardian,L2P,L
4845FA,PH-AED,P28A,PIPER PA-28-140/150/160/180,L1P,L
4849FA,PH-ATN,BALL,,B0-,-
484AFA,PH-JEF,BALL,,B0-,-
484CFA,PH-4G2,ULAC,,L0-,-
484DFA,PH-4D5,ECHO,TECNAM P-92 Echo,L1P,L
4850FA,PH-RLB,SB91,SAAB 91 Safir,L1P,L
4851FA,PH-RIW,R44,ROBINSON R-44 Raven,H1P,L
4854FA,PH-LJQ,BALL,,B0-,-
4855FA,PH-DAM,P180,PIAGGIO P-180 Avanti,L2T,L
4862FA,PH-VFD,P28A,PIPER PA-28-140/150/160/180,L1P,L
4910FA,CS-DGZ,H25B,HAWKER BEECHCRAFT Hawker 750/850,L2J,M
4920FA,CS-HGZ,AS50,AEROSPATIALE AS-350 Ecureuil,H1T,L
49D2FA,OK-FAB,C152,CESSNA 152,L1P,L
49D3FA,OK-TSS,B738,BOEING 737-800,L2J,M
49D4FA,OK-RPR,S22T,CIRRUS SR-22T Turbo,L1P,L
4A35FA,819,DRON,,D0-,-
4A91FA,SE-DOZ,A20N,AIRBUS A-320neo,L2J,M
4A98FA,SE-FGZ,PUP,BEAGLE Pup,L1P,L
4AA1FA,SE-HOZ,B06,BELL 206 JetRanger,H1T,L
4AA5FA,SE-IOZ,MU2,MITSUBISHI MU-2 Marquise,L2T,L
4AA9FA,SE-JOZ,EC20,AIRBUS HELICOPTERS EC-120,H1T,L
4AB0FA,SE-LGZ,ATP,BRITISH AEROSPACE ATP,L2T,M
4AC9FA,SE-ROZ,A20N,AIRBUS A-320neo,L2J,M
4AD5FA,SE-UOZ,GLID,,L0-,-
4AD8FA,SE-VGZ,JABI,Jabiru J120,L1P,L
4B05FA,HB-CGW,C206,CESSNA  206 Stationair,L1P,L
4B06FA,HB-CQS,P210,CESSNA P210 Centurion,L1P,L
4B0CFA,HB-EXU,DR40,ROBIN DR-400,L1P,L
4B0EFA,HB-FRM,PC12,PILATUS PC-12,L1T,L
4B13FA,HB-HOS,JU52,JUNKERS Ju-52/3m,L3P,M
4B17FA,HB-JCC,BCS3,AIRBUS A220-300,L2J,M
4B19FA,HB-JVU,E190,EMBRAER ERJ-190-100,L2J,M
4B1AFA,HB-KFQ,DR40,ROBIN DR-400,L1P,L
4B1BFA,HB-KPM,SR22,CIRRUS SR-22,L1P,L
4B28FA,HB-PNM,P28A,PIPER PA-28-140/150/160/180,L1P,L
4B2BFA,HB-QRA,BALL,,B0-,-
4B30FA,HB-SOG,D11,JODEL D-11x/12x,L1P,L
4B31FA,HB-SYC,PITE,PIPSTREL Taurus Electro,L1E,L
4B3DFA,HB-XMG,B47G,BELL 47G,H1P,L
4B3FFA,HB-YFY,LGEZ,RUTAN Long-EZ,L1P,L
4B43FA,HB-ZTI,MD52,MCDONNELL-DOUGLAS MD-520N,H1T,L
4B46FA,HB-595,GLID,,L0-,-
4B4BFA,HB-1875,GLID,,L0-,-
4B50FA,HB-3155,GLID,,L0-,-
4B51FA,HB-3411,DUOD,SCHEMPP-HIRTH Duo Discus,L1P,L
4B84FA,TC-AGZ,EV97,EVEKTRO EV-97 EuroStar,L1P,L
4BA8FA,TC-JGZ,B738,BOEING 737-800,L2J,M
4BA9FA,TC-JOZ,A332,AIRBUS A-330-200,L2J,H
4BCDFA,TC-SOZ,B738,BOEING 737-800,L2J,M
4BD4FA,TC-UGZ,P208,TECNAM P-2008,L1P,L
4CA5FA,EI-FPA,CRJ9,BOMBARDIER Regional Jet CRJ-900,L2J,M
4CA6FA,EI-LEM,TAMP,SOCATA TB-9 Tampico,L1P,L
4CA7FA,EI-STK,B734,BOEING 737-400,L2J,M
4CA8FA,EI-NEO,B789,BOEING 787-9 Dreamliner,L2J,H
4CA9FA,EI-EUE,A320,AIRBUS A-320,L2J,M
4CABFA,EI-KBA,A320,AIRBUS A-320,L2J,M
4D20FA,9H-AJW,B733,BOEING 737-300,L2J,M
4D22FA,9H-JBC,BE20,BEECH 200 Super King Air,L2T,M
4D23FA,9H-QER,B738,BOEING 737-800,L2J,M
5000FA,T7-DSD,G150,GULFSTREAM G150,L2J,M
505DFA,OM-KOZ,Z43,ZLIN Z-43/143,L1P,L
505EFA,OM-M747,ULAC,,L0-,-
506DFA,S5-DWW,SR22,CIRRUS SR-22,L1P,L
5082FA,UR-ELQ,SF34,SAAB 340,L2T,M
5100FA,EW-512PO,E170,EMBRAER ERJ-170-100,L2J,M
5110FA,ES-PKY,B350,BEECHCRAFT Super King Air 350,L2T,M
5113FA,TWR,TWR,,T0-,-
70C0FA,A4O-MC,B38M,BOEING 737 MAX 8,L2J,M
7100FA,HZ-A11,AT76,ATR-72-600,L2T,M
7102FA,2402,A332,AIRBUS A-330-200,L2J,H
7110FA,HZ-FAX,A20N,AIRBUS A-320neo,L2J,M
717CFA,HZ-NS39,A20N,AIRBUS A-320neo,L2J,M
7306FA,EP-AWZ,F100,FOKKER 100,L2J,M
7501FA,9M-XXG,A333,AIRBUS A-330-300,L2J,H
7583FA,RP-C9927,A321,AIRBUS A-321,L2J,M
7584FA,RP-C7782,B77W,BOEING 777-300ER,L2J,H
7586FA,204,C295,CASA C-295 Persuader,L2T,M
7608FA,AP-BGZ,B77L,BOEING 777-200LR,L2J,H
76CEFA,9V-SWZ,B77W,BOEING 777-300ER,L2J,H
7802FA,B-3672,PA44,PIPER PA-44 Seminole,L2P,L
7803FA,B-9332,C172,CESSNA 172 Skyhawk,L1P,L
7804FA,B-5416,B738,BOEING 737-800,L2J,M
7805FA,B-6626,A321,AIRBUS A-321,L2J,M
7806FA,B-6745,A320,AIRBUS A-320,L2J,M
7807FA,B-3680,PA44,PIPER PA-44 Seminole,L2P,L
7808FA,B-8252,GLF4,GULFSTREAM 4,L2J,M
7809FA,B-9916,A320,AIRBUS A-320,L2J,M
780AFA,B-8278,GLF4,GULFSTREAM 4,L2J,M
780BFA,B-5913,A333,AIRBUS A-330-300,L2J,H
780DFA,B-6479,A319,AIRBUS A-319,L2J,M
780EFA,B-7171,B738,BOEING 737-800,L2J,M
780FFA,B-7689,B752,BOEING 757-200,L2J,M
7810FA,B-3236,E195,EMBRAER ERJ-190-200,L2J,M
7812FA,B-1378,B752,BOEING 757-200,L2J,M
7813FA,B-1123,B738,BOEING 737-800,L2J,M
7814FA,B-10VT,SR20,CIRRUS SR-20,L1P,L
7815FA,B-208T,B789,BOEING 787-9 Dreamliner,L2J,H
7817FA,B-30C9,A20N,AIRBUS A-320neo,L2J,M
7818FA,B-30E3,A21N,AIRBUS A-321neo,L2J,M
781CFA,B-12FL,AURA,SUNWARD Aurora S60/70,L1P,L
7BB0FA,B-5089,B738,BOEING 737-800,L2J,M
7BD2FA,B-4185,LJ35,LEARJET 35,L2J,M
7C05FA,VH-BGS,R22,ROBINSON R-22 Mariner,H1P,L
7C06FA,VH-BNW,P28A,PIPER PA-28-140/150/160/180,L1P,L
7C0BFA,VH-CNG,C206,CESSNA  206 Stationair,L1P,L
7C25FA,VH-HSC,R44,ROBINSON R-44 Raven,H1P,L
7C29FA,VH-IKS,GLID,,L0-,-
7C33FA,VH-KJW,P28R,PIPER PA-28R-180/200/201,L1P,L
7C37FA,VH-LCC,C182,CESSNA 182 Skylane,L1P,L
7C38FA,VH-LJG,LJ35,LEARJET 35,L2J,M
7C39FA,VH-LQK,DH8D,DE HAVILLAND DHC-8-400 Dash 8,L2T,M
7C42FA,VH-NIK,R44,ROBINSON R-44 Raven,H1P,L
7C4BFA,VH-PAK,P28A,PIPER PA-28-140/150/160/180,L1P,L
7C4EFA,VH-PVW,C210,CESSNA 201 Centurion,L1P,L
7C52FA,VH-QOC,DH8D,DE HAVILLAND DHC-8-400 Dash 8,L2T,M
7C56FA,VH-RGS,SR22,CIRRUS SR-22,L1P,L
7C60FA,VH-TFW,C525,CESSNA 525 CitationJet,L2J,L
7C67FA,VH-UTO,C182,CESSNA 182 Skylane,L1P,L
7C71FA,VH-WSS,GLID,,L0-,-
7C72FA,VH-WZW,C310,CESSNA 310,L2P,L
7C77FA,VH-XZG,B738,BOEING 737-800,L2J,M
7C79FA,VH-YDO,R44,ROBINSON R-44 Raven,H1P,L
7C7BFA,VH-YRW,YK52,YAKOVLEV Yak-52,L1P,L
7C7FFA,VH-ZKC,F260,AERMACCHI SF-260,L1P,L
7C81FA,VH-ZYK,AP22,AEROPRACT A-22,L1P,L
7CBBFA,19-5054,SASP,SUPERMARINE AIRCRAFT Spitfire Mk25/26,L1P,L
7CC3FA,24-8514,SLG2,AIRPLANE FACTORY Sling 2,L1P,L
7CF9FA,A54-035,PC21,PILATUS PC-21,L1T,L
8002FA,IN246,D228,DORNIER 228,L2T,L
8004FA,VT-BRK,F2TH,DASSAULT Falcon 2000,L2J,M
8005FA,VT-JCR,AT75,ATR-72-500,L2T,M
800AFA,VT-JFR,B738,BOEING 737-800,L2J,M
800BFA,VT-EXV,A20N,AIRBUS A-320neo,L2J,M
800CFA,VT-IYN,AT76,ATR-72-600,L2T,M
8014FA,VT-IIZ,A20N,AIRBUS A-320neo,L2J,M
8413FA,JA05JC,AT46,ATR-42-600,L2T,M
846BFA,JA152A,A21N,AIRBUS A-321neo,L2J,M
8476FA,JA184A,B505,BELL 505 JetRanger X,H1T,L
84B7FA,JA216A,A20N,AIRBUS A-320neo,L2J,M
84BCFA,JA22KY,SR22,CIRRUS SR-22,L1P,L
84CEFA,JA27MC,A320,AIRBUS A-320,L2J,M
861AFA,JA6026,UH1,BELL UH-1 Huey,H1T,L
8694FA,JA792A,B77W,BOEING 777-300ER,L2J,H
86D5FA,JA824A,B788,BOEING 787-8 Dreamliner,L2J,H
86DEFA,JA84MQ,SR22,CIRRUS SR-22,L1P,L
86E0FA,JA856A,DH8D,DE HAVILLAND DHC-8-400 Dash 8,L2T,M
86EBFA,JA888A,B789,BOEING 787-9 Dreamliner,L2J,H
8840FA,HS-PGZ,A319,AIRBUS A-319,L2J,M
8960FA,A6-EDY,A388,AIRBUS A-380-800,L4J,H
8964FA,A6-BLU,B789,BOEING 787-9 Dreamliner,L2J,H
8965FA,A6-AUG,A320,AIRBUS A-320,L2J,M
8990FA,B-88001,DA40,DIAMOND DA-40 Club Star,L1P,L
8A01FA,PK-LGR,B739,BOEING 737-900,L2J,M
8A04FA,PK-WGV,AT76,ATR-72-600,L2T,M
8A05FA,PK-ARE,P28A,PIPER PA-28-140/150/160/180,L1P,L
8A06FA,P-3201,B429,BELL 429 GlobalRanger,H2T,L
A000FA,N1KY,BE33,BEECH 33 Bonanza,L1P,L
A001FA,N1WD,BE95,BEECH 95 Travel Air,L2P,L
A003FA,N10SQ,RV4,VANS RV-4,L1P,L
A005FA,N100PA,EA50,ECLIPSE 550,L2J,L
A008FA,N101FT,T6,NORTH AMERICAN T-6 Texan,L1P,L
A009FA,N101RZ,MIMU,BUSHBY Midget Mustang,L1P,L
A00AFA,N1011V,CH70,ZENAIR CH-701 Stol,L1P,L
A00BFA,N10186,C150,CESSNA 150,L1P,L
A00CFA,N102JR,C310,CESSNA 310,L2P,L
A00FFA,N103BH,BEAR,AVIPRO RB-4 Bearhawk,L1P,L
A015FA,N1040T,BE95,BEECH 95 Travel Air,L2P,L
A016FA,N10474,C150,CESSNA 150,L1P,L
A019FA,N1052W,GLID,,L0-,-
A01AFA,N10597,T6,NORTH AMERICAN T-6 Texan,L1P,L
A01BFA,N106LB,PA46,PIPER PA-46-310/350,L1P,L
A021FA,N10762,C150,CESSNA 150,L1P,L
A027FA,N109UW,A320,AIRBUS A-320,L2J,M
A028FA,N1093X,P28A,PIPER PA-28-140/150/160/180,L1P,L
A02AFA,N11MN,C500,CESSNA 500 Citation 1,L2J,L
A02FFA,N111AR,BE65,BEECH 65 Queen Air,L2P,L
A030FA,N111LX,C140,CESSNA 140,L1P,L
A031FA,N111XC,PA18,PIPER PA-18 Super Cub,L1P,L
A036FA,N1127M,LJ60,LEARJET 60,L2J,M
A039FA,N1132D,A332,AIRBUS A-330-200,L2J,H
A03AFA,N1139Q,YK52,YAKOVLEV Yak-52,L1P,L
A03BFA,N114KK,AC11,NORTH AMERICAN ROCKWELL Commander 112/114,L1P,L
A03CFA,N114VR,C550,CESSNA 550 Citation S2,L2J,L
A03DFA,N1144G,SR20,CIRRUS SR-20,L1P,L
A040FA,N115YP,LEG2,LANCAIR Legacy,L1P,L
A041FA,N1156K,M20P,MOONEY M-20,L1P,L
A042FA,N116F,BE35,BEECH 35 Starfire Bonanza,L1P,L
A043FA,N116RF,PARA,,P0-,-
A044FA,N1161B,M20P,MOONEY M-20,L1P,L
A045FA,N1168N,M20P,MOONEY M-20,L1P,L
A04AFA,N118LW,T18,THORP Tiger,L1P,L
A04CFA,N1185H,P28A,PIPER PA-28-140/150/160/180,L1P,L
A04DFA,N119DN,A321,AIRBUS A-321,L2J,M
A050FA,N1197L,T206,CESSNA T206 Turbo Stationair,L1P,L
A051FA,N12GL,G2T1,GREAT LAKES 2T-1,L1P,L
A052FA,N12SS,C25C,CESSNA 525C Citation CJ4,L2J,M
A054FA,N120PC,C402,CESSNA 402 Businessliner,L2P,L
A056FA,N12065,,,,
A058FA,N121SA,GLEX,BOMBARDIER BD-700 Global 6000/6500,L2J,M
A05AFA,N12188,C172,CESSNA 172 Skyhawk,L1P,L
A05BFA,N122JT,J3,PIPER J-3 Cub,L1P,L
A05EFA,N123BK,CH7A,BELLANCA 7 Champion,L1P,L
A05FFA,N123MR,PA11,PIPER PA-11 Cub Special,L1P,L
A064FA,N1240V,C172,CESSNA 172 Skyhawk,L1P,L
A065FA,N12476,,,,
A066FA,N125HF,WW24,IAI 1124 Westwind,L2J,M
A067FA,N125TM,CL30,BOMBARDIER BD-100 Challenger 300,L2J,M
A069FA,N12599,CMAS,CESSNA C-165 Airmaster,L1P,L
A06BFA,N126WK,CRUZ,CSA PS-28 Cruiser,L1P,L
A06CFA,N12641,C172,CESSNA 172 Skyhawk,L1P,L
A06EFA,N127PB,SS2T,TRUSH Turbo Thrush 500/550,L1T,L
A073FA,N1281W,,,,
A074FA,N12887,C172,CESSNA 172 Skyhawk,L1P,L
A078FA,N13BJ,C210,CESSNA 201 Centurion,L1P,L
A07BFA,N130JA,C172,CESSNA 172 Skyhawk,L1P,L
A07DFA,N1303H,SR22,CIRRUS SR-22,L1P,L
A07EFA,N131AT,SREY,PROGRESSIVE AERODYNE SeaRey,A1P,L
A081FA,N1315L,PARA,,P0-,-
A082FA,N132DR,P32R,PIPER PA-32R-300/301/301T,L1P,L
A084FA,N1320C,PA22,PIPER PA-22,L1P,L
A087FA,N133SV,VELO,Velocity,L1P,L
A088FA,N1332F,F9F,GRUMMAN F9F Panther,L1J,L
A08EFA,N135NK,EC35,AIRBUS HELICOPTERS EC-135/635,H2T,L
A093FA,N1361D,C170,CESSNA 170,L1P,L
A097FA,N1373G,C340,CESSNA 340 Super,L2P,L
A098FA,N138AS,,,,
A09EFA,N1390B,L8,LUSCOMBE 8,L1P,L
A0A0FA,N14GN,FINC,FLEET Finch,L1P,L
A0A1FA,N14SU,SR20,CIRRUS SR-20,L1P,L
A0A7FA,N141SC,CH7B,BELLANCA 7 Citabria,L1P,L
A0A8FA,N1411Z,RV8,VANS RV-8,L1P,L
A0ABFA,N142VA,R22,ROBINSON R-22 Mariner,H1P,L
A0AEFA,N143MT,,,,
A0B3FA,N1440X,PA24,PIPER PA-24 Comanche,L1P,L
A0B5FA,N145HH,EC45,AIRBUS HELICOPTERS EC-145,H2T,L
A0BAFA,N146WM,C208,CESSNA 208 Caravan,L1T,L
A0C1FA,N148SB,PA30,PIPER PA-30 Twin Comanche,L2P,L
A0C2FA,N1481Y,C172,CESSNA 172 Skyhawk,L1P,L
A0C7FA,N15BL,,,,
A0CDFA,N151AV,P28A,PIPER PA-28-140/150/160/180,L1P,L
A0D3FA,N1520E,CH7A,BELLANCA 7 Champion,L1P,L
A0D4FA,N1527R,AA5,AMERICAN AA-5 Tiger,L1P,L
A0D7FA,N1532H,AT3T,AIR TRACTOR AT-302/402,L1T,L
A0E1FA,N156RK,BE40,BEECH 400 Beechjet,L2J,M
A0E4FA,N157JB,TBM7,SOCATA TBM-700A/B/C,L1T,L
A0E8FA,N158M,E550,EMBRAER EMB-550 Praetor 600,L2J,M
A0EAFA,N1585M,WACF,WACO F,L1P,L
A0EBFA,N159DS,PTS1,PITTS S-1 Special,L1P,L
A0F0FA,N16SW,LNC4,LANCAIR 4,L1P,L
A0F1FA,N160DA,H500,HUGHES 500,H1T,L
A0F2FA,N160PG,SR22,CIRRUS SR-22,L1P,L
A0F4FA,N16069,H500,HUGHES 500,H1T,L
A0F6FA,N161SE,BL8,BELLANCA 8 Decathlon,L1P,L
A0F7FA,N16111,BALL,,B0-,-
A0F9FA,N162JX,EXEJ,ROTORWAY JetExec,H1T,L
A0FBFA,N16234,B738,BOEING 737-800,L2J,M
A0FCFA,N163BP,P63,BELL P-63 Kingcobra,L1P,L
A0FFFA,N16357,P28A,PIPER PA-28-140/150/160/180,L1P,L
A100FA,N164EM,A4,DOUGLAS A-4 Skyhawk,L1J,M
A103FA,N1648,,,,
A107FA,N166AB,PA34,PIPER PA-34 Seneca,L2P,L
A108FA,N166LH,P28A,PIPER PA-28-140/150/160/180,L1P,L
A110FA,N168SD,P210,CESSNA P210 Centurion,L1P,L
A111FA,N16810,B06,BELL 206 JetRanger,H1T,L
A113FA,N169JW,C177,CESSNA  177 Cardinal,L1P,L
A119FA,N170JE,C170,CESSNA 170,L1P,L
A11BFA,N1703M,C182,CESSNA 182 Skylane,L1P,L
A11DFA,N171MC,MA5,MARQUART MA-5 Charger,L1P,L
A120FA,N172DV,C172,CESSNA 172 Skyhawk,L1P,L
A122FA,N1720G,BE35,BEECH 35 Starfire Bonanza,L1P,L
A12BFA,N175CH,ZZZZ,,-0-,-
A12EFA,N1756R,C185,CESSNA 185 Skywagon,L1P,L
A13CFA,N1790F,C172,CESSNA 172 Skyhawk,L1P,L
A140FA,N180DC,C180,CESSNA  180 Skywagon,L1P,L
A141FA,N180PJ,C180,CESSNA  180 Skywagon,L1P,L
A145FA,N181SG,C560,CESSNA 560 Citation Ultra,L2J,M
A147FA,N1819D,BL8,BELLANCA 8 Decathlon,L1P,L
A148FA,N182JZ,C82S,CESSNA T182 Turbo Skylane,L1P,L
A149FA,N182VE,C182,CESSNA 182 Skylane,L1P,L
A152FA,N1848B,L8,LUSCOMBE 8,L1P,L
A153FA,N185HM,C185,CESSNA 185 Skywagon,L1P,L
A154FA,N185TT,C185,CESSNA 185 Skywagon,L1P,L
A155FA,N18524,C150,CESSNA 150,L1P,L
A15AFA,N187DB,C82S,CESSNA T182 Turbo Skylane,L1P,L
A15BFA,N187PH,SR20,CIRRUS SR-20,L1P,L
A15DFA,N1877,SA10,STOLP SA-100 Starduster,L1P,L
A15EFA,N188G,SR22,CIRRUS SR-22,L1P,L
A15FFA,N188SF,CL30,BOMBARDIER BD-100 Challenger 300,L2J,M
A161FA,N1889C,C170,CESSNA 170,L1P,L
A16AFA,N1903P,RV8,VANS RV-8,L1P,L
A171FA,N1920J,AC11,NORTH AMERICAN ROCKWELL Commander 112/114,L1P,L
A172FA,N1927V,C140,CESSNA 140,L1P,L
A174FA,N193TA,T206,CESSNA T206 Turbo Stationair,L1P,L
A176FA,N1939Y,M20P,MOONEY M-20,L1P,L
A179FA,N1944Q,C77R,CESSNA 177RG Cardinal RG,L1P,L
A17AFA,N195CK,C195,CESSNA 195,L1P,L
A180FA,N1961K,L8,LUSCOMBE 8,L1P,L
A181FA,N1968W,P46T,PIPER PA-46-500TP,L1T,L
A182FA,N197JF,,,,
A189FA,N199DW,BE9L,BEECH 90 King Air,L2T,L
A18BFA,N1990H,P28A,PIPER PA-28-140/150/160/180,L1P,L
A18EFA,N2T,GLEX,BOMBARDIER BD-700 Global 6000/6500,L2J,M
A190FA,N20PL,L29,AERO L-29 Delfin,L1J,L
A193FA,N200WC,GLAS,Glasair,L1P,L
A195FA,N201CP,,,,
A196FA,N201NV,M20P,MOONEY M-20,L1P,L
A198FA,N2016X,C182,CESSNA 182 Skylane,L1P,L
A19BFA,N2021P,SA30,STOLP Starduster Too,L1P,L
A19CFA,N20280,J3,PIPER J-3 Cub,L1P,L
A1A4FA,N205E,KR34,KREIDER_REISNER C-4 Challenger,L1P,L
A1A7FA,N2057Y,C172,CESSNA 172 Skyhawk,L1P,L
A1A9FA,N206TD,C206,CESSNA  206 Stationair,L1P,L
A1ABFA,N20691,H269,HUGHES Sky Knight,H1P,L
A1AFFA,N208CN,C208,CESSNA 208 Caravan,L1T,L
A1B2FA,N2086W,BE95,BEECH 95 Travel Air,L2P,L
A1B7FA,N21JJ,BOLT,STEEN Skybolt,L1P,L
A1BBFA,N21007,M20P,MOONEY M-20,L1P,L
A1BCFA,N2108H,P28B,PIPER PA-28-201T/235/236,L1P,L
A1BFFA,N2113,WACO,WACO E/O,L1P,L
A1C0FA,N212AK,EN28,ENSTROM F-28,H1P,L
A1C1FA,N212LR,H25B,HAWKER BEECHCRAFT Hawker 750/850,L2J,M
A1C3FA,N2125C,C195,CESSNA 195,L1P,L
A1C7FA,N2137F,P28B,PIPER PA-28-201T/235/236,L1P,L
A1C8FA,N214GF,P46T,PIPER PA-46-500TP,L1T,L
A1CAFA,N21418,PA32,PIPER PA-32,L1P,L
A1CBFA,N2149J,P28B,PIPER PA-28-201T/235/236,L1P,L
A1CEFA,N2154A,PA18,PIPER PA-18 Super Cub,L1P,L
A1D0FA,N216NB,T206,CESSNA T206 Turbo Stationair,L1P,L
A1D4FA,N217R,BALL,,B0-,-
A1D5FA,N21706,C172,CESSNA 172 Skyhawk,L1P,L
A1D6FA,N2178G,P32R,PIPER PA-32R-300/301/301T,L1P,L
A1D7FA,N218HS,C208,CESSNA 208 Caravan,L1T,L
A1DCFA,N219WW,BE10,BEECH 100 King Air,L2T,L
A1DFFA,N22PN,C337,CESSNA 337 Super Skymaster,L2P,L
A1E8FA,N222FP,,,,
A1E9FA,N222RV,RV4,VANS RV-4,L1P,L
A1EAFA,N2221R,C72R,CESSNA 172R Cutlass RG,L1P,L
A1ECFA,N223JM,C82S,CESSNA T182 Turbo Skylane,L1P,L
A1F5FA,N2250P,SS2T,TRUSH Turbo Thrush 500/550,L1T,L
A1F6FA,N22570,C150,CESSNA 150,L1P,L
A1F7FA,N226H,FLE7,FLEET 7,L1P,L
A1F8FA,N226TF,M7,MAULE M-7,L1P,L
A1F9FA,N2262S,T210,CESSNA T210 Turbo Centurion,L1P,L
A1FDFA,N2274V,J3,PIPER J-3 Cub,L1P,L
A201FA,N2286Y,,,,
A206FA,N23JL,WACF,WACO F,L1P,L
A20AFA,N23009,C150,CESSNA 150,L1P,L
A20EFA,N2313B,,,,
A20FFA,N232AM,,,,
A210FA,N232LT,PA11,PIPER PA-11 Cub Special,L1P,L
A218FA,N234SP,HUSK,CHRISTEN Husky,L1P,L
A21AFA,N2349L,PA38,PIPER PA-38 Tomahawk,L1P,L
A21DFA,N2354C,C180,CESSNA  180 Skywagon,L1P,L
A223FA,N237RB,M20T,MOONEY M-20T,L1P,L
A224FA,N23708,B737,BOEING 737-700,L2J,M
A228FA,N2383A,BE35,BEECH 35 Starfire Bonanza,L1P,L
A229FA,N239AL,BE99,BEECH 99 Airliner,L2T,L
A22CFA,N2395D,C170,CESSNA 170,L1P,L
A22DFA,N24DJ,LGEZ,RUTAN Long-EZ,L1P,L
A22EFA,N24PQ,BE24,BEECH 24 Sierra,L1P,L
A230FA,N240LA,AT8T,AIR TRACTOR AT-802,L1T,M
A232FA,N2404Y,C172,CESSNA 172 Skyhawk,L1P,L
A233FA,N241CT,WW24,IAI 1124 Westwind,L2J,M
A236FA,N24161,BE35,BEECH 35 Starfire Bonanza,L1P,L
A23AFA,N24284,AR65,AERONCA 65 Super Chief,L1P,L
A23BFA,N243JP,CL60,BOMBARDIER CL-600 Challenger,L2J,M
A23DFA,N2433W,GLID,,L0-,-
A23FFA,N244MM,R44,ROBINSON R-44 Raven,H1P,L
A244FA,N2450R,C182,CESSNA 182 Skylane,L1P,L
A245FA,N24572,J4,PIPER J-4 Cub Coupe,L1P,L
A246FA,N246HB,,,,
A247FA,N246TH,,,,
A24AFA,N247L,SA10,STOLP SA-100 Starduster,L1P,L
A24CFA,N2474X,C182,CESSNA 182 Skylane,L1P,L
A252FA,N249RW,RV6,VANS RV-6,L1P,L
A253FA,N2491S,C337,CESSNA 337 Super Skymaster,L2P,L
A255FA,N25JN,YK52,YAKOVLEV Yak-52,L1P,L
A259FA,N2501A,T211,INDUS T-211,L1P,L
A25DFA,N2513D,C170,CESSNA 170,L1P,L
A25EFA,N252AP,M20P,MOONEY M-20,L1P,L
A261FA,N2525G,C182,CESSNA 182 Skylane,L1P,L
A265FA,N2537K,C180,CESSNA  180 Skywagon,L1P,L
A26AFA,N255KH,PA32,PIPER PA-32,L1P,L
A26DFA,N256C,,,,
A272FA,N257RD,BE23,BEECH 23 Sundowner,L1P,L
A273FA,N2571,S22T,CIRRUS SR-22T Turbo,L1P,L
A277FA,N2583C,C170,CESSNA 170,L1P,L
A27BFA,N2595F,CH7A,BELLANCA 7 Champion,L1P,L
A27CFA,N26DL,C185,CESSNA 185 Skywagon,L1P,L
A27DFA,N26PS,,,,
A281FA,N26040,J3,PIPER J-3 Cub,L1P,L
A283FA,N261PA,H25C,RAYTHEON Hawker 1000,L2J,M
A285FA,N26163,AA5,AMERICAN AA-5 Tiger,L1P,L
A297FA,N2662W,M20P,MOONEY M-20,L1P,L
A29DFA,N268P,BE36,BEECH 36 Bonanza,L1P,L
A29FFA,N26862,T6,NORTH AMERICAN T-6 Texan,L1P,L
A2A2FA,N2691U,C172,CESSNA 172 Skyhawk,L1P,L
A2A3FA,N26985,AA5,AMERICAN AA-5 Tiger,L1P,L
A2A6FA,N270FA,C82T,CESSNA TR182 Turbo Skylane RG,L1P,L
A2A8FA,N2701C,,,,
A2ADFA,N272AR,C82S,CESSNA T182 Turbo Skylane,L1P,L
A2B0FA,N2725J,C150,CESSNA 150,L1P,L
A2B3FA,N2730A,BE36,BEECH 36 Bonanza,L1P,L
A2B4FA,N2737M,PA12,PIPER PA-12 Super Cruiser,L1P,L
A2B6FA,N274ST,EN48,ENSTROM TH-28,H1T,L
A2B7FA,N2742D,C170,CESSNA 170,L1P,L
A2C0FA,N277F,BE33,BEECH 33 Bonanza,L1P,L
A2C3FA,N2778N,C140,CESSNA 140,L1P,L
A2C6FA,N2783E,CH7A,BELLANCA 7 Champion,L1P,L
A2CCFA,N28PU,ST75,STEARMAN Kaydet,L1P,L
A2D0FA,N28042,J3,PIPER J-3 Cub,L1P,L
A2D2FA,N281PC,CH7B,BELLANCA 7 Citabria,L1P,L
A2D8FA,N28288,AA5,AMERICAN AA-5 Tiger,L1P,L
A2DBFA,N28330,AA5,AMERICAN AA-5 Tiger,L1P,L
A2DDFA,N284MR,BE9L,BEECH 90 King Air,L2T,L
A2E3FA,N28576,L8,LUSCOMBE 8,L1P,L
A2E4FA,N286HF,E45X,EMBRAER ERJ-145XR,L2J,M
A2E6FA,N2862Y,C182,CESSNA 182 Skylane,L1P,L
A2E7FA,N28699,AA5,AMERICAN AA-5 Tiger,L1P,L
A2E9FA,N287WK,T28,NORTH AMERICAN T-28,L1P,L
A2EEFA,N28864,L8,LUSCOMBE 8,L1P,L
A2F0FA,N289S,ZZZZ,,-0-,-
A2F2FA,N28987,B789,BOEING 787-9 Dreamliner,L2J,H
A2F3FA,N29JS,,,,
A2F5FA,N290FC,C182,CESSNA 182 Skylane,L1P,L
A2F7FA,N2901E,CH7A,BELLANCA 7 Champion,L1P,L
A2FFFA,N2925L,BALL,,B0-,-
A303FA,N2937P,PA22,PIPER PA-22,L1P,L
A306FA,N2942F,C182,CESSNA 182 Skylane,L1P,L
A307FA,N2949S,C150,CESSNA 150,L1P,L
A313FA,N298J,CH7B,BELLANCA 7 Citabria,L1P,L
A31AFA,N3DQ,C414,CESSNA 414 Chancellor,L2P,L
A31CFA,N30AA,WHIL,WHITE LIGHTNING WLAC-1,L1P,L
A31FFA,N300GT,LEG2,LANCAIR Legacy,L1P,L
A320FA,N300SZ,M20P,MOONEY M-20,L1P,L
A32BFA,N303RM,BE95,BEECH 95 Travel Air,L2P,L
A32DFA,N3038U,P28B,PIPER PA-28-201T/235/236,L1P,L
A330FA,N3043L,,,,
A331FA,N305AW,CRJ9,BOMBARDIER Regional Jet CRJ-900,L2J,M
A334FA,N3055P,PA23,PIPER PA-23,L2P,L
A335FA,N306DU,BCS3,AIRBUS A220-300,L2J,M
A336FA,N306Q,S92,SIKORSKY S-92 Helibus,H2T,M
A337FA,N3060F,P28A,PIPER PA-28-140/150/160/180,L1P,L
A339FA,N307GS,YK55,YAKOVLEV Yak-55,L1P,L
A33AFA,N307SY,E75L,EMBRAER ERJ-170-200 (long wing),L2J,M
A33BFA,N3072J,C150,CESSNA 150,L1P,L
A33FFA,N3084M,BT36,BEECH B36TC Bonanza,L1P,L
A343FA,N3096Q,C182,CESSNA 182 Skylane,L1P,L
A345FA,N31RL,GLID,,L0-,-
A349FA,N31059,BALL,,B0-,-
A34CFA,N31101,CJ6,NANCHANG CJ-6,L1P,L
A34FFA,N312TT,TBM7,SOCATA TBM-700A/B/C,L1T,L
A351FA,N313AD,,,,
A352FA,N313LK,S22T,CIRRUS SR-22T Turbo,L1P,L
A356FA,N314PH,EC35,AIRBUS HELICOPTERS EC-135/635,H2T,L
A359FA,N315G,BE95,BEECH 95 Travel Air,L2P,L
A366FA,N31800,BALL,,B0-,-
A367FA,N3188A,C170,CESSNA 170,L1P,L
A36AFA,N31923,P28A,PIPER PA-28-140/150/160/180,L1P,L
A36BFA,N32AC,C25B,CESSNA 525B Citation CJ3,L2J,L
A36CFA,N32LJ,BE20,BEECH 200 Super King Air,L2T,M
A36EFA,N320GV,E55P,EMBRAER EMB-505 Phenom 300,L2J,M
A373FA,N321VZ,DUOD,SCHEMPP-HIRTH Duo Discus,L1P,L
A37AFA,N323RP,RV8,VANS RV-8,L1P,L
A37FFA,N3243N,J3,PIPER J-3 Cub,L1P,L
A384FA,N326DW,B350,BEECHCRAFT Super King Air 350,L2T,M
A389FA,N327T,PA18,PIPER PA-18 Super Cub,L1P,L
A38FFA,N329CJ,C25B,CESSNA 525B Citation CJ3,L2J,L
A392FA,N3296S,C182,CESSNA 182 Skylane,L1P,L
A394FA,N33RN,C210,CESSNA 201 Centurion,L1P,L
A399FA,N331ER,,,,
A39BFA,N33103,B752,BOEING 757-200,L2J,M
A39DFA,N332HP,BE33,BEECH 33 Bonanza,L1P,L
A3A0FA,N333AF,C172,CESSNA 172 Skyhawk,L1P,L
A3A1FA,N333LM,RV8,VANS RV-8,L1P,L
A3A2FA,N333WT,BE9T,BEECH F90 King Air,L2T,L
A3A3FA,N33349,P28R,PIPER PA-28R-180/200/201,L1P,L
A3B5FA,N33802,P28A,PIPER PA-28-140/150/160/180,L1P,L
A3BAFA,N34AE,B06,BELL 206 JetRanger,H1T,L
A3BBFA,N34LL,M20P,MOONEY M-20,L1P,L
A3C2FA,N341WA,PC12,PILATUS PC-12,L1T,L
A3C7FA,N3426V,C190,CESSNA 190,L1P,L
A3C9FA,N343RR,P46T,PIPER PA-46-500TP,L1T,L
A3CBFA,N3438Y,C180,CESSNA  180 Skywagon,L1P,L
A3CCFA,N344JH,GLID,,L0-,-
A3CDFA,N344UP,B763,BOEING 767-300,L2J,H
A3D2FA,N3455T,C177,CESSNA  177 Cardinal,L1P,L
A3D5FA,N3460K,J3,PIPER J-3 Cub,L1P,L
A3D6FA,N3467W,PA32,PIPER PA-32,L1P,L
A3D7FA,N347GW,P28A,PIPER PA-28-140/150/160/180,L1P,L
A3D9FA,N3472N,J3,PIPER J-3 Cub,L1P,L
A3DAFA,N3479Z,PA18,PIPER PA-18 Super Cub,L1P,L
A3DDFA,N3484R,C182,CESSNA 182 Skylane,L1P,L
A3DEFA,N349CL,C700,CESSNA 700 Citation Longitude,L2J,M
A3E2FA,N35FJ,LJ45,LEARJET 45,L2J,M
A3E4FA,N350BV,C25A,CESSNA 525A Citation CJ2,L2J,L
A3E5FA,N350NA,A320,AIRBUS A-320,L2J,M
A3E7FA,N3506C,ULAC,,L0-,-
A3EBFA,N3518F,C182,CESSNA 182 Skylane,L1P,L
A3ECFA,N352HR,B407,BELL 407,H1T,L
A3EEFA,N35228,,,,
A3EFFA,N353AH,H500,HUGHES 500,H1T,L
A3F2FA,N3535A,PA22,PIPER PA-22,L1P,L
A3F4FA,N354PM,LJ35,LEARJET 35,L2J,M
A3FDFA,N35639,C172,CESSNA 172 Skyhawk,L1P,L
A3FEFA,N357BU,COZY,CO-Z Cozy,L1P,L
A3FFFA,N357N,C25B,CESSNA 525B Citation CJ3,L2J,L
A402FA,N358ES,C72R,CESSNA 172R Cutlass RG,L1P,L
A405FA,N3588E,CH7A,BELLANCA 7 Champion,L1P,L
A407FA,N359TW,C82T,CESSNA TR182 Turbo Skylane RG,L1P,L
A408FA,N35927,J5,PIPER J-5 Cub Cruiser,L1P,L
A40AFA,N36LN,H60,SIKORSKY UH-60 Black Hawk,H2T,M
A412FA,N3614U,C182,CESSNA 182 Skylane,L1P,L
A413FA,N362CP,SR22,CIRRUS SR-22,L1P,L
A416FA,N3626X,VO10,NORTH AMERICAN ROCKWELL Commander 100,L1P,L
A419FA,N3631P,PA22,PIPER PA-22,L1P,L
A41DFA,N3643S,C172,CESSNA 172 Skyhawk,L1P,L
A421FA,N3655V,C140,CESSNA 140,L1P,L
A425FA,N3667Y,C210,CESSNA 201 Centurion,L1P,L
A428FA,N3672Q,BE23,BEECH 23 Sundowner,L1P,L
A42CFA,N3684T,TF19,TAYLORCRAFT F-19 Sportsman,L1P,L
A430FA,N3696W,PA32,PIPER PA-32,L1P,L
A434FA,N370NC,AS50,AEROSPATIALE AS-350 Ecureuil,H1T,L
A436FA,N3706E,AR11,AERONCA 11 Chief,L1P,L
A438FA,N371RA,BE36,BEECH 36 Bonanza,L1P,L
A439FA,N37107,ERCO,AIR PRODUCTS F-1 Aircoupe,L1P,L
A442FA,N374DH,EXEC,ROTORWAY Exec,H1P,L
A448FA,N37518,B39M,BOEING 737 MAX 9,L2J,M
A44CFA,N3764A,AVTR,AERO ADVENTURE Aventura 2,A1P,L
A453FA,N37806,,,,
A454FA,N3788G,,,,
A45AFA,N38WW,VJ22,VOLMER Sportsman,A1P,L
A45BFA,N380HA,A332,AIRBUS A-330-200,L2J,H
A461FA,N3814W,PA32,PIPER PA-32,L1P,L
A462FA,N382CR,C303,CESSNA T303 Crusader,L2P,L
A463FA,N382NX,PC12,PILATUS PC-12,L1T,L
A465FA,N3826Z,PA18,PIPER PA-18 Super Cub,L1P,L
A467FA,N383RV,RV7,VANS RV-7,L1P,L
A469FA,N38382,P28R,PIPER PA-28R-180/200/201,L1P,L
A477FA,N3872S,C172,CESSNA 172 Skyhawk,L1P,L
A478FA,N38793,P28R,PIPER PA-28R-180/200/201,L1P,L
A47AFA,N388WD,COY2,RANS Coyote 2,L1P,L
A47BFA,N3884V,C195,CESSNA 195,L1P,L
A47FFA,N3896Y,B06,BELL 206 JetRanger,H1T,L
A480FA,N39FN,LJ35,LEARJET 35,L2J,M
A487FA,N391RC,SH36,SHORT 360,L2T,M
A488FA,N39109,,,,
A490FA,N3935E,AR11,AERONCA 11 Chief,L1P,L
A492FA,N394PR,,,,
A496FA,N395SP,C172,CESSNA 172 Skyhawk,L1P,L
A498FA,N3959L,C172,CESSNA 172 Skyhawk,L1P,L
A4A2FA,N39808,BL17,BELLANCA 17 Viking,L1P,L
A4A3FA,N3988J,C150,CESSNA 150,L1P,L
A4A9FA,N4WY,M20P,MOONEY M-20,L1P,L
A4AAFA,N40HC,C56X,CESSNA 560XL Citation XLS,L2J,M
A4ACFA,N400DP,C310,CESSNA 310,L2P,L
A4ADFA,N400PV,BE40,BEECH 400 Beechjet,L2J,M
A4AEFA,N4000A,,,,
A4B1FA,N401ST,COL4,CESSNA 400 Corvalis TT,L1P,L
A4B2FA,N4012D,C182,CESSNA 182 Skylane,L1P,L
A4B3FA,N4019Q,SS2P,ROCKWELL Thrush Commander,L1P,L
A4B4FA,N402KK,AT3T,AIR TRACTOR AT-302/402,L1T,L
A4B6FA,N4024G,BALL,,B0-,-
A4BBFA,N404F,F900,DASSAULT Falcon 900,L3J,M
A4BEFA,N4048N,C140,CESSNA 140,L1P,L
A4C5FA,N4065H,M20P,MOONEY M-20,L1P,L
A4C6FA,N407DN,B505,BELL 505 JetRanger X,H1T,L
A4C8FA,N4070,MITE,MOONEY M-18,L1P,L
A4CDFA,N4089P,ZZZZ,,-0-,-
A4CEFA,N409KJ,PA44,PIPER PA-44 Seminole,L2P,L
A4D0FA,N4094F,C172,CESSNA 172 Skyhawk,L1P,L
A4D1FA,N41CA,SR22,CIRRUS SR-22,L1P,L
A4D8FA,N411MR,G280,GULFSTREAM G280,L2J,M
A4DAFA,N41153,J4,PIPER J-4 Cub Coupe,L1P,L
A4E1FA,N4132Y,BL8,BELLANCA 8 Decathlon,L1P,L
A4E2FA,N41399,P28A,PIPER PA-28-140/150/160/180,L1P,L
A4E5FA,N41441,,,,
A4E9FA,N41564,BALL,,B0-,-
A4EBFA,N416S,SR22,CIRRUS SR-22,L1P,L
A4ECFA,N4161W,BE20,BEECH 200 Super King Air,L2T,M
A4EDFA,N41687,AT8T,AIR TRACTOR AT-802,L1T,M
A4EEFA,N417JS,PA46,PIPER PA-46-310/350,L1P,L
A4F0FA,N4173Z,PA18,PIPER PA-18 Super Cub,L1P,L
A4FCFA,N420PX,,,,
A4FDFA,N4200C,C421,CESSNA 421 Executive Commuter,L2P,L
A4FFFA,N421GP,C421,CESSNA 421 Executive Commuter,L2P,L
A500FA,N421SV,LJ35,LEARJET 35,L2J,M
A509FA,N4236M,PA12,PIPER PA-12 Super Cruiser,L1P,L
A50BFA,N424RH,R22,ROBINSON R-22 Mariner,H1P,L
A50CFA,N4241D,BE35,BEECH 35 Starfire Bonanza,L1P,L
A50DFA,N4248Q,C172,CESSNA 172 Skyhawk,L1P,L
A50EFA,N425J,BE95,BEECH 95 Travel Air,L2P,L
A510FA,N4253G,ULAC,,L0-,-
A511FA,N426AS,C206,CESSNA  206 Stationair,L1P,L
A514FA,N4265K,NAVI,NORTH AMERICAN Navion,L1P,L
A516FA,N427PW,BE35,BEECH 35 Starfire Bonanza,L1P,L
A518FA,N4277N,A4,DOUGLAS A-4 Skyhawk,L1J,M
A51BFA,N4282E,AR11,AERONCA 11 Chief,L1P,L
A51CFA,N4289R,PA32,PIPER PA-32,L1P,L
A520FA,N43CC,PA23,PIPER PA-23,L2P,L
A523FA,N430JV,GLAS,Glasair,L1P,L
A525FA,N43032,ACR2,ACRO SPORT 2,L1P,L
A527FA,N431MT,LNP4,LANCAIR PropJet 4,L1T,L
A529FA,N43155,U16,GRUMMAN Albatross,A2P,M
A52DFA,N43278,TAYB,TAYLORCRAFT BC/BF/BL,L1P,L
A530FA,N43320,ST75,STEARMAN Kaydet,L1P,L
A534FA,N43443,TAYB,TAYLORCRAFT BC/BF/BL,L1P,L
A538FA,N43566,SONX,SONEX AIRCRAFT Sonex,L1P,L
A53CFA,N43689,TAYB,TAYLORCRAFT BC/BF/BL,L1P,L
A53FFA,N43731,P28R,PIPER PA-28R-180/200/201,L1P,L
A546FA,N4390W,P32R,PIPER PA-32R-300/301/301T,L1P,L
A547FA,N43977,P32R,PIPER PA-32R-300/301/301T,L1P,L
A548FA,N44HG,R44,ROBINSON R-44 Raven,H1P,L
A54AFA,N440DT,RV8,VANS RV-8,L1P,L
A54DFA,N4407R,C185,CESSNA 185 Skywagon,L1P,L
A552FA,N442KP,R44,ROBINSON R-44 Raven,H1P,L
A554FA,N4424L,C172,CESSNA 172 Skyhawk,L1P,L
A559FA,N444FD,GLAS,Glasair,L1P,L
A55AFA,N444RK,BE10,BEECH 100 King Air,L2T,L
A55DFA,N445JB,B06,BELL 206 JetRanger,H1T,L
A564FA,N447DS,DA40,DIAMOND DA-40 Club Star,L1P,L
A569FA,N448SW,CRJ2,BOMBARDIER Regional Jet CRJ-200,L2J,M
A56EFA,N4494K,NAVI,NORTH AMERICAN Navion,L1P,L
A570FA,N45NL,CORS,CHANCE VOUGHT F4U Corsair,L1P,M
A574FA,N45034,C150,CESSNA 150,L1P,L
A576FA,N451MV,SR22,CIRRUS SR-22,L1P,L
A57FFA,N45322,AA5,AMERICAN AA-5 Tiger,L1P,L
A580FA,N454AB,PA25,PIPER PA-25 Pawnee,L1P,L
A584FA,N455D,BE33,BEECH 33 Bonanza,L1P,L
A58AFA,N45610,L8,LUSCOMBE 8,L1P,L
A591FA,N458Y,ZZZZ,,-0-,-
A596FA,N45979,L8,LUSCOMBE 8,L1P,L
A59BFA,N4600G,TAIL,WITTMAN Tailwind,L1P,L
A59CFA,N4607T,M4,MAULE M-4,L1P,L
A59DFA,N461GT,GLF4,GULFSTREAM 4,L2J,M
A59FFA,N4612K,P210,CESSNA P210 Centurion,L1P,L
A5A9FA,N464RM,AS50,AEROSPATIALE AS-350 Ecureuil,H1T,L
A5AEFA,N4653L,C152,CESSNA 152,L1P,L
A5AFFA,N466AW,CRJ2,BOMBARDIER Regional Jet CRJ-200,L2J,M
A5B4FA,N467Q,C172,CESSNA 172 Skyhawk,L1P,L
A5B6FA,N4677S,,,,
A5B9FA,N4682J,P28R,PIPER PA-28R-180/200/201,L1P,L
A5BEFA,N47CG,PA18,PIPER PA-18 Super Cub,L1P,L
A5CAFA,N47201,,,,
A5CBFA,N4728B,C180,CESSNA  180 Skywagon,L1P,L
A5CCFA,N473HM,RV9,VANS RV-9,L1P,L
A5CDFA,N473TT,B47G,BELL 47G,H1P,L
A5D6FA,N4757,G164,GRUMMAN G-164 Ag-Cat,L1P,L
A5D9FA,N47612,,,,
A5ECFA,N481GV,GLF5,GULFSTREAM 5,L2J,M
A5EEFA,N4812M,PA11,PIPER PA-11 Cub Special,L1P,L
A604FA,N4870H,PA17,PIPER PA-17 Vagabond Trainer,L1P,L
A607FA,N488T,BE35,BEECH 35 Starfire Bonanza,L1P,L
A608FA,N4882L,P28A,PIPER PA-28-140/150/160/180,L1P,L
A60CFA,N4894P,PA23,PIPER PA-23,L2P,L
A60DFA,N49CJ,SF50,CIRRUS SF-50 Vision,L1J,L
A616FA,N4916A,C180,CESSNA  180 Skywagon,L1P,L
A617FA,N492ER,C172,CESSNA 172 Skyhawk,L1P,L
A619FA,N49203,AR6T,AERONCA 65 Tandem,L1P,L
A622FA,N495DD,CL60,BOMBARDIER CL-600 Challenger,L2J,M
A629FA,N4969E,C172,CESSNA 172 Skyhawk,L1P,L
A630FA,N4986,T34P,BEECH T-34 Mentor,L1P,L
A635FA,N5HN,SC01,FFT Speed Canard,L1P,L
A636FA,N5TU,AA5,AMERICAN AA-5 Tiger,L1P,L
A639FA,N500AK,C180,CESSNA  180 Skywagon,L1P,L
A63AFA,N500LR,CL60,BOMBARDIER CL-600 Challenger,L2J,M
A63BFA,N500WX,H500,HUGHES 500,H1T,L
A63EFA,N501PP,MU30,MITSUBISHI MU-300 Diamond,L2J,M
A641FA,N502GF,BE20,BEECH 200 Super King Air,L2T,M
A642FA,N502SM,AT5T,AIR TRACTOR AT-504,L1T,L
A64BFA,N5046D,BL8,BELLANCA 8 Decathlon,L1P,L
A64FFA,N5058G,BL8,BELLANCA 8 Decathlon,L1P,L
A650FA,N506HS,R44,ROBINSON R-44 Raven,H1P,L
A652FA,N50629,C150,CESSNA 150,L1P,L
A656FA,N5075B,BE35,BEECH 35 Starfire Bonanza,L1P,L
A657FA,N508DG,AT8T,AIR TRACTOR AT-802,L1T,M
A65AFA,N5087E,C172,CESSNA 172 Skyhawk,L1P,L
A65CFA,N509SL,,,,
A65DFA,N50917,C172,CESSNA 172 Skyhawk,L1P,L
A65EFA,N5099H,RV7,VANS RV-7,L1P,L
A662FA,N510RV,RV10,VANS RV-10,L1P,L
A663FA,N5101R,BE19,BEECH 19 Sport,L1P,L
A665FA,N511JM,,,,
A668FA,N512BD,BE35,BEECH 35 Starfire Bonanza,L1P,L
A66BFA,N5125X,GLAS,Glasair,L1P,L
A66EFA,N5130P,PA24,PIPER PA-24 Comanche,L1P,L
A671FA,N514TF,,,,
A672FA,N5142S,P28R,PIPER PA-28R-180/200/201,L1P,L
A676FA,N5154V,,,,
A677FA,N516CQ,CH75,ZENAIR CH-750 Cruzer,L1P,L
A67AFA,N5166Y,C82T,CESSNA TR182 Turbo Skylane RG,L1P,L
A681FA,N5183T,CH7A,BELLANCA 7 Champion,L1P,L
A682FA,N519BC,B772,BOEING 777-200,L2J,H
A685FA,N5195W,P28A,PIPER PA-28-140/150/160/180,L1P,L
A68BFA,N5205E,C180,CESSNA  180 Skywagon,L1P,L
A68CFA,N521DK,,,,
A68DFA,N521PR,IS28,IAR IS-28M2,L1P,L
A68FFA,N5217H,C172,CESSNA 172 Skyhawk,L1P,L
A690FA,N522GH,T210,CESSNA T210 Turbo Centurion,L1P,L
A692FA,N5222,ST75,STEARMAN Kaydet,L1P,L
A698FA,N524ND,C172,CESSNA 172 Skyhawk,L1P,L
A69BFA,N525EW,C25A,CESSNA 525A Citation CJ2,L2J,L
A69DFA,N52508,,,,
A6A0FA,N526U,C182,CESSNA 182 Skylane,L1P,L
A6A3FA,N527LS,RV7,VANS RV-7,L1P,L
A6A5FA,N5275D,C180,CESSNA  180 Skywagon,L1P,L
A6A6FA,N528DJ,F2TH,DASSAULT Falcon 2000,L2J,M
A6A9FA,N5287G,O1,CESSNA 305/341 Bird Dog,L1P,L
A6ACFA,N52919,C182,CESSNA 182 Skylane,L1P,L
A6B2FA,N5301T,P28R,PIPER PA-28R-180/200/201,L1P,L
A6B3FA,N53084,ST75,STEARMAN Kaydet,L1P,L
A6B6FA,N5313W,P28A,PIPER PA-28-140/150/160/180,L1P,L
A6BEFA,N53372,C72R,CESSNA 172R Cutlass RG,L1P,L
A6C1FA,N5342U,PTS2,PITTS S-2 Special,L1P,L
A6C3FA,N535L,SREY,PROGRESSIVE AERODYNE SeaRey,A1P,L
A6C6FA,N536CS,PA11,PIPER PA-11 Cub Special,L1P,L
A6CDFA,N53783,ST75,STEARMAN Kaydet,L1P,L
A6D5FA,N54EC,TBM7,SOCATA TBM-700A/B/C,L1T,L
A6DEFA,N5417K,NAVI,NORTH AMERICAN Navion,L1P,L
A6E0FA,N542SR,SR22,CIRRUS SR-22,L1P,L
A6E5FA,N5434E,C172,CESSNA 172 Skyhawk,L1P,L
A6E6FA,N544C,S108,STINSON 108 Voyager,L1P,L
A6E9FA,N5446H,C172,CESSNA 172 Skyhawk,L1P,L
A6F3FA,N547X,M5,MAULE M-5,L1P,L
A6F4FA,N5475F,ERCO,AIR PRODUCTS F-1 Aircoupe,L1P,L
A6F9FA,N549GJ,CRJ7,BOMBARDIER Regional Jet CRJ-700,L2J,M
A6FDFA,N55KG,GLID,,L0-,-
A700FA,N550RZ,C550,CESSNA 550 Citation S2,L2J,L
A703FA,N551JR,GLID,,L0-,-
A705FA,N5513Y,ULAC,,L0-,-
A70CFA,N5530T,,,,
A70DFA,N55374,C172,CESSNA 172 Skyhawk,L1P,L
A710FA,N5542W,P28A,PIPER PA-28-140/150/160/180,L1P,L
A711FA,N55497,P28A,PIPER PA-28-140/150/160/180,L1P,L
A712FA,N555LB,,,,
A713FA,N555WH,RS21,RANS S-21 Outbound,L1P,L
A714FA,N5554Z,PA22,PIPER PA-22,L1P,L
A71CFA,N55785,P28A,PIPER PA-28-140/150/160/180,L1P,L
A71EFA,N558UW,A321,AIRBUS A-321,L2J,M
A724FA,N56EE,BE35,BEECH 35 Starfire Bonanza,L1P,L
A726FA,N560AR,C56X,CESSNA 560XL Citation XLS,L2J,M
A729FA,N5605J,C172,CESSNA 172 Skyhawk,L1P,L
A72CFA,N5610A,C172,CESSNA 172 Skyhawk,L1P,L
A72DFA,N5617M,,,,
A730FA,N5622D,,,,
A731FA,N5629Q,PARA,,P0-,-
A738FA,N5646K,BE35,BEECH 35 Starfire Bonanza,L1P,L
A73AFA,N565RF,,,,
A73BFA,N5651B,M5,MAULE M-5,L1P,L
A73CFA,N5658N,M5,MAULE M-5,L1P,L
A73FFA,N5663E,C150,CESSNA 150,L1P,L
A743FA,N5675H,PA16,PIPER PA-16 Clipper,L1P,L
A748FA,N569GL,RV6,VANS RV-6,L1P,L
A749FA,N569SS,UH1,BELL UH-1 Huey,H1T,L
A74BFA,N5699P,PA24,PIPER PA-24 Comanche,L1P,L
A750FA,N5701X,C320,CESSNA 320 Skyknight,L2P,L
A75BFA,N5730V,BE35,BEECH 35 Starfire Bonanza,L1P,L
A75CFA,N57376,M20P,MOONEY M-20,L1P,L
A75DFA,N574HF,T206,CESSNA T206 Turbo Stationair,L1P,L
A75EFA,N574TM,PA32,PIPER PA-32,L1P,L
A75FFA,N5742Y,PA23,PIPER PA-23,L2P,L
A760FA,N57499,B06,BELL 206 JetRanger,H1T,L
A761FA,N575LD,SR20,CIRRUS SR-20,L1P,L
A767FA,N57664,CH7B,BELLANCA 7 Citabria,L1P,L
A76BFA,N57787,PA18,PIPER PA-18 Super Cub,L1P,L
A76EFA,N5783Z,PA22,PIPER PA-22,L1P,L
A76FFA,N579BJ,C560,CESSNA 560 Citation Ultra,L2J,M
A773FA,N58EG,BE58,BEECH 58 Baron,L2P,L
A77CFA,N5817P,PA24,PIPER PA-24 Comanche,L1P,L
A77FFA,N5822F,C210,CESSNA 201 Centurion,L1P,L
A780FA,N5829S,BE35,BEECH 35 Starfire Bonanza,L1P,L
A784FA,N584CD,SR22,CIRRUS SR-22,L1P,L
A78AFA,N5851D,PA22,PIPER PA-22,L1P,L
A78CFA,N586J,JAB4,JABIRU J200-450,L1P,L
A78FFA,N587AS,B738,BOEING 737-800,L2J,M
A796FA,N5887N,AC11,NORTH AMERICAN ROCKWELL Commander 112/114,L1P,L
A79BFA,N59KL,PA11,PIPER PA-11 Cub Special,L1P,L
A79DFA,N590FX,CL35,BOMBARDIER BD-100 Challenger 350,L2J,M
A79EFA,N590SC,RV7,VANS RV-7,L1P,L
A79FFA,N5901Z,PA22,PIPER PA-22,L1P,L
A7A5FA,N592MT,DA40,DIAMOND DA-40 Club Star,L1P,L
A7ABFA,N59378,ST75,STEARMAN Kaydet,L1P,L
A7AEFA,N59420,,,,
A7C7FA,N600HM,C208,CESSNA 208 Caravan,L1T,L
A7C9FA,N60024,C150,CESSNA 150,L1P,L
A7CDFA,N60147,ST75,STEARMAN Kaydet,L1P,L
A7CEFA,N602DB,EXEC,ROTORWAY Exec,H1P,L
A7D1FA,N6027,AT6T,AIR TRACTOR AT-602,L1T,L
A7D3FA,N603SF,P337,CESSNA P337 Skymaster,L2P,L
A7D7FA,N604VD,DRON,,D0-,-
A7D8FA,N60435,C82T,CESSNA TR182 Turbo Skylane RG,L1P,L
A7DCFA,N60558,C150,CESSNA 150,L1P,L
A7E0FA,N6068A,C172,CESSNA 172 Skyhawk,L1P,L
A7E4FA,N608AC,P28A,PIPER PA-28-140/150/160/180,L1P,L
A7E8FA,N609DA,SR20,CIRRUS SR-20,L1P,L
A7EBFA,N60969,C185,CESSNA 185 Skywagon,L1P,L
A7EDFA,N61SE,CH7B,BELLANCA 7 Citabria,L1P,L
A7F3FA,N611RP,S22T,CIRRUS SR-22T Turbo,L1P,L
A7F5FA,N6118W,P28A,PIPER PA-28-140/150/160/180,L1P,L
A7F8FA,N6123N,BE19,BEECH 19 Sport,L1P,L
A7FAFA,N613MD,ULAC,,L0-,-
A7FCFA,N6135R,C72R,CESSNA 172R Cutlass RG,L1P,L
A7FFFA,N6140H,P28R,PIPER PA-28R-180/200/201,L1P,L
A800FA,N6147U,B350,BEECHCRAFT Super King Air 350,L2T,M
A803FA,N6152L,,,,
A806FA,N616VY,,,,
A80BFA,N6176S,ST75,STEARMAN Kaydet,L1P,L
A80FFA,N6188V,LA4,LAKE LA-4/200,A1P,L
A810FA,N619JE,SR20,CIRRUS SR-20,L1P,L
A812FA,N6193M,C82T,CESSNA TR182 Turbo Skylane RG,L1P,L
A814FA,N62MC,DA62,DIAMOND DA-62,L2P,L
A816FA,N620HP,T206,CESSNA T206 Turbo Stationair,L1P,L
A818FA,N62026,M5,MAULE M-5,L1P,L
A81BFA,N621WT,RV7,VANS RV-7,L1P,L
A823FA,N62314,DHC2,DE HAVILLAND DHC-2 Beaver,L1P,L
A824FA,N6239E,C172,CESSNA 172 Skyhawk,L1P,L
A825FA,N624K,B06,BELL 206 JetRanger,H1T,L
A832FA,N62725,O1,CESSNA 305/341 Bird Dog,L1P,L
A836FA,N62848,PA31,PIPER PA-31-300/310/325/350/425,L2P,L
A837FA,N629DC,DV20,DIAMOND DA-20,L1P,L
A838FA,N629PJ,CH7B,BELLANCA 7 Citabria,L1P,L
A83CFA,N63SG,MG21,MIKOYAN MiG-21,L1J,M
A83FFA,N630YZ,DRON,,D0-,-
A840FA,N6306V,COUR,HELIO Courier,L1P,L
A843FA,N6311M,S108,STINSON 108 Voyager,L1P,L
A846FA,N632UP,B748,BOEING 747-8,L4J,H
A848FA,N633B,SR22,CIRRUS SR-22,L1P,L
A84BFA,N6335T,GLID,,L0-,-
A851FA,N635TB,RV4,VANS RV-4,L1P,L
A852FA,N6352N,CH7A,BELLANCA 7 Champion,L1P,L
A855FA,N636W,BE36,BEECH 36 Bonanza,L1P,L
A856FA,N6364R,P28A,PIPER PA-28-140/150/160/180,L1P,L
A861FA,N6393P,PA24,PIPER PA-24 Comanche,L1P,L
A862FA,N64AZ,PA23,PIPER PA-23,L2P,L
A863FA,N64ME,RV6,VANS RV-6,L1P,L
A868FA,N641AH,EV97,EVEKTRO EV-97 EuroStar,L1P,L
A86BFA,N6415A,C182,CESSNA 182 Skylane,L1P,L
A86FFA,N6427D,T6,NORTH AMERICAN T-6 Texan,L1P,L
A876FA,N64439,C172,CESSNA 172 Skyhawk,L1P,L
A878FA,N645N,,,,
A87AFA,N6456B,C172,CESSNA 172 Skyhawk,L1P,L
A87DFA,N64604,ST75,STEARMAN Kaydet,L1P,L
A880FA,N647TW,C310,CESSNA 310,L2P,L
A885FA,N6485,GLID,,L0-,-
A88DFA,N650NV,C560,CESSNA 560 Citation Ultra,L2J,M
A88FFA,N6506X,C210,CESSNA 201 Centurion,L1P,L
A892FA,N6511P,PA24,PIPER PA-24 Comanche,L1P,L
A893FA,N65180,C172,CESSNA 172 Skyhawk,L1P,L
A89AFA,N6535V,C72R,CESSNA 172R Cutlass RG,L1P,L
A89BFA,N654E,,,,
A8A5FA,N6564T,PARA,,P0-,-
A8AAFA,N658FL,P28A,PIPER PA-28-140/150/160/180,L1P,L
A8B0FA,N6593R,BE23,BEECH 23 Sundowner,L1P,L
A8B1FA,N66BA,HROC,HARMON Rocket,L1P,L
A8B2FA,N66MG,GLAS,Glasair,L1P,L
A8BAFA,N6615C,L13,CONVAIR L-13 Centaur,L1P,L
A8C0FA,N663SM,AA5,AMERICAN AA-5 Tiger,L1P,L
A8C2FA,N6639J,P28A,PIPER PA-28-140/150/160/180,L1P,L
A8CEFA,N667HS,GLF6,GULFSTREAM G650,L2J,M
A8D1FA,N668AJ,C550,CESSNA 550 Citation S2,L2J,L
A8D4FA,N6685B,C310,CESSNA 310,L2P,L
A8D8FA,N6697E,C175,CESSNA 175 Skylark,L1P,L
A8DAFA,N67SL,ULAC,,L0-,-
A8E1FA,N6711R,BE77,BEECH 77 Skipper,L1P,L
A8E3FA,N672JM,C25A,CESSNA 525A Citation CJ2,L2J,L
A8E5FA,N6723U,M20P,MOONEY M-20,L1P,L
A8E9FA,N6735X,C310,CESSNA 310,L2P,L
A8F6FA,N677NW,DRON,,D0-,-
A900FA,N68BC,SR20,CIRRUS SR-20,L1P,L
A901FA,N68MJ,DA42,DIAMOND DA-42 Guardian,L2P,L
A909FA,N6815E,C175,CESSNA 175 Skylark,L1P,L
A90FFA,N683SP,C172,CESSNA 172 Skyhawk,L1P,L
A912FA,N684KF,F2TH,DASSAULT Falcon 2000,L2J,M
A916FA,N685ND,P28A,PIPER PA-28-140/150/160/180,L1P,L
A918FA,N6856F,P32R,PIPER PA-32R-300/301/301T,L1P,L
A91BFA,N68608,C152,CESSNA 152,L1P,L
A91EFA,N687U,GLID,,L0-,-
A920FA,N688AL,SF50,CIRRUS SF-50 Vision,L1J,L
A924FA,N689DJ,DRON,,D0-,-
A927FA,N6897G,C150,CESSNA 150,L1P,L
A928FA,N69GG,TF19,TAYLORCRAFT F-19 Sportsman,L1P,L
A930FA,N6911T,DRON,,D0-,-
A936FA,N693MM,M20P,MOONEY M-20,L1P,L
A939FA,N694ED,E300,EXTRA EA-300/330/350,L1P,L
A93FFA,N6952U,M20P,MOONEY M-20,L1P,L
A94AFA,N6981S,C150,CESSNA 150,L1P,L
A94EFA,N6993V,C150,CESSNA 150,L1P,L
A950FA,N7ML,C180,CESSNA  180 Skywagon,L1P,L
A95AFA,N7012Y,PA30,PIPER PA-30 Twin Comanche,L2P,L
A95BFA,N70199,C185,CESSNA 185 Skywagon,L1P,L
A95EFA,N70241,C162,CESSNA 162 Skycatcher,L1P,L
A95FFA,N703CW,C82S,CESSNA T182 Turbo Skylane,L1P,L
A964FA,N704S,SRAI,GREAT PLAINS Sonerai,L1P,L
A965FA,N7041W,P28A,PIPER PA-28-140/150/160/180,L1P,L
A966FA,N70487,C185,CESSNA 185 Skywagon,L1P,L
A967FA,N705JS,TBM7,SOCATA TBM-700A/B/C,L1T,L
A969FA,N7053Z,BALL,,B0-,-
A96DFA,N70652,J3,PIPER J-3 Cub,L1P,L
A970FA,N7070U,R66,ROBINSON R-66,H1T,L
A974FA,N7082X,CRER,RANS Courier,L1P,L
A976FA,N709LC,C150,CESSNA 150,L1P,L
A978FA,N70940,PA18,PIPER PA-18 Super Cub,L1P,L
A979FA,N71CV,SR22,CIRRUS SR-22,L1P,L
A97AFA,N71PA,F260,AERMACCHI SF-260,L1P,L
A984FA,N712RH,BE20,BEECH 200 Super King Air,L2T,M
A985FA,N7121D,PA22,PIPER PA-22,L1P,L
A986FA,N7128Q,C172,CESSNA 172 Skyhawk,L1P,L
A987FA,N713J,BE95,BEECH 95 Travel Air,L2P,L
A98AFA,N714AS,RV4,VANS RV-4,L1P,L
A98DFA,N7145K,PA18,PIPER PA-18 Super Cub,L1P,L
A991FA,N7157N,BE35,BEECH 35 Starfire Bonanza,L1P,L
A995FA,N7169R,P28A,PIPER PA-28-140/150/160/180,L1P,L
A997FA,N717VS,BE60,BEECH 60 Duke,L2P,L
A998FA,N7174H,J3,PIPER J-3 Cub,L1P,L
A99CFA,N7186L,AA5,AMERICAN AA-5 Tiger,L1P,L
A9A5FA,N7200X,C150,CESSNA 150,L1P,L
A9A7FA,N721HH,R22,ROBINSON R-22 Mariner,H1P,L
A9ACFA,N722WM,P28R,PIPER PA-28R-180/200/201,L1P,L
A9B5FA,N72489,C140,CESSNA 140,L1P,L
A9B8FA,N72531,C140,CESSNA 140,L1P,L
A9BCFA,N72654,C120,CESSNA 120,L1P,L
A9BFFA,N7270W,P28A,PIPER PA-28-140/150/160/180,L1P,L
A9C0FA,N72777,C140,CESSNA 140,L1P,L
A9C1FA,N728HG,GLEX,BOMBARDIER BD-700 Global 6000/6500,L2J,M
A9C3FA,N7282Z,PA25,PIPER PA-25 Pawnee,L1P,L
A9C6FA,N729WL,LJ31,LEARJET 31,L2J,M
A9C9FA,N73PC,CH7A,BELLANCA 7 Champion,L1P,L
A9CBFA,N730KP,RV7,VANS RV-7,L1P,L
A9D1FA,N7316P,PA24,PIPER PA-24 Comanche,L1P,L
A9D2FA,N732FD,A30B,AIRBUS A-300-200,L2J,H
A9D4FA,N7321F,P28A,PIPER PA-28-140/150/160/180,L1P,L
A9D5FA,N7328S,C182,CESSNA 182 Skylane,L1P,L
A9D9FA,N734AU,C172,CESSNA 172 Skyhawk,L1P,L
A9DAFA,N734M,DA40,DIAMOND DA-40 Club Star,L1P,L
A9DEFA,N735PY,C182,CESSNA 182 Skylane,L1P,L
A9E3FA,N7362G,C172,CESSNA 172 Skyhawk,L1P,L
A9E6FA,N737VU,C82R,CESSNA R182 Skylane RG,L1P,L
A9EAFA,N738YS,C172,CESSNA 172 Skyhawk,L1P,L
A9EBFA,N7386N,C182,CESSNA 182 Skylane,L1P,L
A9ECFA,N739FC,C172,CESSNA 172 Skyhawk,L1P,L
A9F0FA,N74JA,CL60,BOMBARDIER CL-600 Challenger,L2J,M
A9F7FA,N741TR,PIVI,PIPSTREL Virus,L1P,L
AA03FA,N74410,AA5,AMERICAN AA-5 Tiger,L1P,L
AA07FA,N74533,M20P,MOONEY M-20,L1P,L
AA0BFA,N74656,RELI,STINSON Reliant,L1P,L
AA0DFA,N747QS,CL35,BOMBARDIER BD-100 Challenger 350,L2J,M
AA12FA,N74821,AA5,AMERICAN AA-5 Tiger,L1P,L
AA17FA,N75CZ,COZY,CO-Z Cozy,L1P,L
AA18FA,N75PE,BE30,BEECH 300 Super King Air,L2T,L
AA1BFA,N750VX,CRES,PACIFIC AEROSPACE Cresco,L1T,L
AA1CFA,N7504N,BE36,BEECH 36 Bonanza,L1P,L
AA1DFA,N751CH,HIGH,JUST JA20 Highlander,L1P,L
AA23FA,N7521H,PA12,PIPER PA-12 Super Cruiser,L1P,L
AA24FA,N7528U,R44,ROBINSON R-44 Raven,H1P,L
AA28FA,N754AW,B407,BELL 407,H1T,L
AA2BFA,N7545P,PA24,PIPER PA-24 Comanche,L1P,L
AA2FFA,N7557S,C182,CESSNA 182 Skylane,L1P,L
AA32FA,N7562J,P28R,PIPER PA-28R-180/200/201,L1P,L
AA33FA,N7569V,C77R,CESSNA 177RG Cardinal RG,L1P,L
AA35FA,N757VW,C152,CESSNA 152,L1P,L
AA36FA,N7574M,C175,CESSNA 175 Skylark,L1P,L
AA3AFA,N7586Q,C310,CESSNA 310,L2P,L
AA3BFA,N759FE,C182,CESSNA 182 Skylane,L1P,L
AA3DFA,N7591G,C172,CESSNA 172 Skyhawk,L1P,L
AA3FFA,N76JC,RV8,VANS RV-8,L1P,L
AA43FA,N76001,C140,CESSNA 140,L1P,L
AA48FA,N762AD,RV7,VANS RV-7,L1P,L
AA4CFA,N763DB,GLF4,GULFSTREAM 4,L2J,M
AA52FA,N76412,C120,CESSNA 120,L1P,L
AA56FA,N76535,C140,CESSNA 140,L1P,L
AA5EFA,N7678A,C180,CESSNA  180 Skywagon,L1P,L
AA62FA,N769AC,B58T,BEECH 58TC Baron,L2P,L
AA65FA,N76946,C140,CESSNA 140,L1P,L
AA66FA,N77DA,BE33,BEECH 33 Bonanza,L1P,L
AA67FA,N77PG,BE36,BEECH 36 Bonanza,L1P,L
AA69FA,N770KT,PA31,PIPER PA-31-300/310/325/350/425,L2P,L
AA6BFA,N7704Q,C310,CESSNA 310,L2P,L
AA73FA,N7728W,P28A,PIPER PA-28-140/150/160/180,L1P,L
AA76FA,N7733N,P28A,PIPER PA-28-140/150/160/180,L1P,L
AA7AFA,N7745R,BE36,BEECH 36 Bonanza,L1P,L
AA7BFA,N775DW,SM19,SIAI-MARCHETTI SM-1019,L1T,L
AA7EFA,N7757U,C172,CESSNA 172 Skyhawk,L1P,L
AA80FA,N776T,ULAC,,L0-,-
AA83FA,N777KS,C182,CESSNA 182 Skylane,L1P,L
AA84FA,N777VY,RV7,VANS RV-7,L1P,L
AA89FA,N7786S,GLID,,L0-,-
AA8EFA,N78JE,COL4,CESSNA 400 Corvalis TT,L1P,L
AA92FA,N78003,B772,BOEING 777-200,L2J,H
AA96FA,N78126,C172,CESSNA 172 Skyhawk,L1P,L
AA99FA,N782WT,MUS2,BUSHBY M-2 Mustang 2,L1P,L
AA9AFA,N78249,C172,CESSNA 172 Skyhawk,L1P,L
AAA2FA,N7849E,C150,CESSNA 150,L1P,L
AAA3FA,N785K,FDCT,FLIGHT DESIGN CT,L1P,L
AAA5FA,N78537,C172,CESSNA 172 Skyhawk,L1P,L
AAACFA,N78702,PA12,PIPER PA-12 Super Cruiser,L1P,L
AAADFA,N7878C,TAYD,TAYLORCRAFT DC/DF/DL,L1P,L
AAB0FA,N78825,PA11,PIPER PA-11 Cub Special,L1P,L
AAB2FA,N789LL,BE30,BEECH 300 Super King Air,L2T,L
AAB5FA,N79DC,C414,CESSNA 414 Chancellor,L2P,L
AAB6FA,N79PJ,B06,BELL 206 JetRanger,H1T,L
AAC1FA,N7921M,BE35,BEECH 35 Starfire Bonanza,L1P,L
AAC2FA,N7928Y,PA30,PIPER PA-30 Twin Comanche,L2P,L
AAC5FA,N7933Q,C310,CESSNA 310,L2P,L
AACDFA,N7957W,P28A,PIPER PA-28-140/150/160/180,L1P,L
AAD0FA,N7962N,P28A,PIPER PA-28-140/150/160/180,L1P,L
AAD3FA,N797W,,,,
AADAFA,N799RQ,RV6,VANS RV-6,L1P,L
AADBFA,N7991L,BE23,BEECH 23 Sundowner,L1P,L
AADCFA,N7998X,C172,CESSNA 172 Skyhawk,L1P,L
AAE1FA,N800BD,CL30,BOMBARDIER BD-100 Challenger 300,L2J,M
AAE3FA,N800XR,H25B,HAWKER BEECHCRAFT Hawker 750/850,L2J,M
AAE4FA,N8005X,PTS2,PITTS S-2 Special,L1P,L
AAECFA,N80293,AT8T,AIR TRACTOR AT-802,L1T,M
AAEFFA,N8034V,SS2P,ROCKWELL Thrush Commander,L1P,L
AAF1FA,N804NW,A333,AIRBUS A-330-300,L2J,H
AAF6FA,N8051Q,C182,CESSNA 182 Skylane,L1P,L
AAFAFA,N8063T,PA32,PIPER PA-32,L1P,L
AAFBFA,N807BC,GLF6,GULFSTREAM G650,L2J,M
AAFCFA,N807MJ,P46T,PIPER PA-46-500TP,L1T,L
AAFEFA,N8075W,P28A,PIPER PA-28-140/150/160/180,L1P,L
AB01FA,N8080N,BE33,BEECH 33 Bonanza,L1P,L
AB05FA,N8092R,BE36,BEECH 36 Bonanza,L1P,L
AB0AFA,N810SP,B430,BELL 430,H2T,L
AB0EFA,N811VM,PC12,PILATUS PC-12,L1T,L
AB11FA,N812ND,P28A,PIPER PA-28-140/150/160/180,L1P,L
AB13FA,N8126F,C150,CESSNA 150,L1P,L
AB17FA,N8138J,SR22,CIRRUS SR-22,L1P,L
AB1AFA,N8143A,C170,CESSNA 170,L1P,L
AB1FFA,N816DJ,,,,
AB22FA,N8167G,GYRO,,G0-,-
AB26FA,N8179K,S108,STINSON 108 Voyager,L1P,L
AB27FA,N818KE,GLF4,GULFSTREAM 4,L2J,M
AB29FA,N8184B,C172,CESSNA 172 Skyhawk,L1P,L
AB2FFA,N82RA,PA11,PIPER PA-11 Cub Special,L1P,L
AB31FA,N820MM,,,,
AB36FA,N8210R,BL17,BELLANCA 17 Viking,L1P,L
AB37FA,N82172,PA18,PIPER PA-18 Super Cub,L1P,L
AB3AFA,N8222U,C172,CESSNA 172 Skyhawk,L1P,L
AB3BFA,N82295,FOX,KITFOX,L1P,L
AB3CFA,N823L,C25A,CESSNA 525A Citation CJ2,L2J,L
AB3FFA,N824CS,C82T,CESSNA TR182 Turbo Skylane RG,L1P,L
AB46FA,N82583,T6,NORTH AMERICAN T-6 Texan,L1P,L
AB49FA,N8263V,BT36,BEECH B36TC Bonanza,L1P,L
AB4AFA,N827BE,SH36,SHORT 360,L2T,M
AB4EFA,N828EC,SR22,CIRRUS SR-22,L1P,L
AB53FA,N829TG,C550,CESSNA 550 Citation S2,L2J,L
AB54FA,N8292T,P32R,PIPER PA-32R-300/301/301T,L1P,L
AB55FA,N82994,CH7A,BELLANCA 7 Champion,L1P,L
AB57FA,N83WE,BE9L,BEECH 90 King Air,L2T,L
AB59FA,N830SR,SREY,PROGRESSIVE AERODYNE SeaRey,A1P,L
AB5BFA,N8309N,BE35,BEECH 35 Starfire Bonanza,L1P,L
AB5DFA,N831VP,C650,CESSNA 650 Citation,L2J,M
AB66FA,N8338L,C172,CESSNA 172 Skyhawk,L1P,L
AB6AFA,N835AN,B789,BOEING 787-9 Dreamliner,L2J,H
AB74FA,N8372A,C172,CESSNA 172 Skyhawk,L1P,L
AB7CFA,N8396G,C150,CESSNA 150,L1P,L
AB7EFA,N84RC,,,,
AB83FA,N841EF,SR20,CIRRUS SR-20,L1P,L
AB85FA,N8410T,C182,CESSNA 182 Skylane,L1P,L
AB89FA,N8422W,P28A,PIPER PA-28-140/150/160/180,L1P,L
AB8FFA,N844P,RV8,VANS RV-8,L1P,L
AB95FA,N84585,PA32,PIPER PA-32,L1P,L
AB98FA,N8463X,P32R,PIPER PA-32R-300/301/301T,L1P,L
AB9CFA,N84750,CH7A,BELLANCA 7 Champion,L1P,L
ABA0FA,N84873,CH7A,BELLANCA 7 Champion,L1P,L
ABA7FA,N850GM,TBM7,SOCATA TBM-700A/B/C,L1T,L
ABA9FA,N8502D,PA22,PIPER PA-22,L1P,L
ABAEFA,N852CB,DA42,DIAMOND DA-42 Guardian,L2P,L
ABB1FA,N8526K,PA18,PIPER PA-18 Super Cub,L1P,L
ABB5FA,N8538N,P28B,PIPER PA-28-201T/235/236,L1P,L
ABB8FA,N8543E,P28A,PIPER PA-28-140/150/160/180,L1P,L
ABBCFA,N8555H,G164,GRUMMAN G-164 Ag-Cat,L1P,L
ABBDFA,N856DN,B739,BOEING 737-900,L2J,M
ABBEFA,N856PU,P28A,PIPER PA-28-140/150/160/180,L1P,L
ABC4FA,N8579P,PA24,PIPER PA-24 Comanche,L1P,L
ABC8FA,N859CA,TBM7,SOCATA TBM-700A/B/C,L1T,L
ABCBFA,N8596J,C150,CESSNA 150,L1P,L
ABCCFA,N86EZ,VEZE,RUTAN VariEze,L1P,L
ABD3FA,N861QP,DRON,,D0-,-
ABD5FA,N86176,AR11,AERONCA 11 Chief,L1P,L
ABD8FA,N8622Y,PA30,PIPER PA-30 Twin Comanche,L2P,L
ABE5FA,N866JS,R44,ROBINSON R-44 Raven,H1P,L
ABEBFA,N86752,CH7B,BELLANCA 7 Citabria,L1P,L
ABEEFA,N8680U,C172,CESSNA 172 Skyhawk,L1P,L
ABEFFA,N86875,B14A,BELLANCA 14,L1P,L
ABF5FA,N87WJ,RV4,VANS RV-4,L1P,L
ABFDFA,N872CD,SR22,CIRRUS SR-22,L1P,L
AC03FA,N8731D,PA22,PIPER PA-22,L1P,L
AC05FA,N874J,C172,CESSNA 172 Skyhawk,L1P,L
AC08FA,N875AS,CRJ2,BOMBARDIER Regional Jet CRJ-200,L2J,M
AC0BFA,N8755K,S108,STINSON 108 Voyager,L1P,L
AC0EFA,N8760B,C172,CESSNA 172 Skyhawk,L1P,L
AC0FFA,N8767N,P28A,PIPER PA-28-140/150/160/180,L1P,L
AC1AFA,N8796L,B38M,BOEING 737 MAX 8,L2J,M
AC1BFA,N88FA,BE10,BEECH 100 King Air,L2T,L
AC1DFA,N880BM,DA40,DIAMOND DA-40 Club Star,L1P,L
AC1EFA,N880MT,C170,CESSNA 170,L1P,L
AC20FA,N88055,CH7B,BELLANCA 7 Citabria,L1P,L
AC23FA,N8810X,C182,CESSNA 182 Skylane,L1P,L
AC26FA,N882TP,DC3,DOUGLAS DC-3 Dakota,L2P,M
AC27FA,N88220,J3,PIPER J-3 Cub,L1P,L
AC28FA,N883A,GLF5,GULFSTREAM 5,L2J,M
AC33FA,N88589,J3,PIPER J-3 Cub,L1P,L
AC3AFA,N88754,B47G,BELL 47G,H1P,L
AC3BFA,N888EJ,P28A,PIPER PA-28-140/150/160/180,L1P,L
AC42FA,N89,CL60,BOMBARDIER CL-600 Challenger,L2J,M
AC45FA,N890GR,C310,CESSNA 310,L2P,L
AC47FA,N8902H,NAVI,NORTH AMERICAN Navion,L1P,L
AC48FA,N8909U,BE35,BEECH 35 Starfire Bonanza,L1P,L
AC4FFA,N8926P,PA24,PIPER PA-24 Comanche,L1P,L
AC50FA,N893FD,B77L,BOEING 777-200LR,L2J,H
AC53FA,N8938S,C150,CESSNA 150,L1P,L
AC54FA,N894JB,COY2,RANS Coyote 2,L1P,L
AC56FA,N8943J,P28A,PIPER PA-28-140/150/160/180,L1P,L
AC5AFA,N8955M,BE35,BEECH 35 Starfire Bonanza,L1P,L
AC61FA,N8972G,C182,CESSNA 182 Skylane,L1P,L
AC62FA,N8979T,C182,CESSNA 182 Skylane,L1P,L
AC69FA,N8996N,PA32,PIPER PA-32,L1P,L
AC6AFA,N9FC,LGEZ,RUTAN Long-EZ,L1P,L
AC6CFA,N90BP,DUOD,SCHEMPP-HIRTH Duo Discus,L1P,L
AC6EFA,N90YA,C425,CESSNA 425 Corsair,L2T,L
AC79FA,N9027U,ZZZZ,,-0-,-
AC7CFA,N9032L,CH7B,BELLANCA 7 Citabria,L1P,L
AC7DFA,N9039X,C182,CESSNA 182 Skylane,L1P,L
AC7EFA,N904KS,BE9L,BEECH 90 King Air,L2T,L
AC84FA,N9056S,BE36,BEECH 36 Bonanza,L1P,L
AC88FA,N9068V,M20P,MOONEY M-20,L1P,L
AC89FA,N907JE,BE40,BEECH 400 Beechjet,L2J,M
AC8DFA,N908MC,C82T,CESSNA TR182 Turbo Skylane RG,L1P,L
AC8EFA,N908XJ,CRJ9,BOMBARDIER Regional Jet CRJ-900,L2J,M
AC8FFA,N9085Q,C82S,CESSNA T182 Turbo Skylane,L1P,L
AC94FA,N91GT,C25B,CESSNA 525B Citation CJ3,L2J,L
AC96FA,N910DD,TBM7,SOCATA TBM-700A/B/C,L1T,L
AC97FA,N910PK,TBM7,SOCATA TBM-700A/B/C,L1T,L
AC99FA,N9107B,C172,CESSNA 172 Skyhawk,L1P,L
AC9BFA,N911SH,FDCT,FLIGHT DESIGN CT,L1P,L
AC9DFA,N9119E,AR11,AERONCA 11 Chief,L1P,L
AC9EFA,N912K,FOX,KITFOX,L1P,L
ACA4FA,N9136,A660,THRUSH S-2R Turbo 660,L1T,L
ACA7FA,N91402,C180,CESSNA  180 Skywagon,L1P,L
ACA8FA,N9148C,AT5T,AIR TRACTOR AT-504,L1T,L
ACADFA,N916LL,EC55,AIRBUS HELICOPTERS EC-155,H2T,L
ACB0FA,N917DC,BE36,BEECH 36 Bonanza,L1P,L
ACB3FA,N9177A,C170,CESSNA 170,L1P,L
ACB6FA,N91813,C172,CESSNA 172 Skyhawk,L1P,L
ACB7FA,N9189D,PA18,PIPER PA-18 Super Cub,L1P,L
ACB9FA,N919VE,CL60,BOMBARDIER CL-600 Challenger,L2J,M
ACBAFA,N91936,C72R,CESSNA 172R Cutlass RG,L1P,L
ACBBFA,N92BR,M20P,MOONEY M-20,L1P,L
ACC0FA,N9203Q,BE36,BEECH 36 Bonanza,L1P,L
ACC1FA,N921B,B47G,BELL 47G,H1P,L
ACC2FA,N921MF,BE9T,BEECH F90 King Air,L2T,L
ACC7FA,N9220K,S108,STINSON 108 Voyager,L1P,L
ACC9FA,N923GW,C172,CESSNA 172 Skyhawk,L1P,L
ACCEFA,N924W,SR22,CIRRUS SR-22,L1P,L
ACD6FA,N9261L,,,,
ACD8FA,N927JG,BALL,,B0-,-
ACDAFA,N9273P,PA18,PIPER PA-18 Super Cub,L1P,L
ACDBFA,N928AZ,T206,CESSNA T206 Turbo Stationair,L1P,L
ACE1FA,N9290J,P28A,PIPER PA-28-140/150/160/180,L1P,L
ACE4FA,N93TA,SR20,CIRRUS SR-20,L1P,L
ACE5FA,N930DF,TBM7,SOCATA TBM-700A/B/C,L1T,L
ACE6FA,N930PM,TBM7,SOCATA TBM-700A/B/C,L1T,L
ACE8FA,N9307D,C72R,CESSNA 172R Cutlass RG,L1P,L
ACEBFA,N93116,C152,CESSNA 152,L1P,L
ACEFFA,N93239,C152,CESSNA 152,L1P,L
AD02FA,N9377C,P28R,PIPER PA-28R-180/200/201,L1P,L
AD09FA,N93938,ERCO,AIR PRODUCTS F-1 Aircoupe,L1P,L
AD0AFA,N94BT,C180,CESSNA  180 Skywagon,L1P,L
AD0FFA,N9403S,BE35,BEECH 35 Starfire Bonanza,L1P,L
AD11FA,N941MH,F2TH,DASSAULT Falcon 2000,L2J,M
AD14FA,N942E,PA31,PIPER PA-31-300/310/325/350/425,L2P,L
AD16FA,N9420M,C210,CESSNA 201 Centurion,L1P,L
AD17FA,N9427Y,BE35,BEECH 35 Starfire Bonanza,L1P,L
AD1BFA,N94391,C182,CESSNA 182 Skylane,L1P,L
AD1DFA,N944WB,C182,CESSNA 182 Skylane,L1P,L
AD21FA,N945Z,GLID,,L0-,-
AD22FA,N9456W,P28B,PIPER PA-28-201T/235/236,L1P,L
AD25FA,N9461N,P28R,PIPER PA-28R-180/200/201,L1P,L
AD29FA,N9473R,,,,
AD2AFA,N948BA,A320,AIRBUS A-320,L2J,M
AD33FA,N95TC,PA31,PIPER PA-31-300/310/325/350/425,L2P,L
AD34FA,N950DH,DHC1,DE HAVILLAND DHC-1 Chipmunk,L1P,L
AD39FA,N951SM,M7,MAULE M-7,L1P,L
AD3BFA,N9519J,P28A,PIPER PA-28-140/150/160/180,L1P,L
AD3EFA,N9524A,C170,CESSNA 170,L1P,L
AD42FA,N9536D,C72R,CESSNA 172R Cutlass RG,L1P,L
AD44FA,N954R,BE33,BEECH 33 Bonanza,L1P,L
AD46FA,N9548G,C188,CESSNA 188 AgTruck,L1P,L
AD51FA,N9577E,BL17,BELLANCA 17 Viking,L1P,L
AD54FA,N95817,TAYB,TAYLORCRAFT BC/BF/BL,L1P,L
AD55FA,N9589H,C172,CESSNA 172 Skyhawk,L1P,L
AD5EFA,N9603U,AA1,AMERICAN AA-1,L1P,L
AD63FA,N962EB,GLAS,Glasair,L1P,L
AD66FA,N96270,TAYB,TAYLORCRAFT BC/BF/BL,L1P,L
AD6AFA,N96393,C182,CESSNA 182 Skylane,L1P,L
AD75FA,N96681,TAYB,TAYLORCRAFT BC/BF/BL,L1P,L
AD82FA,N97TE,C56X,CESSNA 560XL Citation XLS,L2J,M
AD8DFA,N9724C,P28R,PIPER PA-28R-180/200/201,L1P,L
AD94FA,N97408,S108,STINSON 108 Voyager,L1P,L
AD95FA,N9748J,P28A,PIPER PA-28-140/150/160/180,L1P,L
AD98FA,N9753A,C170,CESSNA 170,L1P,L
AD99FA,N976AL,S76,SIKORSKY S-76 Spirit,H2T,L
AD9AFA,N976LS,RV6,VANS RV-6,L1P,L
AD9CFA,N9765D,PA22,PIPER PA-22,L1P,L
ADA9FA,N98NC,DHC4,DE HAVILLAND DHC-4 Caribou,L2P,M
ADAFFA,N981MM,GLAS,Glasair,L1P,L
ADB1FA,N9815Z,T206,CESSNA T206 Turbo Stationair,L1P,L
ADB8FA,N9832U,AA1,AMERICAN AA-1,L1P,L
ADB9FA,N98395,C172,CESSNA 172 Skyhawk,L1P,L
ADC7FA,N9873V,C172,CESSNA 172 Skyhawk,L1P,L
ADC8FA,N988BE,C172,CESSNA 172 Skyhawk,L1P,L
ADCBFA,N9885Y,CH7B,BELLANCA 7 Citabria,L1P,L
ADCCFA,N989EC,SR22,CIRRUS SR-22,L1P,L
ADCFFA,N98971,PA12,PIPER PA-12 Super Cruiser,L1P,L
ADD0FA,N99HA,C172,CESSNA 172 Skyhawk,L1P,L
ADD2FA,N990DM,P32R,PIPER PA-32R-300/301/301T,L1P,L
ADD4FA,N990ZZ,DRON,,D0-,-
ADE0FA,N9936H,BE17,BEECH 17 Staggerwing,L1P,L
ADE7FA,N9953C,C303,CESSNA T303 Crusader,L2P,L
ADE8FA,N996AN,A321,AIRBUS A-321,L2J,M
ADEAFA,N996X,G164,GRUMMAN G-164 Ag-Cat,L1P,L
ADECFA,N997DL,MD88,MCDONNELL-DOUGLAS MD-88,L2J,M
ADEFFA,N9977J,C188,CESSNA 188 AgTruck,L1P,L
ADF4FA,N999KG,BALL,,B0-,-
ADF6FA,N9994D,PA22,PIPER PA-22,L1P,L
ADFCFA,95-0046,BE40,BEECH 400 Beechjet,L2J,M
ADFFFA,70-1568,T38,NORTHROP T-38 Talon,L2J,L
AE00FA,64-13288,T38,NORTHROP T-38 Talon,L2J,L
AE01FA,98-3034,TEX2,BEECHCRAFT T-6 Texan 2,L1T,L
AE02FA,86-0419,C130,LOCKHEED C-130 Hercules,L4T,M
AE03FA,84-00146,BE20,BEECH 200 Super King Air,L2T,M
AE04FA,84-0148,BE20,BEECH 200 Super King Air,L2T,M
AE07FA,97-0048,C17,BOEING C-17 Globemaster 3,L4J,H
AE08FA,84-24377,BE20,BEECH 200 Super King Air,L2T,M
AE09FA,90-26279,H60,SIKORSKY UH-60 Black Hawk,H2T,M
AE0AFA,87-24585,H60,SIKORSKY UH-60 Black Hawk,H2T,M
AE0DFA,97-26760,H60,SIKORSKY UH-60 Black Hawk,H2T,M
AE10FA,01-3606,TEX2,BEECHCRAFT T-6 Texan 2,L1T,L
AE11FA,02-0203,B737,BOEING 737-700,L2J,M
AE13FA,05-3771,TEX2,BEECHCRAFT T-6 Texan 2,L1T,L
AE14FA,05-27050,H60,SIKORSKY UH-60 Black Hawk,H2T,M
AE16FA,91-0402,F16,GENERAL DYNAMICS F-16 Fighting Falcon,L1J,M
AE18FA,79-0119,A10,FAIRCHILD A-10 Thunderbolt II,L2J,M
AE1CFA,158222,P3,LOCKHEED P-3 Orion,L4T,M
AE1FFA,12-72235,EC45,AIRBUS HELICOPTERS EC-145,H2T,L
AE27FA,6009,H60,SIKORSKY UH-60 Black Hawk,H2T,M
AE2BFA,166583,H60,SIKORSKY UH-60 Black Hawk,H2T,M
AE2EFA,166125,TEX2,BEECHCRAFT T-6 Texan 2,L1T,L
AE47FA,07-20061,H60,SIKORSKY UH-60 Black Hawk,H2T,M
AE4AFA,08-5685,C30J,LOCKHEED MARTIN C-130J Super Hercules,L4T,M
AE4CFA,10-27026,C27J,ALENIA C-27J Spartan,L2T,M
AE4FFA,168170,H60,SIKORSKY UH-60 Black Hawk,H2T,M
AE53FA,12-00280,B350,BEECHCRAFT Super King Air 350,L2T,M
AE54FA,166232,TEX2,BEECHCRAFT T-6 Texan 2,L1T,L
AE58FA,166261,TEX2,BEECHCRAFT T-6 Texan 2,L1T,L
AE59FA,16-08202,H47,BOEING-VERTOL CH-47 Chinook,H2T,M
AE5DFA,16-5838,C30J,LOCKHEED MARTIN C-130J Super Hercules,L4T,M
AE5EFA,162814,B06,BELL 206 JetRanger,H1T,L
AE61FA,17-5877,C30J,LOCKHEED MARTIN C-130J Super Hercules,L4T,M
AE63FA,67-14923,T38,NORTHROP T-38 Talon,L2J,L
C001FA,C-FATL,AA5,AMERICAN AA-5 Tiger,L1P,L
C003FA,C-FBND,PA22,PIPER PA-22,L1P,L
C004FA,C-FBWZ,LA4,LAKE LA-4/200,A1P,L
C007FA,C-FDAN,F900,DASSAULT Falcon 900,L3J,M
C008FA,C-FDKJ,AS50,AEROSPATIALE AS-350 Ecureuil,H1T,L
C00AFA,C-FEEB,C172,CESSNA 172 Skyhawk,L1P,L
C00BFA,C-FENX,C150,CESSNA 150,L1P,L
C00CFA,C-FEXT,S108,STINSON 108 Voyager,L1P,L
C00FFA,C-FGBH,GLID,,L0-,-
C010FA,C-FGLD,BALL,,B0-,-
C011FA,C-FGUZ,C185,CESSNA 185 Skywagon,L1P,L
C012FA,C-FHEV,CH7A,BELLANCA 7 Champion,L1P,L
C013FA,C-FHOR,AR11,AERONCA 11 Chief,L1P,L
C014FA,C-FHYN,C180,CESSNA  180 Skywagon,L1P,L
C015FA,C-FIIJ,C182,CESSNA 182 Skylane,L1P,L
C016FA,C-FISF,ERCO,AIR PRODUCTS F-1 Aircoupe,L1P,L
C017FA,C-FJCB,CL60,BOMBARDIER CL-600 Challenger,L2J,M
C019FA,C-FJVT,DHC6,DE HAVILLAND DHC-6 Twin Otter,L2T,L
C01BFA,C-FKPL,ZZZZ,,-0-,-
C01DFA,C-FLJD,GLAS,Glasair,L1P,L
C01EFA,C-FLSZ,TAYA,TAYLORCRAFT A,L1P,L
C01FFA,C-FMCV,PA30,PIPER PA-30 Twin Comanche,L2P,L
C020FA,C-FMMR,DA40,DIAMOND DA-40 Club Star,L1P,L
C021FA,C-FMWN,T6,NORTH AMERICAN T-6 Texan,L1P,L
C022FA,C-FNGJ,SSTL,JUST JA30 SuperSTOL,L1P,L
C025FA,C-FOJX,,,,
C026FA,C-FOTT,PULS,Pulsar,L1P,L
C027FA,C-FPDP,CH60,ZENAIR CH-600 Zodiac,L1P,L
C028FA,C-FPNL,PA11,PIPER PA-11 Cub Special,L1P,L
C029FA,C-FPXH,M20P,MOONEY M-20,L1P,L
C02BFA,C-FQQZ,P28R,PIPER PA-28R-180/200/201,L1P,L
C02CFA,C-FRAV,RV9,VANS RV-9,L1P,L
C02DFA,C-FRKR,C185,CESSNA 185 Skywagon,L1P,L
C02EFA,C-FRUN,PA18,PIPER PA-18 Super Cub,L1P,L
C02FFA,C-FSEJ,,,,
C030FA,C-FSOF,C172,CESSNA 172 Skyhawk,L1P,L
C032FA,C-FTHX,B06,BELL 206 JetRanger,H1T,L
C033FA,C-FTRT,CP60,PIEL Super Diamant,L1P,L
C035FA,C-FULL,H269,HUGHES Sky Knight,H1P,L
C037FA,C-FVFD,ULAC,,L0-,-
C038FA,C-FVOZ,B38M,BOEING 737 MAX 8,L2J,M
C039FA,C-FVYV,C150,CESSNA 150,L1P,L
C03BFA,C-FWSN,ULAC,,L0-,-
C03CFA,C-FXCJ,,,,
C03DFA,C-FXMF,C150,CESSNA 150,L1P,L
C03EFA,C-FXWB,B412,BELL 412,H2T,L
C040FA,C-FYPT,P28A,PIPER PA-28-140/150/160/180,L1P,L
C041FA,C-FYZP,B412,BELL 412,H2T,L
C042FA,C-FZJL,,,,
C043FA,C-FZTH,,,,
C044FA,C-GADD,DHC2,DE HAVILLAND DHC-2 Beaver,L1P,L
C045FA,C-GAMZ,C182,CESSNA 182 Skylane,L1P,L
C049FA,C-GCAJ,C180,CESSNA  180 Skywagon,L1P,L
C04AFA,C-GCKF,AT5T,AIR TRACTOR AT-504,L1T,L
C04BFA,C-GCUB,ZZZZ,,-0-,-
C04CFA,C-GDDX,PA31,PIPER PA-31-300/310/325/350/425,L2P,L
C04DFA,C-GDNT,C172,CESSNA 172 Skyhawk,L1P,L
C04EFA,C-GDXP,AT5T,AIR TRACTOR AT-504,L1T,L
C050FA,C-GERH,B212,BELL 212,H2T,L
C051FA,C-GFBD,ZZZZ,,-0-,-
C052FA,C-GFKZ,PA22,PIPER PA-22,L1P,L
C053FA,C-GFUV,BALL,,B0-,-
C054FA,C-GGER,BE58,BEECH 58 Baron,L2P,L
C057FA,C-GHIF,C185,CESSNA 185 Skywagon,L1P,L
C05CFA,C-GJFL,,,,
C05DFA,C-GJPH,,,,
C05EFA,C-GJZD,DH8D,DE HAVILLAND DHC-8-400 Dash 8,L2T,M
C060FA,C-GKSV,PA31,PIPER PA-31-300/310/325/350/425,L2P,L
C061FA,C-GLCR,F28,FOKKER F-28,L2J,M
C062FA,C-GLMN,AA1,AMERICAN AA-1,L1P,L
C063FA,C-GLWJ,DH8D,DE HAVILLAND DHC-8-400 Dash 8,L2T,M
C064FA,C-GMGF,C152,CESSNA 152,L1P,L
C065FA,C-GMQB,SS2T,TRUSH Turbo Thrush 500/550,L1T,L
C067FA,C-GNJT,P28B,PIPER PA-28-201T/235/236,L1P,L
C069FA,C-GODL,M20T,MOONEY M-20T,L1P,L
C06CFA,C-GPGZ,R44,ROBINSON R-44 Raven,H1P,L
C06DFA,C-GPQV,LA4,LAKE LA-4/200,A1P,L
C06FFA,C-GQKN,DHC6,DE HAVILLAND DHC-6 Twin Otter,L2T,L
C071FA,C-GREF,UH1,BELL UH-1 Huey,H1T,L
C072FA,C-GROB,LA25,LAKE LA-250,A1P,L
C073FA,C-GRXX,B350,BEECHCRAFT Super King Air 350,L2T,M
C074FA,C-GSHT,H500,HUGHES 500,H1T,L
C075FA,C-GSRP,C206,CESSNA  206 Stationair,L1P,L
C076FA,C-GTBL,LNP4,LANCAIR PropJet 4,L1T,L
C077FA,C-GTLH,,,,
C079FA,C-GUEZ,C150,CESSNA 150,L1P,L
C07AFA,C-GUOV,TAYA,TAYLORCRAFT A,L1P,L
C07BFA,C-GUYR,C208,CESSNA 208 Caravan,L1T,L
C07CFA,C-GVIN,AS50,AEROSPATIALE AS-350 Ecureuil,H1T,L
C07DFA,C-GVSJ,GLID,,L0-,-
C07EFA,C-GWCF,B407,BELL 407,H1T,L
C07FFA,C-GWMB,C172,CESSNA 172 Skyhawk,L1P,L
C080FA,C-GWVX,C172,CESSNA 172 Skyhawk,L1P,L
C081FA,C-GXFT,P28A,PIPER PA-28-140/150/160/180,L1P,L
C082FA,C-GXPP,C172,CESSNA 172 Skyhawk,L1P,L
C084FA,C-GYJH,H25B,HAWKER BEECHCRAFT Hawker 750/850,L2J,M
C085FA,C-GYTD,C150,CESSNA 150,L1P,L
C086FA,C-GZCZ,G150,GULFSTREAM G150,L2J,M
C087FA,C-GZMV,PA30,PIPER PA-30 Twin Comanche,L2P,L
C088FA,C-GZWR,RV8,VANS RV-8,L1P,L
C089FA,C-IAGN,ULAC,,L0-,-
C08AFA,C-IAQJ,CHIN,ASAP Chinook,L1P,L
C08BFA,C-IBAF,ULAC,,L0-,-
C08DFA,C-IBTX,ULAC,,L0-,-
C08EFA,C-ICDT,NDAC,NORMAND DUBE Aerocruiser,L1P,L
C090FA,C-ICXL,BEVR,ASAP Beaver,L1P,L
C091FA,C-IDHH,,,,
C092FA,C-IDRD,ULAC,,L0-,-
C094FA,C-IEKV,PARA,,P0-,-
C095FA,C-IEUR,,,,
C096FA,C-IFEN,ULAC,,L0-,-
C097FA,C-IFOJ,ULAC,,L0-,-
C098FA,C-IFYF,ULAC,,L0-,-
C099FA,C-IGIB,PARA,,P0-,-
C09AFA,C-IGRX,ULAC,,L0-,-
C09BFA,C-IHBT,ULAC,,L0-,-
C09DFA,C-IHVL,,,,
C09EFA,C-IIFH,,,,
C09FFA,C-IIPD,CH70,ZENAIR CH-701 Stol,L1P,L
C0A1FA,C-IJIV,PARA,,P0-,-
C0A2FA,C-IJSR,ULAC,,L0-,-
C0A3FA,C-IKCN,PARA,,P0-,-
C0A4FA,C-IKMJ,ZZZZ,,-0-,-
C0A6FA,C-ILGB,PARA,,P0-,-
C0A7FA,C-ILPX,,,,
C0A8FA,C-ILZT,,,,
C0AAFA,C-IMTL,ULAC,,L0-,-
C1E4FA,SERV,SERV,,V0-,-
C802FA,ZK-BAD,C150,CESSNA 150,L1P,L
C805FA,ZK-FKO,ULAC,,L0-,-
C807FA,ZK-GFH,GLID,,L0-,-
C80AFA,ZK-JLD,ULAC,,L0-,-
C80BFA,ZK-JDM,C180,CESSNA  180 Skywagon,L1P,L
C80CFA,ZK-NAC,C172,CESSNA 172 Skyhawk,L1P,L
C80DFA,ZK-JAG,PTS2,PITTS S-2 Special,L1P,L
C80EFA,ZK-HHM,AS50,AEROSPATIALE AS-350 Ecureuil,H1T,L
C810FA,ZK-CES,C185,CESSNA 185 Skywagon,L1P,L
C811FA,ZK-HOB,UHEL,,H0-,-
C812FA,ZK-LXC,RV4,VANS RV-4,L1P,L
C813FA,ZK-HSX,UH1,BELL UH-1 Huey,H1T,L
C814FA,ZK-JRI,CH60,ZENAIR CH-600 Zodiac,L1P,L
C819FA,ZK-UMC,ULAC,,L0-,-
C81AFA,ZK-TEA,BALL,,B0-,-
C81BFA,ZK-ZXY,R200,ROBIN Alpha,L1P,L
C81FFA,ZK-19I,ZZZZ,,-0-,-
C820FA,ZK-CEM,ULAC,,L0-,-
C827FA,ZK-CUF,PA18,PIPER PA-18 Super Cub,L1P,L
C828FA,ZK-IZW,AS50,AEROSPATIALE AS-350 Ecureuil,H1T,L
C829FA,ZK-ICT,EC55,AIRBUS HELICOPTERS EC-155,H2T,L
E47EFA,PP-MMS,C208,CESSNA 208 Caravan,L1T,L
E480FA,PT-MXC,A321,AIRBUS A-321,L2J,M
E483FA,PP-LGT,E50P,EMBRAER EMB-500 Phenom 100,L2J,L
E484FA,PR-GGY,B738,BOEING 737-800,L2J,M
E486FA,PR-SKB,BE40,BEECH 400 Beechjet,L2J,M
E487FA,PR-TGN,BE58,BEECH 58 Baron,L2P,L
E488FA,PP-IPR,F900,DASSAULT Falcon 900,L3J,M
E48EFA,PT-GLD,P46T,PIPER PA-46-500TP,L1T,L
E48FFA,PT-MXP,A321,AIRBUS A-321,L2J,M
E492FA,PR-ROI,E550,EMBRAER EMB-550 Praetor 600,L2J,M
E493FA,PP-YBC,B733,BOEING 737-300,L2J,M
E494FA,PP-PMM,A169,AGUSTA AW-169,H2T,L
E495FA,PR-GZV,B738,BOEING 737-800,L2J,M
E497FA,PS-UDS,BE20,BEECH 200 Super King Air,L2T,M
E808FA,CC-AYO,C182,CESSNA 182 Skylane,L1P,L
E88FFA,ZP-BHP,BE58,BEECH 58 Baron,L2P,L
E909FA,CX-CCT,C500,CESSNA 500 Citation 1,L2J,L
E940FA,FAB001,F900,DASSAULT Falcon 900,L3J,M
