0080FC,ZS-DEX,F900,DASSAULT Falcon 900,L3J,M
0081FC,ZS-ASX,RJ85,AVRO RJ-85 Avroliner,L4J,M
0085FC,ZS-CGH,C208,CESSNA 208 Caravan,L1T,L
0089FC,ZS-DTR,C172,CESSNA 172 Skyhawk,L1P,L
008FFC,ZS-GAT,DC93,MCDONNELL DOUGLAS DC-9-30,L2J,M
0092FC,ZS-HEH,H269,HUGHES Sky Knight,H1P,L
009DFC,ZS-LIP,P28A,PIPER PA-28-140/150/160/180,L1P,L
00A6FC,ZS-OTF,B734,BOEING 737-400,L2J,M
00B0FC,ZS-SNR,PA34,PIPER PA-34 Seneca,L2P,L
00B8FC,ZS-VOL,SR22,CIRRUS SR-22,L1P,L
00CCFC,ZU-PBC,SLG2,AIRPLANE FACTORY Sling 2,L1P,L
00D3FC,ZU-IEP,,,,
00DCFC,ZU-ICA,JAB4,JABIRU J200-450,L1P,L
0101FC,SU-GFG,BCS3,AIRBUS A220-300,L2J,M
0200FC,CN-ABQ,CP23,MURDY CAP-230/1/2,L1P,L
04C0FC,5Y-SOP,C208,CESSNA 208 Caravan,L1T,L
06A0FC,A7-ALH,A359,AIRBUS A-350-900,L2J,H
08CEFC,9S-AKD,A320,AIRBUS A-320,L2J,M
0AC3FC,HK-5297G,P28A,PIPER PA-28-140/150/160/180,L1P,L
0AC9FC,EJC1116,BE9L,BEECH 90 King Air,L2T,L
0CA2FC,V2-LIF,AT46,ATR-42-600,L2T,M
0D02FC,XA-UHZ,B732,BOEING 737-200,L2J,M
0D04FC,XA-AFT,SW4,SWEARINGEN Metro,L2T,M
0D05FC,XA-LPK,C25C,CESSNA 525C Citation CJ4,L2J,M
0D07FC,XA-EMM,LJ45,LEARJET 45,L2J,M
0D0AFC,XA-LEO,T206,CESSNA T206 Turbo Stationair,L1P,L
0D0BFC,XB-ACB,C421,CESSNA 421 Executive Commuter,L2P,L
1059FC,GND,GND,,V0-,-
140AFC,RA-02812,B350,BEECHCRAFT Super King Air 350,L2T,M
140FFC,RA-04092,EC35,AIRBUS HELICOPTERS EC-135/635,H2T,L
142AFC,RA-11044,GLF4,GULFSTREAM 4,L2J,M
142BFC,RF-95428,,,,
151DFC,RA-73212,A319,AIRBUS A-319,L2J,M
151EFC,RA-73468,B738,BOEING 737-800,L2J,M
151FFC,RA-73724,A321,AIRBUS A-321,L2J,M
1526FC,RA-75516,IL18,ILYUSHIN Il-18,L4T,M
1533FC,RA-78844,IL76,ILYUSHIN Il-76/82,L4J,H
1F7AFC,RA-97020,SU95,SUKHOI Superjet 100-95,L2J,M
3004FC,I-JALU,P28U,PIPER PA-28RT-201T Turbo,L1P,L
3005FC,I-EAPY,P28U,PIPER PA-28RT-201T Turbo,L1P,L
3007FC,I-AWTY,A139,AGUSTA AW-139,H2T,L
31D7FC,I-4354,COY2,RANS Coyote 2,L1P,L
31DDFC,I-D256,MM24,MAGNI M-24 Orion,G1P,L
31FEFC,I-RAIP,A139,AGUSTA AW-139,H2T,L
3805FC,F-JYCU,PNR2,ALPI Pioneer 200,L1P,L
3811FC,F-JRYK,ULAC,,L0-,-
3812FC,59CKZ,ZEPH,ATEC Zephyr,L1P,L
381DFC,F-JTTI,ULAC,,L0-,-
3824FC,73PZ,PNR3,ALPI Pioneer 330,L1P,L
3825FC,F-JUUA,ULAC,,L0-,-
382BFC,F-JIJV,WT9,AEROSPOOL WT-9 Dynamic,L1P,L
382FFC,F-JIZI,ULAC,,L0-,-
3831FC,F-JSLG,D18,JODEL D-18/19/20,L1P,L
3832FC,01AEG,ECHO,TECNAM P-92 Echo,L1P,L
3836FC,F-JAIA,ULAC,,L0-,-
3838FC,42MV,SKRA,BEST OFF Sky Ranger,L1P,L
383BFC,F-JBBM,ULAC,,L0-,-
383CFC,F-JAYN,ULAC,,L0-,-
383EFC,F-JBLC,ULAC,,L0-,-
3840FC,F-JCFN,ULAC,,L0-,-
3841FC,F-JCIO,ULAC,,L0-,-
3843FC,F-JIOX,ULAC,,L0-,-
3844FC,F-JBHL,ULAC,,L0-,-
3845FC,F-JDFX,ULAC,,L0-,-
3849FC,F-JDMU,ULAC,,L0-,-
384BFC,F-JVAX,SVNH,AEROTEC Savannah,L1P,L
384DFC,F-JEWC,UF13,URBAN UFM-13 Lambada,L1P,L
384EFC,F-JECM,ECHO,TECNAM P-92 Echo,L1P,L
384FFC,F-JFAP,MCR1,COLOMBAN Ban-Bi,L1P,L
3851FC,F-JPJD,CH60,ZENAIR CH-600 Zodiac,L1P,L
3858FC,F-JADT,ULAC,,L0-,-
385DFC,F-JINN,ULAC,,L0-,-
385FFC,F-JFHI,ULAC,,L0-,-
3881FC,F-JBZM,ULAC,,L0-,-
3889FC,60QT,WT9,AEROSPOOL WT-9 Dynamic,L1P,L
3890FC,F-JYQE,ULAC,,L0-,-
3891FC,F-JYPG,COY2,RANS Coyote 2,L1P,L
389AFC,F-JWSW,ULAC,,L0-,-
389BFC,F-JTTX,ULAC,,L0-,-
389DFC,59CZB,VL3,AVEKO Flamingo,L1P,L
389EFC,F-JRBR,ULAC,,L0-,-
389FFC,F-JHLJ,J400,JIHLAVAN Skyleader 400,L1P,L
38A1FC,83ALC,VL3,AVEKO Flamingo,L1P,L
38A3FC,F-JRZF,BREZ,AEROSTYLE Breezer,L1P,L
38A6FC,F-JTYG,ULAC,,L0-,-
38A9FC,F-JSMX,GLID,,L0-,-
38AAFC,F-JYJY,ULAC,,L0-,-
38ACFC,F-JSZK,WT9,AEROSPOOL WT-9 Dynamic,L1P,L
38B1FC,F-JEKF,ULAC,,L0-,-
38B3FC,59DGU,VL3,AVEKO Flamingo,L1P,L
38B9FC,F-JUPA,ULAC,,L0-,-
38BBFC,59DJN,VL3,AVEKO Flamingo,L1P,L
38C1FC,F-JUFK,FK9,B&F TECHNIK FK-9,L1P,L
38CEFC,F-JWYB,ULAC,,L0-,-
38D2FC,F-JAQD,ULAC,,L0-,-
38D3FC,F-JASY,TL30,TL ULTRALIGHT TL-3000 Sirius,L1P,L
38D7FC,F-JBGT,ULAC,,L0-,-
38D9FC,F-JBPK,PIAT,PIPISTREL Alpha Trainer,L1P,L
38DAFC,F-JBXV,STRM,SG AVIATION Storm,L1P,L
38DBFC,F-JCCG,VL3,AVEKO Flamingo,L1P,L
38DFFC,F-JCYO,ULAC,,L0-,-
38E1FC,F-JDFY,VL3,AVEKO Flamingo,L1P,L
38E3FC,F-JDOK,ULAC,,L0-,-
38E5FC,F-JDSM,PNR2,ALPI Pioneer 200,L1P,L
38E6FC,F-JDUM,VL3,AVEKO Flamingo,L1P,L
38E7FC,F-JDYA,ULAC,,L0-,-
38EDFC,F-JFXM,ULAC,,L0-,-
38EEFC,F-JGAP,TTRS,HUMBERT Tetras,L1P,L
38EFFC,F-JGEG,ULAC,,L0-,-
38F2FC,F-JGON,ULAC,,L0-,-
38F6FC,F-JHLL,ULAC,,L0-,-
38F7FC,F-JHTY,ULAC,,L0-,-
38F8FC,F-JFJT,ULAC,,L0-,-
38FAFC,F-JIPB,DV1,DOVA Skylark,L1P,L
38FDFC,F-JJAX,ULAC,,L0-,-
38FEFC,F-JJDG,ULAC,,L0-,-
3904FC,F-JDHT,D11,JODEL D-11x/12x,L1P,L
3908FC,F-JZAF,ULAC,,L0-,-
390BFC,F-JBWE,ULAC,,L0-,-
390DFC,F-JHKZ,WT9,AEROSPOOL WT-9 Dynamic,L1P,L
3911FC,F-JWDE,WT9,AEROSPOOL WT-9 Dynamic,L1P,L
3914FC,F-JWRT,WT9,AEROSPOOL WT-9 Dynamic,L1P,L
391DFC,F-JIKA,ULAC,,L0-,-
3925FC,F-JISV,LGND,AEROPILOT Legend,L1P,L
3926FC,F-JIUV,WT9,AEROSPOOL WT-9 Dynamic,L1P,L
3929FC,51VD,ULAC,,L0-,-
392FFC,F-JTYB,PIVI,PIPSTREL Virus,L1P,L
3930FC,21AHB,MCR1,COLOMBAN Ban-Bi,L1P,L
3935FC,F-JIZG,WT9,AEROSPOOL WT-9 Dynamic,L1P,L
3936FC,F-JUPW,VL3,AVEKO Flamingo,L1P,L
393CFC,F-JAJL,ULAC,,L0-,-
393EFC,F-JCAA,ULAC,,L0-,-
393FFC,F-JAKX,WT9,AEROSPOOL WT-9 Dynamic,L1P,L
3942FC,08NL,NG5,BRM AERO NG-5/6 Bristell,L1P,L
3945FC,08JC,PNR3,ALPI Pioneer 330,L1P,L
3946FC,F-JAQO,SV4,NORD SV-4,L1P,L
3948FC,F-JRUW,WT9,AEROSPOOL WT-9 Dynamic,L1P,L
394BFC,F-JRSA,PNR2,ALPI Pioneer 200,L1P,L
394FFC,F-JWWA,VL3,AVEKO Flamingo,L1P,L
3950FC,F-JVHQ,ULAC,,L0-,-
3955FC,F-JANU,PIVI,PIPSTREL Virus,L1P,L
3956FC,F-JAPI,WT9,AEROSPOOL WT-9 Dynamic,L1P,L
3959FC,F-JAXJ,ULAC,,L0-,-
395CFC,F-JBJT,ULAC,,L0-,-
395EFC,F-JBRG,U15,PHOENIX AIR Phoenix,L1P,L
3967FC,F-JDAK,PIVI,PIPSTREL Virus,L1P,L
396AFC,F-JDKP,WT9,AEROSPOOL WT-9 Dynamic,L1P,L
396BFC,F-JDMN,ULAC,,L0-,-
396EFC,F-JDSC,ULAC,,L0-,-
3971FC,F-JGCC,ULAC,,L0-,-
3974FC,F-JEAI,ULAC,,L0-,-
3975FC,F-JELE,ULAC,,L0-,-
3977FC,F-JFIU,ULAC,,L0-,-
3978FC,F-JFLU,VL3,AVEKO Flamingo,L1P,L
3979FC,F-JGAF,ALSL,AIRLONY Skylane,L1P,L
397BFC,F-JGEN,ULAC,,L0-,-
397FFC,F-JGLB,UHEL,,H0-,-
398EFC,F-JRGN,ALGR,FANTASY AIR Allegro,L1P,L
3991FC,F-JHZR,ULAC,,L0-,-
3992FC,F-JXTX,ULAC,,L0-,-
399DFC,44ARH,TTRS,HUMBERT Tetras,L1P,L
39A3FC,F-JSUX,ULAC,,L0-,-
39AFFC,F-JTQR,ULAC,,L0-,-
39B2FC,F-JFTC,ULAC,,L0-,-
39B6FC,59CLP,TL20,TL ULTRALIGHT TL-2000 Sting,L1P,L
39B8FC,41TX,SVNH,AEROTEC Savannah,L1P,L
39C1FC,F-JTNB,ULAC,,L0-,-
39C3FC,F-JVMS,ULAC,,L0-,-
39CDFC,F-JSYY,ULAC,,L0-,-
39D1FC,F-JTFN,ULAC,,L0-,-
39D2FC,F-JRHJ,ULAC,,L0-,-
39D3FC,F-JAFN,ULAC,,L0-,-
39D5FC,F-JALB,GYRO,,G0-,-
39D9FC,F-JAYD,SD4,TOMARK Viper,L1P,L
39DAFC,F-JXLY,PNR3,ALPI Pioneer 330,L1P,L
39DBFC,F-JBGU,PNR2,ALPI Pioneer 200,L1P,L
39DCFC,F-JBJX,ULAC,,L0-,-
39DEFC,F-JWJD,ULAC,,L0-,-
39E0FC,F-JBVG,SD4,TOMARK Viper,L1P,L
39E1FC,F-JPOF,TEXA,FLY SYNTHESIS Texan,L1P,L
39E6FC,F-JCUY,WT9,AEROSPOOL WT-9 Dynamic,L1P,L
39E8FC,F-JDCQ,WT9,AEROSPOOL WT-9 Dynamic,L1P,L
39EBFC,F-JDJU,ULAC,,L0-,-
39F3FC,F-JSHN,ULAC,,L0-,-
39F4FC,F-JEDQ,C42,IKARUS C-42 Bison,L1P,L
39F5FC,F-JEHF,FDCT,FLIGHT DESIGN CT,L1P,L
3A06FC,31MV,FDCT,FLIGHT DESIGN CT,L1P,L
3A07FC,31NO,FK14,B&F TECHNIK FK-14 Polaris,L1P,L
3A0AFC,F-JIKU,D18,JODEL D-18/19/20,L1P,L
3A0BFC,F-JRTD,ULAC,,L0-,-
3A0CFC,F-JSPV,ALSL,AIRLONY Skylane,L1P,L
3A0FFC,F-JTRJ,GUEP,AERO SERVICE Super Guepard,L1P,L
3A14FC,F-JXBX,FDCT,FLIGHT DESIGN CT,L1P,L
3A16FC,F-JVBI,ULAC,,L0-,-
3A17FC,F-JWIS,ULAC,,L0-,-
3A19FC,F-JWPP,NNJA,BEST OFF Nynja,L1P,L
3A1BFC,F-JVUY,C42,IKARUS C-42 Bison,L1P,L
3A1FFC,F-JAYW,VL3,AVEKO Flamingo,L1P,L
3A25FC,F-JXNZ,FDCT,FLIGHT DESIGN CT,L1P,L
3A26FC,F-JIDX,ULAC,,L0-,-
3A29FC,F-JCRN,ULAC,,L0-,-
3A2FFC,F-JDST,FDCT,FLIGHT DESIGN CT,L1P,L
3A31FC,F-JFEW,ULAC,,L0-,-
3A32FC,F-JVRF,ULAC,,L0-,-
3AABFC,136,TBM7,SOCATA TBM-700A/B/C,L1T,L
3B75FC,709FE,PC21,PILATUS PC-21,L1T,L
3B77FC,F-RADB,A310,AIRBUS A-310,L2J,H
3B9BFC,132,FA50,DASSAULT Falcon 50,L3J,M
3C07FC,D-ASAP,E35L,EMBRAER EMB-135 Legacy,L2J,M
3C11FC,D-AVVB,A320,AIRBUS A-320,L2J,M
3D09FC,D-ECAM,S22T,CIRRUS SR-22T Turbo,L1P,L
3D0AFC,D-ECKI,AC11,NORTH AMERICAN ROCKWELL Commander 112/114,L1P,L
3D0BFC,D-ECUE,C150,CESSNA 150,L1P,L
3D0FFC,D-EEHO,P28A,PIPER PA-28-140/150/160/180,L1P,L
3D10FC,D-EERK,C82R,CESSNA R182 Skylane RG,L1P,L
3D12FC,D-EFLC,PA18,PIPER PA-18 Super Cub,L1P,L
3D16FC,D-EGYM,C172,CESSNA 172 Skyhawk,L1P,L
3D17FC,D-EHII,RV10,VANS RV-10,L1P,L
3D18FC,D-EHSE,DR40,ROBIN DR-400,L1P,L
3D19FC,D-EICA,M20P,MOONEY M-20,L1P,L
3D1BFC,D-EIVS,RALL,SOCATA Rallye,L1P,L
3D1DFC,D-EJPK,TOBA,SOCATA Tobago,L1P,L
3D20FC,D-EKSY,P28A,PIPER PA-28-140/150/160/180,L1P,L
3D21FC,D-ELCU,PA18,PIPER PA-18 Super Cub,L1P,L
3D2EFC,D-EQAU,A210,AQUILA A-210,L1P,L
3D32FC,D-EROE,DA40,DIAMOND DA-40 Club Star,L1P,L
3D34FC,D-ESHW,AC11,NORTH AMERICAN ROCKWELL Commander 112/114,L1P,L
3D35FC,D-ESRS,Z37P,LET Z-37 Cmelak,L1P,L
3D36FC,D-ETBO,M20T,MOONEY M-20T,L1P,L
3D37FC,D-ETLK,DV20,DIAMOND DA-20,L1P,L
3D39FC,D-EUFC,C206,CESSNA  206 Stationair,L1P,L
3D40FC,D-EWWA,DV20,DIAMOND DA-20,L1P,L
3D45FC,D-EYTG,YK18,YAKOVLEV Yak-18U,L1P,L
3D46FC,D-EZDC,DA40,DIAMOND DA-40 Club Star,L1P,L
3DB3FC,D-GOKI,PA44,PIPER PA-44 Seminole,L2P,L
3DD2FC,D-HADO,EC45,AIRBUS HELICOPTERS EC-145,H2T,L
3DD3FC,D-HANK,H269,HUGHES Sky Knight,H1P,L
3E1CFC,D-ICEE,C525,CESSNA 525 CitationJet,L2J,L
3E2AFC,D-IHMA,DA42,DIAMOND DA-42 Guardian,L2P,L
3E48FC,D-ISVK,PAY1,PIPER PA-31T1-500 Cheyenne 1,L2T,L
3E5DFC,D-KAUE,GLID,,L0-,-
3E5EFC,D-KBEA,AS25,SCHLEICHER ASH-25,L1P,L
3E61FC,D-KCHO,GLID,,L0-,-
3E63FC,D-KDBG,DIMO,DIAMOND H-36 Dimona,L1P,L
3E6BFC,D-KGCA,S10S,STEMME S-10 Chrysalis,L1P,L
3E6CFC,D-KGLW,DIMO,DIAMOND H-36 Dimona,L1P,L
3E6DFC,D-KGVS,VENT,SCHEMPP-HIRTH Ventus,L1P,L
3E71FC,D-KIJC,DG60,DG FLUGZEUGBAU DG-600M,L1P,L
3E72FC,D-KISY,AS25,SCHLEICHER ASH-25,L1P,L
3E7BFC,D-KMDO,S10S,STEMME S-10 Chrysalis,L1P,L
3E7EFC,D-KNHC,VENT,SCHEMPP-HIRTH Ventus,L1P,L
3ECEFC,D-KTIQ,SF25,SCHEIBE SF-25 Falke,L1P,L
3ECFFC,D-KTSM,DG50,DG FLUGZEUGBAU DG-500M,L1P,L
3EE1FC,D-0357,GLID,,L0-,-
3EE5FC,D-1381,GLID,,L0-,-
3EE8FC,D-2149,GLID,,L0-,-
3EEAFC,D-2661,GLID,,L0-,-
3EF2FC,D-4709,GLID,,L0-,-
3EFFFC,D-8037,DISC,SCHEMPP-HIRTH Discus,L1P,L
3F25FC,D-OAHG,BALL,,B0-,-
3F2FFC,D-OEBS,BALL,,B0-,-
3F80FC,79+57,NH90,NHI NH-90,H2T,M
3FBDFC,77+07,EC45,AIRBUS HELICOPTERS EC-145,H2T,L
3FBEFC,78+38,NH90,NHI NH-90,H2T,M
3FE9FC,D-MORR,FK9,B&F TECHNIK FK-9,L1P,L
3FEAFC,D-MYMY,FDCT,FLIGHT DESIGN CT,L1P,L
3FEBFC,D-MGWP,FDCT,FLIGHT DESIGN CT,L1P,L
3FECFC,D-MHHC,FDCT,FLIGHT DESIGN CT,L1P,L
3FEDFC,D-MXTT,FDCT,FLIGHT DESIGN CT,L1P,L
3FEEFC,D-MAHN,FDCT,FLIGHT DESIGN CT,L1P,L
3FEFFC,D-MWDF,DAL4,DALLACH D-4 Fascination,L1P,L
3FF0FC,D-MEHN,TL30,TL ULTRALIGHT TL-3000 Sirius,L1P,L
3FF1FC,D-MLFF,C42,IKARUS C-42 Bison,L1P,L
3FF2FC,D-MXDM,WT9,AEROSPOOL WT-9 Dynamic,L1P,L
3FF3FC,D-MOED,S450,AERO-EAST-EUROPE SILA-450,L1P,L
3FF6FC,D-MHIE,VL3,AVEKO Flamingo,L1P,L
4008FC,G-ZIZI,C525,CESSNA 525 CitationJet,L2J,L
400AFC,G-EUXD,A321,AIRBUS A-321,L2J,M
400BFC,G-CCGY,BALL,,B0-,-
400DFC,G-EMAA,EC35,AIRBUS HELICOPTERS EC-135/635,H2T,L
400EFC,G-EZBB,A319,AIRBUS A-319,L2J,M
4010FC,G-ZEZE,C182,CESSNA 182 Skylane,L1P,L
4014FC,G-AIJT,AUJ4,AUSTER J-4 Archer,L1P,L
4016FC,G-AVLC,P28A,PIPER PA-28-140/150/160/180,L1P,L
4017FC,G-AXBZ,DH82,DE HAVILLAND DH-82 Tiger Moth,L1P,L
401AFC,G-BBNZ,C172,CESSNA 172 Skyhawk,L1P,L
401BFC,G-BDLT,AC11,NORTH AMERICAN ROCKWELL Commander 112/114,L1P,L
401CFC,G-BFIG,C172,CESSNA 172 Skyhawk,L1P,L
401DFC,G-BGXA,J3,PIPER J-3 Cub,L1P,L
401EFC,G-BIIK,RALL,SOCATA Rallye,L1P,L
401FFC,G-BJYK,D11,JODEL D-11x/12x,L1P,L
4020FC,G-BLOS,C185,CESSNA 185 Skywagon,L1P,L
4022FC,G-GAZA,GAZL,AEROSPATIALE SA-341 Gazelle,H1T,L
4025FC,G-AKIU,PROC,PERCIVAL Proctor,L1P,L
4026FC,G-BMIG,C172,CESSNA 172 Skyhawk,L1P,L
4027FC,G-OSPS,PA18,PIPER PA-18 Super Cub,L1P,L
402FFC,G-RAFG,RF6,FOURNIER RF-6,L1P,L
4033FC,G-BTJB,L8,LUSCOMBE 8,L1P,L
4038FC,G-KSIR,GLAS,Glasair,L1P,L
403CFC,G-BWYR,COY2,RANS Coyote 2,L1P,L
403EFC,G-BXST,PA25,PIPER PA-25 Pawnee,L1P,L
403FFC,G-BXXN,R22,ROBINSON R-22 Mariner,H1P,L
4049FC,G-CCJL,SASP,SUPERMARINE AIRCRAFT Spitfire Mk25/26,L1P,L
404AFC,G-CCTT,C172,CESSNA 172 Skyhawk,L1P,L
404BFC,G-OKEM,ULAC,,L0-,-
404CFC,G-EWES,PNR3,ALPI Pioneer 330,L1P,L
404EFC,G-CKKR,GLID,,L0-,-
404FFC,G-CEAM,EV97,EVEKTRO EV-97 EuroStar,L1P,L
4050FC,G-CEHL,EV97,EVEKTRO EV-97 EuroStar,L1P,L
4054FC,G-RVCH,RV8,VANS RV-8,L1P,L
4059FC,G-CFCV,GLID,,L0-,-
405BFC,G-YMMS,B772,BOEING 777-200,L2J,H
405EFC,G-DNBH,XA85,RAJ HAMSA XA-85,L1P,L
4060FC,G-ETVS,PNR3,ALPI Pioneer 330,L1P,L
4061FC,G-CGLJ,TL20,TL ULTRALIGHT TL-2000 Sting,L1P,L
4062FC,G-JWNW,MM16,MAGNI M-16 Tandem Trainer,G1P,L
4063FC,G-CGPB,MM24,MAGNI M-24 Orion,G1P,L
4065FC,G-KMKM,MT,ROTORSPORT MTOSport,G1P,L
4066FC,G-MPLA,C182,CESSNA 182 Skylane,L1P,L
4067FC,G-CHSH,GLID,,L0-,-
4068FC,G-CHTI,RV12,VANS RV-12,L1P,L
4069FC,G-CIDE,PARA,,P0-,-
406CFC,G-DLOE,AS29,SCHLEICHER ASG-29,L1P,L
406EFC,G-LLOO,TB20,SOCATA TB-20 Trinidad,L1P,L
406FFC,G-CIZE,BALL,,B0-,-
4070FC,G-MCSA,S92,SIKORSKY S-92 Helibus,H2T,M
4072FC,G-CJZR,G120,GROB G-120,L1P,L
4074FC,G-VMIK,A332,AIRBUS A-330-200,L2J,H
4075FC,G-INYS,ZZZZ,,-0-,-
4076FC,G-OWLS,MM24,MAGNI M-24 Orion,G1P,L
4077FC,G-POLZ,P68,PARTENAVIA P-68 Observer,L2P,L
407AFC,G-CLSK,ULAC,,L0-,-
407DFC,G-POWT,A21N,AIRBUS A-321neo,L2J,M
4240FC,VP-BFZ,A320,AIRBUS A-320,L2J,M
4242FC,VP-BPG,B77W,BOEING 777-300ER,L2J,H
4245FC,VQ-BNJ,BE40,BEECH 400 Beechjet,L2J,M
43C1FC,ZJ136,EH10,AGUSTA WESTLAND EH-101 Merlin,H3T,M
43C5FC,ZJ242,B412,BELL 412,H2T,L
43C8FC,ZZ581,LYNX,AGUSTAWESTLAND AW-159 Super Lynx,H2T,L
4401FC,OE-AFL,A210,AQUILA A-210,L1P,L
4404FC,OE-FLZ,DA42,DIAMOND DA-42 Guardian,L2P,L
4405FC,OE-IKB,MD83,MCDONNELL-DOUGLAS MD-83,L2J,M
4406FC,OE-XFS,AS55,AEROSPATIALE AS-355 Ecureuil 2,H2T,L
4409FC,OE-DDD,C172,CESSNA 172 Skyhawk,L1P,L
440CFC,OE-IDL,A20N,AIRBUS A-320neo,L2J,M
4497FC,OO-E64,MCR1,COLOMBAN Ban-Bi,L1P,L
4520FC,LZ-SOT,VL3,AVEKO Flamingo,L1P,L
4601FC,OH-ATO,AT75,ATR-72-500,L2T,M
4612FC,OH-HEY,R66,ROBINSON R-66,H1T,L
4653FC,OH-G020,CDUS,AUTOGYRO Calidus,G1P,L
4707FC,HA-DAQ,DV20,DIAMOND DA-20,L1P,L
471EFC,HA-LTC,A321,AIRBUS A-321,L2J,M
4784FC,LN-YVV,VL3,AVEKO Flamingo,L1P,L
4793FC,LN-OFT,AS50,AEROSPATIALE AS-350 Ecureuil,H1T,L
4845FC,PH-HIO,BALL,,B0-,-
4847FC,PH-548,GLID,,L0-,-
4848FC,PH-HHA,S330,SCHWEIZER 330/333,H1T,L
4849FC,PH-LKA,BALL,,B0-,-
484BFC,PH-VTW,P32R,PIPER PA-32R-300/301/301T,L1P,L
484CFC,PH-BOZ,BALL,,B0-,-
484FFC,PH-KWI,YK52,YAKOVLEV Yak-52,L1P,L
4850FC,PH-1DC,ZZZZ,,-0-,-
4851FC,PH-1GC,ZZZZ,,-0-,-
4852FC,PH-1KB,ZZZZ,,-0-,-
4853FC,PH-1PU,ZZZZ,,-0-,-
4854FC,PH-2AJ,ZZZZ,,-0-,-
4855FC,PH-2LJ,ZZZZ,,-0-,-
4862FC,PH-VFE,P28A,PIPER PA-28-140/150/160/180,L1P,L
49D0FC,OK-EKD,C172,CESSNA 172 Skyhawk,L1P,L
49D4FC,OK-WAL,PA34,PIPER PA-34 Seneca,L2P,L
4A82FC,60079,SB05,SAAB 105,L2J,L
4B06FC,HB-CQU,C182,CESSNA 182 Skylane,L1P,L
4B0CFC,HB-EXW,DR40,ROBIN DR-400,L1P,L
4B0EFC,HB-FRO,PC12,PILATUS PC-12,L1T,L
4B17FC,HB-JCE,BCS3,AIRBUS A220-300,L2J,M
4B18FC,HB-JMA,A343,AIRBUS A-340-300,L4J,H
4B1AFC,HB-KFS,D250,CENTRE EST DR-250 Capitaine,L1P,L
4B26FC,HB-OTW,PA24,PIPER PA-24 Comanche,L1P,L
4B2BFC,HB-QRC,BALL,,B0-,-
4B31FC,HB-SYE,PIVI,PIPSTREL Virus,L1P,L
4B36FC,HB-UVK,BU31,BUCKER Bu-131 Jungmann,L1P,L
4B38FC,HB-VPC,C25A,CESSNA 525A Citation CJ2,L2J,L
4B3FFC,HB-YGA,FOX,KITFOX,L1P,L
4B46FC,HB-597,GLID,,L0-,-
4B50FC,HB-3157,GLID,,L0-,-
4B51FC,HB-3413,DUOD,SCHEMPP-HIRTH Duo Discus,L1P,L
4CA0FC,EI-LAX,A332,AIRBUS A-330-200,L2J,H
4CA6FC,EI-DYY,B738,BOEING 737-800,L2J,M
4CA8FC,EI-NEW,B789,BOEING 787-9 Dreamliner,L2J,H
4CAAFC,EI-FBU,A333,AIRBUS A-330-300,L2J,H
4CABFC,EI-KBC,A320,AIRBUS A-320,L2J,M
4D20FC,9H-UDR,ULAC,,L0-,-
4D21FC,9H-QAL,B738,BOEING 737-800,L2J,M
4D22FC,9H-SLD,A320,AIRBUS A-320,L2J,M
4D23FC,9H-QET,B738,BOEING 737-800,L2J,M
506EFC,S5-MHY,ZZZZ,,-0-,-
5080FC,UR-ELH,AN26,ANTONOV An-26,L2T,M
5082FC,UR-FSB,C172,CESSNA 172 Skyhawk,L1P,L
5100FC,EW-514PO,E195,EMBRAER ERJ-190-200,L2J,M
5110FC,ES-NSC,SF34,SAAB 340,L2T,M
70A9FC,9N-AMU,AT75,ATR-72-500,L2T,M
70C0FC,A4O-ME,B38M,BOEING 737 MAX 8,L2J,M
7102FC,2404,A332,AIRBUS A-330-200,L2J,H
717CFC,HZ-NS36,A20N,AIRBUS A-320neo,L2J,M
7501FC,9M-AHY,A320,AIRBUS A-320,L2J,M
7580FC,RP-C1802,AS55,AEROSPATIALE AS-355 Ecureuil 2,H2T,L
7582FC,RP-C350,B350,BEECHCRAFT Super King Air 350,L2T,M
7584FC,RP-C9930,A21N,AIRBUS A-321neo,L2J,M
7585FC,RP-C9368,A319,AIRBUS A-319,L2J,M
7586FC,RP-C4127,A21N,AIRBUS A-321neo,L2J,M
7803FC,B-9325,C172,CESSNA 172 Skyhawk,L1P,L
7804FC,B-5418,B738,BOEING 737-800,L2J,M
7805FC,B-6628,A321,AIRBUS A-321,L2J,M
7806FC,B-6737,A320,AIRBUS A-320,L2J,M
7807FC,B-3999,B737,BOEING 737-700,L2J,M
7808FC,B-5690,B738,BOEING 737-800,L2J,M
7809FC,B-6978,A321,AIRBUS A-321,L2J,M
780BFC,B-5810,B737,BOEING 737-700,L2J,M
780CFC,B-1602,A320,AIRBUS A-320,L2J,M
780DFC,B-5978,A333,AIRBUS A-330-300,L2J,H
780EFC,B-7175,B738,BOEING 737-800,L2J,M
780FFC,B-7986,B738,BOEING 737-800,L2J,M
7810FC,B-8963,A320,AIRBUS A-320,L2J,M
7812FC,B-001U,AJ27,COMAC ARJ-21-700 Xiangfeng,L2J,M
7813FC,B-1129,B738,BOEING 737-800,L2J,M
7814FC,B-301W,A20N,AIRBUS A-320neo,L2J,M
781AFC,B-125U,FDCT,FLIGHT DESIGN CT,L1P,L
781EFC,B-32CV,A320,AIRBUS A-320,L2J,M
7C06FC,VH-BNY,PA38,PIPER PA-38 Tomahawk,L1P,L
7C0CFC,VH-CUM,BL8,BELLANCA 8 Decathlon,L1P,L
7C14FC,VH-EFI,DA40,DIAMOND DA-40 Club Star,L1P,L
7C24FC,VH-HLA,R22,ROBINSON R-22 Mariner,H1P,L
7C2DFC,VH-JDA,C206,CESSNA  206 Stationair,L1P,L
7C2EFC,VH-JKE,C82R,CESSNA R182 Skylane RG,L1P,L
7C37FC,VH-LCE,PA31,PIPER PA-31-300/310/325/350/425,L2P,L
7C38FC,VH-LJI,PA31,PIPER PA-31-300/310/325/350/425,L2P,L
7C39FC,VH-LQM,DH8D,DE HAVILLAND DHC-8-400 Dash 8,L2T,M
7C3AFC,VH-LXQ,P28A,PIPER PA-28-140/150/160/180,L1P,L
7C41FC,VH-NBI,C310,CESSNA 310,L2P,L
7C42FC,VH-NIM,B06,BELL 206 JetRanger,H1T,L
7C43FC,VH-NPQ,R44,ROBINSON R-44 Raven,H1P,L
7C44FC,VH-NWU,AT8T,AIR TRACTOR AT-802,L1T,M
7C48FC,VH-OPA,C182,CESSNA 182 Skylane,L1P,L
7C52FC,VH-QOE,DH8D,DE HAVILLAND DHC-8-400 Dash 8,L2T,M
7C5BFC,VH-SGE,P28R,PIPER PA-28R-180/200/201,L1P,L
7C5DFC,VH-SUM,PA34,PIPER PA-34 Seneca,L2P,L
7C60FC,VH-TFY,C310,CESSNA 310,L2P,L
7C6CFC,VH-VTA,C172,CESSNA 172 Skyhawk,L1P,L
7C70FC,VH-WLQ,C182,CESSNA 182 Skylane,L1P,L
7C71FC,VH-WSU,GA8,GIPPSAERO GA-8 Airvan,L1P,L
7C72FC,VH-WZY,C208,CESSNA 208 Caravan,L1T,L
7C75FC,VH-XLA,RV7,VANS RV-7,L1P,L
7C77FC,VH-XZI,B738,BOEING 737-800,L2J,M
7C79FC,VH-YDQ,BE20,BEECH 200 Super King Air,L2T,M
7C7AFC,VH-YKU,DA42,DIAMOND DA-42 Guardian,L2P,L
7C7BFC,VH-YRY,AT8T,AIR TRACTOR AT-802,L1T,M
7C7EFC,VH-ZDA,DHC2,DE HAVILLAND DHC-2 Beaver,L1P,L
7C80FC,VH-ZRI,SF34,SAAB 340,L2T,M
7C81FC,VH-ZYM,G115,GROB G-115,L1P,L
7CC3FC,24-8629,SLG2,AIRPLANE FACTORY Sling 2,L1P,L
7CC4FC,23-8790,AP22,AEROPRACT A-22,L1P,L
7CF9FC,A54-037,PC21,PILATUS PC-21,L1T,L
8006FC,VT-SGX,B738,BOEING 737-800,L2J,M
800CFC,VT-WGT,A20N,AIRBUS A-320neo,L2J,M
8013FC,VT-ISQ,A20N,AIRBUS A-320neo,L2J,M
8014FC,VT-VRA,LJ40,LEARJET 40,L2J,M
8408FC,JA02FJ,E170,EMBRAER ERJ-170-100,L2J,M
84C3FC,JA24JJ,A320,AIRBUS A-320,L2J,M
8514FC,JA323N,A109,AGUSTA AW-109 Grand,H2T,L
8520FC,JA35EN,B350,BEECHCRAFT Super King Air 350,L2T,M
8529FC,JA3804,T206,CESSNA T206 Turbo Stationair,L1P,L
852DFC,JA393A,C172,CESSNA 172 Skyhawk,L1P,L
8682FC,JA741J,B77W,BOEING 777-300ER,L2J,H
868DFC,JA773J,B772,BOEING 777-200,L2J,H
86D8FC,JA8300,A320,AIRBUS A-320,L2J,M
86D9FC,JA837J,B788,BOEING 787-8 Dreamliner,L2J,H
86E4FC,JA869J,B789,BOEING 787-9 Dreamliner,L2J,H
873AFC,JA9580,AS55,AEROSPATIALE AS-355 Ecureuil 2,H2T,L
8962FC,A6-XWM,AP20,AEROPRACT A-20,L1P,L
8963FC,A6-FLA,DH8D,DE HAVILLAND DHC-8-400 Dash 8,L2T,M
8964FC,A6-BMA,B78X,BOEING 787-10 Dreamliner,L2J,H
8990FC,B-88003,DA40,DIAMOND DA-40 Club Star,L1P,L
8A05FC,PK-ARG,P28A,PIPER PA-28-140/150/160/180,L1P,L
8A06FC,PK-TVJ,A139,AGUSTA AW-139,H2T,L
A000FC,N1L,GA5C,GULFSTREAM G500,L2J,M
A001FC,N1WF,BE35,BEECH 35 Starfire Bonanza,L1P,L
A002FC,N10GL,C82R,CESSNA R182 Skylane RG,L1P,L
A003FC,N10SS,GC1,GLOBE Swift,L1P,L
A004FC,N100CX,C414,CESSNA 414 Chancellor,L2P,L
A005FC,N100PC,C207,CESSNA 207 Turbo Stationair,L1P,L
A007FC,N10065,B47G,BELL 47G,H1P,L
A009FC,N101SA,PA34,PIPER PA-34 Seneca,L2P,L
A00BFC,N10188,CH7A,BELLANCA 7 Champion,L1P,L
A00CFC,N102JT,,,,
A010FC,N103MR,T206,CESSNA T206 Turbo Stationair,L1P,L
A011FC,N103XX,RF6,FOURNIER RF-6,L1P,L
A015FC,N1040V,C172,CESSNA 172 Skyhawk,L1P,L
A017FC,N105HF,C172,CESSNA 172 Skyhawk,L1P,L
A018FC,N105TM,TBM7,SOCATA TBM-700A/B/C,L1T,L
A019FC,N1052Y,IS28,IAR IS-28M2,L1P,L
A01CFC,N106WK,,,,
A01FFC,N107PB,SR22,CIRRUS SR-22,L1P,L
A021FC,N10764,M20P,MOONEY M-20,L1P,L
A024FC,N1081W,C150,CESSNA 150,L1P,L
A026FC,N109JS,B38M,BOEING 737 MAX 8,L2J,M
A028FC,N1093Z,BE20,BEECH 200 Super King Air,L2T,M
A02AFC,N11MQ,EC30,AIRBUS HELICOPTERS EC-130,H1T,L
A02CFC,N110JA,P28A,PIPER PA-28-140/150/160/180,L1P,L
A02EFC,N1103H,C82S,CESSNA T182 Turbo Skylane,L1P,L
A02FFC,N111AT,C337,CESSNA 337 Super Skymaster,L2P,L
A031FC,N111XE,GLAS,Glasair,L1P,L
A035FC,N1120C,BE36,BEECH 36 Bonanza,L1P,L
A036FC,N1127P,E55P,EMBRAER EMB-505 Phenom 300,L2J,M
A038FC,N113SV,C172,CESSNA 172 Skyhawk,L1P,L
A039FC,N1132F,C208,CESSNA 208 Caravan,L1T,L
A03AFC,N1139S,GLID,,L0-,-
A03BFC,N114KM,,,,
A03DFC,N1144J,VO10,NORTH AMERICAN ROCKWELL Commander 100,L1P,L
A03EFC,N115CD,SR22,CIRRUS SR-22,L1P,L
A041FC,N1156M,M20P,MOONEY M-20,L1P,L
A042FC,N116FB,U16,GRUMMAN Albatross,A2P,M
A043FC,N116RH,T34P,BEECH T-34 Mentor,L1P,L
A044FC,N1161D,C140,CESSNA 140,L1P,L
A046FC,N117J,BK17,EUROCOPTER BK117 C-1/2,H2T,L
A048FC,N1173G,M20P,MOONEY M-20,L1P,L
A04EFC,N119PW,C172,CESSNA 172 Skyhawk,L1P,L
A051FC,N12GN,PTS1,PITTS S-1 Special,L1P,L
A052FC,N12SU,SU26,SUKHOI Su-26,L1P,L
A054FC,N120PE,PC12,PILATUS PC-12,L1T,L
A058FC,N121SC,BE18,BEECH 18 Expetitor,L2P,L
A059FC,N1211Z,PARA,,P0-,-
A05AFC,N1219,RAF2,ROTARY AIR FORCE RAF-2000,G1P,L
A05BFC,N122JV,FDCT,FLIGHT DESIGN CT,L1P,L
A05CFC,N122VA,S22T,CIRRUS SR-22T Turbo,L1P,L
A05DFC,N12232,C172,CESSNA 172 Skyhawk,L1P,L
A05EFC,N123BM,SR22,CIRRUS SR-22,L1P,L
A061FC,N12355,B17,BOEING B-17 Flying Fortress,L4P,M
A062FC,N124EK,E55P,EMBRAER EMB-505 Phenom 300,L2J,M
A064FC,N1240X,M20P,MOONEY M-20,L1P,L
A068FC,N12520,C172,CESSNA 172 Skyhawk,L1P,L
A069FC,N126A,GLID,,L0-,-
A06AFC,N126LF,BE58,BEECH 58 Baron,L2P,L
A070FC,N12766,C172,CESSNA 172 Skyhawk,L1P,L
A076FC,N129V,C182,CESSNA 182 Skylane,L1P,L
A077FC,N12931,C172,CESSNA 172 Skyhawk,L1P,L
A078FC,N13BL,BE36,BEECH 36 Bonanza,L1P,L
A079FC,N13MS,GLF6,GULFSTREAM G650,L2J,M
A07DFC,N1303K,L8,LUSCOMBE 8,L1P,L
A07FFC,N131MA,M20P,MOONEY M-20,L1P,L
A081FC,N1315N,ST75,STEARMAN Kaydet,L1P,L
A082FC,N132DT,,,,
A085FC,N1327R,AA5,AMERICAN AA-5 Tiger,L1P,L
A092FC,N136RK,BE36,BEECH 36 Bonanza,L1P,L
A093FC,N1361F,C172,CESSNA 172 Skyhawk,L1P,L
A094FC,N1368S,C182,CESSNA 182 Skylane,L1P,L
A095FC,N137JB,AA1,AMERICAN AA-1,L1P,L
A096FC,N137UH,DRON,,D0-,-
A099FC,N138M,FDCT,FLIGHT DESIGN CT,L1P,L
A09BFC,N1385M,C182,CESSNA 182 Skylane,L1P,L
A0A1FC,N14SW,C150,CESSNA 150,L1P,L
A0A2FC,N140DA,C25A,CESSNA 525A Citation CJ2,L2J,L
A0A5FC,N14069,PA23,PIPER PA-23,L2P,L
A0A7FC,N141SE,BL8,BELLANCA 8 Decathlon,L1P,L
A0A9FC,N1419B,L8,LUSCOMBE 8,L1P,L
A0B1FC,N144EM,A4,DOUGLAS A-4 Skyhawk,L1J,M
A0B3FC,N1440Z,C56X,CESSNA 560XL Citation XLS,L2J,M
A0B9FC,N146LH,P28R,PIPER PA-28R-180/200/201,L1P,L
A0BFFC,N14768,ZZZZ,,-0-,-
A0C3FC,N1489A,B763,BOEING 767-300,L2J,H
A0C5FC,N149VB,SF50,CIRRUS SF-50 Vision,L1J,L
A0C6FC,N14933,E145,EMBRAER ERJ-145,L2J,M
A0C8FC,N15MU,MG15,MIKOYAN MiG-15,L1J,L
A0C9FC,N15Y,GLF4,GULFSTREAM 4,L2J,M
A0CEFC,N151MC,P51,NORTH AMERICAN P-51 Mustang,L1P,L
A0D0FC,N1515Q,C150,CESSNA 150,L1P,L
A0D3FC,N1520G,BE33,BEECH 33 Bonanza,L1P,L
A0D4FC,N1527T,BALL,,B0-,-
A0D5FC,N153GT,ULAC,,L0-,-
A0D8FC,N1539W,BE36,BEECH 36 Bonanza,L1P,L
A0DCFC,N155CH,BE33,BEECH 33 Bonanza,L1P,L
A0E1FC,N156RM,BEAR,AVIPRO RB-4 Bearhawk,L1P,L
A0E2FC,N1561H,C77R,CESSNA 177RG Cardinal RG,L1P,L
A0E8FC,N158MB,,,,
A0EAFC,N1585P,PC12,PILATUS PC-12,L1T,L
A0EEFC,N1597S,BE35,BEECH 35 Starfire Bonanza,L1P,L
A0EFFC,N16GS,C25B,CESSNA 525B Citation CJ3,L2J,L
A0F1FC,N160DC,C421,CESSNA 421 Executive Commuter,L2P,L
A0F4FC,N1607A,BALL,,B0-,-
A0F6FC,N161SG,BL8,BELLANCA 8 Decathlon,L1P,L
A0FBFC,N16236,WACC,WACO C/S,L1P,L
A0FCFC,N163BR,LNP4,LANCAIR PropJet 4,L1T,L
A0FFFC,N16359,P28A,PIPER PA-28-140/150/160/180,L1P,L
A105FC,N165TT,PA31,PIPER PA-31-300/310/325/350/425,L2P,L
A109FC,N166WR,T6,NORTH AMERICAN T-6 Texan,L1P,L
A10EFC,N1677,PC12,PILATUS PC-12,L1T,L
A10FFC,N168G,DH60,DE HAVILLAND DH-60 Moth,L1P,L
A111FC,N16812,FA24,FAIRCHILD F-24 Argus,L1P,L
A112FC,N1689C,T6,NORTH AMERICAN T-6 Texan,L1P,L
A115FC,N16935,J2,PIPER J-2 Cub,L1P,L
A118FC,N17YB,EN28,ENSTROM F-28,H1P,L
A119FC,N170JG,C170,CESSNA 170,L1P,L
A11BFC,N1703P,PA22,PIPER PA-22,L1P,L
A11DFC,N171ME,C172,CESSNA 172 Skyhawk,L1P,L
A125FC,N173TA,AT8T,AIR TRACTOR AT-802,L1T,M
A126FC,N1732M,C337,CESSNA 337 Super Skymaster,L2P,L
A128FC,N174KT,RV8,VANS RV-8,L1P,L
A12EFC,N1756T,C172,CESSNA 172 Skyhawk,L1P,L
A131FC,N1761K,L8,LUSCOMBE 8,L1P,L
A135FC,N1773N,C120,CESSNA 120,L1P,L
A137FC,N178MD,ST75,STEARMAN Kaydet,L1P,L
A13CFC,N1790H,,,,
A13EFC,N18GU,H25B,HAWKER BEECHCRAFT Hawker 750/850,L2J,M
A13FFC,N18T,C421,CESSNA 421 Executive Commuter,L2P,L
A143FC,N1807C,C170,CESSNA 170,L1P,L
A146FC,N18115,C150,CESSNA 150,L1P,L
A148FC,N182KA,C182,CESSNA 182 Skylane,L1P,L
A14EFC,N1836A,PA20,PIPER PA-20 Pacer,L1P,L
A14FFC,N184ER,BE76,BEECH 76 Duchess,L2P,L
A151FC,N18403,BE36,BEECH 36 Bonanza,L1P,L
A153FC,N185HP,BE36,BEECH 36 Bonanza,L1P,L
A159FC,N18649,C150,CESSNA 150,L1P,L
A15FFC,N188SH,B47G,BELL 47G,H1P,L
A162FC,N189K,PRM1,RAYTHEON 390 Premier 1,L2J,L
A165FC,N19BS,,,,
A166FC,N19MY,PA12,PIPER PA-12 Super Cruiser,L1P,L
A16AFC,N1903R,,,,
A16CFC,N191MG,C441,CESSNA 441 Conquest,L2T,L
A171FC,N1920L,BE19,BEECH 19 Sport,L1P,L
A174FC,N193TC,FOX,KITFOX,L1P,L
A175FC,N1932P,GLF5,GULFSTREAM 5,L2J,M
A176FC,N19390,C150,CESSNA 150,L1P,L
A178FC,N194WA,BE99,BEECH 99 Airliner,L2T,L
A179FC,N1944S,ST75,STEARMAN Kaydet,L1P,L
A17DFC,N1956V,C172,CESSNA 172 Skyhawk,L1P,L
A180FC,N1961M,C182,CESSNA 182 Skylane,L1P,L
A185FC,N198B,BE58,BEECH 58 Baron,L2P,L
A188FC,N1985T,BALL,,B0-,-
A18BFC,N1990K,BALL,,B0-,-
A18CFC,N1997W,BALL,,B0-,-
A18DFC,N2GW,SF50,CIRRUS SF-50 Vision,L1J,L
A18EFC,N2TB,RC3,REPUBLIC RC-3 Seabee,A1P,L
A190FC,N20PN,SR20,CIRRUS SR-20,L1P,L
A193FC,N200WE,T6,NORTH AMERICAN T-6 Texan,L1P,L
A194FC,N2004W,BE35,BEECH 35 Starfire Bonanza,L1P,L
A195FC,N201CR,F2TH,DASSAULT Falcon 2000,L2J,M
A196FC,N201NX,M20P,MOONEY M-20,L1P,L
A198FC,N2016Z,C150,CESSNA 150,L1P,L
A19AFC,N202RV,RV8,VANS RV-8,L1P,L
A19BFC,N2021R,P28A,PIPER PA-28-140/150/160/180,L1P,L
A19CFC,N20282,C172,CESSNA 172 Skyhawk,L1P,L
A19DFC,N203JM,,,,
A1A0FC,N204BD,DHC6,DE HAVILLAND DHC-6 Twin Otter,L2T,L
A1A6FC,N2050P,PA23,PIPER PA-23,L2P,L
A1ABFC,N20693,C172,CESSNA 172 Skyhawk,L1P,L
A1ADFC,N207WD,DRON,,D0-,-
A1B2FC,N2086Y,C172,CESSNA 172 Skyhawk,L1P,L
A1B5FC,N2091Q,C77R,CESSNA 177RG Cardinal RG,L1P,L
A1B7FC,N21JL,BE30,BEECH 300 Super King Air,L2T,L
A1B8FC,N21US,RS21,RANS S-21 Outbound,L1P,L
A1BBFC,N21009,C182,CESSNA 182 Skylane,L1P,L
A1BEFC,N211UA,B772,BOEING 777-200,L2J,H
A1C0FC,N212AM,,,,
A1C3FC,N2125E,CH7A,BELLANCA 7 Champion,L1P,L
A1C7FC,N2137H,T206,CESSNA T206 Turbo Stationair,L1P,L
A1C8FC,N214GH,AS50,AEROSPATIALE AS-350 Ecureuil,H1T,L
A1CBFC,N2149L,BE36,BEECH 36 Bonanza,L1P,L
A1D2FC,N2166F,P28A,PIPER PA-28-140/150/160/180,L1P,L
A1D4FC,N217RB,BE60,BEECH 60 Duke,L2P,L
A1D8FC,N218U,C310,CESSNA 310,L2P,L
A1D9FC,N2183A,M20P,MOONEY M-20,L1P,L
A1DCFC,N219WY,HUSK,CHRISTEN Husky,L1P,L
A1DDFC,N2195D,BE35,BEECH 35 Starfire Bonanza,L1P,L
A1DEFC,N22DJ,,,,
A1E2FC,N220WG,RV14,VANS RV-14,L1P,L
A1E3FC,N2204Y,C177,CESSNA  177 Cardinal,L1P,L
A1E4FC,N221CT,FDCT,FLIGHT DESIGN CT,L1P,L
A1E7FC,N22161,CJ6,NANCHANG CJ-6,L1P,L
A1EAFC,N2221T,P28A,PIPER PA-28-140/150/160/180,L1P,L
A1EBFC,N22284,C150,CESSNA 150,L1P,L
A1ECFC,N223JP,GLST,GLASAIR SH-4 GlaStar,L1P,L
A1EEFC,N2233W,P28A,PIPER PA-28-140/150/160/180,L1P,L
A1F0FC,N224MM,P28A,PIPER PA-28-140/150/160/180,L1P,L
A1F2FC,N2245Z,M5,MAULE M-5,L1P,L
A1F3FC,N225ED,,,,
A1F7FC,N226HB,SNS7,SORRELL Hiperbipe,L1P,L
A1FBFC,N227L,CH75,ZENAIR CH-750 Cruzer,L1P,L
A1FCFC,N227WF,C82S,CESSNA T182 Turbo Skylane,L1P,L
A1FDFC,N2274X,C337,CESSNA 337 Super Skymaster,L2P,L
A1FEFC,N228CS,,,,
A1FFFC,N228NY,C172,CESSNA 172 Skyhawk,L1P,L
A204FC,N2291S,C82S,CESSNA T182 Turbo Skylane,L1P,L
A206FC,N23JN,C25C,CESSNA 525C Citation CJ4,L2J,M
A208FC,N230EZ,JAB4,JABIRU J200-450,L1P,L
A20BFC,N2308M,PA12,PIPER PA-12 Super Cruiser,L1P,L
A213FC,N233DM,K100,DAHER Kodiak 100,L1T,L
A216FC,N2337K,L8,LUSCOMBE 8,L1P,L
A217FC,N234GK,,,,
A21DFC,N2354E,C172,CESSNA 172 Skyhawk,L1P,L
A223FC,N237RD,RV6,VANS RV-6,L1P,L
A22CFC,N2395F,ULAC,,L0-,-
A22DFC,N24DL,COZY,CO-Z Cozy,L1P,L
A22EFC,N24PS,,,,
A230FC,N240LC,COY2,RANS Coyote 2,L1P,L
A233FC,N241CV,M20T,MOONEY M-20T,L1P,L
A234FC,N241PA,HUSK,CHRISTEN Husky,L1P,L
A23BFC,N243JR,LJ35,LEARJET 35,L2J,M
A23DFC,N2433Y,C172,CESSNA 172 Skyhawk,L1P,L
A23EFC,N244BH,R44,ROBINSON R-44 Raven,H1P,L
A244FC,N2450T,NAVI,NORTH AMERICAN Navion,L1P,L
A245FC,N24574,J3,PIPER J-3 Cub,L1P,L
A248FC,N2462W,PARA,,P0-,-
A249FC,N24697,C172,CESSNA 172 Skyhawk,L1P,L
A24BFC,N247WH,RV7,VANS RV-7,L1P,L
A24CFC,N2474Z,PA18,PIPER PA-18 Super Cub,L1P,L
A251FC,N249FS,C72R,CESSNA 172R Cutlass RG,L1P,L
A253FC,N2491U,T51,TITAN T-51 Mustang,L1P,L
A258FC,N250RG,GLF4,GULFSTREAM 4,L2J,M
A259FC,N2501C,C170,CESSNA 170,L1P,L
A25EFC,N252AR,M20P,MOONEY M-20,L1P,L
A261FC,N2525J,C150,CESSNA 150,L1P,L
A267FC,N254ST,,,,
A269FC,N2549Q,P28A,PIPER PA-28-140/150/160/180,L1P,L
A26DFC,N256CB,GLST,GLASAIR SH-4 GlaStar,L1P,L
A270FC,N2566K,BALL,,B0-,-
A274FC,N2578N,C140,CESSNA 140,L1P,L
A277FC,N2583E,CH7A,BELLANCA 7 Champion,L1P,L
A27EFC,N260,BU33,BUCKER Bu-133 Jungmeister,L1P,L
A281FC,N26042,J3,PIPER J-3 Cub,L1P,L
A283FC,N261PC,GA5C,GULFSTREAM G500,L2J,M
A285FC,N26165,AA5,AMERICAN AA-5 Tiger,L1P,L
A287FC,N262SA,P28A,PIPER PA-28-140/150/160/180,L1P,L
A288FC,N2621X,ONEX,SONEX Onex,L1P,L
A28CFC,N26330,AA5,AMERICAN AA-5 Tiger,L1P,L
A290FC,N26453,,,,
A293FC,N2650V,T206,CESSNA T206 Turbo Stationair,L1P,L
A294FC,N26576,TAYB,TAYLORCRAFT BC/BF/BL,L1P,L
A2A1FC,N269S,C82T,CESSNA TR182 Turbo Skylane RG,L1P,L
A2A2FC,N2691W,SW4,SWEARINGEN Metro,L2T,M
A2A3FC,N26987,J5,PIPER J-5 Cub Cruiser,L1P,L
A2A4FC,N27JS,C77R,CESSNA 177RG Cardinal RG,L1P,L
A2ACFC,N2713H,ERCO,AIR PRODUCTS F-1 Aircoupe,L1P,L
A2B0FC,N2725L,C172,CESSNA 172 Skyhawk,L1P,L
A2BCFC,N276CD,SR22,CIRRUS SR-22,L1P,L
A2BFFC,N2766M,P28A,PIPER PA-28-140/150/160/180,L1P,L
A2C3FC,N2778Q,S1,INTERSTATE S-1 Cadet,L1P,L
A2C4FC,N278J,P46T,PIPER PA-46-500TP,L1T,L
A2C6FC,N2783G,C182,CESSNA 182 Skylane,L1P,L
A2CAFC,N2795K,L8,LUSCOMBE 8,L1P,L
A2CCFC,N28PW,C182,CESSNA 182 Skylane,L1P,L
A2CDFC,N280AA,BE35,BEECH 35 Starfire Bonanza,L1P,L
A2CEFC,N280LG,RV8,VANS RV-8,L1P,L
A2CFFC,N280WN,B737,BOEING 737-700,L2J,M
A2D7FC,N2821Z,PA22,PIPER PA-22,L1P,L
A2DCFC,N284BM,VENT,SCHEMPP-HIRTH Ventus,L1P,L
A2DDFC,N284MT,DRON,,D0-,-
A2DFFC,N28455,AA5,AMERICAN AA-5 Tiger,L1P,L
A2E2FC,N2850X,C177,CESSNA  177 Cardinal,L1P,L
A2E7FC,N287A,PTS2,PITTS S-2 Special,L1P,L
A2E9FC,N287WM,EA50,ECLIPSE 550,L2J,L
A2EAFC,N28743,AA5,AMERICAN AA-5 Tiger,L1P,L
A2EDFC,N288ZK,T206,CESSNA T206 Turbo Stationair,L1P,L
A2EEFC,N28866,AA5,AMERICAN AA-5 Tiger,L1P,L
A2F0FC,N289SB,SR22,CIRRUS SR-22,L1P,L
A2F1FC,N2891Y,PA32,PIPER PA-32,L1P,L
A2F2FC,N28989,P28B,PIPER PA-28-201T/235/236,L1P,L
A2F4FC,N29V,BE35,BEECH 35 Starfire Bonanza,L1P,L
A2F6FC,N290RL,LNC2,LANCAIR 200-320,L1P,L
A2F8FC,N2908T,M200,NORTH AMERICAN ROCKWELL Commander 200,L1P,L
A2FBFC,N2913K,CH7A,BELLANCA 7 Champion,L1P,L
A2FDFC,N292MA,C82S,CESSNA T182 Turbo Skylane,L1P,L
A2FFFC,N2925N,P28R,PIPER PA-28R-180/200/201,L1P,L
A302FC,N2930E,C172,CESSNA 172 Skyhawk,L1P,L
A303FC,N2937R,P28A,PIPER PA-28-140/150/160/180,L1P,L
A309FC,N295VV,LNC4,LANCAIR 4,L1P,L
A311FC,N2971F,C182,CESSNA 182 Skylane,L1P,L
A312FC,N2978S,C150,CESSNA 150,L1P,L
A313FC,N298JB,E190,EMBRAER ERJ-190-100,L2J,M
A319FC,N2995M,BALL,,B0-,-
A31BFC,N3PY,DHC6,DE HAVILLAND DHC-6 Twin Otter,L2T,L
A31CFC,N30AC,,,,
A31FFC,N300GV,E55P,EMBRAER EMB-505 Phenom 300,L2J,M
A320FC,N300TA,BE9T,BEECH F90 King Air,L2T,L
A321FC,N3002M,P28A,PIPER PA-28-140/150/160/180,L1P,L
A322FC,N3009Y,BALL,,B0-,-
A323FC,N301KT,LNC4,LANCAIR 4,L1P,L
A325FC,N3014Q,C182,CESSNA 182 Skylane,L1P,L
A329FC,N3026T,C320,CESSNA 320 Skyknight,L2P,L
A32BFC,N303RP,RV8,VANS RV-8,L1P,L
A32CFC,N3031K,P28R,PIPER PA-28R-180/200/201,L1P,L
A332FC,N305MD,BE40,BEECH 400 Beechjet,L2J,M
A334FC,N3055R,PA32,PIPER PA-32,L1P,L
A33BFC,N3072L,P28A,PIPER PA-28-140/150/160/180,L1P,L
A340FC,N309CJ,C25A,CESSNA 525A Citation CJ2,L2J,L
A344FC,N31FG,B47G,BELL 47G,H1P,L
A345FC,N31RN,ACAM,LEZA Air Cam,L2P,L
A34AFC,N311ER,DA42,DIAMOND DA-42 Guardian,L2P,L
A34CFC,N31103,CJ6,NANCHANG CJ-6,L1P,L
A34DFC,N3118D,C180,CESSNA  180 Skywagon,L1P,L
A350FC,N31226,BALL,,B0-,-
A351FC,N313AF,DA40,DIAMOND DA-40 Club Star,L1P,L
A353FC,N313WT,P210,CESSNA P210 Centurion,L1P,L
A356FC,N314PK,SR22,CIRRUS SR-22,L1P,L
A359FC,N315GB,FOX,KITFOX,L1P,L
A35AFC,N315SH,H500,HUGHES 500,H1T,L
A35CFC,N3159E,C172,CESSNA 172 Skyhawk,L1P,L
A35DFC,N316K,CL35,BOMBARDIER BD-100 Challenger 350,L2J,M
A363FC,N3176,GLID,,L0-,-
A366FC,N31802,BALL,,B0-,-
A36AFC,N31925,AR65,AERONCA 65 Super Chief,L1P,L
A36BFC,N32AE,B06,BELL 206 JetRanger,H1T,L
A36DFC,N32WS,AC90,NORTH AMERICAN ROCKWELL Turbo Commander 690/840,L2T,L
A36EFC,N320GX,GLEX,BOMBARDIER BD-700 Global 6000/6500,L2J,M
A36FFC,N320TC,P180,PIAGGIO P-180 Avanti,L2T,L
A371FC,N32090,PA32,PIPER PA-32,L1P,L
A372FC,N321KV,GLID,,L0-,-
A373FC,N321WA,GL5T,BOMBARDIER BD-700 Global 5000/5500,L2J,M
A374FC,N3214S,PA18,PIPER PA-18 Super Cub,L1P,L
A37AFC,N323RR,LJ60,LEARJET 60,L2J,M
A37CFC,N3238Y,BE36,BEECH 36 Bonanza,L1P,L
A37EFC,N324UP,B763,BOEING 767-300,L2J,H
A386FC,N3260K,LGEZ,RUTAN Long-EZ,L1P,L
A38AFC,N3272N,J3,PIPER J-3 Cub,L1P,L
A38BFC,N3279Z,PA18,PIPER PA-18 Super Cub,L1P,L
A38EFC,N3284R,P28R,PIPER PA-28R-180/200/201,L1P,L
A392FC,N3296U,C182,CESSNA 182 Skylane,L1P,L
A398FC,N3306C,C82R,CESSNA R182 Skylane RG,L1P,L
A39BFC,N33105,J3,PIPER J-3 Cub,L1P,L
A39CFC,N3318F,C182,CESSNA 182 Skylane,L1P,L
A3A0FC,N333AH,C650,CESSNA 650 Citation,L2J,M
A3A1FC,N333LP,M20T,MOONEY M-20T,L1P,L
A3A2FC,N333WV,LNCE,LANCAIR ES,L1P,L
A3A3FC,N3335A,PA22,PIPER PA-22,L1P,L
A3B0FC,N337N,C337,CESSNA 337 Super Skymaster,L2P,L
A3B5FC,N33804,P28R,PIPER PA-28R-180/200/201,L1P,L
A3B9FC,N33927,TAYB,TAYLORCRAFT BC/BF/BL,L1P,L
A3BAFC,N34AG,C421,CESSNA 421 Executive Commuter,L2P,L
A3BBFC,N34LN,,,,
A3BFFC,N3402R,C182,CESSNA 182 Skylane,L1P,L
A3C4FC,N342CP,SR22,CIRRUS SR-22,L1P,L
A3CBFC,N34380,,,,
A3CEFC,N3443S,C182,CESSNA 182 Skylane,L1P,L
A3D3FC,N346E,BT36,BEECH B36TC Bonanza,L1P,L
A3DAFC,N34791,CUCA,CULVER Cadet,L1P,L
A3DDFC,N3484T,C177,CESSNA  177 Cardinal,L1P,L
A3E2FC,N35FL,RV7,VANS RV-7,L1P,L
A3E3FC,N35RS,LGEZ,RUTAN Long-EZ,L1P,L
A3E5FC,N350NC,AS50,AEROSPATIALE AS-350 Ecureuil,H1T,L
A3E7FC,N3506E,CH7A,BELLANCA 7 Champion,L1P,L
A3EAFC,N35107,C177,CESSNA  177 Cardinal,L1P,L
A3EBFC,N3518H,ERCO,AIR PRODUCTS F-1 Aircoupe,L1P,L
A3F6FC,N3547F,C172,CESSNA 172 Skyhawk,L1P,L
A3F8FC,N355SM,C56X,CESSNA 560XL Citation XLS,L2J,M
A3FBFC,N356KD,B744,BOEING 747-400,L4J,H
A3FFFC,N357NB,A319,AIRBUS A-319,L2J,M
A401FC,N3576D,C170,CESSNA 170,L1P,L
A404FC,N35806,C210,CESSNA 201 Centurion,L1P,L
A409FC,N36AJ,BT36,BEECH B36TC Bonanza,L1P,L
A40BFC,N36WW,GLID,,L0-,-
A40CFC,N360HA,A332,AIRBUS A-330-200,L2J,H
A40FFC,N36094,P28A,PIPER PA-28-140/150/160/180,L1P,L
A418FC,N363RV,RV6,VANS RV-6,L1P,L
A41AFC,N36382,CH7B,BELLANCA 7 Citabria,L1P,L
A41DFC,N3643U,C182,CESSNA 182 Skylane,L1P,L
A41EFC,N365BD,CH70,ZENAIR CH-701 Stol,L1P,L
A425FC,N36670,UH12,HILLER UH-12,H1P,L
A42CFC,N3684V,C120,CESSNA 120,L1P,L
A42EFC,N369NW,A320,AIRBUS A-320,L2J,M
A430FC,N3696Y,BE36,BEECH 36 Bonanza,L1P,L
A431FC,N37FN,TAIL,WITTMAN Tailwind,L1P,L
A43CFC,N372UA,,,,
A43EFC,N373AM,DV20,DIAMOND DA-20,L1P,L
A447FC,N375SP,C208,CESSNA 208 Caravan,L1T,L
A448FC,N3752,B738,BOEING 737-800,L2J,M
A44CFC,N3764C,T18,THORP Tiger,L1P,L
A450FC,N3776F,C172,CESSNA 172 Skyhawk,L1P,L
A451FC,N378EW,SONX,SONEX AIRCRAFT Sonex,L1P,L
A457FC,N3793A,H500,HUGHES 500,H1T,L
A458FC,N38AL,C82T,CESSNA TR182 Turbo Skylane RG,L1P,L
A459FC,N38LS,P28A,PIPER PA-28-140/150/160/180,L1P,L
A45AFC,N38WY,HUSK,CHRISTEN Husky,L1P,L
A45DFC,N3802V,C170,CESSNA 170,L1P,L
A45EFC,N38096,B47G,BELL 47G,H1P,L
A460FC,N381WG,RV8,VANS RV-8,L1P,L
A461FC,N3814Y,C210,CESSNA 201 Centurion,L1P,L
A462FC,N382CT,FDCT,FLIGHT DESIGN CT,L1P,L
A463FC,N382NZ,,,,
A466FC,N383FR,A20N,AIRBUS A-320neo,L2J,M
A469FC,N38384,BE77,BEECH 77 Skipper,L1P,L
A46AFC,N384JP,,,,
A46CFC,N3843W,PA32,PIPER PA-32,L1P,L
A46DFC,N385BF,PTS2,PITTS S-2 Special,L1P,L
A46EFC,N385MM,EPIC,EPIC AIRCRAFT Epic LT,L1T,L
A470FC,N3855Z,PA18,PIPER PA-18 Super Cub,L1P,L
A473FC,N3860R,P28A,PIPER PA-28-140/150/160/180,L1P,L
A477FC,N3872U,BE23,BEECH 23 Sundowner,L1P,L
A47CFC,N389CS,M20P,MOONEY M-20,L1P,L
A481FC,N39RW,FOX,KITFOX,L1P,L
A482FC,N390CA,CRJ7,BOMBARDIER Regional Jet CRJ-700,L2J,M
A489FC,N3918M,P28A,PIPER PA-28-140/150/160/180,L1P,L
A491FC,N394DM,,,,
A498FC,N3959N,BE35,BEECH 35 Starfire Bonanza,L1P,L
A49BFC,N3964E,,,,
A49CFC,N397C,S108,STINSON 108 Voyager,L1P,L
A49FFC,N3976H,ERCO,AIR PRODUCTS F-1 Aircoupe,L1P,L
A4A1FC,N398RD,PA31,PIPER PA-31-300/310/325/350/425,L2P,L
A4A3FC,N3988L,C172,CESSNA 172 Skyhawk,L1P,L
A4A6FC,N3993C,ST75,STEARMAN Kaydet,L1P,L
A4A8FC,N4LU,AA1,AMERICAN AA-1,L1P,L
A4ABFC,N40TL,,,,
A4ACFC,N400DR,COL4,CESSNA 400 Corvalis TT,L1P,L
A4AEFC,N4000C,,,,
A4B1FC,N401SV,AT45,ATR-42-500,L2T,M
A4B2FC,N4012F,P28A,PIPER PA-28-140/150/160/180,L1P,L
A4B3FC,N4019S,BALL,,B0-,-
A4B7FC,N403CD,SR22,CIRRUS SR-22,L1P,L
A4C2FC,N406AS,B407,BELL 407,H1T,L
A4C5FC,N4065K,BALL,,B0-,-
A4C9FC,N4077N,PA31,PIPER PA-31-300/310/325/350/425,L2P,L
A4CCFC,N4082E,AR11,AERONCA 11 Chief,L1P,L
A4D0FC,N4094H,M20P,MOONEY M-20,L1P,L
A4D1FC,N41CC,ZZZZ,,-0-,-
A4D6FC,N41032,BALL,,B0-,-
A4DAFC,N41155,BALL,,B0-,-
A4E1FC,N41320,P28A,PIPER PA-28-140/150/160/180,L1P,L
A4E4FC,N414WM,P28R,PIPER PA-28R-180/200/201,L1P,L
A4ECFC,N4161Y,BL8,BELLANCA 8 Decathlon,L1P,L
A4F0FC,N41731,P28R,PIPER PA-28R-180/200/201,L1P,L
A4F1FC,N418BL,,,,
A4F4FC,N41854,AT5T,AIR TRACTOR AT-504,L1T,L
A4F7FC,N4190W,PA46,PIPER PA-46-310/350,L1P,L
A4F8FC,N41977,P28A,PIPER PA-28-140/150/160/180,L1P,L
A4F9FC,N42HG,,,,
A4FBFC,N420DT,HDJT,HONDA HondaJet,L2J,L
A4FFFC,N421GR,C421,CESSNA 421 Executive Commuter,L2P,L
A500FC,N421SX,C208,CESSNA 208 Caravan,L1T,L
A501FC,N4212H,M20P,MOONEY M-20,L1P,L
A503FC,N422KP,WAIX,SONEX Waiex,L1P,L
A506FC,N423CF,RV10,VANS RV-10,L1P,L
A509FC,N4236P,PA24,PIPER PA-24 Comanche,L1P,L
A50BFC,N424RK,AC50,NORTH AMERICAN ROCKWELL Commander 500,L2P,L
A50CFC,N4241F,C172,CESSNA 172 Skyhawk,L1P,L
A50EFC,N425JB,C425,CESSNA 425 Corsair,L2T,L
A515FC,N427DS,SIRA,TECNAM P-2002 Sierra,L1P,L
A517FC,N4270D,BE35,BEECH 35 Starfire Bonanza,L1P,L
A518FC,N4277Q,C172,CESSNA 172 Skyhawk,L1P,L
A51CFC,N4289T,P28A,PIPER PA-28-140/150/160/180,L1P,L
A525FC,N43034,PA34,PIPER PA-34 Seneca,L2P,L
A52AFC,N432EM,FOX,KITFOX,L1P,L
A52CFC,N4320Z,PA18,PIPER PA-18 Super Cub,L1P,L
A531FC,N434AB,J5,PIPER J-5 Cub Cruiser,L1P,L
A533FC,N434WP,P28A,PIPER PA-28-140/150/160/180,L1P,L
A534FC,N43445,P28A,PIPER PA-28-140/150/160/180,L1P,L
A538FC,N43568,P28A,PIPER PA-28-140/150/160/180,L1P,L
A53AFC,N436SD,B06,BELL 206 JetRanger,H1T,L
A53CFC,N4369A,PA22,PIPER PA-22,L1P,L
A53FFC,N43733,COY2,RANS Coyote 2,L1P,L
A540FC,N438BN,B722,BOEING 727-200,L3J,M
A542FC,N438Y,LNP4,LANCAIR PropJet 4,L1T,L
A545FC,N439QS,E55P,EMBRAER EMB-505 Phenom 300,L2J,M
A54EFC,N441GT,C680,CESSNA 680 Citation Sovereign,L2J,M
A550FC,N4412K,NAVI,NORTH AMERICAN Navion,L1P,L
A551FC,N4419W,PARA,,P0-,-
A554FC,N4424N,GLID,,L0-,-
A555FC,N443CH,RV6,VANS RV-6,L1P,L
A558FC,N4436R,C172,CESSNA 172 Skyhawk,L1P,L
A55AFC,N444RM,PA32,PIPER PA-32,L1P,L
A55BFC,N4441H,PA15,PIPER PA-15 Vagabond,L1P,L
A55FFC,N4453L,C172,CESSNA 172 Skyhawk,L1P,L
A560FC,N446AW,CRJ2,BOMBARDIER Regional Jet CRJ-200,L2J,M
A567FC,N4477S,BE36,BEECH 36 Bonanza,L1P,L
A56AFC,N4482J,P28A,PIPER PA-28-140/150/160/180,L1P,L
A56FFC,N45CG,E300,EXTRA EA-300/330/350,L1P,L
A57CFC,N4528B,C180,CESSNA  180 Skywagon,L1P,L
A580FC,N454AD,A332,AIRBUS A-330-200,L2J,H
A584FC,N455DB,RV3,VANS RV-3,L1P,L
A585FC,N455PH,B407,BELL 407,H1T,L
A589FC,N456SF,DHC2,DE HAVILLAND DHC-2 Beaver,L1P,L
A58BFC,N4569C,C170,CESSNA 170,L1P,L
A597FC,N46HL,PAY4,PIPER PA-42-1000 Cheyenne 400,L2T,L
A598FC,N46TS,PA15,PIPER PA-15 Vagabond,L1P,L
A59BFC,N4600J,C172,CESSNA 172 Skyhawk,L1P,L
A59CFC,N4607V,P51,NORTH AMERICAN P-51 Mustang,L1P,L
A5A3FC,N4624Q,C210,CESSNA 201 Centurion,L1P,L
A5A8FC,N464FH,ULAC,,L0-,-
A5B0FC,N466MD,E300,EXTRA EA-300/330/350,L1P,L
A5B2FC,N4665R,P28A,PIPER PA-28-140/150/160/180,L1P,L
A5B8FC,N468T,BE35,BEECH 35 Starfire Bonanza,L1P,L
A5B9FC,N4682L,C172,CESSNA 172 Skyhawk,L1P,L
A5BAFC,N4689X,C150,CESSNA 150,L1P,L
A5BBFC,N469KS,EVOP,LANCAIR Evolution Piston,L1P,L
A5BEFC,N47CJ,S05R,SIAI-MARCHETTI S-205-22R,L1P,L
A5C1FC,N470KA,B350,BEECHCRAFT Super King Air 350,L2T,M
A5C3FC,N47038,B47G,BELL 47G,H1P,L
A5C8FC,N472ER,C172,CESSNA 172 Skyhawk,L1P,L
A5CBFC,N4728D,C182,CESSNA 182 Skylane,L1P,L
A5CEFC,N47326,P28A,PIPER PA-28-140/150/160/180,L1P,L
A5CFFC,N474AF,ULAC,,L0-,-
A5D6FC,N4757B,C750,CESSNA 750 Citation 10,L2J,M
A5D8FC,N476SH,R22,ROBINSON R-22 Mariner,H1P,L
A5D9FC,N47614,S1,INTERSTATE S-1 Cadet,L1P,L
A5DDFC,N47737,P28A,PIPER PA-28-140/150/160/180,L1P,L
A5E5FC,N4798C,C414,CESSNA 414 Chancellor,L2P,L
A5EAFC,N4800L,P28A,PIPER PA-28-140/150/160/180,L1P,L
A5EBFC,N4807X,C150,CESSNA 150,L1P,L
A5EDFC,N481TC,C82S,CESSNA T182 Turbo Skylane,L1P,L
A5EFFC,N48190,ST75,STEARMAN Kaydet,L1P,L
A5F2FC,N4824S,PA32,PIPER PA-32,L1P,L
A5FEFC,N486B,BE35,BEECH 35 Starfire Bonanza,L1P,L
A608FC,N4882N,C182,CESSNA 182 Skylane,L1P,L
A60BFC,N489W,,,,
A60EFC,N49NS,GA5C,GULFSTREAM G500,L2J,M
A612FC,N4904,SR22,CIRRUS SR-22,L1P,L
A61DFC,N49328,C152,CESSNA 152,L1P,L
A621FC,N4945A,C180,CESSNA  180 Skywagon,L1P,L
A622FC,N495DF,UH1,BELL UH-1 Huey,H1T,L
A625FC,N4957D,C182,CESSNA 182 Skylane,L1P,L
A627FC,N496SK,DRON,,D0-,-
A629FC,N4969G,C172,CESSNA 172 Skyhawk,L1P,L
A62CFC,N49739,ST75,STEARMAN Kaydet,L1P,L
A637FC,N50EA,SC7,SHORT Skyvan,L2T,L
A639FC,N500AM,,,,
A63AFC,N500LT,M20P,MOONEY M-20,L1P,L
A63BFC,N500WZ,PA18,PIPER PA-18 Super Cub,L1P,L
A642FC,N502SP,GLST,GLASAIR SH-4 GlaStar,L1P,L
A645FC,N503KF,ULAC,,L0-,-
A647FC,N5034C,BE35,BEECH 35 Starfire Bonanza,L1P,L
A649FC,N504ND,P28A,PIPER PA-28-140/150/160/180,L1P,L
A64BFC,N5046F,AT5T,AIR TRACTOR AT-504,L1T,L
A64DFC,N505RB,PULS,Pulsar,L1P,L
A64EFC,N50508,BL8,BELLANCA 8 Decathlon,L1P,L
A654FC,N507LS,PTS1,PITTS S-1 Special,L1P,L
A657FC,N508DJ,F2TH,DASSAULT Falcon 2000,L2J,M
A659FC,N508ZW,,,,
A65EFC,N5099K,C172,CESSNA 172 Skyhawk,L1P,L
A660FC,N51VL,P51,NORTH AMERICAN P-51 Mustang,L1P,L
A661FC,N510FR,GLF2,GULFSTREAM 2,L2J,M
A665FC,N511JP,,,,
A669FC,N512MM,P46T,PIPER PA-46-500TP,L1T,L
A66EFC,N5130R,C172,CESSNA 172 Skyhawk,L1P,L
A670FC,N514HB,AT5T,AIR TRACTOR AT-504,L1T,L
A674FC,N515L,RV6,VANS RV-6,L1P,L
A676FC,N5154X,CH7A,BELLANCA 7 Champion,L1P,L
A677FC,N516CS,C72R,CESSNA 172R Cutlass RG,L1P,L
A67CFC,N517RW,SREY,PROGRESSIVE AERODYNE SeaRey,A1P,L
A67DFC,N5171S,C82R,CESSNA R182 Skylane RG,L1P,L
A67EFC,N51783,T206,CESSNA T206 Turbo Stationair,L1P,L
A685FC,N5195Y,C172,CESSNA 172 Skyhawk,L1P,L
A686FC,N52EC,EC20,AIRBUS HELICOPTERS EC-120,H1T,L
A688FC,N520AP,H500,HUGHES 500,H1T,L
A68BFC,N5205G,H500,HUGHES 500,H1T,L
A68CFC,N521DM,C172,CESSNA 172 Skyhawk,L1P,L
A691FC,N522SR,SR22,CIRRUS SR-22,L1P,L
A69CFC,N525RD,C560,CESSNA 560 Citation Ultra,L2J,M
A6A1FC,N5263C,BE35,BEECH 35 Starfire Bonanza,L1P,L
A6A2FC,N527AN,C172,CESSNA 172 Skyhawk,L1P,L
A6A4FC,N527X,SONX,SONEX AIRCRAFT Sonex,L1P,L
A6A9FC,N5287J,BALL,,B0-,-
A6B2FC,N5301V,UH12,HILLER UH-12,H1P,L
A6B6FC,N5313Y,H500,HUGHES 500,H1T,L
A6BDFC,N5330T,C172,CESSNA 172 Skyhawk,L1P,L
A6C1FC,N5342W,P28A,PIPER PA-28-140/150/160/180,L1P,L
A6C3FC,N535LB,SR22,CIRRUS SR-22,L1P,L
A6C5FC,N5354Z,PA22,PIPER PA-22,L1P,L
A6C7FC,N536P,BE36,BEECH 36 Bonanza,L1P,L
A6CDFC,N53785,CH7B,BELLANCA 7 Citabria,L1P,L
A6CFFC,N538UW,A321,AIRBUS A-321,L2J,M
A6D0FC,N5383X,C180,CESSNA  180 Skywagon,L1P,L
A6D7FC,N540AR,RV10,VANS RV-10,L1P,L
A6D9FC,N540XC,PA11,PIPER PA-11 Cub Special,L1P,L
A6DEFC,N5417M,BE23,BEECH 23 Sundowner,L1P,L
A6E1FC,N5422D,BE35,BEECH 35 Starfire Bonanza,L1P,L
A6F2FC,N547LW,DA42,DIAMOND DA-42 Guardian,L2P,L
A6F4FC,N5475H,C172,CESSNA 172 Skyhawk,L1P,L
A6F6FC,N548PU,C150,CESSNA 150,L1P,L
A6F8FC,N5487L,AA5,AMERICAN AA-5 Tiger,L1P,L
A6FBFC,N5492C,C170,CESSNA 170,L1P,L
A6FCFC,N5499P,PA24,PIPER PA-24 Comanche,L1P,L
A6FDFC,N55KJ,B58T,BEECH 58TC Baron,L2P,L
A700FC,N550SA,B407,BELL 407,H1T,L
A702FC,N55088,P28R,PIPER PA-28R-180/200/201,L1P,L
A709FC,N55253,P28R,PIPER PA-28R-180/200/201,L1P,L
A70DFC,N55376,ST75,STEARMAN Kaydet,L1P,L
A70FFC,N554TM,BE36,BEECH 36 Bonanza,L1P,L
A712FC,N555LD,RV7,VANS RV-7,L1P,L
A718FC,N55664,P28B,PIPER PA-28-201T/235/236,L1P,L
A71AFC,N557S,WACF,WACO F,L1P,L
A71DFC,N558JS,RV4,VANS RV-4,L1P,L
A71FFC,N5583Z,PA22,PIPER PA-22,L1P,L
A72CFC,N5610C,BALL,,B0-,-
A72DFC,N5617P,PA24,PIPER PA-24 Comanche,L1P,L
A72FFC,N562SV,C182,CESSNA 182 Skylane,L1P,L
A731FC,N5629S,BE35,BEECH 35 Starfire Bonanza,L1P,L
A738FC,N5646M,M6,MAULE M-6,L1P,L
A73BFC,N5651D,M6,MAULE M-6,L1P,L
A73DFC,N566J,R66,ROBINSON R-66,H1T,L
A746FC,N5680B,C182,CESSNA 182 Skylane,L1P,L
A74BFC,N5699R,C172,CESSNA 172 Skyhawk,L1P,L
A74EFC,N570FX,CL35,BOMBARDIER BD-100 Challenger 350,L2J,M
A74FFC,N570SC,P28A,PIPER PA-28-140/150/160/180,L1P,L
A75BFC,N5730X,SS2P,ROCKWELL Thrush Commander,L1P,L
A75CFC,N57378,P28A,PIPER PA-28-140/150/160/180,L1P,L
A75FFC,N57420,CH7A,BELLANCA 7 Champion,L1P,L
A761FC,N575LF,EC45,AIRBUS HELICOPTERS EC-145,H2T,L
A767FC,N57666,CH7B,BELLANCA 7 Citabria,L1P,L
A76BFC,N57789,L5,STINSON Sentinel,L1P,L
A770FC,N579MS,RV4,VANS RV-4,L1P,L
A772FC,N57954,AS50,AEROSPATIALE AS-350 Ecureuil,H1T,L
A773FC,N58EJ,BE35,BEECH 35 Starfire Bonanza,L1P,L
A776FC,N580MA,TBM7,SOCATA TBM-700A/B/C,L1T,L
A778FC,N5805N,AC11,NORTH AMERICAN ROCKWELL Commander 112/114,L1P,L
A77BFC,N5810E,C150,CESSNA 150,L1P,L
A77DFC,N582GR,FOX,KITFOX,L1P,L
A780FC,N5829U,P28A,PIPER PA-28-140/150/160/180,L1P,L
A788FC,N585FD,C560,CESSNA 560 Citation Ultra,L2J,M
A78CFC,N586JB,A320,AIRBUS A-320,L2J,M
A78EFC,N5863J,BE35,BEECH 35 Starfire Bonanza,L1P,L
A793FC,N588DS,CH7A,BELLANCA 7 Champion,L1P,L
A796FC,N5887Q,,,,
A79AFC,N5899T,C185,CESSNA 185 Skywagon,L1P,L
A79FFC,N59011,T210,CESSNA T210 Turbo Centurion,L1P,L
A7AAFC,N5930Z,PA22,PIPER PA-22,L1P,L
A7AFFC,N595AB,C680,CESSNA 680 Citation Sovereign,L2J,M
A7B1FC,N595WP,SR22,CIRRUS SR-22,L1P,L
A7C2FC,N6EL,ASTR,GULFSTREAM AEROSPACE Gulfstream G100,L2J,M
A7C4FC,N60AX,LJ60,LEARJET 60,L2J,M
A7C5FC,N60MC,,,,
A7C9FC,N60026,C150,CESSNA 150,L1P,L
A7CAFC,N601AF,CL60,BOMBARDIER CL-600 Challenger,L2J,M
A7CCFC,N601WT,AC90,NORTH AMERICAN ROCKWELL Turbo Commander 690/840,L2T,L
A7CDFC,N60149,BE17,BEECH 17 Staggerwing,L1P,L
A7CEFC,N602DD,T206,CESSNA T206 Turbo Stationair,L1P,L
A7CFFC,N602PK,AT6T,AIR TRACTOR AT-602,L1T,L
A7D2FC,N603GB,,,,
A7D4FC,N60314,C150,CESSNA 150,L1P,L
A7D9FC,N605BS,CL60,BOMBARDIER CL-600 Challenger,L2J,M
A7DFFC,N60602,C150,CESSNA 150,L1P,L
A7E3FC,N60725,C150,CESSNA 150,L1P,L
A7E4FC,N608AE,SR22,CIRRUS SR-22,L1P,L
A7EBFC,N6097A,FB1A,BOWERS Fly Baby 1A,L1P,L
A7ECFC,N61GA,C172,CESSNA 172 Skyhawk,L1P,L
A7EDFC,N61SG,C25A,CESSNA 525A Citation CJ2,L2J,L
A7EEFC,N610CM,RV10,VANS RV-10,L1P,L
A7F1FC,N6106V,BE35,BEECH 35 Starfire Bonanza,L1P,L
A7F4FC,N6111M,BE35,BEECH 35 Starfire Bonanza,L1P,L
A7F7FC,N612UP,B748,BOEING 747-8,L4J,H
A7F8FC,N6123Q,P28A,PIPER PA-28-140/150/160/180,L1P,L
A7F9FC,N613B,BE35,BEECH 35 Starfire Bonanza,L1P,L
A7FAFC,N613MF,BE36,BEECH 36 Bonanza,L1P,L
A7FCFC,N6135T,C150,CESSNA 150,L1P,L
A7FFFC,N6140K,C172,CESSNA 172 Skyhawk,L1P,L
A800FC,N6147W,P28A,PIPER PA-28-140/150/160/180,L1P,L
A802FC,N615TB,ULAC,,L0-,-
A807FC,N6164R,BALL,,B0-,-
A809FC,N617NS,,,,
A80BFC,N6176U,BE35,BEECH 35 Starfire Bonanza,L1P,L
A80FFC,N6188X,SR22,CIRRUS SR-22,L1P,L
A810FC,N619JG,ULAC,,L0-,-
A812FC,N6193P,PA24,PIPER PA-24 Comanche,L1P,L
A815FC,N62XL,AEST,AEROSTAR 600,L2P,L
A817FC,N620TX,C56X,CESSNA 560XL Citation XLS,L2J,M
A81AFC,N621LP,PA32,PIPER PA-32,L1P,L
A81BFC,N621WV,,,,
A81CFC,N6215A,C182,CESSNA 182 Skylane,L1P,L
A81EFC,N622PM,C650,CESSNA 650 Citation,L2J,M
A829FC,N625N,WACO,WACO E/O,L1P,L
A82FFC,N6268E,C172,CESSNA 172 Skyhawk,L1P,L
A83BFC,N63GC,B505,BELL 505 JetRanger X,H1T,L
A83DFC,N630CP,S22T,CIRRUS SR-22T Turbo,L1P,L
A844FC,N63180,C150,CESSNA 150,L1P,L
A84FFC,N6347Y,BALL,,B0-,-
A854FC,N636KW,RV9,VANS RV-9,L1P,L
A856FC,N6364T,,,,
A85BFC,N638FL,P28A,PIPER PA-28-140/150/160/180,L1P,L
A85DFC,N6381N,CH7A,BELLANCA 7 Champion,L1P,L
A861FC,N6393R,C72R,CESSNA 172R Cutlass RG,L1P,L
A862FC,N64BA,PA34,PIPER PA-34 Seneca,L2P,L
A863FC,N64MG,LJ60,LEARJET 60,L2J,M
A86BFC,N6415C,P28A,PIPER PA-28-140/150/160/180,L1P,L
A87FFC,N647HS,DRON,,D0-,-
A882FC,N648AJ,C560,CESSNA 560 Citation Ultra,L2J,M
A889FC,N6497E,C185,CESSNA 185 Skywagon,L1P,L
A88AFC,N65GE,RV6,VANS RV-6,L1P,L
A88BFC,N65SL,SBR1,NORTH AMERICAN Sabre 40/50/60/65,L2J,M
A88CFC,N650CR,FDCT,FLIGHT DESIGN CT,L1P,L
A88FFC,N6506Z,T206,CESSNA T206 Turbo Stationair,L1P,L
A891FC,N651RV,RV7,VANS RV-7,L1P,L
A894FC,N652JM,SR22,CIRRUS SR-22,L1P,L
A898FC,N653MK,GLF5,GULFSTREAM 5,L2J,M
A89DFC,N6540P,PA24,PIPER PA-24 Comanche,L1P,L
A89EFC,N65470,C152,CESSNA 152,L1P,L
A8A1FC,N6552S,PARA,,P0-,-
A8ACFC,N6581Q,,,,
A8ADFC,N65881,J3,PIPER J-3 Cub,L1P,L
A8B2FC,N66MJ,C182,CESSNA 182 Skylane,L1P,L
A8B5FC,N660UA,B763,BOEING 767-300,L2J,H
A8BAFC,N6615E,C175,CESSNA 175 Skylark,L1P,L
A8BBFC,N662DK,GLST,GLASAIR SH-4 GlaStar,L1P,L
A8C0FC,N663SP,C172,CESSNA 172 Skyhawk,L1P,L
A8D0FC,N6673A,C172,CESSNA 172 Skyhawk,L1P,L
A8D2FC,N668LS,SONX,SONEX AIRCRAFT Sonex,L1P,L
A8D8FC,N6697G,C150,CESSNA 150,L1P,L
A8E5FC,N6723W,P28A,PIPER PA-28-140/150/160/180,L1P,L
A8E6FC,N673BF,B762,BOEING 767-200,L2J,H
A8E7FC,N673MM,GLF5,GULFSTREAM 5,L2J,M
A8E9FC,N6735Z,BE36,BEECH 36 Bonanza,L1P,L
A8EDFC,N67472,B06,BELL 206 JetRanger,H1T,L
A8EFFC,N675TH,KMAX,KAMAN K-Max,H1T,L
A8F0FC,N6752U,M20P,MOONEY M-20,L1P,L
A8F2FC,N676L,CH60,ZENAIR CH-600 Zodiac,L1P,L
A8F5FC,N677CS,GLID,,L0-,-
A8F8FC,N67760,C152,CESSNA 152,L1P,L
A8FAFC,N678RW,RV4,VANS RV-4,L1P,L
A900FC,N68BE,R44,ROBINSON R-44 Raven,H1P,L
A90AFC,N682DM,T206,CESSNA T206 Turbo Stationair,L1P,L
A90DFC,N6827K,G164,GRUMMAN G-164 Ag-Cat,L1P,L
A90FFC,N683SR,SR22,CIRRUS SR-22,L1P,L
A915FC,N685C,S108,STINSON 108 Voyager,L1P,L
A918FC,N6856H,J3,PIPER J-3 Cub,L1P,L
A91CFC,N6868L,C182,CESSNA 182 Skylane,L1P,L
A91FFC,N6873C,P32R,PIPER PA-32R-300/301/301T,L1P,L
A920FC,N688AN,SH36,SHORT 360,L2T,M
A922FC,N688X,T6,NORTH AMERICAN T-6 Texan,L1P,L
A924FC,N689DL,B752,BOEING 757-200,L2J,M
A928FC,N69GJ,CH70,ZENAIR CH-701 Stol,L1P,L
A92BFC,N690PA,DRON,,D0-,-
A92DFC,N69063,B764,BOEING 767-400,L2J,H
A93EFC,N695TK,DHC2,DE HAVILLAND DHC-2 Beaver,L1P,L
A93FFC,N6952W,P28A,PIPER PA-28-140/150/160/180,L1P,L
A941FC,N696LB,P28A,PIPER PA-28-140/150/160/180,L1P,L
A942FC,N696WH,BE36,BEECH 36 Bonanza,L1P,L
A945FC,N697P,BE20,BEECH 200 Super King Air,L2T,M
A94BFC,N69885,B739,BOEING 737-900,L2J,M
A950FC,N7MN,HUSK,CHRISTEN Husky,L1P,L
A951FC,N7XU,PA11,PIPER PA-11 Cub Special,L1P,L
A956FC,N7000X,P28R,PIPER PA-28R-180/200/201,L1P,L
A957FC,N70078,ULAC,,L0-,-
A95AFC,N70120,BALL,,B0-,-
A95BFC,N702A,H25B,HAWKER BEECHCRAFT Hawker 750/850,L2J,M
A95CFC,N702LF,EC45,AIRBUS HELICOPTERS EC-145,H2T,L
A95DFC,N702WM,TBM7,SOCATA TBM-700A/B/C,L1T,L
A95EFC,N70243,J3,PIPER J-3 Cub,L1P,L
A963FC,N704FW,C150,CESSNA 150,L1P,L
A970FC,N7070W,P28A,PIPER PA-28-140/150/160/180,L1P,L
A971FC,N70777,J3,PIPER J-3 Cub,L1P,L
A975FC,N709,C180,CESSNA  180 Skywagon,L1P,L
A976FC,N709LE,DRON,,D0-,-
A978FC,N70942,J3,PIPER J-3 Cub,L1P,L
A97FFC,N711CF,C310,CESSNA 310,L2P,L
A985FC,N7121F,C150,CESSNA 150,L1P,L
A986FC,N7128S,C150,CESSNA 150,L1P,L
A987FC,N713JB,S22T,CIRRUS SR-22T Turbo,L1P,L
A98AFC,N714AU,,,,
A98BFC,N714M,C150,CESSNA 150,L1P,L
A991FC,N7157Q,,,,
A993FC,N716SW,B737,BOEING 737-700,L2J,M
A994FC,N7162G,C172,CESSNA 172 Skyhawk,L1P,L
A995FC,N7169T,C172,CESSNA 172 Skyhawk,L1P,L
A998FC,N7174K,PA18,PIPER PA-18 Super Cub,L1P,L
A99CFC,N7186N,R22,ROBINSON R-22 Mariner,H1P,L
A99EFC,N719RJ,BALL,,B0-,-
A99FFC,N7191E,R22,ROBINSON R-22 Mariner,H1P,L
A9A0FC,N7198R,P28A,PIPER PA-28-140/150/160/180,L1P,L
A9A1FC,N72JA,C414,CESSNA 414 Chancellor,L2P,L
A9A5FC,N7200Z,BE99,BEECH 99 Airliner,L2T,L
A9A8FC,N721TR,BE60,BEECH 60 Duke,L2P,L
A9A9FC,N72122,C140,CESSNA 140,L1P,L
A9AAFC,N722AB,,,,
A9ADFC,N72245,C120,CESSNA 120,L1P,L
A9B1FC,N72368,C120,CESSNA 120,L1P,L
A9B7FC,N725VB,EVOP,LANCAIR Evolution Piston,L1P,L
A9B8FC,N72533,C140,CESSNA 140,L1P,L
A9BEFC,N727QS,CL35,BOMBARDIER BD-100 Challenger 350,L2J,M
A9BFFC,N7270Y,C82S,CESSNA T182 Turbo Skylane,L1P,L
A9C7FC,N72944,C120,CESSNA 120,L1P,L
A9C8FC,N73CZ,PA31,PIPER PA-31-300/310/325/350/425,L2P,L
A9CDFC,N7304N,T206,CESSNA T206 Turbo Stationair,L1P,L
A9D3FC,N732RM,C210,CESSNA 201 Centurion,L1P,L
A9DBFC,N734XH,C172,CESSNA 172 Skyhawk,L1P,L
A9DDFC,N735DU,C182,CESSNA 182 Skylane,L1P,L
A9DEFC,N735Q,PA31,PIPER PA-31-300/310/325/350/425,L2P,L
A9E2FC,N736SY,C172,CESSNA 172 Skyhawk,L1P,L
A9E5FC,N737KQ,C172,CESSNA 172 Skyhawk,L1P,L
A9E7FC,N7374M,C175,CESSNA 175 Skylark,L1P,L
A9E8FC,N738CG,C172,CESSNA 172 Skyhawk,L1P,L
A9E9FC,N738NN,C172,CESSNA 172 Skyhawk,L1P,L
A9EBFC,N7386Q,C182,CESSNA 182 Skylane,L1P,L
A9EDFC,N739RL,C172,CESSNA 172 Skyhawk,L1P,L
A9EFFC,N7398T,C172,CESSNA 172 Skyhawk,L1P,L
A9F8FC,N74124,B47G,BELL 47G,H1P,L
A9FDFC,N743DB,C750,CESSNA 750 Citation 10,L2J,M
A9FEFC,N743PH,B407,BELL 407,H1T,L
AA00FC,N7437,PA18,PIPER PA-18 Super Cub,L1P,L
AA01FC,N744G,G44,GRUMMAN G-44 Widgeon,A2P,L
AA07FC,N74535,M20P,MOONEY M-20,L1P,L
AA0FFC,N7478A,C172,CESSNA 172 Skyhawk,L1P,L
AA12FC,N74823,B47G,BELL 47G,H1P,L
AA17FC,N75DA,T210,CESSNA T210 Turbo Centurion,L1P,L
AA18FC,N75PG,BE9L,BEECH 90 King Air,L2T,L
AA1FFC,N751YX,E75L,EMBRAER ERJ-170-200 (long wing),L2J,M
AA20FC,N7516T,C172,CESSNA 172 Skyhawk,L1P,L
AA23FC,N7521K,C180,CESSNA  180 Skywagon,L1P,L
AA24FC,N7528W,P28A,PIPER PA-28-140/150/160/180,L1P,L
AA2BFC,N7545R,P28A,PIPER PA-28-140/150/160/180,L1P,L
AA2CFC,N755DW,J3,PIPER J-3 Cub,L1P,L
AA31FC,N756T,BE35,BEECH 35 Starfire Bonanza,L1P,L
AA32FC,N7562L,COY2,RANS Coyote 2,L1P,L
AA34FC,N757KS,C152,CESSNA 152,L1P,L
AA35FC,N757VY,C82R,CESSNA R182 Skylane RG,L1P,L
AA36FC,N7574P,PA18,PIPER PA-18 Super Cub,L1P,L
AA3CFC,N759RN,C182,CESSNA 182 Skylane,L1P,L
AA3FFC,N76JE,SA10,STOLP SA-100 Starduster,L1P,L
AA44FC,N7608D,BE60,BEECH 60 Duke,L2P,L
AA48FC,N762AF,SA37,SCHWEIZER SA-2-37 Condor,L1P,L
AA4FFC,N7637B,AERK,AERONCA Sea Scout,L1P,L
AA53FC,N7649E,B14A,BELLANCA 14,L1P,L
AA54FC,N765K,WACO,WACO E/O,L1P,L
AA65FC,N76948,C120,CESSNA 120,L1P,L
AA66FC,N77DC,BE36,BEECH 36 Bonanza,L1P,L
AA6BFC,N7704S,CH7A,BELLANCA 7 Champion,L1P,L
AA72FC,N7721M,M22,MOONEY M-22 Mustang,L1P,L
AA73FC,N7728Y,PA30,PIPER PA-30 Twin Comanche,L2P,L
AA74FC,N773JH,RV12,VANS RV-12,L1P,L
AA76FC,N7733Q,C310,CESSNA 310,L2P,L
AA78FC,N774MF,PA31,PIPER PA-31-300/310/325/350/425,L2P,L
AA80FC,N776TB,VELO,Velocity,L1P,L
AA81FC,N7762N,P28A,PIPER PA-28-140/150/160/180,L1P,L
AA82FC,N7769Z,PA25,PIPER PA-25 Pawnee,L1P,L
AA84FC,N777W,P32R,PIPER PA-32R-300/301/301T,L1P,L
AA85FC,N7774R,BE95,BEECH 95 Travel Air,L2P,L
AA89FC,N7786U,C172,CESSNA 172 Skyhawk,L1P,L
AA8EFC,N78JG,BE35,BEECH 35 Starfire Bonanza,L1P,L
AA92FC,N78005,B772,BOEING 777-200,L2J,H
AA9AFC,N7825A,B737,BOEING 737-700,L2J,M
AAA0FC,N784SK,CRJ7,BOMBARDIER Regional Jet CRJ-700,L2J,M
AAA1FC,N78416,J3,PIPER J-3 Cub,L1P,L
AAA5FC,N78539,PA11,PIPER PA-11 Cub Special,L1P,L
AAAAFC,N787ES,RV10,VANS RV-10,L1P,L
AAACFC,N78704,PA12,PIPER PA-12 Super Cruiser,L1P,L
AAADFC,N7878E,GLST,GLASAIR SH-4 GlaStar,L1P,L
AAB0FC,N78827,PA11,PIPER PA-11 Cub Special,L1P,L
AAB4FC,N7895,F260,AERMACCHI SF-260,L1P,L
AAB5FC,N79DE,RF10,FOURNIER RF-10,L1P,L
AAB6FC,N79PL,LA4,LAKE LA-4/200,A1P,L
AABBFC,N791CP,FA50,DASSAULT Falcon 50,L3J,M
AABEFC,N7916X,C172,CESSNA 172 Skyhawk,L1P,L
AAC7FC,N794MH,GLF4,GULFSTREAM 4,L2J,M
AAC9FC,N7945V,C180,CESSNA  180 Skywagon,L1P,L
AAD2FC,N797KW,RV7,VANS RV-7,L1P,L
AAD4FC,N7974T,C175,CESSNA 175 Skylark,L1P,L
AADCFC,N7998Z,C150,CESSNA 150,L1P,L
AADFFC,N80EV,B732,BOEING 737-200,L2J,M
AAE2FC,N800MM,SW3,SWEARINGEN Merlin 3,L2T,L
AAE3FC,N800XT,MX2,MXR MX-2,L1P,L
AAE7FC,N8010R,AT8T,AIR TRACTOR AT-802,L1T,M
AAE9FC,N802HB,AT8T,AIR TRACTOR AT-802,L1T,M
AAEAFC,N802TH,AS50,AEROSPATIALE AS-350 Ecureuil,H1T,L
AAECFC,N80295,C172,CESSNA 172 Skyhawk,L1P,L
AAEEFC,N803WF,S22T,CIRRUS SR-22T Turbo,L1P,L
AAF7FC,N80583,C172,CESSNA 172 Skyhawk,L1P,L
AAFAFC,N8063V,PA18,PIPER PA-18 Super Cub,L1P,L
AAFBFC,N807BE,DRON,,D0-,-
AAFCFC,N807ML,AS50,AEROSPATIALE AS-350 Ecureuil,H1T,L
AAFEFC,N8075Y,PA30,PIPER PA-30 Twin Comanche,L2P,L
AB02FC,N80871,C172,CESSNA 172 Skyhawk,L1P,L
AB05FC,N8092T,C175,CESSNA 175 Skylark,L1P,L
AB0AFC,N810SR,SREY,PROGRESSIVE AERODYNE SeaRey,A1P,L
AB0FFC,N8114E,M20P,MOONEY M-20,L1P,L
AB16FC,N8131,PA31,PIPER PA-31-300/310/325/350/425,L2P,L
AB17FC,N8138L,C152,CESSNA 152,L1P,L
AB1AFC,N8143C,PA22,PIPER PA-22,L1P,L
AB1EFC,N8155F,C150,CESSNA 150,L1P,L
AB22FC,N8167J,UH1,BELL UH-1 Huey,H1T,L
AB25FC,N8172A,C170,CESSNA 170,L1P,L
AB2BFC,N819NE,,,,
AB2FFC,N82RC,,,,
AB30FC,N820BH,C208,CESSNA 208 Caravan,L1T,L
AB33FC,N82051,CH7A,BELLANCA 7 Champion,L1P,L
AB35FC,N821QM,TB30,SOCATA TB-30 Epsilon,L1P,L
AB3AFC,N8222W,P28A,PIPER PA-28-140/150/160/180,L1P,L
AB3BFC,N82297,CH7A,BELLANCA 7 Champion,L1P,L
AB3DFC,N823WH,,,,
AB42FC,N82462,CH7A,BELLANCA 7 Champion,L1P,L
AB49FC,N8263X,C172,CESSNA 172 Skyhawk,L1P,L
AB4DFC,N82750,P28A,PIPER PA-28-140/150/160/180,L1P,L
AB51FC,N82873,CH7A,BELLANCA 7 Champion,L1P,L
AB53FC,N829TJ,C195,CESSNA 195,L1P,L
AB55FC,N82996,CH7A,BELLANCA 7 Champion,L1P,L
AB57FC,N83WG,GLEX,BOMBARDIER BD-700 Global 6000/6500,L2J,M
AB5AFC,N8302D,BE35,BEECH 35 Starfire Bonanza,L1P,L
AB5FFC,N832CB,C650,CESSNA 650 Citation,L2J,M
AB62FC,N8326K,G164,GRUMMAN G-164 Ag-Cat,L1P,L
AB6DFC,N8355H,P32R,PIPER PA-32R-300/301/301T,L1P,L
AB6EFC,N836DN,B739,BOEING 737-900,L2J,M
AB71FC,N8367L,C172,CESSNA 172 Skyhawk,L1P,L
AB73FC,N837SS,RF6,FOURNIER RF-6,L1P,L
AB74FC,N8372C,P28A,PIPER PA-28-140/150/160/180,L1P,L
AB79FC,N839CA,DH8C,DE HAVILLAND DHC-8-300 Dash 8,L2T,M
AB7CFC,N8396J,P32R,PIPER PA-32R-300/301/301T,L1P,L
AB82FC,N84053,CH7A,BELLANCA 7 Champion,L1P,L
AB86FC,N84176,P28A,PIPER PA-28-140/150/160/180,L1P,L
AB8AFC,N84299,C172,CESSNA 172 Skyhawk,L1P,L
AB94FC,N8451W,P28A,PIPER PA-28-140/150/160/180,L1P,L
AB96FC,N846JS,C56X,CESSNA 560XL Citation XLS,L2J,M
AB98FC,N8463Z,C210,CESSNA 201 Centurion,L1P,L
AB9FFC,N8480U,C172,CESSNA 172 Skyhawk,L1P,L
ABA2FC,N849TL,DRON,,D0-,-
ABA4FC,N84998,CH7A,BELLANCA 7 Champion,L1P,L
ABA5FC,N85LC,C185,CESSNA 185 Skywagon,L1P,L
ABA9FC,N8502F,CH2T,ZENAIR CH-2000 Zenith,L1P,L
ABAAFC,N8509S,AT8T,AIR TRACTOR AT-802,L1T,M
ABAEFC,N852CD,SR22,CIRRUS SR-22,L1P,L
ABB1FC,N8526M,AT5T,AIR TRACTOR AT-504,L1T,L
ABC0FC,N8567N,P28B,PIPER PA-28-201T/235/236,L1P,L
ABC3FC,N8572E,CH7A,BELLANCA 7 Champion,L1P,L
ABC8FC,N859CC,BE20,BEECH 200 Super King Air,L2T,M
ABD4FC,N8610X,,,,
ABD5FC,N86178,C337,CESSNA 337 Super Skymaster,L2P,L
ABD8FC,N86220,C337,CESSNA 337 Super Skymaster,L2P,L
ABD9FC,N863A,PP3,PILATUS P-3,L1P,L
ABDCFC,N86343,AR11,AERONCA 11 Chief,L1P,L
ABDFFC,N864ZK,,,,
ABEEFC,N8680W,P28B,PIPER PA-28-201T/235/236,L1P,L
ABF0FC,N869HG,,,,
ABF3FC,N87,CL60,BOMBARDIER CL-600 Challenger,L2J,M
ABF4FC,N87LE,SR20,CIRRUS SR-20,L1P,L
ABF9FC,N8709U,C172,CESSNA 172 Skyhawk,L1P,L
AC01FC,N873FD,B77L,BOEING 777-200LR,L2J,H
AC03FC,N8731F,DRON,,D0-,-
AC07FC,N8743J,ULAC,,L0-,-
AC09FC,N875M,B06,BELL 206 JetRanger,H1T,L
AC0BFC,N8755M,BE23,BEECH 23 Sundowner,L1P,L
AC11FC,N877SW,A109,AGUSTA AW-109 Grand,H2T,L
AC13FC,N8779T,C182,CESSNA 182 Skylane,L1P,L
AC1AFC,N8796N,P28A,PIPER PA-28-140/150/160/180,L1P,L
AC1BFC,N88FC,RV8,VANS RV-8,L1P,L
AC1CFC,N88RJ,,,,
AC20FC,N88057,CH7B,BELLANCA 7 Citabria,L1P,L
AC27FC,N88222,J3,PIPER J-3 Cub,L1P,L
AC2BFC,N88345,CH7B,BELLANCA 7 Citabria,L1P,L
AC2CFC,N884D,RV8,VANS RV-8,L1P,L
AC32FC,N88510,J3,PIPER J-3 Cub,L1P,L
AC3BFC,N888EL,,,,
AC3DFC,N8880Y,PA30,PIPER PA-30 Twin Comanche,L2P,L
AC42FC,N89AA,F900,DASSAULT Falcon 900,L3J,M
AC4BFC,N8914N,PA32,PIPER PA-32,L1P,L
AC4CFC,N892CH,GLF5,GULFSTREAM 5,L2J,M
AC51FC,N893RM,ULAC,,L0-,-
AC53FC,N8938U,C150,CESSNA 150,L1P,L
AC5AFC,N8955P,PA24,PIPER PA-24 Comanche,L1P,L
AC5EFC,N8967S,C150,CESSNA 150,L1P,L
AC61FC,N8972J,P28A,PIPER PA-28-140/150/160/180,L1P,L
AC62FC,N8979V,C172,CESSNA 172 Skyhawk,L1P,L
AC67FC,N899NN,B738,BOEING 737-800,L2J,M
AC6BFC,N9RL,C182,CESSNA 182 Skylane,L1P,L
AC6CFC,N90BR,BALL,,B0-,-
AC6DFC,N90MX,EVSS,EVEKTOR SportStar,L1P,L
AC6EFC,N90YC,F900,DASSAULT Falcon 900,L3J,M
AC6FFC,N900JH,PTMS,PITTS S-12 Super Stinker,L1P,L
AC70FC,N900UP,C750,CESSNA 750 Citation 10,L2J,M
AC71FC,N9003Q,ULAC,,L0-,-
AC72FC,N901B,GAZL,AEROSPATIALE SA-341 Gazelle,H1T,L
AC74FC,N901XM,A109,AGUSTA AW-109 Grand,H2T,L
AC79FC,N9027W,P28B,PIPER PA-28-201T/235/236,L1P,L
AC7AFC,N903GW,C25A,CESSNA 525A Citation CJ2,L2J,L
AC7CFC,N9032N,ULAC,,L0-,-
AC7DFC,N9039Z,T28,NORTH AMERICAN T-28,L1P,L
AC80FC,N9044R,GLID,,L0-,-
AC85FC,N906FJ,CRJ9,BOMBARDIER Regional Jet CRJ-900,L2J,M
AC87FC,N9061L,ACAM,LEZA Air Cam,L2P,L
AC88FC,N9068X,C182,CESSNA 182 Skylane,L1P,L
AC92FC,N9090J,PA46,PIPER PA-46-310/350,L1P,L
AC93FC,N9097V,M20P,MOONEY M-20,L1P,L
AC95FC,N91TA,B06,BELL 206 JetRanger,H1T,L
AC96FC,N910DF,C650,CESSNA 650 Citation,L2J,M
AC99FC,N9107D,PA18,PIPER PA-18 Super Cub,L1P,L
AC9CFC,N91116,C207,CESSNA 207 Turbo Stationair,L1P,L
AC9DFC,N9119G,C182,CESSNA 182 Skylane,L1P,L
AC9EFC,N912KB,ULAC,,L0-,-
ACA0FC,N91239,,,,
ACA4FC,N9136B,M20P,MOONEY M-20,L1P,L
ACA9FC,N915HQ,C208,CESSNA 208 Caravan,L1T,L
ACACFC,N916AG,E300,EXTRA EA-300/330/350,L1P,L
ACB3FC,N9177C,C180,CESSNA  180 Skywagon,L1P,L
ACB4FC,N918GC,Y18T,YAKOVLEV Yak-18T,L1P,L
ACB5FC,N918SJ,GALX,GULFSTREAM G200,L2J,M
ACB6FC,N91815,GLID,,L0-,-
ACBBFC,N92BT,PTS2,PITTS S-2 Special,L1P,L
ACBCFC,N92MZ,PC12,PILATUS PC-12,L1T,L
ACC3FC,N921XP,M20P,MOONEY M-20,L1P,L
ACC4FC,N9215V,M20P,MOONEY M-20,L1P,L
ACC7FC,N9220M,M20P,MOONEY M-20,L1P,L
ACCDFC,N924KW,GALX,GULFSTREAM G200,L2J,M
ACD2FC,N925Z,M7,MAULE M-7,L1P,L
ACDBFC,N928BA,AT8T,AIR TRACTOR AT-802,L1T,M
ACDFFC,N929DZ,B739,BOEING 737-900,L2J,M
ACE2FC,N9297X,C182,CESSNA 182 Skylane,L1P,L
ACE4FC,N93TC,HUSK,CHRISTEN Husky,L1P,L
ACE5FC,N930DH,TBM7,SOCATA TBM-700A/B/C,L1T,L
ACECFC,N9319J,P28A,PIPER PA-28-140/150/160/180,L1P,L
ACEFFC,N9324A,C195,CESSNA 195,L1P,L
ACF0FC,N933BW,,,,
ACF3FC,N9336D,PA22,PIPER PA-22,L1P,L
ACFAFC,N93529,C152,CESSNA 152,L1P,L
ACFEFC,N9365B,C175,CESSNA 175 Skylark,L1P,L
AD05FC,N93817,ERCO,AIR PRODUCTS F-1 Aircoupe,L1P,L
AD0BFC,N94NA,P28R,PIPER PA-28R-180/200/201,L1P,L
AD0DFC,N940JM,BE40,BEECH 400 Beechjet,L2J,M
AD0FFC,N9403U,C150,CESSNA 150,L1P,L
AD13FC,N9415X,C210,CESSNA 201 Centurion,L1P,L
AD17FC,N94270,C152,CESSNA 152,L1P,L
AD19FC,N943TF,C550,CESSNA 550 Citation S2,L2J,L
AD22FC,N9456Y,BE35,BEECH 35 Starfire Bonanza,L1P,L
AD25FC,N9461Q,BE35,BEECH 35 Starfire Bonanza,L1P,L
AD28FC,N947US,DA40,DIAMOND DA-40 Club Star,L1P,L
AD29FC,N9473T,PARA,,P0-,-
AD2AFC,N948BC,PA23,PIPER PA-23,L2P,L
AD33FC,N95TE,C680,CESSNA 680 Citation Sovereign,L2J,M
AD34FC,N950DK,YK50,YAKOVLEV Yak-50,L1P,L
AD37FC,N9507H,RELI,STINSON Reliant,L1P,L
AD38FC,N951GH,RV8,VANS RV-8,L1P,L
AD3AFC,N9512,GLST,GLASAIR SH-4 GlaStar,L1P,L
AD42FC,N9536F,C206,CESSNA  206 Stationair,L1P,L
AD44FC,N954RB,RV6,VANS RV-6,L1P,L
AD46FC,N9548J,P28A,PIPER PA-28-140/150/160/180,L1P,L
AD49FC,N9553A,C72R,CESSNA 172R Cutlass RG,L1P,L
AD4EFC,N957DJ,GLAS,Glasair,L1P,L
AD4FFC,N957PQ,BE58,BEECH 58 Baron,L2P,L
AD55FC,N9589K,S108,STINSON 108 Voyager,L1P,L
AD58FC,N9594B,C208,CESSNA 208 Caravan,L1T,L
AD5CFC,N960JP,BE20,BEECH 200 Super King Air,L2T,M
AD5EFC,N9603W,P28A,PIPER PA-28-140/150/160/180,L1P,L
AD60FC,N961MM,LJ45,LEARJET 45,L2J,M
AD62FC,N9615Z,,,,
AD69FC,N9632U,AA1,AMERICAN AA-1,L1P,L
AD6CFC,N964WF,C82T,CESSNA TR182 Turbo Skylane RG,L1P,L
AD75FC,N96683,C182,CESSNA 182 Skylane,L1P,L
AD78FC,N9673V,C172,CESSNA 172 Skyhawk,L1P,L
AD7CFC,N9685Y,BE35,BEECH 35 Starfire Bonanza,L1P,L
AD7FFC,N9690Q,C172,CESSNA 172 Skyhawk,L1P,L
AD81FC,N97HA,C208,CESSNA 208 Caravan,L1T,L
AD83FC,N970DM,C25B,CESSNA 525B Citation CJ3,L2J,L
AD84FC,N970PT,C25B,CESSNA 525B Citation CJ3,L2J,L
AD88FC,N971SR,SR20,CIRRUS SR-20,L1P,L
AD89FC,N9712B,C180,CESSNA  180 Skywagon,L1P,L
AD8DFC,N9724E,AR11,AERONCA 11 Chief,L1P,L
AD8EFC,N973C,S108,STINSON 108 Voyager,L1P,L
AD91FC,N9736H,C82R,CESSNA R182 Skylane RG,L1P,L
AD99FC,N976AN,B738,BOEING 737-800,L2J,M
ADA0FC,N9777J,P28A,PIPER PA-28-140/150/160/180,L1P,L
ADA4FC,N9789M,M20P,MOONEY M-20,L1P,L
ADA8FC,N98BZ,DV20,DIAMOND DA-20,L1P,L
ADADFC,N9803Y,CH7B,BELLANCA 7 Citabria,L1P,L
ADAFFC,N981MP,LGEZ,RUTAN Long-EZ,L1P,L
ADB1FC,N98151,P28A,PIPER PA-28-140/150/160/180,L1P,L
ADB4FC,N9820T,C172,CESSNA 172 Skyhawk,L1P,L
ADB5FC,N98274,J3,PIPER J-3 Cub,L1P,L
ADB8FC,N9832W,P28A,PIPER PA-28-140/150/160/180,L1P,L
ADB9FC,N98397,J3,PIPER J-3 Cub,L1P,L
ADBEFC,N985P,DHC2,DE HAVILLAND DHC-2 Beaver,L1P,L
ADC3FC,N9861U,AA5,AMERICAN AA-5 Tiger,L1P,L
ADC7FC,N9873X,C185,CESSNA 185 Skywagon,L1P,L
ADD0FC,N99HC,PA11,PIPER PA-11 Cub Special,L1P,L
ADD1FC,N99TJ,WAIX,SONEX Waiex,L1P,L
ADD2FC,N990DP,P46T,PIPER PA-46-500TP,L1T,L
ADD6FC,N991GM,T6,NORTH AMERICAN T-6 Texan,L1P,L
ADD7FC,N991ST,A119,AGUSTA AW-119 Koala,H1T,L
ADD8FC,N9912D,M7,MAULE M-7,L1P,L
ADD9FC,N9919Q,C172,CESSNA 172 Skyhawk,L1P,L
ADDDFC,N993CB,BE9L,BEECH 90 King Air,L2T,L
ADE1FC,N994F,C208,CESSNA 208 Caravan,L1T,L
ADE3FC,N9941B,C182,CESSNA 182 Skylane,L1P,L
ADE7FC,N9953E,C182,CESSNA 182 Skylane,L1P,L
ADF6FC,N9994F,GLID,,L0-,-
ADFCFC,95-0048,BE40,BEECH 400 Beechjet,L2J,M
ADFFFC,70-1585,T38,NORTHROP T-38 Talon,L2J,L
AE00FC,65-10381,T38,NORTHROP T-38 Talon,L2J,L
AE01FC,98-3036,TEX2,BEECHCRAFT T-6 Texan 2,L1T,L
AE03FC,84-0176,BE20,BEECH 200 Super King Air,L2T,M
AE04FC,58-0011,K35R,BOEING KC-135R/T Stratotanker,L4J,H
AE05FC,64-14864,C130,LOCKHEED C-130 Hercules,L4T,M
AE07FC,98-0050,C17,BOEING C-17 Globemaster 3,L4J,H
AE08FC,84-24379,BE20,BEECH 200 Super King Air,L2T,M
AE09FC,95-26660,H60,SIKORSKY UH-60 Black Hawk,H2T,M
AE0AFC,87-24624,H60,SIKORSKY UH-60 Black Hawk,H2T,M
AE0BFC,86-24523,H60,SIKORSKY UH-60 Black Hawk,H2T,M
AE0EFC,85-24431,H60,SIKORSKY UH-60 Black Hawk,H2T,M
AE10FC,01-3608,TEX2,BEECHCRAFT T-6 Texan 2,L1T,L
AE13FC,05-3773,TEX2,BEECHCRAFT T-6 Texan 2,L1T,L
AE18FC,79-0121,A10,FAIRCHILD A-10 Thunderbolt II,L2J,M
AE1BFC,04-08703,H47,BOEING-VERTOL CH-47 Chinook,H2T,M
AE1CFC,158225,P3,LOCKHEED P-3 Orion,L4T,M
AE1FFC,12-72237,EC45,AIRBUS HELICOPTERS EC-145,H2T,L
AE21FC,01-26889,H60,SIKORSKY UH-60 Black Hawk,H2T,M
AE24FC,166506,E2,NORTHROP GRUMMAN E-2 Hawkeye,L2T,M
AE27FC,6011,H60,SIKORSKY UH-60 Black Hawk,H2T,M
AE29FC,168205,B350,BEECHCRAFT Super King Air 350,L2T,M
AE2BFC,166585,H60,SIKORSKY UH-60 Black Hawk,H2T,M
AE2EFC,166127,TEX2,BEECHCRAFT T-6 Texan 2,L1T,L
AE47FC,07-20063,H60,SIKORSKY UH-60 Black Hawk,H2T,M
AE4AFC,08-5691,C30J,LOCKHEED MARTIN C-130J Super Hercules,L4T,M
AE4CFC,10-27028,C27J,ALENIA C-27J Spartan,L2T,M
AE4FFC,168172,H60,SIKORSKY UH-60 Black Hawk,H2T,M
AE52FC,12-08108,H47,BOEING-VERTOL CH-47 Chinook,H2T,M
AE53FC,12-00278,B350,BEECHCRAFT Super King Air 350,L2T,M
AE59FC,16-08203,H47,BOEING-VERTOL CH-47 Chinook,H2T,M
AE5DFC,16-5840,C30J,LOCKHEED MARTIN C-130J Super Hercules,L4T,M
AE5EFC,162816,B06,BELL 206 JetRanger,H1T,L
AE61FC,18-5879,C30J,LOCKHEED MARTIN C-130J Super Hercules,L4T,M
AE63FC,68-8150,T38,NORTHROP T-38 Talon,L2J,L
AE65FC,18-03234,H64,MCDONNELL DOUGLAS AH-64 Apache,H2T,M
C000FC,C-FAJR,PA31,PIPER PA-31-300/310/325/350/425,L2P,L
C002FC,C-FBDJ,BALL,,B0-,-
C003FC,C-FBNF,AT5T,AIR TRACTOR AT-504,L1T,L
C004FC,C-FBXB,CH7A,BELLANCA 7 Champion,L1P,L
C007FC,C-FDAP,J3,PIPER J-3 Cub,L1P,L
C008FC,C-FDKL,B505,BELL 505 JetRanger X,H1T,L
C009FC,C-FDUH,GLID,,L0-,-
C00BFC,C-FENZ,,,,
C00DFC,C-FFHR,DHC2,DE HAVILLAND DHC-2 Beaver,L1P,L
C00EFC,C-FFRN,,,,
C00FFC,C-FGBJ,PA12,PIPER PA-12 Super Cruiser,L1P,L
C010FC,C-FGLF,DHC6,DE HAVILLAND DHC-6 Twin Otter,L2T,L
C011FC,C-FGVB,PA18,PIPER PA-18 Super Cub,L1P,L
C013FC,C-FHOT,ANSN,AVRO 652 Anson,L2P,L
C014FC,C-FHYP,PA31,PIPER PA-31-300/310/325/350/425,L2P,L
C015FC,C-FIIL,AC90,NORTH AMERICAN ROCKWELL Turbo Commander 690/840,L2T,L
C016FC,C-FISH,MR35,MURPHY SR-3500 Super Rebel,L1P,L
C017FC,C-FJCD,M6,MAULE M-6,L1P,L
C019FC,C-FJVV,DH8C,DE HAVILLAND DHC-8-300 Dash 8,L2T,M
C01AFC,C-FKFR,PA22,PIPER PA-22,L1P,L
C01DFC,C-FLJF,AR11,AERONCA 11 Chief,L1P,L
C01EFC,C-FLTB,DV20,DIAMOND DA-20,L1P,L
C01FFC,C-FMCX,AC90,NORTH AMERICAN ROCKWELL Turbo Commander 690/840,L2T,L
C020FC,C-FMMT,PA34,PIPER PA-34 Seneca,L2P,L
C021FC,C-FMWP,B763,BOEING 767-300,L2J,H
C022FC,C-FNGL,TAYA,TAYLORCRAFT A,L1P,L
C023FC,C-FNQH,AT5T,AIR TRACTOR AT-504,L1T,L
C024FC,C-FOAD,C750,CESSNA 750 Citation 10,L2J,M
C025FC,C-FOJZ,CRJ9,BOMBARDIER Regional Jet CRJ-900,L2J,M
C026FC,C-FOTV,ZZZZ,,-0-,-
C027FC,C-FPDR,BCS1,AIRBUS A220-100,L2J,M
C029FC,C-FPXJ,C172,CESSNA 172 Skyhawk,L1P,L
C02CFC,C-FRAX,B38M,BOEING 737 MAX 8,L2J,M
C02DFC,C-FRKT,C172,CESSNA 172 Skyhawk,L1P,L
C030FC,C-FSOH,AR11,AERONCA 11 Chief,L1P,L
C032FC,C-FTHZ,AS50,AEROSPATIALE AS-350 Ecureuil,H1T,L
C033FC,C-FTRV,,,,
C035FC,C-FULN,GLID,,L0-,-
C036FC,C-FUVJ,BL8,BELLANCA 8 Decathlon,L1P,L
C037FC,C-FVFF,C170,CESSNA 170,L1P,L
C039FC,C-FVYX,C150,CESSNA 150,L1P,L
C03AFC,C-FWIT,C150,CESSNA 150,L1P,L
C03BFC,C-FWSP,CH20,ZENAIR CH-200 Zenith,L1P,L
C03CFC,C-FXCL,C208,CESSNA 208 Caravan,L1T,L
C03DFC,C-FXMH,GC1,GLOBE Swift,L1P,L
C03EFC,C-FXWD,C182,CESSNA 182 Skylane,L1P,L
C040FC,C-FYPV,P28A,PIPER PA-28-140/150/160/180,L1P,L
C041FC,C-FYZR,B412,BELL 412,H2T,L
C042FC,C-FZJN,P28A,PIPER PA-28-140/150/160/180,L1P,L
C044FC,C-GADF,C172,CESSNA 172 Skyhawk,L1P,L
C045FC,C-GANB,G164,GRUMMAN G-164 Ag-Cat,L1P,L
C046FC,C-GAWX,EXEC,ROTORWAY Exec,H1P,L
C047FC,C-GBGT,AS50,AEROSPATIALE AS-350 Ecureuil,H1T,L
C048FC,C-GBQP,AEST,AEROSTAR 600,L2P,L
C049FC,C-GCAL,C182,CESSNA 182 Skylane,L1P,L
C04BFC,C-GCUD,CH20,ZENAIR CH-200 Zenith,L1P,L
C04CFC,C-GDDZ,CH70,ZENAIR CH-701 Stol,L1P,L
C04EFC,C-GDXR,GLID,,L0-,-
C04FFC,C-GEHN,C177,CESSNA  177 Cardinal,L1P,L
C052FC,C-GFLB,C82R,CESSNA R182 Skylane RG,L1P,L
C053FC,C-GFUX,C182,CESSNA 182 Skylane,L1P,L
C054FC,C-GGET,J3,PIPER J-3 Cub,L1P,L
C055FC,C-GGOP,RAF2,ROTARY AIR FORCE RAF-2000,G1P,L
C056FC,C-GGYL,C150,CESSNA 150,L1P,L
C057FC,C-GHIH,,,,
C058FC,C-GHSD,CH20,ZENAIR CH-200 Zenith,L1P,L
C05AFC,C-GILV,PA31,PIPER PA-31-300/310/325/350/425,L2P,L
C05BFC,C-GIVR,BALL,,B0-,-
C05CFC,C-GJFN,RALL,SOCATA Rallye,L1P,L
C05DFC,C-GJPJ,C152,CESSNA 152,L1P,L
C05EFC,C-GJZF,DH8D,DE HAVILLAND DHC-8-400 Dash 8,L2T,M
C05FFC,C-GKJB,C185,CESSNA 185 Skywagon,L1P,L
C060FC,C-GKSX,PA31,PIPER PA-31-300/310/325/350/425,L2P,L
C061FC,C-GLCT,C182,CESSNA 182 Skylane,L1P,L
C062FC,C-GLMP,,,,
C063FC,C-GLWL,PA31,PIPER PA-31-300/310/325/350/425,L2P,L
C064FC,C-GMGH,O1,CESSNA 305/341 Bird Dog,L1P,L
C065FC,C-GMQD,SS2T,TRUSH Turbo Thrush 500/550,L1T,L
C066FC,C-GMZZ,DG80,DG FLUGZEUGBAU DG-800,L1P,L
C068FC,C-GNTR,F900,DASSAULT Falcon 900,L3J,M
C069FC,C-GODN,AA1,AMERICAN AA-1,L1P,L
C06AFC,C-GONJ,DH8A,DE HAVILLAND DHC-8-100 Dash 8,L2T,M
C06BFC,C-GOXF,C170,CESSNA 170,L1P,L
C06CFC,C-GPHB,H500,HUGHES 500,H1T,L
C06DFC,C-GPQX,PIVI,PIPSTREL Virus,L1P,L
C071FC,C-GREH,C337,CESSNA 337 Super Skymaster,L2P,L
C072FC,C-GROD,C206,CESSNA  206 Stationair,L1P,L
C075FC,C-GSRR,AT43,ATR-42-300,L2T,M
C077FC,C-GTLJ,SR20,CIRRUS SR-20,L1P,L
C079FC,C-GUFB,C172,CESSNA 172 Skyhawk,L1P,L
C07AFC,C-GUOX,,,,
C07BFC,C-GUYT,C172,CESSNA 172 Skyhawk,L1P,L
C07CFC,C-GVIP,BE23,BEECH 23 Sundowner,L1P,L
C07DFC,C-GVSL,GLID,,L0-,-
C07EFC,C-GWCH,C150,CESSNA 150,L1P,L
C07FFC,C-GWMD,RV7,VANS RV-7,L1P,L
C080FC,C-GWVZ,C182,CESSNA 182 Skylane,L1P,L
C081FC,C-GXFV,C150,CESSNA 150,L1P,L
C083FC,C-GXZN,,,,
C084FC,C-GYJJ,C152,CESSNA 152,L1P,L
C085FC,C-GYTF,C185,CESSNA 185 Skywagon,L1P,L
C086FC,C-GZDB,C172,CESSNA 172 Skyhawk,L1P,L
C088FC,C-GZWT,C182,CESSNA 182 Skylane,L1P,L
C08AFC,C-IAQL,,,,
C08BFC,C-IBAH,ULAC,,L0-,-
C08DFC,C-IBTZ,,,,
C08FFC,C-ICNR,MAME,BLUE YONDER Merlin,L1P,L
C090FC,C-ICXN,ULAC,,L0-,-
C091FC,C-IDHJ,CHIN,ASAP Chinook,L1P,L
C092FC,C-IDRF,CHIN,ASAP Chinook,L1P,L
C093FC,C-IEBB,ULAC,,L0-,-
C094FC,C-IEKX,PARA,,P0-,-
C095FC,C-IEUT,ULAC,,L0-,-
C096FC,C-IFEP,PARA,,P0-,-
C099FC,C-IGID,,,,
C09AFC,C-IGRZ,ULAC,,L0-,-
C09BFC,C-IHBV,,,,
C09CFC,C-IHLR,PARA,,P0-,-
C09DFC,C-IHVN,ULAC,,L0-,-
C09EFC,C-IIFJ,PARA,,P0-,-
C0A1FC,C-IJIX,PARA,,P0-,-
C0A3FC,C-IKCP,,,,
C0A6FC,C-ILGD,PARA,,P0-,-
C0A7FC,C-ILPZ,,,,
C0A8FC,C-ILZV,,,,
C0AAFC,C-IMTN,CAD2,DELISLE Cadi,L1P,L
C0BCFC,C-ITOT,,,,
C1E4FC,SERV,SERV,,V0-,-
C800FC,ZK-BPG,PA18,PIPER PA-18 Super Cub,L1P,L
C801FC,ZK-CRS,ZZZZ,,-0-,-
C802FC,ZK-DKC,C172,CESSNA 172 Skyhawk,L1P,L
C803FC,ZK-EHP,C150,CESSNA 150,L1P,L
C809FC,ZK-CLS,GY20,CAB GY-20 Minicab,L1P,L
C80BFC,ZK-HXQ,B06,BELL 206 JetRanger,H1T,L
C811FC,ZK-HPT,R22,ROBINSON R-22 Mariner,H1P,L
C818FC,ZK-IBB,B06,BELL 206 JetRanger,H1T,L
C819FC,ZK-JBF,ZZZZ,,-0-,-
C81AFC,ZK-GAJ,GLID,,L0-,-
C81BFC,ZK-HLX,R22,ROBINSON R-22 Mariner,H1P,L
C81CFC,ZK-PXI,ZZZZ,,-0-,-
C81FFC,ZK-SKF,AT5T,AIR TRACTOR AT-504,L1T,L
C820FC,ZK-LDW,C182,CESSNA 182 Skylane,L1P,L
C821FC,ZK-PAL,PA22,PIPER PA-22,L1P,L
C822FC,ZK-MJO,SR22,CIRRUS SR-22,L1P,L
C823FC,ZK-IMB,B06,BELL 206 JetRanger,H1T,L
C827FC,ZK-NEX,SONX,SONEX AIRCRAFT Sonex,L1P,L
C828FC,ZK-HDB,AS50,AEROSPATIALE AS-350 Ecureuil,H1T,L
E47DFC,PT-YZB,EC35,AIRBUS HELICOPTERS EC-135/635,H2T,L
E47FFC,PR-TRJ,C56X,CESSNA 560XL Citation XLS,L2J,M
E483FC,PP-BAF,BE9L,BEECH 90 King Air,L2T,L
E48AFC,PR-AXB,E195,EMBRAER ERJ-190-200,L2J,M
E48CFC,PR-JBI,S92,SIKORSKY S-92 Helibus,H2T,M
E48EFC,PR-AXY,E190,EMBRAER ERJ-190-100,L2J,M
E492FC,PR-HFT,C25M,CESSNA 525 Citation M2,L2J,L
E495FC,PS-AED,E295,EMBRAER ERJ-190-400,L2J,M
E496FC,PS-DOR,E55P,EMBRAER EMB-505 Phenom 300,L2J,M
E808FC,CC-DPH,C25A,CESSNA 525A Citation CJ2,L2J,L
E880FC,ZP-GCC,DA62,DIAMOND DA-62,L2P,L
E88FFC,ZP-BGQ,C182,CESSNA 182 Skylane,L1P,L
